mz,abundance
700.03,2
700.09,2
700.149,2
700.209,1
700.268,0
700.328,0
700.388,0
700.447,1
700.507,1
700.566,3
700.626,3
700.685,3
700.745,4
700.805,2
700.864,2
700.924,1
700.983,0
701.043,0
701.103,0
701.162,0
701.222,0
701.281,1
701.341,2
701.401,5
701.46,7
701.52,12
701.579,16
701.639,17
701.699,17
701.758,12
701.818,9
701.877,8
701.937,6
701.997,6
702.056,4
702.116,1
702.176,2
702.235,1
702.295,1
702.355,3
702.414,3
702.474,5
702.534,6
702.593,5
702.653,5
702.713,9
702.772,7
702.832,7
702.892,6
702.951,3
703.011,3
703.071,1
703.13,0
703.19,0
703.25,0
703.309,0
703.369,0
703.429,0
703.488,3
703.548,3
703.608,3
703.668,5
703.727,2
703.787,3
703.847,3
703.906,6
703.966,5
704.026,4
704.086,3
704.145,1
704.205,1
704.265,0
704.324,0
704.384,2
704.444,2
704.504,2
704.563,2
704.623,1
704.683,1
704.743,1
704.802,1
704.862,0
704.922,1
704.982,1
705.041,1
705.101,1
705.161,0
705.221,4
705.281,5
705.34,8
705.4,9
705.46,10
705.52,9
705.579,7
705.639,6
705.699,1
705.759,1
705.819,1
705.878,2
705.938,2
705.998,2
706.058,1
706.118,1
706.178,3
706.237,3
706.297,3
706.357,2
706.417,2
706.477,2
706.536,2
706.596,2
706.656,0
706.716,1
706.776,2
706.836,2
706.895,2
706.955,2
707.015,1
707.075,1
707.135,1
707.195,2
707.255,4
707.314,7
707.374,12
707.434,11
707.494,10
707.554,7
707.614,6
707.674,5
707.734,4
707.793,4
707.853,0
707.913,0
707.973,3
708.033,3
708.093,3
708.153,3
708.213,2
708.273,2
708.332,2
708.392,2
708.452,3
708.512,3
708.572,5
708.632,5
708.692,7
708.752,6
708.812,5
708.872,5
708.932,3
708.992,3
709.052,2
709.112,1
709.171,2
709.231,2
709.291,1
709.351,1
709.411,1
709.471,3
709.531,5
709.591,7
709.651,9
709.711,7
709.771,5
709.831,3
709.891,1
709.951,2
710.011,4
710.071,4
710.131,4
710.191,3
710.251,1
710.311,1
710.371,0
710.431,0
710.491,2
710.551,2
710.611,4
710.671,4
710.731,3
710.791,3
710.851,1
710.911,2
710.971,1
711.031,1
711.091,2
711.151,1
711.211,2
711.271,3
711.331,2
711.391,2
711.451,1
711.511,0
711.571,0
711.631,1
711.691,1
711.751,2
711.811,2
711.871,1
711.932,3
711.992,2
712.052,3
712.112,3
712.172,1
712.232,1
712.292,0
712.352,0
712.412,1
712.472,2
712.532,2
712.592,2
712.652,2
712.713,2
712.773,2
712.833,2
712.893,2
712.953,2
713.013,6
713.073,6
713.133,5
713.193,4
713.253,0
713.314,1
713.374,2
713.434,2
713.494,2
713.554,1
713.614,2
713.674,2
713.734,2
713.795,2
713.855,2
713.915,2
713.975,3
714.035,3
714.095,2
714.156,4
714.216,4
714.276,4
714.336,4
714.396,2
714.456,2
714.517,2
714.577,1
714.637,1
714.697,2
714.757,2
714.817,3
714.878,4
714.938,4
714.998,6
715.058,7
715.118,9
715.179,12
715.239,11
715.299,11
715.359,9
715.419,2
715.48,2
715.54,2
715.6,2
715.66,2
715.72,2
715.781,2
715.841,2
715.901,2
715.961,2
716.022,1
716.082,3
716.142,2
716.202,4
716.263,7
716.323,8
716.383,10
716.443,9
716.504,8
716.564,6
716.624,5
716.684,4
716.745,6
716.805,5
716.865,6
716.925,6
716.986,2
717.046,2
717.106,0
717.166,0
717.227,1
717.287,1
717.347,1
717.408,1
717.468,1
717.528,1
717.589,2
717.649,2
717.709,2
717.769,3
717.83,3
717.89,3
717.95,2
718.011,3
718.071,2
718.131,2
718.192,2
718.252,0
718.312,0
718.373,0
718.433,0
718.493,0
718.554,0
718.614,0
718.674,2
718.735,2
718.795,3
718.855,3
718.916,3
718.976,3
719.037,2
719.097,2
719.157,0
719.218,0
719.278,1
719.338,1
719.399,1
719.459,2
719.52,3
719.58,4
719.64,6
719.701,5
719.761,7
719.821,6
719.882,6
719.942,5
720.003,5
720.063,4
720.123,2
720.184,2
720.244,6
720.305,6
720.365,6
720.426,8
720.486,9
720.546,11
720.607,13
720.667,12
720.728,7
720.788,7
720.849,5
720.909,4
720.969,3
721.03,1
721.09,0
721.151,0
721.211,1
721.272,1
721.332,1
721.393,1
721.453,0
721.514,0
721.574,1
721.635,1
721.695,1
721.755,1
721.816,0
721.876,0
721.937,1
721.997,1
722.058,1
722.118,1
722.179,0
722.239,0
722.3,2
722.36,5
722.421,8
722.481,11
722.542,15
722.602,12
722.663,10
722.723,7
722.784,3
722.844,3
722.905,2
722.966,2
723.026,0
723.087,0
723.147,1
723.208,2
723.268,3
723.329,3
723.389,2
723.45,1
723.51,1
723.571,2
723.632,2
723.692,2
723.753,2
723.813,2
723.874,2
723.934,2
723.995,1
724.055,1
724.116,2
724.177,2
724.237,2
724.298,2
724.358,1
724.419,1
724.48,2
724.54,1
724.601,3
724.661,3
724.722,2
724.783,2
724.843,0
724.904,0
724.964,1
725.025,1
725.086,1
725.146,1
725.207,1
725.268,2
725.328,2
725.389,2
725.449,1
725.51,0
725.571,0
725.631,0
725.692,0
725.753,0
725.813,0
725.874,1
725.935,3
725.995,4
726.056,7
726.117,6
726.177,4
726.238,4
726.299,1
726.359,1
726.42,1
726.481,1
726.541,2
726.602,3
726.663,6
726.723,6
726.784,9
726.845,9
726.905,7
726.966,7
727.027,5
727.087,7
727.148,5
727.209,6
727.27,7
727.33,6
727.391,7
727.452,7
727.512,9
727.573,9
727.634,8
727.695,8
727.755,12
727.816,10
727.877,7
727.938,5
727.998,2
728.059,2
728.12,2
728.181,3
728.241,1
728.302,1
728.363,1
728.424,0
728.484,0
728.545,0
728.606,0
728.667,1
728.727,1
728.788,1
728.849,3
728.91,3
728.971,3
729.031,3
729.092,5
729.153,5
729.214,6
729.274,6
729.335,7
729.396,6
729.457,5
729.518,4
729.578,2
729.639,1
729.7,0
729.761,0
729.822,1
729.883,1
729.943,1
730.004,1
730.065,0
730.126,0
730.187,0
730.248,0
730.308,0
730.369,0
730.43,1
730.491,1
730.552,1
730.613,2
730.673,1
730.734,1
730.795,1
730.856,0
730.917,0
730.978,1
731.039,2
731.1,4
731.16,8
731.221,8
731.282,7
731.343,6
731.404,2
731.465,1
731.526,1
731.587,0
731.647,0
731.708,0
731.769,0
731.83,0
731.891,0
731.952,0
732.013,0
732.074,1
732.135,1
732.196,1
732.257,4
732.317,5
732.378,7
732.439,10
732.5,9
732.561,8
732.622,7
732.683,4
732.744,3
732.805,3
732.866,3
732.927,0
732.988,1
733.049,1
733.11,2
733.171,4
733.232,4
733.293,4
733.354,4
733.415,2
733.476,1
733.536,1
733.597,0
733.658,0
733.719,0
733.78,0
733.841,0
733.902,0
733.963,2
734.024,2
734.085,2
734.146,3
734.207,3
734.268,5
734.329,7
734.39,7
734.451,6
734.512,5
734.573,3
734.634,3
734.695,3
734.757,3
734.818,0
734.879,0
734.94,0
735.001,0
735.062,0
735.123,0
735.184,0
735.245,0
735.306,0
735.367,1
735.428,2
735.489,4
735.55,5
735.611,5
735.672,5
735.733,6
735.794,4
735.855,4
735.916,5
735.978,3
736.039,2
736.1,2
736.161,2
736.222,2
736.283,5
736.344,10
736.405,14
736.466,19
736.527,26
736.588,24
736.65,22
736.711,20
736.772,14
736.833,13
736.894,12
736.955,11
737.016,3
737.077,2
737.139,3
737.2,2
737.261,2
737.322,2
737.383,0
737.444,0
737.505,0
737.566,1
737.628,1
737.689,1
737.75,2
737.811,1
737.872,3
737.933,3
737.995,2
738.056,2
738.117,1
738.178,1
738.239,1
738.3,1
738.362,1
738.423,1
738.484,3
738.545,5
738.606,6
738.667,8
738.729,9
738.79,8
738.851,7
738.912,7
738.973,6
739.035,7
739.096,8
739.157,7
739.218,3
739.28,2
739.341,2
739.402,4
739.463,3
739.524,3
739.586,2
739.647,0
739.708,0
739.769,0
739.831,0
739.892,0
739.953,0
740.014,0
740.076,0
740.137,0
740.198,0
740.259,0
740.321,0
740.382,1
740.443,1
740.504,1
740.566,4
740.627,3
740.688,3
740.749,3
740.811,0
740.872,1
740.933,2
740.995,2
741.056,2
741.117,1
741.178,1
741.24,2
741.301,7
741.362,10
741.424,11
741.485,12
741.546,15
741.608,11
741.669,10
741.73,8
741.792,6
741.853,7
741.914,8
741.976,7
742.037,5
742.098,5
742.16,3
742.221,3
742.282,2
742.344,1
742.405,1
742.466,2
742.528,3
742.589,4
742.65,5
742.712,5
742.773,6
742.834,6
742.896,2
742.957,3
743.019,4
743.08,6
743.141,6
743.203,6
743.264,7
743.325,7
743.387,5
743.448,7
743.51,7
743.571,8
743.632,11
743.694,10
743.755,9
743.817,8
743.878,7
743.939,6
744.001,6
744.062,5
744.124,2
744.185,2
744.246,2
744.308,4
744.369,3
744.431,3
744.492,3
744.554,2
744.615,3
744.677,3
744.738,2
744.799,1
744.861,4
744.922,5
744.984,6
745.045,6
745.107,2
745.168,1
745.23,1
745.291,1
745.353,1
745.414,1
745.475,1
745.537,1
745.598,1
745.66,1
745.721,1
745.783,5
745.844,6
745.906,6
745.967,7
746.029,3
746.09,3
746.152,3
746.213,1
746.275,1
746.336,0
746.398,0
746.459,0
746.521,0
746.582,0
746.644,0
746.706,2
746.767,2
746.829,2
746.89,2
746.952,1
747.013,1
747.075,1
747.136,1
747.198,0
747.259,0
747.321,0
747.382,0
747.444,2
747.506,2
747.567,5
747.629,5
747.69,3
747.752,3
747.813,1
747.875,1
747.937,1
747.998,1
748.06,0
748.121,0
748.183,1
748.244,1
748.306,1
748.368,1
748.429,0
748.491,0
748.552,4
748.614,4
748.676,4
748.737,4
748.799,5
748.861,4
748.922,3
748.984,2
749.045,0
749.107,0
749.169,0
749.23,1
749.292,3
749.354,3
749.415,5
749.477,6
749.538,6
749.6,10
749.662,9
749.723,8
749.785,8
749.847,11
749.908,10
749.97,8
750.032,5
750.093,2
750.155,2
750.217,2
750.278,2
750.34,1
750.402,1
750.463,1
750.525,1
750.587,1
750.648,1
750.71,1
750.772,2
750.834,2
750.895,2
750.957,2
751.019,1
751.08,1
751.142,0
751.204,0
751.266,2
751.327,2
751.389,2
751.451,2
751.512,1
751.574,1
751.636,2
751.698,3
751.759,2
751.821,2
751.883,4
751.945,3
752.006,3
752.068,4
752.13,1
752.192,1
752.253,2
752.315,1
752.377,1
752.439,1
752.5,1
752.562,2
752.624,7
752.686,9
752.747,10
752.809,9
752.871,6
752.933,4
752.995,2
753.056,2
753.118,0
753.18,0
753.242,3
753.304,3
753.365,3
753.427,4
753.489,2
753.551,2
753.613,3
753.674,2
753.736,1
753.798,1
753.86,1
753.922,1
753.984,1
754.045,2
754.107,2
754.169,2
754.231,2
754.293,1
754.355,1
754.416,2
754.478,2
754.54,3
754.602,2
754.664,1
754.726,2
754.788,1
754.849,1
754.911,1
754.973,3
755.035,3
755.097,3
755.159,3
755.221,2
755.283,2
755.344,2
755.406,3
755.468,1
755.53,5
755.592,6
755.654,6
755.716,12
755.778,10
755.84,10
755.902,10
755.963,6
756.025,5
756.087,5
756.149,5
756.211,0
756.273,0
756.335,1
756.397,2
756.459,3
756.521,3
756.583,2
756.645,1
756.707,0
756.768,0
756.83,0
756.892,0
756.954,0
757.016,0
757.078,0
757.14,0
757.202,0
757.264,0
757.326,2
757.388,2
757.45,2
757.512,2
757.574,1
757.636,2
757.698,2
757.76,2
757.822,2
757.884,2
757.946,3
758.008,3
758.07,2
758.132,1
758.194,0
758.256,1
758.318,3
758.38,4
758.442,5
758.504,5
758.566,4
758.628,4
758.69,5
758.752,4
758.814,5
758.876,4
758.938,3
759,4
759.062,3
759.124,3
759.186,2
759.248,2
759.31,2
759.372,2
759.434,2
759.497,2
759.559,3
759.621,3
759.683,4
759.745,3
759.807,1
759.869,1
759.931,0
759.993,0
760.055,0
760.117,1
760.179,2
760.241,3
760.304,4
760.366,5
760.428,11
760.49,9
760.552,7
760.614,5
760.676,1
760.738,1
760.8,1
760.862,0
760.925,0
760.987,0
761.049,0
761.111,0
761.173,1
761.235,1
761.297,1
761.359,2
761.422,3
761.484,3
761.546,3
761.608,3
761.67,3
761.732,4
761.794,5
761.857,4
761.919,2
761.981,1
762.043,1
762.105,1
762.167,1
762.23,1
762.292,2
762.354,3
762.416,4
762.478,7
762.54,8
762.603,10
762.665,13
762.727,17
762.789,17
762.851,17
762.914,18
762.976,13
763.038,10
763.1,7
763.162,3
763.225,1
763.287,1
763.349,1
763.411,0
763.474,0
763.536,0
763.598,0
763.66,0
763.722,0
763.785,1
763.847,1
763.909,1
763.971,1
764.034,1
764.096,4
764.158,7
764.22,9
764.283,10
764.345,12
764.407,15
764.469,15
764.532,18
764.594,14
764.656,8
764.718,8
764.781,4
764.843,3
764.905,3
764.968,1
765.03,4
765.092,5
765.154,5
765.217,5
765.279,3
765.341,2
765.404,3
765.466,4
765.528,3
765.591,5
765.653,9
765.715,9
765.777,9
765.84,9
765.902,13
765.964,11
766.027,10
766.089,7
766.151,2
766.214,2
766.276,3
766.338,3
766.401,2
766.463,3
766.525,4
766.588,6
766.65,9
766.713,9
766.775,7
766.837,7
766.9,8
766.962,7
767.024,6
767.087,4
767.149,0
767.211,1
767.274,2
767.336,3
767.399,4
767.461,4
767.523,8
767.586,7
767.648,6
767.711,5
767.773,3
767.835,3
767.898,4
767.96,4
768.023,2
768.085,2
768.147,2
768.21,2
768.272,2
768.335,2
768.397,5
768.459,6
768.522,5
768.584,5
768.647,5
768.709,4
768.772,5
768.834,5
768.897,3
768.959,3
769.021,3
769.084,5
769.146,4
769.209,6
769.271,5
769.334,4
769.396,4
769.459,4
769.521,4
769.584,3
769.646,2
769.709,0
769.771,0
769.834,0
769.896,2
769.958,2
770.021,6
770.083,6
770.146,4
770.208,4
770.271,0
770.333,0
770.396,0
770.458,0
770.521,1
770.584,4
770.646,7
770.709,9
770.771,12
770.834,10
770.896,7
770.959,6
771.021,3
771.084,2
771.146,4
771.209,3
771.271,2
771.334,2
771.396,4
771.459,3
771.522,4
771.584,3
771.647,2
771.709,2
771.772,1
771.834,1
771.897,3
771.959,3
772.022,2
772.085,2
772.147,0
772.21,0
772.272,0
772.335,1
772.398,1
772.46,1
772.523,2
772.585,1
772.648,1
772.71,1
772.773,0
772.836,0
772.898,0
772.961,0
773.024,0
773.086,0
773.149,1
773.211,1
773.274,3
773.337,3
773.399,3
773.462,5
773.525,4
773.587,5
773.65,6
773.712,5
773.775,6
773.838,6
773.9,6
773.963,6
774.026,5
774.088,6
774.151,1
774.214,1
774.276,2
774.339,1
774.402,3
774.464,3
774.527,3
774.59,3
774.652,1
774.715,1
774.778,0
774.84,0
774.903,1
774.966,2
775.029,3
775.091,3
775.154,2
775.217,2
775.279,2
775.342,4
775.405,6
775.467,6
775.53,7
775.593,7
775.656,6
775.718,6
775.781,5
775.844,5
775.907,2
775.969,2
776.032,2
776.095,1
776.157,1
776.22,2
776.283,2
776.346,2
776.408,1
776.471,0
776.534,0
776.597,0
776.659,0
776.722,1
776.785,1
776.848,1
776.911,1
776.973,0
777.036,0
777.099,0
777.162,0
777.224,0
777.287,0
777.35,1
777.413,2
777.476,2
777.538,2
777.601,1
777.664,0
777.727,0
777.79,0
777.852,0
777.915,0
777.978,0
778.041,1
778.104,1
778.167,3
778.229,3
778.292,2
778.355,3
778.418,1
778.481,2
778.544,2
778.606,2
778.669,2
778.732,1
778.795,1
778.858,1
778.921,1
778.983,1
779.046,1
779.109,1
779.172,1
779.235,1
779.298,2
779.361,2
779.424,2
779.486,4
779.549,5
779.612,7
779.675,14
779.738,14
779.801,14
779.864,13
779.927,10
779.99,8
780.052,8
780.115,7
780.178,4
780.241,1
780.304,0
780.367,0
780.43,1
780.493,2
780.556,4
780.619,5
780.682,9
780.745,10
780.807,11
780.87,12
780.933,16
780.996,14
781.059,11
781.122,10
781.185,2
781.248,2
781.311,2
781.374,1
781.437,1
781.5,2
781.563,2
781.626,2
781.689,1
781.752,0
781.815,0
781.878,0
781.941,0
782.004,0
782.067,0
782.13,0
782.193,1
782.256,3
782.319,3
782.382,4
782.445,6
782.508,4
782.571,6
782.634,6
782.697,3
782.76,4
782.823,4
782.886,3
782.949,3
783.012,2
783.075,1
783.138,1
783.201,2
783.264,2
783.327,2
783.39,3
783.453,2
783.516,2
783.579,1
783.642,0
783.705,4
783.768,4
783.831,4
783.894,6
783.957,3
784.02,3
784.083,4
784.147,2
784.21,1
784.273,1
784.336,1
784.399,1
784.462,1
784.525,5
784.588,8
784.651,12
784.714,16
784.777,19
784.84,20
784.904,16
784.967,13
785.03,7
785.093,4
785.156,5
785.219,4
785.282,4
785.345,3
785.408,2
785.472,2
785.535,1
785.598,1
785.661,1
785.724,1
785.787,1
785.85,0
785.913,0
785.977,2
786.04,2
786.103,2
786.166,2
786.229,0
786.292,0
786.356,1
786.419,2
786.482,2
786.545,3
786.608,2
786.671,1
786.735,1
786.798,1
786.861,1
786.924,1
786.987,1
787.05,0
787.114,0
787.177,0
787.24,0
787.303,1
787.366,1
787.43,1
787.493,1
787.556,0
787.619,0
787.682,1
787.746,3
787.809,3
787.872,4
787.935,3
787.999,1
788.062,1
788.125,1
788.188,3
788.251,5
788.315,8
788.378,8
788.441,7
788.504,7
788.568,4
788.631,4
788.694,3
788.757,1
788.821,1
788.884,0
788.947,2
789.01,3
789.074,4
789.137,6
789.2,5
789.264,5
789.327,4
789.39,2
789.453,1
789.517,0
789.58,0
789.643,0
789.707,0
789.77,0
789.833,0
789.896,1
789.96,1
790.023,1
790.086,1
790.15,0
790.213,0
790.276,0
790.34,0
790.403,0
790.466,1
790.53,2
790.593,3
790.656,3
790.72,3
790.783,6
790.846,5
790.91,4
790.973,2
791.036,2
791.1,1
791.163,3
791.226,3
791.29,4
791.353,4
791.416,2
791.48,2
791.543,1
791.607,1
791.67,2
791.733,2
791.797,1
791.86,1
791.923,0
791.987,0
792.05,0
792.114,0
792.177,0
792.24,0
792.304,0
792.367,0
792.431,1
792.494,1
792.557,1
792.621,1
792.684,1
792.748,1
792.811,2
792.874,3
792.938,4
793.001,5
793.065,6
793.128,5
793.192,3
793.255,2
793.319,0
793.382,0
793.445,0
793.509,0
793.572,0
793.636,0
793.699,4
793.763,4
793.826,5
793.89,6
793.953,2
794.017,2
794.08,2
794.143,1
794.207,2
794.27,2
794.334,1
794.397,1
794.461,0
794.524,0
794.588,0
794.651,0
794.715,0
794.778,0
794.842,0
794.905,0
794.969,0
795.032,0
795.096,0
795.159,0
795.223,0
795.286,0
795.35,2
795.413,2
795.477,4
795.541,6
795.604,5
795.668,6
795.731,7
795.795,6
795.858,7
795.922,5
795.985,3
796.049,3
796.112,3
796.176,2
796.24,2
796.303,2
796.367,1
796.43,0
796.494,0
796.557,0
796.621,0
796.684,0
796.748,2
796.812,3
796.875,4
796.939,5
797.002,6
797.066,5
797.13,4
797.193,3
797.257,1
797.32,1
797.384,2
797.448,2
797.511,1
797.575,1
797.638,1
797.702,2
797.766,4
797.829,4
797.893,4
797.957,3
798.02,2
798.084,2
798.147,2
798.211,2
798.275,1
798.338,3
798.402,3
798.466,3
798.529,3
798.593,1
798.657,0
798.72,3
798.784,4
798.848,5
798.911,8
798.975,5
799.039,4
799.102,3
799.166,0
799.23,1
799.293,2
799.357,2
799.421,3
799.484,2
799.548,1
799.612,1
799.675,1
799.739,2
799.803,2
799.867,2
799.93,1
799.994,0
800.058,0
800.121,0
800.185,1
800.249,1
800.313,1
800.376,2
800.44,3
800.504,3
800.567,4
800.631,3
800.695,1
800.759,1
800.822,0
800.886,1
800.95,1
801.014,1
801.077,2
801.141,1
801.205,1
801.269,1
801.332,0
801.396,0
801.46,0
801.524,0
801.588,1
801.651,1
801.715,1
801.779,1
801.843,2
801.906,3
801.97,3
802.034,3
802.098,3
802.162,3
802.225,3
802.289,4
802.353,3
802.417,2
802.481,5
802.544,6
802.608,5
802.672,5
802.736,3
802.8,1
802.864,1
802.927,1
802.991,0
803.055,1
803.119,2
803.183,2
803.247,2
803.31,1
803.374,2
803.438,2
803.502,4
803.566,7
803.63,8
803.694,10
803.757,10
803.821,8
803.885,6
803.949,5
804.013,1
804.077,2
804.141,3
804.204,3
804.268,2
804.332,1
804.396,2
804.46,2
804.524,2
804.588,2
804.652,3
804.716,3
804.78,4
804.843,4
804.907,1
804.971,2
805.035,3
805.099,3
805.163,4
805.227,3
805.291,2
805.355,3
805.419,2
805.483,2
805.547,1
805.61,0
805.674,0
805.738,0
805.802,0
805.866,0
805.93,2
805.994,2
806.058,2
806.122,2
806.186,0
806.25,0
806.314,1
806.378,1
806.442,1
806.506,1
806.57,2
806.634,4
806.698,5
806.762,5
806.826,4
806.89,2
806.954,1
807.018,1
807.082,0
807.146,0
807.21,2
807.274,2
807.338,2
807.402,2
807.466,0
807.53,1
807.594,1
807.658,1
807.722,1
807.786,0
807.85,1
807.914,1
807.978,1
808.042,1
808.106,0
808.17,0
808.234,0
808.298,1
808.362,1
808.426,1
808.49,1
808.554,0
808.618,0
808.682,0
808.746,0
808.811,0
808.875,1
808.939,1
809.003,4
809.067,5
809.131,7
809.195,8
809.259,9
809.323,8
809.387,5
809.451,6
809.515,2
809.579,4
809.644,4
809.708,2
809.772,4
809.836,2
809.9,2
809.964,2
810.028,1
810.092,1
810.156,3
810.221,3
810.285,5
810.349,5
810.413,4
810.477,4
810.541,2
810.605,3
810.669,2
810.734,3
810.798,4
810.862,3
810.926,3
810.99,2
811.054,1
811.119,1
811.183,2
811.247,2
811.311,1
811.375,2
811.439,3
811.504,4
811.568,6
811.632,6
811.696,9
811.76,8
811.824,8
811.889,7
811.953,3
812.017,3
812.081,2
812.145,2
812.21,1
812.274,1
812.338,2
812.402,2
812.466,3
812.531,3
812.595,1
812.659,2
812.723,1
812.787,1
812.852,3
812.916,2
812.98,6
813.044,6
813.109,5
813.173,5
813.237,2
813.301,2
813.366,1
813.43,2
813.494,1
813.558,1
813.623,3
813.687,2
813.751,3
813.815,3
813.88,3
813.944,3
814.008,3
814.072,4
814.137,2
814.201,2
814.265,1
814.33,0
814.394,2
814.458,3
814.522,4
814.587,4
814.651,2
814.715,1
814.78,0
814.844,1
814.908,1
814.973,1
815.037,2
815.101,1
815.166,2
815.23,2
815.294,2
815.359,2
815.423,4
815.487,4
815.552,4
815.616,4
815.68,1
815.745,1
815.809,0
815.873,0
815.938,0
816.002,0
816.066,0
816.131,1
816.195,1
816.259,1
816.324,2
816.388,2
816.452,4
816.517,4
816.581,4
816.646,4
816.71,4
816.774,4
816.839,4
816.903,3
816.968,1
817.032,3
817.096,3
817.161,4
817.225,6
817.289,5
817.354,5
817.418,5
817.483,3
817.547,4
817.612,4
817.676,4
817.74,2
817.805,1
817.869,2
817.934,2
817.998,2
818.063,2
818.127,2
818.191,2
818.256,1
818.32,1
818.385,1
818.449,1
818.514,2
818.578,2
818.643,2
818.707,4
818.771,4
818.836,5
818.9,5
818.965,8
819.029,8
819.094,7
819.158,6
819.223,2
819.287,1
819.352,1
819.416,3
819.481,5
819.545,5
819.61,6
819.674,5
819.739,2
819.803,3
819.868,2
819.932,2
819.997,2
820.061,1
820.126,1
820.19,0
820.255,1
820.319,1
820.384,1
820.448,2
820.513,1
820.577,3
820.642,3
820.707,2
820.771,2
820.836,3
820.9,3
820.965,3
821.029,3
821.094,7
821.158,6
821.223,5
821.287,4
821.352,0
821.417,1
821.481,1
821.546,1
821.61,2
821.675,1
821.74,1
821.804,2
821.869,2
821.933,2
821.998,4
822.062,3
822.127,3
822.192,3
822.256,1
822.321,1
822.385,0
822.45,1
822.515,1
822.579,2
822.644,4
822.709,4
822.773,6
822.838,6
822.902,5
822.967,5
823.032,3
823.096,3
823.161,3
823.226,3
823.29,3
823.355,3
823.419,5
823.484,5
823.549,2
823.613,3
823.678,2
823.743,3
823.807,4
823.872,4
823.937,5
824.001,5
824.066,6
824.131,5
824.195,4
824.26,4
824.325,2
824.39,3
824.454,5
824.519,4
824.584,4
824.648,3
824.713,4
824.778,6
824.842,6
824.907,6
824.972,5
825.037,3
825.101,3
825.166,3
825.231,1
825.295,1
825.36,1
825.425,1
825.49,0
825.554,0
825.619,0
825.684,0
825.748,1
825.813,1
825.878,1
825.943,1
826.007,1
826.072,2
826.137,5
826.202,5
826.267,5
826.331,4
826.396,4
826.461,5
826.526,6
826.59,7
826.655,9
826.72,8
826.785,7
826.849,6
826.914,2
826.979,4
827.044,3
827.109,3
827.173,3
827.238,1
827.303,2
827.368,2
827.433,1
827.497,1
827.562,0
827.627,0
827.692,0
827.757,0
827.822,0
827.886,1
827.951,2
828.016,2
828.081,2
828.146,1
828.21,1
828.275,2
828.34,2
828.405,2
828.47,1
828.535,0
828.6,1
828.664,1
828.729,3
828.794,3
828.859,5
828.924,5
828.989,3
829.054,3
829.118,0
829.183,0
829.248,3
829.313,5
829.378,6
829.443,7
829.508,6
829.573,4
829.638,4
829.702,3
829.767,1
829.832,1
829.897,0
829.962,0
830.027,0
830.092,0
830.157,1
830.222,1
830.287,1
830.352,1
830.416,1
830.481,1
830.546,1
830.611,1
830.676,0
830.741,0
830.806,0
830.871,1
830.936,1
831.001,1
831.066,2
831.131,1
831.196,1
831.261,1
831.326,0
831.391,0
831.456,0
831.521,1
831.586,1
831.651,1
831.716,1
831.78,0
831.845,1
831.91,1
831.975,1
832.04,1
832.105,0
832.17,0
832.235,0
832.3,0
832.365,0
832.43,0
832.495,1
832.56,2
832.625,3
832.69,4
832.755,5
832.821,5
832.886,6
832.951,6
833.016,4
833.081,5
833.146,7
833.211,7
833.276,4
833.341,3
833.406,2
833.471,3
833.536,4
833.601,5
833.666,7
833.731,6
833.796,6
833.861,5
833.926,1
833.991,2
834.056,2
834.121,3
834.187,4
834.252,4
834.317,5
834.382,5
834.447,6
834.512,5
834.577,3
834.642,2
834.707,0
834.772,0
834.837,0
834.902,0
834.968,2
835.033,2
835.098,2
835.163,3
835.228,1
835.293,1
835.358,1
835.423,0
835.489,2
835.554,2
835.619,4
835.684,7
835.749,9
835.814,12
835.879,13
835.944,11
836.01,11
836.075,9
836.14,8
836.205,8
836.27,5
836.335,1
836.401,0
836.466,0
836.531,0
836.596,1
836.661,2
836.726,2
836.792,2
836.857,1
836.922,0
836.987,1
837.052,1
837.117,2
837.183,4
837.248,4
837.313,8
837.378,8
837.443,7
837.509,7
837.574,5
837.639,4
837.704,5
837.77,4
837.835,2
837.9,3
837.965,1
838.03,1
838.096,2
838.161,1
838.226,2
838.291,2
838.357,1
838.422,1
838.487,0
838.552,0
838.618,2
838.683,3
838.748,5
838.813,6
838.879,10
838.944,9
839.009,7
839.074,6
839.14,1
839.205,2
839.27,2
839.335,2
839.401,2
839.466,1
839.531,1
839.597,1
839.662,0
839.727,0
839.792,0
839.858,1
839.923,3
839.988,3
840.054,3
840.119,2
840.184,0
840.25,0
840.315,0
840.38,0
840.446,0
840.511,1
840.576,2
840.642,4
840.707,6
840.772,7
840.838,9
840.903,9
840.968,10
841.034,8
841.099,5
841.164,3
841.23,2
841.295,2
841.36,2
841.426,2
841.491,0
841.556,1
841.622,3
841.687,4
841.752,8
841.818,8
841.883,10
841.949,10
842.014,6
842.079,6
842.145,3
842.21,3
842.276,0
842.341,0
842.406,0
842.472,0
842.537,0
842.603,0
842.668,0
842.733,0
842.799,3
842.864,3
842.93,4
842.995,4
843.06,2
843.126,2
843.191,1
843.257,1
843.322,0
843.388,1
843.453,2
843.518,3
843.584,6
843.649,6
843.715,6
843.78,6
843.846,6
843.911,7
843.977,8
844.042,8
844.108,9
844.173,7
844.238,5
844.304,4
844.369,0
844.435,1
844.5,2
844.566,2
844.631,4
844.697,3
844.762,2
844.828,2
844.893,0
844.959,1
845.024,2
845.09,2
845.155,3
845.221,2
845.286,1
845.352,1
845.417,0
845.483,0
845.548,0
845.614,1
845.679,2
845.745,2
845.811,2
845.876,1
845.942,1
846.007,1
846.073,1
846.138,1
846.204,0
846.269,1
846.335,1
846.4,1
846.466,1
846.532,0
846.597,1
846.663,1
846.728,4
846.794,6
846.859,6
846.925,6
846.991,5
847.056,8
847.122,6
847.187,6
847.253,6
847.318,4
847.384,5
847.45,4
847.515,1
847.581,3
847.646,2
847.712,2
847.778,3
847.843,1
847.909,3
847.974,3
848.04,4
848.106,4
848.171,2
848.237,2
848.303,0
848.368,0
848.434,0
848.5,0
848.565,1
848.631,1
848.696,1
848.762,1
848.828,0
848.893,1
848.959,2
849.025,2
849.09,2
849.156,1
849.222,2
849.287,2
849.353,2
849.419,2
849.484,2
849.55,2
849.616,5
849.681,6
849.747,5
849.813,6
849.878,9
849.944,8
850.01,7
850.076,6
850.141,1
850.207,2
850.273,3
850.338,5
850.404,5
850.47,6
850.536,7
850.601,8
850.667,11
850.733,12
850.798,14
850.864,13
850.93,10
850.996,9
851.061,5
851.127,4
851.193,4
851.259,3
851.324,0
851.39,0
851.456,0
851.522,2
851.587,2
851.653,3
851.719,4
851.785,4
851.85,8
851.916,8
851.982,7
852.048,5
852.113,3
852.179,3
852.245,3
852.311,4
852.377,2
852.442,1
852.508,2
852.574,1
852.64,2
852.706,2
852.771,2
852.837,2
852.903,1
852.969,1
853.035,0
853.1,0
853.166,1
853.232,1
853.298,1
853.364,1
853.43,1
853.495,1
853.561,1
853.627,1
853.693,0
853.759,1
853.825,3
853.89,3
853.956,3
854.022,3
854.088,2
854.154,2
854.22,2
854.286,1
854.351,0
854.417,0
854.483,0
854.549,0
854.615,0
854.681,0
854.747,1
854.813,1
854.878,2
854.944,2
855.01,2
855.076,3
855.142,6
855.208,8
855.274,9
855.34,11
855.406,8
855.472,7
855.537,7
855.603,4
855.669,5
855.735,5
855.801,4
855.867,1
855.933,0
855.999,0
856.065,3
856.131,5
856.197,7
856.263,7
856.329,4
856.395,3
856.46,4
856.526,4
856.592,4
856.658,3
856.724,5
856.79,5
856.856,6
856.922,6
856.988,2
857.054,2
857.12,3
857.186,3
857.252,3
857.318,3
857.384,2
857.45,2
857.516,3
857.582,3
857.648,2
857.714,2
857.78,0
857.846,1
857.912,1
857.978,1
858.044,2
858.11,2
858.176,4
858.242,5
858.308,6
858.374,8
858.44,9
858.506,10
858.572,17
858.638,13
858.704,12
858.77,9
858.836,3
858.902,3
858.968,0
859.034,1
859.101,3
859.167,3
859.233,3
859.299,2
859.365,0
859.431,0
859.497,0
859.563,1
859.629,2
859.695,5
859.761,8
859.827,8
859.893,8
859.959,6
860.025,6
860.092,5
860.158,4
860.224,3
860.29,0
860.356,0
860.422,0
860.488,2
860.554,4
860.62,7
860.686,9
860.753,9
860.819,9
860.885,8
860.951,7
861.017,7
861.083,8
861.149,7
861.215,3
861.282,2
861.348,1
861.414,1
861.48,2
861.546,2
861.612,2
861.678,2
861.745,1
861.811,1
861.877,0
861.943,1
862.009,2
862.075,2
862.142,2
862.208,2
862.274,2
862.34,2
862.406,2
862.472,1
862.539,0
862.605,0
862.671,3
862.737,3
862.803,3
862.87,4
862.936,5
863.002,5
863.068,5
863.134,4
863.201,1
863.267,1
863.333,2
863.399,2
863.466,1
863.532,1
863.598,2
863.664,2
863.73,2
863.797,2
863.863,0
863.929,0
863.995,0
864.062,0
864.128,0
864.194,0
864.26,1
864.327,1
864.393,5
864.459,5
864.525,4
864.592,4
864.658,3
864.724,3
864.79,3
864.857,3
864.923,4
864.989,4
865.056,5
865.122,5
865.188,1
865.254,1
865.321,0
865.387,0
865.453,0
865.52,0
865.586,1
865.652,1
865.719,1
865.785,3
865.851,3
865.917,3
865.984,3
866.05,5
866.116,6
866.183,8
866.249,11
866.315,8
866.382,7
866.448,6
866.514,4
866.581,4
866.647,5
866.713,6
866.78,6
866.846,6
866.912,5
866.979,4
867.045,3
867.112,3
867.178,5
867.244,5
867.311,3
867.377,3
867.443,2
867.51,3
867.576,6
867.643,10
867.709,10
867.775,10
867.842,8
867.908,5
867.975,5
868.041,4
868.107,2
868.174,2
868.24,1
868.307,1
868.373,4
868.439,5
868.506,8
868.572,10
868.639,14
868.705,13
868.771,11
868.838,10
868.904,14
868.971,13
869.037,12
869.104,12
869.17,2
869.236,3
869.303,5
869.369,4
869.436,3
869.502,6
869.569,4
869.635,4
869.702,4
869.768,1
869.835,2
869.901,2
869.968,3
870.034,2
870.1,1
870.167,1
870.233,1
870.3,1
870.366,1
870.433,1
870.499,0
870.566,0
870.632,0
870.699,0
870.765,0
870.832,0
870.898,0
870.965,0
871.031,0
871.098,0
871.164,0
871.231,2
871.298,3
871.364,3
871.431,3
871.497,1
871.564,1
871.63,3
871.697,5
871.763,7
871.83,8
871.896,13
871.963,12
872.029,9
872.096,6
872.163,3
872.229,3
872.296,3
872.362,3
872.429,2
872.495,1
872.562,1
872.629,6
872.695,6
872.762,5
872.828,5
872.895,5
872.961,6
873.028,5
873.095,4
873.161,2
873.228,0
873.294,0
873.361,0
873.428,2
873.494,4
873.561,5
873.627,8
873.694,9
873.761,11
873.827,14
873.894,12
873.961,10
874.027,7
874.094,3
874.16,3
874.227,3
874.294,3
874.36,1
874.427,3
874.494,4
874.56,6
874.627,7
874.694,7
874.76,10
874.827,10
874.894,8
874.96,8
875.027,7
875.094,6
875.16,3
875.227,2
875.294,0
875.36,0
875.427,0
875.494,0
875.56,1
875.627,1
875.694,1
875.76,1
875.827,1
875.894,2
875.961,3
876.027,5
876.094,6
876.161,8
876.227,8
876.294,6
876.361,4
876.428,1
876.494,0
876.561,1
876.628,1
876.694,1
876.761,2
876.828,1
876.895,2
876.961,2
877.028,1
877.095,1
877.162,1
877.228,2
877.295,3
877.362,4
877.429,3
877.495,3
877.562,3
877.629,2
877.696,2
877.763,1
877.829,2
877.896,2
877.963,2
878.03,2
878.096,0
878.163,0
878.23,0
878.297,0
878.364,2
878.43,2
878.497,2
878.564,2
878.631,2
878.698,3
878.764,3
878.831,3
878.898,3
878.965,3
879.032,3
879.099,4
879.165,4
879.232,3
879.299,3
879.366,3
879.433,1
879.5,1
879.566,1
879.633,1
879.7,3
879.767,4
879.834,5
879.901,5
879.967,5
880.034,6
880.101,10
880.168,9
880.235,7
880.302,6
880.369,2
880.436,2
880.502,3
880.569,4
880.636,5
880.703,7
880.77,12
880.837,15
880.904,18
880.971,16
881.038,16
881.104,11
881.171,7
881.238,7
881.305,2
881.372,2
881.439,1
881.506,1
881.573,0
881.64,1
881.707,1
881.774,2
881.841,3
881.907,3
881.974,4
882.041,3
882.108,2
882.175,1
882.242,0
882.309,0
882.376,3
882.443,3
882.51,4
882.577,4
882.644,1
882.711,2
882.778,3
882.845,3
882.912,4
882.979,3
883.046,3
883.113,3
883.18,3
883.247,3
883.314,1
883.381,1
883.448,1
883.515,1
883.582,1
883.649,1
883.716,2
883.783,2
883.85,2
883.917,2
883.984,1
884.051,2
884.118,2
884.185,3
884.252,2
884.319,2
884.386,2
884.453,1
884.52,2
884.587,1
884.654,1
884.721,1
884.788,0
884.855,0
884.922,0
884.989,0
885.056,1
885.123,1
885.19,1
885.257,1
885.324,1
885.392,2
885.459,2
885.526,2
885.593,1
885.66,0
885.727,1
885.794,1
885.861,4
885.928,4
885.995,4
886.062,4
886.129,1
886.197,1
886.264,0
886.331,1
886.398,2
886.465,2
886.532,3
886.599,4
886.666,7
886.733,9
886.8,13
886.868,11
886.935,7
887.002,6
887.069,2
887.136,2
887.203,3
887.27,2
887.338,1
887.405,1
887.472,0
887.539,0
887.606,1
887.673,1
887.74,1
887.808,1
887.875,1
887.942,1
888.009,2
888.076,2
888.143,1
888.211,1
888.278,1
888.345,1
888.412,1
888.479,2
888.547,2
888.614,2
888.681,2
888.748,1
888.815,0
888.882,0
888.95,0
889.017,0
889.084,0
889.151,1
889.219,1
889.286,1
889.353,1
889.42,0
889.487,0
889.555,0
889.622,0
889.689,0
889.756,0
889.824,0
889.891,2
889.958,2
890.025,3
890.093,3
890.16,1
890.227,1
890.294,0
890.362,0
890.429,0
890.496,0
890.563,1
890.631,1
890.698,2
890.765,2
890.832,1
890.9,3
890.967,2
891.034,2
891.102,3
891.169,1
891.236,1
891.303,1
891.371,0
891.438,0
891.505,0
891.573,0
891.64,2
891.707,2
891.775,2
891.842,2
891.909,0
891.976,1
892.044,2
892.111,4
892.178,5
892.246,5
892.313,5
892.38,4
892.448,4
892.515,1
892.582,1
892.65,1
892.717,1
892.785,0
892.852,0
892.919,0
892.987,1
893.054,1
893.121,1
893.189,2
893.256,2
893.323,4
893.391,4
893.458,6
893.526,7
893.593,8
893.66,12
893.728,10
893.795,9
893.862,7
893.93,2
893.997,2
894.065,2
894.132,2
894.199,1
894.267,1
894.334,2
894.402,2
894.469,1
894.536,1
894.604,0
894.671,1
894.739,2
894.806,2
894.874,2
894.941,1
895.008,0
895.076,0
895.143,1
895.211,1
895.278,2
895.346,2
895.413,1
895.481,2
895.548,1
895.615,1
895.683,3
895.75,2
895.818,2
895.885,3
895.953,1
896.02,1
896.088,2
896.155,1
896.223,1
896.29,1
896.358,1
896.425,1
896.493,1
896.56,1
896.628,0
896.695,0
896.763,1
896.83,2
896.898,2
896.965,2
897.033,1
897.1,1
897.168,1
897.235,1
897.303,2
897.37,2
897.438,3
897.505,4
897.573,3
897.64,4
897.708,5
897.775,4
897.843,4
897.911,2
897.978,1
898.046,1
898.113,2
898.181,2
898.248,1
898.316,1
898.383,2
898.451,3
898.519,3
898.586,3
898.654,1
898.721,0
898.789,0
898.856,0
898.924,0
898.992,0
899.059,0
899.127,1
899.194,1
899.262,1
899.33,1
899.397,0
899.465,1
899.532,1
899.6,2
899.668,3
899.735,3
899.803,4
899.87,4
899.938,3
900.006,2
900.073,2
900.141,2
900.209,2
900.276,2
900.344,1
900.412,1
900.479,2
900.547,4
900.614,6
900.682,8
900.75,9
900.817,12
900.885,11
900.953,8
901.02,6
901.088,4
901.156,3
901.223,3
901.291,3
901.359,0
901.426,1
901.494,2
901.562,2
901.63,3
901.697,3
901.765,3
901.833,4
901.9,7
901.968,6
902.036,5
902.103,4
902.171,1
902.239,1
902.307,2
902.374,2
902.442,3
902.51,3
902.577,2
902.645,4
902.713,6
902.781,8
902.848,11
902.916,11
902.984,9
903.052,9
903.119,10
903.187,8
903.255,8
903.322,6
903.39,2
903.458,2
903.526,2
903.594,2
903.661,2
903.729,2
903.797,1
903.865,2
903.932,3
904,3
904.068,2
904.136,3
904.203,4
904.271,6
904.339,10
904.407,8
904.475,8
904.542,6
904.61,4
904.678,4
904.746,3
904.814,3
904.881,1
904.949,1
905.017,0
905.085,0
905.153,1
905.221,1
905.288,1
905.356,1
905.424,1
905.492,2
905.56,2
905.628,2
905.695,2
905.763,2
905.831,3
905.899,3
905.967,3
906.035,2
906.102,3
906.17,3
906.238,2
906.306,2
906.374,2
906.442,2
906.51,2
906.578,2
906.645,0
906.713,2
906.781,2
906.849,2
906.917,3
906.985,2
907.053,3
907.121,7
907.189,7
907.256,6
907.324,7
907.392,6
907.46,6
907.528,6
907.596,4
907.664,1
907.732,1
907.8,1
907.868,1
907.936,1
908.004,2
908.071,2
908.139,4
908.207,4
908.275,5
908.343,6
908.411,6
908.479,6
908.547,3
908.615,3
908.683,1
908.751,1
908.819,1
908.887,0
908.955,0
909.023,0
909.091,0
909.159,0
909.227,0
909.295,0
909.363,1
909.431,1
909.499,2
909.567,2
909.635,1
909.703,2
909.771,1
909.839,1
909.907,1
909.975,0
910.043,0
910.111,2
910.179,3
910.247,5
910.315,5
910.383,3
910.451,3
910.519,1
910.587,3
910.655,3
910.723,5
910.791,5
910.859,3
910.927,3
910.995,1
911.063,1
911.131,1
911.199,1
911.267,1
911.335,1
911.403,3
911.471,3
911.539,5
911.607,7
911.675,7
911.744,10
911.812,13
911.88,15
911.948,17
912.016,20
912.084,17
912.152,15
912.22,12
912.288,6
912.356,5
912.424,4
912.492,5
912.561,7
912.629,6
912.697,6
912.765,6
912.833,6
912.901,7
912.969,7
913.037,9
913.105,8
913.174,7
913.242,7
913.31,4
913.378,3
913.446,3
913.514,2
913.582,1
913.651,1
913.719,0
913.787,0
913.855,2
913.923,2
913.991,3
914.059,4
914.128,3
914.196,3
914.264,2
914.332,1
914.4,1
914.468,1
914.537,1
914.605,1
914.673,1
914.741,1
914.809,1
914.878,1
914.946,0
915.014,0
915.082,0
915.15,0
915.219,1
915.287,1
915.355,1
915.423,1
915.491,4
915.56,4
915.628,4
915.696,4
915.764,0
915.832,1
915.901,1
915.969,2
916.037,2
916.105,1
916.174,1
916.242,5
916.31,4
916.378,3
916.447,2
916.515,1
916.583,1
916.651,1
916.72,1
916.788,1
916.856,3
916.924,3
916.993,3
917.061,2
917.129,1
917.197,1
917.266,1
917.334,1
917.402,0
917.471,0
917.539,0
917.607,0
917.675,0
917.744,1
917.812,1
917.88,1
917.949,1
918.017,0
918.085,0
918.154,1
918.222,3
918.29,3
918.359,3
918.427,2
918.495,0
918.564,0
918.632,1
918.7,1
918.769,1
918.837,2
918.905,2
918.974,2
919.042,2
919.11,1
919.179,1
919.247,1
919.315,1
919.384,2
919.452,1
919.52,1
919.589,3
919.657,3
919.725,4
919.794,5
919.862,7
919.931,8
919.999,8
920.067,8
920.136,5
920.204,3
920.273,2
920.341,2
920.409,1
920.478,3
920.546,5
920.615,5
920.683,7
920.751,5
920.82,5
920.888,4
920.957,3
921.025,3
921.093,2
921.162,3
921.23,2
921.299,3
921.367,3
921.436,2
921.504,5
921.572,4
921.641,3
921.709,3
921.778,0
921.846,0
921.915,1
921.983,2
922.052,2
922.12,2
922.189,1
922.257,0
922.325,0
922.394,0
922.462,1
922.531,3
922.599,6
922.668,8
922.736,9
922.805,9
922.873,8
922.942,8
923.01,8
923.079,7
923.147,6
923.216,5
923.284,0
923.353,1
923.421,2
923.49,2
923.558,2
923.627,3
923.695,2
923.764,2
923.832,2
923.901,1
923.97,1
924.038,1
924.107,3
924.175,3
924.244,3
924.312,3
924.381,1
924.449,0
924.518,1
924.586,1
924.655,1
924.724,1
924.792,1
924.861,1
924.929,1
924.998,3
925.066,2
925.135,2
925.204,3
925.272,1
925.341,1
925.409,1
925.478,0
925.546,0
925.615,0
925.684,0
925.752,1
925.821,2
925.889,3
925.958,7
926.027,8
926.095,10
926.164,10
926.232,10
926.301,8
926.37,7
926.438,7
926.507,5
926.576,8
926.644,8
926.713,9
926.781,8
926.85,7
926.919,5
926.987,3
927.056,2
927.125,0
927.193,0
927.262,1
927.331,1
927.399,1
927.468,2
927.537,2
927.605,4
927.674,4
927.743,3
927.811,2
927.88,0
927.949,0
928.017,0
928.086,0
928.155,0
928.223,0
928.292,0
928.361,1
928.43,1
928.498,1
928.567,1
928.636,0
928.704,1
928.773,2
928.842,4
928.91,6
928.979,5
929.048,4
929.117,2
929.185,1
929.254,1
929.323,1
929.392,2
929.46,2
929.529,2
929.598,4
929.667,4
929.735,6
929.804,7
929.873,12
929.942,11
930.01,8
930.079,7
930.148,2
930.217,2
930.285,2
930.354,2
930.423,0
930.492,1
930.56,1
930.629,1
930.698,1
930.767,1
930.836,4
930.904,4
930.973,6
931.042,5
931.111,2
931.18,2
931.248,0
931.317,0
931.386,0
931.455,0
931.524,0
931.592,1
931.661,1
931.73,1
931.799,1
931.868,0
931.937,0
932.005,0
932.074,0
932.143,0
932.212,1
932.281,1
932.35,1
932.418,2
932.487,2
932.556,3
932.625,4
932.694,3
932.763,2
932.832,1
932.9,1
932.969,1
933.038,1
933.107,1
933.176,0
933.245,1
933.314,2
933.383,2
933.451,3
933.52,2
933.589,1
933.658,3
933.727,2
933.796,3
933.865,4
933.934,3
934.003,4
934.072,4
934.14,3
934.209,2
934.278,2
934.347,1
934.416,1
934.485,1
934.554,0
934.623,0
934.692,2
934.761,2
934.83,5
934.899,5
934.968,4
935.037,4
935.105,1
935.174,1
935.243,0
935.312,0
935.381,0
935.45,0
935.519,0
935.588,0
935.657,1
935.726,3
935.795,5
935.864,7
935.933,10
936.002,8
936.071,7
936.14,5
936.209,3
936.278,3
936.347,3
936.416,4
936.485,2
936.554,2
936.623,1
936.692,0
936.761,0
936.83,0
936.899,1
936.968,1
937.037,1
937.106,2
937.175,2
937.244,2
937.313,2
937.382,1
937.451,1
937.52,1
937.589,3
937.658,3
937.727,3
937.796,4
937.866,4
937.935,4
938.004,3
938.073,2
938.142,0
938.211,1
938.28,1
938.349,1
938.418,2
938.487,1
938.556,2
938.625,2
938.694,1
938.763,1
938.833,1
938.902,1
938.971,4
939.04,5
939.109,5
939.178,6
939.247,5
939.316,5
939.385,5
939.454,6
939.524,8
939.593,8
939.662,7
939.731,5
939.8,2
939.869,1
939.938,1
940.007,1
940.077,0
940.146,0
940.215,0
940.284,0
940.353,1
940.422,1
940.491,2
940.561,2
940.63,1
940.699,1
940.768,0
940.837,0
940.906,0
940.975,0
941.045,3
941.114,4
941.183,6
941.252,7
941.321,8
941.391,7
941.46,6
941.529,5
941.598,1
941.667,2
941.736,5
941.806,5
941.875,5
941.944,4
942.013,0
942.082,0
942.152,1
942.221,1
942.29,2
942.359,3
942.429,3
942.498,4
942.567,3
942.636,2
942.705,3
942.775,4
942.844,4
942.913,4
942.982,3
943.052,1
943.121,1
943.19,1
943.259,0
943.329,1
943.398,1
943.467,1
943.536,1
943.606,0
943.675,1
943.744,1
943.814,2
943.883,2
943.952,1
944.021,1
944.091,3
944.16,3
944.229,3
944.299,3
944.368,2
944.437,2
944.506,2
944.576,2
944.645,0
944.714,0
944.784,0
944.853,0
944.922,0
944.992,0
945.061,1
945.13,1
945.2,3
945.269,3
945.338,2
945.408,2
945.477,1
945.546,1
945.616,1
945.685,2
945.754,2
945.824,2
945.893,3
945.962,2
946.032,1
946.101,1
946.17,0
946.24,0
946.309,0
946.378,0
946.448,0
946.517,0
946.587,1
946.656,1
946.725,2
946.795,3
946.864,2
946.933,2
947.003,1
947.072,0
947.142,0
947.211,0
947.28,0
947.35,0
947.419,0
947.489,0
947.558,0
947.627,0
947.697,0
947.766,0
947.836,0
947.905,0
947.975,0
948.044,0
948.113,1
948.183,1
948.252,2
948.322,3
948.391,3
948.461,4
948.53,9
948.6,8
948.669,7
948.738,6
948.808,3
948.877,3
948.947,3
949.016,3
949.086,0
949.155,0
949.225,3
949.294,3
949.364,3
949.433,4
949.503,1
949.572,1
949.642,1
949.711,0
949.781,2
949.85,2
949.92,3
949.989,3
950.059,1
950.128,1
950.198,0
950.267,1
950.337,1
950.406,1
950.476,2
950.545,3
950.615,6
950.684,8
950.754,13
950.823,11
950.893,9
950.962,7
951.032,4
951.101,4
951.171,4
951.241,4
951.31,1
951.38,1
951.449,0
951.519,0
951.588,0
951.658,1
951.727,1
951.797,1
951.867,1
951.936,2
952.006,2
952.075,2
952.145,2
952.215,0
952.284,0
952.354,0
952.423,1
952.493,1
952.562,2
952.632,2
952.702,1
952.771,1
952.841,0
952.911,1
952.98,2
953.05,2
953.119,2
953.189,1
953.259,0
953.328,0
953.398,1
953.467,1
953.537,1
953.607,2
953.676,1
953.746,1
953.816,1
953.885,0
953.955,0
954.025,0
954.094,1
954.164,1
954.234,1
954.303,2
954.373,2
954.443,2
954.512,3
954.582,2
954.652,2
954.721,2
954.791,1
954.861,1
954.93,1
955,1
955.07,1
955.139,2
955.209,1
955.279,1
955.348,1
955.418,0
955.488,0
955.558,0
955.627,0
955.697,0
955.767,0
955.836,0
955.906,0
955.976,0
956.046,0
956.115,0
956.185,1
956.255,2
956.325,4
956.394,7
956.464,10
956.534,12
956.604,13
956.673,13
956.743,15
956.813,14
956.883,12
956.952,9
957.022,6
957.092,4
957.162,3
957.231,5
957.301,3
957.371,3
957.441,3
957.51,2
957.58,3
957.65,4
957.72,5
957.79,4
957.859,2
957.929,2
957.999,3
958.069,3
958.139,3
958.208,3
958.278,2
958.348,2
958.418,3
958.488,2
958.557,1
958.627,1
958.697,0
958.767,0
958.837,0
958.907,0
958.976,0
959.046,1
959.116,2
959.186,2
959.256,2
959.326,1
959.395,0
959.465,0
959.535,0
959.605,1
959.675,2
959.745,2
959.815,2
959.885,1
959.954,1
960.024,1
960.094,2
960.164,2
960.234,1
960.304,2
960.374,1
960.444,1
960.513,1
960.583,0
960.653,0
960.723,0
960.793,0
960.863,2
960.933,5
961.003,8
961.073,10
961.143,10
961.212,10
961.282,10
961.352,7
961.422,6
961.492,4
961.562,2
961.632,0
961.702,0
961.772,0
961.842,0
961.912,0
961.982,3
962.052,3
962.122,3
962.192,3
962.262,0
962.331,0
962.401,0
962.471,0
962.541,0
962.611,2
962.681,5
962.751,8
962.821,12
962.891,17
962.961,14
963.031,12
963.101,8
963.171,4
963.241,4
963.311,3
963.381,3
963.451,0
963.521,0
963.591,0
963.661,0
963.731,0
963.801,1
963.871,1
963.941,1
964.011,3
964.081,2
964.151,2
964.221,2
964.291,1
964.361,1
964.431,1
964.501,2
964.572,2
964.642,2
964.712,2
964.782,1
964.852,0
964.922,1
964.992,2
965.062,3
965.132,4
965.202,4
965.272,8
965.342,7
965.412,6
965.482,5
965.552,4
965.622,4
965.692,4
965.763,5
965.833,6
965.903,8
965.973,9
966.043,8
966.113,7
966.183,5
966.253,4
966.323,5
966.393,1
966.464,2
966.534,3
966.604,3
966.674,4
966.744,5
966.814,7
966.884,6
966.954,5
967.025,4
967.095,2
967.165,3
967.235,7
967.305,9
967.375,8
967.445,8
967.516,4
967.586,2
967.656,2
967.726,1
967.796,1
967.866,0
967.936,0
968.007,0
968.077,0
968.147,0
968.217,1
968.287,1
968.358,2
968.428,2
968.498,2
968.568,2
968.638,1
968.708,1
968.779,0
968.849,0
968.919,0
968.989,3
969.059,3
969.13,3
969.2,3
969.27,1
969.34,1
969.411,1
969.481,3
969.551,3
969.621,3
969.691,4
969.762,3
969.832,7
969.902,7
969.972,5
970.043,3
970.113,1
970.183,3
970.253,4
970.324,6
970.394,6
970.464,5
970.534,4
970.605,3
970.675,4
970.745,3
970.815,5
970.886,4
970.956,4
971.026,3
971.097,1
971.167,1
971.237,0
971.307,1
971.378,1
971.448,1
971.518,1
971.589,0
971.659,1
971.729,2
971.799,2
971.87,2
971.94,1
972.01,0
972.081,0
972.151,0
972.221,0
972.292,0
972.362,1
972.432,1
972.503,3
972.573,3
972.643,3
972.714,4
972.784,2
972.854,2
972.925,1
972.995,0
973.065,0
973.136,0
973.206,0
973.276,1
973.347,1
973.417,2
973.488,2
973.558,2
973.628,2
973.699,2
973.769,2
973.839,3
973.91,3
973.98,2
974.051,2
974.121,3
974.191,4
974.262,4
974.332,4
974.403,2
974.473,1
974.543,1
974.614,1
974.684,0
974.755,1
974.825,2
974.895,2
974.966,3
975.036,2
975.107,2
975.177,2
975.248,2
975.318,3
975.388,5
975.459,5
975.529,5
975.6,4
975.67,1
975.741,1
975.811,0
975.882,0
975.952,1
976.023,1
976.093,1
976.163,2
976.234,1
976.304,1
976.375,2
976.445,1
976.516,2
976.586,2
976.657,1
976.727,1
976.798,0
976.868,0
976.939,1
977.009,1
977.08,1
977.15,1
977.221,2
977.291,2
977.362,3
977.432,3
977.503,3
977.573,3
977.644,2
977.714,2
977.785,2
977.855,3
977.926,5
977.996,5
978.067,3
978.138,2
978.208,0
978.279,0
978.349,3
978.42,3
978.49,3
978.561,3
978.631,1
978.702,1
978.772,1
978.843,1
978.914,1
978.984,2
979.055,3
979.125,3
979.196,4
979.266,4
979.337,5
979.408,5
979.478,4
979.549,3
979.619,1
979.69,1
979.761,0
979.831,1
979.902,2
979.972,2
980.043,2
980.114,1
980.184,2
980.255,2
980.325,2
980.396,3
980.467,1
980.537,6
980.608,9
980.679,12
980.749,18
980.82,14
980.891,12
980.961,9
981.032,5
981.102,5
981.173,5
981.244,6
981.314,2
981.385,2
981.456,2
981.526,1
981.597,1
981.668,1
981.738,1
981.809,1
981.88,1
981.95,1
982.021,1
982.092,1
982.162,1
982.233,1
982.304,2
982.375,2
982.445,2
982.516,2
982.587,1
982.657,2
982.728,1
982.799,1
982.869,1
982.94,1
983.011,1
983.082,1
983.152,2
983.223,1
983.294,1
983.364,1
983.435,1
983.506,2
983.577,2
983.647,2
983.718,2
983.789,1
983.86,4
983.93,4
984.001,3
984.072,3
984.143,0
984.213,0
984.284,0
984.355,0
984.426,0
984.496,1
984.567,1
984.638,1
984.709,2
984.78,1
984.85,1
984.921,2
984.992,3
985.063,3
985.134,3
985.204,3
985.275,3
985.346,4
985.417,4
985.488,3
985.558,1
985.629,1
985.7,1
985.771,1
985.842,2
985.912,2
985.983,3
986.054,3
986.125,3
986.196,2
986.267,1
986.337,3
986.408,3
986.479,3
986.55,3
986.621,1
986.692,2
986.762,2
986.833,3
986.904,3
986.975,2
987.046,3
987.117,2
987.188,2
987.259,1
987.329,0
987.4,1
987.471,1
987.542,1
987.613,1
987.684,0
987.755,2
987.826,2
987.896,2
987.967,2
988.038,0
988.109,3
988.18,3
988.251,3
988.322,5
988.393,3
988.464,6
988.535,10
988.606,8
988.676,7
988.747,5
988.818,5
988.889,8
988.96,12
989.031,14
989.102,13
989.173,11
989.244,9
989.315,6
989.386,3
989.457,2
989.528,0
989.599,1
989.67,1
989.741,1
989.812,1
989.883,1
989.953,1
990.024,2
990.095,2
990.166,1
990.237,3
990.308,2
990.379,2
990.45,3
990.521,2
990.592,2
990.663,2
990.734,1
990.805,0
990.876,0
990.947,1
991.018,2
991.089,2
991.16,3
991.231,2
991.302,2
991.373,2
991.444,1
991.515,1
991.586,1
991.657,2
991.729,2
991.8,2
991.871,1
991.942,0
992.013,0
992.084,0
992.155,0
992.226,0
992.297,1
992.368,3
992.439,4
992.51,4
992.581,3
992.652,3
992.723,5
992.794,6
992.865,6
992.936,4
993.008,1
993.079,0
993.15,1
993.221,1
993.292,1
993.363,1
993.434,0
993.505,1
993.576,1
993.647,2
993.718,2
993.79,1
993.861,1
993.932,1
994.003,1
994.074,1
994.145,1
994.216,2
994.287,2
994.359,5
994.43,5
994.501,3
994.572,3
994.643,2
994.714,2
994.785,2
994.857,2
994.928,1
994.999,1
995.07,2
995.141,3
995.212,3
995.283,4
995.355,3
995.426,2
995.497,2
995.568,1
995.639,3
995.71,3
995.782,2
995.853,2
995.924,1
995.995,2
996.066,2
996.138,2
996.209,1
996.28,1
996.351,2
996.422,2
996.494,4
996.565,3
996.636,3
996.707,3
996.778,1
996.85,2
996.921,3
996.992,6
997.063,6
997.135,6
997.206,4
997.277,2
997.348,4
997.419,4
997.491,8
997.562,7
997.633,5
997.704,4
997.776,1
997.847,1
997.918,1
997.99,2
998.061,2
998.132,3
998.203,5
998.275,4
998.346,3
998.417,3
998.488,2
998.56,3
998.631,6
998.702,5
998.774,5
998.845,4
998.916,1
998.987,1
999.059,0
999.13,0
999.201,0
999.273,0
999.344,0
999.415,0
999.487,0
999.558,0
999.629,0
999.701,0
999.772,0
999.843,0
999.914,1
999.986,1
1000.057,4
1000.128,4
1000.2,3
1000.271,3
1000.343,0
1000.414,0
1000.485,1
1000.557,3
1000.628,3
1000.699,3
1000.771,3
1000.842,1
1000.913,1
1000.985,1
1001.056,0
1001.127,0
1001.199,2
1001.27,2
1001.342,3
1001.413,3
1001.484,2
1001.556,2
1001.627,1
1001.699,1
1001.77,0
1001.841,0
1001.913,0
1001.984,0
1002.056,0
1002.127,0
1002.198,1
1002.27,2
1002.341,2
1002.413,2
1002.484,1
1002.555,0
1002.627,0
1002.698,1
1002.77,2
1002.841,2
1002.913,4
1002.984,3
1003.056,2
1003.127,2
1003.198,0
1003.27,1
1003.341,3
1003.413,3
1003.484,3
1003.556,2
1003.627,1
1003.699,1
1003.77,1
1003.842,1
1003.913,0
1003.985,0
1004.056,0
1004.127,0
1004.199,0
1004.27,0
1004.342,1
1004.413,1
1004.485,1
1004.556,1
1004.628,0
1004.699,1
1004.771,4
1004.842,6
1004.914,6
1004.985,5
1005.057,5
1005.128,3
1005.2,3
1005.272,3
1005.343,1
1005.415,1
1005.486,4
1005.558,4
1005.629,3
1005.701,3
1005.772,2
1005.844,2
1005.915,2
1005.987,2
1006.058,0
1006.13,0
1006.202,2
1006.273,2
1006.345,2
1006.416,3
1006.488,4
1006.559,5
1006.631,5
1006.703,5
1006.774,2
1006.846,2
1006.917,2
1006.989,1
1007.06,1
1007.132,1
1007.204,4
1007.275,4
1007.347,7
1007.418,6
1007.49,8
1007.562,8
1007.633,6
1007.705,7
1007.776,4
1007.848,5
1007.92,5
1007.991,4
1008.063,3
1008.135,2
1008.206,1
1008.278,1
1008.349,2
1008.421,3
1008.493,4
1008.564,5
1008.636,5
1008.708,5
1008.779,5
1008.851,5
1008.923,4
1008.994,4
1009.066,4
1009.138,6
1009.209,3
1009.281,4
1009.353,4
1009.424,3
1009.496,2
1009.568,1
1009.639,3
1009.711,3
1009.783,3
1009.854,4
1009.926,4
1009.998,4
1010.069,8
1010.141,8
1010.213,8
1010.285,8
1010.356,5
1010.428,4
1010.5,2
1010.571,3
1010.643,3
1010.715,3
1010.787,4
1010.858,4
1010.93,3
1011.002,3
1011.073,2
1011.145,0
1011.217,0
1011.289,0
1011.36,0
1011.432,0
1011.504,0
1011.576,0
1011.647,2
1011.719,2
1011.791,3
1011.863,3
1011.934,2
1012.006,3
1012.078,2
1012.15,2
1012.221,1
1012.293,0
1012.365,0
1012.437,0
1012.509,0
1012.58,0
1012.652,1
1012.724,1
1012.796,2
1012.868,2
1012.939,2
1013.011,2
1013.083,2
1013.155,2
1013.227,1
1013.298,1
1013.37,0
1013.442,2
1013.514,3
1013.586,3
1013.657,4
1013.729,2
1013.801,2
1013.873,4
1013.945,3
1014.017,3
1014.088,6
1014.16,3
1014.232,3
1014.304,2
1014.376,4
1014.448,4
1014.52,3
1014.591,3
1014.663,3
1014.735,3
1014.807,3
1014.879,5
1014.951,2
1015.023,2
1015.095,2
1015.166,1
1015.238,1
1015.31,1
1015.382,3
1015.454,2
1015.526,3
1015.598,4
1015.67,6
1015.742,7
1015.813,6
1015.885,4
1015.957,5
1016.029,3
1016.101,2
1016.173,2
1016.245,0
1016.317,1
1016.389,1
1016.461,1
1016.533,1
1016.605,1
1016.676,1
1016.748,1
1016.82,3
1016.892,2
1016.964,3
1017.036,3
1017.108,2
1017.18,2
1017.252,1
1017.324,1
1017.396,2
1017.468,3
1017.54,7
1017.612,8
1017.684,8
1017.756,8
1017.828,5
1017.9,5
1017.972,3
1018.044,3
1018.116,4
1018.188,5
1018.26,4
1018.332,4
1018.404,4
1018.476,3
1018.548,2
1018.62,2
1018.692,1
1018.764,1
1018.836,0
1018.908,0
1018.98,1
1019.052,2
1019.124,3
1019.196,5
1019.268,6
1019.34,6
1019.412,6
1019.484,5
1019.556,6
1019.628,5
1019.7,4
1019.772,4
1019.844,3
1019.916,4
1019.988,4
1020.06,3
1020.132,1
1020.204,0
1020.276,3
1020.348,3
1020.421,3
1020.493,3
1020.565,1
1020.637,4
1020.709,7
1020.781,12
1020.853,16
1020.925,16
1020.997,15
1021.069,15
1021.141,10
1021.213,8
1021.286,8
1021.358,6
1021.43,3
1021.502,3
1021.574,2
1021.646,0
1021.718,0
1021.79,2
1021.862,2
1021.935,2
1022.007,4
1022.079,2
1022.151,2
1022.223,2
1022.295,0
1022.367,0
1022.439,1
1022.512,1
1022.584,1
1022.656,1
1022.728,2
1022.8,2
1022.872,2
1022.944,2
1023.017,0
1023.089,0
1023.161,1
1023.233,1
1023.305,2
1023.377,2
1023.45,2
1023.522,2
1023.594,1
1023.666,1
1023.738,1
1023.811,2
1023.883,2
1023.955,2
1024.027,1
1024.099,0
1024.172,0
1024.244,2
1024.316,2
1024.388,2
1024.46,2
1024.533,0
1024.605,0
1024.677,0
1024.749,0
1024.821,2
1024.894,2
1024.966,4
1025.038,4
1025.11,2
1025.183,2
1025.255,1
1025.327,1
1025.399,1
1025.472,1
1025.544,0
1025.616,1
1025.688,1
1025.761,1
1025.833,1
1025.905,0
1025.977,0
1026.05,0
1026.122,0
1026.194,0
1026.267,0
1026.339,0
1026.411,1
1026.483,1
1026.556,1
1026.628,1
1026.7,1
1026.773,1
1026.845,1
1026.917,1
1026.989,0
1027.062,1
1027.134,1
1027.206,2
1027.279,2
1027.351,2
1027.423,2
1027.496,3
1027.568,3
1027.64,2
1027.713,3
1027.785,1
1027.857,3
1027.93,3
1028.002,2
1028.074,3
1028.147,2
1028.219,2
1028.291,3
1028.364,3
1028.436,2
1028.508,2
1028.581,1
1028.653,1
1028.725,1
1028.798,3
1028.87,3
1028.943,3
1029.015,4
1029.087,2
1029.16,2
1029.232,1
1029.304,1
1029.377,1
1029.449,1
1029.522,1
1029.594,0
1029.666,0
1029.739,0
1029.811,3
1029.884,3
1029.956,3
1030.028,5
1030.101,4
1030.173,4
1030.246,4
1030.318,7
1030.391,6
1030.463,5
1030.535,4
1030.608,3
1030.68,5
1030.753,8
1030.825,10
1030.898,11
1030.97,9
1031.042,7
1031.115,6
1031.187,5
1031.26,4
1031.332,3
1031.405,3
1031.477,2
1031.55,1
1031.622,2
1031.695,1
1031.767,1
1031.84,3
1031.912,2
1031.984,2
1032.057,3
1032.129,1
1032.202,1
1032.274,1
1032.347,0
1032.419,1
1032.492,1
1032.564,3
1032.637,3
1032.709,2
1032.782,2
1032.854,0
1032.927,0
1032.999,1
1033.072,2
1033.145,4
1033.217,4
1033.29,3
1033.362,3
1033.435,1
1033.507,1
1033.58,1
1033.652,1
1033.725,1
1033.797,1
1033.87,1
1033.942,0
1034.015,1
1034.088,1
1034.16,2
1034.233,2
1034.305,2
1034.378,2
1034.45,2
1034.523,3
1034.595,3
1034.668,3
1034.741,2
1034.813,1
1034.886,0
1034.958,0
1035.031,1
1035.104,1
1035.176,1
1035.249,1
1035.321,1
1035.394,1
1035.467,1
1035.539,1
1035.612,1
1035.684,1
1035.757,1
1035.83,1
1035.902,0
1035.975,0
1036.047,0
1036.12,0
1036.193,0
1036.265,1
1036.338,2
1036.411,2
1036.483,2
1036.556,1
1036.629,0
1036.701,4
1036.774,5
1036.847,6
1036.919,7
1036.992,9
1037.064,9
1037.137,8
1037.21,8
1037.282,5
1037.355,5
1037.428,5
1037.501,7
1037.573,4
1037.646,4
1037.719,4
1037.791,2
1037.864,2
1037.937,2
1038.009,2
1038.082,5
1038.155,5
1038.227,4
1038.3,4
1038.373,3
1038.446,2
1038.518,2
1038.591,1
1038.664,1
1038.736,1
1038.809,2
1038.882,2
1038.955,5
1039.027,6
1039.1,5
1039.173,5
1039.245,2
1039.318,1
1039.391,1
1039.464,2
1039.536,2
1039.609,3
1039.682,3
1039.755,2
1039.827,2
1039.9,3
1039.973,3
1040.046,3
1040.119,3
1040.191,1
1040.264,1
1040.337,1
1040.41,2
1040.482,2
1040.555,1
1040.628,2
1040.701,2
1040.774,2
1040.846,2
1040.919,2
1040.992,1
1041.065,1
1041.138,1
1041.21,1
1041.283,1
1041.356,2
1041.429,3
1041.502,2
1041.574,2
1041.647,1
1041.72,1
1041.793,1
1041.866,1
1041.939,1
1042.011,1
1042.084,1
1042.157,3
1042.23,3
1042.303,2
1042.376,3
1042.449,2
1042.521,3
1042.594,3
1042.667,2
1042.74,2
1042.813,2
1042.886,3
1042.959,3
1043.031,2
1043.104,1
1043.177,3
1043.25,3
1043.323,5
1043.396,5
1043.469,3
1043.542,4
1043.615,4
1043.687,4
1043.76,4
1043.833,3
1043.906,2
1043.979,2
1044.052,2
1044.125,2
1044.198,1
1044.271,1
1044.344,1
1044.416,1
1044.489,1
1044.562,1
1044.635,3
1044.708,3
1044.781,3
1044.854,3
1044.927,2
1045,2
1045.073,2
1045.146,2
1045.219,0
1045.292,0
1045.365,0
1045.438,0
1045.511,1
1045.584,3
1045.657,3
1045.73,3
1045.802,3
1045.875,2
1045.948,2
1046.021,2
1046.094,5
1046.167,4
1046.24,4
1046.313,4
1046.386,1
1046.459,1
1046.532,2
1046.605,3
1046.678,2
1046.751,2
1046.824,1
1046.897,0
1046.97,0
1047.043,0
1047.116,0
1047.189,0
1047.262,0
1047.335,0
1047.408,0
1047.482,0
1047.555,4
1047.628,5
1047.701,5
1047.774,6
1047.847,3
1047.92,2
1047.993,2
1048.066,1
1048.139,1
1048.212,3
1048.285,4
1048.358,4
1048.431,4
1048.504,2
1048.577,1
1048.65,1
1048.723,0
1048.796,0
1048.87,0
1048.943,1
1049.016,2
1049.089,2
1049.162,2
1049.235,1
1049.308,1
1049.381,1
1049.454,1
1049.527,1
1049.6,1
1049.674,1
1049.747,3
1049.82,3
1049.893,2
1049.966,2
1050.039,0
1050.112,0
1050.185,0
1050.259,1
1050.332,1
1050.405,2
1050.478,2
1050.551,1
1050.624,2
1050.697,2
1050.771,4
1050.844,5
1050.917,5
1050.99,4
1051.063,2
1051.136,1
1051.209,0
1051.283,0
1051.356,0
1051.429,1
1051.502,1
1051.575,1
1051.648,2
1051.722,1
1051.795,1
1051.868,4
1051.941,5
1052.014,7
1052.088,9
1052.161,7
1052.234,8
1052.307,7
1052.38,5
1052.454,5
1052.527,4
1052.6,6
1052.673,3
1052.746,3
1052.82,2
1052.893,0
1052.966,0
1053.039,0
1053.113,2
1053.186,2
1053.259,3
1053.332,3
1053.405,2
1053.479,2
1053.552,2
1053.625,2
1053.698,1
1053.772,1
1053.845,1
1053.918,1
1053.991,1
1054.065,2
1054.138,1
1054.211,1
1054.285,2
1054.358,1
1054.431,1
1054.504,1
1054.578,0
1054.651,0
1054.724,0
1054.798,4
1054.871,4
1054.944,4
1055.017,4
1055.091,0
1055.164,0
1055.237,0
1055.311,2
1055.384,2
1055.457,3
1055.531,3
1055.604,1
1055.677,1
1055.75,0
1055.824,0
1055.897,0
1055.97,0
1056.044,0
1056.117,0
1056.19,0
1056.264,1
1056.337,1
1056.411,1
1056.484,2
1056.557,2
1056.631,2
1056.704,4
1056.777,3
1056.851,2
1056.924,3
1056.997,1
1057.071,1
1057.144,1
1057.217,1
1057.291,3
1057.364,5
1057.438,7
1057.511,7
1057.584,6
1057.658,6
1057.731,4
1057.805,4
1057.878,4
1057.951,3
1058.025,2
1058.098,4
1058.172,4
1058.245,5
1058.318,5
1058.392,3
1058.465,3
1058.539,2
1058.612,0
1058.685,0
1058.759,0
1058.832,1
1058.906,1
1058.979,1
1059.053,2
1059.126,1
1059.2,2
1059.273,2
1059.346,1
1059.42,1
1059.493,0
1059.567,1
1059.64,1
1059.714,1
1059.787,1
1059.861,5
1059.934,4
1060.008,3
1060.081,2
1060.155,0
1060.228,0
1060.301,0
1060.375,1
1060.448,1
1060.522,2
1060.595,3
1060.669,2
1060.742,3
1060.816,2
1060.889,1
1060.963,1
1061.036,0
1061.11,0
1061.183,0
1061.257,1
1061.33,2
1061.404,2
1061.478,3
1061.551,2
1061.625,3
1061.698,3
1061.772,2
1061.845,2
1061.919,0
1061.992,0
1062.066,2
1062.139,2
1062.213,3
1062.286,3
1062.36,1
1062.434,1
1062.507,0
1062.581,0
1062.654,0
1062.728,0
1062.801,1
1062.875,1
1062.949,2
1063.022,2
1063.096,1
1063.169,1
1063.243,2
1063.316,2
1063.39,2
1063.464,3
1063.537,3
1063.611,3
1063.684,3
1063.758,2
1063.832,0
1063.905,0
1063.979,0
1064.052,0
1064.126,0
1064.2,0
1064.273,1
1064.347,1
1064.421,1
1064.494,1
1064.568,1
1064.641,1
1064.715,1
1064.789,2
1064.862,2
1064.936,2
1065.01,4
1065.083,3
1065.157,3
1065.231,3
1065.304,1
1065.378,1
1065.452,0
1065.525,0
1065.599,0
1065.673,0
1065.746,1
1065.82,1
1065.894,1
1065.967,1
1066.041,1
1066.115,1
1066.188,2
1066.262,2
1066.336,1
1066.409,2
1066.483,2
1066.557,2
1066.631,2
1066.704,1
1066.778,0
1066.852,0
1066.925,0
1066.999,0
1067.073,0
1067.147,0
1067.22,0
1067.294,0
1067.368,1
1067.441,1
1067.515,1
1067.589,1
1067.663,0
1067.736,0
1067.81,0
1067.884,0
1067.958,0
1068.031,0
1068.105,0
1068.179,1
1068.253,1
1068.326,1
1068.4,1
1068.474,0
1068.548,0
1068.622,0
1068.695,1
1068.769,1
1068.843,3
1068.917,4
1068.99,4
1069.064,4
1069.138,3
1069.212,2
1069.286,2
1069.359,2
1069.433,1
1069.507,1
1069.581,0
1069.655,0
1069.728,2
1069.802,2
1069.876,2
1069.95,2
1070.024,1
1070.098,1
1070.171,1
1070.245,2
1070.319,1
1070.393,1
1070.467,2
1070.541,1
1070.614,1
1070.688,1
1070.762,0
1070.836,0
1070.91,1
1070.984,2
1071.057,2
1071.131,2
1071.205,2
1071.279,1
1071.353,1
1071.427,1
1071.501,0
1071.575,1
1071.648,2
1071.722,2
1071.796,2
1071.87,1
1071.944,1
1072.018,2
1072.092,2
1072.166,2
1072.24,3
1072.313,2
1072.387,3
1072.461,3
1072.535,1
1072.609,1
1072.683,0
1072.757,0
1072.831,0
1072.905,0
1072.979,0
1073.053,0
1073.127,0
1073.2,0
1073.274,0
1073.348,0
1073.422,1
1073.496,1
1073.57,1
1073.644,1
1073.718,1
1073.792,1
1073.866,1
1073.94,2
1074.014,1
1074.088,1
1074.162,1
1074.236,0
1074.31,1
1074.384,2
1074.458,2
1074.532,3
1074.606,2
1074.68,2
1074.754,2
1074.828,1
1074.902,1
1074.976,1
1075.05,1
1075.124,1
1075.198,1
1075.272,0
1075.346,0
1075.42,0
1075.494,1
1075.568,1
1075.642,1
1075.716,1
1075.79,0
1075.864,1
1075.938,2
1076.012,6
1076.086,6
1076.16,5
1076.234,4
1076.308,6
1076.382,5
1076.456,4
1076.53,3
1076.604,0
1076.678,1
1076.752,2
1076.826,2
1076.9,3
1076.975,4
1077.049,3
1077.123,4
1077.197,3
1077.271,1
1077.345,1
1077.419,0
1077.493,0
1077.567,0
1077.641,0
1077.715,0
1077.789,0
1077.864,0
1077.938,0
1078.012,0
1078.086,0
1078.16,0
1078.234,2
1078.308,2
1078.382,2
1078.456,3
1078.53,1
1078.605,2
1078.679,2
1078.753,2
1078.827,2
1078.901,1
1078.975,1
1079.049,0
1079.124,0
1079.198,0
1079.272,0
1079.346,0
1079.42,0
1079.494,0
1079.568,0
1079.643,0
1079.717,0
1079.791,0
1079.865,0
1079.939,2
1080.013,2
1080.088,2
1080.162,2
1080.236,0
1080.31,0
1080.384,0
1080.458,0
1080.533,0
1080.607,0
1080.681,0
1080.755,0
1080.829,0
1080.904,0
1080.978,0
1081.052,1
1081.126,1
1081.201,1
1081.275,1
1081.349,0
1081.423,1
1081.497,1
1081.572,1
1081.646,1
1081.72,1
1081.794,1
1081.869,1
1081.943,1
1082.017,1
1082.091,1
1082.165,1
1082.24,1
1082.314,0
1082.388,0
1082.463,1
1082.537,1
1082.611,1
1082.685,1
1082.76,0
1082.834,0
1082.908,1
1082.982,1
1083.057,1
1083.131,1
1083.205,1
1083.279,2
1083.354,2
1083.428,2
1083.502,1
1083.577,0
1083.651,1
1083.725,3
1083.8,5
1083.874,7
1083.948,9
1084.022,9
1084.097,9
1084.171,9
1084.245,10
1084.32,8
1084.394,6
1084.468,4
1084.543,2
1084.617,2
1084.691,4
1084.766,5
1084.84,5
1084.914,7
1084.989,7
1085.063,10
1085.137,8
1085.212,6
1085.286,5
1085.361,2
1085.435,2
1085.509,2
1085.584,2
1085.658,1
1085.732,1
1085.807,2
1085.881,1
1085.955,1
1086.03,2
1086.104,1
1086.179,1
1086.253,1
1086.327,2
1086.402,2
1086.476,2
1086.551,3
1086.625,1
1086.699,1
1086.774,1
1086.848,0
1086.923,0
1086.997,0
1087.071,0
1087.146,0
1087.22,1
1087.295,1
1087.369,1
1087.444,1
1087.518,0
1087.592,1
1087.667,4
1087.741,4
1087.816,5
1087.89,4
1087.965,1
1088.039,1
1088.114,0
1088.188,0
1088.262,0
1088.337,0
1088.411,0
1088.486,1
1088.56,1
1088.635,1
1088.709,1
1088.784,1
1088.858,1
1088.933,1
1089.007,2
1089.082,1
1089.156,1
1089.231,1
1089.305,0
1089.38,0
1089.454,0
1089.529,0
1089.603,0
1089.678,0
1089.752,0
1089.827,0
1089.901,1
1089.976,1
1090.05,1
1090.125,1
1090.199,1
1090.274,1
1090.348,1
1090.423,1
1090.497,0
1090.572,0
1090.646,0
1090.721,1
1090.796,1
1090.87,1
1090.945,1
1091.019,2
1091.094,2
1091.168,2
1091.243,2
1091.317,1
1091.392,3
1091.467,3
1091.541,4
1091.616,3
1091.69,2
1091.765,3
1091.839,3
1091.914,3
1091.989,2
1092.063,1
1092.138,0
1092.212,0
1092.287,0
1092.362,0
1092.436,0
1092.511,1
1092.585,2
1092.66,2
1092.735,2
1092.809,1
1092.884,0
1092.959,0
1093.033,1
1093.108,1
1093.182,1
1093.257,2
1093.332,1
1093.406,1
1093.481,1
1093.556,0
1093.63,1
1093.705,2
1093.78,3
1093.854,5
1093.929,8
1094.003,11
1094.078,14
1094.153,18
1094.227,17
1094.302,14
1094.377,11
1094.451,8
1094.526,5
1094.601,4
1094.675,6
1094.75,5
1094.825,5
1094.9,5
1094.974,4
1095.049,2
1095.124,2
1095.198,2
1095.273,0
1095.348,0
1095.422,0
1095.497,0
1095.572,0
1095.647,0
1095.721,1
1095.796,1
1095.871,2
1095.945,2
1096.02,1
1096.095,1
1096.17,1
1096.244,2
1096.319,4
1096.394,4
1096.469,3
1096.543,2
1096.618,0
1096.693,0
1096.768,0
1096.842,1
1096.917,3
1096.992,4
1097.067,4
1097.141,3
1097.216,1
1097.291,0
1097.366,0
1097.44,0
1097.515,0
1097.59,1
1097.665,2
1097.74,2
1097.814,2
1097.889,1
1097.964,1
1098.039,1
1098.114,1
1098.188,2
1098.263,1
1098.338,1
1098.413,1
1098.488,0
1098.562,0
1098.637,0
1098.712,0
1098.787,0
1098.862,0
1098.937,0
1099.011,0
1099.086,0
1099.161,0
1099.236,0
1099.311,0
1099.386,0
1099.46,0
1099.535,1
1099.61,1
1099.685,1
1099.76,1
1099.835,0
1099.91,1
1099.984,3
1100.059,4
1100.134,4
1100.209,4
1100.284,2
1100.359,1
1100.434,1
1100.508,0
1100.583,0
1100.658,0
1100.733,0
1100.808,0
1100.883,1
1100.958,1
1101.033,1
1101.108,1
1101.183,0
1101.257,0
1101.332,1
1101.407,3
1101.482,4
1101.557,4
1101.632,3
1101.707,3
1101.782,2
1101.857,2
1101.932,2
1102.007,0
1102.082,0
1102.157,1
1102.231,1
1102.306,1
1102.381,1
1102.456,0
1102.531,0
1102.606,0
1102.681,0
1102.756,0
1102.831,0
1102.906,2
1102.981,2
1103.056,2
1103.131,2
1103.206,1
1103.281,1
1103.356,1
1103.431,1
1103.506,0
1103.581,0
1103.656,0
1103.731,1
1103.806,1
1103.881,1
1103.956,1
1104.031,0
1104.106,0
1104.181,0
1104.256,2
1104.331,2
1104.406,2
1104.481,2
1104.556,1
1104.631,1
1104.706,1
1104.781,2
1104.856,1
1104.931,1
1105.006,1
1105.081,0
1105.156,0
1105.231,0
1105.306,1
1105.381,1
1105.456,1
1105.531,1
1105.607,0
1105.682,0
1105.757,0
1105.832,1
1105.907,2
1105.982,2
1106.057,3
1106.132,2
1106.207,1
1106.282,1
1106.357,0
1106.432,0
1106.507,1
1106.582,1
1106.658,2
1106.733,2
1106.808,2
1106.883,2
1106.958,2
1107.033,2
1107.108,1
1107.183,1
1107.258,0
1107.334,0
1107.409,0
1107.484,0
1107.559,0
1107.634,0
1107.709,1
1107.784,1
1107.859,1
1107.935,1
1108.01,0
1108.085,0
1108.16,0
1108.235,0
1108.31,0
1108.385,0
1108.461,0
1108.536,0
1108.611,0
1108.686,0
1108.761,0
1108.836,0
1108.912,0
1108.987,0
1109.062,0
1109.137,0
1109.212,1
1109.287,1
1109.363,1
1109.438,1
1109.513,0
1109.588,0
1109.663,0
1109.739,0
1109.814,0
1109.889,0
1109.964,0
1110.039,0
1110.115,0
1110.19,1
1110.265,2
1110.34,2
1110.416,2
1110.491,1
1110.566,1
1110.641,1
1110.716,1
1110.792,1
1110.867,0
1110.942,1
1111.017,2
1111.093,2
1111.168,2
1111.243,1
1111.318,1
1111.394,2
1111.469,2
1111.544,2
1111.619,1
1111.695,2
1111.77,2
1111.845,2
1111.921,2
1111.996,0
1112.071,0
1112.146,0
1112.222,0
1112.297,0
1112.372,0
1112.448,0
1112.523,0
1112.598,0
1112.673,0
1112.749,2
1112.824,4
1112.899,7
1112.975,12
1113.05,10
1113.125,9
1113.201,7
1113.276,5
1113.351,6
1113.427,7
1113.502,7
1113.577,5
1113.653,4
1113.728,2
1113.803,1
1113.879,0
1113.954,0
1114.029,1
1114.105,1
1114.18,1
1114.255,1
1114.331,0
1114.406,0
1114.481,2
1114.557,2
1114.632,3
1114.708,3
1114.783,1
1114.858,1
1114.934,0
1115.009,0
1115.084,0
1115.16,0
1115.235,0
1115.311,0
1115.386,1
1115.461,1
1115.537,1
1115.612,2
1115.688,1
1115.763,1
1115.838,1
1115.914,1
1115.989,2
1116.065,2
1116.14,2
1116.215,1
1116.291,1
1116.366,1
1116.442,1
1116.517,1
1116.593,0
1116.668,0
1116.743,0
1116.819,0
1116.894,1
1116.97,2
1117.045,2
1117.121,2
1117.196,1
1117.272,0
1117.347,0
1117.423,1
1117.498,1
1117.573,1
1117.649,2
1117.724,1
1117.8,2
1117.875,2
1117.951,1
1118.026,2
1118.102,3
1118.177,3
1118.253,4
1118.328,3
1118.404,4
1118.479,4
1118.555,3
1118.63,3
1118.706,2
1118.781,3
1118.857,3
1118.932,4
1119.008,3
1119.083,2
1119.159,3
1119.234,3
1119.31,2
1119.386,2
1119.461,1
1119.537,3
1119.612,4
1119.688,4
1119.763,4
1119.839,2
1119.914,3
1119.99,3
1120.065,3
1120.141,2
1120.217,1
1120.292,2
1120.368,2
1120.443,2
1120.519,1
1120.594,0
1120.67,0
1120.746,3
1120.821,4
1120.897,4
1120.972,4
1121.048,4
1121.123,5
1121.199,5
1121.275,5
1121.35,3
1121.426,2
1121.501,2
1121.577,2
1121.653,1
1121.728,0
1121.804,0
1121.879,1
1121.955,1
1122.031,1
1122.106,1
1122.182,0
1122.258,0
1122.333,4
1122.409,4
1122.484,4
1122.56,4
1122.636,1
1122.711,1
1122.787,1
1122.863,1
1122.938,0
1123.014,0
1123.09,1
1123.165,1
1123.241,2
1123.317,3
1123.392,2
1123.468,2
1123.544,1
1123.619,1
1123.695,3
1123.771,5
1123.846,6
1123.922,7
1123.998,7
1124.073,6
1124.149,10
1124.225,8
1124.301,6
1124.376,6
1124.452,1
1124.528,3
1124.603,4
1124.679,4
1124.755,7
1124.83,8
1124.906,8
1124.982,9
1125.058,6
1125.133,4
1125.209,5
1125.285,4
1125.361,2
1125.436,2
1125.512,4
1125.588,6
1125.664,6
1125.739,7
1125.815,9
1125.891,9
1125.967,8
1126.042,7
1126.118,3
1126.194,1
1126.27,1
1126.345,1
1126.421,0
1126.497,0
1126.573,0
1126.648,0
1126.724,2
1126.8,2
1126.876,3
1126.952,3
1127.027,1
1127.103,1
1127.179,0
1127.255,0
1127.331,0
1127.406,0
1127.482,0
1127.558,0
1127.634,1
1127.71,2
1127.785,3
1127.861,4
1127.937,5
1128.013,5
1128.089,6
1128.165,6
1128.24,7
1128.316,6
1128.392,4
1128.468,3
1128.544,1
1128.62,1
1128.695,2
1128.771,3
1128.847,4
1128.923,6
1128.999,7
1129.075,7
1129.151,6
1129.226,10
1129.302,9
1129.378,8
1129.454,7
1129.53,1
1129.606,1
1129.682,1
1129.758,1
1129.833,1
1129.909,0
1129.985,2
1130.061,2
1130.137,2
1130.213,2
1130.289,0
1130.365,1
1130.441,2
1130.517,3
1130.593,3
1130.668,2
1130.744,1
1130.82,0
1130.896,0
1130.972,0
1131.048,0
1131.124,0
1131.2,0
1131.276,0
1131.352,0
1131.428,0
1131.504,0
1131.58,0
1131.656,2
1131.732,3
1131.807,3
1131.883,3
1131.959,1
1132.035,0
1132.111,0
1132.187,0
1132.263,1
1132.339,1
1132.415,2
1132.491,2
1132.567,1
1132.643,1
1132.719,0
1132.795,0
1132.871,0
1132.947,0
1133.023,1
1133.099,1
1133.175,3
1133.251,3
1133.327,2
1133.403,2
1133.479,0
1133.555,2
1133.631,3
1133.707,3
1133.783,3
1133.859,1
1133.935,0
1134.011,0
1134.087,0
1134.163,0
1134.239,0
1134.315,0
1134.391,0
1134.467,1
1134.544,1
1134.62,1
1134.696,1
1134.772,0
1134.848,0
1134.924,1
1135,2
1135.076,3
1135.152,4
1135.228,6
1135.304,6
1135.38,6
1135.456,6
1135.532,7
1135.608,6
1135.685,6
1135.761,5
1135.837,2
1135.913,2
1135.989,2
1136.065,2
1136.141,1
1136.217,1
1136.293,1
1136.369,1
1136.446,1
1136.522,1
1136.598,0
1136.674,0
1136.75,0
1136.826,0
1136.902,0
1136.978,0
1137.055,0
1137.131,0
1137.207,1
1137.283,1
1137.359,1
1137.435,2
1137.511,2
1137.588,2
1137.664,2
1137.74,1
1137.816,0
1137.892,1
1137.968,2
1138.045,2
1138.121,2
1138.197,2
1138.273,3
1138.349,3
1138.425,3
1138.502,3
1138.578,1
1138.654,1
1138.73,1
1138.806,0
1138.883,1
1138.959,1
1139.035,1
1139.111,1
1139.187,0
1139.264,0
1139.34,2
1139.416,3
1139.492,3
1139.568,4
1139.645,2
1139.721,1
1139.797,2
1139.873,2
1139.95,2
1140.026,2
1140.102,2
1140.178,1
1140.254,1
1140.331,1
1140.407,0
1140.483,0
1140.559,0
1140.636,0
1140.712,0
1140.788,0
1140.864,0
1140.941,0
1141.017,1
1141.093,1
1141.17,1
1141.246,2
1141.322,1
1141.398,1
1141.475,1
1141.551,0
1141.627,0
1141.704,1
1141.78,1
1141.856,1
1141.932,1
1142.009,1
1142.085,1
1142.161,1
1142.238,2
1142.314,1
1142.39,3
1142.467,3
1142.543,2
1142.619,3
1142.696,2
1142.772,2
1142.848,2
1142.925,1
1143.001,0
1143.077,1
1143.154,1
1143.23,2
1143.306,2
1143.383,1
1143.459,2
1143.535,1
1143.612,1
1143.688,1
1143.764,0
1143.841,0
1143.917,0
1143.993,0
1144.07,1
1144.146,2
1144.223,3
1144.299,3
1144.375,4
1144.452,3
1144.528,3
1144.605,3
1144.681,2
1144.757,3
1144.834,2
1144.91,2
1144.986,1
1145.063,0
1145.139,1
1145.216,1
1145.292,1
1145.369,1
1145.445,0
1145.521,0
1145.598,0
1145.674,0
1145.751,0
1145.827,0
1145.904,0
1145.98,0
1146.056,0
1146.133,0
1146.209,0
1146.286,0
1146.362,1
1146.439,1
1146.515,2
1146.592,3
1146.668,2
1146.744,2
1146.821,1
1146.897,0
1146.974,1
1147.05,1
1147.127,1
1147.203,2
1147.28,1
1147.356,1
1147.433,2
1147.509,1
1147.586,1
1147.662,1
1147.739,0
1147.815,0
1147.892,0
1147.968,0
1148.045,0
1148.121,2
1148.198,3
1148.274,3
1148.351,3
1148.427,2
1148.504,2
1148.58,2
1148.657,2
1148.733,1
1148.81,0
1148.886,0
1148.963,0
1149.039,0
1149.116,1
1149.193,2
1149.269,2
1149.346,2
1149.422,2
1149.499,1
1149.575,1
1149.652,1
1149.728,0
1149.805,0
1149.882,0
1149.958,0
1150.035,0
1150.111,0
1150.188,0
1150.264,1
1150.341,2
1150.418,2
1150.494,2
1150.571,2
1150.647,1
1150.724,2
1150.801,6
1150.877,5
1150.954,6
1151.03,5
1151.107,2
1151.184,3
1151.26,4
1151.337,4
1151.413,3
1151.49,3
1151.567,1
1151.643,1
1151.72,1
1151.797,2
1151.873,4
1151.95,4
1152.027,4
1152.103,2
1152.18,2
1152.256,2
1152.333,3
1152.41,3
1152.486,1
1152.563,1
1152.64,0
1152.716,0
1152.793,1
1152.87,1
1152.946,1
1153.023,2
1153.1,1
1153.176,1
1153.253,1
1153.33,0
1153.406,0
1153.483,0
1153.56,0
1153.637,0
1153.713,0
1153.79,0
1153.867,2
1153.943,4
1154.02,7
1154.097,9
1154.173,11
1154.25,10
1154.327,9
1154.404,8
1154.48,4
1154.557,4
1154.634,3
1154.711,2
1154.787,2
1154.864,1
1154.941,1
1155.017,2
1155.094,2
1155.171,2
1155.248,1
1155.324,0
1155.401,0
1155.478,0
1155.555,0
1155.632,0
1155.708,0
1155.785,1
1155.862,2
1155.939,2
1156.015,3
1156.092,4
1156.169,5
1156.246,5
1156.322,4
1156.399,2
1156.476,2
1156.553,2
1156.63,2
1156.706,2
1156.783,0
1156.86,0
1156.937,0
1157.014,0
1157.09,0
1157.167,0
1157.244,2
1157.321,2
1157.398,2
1157.475,2
1157.551,0
1157.628,0
1157.705,0
1157.782,0
1157.859,0
1157.936,0
1158.012,0
1158.089,0
1158.166,0
1158.243,0
1158.32,0
1158.397,0
1158.473,0
1158.55,0
1158.627,0
1158.704,0
1158.781,2
1158.858,2
1158.935,3
1159.012,3
1159.088,1
1159.165,2
1159.242,1
1159.319,1
1159.396,1
1159.473,1
1159.55,1
1159.627,2
1159.704,3
1159.78,3
1159.857,3
1159.934,2
1160.011,1
1160.088,0
1160.165,0
1160.242,0
1160.319,0
1160.396,1
1160.473,1
1160.55,1
1160.627,1
1160.703,0
1160.78,1
1160.857,1
1160.934,2
1161.011,2
1161.088,2
1161.165,2
1161.242,1
1161.319,1
1161.396,1
1161.473,1
1161.55,1
1161.627,1
1161.704,0
1161.781,0
1161.858,0
1161.935,0
1162.012,0
1162.089,0
1162.166,0
1162.243,0
1162.32,0
1162.397,0
1162.474,0
1162.551,1
1162.628,2
1162.705,2
1162.782,3
1162.859,3
1162.936,3
1163.013,3
1163.09,2
1163.167,1
1163.244,0
1163.321,0
1163.398,0
1163.475,0
1163.552,0
1163.629,0
1163.706,0
1163.783,1
1163.86,1
1163.937,1
1164.014,1
1164.091,2
1164.168,2
1164.245,2
1164.322,2
1164.399,0
1164.476,0
1164.553,1
1164.63,1
1164.708,1
1164.785,1
1164.862,0
1164.939,0
1165.016,0
1165.093,0
1165.17,0
1165.247,0
1165.324,0
1165.401,0
1165.478,0
1165.555,1
1165.633,1
1165.71,1
1165.787,2
1165.864,1
1165.941,1
1166.018,2
1166.095,1
1166.172,2
1166.249,2
1166.327,1
1166.404,2
1166.481,1
1166.558,1
1166.635,1
1166.712,2
1166.789,4
1166.866,7
1166.944,9
1167.021,12
1167.098,10
1167.175,8
1167.252,6
1167.329,4
1167.406,4
1167.484,5
1167.561,5
1167.638,3
1167.715,3
1167.792,1
1167.869,1
1167.947,0
1168.024,0
1168.101,0
1168.178,0
1168.255,0
1168.333,0
1168.41,0
1168.487,0
1168.564,0
1168.641,0
1168.719,0
1168.796,1
1168.873,1
1168.95,2
1169.027,2
1169.105,1
1169.182,1
1169.259,0
1169.336,0
1169.413,2
1169.491,2
1169.568,2
1169.645,2
1169.722,0
1169.8,0
1169.877,0
1169.954,0
1170.031,0
1170.109,0
1170.186,1
1170.263,1
1170.34,1
1170.418,1
1170.495,0
1170.572,0
1170.649,1
1170.727,1
1170.804,1
1170.881,2
1170.958,2
1171.036,3
1171.113,6
1171.19,5
1171.268,4
1171.345,3
1171.422,1
1171.499,1
1171.577,1
1171.654,1
1171.731,1
1171.809,1
1171.886,1
1171.963,1
1172.041,1
1172.118,1
1172.195,1
1172.273,1
1172.35,1
1172.427,2
1172.505,2
1172.582,2
1172.659,1
1172.737,1
1172.814,1
1172.891,1
1172.969,1
1173.046,1
1173.123,2
1173.201,2
1173.278,2
1173.355,1
1173.433,0
1173.51,0
1173.587,1
1173.665,1
1173.742,2
1173.82,2
1173.897,3
1173.974,3
1174.052,2
1174.129,2
1174.206,0
1174.284,0
1174.361,0
1174.439,0
1174.516,0
1174.593,0
1174.671,0
1174.748,0
1174.826,0
1174.903,0
1174.98,1
1175.058,1
1175.135,1
1175.213,1
1175.29,1
1175.368,2
1175.445,3
1175.522,4
1175.6,7
1175.677,7
1175.755,7
1175.832,7
1175.91,9
1175.987,9
1176.064,9
1176.142,9
1176.219,7
1176.297,6
1176.374,5
1176.452,4
1176.529,1
1176.607,5
1176.684,7
1176.762,8
1176.839,10
1176.917,7
1176.994,8
1177.071,8
1177.149,8
1177.226,7
1177.304,5
1177.381,4
1177.459,4
1177.536,4
1177.614,3
1177.691,4
1177.769,3
1177.846,3
1177.924,3
1178.001,2
1178.079,0
1178.156,0
1178.234,0
1178.312,0
1178.389,7
1178.467,7
1178.544,9
1178.622,9
1178.699,9
1178.777,8
1178.854,5
1178.932,5
1179.009,2
1179.087,2
1179.164,3
1179.242,2
1179.32,1
1179.397,1
1179.475,0
1179.552,0
1179.63,1
1179.707,1
1179.785,1
1179.863,3
1179.94,3
1180.018,3
1180.095,3
1180.173,2
1180.25,2
1180.328,2
1180.406,3
1180.483,2
1180.561,2
1180.638,2
1180.716,1
1180.794,1
1180.871,0
1180.949,0
1181.026,0
1181.104,0
1181.182,0
1181.259,0
1181.337,1
1181.415,1
1181.492,1
1181.57,1
1181.647,0
1181.725,0
1181.803,1
1181.88,1
1181.958,3
1182.036,3
1182.113,2
1182.191,2
1182.269,0
1182.346,0
1182.424,0
1182.502,0
1182.579,1
1182.657,1
1182.735,2
1182.812,2
1182.89,2
1182.968,2
1183.045,1
1183.123,1
1183.201,3
1183.278,4
1183.356,4
1183.434,4
1183.511,1
1183.589,1
1183.667,1
1183.745,1
1183.822,1
1183.9,0
1183.978,0
1184.055,0
1184.133,0
1184.211,1
1184.289,2
1184.366,2
1184.444,3
1184.522,2
1184.599,1
1184.677,1
1184.755,1
1184.833,1
1184.91,1
1184.988,1
1185.066,2
1185.144,3
1185.221,3
1185.299,3
1185.377,1
1185.455,0
1185.532,2
1185.61,2
1185.688,2
1185.766,2
1185.843,0
1185.921,0
1185.999,0
1186.077,0
1186.155,0
1186.232,0
1186.31,1
1186.388,2
1186.466,2
1186.544,2
1186.621,2
1186.699,2
1186.777,2
1186.855,3
1186.933,2
1187.01,1
1187.088,3
1187.166,2
1187.244,3
1187.322,3
1187.399,3
1187.477,3
1187.555,2
1187.633,2
1187.711,0
1187.789,0
1187.866,1
1187.944,1
1188.022,1
1188.1,1
1188.178,2
1188.256,4
1188.334,5
1188.411,5
1188.489,5
1188.567,4
1188.645,3
1188.723,3
1188.801,2
1188.879,1
1188.957,3
1189.034,3
1189.112,3
1189.19,3
1189.268,1
1189.346,1
1189.424,1
1189.502,2
1189.58,2
1189.658,2
1189.735,1
1189.813,1
1189.891,1
1189.969,1
1190.047,1
1190.125,1
1190.203,1
1190.281,1
1190.359,1
1190.437,0
1190.515,1
1190.593,1
1190.67,1
1190.748,2
1190.826,1
1190.904,1
1190.982,2
1191.06,1
1191.138,1
1191.216,1
1191.294,0
1191.372,0
1191.45,1
1191.528,1
1191.606,1
1191.684,1
1191.762,3
1191.84,3
1191.918,3
1191.996,3
1192.074,1
1192.152,1
1192.23,1
1192.308,1
1192.386,0
1192.464,0
1192.542,1
1192.62,1
1192.698,1
1192.776,2
1192.854,1
1192.932,2
1193.01,2
1193.088,1
1193.166,2
1193.244,2
1193.322,2
1193.4,2
1193.478,2
1193.556,2
1193.634,5
1193.712,6
1193.79,6
1193.868,7
1193.946,9
1194.024,9
1194.102,10
1194.18,9
1194.258,8
1194.336,8
1194.414,7
1194.492,7
1194.57,6
1194.649,5
1194.727,4
1194.805,3
1194.883,2
1194.961,2
1195.039,3
1195.117,3
1195.195,2
1195.273,2
1195.351,2
1195.429,2
1195.507,1
1195.586,1
1195.664,1
1195.742,1
1195.82,4
1195.898,4
1195.976,4
1196.054,4
1196.132,3
1196.21,3
1196.288,2
1196.367,2
1196.445,2
1196.523,2
1196.601,2
1196.679,2
1196.757,2
1196.835,2
1196.914,2
1196.992,2
1197.07,0
1197.148,1
1197.226,1
1197.304,1
1197.382,1
1197.461,0
1197.539,0
1197.617,1
1197.695,2
1197.773,3
1197.851,4
1197.93,3
1198.008,2
1198.086,2
1198.164,3
1198.242,5
1198.321,10
1198.399,9
1198.477,7
1198.555,5
1198.633,2
1198.711,3
1198.79,3
1198.868,3
1198.946,1
1199.024,2
1199.103,4
1199.181,6
1199.259,10
1199.337,12
1199.415,16
1199.494,22
1199.572,28
1199.65,74
1199.728,150
1199.807,226
1199.885,308
1199.963,359
1200.041,375
1200.12,380
1200.198,385
1200.276,320
1200.354,242
1200.433,172
1200.511,98
1200.589,103
1200.667,137
1200.746,174
1200.824,211
1200.902,255
1200.98,304
1201.059,342
1201.137,383
1201.215,348
1201.294,286
1201.372,228
1201.45,166
1201.528,137
1201.607,123
1201.685,112
1201.763,98
1201.842,125
1201.92,163
1201.998,199
1202.077,236
1202.155,230
1202.233,203
1202.312,180
1202.39,154
1202.468,135
1202.546,115
1202.625,98
1202.703,79
1202.781,75
1202.86,88
1202.938,95
1203.016,111
1203.095,115
1203.173,107
1203.252,100
1203.33,87
1203.408,75
1203.487,61
1203.565,49
1203.643,34
1203.722,28
1203.8,28
1203.878,28
1203.957,26
1204.035,30
1204.114,33
1204.192,36
1204.27,40
1204.349,31
1204.427,26
1204.506,20
1204.584,13
1204.662,12
1204.741,10
1204.819,9
1204.897,7
1204.976,13
1205.054,16
1205.133,19
1205.211,24
1205.29,25
1205.368,23
1205.446,20
1205.525,15
1205.603,13
1205.682,14
1205.76,16
1205.839,20
1205.917,19
1205.995,19
1206.074,19
1206.152,21
1206.231,21
1206.309,20
1206.388,18
1206.466,16
1206.545,13
1206.623,10
1206.702,8
1206.78,2
1206.858,2
1206.937,2
1207.015,2
1207.094,4
1207.172,4
1207.251,6
1207.329,7
1207.408,10
1207.486,9
1207.565,9
1207.643,8
1207.722,7
1207.8,8
1207.879,6
1207.957,6
1208.036,5
1208.114,7
1208.193,8
1208.271,9
1208.35,6
1208.428,8
1208.507,9
1208.585,7
1208.664,5
1208.743,3
1208.821,1
1208.9,2
1208.978,3
1209.057,3
1209.135,3
1209.214,3
1209.292,2
1209.371,2
1209.449,2
1209.528,2
1209.607,2
1209.685,2
1209.764,1
1209.842,0
1209.921,1
1209.999,1
1210.078,1
1210.157,1
1210.235,0
1210.314,1
1210.392,1
1210.471,1
1210.549,1
1210.628,2
1210.707,4
1210.785,7
1210.864,9
1210.942,8
1211.021,7
1211.1,6
1211.178,3
1211.257,3
1211.336,3
1211.414,2
1211.493,2
1211.571,2
1211.65,2
1211.729,2
1211.807,1
1211.886,2
1211.965,4
1212.043,4
1212.122,3
1212.2,2
1212.279,1
1212.358,1
1212.436,1
1212.515,1
1212.594,0
1212.672,0
1212.751,1
1212.83,1
1212.908,1
1212.987,2
1213.066,3
1213.144,3
1213.223,3
1213.302,2
1213.38,5
1213.459,4
1213.538,4
1213.617,3
1213.695,1
1213.774,1
1213.853,2
1213.931,3
1214.01,3
1214.089,3
1214.167,2
1214.246,1
1214.325,4
1214.404,4
1214.482,4
1214.561,4
1214.64,6
1214.718,6
1214.797,5
1214.876,5
1214.955,2
1215.033,3
1215.112,4
1215.191,4
1215.27,2
1215.348,2
1215.427,1
1215.506,1
1215.585,3
1215.663,9
1215.742,12
1215.821,15
1215.9,21
1215.979,19
1216.057,19
1216.136,16
1216.215,12
1216.294,10
1216.372,7
1216.451,7
1216.53,6
1216.609,7
1216.688,10
1216.766,12
1216.845,14
1216.924,14
1217.003,11
1217.082,10
1217.16,8
1217.239,7
1217.318,6
1217.397,5
1217.476,3
1217.554,3
1217.633,3
1217.712,2
1217.791,0
1217.87,0
1217.949,2
1218.027,3
1218.106,3
1218.185,3
1218.264,1
1218.343,0
1218.422,1
1218.501,3
1218.579,4
1218.658,6
1218.737,7
1218.816,7
1218.895,7
1218.974,6
1219.053,4
1219.131,4
1219.21,5
1219.289,5
1219.368,4
1219.447,3
1219.526,3
1219.605,3
1219.684,7
1219.763,9
1219.841,9
1219.92,10
1219.999,13
1220.078,12
1220.157,11
1220.236,10
1220.315,5
1220.394,3
1220.473,2
1220.552,1
1220.631,0
1220.709,0
1220.788,1
1220.867,1
1220.946,1
1221.025,1
1221.104,0
1221.183,1
1221.262,1
1221.341,1
1221.42,2
1221.499,2
1221.578,3
1221.657,3
1221.736,3
1221.815,2
1221.894,1
1221.973,1
1222.052,0
1222.131,1
1222.21,1
1222.288,1
1222.367,1
1222.446,0
1222.525,1
1222.604,1
1222.683,1
1222.762,2
1222.841,2
1222.92,3
1222.999,5
1223.078,5
1223.157,8
1223.236,7
1223.315,6
1223.394,6
1223.473,4
1223.552,6
1223.632,5
1223.711,4
1223.79,2
1223.869,0
1223.948,1
1224.027,1
1224.106,3
1224.185,5
1224.264,7
1224.343,9
1224.422,10
1224.501,9
1224.58,7
1224.659,6
1224.738,2
1224.817,2
1224.896,3
1224.975,3
1225.054,1
1225.133,1
1225.212,0
1225.292,0
1225.371,0
1225.45,0
1225.529,0
1225.608,2
1225.687,3
1225.766,3
1225.845,4
1225.924,5
1226.003,5
1226.082,5
1226.162,4
1226.241,1
1226.32,1
1226.399,2
1226.478,2
1226.557,4
1226.636,3
1226.715,2
1226.794,2
1226.874,0
1226.953,0
1227.032,0
1227.111,1
1227.19,1
1227.269,1
1227.348,1
1227.428,1
1227.507,1
1227.586,2
1227.665,2
1227.744,1
1227.823,1
1227.902,0
1227.982,0
1228.061,1
1228.14,2
1228.219,2
1228.298,3
1228.378,2
1228.457,2
1228.536,2
1228.615,1
1228.694,1
1228.773,0
1228.853,0
1228.932,0
1229.011,1
1229.09,2
1229.169,4
1229.249,6
1229.328,6
1229.407,6
1229.486,5
1229.565,3
1229.645,2
1229.724,1
1229.803,0
1229.882,0
1229.962,0
1230.041,0
1230.12,1
1230.199,1
1230.279,1
1230.358,1
1230.437,0
1230.516,1
1230.596,2
1230.675,3
1230.754,5
1230.833,4
1230.913,3
1230.992,2
1231.071,1
1231.15,1
1231.23,1
1231.309,1
1231.388,2
1231.467,2
1231.547,3
1231.626,3
1231.705,1
1231.785,2
1231.864,1
1231.943,1
1232.022,1
1232.102,0
1232.181,0
1232.26,0
1232.34,1
1232.419,1
1232.498,1
1232.578,1
1232.657,0
1232.736,0
1232.816,0
1232.895,1
1232.974,2
1233.054,2
1233.133,2
1233.212,1
1233.292,0
1233.371,2
1233.45,2
1233.53,2
1233.609,2
1233.688,0
1233.768,1
1233.847,1
1233.926,2
1234.006,3
1234.085,2
1234.164,2
1234.244,5
1234.323,4
1234.403,4
1234.482,4
1234.561,1
1234.641,1
1234.72,2
1234.799,3
1234.879,5
1234.958,5
1235.038,4
1235.117,3
1235.196,0
1235.276,0
1235.355,0
1235.435,0
1235.514,0
1235.593,0
1235.673,1
1235.752,1
1235.832,4
1235.911,4
1235.991,3
1236.07,4
1236.149,3
1236.229,3
1236.308,4
1236.388,4
1236.467,3
1236.547,4
1236.626,5
1236.705,5
1236.785,6
1236.864,5
1236.944,4
1237.023,3
1237.103,1
1237.182,1
1237.262,0
1237.341,0
1237.421,0
1237.5,0
1237.58,0
1237.659,0
1237.739,3
1237.818,3
1237.898,3
1237.977,3
1238.057,2
1238.136,2
1238.216,2
1238.295,2
1238.375,0
1238.454,0
1238.534,0
1238.613,0
1238.693,0
1238.772,0
1238.852,0
1238.931,0
1239.011,2
1239.09,2
1239.17,2
1239.249,2
1239.329,1
1239.408,1
1239.488,1
1239.567,2
1239.647,4
1239.726,5
1239.806,5
1239.886,5
1239.965,3
1240.045,2
1240.124,3
1240.204,2
1240.283,1
1240.363,1
1240.442,0
1240.522,0
1240.602,3
1240.681,4
1240.761,6
1240.84,7
1240.92,10
1241,9
1241.079,7
1241.159,6
1241.238,5
1241.318,5
1241.398,6
1241.477,6
1241.557,3
1241.636,3
1241.716,2
1241.796,2
1241.875,0
1241.955,0
1242.034,0
1242.114,0
1242.194,1
1242.273,1
1242.353,1
1242.433,1
1242.512,2
1242.592,2
1242.672,2
1242.751,2
1242.831,2
1242.91,3
1242.99,3
1243.07,3
1243.149,2
1243.229,1
1243.309,2
1243.388,2
1243.468,1
1243.548,1
1243.627,2
1243.707,2
1243.787,4
1243.866,4
1243.946,2
1244.026,2
1244.106,2
1244.185,3
1244.265,3
1244.345,3
1244.424,3
1244.504,2
1244.584,2
1244.663,2
1244.743,0
1244.823,0
1244.903,0
1244.982,0
1245.062,0
1245.142,1
1245.221,1
1245.301,1
1245.381,1
1245.461,0
1245.54,0
1245.62,0
1245.7,1
1245.78,1
1245.859,1
1245.939,1
1246.019,1
1246.099,2
1246.178,3
1246.258,3
1246.338,2
1246.418,1
1246.497,1
1246.577,1
1246.657,1
1246.737,1
1246.817,0
1246.896,0
1246.976,0
1247.056,0
1247.136,0
1247.215,0
1247.295,0
1247.375,0
1247.455,1
1247.535,1
1247.614,1
1247.694,1
1247.774,0
1247.854,0
1247.934,1
1248.014,1
1248.093,1
1248.173,2
1248.253,1
1248.333,1
1248.413,2
1248.492,1
1248.572,1
1248.652,1
1248.732,1
1248.812,1
1248.892,1
1248.972,1
1249.051,0
1249.131,0
1249.211,1
1249.291,1
1249.371,1
1249.451,2
1249.531,1
1249.61,1
1249.69,1
1249.77,1
1249.85,1
1249.93,1
1250.01,2
1250.09,1
1250.17,1
1250.249,1
1250.329,1
1250.409,2
1250.489,2
1250.569,4
1250.649,6
1250.729,8
1250.809,11
1250.889,12
1250.969,11
1251.048,10
1251.128,9
1251.208,7
1251.288,5
1251.368,3
1251.448,1
1251.528,1
1251.608,1
1251.688,1
1251.768,1
1251.848,0
1251.928,0
1252.008,0
1252.088,0
1252.168,0
1252.247,1
1252.327,1
1252.407,1
1252.487,1
1252.567,2
1252.647,2
1252.727,5
1252.807,5
1252.887,3
1252.967,3
1253.047,4
1253.127,3
1253.207,2
1253.287,1
1253.367,0
1253.447,0
1253.527,0
1253.607,0
1253.687,0
1253.767,2
1253.847,2
1253.927,2
1254.007,2
1254.087,0
1254.167,1
1254.247,1
1254.327,1
1254.407,2
1254.487,3
1254.567,6
1254.647,11
1254.727,10
1254.807,9
1254.887,6
1254.967,4
1255.048,4
1255.128,3
1255.208,3
1255.288,0
1255.368,0
1255.448,0
1255.528,0
1255.608,0
1255.688,0
1255.768,0
1255.848,0
1255.928,0
1256.008,0
1256.088,0
1256.168,1
1256.249,1
1256.329,1
1256.409,1
1256.489,0
1256.569,0
1256.649,0
1256.729,0
1256.809,0
1256.889,0
1256.969,0
1257.049,0
1257.13,0
1257.21,0
1257.29,0
1257.37,0
1257.45,0
1257.53,0
1257.61,0
1257.69,1
1257.771,1
1257.851,1
1257.931,2
1258.011,2
1258.091,5
1258.171,6
1258.251,6
1258.332,6
1258.412,4
1258.492,5
1258.572,4
1258.652,3
1258.732,2
1258.813,0
1258.893,1
1258.973,1
1259.053,1
1259.133,1
1259.213,0
1259.294,1
1259.374,2
1259.454,2
1259.534,2
1259.614,1
1259.695,0
1259.775,0
1259.855,1
1259.935,2
1260.015,2
1260.096,2
1260.176,1
1260.256,0
1260.336,0
1260.416,0
1260.497,0
1260.577,2
1260.657,2
1260.737,2
1260.818,2
1260.898,1
1260.978,1
1261.058,2
1261.139,2
1261.219,1
1261.299,1
1261.379,0
1261.459,0
1261.54,1
1261.62,1
1261.7,2
1261.781,3
1261.861,2
1261.941,2
1262.021,1
1262.102,0
1262.182,1
1262.262,1
1262.342,1
1262.423,1
1262.503,1
1262.583,2
1262.664,2
1262.744,2
1262.824,1
1262.904,0
1262.985,1
1263.065,1
1263.145,2
1263.226,2
1263.306,2
1263.386,2
1263.467,1
1263.547,1
1263.627,0
1263.708,0
1263.788,0
1263.868,0
1263.949,0
1264.029,0
1264.109,0
1264.19,1
1264.27,1
1264.35,1
1264.431,1
1264.511,1
1264.591,4
1264.672,4
1264.752,4
1264.832,3
1264.913,0
1264.993,0
1265.074,0
1265.154,0
1265.234,0
1265.315,0
1265.395,0
1265.475,0
1265.556,0
1265.636,0
1265.717,1
1265.797,1
1265.877,1
1265.958,1
1266.038,0
1266.119,0
1266.199,1
1266.279,1
1266.36,2
1266.44,2
1266.521,1
1266.601,1
1266.681,1
1266.762,1
1266.842,1
1266.923,1
1267.003,1
1267.084,1
1267.164,1
1267.244,1
1267.325,1
1267.405,1
1267.486,1
1267.566,1
1267.647,0
1267.727,1
1267.808,1
1267.888,1
1267.969,1
1268.049,0
1268.129,0
1268.21,0
1268.29,1
1268.371,1
1268.451,1
1268.532,1
1268.612,0
1268.693,0
1268.773,0
1268.854,0
1268.934,0
1269.015,0
1269.095,1
1269.176,1
1269.256,1
1269.337,1
1269.417,0
1269.498,0
1269.578,0
1269.659,0
1269.739,0
1269.82,1
1269.9,2
1269.981,3
1270.061,3
1270.142,2
1270.223,2
1270.303,1
1270.384,1
1270.464,1
1270.545,0
1270.625,1
1270.706,1
1270.786,1
1270.867,2
1270.947,1
1271.028,2
1271.109,2
1271.189,3
1271.27,3
1271.35,4
1271.431,4
1271.511,2
1271.592,2
1271.673,0
1271.753,0
1271.834,0
1271.914,0
1271.995,0
1272.076,0
1272.156,0
1272.237,2
1272.317,2
1272.398,2
1272.479,3
1272.559,2
1272.64,2
1272.72,2
1272.801,1
1272.882,0
1272.962,1
1273.043,1
1273.123,1
1273.204,1
1273.285,0
1273.365,0
1273.446,0
1273.527,0
1273.607,0
1273.688,0
1273.769,0
1273.849,0
1273.93,0
1274.011,1
1274.091,2
1274.172,4
1274.253,6
1274.333,5
1274.414,4
1274.495,2
1274.575,1
1274.656,1
1274.737,3
1274.817,3
1274.898,2
1274.979,3
1275.059,2
1275.14,2
1275.221,2
1275.301,1
1275.382,0
1275.463,1
1275.544,1
1275.624,1
1275.705,2
1275.786,1
1275.866,1
1275.947,1
1276.028,0
1276.109,0
1276.189,0
1276.27,0
1276.351,2
1276.431,2
1276.512,4
1276.593,5
1276.674,4
1276.754,4
1276.835,2
1276.916,1
1276.997,2
1277.077,2
1277.158,2
1277.239,3
1277.32,1
1277.4,2
1277.481,2
1277.562,2
1277.643,2
1277.724,2
1277.804,3
1277.885,3
1277.966,6
1278.047,6
1278.127,10
1278.208,9
1278.289,7
1278.37,7
1278.451,2
1278.531,2
1278.612,1
1278.693,1
1278.774,2
1278.855,2
1278.936,2
1279.016,3
1279.097,2
1279.178,2
1279.259,2
1279.34,0
1279.42,0
1279.501,0
1279.582,1
1279.663,1
1279.744,3
1279.825,3
1279.905,3
1279.986,3
1280.067,1
1280.148,1
1280.229,1
1280.31,1
1280.391,1
1280.471,2
1280.552,1
1280.633,1
1280.714,1
1280.795,2
1280.876,2
1280.957,2
1281.038,2
1281.118,0
1281.199,2
1281.28,3
1281.361,6
1281.442,6
1281.523,5
1281.604,4
1281.685,1
1281.766,1
1281.847,0
1281.927,0
1282.008,0
1282.089,0
1282.17,1
1282.251,1
1282.332,1
1282.413,1
1282.494,1
1282.575,1
1282.656,1
1282.737,1
1282.818,1
1282.899,1
1282.98,2
1283.061,2
1283.141,1
1283.222,1
1283.303,0
1283.384,0
1283.465,0
1283.546,0
1283.627,0
1283.708,1
1283.789,5
1283.87,7
1283.951,9
1284.032,10
1284.113,9
1284.194,8
1284.275,7
1284.356,5
1284.437,3
1284.518,3
1284.599,3
1284.68,1
1284.761,2
1284.842,2
1284.923,4
1285.004,3
1285.085,2
1285.166,2
1285.247,0
1285.328,2
1285.409,2
1285.49,2
1285.571,2
1285.652,0
1285.733,0
1285.814,0
1285.895,0
1285.976,0
1286.057,0
1286.138,0
1286.219,0
1286.301,0
1286.382,0
1286.463,0
1286.544,1
1286.625,1
1286.706,1
1286.787,1
1286.868,0
1286.949,0
1287.03,0
1287.111,0
1287.192,0
1287.273,1
1287.354,1
1287.435,1
1287.517,2
1287.598,1
1287.679,2
1287.76,2
1287.841,2
1287.922,2
1288.003,1
1288.084,1
1288.165,0
1288.246,0
1288.328,0
1288.409,0
1288.49,0
1288.571,0
1288.652,1
1288.733,1
1288.814,2
1288.895,4
1288.977,6
1289.058,6
1289.139,5
1289.22,3
1289.301,0
1289.382,1
1289.464,1
1289.545,1
1289.626,2
1289.707,1
1289.788,1
1289.869,1
1289.95,1
1290.032,1
1290.113,2
1290.194,2
1290.275,2
1290.356,2
1290.438,1
1290.519,2
1290.6,1
1290.681,1
1290.762,2
1290.843,1
1290.925,2
1291.006,2
1291.087,1
1291.168,1
1291.249,0
1291.331,0
1291.412,3
1291.493,3
1291.574,4
1291.656,4
1291.737,2
1291.818,3
1291.899,3
1291.98,3
1292.062,2
1292.143,1
1292.224,0
1292.305,0
1292.387,0
1292.468,0
1292.549,0
1292.63,0
1292.712,0
1292.793,0
1292.874,1
1292.955,1
1293.037,1
1293.118,1
1293.199,2
1293.281,3
1293.362,5
1293.443,7
1293.524,6
1293.606,5
1293.687,4
1293.768,3
1293.85,3
1293.931,3
1294.012,2
1294.093,3
1294.175,2
1294.256,4
1294.337,4
1294.419,2
1294.5,2
1294.581,0
1294.663,0
1294.744,0
1294.825,0
1294.907,0
1294.988,1
1295.069,1
1295.151,1
1295.232,1
1295.313,1
1295.395,1
1295.476,1
1295.557,2
1295.639,2
1295.72,2
1295.801,2
1295.883,1
1295.964,0
1296.045,0
1296.127,0
1296.208,0
1296.29,0
1296.371,0
1296.452,0
1296.534,0
1296.615,0
1296.696,1
1296.778,2
1296.859,2
1296.941,2
1297.022,1
1297.103,2
1297.185,2
1297.266,2
1297.348,2
1297.429,0
1297.51,0
1297.592,0
1297.673,2
1297.755,5
1297.836,7
1297.917,10
1297.999,11
1298.08,12
1298.162,14
1298.243,18
1298.325,15
1298.406,12
1298.487,8
1298.569,4
1298.65,4
1298.732,3
1298.813,3
1298.895,0
1298.976,0
1299.058,0
1299.139,0
1299.221,0
1299.302,0
1299.383,0
1299.465,0
1299.546,0
1299.628,0
1299.709,1
1299.791,1
1299.872,1
1299.954,1
1300.035,0
1300.117,0
1300.198,1
1300.28,1
1300.361,3
1300.443,3
1300.524,2
1300.606,2
1300.687,0
1300.769,0
1300.85,0
1300.932,0
1301.013,0
1301.095,0
1301.176,0
1301.258,0
1301.339,0
1301.421,0
1301.503,0
1301.584,0
1301.666,0
1301.747,0
1301.829,1
1301.91,1
1301.992,1
1302.073,1
1302.155,0
1302.237,0
1302.318,1
1302.4,1
1302.481,1
1302.563,1
1302.644,1
1302.726,1
1302.807,1
1302.889,1
1302.971,1
1303.052,1
1303.134,2
1303.215,2
1303.297,2
1303.379,2
1303.46,1
1303.542,1
1303.623,0
1303.705,0
1303.787,1
1303.868,1
1303.95,1
1304.031,1
1304.113,0
1304.195,0
1304.276,0
1304.358,0
1304.44,0
1304.521,1
1304.603,2
1304.684,2
1304.766,3
1304.848,3
1304.929,2
1305.011,2
1305.093,2
1305.174,2
1305.256,3
1305.338,5
1305.419,6
1305.501,6
1305.583,6
1305.664,5
1305.746,4
1305.828,4
1305.909,5
1305.991,1
1306.073,1
1306.154,1
1306.236,0
1306.318,0
1306.399,0
1306.481,2
1306.563,5
1306.645,7
1306.726,10
1306.808,9
1306.89,8
1306.971,7
1307.053,4
1307.135,4
1307.217,4
1307.298,4
1307.38,3
1307.462,4
1307.543,3
1307.625,4
1307.707,3
1307.789,3
1307.87,5
1307.952,5
1308.034,5
1308.116,5
1308.197,5
1308.279,4
1308.361,3
1308.443,2
1308.524,0
1308.606,1
1308.688,2
1308.77,3
1308.851,3
1308.933,2
1309.015,1
1309.097,1
1309.179,1
1309.26,1
1309.342,1
1309.424,1
1309.506,1
1309.587,1
1309.669,1
1309.751,0
1309.833,1
1309.915,1
1309.996,1
1310.078,2
1310.16,2
1310.242,2
1310.324,3
1310.406,2
1310.487,1
1310.569,1
1310.651,1
1310.733,2
1310.815,3
1310.896,4
1310.978,4
1311.06,3
1311.142,2
1311.224,2
1311.306,1
1311.388,1
1311.469,2
1311.551,1
1311.633,1
1311.715,1
1311.797,1
1311.879,1
1311.961,2
1312.042,2
1312.124,1
1312.206,2
1312.288,2
1312.37,3
1312.452,4
1312.534,4
1312.616,3
1312.697,4
1312.779,6
1312.861,5
1312.943,5
1313.025,3
1313.107,1
1313.189,2
1313.271,2
1313.353,2
1313.435,3
1313.517,2
1313.598,3
1313.68,4
1313.762,2
1313.844,2
1313.926,2
1314.008,1
1314.09,1
1314.172,1
1314.254,0
1314.336,1
1314.418,2
1314.5,2
1314.582,4
1314.664,3
1314.746,2
1314.828,3
1314.91,2
1314.991,2
1315.073,2
1315.155,2
1315.237,1
1315.319,1
1315.401,2
1315.483,2
1315.565,3
1315.647,4
1315.729,3
1315.811,2
1315.893,2
1315.975,2
1316.057,3
1316.139,3
1316.221,2
1316.303,1
1316.385,1
1316.467,1
1316.549,1
1316.631,1
1316.713,1
1316.795,1
1316.877,1
1316.959,1
1317.041,1
1317.123,2
1317.205,3
1317.288,5
1317.37,4
1317.452,3
1317.534,2
1317.616,1
1317.698,1
1317.78,2
1317.862,2
1317.944,1
1318.026,4
1318.108,3
1318.19,3
1318.272,3
1318.354,6
1318.436,5
1318.518,4
1318.6,4
1318.683,1
1318.765,2
1318.847,3
1318.929,3
1319.011,3
1319.093,2
1319.175,1
1319.257,0
1319.339,0
1319.421,0
1319.503,1
1319.586,1
1319.668,2
1319.75,2
1319.832,1
1319.914,1
1319.996,2
1320.078,2
1320.16,3
1320.243,4
1320.325,2
1320.407,2
1320.489,3
1320.571,3
1320.653,4
1320.735,5
1320.818,4
1320.9,4
1320.982,3
1321.064,3
1321.146,3
1321.228,2
1321.31,2
1321.393,2
1321.475,1
1321.557,1
1321.639,1
1321.721,0
1321.804,1
1321.886,1
1321.968,2
1322.05,2
1322.132,2
1322.214,3
1322.297,3
1322.379,3
1322.461,4
1322.543,3
1322.625,2
1322.708,2
1322.79,1
1322.872,2
1322.954,3
1323.037,3
1323.119,2
1323.201,1
1323.283,0
1323.365,0
1323.448,0
1323.53,0
1323.612,0
1323.694,1
1323.777,1
1323.859,3
1323.941,3
1324.023,2
1324.106,3
1324.188,1
1324.27,1
1324.352,1
1324.435,1
1324.517,1
1324.599,1
1324.681,1
1324.764,0
1324.846,0
1324.928,0
1325.011,1
1325.093,1
1325.175,1
1325.257,2
1325.34,1
1325.422,2
1325.504,3
1325.587,2
1325.669,3
1325.751,2
1325.833,1
1325.916,1
1325.998,1
1326.08,2
1326.163,2
1326.245,2
1326.327,1
1326.41,0
1326.492,0
1326.574,1
1326.657,1
1326.739,1
1326.821,1
1326.904,2
1326.986,2
1327.068,2
1327.151,2
1327.233,0
1327.315,0
1327.398,1
1327.48,1
1327.563,1
1327.645,2
1327.727,1
1327.81,1
1327.892,1
1327.974,0
1328.057,0
1328.139,0
1328.221,1
1328.304,1
1328.386,2
1328.469,4
1328.551,5
1328.633,8
1328.716,13
1328.798,11
1328.881,9
1328.963,6
1329.045,2
1329.128,2
1329.21,2
1329.293,2
1329.375,1
1329.458,2
1329.54,2
1329.622,2
1329.705,2
1329.787,1
1329.87,1
1329.952,2
1330.035,1
1330.117,1
1330.199,2
1330.282,1
1330.364,1
1330.447,2
1330.529,1
1330.612,1
1330.694,1
1330.777,0
1330.859,0
1330.942,0
1331.024,1
1331.106,1
1331.189,1
1331.271,1
1331.354,0
1331.436,0
1331.519,1
1331.601,1
1331.684,1
1331.766,2
1331.849,1
1331.931,2
1332.014,2
1332.096,2
1332.179,3
1332.261,2
1332.344,3
1332.426,2
1332.509,2
1332.591,3
1332.674,3
1332.756,3
1332.839,2
1332.922,1
1333.004,1
1333.087,1
1333.169,2
1333.252,2
1333.334,1
1333.417,1
1333.499,0
1333.582,0
1333.664,0
1333.747,0
1333.83,0
1333.912,0
1333.995,1
1334.077,1
1334.16,2
1334.242,3
1334.325,2
1334.407,2
1334.49,1
1334.573,0
1334.655,0
1334.738,0
1334.82,0
1334.903,1
1334.986,1
1335.068,1
1335.151,2
1335.233,2
1335.316,2
1335.399,2
1335.481,1
1335.564,0
1335.646,1
1335.729,1
1335.812,1
1335.894,1
1335.977,1
1336.06,2
1336.142,3
1336.225,3
1336.307,2
1336.39,1
1336.473,1
1336.555,1
1336.638,1
1336.721,1
1336.803,1
1336.886,1
1336.969,1
1337.051,1
1337.134,0
1337.217,0
1337.299,1
1337.382,1
1337.465,1
1337.547,1
1337.63,1
1337.713,1
1337.795,2
1337.878,3
1337.961,2
1338.043,2
1338.126,1
1338.209,0
1338.292,0
1338.374,1
1338.457,1
1338.54,2
1338.622,2
1338.705,1
1338.788,1
1338.87,0
1338.953,1
1339.036,2
1339.119,2
1339.201,2
1339.284,1
1339.367,0
1339.45,0
1339.532,0
1339.615,2
1339.698,2
1339.781,2
1339.863,3
1339.946,1
1340.029,1
1340.112,1
1340.194,1
1340.277,1
1340.36,2
1340.443,3
1340.525,2
1340.608,3
1340.691,2
1340.774,2
1340.856,2
1340.939,1
1341.022,1
1341.105,0
1341.188,0
1341.27,0
1341.353,0
1341.436,0
1341.519,0
1341.602,1
1341.684,1
1341.767,1
1341.85,1
1341.933,0
1342.016,0
1342.098,0
1342.181,0
1342.264,0
1342.347,0
1342.43,1
1342.513,2
1342.595,2
1342.678,2
1342.761,1
1342.844,0
1342.927,0
1343.01,0
1343.092,0
1343.175,0
1343.258,1
1343.341,1
1343.424,1
1343.507,1
1343.59,0
1343.672,1
1343.755,1
1343.838,1
1343.921,2
1344.004,1
1344.087,2
1344.17,2
1344.253,1
1344.335,1
1344.418,0
1344.501,0
1344.584,1
1344.667,1
1344.75,1
1344.833,1
1344.916,0
1344.999,0
1345.082,0
1345.165,0
1345.247,0
1345.33,0
1345.413,0
1345.496,0
1345.579,1
1345.662,1
1345.745,2
1345.828,3
1345.911,2
1345.994,2
1346.077,2
1346.16,1
1346.243,1
1346.326,1
1346.409,0
1346.491,0
1346.574,0
1346.657,0
1346.74,1
1346.823,1
1346.906,2
1346.989,3
1347.072,2
1347.155,2
1347.238,1
1347.321,1
1347.404,4
1347.487,4
1347.57,5
1347.653,4
1347.736,3
1347.819,3
1347.902,2
1347.985,2
1348.068,0
1348.151,0
1348.234,1
1348.317,1
1348.4,2
1348.483,2
1348.566,5
1348.649,5
1348.732,4
1348.815,4
1348.898,0
1348.981,0
1349.064,1
1349.147,1
1349.23,1
1349.313,1
1349.397,2
1349.48,2
1349.563,2
1349.646,2
1349.729,2
1349.812,2
1349.895,3
1349.978,3
1350.061,1
1350.144,1
1350.227,0
1350.31,0
1350.393,0
1350.476,0
1350.559,0
1350.643,0
1350.726,1
1350.809,1
1350.892,2
1350.975,2
1351.058,1
1351.141,1
1351.224,1
1351.307,1
1351.39,1
1351.474,1
1351.557,1
1351.64,1
1351.723,1
1351.806,1
1351.889,0
1351.972,0
1352.055,1
1352.139,1
1352.222,1
1352.305,1
1352.388,2
1352.471,2
1352.554,2
1352.637,2
1352.721,1
1352.804,3
1352.887,3
1352.97,3
1353.053,3
1353.136,1
1353.219,2
1353.303,2
1353.386,2
1353.469,2
1353.552,2
1353.635,2
1353.719,1
1353.802,1
1353.885,1
1353.968,1
1354.051,2
1354.134,2
1354.218,1
1354.301,2
1354.384,1
1354.467,1
1354.55,2
1354.634,1
1354.717,2
1354.8,2
1354.883,4
1354.967,4
1355.05,3
1355.133,3
1355.216,1
1355.299,1
1355.383,1
1355.466,1
1355.549,0
1355.632,0
1355.716,0
1355.799,0
1355.882,0
1355.965,0
1356.049,1
1356.132,2
1356.215,2
1356.298,4
1356.382,3
1356.465,2
1356.548,3
1356.631,1
1356.715,1
1356.798,1
1356.881,2
1356.965,2
1357.048,2
1357.131,2
1357.214,1
1357.298,1
1357.381,1
1357.464,1
1357.548,0
1357.631,0
1357.714,2
1357.798,3
1357.881,3
1357.964,3
1358.048,1
1358.131,1
1358.214,2
1358.297,2
1358.381,2
1358.464,1
1358.547,1
1358.631,1
1358.714,1
1358.797,1
1358.881,0
1358.964,0
1359.048,1
1359.131,1
1359.214,1
1359.298,1
1359.381,0
1359.464,0
1359.548,0
1359.631,0
1359.714,0
1359.798,0
1359.881,1
1359.964,1
1360.048,1
1360.131,1
1360.215,1
1360.298,1
1360.381,1
1360.465,1
1360.548,0
1360.632,0
1360.715,0
1360.798,1
1360.882,1
1360.965,1
1361.049,1
1361.132,1
1361.215,2
1361.299,2
1361.382,3
1361.466,2
1361.549,2
1361.633,2
1361.716,1
1361.799,1
1361.883,0
1361.966,0
1362.05,0
1362.133,0
1362.217,1
1362.3,1
1362.384,1
1362.467,1
1362.55,0
1362.634,0
1362.717,0
1362.801,0
1362.884,1
1362.968,1
1363.051,2
1363.135,3
1363.218,2
1363.302,2
1363.385,1
1363.469,0
1363.552,0
1363.636,0
1363.719,0
1363.803,0
1363.886,0
1363.97,1
1364.053,3
1364.137,3
1364.22,4
1364.304,5
1364.387,3
1364.471,3
1364.554,2
1364.638,0
1364.721,1
1364.805,1
1364.888,1
1364.972,1
1365.055,0
1365.139,0
1365.222,0
1365.306,0
1365.389,0
1365.473,0
1365.557,0
1365.64,0
1365.724,0
1365.807,0
1365.891,0
1365.974,0
1366.058,1
1366.142,1
1366.225,2
1366.309,2
1366.392,3
1366.476,4
1366.559,3
1366.643,4
1366.727,2
1366.81,1
1366.894,2
1366.977,4
1367.061,5
1367.145,6
1367.228,7
1367.312,5
1367.395,4
1367.479,3
1367.563,3
1367.646,2
1367.73,3
1367.813,3
1367.897,2
1367.981,2
1368.064,2
1368.148,2
1368.232,1
1368.315,1
1368.399,0
1368.482,0
1368.566,0
1368.65,0
1368.733,0
1368.817,0
1368.901,0
1368.984,0
1369.068,0
1369.152,1
1369.235,1
1369.319,1
1369.403,1
1369.486,0
1369.57,1
1369.654,1
1369.737,1
1369.821,2
1369.905,1
1369.988,2
1370.072,2
1370.156,1
1370.24,1
1370.323,0
1370.407,1
1370.491,1
1370.574,1
1370.658,1
1370.742,1
1370.825,1
1370.909,1
1370.993,1
1371.077,0
1371.16,0
1371.244,1
1371.328,1
1371.412,2
1371.495,2
1371.579,1
1371.663,1
1371.746,0
1371.83,0
1371.914,0
1371.998,0
1372.081,2
1372.165,2
1372.249,2
1372.333,2
1372.417,0
1372.5,0
1372.584,0
1372.668,0
1372.752,1
1372.835,1
1372.919,4
1373.003,4
1373.087,4
1373.17,4
1373.254,2
1373.338,2
1373.422,1
1373.506,1
1373.589,0
1373.673,0
1373.757,1
1373.841,1
1373.925,1
1374.009,1
1374.092,0
1374.176,0
1374.26,0
1374.344,0
1374.428,0
1374.511,1
1374.595,2
1374.679,2
1374.763,2
1374.847,2
1374.931,1
1375.014,1
1375.098,3
1375.182,2
1375.266,2
1375.35,2
1375.434,1
1375.518,3
1375.601,3
1375.685,3
1375.769,3
1375.853,2
1375.937,2
1376.021,2
1376.105,1
1376.189,0
1376.272,0
1376.356,0
1376.44,0
1376.524,0
1376.608,0
1376.692,0
1376.776,0
1376.86,0
1376.944,0
1377.027,0
1377.111,0
1377.195,0
1377.279,0
1377.363,0
1377.447,2
1377.531,3
1377.615,3
1377.699,3
1377.783,1
1377.867,1
1377.951,1
1378.035,1
1378.118,1
1378.202,0
1378.286,0
1378.37,0
1378.454,1
1378.538,1
1378.622,1
1378.706,2
1378.79,3
1378.874,3
1378.958,4
1379.042,3
1379.126,1
1379.21,1
1379.294,0
1379.378,0
1379.462,1
1379.546,1
1379.63,2
1379.714,2
1379.798,1
1379.882,1
1379.966,0
1380.05,0
1380.134,0
1380.218,0
1380.302,0
1380.386,1
1380.47,2
1380.554,3
1380.638,3
1380.722,2
1380.806,2
1380.89,2
1380.974,2
1381.058,2
1381.142,3
1381.226,2
1381.31,2
1381.394,2
1381.478,0
1381.562,0
1381.646,0
1381.73,0
1381.814,0
1381.898,0
1381.983,4
1382.067,4
1382.151,5
1382.235,5
1382.319,2
1382.403,2
1382.487,3
1382.571,3
1382.655,2
1382.739,2
1382.823,0
1382.907,0
1382.991,0
1383.076,0
1383.16,1
1383.244,2
1383.328,3
1383.412,3
1383.496,3
1383.58,2
1383.664,2
1383.748,2
1383.832,1
1383.917,1
1384.001,3
1384.085,4
1384.169,4
1384.253,4
1384.337,1
1384.421,0
1384.505,1
1384.59,1
1384.674,1
1384.758,1
1384.842,1
1384.926,1
1385.01,1
1385.095,2
1385.179,1
1385.263,1
1385.347,1
1385.431,0
1385.515,0
1385.599,0
1385.684,1
1385.768,1
1385.852,1
1385.936,2
1386.02,1
1386.105,1
1386.189,2
1386.273,1
1386.357,1
1386.441,1
1386.526,0
1386.61,1
1386.694,1
1386.778,1
1386.862,1
1386.947,0
1387.031,0
1387.115,0
1387.199,0
1387.283,0
1387.368,0
1387.452,0
1387.536,0
1387.62,0
1387.705,0
1387.789,0
1387.873,1
1387.957,1
1388.042,1
1388.126,1
1388.21,0
1388.294,1
1388.379,1
1388.463,1
1388.547,1
1388.631,0
1388.716,0
1388.8,0
1388.884,1
1388.968,1
1389.053,1
1389.137,1
1389.221,1
1389.306,1
1389.39,1
1389.474,1
1389.558,0
1389.643,1
1389.727,1
1389.811,1
1389.896,1
1389.98,0
1390.064,1
1390.149,2
1390.233,3
1390.317,3
1390.402,2
1390.486,2
1390.57,1
1390.654,1
1390.739,2
1390.823,1
1390.907,1
1390.992,1
1391.076,0
1391.16,0
1391.245,0
1391.329,0
1391.414,0
1391.498,1
1391.582,2
1391.667,2
1391.751,2
1391.835,3
1391.92,2
1392.004,2
1392.088,2
1392.173,0
1392.257,0
1392.342,0
1392.426,0
1392.51,0
1392.595,1
1392.679,1
1392.763,1
1392.848,1
1392.932,1
1393.017,2
1393.101,2
1393.185,2
1393.27,2
1393.354,1
1393.439,1
1393.523,1
1393.608,0
1393.692,0
1393.776,0
1393.861,0
1393.945,0
1394.03,0
1394.114,1
1394.199,3
1394.283,4
1394.367,4
1394.452,3
1394.536,1
1394.621,0
1394.705,0
1394.79,0
1394.874,0
1394.959,0
1395.043,0
1395.128,1
1395.212,1
1395.296,3
1395.381,3
1395.465,2
1395.55,3
1395.634,1
1395.719,1
1395.803,1
1395.888,0
1395.972,0
1396.057,0
1396.141,0
1396.226,0
1396.31,0
1396.395,2
1396.479,2
1396.564,2
1396.648,3
1396.733,2
1396.817,3
1396.902,3
1396.986,2
1397.071,1
1397.155,1
1397.24,2
1397.324,3
1397.409,3
1397.494,4
1397.578,4
1397.663,3
1397.747,3
1397.832,2
1397.916,2
1398.001,3
1398.085,4
1398.17,6
1398.255,6
1398.339,7
1398.424,7
1398.508,4
1398.593,4
1398.677,6
1398.762,6
1398.847,3
1398.931,3
1399.016,0
1399.1,1
1399.185,2
1399.269,2
1399.354,3
1399.439,2
1399.523,3
1399.608,3
1399.692,2
1399.777,2
1399.862,0
1399.946,0
1400.031,0
1400.115,1
1400.2,1
1400.285,1
1400.369,1
1400.454,0
1400.539,0
1400.623,0
1400.708,0
1400.793,0
1400.877,3
1400.962,3
1401.046,4
1401.131,6
1401.216,4
1401.3,4
1401.385,3
1401.47,1
1401.554,0
1401.639,1
1401.724,2
1401.808,2
1401.893,2
1401.978,2
1402.062,1
1402.147,1
1402.232,2
1402.316,1
1402.401,1
1402.486,1
1402.571,1
1402.655,1
1402.74,1
1402.825,1
1402.909,2
1402.994,2
1403.079,3
1403.163,3
1403.248,3
1403.333,3
1403.418,4
1403.502,4
1403.587,2
1403.672,2
1403.757,0
1403.841,0
1403.926,0
1404.011,1
1404.095,2
1404.18,2
1404.265,5
1404.35,4
1404.434,5
1404.519,5
1404.604,3
1404.689,3
1404.773,1
1404.858,1
1404.943,0
1405.028,1
1405.113,1
1405.197,2
1405.282,2
1405.367,2
1405.452,2
1405.536,1
1405.621,1
1405.706,0
1405.791,2
1405.876,2
1405.96,2
1406.045,2
1406.13,0
1406.215,0
1406.3,2
1406.384,2
1406.469,2
1406.554,2
1406.639,0
1406.724,0
1406.808,1
1406.893,1
1406.978,1
1407.063,1
1407.148,1
1407.233,1
1407.317,1
1407.402,1
1407.487,0
1407.572,0
1407.657,2
1407.742,2
1407.827,3
1407.911,4
1407.996,2
1408.081,2
1408.166,1
1408.251,0
1408.336,1
1408.421,1
1408.505,2
1408.59,3
1408.675,2
1408.76,2
1408.845,1
1408.93,0
1409.015,0
1409.1,0
1409.185,0
1409.269,0
1409.354,1
1409.439,1
1409.524,2
1409.609,3
1409.694,4
1409.779,4
1409.864,3
1409.949,2
1410.034,0
1410.119,1
1410.204,2
1410.288,2
1410.373,2
1410.458,1
1410.543,0
1410.628,0
1410.713,0
1410.798,0
1410.883,0
1410.968,0
1411.053,2
1411.138,2
1411.223,2
1411.308,2
1411.393,0
1411.478,1
1411.563,1
1411.648,1
1411.733,1
1411.818,0
1411.903,0
1411.988,0
1412.073,1
1412.158,2
1412.243,2
1412.328,2
1412.413,2
1412.498,1
1412.583,2
1412.668,2
1412.753,2
1412.838,2
1412.923,1
1413.008,2
1413.093,1
1413.178,1
1413.263,2
1413.348,3
1413.433,4
1413.518,4
1413.603,3
1413.688,1
1413.773,0
1413.858,0
1413.943,1
1414.028,2
1414.113,2
1414.198,2
1414.283,1
1414.368,0
1414.453,1
1414.538,1
1414.623,2
1414.708,2
1414.793,2
1414.879,4
1414.964,3
1415.049,4
1415.134,3
1415.219,2
1415.304,2
1415.389,2
1415.474,2
1415.559,1
1415.644,1
1415.729,0
1415.814,0
1415.9,0
1415.985,0
1416.07,0
1416.155,2
1416.24,3
1416.325,5
1416.41,6
1416.495,7
1416.58,7
1416.666,7
1416.751,8
1416.836,10
1416.921,9
1417.006,9
1417.091,7
1417.176,2
1417.262,2
1417.347,1
1417.432,2
1417.517,2
1417.602,2
1417.687,2
1417.772,2
1417.858,2
1417.943,2
1418.028,1
1418.113,0
1418.198,0
1418.283,0
1418.369,0
1418.454,0
1418.539,0
1418.624,0
1418.709,0
1418.795,0
1418.88,0
1418.965,0
1419.05,1
1419.135,1
1419.221,1
1419.306,1
1419.391,0
1419.476,0
1419.561,0
1419.647,0
1419.732,0
1419.817,0
1419.902,1
1419.987,1
1420.073,1
1420.158,2
1420.243,2
1420.328,2
1420.414,3
1420.499,2
1420.584,1
1420.669,1
1420.755,0
1420.84,0
1420.925,0
1421.01,0
1421.096,0
1421.181,0
1421.266,0
1421.351,0
1421.437,1
1421.522,1
1421.607,1
1421.693,1
1421.778,0
1421.863,0
1421.948,0
1422.034,1
1422.119,2
1422.204,2
1422.29,2
1422.375,4
1422.46,3
1422.545,3
1422.631,3
1422.716,1
1422.801,4
1422.887,4
1422.972,4
1423.057,3
1423.143,1
1423.228,1
1423.313,1
1423.399,1
1423.484,1
1423.569,1
1423.655,1
1423.74,1
1423.825,0
1423.911,0
1423.996,0
1424.081,1
1424.167,2
1424.252,2
1424.337,2
1424.423,1
1424.508,1
1424.594,1
1424.679,1
1424.764,1
1424.85,4
1424.935,4
1425.02,4
1425.106,4
1425.191,1
1425.277,1
1425.362,2
1425.447,2
1425.533,1
1425.618,1
1425.704,1
1425.789,1
1425.874,2
1425.96,3
1426.045,2
1426.131,2
1426.216,1
1426.301,1
1426.387,1
1426.472,2
1426.558,2
1426.643,2
1426.729,2
1426.814,1
1426.899,1
1426.985,1
1427.07,1
1427.156,1
1427.241,3
1427.327,2
1427.412,2
1427.497,2
1427.583,1
1427.668,1
1427.754,3
1427.839,4
1427.925,6
1428.01,7
1428.096,6
1428.181,8
1428.267,6
1428.352,5
1428.438,4
1428.523,1
1428.609,1
1428.694,2
1428.78,2
1428.865,2
1428.951,1
1429.036,0
1429.122,0
1429.207,0
1429.293,0
1429.378,0
1429.464,3
1429.549,3
1429.635,4
1429.72,4
1429.806,1
1429.891,1
1429.977,1
1430.062,1
1430.148,2
1430.233,2
1430.319,1
1430.404,1
1430.49,0
1430.576,0
1430.661,0
1430.747,0
1430.832,1
1430.918,1
1431.003,2
1431.089,3
1431.175,5
1431.26,5
1431.346,4
1431.431,3
1431.517,0
1431.602,0
1431.688,1
1431.774,1
1431.859,1
1431.945,1
1432.03,0
1432.116,1
1432.201,1
1432.287,1
1432.373,1
1432.458,0
1432.544,0
1432.63,0
1432.715,0
1432.801,1
1432.886,3
1432.972,3
1433.058,4
1433.143,3
1433.229,1
1433.315,1
1433.4,1
1433.486,1
1433.571,1
1433.657,1
1433.743,0
1433.828,1
1433.914,1
1434,1
1434.085,2
1434.171,2
1434.257,2
1434.342,2
1434.428,1
1434.514,1
1434.599,4
1434.685,4
1434.771,4
1434.856,4
1434.942,1
1435.028,1
1435.113,2
1435.199,1
1435.285,1
1435.37,1
1435.456,0
1435.542,0
1435.628,0
1435.713,0
1435.799,0
1435.885,0
1435.97,1
1436.056,1
1436.142,1
1436.228,2
1436.313,6
1436.399,7
1436.485,7
1436.57,7
1436.656,4
1436.742,4
1436.828,4
1436.913,3
1436.999,1
1437.085,1
1437.171,1
1437.256,1
1437.342,1
1437.428,0
1437.514,0
1437.599,0
1437.685,1
1437.771,3
1437.857,4
1437.942,4
1438.028,4
1438.114,2
1438.2,1
1438.286,2
1438.371,1
1438.457,1
1438.543,1
1438.629,0
1438.715,0
1438.8,0
1438.886,1
1438.972,2
1439.058,2
1439.144,2
1439.229,4
1439.315,3
1439.401,3
1439.487,3
1439.573,0
1439.658,1
1439.744,2
1439.83,2
1439.916,3
1440.002,3
1440.088,4
1440.173,5
1440.259,4
1440.345,3
1440.431,1
1440.517,1
1440.603,2
1440.689,2
1440.774,2
1440.86,1
1440.946,2
1441.032,3
1441.118,3
1441.204,3
1441.29,1
1441.375,1
1441.461,1
1441.547,1
1441.633,2
1441.719,3
1441.805,5
1441.891,5
1441.977,4
1442.063,2
1442.148,0
1442.234,0
1442.32,0
1442.406,0
1442.492,1
1442.578,2
1442.664,3
1442.75,3
1442.836,2
1442.922,1
1443.008,0
1443.094,1
1443.179,2
1443.265,2
1443.351,3
1443.437,3
1443.523,2
1443.609,2
1443.695,1
1443.781,1
1443.867,1
1443.953,2
1444.039,3
1444.125,3
1444.211,3
1444.297,2
1444.383,1
1444.469,0
1444.555,0
1444.641,0
1444.727,1
1444.813,1
1444.899,2
1444.985,2
1445.071,2
1445.157,3
1445.243,2
1445.329,2
1445.415,2
1445.501,1
1445.587,3
1445.673,3
1445.759,2
1445.845,2
1445.931,1
1446.017,1
1446.103,1
1446.189,1
1446.275,0
1446.361,0
1446.447,0
1446.533,1
1446.619,1
1446.705,1
1446.791,1
1446.877,0
1446.963,2
1447.049,2
1447.135,2
1447.221,2
1447.307,1
1447.393,2
1447.479,2
1447.565,2
1447.651,2
1447.737,1
1447.824,2
1447.91,2
1447.996,1
1448.082,1
1448.168,1
1448.254,2
1448.34,2
1448.426,2
1448.512,3
1448.598,2
1448.684,2
1448.77,2
1448.857,1
1448.943,1
1449.029,2
1449.115,2
1449.201,1
1449.287,1
1449.373,1
1449.459,1
1449.546,2
1449.632,2
1449.718,1
1449.804,1
1449.89,0
1449.976,0
1450.062,0
1450.148,0
1450.235,1
1450.321,1
1450.407,1
1450.493,1
1450.579,2
1450.665,2
1450.751,2
1450.838,2
1450.924,0
1451.01,2
1451.096,3
1451.182,4
1451.269,6
1451.355,5
1451.441,4
1451.527,3
1451.613,1
1451.699,2
1451.786,2
1451.872,2
1451.958,3
1452.044,2
1452.13,3
1452.217,3
1452.303,3
1452.389,2
1452.475,1
1452.561,2
1452.648,1
1452.734,1
1452.82,3
1452.906,2
1452.993,4
1453.079,4
1453.165,3
1453.251,3
1453.337,2
1453.424,3
1453.51,2
1453.596,2
1453.682,3
1453.769,2
1453.855,2
1453.941,2
1454.027,1
1454.114,1
1454.2,1
1454.286,1
1454.373,0
1454.459,0
1454.545,3
1454.631,4
1454.718,4
1454.804,4
1454.89,1
1454.976,0
1455.063,0
1455.149,1
1455.235,1
1455.322,2
1455.408,2
1455.494,1
1455.581,1
1455.667,0
1455.753,0
1455.839,0
1455.926,0
1456.012,0
1456.098,0
1456.185,2
1456.271,3
1456.357,3
1456.444,3
1456.53,1
1456.616,1
1456.703,1
1456.789,1
1456.875,1
1456.962,0
1457.048,0
1457.134,0
1457.221,0
1457.307,1
1457.394,1
1457.48,2
1457.566,3
1457.653,2
1457.739,2
1457.825,1
1457.912,0
1457.998,2
1458.085,2
1458.171,3
1458.257,3
1458.344,1
1458.43,1
1458.516,0
1458.603,0
1458.689,0
1458.776,0
1458.862,0
1458.948,0
1459.035,1
1459.121,1
1459.208,2
1459.294,2
1459.381,1
1459.467,1
1459.553,0
1459.64,1
1459.726,2
1459.813,2
1459.899,2
1459.986,2
1460.072,2
1460.158,2
1460.245,2
1460.331,2
1460.418,1
1460.504,1
1460.591,3
1460.677,2
1460.764,2
1460.85,2
1460.937,1
1461.023,1
1461.109,1
1461.196,1
1461.282,0
1461.369,0
1461.455,0
1461.542,0
1461.628,2
1461.715,3
1461.801,3
1461.888,3
1461.974,1
1462.061,0
1462.147,0
1462.234,0
1462.32,0
1462.407,0
1462.493,0
1462.58,0
1462.666,0
1462.753,0
1462.839,1
1462.926,1
1463.013,4
1463.099,4
1463.186,3
1463.272,3
1463.359,2
1463.445,2
1463.532,3
1463.618,3
1463.705,1
1463.791,1
1463.878,0
1463.964,0
1464.051,0
1464.138,0
1464.224,0
1464.311,0
1464.397,0
1464.484,0
1464.57,1
1464.657,1
1464.744,2
1464.83,3
1464.917,2
1465.003,2
1465.09,1
1465.177,2
1465.263,2
1465.35,2
1465.436,2
1465.523,0
1465.61,0
1465.696,0
1465.783,1
1465.869,1
1465.956,2
1466.043,2
1466.129,1
1466.216,2
1466.303,1
1466.389,2
1466.476,4
1466.562,5
1466.649,8
1466.736,8
1466.822,7
1466.909,7
1466.996,7
1467.082,6
1467.169,5
1467.256,3
1467.342,1
1467.429,1
1467.516,1
1467.602,1
1467.689,0
1467.776,0
1467.862,0
1467.949,0
1468.036,1
1468.122,1
1468.209,3
1468.296,3
1468.382,2
1468.469,2
1468.556,1
1468.642,1
1468.729,2
1468.816,2
1468.903,1
1468.989,1
1469.076,0
1469.163,0
1469.249,0
1469.336,0
1469.423,0
1469.51,0
1469.596,0
1469.683,0
1469.77,0
1469.856,0
1469.943,0
1470.03,1
1470.117,1
1470.203,1
1470.29,2
1470.377,1
1470.464,2
1470.55,2
1470.637,1
1470.724,2
1470.811,1
1470.898,1
1470.984,1
1471.071,0
1471.158,0
1471.245,0
1471.331,1
1471.418,2
1471.505,2
1471.592,2
1471.679,2
1471.765,1
1471.852,1
1471.939,1
1472.026,1
1472.112,2
1472.199,5
1472.286,5
1472.373,4
1472.46,3
1472.547,1
1472.633,1
1472.72,2
1472.807,2
1472.894,1
1472.981,1
1473.067,1
1473.154,1
1473.241,1
1473.328,2
1473.415,2
1473.502,4
1473.589,5
1473.675,4
1473.762,5
1473.849,4
1473.936,3
1474.023,3
1474.11,2
1474.197,2
1474.283,3
1474.37,3
1474.457,3
1474.544,2
1474.631,2
1474.718,2
1474.805,1
1474.892,1
1474.978,0
1475.065,0
1475.152,0
1475.239,1
1475.326,1
1475.413,1
1475.5,3
1475.587,2
1475.674,3
1475.761,3
1475.847,1
1475.934,1
1476.021,2
1476.108,2
1476.195,4
1476.282,4
1476.369,2
1476.456,2
1476.543,1
1476.63,1
1476.717,1
1476.804,1
1476.891,0
1476.978,0
1477.064,0
1477.151,0
1477.238,0
1477.325,0
1477.412,0
1477.499,0
1477.586,2
1477.673,2
1477.76,3
1477.847,3
1477.934,1
1478.021,1
1478.108,0
1478.195,0
1478.282,1
1478.369,1
1478.456,1
1478.543,1
1478.63,0
1478.717,0
1478.804,0
1478.891,0
1478.978,2
1479.065,3
1479.152,3
1479.239,3
1479.326,2
1479.413,2
1479.5,2
1479.587,2
1479.674,1
1479.761,0
1479.848,0
1479.935,0
1480.022,0
1480.109,0
1480.196,1
1480.283,1
1480.371,2
1480.458,2
1480.545,1
1480.632,2
1480.719,4
1480.806,5
1480.893,5
1480.98,4
1481.067,2
1481.154,1
1481.241,2
1481.328,3
1481.415,2
1481.502,2
1481.589,2
1481.677,1
1481.764,1
1481.851,1
1481.938,0
1482.025,0
1482.112,1
1482.199,1
1482.286,2
1482.373,2
1482.46,1
1482.548,1
1482.635,0
1482.722,2
1482.809,4
1482.896,4
1482.983,5
1483.07,3
1483.157,2
1483.245,3
1483.332,2
1483.419,4
1483.506,4
1483.593,3
1483.68,4
1483.767,3
1483.855,2
1483.942,2
1484.029,1
1484.116,0
1484.203,3
1484.29,3
1484.378,3
1484.465,4
1484.552,2
1484.639,3
1484.726,4
1484.813,3
1484.901,2
1484.988,1
1485.075,2
1485.162,2
1485.249,2
1485.337,3
1485.424,2
1485.511,2
1485.598,2
1485.685,1
1485.773,1
1485.86,1
1485.947,2
1486.034,2
1486.122,1
1486.209,2
1486.296,1
1486.383,1
1486.47,2
1486.558,1
1486.645,1
1486.732,1
1486.819,0
1486.907,0
1486.994,1
1487.081,2
1487.168,2
1487.256,2
1487.343,1
1487.43,0
1487.517,0
1487.605,0
1487.692,0
1487.779,0
1487.866,1
1487.954,3
1488.041,5
1488.128,5
1488.216,4
1488.303,3
1488.39,1
1488.477,1
1488.565,2
1488.652,1
1488.739,2
1488.827,2
1488.914,1
1489.001,1
1489.089,0
1489.176,0
1489.263,1
1489.35,1
1489.438,1
1489.525,1
1489.612,0
1489.7,0
1489.787,3
1489.874,3
1489.962,3
1490.049,3
1490.136,0
1490.224,0
1490.311,0
1490.399,0
1490.486,0
1490.573,1
1490.661,1
1490.748,1
1490.835,1
1490.923,0
1491.01,0
1491.097,0
1491.185,0
1491.272,0
1491.36,0
1491.447,0
1491.534,0
1491.622,1
1491.709,1
1491.796,1
1491.884,1
1491.971,0
1492.059,0
1492.146,0
1492.233,1
1492.321,1
1492.408,1
1492.496,1
1492.583,0
1492.67,0
1492.758,0
1492.845,0
1492.933,0
1493.02,0
1493.108,0
1493.195,1
1493.282,1
1493.37,1
1493.457,1
1493.545,2
1493.632,3
1493.72,3
1493.807,4
1493.895,2
1493.982,2
1494.069,2
1494.157,2
1494.244,2
1494.332,2
1494.419,2
1494.507,2
1494.594,2
1494.682,1
1494.769,1
1494.857,0
1494.944,0
1495.032,0
1495.119,0
1495.207,0
1495.294,2
1495.382,3
1495.469,4
1495.557,4
1495.644,2
1495.732,1
1495.819,1
1495.907,1
1495.994,1
1496.082,1
1496.169,2
1496.257,2
1496.344,2
1496.432,2
1496.519,0
1496.607,0
1496.694,0
1496.782,0
1496.869,0
1496.957,0
1497.045,0
1497.132,0
1497.22,1
1497.307,1
1497.395,1
1497.482,1
1497.57,0
1497.657,0
1497.745,0
1497.833,0
1497.92,1
1498.008,2
1498.095,2
1498.183,2
1498.271,1
1498.358,0
1498.446,0
1498.533,0
1498.621,1
1498.708,1
1498.796,3
1498.884,4
1498.971,4
1499.059,4
1499.146,2
1499.234,2
1499.322,1
1499.409,1
1499.497,1
1499.585,1
1499.672,1
1499.76,2
1499.847,2
1499.935,1
1500.023,1
1500.11,2
1500.198,2
1500.286,2
1500.373,2
1500.461,0
1500.549,0
1500.636,0
1500.724,0
1500.812,0
1500.899,0
1500.987,0
1501.075,0
1501.162,0
1501.25,0
1501.338,0
1501.425,1
1501.513,2
1501.601,2
1501.688,3
1501.776,2
1501.864,2
1501.951,4
1502.039,4
1502.127,5
1502.214,6
1502.302,4
1502.39,3
1502.478,2
1502.565,0
1502.653,0
1502.741,0
1502.828,0
1502.916,0
1503.004,0
1503.092,1
1503.179,1
1503.267,1
1503.355,1
1503.442,0
1503.53,0
1503.618,1
1503.706,1
1503.793,1
1503.881,1
1503.969,0
1504.057,2
1504.144,3
1504.232,3
1504.32,4
1504.408,2
1504.496,3
1504.583,5
1504.671,4
1504.759,4
1504.847,2
1504.934,0
1505.022,1
1505.11,1
1505.198,1
1505.286,1
1505.373,0
1505.461,0
1505.549,0
1505.637,0
1505.725,0
1505.812,0
1505.9,0
1505.988,0
1506.076,0
1506.164,1
1506.251,1
1506.339,2
1506.427,2
1506.515,1
1506.603,1
1506.691,1
1506.778,1
1506.866,1
1506.954,1
1507.042,0
1507.13,1
1507.218,1
1507.305,1
1507.393,1
1507.481,1
1507.569,1
1507.657,1
1507.745,2
1507.833,1
1507.92,1
1508.008,1
1508.096,0
1508.184,0
1508.272,0
1508.36,0
1508.448,0
1508.536,0
1508.624,0
1508.711,1
1508.799,2
1508.887,3
1508.975,3
1509.063,2
1509.151,1
1509.239,0
1509.327,0
1509.415,2
1509.503,2
1509.59,2
1509.678,2
1509.766,3
1509.854,3
1509.942,3
1510.03,3
1510.118,0
1510.206,1
1510.294,2
1510.382,2
1510.47,3
1510.558,2
1510.646,3
1510.734,3
1510.822,2
1510.91,3
1510.998,1
1511.085,2
1511.173,3
1511.261,2
1511.349,2
1511.437,1
1511.525,0
1511.613,0
1511.701,0
1511.789,0
1511.877,0
1511.965,2
1512.053,2
1512.141,2
1512.229,2
1512.317,1
1512.405,1
1512.493,1
1512.581,1
1512.669,0
1512.757,0
1512.845,0
1512.933,2
1513.021,2
1513.109,2
1513.197,2
1513.285,0
1513.373,0
1513.461,0
1513.549,0
1513.638,0
1513.726,0
1513.814,0
1513.902,0
1513.99,1
1514.078,1
1514.166,1
1514.254,1
1514.342,1
1514.43,1
1514.518,2
1514.606,2
1514.694,1
1514.782,1
1514.87,1
1514.958,1
1515.046,2
1515.135,2
1515.223,1
1515.311,1
1515.399,1
1515.487,1
1515.575,1
1515.663,1
1515.751,0
1515.839,0
1515.927,1
1516.016,1
1516.104,2
1516.192,3
1516.28,3
1516.368,4
1516.456,3
1516.544,3
1516.632,2
1516.72,1
1516.809,2
1516.897,1
1516.985,1
1517.073,1
1517.161,0
1517.249,0
1517.337,0
1517.426,0
1517.514,0
1517.602,0
1517.69,0
1517.778,0
1517.866,1
1517.955,2
1518.043,3
1518.131,3
1518.219,3
1518.307,2
1518.395,3
1518.484,3
1518.572,2
1518.66,2
1518.748,0
1518.836,0
1518.925,0
1519.013,0
1519.101,0
1519.189,0
1519.277,0
1519.366,1
1519.454,1
1519.542,1
1519.63,1
1519.718,0
1519.807,0
1519.895,0
1519.983,0
1520.071,0
1520.16,0
1520.248,0
1520.336,0
1520.424,0
1520.513,0
1520.601,0
1520.689,0
1520.777,0
1520.866,0
1520.954,0
1521.042,0
1521.13,0
1521.219,3
1521.307,3
1521.395,5
1521.483,5
1521.572,4
1521.66,4
1521.748,3
1521.836,3
1521.925,1
1522.013,1
1522.101,1
1522.19,1
1522.278,1
1522.366,1
1522.454,1
1522.543,2
1522.631,2
1522.719,2
1522.808,1
1522.896,0
1522.984,0
1523.073,0
1523.161,0
1523.249,0
1523.338,0
1523.426,0
1523.514,1
1523.603,1
1523.691,2
1523.779,2
1523.868,1
1523.956,2
1524.044,2
1524.133,4
1524.221,4
1524.309,3
1524.398,2
1524.486,0
1524.574,0
1524.663,0
1524.751,0
1524.84,0
1524.928,1
1525.016,1
1525.105,1
1525.193,1
1525.281,1
1525.37,1
1525.458,2
1525.547,2
1525.635,1
1525.723,1
1525.812,0
1525.9,0
1525.989,0
1526.077,0
1526.165,0
1526.254,0
1526.342,0
1526.431,0
1526.519,0
1526.607,0
1526.696,0
1526.784,0
1526.873,1
1526.961,1
1527.05,2
1527.138,2
1527.226,2
1527.315,2
1527.403,1
1527.492,2
1527.58,1
1527.669,2
1527.757,3
1527.846,2
1527.934,5
1528.023,4
1528.111,5
1528.199,5
1528.288,2
1528.376,2
1528.465,1
1528.553,1
1528.642,1
1528.73,1
1528.819,0
1528.907,0
1528.996,3
1529.084,3
1529.173,3
1529.261,4
1529.35,3
1529.438,3
1529.527,4
1529.615,3
1529.704,2
1529.792,2
1529.881,1
1529.969,1
1530.058,0
1530.146,0
1530.235,1
1530.323,2
1530.412,2
1530.501,2
1530.589,1
1530.678,0
1530.766,1
1530.855,1
1530.943,2
1531.032,2
1531.12,1
1531.209,1
1531.297,2
1531.386,3
1531.475,5
1531.563,5
1531.652,3
1531.74,3
1531.829,1
1531.917,1
1532.006,3
1532.095,2
1532.183,2
1532.272,3
1532.36,1
1532.449,1
1532.538,2
1532.626,1
1532.715,2
1532.803,4
1532.892,3
1532.981,3
1533.069,3
1533.158,3
1533.246,4
1533.335,4
1533.424,4
1533.512,2
1533.601,1
1533.69,1
1533.778,0
1533.867,0
1533.955,0
1534.044,1
1534.133,1
1534.221,1
1534.31,2
1534.399,1
1534.487,1
1534.576,2
1534.665,1
1534.753,1
1534.842,1
1534.931,0
1535.019,1
1535.108,1
1535.197,1
1535.285,3
1535.374,4
1535.463,4
1535.551,4
1535.64,2
1535.729,0
1535.817,1
1535.906,3
1535.995,4
1536.084,4
1536.172,3
1536.261,2
1536.35,1
1536.438,1
1536.527,1
1536.616,0
1536.704,0
1536.793,0
1536.882,1
1536.971,2
1537.059,3
1537.148,5
1537.237,5
1537.326,5
1537.414,5
1537.503,5
1537.592,4
1537.681,3
1537.769,3
1537.858,1
1537.947,1
1538.036,1
1538.124,1
1538.213,2
1538.302,3
1538.391,3
1538.479,4
1538.568,5
1538.657,4
1538.746,4
1538.834,2
1538.923,0
1539.012,1
1539.101,1
1539.19,1
1539.278,1
1539.367,0
1539.456,0
1539.545,0
1539.634,0
1539.722,1
1539.811,1
1539.9,1
1539.989,1
1540.078,0
1540.167,0
1540.255,1
1540.344,1
1540.433,1
1540.522,1
1540.611,0
1540.699,0
1540.788,2
1540.877,2
1540.966,2
1541.055,2
1541.144,1
1541.233,2
1541.321,3
1541.41,3
1541.499,2
1541.588,4
1541.677,3
1541.766,3
1541.855,3
1541.943,0
1542.032,0
1542.121,1
1542.21,1
1542.299,2
1542.388,2
1542.477,1
1542.566,1
1542.655,0
1542.743,0
1542.832,0
1542.921,1
1543.01,1
1543.099,1
1543.188,1
1543.277,0
1543.366,1
1543.455,1
1543.544,1
1543.633,1
1543.721,0
1543.81,2
1543.899,2
1543.988,2
1544.077,2
1544.166,0
1544.255,2
1544.344,3
1544.433,3
1544.522,3
1544.611,1
1544.7,0
1544.789,1
1544.878,1
1544.967,1
1545.056,1
1545.145,0
1545.234,0
1545.322,0
1545.411,0
1545.5,0
1545.589,0
1545.678,2
1545.767,2
1545.856,2
1545.945,3
1546.034,1
1546.123,2
1546.212,3
1546.301,2
1546.39,2
1546.479,2
1546.568,1
1546.657,1
1546.746,1
1546.835,0
1546.924,0
1547.013,0
1547.102,0
1547.191,0
1547.281,0
1547.37,0
1547.459,1
1547.548,1
1547.637,1
1547.726,2
1547.815,2
1547.904,2
1547.993,3
1548.082,2
1548.171,1
1548.26,1
1548.349,0
1548.438,0
1548.527,0
1548.616,0
1548.705,0
1548.794,0
1548.883,0
1548.973,0
1549.062,0
1549.151,0
1549.24,0
1549.329,0
1549.418,0
1549.507,0
1549.596,0
1549.685,0
1549.774,0
1549.863,0
1549.953,1
1550.042,2
1550.131,2
1550.22,2
1550.309,1
1550.398,0
1550.487,0
1550.576,0
1550.665,0
1550.755,0
1550.844,0
1550.933,0
1551.022,0
1551.111,0
1551.2,1
1551.289,1
1551.379,1
1551.468,1
1551.557,0
1551.646,0
1551.735,0
1551.824,2
1551.914,2
1552.003,2
1552.092,2
1552.181,0
1552.27,1
1552.359,1
1552.449,1
1552.538,1
1552.627,0
1552.716,0
1552.805,0
1552.895,0
1552.984,0
1553.073,0
1553.162,0
1553.251,0
1553.341,1
1553.43,1
1553.519,1
1553.608,1
1553.697,1
1553.787,1
1553.876,2
1553.965,2
1554.054,2
1554.143,2
1554.233,1
1554.322,1
1554.411,1
1554.5,2
1554.59,2
1554.679,2
1554.768,1
1554.857,0
1554.947,0
1555.036,0
1555.125,1
1555.214,1
1555.304,1
1555.393,1
1555.482,0
1555.571,0
1555.661,0
1555.75,0
1555.839,1
1555.929,1
1556.018,1
1556.107,1
1556.196,0
1556.286,0
1556.375,0
1556.464,0
1556.554,0
1556.643,0
1556.732,1
1556.822,1
1556.911,4
1557,4
1557.089,4
1557.179,4
1557.268,1
1557.357,1
1557.447,1
1557.536,1
1557.625,1
1557.715,1
1557.804,0
1557.893,1
1557.983,1
1558.072,1
1558.161,1
1558.251,0
1558.34,0
1558.429,0
1558.519,1
1558.608,1
1558.698,1
1558.787,1
1558.876,2
1558.966,2
1559.055,2
1559.144,2
1559.234,0
1559.323,0
1559.413,0
1559.502,0
1559.591,0
1559.681,0
1559.77,2
1559.859,2
1559.949,2
1560.038,2
1560.128,1
1560.217,3
1560.307,3
1560.396,3
1560.485,2
1560.575,0
1560.664,0
1560.754,0
1560.843,1
1560.932,1
1561.022,2
1561.111,2
1561.201,1
1561.29,1
1561.38,0
1561.469,0
1561.558,0
1561.648,0
1561.737,2
1561.827,2
1561.916,3
1562.006,4
1562.095,2
1562.185,2
1562.274,1
1562.364,0
1562.453,0
1562.543,0
1562.632,2
1562.722,2
1562.811,3
1562.9,3
1562.99,1
1563.079,1
1563.169,0
1563.258,0
1563.348,0
1563.437,0
1563.527,0
1563.616,0
1563.706,0
1563.795,0
1563.885,0
1563.974,0
1564.064,1
1564.154,2
1564.243,2
1564.333,2
1564.422,1
1564.512,1
1564.601,2
1564.691,2
1564.78,2
1564.87,1
1564.959,0
1565.049,1
1565.138,2
1565.228,2
1565.318,3
1565.407,2
1565.497,1
1565.586,1
1565.676,0
1565.765,0
1565.855,0
1565.944,2
1566.034,2
1566.124,3
1566.213,3
1566.303,1
1566.392,2
1566.482,1
1566.572,1
1566.661,1
1566.751,0
1566.84,1
1566.93,1
1567.02,2
1567.109,2
1567.199,2
1567.288,2
1567.378,1
1567.468,3
1567.557,3
1567.647,3
1567.736,4
1567.826,2
1567.916,1
1568.005,1
1568.095,0
1568.185,2
1568.274,2
1568.364,2
1568.454,2
1568.543,0
1568.633,0
1568.723,0
1568.812,0
1568.902,1
1568.991,2
1569.081,4
1569.171,4
1569.26,4
1569.35,3
1569.44,1
1569.53,1
1569.619,0
1569.709,0
1569.799,2
1569.888,2
1569.978,2
1570.068,2
1570.157,0
1570.247,0
1570.337,0
1570.426,0
1570.516,1
1570.606,2
1570.696,3
1570.785,3
1570.875,4
1570.965,4
1571.054,3
1571.144,3
1571.234,1
1571.324,1
1571.413,1
1571.503,1
1571.593,1
1571.683,0
1571.772,0
1571.862,0
1571.952,1
1572.042,1
1572.131,1
1572.221,1
1572.311,0
1572.401,0
1572.49,0
1572.58,0
1572.67,2
1572.76,2
1572.849,2
1572.939,2
1573.029,0
1573.119,1
1573.208,2
1573.298,2
1573.388,2
1573.478,1
1573.568,1
1573.657,1
1573.747,1
1573.837,1
1573.927,1
1574.017,1
1574.106,1
1574.196,1
1574.286,1
1574.376,1
1574.466,2
1574.556,2
1574.645,2
1574.735,2
1574.825,2
1574.915,2
1575.005,1
1575.095,1
1575.184,0
1575.274,0
1575.364,1
1575.454,1
1575.544,1
1575.634,1
1575.723,1
1575.813,1
1575.903,1
1575.993,1
1576.083,0
1576.173,0
1576.263,2
1576.353,2
1576.442,3
1576.532,3
1576.622,2
1576.712,2
1576.802,1
1576.892,1
1576.982,0
1577.072,0
1577.162,0
1577.251,0
1577.341,0
1577.431,0
1577.521,0
1577.611,0
1577.701,0
1577.791,1
1577.881,1
1577.971,1
1578.061,2
1578.151,1
1578.241,1
1578.33,1
1578.42,0
1578.51,1
1578.6,1
1578.69,2
1578.78,4
1578.87,3
1578.96,4
1579.05,3
1579.14,1
1579.23,1
1579.32,0
1579.41,0
1579.5,2
1579.59,2
1579.68,3
1579.77,4
1579.86,3
1579.95,3
1580.04,2
1580.13,2
1580.22,1
1580.31,1
1580.4,2
1580.49,2
1580.58,2
1580.67,2
1580.76,2
1580.85,1
1580.94,1
1581.03,1
1581.12,0
1581.21,0
1581.3,2
1581.39,2
1581.48,4
1581.57,4
1581.66,2
1581.75,2
1581.84,1
1581.93,1
1582.02,1
1582.11,1
1582.2,0
1582.29,1
1582.38,1
1582.47,2
1582.56,3
1582.65,2
1582.74,2
1582.83,1
1582.92,1
1583.011,1
1583.101,1
1583.191,1
1583.281,0
1583.371,0
1583.461,1
1583.551,3
1583.641,3
1583.731,4
1583.821,3
1583.911,1
1584.001,1
1584.092,0
1584.182,0
1584.272,1
1584.362,2
1584.452,2
1584.542,2
1584.632,1
1584.722,0
1584.812,0
1584.903,0
1584.993,1
1585.083,1
1585.173,1
1585.263,1
1585.353,0
1585.443,0
1585.533,0
1585.624,0
1585.714,0
1585.804,0
1585.894,1
1585.984,2
1586.074,3
1586.165,4
1586.255,3
1586.345,2
1586.435,1
1586.525,0
1586.615,0
1586.706,0
1586.796,0
1586.886,2
1586.976,2
1587.066,2
1587.156,3
1587.247,2
1587.337,2
1587.427,2
1587.517,1
1587.607,0
1587.698,0
1587.788,0
1587.878,1
1587.968,2
1588.058,2
1588.149,3
1588.239,3
1588.329,2
1588.419,2
1588.51,2
1588.6,1
1588.69,1
1588.78,1
1588.87,0
1588.961,1
1589.051,1
1589.141,2
1589.231,2
1589.322,1
1589.412,1
1589.502,0
1589.592,0
1589.683,1
1589.773,1
1589.863,1
1589.954,2
1590.044,1
1590.134,1
1590.224,1
1590.315,0
1590.405,1
1590.495,1
1590.585,1
1590.676,1
1590.766,1
1590.856,1
1590.947,2
1591.037,4
1591.127,4
1591.218,7
1591.308,7
1591.398,5
1591.488,4
1591.579,1
1591.669,0
1591.759,1
1591.85,1
1591.94,2
1592.03,2
1592.121,1
1592.211,2
1592.301,2
1592.392,2
1592.482,2
1592.572,1
1592.663,0
1592.753,0
1592.843,1
1592.934,1
1593.024,1
1593.115,1
1593.205,1
1593.295,1
1593.386,1
1593.476,1
1593.566,0
1593.657,0
1593.747,0
1593.838,1
1593.928,1
1594.018,1
1594.109,2
1594.199,1
1594.289,1
1594.38,1
1594.47,2
1594.561,2
1594.651,2
1594.741,2
1594.832,0
1594.922,1
1595.013,1
1595.103,1
1595.194,1
1595.284,0
1595.374,1
1595.465,1
1595.555,1
1595.646,2
1595.736,1
1595.827,2
1595.917,3
1596.007,2
1596.098,2
1596.188,1
1596.279,0
1596.369,0
1596.46,2
1596.55,2
1596.641,3
1596.731,4
1596.822,2
1596.912,2
1597.002,1
1597.093,0
1597.183,1
1597.274,1
1597.364,1
1597.455,1
1597.545,0
1597.636,2
1597.726,2
1597.817,2
1597.907,4
1597.998,3
1598.088,3
1598.179,3
1598.269,1
1598.36,0
1598.45,1
1598.541,1
1598.631,1
1598.722,2
1598.812,1
1598.903,1
1598.994,1
1599.084,0
1599.175,0
1599.265,0
1599.356,0
1599.446,0
1599.537,0
1599.627,0
1599.718,0
1599.808,1
1599.899,1
1599.99,1
1600.08,2
1600.171,1
