mz,abundance
700.03,13
700.09,14
700.149,12
700.209,7
700.268,6
700.328,6
700.387,5
700.447,3
700.507,5
700.566,4
700.626,4
700.685,5
700.745,3
700.804,3
700.864,3
700.924,1
700.983,1
701.043,1
701.102,2
701.162,2
701.222,1
701.281,1
701.341,0
701.4,1
701.46,2
701.52,2
701.579,2
701.639,3
701.699,2
701.758,2
701.818,3
701.877,3
701.937,4
701.997,5
702.056,4
702.116,5
702.176,4
702.235,3
702.295,4
702.354,1
702.414,1
702.474,1
702.533,2
702.593,2
702.653,2
702.712,2
702.772,3
702.832,10
702.891,13
702.951,17
703.011,21
703.07,21
703.13,20
703.19,17
703.25,10
703.309,4
703.369,3
703.429,4
703.488,4
703.548,6
703.608,6
703.667,5
703.727,6
703.787,7
703.847,11
703.906,12
703.966,15
704.026,18
704.085,17
704.145,15
704.205,11
704.265,6
704.324,5
704.384,5
704.444,5
704.504,3
704.563,3
704.623,3
704.683,3
704.742,4
704.802,5
704.862,11
704.922,16
704.982,20
705.041,21
705.101,21
705.161,18
705.221,15
705.28,13
705.34,8
705.4,8
705.46,7
705.519,6
705.579,6
705.639,5
705.699,7
705.759,5
705.818,5
705.878,7
705.938,8
705.998,7
706.058,8
706.117,8
706.177,7
706.237,8
706.297,9
706.357,8
706.417,6
706.476,6
706.536,12
706.596,11
706.656,11
706.716,10
706.776,5
706.835,4
706.895,7
706.955,6
707.015,7
707.075,9
707.135,6
707.194,5
707.254,5
707.314,6
707.374,5
707.434,4
707.494,4
707.554,2
707.614,3
707.673,3
707.733,5
707.793,5
707.853,5
707.913,6
707.973,7
708.033,12
708.093,18
708.152,18
708.212,15
708.272,17
708.332,16
708.392,15
708.452,14
708.512,7
708.572,2
708.632,2
708.692,2
708.752,5
708.812,4
708.871,5
708.931,6
708.991,3
709.051,4
709.111,7
709.171,7
709.231,7
709.291,7
709.351,3
709.411,3
709.471,5
709.531,6
709.591,4
709.651,4
709.711,2
709.771,2
709.831,5
709.891,6
709.951,9
710.011,10
710.071,6
710.13,5
710.19,13
710.25,14
710.31,15
710.37,16
710.43,6
710.49,4
710.55,4
710.61,1
710.67,1
710.73,1
710.79,2
710.85,1
710.91,1
710.97,2
711.031,1
711.091,1
711.151,5
711.211,7
711.271,7
711.331,7
711.391,3
711.451,0
711.511,0
711.571,0
711.631,0
711.691,0
711.751,1
711.811,2
711.871,3
711.931,6
711.991,5
712.051,4
712.111,6
712.171,7
712.231,8
712.292,10
712.352,8
712.412,4
712.472,3
712.532,4
712.592,4
712.652,6
712.712,7
712.772,5
712.832,6
712.892,5
712.952,6
713.013,7
713.073,11
713.133,17
713.193,16
713.253,15
713.313,11
713.373,6
713.433,9
713.494,10
713.554,9
713.614,5
713.674,4
713.734,3
713.794,5
713.854,4
713.914,3
713.975,4
714.035,3
714.095,4
714.155,7
714.215,7
714.275,7
714.336,9
714.396,6
714.456,6
714.516,8
714.576,5
714.636,8
714.697,10
714.757,13
714.817,12
714.877,9
714.937,6
714.997,5
715.058,2
715.118,1
715.178,1
715.238,0
715.298,1
715.359,1
715.419,3
715.479,3
715.539,5
715.599,5
715.66,8
715.72,11
715.78,9
715.84,11
715.901,10
715.961,14
716.021,16
716.081,21
716.142,21
716.202,19
716.262,16
716.322,13
716.382,13
716.443,8
716.503,9
716.563,8
716.624,7
716.684,2
716.744,4
716.804,4
716.865,4
716.925,5
716.985,3
717.045,6
717.106,8
717.166,11
717.226,10
717.287,8
717.347,6
717.407,4
717.467,5
717.528,5
717.588,4
717.648,4
717.709,7
717.769,7
717.829,5
717.89,6
717.95,9
718.01,11
718.07,12
718.131,10
718.191,8
718.251,8
718.312,11
718.372,14
718.432,13
718.493,9
718.553,5
718.613,4
718.674,4
718.734,5
718.795,9
718.855,12
718.915,17
718.976,22
719.036,21
719.096,22
719.157,18
719.217,13
719.277,10
719.338,9
719.398,11
719.459,9
719.519,12
719.579,13
719.64,13
719.7,12
719.76,10
719.821,7
719.881,4
719.942,4
720.002,3
720.062,1
720.123,3
720.183,3
720.244,3
720.304,6
720.365,6
720.425,7
720.485,8
720.546,7
720.606,6
720.667,7
720.727,7
720.787,5
720.848,9
720.908,7
720.969,14
721.029,20
721.09,18
721.15,15
721.211,8
721.271,2
721.332,1
721.392,1
721.452,3
721.513,5
721.573,10
721.634,11
721.694,13
721.755,13
721.815,10
721.876,10
721.936,10
721.997,10
722.057,12
722.118,14
722.178,14
722.239,13
722.299,10
722.36,7
722.42,5
722.481,6
722.541,7
722.602,5
722.662,4
722.723,4
722.783,5
722.844,6
722.904,9
722.965,8
723.025,5
723.086,4
723.146,1
723.207,1
723.268,1
723.328,2
723.389,4
723.449,5
723.51,10
723.57,12
723.631,11
723.691,13
723.752,11
723.813,9
723.873,9
723.934,8
723.994,6
724.055,6
724.115,6
724.176,8
724.237,8
724.297,6
724.358,6
724.418,3
724.479,5
724.539,2
724.6,5
724.661,5
724.721,4
724.782,4
724.842,7
724.903,6
724.964,4
725.024,3
725.085,2
725.146,4
725.206,4
725.267,6
725.327,5
725.388,3
725.449,6
725.509,9
725.57,7
725.631,6
725.691,5
725.752,3
725.813,3
725.873,3
725.934,6
725.994,8
726.055,10
726.116,15
726.176,13
726.237,15
726.298,14
726.358,8
726.419,5
726.48,2
726.541,2
726.601,1
726.662,1
726.723,2
726.783,4
726.844,5
726.905,5
726.965,7
727.026,5
727.087,4
727.147,5
727.208,3
727.269,4
727.33,5
727.39,4
727.451,3
727.512,2
727.572,0
727.633,1
727.694,1
727.755,5
727.815,6
727.876,6
727.937,9
727.998,6
728.058,6
728.119,7
728.18,8
728.241,7
728.301,6
728.362,7
728.423,5
728.484,5
728.544,5
728.605,6
728.666,4
728.727,4
728.787,4
728.848,2
728.909,2
728.97,3
729.031,5
729.091,5
729.152,5
729.213,4
729.274,2
729.335,0
729.395,2
729.456,2
729.517,2
729.578,2
729.639,2
729.699,2
729.76,2
729.821,2
729.882,1
729.943,3
730.003,7
730.064,11
730.125,11
730.186,10
730.247,8
730.308,8
730.368,5
730.429,6
730.49,6
730.551,5
730.612,4
730.673,4
730.734,3
730.794,1
730.855,1
730.916,4
730.977,3
731.038,2
731.099,2
731.16,1
731.22,1
731.281,4
731.342,5
731.403,6
731.464,6
731.525,8
731.586,7
731.647,6
731.708,7
731.768,5
731.829,6
731.89,5
731.951,8
732.012,9
732.073,7
732.134,8
732.195,8
732.256,8
732.317,8
732.378,8
732.439,5
732.499,4
732.56,4
732.621,3
732.682,1
732.743,1
732.804,1
732.865,2
732.926,4
732.987,5
733.048,5
733.109,5
733.17,9
733.231,14
733.292,14
733.353,15
733.414,10
733.475,9
733.536,10
733.597,8
733.658,11
733.719,8
733.78,14
733.841,11
733.902,8
733.963,6
734.024,2
734.085,4
734.146,8
734.207,8
734.268,10
734.329,8
734.39,7
734.451,11
734.512,8
734.573,8
734.634,8
734.695,6
734.756,3
734.817,2
734.878,3
734.939,2
735,3
735.061,6
735.122,5
735.183,4
735.244,3
735.305,2
735.366,3
735.427,3
735.488,3
735.549,2
735.61,1
735.671,2
735.732,4
735.794,4
735.855,5
735.916,7
735.977,8
736.038,8
736.099,8
736.16,6
736.221,5
736.282,5
736.343,10
736.404,11
736.465,11
736.527,9
736.588,6
736.649,5
736.71,3
736.771,3
736.832,3
736.893,1
736.954,0
737.015,0
737.077,0
737.138,3
737.199,3
737.26,3
737.321,4
737.382,1
737.443,2
737.504,2
737.566,1
737.627,3
737.688,4
737.749,5
737.81,8
737.871,9
737.933,12
737.994,12
738.055,15
738.116,15
738.177,12
738.238,12
738.3,9
738.361,13
738.422,10
738.483,12
738.544,12
738.605,11
738.667,9
738.728,7
738.789,5
738.85,1
738.911,3
738.973,4
739.034,5
739.095,7
739.156,6
739.217,6
739.279,6
739.34,4
739.401,2
739.462,3
739.524,4
739.585,7
739.646,10
739.707,9
739.768,13
739.83,12
739.891,10
739.952,12
740.013,10
740.075,11
740.136,13
740.197,10
740.258,11
740.32,10
740.381,7
740.442,6
740.504,4
740.565,0
740.626,0
740.687,0
740.749,0
740.81,1
740.871,1
740.932,2
740.994,3
741.055,3
741.116,4
741.178,3
741.239,2
741.3,2
741.362,1
741.423,1
741.484,1
741.545,0
741.607,0
741.668,0
741.729,0
741.791,0
741.852,1
741.913,1
741.975,1
742.036,1
742.097,3
742.159,3
742.22,4
742.281,5
742.343,5
742.404,5
742.465,4
742.527,3
742.588,1
742.649,2
742.711,2
742.772,3
742.834,4
742.895,4
742.956,5
743.018,10
743.079,13
743.14,16
743.202,16
743.263,23
743.325,19
743.386,16
743.447,12
743.509,4
743.57,3
743.632,2
743.693,1
743.754,0
743.816,0
743.877,1
743.939,1
744,3
744.061,5
744.123,6
744.184,7
744.246,5
744.307,10
744.368,8
744.43,7
744.491,10
744.553,13
744.614,14
744.676,16
744.737,17
744.799,13
744.86,13
744.921,9
744.983,10
745.044,8
745.106,9
745.167,10
745.229,7
745.29,5
745.352,5
745.413,3
745.475,3
745.536,4
745.598,4
745.659,2
745.721,3
745.782,4
745.844,5
745.905,4
745.967,4
746.028,6
746.09,7
746.151,11
746.213,13
746.274,12
746.336,14
746.397,10
746.459,8
746.52,7
746.582,5
746.643,6
746.705,5
746.766,3
746.828,1
746.889,3
746.951,3
747.012,5
747.074,5
747.135,3
747.197,3
747.258,1
747.32,1
747.382,0
747.443,0
747.505,1
747.566,1
747.628,2
747.689,5
747.751,4
747.813,6
747.874,5
747.936,5
747.997,6
748.059,6
748.12,12
748.182,11
748.244,12
748.305,16
748.367,17
748.428,15
748.49,15
748.552,13
748.613,5
748.675,6
748.736,4
748.798,4
748.86,1
748.921,0
748.983,3
749.045,6
749.106,6
749.168,6
749.229,3
749.291,7
749.353,6
749.414,5
749.476,4
749.538,0
749.599,1
749.661,2
749.723,2
749.784,5
749.846,7
749.908,6
749.969,7
750.031,10
750.093,7
750.154,8
750.216,7
750.278,6
750.339,8
750.401,8
750.463,8
750.524,6
750.586,8
750.648,7
750.709,10
750.771,13
750.833,10
750.894,14
750.956,12
751.018,12
751.08,12
751.141,8
751.203,9
751.265,6
751.326,5
751.388,4
751.45,1
751.512,1
751.573,2
751.635,2
751.697,3
751.758,3
751.82,2
751.882,4
751.944,4
752.005,5
752.067,5
752.129,5
752.191,5
752.252,8
752.314,7
752.376,11
752.438,11
752.5,9
752.561,6
752.623,4
752.685,5
752.747,5
752.808,9
752.87,11
752.932,13
752.994,14
753.056,10
753.117,8
753.179,8
753.241,9
753.303,10
753.365,9
753.426,10
753.488,8
753.55,7
753.612,7
753.674,6
753.735,6
753.797,6
753.859,6
753.921,9
753.983,11
754.045,9
754.106,7
754.168,5
754.23,3
754.292,1
754.354,1
754.416,1
754.477,0
754.539,0
754.601,0
754.663,2
754.725,3
754.787,8
754.849,9
754.91,8
754.972,8
755.034,4
755.096,5
755.158,11
755.22,12
755.282,14
755.344,13
755.405,8
755.467,7
755.529,3
755.591,3
755.653,2
755.715,5
755.777,5
755.839,7
755.901,12
755.963,12
756.025,11
756.086,11
756.148,10
756.21,8
756.272,9
756.334,10
756.396,3
756.458,4
756.52,3
756.582,4
756.644,4
756.706,4
756.768,5
756.83,3
756.892,5
756.954,4
757.015,6
757.077,5
757.139,6
757.201,6
757.263,3
757.325,3
757.387,1
757.449,1
757.511,1
757.573,1
757.635,3
757.697,4
757.759,4
757.821,7
757.883,9
757.945,10
758.007,12
758.069,14
758.131,9
758.193,7
758.255,8
758.317,6
758.379,8
758.441,8
758.503,5
758.565,2
758.627,4
758.689,4
758.751,5
758.813,6
758.875,3
758.937,4
758.999,4
759.061,5
759.123,6
759.185,4
759.248,6
759.31,10
759.372,11
759.434,12
759.496,12
759.558,9
759.62,11
759.682,12
759.744,13
759.806,19
759.868,17
759.93,15
759.992,17
760.054,13
760.116,13
760.179,13
760.241,7
760.303,6
760.365,4
760.427,4
760.489,3
760.551,2
760.613,0
760.675,0
760.737,3
760.8,3
760.862,3
760.924,3
760.986,0
761.048,0
761.11,2
761.172,2
761.234,2
761.297,2
761.359,0
761.421,0
761.483,1
761.545,1
761.607,2
761.669,2
761.732,1
761.794,1
761.856,0
761.918,0
761.98,0
762.042,0
762.104,0
762.167,2
762.229,2
762.291,2
762.353,2
762.415,0
762.478,0
762.54,0
762.602,2
762.664,4
762.726,6
762.788,7
762.851,6
762.913,5
762.975,5
763.037,3
763.099,5
763.162,6
763.224,9
763.286,7
763.348,5
763.411,4
763.473,0
763.535,1
763.597,1
763.659,1
763.722,5
763.784,4
763.846,5
763.908,7
763.971,3
764.033,6
764.095,10
764.157,11
764.22,11
764.282,12
764.344,9
764.406,8
764.469,7
764.531,6
764.593,7
764.655,9
764.718,10
764.78,10
764.842,9
764.905,7
764.967,6
765.029,6
765.091,4
765.154,4
765.216,3
765.278,7
765.341,5
765.403,5
765.465,6
765.528,2
765.59,2
765.652,4
765.714,4
765.777,4
765.839,5
765.901,5
765.964,6
766.026,5
766.088,7
766.151,9
766.213,10
766.275,10
766.338,7
766.4,8
766.462,4
766.525,3
766.587,3
766.649,1
766.712,5
766.774,6
766.837,5
766.899,5
766.961,4
767.024,6
767.086,7
767.148,8
767.211,7
767.273,11
767.336,10
767.398,13
767.46,9
767.523,6
767.585,6
767.647,5
767.71,4
767.772,4
767.835,4
767.897,3
767.959,2
768.022,4
768.084,4
768.147,4
768.209,4
768.272,5
768.334,9
768.396,10
768.459,10
768.521,8
768.584,4
768.646,4
768.709,4
768.771,3
768.833,3
768.896,1
768.958,3
769.021,6
769.083,6
769.146,5
769.208,8
769.271,9
769.333,8
769.396,10
769.458,12
769.52,8
769.583,11
769.645,9
769.708,7
769.77,8
769.833,5
769.895,6
769.958,4
770.02,4
770.083,5
770.145,3
770.208,7
770.27,5
770.333,5
770.395,5
770.458,9
770.52,9
770.583,11
770.645,14
770.708,8
770.77,9
770.833,7
770.896,4
770.958,7
771.021,9
771.083,9
771.146,9
771.208,4
771.271,3
771.333,4
771.396,4
771.458,6
771.521,5
771.583,6
771.646,6
771.709,6
771.771,5
771.834,5
771.896,5
771.959,3
772.021,3
772.084,0
772.147,0
772.209,0
772.272,1
772.334,2
772.397,2
772.46,2
772.522,1
772.585,3
772.647,5
772.71,9
772.773,15
772.835,16
772.898,16
772.96,15
773.023,11
773.086,11
773.148,17
773.211,15
773.273,14
773.336,12
773.399,10
773.461,13
773.524,15
773.587,11
773.649,11
773.712,9
773.775,8
773.837,7
773.9,9
773.963,11
774.025,8
774.088,9
774.15,7
774.213,10
774.276,10
774.338,10
774.401,10
774.464,5
774.526,7
774.589,8
774.652,8
774.715,8
774.777,5
774.84,0
774.903,0
774.965,0
775.028,1
775.091,2
775.153,4
775.216,4
775.279,3
775.342,3
775.404,1
775.467,1
775.53,1
775.592,0
775.655,0
775.718,1
775.781,3
775.843,6
775.906,9
775.969,14
776.032,15
776.094,14
776.157,14
776.22,11
776.282,12
776.345,12
776.408,10
776.471,7
776.534,6
776.596,9
776.659,9
776.722,8
776.785,6
776.847,4
776.91,4
776.973,5
777.036,5
777.098,3
777.161,3
777.224,0
777.287,1
777.35,1
777.412,1
777.475,2
777.538,1
777.601,6
777.664,6
777.726,6
777.789,7
777.852,6
777.915,6
777.978,5
778.04,6
778.103,7
778.166,7
778.229,7
778.292,9
778.355,9
778.417,10
778.48,12
778.543,10
778.606,12
778.669,12
778.732,9
778.795,7
778.857,7
778.92,8
778.983,13
779.046,16
779.109,14
779.172,15
779.235,12
779.297,11
779.36,11
779.423,14
779.486,13
779.549,10
779.612,9
779.675,2
779.738,2
779.801,3
779.863,4
779.926,5
779.989,6
780.052,6
780.115,10
780.178,8
780.241,11
780.304,10
780.367,8
780.43,8
780.492,3
780.555,2
780.618,1
780.681,1
780.744,0
780.807,0
780.87,1
780.933,1
780.996,1
781.059,2
781.122,9
781.185,9
781.248,10
781.311,9
781.374,7
781.437,8
781.5,7
781.563,12
781.626,10
781.688,10
781.751,7
781.814,3
781.877,4
781.94,5
782.003,6
782.066,8
782.129,8
782.192,8
782.255,8
782.318,7
782.381,6
782.444,5
782.507,4
782.57,3
782.633,0
782.696,0
782.759,0
782.822,3
782.885,3
782.948,3
783.011,3
783.074,3
783.137,4
783.201,5
783.264,5
783.327,4
783.39,3
783.453,3
783.516,3
783.579,1
783.642,1
783.705,2
783.768,3
783.831,3
783.894,4
783.957,3
784.02,3
784.083,7
784.146,10
784.209,9
784.272,8
784.336,5
784.399,5
784.462,6
784.525,9
784.588,13
784.651,15
784.714,16
784.777,17
784.84,16
784.903,10
784.966,9
785.03,10
785.093,7
785.156,9
785.219,13
785.282,13
785.345,16
785.408,20
785.471,19
785.534,16
785.598,15
785.661,13
785.724,11
785.787,13
785.85,15
785.913,9
785.976,11
786.04,14
786.103,10
786.166,12
786.229,13
786.292,8
786.355,10
786.419,6
786.482,6
786.545,5
786.608,4
786.671,5
786.734,5
786.798,4
786.861,6
786.924,6
786.987,7
787.05,12
787.113,11
787.177,11
787.24,12
787.303,9
787.366,9
787.429,9
787.493,7
787.556,6
787.619,5
787.682,5
787.746,5
787.809,2
787.872,1
787.935,1
787.998,2
788.062,7
788.125,10
788.188,15
788.251,19
788.315,19
788.378,21
788.441,18
788.504,12
788.568,8
788.631,8
788.694,12
788.757,13
788.821,13
788.884,13
788.947,8
789.01,8
789.074,7
789.137,5
789.2,4
789.263,4
789.327,4
789.39,6
789.453,6
789.517,8
789.58,6
789.643,6
789.706,5
789.77,2
789.833,2
789.896,1
789.96,1
790.023,1
790.086,2
790.15,4
790.213,5
790.276,6
790.34,7
790.403,5
790.466,5
790.53,5
790.593,1
790.656,2
790.72,2
790.783,3
790.846,3
790.91,4
790.973,5
791.036,7
791.1,6
791.163,6
791.226,5
791.29,2
791.353,2
791.416,0
791.48,2
791.543,2
791.607,3
791.67,4
791.733,5
791.797,5
791.86,6
791.923,9
791.987,9
792.05,13
792.114,16
792.177,14
792.24,12
792.304,11
792.367,6
792.431,6
792.494,7
792.557,6
792.621,4
792.684,3
792.748,4
792.811,3
792.875,2
792.938,2
793.001,2
793.065,2
793.128,2
793.192,7
793.255,11
793.319,10
793.382,10
793.446,7
793.509,4
793.572,4
793.636,3
793.699,0
793.763,0
793.826,0
793.89,0
793.953,2
794.017,8
794.08,9
794.144,10
794.207,13
794.271,14
794.334,12
794.398,10
794.461,8
794.525,1
794.588,2
794.652,3
794.715,4
794.779,6
794.842,6
794.906,8
794.969,10
795.033,8
795.096,8
795.16,6
795.223,2
795.287,2
795.35,2
795.414,2
795.477,0
795.541,0
795.604,0
795.668,0
795.731,0
795.795,1
795.858,1
795.922,1
795.986,3
796.049,2
796.113,2
796.176,3
796.24,2
796.303,3
796.367,4
796.43,9
796.494,10
796.558,10
796.621,10
796.685,8
796.748,10
796.812,9
796.876,8
796.939,5
797.003,1
797.066,8
797.13,9
797.193,9
797.257,11
797.321,9
797.384,9
797.448,9
797.512,8
797.575,9
797.639,8
797.702,7
797.766,10
797.83,5
797.893,5
797.957,5
798.021,6
798.084,5
798.148,5
798.211,6
798.275,2
798.339,2
798.402,2
798.466,1
798.53,0
798.593,0
798.657,0
798.721,1
798.784,3
798.848,5
798.912,6
798.975,10
799.039,9
799.103,9
799.166,9
799.23,10
799.294,10
799.357,10
799.421,9
799.485,3
799.548,2
799.612,3
799.676,3
799.74,6
799.803,6
799.867,13
799.931,13
799.994,13
800.058,14
800.122,11
800.186,13
800.249,10
800.313,9
800.377,2
800.44,1
800.504,1
800.568,5
800.632,9
800.695,9
800.759,12
800.823,16
800.887,12
800.95,11
801.014,8
801.078,5
801.142,4
801.205,3
801.269,2
801.333,4
801.397,4
801.46,4
801.524,4
801.588,3
801.652,6
801.716,7
801.779,7
801.843,8
801.907,8
801.971,12
802.035,13
802.098,15
802.162,12
802.226,14
802.29,9
802.354,6
802.417,5
802.481,1
802.545,0
802.609,0
802.673,4
802.736,5
802.8,6
802.864,7
802.928,12
802.992,13
803.056,13
803.119,13
803.183,8
803.247,9
803.311,11
803.375,15
803.439,11
803.503,11
803.566,13
803.63,11
803.694,9
803.758,8
803.822,5
803.886,3
803.95,4
804.013,6
804.077,10
804.141,14
804.205,15
804.269,14
804.333,11
804.397,8
804.461,5
804.525,5
804.588,7
804.652,4
804.716,3
804.78,4
804.844,4
804.908,5
804.972,5
805.036,5
805.1,5
805.164,8
805.228,12
805.292,11
805.355,9
805.419,9
805.483,4
805.547,4
805.611,5
805.675,3
805.739,3
805.803,3
805.867,6
805.931,4
805.995,6
806.059,7
806.123,5
806.187,6
806.251,8
806.315,7
806.379,6
806.443,7
806.507,4
806.571,4
806.635,3
806.699,2
806.763,1
806.827,2
806.89,2
806.954,1
807.018,1
807.082,0
807.146,0
807.21,1
807.274,2
807.338,2
807.403,5
807.467,5
807.531,4
807.595,4
807.659,4
807.723,4
807.787,4
807.851,5
807.915,3
807.979,3
808.043,4
808.107,5
808.171,9
808.235,10
808.299,12
808.363,11
808.427,9
808.491,8
808.555,3
808.619,3
808.683,1
808.747,1
808.811,0
808.875,0
808.94,0
809.004,0
809.068,3
809.132,3
809.196,3
809.26,3
809.324,6
809.388,7
809.452,8
809.516,11
809.58,7
809.645,7
809.709,7
809.773,4
809.837,3
809.901,3
809.965,3
810.029,0
810.093,0
810.157,0
810.222,2
810.286,3
810.35,5
810.414,5
810.478,6
810.542,6
810.606,10
810.67,10
810.735,7
810.799,7
810.863,4
810.927,3
810.991,2
811.055,3
811.12,5
811.184,7
811.248,11
811.312,10
811.376,10
811.44,11
811.505,12
811.569,14
811.633,14
811.697,13
811.761,10
811.825,5
811.89,4
811.954,5
812.018,6
812.082,6
812.146,15
812.211,15
812.275,16
812.339,16
812.403,8
812.467,7
812.532,5
812.596,5
812.66,2
812.724,3
812.789,4
812.853,4
812.917,7
812.981,7
813.046,7
813.11,6
813.174,10
813.238,12
813.303,11
813.367,11
813.431,7
813.495,4
813.56,4
813.624,3
813.688,2
813.752,1
813.817,0
813.881,0
813.945,2
814.009,5
814.074,5
814.138,8
814.202,6
814.267,3
814.331,3
814.395,4
814.459,6
814.524,6
814.588,6
814.652,6
814.717,3
814.781,2
814.845,1
814.91,0
814.974,0
815.038,1
815.102,3
815.167,7
815.231,12
815.295,12
815.36,12
815.424,11
815.488,7
815.553,8
815.617,5
815.681,4
815.746,6
815.81,5
815.875,3
815.939,3
816.003,1
816.068,3
816.132,3
816.196,4
816.261,4
816.325,2
816.389,2
816.454,2
816.518,4
816.583,4
816.647,5
816.711,4
816.776,2
816.84,3
816.904,2
816.969,4
817.033,4
817.098,8
817.162,7
817.226,7
817.291,7
817.355,7
817.42,12
817.484,8
817.549,7
817.613,5
817.677,3
817.742,3
817.806,3
817.871,3
817.935,4
818,5
818.064,5
818.128,5
818.193,1
818.257,0
818.322,0
818.386,0
818.451,0
818.515,3
818.58,5
818.644,7
818.708,9
818.773,9
818.837,7
818.902,5
818.966,3
819.031,2
819.095,6
819.16,7
819.224,7
819.289,8
819.353,12
819.418,14
819.482,18
819.547,20
819.611,18
819.676,16
819.74,13
819.805,8
819.869,6
819.934,5
819.998,1
820.063,2
820.127,4
820.192,6
820.256,10
820.321,10
820.385,12
820.45,10
820.515,6
820.579,5
820.644,1
820.708,2
820.773,3
820.837,4
820.902,7
820.966,6
821.031,4
821.095,3
821.16,2
821.225,2
821.289,2
821.354,2
821.418,0
821.483,0
821.547,0
821.612,0
821.677,1
821.741,1
821.806,1
821.87,1
821.935,0
822,1
822.064,4
822.129,5
822.193,10
822.258,9
822.323,7
822.387,6
822.452,2
822.516,2
822.581,2
822.646,3
822.71,3
822.775,4
822.84,7
822.904,7
822.969,8
823.033,8
823.098,8
823.163,9
823.227,8
823.292,7
823.357,3
823.421,1
823.486,0
823.551,0
823.615,0
823.68,2
823.745,3
823.809,3
823.874,6
823.939,7
824.003,7
824.068,9
824.133,11
824.197,9
824.262,15
824.327,16
824.391,11
824.456,11
824.521,7
824.585,5
824.65,7
824.715,7
824.78,8
824.844,8
824.909,8
824.974,10
825.038,7
825.103,7
825.168,6
825.233,4
825.297,8
825.362,7
825.427,6
825.491,7
825.556,4
825.621,4
825.686,5
825.75,5
825.815,3
825.88,3
825.945,3
826.009,2
826.074,4
826.139,9
826.204,11
826.269,17
826.333,18
826.398,15
826.463,15
826.528,10
826.592,10
826.657,10
826.722,9
826.787,5
826.852,1
826.916,1
826.981,1
827.046,3
827.111,2
827.175,5
827.24,5
827.305,4
827.37,4
827.435,1
827.5,1
827.564,1
827.629,1
827.694,1
827.759,3
827.824,2
827.888,2
827.953,2
828.018,2
828.083,4
828.148,5
828.213,6
828.277,5
828.342,8
828.407,8
828.472,8
828.537,5
828.602,1
828.667,2
828.731,3
828.796,2
828.861,2
828.926,1
828.991,3
829.056,3
829.121,3
829.186,3
829.25,0
829.315,0
829.38,1
829.445,1
829.51,1
829.575,1
829.64,0
829.705,0
829.77,0
829.835,0
829.899,1
829.964,4
830.029,5
830.094,6
830.159,7
830.224,6
830.289,5
830.354,4
830.419,4
830.484,3
830.549,4
830.614,4
830.679,2
830.743,1
830.808,6
830.873,9
830.938,11
831.003,13
831.068,14
831.133,12
831.198,12
831.263,11
831.328,9
831.393,8
831.458,3
831.523,2
831.588,1
831.653,1
831.718,0
831.783,0
831.848,0
831.913,1
831.978,4
832.043,6
832.108,8
832.173,14
832.238,14
832.303,12
832.368,11
832.433,9
832.498,7
832.563,8
832.628,8
832.693,6
832.758,7
832.823,6
832.888,5
832.953,2
833.018,0
833.083,1
833.148,2
833.213,3
833.278,6
833.343,6
833.408,6
833.473,5
833.538,2
833.603,6
833.669,4
833.734,3
833.799,3
833.864,3
833.929,5
833.994,6
834.059,6
834.124,5
834.189,4
834.254,4
834.319,5
834.384,6
834.449,7
834.515,8
834.58,7
834.645,6
834.71,7
834.775,5
834.84,5
834.905,5
834.97,2
835.035,3
835.1,2
835.166,5
835.231,7
835.296,7
835.361,8
835.426,5
835.491,3
835.556,2
835.621,1
835.687,0
835.752,2
835.817,3
835.882,6
835.947,7
836.012,7
836.078,8
836.143,12
836.208,13
836.273,15
836.338,13
836.403,8
836.468,6
836.534,5
836.599,9
836.664,9
836.729,16
836.794,14
836.86,11
836.925,10
836.99,4
837.055,5
837.12,6
837.186,7
837.251,5
837.316,5
837.381,7
837.446,6
837.512,6
837.577,6
837.642,10
837.707,8
837.772,10
837.838,10
837.903,4
837.968,4
838.033,3
838.099,4
838.164,5
838.229,5
838.294,8
838.36,8
838.425,8
838.49,7
838.555,2
838.621,1
838.686,0
838.751,1
838.816,1
838.882,4
838.947,4
839.012,8
839.077,8
839.143,8
839.208,10
839.273,8
839.338,12
839.404,12
839.469,12
839.534,11
839.6,8
839.665,7
839.73,7
839.796,7
839.861,5
839.926,5
839.991,6
840.057,7
840.122,5
840.187,4
840.253,2
840.318,5
840.383,8
840.449,8
840.514,8
840.579,3
840.645,0
840.71,2
840.775,2
840.841,2
840.906,4
840.971,3
841.037,3
841.102,6
841.167,4
841.233,3
841.298,3
841.363,4
841.429,5
841.494,5
841.56,6
841.625,3
841.69,4
841.756,4
841.821,4
841.886,5
841.952,4
842.017,5
842.083,5
842.148,5
842.213,8
842.279,10
842.344,10
842.41,13
842.475,9
842.54,9
842.606,8
842.671,3
842.737,4
842.802,2
842.868,3
842.933,5
842.998,9
843.064,10
843.129,15
843.195,15
843.26,14
843.326,13
843.391,9
843.456,7
843.522,3
843.587,5
843.653,5
843.718,5
843.784,7
843.849,7
843.915,7
843.98,9
844.046,12
844.111,10
844.176,11
844.242,10
844.307,7
844.373,7
844.438,6
844.504,6
844.569,4
844.635,3
844.7,1
844.766,0
844.831,1
844.897,2
844.962,4
845.028,4
845.093,4
845.159,3
845.224,3
845.29,3
845.355,5
845.421,5
845.486,6
845.552,6
845.618,4
845.683,4
845.749,1
845.814,1
845.88,0
845.945,1
846.011,1
846.076,4
846.142,4
846.207,3
846.273,4
846.339,1
846.404,4
846.47,4
846.535,3
846.601,6
846.666,4
846.732,4
846.798,4
846.863,2
846.929,1
846.994,2
847.06,3
847.125,7
847.191,7
847.257,6
847.322,5
847.388,3
847.453,4
847.519,6
847.585,6
847.65,3
847.716,2
847.781,0
847.847,0
847.913,0
847.978,1
848.044,2
848.11,4
848.175,5
848.241,5
848.306,5
848.372,9
848.438,9
848.503,8
848.569,8
848.635,6
848.7,5
848.766,5
848.832,4
848.897,6
848.963,7
849.029,7
849.094,8
849.16,5
849.226,3
849.291,2
849.357,1
849.423,2
849.488,2
849.554,2
849.62,6
849.685,6
849.751,6
849.817,6
849.882,3
849.948,4
850.014,5
850.08,8
850.145,8
850.211,11
850.277,12
850.342,12
850.408,11
850.474,8
850.54,5
850.605,4
850.671,1
850.737,1
850.802,0
850.868,0
850.934,1
851,2
851.065,2
851.131,3
851.197,6
851.263,6
851.328,7
851.394,8
851.46,6
851.526,6
851.591,5
851.657,5
851.723,4
851.789,4
851.855,2
851.92,4
851.986,4
852.052,4
852.118,3
852.183,6
852.249,8
852.315,10
852.381,16
852.447,10
852.512,11
852.578,11
852.644,8
852.71,12
852.776,10
852.841,9
852.907,7
852.973,5
853.039,5
853.105,6
853.171,6
853.236,6
853.302,10
853.368,11
853.434,13
853.5,14
853.566,16
853.631,15
853.697,12
853.763,11
853.829,13
853.895,13
853.961,11
854.027,9
854.092,4
854.158,3
854.224,1
854.29,2
854.356,2
854.422,1
854.488,1
854.554,0
854.619,0
854.685,1
854.751,2
854.817,3
854.883,5
854.949,6
855.015,5
855.081,5
855.147,3
855.212,3
855.278,3
855.344,3
855.41,3
855.476,3
855.542,3
855.608,2
855.674,2
855.74,1
855.806,1
855.872,2
855.938,3
856.004,2
856.069,2
856.135,4
856.201,5
856.267,5
856.333,6
856.399,3
856.465,1
856.531,1
856.597,0
856.663,0
856.729,0
856.795,0
856.861,0
856.927,3
856.993,3
857.059,3
857.125,3
857.191,3
857.257,4
857.323,6
857.389,7
857.455,5
857.521,6
857.587,6
857.653,7
857.719,8
857.785,6
857.851,4
857.917,5
857.983,3
858.049,4
858.115,8
858.181,10
858.247,13
858.313,13
858.379,15
858.445,13
858.511,9
858.577,9
858.643,4
858.709,5
858.775,4
858.841,4
858.907,6
858.973,4
859.039,3
859.105,3
859.171,2
859.238,1
859.304,2
859.37,3
859.436,3
859.502,5
859.568,7
859.634,7
859.7,7
859.766,6
859.832,6
859.898,7
859.964,9
860.03,10
860.097,9
860.163,8
860.229,6
860.295,7
860.361,5
860.427,4
860.493,3
860.559,1
860.625,1
860.692,1
860.758,2
860.824,2
860.89,2
860.956,2
861.022,2
861.088,1
861.154,1
861.221,1
861.287,1
861.353,3
861.419,3
861.485,4
861.551,5
861.617,7
861.684,7
861.75,6
861.816,8
861.882,7
861.948,5
862.014,6
862.081,4
862.147,3
862.213,3
862.279,0
862.345,0
862.412,0
862.478,0
862.544,0
862.61,1
862.676,1
862.743,4
862.809,4
862.875,3
862.941,3
863.007,2
863.074,7
863.14,11
863.206,15
863.272,13
863.338,11
863.405,13
863.471,15
863.537,17
863.603,13
863.67,10
863.736,7
863.802,7
863.868,6
863.935,6
864.001,6
864.067,4
864.133,5
864.2,7
864.266,7
864.332,6
864.398,6
864.465,6
864.531,8
864.597,6
864.663,6
864.73,4
864.796,5
864.862,3
864.929,4
864.995,5
865.061,6
865.127,9
865.194,9
865.26,9
865.326,6
865.393,3
865.459,3
865.525,3
865.592,3
865.658,2
865.724,2
865.79,2
865.857,2
865.923,1
865.989,1
866.056,2
866.122,2
866.188,1
866.255,1
866.321,1
866.387,2
866.454,4
866.52,6
866.586,11
866.653,14
866.719,15
866.786,13
866.852,7
866.918,4
866.985,1
867.051,4
867.117,4
867.184,3
867.25,3
867.316,2
867.383,2
867.449,2
867.516,5
867.582,3
867.648,4
867.715,5
867.781,5
867.848,6
867.914,7
867.98,10
868.047,9
868.113,9
868.18,13
868.246,7
868.312,5
868.379,4
868.445,2
868.512,0
868.578,0
868.645,0
868.711,0
868.777,1
868.844,5
868.91,7
868.977,8
869.043,9
869.11,5
869.176,4
869.243,3
869.309,2
869.375,3
869.442,2
869.508,2
869.575,3
869.641,4
869.708,4
869.774,4
869.841,3
869.907,5
869.974,7
870.04,9
870.107,13
870.173,14
870.24,13
870.306,15
870.373,12
870.439,10
870.506,9
870.572,5
870.639,3
870.705,1
870.772,2
870.838,8
870.905,10
870.971,11
871.038,11
871.104,9
871.171,8
871.237,7
871.304,9
871.37,10
871.437,10
871.503,10
871.57,11
871.636,4
871.703,4
871.77,4
871.836,1
871.903,3
871.969,3
872.036,4
872.102,4
872.169,6
872.235,7
872.302,10
872.369,11
872.435,11
872.502,10
872.568,7
872.635,6
872.702,3
872.768,4
872.835,5
872.901,5
872.968,5
873.034,8
873.101,11
873.168,12
873.234,11
873.301,8
873.368,7
873.434,5
873.501,6
873.567,6
873.634,5
873.701,4
873.767,4
873.834,9
873.901,9
873.967,9
874.034,10
874.1,10
874.167,10
874.234,11
874.3,14
874.367,11
874.434,12
874.5,10
874.567,6
874.634,5
874.7,4
874.767,4
874.834,9
874.9,8
874.967,7
875.034,8
875.1,9
875.167,9
875.234,8
875.3,6
875.367,5
875.434,8
875.5,8
875.567,6
875.634,6
875.701,3
875.767,4
875.834,7
875.901,6
875.967,9
876.034,8
876.101,8
876.168,7
876.234,6
876.301,9
876.368,6
876.434,8
876.501,8
876.568,7
876.635,6
876.701,7
876.768,9
876.835,6
876.902,5
876.968,1
877.035,1
877.102,3
877.169,5
877.235,7
877.302,10
877.369,9
877.436,8
877.502,8
877.569,5
877.636,5
877.703,5
877.77,4
877.836,0
877.903,2
877.97,2
878.037,2
878.103,2
878.17,1
878.237,1
878.304,1
878.371,1
878.438,2
878.504,3
878.571,4
878.638,4
878.705,2
878.772,3
878.838,3
878.905,4
878.972,5
879.039,4
879.106,4
879.173,5
879.239,5
879.306,5
879.373,4
879.44,3
879.507,4
879.574,4
879.64,5
879.707,6
879.774,5
879.841,5
879.908,6
879.975,9
880.042,9
880.109,9
880.175,13
880.242,13
880.309,15
880.376,16
880.443,12
880.51,11
880.577,10
880.644,8
880.71,7
880.777,5
880.844,5
880.911,6
880.978,5
881.045,6
881.112,5
881.179,5
881.246,6
881.313,3
881.38,5
881.446,4
881.513,3
881.58,3
881.647,1
881.714,1
881.781,1
881.848,1
881.915,2
881.982,2
882.049,2
882.116,5
882.183,4
882.25,8
882.317,8
882.384,5
882.451,4
882.518,0
882.585,2
882.652,2
882.719,2
882.785,2
882.852,2
882.919,2
882.986,2
883.053,2
883.12,1
883.187,1
883.254,2
883.321,3
883.388,3
883.455,4
883.522,4
883.589,4
883.656,4
883.723,2
883.79,2
883.857,2
883.924,2
883.991,1
884.058,5
884.126,5
884.193,7
884.26,10
884.327,7
884.394,7
884.461,8
884.528,8
884.595,8
884.662,9
884.729,9
884.796,9
884.863,8
884.93,7
884.997,6
885.064,3
885.131,6
885.198,6
885.265,4
885.332,4
885.4,2
885.467,3
885.534,4
885.601,3
885.668,3
885.735,3
885.802,3
885.869,4
885.936,5
886.003,7
886.07,8
886.137,6
886.205,9
886.272,9
886.339,9
886.406,8
886.473,4
886.54,3
886.607,4
886.674,4
886.742,5
886.809,5
886.876,5
886.943,5
887.01,2
887.077,2
887.144,2
887.212,3
887.279,3
887.346,3
887.413,2
887.48,5
887.547,5
887.614,8
887.682,7
887.749,8
887.816,6
887.883,9
887.95,9
888.017,7
888.085,7
888.152,6
888.219,7
888.286,8
888.353,12
888.421,12
888.488,12
888.555,12
888.622,9
888.689,3
888.757,3
888.824,3
888.891,3
888.958,0
889.025,0
889.093,0
889.16,0
889.227,0
889.294,1
889.361,3
889.429,3
889.496,3
889.563,2
889.63,2
889.698,3
889.765,3
889.832,3
889.899,1
889.967,0
890.034,1
890.101,2
890.168,4
890.236,7
890.303,10
890.37,11
890.437,10
890.505,7
890.572,5
890.639,6
890.707,6
890.774,3
890.841,5
890.908,4
890.976,4
891.043,4
891.11,1
891.178,0
891.245,0
891.312,1
891.379,1
891.447,1
891.514,1
891.581,3
891.649,3
891.716,3
891.783,3
891.851,0
891.918,0
891.985,0
892.053,0
892.12,1
892.187,3
892.255,5
892.322,7
892.389,11
892.457,9
892.524,7
892.591,6
892.659,7
892.726,8
892.793,15
892.861,17
892.928,14
892.996,16
893.063,14
893.13,13
893.198,14
893.265,14
893.332,13
893.4,13
893.467,9
893.535,6
893.602,3
893.669,2
893.737,3
893.804,4
893.872,5
893.939,4
894.006,6
894.074,6
894.141,5
894.209,5
894.276,5
894.343,8
894.411,7
894.478,8
894.546,5
894.613,4
894.681,4
894.748,3
894.815,6
894.883,3
894.95,3
895.018,3
895.085,0
895.153,0
895.22,0
895.288,0
895.355,0
895.422,0
895.49,0
895.557,1
895.625,3
895.692,3
895.76,5
895.827,6
895.895,4
895.962,4
896.03,9
896.097,11
896.165,13
896.232,15
896.3,11
896.367,8
896.435,9
896.502,8
896.57,7
896.637,5
896.705,3
896.772,3
896.84,2
896.907,2
896.975,3
897.042,4
897.11,5
897.177,7
897.245,8
897.312,9
897.38,10
897.447,10
897.515,10
897.583,8
897.65,6
897.718,2
897.785,0
897.853,0
897.92,2
897.988,3
898.055,3
898.123,3
898.191,2
898.258,1
898.326,4
898.393,4
898.461,5
898.528,5
898.596,4
898.664,4
898.731,5
898.799,7
898.866,5
898.934,5
899.002,5
899.069,4
899.137,5
899.204,5
899.272,4
899.34,4
899.407,3
899.475,4
899.542,5
899.61,4
899.678,4
899.745,3
899.813,1
899.88,3
899.948,3
900.016,3
900.083,2
900.151,3
900.219,3
900.286,3
900.354,7
900.422,5
900.489,6
900.557,9
900.625,12
900.692,13
900.76,14
900.828,14
900.895,12
900.963,11
901.031,13
901.098,10
901.166,11
901.234,19
901.301,17
901.369,14
901.437,17
901.504,10
901.572,10
901.64,9
901.707,4
901.775,4
901.843,5
901.911,6
901.978,7
902.046,6
902.114,5
902.181,5
902.249,5
902.317,7
902.385,6
902.452,5
902.52,5
902.588,5
902.656,4
902.723,4
902.791,5
902.859,4
902.926,6
902.994,6
903.062,5
903.13,9
903.197,9
903.265,11
903.333,12
903.401,9
903.469,10
903.536,9
903.604,8
903.672,6
903.74,5
903.807,4
903.875,6
903.943,7
904.011,5
904.079,5
904.146,3
904.214,4
904.282,4
904.35,4
904.418,4
904.485,6
904.553,5
904.621,4
904.689,3
904.757,1
904.824,2
904.892,2
904.96,1
905.028,1
905.096,0
905.164,0
905.231,1
905.299,2
905.367,2
905.435,2
905.503,1
905.571,0
905.638,1
905.706,1
905.774,1
905.842,3
905.91,3
905.978,3
906.046,3
906.113,3
906.181,2
906.249,2
906.317,2
906.385,3
906.453,5
906.521,6
906.589,8
906.656,7
906.724,6
906.792,8
906.86,9
906.928,7
906.996,13
907.064,11
907.132,11
907.2,11
907.268,11
907.335,9
907.403,8
907.471,7
907.539,3
907.607,3
907.675,0
907.743,1
907.811,3
907.879,5
907.947,6
908.015,6
908.083,6
908.151,4
908.219,3
908.286,3
908.354,5
908.422,6
908.49,7
908.558,7
908.626,4
908.694,4
908.762,3
908.83,5
908.898,5
908.966,6
909.034,7
909.102,6
909.17,9
909.238,8
909.306,6
909.374,7
909.442,8
909.51,9
909.578,9
909.646,8
909.714,5
909.782,5
909.85,1
909.918,2
909.986,2
910.054,2
910.122,1
910.19,0
910.258,1
910.326,3
910.394,3
910.462,3
910.53,2
910.598,1
910.666,3
910.734,3
910.802,4
910.87,3
910.939,2
911.007,3
911.075,2
911.143,3
911.211,2
911.279,2
911.347,4
911.415,3
911.483,3
911.551,4
911.619,2
911.687,2
911.755,2
911.823,2
911.891,2
911.96,2
912.028,2
912.096,1
912.164,1
912.232,1
912.3,1
912.368,4
912.436,7
912.504,7
912.572,8
912.641,10
912.709,10
912.777,11
912.845,17
912.913,13
912.981,11
913.049,12
913.117,14
913.186,13
913.254,12
913.322,10
913.39,7
913.458,6
913.526,3
913.594,3
913.663,2
913.731,2
913.799,1
913.867,1
913.935,1
914.003,5
914.072,6
914.14,9
914.208,9
914.276,6
914.344,8
914.412,9
914.481,9
914.549,9
914.617,9
914.685,5
914.753,4
914.822,4
914.89,5
914.958,8
915.026,9
915.094,10
915.163,13
915.231,11
915.299,10
915.367,8
915.436,5
915.504,3
915.572,2
915.64,2
915.708,1
915.777,1
915.845,1
915.913,0
915.981,1
916.05,2
916.118,6
916.186,12
916.254,13
916.323,14
916.391,13
916.459,11
916.527,12
916.596,11
916.664,13
916.732,10
916.8,9
916.869,9
916.937,6
917.005,3
917.074,3
917.142,3
917.21,3
917.278,3
917.347,3
917.415,0
917.483,0
917.552,0
917.62,0
917.688,2
917.757,2
917.825,2
917.893,2
917.961,0
918.03,0
918.098,0
918.166,2
918.235,2
918.303,2
918.371,2
918.44,6
918.508,7
918.576,9
918.645,13
918.713,10
918.781,11
918.85,10
918.918,9
918.986,6
919.055,5
919.123,5
919.192,4
919.26,6
919.328,7
919.397,8
919.465,7
919.533,4
919.602,3
919.67,2
919.739,2
919.807,0
919.875,1
919.944,1
920.012,3
920.081,3
920.149,2
920.217,4
920.286,4
920.354,4
920.423,5
920.491,8
920.559,6
920.628,6
920.696,5
920.765,0
920.833,0
920.901,0
920.97,1
921.038,2
921.107,3
921.175,4
921.244,6
921.312,6
921.381,6
921.449,6
921.517,1
921.586,3
921.654,4
921.723,4
921.791,5
921.86,4
921.928,4
921.997,8
922.065,6
922.134,5
922.202,7
922.271,5
922.339,6
922.407,6
922.476,3
922.544,3
922.613,4
922.681,4
922.75,5
922.818,5
922.887,3
922.955,3
923.024,2
923.092,0
923.161,0
923.229,2
923.298,5
923.367,6
923.435,6
923.504,4
923.572,5
923.641,7
923.709,8
923.778,11
923.846,8
923.915,5
923.983,4
924.052,3
924.12,2
924.189,2
924.258,3
924.326,2
924.395,5
924.463,8
924.532,7
924.6,6
924.669,4
924.737,1
924.806,1
924.875,1
924.943,0
925.012,4
925.08,4
925.149,8
925.218,8
925.286,8
925.355,8
925.423,4
925.492,4
925.56,0
925.629,0
925.698,0
925.766,2
925.835,4
925.904,4
925.972,4
926.041,3
926.109,2
926.178,2
926.247,5
926.315,4
926.384,3
926.453,3
926.521,1
926.59,1
926.658,1
926.727,1
926.796,1
926.864,1
926.933,1
927.002,1
927.07,2
927.139,3
927.208,3
927.276,3
927.345,1
927.414,3
927.482,3
927.551,3
927.62,4
927.688,3
927.757,6
927.826,6
927.894,5
927.963,3
928.032,2
928.101,3
928.169,3
928.238,3
928.307,2
928.375,4
928.444,7
928.513,13
928.582,14
928.65,12
928.719,12
928.788,7
928.856,4
928.925,5
928.994,4
929.063,4
929.131,3
929.2,5
929.269,4
929.338,4
929.406,3
929.475,4
929.544,4
929.613,5
929.681,5
929.75,1
929.819,3
929.888,5
929.956,6
930.025,7
930.094,12
930.163,8
930.231,6
930.3,7
930.369,4
930.438,7
930.507,8
930.575,6
930.644,7
930.713,11
930.782,12
930.851,14
930.919,16
930.988,10
931.057,9
931.126,10
931.195,8
931.263,7
931.332,6
931.401,3
931.47,1
931.539,1
931.608,1
931.676,3
931.745,3
931.814,3
931.883,4
931.952,1
932.021,2
932.089,3
932.158,5
932.227,6
932.296,14
932.365,13
932.434,10
932.503,9
932.571,4
932.64,4
932.709,4
932.778,4
932.847,0
932.916,0
932.985,0
933.054,1
933.122,2
933.191,2
933.26,5
933.329,4
933.398,3
933.467,3
933.536,5
933.605,4
933.674,4
933.743,3
933.811,1
933.88,1
933.949,0
934.018,1
934.087,1
934.156,1
934.225,1
934.294,2
934.363,5
934.432,7
934.501,7
934.57,7
934.639,4
934.708,3
934.776,3
934.845,4
934.914,4
934.983,3
935.052,4
935.121,2
935.19,2
935.259,2
935.328,1
935.397,1
935.466,2
935.535,3
935.604,3
935.673,2
935.742,1
935.811,0
935.88,0
935.949,1
936.018,1
936.087,1
936.156,1
936.225,2
936.294,3
936.363,4
936.432,4
936.501,2
936.57,5
936.639,7
936.708,5
936.777,4
936.846,4
936.915,5
936.984,9
937.053,9
937.122,10
937.191,8
937.26,5
937.329,4
937.398,4
937.467,4
937.536,3
937.606,3
937.675,0
937.744,0
937.813,0
937.882,0
937.951,1
938.02,1
938.089,5
938.158,6
938.227,6
938.296,7
938.365,4
938.434,6
938.503,6
938.573,3
938.642,3
938.711,3
938.78,3
938.849,2
938.918,4
938.987,5
939.056,5
939.125,5
939.194,4
939.264,1
939.333,1
939.402,1
939.471,0
939.54,0
939.609,0
939.678,1
939.747,3
939.817,5
939.886,8
939.955,7
940.024,5
940.093,7
940.162,4
940.231,6
940.301,8
940.37,7
940.439,12
940.508,10
940.577,13
940.646,10
940.716,7
940.785,7
940.854,2
940.923,2
940.992,0
941.061,1
941.131,1
941.2,1
941.269,2
941.338,2
941.407,3
941.477,4
941.546,3
941.615,3
941.684,4
941.753,4
941.823,6
941.892,6
941.961,7
942.03,7
942.1,4
942.169,7
942.238,6
942.307,10
942.376,10
942.446,11
942.515,11
942.584,7
942.653,5
942.723,1
942.792,3
942.861,3
942.93,3
943,3
943.069,2
943.138,2
943.207,6
943.277,7
943.346,9
943.415,10
943.485,7
943.554,7
943.623,4
943.692,1
943.762,1
943.831,1
943.9,2
943.969,1
944.039,2
944.108,3
944.177,2
944.247,3
944.316,2
944.385,1
944.455,1
944.524,0
944.593,0
944.663,0
944.732,0
944.801,0
944.871,3
944.94,3
945.009,6
945.078,6
945.148,4
945.217,4
945.287,4
945.356,4
945.425,3
945.495,3
945.564,3
945.633,3
945.703,3
945.772,3
945.841,0
945.911,0
945.98,1
946.049,1
946.119,1
946.188,2
946.258,4
946.327,7
946.396,10
946.466,13
946.535,11
946.604,9
946.674,9
946.743,5
946.813,5
946.882,8
946.951,9
947.021,6
947.09,6
947.16,5
947.229,2
947.298,3
947.368,3
947.437,5
947.507,4
947.576,3
947.646,2
947.715,1
947.784,4
947.854,3
947.923,3
947.993,3
948.062,4
948.132,4
948.201,4
948.271,4
948.34,0
948.409,1
948.479,1
948.548,1
948.618,1
948.687,1
948.757,2
948.826,2
948.896,2
948.965,1
949.035,2
949.104,2
949.174,2
949.243,3
949.313,2
949.382,3
949.452,4
949.521,7
949.591,6
949.66,5
949.73,4
949.799,2
949.869,2
949.938,2
950.008,5
950.077,3
950.147,3
950.216,3
950.286,0
950.355,0
950.425,2
950.494,2
950.564,2
950.633,2
950.703,0
950.773,0
950.842,1
950.912,3
950.981,5
951.051,8
951.12,10
951.19,8
951.259,7
951.329,6
951.399,4
951.468,5
951.538,4
951.607,2
951.677,1
951.746,4
951.816,3
951.886,2
951.955,1
952.025,0
952.094,0
952.164,0
952.234,0
952.303,5
952.373,8
952.442,12
952.512,18
952.582,15
952.651,14
952.721,15
952.79,10
952.86,9
952.93,8
952.999,4
953.069,1
953.139,1
953.208,1
953.278,3
953.347,2
953.417,2
953.487,2
953.556,3
953.626,6
953.696,8
953.765,9
953.835,6
953.905,4
953.974,3
954.044,2
954.114,2
954.183,2
954.253,1
954.323,4
954.392,4
954.462,5
954.532,6
954.601,3
954.671,3
954.741,3
954.81,5
954.88,5
954.95,5
955.02,4
955.089,5
955.159,4
955.229,3
955.298,1
955.368,2
955.438,2
955.508,2
955.577,2
955.647,4
955.717,4
955.786,4
955.856,5
955.926,1
955.996,1
956.065,1
956.135,2
956.205,3
956.275,3
956.344,7
956.414,6
956.484,7
956.554,8
956.623,6
956.693,6
956.763,9
956.833,6
956.902,4
956.972,3
957.042,2
957.112,0
957.182,0
957.251,0
957.321,2
957.391,2
957.461,2
957.531,2
957.6,0
957.67,1
957.74,1
957.81,1
957.88,1
957.949,1
958.019,3
958.089,4
958.159,5
958.229,5
958.298,6
958.368,6
958.438,6
958.508,7
958.578,8
958.648,13
958.717,10
958.787,11
958.857,11
958.927,6
958.997,6
959.067,6
959.137,3
959.206,3
959.276,2
959.346,2
959.416,2
959.486,5
959.556,5
959.626,4
959.695,5
959.765,5
959.835,6
959.905,8
959.975,8
960.045,8
960.115,5
960.185,4
960.255,4
960.324,4
960.394,3
960.464,2
960.534,3
960.604,7
960.674,11
960.744,11
960.814,12
960.884,8
960.954,5
961.024,6
961.093,4
961.163,6
961.233,9
961.303,10
961.373,14
961.443,11
961.513,8
961.583,10
961.653,5
961.723,7
961.793,8
961.863,6
961.933,5
962.003,7
962.073,9
962.143,13
962.213,11
962.283,10
962.353,8
962.423,12
962.493,10
962.563,11
962.633,13
962.702,10
962.772,10
962.842,7
962.912,4
962.982,3
963.052,3
963.122,3
963.192,4
963.262,5
963.332,7
963.402,9
963.472,12
963.543,12
963.613,9
963.683,6
963.753,2
963.823,1
963.893,1
963.963,2
964.033,2
964.103,1
964.173,3
964.243,2
964.313,2
964.383,2
964.453,0
964.523,0
964.593,0
964.663,1
964.733,1
964.803,2
964.873,5
964.943,8
965.013,7
965.084,7
965.154,3
965.224,4
965.294,4
965.364,3
965.434,3
965.504,4
965.574,4
965.644,3
965.714,3
965.784,3
965.855,3
965.925,3
965.995,3
966.065,0
966.135,0
966.205,0
966.275,0
966.345,2
966.415,2
966.486,2
966.556,3
966.626,1
966.696,1
966.766,3
966.836,2
966.906,2
966.976,2
967.047,0
967.117,2
967.187,2
967.257,2
967.327,4
967.397,3
967.468,3
967.538,3
967.608,2
967.678,1
967.748,1
967.818,2
967.889,3
967.959,3
968.029,5
968.099,6
968.169,8
968.239,11
968.31,12
968.38,12
968.45,16
968.52,12
968.59,10
968.661,9
968.731,5
968.801,4
968.871,7
968.942,11
969.012,11
969.082,10
969.152,7
969.222,3
969.293,1
969.363,4
969.433,8
969.503,11
969.574,14
969.644,12
969.714,9
969.784,7
969.855,3
969.925,3
969.995,3
970.065,3
970.136,0
970.206,2
970.276,2
970.346,2
970.417,2
970.487,1
970.557,1
970.627,1
970.698,4
970.768,4
970.838,4
970.909,4
970.979,1
971.049,1
971.119,1
971.19,2
971.26,4
971.33,5
971.401,6
971.471,7
971.541,5
971.612,4
971.682,4
971.752,3
971.823,4
971.893,4
971.963,5
972.034,6
972.104,7
972.174,5
972.245,6
972.315,6
972.385,9
972.456,10
972.526,8
972.596,7
972.667,6
972.737,7
972.807,7
972.878,7
972.948,4
973.018,3
973.089,4
973.159,4
973.23,5
973.3,2
973.37,1
973.441,1
973.511,1
973.581,2
973.652,5
973.722,5
973.793,4
973.863,3
973.933,5
974.004,4
974.074,5
974.145,5
974.215,3
974.285,7
974.356,6
974.426,8
974.497,9
974.567,6
974.638,5
974.708,6
974.778,6
974.849,5
974.919,5
974.99,6
975.06,5
975.131,6
975.201,7
975.271,6
975.342,6
975.412,5
975.483,4
975.553,3
975.624,4
975.694,4
975.765,5
975.835,3
975.906,3
975.976,5
976.047,9
976.117,9
976.188,10
976.258,8
976.329,4
976.399,3
976.469,2
976.54,3
976.61,2
976.681,2
976.751,5
976.822,4
976.893,4
976.963,4
977.034,2
977.104,2
977.175,3
977.245,4
977.316,3
977.386,4
977.457,4
977.527,4
977.598,4
977.668,1
977.739,3
977.809,5
977.88,5
977.95,7
978.021,8
978.092,9
978.162,13
978.233,10
978.303,7
978.374,5
978.444,2
978.515,2
978.585,4
978.656,4
978.727,5
978.797,6
978.868,5
978.938,5
979.009,6
979.08,6
979.15,6
979.221,3
979.291,2
979.362,4
979.432,10
979.503,9
979.574,8
979.644,9
979.715,6
979.786,7
979.856,7
979.927,8
979.997,6
980.068,6
980.139,9
980.209,8
980.28,11
980.351,10
980.421,9
980.492,6
980.562,6
980.633,7
980.704,5
980.774,5
980.845,2
980.916,3
980.986,3
981.057,3
981.128,2
981.198,0
981.269,0
981.34,0
981.41,0
981.481,0
981.552,0
981.622,0
981.693,0
981.764,0
981.834,0
981.905,0
981.976,1
982.047,1
982.117,4
982.188,6
982.259,7
982.329,13
982.4,14
982.471,14
982.541,15
982.612,20
982.683,17
982.754,14
982.824,10
982.895,2
982.966,0
983.037,0
983.107,1
983.178,1
983.249,2
983.319,3
983.39,3
983.461,6
983.532,5
983.602,5
983.673,4
983.744,5
983.815,6
983.886,7
983.956,9
984.027,9
984.098,10
984.169,9
984.239,8
984.31,6
984.381,5
984.452,5
984.522,5
984.593,2
984.664,2
984.735,2
984.806,2
984.876,0
984.947,0
985.018,2
985.089,2
985.16,3
985.23,3
985.301,2
985.372,2
985.443,1
985.514,1
985.585,1
985.655,3
985.726,4
985.797,6
985.868,6
985.939,5
986.01,5
986.08,4
986.151,3
986.222,4
986.293,5
986.364,6
986.435,9
986.506,8
986.576,7
986.647,6
986.718,4
986.789,3
986.86,2
986.931,3
987.002,2
987.073,2
987.143,3
987.214,5
987.285,9
987.356,15
987.427,20
987.498,17
987.569,15
987.64,12
987.711,7
987.781,11
987.852,13
987.923,16
987.994,15
988.065,22
988.136,18
988.207,13
988.278,9
988.349,5
988.42,6
988.491,8
988.562,10
988.633,8
988.703,7
988.774,4
988.845,6
988.916,3
988.987,2
989.058,1
989.129,0
989.2,1
989.271,1
989.342,1
989.413,2
989.484,1
989.555,1
989.626,1
989.697,5
989.768,5
989.839,5
989.91,5
989.981,1
990.052,1
990.123,1
990.194,2
990.265,2
990.336,4
990.407,6
990.478,5
990.549,4
990.62,2
990.691,0
990.762,0
990.833,0
990.904,0
990.975,0
991.046,0
991.117,0
991.188,0
991.259,0
991.33,1
991.401,1
991.472,5
991.543,5
991.614,6
991.685,7
991.756,8
991.827,8
991.898,7
991.969,6
992.04,1
992.112,4
992.183,4
992.254,5
992.325,10
992.396,8
992.467,8
992.538,7
992.609,5
992.68,6
992.751,8
992.822,10
992.893,12
992.965,10
993.036,7
993.107,5
993.178,1
993.249,1
993.32,1
993.391,2
993.462,5
993.533,8
993.604,10
993.676,14
993.747,11
993.818,10
993.889,8
993.96,3
994.031,2
994.102,0
994.174,0
994.245,0
994.316,0
994.387,6
994.458,6
994.529,6
994.6,6
994.672,1
994.743,1
994.814,1
994.885,1
994.956,0
995.027,4
995.099,5
995.17,6
995.241,7
995.312,5
995.383,5
995.454,5
995.526,5
995.597,4
995.668,12
995.739,10
995.81,8
995.882,6
995.953,2
996.024,2
996.095,2
996.166,2
996.238,5
996.309,6
996.38,7
996.451,8
996.523,7
996.594,9
996.665,9
996.736,7
996.807,4
996.879,7
996.95,7
997.021,5
997.092,5
997.164,5
997.235,5
997.306,5
997.377,8
997.449,6
997.52,6
997.591,6
997.662,5
997.734,2
997.805,2
997.876,2
997.948,0
998.019,0
998.09,1
998.161,2
998.233,3
998.304,4
998.375,4
998.447,4
998.518,5
998.589,5
998.66,5
998.732,5
998.803,4
998.874,1
998.946,1
999.017,1
999.088,1
999.16,2
999.231,3
999.302,4
999.374,6
999.445,5
999.516,5
999.588,5
999.659,1
999.73,1
999.802,1
999.873,1
999.944,0
1000.016,2
1000.087,5
1000.158,5
1000.23,5
1000.301,7
1000.372,5
1000.444,6
1000.515,5
1000.586,4
1000.658,2
1000.729,2
1000.801,2
1000.872,2
1000.943,2
1001.015,0
1001.086,0
1001.158,3
1001.229,3
1001.3,3
1001.372,4
1001.443,2
1001.515,4
1001.586,6
1001.657,6
1001.729,6
1001.8,5
1001.872,7
1001.943,7
1002.014,7
1002.086,7
1002.157,2
1002.229,2
1002.3,3
1002.372,6
1002.443,5
1002.514,6
1002.586,5
1002.657,2
1002.729,3
1002.8,3
1002.872,3
1002.943,3
1003.015,1
1003.086,1
1003.158,1
1003.229,2
1003.3,3
1003.372,3
1003.443,4
1003.515,4
1003.586,6
1003.658,5
1003.729,4
1003.801,4
1003.872,2
1003.944,5
1004.015,8
1004.087,7
1004.158,6
1004.23,4
1004.301,1
1004.373,1
1004.444,1
1004.516,1
1004.587,5
1004.659,5
1004.73,5
1004.802,5
1004.873,6
1004.945,5
1005.017,4
1005.088,6
1005.16,4
1005.231,4
1005.303,4
1005.374,1
1005.446,1
1005.517,1
1005.589,1
1005.66,0
1005.732,0
1005.804,0
1005.875,0
1005.947,0
1006.018,0
1006.09,0
1006.161,0
1006.233,0
1006.305,0
1006.376,1
1006.448,4
1006.519,5
1006.591,10
1006.662,9
1006.734,9
1006.806,8
1006.877,5
1006.949,6
1007.02,3
1007.092,3
1007.164,1
1007.235,0
1007.307,0
1007.378,0
1007.45,0
1007.522,0
1007.593,0
1007.665,1
1007.737,2
1007.808,2
1007.88,5
1007.951,6
1008.023,7
1008.095,7
1008.166,4
1008.238,3
1008.31,1
1008.381,1
1008.453,1
1008.525,0
1008.596,0
1008.668,3
1008.74,6
1008.811,6
1008.883,6
1008.955,5
1009.026,4
1009.098,6
1009.17,8
1009.241,8
1009.313,8
1009.385,6
1009.456,5
1009.528,3
1009.6,1
1009.672,1
1009.743,3
1009.815,3
1009.887,3
1009.958,3
1010.03,0
1010.102,1
1010.174,1
1010.245,1
1010.317,1
1010.389,0
1010.46,0
1010.532,0
1010.604,0
1010.676,0
1010.747,1
1010.819,3
1010.891,3
1010.963,4
1011.034,6
1011.106,7
1011.178,7
1011.25,6
1011.321,4
1011.393,2
1011.465,5
1011.537,5
1011.608,4
1011.68,3
1011.752,2
1011.824,2
1011.896,2
1011.967,2
1012.039,1
1012.111,1
1012.183,1
1012.254,2
1012.326,3
1012.398,4
1012.47,5
1012.542,7
1012.613,6
1012.685,6
1012.757,4
1012.829,2
1012.901,3
1012.972,3
1013.044,3
1013.116,3
1013.188,3
1013.26,3
1013.332,1
1013.403,1
1013.475,0
1013.547,0
1013.619,1
1013.691,1
1013.763,1
1013.835,1
1013.906,1
1013.978,1
1014.05,1
1014.122,1
1014.194,0
1014.266,0
1014.338,0
1014.409,0
1014.481,0
1014.553,0
1014.625,0
1014.697,0
1014.769,0
1014.841,0
1014.913,0
1014.984,0
1015.056,1
1015.128,2
1015.2,3
1015.272,4
1015.344,5
1015.416,7
1015.488,7
1015.56,9
1015.632,8
1015.703,8
1015.775,7
1015.847,5
1015.919,5
1015.991,3
1016.063,5
1016.135,8
1016.207,9
1016.279,10
1016.351,10
1016.423,6
1016.495,4
1016.567,3
1016.639,5
1016.711,4
1016.783,3
1016.854,3
1016.926,2
1016.998,2
1017.07,2
1017.142,0
1017.214,2
1017.286,3
1017.358,4
1017.43,6
1017.502,5
1017.574,6
1017.646,7
1017.718,6
1017.79,8
1017.862,9
1017.934,10
1018.006,8
1018.078,7
1018.15,7
1018.222,7
1018.294,8
1018.366,3
1018.438,4
1018.51,6
1018.582,5
1018.654,3
1018.726,2
1018.798,2
1018.87,2
1018.942,3
1019.014,5
1019.086,3
1019.158,3
1019.231,3
1019.303,3
1019.375,3
1019.447,3
1019.519,2
1019.591,0
1019.663,0
1019.735,0
1019.807,1
1019.879,1
1019.951,1
1020.023,1
1020.095,2
1020.167,3
1020.239,4
1020.311,5
1020.384,5
1020.456,5
1020.528,5
1020.6,5
1020.672,4
1020.744,4
1020.816,4
1020.888,4
1020.96,0
1021.032,0
1021.105,3
1021.177,4
1021.249,6
1021.321,11
1021.393,9
1021.465,9
1021.537,10
1021.609,7
1021.682,7
1021.754,6
1021.826,7
1021.898,7
1021.97,8
1022.042,6
1022.114,6
1022.187,7
1022.259,10
1022.331,13
1022.403,10
1022.475,10
1022.547,14
1022.619,11
1022.692,5
1022.764,4
1022.836,1
1022.908,1
1022.98,0
1023.053,0
1023.125,0
1023.197,3
1023.269,3
1023.341,3
1023.413,4
1023.486,6
1023.558,7
1023.63,7
1023.702,11
1023.774,5
1023.847,3
1023.919,2
1023.991,0
1024.063,0
1024.136,4
1024.208,4
1024.28,4
1024.352,5
1024.424,7
1024.497,7
1024.569,7
1024.641,7
1024.713,2
1024.786,3
1024.858,3
1024.93,6
1025.002,5
1025.075,4
1025.147,4
1025.219,8
1025.291,7
1025.364,6
1025.436,5
1025.508,3
1025.58,3
1025.653,3
1025.725,7
1025.797,5
1025.87,5
1025.942,5
1026.014,1
1026.086,0
1026.159,1
1026.231,1
1026.303,1
1026.376,1
1026.448,0
1026.52,0
1026.592,0
1026.665,1
1026.737,1
1026.809,2
1026.882,3
1026.954,3
1027.026,5
1027.099,7
1027.171,9
1027.243,11
1027.316,11
1027.388,10
1027.46,9
1027.533,8
1027.605,4
1027.677,4
1027.75,4
1027.822,4
1027.894,0
1027.967,0
1028.039,0
1028.112,0
1028.184,1
1028.256,2
1028.329,3
1028.401,4
1028.473,5
1028.546,9
1028.618,10
1028.691,9
1028.763,8
1028.835,4
1028.908,3
1028.98,0
1029.052,0
1029.125,0
1029.197,0
1029.27,0
1029.342,0
1029.414,0
1029.487,0
1029.559,0
1029.632,1
1029.704,2
1029.777,4
1029.849,7
1029.921,8
1029.994,7
1030.066,5
1030.139,3
1030.211,5
1030.284,4
1030.356,5
1030.428,3
1030.501,2
1030.573,2
1030.646,1
1030.718,1
1030.791,1
1030.863,1
1030.936,0
1031.008,0
1031.081,1
1031.153,1
1031.225,4
1031.298,4
1031.37,3
1031.443,3
1031.515,6
1031.588,8
1031.66,9
1031.733,10
1031.805,11
1031.878,9
1031.95,8
1032.023,7
1032.095,0
1032.168,0
1032.24,3
1032.313,6
1032.385,7
1032.458,10
1032.53,9
1032.603,9
1032.675,9
1032.748,10
1032.821,9
1032.893,11
1032.966,11
1033.038,4
1033.111,4
1033.183,1
1033.256,1
1033.328,3
1033.401,4
1033.473,4
1033.546,4
1033.619,2
1033.691,5
1033.764,3
1033.836,2
1033.909,1
1033.981,1
1034.054,1
1034.126,1
1034.199,1
1034.272,0
1034.344,0
1034.417,0
1034.489,0
1034.562,1
1034.635,2
1034.707,3
1034.78,5
1034.852,5
1034.925,5
1034.998,5
1035.07,7
1035.143,7
1035.215,9
1035.288,10
1035.361,4
1035.433,8
1035.506,7
1035.579,7
1035.651,8
1035.724,5
1035.796,5
1035.869,5
1035.942,11
1036.014,7
1036.087,8
1036.16,10
1036.232,11
1036.305,11
1036.378,10
1036.45,8
1036.523,6
1036.596,5
1036.668,4
1036.741,3
1036.814,0
1036.886,1
1036.959,3
1037.032,4
1037.104,9
1037.177,8
1037.25,6
1037.322,5
1037.395,1
1037.468,1
1037.54,4
1037.613,4
1037.686,3
1037.759,5
1037.831,2
1037.904,5
1037.977,5
1038.049,6
1038.122,6
1038.195,5
1038.268,5
1038.34,2
1038.413,2
1038.486,0
1038.559,0
1038.631,0
1038.704,0
1038.777,0
1038.849,0
1038.922,1
1038.995,2
1039.068,3
1039.14,4
1039.213,3
1039.286,2
1039.359,5
1039.432,5
1039.504,6
1039.577,7
1039.65,5
1039.723,5
1039.795,5
1039.868,5
1039.941,3
1040.014,4
1040.087,4
1040.159,4
1040.232,1
1040.305,0
1040.378,0
1040.45,0
1040.523,0
1040.596,2
1040.669,5
1040.742,5
1040.815,5
1040.887,3
1040.96,0
1041.033,0
1041.106,4
1041.179,5
1041.251,6
1041.324,7
1041.397,6
1041.47,6
1041.543,5
1041.616,6
1041.688,3
1041.761,7
1041.834,9
1041.907,8
1041.98,8
1042.053,6
1042.126,6
1042.198,4
1042.271,3
1042.344,4
1042.417,6
1042.49,7
1042.563,8
1042.636,11
1042.709,8
1042.781,8
1042.854,6
1042.927,4
1043,5
1043.073,7
1043.146,7
1043.219,11
1043.292,11
1043.365,10
1043.438,9
1043.51,7
1043.583,7
1043.656,6
1043.729,5
1043.802,2
1043.875,0
1043.948,0
1044.021,0
1044.094,0
1044.167,1
1044.24,1
1044.313,1
1044.386,2
1044.459,1
1044.531,1
1044.604,2
1044.677,2
1044.75,5
1044.823,6
1044.896,14
1044.969,14
1045.042,13
1045.115,16
1045.188,8
1045.261,7
1045.334,5
1045.407,4
1045.48,3
1045.553,4
1045.626,5
1045.699,2
1045.772,2
1045.845,1
1045.918,0
1045.991,0
1046.064,0
1046.137,0
1046.21,0
1046.283,2
1046.356,2
1046.429,2
1046.502,2
1046.575,0
1046.648,0
1046.721,0
1046.794,0
1046.867,0
1046.94,0
1047.013,0
1047.086,0
1047.159,3
1047.232,3
1047.305,4
1047.378,6
1047.451,4
1047.524,4
1047.598,3
1047.671,2
1047.744,1
1047.817,5
1047.89,6
1047.963,5
1048.036,5
1048.109,1
1048.182,1
1048.255,1
1048.328,1
1048.401,3
1048.474,3
1048.547,3
1048.621,7
1048.694,7
1048.767,11
1048.84,15
1048.913,15
1048.986,13
1049.059,13
1049.132,11
1049.205,8
1049.278,9
1049.352,9
1049.425,8
1049.498,8
1049.571,9
1049.644,4
1049.717,4
1049.79,4
1049.863,3
1049.937,0
1050.01,3
1050.083,4
1050.156,5
1050.229,8
1050.302,6
1050.376,5
1050.449,4
1050.522,5
1050.595,5
1050.668,4
1050.741,3
1050.814,2
1050.888,5
1050.961,5
1051.034,7
1051.107,8
1051.18,4
1051.254,5
1051.327,6
1051.4,5
1051.473,4
1051.546,3
1051.619,2
1051.693,2
1051.766,3
1051.839,3
1051.912,1
1051.986,1
1052.059,0
1052.132,0
1052.205,0
1052.278,3
1052.352,3
1052.425,4
1052.498,6
1052.571,4
1052.645,4
1052.718,3
1052.791,2
1052.864,1
1052.937,2
1053.011,2
1053.084,1
1053.157,1
1053.23,0
1053.304,1
1053.377,2
1053.45,3
1053.524,7
1053.597,6
1053.67,6
1053.743,5
1053.817,1
1053.89,1
1053.963,3
1054.036,4
1054.11,4
1054.183,4
1054.256,1
1054.33,1
1054.403,1
1054.476,1
1054.549,1
1054.623,4
1054.696,3
1054.769,2
1054.843,1
1054.916,0
1054.989,0
1055.063,0
1055.136,0
1055.209,0
1055.283,0
1055.356,1
1055.429,1
1055.503,1
1055.576,1
1055.649,0
1055.723,1
1055.796,3
1055.869,3
1055.943,3
1056.016,2
1056.089,2
1056.163,2
1056.236,2
1056.309,2
1056.383,2
1056.456,4
1056.53,4
1056.603,6
1056.676,5
1056.75,4
1056.823,5
1056.896,3
1056.97,3
1057.043,2
1057.117,3
1057.19,3
1057.263,3
1057.337,4
1057.41,3
1057.484,9
1057.557,9
1057.63,9
1057.704,9
1057.777,4
1057.851,5
1057.924,4
1057.998,4
1058.071,3
1058.144,1
1058.218,1
1058.291,0
1058.365,0
1058.438,1
1058.512,2
1058.585,3
1058.658,6
1058.732,8
1058.805,7
1058.879,6
1058.952,4
1059.026,5
1059.099,6
1059.173,6
1059.246,5
1059.32,1
1059.393,1
1059.467,1
1059.54,2
1059.613,4
1059.687,3
1059.76,5
1059.834,4
1059.907,2
1059.981,2
1060.054,2
1060.128,2
1060.201,5
1060.275,5
1060.348,3
1060.422,6
1060.495,3
1060.569,5
1060.642,5
1060.716,7
1060.789,6
1060.863,9
1060.937,8
1061.01,5
1061.084,4
1061.157,4
1061.231,3
1061.304,4
1061.378,5
1061.451,6
1061.525,8
1061.598,7
1061.672,6
1061.745,2
1061.819,2
1061.893,3
1061.966,3
1062.04,3
1062.113,1
1062.187,0
1062.26,2
1062.334,4
1062.408,6
1062.481,8
1062.555,8
1062.628,7
1062.702,6
1062.776,2
1062.849,1
1062.923,1
1062.996,1
1063.07,0
1063.143,1
1063.217,1
1063.291,1
1063.364,1
1063.438,0
1063.512,0
1063.585,0
1063.659,0
1063.732,0
1063.806,0
1063.88,0
1063.953,0
1064.027,0
1064.101,0
1064.174,0
1064.248,0
1064.321,3
1064.395,4
1064.469,4
1064.542,5
1064.616,2
1064.69,1
1064.763,1
1064.837,0
1064.911,0
1064.984,0
1065.058,0
1065.132,0
1065.205,0
1065.279,0
1065.353,0
1065.426,0
1065.5,0
1065.574,0
1065.648,0
1065.721,0
1065.795,1
1065.869,1
1065.942,1
1066.016,1
1066.09,0
1066.163,0
1066.237,0
1066.311,0
1066.385,2
1066.458,2
1066.532,2
1066.606,4
1066.679,4
1066.753,4
1066.827,4
1066.901,3
1066.974,1
1067.048,1
1067.122,1
1067.196,1
1067.269,1
1067.343,1
1067.417,1
1067.491,4
1067.564,5
1067.638,6
1067.712,7
1067.786,5
1067.859,6
1067.933,6
1068.007,5
1068.081,3
1068.155,2
1068.228,5
1068.302,5
1068.376,5
1068.45,5
1068.524,3
1068.597,3
1068.671,5
1068.745,6
1068.819,7
1068.893,11
1068.966,11
1069.04,13
1069.114,13
1069.188,10
1069.262,11
1069.335,9
1069.409,8
1069.483,4
1069.557,2
1069.631,1
1069.705,0
1069.778,0
1069.852,0
1069.926,0
1070,0
1070.074,0
1070.148,0
1070.221,0
1070.295,1
1070.369,1
1070.443,1
1070.517,2
1070.591,2
1070.665,3
1070.738,4
1070.812,5
1070.886,4
1070.96,3
1071.034,2
1071.108,1
1071.182,1
1071.256,1
1071.33,1
1071.403,0
1071.477,0
1071.551,1
1071.625,2
1071.699,4
1071.773,6
1071.847,5
1071.921,4
1071.995,2
1072.069,1
1072.143,1
1072.216,2
1072.29,2
1072.364,2
1072.438,2
1072.512,1
1072.586,1
1072.66,0
1072.734,0
1072.808,1
1072.882,1
1072.956,1
1073.03,1
1073.104,0
1073.178,0
1073.252,1
1073.326,1
1073.4,2
1073.473,2
1073.547,2
1073.621,2
1073.695,1
1073.769,2
1073.843,2
1073.917,2
1073.991,2
1074.065,4
1074.139,3
1074.213,3
1074.287,4
1074.361,2
1074.435,2
1074.509,2
1074.583,1
1074.657,1
1074.731,1
1074.805,1
1074.879,1
1074.953,0
1075.027,0
1075.101,0
1075.175,0
1075.249,0
1075.323,0
1075.398,0
1075.472,2
1075.546,2
1075.62,2
1075.694,2
1075.768,6
1075.842,6
1075.916,6
1075.99,6
1076.064,0
1076.138,2
1076.212,2
1076.286,2
1076.36,2
1076.434,1
1076.508,1
1076.582,1
1076.656,1
1076.731,4
1076.805,4
1076.879,4
1076.953,5
1077.027,3
1077.101,3
1077.175,3
1077.249,2
1077.323,0
1077.397,3
1077.471,3
1077.546,3
1077.62,6
1077.694,4
1077.768,4
1077.842,4
1077.916,1
1077.99,0
1078.064,0
1078.139,0
1078.213,0
1078.287,0
1078.361,0
1078.435,0
1078.509,0
1078.583,0
1078.658,0
1078.732,1
1078.806,4
1078.88,4
1078.954,4
1079.028,3
1079.102,2
1079.177,3
1079.251,3
1079.325,3
1079.399,2
1079.473,1
1079.548,1
1079.622,1
1079.696,1
1079.77,1
1079.844,2
1079.918,3
1079.993,4
1080.067,5
1080.141,4
1080.215,3
1080.289,3
1080.364,4
1080.438,6
1080.512,8
1080.586,8
1080.66,7
1080.735,6
1080.809,5
1080.883,4
1080.957,4
1081.032,4
1081.106,0
1081.18,0
1081.254,2
1081.329,2
1081.403,3
1081.477,4
1081.551,2
1081.626,2
1081.7,1
1081.774,0
1081.848,0
1081.923,0
1081.997,0
1082.071,0
1082.145,2
1082.22,3
1082.294,4
1082.368,5
1082.442,4
1082.517,4
1082.591,4
1082.665,4
1082.74,3
1082.814,2
1082.888,1
1082.962,0
1083.037,0
1083.111,0
1083.185,0
1083.26,0
1083.334,2
1083.408,2
1083.483,3
1083.557,4
1083.631,6
1083.706,9
1083.78,11
1083.854,12
1083.929,8
1084.003,5
1084.077,2
1084.152,1
1084.226,2
1084.3,2
1084.375,2
1084.449,1
1084.523,5
1084.598,5
1084.672,7
1084.746,7
1084.821,4
1084.895,4
1084.97,3
1085.044,3
1085.118,1
1085.193,1
1085.267,1
1085.341,1
1085.416,1
1085.49,1
1085.565,3
1085.639,3
1085.713,4
1085.788,6
1085.862,6
1085.937,9
1086.011,13
1086.085,12
1086.16,10
1086.234,6
1086.309,6
1086.383,6
1086.457,6
1086.532,6
1086.606,3
1086.681,3
1086.755,3
1086.83,1
1086.904,0
1086.978,0
1087.053,0
1087.127,0
1087.202,0
1087.276,0
1087.351,0
1087.425,0
1087.5,0
1087.574,0
1087.648,0
1087.723,0
1087.797,0
1087.872,0
1087.946,0
1088.021,0
1088.095,0
1088.17,0
1088.244,0
1088.319,1
1088.393,2
1088.468,3
1088.542,4
1088.617,7
1088.691,6
1088.766,5
1088.84,4
1088.915,0
1088.989,1
1089.064,1
1089.138,1
1089.213,1
1089.287,0
1089.362,0
1089.436,0
1089.511,0
1089.585,2
1089.66,4
1089.734,4
1089.809,4
1089.883,2
1089.958,0
1090.033,0
1090.107,1
1090.182,3
1090.256,3
1090.331,3
1090.405,2
1090.48,0
1090.554,0
1090.629,0
1090.704,0
1090.778,0
1090.853,1
1090.927,2
1091.002,3
1091.076,7
1091.151,10
1091.226,10
1091.3,10
1091.375,10
1091.449,6
1091.524,8
1091.599,8
1091.673,5
1091.748,9
1091.822,10
1091.897,10
1091.972,13
1092.046,12
1092.121,8
1092.195,11
1092.27,14
1092.345,15
1092.419,16
1092.494,19
1092.569,14
1092.643,12
1092.718,9
1092.792,3
1092.867,3
1092.942,4
1093.016,4
1093.091,4
1093.166,4
1093.24,3
1093.315,3
1093.39,2
1093.464,2
1093.539,2
1093.614,2
1093.688,1
1093.763,2
1093.838,2
1093.912,2
1093.987,1
1094.062,0
1094.136,0
1094.211,1
1094.286,1
1094.361,1
1094.435,5
1094.51,5
1094.585,8
1094.659,9
1094.734,6
1094.809,6
1094.883,5
1094.958,4
1095.033,3
1095.108,2
1095.182,0
1095.257,1
1095.332,1
1095.406,1
1095.481,1
1095.556,2
1095.631,2
1095.705,2
1095.78,2
1095.855,0
1095.93,0
1096.004,1
1096.079,5
1096.154,5
1096.229,6
1096.303,9
1096.378,8
1096.453,10
1096.528,10
1096.603,8
1096.677,6
1096.752,5
1096.827,5
1096.902,7
1096.976,7
1097.051,5
1097.126,5
1097.201,6
1097.276,5
1097.35,2
1097.425,1
1097.5,0
1097.575,0
1097.65,0
1097.724,0
1097.799,0
1097.874,0
1097.949,2
1098.024,3
1098.098,6
1098.173,7
1098.248,8
1098.323,8
1098.398,7
1098.473,8
1098.547,11
1098.622,11
1098.697,12
1098.772,13
1098.847,8
1098.922,7
1098.997,7
1099.071,5
1099.146,4
1099.221,6
1099.296,4
1099.371,3
1099.446,3
1099.521,2
1099.595,2
1099.67,5
1099.745,7
1099.82,6
1099.895,5
1099.97,2
1100.045,1
1100.12,2
1100.195,2
1100.269,2
1100.344,2
1100.419,1
1100.494,1
1100.569,1
1100.644,0
1100.719,0
1100.794,3
1100.869,3
1100.944,3
1101.019,4
1101.094,2
1101.168,2
1101.243,2
1101.318,1
1101.393,0
1101.468,2
1101.543,2
1101.618,5
1101.693,8
1101.768,13
1101.843,20
1101.918,21
1101.993,20
1102.068,15
1102.143,11
1102.218,9
1102.293,11
1102.368,12
1102.443,4
1102.518,9
1102.593,9
1102.668,8
1102.743,11
1102.818,8
1102.893,6
1102.968,6
1103.043,3
1103.118,3
1103.193,3
1103.268,3
1103.343,2
1103.418,1
1103.493,1
1103.568,1
1103.643,1
1103.718,0
1103.793,0
1103.868,0
1103.943,0
1104.018,1
1104.093,2
1104.168,3
1104.243,5
1104.318,7
1104.393,8
1104.468,9
1104.543,8
1104.618,7
1104.693,6
1104.768,5
1104.843,1
1104.918,0
1104.993,0
1105.068,1
1105.143,1
1105.219,1
1105.294,4
1105.369,4
1105.444,5
1105.519,7
1105.594,4
1105.669,3
1105.744,2
1105.819,1
1105.894,1
1105.969,1
1106.044,1
1106.12,0
1106.195,0
1106.27,0
1106.345,0
1106.42,0
1106.495,0
1106.57,1
1106.645,1
1106.72,1
1106.796,1
1106.871,0
1106.946,0
1107.021,0
1107.096,0
1107.171,2
1107.246,3
1107.322,3
1107.397,3
1107.472,3
1107.547,2
1107.622,2
1107.697,2
1107.772,0
1107.848,0
1107.923,0
1107.998,0
1108.073,0
1108.148,0
1108.223,0
1108.299,0
1108.374,2
1108.449,4
1108.524,6
1108.599,8
1108.675,8
1108.75,6
1108.825,7
1108.9,7
1108.975,7
1109.05,10
1109.126,13
1109.201,12
1109.276,11
1109.351,11
1109.427,8
1109.502,7
1109.577,6
1109.652,3
1109.727,1
1109.803,1
1109.878,1
1109.953,1
1110.028,0
1110.104,0
1110.179,0
1110.254,1
1110.329,1
1110.405,2
1110.48,4
1110.555,3
1110.63,3
1110.706,2
1110.781,2
1110.856,2
1110.931,2
1111.007,2
1111.082,0
1111.157,0
1111.232,0
1111.308,0
1111.383,0
1111.458,0
1111.534,0
1111.609,1
1111.684,4
1111.759,4
1111.835,4
1111.91,3
1111.985,1
1112.061,2
1112.136,3
1112.211,4
1112.287,4
1112.362,4
1112.437,4
1112.513,4
1112.588,5
1112.663,8
1112.739,11
1112.814,7
1112.889,6
1112.965,7
1113.04,5
1113.115,5
1113.191,5
1113.266,2
1113.341,2
1113.417,2
1113.492,3
1113.567,3
1113.643,4
1113.718,4
1113.793,3
1113.869,2
1113.944,0
1114.02,0
1114.095,2
1114.17,3
1114.246,4
1114.321,6
1114.396,7
1114.472,6
1114.547,5
1114.623,4
1114.698,2
1114.773,2
1114.849,2
1114.924,1
1115,0
1115.075,3
1115.15,3
1115.226,3
1115.301,3
1115.377,0
1115.452,1
1115.528,2
1115.603,6
1115.678,7
1115.754,7
1115.829,7
1115.905,5
1115.98,4
1116.056,3
1116.131,6
1116.206,6
1116.282,6
1116.357,6
1116.433,2
1116.508,1
1116.584,1
1116.659,1
1116.735,1
1116.81,2
1116.886,2
1116.961,2
1117.037,2
1117.112,0
1117.188,2
1117.263,3
1117.338,4
1117.414,5
1117.489,5
1117.565,4
1117.64,3
1117.716,2
1117.791,3
1117.867,6
1117.942,8
1118.018,8
1118.094,8
1118.169,6
1118.245,7
1118.32,11
1118.396,9
1118.471,9
1118.547,6
1118.622,4
1118.698,3
1118.773,2
1118.849,2
1118.924,0
1119,0
1119.075,0
1119.151,0
1119.227,0
1119.302,0
1119.378,0
1119.453,0
1119.529,0
1119.604,0
1119.68,0
1119.755,0
1119.831,0
1119.907,0
1119.982,0
1120.058,0
1120.133,0
1120.209,0
1120.284,0
1120.36,0
1120.436,0
1120.511,0
1120.587,0
1120.662,0
1120.738,0
1120.814,0
1120.889,0
1120.965,0
1121.041,0
1121.116,2
1121.192,2
1121.267,2
1121.343,2
1121.419,0
1121.494,0
1121.57,0
1121.646,1
1121.721,1
1121.797,1
1121.872,1
1121.948,0
1122.024,0
1122.099,1
1122.175,3
1122.251,5
1122.326,8
1122.402,8
1122.478,8
1122.553,6
1122.629,5
1122.705,4
1122.78,3
1122.856,3
1122.932,1
1123.007,1
1123.083,0
1123.159,0
1123.234,0
1123.31,1
1123.386,2
1123.462,3
1123.537,5
1123.613,4
1123.689,3
1123.764,5
1123.84,4
1123.916,5
1123.991,5
1124.067,2
1124.143,2
1124.219,1
1124.294,1
1124.37,1
1124.446,0
1124.522,0
1124.597,1
1124.673,1
1124.749,1
1124.825,1
1124.9,5
1124.976,5
1125.052,7
1125.128,6
1125.203,11
1125.279,9
1125.355,8
1125.431,7
1125.506,3
1125.582,3
1125.658,0
1125.734,0
1125.809,0
1125.885,0
1125.961,0
1126.037,0
1126.113,0
1126.188,0
1126.264,0
1126.34,0
1126.416,3
1126.492,3
1126.567,5
1126.643,5
1126.719,2
1126.795,2
1126.871,0
1126.946,0
1127.022,0
1127.098,1
1127.174,1
1127.25,1
1127.326,1
1127.401,0
1127.477,0
1127.553,2
1127.629,3
1127.705,3
1127.781,3
1127.856,1
1127.932,0
1128.008,0
1128.084,0
1128.16,0
1128.236,0
1128.312,0
1128.387,2
1128.463,2
1128.539,2
1128.615,3
1128.691,4
1128.767,4
1128.843,5
1128.919,4
1128.994,1
1129.07,1
1129.146,3
1129.222,3
1129.298,3
1129.374,4
1129.45,5
1129.526,9
1129.602,11
1129.677,11
1129.753,11
1129.829,8
1129.905,8
1129.981,8
1130.057,5
1130.133,5
1130.209,3
1130.285,2
1130.361,1
1130.437,0
1130.513,0
1130.589,0
1130.665,0
1130.74,0
1130.816,0
1130.892,0
1130.968,0
1131.044,0
1131.12,1
1131.196,2
1131.272,4
1131.348,4
1131.424,3
1131.5,2
1131.576,0
1131.652,0
1131.728,0
1131.804,0
1131.88,2
1131.956,3
1132.032,3
1132.108,3
1132.184,1
1132.26,0
1132.336,0
1132.412,0
1132.488,2
1132.564,2
1132.64,2
1132.716,6
1132.792,4
1132.868,4
1132.944,4
1133.02,0
1133.096,2
1133.172,2
1133.248,3
1133.324,3
1133.4,3
1133.476,3
1133.552,3
1133.628,4
1133.704,3
1133.78,3
1133.856,3
1133.933,2
1134.009,1
1134.085,2
1134.161,2
1134.237,3
1134.313,7
1134.389,6
1134.465,7
1134.541,6
1134.617,6
1134.693,5
1134.769,4
1134.845,3
1134.922,4
1134.998,5
1135.074,5
1135.15,7
1135.226,8
1135.302,9
1135.378,12
1135.454,11
1135.53,11
1135.606,12
1135.683,8
1135.759,9
1135.835,11
1135.911,8
1135.987,6
1136.063,4
1136.139,5
1136.215,6
1136.292,6
1136.368,5
1136.444,3
1136.52,1
1136.596,1
1136.672,1
1136.748,0
1136.825,0
1136.901,2
1136.977,2
1137.053,5
1137.129,5
1137.205,3
1137.282,3
1137.358,2
1137.434,2
1137.51,2
1137.586,4
1137.662,3
1137.739,4
1137.815,6
1137.891,6
1137.967,5
1138.043,4
1138.12,4
1138.196,5
1138.272,5
1138.348,5
1138.424,6
1138.501,6
1138.577,6
1138.653,9
1138.729,11
1138.805,7
1138.882,8
1138.958,5
1139.034,3
1139.11,7
1139.187,7
1139.263,6
1139.339,6
1139.415,9
1139.492,7
1139.568,6
1139.644,6
1139.72,4
1139.797,3
1139.873,3
1139.949,4
1140.025,2
1140.102,2
1140.178,2
1140.254,0
1140.33,1
1140.407,3
1140.483,5
1140.559,12
1140.636,12
1140.712,10
1140.788,8
1140.864,5
1140.941,4
1141.017,4
1141.093,4
1141.17,5
1141.246,5
1141.322,5
1141.398,6
1141.475,3
1141.551,4
1141.627,6
1141.704,5
1141.78,3
1141.856,6
1141.933,3
1142.009,2
1142.085,1
1142.162,0
1142.238,0
1142.314,0
1142.391,0
1142.467,0
1142.543,0
1142.62,0
1142.696,1
1142.772,1
1142.849,1
1142.925,1
1143.002,0
1143.078,0
1143.154,0
1143.231,2
1143.307,3
1143.383,5
1143.46,7
1143.536,11
1143.613,10
1143.689,7
1143.765,4
1143.842,2
1143.918,1
1143.995,1
1144.071,1
1144.147,1
1144.224,1
1144.3,1
1144.377,1
1144.453,0
1144.529,1
1144.606,1
1144.682,2
1144.759,2
1144.835,1
1144.912,1
1144.988,0
1145.064,0
1145.141,0
1145.217,0
1145.294,3
1145.37,3
1145.447,3
1145.523,3
1145.599,1
1145.676,1
1145.752,1
1145.829,1
1145.905,0
1145.982,0
1146.058,0
1146.135,0
1146.211,0
1146.288,0
1146.364,0
1146.441,0
1146.517,0
1146.594,0
1146.67,0
1146.747,0
1146.823,3
1146.9,3
1146.976,3
1147.053,3
1147.129,1
1147.206,1
1147.282,1
1147.359,1
1147.435,1
1147.512,1
1147.588,1
1147.665,2
1147.741,2
1147.818,4
1147.894,5
1147.971,6
1148.047,5
1148.124,6
1148.2,5
1148.277,3
1148.353,3
1148.43,5
1148.507,5
1148.583,5
1148.66,7
1148.736,4
1148.813,5
1148.889,8
1148.966,9
1149.042,11
1149.119,11
1149.196,11
1149.272,8
1149.349,4
1149.425,3
1149.502,1
1149.579,1
1149.655,1
1149.732,1
1149.808,0
1149.885,0
1149.961,3
1150.038,3
1150.115,3
1150.191,3
1150.268,3
1150.345,4
1150.421,5
1150.498,6
1150.574,5
1150.651,6
1150.728,7
1150.804,5
1150.881,11
1150.958,10
1151.034,9
1151.111,7
1151.187,1
1151.264,1
1151.341,1
1151.417,1
1151.494,1
1151.571,1
1151.647,1
1151.724,1
1151.801,1
1151.877,2
1151.954,2
1152.031,2
1152.107,2
1152.184,1
1152.261,3
1152.337,3
1152.414,2
1152.491,2
1152.567,0
1152.644,0
1152.721,0
1152.797,0
1152.874,1
1152.951,2
1153.028,3
1153.104,4
1153.181,4
1153.258,4
1153.334,4
1153.411,1
1153.488,1
1153.565,1
1153.641,2
1153.718,3
1153.795,5
1153.872,6
1153.948,6
1154.025,6
1154.102,5
1154.178,4
1154.255,4
1154.332,7
1154.409,6
1154.485,3
1154.562,2
1154.639,1
1154.716,1
1154.792,0
1154.869,3
1154.946,4
1155.023,5
1155.1,7
1155.176,7
1155.253,7
1155.33,6
1155.407,5
1155.483,7
1155.56,6
1155.637,6
1155.714,5
1155.791,1
1155.867,2
1155.944,3
1156.021,4
1156.098,9
1156.175,8
1156.251,9
1156.328,8
1156.405,6
1156.482,6
1156.559,11
1156.636,12
1156.712,9
1156.789,10
1156.866,6
1156.943,5
1157.02,4
1157.097,4
1157.173,1
1157.25,2
1157.327,3
1157.404,2
1157.481,2
1157.558,2
1157.635,5
1157.711,5
1157.788,5
1157.865,7
1157.942,5
1158.019,5
1158.096,5
1158.173,2
1158.25,3
1158.326,4
1158.403,6
1158.48,6
1158.557,8
1158.634,6
1158.711,3
1158.788,2
1158.865,0
1158.942,0
1159.018,0
1159.095,0
1159.172,1
1159.249,2
1159.326,2
1159.403,2
1159.48,1
1159.557,0
1159.634,0
1159.711,1
1159.788,1
1159.865,1
1159.942,4
1160.018,4
1160.095,6
1160.172,8
1160.249,9
1160.326,8
1160.403,6
1160.48,5
1160.557,2
1160.634,3
1160.711,4
1160.788,4
1160.865,4
1160.942,6
1161.019,6
1161.096,6
1161.173,6
1161.25,1
1161.327,1
1161.404,1
1161.481,1
1161.558,2
1161.635,3
1161.712,3
1161.789,3
1161.866,1
1161.943,4
1162.02,3
1162.097,3
1162.174,2
1162.251,1
1162.328,1
1162.405,0
1162.482,0
1162.559,0
1162.636,0
1162.713,1
1162.79,2
1162.867,6
1162.944,9
1163.021,9
1163.098,9
1163.175,10
1163.252,12
1163.329,9
1163.406,6
1163.483,3
1163.56,1
1163.638,1
1163.715,1
1163.792,1
1163.869,1
1163.946,3
1164.023,3
1164.1,4
1164.177,3
1164.254,2
1164.331,2
1164.408,1
1164.485,1
1164.562,2
1164.64,2
1164.717,3
1164.794,3
1164.871,5
1164.948,5
1165.025,4
1165.102,4
1165.179,1
1165.256,1
1165.334,2
1165.411,2
1165.488,1
1165.565,1
1165.642,0
1165.719,0
1165.796,0
1165.873,0
1165.951,0
1166.028,0
1166.105,0
1166.182,2
1166.259,8
1166.336,8
1166.413,8
1166.491,6
1166.568,7
1166.645,7
1166.722,7
1166.799,10
1166.876,8
1166.954,8
1167.031,7
1167.108,4
1167.185,4
1167.262,5
1167.34,7
1167.417,6
1167.494,5
1167.571,3
1167.648,1
1167.725,1
1167.803,4
1167.88,4
1167.957,4
1168.034,5
1168.112,2
1168.189,2
1168.266,2
1168.343,1
1168.42,0
1168.498,0
1168.575,2
1168.652,2
1168.729,2
1168.807,2
1168.884,0
1168.961,1
1169.038,1
1169.116,2
1169.193,3
1169.27,4
1169.347,5
1169.425,5
1169.502,5
1169.579,5
1169.656,5
1169.734,4
1169.811,4
1169.888,5
1169.965,4
1170.043,4
1170.12,3
1170.197,0
1170.275,2
1170.352,3
1170.429,4
1170.506,6
1170.584,8
1170.661,9
1170.738,10
1170.816,7
1170.893,6
1170.97,6
1171.047,3
1171.125,2
1171.202,2
1171.279,2
1171.357,3
1171.434,3
1171.511,2
1171.589,2
1171.666,1
1171.743,1
1171.821,2
1171.898,2
1171.975,1
1172.053,1
1172.13,1
1172.207,1
1172.285,1
1172.362,1
1172.44,0
1172.517,0
1172.594,0
1172.672,1
1172.749,3
1172.826,3
1172.904,3
1172.981,2
1173.058,2
1173.136,2
1173.213,2
1173.291,2
1173.368,0
1173.445,0
1173.523,0
1173.6,0
1173.678,1
1173.755,1
1173.832,1
1173.91,1
1173.987,0
1174.065,0
1174.142,0
1174.219,1
1174.297,1
1174.374,1
1174.452,3
1174.529,2
1174.607,2
1174.684,4
1174.761,3
1174.839,4
1174.916,6
1174.994,4
1175.071,3
1175.149,2
1175.226,1
1175.304,1
1175.381,1
1175.458,1
1175.536,0
1175.613,4
1175.691,6
1175.768,9
1175.846,11
1175.923,8
1176.001,10
1176.078,7
1176.156,5
1176.233,9
1176.311,10
1176.388,11
1176.466,12
1176.543,8
1176.621,5
1176.698,4
1176.776,4
1176.853,3
1176.931,1
1177.008,1
1177.086,0
1177.163,2
1177.241,2
1177.318,2
1177.396,2
1177.473,3
1177.551,3
1177.628,3
1177.706,5
1177.783,5
1177.861,5
1177.939,5
1178.016,4
1178.094,1
1178.171,1
1178.249,1
1178.326,0
1178.404,1
1178.481,1
1178.559,1
1178.637,3
1178.714,4
1178.792,6
1178.869,8
1178.947,9
1179.024,8
1179.102,7
1179.18,5
1179.257,4
1179.335,4
1179.412,5
1179.49,4
1179.567,4
1179.645,6
1179.723,6
1179.8,9
1179.878,10
1179.956,7
1180.033,8
1180.111,7
1180.188,7
1180.266,6
1180.344,6
1180.421,1
1180.499,2
1180.576,3
1180.654,3
1180.732,2
1180.809,3
1180.887,3
1180.965,5
1181.042,6
1181.12,4
1181.198,4
1181.275,2
1181.353,2
1181.431,2
1181.508,2
1181.586,4
1181.664,4
1181.741,6
1181.819,6
1181.897,5
1181.974,5
1182.052,5
1182.13,5
1182.207,5
1182.285,3
1182.363,2
1182.44,2
1182.518,2
1182.596,1
1182.673,1
1182.751,2
1182.829,3
1182.907,5
1182.984,6
1183.062,6
1183.14,6
1183.217,5
1183.295,5
1183.373,2
1183.451,2
1183.528,2
1183.606,3
1183.684,4
1183.762,5
1183.839,6
1183.917,5
1183.995,3
1184.073,2
1184.15,0
1184.228,0
1184.306,0
1184.384,0
1184.461,0
1184.539,0
1184.617,1
1184.695,1
1184.772,1
1184.85,3
1184.928,2
1185.006,2
1185.083,2
1185.161,0
1185.239,0
1185.317,0
1185.395,0
1185.472,0
1185.55,0
1185.628,0
1185.706,0
1185.784,0
1185.861,0
1185.939,2
1186.017,5
1186.095,5
1186.173,6
1186.25,4
1186.328,2
1186.406,2
1186.484,1
1186.562,1
1186.64,0
1186.717,1
1186.795,4
1186.873,8
1186.951,13
1187.029,14
1187.107,16
1187.184,13
1187.262,13
1187.34,11
1187.418,7
1187.496,6
1187.574,1
1187.652,1
1187.73,0
1187.807,0
1187.885,0
1187.963,1
1188.041,2
1188.119,2
1188.197,4
1188.275,3
1188.353,2
1188.43,2
1188.508,2
1188.586,2
1188.664,5
1188.742,5
1188.82,3
1188.898,3
1188.976,1
1189.054,1
1189.132,4
1189.21,4
1189.287,4
1189.365,4
1189.443,4
1189.521,4
1189.599,3
1189.677,3
1189.755,0
1189.833,0
1189.911,1
1189.989,1
1190.067,1
1190.145,1
1190.223,0
1190.301,0
1190.379,1
1190.457,1
1190.535,1
1190.612,1
1190.69,0
1190.768,0
1190.846,1
1190.924,1
1191.002,3
1191.08,4
1191.158,3
1191.236,5
1191.314,7
1191.392,8
1191.47,14
1191.548,13
1191.626,10
1191.704,10
1191.782,4
1191.86,5
1191.938,9
1192.016,9
1192.094,7
1192.172,8
1192.25,7
1192.328,8
1192.406,9
1192.484,8
1192.562,8
1192.64,7
1192.719,9
1192.797,9
1192.875,6
1192.953,6
1193.031,3
1193.109,3
1193.187,0
1193.265,1
1193.343,2
1193.421,3
1193.499,6
1193.577,6
1193.655,6
1193.733,7
1193.811,7
1193.889,7
1193.967,9
1194.046,8
1194.124,6
1194.202,6
1194.28,8
1194.358,7
1194.436,4
1194.514,3
1194.592,2
1194.67,2
1194.748,6
1194.826,7
1194.905,8
1194.983,9
1195.061,3
1195.139,2
1195.217,1
1195.295,0
1195.373,3
1195.451,3
1195.53,5
1195.608,5
1195.686,2
1195.764,2
1195.842,3
1195.92,3
1195.998,3
1196.076,4
1196.155,1
1196.233,1
1196.311,1
1196.389,0
1196.467,0
1196.545,0
1196.624,0
1196.702,0
1196.78,1
1196.858,1
1196.936,2
1197.014,2
1197.093,1
1197.171,1
1197.249,0
1197.327,0
1197.405,1
1197.484,1
1197.562,1
1197.64,1
1197.718,4
1197.796,4
1197.875,4
1197.953,4
1198.031,1
1198.109,1
1198.187,3
1198.266,3
1198.344,3
1198.422,3
1198.5,3
1198.579,3
1198.657,3
1198.735,4
1198.813,3
1198.891,8
1198.97,11
1199.048,11
1199.126,11
1199.204,8
1199.283,3
1199.361,3
1199.439,3
1199.517,3
1199.596,2
1199.674,3
1199.752,4
1199.831,4
1199.909,4
1199.987,4
1200.065,1
1200.144,2
1200.222,2
1200.3,2
1200.379,1
1200.457,0
1200.535,0
1200.613,0
1200.692,0
1200.77,0
1200.848,1
1200.927,1
1201.005,1
1201.083,1
1201.162,0
1201.24,0
1201.318,0
1201.397,0
1201.475,0
1201.553,0
1201.632,0
1201.71,0
1201.788,0
1201.867,0
1201.945,1
1202.023,4
1202.102,5
1202.18,8
1202.258,9
1202.337,7
1202.415,6
1202.493,3
1202.572,2
1202.65,2
1202.728,3
1202.807,4
1202.885,4
1202.964,4
1203.042,4
1203.12,4
1203.199,3
1203.277,3
1203.355,3
1203.434,3
1203.512,2
1203.591,3
1203.669,6
1203.747,14
1203.826,16
1203.904,20
1203.983,18
1204.061,12
1204.139,9
1204.218,7
1204.296,6
1204.375,4
1204.453,3
1204.532,0
1204.61,0
1204.688,1
1204.767,1
1204.845,2
1204.924,2
1205.002,3
1205.081,3
1205.159,2
1205.238,2
1205.316,0
1205.394,0
1205.473,1
1205.551,2
1205.63,3
1205.708,5
1205.787,4
1205.865,3
1205.944,2
1206.022,1
1206.101,1
1206.179,2
1206.258,2
1206.336,3
1206.415,4
1206.493,3
1206.572,3
1206.65,2
1206.729,2
1206.807,2
1206.886,2
1206.964,1
1207.043,1
1207.121,1
1207.2,1
1207.278,3
1207.357,6
1207.435,8
1207.514,10
1207.592,9
1207.671,6
1207.749,7
1207.828,5
1207.906,5
1207.985,5
1208.064,4
1208.142,3
1208.221,3
1208.299,4
1208.378,3
1208.456,2
1208.535,2
1208.613,1
1208.692,1
1208.771,0
1208.849,0
1208.928,0
1209.006,0
1209.085,0
1209.163,0
1209.242,0
1209.321,0
1209.399,0
1209.478,1
1209.556,1
1209.635,1
1209.714,1
1209.792,0
1209.871,0
1209.949,0
1210.028,0
1210.107,0
1210.185,0
1210.264,0
1210.342,2
1210.421,2
1210.5,2
1210.578,2
1210.657,2
1210.736,2
1210.814,2
1210.893,2
1210.971,0
1211.05,0
1211.129,0
1211.207,0
1211.286,0
1211.365,3
1211.443,5
1211.522,6
1211.601,7
1211.679,8
1211.758,6
1211.837,7
1211.915,6
1211.994,3
1212.073,3
1212.151,7
1212.23,8
1212.309,8
1212.387,9
1212.466,8
1212.545,11
1212.623,11
1212.702,11
1212.781,10
1212.86,6
1212.938,5
1213.017,7
1213.096,3
1213.174,3
1213.253,4
1213.332,2
1213.411,2
1213.489,2
1213.568,2
1213.647,1
1213.725,2
1213.804,5
1213.883,5
1213.962,5
1214.04,4
1214.119,2
1214.198,2
1214.277,2
1214.355,4
1214.434,3
1214.513,2
1214.592,4
1214.67,2
1214.749,2
1214.828,2
1214.907,0
1214.986,0
1215.064,0
1215.143,0
1215.222,0
1215.301,0
1215.379,0
1215.458,0
1215.537,0
1215.616,0
1215.695,0
1215.773,1
1215.852,2
1215.931,2
1216.01,2
1216.089,1
1216.167,0
1216.246,0
1216.325,0
1216.404,0
1216.483,0
1216.562,0
1216.64,0
1216.719,0
1216.798,0
1216.877,0
1216.956,0
1217.035,2
1217.113,2
1217.192,2
1217.271,2
1217.35,0
1217.429,0
1217.508,0
1217.586,1
1217.665,4
1217.744,4
1217.823,5
1217.902,5
1217.981,3
1218.06,5
1218.139,7
1218.217,6
1218.296,5
1218.375,4
1218.454,1
1218.533,1
1218.612,2
1218.691,2
1218.77,2
1218.849,2
1218.927,2
1219.006,3
1219.085,3
1219.164,4
1219.243,6
1219.322,6
1219.401,8
1219.48,8
1219.559,9
1219.638,8
1219.717,5
1219.796,5
1219.875,4
1219.953,4
1220.032,2
1220.111,2
1220.19,0
1220.269,0
1220.348,2
1220.427,2
1220.506,2
1220.585,2
1220.664,4
1220.743,3
1220.822,2
1220.901,1
1220.98,0
1221.059,0
1221.138,0
1221.217,0
1221.296,0
1221.375,0
1221.454,0
1221.533,1
1221.612,1
1221.691,1
1221.77,1
1221.849,0
1221.928,0
1222.007,0
1222.086,2
1222.165,2
1222.244,3
1222.323,3
1222.402,2
1222.481,4
1222.56,5
1222.639,9
1222.718,10
1222.797,10
1222.876,10
1222.955,10
1223.034,12
1223.113,16
1223.192,18
1223.271,18
1223.35,17
1223.429,14
1223.508,12
1223.587,13
1223.666,14
1223.745,13
1223.825,13
1223.904,11
1223.983,11
1224.062,10
1224.141,5
1224.22,4
1224.299,3
1224.378,4
1224.457,5
1224.536,4
1224.615,2
1224.694,1
1224.773,0
1224.853,0
1224.932,3
1225.011,3
1225.09,3
1225.169,3
1225.248,0
1225.327,0
1225.406,0
1225.485,0
1225.565,0
1225.644,0
1225.723,0
1225.802,0
1225.881,1
1225.96,1
1226.039,1
1226.119,2
1226.198,2
1226.277,3
1226.356,4
1226.435,4
1226.514,4
1226.593,4
1226.673,3
1226.752,3
1226.831,3
1226.91,6
1226.989,4
1227.068,4
1227.148,4
1227.227,4
1227.306,3
1227.385,3
1227.464,3
1227.543,1
1227.623,1
1227.702,2
1227.781,3
1227.86,3
1227.939,4
1228.019,4
1228.098,4
1228.177,4
1228.256,2
1228.335,2
1228.415,5
1228.494,5
1228.573,3
1228.652,3
1228.732,1
1228.811,1
1228.89,2
1228.969,2
1229.048,1
1229.128,1
1229.207,1
1229.286,1
1229.365,1
1229.445,1
1229.524,1
1229.603,1
1229.682,1
1229.762,1
1229.841,1
1229.92,1
1229.999,1
1230.079,2
1230.158,2
1230.237,3
1230.317,4
1230.396,4
1230.475,8
1230.554,7
1230.634,6
1230.713,5
1230.792,2
1230.872,2
1230.951,2
1231.03,2
1231.11,0
1231.189,0
1231.268,0
1231.347,1
1231.427,2
1231.506,2
1231.585,2
1231.665,2
1231.744,2
1231.823,3
1231.903,5
1231.982,7
1232.061,10
1232.141,12
1232.22,14
1232.299,11
1232.379,7
1232.458,4
1232.537,0
1232.617,0
1232.696,0
1232.775,0
1232.855,0
1232.934,0
1233.014,0
1233.093,0
1233.172,0
1233.252,0
1233.331,0
1233.41,0
1233.49,0
1233.569,0
1233.649,2
1233.728,2
1233.807,2
1233.887,2
1233.966,1
1234.046,1
1234.125,3
1234.204,4
1234.284,5
1234.363,6
1234.443,11
1234.522,11
1234.601,9
1234.681,8
1234.76,2
1234.84,1
1234.919,1
1234.999,1
1235.078,0
1235.157,1
1235.237,2
1235.316,2
1235.396,3
1235.475,3
1235.555,2
1235.634,2
1235.714,1
1235.793,1
1235.872,1
1235.952,2
1236.031,4
1236.111,4
1236.19,6
1236.27,7
1236.349,6
1236.429,5
1236.508,3
1236.588,3
1236.667,2
1236.747,2
1236.826,2
1236.906,1
1236.985,1
1237.065,1
1237.144,1
1237.224,2
1237.303,2
1237.383,2
1237.462,2
1237.542,0
1237.621,1
1237.701,4
1237.78,5
1237.86,6
1237.939,6
1238.019,5
1238.098,4
1238.178,3
1238.257,2
1238.337,0
1238.416,0
1238.496,0
1238.576,0
1238.655,1
1238.735,1
1238.814,1
1238.894,1
1238.973,2
1239.053,4
1239.132,5
1239.212,8
1239.292,6
1239.371,4
1239.451,3
1239.53,2
1239.61,2
1239.69,2
1239.769,2
1239.849,3
1239.928,4
1240.008,4
1240.087,4
1240.167,1
1240.247,0
1240.326,0
1240.406,0
1240.485,0
1240.565,1
1240.645,1
1240.724,1
1240.804,2
1240.884,2
1240.963,2
1241.043,3
1241.122,6
1241.202,9
1241.282,9
1241.361,8
1241.441,4
1241.521,5
1241.6,4
1241.68,3
1241.76,2
1241.839,0
1241.919,0
1241.999,1
1242.078,1
1242.158,1
1242.238,1
1242.317,0
1242.397,0
1242.477,0
1242.556,0
1242.636,2
1242.716,2
1242.795,2
1242.875,2
1242.955,3
1243.034,3
1243.114,3
1243.194,3
1243.273,0
1243.353,0
1243.433,0
1243.513,0
1243.592,0
1243.672,0
1243.752,3
1243.831,3
1243.911,3
1243.991,3
1244.071,2
1244.15,4
1244.23,6
1244.31,11
1244.39,9
1244.469,7
1244.549,5
1244.629,0
1244.709,5
1244.788,5
1244.868,5
1244.948,5
1245.028,0
1245.107,0
1245.187,0
1245.267,0
1245.347,0
1245.426,3
1245.506,3
1245.586,6
1245.666,6
1245.745,4
1245.825,6
1245.905,9
1245.985,9
1246.065,10
1246.144,8
1246.224,5
1246.304,4
1246.384,6
1246.464,6
1246.543,7
1246.623,8
1246.703,4
1246.783,4
1246.863,4
1246.942,1
1247.022,1
1247.102,1
1247.182,1
1247.262,1
1247.342,2
1247.421,3
1247.501,4
1247.581,5
1247.661,6
1247.741,6
1247.821,6
1247.901,6
1247.98,7
1248.06,6
1248.14,6
1248.22,4
1248.3,1
1248.38,1
1248.46,1
1248.539,1
1248.619,2
1248.699,2
1248.779,1
1248.859,1
1248.939,0
1249.019,0
1249.099,0
1249.179,0
1249.258,1
1249.338,3
1249.418,4
1249.498,10
1249.578,9
1249.658,7
1249.738,6
1249.818,0
1249.898,0
1249.978,0
1250.058,0
1250.137,0
1250.217,0
1250.297,3
1250.377,3
1250.457,3
1250.537,3
1250.617,1
1250.697,1
1250.777,2
1250.857,2
1250.937,2
1251.017,2
1251.097,2
1251.177,2
1251.257,1
1251.337,1
1251.417,1
1251.497,3
1251.577,4
1251.656,6
1251.736,6
1251.816,5
1251.896,5
1251.976,1
1252.056,1
1252.136,1
1252.216,1
1252.296,0
1252.376,2
1252.456,2
1252.536,3
1252.616,3
1252.696,2
1252.776,5
1252.856,4
1252.936,4
1253.016,6
1253.096,4
1253.176,4
1253.257,4
1253.337,2
1253.417,3
1253.497,3
1253.577,3
1253.657,2
1253.737,1
1253.817,1
1253.897,1
1253.977,1
1254.057,1
1254.137,2
1254.217,4
1254.297,7
1254.377,7
1254.457,7
1254.537,6
1254.617,6
1254.697,6
1254.777,7
1254.858,6
1254.938,3
1255.018,2
1255.098,0
1255.178,2
1255.258,2
1255.338,2
1255.418,2
1255.498,0
1255.578,1
1255.658,1
1255.739,1
1255.819,1
1255.899,2
1255.979,2
1256.059,2
1256.139,2
1256.219,1
1256.299,1
1256.38,1
1256.46,1
1256.54,1
1256.62,3
1256.7,3
1256.78,3
1256.86,4
1256.94,2
1257.021,2
1257.101,4
1257.181,2
1257.261,2
1257.341,2
1257.421,1
1257.502,1
1257.582,3
1257.662,4
1257.742,4
1257.822,8
1257.902,7
1257.983,7
1258.063,7
1258.143,5
1258.223,6
1258.303,5
1258.384,4
1258.464,2
1258.544,0
1258.624,0
1258.704,1
1258.785,1
1258.865,1
1258.945,1
1259.025,1
1259.105,1
1259.186,1
1259.266,3
1259.346,2
1259.426,3
1259.507,3
1259.587,5
1259.667,4
1259.747,2
1259.827,1
1259.908,1
1259.988,4
1260.068,4
1260.148,4
1260.229,3
1260.309,1
1260.389,1
1260.469,1
1260.55,1
1260.63,0
1260.71,0
1260.791,0
1260.871,1
1260.951,1
1261.031,1
1261.112,1
1261.192,0
1261.272,0
1261.352,2
1261.433,2
1261.513,2
1261.593,2
1261.674,0
1261.754,1
1261.834,2
1261.915,3
1261.995,4
1262.075,3
1262.156,3
1262.236,2
1262.316,4
1262.396,4
1262.477,5
1262.557,6
1262.637,5
1262.718,8
1262.798,6
1262.878,5
1262.959,3
1263.039,0
1263.119,0
1263.2,2
1263.28,2
1263.361,2
1263.441,2
1263.521,0
1263.602,0
1263.682,3
1263.762,3
1263.843,6
1263.923,7
1264.003,5
1264.084,5
1264.164,2
1264.245,1
1264.325,0
1264.405,0
1264.486,1
1264.566,1
1264.647,1
1264.727,1
1264.807,0
1264.888,1
1264.968,1
1265.049,1
1265.129,3
1265.209,2
1265.29,2
1265.37,2
1265.451,0
1265.531,0
1265.611,0
1265.692,0
1265.772,0
1265.853,0
1265.933,2
1266.014,2
1266.094,5
1266.175,6
1266.255,9
1266.335,9
1266.416,6
1266.496,5
1266.577,3
1266.657,3
1266.738,3
1266.818,3
1266.899,3
1266.979,3
1267.06,4
1267.14,4
1267.221,1
1267.301,3
1267.382,2
1267.462,2
1267.542,2
1267.623,0
1267.703,0
1267.784,1
1267.864,2
1267.945,4
1268.025,5
1268.106,6
1268.186,5
1268.267,3
1268.348,2
1268.428,0
1268.509,2
1268.589,2
1268.67,2
1268.75,3
1268.831,1
1268.911,1
1268.992,2
1269.072,1
1269.153,1
1269.233,1
1269.314,0
1269.394,0
1269.475,0
1269.556,0
1269.636,0
1269.717,0
1269.797,0
1269.878,1
1269.958,2
1270.039,3
1270.119,4
1270.2,4
1270.281,4
1270.361,4
1270.442,5
1270.522,4
1270.603,3
1270.684,3
1270.764,2
1270.845,3
1270.925,4
1271.006,7
1271.087,7
1271.167,6
1271.248,5
1271.328,3
1271.409,2
1271.49,2
1271.57,2
1271.651,0
1271.731,0
1271.812,0
1271.893,2
1271.973,2
1272.054,2
1272.135,2
1272.215,5
1272.296,5
1272.377,5
1272.457,5
1272.538,3
1272.619,3
1272.699,3
1272.78,3
1272.86,3
1272.941,3
1273.022,4
1273.102,5
1273.183,3
1273.264,3
1273.345,2
1273.425,1
1273.506,1
1273.587,2
1273.667,2
1273.748,2
1273.829,4
1273.909,3
1273.99,3
1274.071,3
1274.151,2
1274.232,2
1274.313,2
1274.394,3
1274.474,1
1274.555,1
1274.636,1
1274.716,5
1274.797,5
1274.878,4
1274.959,3
1275.039,1
1275.12,3
1275.201,4
1275.282,4
1275.362,4
1275.443,1
1275.524,0
1275.604,0
1275.685,0
1275.766,3
1275.847,3
1275.928,3
1276.008,3
1276.089,0
1276.17,0
1276.251,0
1276.331,0
1276.412,3
1276.493,3
1276.574,3
1276.654,4
1276.735,1
1276.816,1
1276.897,1
1276.978,0
1277.058,0
1277.139,0
1277.22,0
1277.301,0
1277.382,1
1277.462,1
1277.543,1
1277.624,1
1277.705,0
1277.786,0
1277.867,2
1277.947,3
1278.028,3
1278.109,3
1278.19,2
1278.271,1
1278.351,2
1278.432,3
1278.513,2
1278.594,2
1278.675,1
1278.756,3
1278.837,4
1278.917,5
1278.998,8
1279.079,7
1279.16,7
1279.241,7
1279.322,4
1279.403,4
1279.483,5
1279.564,6
1279.645,4
1279.726,4
1279.807,4
1279.888,4
1279.969,5
1280.05,5
1280.131,6
1280.211,8
1280.292,5
1280.373,5
1280.454,4
1280.535,2
1280.616,2
1280.697,3
1280.778,4
1280.859,6
1280.94,5
1281.021,5
1281.102,5
1281.182,6
1281.263,8
1281.344,9
1281.425,11
1281.506,10
1281.587,7
1281.668,6
1281.749,4
1281.83,5
1281.911,6
1281.992,7
1282.073,8
1282.154,11
1282.235,8
1282.316,10
1282.397,7
1282.478,8
1282.559,8
1282.64,6
1282.721,6
1282.802,2
1282.883,3
1282.964,4
1283.045,4
1283.125,5
1283.206,8
1283.287,9
1283.368,8
1283.449,7
1283.53,4
1283.611,2
1283.693,2
1283.774,2
1283.855,1
1283.936,1
1284.017,1
1284.098,0
1284.179,0
1284.26,0
1284.341,0
1284.422,0
1284.503,1
1284.584,1
1284.665,1
1284.746,2
1284.827,3
1284.908,3
1284.989,3
1285.07,4
1285.151,3
1285.232,3
1285.313,3
1285.394,1
1285.475,0
1285.556,3
1285.637,3
1285.719,4
1285.8,4
1285.881,2
1285.962,2
1286.043,2
1286.124,2
1286.205,4
1286.286,5
1286.367,5
1286.448,7
1286.529,4
1286.611,6
1286.692,6
1286.773,4
1286.854,4
1286.935,3
1287.016,2
1287.097,2
1287.178,2
1287.259,0
1287.341,1
1287.422,1
1287.503,1
1287.584,1
1287.665,1
1287.746,3
1287.827,4
1287.909,5
1287.99,5
1288.071,6
1288.152,6
1288.233,6
1288.314,8
1288.395,6
1288.477,7
1288.558,7
1288.639,5
1288.72,3
1288.801,2
1288.882,2
1288.964,2
1289.045,0
1289.126,0
1289.207,0
1289.288,1
1289.37,1
1289.451,1
1289.532,1
1289.613,0
1289.694,0
1289.776,1
1289.857,1
1289.938,4
1290.019,4
1290.1,3
1290.182,5
1290.263,3
1290.344,3
1290.425,3
1290.507,1
1290.588,0
1290.669,0
1290.75,0
1290.831,1
1290.913,3
1290.994,5
1291.075,9
1291.156,9
1291.238,8
1291.319,7
1291.4,5
1291.481,5
1291.563,9
1291.644,8
1291.725,6
1291.807,5
1291.888,0
1291.969,0
1292.05,0
1292.132,0
1292.213,0
1292.294,0
1292.376,0
1292.457,1
1292.538,1
1292.619,1
1292.701,1
1292.782,0
1292.863,0
1292.945,0
1293.026,3
1293.107,4
1293.189,5
1293.27,6
1293.351,7
1293.432,6
1293.514,5
1293.595,7
1293.676,3
1293.758,6
1293.839,6
1293.92,5
1294.002,6
1294.083,3
1294.164,3
1294.246,1
1294.327,1
1294.409,1
1294.49,1
1294.571,1
1294.653,0
1294.734,0
1294.815,0
1294.897,0
1294.978,3
1295.059,3
1295.141,3
1295.222,3
1295.304,0
1295.385,0
1295.466,1
1295.548,2
1295.629,2
1295.711,3
1295.792,2
1295.873,1
1295.955,1
1296.036,0
1296.118,0
1296.199,0
1296.28,0
1296.362,0
1296.443,1
1296.525,1
1296.606,1
1296.687,1
1296.769,3
1296.85,3
1296.932,3
1297.013,3
1297.095,2
1297.176,2
1297.258,2
1297.339,2
1297.42,2
1297.502,4
1297.583,6
1297.665,11
1297.746,9
1297.828,7
1297.909,5
1297.991,1
1298.072,1
1298.154,1
1298.235,1
1298.317,0
1298.398,0
1298.479,0
1298.561,0
1298.642,0
1298.724,2
1298.805,2
1298.887,2
1298.968,2
1299.05,3
1299.131,3
1299.213,3
1299.294,3
1299.376,0
1299.457,1
1299.539,1
1299.621,1
1299.702,1
1299.784,2
1299.865,5
1299.947,5
1300.028,6
1300.11,4
1300.191,4
1300.273,4
1300.354,3
1300.436,3
1300.517,2
1300.599,2
1300.68,4
1300.762,4
1300.844,4
1300.925,5
1301.007,3
1301.088,3
1301.17,1
1301.251,1
1301.333,1
1301.415,1
1301.496,2
1301.578,1
1301.659,2
1301.741,3
1301.823,2
1301.904,3
1301.986,2
1302.067,6
1302.149,6
1302.23,6
1302.312,6
1302.394,2
1302.475,2
1302.557,1
1302.639,1
1302.72,0
1302.802,0
1302.883,0
1302.965,1
1303.047,2
1303.128,3
1303.21,4
1303.292,5
1303.373,4
1303.455,3
1303.536,2
1303.618,1
1303.7,2
1303.781,3
1303.863,5
1303.945,5
1304.026,5
1304.108,5
1304.19,1
1304.271,1
1304.353,1
1304.435,1
1304.516,3
1304.598,3
1304.68,6
1304.761,6
1304.843,4
1304.925,5
1305.007,4
1305.088,5
1305.17,4
1305.252,3
1305.333,1
1305.415,4
1305.497,3
1305.578,2
1305.66,1
1305.742,0
1305.824,1
1305.905,1
1305.987,1
1306.069,2
1306.15,1
1306.232,1
1306.314,1
1306.396,0
1306.477,0
1306.559,1
1306.641,1
1306.723,3
1306.804,3
1306.886,2
1306.968,3
1307.05,1
1307.131,1
1307.213,1
1307.295,0
1307.377,5
1307.458,5
1307.54,5
1307.622,5
1307.704,3
1307.786,3
1307.867,3
1307.949,3
1308.031,0
1308.113,1
1308.195,2
1308.276,2
1308.358,2
1308.44,1
1308.522,3
1308.604,3
1308.685,3
1308.767,3
1308.849,0
1308.931,2
1309.013,3
1309.094,3
1309.176,4
1309.258,4
1309.34,3
1309.422,3
1309.504,2
1309.585,2
1309.667,2
1309.749,3
1309.831,4
1309.913,2
1309.995,2
1310.076,1
1310.158,0
1310.24,1
1310.322,1
1310.404,1
1310.486,1
1310.568,1
1310.649,3
1310.731,3
1310.813,3
1310.895,6
1310.977,4
1311.059,4
1311.141,4
1311.223,0
1311.305,0
1311.386,1
1311.468,1
1311.55,1
1311.632,1
1311.714,0
1311.796,2
1311.878,2
1311.96,3
1312.042,4
1312.124,2
1312.206,2
1312.287,3
1312.369,2
1312.451,2
1312.533,3
1312.615,1
1312.697,1
1312.779,1
1312.861,1
1312.943,1
1313.025,4
1313.107,4
1313.189,3
1313.271,3
1313.353,2
1313.435,2
1313.517,2
1313.599,2
1313.681,0
1313.763,0
1313.844,0
1313.926,0
1314.008,0
1314.09,0
1314.172,0
1314.254,3
1314.336,4
1314.418,4
1314.5,4
1314.582,3
1314.664,2
1314.746,2
1314.828,2
1314.91,2
1314.992,2
1315.074,2
1315.156,2
1315.238,4
1315.32,4
1315.402,4
1315.484,4
1315.566,2
1315.649,2
1315.731,2
1315.813,2
1315.895,1
1315.977,2
1316.059,2
1316.141,2
1316.223,1
1316.305,1
1316.387,1
1316.469,1
1316.551,1
1316.633,0
1316.715,0
1316.797,0
1316.879,0
1316.961,0
1317.043,0
1317.125,0
1317.208,0
1317.29,0
1317.372,0
1317.454,0
1317.536,1
1317.618,2
1317.7,2
1317.782,2
1317.864,2
1317.946,2
1318.029,2
1318.111,2
1318.193,1
1318.275,0
1318.357,0
1318.439,0
1318.521,3
1318.603,3
1318.685,6
1318.768,8
1318.85,6
1318.932,6
1319.014,8
1319.096,5
1319.178,3
1319.26,2
1319.343,0
1319.425,2
1319.507,3
1319.589,3
1319.671,3
1319.753,3
1319.835,8
1319.918,8
1320,8
1320.082,6
1320.164,1
1320.246,1
1320.329,3
1320.411,3
1320.493,3
1320.575,3
1320.657,3
1320.739,4
1320.822,4
1320.904,6
1320.986,5
1321.068,5
1321.15,5
1321.233,1
1321.315,2
1321.397,5
1321.479,6
1321.561,5
1321.644,4
1321.726,3
1321.808,2
1321.89,2
1321.973,4
1322.055,2
1322.137,2
1322.219,3
1322.302,3
1322.384,3
1322.466,3
1322.548,4
1322.631,3
1322.713,4
1322.795,5
1322.877,5
1322.96,5
1323.042,5
1323.124,2
1323.206,1
1323.289,1
1323.371,1
1323.453,0
1323.535,0
1323.618,0
1323.7,0
1323.782,0
1323.865,0
1323.947,1
1324.029,1
1324.112,1
1324.194,1
1324.276,1
1324.358,3
1324.441,4
1324.523,6
1324.605,9
1324.688,12
1324.77,12
1324.852,11
1324.935,7
1325.017,4
1325.099,3
1325.182,2
1325.264,2
1325.346,0
1325.429,2
1325.511,2
1325.593,3
1325.676,3
1325.758,1
1325.84,1
1325.923,0
1326.005,3
1326.087,3
1326.17,3
1326.252,3
1326.335,2
1326.417,5
1326.499,6
1326.582,10
1326.664,8
1326.746,6
1326.829,6
1326.911,3
1326.994,4
1327.076,5
1327.158,7
1327.241,7
1327.323,4
1327.406,3
1327.488,1
1327.57,1
1327.653,0
1327.735,0
1327.818,2
1327.9,2
1327.982,2
1328.065,2
1328.147,0
1328.23,0
1328.312,0
1328.395,0
1328.477,1
1328.559,3
1328.642,3
1328.724,4
1328.807,3
1328.889,1
1328.972,1
1329.054,3
1329.137,3
1329.219,3
1329.302,3
1329.384,5
1329.466,4
1329.549,3
1329.631,2
1329.714,1
1329.796,1
1329.879,3
1329.961,3
1330.044,2
1330.126,2
1330.209,0
1330.291,0
1330.374,1
1330.456,2
1330.539,2
1330.621,3
1330.704,3
1330.786,3
1330.869,5
1330.951,6
1331.034,5
1331.116,4
1331.199,3
1331.281,3
1331.364,3
1331.446,3
1331.529,2
1331.612,0
1331.694,3
1331.777,3
1331.859,3
1331.942,4
1332.024,4
1332.107,4
1332.189,4
1332.272,3
1332.354,3
1332.437,3
1332.52,3
1332.602,3
1332.685,0
1332.767,1
1332.85,2
1332.932,3
1333.015,9
1333.098,8
1333.18,11
1333.263,10
1333.345,4
1333.428,4
1333.511,0
1333.593,0
1333.676,0
1333.758,0
1333.841,0
1333.924,0
1334.006,2
1334.089,2
1334.171,2
1334.254,2
1334.337,0
1334.419,0
1334.502,0
1334.584,0
1334.667,0
1334.75,0
1334.832,0
1334.915,0
1334.998,2
1335.08,3
1335.163,3
1335.246,3
1335.328,4
1335.411,6
1335.494,6
1335.576,8
1335.659,6
1335.742,5
1335.824,6
1335.907,7
1335.99,7
1336.072,6
1336.155,6
1336.238,6
1336.32,6
1336.403,6
1336.486,4
1336.568,2
1336.651,2
1336.734,2
1336.816,2
1336.899,2
1336.982,2
1337.065,2
1337.147,1
1337.23,1
1337.313,1
1337.395,1
1337.478,0
1337.561,0
1337.644,0
1337.726,0
1337.809,0
1337.892,1
1337.975,2
1338.057,2
1338.14,2
1338.223,1
1338.305,0
1338.388,0
1338.471,1
1338.554,2
1338.636,3
1338.719,6
1338.802,6
1338.885,5
1338.968,5
1339.05,3
1339.133,2
1339.216,2
1339.299,2
1339.381,1
1339.464,1
1339.547,1
1339.63,0
1339.713,0
1339.795,0
1339.878,0
1339.961,2
1340.044,3
1340.127,4
1340.209,5
1340.292,3
1340.375,3
1340.458,3
1340.541,2
1340.623,2
1340.706,2
1340.789,2
1340.872,2
1340.955,3
1341.038,3
1341.12,5
1341.203,5
1341.286,5
1341.369,5
1341.452,2
1341.535,2
1341.617,1
1341.7,0
1341.783,0
1341.866,0
1341.949,0
1342.032,0
1342.115,1
1342.197,1
1342.28,1
1342.363,1
1342.446,0
1342.529,0
1342.612,0
1342.695,0
1342.778,3
1342.861,3
1342.943,3
1343.026,3
1343.109,0
1343.192,0
1343.275,0
1343.358,0
1343.441,0
1343.524,0
1343.607,0
1343.69,0
1343.772,1
1343.855,1
1343.938,1
1344.021,4
1344.104,4
1344.187,4
1344.27,4
1344.353,3
1344.436,2
1344.519,2
1344.602,3
1344.685,2
1344.768,3
1344.851,6
1344.934,5
1345.017,4
1345.099,3
1345.182,0
1345.265,0
1345.348,2
1345.431,2
1345.514,2
1345.597,2
1345.68,0
1345.763,0
1345.846,0
1345.929,0
1346.012,0
1346.095,2
1346.178,2
1346.261,4
1346.344,4
1346.427,3
1346.51,3
1346.593,3
1346.676,3
1346.759,2
1346.842,2
1346.925,0
1347.008,0
1347.091,0
1347.174,0
1347.257,0
1347.34,0
1347.423,0
1347.506,0
1347.589,0
1347.673,0
1347.756,0
1347.839,0
1347.922,1
1348.005,3
1348.088,5
1348.171,7
1348.254,8
1348.337,9
1348.42,8
1348.503,4
1348.586,3
1348.669,2
1348.752,2
1348.835,1
1348.918,1
1349.002,0
1349.085,0
1349.168,0
1349.251,2
1349.334,2
1349.417,2
1349.5,4
1349.583,4
1349.666,5
1349.749,6
1349.832,7
1349.916,10
1349.999,10
1350.082,10
1350.165,12
1350.248,8
1350.331,9
1350.414,9
1350.497,4
1350.581,3
1350.664,1
1350.747,0
1350.83,0
1350.913,0
1350.996,0
1351.079,0
1351.163,0
1351.246,1
1351.329,4
1351.412,4
1351.495,4
1351.578,5
1351.662,2
1351.745,2
1351.828,2
1351.911,0
1351.994,1
1352.077,1
1352.161,1
1352.244,1
1352.327,0
1352.41,0
1352.493,4
1352.577,4
1352.66,5
1352.743,5
1352.826,1
1352.909,1
1352.993,2
1353.076,2
1353.159,2
1353.242,2
1353.325,0
1353.409,0
1353.492,3
1353.575,3
1353.658,3
1353.742,4
1353.825,2
1353.908,3
1353.991,5
1354.074,4
1354.158,4
1354.241,4
1354.324,3
1354.407,3
1354.491,2
1354.574,1
1354.657,2
1354.74,2
1354.824,2
1354.907,2
1354.99,0
1355.074,0
1355.157,0
1355.24,0
1355.323,2
1355.407,5
1355.49,5
1355.573,5
1355.657,3
1355.74,1
1355.823,1
1355.906,1
1355.99,1
1356.073,2
1356.156,2
1356.24,2
1356.323,3
1356.406,6
1356.49,6
1356.573,6
1356.656,5
1356.74,0
1356.823,1
1356.906,1
1356.99,1
1357.073,1
1357.156,0
1357.24,0
1357.323,0
1357.406,0
1357.49,0
1357.573,0
1357.656,0
1357.74,0
1357.823,0
1357.906,0
1357.99,0
1358.073,3
1358.156,3
1358.24,6
1358.323,6
1358.407,3
1358.49,4
1358.573,1
1358.657,1
1358.74,1
1358.823,0
1358.907,0
1358.99,0
1359.074,1
1359.157,1
1359.24,1
1359.324,2
1359.407,3
1359.491,3
1359.574,3
1359.658,5
1359.741,3
1359.824,3
1359.908,3
1359.991,1
1360.075,1
1360.158,1
1360.242,1
1360.325,1
1360.408,1
1360.492,1
1360.575,2
1360.659,3
1360.742,4
1360.826,6
1360.909,5
1360.993,3
1361.076,6
1361.159,4
1361.243,5
1361.326,5
1361.41,1
1361.493,3
1361.577,2
1361.66,2
1361.744,2
1361.827,2
1361.911,2
1361.994,2
1362.078,2
1362.161,2
1362.245,2
1362.328,2
1362.412,2
1362.495,0
1362.579,0
1362.662,0
1362.746,0
1362.829,0
1362.913,0
1362.996,0
1363.08,0
1363.163,0
1363.247,0
1363.33,0
1363.414,0
1363.497,0
1363.581,1
1363.665,1
1363.748,1
1363.832,2
1363.915,2
1363.999,3
1364.082,4
1364.166,4
1364.249,5
1364.333,4
1364.417,5
1364.5,4
1364.584,3
1364.667,3
1364.751,1
1364.834,1
1364.918,2
1365.002,2
1365.085,4
1365.169,4
1365.252,4
1365.336,5
1365.42,5
1365.503,6
1365.587,6
1365.67,5
1365.754,3
1365.838,2
1365.921,1
1366.005,1
1366.088,1
1366.172,2
1366.256,1
1366.339,1
1366.423,1
1366.506,0
1366.59,0
1366.674,0
1366.757,0
1366.841,0
1366.925,0
1367.008,0
1367.092,0
1367.176,0
1367.259,0
1367.343,0
1367.427,0
1367.51,0
1367.594,0
1367.678,1
1367.761,5
1367.845,6
1367.929,7
1368.012,8
1368.096,10
1368.18,12
1368.263,13
1368.347,12
1368.431,6
1368.514,3
1368.598,1
1368.682,0
1368.765,0
1368.849,1
1368.933,2
1369.017,2
1369.1,2
1369.184,2
1369.268,1
1369.351,1
1369.435,1
1369.519,0
1369.603,0
1369.686,1
1369.77,1
1369.854,4
1369.938,4
1370.021,3
1370.105,3
1370.189,8
1370.272,7
1370.356,6
1370.44,5
1370.524,1
1370.608,1
1370.691,2
1370.775,2
1370.859,3
1370.943,3
1371.026,2
1371.11,2
1371.194,4
1371.278,3
1371.361,2
1371.445,1
1371.529,0
1371.613,0
1371.697,2
1371.78,2
1371.864,2
1371.948,2
1372.032,0
1372.116,0
1372.199,0
1372.283,0
1372.367,0
1372.451,0
1372.535,0
1372.618,0
1372.702,0
1372.786,0
1372.87,2
1372.954,2
1373.038,2
1373.121,2
1373.205,1
1373.289,1
1373.373,1
1373.457,1
1373.541,0
1373.625,1
1373.708,2
1373.792,3
1373.876,4
1373.96,5
1374.044,5
1374.128,5
1374.212,6
1374.295,4
1374.379,3
1374.463,2
1374.547,1
1374.631,1
1374.715,1
1374.799,1
1374.883,2
1374.966,2
1375.05,2
1375.134,3
1375.218,1
1375.302,1
1375.386,1
1375.47,0
1375.554,0
1375.638,2
1375.722,2
1375.806,5
1375.889,5
1375.973,3
1376.057,3
1376.141,0
1376.225,0
1376.309,0
1376.393,0
1376.477,0
1376.561,0
1376.645,0
1376.729,0
1376.813,3
1376.897,3
1376.981,3
1377.065,3
1377.149,1
1377.233,2
1377.317,3
1377.4,5
1377.484,4
1377.568,3
1377.652,2
1377.736,1
1377.82,1
1377.904,1
1377.988,2
1378.072,1
1378.156,1
1378.24,1
1378.324,0
1378.408,0
1378.492,0
1378.576,0
1378.66,0
1378.744,0
1378.828,0
1378.912,0
1378.996,1
1379.08,2
1379.164,3
1379.248,5
1379.332,5
1379.417,5
1379.501,5
1379.585,2
1379.669,5
1379.753,6
1379.837,7
1379.921,7
1380.005,6
1380.089,5
1380.173,4
1380.257,4
1380.341,2
1380.425,2
1380.509,2
1380.593,0
1380.677,0
1380.761,0
1380.845,0
1380.93,1
1381.014,1
1381.098,3
1381.182,3
1381.266,2
1381.35,2
1381.434,2
1381.518,2
1381.602,2
1381.686,2
1381.77,0
1381.855,0
1381.939,1
1382.023,1
1382.107,1
1382.191,1
1382.275,0
1382.359,0
1382.443,1
1382.527,1
1382.612,1
1382.696,2
1382.78,3
1382.864,5
1382.948,7
1383.032,12
1383.116,11
1383.201,10
1383.285,6
1383.369,1
1383.453,1
1383.537,1
1383.621,0
1383.706,0
1383.79,0
1383.874,0
1383.958,0
1384.042,0
1384.126,0
1384.211,0
1384.295,0
1384.379,0
1384.463,0
1384.547,0
1384.632,0
1384.716,0
1384.8,0
1384.884,0
1384.968,0
1385.053,0
1385.137,0
1385.221,0
1385.305,4
1385.389,4
1385.474,4
1385.558,4
1385.642,1
1385.726,1
1385.81,2
1385.895,2
1385.979,1
1386.063,4
1386.147,4
1386.232,5
1386.316,8
1386.4,5
1386.484,4
1386.569,3
1386.653,2
1386.737,2
1386.821,2
1386.906,2
1386.99,0
1387.074,0
1387.159,0
1387.243,1
1387.327,1
1387.411,2
1387.496,4
1387.58,4
1387.664,4
1387.748,7
1387.833,5
1387.917,3
1388.001,2
1388.086,1
1388.17,0
1388.254,1
1388.339,1
1388.423,1
1388.507,3
1388.592,3
1388.676,3
1388.76,3
1388.844,1
1388.929,0
1389.013,0
1389.097,0
1389.182,0
1389.266,1
1389.35,1
1389.435,1
1389.519,1
1389.603,3
1389.688,3
1389.772,3
1389.857,3
1389.941,0
1390.025,2
1390.11,2
1390.194,2
1390.278,2
1390.363,4
1390.447,4
1390.531,5
1390.616,5
1390.7,1
1390.785,1
1390.869,0
1390.953,0
1391.038,0
1391.122,0
1391.207,0
1391.291,0
1391.375,0
1391.46,1
1391.544,1
1391.629,1
1391.713,1
1391.797,0
1391.882,3
1391.966,3
1392.051,3
1392.135,3
1392.22,4
1392.304,3
1392.388,3
1392.473,5
1392.557,5
1392.642,7
1392.726,8
1392.811,10
1392.895,15
1392.979,13
1393.064,15
1393.148,13
1393.233,9
1393.317,7
1393.402,5
1393.486,4
1393.571,1
1393.655,4
1393.74,5
1393.824,9
1393.909,9
1393.993,7
1394.078,8
1394.162,6
1394.247,4
1394.331,6
1394.416,5
1394.5,4
1394.585,2
1394.669,1
1394.754,1
1394.838,1
1394.923,2
1395.007,1
1395.092,1
1395.176,1
1395.261,0
1395.345,0
1395.43,4
1395.514,4
1395.599,4
1395.683,4
1395.768,0
1395.852,1
1395.937,1
1396.021,3
1396.106,3
1396.191,5
1396.275,5
1396.36,4
1396.444,5
1396.529,3
1396.613,4
1396.698,8
1396.782,9
1396.867,13
1396.952,15
1397.036,14
1397.121,12
1397.205,9
1397.29,8
1397.375,5
1397.459,6
1397.544,4
1397.628,2
1397.713,1
1397.798,0
1397.882,0
1397.967,0
1398.051,0
1398.136,0
1398.221,0
1398.305,1
1398.39,1
1398.474,1
1398.559,1
1398.644,1
1398.728,3
1398.813,3
1398.898,3
1398.982,2
1399.067,0
1399.151,0
1399.236,0
1399.321,0
1399.405,0
1399.49,2
1399.575,3
1399.659,4
1399.744,6
1399.829,7
1399.913,9
1399.998,8
1400.083,6
1400.167,3
1400.252,1
1400.337,1
1400.421,1
1400.506,1
1400.591,0
1400.675,0
1400.76,0
1400.845,0
1400.93,0
1401.014,0
1401.099,0
1401.184,2
1401.268,2
1401.353,5
1401.438,5
1401.522,4
1401.607,4
1401.692,2
1401.777,2
1401.861,1
1401.946,1
1402.031,0
1402.116,0
1402.2,0
1402.285,0
1402.37,0
1402.454,0
1402.539,1
1402.624,3
1402.709,5
1402.793,7
1402.878,11
1402.963,10
1403.048,9
1403.133,9
1403.217,8
1403.302,8
1403.387,8
1403.472,9
1403.556,6
1403.641,7
1403.726,6
1403.811,6
1403.896,5
1403.98,3
1404.065,6
1404.15,3
1404.235,3
1404.319,3
1404.404,0
1404.489,0
1404.574,2
1404.659,5
1404.744,7
1404.828,7
1404.913,8
1404.998,7
1405.083,9
1405.168,9
1405.252,6
1405.337,4
1405.422,3
1405.507,5
1405.592,5
1405.677,5
1405.762,3
1405.846,3
1405.931,4
1406.016,6
1406.101,5
1406.186,3
1406.271,2
1406.355,1
1406.44,1
1406.525,1
1406.61,1
1406.695,1
1406.78,1
1406.865,2
1406.95,3
1407.034,4
1407.119,5
1407.204,5
1407.289,5
1407.374,4
1407.459,1
1407.544,1
1407.629,1
1407.714,1
1407.799,0
1407.883,0
1407.968,2
1408.053,2
1408.138,2
1408.223,2
1408.308,0
1408.393,0
1408.478,3
1408.563,3
1408.648,3
1408.733,3
1408.818,1
1408.903,2
1408.988,3
1409.072,6
1409.157,6
1409.242,6
1409.327,7
1409.412,5
1409.497,5
1409.582,5
1409.667,3
1409.752,3
1409.837,3
1409.922,3
1410.007,0
1410.092,0
1410.177,0
1410.262,0
1410.347,0
1410.432,0
1410.517,2
1410.602,2
1410.687,3
1410.772,4
1410.857,4
1410.942,5
1411.027,7
1411.112,7
1411.197,6
1411.282,6
1411.367,7
1411.452,10
1411.537,13
1411.622,16
1411.707,14
1411.792,14
1411.877,12
1411.962,10
1412.047,9
1412.132,7
1412.217,6
1412.302,2
1412.387,2
1412.472,2
1412.558,2
1412.643,1
1412.728,2
1412.813,2
1412.898,3
1412.983,4
1413.068,4
1413.153,5
1413.238,7
1413.323,7
1413.408,13
1413.493,13
1413.578,14
1413.663,10
1413.749,8
1413.834,6
1413.919,4
1414.004,4
1414.089,5
1414.174,6
1414.259,6
1414.344,5
1414.429,4
1414.514,3
1414.6,1
1414.685,1
1414.77,0
1414.855,0
1414.94,0
1415.025,2
1415.11,3
1415.195,5
1415.281,6
1415.366,5
1415.451,4
1415.536,2
1415.621,1
1415.706,3
1415.792,3
1415.877,6
1415.962,8
1416.047,17
1416.132,17
1416.217,14
1416.302,14
1416.388,9
1416.473,9
1416.558,14
1416.643,17
1416.728,19
1416.814,23
1416.899,22
1416.984,22
1417.069,21
1417.154,17
1417.239,21
1417.325,20
1417.41,17
1417.495,15
1417.58,12
1417.666,7
1417.751,7
1417.836,10
1417.921,7
1418.006,11
1418.092,11
1418.177,11
1418.262,15
1418.347,9
1418.433,8
1418.518,9
1418.603,5
1418.688,7
1418.773,9
1418.859,14
1418.944,20
1419.029,23
1419.114,28
1419.2,26
1419.285,22
1419.37,22
1419.456,17
1419.541,11
1419.626,9
1419.711,2
1419.797,2
1419.882,2
1419.967,4
1420.052,3
1420.138,3
1420.223,4
1420.308,4
1420.394,4
1420.479,4
1420.564,7
1420.65,5
1420.735,5
1420.82,5
1420.905,3
1420.991,5
1421.076,6
1421.161,7
1421.247,5
1421.332,6
1421.417,6
1421.503,6
1421.588,8
1421.673,6
1421.759,10
1421.844,9
1421.929,9
1422.015,8
1422.1,4
1422.185,4
1422.271,2
1422.356,2
1422.441,2
1422.527,4
1422.612,7
1422.698,11
1422.783,15
1422.868,15
1422.954,16
1423.039,14
1423.124,13
1423.21,11
1423.295,6
1423.381,4
1423.466,0
1423.551,0
1423.637,0
1423.722,1
1423.808,1
1423.893,1
1423.978,4
1424.064,3
1424.149,4
1424.235,5
1424.32,3
1424.405,7
1424.491,8
1424.576,9
1424.662,14
1424.747,11
1424.832,9
1424.918,7
1425.003,3
1425.089,2
1425.174,2
1425.26,2
1425.345,1
1425.431,1
1425.516,1
1425.601,1
1425.687,0
1425.772,1
1425.858,1
1425.943,1
1426.029,1
1426.114,0
1426.2,2
1426.285,2
1426.371,2
1426.456,3
1426.542,1
1426.627,1
1426.713,1
1426.798,0
1426.884,0
1426.969,0
1427.055,0
1427.14,0
1427.226,1
1427.311,1
1427.397,3
1427.482,4
1427.568,3
1427.653,4
1427.739,2
1427.824,1
1427.91,1
1427.995,0
1428.081,0
1428.166,0
1428.252,1
1428.337,1
1428.423,1
1428.508,1
1428.594,0
1428.68,0
1428.765,3
1428.851,3
1428.936,3
1429.022,3
1429.107,2
1429.193,4
1429.278,10
1429.364,13
1429.45,15
1429.535,16
1429.621,18
1429.706,18
1429.792,12
1429.877,10
1429.963,3
1430.049,2
1430.134,3
1430.22,3
1430.305,3
1430.391,2
1430.477,0
1430.562,2
1430.648,2
1430.733,2
1430.819,2
1430.905,0
1430.99,0
1431.076,0
1431.161,0
1431.247,0
1431.333,0
1431.418,0
1431.504,3
1431.59,3
1431.675,3
1431.761,3
1431.847,2
1431.932,4
1432.018,6
1432.104,6
1432.189,6
1432.275,4
1432.36,3
1432.446,9
1432.532,10
1432.617,11
1432.703,14
1432.789,9
1432.874,8
1432.96,8
1433.046,5
1433.132,5
1433.217,8
1433.303,7
1433.389,6
1433.474,6
1433.56,3
1433.646,3
1433.731,4
1433.817,3
1433.903,1
1433.989,1
1434.074,1
1434.16,1
1434.246,1
1434.331,1
1434.417,0
1434.503,0
1434.589,0
1434.674,0
1434.76,3
1434.846,3
1434.931,3
1435.017,4
1435.103,3
1435.189,3
1435.274,4
1435.36,4
1435.446,3
1435.532,4
1435.617,5
1435.703,6
1435.789,8
1435.875,9
1435.961,9
1436.046,9
1436.132,8
1436.218,8
1436.304,2
1436.389,2
1436.475,2
1436.561,2
1436.647,1
1436.733,1
1436.818,1
1436.904,1
1436.99,1
1437.076,1
1437.162,2
1437.247,2
1437.333,1
1437.419,1
1437.505,5
1437.591,5
1437.676,5
1437.762,5
1437.848,0
1437.934,0
1438.02,0
1438.106,0
1438.191,1
1438.277,4
1438.363,7
1438.449,10
1438.535,14
1438.621,12
1438.707,11
1438.792,12
1438.878,9
1438.964,8
1439.05,9
1439.136,5
1439.222,5
1439.308,17
1439.393,44
1439.479,107
1439.565,229
1439.651,389
1439.737,554
1439.823,711
1439.909,826
1439.995,862
1440.08,868
1440.166,800
1440.252,696
1440.338,589
1440.424,467
1440.51,415
1440.596,442
1440.682,580
1440.768,752
1440.854,932
1440.94,1083
1441.025,1137
1441.111,1162
1441.197,1080
1441.283,920
1441.369,762
1441.455,620
1441.541,541
1441.627,528
1441.713,588
1441.799,675
1441.885,740
1441.971,802
1442.057,798
1442.143,748
1442.229,677
1442.315,565
1442.401,465
1442.487,380
1442.573,325
1442.659,301
1442.745,310
1442.83,345
1442.916,366
1443.002,374
1443.088,375
1443.174,360
1443.26,331
1443.346,278
1443.432,227
1443.518,175
1443.604,125
1443.69,114
1443.776,111
1443.862,116
1443.948,108
1444.034,114
1444.12,109
1444.206,96
1444.292,89
1444.379,76
1444.465,61
1444.551,48
1444.637,44
1444.723,37
1444.809,38
1444.895,44
1444.981,43
1445.067,34
1445.153,31
1445.239,21
1445.325,20
1445.411,15
1445.497,13
1445.583,15
1445.669,11
1445.755,14
1445.841,18
1445.927,18
1446.013,27
1446.1,31
1446.186,34
1446.272,33
1446.358,27
1446.444,23
1446.53,17
1446.616,18
1446.702,16
1446.788,13
1446.874,10
1446.96,13
1447.047,14
1447.133,11
1447.219,9
1447.305,4
1447.391,4
1447.477,6
1447.563,8
1447.649,14
1447.736,14
1447.822,15
1447.908,13
1447.994,9
1448.08,7
1448.166,10
1448.252,10
1448.338,6
1448.425,7
1448.511,5
1448.597,6
1448.683,7
1448.769,8
1448.855,5
1448.942,6
1449.028,13
1449.114,12
1449.2,15
1449.286,15
1449.372,9
1449.459,6
1449.545,7
1449.631,6
1449.717,5
1449.803,5
1449.89,2
1449.976,2
1450.062,2
1450.148,1
1450.234,0
1450.321,1
1450.407,1
1450.493,2
1450.579,3
1450.665,2
1450.752,2
1450.838,1
1450.924,2
1451.01,2
1451.096,2
1451.183,2
1451.269,2
1451.355,2
1451.441,6
1451.528,7
1451.614,8
1451.7,11
1451.786,14
1451.873,13
1451.959,13
1452.045,12
1452.131,7
1452.218,7
1452.304,7
1452.39,6
1452.476,5
1452.563,5
1452.649,3
1452.735,2
1452.822,4
1452.908,7
1452.994,6
1453.08,6
1453.167,3
1453.253,0
1453.339,1
1453.426,1
1453.512,2
1453.598,2
1453.685,4
1453.771,4
1453.857,3
1453.943,3
1454.03,0
1454.116,0
1454.202,1
1454.289,1
1454.375,1
1454.461,2
1454.548,1
1454.634,1
1454.72,1
1454.807,2
1454.893,2
1454.979,2
1455.066,3
1455.152,1
1455.239,1
1455.325,1
1455.411,2
1455.498,2
1455.584,2
1455.67,2
1455.757,0
1455.843,0
1455.929,0
1456.016,0
1456.102,0
1456.189,3
1456.275,3
1456.361,3
1456.448,3
1456.534,0
1456.621,0
1456.707,1
1456.793,1
1456.88,2
1456.966,6
1457.053,8
1457.139,12
1457.225,12
1457.312,9
1457.398,9
1457.485,7
1457.571,7
1457.657,7
1457.744,5
1457.83,0
1457.917,0
1458.003,1
1458.09,1
1458.176,2
1458.263,3
1458.349,4
1458.435,7
1458.522,8
1458.608,9
1458.695,9
1458.781,5
1458.868,5
1458.954,4
1459.041,7
1459.127,6
1459.214,7
1459.3,4
1459.387,3
1459.473,6
1459.56,9
1459.646,10
1459.733,10
1459.819,7
1459.905,4
1459.992,3
1460.078,1
1460.165,1
1460.251,2
1460.338,3
1460.425,8
1460.511,9
1460.598,9
1460.684,8
1460.771,3
1460.857,2
1460.944,1
1461.03,1
1461.117,1
1461.203,1
1461.29,0
1461.376,0
1461.463,0
1461.549,0
1461.636,0
1461.722,0
1461.809,2
1461.896,6
1461.982,9
1462.069,10
1462.155,11
1462.242,8
1462.328,6
1462.415,6
1462.502,3
1462.588,3
1462.675,3
1462.761,3
1462.848,1
1462.934,2
1463.021,4
1463.108,4
1463.194,4
1463.281,7
1463.367,4
1463.454,3
1463.541,4
1463.627,3
1463.714,3
1463.8,4
1463.887,5
1463.974,7
1464.06,9
1464.147,9
1464.234,9
1464.32,8
1464.407,8
1464.493,8
1464.58,6
1464.667,9
1464.753,4
1464.84,4
1464.927,4
1465.013,3
1465.1,4
1465.187,8
1465.273,9
1465.36,10
1465.447,12
1465.533,17
1465.62,19
1465.707,18
1465.793,17
1465.88,12
1465.967,5
1466.053,4
1466.14,3
1466.227,3
1466.313,2
1466.4,1
1466.487,0
1466.573,0
1466.66,0
1466.747,0
1466.834,2
1466.92,3
1467.007,4
1467.094,5
1467.18,6
1467.267,7
1467.354,7
1467.441,7
1467.527,4
1467.614,5
1467.701,6
1467.787,7
1467.874,5
1467.961,3
1468.048,6
1468.134,6
1468.221,5
1468.308,6
1468.395,2
1468.481,1
1468.568,1
1468.655,0
1468.742,3
1468.828,6
1468.915,6
1469.002,6
1469.089,4
1469.176,3
1469.262,4
1469.349,7
1469.436,7
1469.523,5
1469.609,5
1469.696,7
1469.783,6
1469.87,5
1469.957,3
1470.043,1
1470.13,0
1470.217,0
1470.304,0
1470.391,2
1470.477,3
1470.564,3
1470.651,3
1470.738,4
1470.825,4
1470.912,4
1470.998,4
1471.085,1
1471.172,0
1471.259,0
1471.346,0
1471.433,0
1471.519,0
1471.606,0
1471.693,0
1471.78,0
1471.867,0
1471.954,0
1472.041,0
1472.127,0
1472.214,2
1472.301,2
1472.388,2
1472.475,3
1472.562,5
1472.649,7
1472.736,8
1472.822,7
1472.909,4
1472.996,4
1473.083,4
1473.17,4
1473.257,3
1473.344,2
1473.431,1
1473.518,2
1473.604,4
1473.691,3
1473.778,3
1473.865,4
1473.952,2
1474.039,2
1474.126,2
1474.213,0
1474.3,0
1474.387,1
1474.474,3
1474.561,4
1474.648,5
1474.735,5
1474.821,6
1474.908,7
1474.995,4
1475.082,4
1475.169,7
1475.256,9
1475.343,8
1475.43,8
1475.517,7
1475.604,3
1475.691,2
1475.778,1
1475.865,0
1475.952,0
1476.039,0
1476.126,0
1476.213,0
1476.3,0
1476.387,1
1476.474,2
1476.561,3
1476.648,4
1476.735,7
1476.822,6
1476.909,6
1476.996,5
1477.083,1
1477.17,2
1477.257,2
1477.344,3
1477.431,6
1477.518,8
1477.605,7
1477.692,6
1477.779,3
1477.866,2
1477.953,3
1478.04,3
1478.127,3
1478.214,1
1478.301,0
1478.388,0
1478.475,0
1478.563,0
1478.65,4
1478.737,4
1478.824,7
1478.911,7
1478.998,7
1479.085,8
1479.172,6
1479.259,9
1479.346,5
1479.433,4
1479.52,6
1479.607,4
1479.694,4
1479.782,4
1479.869,1
1479.956,0
1480.043,1
1480.13,5
1480.217,6
1480.304,9
1480.391,11
1480.478,9
1480.566,10
1480.653,11
1480.74,13
1480.827,12
1480.914,11
1481.001,6
1481.088,2
1481.175,2
1481.263,2
1481.35,0
1481.437,3
1481.524,4
1481.611,5
1481.698,6
1481.785,4
1481.873,4
1481.96,6
1482.047,5
1482.134,4
1482.221,3
1482.308,1
1482.396,1
1482.483,1
1482.57,1
1482.657,3
1482.744,3
1482.831,3
1482.919,3
1483.006,2
1483.093,2
1483.18,2
1483.267,2
1483.355,0
1483.442,0
1483.529,0
1483.616,0
1483.703,0
1483.791,1
1483.878,1
1483.965,1
1484.052,1
1484.14,4
1484.227,4
1484.314,3
1484.401,2
1484.488,2
1484.576,2
1484.663,2
1484.75,2
1484.837,1
1484.925,1
1485.012,2
1485.099,8
1485.186,11
1485.274,10
1485.361,9
1485.448,8
1485.535,5
1485.623,5
1485.71,5
1485.797,1
1485.885,1
1485.972,1
1486.059,4
1486.146,3
1486.234,3
1486.321,5
1486.408,7
1486.496,6
1486.583,6
1486.67,5
1486.757,6
1486.845,7
1486.932,6
1487.019,4
1487.107,1
1487.194,1
1487.281,1
1487.369,2
1487.456,2
1487.543,1
1487.631,1
1487.718,2
1487.805,2
1487.893,2
1487.98,2
1488.067,0
1488.155,1
1488.242,3
1488.329,4
1488.417,4
1488.504,7
1488.591,4
1488.679,3
1488.766,3
1488.854,3
1488.941,7
1489.028,6
1489.116,6
1489.203,5
1489.29,2
1489.378,2
1489.465,3
1489.553,3
1489.64,2
1489.727,2
1489.815,3
1489.902,4
1489.99,4
1490.077,5
1490.164,2
1490.252,2
1490.339,2
1490.427,1
1490.514,4
1490.601,3
1490.689,3
1490.776,6
1490.864,6
1490.951,6
1491.038,6
1491.126,3
1491.213,0
1491.301,0
1491.388,0
1491.476,1
1491.563,1
1491.651,1
1491.738,3
1491.825,8
1491.913,10
1492,13
1492.088,14
1492.175,11
1492.263,11
1492.35,8
1492.438,9
1492.525,6
1492.613,5
1492.7,5
1492.788,5
1492.875,5
1492.963,5
1493.05,9
1493.138,6
1493.225,7
1493.313,7
1493.4,5
1493.488,4
1493.575,3
1493.663,2
1493.75,1
1493.838,3
1493.925,3
1494.013,3
1494.1,2
1494.188,5
1494.275,5
1494.363,6
1494.45,6
1494.538,1
1494.625,1
1494.713,0
1494.8,0
1494.888,2
1494.976,2
1495.063,3
1495.151,3
1495.238,1
1495.326,2
1495.413,2
1495.501,2
1495.588,2
1495.676,1
1495.764,3
1495.851,3
1495.939,3
1496.026,3
1496.114,1
1496.201,1
1496.289,2
1496.377,3
1496.464,6
1496.552,7
1496.639,9
1496.727,11
1496.815,7
1496.902,6
1496.99,5
1497.077,2
1497.165,2
1497.253,2
1497.34,1
1497.428,1
1497.516,2
1497.603,2
1497.691,1
1497.778,2
1497.866,1
1497.954,1
1498.041,1
1498.129,3
1498.217,3
1498.304,3
1498.392,3
1498.48,3
1498.567,5
1498.655,7
1498.743,9
1498.83,8
1498.918,7
1499.006,6
1499.093,5
1499.181,2
1499.269,4
1499.356,4
1499.444,4
1499.532,2
1499.619,2
1499.707,2
1499.795,2
1499.882,2
1499.97,0
1500.058,0
1500.146,0
1500.233,2
1500.321,2
1500.409,2
1500.496,2
1500.584,1
1500.672,1
1500.759,4
1500.847,4
1500.935,3
1501.023,3
1501.11,2
1501.198,2
1501.286,2
1501.374,2
1501.461,3
1501.549,3
1501.637,3
1501.725,4
1501.812,5
1501.9,4
1501.988,7
1502.076,7
1502.163,10
1502.251,13
1502.339,15
1502.427,12
1502.514,7
1502.602,3
1502.69,2
1502.778,2
1502.866,2
1502.953,2
1503.041,0
1503.129,4
1503.217,4
1503.305,4
1503.392,4
1503.48,0
1503.568,2
1503.656,3
1503.744,5
1503.831,10
1503.919,9
1504.007,10
1504.095,9
1504.183,6
1504.27,6
1504.358,3
1504.446,3
1504.534,2
1504.622,3
1504.71,2
1504.797,3
1504.885,8
1504.973,7
1505.061,6
1505.149,9
1505.237,6
1505.325,7
1505.412,10
1505.5,6
1505.588,4
1505.676,3
1505.764,0
1505.852,0
1505.94,0
1506.027,0
1506.115,0
1506.203,0
1506.291,0
1506.379,0
1506.467,0
1506.555,1
1506.643,2
1506.731,3
1506.819,5
1506.906,4
1506.994,3
1507.082,2
1507.17,1
1507.258,1
1507.346,1
1507.434,1
1507.522,0
1507.61,0
1507.698,2
1507.786,2
1507.874,2
1507.961,2
1508.049,1
1508.137,1
1508.225,2
1508.313,3
1508.401,3
1508.489,5
1508.577,5
1508.665,8
1508.753,8
1508.841,7
1508.929,9
1509.017,9
1509.105,8
1509.193,7
1509.281,4
1509.369,0
1509.457,0
1509.545,0
1509.633,0
1509.721,0
1509.809,1
1509.897,3
1509.985,8
1510.073,10
1510.161,13
1510.249,15
1510.337,10
1510.425,8
1510.513,4
1510.601,0
1510.689,1
1510.777,1
1510.865,1
1510.953,1
1511.041,0
1511.129,0
1511.217,5
1511.305,5
1511.393,6
1511.481,7
1511.569,4
1511.657,5
1511.745,5
1511.833,5
1511.921,4
1512.009,2
1512.097,3
1512.185,4
1512.273,5
1512.362,4
1512.45,7
1512.538,6
1512.626,5
1512.714,4
1512.802,0
1512.89,0
1512.978,0
1513.066,0
1513.154,1
1513.242,1
1513.33,1
1513.419,1
1513.507,2
1513.595,2
1513.683,2
1513.771,3
1513.859,3
1513.947,4
1514.035,5
1514.123,6
1514.212,4
1514.3,4
1514.388,3
1514.476,1
1514.564,1
1514.652,0
1514.74,0
1514.828,0
1514.917,0
1515.005,0
1515.093,0
1515.181,0
1515.269,0
1515.357,1
1515.445,1
1515.534,1
1515.622,1
1515.71,0
1515.798,4
1515.886,6
1515.974,6
1516.063,6
1516.151,2
1516.239,1
1516.327,1
1516.415,1
1516.504,1
1516.592,1
1516.68,3
1516.768,4
1516.856,5
1516.945,4
1517.033,4
1517.121,4
1517.209,4
1517.297,5
1517.386,6
1517.474,6
1517.562,6
1517.65,6
1517.738,5
1517.827,7
1517.915,6
1518.003,5
1518.091,3
1518.18,0
1518.268,0
1518.356,0
1518.444,2
1518.533,2
1518.621,3
1518.709,4
1518.797,8
1518.886,9
1518.974,10
1519.062,10
1519.15,5
1519.239,4
1519.327,5
1519.415,5
1519.504,5
1519.592,4
1519.68,4
1519.768,4
1519.857,6
1519.945,4
1520.033,2
1520.122,2
1520.21,4
1520.298,5
1520.386,6
1520.475,7
1520.563,9
1520.651,8
1520.74,7
1520.828,6
1520.916,0
1521.005,1
1521.093,1
1521.181,1
1521.27,1
1521.358,1
1521.446,1
1521.535,1
1521.623,1
1521.711,3
1521.8,3
1521.888,3
1521.976,5
1522.065,3
1522.153,3
1522.241,6
1522.33,8
1522.418,9
1522.506,9
1522.595,9
1522.683,8
1522.772,6
1522.86,6
1522.948,3
1523.037,1
1523.125,1
1523.214,1
1523.302,1
1523.39,1
1523.479,4
1523.567,4
1523.655,5
1523.744,4
1523.832,1
1523.921,1
1524.009,1
1524.098,1
1524.186,1
1524.274,1
1524.363,0
1524.451,0
1524.54,1
1524.628,1
1524.717,1
1524.805,2
1524.893,1
1524.982,1
1525.07,1
1525.159,1
1525.247,1
1525.336,1
1525.424,1
1525.513,0
1525.601,0
1525.689,1
1525.778,2
1525.866,3
1525.955,4
1526.043,8
1526.132,7
1526.22,6
1526.309,5
1526.397,3
1526.486,4
1526.574,5
1526.663,7
1526.751,8
1526.84,10
1526.928,11
1527.017,9
1527.105,9
1527.194,9
1527.282,14
1527.371,12
1527.459,10
1527.548,10
1527.636,9
1527.725,8
1527.813,6
1527.902,3
1527.99,1
1528.079,1
1528.167,1
1528.256,5
1528.344,7
1528.433,7
1528.522,8
1528.61,10
1528.699,8
1528.787,8
1528.876,8
1528.964,3
1529.053,5
1529.141,4
1529.23,4
1529.319,3
1529.407,1
1529.496,2
1529.584,2
1529.673,2
1529.761,2
1529.85,5
1529.939,4
1530.027,4
1530.116,4
1530.204,2
1530.293,2
1530.382,3
1530.47,3
1530.559,1
1530.647,1
1530.736,0
1530.825,2
1530.913,2
1531.002,5
1531.09,5
1531.179,3
1531.268,4
1531.356,3
1531.445,3
1531.534,4
1531.622,3
1531.711,1
1531.8,4
1531.888,9
1531.977,12
1532.065,15
1532.154,13
1532.243,8
1532.331,10
1532.42,8
1532.509,7
1532.597,6
1532.686,2
1532.775,1
1532.863,1
1532.952,3
1533.041,5
1533.129,8
1533.218,10
1533.307,12
1533.395,10
1533.484,9
1533.573,8
1533.662,6
1533.75,9
1533.839,9
1533.928,5
1534.016,4
1534.105,3
1534.194,2
1534.283,2
1534.371,2
1534.46,2
1534.549,2
1534.637,3
1534.726,3
1534.815,4
1534.904,6
1534.992,6
1535.081,6
1535.17,7
1535.259,6
1535.347,5
1535.436,5
1535.525,4
1535.614,4
1535.702,5
1535.791,6
1535.88,5
1535.969,5
1536.057,5
1536.146,4
1536.235,2
1536.324,1
1536.412,0
1536.501,0
1536.59,4
1536.679,4
1536.768,4
1536.856,4
1536.945,4
1537.034,4
1537.123,4
1537.212,7
1537.3,7
1537.389,7
1537.478,7
1537.567,5
1537.656,3
1537.744,5
1537.833,6
1537.922,5
1538.011,3
1538.1,2
1538.189,4
1538.277,5
1538.366,6
1538.455,9
1538.544,6
1538.633,7
1538.722,6
1538.81,2
1538.899,2
1538.988,4
1539.077,4
1539.166,4
1539.255,4
1539.344,6
1539.432,5
1539.521,4
1539.61,3
1539.699,1
1539.788,1
1539.877,2
1539.966,4
1540.055,6
1540.143,6
1540.232,6
1540.321,4
1540.41,1
1540.499,1
1540.588,3
1540.677,3
1540.766,3
1540.855,3
1540.944,0
1541.032,1
1541.121,2
1541.21,2
1541.299,4
1541.388,3
1541.477,5
1541.566,9
1541.655,8
1541.744,8
1541.833,6
1541.922,2
1542.011,1
1542.1,1
1542.189,1
1542.278,1
1542.366,1
1542.455,1
1542.544,4
1542.633,4
1542.722,4
1542.811,4
1542.9,0
1542.989,0
1543.078,0
1543.167,3
1543.256,5
1543.345,5
1543.434,7
1543.523,9
1543.612,6
1543.701,5
1543.79,3
1543.879,1
1543.968,1
1544.057,1
1544.146,0
1544.235,0
1544.324,1
1544.413,1
1544.502,1
1544.591,1
1544.68,0
1544.769,0
1544.858,2
1544.947,2
1545.036,5
1545.125,10
1545.214,8
1545.303,8
1545.392,8
1545.481,6
1545.57,8
1545.66,10
1545.749,11
1545.838,9
1545.927,11
1546.016,8
1546.105,7
1546.194,8
1546.283,6
1546.372,4
1546.461,2
1546.55,2
1546.639,1
1546.728,4
1546.817,5
1546.906,6
1546.996,9
1547.085,7
1547.174,9
1547.263,9
1547.352,7
1547.441,6
1547.53,3
1547.619,1
1547.708,1
1547.797,2
1547.887,3
1547.976,5
1548.065,4
1548.154,3
1548.243,2
1548.332,3
1548.421,5
1548.51,6
1548.6,9
1548.689,7
1548.778,7
1548.867,7
1548.956,9
1549.045,9
1549.134,10
1549.224,11
1549.313,7
1549.402,8
1549.491,11
1549.58,12
1549.669,9
1549.759,10
1549.848,13
1549.937,11
1550.026,10
1550.115,8
1550.205,7
1550.294,6
1550.383,10
1550.472,9
1550.561,5
1550.65,8
1550.74,9
1550.829,9
1550.918,9
1551.007,6
1551.096,1
1551.186,1
1551.275,1
1551.364,1
1551.453,0
1551.543,0
1551.632,0
1551.721,0
1551.81,0
1551.899,0
1551.989,0
1552.078,1
1552.167,1
1552.256,1
1552.346,1
1552.435,0
1552.524,0
1552.613,3
1552.703,4
1552.792,5
1552.881,12
1552.97,12
1553.06,11
1553.149,10
1553.238,7
1553.328,4
1553.417,4
1553.506,4
1553.595,4
1553.685,8
1553.774,9
1553.863,9
1553.953,5
1554.042,2
1554.131,1
1554.22,1
1554.31,2
1554.399,3
1554.488,3
1554.578,3
1554.667,2
1554.756,0
1554.846,0
1554.935,0
1555.024,0
1555.114,0
1555.203,3
1555.292,3
1555.382,5
1555.471,7
1555.56,7
1555.65,9
1555.739,12
1555.828,11
1555.918,9
1556.007,10
1556.096,3
1556.186,3
1556.275,3
1556.364,1
1556.454,1
1556.543,1
1556.633,1
1556.722,1
1556.811,1
1556.901,1
1556.99,1
1557.079,3
1557.169,3
1557.258,3
1557.348,6
1557.437,6
1557.526,6
1557.616,8
1557.705,9
1557.795,7
1557.884,7
1557.973,11
1558.063,8
1558.152,8
1558.242,7
1558.331,10
1558.42,9
1558.51,9
1558.599,9
1558.689,3
1558.778,3
1558.868,3
1558.957,4
1559.047,2
1559.136,3
1559.225,4
1559.315,8
1559.404,12
1559.494,9
1559.583,6
1559.673,3
1559.762,1
1559.852,1
1559.941,2
1560.031,2
1560.12,1
1560.21,1
1560.299,0
1560.388,0
1560.478,0
1560.567,0
1560.657,0
1560.746,0
1560.836,0
1560.925,0
1561.015,0
1561.104,0
1561.194,0
1561.283,0
1561.373,3
1561.462,3
1561.552,3
1561.641,4
1561.731,3
1561.821,3
1561.91,3
1562,2
1562.089,1
1562.179,1
1562.268,2
1562.358,3
1562.447,3
1562.537,6
1562.626,5
1562.716,4
1562.805,3
1562.895,2
1562.985,3
1563.074,3
1563.164,3
1563.253,3
1563.343,2
1563.432,5
1563.522,5
1563.612,3
1563.701,3
1563.791,1
1563.88,6
1563.97,9
1564.059,11
1564.149,13
1564.239,10
1564.328,13
1564.418,12
1564.507,5
1564.597,6
1564.687,6
1564.776,6
1564.866,6
1564.955,7
1565.045,7
1565.135,8
1565.224,7
1565.314,5
1565.404,5
1565.493,2
1565.583,1
1565.672,1
1565.762,2
1565.852,2
1565.941,5
1566.031,6
1566.121,7
1566.21,6
1566.3,6
1566.39,5
1566.479,3
1566.569,4
1566.659,1
1566.748,1
1566.838,1
1566.928,0
1567.017,0
1567.107,0
1567.197,0
1567.286,2
1567.376,3
1567.466,6
1567.555,6
1567.645,5
1567.735,4
1567.825,1
1567.914,1
1568.004,0
1568.094,0
1568.183,0
1568.273,0
1568.363,1
1568.452,5
1568.542,6
1568.632,8
1568.722,8
1568.811,5
1568.901,5
1568.991,4
1569.081,6
1569.17,5
1569.26,5
1569.35,5
1569.44,4
1569.529,4
1569.619,3
1569.709,2
1569.799,0
1569.888,0
1569.978,0
1570.068,0
1570.158,1
1570.247,1
1570.337,3
1570.427,3
1570.517,3
1570.606,3
1570.696,2
1570.786,3
1570.876,4
1570.966,6
1571.055,7
1571.145,9
1571.235,8
1571.325,8
1571.415,6
1571.504,3
1571.594,4
1571.684,3
1571.774,3
1571.864,3
1571.953,1
1572.043,0
1572.133,0
1572.223,1
1572.313,2
1572.403,4
1572.492,6
1572.582,9
1572.672,11
1572.762,10
1572.852,7
1572.942,5
1573.031,4
1573.121,4
1573.211,2
1573.301,1
1573.391,0
1573.481,0
1573.571,0
1573.66,0
1573.75,0
1573.84,1
1573.93,2
1574.02,4
1574.11,10
1574.2,9
1574.29,9
1574.38,12
1574.469,9
1574.559,10
1574.649,10
1574.739,6
1574.829,4
1574.919,1
1575.009,1
1575.099,1
1575.189,1
1575.279,0
1575.368,0
1575.458,0
1575.548,0
1575.638,0
1575.728,0
1575.818,3
1575.908,3
1575.998,3
1576.088,3
1576.178,0
1576.268,1
1576.358,1
1576.448,1
1576.538,1
1576.628,0
1576.718,0
1576.808,0
1576.898,0
1576.987,0
1577.077,1
1577.167,1
1577.257,1
1577.347,1
1577.437,0
1577.527,3
1577.617,3
1577.707,3
1577.797,3
1577.887,0
1577.977,1
1578.067,2
1578.157,2
1578.247,2
1578.337,1
1578.427,0
1578.517,0
1578.607,0
1578.697,3
1578.787,7
1578.877,7
1578.967,7
1579.057,4
1579.147,5
1579.237,7
1579.327,7
1579.418,7
1579.508,2
1579.598,0
1579.688,0
1579.778,0
1579.868,3
1579.958,4
1580.048,5
1580.138,7
1580.228,5
1580.318,5
1580.408,5
1580.498,3
1580.588,3
1580.678,3
1580.768,3
1580.858,0
1580.949,1
1581.039,2
1581.129,2
1581.219,2
1581.309,1
1581.399,0
1581.489,0
1581.579,0
1581.669,0
1581.759,0
1581.849,3
1581.94,3
1582.03,5
1582.12,7
1582.21,4
1582.3,4
1582.39,2
1582.48,1
1582.57,1
1582.661,1
1582.751,1
1582.841,1
1582.931,1
1583.021,1
1583.111,1
1583.201,0
1583.292,0
1583.382,0
1583.472,1
1583.562,2
1583.652,3
1583.742,5
1583.832,4
1583.923,4
1584.013,3
1584.103,2
1584.193,3
1584.283,4
1584.374,5
1584.464,5
1584.554,5
1584.644,4
1584.734,4
1584.824,2
1584.915,3
1585.005,4
1585.095,6
1585.185,5
1585.275,5
1585.366,5
1585.456,5
1585.546,4
1585.636,3
1585.727,3
1585.817,1
1585.907,1
1585.997,2
1586.087,1
1586.178,1
1586.268,1
1586.358,0
1586.448,0
1586.539,0
1586.629,1
1586.719,1
1586.809,1
1586.9,1
1586.99,0
1587.08,1
1587.17,1
1587.261,1
1587.351,1
1587.441,0
1587.531,1
1587.622,1
1587.712,2
1587.802,3
1587.893,3
1587.983,5
1588.073,4
1588.163,3
1588.254,2
1588.344,1
1588.434,1
1588.525,1
1588.615,1
1588.705,2
1588.796,2
1588.886,2
1588.976,4
1589.066,2
1589.157,2
1589.247,2
1589.337,0
1589.428,0
1589.518,0
1589.608,0
1589.699,0
1589.789,3
1589.879,3
1589.97,3
1590.06,3
1590.15,1
1590.241,4
1590.331,6
1590.422,6
1590.512,6
1590.602,9
1590.693,7
1590.783,7
1590.873,5
1590.964,2
1591.054,1
1591.144,0
1591.235,0
1591.325,1
1591.416,2
1591.506,2
1591.596,2
1591.687,1
1591.777,0
1591.868,0
1591.958,1
1592.048,1
1592.139,2
1592.229,2
1592.32,1
1592.41,1
1592.5,0
1592.591,0
1592.681,0
1592.772,2
1592.862,2
1592.953,2
1593.043,3
1593.133,7
1593.224,7
1593.314,8
1593.405,7
1593.495,2
1593.586,3
1593.676,3
1593.767,4
1593.857,7
1593.947,7
1594.038,7
1594.128,6
1594.219,3
1594.309,4
1594.4,4
1594.49,3
1594.581,5
1594.671,8
1594.762,7
1594.852,5
1594.943,3
1595.033,2
1595.124,2
1595.214,1
1595.305,2
1595.395,2
1595.486,2
1595.576,2
1595.667,2
1595.757,3
1595.848,3
1595.938,4
1596.029,3
1596.119,3
1596.21,4
1596.3,6
1596.391,6
1596.481,6
1596.572,6
1596.662,3
1596.753,6
1596.843,7
1596.934,7
1597.025,6
1597.115,6
1597.206,5
1597.296,5
1597.387,3
1597.477,0
1597.568,0
1597.658,0
1597.749,0
1597.84,0
1597.93,0
1598.021,3
1598.111,3
1598.202,3
1598.292,3
1598.383,1
1598.474,2
1598.564,3
1598.655,3
1598.745,2
1598.836,1
1598.927,0
1599.017,0
1599.108,0
1599.198,0
1599.289,0
1599.38,0
1599.47,0
1599.561,1
1599.652,2
1599.742,4
1599.833,5
1599.923,6
1600.014,5
1600.105,5
1600.195,6
1600.286,4
1600.377,7
1600.467,5
1600.558,3
