mz,abundance
700.026,0
700.086,0
700.146,2
700.205,2
700.265,2
700.324,5
700.384,5
700.443,6
700.503,7
700.563,9
700.622,8
700.682,7
700.741,6
700.801,3
700.861,2
700.92,2
700.98,2
701.039,0
701.099,0
701.159,0
701.218,0
701.278,0
701.338,1
701.397,1
701.457,1
701.516,1
701.576,0
701.636,0
701.695,0
701.755,0
701.815,0
701.874,0
701.934,1
701.993,2
702.053,3
702.113,3
702.172,2
702.232,1
702.292,0
702.351,0
702.411,0
702.471,0
702.53,0
702.59,0
702.65,0
702.709,0
702.769,0
702.829,0
702.889,0
702.948,3
703.008,3
703.068,3
703.127,3
703.187,2
703.247,2
703.306,2
703.366,2
703.426,0
703.486,1
703.545,1
703.605,1
703.665,2
703.724,4
703.784,4
703.844,5
703.904,5
703.963,2
704.023,2
704.083,1
704.143,4
704.202,4
704.262,4
704.322,4
704.381,1
704.441,1
704.501,1
704.561,1
704.621,1
704.68,1
704.74,1
704.8,1
704.86,0
704.919,0
704.979,1
705.039,2
705.099,3
705.158,6
705.218,6
705.278,6
705.338,7
705.398,4
705.457,4
705.517,4
705.577,3
705.637,0
705.697,0
705.756,0
705.816,0
705.876,0
705.936,0
705.996,0
706.056,0
706.115,0
706.175,0
706.235,1
706.295,1
706.355,1
706.415,1
706.474,0
706.534,0
706.594,0
706.654,0
706.714,1
706.774,6
706.833,6
706.893,6
706.953,5
707.013,0
707.073,0
707.133,0
707.193,0
707.253,0
707.312,0
707.372,0
707.432,1
707.492,1
707.552,1
707.612,1
707.672,0
707.732,0
707.791,0
707.851,0
707.911,0
707.971,0
708.031,0
708.091,0
708.151,0
708.211,1
708.271,1
708.331,3
708.391,3
708.451,2
708.51,2
708.57,2
708.63,3
708.69,3
708.75,3
708.81,1
708.87,0
708.93,0
708.99,1
709.05,2
709.11,3
709.17,7
709.23,7
709.29,6
709.35,5
709.41,1
709.47,4
709.53,4
709.59,4
709.65,4
709.71,1
709.769,2
709.829,2
709.889,2
709.949,1
710.009,0
710.069,0
710.129,0
710.189,0
710.249,0
710.309,0
710.369,0
710.429,0
710.489,0
710.549,0
710.609,0
710.67,0
710.73,1
710.79,1
710.85,1
710.91,1
710.97,0
711.03,0
711.09,0
711.15,0
711.21,0
711.27,0
711.33,0
711.39,0
711.45,0
711.51,0
711.57,0
711.63,0
711.69,0
711.75,0
711.81,1
711.87,1
711.931,2
711.991,2
712.051,3
712.111,3
712.171,2
712.231,2
712.291,0
712.351,0
712.411,0
712.471,1
712.531,2
712.591,2
712.652,3
712.712,2
712.772,1
712.832,2
712.892,3
712.952,4
713.012,8
713.072,7
713.133,6
713.193,5
713.253,2
713.313,2
713.373,1
713.433,1
713.493,1
713.553,1
713.614,1
713.674,1
713.734,0
713.794,0
713.854,0
713.914,0
713.975,0
714.035,0
714.095,0
714.155,0
714.215,2
714.275,2
714.336,2
714.396,3
714.456,2
714.516,2
714.576,2
714.636,1
714.697,4
714.757,4
714.817,4
714.877,5
714.937,1
714.998,1
715.058,1
715.118,0
715.178,0
715.238,0
715.299,0
715.359,0
715.419,0
715.479,0
715.54,1
715.6,1
715.66,1
715.72,1
715.781,0
715.841,0
715.901,2
715.961,2
716.021,2
716.082,3
716.142,1
716.202,1
716.263,1
716.323,0
716.383,0
716.443,0
716.504,0
716.564,1
716.624,1
716.684,1
716.745,2
716.805,1
716.865,1
716.926,1
716.986,0
717.046,0
717.106,2
717.167,2
717.227,2
717.287,2
717.348,2
717.408,3
717.468,4
717.529,5
717.589,5
717.649,5
717.709,5
717.77,6
717.83,3
717.89,3
717.951,3
718.011,2
718.071,0
718.132,0
718.192,0
718.252,0
718.313,0
718.373,1
718.434,1
718.494,1
718.554,1
718.615,0
718.675,0
718.735,0
718.796,3
718.856,3
718.916,3
718.977,3
719.037,1
719.098,1
719.158,1
719.218,1
719.279,0
719.339,0
719.399,0
719.46,0
719.52,3
719.581,28
719.641,57
719.701,86
719.762,118
719.822,161
719.883,197
719.943,234
720.004,272
720.064,229
720.124,188
720.185,147
720.245,99
720.306,82
720.366,66
720.426,51
720.487,34
720.547,48
720.608,63
720.668,76
720.729,95
720.789,126
720.85,154
720.91,182
720.971,212
721.031,183
721.091,156
721.152,130
721.212,98
721.273,81
721.333,68
721.394,56
721.454,41
721.515,42
721.575,44
721.636,44
721.696,48
721.757,61
721.817,71
721.878,81
721.938,94
721.999,81
722.059,71
722.12,61
722.18,47
722.241,38
722.301,32
722.362,26
722.422,20
722.483,17
722.543,14
722.604,11
722.664,7
722.725,13
722.785,21
722.846,27
722.907,34
722.967,34
723.028,33
723.088,33
723.149,30
723.209,25
723.27,19
723.33,14
723.391,12
723.452,12
723.512,12
723.573,12
723.633,12
723.694,12
723.754,12
723.815,12
723.876,7
723.936,7
723.997,7
724.057,7
724.118,5
724.178,5
724.239,5
724.3,5
724.36,4
724.421,4
724.481,4
724.542,4
724.603,2
724.663,3
724.724,4
724.785,5
724.845,9
724.906,8
724.966,7
725.027,6
725.088,4
725.148,4
725.209,4
725.27,4
725.33,4
725.391,4
725.452,4
725.512,4
725.573,6
725.633,6
725.694,6
725.755,6
725.815,4
725.876,4
725.937,4
725.997,4
726.058,5
726.119,5
726.18,5
726.24,5
726.301,6
726.362,5
726.422,4
726.483,3
726.544,1
726.604,1
726.665,1
726.726,1
726.786,1
726.847,1
726.908,1
726.969,1
727.029,2
727.09,2
727.151,2
727.211,2
727.272,0
727.333,0
727.394,1
727.454,2
727.515,3
727.576,4
727.637,3
727.697,2
727.758,1
727.819,0
727.88,1
727.94,1
728.001,1
728.062,1
728.123,0
728.183,0
728.244,1
728.305,1
728.366,1
728.426,1
728.487,1
728.548,1
728.609,1
728.67,1
728.73,0
728.791,0
728.852,0
728.913,0
728.974,0
729.034,1
729.095,1
729.156,1
729.217,1
729.278,0
729.338,0
729.399,0
729.46,0
729.521,0
729.582,0
729.642,0
729.703,0
729.764,1
729.825,1
729.886,1
729.947,2
730.007,1
730.068,2
730.129,2
730.19,4
730.251,4
730.312,3
730.373,3
730.433,0
730.494,0
730.555,0
730.616,0
730.677,0
730.738,1
730.799,1
730.859,1
730.92,1
730.981,0
731.042,0
731.103,0
731.164,0
731.225,0
731.286,0
731.347,0
731.407,0
731.468,0
731.529,0
731.59,2
731.651,4
731.712,4
731.773,5
731.834,3
731.895,1
731.956,1
732.017,0
732.078,0
732.138,2
732.199,2
732.26,2
732.321,2
732.382,0
732.443,0
732.504,0
732.565,0
732.626,1
732.687,1
732.748,2
732.809,2
732.87,1
732.931,2
732.992,1
733.053,1
733.114,1
733.175,1
733.236,1
733.297,1
733.358,4
733.419,3
733.48,3
733.541,4
733.602,1
733.663,1
733.724,1
733.785,0
733.846,0
733.907,0
733.968,0
734.029,0
734.09,0
734.151,1
734.212,1
734.273,1
734.334,3
734.395,2
734.456,2
734.517,2
734.578,1
734.639,1
734.7,1
734.761,1
734.822,3
734.883,3
734.944,3
735.005,3
735.066,0
735.127,0
735.188,0
735.249,0
735.31,1
735.371,1
735.433,1
735.494,1
735.555,0
735.616,0
735.677,0
735.738,0
735.799,2
735.86,2
735.921,2
735.982,2
736.043,1
736.104,1
736.166,2
736.227,2
736.288,1
736.349,3
736.41,3
736.471,4
736.532,7
736.593,7
736.654,8
736.716,9
736.777,6
736.838,5
736.899,4
736.96,3
737.021,0
737.082,0
737.143,0
737.205,0
737.266,0
737.327,1
737.388,3
737.449,3
737.51,3
737.572,2
737.633,0
737.694,0
737.755,0
737.816,1
737.877,2
737.939,3
738.00,4
738.061,3
738.122,2
738.183,1
738.244,0
738.306,0
738.367,0
738.428,0
738.489,0
738.55,0
738.612,0
738.673,0
738.734,2
738.795,2
738.856,2
738.918,2
738.979,0
739.04,0
739.101,0
739.163,0
739.224,0
739.285,0
739.346,0
739.407,0
739.469,1
739.53,1
739.591,1
739.652,1
739.714,4
739.775,4
739.836,4
739.897,4
739.959,2
740.02,2
740.081,2
740.143,2
740.204,0
740.265,0
740.326,0
740.388,1
740.449,1
740.51,1
740.571,1
740.633,0
740.694,2
740.755,2
740.817,2
740.878,2
740.939,1
741.001,1
741.062,1
741.123,1
741.184,0
741.246,0
741.307,0
741.368,0
741.43,0
741.491,0
741.552,0
741.614,0
741.675,3
741.736,3
741.798,3
741.859,3
741.92,2
741.982,3
742.043,3
742.104,3
742.166,2
742.227,1
742.288,1
742.35,4
742.411,3
742.473,3
742.534,3
742.595,0
742.657,0
742.718,0
742.779,0
742.841,0
742.902,1
742.964,1
743.025,1
743.086,1
743.148,4
743.209,3
743.271,2
743.332,1
743.393,0
743.455,0
743.516,0
743.578,0
743.639,0
743.7,0
743.762,0
743.823,0
743.885,0
743.946,0
744.007,0
744.069,0
744.13,0
744.192,0
744.253,0
744.315,0
744.376,1
744.438,1
744.499,1
744.56,1
744.622,1
744.683,1
744.745,1
744.806,1
744.868,3
744.929,3
744.991,3
745.052,3
745.114,2
745.175,2
745.237,2
745.298,2
745.36,0
745.421,0
745.483,1
745.544,1
745.606,2
745.667,3
745.729,2
745.79,2
745.852,3
745.913,2
745.975,2
746.036,2
746.098,3
746.159,3
746.221,5
746.282,5
746.344,3
746.405,3
746.467,1
746.528,1
746.59,0
746.651,0
746.713,0
746.774,0
746.836,0
746.897,0
746.959,0
747.021,0
747.082,0
747.144,1
747.205,1
747.267,1
747.328,1
747.39,0
747.452,0
747.513,0
747.575,0
747.636,0
747.698,0
747.759,0
747.821,0
747.883,0
747.944,0
748.006,0
748.067,3
748.129,3
748.191,4
748.252,5
748.314,3
748.375,3
748.437,3
748.499,4
748.56,5
748.622,5
748.684,4
748.745,2
748.807,2
748.868,2
748.93,2
748.992,5
749.053,5
749.115,5
749.177,6
749.238,3
749.3,4
749.362,4
749.423,3
749.485,3
749.547,0
749.608,0
749.67,0
749.732,0
749.793,0
749.855,3
749.917,3
749.978,4
750.04,7
750.102,5
750.163,5
750.225,4
750.287,1
750.348,0
750.41,0
750.472,0
750.533,2
750.595,2
750.657,2
750.719,2
750.78,5
750.842,5
750.904,4
750.965,3
751.027,1
751.089,2
751.151,2
751.212,2
751.274,2
751.336,0
751.397,1
751.459,1
751.521,1
751.583,2
751.644,1
751.706,2
751.768,7
751.83,6
751.891,6
751.953,5
752.015,0
752.077,2
752.139,3
752.2,3
752.262,5
752.324,3
752.386,2
752.447,3
752.509,3
752.571,3
752.633,3
752.695,2
752.756,0
752.818,0
752.88,0
752.942,0
753.004,0
753.065,2
753.127,3
753.189,4
753.251,5
753.313,4
753.374,4
753.436,4
753.498,2
753.56,2
753.622,2
753.684,2
753.745,0
753.807,0
753.869,0
753.931,0
753.993,0
754.055,0
754.116,0
754.178,1
754.24,1
754.302,2
754.364,2
754.426,1
754.488,1
754.549,2
754.611,3
754.673,3
754.735,3
754.797,1
754.859,0
754.921,0
754.983,0
755.044,0
755.106,0
755.168,0
755.23,0
755.292,1
755.354,1
755.416,1
755.478,1
755.54,0
755.602,0
755.664,0
755.725,1
755.787,1
755.849,1
755.911,1
755.973,3
756.035,3
756.097,3
756.159,3
756.221,2
756.283,2
756.345,2
756.407,2
756.469,4
756.531,4
756.593,4
756.654,5
756.716,3
756.778,3
756.84,3
756.902,2
756.964,2
757.026,2
757.088,2
757.15,2
757.212,0
757.274,1
757.336,1
757.398,3
757.46,4
757.522,3
757.584,3
757.646,1
757.708,2
757.77,5
757.832,5
757.894,6
757.956,4
758.018,1
758.08,1
758.142,0
758.204,0
758.266,0
758.328,0
758.39,0
758.452,0
758.514,0
758.576,0
758.638,0
758.7,0
758.762,0
758.824,0
758.887,0
758.949,0
759.011,1
759.073,1
759.135,1
759.197,1
759.259,0
759.321,0
759.383,0
759.445,3
759.507,3
759.569,3
759.631,3
759.693,0
759.755,0
759.818,0
759.88,1
759.942,3
760.004,3
760.066,3
760.128,2
760.19,3
760.252,3
760.314,3
760.376,3
760.439,0
760.501,1
760.563,3
760.625,5
760.687,9
760.749,12
760.811,12
760.873,11
760.936,7
760.998,4
761.06,3
761.122,4
761.184,1
761.246,1
761.308,1
761.371,1
761.433,1
761.495,3
761.557,3
761.619,2
761.681,3
761.743,2
761.806,2
761.868,2
761.93,1
761.992,0
762.054,0
762.117,0
762.179,0
762.241,0
762.303,0
762.365,0
762.427,0
762.49,0
762.552,0
762.614,0
762.676,1
762.738,1
762.801,1
762.863,1
762.925,2
762.987,2
763.05,2
763.112,2
763.174,0
763.236,0
763.298,0
763.361,0
763.423,0
763.485,0
763.547,0
763.61,0
763.672,0
763.734,0
763.796,0
763.859,1
763.921,1
763.983,1
764.045,3
764.108,2
764.17,2
764.232,2
764.294,0
764.357,0
764.419,0
764.481,1
764.544,1
764.606,1
764.668,2
764.73,2
764.793,2
764.855,2
764.917,5
764.98,4
765.042,3
765.104,3
765.167,2
765.229,1
765.291,1
765.353,0
765.416,0
765.478,0
765.54,0
765.603,0
765.665,0
765.727,0
765.79,0
765.852,0
765.914,0
765.977,0
766.039,0
766.101,0
766.164,1
766.226,1
766.288,1
766.351,3
766.413,2
766.476,2
766.538,2
766.6,0
766.663,0
766.725,0
766.787,0
766.85,0
766.912,1
766.975,2
767.037,3
767.099,4
767.162,5
767.224,4
767.286,6
767.349,6
767.411,6
767.474,7
767.536,5
767.598,5
767.661,5
767.723,4
767.786,3
767.848,2
767.911,0
767.973,0
768.035,0
768.098,0
768.16,0
768.223,1
768.285,2
768.348,3
768.41,9
768.472,8
768.535,7
768.597,6
768.66,2
768.722,2
768.785,2
768.847,2
768.91,0
768.972,1
769.035,1
769.097,1
769.159,2
769.222,2
769.284,2
769.347,2
769.409,2
769.472,1
769.534,1
769.597,1
769.659,0
769.722,0
769.784,0
769.847,0
769.909,0
769.972,0
770.034,0
770.097,0
770.159,0
770.222,0
770.284,0
770.347,0
770.409,0
770.472,0
770.535,0
770.597,0
770.66,0
770.722,0
770.785,0
770.847,0
770.91,0
770.972,0
771.035,0
771.097,1
771.16,2
771.222,3
771.285,5
771.348,5
771.41,6
771.473,6
771.535,4
771.598,4
771.66,6
771.723,6
771.786,3
771.848,3
771.911,0
771.973,0
772.036,0
772.099,0
772.161,0
772.224,0
772.286,0
772.349,0
772.412,0
772.474,0
772.537,0
772.599,0
772.662,2
772.725,4
772.787,4
772.85,4
772.912,5
772.975,3
773.038,3
773.1,3
773.163,1
773.226,2
773.288,3
773.351,4
773.414,5
773.476,4
773.539,3
773.602,2
773.664,5
773.727,5
773.789,5
773.852,5
773.915,8
773.977,8
774.04,9
774.103,9
774.165,6
774.228,5
774.291,3
774.354,2
774.416,0
774.479,0
774.542,0
774.604,0
774.667,1
774.73,1
774.792,1
774.855,1
774.918,6
774.981,6
775.043,6
775.106,6
775.169,2
775.231,2
775.294,2
775.357,2
775.42,1
775.482,1
775.545,1
775.608,1
775.671,2
775.733,2
775.796,5
775.859,5
775.921,4
775.984,4
776.047,1
776.11,1
776.173,2
776.235,2
776.298,2
776.361,2
776.424,2
776.486,2
776.549,2
776.612,2
776.675,1
776.737,1
776.8,1
776.863,1
776.926,0
776.989,0
777.051,0
777.114,0
777.177,0
777.24,0
777.303,0
777.365,0
777.428,1
777.491,1
777.554,1
777.617,1
777.679,0
777.742,0
777.805,0
777.868,0
777.931,0
777.994,0
778.056,0
778.119,0
778.182,0
778.245,0
778.308,0
778.371,0
778.434,0
778.496,0
778.559,1
778.622,1
778.685,1
778.748,1
778.811,0
778.874,0
778.936,1
778.999,1
779.062,1
779.125,3
779.188,5
779.251,5
779.314,5
779.377,3
779.44,0
779.502,0
779.565,0
779.628,0
779.691,0
779.754,0
779.817,1
779.88,1
779.943,2
780.006,2
780.069,1
780.131,1
780.194,1
780.257,1
780.32,1
780.383,1
780.446,2
780.509,2
780.572,2
780.635,2
780.698,1
780.761,1
780.824,1
780.887,1
780.95,3
781.013,3
781.076,3
781.139,3
781.202,0
781.265,0
781.327,0
781.39,0
781.453,0
781.516,1
781.579,1
781.642,1
781.705,1
781.768,0
781.831,0
781.894,0
781.957,2
782.02,2
782.083,2
782.146,2
782.209,1
782.272,1
782.335,2
782.398,2
782.461,6
782.524,5
782.587,3
782.65,2
782.713,0
782.776,0
782.84,0
782.903,0
782.966,1
783.029,1
783.092,1
783.155,1
783.218,1
783.281,1
783.344,2
783.407,2
783.47,1
783.533,1
783.596,0
783.659,0
783.722,0
783.785,0
783.848,0
783.911,0
783.975,1
784.038,1
784.101,1
784.164,1
784.227,3
784.29,3
784.353,3
784.416,3
784.479,0
784.542,1
784.605,1
784.669,1
784.732,1
784.795,0
784.858,0
784.921,0
784.984,0
785.047,0
785.11,0
785.173,1
785.237,1
785.3,1
785.363,1
785.426,0
785.489,0
785.552,0
785.615,0
785.679,0
785.742,0
785.805,0
785.868,0
785.931,0
785.994,0
786.058,0
786.121,0
786.184,0
786.247,2
786.31,2
786.373,2
786.437,2
786.5,1
786.563,1
786.626,1
786.689,1
786.752,1
786.816,1
786.879,1
786.942,1
787.005,0
787.068,0
787.132,0
787.195,0
787.258,0
787.321,2
787.385,2
787.448,2
787.511,3
787.574,2
787.637,2
787.701,2
787.764,1
787.827,1
787.89,2
787.954,2
788.017,3
788.08,2
788.143,1
788.207,1
788.27,0
788.333,0
788.396,0
788.46,0
788.523,0
788.586,0
788.649,0
788.713,0
788.776,0
788.839,0
788.902,0
788.966,0
789.029,0
789.092,1
789.156,1
789.219,1
789.282,1
789.345,0
789.409,0
789.472,0
789.535,0
789.599,0
789.662,1
789.725,1
789.789,4
789.852,4
789.915,3
789.979,3
790.042,2
790.105,2
790.169,2
790.232,2
790.295,0
790.359,0
790.422,0
790.485,0
790.549,0
790.612,0
790.675,0
790.739,0
790.802,2
790.865,2
790.929,2
790.992,2
791.055,4
791.119,4
791.182,4
791.246,4
791.309,0
791.372,0
791.436,0
791.499,0
791.562,0
791.626,0
791.689,1
791.753,2
791.816,2
791.879,2
791.943,1
792.006,0
792.07,0
792.133,1
792.196,1
792.26,1
792.323,2
792.387,2
792.45,2
792.514,2
792.577,1
792.64,1
792.704,1
792.767,2
792.831,5
792.894,4
792.958,4
793.021,4
793.085,1
793.148,1
793.211,1
793.275,0
793.338,0
793.402,0
793.465,0
793.529,0
793.592,0
793.656,0
793.719,0
793.783,0
793.846,0
793.91,0
793.973,0
794.037,0
794.1,0
794.164,0
794.227,1
794.291,1
794.354,3
794.418,3
794.481,2
794.545,2
794.608,6
794.672,6
794.735,6
794.799,7
794.862,4
794.926,4
794.989,4
795.053,3
795.116,1
795.18,1
795.243,1
795.307,1
795.37,0
795.434,0
795.497,3
795.561,3
795.625,4
795.688,4
795.752,1
795.815,1
795.879,0
795.942,0
796.006,0
796.069,0
796.133,0
796.197,0
796.26,0
796.324,0
796.387,1
796.451,1
796.515,3
796.578,4
796.642,8
796.705,10
796.769,8
796.832,8
796.896,8
796.96,6
797.023,6
797.087,5
797.151,5
797.214,5
797.278,5
797.341,5
797.405,1
797.469,1
797.532,1
797.596,1
797.66,0
797.723,0
797.787,0
797.85,1
797.914,4
797.978,4
798.041,4
798.105,3
798.169,2
798.232,2
798.296,2
798.36,2
798.423,3
798.487,3
798.551,3
798.614,3
798.678,0
798.742,1
798.805,2
798.869,3
798.933,7
798.996,7
799.06,7
799.124,7
799.187,2
799.251,2
799.315,2
799.379,2
799.442,3
799.506,3
799.57,3
799.633,3
799.697,2
799.761,2
799.825,2
799.888,2
799.952,0
800.016,1
800.079,1
800.143,1
800.207,1
800.271,0
800.334,0
800.398,0
800.462,0
800.526,1
800.589,1
800.653,1
800.717,1
800.781,1
800.844,2
800.908,2
800.972,3
801.036,2
801.099,1
801.163,1
801.227,0
801.291,0
801.355,0
801.418,0
801.482,0
801.546,0
801.61,0
801.674,0
801.737,0
801.801,0
801.865,0
801.929,0
801.993,1
802.056,1
802.12,1
802.184,1
802.248,1
802.312,1
802.375,1
802.439,1
802.503,0
802.567,0
802.631,1
802.695,1
802.758,1
802.822,1
802.886,0
802.95,0
803.014,0
803.078,1
803.142,1
803.205,1
803.269,1
803.333,1
803.397,1
803.461,2
803.525,2
803.589,1
803.652,1
803.716,0
803.78,0
803.844,0
803.908,0
803.972,0
804.036,0
804.1,0
804.164,0
804.227,0
804.291,1
804.355,3
804.419,3
804.483,3
804.547,5
804.611,3
804.675,3
804.739,3
804.803,3
804.867,3
804.931,3
804.994,3
805.058,0
805.122,0
805.186,0
805.25,0
805.314,0
805.378,1
805.442,1
805.506,1
805.57,1
805.634,0
805.698,0
805.762,0
805.826,0
805.89,1
805.954,1
806.018,1
806.082,1
806.146,0
806.21,0
806.274,0
806.338,0
806.402,0
806.466,0
806.529,0
806.593,2
806.657,2
806.721,2
806.785,2
806.849,0
806.913,0
806.977,0
807.042,0
807.106,0
807.17,2
807.234,2
807.298,2
807.362,2
807.426,0
807.49,1
807.554,1
807.618,1
807.682,1
807.746,0
807.81,0
807.874,0
807.938,0
808.002,0
808.066,0
808.13,3
808.194,3
808.258,4
808.322,5
808.386,2
808.45,2
808.514,1
808.579,2
808.643,3
808.707,3
808.771,3
808.835,2
808.899,1
808.963,1
809.027,1
809.091,0
809.155,2
809.219,2
809.284,2
809.348,2
809.412,3
809.476,3
809.54,3
809.604,3
809.668,5
809.732,5
809.796,5
809.861,5
809.925,2
809.989,2
810.053,2
810.117,2
810.181,1
810.245,1
810.309,1
810.374,1
810.438,0
810.502,1
810.566,1
810.63,1
810.694,1
810.759,0
810.823,0
810.887,0
810.951,1
811.015,1
811.079,1
811.144,1
811.208,0
811.272,0
811.336,0
811.4,1
811.464,1
811.529,1
811.593,2
811.657,4
811.721,4
811.785,5
811.85,5
811.914,3
811.978,5
812.042,6
812.106,6
812.171,6
812.235,3
812.299,2
812.363,2
812.428,2
812.492,1
812.556,1
812.62,1
812.685,1
812.749,2
812.813,2
812.877,2
812.942,2
813.006,1
813.07,3
813.134,3
813.199,3
813.263,3
813.327,2
813.391,2
813.456,2
813.52,1
813.584,1
813.648,2
813.713,4
813.777,7
813.841,7
813.906,7
813.97,7
814.034,8
814.098,7
814.163,6
814.227,4
814.291,0
814.356,0
814.42,0
814.484,0
814.549,0
814.613,0
814.677,0
814.741,0
814.806,0
814.87,0
814.934,0
814.999,0
815.063,0
815.127,0
815.192,0
815.256,1
815.32,1
815.385,1
815.449,1
815.514,1
815.578,1
815.642,1
815.707,1
815.771,0
815.835,0
815.9,0
815.964,0
816.028,0
816.093,0
816.157,0
816.222,0
816.286,0
816.35,0
816.415,0
816.479,0
816.543,0
816.608,0
816.672,0
816.737,0
816.801,0
816.865,0
816.93,0
816.994,0
817.059,1
817.123,1
817.188,1
817.252,1
817.316,1
817.381,1
817.445,1
817.51,1
817.574,0
817.639,1
817.703,1
817.767,1
817.832,1
817.896,0
817.961,1
818.025,1
818.09,1
818.154,2
818.219,1
818.283,1
818.347,1
818.412,0
818.476,0
818.541,0
818.605,0
818.67,0
818.734,0
818.799,0
818.863,0
818.928,0
818.992,0
819.057,0
819.121,0
819.186,0
819.25,0
819.315,0
819.379,1
819.444,1
819.508,1
819.573,1
819.637,0
819.702,0
819.766,0
819.831,0
819.895,0
819.96,0
820.024,0
820.089,0
820.154,0
820.218,0
820.283,0
820.347,0
820.412,1
820.476,1
820.541,1
820.605,1
820.67,0
820.734,3
820.799,3
820.864,3
820.928,3
820.993,1
821.057,1
821.122,1
821.186,1
821.251,0
821.316,0
821.38,0
821.445,0
821.509,0
821.574,1
821.639,1
821.703,1
821.768,1
821.832,2
821.897,2
821.962,2
822.026,2
822.091,0
822.155,0
822.22,0
822.285,0
822.349,2
822.414,2
822.479,2
822.543,2
822.608,1
822.672,1
822.737,1
822.802,1
822.866,0
822.931,0
822.996,0
823.06,0
823.125,1
823.19,1
823.254,1
823.319,1
823.384,0
823.448,0
823.513,0
823.578,0
823.642,3
823.707,3
823.772,3
823.836,3
823.901,0
823.966,0
824.03,0
824.095,0
824.16,0
824.224,0
824.289,0
824.354,0
824.419,0
824.483,0
824.548,0
824.613,0
824.677,0
824.742,0
824.807,0
824.872,0
824.936,0
825.001,0
825.066,0
825.13,0
825.195,0
825.26,0
825.325,0
825.389,1
825.454,1
825.519,1
825.584,1
825.648,0
825.713,0
825.778,0
825.843,0
825.908,1
825.972,2
826.037,2
826.102,2
826.167,1
826.231,2
826.296,3
826.361,4
826.426,5
826.491,3
826.555,2
826.62,1
826.685,0
826.75,0
826.814,0
826.879,0
826.944,0
827.009,0
827.074,0
827.139,0
827.203,0
827.268,0
827.333,0
827.398,0
827.463,0
827.527,1
827.592,1
827.657,1
827.722,1
827.787,0
827.852,0
827.916,1
827.981,1
828.046,2
828.111,3
828.176,3
828.241,4
828.306,4
828.37,4
828.435,4
828.5,3
828.565,4
828.63,4
828.695,4
828.76,5
828.825,5
828.889,5
828.954,5
829.019,1
829.084,0
829.149,0
829.214,1
829.279,3
829.344,3
829.409,4
829.474,3
829.538,1
829.603,1
829.668,0
829.733,0
829.798,0
829.863,0
829.928,0
829.993,0
830.058,0
830.123,1
830.188,1
830.253,1
830.318,1
830.382,0
830.447,0
830.512,1
830.577,1
830.642,2
830.707,2
830.772,1
830.837,1
830.902,0
830.967,0
831.032,0
831.097,0
831.162,1
831.227,2
831.292,2
831.357,2
831.422,2
831.487,2
831.552,2
831.617,2
831.682,2
831.747,2
831.812,3
831.877,4
831.942,4
832.007,4
832.072,4
832.137,2
832.202,2
832.267,4
832.332,4
832.397,2
832.462,2
832.527,0
832.592,0
832.657,0
832.722,0
832.787,0
832.852,0
832.917,0
832.982,0
833.047,0
833.112,1
833.177,1
833.242,1
833.308,1
833.373,0
833.438,1
833.503,1
833.568,1
833.633,1
833.698,0
833.763,0
833.828,0
833.893,0
833.958,0
834.023,0
834.088,0
834.154,0
834.219,0
834.284,0
834.349,0
834.414,0
834.479,0
834.544,0
834.609,0
834.674,0
834.739,0
834.805,2
834.87,4
834.935,6
835.00,10
835.065,8
835.13,6
835.195,4
835.26,2
835.326,2
835.391,2
835.456,2
835.521,0
835.586,1
835.651,1
835.717,1
835.782,1
835.847,0
835.912,0
835.977,0
836.042,0
836.107,0
836.173,0
836.238,1
836.303,1
836.368,1
836.433,1
836.499,0
836.564,1
836.629,2
836.694,3
836.759,4
836.825,6
836.89,6
836.955,6
837.02,6
837.085,3
837.151,3
837.216,3
837.281,3
837.346,1
837.411,1
837.477,1
837.542,1
837.607,0
837.672,0
837.738,0
837.803,0
837.868,1
837.933,2
837.999,2
838.064,2
838.129,3
838.194,2
838.26,2
838.325,2
838.39,2
838.455,2
838.521,2
838.586,2
838.651,2
838.716,2
838.782,2
838.847,2
838.912,0
838.977,0
839.043,0
839.108,0
839.173,0
839.239,0
839.304,0
839.369,0
839.435,0
839.5,0
839.565,0
839.63,0
839.696,0
839.761,1
839.826,1
839.892,1
839.957,1
840.022,0
840.088,0
840.153,0
840.218,2
840.284,2
840.349,2
840.414,2
840.48,3
840.545,3
840.61,3
840.676,3
840.741,0
840.806,0
840.872,1
840.937,1
841.002,1
841.068,1
841.133,0
841.199,0
841.264,1
841.329,1
841.395,1
841.46,1
841.525,0
841.591,0
841.656,0
841.722,0
841.787,0
841.852,0
841.918,0
841.983,0
842.049,1
842.114,3
842.179,3
842.245,3
842.31,4
842.376,2
842.441,2
842.507,3
842.572,2
842.637,2
842.703,2
842.768,1
842.834,0
842.899,0
842.965,0
843.03,0
843.095,1
843.161,1
843.226,1
843.292,1
843.357,2
843.423,2
843.488,2
843.554,2
843.619,0
843.685,1
843.75,1
843.815,1
843.881,1
843.946,0
844.012,0
844.077,0
844.143,1
844.208,1
844.274,1
844.339,2
844.405,3
844.47,4
844.536,6
844.601,6
844.667,8
844.732,8
844.798,7
844.863,7
844.929,7
844.994,6
845.06,5
845.125,5
845.191,1
845.257,1
845.322,2
845.388,3
845.453,4
845.519,5
845.584,5
845.65,6
845.715,6
845.781,4
845.846,4
845.912,2
845.978,2
846.043,0
846.109,0
846.174,1
846.24,3
846.305,3
846.371,3
846.437,2
846.502,4
846.568,4
846.633,4
846.699,4
846.764,0
846.83,0
846.896,0
846.961,0
847.027,3
847.092,3
847.158,3
847.224,3
847.289,1
847.355,1
847.42,1
847.486,1
847.552,0
847.617,0
847.683,0
847.749,0
847.814,0
847.88,0
847.945,1
848.011,1
848.077,2
848.142,2
848.208,1
848.274,1
848.339,0
848.405,0
848.471,0
848.536,0
848.602,0
848.668,0
848.733,0
848.799,0
848.865,0
848.93,0
848.996,1
849.062,2
849.127,6
849.193,7
849.259,8
849.324,8
849.39,6
849.456,5
849.521,4
849.587,4
849.653,3
849.719,3
849.784,4
849.85,7
849.916,10
849.981,7
850.047,6
850.113,3
850.179,3
850.244,3
850.31,3
850.376,3
850.441,2
850.507,2
850.573,4
850.639,4
850.704,2
850.77,2
850.836,0
850.902,0
850.967,0
851.033,0
851.099,1
851.165,1
851.23,2
851.296,2
851.362,1
851.428,2
851.494,4
851.559,4
851.625,4
851.691,3
851.757,0
851.822,0
851.888,0
851.954,0
852.02,0
852.086,1
852.151,1
852.217,1
852.283,1
852.349,2
852.415,2
852.48,2
852.546,4
852.612,4
852.678,4
852.744,4
852.81,3
852.875,1
852.941,1
853.007,1
853.073,0
853.139,0
853.205,0
853.27,0
853.336,0
853.402,0
853.468,0
853.534,1
853.6,1
853.666,1
853.731,1
853.797,1
853.863,2
853.929,2
853.995,3
854.061,2
854.127,1
854.193,1
854.258,0
854.324,0
854.39,0
854.456,0
854.522,2
854.588,2
854.654,3
854.72,3
854.786,1
854.851,1
854.917,0
854.983,0
855.049,0
855.115,0
855.181,2
855.247,2
855.313,2
855.379,2
855.445,2
855.511,2
855.577,3
855.643,3
855.708,1
855.774,1
855.84,0
855.906,0
855.972,2
856.038,2
856.104,2
856.17,2
856.236,1
856.302,1
856.368,1
856.434,1
856.5,1
856.566,1
856.632,1
856.698,1
856.764,0
856.83,0
856.896,1
856.962,1
857.028,1
857.094,1
857.16,0
857.226,0
857.292,0
857.358,0
857.424,0
857.49,3
857.556,3
857.622,3
857.688,3
857.754,3
857.82,5
857.886,6
857.952,6
858.018,3
858.084,4
858.15,3
858.216,3
858.282,3
858.348,0
858.414,0
858.48,0
858.546,0
858.612,0
858.678,0
858.744,0
858.81,0
858.877,0
858.943,0
859.009,0
859.075,1
859.141,1
859.207,1
859.273,1
859.339,0
859.405,0
859.471,0
859.537,1
859.603,1
859.669,1
859.736,1
859.802,1
859.868,1
859.934,3
860.00,3
860.066,3
860.132,3
860.198,3
860.264,3
860.331,2
860.397,2
860.463,0
860.529,1
860.595,1
860.661,1
860.727,1
860.793,0
860.86,1
860.926,1
860.992,1
861.058,1
861.124,1
861.19,1
861.256,1
861.323,2
861.389,1
861.455,1
861.521,1
861.587,0
861.653,0
861.72,0
861.786,0
861.852,0
861.918,0
861.984,0
862.051,1
862.117,1
862.183,1
862.249,1
862.315,1
862.382,2
862.448,2
862.514,2
862.58,1
862.646,0
862.713,0
862.779,0
862.845,0
862.911,1
862.977,1
863.044,1
863.11,1
863.176,0
863.242,0
863.309,2
863.375,2
863.441,2
863.507,2
863.574,3
863.64,3
863.706,3
863.772,3
863.839,0
863.905,0
863.971,0
864.037,0
864.104,0
864.17,1
864.236,1
864.302,1
864.369,1
864.435,0
864.501,0
864.568,1
864.634,1
864.7,1
864.766,1
864.833,1
864.899,1
864.965,1
865.032,1
865.098,0
865.164,0
865.231,0
865.297,0
865.363,0
865.429,0
865.496,0
865.562,0
865.628,2
865.695,2
865.761,4
865.827,4
865.894,3
865.96,3
866.026,1
866.093,1
866.159,0
866.225,0
866.292,0
866.358,0
866.425,0
866.491,0
866.557,0
866.624,0
866.69,0
866.756,0
866.823,0
866.889,1
866.955,1
867.022,1
867.088,1
867.155,0
867.221,0
867.287,0
867.354,0
867.42,0
867.487,0
867.553,0
867.619,0
867.686,3
867.752,3
867.819,3
867.885,3
867.951,0
868.018,0
868.084,0
868.151,2
868.217,2
868.284,2
868.35,2
868.416,0
868.483,0
868.549,3
868.616,3
868.682,3
868.749,3
868.815,1
868.882,1
868.948,2
869.014,2
869.081,1
869.147,2
869.214,1
869.28,1
869.347,1
869.413,0
869.48,0
869.546,0
869.613,0
869.679,0
869.746,0
869.812,0
869.879,0
869.945,1
870.012,1
870.078,1
870.145,1
870.211,0
870.278,0
870.344,0
870.411,0
870.477,0
870.544,1
870.61,1
870.677,1
870.743,1
870.81,3
870.876,3
870.943,3
871.009,3
871.076,1
871.142,1
871.209,1
871.275,1
871.342,0
871.409,1
871.475,1
871.542,1
871.608,1
871.675,0
871.741,0
871.808,0
871.874,0
871.941,0
872.008,0
872.074,0
872.141,0
872.207,0
872.274,0
872.341,1
872.407,2
872.474,2
872.54,2
872.607,1
872.673,0
872.74,0
872.807,0
872.873,0
872.94,0
873.007,1
873.073,1
873.14,1
873.206,1
873.273,0
873.34,0
873.406,0
873.473,0
873.54,0
873.606,0
873.673,0
873.739,0
873.806,0
873.873,0
873.939,0
874.006,0
874.073,0
874.139,0
874.206,0
874.273,0
874.339,0
874.406,0
874.473,0
874.539,0
874.606,0
874.673,0
874.739,0
874.806,0
874.873,0
874.939,0
875.006,0
875.073,0
875.139,0
875.206,0
875.273,0
875.34,0
875.406,0
875.473,0
875.54,0
875.606,0
875.673,0
875.74,0
875.807,0
875.873,0
875.94,0
876.007,0
876.073,0
876.14,0
876.207,0
876.274,0
876.34,0
876.407,0
876.474,0
876.541,0
876.607,0
876.674,0
876.741,0
876.808,0
876.874,0
876.941,0
877.008,0
877.075,0
877.141,0
877.208,0
877.275,0
877.342,0
877.409,2
877.475,2
877.542,2
877.609,2
877.676,2
877.742,2
877.809,2
877.876,2
877.943,0
878.01,0
878.077,0
878.143,0
878.21,0
878.277,0
878.344,0
878.411,0
878.477,0
878.544,0
878.611,0
878.678,0
878.745,2
878.812,2
878.878,2
878.945,2
879.012,0
879.079,0
879.146,0
879.213,0
879.279,0
879.346,0
879.413,0
879.48,0
879.547,1
879.614,1
879.681,1
879.748,1
879.814,0
879.881,1
879.948,3
880.015,4
880.082,5
880.149,6
880.216,6
880.283,6
880.349,6
880.416,5
880.483,4
880.55,3
880.617,2
880.684,1
880.751,0
880.818,0
880.885,0
880.952,1
881.019,1
881.085,1
881.152,1
881.219,0
881.286,0
881.353,0
881.42,0
881.487,0
881.554,0
881.621,0
881.688,0
881.755,1
881.822,1
881.889,1
881.956,1
882.023,0
882.09,0
882.157,0
882.224,1
882.291,1
882.358,1
882.424,1
882.491,0
882.558,0
882.625,1
882.692,2
882.759,4
882.826,8
882.893,8
882.96,8
883.027,7
883.094,3
883.161,3
883.228,3
883.295,3
883.362,0
883.429,0
883.496,0
883.563,0
883.63,0
883.697,0
883.765,0
883.832,0
883.899,0
883.966,0
884.033,0
884.1,0
884.167,2
884.234,2
884.301,2
884.368,2
884.435,0
884.502,0
884.569,0
884.636,0
884.703,0
884.77,0
884.837,0
884.904,0
884.971,0
885.039,0
885.106,0
885.173,0
885.24,2
885.307,2
885.374,2
885.441,2
885.508,0
885.575,0
885.642,2
885.709,3
885.776,4
885.844,4
885.911,2
885.978,1
886.045,0
886.112,0
886.179,0
886.246,0
886.313,0
886.381,0
886.448,0
886.515,0
886.582,0
886.649,1
886.716,2
886.783,4
886.851,7
886.918,6
886.985,5
887.052,3
887.119,2
887.186,2
887.253,2
887.321,2
887.388,0
887.455,0
887.522,1
887.589,1
887.656,1
887.724,1
887.791,0
887.858,0
887.925,0
887.992,0
888.06,1
888.127,1
888.194,1
888.261,1
888.328,0
888.396,0
888.463,0
888.53,0
888.597,0
888.664,0
888.732,0
888.799,0
888.866,0
888.933,0
889.00,0
889.068,0
889.135,0
889.202,0
889.269,0
889.337,0
889.404,0
889.471,0
889.538,0
889.606,1
889.673,1
889.74,1
889.807,1
889.875,3
889.942,3
890.009,3
890.076,3
890.144,0
890.211,0
890.278,0
890.346,0
890.413,1
890.48,1
890.547,1
890.615,1
890.682,0
890.749,0
890.817,0
890.884,0
890.951,0
891.018,0
891.086,0
891.153,0
891.22,0
891.288,0
891.355,0
891.422,0
891.49,0
891.557,0
891.624,1
891.692,1
891.759,1
891.826,1
891.894,0
891.961,1
892.028,1
892.096,1
892.163,1
892.23,3
892.298,3
892.365,3
892.432,3
892.5,0
892.567,0
892.635,1
892.702,1
892.769,1
892.837,1
892.904,0
892.971,0
893.039,0
893.106,0
893.174,0
893.241,0
893.308,1
893.376,1
893.443,1
893.511,1
893.578,0
893.645,0
893.713,0
893.78,0
893.848,3
893.915,3
893.982,3
894.05,3
894.117,5
894.185,4
894.252,3
894.32,2
894.387,0
894.454,0
894.522,0
894.589,0
894.657,0
894.724,0
894.792,0
894.859,0
894.927,0
894.994,0
895.061,0
895.129,0
895.196,0
895.264,0
895.331,0
895.399,0
895.466,0
895.534,0
895.601,0
895.669,0
895.736,0
895.804,0
895.871,0
895.939,0
896.006,0
896.074,0
896.141,0
896.209,0
896.276,0
896.344,0
896.411,0
896.479,1
896.546,1
896.614,1
896.681,1
896.749,0
896.816,0
896.884,0
896.951,0
897.019,0
897.086,0
897.154,0
897.222,0
897.289,0
897.357,2
897.424,2
897.492,2
897.559,2
897.627,0
897.694,0
897.762,0
897.83,0
897.897,0
897.965,0
898.032,0
898.1,0
898.167,0
898.235,0
898.303,0
898.37,0
898.438,0
898.505,0
898.573,0
898.641,0
898.708,1
898.776,1
898.843,1
898.911,1
898.979,0
899.046,0
899.114,0
899.181,0
899.249,0
899.317,0
899.384,0
899.452,0
899.519,2
899.587,2
899.655,2
899.722,3
899.79,4
899.858,4
899.925,4
899.993,3
900.061,1
900.128,1
900.196,4
900.264,4
900.331,4
900.399,4
900.467,1
900.534,1
900.602,0
900.67,0
900.737,0
900.805,0
900.873,0
900.94,0
901.008,0
901.076,0
901.143,0
901.211,0
901.279,0
901.346,0
901.414,0
901.482,3
901.55,3
901.617,3
901.685,3
901.753,1
901.82,1
901.888,1
901.956,1
902.024,0
902.091,0
902.159,0
902.227,1
902.295,2
902.362,2
902.43,2
902.498,1
902.565,0
902.633,0
902.701,0
902.769,0
902.836,0
902.904,0
902.972,0
903.04,0
903.108,0
903.175,0
903.243,0
903.311,0
903.379,0
903.446,0
903.514,0
903.582,1
903.65,1
903.718,1
903.785,1
903.853,1
903.921,1
903.989,1
904.057,1
904.124,0
904.192,0
904.26,0
904.328,0
904.396,0
904.463,0
904.531,0
904.599,0
904.667,0
904.735,0
904.803,0
904.87,0
904.938,0
905.006,0
905.074,0
905.142,0
905.21,0
905.277,1
905.345,1
905.413,1
905.481,1
905.549,1
905.617,1
905.685,2
905.752,2
905.82,1
905.888,1
905.956,0
906.024,1
906.092,1
906.16,1
906.228,1
906.295,1
906.363,1
906.431,1
906.499,1
906.567,0
906.635,0
906.703,0
906.771,0
906.839,0
906.907,0
906.974,0
907.042,0
907.11,0
907.178,0
907.246,0
907.314,1
907.382,1
907.45,1
907.518,1
907.586,0
907.654,0
907.722,0
907.79,0
907.858,0
907.925,0
907.993,0
908.061,0
908.129,0
908.197,0
908.265,0
908.333,0
908.401,0
908.469,1
908.537,1
908.605,1
908.673,1
908.741,0
908.809,0
908.877,0
908.945,0
909.013,0
909.081,0
909.149,0
909.217,0
909.285,0
909.353,0
909.421,0
909.489,0
909.557,1
909.625,1
909.693,1
909.761,1
909.829,2
909.897,2
909.965,2
910.033,2
910.101,0
910.169,0
910.237,0
910.305,0
910.373,0
910.441,0
910.509,0
910.578,0
910.646,0
910.714,0
910.782,0
910.85,0
910.918,1
910.986,1
911.054,1
911.122,1
911.19,0
911.258,0
911.326,0
911.394,0
911.462,0
911.53,0
911.599,0
911.667,0
911.735,0
911.803,0
911.871,0
911.939,0
912.007,0
912.075,0
912.143,0
912.211,0
912.28,1
912.348,1
912.416,1
912.484,1
912.552,1
912.62,1
912.688,1
912.756,1
912.825,0
912.893,0
912.961,0
913.029,0
913.097,1
913.165,1
913.233,1
913.302,1
913.37,1
913.438,1
913.506,1
913.574,4
913.642,4
913.711,4
913.779,4
913.847,1
913.915,2
913.983,2
914.051,2
914.12,4
914.188,2
914.256,3
914.324,3
914.392,1
914.461,1
914.529,0
914.597,0
914.665,0
914.733,2
914.802,2
914.87,2
914.938,2
915.006,0
915.075,0
915.143,0
915.211,0
915.279,0
915.347,0
915.416,0
915.484,1
915.552,1
915.62,1
915.689,1
915.757,0
915.825,0
915.893,0
915.962,0
916.03,0
916.098,0
916.166,0
916.235,0
916.303,0
916.371,0
916.439,0
916.508,0
916.576,0
916.644,0
916.713,0
916.781,0
916.849,2
916.917,3
916.986,3
917.054,3
917.122,1
917.191,0
917.259,0
917.327,0
917.396,0
917.464,0
917.532,0
917.6,0
917.669,0
917.737,0
917.805,0
917.874,0
917.942,0
918.01,1
918.079,1
918.147,1
918.215,2
918.284,6
918.352,6
918.42,6
918.489,6
918.557,6
918.625,6
918.694,6
918.762,5
918.831,5
918.899,5
918.967,5
919.036,5
919.104,4
919.172,4
919.241,4
919.309,4
919.378,2
919.446,4
919.514,4
919.583,4
919.651,7
919.72,5
919.788,5
919.856,5
919.925,2
919.993,2
920.062,2
920.13,2
920.198,3
920.267,3
920.335,3
920.404,3
920.472,3
920.54,3
920.609,3
920.677,3
920.746,1
920.814,1
920.883,1
920.951,1
921.02,1
921.088,1
921.156,1
921.225,1
921.293,0
921.362,0
921.43,0
921.499,0
921.567,0
921.636,0
921.704,0
921.773,0
921.841,0
921.91,0
921.978,0
922.046,0
922.115,0
922.183,0
922.252,0
922.32,0
922.389,0
922.457,0
922.526,0
922.594,0
922.663,0
922.731,0
922.8,0
922.868,1
922.937,2
923.006,2
923.074,2
923.143,1
923.211,0
923.28,0
923.348,0
923.417,0
923.485,0
923.554,0
923.622,0
923.691,0
923.759,0
923.828,2
923.897,2
923.965,2
924.034,3
924.102,2
924.171,2
924.239,3
924.308,2
924.376,1
924.445,1
924.514,0
924.582,1
924.651,1
924.719,1
924.788,1
924.857,4
924.925,4
924.994,4
925.062,4
925.131,0
925.199,0
925.268,0
925.337,0
925.405,0
925.474,0
925.543,0
925.611,1
925.68,1
925.748,1
925.817,1
925.886,0
925.954,1
926.023,1
926.092,1
926.16,1
926.229,0
926.297,0
926.366,0
926.435,0
926.503,0
926.572,2
926.641,2
926.709,2
926.778,2
926.847,0
926.915,0
926.984,2
927.053,2
927.121,4
927.19,4
927.259,2
927.327,2
927.396,1
927.465,1
927.533,1
927.602,1
927.671,0
927.74,0
927.808,0
927.877,2
927.946,2
928.014,2
928.083,3
928.152,1
928.221,1
928.289,1
928.358,1
928.427,1
928.495,2
928.564,2
928.633,1
928.702,1
928.77,0
928.839,0
928.908,0
928.977,0
929.045,0
929.114,0
929.183,0
929.252,1
929.32,1
929.389,1
929.458,1
929.527,0
929.595,0
929.664,0
929.733,0
929.802,0
929.87,0
929.939,0
930.008,0
930.077,1
930.146,1
930.214,1
930.283,1
930.352,0
930.421,0
930.49,0
930.558,0
930.627,0
930.696,1
930.765,2
930.834,3
930.902,5
930.971,4
931.04,3
931.109,2
931.178,0
931.247,0
931.315,0
931.384,0
931.453,0
931.522,0
931.591,0
931.66,0
931.728,0
931.797,1
931.866,1
931.935,1
932.004,3
932.073,2
932.142,2
932.21,2
932.279,0
932.348,0
932.417,0
932.486,0
932.555,0
932.624,0
932.693,0
932.761,1
932.83,1
932.899,1
932.968,1
933.037,0
933.106,0
933.175,0
933.244,0
933.313,0
933.382,0
933.45,0
933.519,0
933.588,0
933.657,0
933.726,0
933.795,0
933.864,0
933.933,0
934.002,0
934.071,0
934.14,0
934.209,0
934.278,1
934.347,1
934.415,1
934.484,1
934.553,1
934.622,1
934.691,2
934.76,2
934.829,1
934.898,1
934.967,0
935.036,0
935.105,0
935.174,0
935.243,0
935.312,0
935.381,0
935.45,0
935.519,0
935.588,0
935.657,0
935.726,2
935.795,2
935.864,2
935.933,2
936.002,0
936.071,0
936.14,0
936.209,0
936.278,0
936.347,0
936.416,0
936.485,0
936.554,0
936.623,1
936.692,2
936.761,3
936.83,5
936.899,4
936.968,3
937.037,2
937.106,1
937.175,1
937.245,1
937.314,1
937.383,0
937.452,0
937.521,0
937.59,0
937.659,0
937.728,0
937.797,0
937.866,0
937.935,0
938.004,0
938.073,0
938.142,0
938.212,0
938.281,0
938.35,0
938.419,1
938.488,2
938.557,3
938.626,6
938.695,5
938.764,4
938.833,3
938.903,1
938.972,1
939.041,1
939.11,1
939.179,0
939.248,0
939.317,0
939.386,0
939.456,0
939.525,0
939.594,0
939.663,0
939.732,0
939.801,0
939.87,0
939.94,0
940.009,0
940.078,1
940.147,1
940.216,1
940.285,1
940.355,0
940.424,0
940.493,0
940.562,0
940.631,0
940.7,0
940.77,0
940.839,0
940.908,0
940.977,0
941.046,0
941.116,0
941.185,0
941.254,0
941.323,0
941.392,1
941.462,1
941.531,1
941.6,1
941.669,0
941.739,0
941.808,0
941.877,0
941.946,0
942.015,0
942.085,0
942.154,0
942.223,0
942.292,0
942.362,0
942.431,0
942.5,0
942.569,0
942.639,0
942.708,0
942.777,0
942.846,0
942.916,0
942.985,0
943.054,0
943.124,0
943.193,0
943.262,1
943.331,1
943.401,1
943.47,1
943.539,0
943.608,1
943.678,1
943.747,1
943.816,1
943.886,0
943.955,0
944.024,0
944.094,0
944.163,0
944.232,0
944.302,0
944.371,0
944.44,0
944.51,0
944.579,0
944.648,0
944.717,1
944.787,1
944.856,1
944.926,1
944.995,0
945.064,0
945.134,0
945.203,0
945.272,3
945.342,3
945.411,3
945.48,3
945.55,1
945.619,1
945.688,1
945.758,1
945.827,4
945.897,4
945.966,4
946.035,4
946.105,5
946.174,5
946.243,5
946.313,5
946.382,2
946.452,2
946.521,2
946.59,2
946.66,1
946.729,2
946.799,2
946.868,2
946.937,1
947.007,0
947.076,0
947.146,0
947.215,1
947.285,1
947.354,1
947.423,1
947.493,0
947.562,0
947.632,0
947.701,0
947.771,0
947.84,0
947.91,0
947.979,0
948.048,0
948.118,2
948.187,2
948.257,2
948.326,2
948.396,0
948.465,0
948.535,0
948.604,0
948.674,0
948.743,0
948.813,0
948.882,1
948.952,1
949.021,1
949.091,1
949.16,0
949.23,0
949.299,0
949.369,0
949.438,0
949.508,0
949.577,0
949.647,0
949.716,0
949.786,0
949.855,0
949.925,0
949.994,1
950.064,4
950.133,4
950.203,4
950.272,4
950.342,1
950.412,1
950.481,1
950.551,1
950.62,2
950.69,3
950.759,4
950.829,4
950.898,4
950.968,4
951.038,3
951.107,2
951.177,1
951.246,0
951.316,0
951.385,0
951.455,0
951.525,0
951.594,0
951.664,0
951.733,0
951.803,0
951.873,0
951.942,3
952.012,3
952.081,3
952.151,3
952.221,0
952.29,0
952.36,0
952.429,0
952.499,0
952.569,0
952.638,0
952.708,0
952.778,3
952.847,4
952.917,4
952.986,4
953.056,2
953.126,1
953.195,1
953.265,1
953.335,3
953.404,4
953.474,4
953.544,4
953.613,1
953.683,1
953.753,2
953.822,3
953.892,5
953.962,4
954.031,3
954.101,2
954.171,1
954.24,1
954.31,1
954.38,1
954.449,0
954.519,0
954.589,0
954.659,0
954.728,0
954.798,0
954.868,0
954.937,0
955.007,0
955.077,0
955.147,0
955.216,0
955.286,2
955.356,2
955.425,2
955.495,2
955.565,2
955.635,2
955.704,2
955.774,2
955.844,3
955.914,4
955.983,4
956.053,4
956.123,7
956.193,6
956.262,5
956.332,4
956.402,2
956.472,3
956.541,3
956.611,3
956.681,7
956.751,6
956.821,6
956.89,6
956.96,4
957.03,3
957.1,3
957.17,3
957.239,0
957.309,0
957.379,0
957.449,0
957.519,0
957.588,0
957.658,0
957.728,0
957.798,1
957.868,1
957.937,1
958.007,1
958.077,1
958.147,1
958.217,1
958.287,1
958.356,0
958.426,0
958.496,1
958.566,1
958.636,1
958.706,1
958.776,0
958.845,0
958.915,1
958.985,1
959.055,1
959.125,1
959.195,0
959.265,0
959.334,0
959.404,0
959.474,0
959.544,0
959.614,0
959.684,0
959.754,2
959.824,2
959.894,2
959.963,2
960.033,0
960.103,0
960.173,0
960.243,0
960.313,0
960.383,0
960.453,0
960.523,0
960.593,0
960.663,0
960.732,0
960.802,0
960.872,0
960.942,1
961.012,1
961.082,1
961.152,1
961.222,0
961.292,0
961.362,0
961.432,0
961.502,1
961.572,1
961.642,2
961.712,2
961.782,1
961.852,1
961.922,0
961.992,0
962.062,0
962.132,0
962.202,0
962.272,4
962.341,4
962.411,4
962.481,4
962.551,0
962.621,0
962.691,1
962.761,1
962.831,1
962.901,1
962.971,0
963.041,0
963.111,0
963.182,0
963.252,0
963.322,0
963.392,0
963.462,1
963.532,2
963.602,3
963.672,5
963.742,5
963.812,6
963.882,7
963.952,8
964.022,8
964.092,6
964.162,4
964.232,1
964.302,0
964.372,0
964.442,0
964.512,1
964.582,1
964.652,1
964.723,1
964.793,0
964.863,0
964.933,0
965.003,0
965.073,0
965.143,0
965.213,0
965.283,0
965.353,0
965.423,0
965.494,0
965.564,0
965.634,1
965.704,1
965.774,1
965.844,1
965.914,2
965.984,2
966.054,2
966.125,3
966.195,2
966.265,2
966.335,2
966.405,1
966.475,0
966.545,0
966.615,0
966.686,0
966.756,0
966.826,0
966.896,0
966.966,0
967.036,0
967.107,1
967.177,1
967.247,1
967.317,2
967.387,2
967.457,2
967.528,2
967.598,1
967.668,0
967.738,0
967.808,0
967.878,0
967.949,0
968.019,0
968.089,0
968.159,0
968.229,0
968.3,0
968.37,0
968.44,0
968.51,0
968.581,0
968.651,1
968.721,4
968.791,4
968.861,4
968.932,4
969.002,2
969.072,2
969.142,2
969.213,1
969.283,0
969.353,0
969.423,0
969.494,1
969.564,2
969.634,2
969.704,2
969.775,1
969.845,0
969.915,0
969.985,0
970.056,3
970.126,3
970.196,3
970.266,3
970.337,2
970.407,2
970.477,2
970.548,2
970.618,0
970.688,1
970.758,1
970.829,1
970.899,1
970.969,0
971.04,0
971.11,1
971.18,1
971.251,1
971.321,1
971.391,0
971.462,0
971.532,0
971.602,0
971.673,0
971.743,0
971.813,1
971.884,1
971.954,1
972.024,1
972.095,0
972.165,0
972.235,0
972.306,0
972.376,0
972.446,1
972.517,1
972.587,1
972.657,1
972.728,0
972.798,0
972.869,0
972.939,2
973.009,2
973.08,2
973.15,2
973.22,0
973.291,0
973.361,0
973.432,0
973.502,0
973.572,0
973.643,0
973.713,0
973.784,0
973.854,0
973.924,0
973.995,0
974.065,0
974.136,0
974.206,0
974.277,0
974.347,2
974.417,2
974.488,2
974.558,2
974.629,1
974.699,1
974.77,1
974.84,1
974.91,0
974.981,0
975.051,0
975.122,0
975.192,0
975.263,0
975.333,0
975.404,0
975.474,0
975.545,0
975.615,0
975.686,0
975.756,2
975.827,2
975.897,2
975.968,2
976.038,0
976.108,0
976.179,0
976.249,0
976.32,0
976.39,0
976.461,0
976.532,0
976.602,0
976.673,0
976.743,0
976.814,0
976.884,0
976.955,0
977.025,0
977.096,1
977.166,1
977.237,1
977.307,1
977.378,0
977.448,0
977.519,0
977.589,1
977.66,1
977.731,1
977.801,1
977.872,0
977.942,0
978.013,0
978.083,0
978.154,0
978.224,0
978.295,0
978.366,0
978.436,0
978.507,0
978.577,0
978.648,0
978.719,0
978.789,0
978.86,0
978.93,0
979.001,0
979.071,0
979.142,2
979.213,2
979.283,2
979.354,2
979.425,0
979.495,0
979.566,0
979.636,0
979.707,0
979.778,0
979.848,0
979.919,0
979.99,0
980.06,0
980.131,0
980.201,0
980.272,0
980.343,0
980.413,2
980.484,2
980.555,4
980.625,4
980.696,2
980.767,3
980.837,5
980.908,5
980.979,5
981.049,4
981.12,4
981.191,4
981.261,4
981.332,4
981.403,1
981.473,1
981.544,1
981.615,1
981.686,0
981.756,1
981.827,2
981.898,3
981.968,5
982.039,5
982.11,4
982.18,3
982.251,2
982.322,2
982.393,2
982.463,2
982.534,1
982.605,3
982.676,3
982.746,3
982.817,3
982.888,0
982.958,3
983.029,3
983.1,4
983.171,4
983.241,7
983.312,6
983.383,5
983.454,5
983.525,3
983.595,4
983.666,4
983.737,4
983.808,4
983.878,4
983.949,1
984.02,1
984.091,1
984.161,1
984.232,0
984.303,0
984.374,0
984.445,0
984.515,0
984.586,0
984.657,1
984.728,1
984.799,1
984.869,1
984.94,1
985.011,2
985.082,4
985.153,6
985.224,6
985.294,6
985.365,5
985.436,2
985.507,2
985.578,2
985.649,2
985.719,0
985.79,0
985.861,0
985.932,0
986.003,1
986.074,2
986.145,3
986.215,4
986.286,4
986.357,4
986.428,4
986.499,6
986.57,6
986.641,6
986.712,6
986.782,3
986.853,3
986.924,3
986.995,3
987.066,0
987.137,0
987.208,0
987.279,0
987.35,0
987.42,0
987.491,0
987.562,0
987.633,0
987.704,0
987.775,0
987.846,1
987.917,1
987.988,1
988.059,1
988.13,0
988.201,0
988.272,0
988.342,0
988.413,0
988.484,0
988.555,0
988.626,0
988.697,0
988.768,0
988.839,3
988.91,3
988.981,3
989.052,3
989.123,1
989.194,1
989.265,1
989.336,4
989.407,4
989.478,6
989.549,9
989.62,7
989.691,7
989.762,6
989.833,3
989.904,3
989.975,3
990.046,3
990.117,0
990.188,0
990.259,0
990.33,0
990.401,0
990.472,0
990.543,0
990.614,0
990.685,0
990.756,0
990.827,0
990.898,0
990.969,0
991.04,0
991.111,0
991.182,0
991.253,0
991.324,0
991.395,0
991.466,0
991.537,0
991.608,0
991.679,0
991.751,0
991.822,0
991.893,0
991.964,0
992.035,0
992.106,0
992.177,0
992.248,0
992.319,2
992.39,2
992.461,2
992.532,2
992.604,0
992.675,0
992.746,0
992.817,0
992.888,0
992.959,0
993.03,0
993.101,0
993.172,0
993.243,0
993.315,0
993.386,0
993.457,0
993.528,0
993.599,0
993.67,0
993.741,0
993.813,0
993.884,0
993.955,0
994.026,0
994.097,0
994.168,0
994.239,0
994.311,0
994.382,0
994.453,0
994.524,0
994.595,0
994.666,0
994.738,0
994.809,1
994.88,1
994.951,1
995.022,1
995.093,0
995.165,0
995.236,0
995.307,0
995.378,0
995.449,0
995.521,0
995.592,0
995.663,0
995.734,0
995.805,0
995.877,0
995.948,0
996.019,0
996.09,0
996.162,0
996.233,0
996.304,0
996.375,0
996.446,0
996.518,0
996.589,0
996.66,0
996.731,0
996.803,0
996.874,0
996.945,0
997.016,1
997.088,1
997.159,1
997.23,1
997.301,0
997.373,0
997.444,0
997.515,0
997.587,0
997.658,0
997.729,0
997.8,0
997.872,0
997.943,0
998.014,0
998.086,0
998.157,1
998.228,1
998.299,1
998.371,1
998.442,3
998.513,3
998.585,3
998.656,3
998.727,0
998.799,2
998.87,2
998.941,2
999.013,2
999.084,1
999.155,2
999.227,3
999.298,4
999.369,3
999.441,2
999.512,1
999.583,1
999.655,1
999.726,1
999.797,2
999.869,1
999.94,1
1000.011,1
1000.083,0
1000.154,0
1000.225,0
1000.297,0
1000.368,0
1000.44,0
1000.511,0
1000.582,0
1000.654,0
1000.725,3
1000.797,3
1000.868,3
1000.939,3
1001.011,2
1001.082,2
1001.154,2
1001.225,2
1001.296,0
1001.368,0
1001.439,0
1001.511,0
1001.582,0
1001.653,0
1001.725,0
1001.796,0
1001.868,0
1001.939,1
1002.011,1
1002.082,1
1002.153,4
1002.225,4
1002.296,4
1002.368,4
1002.439,2
1002.511,1
1002.582,1
1002.654,1
1002.725,1
1002.797,1
1002.868,1
1002.939,2
1003.011,1
1003.082,1
1003.154,1
1003.225,0
1003.297,0
1003.368,0
1003.44,0
1003.511,0
1003.583,0
1003.654,0
1003.726,0
1003.797,0
1003.869,0
1003.94,0
1004.012,0
1004.083,0
1004.155,0
1004.226,0
1004.298,0
1004.369,0
1004.441,0
1004.512,0
1004.584,0
1004.656,0
1004.727,1
1004.799,1
1004.87,1
1004.942,1
1005.013,0
1005.085,0
1005.156,0
1005.228,0
1005.299,0
1005.371,1
1005.443,1
1005.514,1
1005.586,1
1005.657,0
1005.729,0
1005.8,0
1005.872,2
1005.944,2
1006.015,2
1006.087,3
1006.158,1
1006.23,1
1006.301,1
1006.373,0
1006.445,1
1006.516,1
1006.588,1
1006.659,1
1006.731,0
1006.803,1
1006.874,1
1006.946,1
1007.017,1
1007.089,0
1007.161,0
1007.232,0
1007.304,0
1007.376,0
1007.447,0
1007.519,0
1007.59,0
1007.662,0
1007.734,0
1007.805,1
1007.877,1
1007.949,1
1008.02,1
1008.092,0
1008.164,0
1008.235,0
1008.307,0
1008.379,2
1008.45,2
1008.522,2
1008.594,2
1008.665,0
1008.737,0
1008.809,1
1008.88,1
1008.952,1
1009.024,1
1009.095,0
1009.167,0
1009.239,0
1009.311,0
1009.382,0
1009.454,0
1009.526,0
1009.597,0
1009.669,1
1009.741,1
1009.813,1
1009.884,1
1009.956,3
1010.028,3
1010.099,3
1010.171,3
1010.243,0
1010.315,1
1010.386,1
1010.458,1
1010.53,1
1010.602,0
1010.673,0
1010.745,1
1010.817,1
1010.889,1
1010.96,1
1011.032,0
1011.104,1
1011.176,1
1011.247,1
1011.319,1
1011.391,2
1011.463,2
1011.535,2
1011.606,2
1011.678,0
1011.75,0
1011.822,0
1011.893,0
1011.965,0
1012.037,0
1012.109,0
1012.181,0
1012.252,0
1012.324,0
1012.396,0
1012.468,0
1012.54,0
1012.611,1
1012.683,1
1012.755,1
1012.827,2
1012.899,1
1012.971,1
1013.042,1
1013.114,1
1013.186,1
1013.258,1
1013.33,1
1013.402,0
1013.474,0
1013.545,0
1013.617,0
1013.689,0
1013.761,0
1013.833,0
1013.905,0
1013.977,0
1014.048,1
1014.12,1
1014.192,1
1014.264,1
1014.336,0
1014.408,0
1014.48,0
1014.552,0
1014.623,0
1014.695,0
1014.767,0
1014.839,0
1014.911,0
1014.983,1
1015.055,3
1015.127,3
1015.199,3
1015.271,2
1015.342,0
1015.414,0
1015.486,0
1015.558,0
1015.63,0
1015.702,1
1015.774,1
1015.846,1
1015.918,1
1015.99,0
1016.062,0
1016.134,0
1016.206,0
1016.278,0
1016.35,0
1016.422,0
1016.493,0
1016.565,0
1016.637,0
1016.709,0
1016.781,0
1016.853,0
1016.925,0
1016.997,0
1017.069,0
1017.141,1
1017.213,1
1017.285,1
1017.357,1
1017.429,0
1017.501,0
1017.573,0
1017.645,0
1017.717,1
1017.789,1
1017.861,1
1017.933,1
1018.005,0
1018.077,1
1018.149,2
1018.221,2
1018.293,2
1018.365,1
1018.437,0
1018.509,0
1018.581,0
1018.653,0
1018.725,0
1018.797,1
1018.87,2
1018.942,3
1019.014,4
1019.086,4
1019.158,4
1019.23,4
1019.302,3
1019.374,4
1019.446,4
1019.518,4
1019.59,1
1019.662,0
1019.734,0
1019.806,0
1019.878,0
1019.95,0
1020.023,0
1020.095,0
1020.167,0
1020.239,0
1020.311,0
1020.383,0
1020.455,0
1020.527,0
1020.599,0
1020.671,0
1020.744,1
1020.816,1
1020.888,1
1020.96,1
1021.032,0
1021.104,0
1021.176,0
1021.248,0
1021.321,0
1021.393,0
1021.465,0
1021.537,0
1021.609,0
1021.681,0
1021.753,0
1021.826,0
1021.898,3
1021.97,3
1022.042,4
1022.114,4
1022.186,2
1022.258,2
1022.331,2
1022.403,2
1022.475,1
1022.547,1
1022.619,0
1022.692,0
1022.764,0
1022.836,3
1022.908,3
1022.98,3
1023.052,3
1023.125,1
1023.197,1
1023.269,1
1023.341,1
1023.413,1
1023.486,1
1023.558,1
1023.63,1
1023.702,2
1023.775,2
1023.847,2
1023.919,2
1023.991,4
1024.063,3
1024.136,2
1024.208,1
1024.28,0
1024.352,0
1024.425,0
1024.497,0
1024.569,0
1024.641,2
1024.714,2
1024.786,2
1024.858,2
1024.93,1
1025.003,1
1025.075,1
1025.147,1
1025.219,3
1025.292,3
1025.364,3
1025.436,4
1025.509,4
1025.581,5
1025.653,5
1025.725,4
1025.798,1
1025.87,0
1025.942,0
1026.015,1
1026.087,1
1026.159,1
1026.231,1
1026.304,1
1026.376,1
1026.448,1
1026.521,1
1026.593,2
1026.665,2
1026.738,2
1026.81,2
1026.882,0
1026.955,0
1027.027,1
1027.099,1
1027.172,1
1027.244,1
1027.316,0
1027.389,0
1027.461,1
1027.533,2
1027.606,3
1027.678,3
1027.751,2
1027.823,2
1027.895,1
1027.968,1
1028.04,4
1028.112,4
1028.185,4
1028.257,5
1028.33,2
1028.402,1
1028.474,1
1028.547,0
1028.619,1
1028.691,2
1028.764,2
1028.836,2
1028.909,4
1028.981,3
1029.053,3
1029.126,3
1029.198,0
1029.271,0
1029.343,0
1029.416,0
1029.488,0
1029.56,0
1029.633,0
1029.705,0
1029.778,0
1029.85,1
1029.923,1
1029.995,1
1030.067,1
1030.14,0
1030.212,0
1030.285,0
1030.357,0
1030.43,0
1030.502,0
1030.575,1
1030.647,1
1030.72,1
1030.792,1
1030.864,2
1030.937,2
1031.009,3
1031.082,4
1031.154,3
1031.227,5
1031.299,4
1031.372,4
1031.444,3
1031.517,1
1031.589,1
1031.662,0
1031.734,1
1031.807,2
1031.879,2
1031.952,2
1032.024,1
1032.097,0
1032.169,0
1032.242,0
1032.314,0
1032.387,0
1032.46,0
1032.532,0
1032.605,1
1032.677,1
1032.75,1
1032.822,1
1032.895,0
1032.967,0
1033.04,0
1033.112,0
1033.185,0
1033.258,0
1033.33,0
1033.403,0
1033.475,0
1033.548,0
1033.62,0
1033.693,0
1033.765,0
1033.838,0
1033.911,0
1033.983,0
1034.056,1
1034.128,1
1034.201,1
1034.274,1
1034.346,0
1034.419,0
1034.491,0
1034.564,0
1034.637,0
1034.709,0
1034.782,0
1034.854,0
1034.927,0
1035.00,0
1035.072,0
1035.145,0
1035.218,0
1035.29,0
1035.363,0
1035.435,0
1035.508,0
1035.581,0
1035.653,0
1035.726,0
1035.799,0
1035.871,0
1035.944,0
1036.017,0
1036.089,0
1036.162,0
1036.235,0
1036.307,0
1036.38,0
1036.453,0
1036.525,0
1036.598,0
1036.671,0
1036.743,0
1036.816,0
1036.889,0
1036.961,0
1037.034,0
1037.107,0
1037.179,0
1037.252,0
1037.325,0
1037.398,0
1037.47,0
1037.543,0
1037.616,0
1037.688,0
1037.761,0
1037.834,0
1037.907,0
1037.979,0
1038.052,0
1038.125,0
1038.198,0
1038.27,0
1038.343,0
1038.416,0
1038.488,0
1038.561,1
1038.634,1
1038.707,1
1038.779,1
1038.852,0
1038.925,0
1038.998,0
1039.071,1
1039.143,1
1039.216,1
1039.289,1
1039.362,2
1039.434,2
1039.507,2
1039.58,2
1039.653,1
1039.726,2
1039.798,2
1039.871,2
1039.944,1
1040.017,3
1040.089,3
1040.162,4
1040.235,4
1040.308,3
1040.381,3
1040.454,2
1040.526,2
1040.599,1
1040.672,1
1040.745,1
1040.818,1
1040.89,0
1040.963,0
1041.036,0
1041.109,0
1041.182,0
1041.255,0
1041.327,1
1041.4,1
1041.473,1
1041.546,1
1041.619,0
1041.692,0
1041.765,0
1041.837,0
1041.91,0
1041.983,0
1042.056,0
1042.129,0
1042.202,0
1042.275,2
1042.348,2
1042.42,2
1042.493,2
1042.566,0
1042.639,1
1042.712,1
1042.785,1
1042.858,2
1042.931,1
1043.004,1
1043.077,1
1043.149,0
1043.222,0
1043.295,0
1043.368,0
1043.441,0
1043.514,0
1043.587,0
1043.66,0
1043.733,0
1043.806,1
1043.879,1
1043.952,1
1044.025,1
1044.098,0
1044.17,0
1044.243,0
1044.316,0
1044.389,0
1044.462,0
1044.535,0
1044.608,0
1044.681,0
1044.754,0
1044.827,0
1044.9,1
1044.973,1
1045.046,1
1045.119,3
1045.192,2
1045.265,3
1045.338,3
1045.411,1
1045.484,3
1045.557,2
1045.63,2
1045.703,3
1045.776,1
1045.849,1
1045.922,1
1045.995,0
1046.068,0
1046.141,1
1046.214,1
1046.287,1
1046.36,1
1046.433,0
1046.506,0
1046.579,0
1046.652,0
1046.725,1
1046.798,1
1046.871,1
1046.944,1
1047.017,1
1047.09,1
1047.163,1
1047.237,1
1047.31,0
1047.383,0
1047.456,0
1047.529,0
1047.602,0
1047.675,0
1047.748,0
1047.821,0
1047.894,0
1047.967,0
1048.04,0
1048.113,3
1048.186,3
1048.26,3
1048.333,3
1048.406,1
1048.479,2
1048.552,2
1048.625,3
1048.698,2
1048.771,1
1048.844,1
1048.917,0
1048.991,0
1049.064,0
1049.137,0
1049.21,0
1049.283,0
1049.356,0
1049.429,0
1049.502,0
1049.576,0
1049.649,0
1049.722,0
1049.795,0
1049.868,1
1049.941,1
1050.015,1
1050.088,1
1050.161,0
1050.234,0
1050.307,0
1050.38,0
1050.453,0
1050.527,0
1050.6,1
1050.673,1
1050.746,1
1050.819,1
1050.893,0
1050.966,0
1051.039,1
1051.112,1
1051.185,1
1051.258,1
1051.332,1
1051.405,1
1051.478,1
1051.551,1
1051.625,0
1051.698,0
1051.771,0
1051.844,0
1051.917,1
1051.991,1
1052.064,2
1052.137,2
1052.21,1
1052.284,1
1052.357,0
1052.43,0
1052.503,1
1052.576,1
1052.65,1
1052.723,1
1052.796,0
1052.869,0
1052.943,0
1053.016,1
1053.089,1
1053.163,1
1053.236,1
1053.309,0
1053.382,1
1053.456,1
1053.529,2
1053.602,2
1053.675,2
1053.749,2
1053.822,1
1053.895,1
1053.969,1
1054.042,1
1054.115,1
1054.188,1
1054.262,0
1054.335,0
1054.408,0
1054.482,0
1054.555,0
1054.628,0
1054.702,0
1054.775,0
1054.848,1
1054.922,1
1054.995,2
1055.068,2
1055.142,1
1055.215,1
1055.288,0
1055.362,0
1055.435,2
1055.508,2
1055.582,2
1055.655,2
1055.728,0
1055.802,1
1055.875,1
1055.948,1
1056.022,1
1056.095,0
1056.169,0
1056.242,0
1056.315,0
1056.389,0
1056.462,0
1056.535,0
1056.609,0
1056.682,0
1056.756,0
1056.829,0
1056.902,1
1056.976,1
1057.049,1
1057.123,1
1057.196,0
1057.269,0
1057.343,0
1057.416,0
1057.49,0
1057.563,0
1057.637,0
1057.71,0
1057.783,0
1057.857,0
1057.93,0
1058.004,0
1058.077,0
1058.151,0
1058.224,0
1058.297,0
1058.371,0
1058.444,0
1058.518,0
1058.591,0
1058.665,0
1058.738,0
1058.812,0
1058.885,0
1058.959,0
1059.032,0
1059.106,0
1059.179,0
1059.252,0
1059.326,0
1059.399,0
1059.473,0
1059.546,0
1059.62,0
1059.693,0
1059.767,0
1059.84,1
1059.914,3
1059.987,3
1060.061,3
1060.134,3
1060.208,2
1060.281,2
1060.355,2
1060.428,3
1060.502,2
1060.576,2
1060.649,2
1060.723,0
1060.796,0
1060.87,0
1060.943,0
1061.017,0
1061.09,0
1061.164,0
1061.237,0
1061.311,0
1061.384,0
1061.458,0
1061.532,0
1061.605,0
1061.679,0
1061.752,0
1061.826,0
1061.899,0
1061.973,0
1062.047,1
1062.12,1
1062.194,1
1062.267,1
1062.341,0
1062.415,0
1062.488,0
1062.562,0
1062.635,0
1062.709,0
1062.782,0
1062.856,1
1062.93,1
1063.003,1
1063.077,1
1063.151,0
1063.224,0
1063.298,0
1063.371,0
1063.445,0
1063.519,0
1063.592,0
1063.666,0
1063.74,0
1063.813,0
1063.887,0
1063.96,0
1064.034,0
1064.108,0
1064.181,1
1064.255,1
1064.329,1
1064.402,1
1064.476,0
1064.55,1
1064.623,1
1064.697,1
1064.771,1
1064.844,0
1064.918,0
1064.992,0
1065.065,0
1065.139,1
1065.213,1
1065.287,1
1065.36,1
1065.434,0
1065.508,0
1065.581,0
1065.655,0
1065.729,0
1065.802,0
1065.876,0
1065.95,0
1066.024,0
1066.097,0
1066.171,0
1066.245,0
1066.318,0
1066.392,0
1066.466,0
1066.54,0
1066.613,1
1066.687,1
1066.761,1
1066.835,1
1066.908,1
1066.982,1
1067.056,1
1067.13,1
1067.203,0
1067.277,0
1067.351,0
1067.425,0
1067.498,0
1067.572,0
1067.646,0
1067.72,0
1067.794,0
1067.867,0
1067.941,0
1068.015,0
1068.089,0
1068.163,0
1068.236,0
1068.31,0
1068.384,0
1068.458,0
1068.532,0
1068.605,1
1068.679,1
1068.753,1
1068.827,1
1068.901,0
1068.974,0
1069.048,0
1069.122,0
1069.196,0
1069.27,0
1069.344,0
1069.417,0
1069.491,0
1069.565,0
1069.639,0
1069.713,0
1069.787,1
1069.86,3
1069.934,3
1070.008,3
1070.082,2
1070.156,2
1070.23,2
1070.304,2
1070.377,2
1070.451,0
1070.525,0
1070.599,0
1070.673,0
1070.747,1
1070.821,1
1070.895,1
1070.969,1
1071.042,0
1071.116,0
1071.19,0
1071.264,1
1071.338,3
1071.412,3
1071.486,3
1071.56,2
1071.634,0
1071.708,0
1071.782,0
1071.855,0
1071.929,0
1072.003,0
1072.077,0
1072.151,0
1072.225,0
1072.299,0
1072.373,0
1072.447,0
1072.521,0
1072.595,0
1072.669,0
1072.743,0
1072.817,0
1072.891,0
1072.965,0
1073.039,0
1073.112,0
1073.186,0
1073.26,0
1073.334,0
1073.408,0
1073.482,0
1073.556,0
1073.63,0
1073.704,0
1073.778,0
1073.852,2
1073.926,2
1074.00,2
1074.074,2
1074.148,2
1074.222,2
1074.296,2
1074.37,2
1074.444,0
1074.518,0
1074.592,0
1074.666,0
1074.74,0
1074.814,0
1074.888,0
1074.962,0
1075.037,0
1075.111,0
1075.185,2
1075.259,3
1075.333,3
1075.407,3
1075.481,1
1075.555,0
1075.629,1
1075.703,2
1075.777,3
1075.851,3
1075.925,2
1075.999,2
1076.073,1
1076.147,1
1076.221,1
1076.295,0
1076.37,0
1076.444,0
1076.518,0
1076.592,0
1076.666,0
1076.74,0
1076.814,0
1076.888,0
1076.962,0
1077.036,0
1077.11,0
1077.185,0
1077.259,0
1077.333,0
1077.407,1
1077.481,1
1077.555,3
1077.629,4
1077.703,3
1077.778,3
1077.852,1
1077.926,0
1078.00,0
1078.074,0
1078.148,0
1078.222,0
1078.297,0
1078.371,0
1078.445,1
1078.519,1
1078.593,1
1078.667,1
1078.741,0
1078.816,0
1078.89,0
1078.964,0
1079.038,1
1079.112,1
1079.187,1
1079.261,1
1079.335,0
1079.409,0
1079.483,0
1079.557,0
1079.632,3
1079.706,3
1079.78,3
1079.854,3
1079.928,2
1080.003,2
1080.077,2
1080.151,2
1080.225,4
1080.299,3
1080.374,2
1080.448,1
1080.522,0
1080.596,0
1080.671,0
1080.745,0
1080.819,0
1080.893,0
1080.968,0
1081.042,0
1081.116,0
1081.19,0
1081.265,0
1081.339,1
1081.413,1
1081.487,1
1081.562,1
1081.636,0
1081.71,0
1081.784,0
1081.859,1
1081.933,1
1082.007,1
1082.081,1
1082.156,0
1082.23,0
1082.304,0
1082.379,0
1082.453,0
1082.527,0
1082.601,0
1082.676,0
1082.75,0
1082.824,1
1082.899,2
1082.973,2
1083.047,2
1083.122,1
1083.196,0
1083.27,0
1083.345,0
1083.419,0
1083.493,0
1083.568,0
1083.642,0
1083.716,0
1083.791,0
1083.865,1
1083.939,1
1084.014,1
1084.088,1
1084.162,0
1084.237,0
1084.311,1
1084.385,1
1084.46,1
1084.534,1
1084.609,1
1084.683,2
1084.757,2
1084.832,2
1084.906,1
1084.98,1
1085.055,1
1085.129,1
1085.204,1
1085.278,0
1085.352,0
1085.427,0
1085.501,0
1085.576,0
1085.65,0
1085.724,0
1085.799,1
1085.873,2
1085.948,3
1086.022,3
1086.096,2
1086.171,1
1086.245,0
1086.32,0
1086.394,0
1086.469,0
1086.543,1
1086.617,1
1086.692,1
1086.766,1
1086.841,0
1086.915,0
1086.99,0
1087.064,0
1087.139,0
1087.213,0
1087.287,1
1087.362,1
1087.436,1
1087.511,1
1087.585,0
1087.66,0
1087.734,0
1087.809,0
1087.883,0
1087.958,0
1088.032,0
1088.107,0
1088.181,0
1088.256,0
1088.33,0
1088.405,0
1088.479,0
1088.554,0
1088.628,0
1088.703,0
1088.777,0
1088.852,2
1088.926,2
1089.001,2
1089.075,2
1089.15,0
1089.224,0
1089.299,0
1089.373,0
1089.448,0
1089.522,0
1089.597,0
1089.672,0
1089.746,0
1089.821,0
1089.895,0
1089.97,0
1090.044,0
1090.119,0
1090.193,0
1090.268,0
1090.343,0
1090.417,1
1090.492,1
1090.566,1
1090.641,1
1090.715,0
1090.79,1
1090.865,1
1090.939,1
1091.014,2
1091.088,1
1091.163,1
1091.238,1
1091.312,0
1091.387,0
1091.461,3
1091.536,3
1091.611,3
1091.685,3
1091.76,0
1091.834,2
1091.909,2
1091.984,2
1092.058,2
1092.133,0
1092.208,0
1092.282,0
1092.357,0
1092.431,0
1092.506,0
1092.581,0
1092.655,0
1092.73,0
1092.805,0
1092.879,0
1092.954,0
1093.029,0
1093.103,0
1093.178,0
1093.253,0
1093.327,0
1093.402,0
1093.477,0
1093.551,0
1093.626,0
1093.701,0
1093.775,0
1093.85,0
1093.925,0
1094.00,0
1094.074,0
1094.149,0
1094.224,0
1094.298,0
1094.373,0
1094.448,0
1094.522,0
1094.597,0
1094.672,0
1094.747,0
1094.821,0
1094.896,0
1094.971,0
1095.045,0
1095.12,0
1095.195,0
1095.27,0
1095.344,0
1095.419,1
1095.494,1
1095.569,1
1095.643,1
1095.718,0
1095.793,0
1095.868,0
1095.942,1
1096.017,1
1096.092,1
1096.167,1
1096.242,0
1096.316,0
1096.391,0
1096.466,0
1096.541,0
1096.615,0
1096.69,0
1096.765,0
1096.84,0
1096.915,0
1096.989,1
1097.064,1
1097.139,1
1097.214,1
1097.289,1
1097.363,1
1097.438,1
1097.513,1
1097.588,0
1097.663,0
1097.737,1
1097.812,1
1097.887,1
1097.962,1
1098.037,0
1098.112,0
1098.186,0
1098.261,0
1098.336,0
1098.411,0
1098.486,0
1098.561,0
1098.636,0
1098.71,0
1098.785,0
1098.86,0
1098.935,0
1099.01,0
1099.085,0
1099.16,0
1099.234,0
1099.309,0
1099.384,0
1099.459,0
1099.534,0
1099.609,1
1099.684,1
1099.759,1
1099.834,1
1099.908,0
1099.983,0
1100.058,0
1100.133,0
1100.208,0
1100.283,0
1100.358,0
1100.433,0
1100.508,0
1100.583,0
1100.658,0
1100.733,0
1100.807,0
1100.882,0
1100.957,0
1101.032,0
1101.107,0
1101.182,0
1101.257,0
1101.332,0
1101.407,0
1101.482,1
1101.557,1
1101.632,1
1101.707,1
1101.782,0
1101.857,1
1101.932,1
1102.007,1
1102.082,1
1102.157,1
1102.232,1
1102.307,2
1102.382,5
1102.457,4
1102.532,4
1102.607,4
1102.682,1
1102.757,1
1102.832,1
1102.907,0
1102.982,0
1103.057,0
1103.132,0
1103.207,1
1103.282,1
1103.357,1
1103.432,1
1103.507,0
1103.582,0
1103.657,0
1103.732,0
1103.807,0
1103.882,0
1103.957,0
1104.032,0
1104.107,0
1104.182,0
1104.257,0
1104.332,0
1104.407,0
1104.482,1
1104.557,1
1104.632,1
1104.707,1
1104.782,0
1104.858,0
1104.933,0
1105.008,0
1105.083,0
1105.158,0
1105.233,0
1105.308,0
1105.383,0
1105.458,0
1105.533,1
1105.608,1
1105.683,1
1105.759,1
1105.834,0
1105.909,0
1105.984,0
1106.059,0
1106.134,0
1106.209,3
1106.284,3
1106.359,3
1106.435,3
1106.51,0
1106.585,0
1106.66,0
1106.735,1
1106.81,1
1106.885,1
1106.961,1
1107.036,1
1107.111,1
1107.186,1
1107.261,1
1107.336,1
1107.411,1
1107.487,4
1107.562,4
1107.637,3
1107.712,3
1107.787,0
1107.862,0
1107.938,0
1108.013,0
1108.088,0
1108.163,0
1108.238,0
1108.314,0
1108.389,0
1108.464,0
1108.539,0
1108.614,0
1108.689,0
1108.765,0
1108.84,0
1108.915,0
1108.99,0
1109.066,0
1109.141,0
1109.216,1
1109.291,1
1109.366,1
1109.442,1
1109.517,2
1109.592,2
1109.667,2
1109.743,2
1109.818,0
1109.893,0
1109.968,0
1110.044,0
1110.119,0
1110.194,0
1110.269,0
1110.345,0
1110.42,0
1110.495,0
1110.57,0
1110.646,0
1110.721,0
1110.796,0
1110.871,0
1110.947,0
1111.022,0
1111.097,0
1111.173,0
1111.248,0
1111.323,0
1111.398,0
1111.474,1
1111.549,1
1111.624,1
1111.7,1
1111.775,0
1111.85,0
1111.926,0
1112.001,0
1112.076,0
1112.152,0
1112.227,1
1112.302,1
1112.378,1
1112.453,1
1112.528,0
1112.604,0
1112.679,0
1112.754,0
1112.83,0
1112.905,4
1112.98,7
1113.056,9
1113.131,11
1113.206,7
1113.282,4
1113.357,2
1113.432,0
1113.508,0
1113.583,0
1113.659,0
1113.734,0
1113.809,0
1113.885,0
1113.96,0
1114.035,0
1114.111,0
1114.186,0
1114.262,0
1114.337,1
1114.412,1
1114.488,1
1114.563,1
1114.639,0
1114.714,0
1114.789,0
1114.865,0
1114.94,0
1115.016,0
1115.091,0
1115.167,0
1115.242,1
1115.317,2
1115.393,2
1115.468,2
1115.544,1
1115.619,0
1115.695,0
1115.77,0
1115.845,0
1115.921,0
1115.996,1
1116.072,1
1116.147,2
1116.223,2
1116.298,1
1116.374,1
1116.449,0
1116.525,0
1116.6,0
1116.676,0
1116.751,0
1116.827,0
1116.902,0
1116.977,0
1117.053,1
1117.128,1
1117.204,1
1117.279,1
1117.355,0
1117.43,0
1117.506,3
1117.581,3
1117.657,3
1117.733,3
1117.808,0
1117.884,0
1117.959,0
1118.035,0
1118.11,0
1118.186,0
1118.261,0
1118.337,0
1118.412,0
1118.488,0
1118.563,0
1118.639,0
1118.714,0
1118.79,0
1118.866,0
1118.941,1
1119.017,3
1119.092,4
1119.168,5
1119.243,4
1119.319,2
1119.394,1
1119.47,0
1119.546,1
1119.621,2
1119.697,3
1119.772,4
1119.848,4
1119.923,4
1119.999,4
1120.075,1
1120.15,1
1120.226,1
1120.301,1
1120.377,0
1120.453,0
1120.528,0
1120.604,0
1120.68,1
1120.755,1
1120.831,1
1120.906,1
1120.982,0
1121.058,0
1121.133,0
1121.209,0
1121.285,0
1121.36,0
1121.436,0
1121.511,0
1121.587,0
1121.663,0
1121.738,0
1121.814,0
1121.89,0
1121.965,0
1122.041,0
1122.117,0
1122.192,0
1122.268,0
1122.344,0
1122.419,0
1122.495,0
1122.571,0
1122.646,0
1122.722,0
1122.798,1
1122.873,1
1122.949,1
1123.025,1
1123.101,0
1123.176,1
1123.252,1
1123.328,2
1123.403,3
1123.479,2
1123.555,2
1123.63,1
1123.706,0
1123.782,0
1123.858,0
1123.933,0
1124.009,0
1124.085,0
1124.161,0
1124.236,0
1124.312,0
1124.388,0
1124.464,0
1124.539,0
1124.615,0
1124.691,0
1124.767,2
1124.842,2
1124.918,4
1124.994,4
1125.07,2
1125.145,2
1125.221,2
1125.297,2
1125.373,2
1125.448,2
1125.524,0
1125.6,0
1125.676,0
1125.752,0
1125.827,0
1125.903,0
1125.979,1
1126.055,2
1126.131,2
1126.206,3
1126.282,2
1126.358,2
1126.434,2
1126.51,1
1126.585,1
1126.661,0
1126.737,0
1126.813,0
1126.889,0
1126.965,0
1127.04,0
1127.116,1
1127.192,2
1127.268,2
1127.344,2
1127.42,1
1127.495,0
1127.571,0
1127.647,0
1127.723,0
1127.799,0
1127.875,0
1127.951,1
1128.026,1
1128.102,1
1128.178,1
1128.254,0
1128.33,0
1128.406,0
1128.482,0
1128.558,0
1128.633,0
1128.709,0
1128.785,1
1128.861,1
1128.937,1
1129.013,1
1129.089,0
1129.165,0
1129.241,1
1129.316,1
1129.392,1
1129.468,1
1129.544,0
1129.62,0
1129.696,0
1129.772,0
1129.848,0
1129.924,1
1130.00,1
1130.076,1
1130.152,1
1130.228,0
1130.304,0
1130.379,0
1130.455,0
1130.531,0
1130.607,0
1130.683,0
1130.759,1
1130.835,1
1130.911,1
1130.987,2
1131.063,1
1131.139,1
1131.215,2
1131.291,4
1131.367,4
1131.443,4
1131.519,3
1131.595,0
1131.671,0
1131.747,0
1131.823,0
1131.899,0
1131.975,0
1132.051,0
1132.127,0
1132.203,0
1132.279,2
1132.355,2
1132.431,2
1132.507,2
1132.583,2
1132.659,2
1132.735,2
1132.811,3
1132.887,1
1132.963,1
1133.039,1
1133.115,0
1133.191,0
1133.267,0
1133.343,0
1133.419,1
1133.495,1
1133.572,1
1133.648,1
1133.724,0
1133.8,0
1133.876,0
1133.952,0
1134.028,0
1134.104,0
1134.18,0
1134.256,0
1134.332,0
1134.408,0
1134.484,0
1134.561,0
1134.637,0
1134.713,0
1134.789,0
1134.865,0
1134.941,0
1135.017,0
1135.093,0
1135.169,0
1135.245,0
1135.322,0
1135.398,0
1135.474,0
1135.55,0
1135.626,0
1135.702,0
1135.778,0
1135.854,0
1135.931,0
1136.007,0
1136.083,0
1136.159,0
1136.235,0
1136.311,1
1136.387,1
1136.464,1
1136.54,1
1136.616,0
1136.692,0
1136.768,0
1136.844,0
1136.921,0
1136.997,1
1137.073,1
1137.149,1
1137.225,1
1137.301,1
1137.378,1
1137.454,1
1137.53,1
1137.606,0
1137.682,0
1137.759,0
1137.835,1
1137.911,1
1137.987,1
1138.063,1
1138.14,0
1138.216,0
1138.292,0
1138.368,0
1138.444,0
1138.521,0
1138.597,0
1138.673,0
1138.749,0
1138.826,0
1138.902,0
1138.978,0
1139.054,0
1139.131,3
1139.207,3
1139.283,3
1139.359,4
1139.436,2
1139.512,2
1139.588,2
1139.664,1
1139.741,0
1139.817,0
1139.893,0
1139.969,0
1140.046,1
1140.122,1
1140.198,1
1140.275,1
1140.351,0
1140.427,0
1140.503,0
1140.58,0
1140.656,0
1140.732,0
1140.809,0
1140.885,0
1140.961,0
1141.037,0
1141.114,0
1141.19,0
1141.266,0
1141.343,0
1141.419,0
1141.495,0
1141.572,0
1141.648,0
1141.724,0
1141.801,0
1141.877,0
1141.953,0
1142.03,0
1142.106,0
1142.182,0
1142.259,0
1142.335,0
1142.411,0
1142.488,0
1142.564,0
1142.641,2
1142.717,2
1142.793,3
1142.87,3
1142.946,1
1143.022,1
1143.099,0
1143.175,0
1143.252,0
1143.328,0
1143.404,0
1143.481,0
1143.557,0
1143.634,0
1143.71,0
1143.786,1
1143.863,1
1143.939,2
1144.016,2
1144.092,1
1144.168,1
1144.245,0
1144.321,0
1144.398,0
1144.474,0
1144.551,0
1144.627,0
1144.703,0
1144.78,1
1144.856,1
1144.933,1
1145.009,1
1145.086,0
1145.162,0
1145.238,0
1145.315,0
1145.391,0
1145.468,0
1145.544,0
1145.621,0
1145.697,0
1145.774,0
1145.85,0
1145.927,0
1146.003,0
1146.08,0
1146.156,0
1146.233,0
1146.309,0
1146.386,0
1146.462,0
1146.539,0
1146.615,0
1146.692,0
1146.768,0
1146.845,0
1146.921,0
1146.998,0
1147.074,0
1147.151,0
1147.227,0
1147.304,0
1147.38,0
1147.457,0
1147.533,0
1147.61,0
1147.686,0
1147.763,0
1147.839,0
1147.916,0
1147.992,0
1148.069,0
1148.146,0
1148.222,0
1148.299,0
1148.375,0
1148.452,0
1148.528,0
1148.605,0
1148.681,0
1148.758,0
1148.835,0
1148.911,0
1148.988,0
1149.064,1
1149.141,1
1149.218,1
1149.294,2
1149.371,5
1149.447,4
1149.524,3
1149.6,1
1149.677,0
1149.754,0
1149.83,0
1149.907,0
1149.984,0
1150.06,0
1150.137,0
1150.213,0
1150.29,0
1150.367,0
1150.443,0
1150.52,0
1150.597,0
1150.673,0
1150.75,0
1150.826,0
1150.903,0
1150.98,2
1151.056,2
1151.133,2
1151.21,2
1151.286,0
1151.363,0
1151.44,0
1151.516,0
1151.593,0
1151.67,0
1151.746,0
1151.823,0
1151.9,0
1151.976,0
1152.053,0
1152.13,0
1152.206,0
1152.283,0
1152.36,0
1152.436,0
1152.513,0
1152.59,0
1152.667,0
1152.743,0
1152.82,0
1152.897,0
1152.973,1
1153.05,2
1153.127,3
1153.204,4
1153.28,3
1153.357,2
1153.434,1
1153.511,1
1153.587,1
1153.664,1
1153.741,1
1153.817,0
1153.894,0
1153.971,0
1154.048,0
1154.124,0
1154.201,0
1154.278,0
1154.355,0
1154.431,0
1154.508,1
1154.585,2
1154.662,2
1154.739,2
1154.815,1
1154.892,0
1154.969,0
1155.046,0
1155.122,0
1155.199,1
1155.276,1
1155.353,1
1155.43,1
1155.506,0
1155.583,0
1155.66,0
1155.737,0
1155.814,0
1155.89,0
1155.967,0
1156.044,0
1156.121,2
1156.198,2
1156.275,2
1156.351,2
1156.428,0
1156.505,0
1156.582,0
1156.659,0
1156.736,0
1156.812,0
1156.889,0
1156.966,0
1157.043,0
1157.12,1
1157.197,2
1157.274,2
1157.35,2
1157.427,1
1157.504,0
1157.581,0
1157.658,0
1157.735,0
1157.812,1
1157.889,1
1157.965,1
1158.042,1
1158.119,0
1158.196,0
1158.273,0
1158.35,0
1158.427,0
1158.504,0
1158.581,0
1158.657,0
1158.734,0
1158.811,0
1158.888,0
1158.965,0
1159.042,0
1159.119,0
1159.196,0
1159.273,0
1159.35,0
1159.427,0
1159.504,0
1159.581,0
1159.657,0
1159.734,0
1159.811,0
1159.888,0
1159.965,0
1160.042,0
1160.119,0
1160.196,0
1160.273,0
1160.35,0
1160.427,0
1160.504,0
1160.581,0
1160.658,0
1160.735,0
1160.812,1
1160.889,2
1160.966,2
1161.043,2
1161.12,2
1161.197,1
1161.274,1
1161.351,1
1161.428,0
1161.505,0
1161.582,0
1161.659,0
1161.736,0
1161.813,0
1161.89,0
1161.967,0
1162.044,0
1162.121,0
1162.198,0
1162.275,0
1162.352,1
1162.429,1
1162.506,1
1162.583,1
1162.66,0
1162.737,0
1162.814,0
1162.891,0
1162.968,0
1163.045,1
1163.122,1
1163.199,1
1163.277,1
1163.354,0
1163.431,2
1163.508,2
1163.585,2
1163.662,2
1163.739,0
1163.816,0
1163.893,0
1163.97,0
1164.047,0
1164.124,0
1164.201,0
1164.279,0
1164.356,0
1164.433,0
1164.51,0
1164.587,0
1164.664,0
1164.741,0
1164.818,0
1164.895,0
1164.973,0
1165.05,0
1165.127,0
1165.204,0
1165.281,0
1165.358,0
1165.435,0
1165.512,0
1165.59,0
1165.667,0
1165.744,1
1165.821,1
1165.898,1
1165.975,1
1166.052,0
1166.13,0
1166.207,0
1166.284,0
1166.361,0
1166.438,0
1166.515,0
1166.593,0
1166.67,1
1166.747,1
1166.824,1
1166.901,1
1166.979,1
1167.056,1
1167.133,1
1167.21,1
1167.287,0
1167.364,0
1167.442,0
1167.519,3
1167.596,3
1167.673,3
1167.751,3
1167.828,0
1167.905,0
1167.982,0
1168.059,0
1168.137,0
1168.214,0
1168.291,0
1168.368,0
1168.446,1
1168.523,1
1168.6,1
1168.677,1
1168.755,0
1168.832,0
1168.909,0
1168.986,0
1169.064,1
1169.141,1
1169.218,1
1169.295,1
1169.373,0
1169.45,0
1169.527,0
1169.604,0
1169.682,1
1169.759,2
1169.836,3
1169.914,4
1169.991,3
1170.068,2
1170.145,1
1170.223,0
1170.3,0
1170.377,1
1170.455,1
1170.532,2
1170.609,2
1170.686,1
1170.764,1
1170.841,0
1170.918,0
1170.996,0
1171.073,0
1171.15,0
1171.228,0
1171.305,0
1171.382,0
1171.46,0
1171.537,1
1171.614,1
1171.692,1
1171.769,3
1171.846,3
1171.924,3
1172.001,3
1172.079,5
1172.156,3
1172.233,2
1172.311,1
1172.388,0
1172.465,0
1172.543,0
1172.62,0
1172.697,1
1172.775,1
1172.852,1
1172.93,1
1173.007,1
1173.084,1
1173.162,1
1173.239,1
1173.317,1
1173.394,1
1173.471,1
1173.549,1
1173.626,0
1173.704,0
1173.781,0
1173.858,0
1173.936,0
1174.013,0
1174.091,0
1174.168,0
1174.246,0
1174.323,0
1174.4,0
1174.478,0
1174.555,0
1174.633,0
1174.71,0
1174.788,0
1174.865,0
1174.943,3
1175.02,3
1175.097,3
1175.175,5
1175.252,2
1175.33,2
1175.407,2
1175.485,0
1175.562,1
1175.64,1
1175.717,1
1175.795,2
1175.872,1
1175.95,1
1176.027,1
1176.105,0
1176.182,0
1176.26,0
1176.337,0
1176.415,0
1176.492,3
1176.57,3
1176.647,3
1176.725,3
1176.802,2
1176.88,2
1176.957,2
1177.035,2
1177.112,0
1177.19,0
1177.267,0
1177.345,0
1177.422,0
1177.5,0
1177.578,1
1177.655,1
1177.733,1
1177.81,1
1177.888,0
1177.965,0
1178.043,0
1178.12,0
1178.198,0
1178.276,0
1178.353,0
1178.431,1
1178.508,1
1178.586,1
1178.663,1
1178.741,0
1178.819,0
1178.896,0
1178.974,0
1179.051,0
1179.129,0
1179.206,0
1179.284,0
1179.362,0
1179.439,0
1179.517,0
1179.595,0
1179.672,0
1179.75,0
1179.827,0
1179.905,0
1179.983,0
1180.06,0
1180.138,1
1180.215,1
1180.293,1
1180.371,1
1180.448,3
1180.526,3
1180.604,4
1180.681,4
1180.759,1
1180.837,1
1180.914,0
1180.992,0
1181.07,0
1181.147,0
1181.225,0
1181.303,0
1181.38,0
1181.458,0
1181.536,0
1181.613,0
1181.691,0
1181.769,0
1181.846,0
1181.924,0
1182.002,0
1182.079,0
1182.157,0
1182.235,1
1182.312,1
1182.39,1
1182.468,1
1182.546,0
1182.623,0
1182.701,0
1182.779,0
1182.856,0
1182.934,1
1183.012,1
1183.09,1
1183.167,1
1183.245,4
1183.323,4
1183.401,4
1183.478,4
1183.556,0
1183.634,0
1183.712,0
1183.789,0
1183.867,0
1183.945,0
1184.023,0
1184.1,0
1184.178,0
1184.256,1
1184.334,1
1184.411,1
1184.489,1
1184.567,0
1184.645,0
1184.722,0
1184.8,1
1184.878,1
1184.956,1
1185.034,1
1185.111,0
1185.189,0
1185.267,0
1185.345,0
1185.423,0
1185.5,0
1185.578,0
1185.656,0
1185.734,0
1185.812,0
1185.889,0
1185.967,0
1186.045,0
1186.123,0
1186.201,0
1186.279,0
1186.356,0
1186.434,0
1186.512,0
1186.59,1
1186.668,1
1186.746,2
1186.823,2
1186.901,1
1186.979,1
1187.057,0
1187.135,0
1187.213,0
1187.291,0
1187.369,0
1187.446,0
1187.524,0
1187.602,1
1187.68,1
1187.758,1
1187.836,1
1187.914,0
1187.992,2
1188.069,2
1188.147,2
1188.225,3
1188.303,4
1188.381,4
1188.459,4
1188.537,3
1188.615,0
1188.693,0
1188.771,0
1188.849,0
1188.926,1
1189.004,1
1189.082,1
1189.16,1
1189.238,0
1189.316,0
1189.394,0
1189.472,1
1189.55,1
1189.628,1
1189.706,1
1189.784,0
1189.862,1
1189.94,1
1190.018,1
1190.096,1
1190.174,0
1190.251,1
1190.329,1
1190.407,1
1190.485,1
1190.563,0
1190.641,0
1190.719,0
1190.797,0
1190.875,0
1190.953,0
1191.031,0
1191.109,0
1191.187,0
1191.265,0
1191.343,1
1191.421,3
1191.499,4
1191.577,5
1191.655,4
1191.733,2
1191.811,1
1191.889,0
1191.967,0
1192.045,0
1192.123,0
1192.201,1
1192.279,1
1192.358,1
1192.436,1
1192.514,0
1192.592,1
1192.67,2
1192.748,2
1192.826,2
1192.904,1
1192.982,1
1193.06,1
1193.138,1
1193.216,1
1193.294,0
1193.372,0
1193.45,0
1193.528,0
1193.606,0
1193.685,0
1193.763,0
1193.841,0
1193.919,0
1193.997,0
1194.075,0
1194.153,0
1194.231,1
1194.309,1
1194.387,1
1194.465,1
1194.544,1
1194.622,1
1194.7,1
1194.778,1
1194.856,0
1194.934,0
1195.012,0
1195.09,0
1195.169,0
1195.247,0
1195.325,0
1195.403,0
1195.481,0
1195.559,0
1195.637,0
1195.715,0
1195.794,1
1195.872,1
1195.95,1
1196.028,1
1196.106,1
1196.184,1
1196.263,1
1196.341,1
1196.419,0
1196.497,0
1196.575,0
1196.653,0
1196.732,0
1196.81,0
1196.888,0
1196.966,0
1197.044,0
1197.123,0
1197.201,0
1197.279,0
1197.357,0
1197.435,0
1197.514,0
1197.592,0
1197.67,0
1197.748,0
1197.826,0
1197.905,0
1197.983,0
1198.061,0
1198.139,0
1198.218,0
1198.296,0
1198.374,0
1198.452,0
1198.53,0
1198.609,0
1198.687,0
1198.765,0
1198.843,0
1198.922,1
1199.00,2
1199.078,2
1199.156,3
1199.235,2
1199.313,1
1199.391,1
1199.47,0
1199.548,0
1199.626,0
1199.704,0
1199.783,0
1199.861,0
1199.939,0
1200.018,0
1200.096,0
1200.174,1
1200.252,3
1200.331,4
1200.409,6
1200.487,5
1200.566,3
1200.644,2
1200.722,1
1200.801,1
1200.879,1
1200.957,1
1201.036,0
1201.114,0
1201.192,0
1201.271,0
1201.349,0
1201.427,0
1201.506,0
1201.584,0
1201.662,0
1201.741,1
1201.819,1
1201.897,1
1201.976,1
1202.054,0
1202.132,0
1202.211,0
1202.289,0
1202.367,0
1202.446,1
1202.524,1
1202.603,2
1202.681,2
1202.759,1
1202.838,1
1202.916,0
1202.994,0
1203.073,0
1203.151,0
1203.23,0
1203.308,0
1203.386,0
1203.465,0
1203.543,0
1203.622,0
1203.7,0
1203.778,0
1203.857,0
1203.935,0
1204.014,0
1204.092,0
1204.171,0
1204.249,0
1204.327,0
1204.406,0
1204.484,0
1204.563,0
1204.641,0
1204.72,1
1204.798,2
1204.877,2
1204.955,2
1205.033,2
1205.112,1
1205.19,1
1205.269,1
1205.347,0
1205.426,0
1205.504,0
1205.583,0
1205.661,0
1205.74,0
1205.818,0
1205.897,0
1205.975,0
1206.054,0
1206.132,0
1206.211,1
1206.289,1
1206.368,1
1206.446,1
1206.525,0
1206.603,0
1206.682,0
1206.76,0
1206.839,0
1206.917,0
1206.996,0
1207.074,0
1207.153,0
1207.231,0
1207.31,0
1207.388,0
1207.467,0
1207.545,0
1207.624,0
1207.703,0
1207.781,0
1207.86,0
1207.938,0
1208.017,0
1208.095,0
1208.174,0
1208.252,0
1208.331,0
1208.41,0
1208.488,0
1208.567,0
1208.645,0
1208.724,1
1208.802,1
1208.881,1
1208.96,1
1209.038,0
1209.117,0
1209.195,0
1209.274,0
1209.353,0
1209.431,0
1209.51,0
1209.588,1
1209.667,1
1209.746,1
1209.824,1
1209.903,0
1209.981,0
1210.06,0
1210.139,0
1210.217,0
1210.296,0
1210.375,0
1210.453,0
1210.532,0
1210.61,0
1210.689,1
1210.768,1
1210.846,1
1210.925,2
1211.004,1
1211.082,1
1211.161,1
1211.24,0
1211.318,0
1211.397,0
1211.476,0
1211.554,0
1211.633,0
1211.712,0
1211.79,0
1211.869,0
1211.948,0
1212.026,1
1212.105,1
1212.184,1
1212.262,2
1212.341,1
1212.42,1
1212.499,1
1212.577,0
1212.656,0
1212.735,0
1212.813,0
1212.892,0
1212.971,0
1213.05,0
1213.128,0
1213.207,0
1213.286,0
1213.364,0
1213.443,0
1213.522,0
1213.601,0
1213.679,0
1213.758,1
1213.837,1
1213.916,1
1213.994,1
1214.073,0
1214.152,0
1214.231,0
1214.309,0
1214.388,0
1214.467,0
1214.546,0
1214.625,0
1214.703,0
1214.782,0
1214.861,0
1214.94,0
1215.018,0
1215.097,0
1215.176,0
1215.255,0
1215.334,0
1215.412,0
1215.491,0
1215.57,0
1215.649,1
1215.728,1
1215.806,1
1215.885,3
1215.964,2
1216.043,2
1216.122,2
1216.201,0
1216.279,0
1216.358,0
1216.437,0
1216.516,0
1216.595,0
1216.674,0
1216.752,0
1216.831,0
1216.91,0
1216.989,0
1217.068,1
1217.147,1
1217.225,1
1217.304,1
1217.383,0
1217.462,0
1217.541,1
1217.62,2
1217.699,3
1217.778,4
1217.856,3
1217.935,2
1218.014,1
1218.093,0
1218.172,0
1218.251,0
1218.33,0
1218.409,0
1218.488,0
1218.566,0
1218.645,0
1218.724,0
1218.803,0
1218.882,0
1218.961,0
1219.04,0
1219.119,1
1219.198,2
1219.277,3
1219.356,4
1219.435,5
1219.514,4
1219.592,3
1219.671,2
1219.75,0
1219.829,0
1219.908,0
1219.987,0
1220.066,0
1220.145,0
1220.224,0
1220.303,0
1220.382,0
1220.461,0
1220.54,0
1220.619,0
1220.698,1
1220.777,1
1220.856,1
1220.935,1
1221.014,0
1221.093,0
1221.172,0
1221.251,0
1221.33,0
1221.409,0
1221.488,0
1221.567,0
1221.646,0
1221.725,0
1221.804,0
1221.883,0
1221.962,0
1222.041,0
1222.12,0
1222.199,0
1222.278,0
1222.357,0
1222.436,0
1222.515,0
1222.594,0
1222.673,0
1222.752,0
1222.831,0
1222.91,0
1222.989,0
1223.068,0
1223.147,0
1223.226,0
1223.305,0
1223.384,0
1223.464,0
1223.543,0
1223.622,0
1223.701,0
1223.78,0
1223.859,0
1223.938,0
1224.017,0
1224.096,0
1224.175,0
1224.254,0
1224.333,0
1224.412,0
1224.492,0
1224.571,0
1224.65,0
1224.729,0
1224.808,0
1224.887,0
1224.966,0
1225.045,0
1225.124,0
1225.204,0
1225.283,0
1225.362,1
1225.441,1
1225.52,1
1225.599,1
1225.678,0
1225.758,1
1225.837,1
1225.916,1
1225.995,1
1226.074,0
1226.153,0
1226.232,0
1226.312,0
1226.391,0
1226.47,0
1226.549,0
1226.628,0
1226.707,0
1226.787,0
1226.866,0
1226.945,0
1227.024,0
1227.103,0
1227.182,0
1227.262,0
1227.341,0
1227.42,0
1227.499,0
1227.578,0
1227.658,0
1227.737,0
1227.816,1
1227.895,1
1227.974,1
1228.054,1
1228.133,2
1228.212,2
1228.291,2
1228.371,2
1228.45,0
1228.529,0
1228.608,0
1228.687,0
1228.767,0
1228.846,0
1228.925,0
1229.004,0
1229.084,0
1229.163,0
1229.242,0
1229.321,0
1229.401,0
1229.48,0
1229.559,0
1229.638,0
1229.718,0
1229.797,0
1229.876,0
1229.956,0
1230.035,0
1230.114,0
1230.193,0
1230.273,0
1230.352,0
1230.431,0
1230.511,0
1230.59,0
1230.669,0
1230.749,0
1230.828,0
1230.907,0
1230.986,0
1231.066,0
1231.145,0
1231.224,0
1231.304,1
1231.383,1
1231.462,2
1231.542,2
1231.621,1
1231.7,1
1231.78,0
1231.859,0
1231.938,0
1232.018,1
1232.097,1
1232.176,1
1232.256,1
1232.335,0
1232.414,0
1232.494,0
1232.573,0
1232.653,0
1232.732,0
1232.811,0
1232.891,0
1232.97,0
1233.049,0
1233.129,0
1233.208,0
1233.288,1
1233.367,1
1233.446,1
1233.526,1
1233.605,1
1233.685,1
1233.764,1
1233.843,1
1233.923,2
1234.002,2
1234.082,2
1234.161,2
1234.24,0
1234.32,0
1234.399,0
1234.479,0
1234.558,0
1234.638,0
1234.717,0
1234.796,0
1234.876,0
1234.955,0
1235.035,0
1235.114,0
1235.194,1
1235.273,2
1235.353,4
1235.432,6
1235.511,5
1235.591,4
1235.67,2
1235.75,0
1235.829,1
1235.909,1
1235.988,1
1236.068,1
1236.147,0
1236.227,0
1236.306,0
1236.386,0
1236.465,0
1236.545,0
1236.624,0
1236.704,0
1236.783,1
1236.863,1
1236.942,1
1237.022,1
1237.101,0
1237.181,0
1237.26,0
1237.34,0
1237.419,0
1237.499,0
1237.578,1
1237.658,1
1237.737,1
1237.817,1
1237.896,0
1237.976,0
1238.055,2
1238.135,2
1238.215,2
1238.294,2
1238.374,1
1238.453,1
1238.533,1
1238.612,1
1238.692,0
1238.771,0
1238.851,0
1238.931,0
1239.01,1
1239.09,1
1239.169,1
1239.249,1
1239.329,0
1239.408,0
1239.488,0
1239.567,0
1239.647,1
1239.726,1
1239.806,1
1239.886,1
1239.965,1
1240.045,1
1240.124,1
1240.204,1
1240.284,0
1240.363,0
1240.443,0
1240.523,1
1240.602,1
1240.682,1
1240.761,1
1240.841,0
1240.921,0
1241.00,1
1241.08,1
1241.16,1
1241.239,2
1241.319,1
1241.399,1
1241.478,1
1241.558,1
1241.638,1
1241.717,2
1241.797,2
1241.877,1
1241.956,1
1242.036,0
1242.116,2
1242.195,2
1242.275,2
1242.355,2
1242.434,0
1242.514,0
1242.594,0
1242.673,0
1242.753,0
1242.833,0
1242.912,0
1242.992,0
1243.072,0
1243.152,0
1243.231,0
1243.311,0
1243.391,0
1243.47,0
1243.55,0
1243.63,0
1243.71,0
1243.789,0
1243.869,0
1243.949,0
1244.029,1
1244.108,1
1244.188,2
1244.268,2
1244.348,1
1244.427,1
1244.507,0
1244.587,0
1244.667,0
1244.746,0
1244.826,0
1244.906,0
1244.986,0
1245.065,0
1245.145,0
1245.225,0
1245.305,0
1245.384,0
1245.464,0
1245.544,0
1245.624,0
1245.704,0
1245.783,1
1245.863,1
1245.943,1
1246.023,1
1246.103,0
1246.182,0
1246.262,0
1246.342,0
1246.422,0
1246.502,0
1246.581,0
1246.661,0
1246.741,0
1246.821,0
1246.901,0
1246.981,0
1247.06,1
1247.14,1
1247.22,1
1247.3,1
1247.38,1
1247.46,1
1247.54,1
1247.619,1
1247.699,0
1247.779,0
1247.859,0
1247.939,0
1248.019,0
1248.099,0
1248.178,0
1248.258,0
1248.338,0
1248.418,0
1248.498,0
1248.578,0
1248.658,0
1248.738,0
1248.818,0
1248.897,0
1248.977,2
1249.057,2
1249.137,2
1249.217,2
1249.297,0
1249.377,0
1249.457,0
1249.537,0
1249.617,0
1249.697,0
1249.776,0
1249.856,0
1249.936,0
1250.016,0
1250.096,0
1250.176,0
1250.256,0
1250.336,0
1250.416,1
1250.496,1
1250.576,3
1250.656,3
1250.736,2
1250.816,2
1250.896,0
1250.976,0
1251.056,0
1251.136,0
1251.216,0
1251.295,0
1251.375,0
1251.455,0
1251.535,1
1251.615,1
1251.695,2
1251.775,2
1251.855,2
1251.935,2
1252.015,1
1252.095,1
1252.175,0
1252.255,0
1252.335,0
1252.415,0
1252.495,0
1252.575,0
1252.655,1
1252.735,1
1252.815,1
1252.896,1
1252.976,0
1253.056,0
1253.136,1
1253.216,1
1253.296,2
1253.376,2
1253.456,1
1253.536,3
1253.616,4
1253.696,4
1253.776,6
1253.856,4
1253.936,2
1254.016,3
1254.096,1
1254.176,1
1254.256,1
1254.336,0
1254.416,0
1254.497,0
1254.577,0
1254.657,0
1254.737,1
1254.817,1
1254.897,3
1254.977,3
1255.057,2
1255.137,2
1255.217,0
1255.297,0
1255.378,2
1255.458,2
1255.538,2
1255.618,2
1255.698,0
1255.778,0
1255.858,0
1255.938,0
1256.019,0
1256.099,0
1256.179,0
1256.259,0
1256.339,1
1256.419,1
1256.499,2
1256.579,2
1256.66,3
1256.74,4
1256.82,4
1256.9,5
1256.98,3
1257.06,2
1257.141,1
1257.221,1
1257.301,1
1257.381,1
1257.461,1
1257.541,0
1257.622,1
1257.702,1
1257.782,1
1257.862,1
1257.942,1
1258.023,1
1258.103,1
1258.183,1
1258.263,0
1258.343,0
1258.424,2
1258.504,2
1258.584,2
1258.664,2
1258.744,0
1258.825,0
1258.905,0
1258.985,0
1259.065,0
1259.146,0
1259.226,0
1259.306,0
1259.386,0
1259.466,0
1259.547,1
1259.627,1
1259.707,2
1259.787,2
1259.868,1
1259.948,1
1260.028,0
1260.108,0
1260.189,1
1260.269,1
1260.349,1
1260.43,1
1260.51,0
1260.59,1
1260.67,1
1260.751,1
1260.831,1
1260.911,0
1260.991,0
1261.072,0
1261.152,0
1261.232,0
1261.313,0
1261.393,0
1261.473,0
1261.554,0
1261.634,0
1261.714,1
1261.795,1
1261.875,1
1261.955,1
1262.035,0
1262.116,0
1262.196,1
1262.276,1
1262.357,1
1262.437,2
1262.517,1
1262.598,1
1262.678,1
1262.758,0
1262.839,0
1262.919,0
1263.00,0
1263.08,0
1263.16,2
1263.241,4
1263.321,4
1263.401,4
1263.482,3
1263.562,1
1263.642,1
1263.723,1
1263.803,0
1263.884,0
1263.964,0
1264.044,0
1264.125,3
1264.205,3
1264.286,4
1264.366,5
1264.446,2
1264.527,2
1264.607,1
1264.688,0
1264.768,1
1264.848,1
1264.929,1
1265.009,1
1265.09,0
1265.17,0
1265.25,0
1265.331,0
1265.411,0
1265.492,0
1265.572,0
1265.653,0
1265.733,0
1265.814,1
1265.894,1
1265.974,2
1266.055,2
1266.135,1
1266.216,1
1266.296,0
1266.377,0
1266.457,0
1266.538,0
1266.618,0
1266.699,0
1266.779,0
1266.86,0
1266.94,0
1267.021,0
1267.101,0
1267.181,0
1267.262,0
1267.342,0
1267.423,0
1267.503,0
1267.584,0
1267.664,0
1267.745,0
1267.825,0
1267.906,0
1267.987,0
1268.067,0
1268.148,0
1268.228,0
1268.309,0
1268.389,0
1268.47,0
1268.55,0
1268.631,0
1268.711,0
1268.792,0
1268.872,0
1268.953,0
1269.033,0
1269.114,0
1269.195,0
1269.275,0
1269.356,0
1269.436,0
1269.517,0
1269.597,0
1269.678,0
1269.758,0
1269.839,0
1269.92,0
1270.00,0
1270.081,0
1270.161,0
1270.242,0
1270.323,0
1270.403,0
1270.484,0
1270.564,0
1270.645,0
1270.726,0
1270.806,2
1270.887,2
1270.967,2
1271.048,2
1271.129,0
1271.209,0
1271.29,0
1271.37,0
1271.451,0
1271.532,0
1271.612,0
1271.693,0
1271.774,0
1271.854,0
1271.935,0
1272.016,0
1272.096,0
1272.177,0
1272.258,0
1272.338,0
1272.419,0
1272.499,0
1272.58,0
1272.661,0
1272.741,0
1272.822,0
1272.903,0
1272.984,0
1273.064,0
1273.145,0
1273.226,0
1273.306,0
1273.387,0
1273.468,0
1273.548,0
1273.629,0
1273.71,0
1273.79,0
1273.871,0
1273.952,0
1274.033,0
1274.113,0
1274.194,0
1274.275,0
1274.355,0
1274.436,0
1274.517,0
1274.598,0
1274.678,1
1274.759,1
1274.84,1
1274.921,1
1275.001,1
1275.082,1
1275.163,1
1275.243,1
1275.324,0
1275.405,0
1275.486,1
1275.567,1
1275.647,1
1275.728,1
1275.809,0
1275.89,0
1275.97,0
1276.051,0
1276.132,1
1276.213,1
1276.293,1
1276.374,1
1276.455,0
1276.536,0
1276.617,0
1276.697,0
1276.778,0
1276.859,0
1276.94,0
1277.021,0
1277.101,0
1277.182,0
1277.263,0
1277.344,0
1277.425,0
1277.506,1
1277.586,1
1277.667,2
1277.748,2
1277.829,1
1277.91,1
1277.99,0
1278.071,0
1278.152,0
1278.233,0
1278.314,0
1278.395,0
1278.476,0
1278.556,0
1278.637,0
1278.718,0
1278.799,0
1278.88,0
1278.961,0
1279.042,0
1279.122,1
1279.203,1
1279.284,1
1279.365,1
1279.446,0
1279.527,1
1279.608,1
1279.689,1
1279.77,1
1279.85,0
1279.931,0
1280.012,0
1280.093,0
1280.174,0
1280.255,0
1280.336,0
1280.417,0
1280.498,0
1280.579,0
1280.66,0
1280.741,0
1280.821,0
1280.902,1
1280.983,1
1281.064,1
1281.145,1
1281.226,0
1281.307,0
1281.388,0
1281.469,0
1281.55,0
1281.631,0
1281.712,0
1281.793,0
1281.874,0
1281.955,0
1282.036,0
1282.117,0
1282.198,0
1282.279,0
1282.36,0
1282.441,0
1282.522,0
1282.603,0
1282.684,0
1282.764,0
1282.845,0
1282.926,0
1283.007,0
1283.088,0
1283.169,0
1283.25,0
1283.332,0
1283.413,0
1283.494,0
1283.575,0
1283.656,0
1283.737,0
1283.818,0
1283.899,0
1283.98,0
1284.061,0
1284.142,0
1284.223,0
1284.304,0
1284.385,0
1284.466,2
1284.547,2
1284.628,2
1284.709,2
1284.79,0
1284.871,0
1284.952,0
1285.033,0
1285.114,0
1285.195,0
1285.276,0
1285.358,0
1285.439,0
1285.52,0
1285.601,0
1285.682,0
1285.763,0
1285.844,1
1285.925,1
1286.006,1
1286.087,1
1286.168,0
1286.25,0
1286.331,0
1286.412,0
1286.493,0
1286.574,0
1286.655,0
1286.736,0
1286.817,0
1286.898,0
1286.98,0
1287.061,1
1287.142,1
1287.223,1
1287.304,1
1287.385,3
1287.466,3
1287.548,3
1287.629,3
1287.71,0
1287.791,0
1287.872,0
1287.953,0
1288.034,0
1288.116,0
1288.197,0
1288.278,0
1288.359,0
1288.44,0
1288.521,0
1288.603,0
1288.684,1
1288.765,1
1288.846,1
1288.927,1
1289.009,1
1289.09,1
1289.171,1
1289.252,2
1289.333,1
1289.415,1
1289.496,1
1289.577,0
1289.658,0
1289.739,0
1289.821,0
1289.902,0
1289.983,0
1290.064,0
1290.146,0
1290.227,0
1290.308,0
1290.389,0
1290.47,1
1290.552,1
1290.633,1
1290.714,2
1290.795,1
1290.877,1
1290.958,4
1291.039,4
1291.12,4
1291.202,4
1291.283,1
1291.364,0
1291.446,0
1291.527,0
1291.608,0
1291.689,0
1291.771,0
1291.852,0
1291.933,1
1292.015,1
1292.096,2
1292.177,3
1292.258,3
1292.34,3
1292.421,2
1292.502,1
1292.584,0
1292.665,0
1292.746,0
1292.828,0
1292.909,0
1292.99,0
1293.071,0
1293.153,0
1293.234,0
1293.315,0
1293.397,0
1293.478,0
1293.559,1
1293.641,1
1293.722,1
1293.803,1
1293.885,0
1293.966,0
1294.048,0
1294.129,0
1294.21,0
1294.292,0
1294.373,0
1294.454,0
1294.536,0
1294.617,0
1294.698,0
1294.78,0
1294.861,0
1294.943,0
1295.024,0
1295.105,0
1295.187,0
1295.268,0
1295.35,3
1295.431,3
1295.512,3
1295.594,3
1295.675,0
1295.757,0
1295.838,0
1295.919,0
1296.001,0
1296.082,0
1296.164,0
1296.245,1
1296.326,2
1296.408,2
1296.489,2
1296.571,1
1296.652,0
1296.734,2
1296.815,5
1296.897,5
1296.978,5
1297.059,3
1297.141,0
1297.222,0
1297.304,0
1297.385,0
1297.467,0
1297.548,0
1297.63,0
1297.711,0
1297.793,0
1297.874,0
1297.956,0
1298.037,0
1298.118,1
1298.2,1
1298.281,1
1298.363,1
1298.444,0
1298.526,0
1298.607,0
1298.689,0
1298.77,0
1298.852,0
1298.933,0
1299.015,0
1299.096,0
1299.178,0
1299.26,0
1299.341,0
1299.423,0
1299.504,0
1299.586,0
1299.667,0
1299.749,0
1299.83,0
1299.912,1
1299.993,1
1300.075,1
1300.156,1
1300.238,2
1300.319,2
1300.401,2
1300.483,2
1300.564,2
1300.646,2
1300.727,2
1300.809,2
1300.89,0
1300.972,0
1301.054,0
1301.135,0
1301.217,0
1301.298,0
1301.38,0
1301.462,0
1301.543,0
1301.625,0
1301.706,0
1301.788,0
1301.869,0
1301.951,0
1302.033,0
1302.114,0
1302.196,0
1302.278,0
1302.359,0
1302.441,1
1302.522,1
1302.604,1
1302.686,1
1302.767,0
1302.849,0
1302.931,0
1303.012,0
1303.094,0
1303.175,0
1303.257,0
1303.339,0
1303.42,1
1303.502,1
1303.584,1
1303.665,1
1303.747,0
1303.829,0
1303.91,0
1303.992,0
1304.074,0
1304.155,0
1304.237,0
1304.319,0
1304.4,0
1304.482,0
1304.564,0
1304.646,0
1304.727,0
1304.809,0
1304.891,0
1304.972,0
1305.054,0
1305.136,0
1305.217,0
1305.299,1
1305.381,2
1305.463,2
1305.544,2
1305.626,1
1305.708,0
1305.789,0
1305.871,0
1305.953,0
1306.035,0
1306.116,0
1306.198,0
1306.28,0
1306.362,0
1306.443,0
1306.525,0
1306.607,1
1306.689,1
1306.77,1
1306.852,1
1306.934,0
1307.016,1
1307.097,1
1307.179,1
1307.261,1
1307.343,0
1307.425,0
1307.506,0
1307.588,0
1307.67,0
1307.752,0
1307.834,0
1307.915,0
1307.997,0
1308.079,0
1308.161,0
1308.243,0
1308.324,0
1308.406,0
1308.488,0
1308.57,0
1308.652,1
1308.733,1
1308.815,1
1308.897,1
1308.979,0
1309.061,0
1309.143,0
1309.224,0
1309.306,0
1309.388,0
1309.47,0
1309.552,0
1309.634,0
1309.715,0
1309.797,0
1309.879,0
1309.961,0
1310.043,0
1310.125,0
1310.207,0
1310.288,0
1310.37,0
1310.452,0
1310.534,0
1310.616,0
1310.698,0
1310.78,0
1310.862,0
1310.944,0
1311.025,0
1311.107,0
1311.189,0
1311.271,0
1311.353,0
1311.435,0
1311.517,0
1311.599,0
1311.681,0
1311.763,0
1311.845,0
1311.926,0
1312.008,0
1312.09,0
1312.172,1
1312.254,1
1312.336,1
1312.418,1
1312.5,2
1312.582,2
1312.664,2
1312.746,2
1312.828,0
1312.91,0
1312.992,0
1313.074,0
1313.156,0
1313.238,1
1313.32,1
1313.402,1
1313.483,1
1313.565,0
1313.647,0
1313.729,0
1313.811,1
1313.893,1
1313.975,1
1314.057,1
1314.139,0
1314.221,0
1314.303,0
1314.385,0
1314.467,0
1314.549,0
1314.631,0
1314.713,0
1314.795,0
1314.877,0
1314.959,0
1315.041,0
1315.123,0
1315.205,0
1315.288,0
1315.37,0
1315.452,0
1315.534,0
1315.616,0
1315.698,0
1315.78,1
1315.862,1
1315.944,3
1316.026,3
1316.108,2
1316.19,2
1316.272,0
1316.354,0
1316.436,0
1316.518,0
1316.6,0
1316.682,0
1316.764,0
1316.847,0
1316.929,0
1317.011,0
1317.093,0
1317.175,0
1317.257,0
1317.339,0
1317.421,1
1317.503,1
1317.585,1
1317.668,1
1317.75,0
1317.832,2
1317.914,2
1317.996,2
1318.078,2
1318.16,0
1318.242,0
1318.324,0
1318.407,0
1318.489,0
1318.571,0
1318.653,0
1318.735,0
1318.817,0
1318.899,0
1318.982,0
1319.064,0
1319.146,0
1319.228,0
1319.31,0
1319.392,0
1319.474,0
1319.557,0
1319.639,0
1319.721,0
1319.803,1
1319.885,1
1319.968,1
1320.05,1
1320.132,0
1320.214,0
1320.296,0
1320.378,0
1320.461,0
1320.543,0
1320.625,0
1320.707,0
1320.789,0
1320.872,0
1320.954,0
1321.036,0
1321.118,0
1321.2,0
1321.283,0
1321.365,0
1321.447,0
1321.529,0
1321.612,0
1321.694,0
1321.776,0
1321.858,0
1321.941,0
1322.023,0
1322.105,0
1322.187,0
1322.27,0
1322.352,0
1322.434,1
1322.516,1
1322.599,1
1322.681,2
1322.763,3
1322.845,3
1322.928,3
1323.01,2
1323.092,0
1323.174,0
1323.257,0
1323.339,0
1323.421,0
1323.504,0
1323.586,0
1323.668,0
1323.751,0
1323.833,0
1323.915,1
1323.997,1
1324.08,2
1324.162,2
1324.244,1
1324.327,1
1324.409,1
1324.491,1
1324.574,1
1324.656,1
1324.738,0
1324.821,0
1324.903,0
1324.985,0
1325.068,1
1325.15,1
1325.232,1
1325.315,2
1325.397,1
1325.479,1
1325.562,1
1325.644,0
1325.726,0
1325.809,0
1325.891,0
1325.974,0
1326.056,0
1326.138,0
1326.221,0
1326.303,0
1326.385,0
1326.468,0
1326.55,0
1326.633,0
1326.715,0
1326.797,0
1326.88,0
1326.962,0
1327.045,0
1327.127,0
1327.209,0
1327.292,0
1327.374,1
1327.457,1
1327.539,1
1327.621,1
1327.704,0
1327.786,0
1327.869,0
1327.951,0
1328.034,0
1328.116,0
1328.198,0
1328.281,0
1328.363,0
1328.446,0
1328.528,0
1328.611,0
1328.693,0
1328.776,0
1328.858,1
1328.941,1
1329.023,2
1329.105,2
1329.188,1
1329.27,1
1329.353,1
1329.435,1
1329.518,1
1329.6,1
1329.683,0
1329.765,0
1329.848,0
1329.93,1
1330.013,1
1330.095,1
1330.178,1
1330.26,0
1330.343,0
1330.425,0
1330.508,0
1330.59,0
1330.673,0
1330.755,0
1330.838,0
1330.92,0
1331.003,0
1331.085,0
1331.168,0
1331.251,0
1331.333,0
1331.416,0
1331.498,0
1331.581,0
1331.663,0
1331.746,0
1331.828,0
1331.911,0
1331.993,0
1332.076,0
1332.159,0
1332.241,0
1332.324,0
1332.406,0
1332.489,0
1332.571,1
1332.654,1
1332.737,1
1332.819,1
1332.902,1
1332.984,1
1333.067,1
1333.15,1
1333.232,0
1333.315,0
1333.397,0
1333.48,0
1333.563,0
1333.645,0
1333.728,0
1333.81,0
1333.893,0
1333.976,0
1334.058,0
1334.141,0
1334.223,0
1334.306,0
1334.389,0
1334.471,0
1334.554,0
1334.637,0
1334.719,0
1334.802,0
1334.885,0
1334.967,0
1335.05,0
1335.133,0
1335.215,0
1335.298,0
1335.381,0
1335.463,0
1335.546,0
1335.629,0
1335.711,0
1335.794,0
1335.877,0
1335.959,0
1336.042,0
1336.125,0
1336.207,2
1336.29,2
1336.373,2
1336.455,2
1336.538,1
1336.621,1
1336.704,1
1336.786,1
1336.869,0
1336.952,0
1337.034,0
1337.117,0
1337.2,0
1337.283,0
1337.365,0
1337.448,0
1337.531,0
1337.614,0
1337.696,0
1337.779,0
1337.862,0
1337.944,0
1338.027,0
1338.11,0
1338.193,0
1338.275,0
1338.358,1
1338.441,1
1338.524,1
1338.607,1
1338.689,0
1338.772,0
1338.855,0
1338.938,0
1339.02,0
1339.103,0
1339.186,0
1339.269,0
1339.352,0
1339.434,0
1339.517,0
1339.6,2
1339.683,2
1339.766,2
1339.848,3
1339.931,1
1340.014,2
1340.097,2
1340.18,1
1340.262,1
1340.345,0
1340.428,0
1340.511,0
1340.594,0
1340.677,0
1340.759,0
1340.842,0
1340.925,0
1341.008,0
1341.091,0
1341.174,0
1341.256,0
1341.339,0
1341.422,0
1341.505,0
1341.588,0
1341.671,0
1341.754,0
1341.836,0
1341.919,0
1342.002,0
1342.085,0
1342.168,0
1342.251,1
1342.334,1
1342.417,1
1342.5,1
1342.582,0
1342.665,0
1342.748,0
1342.831,0
1342.914,0
1342.997,0
1343.08,0
1343.163,0
1343.246,0
1343.329,2
1343.411,2
1343.494,2
1343.577,2
1343.66,0
1343.743,0
1343.826,0
1343.909,0
1343.992,0
1344.075,0
1344.158,0
1344.241,0
1344.324,0
1344.407,0
1344.49,0
1344.573,2
1344.656,2
1344.738,2
1344.821,2
1344.904,0
1344.987,0
1345.07,0
1345.153,0
1345.236,0
1345.319,0
1345.402,0
1345.485,0
1345.568,0
1345.651,0
1345.734,1
1345.817,1
1345.9,1
1345.983,1
1346.066,0
1346.149,0
1346.232,0
1346.315,0
1346.398,0
1346.481,1
1346.564,1
1346.647,1
1346.73,1
1346.813,0
1346.896,0
1346.979,1
1347.062,2
1347.145,3
1347.228,4
1347.312,3
1347.395,2
1347.478,1
1347.561,0
1347.644,0
1347.727,0
1347.81,0
1347.893,1
1347.976,1
1348.059,1
1348.142,1
1348.225,1
1348.308,1
1348.391,1
1348.474,1
1348.557,0
1348.641,0
1348.724,0
1348.807,0
1348.89,0
1348.973,0
1349.056,0
1349.139,0
1349.222,0
1349.305,0
1349.388,1
1349.471,1
1349.555,1
1349.638,1
1349.721,0
1349.804,0
1349.887,0
1349.97,0
1350.053,0
1350.136,0
1350.22,0
1350.303,0
1350.386,0
1350.469,0
1350.552,0
1350.635,0
1350.718,0
1350.802,0
1350.885,0
1350.968,0
1351.051,0
1351.134,0
1351.217,0
1351.301,0
1351.384,0
1351.467,0
1351.55,0
1351.633,0
1351.716,0
1351.8,0
1351.883,0
1351.966,0
1352.049,0
1352.132,0
1352.216,0
1352.299,0
1352.382,0
1352.465,0
1352.548,0
1352.632,0
1352.715,0
1352.798,0
1352.881,1
1352.964,1
1353.048,1
1353.131,1
1353.214,1
1353.297,1
1353.381,1
1353.464,1
1353.547,0
1353.63,0
1353.713,1
1353.797,1
1353.88,1
1353.963,1
1354.046,0
1354.13,0
1354.213,0
1354.296,0
1354.379,0
1354.463,0
1354.546,0
1354.629,0
1354.713,0
1354.796,0
1354.879,0
1354.962,0
1355.046,0
1355.129,0
1355.212,2
1355.296,2
1355.379,2
1355.462,2
1355.545,0
1355.629,0
1355.712,0
1355.795,0
1355.879,0
1355.962,0
1356.045,0
1356.129,0
1356.212,0
1356.295,0
1356.379,0
1356.462,0
1356.545,0
1356.629,0
1356.712,0
1356.795,0
1356.879,0
1356.962,0
1357.045,0
1357.129,0
1357.212,0
1357.295,0
1357.379,0
1357.462,0
1357.545,0
1357.629,0
1357.712,0
1357.795,0
1357.879,0
1357.962,0
1358.046,0
1358.129,0
1358.212,0
1358.296,0
1358.379,1
1358.462,1
1358.546,1
1358.629,1
1358.713,0
1358.796,0
1358.879,0
1358.963,0
1359.046,0
1359.13,0
1359.213,0
1359.297,0
1359.38,0
1359.463,0
1359.547,0
1359.63,0
1359.714,0
1359.797,0
1359.881,0
1359.964,0
1360.047,1
1360.131,1
1360.214,1
1360.298,1
1360.381,0
1360.465,0
1360.548,0
1360.632,0
1360.715,0
1360.798,0
1360.882,0
1360.965,0
1361.049,0
1361.132,0
1361.216,0
1361.299,0
1361.383,0
1361.466,0
1361.55,1
1361.633,1
1361.717,1
1361.8,1
1361.884,0
1361.967,0
1362.051,0
1362.134,0
1362.218,0
1362.301,0
1362.385,0
1362.468,0
1362.552,0
1362.635,0
1362.719,0
1362.802,0
1362.886,0
1362.969,0
1363.053,0
1363.136,0
1363.22,0
1363.304,0
1363.387,0
1363.471,0
1363.554,0
1363.638,0
1363.721,0
1363.805,0
1363.888,0
1363.972,0
1364.056,0
1364.139,0
1364.223,0
1364.306,0
1364.39,0
1364.473,0
1364.557,0
1364.641,0
1364.724,0
1364.808,0
1364.891,0
1364.975,0
1365.059,1
1365.142,1
1365.226,1
1365.309,1
1365.393,0
1365.477,0
1365.56,0
1365.644,0
1365.727,0
1365.811,0
1365.895,0
1365.978,0
1366.062,0
1366.145,1
1366.229,1
1366.313,1
1366.396,1
1366.48,0
1366.564,0
1366.647,0
1366.731,0
1366.815,0
1366.898,1
1366.982,1
1367.066,1
1367.149,1
1367.233,0
1367.317,0
1367.4,0
1367.484,0
1367.568,0
1367.651,0
1367.735,0
1367.819,0
1367.902,0
1367.986,1
1368.07,1
1368.153,1
1368.237,1
1368.321,0
1368.404,1
1368.488,1
1368.572,1
1368.656,1
1368.739,1
1368.823,1
1368.907,1
1368.99,1
1369.074,0
1369.158,0
1369.242,0
1369.325,0
1369.409,0
1369.493,0
1369.577,0
1369.66,0
1369.744,0
1369.828,0
1369.911,1
1369.995,1
1370.079,2
1370.163,2
1370.247,1
1370.33,2
1370.414,1
1370.498,1
1370.582,1
1370.665,0
1370.749,0
1370.833,0
1370.917,0
1371.00,0
1371.084,0
1371.168,0
1371.252,0
1371.336,0
1371.419,1
1371.503,1
1371.587,1
1371.671,1
1371.755,0
1371.838,0
1371.922,0
1372.006,3
1372.09,3
1372.174,3
1372.257,3
1372.341,0
1372.425,1
1372.509,1
1372.593,1
1372.677,1
1372.76,0
1372.844,0
1372.928,0
1373.012,0
1373.096,0
1373.18,1
1373.264,1
1373.347,1
1373.431,1
1373.515,0
1373.599,1
1373.683,2
1373.767,2
1373.851,2
1373.934,1
1374.018,0
1374.102,0
1374.186,0
1374.27,0
1374.354,0
1374.438,0
1374.522,0
1374.605,0
1374.689,0
1374.773,1
1374.857,1
1374.941,1
1375.025,1
1375.109,0
1375.193,0
1375.277,0
1375.361,0
1375.445,0
1375.528,0
1375.612,0
1375.696,0
1375.78,0
1375.864,0
1375.948,0
1376.032,0
1376.116,0
1376.2,0
1376.284,0
1376.368,0
1376.452,0
1376.536,0
1376.62,0
1376.704,0
1376.788,0
1376.872,0
1376.956,0
1377.039,0
1377.123,1
1377.207,1
1377.291,1
1377.375,1
1377.459,1
1377.543,1
1377.627,1
1377.711,1
1377.795,0
1377.879,0
1377.963,0
1378.047,0
1378.131,0
1378.215,0
1378.299,0
1378.383,0
1378.467,0
1378.551,1
1378.635,1
1378.719,1
1378.803,1
1378.887,0
1378.971,1
1379.056,1
1379.14,1
1379.224,1
1379.308,0
1379.392,0
1379.476,0
1379.56,0
1379.644,0
1379.728,0
1379.812,0
1379.896,0
1379.98,0
1380.064,0
1380.148,0
1380.232,0
1380.316,0
1380.4,0
1380.484,0
1380.569,0
1380.653,0
1380.737,0
1380.821,0
1380.905,0
1380.989,0
1381.073,0
1381.157,0
1381.241,0
1381.325,0
1381.409,0
1381.494,0
1381.578,0
1381.662,0
1381.746,0
1381.83,0
1381.914,1
1381.998,1
1382.082,1
1382.166,1
1382.251,0
1382.335,0
1382.419,0
1382.503,0
1382.587,0
1382.671,0
1382.755,0
1382.84,0
1382.924,0
1383.008,0
1383.092,0
1383.176,0
1383.26,0
1383.345,0
1383.429,1
1383.513,1
1383.597,1
1383.681,1
1383.765,0
1383.85,1
1383.934,2
1384.018,3
1384.102,3
1384.186,2
1384.271,1
1384.355,1
1384.439,1
1384.523,1
1384.607,2
1384.692,1
1384.776,1
1384.86,1
1384.944,0
1385.028,0
1385.113,0
1385.197,0
1385.281,0
1385.365,0
1385.449,0
1385.534,0
1385.618,0
1385.702,0
1385.786,0
1385.871,0
1385.955,0
1386.039,0
1386.123,0
1386.208,0
1386.292,0
1386.376,0
1386.46,0
1386.545,0
1386.629,0
1386.713,0
1386.798,0
1386.882,0
1386.966,0
1387.05,0
1387.135,0
1387.219,0
1387.303,0
1387.387,0
1387.472,0
1387.556,0
1387.64,1
1387.725,1
1387.809,1
1387.893,1
1387.978,0
1388.062,0
1388.146,0
1388.231,0
1388.315,0
1388.399,0
1388.483,0
1388.568,0
1388.652,1
1388.736,1
1388.821,1
1388.905,1
1388.989,0
1389.074,0
1389.158,0
1389.242,0
1389.327,0
1389.411,0
1389.496,0
1389.58,0
1389.664,0
1389.749,0
1389.833,0
1389.917,1
1390.002,1
1390.086,1
1390.17,1
1390.255,1
1390.339,1
1390.424,1
1390.508,1
1390.592,0
1390.677,0
1390.761,1
1390.846,1
1390.93,1
1391.014,2
1391.099,1
1391.183,1
1391.268,1
1391.352,0
1391.436,0
1391.521,0
1391.605,0
1391.69,0
1391.774,0
1391.859,0
1391.943,0
1392.027,0
1392.112,0
1392.196,0
1392.281,0
1392.365,0
1392.45,0
1392.534,0
1392.618,0
1392.703,0
1392.787,1
1392.872,2
1392.956,3
1393.041,6
1393.125,8
1393.21,7
1393.294,6
1393.379,3
1393.463,0
1393.548,0
1393.632,0
1393.717,0
1393.801,0
1393.886,0
1393.97,1
1394.055,1
1394.139,1
1394.224,1
1394.308,0
1394.393,0
1394.477,0
1394.562,0
1394.646,0
1394.731,1
1394.815,1
1394.9,1
1394.984,1
1395.069,0
1395.153,2
1395.238,2
1395.322,2
1395.407,2
1395.491,0
1395.576,0
1395.66,0
1395.745,0
1395.83,0
1395.914,0
1395.999,0
1396.083,0
1396.168,0
1396.252,0
1396.337,0
1396.421,0
1396.506,0
1396.591,0
1396.675,0
1396.76,0
1396.844,0
1396.929,0
1397.014,0
1397.098,0
1397.183,0
1397.267,0
1397.352,0
1397.437,0
1397.521,0
1397.606,0
1397.69,0
1397.775,1
1397.86,1
1397.944,1
1398.029,1
1398.113,0
1398.198,0
1398.283,0
1398.367,0
1398.452,0
1398.537,0
1398.621,0
1398.706,0
1398.79,0
1398.875,0
1398.96,0
1399.044,0
1399.129,0
1399.214,0
1399.298,0
1399.383,0
1399.468,0
1399.552,0
1399.637,0
1399.722,0
1399.806,0
1399.891,0
1399.976,0
1400.06,0
1400.145,0
1400.23,0
1400.314,0
1400.399,0
1400.484,0
1400.569,0
1400.653,0
1400.738,0
1400.823,0
1400.907,0
1400.992,0
1401.077,0
1401.161,0
1401.246,0
1401.331,0
1401.416,0
1401.5,0
1401.585,0
1401.67,0
1401.755,0
1401.839,0
1401.924,0
1402.009,0
1402.093,0
1402.178,0
1402.263,0
1402.348,0
1402.432,0
1402.517,0
1402.602,0
1402.687,0
1402.772,0
1402.856,0
1402.941,0
1403.026,0
1403.111,0
1403.195,0
1403.28,1
1403.365,1
1403.45,1
1403.535,1
1403.619,0
1403.704,0
1403.789,0
1403.874,0
1403.958,0
1404.043,0
1404.128,0
1404.213,0
1404.298,0
1404.383,0
1404.467,0
1404.552,0
1404.637,1
1404.722,1
1404.807,1
1404.891,1
1404.976,0
1405.061,0
1405.146,0
1405.231,0
1405.316,0
1405.401,0
1405.485,0
1405.57,0
1405.655,0
1405.74,0
1405.825,0
1405.91,0
1405.994,0
1406.079,0
1406.164,0
1406.249,0
1406.334,0
1406.419,0
1406.504,0
1406.589,0
1406.673,0
1406.758,0
1406.843,0
1406.928,0
1407.013,0
1407.098,0
1407.183,2
1407.268,2
1407.353,3
1407.438,3
1407.522,1
1407.607,1
1407.692,1
1407.777,1
1407.862,1
1407.947,1
1408.032,0
1408.117,0
1408.202,0
1408.287,1
1408.372,1
1408.457,1
1408.542,1
1408.627,0
1408.711,0
1408.796,0
1408.881,0
1408.966,0
1409.051,0
1409.136,0
1409.221,1
1409.306,1
1409.391,1
1409.476,1
1409.561,0
1409.646,0
1409.731,0
1409.816,0
1409.901,0
1409.986,0
1410.071,0
1410.156,0
1410.241,0
1410.326,0
1410.411,0
1410.496,0
1410.581,0
1410.666,0
1410.751,0
1410.836,0
1410.921,0
1411.006,0
1411.091,0
1411.176,0
1411.261,0
1411.346,0
1411.431,0
1411.516,0
1411.601,0
1411.686,0
1411.771,0
1411.856,1
1411.941,1
1412.026,1
1412.111,1
1412.197,0
1412.282,0
1412.367,0
1412.452,0
1412.537,0
1412.622,0
1412.707,0
1412.792,0
1412.877,0
1412.962,0
1413.047,0
1413.132,0
1413.217,0
1413.302,0
1413.388,0
1413.473,0
1413.558,0
1413.643,0
1413.728,1
1413.813,1
1413.898,1
1413.983,1
1414.068,0
1414.153,0
1414.239,0
1414.324,0
1414.409,1
1414.494,1
1414.579,1
1414.664,1
1414.749,0
1414.834,0
1414.92,0
1415.005,0
1415.09,0
1415.175,0
1415.26,0
1415.345,0
1415.431,0
1415.516,0
1415.601,0
1415.686,0
1415.771,0
1415.856,0
1415.941,0
1416.027,0
1416.112,1
1416.197,1
1416.282,1
1416.367,1
1416.453,0
1416.538,0
1416.623,0
1416.708,0
1416.793,0
1416.878,0
1416.964,0
1417.049,0
1417.134,0
1417.219,0
1417.305,0
1417.39,0
1417.475,0
1417.56,0
1417.645,0
1417.731,0
1417.816,0
1417.901,0
1417.986,0
1418.072,0
1418.157,0
1418.242,0
1418.327,0
1418.412,0
1418.498,0
1418.583,0
1418.668,0
1418.753,1
1418.839,2
1418.924,2
1419.009,2
1419.095,1
1419.18,1
1419.265,1
1419.35,1
1419.436,1
1419.521,0
1419.606,0
1419.691,0
1419.777,0
1419.862,0
1419.947,0
1420.033,0
1420.118,0
1420.203,0
1420.289,0
1420.374,0
1420.459,0
1420.544,0
1420.63,0
1420.715,0
1420.8,0
1420.886,0
1420.971,1
1421.056,1
1421.142,1
1421.227,1
1421.312,0
1421.398,0
1421.483,0
1421.568,0
1421.654,0
1421.739,0
1421.824,0
1421.91,0
1421.995,0
1422.08,0
1422.166,1
1422.251,1
1422.337,1
1422.422,1
1422.507,0
1422.593,1
1422.678,1
1422.763,1
1422.849,1
1422.934,0
1423.02,0
1423.105,0
1423.19,0
1423.276,0
1423.361,0
1423.447,0
1423.532,0
1423.617,0
1423.703,0
1423.788,0
1423.874,0
1423.959,0
1424.044,0
1424.13,0
1424.215,0
1424.301,0
1424.386,0
1424.471,0
1424.557,0
1424.642,0
1424.728,0
1424.813,1
1424.899,1
1424.984,1
1425.07,1
1425.155,0
1425.24,0
1425.326,0
1425.411,0
1425.497,0
1425.582,0
1425.668,0
1425.753,0
1425.839,0
1425.924,0
1426.01,0
1426.095,0
1426.181,0
1426.266,0
1426.352,0
1426.437,0
1426.523,0
1426.608,0
1426.694,0
1426.779,0
1426.865,0
1426.95,0
1427.036,0
1427.121,0
1427.207,0
1427.292,0
1427.378,0
1427.463,0
1427.549,0
1427.634,0
1427.72,0
1427.805,0
1427.891,0
1427.976,0
1428.062,0
1428.147,0
1428.233,0
1428.319,0
1428.404,0
1428.49,0
1428.575,0
1428.661,0
1428.746,0
1428.832,3
1428.917,3
1429.003,3
1429.089,3
1429.174,6
1429.26,5
1429.345,4
1429.431,3
1429.516,1
1429.602,2
1429.688,2
1429.773,2
1429.859,2
1429.944,1
1430.03,1
1430.116,1
1430.201,0
1430.287,0
1430.372,0
1430.458,0
1430.544,0
1430.629,0
1430.715,0
1430.8,0
1430.886,0
1430.972,0
1431.057,0
1431.143,0
1431.229,0
1431.314,1
1431.4,1
1431.486,1
1431.571,1
1431.657,1
1431.743,1
1431.828,1
1431.914,1
1431.999,0
1432.085,0
1432.171,0
1432.256,0
1432.342,1
1432.428,1
1432.513,1
1432.599,1
1432.685,0
1432.771,0
1432.856,0
1432.942,0
1433.028,0
1433.113,0
1433.199,0
1433.285,0
1433.37,0
1433.456,0
1433.542,0
1433.628,0
1433.713,0
1433.799,0
1433.885,0
1433.97,1
1434.056,1
1434.142,1
1434.228,1
1434.313,0
1434.399,1
1434.485,2
1434.57,3
1434.656,5
1434.742,6
1434.828,5
1434.913,4
1434.999,3
1435.085,1
1435.171,1
1435.256,1
1435.342,0
1435.428,0
1435.514,0
1435.6,0
1435.685,1
1435.771,1
1435.857,1
1435.943,1
1436.028,0
1436.114,0
1436.2,0
1436.286,1
1436.372,1
1436.457,1
1436.543,1
1436.629,1
1436.715,1
1436.801,1
1436.886,1
1436.972,0
1437.058,1
1437.144,1
1437.23,1
1437.315,1
1437.401,0
1437.487,0
1437.573,0
1437.659,0
1437.745,0
1437.83,0
1437.916,0
1438.002,0
1438.088,0
1438.174,0
1438.26,0
1438.346,0
1438.431,0
1438.517,0
1438.603,0
1438.689,0
1438.775,0
1438.861,0
1438.947,0
1439.032,0
1439.118,0
1439.204,0
1439.29,0
1439.376,0
1439.462,0
1439.548,0
1439.634,0
1439.719,0
1439.805,0
1439.891,0
1439.977,0
1440.063,0
1440.149,0
1440.235,0
1440.321,0
1440.407,0
1440.493,0
1440.579,0
1440.664,0
1440.75,0
1440.836,1
1440.922,1
1441.008,1
1441.094,1
1441.18,0
1441.266,1
1441.352,1
1441.438,1
1441.524,1
1441.61,0
1441.696,0
1441.782,0
1441.868,0
1441.954,0
1442.04,0
1442.126,1
1442.212,1
1442.298,1
1442.384,1
1442.469,1
1442.555,1
1442.641,1
1442.727,1
1442.813,0
1442.899,0
1442.985,0
1443.071,0
1443.157,0
1443.243,1
1443.329,1
1443.415,1
1443.501,1
1443.587,0
1443.673,0
1443.759,0
1443.845,0
1443.931,0
1444.018,0
1444.104,0
1444.19,0
1444.276,0
1444.362,0
1444.448,0
1444.534,0
1444.62,0
1444.706,1
1444.792,1
1444.878,1
1444.964,1
1445.05,0
1445.136,0
1445.222,0
1445.308,0
1445.394,1
1445.48,1
1445.566,2
1445.652,2
1445.739,1
1445.825,1
1445.911,0
1445.997,0
1446.083,1
1446.169,1
1446.255,2
1446.341,2
1446.427,1
1446.513,1
1446.599,0
1446.686,0
1446.772,0
1446.858,0
1446.944,0
1447.03,0
1447.116,1
1447.202,1
1447.288,2
1447.375,2
1447.461,1
1447.547,1
1447.633,1
1447.719,1
1447.805,2
1447.891,2
1447.977,1
1448.064,1
1448.15,1
1448.236,1
1448.322,1
1448.408,1
1448.494,0
1448.581,0
1448.667,0
1448.753,0
1448.839,1
1448.925,2
1449.011,3
1449.098,3
1449.184,2
1449.27,1
1449.356,0
1449.442,0
1449.529,0
1449.615,0
1449.701,0
1449.787,0
1449.873,0
1449.96,0
1450.046,0
1450.132,0
1450.218,0
1450.304,0
1450.391,0
1450.477,0
1450.563,1
1450.649,1
1450.735,1
1450.822,1
1450.908,0
1450.994,0
1451.08,0
1451.167,0
1451.253,0
1451.339,0
1451.425,0
1451.512,0
1451.598,0
1451.684,0
1451.77,0
1451.857,0
1451.943,0
1452.029,0
1452.115,0
1452.202,0
1452.288,0
1452.374,0
1452.461,0
1452.547,0
1452.633,0
1452.719,0
1452.806,0
1452.892,0
1452.978,1
1453.065,1
1453.151,1
1453.237,1
1453.324,0
1453.41,0
1453.496,0
1453.582,0
1453.669,0
1453.755,0
1453.841,0
1453.928,0
1454.014,0
1454.1,0
1454.187,0
1454.273,0
1454.359,0
1454.446,0
1454.532,0
1454.618,0
1454.705,0
1454.791,0
1454.878,0
1454.964,0
1455.05,0
1455.137,0
1455.223,0
1455.309,0
1455.396,0
1455.482,0
1455.568,0
1455.655,1
1455.741,1
1455.828,1
1455.914,1
1456.00,0
1456.087,0
1456.173,0
1456.26,0
1456.346,0
1456.432,0
1456.519,0
1456.605,0
1456.692,0
1456.778,0
1456.864,0
1456.951,0
1457.037,0
1457.124,0
1457.21,0
1457.296,0
1457.383,0
1457.469,0
1457.556,0
1457.642,0
1457.729,0
1457.815,0
1457.902,0
1457.988,1
1458.074,1
1458.161,1
1458.247,1
1458.334,0
1458.42,0
1458.507,0
1458.593,0
1458.68,0
1458.766,1
1458.853,1
1458.939,1
1459.026,1
1459.112,0
1459.199,0
1459.285,0
1459.372,0
1459.458,0
1459.544,0
1459.631,0
1459.717,0
1459.804,1
1459.89,1
1459.977,1
1460.064,1
1460.15,0
1460.237,0
1460.323,0
1460.41,0
1460.496,0
1460.583,1
1460.669,1
1460.756,1
1460.842,1
1460.929,0
1461.015,0
1461.102,0
1461.188,0
1461.275,0
1461.361,0
1461.448,0
1461.535,0
1461.621,0
1461.708,0
1461.794,0
1461.881,0
1461.967,0
1462.054,0
1462.141,0
1462.227,0
1462.314,0
1462.4,0
1462.487,0
1462.573,0
1462.66,0
1462.747,0
1462.833,1
1462.92,1
1463.006,1
1463.093,1
1463.18,0
1463.266,0
1463.353,0
1463.439,0
1463.526,0
1463.613,0
1463.699,1
1463.786,1
1463.873,1
1463.959,1
1464.046,0
1464.132,0
1464.219,0
1464.306,0
1464.392,1
1464.479,1
1464.566,1
1464.652,1
1464.739,0
1464.826,0
1464.912,0
1464.999,0
1465.086,0
1465.172,0
1465.259,0
1465.346,0
1465.432,0
1465.519,0
1465.606,0
1465.692,0
1465.779,0
1465.866,1
1465.952,1
1466.039,1
1466.126,1
1466.212,0
1466.299,0
1466.386,0
1466.473,0
1466.559,0
1466.646,0
1466.733,1
1466.819,1
1466.906,1
1466.993,1
1467.08,1
1467.166,1
1467.253,1
1467.34,1
1467.426,0
1467.513,0
1467.6,0
1467.687,0
1467.773,0
1467.86,0
1467.947,0
1468.034,0
1468.12,0
1468.207,0
1468.294,0
1468.381,0
1468.467,1
1468.554,2
1468.641,2
1468.728,2
1468.815,1
1468.901,0
1468.988,0
1469.075,0
1469.162,0
1469.248,0
1469.335,0
1469.422,0
1469.509,0
1469.596,0
1469.682,0
1469.769,0
1469.856,0
1469.943,0
1470.03,0
1470.116,0
1470.203,1
1470.29,1
1470.377,1
1470.464,1
1470.551,0
1470.637,0
1470.724,0
1470.811,0
1470.898,0
1470.985,0
1471.072,0
1471.158,0
1471.245,0
1471.332,0
1471.419,0
1471.506,0
1471.593,0
1471.68,0
1471.766,0
1471.853,0
1471.94,0
1472.027,0
1472.114,0
1472.201,1
1472.288,2
1472.375,2
1472.461,2
1472.548,1
1472.635,0
1472.722,0
1472.809,0
1472.896,0
1472.983,0
1473.07,0
1473.157,0
1473.243,0
1473.33,0
1473.417,0
1473.504,0
1473.591,0
1473.678,0
1473.765,0
1473.852,1
1473.939,1
1474.026,1
1474.113,1
1474.2,0
1474.287,0
1474.374,0
1474.46,0
1474.547,0
1474.634,0
1474.721,0
1474.808,0
1474.895,0
1474.982,0
1475.069,0
1475.156,0
1475.243,0
1475.33,0
1475.417,1
1475.504,1
1475.591,1
1475.678,1
1475.765,3
1475.852,3
1475.939,3
1476.026,3
1476.113,0
1476.2,0
1476.287,0
1476.374,0
1476.461,0
1476.548,0
1476.635,0
1476.722,0
1476.809,0
1476.896,0
1476.983,0
1477.07,0
1477.157,0
1477.244,0
1477.331,0
1477.418,0
1477.505,0
1477.592,0
1477.679,0
1477.766,0
1477.853,0
1477.94,0
1478.027,0
1478.114,0
1478.202,0
1478.289,0
1478.376,0
1478.463,0
1478.55,0
1478.637,0
1478.724,0
1478.811,0
1478.898,0
1478.985,0
1479.072,0
1479.159,0
1479.246,0
1479.333,0
1479.421,0
1479.508,0
1479.595,0
1479.682,0
1479.769,0
1479.856,0
1479.943,1
1480.03,1
1480.117,1
1480.205,1
1480.292,0
1480.379,0
1480.466,1
1480.553,1
1480.64,1
1480.727,1
1480.814,0
1480.902,0
1480.989,0
1481.076,0
1481.163,0
1481.25,0
1481.337,0
1481.424,0
1481.512,0
1481.599,0
1481.686,0
1481.773,0
1481.86,0
1481.947,1
1482.035,1
1482.122,1
1482.209,1
1482.296,0
1482.383,0
1482.47,0
1482.558,0
1482.645,0
1482.732,0
1482.819,0
1482.906,0
1482.994,0
1483.081,0
1483.168,0
1483.255,0
1483.342,0
1483.43,0
1483.517,0
1483.604,0
1483.691,0
1483.779,0
1483.866,1
1483.953,2
1484.04,3
1484.127,5
1484.215,4
1484.302,3
1484.389,2
1484.476,0
1484.564,0
1484.651,0
1484.738,0
1484.825,0
1484.913,0
1485.00,0
1485.087,0
1485.174,0
1485.262,0
1485.349,0
1485.436,0
1485.524,0
1485.611,0
1485.698,0
1485.785,0
1485.873,0
1485.96,0
1486.047,0
1486.135,0
1486.222,0
1486.309,0
1486.396,0
1486.484,0
1486.571,0
1486.658,0
1486.746,0
1486.833,0
1486.92,0
1487.008,1
1487.095,1
1487.182,2
1487.27,4
1487.357,3
1487.444,3
1487.532,2
1487.619,0
1487.706,0
1487.794,0
1487.881,0
1487.968,0
1488.056,0
1488.143,0
1488.23,0
1488.318,0
1488.405,0
1488.493,0
1488.58,0
1488.667,0
1488.755,1
1488.842,2
1488.929,2
1489.017,2
1489.104,1
1489.192,0
1489.279,0
1489.366,0
1489.454,0
1489.541,0
1489.629,0
1489.716,0
1489.803,0
1489.891,0
1489.978,0
1490.066,1
1490.153,1
1490.24,1
1490.328,1
1490.415,0
1490.503,0
1490.59,0
1490.677,0
1490.765,0
1490.852,0
1490.94,0
1491.027,0
1491.115,0
1491.202,0
1491.29,0
1491.377,0
1491.464,0
1491.552,0
1491.639,0
1491.727,0
1491.814,0
1491.902,0
1491.989,0
1492.077,0
1492.164,0
1492.252,0
1492.339,0
1492.427,0
1492.514,1
1492.602,1
1492.689,1
1492.777,1
1492.864,0
1492.952,0
1493.039,0
1493.127,0
1493.214,0
1493.302,0
1493.389,0
1493.477,0
1493.564,0
1493.652,0
1493.739,0
1493.827,0
1493.914,0
1494.002,0
1494.089,1
1494.177,1
1494.264,2
1494.352,2
1494.439,1
1494.527,2
1494.615,1
1494.702,2
1494.79,2
1494.877,2
1494.965,2
1495.052,1
1495.14,1
1495.227,0
1495.315,1
1495.403,1
1495.49,1
1495.578,1
1495.665,0
1495.753,0
1495.84,0
1495.928,0
1496.016,0
1496.103,0
1496.191,0
1496.278,0
1496.366,0
1496.454,0
1496.541,0
1496.629,1
1496.716,1
1496.804,1
1496.892,1
1496.979,0
1497.067,1
1497.155,1
1497.242,1
1497.33,1
1497.417,0
1497.505,0
1497.593,0
1497.68,0
1497.768,0
1497.856,0
1497.943,0
1498.031,0
1498.119,0
1498.206,1
1498.294,1
1498.382,1
1498.469,1
1498.557,0
1498.645,1
1498.732,1
1498.82,1
1498.908,1
1498.995,0
1499.083,0
1499.171,1
1499.258,1
1499.346,1
1499.434,1
1499.521,1
1499.609,1
1499.697,1
1499.785,1
1499.872,0
1499.96,0
1500.048,0
1500.135,0
1500.223,0
1500.311,0
1500.398,0
1500.486,0
1500.574,0
1500.662,0
1500.749,0
1500.837,0
1500.925,0
1501.013,2
1501.1,2
1501.188,2
1501.276,3
1501.364,1
1501.451,1
1501.539,1
1501.627,0
1501.715,0
1501.802,0
1501.89,0
1501.978,0
1502.066,0
1502.153,0
1502.241,1
1502.329,1
1502.417,1
1502.505,1
1502.592,0
1502.68,1
1502.768,1
1502.856,1
1502.944,1
1503.031,0
1503.119,0
1503.207,0
1503.295,0
1503.383,0
1503.47,0
1503.558,0
1503.646,0
1503.734,0
1503.822,0
1503.909,0
1503.997,0
1504.085,0
1504.173,0
1504.261,0
1504.349,0
1504.436,0
1504.524,0
1504.612,0
1504.7,0
1504.788,0
1504.876,0
1504.964,0
1505.051,0
1505.139,0
1505.227,0
1505.315,0
1505.403,0
1505.491,0
1505.579,0
1505.666,0
1505.754,0
1505.842,0
1505.93,0
1506.018,0
1506.106,0
1506.194,0
1506.282,0
1506.37,0
1506.458,0
1506.545,0
1506.633,0
1506.721,0
1506.809,0
1506.897,0
1506.985,0
1507.073,0
1507.161,0
1507.249,0
1507.337,0
1507.425,0
1507.513,0
1507.6,0
1507.688,0
1507.776,0
1507.864,0
1507.952,1
1508.04,1
1508.128,1
1508.216,1
1508.304,1
1508.392,1
1508.48,1
1508.568,1
1508.656,0
1508.744,0
1508.832,0
1508.92,0
1509.008,1
1509.096,1
1509.184,1
1509.272,1
1509.36,0
1509.448,0
1509.536,0
1509.624,0
1509.712,0
1509.8,0
1509.888,0
1509.976,0
1510.064,0
1510.152,0
1510.24,0
1510.328,0
1510.416,1
1510.504,1
1510.592,1
1510.68,1
1510.768,0
1510.856,0
1510.944,0
1511.032,0
1511.12,0
1511.208,0
1511.296,0
1511.384,0
1511.472,1
1511.56,1
1511.648,1
1511.736,1
1511.824,0
1511.912,0
1512.001,0
1512.089,0
1512.177,0
1512.265,0
1512.353,0
1512.441,0
1512.529,0
1512.617,0
1512.705,0
1512.793,0
1512.881,0
1512.969,0
1513.058,0
1513.146,0
1513.234,1
1513.322,1
1513.41,1
1513.498,1
1513.586,0
1513.674,0
1513.762,0
1513.851,0
1513.939,0
1514.027,0
1514.115,0
1514.203,0
1514.291,0
1514.379,0
1514.467,0
1514.556,0
1514.644,0
1514.732,0
1514.82,0
1514.908,0
1514.996,1
1515.084,1
1515.173,1
1515.261,2
1515.349,1
1515.437,1
1515.525,1
1515.613,1
1515.702,1
1515.79,1
1515.878,1
1515.966,0
1516.054,0
1516.143,0
1516.231,0
1516.319,1
1516.407,1
1516.495,1
1516.584,1
1516.672,0
1516.76,0
1516.848,0
1516.936,0
1517.025,0
1517.113,0
1517.201,0
1517.289,0
1517.377,0
1517.466,0
1517.554,0
1517.642,0
1517.73,0
1517.819,0
1517.907,0
1517.995,0
1518.083,0
1518.172,1
1518.26,1
1518.348,2
1518.436,2
1518.525,1
1518.613,1
1518.701,0
1518.789,0
1518.878,0
1518.966,0
1519.054,0
1519.143,0
1519.231,0
1519.319,0
1519.407,0
1519.496,0
1519.584,0
1519.672,1
1519.761,1
1519.849,1
1519.937,1
1520.025,0
1520.114,0
1520.202,0
1520.29,0
1520.379,0
1520.467,0
1520.555,0
1520.644,0
1520.732,0
1520.82,0
1520.909,0
1520.997,0
1521.085,0
1521.174,0
1521.262,0
1521.35,0
1521.439,0
1521.527,0
1521.615,0
1521.704,0
1521.792,0
1521.88,0
1521.969,0
1522.057,0
1522.145,0
1522.234,0
1522.322,0
1522.411,0
1522.499,0
1522.587,0
1522.676,0
1522.764,0
1522.853,0
1522.941,0
1523.029,0
1523.118,0
1523.206,0
1523.294,0
1523.383,0
1523.471,0
1523.56,0
1523.648,1
1523.737,1
1523.825,1
1523.913,1
1524.002,0
1524.09,0
1524.179,0
1524.267,0
1524.356,0
1524.444,0
1524.532,0
1524.621,0
1524.709,0
1524.798,0
1524.886,0
1524.975,0
1525.063,0
1525.152,0
1525.24,0
1525.328,0
1525.417,0
1525.505,0
1525.594,0
1525.682,0
1525.771,0
1525.859,0
1525.948,0
1526.036,0
1526.125,0
1526.213,1
1526.302,1
1526.39,3
1526.479,3
1526.567,2
1526.656,2
1526.744,0
1526.833,0
1526.921,0
1527.01,1
1527.098,1
1527.187,2
1527.275,2
1527.364,1
1527.452,3
1527.541,2
1527.629,2
1527.718,2
1527.806,1
1527.895,1
1527.983,1
1528.072,1
1528.161,0
1528.249,0
1528.338,0
1528.426,0
1528.515,0
1528.603,0
1528.692,0
1528.78,0
1528.869,0
1528.958,0
1529.046,0
1529.135,0
1529.223,0
1529.312,0
1529.4,0
1529.489,0
1529.578,0
1529.666,0
1529.755,0
1529.843,0
1529.932,0
1530.021,0
1530.109,0
1530.198,0
1530.286,0
1530.375,0
1530.464,0
1530.552,0
1530.641,0
1530.729,0
1530.818,0
1530.907,0
1530.995,0
1531.084,0
1531.173,0
1531.261,0
1531.35,0
1531.439,0
1531.527,0
1531.616,0
1531.704,0
1531.793,0
1531.882,0
1531.97,0
1532.059,0
1532.148,0
1532.236,0
1532.325,0
1532.414,0
1532.502,0
1532.591,0
1532.68,0
1532.768,0
1532.857,0
1532.946,1
1533.034,2
1533.123,2
1533.212,2
1533.301,1
1533.389,0
1533.478,0
1533.567,0
1533.655,0
1533.744,0
1533.833,0
1533.922,0
1534.01,0
1534.099,0
1534.188,0
1534.276,0
1534.365,2
1534.454,2
1534.543,2
1534.631,2
1534.72,0
1534.809,0
1534.898,0
1534.986,0
1535.075,0
1535.164,0
1535.253,0
1535.341,0
1535.43,0
1535.519,1
1535.608,1
1535.696,1
1535.785,1
1535.874,0
1535.963,0
1536.051,0
1536.14,0
1536.229,0
1536.318,0
1536.407,0
1536.495,0
1536.584,0
1536.673,0
1536.762,0
1536.851,0
1536.939,0
1537.028,1
1537.117,1
1537.206,1
1537.295,1
1537.383,0
1537.472,0
1537.561,0
1537.65,0
1537.739,0
1537.828,0
1537.916,0
1538.005,0
1538.094,0
1538.183,0
1538.272,0
1538.361,0
1538.449,0
1538.538,0
1538.627,0
1538.716,0
1538.805,0
1538.894,0
1538.983,0
1539.071,0
1539.16,0
1539.249,0
1539.338,0
1539.427,0
1539.516,0
1539.605,0
1539.694,0
1539.782,0
1539.871,0
1539.96,0
1540.049,0
1540.138,0
1540.227,0
1540.316,0
1540.405,0
1540.494,0
1540.583,0
1540.671,0
1540.76,0
1540.849,0
1540.938,1
1541.027,1
1541.116,1
1541.205,1
1541.294,0
1541.383,0
1541.472,0
1541.561,0
1541.65,0
1541.739,0
1541.828,0
1541.917,0
1542.005,0
1542.094,0
1542.183,0
1542.272,0
1542.361,0
1542.45,0
1542.539,0
1542.628,0
1542.717,0
1542.806,0
1542.895,0
1542.984,0
1543.073,0
1543.162,0
1543.251,0
1543.34,0
1543.429,0
1543.518,0
1543.607,0
1543.696,0
1543.785,0
1543.874,0
1543.963,0
1544.052,1
1544.141,1
1544.23,1
1544.319,1
1544.408,0
1544.497,0
1544.586,0
1544.675,0
1544.764,0
1544.853,0
1544.942,0
1545.031,1
1545.12,2
1545.209,3
1545.299,3
1545.388,2
1545.477,1
1545.566,0
1545.655,0
1545.744,0
1545.833,0
1545.922,0
1546.011,0
1546.1,0
1546.189,0
1546.278,0
1546.367,0
1546.456,0
1546.545,0
1546.635,0
1546.724,0
1546.813,1
1546.902,1
1546.991,1
1547.08,1
1547.169,0
1547.258,0
1547.347,1
1547.436,1
1547.526,1
1547.615,1
1547.704,1
1547.793,1
1547.882,1
1547.971,1
1548.06,0
1548.149,0
1548.239,1
1548.328,1
1548.417,1
1548.506,1
1548.595,0
1548.684,0
1548.773,0
1548.863,0
1548.952,0
1549.041,0
1549.13,0
1549.219,0
1549.308,0
1549.398,0
1549.487,0
1549.576,0
1549.665,0
1549.754,0
1549.844,0
1549.933,1
1550.022,2
1550.111,2
1550.2,2
1550.289,1
1550.379,0
1550.468,1
1550.557,1
1550.646,1
1550.735,1
1550.825,1
1550.914,1
1551.003,1
1551.092,1
1551.182,0
1551.271,0
1551.36,0
1551.449,0
1551.538,0
1551.628,0
1551.717,0
1551.806,1
1551.895,1
1551.985,1
1552.074,1
1552.163,0
1552.252,0
1552.342,0
1552.431,0
1552.52,0
1552.609,0
1552.699,0
1552.788,0
1552.877,0
1552.967,0
1553.056,0
1553.145,0
1553.234,0
1553.324,0
1553.413,0
1553.502,0
1553.592,1
1553.681,1
1553.77,1
1553.859,1
1553.949,0
1554.038,0
1554.127,0
1554.217,0
1554.306,0
1554.395,0
1554.485,0
1554.574,0
1554.663,0
1554.753,0
1554.842,0
1554.931,0
1555.021,0
1555.11,0
1555.199,0
1555.289,0
1555.378,0
1555.467,0
1555.557,0
1555.646,0
1555.735,0
1555.825,0
1555.914,0
1556.003,0
1556.093,0
1556.182,0
1556.272,0
1556.361,0
1556.45,0
1556.54,0
1556.629,0
1556.718,0
1556.808,0
1556.897,0
1556.987,0
1557.076,0
1557.165,1
1557.255,1
1557.344,2
1557.434,2
1557.523,1
1557.612,1
1557.702,0
1557.791,1
1557.881,1
1557.97,1
1558.059,1
1558.149,0
1558.238,0
1558.328,0
1558.417,0
1558.507,0
1558.596,0
1558.686,0
1558.775,0
1558.864,0
1558.954,0
1559.043,0
1559.133,0
1559.222,0
1559.312,0
1559.401,0
1559.491,0
1559.58,0
1559.67,0
1559.759,0
1559.849,1
1559.938,2
1560.027,2
1560.117,2
1560.206,1
1560.296,0
1560.385,0
1560.475,0
1560.564,0
1560.654,0
1560.743,0
1560.833,0
1560.922,0
1561.012,2
1561.101,2
1561.191,3
1561.28,3
1561.37,1
1561.46,1
1561.549,0
1561.639,0
1561.728,0
1561.818,0
1561.907,0
1561.997,2
1562.086,2
1562.176,2
1562.265,2
1562.355,0
1562.444,0
1562.534,1
1562.624,1
1562.713,1
1562.803,1
1562.892,0
1562.982,0
1563.071,0
1563.161,0
1563.251,0
1563.34,0
1563.43,0
1563.519,0
1563.609,0
1563.698,0
1563.788,0
1563.878,0
1563.967,0
1564.057,0
1564.146,0
1564.236,0
1564.326,0
1564.415,0
1564.505,0
1564.594,0
1564.684,0
1564.774,0
1564.863,0
1564.953,0
1565.043,0
1565.132,0
1565.222,0
1565.311,0
1565.401,0
1565.491,0
1565.58,0
1565.67,0
1565.76,0
1565.849,0
1565.939,0
1566.029,0
1566.118,0
1566.208,0
1566.298,0
1566.387,0
1566.477,0
1566.567,0
1566.656,0
1566.746,0
1566.836,0
1566.925,0
1567.015,0
1567.105,0
1567.194,0
1567.284,0
1567.374,0
1567.464,0
1567.553,0
1567.643,0
1567.733,0
1567.822,0
1567.912,0
1568.002,0
1568.091,0
1568.181,0
1568.271,0
1568.361,0
1568.45,0
1568.54,0
1568.63,0
1568.72,0
1568.809,0
1568.899,0
1568.989,0
1569.079,0
1569.168,0
1569.258,0
1569.348,0
1569.438,0
1569.527,0
1569.617,0
1569.707,0
1569.797,2
1569.886,2
1569.976,2
1570.066,2
1570.156,0
1570.245,0
1570.335,1
1570.425,1
1570.515,1
1570.605,1
1570.694,0
1570.784,0
1570.874,0
1570.964,0
1571.054,0
1571.143,0
1571.233,0
1571.323,1
1571.413,1
1571.503,1
1571.592,1
1571.682,0
1571.772,0
1571.862,1
1571.952,1
1572.042,1
1572.131,1
1572.221,0
1572.311,0
1572.401,0
1572.491,0
1572.581,0
1572.67,0
1572.76,0
1572.85,0
1572.94,0
1573.03,0
1573.12,0
1573.21,0
1573.299,0
1573.389,0
1573.479,0
1573.569,0
1573.659,0
1573.749,0
1573.839,0
1573.929,2
1574.019,2
1574.108,2
1574.198,2
1574.288,0
1574.378,0
1574.468,0
1574.558,1
1574.648,1
1574.738,1
1574.828,1
1574.918,0
1575.007,0
1575.097,0
1575.187,0
1575.277,0
1575.367,1
1575.457,1
1575.547,1
1575.637,1
1575.727,0
1575.817,0
1575.907,1
1575.997,1
1576.087,1
1576.177,1
1576.267,0
1576.357,0
1576.447,0
1576.537,0
1576.626,0
1576.716,0
1576.806,0
1576.896,0
1576.986,0
1577.076,0
1577.166,0
1577.256,0
1577.346,0
1577.436,0
1577.526,0
1577.616,0
1577.706,0
1577.796,0
1577.886,0
1577.976,0
1578.066,0
1578.156,0
1578.246,0
1578.336,1
1578.426,1
1578.516,1
1578.606,1
1578.696,0
1578.786,0
1578.876,0
1578.966,0
1579.057,0
1579.147,0
1579.237,0
1579.327,0
1579.417,0
1579.507,0
1579.597,0
1579.687,0
1579.777,1
1579.867,1
1579.957,1
1580.047,1
1580.137,0
1580.227,0
1580.317,0
1580.407,0
1580.497,0
1580.588,0
1580.678,0
1580.768,1
1580.858,1
1580.948,1
1581.038,1
1581.128,0
1581.218,0
1581.308,1
1581.398,1
1581.488,1
1581.579,1
1581.669,0
1581.759,0
1581.849,0
1581.939,0
1582.029,0
1582.119,0
1582.209,0
1582.3,0
1582.39,0
1582.48,0
1582.57,3
1582.66,3
1582.75,3
1582.84,4
1582.931,1
1583.021,1
1583.111,1
1583.201,0
1583.291,0
1583.381,0
1583.471,0
1583.562,0
1583.652,0
1583.742,0
1583.832,0
1583.922,0
1584.013,1
1584.103,2
1584.193,2
1584.283,2
1584.373,1
1584.463,0
1584.554,0
1584.644,0
1584.734,0
1584.824,0
1584.914,0
1585.005,0
1585.095,0
1585.185,0
1585.275,0
1585.366,0
1585.456,0
1585.546,0
1585.636,0
1585.726,0
1585.817,0
1585.907,0
1585.997,0
1586.087,0
1586.178,0
1586.268,0
1586.358,0
1586.448,0
1586.539,0
1586.629,2
1586.719,2
1586.809,2
1586.9,2
1586.99,0
1587.08,0
1587.17,1
1587.261,1
1587.351,1
1587.441,1
1587.532,0
1587.622,0
1587.712,0
1587.802,0
1587.893,0
1587.983,0
1588.073,1
1588.164,1
1588.254,1
1588.344,1
1588.435,2
1588.525,2
1588.615,2
1588.705,2
1588.796,0
1588.886,0
1588.976,2
1589.067,3
1589.157,4
1589.247,6
1589.338,4
1589.428,3
1589.518,2
1589.609,1
1589.699,1
1589.789,1
1589.88,1
1589.97,0
1590.061,0
1590.151,0
1590.241,0
1590.332,0
1590.422,0
1590.512,0
1590.603,0
1590.693,0
1590.783,0
1590.874,0
1590.964,1
1591.055,1
1591.145,1
1591.235,1
1591.326,0
1591.416,0
1591.507,0
1591.597,0
1591.687,0
1591.778,0
1591.868,0
1591.959,0
1592.049,0
1592.139,0
1592.23,0
1592.32,0
1592.411,0
1592.501,0
1592.592,1
1592.682,1
1592.772,1
1592.863,1
1592.953,0
1593.044,0
1593.134,0
1593.225,0
1593.315,0
1593.406,0
1593.496,0
1593.586,0
1593.677,0
1593.767,0
1593.858,0
1593.948,0
1594.039,0
1594.129,0
1594.22,0
1594.31,0
1594.401,0
1594.491,0
1594.582,0
1594.672,0
1594.763,0
1594.853,0
1594.944,1
1595.034,2
1595.125,2
1595.215,3
1595.306,2
1595.396,1
1595.487,1
1595.577,0
1595.668,0
1595.758,1
1595.849,1
1595.939,1
1596.03,3
1596.12,2
1596.211,2
1596.301,2
1596.392,0
1596.482,0
1596.573,0
1596.664,0
1596.754,0
1596.845,0
1596.935,0
1597.026,0
1597.116,0
1597.207,0
1597.297,0
1597.388,1
1597.479,1
1597.569,1
1597.66,1
1597.75,0
1597.841,1
1597.931,1
1598.022,1
1598.113,1
1598.203,0
1598.294,0
1598.384,0
1598.475,0
1598.566,1
1598.656,1
1598.747,1
1598.837,3
1598.928,2
1599.019,2
1599.109,2
1599.2,0
1599.291,1
1599.381,2
1599.472,2
1599.562,2
1599.653,1
1599.744,2
1599.834,2
1599.925,2
1600.016,2
