mz,abundance
700.026,4
700.086,4
700.145,3
700.205,3
700.264,3
700.324,3
700.383,3
700.443,3
700.503,0
700.562,0
700.622,0
700.681,1
700.741,1
700.801,1
700.86,2
700.92,4
700.979,5
701.039,5
701.099,5
701.158,6
701.218,7
701.278,8
701.337,10
701.397,6
701.456,4
701.516,3
701.576,0
701.635,0
701.695,0
701.755,0
701.814,0
701.874,0
701.933,1
701.993,1
702.053,1
702.112,2
702.172,3
702.232,3
702.291,3
702.351,2
702.411,0
702.47,0
702.53,0
702.59,4
702.649,4
702.709,4
702.769,4
702.829,2
702.888,2
702.948,2
703.008,2
703.067,0
703.127,0
703.187,0
703.246,0
703.306,0
703.366,0
703.426,0
703.485,0
703.545,0
703.605,0
703.664,1
703.724,1
703.784,1
703.844,1
703.903,0
703.963,2
704.023,2
704.083,2
704.142,2
704.202,1
704.262,1
704.321,1
704.381,1
704.441,1
704.501,1
704.561,1
704.62,1
704.68,1
704.74,1
704.8,1
704.859,1
704.919,0
704.979,0
705.039,0
705.098,0
705.158,0
705.218,0
705.278,3
705.338,3
705.397,3
705.457,3
705.517,0
705.577,0
705.637,0
705.696,1
705.756,1
705.816,2
705.876,3
705.936,3
705.996,4
706.055,4
706.115,4
706.175,4
706.235,3
706.295,3
706.355,3
706.414,3
706.474,0
706.534,0
706.594,1
706.654,1
706.714,1
706.773,1
706.833,0
706.893,0
706.953,0
707.013,0
707.073,0
707.133,0
707.193,0
707.252,0
707.312,0
707.372,3
707.432,4
707.492,4
707.552,4
707.612,1
707.672,3
707.731,3
707.791,3
707.851,3
707.911,2
707.971,2
708.031,2
708.091,2
708.151,0
708.211,0
708.271,0
708.331,0
708.391,0
708.45,2
708.51,4
708.57,4
708.63,5
708.69,3
708.75,1
708.81,1
708.87,3
708.93,5
708.99,6
709.05,6
709.11,5
709.17,4
709.23,3
709.29,3
709.35,3
709.41,2
709.47,2
709.53,2
709.59,3
709.65,3
709.709,3
709.769,3
709.829,0
709.889,0
709.949,0
710.009,0
710.069,1
710.129,1
710.189,1
710.249,1
710.309,0
710.369,0
710.429,0
710.489,2
710.549,2
710.61,2
710.67,2
710.73,0
710.79,1
710.85,1
710.91,1
710.97,1
711.03,1
711.09,1
711.15,1
711.21,1
711.27,0
711.33,0
711.39,0
711.45,0
711.51,2
711.57,2
711.63,2
711.69,2
711.75,0
711.81,0
711.871,0
711.931,0
711.991,0
712.051,0
712.111,0
712.171,0
712.231,0
712.291,0
712.351,0
712.411,0
712.471,0
712.531,0
712.592,0
712.652,0
712.712,0
712.772,0
712.832,0
712.892,3
712.952,4
713.012,4
713.073,4
713.133,1
713.193,1
713.253,1
713.313,2
713.373,2
713.433,1
713.493,1
713.554,1
713.614,1
713.674,2
713.734,2
713.794,2
713.854,2
713.915,1
713.975,1
714.035,3
714.095,3
714.155,3
714.215,4
714.276,3
714.336,4
714.396,8
714.456,7
714.516,8
714.576,7
714.637,5
714.697,5
714.757,8
714.817,7
714.877,8
714.938,7
714.998,5
715.058,6
715.118,4
715.178,6
715.239,5
715.299,4
715.359,2
715.419,3
715.48,3
715.54,3
715.6,3
715.66,0
715.721,0
715.781,0
715.841,0
715.901,1
715.961,2
716.022,3
716.082,6
716.142,6
716.203,5
716.263,4
716.323,3
716.383,2
716.444,2
716.504,2
716.564,1
716.624,1
716.685,4
716.745,4
716.805,3
716.866,3
716.926,0
716.986,0
717.046,0
717.107,0
717.167,0
717.227,4
717.288,5
717.348,8
717.408,10
717.469,6
717.529,5
717.589,2
717.649,0
717.71,0
717.77,0
717.83,0
717.891,0
717.951,0
718.011,2
718.072,3
718.132,3
718.192,3
718.253,5
718.313,4
718.374,4
718.434,4
718.494,1
718.555,2
718.615,2
718.675,2
718.736,1
718.796,0
718.856,0
718.917,0
718.977,0
719.038,1
719.098,1
719.158,1
719.219,1
719.279,1
719.339,1
719.4,1
719.46,1
719.521,0
719.581,0
719.641,0
719.702,0
719.762,1
719.823,1
719.883,1
719.944,2
720.004,2
720.064,3
720.125,4
720.185,8
720.246,8
720.306,10
720.366,10
720.427,9
720.487,8
720.548,5
720.608,4
720.669,0
720.729,0
720.79,0
720.85,0
720.911,0
720.971,0
721.031,0
721.092,0
721.152,0
721.213,0
721.273,1
721.334,1
721.394,1
721.455,2
721.515,2
721.576,3
721.636,4
721.697,3
721.757,2
721.818,1
721.878,0
721.939,0
721.999,2
722.06,2
722.12,2
722.181,2
722.241,1
722.302,1
722.362,4
722.423,4
722.483,3
722.544,3
722.604,1
722.665,1
722.725,1
722.786,1
722.847,0
722.907,0
722.968,0
723.028,1
723.089,2
723.149,5
723.21,6
723.27,5
723.331,4
723.392,2
723.452,1
723.513,1
723.573,3
723.634,2
723.694,4
723.755,4
723.816,5
723.876,5
723.937,4
723.997,4
724.058,4
724.118,4
724.179,5
724.24,5
724.3,6
724.361,6
724.421,6
724.482,6
724.543,5
724.603,5
724.664,5
724.725,6
724.785,4
724.846,4
724.906,3
724.967,2
725.028,1
725.088,1
725.149,2
725.21,4
725.27,6
725.331,9
725.392,8
725.452,7
725.513,7
725.573,7
725.634,7
725.695,7
725.755,9
725.816,6
725.877,5
725.937,4
725.998,1
726.059,1
726.12,3
726.18,3
726.241,4
726.302,4
726.362,2
726.423,2
726.484,0
726.544,0
726.605,0
726.666,0
726.726,0
726.787,0
726.848,0
726.909,0
726.969,0
727.03,0
727.091,3
727.151,3
727.212,3
727.273,4
727.334,4
727.394,5
727.455,6
727.516,6
727.577,4
727.637,3
727.698,2
727.759,1
727.82,0
727.88,0
727.941,0
728.002,0
728.063,0
728.123,0
728.184,0
728.245,0
728.306,0
728.366,0
728.427,0
728.488,0
728.549,0
728.61,0
728.67,0
728.731,0
728.792,0
728.853,1
728.914,2
728.974,3
729.035,4
729.096,4
729.157,4
729.218,4
729.278,7
729.339,6
729.4,5
729.461,4
729.522,0
729.582,0
729.643,0
729.704,0
729.765,0
729.826,0
729.887,0
729.947,0
730.008,0
730.069,0
730.13,2
730.191,2
730.252,2
730.313,2
730.373,1
730.434,1
730.495,3
730.556,3
730.617,5
730.678,5
730.739,3
730.799,3
730.86,0
730.921,0
730.982,0
731.043,0
731.104,0
731.165,0
731.226,4
731.287,5
731.347,7
731.408,8
731.469,7
731.53,6
731.591,4
731.652,3
731.713,0
731.774,0
731.835,0
731.896,0
731.957,0
732.018,0
732.078,2
732.139,2
732.2,3
732.261,5
732.322,5
732.383,7
732.444,8
732.505,7
732.566,6
732.627,5
732.688,1
732.749,1
732.81,3
732.871,3
732.932,2
732.993,2
733.054,3
733.115,3
733.176,3
733.237,3
733.298,0
733.359,0
733.42,0
733.481,0
733.542,3
733.603,3
733.664,3
733.725,3
733.786,0
733.847,0
733.908,1
733.969,1
734.03,1
734.091,1
734.152,1
734.213,1
734.274,1
734.335,1
734.396,1
734.457,1
734.518,1
734.579,1
734.64,1
734.701,1
734.762,1
734.823,1
734.884,0
734.945,0
735.006,2
735.067,2
735.128,2
735.189,2
735.25,0
735.311,0
735.373,0
735.434,1
735.495,2
735.556,3
735.617,5
735.678,5
735.739,5
735.8,5
735.861,3
735.922,3
735.983,3
736.044,3
736.106,1
736.167,1
736.228,1
736.289,1
736.35,0
736.411,0
736.472,0
736.533,0
736.594,0
736.656,0
736.717,0
736.778,0
736.839,0
736.9,0
736.961,0
737.022,0
737.083,0
737.145,0
737.206,0
737.267,0
737.328,0
737.389,0
737.45,0
737.512,0
737.573,0
737.634,0
737.695,1
737.756,1
737.817,1
737.879,1
737.94,1
738.001,1
738.062,1
738.123,2
738.184,1
738.246,1
738.307,2
738.368,1
738.429,3
738.49,6
738.552,5
738.613,5
738.674,7
738.735,3
738.796,2
738.858,1
738.919,0
738.98,0
739.041,0
739.103,0
739.164,1
739.225,1
739.286,1
739.347,1
739.409,0
739.47,0
739.531,1
739.592,1
739.654,1
739.715,1
739.776,0
739.837,0
739.899,0
739.96,1
740.021,1
740.083,1
740.144,1
740.205,0
740.266,1
740.328,2
740.389,3
740.45,4
740.511,3
740.573,2
740.634,1
740.695,0
740.757,0
740.818,0
740.879,0
740.941,0
741.002,0
741.063,0
741.124,0
741.186,0
741.247,0
741.308,0
741.37,0
741.431,0
741.492,0
741.554,0
741.615,0
741.676,0
741.738,0
741.799,1
741.86,1
741.922,1
741.983,1
742.044,0
742.106,0
742.167,0
742.228,0
742.29,0
742.351,2
742.413,2
742.474,2
742.535,2
742.597,0
742.658,0
742.719,0
742.781,0
742.842,0
742.904,0
742.965,0
743.026,0
743.088,0
743.149,0
743.211,0
743.272,0
743.333,0
743.395,0
743.456,0
743.518,0
743.579,0
743.64,0
743.702,0
743.763,0
743.825,1
743.886,1
743.947,1
744.009,1
744.07,0
744.132,0
744.193,0
744.255,0
744.316,0
744.378,3
744.439,3
744.5,4
744.562,4
744.623,1
744.685,1
744.746,0
744.808,0
744.869,0
744.931,3
744.992,3
745.054,3
745.115,4
745.177,1
745.238,1
745.3,1
745.361,0
745.423,0
745.484,1
745.546,2
745.607,2
745.669,2
745.73,3
745.792,3
745.853,3
745.915,3
745.976,1
746.038,2
746.099,2
746.161,2
746.222,2
746.284,2
746.345,2
746.407,2
746.468,3
746.53,2
746.591,3
746.653,4
746.714,3
746.776,3
746.837,2
746.899,1
746.961,1
747.022,3
747.084,3
747.145,3
747.207,3
747.268,0
747.33,0
747.392,1
747.453,1
747.515,1
747.576,1
747.638,2
747.699,3
747.761,3
747.823,3
747.884,3
747.946,3
748.007,3
748.069,3
748.131,2
748.192,2
748.254,2
748.315,2
748.377,4
748.439,3
748.5,5
748.562,5
748.624,5
748.685,5
748.747,3
748.808,3
748.87,0
748.932,0
748.993,0
749.055,0
749.117,0
749.178,0
749.24,0
749.302,0
749.363,0
749.425,0
749.487,2
749.548,3
749.61,3
749.672,3
749.733,1
749.795,0
749.857,0
749.918,1
749.98,2
750.042,2
750.103,3
750.165,3
750.227,3
750.288,4
750.35,7
750.412,7
750.473,9
750.535,9
750.597,7
750.659,6
750.72,4
750.782,4
750.844,2
750.905,2
750.967,1
751.029,1
751.091,2
751.152,3
751.214,4
751.276,4
751.337,4
751.399,4
751.461,1
751.523,1
751.584,1
751.646,1
751.708,0
751.77,1
751.831,3
751.893,5
751.955,6
752.017,6
752.079,6
752.14,6
752.202,5
752.264,4
752.326,3
752.387,1
752.449,3
752.511,3
752.573,5
752.635,5
752.696,5
752.758,5
752.82,2
752.882,2
752.944,0
753.005,0
753.067,0
753.129,0
753.191,0
753.253,0
753.314,0
753.376,0
753.438,1
753.5,1
753.562,1
753.624,1
753.685,1
753.747,1
753.809,2
753.871,2
753.933,6
753.995,6
754.056,5
754.118,6
754.18,4
754.242,3
754.304,2
754.366,0
754.428,0
754.489,0
754.551,0
754.613,0
754.675,0
754.737,1
754.799,2
754.861,3
754.923,5
754.984,4
755.046,3
755.108,2
755.17,0
755.232,0
755.294,0
755.356,1
755.418,3
755.48,3
755.542,3
755.604,2
755.665,3
755.727,3
755.789,3
755.851,3
755.913,2
755.975,2
756.037,2
756.099,2
756.161,0
756.223,0
756.285,2
756.347,2
756.409,2
756.471,2
756.533,6
756.594,5
756.656,4
756.718,3
756.78,2
756.842,2
756.904,2
756.966,2
757.028,1
757.09,1
757.152,2
757.214,2
757.276,1
757.338,1
757.4,3
757.462,3
757.524,3
757.586,4
757.648,1
757.71,1
757.772,1
757.834,0
757.896,0
757.958,0
758.02,0
758.082,1
758.144,1
758.206,1
758.268,1
758.33,0
758.392,0
758.454,0
758.516,0
758.578,0
758.64,0
758.702,0
758.764,2
758.827,3
758.889,3
758.951,3
759.013,1
759.075,2
759.137,4
759.199,4
759.261,7
759.323,5
759.385,4
759.447,7
759.509,6
759.571,6
759.633,6
759.695,3
759.758,1
759.82,1
759.882,2
759.944,2
760.006,2
760.068,2
760.13,0
760.192,0
760.254,0
760.316,0
760.379,0
760.441,0
760.503,0
760.565,0
760.627,0
760.689,2
760.751,3
760.813,3
760.876,3
760.938,2
761.00,2
761.062,3
761.124,7
761.186,7
761.248,7
761.311,7
761.373,5
761.435,4
761.497,4
761.559,3
761.621,1
761.683,1
761.746,0
761.808,0
761.87,0
761.932,0
761.994,3
762.057,3
762.119,3
762.181,3
762.243,2
762.305,2
762.367,2
762.43,2
762.492,0
762.554,0
762.616,0
762.678,0
762.741,1
762.803,1
762.865,1
762.927,1
762.99,0
763.052,0
763.114,0
763.176,0
763.238,0
763.301,0
763.363,0
763.425,0
763.487,0
763.55,1
763.612,2
763.674,2
763.736,2
763.799,3
763.861,4
763.923,5
763.985,5
764.048,3
764.11,2
764.172,1
764.234,2
764.297,2
764.359,1
764.421,1
764.484,2
764.546,2
764.608,2
764.67,2
764.733,0
764.795,1
764.857,1
764.92,1
764.982,1
765.044,3
765.107,4
765.169,4
765.231,4
765.293,3
765.356,2
765.418,2
765.48,3
765.543,1
765.605,1
765.667,1
765.73,1
765.792,1
765.854,1
765.917,1
765.979,0
766.041,0
766.104,1
766.166,1
766.228,1
766.291,1
766.353,1
766.416,1
766.478,4
766.54,4
766.603,3
766.665,4
766.727,5
766.79,6
766.852,10
766.915,9
766.977,5
767.039,4
767.102,0
767.164,1
767.226,1
767.289,1
767.351,1
767.414,0
767.476,0
767.538,0
767.601,0
767.663,1
767.726,1
767.788,2
767.851,2
767.913,5
767.975,6
768.038,5
768.1,6
768.163,2
768.225,4
768.288,4
768.35,4
768.412,4
768.475,1
768.537,1
768.6,5
768.662,4
768.725,3
768.787,2
768.85,1
768.912,1
768.975,1
769.037,1
769.099,0
769.162,0
769.224,2
769.287,2
769.349,2
769.412,2
769.474,0
769.537,0
769.599,0
769.662,1
769.724,2
769.787,3
769.849,4
769.912,4
769.974,4
770.037,5
770.099,5
770.162,6
770.224,7
770.287,8
770.349,6
770.412,5
770.475,5
770.537,4
770.6,3
770.662,4
770.725,3
770.787,4
770.85,3
770.912,2
770.975,2
771.037,0
771.1,0
771.162,0
771.225,0
771.288,1
771.35,1
771.413,1
771.475,3
771.538,2
771.6,2
771.663,4
771.726,6
771.788,7
771.851,8
771.913,7
771.976,5
772.039,6
772.101,4
772.164,7
772.226,11
772.289,10
772.352,8
772.414,9
772.477,10
772.539,13
772.602,16
772.665,14
772.727,14
772.79,13
772.852,10
772.915,9
772.978,7
773.04,6
773.103,3
773.166,3
773.228,5
773.291,5
773.354,8
773.416,8
773.479,5
773.542,5
773.604,2
773.667,4
773.729,7
773.792,8
773.855,9
773.917,8
773.98,5
774.043,5
774.105,2
774.168,2
774.231,2
774.294,3
774.356,2
774.419,2
774.482,1
774.544,0
774.607,0
774.67,0
774.732,0
774.795,1
774.858,1
774.921,1
774.983,1
775.046,0
775.109,0
775.171,0
775.234,3
775.297,3
775.36,3
775.422,5
775.485,7
775.548,10
775.611,12
775.673,13
775.736,10
775.799,9
775.861,14
775.924,13
775.987,13
776.05,13
776.113,7
776.175,7
776.238,6
776.301,5
776.364,5
776.426,4
776.489,3
776.552,3
776.615,3
776.677,2
776.74,2
776.803,2
776.866,7
776.929,8
776.991,9
777.054,8
777.117,3
777.18,2
777.243,1
777.305,1
777.368,0
777.431,0
777.494,0
777.557,0
777.619,0
777.682,0
777.745,1
777.808,1
777.871,1
777.934,1
777.996,1
778.059,1
778.122,1
778.185,1
778.248,0
778.311,0
778.374,2
778.436,2
778.499,2
778.562,2
778.625,0
778.688,0
778.751,0
778.814,0
778.876,0
778.939,0
779.002,1
779.065,1
779.128,1
779.191,1
779.254,2
779.317,3
779.38,3
779.442,3
779.505,1
779.568,0
779.631,2
779.694,4
779.757,6
779.82,8
779.883,11
779.946,10
780.009,10
780.071,9
780.134,6
780.197,5
780.26,3
780.323,2
780.386,0
780.449,0
780.512,0
780.575,0
780.638,0
780.701,0
780.764,0
780.827,1
780.89,1
780.953,1
781.016,4
781.079,3
781.142,4
781.205,5
781.267,2
781.33,2
781.393,2
781.456,1
781.519,1
781.582,1
781.645,0
781.708,0
781.771,0
781.834,0
781.897,0
781.96,2
782.023,2
782.086,2
782.149,3
782.212,1
782.275,1
782.338,1
782.401,1
782.464,2
782.527,2
782.59,2
782.653,2
782.716,1
782.78,4
782.843,4
782.906,3
782.969,3
783.032,0
783.095,0
783.158,1
783.221,2
783.284,2
783.347,2
783.41,1
783.473,0
783.536,0
783.599,0
783.662,0
783.725,0
783.788,0
783.851,0
783.915,0
783.978,0
784.041,0
784.104,0
784.167,3
784.23,3
784.293,3
784.356,3
784.419,1
784.482,3
784.545,3
784.609,3
784.672,2
784.735,0
784.798,0
784.861,0
784.924,0
784.987,0
785.05,0
785.113,0
785.177,0
785.24,0
785.303,0
785.366,0
785.429,0
785.492,0
785.555,0
785.619,0
785.682,3
785.745,3
785.808,3
785.871,3
785.934,0
785.998,0
786.061,1
786.124,2
786.187,3
786.25,4
786.313,3
786.377,2
786.44,1
786.503,0
786.566,0
786.629,0
786.692,0
786.756,0
786.819,0
786.882,0
786.945,0
787.008,0
787.072,0
787.135,0
787.198,0
787.261,1
787.325,2
787.388,4
787.451,7
787.514,7
787.577,8
787.641,7
787.704,6
787.767,6
787.83,5
787.894,5
787.957,6
788.02,6
788.083,3
788.147,3
788.21,1
788.273,1
788.336,0
788.4,0
788.463,0
788.526,3
788.589,4
788.653,5
788.716,9
788.779,9
788.842,8
788.906,7
788.969,5
789.032,2
789.096,2
789.159,2
789.222,0
789.285,1
789.349,2
789.412,2
789.475,2
789.539,1
789.602,2
789.665,2
789.729,2
789.792,2
789.855,1
789.919,1
789.982,3
790.045,3
790.109,2
790.172,2
790.235,3
790.299,3
790.362,3
790.425,3
790.489,5
790.552,4
790.615,5
790.679,4
790.742,2
790.805,2
790.869,2
790.932,2
790.995,2
791.059,3
791.122,1
791.186,1
791.249,1
791.312,0
791.376,4
791.439,4
791.502,7
791.566,7
791.629,4
791.693,5
791.756,6
791.819,8
791.883,10
791.946,9
792.01,5
792.073,4
792.136,4
792.2,4
792.263,4
792.327,4
792.39,2
792.454,3
792.517,6
792.58,7
792.644,6
792.707,5
792.771,3
792.834,2
792.898,5
792.961,5
793.025,6
793.088,5
793.151,2
793.215,3
793.278,1
793.342,1
793.405,2
793.469,1
793.532,1
793.596,1
793.659,2
793.723,2
793.786,4
793.85,4
793.913,5
793.977,5
794.04,5
794.104,5
794.167,6
794.231,6
794.294,4
794.358,4
794.421,0
794.485,0
794.548,0
794.612,0
794.675,0
794.739,0
794.802,1
794.866,7
794.929,7
794.993,7
795.056,7
795.12,1
795.183,2
795.247,2
795.31,1
795.374,1
795.437,0
795.501,0
795.565,0
795.628,0
795.692,0
795.755,0
795.819,0
795.882,0
795.946,0
796.009,0
796.073,0
796.137,0
796.2,0
796.264,0
796.327,3
796.391,3
796.455,3
796.518,3
796.582,2
796.645,2
796.709,2
796.772,2
796.836,1
796.9,4
796.963,8
797.027,10
797.091,13
797.154,10
797.218,7
797.281,5
797.345,3
797.409,5
797.472,4
797.536,4
797.6,3
797.663,1
797.727,1
797.79,1
797.854,0
797.918,0
797.981,0
798.045,0
798.109,0
798.172,0
798.236,0
798.3,0
798.363,0
798.427,0
798.491,0
798.554,0
798.618,1
798.682,1
798.745,1
798.809,1
798.873,0
798.936,0
799.00,0
799.064,0
799.127,2
799.191,2
799.255,2
799.319,2
799.382,2
799.446,2
799.51,2
799.573,2
799.637,0
799.701,0
799.765,0
799.828,0
799.892,1
799.956,1
800.019,2
800.083,2
800.147,3
800.211,3
800.274,3
800.338,3
800.402,6
800.466,5
800.529,3
800.593,2
800.657,1
800.721,1
800.784,1
800.848,1
800.912,2
800.976,3
801.039,4
801.103,6
801.167,12
801.231,12
801.295,14
801.358,14
801.422,10
801.486,10
801.55,8
801.614,6
801.677,2
801.741,1
801.805,0
801.869,0
801.933,1
801.996,1
802.06,1
802.124,1
802.188,0
802.252,0
802.315,1
802.379,1
802.443,1
802.507,1
802.571,1
802.635,1
802.698,1
802.762,3
802.826,3
802.89,4
802.954,6
803.018,4
803.082,3
803.145,2
803.209,0
803.273,0
803.337,0
803.401,0
803.465,0
803.529,3
803.592,3
803.656,3
803.72,3
803.784,0
803.848,1
803.912,1
803.976,1
804.04,1
804.104,3
804.167,3
804.231,3
804.295,3
804.359,0
804.423,0
804.487,0
804.551,0
804.615,0
804.679,0
804.743,1
804.807,1
804.871,1
804.934,1
804.998,0
805.062,0
805.126,1
805.19,1
805.254,1
805.318,2
805.382,4
805.446,5
805.51,7
805.574,6
805.638,3
805.702,2
805.766,0
805.83,0
805.894,0
805.958,0
806.022,0
806.086,0
806.15,1
806.214,1
806.278,1
806.342,1
806.406,0
806.469,0
806.533,0
806.597,4
806.661,5
806.725,6
806.789,7
806.853,6
806.917,6
806.982,6
807.046,4
807.11,3
807.174,4
807.238,4
807.302,4
807.366,3
807.43,2
807.494,2
807.558,0
807.622,0
807.686,0
807.75,1
807.814,2
807.878,3
807.942,5
808.006,4
808.07,3
808.134,2
808.198,0
808.262,0
808.326,1
808.39,2
808.454,3
808.519,4
808.583,3
808.647,2
808.711,1
808.775,0
808.839,3
808.903,4
808.967,5
809.031,6
809.095,3
809.159,2
809.224,1
809.288,1
809.352,4
809.416,5
809.48,6
809.544,7
809.608,5
809.672,5
809.736,2
809.801,1
809.865,2
809.929,2
809.993,1
810.057,1
810.121,1
810.185,1
810.249,3
810.314,4
810.378,4
810.442,6
810.506,8
810.57,7
810.634,6
810.699,4
810.763,0
810.827,0
810.891,0
810.955,0
811.019,1
811.084,1
811.148,2
811.212,3
811.276,2
811.34,4
811.404,7
811.469,8
811.533,8
811.597,6
811.661,4
811.725,2
811.79,2
811.854,2
811.918,0
811.982,0
812.046,0
812.111,0
812.175,0
812.239,0
812.303,0
812.368,1
812.432,1
812.496,1
812.56,1
812.625,0
812.689,1
812.753,1
812.817,4
812.882,4
812.946,3
813.01,3
813.074,0
813.139,0
813.203,0
813.267,0
813.331,2
813.396,2
813.46,6
813.524,6
813.588,4
813.653,4
813.717,2
813.781,2
813.846,2
813.91,2
813.974,0
814.038,1
814.103,1
814.167,3
814.231,6
814.296,5
814.36,5
814.424,3
814.489,0
814.553,0
814.617,1
814.681,4
814.746,4
814.81,4
814.874,6
814.939,3
815.003,3
815.067,3
815.132,1
815.196,1
815.26,2
815.325,4
815.389,4
815.454,6
815.518,6
815.582,6
815.647,9
815.711,8
815.775,9
815.84,8
815.904,7
815.968,7
816.033,8
816.097,8
816.162,10
816.226,9
816.29,4
816.355,3
816.419,2
816.483,2
816.548,1
816.612,1
816.677,1
816.741,1
816.805,2
816.87,4
816.934,4
816.999,4
817.063,2
817.128,2
817.192,2
817.256,2
817.321,2
817.385,0
817.45,3
817.514,3
817.579,4
817.643,4
817.707,2
817.772,2
817.836,2
817.901,2
817.965,2
818.03,4
818.094,8
818.159,10
818.223,12
818.287,11
818.352,8
818.416,7
818.481,3
818.545,4
818.61,3
818.674,5
818.739,4
818.803,3
818.868,3
818.932,3
818.997,2
819.061,2
819.126,4
819.19,2
819.255,2
819.319,2
819.384,0
819.448,1
819.513,2
819.577,3
819.642,4
819.706,4
819.771,4
819.835,4
819.9,1
819.964,1
820.029,2
820.094,2
820.158,1
820.223,1
820.287,0
820.352,0
820.416,0
820.481,0
820.545,0
820.61,0
820.674,1
820.739,1
820.804,2
820.868,2
820.933,3
820.997,3
821.062,3
821.126,3
821.191,1
821.256,1
821.32,0
821.385,1
821.449,1
821.514,1
821.579,1
821.643,0
821.708,0
821.772,0
821.837,1
821.902,2
821.966,3
822.031,5
822.095,5
822.16,5
822.225,8
822.289,6
822.354,5
822.419,4
822.483,1
822.548,2
822.612,3
822.677,4
822.742,4
822.806,5
822.871,5
822.936,5
823.00,7
823.065,6
823.13,6
823.194,6
823.259,3
823.324,3
823.388,4
823.453,5
823.518,5
823.582,8
823.647,7
823.712,8
823.776,5
823.841,3
823.906,3
823.97,1
824.035,1
824.1,0
824.164,0
824.229,0
824.294,0
824.359,1
824.423,3
824.488,5
824.553,8
824.617,12
824.682,13
824.747,13
824.812,13
824.876,10
824.941,8
825.006,7
825.07,4
825.135,3
825.2,4
825.265,4
825.329,1
825.394,1
825.459,0
825.524,0
825.588,0
825.653,0
825.718,0
825.783,0
825.848,0
825.912,1
825.977,1
826.042,1
826.107,2
826.171,1
826.236,1
826.301,2
826.366,1
826.431,1
826.495,1
826.56,0
826.625,0
826.69,0
826.754,0
826.819,0
826.884,0
826.949,1
827.014,2
827.079,3
827.143,5
827.208,5
827.273,8
827.338,8
827.403,6
827.467,6
827.532,3
827.597,4
827.662,3
827.727,3
827.792,4
827.856,3
827.921,3
827.986,3
828.051,4
828.116,5
828.181,4
828.246,4
828.31,3
828.375,2
828.44,2
828.505,2
828.57,1
828.635,1
828.7,1
828.765,4
828.829,6
828.894,7
828.959,10
829.024,7
829.089,6
829.154,5
829.219,5
829.284,5
829.349,5
829.414,6
829.478,7
829.543,7
829.608,6
829.673,5
829.738,3
829.803,4
829.868,4
829.933,5
829.998,3
830.063,2
830.128,2
830.193,1
830.258,0
830.322,0
830.387,0
830.452,0
830.517,0
830.582,0
830.647,0
830.712,0
830.777,0
830.842,0
830.907,0
830.972,1
831.037,1
831.102,1
831.167,2
831.232,2
831.297,2
831.362,2
831.427,1
831.492,0
831.557,0
831.622,0
831.687,0
831.752,0
831.817,3
831.882,5
831.947,5
832.012,5
832.077,2
832.142,0
832.207,0
832.272,2
832.337,2
832.402,2
832.467,2
832.532,0
832.597,1
832.662,1
832.727,2
832.792,2
832.857,2
832.922,3
832.987,2
833.052,2
833.117,2
833.182,1
833.248,1
833.313,1
833.378,3
833.443,5
833.508,7
833.573,9
833.638,12
833.703,13
833.768,11
833.833,9
833.898,6
833.963,3
834.028,3
834.094,4
834.159,5
834.224,5
834.289,5
834.354,4
834.419,5
834.484,5
834.549,7
834.614,9
834.679,8
834.745,7
834.81,4
834.875,1
834.94,0
835.005,0
835.07,1
835.135,2
835.2,3
835.266,5
835.331,4
835.396,3
835.461,5
835.526,3
835.591,5
835.657,5
835.722,2
835.787,2
835.852,1
835.917,1
835.982,1
836.047,1
836.113,5
836.178,5
836.243,5
836.308,5
836.373,5
836.439,5
836.504,5
836.569,5
836.634,0
836.699,0
836.765,2
836.83,2
836.895,4
836.96,4
837.025,2
837.091,3
837.156,1
837.221,1
837.286,2
837.351,1
837.417,2
837.482,2
837.547,1
837.612,1
837.678,0
837.743,0
837.808,0
837.873,0
837.939,0
838.004,0
838.069,2
838.134,2
838.2,2
838.265,2
838.33,1
838.395,1
838.461,1
838.526,3
838.591,4
838.656,6
838.722,10
838.787,10
838.852,10
838.917,10
838.983,8
839.048,7
839.113,6
839.179,6
839.244,5
839.309,5
839.375,5
839.44,8
839.505,13
839.57,68
839.636,130
839.701,215
839.766,314
839.832,443
839.897,573
839.962,669
840.028,749
840.093,651
840.158,547
840.224,432
840.289,314
840.354,258
840.42,198
840.485,162
840.55,127
840.616,174
840.681,235
840.746,320
840.812,414
840.877,514
840.942,610
841.008,671
841.073,721
841.139,625
841.204,517
841.269,405
841.335,297
841.4,243
841.465,197
841.531,159
841.596,125
841.662,142
841.727,162
841.792,189
841.858,221
841.923,234
841.989,242
842.054,253
842.119,263
842.185,219
842.25,177
842.316,131
842.381,89
842.447,80
842.512,68
842.577,60
842.643,49
842.708,57
842.774,67
842.839,81
842.905,92
842.97,94
843.035,96
843.101,90
843.166,78
843.232,67
843.297,59
843.363,52
843.428,46
843.494,39
843.559,35
843.625,36
843.69,30
843.755,30
843.821,29
843.886,33
843.952,24
844.017,24
844.083,25
844.148,20
844.214,27
844.279,37
844.345,39
844.41,48
844.476,54
844.541,49
844.607,44
844.672,39
844.738,33
844.803,30
844.869,30
844.934,26
845.00,22
845.065,23
845.131,23
845.197,24
845.262,23
845.328,27
845.393,27
845.459,28
845.524,31
845.59,26
845.655,26
845.721,23
845.786,18
845.852,15
845.918,12
845.983,13
846.049,16
846.114,20
846.18,23
846.245,25
846.311,31
846.377,28
846.442,30
846.508,29
846.573,30
846.639,24
846.704,19
846.77,15
846.836,9
846.901,10
846.967,9
847.032,9
847.098,10
847.164,9
847.229,11
847.295,12
847.36,17
847.426,16
847.492,15
847.557,16
847.623,14
847.689,14
847.754,12
847.82,9
847.885,8
847.951,8
848.017,8
848.082,12
848.148,12
848.214,12
848.279,13
848.345,10
848.411,9
848.476,10
848.542,13
848.608,11
848.673,14
848.739,17
848.805,17
848.87,17
848.936,16
849.002,13
849.067,8
849.133,9
849.199,7
849.264,10
849.33,11
849.396,14
849.461,19
849.527,17
849.593,16
849.659,13
849.724,7
849.79,7
849.856,4
849.921,6
849.987,8
850.053,11
850.119,16
850.184,17
850.25,17
850.316,18
850.381,19
850.447,17
850.513,15
850.579,11
850.644,8
850.71,12
850.776,13
850.842,12
850.907,14
850.973,10
851.039,11
851.105,11
851.17,11
851.236,13
851.302,20
851.368,20
851.434,21
851.499,20
851.565,19
851.631,19
851.697,17
851.762,17
851.828,16
851.894,15
851.96,17
852.026,17
852.091,13
852.157,12
852.223,10
852.289,9
852.355,11
852.42,11
852.486,10
852.552,10
852.618,9
852.684,10
852.75,11
852.815,12
852.881,7
852.947,8
853.013,9
853.079,8
853.145,5
853.21,4
853.276,3
853.342,5
853.408,7
853.474,9
853.54,10
853.606,11
853.671,14
853.737,14
853.803,17
853.869,16
853.935,13
854.001,13
854.067,10
854.133,7
854.198,6
854.264,6
854.33,8
854.396,7
854.462,7
854.528,8
854.594,7
854.66,10
854.726,13
854.791,11
854.857,14
854.923,11
854.989,8
855.055,8
855.121,6
855.187,8
855.253,8
855.319,8
855.385,6
855.451,4
855.517,5
855.583,7
855.648,9
855.714,9
855.78,12
855.846,10
855.912,11
855.978,10
856.044,6
856.11,5
856.176,3
856.242,3
856.308,3
856.374,4
856.44,4
856.506,5
856.572,8
856.638,8
856.704,12
856.77,12
856.836,14
856.902,13
856.968,9
857.034,8
857.1,2
857.166,2
857.232,0
857.298,3
857.364,3
857.43,3
857.496,3
857.562,0
857.628,3
857.694,3
857.76,4
857.826,4
857.892,4
857.958,4
858.024,5
858.09,6
858.156,5
858.222,5
858.288,3
858.354,2
858.42,4
858.486,4
858.552,6
858.618,7
858.684,8
858.75,9
858.817,11
858.883,11
858.949,7
859.015,6
859.081,2
859.147,2
859.213,4
859.279,6
859.345,9
859.411,9
859.477,6
859.543,5
859.609,5
859.676,7
859.742,13
859.808,15
859.874,15
859.94,15
860.006,21
860.072,20
860.138,19
860.204,18
860.271,14
860.337,11
860.403,8
860.469,9
860.535,7
860.601,9
860.667,13
860.733,13
860.8,11
860.866,10
860.932,8
860.998,5
861.064,6
861.13,9
861.196,7
861.263,8
861.329,14
861.395,12
861.461,13
861.527,12
861.593,9
861.66,10
861.726,8
861.792,8
861.858,8
861.924,5
861.991,4
862.057,3
862.123,2
862.189,2
862.255,0
862.322,0
862.388,1
862.454,1
862.52,2
862.586,2
862.653,1
862.719,1
862.785,0
862.851,0
862.917,0
862.984,0
863.05,0
863.116,0
863.182,1
863.249,1
863.315,2
863.381,3
863.447,3
863.514,5
863.58,6
863.646,5
863.712,6
863.779,5
863.845,6
863.911,11
863.977,11
864.044,12
864.11,10
864.176,8
864.242,8
864.309,10
864.375,11
864.441,9
864.508,8
864.574,5
864.64,7
864.706,7
864.773,7
864.839,10
864.905,8
864.972,10
865.038,10
865.104,10
865.171,12
865.237,13
865.303,18
865.369,17
865.436,16
865.502,15
865.568,12
865.635,10
865.701,9
865.767,7
865.834,5
865.9,5
865.966,2
866.033,2
866.099,4
866.165,5
866.232,4
866.298,5
866.365,5
866.431,7
866.497,7
866.564,6
866.63,7
866.696,7
866.763,8
866.829,7
866.895,11
866.962,12
867.028,16
867.095,17
867.161,16
867.227,17
867.294,21
867.36,21
867.427,22
867.493,21
867.559,21
867.626,21
867.692,22
867.759,21
867.825,18
867.891,16
867.958,12
868.024,12
868.091,7
868.157,6
868.224,4
868.29,2
868.356,1
868.423,1
868.489,0
868.556,0
868.622,2
868.689,3
868.755,4
868.822,5
868.888,7
868.954,8
869.021,9
869.087,12
869.154,15
869.22,17
869.287,18
869.353,17
869.42,15
869.486,15
869.553,12
869.619,11
869.686,11
869.752,9
869.819,6
869.885,5
869.952,4
870.018,4
870.085,5
870.151,6
870.218,8
870.284,10
870.351,10
870.417,10
870.484,10
870.55,8
870.617,16
870.683,16
870.75,17
870.816,18
870.883,15
870.949,13
871.016,10
871.082,7
871.149,5
871.215,7
871.282,9
871.349,12
871.415,10
871.482,11
871.548,11
871.615,10
871.681,13
871.748,12
871.814,9
871.881,6
871.948,10
872.014,11
872.081,12
872.147,15
872.214,17
872.281,18
872.347,20
872.414,20
872.48,17
872.547,15
872.613,12
872.68,11
872.747,9
872.813,9
872.88,6
872.947,3
873.013,2
873.08,3
873.146,2
873.213,4
873.28,10
873.346,10
873.413,14
873.48,14
873.546,12
873.613,14
873.679,11
873.746,12
873.813,17
873.879,16
873.946,13
874.013,12
874.079,4
874.146,6
874.213,5
874.279,5
874.346,3
874.413,1
874.479,1
874.546,1
874.613,0
874.679,1
874.746,2
874.813,2
874.879,4
874.946,3
875.013,6
875.079,5
875.146,5
875.213,7
875.28,6
875.346,6
875.413,5
875.48,3
875.546,6
875.613,6
875.68,4
875.747,5
875.813,2
875.88,2
875.947,2
876.013,1
876.08,1
876.147,1
876.214,4
876.28,3
876.347,3
876.414,4
876.481,3
876.547,3
876.614,3
876.681,3
876.748,4
876.814,6
876.881,8
876.948,8
877.015,6
877.081,7
877.148,7
877.215,10
877.282,10
877.349,7
877.415,7
877.482,7
877.549,8
877.616,8
877.682,6
877.749,10
877.816,8
877.883,7
877.95,7
878.017,2
878.083,4
878.15,8
878.217,11
878.284,13
878.351,15
878.417,13
878.484,17
878.551,16
878.618,12
878.685,10
878.752,5
878.818,4
878.885,3
878.952,3
879.019,2
879.086,2
879.153,2
879.219,2
879.286,4
879.353,7
879.42,10
879.487,15
879.554,17
879.621,15
879.688,17
879.754,13
879.821,9
879.888,8
879.955,6
880.022,6
880.089,5
880.156,7
880.223,9
880.289,10
880.356,13
880.423,15
880.49,16
880.557,16
880.624,14
880.691,11
880.758,8
880.825,8
880.892,5
880.959,6
881.025,6
881.092,6
881.159,8
881.226,9
881.293,7
881.36,6
881.427,4
881.494,2
881.561,2
881.628,3
881.695,3
881.762,6
881.829,9
881.896,11
881.963,13
882.03,12
882.097,11
882.164,10
882.231,6
882.298,6
882.364,9
882.431,8
882.498,7
882.565,7
882.632,3
882.699,5
882.766,7
882.833,8
882.9,10
882.967,11
883.034,15
883.101,12
883.168,10
883.235,7
883.302,3
883.369,4
883.436,6
883.503,6
883.57,6
883.637,8
883.705,12
883.772,13
883.839,16
883.906,14
883.973,10
884.04,9
884.107,8
884.174,8
884.241,7
884.308,11
884.375,9
884.442,9
884.509,11
884.576,7
884.643,10
884.71,13
884.777,21
884.844,20
884.911,19
884.979,17
885.046,7
885.113,7
885.18,5
885.247,3
885.314,4
885.381,4
885.448,4
885.515,5
885.582,4
885.649,6
885.716,9
885.784,9
885.851,9
885.918,8
885.985,8
886.052,7
886.119,5
886.186,4
886.253,2
886.321,6
886.388,7
886.455,8
886.522,10
886.589,9
886.656,12
886.723,13
886.791,12
886.858,10
886.925,7
886.992,6
887.059,5
887.126,8
887.193,13
887.261,15
887.328,19
887.395,17
887.462,17
887.529,15
887.596,10
887.664,9
887.731,11
887.798,11
887.865,10
887.932,11
888.00,5
888.067,6
888.134,4
888.201,4
888.268,6
888.336,6
888.403,6
888.47,6
888.537,7
888.604,6
888.672,8
888.739,7
888.806,5
888.873,5
888.94,5
889.008,5
889.075,3
889.142,4
889.209,2
889.277,3
889.344,4
889.411,4
889.478,6
889.546,7
889.613,12
889.68,14
889.747,14
889.815,16
889.882,14
889.949,11
890.016,8
890.084,5
890.151,1
890.218,1
890.286,3
890.353,3
890.42,5
890.487,6
890.555,5
890.622,5
890.689,8
890.757,9
890.824,8
890.891,8
890.958,9
891.026,10
891.093,9
891.16,10
891.228,9
891.295,8
891.362,6
891.43,6
891.497,9
891.564,7
891.632,6
891.699,7
891.766,4
891.834,4
891.901,4
891.968,1
892.036,1
892.103,1
892.17,1
892.238,1
892.305,2
892.372,2
892.44,2
892.507,2
892.575,1
892.642,2
892.709,3
892.777,4
892.844,5
892.911,4
892.979,3
893.046,3
893.114,2
893.181,3
893.248,4
893.316,4
893.383,4
893.451,4
893.518,7
893.585,6
893.653,5
893.72,4
893.788,2
893.855,2
893.922,2
893.99,3
894.057,1
894.125,1
894.192,1
894.26,0
894.327,0
894.394,0
894.462,0
894.529,1
894.597,2
894.664,2
894.732,2
894.799,5
894.867,6
894.934,6
895.001,7
895.069,5
895.136,5
895.204,5
895.271,8
895.339,7
895.406,10
895.474,10
895.541,9
895.609,9
895.676,13
895.744,13
895.811,15
895.879,13
895.946,11
896.014,10
896.081,8
896.149,8
896.216,3
896.284,3
896.351,3
896.419,3
896.486,0
896.554,0
896.621,0
896.689,0
896.756,0
896.824,1
896.891,2
896.959,3
897.026,7
897.094,8
897.162,10
897.229,10
897.297,8
897.364,7
897.432,2
897.499,2
897.567,1
897.634,1
897.702,0
897.77,0
897.837,1
897.905,1
897.972,3
898.04,3
898.107,5
898.175,5
898.243,6
898.31,6
898.378,5
898.445,6
898.513,3
898.581,3
898.648,4
898.716,3
898.783,3
898.851,3
898.919,1
898.986,1
899.054,1
899.121,1
899.189,0
899.257,1
899.324,1
899.392,2
899.459,4
899.527,3
899.595,3
899.662,4
899.73,6
899.798,7
899.865,8
899.933,8
900.001,11
900.068,9
900.136,7
900.204,4
900.271,2
900.339,3
900.407,3
900.474,3
900.542,2
900.61,2
900.677,2
900.745,2
900.813,1
900.88,0
900.948,4
901.016,6
901.083,6
901.151,6
901.219,2
901.286,0
901.354,0
901.422,0
901.49,1
901.557,1
901.625,1
901.693,1
901.76,1
901.828,1
901.896,1
901.964,3
902.031,5
902.099,6
902.167,9
902.235,8
902.302,13
902.37,13
902.438,10
902.505,10
902.573,4
902.641,4
902.709,2
902.776,2
902.844,2
902.912,2
902.98,1
903.048,2
903.115,1
903.183,1
903.251,1
903.319,1
903.386,4
903.454,5
903.522,7
903.59,7
903.658,11
903.725,11
903.793,9
903.861,9
903.929,5
903.997,4
904.064,4
904.132,3
904.2,0
904.268,0
904.336,0
904.403,0
904.471,0
904.539,0
904.607,0
904.675,1
904.743,2
904.81,5
904.878,9
904.946,12
905.014,16
905.082,16
905.15,14
905.217,12
905.285,10
905.353,8
905.421,8
905.489,7
905.557,7
905.625,7
905.692,9
905.76,10
905.828,5
905.896,5
905.964,4
906.032,4
906.1,3
906.168,3
906.235,6
906.303,6
906.371,8
906.439,9
906.507,12
906.575,11
906.643,9
906.711,9
906.779,8
906.847,9
906.914,10
906.982,10
907.05,10
907.118,13
907.186,12
907.254,12
907.322,7
907.39,4
907.458,4
907.526,4
907.594,5
907.662,5
907.73,2
907.798,2
907.865,3
907.933,3
908.001,3
908.069,5
908.137,9
908.205,10
908.273,11
908.341,10
908.409,7
908.477,6
908.545,5
908.613,7
908.681,7
908.749,7
908.817,4
908.885,1
908.953,1
909.021,1
909.089,0
909.157,1
909.225,3
909.293,5
909.361,7
909.429,7
909.497,6
909.565,7
909.633,6
909.701,8
909.769,11
909.837,13
909.905,13
909.973,14
910.041,14
910.109,11
910.177,11
910.245,9
910.313,8
910.381,7
910.449,6
910.518,6
910.586,5
910.654,6
910.722,4
910.79,4
910.858,5
910.926,4
910.994,3
911.062,2
911.13,0
911.198,0
911.266,2
911.334,2
911.402,2
911.47,2
911.539,0
911.607,0
911.675,0
911.743,1
911.811,3
911.879,4
911.947,4
912.015,3
912.083,3
912.151,2
912.22,3
912.288,3
912.356,2
912.424,2
912.492,4
912.56,4
912.628,3
912.696,3
912.765,0
912.833,0
912.901,0
912.969,0
913.037,0
913.105,0
913.173,0
913.242,0
913.31,1
913.378,7
913.446,10
913.514,13
913.582,16
913.651,15
913.719,15
913.787,16
913.855,14
913.923,10
913.991,8
914.06,5
914.128,2
914.196,2
914.264,2
914.332,2
914.401,4
914.469,4
914.537,4
914.605,5
914.673,7
914.742,8
914.81,12
914.878,11
914.946,8
915.015,7
915.083,8
915.151,8
915.219,6
915.287,6
915.356,4
915.424,5
915.492,8
915.56,8
915.629,7
915.697,6
915.765,3
915.833,3
915.902,1
915.97,1
916.038,0
916.106,2
916.175,4
916.243,6
916.311,9
916.379,9
916.448,11
916.516,13
916.584,12
916.653,12
916.721,12
916.789,9
916.857,5
916.926,4
916.994,4
917.062,4
917.131,3
917.199,3
917.267,2
917.336,5
917.404,6
917.472,6
917.54,4
917.609,1
917.677,1
917.745,3
917.814,6
917.882,6
917.95,5
918.019,3
918.087,1
918.155,2
918.224,3
918.292,4
918.36,6
918.429,6
918.497,5
918.565,4
918.634,2
918.702,1
918.771,1
918.839,1
918.907,0
918.976,0
919.044,0
919.112,0
919.181,0
919.249,0
919.318,0
919.386,0
919.454,1
919.523,1
919.591,1
919.66,1
919.728,1
919.796,1
919.865,2
919.933,4
920.002,4
920.07,5
920.138,4
920.207,2
920.275,1
920.344,3
920.412,6
920.48,9
920.549,15
920.617,19
920.686,19
920.754,19
920.823,14
920.891,14
920.96,13
921.028,12
921.096,10
921.165,8
921.233,8
921.302,8
921.37,7
921.439,9
921.507,14
921.576,18
921.644,22
921.713,22
921.781,19
921.85,15
921.918,13
921.986,11
922.055,8
922.123,6
922.192,2
922.26,3
922.329,2
922.397,2
922.466,2
922.534,0
922.603,1
922.671,4
922.74,5
922.808,5
922.877,4
922.946,4
923.014,3
923.083,3
923.151,4
923.22,1
923.288,1
923.357,1
923.425,1
923.494,1
923.562,4
923.631,5
923.699,6
923.768,7
923.837,10
923.905,9
923.974,11
924.042,10
924.111,6
924.179,6
924.248,4
924.316,5
924.385,5
924.454,6
924.522,5
924.591,5
924.659,6
924.728,8
924.797,13
924.865,14
924.934,17
925.002,16
925.071,17
925.139,18
925.208,15
925.277,17
925.345,16
925.414,13
925.483,12
925.551,10
925.62,6
925.688,4
925.757,3
925.826,3
925.894,4
925.963,4
926.032,4
926.1,5
926.169,6
926.237,6
926.306,3
926.375,2
926.443,0
926.512,0
926.581,0
926.649,0
926.718,0
926.787,1
926.855,2
926.924,4
926.993,6
927.061,7
927.13,10
927.199,10
927.267,12
927.336,11
927.405,9
927.473,7
927.542,3
927.611,2
927.68,0
927.748,0
927.817,2
927.886,2
927.954,3
928.023,3
928.092,1
928.161,1
928.229,3
928.298,3
928.367,3
928.435,3
928.504,1
928.573,3
928.642,6
928.71,11
928.779,14
928.848,13
928.917,13
928.985,9
929.054,6
929.123,6
929.192,3
929.26,3
929.329,8
929.398,8
929.467,9
929.535,10
929.604,13
929.673,14
929.742,13
929.81,13
929.879,8
929.948,7
930.017,7
930.086,7
930.154,6
930.223,3
930.292,1
930.361,1
930.43,2
930.498,2
930.567,2
930.636,2
930.705,1
930.774,1
930.842,2
930.911,2
930.98,2
931.049,2
931.118,1
931.187,3
931.255,6
931.324,10
931.393,15
931.462,22
931.531,23
931.6,21
931.668,17
931.737,14
931.806,14
931.875,10
931.944,8
932.013,5
932.082,3
932.15,0
932.219,1
932.288,2
932.357,5
932.426,6
932.495,10
932.564,9
932.633,9
932.701,8
932.77,7
932.839,7
932.908,4
932.977,4
933.046,4
933.115,4
933.184,5
933.253,5
933.322,3
933.39,3
933.459,5
933.528,5
933.597,6
933.666,6
933.735,5
933.804,5
933.873,5
933.942,5
934.011,4
934.08,5
934.149,3
934.218,6
934.287,5
934.355,4
934.424,4
934.493,2
934.562,5
934.631,5
934.7,5
934.769,4
934.838,1
934.907,1
934.976,3
935.045,4
935.114,5
935.183,6
935.252,3
935.321,3
935.39,3
935.459,3
935.528,6
935.597,9
935.666,14
935.735,13
935.804,11
935.873,8
935.942,4
936.011,5
936.08,4
936.149,4
936.218,6
936.287,6
936.356,10
936.425,10
936.494,7
936.563,7
936.632,4
936.701,3
936.77,3
936.839,2
936.908,1
936.977,2
937.046,3
937.115,4
937.185,6
937.254,7
937.323,6
937.392,7
937.461,5
937.53,4
937.599,4
937.668,3
937.737,1
937.806,1
937.875,1
937.944,1
938.013,1
938.082,3
938.152,6
938.221,7
938.29,8
938.359,7
938.428,9
938.497,7
938.566,4
938.635,5
938.704,3
938.773,5
938.843,6
938.912,5
938.981,6
939.05,5
939.119,8
939.188,6
939.257,5
939.326,4
939.396,2
939.465,2
939.534,5
939.603,5
939.672,5
939.741,5
939.81,3
939.88,3
939.949,4
940.018,4
940.087,3
940.156,3
940.225,3
940.295,4
940.364,4
940.433,4
940.502,2
940.571,1
940.64,3
940.71,4
940.779,5
940.848,7
940.917,10
940.986,12
941.056,13
941.125,11
941.194,9
941.263,12
941.332,11
941.402,11
941.471,12
941.54,6
941.609,4
941.679,6
941.748,4
941.817,5
941.886,8
941.955,7
942.025,7
942.094,7
942.163,8
942.232,7
942.302,9
942.371,7
942.44,4
942.509,3
942.579,3
942.648,4
942.717,2
942.786,2
942.856,2
942.925,4
942.994,4
943.064,5
943.133,7
943.202,6
943.271,8
943.341,7
943.41,4
943.479,2
943.548,1
943.618,1
943.687,1
943.756,1
943.826,0
943.895,0
943.964,3
944.034,5
944.103,9
944.172,11
944.242,17
944.311,18
944.38,17
944.45,19
944.519,21
944.588,19
944.657,18
944.727,14
944.796,7
944.866,6
944.935,7
945.004,9
945.074,9
945.143,11
945.212,14
945.282,11
945.351,6
945.42,4
945.49,1
945.559,1
945.628,2
945.698,2
945.767,5
945.837,5
945.906,8
945.975,7
946.045,6
946.114,7
946.183,4
946.253,4
946.322,5
946.392,7
946.461,7
946.53,8
946.6,9
946.669,7
946.739,8
946.808,8
946.877,8
946.947,8
947.016,7
947.086,8
947.155,7
947.225,8
947.294,10
947.363,9
947.433,9
947.502,8
947.572,7
947.641,7
947.711,7
947.78,6
947.85,5
947.919,4
947.988,2
948.058,2
948.127,1
948.197,1
948.266,0
948.336,0
948.405,0
948.475,0
948.544,0
948.614,0
948.683,0
948.753,0
948.822,0
948.892,1
948.961,1
949.031,2
949.1,3
949.17,3
949.239,5
949.309,6
949.378,7
949.448,8
949.517,9
949.587,8
949.656,7
949.726,7
949.795,4
949.865,5
949.934,7
950.004,7
950.073,6
950.143,7
950.212,7
950.282,7
950.352,6
950.421,5
950.491,7
950.56,7
950.63,7
950.699,8
950.769,8
950.838,9
950.908,12
950.978,11
951.047,7
951.117,7
951.186,8
951.256,9
951.325,10
951.395,10
951.465,7
951.534,7
951.604,5
951.673,6
951.743,9
951.813,10
951.882,14
951.952,14
952.021,16
952.091,19
952.161,16
952.23,14
952.3,9
952.369,4
952.439,2
952.509,2
952.578,2
952.648,2
952.718,6
952.787,7
952.857,6
952.926,7
952.996,3
953.066,5
953.135,9
953.205,9
953.275,10
953.344,8
953.414,10
953.484,9
953.553,7
953.623,7
953.693,6
953.762,6
953.832,6
953.902,11
953.971,9
954.041,9
954.111,9
954.18,7
954.25,6
954.32,7
954.389,8
954.459,7
954.529,6
954.599,4
954.668,2
954.738,2
954.808,6
954.877,6
954.947,8
955.017,8
955.087,2
955.156,2
955.226,3
955.296,3
955.365,3
955.435,3
955.505,5
955.575,5
955.644,6
955.714,6
955.784,2
955.854,2
955.923,1
955.993,1
956.063,2
956.133,2
956.202,2
956.272,2
956.342,2
956.412,2
956.481,2
956.551,2
956.621,4
956.691,4
956.761,4
956.83,4
956.9,3
956.97,4
957.04,5
957.11,6
957.179,8
957.249,8
957.319,9
957.389,11
957.459,8
957.528,10
957.598,15
957.668,14
957.738,12
957.808,11
957.877,9
957.947,8
958.017,5
958.087,4
958.157,2
958.227,4
958.296,4
958.366,5
958.436,3
958.506,2
958.576,3
958.646,4
958.716,5
958.785,4
958.855,3
958.925,5
958.995,8
959.065,7
959.135,6
959.205,3
959.274,4
959.344,5
959.414,5
959.484,3
959.554,1
959.624,0
959.694,2
959.764,2
959.834,3
959.903,4
959.973,3
960.043,3
960.113,4
960.183,6
960.253,5
960.323,5
960.393,3
960.463,1
960.533,2
960.603,4
960.672,9
960.742,9
960.812,11
960.882,10
960.952,6
961.022,6
961.092,9
961.162,8
961.232,10
961.302,9
961.372,5
961.442,5
961.512,2
961.582,3
961.652,5
961.722,6
961.792,7
961.862,10
961.932,8
962.002,11
962.072,14
962.142,14
962.212,13
962.281,10
962.351,8
962.421,5
962.491,4
962.561,4
962.631,3
962.701,2
962.771,2
962.841,1
962.911,0
962.981,1
963.051,2
963.122,4
963.192,7
963.262,7
963.332,8
963.402,7
963.472,6
963.542,6
963.612,9
963.682,8
963.752,7
963.822,6
963.892,3
963.962,3
964.032,2
964.102,3
964.172,1
964.242,1
964.312,1
964.382,1
964.452,1
964.522,1
964.592,1
964.663,0
964.733,2
964.803,4
964.873,4
964.943,4
965.013,2
965.083,0
965.153,0
965.223,0
965.293,3
965.363,3
965.434,3
965.504,4
965.574,2
965.644,2
965.714,5
965.784,4
965.854,4
965.924,6
965.994,3
966.065,3
966.135,3
966.205,7
966.275,8
966.345,9
966.415,8
966.485,8
966.555,10
966.626,9
966.696,10
966.766,7
966.836,5
966.906,4
966.976,3
967.047,3
967.117,1
967.187,2
967.257,2
967.327,2
967.397,3
967.468,3
967.538,3
967.608,4
967.678,5
967.748,4
967.818,5
967.889,4
967.959,4
968.029,4
968.099,5
968.169,5
968.24,4
968.31,4
968.38,3
968.45,3
968.521,2
968.591,5
968.661,3
968.731,3
968.801,3
968.872,0
968.942,0
969.012,0
969.082,0
969.153,0
969.223,1
969.293,1
969.363,3
969.434,3
969.504,8
969.574,9
969.644,9
969.715,10
969.785,9
969.855,8
969.925,6
969.996,5
970.066,1
970.136,1
970.206,1
970.277,1
970.347,0
970.417,0
970.488,0
970.558,0
970.628,0
970.698,0
970.769,0
970.839,1
970.909,1
970.98,1
971.05,1
971.12,0
971.191,0
971.261,0
971.331,0
971.402,0
971.472,0
971.542,0
971.613,3
971.683,3
971.753,3
971.824,3
971.894,4
971.964,3
972.035,2
972.105,1
972.175,0
972.246,0
972.316,0
972.386,0
972.457,0
972.527,3
972.597,3
972.668,3
972.738,3
972.809,0
972.879,0
972.949,0
973.02,0
973.09,0
973.16,0
973.231,0
973.301,0
973.372,0
973.442,0
973.512,0
973.583,2
973.653,2
973.724,4
973.794,4
973.864,2
973.935,2
974.005,0
974.076,0
974.146,0
974.217,0
974.287,0
974.357,1
974.428,2
974.498,2
974.569,3
974.639,2
974.71,2
974.78,2
974.85,2
974.921,2
974.991,1
975.062,1
975.132,0
975.203,0
975.273,3
975.344,3
975.414,6
975.485,6
975.555,8
975.626,7
975.696,9
975.767,8
975.837,6
975.908,6
975.978,6
976.048,5
976.119,4
976.189,3
976.26,1
976.33,1
976.401,1
976.472,1
976.542,0
976.613,1
976.683,1
976.754,1
976.824,3
976.895,5
976.965,6
977.036,8
977.106,9
977.177,6
977.247,5
977.318,3
977.388,2
977.459,2
977.529,5
977.6,5
977.671,3
977.741,3
977.812,2
977.882,2
977.953,2
978.023,2
978.094,0
978.164,0
978.235,3
978.306,3
978.376,3
978.447,6
978.517,3
978.588,3
978.659,6
978.729,7
978.8,7
978.87,9
978.941,11
979.011,11
979.082,12
979.153,14
979.223,9
979.294,8
979.365,10
979.435,6
979.506,6
979.576,4
979.647,5
979.718,5
979.788,5
979.859,4
979.93,6
980.00,5
980.071,5
980.141,4
980.212,1
980.283,1
980.353,5
980.424,5
980.495,5
980.565,6
980.636,4
980.707,5
980.777,7
980.848,8
980.919,13
980.989,13
981.06,13
981.131,12
981.201,11
981.272,11
981.343,10
981.413,10
981.484,11
981.555,10
981.626,7
981.696,7
981.767,6
981.838,7
981.908,8
981.979,8
982.05,6
982.12,7
982.191,5
982.262,6
982.333,9
982.403,8
982.474,4
982.545,3
982.616,1
982.686,1
982.757,1
982.828,4
982.898,3
982.969,3
983.04,5
983.111,4
983.181,4
983.252,4
983.323,5
983.394,3
983.465,3
983.535,3
983.606,1
983.677,1
983.748,1
983.818,3
983.889,4
983.96,4
984.031,4
984.101,6
984.172,3
984.243,2
984.314,1
984.385,0
984.455,0
984.526,0
984.597,0
984.668,2
984.739,3
984.809,4
984.88,4
984.951,7
985.022,5
985.093,4
985.164,3
985.234,1
985.305,1
985.376,4
985.447,5
985.518,7
985.589,8
985.659,5
985.73,6
985.801,10
985.872,10
985.943,10
986.014,10
986.085,8
986.155,7
986.226,6
986.297,2
986.368,2
986.439,2
986.51,2
986.581,2
986.652,2
986.722,2
986.793,2
986.864,0
986.935,1
987.006,3
987.077,3
987.148,4
987.219,5
987.29,6
987.36,8
987.431,11
987.502,9
987.573,9
987.644,7
987.715,6
987.786,6
987.857,4
987.928,4
987.999,4
988.07,4
988.141,3
988.212,3
988.282,1
988.353,2
988.424,5
988.495,6
988.566,7
988.637,6
988.708,5
988.779,5
988.85,5
988.921,6
988.992,10
989.063,8
989.134,5
989.205,3
989.276,1
989.347,1
989.418,1
989.489,2
989.56,2
989.631,3
989.702,4
989.773,3
989.844,2
989.915,1
989.986,0
990.057,0
990.128,2
990.199,2
990.27,2
990.341,2
990.412,2
990.483,2
990.554,3
990.625,4
990.696,3
990.767,5
990.838,4
990.909,4
990.98,3
991.051,4
991.122,4
991.193,3
991.264,3
991.335,0
991.406,0
991.477,0
991.548,0
991.619,0
991.691,0
991.762,0
991.833,0
991.904,0
991.975,3
992.046,3
992.117,3
992.188,3
992.259,3
992.33,3
992.401,3
992.472,3
992.544,0
992.615,0
992.686,0
992.757,0
992.828,0
992.899,0
992.97,0
993.041,0
993.112,3
993.183,3
993.255,3
993.326,3
993.397,0
993.468,0
993.539,0
993.61,0
993.681,0
993.753,0
993.824,1
993.895,1
993.966,1
994.037,3
994.108,2
994.179,2
994.251,4
994.322,2
994.393,5
994.464,6
994.535,5
994.606,7
994.678,9
994.749,9
994.82,9
994.891,8
994.962,7
995.033,7
995.105,7
995.176,8
995.247,7
995.318,9
995.389,8
995.461,8
995.532,7
995.603,6
995.674,9
995.745,10
995.817,11
995.888,8
995.959,5
996.03,5
996.102,7
996.173,9
996.244,8
996.315,8
996.386,5
996.458,3
996.529,5
996.6,5
996.671,5
996.743,5
996.814,5
996.885,6
996.956,4
997.028,6
997.099,6
997.17,8
997.241,11
997.313,11
997.384,10
997.455,8
997.527,6
997.598,4
997.669,3
997.74,2
997.812,0
997.883,0
997.954,0
998.026,0
998.097,0
998.168,0
998.239,1
998.311,3
998.382,5
998.453,7
998.525,9
998.596,8
998.667,7
998.739,8
998.81,4
998.881,4
998.953,4
999.024,2
999.095,0
999.167,0
999.238,1
999.309,1
999.381,1
999.452,1
999.523,4
999.595,4
999.666,4
999.737,4
999.809,2
999.88,2
999.951,2
1000.023,2
1000.094,0
1000.165,0
1000.237,0
1000.308,2
1000.38,2
1000.451,2
1000.522,2
1000.594,0
1000.665,0
1000.737,0
1000.808,3
1000.879,3
1000.951,4
1001.022,4
1001.094,5
1001.165,5
1001.236,4
1001.308,4
1001.379,1
1001.451,2
1001.522,3
1001.593,5
1001.665,8
1001.736,8
1001.808,8
1001.879,8
1001.951,6
1002.022,7
1002.093,8
1002.165,8
1002.236,8
1002.308,8
1002.379,8
1002.451,9
1002.522,11
1002.594,16
1002.665,13
1002.737,13
1002.808,10
1002.879,7
1002.951,7
1003.022,7
1003.094,4
1003.165,2
1003.237,1
1003.308,0
1003.38,0
1003.451,1
1003.523,2
1003.594,3
1003.666,5
1003.737,5
1003.809,5
1003.88,5
1003.952,6
1004.023,6
1004.095,6
1004.166,9
1004.238,8
1004.309,8
1004.381,8
1004.452,5
1004.524,2
1004.596,2
1004.667,2
1004.739,2
1004.81,4
1004.882,4
1004.953,4
1005.025,4
1005.096,1
1005.168,2
1005.239,3
1005.311,4
1005.383,3
1005.454,2
1005.526,3
1005.597,2
1005.669,3
1005.74,4
1005.812,4
1005.884,5
1005.955,11
1006.027,9
1006.098,6
1006.17,4
1006.241,0
1006.313,0
1006.385,0
1006.456,0
1006.528,2
1006.599,2
1006.671,5
1006.743,5
1006.814,8
1006.886,7
1006.957,5
1007.029,4
1007.101,2
1007.172,3
1007.244,2
1007.316,5
1007.387,6
1007.459,6
1007.53,7
1007.602,5
1007.674,6
1007.745,7
1007.817,7
1007.889,8
1007.96,9
1008.032,8
1008.104,9
1008.175,9
1008.247,6
1008.319,6
1008.39,8
1008.462,10
1008.534,9
1008.605,12
1008.677,9
1008.749,6
1008.82,7
1008.892,4
1008.964,5
1009.035,5
1009.107,2
1009.179,2
1009.251,1
1009.322,1
1009.394,1
1009.466,1
1009.537,0
1009.609,0
1009.681,0
1009.753,0
1009.824,1
1009.896,1
1009.968,3
1010.039,3
1010.111,2
1010.183,2
1010.255,0
1010.326,0
1010.398,1
1010.47,1
1010.542,2
1010.613,6
1010.685,6
1010.757,7
1010.829,8
1010.9,5
1010.972,5
1011.044,5
1011.116,4
1011.187,4
1011.259,4
1011.331,4
1011.403,1
1011.475,2
1011.546,5
1011.618,6
1011.69,8
1011.762,8
1011.833,6
1011.905,6
1011.977,6
1012.049,6
1012.121,6
1012.192,8
1012.264,6
1012.336,6
1012.408,6
1012.48,5
1012.551,6
1012.623,5
1012.695,4
1012.767,2
1012.839,1
1012.911,1
1012.982,1
1013.054,1
1013.126,5
1013.198,5
1013.27,7
1013.342,7
1013.414,7
1013.485,8
1013.557,8
1013.629,10
1013.701,13
1013.773,11
1013.845,9
1013.917,7
1013.988,7
1014.06,7
1014.132,8
1014.204,8
1014.276,4
1014.348,5
1014.42,3
1014.492,2
1014.563,1
1014.635,0
1014.707,0
1014.779,0
1014.851,0
1014.923,0
1014.995,0
1015.067,1
1015.139,1
1015.211,1
1015.282,1
1015.354,1
1015.426,1
1015.498,1
1015.57,1
1015.642,0
1015.714,3
1015.786,3
1015.858,3
1015.93,3
1016.002,4
1016.074,3
1016.146,5
1016.218,4
1016.29,3
1016.362,3
1016.433,0
1016.505,0
1016.577,0
1016.649,3
1016.721,5
1016.793,5
1016.865,5
1016.937,2
1017.009,2
1017.081,2
1017.153,3
1017.225,4
1017.297,2
1017.369,2
1017.441,1
1017.513,0
1017.585,2
1017.657,3
1017.729,4
1017.801,5
1017.873,7
1017.945,6
1018.017,5
1018.089,4
1018.161,2
1018.233,2
1018.305,3
1018.377,4
1018.449,5
1018.521,6
1018.593,6
1018.665,6
1018.737,5
1018.81,5
1018.882,4
1018.954,3
1019.026,1
1019.098,2
1019.17,2
1019.242,2
1019.314,4
1019.386,4
1019.458,5
1019.53,6
1019.602,7
1019.674,5
1019.746,4
1019.818,3
1019.89,0
1019.963,0
1020.035,0
1020.107,2
1020.179,3
1020.251,4
1020.323,6
1020.395,5
1020.467,6
1020.539,7
1020.611,6
1020.684,7
1020.756,10
1020.828,10
1020.9,8
1020.972,11
1021.044,9
1021.116,8
1021.188,6
1021.261,2
1021.333,0
1021.405,0
1021.477,0
1021.549,0
1021.621,0
1021.693,3
1021.766,4
1021.838,5
1021.91,7
1021.982,4
1022.054,3
1022.126,4
1022.198,5
1022.271,10
1022.343,12
1022.415,11
1022.487,9
1022.559,7
1022.632,5
1022.704,5
1022.776,5
1022.848,3
1022.92,0
1022.992,0
1023.065,0
1023.137,0
1023.209,1
1023.281,1
1023.353,2
1023.426,2
1023.498,4
1023.57,5
1023.642,4
1023.715,5
1023.787,6
1023.859,6
1023.931,8
1024.003,7
1024.076,3
1024.148,2
1024.22,0
1024.292,0
1024.365,0
1024.437,0
1024.509,3
1024.581,3
1024.654,3
1024.726,3
1024.798,2
1024.87,2
1024.943,2
1025.015,2
1025.087,2
1025.159,2
1025.232,2
1025.304,2
1025.376,0
1025.449,0
1025.521,0
1025.593,0
1025.665,0
1025.738,0
1025.81,0
1025.882,0
1025.955,2
1026.027,2
1026.099,2
1026.171,2
1026.244,0
1026.316,1
1026.388,2
1026.461,4
1026.533,7
1026.605,8
1026.678,12
1026.75,12
1026.822,11
1026.895,11
1026.967,14
1027.039,13
1027.112,11
1027.184,10
1027.256,6
1027.329,6
1027.401,4
1027.473,5
1027.546,3
1027.618,4
1027.691,6
1027.763,6
1027.835,6
1027.908,7
1027.98,6
1028.052,6
1028.125,6
1028.197,6
1028.27,8
1028.342,8
1028.414,9
1028.487,9
1028.559,7
1028.631,10
1028.704,12
1028.776,12
1028.849,13
1028.921,10
1028.993,9
1029.066,8
1029.138,6
1029.211,5
1029.283,2
1029.356,1
1029.428,2
1029.5,3
1029.573,4
1029.645,6
1029.718,10
1029.79,9
1029.863,9
1029.935,7
1030.007,3
1030.08,3
1030.152,2
1030.225,2
1030.297,2
1030.37,2
1030.442,2
1030.515,3
1030.587,2
1030.66,3
1030.732,4
1030.804,4
1030.877,4
1030.949,4
1031.022,1
1031.094,1
1031.167,1
1031.239,1
1031.312,0
1031.384,0
1031.457,0
1031.529,0
1031.602,0
1031.674,0
1031.747,0
1031.819,1
1031.892,4
1031.964,4
1032.037,6
1032.109,5
1032.182,4
1032.254,4
1032.327,2
1032.4,2
1032.472,2
1032.545,2
1032.617,3
1032.69,3
1032.762,1
1032.835,1
1032.907,0
1032.98,0
1033.052,0
1033.125,0
1033.198,4
1033.27,5
1033.343,6
1033.415,7
1033.488,6
1033.56,5
1033.633,4
1033.705,3
1033.778,2
1033.851,2
1033.923,2
1033.996,2
1034.068,1
1034.141,2
1034.214,6
1034.286,9
1034.359,8
1034.431,7
1034.504,5
1034.577,3
1034.649,3
1034.722,3
1034.794,2
1034.867,1
1034.94,1
1035.012,2
1035.085,1
1035.158,1
1035.23,1
1035.303,5
1035.375,6
1035.448,7
1035.521,10
1035.593,9
1035.666,8
1035.739,7
1035.811,4
1035.884,3
1035.957,2
1036.029,1
1036.102,0
1036.175,0
1036.247,1
1036.32,1
1036.393,2
1036.465,2
1036.538,2
1036.611,2
1036.683,1
1036.756,1
1036.829,0
1036.901,0
1036.974,0
1037.047,0
1037.119,0
1037.192,0
1037.265,2
1037.338,2
1037.41,2
1037.483,2
1037.556,5
1037.628,4
1037.701,3
1037.774,2
1037.847,1
1037.919,2
1037.992,2
1038.065,2
1038.138,1
1038.21,2
1038.283,2
1038.356,3
1038.428,3
1038.501,1
1038.574,1
1038.647,0
1038.719,0
1038.792,1
1038.865,3
1038.938,3
1039.011,7
1039.083,6
1039.156,7
1039.229,8
1039.302,5
1039.374,6
1039.447,5
1039.52,4
1039.593,3
1039.666,2
1039.738,1
1039.811,1
1039.884,4
1039.957,5
1040.029,7
1040.102,9
1040.175,14
1040.248,14
1040.321,13
1040.394,12
1040.466,10
1040.539,10
1040.612,9
1040.685,9
1040.758,11
1040.83,10
1040.903,5
1040.976,4
1041.049,2
1041.122,2
1041.195,2
1041.267,2
1041.34,1
1041.413,2
1041.486,2
1041.559,2
1041.632,2
1041.705,1
1041.777,1
1041.85,1
1041.923,3
1041.996,3
1042.069,3
1042.142,3
1042.215,1
1042.288,1
1042.36,1
1042.433,1
1042.506,1
1042.579,5
1042.652,6
1042.725,10
1042.798,12
1042.871,9
1042.944,9
1043.017,6
1043.089,7
1043.162,9
1043.235,8
1043.308,7
1043.381,4
1043.454,3
1043.527,3
1043.6,3
1043.673,2
1043.746,0
1043.819,0
1043.892,1
1043.965,3
1044.038,5
1044.11,7
1044.183,7
1044.256,7
1044.329,6
1044.402,5
1044.475,5
1044.548,4
1044.621,6
1044.694,7
1044.767,8
1044.84,9
1044.913,10
1044.986,12
1045.059,12
1045.132,9
1045.205,6
1045.278,3
1045.351,2
1045.424,0
1045.497,3
1045.57,4
1045.643,5
1045.716,7
1045.789,10
1045.862,8
1045.935,6
1046.008,5
1046.081,3
1046.154,4
1046.227,5
1046.3,7
1046.373,6
1046.446,5
1046.519,4
1046.592,2
1046.665,2
1046.738,2
1046.811,3
1046.884,1
1046.957,1
1047.03,2
1047.103,5
1047.177,6
1047.25,7
1047.323,9
1047.396,5
1047.469,4
1047.542,3
1047.615,0
1047.688,0
1047.761,0
1047.834,0
1047.907,0
1047.98,1
1048.053,2
1048.126,3
1048.2,4
1048.273,3
1048.346,2
1048.419,1
1048.492,0
1048.565,0
1048.638,1
1048.711,1
1048.784,1
1048.857,1
1048.931,1
1049.004,2
1049.077,2
1049.15,2
1049.223,1
1049.296,0
1049.369,0
1049.442,0
1049.516,0
1049.589,0
1049.662,0
1049.735,1
1049.808,1
1049.881,1
1049.955,1
1050.028,0
1050.101,0
1050.174,0
1050.247,0
1050.32,0
1050.393,0
1050.467,0
1050.54,3
1050.613,3
1050.686,6
1050.759,6
1050.833,3
1050.906,3
1050.979,4
1051.052,4
1051.125,4
1051.198,4
1051.272,7
1051.345,6
1051.418,6
1051.491,5
1051.565,3
1051.638,3
1051.711,5
1051.784,5
1051.857,3
1051.931,4
1052.004,5
1052.077,6
1052.15,7
1052.224,7
1052.297,6
1052.37,6
1052.443,4
1052.516,4
1052.59,2
1052.663,2
1052.736,0
1052.809,1
1052.883,2
1052.956,3
1053.029,5
1053.103,5
1053.176,5
1053.249,5
1053.322,2
1053.396,2
1053.469,2
1053.542,2
1053.615,0
1053.689,0
1053.762,0
1053.835,0
1053.909,1
1053.982,1
1054.055,1
1054.128,1
1054.202,0
1054.275,0
1054.348,1
1054.422,1
1054.495,1
1054.568,1
1054.642,0
1054.715,0
1054.788,0
1054.862,0
1054.935,0
1055.008,0
1055.082,0
1055.155,2
1055.228,4
1055.302,4
1055.375,4
1055.448,2
1055.522,0
1055.595,0
1055.668,0
1055.742,0
1055.815,0
1055.888,0
1055.962,0
1056.035,0
1056.109,0
1056.182,1
1056.255,2
1056.329,3
1056.402,5
1056.475,5
1056.549,5
1056.622,5
1056.696,3
1056.769,2
1056.842,3
1056.916,2
1056.989,2
1057.063,2
1057.136,0
1057.209,0
1057.283,0
1057.356,0
1057.43,1
1057.503,1
1057.577,1
1057.65,1
1057.723,3
1057.797,4
1057.87,5
1057.944,6
1058.017,8
1058.091,9
1058.164,9
1058.237,9
1058.311,5
1058.384,4
1058.458,4
1058.531,3
1058.605,2
1058.678,3
1058.752,3
1058.825,4
1058.899,5
1058.972,6
1059.046,6
1059.119,6
1059.192,6
1059.266,4
1059.339,5
1059.413,5
1059.486,2
1059.56,2
1059.633,1
1059.707,1
1059.78,0
1059.854,0
1059.927,0
1060.001,1
1060.074,2
1060.148,3
1060.221,5
1060.295,6
1060.368,7
1060.442,8
1060.516,12
1060.589,11
1060.663,10
1060.736,9
1060.81,4
1060.883,4
1060.957,4
1061.03,4
1061.104,2
1061.177,2
1061.251,2
1061.324,2
1061.398,5
1061.472,4
1061.545,3
1061.619,2
1061.692,0
1061.766,0
1061.839,2
1061.913,2
1061.987,3
1062.06,5
1062.134,6
1062.207,8
1062.281,12
1062.355,12
1062.428,18
1062.502,18
1062.575,16
1062.649,15
1062.722,13
1062.796,10
1062.87,6
1062.943,4
1063.017,2
1063.091,2
1063.164,2
1063.238,2
1063.311,1
1063.385,1
1063.459,1
1063.532,1
1063.606,0
1063.68,0
1063.753,0
1063.827,0
1063.9,0
1063.974,1
1064.048,3
1064.121,3
1064.195,3
1064.269,2
1064.342,1
1064.416,1
1064.49,1
1064.563,1
1064.637,0
1064.711,0
1064.784,1
1064.858,4
1064.932,4
1065.005,4
1065.079,3
1065.153,8
1065.227,7
1065.3,6
1065.374,5
1065.448,2
1065.521,2
1065.595,2
1065.669,2
1065.742,1
1065.816,1
1065.89,3
1065.964,4
1066.037,9
1066.111,10
1066.185,12
1066.258,12
1066.332,10
1066.406,9
1066.48,5
1066.553,2
1066.627,2
1066.701,2
1066.775,2
1066.848,0
1066.922,1
1066.996,4
1067.07,5
1067.143,5
1067.217,4
1067.291,5
1067.365,4
1067.438,4
1067.512,4
1067.586,2
1067.66,2
1067.734,2
1067.807,2
1067.881,4
1067.955,4
1068.029,4
1068.103,4
1068.176,1
1068.25,1
1068.324,1
1068.398,3
1068.472,4
1068.545,4
1068.619,4
1068.693,2
1068.767,0
1068.841,0
1068.914,0
1068.988,0
1069.062,0
1069.136,0
1069.21,0
1069.284,0
1069.357,0
1069.431,0
1069.505,0
1069.579,1
1069.653,1
1069.727,1
1069.8,1
1069.874,0
1069.948,0
1070.022,0
1070.096,0
1070.17,0
1070.244,0
1070.317,0
1070.391,0
1070.465,0
1070.539,0
1070.613,0
1070.687,0
1070.761,0
1070.835,0
1070.909,0
1070.982,0
1071.056,2
1071.13,2
1071.204,2
1071.278,2
1071.352,5
1071.426,5
1071.5,5
1071.574,6
1071.648,6
1071.722,5
1071.795,4
1071.869,3
1071.943,1
1072.017,1
1072.091,1
1072.165,2
1072.239,2
1072.313,2
1072.387,2
1072.461,0
1072.535,1
1072.609,1
1072.683,1
1072.757,1
1072.831,0
1072.905,0
1072.979,2
1073.052,2
1073.126,2
1073.2,4
1073.274,3
1073.348,3
1073.422,3
1073.496,6
1073.57,6
1073.644,6
1073.718,6
1073.792,1
1073.866,1
1073.94,1
1074.014,2
1074.088,2
1074.162,2
1074.236,2
1074.31,3
1074.384,3
1074.458,2
1074.532,2
1074.606,0
1074.68,1
1074.754,2
1074.828,2
1074.902,2
1074.977,5
1075.051,4
1075.125,4
1075.199,4
1075.273,2
1075.347,2
1075.421,2
1075.495,3
1075.569,1
1075.643,1
1075.717,2
1075.791,1
1075.865,2
1075.939,2
1076.013,1
1076.087,1
1076.161,0
1076.235,0
1076.31,0
1076.384,0
1076.458,0
1076.532,1
1076.606,1
1076.68,1
1076.754,1
1076.828,2
1076.902,2
1076.976,2
1077.05,3
1077.125,1
1077.199,1
1077.273,1
1077.347,0
1077.421,1
1077.495,1
1077.569,1
1077.643,2
1077.718,1
1077.792,1
1077.866,4
1077.94,4
1078.014,4
1078.088,4
1078.162,1
1078.237,0
1078.311,1
1078.385,3
1078.459,4
1078.533,6
1078.607,6
1078.681,5
1078.756,5
1078.83,4
1078.904,4
1078.978,6
1079.052,6
1079.127,4
1079.201,4
1079.275,2
1079.349,2
1079.423,1
1079.497,3
1079.572,5
1079.646,7
1079.72,13
1079.794,11
1079.868,9
1079.943,7
1080.017,1
1080.091,1
1080.165,1
1080.239,1
1080.314,1
1080.388,1
1080.462,4
1080.536,4
1080.611,3
1080.685,3
1080.759,1
1080.833,1
1080.908,1
1080.982,1
1081.056,0
1081.13,0
1081.205,1
1081.279,3
1081.353,3
1081.427,5
1081.502,6
1081.576,6
1081.65,8
1081.724,12
1081.799,14
1081.873,13
1081.947,9
1082.021,5
1082.096,3
1082.17,3
1082.244,2
1082.319,1
1082.393,1
1082.467,1
1082.541,1
1082.616,1
1082.69,3
1082.764,3
1082.839,5
1082.913,5
1082.987,2
1083.062,6
1083.136,4
1083.21,4
1083.285,5
1083.359,1
1083.433,2
1083.508,3
1083.582,7
1083.656,7
1083.731,9
1083.805,9
1083.879,8
1083.954,8
1084.028,8
1084.102,7
1084.177,12
1084.251,11
1084.325,6
1084.4,4
1084.474,1
1084.549,0
1084.623,0
1084.697,0
1084.772,0
1084.846,0
1084.92,1
1084.995,2
1085.069,4
1085.144,4
1085.218,3
1085.292,5
1085.367,4
1085.441,4
1085.516,4
1085.59,2
1085.664,3
1085.739,4
1085.813,8
1085.888,8
1085.962,8
1086.036,9
1086.111,10
1086.185,9
1086.26,7
1086.334,5
1086.409,5
1086.483,4
1086.557,3
1086.632,2
1086.706,0
1086.781,0
1086.855,0
1086.93,0
1087.004,0
1087.079,0
1087.153,0
1087.227,0
1087.302,0
1087.376,0
1087.451,0
1087.525,0
1087.6,0
1087.674,0
1087.749,0
1087.823,0
1087.898,2
1087.972,3
1088.047,4
1088.121,7
1088.196,12
1088.27,11
1088.345,10
1088.419,6
1088.494,3
1088.568,3
1088.643,3
1088.717,2
1088.792,4
1088.866,7
1088.941,10
1089.015,11
1089.09,14
1089.164,12
1089.239,11
1089.313,9
1089.388,8
1089.462,9
1089.537,7
1089.612,6
1089.686,2
1089.761,0
1089.835,0
1089.91,0
1089.984,0
1090.059,0
1090.133,0
1090.208,1
1090.283,1
1090.357,1
1090.432,1
1090.506,0
1090.581,0
1090.655,2
1090.73,3
1090.805,4
1090.879,5
1090.954,7
1091.028,5
1091.103,3
1091.178,1
1091.252,0
1091.327,2
1091.401,2
1091.476,2
1091.551,2
1091.625,1
1091.7,1
1091.774,1
1091.849,1
1091.924,0
1091.998,0
1092.073,0
1092.148,0
1092.222,3
1092.297,3
1092.371,3
1092.446,3
1092.521,1
1092.595,1
1092.67,1
1092.745,1
1092.819,0
1092.894,0
1092.969,3
1093.043,3
1093.118,4
1093.193,4
1093.267,4
1093.342,4
1093.417,3
1093.491,3
1093.566,0
1093.641,0
1093.715,0
1093.79,0
1093.865,1
1093.94,1
1094.014,1
1094.089,5
1094.164,4
1094.238,4
1094.313,5
1094.388,2
1094.462,2
1094.537,2
1094.612,1
1094.687,0
1094.761,0
1094.836,0
1094.911,0
1094.985,0
1095.06,0
1095.135,0
1095.21,0
1095.284,0
1095.359,1
1095.434,1
1095.509,1
1095.583,1
1095.658,0
1095.733,0
1095.808,0
1095.882,0
1095.957,0
1096.032,0
1096.107,0
1096.182,0
1096.256,0
1096.331,0
1096.406,2
1096.481,2
1096.555,2
1096.63,2
1096.705,1
1096.78,1
1096.855,1
1096.929,1
1097.004,0
1097.079,0
1097.154,0
1097.229,0
1097.303,0
1097.378,0
1097.453,0
1097.528,0
1097.603,0
1097.677,0
1097.752,0
1097.827,0
1097.902,2
1097.977,2
1098.052,2
1098.126,2
1098.201,2
1098.276,2
1098.351,4
1098.426,4
1098.501,2
1098.576,2
1098.65,3
1098.725,3
1098.8,4
1098.875,5
1098.95,6
1099.025,6
1099.1,5
1099.174,4
1099.249,1
1099.324,1
1099.399,1
1099.474,1
1099.549,0
1099.624,0
1099.699,0
1099.774,0
1099.848,1
1099.923,1
1099.998,1
1100.073,1
1100.148,1
1100.223,1
1100.298,1
1100.373,3
1100.448,2
1100.523,2
1100.598,2
1100.673,1
1100.747,1
1100.822,1
1100.897,1
1100.972,0
1101.047,0
1101.122,1
1101.197,1
1101.272,1
1101.347,1
1101.422,0
1101.497,0
1101.572,0
1101.647,0
1101.722,0
1101.797,0
1101.872,2
1101.947,4
1102.022,4
1102.097,4
1102.172,2
1102.247,0
1102.322,0
1102.397,0
1102.472,0
1102.547,0
1102.622,0
1102.697,0
1102.772,0
1102.847,3
1102.922,3
1102.997,3
1103.072,4
1103.147,1
1103.222,1
1103.297,2
1103.372,2
1103.447,3
1103.522,3
1103.597,2
1103.672,1
1103.747,0
1103.822,0
1103.897,0
1103.972,0
1104.047,0
1104.122,0
1104.197,0
1104.272,0
1104.347,0
1104.422,0
1104.497,0
1104.572,0
1104.647,3
1104.722,3
1104.798,7
1104.873,8
1104.948,10
1105.023,9
1105.098,4
1105.173,2
1105.248,0
1105.323,0
1105.398,0
1105.473,0
1105.548,0
1105.623,0
1105.699,0
1105.774,0
1105.849,0
1105.924,0
1105.999,0
1106.074,0
1106.149,0
1106.224,0
1106.299,0
1106.375,0
1106.45,0
1106.525,0
1106.6,0
1106.675,1
1106.75,1
1106.825,1
1106.901,2
1106.976,2
1107.051,3
1107.126,4
1107.201,4
1107.276,3
1107.351,2
1107.427,1
1107.502,0
1107.577,0
1107.652,0
1107.727,0
1107.802,2
1107.878,2
1107.953,2
1108.028,2
1108.103,0
1108.178,0
1108.254,0
1108.329,0
1108.404,3
1108.479,3
1108.554,4
1108.629,5
1108.705,4
1108.78,4
1108.855,4
1108.93,5
1109.006,4
1109.081,7
1109.156,6
1109.231,4
1109.306,3
1109.382,2
1109.457,4
1109.532,4
1109.607,4
1109.683,2
1109.758,4
1109.833,3
1109.908,2
1109.984,4
1110.059,4
1110.134,5
1110.209,6
1110.285,7
1110.36,6
1110.435,5
1110.51,4
1110.586,1
1110.661,1
1110.736,1
1110.811,1
1110.887,0
1110.962,0
1111.037,0
1111.113,0
1111.188,1
1111.263,2
1111.338,3
1111.414,4
1111.489,6
1111.564,5
1111.64,4
1111.715,4
1111.79,3
1111.866,3
1111.941,3
1112.016,2
1112.092,1
1112.167,1
1112.242,1
1112.318,2
1112.393,1
1112.468,3
1112.544,3
1112.619,2
1112.694,2
1112.77,2
1112.845,2
1112.92,2
1112.996,2
1113.071,5
1113.146,6
1113.222,7
1113.297,8
1113.372,10
1113.448,9
1113.523,8
1113.599,7
1113.674,5
1113.749,4
1113.825,3
1113.9,5
1113.975,6
1114.051,9
1114.126,12
1114.202,11
1114.277,11
1114.352,10
1114.428,8
1114.503,8
1114.579,6
1114.654,6
1114.729,3
1114.805,6
1114.88,3
1114.956,4
1115.031,5
1115.107,2
1115.182,2
1115.257,1
1115.333,1
1115.408,1
1115.484,2
1115.559,2
1115.635,1
1115.71,1
1115.785,3
1115.861,4
1115.936,5
1116.012,6
1116.087,8
1116.163,9
1116.238,9
1116.314,9
1116.389,7
1116.465,11
1116.54,11
1116.616,11
1116.691,8
1116.767,2
1116.842,4
1116.917,3
1116.993,3
1117.068,3
1117.144,0
1117.219,0
1117.295,0
1117.37,0
1117.446,3
1117.521,3
1117.597,3
1117.673,4
1117.748,5
1117.824,6
1117.899,10
1117.975,11
1118.05,13
1118.126,14
1118.201,16
1118.277,14
1118.352,9
1118.428,7
1118.503,2
1118.579,2
1118.654,1
1118.73,1
1118.806,0
1118.881,0
1118.957,0
1119.032,0
1119.108,0
1119.183,0
1119.259,0
1119.334,0
1119.41,3
1119.486,3
1119.561,3
1119.637,3
1119.712,0
1119.788,1
1119.863,2
1119.939,2
1120.015,2
1120.09,1
1120.166,1
1120.241,1
1120.317,1
1120.393,1
1120.468,0
1120.544,0
1120.62,2
1120.695,3
1120.771,5
1120.846,6
1120.922,10
1120.998,8
1121.073,6
1121.149,4
1121.225,2
1121.3,2
1121.376,1
1121.451,1
1121.527,0
1121.603,0
1121.678,0
1121.754,0
1121.83,0
1121.905,3
1121.981,4
1122.057,4
1122.132,7
1122.208,7
1122.284,6
1122.359,6
1122.435,8
1122.511,5
1122.586,5
1122.662,5
1122.738,2
1122.813,2
1122.889,2
1122.965,5
1123.041,4
1123.116,4
1123.192,4
1123.268,1
1123.343,1
1123.419,1
1123.495,1
1123.57,1
1123.646,1
1123.722,1
1123.798,2
1123.873,2
1123.949,1
1124.025,1
1124.101,3
1124.176,3
1124.252,3
1124.328,3
1124.404,2
1124.479,2
1124.555,3
1124.631,4
1124.707,3
1124.782,4
1124.858,8
1124.934,8
1125.01,8
1125.085,8
1125.161,8
1125.237,7
1125.313,6
1125.388,5
1125.464,1
1125.54,1
1125.616,1
1125.692,1
1125.767,0
1125.843,0
1125.919,0
1125.995,0
1126.071,1
1126.146,1
1126.222,2
1126.298,2
1126.374,4
1126.45,6
1126.525,10
1126.601,12
1126.677,13
1126.753,13
1126.829,9
1126.905,8
1126.98,4
1127.056,3
1127.132,5
1127.208,6
1127.284,4
1127.36,5
1127.435,4
1127.511,3
1127.587,3
1127.663,2
1127.739,1
1127.815,1
1127.891,0
1127.966,0
1128.042,0
1128.118,1
1128.194,3
1128.27,3
1128.346,5
1128.422,7
1128.498,5
1128.573,5
1128.649,8
1128.725,4
1128.801,5
1128.877,4
1128.953,2
1129.029,2
1129.105,0
1129.181,0
1129.256,0
1129.332,0
1129.408,0
1129.484,0
1129.56,0
1129.636,0
1129.712,1
1129.788,2
1129.864,2
1129.94,4
1130.016,4
1130.092,4
1130.168,5
1130.244,3
1130.319,2
1130.395,1
1130.471,0
1130.547,1
1130.623,1
1130.699,1
1130.775,1
1130.851,0
1130.927,0
1131.003,0
1131.079,1
1131.155,1
1131.231,2
1131.307,2
1131.383,5
1131.459,4
1131.535,2
1131.611,1
1131.687,0
1131.763,0
1131.839,4
1131.915,5
1131.991,5
1132.067,5
1132.143,1
1132.219,0
1132.295,0
1132.371,1
1132.447,1
1132.523,1
1132.599,1
1132.675,0
1132.751,0
1132.827,0
1132.903,0
1132.979,0
1133.055,2
1133.131,2
1133.207,2
1133.283,2
1133.359,1
1133.435,1
1133.512,1
1133.588,1
1133.664,3
1133.74,3
1133.816,3
1133.892,3
1133.968,0
1134.044,0
1134.12,0
1134.196,0
1134.272,0
1134.348,0
1134.424,0
1134.501,0
1134.577,0
1134.653,0
1134.729,0
1134.805,0
1134.881,0
1134.957,0
1135.033,0
1135.109,0
1135.185,0
1135.262,2
1135.338,2
1135.414,2
1135.49,2
1135.566,0
1135.642,0
1135.718,0
1135.794,0
1135.871,0
1135.947,0
1136.023,0
1136.099,0
1136.175,0
1136.251,1
1136.327,1
1136.404,1
1136.48,1
1136.556,4
1136.632,4
1136.708,4
1136.784,4
1136.861,0
1136.937,0
1137.013,0
1137.089,0
1137.165,0
1137.241,0
1137.318,0
1137.394,0
1137.47,0
1137.546,0
1137.622,0
1137.699,3
1137.775,3
1137.851,3
1137.927,3
1138.003,0
1138.08,0
1138.156,3
1138.232,5
1138.308,6
1138.384,7
1138.461,6
1138.537,7
1138.613,8
1138.689,9
1138.766,8
1138.842,10
1138.918,9
1138.994,7
1139.071,7
1139.147,5
1139.223,5
1139.299,2
1139.376,2
1139.452,0
1139.528,0
1139.604,0
1139.681,0
1139.757,4
1139.833,4
1139.909,4
1139.986,4
1140.062,2
1140.138,2
1140.215,2
1140.291,2
1140.367,2
1140.443,3
1140.52,3
1140.596,3
1140.672,3
1140.749,2
1140.825,2
1140.901,2
1140.977,0
1141.054,0
1141.13,0
1141.206,0
1141.283,0
1141.359,0
1141.435,0
1141.512,0
1141.588,0
1141.664,0
1141.741,2
1141.817,2
1141.893,2
1141.97,2
1142.046,0
1142.122,0
1142.199,0
1142.275,0
1142.351,0
1142.428,0
1142.504,0
1142.581,0
1142.657,0
1142.733,0
1142.81,1
1142.886,1
1142.962,3
1143.039,3
1143.115,5
1143.192,5
1143.268,5
1143.344,5
1143.421,3
1143.497,3
1143.574,1
1143.65,1
1143.726,0
1143.803,0
1143.879,0
1143.956,0
1144.032,0
1144.108,0
1144.185,1
1144.261,1
1144.338,1
1144.414,1
1144.491,3
1144.567,3
1144.643,3
1144.72,4
1144.796,3
1144.873,3
1144.949,3
1145.026,2
1145.102,0
1145.178,1
1145.255,1
1145.331,1
1145.408,1
1145.484,0
1145.561,0
1145.637,0
1145.714,1
1145.79,4
1145.867,4
1145.943,4
1146.02,3
1146.096,1
1146.173,2
1146.249,3
1146.326,5
1146.402,4
1146.479,3
1146.555,2
1146.632,1
1146.708,2
1146.785,4
1146.861,5
1146.938,8
1147.014,7
1147.091,5
1147.167,4
1147.244,5
1147.32,5
1147.397,5
1147.473,5
1147.55,3
1147.626,3
1147.703,3
1147.779,3
1147.856,0
1147.932,1
1148.009,2
1148.086,3
1148.162,6
1148.239,5
1148.315,5
1148.392,4
1148.468,3
1148.545,4
1148.621,3
1148.698,3
1148.775,2
1148.851,1
1148.928,1
1149.004,1
1149.081,0
1149.158,1
1149.234,3
1149.311,4
1149.387,8
1149.464,9
1149.54,9
1149.617,10
1149.694,7
1149.77,6
1149.847,6
1149.924,4
1150.00,3
1150.077,2
1150.153,0
1150.23,0
1150.307,1
1150.383,1
1150.46,2
1150.537,2
1150.613,1
1150.69,1
1150.766,0
1150.843,1
1150.92,2
1150.996,3
1151.073,5
1151.15,4
1151.226,3
1151.303,3
1151.38,2
1151.456,2
1151.533,2
1151.61,1
1151.686,3
1151.763,3
1151.84,4
1151.916,4
1151.993,2
1152.07,2
1152.146,4
1152.223,4
1152.3,3
1152.376,3
1152.453,1
1152.53,1
1152.607,1
1152.683,1
1152.76,0
1152.837,1
1152.913,2
1152.99,2
1153.067,5
1153.144,5
1153.22,4
1153.297,4
1153.374,2
1153.451,1
1153.527,1
1153.604,1
1153.681,1
1153.757,1
1153.834,1
1153.911,1
1153.988,0
1154.064,0
1154.141,1
1154.218,1
1154.295,1
1154.371,3
1154.448,4
1154.525,4
1154.602,5
1154.679,7
1154.755,6
1154.832,7
1154.909,11
1154.986,12
1155.062,10
1155.139,8
1155.216,4
1155.293,2
1155.37,2
1155.446,2
1155.523,1
1155.6,1
1155.677,1
1155.754,1
1155.83,0
1155.907,0
1155.984,0
1156.061,0
1156.138,0
1156.215,0
1156.291,0
1156.368,0
1156.445,0
1156.522,0
1156.599,0
1156.676,0
1156.752,0
1156.829,0
1156.906,0
1156.983,0
1157.06,0
1157.137,0
1157.214,0
1157.29,1
1157.367,2
1157.444,2
1157.521,2
1157.598,1
1157.675,0
1157.752,0
1157.829,0
1157.905,0
1157.982,0
1158.059,2
1158.136,3
1158.213,3
1158.29,4
1158.367,2
1158.444,1
1158.521,1
1158.597,0
1158.674,0
1158.751,1
1158.828,1
1158.905,1
1158.982,1
1159.059,0
1159.136,0
1159.213,0
1159.29,0
1159.367,0
1159.444,0
1159.521,0
1159.597,0
1159.674,1
1159.751,2
1159.828,2
1159.905,2
1159.982,1
1160.059,3
1160.136,4
1160.213,5
1160.29,6
1160.367,4
1160.444,3
1160.521,2
1160.598,4
1160.675,6
1160.752,9
1160.829,14
1160.906,14
1160.983,14
1161.06,15
1161.137,14
1161.214,17
1161.291,15
1161.368,14
1161.445,11
1161.522,8
1161.599,8
1161.676,3
1161.753,3
1161.83,1
1161.907,1
1161.984,1
1162.061,2
1162.138,3
1162.215,3
1162.292,2
1162.369,1
1162.446,3
1162.523,3
1162.6,3
1162.677,4
1162.754,4
1162.831,5
1162.908,5
1162.985,4
1163.062,7
1163.139,6
1163.217,8
1163.294,8
1163.371,5
1163.448,5
1163.525,3
1163.602,4
1163.679,1
1163.756,1
1163.833,1
1163.91,0
1163.987,3
1164.064,6
1164.141,6
1164.219,6
1164.296,3
1164.373,2
1164.45,2
1164.527,2
1164.604,3
1164.681,1
1164.758,1
1164.835,1
1164.913,0
1164.99,0
1165.067,0
1165.144,1
1165.221,1
1165.298,1
1165.375,4
1165.452,3
1165.53,3
1165.607,4
1165.684,4
1165.761,4
1165.838,4
1165.915,5
1165.992,2
1166.07,2
1166.147,2
1166.224,0
1166.301,1
1166.378,1
1166.455,2
1166.533,3
1166.61,5
1166.687,6
1166.764,8
1166.841,8
1166.919,7
1166.996,7
1167.073,5
1167.15,5
1167.227,7
1167.304,8
1167.382,9
1167.459,11
1167.536,8
1167.613,8
1167.691,6
1167.768,5
1167.845,4
1167.922,2
1167.999,2
1168.077,0
1168.154,0
1168.231,0
1168.308,0
1168.386,0
1168.463,0
1168.54,0
1168.617,0
1168.695,0
1168.772,0
1168.849,0
1168.926,0
1169.004,0
1169.081,0
1169.158,0
1169.235,0
1169.313,0
1169.39,0
1169.467,1
1169.544,2
1169.622,2
1169.699,2
1169.776,1
1169.854,1
1169.931,1
1170.008,1
1170.085,1
1170.163,0
1170.24,0
1170.317,0
1170.395,0
1170.472,0
1170.549,0
1170.626,1
1170.704,1
1170.781,1
1170.858,1
1170.936,1
1171.013,2
1171.09,3
1171.168,3
1171.245,2
1171.322,1
1171.4,0
1171.477,0
1171.554,0
1171.632,0
1171.709,0
1171.786,0
1171.864,1
1171.941,1
1172.019,1
1172.096,1
1172.173,0
1172.251,0
1172.328,0
1172.405,2
1172.483,2
1172.56,2
1172.637,2
1172.715,0
1172.792,1
1172.87,1
1172.947,2
1173.024,2
1173.102,1
1173.179,1
1173.257,0
1173.334,0
1173.411,0
1173.489,1
1173.566,2
1173.644,3
1173.721,4
1173.798,4
1173.876,7
1173.953,7
1174.031,4
1174.108,4
1174.186,1
1174.263,4
1174.34,3
1174.418,3
1174.495,3
1174.573,1
1174.65,1
1174.728,1
1174.805,1
1174.883,0
1174.96,0
1175.037,0
1175.115,0
1175.192,0
1175.27,2
1175.347,2
1175.425,2
1175.502,2
1175.58,0
1175.657,0
1175.735,0
1175.812,0
1175.89,0
1175.967,1
1176.045,5
1176.122,6
1176.2,8
1176.277,7
1176.355,7
1176.432,6
1176.51,4
1176.587,4
1176.665,5
1176.742,4
1176.82,5
1176.897,4
1176.975,3
1177.052,3
1177.13,1
1177.207,1
1177.285,0
1177.362,0
1177.44,2
1177.518,2
1177.595,2
1177.673,2
1177.75,4
1177.828,4
1177.905,4
1177.983,4
1178.06,0
1178.138,0
1178.216,0
1178.293,0
1178.371,3
1178.448,3
1178.526,3
1178.603,3
1178.681,1
1178.759,1
1178.836,1
1178.914,1
1178.991,2
1179.069,2
1179.146,2
1179.224,2
1179.302,1
1179.379,1
1179.457,1
1179.535,1
1179.612,0
1179.69,0
1179.767,0
1179.845,1
1179.923,1
1180.00,1
1180.078,1
1180.155,0
1180.233,0
1180.311,0
1180.388,2
1180.466,2
1180.544,4
1180.621,4
1180.699,2
1180.777,2
1180.854,2
1180.932,2
1181.01,2
1181.087,2
1181.165,0
1181.243,0
1181.32,2
1181.398,2
1181.476,4
1181.553,4
1181.631,2
1181.709,2
1181.786,1
1181.864,1
1181.942,2
1182.019,2
1182.097,1
1182.175,2
1182.252,1
1182.33,1
1182.408,2
1182.486,1
1182.563,1
1182.641,1
1182.719,4
1182.796,3
1182.874,2
1182.952,1
1183.03,0
1183.107,0
1183.185,0
1183.263,0
1183.341,0
1183.418,0
1183.496,2
1183.574,2
1183.652,2
1183.729,3
1183.807,1
1183.885,1
1183.963,3
1184.04,2
1184.118,2
1184.196,2
1184.274,3
1184.351,3
1184.429,3
1184.507,4
1184.585,2
1184.662,3
1184.74,5
1184.818,5
1184.896,5
1184.974,5
1185.051,9
1185.129,8
1185.207,7
1185.285,6
1185.363,1
1185.44,1
1185.518,1
1185.596,1
1185.674,0
1185.752,0
1185.829,0
1185.907,0
1185.985,0
1186.063,0
1186.141,0
1186.219,0
1186.296,1
1186.374,1
1186.452,1
1186.53,1
1186.608,1
1186.686,1
1186.763,1
1186.841,1
1186.919,3
1186.997,3
1187.075,5
1187.153,5
1187.231,3
1187.309,3
1187.386,1
1187.464,1
1187.542,0
1187.62,0
1187.698,1
1187.776,1
1187.854,1
1187.932,1
1188.009,2
1188.087,2
1188.165,2
1188.243,2
1188.321,2
1188.399,2
1188.477,2
1188.555,2
1188.633,3
1188.711,3
1188.789,3
1188.866,3
1188.944,1
1189.022,1
1189.1,1
1189.178,1
1189.256,0
1189.334,0
1189.412,2
1189.49,2
1189.568,2
1189.646,2
1189.724,1
1189.802,1
1189.88,2
1189.958,2
1190.036,1
1190.114,1
1190.191,0
1190.269,0
1190.347,1
1190.425,1
1190.503,3
1190.581,3
1190.659,2
1190.737,2
1190.815,0
1190.893,0
1190.971,0
1191.049,1
1191.127,2
1191.205,3
1191.283,5
1191.361,4
1191.439,3
1191.517,2
1191.595,2
1191.673,2
1191.751,2
1191.829,2
1191.907,0
1191.985,0
1192.063,2
1192.141,2
1192.219,2
1192.298,2
1192.376,3
1192.454,5
1192.532,6
1192.61,6
1192.688,3
1192.766,1
1192.844,1
1192.922,1
1193.00,2
1193.078,2
1193.156,1
1193.234,1
1193.312,6
1193.39,8
1193.468,10
1193.546,13
1193.625,7
1193.703,5
1193.781,4
1193.859,1
1193.937,4
1194.015,5
1194.093,7
1194.171,8
1194.249,9
1194.327,10
1194.405,11
1194.484,12
1194.562,13
1194.64,14
1194.718,16
1194.796,17
1194.874,19
1194.952,16
1195.03,10
1195.109,7
1195.187,1
1195.265,2
1195.343,2
1195.421,2
1195.499,1
1195.577,0
1195.655,3
1195.734,3
1195.812,6
1195.89,7
1195.968,6
1196.046,7
1196.124,9
1196.203,7
1196.281,4
1196.359,2
1196.437,0
1196.515,0
1196.593,0
1196.672,1
1196.75,1
1196.828,1
1196.906,2
1196.984,1
1197.063,1
1197.141,1
1197.219,0
1197.297,0
1197.375,2
1197.454,2
1197.532,2
1197.61,3
1197.688,1
1197.766,1
1197.845,1
1197.923,2
1198.001,2
1198.079,2
1198.158,2
1198.236,0
1198.314,0
1198.392,0
1198.47,0
1198.549,0
1198.627,0
1198.705,0
1198.783,1
1198.862,2
1198.94,3
1199.018,4
1199.096,4
1199.175,4
1199.253,6
1199.331,4
1199.41,5
1199.488,5
1199.566,3
1199.644,1
1199.723,3
1199.801,3
1199.879,5
1199.958,5
1200.036,2
1200.114,2
1200.192,2
1200.271,3
1200.349,4
1200.427,5
1200.506,4
1200.584,4
1200.662,5
1200.741,2
1200.819,2
1200.897,2
1200.976,4
1201.054,3
1201.132,4
1201.211,4
1201.289,2
1201.367,3
1201.446,3
1201.524,3
1201.602,5
1201.681,4
1201.759,4
1201.837,4
1201.916,3
1201.994,3
1202.072,3
1202.151,3
1202.229,1
1202.307,1
1202.386,0
1202.464,0
1202.543,0
1202.621,0
1202.699,1
1202.778,1
1202.856,1
1202.934,2
1203.013,4
1203.091,4
1203.17,4
1203.248,3
1203.326,0
1203.405,0
1203.483,0
1203.562,0
1203.64,0
1203.718,0
1203.797,2
1203.875,2
1203.954,3
1204.032,4
1204.111,3
1204.189,4
1204.267,5
1204.346,4
1204.424,3
1204.503,2
1204.581,0
1204.66,0
1204.738,0
1204.817,0
1204.895,0
1204.973,0
1205.052,1
1205.13,1
1205.209,1
1205.287,1
1205.366,0
1205.444,0
1205.523,0
1205.601,0
1205.68,0
1205.758,0
1205.837,0
1205.915,0
1205.994,0
1206.072,0
1206.151,0
1206.229,0
1206.308,0
1206.386,1
1206.465,1
1206.543,1
1206.622,1
1206.7,1
1206.779,1
1206.857,1
1206.936,1
1207.014,0
1207.093,0
1207.171,0
1207.25,2
1207.328,2
1207.407,2
1207.485,2
1207.564,0
1207.643,1
1207.721,2
1207.8,3
1207.878,6
1207.957,6
1208.035,6
1208.114,7
1208.192,7
1208.271,6
1208.35,5
1208.428,3
1208.507,0
1208.585,1
1208.664,7
1208.742,9
1208.821,12
1208.9,11
1208.978,6
1209.057,4
1209.135,2
1209.214,2
1209.293,1
1209.371,1
1209.45,1
1209.528,1
1209.607,1
1209.686,1
1209.764,2
1209.843,2
1209.921,2
1210.00,2
1210.079,1
1210.157,1
1210.236,1
1210.315,1
1210.393,0
1210.472,2
1210.55,2
1210.629,2
1210.708,2
1210.786,0
1210.865,0
1210.944,1
1211.022,2
1211.101,3
1211.18,4
1211.258,5
1211.337,5
1211.416,5
1211.494,2
1211.573,1
1211.652,3
1211.73,4
1211.809,4
1211.888,7
1211.966,5
1212.045,5
1212.124,7
1212.202,5
1212.281,5
1212.36,5
1212.439,3
1212.517,4
1212.596,5
1212.675,5
1212.753,5
1212.832,5
1212.911,6
1212.99,6
1213.068,6
1213.147,6
1213.226,3
1213.304,3
1213.383,5
1213.462,4
1213.541,2
1213.619,2
1213.698,0
1213.777,0
1213.856,1
1213.934,2
1214.013,4
1214.092,6
1214.171,6
1214.249,5
1214.328,3
1214.407,1
1214.486,0
1214.565,0
1214.643,0
1214.722,0
1214.801,0
1214.88,0
1214.958,0
1215.037,0
1215.116,0
1215.195,0
1215.274,0
1215.352,0
1215.431,0
1215.51,0
1215.589,0
1215.668,0
1215.746,0
1215.825,0
1215.904,0
1215.983,2
1216.062,2
1216.141,2
1216.219,2
1216.298,0
1216.377,3
1216.456,3
1216.535,3
1216.614,3
1216.692,1
1216.771,2
1216.85,2
1216.929,2
1217.008,1
1217.087,0
1217.165,0
1217.244,0
1217.323,0
1217.402,1
1217.481,2
1217.56,4
1217.639,5
1217.718,5
1217.796,5
1217.875,5
1217.954,4
1218.033,4
1218.112,4
1218.191,3
1218.27,1
1218.349,2
1218.428,2
1218.506,2
1218.585,1
1218.664,0
1218.743,0
1218.822,0
1218.901,0
1218.98,0
1219.059,1
1219.138,2
1219.217,2
1219.296,2
1219.375,2
1219.454,3
1219.532,3
1219.611,3
1219.69,2
1219.769,2
1219.848,2
1219.927,3
1220.006,4
1220.085,3
1220.164,7
1220.243,6
1220.322,5
1220.401,4
1220.48,3
1220.559,3
1220.638,3
1220.717,4
1220.796,1
1220.875,1
1220.954,3
1221.033,2
1221.112,2
1221.191,3
1221.27,1
1221.349,1
1221.428,1
1221.507,0
1221.586,0
1221.665,0
1221.744,0
1221.823,0
1221.902,0
1221.981,1
1222.06,2
1222.139,3
1222.218,5
1222.297,4
1222.376,3
1222.455,2
1222.534,0
1222.613,0
1222.692,0
1222.771,0
1222.85,0
1222.929,0
1223.008,0
1223.087,0
1223.166,0
1223.245,0
1223.324,0
1223.404,0
1223.483,0
1223.562,2
1223.641,2
1223.72,2
1223.799,2
1223.878,0
1223.957,0
1224.036,0
1224.115,0
1224.194,0
1224.273,0
1224.352,0
1224.432,0
1224.511,0
1224.59,0
1224.669,1
1224.748,2
1224.827,2
1224.906,2
1224.985,2
1225.064,2
1225.144,2
1225.223,2
1225.302,2
1225.381,3
1225.46,3
1225.539,3
1225.618,2
1225.698,0
1225.777,0
1225.856,0
1225.935,0
1226.014,0
1226.093,0
1226.172,0
1226.252,0
1226.331,0
1226.41,0
1226.489,0
1226.568,0
1226.647,0
1226.727,0
1226.806,0
1226.885,1
1226.964,2
1227.043,3
1227.122,3
1227.202,2
1227.281,1
1227.36,0
1227.439,0
1227.518,0
1227.598,0
1227.677,3
1227.756,5
1227.835,6
1227.914,7
1227.994,7
1228.073,6
1228.152,6
1228.231,6
1228.311,4
1228.39,6
1228.469,10
1228.548,8
1228.627,8
1228.707,7
1228.786,3
1228.865,1
1228.944,1
1229.024,1
1229.103,2
1229.182,3
1229.261,4
1229.341,5
1229.42,5
1229.499,5
1229.578,2
1229.658,1
1229.737,1
1229.816,1
1229.896,1
1229.975,2
1230.054,2
1230.133,2
1230.213,1
1230.292,2
1230.371,2
1230.451,2
1230.53,3
1230.609,3
1230.689,4
1230.768,6
1230.847,5
1230.926,3
1231.006,2
1231.085,0
1231.164,0
1231.244,0
1231.323,0
1231.402,0
1231.482,0
1231.561,1
1231.64,2
1231.72,3
1231.799,4
1231.878,7
1231.958,7
1232.037,7
1232.116,9
1232.196,9
1232.275,9
1232.354,10
1232.434,8
1232.513,5
1232.593,5
1232.672,5
1232.751,5
1232.831,6
1232.91,6
1232.989,7
1233.069,8
1233.148,10
1233.228,10
1233.307,7
1233.386,5
1233.466,2
1233.545,1
1233.625,3
1233.704,3
1233.783,2
1233.863,2
1233.942,0
1234.022,0
1234.101,1
1234.18,1
1234.26,4
1234.339,4
1234.419,4
1234.498,4
1234.578,2
1234.657,2
1234.736,4
1234.816,4
1234.895,3
1234.975,3
1235.054,0
1235.134,0
1235.213,0
1235.293,0
1235.372,0
1235.451,1
1235.531,2
1235.61,2
1235.69,2
1235.769,1
1235.849,0
1235.928,0
1236.008,0
1236.087,2
1236.167,2
1236.246,2
1236.326,2
1236.405,0
1236.485,0
1236.564,1
1236.644,1
1236.723,1
1236.803,1
1236.882,0
1236.962,0
1237.041,0
1237.121,0
1237.2,0
1237.28,0
1237.359,0
1237.439,1
1237.518,1
1237.598,1
1237.677,2
1237.757,2
1237.836,3
1237.916,4
1237.995,4
1238.075,4
1238.155,4
1238.234,1
1238.314,1
1238.393,1
1238.473,1
1238.552,0
1238.632,1
1238.711,3
1238.791,3
1238.871,3
1238.95,2
1239.03,2
1239.109,3
1239.189,4
1239.269,5
1239.348,4
1239.428,4
1239.507,4
1239.587,5
1239.666,2
1239.746,2
1239.826,2
1239.905,5
1239.985,3
1240.064,2
1240.144,1
1240.224,0
1240.303,0
1240.383,0
1240.463,0
1240.542,0
1240.622,0
1240.701,0
1240.781,0
1240.861,0
1240.94,0
1241.02,0
1241.1,1
1241.179,1
1241.259,1
1241.339,1
1241.418,0
1241.498,0
1241.578,0
1241.657,0
1241.737,1
1241.817,1
1241.896,1
1241.976,1
1242.056,1
1242.135,1
1242.215,1
1242.295,1
1242.374,0
1242.454,1
1242.534,1
1242.613,1
1242.693,1
1242.773,1
1242.852,2
1242.932,3
1243.012,4
1243.092,7
1243.171,6
1243.251,5
1243.331,4
1243.41,2
1243.49,2
1243.57,3
1243.65,3
1243.729,1
1243.809,1
1243.889,0
1243.969,0
1244.048,0
1244.128,0
1244.208,0
1244.288,1
1244.367,4
1244.447,6
1244.527,8
1244.607,8
1244.686,6
1244.766,8
1244.846,7
1244.926,4
1245.005,4
1245.085,3
1245.165,3
1245.245,2
1245.324,2
1245.404,0
1245.484,0
1245.564,1
1245.644,2
1245.723,3
1245.803,4
1245.883,5
1245.963,6
1246.043,7
1246.122,8
1246.202,7
1246.282,6
1246.362,5
1246.442,1
1246.521,1
1246.601,2
1246.681,2
1246.761,1
1246.841,1
1246.921,0
1247.00,0
1247.08,0
1247.16,0
1247.24,0
1247.32,0
1247.4,0
1247.48,0
1247.559,0
1247.639,1
1247.719,1
1247.799,1
1247.879,1
1247.959,0
1248.039,0
1248.118,0
1248.198,3
1248.278,3
1248.358,4
1248.438,4
1248.518,4
1248.598,4
1248.678,3
1248.758,3
1248.837,0
1248.917,0
1248.997,1
1249.077,1
1249.157,1
1249.237,1
1249.317,0
1249.397,0
1249.477,0
1249.557,0
1249.637,1
1249.716,4
1249.796,5
1249.876,7
1249.956,8
1250.036,12
1250.116,13
1250.196,13
1250.276,12
1250.356,10
1250.436,8
1250.516,3
1250.596,2
1250.676,1
1250.756,1
1250.836,0
1250.916,1
1250.996,2
1251.076,3
1251.156,4
1251.235,4
1251.315,4
1251.395,4
1251.475,6
1251.555,6
1251.635,5
1251.715,4
1251.795,1
1251.875,0
1251.955,0
1252.035,0
1252.115,0
1252.195,0
1252.275,0
1252.355,0
1252.435,0
1252.515,0
1252.595,0
1252.675,0
1252.755,0
1252.836,0
1252.916,0
1252.996,0
1253.076,1
1253.156,1
1253.236,1
1253.316,1
1253.396,4
1253.476,3
1253.556,5
1253.636,4
1253.716,3
1253.796,3
1253.876,1
1253.956,1
1254.036,1
1254.116,1
1254.196,0
1254.276,0
1254.356,2
1254.437,2
1254.517,2
1254.597,2
1254.677,0
1254.757,0
1254.837,1
1254.917,1
1254.997,1
1255.077,1
1255.157,0
1255.237,0
1255.318,3
1255.398,3
1255.478,4
1255.558,6
1255.638,7
1255.718,10
1255.798,9
1255.878,7
1255.959,3
1256.039,1
1256.119,1
1256.199,2
1256.279,4
1256.359,4
1256.439,5
1256.519,4
1256.6,2
1256.68,2
1256.76,3
1256.84,4
1256.92,6
1257.00,6
1257.081,7
1257.161,8
1257.241,10
1257.321,9
1257.401,6
1257.481,4
1257.562,0
1257.642,0
1257.722,0
1257.802,0
1257.882,3
1257.963,4
1258.043,4
1258.123,4
1258.203,1
1258.283,3
1258.364,3
1258.444,3
1258.524,3
1258.604,3
1258.684,5
1258.765,5
1258.845,5
1258.925,2
1259.005,2
1259.086,2
1259.166,2
1259.246,2
1259.326,2
1259.406,2
1259.487,2
1259.567,3
1259.647,6
1259.727,6
1259.808,7
1259.888,5
1259.968,3
1260.048,2
1260.129,0
1260.209,0
1260.289,0
1260.37,0
1260.45,0
1260.53,2
1260.61,2
1260.691,2
1260.771,2
1260.851,0
1260.931,0
1261.012,0
1261.092,0
1261.172,0
1261.253,0
1261.333,1
1261.413,2
1261.494,3
1261.574,5
1261.654,5
1261.735,5
1261.815,5
1261.895,2
1261.975,3
1262.056,6
1262.136,8
1262.216,8
1262.297,7
1262.377,4
1262.457,2
1262.538,1
1262.618,1
1262.698,1
1262.779,1
1262.859,0
1262.94,0
1263.02,0
1263.1,0
1263.181,0
1263.261,0
1263.341,0
1263.422,1
1263.502,1
1263.582,2
1263.663,2
1263.743,1
1263.824,1
1263.904,0
1263.984,0
1264.065,0
1264.145,3
1264.226,3
1264.306,3
1264.386,3
1264.467,0
1264.547,1
1264.628,2
1264.708,3
1264.788,4
1264.869,3
1264.949,2
1265.03,2
1265.11,1
1265.19,4
1265.271,4
1265.351,3
1265.432,3
1265.512,0
1265.593,0
1265.673,0
1265.754,0
1265.834,0
1265.914,0
1265.995,0
1266.075,2
1266.156,2
1266.236,2
1266.317,2
1266.397,0
1266.478,0
1266.558,0
1266.639,0
1266.719,0
1266.8,0
1266.88,0
1266.961,0
1267.041,0
1267.121,1
1267.202,1
1267.282,1
1267.363,1
1267.443,0
1267.524,0
1267.604,0
1267.685,3
1267.765,3
1267.846,3
1267.927,3
1268.007,1
1268.088,1
1268.168,1
1268.249,1
1268.329,0
1268.41,0
1268.49,0
1268.571,0
1268.651,0
1268.732,0
1268.812,0
1268.893,0
1268.973,0
1269.054,0
1269.135,0
1269.215,0
1269.296,0
1269.376,0
1269.457,0
1269.537,0
1269.618,0
1269.698,0
1269.779,0
1269.86,0
1269.94,1
1270.021,1
1270.101,2
1270.182,2
1270.263,1
1270.343,1
1270.424,0
1270.504,0
1270.585,0
1270.666,0
1270.746,0
1270.827,1
1270.907,1
1270.988,1
1271.069,1
1271.149,1
1271.23,1
1271.31,1
1271.391,1
1271.472,3
1271.552,3
1271.633,4
1271.714,4
1271.794,1
1271.875,1
1271.956,1
1272.036,2
1272.117,3
1272.198,9
1272.278,8
1272.359,7
1272.439,6
1272.52,2
1272.601,2
1272.681,2
1272.762,2
1272.843,1
1272.924,1
1273.004,1
1273.085,1
1273.166,2
1273.246,3
1273.327,6
1273.408,7
1273.488,8
1273.569,7
1273.65,5
1273.73,4
1273.811,2
1273.892,2
1273.973,1
1274.053,1
1274.134,4
1274.215,4
1274.295,5
1274.376,6
1274.457,6
1274.538,7
1274.618,9
1274.699,8
1274.78,4
1274.861,3
1274.941,2
1275.022,2
1275.103,2
1275.183,2
1275.264,0
1275.345,0
1275.426,3
1275.507,3
1275.587,3
1275.668,3
1275.749,5
1275.83,4
1275.91,4
1275.991,3
1276.072,2
1276.153,3
1276.233,2
1276.314,2
1276.395,5
1276.476,4
1276.557,4
1276.637,4
1276.718,1
1276.799,1
1276.88,1
1276.961,1
1277.041,0
1277.122,0
1277.203,0
1277.284,0
1277.365,0
1277.446,0
1277.526,0
1277.607,0
1277.688,0
1277.769,1
1277.85,1
1277.93,3
1278.011,3
1278.092,2
1278.173,2
1278.254,0
1278.335,0
1278.416,0
1278.496,0
1278.577,0
1278.658,0
1278.739,0
1278.82,0
1278.901,0
1278.982,1
1279.062,3
1279.143,3
1279.224,3
1279.305,3
1279.386,2
1279.467,2
1279.548,2
1279.629,1
1279.71,0
1279.79,2
1279.871,2
1279.952,2
1280.033,2
1280.114,2
1280.195,2
1280.276,2
1280.357,2
1280.438,0
1280.519,1
1280.6,1
1280.681,2
1280.761,2
1280.842,1
1280.923,1
1281.004,1
1281.085,1
1281.166,1
1281.247,1
1281.328,0
1281.409,0
1281.49,0
1281.571,0
1281.652,0
1281.733,3
1281.814,3
1281.895,3
1281.976,3
1282.057,1
1282.138,1
1282.219,1
1282.3,2
1282.381,2
1282.462,3
1282.543,5
1282.624,5
1282.704,5
1282.785,5
1282.866,4
1282.947,4
1283.028,4
1283.109,4
1283.19,5
1283.272,4
1283.353,3
1283.434,2
1283.515,0
1283.596,0
1283.677,0
1283.758,0
1283.839,0
1283.92,1
1284.001,2
1284.082,2
1284.163,2
1284.244,1
1284.325,0
1284.406,0
1284.487,0
1284.568,0
1284.649,0
1284.73,0
1284.811,0
1284.892,0
1284.973,0
1285.054,1
1285.135,1
1285.216,1
1285.298,1
1285.379,0
1285.46,0
1285.541,0
1285.622,0
1285.703,0
1285.784,0
1285.865,0
1285.946,0
1286.027,0
1286.108,0
1286.19,0
1286.271,0
1286.352,0
1286.433,0
1286.514,0
1286.595,0
1286.676,0
1286.757,0
1286.838,0
1286.92,0
1287.001,0
1287.082,0
1287.163,0
1287.244,0
1287.325,0
1287.406,0
1287.488,1
1287.569,1
1287.65,1
1287.731,1
1287.812,0
1287.893,0
1287.974,0
1288.056,0
1288.137,0
1288.218,0
1288.299,0
1288.38,0
1288.461,0
1288.543,0
1288.624,0
1288.705,0
1288.786,0
1288.867,0
1288.949,1
1289.03,1
1289.111,1
1289.192,1
1289.273,0
1289.355,0
1289.436,0
1289.517,0
1289.598,0
1289.679,0
1289.761,0
1289.842,0
1289.923,0
1290.004,4
1290.086,4
1290.167,4
1290.248,4
1290.329,0
1290.41,0
1290.492,2
1290.573,2
1290.654,3
1290.735,5
1290.817,3
1290.898,3
1290.979,5
1291.06,7
1291.142,6
1291.223,5
1291.304,1
1291.386,0
1291.467,0
1291.548,0
1291.629,1
1291.711,1
1291.792,1
1291.873,1
1291.955,1
1292.036,1
1292.117,1
1292.198,1
1292.28,0
1292.361,0
1292.442,0
1292.524,0
1292.605,0
1292.686,0
1292.768,1
1292.849,1
1292.93,4
1293.011,4
1293.093,4
1293.174,4
1293.255,2
1293.337,2
1293.418,1
1293.499,1
1293.581,1
1293.662,1
1293.743,1
1293.825,1
1293.906,0
1293.988,0
1294.069,0
1294.15,0
1294.232,0
1294.313,0
1294.394,2
1294.476,2
1294.557,2
1294.638,2
1294.72,0
1294.801,0
1294.883,0
1294.964,0
1295.045,0
1295.127,0
1295.208,0
1295.29,0
1295.371,0
1295.452,0
1295.534,1
1295.615,1
1295.697,1
1295.778,1
1295.859,1
1295.941,1
1296.022,1
1296.104,1
1296.185,0
1296.266,0
1296.348,0
1296.429,0
1296.511,0
1296.592,0
1296.674,0
1296.755,0
1296.837,1
1296.918,1
1296.999,1
1297.081,1
1297.162,0
1297.244,0
1297.325,2
1297.407,2
1297.488,2
1297.57,2
1297.651,0
1297.733,0
1297.814,0
1297.896,0
1297.977,0
1298.058,0
1298.14,0
1298.221,0
1298.303,0
1298.384,0
1298.466,1
1298.547,2
1298.629,2
1298.71,2
1298.792,1
1298.873,1
1298.955,1
1299.036,1
1299.118,1
1299.2,0
1299.281,0
1299.363,0
1299.444,0
1299.526,0
1299.607,0
1299.689,0
1299.77,0
1299.852,0
1299.933,1
1300.015,1
1300.096,1
1300.178,1
1300.259,0
1300.341,0
1300.423,0
1300.504,0
1300.586,0
1300.667,0
1300.749,0
1300.83,0
1300.912,0
1300.994,0
1301.075,0
1301.157,0
1301.238,0
1301.32,0
1301.402,0
1301.483,0
1301.565,0
1301.646,2
1301.728,3
1301.809,3
1301.891,3
1301.973,1
1302.054,1
1302.136,1
1302.218,1
1302.299,1
1302.381,0
1302.462,0
1302.544,0
1302.626,0
1302.707,0
1302.789,0
1302.871,0
1302.952,0
1303.034,0
1303.115,0
1303.197,1
1303.279,1
1303.36,3
1303.442,3
1303.524,2
1303.605,2
1303.687,2
1303.769,2
1303.85,2
1303.932,2
1304.014,0
1304.095,0
1304.177,0
1304.259,0
1304.34,0
1304.422,0
1304.504,0
1304.586,0
1304.667,0
1304.749,0
1304.831,0
1304.912,0
1304.994,1
1305.076,1
1305.157,1
1305.239,1
1305.321,0
1305.403,0
1305.484,0
1305.566,0
1305.648,0
1305.729,0
1305.811,0
1305.893,0
1305.975,0
1306.056,0
1306.138,1
1306.22,1
1306.302,1
1306.383,1
1306.465,1
1306.547,1
1306.629,1
1306.71,1
1306.792,0
1306.874,0
1306.956,0
1307.037,0
1307.119,2
1307.201,2
1307.283,2
1307.365,2
1307.446,5
1307.528,5
1307.61,5
1307.692,5
1307.774,3
1307.855,2
1307.937,1
1308.019,0
1308.101,1
1308.183,1
1308.264,1
1308.346,1
1308.428,0
1308.51,0
1308.592,0
1308.673,0
1308.755,0
1308.837,0
1308.919,0
1309.001,0
1309.083,0
1309.164,0
1309.246,0
1309.328,0
1309.41,0
1309.492,0
1309.574,0
1309.655,1
1309.737,1
1309.819,1
1309.901,1
1309.983,0
1310.065,0
1310.147,0
1310.228,3
1310.31,3
1310.392,3
1310.474,3
1310.556,0
1310.638,0
1310.72,0
1310.802,0
1310.884,0
1310.965,0
1311.047,0
1311.129,0
1311.211,1
1311.293,1
1311.375,1
1311.457,1
1311.539,1
1311.621,2
1311.703,2
1311.785,2
1311.866,1
1311.948,0
1312.03,0
1312.112,0
1312.194,0
1312.276,0
1312.358,0
1312.44,0
1312.522,0
1312.604,0
1312.686,0
1312.768,0
1312.85,0
1312.932,0
1313.014,0
1313.096,0
1313.178,0
1313.26,0
1313.342,0
1313.423,0
1313.505,2
1313.587,2
1313.669,2
1313.751,2
1313.833,0
1313.915,1
1313.997,2
1314.079,2
1314.161,2
1314.243,1
1314.325,2
1314.407,2
1314.489,2
1314.571,3
1314.653,1
1314.735,1
1314.817,1
1314.899,1
1314.981,1
1315.063,1
1315.145,1
1315.228,0
1315.31,0
1315.392,0
1315.474,0
1315.556,0
1315.638,0
1315.72,0
1315.802,0
1315.884,0
1315.966,0
1316.048,0
1316.13,0
1316.212,0
1316.294,0
1316.376,0
1316.458,0
1316.54,2
1316.622,2
1316.704,2
1316.787,2
1316.869,0
1316.951,0
1317.033,0
1317.115,0
1317.197,0
1317.279,0
1317.361,0
1317.443,0
1317.525,0
1317.608,0
1317.69,0
1317.772,0
1317.854,0
1317.936,0
1318.018,0
1318.1,0
1318.182,1
1318.264,1
1318.347,1
1318.429,1
1318.511,0
1318.593,0
1318.675,0
1318.757,0
1318.839,1
1318.922,3
1319.004,3
1319.086,3
1319.168,2
1319.25,0
1319.332,0
1319.414,2
1319.497,2
1319.579,2
1319.661,3
1319.743,5
1319.825,5
1319.908,5
1319.99,5
1320.072,5
1320.154,6
1320.236,8
1320.318,7
1320.401,3
1320.483,2
1320.565,0
1320.647,0
1320.729,0
1320.812,0
1320.894,0
1320.976,0
1321.058,0
1321.14,0
1321.223,0
1321.305,0
1321.387,0
1321.469,1
1321.552,1
1321.634,2
1321.716,2
1321.798,1
1321.881,1
1321.963,0
1322.045,0
1322.127,0
1322.21,0
1322.292,0
1322.374,0
1322.456,0
1322.539,0
1322.621,0
1322.703,0
1322.785,0
1322.868,3
1322.95,4
1323.032,4
1323.114,4
1323.197,1
1323.279,0
1323.361,0
1323.444,0
1323.526,0
1323.608,0
1323.691,0
1323.773,0
1323.855,1
1323.937,1
1324.02,1
1324.102,1
1324.184,2
1324.267,2
1324.349,3
1324.431,3
1324.514,2
1324.596,4
1324.678,3
1324.761,3
1324.843,2
1324.925,0
1325.008,3
1325.09,3
1325.172,3
1325.255,3
1325.337,0
1325.419,0
1325.502,0
1325.584,0
1325.666,0
1325.749,0
1325.831,0
1325.914,0
1325.996,0
1326.078,0
1326.161,0
1326.243,1
1326.325,1
1326.408,1
1326.49,1
1326.573,0
1326.655,0
1326.737,0
1326.82,0
1326.902,0
1326.985,3
1327.067,3
1327.149,3
1327.232,3
1327.314,1
1327.397,1
1327.479,1
1327.561,1
1327.644,0
1327.726,0
1327.809,2
1327.891,2
1327.974,2
1328.056,5
1328.138,4
1328.221,5
1328.303,6
1328.386,4
1328.468,3
1328.551,2
1328.633,1
1328.716,0
1328.798,0
1328.881,0
1328.963,0
1329.045,0
1329.128,0
1329.21,0
1329.293,0
1329.375,0
1329.458,1
1329.54,2
1329.623,2
1329.705,2
1329.788,1
1329.87,0
1329.953,0
1330.035,0
1330.118,0
1330.2,0
1330.283,0
1330.365,0
1330.448,0
1330.53,0
1330.613,0
1330.695,0
1330.778,0
1330.86,0
1330.943,0
1331.025,0
1331.108,3
1331.191,3
1331.273,3
1331.356,3
1331.438,0
1331.521,0
1331.603,0
1331.686,0
1331.768,0
1331.851,0
1331.933,0
1332.016,0
1332.099,0
1332.181,0
1332.264,0
1332.346,0
1332.429,0
1332.511,0
1332.594,0
1332.677,0
1332.759,1
1332.842,1
1332.924,1
1333.007,1
1333.09,1
1333.172,1
1333.255,1
1333.337,1
1333.42,1
1333.503,1
1333.585,1
1333.668,1
1333.75,0
1333.833,0
1333.916,0
1333.998,0
1334.081,0
1334.163,0
1334.246,0
1334.329,0
1334.411,0
1334.494,0
1334.577,0
1334.659,0
1334.742,0
1334.825,0
1334.907,0
1334.99,0
1335.073,1
1335.155,2
1335.238,2
1335.321,2
1335.403,1
1335.486,1
1335.569,1
1335.651,1
1335.734,2
1335.817,2
1335.899,3
1335.982,5
1336.065,5
1336.147,5
1336.23,5
1336.313,2
1336.395,2
1336.478,2
1336.561,2
1336.644,0
1336.726,1
1336.809,1
1336.892,1
1336.974,1
1337.057,0
1337.14,0
1337.223,0
1337.305,1
1337.388,1
1337.471,1
1337.554,1
1337.636,0
1337.719,0
1337.802,0
1337.884,0
1337.967,0
1338.05,0
1338.133,0
1338.215,1
1338.298,2
1338.381,2
1338.464,2
1338.547,3
1338.629,2
1338.712,2
1338.795,2
1338.878,0
1338.96,3
1339.043,4
1339.126,5
1339.209,6
1339.292,7
1339.374,6
1339.457,5
1339.54,4
1339.623,0
1339.706,0
1339.788,0
1339.871,0
1339.954,0
1340.037,0
1340.12,0
1340.202,0
1340.285,0
1340.368,0
1340.451,1
1340.534,1
1340.617,1
1340.699,1
1340.782,0
1340.865,0
1340.948,1
1341.031,1
1341.114,1
1341.196,1
1341.279,0
1341.362,1
1341.445,1
1341.528,1
1341.611,1
1341.694,2
1341.776,2
1341.859,2
1341.942,2
1342.025,0
1342.108,0
1342.191,0
1342.274,0
1342.357,0
1342.44,0
1342.522,0
1342.605,2
1342.688,2
1342.771,2
1342.854,2
1342.937,0
1343.02,0
1343.103,0
1343.186,0
1343.269,0
1343.351,0
1343.434,0
1343.517,0
1343.6,0
1343.683,1
1343.766,2
1343.849,3
1343.932,6
1344.015,6
1344.098,7
1344.181,7
1344.264,5
1344.347,4
1344.43,2
1344.513,2
1344.596,1
1344.678,1
1344.761,1
1344.844,0
1344.927,0
1345.01,0
1345.093,0
1345.176,0
1345.259,0
1345.342,0
1345.425,0
1345.508,0
1345.591,1
1345.674,2
1345.757,2
1345.84,2
1345.923,1
1346.006,0
1346.089,0
1346.172,0
1346.255,0
1346.338,0
1346.421,0
1346.504,0
1346.587,0
1346.67,0
1346.753,0
1346.836,0
1346.919,0
1347.002,0
1347.085,0
1347.168,0
1347.252,0
1347.335,0
1347.418,0
1347.501,0
1347.584,0
1347.667,0
1347.75,1
1347.833,1
1347.916,1
1347.999,1
1348.082,0
1348.165,0
1348.248,0
1348.331,2
1348.414,2
1348.497,2
1348.581,2
1348.664,1
1348.747,1
1348.83,1
1348.913,3
1348.996,2
1349.079,2
1349.162,2
1349.245,0
1349.328,4
1349.411,4
1349.495,4
1349.578,4
1349.661,4
1349.744,3
1349.827,2
1349.91,1
1349.993,0
1350.076,0
1350.16,0
1350.243,0
1350.326,0
1350.409,0
1350.492,0
1350.575,0
1350.658,0
1350.742,0
1350.825,0
1350.908,0
1350.991,0
1351.074,0
1351.157,0
1351.241,0
1351.324,0
1351.407,0
1351.49,0
1351.573,1
1351.656,1
1351.74,1
1351.823,2
1351.906,1
1351.989,2
1352.072,2
1352.156,2
1352.239,2
1352.322,1
1352.405,1
1352.488,0
1352.572,2
1352.655,2
1352.738,2
1352.821,2
1352.904,1
1352.988,1
1353.071,1
1353.154,1
1353.237,0
1353.321,0
1353.404,0
1353.487,2
1353.57,2
1353.653,2
1353.737,2
1353.82,2
1353.903,2
1353.986,2
1354.07,2
1354.153,0
1354.236,0
1354.319,0
1354.403,0
1354.486,2
1354.569,2
1354.653,2
1354.736,2
1354.819,0
1354.902,0
1354.986,0
1355.069,0
1355.152,0
1355.236,0
1355.319,0
1355.402,0
1355.485,0
1355.569,0
1355.652,2
1355.735,2
1355.819,5
1355.902,6
1355.985,5
1356.069,5
1356.152,2
1356.235,1
1356.319,0
1356.402,0
1356.485,0
1356.569,0
1356.652,0
1356.735,0
1356.819,0
1356.902,1
1356.985,1
1357.069,2
1357.152,2
1357.235,3
1357.319,3
1357.402,4
1357.485,4
1357.569,3
1357.652,3
1357.735,1
1357.819,1
1357.902,1
1357.986,4
1358.069,4
1358.152,4
1358.236,3
1358.319,0
1358.402,0
1358.486,0
1358.569,0
1358.653,0
1358.736,0
1358.819,0
1358.903,0
1358.986,0
1359.07,0
1359.153,0
1359.237,2
1359.32,4
1359.403,6
1359.487,10
1359.57,9
1359.654,8
1359.737,7
1359.821,6
1359.904,5
1359.987,4
1360.071,3
1360.154,0
1360.238,0
1360.321,0
1360.405,0
1360.488,0
1360.572,0
1360.655,0
1360.738,0
1360.822,0
1360.905,2
1360.989,3
1361.072,4
1361.156,5
1361.239,4
1361.323,3
1361.406,2
1361.49,1
1361.573,0
1361.657,0
1361.74,0
1361.824,0
1361.907,0
1361.991,0
1362.074,0
1362.158,0
1362.241,0
1362.325,0
1362.408,0
1362.492,0
1362.575,0
1362.659,0
1362.742,0
1362.826,0
1362.909,0
1362.993,0
1363.076,0
1363.16,0
1363.244,0
1363.327,0
1363.411,0
1363.494,0
1363.578,1
1363.661,1
1363.745,1
1363.828,1
1363.912,2
1363.996,2
1364.079,2
1364.163,3
1364.246,1
1364.33,1
1364.413,1
1364.497,0
1364.581,0
1364.664,0
1364.748,0
1364.831,0
1364.915,0
1364.999,0
1365.082,0
1365.166,0
1365.249,0
1365.333,0
1365.417,0
1365.5,0
1365.584,0
1365.667,0
1365.751,1
1365.835,1
1365.918,1
1366.002,1
1366.085,0
1366.169,0
1366.253,0
1366.336,0
1366.42,0
1366.504,0
1366.587,0
1366.671,0
1366.755,0
1366.838,0
1366.922,1
1367.006,1
1367.089,1
1367.173,1
1367.257,0
1367.34,0
1367.424,0
1367.508,0
1367.591,0
1367.675,0
1367.759,0
1367.842,0
1367.926,0
1368.01,1
1368.093,1
1368.177,1
1368.261,1
1368.344,0
1368.428,0
1368.512,0
1368.596,0
1368.679,1
1368.763,2
1368.847,3
1368.93,5
1369.014,5
1369.098,5
1369.182,5
1369.265,2
1369.349,2
1369.433,2
1369.517,2
1369.6,0
1369.684,0
1369.768,0
1369.851,0
1369.935,0
1370.019,0
1370.103,0
1370.187,0
1370.27,1
1370.354,1
1370.438,1
1370.522,1
1370.605,0
1370.689,0
1370.773,0
1370.857,1
1370.94,1
1371.024,1
1371.108,1
1371.192,0
1371.276,0
1371.359,0
1371.443,0
1371.527,0
1371.611,0
1371.695,0
1371.778,1
1371.862,1
1371.946,1
1372.03,1
1372.114,0
1372.197,0
1372.281,0
1372.365,0
1372.449,0
1372.533,2
1372.617,2
1372.7,2
1372.784,2
1372.868,3
1372.952,3
1373.036,3
1373.12,3
1373.204,0
1373.287,0
1373.371,0
1373.455,0
1373.539,0
1373.623,1
1373.707,2
1373.791,3
1373.874,4
1373.958,4
1374.042,4
1374.126,4
1374.21,4
1374.294,4
1374.378,5
1374.462,5
1374.545,2
1374.629,2
1374.713,1
1374.797,1
1374.881,0
1374.965,0
1375.049,0
1375.133,0
1375.217,0
1375.301,0
1375.385,0
1375.468,0
1375.552,1
1375.636,1
1375.72,1
1375.804,1
1375.888,1
1375.972,1
1376.056,1
1376.14,1
1376.224,1
1376.308,1
1376.392,1
1376.476,1
1376.56,0
1376.644,0
1376.728,0
1376.812,0
1376.896,0
1376.979,0
1377.063,0
1377.147,0
1377.231,1
1377.315,1
1377.399,1
1377.483,1
1377.567,0
1377.651,0
1377.735,0
1377.819,0
1377.903,0
1377.987,0
1378.071,0
1378.155,0
1378.239,0
1378.323,0
1378.407,0
1378.491,0
1378.575,0
1378.659,0
1378.743,1
1378.827,1
1378.911,1
1378.996,1
1379.08,0
1379.164,0
1379.248,0
1379.332,0
1379.416,3
1379.5,3
1379.584,3
1379.668,3
1379.752,0
1379.836,1
1379.92,1
1380.004,1
1380.088,1
1380.172,0
1380.256,0
1380.34,0
1380.424,0
1380.509,0
1380.593,0
1380.677,0
1380.761,0
1380.845,0
1380.929,1
1381.013,1
1381.097,1
1381.181,1
1381.265,0
1381.349,0
1381.434,0
1381.518,0
1381.602,1
1381.686,1
1381.77,4
1381.854,4
1381.938,4
1382.022,4
1382.106,3
1382.191,3
1382.275,5
1382.359,5
1382.443,3
1382.527,3
1382.611,0
1382.695,0
1382.78,0
1382.864,0
1382.948,0
1383.032,0
1383.116,1
1383.2,1
1383.285,2
1383.369,2
1383.453,1
1383.537,1
1383.621,3
1383.705,3
1383.79,3
1383.874,3
1383.958,0
1384.042,0
1384.126,0
1384.211,0
1384.295,0
1384.379,0
1384.463,0
1384.547,0
1384.632,0
1384.716,0
1384.8,0
1384.884,0
1384.968,0
1385.053,0
1385.137,1
1385.221,3
1385.305,3
1385.389,3
1385.474,2
1385.558,0
1385.642,1
1385.726,1
1385.811,1
1385.895,1
1385.979,2
1386.063,2
1386.148,2
1386.232,2
1386.316,0
1386.4,0
1386.485,1
1386.569,1
1386.653,2
1386.738,2
1386.822,2
1386.906,2
1386.99,1
1387.075,1
1387.159,0
1387.243,0
1387.327,0
1387.412,0
1387.496,0
1387.58,0
1387.665,0
1387.749,2
1387.833,4
1387.918,6
1388.002,10
1388.086,9
1388.171,8
1388.255,7
1388.339,6
1388.423,5
1388.508,7
1388.592,6
1388.676,3
1388.761,3
1388.845,0
1388.929,0
1389.014,0
1389.098,0
1389.182,0
1389.267,0
1389.351,0
1389.436,0
1389.52,1
1389.604,1
1389.689,1
1389.773,1
1389.857,0
1389.942,0
1390.026,0
1390.11,0
1390.195,0
1390.279,0
1390.364,0
1390.448,0
1390.532,0
1390.617,0
1390.701,0
1390.786,0
1390.87,0
1390.954,0
1391.039,1
1391.123,1
1391.208,2
1391.292,2
1391.376,5
1391.461,4
1391.545,2
1391.63,1
1391.714,0
1391.799,0
1391.883,0
1391.967,0
1392.052,0
1392.136,0
1392.221,0
1392.305,0
1392.39,0
1392.474,0
1392.558,1
1392.643,1
1392.727,2
1392.812,2
1392.896,1
1392.981,1
1393.065,1
1393.15,1
1393.234,1
1393.319,1
1393.403,1
1393.488,1
1393.572,1
1393.657,1
1393.741,0
1393.826,0
1393.91,0
1393.995,0
1394.079,0
1394.164,0
1394.248,3
1394.333,5
1394.417,7
1394.502,10
1394.586,14
1394.671,12
1394.755,9
1394.84,6
1394.924,2
1395.009,1
1395.093,1
1395.178,0
1395.262,0
1395.347,0
1395.431,0
1395.516,0
1395.6,0
1395.685,0
1395.77,0
1395.854,0
1395.939,0
1396.023,0
1396.108,0
1396.192,0
1396.277,0
1396.361,0
1396.446,0
1396.531,0
1396.615,0
1396.7,0
1396.784,1
1396.869,1
1396.954,1
1397.038,1
1397.123,2
1397.207,2
1397.292,2
1397.377,2
1397.461,1
1397.546,2
1397.63,3
1397.715,4
1397.8,7
1397.884,7
1397.969,6
1398.053,5
1398.138,2
1398.223,1
1398.307,1
1398.392,1
1398.477,0
1398.561,0
1398.646,0
1398.73,0
1398.815,0
1398.9,1
1398.984,5
1399.069,6
1399.154,7
1399.238,7
1399.323,5
1399.408,6
1399.492,8
1399.577,8
1399.662,7
1399.746,6
1399.831,4
1399.916,3
1400.00,2
1400.085,1
1400.17,0
1400.254,0
1400.339,0
1400.424,0
1400.509,0
1400.593,0
1400.678,0
1400.763,3
1400.847,3
1400.932,3
1401.017,3
1401.101,0
1401.186,0
1401.271,0
1401.356,0
1401.44,0
1401.525,0
1401.61,0
1401.695,0
1401.779,0
1401.864,0
1401.949,1
1402.033,1
1402.118,1
1402.203,1
1402.288,0
1402.372,2
1402.457,2
1402.542,2
1402.627,2
1402.712,0
1402.796,0
1402.881,1
1402.966,1
1403.051,1
1403.135,1
1403.22,0
1403.305,0
1403.39,0
1403.475,0
1403.559,0
1403.644,1
1403.729,1
1403.814,1
1403.898,1
1403.983,0
1404.068,0
1404.153,0
1404.238,1
1404.323,1
1404.407,1
1404.492,1
1404.577,0
1404.662,0
1404.747,0
1404.831,0
1404.916,0
1405.001,0
1405.086,0
1405.171,1
1405.256,1
1405.341,2
1405.425,2
1405.51,1
1405.595,1
1405.68,0
1405.765,0
1405.85,0
1405.934,0
1406.019,0
1406.104,0
1406.189,0
1406.274,0
1406.359,0
1406.444,0
1406.529,0
1406.613,1
1406.698,2
1406.783,3
1406.868,4
1406.953,8
1407.038,9
1407.123,8
1407.208,7
1407.293,4
1407.378,3
1407.462,6
1407.547,6
1407.632,4
1407.717,3
1407.802,0
1407.887,0
1407.972,1
1408.057,1
1408.142,1
1408.227,2
1408.312,2
1408.397,3
1408.482,4
1408.567,4
1408.651,4
1408.736,4
1408.821,6
1408.906,5
1408.991,5
1409.076,7
1409.161,6
1409.246,8
1409.331,12
1409.416,9
1409.501,8
1409.586,6
1409.671,1
1409.756,1
1409.841,0
1409.926,0
1410.011,2
1410.096,2
1410.181,2
1410.266,2
1410.351,3
1410.436,4
1410.521,5
1410.606,5
1410.691,2
1410.776,1
1410.861,0
1410.946,0
1411.031,0
1411.116,0
1411.201,1
1411.286,1
1411.371,1
1411.456,1
1411.541,0
1411.626,0
1411.711,0
1411.796,0
1411.881,0
1411.966,0
1412.051,2
1412.137,5
1412.222,6
1412.307,7
1412.392,9
1412.477,6
1412.562,5
1412.647,4
1412.732,1
1412.817,2
1412.902,3
1412.987,3
1413.072,2
1413.157,1
1413.242,0
1413.328,0
1413.413,0
1413.498,0
1413.583,2
1413.668,2
1413.753,2
1413.838,2
1413.923,5
1414.008,4
1414.093,3
1414.179,2
1414.264,0
1414.349,0
1414.434,0
1414.519,0
1414.604,1
1414.689,1
1414.774,1
1414.86,1
1414.945,4
1415.03,5
1415.115,6
1415.2,7
1415.285,5
1415.371,5
1415.456,5
1415.541,3
1415.626,3
1415.711,3
1415.796,3
1415.881,1
1415.967,0
1416.052,0
1416.137,0
1416.222,0
1416.307,0
1416.393,0
1416.478,0
1416.563,0
1416.648,0
1416.733,0
1416.818,0
1416.904,0
1416.989,0
1417.074,0
1417.159,1
1417.245,1
1417.33,1
1417.415,1
1417.5,0
1417.585,0
1417.671,3
1417.756,3
1417.841,3
1417.926,3
1418.012,0
1418.097,0
1418.182,0
1418.267,0
1418.352,0
1418.438,0
1418.523,0
1418.608,0
1418.693,3
1418.779,3
1418.864,4
1418.949,4
1419.035,1
1419.12,1
1419.205,1
1419.29,1
1419.376,2
1419.461,4
1419.546,3
1419.631,3
1419.717,2
1419.802,2
1419.887,2
1419.973,2
1420.058,3
1420.143,1
1420.229,1
1420.314,1
1420.399,0
1420.484,0
1420.57,0
1420.655,0
1420.74,0
1420.826,0
1420.911,0
1420.996,0
1421.082,0
1421.167,0
1421.252,0
1421.338,0
1421.423,0
1421.508,0
1421.594,0
1421.679,0
1421.764,0
1421.85,0
1421.935,0
1422.02,0
1422.106,0
1422.191,0
1422.277,0
1422.362,0
1422.447,0
1422.533,0
1422.618,0
1422.703,0
1422.789,0
1422.874,0
1422.96,0
1423.045,0
1423.13,3
1423.216,3
1423.301,3
1423.387,3
1423.472,1
1423.557,1
1423.643,1
1423.728,1
1423.814,0
1423.899,1
1423.984,1
1424.07,2
1424.155,2
1424.241,1
1424.326,1
1424.411,0
1424.497,0
1424.582,0
1424.668,2
1424.753,2
1424.839,2
1424.924,2
1425.01,0
1425.095,0
1425.18,0
1425.266,3
1425.351,4
1425.437,4
1425.522,4
1425.608,1
1425.693,0
1425.779,0
1425.864,0
1425.95,0
1426.035,0
1426.121,0
1426.206,0
1426.292,0
1426.377,0
1426.463,0
1426.548,0
1426.634,0
1426.719,0
1426.805,0
1426.89,0
1426.976,0
1427.061,0
1427.147,0
1427.232,0
1427.318,0
1427.403,0
1427.489,0
1427.574,1
1427.66,1
1427.745,1
1427.831,1
1427.916,0
1428.002,0
1428.087,0
1428.173,0
1428.259,0
1428.344,0
1428.43,1
1428.515,1
1428.601,1
1428.686,1
1428.772,0
1428.857,0
1428.943,1
1429.029,2
1429.114,5
1429.2,10
1429.285,11
1429.371,12
1429.456,12
1429.542,12
1429.628,10
1429.713,8
1429.799,5
1429.884,0
1429.97,0
1430.056,0
1430.141,1
1430.227,1
1430.312,2
1430.398,2
1430.484,1
1430.569,1
1430.655,0
1430.74,0
1430.826,0
1430.912,0
1430.997,0
1431.083,0
1431.169,0
1431.254,0
1431.34,0
1431.426,0
1431.511,0
1431.597,0
1431.683,0
1431.768,0
1431.854,0
1431.939,0
1432.025,0
1432.111,0
1432.196,0
1432.282,0
1432.368,0
1432.453,0
1432.539,3
1432.625,4
1432.711,5
1432.796,6
1432.882,9
1432.968,7
1433.053,5
1433.139,3
1433.225,0
1433.31,0
1433.396,0
1433.482,0
1433.568,0
1433.653,0
1433.739,3
1433.825,3
1433.91,4
1433.996,4
1434.082,2
1434.168,2
1434.253,1
1434.339,1
1434.425,0
1434.51,0
1434.596,0
1434.682,0
1434.768,2
1434.853,2
1434.939,3
1435.025,4
1435.111,3
1435.196,3
1435.282,2
1435.368,1
1435.454,0
1435.54,0
1435.625,0
1435.711,0
1435.797,0
1435.883,0
1435.968,0
1436.054,1
1436.14,1
1436.226,1
1436.312,2
1436.397,1
1436.483,1
1436.569,1
1436.655,2
1436.741,2
1436.826,2
1436.912,3
1436.998,1
1437.084,1
1437.17,1
1437.255,0
1437.341,0
1437.427,0
1437.513,0
1437.599,0
1437.685,0
1437.77,0
1437.856,0
1437.942,0
1438.028,0
1438.114,0
1438.2,0
1438.286,0
1438.371,1
1438.457,1
1438.543,2
1438.629,2
1438.715,1
1438.801,1
1438.887,1
1438.972,1
1439.058,3
1439.144,3
1439.23,2
1439.316,2
1439.402,0
1439.488,0
1439.574,0
1439.659,0
1439.745,0
1439.831,0
1439.917,0
1440.003,0
1440.089,0
1440.175,2
1440.261,3
1440.347,4
1440.433,4
1440.519,2
1440.604,3
1440.69,2
1440.776,2
1440.862,2
1440.948,0
1441.034,0
1441.12,0
1441.206,0
1441.292,0
1441.378,0
1441.464,0
1441.55,0
1441.636,0
1441.722,0
1441.808,1
1441.894,1
1441.98,1
1442.066,1
1442.152,0
1442.238,0
1442.324,0
1442.409,0
1442.495,0
1442.581,0
1442.667,0
1442.753,0
1442.839,0
1442.925,0
1443.011,3
1443.097,3
1443.183,3
1443.269,3
1443.355,1
1443.441,1
1443.527,1
1443.613,2
1443.699,2
1443.785,2
1443.871,2
1443.958,2
1444.044,1
1444.13,1
1444.216,1
1444.302,0
1444.388,0
1444.474,0
1444.56,0
1444.646,0
1444.732,0
1444.818,0
1444.904,1
1444.99,1
1445.076,3
1445.162,3
1445.248,5
1445.334,6
1445.42,8
1445.506,10
1445.592,7
1445.679,7
1445.765,3
1445.851,1
1445.937,1
1446.023,0
1446.109,0
1446.195,1
1446.281,2
1446.367,2
1446.453,2
1446.539,1
1446.626,2
1446.712,2
1446.798,3
1446.884,3
1446.97,1
1447.056,1
1447.142,0
1447.228,0
1447.315,0
1447.401,0
1447.487,0
1447.573,0
1447.659,0
1447.745,0
1447.831,0
1447.917,0
1448.004,0
1448.09,1
1448.176,1
1448.262,1
1448.348,1
1448.434,0
1448.521,0
1448.607,0
1448.693,0
1448.779,0
1448.865,0
1448.951,1
1449.038,3
1449.124,4
1449.21,6
1449.296,6
1449.382,6
1449.469,6
1449.555,6
1449.641,6
1449.727,5
1449.813,5
1449.9,2
1449.986,2
1450.072,2
1450.158,2
1450.244,0
1450.331,0
1450.417,0
1450.503,0
1450.589,1
1450.675,2
1450.762,2
1450.848,2
1450.934,1
1451.02,0
1451.107,0
1451.193,0
1451.279,0
1451.365,0
1451.452,0
1451.538,0
1451.624,0
1451.71,0
1451.797,0
1451.883,0
1451.969,0
1452.055,0
1452.142,0
1452.228,0
1452.314,0
1452.401,0
1452.487,0
1452.573,0
1452.659,0
1452.746,0
1452.832,0
1452.918,0
1453.005,1
1453.091,1
1453.177,1
1453.264,1
1453.35,1
1453.436,1
1453.522,1
1453.609,1
1453.695,0
1453.781,0
1453.868,0
1453.954,0
1454.04,0
1454.127,0
1454.213,1
1454.299,1
1454.386,1
1454.472,1
1454.558,0
1454.645,0
1454.731,1
1454.818,1
1454.904,2
1454.99,2
1455.077,1
1455.163,1
1455.249,0
1455.336,0
1455.422,0
1455.508,0
1455.595,2
1455.681,2
1455.768,2
1455.854,2
1455.94,1
1456.027,1
1456.113,1
1456.2,1
1456.286,0
1456.372,0
1456.459,1
1456.545,1
1456.632,1
1456.718,1
1456.804,2
1456.891,2
1456.977,2
1457.064,2
1457.15,1
1457.236,2
1457.323,2
1457.409,2
1457.496,1
1457.582,0
1457.669,0
1457.755,0
1457.842,0
1457.928,0
1458.014,0
1458.101,0
1458.187,1
1458.274,1
1458.36,1
1458.447,1
1458.533,0
1458.62,0
1458.706,0
1458.793,0
1458.879,0
1458.966,0
1459.052,0
1459.139,0
1459.225,0
1459.312,0
1459.398,1
1459.484,1
1459.571,1
1459.657,1
1459.744,0
1459.83,0
1459.917,1
1460.004,1
1460.09,2
1460.177,2
1460.263,2
1460.35,2
1460.436,1
1460.523,1
1460.609,2
1460.696,2
1460.782,2
1460.869,3
1460.955,2
1461.042,6
1461.128,7
1461.215,7
1461.301,7
1461.388,5
1461.475,2
1461.561,2
1461.648,2
1461.734,2
1461.821,1
1461.907,1
1461.994,1
1462.081,0
1462.167,0
1462.254,0
1462.34,0
1462.427,0
1462.513,0
1462.6,0
1462.687,0
1462.773,0
1462.86,2
1462.946,2
1463.033,4
1463.12,5
1463.206,3
1463.293,3
1463.379,1
1463.466,0
1463.553,1
1463.639,2
1463.726,3
1463.813,4
1463.899,6
1463.986,5
1464.072,4
1464.159,3
1464.246,0
1464.332,0
1464.419,0
1464.506,0
1464.592,0
1464.679,0
1464.766,0
1464.852,0
1464.939,0
1465.026,0
1465.112,0
1465.199,0
1465.286,1
1465.372,1
1465.459,3
1465.546,3
1465.632,2
1465.719,4
1465.806,4
1465.892,6
1465.979,9
1466.066,8
1466.152,7
1466.239,6
1466.326,2
1466.413,2
1466.499,2
1466.586,4
1466.673,4
1466.759,4
1466.846,4
1466.933,3
1467.02,1
1467.106,1
1467.193,1
1467.28,0
1467.366,1
1467.453,1
1467.54,1
1467.627,1
1467.713,1
1467.8,1
1467.887,3
1467.974,3
1468.06,2
1468.147,2
1468.234,5
1468.321,4
1468.407,3
1468.494,3
1468.581,3
1468.668,4
1468.755,7
1468.841,7
1468.928,5
1469.015,4
1469.102,3
1469.188,2
1469.275,2
1469.362,2
1469.449,4
1469.536,3
1469.622,2
1469.709,1
1469.796,0
1469.883,0
1469.97,0
1470.056,0
1470.143,1
1470.23,2
1470.317,3
1470.404,7
1470.491,7
1470.577,7
1470.664,8
1470.751,7
1470.838,6
1470.925,5
1471.012,3
1471.098,0
1471.185,0
1471.272,0
1471.359,2
1471.446,2
1471.533,2
1471.62,2
1471.706,1
1471.793,1
1471.88,1
1471.967,1
1472.054,0
1472.141,0
1472.228,0
1472.315,0
1472.401,0
1472.488,0
1472.575,0
1472.662,0
1472.749,0
1472.836,0
1472.923,0
1473.01,0
1473.097,0
1473.183,0
1473.27,0
1473.357,0
1473.444,0
1473.531,0
1473.618,0
1473.705,0
1473.792,0
1473.879,0
1473.966,0
1474.053,1
1474.14,1
1474.227,1
1474.314,1
1474.4,0
1474.487,0
1474.574,0
1474.661,0
1474.748,0
1474.835,0
1474.922,0
1475.009,0
1475.096,0
1475.183,0
1475.27,0
1475.357,0
1475.444,0
1475.531,0
1475.618,0
1475.705,0
1475.792,0
1475.879,0
1475.966,0
1476.053,0
1476.14,0
1476.227,2
1476.314,3
1476.401,3
1476.488,3
1476.575,1
1476.662,0
1476.749,0
1476.836,0
1476.923,0
1477.01,0
1477.097,0
1477.184,0
1477.271,0
1477.358,0
1477.445,0
1477.532,0
1477.619,0
1477.706,0
1477.793,0
1477.88,0
1477.967,0
1478.054,0
1478.142,0
1478.229,0
1478.316,0
1478.403,0
1478.49,0
1478.577,1
1478.664,1
1478.751,1
1478.838,1
1478.925,2
1479.012,2
1479.099,2
1479.186,2
1479.273,1
1479.361,1
1479.448,1
1479.535,1
1479.622,0
1479.709,0
1479.796,2
1479.883,3
1479.97,4
1480.057,5
1480.145,3
1480.232,2
1480.319,1
1480.406,0
1480.493,0
1480.58,2
1480.667,2
1480.754,2
1480.842,2
1480.929,1
1481.016,2
1481.103,2
1481.19,2
1481.277,1
1481.364,0
1481.452,2
1481.539,4
1481.626,5
1481.713,6
1481.8,5
1481.887,4
1481.975,4
1482.062,4
1482.149,5
1482.236,5
1482.323,6
1482.41,6
1482.498,1
1482.585,1
1482.672,0
1482.759,0
1482.846,0
1482.934,0
1483.021,0
1483.108,0
1483.195,0
1483.282,0
1483.37,0
1483.457,0
1483.544,0
1483.631,0
1483.719,0
1483.806,0
1483.893,0
1483.98,0
1484.067,0
1484.155,0
1484.242,1
1484.329,1
1484.416,3
1484.504,3
1484.591,2
1484.678,5
1484.765,4
1484.853,4
1484.94,4
1485.027,1
1485.114,0
1485.202,1
1485.289,1
1485.376,1
1485.464,1
1485.551,0
1485.638,0
1485.725,0
1485.813,0
1485.9,1
1485.987,1
1486.075,1
1486.162,1
1486.249,1
1486.336,1
1486.424,1
1486.511,1
1486.598,0
1486.686,0
1486.773,0
1486.86,0
1486.948,1
1487.035,1
1487.122,1
1487.21,1
1487.297,0
1487.384,0
1487.472,0
1487.559,1
1487.646,1
1487.734,1
1487.821,1
1487.908,0
1487.996,1
1488.083,1
1488.17,1
1488.258,1
1488.345,0
1488.433,0
1488.52,1
1488.607,2
1488.695,2
1488.782,2
1488.869,1
1488.957,3
1489.044,3
1489.132,3
1489.219,3
1489.306,1
1489.394,1
1489.481,3
1489.569,3
1489.656,2
1489.743,3
1489.831,1
1489.918,1
1490.006,1
1490.093,1
1490.18,1
1490.268,1
1490.355,1
1490.443,0
1490.53,0
1490.617,1
1490.705,5
1490.792,7
1490.88,8
1490.967,7
1491.055,9
1491.142,8
1491.23,7
1491.317,7
1491.404,6
1491.492,6
1491.579,6
1491.667,6
1491.754,3
1491.842,2
1491.929,2
1492.017,2
1492.104,0
1492.192,1
1492.279,1
1492.367,1
1492.454,1
1492.542,0
1492.629,0
1492.717,0
1492.804,0
1492.892,0
1492.979,0
1493.067,0
1493.154,0
1493.242,0
1493.329,0
1493.417,0
1493.504,0
1493.592,0
1493.679,0
1493.767,0
1493.854,2
1493.942,2
1494.029,2
1494.117,2
1494.204,0
1494.292,0
1494.379,1
1494.467,1
1494.555,2
1494.642,2
1494.73,1
1494.817,1
1494.905,1
1494.992,2
1495.08,2
1495.167,2
1495.255,2
1495.343,1
1495.43,1
1495.518,1
1495.605,0
1495.693,0
1495.78,0
1495.868,1
1495.956,1
1496.043,1
1496.131,1
1496.218,0
1496.306,0
1496.394,0
1496.481,1
1496.569,1
1496.656,1
1496.744,2
1496.832,1
1496.919,1
1497.007,2
1497.095,1
1497.182,1
1497.27,1
1497.357,0
1497.445,0
1497.533,0
1497.62,0
1497.708,0
1497.796,0
1497.883,0
1497.971,0
1498.059,0
1498.146,0
1498.234,0
1498.322,0
1498.409,0
1498.497,0
1498.585,0
1498.672,0
1498.76,0
1498.848,0
1498.935,0
1499.023,0
1499.111,0
1499.198,0
1499.286,3
1499.374,3
1499.461,3
1499.549,3
1499.637,0
1499.725,0
1499.812,0
1499.9,0
1499.988,0
1500.075,1
1500.163,1
1500.251,1
1500.338,1
1500.426,0
1500.514,0
1500.602,0
1500.689,0
1500.777,0
1500.865,0
1500.953,0
1501.04,0
1501.128,0
1501.216,2
1501.304,2
1501.391,2
1501.479,2
1501.567,1
1501.655,1
1501.742,1
1501.83,1
1501.918,0
1502.006,0
1502.093,0
1502.181,0
1502.269,2
1502.357,2
1502.445,2
1502.532,2
1502.62,0
1502.708,0
1502.796,0
1502.884,1
1502.971,2
1503.059,3
1503.147,4
1503.235,4
1503.323,4
1503.41,4
1503.498,4
1503.586,4
1503.674,4
1503.762,4
1503.849,1
1503.937,1
1504.025,1
1504.113,1
1504.201,0
1504.289,0
1504.376,0
1504.464,0
1504.552,0
1504.64,0
1504.728,0
1504.816,0
1504.904,0
1504.991,0
1505.079,1
1505.167,3
1505.255,5
1505.343,9
1505.431,13
1505.519,13
1505.606,13
1505.694,13
1505.782,7
1505.87,6
1505.958,5
1506.046,2
1506.134,0
1506.222,0
1506.31,0
1506.398,0
1506.485,0
1506.573,0
1506.661,0
1506.749,0
1506.837,0
1506.925,0
1507.013,0
1507.101,0
1507.189,0
1507.277,0
1507.365,0
1507.453,0
1507.54,0
1507.628,0
1507.716,0
1507.804,0
1507.892,0
1507.98,0
1508.068,0
1508.156,0
1508.244,2
1508.332,2
1508.42,2
1508.508,2
1508.596,2
1508.684,2
1508.772,2
1508.86,2
1508.948,1
1509.036,1
1509.124,1
1509.212,1
1509.3,0
1509.388,0
1509.476,0
1509.564,0
1509.652,0
1509.74,0
1509.828,0
1509.916,0
1510.004,0
1510.092,0
1510.18,0
1510.268,0
1510.356,0
1510.444,0
1510.532,0
1510.62,0
1510.708,0
1510.796,0
1510.884,0
1510.972,0
1511.06,0
1511.148,0
1511.236,0
1511.324,2
1511.412,2
1511.5,2
1511.588,2
1511.676,0
1511.764,0
1511.852,0
1511.941,0
1512.029,0
1512.117,0
1512.205,1
1512.293,4
1512.381,5
1512.469,6
1512.557,5
1512.645,2
1512.733,2
1512.821,1
1512.909,1
1512.998,1
1513.086,0
1513.174,0
1513.262,0
1513.35,0
1513.438,0
1513.526,0
1513.614,0
1513.702,1
1513.791,1
1513.879,1
1513.967,1
1514.055,0
1514.143,0
1514.231,0
1514.319,0
1514.407,0
1514.496,0
1514.584,0
1514.672,0
1514.76,0
1514.848,0
1514.936,0
1515.024,1
1515.113,1
1515.201,1
1515.289,1
1515.377,0
1515.465,1
1515.553,1
1515.642,1
1515.73,1
1515.818,0
1515.906,0
1515.994,1
1516.083,2
1516.171,3
1516.259,4
1516.347,5
1516.435,4
1516.524,3
1516.612,2
1516.7,0
1516.788,0
1516.876,1
1516.965,1
1517.053,4
1517.141,6
1517.229,10
1517.317,12
1517.406,16
1517.494,13
1517.582,7
1517.67,4
1517.759,0
1517.847,0
1517.935,0
1518.023,0
1518.112,0
1518.2,0
1518.288,0
1518.376,0
1518.465,0
1518.553,0
1518.641,0
1518.729,0
1518.818,0
1518.906,0
1518.994,1
1519.083,3
1519.171,5
1519.259,7
1519.347,8
1519.436,7
1519.524,6
1519.612,5
1519.701,1
1519.789,1
1519.877,1
1519.965,1
1520.054,0
1520.142,0
1520.23,0
1520.319,0
1520.407,0
1520.495,0
1520.584,0
1520.672,0
1520.76,0
1520.849,1
1520.937,2
1521.025,2
1521.114,2
1521.202,1
1521.29,0
1521.379,0
1521.467,0
1521.555,0
1521.644,0
1521.732,0
1521.82,0
1521.909,0
1521.997,0
1522.085,0
1522.174,0
1522.262,0
1522.351,0
1522.439,0
1522.527,2
1522.616,2
1522.704,2
1522.793,2
1522.881,0
1522.969,0
1523.058,0
1523.146,0
1523.234,0
1523.323,0
1523.411,0
1523.5,0
1523.588,0
1523.677,0
1523.765,0
1523.853,1
1523.942,2
1524.03,5
1524.119,7
1524.207,7
1524.296,8
1524.384,7
1524.472,5
1524.561,5
1524.649,4
1524.738,3
1524.826,0
1524.915,0
1525.003,0
1525.092,0
1525.18,0
1525.268,3
1525.357,3
1525.445,3
1525.534,3
1525.622,0
1525.711,0
1525.799,0
1525.888,0
1525.976,0
1526.065,0
1526.153,0
1526.242,0
1526.33,0
1526.419,0
1526.507,0
1526.596,0
1526.684,0
1526.773,0
1526.861,0
1526.95,0
1527.038,0
1527.127,0
1527.215,0
1527.304,0
1527.392,0
1527.481,0
1527.569,0
1527.658,0
1527.746,0
1527.835,0
1527.923,0
1528.012,0
1528.101,0
1528.189,0
1528.278,0
1528.366,0
1528.455,0
1528.543,0
1528.632,1
1528.72,1
1528.809,1
1528.898,2
1528.986,1
1529.075,2
1529.163,2
1529.252,1
1529.34,1
1529.429,0
1529.518,0
1529.606,0
1529.695,0
1529.783,0
1529.872,0
1529.961,0
1530.049,1
1530.138,2
1530.226,3
1530.315,5
1530.404,4
1530.492,3
1530.581,2
1530.669,2
1530.758,2
1530.847,2
1530.935,2
1531.024,0
1531.113,0
1531.201,0
1531.29,0
1531.379,0
1531.467,0
1531.556,1
1531.644,1
1531.733,1
1531.822,1
1531.91,0
1531.999,0
1532.088,0
1532.176,0
1532.265,0
1532.354,0
1532.442,0
1532.531,0
1532.62,0
1532.708,0
1532.797,1
1532.886,1
1532.974,1
1533.063,1
1533.152,0
1533.241,0
1533.329,0
1533.418,0
1533.507,1
1533.595,1
1533.684,1
1533.773,2
1533.862,1
1533.95,1
1534.039,1
1534.128,1
1534.216,1
1534.305,1
1534.394,2
1534.483,1
1534.571,2
1534.66,2
1534.749,1
1534.838,1
1534.926,0
1535.015,0
1535.104,1
1535.193,1
1535.281,1
1535.37,1
1535.459,0
1535.548,0
1535.636,0
1535.725,0
1535.814,0
1535.903,0
1535.991,0
1536.08,0
1536.169,0
1536.258,0
1536.347,0
1536.435,0
1536.524,0
1536.613,0
1536.702,0
1536.791,0
1536.879,0
1536.968,0
1537.057,0
1537.146,0
1537.235,0
1537.323,0
1537.412,0
1537.501,0
1537.59,0
1537.679,0
1537.768,1
1537.856,1
1537.945,3
1538.034,3
1538.123,4
1538.212,4
1538.301,2
1538.389,2
1538.478,1
1538.567,2
1538.656,2
1538.745,2
1538.834,1
1538.923,0
1539.011,0
1539.1,1
1539.189,1
1539.278,1
1539.367,2
1539.456,1
1539.545,1
1539.634,1
1539.722,1
1539.811,1
1539.9,1
1539.989,1
1540.078,1
1540.167,1
1540.256,1
1540.345,1
1540.434,1
1540.523,4
1540.611,4
1540.7,4
1540.789,3
1540.878,0
1540.967,0
1541.056,0
1541.145,2
1541.234,2
1541.323,2
1541.412,2
1541.501,0
1541.59,0
1541.679,0
1541.768,0
1541.857,0
1541.945,0
1542.034,0
1542.123,0
1542.212,0
1542.301,0
1542.39,0
1542.479,0
1542.568,3
1542.657,6
1542.746,9
1542.835,12
1542.924,16
1543.013,13
1543.102,10
1543.191,7
1543.28,1
1543.369,1
1543.458,1
1543.547,1
1543.636,1
1543.725,1
1543.814,1
1543.903,1
1543.992,1
1544.081,1
1544.17,1
1544.259,1
1544.348,0
1544.437,0
1544.526,1
1544.615,1
1544.704,1
1544.793,1
1544.882,1
1544.971,1
1545.06,1
1545.149,1
1545.239,0
1545.328,0
1545.417,0
1545.506,0
1545.595,0
1545.684,1
1545.773,1
1545.862,1
1545.951,1
1546.04,0
1546.129,0
1546.218,0
1546.307,0
1546.396,0
1546.485,0
1546.575,0
1546.664,0
1546.753,0
1546.842,0
1546.931,0
1547.02,0
1547.109,0
1547.198,0
1547.287,0
1547.376,0
1547.466,0
1547.555,0
1547.644,0
1547.733,0
1547.822,0
1547.911,0
1548.00,0
1548.089,1
1548.179,1
1548.268,1
1548.357,1
1548.446,1
1548.535,1
1548.624,1
1548.713,1
1548.803,0
1548.892,1
1548.981,1
1549.07,1
1549.159,2
1549.248,1
1549.338,1
1549.427,1
1549.516,0
1549.605,0
1549.694,0
1549.784,0
1549.873,0
1549.962,0
1550.051,0
1550.14,0
1550.229,0
1550.319,0
1550.408,0
1550.497,0
1550.586,0
1550.675,0
1550.765,0
1550.854,0
1550.943,0
1551.032,0
1551.122,0
1551.211,0
1551.3,0
1551.389,0
1551.478,0
1551.568,0
1551.657,0
1551.746,0
1551.835,0
1551.925,0
1552.014,1
1552.103,1
1552.192,1
1552.282,1
1552.371,1
1552.46,1
1552.549,1
1552.639,1
1552.728,0
1552.817,0
1552.907,1
1552.996,1
1553.085,1
1553.174,1
1553.264,0
1553.353,1
1553.442,1
1553.532,1
1553.621,1
1553.71,0
1553.799,0
1553.889,0
1553.978,0
1554.067,0
1554.157,0
1554.246,0
1554.335,0
1554.425,0
1554.514,1
1554.603,1
1554.693,1
1554.782,1
1554.871,0
1554.961,0
1555.05,0
1555.139,0
1555.229,1
1555.318,1
1555.407,1
1555.497,1
1555.586,2
1555.675,2
1555.765,2
1555.854,3
1555.943,1
1556.033,1
1556.122,1
1556.212,0
1556.301,0
1556.39,0
1556.48,1
1556.569,1
1556.658,1
1556.748,1
1556.837,0
1556.927,0
1557.016,0
1557.105,0
1557.195,2
1557.284,2
1557.374,2
1557.463,2
1557.552,1
1557.642,1
1557.731,1
1557.821,1
1557.91,2
1557.999,2
1558.089,2
1558.178,2
1558.268,0
1558.357,0
1558.447,0
1558.536,0
1558.626,0
1558.715,0
1558.804,0
1558.894,0
1558.983,0
1559.073,0
1559.162,0
1559.252,0
1559.341,0
1559.431,0
1559.52,0
1559.61,0
1559.699,0
1559.789,0
1559.878,0
1559.967,0
1560.057,0
1560.146,0
1560.236,0
1560.325,1
1560.415,1
1560.504,1
1560.594,3
1560.683,2
1560.773,2
1560.862,2
1560.952,3
1561.041,6
1561.131,6
1561.22,6
1561.31,3
1561.4,2
1561.489,3
1561.579,4
1561.668,6
1561.758,7
1561.847,6
1561.937,6
1562.026,5
1562.116,3
1562.205,6
1562.295,5
1562.384,4
1562.474,3
1562.564,1
1562.653,1
1562.743,2
1562.832,2
1562.922,5
1563.011,6
1563.101,5
1563.191,5
1563.28,4
1563.37,3
1563.459,3
1563.549,3
1563.638,0
1563.728,0
1563.818,0
1563.907,0
1563.997,0
1564.086,1
1564.176,1
1564.266,2
1564.355,2
1564.445,1
1564.534,2
1564.624,1
1564.714,1
1564.803,1
1564.893,1
1564.983,1
1565.072,1
1565.162,1
1565.251,0
1565.341,0
1565.431,0
1565.52,0
1565.61,0
1565.7,2
1565.789,2
1565.879,2
1565.969,2
1566.058,0
1566.148,1
1566.238,1
1566.327,1
1566.417,1
1566.507,0
1566.596,0
1566.686,0
1566.776,0
1566.865,0
1566.955,0
1567.045,1
1567.134,3
1567.224,6
1567.314,8
1567.404,12
1567.493,13
1567.583,10
1567.673,8
1567.762,4
1567.852,1
1567.942,1
1568.031,1
1568.121,0
1568.211,0
1568.301,0
1568.39,0
1568.48,1
1568.57,1
1568.66,1
1568.749,1
1568.839,0
1568.929,0
1569.019,0
1569.108,0
1569.198,0
1569.288,0
1569.378,0
1569.467,0
1569.557,1
1569.647,2
1569.737,3
1569.826,5
1569.916,5
1570.006,5
1570.096,5
1570.185,3
1570.275,3
1570.365,3
1570.455,3
1570.545,0
1570.634,0
1570.724,0
1570.814,1
1570.904,1
1570.994,1
1571.083,1
1571.173,0
1571.263,0
1571.353,0
1571.443,0
1571.532,0
1571.622,0
1571.712,0
1571.802,0
1571.892,0
1571.982,0
1572.071,0
1572.161,0
1572.251,0
1572.341,0
1572.431,0
1572.521,0
1572.61,0
1572.7,0
1572.79,0
1572.88,3
1572.97,3
1573.06,3
1573.15,4
1573.239,1
1573.329,1
1573.419,1
1573.509,2
1573.599,2
1573.689,2
1573.779,2
1573.869,0
1573.959,1
1574.048,1
1574.138,1
1574.228,1
1574.318,0
1574.408,0
1574.498,1
1574.588,1
1574.678,2
1574.768,4
1574.858,6
1574.947,8
1575.037,8
1575.127,6
1575.217,3
1575.307,1
1575.397,0
1575.487,0
1575.577,0
1575.667,0
1575.757,0
1575.847,0
1575.937,0
1576.027,0
1576.117,0
1576.207,0
1576.297,0
1576.387,1
1576.477,2
1576.566,3
1576.656,6
1576.746,6
1576.836,6
1576.926,6
1577.016,4
1577.106,2
1577.196,2
1577.286,2
1577.376,2
1577.466,0
1577.556,0
1577.646,0
1577.736,0
1577.826,1
1577.916,1
1578.006,1
1578.096,1
1578.186,0
1578.276,0
1578.366,0
1578.456,0
1578.546,0
1578.636,0
1578.726,0
1578.816,0
1578.906,0
1578.997,0
1579.087,0
1579.177,0
1579.267,0
1579.357,0
1579.447,0
1579.537,0
1579.627,0
1579.717,0
1579.807,0
1579.897,1
1579.987,1
1580.077,1
1580.167,1
1580.257,0
1580.347,1
1580.437,1
1580.528,1
1580.618,1
1580.708,0
1580.798,0
1580.888,1
1580.978,2
1581.068,3
1581.158,5
1581.248,4
1581.338,3
1581.428,2
1581.519,0
1581.609,0
1581.699,0
1581.789,0
1581.879,0
1581.969,0
1582.059,0
1582.149,0
1582.24,1
1582.33,2
1582.42,3
1582.51,5
1582.6,4
1582.69,4
1582.78,3
1582.871,1
1582.961,1
1583.051,0
1583.141,0
1583.231,1
1583.321,1
1583.411,1
1583.502,1
1583.592,0
1583.682,0
1583.772,0
1583.862,2
1583.953,2
1584.043,2
1584.133,2
1584.223,0
1584.313,0
1584.403,0
1584.494,1
1584.584,1
1584.674,1
1584.764,1
1584.854,0
1584.945,0
1585.035,1
1585.125,1
1585.215,1
1585.306,1
1585.396,0
1585.486,0
1585.576,0
1585.666,0
1585.757,0
1585.847,0
1585.937,1
1586.027,1
1586.118,1
1586.208,1
1586.298,0
1586.388,0
1586.479,0
1586.569,1
1586.659,1
1586.749,1
1586.84,1
1586.93,0
1587.02,0
1587.11,0
1587.201,0
1587.291,0
1587.381,0
1587.472,2
1587.562,2
1587.652,2
1587.742,2
1587.833,0
1587.923,1
1588.013,1
1588.104,1
1588.194,2
1588.284,1
1588.375,1
1588.465,1
1588.555,0
1588.645,0
1588.736,0
1588.826,0
1588.916,0
1589.007,0
1589.097,0
1589.187,0
1589.278,0
1589.368,0
1589.458,0
1589.549,0
1589.639,0
1589.729,0
1589.82,0
1589.91,1
1590.001,2
1590.091,3
1590.181,4
1590.272,4
1590.362,4
1590.452,4
1590.543,1
1590.633,1
1590.723,1
1590.814,1
1590.904,0
1590.995,0
1591.085,0
1591.175,0
1591.266,0
1591.356,1
1591.447,1
1591.537,1
1591.627,1
1591.718,0
1591.808,0
1591.899,0
1591.989,0
1592.079,0
1592.17,0
1592.26,0
1592.351,0
1592.441,1
1592.532,1
1592.622,1
1592.712,1
1592.803,0
1592.893,0
1592.984,0
1593.074,0
1593.165,0
1593.255,0
1593.346,0
1593.436,0
1593.526,0
1593.617,0
1593.707,0
1593.798,0
1593.888,3
1593.979,4
1594.069,5
1594.16,6
1594.25,9
1594.341,7
1594.431,5
1594.522,3
1594.612,0
1594.703,0
1594.793,0
1594.884,0
1594.974,1
1595.065,1
1595.155,1
1595.246,1
1595.336,0
1595.427,0
1595.517,2
1595.608,2
1595.698,2
1595.789,2
1595.879,1
1595.97,1
1596.06,2
1596.151,2
1596.241,1
1596.332,1
1596.422,0
1596.513,0
1596.604,0
1596.694,1
1596.785,1
1596.875,1
1596.966,1
1597.056,0
1597.147,0
1597.237,0
1597.328,0
1597.419,0
1597.509,0
1597.6,0
1597.69,2
1597.781,5
1597.871,8
1597.962,11
1598.053,15
1598.143,12
1598.234,9
1598.324,7
1598.415,3
1598.506,3
1598.596,3
1598.687,2
1598.777,0
1598.868,0
1598.959,0
1599.049,0
1599.14,0
1599.231,0
1599.321,1
1599.412,1
1599.502,1
1599.593,1
1599.684,4
1599.774,4
1599.865,4
1599.956,4
1600.046,2
