mz,abundance
700.026,10
700.086,12
700.145,10
700.205,8
700.265,6
700.324,5
700.384,7
700.443,5
700.503,5
700.562,7
700.622,6
700.682,7
700.741,7
700.801,4
700.86,6
700.92,7
700.98,8
701.039,12
701.099,10
701.158,10
701.218,11
701.278,9
701.337,11
701.397,11
701.457,10
701.516,11
701.576,13
701.635,15
701.695,16
701.755,16
701.814,11
701.874,11
701.934,10
701.993,9
702.053,11
702.112,9
702.172,9
702.232,7
702.291,8
702.351,8
702.411,8
702.47,9
702.53,10
702.59,9
702.649,7
702.709,6
702.769,5
702.828,5
702.888,6
702.948,9
703.008,11
703.067,8
703.127,8
703.187,4
703.246,6
703.306,9
703.366,10
703.425,12
703.485,9
703.545,9
703.605,8
703.664,7
703.724,6
703.784,4
703.843,5
703.903,4
703.963,3
704.023,7
704.082,5
704.142,5
704.202,6
704.262,8
704.321,8
704.381,10
704.441,13
704.5,13
704.56,13
704.62,13
704.68,12
704.74,10
704.799,10
704.859,5
704.919,6
704.979,7
705.038,9
705.098,11
705.158,9
705.218,8
705.277,7
705.337,3
705.397,2
705.457,4
705.517,4
705.576,4
705.636,6
705.696,9
705.756,9
705.816,7
705.875,9
705.935,9
705.995,10
706.055,12
706.115,13
706.175,13
706.234,11
706.294,9
706.354,5
706.414,8
706.474,8
706.534,11
706.593,10
706.653,6
706.713,7
706.773,4
706.833,3
706.893,4
706.952,3
707.012,4
707.072,7
707.132,5
707.192,6
707.252,6
707.312,4
707.372,4
707.431,6
707.491,7
707.551,8
707.611,9
707.671,9
707.731,7
707.791,5
707.851,7
707.91,5
707.97,4
708.03,6
708.09,6
708.15,6
708.21,11
708.27,14
708.33,17
708.39,17
708.45,13
708.51,13
708.57,13
708.629,16
708.689,16
708.749,13
708.809,14
708.869,12
708.929,12
708.989,11
709.049,11
709.109,9
709.169,7
709.229,8
709.289,9
709.349,8
709.409,9
709.469,11
709.529,8
709.589,10
709.649,10
709.709,10
709.769,10
709.829,9
709.888,10
709.948,9
710.008,9
710.068,9
710.128,11
710.188,7
710.248,8
710.308,9
710.368,5
710.428,7
710.488,4
710.548,2
710.608,2
710.668,4
710.728,6
710.789,6
710.849,8
710.909,6
710.969,5
711.029,7
711.089,8
711.149,7
711.209,9
711.269,10
711.329,9
711.389,9
711.449,9
711.509,6
711.569,5
711.629,9
711.689,8
711.749,9
711.809,11
711.869,9
711.929,11
711.989,11
712.05,10
712.11,10
712.17,8
712.23,9
712.29,10
712.35,9
712.41,8
712.47,8
712.53,7
712.59,7
712.65,9
712.71,7
712.771,6
712.831,5
712.891,5
712.951,5
713.011,4
713.071,5
713.131,7
713.191,7
713.252,8
713.312,7
713.372,5
713.432,5
713.492,4
713.552,6
713.612,4
713.672,9
713.733,12
713.793,12
713.853,13
713.913,10
713.973,8
714.033,6
714.094,11
714.154,10
714.214,11
714.274,11
714.334,8
714.394,7
714.455,8
714.515,9
714.575,6
714.635,7
714.695,6
714.755,7
714.816,8
714.876,8
714.936,6
714.996,5
715.056,4
715.117,3
715.177,5
715.237,4
715.297,7
715.357,7
715.418,7
715.478,8
715.538,4
715.598,4
715.659,4
715.719,4
715.779,7
715.839,9
715.9,12
715.96,14
716.02,12
716.08,12
716.14,10
716.201,9
716.261,11
716.321,7
716.382,5
716.442,4
716.502,4
716.562,4
716.623,7
716.683,7
716.743,7
716.803,6
716.864,6
716.924,6
716.984,7
717.045,8
717.105,6
717.165,6
717.225,4
717.286,6
717.346,13
717.406,15
717.467,15
717.527,12
717.587,5
717.648,4
717.708,4
717.768,4
717.828,4
717.889,6
717.949,7
718.009,7
718.07,7
718.13,5
718.19,4
718.251,6
718.311,8
718.371,9
718.432,8
718.492,6
718.553,5
718.613,4
718.673,5
718.734,5
718.794,4
718.854,5
718.915,7
718.975,7
719.035,9
719.096,8
719.156,6
719.217,7
719.277,8
719.337,6
719.398,8
719.458,10
719.518,12
719.579,16
719.639,14
719.7,13
719.76,13
719.82,11
719.881,16
719.941,15
720.002,12
720.062,12
720.123,14
720.183,16
720.243,14
720.304,12
720.364,12
720.425,10
720.485,9
720.545,10
720.606,9
720.666,8
720.727,9
720.787,8
720.848,6
720.908,5
720.969,10
721.029,10
721.09,9
721.15,9
721.21,5
721.271,5
721.331,8
721.392,10
721.452,10
721.513,10
721.573,9
721.634,8
721.694,5
721.755,4
721.815,2
721.876,2
721.936,4
721.997,5
722.057,5
722.118,4
722.178,3
722.239,5
722.299,9
722.36,9
722.42,12
722.481,10
722.541,10
722.602,11
722.662,10
722.723,13
722.783,12
722.844,12
722.904,11
722.965,8
723.026,5
723.086,5
723.147,5
723.207,6
723.268,6
723.328,6
723.389,5
723.449,6
723.51,5
723.571,5
723.631,6
723.692,7
723.752,13
723.813,14
723.873,14
723.934,11
723.995,9
724.055,8
724.116,7
724.176,6
724.237,4
724.297,3
724.358,3
724.419,7
724.479,6
724.54,7
724.6,10
724.661,8
724.722,9
724.782,8
724.843,6
724.904,6
724.964,6
725.025,6
725.085,8
725.146,8
725.207,11
725.267,12
725.328,8
725.389,8
725.449,6
725.51,5
725.571,5
725.631,4
725.692,5
725.752,6
725.813,7
725.874,7
725.934,3
725.995,3
726.056,3
726.116,2
726.177,5
726.238,5
726.299,6
726.359,8
726.42,6
726.481,7
726.541,7
726.602,6
726.663,5
726.723,5
726.784,6
726.845,7
726.905,11
726.966,9
727.027,9
727.088,9
727.148,8
727.209,8
727.27,5
727.33,7
727.391,9
727.452,12
727.513,14
727.573,12
727.634,12
727.695,12
727.756,12
727.816,14
727.877,12
727.938,9
727.999,8
728.059,7
728.12,8
728.181,9
728.242,9
728.302,8
728.363,8
728.424,8
728.485,10
728.545,10
728.606,7
728.667,8
728.728,8
728.789,12
728.849,15
728.91,13
728.971,11
729.032,7
729.093,4
729.153,4
729.214,4
729.275,2
729.336,4
729.397,4
729.457,4
729.518,4
729.579,3
729.64,5
729.701,5
729.761,8
729.822,6
729.883,6
729.944,9
730.005,11
730.066,13
730.126,12
730.187,11
730.248,7
730.309,10
730.37,10
730.431,11
730.492,12
730.552,9
730.613,9
730.674,7
730.735,7
730.796,4
730.857,5
730.918,6
730.978,7
731.039,8
731.1,8
731.161,9
731.222,9
731.283,7
731.344,7
731.405,6
731.466,6
731.526,6
731.587,5
731.648,3
731.709,2
731.77,3
731.831,4
731.892,5
731.953,4
732.014,3
732.075,2
732.136,4
732.197,6
732.257,7
732.318,8
732.379,8
732.44,9
732.501,11
732.562,11
732.623,10
732.684,11
732.745,11
732.806,11
732.867,10
732.928,6
732.989,6
733.05,5
733.111,5
733.172,5
733.233,3
733.294,4
733.355,4
733.416,5
733.477,5
733.538,4
733.599,7
733.66,11
733.721,11
733.782,13
733.843,10
733.904,6
733.965,7
734.026,6
734.087,8
734.148,9
734.209,11
734.27,10
734.331,10
734.392,9
734.453,8
734.514,8
734.575,6
734.636,5
734.697,3
734.758,4
734.819,5
734.88,9
734.941,8
735.002,8
735.063,13
735.124,16
735.185,20
735.246,21
735.307,16
735.368,11
735.429,7
735.49,8
735.552,11
735.613,12
735.674,9
735.735,10
735.796,10
735.857,10
735.918,15
735.979,13
736.04,16
736.101,15
736.162,13
736.223,15
736.285,12
736.346,13
736.407,14
736.468,13
736.529,9
736.59,7
736.651,4
736.712,3
736.773,4
736.835,4
736.896,10
736.957,10
737.018,10
737.079,11
737.14,12
737.201,12
737.262,17
737.324,23
737.385,20
737.446,22
737.507,21
737.568,16
737.629,15
737.691,14
737.752,12
737.813,10
737.874,6
737.935,6
737.996,5
738.058,9
738.119,14
738.18,15
738.241,15
738.302,16
738.363,17
738.425,15
738.486,17
738.547,16
738.608,17
738.669,17
738.731,17
738.792,15
738.853,13
738.914,15
738.975,13
739.037,16
739.098,19
739.159,19
739.22,22
739.282,23
739.343,24
739.404,22
739.465,19
739.526,15
739.588,12
739.649,11
739.71,11
739.771,13
739.833,11
739.894,10
739.955,8
740.016,5
740.078,6
740.139,7
740.2,10
740.262,10
740.323,9
740.384,9
740.445,7
740.507,7
740.568,8
740.629,8
740.69,7
740.752,9
740.813,7
740.874,6
740.936,6
740.997,8
741.058,10
741.12,12
741.181,12
741.242,9
741.303,11
741.365,12
741.426,13
741.487,12
741.549,15
741.61,12
741.671,12
741.733,12
741.794,11
741.855,12
741.917,11
741.978,10
742.039,10
742.101,9
742.162,8
742.223,11
742.285,5
742.346,7
742.407,7
742.469,4
742.53,9
742.592,7
742.653,6
742.714,6
742.776,3
742.837,3
742.898,6
742.96,6
743.021,9
743.083,8
743.144,8
743.205,9
743.267,11
743.328,13
743.39,13
743.451,14
743.512,14
743.574,13
743.635,10
743.697,10
743.758,6
743.819,7
743.881,5
743.942,7
744.004,9
744.065,8
744.126,10
744.188,9
744.249,7
744.311,8
744.372,6
744.434,3
744.495,6
744.557,5
744.618,8
744.679,9
744.741,7
744.802,7
744.864,4
744.925,4
744.987,4
745.048,6
745.11,7
745.171,9
745.233,10
745.294,11
745.356,14
745.417,13
745.479,16
745.54,14
745.602,13
745.663,14
745.725,11
745.786,12
745.848,9
745.909,7
745.971,7
746.032,6
746.094,7
746.155,8
746.217,8
746.278,8
746.34,8
746.401,10
746.463,11
746.524,12
746.586,10
746.647,5
746.709,6
746.77,4
746.832,4
746.893,6
746.955,8
747.016,8
747.078,9
747.14,10
747.201,8
747.263,8
747.324,8
747.386,5
747.447,6
747.509,8
747.571,7
747.632,9
747.694,6
747.755,5
747.817,8
747.878,8
747.94,7
748.002,6
748.063,6
748.125,5
748.186,7
748.248,8
748.31,6
748.371,9
748.433,6
748.494,5
748.556,5
748.618,4
748.679,7
748.741,9
748.803,9
748.864,11
748.926,10
748.987,9
749.049,10
749.111,9
749.172,13
749.234,14
749.296,16
749.357,16
749.419,18
749.481,19
749.542,15
749.604,12
749.666,9
749.727,6
749.789,7
749.851,8
749.912,6
749.974,8
750.036,7
750.097,9
750.159,9
750.221,11
750.282,13
750.344,15
750.406,18
750.467,14
750.529,13
750.591,8
750.652,8
750.714,9
750.776,9
750.838,10
750.899,6
750.961,5
751.023,6
751.084,5
751.146,7
751.208,8
751.27,7
751.331,9
751.393,7
751.455,7
751.516,10
751.578,10
751.64,10
751.702,10
751.763,7
751.825,9
751.887,9
751.949,10
752.01,10
752.072,6
752.134,6
752.196,6
752.258,7
752.319,10
752.381,11
752.443,11
752.505,10
752.566,7
752.628,7
752.69,6
752.752,10
752.814,12
752.875,10
752.937,10
752.999,8
753.061,7
753.123,9
753.184,10
753.246,7
753.308,8
753.37,8
753.432,8
753.493,8
753.555,5
753.617,3
753.679,3
753.741,4
753.803,8
753.864,8
753.926,6
753.988,9
754.05,8
754.112,9
754.174,11
754.235,9
754.297,9
754.359,8
754.421,11
754.483,12
754.545,10
754.607,12
754.668,7
754.73,4
754.792,4
754.854,3
754.916,3
754.978,3
755.04,5
755.102,6
755.163,8
755.225,12
755.287,10
755.349,9
755.411,8
755.473,6
755.535,8
755.597,8
755.659,8
755.721,8
755.783,11
755.844,10
755.906,9
755.968,8
756.03,4
756.092,4
756.154,7
756.216,7
756.278,7
756.34,8
756.402,5
756.464,6
756.526,6
756.588,7
756.65,7
756.712,8
756.773,10
756.835,7
756.897,8
756.959,6
757.021,6
757.083,8
757.145,8
757.207,9
757.269,5
757.331,6
757.393,6
757.455,5
757.517,5
757.579,7
757.641,7
757.703,9
757.765,13
757.827,8
757.889,8
757.951,5
758.013,5
758.075,8
758.137,8
758.199,8
758.261,6
758.323,6
758.385,6
758.447,7
758.509,6
758.571,6
758.633,5
758.695,4
758.757,6
758.819,4
758.881,4
758.943,5
759.006,5
759.068,5
759.13,5
759.192,5
759.254,5
759.316,5
759.378,5
759.44,9
759.502,8
759.564,9
759.626,11
759.688,8
759.75,11
759.812,11
759.874,10
759.937,9
759.999,6
760.061,9
760.123,8
760.185,8
760.247,9
760.309,5
760.371,6
760.433,8
760.495,7
760.558,6
760.62,6
760.682,3
760.744,7
760.806,14
760.868,13
760.93,14
760.992,10
761.055,7
761.117,7
761.179,7
761.241,6
761.303,4
761.365,4
761.427,5
761.49,6
761.552,6
761.614,8
761.676,13
761.738,17
761.8,21
761.862,20
761.925,16
761.987,16
762.049,15
762.111,17
762.173,18
762.236,14
762.298,10
762.36,9
762.422,9
762.484,9
762.546,7
762.609,6
762.671,4
762.733,4
762.795,5
762.857,5
762.92,5
762.982,9
763.044,7
763.106,7
763.169,9
763.231,7
763.293,7
763.355,8
763.417,8
763.48,9
763.542,8
763.604,9
763.666,7
763.729,3
763.791,7
763.853,6
763.915,6
763.978,6
764.04,5
764.102,4
764.164,4
764.227,8
764.289,11
764.351,12
764.413,13
764.476,10
764.538,9
764.6,11
764.663,12
764.725,18
764.787,16
764.849,15
764.912,14
764.974,9
765.036,9
765.099,8
765.161,6
765.223,4
765.286,3
765.348,2
765.41,6
765.472,9
765.535,8
765.597,9
765.659,5
765.722,10
765.784,10
765.846,9
765.909,11
765.971,7
766.033,8
766.096,8
766.158,8
766.22,4
766.283,4
766.345,5
766.407,4
766.47,6
766.532,8
766.595,7
766.657,8
766.719,11
766.782,10
766.844,10
766.906,11
766.969,10
767.031,9
767.094,10
767.156,8
767.218,8
767.281,7
767.343,8
767.405,8
767.468,5
767.53,10
767.593,8
767.655,8
767.717,9
767.78,10
767.842,10
767.905,10
767.967,12
768.03,10
768.092,11
768.154,12
768.217,10
768.279,7
768.342,8
768.404,10
768.467,11
768.529,11
768.591,10
768.654,8
768.716,8
768.779,8
768.841,7
768.904,5
768.966,5
769.029,6
769.091,8
769.154,10
769.216,8
769.278,7
769.341,5
769.403,3
769.466,5
769.528,4
769.591,4
769.653,5
769.716,4
769.778,6
769.841,9
769.903,11
769.966,12
770.028,11
770.091,8
770.153,7
770.216,5
770.278,5
770.341,6
770.403,7
770.466,6
770.528,4
770.591,3
770.654,1
770.716,4
770.779,5
770.841,6
770.904,5
770.966,4
771.029,4
771.091,5
771.154,6
771.216,8
771.279,8
771.341,6
771.404,7
771.467,5
771.529,7
771.592,9
771.654,7
771.717,6
771.779,6
771.842,5
771.905,6
771.967,12
772.03,14
772.092,14
772.155,15
772.218,9
772.28,7
772.343,6
772.405,4
772.468,5
772.531,6
772.593,8
772.656,10
772.718,14
772.781,14
772.844,14
772.906,14
772.969,8
773.031,9
773.094,9
773.157,6
773.219,8
773.282,6
773.345,3
773.407,7
773.47,5
773.533,5
773.595,6
773.658,4
773.721,6
773.783,9
773.846,9
773.908,8
773.971,7
774.034,6
774.096,7
774.159,8
774.222,7
774.284,9
774.347,7
774.41,7
774.473,10
774.535,8
774.598,8
774.661,6
774.723,4
774.786,3
774.849,4
774.911,6
774.974,7
775.037,9
775.1,9
775.162,8
775.225,9
775.288,9
775.35,9
775.413,10
775.476,8
775.539,7
775.601,6
775.664,5
775.727,8
775.79,9
775.852,10
775.915,10
775.978,8
776.04,7
776.103,8
776.166,8
776.229,7
776.292,8
776.354,8
776.417,8
776.48,10
776.543,10
776.605,11
776.668,13
776.731,12
776.794,11
776.856,8
776.919,7
776.982,6
777.045,8
777.108,8
777.17,7
777.233,5
777.296,2
777.359,4
777.422,4
777.484,7
777.547,9
777.61,7
777.673,7
777.736,5
777.798,3
777.861,4
777.924,8
777.987,12
778.05,15
778.113,15
778.175,11
778.238,11
778.301,9
778.364,9
778.427,9
778.49,7
778.553,7
778.615,7
778.678,8
778.741,8
778.804,7
778.867,9
778.93,8
778.993,9
779.055,10
779.118,8
779.181,10
779.244,8
779.307,7
779.37,6
779.433,6
779.496,7
779.559,9
779.621,9
779.684,8
779.747,7
779.81,6
779.873,6
779.936,7
779.999,10
780.062,10
780.125,11
780.188,10
780.25,7
780.313,6
780.376,8
780.439,7
780.502,9
780.565,11
780.628,8
780.691,9
780.754,5
780.817,3
780.88,4
780.943,6
781.006,8
781.069,12
781.132,12
781.195,10
781.258,12
781.321,12
781.384,12
781.446,14
781.509,13
781.572,9
781.635,10
781.698,9
781.761,10
781.824,6
781.887,6
781.95,7
782.013,5
782.076,6
782.139,5
782.202,8
782.265,9
782.328,15
782.391,15
782.454,12
782.517,17
782.58,12
782.643,14
782.706,12
782.769,6
782.832,7
782.895,8
782.959,9
783.022,12
783.085,14
783.148,13
783.211,14
783.274,13
783.337,11
783.4,11
783.463,11
783.526,11
783.589,10
783.652,10
783.715,11
783.778,12
783.841,7
783.904,8
783.967,6
784.03,7
784.094,11
784.157,12
784.22,14
784.283,11
784.346,12
784.409,13
784.472,13
784.535,16
784.598,17
784.661,14
784.724,16
784.788,15
784.851,11
784.914,12
784.977,10
785.04,8
785.103,3
785.166,2
785.229,1
785.292,2
785.356,6
785.419,8
785.482,11
785.545,12
785.608,8
785.671,6
785.734,6
785.798,9
785.861,10
785.924,10
785.987,6
786.05,2
786.113,3
786.177,3
786.24,4
786.303,7
786.366,8
786.429,10
786.492,10
786.556,8
786.619,7
786.682,7
786.745,7
786.808,7
786.871,6
786.935,5
786.998,6
787.061,6
787.124,5
787.187,6
787.251,10
787.314,11
787.377,9
787.44,8
787.504,4
787.567,3
787.63,6
787.693,6
787.756,8
787.82,10
787.883,13
787.946,12
788.009,9
788.073,6
788.136,5
788.199,6
788.262,6
788.326,8
788.389,9
788.452,8
788.515,8
788.579,7
788.642,6
788.705,7
788.768,8
788.832,8
788.895,8
788.958,7
789.021,6
789.085,5
789.148,4
789.211,4
789.275,3
789.338,3
789.401,3
789.464,4
789.528,8
789.591,12
789.654,11
789.718,10
789.781,10
789.844,6
789.908,5
789.971,6
790.034,3
790.098,3
790.161,7
790.224,8
790.288,8
790.351,8
790.414,7
790.478,5
790.541,4
790.604,7
790.668,6
790.731,7
790.794,7
790.858,5
790.921,7
790.984,8
791.048,11
791.111,13
791.174,11
791.238,9
791.301,8
791.365,7
791.428,9
791.491,9
791.555,8
791.618,7
791.681,4
791.745,6
791.808,8
791.872,7
791.935,8
791.998,7
792.062,7
792.125,11
792.189,11
792.252,12
792.315,11
792.379,8
792.442,8
792.506,7
792.569,9
792.633,8
792.696,12
792.759,13
792.823,10
792.886,13
792.95,13
793.013,13
793.077,12
793.14,10
793.204,4
793.267,3
793.33,6
793.394,9
793.457,10
793.521,9
793.584,8
793.648,4
793.711,3
793.775,4
793.838,3
793.902,5
793.965,8
794.029,7
794.092,6
794.156,4
794.219,3
794.283,5
794.346,6
794.41,6
794.473,6
794.537,5
794.6,4
794.664,4
794.727,3
794.791,4
794.854,4
794.918,5
794.981,5
795.045,3
795.108,7
795.172,8
795.235,10
795.299,10
795.362,6
795.426,6
795.489,7
795.553,8
795.616,13
795.68,11
795.744,10
795.807,11
795.871,10
795.934,12
795.998,14
796.061,13
796.125,12
796.188,10
796.252,9
796.316,10
796.379,8
796.443,10
796.506,7
796.57,8
796.634,9
796.697,10
796.761,13
796.824,13
796.888,13
796.951,11
797.015,10
797.079,8
797.142,8
797.206,9
797.27,6
797.333,5
797.397,4
797.46,4
797.524,5
797.588,7
797.651,8
797.715,9
797.779,10
797.842,10
797.906,12
797.969,9
798.033,10
798.097,9
798.16,5
798.224,5
798.288,7
798.351,8
798.415,8
798.479,10
798.542,8
798.606,7
798.67,8
798.733,7
798.797,4
798.861,4
798.924,6
798.988,9
799.052,12
799.115,13
799.179,11
799.243,9
799.306,11
799.37,12
799.434,12
799.498,10
799.561,9
799.625,8
799.689,10
799.752,11
799.816,8
799.88,6
799.944,5
800.007,4
800.071,3
800.135,3
800.198,4
800.262,6
800.326,10
800.39,11
800.453,9
800.517,8
800.581,6
800.645,6
800.708,8
800.772,9
800.836,11
800.9,11
800.963,11
801.027,12
801.091,8
801.155,7
801.218,6
801.282,5
801.346,5
801.41,6
801.474,8
801.537,8
801.601,10
801.665,10
801.729,8
801.793,5
801.856,5
801.92,7
801.984,8
802.048,9
802.112,12
802.175,10
802.239,7
802.303,8
802.367,4
802.431,5
802.494,7
802.558,7
802.622,8
802.686,6
802.75,6
802.814,8
802.877,7
802.941,10
803.005,9
803.069,6
803.133,6
803.197,5
803.261,5
803.324,4
803.388,5
803.452,4
803.516,4
803.58,8
803.644,8
803.708,7
803.771,9
803.835,7
803.899,7
803.963,8
804.027,9
804.091,9
804.155,8
804.219,9
804.283,7
804.346,6
804.41,6
804.474,5
804.538,5
804.602,6
804.666,7
804.73,6
804.794,4
804.858,4
804.922,5
804.986,5
805.05,7
805.113,8
805.177,8
805.241,9
805.305,10
805.369,8
805.433,8
805.497,9
805.561,8
805.625,8
805.689,8
805.753,8
805.817,7
805.881,9
805.945,12
806.009,10
806.073,9
806.137,9
806.201,6
806.265,6
806.329,6
806.393,4
806.457,5
806.521,6
806.585,10
806.648,10
806.712,6
806.776,8
806.84,9
806.904,11
806.968,13
807.032,13
807.096,15
807.161,13
807.225,13
807.289,12
807.353,8
807.417,8
807.481,9
807.545,7
807.609,5
807.673,5
807.737,4
807.801,7
807.865,6
807.929,6
807.993,6
808.057,4
808.121,7
808.185,8
808.249,7
808.313,7
808.377,8
808.441,9
808.505,9
808.569,8
808.633,6
808.698,5
808.762,6
808.826,6
808.89,6
808.954,6
809.018,5
809.082,7
809.146,6
809.21,6
809.274,6
809.338,5
809.403,5
809.467,5
809.531,6
809.595,6
809.659,8
809.723,12
809.787,12
809.851,11
809.915,12
809.98,7
810.044,6
810.108,7
810.172,6
810.236,7
810.3,11
810.364,13
810.428,12
810.493,14
810.557,13
810.621,11
810.685,9
810.749,9
810.813,10
810.878,12
810.942,13
811.006,11
811.07,10
811.134,10
811.198,11
811.263,11
811.327,10
811.391,8
811.455,4
811.519,5
811.583,4
811.648,4
811.712,4
811.776,4
811.84,5
811.904,5
811.969,5
812.033,6
812.097,8
812.161,8
812.225,8
812.29,8
812.354,8
812.418,7
812.482,8
812.547,6
812.611,5
812.675,5
812.739,2
812.804,4
812.868,5
812.932,6
812.996,9
813.061,6
813.125,6
813.189,6
813.253,4
813.318,7
813.382,7
813.446,8
813.51,8
813.575,7
813.639,12
813.703,10
813.767,9
813.832,9
813.896,4
813.96,7
814.025,8
814.089,6
814.153,6
814.217,4
814.282,3
814.346,6
814.41,6
814.475,5
814.539,7
814.603,7
814.668,8
814.732,9
814.796,8
814.86,5
814.925,5
814.989,6
815.053,6
815.118,10
815.182,13
815.246,14
815.311,14
815.375,13
815.439,13
815.504,12
815.568,13
815.633,12
815.697,8
815.761,7
815.826,7
815.89,5
815.954,4
816.019,7
816.083,8
816.147,8
816.212,5
816.276,3
816.341,5
816.405,8
816.469,8
816.534,8
816.598,7
816.662,5
816.727,8
816.791,9
816.856,8
816.92,9
816.984,7
817.049,6
817.113,6
817.178,5
817.242,6
817.307,7
817.371,6
817.435,6
817.5,4
817.564,2
817.629,1
817.693,3
817.758,4
817.822,5
817.886,7
817.951,9
818.015,11
818.08,11
818.144,10
818.209,7
818.273,9
818.338,7
818.402,10
818.466,8
818.531,7
818.595,8
818.66,4
818.724,4
818.789,5
818.853,6
818.918,7
818.982,8
819.047,10
819.111,11
819.176,10
819.24,14
819.305,10
819.369,10
819.434,10
819.498,8
819.563,11
819.627,8
819.692,8
819.756,7
819.821,7
819.885,8
819.95,10
820.014,9
820.079,7
820.143,7
820.208,8
820.273,10
820.337,12
820.402,11
820.466,12
820.531,10
820.595,11
820.66,13
820.724,11
820.789,12
820.853,9
820.918,7
820.983,4
821.047,1
821.112,1
821.176,2
821.241,3
821.305,3
821.37,2
821.435,1
821.499,0
821.564,5
821.628,7
821.693,9
821.758,13
821.822,10
821.887,9
821.951,9
822.016,6
822.081,7
822.145,5
822.21,5
822.274,7
822.339,5
822.404,6
822.468,7
822.533,7
822.598,10
822.662,9
822.727,9
822.791,9
822.856,9
822.921,10
822.985,8
823.05,7
823.115,7
823.179,8
823.244,10
823.309,10
823.373,11
823.438,12
823.503,10
823.567,9
823.632,8
823.697,6
823.761,7
823.826,8
823.891,9
823.955,6
824.02,6
824.085,6
824.149,2
824.214,2
824.279,1
824.343,3
824.408,7
824.473,8
824.538,10
824.602,12
824.667,12
824.732,17
824.796,15
824.861,11
824.926,7
824.991,6
825.055,6
825.12,5
825.185,8
825.249,4
825.314,4
825.379,7
825.444,8
825.508,9
825.573,9
825.638,8
825.703,8
825.767,6
825.832,6
825.897,4
825.962,3
826.027,4
826.091,4
826.156,4
826.221,2
826.286,4
826.35,5
826.415,8
826.48,7
826.545,5
826.61,4
826.674,1
826.739,2
826.804,4
826.869,4
826.933,6
826.998,8
827.063,5
827.128,7
827.193,9
827.258,7
827.322,7
827.387,7
827.452,4
827.517,4
827.582,8
827.646,6
827.711,7
827.776,8
827.841,6
827.906,6
827.971,7
828.035,8
828.1,6
828.165,8
828.23,5
828.295,5
828.36,5
828.425,5
828.489,8
828.554,6
828.619,8
828.684,8
828.749,6
828.814,5
828.879,7
828.944,5
829.008,7
829.073,8
829.138,6
829.203,7
829.268,5
829.333,8
829.398,8
829.463,8
829.528,8
829.593,8
829.657,8
829.722,9
829.787,9
829.852,7
829.917,6
829.982,5
830.047,6
830.112,7
830.177,11
830.242,10
830.307,10
830.372,8
830.437,9
830.501,9
830.566,9
830.631,12
830.696,8
830.761,8
830.826,8
830.891,8
830.956,6
831.021,7
831.086,8
831.151,6
831.216,6
831.281,6
831.346,4
831.411,2
831.476,2
831.541,2
831.606,4
831.671,5
831.736,5
831.801,4
831.866,2
831.931,4
831.996,8
832.061,10
832.126,11
832.191,13
832.256,9
832.321,8
832.386,9
832.451,8
832.516,9
832.581,9
832.646,11
832.711,9
832.776,10
832.841,10
832.906,6
832.971,6
833.036,6
833.101,5
833.166,5
833.231,6
833.296,5
833.361,6
833.427,8
833.492,6
833.557,9
833.622,12
833.687,10
833.752,9
833.817,6
833.882,7
833.947,6
834.012,9
834.077,8
834.142,8
834.207,11
834.273,8
834.338,8
834.403,6
834.468,4
834.533,9
834.598,14
834.663,14
834.728,13
834.793,11
834.858,6
834.924,7
834.989,6
835.054,4
835.119,5
835.184,4
835.249,5
835.314,5
835.379,6
835.445,6
835.51,7
835.575,5
835.64,4
835.705,4
835.77,4
835.836,7
835.901,7
835.966,8
836.031,8
836.096,9
836.161,9
836.226,10
836.292,11
836.357,12
836.422,13
836.487,13
836.552,15
836.618,13
836.683,11
836.748,12
836.813,11
836.878,12
836.944,19
837.009,18
837.074,16
837.139,15
837.204,13
837.27,11
837.335,10
837.4,8
837.465,7
837.53,7
837.596,6
837.661,9
837.726,5
837.791,7
837.857,9
837.922,7
837.987,6
838.052,9
838.118,14
838.183,16
838.248,18
838.313,16
838.379,10
838.444,7
838.509,5
838.574,3
838.64,4
838.705,6
838.77,5
838.835,5
838.901,5
838.966,5
839.031,4
839.096,5
839.162,8
839.227,10
839.292,9
839.358,10
839.423,9
839.488,7
839.554,11
839.619,10
839.684,11
839.749,10
839.815,10
839.88,10
839.945,6
840.011,6
840.076,3
840.141,2
840.207,2
840.272,4
840.337,6
840.403,7
840.468,11
840.533,11
840.599,13
840.664,14
840.729,13
840.795,12
840.86,10
840.925,10
840.991,7
841.056,6
841.121,4
841.187,3
841.252,4
841.318,4
841.383,8
841.448,8
841.514,7
841.579,8
841.644,3
841.71,3
841.775,7
841.841,8
841.906,8
841.971,8
842.037,5
842.102,5
842.168,6
842.233,8
842.298,10
842.364,9
842.429,9
842.495,8
842.56,6
842.626,4
842.691,5
842.756,3
842.822,4
842.887,6
842.953,5
843.018,5
843.084,6
843.149,5
843.214,5
843.28,6
843.345,5
843.411,7
843.476,8
843.542,9
843.607,8
843.673,6
843.738,4
843.804,2
843.869,2
843.934,2
844.00,6
844.065,7
844.131,6
844.196,5
844.262,4
844.327,4
844.393,7
844.458,9
844.524,8
844.589,8
844.655,9
844.72,10
844.786,11
844.851,12
844.917,9
844.982,9
845.048,8
845.113,6
845.179,7
845.244,5
845.31,7
845.376,8
845.441,7
845.507,10
845.572,8
845.638,9
845.703,10
845.769,9
845.834,10
845.9,9
845.965,9
846.031,8
846.097,5
846.162,6
846.228,5
846.293,4
846.359,10
846.424,8
846.49,9
846.556,10
846.621,6
846.687,7
846.752,5
846.818,4
846.883,7
846.949,6
847.015,8
847.08,8
847.146,7
847.211,11
847.277,13
847.343,18
847.408,16
847.474,14
847.539,15
847.605,14
847.671,15
847.736,13
847.802,12
847.868,8
847.933,8
847.999,7
848.064,7
848.13,5
848.196,4
848.261,4
848.327,2
848.393,2
848.458,5
848.524,5
848.59,6
848.655,9
848.721,8
848.787,10
848.852,9
848.918,8
848.984,8
849.049,6
849.115,8
849.181,9
849.246,7
849.312,8
849.378,7
849.443,8
849.509,10
849.575,8
849.64,7
849.706,3
849.772,3
849.838,3
849.903,3
849.969,3
850.035,3
850.1,4
850.166,8
850.232,10
850.298,10
850.363,9
850.429,6
850.495,5
850.56,4
850.626,4
850.692,8
850.758,6
850.823,7
850.889,8
850.955,4
851.021,7
851.086,6
851.152,7
851.218,6
851.284,8
851.349,8
851.415,6
851.481,8
851.547,8
851.613,8
851.678,10
851.744,10
851.81,6
851.876,8
851.941,7
852.007,5
852.073,5
852.139,6
852.205,5
852.27,8
852.336,7
852.402,4
852.468,5
852.534,3
852.599,9
852.665,11
852.731,10
852.797,10
852.863,11
852.929,11
852.994,14
853.06,13
853.126,12
853.192,11
853.258,9
853.324,10
853.389,5
853.455,5
853.521,4
853.587,5
853.653,6
853.719,8
853.785,9
853.85,8
853.916,10
853.982,10
854.048,10
854.114,11
854.18,11
854.246,9
854.312,8
854.377,6
854.443,4
854.509,3
854.575,5
854.641,6
854.707,6
854.773,8
854.839,7
854.905,6
854.97,5
855.036,5
855.102,6
855.168,7
855.234,11
855.3,8
855.366,6
855.432,7
855.498,6
855.564,8
855.63,10
855.696,12
855.762,14
855.827,17
855.893,18
855.959,20
856.025,16
856.091,11
856.157,9
856.223,4
856.289,3
856.355,6
856.421,6
856.487,6
856.553,10
856.619,9
856.685,8
856.751,8
856.817,8
856.883,8
856.949,8
857.015,10
857.081,7
857.147,7
857.213,7
857.279,5
857.345,5
857.411,8
857.477,10
857.543,13
857.609,14
857.675,13
857.741,13
857.807,10
857.873,8
857.939,6
858.005,4
858.071,4
858.137,5
858.203,7
858.269,10
858.335,12
858.401,12
858.467,13
858.533,13
858.599,12
858.665,12
858.731,8
858.797,5
858.863,6
858.929,6
858.996,9
859.062,10
859.128,7
859.194,9
859.26,7
859.326,6
859.392,9
859.458,7
859.524,6
859.59,6
859.656,6
859.722,6
859.788,7
859.855,10
859.921,10
859.987,12
860.053,11
860.119,8
860.185,7
860.251,6
860.317,9
860.383,10
860.45,9
860.516,7
860.582,5
860.648,4
860.714,4
860.78,6
860.846,6
860.912,7
860.979,10
861.045,10
861.111,10
861.177,10
861.243,9
861.309,9
861.375,10
861.442,11
861.508,9
861.574,10
861.64,9
861.706,11
861.772,12
861.839,13
861.905,10
861.971,8
862.037,10
862.103,6
862.17,4
862.236,3
862.302,3
862.368,5
862.434,7
862.501,7
862.567,8
862.633,7
862.699,7
862.765,8
862.832,6
862.898,7
862.964,7
863.03,6
863.096,6
863.163,6
863.229,6
863.295,7
863.361,6
863.428,6
863.494,4
863.56,4
863.626,6
863.693,10
863.759,13
863.825,12
863.891,11
863.958,8
864.024,6
864.09,6
864.156,4
864.223,4
864.289,7
864.355,8
864.421,9
864.488,7
864.554,7
864.62,8
864.687,7
864.753,8
864.819,5
864.885,3
864.952,5
865.018,4
865.084,5
865.151,5
865.217,5
865.283,5
865.35,4
865.416,6
865.482,7
865.548,13
865.615,15
865.681,14
865.747,14
865.814,10
865.88,10
865.946,11
866.013,13
866.079,10
866.145,9
866.212,7
866.278,6
866.344,7
866.411,9
866.477,9
866.544,6
866.61,9
866.676,6
866.743,6
866.809,8
866.875,6
866.942,5
867.008,5
867.074,5
867.141,5
867.207,8
867.274,9
867.34,8
867.406,6
867.473,8
867.539,8
867.606,9
867.672,13
867.738,10
867.805,9
867.871,7
867.938,9
868.004,8
868.07,9
868.137,13
868.203,10
868.27,14
868.336,15
868.403,12
868.469,9
868.535,9
868.602,8
868.668,6
868.735,8
868.801,6
868.868,5
868.934,6
869.001,6
869.067,5
869.133,5
869.2,4
869.266,9
869.333,7
869.399,9
869.466,15
869.532,12
869.599,19
869.665,18
869.732,14
869.798,11
869.865,9
869.931,9
869.998,12
870.064,15
870.131,13
870.197,15
870.264,13
870.33,10
870.397,10
870.463,8
870.53,4
870.596,9
870.663,9
870.729,9
870.796,12
870.862,10
870.929,10
870.995,11
871.062,8
871.128,7
871.195,6
871.261,7
871.328,8
871.394,9
871.461,9
871.528,7
871.594,6
871.661,3
871.727,3
871.794,4
871.86,2
871.927,6
871.993,7
872.06,7
872.127,8
872.193,8
872.26,7
872.326,8
872.393,8
872.46,6
872.526,8
872.593,9
872.659,9
872.726,8
872.792,6
872.859,4
872.926,4
872.992,5
873.059,4
873.126,3
873.192,3
873.259,4
873.325,7
873.392,8
873.459,9
873.525,10
873.592,10
873.659,13
873.725,12
873.792,10
873.858,12
873.925,9
873.992,11
874.058,12
874.125,14
874.192,13
874.258,10
874.325,8
874.392,7
874.458,6
874.525,6
874.592,8
874.658,5
874.725,5
874.792,6
874.858,5
874.925,10
874.992,11
875.058,11
875.125,11
875.192,12
875.258,13
875.325,13
875.392,15
875.459,12
875.525,10
875.592,15
875.659,12
875.725,12
875.792,14
875.859,9
875.926,8
875.992,8
876.059,6
876.126,7
876.192,9
876.259,7
876.326,9
876.393,7
876.459,6
876.526,7
876.593,7
876.66,9
876.726,10
876.793,12
876.86,11
876.927,10
876.993,9
877.06,6
877.127,6
877.194,4
877.26,5
877.327,8
877.394,7
877.461,8
877.528,6
877.594,4
877.661,4
877.728,5
877.795,5
877.861,5
877.928,6
877.995,6
878.062,9
878.129,12
878.196,11
878.262,11
878.329,10
878.396,11
878.463,12
878.53,10
878.596,8
878.663,5
878.73,4
878.797,4
878.864,7
878.931,6
878.997,7
879.064,7
879.131,5
879.198,5
879.265,5
879.332,9
879.398,10
879.465,8
879.532,8
879.599,5
879.666,3
879.733,6
879.8,7
879.867,7
879.933,7
880.00,6
880.067,5
880.134,7
880.201,6
880.268,8
880.335,8
880.402,8
880.468,9
880.535,7
880.602,6
880.669,4
880.736,3
880.803,2
880.87,4
880.937,5
881.004,8
881.071,7
881.138,6
881.204,5
881.271,4
881.338,7
881.405,6
881.472,5
881.539,3
881.606,1
881.673,2
881.74,4
881.807,5
881.874,7
881.941,8
882.008,8
882.075,10
882.142,9
882.209,7
882.276,7
882.343,5
882.41,4
882.477,5
882.543,6
882.61,6
882.677,9
882.744,9
882.811,9
882.878,8
882.945,5
883.012,5
883.079,2
883.146,3
883.213,4
883.28,3
883.347,6
883.414,8
883.481,7
883.548,9
883.615,9
883.682,9
883.749,8
883.816,7
883.884,5
883.951,5
884.018,8
884.085,9
884.152,9
884.219,7
884.286,6
884.353,5
884.42,5
884.487,5
884.554,9
884.621,8
884.688,8
884.755,12
884.822,7
884.889,7
884.956,8
885.023,5
885.09,5
885.158,6
885.225,7
885.292,9
885.359,12
885.426,12
885.493,12
885.56,12
885.627,9
885.694,8
885.761,6
885.828,3
885.895,4
885.963,5
886.03,8
886.097,11
886.164,14
886.231,13
886.298,10
886.365,10
886.432,8
886.5,9
886.567,12
886.634,12
886.701,14
886.768,14
886.835,13
886.902,11
886.97,9
887.037,11
887.104,9
887.171,13
887.238,9
887.305,8
887.372,13
887.44,14
887.507,13
887.574,13
887.641,11
887.708,10
887.775,12
887.843,14
887.91,9
887.977,7
888.044,10
888.111,9
888.179,10
888.246,9
888.313,7
888.38,7
888.447,5
888.515,8
888.582,8
888.649,8
888.716,10
888.783,8
888.851,6
888.918,7
888.985,11
889.052,14
889.119,16
889.187,14
889.254,12
889.321,14
889.388,18
889.456,20
889.523,20
889.59,13
889.657,6
889.725,3
889.792,5
889.859,4
889.926,7
889.994,7
890.061,7
890.128,8
890.195,9
890.263,9
890.33,9
890.397,12
890.465,10
890.532,10
890.599,9
890.666,9
890.734,8
890.801,9
890.868,8
890.936,5
891.003,5
891.07,5
891.137,5
891.205,5
891.272,8
891.339,7
891.407,8
891.474,12
891.541,9
891.609,9
891.676,9
891.743,6
891.811,6
891.878,10
891.945,13
892.013,15
892.08,15
892.147,12
892.215,9
892.282,6
892.349,7
892.417,8
892.484,8
892.551,10
892.619,10
892.686,9
892.754,9
892.821,6
892.888,3
892.956,2
893.023,1
893.09,4
893.158,6
893.225,6
893.293,5
893.36,7
893.427,11
893.495,13
893.562,15
893.63,11
893.697,6
893.764,6
893.832,6
893.899,7
893.967,8
894.034,6
894.101,6
894.169,4
894.236,5
894.304,6
894.371,5
894.439,6
894.506,6
894.573,6
894.641,5
894.708,9
894.776,8
894.843,7
894.911,9
894.978,6
895.046,7
895.113,8
895.18,9
895.248,9
895.315,10
895.383,9
895.45,8
895.518,7
895.585,6
895.653,7
895.72,9
895.788,12
895.855,12
895.923,12
895.99,11
896.058,11
896.125,11
896.193,12
896.26,11
896.328,7
896.395,8
896.463,6
896.53,4
896.598,6
896.665,8
896.733,8
896.8,10
896.868,11
896.935,6
897.003,6
897.07,5
897.138,5
897.205,5
897.273,5
897.341,4
897.408,4
897.476,4
897.543,7
897.611,10
897.678,11
897.746,11
897.813,9
897.881,8
897.949,6
898.016,11
898.084,11
898.151,12
898.219,12
898.286,9
898.354,9
898.422,9
898.489,9
898.557,7
898.624,6
898.692,3
898.76,3
898.827,4
898.895,5
898.962,10
899.03,13
899.098,11
899.165,11
899.233,7
899.3,6
899.368,7
899.436,8
899.503,8
899.571,7
899.638,6
899.706,5
899.774,5
899.841,4
899.909,6
899.977,7
900.044,9
900.112,9
900.18,7
900.247,5
900.315,5
900.383,6
900.45,9
900.518,12
900.586,10
900.653,11
900.721,12
900.789,10
900.856,9
900.924,7
900.992,7
901.059,7
901.127,8
901.195,7
901.262,4
901.33,3
901.398,4
901.465,7
901.533,6
901.601,8
901.669,11
901.736,9
901.804,9
901.872,9
901.939,9
902.007,9
902.075,12
902.143,10
902.21,7
902.278,6
902.346,6
902.414,7
902.481,7
902.549,6
902.617,5
902.684,6
902.752,7
902.82,9
902.888,7
902.955,6
903.023,7
903.091,9
903.159,12
903.227,11
903.294,11
903.362,8
903.43,8
903.498,8
903.565,7
903.633,7
903.701,5
903.769,6
903.837,9
903.904,12
903.972,14
904.04,14
904.108,15
904.176,13
904.243,12
904.311,11
904.379,5
904.447,4
904.515,3
904.582,3
904.65,7
904.718,7
904.786,8
904.854,9
904.922,10
904.989,10
905.057,10
905.125,10
905.193,6
905.261,6
905.329,8
905.396,7
905.464,7
905.532,10
905.6,7
905.668,7
905.736,6
905.804,5
905.871,6
905.939,6
906.007,7
906.075,6
906.143,4
906.211,4
906.279,7
906.347,7
906.414,8
906.482,9
906.55,4
906.618,3
906.686,6
906.754,6
906.822,8
906.89,7
906.958,4
907.026,3
907.093,2
907.161,4
907.229,4
907.297,4
907.365,4
907.433,4
907.501,4
907.569,5
907.637,8
907.705,7
907.773,8
907.841,9
907.909,9
907.977,10
908.044,15
908.112,16
908.18,13
908.248,14
908.316,8
908.384,7
908.452,7
908.52,8
908.588,8
908.656,8
908.724,12
908.792,13
908.86,11
908.928,10
908.996,8
909.064,6
909.132,8
909.2,8
909.268,9
909.336,10
909.404,13
909.472,14
909.54,15
909.608,14
909.676,11
909.744,12
909.812,9
909.88,12
909.948,10
910.016,9
910.084,8
910.152,7
910.22,7
910.288,7
910.356,7
910.424,7
910.492,8
910.56,8
910.628,6
910.697,3
910.765,3
910.833,4
910.901,5
910.969,8
911.037,9
911.105,8
911.173,6
911.241,6
911.309,8
911.377,9
911.445,13
911.513,13
911.581,9
911.649,8
911.718,11
911.786,14
911.854,16
911.922,17
911.99,13
912.058,9
912.126,8
912.194,10
912.262,13
912.33,13
912.399,12
912.467,10
912.535,7
912.603,9
912.671,13
912.739,14
912.807,19
912.875,19
912.944,12
913.012,11
913.08,11
913.148,11
913.216,12
913.284,15
913.352,12
913.421,11
913.489,12
913.557,11
913.625,12
913.693,11
913.761,12
913.83,10
913.898,10
913.966,12
914.034,11
914.102,10
914.17,13
914.239,10
914.307,8
914.375,9
914.443,9
914.511,8
914.58,10
914.648,9
914.716,4
914.784,6
914.852,4
914.921,4
914.989,5
915.057,5
915.125,4
915.194,5
915.262,5
915.33,4
915.398,6
915.466,6
915.535,6
915.603,10
915.671,8
915.739,7
915.808,9
915.876,8
915.944,8
916.012,9
916.081,8
916.149,6
916.217,5
916.285,5
916.354,4
916.422,3
916.49,6
916.558,5
916.627,6
916.695,6
916.763,5
916.832,5
916.9,3
916.968,3
917.036,1
917.105,1
917.173,3
917.241,6
917.31,8
917.378,10
917.446,11
917.515,10
917.583,10
917.651,10
917.719,9
917.788,10
917.856,10
917.924,8
917.993,10
918.061,8
918.129,8
918.198,10
918.266,6
918.334,4
918.403,5
918.471,3
918.539,6
918.608,12
918.676,10
918.744,10
918.813,9
918.881,8
918.95,8
919.018,9
919.086,9
919.155,4
919.223,5
919.291,5
919.36,5
919.428,6
919.497,8
919.565,7
919.633,6
919.702,7
919.77,4
919.839,5
919.907,5
919.975,5
920.044,4
920.112,6
920.181,8
920.249,10
920.317,10
920.386,8
920.454,8
920.523,6
920.591,7
920.659,6
920.728,6
920.796,4
920.865,8
920.933,9
921.002,8
921.07,9
921.139,9
921.207,9
921.275,7
921.344,9
921.412,5
921.481,5
921.549,5
921.618,6
921.686,6
921.755,5
921.823,9
921.892,10
921.96,9
922.029,10
922.097,10
922.165,6
922.234,10
922.302,9
922.371,5
922.439,5
922.508,7
922.576,8
922.645,8
922.713,8
922.782,3
922.85,2
922.919,5
922.987,5
923.056,5
923.125,5
923.193,7
923.262,7
923.33,9
923.399,10
923.467,8
923.536,8
923.604,8
923.673,7
923.741,5
923.81,5
923.878,6
923.947,6
924.016,8
924.084,11
924.153,8
924.221,8
924.29,5
924.358,5
924.427,5
924.495,6
924.564,10
924.633,10
924.701,10
924.77,10
924.838,8
924.907,7
924.976,12
925.044,12
925.113,13
925.181,11
925.25,14
925.318,12
925.387,9
925.456,9
925.524,4
925.593,5
925.662,5
925.73,4
925.799,4
925.867,3
925.936,4
926.005,6
926.073,6
926.142,7
926.211,6
926.279,4
926.348,4
926.416,3
926.485,3
926.554,5
926.622,8
926.691,8
926.76,8
926.828,6
926.897,4
926.966,5
927.034,5
927.103,8
927.172,7
927.24,6
927.309,7
927.378,6
927.446,6
927.515,7
927.584,7
927.652,6
927.721,8
927.79,8
927.859,10
927.927,9
927.996,9
928.065,8
928.133,7
928.202,9
928.271,9
928.34,11
928.408,10
928.477,8
928.546,6
928.614,4
928.683,2
928.752,5
928.821,5
928.889,7
928.958,9
929.027,7
929.096,8
929.164,9
929.233,9
929.302,8
929.371,10
929.439,8
929.508,8
929.577,9
929.646,6
929.714,5
929.783,4
929.852,3
929.921,5
929.989,5
930.058,6
930.127,6
930.196,4
930.265,5
930.333,6
930.402,9
930.471,10
930.54,10
930.609,15
930.677,13
930.746,12
930.815,11
930.884,8
930.953,8
931.021,8
931.09,10
931.159,7
931.228,5
931.297,5
931.366,3
931.434,2
931.503,3
931.572,3
931.641,3
931.71,5
931.779,5
931.847,4
931.916,5
931.985,5
932.054,6
932.123,9
932.192,8
932.261,8
932.329,8
932.398,8
932.467,8
932.536,9
932.605,9
932.674,8
932.743,9
932.812,6
932.88,7
932.949,7
933.018,6
933.087,7
933.156,6
933.225,6
933.294,6
933.363,6
933.432,6
933.501,5
933.569,5
933.638,4
933.707,3
933.776,3
933.845,3
933.914,4
933.983,4
934.052,4
934.121,5
934.19,3
934.259,4
934.328,4
934.397,4
934.466,5
934.534,5
934.603,6
934.672,6
934.741,9
934.81,10
934.879,12
934.948,12
935.017,12
935.086,10
935.155,11
935.224,10
935.293,10
935.362,10
935.431,7
935.5,10
935.569,8
935.638,9
935.707,11
935.776,9
935.845,10
935.914,9
935.983,7
936.052,6
936.121,6
936.19,9
936.259,10
936.328,12
936.397,12
936.466,11
936.535,16
936.604,15
936.673,13
936.742,12
936.811,8
936.88,7
936.949,7
937.018,8
937.087,5
937.156,6
937.225,6
937.294,4
937.364,5
937.433,4
937.502,4
937.571,4
937.64,7
937.709,9
937.778,12
937.847,11
937.916,14
937.985,12
938.054,10
938.123,12
938.192,14
938.261,14
938.331,13
938.4,11
938.469,8
938.538,10
938.607,9
938.676,11
938.745,9
938.814,9
938.883,13
938.952,9
939.022,11
939.091,11
939.16,9
939.229,9
939.298,16
939.367,15
939.436,18
939.505,17
939.575,13
939.644,11
939.713,5
939.782,5
939.851,2
939.92,2
939.989,4
940.059,4
940.128,5
940.197,6
940.266,7
940.335,8
940.404,8
940.474,8
940.543,7
940.612,8
940.681,11
940.75,11
940.819,12
940.889,9
940.958,6
941.027,7
941.096,4
941.165,4
941.235,5
941.304,3
941.373,6
941.442,6
941.511,6
941.581,6
941.65,5
941.719,5
941.788,3
941.858,3
941.927,2
941.996,6
942.065,9
942.134,11
942.204,13
942.273,13
942.342,14
942.411,13
942.481,12
942.55,10
942.619,8
942.688,8
942.758,9
942.827,11
942.896,8
942.965,8
943.035,7
943.104,6
943.173,7
943.243,8
943.312,8
943.381,7
943.45,9
943.52,9
943.589,9
943.658,10
943.727,10
943.797,10
943.866,9
943.935,6
944.005,5
944.074,4
944.143,4
944.213,4
944.282,2
944.351,3
944.421,3
944.49,4
944.559,7
944.629,7
944.698,9
944.767,12
944.836,8
944.906,7
944.975,7
945.045,5
945.114,6
945.183,8
945.253,8
945.322,10
945.391,10
945.461,9
945.53,7
945.599,3
945.669,4
945.738,3
945.807,5
945.877,10
945.946,11
946.016,11
946.085,10
946.154,7
946.224,7
946.293,8
946.362,8
946.432,7
946.501,6
946.571,8
946.64,8
946.709,8
946.779,7
946.848,5
946.918,6
946.987,7
947.056,7
947.126,6
947.195,5
947.265,6
947.334,5
947.404,5
947.473,4
947.542,3
947.612,5
947.681,7
947.751,11
947.82,12
947.89,11
947.959,9
948.029,5
948.098,5
948.167,8
948.237,8
948.306,8
948.376,6
948.445,4
948.515,5
948.584,6
948.654,6
948.723,6
948.793,5
948.862,7
948.932,11
949.001,9
949.071,10
949.14,8
949.21,5
949.279,7
949.349,9
949.418,13
949.488,13
949.557,13
949.627,10
949.696,7
949.766,6
949.835,5
949.905,7
949.974,8
950.044,10
950.113,8
950.183,6
950.252,4
950.322,3
950.391,6
950.461,9
950.531,8
950.6,9
950.67,7
950.739,6
950.809,6
950.878,4
950.948,4
951.017,2
951.087,4
951.157,3
951.226,6
951.296,8
951.365,7
951.435,9
951.504,5
951.574,4
951.644,3
951.713,3
951.783,5
951.852,4
951.922,7
951.992,10
952.061,9
952.131,13
952.2,13
952.27,12
952.34,14
952.409,13
952.479,15
952.548,13
952.618,13
952.688,11
952.757,9
952.827,9
952.897,8
952.966,9
953.036,11
953.105,14
953.175,9
953.245,8
953.314,4
953.384,2
953.454,2
953.523,5
953.593,6
953.663,7
953.732,9
953.802,7
953.872,8
953.941,6
954.011,7
954.081,6
954.15,4
954.22,3
954.29,5
954.359,6
954.429,9
954.499,11
954.568,6
954.638,6
954.708,5
954.778,6
954.847,6
954.917,6
954.987,6
955.056,6
955.126,6
955.196,5
955.266,5
955.335,6
955.405,10
955.475,12
955.544,11
955.614,9
955.684,9
955.754,7
955.823,8
955.893,7
955.963,3
956.033,3
956.102,7
956.172,6
956.242,7
956.312,8
956.381,6
956.451,9
956.521,12
956.591,11
956.66,8
956.73,7
956.8,6
956.87,7
956.94,8
957.009,10
957.079,10
957.149,10
957.219,9
957.289,9
957.358,6
957.428,5
957.498,7
957.568,9
957.638,12
957.707,13
957.777,13
957.847,11
957.917,9
957.987,9
958.056,9
958.126,7
958.196,10
958.266,10
958.336,8
958.406,6
958.475,4
958.545,4
958.615,3
958.685,6
958.755,5
958.825,4
958.895,6
958.964,4
959.034,6
959.104,6
959.174,5
959.244,7
959.314,7
959.384,9
959.453,11
959.523,8
959.593,13
959.663,12
959.733,12
959.803,13
959.873,11
959.943,10
960.013,10
960.082,9
960.152,4
960.222,4
960.292,1
960.362,1
960.432,3
960.502,3
960.572,4
960.642,8
960.712,9
960.782,11
960.851,11
960.921,10
960.991,9
961.061,7
961.131,9
961.201,6
961.271,6
961.341,6
961.411,6
961.481,8
961.551,8
961.621,10
961.691,12
961.761,13
961.831,14
961.901,14
961.971,13
962.041,14
962.111,16
962.181,16
962.251,14
962.321,10
962.391,8
962.46,7
962.53,6
962.6,7
962.67,6
962.74,6
962.81,6
962.88,8
962.95,9
963.02,8
963.09,9
963.16,10
963.23,7
963.301,9
963.371,9
963.441,8
963.511,8
963.581,8
963.651,9
963.721,11
963.791,16
963.861,17
963.931,17
964.001,16
964.071,13
964.141,11
964.211,11
964.281,10
964.351,14
964.421,15
964.491,13
964.561,12
964.631,10
964.701,9
964.771,7
964.842,9
964.912,10
964.982,11
965.052,11
965.122,11
965.192,11
965.262,11
965.332,9
965.402,9
965.472,7
965.542,7
965.613,8
965.683,5
965.753,3
965.823,3
965.893,3
965.963,6
966.033,11
966.103,11
966.173,12
966.244,12
966.314,4
966.384,4
966.454,5
966.524,5
966.594,5
966.664,7
966.734,9
966.805,9
966.875,14
966.945,14
967.015,11
967.085,11
967.155,8
967.226,6
967.296,6
967.366,5
967.436,6
967.506,6
967.576,5
967.647,7
967.717,4
967.787,5
967.857,9
967.927,9
967.997,9
968.068,9
968.138,7
968.208,7
968.278,8
968.348,7
968.419,9
968.489,7
968.559,11
968.629,11
968.7,9
968.77,10
968.84,9
968.91,9
968.98,7
969.051,7
969.121,3
969.191,3
969.261,6
969.332,6
969.402,6
969.472,7
969.542,5
969.613,7
969.683,6
969.753,6
969.823,6
969.894,4
969.964,8
970.034,7
970.104,8
970.175,7
970.245,8
970.315,8
970.385,10
970.456,11
970.526,10
970.596,11
970.667,9
970.737,7
970.807,5
970.877,4
970.948,5
971.018,8
971.088,10
971.159,11
971.229,8
971.299,7
971.37,7
971.44,6
971.51,9
971.581,8
971.651,9
971.721,10
971.792,8
971.862,8
971.932,5
972.003,4
972.073,3
972.143,2
972.214,0
972.284,2
972.354,3
972.425,7
972.495,10
972.565,10
972.636,12
972.706,18
972.776,18
972.847,16
972.917,14
972.988,8
973.058,10
973.128,9
973.199,9
973.269,11
973.339,6
973.41,6
973.48,5
973.551,5
973.621,4
973.691,4
973.762,4
973.832,6
973.903,7
973.973,8
974.043,13
974.114,11
974.184,13
974.255,12
974.325,9
974.396,7
974.466,9
974.536,10
974.607,7
974.677,6
974.748,7
974.818,6
974.889,7
974.959,8
975.029,2
975.1,6
975.17,7
975.241,7
975.311,11
975.382,7
975.452,7
975.523,7
975.593,6
975.664,8
975.734,8
975.805,11
975.875,11
975.946,10
976.016,10
976.087,7
976.157,4
976.227,4
976.298,5
976.368,4
976.439,5
976.509,8
976.58,8
976.651,11
976.721,12
976.792,9
976.862,6
976.933,6
977.003,9
977.074,9
977.144,11
977.215,8
977.285,6
977.356,7
977.426,5
977.497,7
977.567,6
977.638,4
977.708,7
977.779,7
977.85,6
977.92,7
977.991,5
978.061,5
978.132,4
978.202,3
978.273,4
978.343,8
978.414,11
978.485,13
978.555,12
978.626,8
978.696,8
978.767,7
978.838,7
978.908,6
978.979,7
979.049,7
979.12,8
979.19,7
979.261,4
979.332,4
979.402,4
979.473,7
979.544,8
979.614,8
979.685,6
979.755,6
979.826,6
979.897,7
979.967,9
980.038,9
980.109,9
980.179,8
980.25,6
980.32,4
980.391,6
980.462,5
980.532,7
980.603,7
980.674,4
980.744,7
980.815,7
980.886,9
980.956,11
981.027,9
981.098,12
981.168,12
981.239,12
981.31,12
981.38,10
981.451,7
981.522,7
981.592,8
981.663,5
981.734,7
981.805,10
981.875,11
981.946,12
982.017,12
982.087,9
982.158,7
982.229,7
982.299,9
982.37,12
982.441,11
982.512,14
982.582,15
982.653,12
982.724,15
982.795,13
982.865,9
982.936,6
983.007,3
983.077,3
983.148,2
983.219,5
983.29,5
983.36,4
983.431,5
983.502,5
983.573,9
983.644,9
983.714,13
983.785,14
983.856,10
983.927,9
983.997,10
984.068,10
984.139,13
984.21,16
984.28,11
984.351,9
984.422,9
984.493,8
984.564,9
984.634,12
984.705,11
984.776,12
984.847,11
984.918,10
984.988,12
985.059,12
985.13,13
985.201,11
985.272,10
985.343,9
985.413,11
985.484,7
985.555,7
985.626,8
985.697,8
985.768,9
985.838,8
985.909,6
985.98,8
986.051,8
986.122,6
986.193,7
986.264,7
986.334,6
986.405,7
986.476,7
986.547,8
986.618,11
986.689,11
986.76,13
986.831,16
986.901,16
986.972,17
987.043,14
987.114,13
987.185,14
987.256,13
987.327,13
987.398,13
987.469,13
987.539,12
987.61,11
987.681,6
987.752,6
987.823,5
987.894,5
987.965,5
988.036,7
988.107,7
988.178,8
988.249,11
988.32,8
988.391,10
988.461,12
988.532,10
988.603,9
988.674,7
988.745,4
988.816,5
988.887,5
988.958,7
989.029,10
989.1,10
989.171,12
989.242,11
989.313,11
989.384,11
989.455,12
989.526,12
989.597,9
989.668,7
989.739,5
989.81,4
989.881,7
989.952,7
990.023,10
990.094,11
990.165,8
990.236,7
990.307,2
990.378,3
990.449,5
990.52,8
990.591,10
990.662,8
990.733,8
990.804,8
990.875,11
990.946,11
991.017,13
991.088,10
991.159,11
991.23,11
991.301,8
991.372,10
991.443,6
991.514,9
991.585,9
991.656,12
991.727,11
991.798,9
991.87,10
991.941,8
992.012,9
992.083,12
992.154,10
992.225,10
992.296,12
992.367,8
992.438,9
992.509,8
992.58,5
992.651,5
992.723,5
992.794,3
992.865,3
992.936,3
993.007,2
993.078,6
993.149,7
993.22,9
993.291,11
993.362,10
993.434,14
993.505,13
993.576,15
993.647,14
993.718,10
993.789,10
993.86,6
993.932,4
994.003,5
994.074,4
994.145,6
994.216,7
994.287,5
994.358,5
994.43,2
994.501,4
994.572,3
994.643,5
994.714,5
994.785,4
994.857,5
994.928,4
994.999,8
995.07,6
995.141,7
995.212,6
995.284,3
995.355,3
995.426,4
995.497,4
995.568,5
995.64,6
995.711,3
995.782,7
995.853,8
995.924,12
995.996,13
996.067,12
996.138,13
996.209,11
996.281,11
996.352,10
996.423,11
996.494,13
996.565,13
996.637,13
996.708,10
996.779,8
996.85,9
996.922,8
996.993,10
997.064,11
997.135,10
997.207,10
997.278,7
997.349,6
997.42,2
997.492,3
997.563,7
997.634,9
997.706,13
997.777,15
997.848,15
997.919,12
997.991,12
998.062,11
998.133,11
998.205,12
998.276,9
998.347,9
998.418,7
998.49,6
998.561,8
998.632,6
998.704,5
998.775,6
998.846,5
998.918,5
998.989,6
999.06,6
999.132,5
999.203,5
999.274,6
999.346,6
999.417,8
999.488,9
999.56,10
999.631,11
999.702,10
999.774,9
999.845,7
999.916,5
999.988,7
1000.059,7
1000.13,6
1000.202,9
1000.273,6
1000.344,8
1000.416,10
1000.487,7
1000.559,7
1000.63,5
1000.701,5
1000.773,9
1000.844,10
1000.916,11
1000.987,9
1001.058,4
1001.13,3
1001.201,3
1001.273,6
1001.344,7
1001.415,8
1001.487,8
1001.558,4
1001.63,8
1001.701,6
1001.772,6
1001.844,6
1001.915,4
1001.987,6
1002.058,8
1002.13,13
1002.201,10
1002.272,8
1002.344,7
1002.415,4
1002.487,7
1002.558,11
1002.63,11
1002.701,10
1002.773,8
1002.844,6
1002.916,4
1002.987,3
1003.058,4
1003.13,6
1003.201,6
1003.273,7
1003.344,7
1003.416,4
1003.487,5
1003.559,7
1003.63,8
1003.702,8
1003.773,7
1003.845,7
1003.916,6
1003.988,7
1004.059,8
1004.131,8
1004.202,6
1004.274,6
1004.345,8
1004.417,6
1004.488,8
1004.56,6
1004.631,4
1004.703,6
1004.775,4
1004.846,6
1004.918,6
1004.989,8
1005.061,13
1005.132,16
1005.204,15
1005.275,10
1005.347,8
1005.418,5
1005.49,5
1005.562,8
1005.633,8
1005.705,10
1005.776,10
1005.848,7
1005.919,6
1005.991,3
1006.063,3
1006.134,7
1006.206,5
1006.277,5
1006.349,6
1006.42,4
1006.492,6
1006.564,6
1006.635,6
1006.707,7
1006.778,7
1006.85,6
1006.922,6
1006.993,5
1007.065,5
1007.136,7
1007.208,7
1007.28,5
1007.351,4
1007.423,11
1007.495,19
1007.566,30
1007.638,39
1007.709,45
1007.781,40
1007.853,40
1007.924,37
1007.996,33
1008.068,31
1008.139,25
1008.211,21
1008.283,14
1008.354,13
1008.426,10
1008.498,12
1008.569,17
1008.641,20
1008.713,24
1008.784,21
1008.856,23
1008.928,20
1008.999,18
1009.071,16
1009.143,13
1009.214,12
1009.286,9
1009.358,11
1009.43,10
1009.501,11
1009.573,14
1009.645,16
1009.716,18
1009.788,20
1009.86,17
1009.932,16
1010.003,11
1010.075,9
1010.147,9
1010.218,9
1010.29,9
1010.362,9
1010.434,10
1010.505,9
1010.577,6
1010.649,6
1010.721,4
1010.792,5
1010.864,10
1010.936,10
1011.008,11
1011.079,8
1011.151,7
1011.223,6
1011.295,4
1011.366,4
1011.438,5
1011.51,6
1011.582,7
1011.654,6
1011.725,9
1011.797,8
1011.869,9
1011.941,13
1012.012,11
1012.084,10
1012.156,9
1012.228,11
1012.3,8
1012.371,8
1012.443,12
1012.515,9
1012.587,15
1012.659,15
1012.73,11
1012.802,9
1012.874,5
1012.946,8
1013.018,9
1013.09,9
1013.161,8
1013.233,5
1013.305,5
1013.377,6
1013.449,6
1013.521,6
1013.593,4
1013.664,4
1013.736,3
1013.808,4
1013.88,5
1013.952,5
1014.024,8
1014.096,8
1014.167,7
1014.239,9
1014.311,7
1014.383,8
1014.455,10
1014.527,9
1014.599,10
1014.671,9
1014.742,9
1014.814,11
1014.886,14
1014.958,14
1015.03,13
1015.102,11
1015.174,5
1015.246,4
1015.318,4
1015.39,3
1015.461,5
1015.533,5
1015.605,7
1015.677,5
1015.749,4
1015.821,8
1015.893,7
1015.965,9
1016.037,13
1016.109,9
1016.181,8
1016.253,8
1016.325,8
1016.397,9
1016.469,11
1016.541,12
1016.612,9
1016.684,9
1016.756,8
1016.828,6
1016.9,6
1016.972,6
1017.044,9
1017.116,12
1017.188,11
1017.26,14
1017.332,12
1017.404,10
1017.476,10
1017.548,6
1017.62,4
1017.692,6
1017.764,8
1017.836,9
1017.908,9
1017.98,11
1018.052,11
1018.124,11
1018.196,12
1018.268,10
1018.34,9
1018.412,9
1018.484,9
1018.556,6
1018.628,10
1018.7,9
1018.772,9
1018.844,10
1018.916,7
1018.989,7
1019.061,10
1019.133,12
1019.205,12
1019.277,15
1019.349,12
1019.421,10
1019.493,13
1019.565,11
1019.637,11
1019.709,13
1019.781,9
1019.853,9
1019.925,10
1019.997,8
1020.069,9
1020.142,11
1020.214,10
1020.286,9
1020.358,11
1020.43,12
1020.502,13
1020.574,12
1020.646,12
1020.718,8
1020.79,6
1020.863,7
1020.935,9
1021.007,8
1021.079,8
1021.151,10
1021.223,8
1021.295,9
1021.367,9
1021.44,10
1021.512,11
1021.584,12
1021.656,15
1021.728,12
1021.8,13
1021.872,11
1021.945,10
1022.017,8
1022.089,6
1022.161,9
1022.233,7
1022.305,11
1022.377,12
1022.45,9
1022.522,7
1022.594,7
1022.666,5
1022.738,8
1022.811,10
1022.883,12
1022.955,15
1023.027,13
1023.099,13
1023.171,8
1023.244,10
1023.316,11
1023.388,14
1023.46,16
1023.532,12
1023.605,14
1023.677,9
1023.749,7
1023.821,9
1023.894,6
1023.966,6
1024.038,6
1024.11,5
1024.182,6
1024.255,7
1024.327,8
1024.399,7
1024.471,6
1024.544,7
1024.616,6
1024.688,7
1024.76,9
1024.833,9
1024.905,10
1024.977,14
1025.049,11
1025.122,10
1025.194,9
1025.266,10
1025.338,9
1025.411,10
1025.483,13
1025.555,10
1025.628,12
1025.7,12
1025.772,9
1025.844,8
1025.917,8
1025.989,10
1026.061,15
1026.134,16
1026.206,18
1026.278,17
1026.35,12
1026.423,14
1026.495,13
1026.567,12
1026.64,13
1026.712,13
1026.784,11
1026.857,9
1026.929,6
1027.001,2
1027.074,2
1027.146,1
1027.218,1
1027.291,4
1027.363,4
1027.435,5
1027.508,6
1027.58,4
1027.652,8
1027.725,9
1027.797,10
1027.87,12
1027.942,9
1028.014,9
1028.087,8
1028.159,7
1028.231,5
1028.304,5
1028.376,4
1028.449,4
1028.521,4
1028.593,4
1028.666,4
1028.738,5
1028.81,7
1028.883,9
1028.955,13
1029.028,11
1029.1,11
1029.172,11
1029.245,9
1029.317,8
1029.39,7
1029.462,4
1029.535,2
1029.607,4
1029.679,4
1029.752,6
1029.824,8
1029.897,8
1029.969,8
1030.042,6
1030.114,10
1030.186,10
1030.259,11
1030.331,13
1030.404,8
1030.476,8
1030.549,8
1030.621,8
1030.694,9
1030.766,11
1030.839,11
1030.911,9
1030.983,10
1031.056,10
1031.128,9
1031.201,9
1031.273,8
1031.346,10
1031.418,9
1031.491,10
1031.563,9
1031.636,3
1031.708,3
1031.781,2
1031.853,6
1031.926,8
1031.998,11
1032.071,13
1032.143,11
1032.216,12
1032.288,9
1032.361,9
1032.433,9
1032.506,6
1032.579,6
1032.651,4
1032.724,3
1032.796,6
1032.869,6
1032.941,8
1033.014,7
1033.086,6
1033.159,6
1033.231,6
1033.304,6
1033.377,5
1033.449,7
1033.522,8
1033.594,7
1033.667,9
1033.739,10
1033.812,10
1033.884,14
1033.957,12
1034.03,10
1034.102,11
1034.175,11
1034.247,12
1034.32,12
1034.393,9
1034.465,9
1034.538,11
1034.61,12
1034.683,12
1034.756,9
1034.828,7
1034.901,6
1034.973,7
1035.046,10
1035.119,13
1035.191,12
1035.264,10
1035.337,7
1035.409,5
1035.482,5
1035.554,7
1035.627,8
1035.7,7
1035.772,8
1035.845,8
1035.918,8
1035.99,7
1036.063,8
1036.136,7
1036.208,9
1036.281,9
1036.354,9
1036.426,7
1036.499,3
1036.572,4
1036.644,2
1036.717,7
1036.79,10
1036.862,10
1036.935,10
1037.008,7
1037.08,10
1037.153,10
1037.226,11
1037.298,12
1037.371,8
1037.444,7
1037.517,6
1037.589,6
1037.662,6
1037.735,9
1037.807,10
1037.88,8
1037.953,7
1038.026,5
1038.098,6
1038.171,7
1038.244,13
1038.317,12
1038.389,11
1038.462,11
1038.535,9
1038.607,8
1038.68,9
1038.753,12
1038.826,8
1038.898,8
1038.971,7
1039.044,5
1039.117,7
1039.19,7
1039.262,9
1039.335,9
1039.408,7
1039.481,7
1039.553,8
1039.626,6
1039.699,14
1039.772,16
1039.845,14
1039.917,15
1039.99,11
1040.063,10
1040.136,10
1040.208,9
1040.281,7
1040.354,5
1040.427,4
1040.5,5
1040.573,5
1040.645,4
1040.718,4
1040.791,5
1040.864,5
1040.937,5
1041.009,6
1041.082,4
1041.155,8
1041.228,10
1041.301,11
1041.374,14
1041.446,12
1041.519,10
1041.592,9
1041.665,6
1041.738,5
1041.811,5
1041.884,4
1041.956,5
1042.029,3
1042.102,3
1042.175,4
1042.248,4
1042.321,4
1042.394,6
1042.467,6
1042.539,6
1042.612,9
1042.685,8
1042.758,8
1042.831,8
1042.904,8
1042.977,6
1043.05,5
1043.123,7
1043.196,4
1043.268,7
1043.341,8
1043.414,8
1043.487,7
1043.56,6
1043.633,6
1043.706,3
1043.779,5
1043.852,5
1043.925,5
1043.998,6
1044.071,5
1044.144,6
1044.217,5
1044.289,5
1044.362,9
1044.435,8
1044.508,11
1044.581,12
1044.654,8
1044.727,6
1044.8,5
1044.873,5
1044.946,5
1045.019,8
1045.092,7
1045.165,6
1045.238,8
1045.311,9
1045.384,9
1045.457,10
1045.53,10
1045.603,7
1045.676,7
1045.749,6
1045.822,7
1045.895,10
1045.968,10
1046.041,13
1046.114,11
1046.187,7
1046.26,8
1046.333,6
1046.406,4
1046.479,5
1046.552,4
1046.625,8
1046.698,9
1046.771,9
1046.844,9
1046.917,5
1046.99,9
1047.063,11
1047.136,11
1047.209,12
1047.282,11
1047.356,10
1047.429,11
1047.502,13
1047.575,11
1047.648,10
1047.721,10
1047.794,8
1047.867,8
1047.94,10
1048.013,8
1048.086,5
1048.159,3
1048.232,1
1048.305,3
1048.379,4
1048.452,4
1048.525,5
1048.598,3
1048.671,4
1048.744,9
1048.817,9
1048.89,12
1048.963,14
1049.036,11
1049.11,11
1049.183,11
1049.256,9
1049.329,9
1049.402,12
1049.475,10
1049.548,9
1049.621,8
1049.695,6
1049.768,7
1049.841,6
1049.914,7
1049.987,5
1050.06,3
1050.134,3
1050.207,2
1050.28,2
1050.353,4
1050.426,5
1050.499,6
1050.572,7
1050.646,6
1050.719,5
1050.792,6
1050.865,6
1050.938,6
1051.012,7
1051.085,5
1051.158,6
1051.231,5
1051.304,6
1051.377,6
1051.451,4
1051.524,6
1051.597,7
1051.67,10
1051.744,10
1051.817,8
1051.89,7
1051.963,8
1052.036,8
1052.11,10
1052.183,11
1052.256,7
1052.329,8
1052.403,6
1052.476,3
1052.549,2
1052.622,4
1052.695,5
1052.769,7
1052.842,7
1052.915,7
1052.988,6
1053.062,4
1053.135,9
1053.208,7
1053.282,10
1053.355,11
1053.428,8
1053.501,8
1053.575,5
1053.648,6
1053.721,7
1053.794,10
1053.868,11
1053.941,12
1054.014,9
1054.088,6
1054.161,5
1054.234,3
1054.307,3
1054.381,3
1054.454,3
1054.527,5
1054.601,7
1054.674,8
1054.747,9
1054.821,12
1054.894,10
1054.967,8
1055.041,8
1055.114,5
1055.187,5
1055.261,8
1055.334,11
1055.407,10
1055.481,13
1055.554,14
1055.627,10
1055.701,9
1055.774,7
1055.847,4
1055.921,4
1055.994,8
1056.067,10
1056.141,8
1056.214,9
1056.288,6
1056.361,5
1056.434,5
1056.508,8
1056.581,10
1056.654,11
1056.728,14
1056.801,10
1056.875,9
1056.948,8
1057.021,10
1057.095,12
1057.168,11
1057.242,12
1057.315,10
1057.388,8
1057.462,6
1057.535,5
1057.609,4
1057.682,4
1057.756,4
1057.829,5
1057.902,4
1057.976,6
1058.049,7
1058.123,6
1058.196,8
1058.27,8
1058.343,9
1058.416,9
1058.49,9
1058.563,8
1058.637,7
1058.71,6
1058.784,6
1058.857,5
1058.931,6
1059.004,7
1059.078,7
1059.151,8
1059.225,10
1059.298,13
1059.371,13
1059.445,13
1059.518,10
1059.592,6
1059.665,5
1059.739,4
1059.812,3
1059.886,7
1059.959,8
1060.033,9
1060.106,11
1060.18,6
1060.253,8
1060.327,8
1060.4,10
1060.474,16
1060.547,13
1060.621,12
1060.695,8
1060.768,2
1060.842,4
1060.915,9
1060.989,12
1061.062,16
1061.136,16
1061.209,12
1061.283,12
1061.356,9
1061.43,7
1061.503,6
1061.577,3
1061.651,4
1061.724,6
1061.798,7
1061.871,8
1061.945,10
1062.018,14
1062.092,13
1062.166,13
1062.239,10
1062.313,8
1062.386,8
1062.46,8
1062.534,12
1062.607,9
1062.681,10
1062.754,10
1062.828,11
1062.901,13
1062.975,15
1063.049,16
1063.122,12
1063.196,12
1063.27,10
1063.343,10
1063.417,12
1063.49,11
1063.564,10
1063.638,9
1063.711,5
1063.785,3
1063.859,6
1063.932,7
1064.006,13
1064.079,14
1064.153,14
1064.227,16
1064.3,13
1064.374,12
1064.448,10
1064.521,9
1064.595,9
1064.669,7
1064.742,8
1064.816,7
1064.89,9
1064.963,11
1065.037,9
1065.111,8
1065.184,6
1065.258,6
1065.332,6
1065.406,5
1065.479,5
1065.553,6
1065.627,6
1065.7,9
1065.774,10
1065.848,8
1065.921,11
1065.995,10
1066.069,7
1066.143,7
1066.216,6
1066.29,6
1066.364,9
1066.437,13
1066.511,11
1066.585,9
1066.659,7
1066.732,5
1066.806,6
1066.88,6
1066.954,10
1067.027,10
1067.101,11
1067.175,14
1067.249,13
1067.322,12
1067.396,13
1067.47,13
1067.544,10
1067.617,8
1067.691,7
1067.765,6
1067.839,6
1067.913,9
1067.986,7
1068.06,5
1068.134,4
1068.208,2
1068.282,2
1068.355,2
1068.429,4
1068.503,6
1068.577,7
1068.651,10
1068.724,8
1068.798,7
1068.872,7
1068.946,8
1069.02,11
1069.093,11
1069.167,12
1069.241,12
1069.315,12
1069.389,11
1069.463,10
1069.536,8
1069.61,5
1069.684,2
1069.758,2
1069.832,4
1069.906,5
1069.979,7
1070.053,7
1070.127,6
1070.201,5
1070.275,4
1070.349,4
1070.423,7
1070.496,8
1070.57,9
1070.644,10
1070.718,6
1070.792,8
1070.866,5
1070.94,5
1071.014,5
1071.088,4
1071.161,7
1071.235,7
1071.309,7
1071.383,6
1071.457,6
1071.531,8
1071.605,9
1071.679,8
1071.753,6
1071.827,5
1071.901,7
1071.974,9
1072.048,9
1072.122,8
1072.196,4
1072.27,6
1072.344,7
1072.418,7
1072.492,9
1072.566,6
1072.64,7
1072.714,6
1072.788,4
1072.862,3
1072.936,4
1073.01,5
1073.084,6
1073.158,7
1073.231,7
1073.305,7
1073.379,9
1073.453,9
1073.527,7
1073.601,6
1073.675,9
1073.749,12
1073.823,15
1073.897,15
1073.971,11
1074.045,10
1074.119,9
1074.193,11
1074.267,10
1074.341,7
1074.415,6
1074.489,5
1074.563,5
1074.637,5
1074.711,4
1074.785,4
1074.859,5
1074.933,8
1075.007,8
1075.081,8
1075.156,8
1075.23,7
1075.304,7
1075.378,6
1075.452,7
1075.526,6
1075.6,5
1075.674,6
1075.748,3
1075.822,4
1075.896,4
1075.97,5
1076.044,5
1076.118,6
1076.192,6
1076.266,5
1076.34,9
1076.414,10
1076.489,11
1076.563,10
1076.637,9
1076.711,10
1076.785,12
1076.859,13
1076.933,12
1077.007,7
1077.081,5
1077.155,6
1077.229,6
1077.304,6
1077.378,6
1077.452,4
1077.526,4
1077.6,5
1077.674,3
1077.748,3
1077.822,2
1077.897,3
1077.971,3
1078.045,4
1078.119,6
1078.193,9
1078.267,9
1078.341,10
1078.416,11
1078.49,6
1078.564,6
1078.638,5
1078.712,2
1078.786,3
1078.86,5
1078.935,5
1079.009,9
1079.083,8
1079.157,7
1079.231,7
1079.306,3
1079.38,3
1079.454,3
1079.528,2
1079.602,2
1079.676,6
1079.751,6
1079.825,9
1079.899,10
1079.973,9
1080.047,10
1080.122,8
1080.196,8
1080.27,6
1080.344,4
1080.418,4
1080.493,2
1080.567,4
1080.641,4
1080.715,6
1080.79,7
1080.864,7
1080.938,8
1081.012,5
1081.087,4
1081.161,5
1081.235,5
1081.309,5
1081.384,9
1081.458,7
1081.532,6
1081.606,7
1081.681,8
1081.755,7
1081.829,9
1081.903,10
1081.978,6
1082.052,5
1082.126,5
1082.2,3
1082.275,2
1082.349,5
1082.423,5
1082.498,5
1082.572,7
1082.646,5
1082.72,3
1082.795,3
1082.869,2
1082.943,3
1083.018,3
1083.092,4
1083.166,3
1083.241,5
1083.315,7
1083.389,7
1083.464,10
1083.538,7
1083.612,7
1083.687,8
1083.761,5
1083.835,5
1083.91,6
1083.984,4
1084.058,4
1084.133,4
1084.207,2
1084.281,3
1084.356,4
1084.43,6
1084.504,6
1084.579,6
1084.653,8
1084.728,7
1084.802,9
1084.876,9
1084.951,12
1085.025,11
1085.099,11
1085.174,11
1085.248,7
1085.323,8
1085.397,6
1085.471,6
1085.546,4
1085.62,7
1085.695,11
1085.769,10
1085.843,11
1085.918,7
1085.992,5
1086.067,6
1086.141,7
1086.215,8
1086.29,8
1086.364,8
1086.439,9
1086.513,8
1086.588,7
1086.662,7
1086.736,5
1086.811,7
1086.885,9
1086.96,9
1087.034,12
1087.109,13
1087.183,11
1087.258,12
1087.332,8
1087.406,8
1087.481,7
1087.555,9
1087.63,11
1087.704,10
1087.779,12
1087.853,8
1087.928,8
1088.002,5
1088.077,3
1088.151,3
1088.226,1
1088.3,3
1088.375,4
1088.449,4
1088.524,4
1088.598,5
1088.673,4
1088.747,5
1088.822,9
1088.896,12
1088.971,15
1089.045,15
1089.12,12
1089.194,9
1089.269,10
1089.343,11
1089.418,10
1089.492,12
1089.567,10
1089.641,9
1089.716,8
1089.791,5
1089.865,6
1089.94,6
1090.014,4
1090.089,6
1090.163,7
1090.238,8
1090.312,12
1090.387,10
1090.462,7
1090.536,10
1090.611,9
1090.685,10
1090.76,12
1090.834,9
1090.909,8
1090.984,9
1091.058,6
1091.133,5
1091.207,5
1091.282,3
1091.357,5
1091.431,5
1091.506,3
1091.58,5
1091.655,6
1091.73,6
1091.804,11
1091.879,13
1091.953,12
1092.028,14
1092.103,11
1092.177,9
1092.252,8
1092.327,8
1092.401,9
1092.476,8
1092.55,9
1092.625,10
1092.7,9
1092.774,8
1092.849,7
1092.924,6
1092.998,6
1093.073,7
1093.148,10
1093.222,10
1093.297,11
1093.372,11
1093.446,11
1093.521,11
1093.596,8
1093.67,9
1093.745,5
1093.82,5
1093.894,9
1093.969,7
1094.044,9
1094.119,9
1094.193,6
1094.268,7
1094.343,8
1094.417,7
1094.492,6
1094.567,6
1094.641,5
1094.716,5
1094.791,6
1094.866,5
1094.94,4
1095.015,6
1095.09,7
1095.164,6
1095.239,5
1095.314,5
1095.389,5
1095.463,7
1095.538,10
1095.613,9
1095.688,12
1095.762,11
1095.837,11
1095.912,9
1095.987,7
1096.061,8
1096.136,6
1096.211,6
1096.286,5
1096.361,6
1096.435,8
1096.51,11
1096.585,11
1096.66,12
1096.734,10
1096.809,11
1096.884,14
1096.959,11
1097.034,13
1097.108,12
1097.183,9
1097.258,10
1097.333,12
1097.408,9
1097.482,8
1097.557,6
1097.632,3
1097.707,3
1097.782,3
1097.856,6
1097.931,7
1098.006,10
1098.081,10
1098.156,12
1098.231,10
1098.305,10
1098.38,10
1098.455,6
1098.53,6
1098.605,3
1098.68,5
1098.755,6
1098.829,9
1098.904,10
1098.979,9
1099.054,8
1099.129,7
1099.204,7
1099.279,7
1099.353,7
1099.428,4
1099.503,4
1099.578,4
1099.653,6
1099.728,6
1099.803,5
1099.878,5
1099.953,4
1100.027,5
1100.102,7
1100.177,7
1100.252,7
1100.327,8
1100.402,8
1100.477,7
1100.552,5
1100.627,3
1100.702,2
1100.777,3
1100.852,4
1100.926,5
1101.001,5
1101.076,5
1101.151,6
1101.226,7
1101.301,7
1101.376,7
1101.451,7
1101.526,11
1101.601,11
1101.676,9
1101.751,9
1101.826,7
1101.901,7
1101.976,10
1102.051,10
1102.126,8
1102.201,8
1102.276,9
1102.351,8
1102.426,9
1102.501,10
1102.576,6
1102.651,7
1102.726,4
1102.801,2
1102.876,5
1102.951,5
1103.026,7
1103.101,9
1103.176,7
1103.251,5
1103.326,5
1103.401,4
1103.476,6
1103.551,8
1103.626,7
1103.701,10
1103.776,9
1103.851,8
1103.926,8
1104.001,4
1104.076,3
1104.151,3
1104.226,2
1104.301,3
1104.376,4
1104.451,3
1104.526,5
1104.601,5
1104.676,4
1104.751,6
1104.826,6
1104.901,7
1104.977,11
1105.052,13
1105.127,15
1105.202,15
1105.277,13
1105.352,10
1105.427,10
1105.502,12
1105.577,11
1105.652,10
1105.727,6
1105.802,4
1105.878,5
1105.953,6
1106.028,7
1106.103,6
1106.178,4
1106.253,5
1106.328,6
1106.403,6
1106.478,7
1106.554,6
1106.629,9
1106.704,8
1106.779,10
1106.854,11
1106.929,8
1107.004,10
1107.08,6
1107.155,6
1107.23,7
1107.305,6
1107.38,10
1107.455,9
1107.53,6
1107.606,5
1107.681,2
1107.756,1
1107.831,1
1107.906,3
1107.981,7
1108.057,10
1108.132,12
1108.207,12
1108.282,11
1108.357,8
1108.433,7
1108.508,5
1108.583,3
1108.658,5
1108.733,7
1108.808,7
1108.884,8
1108.959,6
1109.034,7
1109.109,7
1109.185,5
1109.26,8
1109.335,5
1109.41,5
1109.485,9
1109.561,13
1109.636,13
1109.711,16
1109.786,14
1109.862,7
1109.937,7
1110.012,6
1110.087,6
1110.163,6
1110.238,6
1110.313,4
1110.388,4
1110.464,9
1110.539,10
1110.614,10
1110.689,7
1110.765,3
1110.84,3
1110.915,6
1110.99,10
1111.066,12
1111.141,11
1111.216,10
1111.292,9
1111.367,8
1111.442,12
1111.517,13
1111.593,10
1111.668,9
1111.743,9
1111.819,5
1111.894,7
1111.969,6
1112.045,8
1112.12,9
1112.195,7
1112.271,7
1112.346,4
1112.421,4
1112.497,5
1112.572,7
1112.647,7
1112.723,6
1112.798,9
1112.873,9
1112.949,9
1113.024,10
1113.099,6
1113.175,4
1113.25,3
1113.325,3
1113.401,7
1113.476,7
1113.551,8
1113.627,8
1113.702,4
1113.778,4
1113.853,3
1113.928,2
1114.004,3
1114.079,7
1114.154,7
1114.23,7
1114.305,7
1114.381,4
1114.456,7
1114.531,9
1114.607,9
1114.682,8
1114.758,6
1114.833,6
1114.908,3
1114.984,3
1115.059,8
1115.135,7
1115.21,7
1115.286,8
1115.361,7
1115.436,7
1115.512,8
1115.587,8
1115.663,6
1115.738,9
1115.814,6
1115.889,7
1115.964,6
1116.04,6
1116.115,7
1116.191,5
1116.266,7
1116.342,5
1116.417,10
1116.493,10
1116.568,9
1116.644,10
1116.719,7
1116.795,9
1116.87,10
1116.946,11
1117.021,11
1117.096,14
1117.172,14
1117.247,12
1117.323,14
1117.398,13
1117.474,14
1117.549,15
1117.625,14
1117.7,12
1117.776,11
1117.852,10
1117.927,8
1118.003,8
1118.078,10
1118.154,11
1118.229,13
1118.305,12
1118.38,8
1118.456,8
1118.531,4
1118.607,9
1118.682,8
1118.758,7
1118.833,7
1118.909,4
1118.985,4
1119.06,6
1119.136,8
1119.211,6
1119.287,9
1119.362,7
1119.438,5
1119.513,4
1119.589,2
1119.665,2
1119.74,2
1119.816,5
1119.891,5
1119.967,4
1120.042,9
1120.118,10
1120.194,12
1120.269,12
1120.345,11
1120.42,14
1120.496,13
1120.572,15
1120.647,12
1120.723,6
1120.799,6
1120.874,5
1120.95,6
1121.025,6
1121.101,6
1121.177,6
1121.252,7
1121.328,7
1121.404,8
1121.479,7
1121.555,4
1121.63,8
1121.706,7
1121.782,7
1121.857,11
1121.933,9
1122.009,8
1122.084,9
1122.16,8
1122.236,5
1122.311,7
1122.387,7
1122.463,5
1122.538,5
1122.614,6
1122.69,6
1122.765,9
1122.841,11
1122.917,9
1122.992,8
1123.068,7
1123.144,8
1123.22,9
1123.295,10
1123.371,9
1123.447,12
1123.522,10
1123.598,12
1123.674,11
1123.749,10
1123.825,10
1123.901,8
1123.977,9
1124.052,4
1124.128,4
1124.204,7
1124.28,5
1124.355,7
1124.431,8
1124.507,5
1124.583,6
1124.658,6
1124.734,4
1124.81,4
1124.886,5
1124.961,7
1125.037,12
1125.113,13
1125.189,14
1125.264,14
1125.34,13
1125.416,14
1125.492,17
1125.567,17
1125.643,16
1125.719,16
1125.795,11
1125.871,9
1125.946,7
1126.022,6
1126.098,7
1126.174,10
1126.25,10
1126.325,11
1126.401,11
1126.477,11
1126.553,10
1126.629,10
1126.704,10
1126.78,7
1126.856,5
1126.932,7
1127.008,7
1127.084,9
1127.159,10
1127.235,7
1127.311,8
1127.387,7
1127.463,7
1127.539,6
1127.614,7
1127.69,6
1127.766,6
1127.842,6
1127.918,5
1127.994,4
1128.07,3
1128.145,4
1128.221,3
1128.297,8
1128.373,8
1128.449,8
1128.525,13
1128.601,10
1128.677,14
1128.752,14
1128.828,9
1128.904,8
1128.98,4
1129.056,3
1129.132,3
1129.208,2
1129.284,3
1129.36,4
1129.435,6
1129.511,9
1129.587,10
1129.663,9
1129.739,10
1129.815,11
1129.891,9
1129.967,11
1130.043,9
1130.119,9
1130.195,10
1130.271,9
1130.347,12
1130.423,9
1130.498,9
1130.574,9
1130.65,7
1130.726,8
1130.802,8
1130.878,8
1130.954,6
1131.03,6
1131.106,4
1131.182,5
1131.258,5
1131.334,5
1131.41,7
1131.486,7
1131.562,7
1131.638,10
1131.714,9
1131.79,10
1131.866,11
1131.942,8
1132.018,9
1132.094,7
1132.17,6
1132.246,7
1132.322,8
1132.398,8
1132.474,8
1132.55,6
1132.626,5
1132.702,4
1132.778,4
1132.854,7
1132.93,5
1133.006,6
1133.082,6
1133.158,5
1133.234,9
1133.31,10
1133.386,13
1133.462,12
1133.538,9
1133.614,9
1133.691,6
1133.767,6
1133.843,7
1133.919,5
1133.995,5
1134.071,3
1134.147,3
1134.223,3
1134.299,2
1134.375,5
1134.451,4
1134.527,5
1134.603,7
1134.68,10
1134.756,9
1134.832,9
1134.908,9
1134.984,6
1135.06,6
1135.136,5
1135.212,3
1135.288,0
1135.364,5
1135.441,5
1135.517,7
1135.593,8
1135.669,6
1135.745,6
1135.821,5
1135.897,7
1135.973,6
1136.05,6
1136.126,7
1136.202,9
1136.278,7
1136.354,9
1136.43,8
1136.506,4
1136.583,4
1136.659,3
1136.735,3
1136.811,8
1136.887,10
1136.963,10
1137.04,11
1137.116,6
1137.192,6
1137.268,5
1137.344,6
1137.42,6
1137.497,8
1137.573,10
1137.649,8
1137.725,9
1137.801,7
1137.878,5
1137.954,5
1138.03,6
1138.106,6
1138.182,7
1138.259,7
1138.335,6
1138.411,4
1138.487,3
1138.563,5
1138.64,3
1138.716,6
1138.792,7
1138.868,5
1138.945,8
1139.021,8
1139.097,9
1139.173,12
1139.25,10
1139.326,8
1139.402,12
1139.478,12
1139.555,16
1139.631,18
1139.707,14
1139.783,10
1139.86,7
1139.936,8
1140.012,6
1140.088,6
1140.165,6
1140.241,6
1140.317,6
1140.394,6
1140.47,7
1140.546,5
1140.622,6
1140.699,7
1140.775,4
1140.851,5
1140.928,5
1141.004,5
1141.08,9
1141.156,6
1141.233,6
1141.309,6
1141.385,6
1141.462,8
1141.538,7
1141.614,10
1141.691,10
1141.767,9
1141.843,9
1141.92,8
1141.996,4
1142.072,3
1142.149,4
1142.225,4
1142.301,9
1142.378,12
1142.454,14
1142.53,14
1142.607,16
1142.683,17
1142.76,16
1142.836,13
1142.912,10
1142.989,12
1143.065,11
1143.141,10
1143.218,9
1143.294,8
1143.371,8
1143.447,7
1143.523,6
1143.6,3
1143.676,5
1143.753,6
1143.829,7
1143.905,7
1143.982,6
1144.058,8
1144.135,10
1144.211,10
1144.287,12
1144.364,10
1144.44,11
1144.517,12
1144.593,11
1144.67,11
1144.746,7
1144.822,8
1144.899,8
1144.975,8
1145.052,8
1145.128,10
1145.205,9
1145.281,8
1145.357,8
1145.434,6
1145.51,6
1145.587,5
1145.663,8
1145.74,5
1145.816,5
1145.893,6
1145.969,6
1146.046,7
1146.122,7
1146.199,9
1146.275,7
1146.352,8
1146.428,8
1146.505,7
1146.581,5
1146.658,5
1146.734,5
1146.811,3
1146.887,5
1146.964,3
1147.04,4
1147.117,5
1147.193,3
1147.27,5
1147.346,3
1147.423,2
1147.499,6
1147.576,5
1147.652,8
1147.729,8
1147.805,7
1147.882,8
1147.958,7
1148.035,7
1148.111,5
1148.188,5
1148.265,3
1148.341,5
1148.418,9
1148.494,10
1148.571,12
1148.647,16
1148.724,14
1148.8,13
1148.877,12
1148.954,9
1149.03,13
1149.107,13
1149.183,12
1149.26,10
1149.337,3
1149.413,4
1149.49,5
1149.566,5
1149.643,6
1149.719,5
1149.796,4
1149.873,5
1149.949,5
1150.026,7
1150.103,7
1150.179,6
1150.256,8
1150.332,5
1150.409,6
1150.486,7
1150.562,9
1150.639,8
1150.716,8
1150.792,8
1150.869,6
1150.945,7
1151.022,8
1151.099,9
1151.175,7
1151.252,9
1151.329,7
1151.405,5
1151.482,6
1151.559,7
1151.635,7
1151.712,7
1151.789,5
1151.865,2
1151.942,4
1152.019,5
1152.095,11
1152.172,10
1152.249,12
1152.325,11
1152.402,7
1152.479,9
1152.555,6
1152.632,6
1152.709,8
1152.786,10
1152.862,9
1152.939,10
1153.016,6
1153.092,4
1153.169,5
1153.246,5
1153.323,6
1153.399,8
1153.476,7
1153.553,5
1153.63,7
1153.706,5
1153.783,8
1153.86,9
1153.936,7
1154.013,5
1154.09,5
1154.167,5
1154.243,5
1154.32,7
1154.397,4
1154.474,5
1154.55,5
1154.627,5
1154.704,5
1154.781,3
1154.858,4
1154.934,6
1155.011,6
1155.088,6
1155.165,6
1155.241,3
1155.318,6
1155.395,11
1155.472,13
1155.549,14
1155.625,15
1155.702,14
1155.779,15
1155.856,15
1155.933,13
1156.009,13
1156.086,8
1156.163,7
1156.24,5
1156.317,3
1156.394,7
1156.47,12
1156.547,13
1156.624,14
1156.701,15
1156.778,11
1156.855,12
1156.931,13
1157.008,14
1157.085,13
1157.162,13
1157.239,10
1157.316,5
1157.393,6
1157.469,4
1157.546,5
1157.623,5
1157.7,6
1157.777,7
1157.854,7
1157.931,7
1158.008,7
1158.084,6
1158.161,5
1158.238,7
1158.315,5
1158.392,6
1158.469,6
1158.546,6
1158.623,7
1158.7,6
1158.776,7
1158.853,5
1158.93,8
1159.007,10
1159.084,11
1159.161,11
1159.238,7
1159.315,6
1159.392,4
1159.469,3
1159.546,5
1159.623,4
1159.7,7
1159.776,9
1159.853,6
1159.93,8
1160.007,5
1160.084,7
1160.161,7
1160.238,8
1160.315,10
1160.392,9
1160.469,11
1160.546,11
1160.623,11
1160.7,9
1160.777,12
1160.854,9
1160.931,7
1161.008,8
1161.085,7
1161.162,7
1161.239,7
1161.316,6
1161.393,3
1161.47,3
1161.547,3
1161.624,3
1161.701,3
1161.778,4
1161.855,6
1161.932,8
1162.009,9
1162.086,8
1162.163,8
1162.24,6
1162.317,7
1162.394,8
1162.471,7
1162.548,7
1162.625,10
1162.702,10
1162.779,8
1162.856,8
1162.933,5
1163.01,4
1163.087,5
1163.164,6
1163.241,3
1163.318,6
1163.396,9
1163.473,10
1163.55,11
1163.627,11
1163.704,10
1163.781,8
1163.858,7
1163.935,6
1164.012,6
1164.089,7
1164.166,7
1164.243,7
1164.32,8
1164.398,10
1164.475,9
1164.552,8
1164.629,6
1164.706,6
1164.783,4
1164.86,5
1164.937,6
1165.014,7
1165.092,7
1165.169,6
1165.246,6
1165.323,4
1165.4,10
1165.477,12
1165.554,11
1165.631,13
1165.709,11
1165.786,9
1165.863,8
1165.94,5
1166.017,4
1166.094,4
1166.171,4
1166.249,5
1166.326,2
1166.403,4
1166.48,7
1166.557,10
1166.634,11
1166.712,11
1166.789,10
1166.866,6
1166.943,7
1167.02,6
1167.098,6
1167.175,7
1167.252,9
1167.329,8
1167.406,9
1167.483,10
1167.561,8
1167.638,10
1167.715,8
1167.792,5
1167.87,6
1167.947,4
1168.024,5
1168.101,9
1168.178,8
1168.256,9
1168.333,9
1168.41,9
1168.487,12
1168.565,13
1168.642,12
1168.719,11
1168.796,12
1168.874,10
1168.951,10
1169.028,10
1169.105,12
1169.183,12
1169.26,13
1169.337,13
1169.414,9
1169.492,10
1169.569,11
1169.646,11
1169.723,10
1169.801,11
1169.878,11
1169.955,10
1170.033,10
1170.11,8
1170.187,7
1170.264,10
1170.342,9
1170.419,12
1170.496,14
1170.574,14
1170.651,15
1170.728,12
1170.805,8
1170.883,6
1170.96,4
1171.037,4
1171.115,4
1171.192,5
1171.269,4
1171.347,7
1171.424,12
1171.501,11
1171.579,11
1171.656,8
1171.733,5
1171.811,6
1171.888,8
1171.965,11
1172.043,12
1172.12,10
1172.198,9
1172.275,6
1172.352,4
1172.43,4
1172.507,6
1172.584,8
1172.662,8
1172.739,8
1172.816,5
1172.894,4
1172.971,6
1173.049,4
1173.126,6
1173.203,6
1173.281,6
1173.358,10
1173.436,11
1173.513,10
1173.59,10
1173.668,11
1173.745,9
1173.823,10
1173.9,9
1173.977,9
1174.055,8
1174.132,7
1174.21,7
1174.287,7
1174.365,10
1174.442,10
1174.519,11
1174.597,7
1174.674,4
1174.752,7
1174.829,8
1174.907,9
1174.984,14
1175.062,14
1175.139,11
1175.216,11
1175.294,10
1175.371,7
1175.449,9
1175.526,8
1175.604,8
1175.681,9
1175.759,6
1175.836,8
1175.914,5
1175.991,5
1176.069,8
1176.146,9
1176.224,9
1176.301,10
1176.379,9
1176.456,6
1176.534,7
1176.611,10
1176.689,9
1176.766,11
1176.844,11
1176.921,7
1176.999,9
1177.076,7
1177.154,9
1177.231,9
1177.309,7
1177.386,12
1177.464,11
1177.541,10
1177.619,13
1177.697,8
1177.774,8
1177.852,9
1177.929,9
1178.007,11
1178.084,8
1178.162,8
1178.239,7
1178.317,8
1178.395,10
1178.472,10
1178.55,9
1178.627,6
1178.705,6
1178.782,6
1178.86,4
1178.938,4
1179.015,2
1179.093,1
1179.17,3
1179.248,3
1179.325,7
1179.403,10
1179.481,11
1179.558,12
1179.636,10
1179.714,10
1179.791,10
1179.869,12
1179.946,13
1180.024,10
1180.102,11
1180.179,8
1180.257,9
1180.334,9
1180.412,7
1180.49,6
1180.567,3
1180.645,4
1180.723,6
1180.8,8
1180.878,9
1180.956,8
1181.033,7
1181.111,9
1181.189,10
1181.266,14
1181.344,14
1181.422,15
1181.499,14
1181.577,11
1181.655,8
1181.732,4
1181.81,7
1181.888,6
1181.965,9
1182.043,10
1182.121,10
1182.198,10
1182.276,7
1182.354,5
1182.431,4
1182.509,4
1182.587,6
1182.665,11
1182.742,8
1182.82,9
1182.898,12
1182.975,8
1183.053,9
1183.131,9
1183.209,5
1183.286,4
1183.364,6
1183.442,7
1183.52,8
1183.597,10
1183.675,12
1183.753,10
1183.831,9
1183.908,8
1183.986,4
1184.064,4
1184.142,4
1184.219,6
1184.297,7
1184.375,8
1184.453,10
1184.53,10
1184.608,8
1184.686,10
1184.764,9
1184.841,9
1184.919,9
1184.997,6
1185.075,4
1185.153,1
1185.23,4
1185.308,5
1185.386,5
1185.464,6
1185.542,6
1185.619,5
1185.697,6
1185.775,9
1185.853,6
1185.931,7
1186.008,6
1186.086,7
1186.164,8
1186.242,9
1186.32,10
1186.398,7
1186.475,8
1186.553,8
1186.631,8
1186.709,6
1186.787,5
1186.865,4
1186.942,5
1187.02,7
1187.098,8
1187.176,7
1187.254,8
1187.332,12
1187.41,10
1187.488,10
1187.565,9
1187.643,6
1187.721,6
1187.799,7
1187.877,7
1187.955,8
1188.033,7
1188.111,10
1188.188,9
1188.266,6
1188.344,9
1188.422,5
1188.5,7
1188.578,8
1188.656,8
1188.734,9
1188.812,8
1188.89,7
1188.968,7
1189.045,9
1189.123,8
1189.201,8
1189.279,6
1189.357,3
1189.435,3
1189.513,4
1189.591,4
1189.669,6
1189.747,5
1189.825,8
1189.903,9
1189.981,8
1190.059,9
1190.137,4
1190.215,6
1190.293,5
1190.37,5
1190.448,5
1190.526,4
1190.604,7
1190.682,10
1190.76,13
1190.838,13
1190.916,11
1190.994,8
1191.072,7
1191.15,7
1191.228,8
1191.306,9
1191.384,8
1191.462,8
1191.54,7
1191.618,7
1191.696,13
1191.774,14
1191.852,15
1191.93,19
1192.008,14
1192.086,11
1192.164,9
1192.242,7
1192.32,9
1192.398,8
1192.477,11
1192.555,10
1192.633,11
1192.711,12
1192.789,12
1192.867,9
1192.945,7
1193.023,12
1193.101,10
1193.179,11
1193.257,9
1193.335,8
1193.413,9
1193.491,11
1193.569,11
1193.647,9
1193.725,10
1193.804,9
1193.882,11
1193.96,9
1194.038,7
1194.116,8
1194.194,7
1194.272,5
1194.35,7
1194.428,5
1194.506,7
1194.584,7
1194.663,7
1194.741,11
1194.819,9
1194.897,10
1194.975,10
1195.053,6
1195.131,7
1195.209,10
1195.288,9
1195.366,11
1195.444,10
1195.522,7
1195.6,7
1195.678,6
1195.756,5
1195.834,3
1195.913,5
1195.991,5
1196.069,7
1196.147,7
1196.225,6
1196.303,5
1196.382,6
1196.46,8
1196.538,7
1196.616,9
1196.694,8
1196.772,8
1196.851,7
1196.929,10
1197.007,11
1197.085,8
1197.163,10
1197.242,7
1197.32,8
1197.398,10
1197.476,8
1197.554,9
1197.633,11
1197.711,11
1197.789,12
1197.867,10
1197.945,8
1198.024,9
1198.102,10
1198.18,9
1198.258,8
1198.337,7
1198.415,5
1198.493,5
1198.571,4
1198.649,3
1198.728,3
1198.806,3
1198.884,5
1198.962,6
1199.041,7
1199.119,8
1199.197,9
1199.275,8
1199.354,11
1199.432,13
1199.51,13
1199.589,16
1199.667,13
1199.745,10
1199.823,8
1199.902,7
1199.98,7
1200.058,9
1200.137,10
1200.215,8
1200.293,7
1200.371,8
1200.45,6
1200.528,9
1200.606,10
1200.685,8
1200.763,9
1200.841,6
1200.92,5
1200.998,5
1201.076,6
1201.155,9
1201.233,9
1201.311,9
1201.39,8
1201.468,8
1201.546,9
1201.625,10
1201.703,9
1201.781,5
1201.86,5
1201.938,4
1202.016,6
1202.095,8
1202.173,7
1202.251,7
1202.33,7
1202.408,6
1202.486,8
1202.565,8
1202.643,8
1202.722,10
1202.8,10
1202.878,9
1202.957,7
1203.035,10
1203.113,10
1203.192,12
1203.27,12
1203.349,8
1203.427,6
1203.505,5
1203.584,5
1203.662,6
1203.741,6
1203.819,5
1203.897,9
1203.976,10
1204.054,14
1204.133,17
1204.211,12
1204.29,10
1204.368,8
1204.446,6
1204.525,8
1204.603,9
1204.682,7
1204.76,10
1204.839,9
1204.917,7
1204.996,7
1205.074,3
1205.152,3
1205.231,4
1205.309,4
1205.388,5
1205.466,4
1205.545,4
1205.623,5
1205.702,7
1205.78,9
1205.859,13
1205.937,14
1206.016,12
1206.094,12
1206.173,7
1206.251,6
1206.33,6
1206.408,6
1206.487,6
1206.565,5
1206.644,5
1206.722,4
1206.801,3
1206.879,3
1206.958,2
1207.036,1
1207.115,2
1207.193,4
1207.272,5
1207.35,8
1207.429,10
1207.507,8
1207.586,9
1207.664,6
1207.743,5
1207.822,6
1207.9,4
1207.979,5
1208.057,4
1208.136,4
1208.214,5
1208.293,4
1208.371,5
1208.45,4
1208.529,4
1208.607,5
1208.686,5
1208.764,5
1208.843,5
1208.921,7
1209.00,6
1209.079,6
1209.157,6
1209.236,4
1209.314,6
1209.393,6
1209.472,6
1209.55,5
1209.629,7
1209.707,7
1209.786,7
1209.865,6
1209.943,3
1210.022,4
1210.1,3
1210.179,8
1210.258,7
1210.336,6
1210.415,8
1210.494,4
1210.572,3
1210.651,5
1210.729,6
1210.808,9
1210.887,9
1210.965,8
1211.044,7
1211.123,4
1211.201,5
1211.28,5
1211.359,6
1211.437,7
1211.516,7
1211.595,6
1211.673,3
1211.752,3
1211.831,3
1211.909,4
1211.988,5
1212.067,8
1212.145,10
1212.224,13
1212.303,13
1212.381,10
1212.46,9
1212.539,6
1212.618,7
1212.696,7
1212.775,6
1212.854,7
1212.932,7
1213.011,8
1213.09,8
1213.169,6
1213.247,5
1213.326,5
1213.405,6
1213.483,7
1213.562,9
1213.641,7
1213.72,8
1213.798,7
1213.877,5
1213.956,9
1214.035,7
1214.113,7
1214.192,7
1214.271,5
1214.35,7
1214.428,10
1214.507,9
1214.586,7
1214.665,7
1214.744,6
1214.822,6
1214.901,6
1214.98,5
1215.059,3
1215.137,3
1215.216,5
1215.295,7
1215.374,10
1215.453,12
1215.531,15
1215.61,11
1215.689,10
1215.768,11
1215.847,8
1215.925,10
1216.004,9
1216.083,6
1216.162,6
1216.241,9
1216.32,9
1216.398,9
1216.477,9
1216.556,7
1216.635,6
1216.714,8
1216.793,6
1216.871,5
1216.95,6
1217.029,5
1217.108,7
1217.187,5
1217.266,5
1217.344,4
1217.423,5
1217.502,9
1217.581,11
1217.66,12
1217.739,9
1217.818,11
1217.897,8
1217.975,8
1218.054,9
1218.133,6
1218.212,6
1218.291,5
1218.37,6
1218.449,5
1218.528,5
1218.607,8
1218.685,9
1218.764,9
1218.843,12
1218.922,10
1219.001,8
1219.08,10
1219.159,9
1219.238,8
1219.317,8
1219.396,5
1219.475,4
1219.554,4
1219.633,2
1219.711,3
1219.79,3
1219.869,3
1219.948,4
1220.027,4
1220.106,3
1220.185,3
1220.264,5
1220.343,5
1220.422,6
1220.501,7
1220.58,6
1220.659,5
1220.738,7
1220.817,8
1220.896,9
1220.975,9
1221.054,7
1221.133,7
1221.212,5
1221.291,4
1221.37,4
1221.449,3
1221.528,3
1221.607,5
1221.686,4
1221.765,4
1221.844,7
1221.923,8
1222.002,8
1222.081,7
1222.16,5
1222.239,3
1222.318,5
1222.397,8
1222.476,10
1222.555,9
1222.634,9
1222.713,6
1222.792,5
1222.871,6
1222.95,4
1223.029,5
1223.108,5
1223.187,5
1223.266,6
1223.345,6
1223.424,5
1223.503,6
1223.583,6
1223.662,7
1223.741,9
1223.82,12
1223.899,15
1223.978,16
1224.057,15
1224.136,10
1224.215,11
1224.294,11
1224.373,11
1224.452,13
1224.531,10
1224.611,8
1224.69,7
1224.769,7
1224.848,7
1224.927,8
1225.006,10
1225.085,11
1225.164,9
1225.243,8
1225.323,7
1225.402,6
1225.481,7
1225.56,8
1225.639,6
1225.718,6
1225.797,6
1225.877,4
1225.956,8
1226.035,12
1226.114,12
1226.193,14
1226.272,11
1226.351,9
1226.431,8
1226.51,6
1226.589,6
1226.668,7
1226.747,8
1226.826,10
1226.906,12
1226.985,7
1227.064,9
1227.143,9
1227.222,8
1227.301,8
1227.381,7
1227.46,6
1227.539,6
1227.618,9
1227.697,8
1227.777,10
1227.856,8
1227.935,8
1228.014,8
1228.093,8
1228.173,7
1228.252,5
1228.331,4
1228.41,6
1228.49,9
1228.569,8
1228.648,7
1228.727,6
1228.806,3
1228.886,2
1228.965,5
1229.044,6
1229.123,6
1229.203,9
1229.282,8
1229.361,6
1229.44,7
1229.52,8
1229.599,6
1229.678,8
1229.757,8
1229.837,6
1229.916,6
1229.995,8
1230.075,7
1230.154,7
1230.233,8
1230.312,6
1230.392,12
1230.471,12
1230.55,14
1230.63,13
1230.709,7
1230.788,6
1230.868,5
1230.947,6
1231.026,7
1231.105,10
1231.185,9
1231.264,8
1231.343,8
1231.423,7
1231.502,6
1231.581,7
1231.661,10
1231.74,9
1231.819,10
1231.899,10
1231.978,6
1232.057,7
1232.137,6
1232.216,4
1232.295,6
1232.375,7
1232.454,8
1232.533,10
1232.613,8
1232.692,8
1232.772,7
1232.851,9
1232.93,10
1233.01,6
1233.089,7
1233.168,5
1233.248,9
1233.327,10
1233.407,9
1233.486,7
1233.565,3
1233.645,6
1233.724,8
1233.804,11
1233.883,13
1233.962,11
1234.042,10
1234.121,8
1234.201,5
1234.28,5
1234.359,5
1234.439,4
1234.518,4
1234.598,4
1234.677,3
1234.757,4
1234.836,8
1234.915,6
1234.995,6
1235.074,7
1235.154,5
1235.233,6
1235.313,8
1235.392,7
1235.472,9
1235.551,11
1235.63,11
1235.71,12
1235.789,7
1235.869,6
1235.948,4
1236.028,3
1236.107,5
1236.187,7
1236.266,7
1236.346,6
1236.425,6
1236.505,3
1236.584,3
1236.664,4
1236.743,6
1236.823,7
1236.902,7
1236.982,6
1237.061,5
1237.141,4
1237.22,5
1237.3,6
1237.379,6
1237.459,9
1237.538,8
1237.618,9
1237.697,6
1237.777,6
1237.856,6
1237.936,8
1238.015,10
1238.095,7
1238.174,7
1238.254,4
1238.334,4
1238.413,6
1238.493,7
1238.572,9
1238.652,9
1238.731,8
1238.811,7
1238.89,5
1238.97,4
1239.05,3
1239.129,3
1239.209,4
1239.288,4
1239.368,6
1239.448,7
1239.527,9
1239.607,12
1239.686,11
1239.766,10
1239.845,7
1239.925,6
1240.005,5
1240.084,5
1240.164,6
1240.243,8
1240.323,8
1240.403,9
1240.482,9
1240.562,6
1240.642,9
1240.721,8
1240.801,8
1240.88,7
1240.96,6
1241.04,6
1241.119,5
1241.199,5
1241.279,5
1241.358,5
1241.438,5
1241.518,6
1241.597,8
1241.677,8
1241.757,8
1241.836,10
1241.916,5
1241.996,7
1242.075,10
1242.155,7
1242.235,7
1242.314,6
1242.394,3
1242.474,4
1242.553,7
1242.633,6
1242.713,7
1242.792,6
1242.872,5
1242.952,6
1243.031,4
1243.111,5
1243.191,7
1243.271,6
1243.35,6
1243.43,8
1243.51,7
1243.589,8
1243.669,10
1243.749,8
1243.829,7
1243.908,9
1243.988,8
1244.068,9
1244.148,8
1244.227,6
1244.307,7
1244.387,7
1244.467,8
1244.546,7
1244.626,7
1244.706,9
1244.786,8
1244.865,9
1244.945,8
1245.025,4
1245.105,4
1245.184,3
1245.264,5
1245.344,7
1245.424,7
1245.503,7
1245.583,7
1245.663,6
1245.743,7
1245.823,9
1245.902,9
1245.982,8
1246.062,11
1246.142,9
1246.222,8
1246.301,9
1246.381,6
1246.461,8
1246.541,6
1246.621,7
1246.7,6
1246.78,4
1246.86,6
1246.94,8
1247.02,11
1247.1,13
1247.179,13
1247.259,10
1247.339,12
1247.419,12
1247.499,11
1247.579,10
1247.659,7
1247.738,6
1247.818,5
1247.898,5
1247.978,4
1248.058,5
1248.138,5
1248.218,4
1248.297,2
1248.377,0
1248.457,0
1248.537,3
1248.617,4
1248.697,5
1248.777,6
1248.857,7
1248.937,8
1249.016,9
1249.096,12
1249.176,9
1249.256,12
1249.336,12
1249.416,11
1249.496,13
1249.576,10
1249.656,9
1249.736,8
1249.816,6
1249.895,6
1249.975,6
1250.055,7
1250.135,6
1250.215,7
1250.295,8
1250.375,10
1250.455,10
1250.535,11
1250.615,11
1250.695,8
1250.775,7
1250.855,5
1250.935,8
1251.015,11
1251.095,12
1251.175,14
1251.255,11
1251.335,9
1251.414,11
1251.494,8
1251.574,10
1251.654,11
1251.734,10
1251.814,10
1251.894,9
1251.974,9
1252.054,7
1252.134,6
1252.214,5
1252.294,4
1252.374,8
1252.454,8
1252.534,9
1252.614,8
1252.694,3
1252.774,3
1252.854,2
1252.934,2
1253.015,4
1253.095,7
1253.175,8
1253.255,12
1253.335,12
1253.415,7
1253.495,7
1253.575,3
1253.655,5
1253.735,5
1253.815,4
1253.895,5
1253.975,5
1254.055,7
1254.135,8
1254.215,8
1254.295,5
1254.375,7
1254.455,7
1254.535,6
1254.616,8
1254.696,5
1254.776,4
1254.856,6
1254.936,5
1255.016,6
1255.096,6
1255.176,6
1255.256,8
1255.336,7
1255.416,9
1255.497,7
1255.577,4
1255.657,5
1255.737,5
1255.817,6
1255.897,5
1255.977,5
1256.057,3
1256.138,3
1256.218,6
1256.298,8
1256.378,9
1256.458,9
1256.538,14
1256.618,11
1256.698,10
1256.779,9
1256.859,2
1256.939,3
1257.019,4
1257.099,6
1257.179,10
1257.26,12
1257.34,11
1257.42,11
1257.5,7
1257.58,7
1257.66,8
1257.741,7
1257.821,7
1257.901,7
1257.981,6
1258.061,6
1258.142,7
1258.222,5
1258.302,6
1258.382,6
1258.462,8
1258.543,8
1258.623,8
1258.703,10
1258.783,8
1258.863,7
1258.944,8
1259.024,7
1259.104,6
1259.184,10
1259.265,9
1259.345,9
1259.425,12
1259.505,11
1259.585,10
1259.666,11
1259.746,10
1259.826,12
1259.906,12
1259.987,9
1260.067,7
1260.147,2
1260.227,2
1260.308,3
1260.388,5
1260.468,8
1260.549,11
1260.629,11
1260.709,9
1260.789,11
1260.87,8
1260.95,8
1261.03,8
1261.11,6
1261.191,7
1261.271,8
1261.351,10
1261.432,10
1261.512,11
1261.592,9
1261.673,12
1261.753,12
1261.833,11
1261.914,14
1261.994,13
1262.074,11
1262.154,12
1262.235,13
1262.315,10
1262.395,12
1262.476,11
1262.556,7
1262.636,10
1262.717,9
1262.797,8
1262.877,9
1262.958,6
1263.038,5
1263.119,6
1263.199,9
1263.279,10
1263.36,9
1263.44,9
1263.52,9
1263.601,9
1263.681,9
1263.761,9
1263.842,6
1263.922,6
1264.003,7
1264.083,9
1264.163,9
1264.244,9
1264.324,11
1264.405,9
1264.485,10
1264.565,8
1264.646,7
1264.726,6
1264.807,5
1264.887,6
1264.967,6
1265.048,7
1265.128,8
1265.209,7
1265.289,5
1265.369,5
1265.45,6
1265.53,9
1265.611,9
1265.691,9
1265.772,8
1265.852,6
1265.933,8
1266.013,7
1266.093,5
1266.174,6
1266.254,5
1266.335,5
1266.415,7
1266.496,4
1266.576,4
1266.657,4
1266.737,3
1266.818,4
1266.898,4
1266.979,7
1267.059,7
1267.14,12
1267.22,10
1267.3,10
1267.381,10
1267.461,7
1267.542,8
1267.622,5
1267.703,5
1267.783,3
1267.864,5
1267.944,8
1268.025,10
1268.106,11
1268.186,10
1268.267,8
1268.347,7
1268.428,8
1268.508,7
1268.589,8
1268.669,7
1268.75,9
1268.83,8
1268.911,8
1268.991,8
1269.072,7
1269.152,7
1269.233,5
1269.314,5
1269.394,3
1269.475,7
1269.555,8
1269.636,10
1269.716,10
1269.797,6
1269.877,7
1269.958,5
1270.039,5
1270.119,6
1270.2,6
1270.28,7
1270.361,10
1270.442,9
1270.522,7
1270.603,6
1270.683,4
1270.764,6
1270.845,8
1270.925,10
1271.006,9
1271.086,8
1271.167,10
1271.248,11
1271.328,11
1271.409,10
1271.489,7
1271.57,5
1271.651,9
1271.731,12
1271.812,12
1271.893,11
1271.973,9
1272.054,7
1272.135,9
1272.215,9
1272.296,9
1272.377,10
1272.457,8
1272.538,7
1272.618,4
1272.699,4
1272.78,5
1272.86,6
1272.941,5
1273.022,5
1273.103,4
1273.183,6
1273.264,11
1273.345,12
1273.425,13
1273.506,11
1273.587,11
1273.667,10
1273.748,12
1273.829,14
1273.909,12
1273.99,12
1274.071,11
1274.152,10
1274.232,9
1274.313,13
1274.394,13
1274.474,14
1274.555,14
1274.636,10
1274.717,7
1274.797,6
1274.878,7
1274.959,9
1275.04,9
1275.12,8
1275.201,11
1275.282,8
1275.362,10
1275.443,11
1275.524,9
1275.605,8
1275.686,7
1275.766,6
1275.847,6
1275.928,6
1276.009,6
1276.089,7
1276.17,4
1276.251,7
1276.332,7
1276.412,5
1276.493,8
1276.574,7
1276.655,6
1276.736,6
1276.816,7
1276.897,9
1276.978,11
1277.059,13
1277.14,12
1277.22,11
1277.301,13
1277.382,12
1277.463,10
1277.544,8
1277.625,6
1277.705,6
1277.786,5
1277.867,6
1277.948,5
1278.029,7
1278.109,7
1278.19,6
1278.271,5
1278.352,4
1278.433,5
1278.514,6
1278.595,7
1278.675,7
1278.756,8
1278.837,7
1278.918,10
1278.999,12
1279.08,11
1279.161,11
1279.241,9
1279.322,5
1279.403,4
1279.484,6
1279.565,4
1279.646,6
1279.727,5
1279.808,3
1279.889,3
1279.969,1
1280.05,2
1280.131,3
1280.212,4
1280.293,4
1280.374,6
1280.455,8
1280.536,8
1280.617,9
1280.698,6
1280.779,2
1280.86,2
1280.94,3
1281.021,3
1281.102,7
1281.183,7
1281.264,6
1281.345,8
1281.426,6
1281.507,6
1281.588,6
1281.669,4
1281.75,3
1281.831,2
1281.912,2
1281.993,7
1282.074,7
1282.155,7
1282.236,9
1282.317,5
1282.398,6
1282.479,9
1282.56,9
1282.641,12
1282.722,11
1282.803,9
1282.883,10
1282.964,9
1283.045,11
1283.126,10
1283.207,6
1283.288,6
1283.369,3
1283.451,5
1283.532,6
1283.613,6
1283.694,7
1283.775,6
1283.856,8
1283.937,5
1284.018,6
1284.099,5
1284.18,4
1284.261,9
1284.342,10
1284.423,11
1284.504,9
1284.585,4
1284.666,7
1284.747,9
1284.828,10
1284.909,13
1284.99,9
1285.071,6
1285.152,5
1285.233,8
1285.314,7
1285.395,7
1285.477,9
1285.558,3
1285.639,5
1285.72,5
1285.801,4
1285.882,5
1285.963,4
1286.044,7
1286.125,8
1286.206,8
1286.287,12
1286.369,9
1286.45,7
1286.531,8
1286.612,7
1286.693,7
1286.774,7
1286.855,8
1286.936,8
1287.017,9
1287.099,9
1287.18,11
1287.261,9
1287.342,9
1287.423,11
1287.504,10
1287.585,8
1287.667,7
1287.748,7
1287.829,8
1287.91,8
1287.991,8
1288.072,8
1288.153,4
1288.235,6
1288.316,8
1288.397,6
1288.478,6
1288.559,6
1288.64,5
1288.722,7
1288.803,10
1288.884,11
1288.965,12
1289.046,12
1289.128,14
1289.209,13
1289.29,13
1289.371,11
1289.452,9
1289.534,9
1289.615,7
1289.696,7
1289.777,7
1289.858,7
1289.94,8
1290.021,9
1290.102,9
1290.183,8
1290.265,7
1290.346,9
1290.427,7
1290.508,9
1290.589,9
1290.671,10
1290.752,10
1290.833,9
1290.914,9
1290.996,8
1291.077,8
1291.158,9
1291.239,9
1291.321,6
1291.402,6
1291.483,5
1291.565,8
1291.646,9
1291.727,7
1291.808,8
1291.89,6
1291.971,6
1292.052,10
1292.134,10
1292.215,9
1292.296,9
1292.377,13
1292.459,10
1292.54,10
1292.621,11
1292.703,8
1292.784,7
1292.865,10
1292.947,11
1293.028,10
1293.109,11
1293.19,10
1293.272,9
1293.353,9
1293.434,15
1293.516,14
1293.597,15
1293.678,14
1293.76,13
1293.841,14
1293.922,13
1294.004,13
1294.085,12
1294.167,11
1294.248,10
1294.329,11
1294.411,9
1294.492,11
1294.573,10
1294.655,10
1294.736,8
1294.817,7
1294.899,9
1294.98,7
1295.062,7
1295.143,5
1295.224,5
1295.306,4
1295.387,5
1295.469,6
1295.55,7
1295.631,8
1295.713,9
1295.794,9
1295.876,11
1295.957,14
1296.038,13
1296.12,16
1296.201,11
1296.283,8
1296.364,6
1296.445,5
1296.527,6
1296.608,5
1296.69,8
1296.771,5
1296.853,5
1296.934,9
1297.016,7
1297.097,8
1297.178,8
1297.26,5
1297.341,7
1297.423,8
1297.504,8
1297.586,7
1297.667,4
1297.749,3
1297.83,2
1297.912,5
1297.993,8
1298.075,9
1298.156,11
1298.237,8
1298.319,5
1298.4,5
1298.482,4
1298.563,6
1298.645,9
1298.726,7
1298.808,7
1298.889,8
1298.971,6
1299.052,7
1299.134,8
1299.215,6
1299.297,8
1299.379,8
1299.46,8
1299.542,11
1299.623,8
1299.705,9
1299.786,8
1299.868,4
1299.949,6
1300.031,5
1300.112,7
1300.194,7
1300.275,7
1300.357,7
1300.438,6
1300.52,8
1300.602,7
1300.683,6
1300.765,8
1300.846,9
1300.928,9
1301.009,11
1301.091,11
1301.173,10
1301.254,9
1301.336,8
1301.417,5
1301.499,4
1301.581,5
1301.662,4
1301.744,4
1301.825,3
1301.907,5
1301.988,6
1302.07,7
1302.152,9
1302.233,9
1302.315,8
1302.397,8
1302.478,6
1302.56,6
1302.641,6
1302.723,6
1302.805,8
1302.886,6
1302.968,7
1303.05,7
1303.131,6
1303.213,8
1303.294,7
1303.376,8
1303.458,8
1303.539,9
1303.621,9
1303.703,6
1303.784,5
1303.866,7
1303.948,7
1304.029,9
1304.111,9
1304.193,7
1304.274,7
1304.356,7
1304.438,9
1304.519,7
1304.601,8
1304.683,7
1304.765,6
1304.846,5
1304.928,4
1305.01,4
1305.091,3
1305.173,2
1305.255,3
1305.336,2
1305.418,2
1305.5,9
1305.582,9
1305.663,11
1305.745,15
1305.827,10
1305.908,9
1305.99,14
1306.072,13
1306.154,12
1306.235,13
1306.317,7
1306.399,8
1306.481,10
1306.562,11
1306.644,10
1306.726,7
1306.808,7
1306.889,7
1306.971,8
1307.053,8
1307.135,11
1307.216,10
1307.298,14
1307.38,15
1307.462,11
1307.544,11
1307.625,9
1307.707,8
1307.789,7
1307.871,9
1307.953,7
1308.034,11
1308.116,13
1308.198,11
1308.28,12
1308.362,7
1308.443,6
1308.525,7
1308.607,5
1308.689,5
1308.771,6
1308.852,4
1308.934,5
1309.016,4
1309.098,3
1309.18,5
1309.262,6
1309.343,11
1309.425,16
1309.507,16
1309.589,13
1309.671,10
1309.753,9
1309.834,7
1309.916,8
1309.998,7
1310.08,5
1310.162,6
1310.244,5
1310.326,5
1310.407,6
1310.489,4
1310.571,7
1310.653,7
1310.735,6
1310.817,6
1310.899,5
1310.981,6
1311.063,5
1311.144,7
1311.226,6
1311.308,7
1311.39,11
1311.472,10
1311.554,10
1311.636,8
1311.718,5
1311.8,5
1311.882,4
1311.964,3
1312.045,5
1312.127,4
1312.209,7
1312.291,6
1312.373,5
1312.455,8
1312.537,9
1312.619,12
1312.701,13
1312.783,12
1312.865,12
1312.947,12
1313.029,13
1313.111,12
1313.193,12
1313.275,12
1313.357,10
1313.439,12
1313.521,9
1313.602,8
1313.684,9
1313.766,6
1313.848,7
1313.93,7
1314.012,6
1314.094,6
1314.176,6
1314.258,8
1314.34,8
1314.422,8
1314.504,7
1314.586,7
1314.668,6
1314.75,7
1314.832,9
1314.914,6
1314.996,5
1315.078,5
1315.16,2
1315.242,2
1315.324,6
1315.407,5
1315.489,6
1315.571,6
1315.653,4
1315.735,4
1315.817,7
1315.899,6
1315.981,7
1316.063,9
1316.145,6
1316.227,8
1316.309,8
1316.391,6
1316.473,6
1316.555,6
1316.637,6
1316.719,9
1316.801,14
1316.883,14
1316.966,11
1317.048,9
1317.13,7
1317.212,7
1317.294,8
1317.376,10
1317.458,7
1317.54,8
1317.622,7
1317.704,5
1317.787,4
1317.869,4
1317.951,4
1318.033,4
1318.115,7
1318.197,6
1318.279,7
1318.361,9
1318.443,6
1318.526,6
1318.608,8
1318.69,8
1318.772,9
1318.854,9
1318.936,10
1319.018,7
1319.101,8
1319.183,6
1319.265,3
1319.347,5
1319.429,3
1319.511,6
1319.593,7
1319.676,5
1319.758,6
1319.84,4
1319.922,3
1320.004,6
1320.087,6
1320.169,7
1320.251,8
1320.333,7
1320.415,8
1320.497,6
1320.58,8
1320.662,7
1320.744,8
1320.826,10
1320.908,12
1320.991,12
1321.073,9
1321.155,9
1321.237,6
1321.319,7
1321.402,9
1321.484,13
1321.566,12
1321.648,10
1321.731,11
1321.813,7
1321.895,7
1321.977,9
1322.06,10
1322.142,14
1322.224,19
1322.306,17
1322.389,14
1322.471,9
1322.553,4
1322.635,5
1322.718,5
1322.8,6
1322.882,4
1322.964,5
1323.047,6
1323.129,4
1323.211,6
1323.293,5
1323.376,6
1323.458,9
1323.54,10
1323.623,11
1323.705,9
1323.787,8
1323.87,8
1323.952,7
1324.034,7
1324.116,8
1324.199,7
1324.281,7
1324.363,6
1324.446,5
1324.528,5
1324.61,6
1324.693,7
1324.775,6
1324.857,6
1324.94,4
1325.022,6
1325.104,9
1325.187,9
1325.269,11
1325.351,14
1325.434,10
1325.516,10
1325.598,9
1325.681,3
1325.763,3
1325.845,2
1325.928,3
1326.01,4
1326.093,6
1326.175,5
1326.257,3
1326.34,3
1326.422,2
1326.504,6
1326.587,7
1326.669,9
1326.752,9
1326.834,8
1326.916,8
1326.999,9
1327.081,11
1327.164,9
1327.246,9
1327.328,8
1327.411,6
1327.493,6
1327.576,6
1327.658,4
1327.74,4
1327.823,5
1327.905,5
1327.988,6
1328.07,5
1328.153,5
1328.235,5
1328.317,5
1328.4,6
1328.482,9
1328.565,9
1328.647,8
1328.73,8
1328.812,4
1328.895,6
1328.977,6
1329.06,7
1329.142,7
1329.224,5
1329.307,5
1329.389,5
1329.472,7
1329.554,7
1329.637,8
1329.719,6
1329.802,4
1329.884,6
1329.967,6
1330.049,10
1330.132,13
1330.214,11
1330.297,10
1330.379,10
1330.462,9
1330.544,10
1330.627,14
1330.709,10
1330.792,10
1330.874,10
1330.957,6
1331.039,7
1331.122,5
1331.204,4
1331.287,5
1331.37,5
1331.452,7
1331.535,6
1331.617,6
1331.7,8
1331.782,6
1331.865,7
1331.947,8
1332.03,11
1332.112,10
1332.195,10
1332.278,9
1332.36,6
1332.443,7
1332.525,9
1332.608,9
1332.69,7
1332.773,8
1332.856,6
1332.938,5
1333.021,5
1333.103,9
1333.186,8
1333.269,8
1333.351,7
1333.434,4
1333.516,5
1333.599,4
1333.682,7
1333.764,6
1333.847,6
1333.929,7
1334.012,5
1334.095,4
1334.177,4
1334.26,5
1334.342,5
1334.425,7
1334.508,6
1334.59,6
1334.673,7
1334.756,9
1334.838,11
1334.921,10
1335.004,10
1335.086,7
1335.169,7
1335.252,7
1335.334,8
1335.417,7
1335.5,7
1335.582,6
1335.665,4
1335.748,4
1335.83,5
1335.913,6
1335.996,5
1336.078,6
1336.161,4
1336.244,4
1336.326,6
1336.409,7
1336.492,7
1336.574,7
1336.657,7
1336.74,6
1336.823,6
1336.905,8
1336.988,8
1337.071,6
1337.153,5
1337.236,4
1337.319,5
1337.402,7
1337.484,8
1337.567,12
1337.65,10
1337.733,12
1337.815,12
1337.898,8
1337.981,9
1338.063,7
1338.146,7
1338.229,5
1338.312,3
1338.394,2
1338.477,2
1338.56,2
1338.643,3
1338.726,3
1338.808,2
1338.891,4
1338.974,7
1339.057,9
1339.139,10
1339.222,9
1339.305,7
1339.388,6
1339.471,6
1339.553,7
1339.636,7
1339.719,9
1339.802,10
1339.885,11
1339.967,10
1340.05,8
1340.133,6
1340.216,4
1340.299,5
1340.381,3
1340.464,4
1340.547,6
1340.63,7
1340.713,8
1340.796,9
1340.878,9
1340.961,7
1341.044,10
1341.127,10
1341.21,9
1341.293,10
1341.375,12
1341.458,10
1341.541,8
1341.624,9
1341.707,5
1341.79,6
1341.873,9
1341.955,7
1342.038,6
1342.121,8
1342.204,6
1342.287,7
1342.37,7
1342.453,5
1342.536,8
1342.619,7
1342.701,8
1342.784,8
1342.867,4
1342.95,4
1343.033,7
1343.116,8
1343.199,8
1343.282,9
1343.365,5
1343.448,3
1343.53,3
1343.613,3
1343.696,3
1343.779,4
1343.862,5
1343.945,6
1344.028,8
1344.111,7
1344.194,9
1344.277,9
1344.36,8
1344.443,8
1344.526,10
1344.609,9
1344.692,8
1344.775,8
1344.857,4
1344.94,3
1345.023,7
1345.106,8
1345.189,9
1345.272,11
1345.355,13
1345.438,13
1345.521,14
1345.604,14
1345.687,11
1345.77,12
1345.853,11
1345.936,10
1346.019,12
1346.102,9
1346.185,10
1346.268,7
1346.351,6
1346.434,7
1346.517,9
1346.6,11
1346.683,14
1346.766,13
1346.849,9
1346.932,10
1347.015,6
1347.098,7
1347.181,7
1347.264,7
1347.347,8
1347.431,7
1347.514,9
1347.597,12
1347.68,11
1347.763,12
1347.846,9
1347.929,5
1348.012,6
1348.095,6
1348.178,5
1348.261,5
1348.344,8
1348.427,8
1348.51,11
1348.593,15
1348.676,11
1348.76,13
1348.843,13
1348.926,11
1349.009,11
1349.092,8
1349.175,5
1349.258,4
1349.341,4
1349.424,5
1349.507,8
1349.59,6
1349.674,8
1349.757,8
1349.84,7
1349.923,6
1350.006,5
1350.089,4
1350.172,2
1350.255,3
1350.339,3
1350.422,5
1350.505,9
1350.588,11
1350.671,12
1350.754,10
1350.837,7
1350.921,8
1351.004,6
1351.087,9
1351.17,8
1351.253,8
1351.336,9
1351.42,6
1351.503,8
1351.586,6
1351.669,7
1351.752,7
1351.835,10
1351.919,11
1352.002,13
1352.085,13
1352.168,10
1352.251,9
1352.335,8
1352.418,10
1352.501,9
1352.584,9
1352.667,7
1352.751,5
1352.834,4
1352.917,4
1353.00,5
1353.083,8
1353.167,9
1353.25,8
1353.333,7
1353.416,5
1353.5,7
1353.583,7
1353.666,6
1353.749,5
1353.832,4
1353.916,5
1353.999,7
1354.082,7
1354.165,6
1354.249,7
1354.332,6
1354.415,6
1354.498,7
1354.582,6
1354.665,5
1354.748,6
1354.832,5
1354.915,4
1354.998,7
1355.081,6
1355.165,8
1355.248,7
1355.331,4
1355.415,4
1355.498,4
1355.581,7
1355.664,8
1355.748,8
1355.831,7
1355.914,7
1355.998,5
1356.081,8
1356.164,7
1356.248,7
1356.331,9
1356.414,7
1356.498,6
1356.581,4
1356.664,5
1356.748,7
1356.831,12
1356.914,15
1356.998,15
1357.081,12
1357.164,9
1357.248,8
1357.331,9
1357.414,11
1357.498,10
1357.581,11
1357.664,8
1357.748,10
1357.831,10
1357.914,9
1357.998,8
1358.081,7
1358.165,9
1358.248,7
1358.331,11
1358.415,10
1358.498,9
1358.581,10
1358.665,12
1358.748,10
1358.832,12
1358.915,10
1358.998,9
1359.082,10
1359.165,7
1359.249,11
1359.332,8
1359.416,8
1359.499,8
1359.582,10
1359.666,8
1359.749,10
1359.833,11
1359.916,6
1360.00,9
1360.083,8
1360.166,7
1360.25,6
1360.333,8
1360.417,9
1360.5,10
1360.584,11
1360.667,7
1360.751,5
1360.834,3
1360.917,3
1361.001,3
1361.084,3
1361.168,6
1361.251,7
1361.335,6
1361.418,6
1361.502,5
1361.585,7
1361.669,8
1361.752,8
1361.836,8
1361.919,8
1362.003,9
1362.086,9
1362.17,10
1362.253,9
1362.337,8
1362.42,7
1362.504,6
1362.587,5
1362.671,6
1362.754,8
1362.838,6
1362.921,7
1363.005,6
1363.088,6
1363.172,8
1363.255,9
1363.339,10
1363.423,10
1363.506,9
1363.59,7
1363.673,9
1363.757,9
1363.84,10
1363.924,10
1364.007,12
1364.091,12
1364.175,10
1364.258,10
1364.342,5
1364.425,3
1364.509,5
1364.592,10
1364.676,9
1364.76,10
1364.843,9
1364.927,4
1365.01,5
1365.094,6
1365.178,8
1365.261,8
1365.345,9
1365.428,8
1365.512,5
1365.596,3
1365.679,3
1365.763,2
1365.846,2
1365.93,3
1366.014,4
1366.097,4
1366.181,5
1366.264,7
1366.348,6
1366.432,7
1366.515,9
1366.599,8
1366.683,7
1366.766,6
1366.85,5
1366.934,7
1367.017,9
1367.101,10
1367.185,11
1367.268,8
1367.352,9
1367.436,11
1367.519,9
1367.603,9
1367.687,7
1367.77,4
1367.854,5
1367.938,5
1368.021,7
1368.105,9
1368.189,11
1368.272,13
1368.356,12
1368.44,10
1368.523,7
1368.607,7
1368.691,7
1368.775,8
1368.858,10
1368.942,8
1369.026,5
1369.109,6
1369.193,3
1369.277,3
1369.361,4
1369.444,2
1369.528,4
1369.612,5
1369.696,7
1369.779,7
1369.863,9
1369.947,8
1370.03,6
1370.114,8
1370.198,6
1370.282,9
1370.366,12
1370.449,11
1370.533,9
1370.617,6
1370.701,4
1370.784,3
1370.868,5
1370.952,5
1371.036,7
1371.119,9
1371.203,8
1371.287,8
1371.371,8
1371.455,7
1371.538,9
1371.622,13
1371.706,9
1371.79,9
1371.874,11
1371.957,10
1372.041,10
1372.125,11
1372.209,14
1372.293,9
1372.376,13
1372.46,11
1372.544,10
1372.628,12
1372.712,8
1372.796,7
1372.879,4
1372.963,3
1373.047,4
1373.131,4
1373.215,3
1373.299,3
1373.383,5
1373.466,6
1373.55,6
1373.634,8
1373.718,5
1373.802,5
1373.886,7
1373.97,5
1374.053,5
1374.137,4
1374.221,3
1374.305,2
1374.389,1
1374.473,2
1374.557,2
1374.641,3
1374.724,5
1374.808,4
1374.892,4
1374.976,4
1375.06,6
1375.144,8
1375.228,7
1375.312,13
1375.396,11
1375.48,11
1375.564,11
1375.647,5
1375.731,4
1375.815,4
1375.899,6
1375.983,5
1376.067,5
1376.151,3
1376.235,2
1376.319,2
1376.403,5
1376.487,5
1376.571,5
1376.655,7
1376.739,4
1376.823,4
1376.907,7
1376.991,7
1377.075,7
1377.158,8
1377.242,6
1377.326,9
1377.41,8
1377.494,10
1377.578,8
1377.662,6
1377.746,8
1377.83,6
1377.914,7
1377.998,5
1378.082,8
1378.166,8
1378.25,9
1378.334,12
1378.418,11
1378.502,10
1378.586,8
1378.67,7
1378.754,4
1378.838,5
1378.922,8
1379.006,5
1379.09,6
1379.175,5
1379.259,4
1379.343,8
1379.427,7
1379.511,9
1379.595,8
1379.679,9
1379.763,9
1379.847,11
1379.931,12
1380.015,10
1380.099,14
1380.183,10
1380.267,12
1380.351,12
1380.435,9
1380.519,11
1380.603,8
1380.688,12
1380.772,10
1380.856,10
1380.94,10
1381.024,4
1381.108,6
1381.192,4
1381.276,3
1381.36,2
1381.444,2
1381.528,3
1381.613,5
1381.697,6
1381.781,6
1381.865,5
1381.949,7
1382.033,8
1382.117,6
1382.201,7
1382.285,4
1382.37,5
1382.454,5
1382.538,5
1382.622,6
1382.706,7
1382.79,9
1382.874,10
1382.959,10
1383.043,9
1383.127,9
1383.211,10
1383.295,12
1383.379,11
1383.464,12
1383.548,10
1383.632,6
1383.716,6
1383.8,7
1383.884,6
1383.969,7
1384.053,9
1384.137,5
1384.221,7
1384.305,7
1384.39,5
1384.474,5
1384.558,4
1384.642,5
1384.726,6
1384.811,9
1384.895,9
1384.979,9
1385.063,9
1385.147,7
1385.232,8
1385.316,6
1385.4,4
1385.484,6
1385.568,5
1385.653,5
1385.737,5
1385.821,2
1385.905,1
1385.99,3
1386.074,3
1386.158,5
1386.242,5
1386.327,4
1386.411,5
1386.495,4
1386.579,4
1386.664,5
1386.748,3
1386.832,4
1386.917,5
1387.001,6
1387.085,12
1387.169,14
1387.254,16
1387.338,14
1387.422,11
1387.506,9
1387.591,7
1387.675,11
1387.759,11
1387.844,12
1387.928,12
1388.012,8
1388.097,3
1388.181,5
1388.265,5
1388.35,8
1388.434,10
1388.518,10
1388.602,10
1388.687,7
1388.771,7
1388.855,5
1388.94,6
1389.024,7
1389.108,5
1389.193,3
1389.277,2
1389.361,1
1389.446,6
1389.53,6
1389.615,8
1389.699,9
1389.783,4
1389.868,5
1389.952,3
1390.036,3
1390.121,3
1390.205,5
1390.289,5
1390.374,5
1390.458,5
1390.543,6
1390.627,6
1390.711,6
1390.796,6
1390.88,4
1390.965,6
1391.049,8
1391.133,10
1391.218,12
1391.302,12
1391.387,11
1391.471,9
1391.555,7
1391.64,6
1391.724,5
1391.809,6
1391.893,7
1391.978,6
1392.062,7
1392.146,7
1392.231,8
1392.315,9
1392.4,9
1392.484,10
1392.569,6
1392.653,6
1392.737,5
1392.822,7
1392.906,8
1392.991,8
1393.075,8
1393.16,4
1393.244,8
1393.329,8
1393.413,8
1393.498,8
1393.582,6
1393.667,6
1393.751,6
1393.836,6
1393.92,7
1394.005,8
1394.089,8
1394.174,8
1394.258,5
1394.343,3
1394.427,4
1394.512,9
1394.596,9
1394.681,10
1394.765,12
1394.85,8
1394.934,9
1395.019,10
1395.103,6
1395.188,7
1395.272,9
1395.357,10
1395.441,12
1395.526,10
1395.61,7
1395.695,4
1395.779,2
1395.864,1
1395.949,1
1396.033,2
1396.118,2
1396.202,3
1396.287,5
1396.371,5
1396.456,9
1396.54,12
1396.625,10
1396.71,11
1396.794,12
1396.879,9
1396.963,9
1397.048,7
1397.133,6
1397.217,7
1397.302,11
1397.386,12
1397.471,9
1397.556,8
1397.64,9
1397.725,8
1397.809,8
1397.894,10
1397.979,6
1398.063,6
1398.148,6
1398.232,6
1398.317,6
1398.402,7
1398.486,9
1398.571,8
1398.656,8
1398.74,7
1398.825,5
1398.909,4
1398.994,6
1399.079,6
1399.163,5
1399.248,6
1399.333,7
1399.417,7
1399.502,8
1399.587,9
1399.671,5
1399.756,5
1399.841,5
1399.925,4
1400.01,4
1400.095,7
1400.179,8
1400.264,9
1400.349,9
1400.433,9
1400.518,9
1400.603,7
1400.688,8
1400.772,7
1400.857,6
1400.942,7
1401.026,12
1401.111,10
1401.196,10
1401.28,8
1401.365,2
1401.45,2
1401.535,3
1401.619,5
1401.704,6
1401.789,8
1401.874,7
1401.958,7
1402.043,9
1402.128,7
1402.212,9
1402.297,10
1402.382,8
1402.467,9
1402.551,8
1402.636,8
1402.721,8
1402.806,8
1402.891,6
1402.975,6
1403.06,7
1403.145,8
1403.23,8
1403.314,7
1403.399,7
1403.484,8
1403.569,10
1403.654,12
1403.738,9
1403.823,8
1403.908,8
1403.993,5
1404.077,8
1404.162,8
1404.247,7
1404.332,7
1404.417,10
1404.502,9
1404.586,8
1404.671,10
1404.756,5
1404.841,5
1404.926,7
1405.01,5
1405.095,7
1405.18,6
1405.265,7
1405.35,12
1405.435,11
1405.52,14
1405.604,12
1405.689,10
1405.774,10
1405.859,8
1405.944,8
1406.029,6
1406.113,11
1406.198,12
1406.283,11
1406.368,11
1406.453,6
1406.538,4
1406.623,5
1406.708,5
1406.792,6
1406.877,7
1406.962,8
1407.047,10
1407.132,9
1407.217,10
1407.302,11
1407.387,11
1407.472,9
1407.557,10
1407.641,8
1407.726,6
1407.811,11
1407.896,10
1407.981,11
1408.066,10
1408.151,8
1408.236,8
1408.321,7
1408.406,8
1408.491,6
1408.576,6
1408.661,6
1408.746,7
1408.83,7
1408.915,8
1409.00,7
1409.085,6
1409.17,7
1409.255,8
1409.34,10
1409.425,10
1409.51,13
1409.595,14
1409.68,12
1409.765,13
1409.85,12
1409.935,8
1410.02,9
1410.105,8
1410.19,7
1410.275,9
1410.36,9
1410.445,8
1410.53,7
1410.615,6
1410.7,6
1410.785,9
1410.87,7
1410.955,11
1411.04,10
1411.125,6
1411.21,8
1411.295,6
1411.38,7
1411.465,7
1411.55,8
1411.635,5
1411.72,4
1411.805,8
1411.89,8
1411.975,7
1412.06,8
1412.145,10
1412.23,8
1412.316,11
1412.401,11
1412.486,9
1412.571,8
1412.656,9
1412.741,9
1412.826,6
1412.911,9
1412.996,10
1413.081,10
1413.166,10
1413.251,9
1413.336,5
1413.421,4
1413.507,5
1413.592,7
1413.677,6
1413.762,8
1413.847,9
1413.932,5
1414.017,6
1414.102,4
1414.187,4
1414.272,5
1414.358,8
1414.443,10
1414.528,9
1414.613,8
1414.698,7
1414.783,7
1414.868,8
1414.953,10
1415.039,8
1415.124,6
1415.209,6
1415.294,6
1415.379,7
1415.464,8
1415.55,7
1415.635,8
1415.72,9
1415.805,10
1415.89,11
1415.975,10
1416.06,8
1416.146,7
1416.231,8
1416.316,9
1416.401,12
1416.486,13
1416.572,10
1416.657,8
1416.742,5
1416.827,4
1416.912,3
1416.997,5
1417.083,5
1417.168,5
1417.253,7
1417.338,9
1417.424,9
1417.509,10
1417.594,15
1417.679,15
1417.764,14
1417.85,16
1417.935,12
1418.02,12
1418.105,13
1418.191,11
1418.276,10
1418.361,6
1418.446,5
1418.531,5
1418.617,4
1418.702,7
1418.787,8
1418.872,8
1418.958,10
1419.043,9
1419.128,10
1419.214,10
1419.299,9
1419.384,9
1419.469,9
1419.555,13
1419.64,14
1419.725,12
1419.81,13
1419.896,8
1419.981,6
1420.066,6
1420.152,4
1420.237,5
1420.322,6
1420.408,6
1420.493,6
1420.578,6
1420.663,4
1420.749,7
1420.834,7
1420.919,7
1421.005,12
1421.09,12
1421.175,12
1421.261,13
1421.346,8
1421.431,6
1421.517,6
1421.602,4
1421.687,5
1421.773,6
1421.858,7
1421.943,7
1422.029,8
1422.114,6
1422.199,4
1422.285,3
1422.37,1
1422.456,5
1422.541,5
1422.626,10
1422.712,15
1422.797,12
1422.882,12
1422.968,13
1423.053,10
1423.139,9
1423.224,11
1423.309,7
1423.395,7
1423.48,6
1423.566,5
1423.651,6
1423.736,5
1423.822,8
1423.907,8
1423.993,6
1424.078,6
1424.163,8
1424.249,7
1424.334,6
1424.42,7
1424.505,3
1424.59,6
1424.676,9
1424.761,9
1424.847,9
1424.932,6
1425.018,4
1425.103,4
1425.189,3
1425.274,6
1425.359,7
1425.445,6
1425.53,7
1425.616,4
1425.701,4
1425.787,4
1425.872,5
1425.958,6
1426.043,4
1426.129,4
1426.214,3
1426.3,2
1426.385,5
1426.471,5
1426.556,6
1426.642,8
1426.727,9
1426.813,12
1426.898,10
1426.984,10
1427.069,6
1427.155,3
1427.24,6
1427.326,6
1427.411,9
1427.497,8
1427.582,6
1427.668,4
1427.753,1
1427.839,4
1427.924,6
1428.01,6
1428.095,6
1428.181,7
1428.266,5
1428.352,6
1428.438,8
1428.523,7
1428.609,7
1428.694,9
1428.78,8
1428.865,5
1428.951,6
1429.036,5
1429.122,5
1429.208,7
1429.293,10
1429.379,10
1429.464,10
1429.55,9
1429.635,6
1429.721,4
1429.807,8
1429.892,8
1429.978,7
1430.063,7
1430.149,2
1430.235,2
1430.32,3
1430.406,4
1430.491,7
1430.577,7
1430.663,7
1430.748,8
1430.834,6
1430.919,7
1431.005,7
1431.091,5
1431.176,5
1431.262,4
1431.348,3
1431.433,3
1431.519,8
1431.605,8
1431.69,8
1431.776,8
1431.862,4
1431.947,7
1432.033,8
1432.118,9
1432.204,9
1432.29,7
1432.375,7
1432.461,8
1432.547,7
1432.632,5
1432.718,7
1432.804,6
1432.89,8
1432.975,9
1433.061,6
1433.147,6
1433.232,6
1433.318,10
1433.404,9
1433.489,9
1433.575,9
1433.661,7
1433.747,9
1433.832,11
1433.918,9
1434.004,8
1434.089,7
1434.175,5
1434.261,6
1434.347,5
1434.432,8
1434.518,9
1434.604,8
1434.689,9
1434.775,9
1434.861,8
1434.947,8
1435.032,7
1435.118,5
1435.204,7
1435.29,9
1435.375,11
1435.461,10
1435.547,8
1435.633,6
1435.719,6
1435.804,5
1435.89,6
1435.976,8
1436.062,7
1436.147,10
1436.233,10
1436.319,9
1436.405,8
1436.491,9
1436.576,10
1436.662,9
1436.748,9
1436.834,7
1436.92,5
1437.005,4
1437.091,7
1437.177,5
1437.263,4
1437.349,4
1437.434,1
1437.52,4
1437.606,6
1437.692,8
1437.778,8
1437.864,7
1437.949,6
1438.035,7
1438.121,11
1438.207,12
1438.293,12
1438.379,11
1438.465,7
1438.55,7
1438.636,9
1438.722,11
1438.808,15
1438.894,16
1438.98,16
1439.066,15
1439.151,12
1439.237,8
1439.323,7
1439.409,7
1439.495,9
1439.581,10
1439.667,11
1439.753,10
1439.838,9
1439.924,9
1440.01,9
1440.096,9
1440.182,11
1440.268,11
1440.354,10
1440.44,9
1440.526,8
1440.612,7
1440.698,7
1440.783,6
1440.869,5
1440.955,6
1441.041,4
1441.127,7
1441.213,7
1441.299,7
1441.385,9
1441.471,9
1441.557,8
1441.643,10
1441.729,9
1441.815,7
1441.901,5
1441.987,3
1442.073,3
1442.159,3
1442.245,4
1442.331,4
1442.417,4
1442.503,3
1442.588,6
1442.674,8
1442.76,7
1442.846,8
1442.932,7
1443.018,4
1443.104,6
1443.19,7
1443.276,8
1443.362,9
1443.448,8
1443.534,8
1443.62,9
1443.706,9
1443.792,9
1443.878,7
1443.964,4
1444.05,3
1444.137,2
1444.223,3
1444.309,3
1444.395,7
1444.481,8
1444.567,8
1444.653,10
1444.739,9
1444.825,8
1444.911,9
1444.997,8
1445.083,6
1445.169,6
1445.255,7
1445.341,6
1445.427,5
1445.513,7
1445.599,5
1445.685,5
1445.771,8
1445.858,6
1445.944,6
1446.03,6
1446.116,4
1446.202,5
1446.288,6
1446.374,7
1446.46,7
1446.546,10
1446.632,9
1446.718,9
1446.805,13
1446.891,9
1446.977,10
1447.063,8
1447.149,6
1447.235,9
1447.321,8
1447.407,7
1447.494,7
1447.58,5
1447.666,5
1447.752,9
1447.838,9
1447.924,10
1448.01,11
1448.096,12
1448.183,10
1448.269,9
1448.355,10
1448.441,8
1448.527,9
1448.613,8
1448.7,7
1448.786,7
1448.872,7
1448.958,9
1449.044,10
1449.13,8
1449.217,8
1449.303,6
1449.389,5
1449.475,6
1449.561,6
1449.648,7
1449.734,6
1449.82,5
1449.906,5
1449.992,6
1450.079,7
1450.165,8
1450.251,6
1450.337,4
1450.423,5
1450.51,4
1450.596,5
1450.682,7
1450.768,6
1450.854,6
1450.941,7
1451.027,5
1451.113,4
1451.199,5
1451.286,6
1451.372,7
1451.458,7
1451.544,9
1451.631,9
1451.717,8
1451.803,10
1451.889,9
1451.976,7
1452.062,7
1452.148,5
1452.234,2
1452.321,3
1452.407,4
1452.493,3
1452.58,4
1452.666,6
1452.752,6
1452.838,6
1452.925,6
1453.011,5
1453.097,4
1453.184,4
1453.27,6
1453.356,6
1453.443,7
1453.529,8
1453.615,9
1453.701,7
1453.788,9
1453.874,9
1453.96,7
1454.047,11
1454.133,12
1454.219,13
1454.306,14
1454.392,11
1454.478,7
1454.565,6
1454.651,5
1454.737,5
1454.824,6
1454.91,6
1454.997,8
1455.083,8
1455.169,8
1455.256,7
1455.342,8
1455.428,8
1455.515,9
1455.601,10
1455.687,11
1455.774,9
1455.86,9
1455.947,10
1456.033,4
1456.119,7
1456.206,5
1456.292,7
1456.379,8
1456.465,8
1456.551,10
1456.638,8
1456.724,9
1456.811,9
1456.897,8
1456.983,9
1457.07,12
1457.156,11
1457.243,13
1457.329,11
1457.415,10
1457.502,8
1457.588,7
1457.675,7
1457.761,3
1457.848,5
1457.934,4
1458.021,5
1458.107,6
1458.193,7
1458.28,8
1458.366,7
1458.453,9
1458.539,9
1458.626,8
1458.712,9
1458.799,10
1458.885,7
1458.972,8
1459.058,7
1459.145,5
1459.231,8
1459.318,8
1459.404,12
1459.491,12
1459.577,11
1459.663,10
1459.75,8
1459.836,6
1459.923,5
1460.009,5
1460.096,2
1460.183,4
1460.269,5
1460.356,4
1460.442,6
1460.529,6
1460.615,5
1460.702,8
1460.788,11
1460.875,14
1460.961,13
1461.048,13
1461.134,9
1461.221,8
1461.307,9
1461.394,6
1461.48,10
1461.567,7
1461.654,10
1461.74,11
1461.827,7
1461.913,10
1462.00,8
1462.086,9
1462.173,11
1462.26,10
1462.346,13
1462.433,13
1462.519,11
1462.606,10
1462.692,7
1462.779,7
1462.866,9
1462.952,8
1463.039,9
1463.125,7
1463.212,6
1463.299,6
1463.385,8
1463.472,9
1463.558,8
1463.645,8
1463.732,5
1463.818,4
1463.905,6
1463.992,7
1464.078,5
1464.165,7
1464.251,7
1464.338,10
1464.425,11
1464.511,13
1464.598,16
1464.685,15
1464.771,14
1464.858,12
1464.945,8
1465.031,5
1465.118,3
1465.205,2
1465.291,3
1465.378,3
1465.465,4
1465.551,4
1465.638,3
1465.725,6
1465.811,6
1465.898,10
1465.985,10
1466.071,9
1466.158,8
1466.245,5
1466.331,5
1466.418,6
1466.505,10
1466.592,11
1466.678,11
1466.765,11
1466.852,9
1466.938,7
1467.025,9
1467.112,7
1467.199,5
1467.285,6
1467.372,6
1467.459,6
1467.545,6
1467.632,6
1467.719,4
1467.806,6
1467.892,6
1467.979,8
1468.066,11
1468.153,13
1468.239,14
1468.326,13
1468.413,10
1468.5,7
1468.586,5
1468.673,3
1468.76,4
1468.847,5
1468.934,9
1469.02,9
1469.107,8
1469.194,8
1469.281,5
1469.367,7
1469.454,7
1469.541,9
1469.628,8
1469.715,9
1469.801,12
1469.888,11
1469.975,16
1470.062,16
1470.149,16
1470.235,12
1470.322,9
1470.409,6
1470.496,3
1470.583,4
1470.67,5
1470.756,6
1470.843,6
1470.93,8
1471.017,7
1471.104,7
1471.191,6
1471.277,5
1471.364,6
1471.451,5
1471.538,5
1471.625,6
1471.712,3
1471.799,5
1471.885,7
1471.972,5
1472.059,6
1472.146,7
1472.233,6
1472.32,6
1472.407,8
1472.494,6
1472.58,6
1472.667,9
1472.754,8
1472.841,8
1472.928,8
1473.015,7
1473.102,8
1473.189,7
1473.276,6
1473.362,6
1473.449,9
1473.536,10
1473.623,13
1473.71,11
1473.797,6
1473.884,9
1473.971,8
1474.058,8
1474.145,9
1474.232,6
1474.319,6
1474.406,5
1474.493,4
1474.579,3
1474.666,3
1474.753,4
1474.84,7
1474.927,8
1475.014,8
1475.101,10
1475.188,7
1475.275,7
1475.362,6
1475.449,6
1475.536,6
1475.623,9
1475.71,12
1475.797,10
1475.884,12
1475.971,10
1476.058,8
1476.145,10
1476.232,8
1476.319,7
1476.406,6
1476.493,5
1476.58,7
1476.667,6
1476.754,6
1476.841,9
1476.928,8
1477.015,10
1477.102,12
1477.189,11
1477.276,9
1477.363,9
1477.45,8
1477.537,6
1477.624,7
1477.711,7
1477.798,5
1477.885,3
1477.972,5
1478.059,3
1478.146,7
1478.233,9
1478.321,7
1478.408,8
1478.495,4
1478.582,3
1478.669,5
1478.756,5
1478.843,6
1478.93,7
1479.017,7
1479.104,8
1479.191,8
1479.278,10
1479.365,12
1479.452,12
1479.54,15
1479.627,14
1479.714,10
1479.801,8
1479.888,6
1479.975,7
1480.062,11
1480.149,13
1480.236,13
1480.324,11
1480.411,7
1480.498,5
1480.585,4
1480.672,7
1480.759,6
1480.846,9
1480.933,13
1481.021,9
1481.108,9
1481.195,6
1481.282,2
1481.369,3
1481.456,4
1481.543,5
1481.631,6
1481.718,5
1481.805,4
1481.892,3
1481.979,1
1482.066,2
1482.154,3
1482.241,4
1482.328,4
1482.415,6
1482.502,6
1482.589,9
1482.677,11
1482.764,14
1482.851,16
1482.938,14
1483.025,12
1483.113,8
1483.2,8
1483.287,7
1483.374,7
1483.461,5
1483.549,5
1483.636,5
1483.723,6
1483.81,8
1483.898,7
1483.985,6
1484.072,5
1484.159,6
1484.246,5
1484.334,8
1484.421,9
1484.508,8
1484.595,9
1484.683,7
1484.77,8
1484.857,7
1484.944,8
1485.032,7
1485.119,7
1485.206,6
1485.293,5
1485.381,5
1485.468,6
1485.555,5
1485.643,4
1485.73,6
1485.817,3
1485.904,8
1485.992,9
1486.079,9
1486.166,11
1486.254,9
1486.341,8
1486.428,6
1486.515,6
1486.603,6
1486.69,7
1486.777,7
1486.865,7
1486.952,7
1487.039,9
1487.127,10
1487.214,8
1487.301,9
1487.389,8
1487.476,8
1487.563,9
1487.651,8
1487.738,8
1487.825,7
1487.913,6
1488.00,3
1488.087,2
1488.175,6
1488.262,9
1488.349,11
1488.437,17
1488.524,14
1488.612,12
1488.699,10
1488.786,5
1488.874,4
1488.961,3
1489.048,4
1489.136,2
1489.223,2
1489.311,3
1489.398,3
1489.485,5
1489.573,6
1489.66,6
1489.748,8
1489.835,5
1489.922,5
1490.01,8
1490.097,10
1490.185,12
1490.272,13
1490.359,11
1490.447,7
1490.534,8
1490.622,7
1490.709,6
1490.796,7
1490.884,6
1490.971,6
1491.059,5
1491.146,5
1491.234,5
1491.321,5
1491.409,6
1491.496,7
1491.583,8
1491.671,9
1491.758,10
1491.846,8
1491.933,5
1492.021,6
1492.108,6
1492.196,8
1492.283,9
1492.371,7
1492.458,5
1492.546,3
1492.633,6
1492.721,5
1492.808,5
1492.896,7
1492.983,6
1493.071,8
1493.158,9
1493.246,6
1493.333,3
1493.421,2
1493.508,4
1493.596,12
1493.683,15
1493.771,16
1493.858,15
1493.946,8
1494.033,8
1494.121,7
1494.208,5
1494.296,5
1494.383,5
1494.471,6
1494.558,11
1494.646,10
1494.734,12
1494.821,11
1494.909,6
1494.996,8
1495.084,6
1495.171,5
1495.259,6
1495.346,7
1495.434,4
1495.522,6
1495.609,7
1495.697,7
1495.784,7
1495.872,7
1495.959,7
1496.047,5
1496.135,8
1496.222,6
1496.31,7
1496.397,8
1496.485,6
1496.573,6
1496.66,3
1496.748,5
1496.835,7
1496.923,7
1497.011,8
1497.098,6
1497.186,4
1497.274,8
1497.361,9
1497.449,8
1497.536,7
1497.624,3
1497.712,1
1497.799,1
1497.887,2
1497.975,3
1498.062,3
1498.15,3
1498.238,6
1498.325,5
1498.413,6
1498.501,7
1498.588,5
1498.676,6
1498.764,7
1498.851,12
1498.939,11
1499.027,10
1499.114,11
1499.202,7
1499.29,6
1499.377,6
1499.465,4
1499.553,3
1499.64,5
1499.728,7
1499.816,7
1499.904,6
1499.991,8
1500.079,6
1500.167,5
1500.254,6
1500.342,3
1500.43,3
1500.517,6
1500.605,10
1500.693,9
1500.781,10
1500.868,7
1500.956,3
1501.044,5
1501.132,7
1501.219,9
1501.307,10
1501.395,10
1501.483,9
1501.57,8
1501.658,7
1501.746,8
1501.834,6
1501.921,5
1502.009,4
1502.097,6
1502.185,6
1502.272,6
1502.36,9
1502.448,5
1502.536,6
1502.624,6
1502.711,6
1502.799,6
1502.887,5
1502.975,5
1503.063,3
1503.15,5
1503.238,7
1503.326,9
1503.414,12
1503.502,11
1503.589,12
1503.677,13
1503.765,8
1503.853,8
1503.941,6
1504.028,6
1504.116,11
1504.204,10
1504.292,11
1504.38,9
1504.468,7
1504.555,10
1504.643,9
1504.731,8
1504.819,9
1504.907,8
1504.995,9
1505.083,10
1505.17,6
1505.258,6
1505.346,6
1505.434,5
1505.522,8
1505.61,8
1505.698,6
1505.785,8
1505.873,9
1505.961,7
1506.049,7
1506.137,6
1506.225,5
1506.313,5
1506.401,11
1506.489,15
1506.577,16
1506.664,17
1506.752,13
1506.84,9
1506.928,6
1507.016,8
1507.104,7
1507.192,6
1507.28,8
1507.368,10
1507.456,10
1507.544,11
1507.632,13
1507.719,8
1507.807,8
1507.895,8
1507.983,4
1508.071,4
1508.159,5
1508.247,5
1508.335,6
1508.423,7
1508.511,8
1508.599,8
1508.687,9
1508.775,10
1508.863,10
1508.951,9
1509.039,8
1509.127,9
1509.215,7
1509.303,8
1509.391,6
1509.479,4
1509.567,3
1509.655,3
1509.743,4
1509.831,3
1509.919,4
1510.007,3
1510.095,4
1510.183,4
1510.271,4
1510.359,4
1510.447,5
1510.535,6
1510.623,6
1510.711,7
1510.799,6
1510.887,8
1510.975,8
1511.063,8
1511.151,8
1511.239,5
1511.327,5
1511.415,4
1511.503,4
1511.591,5
1511.679,7
1511.767,7
1511.855,8
1511.943,6
1512.031,4
1512.12,7
1512.208,7
1512.296,12
1512.384,14
1512.472,13
1512.56,13
1512.648,13
1512.736,10
1512.824,12
1512.912,12
1513.00,7
1513.088,10
1513.177,7
1513.265,6
1513.353,7
1513.441,7
1513.529,7
1513.617,10
1513.705,10
1513.793,10
1513.881,12
1513.97,12
1514.058,12
1514.146,9
1514.234,8
1514.322,5
1514.41,7
1514.498,7
1514.586,7
1514.675,5
1514.763,4
1514.851,4
1514.939,4
1515.027,4
1515.115,4
1515.203,6
1515.292,6
1515.38,8
1515.468,6
1515.556,7
1515.644,7
1515.732,8
1515.821,8
1515.909,7
1515.997,5
1516.085,5
1516.173,8
1516.262,7
1516.35,11
1516.438,9
1516.526,7
1516.614,6
1516.703,4
1516.791,5
1516.879,5
1516.967,6
1517.055,5
1517.144,6
1517.232,7
1517.32,8
1517.408,8
1517.496,8
1517.585,11
1517.673,12
1517.761,11
1517.849,11
1517.938,13
1518.026,10
1518.114,9
1518.202,5
1518.291,1
1518.379,1
1518.467,2
1518.555,4
1518.644,9
1518.732,9
1518.82,10
1518.908,11
1518.997,7
1519.085,8
1519.173,7
1519.262,6
1519.35,7
1519.438,7
1519.526,6
1519.615,5
1519.703,4
1519.791,3
1519.88,4
1519.968,5
1520.056,6
1520.144,5
1520.233,6
1520.321,4
1520.409,3
1520.498,4
1520.586,3
1520.674,6
1520.763,7
1520.851,6
1520.939,6
1521.028,7
1521.116,5
1521.204,5
1521.293,4
1521.381,2
1521.469,3
1521.558,3
1521.646,4
1521.734,5
1521.823,6
1521.911,6
1521.999,5
1522.088,4
1522.176,4
1522.264,4
1522.353,6
1522.441,7
1522.53,6
1522.618,6
1522.706,6
1522.795,6
1522.883,7
1522.972,9
1523.06,7
1523.148,7
1523.237,6
1523.325,4
1523.413,4
1523.502,2
1523.59,2
1523.679,5
1523.767,7
1523.856,8
1523.944,13
1524.032,10
1524.121,8
1524.209,9
1524.298,5
1524.386,7
1524.475,9
1524.563,9
1524.651,10
1524.74,8
1524.828,7
1524.917,8
1525.005,7
1525.094,8
1525.182,7
1525.271,4
1525.359,3
1525.447,3
1525.536,4
1525.624,4
1525.713,5
1525.801,4
1525.89,3
1525.978,3
1526.067,4
1526.155,4
1526.244,5
1526.332,5
1526.421,3
1526.509,5
1526.598,4
1526.686,3
1526.775,3
1526.863,2
1526.952,2
1527.04,5
1527.129,6
1527.217,7
1527.306,9
1527.394,7
1527.483,6
1527.571,7
1527.66,6
1527.748,6
1527.837,7
1527.925,4
1528.014,5
1528.102,6
1528.191,5
1528.28,7
1528.368,8
1528.457,9
1528.545,10
1528.634,10
1528.722,8
1528.811,7
1528.899,6
1528.988,5
1529.077,5
1529.165,3
1529.254,5
1529.342,6
1529.431,5
1529.519,7
1529.608,7
1529.697,7
1529.785,9
1529.874,8
1529.962,6
1530.051,5
1530.14,4
1530.228,6
1530.317,5
1530.405,6
1530.494,8
1530.583,7
1530.671,10
1530.76,9
1530.848,6
1530.937,7
1531.026,6
1531.114,5
1531.203,5
1531.292,5
1531.38,3
1531.469,4
1531.558,4
1531.646,3
1531.735,6
1531.823,5
1531.912,7
1532.001,6
1532.089,5
1532.178,5
1532.267,3
1532.355,4
1532.444,2
1532.533,2
1532.621,4
1532.71,4
1532.799,6
1532.887,7
1532.976,8
1533.065,7
1533.153,5
1533.242,6
1533.331,3
1533.42,2
1533.508,4
1533.597,4
1533.686,5
1533.774,6
1533.863,7
1533.952,7
1534.041,6
1534.129,7
1534.218,7
1534.307,6
1534.395,8
1534.484,7
1534.573,4
1534.662,4
1534.75,2
1534.839,3
1534.928,9
1535.017,9
1535.105,11
1535.194,9
1535.283,9
1535.372,9
1535.46,8
1535.549,11
1535.638,12
1535.727,14
1535.815,15
1535.904,14
1535.993,10
1536.082,9
1536.17,10
1536.259,10
1536.348,10
1536.437,10
1536.526,8
1536.614,6
1536.703,4
1536.792,2
1536.881,4
1536.97,5
1537.058,7
1537.147,8
1537.236,5
1537.325,9
1537.414,9
1537.502,8
1537.591,11
1537.68,7
1537.769,7
1537.858,7
1537.947,7
1538.035,7
1538.124,7
1538.213,10
1538.302,9
1538.391,10
1538.48,12
1538.568,9
1538.657,8
1538.746,6
1538.835,3
1538.924,4
1539.013,3
1539.102,5
1539.19,6
1539.279,8
1539.368,8
1539.457,10
1539.546,10
1539.635,9
1539.724,9
1539.813,6
1539.901,7
1539.99,5
1540.079,6
1540.168,7
1540.257,5
1540.346,7
1540.435,7
1540.524,6
1540.613,9
1540.702,10
1540.79,11
1540.879,11
1540.968,11
1541.057,9
1541.146,8
1541.235,9
1541.324,9
1541.413,9
1541.502,13
1541.591,15
1541.68,16
1541.769,17
1541.858,13
1541.947,9
1542.036,9
1542.124,8
1542.213,8
1542.302,9
1542.391,6
1542.48,8
1542.569,10
1542.658,11
1542.747,10
1542.836,7
1542.925,11
1543.014,12
1543.103,11
1543.192,11
1543.281,7
1543.37,6
1543.459,7
1543.548,9
1543.637,8
1543.726,10
1543.815,8
1543.904,6
1543.993,4
1544.082,2
1544.171,6
1544.26,8
1544.349,9
1544.438,9
1544.527,10
1544.616,9
1544.705,9
1544.794,11
1544.883,10
1544.972,11
1545.061,11
1545.15,14
1545.239,11
1545.328,9
1545.418,8
1545.507,4
1545.596,6
1545.685,8
1545.774,11
1545.863,9
1545.952,7
1546.041,8
1546.13,7
1546.219,6
1546.308,6
1546.397,3
1546.486,4
1546.575,5
1546.664,5
1546.754,5
1546.843,5
1546.932,7
1547.021,7
1547.11,7
1547.199,5
1547.288,7
1547.377,8
1547.466,9
1547.555,8
1547.645,4
1547.734,5
1547.823,5
1547.912,6
1548.001,5
1548.09,7
1548.179,6
1548.268,7
1548.358,8
1548.447,6
1548.536,6
1548.625,7
1548.714,9
1548.803,7
1548.892,11
1548.982,9
1549.071,11
1549.16,12
1549.249,13
1549.338,13
1549.427,10
1549.517,11
1549.606,7
1549.695,8
1549.784,9
1549.873,12
1549.963,11
1550.052,10
1550.141,9
1550.23,6
1550.319,6
1550.408,9
1550.498,7
1550.587,6
1550.676,7
1550.765,4
1550.854,10
1550.944,9
1551.033,10
1551.122,12
1551.211,10
1551.301,12
1551.39,12
1551.479,13
1551.568,11
1551.657,14
1551.747,12
1551.836,9
1551.925,7
1552.014,4
1552.104,4
1552.193,8
1552.282,11
1552.371,9
1552.461,13
1552.55,8
1552.639,8
1552.728,8
1552.818,5
1552.907,5
1552.996,4
1553.086,3
1553.175,3
1553.264,4
1553.353,4
1553.443,7
1553.532,6
1553.621,8
1553.711,7
1553.8,7
1553.889,7
1553.978,6
1554.068,8
1554.157,5
1554.246,6
1554.336,4
1554.425,5
1554.514,9
1554.604,9
1554.693,9
1554.782,7
1554.872,7
1554.961,6
1555.05,8
1555.14,6
1555.229,6
1555.318,7
1555.408,7
1555.497,8
1555.586,7
1555.676,6
1555.765,7
1555.854,8
1555.944,6
1556.033,7
1556.122,6
1556.212,8
1556.301,8
1556.391,9
1556.48,10
1556.569,7
1556.659,7
1556.748,6
1556.837,5
1556.927,4
1557.016,7
1557.106,7
1557.195,7
1557.284,9
1557.374,9
1557.463,9
1557.553,11
1557.642,12
1557.731,9
1557.821,12
1557.91,10
1558.00,9
1558.089,9
1558.178,6
1558.268,6
1558.357,9
1558.447,9
1558.536,10
1558.626,10
1558.715,8
1558.805,5
1558.894,5
1558.983,6
1559.073,6
1559.162,6
1559.252,6
1559.341,7
1559.431,7
1559.52,10
1559.61,9
1559.699,6
1559.789,7
1559.878,7
1559.968,9
1560.057,10
1560.146,12
1560.236,10
1560.325,9
1560.415,11
1560.504,7
1560.594,10
1560.683,9
1560.773,7
1560.862,8
1560.952,7
1561.041,8
1561.131,9
1561.22,9
1561.31,8
1561.399,8
1561.489,6
1561.579,8
1561.668,6
1561.758,7
1561.847,9
1561.937,7
1562.026,7
1562.116,6
1562.205,5
1562.295,5
1562.384,6
1562.474,6
1562.563,8
1562.653,8
1562.743,9
1562.832,9
1562.922,6
1563.011,8
1563.101,9
1563.19,8
1563.28,8
1563.37,6
1563.459,3
1563.549,4
1563.638,5
1563.728,5
1563.817,7
1563.907,8
1563.997,9
1564.086,9
1564.176,10
1564.265,8
1564.355,7
1564.445,7
1564.534,4
1564.624,5
1564.713,4
1564.803,6
1564.893,8
1564.982,9
1565.072,10
1565.162,8
1565.251,7
1565.341,6
1565.43,5
1565.52,4
1565.61,4
1565.699,4
1565.789,6
1565.879,9
1565.968,8
1566.058,8
1566.148,6
1566.237,7
1566.327,9
1566.417,8
1566.506,9
1566.596,8
1566.686,9
1566.775,11
1566.865,10
1566.955,7
1567.044,5
1567.134,4
1567.224,4
1567.313,8
1567.403,7
1567.493,9
1567.583,13
1567.672,11
1567.762,12
1567.852,10
1567.941,7
1568.031,8
1568.121,9
1568.21,9
1568.3,11
1568.39,8
1568.48,7
1568.569,7
1568.659,4
1568.749,4
1568.839,3
1568.928,3
1569.018,6
1569.108,5
1569.198,6
1569.287,5
1569.377,6
1569.467,11
1569.557,9
1569.646,11
1569.736,10
1569.826,13
1569.916,13
1570.005,12
1570.095,12
1570.185,6
1570.275,7
1570.364,7
1570.454,7
1570.544,5
1570.634,5
1570.724,5
1570.813,3
1570.903,4
1570.993,6
1571.083,7
1571.173,8
1571.262,11
1571.352,10
1571.442,9
1571.532,9
1571.622,8
1571.711,7
1571.801,6
1571.891,8
1571.981,7
1572.071,9
1572.161,11
1572.25,9
1572.34,9
1572.43,8
1572.52,7
1572.61,6
1572.7,5
1572.789,5
1572.879,6
1572.969,6
1573.059,7
1573.149,8
1573.239,8
1573.329,9
1573.418,13
1573.508,13
1573.598,12
1573.688,11
1573.778,8
1573.868,6
1573.958,6
1574.048,6
1574.138,4
1574.227,8
1574.317,7
1574.407,6
1574.497,8
1574.587,5
1574.677,5
1574.767,6
1574.857,7
1574.947,5
1575.037,5
1575.126,5
1575.216,6
1575.306,7
1575.396,8
1575.486,7
1575.576,3
1575.666,2
1575.756,1
1575.846,2
1575.936,2
1576.026,5
1576.116,7
1576.206,10
1576.296,10
1576.386,9
1576.476,7
1576.566,5
1576.656,4
1576.745,5
1576.835,7
1576.925,7
1577.015,13
1577.105,14
1577.195,14
1577.285,14
1577.375,11
1577.465,8
1577.555,7
1577.645,5
1577.735,5
1577.825,7
1577.915,6
1578.005,8
1578.095,6
1578.185,5
1578.275,5
1578.365,4
1578.455,6
1578.545,6
1578.635,12
1578.725,12
1578.815,12
1578.905,11
1578.995,6
1579.085,5
1579.176,2
1579.266,4
1579.356,4
1579.446,4
1579.536,5
1579.626,6
1579.716,6
1579.806,10
1579.896,10
1579.986,6
1580.076,5
1580.166,2
1580.256,1
1580.346,3
1580.436,5
1580.526,5
1580.616,8
1580.707,8
1580.797,7
1580.887,7
1580.977,7
1581.067,6
1581.157,7
1581.247,9
1581.337,9
1581.427,11
1581.517,9
1581.607,9
1581.698,7
1581.788,10
1581.878,13
1581.968,12
1582.058,14
1582.148,12
1582.238,14
1582.328,12
1582.419,11
1582.509,8
1582.599,5
1582.689,8
1582.779,7
1582.869,6
1582.959,6
1583.05,3
1583.14,2
1583.23,2
1583.32,0
1583.41,1
1583.5,2
1583.59,6
1583.681,7
1583.771,6
1583.861,7
1583.951,5
1584.041,7
1584.132,9
1584.222,7
1584.312,5
1584.402,4
1584.492,5
1584.582,6
1584.673,10
1584.763,9
1584.853,9
1584.943,11
1585.033,8
1585.124,7
1585.214,8
1585.304,5
1585.394,9
1585.485,13
1585.575,10
1585.665,13
1585.755,9
1585.845,6
1585.936,6
1586.026,6
1586.116,5
1586.206,5
1586.297,6
1586.387,3
1586.477,3
1586.567,4
1586.658,4
1586.748,7
1586.838,9
1586.928,7
1587.019,6
1587.109,4
1587.199,7
1587.289,7
1587.38,6
1587.47,8
1587.56,5
1587.651,7
1587.741,8
1587.831,6
1587.921,6
1588.012,5
1588.102,5
1588.192,8
1588.283,7
1588.373,6
1588.463,6
1588.554,5
1588.644,6
1588.734,7
1588.824,8
1588.915,5
1589.005,6
1589.095,6
1589.186,6
1589.276,12
1589.366,12
1589.457,12
1589.547,11
1589.637,7
1589.728,5
1589.818,6
1589.908,7
1589.999,9
1590.089,14
1590.18,15
1590.27,14
1590.36,11
1590.451,6
1590.541,3
1590.631,3
1590.722,3
1590.812,5
1590.902,5
1590.993,5
1591.083,6
1591.174,6
1591.264,6
1591.354,9
1591.445,11
1591.535,9
1591.626,10
1591.716,8
1591.806,5
1591.897,4
1591.987,5
1592.078,6
1592.168,7
1592.258,10
1592.349,8
1592.439,9
1592.53,9
1592.62,9
1592.711,12
1592.801,9
1592.891,9
1592.982,7
1593.072,4
1593.163,6
1593.253,6
1593.344,6
1593.434,6
1593.525,4
1593.615,6
1593.705,6
1593.796,6
1593.886,6
1593.977,3
1594.067,6
1594.158,8
1594.248,8
1594.339,10
1594.429,9
1594.52,9
1594.61,10
1594.701,11
1594.791,11
1594.882,9
1594.972,7
1595.063,4
1595.153,6
1595.244,7
1595.334,8
1595.425,7
1595.515,2
1595.606,2
1595.696,3
1595.787,7
1595.877,8
1595.968,8
1596.058,7
1596.149,5
1596.239,6
1596.33,8
1596.42,8
1596.511,8
1596.601,8
1596.692,6
1596.783,8
1596.873,7
1596.964,10
1597.054,10
1597.145,8
1597.235,9
1597.326,5
1597.416,4
1597.507,5
1597.598,6
1597.688,6
1597.779,6
1597.869,7
1597.96,6
1598.05,5
1598.141,8
1598.232,8
1598.322,9
1598.413,12
1598.503,10
1598.594,7
1598.685,5
1598.775,4
1598.866,3
1598.956,5
1599.047,5
1599.138,4
1599.228,4
1599.319,3
1599.41,6
1599.5,7
1599.591,9
1599.681,10
1599.772,8
1599.863,7
1599.953,5
