mz,abundance
700.017,1220
700.076,1219
700.136,1225
700.196,1229
700.255,1227
700.315,1277
700.374,1328
700.434,1365
700.493,1390
700.553,1380
700.613,1348
700.672,1297
700.732,1287
700.791,1259
700.851,1284
700.91,1296
700.97,1278
701.03,1239
701.089,1200
701.149,1154
701.208,1156
701.268,1205
701.328,1250
701.387,1282
701.447,1296
701.506,1307
701.566,1296
701.626,1302
701.685,1292
701.745,1229
701.805,1190
701.864,1145
701.924,1127
701.983,1109
702.043,1101
702.103,1086
702.162,1082
702.222,1122
702.282,1178
702.341,1239
702.401,1295
702.461,1330
702.52,1334
702.58,1365
702.64,1364
702.699,1352
702.759,1323
702.819,1273
702.878,1220
702.938,1188
702.998,1166
703.057,1140
703.117,1141
703.177,1157
703.236,1177
703.296,1223
703.356,1245
703.415,1244
703.475,1258
703.535,1268
703.594,1268
703.654,1251
703.714,1225
703.774,1214
703.833,1151
703.893,1138
703.953,1118
704.012,1100
704.072,1117
704.132,1106
704.192,1109
704.251,1131
704.311,1166
704.371,1200
704.43,1227
704.49,1241
704.55,1239
704.61,1236
704.669,1234
704.729,1228
704.789,1249
704.849,1242
704.908,1236
704.968,1252
705.028,1224
705.088,1209
705.148,1195
705.207,1190
705.267,1223
705.327,1262
705.387,1298
705.446,1337
705.506,1345
705.566,1326
705.626,1298
705.686,1272
705.745,1254
705.805,1234
705.865,1204
705.925,1186
705.985,1189
706.044,1171
706.104,1161
706.164,1148
706.224,1129
706.284,1138
706.343,1169
706.403,1209
706.463,1241
706.523,1260
706.583,1250
706.643,1233
706.702,1231
706.762,1211
706.822,1195
706.882,1169
706.942,1121
707.002,1113
707.061,1090
707.121,1086
707.181,1093
707.241,1106
707.301,1130
707.361,1171
707.421,1196
707.48,1210
707.54,1244
707.6,1246
707.66,1231
707.72,1186
707.78,1149
707.84,1108
707.9,1098
707.959,1099
708.019,1099
708.079,1123
708.139,1128
708.199,1158
708.259,1194
708.319,1211
708.379,1232
708.439,1274
708.499,1315
708.558,1389
708.618,1443
708.678,1476
708.738,1491
708.798,1492
708.858,1479
708.918,1471
708.978,1426
709.038,1392
709.098,1369
709.158,1332
709.218,1352
709.278,1368
709.338,1382
709.397,1409
709.457,1426
709.517,1425
709.577,1434
709.637,1433
709.697,1423
709.757,1420
709.817,1408
709.877,1392
709.937,1411
709.997,1425
710.057,1444
710.117,1449
710.177,1441
710.237,1423
710.297,1409
710.357,1401
710.417,1385
710.477,1388
710.537,1360
710.597,1339
710.657,1320
710.717,1299
710.777,1249
710.837,1222
710.897,1185
710.957,1150
711.017,1148
711.077,1174
711.137,1203
711.197,1228
711.257,1282
711.317,1309
711.377,1348
711.437,1396
711.497,1418
711.557,1420
711.617,1440
711.677,1451
711.737,1405
711.798,1397
711.858,1367
711.918,1316
711.978,1352
712.038,1387
712.098,1417
712.158,1456
712.218,1469
712.278,1481
712.338,1493
712.398,1518
712.458,1537
712.518,1518
712.578,1498
712.639,1467
712.699,1424
712.759,1433
712.819,1429
712.879,1415
712.939,1412
712.999,1417
713.059,1432
713.119,1460
713.179,1485
713.24,1488
713.3,1526
713.36,1545
713.42,1518
713.48,1489
713.54,1426
713.6,1389
713.66,1351
713.721,1340
713.781,1304
713.841,1262
713.901,1234
713.961,1217
714.021,1211
714.081,1219
714.142,1229
714.202,1213
714.262,1238
714.322,1268
714.382,1327
714.442,1349
714.503,1341
714.563,1350
714.623,1320
714.683,1315
714.743,1326
714.803,1330
714.864,1326
714.924,1332
714.984,1328
715.044,1303
715.104,1293
715.165,1285
715.225,1306
715.285,1327
715.345,1364
715.405,1399
715.466,1452
715.526,1486
715.586,1519
715.646,1529
715.706,1514
715.767,1488
715.827,1470
715.887,1445
715.947,1416
716.008,1403
716.068,1383
716.128,1360
716.188,1357
716.248,1340
716.309,1330
716.369,1348
716.429,1364
716.489,1396
716.55,1410
716.61,1405
716.67,1390
716.73,1370
716.791,1353
716.851,1388
716.911,1390
716.972,1403
717.032,1409
717.092,1388
717.152,1371
717.213,1401
717.273,1430
717.333,1472
717.394,1530
717.454,1576
717.514,1593
717.574,1597
717.635,1549
717.695,1510
717.755,1457
717.816,1392
717.876,1321
717.936,1264
717.997,1231
718.057,1233
718.117,1232
718.178,1250
718.238,1339
718.298,1419
718.358,1539
718.419,1633
718.479,1683
718.54,1812
718.6,1957
718.66,2119
718.721,2315
718.781,2451
718.841,2574
718.902,2710
718.962,2855
719.022,2973
719.083,3094
719.143,3271
719.203,3511
719.264,4029
719.324,4655
719.385,5335
719.445,6345
719.505,7789
719.566,9742
719.626,12178
719.686,14978
719.747,17483
719.807,19730
719.868,21537
719.928,22540
719.988,22951
720.049,22759
720.109,22218
720.17,21294
720.23,20221
720.29,19018
720.351,17761
720.411,16569
720.472,15601
720.532,15045
720.593,14994
720.653,15781
720.713,17102
720.774,18790
720.834,20418
720.895,21614
720.955,22280
721.016,22396
721.076,22124
721.136,21403
721.197,20375
721.257,19161
721.318,17839
721.378,16487
721.439,15353
721.499,14439
721.56,13801
721.62,13721
721.681,14057
721.741,14753
721.802,15755
721.862,16788
721.923,17620
721.983,18148
722.044,18234
722.104,17771
722.164,16982
722.225,15950
722.285,14833
722.346,13743
722.406,12736
722.467,11841
722.528,11109
722.588,10613
722.649,10337
722.709,10347
722.77,10481
722.83,10868
722.891,11369
722.951,11775
723.012,12105
723.072,12133
723.133,11856
723.193,11365
723.254,10767
723.314,10087
723.375,9403
723.435,8797
723.496,8251
723.557,7827
723.617,7538
723.678,7371
723.738,7233
723.799,7176
723.859,7203
723.92,7260
723.98,7343
724.041,7364
724.102,7287
724.162,7116
724.223,6898
724.283,6674
724.344,6484
724.405,6308
724.465,6144
724.526,5983
724.586,5847
724.647,5760
724.707,5685
724.768,5655
724.829,5657
724.889,5683
724.95,5711
725.011,5702
725.071,5698
725.132,5669
725.192,5617
725.253,5549
725.314,5476
725.374,5391
725.435,5330
725.496,5289
725.556,5292
725.617,5349
725.677,5389
725.738,5408
725.799,5384
725.859,5343
725.92,5280
725.981,5132
726.041,4880
726.102,4561
726.163,4199
726.223,3853
726.284,3563
726.345,3352
726.405,3171
726.466,3084
726.527,3092
726.587,3106
726.648,3140
726.709,3172
726.769,3218
726.83,3277
726.891,3321
726.951,3355
727.012,3313
727.073,3210
727.134,3054
727.194,2864
727.255,2711
727.316,2576
727.376,2443
727.437,2376
727.498,2337
727.559,2328
727.619,2336
727.68,2333
727.741,2356
727.801,2369
727.862,2360
727.923,2336
727.984,2296
728.044,2232
728.105,2163
728.166,2105
728.227,2016
728.287,1945
728.348,1881
728.409,1824
728.47,1810
728.53,1791
728.591,1778
728.652,1787
728.713,1809
728.774,1817
728.834,1839
728.895,1828
728.956,1824
729.017,1829
729.077,1831
729.138,1826
729.199,1816
729.26,1808
729.321,1769
729.381,1759
729.442,1737
729.503,1712
729.564,1691
729.625,1698
729.685,1695
729.746,1709
729.807,1727
729.868,1713
729.929,1690
729.989,1651
730.05,1618
730.111,1609
730.172,1605
730.233,1629
730.294,1634
730.354,1632
730.415,1615
730.476,1614
730.537,1594
730.598,1581
730.659,1569
730.72,1545
730.78,1507
730.841,1482
730.902,1472
730.963,1468
731.024,1458
731.085,1440
731.146,1456
731.206,1499
731.267,1517
731.328,1549
731.389,1565
731.45,1578
731.511,1599
731.572,1604
731.633,1597
731.694,1577
731.754,1570
731.815,1568
731.876,1549
731.937,1545
731.998,1519
732.059,1504
732.12,1508
732.181,1508
732.242,1520
732.303,1545
732.364,1568
732.425,1591
732.485,1620
732.546,1667
732.607,1709
732.668,1733
732.729,1751
732.79,1731
732.851,1703
732.912,1679
732.973,1670
733.034,1688
733.095,1705
733.156,1722
733.217,1746
733.278,1775
733.339,1806
733.4,1834
733.461,1866
733.522,1883
733.583,1904
733.644,1938
733.705,1995
733.766,2003
733.827,2027
733.887,2017
733.948,2001
734.009,1989
734.07,1945
734.131,1917
734.192,1881
734.253,1861
734.314,1822
734.375,1770
734.436,1727
734.498,1679
734.559,1682
734.62,1691
734.681,1680
734.742,1714
734.803,1729
734.864,1733
734.925,1750
734.986,1788
735.047,1819
735.108,1843
735.169,1872
735.23,1858
735.291,1860
735.352,1889
735.413,1936
735.474,1996
735.535,2083
735.596,2171
735.657,2270
735.718,2447
735.779,2661
735.84,2901
735.902,3147
735.963,3366
736.024,3487
736.085,3513
736.146,3538
736.207,3427
736.268,3299
736.329,3208
736.39,3095
736.451,3056
736.512,3038
736.573,3052
736.635,3068
736.696,3116
736.757,3218
736.818,3332
736.879,3472
736.94,3587
737.001,3617
737.062,3608
737.123,3553
737.185,3415
737.246,3246
737.307,3108
737.368,2992
737.429,2868
737.49,2824
737.551,2787
737.613,2743
737.674,2711
737.735,2708
737.796,2682
737.857,2631
737.918,2597
737.979,2539
738.041,2511
738.102,2502
738.163,2496
738.224,2498
738.285,2496
738.346,2502
738.408,2500
738.469,2501
738.53,2479
738.591,2445
738.652,2392
738.714,2311
738.775,2250
738.836,2187
738.897,2167
738.958,2138
739.02,2102
739.081,2072
739.142,2027
739.203,2009
739.264,1979
739.326,1965
739.387,1928
739.448,1916
739.509,1903
739.571,1870
739.632,1836
739.693,1797
739.754,1770
739.815,1757
739.877,1765
739.938,1791
739.999,1834
740.06,1877
740.122,1907
740.183,1926
740.244,1925
740.305,1913
740.367,1926
740.428,1955
740.489,1999
740.55,2041
740.612,2064
740.673,2055
740.734,2020
740.796,2001
740.857,1974
740.918,1958
740.979,1952
741.041,1949
741.102,1965
741.163,1960
741.225,1982
741.286,1999
741.347,1991
741.408,2012
741.47,2036
741.531,2069
741.592,2102
741.654,2142
741.715,2114
741.776,2076
741.838,2065
741.899,2029
741.96,2028
742.022,2005
742.083,1975
742.144,1944
742.206,1930
742.267,1948
742.328,1912
742.39,1926
742.451,1922
742.512,1894
742.574,1926
742.635,1934
742.696,1934
742.758,1898
742.819,1863
742.88,1834
742.942,1803
743.003,1801
743.065,1784
743.126,1752
743.187,1746
743.249,1744
743.31,1758
743.372,1773
743.433,1780
743.494,1809
743.556,1804
743.617,1804
743.678,1814
743.74,1793
743.801,1791
743.863,1798
743.924,1801
743.985,1835
744.047,1813
744.108,1807
744.17,1807
744.231,1788
744.293,1812
744.354,1816
744.415,1821
744.477,1819
744.538,1839
744.6,1858
744.661,1870
744.723,1880
744.784,1884
744.846,1885
744.907,1887
744.968,1909
745.03,1857
745.091,1842
745.153,1842
745.214,1829
745.276,1858
745.337,1877
745.399,1882
745.46,1866
745.522,1869
745.583,1845
745.645,1805
745.706,1766
745.768,1728
745.829,1703
745.89,1674
745.952,1671
746.013,1667
746.075,1664
746.136,1663
746.198,1655
746.259,1614
746.321,1583
746.382,1578
746.444,1582
746.506,1599
746.567,1633
746.629,1666
746.69,1688
746.752,1723
746.813,1734
746.875,1723
746.936,1720
746.998,1694
747.059,1663
747.121,1650
747.182,1632
747.244,1639
747.305,1672
747.367,1686
747.429,1699
747.49,1689
747.552,1694
747.613,1699
747.675,1720
747.736,1730
747.798,1722
747.86,1715
747.921,1692
747.983,1645
748.044,1632
748.106,1631
748.167,1633
748.229,1639
748.291,1649
748.352,1649
748.414,1655
748.475,1677
748.537,1685
748.599,1698
748.66,1728
748.722,1731
748.783,1704
748.845,1661
748.907,1592
748.968,1530
749.03,1470
749.091,1396
749.153,1361
749.215,1340
749.276,1332
749.338,1364
749.4,1402
749.461,1455
749.523,1491
749.585,1523
749.646,1544
749.708,1538
749.77,1511
749.831,1472
749.893,1453
749.954,1431
750.016,1420
750.078,1433
750.139,1454
750.201,1476
750.263,1497
750.324,1494
750.386,1489
750.448,1461
750.51,1451
750.571,1428
750.633,1418
750.695,1405
750.756,1389
750.818,1380
750.88,1370
750.941,1376
751.003,1370
751.065,1365
751.126,1371
751.188,1338
751.25,1334
751.312,1338
751.373,1331
751.435,1381
751.497,1410
751.559,1420
751.62,1429
751.682,1367
751.744,1328
751.805,1299
751.867,1276
751.929,1265
751.991,1239
752.052,1201
752.114,1172
752.176,1170
752.238,1189
752.299,1213
752.361,1239
752.423,1275
752.485,1320
752.546,1382
752.608,1454
752.67,1493
752.732,1476
752.794,1435
752.855,1381
752.917,1336
752.979,1313
753.041,1279
753.103,1258
753.164,1222
753.226,1208
753.288,1204
753.35,1213
753.411,1238
753.473,1265
753.535,1298
753.597,1310
753.659,1324
753.721,1306
753.782,1271
753.844,1237
753.906,1184
753.968,1152
754.03,1122
754.091,1107
754.153,1095
754.215,1127
754.277,1139
754.339,1160
754.401,1185
754.463,1197
754.524,1210
754.586,1227
754.648,1246
754.71,1248
754.772,1257
754.834,1234
754.896,1195
754.957,1188
755.019,1171
755.081,1153
755.143,1155
755.205,1112
755.267,1089
755.329,1067
755.391,1073
755.452,1093
755.514,1117
755.576,1137
755.638,1155
755.7,1160
755.762,1136
755.824,1122
755.886,1102
755.948,1105
756.01,1118
756.071,1124
756.133,1151
756.195,1157
756.257,1179
756.319,1189
756.381,1217
756.443,1225
756.505,1248
756.567,1276
756.629,1280
756.691,1289
756.753,1271
756.815,1253
756.877,1221
756.939,1204
757,1184
757.062,1161
757.124,1149
757.186,1144
757.248,1127
757.31,1115
757.372,1099
757.434,1099
757.496,1108
757.558,1122
757.62,1133
757.682,1143
757.744,1136
757.806,1117
757.868,1108
757.93,1099
757.992,1089
758.054,1103
758.116,1106
758.178,1099
758.24,1111
758.302,1125
758.364,1126
758.426,1158
758.488,1172
758.55,1188
758.612,1205
758.674,1187
758.736,1161
758.798,1099
758.86,1076
758.922,1058
758.984,1045
759.046,1043
759.108,1021
759.17,1040
759.232,1064
759.294,1112
759.357,1164
759.419,1195
759.481,1207
759.543,1203
759.605,1216
759.667,1194
759.729,1180
759.791,1161
759.853,1127
759.915,1118
759.977,1111
760.039,1110
760.101,1117
760.163,1123
760.225,1112
760.288,1111
760.35,1110
760.412,1112
760.474,1136
760.536,1171
760.598,1194
760.66,1205
760.722,1213
760.784,1217
760.846,1192
760.909,1222
760.971,1208
761.033,1181
761.095,1173
761.157,1131
761.219,1101
761.281,1073
761.343,1083
761.406,1091
761.468,1120
761.53,1161
761.592,1179
761.654,1197
761.716,1211
761.778,1206
761.841,1180
761.903,1174
761.965,1170
762.027,1139
762.089,1117
762.151,1087
762.214,1069
762.276,1055
762.338,1076
762.4,1092
762.462,1102
762.524,1134
762.587,1166
762.649,1177
762.711,1182
762.773,1181
762.835,1147
762.898,1123
762.96,1082
763.022,1030
763.084,1015
763.146,1003
763.209,1013
763.271,1029
763.333,1051
763.395,1083
763.457,1115
763.52,1143
763.582,1125
763.644,1117
763.706,1116
763.769,1097
763.831,1085
763.893,1075
763.955,1053
764.018,1026
764.08,1031
764.142,1016
764.204,1019
764.267,1029
764.329,1048
764.391,1071
764.453,1123
764.516,1129
764.578,1170
764.64,1171
764.702,1159
764.765,1169
764.827,1127
764.889,1082
764.951,1045
765.014,1020
765.076,1008
765.138,1007
765.201,1021
765.263,1033
765.325,1060
765.388,1100
765.45,1135
765.512,1166
765.574,1190
765.637,1186
765.699,1172
765.761,1146
765.824,1110
765.886,1065
765.948,1036
766.011,1028
766.073,1002
766.135,1008
766.198,992
766.26,970
766.322,992
766.385,1008
766.447,1042
766.509,1085
766.572,1102
766.634,1139
766.696,1156
766.759,1159
766.821,1162
766.883,1148
766.946,1134
767.008,1117
767.071,1114
767.133,1114
767.195,1110
767.258,1124
767.32,1108
767.382,1115
767.445,1123
767.507,1136
767.57,1131
767.632,1123
767.694,1124
767.757,1112
767.819,1116
767.882,1093
767.944,1077
768.006,1026
768.069,1016
768.131,1005
768.194,989
768.256,1002
768.318,1018
768.381,1065
768.443,1094
768.506,1138
768.568,1144
768.631,1133
768.693,1132
768.755,1119
768.818,1110
768.88,1065
768.943,1050
769.005,1025
769.068,986
769.13,987
769.193,964
769.255,935
769.317,950
769.38,987
769.442,1026
769.505,1091
769.567,1113
769.63,1098
769.692,1096
769.755,1090
769.817,1075
769.88,1066
769.942,1057
770.005,1032
770.067,1019
770.13,998
770.192,992
770.255,1003
770.317,1017
770.38,1063
770.442,1091
770.505,1110
770.567,1100
770.63,1098
770.692,1094
770.755,1075
770.817,1087
770.88,1032
770.942,997
771.005,955
771.067,946
771.13,950
771.192,959
771.255,981
771.318,1000
771.38,1048
771.443,1105
771.505,1157
771.568,1171
771.63,1173
771.693,1182
771.755,1172
771.818,1171
771.881,1145
771.943,1119
772.006,1107
772.068,1125
772.131,1132
772.193,1127
772.256,1128
772.319,1085
772.381,1076
772.444,1083
772.506,1086
772.569,1064
772.632,1068
772.694,1063
772.757,1056
772.819,1070
772.882,1035
772.945,1003
773.007,948
773.07,916
773.132,891
773.195,877
773.258,870
773.32,865
773.383,910
773.445,928
773.508,937
773.571,957
773.633,958
773.696,976
773.759,1001
773.821,1026
773.884,1022
773.947,1017
774.009,1013
774.072,1027
774.135,1037
774.197,1051
774.26,1058
774.323,1042
774.385,1032
774.448,1043
774.511,1071
774.573,1095
774.636,1110
774.699,1112
774.761,1114
774.824,1146
774.887,1160
774.949,1155
775.012,1160
775.075,1152
775.137,1142
775.2,1145
775.263,1146
775.326,1149
775.388,1108
775.451,1077
775.514,1046
775.576,1038
775.639,1013
775.702,1010
775.765,995
775.827,977
775.89,1005
775.953,1027
776.016,1047
776.078,1059
776.141,1053
776.204,1049
776.266,1048
776.329,1030
776.392,1012
776.455,1004
776.517,996
776.58,984
776.643,989
776.706,994
776.769,1004
776.831,1027
776.894,1012
776.957,1007
777.02,1002
777.082,983
777.145,975
777.208,985
777.271,1005
777.334,1041
777.396,1086
777.459,1125
777.522,1165
777.585,1169
777.648,1163
777.71,1140
777.773,1107
777.836,1094
777.899,1088
777.962,1082
778.024,1078
778.087,1087
778.15,1110
778.213,1127
778.276,1135
778.338,1134
778.401,1130
778.464,1140
778.527,1155
778.59,1167
778.653,1173
778.716,1176
778.778,1174
778.841,1191
778.904,1169
778.967,1141
779.03,1112
779.093,1100
779.156,1065
779.218,1045
779.281,1017
779.344,988
779.407,1023
779.47,1054
779.533,1092
779.596,1105
779.659,1118
779.721,1120
779.784,1107
779.847,1110
779.91,1112
779.973,1093
780.036,1088
780.099,1068
780.162,1050
780.225,1063
780.287,1081
780.35,1084
780.413,1081
780.476,1084
780.539,1061
780.602,1083
780.665,1099
780.728,1100
780.791,1094
780.854,1086
780.917,1070
780.98,1053
781.043,1046
781.106,1022
781.168,1013
781.231,1024
781.294,1017
781.357,1031
781.42,1053
781.483,1087
781.546,1132
781.609,1177
781.672,1189
781.735,1168
781.798,1143
781.861,1113
781.924,1112
781.987,1114
782.05,1129
782.113,1116
782.176,1133
782.239,1146
782.302,1149
782.365,1167
782.428,1158
782.491,1155
782.554,1138
782.617,1117
782.68,1113
782.743,1112
782.806,1112
782.869,1120
782.932,1144
782.995,1155
783.058,1174
783.121,1193
783.184,1193
783.247,1237
783.31,1272
783.373,1324
783.436,1356
783.499,1348
783.562,1346
783.625,1335
783.688,1332
783.751,1328
783.814,1312
783.878,1289
783.941,1279
784.004,1265
784.067,1254
784.13,1228
784.193,1195
784.256,1183
784.319,1176
784.382,1172
784.445,1181
784.508,1192
784.571,1193
784.634,1230
784.698,1245
784.761,1269
784.824,1288
784.887,1302
784.95,1308
785.013,1313
785.076,1311
785.139,1309
785.202,1293
785.265,1273
785.329,1259
785.392,1232
785.455,1237
785.518,1256
785.581,1260
785.644,1281
785.707,1282
785.77,1268
785.834,1252
785.897,1259
785.96,1268
786.023,1277
786.086,1278
786.149,1249
786.212,1223
786.276,1213
786.339,1215
786.402,1217
786.465,1201
786.528,1205
786.591,1232
786.655,1246
786.718,1270
786.781,1280
786.844,1250
786.907,1250
786.97,1254
787.034,1229
787.097,1206
787.16,1205
787.223,1171
787.286,1156
787.35,1156
787.413,1124
787.476,1118
787.539,1110
787.602,1085
787.666,1054
787.729,1035
787.792,1020
787.855,1019
787.918,1032
787.982,1001
788.045,984
788.108,970
788.171,970
788.235,976
788.298,1010
788.361,1043
788.424,1068
788.488,1102
788.551,1121
788.614,1153
788.677,1171
788.741,1205
788.804,1204
788.867,1200
788.93,1211
788.994,1169
789.057,1135
789.12,1096
789.183,1060
789.247,1073
789.31,1086
789.373,1094
789.437,1130
789.5,1129
789.563,1135
789.626,1141
789.69,1116
789.753,1099
789.816,1096
789.88,1099
789.943,1088
790.006,1076
790.069,1074
790.133,1052
790.196,1068
790.259,1091
790.323,1115
790.386,1152
790.449,1203
790.513,1251
790.576,1272
790.639,1306
790.703,1305
790.766,1304
790.829,1276
790.893,1235
790.956,1186
791.019,1139
791.083,1110
791.146,1082
791.209,1077
791.273,1051
791.336,1048
791.4,1036
791.463,1019
791.526,1049
791.59,1074
791.653,1091
791.716,1143
791.78,1160
791.843,1161
791.906,1166
791.97,1147
792.033,1141
792.097,1142
792.16,1137
792.223,1126
792.287,1147
792.35,1151
792.414,1176
792.477,1187
792.54,1206
792.604,1210
792.667,1200
792.731,1206
792.794,1167
792.858,1144
792.921,1110
792.984,1087
793.048,1090
793.111,1074
793.175,1069
793.238,1061
793.302,1052
793.365,1057
793.428,1065
793.492,1079
793.555,1099
793.619,1121
793.682,1140
793.746,1139
793.809,1120
793.873,1089
793.936,1056
794,1072
794.063,1077
794.126,1081
794.19,1070
794.253,1068
794.317,1039
794.38,1016
794.444,981
794.507,966
794.571,974
794.634,982
794.698,1014
794.761,1023
794.825,1049
794.888,1053
794.952,1058
795.015,1058
795.079,1040
795.142,1031
795.206,1030
795.269,1037
795.333,1042
795.396,1043
795.46,1047
795.523,1078
795.587,1080
795.651,1078
795.714,1065
795.778,1028
795.841,1007
795.905,995
795.968,994
796.032,1005
796.095,1027
796.159,1039
796.222,1076
796.286,1114
796.35,1148
796.413,1195
796.477,1212
796.54,1205
796.604,1171
796.667,1152
796.731,1115
796.795,1089
796.858,1089
796.922,1059
796.985,1035
797.049,1009
797.113,978
797.176,964
797.24,950
797.303,989
797.367,1041
797.431,1098
797.494,1135
797.558,1178
797.621,1182
797.685,1189
797.749,1183
797.812,1171
797.876,1159
797.939,1137
798.003,1116
798.067,1110
798.13,1115
798.194,1101
798.258,1098
798.321,1091
798.385,1071
798.449,1072
798.512,1084
798.576,1088
798.64,1065
798.703,1062
798.767,1047
798.83,1045
798.894,1033
798.958,1020
799.021,1005
799.085,1018
799.149,1025
799.213,1032
799.276,1050
799.34,1057
799.404,1075
799.467,1094
799.531,1107
799.595,1084
799.658,1070
799.722,1043
799.786,1019
799.849,1008
799.913,1020
799.977,1003
800.041,984
800.104,986
800.168,964
800.232,965
800.295,948
800.359,949
800.423,966
800.487,983
800.55,1022
800.614,1056
800.678,1046
800.742,1034
800.805,1007
800.869,997
800.933,990
800.997,973
801.06,939
801.124,957
801.188,979
801.252,1017
801.315,1063
801.379,1058
801.443,1051
801.507,1024
801.57,1013
801.634,996
801.698,959
801.762,949
801.825,918
801.889,876
801.953,885
802.017,892
802.081,898
802.144,937
802.208,989
802.272,1023
802.336,1062
802.4,1090
802.463,1112
802.527,1138
802.591,1141
802.655,1138
802.719,1114
802.783,1075
802.846,1051
802.91,1004
802.974,979
803.038,964
803.102,926
803.166,899
803.229,894
803.293,885
803.357,893
803.421,912
803.485,927
803.549,946
803.612,932
803.676,927
803.74,910
803.804,891
803.868,868
803.932,867
803.996,881
804.059,884
804.123,899
804.187,897
804.251,899
804.315,899
804.379,920
804.443,938
804.507,962
804.571,994
804.634,1023
804.698,1016
804.762,1022
804.826,1011
804.89,990
804.954,992
805.018,971
805.082,964
805.146,949
805.21,932
805.274,941
805.337,947
805.401,954
805.465,952
805.529,974
805.593,1011
805.657,1046
805.721,1068
805.785,1071
805.849,1057
805.913,1024
805.977,1008
806.041,982
806.105,967
806.169,959
806.233,968
806.297,1001
806.361,1049
806.425,1124
806.489,1190
806.553,1266
806.616,1308
806.68,1333
806.744,1295
806.808,1248
806.872,1172
806.936,1100
807,1050
807.064,996
807.128,968
807.192,934
807.256,947
807.32,984
807.384,1030
807.448,1056
807.512,1083
807.576,1099
807.64,1104
807.704,1099
807.768,1105
807.833,1091
807.897,1098
807.961,1114
808.025,1096
808.089,1091
808.153,1068
808.217,1063
808.281,1056
808.345,1082
808.409,1127
808.473,1136
808.537,1176
808.601,1190
808.665,1184
808.729,1189
808.793,1149
808.857,1133
808.921,1115
808.985,1088
809.049,1078
809.114,1031
809.178,1016
809.242,990
809.306,988
809.37,996
809.434,996
809.498,999
809.562,1004
809.626,1041
809.69,1059
809.754,1068
809.819,1083
809.883,1069
809.947,1048
810.011,1021
810.075,981
810.139,940
810.203,914
810.267,889
810.331,902
810.396,924
810.46,928
810.524,943
810.588,946
810.652,961
810.716,971
810.78,989
810.845,989
810.909,972
810.973,961
811.037,954
811.101,944
811.165,932
811.229,948
811.294,946
811.358,938
811.422,941
811.486,925
811.55,911
811.614,939
811.679,949
811.743,952
811.807,938
811.871,913
811.935,898
812,886
812.064,887
812.128,874
812.192,871
812.256,876
812.321,878
812.385,913
812.449,926
812.513,934
812.577,950
812.642,947
812.706,938
812.77,920
812.834,911
812.899,895
812.963,900
813.027,911
813.091,911
813.155,904
813.22,915
813.284,914
813.348,919
813.412,942
813.477,954
813.541,965
813.605,992
813.669,1000
813.734,977
813.798,959
813.862,938
813.927,915
813.991,916
814.055,906
814.119,899
814.184,877
814.248,870
814.312,886
814.376,894
814.441,939
814.505,976
814.569,989
814.634,1018
814.698,1022
814.762,1020
814.827,1007
814.891,983
814.955,959
815.019,915
815.084,893
815.148,875
815.212,863
815.277,888
815.341,920
815.405,955
815.47,1017
815.534,1071
815.598,1100
815.663,1139
815.727,1186
815.791,1212
815.856,1237
815.92,1253
815.984,1253
816.049,1236
816.113,1219
816.178,1203
816.242,1183
816.306,1176
816.371,1177
816.435,1171
816.499,1215
816.564,1260
816.628,1295
816.692,1316
816.757,1327
816.821,1305
816.886,1296
816.95,1273
817.014,1273
817.079,1249
817.143,1230
817.208,1219
817.272,1176
817.336,1170
817.401,1171
817.465,1190
817.53,1180
817.594,1187
817.658,1210
817.723,1210
817.787,1229
817.852,1220
817.916,1186
817.981,1166
818.045,1151
818.109,1167
818.174,1180
818.238,1192
818.303,1197
818.367,1176
818.432,1164
818.496,1151
818.561,1133
818.625,1115
818.689,1104
818.754,1098
818.818,1096
818.883,1113
818.947,1130
819.012,1160
819.076,1170
819.141,1146
819.205,1116
819.27,1080
819.334,1042
819.399,1064
819.463,1071
819.528,1078
819.592,1090
819.657,1095
819.721,1090
819.786,1079
819.85,1058
819.915,1031
819.979,1011
820.044,989
820.108,962
820.173,951
820.237,973
820.302,1008
820.366,1056
820.431,1128
820.495,1193
820.56,1246
820.624,1285
820.689,1269
820.753,1228
820.818,1176
820.883,1134
820.947,1101
821.012,1054
821.076,1030
821.141,1032
821.205,1040
821.27,1068
821.334,1094
821.399,1109
821.464,1107
821.528,1137
821.593,1155
821.657,1154
821.722,1176
821.786,1166
821.851,1134
821.916,1097
821.98,1054
822.045,1024
822.109,1017
822.174,1022
822.239,1000
822.303,976
822.368,977
822.432,950
822.497,969
822.562,997
822.626,1025
822.691,1027
822.756,1030
822.82,1021
822.885,1007
822.949,1024
823.014,1005
823.079,979
823.143,946
823.208,934
823.273,960
823.337,999
823.402,1039
823.467,1061
823.531,1078
823.596,1087
823.66,1109
823.725,1112
823.79,1127
823.854,1121
823.919,1112
823.984,1096
824.048,1085
824.113,1059
824.178,1038
824.242,1003
824.307,999
824.372,1011
824.437,1007
824.501,994
824.566,988
824.631,994
824.695,1005
824.76,1031
824.825,1014
824.889,998
824.954,993
825.019,981
825.084,972
825.148,977
825.213,986
825.278,986
825.342,1019
825.407,1045
825.472,1053
825.537,1086
825.601,1080
825.666,1055
825.731,1038
825.796,1021
825.86,1023
825.925,1030
825.99,1042
826.055,1029
826.119,999
826.184,981
826.249,973
826.314,958
826.378,951
826.443,938
826.508,940
826.573,944
826.637,954
826.702,988
826.767,981
826.832,987
826.897,997
826.961,997
827.026,985
827.091,972
827.156,970
827.221,971
827.285,988
827.35,996
827.415,1005
827.48,988
827.545,991
827.609,986
827.674,982
827.739,996
827.804,1020
827.869,1026
827.933,1043
827.998,1049
828.063,1036
828.128,1074
828.193,1091
828.258,1086
828.322,1101
828.387,1067
828.452,1018
828.517,984
828.582,964
828.647,937
828.712,969
828.776,995
828.841,1010
828.906,1023
828.971,1022
829.036,1020
829.101,1023
829.166,1020
829.231,1025
829.295,1022
829.36,1029
829.425,1037
829.49,1036
829.555,1030
829.62,993
829.685,968
829.75,961
829.815,959
829.879,962
829.944,965
830.009,978
830.074,980
830.139,985
830.204,954
830.269,914
830.334,901
830.399,895
830.464,901
830.529,941
830.594,975
830.658,986
830.723,995
830.788,984
830.853,961
830.918,931
830.983,898
831.048,883
831.113,889
831.178,910
831.243,936
831.308,953
831.373,976
831.438,1006
831.503,1025
831.568,1060
831.633,1068
831.698,1063
831.763,1035
831.828,1023
831.893,1000
831.958,985
832.023,986
832.088,986
832.153,994
832.218,1020
832.283,1025
832.348,1026
832.413,1048
832.478,1083
832.543,1102
832.608,1123
832.673,1126
832.738,1136
832.803,1118
832.868,1122
832.933,1119
832.998,1120
833.063,1123
833.128,1115
833.193,1094
833.258,1078
833.323,1083
833.388,1098
833.453,1120
833.518,1118
833.583,1136
833.648,1140
833.713,1133
833.778,1130
833.843,1097
833.908,1098
833.973,1107
834.039,1134
834.104,1138
834.169,1135
834.234,1129
834.299,1138
834.364,1167
834.429,1198
834.494,1216
834.559,1223
834.624,1244
834.689,1268
834.754,1271
834.82,1248
834.885,1220
834.95,1158
835.015,1121
835.08,1103
835.145,1058
835.21,1031
835.275,1011
835.34,1023
835.406,1037
835.471,1071
835.536,1088
835.601,1072
835.666,1071
835.731,1069
835.796,1057
835.861,1026
835.927,1023
835.992,1028
836.057,1021
836.122,1008
836.187,1042
836.252,1041
836.318,1062
836.383,1083
836.448,1106
836.513,1112
836.578,1129
836.643,1145
836.709,1130
836.774,1109
836.839,1083
836.904,1075
836.969,1063
837.034,1080
837.1,1065
837.165,1062
837.23,1062
837.295,1061
837.36,1086
837.426,1117
837.491,1119
837.556,1119
837.621,1118
837.686,1121
837.752,1120
837.817,1148
837.882,1174
837.947,1211
838.013,1229
838.078,1214
838.143,1196
838.208,1172
838.273,1131
838.339,1130
838.404,1132
838.469,1119
838.534,1140
838.6,1175
838.665,1196
838.73,1222
838.795,1333
838.861,1455
838.926,1616
838.991,1779
839.056,1921
839.122,2128
839.187,2335
839.252,2627
839.318,3065
839.383,3744
839.448,4578
839.513,5613
839.579,7175
839.644,9205
839.709,11700
839.775,14452
839.84,16857
839.905,18531
839.97,19462
840.036,19771
840.101,19358
840.166,18509
840.232,17416
840.297,16195
840.362,14894
840.428,13707
840.493,12707
840.558,12085
840.624,12270
840.689,13139
840.754,14599
840.82,16348
840.885,17888
840.95,18965
841.016,19426
841.081,19289
841.146,18571
841.212,17504
841.277,16279
841.342,15014
841.408,13769
841.473,12621
841.538,11728
841.604,11126
841.669,11092
841.735,11644
841.8,12529
841.865,13577
841.931,14536
841.996,15065
842.061,15222
842.127,15030
842.192,14293
842.258,13260
842.323,12104
842.388,11009
842.454,10079
842.519,9333
842.585,8813
842.65,8381
842.715,8254
842.781,8451
842.846,8749
842.912,9124
842.977,9466
843.043,9550
843.108,9446
843.173,9217
843.239,8730
843.304,8165
843.37,7660
843.435,7218
843.501,6872
843.566,6597
843.631,6377
843.697,6150
843.762,5959
843.828,5877
843.893,5792
843.959,5700
844.024,5634
844.09,5642
844.155,5603
844.221,5559
844.286,5494
844.352,5320
844.417,5203
844.482,5055
844.548,4897
844.613,4754
844.679,4589
844.744,4430
844.81,4297
844.875,4215
844.941,4151
845.006,4112
845.072,4083
845.137,4106
845.203,4156
845.268,4202
845.334,4251
845.399,4243
845.465,4222
845.53,4171
845.596,4117
845.662,4024
845.727,3906
845.793,3813
845.858,3730
845.924,3710
845.989,3722
846.055,3739
846.12,3800
846.186,3875
846.251,3948
846.317,4011
846.382,4028
846.448,3946
846.514,3832
846.579,3654
846.645,3381
846.71,3108
846.776,2825
846.841,2531
846.907,2348
846.973,2225
847.038,2179
847.104,2160
847.169,2188
847.235,2272
847.3,2340
847.366,2421
847.432,2462
847.497,2449
847.563,2383
847.628,2280
847.694,2078
847.76,1896
847.825,1741
847.891,1577
847.957,1491
848.022,1463
848.088,1447
848.153,1428
848.219,1457
848.285,1444
848.35,1447
848.416,1462
848.482,1499
848.547,1527
848.613,1562
848.678,1593
848.744,1529
848.81,1472
848.875,1397
848.941,1335
849.007,1268
849.072,1223
849.138,1169
849.204,1114
849.269,1104
849.335,1111
849.401,1119
849.466,1138
849.532,1149
849.598,1151
849.663,1179
849.729,1174
849.795,1175
849.86,1155
849.926,1131
849.992,1104
850.058,1082
850.123,1077
850.189,1069
850.255,1082
850.32,1077
850.386,1075
850.452,1089
850.518,1096
850.583,1143
850.649,1203
850.715,1243
850.78,1271
850.846,1255
850.912,1231
850.978,1187
851.043,1143
851.109,1131
851.175,1128
851.241,1134
851.306,1159
851.372,1193
851.438,1212
851.504,1226
851.569,1234
851.635,1203
851.701,1201
851.767,1196
851.832,1178
851.898,1191
851.964,1206
852.03,1207
852.095,1199
852.161,1187
852.227,1159
852.293,1161
852.359,1146
852.424,1136
852.49,1132
852.556,1130
852.622,1111
852.688,1110
852.753,1116
852.819,1105
852.885,1115
852.951,1097
853.017,1069
853.082,1060
853.148,1038
853.214,1023
853.28,1024
853.346,1052
853.412,1056
853.477,1104
853.543,1143
853.609,1169
853.675,1197
853.741,1199
853.807,1169
853.872,1132
853.938,1095
854.004,1074
854.07,1099
854.136,1121
854.202,1159
854.268,1175
854.333,1154
854.399,1131
854.465,1105
854.531,1081
854.597,1066
854.663,1085
854.729,1085
854.795,1104
854.86,1131
854.926,1150
854.992,1171
855.058,1227
855.124,1265
855.19,1303
855.256,1352
855.322,1340
855.388,1361
855.454,1343
855.519,1336
855.585,1328
855.651,1335
855.717,1386
855.783,1456
855.849,1585
855.915,1707
855.981,1821
856.047,1918
856.113,1977
856.179,1991
856.245,1955
856.311,1944
856.376,1900
856.442,1877
856.508,1882
856.574,1879
856.64,1905
856.706,1921
856.772,1944
856.838,1962
856.904,2015
856.97,2040
857.036,2087
857.102,2136
857.168,2094
857.234,2065
857.3,2007
857.366,1937
857.432,1892
857.498,1826
857.564,1776
857.63,1732
857.696,1695
857.762,1661
857.828,1652
857.894,1640
857.96,1636
858.026,1629
858.092,1623
858.158,1618
858.224,1597
858.29,1571
858.356,1534
858.422,1493
858.488,1470
858.554,1472
858.62,1480
858.686,1455
858.752,1450
858.818,1450
858.884,1444
858.95,1448
859.016,1456
859.082,1419
859.148,1394
859.215,1353
859.281,1331
859.347,1334
859.413,1312
859.479,1312
859.545,1313
859.611,1296
859.677,1296
859.743,1317
859.809,1328
859.875,1335
859.941,1332
860.007,1321
860.073,1284
860.14,1248
860.206,1219
860.272,1185
860.338,1155
860.404,1135
860.47,1126
860.536,1108
860.602,1110
860.668,1148
860.735,1165
860.801,1189
860.867,1227
860.933,1239
860.999,1247
861.065,1252
861.131,1245
861.197,1217
861.264,1217
861.33,1231
861.396,1233
861.462,1226
861.528,1223
861.594,1203
861.66,1167
861.727,1140
861.793,1098
861.859,1052
861.925,1028
861.991,1016
862.057,1020
862.123,1032
862.19,1043
862.256,1063
862.322,1092
862.388,1136
862.454,1157
862.521,1198
862.587,1228
862.653,1235
862.719,1250
862.785,1240
862.852,1210
862.918,1184
862.984,1184
863.05,1150
863.116,1128
863.183,1105
863.249,1076
863.315,1082
863.381,1109
863.447,1132
863.514,1160
863.58,1168
863.646,1145
863.712,1111
863.779,1097
863.845,1126
863.911,1137
863.977,1154
864.043,1170
864.11,1188
864.176,1190
864.242,1211
864.308,1207
864.375,1190
864.441,1175
864.507,1164
864.574,1169
864.64,1173
864.706,1195
864.772,1213
864.839,1242
864.905,1271
864.971,1283
865.037,1288
865.104,1290
865.17,1295
865.236,1301
865.303,1288
865.369,1274
865.435,1276
865.501,1278
865.568,1275
865.634,1273
865.7,1255
865.767,1248
865.833,1239
865.899,1257
865.966,1286
866.032,1304
866.098,1336
866.165,1384
866.231,1408
866.297,1422
866.364,1434
866.43,1414
866.496,1360
866.563,1313
866.629,1288
866.695,1231
866.762,1213
866.828,1220
866.894,1212
866.961,1196
867.027,1190
867.093,1170
867.16,1154
867.226,1153
867.293,1149
867.359,1126
867.425,1118
867.492,1139
867.558,1153
867.624,1171
867.691,1186
867.757,1197
867.824,1185
867.89,1202
867.956,1224
868.023,1234
868.089,1238
868.156,1245
868.222,1249
868.288,1228
868.355,1227
868.421,1220
868.488,1216
868.554,1216
868.62,1205
868.687,1198
868.753,1171
868.82,1159
868.886,1163
868.953,1161
869.019,1151
869.085,1147
869.152,1126
869.218,1126
869.285,1134
869.351,1151
869.418,1167
869.484,1180
869.551,1201
869.617,1202
869.684,1167
869.75,1143
869.816,1114
869.883,1104
869.949,1100
870.016,1104
870.082,1121
870.149,1117
870.215,1129
870.282,1124
870.348,1114
870.415,1102
870.481,1084
870.548,1073
870.614,1052
870.681,1065
870.747,1078
870.814,1076
870.88,1083
870.947,1107
871.013,1107
871.08,1124
871.146,1140
871.213,1137
871.279,1118
871.346,1101
871.412,1075
871.479,1054
871.545,1068
871.612,1098
871.679,1106
871.745,1126
871.812,1132
871.878,1114
871.945,1102
872.011,1106
872.078,1103
872.144,1103
872.211,1105
872.278,1072
872.344,1051
872.411,1045
872.477,1038
872.544,1045
872.61,1029
872.677,1007
872.744,1002
872.81,974
872.877,951
872.943,946
873.01,946
873.076,919
873.143,909
873.21,892
873.276,854
873.343,881
873.409,901
873.476,917
873.543,952
873.609,963
873.676,973
873.743,977
873.809,969
873.876,977
873.942,978
874.009,984
874.076,980
874.142,971
874.209,977
874.276,971
874.342,980
874.409,966
874.476,966
874.542,970
874.609,965
874.675,975
874.742,980
874.809,991
874.875,1000
874.942,971
875.009,964
875.075,959
875.142,948
875.209,971
875.275,974
875.342,981
875.409,984
875.476,985
875.542,1009
875.609,1021
875.676,1030
875.742,1029
875.809,1040
875.876,1046
875.942,1035
876.009,1059
876.076,1063
876.143,1047
876.209,1029
876.276,1014
876.343,1012
876.409,1004
876.476,992
876.543,993
876.61,958
876.676,955
876.743,943
876.81,910
876.877,901
876.943,900
877.01,911
877.077,904
877.143,918
877.21,933
877.277,939
877.344,965
877.411,964
877.477,950
877.544,957
877.611,962
877.678,985
877.744,995
877.811,996
877.878,971
877.945,936
878.011,930
878.078,928
878.145,930
878.212,935
878.279,930
878.345,924
878.412,900
878.479,879
878.546,872
878.613,857
878.679,833
878.746,846
878.813,869
878.88,879
878.947,913
879.014,921
879.08,941
879.147,934
879.214,911
879.281,920
879.348,919
879.415,932
879.481,955
879.548,959
879.615,926
879.682,894
879.749,852
879.816,826
879.882,832
879.949,829
880.016,822
880.083,843
880.15,854
880.217,868
880.284,897
880.351,912
880.417,921
880.484,930
880.551,944
880.618,944
880.685,943
880.752,957
880.819,927
880.886,894
880.952,872
881.019,853
881.086,849
881.153,856
881.22,876
881.287,874
881.354,891
881.421,895
881.488,887
881.555,886
881.622,881
881.689,881
881.755,872
881.822,862
881.889,861
881.956,890
882.023,892
882.09,880
882.157,879
882.224,870
882.291,866
882.358,881
882.425,881
882.492,884
882.559,905
882.626,913
882.693,898
882.76,860
882.827,816
882.894,791
882.961,777
883.028,779
883.095,786
883.162,778
883.228,773
883.295,775
883.362,780
883.429,786
883.496,804
883.563,818
883.63,820
883.697,827
883.764,842
883.831,821
883.898,805
883.965,798
884.032,781
884.1,772
884.167,779
884.234,767
884.301,783
884.368,809
884.435,822
884.502,817
884.569,803
884.636,790
884.703,763
884.77,756
884.837,755
884.904,761
884.971,781
885.038,798
885.105,826
885.172,832
885.239,829
885.306,819
885.373,834
885.44,823
885.507,827
885.575,822
885.642,826
885.709,861
885.776,878
885.843,899
885.91,876
885.977,868
886.044,863
886.111,839
886.178,831
886.245,827
886.313,797
886.38,778
886.447,781
886.514,786
886.581,782
886.648,802
886.715,779
886.782,772
886.849,769
886.917,757
886.984,760
887.051,745
887.118,751
887.185,743
887.252,753
887.319,766
887.387,769
887.454,782
887.521,812
887.588,802
887.655,791
887.722,783
887.789,776
887.857,789
887.924,815
887.991,859
888.058,870
888.125,888
888.192,894
888.26,895
888.327,921
888.394,917
888.461,927
888.528,917
888.596,909
888.663,909
888.73,916
888.797,903
888.864,899
888.932,895
888.999,881
889.066,867
889.133,841
889.2,824
889.268,817
889.335,826
889.402,804
889.469,807
889.536,795
889.604,797
889.671,812
889.738,828
889.805,855
889.873,863
889.94,908
890.007,923
890.074,944
890.142,951
890.209,980
890.276,950
890.343,943
890.411,946
890.478,914
890.545,911
890.612,925
890.68,943
890.747,947
890.814,946
890.882,925
890.949,894
891.016,863
891.083,861
891.151,841
891.218,824
891.285,819
891.353,815
891.42,818
891.487,822
891.554,835
891.622,831
891.689,844
891.756,861
891.824,871
891.891,895
891.958,913
892.026,918
892.093,919
892.16,902
892.228,893
892.295,885
892.362,870
892.43,863
892.497,845
892.564,827
892.632,833
892.699,835
892.766,828
892.834,825
892.901,824
892.968,834
893.036,844
893.103,846
893.17,823
893.238,811
893.305,797
893.373,782
893.44,764
893.507,750
893.575,757
893.642,774
893.709,808
893.777,808
893.844,799
893.912,807
893.979,789
894.046,789
894.114,793
894.181,778
894.249,780
894.316,788
894.383,794
894.451,811
894.518,813
894.586,842
894.653,857
894.721,881
894.788,860
894.855,840
894.923,808
894.99,777
895.058,771
895.125,764
895.193,778
895.26,780
895.328,771
895.395,775
895.462,783
895.53,797
895.597,812
895.665,792
895.732,778
895.8,763
895.867,775
895.935,786
896.002,791
896.07,804
896.137,813
896.205,824
896.272,825
896.34,842
896.407,824
896.475,804
896.542,798
896.609,790
896.677,796
896.744,812
896.812,829
896.88,845
896.947,859
897.015,857
897.082,846
897.15,820
897.217,782
897.285,758
897.352,744
897.42,734
897.487,736
897.555,750
897.622,774
897.69,789
897.757,805
897.825,828
897.892,838
897.96,845
898.028,873
898.095,863
898.163,864
898.23,870
898.298,870
898.365,875
898.433,878
898.5,869
898.568,881
898.636,876
898.703,862
898.771,835
898.838,821
898.906,816
898.973,833
899.041,866
899.109,845
899.176,844
899.244,822
899.311,803
899.379,812
899.447,810
899.514,817
899.582,808
899.649,798
899.717,794
899.785,796
899.852,797
899.92,804
899.988,813
900.055,813
900.123,827
900.19,842
900.258,835
900.326,840
900.393,861
900.461,867
900.529,911
900.596,943
900.664,969
900.732,977
900.799,946
900.867,915
900.935,893
901.002,866
901.07,856
901.138,849
901.205,850
901.273,863
901.341,881
901.408,913
901.476,909
901.544,931
901.611,925
901.679,916
901.747,923
901.814,895
901.882,878
901.95,861
902.018,859
902.085,874
902.153,894
902.221,890
902.288,890
902.356,860
902.424,885
902.492,906
902.559,911
902.627,930
902.695,911
902.762,904
902.83,898
902.898,910
902.966,906
903.033,913
903.101,923
903.169,928
903.237,935
903.304,927
903.372,927
903.44,934
903.508,929
903.575,948
903.643,963
903.711,976
903.779,1024
903.846,1055
903.914,1067
903.982,1064
904.05,1040
904.118,1012
904.185,984
904.253,972
904.321,961
904.389,950
904.457,948
904.524,962
904.592,982
904.66,998
904.728,1019
904.796,994
904.863,965
904.931,928
904.999,889
905.067,861
905.135,857
905.202,848
905.27,831
905.338,868
905.406,903
905.474,923
905.542,937
905.609,968
905.677,995
905.745,1013
905.813,1049
905.881,1059
905.949,1075
906.017,1111
906.084,1137
906.152,1129
906.22,1118
906.288,1087
906.356,1057
906.424,1027
906.492,1019
906.559,1013
906.627,996
906.695,992
906.763,997
906.831,1004
906.899,991
906.967,1004
907.035,993
907.103,978
907.17,972
907.238,949
907.306,947
907.374,943
907.442,932
907.51,964
907.578,990
907.646,1002
907.714,1026
907.782,1016
907.85,1006
907.917,1007
907.985,988
908.053,975
908.121,953
908.189,929
908.257,896
908.325,901
908.393,897
908.461,894
908.529,887
908.597,869
908.665,886
908.733,892
908.801,917
908.869,909
908.937,896
909.005,888
909.073,892
909.141,868
909.209,871
909.277,880
909.345,862
909.412,885
909.48,916
909.548,917
909.616,919
909.684,915
909.752,887
909.82,855
909.888,844
909.956,810
910.024,778
910.092,783
910.16,756
910.228,762
910.297,766
910.365,764
910.433,775
910.501,773
910.569,808
910.637,816
910.705,837
910.773,853
910.841,860
910.909,870
910.977,882
911.045,925
911.113,957
911.181,1007
911.249,1057
911.317,1209
911.385,1467
911.453,1805
911.521,2210
911.589,2957
911.657,4191
911.725,5649
911.794,7289
911.862,8795
911.93,9905
911.998,10682
912.066,11161
912.134,11050
912.202,10295
912.27,9339
912.338,8355
912.406,7441
912.474,6762
912.542,6306
912.611,6037
912.679,6236
912.747,7090
912.815,8189
912.883,9335
912.951,10306
913.019,10725
913.087,10729
913.156,10450
913.224,9754
913.292,8765
913.36,7828
913.428,6966
913.496,6284
913.564,5952
913.632,5783
913.701,5710
913.769,5929
913.837,6447
913.905,6983
913.973,7528
914.041,7817
914.11,7683
914.178,7333
914.246,6862
914.314,6330
914.382,5780
914.45,5339
914.519,4918
914.587,4590
914.655,4458
914.723,4372
914.791,4334
914.859,4378
914.928,4461
914.996,4546
915.064,4609
915.132,4583
915.2,4450
915.269,4278
915.337,4084
915.405,3871
915.473,3699
915.541,3559
915.61,3420
915.678,3380
915.746,3332
915.814,3298
915.883,3239
915.951,3177
916.019,3141
916.087,3099
916.156,3057
916.224,2984
916.292,2912
916.36,2812
916.429,2700
916.497,2651
916.565,2600
916.633,2577
916.702,2557
916.77,2494
916.838,2437
916.906,2361
916.975,2271
917.043,2181
917.111,2131
917.179,2073
917.248,2002
917.316,2001
917.384,1974
917.453,1968
917.521,1979
917.589,1980
917.657,1957
917.726,1941
917.794,1923
917.862,1876
917.931,1857
917.999,1831
918.067,1801
918.136,1791
918.204,1766
918.272,1771
918.341,1758
918.409,1763
918.477,1778
918.545,1775
918.614,1758
918.682,1733
918.75,1706
918.819,1673
918.887,1646
918.956,1538
919.024,1414
919.092,1316
919.161,1195
919.229,1138
919.297,1138
919.366,1131
919.434,1147
919.502,1191
919.571,1229
919.639,1270
919.707,1329
919.776,1349
919.844,1320
919.913,1266
919.981,1193
920.049,1116
920.118,1060
920.186,1015
920.255,968
920.323,949
920.391,943
920.46,960
920.528,983
920.597,992
920.665,1032
920.733,1067
920.802,1084
920.87,1100
920.939,1118
921.007,1101
921.075,1088
921.144,1077
921.212,1051
921.281,1029
921.349,1002
921.418,968
921.486,925
921.554,877
921.623,841
921.691,808
921.76,799
921.828,802
921.897,816
921.965,813
922.034,818
922.102,831
922.171,853
922.239,882
922.307,885
922.376,884
922.444,893
922.513,878
922.581,875
922.65,872
922.718,834
922.787,841
922.855,853
922.924,856
922.992,857
923.061,877
923.129,883
923.198,881
923.266,885
923.335,864
923.403,854
923.472,849
923.54,831
923.609,811
923.677,823
923.746,823
923.814,830
923.883,845
923.952,838
924.02,825
924.089,801
924.157,796
924.226,817
924.294,851
924.363,894
924.431,938
924.5,954
924.568,970
924.637,975
924.706,999
924.774,987
924.843,980
924.911,963
924.98,920
925.048,904
925.117,890
925.186,885
925.254,878
925.323,875
925.391,847
925.46,830
925.528,804
925.597,794
925.666,797
925.734,799
925.803,794
925.871,787
925.94,773
926.009,766
926.077,769
926.146,781
926.215,790
926.283,784
926.352,806
926.42,814
926.489,809
926.558,830
926.626,835
926.695,818
926.764,811
926.832,794
926.901,781
926.969,803
927.038,812
927.107,818
927.175,838
927.244,835
927.313,848
927.381,863
927.45,880
927.519,899
927.587,897
927.656,879
927.725,879
927.793,899
927.862,925
927.931,947
927.999,976
928.068,989
928.137,1010
928.206,1021
928.274,1026
928.343,1017
928.412,1014
928.48,1031
928.549,1033
928.618,1037
928.686,1043
928.755,1024
928.824,1049
928.893,1076
928.961,1069
929.03,1086
929.099,1061
929.167,1024
929.236,1023
929.305,1007
929.374,1014
929.442,1006
929.511,1002
929.58,1004
929.649,990
929.717,1004
929.786,1003
929.855,1000
929.924,1006
929.992,1025
930.061,1032
930.13,1046
930.199,1042
930.267,1038
930.336,1053
930.405,1076
930.474,1077
930.543,1066
930.611,1061
930.68,1049
930.749,1055
930.818,1048
930.886,1016
930.955,988
931.024,972
931.093,966
931.162,931
931.23,917
931.299,859
931.368,833
931.437,847
931.506,860
931.575,895
931.643,898
931.712,903
931.781,898
931.85,884
931.919,879
931.987,849
932.056,803
932.125,776
932.194,782
932.263,807
932.332,827
932.401,862
932.469,878
932.538,904
932.607,924
932.676,939
932.745,926
932.814,911
932.883,893
932.951,888
933.02,875
933.089,875
933.158,870
933.227,867
933.296,890
933.365,904
933.434,927
933.502,951
933.571,946
933.64,942
933.709,937
933.778,917
933.847,904
933.916,905
933.985,897
934.054,920
934.123,923
934.192,940
934.26,962
934.329,966
934.398,964
934.467,947
934.536,942
934.605,926
934.674,955
934.743,969
934.812,1001
934.881,1041
934.95,1057
935.019,1091
935.088,1120
935.157,1214
935.226,1307
935.295,1418
935.363,1538
935.432,1799
935.501,2378
935.57,3212
935.639,4287
935.708,5844
935.777,7777
935.846,9795
935.915,11713
935.984,12946
936.053,13313
936.122,12993
936.191,12317
936.26,11220
936.329,9966
936.398,8852
936.467,7878
936.536,7323
936.605,7312
936.674,7691
936.743,8343
936.812,9415
936.881,10615
936.95,11728
937.019,12611
937.088,12828
937.157,12294
937.226,11382
937.295,10313
937.364,9201
937.433,8210
937.502,7429
937.572,6769
937.641,6468
937.71,6615
937.779,6976
937.848,7448
937.917,7993
937.986,8450
938.055,8693
938.124,8809
938.193,8542
938.262,7895
938.331,7212
938.4,6519
938.469,5964
938.538,5579
938.607,5300
938.677,5089
938.746,4992
938.815,5105
938.884,5261
938.953,5429
939.022,5548
939.091,5489
939.16,5382
939.229,5193
939.298,4916
939.367,4653
939.437,4390
939.506,4134
939.575,3967
939.644,3886
939.713,3829
939.782,3766
939.851,3728
939.92,3713
939.99,3688
940.059,3660
940.128,3602
940.197,3507
940.266,3401
940.335,3298
940.404,3205
940.474,3128
940.543,3089
940.612,3041
940.681,3000
940.75,2958
940.819,2910
940.889,2856
940.958,2796
941.027,2728
941.096,2672
941.165,2615
941.234,2570
941.304,2534
941.373,2494
941.442,2469
941.511,2433
941.58,2392
941.65,2354
941.719,2319
941.788,2305
941.857,2272
941.926,2232
941.996,2159
942.065,2104
942.134,2057
942.203,2016
942.272,1986
942.342,1958
942.411,1972
942.48,1986
942.549,2020
942.619,2057
942.688,2074
942.757,2113
942.826,2131
942.895,2099
942.965,2007
943.034,1890
943.103,1758
943.172,1624
943.242,1536
943.311,1453
943.38,1361
943.449,1326
943.519,1294
943.588,1297
943.657,1305
943.727,1310
943.796,1296
943.865,1287
943.934,1269
944.004,1241
944.073,1206
944.142,1153
944.212,1075
944.281,1008
944.35,962
944.419,929
944.489,911
944.558,913
944.627,933
944.697,961
944.766,995
944.835,1016
944.905,1015
944.974,1017
945.043,990
945.112,985
945.182,956
945.251,914
945.32,866
945.39,852
945.459,849
945.528,843
945.598,840
945.667,837
945.737,854
945.806,862
945.875,882
945.945,882
946.014,871
946.083,856
946.153,844
946.222,817
946.291,809
946.361,807
946.43,811
946.499,804
946.569,798
946.638,792
946.708,785
946.777,793
946.846,805
946.916,808
946.985,810
947.055,798
947.124,792
947.193,786
947.263,780
947.332,793
947.402,786
947.471,796
947.54,806
947.61,832
947.679,868
947.749,918
947.818,954
947.888,976
947.957,977
948.026,967
948.096,953
948.165,921
948.235,875
948.304,827
948.374,793
948.443,780
948.512,785
948.582,798
948.651,791
948.721,823
948.79,852
948.86,869
948.929,896
948.999,879
949.068,875
949.138,860
949.207,867
949.277,862
949.346,852
949.416,836
949.485,808
949.554,805
949.624,825
949.693,851
949.763,878
949.832,909
949.902,911
949.971,937
950.041,947
950.11,934
950.18,940
950.25,940
950.319,933
950.389,929
950.458,920
950.528,901
950.597,889
950.667,913
950.736,911
950.806,917
950.875,921
950.945,892
951.014,881
951.084,864
951.153,848
951.223,815
951.293,804
951.362,789
951.432,767
951.501,793
951.571,814
951.64,858
951.71,904
951.779,941
951.849,951
951.919,964
951.988,969
952.058,980
952.127,1014
952.197,1036
952.267,1063
952.336,1063
952.406,1072
952.475,1086
952.545,1105
952.614,1114
952.684,1090
952.754,1062
952.823,1054
952.893,1063
952.963,1059
953.032,1076
953.102,1083
953.171,1073
953.241,1053
953.311,1047
953.38,1038
953.45,1016
953.52,1021
953.589,1016
953.659,1008
953.728,1007
953.798,1024
953.868,1038
953.937,1031
954.007,1048
954.077,1047
954.146,1030
954.216,1013
954.286,964
954.355,910
954.425,870
954.495,832
954.564,803
954.634,809
954.704,817
954.773,823
954.843,803
954.913,794
954.982,786
955.052,779
955.122,773
955.192,781
955.261,806
955.331,812
955.401,835
955.47,853
955.54,853
955.61,848
955.679,851
955.749,857
955.819,853
955.889,846
955.958,849
956.028,859
956.098,867
956.168,867
956.237,855
956.307,843
956.377,837
956.447,833
956.516,832
956.586,845
956.656,875
956.726,901
956.795,942
956.865,961
956.935,934
957.005,921
957.074,874
957.144,843
957.214,814
957.284,750
957.353,733
957.423,726
957.493,724
957.563,714
957.633,727
957.702,726
957.772,728
957.842,753
957.912,761
957.982,777
958.051,806
958.121,818
958.191,811
958.261,804
958.331,800
958.4,796
958.47,811
958.54,792
958.61,770
958.68,756
958.749,754
958.819,748
958.889,756
958.959,762
959.029,735
959.099,742
959.168,741
959.238,745
959.308,761
959.378,776
959.448,807
959.518,839
959.588,879
959.657,967
959.727,1112
959.797,1273
959.867,1519
959.937,1751
960.007,1924
960.077,2093
960.147,2189
960.216,2197
960.286,2157
960.356,2120
960.426,2027
960.496,1932
960.566,1899
960.636,1866
960.706,1891
960.776,1984
960.845,2072
960.915,2193
960.985,2322
961.055,2359
961.125,2382
961.195,2380
961.265,2335
961.335,2266
961.405,2194
961.475,2116
961.545,2004
961.615,1946
961.685,1885
961.754,1828
961.824,1856
961.894,1883
961.964,1923
962.034,1956
962.104,1976
962.174,1965
962.244,1952
962.314,1932
962.384,1864
962.454,1795
962.524,1725
962.594,1654
962.664,1599
962.734,1573
962.804,1524
962.874,1464
962.944,1450
963.014,1418
963.084,1392
963.154,1358
963.224,1333
963.294,1314
963.364,1315
963.434,1318
963.504,1271
963.574,1224
963.644,1184
963.714,1154
963.784,1154
963.854,1177
963.924,1181
963.994,1192
964.064,1192
964.134,1175
964.204,1165
964.274,1141
964.344,1133
964.414,1122
964.484,1116
964.554,1123
964.624,1125
964.694,1110
964.764,1103
964.834,1081
964.904,1059
964.974,1039
965.045,1018
965.115,1010
965.185,993
965.255,1018
965.325,1035
965.395,1035
965.465,1048
965.535,1030
965.605,1013
965.675,1012
965.745,995
965.815,987
965.885,979
965.956,974
966.026,960
966.096,948
966.166,940
966.236,908
966.306,895
966.376,887
966.446,877
966.516,859
966.586,874
966.657,881
966.727,888
966.797,899
966.867,911
966.937,915
967.007,916
967.077,909
967.148,892
967.218,867
967.288,843
967.358,838
967.428,846
967.498,844
967.568,844
967.639,837
967.709,827
967.779,826
967.849,813
967.919,785
967.989,766
968.06,748
968.13,746
968.2,744
968.27,767
968.34,779
968.41,790
968.481,793
968.551,802
968.621,791
968.691,800
968.761,782
968.832,776
968.902,758
968.972,741
969.042,721
969.112,708
969.183,709
969.253,702
969.323,694
969.393,704
969.463,697
969.534,684
969.604,679
969.674,687
969.744,698
969.815,730
969.885,747
969.955,778
970.025,791
970.096,829
970.166,840
970.236,838
970.306,842
970.377,826
970.447,823
970.517,797
970.587,784
970.658,788
970.728,794
970.798,800
970.868,814
970.939,808
971.009,797
971.079,779
971.15,774
971.22,780
971.29,784
971.36,777
971.431,762
971.501,747
971.571,747
971.642,750
971.712,756
971.782,745
971.853,739
971.923,744
971.993,770
972.064,799
972.134,822
972.204,833
972.274,813
972.345,787
972.415,743
972.485,728
972.556,733
972.626,736
972.696,758
972.767,752
972.837,737
972.908,740
972.978,748
973.048,755
973.119,738
973.189,720
973.259,691
973.33,657
973.4,658
973.47,660
973.541,643
973.611,659
973.682,651
973.752,654
973.822,645
973.893,645
973.963,631
974.033,620
974.104,631
974.174,643
974.245,666
974.315,685
974.385,709
974.456,707
974.526,731
974.597,734
974.667,724
974.738,731
974.808,735
974.878,733
974.949,709
975.019,697
975.09,681
975.16,655
975.23,644
975.301,636
975.371,632
975.442,651
975.512,676
975.583,679
975.653,678
975.724,691
975.794,687
975.865,687
975.935,695
976.005,692
976.076,680
976.146,689
976.217,698
976.287,697
976.358,703
976.428,685
976.499,686
976.569,679
976.64,686
976.71,716
976.781,721
976.851,739
976.922,756
976.992,754
977.063,751
977.133,745
977.204,744
977.274,734
977.345,739
977.415,726
977.486,703
977.556,701
977.627,712
977.697,710
977.768,722
977.838,728
977.909,722
977.979,719
978.05,703
978.12,686
978.191,664
978.262,655
978.332,644
978.403,639
978.473,649
978.544,663
978.614,688
978.685,698
978.755,718
978.826,718
978.897,715
978.967,731
979.038,721
979.108,718
979.179,699
979.249,694
979.32,696
979.391,698
979.461,714
979.532,724
979.602,730
979.673,708
979.744,688
979.814,663
979.885,639
979.955,635
980.026,632
980.097,630
980.167,644
980.238,666
980.308,663
980.379,665
980.45,680
980.52,666
980.591,657
980.662,659
980.732,656
980.803,655
980.874,654
980.944,627
981.015,612
981.085,630
981.156,634
981.227,618
981.297,610
981.368,607
981.439,627
981.509,658
981.58,671
981.651,679
981.721,674
981.792,676
981.863,669
981.933,652
982.004,641
982.075,645
982.145,631
982.216,632
982.287,636
982.358,634
982.428,652
982.499,665
982.57,698
982.64,697
982.711,715
982.782,726
982.853,723
982.923,738
982.994,778
983.065,816
983.135,844
983.206,876
983.277,899
983.348,955
983.418,1022
983.489,1257
983.56,1724
983.631,2324
983.701,3086
983.772,4149
983.843,5402
983.913,6572
983.984,7628
984.055,8106
984.126,7890
984.197,7429
984.267,6860
984.338,6169
984.409,5537
984.48,5033
984.55,4586
984.621,4491
984.692,4858
984.763,5371
984.833,6049
984.904,6800
984.975,7356
985.046,7741
985.117,7907
985.187,7694
985.258,7066
985.329,6424
985.4,5776
985.471,5168
985.541,4823
985.612,4557
985.683,4377
985.754,4444
985.825,4721
985.896,5040
985.966,5357
986.037,5573
986.108,5546
986.179,5447
986.25,5291
986.321,5001
986.391,4666
986.462,4342
986.533,4016
986.604,3789
986.675,3671
986.746,3602
986.817,3569
986.887,3604
986.958,3687
987.029,3760
987.1,3793
987.171,3746
987.242,3607
987.313,3449
987.383,3290
987.454,3103
987.525,2941
987.596,2786
987.667,2650
987.738,2550
987.809,2508
987.88,2481
987.951,2443
988.021,2418
988.092,2386
988.163,2362
988.234,2313
988.305,2224
988.376,2130
988.447,2048
988.518,1964
988.589,1903
988.66,1881
988.731,1831
988.802,1783
988.872,1761
988.943,1713
989.014,1683
989.085,1639
989.156,1604
989.227,1571
989.298,1549
989.369,1516
989.44,1466
989.511,1424
989.582,1399
989.653,1384
989.724,1377
989.795,1364
989.866,1353
989.937,1333
990.008,1350
990.079,1337
990.15,1294
990.221,1237
990.292,1185
990.363,1146
990.434,1123
990.505,1105
990.576,1093
990.647,1119
990.718,1149
990.789,1185
990.86,1212
990.931,1228
991.002,1230
991.073,1219
991.144,1205
991.215,1177
991.286,1131
991.357,1071
991.428,1030
991.499,993
991.57,987
991.641,987
991.712,955
991.783,970
991.854,970
991.925,976
991.996,1017
992.067,1029
992.138,1045
992.209,1054
992.28,1039
992.351,1014
992.422,1000
992.493,962
992.564,951
992.636,931
992.707,916
992.778,908
992.849,901
992.92,901
992.991,908
993.062,906
993.133,898
993.204,884
993.275,867
993.346,843
993.417,802
993.489,786
993.56,758
993.631,731
993.702,715
993.773,708
993.844,718
993.915,725
993.986,728
994.057,734
994.129,735
994.2,729
994.271,736
994.342,736
994.413,740
994.484,752
994.555,737
994.626,721
994.698,714
994.769,711
994.84,715
994.911,700
994.982,684
995.053,649
995.125,646
995.196,653
995.267,665
995.338,676
995.409,695
995.48,696
995.552,683
995.623,661
995.694,627
995.765,606
995.836,592
995.907,577
995.979,574
996.05,562
996.121,571
996.192,583
996.263,579
996.335,576
996.406,573
996.477,578
996.548,594
996.619,611
996.691,634
996.762,646
996.833,674
996.904,676
996.976,678
997.047,685
997.118,666
997.189,665
997.261,653
997.332,645
997.403,612
997.474,606
997.545,608
997.617,603
997.688,613
997.759,613
997.83,610
997.902,596
997.973,617
998.044,619
998.116,617
998.187,618
998.258,602
998.329,613
998.401,628
998.472,657
998.543,669
998.614,682
998.686,696
998.757,692
998.828,680
998.9,650
998.971,640
999.042,634
999.114,628
999.185,630
999.256,618
999.327,612
999.399,627
999.47,628
999.541,642
999.613,667
999.684,689
999.755,729
999.827,755
999.898,783
999.969,807
1000.041,807
1000.112,812
1000.183,814
1000.255,813
1000.326,804
1000.397,792
1000.469,797
1000.54,797
1000.612,812
1000.683,833
1000.754,857
1000.826,877
1000.897,894
1000.968,910
1001.04,916
1001.111,910
1001.182,880
1001.254,851
1001.325,823
1001.397,824
1001.468,837
1001.539,838
1001.611,861
1001.682,870
1001.754,855
1001.825,843
1001.896,832
1001.968,810
1002.039,805
1002.111,801
1002.182,795
1002.253,770
1002.325,758
1002.396,746
1002.468,742
1002.539,745
1002.611,752
1002.682,743
1002.753,740
1002.825,742
1002.896,734
1002.968,720
1003.039,703
1003.111,685
1003.182,675
1003.254,678
1003.325,679
1003.396,693
1003.468,698
1003.539,716
1003.611,725
1003.682,706
1003.754,691
1003.825,684
1003.897,668
1003.968,649
1004.04,660
1004.111,652
1004.183,659
1004.254,663
1004.326,665
1004.397,675
1004.469,682
1004.54,682
1004.612,677
1004.683,661
1004.755,641
1004.826,619
1004.898,600
1004.969,595
1005.041,597
1005.112,580
1005.184,585
1005.255,587
1005.327,591
1005.398,597
1005.47,602
1005.541,617
1005.613,625
1005.684,661
1005.756,688
1005.828,729
1005.899,778
1005.971,807
1006.042,805
1006.114,774
1006.185,741
1006.257,693
1006.328,682
1006.4,657
1006.472,638
1006.543,624
1006.615,611
1006.686,621
1006.758,632
1006.829,649
1006.901,681
1006.973,709
1007.044,739
1007.116,804
1007.187,872
1007.259,958
1007.331,1058
1007.402,1339
1007.474,1957
1007.545,2835
1007.617,3975
1007.689,5592
1007.76,7619
1007.832,9767
1007.904,11848
1007.975,13304
1008.047,13745
1008.118,13564
1008.19,12990
1008.262,11953
1008.333,10715
1008.405,9522
1008.477,8493
1008.548,7890
1008.62,7958
1008.691,8566
1008.763,9506
1008.835,10754
1008.906,11950
1008.978,12872
1009.05,13474
1009.121,13457
1009.193,12847
1009.265,11844
1009.336,10728
1009.408,9668
1009.48,8735
1009.551,8094
1009.623,7649
1009.695,7590
1009.767,8012
1009.838,8661
1009.91,9357
1009.982,9917
1010.053,10141
1010.125,10016
1010.197,9717
1010.268,9148
1010.34,8368
1010.412,7620
1010.484,6910
1010.555,6341
1010.627,6010
1010.699,5840
1010.77,5771
1010.842,5908
1010.914,6224
1010.986,6504
1011.057,6752
1011.129,6745
1011.201,6449
1011.273,6076
1011.344,5641
1011.416,5205
1011.488,4898
1011.56,4633
1011.631,4391
1011.703,4256
1011.775,4189
1011.847,4143
1011.918,4128
1011.99,4142
1012.062,4103
1012.134,4042
1012.205,3948
1012.277,3785
1012.349,3615
1012.421,3466
1012.493,3315
1012.564,3215
1012.636,3187
1012.708,3180
1012.78,3177
1012.852,3168
1012.923,3170
1012.995,3121
1013.067,3055
1013.139,2963
1013.211,2835
1013.282,2698
1013.354,2573
1013.426,2492
1013.498,2460
1013.57,2464
1013.642,2464
1013.713,2506
1013.785,2542
1013.857,2555
1013.929,2573
1014.001,2539
1014.073,2478
1014.144,2427
1014.216,2376
1014.288,2302
1014.36,2255
1014.432,2220
1014.504,2198
1014.575,2229
1014.647,2273
1014.719,2307
1014.791,2334
1014.863,2345
1014.935,2339
1015.007,2344
1015.079,2355
1015.15,2279
1015.222,2184
1015.294,2057
1015.366,1896
1015.438,1758
1015.51,1635
1015.582,1504
1015.654,1363
1015.726,1262
1015.798,1223
1015.869,1230
1015.941,1259
1016.013,1291
1016.085,1324
1016.157,1330
1016.229,1320
1016.301,1282
1016.373,1197
1016.445,1130
1016.517,1046
1016.589,965
1016.661,929
1016.733,894
1016.804,887
1016.876,879
1016.948,909
1017.02,933
1017.092,960
1017.164,958
1017.236,924
1017.308,886
1017.38,855
1017.452,845
1017.524,821
1017.596,802
1017.668,789
1017.74,754
1017.812,769
1017.884,777
1017.956,778
1018.028,779
1018.1,741
1018.172,726
1018.244,697
1018.316,701
1018.388,714
1018.46,725
1018.532,732
1018.604,757
1018.676,772
1018.748,790
1018.82,816
1018.892,815
1018.964,784
1019.036,755
1019.108,717
1019.18,684
1019.252,675
1019.324,681
1019.396,667
1019.468,666
1019.54,669
1019.612,658
1019.684,677
1019.756,673
1019.828,657
1019.9,665
1019.972,666
1020.044,680
1020.116,714
1020.189,742
1020.261,773
1020.333,773
1020.405,772
1020.477,760
1020.549,733
1020.621,720
1020.693,695
1020.765,680
1020.837,655
1020.909,646
1020.981,641
1021.054,631
1021.126,624
1021.198,605
1021.27,585
1021.342,564
1021.414,553
1021.486,551
1021.558,569
1021.63,580
1021.702,599
1021.775,614
1021.847,635
1021.919,662
1021.991,691
1022.063,702
1022.135,685
1022.207,688
1022.279,685
1022.352,668
1022.424,659
1022.496,656
1022.568,644
1022.64,651
1022.712,654
1022.785,645
1022.857,634
1022.929,646
1023.001,650
1023.073,662
1023.145,688
1023.217,702
1023.29,697
1023.362,684
1023.434,664
1023.506,665
1023.578,683
1023.651,705
1023.723,715
1023.795,805
1023.867,894
1023.939,977
1024.012,1066
1024.084,1127
1024.156,1147
1024.228,1160
1024.3,1161
1024.373,1137
1024.445,1126
1024.517,1111
1024.589,1085
1024.661,1118
1024.734,1162
1024.806,1203
1024.878,1251
1024.95,1273
1025.023,1300
1025.095,1309
1025.167,1302
1025.239,1289
1025.312,1286
1025.384,1284
1025.456,1284
1025.528,1248
1025.601,1207
1025.673,1182
1025.745,1164
1025.817,1202
1025.89,1245
1025.962,1291
1026.034,1332
1026.106,1344
1026.179,1351
1026.251,1343
1026.323,1314
1026.396,1290
1026.468,1241
1026.54,1190
1026.612,1135
1026.685,1077
1026.757,1044
1026.829,1031
1026.902,1008
1026.974,994
1027.046,989
1027.119,970
1027.191,953
1027.263,965
1027.335,955
1027.408,953
1027.48,948
1027.552,910
1027.625,885
1027.697,860
1027.769,824
1027.842,794
1027.914,766
1027.986,757
1028.059,735
1028.131,709
1028.203,717
1028.276,711
1028.348,731
1028.421,749
1028.493,742
1028.565,732
1028.638,728
1028.71,716
1028.782,705
1028.855,703
1028.927,693
1028.999,691
1029.072,706
1029.144,715
1029.217,726
1029.289,722
1029.361,736
1029.434,742
1029.506,747
1029.579,760
1029.651,748
1029.723,763
1029.796,768
1029.868,760
1029.941,746
1030.013,714
1030.085,690
1030.158,682
1030.23,681
1030.303,675
1030.375,659
1030.448,642
1030.52,642
1030.592,647
1030.665,653
1030.737,665
1030.81,681
1030.882,698
1030.955,713
1031.027,721
1031.1,753
1031.172,773
1031.244,794
1031.317,830
1031.389,882
1031.462,948
1031.534,1027
1031.607,1293
1031.679,1738
1031.752,2317
1031.824,2991
1031.897,3835
1031.969,4663
1032.042,5349
1032.114,5898
1032.187,5961
1032.259,5558
1032.332,5074
1032.404,4559
1032.477,4085
1032.549,3842
1032.622,3726
1032.694,3699
1032.767,3948
1032.839,4477
1032.912,5015
1032.984,5573
1033.057,5948
1033.129,5903
1033.202,5757
1033.274,5494
1033.347,5106
1033.419,4721
1033.492,4362
1033.564,4030
1033.637,3806
1033.71,3748
1033.782,3751
1033.855,3815
1033.927,3976
1034,4152
1034.072,4294
1034.145,4370
1034.217,4279
1034.29,4052
1034.363,3787
1034.435,3532
1034.508,3308
1034.58,3160
1034.653,3028
1034.725,2925
1034.798,2922
1034.871,2978
1034.943,3042
1035.016,3093
1035.088,3106
1035.161,3039
1035.234,2955
1035.306,2858
1035.379,2711
1035.451,2590
1035.524,2475
1035.597,2340
1035.669,2259
1035.742,2214
1035.814,2185
1035.887,2165
1035.96,2110
1036.032,2061
1036.105,1997
1036.178,1941
1036.25,1898
1036.323,1828
1036.395,1763
1036.468,1659
1036.541,1559
1036.613,1492
1036.686,1435
1036.759,1378
1036.831,1337
1036.904,1323
1036.977,1332
1037.049,1346
1037.122,1364
1037.195,1344
1037.267,1307
1037.34,1247
1037.413,1246
1037.485,1234
1037.558,1224
1037.631,1214
1037.703,1185
1037.776,1188
1037.849,1184
1037.922,1183
1037.994,1153
1038.067,1124
1038.14,1094
1038.212,1053
1038.285,1032
1038.358,1011
1038.43,1006
1038.503,1001
1038.576,986
1038.649,985
1038.721,994
1038.794,976
1038.867,992
1038.94,993
1039.012,999
1039.085,1013
1039.158,986
1039.23,984
1039.303,963
1039.376,943
1039.449,930
1039.521,922
1039.594,922
1039.667,910
1039.74,908
1039.812,913
1039.885,917
1039.958,935
1040.031,960
1040.104,964
1040.176,982
1040.249,982
1040.322,973
1040.395,931
1040.467,885
1040.54,835
1040.613,777
1040.686,757
1040.759,739
1040.831,708
1040.904,692
1040.977,668
1041.05,659
1041.123,650
1041.195,667
1041.268,683
1041.341,696
1041.414,735
1041.487,738
1041.56,720
1041.632,703
1041.705,672
1041.778,651
1041.851,646
1041.924,641
1041.997,625
1042.069,624
1042.142,628
1042.215,634
1042.288,659
1042.361,657
1042.434,661
1042.506,644
1042.579,643
1042.652,634
1042.725,627
1042.798,614
1042.871,589
1042.944,589
1043.017,577
1043.089,579
1043.162,579
1043.235,578
1043.308,574
1043.381,574
1043.454,586
1043.527,586
1043.6,602
1043.673,616
1043.745,635
1043.818,643
1043.891,635
1043.964,641
1044.037,622
1044.11,618
1044.183,623
1044.256,607
1044.329,603
1044.402,602
1044.475,595
1044.548,605
1044.62,620
1044.693,632
1044.766,637
1044.839,641
1044.912,652
1044.985,643
1045.058,642
1045.131,627
1045.204,594
1045.277,575
1045.35,558
1045.423,563
1045.496,565
1045.569,568
1045.642,567
1045.715,557
1045.788,552
1045.861,546
1045.934,563
1046.007,590
1046.08,629
1046.153,676
1046.226,688
1046.299,689
1046.372,692
1046.445,674
1046.518,658
1046.591,644
1046.664,625
1046.737,613
1046.81,603
1046.883,605
1046.956,601
1047.029,605
1047.102,599
1047.175,590
1047.248,579
1047.321,574
1047.394,577
1047.467,584
1047.54,592
1047.613,580
1047.686,575
1047.759,579
1047.832,580
1047.905,610
1047.978,657
1048.051,694
1048.124,712
1048.197,731
1048.27,719
1048.343,713
1048.416,693
1048.49,684
1048.563,663
1048.636,646
1048.709,663
1048.782,659
1048.855,698
1048.928,732
1049.001,765
1049.074,793
1049.147,809
1049.22,828
1049.293,834
1049.367,844
1049.44,846
1049.513,851
1049.586,838
1049.659,803
1049.732,787
1049.805,754
1049.878,741
1049.951,749
1050.025,745
1050.098,752
1050.171,760
1050.244,732
1050.317,725
1050.39,730
1050.463,715
1050.537,732
1050.61,745
1050.683,750
1050.756,760
1050.829,786
1050.902,786
1050.975,779
1051.049,762
1051.122,719
1051.195,697
1051.268,681
1051.341,662
1051.414,654
1051.488,656
1051.561,671
1051.634,683
1051.707,681
1051.78,700
1051.854,710
1051.927,723
1052,743
1052.073,727
1052.146,709
1052.219,689
1052.293,662
1052.366,638
1052.439,625
1052.512,622
1052.586,613
1052.659,621
1052.732,619
1052.805,606
1052.878,611
1052.952,622
1053.025,637
1053.098,650
1053.171,656
1053.245,644
1053.318,631
1053.391,631
1053.464,618
1053.538,595
1053.611,587
1053.684,572
1053.757,546
1053.831,559
1053.904,572
1053.977,575
1054.05,588
1054.124,596
1054.197,588
1054.27,569
1054.343,562
1054.417,556
1054.49,549
1054.563,533
1054.637,526
1054.71,531
1054.783,541
1054.856,547
1054.93,567
1055.003,580
1055.076,605
1055.15,627
1055.223,622
1055.296,624
1055.37,623
1055.443,616
1055.516,677
1055.59,820
1055.663,1036
1055.736,1326
1055.809,1879
1055.883,2592
1055.956,3305
1056.029,3990
1056.103,4371
1056.176,4388
1056.249,4271
1056.323,4109
1056.396,3814
1056.47,3533
1056.543,3284
1056.616,3061
1056.69,3062
1056.763,3287
1056.836,3600
1056.91,3938
1056.983,4264
1057.056,4490
1057.13,4634
1057.203,4699
1057.277,4536
1057.35,4235
1057.423,3865
1057.497,3504
1057.57,3232
1057.644,3115
1057.717,3068
1057.79,3059
1057.864,3194
1057.937,3349
1058.01,3525
1058.084,3698
1058.157,3748
1058.231,3636
1058.304,3492
1058.378,3319
1058.451,3055
1058.524,2839
1058.598,2642
1058.671,2451
1058.745,2366
1058.818,2354
1058.892,2368
1058.965,2388
1059.038,2426
1059.112,2454
1059.185,2442
1059.259,2421
1059.332,2329
1059.406,2220
1059.479,2085
1059.553,1939
1059.626,1792
1059.7,1679
1059.773,1600
1059.846,1511
1059.92,1454
1059.993,1422
1060.067,1391
1060.14,1360
1060.214,1327
1060.287,1281
1060.361,1242
1060.434,1201
1060.508,1185
1060.581,1182
1060.655,1182
1060.728,1167
1060.802,1187
1060.875,1163
1060.949,1157
1061.022,1160
1061.096,1129
1061.169,1099
1061.243,1080
1061.316,1045
1061.39,1021
1061.463,1004
1061.537,988
1061.61,960
1061.684,954
1061.758,962
1061.831,969
1061.905,952
1061.978,942
1062.052,938
1062.125,932
1062.199,926
1062.272,906
1062.346,889
1062.42,871
1062.493,859
1062.567,847
1062.64,832
1062.714,825
1062.787,821
1062.861,814
1062.935,812
1063.008,815
1063.082,810
1063.155,796
1063.229,791
1063.302,776
1063.376,755
1063.45,760
1063.523,759
1063.597,757
1063.67,767
1063.744,769
1063.818,753
1063.891,750
1063.965,734
1064.038,707
1064.112,702
1064.186,692
1064.259,682
1064.333,692
1064.407,693
1064.48,684
1064.554,678
1064.628,645
1064.701,617
1064.775,593
1064.848,568
1064.922,553
1064.996,530
1065.069,509
1065.143,501
1065.217,515
1065.29,527
1065.364,537
1065.438,544
1065.511,558
1065.585,566
1065.659,583
1065.732,595
1065.806,580
1065.88,579
1065.953,567
1066.027,549
1066.101,545
1066.174,546
1066.248,535
1066.322,532
1066.396,520
1066.469,511
1066.543,508
1066.617,505
1066.69,511
1066.764,518
1066.838,531
1066.912,549
1066.985,552
1067.059,575
1067.133,581
1067.206,581
1067.28,582
1067.354,559
1067.428,551
1067.501,529
1067.575,483
1067.649,472
1067.723,458
1067.796,442
1067.87,451
1067.944,456
1068.018,473
1068.091,491
1068.165,504
1068.239,490
1068.313,474
1068.386,455
1068.46,419
1068.534,427
1068.608,436
1068.682,441
1068.755,466
1068.829,482
1068.903,492
1068.977,513
1069.05,536
1069.124,539
1069.198,546
1069.272,552
1069.346,527
1069.419,510
1069.493,494
1069.567,474
1069.641,475
1069.715,472
1069.789,480
1069.862,484
1069.936,488
1070.01,486
1070.084,488
1070.158,481
1070.232,484
1070.305,482
1070.379,475
1070.453,483
1070.527,476
1070.601,488
1070.675,497
1070.748,507
1070.822,513
1070.896,530
1070.97,530
1071.044,531
1071.118,539
1071.192,534
1071.265,546
1071.339,539
1071.413,531
1071.487,538
1071.561,538
1071.635,536
1071.709,543
1071.783,546
1071.856,532
1071.93,539
1072.004,542
1072.078,541
1072.152,560
1072.226,589
1072.3,596
1072.374,599
1072.448,599
1072.522,575
1072.596,570
1072.669,557
1072.743,549
1072.817,546
1072.891,527
1072.965,545
1073.039,549
1073.113,556
1073.187,582
1073.261,590
1073.335,606
1073.409,625
1073.483,619
1073.557,616
1073.631,608
1073.705,604
1073.779,597
1073.853,608
1073.926,606
1074,589
1074.074,590
1074.148,560
1074.222,557
1074.296,548
1074.37,548
1074.444,549
1074.518,547
1074.592,552
1074.666,553
1074.74,586
1074.814,611
1074.888,645
1074.962,641
1075.036,639
1075.11,640
1075.184,650
1075.258,664
1075.332,654
1075.406,623
1075.48,591
1075.554,566
1075.628,555
1075.702,551
1075.776,538
1075.85,530
1075.924,545
1075.998,561
1076.073,565
1076.147,593
1076.221,590
1076.295,589
1076.369,584
1076.443,551
1076.517,547
1076.591,547
1076.665,551
1076.739,559
1076.813,588
1076.887,608
1076.961,637
1077.035,652
1077.109,643
1077.183,631
1077.257,613
1077.332,579
1077.406,551
1077.48,526
1077.554,502
1077.628,513
1077.702,516
1077.776,521
1077.85,532
1077.924,510
1077.998,515
1078.073,521
1078.147,521
1078.221,539
1078.295,556
1078.369,553
1078.443,563
1078.517,572
1078.591,561
1078.665,552
1078.74,561
1078.814,561
1078.888,545
1078.962,536
1079.036,508
1079.11,482
1079.184,498
1079.259,523
1079.333,543
1079.407,599
1079.481,693
1079.555,858
1079.629,1093
1079.704,1634
1079.778,2514
1079.852,3487
1079.926,4524
1080,5426
1080.074,5797
1080.149,5946
1080.223,5906
1080.297,5492
1080.371,5001
1080.445,4547
1080.52,4138
1080.594,3951
1080.668,4071
1080.742,4304
1080.816,4658
1080.891,5249
1080.965,5858
1081.039,6342
1081.113,6729
1081.187,6688
1081.262,6229
1081.336,5754
1081.41,5234
1081.484,4737
1081.559,4424
1081.633,4185
1081.707,4008
1081.781,4034
1081.855,4253
1081.93,4516
1082.004,4774
1082.078,4951
1082.152,4921
1082.227,4814
1082.301,4612
1082.375,4317
1082.449,4009
1082.524,3723
1082.598,3463
1082.672,3267
1082.747,3166
1082.821,3105
1082.895,3077
1082.969,3115
1083.044,3183
1083.118,3233
1083.192,3272
1083.266,3220
1083.341,3102
1083.415,2946
1083.489,2791
1083.564,2635
1083.638,2487
1083.712,2367
1083.787,2243
1083.861,2151
1083.935,2111
1084.01,2111
1084.084,2094
1084.158,2083
1084.232,2030
1084.307,1961
1084.381,1898
1084.455,1815
1084.53,1742
1084.604,1665
1084.678,1600
1084.753,1531
1084.827,1508
1084.901,1490
1084.976,1458
1085.05,1426
1085.125,1384
1085.199,1347
1085.273,1282
1085.348,1243
1085.422,1218
1085.496,1204
1085.571,1187
1085.645,1181
1085.719,1176
1085.794,1185
1085.868,1200
1085.943,1181
1086.017,1159
1086.091,1132
1086.166,1086
1086.24,1053
1086.315,1030
1086.389,996
1086.463,952
1086.538,915
1086.612,900
1086.687,886
1086.761,868
1086.835,886
1086.91,881
1086.984,875
1087.059,886
1087.133,882
1087.207,884
1087.282,898
1087.356,916
1087.431,935
1087.505,931
1087.58,925
1087.654,926
1087.729,908
1087.803,889
1087.877,865
1087.952,847
1088.026,818
1088.101,810
1088.175,811
1088.25,784
1088.324,785
1088.399,777
1088.473,760
1088.548,749
1088.622,727
1088.697,712
1088.771,684
1088.845,656
1088.92,649
1088.994,640
1089.069,629
1089.143,615
1089.218,606
1089.292,587
1089.367,577
1089.441,561
1089.516,558
1089.59,542
1089.665,546
1089.739,542
1089.814,528
1089.889,521
1089.963,494
1090.038,472
1090.112,467
1090.187,446
1090.261,431
1090.336,415
1090.41,405
1090.485,394
1090.559,394
1090.634,402
1090.708,407
1090.783,413
1090.857,425
1090.932,447
1091.007,472
1091.081,483
1091.156,478
1091.23,477
1091.305,459
1091.379,453
1091.454,464
1091.529,460
1091.603,477
1091.678,491
1091.752,491
1091.827,496
1091.901,477
1091.976,468
1092.051,461
1092.125,453
1092.2,454
1092.274,460
1092.349,463
1092.424,466
1092.498,476
1092.573,474
1092.648,467
1092.722,471
1092.797,456
1092.871,433
1092.946,415
1093.021,394
1093.095,392
1093.17,401
1093.245,411
1093.319,398
1093.394,411
1093.468,410
1093.543,412
1093.618,439
1093.692,454
1093.767,452
1093.842,447
1093.916,436
1093.991,425
1094.066,437
1094.14,449
1094.215,447
1094.29,456
1094.364,450
1094.439,444
1094.514,436
1094.588,424
1094.663,406
1094.738,400
1094.812,386
1094.887,381
1094.962,383
1095.037,388
1095.111,400
1095.186,411
1095.261,435
1095.335,450
1095.41,465
1095.485,461
1095.559,468
1095.634,459
1095.709,464
1095.784,498
1095.858,527
1095.933,556
1096.008,592
1096.083,611
1096.157,632
1096.232,653
1096.307,661
1096.382,684
1096.456,681
1096.531,681
1096.606,688
1096.681,692
1096.755,697
1096.83,700
1096.905,725
1096.98,720
1097.054,721
1097.129,736
1097.204,745
1097.279,725
1097.353,719
1097.428,703
1097.503,692
1097.578,695
1097.653,678
1097.727,658
1097.802,629
1097.877,610
1097.952,609
1098.027,612
1098.101,615
1098.176,607
1098.251,602
1098.326,611
1098.401,628
1098.475,652
1098.55,667
1098.625,663
1098.7,652
1098.775,622
1098.85,612
1098.924,606
1098.999,590
1099.074,611
1099.149,611
1099.224,627
1099.299,646
1099.373,660
1099.448,658
1099.523,650
1099.598,649
1099.673,639
1099.748,635
1099.823,638
1099.897,648
1099.972,631
1100.047,619
1100.122,620
1100.197,601
1100.272,610
1100.347,609
1100.422,593
1100.496,580
1100.571,576
1100.646,581
1100.721,582
1100.796,565
1100.871,557
1100.946,552
1101.021,546
1101.096,532
1101.17,525
1101.245,524
1101.32,525
1101.395,526
1101.47,493
1101.545,468
1101.62,456
1101.695,437
1101.77,453
1101.845,456
1101.92,472
1101.995,476
1102.07,485
1102.145,489
1102.219,487
1102.294,474
1102.369,466
1102.444,474
1102.519,465
1102.594,461
1102.669,462
1102.744,455
1102.819,452
1102.894,448
1102.969,430
1103.044,435
1103.119,456
1103.194,475
1103.269,479
1103.344,529
1103.419,571
1103.494,634
1103.569,757
1103.644,998
1103.719,1329
1103.794,1750
1103.869,2360
1103.944,2982
1104.019,3578
1104.094,4100
1104.169,4370
1104.244,4327
1104.319,4142
1104.394,3936
1104.469,3637
1104.544,3405
1104.619,3261
1104.694,3183
1104.769,3357
1104.844,3738
1104.919,4159
1104.994,4596
1105.069,4907
1105.144,5008
1105.219,4968
1105.294,4827
1105.37,4531
1105.445,4214
1105.52,3928
1105.595,3654
1105.67,3504
1105.745,3480
1105.82,3535
1105.895,3653
1105.97,3831
1106.045,3952
1106.12,3999
1106.195,4001
1106.27,3856
1106.345,3652
1106.421,3426
1106.496,3192
1106.571,3000
1106.646,2840
1106.721,2707
1106.796,2591
1106.871,2512
1106.946,2485
1107.021,2505
1107.096,2515
1107.172,2510
1107.247,2484
1107.322,2417
1107.397,2370
1107.472,2285
1107.547,2223
1107.622,2136
1107.697,2048
1107.773,1923
1107.848,1836
1107.923,1782
1107.998,1703
1108.073,1669
1108.148,1604
1108.223,1537
1108.299,1470
1108.374,1414
1108.449,1369
1108.524,1328
1108.599,1292
1108.674,1253
1108.75,1228
1108.825,1192
1108.9,1160
1108.975,1118
1109.05,1091
1109.126,1064
1109.201,1025
1109.276,1006
1109.351,979
1109.426,976
1109.501,963
1109.577,948
1109.652,949
1109.727,934
1109.802,928
1109.877,922
1109.953,924
1110.028,923
1110.103,918
1110.178,902
1110.254,875
1110.329,866
1110.404,856
1110.479,836
1110.554,810
1110.63,793
1110.705,772
1110.78,769
1110.855,780
1110.931,775
1111.006,791
1111.081,788
1111.156,785
1111.232,805
1111.307,828
1111.382,844
1111.457,846
1111.533,843
1111.608,815
1111.683,822
1111.759,816
1111.834,817
1111.909,816
1111.984,817
1112.06,816
1112.135,814
1112.21,804
1112.286,785
1112.361,779
1112.436,769
1112.511,774
1112.587,757
1112.662,721
1112.737,701
1112.813,679
1112.888,629
1112.963,607
1113.039,593
1113.114,568
1113.189,557
1113.265,543
1113.34,526
1113.415,500
1113.491,489
1113.566,483
1113.641,486
1113.717,492
1113.792,499
1113.867,503
1113.943,476
1114.018,457
1114.093,439
1114.169,439
1114.244,449
1114.319,444
1114.395,450
1114.47,433
1114.546,438
1114.621,448
1114.696,435
1114.772,431
1114.847,427
1114.922,429
1114.998,432
1115.073,440
1115.149,443
1115.224,439
1115.299,436
1115.375,437
1115.45,435
1115.526,438
1115.601,453
1115.676,435
1115.752,423
1115.827,412
1115.903,391
1115.978,404
1116.053,430
1116.129,454
1116.204,483
1116.28,477
1116.355,463
1116.431,444
1116.506,422
1116.581,410
1116.657,400
1116.732,404
1116.808,402
1116.883,403
1116.959,412
1117.034,439
1117.11,434
1117.185,434
1117.261,427
1117.336,414
1117.411,416
1117.487,422
1117.562,423
1117.638,415
1117.713,416
1117.789,414
1117.864,426
1117.94,429
1118.015,439
1118.091,411
1118.166,387
1118.242,358
1118.317,342
1118.393,329
1118.468,325
1118.544,328
1118.619,328
1118.695,360
1118.77,376
1118.846,408
1118.921,419
1118.997,420
1119.072,426
1119.148,429
1119.223,420
1119.299,420
1119.375,418
1119.45,412
1119.526,411
1119.601,406
1119.677,414
1119.752,416
1119.828,436
1119.903,453
1119.979,468
1120.054,491
1120.13,532
1120.206,569
1120.281,581
1120.357,595
1120.432,574
1120.508,546
1120.583,516
1120.659,494
1120.735,482
1120.81,472
1120.886,477
1120.961,479
1121.037,487
1121.113,510
1121.188,532
1121.264,550
1121.339,561
1121.415,572
1121.491,572
1121.566,562
1121.642,555
1121.717,557
1121.793,545
1121.869,538
1121.944,556
1122.02,553
1122.096,569
1122.171,591
1122.247,597
1122.322,586
1122.398,569
1122.474,546
1122.549,532
1122.625,549
1122.701,573
1122.776,591
1122.852,612
1122.928,609
1123.003,599
1123.079,605
1123.155,585
1123.23,545
1123.306,517
1123.382,491
1123.457,466
1123.533,471
1123.609,492
1123.684,503
1123.76,529
1123.836,542
1123.911,538
1123.987,538
1124.063,548
1124.138,554
1124.214,555
1124.29,560
1124.366,555
1124.441,541
1124.517,519
1124.593,494
1124.668,461
1124.744,455
1124.82,445
1124.896,432
1124.971,441
1125.047,441
1125.123,442
1125.198,458
1125.274,459
1125.35,459
1125.426,462
1125.501,462
1125.577,475
1125.653,462
1125.729,458
1125.804,446
1125.88,447
1125.956,466
1126.032,484
1126.107,508
1126.183,507
1126.259,482
1126.335,460
1126.411,446
1126.486,421
1126.562,408
1126.638,406
1126.714,396
1126.789,371
1126.865,372
1126.941,380
1127.017,375
1127.093,388
1127.168,415
1127.244,441
1127.32,468
1127.396,524
1127.472,618
1127.548,736
1127.623,889
1127.699,1313
1127.775,1957
1127.851,2691
1127.927,3486
1128.002,4212
1128.078,4699
1128.154,5002
1128.23,5179
1128.306,4968
1128.382,4570
1128.457,4190
1128.533,3843
1128.609,3640
1128.685,3717
1128.761,3919
1128.837,4217
1128.913,4698
1128.988,5149
1129.064,5484
1129.14,5724
1129.216,5670
1129.292,5320
1129.368,4931
1129.444,4520
1129.52,4167
1129.595,3949
1129.671,3800
1129.747,3717
1129.823,3801
1129.899,3989
1129.975,4167
1130.051,4319
1130.127,4360
1130.203,4238
1130.279,4066
1130.354,3894
1130.43,3682
1130.506,3483
1130.582,3300
1130.658,3121
1130.734,3007
1130.81,2948
1130.886,2923
1130.962,2904
1131.038,2877
1131.114,2891
1131.19,2867
1131.266,2835
1131.342,2779
1131.417,2675
1131.493,2577
1131.569,2463
1131.645,2387
1131.721,2310
1131.797,2265
1131.873,2215
1131.949,2176
1132.025,2145
1132.101,2126
1132.177,2110
1132.253,2073
1132.329,2030
1132.405,1953
1132.481,1874
1132.557,1758
1132.633,1655
1132.709,1582
1132.785,1490
1132.861,1424
1132.937,1404
1133.013,1358
1133.089,1326
1133.165,1312
1133.241,1263
1133.317,1241
1133.393,1190
1133.469,1156
1133.545,1122
1133.621,1080
1133.697,1021
1133.773,975
1133.849,951
1133.925,914
1134.001,873
1134.077,848
1134.153,846
1134.229,850
1134.305,877
1134.381,898
1134.457,897
1134.534,888
1134.61,889
1134.686,887
1134.762,881
1134.838,883
1134.914,872
1134.99,863
1135.066,875
1135.142,872
1135.218,873
1135.294,867
1135.37,880
1135.446,877
1135.522,875
1135.599,874
1135.675,853
1135.751,830
1135.827,804
1135.903,761
1135.979,758
1136.055,758
1136.131,734
1136.207,727
1136.283,721
1136.36,715
1136.436,715
1136.512,705
1136.588,699
1136.664,691
1136.74,683
1136.816,690
1136.892,681
1136.969,672
1137.045,643
1137.121,624
1137.197,589
1137.273,572
1137.349,549
1137.425,530
1137.502,518
1137.578,502
1137.654,484
1137.73,461
1137.806,476
1137.882,476
1137.959,478
1138.035,496
1138.111,483
1138.187,462
1138.263,457
1138.339,441
1138.416,445
1138.492,465
1138.568,488
1138.644,477
1138.72,473
1138.797,457
1138.873,430
1138.949,410
1139.025,398
1139.101,391
1139.178,381
1139.254,400
1139.33,401
1139.406,404
1139.482,414
1139.559,391
1139.635,373
1139.711,366
1139.787,367
1139.864,366
1139.94,373
1140.016,376
1140.092,390
1140.169,411
1140.245,429
1140.321,435
1140.397,433
1140.474,426
1140.55,422
1140.626,421
1140.702,426
1140.779,436
1140.855,428
1140.931,433
1141.007,429
1141.084,413
1141.16,406
1141.236,398
1141.313,384
1141.389,376
1141.465,379
1141.541,369
1141.618,384
1141.694,389
1141.77,402
1141.847,420
1141.923,426
1141.999,453
1142.075,456
1142.152,461
1142.228,453
1142.304,432
1142.381,410
1142.457,381
1142.533,368
1142.61,349
1142.686,363
1142.762,358
1142.839,364
1142.915,360
1142.991,350
1143.068,357
1143.144,344
1143.22,349
1143.297,353
1143.373,363
1143.449,369
1143.526,370
1143.602,402
1143.679,418
1143.755,440
1143.831,451
1143.908,471
1143.984,492
1144.06,509
1144.137,525
1144.213,514
1144.29,495
1144.366,494
1144.442,493
1144.519,503
1144.595,511
1144.672,527
1144.748,543
1144.824,553
1144.901,580
1144.977,619
1145.054,640
1145.13,633
1145.206,626
1145.283,611
1145.359,623
1145.436,629
1145.512,624
1145.588,626
1145.665,646
1145.741,665
1145.818,692
1145.894,726
1145.971,716
1146.047,700
1146.124,667
1146.2,637
1146.276,636
1146.353,631
1146.429,633
1146.506,621
1146.582,639
1146.659,632
1146.735,622
1146.812,616
1146.888,597
1146.965,595
1147.041,586
1147.118,566
1147.194,559
1147.271,546
1147.347,549
1147.424,553
1147.5,547
1147.577,536
1147.653,535
1147.73,532
1147.806,535
1147.883,530
1147.959,523
1148.036,498
1148.112,506
1148.189,513
1148.265,507
1148.342,491
1148.418,489
1148.495,470
1148.571,455
1148.648,448
1148.724,442
1148.801,462
1148.877,470
1148.954,484
1149.03,485
1149.107,478
1149.184,482
1149.26,485
1149.337,496
1149.413,505
1149.49,499
1149.566,504
1149.643,483
1149.719,478
1149.796,482
1149.873,474
1149.949,446
1150.026,439
1150.102,433
1150.179,440
1150.255,456
1150.332,450
1150.409,445
1150.485,437
1150.562,431
1150.638,404
1150.715,390
1150.792,377
1150.868,348
1150.945,342
1151.021,339
1151.098,335
1151.175,355
1151.251,414
1151.328,477
1151.405,534
1151.481,661
1151.558,854
1151.634,1099
1151.711,1425
1151.788,2091
1151.864,3026
1151.941,4012
1152.018,4987
1152.094,5613
1152.171,5668
1152.248,5539
1152.324,5299
1152.401,4857
1152.478,4509
1152.554,4244
1152.631,4055
1152.708,4184
1152.784,4665
1152.861,5203
1152.938,5817
1153.014,6342
1153.091,6469
1153.168,6442
1153.244,6286
1153.321,5879
1153.398,5377
1153.474,4915
1153.551,4470
1153.628,4152
1153.704,4101
1153.781,4139
1153.858,4231
1153.935,4429
1154.011,4629
1154.088,4776
1154.165,4856
1154.241,4802
1154.318,4559
1154.395,4302
1154.472,4040
1154.548,3788
1154.625,3618
1154.702,3475
1154.779,3333
1154.855,3259
1154.932,3255
1155.009,3268
1155.086,3298
1155.162,3299
1155.239,3260
1155.316,3194
1155.393,3093
1155.469,2983
1155.546,2863
1155.623,2730
1155.7,2610
1155.776,2529
1155.853,2443
1155.93,2395
1156.007,2328
1156.084,2267
1156.16,2248
1156.237,2230
1156.314,2216
1156.391,2142
1156.467,2057
1156.544,1950
1156.621,1831
1156.698,1753
1156.775,1698
1156.851,1661
1156.928,1626
1157.005,1593
1157.082,1575
1157.159,1565
1157.236,1559
1157.312,1525
1157.389,1480
1157.466,1412
1157.543,1328
1157.62,1288
1157.697,1265
1157.773,1241
1157.85,1202
1157.927,1175
1158.004,1154
1158.081,1134
1158.158,1111
1158.234,1105
1158.311,1078
1158.388,1044
1158.465,1014
1158.542,984
1158.619,953
1158.696,945
1158.773,939
1158.849,922
1158.926,919
1159.003,913
1159.08,912
1159.157,915
1159.234,927
1159.311,929
1159.388,927
1159.465,929
1159.541,913
1159.618,909
1159.695,898
1159.772,877
1159.849,859
1159.926,850
1160.003,848
1160.08,842
1160.157,834
1160.234,825
1160.311,813
1160.387,808
1160.464,804
1160.541,797
1160.618,797
1160.695,787
1160.772,786
1160.849,757
1160.926,733
1161.003,693
1161.08,656
1161.157,626
1161.234,588
1161.311,557
1161.388,544
1161.465,550
1161.542,556
1161.619,583
1161.696,604
1161.773,621
1161.85,637
1161.927,653
1162.004,652
1162.081,628
1162.158,589
1162.234,564
1162.311,521
1162.388,491
1162.465,474
1162.542,451
1162.619,445
1162.696,435
1162.773,423
1162.851,444
1162.928,469
1163.005,489
1163.082,511
1163.159,491
1163.236,493
1163.313,478
1163.39,463
1163.467,453
1163.544,435
1163.621,431
1163.698,433
1163.775,446
1163.852,459
1163.929,456
1164.006,464
1164.083,471
1164.16,489
1164.237,488
1164.314,484
1164.391,486
1164.468,474
1164.545,478
1164.622,479
1164.7,463
1164.777,460
1164.854,470
1164.931,479
1165.008,474
1165.085,468
1165.162,463
1165.239,464
1165.316,445
1165.393,435
1165.47,412
1165.547,408
1165.625,396
1165.702,414
1165.779,422
1165.856,431
1165.933,435
1166.01,433
1166.087,434
1166.164,424
1166.242,425
1166.319,420
1166.396,411
1166.473,406
1166.55,403
1166.627,404
1166.704,413
1166.781,435
1166.859,433
1166.936,443
1167.013,430
1167.09,417
1167.167,420
1167.244,412
1167.322,410
1167.399,409
1167.476,397
1167.553,392
1167.63,394
1167.707,390
1167.785,394
1167.862,393
1167.939,399
1168.016,401
1168.093,413
1168.17,422
1168.248,419
1168.325,422
1168.402,417
1168.479,432
1168.556,438
1168.634,450
1168.711,462
1168.788,464
1168.865,484
1168.942,490
1169.02,497
1169.097,520
1169.174,524
1169.251,533
1169.329,537
1169.406,531
1169.483,517
1169.56,500
1169.638,492
1169.715,489
1169.792,499
1169.869,510
1169.947,516
1170.024,524
1170.101,531
1170.178,529
1170.256,549
1170.333,553
1170.41,555
1170.487,570
1170.565,553
1170.642,546
1170.719,540
1170.796,533
1170.874,524
1170.951,498
1171.028,481
1171.106,460
1171.183,441
1171.26,444
1171.337,448
1171.415,452
1171.492,463
1171.569,465
1171.647,463
1171.724,455
1171.801,459
1171.879,446
1171.956,435
1172.033,421
1172.111,426
1172.188,437
1172.265,448
1172.342,480
1172.42,506
1172.497,521
1172.574,526
1172.652,522
1172.729,488
1172.807,471
1172.884,462
1172.961,441
1173.039,439
1173.116,444
1173.193,446
1173.271,450
1173.348,458
1173.425,463
1173.503,467
1173.58,474
1173.657,475
1173.735,486
1173.812,491
1173.89,495
1173.967,497
1174.044,485
1174.122,487
1174.199,477
1174.277,437
1174.354,416
1174.431,396
1174.509,379
1174.586,379
1174.664,378
1174.741,386
1174.818,380
1174.896,384
1174.973,381
1175.051,383
1175.128,386
1175.205,400
1175.283,407
1175.36,422
1175.438,452
1175.515,472
1175.593,526
1175.67,613
1175.747,730
1175.825,955
1175.902,1289
1175.98,1633
1176.057,1941
1176.135,2221
1176.212,2360
1176.29,2422
1176.367,2480
1176.445,2387
1176.522,2247
1176.6,2140
1176.677,2058
1176.754,2095
1176.832,2242
1176.909,2412
1176.987,2614
1177.064,2807
1177.142,2890
1177.219,2944
1177.297,2965
1177.374,2892
1177.452,2800
1177.529,2687
1177.607,2589
1177.684,2476
1177.762,2421
1177.839,2384
1177.917,2371
1177.994,2412
1178.072,2450
1178.149,2476
1178.227,2475
1178.305,2405
1178.382,2309
1178.46,2230
1178.537,2142
1178.615,2083
1178.692,2042
1178.77,2003
1178.847,1954
1178.925,1927
1179.002,1926
1179.08,1905
1179.158,1883
1179.235,1839
1179.313,1771
1179.39,1718
1179.468,1650
1179.545,1599
1179.623,1550
1179.7,1490
1179.778,1423
1179.856,1344
1179.933,1276
1180.011,1226
1180.088,1190
1180.166,1177
1180.244,1161
1180.321,1131
1180.399,1100
1180.476,1051
1180.554,1000
1180.632,968
1180.709,929
1180.787,907
1180.864,905
1180.942,899
1181.02,901
1181.097,904
1181.175,913
1181.253,918
1181.33,906
1181.408,893
1181.485,861
1181.563,812
1181.641,776
1181.718,741
1181.796,738
1181.874,744
1181.951,744
1182.029,744
1182.107,727
1182.184,711
1182.262,696
1182.34,677
1182.417,662
1182.495,648
1182.573,624
1182.65,616
1182.728,595
1182.806,598
1182.883,614
1182.961,590
1183.039,596
1183.116,603
1183.194,594
1183.272,612
1183.349,642
1183.427,648
1183.505,648
1183.583,678
1183.66,672
1183.738,680
1183.816,688
1183.893,687
1183.971,680
1184.049,672
1184.127,657
1184.204,639
1184.282,625
1184.36,615
1184.437,600
1184.515,597
1184.593,574
1184.671,552
1184.748,533
1184.826,527
1184.904,531
1184.982,536
1185.059,553
1185.137,540
1185.215,545
1185.293,558
1185.37,548
1185.448,542
1185.526,525
1185.604,498
1185.682,466
1185.759,450
1185.837,450
1185.915,444
1185.993,445
1186.07,444
1186.148,476
1186.226,494
1186.304,516
1186.382,524
1186.459,500
1186.537,470
1186.615,441
1186.693,407
1186.771,406
1186.848,422
1186.926,438
1187.004,440
1187.082,432
1187.16,426
1187.238,405
1187.315,392
1187.393,374
1187.471,356
1187.549,350
1187.627,349
1187.705,353
1187.782,352
1187.86,361
1187.938,360
1188.016,346
1188.094,350
1188.172,348
1188.25,361
1188.327,365
1188.405,354
1188.483,354
1188.561,348
1188.639,337
1188.717,335
1188.795,328
1188.872,317
1188.95,324
1189.028,326
1189.106,332
1189.184,322
1189.262,315
1189.34,318
1189.418,317
1189.496,321
1189.574,314
1189.651,319
1189.729,330
1189.807,343
1189.885,347
1189.963,340
1190.041,337
1190.119,325
1190.197,327
1190.275,336
1190.353,333
1190.431,346
1190.509,337
1190.586,332
1190.664,329
1190.742,323
1190.82,323
1190.898,313
1190.976,307
1191.054,320
1191.132,324
1191.21,330
1191.288,340
1191.366,322
1191.444,307
1191.522,289
1191.6,276
1191.678,276
1191.756,279
1191.834,297
1191.912,308
1191.99,305
1192.068,316
1192.146,323
1192.224,343
1192.302,360
1192.38,367
1192.458,369
1192.536,379
1192.614,372
1192.692,359
1192.77,348
1192.848,354
1192.926,352
1193.004,369
1193.082,378
1193.16,379
1193.238,410
1193.316,401
1193.394,390
1193.472,380
1193.55,356
1193.628,344
1193.706,342
1193.784,341
1193.862,340
1193.94,357
1194.018,361
1194.096,362
1194.174,374
1194.252,376
1194.331,374
1194.409,388
1194.487,415
1194.565,415
1194.643,424
1194.721,428
1194.799,420
1194.877,406
1194.955,400
1195.033,390
1195.111,370
1195.189,365
1195.267,371
1195.346,379
1195.424,386
1195.502,395
1195.58,377
1195.658,363
1195.736,361
1195.814,354
1195.892,357
1195.97,355
1196.049,370
1196.127,373
1196.205,377
1196.283,379
1196.361,392
1196.439,389
1196.517,380
1196.595,379
1196.674,369
1196.752,365
1196.83,366
1196.908,369
1196.986,356
1197.064,363
1197.142,382
1197.221,396
1197.299,406
1197.377,403
1197.455,386
1197.533,373
1197.611,361
1197.69,350
1197.768,336
1197.846,316
1197.924,306
1198.002,293
1198.081,294
1198.159,286
1198.237,281
1198.315,286
1198.393,283
1198.471,286
1198.55,314
1198.628,325
1198.706,335
1198.784,339
1198.863,344
1198.941,334
1199.019,333
1199.097,345
1199.175,330
1199.254,348
1199.332,361
1199.41,375
1199.488,398
1199.567,452
1199.645,505
1199.723,592
1199.801,722
1199.88,901
1199.958,1085
1200.036,1281
1200.114,1454
1200.193,1582
1200.271,1706
1200.349,1798
1200.427,1852
1200.506,1828
1200.584,1786
1200.662,1753
1200.74,1758
1200.819,1833
1200.897,1950
1200.975,2074
1201.053,2205
1201.132,2310
1201.21,2348
1201.288,2390
1201.367,2309
1201.445,2199
1201.523,2115
1201.602,2038
1201.68,1991
1201.758,1966
1201.836,1974
1201.915,1975
1201.993,2010
1202.071,2051
1202.15,2066
1202.228,2063
1202.306,2015
1202.385,1953
1202.463,1871
1202.541,1788
1202.62,1740
1202.698,1713
1202.776,1713
1202.855,1723
1202.933,1676
1203.011,1632
1203.09,1592
1203.168,1550
1203.247,1512
1203.325,1455
1203.403,1382
1203.482,1316
1203.56,1253
1203.638,1205
1203.717,1169
1203.795,1140
1203.873,1113
1203.952,1109
1204.03,1105
1204.109,1093
1204.187,1096
1204.265,1068
1204.344,1038
1204.422,1010
1204.501,952
1204.579,918
1204.657,882
1204.736,842
1204.814,825
1204.893,800
1204.971,780
1205.049,751
1205.128,735
1205.206,726
1205.285,725
1205.363,706
1205.442,702
1205.52,690
1205.598,675
1205.677,679
1205.755,670
1205.834,674
1205.912,677
1205.991,676
1206.069,673
1206.148,676
1206.226,669
1206.304,656
1206.383,650
1206.461,646
1206.54,663
1206.618,655
1206.697,653
1206.775,637
1206.854,618
1206.932,610
1207.011,596
1207.089,596
1207.168,585
1207.246,579
1207.325,575
1207.403,573
1207.482,569
1207.56,577
1207.639,578
1207.717,568
1207.796,572
1207.874,569
1207.953,565
1208.031,547
1208.11,538
1208.188,514
1208.267,493
1208.345,501
1208.424,503
1208.502,510
1208.581,523
1208.659,505
1208.738,476
1208.816,437
1208.895,401
1208.974,403
1209.052,403
1209.131,399
1209.209,405
1209.288,414
1209.366,424
1209.445,437
1209.523,450
1209.602,433
1209.681,426
1209.759,420
1209.838,412
1209.916,401
1209.995,391
1210.073,368
1210.152,358
1210.231,351
1210.309,345
1210.388,357
1210.466,366
1210.545,383
1210.624,387
1210.702,399
1210.781,395
1210.859,391
1210.938,399
1211.017,393
1211.095,366
1211.174,340
1211.253,311
1211.331,283
1211.41,266
1211.488,267
1211.567,275
1211.646,280
1211.724,288
1211.803,295
1211.882,299
1211.96,298
1212.039,298
1212.118,284
1212.196,276
1212.275,278
1212.353,273
1212.432,299
1212.511,304
1212.589,326
1212.668,336
1212.747,331
1212.825,321
1212.904,307
1212.983,292
1213.062,286
1213.14,293
1213.219,301
1213.298,314
1213.376,329
1213.455,341
1213.534,351
1213.612,360
1213.691,373
1213.77,377
1213.848,373
1213.927,373
1214.006,344
1214.085,330
1214.163,312
1214.242,279
1214.321,268
1214.399,256
1214.478,242
1214.557,238
1214.636,226
1214.714,224
1214.793,211
1214.872,214
1214.951,218
1215.029,224
1215.108,245
1215.187,250
1215.266,254
1215.344,271
1215.423,297
1215.502,308
1215.581,323
1215.659,323
1215.738,317
1215.817,326
1215.896,325
1215.975,325
1216.053,325
1216.132,340
1216.211,346
1216.29,353
1216.368,353
1216.447,354
1216.526,347
1216.605,342
1216.684,351
1216.762,330
1216.841,306
1216.92,298
1216.999,288
1217.078,285
1217.156,279
1217.235,275
1217.314,280
1217.393,280
1217.472,282
1217.551,280
1217.629,274
1217.708,277
1217.787,284
1217.866,295
1217.945,296
1218.024,309
1218.102,329
1218.181,330
1218.26,324
1218.339,338
1218.418,346
1218.497,356
1218.576,366
1218.654,367
1218.733,358
1218.812,349
1218.891,348
1218.97,347
1219.049,345
1219.128,336
1219.207,333
1219.285,328
1219.364,344
1219.443,358
1219.522,364
1219.601,371
1219.68,353
1219.759,347
1219.838,336
1219.917,344
1219.996,334
1220.074,330
1220.153,333
1220.232,313
1220.311,320
1220.39,326
1220.469,319
1220.548,322
1220.627,323
1220.706,324
1220.785,325
1220.864,315
1220.943,318
1221.022,327
1221.101,334
1221.18,340
1221.258,348
1221.337,344
1221.416,340
1221.495,316
1221.574,306
1221.653,307
1221.732,305
1221.811,309
1221.89,331
1221.969,337
1222.048,345
1222.127,349
1222.206,336
1222.285,340
1222.364,336
1222.443,334
1222.522,321
1222.601,310
1222.68,296
1222.759,298
1222.838,299
1222.917,306
1222.996,313
1223.075,322
1223.154,320
1223.233,332
1223.312,347
1223.391,349
1223.47,355
1223.549,358
1223.628,369
1223.707,423
1223.786,537
1223.865,660
1223.944,805
1224.023,990
1224.102,1194
1224.181,1382
1224.26,1549
1224.34,1642
1224.419,1671
1224.498,1684
1224.577,1709
1224.656,1721
1224.735,1743
1224.814,1777
1224.893,1833
1224.972,1934
1225.051,2012
1225.13,2094
1225.209,2145
1225.288,2189
1225.367,2165
1225.447,2087
1225.526,2022
1225.605,1930
1225.684,1863
1225.763,1854
1225.842,1864
1225.921,1874
1226,1941
1226.079,1969
1226.158,1985
1226.238,2002
1226.317,1966
1226.396,1898
1226.475,1837
1226.554,1763
1226.633,1706
1226.712,1670
1226.791,1641
1226.871,1604
1226.95,1591
1227.029,1571
1227.108,1543
1227.187,1525
1227.266,1485
1227.345,1459
1227.425,1420
1227.504,1367
1227.583,1322
1227.662,1273
1227.741,1220
1227.82,1172
1227.9,1121
1227.979,1077
1228.058,1014
1228.137,986
1228.216,971
1228.295,965
1228.375,959
1228.454,941
1228.533,932
1228.612,916
1228.691,895
1228.771,875
1228.85,838
1228.929,821
1229.008,793
1229.087,782
1229.167,781
1229.246,771
1229.325,777
1229.404,767
1229.483,751
1229.563,736
1229.642,710
1229.721,699
1229.8,704
1229.88,693
1229.959,693
1230.038,676
1230.117,648
1230.197,639
1230.276,623
1230.355,626
1230.434,623
1230.514,620
1230.593,613
1230.672,624
1230.751,622
1230.831,612
1230.91,603
1230.989,582
1231.068,563
1231.148,548
1231.227,529
1231.306,519
1231.385,533
1231.465,533
1231.544,542
1231.623,540
1231.703,528
1231.782,525
1231.861,527
1231.941,536
1232.02,545
1232.099,539
1232.178,540
1232.258,536
1232.337,539
1232.416,536
1232.496,518
1232.575,510
1232.654,484
1232.734,474
1232.813,466
1232.892,459
1232.972,453
1233.051,450
1233.13,442
1233.21,434
1233.289,445
1233.368,433
1233.448,407
1233.527,398
1233.606,378
1233.686,374
1233.765,371
1233.845,367
1233.924,355
1234.003,353
1234.083,354
1234.162,336
1234.241,339
1234.321,343
1234.4,355
1234.48,352
1234.559,344
1234.638,344
1234.718,336
1234.797,351
1234.876,366
1234.956,383
1235.035,392
1235.115,380
1235.194,382
1235.273,373
1235.353,352
1235.432,355
1235.512,334
1235.591,324
1235.671,324
1235.75,308
1235.829,304
1235.909,310
1235.988,307
1236.068,303
1236.147,302
1236.227,291
1236.306,280
1236.385,290
1236.465,302
1236.544,315
1236.624,323
1236.703,323
1236.783,315
1236.862,305
1236.942,294
1237.021,283
1237.101,272
1237.18,270
1237.26,278
1237.339,275
1237.419,279
1237.498,280
1237.577,275
1237.657,255
1237.736,243
1237.816,235
1237.895,225
1237.975,234
1238.054,230
1238.134,245
1238.213,254
1238.293,265
1238.372,271
1238.452,270
1238.531,271
1238.611,261
1238.691,262
1238.77,258
1238.85,267
1238.929,272
1239.009,286
1239.088,289
1239.168,288
1239.247,294
1239.327,289
1239.406,280
1239.486,277
1239.565,267
1239.645,263
1239.725,267
1239.804,280
1239.884,301
1239.963,310
1240.043,316
1240.122,331
1240.202,334
1240.281,337
1240.361,347
1240.441,345
1240.52,344
1240.6,350
1240.679,348
1240.759,349
1240.839,349
1240.918,336
1240.998,328
1241.077,326
1241.157,321
1241.237,323
1241.316,339
1241.396,356
1241.475,375
1241.555,386
1241.635,396
1241.714,402
1241.794,395
1241.873,401
1241.953,391
1242.033,377
1242.112,362
1242.192,371
1242.272,377
1242.351,374
1242.431,384
1242.511,371
1242.59,358
1242.67,344
1242.75,333
1242.829,324
1242.909,326
1242.988,323
1243.068,325
1243.148,335
1243.227,350
1243.307,382
1243.387,408
1243.467,385
1243.546,372
1243.626,358
1243.706,330
1243.785,316
1243.865,305
1243.945,290
1244.024,272
1244.104,270
1244.184,269
1244.263,275
1244.343,290
1244.423,308
1244.503,315
1244.582,317
1244.662,328
1244.742,330
1244.821,335
1244.901,328
1244.981,317
1245.061,316
1245.14,308
1245.22,306
1245.3,295
1245.38,288
1245.459,291
1245.539,291
1245.619,304
1245.698,304
1245.778,306
1245.858,310
1245.938,309
1246.018,301
1246.097,299
1246.177,289
1246.257,279
1246.337,278
1246.416,280
1246.496,286
1246.576,294
1246.656,292
1246.735,296
1246.815,284
1246.895,282
1246.975,278
1247.055,270
1247.134,277
1247.214,272
1247.294,293
1247.374,305
1247.454,332
1247.533,360
1247.613,385
1247.693,415
1247.773,474
1247.853,582
1247.933,761
1248.012,943
1248.092,1126
1248.172,1287
1248.252,1376
1248.332,1434
1248.411,1482
1248.491,1495
1248.571,1513
1248.651,1550
1248.731,1601
1248.811,1641
1248.891,1700
1248.97,1775
1249.05,1841
1249.13,1950
1249.21,2015
1249.29,2029
1249.37,2041
1249.45,2007
1249.529,1961
1249.609,1919
1249.689,1896
1249.769,1843
1249.849,1831
1249.929,1832
1250.009,1826
1250.089,1877
1250.169,1926
1250.248,1967
1250.328,1998
1250.408,1990
1250.488,1921
1250.568,1849
1250.648,1781
1250.728,1675
1250.808,1609
1250.888,1565
1250.968,1524
1251.048,1519
1251.127,1530
1251.207,1506
1251.287,1481
1251.367,1439
1251.447,1388
1251.527,1346
1251.607,1299
1251.687,1238
1251.767,1192
1251.847,1161
1251.927,1130
1252.007,1116
1252.087,1081
1252.167,1054
1252.247,1003
1252.327,979
1252.407,981
1252.487,968
1252.567,950
1252.647,939
1252.727,921
1252.807,901
1252.887,880
1252.966,855
1253.046,830
1253.126,811
1253.206,798
1253.286,771
1253.366,771
1253.446,757
1253.526,733
1253.606,705
1253.686,684
1253.766,676
1253.846,664
1253.927,652
1254.007,643
1254.087,645
1254.167,640
1254.247,638
1254.327,618
1254.407,600
1254.487,584
1254.567,580
1254.647,583
1254.727,581
1254.807,569
1254.887,564
1254.967,548
1255.047,542
1255.127,535
1255.207,533
1255.287,528
1255.367,516
1255.447,500
1255.527,483
1255.607,483
1255.688,477
1255.768,473
1255.848,474
1255.928,480
1256.008,492
1256.088,498
1256.168,514
1256.248,517
1256.328,521
1256.408,534
1256.488,531
1256.568,524
1256.649,518
1256.729,507
1256.809,498
1256.889,481
1256.969,465
1257.049,440
1257.129,423
1257.209,416
1257.29,407
1257.37,397
1257.45,371
1257.53,373
1257.61,373
1257.69,369
1257.77,368
1257.85,369
1257.931,355
1258.011,351
1258.091,335
1258.171,323
1258.251,320
1258.331,322
1258.412,323
1258.492,344
1258.572,351
1258.652,371
1258.732,368
1258.812,356
1258.893,346
1258.973,334
1259.053,348
1259.133,341
1259.213,334
1259.293,322
1259.374,304
1259.454,291
1259.534,285
1259.614,285
1259.694,265
1259.775,265
1259.855,264
1259.935,276
1260.015,284
1260.096,290
1260.176,289
1260.256,295
1260.336,311
1260.416,314
1260.497,316
1260.577,317
1260.657,308
1260.737,306
1260.818,315
1260.898,316
1260.978,301
1261.058,287
1261.139,272
1261.219,251
1261.299,248
1261.379,249
1261.46,259
1261.54,270
1261.62,280
1261.7,290
1261.781,286
1261.861,281
1261.941,281
1262.021,276
1262.102,265
1262.182,262
1262.262,271
1262.343,291
1262.423,313
1262.503,341
1262.583,343
1262.664,344
1262.744,337
1262.824,325
1262.905,330
1262.985,319
1263.065,311
1263.146,297
1263.226,283
1263.306,267
1263.387,256
1263.467,262
1263.547,258
1263.628,257
1263.708,260
1263.788,276
1263.869,282
1263.949,291
1264.029,303
1264.11,321
1264.19,320
1264.27,318
1264.351,302
1264.431,284
1264.511,288
1264.592,287
1264.672,293
1264.752,302
1264.833,301
1264.913,288
1264.994,275
1265.074,262
1265.154,246
1265.235,241
1265.315,242
1265.395,245
1265.476,256
1265.556,266
1265.637,274
1265.717,281
1265.797,294
1265.878,302
1265.958,320
1266.039,343
1266.119,353
1266.199,353
1266.28,341
1266.36,341
1266.441,325
1266.521,303
1266.602,285
1266.682,253
1266.762,256
1266.843,267
1266.923,274
1267.004,296
1267.084,303
1267.165,312
1267.245,316
1267.326,300
1267.406,282
1267.486,259
1267.567,252
1267.647,236
1267.728,237
1267.808,253
1267.889,257
1267.969,277
1268.05,290
1268.13,292
1268.211,293
1268.291,285
1268.372,286
1268.452,288
1268.533,289
1268.613,292
1268.694,291
1268.774,295
1268.855,292
1268.935,289
1269.016,295
1269.096,284
1269.177,287
1269.257,293
1269.338,277
1269.418,286
1269.499,294
1269.579,302
1269.66,309
1269.74,291
1269.821,275
1269.901,257
1269.982,242
1270.062,255
1270.143,261
1270.223,270
1270.304,265
1270.385,267
1270.465,261
1270.546,255
1270.626,247
1270.707,228
1270.787,215
1270.868,204
1270.948,204
1271.029,196
1271.11,197
1271.19,194
1271.271,192
1271.351,212
1271.432,223
1271.512,225
1271.593,264
1271.674,306
1271.754,384
1271.835,488
1271.915,637
1271.996,785
1272.077,922
1272.157,1067
1272.238,1180
1272.318,1264
1272.399,1310
1272.48,1363
1272.56,1402
1272.641,1429
1272.722,1476
1272.802,1526
1272.883,1580
1272.963,1636
1273.044,1668
1273.125,1710
1273.205,1755
1273.286,1767
1273.367,1765
1273.447,1778
1273.528,1742
1273.609,1707
1273.689,1681
1273.77,1662
1273.851,1675
1273.931,1723
1274.012,1776
1274.093,1839
1274.173,1869
1274.254,1850
1274.335,1826
1274.415,1772
1274.496,1741
1274.577,1686
1274.657,1630
1274.738,1574
1274.819,1482
1274.899,1419
1274.98,1362
1275.061,1319
1275.141,1303
1275.222,1292
1275.303,1273
1275.384,1238
1275.464,1218
1275.545,1181
1275.626,1145
1275.706,1104
1275.787,1055
1275.868,1021
1275.949,987
1276.029,958
1276.11,921
1276.191,897
1276.272,891
1276.352,877
1276.433,875
1276.514,865
1276.594,847
1276.675,817
1276.756,789
1276.837,778
1276.918,764
1276.998,764
1277.079,739
1277.16,721
1277.241,703
1277.321,670
1277.402,663
1277.483,653
1277.564,637
1277.644,617
1277.725,607
1277.806,613
1277.887,615
1277.968,617
1278.048,617
1278.129,615
1278.21,609
1278.291,604
1278.372,589
1278.452,578
1278.533,567
1278.614,541
1278.695,529
1278.776,527
1278.856,519
1278.937,504
1279.018,512
1279.099,509
1279.18,522
1279.261,535
1279.341,527
1279.422,516
1279.503,506
1279.584,484
1279.665,484
1279.746,482
1279.827,479
1279.907,483
1279.988,477
1280.069,489
1280.15,489
1280.231,505
1280.312,505
1280.393,490
1280.473,484
1280.554,489
1280.635,471
1280.716,463
1280.797,452
1280.878,437
1280.959,424
1281.04,433
1281.12,428
1281.201,417
1281.282,406
1281.363,384
1281.444,377
1281.525,369
1281.606,360
1281.687,348
1281.768,330
1281.849,320
1281.93,314
1282.01,302
1282.091,288
1282.172,284
1282.253,262
1282.334,269
1282.415,277
1282.496,284
1282.577,284
1282.658,282
1282.739,281
1282.82,281
1282.901,271
1282.982,269
1283.063,276
1283.144,276
1283.225,276
1283.306,280
1283.387,278
1283.468,278
1283.548,287
1283.629,299
1283.71,297
1283.791,298
1283.872,290
1283.953,276
1284.034,271
1284.115,269
1284.196,273
1284.277,286
1284.358,296
1284.439,293
1284.52,274
1284.601,265
1284.682,252
1284.763,235
1284.844,227
1284.925,219
1285.006,215
1285.087,206
1285.168,205
1285.249,214
1285.33,216
1285.412,219
1285.493,220
1285.574,216
1285.655,214
1285.736,211
1285.817,221
1285.898,217
1285.979,214
1286.06,211
1286.141,205
1286.222,216
1286.303,220
1286.384,235
1286.465,238
1286.546,249
1286.627,261
1286.708,271
1286.789,281
1286.871,277
1286.952,269
1287.033,265
1287.114,258
1287.195,244
1287.276,228
1287.357,218
1287.438,221
1287.519,226
1287.6,228
1287.681,239
1287.763,247
1287.844,255
1287.925,270
1288.006,281
1288.087,284
1288.168,275
1288.249,266
1288.33,249
1288.411,245
1288.493,254
1288.574,246
1288.655,237
1288.736,234
1288.817,235
1288.898,252
1288.979,275
1289.061,282
1289.142,286
1289.223,294
1289.304,294
1289.385,292
1289.466,286
1289.548,275
1289.629,281
1289.71,303
1289.791,320
1289.872,327
1289.953,328
1290.035,332
1290.116,325
1290.197,311
1290.278,304
1290.359,265
1290.44,246
1290.522,226
1290.603,198
1290.684,199
1290.765,204
1290.846,226
1290.928,257
1291.009,291
1291.09,319
1291.171,332
1291.253,336
1291.334,352
1291.415,341
1291.496,332
1291.577,323
1291.659,305
1291.74,305
1291.821,301
1291.902,300
1291.984,298
1292.065,286
1292.146,269
1292.227,245
1292.309,221
1292.39,204
1292.471,202
1292.552,197
1292.634,201
1292.715,218
1292.796,227
1292.877,245
1292.959,253
1293.04,243
1293.121,233
1293.203,222
1293.284,202
1293.365,201
1293.446,206
1293.528,196
1293.609,198
1293.69,199
1293.772,202
1293.853,202
1293.934,203
1294.015,212
1294.097,219
1294.178,236
1294.259,251
1294.341,268
1294.422,287
1294.503,293
1294.585,283
1294.666,272
1294.747,262
1294.829,255
1294.91,260
1294.991,266
1295.073,274
1295.154,278
1295.235,260
1295.317,260
1295.398,254
1295.479,240
1295.561,252
1295.642,273
1295.723,319
1295.805,393
1295.886,502
1295.968,649
1296.049,794
1296.13,934
1296.212,1096
1296.293,1215
1296.374,1279
1296.456,1346
1296.537,1354
1296.619,1366
1296.7,1405
1296.781,1459
1296.863,1565
1296.944,1638
1297.026,1753
1297.107,1864
1297.188,1939
1297.27,1966
1297.351,1955
1297.433,1951
1297.514,1891
1297.595,1844
1297.677,1770
1297.758,1696
1297.84,1668
1297.921,1665
1298.003,1670
1298.084,1678
1298.165,1688
1298.247,1660
1298.328,1651
1298.41,1636
1298.491,1592
1298.573,1545
1298.654,1489
1298.736,1436
1298.817,1384
1298.899,1351
1298.98,1337
1299.061,1327
1299.143,1319
1299.224,1312
1299.306,1290
1299.387,1259
1299.469,1242
1299.55,1211
1299.632,1174
1299.713,1138
1299.795,1112
1299.876,1049
1299.958,1011
1300.039,970
1300.121,948
1300.202,943
1300.284,952
1300.365,950
1300.447,929
1300.528,909
1300.61,879
1300.691,847
1300.773,807
1300.854,776
1300.936,743
1301.017,711
1301.099,680
1301.18,683
1301.262,677
1301.344,668
1301.425,661
1301.507,657
1301.588,659
1301.67,650
1301.751,650
1301.833,647
1301.914,642
1301.996,634
1302.078,629
1302.159,602
1302.241,579
1302.322,561
1302.404,563
1302.485,564
1302.567,565
1302.649,568
1302.73,544
1302.812,542
1302.893,527
1302.975,503
1303.056,491
1303.138,476
1303.22,470
1303.301,471
1303.383,466
1303.464,488
1303.546,508
1303.628,515
1303.709,536
1303.791,536
1303.873,544
1303.954,543
1304.036,526
1304.117,486
1304.199,455
1304.281,426
1304.362,384
1304.444,398
1304.526,402
1304.607,404
1304.689,423
1304.771,423
1304.852,433
1304.934,431
1305.015,433
1305.097,421
1305.179,415
1305.26,398
1305.342,406
1305.424,401
1305.505,393
1305.587,389
1305.669,379
1305.751,380
1305.832,371
1305.914,369
1305.996,365
1306.077,354
1306.159,350
1306.241,343
1306.322,338
1306.404,342
1306.486,344
1306.567,345
1306.649,343
1306.731,342
1306.813,343
1306.894,335
1306.976,329
1307.058,325
1307.139,323
1307.221,306
1307.303,287
1307.385,283
1307.466,280
1307.548,275
1307.63,262
1307.712,251
1307.793,240
1307.875,231
1307.957,251
1308.039,256
1308.12,255
1308.202,247
1308.284,238
1308.366,228
1308.447,221
1308.529,214
1308.611,212
1308.693,214
1308.774,211
1308.856,204
1308.938,209
1309.02,206
1309.102,204
1309.183,214
1309.265,221
1309.347,228
1309.429,233
1309.511,247
1309.592,240
1309.674,236
1309.756,226
1309.838,205
1309.92,206
1310.001,200
1310.083,199
1310.165,194
1310.247,198
1310.329,211
1310.411,222
1310.492,228
1310.574,225
1310.656,240
1310.738,241
1310.82,244
1310.902,244
1310.983,231
1311.065,228
1311.147,232
1311.229,228
1311.311,234
1311.393,230
1311.475,229
1311.556,226
1311.638,228
1311.72,234
1311.802,253
1311.884,274
1311.966,276
1312.048,273
1312.129,250
1312.211,243
1312.293,258
1312.375,264
1312.457,268
1312.539,269
1312.621,268
1312.703,267
1312.785,260
1312.867,246
1312.948,239
1313.03,237
1313.112,239
1313.194,240
1313.276,248
1313.358,247
1313.44,246
1313.522,262
1313.604,261
1313.686,272
1313.768,280
1313.85,286
1313.932,284
1314.013,277
1314.095,256
1314.177,248
1314.259,247
1314.341,250
1314.423,263
1314.505,264
1314.587,263
1314.669,255
1314.751,262
1314.833,255
1314.915,252
1314.997,248
1315.079,248
1315.161,254
1315.243,253
1315.325,255
1315.407,243
1315.489,246
1315.571,242
1315.653,240
1315.735,238
1315.817,247
1315.899,244
1315.981,238
1316.063,234
1316.145,225
1316.227,226
1316.309,225
1316.391,226
1316.473,234
1316.555,242
1316.637,244
1316.719,249
1316.801,252
1316.883,251
1316.965,250
1317.047,247
1317.129,241
1317.211,230
1317.293,227
1317.375,218
1317.457,228
1317.539,238
1317.621,254
1317.704,268
1317.786,264
1317.868,260
1317.95,252
1318.032,235
1318.114,235
1318.196,237
1318.278,246
1318.36,258
1318.442,265
1318.524,251
1318.606,237
1318.688,228
1318.771,229
1318.853,222
1318.935,216
1319.017,215
1319.099,210
1319.181,222
1319.263,227
1319.345,225
1319.427,211
1319.509,216
1319.592,224
1319.674,240
1319.756,297
1319.838,379
1319.92,478
1320.002,586
1320.084,723
1320.166,817
1320.249,885
1320.331,953
1320.413,969
1320.495,985
1320.577,999
1320.659,1037
1320.742,1072
1320.824,1148
1320.906,1266
1320.988,1371
1321.07,1503
1321.152,1598
1321.234,1644
1321.317,1668
1321.399,1658
1321.481,1602
1321.563,1546
1321.645,1506
1321.728,1486
1321.81,1486
1321.892,1511
1321.974,1561
1322.056,1567
1322.139,1564
1322.221,1558
1322.303,1551
1322.385,1543
1322.467,1532
1322.55,1505
1322.632,1467
1322.714,1423
1322.796,1385
1322.878,1365
1322.961,1346
1323.043,1333
1323.125,1320
1323.207,1294
1323.29,1247
1323.372,1210
1323.454,1160
1323.536,1117
1323.619,1088
1323.701,1042
1323.783,1013
1323.865,993
1323.948,971
1324.03,942
1324.112,916
1324.194,895
1324.277,865
1324.359,839
1324.441,817
1324.523,802
1324.606,788
1324.688,769
1324.77,778
1324.853,764
1324.935,736
1325.017,717
1325.099,694
1325.182,689
1325.264,685
1325.346,669
1325.429,664
1325.511,668
1325.593,662
1325.676,648
1325.758,632
1325.84,617
1325.922,596
1326.005,601
1326.087,602
1326.169,592
1326.252,576
1326.334,585
1326.416,571
1326.499,568
1326.581,575
1326.663,556
1326.746,562
1326.828,563
1326.91,557
1326.993,559
1327.075,552
1327.158,553
1327.24,550
1327.322,542
1327.405,523
1327.487,514
1327.569,495
1327.652,490
1327.734,485
1327.816,493
1327.899,504
1327.981,489
1328.064,472
1328.146,447
1328.228,412
1328.311,402
1328.393,399
1328.476,384
1328.558,376
1328.64,364
1328.723,354
1328.805,357
1328.888,345
1328.97,354
1329.052,352
1329.135,357
1329.217,352
1329.3,357
1329.382,369
1329.465,378
1329.547,381
1329.629,387
1329.712,388
1329.794,383
1329.877,388
1329.959,372
1330.042,374
1330.124,373
1330.207,366
1330.289,371
1330.371,350
1330.454,344
1330.536,332
1330.619,327
1330.701,311
1330.784,295
1330.866,296
1330.949,261
1331.031,253
1331.114,241
1331.196,232
1331.279,227
1331.361,224
1331.444,224
1331.526,216
1331.609,214
1331.691,238
1331.774,256
1331.856,271
1331.939,290
1332.021,292
1332.104,291
1332.186,287
1332.269,282
1332.351,277
1332.434,281
1332.516,281
1332.599,282
1332.681,291
1332.764,296
1332.846,299
1332.929,298
1333.012,297
1333.094,306
1333.177,309
1333.259,314
1333.342,309
1333.424,302
1333.507,293
1333.589,282
1333.672,274
1333.755,267
1333.837,256
1333.92,254
1334.002,259
1334.085,268
1334.167,284
1334.25,294
1334.333,293
1334.415,280
1334.498,267
1334.58,241
1334.663,214
1334.745,207
1334.828,194
1334.911,188
1334.993,185
1335.076,176
1335.159,169
1335.241,166
1335.324,184
1335.406,192
1335.489,214
1335.572,221
1335.654,212
1335.737,212
1335.819,207
1335.902,201
1335.985,187
1336.067,183
1336.15,171
1336.233,185
1336.315,191
1336.398,201
1336.481,212
1336.563,231
1336.646,243
1336.729,252
1336.811,259
1336.894,246
1336.977,247
1337.059,240
1337.142,245
1337.225,236
1337.307,241
1337.39,245
1337.473,255
1337.555,238
1337.638,234
1337.721,230
1337.803,218
1337.886,218
1337.969,217
1338.051,216
1338.134,215
1338.217,217
1338.3,233
1338.382,242
1338.465,254
1338.548,281
1338.63,281
1338.713,270
1338.796,270
1338.879,251
1338.961,241
1339.044,250
1339.127,255
1339.21,251
1339.292,249
1339.375,240
1339.458,229
1339.54,238
1339.623,239
1339.706,236
1339.789,235
1339.872,251
1339.954,246
1340.037,254
1340.12,259
1340.203,259
1340.285,272
1340.368,279
1340.451,283
1340.534,283
1340.616,272
1340.699,270
1340.782,267
1340.865,262
1340.948,254
1341.03,230
1341.113,216
1341.196,197
1341.279,195
1341.362,197
1341.444,192
1341.527,187
1341.61,182
1341.693,184
1341.776,185
1341.858,193
1341.941,207
1342.024,214
1342.107,225
1342.19,239
1342.273,251
1342.355,254
1342.438,260
1342.521,256
1342.604,250
1342.687,254
1342.77,253
1342.852,263
1342.935,262
1343.018,266
1343.101,269
1343.184,267
1343.267,258
1343.35,241
1343.433,234
1343.515,215
1343.598,238
1343.681,275
1343.764,307
1343.847,392
1343.93,483
1344.013,578
1344.096,681
1344.178,781
1344.261,846
1344.344,898
1344.427,961
1344.51,986
1344.593,1030
1344.676,1060
1344.759,1093
1344.842,1128
1344.925,1184
1345.008,1265
1345.09,1354
1345.173,1452
1345.256,1526
1345.339,1606
1345.422,1679
1345.505,1713
1345.588,1703
1345.671,1660
1345.754,1619
1345.837,1577
1345.92,1569
1346.003,1567
1346.086,1578
1346.169,1590
1346.252,1595
1346.335,1598
1346.418,1586
1346.5,1523
1346.583,1453
1346.666,1397
1346.749,1321
1346.832,1289
1346.915,1261
1346.998,1218
1347.081,1168
1347.164,1144
1347.247,1101
1347.33,1073
1347.413,1033
1347.496,1005
1347.579,985
1347.662,968
1347.745,956
1347.828,939
1347.911,948
1347.994,949
1348.077,947
1348.16,937
1348.243,909
1348.326,881
1348.409,861
1348.492,808
1348.575,763
1348.658,748
1348.742,716
1348.825,704
1348.908,704
1348.991,692
1349.074,685
1349.157,678
1349.24,669
1349.323,661
1349.406,642
1349.489,607
1349.572,586
1349.655,571
1349.738,560
1349.821,544
1349.904,539
1349.987,536
1350.07,520
1350.153,542
1350.237,549
1350.32,551
1350.403,548
1350.486,548
1350.569,532
1350.652,519
1350.735,513
1350.818,496
1350.901,491
1350.984,490
1351.068,473
1351.151,465
1351.234,470
1351.317,468
1351.4,459
1351.483,465
1351.566,459
1351.649,461
1351.732,466
1351.816,475
1351.899,463
1351.982,456
1352.065,452
1352.148,429
1352.231,424
1352.314,420
1352.398,419
1352.481,419
1352.564,417
1352.647,413
1352.73,419
1352.813,400
1352.897,400
1352.98,411
1353.063,420
1353.146,431
1353.229,408
1353.312,386
1353.396,360
1353.479,341
1353.562,343
1353.645,350
1353.728,362
1353.812,371
1353.895,373
1353.978,360
1354.061,344
1354.144,330
1354.228,312
1354.311,303
1354.394,294
1354.477,295
1354.56,289
1354.644,285
1354.727,278
1354.81,265
1354.893,263
1354.977,266
1355.06,268
1355.143,266
1355.226,256
1355.309,250
1355.393,241
1355.476,247
1355.559,259
1355.642,262
1355.726,263
1355.809,259
1355.892,266
1355.975,269
1356.059,266
1356.142,267
1356.225,271
1356.309,273
1356.392,273
1356.475,266
1356.558,254
1356.642,252
1356.725,243
1356.808,224
1356.892,226
1356.975,220
1357.058,217
1357.141,228
1357.225,233
1357.308,234
1357.391,238
1357.475,241
1357.558,233
1357.641,233
1357.725,236
1357.808,222
1357.891,219
1357.975,221
1358.058,216
1358.141,203
1358.225,201
1358.308,208
1358.391,201
1358.475,199
1358.558,194
1358.641,187
1358.725,190
1358.808,198
1358.891,201
1358.975,197
1359.058,203
1359.141,203
1359.225,212
1359.308,213
1359.391,215
1359.475,219
1359.558,217
1359.642,206
1359.725,197
1359.808,185
1359.892,197
1359.975,207
1360.058,211
1360.142,215
1360.225,222
1360.309,220
1360.392,218
1360.475,219
1360.559,208
1360.642,217
1360.726,207
1360.809,215
1360.892,218
1360.976,227
1361.059,234
1361.143,235
1361.226,246
1361.31,254
1361.393,262
1361.476,262
1361.56,268
1361.643,259
1361.727,266
1361.81,260
1361.894,249
1361.977,253
1362.061,244
1362.144,232
1362.227,235
1362.311,235
1362.394,233
1362.478,245
1362.561,248
1362.645,248
1362.728,253
1362.812,242
1362.895,234
1362.979,229
1363.062,225
1363.146,229
1363.229,230
1363.313,224
1363.396,222
1363.48,224
1363.563,235
1363.647,251
1363.73,267
1363.814,286
1363.897,273
1363.981,264
1364.064,255
1364.148,236
1364.231,236
1364.315,221
1364.398,207
1364.482,190
1364.565,195
1364.649,204
1364.732,212
1364.816,218
1364.899,217
1364.983,231
1365.066,227
1365.15,219
1365.234,210
1365.317,206
1365.401,209
1365.484,210
1365.568,212
1365.651,209
1365.735,199
1365.819,212
1365.902,211
1365.986,212
1366.069,223
1366.153,225
1366.236,228
1366.32,226
1366.404,227
1366.487,218
1366.571,211
1366.654,216
1366.738,219
1366.822,226
1366.905,230
1366.989,226
1367.072,225
1367.156,200
1367.24,195
1367.323,178
1367.407,159
1367.49,159
1367.574,166
1367.658,189
1367.741,226
1367.825,291
1367.909,360
1367.992,436
1368.076,513
1368.159,592
1368.243,675
1368.327,733
1368.41,798
1368.494,850
1368.578,875
1368.661,911
1368.745,950
1368.829,997
1368.912,1035
1368.996,1097
1369.08,1145
1369.163,1213
1369.247,1269
1369.331,1292
1369.414,1325
1369.498,1314
1369.582,1302
1369.665,1293
1369.749,1282
1369.833,1307
1369.917,1311
1370,1346
1370.084,1364
1370.168,1375
1370.251,1381
1370.335,1361
1370.419,1340
1370.502,1312
1370.586,1282
1370.67,1253
1370.754,1224
1370.837,1175
1370.921,1157
1371.005,1138
1371.089,1116
1371.172,1115
1371.256,1093
1371.34,1063
1371.423,1044
1371.507,1013
1371.591,1003
1371.675,999
1371.758,995
1371.842,991
1371.926,974
1372.01,961
1372.093,939
1372.177,896
1372.261,866
1372.345,823
1372.429,774
1372.512,744
1372.596,738
1372.68,735
1372.764,732
1372.847,712
1372.931,689
1373.015,675
1373.099,661
1373.183,658
1373.266,651
1373.35,632
1373.434,609
1373.518,594
1373.602,589
1373.685,579
1373.769,565
1373.853,561
1373.937,542
1374.021,532
1374.105,527
1374.188,520
1374.272,513
1374.356,501
1374.44,473
1374.524,464
1374.608,464
1374.691,466
1374.775,465
1374.859,486
1374.943,474
1375.027,448
1375.111,430
1375.195,407
1375.278,410
1375.362,415
1375.446,426
1375.53,420
1375.614,420
1375.698,432
1375.782,449
1375.865,451
1375.949,457
1376.033,455
1376.117,447
1376.201,451
1376.285,444
1376.369,440
1376.453,433
1376.537,436
1376.621,421
1376.704,403
1376.788,386
1376.872,364
1376.956,362
1377.04,351
1377.124,325
1377.208,304
1377.292,285
1377.376,274
1377.46,260
1377.544,258
1377.628,240
1377.711,230
1377.795,215
1377.879,192
1377.963,198
1378.047,205
1378.131,212
1378.215,218
1378.299,217
1378.383,215
1378.467,214
1378.551,210
1378.635,210
1378.719,210
1378.803,212
1378.887,218
1378.971,223
1379.055,228
1379.139,242
1379.223,231
1379.307,224
1379.391,215
1379.475,216
1379.559,213
1379.643,213
1379.727,204
1379.811,196
1379.895,206
1379.979,212
1380.063,221
1380.147,215
1380.231,210
1380.315,208
1380.399,203
1380.483,196
1380.567,202
1380.651,200
1380.735,192
1380.819,196
1380.903,196
1380.987,202
1381.071,211
1381.155,205
1381.239,201
1381.323,202
1381.407,197
1381.491,204
1381.575,200
1381.659,196
1381.744,199
1381.828,197
1381.912,202
1381.996,192
1382.08,191
1382.164,200
1382.248,194
1382.332,195
1382.416,194
1382.5,194
1382.584,203
1382.668,194
1382.752,183
1382.837,173
1382.921,180
1383.005,167
1383.089,168
1383.173,152
1383.257,137
1383.341,141
1383.425,142
1383.509,157
1383.594,167
1383.678,183
1383.762,195
1383.846,215
1383.93,237
1384.014,248
1384.098,259
1384.182,269
1384.267,270
1384.351,281
1384.435,288
1384.519,279
1384.603,273
1384.687,269
1384.771,257
1384.856,247
1384.94,232
1385.024,230
1385.108,229
1385.192,244
1385.276,240
1385.361,243
1385.445,251
1385.529,251
1385.613,259
1385.697,265
1385.782,258
1385.866,262
1385.95,255
1386.034,247
1386.118,239
1386.202,240
1386.287,229
1386.371,222
1386.455,222
1386.539,222
1386.624,224
1386.708,234
1386.792,249
1386.876,247
1386.96,272
1387.045,280
1387.129,292
1387.213,299
1387.297,309
1387.382,315
1387.466,316
1387.55,315
1387.634,292
1387.719,285
1387.803,267
1387.887,249
1387.971,247
1388.056,237
1388.14,235
1388.224,232
1388.308,234
1388.393,221
1388.477,214
1388.561,215
1388.645,196
1388.73,190
1388.814,188
1388.898,194
1388.983,199
1389.067,192
1389.151,192
1389.235,183
1389.32,177
1389.404,188
1389.488,196
1389.573,210
1389.657,221
1389.741,231
1389.826,249
1389.91,250
1389.994,245
1390.078,242
1390.163,234
1390.247,218
1390.331,205
1390.416,187
1390.5,176
1390.584,172
1390.669,178
1390.753,181
1390.837,186
1390.922,197
1391.006,209
1391.09,218
1391.175,209
1391.259,197
1391.344,181
1391.428,183
1391.512,197
1391.597,217
1391.681,257
1391.765,301
1391.85,356
1391.934,418
1392.019,487
1392.103,551
1392.187,613
1392.272,667
1392.356,738
1392.44,812
1392.525,860
1392.609,914
1392.694,951
1392.778,994
1392.862,1049
1392.947,1110
1393.031,1182
1393.116,1258
1393.2,1346
1393.285,1415
1393.369,1476
1393.453,1505
1393.538,1516
1393.622,1516
1393.707,1480
1393.791,1443
1393.875,1418
1393.96,1390
1394.044,1383
1394.129,1390
1394.213,1403
1394.298,1416
1394.382,1459
1394.467,1456
1394.551,1453
1394.636,1440
1394.72,1388
1394.804,1354
1394.889,1306
1394.973,1269
1395.058,1222
1395.142,1191
1395.227,1172
1395.311,1155
1395.396,1149
1395.48,1144
1395.565,1140
1395.649,1121
1395.734,1097
1395.818,1044
1395.903,992
1395.987,945
1396.072,910
1396.156,903
1396.241,887
1396.325,859
1396.41,846
1396.494,829
1396.579,822
1396.663,825
1396.748,790
1396.832,774
1396.917,761
1397.001,741
1397.086,741
1397.171,734
1397.255,724
1397.34,703
1397.424,685
1397.509,665
1397.593,647
1397.678,628
1397.762,617
1397.847,599
1397.931,584
1398.016,562
1398.101,548
1398.185,532
1398.27,519
1398.354,517
1398.439,509
1398.523,506
1398.608,503
1398.693,501
1398.777,480
1398.862,466
1398.946,459
1399.031,440
1399.116,432
1399.2,435
1399.285,441
1399.369,455
1399.454,485
1399.539,489
1399.623,477
1399.708,466
1399.792,438
1399.877,404
1399.962,381
1400.046,367
1400.131,334
1400.216,340
1400.3,338
1400.385,342
1400.47,340
1400.554,346
1400.639,349
1400.723,352
1400.808,345
1400.893,341
1400.977,343
1401.062,357
1401.147,352
1401.231,335
1401.316,320
1401.401,298
1401.485,284
1401.57,279
1401.655,276
1401.739,276
1401.824,285
1401.909,291
1401.993,297
1402.078,296
1402.163,280
1402.248,277
1402.332,276
1402.417,263
1402.502,250
1402.586,246
1402.671,240
1402.756,233
1402.84,227
1402.925,219
1403.01,215
1403.095,215
1403.179,215
1403.264,232
1403.349,237
1403.433,243
1403.518,251
1403.603,244
1403.688,240
1403.772,234
1403.857,237
1403.942,224
1404.027,230
1404.111,223
1404.196,220
1404.281,225
1404.366,212
1404.45,195
1404.535,197
1404.62,201
1404.705,199
1404.79,206
1404.874,183
1404.959,183
1405.044,185
1405.129,177
1405.213,187
1405.298,190
1405.383,194
1405.468,207
1405.553,210
1405.637,205
1405.722,200
1405.807,209
1405.892,212
1405.977,230
1406.061,242
1406.146,245
1406.231,265
1406.316,257
1406.401,255
1406.485,256
1406.57,244
1406.655,235
1406.74,225
1406.825,229
1406.91,218
1406.994,215
1407.079,214
1407.164,207
1407.249,211
1407.334,208
1407.419,196
1407.504,184
1407.588,178
1407.673,186
1407.758,190
1407.843,194
1407.928,205
1408.013,207
1408.098,208
1408.183,211
1408.267,217
1408.352,213
1408.437,212
1408.522,214
1408.607,200
1408.692,199
1408.777,202
1408.862,201
1408.947,199
1409.031,211
1409.116,220
1409.201,231
1409.286,244
1409.371,237
1409.456,226
1409.541,218
1409.626,212
1409.711,212
1409.796,221
1409.881,230
1409.965,222
1410.05,219
1410.135,218
1410.22,229
1410.305,229
1410.39,245
1410.475,242
1410.56,224
1410.645,242
1410.73,240
1410.815,248
1410.9,251
1410.985,246
1411.07,245
1411.155,239
1411.24,229
1411.325,227
1411.41,225
1411.495,206
1411.58,185
1411.665,189
1411.75,177
1411.835,166
1411.92,169
1412.005,164
1412.09,171
1412.175,177
1412.26,181
1412.345,178
1412.43,188
1412.515,200
1412.6,215
1412.685,226
1412.77,222
1412.855,217
1412.94,203
1413.025,195
1413.11,191
1413.195,194
1413.28,197
1413.365,196
1413.45,204
1413.535,203
1413.62,194
1413.705,188
1413.79,178
1413.875,177
1413.96,189
1414.045,196
1414.13,209
1414.215,219
1414.3,227
1414.385,227
1414.47,226
1414.556,230
1414.641,224
1414.726,215
1414.811,208
1414.896,205
1414.981,196
1415.066,203
1415.151,204
1415.236,204
1415.321,202
1415.406,191
1415.492,195
1415.577,198
1415.662,205
1415.747,226
1415.832,274
1415.917,335
1416.002,403
1416.087,462
1416.172,537
1416.258,620
1416.343,696
1416.428,751
1416.513,791
1416.598,781
1416.683,780
1416.768,815
1416.853,818
1416.939,846
1417.024,876
1417.109,954
1417.194,1049
1417.279,1142
1417.364,1225
1417.45,1260
1417.535,1302
1417.62,1319
1417.705,1353
1417.79,1359
1417.875,1345
1417.961,1348
1418.046,1351
1418.131,1339
1418.216,1326
1418.301,1307
1418.386,1267
1418.472,1239
1418.557,1234
1418.642,1225
1418.727,1214
1418.812,1204
1418.898,1163
1418.983,1142
1419.068,1129
1419.153,1103
1419.238,1083
1419.324,1066
1419.409,1034
1419.494,1000
1419.579,958
1419.665,907
1419.75,856
1419.835,805
1419.92,793
1420.005,770
1420.091,752
1420.176,739
1420.261,733
1420.346,733
1420.432,732
1420.517,718
1420.602,693
1420.687,683
1420.773,681
1420.858,671
1420.943,680
1421.029,666
1421.114,653
1421.199,632
1421.284,613
1421.37,599
1421.455,580
1421.54,594
1421.625,593
1421.711,601
1421.796,612
1421.881,618
1421.967,616
1422.052,593
1422.137,573
1422.223,549
1422.308,538
1422.393,536
1422.478,530
1422.564,512
1422.649,504
1422.734,502
1422.82,503
1422.905,505
1422.99,506
1423.076,511
1423.161,513
1423.246,501
1423.332,488
1423.417,476
1423.502,458
1423.588,458
1423.673,444
1423.758,429
1423.844,408
1423.929,389
1424.015,383
1424.1,371
1424.185,367
1424.271,354
1424.356,357
1424.441,359
1424.527,366
1424.612,357
1424.698,339
1424.783,333
1424.868,325
1424.954,328
1425.039,318
1425.124,306
1425.21,287
1425.295,271
1425.381,281
1425.466,293
1425.551,314
1425.637,320
1425.722,331
1425.808,332
1425.893,329
1425.979,337
1426.064,333
1426.149,324
1426.235,313
1426.32,292
1426.406,274
1426.491,270
1426.577,262
1426.662,252
1426.747,259
1426.833,247
1426.918,240
1427.004,234
1427.089,220
1427.175,210
1427.26,194
1427.346,183
1427.431,178
1427.517,179
1427.602,178
1427.687,173
1427.773,176
1427.858,180
1427.944,185
1428.029,187
1428.115,191
1428.2,192
1428.286,204
1428.371,225
1428.457,261
1428.542,284
1428.628,296
1428.713,309
1428.799,299
1428.884,292
1428.97,288
1429.055,285
1429.141,267
1429.226,253
1429.312,235
1429.397,213
1429.483,217
1429.568,219
1429.654,224
1429.74,231
1429.825,231
1429.911,238
1429.996,252
1430.082,255
1430.167,252
1430.253,253
1430.338,250
1430.424,231
1430.509,222
1430.595,209
1430.681,199
1430.766,197
1430.852,191
1430.937,192
1431.023,184
1431.108,183
1431.194,188
1431.28,185
1431.365,191
1431.451,193
1431.536,189
1431.622,185
1431.708,171
1431.793,169
1431.879,184
1431.964,192
1432.05,216
1432.136,225
1432.221,228
1432.307,225
1432.392,218
1432.478,201
1432.564,186
1432.649,185
1432.735,163
1432.82,156
1432.906,156
1432.992,150
1433.077,150
1433.163,150
1433.249,176
1433.334,193
1433.42,213
1433.506,225
1433.591,227
1433.677,231
1433.763,240
1433.848,244
1433.934,242
1434.02,237
1434.105,224
1434.191,213
1434.277,202
1434.362,206
1434.448,205
1434.534,215
1434.619,219
1434.705,224
1434.791,238
1434.876,230
1434.962,229
1435.048,222
1435.133,219
1435.219,210
1435.305,205
1435.391,203
1435.476,197
1435.562,206
1435.648,207
1435.733,208
1435.819,200
1435.905,215
1435.991,205
1436.076,201
1436.162,195
1436.248,186
1436.333,189
1436.419,187
1436.505,179
1436.591,167
1436.676,170
1436.762,176
1436.848,186
1436.934,188
1437.019,190
1437.105,188
1437.191,182
1437.277,189
1437.362,193
1437.448,185
1437.534,187
1437.62,182
1437.706,176
1437.791,178
1437.877,165
1437.963,162
1438.049,166
1438.134,167
1438.22,166
1438.306,174
1438.392,183
1438.478,192
1438.563,200
1438.649,212
1438.735,227
1438.821,226
1438.907,228
1438.992,225
1439.078,213
1439.164,209
1439.25,208
1439.336,198
1439.422,184
1439.507,185
1439.593,178
1439.679,192
1439.765,224
1439.851,258
1439.937,304
1440.022,352
1440.108,393
1440.194,447
1440.28,497
1440.366,529
1440.452,577
1440.538,623
1440.623,669
1440.709,722
1440.795,761
1440.881,783
1440.967,815
1441.053,876
1441.139,936
1441.225,988
1441.31,1045
1441.396,1058
1441.482,1078
1441.568,1095
1441.654,1118
1441.74,1122
1441.826,1120
1441.912,1119
1441.998,1131
1442.084,1123
1442.169,1102
1442.255,1100
1442.341,1083
1442.427,1111
1442.513,1126
1442.599,1142
1442.685,1150
1442.771,1141
1442.857,1131
1442.943,1123
1443.029,1129
1443.115,1130
1443.201,1111
1443.287,1084
1443.372,1070
1443.458,1033
1443.544,999
1443.63,959
1443.716,918
1443.802,885
1443.888,850
1443.974,825
1444.06,796
1444.146,781
1444.232,777
1444.318,773
1444.404,760
1444.49,747
1444.576,734
1444.662,709
1444.748,690
1444.834,675
1444.92,660
1445.006,659
1445.092,660
1445.178,639
1445.264,615
1445.35,597
1445.436,564
1445.522,546
1445.608,533
1445.694,510
1445.78,482
1445.866,465
1445.952,470
1446.038,479
1446.124,477
1446.21,487
1446.296,479
1446.382,475
1446.468,470
1446.554,474
1446.64,473
1446.726,470
1446.812,469
1446.899,466
1446.985,453
1447.071,441
1447.157,429
1447.243,417
1447.329,405
1447.415,395
1447.501,376
1447.587,354
1447.673,354
1447.759,354
1447.845,362
1447.931,370
1448.017,379
1448.104,380
1448.19,384
1448.276,376
1448.362,368
1448.448,361
1448.534,349
1448.62,349
1448.706,337
1448.792,337
1448.879,327
1448.965,324
1449.051,328
1449.137,320
1449.223,315
1449.309,309
1449.395,303
1449.481,297
1449.568,294
1449.654,286
1449.74,286
1449.826,295
1449.912,300
1449.998,308
1450.084,306
1450.171,302
1450.257,288
1450.343,285
1450.429,280
1450.515,265
1450.601,253
1450.687,235
1450.774,231
1450.86,227
1450.946,222
1451.032,219
1451.118,223
1451.205,222
1451.291,229
1451.377,220
1451.463,207
1451.549,197
1451.636,194
1451.722,180
1451.808,164
1451.894,164
1451.98,153
1452.067,157
1452.153,161
1452.239,169
1452.325,179
1452.411,194
1452.498,209
1452.584,213
1452.67,220
1452.756,228
1452.843,226
1452.929,224
1453.015,227
1453.101,222
1453.188,224
1453.274,229
1453.36,237
1453.446,227
1453.533,221
1453.619,216
1453.705,213
1453.791,209
1453.878,206
1453.964,203
1454.05,191
1454.136,197
1454.223,210
1454.309,209
1454.395,210
1454.481,213
1454.568,196
1454.654,195
1454.74,202
1454.827,193
1454.913,190
1454.999,187
1455.086,170
1455.172,160
1455.258,160
1455.344,158
1455.431,161
1455.517,162
1455.603,160
1455.69,163
1455.776,174
1455.862,186
1455.949,195
1456.035,192
1456.121,186
1456.208,179
1456.294,186
1456.38,192
1456.467,189
1456.553,200
1456.639,196
1456.726,193
1456.812,204
1456.898,206
1456.985,215
1457.071,225
1457.158,241
1457.244,245
1457.33,239
1457.417,234
1457.503,225
1457.589,211
1457.676,208
1457.762,207
1457.849,220
1457.935,224
1458.021,245
1458.108,255
1458.194,269
1458.281,294
1458.367,302
1458.453,307
1458.54,295
1458.626,298
1458.713,307
1458.799,317
1458.885,325
1458.972,321
1459.058,314
1459.145,283
1459.231,262
1459.317,241
1459.404,236
1459.49,231
1459.577,214
1459.663,204
1459.75,197
1459.836,194
1459.923,177
1460.009,186
1460.095,187
1460.182,200
1460.268,207
1460.355,211
1460.441,213
1460.528,215
1460.614,217
1460.701,214
1460.787,215
1460.874,216
1460.96,226
1461.047,230
1461.133,226
1461.22,227
1461.306,221
1461.393,208
1461.479,194
1461.566,189
1461.652,172
1461.739,174
1461.825,188
1461.912,189
1461.998,183
1462.085,179
1462.171,160
1462.258,150
1462.344,145
1462.431,139
1462.517,140
1462.604,143
1462.69,154
1462.777,165
1462.863,173
1462.95,174
1463.036,179
1463.123,172
1463.209,169
1463.296,168
1463.383,162
1463.469,161
1463.556,161
1463.642,162
1463.729,171
1463.815,181
1463.902,245
1463.989,306
1464.075,380
1464.162,461
1464.248,522
1464.335,578
1464.421,632
1464.508,685
1464.595,728
1464.681,771
1464.768,806
1464.854,840
1464.941,903
1465.028,955
1465.114,1001
1465.201,1059
1465.287,1074
1465.374,1085
1465.461,1083
1465.547,1113
1465.634,1127
1465.72,1163
1465.807,1190
1465.894,1203
1465.98,1217
1466.067,1215
1466.154,1239
1466.24,1229
1466.327,1226
1466.414,1220
1466.5,1206
1466.587,1190
1466.673,1161
1466.76,1120
1466.847,1069
1466.933,1024
1467.02,1008
1467.107,998
1467.193,975
1467.28,981
1467.367,959
1467.453,945
1467.54,940
1467.627,915
1467.713,909
1467.8,892
1467.887,863
1467.974,841
1468.06,826
1468.147,805
1468.234,787
1468.32,787
1468.407,772
1468.494,767
1468.58,761
1468.667,731
1468.754,709
1468.841,697
1468.927,681
1469.014,660
1469.101,660
1469.187,655
1469.274,649
1469.361,646
1469.448,631
1469.534,615
1469.621,590
1469.708,576
1469.795,574
1469.881,571
1469.968,574
1470.055,583
1470.142,583
1470.228,591
1470.315,589
1470.402,584
1470.489,572
1470.575,555
1470.662,532
1470.749,499
1470.836,479
1470.922,464
1471.009,430
1471.096,435
1471.183,436
1471.27,434
1471.356,440
1471.443,429
1471.53,430
1471.617,435
1471.704,435
1471.79,432
1471.877,415
1471.964,398
1472.051,386
1472.138,372
1472.224,362
1472.311,360
1472.398,357
1472.485,370
1472.572,363
1472.659,349
1472.745,337
1472.832,319
1472.919,309
1473.006,302
1473.093,303
1473.18,283
1473.266,275
1473.353,268
1473.44,260
1473.527,257
1473.614,260
1473.701,261
1473.788,255
1473.874,262
1473.961,268
1474.048,272
1474.135,266
1474.222,270
1474.309,264
1474.396,257
1474.483,250
1474.57,240
1474.656,233
1474.743,229
1474.83,229
1474.917,227
1475.004,221
1475.091,222
1475.178,225
1475.265,213
1475.352,212
1475.439,209
1475.525,193
1475.612,182
1475.699,181
1475.786,185
1475.873,186
1475.96,203
1476.047,224
1476.134,236
1476.221,246
1476.308,244
1476.395,221
1476.482,204
1476.569,181
1476.656,170
1476.743,173
1476.829,175
1476.916,176
1477.003,174
1477.09,175
1477.177,177
1477.264,183
1477.351,202
1477.438,202
1477.525,206
1477.612,231
1477.699,219
1477.786,223
1477.873,231
1477.96,230
1478.047,228
1478.134,212
1478.221,207
1478.308,194
1478.395,200
1478.482,203
1478.569,203
1478.656,196
1478.743,187
1478.83,184
1478.917,181
1479.004,173
1479.091,161
1479.178,152
1479.265,148
1479.352,147
1479.439,145
1479.526,147
1479.613,141
1479.7,141
1479.787,156
1479.875,172
1479.962,189
1480.049,205
1480.136,217
1480.223,214
1480.31,211
1480.397,201
1480.484,192
1480.571,186
1480.658,188
1480.745,186
1480.832,175
1480.919,179
1481.006,179
1481.093,188
1481.181,195
1481.268,201
1481.355,199
1481.442,204
1481.529,205
1481.616,211
1481.703,219
1481.79,233
1481.877,229
1481.964,218
1482.052,225
1482.139,215
1482.226,220
1482.313,229
1482.4,228
1482.487,232
1482.574,249
1482.661,238
1482.749,233
1482.836,231
1482.923,217
1483.01,207
1483.097,202
1483.184,193
1483.271,191
1483.359,193
1483.446,189
1483.533,175
1483.62,166
1483.707,155
1483.794,163
1483.881,171
1483.969,190
1484.056,200
1484.143,194
1484.23,202
1484.317,205
1484.405,203
1484.492,199
1484.579,192
1484.666,178
1484.753,174
1484.84,180
1484.928,181
1485.015,185
1485.102,189
1485.189,195
1485.276,194
1485.364,191
1485.451,194
1485.538,193
1485.625,191
1485.713,194
1485.8,189
1485.887,187
1485.974,193
1486.061,209
1486.149,212
1486.236,217
1486.323,231
1486.41,217
1486.498,214
1486.585,210
1486.672,199
1486.759,183
1486.847,178
1486.934,170
1487.021,160
1487.108,152
1487.196,157
1487.283,174
1487.37,177
1487.458,188
1487.545,187
1487.632,186
1487.719,191
1487.807,204
1487.894,227
1487.981,258
1488.068,305
1488.156,358
1488.243,399
1488.33,421
1488.418,444
1488.505,459
1488.592,474
1488.68,494
1488.767,518
1488.854,540
1488.942,558
1489.029,587
1489.116,613
1489.203,641
1489.291,662
1489.378,686
1489.465,709
1489.553,760
1489.64,834
1489.727,895
1489.815,967
1489.902,1005
1489.99,1005
1490.077,1002
1490.164,1004
1490.252,1008
1490.339,999
1490.426,990
1490.514,970
1490.601,945
1490.688,951
1490.776,942
1490.863,931
1490.951,940
1491.038,939
1491.125,955
1491.213,959
1491.3,960
1491.387,936
1491.475,907
1491.562,871
1491.65,848
1491.737,812
1491.824,784
1491.912,756
1491.999,728
1492.087,706
1492.174,693
1492.261,684
1492.349,674
1492.436,658
1492.524,634
1492.611,617
1492.699,582
1492.786,576
1492.873,557
1492.961,542
1493.048,524
1493.136,519
1493.223,516
1493.311,512
1493.398,516
1493.486,508
1493.573,501
1493.661,496
1493.748,479
1493.835,484
1493.923,483
1494.01,471
1494.098,463
1494.185,449
1494.273,430
1494.36,405
1494.448,387
1494.535,368
1494.623,362
1494.71,360
1494.798,358
1494.885,356
1494.973,354
1495.06,348
1495.148,343
1495.235,352
1495.323,361
1495.41,366
1495.498,368
1495.585,356
1495.673,343
1495.76,333
1495.848,328
1495.935,332
1496.023,333
1496.11,333
1496.198,331
1496.285,341
1496.373,359
1496.461,374
1496.548,397
1496.636,388
1496.723,373
1496.811,362
1496.898,341
1496.986,328
1497.073,310
1497.161,291
1497.248,275
1497.336,269
1497.424,264
1497.511,261
1497.599,263
1497.686,254
1497.774,251
1497.862,246
1497.949,243
1498.037,242
1498.124,238
1498.212,225
1498.299,222
1498.387,217
1498.475,215
1498.562,216
1498.65,210
1498.737,206
1498.825,205
1498.913,196
1499,194
1499.088,194
1499.176,191
1499.263,193
1499.351,205
1499.438,200
1499.526,201
1499.614,196
1499.701,193
1499.789,198
1499.877,205
1499.964,210
1500.052,219
1500.14,225
1500.227,236
1500.315,236
1500.403,249
1500.49,241
1500.578,231
1500.666,215
1500.753,212
1500.841,219
1500.929,217
1501.016,219
1501.104,216
1501.192,218
1501.279,215
1501.367,218
1501.455,199
1501.542,186
1501.63,186
1501.718,188
1501.805,185
1501.893,181
1501.981,173
1502.069,168
1502.156,160
1502.244,165
1502.332,173
1502.419,181
1502.507,186
1502.595,174
1502.683,161
1502.77,144
1502.858,142
1502.946,143
1503.033,153
1503.121,166
1503.209,164
1503.297,169
1503.384,175
1503.472,172
1503.56,180
1503.648,186
1503.735,185
1503.823,184
1503.911,173
1503.999,175
1504.087,171
1504.174,182
1504.262,182
1504.35,183
1504.438,183
1504.525,178
1504.613,164
1504.701,162
1504.789,159
1504.877,154
1504.964,165
1505.052,170
1505.14,178
1505.228,179
1505.316,197
1505.403,193
1505.491,194
1505.579,196
1505.667,190
1505.755,192
1505.842,190
1505.93,177
1506.018,180
1506.106,189
1506.194,199
1506.282,216
1506.369,228
1506.457,237
1506.545,240
1506.633,255
1506.721,234
1506.809,216
1506.896,199
1506.984,180
1507.072,163
1507.16,163
1507.248,163
1507.336,163
1507.424,172
1507.511,174
1507.599,187
1507.687,200
1507.775,223
1507.863,222
1507.951,209
1508.039,198
1508.127,176
1508.215,174
1508.302,169
1508.39,164
1508.478,171
1508.566,170
1508.654,172
1508.742,169
1508.83,176
1508.918,182
1509.006,189
1509.094,205
1509.181,211
1509.269,205
1509.357,195
1509.445,184
1509.533,177
1509.621,168
1509.709,160
1509.797,148
1509.885,136
1509.973,130
1510.061,126
1510.149,125
1510.237,138
1510.325,162
1510.413,182
1510.501,207
1510.589,218
1510.677,210
1510.764,204
1510.852,200
1510.94,198
1511.028,198
1511.116,203
1511.204,198
1511.292,194
1511.38,186
1511.468,179
1511.556,171
1511.644,180
1511.732,198
1511.82,203
1511.908,214
1511.996,236
1512.084,260
1512.172,280
1512.26,303
1512.348,323
1512.436,343
1512.524,372
1512.612,401
1512.7,415
1512.788,446
1512.876,479
1512.964,509
1513.052,549
1513.141,585
1513.229,626
1513.317,667
1513.405,711
1513.493,723
1513.581,739
1513.669,770
1513.757,784
1513.845,787
1513.933,799
1514.021,811
1514.109,820
1514.197,830
1514.285,831
1514.373,832
1514.461,820
1514.549,810
1514.638,802
1514.726,782
1514.814,766
1514.902,753
1514.99,753
1515.078,744
1515.166,737
1515.254,722
1515.342,705
1515.43,681
1515.518,669
1515.607,673
1515.695,680
1515.783,693
1515.871,688
1515.959,677
1516.047,670
1516.135,659
1516.223,666
1516.312,670
1516.4,651
1516.488,625
1516.576,614
1516.664,571
1516.752,556
1516.84,537
1516.929,508
1517.017,507
1517.105,511
1517.193,510
1517.281,514
1517.369,516
1517.457,512
1517.546,506
1517.634,491
1517.722,497
1517.81,495
1517.898,483
1517.987,474
1518.075,452
1518.163,440
1518.251,422
1518.339,403
1518.427,386
1518.516,372
1518.604,352
1518.692,341
1518.78,333
1518.868,334
1518.957,348
1519.045,342
1519.133,346
1519.221,345
1519.31,339
1519.398,331
1519.486,318
1519.574,308
1519.662,295
1519.751,288
1519.839,292
1519.927,294
1520.015,293
1520.104,293
1520.192,285
1520.28,277
1520.368,273
1520.457,259
1520.545,253
1520.633,258
1520.721,255
1520.81,248
1520.898,232
1520.986,215
1521.074,197
1521.163,184
1521.251,184
1521.339,184
1521.428,191
1521.516,195
1521.604,206
1521.692,208
1521.781,206
1521.869,217
1521.957,204
1522.046,203
1522.134,209
1522.222,209
1522.31,205
1522.399,201
1522.487,188
1522.575,184
1522.664,193
1522.752,191
1522.84,188
1522.929,193
1523.017,191
1523.105,190
1523.194,194
1523.282,188
1523.37,183
1523.459,183
1523.547,184
1523.635,194
1523.724,192
1523.812,193
1523.9,190
1523.989,181
1524.077,184
1524.166,183
1524.254,185
1524.342,181
1524.431,181
1524.519,182
1524.607,190
1524.696,209
1524.784,212
1524.873,215
1524.961,222
1525.049,217
1525.138,215
1525.226,208
1525.314,188
1525.403,192
1525.491,199
1525.58,213
1525.668,231
1525.756,222
1525.845,210
1525.933,200
1526.022,187
1526.11,186
1526.199,193
1526.287,196
1526.375,190
1526.464,183
1526.552,163
1526.641,148
1526.729,127
1526.818,129
1526.906,130
1526.994,135
1527.083,143
1527.171,150
1527.26,156
1527.348,156
1527.437,168
1527.525,154
1527.614,166
1527.702,178
1527.791,188
1527.879,191
1527.968,185
1528.056,173
1528.144,152
1528.233,146
1528.321,142
1528.41,144
1528.498,137
1528.587,135
1528.675,138
1528.764,137
1528.852,138
1528.941,137
1529.029,135
1529.118,134
1529.206,145
1529.295,144
1529.383,152
1529.472,150
1529.561,149
1529.649,153
1529.738,157
1529.826,166
1529.915,170
1530.003,185
1530.092,188
1530.18,189
1530.269,187
1530.357,185
1530.446,190
1530.534,194
1530.623,200
1530.712,201
1530.8,200
1530.889,201
1530.977,202
1531.066,204
1531.154,207
1531.243,206
1531.331,205
1531.42,209
1531.509,209
1531.597,205
1531.686,215
1531.774,206
1531.863,188
1531.952,180
1532.04,168
1532.129,145
1532.217,146
1532.306,138
1532.395,118
1532.483,107
1532.572,97
1532.66,96
1532.749,93
1532.838,99
1532.926,106
1533.015,120
1533.103,129
1533.192,133
1533.281,138
1533.369,146
1533.458,156
1533.547,162
1533.635,171
1533.724,178
1533.813,179
1533.901,182
1533.99,171
1534.079,164
1534.167,158
1534.256,157
1534.344,164
1534.433,166
1534.522,170
1534.61,163
1534.699,157
1534.788,155
1534.877,151
1534.965,143
1535.054,146
1535.143,147
1535.231,144
1535.32,155
1535.409,162
1535.497,171
1535.586,189
1535.675,216
1535.763,226
1535.852,242
1535.941,234
1536.03,229
1536.118,242
1536.207,258
1536.296,287
1536.384,305
1536.473,311
1536.562,316
1536.651,333
1536.739,354
1536.828,375
1536.917,395
1537.006,412
1537.094,416
1537.183,408
1537.272,400
1537.361,397
1537.449,399
1537.538,432
1537.627,451
1537.716,475
1537.804,491
1537.893,487
1537.982,496
1538.071,496
1538.159,496
1538.248,489
1538.337,490
1538.426,486
1538.515,491
1538.603,521
1538.692,545
1538.781,583
1538.87,624
1538.958,639
1539.047,635
1539.136,625
1539.225,602
1539.314,564
1539.402,537
1539.491,506
1539.58,465
1539.669,458
1539.758,466
1539.847,472
1539.935,490
1540.024,496
1540.113,490
1540.202,480
1540.291,474
1540.38,458
1540.468,445
1540.557,432
1540.646,402
1540.735,401
1540.824,409
1540.913,412
1541.002,418
1541.09,422
1541.179,412
1541.268,394
1541.357,379
1541.446,366
1541.535,352
1541.624,341
1541.712,328
1541.801,319
1541.89,310
1541.979,299
1542.068,296
1542.157,299
1542.246,309
1542.335,329
1542.424,334
1542.512,318
1542.601,308
1542.69,287
1542.779,280
1542.868,288
1542.957,285
1543.046,281
1543.135,273
1543.224,265
1543.313,254
1543.402,246
1543.491,232
1543.579,221
1543.668,219
1543.757,222
1543.846,224
1543.935,230
1544.024,234
1544.113,237
1544.202,239
1544.291,240
1544.38,239
1544.469,239
1544.558,236
1544.647,238
1544.736,236
1544.825,232
1544.914,223
1545.003,222
1545.092,213
1545.181,214
1545.27,215
1545.359,209
1545.448,204
1545.537,194
1545.626,183
1545.715,179
1545.804,177
1545.893,174
1545.982,167
1546.071,169
1546.16,179
1546.249,192
1546.338,189
1546.427,196
1546.516,187
1546.605,180
1546.694,175
1546.783,174
1546.872,173
1546.961,180
1547.05,177
1547.139,168
1547.228,172
1547.317,170
1547.406,175
1547.495,175
1547.584,157
1547.673,142
1547.762,144
1547.851,150
1547.94,162
1548.029,171
1548.118,180
1548.208,193
1548.297,195
1548.386,193
1548.475,199
1548.564,195
1548.653,189
1548.742,191
1548.831,184
1548.92,179
1549.009,176
1549.098,170
1549.187,169
1549.277,172
1549.366,181
1549.455,191
1549.544,196
1549.633,202
1549.722,206
1549.811,209
1549.9,217
1549.989,217
1550.079,220
1550.168,223
1550.257,219
1550.346,205
1550.435,205
1550.524,196
1550.613,191
1550.703,197
1550.792,195
1550.881,201
1550.97,196
1551.059,195
1551.148,194
1551.237,185
1551.327,191
1551.416,194
1551.505,186
1551.594,180
1551.683,176
1551.772,179
1551.862,193
1551.951,211
1552.04,219
1552.129,219
1552.218,211
1552.308,194
1552.397,178
1552.486,170
1552.575,161
1552.664,152
1552.753,151
1552.843,156
1552.932,166
1553.021,179
1553.11,182
1553.2,182
1553.289,177
1553.378,179
1553.467,173
1553.556,163
1553.646,159
1553.735,139
1553.824,125
1553.913,130
1554.003,144
1554.092,159
1554.181,184
1554.27,204
1554.36,215
1554.449,221
1554.538,216
1554.627,204
1554.717,200
1554.806,205
1554.895,218
1554.984,222
1555.074,231
1555.163,241
1555.252,253
1555.341,253
1555.431,246
1555.52,232
1555.609,211
1555.699,214
1555.788,204
1555.877,196
1555.966,183
1556.056,158
1556.145,147
1556.234,139
1556.324,135
1556.413,126
1556.502,125
1556.592,121
1556.681,110
1556.77,123
1556.86,135
1556.949,147
1557.038,166
1557.128,169
1557.217,167
1557.306,172
1557.396,183
1557.485,181
1557.574,179
1557.664,178
1557.753,170
1557.842,173
1557.932,174
1558.021,177
1558.11,185
1558.2,193
1558.289,196
1558.378,196
1558.468,193
1558.557,180
1558.647,178
1558.736,168
1558.825,167
1558.915,162
1559.004,155
1559.093,149
1559.183,140
1559.272,138
1559.362,139
1559.451,141
1559.54,155
1559.63,165
1559.719,171
1559.809,173
1559.898,179
1559.987,186
1560.077,193
1560.166,198
1560.256,199
1560.345,228
1560.435,242
1560.524,254
1560.613,275
1560.703,282
1560.792,292
1560.882,319
1560.971,334
1561.061,334
1561.15,336
1561.239,338
1561.329,350
1561.418,355
1561.508,364
1561.597,383
1561.687,410
1561.776,444
1561.866,468
1561.955,487
1562.045,491
1562.134,501
1562.224,514
1562.313,530
1562.403,544
1562.492,544
1562.582,531
1562.671,520
1562.76,518
1562.85,518
1562.939,528
1563.029,529
1563.118,524
1563.208,520
1563.298,515
1563.387,504
1563.477,514
1563.566,532
1563.656,539
1563.745,552
1563.835,548
1563.924,529
1564.014,519
1564.103,508
1564.193,504
1564.282,481
1564.372,460
1564.461,429
1564.551,405
1564.64,402
1564.73,399
1564.82,391
1564.909,381
1564.999,375
1565.088,375
1565.178,369
1565.267,373
1565.357,370
1565.446,365
1565.536,372
1565.626,367
1565.715,351
1565.805,339
1565.894,320
1565.984,304
1566.074,289
1566.163,272
1566.253,246
1566.342,234
1566.432,250
1566.522,251
1566.611,259
1566.701,263
1566.79,257
1566.88,250
1566.97,247
1567.059,252
1567.149,241
1567.238,243
1567.328,252
1567.418,249
1567.507,254
1567.597,255
1567.687,252
1567.776,249
1567.866,240
1567.956,232
1568.045,224
1568.135,220
1568.224,240
1568.314,255
1568.404,271
1568.493,284
1568.583,267
1568.673,262
1568.762,250
1568.852,251
1568.942,245
1569.031,235
1569.121,228
1569.211,213
1569.301,204
1569.39,196
1569.48,183
1569.57,181
1569.659,176
1569.749,181
1569.839,186
1569.928,188
1570.018,189
1570.108,193
1570.198,191
1570.287,201
1570.377,199
1570.467,199
1570.556,196
1570.646,189
1570.736,194
1570.826,201
1570.915,210
1571.005,222
1571.095,227
1571.184,226
1571.274,215
1571.364,206
1571.454,199
1571.543,204
1571.633,203
1571.723,203
1571.813,193
1571.902,184
1571.992,171
1572.082,159
1572.172,161
1572.262,161
1572.351,154
1572.441,152
1572.531,139
1572.621,139
1572.71,139
1572.8,135
1572.89,142
1572.98,140
1573.07,151
1573.159,145
1573.249,138
1573.339,138
1573.429,144
1573.519,148
1573.608,146
1573.698,143
1573.788,137
1573.878,129
1573.968,118
1574.057,116
1574.147,115
1574.237,113
1574.327,114
1574.417,115
1574.507,117
1574.596,123
1574.686,124
1574.776,123
1574.866,124
1574.956,128
1575.046,123
1575.136,126
1575.225,114
1575.315,114
1575.405,113
1575.495,116
1575.585,119
1575.675,122
1575.765,122
1575.854,120
1575.944,114
1576.034,111
1576.124,120
1576.214,124
1576.304,127
1576.394,134
1576.484,141
1576.574,138
1576.663,136
1576.753,128
1576.843,118
1576.933,115
1577.023,113
1577.113,116
1577.203,115
1577.293,118
1577.383,119
1577.473,120
1577.563,137
1577.652,156
1577.742,178
1577.832,196
1577.922,196
1578.012,199
1578.102,203
1578.192,217
1578.282,215
1578.372,209
1578.462,207
1578.552,193
1578.642,175
1578.732,156
1578.822,142
1578.912,122
1579.002,126
1579.092,130
1579.182,131
1579.272,138
1579.362,154
1579.452,163
1579.542,173
1579.632,174
1579.722,176
1579.811,179
1579.901,175
1579.991,172
1580.081,166
1580.171,157
1580.261,148
1580.351,150
1580.441,140
1580.531,138
1580.622,144
1580.712,137
1580.802,145
1580.892,147
1580.982,150
1581.072,160
1581.162,157
1581.252,153
1581.342,138
1581.432,140
1581.522,133
1581.612,133
1581.702,129
1581.792,111
1581.882,109
1581.972,110
1582.062,108
1582.152,110
1582.242,116
1582.332,120
1582.422,125
1582.512,134
1582.602,137
1582.693,138
1582.783,141
1582.873,147
1582.963,142
1583.053,145
1583.143,149
1583.233,138
1583.323,146
1583.413,142
1583.503,142
1583.593,139
1583.683,138
1583.774,143
1583.864,152
1583.954,164
1584.044,174
1584.134,187
1584.224,206
1584.314,213
1584.404,227
1584.494,247
1584.585,277
1584.675,293
1584.765,290
1584.855,285
1584.945,284
1585.035,295
1585.125,316
1585.216,336
1585.306,357
1585.396,371
1585.486,391
1585.576,398
1585.666,407
1585.757,401
1585.847,402
1585.937,410
1586.027,425
1586.117,433
1586.207,435
1586.298,432
1586.388,430
1586.478,439
1586.568,443
1586.658,456
1586.748,465
1586.839,474
1586.929,485
1587.019,488
1587.109,499
1587.199,509
1587.29,510
1587.38,504
1587.47,498
1587.56,481
1587.65,484
1587.741,496
1587.831,502
1587.921,492
1588.011,455
1588.102,417
1588.192,378
1588.282,341
1588.372,328
1588.463,317
1588.553,304
1588.643,298
1588.733,308
1588.824,312
1588.914,316
1589.004,314
1589.094,310
1589.185,314
1589.275,318
1589.365,335
1589.455,339
1589.546,341
1589.636,344
1589.726,345
1589.816,338
1589.907,335
1589.997,332
1590.087,326
1590.178,313
1590.268,309
1590.358,306
1590.448,282
1590.539,280
1590.629,280
1590.719,274
1590.81,277
1590.9,276
1590.99,268
1591.081,256
1591.171,244
1591.261,235
1591.352,232
1591.442,228
1591.532,230
1591.623,227
1591.713,232
1591.803,244
1591.894,249
1591.984,237
1592.074,221
1592.165,214
1592.255,193
1592.345,198
1592.436,194
1592.526,193
1592.616,195
1592.707,198
1592.797,199
1592.887,199
1592.978,198
1593.068,199
1593.159,204
1593.249,211
1593.339,207
1593.43,189
1593.52,179
1593.61,172
1593.701,164
1593.791,160
1593.882,157
1593.972,153
1594.062,145
1594.153,141
1594.243,137
1594.334,126
1594.424,125
1594.514,121
1594.605,123
1594.695,123
1594.786,117
1594.876,127
1594.967,132
1595.057,143
1595.147,149
1595.238,152
1595.328,146
1595.419,140
1595.509,133
1595.6,126
1595.69,124
1595.781,121
1595.871,113
1595.961,109
1596.052,113
1596.142,119
1596.233,137
1596.323,138
1596.414,147
1596.504,154
1596.595,154
1596.685,149
1596.776,143
1596.866,141
1596.957,134
1597.047,128
1597.138,110
1597.228,95
1597.319,91
1597.409,95
1597.5,105
1597.59,119
1597.681,104
1597.771,101
1597.862,96
1597.952,84
1598.043,88
1598.133,86
1598.224,85
1598.314,81
1598.405,80
1598.495,90
1598.586,94
1598.676,105
1598.767,119
1598.857,108
1598.948,110
1599.039,108
1599.129,115
1599.22,120
1599.31,118
1599.401,120
1599.491,105
1599.582,105
1599.672,107
1599.763,106
1599.854,109
1599.944,103
1600.035,101
1600.125,98
1600.216,110
1600.306,115
1600.397,118
1600.488,120
1600.578,116
1600.669,121
1600.759,128
1600.85,134
1600.941,140
1601.031,149
1601.122,165
1601.212,177
1601.303,176
1601.394,183
1601.484,169
1601.575,160
1601.665,164
1601.756,145
1601.847,140
1601.937,122
1602.028,115
1602.119,113
1602.209,109
1602.3,100
1602.39,92
1602.481,98
1602.572,98
1602.662,101
1602.753,102
1602.844,102
1602.934,102
1603.025,99
1603.116,90
1603.206,101
1603.297,111
1603.388,130
1603.478,140
1603.569,140
1603.66,142
1603.75,153
1603.841,149
1603.932,140
1604.022,142
1604.113,124
1604.204,135
1604.295,140
1604.385,137
1604.476,142
1604.567,136
1604.657,140
1604.748,144
1604.839,143
1604.929,144
1605.02,141
1605.111,141
1605.202,148
1605.292,157
1605.383,166
1605.474,176
1605.565,177
1605.655,158
1605.746,154
1605.837,144
1605.928,146
1606.018,146
1606.109,140
1606.2,135
1606.291,133
1606.381,133
1606.472,131
1606.563,135
1606.654,137
1606.744,146
1606.835,159
1606.926,164
1607.017,170
1607.107,174
1607.198,163
1607.289,147
1607.38,145
1607.471,127
1607.561,122
1607.652,121
1607.743,125
1607.834,124
1607.925,143
1608.015,162
1608.106,186
1608.197,205
1608.288,228
1608.379,236
1608.469,239
1608.56,235
1608.651,240
1608.742,244
1608.833,249
1608.923,264
1609.014,279
1609.105,288
1609.196,299
1609.287,313
1609.378,317
1609.469,324
1609.559,321
1609.65,346
1609.741,368
1609.832,389
1609.923,420
1610.014,469
1610.105,494
1610.195,522
1610.286,552
1610.377,561
1610.468,556
1610.559,550
1610.65,553
1610.741,527
1610.832,509
1610.922,502
1611.013,494
1611.104,497
1611.195,495
1611.286,490
1611.377,484
1611.468,481
1611.559,487
1611.65,493
1611.74,499
1611.831,515
1611.922,538
1612.013,543
1612.104,546
1612.195,546
1612.286,519
1612.377,503
1612.468,492
1612.559,469
1612.65,442
1612.741,419
1612.832,388
1612.923,366
1613.013,365
1613.104,369
1613.195,368
1613.286,383
1613.377,388
1613.468,391
1613.559,382
1613.65,370
1613.741,356
1613.832,345
1613.923,338
1614.014,310
1614.105,306
1614.196,294
1614.287,285
1614.378,290
1614.469,291
1614.56,293
1614.651,288
1614.742,277
1614.833,295
1614.924,303
1615.015,307
1615.106,320
1615.197,301
1615.288,285
1615.379,267
1615.47,259
1615.561,261
1615.652,267
1615.743,263
1615.834,267
1615.925,262
1616.016,270
1616.107,272
1616.198,269
1616.289,266
1616.38,257
1616.471,254
1616.562,228
1616.653,225
1616.745,211
1616.836,201
1616.927,195
1617.018,175
1617.109,169
1617.2,155
1617.291,139
1617.382,139
1617.473,137
1617.564,139
1617.655,148
1617.746,150
1617.837,149
1617.928,152
1618.02,150
1618.111,153
1618.202,152
1618.293,155
1618.384,140
1618.475,141
1618.566,140
1618.657,151
1618.748,156
1618.839,153
1618.931,144
1619.022,135
1619.113,137
1619.204,135
1619.295,139
1619.386,137
1619.477,146
1619.568,138
1619.66,134
1619.751,131
1619.842,131
1619.933,140
1620.024,142
1620.115,137
1620.206,131
1620.298,132
1620.389,140
1620.48,146
1620.571,160
1620.662,152
1620.753,154
1620.845,151
1620.936,149
1621.027,162
1621.118,170
1621.209,184
1621.301,180
1621.392,181
1621.483,178
1621.574,171
1621.665,167
1621.756,151
1621.848,145
1621.939,135
1622.03,136
1622.121,146
1622.213,153
1622.304,178
1622.395,191
1622.486,188
1622.577,184
1622.669,175
1622.76,151
1622.851,156
1622.942,161
1623.034,155
1623.125,165
1623.216,159
1623.307,151
1623.398,147
1623.49,144
1623.581,143
1623.672,144
1623.763,152
1623.855,156
1623.946,150
1624.037,148
1624.129,151
1624.22,132
1624.311,129
1624.402,122
1624.494,115
1624.585,115
1624.676,106
1624.767,103
1624.859,91
1624.95,77
1625.041,73
1625.133,70
1625.224,66
1625.315,73
1625.407,85
1625.498,92
1625.589,89
1625.68,100
1625.772,101
1625.863,109
1625.954,117
1626.046,129
1626.137,133
1626.228,131
1626.32,136
1626.411,124
1626.502,124
1626.594,125
1626.685,124
1626.776,124
1626.868,117
1626.959,113
1627.05,102
1627.142,103
1627.233,106
1627.324,110
1627.416,117
1627.507,121
1627.599,137
1627.69,144
1627.781,149
1627.873,167
1627.964,162
1628.055,168
1628.147,176
1628.238,176
1628.33,180
1628.421,175
1628.512,168
1628.604,160
1628.695,150
1628.786,144
1628.878,136
1628.969,121
1629.061,119
1629.152,121
1629.244,119
1629.335,108
1629.426,106
1629.518,101
1629.609,95
1629.701,86
1629.792,81
1629.883,76
1629.975,66
1630.066,67
1630.158,73
1630.249,84
1630.341,99
1630.432,114
1630.524,125
1630.615,136
1630.706,147
1630.798,154
1630.889,154
1630.981,154
1631.072,147
1631.164,131
1631.255,125
1631.347,111
1631.438,100
1631.53,95
1631.621,100
1631.713,110
1631.804,125
1631.896,138
1631.987,151
1632.079,158
1632.17,169
1632.262,180
1632.353,187
1632.445,199
1632.536,205
1632.628,223
1632.719,234
1632.811,242
1632.902,264
1632.994,267
1633.085,274
1633.177,281
1633.268,303
1633.36,302
1633.451,314
1633.543,328
1633.634,337
1633.726,346
1633.817,341
1633.909,343
1634,337
1634.092,342
1634.184,347
1634.275,357
1634.367,359
1634.458,377
1634.55,388
1634.641,402
1634.733,410
1634.825,425
1634.916,430
1635.008,425
1635.099,425
1635.191,426
1635.282,434
1635.374,437
1635.466,453
1635.557,432
1635.649,423
1635.74,415
1635.832,412
1635.924,393
1636.015,379
1636.107,375
1636.198,367
1636.29,378
1636.382,373
1636.473,362
1636.565,350
1636.656,338
1636.748,333
1636.84,336
1636.931,326
1637.023,334
1637.115,346
1637.206,350
1637.298,358
1637.39,360
1637.481,347
1637.573,341
1637.664,333
1637.756,328
1637.848,319
1637.939,315
1638.031,313
1638.123,302
1638.214,297
1638.306,289
1638.398,285
1638.489,279
1638.581,274
1638.673,261
1638.765,239
1638.856,220
1638.948,211
1639.04,205
1639.131,199
1639.223,192
1639.315,181
1639.406,178
1639.498,186
1639.59,186
1639.681,196
1639.773,197
1639.865,196
1639.957,194
1640.048,181
1640.14,178
1640.232,174
1640.324,172
1640.415,166
1640.507,154
1640.599,141
1640.69,134
1640.782,130
1640.874,126
1640.966,115
1641.057,108
1641.149,102
1641.241,100
1641.333,95
1641.424,97
1641.516,109
1641.608,114
1641.7,126
1641.791,135
1641.883,132
1641.975,138
1642.067,148
1642.159,136
1642.25,129
1642.342,125
1642.434,117
1642.526,124
1642.618,128
1642.709,133
1642.801,147
1642.893,156
1642.985,171
1643.077,182
1643.168,184
1643.26,190
1643.352,183
1643.444,169
1643.536,147
1643.627,137
1643.719,129
1643.811,124
1643.903,126
1643.995,122
1644.087,118
1644.178,120
1644.27,120
1644.362,126
1644.454,139
1644.546,146
1644.638,155
1644.729,159
1644.821,162
1644.913,164
1645.005,167
1645.097,157
1645.189,155
1645.281,140
1645.373,125
1645.464,112
1645.556,107
1645.648,106
1645.74,99
1645.832,103
1645.924,108
1646.016,110
1646.108,112
1646.199,115
1646.291,127
1646.383,127
1646.475,132
1646.567,127
1646.659,124
1646.751,122
1646.843,126
1646.935,121
1647.027,117
1647.119,120
1647.21,128
1647.302,149
1647.394,160
1647.486,161
1647.578,170
1647.67,169
1647.762,151
1647.854,138
1647.946,122
1648.038,112
1648.13,107
1648.222,106
1648.314,99
1648.406,90
1648.498,89
1648.59,90
1648.682,89
1648.774,95
1648.866,97
1648.957,95
1649.049,89
1649.141,93
1649.233,97
1649.325,110
1649.417,120
1649.509,128
1649.601,128
1649.693,121
1649.785,119
1649.877,104
1649.969,107
1650.061,106
1650.153,99
1650.245,96
1650.337,83
1650.429,81
1650.521,71
1650.613,62
1650.705,65
1650.797,64
1650.89,72
1650.982,78
1651.074,82
1651.166,89
1651.258,92
1651.35,99
1651.442,99
1651.534,103
1651.626,110
1651.718,122
1651.81,122
1651.902,125
1651.994,129
1652.086,139
1652.178,142
1652.27,142
1652.362,136
1652.454,123
1652.546,123
1652.639,117
1652.731,114
1652.823,104
1652.915,97
1653.007,100
1653.099,104
1653.191,108
1653.283,119
1653.375,123
1653.467,123
1653.559,131
1653.652,128
1653.744,124
1653.836,118
1653.928,118
1654.02,118
1654.112,115
1654.204,115
1654.296,114
1654.388,111
1654.481,120
1654.573,123
1654.665,131
1654.757,138
1654.849,136
1654.941,122
1655.033,133
1655.126,129
1655.218,130
1655.31,135
1655.402,132
1655.494,124
1655.586,117
1655.679,115
1655.771,107
1655.863,115
1655.955,119
1656.047,131
1656.139,138
1656.232,156
1656.324,171
1656.416,175
1656.508,196
1656.6,205
1656.692,207
1656.785,208
1656.877,205
1656.969,205
1657.061,211
1657.153,215
1657.246,247
1657.338,248
1657.43,257
1657.522,262
1657.615,275
1657.707,312
1657.799,347
1657.891,399
1657.983,422
1658.076,437
1658.168,447
1658.26,460
1658.352,455
1658.445,456
1658.537,446
1658.629,426
1658.721,408
1658.814,414
1658.906,417
1658.998,412
1659.09,436
1659.183,421
1659.275,413
1659.367,406
1659.459,386
1659.552,385
1659.644,393
1659.736,383
1659.829,384
1659.921,375
1660.013,359
1660.105,341
1660.198,327
1660.29,339
1660.382,352
1660.475,363
1660.567,380
1660.659,384
1660.752,387
1660.844,387
1660.936,377
1661.028,377
1661.121,377
1661.213,381
1661.305,371
1661.398,352
1661.49,344
1661.582,325
1661.675,306
1661.767,299
1661.859,304
1661.952,303
1662.044,307
1662.136,313
1662.229,308
1662.321,295
1662.413,298
1662.506,297
1662.598,290
1662.691,279
1662.783,271
1662.875,266
1662.968,254
1663.06,241
1663.152,228
1663.245,210
1663.337,201
1663.43,185
1663.522,174
1663.614,171
1663.707,164
1663.799,156
1663.892,151
1663.984,154
1664.076,155
1664.169,159
1664.261,161
1664.354,160
1664.446,162
1664.538,155
1664.631,160
1664.723,156
1664.816,156
1664.908,156
1665,149
1665.093,148
1665.185,146
1665.278,144
1665.37,151
1665.463,143
1665.555,139
1665.648,135
1665.74,131
1665.832,131
1665.925,132
1666.017,134
1666.11,146
1666.202,163
1666.295,171
1666.387,188
1666.48,204
1666.572,210
1666.665,220
1666.757,232
1666.85,225
1666.942,220
1667.035,218
1667.127,211
1667.219,204
1667.312,193
1667.404,176
1667.497,173
1667.589,164
1667.682,144
1667.774,134
1667.867,119
1667.959,110
1668.052,118
1668.145,129
1668.237,140
1668.33,158
1668.422,160
1668.515,167
1668.607,165
1668.7,165
1668.792,167
1668.885,169
1668.977,175
1669.07,172
1669.162,164
1669.255,155
1669.347,143
1669.44,130
1669.533,131
1669.625,132
1669.718,140
1669.81,130
1669.903,127
1669.995,120
1670.088,104
1670.181,95
1670.273,92
1670.366,90
1670.458,90
1670.551,98
1670.643,102
1670.736,109
1670.829,118
1670.921,122
1671.014,125
1671.106,124
1671.199,121
1671.292,131
1671.384,126
1671.477,118
1671.569,117
1671.662,105
1671.755,108
1671.847,105
1671.94,110
1672.033,112
1672.125,117
1672.218,122
1672.31,136
1672.403,144
1672.496,140
1672.588,137
1672.681,123
1672.774,118
1672.866,114
1672.959,111
1673.052,112
1673.144,101
1673.237,104
1673.33,106
1673.422,102
1673.515,107
1673.608,107
1673.7,113
1673.793,117
1673.886,113
1673.978,120
1674.071,122
1674.164,130
1674.256,140
1674.349,133
1674.442,125
1674.534,124
1674.627,108
1674.72,106
1674.813,105
1674.905,103
1674.998,100
1675.091,101
1675.183,97
1675.276,93
1675.369,99
1675.462,102
1675.554,107
1675.647,109
1675.74,112
1675.832,106
1675.925,104
1676.018,98
1676.111,100
1676.203,98
1676.296,98
1676.389,101
1676.482,97
1676.574,98
1676.667,101
1676.76,111
1676.853,112
1676.945,121
1677.038,125
1677.131,125
1677.224,135
1677.317,138
1677.409,141
1677.502,142
1677.595,135
1677.688,135
1677.78,129
1677.873,119
1677.966,125
1678.059,126
1678.152,133
1678.244,146
1678.337,136
1678.43,138
1678.523,137
1678.616,121
1678.708,119
1678.801,112
1678.894,108
1678.987,110
1679.08,99
1679.173,90
1679.265,87
1679.358,81
1679.451,88
1679.544,101
1679.637,101
1679.73,102
1679.822,101
1679.915,97
1680.008,102
1680.101,108
1680.194,121
1680.287,132
1680.38,141
1680.472,148
1680.565,156
1680.658,177
1680.751,194
1680.844,221
1680.937,236
1681.03,247
1681.123,251
1681.215,263
1681.308,265
1681.401,282
1681.494,288
1681.587,290
1681.68,291
1681.773,295
1681.866,312
1681.959,332
1682.051,346
1682.144,350
1682.237,361
1682.33,359
1682.423,379
1682.516,402
1682.609,419
1682.702,441
1682.795,464
1682.888,452
1682.981,440
1683.074,430
1683.167,415
1683.259,405
1683.352,399
1683.445,385
1683.538,377
1683.631,358
1683.724,337
1683.817,316
1683.91,309
1684.003,327
1684.096,344
1684.189,365
1684.282,383
1684.375,386
1684.468,390
1684.561,390
1684.654,376
1684.747,350
1684.84,328
1684.933,307
1685.026,293
1685.119,296
1685.212,302
1685.305,314
1685.398,302
1685.491,303
1685.584,299
1685.677,284
1685.77,276
1685.863,258
1685.956,246
1686.049,232
1686.142,225
1686.235,225
1686.328,223
1686.421,220
1686.514,226
1686.607,228
1686.7,220
1686.793,213
1686.886,198
1686.979,189
1687.072,182
1687.165,172
1687.258,165
1687.352,163
1687.445,162
1687.538,159
1687.631,170
1687.724,178
1687.817,188
1687.91,202
1688.003,195
1688.096,197
1688.189,205
1688.282,210
1688.375,208
1688.468,202
1688.561,191
1688.655,177
1688.748,166
1688.841,159
1688.934,154
1689.027,145
1689.12,144
1689.213,150
1689.306,152
1689.399,151
1689.493,160
1689.586,156
1689.679,160
1689.772,161
1689.865,156
1689.958,153
1690.051,151
1690.144,154
1690.238,151
1690.331,152
1690.424,143
1690.517,138
1690.61,121
1690.703,117
1690.796,126
1690.89,140
1690.983,149
1691.076,160
1691.169,167
1691.262,172
1691.355,174
1691.449,158
1691.542,144
1691.635,137
1691.728,126
1691.821,140
1691.914,148
1692.008,154
1692.101,165
1692.194,170
1692.287,172
1692.38,175
1692.474,161
1692.567,149
1692.66,145
1692.753,139
1692.846,137
1692.94,138
1693.033,133
1693.126,130
1693.219,132
1693.313,123
1693.406,117
1693.499,110
1693.592,114
1693.685,127
1693.779,132
1693.872,142
1693.965,156
1694.058,166
1694.152,170
1694.245,178
1694.338,178
1694.431,169
1694.525,171
1694.618,159
1694.711,137
1694.805,138
1694.898,132
1694.991,127
1695.084,124
1695.178,121
1695.271,117
1695.364,109
1695.457,102
1695.551,100
1695.644,107
1695.737,109
1695.831,113
1695.924,105
1696.017,95
1696.111,92
1696.204,85
1696.297,93
1696.39,95
1696.484,98
1696.577,109
1696.67,112
1696.764,118
1696.857,125
1696.95,140
1697.044,145
1697.137,151
1697.23,161
1697.324,147
1697.417,131
1697.51,120
1697.604,108
1697.697,105
1697.79,111
1697.884,119
1697.977,126
1698.07,126
1698.164,127
1698.257,125
1698.351,121
1698.444,118
1698.537,117
1698.631,118
1698.724,120
1698.817,126
1698.911,133
1699.004,136
1699.098,140
1699.191,132
1699.284,128
1699.378,127
1699.471,120
1699.565,116
1699.658,108
1699.751,99
1699.845,90
1699.938,92
1700.032,90
1700.125,96
1700.218,109
1700.312,106
1700.405,112
1700.499,111
1700.592,114
1700.686,120
1700.779,121
1700.872,131
1700.966,135
1701.059,141
1701.153,145
1701.246,138
1701.34,129
1701.433,119
1701.527,108
1701.62,102
1701.713,94
1701.807,91
1701.9,88
1701.994,89
1702.087,87
1702.181,89
1702.274,85
1702.368,83
1702.461,74
1702.555,76
1702.648,76
1702.742,76
1702.835,81
1702.929,77
1703.022,83
1703.116,86
1703.209,99
1703.303,102
1703.396,107
1703.49,120
1703.583,121
1703.677,129
1703.77,138
1703.864,139
1703.957,133
1704.051,141
1704.144,135
1704.238,142
1704.331,154
1704.425,164
1704.518,176
1704.612,195
1704.705,216
1704.799,224
1704.893,243
1704.986,236
1705.08,237
1705.173,253
1705.267,257
1705.36,269
1705.454,273
1705.547,290
1705.641,296
1705.735,306
1705.828,312
1705.922,330
1706.015,350
1706.109,357
1706.203,364
1706.296,375
1706.39,372
1706.483,369
1706.577,360
1706.67,347
1706.764,338
1706.858,343
1706.951,354
1707.045,341
1707.139,350
1707.232,345
1707.326,343
1707.419,349
1707.513,328
1707.607,306
1707.7,280
1707.794,287
1707.888,288
1707.981,289
1708.075,289
1708.168,268
1708.262,245
1708.356,228
1708.449,220
1708.543,206
1708.637,217
1708.73,233
1708.824,245
1708.918,262
1709.011,273
1709.105,270
1709.199,273
1709.292,266
1709.386,251
1709.48,243
1709.573,224
1709.667,209
1709.761,207
1709.854,207
1709.948,202
1710.042,206
1710.135,201
1710.229,203
1710.323,203
1710.417,188
1710.51,188
1710.604,194
1710.698,185
1710.791,189
1710.885,192
1710.979,189
1711.073,199
1711.166,202
1711.26,203
1711.354,211
1711.447,227
1711.541,238
1711.635,234
1711.729,224
1711.822,222
1711.916,213
1712.01,200
1712.104,185
1712.197,161
1712.291,147
1712.385,138
1712.479,136
1712.572,135
1712.666,129
1712.76,137
1712.854,141
1712.947,146
1713.041,141
1713.135,138
1713.229,130
1713.323,123
1713.416,122
1713.51,128
1713.604,138
1713.698,148
1713.792,150
1713.885,154
1713.979,156
1714.073,146
1714.167,141
1714.261,137
1714.354,128
1714.448,121
1714.542,119
1714.636,118
1714.73,119
1714.823,121
1714.917,123
1715.011,120
1715.105,116
1715.199,120
1715.293,121
1715.387,130
1715.48,140
1715.574,152
1715.668,145
1715.762,123
1715.856,108
1715.95,91
1716.043,82
1716.137,79
1716.231,79
1716.325,65
1716.419,69
1716.513,82
1716.607,88
1716.701,96
1716.794,112
1716.888,119
1716.982,121
1717.076,118
1717.17,118
1717.264,111
1717.358,110
1717.452,114
1717.546,99
1717.639,97
1717.733,98
1717.827,99
1717.921,110
1718.015,122
1718.109,129
1718.203,136
1718.297,143
1718.391,148
1718.485,142
1718.579,136
1718.673,137
1718.767,134
1718.86,142
1718.954,155
1719.048,153
1719.142,144
1719.236,130
1719.33,118
1719.424,105
1719.518,99
1719.612,100
1719.706,98
1719.8,96
1719.894,100
1719.988,106
1720.082,109
1720.176,119
1720.27,119
1720.364,116
1720.458,110
1720.552,112
1720.646,116
1720.74,113
1720.834,114
1720.928,110
1721.022,114
1721.116,122
1721.21,132
1721.304,132
1721.398,124
1721.492,110
1721.586,96
1721.68,90
1721.774,99
1721.868,103
1721.962,110
1722.056,119
1722.15,124
1722.244,126
1722.338,133
1722.432,137
1722.526,131
1722.62,129
1722.714,130
1722.808,112
1722.902,108
1722.996,110
1723.09,113
1723.184,119
1723.278,113
1723.373,105
1723.467,89
1723.561,85
1723.655,93
1723.749,92
1723.843,94
1723.937,88
1724.031,88
1724.125,92
1724.219,92
1724.313,94
1724.407,92
1724.501,100
1724.596,104
1724.69,110
1724.784,112
1724.878,104
1724.972,102
1725.066,97
1725.16,102
1725.254,101
1725.348,96
1725.443,101
1725.537,87
1725.631,82
1725.725,76
1725.819,77
1725.913,91
1726.007,102
1726.101,112
1726.196,104
1726.29,104
1726.384,110
1726.478,112
1726.572,116
1726.666,111
1726.761,106
1726.855,100
1726.949,91
1727.043,88
1727.137,87
1727.231,93
1727.326,105
1727.42,110
1727.514,113
1727.608,107
1727.702,116
1727.796,118
1727.891,131
1727.985,146
1728.079,143
1728.173,146
1728.267,146
1728.362,140
1728.456,130
1728.55,136
1728.644,136
1728.738,152
1728.833,158
1728.927,172
1729.021,187
1729.115,199
1729.21,225
1729.304,225
1729.398,229
1729.492,240
1729.586,238
1729.681,244
1729.775,256
1729.869,267
1729.963,270
1730.058,279
1730.152,286
1730.246,294
1730.34,300
1730.435,301
1730.529,300
1730.623,294
1730.717,292
1730.812,281
1730.906,271
1731,258
1731.095,258
1731.189,247
1731.283,242
1731.377,234
1731.472,237
1731.566,253
1731.66,273
1731.755,291
1731.849,294
1731.943,281
1732.038,274
1732.132,267
1732.226,262
1732.32,265
1732.415,268
1732.509,256
1732.603,265
1732.698,274
1732.792,266
1732.886,264
1732.981,261
1733.075,235
1733.169,218
1733.264,198
1733.358,182
1733.452,193
1733.547,200
1733.641,213
1733.735,225
1733.83,219
1733.924,219
1734.018,227
1734.113,220
1734.207,217
1734.302,215
1734.396,200
1734.49,182
1734.585,189
1734.679,185
1734.773,188
1734.868,184
1734.962,176
1735.057,168
1735.151,161
1735.245,167
1735.34,177
1735.434,181
1735.529,187
1735.623,183
1735.717,170
1735.812,169
1735.906,165
1736.001,161
1736.095,155
1736.189,148
1736.284,134
1736.378,138
1736.473,146
1736.567,144
1736.662,144
1736.756,140
1736.85,137
1736.945,141
1737.039,149
1737.134,154
1737.228,157
1737.323,157
1737.417,156
1737.512,147
1737.606,134
1737.701,126
1737.795,113
1737.889,104
1737.984,106
1738.078,104
1738.173,108
1738.267,103
1738.362,104
1738.456,104
1738.551,98
1738.645,100
1738.74,95
1738.834,101
1738.929,105
1739.023,108
1739.118,111
1739.212,106
1739.307,104
1739.401,95
1739.496,90
1739.59,91
1739.685,92
1739.779,89
1739.874,95
1739.968,100
1740.063,109
1740.157,122
1740.252,116
1740.346,115
1740.441,115
1740.536,105
1740.63,103
1740.725,91
1740.819,80
1740.914,75
1741.008,69
1741.103,70
1741.197,71
1741.292,69
1741.387,76
1741.481,91
1741.576,106
1741.67,115
1741.765,114
1741.859,116
1741.954,104
1742.049,117
1742.143,105
1742.238,94
1742.332,97
1742.427,89
1742.521,99
1742.616,114
1742.711,120
1742.805,125
1742.9,119
1742.994,113
1743.089,114
1743.184,110
1743.278,102
1743.373,93
1743.468,82
1743.562,76
1743.657,85
1743.751,94
1743.846,96
1743.941,102
1744.035,97
1744.13,88
1744.225,83
1744.319,76
1744.414,77
1744.509,71
1744.603,72
1744.698,61
1744.793,56
1744.887,55
1744.982,54
1745.076,57
1745.171,60
1745.266,63
1745.361,67
1745.455,72
1745.55,71
1745.645,65
1745.739,64
1745.834,64
1745.929,72
1746.023,84
1746.118,95
1746.213,100
1746.307,104
1746.402,102
1746.497,118
1746.591,131
1746.686,134
1746.781,139
1746.876,139
1746.97,144
1747.065,139
1747.16,132
1747.255,127
1747.349,111
1747.444,105
1747.539,101
1747.633,91
1747.728,96
1747.823,102
1747.918,105
1748.012,105
1748.107,80
1748.202,81
1748.297,85
1748.391,91
1748.486,99
1748.581,104
1748.676,117
1748.77,121
1748.865,126
1748.96,129
1749.055,126
1749.15,131
1749.244,135
1749.339,128
1749.434,123
1749.529,121
1749.623,110
1749.718,106
1749.813,100
1749.908,93
1750.003,83
1750.097,82
1750.192,79
1750.287,81
1750.382,76
1750.477,79
1750.572,84
1750.666,88
1750.761,98
1750.856,102
1750.951,103
1751.046,103
1751.14,110
1751.235,104
1751.33,104
1751.425,108
1751.52,116
1751.615,118
1751.71,119
1751.804,117
1751.899,110
1751.994,113
1752.089,117
1752.184,115
1752.279,103
1752.374,109
1752.468,107
1752.563,114
1752.658,115
1752.753,127
1752.848,136
1752.943,154
1753.038,177
1753.133,185
1753.227,201
1753.322,205
1753.417,227
1753.512,227
1753.607,218
1753.702,219
1753.797,201
1753.892,210
1753.987,217
1754.082,231
1754.176,233
1754.271,245
1754.366,263
1754.461,281
1754.556,317
1754.651,316
1754.746,307
1754.841,293
1754.936,276
1755.031,270
1755.126,268
1755.221,260
1755.316,263
1755.411,251
1755.506,245
1755.601,238
1755.695,239
1755.79,246
1755.885,242
1755.98,238
1756.075,236
1756.17,234
1756.265,233
1756.36,227
1756.455,222
1756.55,232
1756.645,245
1756.74,269
1756.835,279
1756.93,268
1757.025,261
1757.12,249
1757.215,232
1757.31,226
1757.405,219
1757.5,205
1757.595,202
1757.69,191
1757.785,182
1757.88,172
1757.975,158
1758.07,155
1758.165,155
1758.26,163
1758.355,169
1758.45,174
1758.545,167
1758.64,167
1758.736,165
1758.831,166
1758.926,175
1759.021,186
1759.116,179
1759.211,176
1759.306,176
1759.401,168
1759.496,166
1759.591,154
1759.686,141
1759.781,133
1759.876,129
1759.971,139
1760.066,147
1760.161,151
1760.257,158
1760.352,151
1760.447,142
1760.542,132
1760.637,123
1760.732,115
1760.827,108
1760.922,109
1761.017,112
1761.112,112
1761.207,114
1761.303,121
1761.398,129
1761.493,140
1761.588,144
1761.683,141
1761.778,135
1761.873,131
1761.968,127
1762.064,111
1762.159,104
1762.254,98
1762.349,100
1762.444,99
1762.539,95
1762.634,93
1762.73,94
1762.825,92
1762.92,101
1763.015,117
1763.11,130
1763.205,143
1763.301,148
1763.396,138
1763.491,126
1763.586,120
1763.681,106
1763.776,104
1763.872,103
1763.967,103
1764.062,106
1764.157,106
1764.252,109
1764.348,103
1764.443,103
1764.538,110
1764.633,109
1764.728,105
1764.824,102
1764.919,93
1765.014,92
1765.109,91
1765.204,96
1765.3,111
1765.395,124
1765.49,130
1765.585,134
1765.681,135
1765.776,137
1765.871,136
1765.966,133
1766.062,119
1766.157,106
1766.252,95
1766.347,77
1766.443,77
1766.538,79
1766.633,76
1766.728,97
1766.824,103
1766.919,103
1767.014,104
1767.109,97
1767.205,94
1767.3,99
1767.395,103
1767.49,100
1767.586,99
1767.681,93
1767.776,83
1767.872,77
1767.967,71
1768.062,67
1768.158,64
1768.253,63
1768.348,72
1768.443,75
1768.539,82
1768.634,87
1768.729,82
1768.825,90
1768.92,88
1769.015,92
1769.111,103
1769.206,105
1769.301,109
1769.397,106
1769.492,95
1769.587,89
1769.683,93
1769.778,93
1769.873,98
1769.969,100
1770.064,103
1770.159,100
1770.255,99
1770.35,101
1770.446,103
1770.541,105
1770.636,103
1770.732,100
1770.827,96
1770.922,99
1771.018,105
1771.113,108
1771.209,111
1771.304,117
1771.399,122
1771.495,121
1771.59,120
1771.685,107
1771.781,94
1771.876,94
1771.972,93
1772.067,85
1772.163,90
1772.258,82
1772.353,84
1772.449,84
1772.544,78
1772.64,73
1772.735,72
1772.83,72
1772.926,72
1773.021,82
1773.117,98
1773.212,100
1773.308,102
1773.403,97
1773.499,78
1773.594,73
1773.689,75
1773.785,86
1773.88,96
1773.976,97
1774.071,104
1774.167,106
1774.262,114
1774.358,116
1774.453,109
1774.549,100
1774.644,93
1774.74,90
1774.835,87
1774.931,83
1775.026,74
1775.122,71
1775.217,74
1775.313,79
1775.408,96
1775.504,111
1775.599,119
1775.695,131
1775.79,139
1775.886,149
1775.981,157
1776.077,159
1776.172,158
1776.268,151
1776.363,150
1776.459,148
1776.554,144
1776.65,151
1776.745,153
1776.841,154
1776.936,156
1777.032,172
1777.127,170
1777.223,170
1777.319,189
1777.414,190
1777.51,190
1777.605,191
1777.701,196
1777.796,190
1777.892,197
1777.987,189
1778.083,179
1778.179,177
1778.274,174
1778.37,190
1778.465,210
1778.561,219
1778.657,226
1778.752,237
1778.848,247
1778.943,265
1779.039,272
1779.135,279
1779.23,281
1779.326,278
1779.421,271
1779.517,254
1779.613,237
1779.708,227
1779.804,215
1779.899,206
1779.995,194
1780.091,180
1780.186,181
1780.282,185
1780.378,189
1780.473,184
1780.569,200
1780.665,204
1780.76,201
1780.856,215
1780.951,215
1781.047,198
1781.143,183
1781.238,170
1781.334,165
1781.43,169
1781.525,177
1781.621,173
1781.717,166
1781.812,166
1781.908,169
1782.004,161
1782.099,154
1782.195,154
1782.291,156
1782.387,162
1782.482,163
1782.578,167
1782.674,173
1782.769,173
1782.865,172
1782.961,170
1783.056,159
1783.152,143
1783.248,139
1783.344,135
1783.439,122
1783.535,125
1783.631,125
1783.726,129
1783.822,136
1783.918,144
1784.014,138
1784.109,130
1784.205,132
1784.301,134
1784.397,131
1784.492,133
1784.588,134
1784.684,119
1784.78,131
1784.875,143
1784.971,154
1785.067,167
1785.163,167
1785.258,161
1785.354,157
1785.45,150
1785.546,139
1785.642,129
1785.737,112
1785.833,102
1785.929,106
1786.025,102
1786.121,106
1786.216,105
1786.312,95
1786.408,91
1786.504,83
1786.6,81
1786.695,88
1786.791,95
1786.887,98
1786.983,101
1787.079,105
1787.174,96
1787.27,89
1787.366,83
1787.462,87
1787.558,93
1787.654,92
1787.749,98
1787.845,93
1787.941,95
1788.037,95
1788.133,101
1788.229,108
1788.324,114
1788.42,118
1788.516,129
1788.612,127
1788.708,123
1788.804,127
1788.9,112
1788.995,102
1789.091,98
1789.187,89
1789.283,85
1789.379,86
1789.475,87
1789.571,85
1789.667,91
1789.763,88
1789.858,85
1789.954,88
1790.05,83
1790.146,85
1790.242,88
1790.338,99
1790.434,104
1790.53,107
1790.626,109
1790.722,122
1790.818,116
1790.913,115
1791.009,120
1791.105,110
1791.201,109
1791.297,111
1791.393,111
1791.489,100
1791.585,97
1791.681,94
1791.777,88
1791.873,83
1791.969,87
1792.065,75
1792.161,68
1792.257,67
1792.353,65
1792.449,73
1792.545,82
1792.641,90
1792.736,93
1792.832,91
1792.928,89
1793.024,92
1793.12,90
1793.216,94
1793.312,93
1793.408,91
1793.504,92
1793.6,105
1793.696,111
1793.792,120
1793.888,131
1793.984,125
1794.08,121
1794.176,121
1794.272,113
1794.368,101
1794.464,94
1794.56,81
1794.657,71
1794.753,72
1794.849,73
1794.945,77
1795.041,74
1795.137,74
1795.233,74
1795.329,71
1795.425,81
1795.521,77
1795.617,75
1795.713,72
1795.809,63
1795.905,62
1796.001,68
1796.097,74
1796.193,79
1796.289,88
1796.385,91
1796.481,95
1796.578,105
1796.674,101
1796.77,97
1796.866,98
1796.962,96
1797.058,101
1797.154,99
1797.25,100
1797.346,96
1797.442,89
1797.538,86
1797.635,88
1797.731,87
1797.827,88
1797.923,88
1798.019,86
1798.115,87
1798.211,83
1798.307,77
1798.404,77
1798.5,69
1798.596,66
1798.692,63
1798.788,60
1798.884,63
1798.98,68
1799.077,72
1799.173,84
1799.269,89
1799.365,98
1799.461,108
1799.557,111
1799.653,123
1799.75,125
1799.846,113
1799.942,101
1800.038,96
1800.134,89
1800.23,88
1800.327,84
1800.423,81
1800.519,88
1800.615,101
1800.711,114
1800.808,132
1800.904,132
1801,131
1801.096,134
1801.192,142
1801.289,144
1801.385,149
1801.481,148
1801.577,157
1801.673,164
1801.77,168
1801.866,171
1801.962,176
1802.058,170
1802.155,163
1802.251,163
1802.347,164
1802.443,170
1802.539,177
1802.636,184
1802.732,187
1802.828,185
1802.924,188
1803.021,198
1803.117,192
1803.213,195
1803.31,186
1803.406,181
1803.502,183
1803.598,179
1803.695,183
1803.791,181
1803.887,189
1803.983,190
1804.08,190
1804.176,191
1804.272,189
1804.369,199
1804.465,204
1804.561,213
1804.657,213
1804.754,213
1804.85,207
1804.946,204
1805.043,201
1805.139,190
1805.235,187
1805.332,183
1805.428,175
1805.524,171
1805.621,170
1805.717,161
1805.813,166
1805.91,165
1806.006,162
1806.102,164
1806.199,148
1806.295,143
1806.391,130
1806.488,119
1806.584,111
1806.68,109
1806.777,109
1806.873,107
1806.969,109
1807.066,108
1807.162,115
1807.258,127
1807.355,139
1807.451,152
1807.548,158
1807.644,167
1807.74,174
1807.837,177
1807.933,177
1808.03,176
1808.126,178
1808.222,167
1808.319,151
1808.415,132
1808.511,113
1808.608,111
1808.704,114
1808.801,118
1808.897,124
1808.994,127
1809.09,133
1809.186,141
1809.283,150
1809.379,145
1809.476,141
1809.572,141
1809.669,128
1809.765,129
1809.861,125
1809.958,115
1810.054,111
1810.151,113
1810.247,119
1810.344,118
1810.44,117
1810.537,121
1810.633,121
1810.729,118
1810.826,123
1810.922,123
1811.019,120
1811.115,128
1811.212,129
1811.308,115
1811.405,108
1811.501,89
1811.598,74
1811.694,73
1811.791,69
1811.887,64
1811.984,59
1812.08,61
1812.177,61
1812.273,62
1812.37,68
1812.466,69
1812.563,71
1812.659,75
1812.756,83
1812.852,96
1812.949,102
1813.045,114
1813.142,129
1813.238,117
1813.335,114
1813.431,117
1813.528,111
1813.625,114
1813.721,114
1813.818,110
1813.914,101
1814.011,98
1814.107,97
1814.204,85
1814.3,79
1814.397,78
1814.494,79
1814.59,89
1814.687,102
1814.783,105
1814.88,102
1814.976,102
1815.073,86
1815.17,78
1815.266,79
1815.363,76
1815.459,83
1815.556,86
1815.653,87
1815.749,82
1815.846,90
1815.942,90
1816.039,89
1816.136,87
1816.232,87
1816.329,83
1816.425,83
1816.522,88
1816.619,91
1816.715,96
1816.812,106
1816.909,121
1817.005,121
1817.102,116
1817.198,113
1817.295,99
1817.392,95
1817.488,91
1817.585,87
1817.682,82
1817.778,72
1817.875,67
1817.972,63
1818.068,63
1818.165,73
1818.262,73
1818.358,72
1818.455,82
1818.552,83
1818.648,87
1818.745,90
1818.842,99
1818.938,102
1819.035,100
1819.132,101
1819.228,91
1819.325,85
1819.422,79
1819.519,84
1819.615,85
1819.712,81
1819.809,86
1819.905,80
1820.002,68
1820.099,67
1820.196,61
1820.292,60
1820.389,60
1820.486,57
1820.582,54
1820.679,48
1820.776,50
1820.873,47
1820.969,60
1821.066,72
1821.163,82
1821.26,106
1821.356,107
1821.453,105
1821.55,96
1821.647,94
1821.743,86
1821.84,82
1821.937,84
1822.034,74
1822.13,74
1822.227,73
1822.324,70
1822.421,65
1822.518,64
1822.614,62
1822.711,63
1822.808,62
1822.905,62
1823.002,64
1823.098,62
1823.195,58
1823.292,52
1823.389,57
1823.486,67
1823.582,90
1823.679,106
1823.776,111
1823.873,124
1823.97,131
1824.066,127
1824.163,126
1824.26,115
1824.357,108
1824.454,100
1824.551,96
1824.647,89
1824.744,96
1824.841,91
1824.938,93
1825.035,90
1825.132,88
1825.229,83
1825.325,90
1825.422,92
1825.519,104
1825.616,125
1825.713,133
1825.81,137
1825.907,151
1826.003,158
1826.1,170
1826.197,189
1826.294,178
1826.391,170
1826.488,161
1826.585,146
1826.682,135
1826.779,144
1826.875,151
1826.972,150
1827.069,143
1827.166,140
1827.263,141
1827.36,133
1827.457,150
1827.554,154
1827.651,154
1827.748,150
1827.845,160
1827.942,159
1828.038,154
1828.135,167
1828.232,156
1828.329,149
1828.426,146
1828.523,144
1828.62,158
1828.717,171
1828.814,179
1828.911,182
1829.008,183
1829.105,176
1829.202,173
1829.299,176
1829.396,159
1829.493,143
1829.59,130
1829.687,112
1829.784,113
1829.881,123
1829.978,132
1830.075,138
1830.172,149
1830.269,161
1830.366,173
1830.463,185
1830.56,177
1830.657,162
1830.754,147
1830.851,130
1830.948,126
1831.045,124
1831.142,123
1831.239,118
1831.336,124
1831.433,117
1831.53,111
1831.627,104
1831.724,93
1831.821,101
1831.918,109
1832.015,120
1832.112,130
1832.209,124
1832.306,117
1832.403,106
1832.5,98
1832.597,101
1832.694,106
1832.791,110
1832.888,100
1832.985,96
1833.083,93
1833.18,88
1833.277,96
1833.374,103
1833.471,112
1833.568,116
1833.665,122
1833.762,121
1833.859,114
1833.956,105
1834.053,94
1834.15,86
1834.248,81
1834.345,74
1834.442,66
1834.539,59
1834.636,53
1834.733,48
1834.83,39
1834.927,45
1835.024,54
1835.122,61
1835.219,72
1835.316,77
1835.413,80
1835.51,81
1835.607,94
1835.704,92
1835.801,93
1835.899,99
1835.996,88
1836.093,96
1836.19,99
1836.287,95
1836.384,90
1836.482,90
1836.579,88
1836.676,83
1836.773,90
1836.87,91
1836.967,89
1837.065,89
1837.162,92
1837.259,88
1837.356,90
1837.453,94
1837.55,95
1837.648,91
1837.745,82
1837.842,69
1837.939,65
1838.036,65
1838.134,69
1838.231,70
1838.328,70
1838.425,74
1838.522,71
1838.62,74
1838.717,89
1838.814,93
1838.911,94
1839.009,100
1839.106,98
1839.203,97
1839.3,95
1839.398,99
1839.495,99
1839.592,100
1839.689,99
1839.786,102
1839.884,92
1839.981,94
1840.078,96
1840.176,91
1840.273,90
1840.37,79
1840.467,75
1840.565,66
1840.662,65
1840.759,63
1840.856,56
1840.954,56
1841.051,49
1841.148,57
1841.246,60
1841.343,63
1841.44,63
1841.537,71
1841.635,83
1841.732,92
1841.829,97
1841.927,92
1842.024,85
1842.121,75
1842.219,65
1842.316,63
1842.413,61
1842.511,61
1842.608,70
1842.705,67
1842.802,70
1842.9,74
1842.997,69
1843.094,73
1843.192,76
1843.289,75
1843.387,78
1843.484,89
1843.581,92
1843.679,98
1843.776,93
1843.873,97
1843.971,96
1844.068,93
1844.165,99
1844.263,92
1844.36,92
1844.457,93
1844.555,84
1844.652,81
1844.75,80
1844.847,72
1844.944,69
1845.042,63
1845.139,66
1845.237,68
1845.334,79
1845.431,87
1845.529,89
1845.626,94
1845.724,96
1845.821,94
1845.918,93
1846.016,96
1846.113,97
1846.211,91
1846.308,84
1846.406,79
1846.503,76
1846.6,73
1846.698,72
1846.795,66
1846.893,67
1846.99,75
1847.088,75
1847.185,86
1847.282,98
1847.38,101
1847.477,103
1847.575,104
1847.672,100
1847.77,100
1847.867,100
1847.965,99
1848.062,96
1848.16,94
1848.257,91
1848.355,87
1848.452,71
1848.55,65
1848.647,62
1848.745,58
1848.842,60
1848.94,64
1849.037,75
1849.135,84
1849.232,97
1849.33,107
1849.427,108
1849.525,112
1849.622,112
1849.72,112
1849.817,112
1849.915,107
1850.012,102
1850.11,106
1850.207,114
1850.305,118
1850.402,144
1850.5,149
1850.597,149
1850.695,150
1850.792,145
1850.89,147
1850.988,161
1851.085,180
1851.183,194
1851.28,189
1851.378,185
1851.475,187
1851.573,176
1851.67,176
1851.768,174
1851.866,167
1851.963,168
1852.061,163
1852.158,164
1852.256,163
1852.353,172
1852.451,191
1852.549,209
1852.646,226
1852.744,231
1852.841,227
1852.939,225
1853.037,227
1853.134,218
1853.232,204
1853.33,185
1853.427,171
1853.525,158
1853.622,159
1853.72,158
1853.818,144
1853.915,148
1854.013,143
1854.11,146
1854.208,146
1854.306,144
1854.403,137
1854.501,133
1854.599,126
1854.696,121
1854.794,126
1854.892,121
1854.989,119
1855.087,124
1855.185,116
1855.282,107
1855.38,91
1855.478,88
1855.575,91
1855.673,94
1855.771,108
1855.868,112
1855.966,111
1856.064,112
1856.161,113
1856.259,111
1856.357,112
1856.454,115
1856.552,116
1856.65,122
1856.748,123
1856.845,117
1856.943,105
1857.041,89
1857.138,87
1857.236,88
1857.334,93
1857.432,99
1857.529,109
1857.627,116
1857.725,136
1857.823,155
1857.92,159
1858.018,162
1858.116,152
1858.213,137
1858.311,138
1858.409,127
1858.507,127
1858.604,117
1858.702,110
1858.8,107
1858.898,99
1858.996,100
1859.093,93
1859.191,94
1859.289,93
1859.387,88
1859.484,93
1859.582,100
1859.68,108
1859.778,111
1859.876,109
1859.973,109
1860.071,108
1860.169,106
1860.267,109
1860.364,108
1860.462,109
1860.56,101
1860.658,92
1860.756,85
1860.854,72
1860.951,61
1861.049,69
1861.147,70
1861.245,67
1861.343,61
1861.44,65
1861.538,67
1861.636,76
1861.734,86
1861.832,85
1861.93,89
1862.028,97
1862.125,85
1862.223,80
1862.321,73
1862.419,65
1862.517,61
1862.615,66
1862.713,65
1862.81,64
1862.908,67
1863.006,69
1863.104,66
1863.202,65
1863.3,60
1863.398,62
1863.496,67
1863.593,71
1863.691,80
1863.789,81
1863.887,83
1863.985,82
1864.083,73
1864.181,71
1864.279,75
1864.377,80
1864.475,80
1864.572,88
1864.67,88
1864.768,88
1864.866,93
1864.964,89
1865.062,89
1865.16,82
1865.258,92
1865.356,94
1865.454,94
1865.552,96
1865.65,87
1865.748,84
1865.846,81
1865.943,76
1866.041,72
1866.139,68
1866.237,66
1866.335,66
1866.433,65
1866.531,65
1866.629,66
1866.727,70
1866.825,63
1866.923,62
1867.021,61
1867.119,59
1867.217,58
1867.315,67
1867.413,70
1867.511,71
1867.609,77
1867.707,75
1867.805,72
1867.903,73
1868.001,83
1868.099,84
1868.197,88
1868.295,91
1868.393,82
1868.491,80
1868.589,80
1868.687,79
1868.785,69
1868.883,61
1868.981,54
1869.079,46
1869.177,40
1869.275,50
1869.373,55
1869.471,61
1869.57,63
1869.668,64
1869.766,63
1869.864,66
1869.962,60
1870.06,56
1870.158,49
1870.256,41
1870.354,40
1870.452,45
1870.55,49
1870.648,54
1870.746,61
1870.844,64
1870.942,64
1871.041,61
1871.139,58
1871.237,60
1871.335,63
1871.433,64
1871.531,73
1871.629,84
1871.727,90
1871.825,97
1871.923,108
1872.022,103
1872.12,101
1872.218,99
1872.316,87
1872.414,84
1872.512,80
1872.61,84
1872.708,70
1872.807,72
1872.905,72
1873.003,71
1873.101,79
1873.199,75
1873.297,77
1873.395,87
1873.494,97
1873.592,102
1873.69,97
1873.788,110
1873.886,114
1873.984,120
1874.083,126
1874.181,129
1874.279,142
1874.377,139
1874.475,147
1874.573,150
1874.672,141
1874.77,143
1874.868,149
1874.966,148
1875.064,157
1875.163,164
1875.261,162
1875.359,166
1875.457,169
1875.555,171
1875.654,176
1875.752,180
1875.85,177
1875.948,166
1876.046,158
1876.145,151
1876.243,141
1876.341,136
1876.439,132
1876.538,119
1876.636,118
1876.734,117
1876.832,118
1876.931,114
1877.029,113
1877.127,116
1877.225,121
1877.324,129
1877.422,128
1877.52,128
1877.618,119
1877.717,112
1877.815,108
1877.913,107
1878.011,110
1878.11,119
1878.208,124
1878.306,126
1878.405,129
1878.503,127
1878.601,128
1878.699,120
1878.798,110
1878.896,105
1878.994,106
1879.093,114
1879.191,120
1879.289,125
1879.388,135
1879.486,136
1879.584,127
1879.682,122
1879.781,114
1879.879,107
1879.977,105
1880.076,106
1880.174,99
1880.272,99
1880.371,98
1880.469,100
1880.567,91
1880.666,86
1880.764,80
1880.862,69
1880.961,62
1881.059,57
1881.158,60
1881.256,56
1881.354,55
1881.453,56
1881.551,50
1881.649,48
1881.748,47
1881.846,54
1881.944,62
1882.043,73
1882.141,79
1882.24,81
1882.338,86
1882.436,91
1882.535,99
1882.633,97
1882.732,101
1882.83,105
1882.928,87
1883.027,88
1883.125,86
1883.224,83
1883.322,84
1883.42,85
1883.519,81
1883.617,78
1883.716,80
1883.814,74
1883.913,62
1884.011,55
1884.109,51
1884.208,54
1884.306,57
1884.405,60
1884.503,58
1884.602,56
1884.7,55
1884.799,58
1884.897,59
1884.995,53
1885.094,59
1885.192,66
1885.291,82
1885.389,91
1885.488,91
1885.586,89
1885.685,84
1885.783,76
1885.882,72
1885.98,69
1886.079,63
1886.177,57
1886.276,56
1886.374,56
1886.473,51
1886.571,51
1886.67,51
1886.768,53
1886.867,63
1886.965,70
1887.064,85
1887.162,84
1887.261,93
1887.359,93
1887.458,86
1887.556,85
1887.655,82
1887.753,80
1887.852,71
1887.95,70
1888.049,69
1888.148,75
1888.246,81
1888.345,81
1888.443,86
1888.542,91
1888.64,92
1888.739,88
1888.837,89
1888.936,85
1889.035,77
1889.133,82
1889.232,83
1889.33,74
1889.429,75
1889.527,63
1889.626,61
1889.725,54
1889.823,52
1889.922,55
1890.02,51
1890.119,61
1890.218,60
1890.316,64
1890.415,72
1890.513,76
1890.612,85
1890.711,95
1890.809,110
1890.908,105
1891.006,106
1891.105,109
1891.204,97
1891.302,95
1891.401,95
1891.5,91
1891.598,101
1891.697,99
1891.796,94
1891.894,93
1891.993,82
1892.091,80
1892.19,82
1892.289,82
1892.387,85
1892.486,87
1892.585,84
1892.683,83
1892.782,75
1892.881,69
1892.979,66
1893.078,63
1893.177,58
1893.275,50
1893.374,44
1893.473,41
1893.571,31
1893.67,37
1893.769,39
1893.868,44
1893.966,51
1894.065,51
1894.164,55
1894.262,64
1894.361,70
1894.46,66
1894.558,66
1894.657,67
1894.756,70
1894.855,73
1894.953,74
1895.052,72
1895.151,68
1895.25,65
1895.348,64
1895.447,62
1895.546,68
1895.645,70
1895.743,66
1895.842,69
1895.941,59
1896.04,55
1896.138,58
1896.237,60
1896.336,58
1896.435,59
1896.533,54
1896.632,53
1896.731,54
1896.83,63
1896.928,70
1897.027,76
1897.126,94
1897.225,94
1897.324,94
1897.422,91
1897.521,90
1897.62,91
1897.719,93
1897.818,89
1897.916,90
1898.015,94
1898.114,96
1898.213,99
1898.312,109
1898.41,105
1898.509,107
1898.608,111
1898.707,109
1898.806,116
1898.904,124
1899.003,131
1899.102,140
1899.201,152
1899.3,151
1899.399,155
1899.498,159
1899.596,144
1899.695,136
1899.794,130
1899.893,109
1899.992,107
1900.091,104
1900.189,106
1900.288,108
1900.387,113
1900.486,121
1900.585,127
1900.684,130
1900.783,135
1900.882,145
1900.98,146
1901.079,153
1901.178,143
1901.277,131
1901.376,118
1901.475,113
1901.574,104
1901.673,95
1901.772,89
1901.871,81
1901.969,94
1902.068,107
1902.167,117
1902.266,121
1902.365,118
1902.464,116
1902.563,114
1902.662,110
1902.761,105
1902.86,99
1902.959,93
1903.058,85
1903.157,76
1903.256,73
1903.354,82
1903.453,82
1903.552,88
1903.651,94
1903.75,95
1903.849,97
1903.948,96
1904.047,95
1904.146,89
1904.245,101
1904.344,95
1904.443,97
1904.542,102
1904.641,89
1904.74,88
1904.839,85
1904.938,79
1905.037,69
1905.136,67
1905.235,65
1905.334,64
1905.433,65
1905.532,65
1905.631,67
1905.73,61
1905.829,62
1905.928,66
1906.027,67
1906.126,71
1906.225,63
1906.324,61
1906.423,69
1906.522,76
1906.621,75
1906.72,81
1906.819,84
1906.918,79
1907.017,79
1907.116,79
1907.215,72
1907.315,72
1907.414,78
1907.513,75
1907.612,80
1907.711,80
1907.81,84
1907.909,89
1908.008,84
1908.107,84
1908.206,74
1908.305,77
1908.404,70
1908.503,70
1908.602,69
1908.702,76
1908.801,76
1908.9,82
1908.999,94
1909.098,90
1909.197,86
1909.296,84
1909.395,78
1909.494,72
1909.593,70
1909.693,57
1909.792,54
1909.891,56
1909.99,58
1910.089,57
1910.188,54
1910.287,61
1910.386,63
1910.486,68
1910.585,74
1910.684,74
1910.783,80
1910.882,94
1910.981,95
1911.08,98
1911.18,98
1911.279,99
1911.378,97
1911.477,89
1911.576,84
1911.675,73
1911.775,64
1911.874,62
1911.973,59
1912.072,60
1912.171,59
1912.27,56
1912.37,56
1912.469,56
1912.568,56
1912.667,59
1912.766,59
1912.866,60
1912.965,60
1913.064,62
1913.163,61
1913.262,66
1913.362,71
1913.461,74
1913.56,76
1913.659,79
1913.758,71
1913.858,68
1913.957,63
1914.056,65
1914.155,62
1914.255,59
1914.354,61
1914.453,56
1914.552,60
1914.652,60
1914.751,62
1914.85,63
1914.949,58
1915.049,55
1915.148,49
1915.247,44
1915.346,51
1915.446,48
1915.545,48
1915.644,50
1915.743,49
1915.843,50
1915.942,51
1916.041,50
1916.141,49
1916.24,44
1916.339,44
1916.438,45
1916.538,34
1916.637,40
1916.736,43
1916.836,47
1916.935,56
1917.034,62
1917.134,63
1917.233,62
1917.332,65
1917.432,70
1917.531,72
1917.63,76
1917.73,77
1917.829,70
1917.928,67
1918.028,59
1918.127,59
1918.226,60
1918.326,64
1918.425,71
1918.524,73
1918.624,75
1918.723,72
1918.822,67
1918.922,65
1919.021,63
1919.12,67
1919.22,73
1919.319,82
1919.418,83
1919.518,83
1919.617,83
1919.717,79
1919.816,77
1919.915,73
1920.015,66
1920.114,65
1920.214,65
1920.313,64
1920.412,70
1920.512,71
1920.611,74
1920.711,78
1920.81,83
1920.909,94
1921.009,106
1921.108,115
1921.208,135
1921.307,138
1921.406,136
1921.506,123
1921.605,112
1921.705,95
1921.804,90
1921.904,92
1922.003,97
1922.103,117
1922.202,119
1922.301,117
1922.401,117
1922.5,116
1922.6,117
1922.699,122
1922.799,124
1922.898,114
1922.998,111
1923.097,114
1923.197,126
1923.296,120
1923.396,120
1923.495,114
1923.594,108
1923.694,116
1923.793,123
1923.893,127
1923.992,129
1924.092,134
1924.191,127
1924.291,130
1924.39,133
1924.49,127
1924.589,129
1924.689,123
1924.788,122
1924.888,121
1924.987,117
1925.087,118
1925.187,118
1925.286,119
1925.386,120
1925.485,119
1925.585,113
1925.684,118
1925.784,121
1925.883,117
1925.983,117
1926.082,110
1926.182,103
1926.281,94
1926.381,92
1926.481,90
1926.58,88
1926.68,87
1926.779,90
1926.879,88
1926.978,92
1927.078,93
1927.178,91
1927.277,92
1927.377,104
1927.476,110
1927.576,121
1927.675,132
1927.775,137
1927.875,142
1927.974,138
1928.074,129
1928.173,111
1928.273,98
1928.373,77
1928.472,70
1928.572,70
1928.672,68
1928.771,78
1928.871,71
1928.97,65
1929.07,61
1929.17,56
1929.269,50
1929.369,59
1929.469,63
1929.568,66
1929.668,74
1929.767,79
1929.867,85
1929.967,91
1930.066,94
1930.166,84
1930.266,77
1930.365,69
1930.465,61
1930.565,61
1930.664,63
1930.764,60
1930.864,57
1930.963,58
1931.063,59
1931.163,65
1931.262,71
1931.362,69
1931.462,64
1931.562,58
1931.661,53
1931.761,48
1931.861,48
1931.96,48
1932.06,43
1932.16,49
1932.259,53
1932.359,56
1932.459,55
1932.559,54
1932.658,50
1932.758,48
1932.858,54
1932.957,51
1933.057,48
1933.157,45
1933.257,48
1933.356,56
1933.456,63
1933.556,75
1933.656,78
1933.755,79
1933.855,86
1933.955,92
1934.055,101
1934.154,100
1934.254,96
1934.354,92
1934.454,83
1934.553,91
1934.653,96
1934.753,97
1934.853,108
1934.953,102
1935.052,95
1935.152,99
1935.252,89
1935.352,90
1935.452,88
1935.551,86
1935.651,77
1935.751,78
1935.851,75
1935.951,72
1936.05,71
1936.15,78
1936.25,79
1936.35,90
1936.45,88
1936.549,85
1936.649,82
1936.749,71
1936.849,67
1936.949,63
1937.049,57
1937.148,56
1937.248,50
1937.348,50
1937.448,52
1937.548,59
1937.648,59
1937.748,59
1937.847,60
1937.947,60
1938.047,58
1938.147,62
1938.247,65
1938.347,67
1938.447,65
1938.546,68
1938.646,71
1938.746,80
1938.846,84
1938.946,75
1939.046,73
1939.146,61
1939.246,57
1939.346,59
1939.445,59
1939.545,56
1939.645,59
1939.745,67
1939.845,71
1939.945,81
1940.045,84
1940.145,85
1940.245,79
1940.345,66
1940.445,60
1940.545,57
1940.644,53
1940.744,57
1940.844,54
1940.944,59
1941.044,60
1941.144,57
1941.244,55
1941.344,51
1941.444,45
1941.544,40
1941.644,37
1941.744,37
1941.844,38
1941.944,47
1942.044,56
1942.144,62
1942.244,67
1942.344,68
1942.444,66
1942.544,73
1942.644,76
1942.744,72
1942.844,72
1942.944,66
1943.044,59
1943.144,58
1943.244,58
1943.344,61
1943.444,63
1943.544,73
1943.644,74
1943.744,78
1943.844,82
1943.944,88
1944.044,83
1944.144,81
1944.244,79
1944.344,83
1944.444,81
1944.544,79
1944.644,75
1944.744,70
1944.844,74
1944.944,75
1945.044,68
1945.144,61
1945.244,55
1945.344,52
1945.444,56
1945.544,63
1945.644,63
1945.744,68
1945.844,77
1945.945,90
1946.045,98
1946.145,107
1946.245,103
1946.345,100
1946.445,99
1946.545,93
1946.645,89
1946.745,80
1946.845,80
1946.945,80
1947.045,81
1947.146,79
1947.246,79
1947.346,75
1947.446,75
1947.546,75
1947.646,78
1947.746,83
1947.846,90
1947.946,101
1948.047,106
1948.147,119
1948.247,127
1948.347,133
1948.447,140
1948.547,129
1948.647,119
1948.748,110
1948.848,101
1948.948,107
1949.048,107
1949.148,102
1949.248,104
1949.348,99
1949.449,96
1949.549,95
1949.649,108
1949.749,104
1949.849,107
1949.949,109
1950.05,105
1950.15,106
1950.25,106
1950.35,107
1950.45,99
1950.551,96
1950.651,94
1950.751,103
1950.851,109
1950.951,114
1951.052,117
1951.152,115
1951.252,108
1951.352,101
1951.452,95
1951.553,90
1951.653,83
1951.753,80
1951.853,85
1951.954,79
1952.054,78
1952.154,81
1952.254,78
1952.354,76
1952.455,74
1952.555,76
1952.655,72
1952.755,74
1952.856,87
1952.956,82
1953.056,88
1953.156,100
1953.257,100
1953.357,106
1953.457,102
1953.557,97
1953.658,91
1953.758,80
1953.858,71
1953.959,56
1954.059,41
1954.159,40
1954.259,48
1954.36,56
1954.46,65
1954.56,63
1954.661,57
1954.761,49
1954.861,44
1954.962,41
1955.062,42
1955.162,47
1955.262,43
1955.363,52
1955.463,57
1955.563,60
1955.664,70
1955.764,75
1955.864,77
1955.965,76
1956.065,71
1956.165,63
1956.266,64
1956.366,56
1956.466,54
1956.567,56
1956.667,61
1956.767,67
1956.868,73
1956.968,70
1957.069,65
1957.169,54
1957.269,36
1957.37,39
1957.47,41
1957.57,45
1957.671,48
1957.771,45
1957.872,44
1957.972,39
1958.072,37
1958.173,40
1958.273,41
1958.373,51
1958.474,48
1958.574,54
1958.675,53
1958.775,47
1958.876,49
1958.976,46
1959.076,48
1959.177,54
1959.277,55
1959.378,53
1959.478,51
1959.578,54
1959.679,53
1959.779,56
1959.88,58
1959.98,56
1960.081,59
1960.181,59
1960.281,59
1960.382,62
1960.482,58
1960.583,55
1960.683,52
1960.784,46
1960.884,53
1960.985,60
1961.085,65
1961.186,76
1961.286,73
1961.387,63
1961.487,61
1961.588,56
1961.688,53
1961.788,57
1961.889,59
1961.989,58
1962.09,53
1962.19,52
1962.291,45
1962.391,39
1962.492,30
1962.592,24
1962.693,27
1962.793,30
1962.894,38
1962.994,43
1963.095,45
1963.196,49
1963.296,48
1963.397,44
1963.497,41
1963.598,38
1963.698,40
1963.799,40
1963.899,39
1964,30
1964.1,29
1964.201,32
1964.301,36
1964.402,42
1964.503,43
1964.603,47
1964.704,55
1964.804,59
1964.905,59
1965.005,58
1965.106,54
1965.207,56
1965.307,53
1965.408,52
1965.508,51
1965.609,53
1965.709,56
1965.81,54
1965.911,52
1966.011,49
1966.112,51
1966.212,49
1966.313,48
1966.414,47
1966.514,45
1966.615,49
1966.715,50
1966.816,50
1966.917,61
1967.017,59
1967.118,63
1967.219,71
1967.319,72
1967.42,66
1967.52,60
1967.621,51
1967.722,54
1967.822,61
1967.923,64
1968.024,66
1968.124,72
1968.225,75
1968.326,78
1968.426,83
1968.527,88
1968.628,81
1968.728,79
1968.829,77
1968.93,66
1969.03,63
1969.131,57
1969.232,53
1969.332,52
1969.433,54
1969.534,55
1969.634,63
1969.735,64
1969.836,70
1969.936,73
1970.037,73
1970.138,90
1970.239,101
1970.339,111
1970.44,124
1970.541,131
1970.641,132
1970.742,132
1970.843,135
1970.944,121
1971.044,118
1971.145,112
1971.246,107
1971.346,110
1971.447,115
1971.548,123
1971.649,127
1971.749,136
1971.85,142
1971.951,139
1972.052,133
1972.152,136
1972.253,132
1972.354,125
1972.455,119
1972.555,115
1972.656,116
1972.757,113
1972.858,110
1972.959,97
1973.059,84
1973.16,81
1973.261,76
1973.362,77
1973.462,79
1973.563,82
1973.664,90
1973.765,96
1973.866,101
1973.966,104
1974.067,100
1974.168,100
1974.269,108
1974.37,105
1974.47,102
1974.571,103
1974.672,93
1974.773,87
1974.874,80
1974.975,70
1975.075,71
1975.176,72
1975.277,68
1975.378,60
1975.479,63
1975.58,61
1975.68,59
1975.781,60
1975.882,53
1975.983,53
1976.084,58
1976.185,67
1976.286,75
1976.386,81
1976.487,85
1976.588,88
1976.689,90
1976.79,91
1976.891,86
1976.992,94
1977.093,94
1977.193,106
1977.294,120
1977.395,125
1977.496,121
1977.597,109
1977.698,99
1977.799,89
1977.9,93
1978.001,88
1978.102,75
1978.202,65
1978.303,53
1978.404,50
1978.505,38
1978.606,31
1978.707,34
1978.808,39
1978.909,37
1979.01,41
1979.111,47
1979.212,49
1979.313,50
1979.414,61
1979.515,60
1979.616,61
1979.716,61
1979.817,67
1979.918,70
1980.019,76
1980.12,89
1980.221,90
1980.322,88
1980.423,78
1980.524,65
1980.625,55
1980.726,54
1980.827,54
1980.928,56
1981.029,51
1981.13,44
1981.231,45
1981.332,38
1981.433,41
1981.534,40
1981.635,39
1981.736,35
1981.837,33
1981.938,37
1982.039,37
1982.14,40
1982.241,47
1982.342,49
1982.443,52
1982.544,60
1982.645,57
1982.746,65
1982.847,68
1982.948,70
1983.049,81
1983.15,82
1983.251,90
1983.352,96
1983.454,104
1983.555,94
1983.656,79
1983.757,64
1983.858,48
1983.959,45
1984.06,46
1984.161,54
1984.262,62
1984.363,68
1984.464,72
1984.565,72
1984.666,62
1984.767,58
1984.869,54
1984.97,48
1985.071,48
1985.172,51
1985.273,52
1985.374,50
1985.475,57
1985.576,63
1985.677,64
1985.778,67
1985.879,65
1985.981,60
1986.082,59
1986.183,65
1986.284,64
1986.385,70
1986.486,71
1986.587,73
1986.688,75
1986.79,73
1986.891,73
1986.992,68
1987.093,75
1987.194,75
1987.295,74
1987.396,79
1987.498,65
1987.599,61
1987.7,60
1987.801,54
1987.902,49
1988.003,48
1988.105,45
1988.206,41
1988.307,37
1988.408,40
1988.509,37
1988.611,34
1988.712,36
1988.813,31
1988.914,35
1989.015,43
1989.116,44
1989.218,47
1989.319,44
1989.42,43
1989.521,41
1989.622,33
1989.724,31
1989.825,27
1989.926,28
1990.027,35
1990.129,40
1990.23,43
1990.331,50
1990.432,48
1990.533,40
1990.635,38
1990.736,32
1990.837,29
1990.938,30
1991.04,27
1991.141,19
1991.242,20
1991.343,20
1991.445,27
1991.546,30
1991.647,30
1991.748,35
1991.85,36
1991.951,44
1992.052,44
1992.154,49
1992.255,60
1992.356,57
1992.457,65
1992.559,71
1992.66,76
1992.761,87
1992.863,94
1992.964,91
1993.065,93
1993.166,99
1993.268,92
1993.369,87
1993.47,75
1993.572,62
1993.673,63
1993.774,69
1993.876,74
1993.977,85
1994.078,87
1994.18,83
1994.281,80
1994.382,82
1994.484,77
1994.585,75
1994.686,80
1994.788,73
1994.889,76
1994.99,81
1995.092,81
1995.193,80
1995.294,82
1995.396,77
1995.497,72
1995.598,72
1995.7,68
1995.801,66
1995.903,64
1996.004,55
1996.105,59
1996.207,63
1996.308,65
1996.409,72
1996.511,76
1996.612,82
1996.714,95
1996.815,100
1996.916,108
1997.018,106
1997.119,101
1997.221,89
1997.322,79
1997.423,72
1997.525,67
1997.626,63
1997.728,64
1997.829,69
1997.931,75
1998.032,72
1998.133,74
1998.235,73
1998.336,65
1998.438,64
1998.539,74
1998.641,75
1998.742,81
1998.843,84
1998.945,82
1999.046,90
1999.148,94
1999.249,89
1999.351,84
1999.452,78
1999.554,78
1999.655,66
1999.757,66
1999.858,60
1999.96,50
2000.061,56
2000.163,61
2000.264,64
2000.366,70
2000.467,72
2000.568,73
2000.67,70
2000.771,69
2000.873,65
2000.974,62
2001.076,59
2001.177,51
2001.279,43
2001.381,45
2001.482,48
2001.584,50
2001.685,44
2001.787,40
2001.888,42
2001.99,45
2002.091,54
2002.193,65
2002.294,62
2002.396,63
2002.497,62
2002.599,58
2002.7,60
2002.802,65
2002.904,62
2003.005,71
2003.107,70
2003.208,76
2003.31,73
2003.411,63
2003.513,65
2003.614,66
2003.716,63
2003.818,67
2003.919,64
2004.021,57
2004.122,57
2004.224,51
2004.326,51
2004.427,57
2004.529,50
2004.63,50
2004.732,55
2004.834,60
2004.935,58
2005.037,62
2005.138,61
2005.24,61
2005.342,70
2005.443,69
2005.545,67
2005.646,61
2005.748,53
2005.85,51
2005.951,50
2006.053,52
2006.155,49
2006.256,51
2006.358,54
2006.46,55
2006.561,54
2006.663,52
2006.764,49
2006.866,43
2006.968,50
2007.069,55
2007.171,59
2007.273,64
2007.374,77
2007.476,79
2007.578,76
2007.679,69
2007.781,57
2007.883,50
2007.985,46
2008.086,45
2008.188,40
2008.29,37
2008.391,35
2008.493,28
2008.595,27
2008.696,30
2008.798,30
2008.9,29
2009.002,34
2009.103,40
2009.205,45
2009.307,51
2009.408,61
2009.51,67
2009.612,64
2009.714,70
2009.815,67
2009.917,62
2010.019,62
2010.12,63
2010.222,55
2010.324,47
2010.426,48
2010.527,46
2010.629,46
2010.731,46
2010.833,47
2010.935,53
2011.036,52
2011.138,52
2011.24,47
2011.342,46
2011.443,42
2011.545,55
2011.647,70
2011.749,84
2011.85,91
2011.952,90
2012.054,83
2012.156,77
2012.258,78
2012.359,86
2012.461,89
2012.563,84
2012.665,93
2012.767,81
2012.868,78
2012.97,67
2013.072,63
2013.174,59
2013.276,55
2013.378,51
2013.479,48
2013.581,47
2013.683,46
2013.785,50
2013.887,48
2013.989,43
2014.09,45
2014.192,46
2014.294,48
2014.396,51
2014.498,53
2014.6,55
2014.701,50
2014.803,50
2014.905,48
2015.007,51
2015.109,45
2015.211,50
2015.313,51
2015.415,43
2015.516,53
2015.618,54
2015.72,56
2015.822,65
2015.924,73
2016.026,77
2016.128,74
2016.23,73
2016.332,66
2016.433,64
2016.535,68
2016.637,56
2016.739,55
2016.841,56
2016.943,58
2017.045,66
2017.147,76
2017.249,80
2017.351,74
2017.453,75
2017.555,71
2017.656,63
2017.758,61
2017.86,63
2017.962,64
2018.064,70
2018.166,74
2018.268,77
2018.37,76
2018.472,86
2018.574,91
2018.676,102
2018.778,106
2018.88,105
2018.982,104
2019.084,107
2019.186,92
2019.288,83
2019.39,78
2019.492,72
2019.594,70
2019.696,73
2019.798,76
2019.9,75
2020.002,91
2020.104,91
2020.206,99
2020.308,108
2020.41,97
2020.512,95
2020.614,92
2020.716,93
2020.818,79
2020.92,74
2021.022,68
2021.124,68
2021.226,70
2021.328,78
2021.43,85
2021.532,94
2021.634,92
2021.736,85
2021.838,79
2021.94,71
2022.042,76
2022.144,76
2022.246,77
2022.348,77
2022.45,70
2022.552,70
2022.654,69
2022.757,62
2022.859,70
2022.961,74
2023.063,79
2023.165,84
2023.267,87
2023.369,82
2023.471,73
2023.573,61
2023.675,59
2023.777,53
2023.879,50
2023.982,49
2024.084,43
2024.186,46
2024.288,49
2024.39,49
2024.492,47
2024.594,44
2024.696,46
2024.798,50
2024.901,61
2025.003,65
2025.105,69
2025.207,79
2025.309,77
2025.411,74
2025.513,67
2025.615,57
2025.718,60
2025.82,60
2025.922,65
2026.024,63
2026.126,58
2026.228,56
2026.33,54
2026.433,46
2026.535,49
2026.637,53
2026.739,51
2026.841,52
2026.943,61
2027.046,65
2027.148,67
2027.25,73
2027.352,74
2027.454,71
2027.557,67
2027.659,58
2027.761,57
2027.863,58
2027.965,57
2028.068,55
2028.17,49
2028.272,39
2028.374,35
2028.476,38
2028.579,37
2028.681,40
2028.783,42
2028.885,47
2028.987,49
2029.09,47
2029.192,48
2029.294,46
2029.396,45
2029.499,51
2029.601,52
2029.703,46
2029.805,48
2029.908,47
2030.01,43
2030.112,44
2030.214,43
2030.317,45
2030.419,49
2030.521,54
2030.623,61
2030.726,60
2030.828,66
2030.93,62
2031.033,67
2031.135,67
2031.237,63
2031.339,61
2031.442,64
2031.544,63
2031.646,59
2031.749,58
2031.851,61
2031.953,54
2032.055,55
2032.158,51
2032.26,46
2032.362,54
2032.465,59
2032.567,71
2032.669,69
2032.772,67
2032.874,73
2032.976,80
2033.079,81
2033.181,90
2033.283,93
2033.386,90
2033.488,97
2033.59,96
2033.693,88
2033.795,75
2033.897,58
2034,50
2034.102,49
2034.204,54
2034.307,51
2034.409,52
2034.512,57
2034.614,63
2034.716,72
2034.819,71
2034.921,68
2035.023,60
2035.126,51
2035.228,56
2035.331,57
2035.433,63
2035.535,66
2035.638,59
2035.74,59
2035.843,56
2035.945,50
2036.047,54
2036.15,53
2036.252,54
2036.355,39
2036.457,36
2036.559,33
2036.662,28
2036.764,24
2036.867,24
2036.969,32
2037.072,43
2037.174,45
2037.276,50
2037.379,50
2037.481,54
2037.584,53
2037.686,52
2037.789,48
2037.891,46
2037.994,40
2038.096,37
2038.199,36
2038.301,27
2038.403,32
2038.506,35
2038.608,33
2038.711,37
2038.813,30
2038.916,25
2039.018,24
2039.121,27
2039.223,25
2039.326,23
2039.428,25
2039.531,29
2039.633,34
2039.736,31
2039.838,29
2039.941,30
2040.043,33
2040.146,34
2040.248,37
2040.351,40
2040.453,40
2040.556,45
2040.658,48
2040.761,52
2040.863,49
2040.966,49
2041.069,50
2041.171,50
2041.274,54
2041.376,57
2041.479,62
2041.581,64
2041.684,77
2041.786,81
2041.889,81
2041.991,76
2042.094,71
2042.197,71
2042.299,68
2042.402,74
2042.504,86
2042.607,89
2042.709,94
2042.812,99
2042.915,96
2043.017,99
2043.12,110
2043.222,119
2043.325,122
2043.428,118
2043.53,110
2043.633,94
2043.735,86
2043.838,80
2043.941,74
2044.043,73
2044.146,61
2044.248,63
2044.351,65
2044.454,62
2044.556,67
2044.659,74
2044.762,80
2044.864,85
2044.967,84
2045.069,81
2045.172,80
2045.275,77
2045.377,77
2045.48,71
2045.583,69
2045.685,68
2045.788,69
2045.891,70
2045.993,67
2046.096,63
2046.199,54
2046.301,55
2046.404,54
2046.507,54
2046.609,51
2046.712,49
2046.815,49
2046.917,51
2047.02,52
2047.123,46
2047.225,45
2047.328,43
2047.431,38
2047.534,39
2047.636,37
2047.739,36
2047.842,40
2047.944,44
2048.047,51
2048.15,63
2048.253,68
2048.355,69
2048.458,69
2048.561,63
2048.663,60
2048.766,70
2048.869,76
2048.972,88
2049.074,83
2049.177,74
2049.28,67
2049.383,63
2049.485,54
2049.588,53
2049.691,52
2049.794,46
2049.896,56
2049.999,52
2050.102,55
2050.205,60
2050.307,56
2050.41,57
2050.513,55
2050.616,52
2050.719,54
2050.821,60
2050.924,67
2051.027,82
2051.13,86
2051.233,85
2051.335,84
2051.438,81
2051.541,73
2051.644,67
2051.747,62
2051.849,61
2051.952,56
2052.055,56
2052.158,52
2052.261,46
2052.363,40
2052.466,43
2052.569,44
2052.672,43
2052.775,43
2052.878,51
2052.98,60
2053.083,72
2053.186,77
2053.289,80
2053.392,75
2053.495,62
2053.598,64
2053.7,69
2053.803,74
2053.906,79
2054.009,78
2054.112,74
2054.215,73
2054.318,71
2054.42,62
2054.523,57
2054.626,54
2054.729,48
2054.832,56
2054.935,65
2055.038,68
2055.141,70
2055.244,67
2055.346,66
2055.449,63
2055.552,61
2055.655,61
2055.758,62
2055.861,63
2055.964,61
2056.067,57
2056.17,56
2056.273,61
2056.376,50
2056.479,49
2056.582,57
2056.684,60
2056.787,74
2056.89,83
2056.993,76
2057.096,66
2057.199,54
2057.302,40
2057.405,45
2057.508,44
2057.611,39
2057.714,46
2057.817,42
2057.92,43
2058.023,44
2058.126,39
2058.229,46
2058.332,48
2058.435,51
2058.538,47
2058.641,42
2058.744,39
2058.847,36
2058.95,30
2059.053,33
2059.156,36
2059.259,36
2059.362,47
2059.465,41
2059.568,38
2059.671,42
2059.774,48
2059.877,60
2059.98,70
2060.083,82
2060.186,87
2060.289,83
2060.392,84
2060.495,89
2060.598,77
2060.701,72
2060.804,73
2060.907,65
2061.01,63
2061.113,62
2061.216,57
2061.319,57
2061.422,62
2061.525,57
2061.628,53
2061.731,50
2061.835,56
2061.938,64
2062.041,63
2062.144,62
2062.247,61
2062.35,55
2062.453,53
2062.556,59
2062.659,54
2062.762,56
2062.865,63
2062.968,74
2063.072,91
2063.175,96
2063.278,91
2063.381,86
2063.484,79
2063.587,73
2063.69,70
2063.793,65
2063.896,58
2064,57
2064.103,59
2064.206,60
2064.309,57
2064.412,49
2064.515,46
2064.618,38
2064.721,35
2064.825,39
2064.928,41
2065.031,48
2065.134,47
2065.237,53
2065.34,56
2065.444,62
2065.547,69
2065.65,68
2065.753,71
2065.856,70
2065.959,68
2066.063,67
2066.166,64
2066.269,72
2066.372,65
2066.475,73
2066.578,72
2066.682,70
2066.785,72
2066.888,68
2066.991,74
2067.094,84
2067.198,88
2067.301,89
2067.404,88
2067.507,86
2067.61,86
2067.714,88
2067.817,96
2067.92,100
2068.023,106
2068.127,106
2068.23,106
2068.333,108
2068.436,105
2068.539,106
2068.643,101
2068.746,95
2068.849,103
2068.952,104
2069.056,104
2069.159,98
2069.262,103
2069.365,93
2069.469,91
2069.572,84
2069.675,82
2069.779,85
2069.882,85
2069.985,82
2070.088,86
2070.192,87
2070.295,83
2070.398,83
2070.501,78
2070.605,77
2070.708,79
2070.811,74
2070.915,79
2071.018,76
2071.121,72
2071.225,67
2071.328,67
2071.431,66
2071.535,62
2071.638,69
2071.741,68
2071.844,66
2071.948,67
2072.051,61
2072.154,61
2072.258,61
2072.361,59
2072.464,58
2072.568,54
2072.671,54
2072.774,56
2072.878,57
2072.981,57
2073.085,54
2073.188,55
2073.291,57
2073.395,56
2073.498,56
2073.601,58
2073.705,59
2073.808,65
2073.911,61
2074.015,54
2074.118,42
2074.222,39
2074.325,37
2074.428,38
2074.532,44
2074.635,44
2074.739,45
2074.842,45
2074.945,49
2075.049,49
2075.152,45
2075.256,46
2075.359,48
2075.462,52
2075.566,54
2075.669,54
2075.773,48
2075.876,43
2075.979,46
2076.083,45
2076.186,42
2076.29,41
2076.393,44
2076.497,52
2076.6,55
2076.704,64
2076.807,67
2076.91,68
2077.014,67
2077.117,75
2077.221,79
2077.324,77
2077.428,71
2077.531,70
2077.635,61
2077.738,61
2077.842,59
2077.945,51
2078.049,54
2078.152,52
2078.256,49
2078.359,44
2078.462,45
2078.566,43
2078.669,48
2078.773,46
2078.876,41
2078.98,47
2079.083,42
2079.187,42
2079.29,40
2079.394,40
2079.498,37
2079.601,35
2079.705,33
2079.808,33
2079.912,33
2080.015,31
2080.119,32
2080.222,37
2080.326,38
2080.429,37
2080.533,40
2080.636,36
2080.74,37
2080.843,47
2080.947,40
2081.051,38
2081.154,38
2081.258,41
2081.361,51
2081.465,56
2081.568,62
2081.672,52
2081.776,48
2081.879,49
2081.983,42
2082.086,49
2082.19,55
2082.293,57
2082.397,64
2082.501,67
2082.604,65
2082.708,66
2082.811,63
2082.915,60
2083.019,58
2083.122,53
2083.226,53
2083.329,44
2083.433,47
2083.537,55
2083.64,60
2083.744,71
2083.848,78
2083.951,79
2084.055,78
2084.158,85
2084.262,73
2084.366,67
2084.469,62
2084.573,51
2084.677,55
2084.78,53
2084.884,54
2084.988,48
2085.091,51
2085.195,54
2085.299,62
2085.402,65
2085.506,68
2085.61,65
2085.713,65
2085.817,56
2085.921,48
2086.024,47
2086.128,41
2086.232,46
2086.335,44
2086.439,44
2086.543,40
2086.646,40
2086.75,50
2086.854,53
2086.958,60
2087.061,61
2087.165,64
2087.269,66
2087.372,66
2087.476,75
2087.58,65
2087.684,58
2087.787,50
2087.891,33
2087.995,36
2088.099,37
2088.202,43
2088.306,41
2088.41,45
2088.513,43
2088.617,36
2088.721,38
2088.825,38
2088.928,42
2089.032,50
2089.136,51
2089.24,44
2089.344,42
2089.447,38
2089.551,45
2089.655,43
2089.759,47
2089.862,50
2089.966,48
2090.07,50
2090.174,49
2090.278,46
2090.381,56
2090.485,64
2090.589,65
2090.693,65
2090.797,67
2090.9,67
2091.004,74
2091.108,85
2091.212,85
2091.316,81
2091.419,76
2091.523,73
2091.627,68
2091.731,62
2091.835,59
2091.939,54
2092.042,60
2092.146,69
2092.25,82
2092.354,99
2092.458,107
2092.562,109
2092.665,105
2092.769,102
2092.873,84
2092.977,71
2093.081,59
2093.185,47
2093.289,35
2093.392,31
2093.496,35
2093.6,35
2093.704,36
2093.808,47
2093.912,48
2094.016,50
2094.12,59
2094.223,67
2094.327,71
2094.431,80
2094.535,89
2094.639,92
2094.743,101
2094.847,102
2094.951,105
2095.055,98
2095.159,93
2095.263,96
2095.366,86
2095.47,85
2095.574,77
2095.678,63
2095.782,50
2095.886,44
2095.99,44
2096.094,51
2096.198,57
2096.302,57
2096.406,59
2096.51,62
2096.614,52
2096.718,48
2096.822,45
2096.926,38
2097.029,31
2097.133,32
2097.237,33
2097.341,31
2097.445,34
2097.549,46
2097.653,49
2097.757,60
2097.861,66
2097.965,59
2098.069,57
2098.173,57
2098.277,52
2098.381,46
2098.485,44
2098.589,41
2098.693,45
2098.797,48
2098.901,48
2099.005,48
2099.109,54
2099.213,60
2099.317,61
2099.421,69
2099.525,74
2099.629,70
2099.733,68
2099.837,64
2099.941,66
2100.045,65
2100.15,64
2100.254,60
2100.358,57
2100.462,52
2100.566,49
2100.67,48
2100.774,37
2100.878,33
2100.982,29
2101.086,21
2101.19,20
2101.294,19
2101.398,20
2101.502,28
2101.606,36
2101.71,36
2101.814,41
2101.919,40
2102.023,39
2102.127,45
2102.231,46
2102.335,47
2102.439,50
2102.543,50
2102.647,49
2102.751,52
2102.855,55
2102.96,53
2103.064,53
2103.168,56
2103.272,55
2103.376,54
2103.48,50
2103.584,48
2103.688,46
2103.793,52
2103.897,51
2104.001,48
2104.105,53
2104.209,53
2104.313,60
2104.417,70
2104.522,75
2104.626,79
2104.73,78
2104.834,73
2104.938,69
2105.042,75
2105.146,72
2105.251,67
2105.355,63
2105.459,59
2105.563,59
2105.667,55
2105.772,54
2105.876,52
2105.98,53
2106.084,43
2106.188,37
2106.292,33
2106.397,32
2106.501,35
2106.605,36
2106.709,39
2106.813,38
2106.918,39
2107.022,37
2107.126,37
2107.23,38
2107.335,36
2107.439,39
2107.543,39
2107.647,40
2107.751,47
2107.856,44
2107.96,48
2108.064,50
2108.168,57
2108.273,54
2108.377,54
2108.481,56
2108.585,56
2108.69,46
2108.794,43
2108.898,41
2109.002,38
2109.107,44
2109.211,46
2109.315,49
2109.42,51
2109.524,52
2109.628,47
2109.732,47
2109.837,45
2109.941,42
2110.045,44
2110.15,46
2110.254,48
2110.358,53
2110.462,56
2110.567,52
2110.671,53
2110.775,56
2110.88,59
2110.984,62
2111.088,70
2111.193,67
2111.297,64
2111.401,59
2111.506,50
2111.61,60
2111.714,60
2111.819,61
2111.923,61
2112.027,58
2112.132,58
2112.236,57
2112.34,53
2112.445,50
2112.549,51
2112.653,50
2112.758,47
2112.862,55
2112.966,64
2113.071,73
2113.175,78
2113.279,71
2113.384,78
2113.488,74
2113.593,70
2113.697,76
2113.801,76
2113.906,78
2114.01,78
2114.115,73
2114.219,72
2114.323,70
2114.428,69
2114.532,68
2114.637,62
2114.741,64
2114.845,68
2114.95,58
2115.054,59
2115.159,61
2115.263,50
2115.367,46
2115.472,51
2115.576,60
2115.681,66
2115.785,68
2115.89,64
2115.994,62
2116.098,57
2116.203,56
2116.307,50
2116.412,43
2116.516,41
2116.621,42
2116.725,43
2116.83,45
2116.934,47
2117.039,46
2117.143,46
2117.248,45
2117.352,39
2117.456,42
2117.561,49
2117.665,50
2117.77,56
2117.874,59
2117.979,63
2118.083,68
2118.188,69
2118.292,78
2118.397,81
2118.501,78
2118.606,79
2118.71,73
2118.815,75
2118.919,73
2119.024,71
2119.128,63
2119.233,61
2119.337,57
2119.442,60
2119.547,47
2119.651,49
2119.756,53
2119.86,55
2119.965,68
2120.069,68
2120.174,69
2120.278,62
2120.383,52
2120.487,50
2120.592,56
2120.697,56
2120.801,52
2120.906,58
2121.01,54
2121.115,53
2121.219,58
2121.324,62
2121.429,63
2121.533,65
2121.638,61
2121.742,52
2121.847,47
2121.951,40
2122.056,44
2122.161,43
2122.265,43
2122.37,42
2122.474,43
2122.579,45
2122.684,51
2122.788,59
2122.893,53
2122.997,57
2123.102,52
2123.207,45
2123.311,43
2123.416,41
2123.521,40
2123.625,44
2123.73,49
2123.834,54
2123.939,60
2124.044,63
2124.148,64
2124.253,54
2124.358,46
2124.462,37
2124.567,29
2124.672,27
2124.776,26
2124.881,22
2124.986,24
2125.09,27
2125.195,27
2125.3,37
2125.404,37
2125.509,40
2125.614,40
2125.718,40
2125.823,38
2125.928,36
2126.032,40
2126.137,37
2126.242,49
2126.347,51
2126.451,46
2126.556,34
2126.661,32
2126.765,31
2126.87,32
2126.975,36
2127.08,38
2127.184,40
2127.289,44
2127.394,49
2127.498,50
2127.603,58
2127.708,56
2127.813,51
2127.917,50
2128.022,45
2128.127,50
2128.232,56
2128.336,59
2128.441,62
2128.546,59
2128.651,49
2128.755,49
2128.86,45
2128.965,40
2129.07,35
2129.174,29
2129.279,30
2129.384,32
2129.489,41
2129.594,43
2129.698,43
2129.803,45
2129.908,41
2130.013,50
2130.117,48
2130.222,45
2130.327,37
2130.432,26
2130.537,24
2130.641,20
2130.746,24
2130.851,24
2130.956,25
2131.061,28
2131.166,30
2131.27,44
2131.375,50
2131.48,52
2131.585,51
2131.69,58
2131.795,67
2131.899,73
2132.004,80
2132.109,87
2132.214,75
2132.319,73
2132.424,66
2132.528,55
2132.633,56
2132.738,51
2132.843,49
2132.948,46
2133.053,40
2133.158,35
2133.263,26
2133.367,19
2133.472,19
2133.577,23
2133.682,28
2133.787,39
2133.892,38
2133.997,37
2134.102,38
2134.206,36
2134.311,31
2134.416,30
2134.521,31
2134.626,18
2134.731,18
2134.836,20
2134.941,24
2135.046,26
2135.151,32
2135.256,40
2135.361,42
2135.465,41
2135.57,40
2135.675,35
2135.78,38
2135.885,40
2135.99,46
2136.095,49
2136.2,45
2136.305,53
2136.41,53
2136.515,53
2136.62,53
2136.725,53
2136.83,52
2136.935,51
2137.04,55
2137.145,56
2137.25,60
2137.355,59
2137.46,62
2137.565,64
2137.67,55
2137.775,52
2137.88,55
2137.985,57
2138.09,64
2138.195,68
2138.3,64
2138.405,63
2138.51,60
2138.615,61
2138.72,66
2138.825,57
2138.93,62
2139.035,63
2139.14,70
2139.245,76
2139.35,71
2139.455,67
2139.56,59
2139.665,59
2139.77,54
2139.875,57
2139.98,61
2140.085,71
2140.19,84
2140.295,90
2140.4,103
2140.505,94
2140.61,85
2140.715,80
2140.82,71
2140.925,61
2141.03,51
2141.136,43
2141.241,29
2141.346,26
2141.451,28
2141.556,30
2141.661,29
2141.766,36
2141.871,38
2141.976,44
2142.081,50
2142.186,53
2142.291,58
2142.397,57
2142.502,64
2142.607,61
2142.712,53
2142.817,45
2142.922,31
2143.027,20
2143.132,23
2143.237,28
2143.343,34
2143.448,46
2143.553,50
2143.658,56
2143.763,59
2143.868,63
2143.973,57
2144.079,54
2144.184,53
2144.289,53
2144.394,50
2144.499,46
2144.604,46
2144.709,43
2144.815,44
2144.92,40
2145.025,32
2145.13,33
2145.235,34
2145.34,35
2145.446,42
2145.551,39
2145.656,34
2145.761,32
2145.866,27
2145.972,33
2146.077,39
2146.182,42
2146.287,49
2146.392,61
2146.498,65
2146.603,70
2146.708,78
2146.813,69
2146.918,61
2147.024,53
2147.129,44
2147.234,38
2147.339,33
2147.445,30
2147.55,32
2147.655,26
2147.76,27
2147.865,29
2147.971,22
2148.076,26
2148.181,29
2148.286,30
2148.392,36
2148.497,37
2148.602,34
2148.708,34
2148.813,28
2148.918,22
2149.023,22
2149.129,22
2149.234,24
2149.339,31
2149.444,37
2149.55,44
2149.655,49
2149.76,53
2149.866,60
2149.971,69
2150.076,79
2150.181,73
2150.287,72
2150.392,62
2150.497,53
2150.603,57
2150.708,46
2150.813,45
2150.919,47
2151.024,41
2151.129,47
2151.235,46
2151.34,45
2151.445,49
2151.551,47
2151.656,48
2151.761,46
2151.867,50
2151.972,51
2152.077,55
2152.183,64
2152.288,58
2152.393,57
2152.499,54
2152.604,43
2152.709,39
2152.815,33
2152.92,33
2153.025,30
2153.131,29
2153.236,31
2153.342,34
2153.447,42
2153.552,45
2153.658,56
2153.763,63
2153.868,74
2153.974,83
2154.079,92
2154.185,91
2154.29,92
2154.395,81
2154.501,70
2154.606,63
2154.712,51
2154.817,56
2154.923,50
2155.028,50
2155.133,47
2155.239,42
2155.344,36
2155.45,35
2155.555,32
2155.66,28
2155.766,27
2155.871,24
2155.977,27
2156.082,25
2156.188,29
2156.293,32
2156.399,28
2156.504,37
2156.61,43
2156.715,43
2156.82,44
2156.926,42
2157.031,38
2157.137,37
2157.242,35
2157.348,32
2157.453,29
2157.559,26
2157.664,25
2157.77,33
2157.875,31
2157.981,32
2158.086,31
2158.192,24
2158.297,24
2158.403,24
2158.508,25
2158.614,26
2158.719,29
2158.825,27
2158.93,34
2159.036,33
2159.141,35
2159.247,31
2159.352,25
2159.458,28
2159.563,28
2159.669,30
2159.774,33
2159.88,33
2159.986,36
2160.091,34
2160.197,29
2160.302,29
2160.408,26
2160.513,26
2160.619,27
2160.724,27
2160.83,30
2160.936,34
2161.041,40
2161.147,42
2161.252,47
2161.358,50
2161.463,46
2161.569,45
2161.675,43
2161.78,41
2161.886,40
2161.991,38
2162.097,43
2162.203,44
2162.308,52
2162.414,64
2162.519,62
2162.625,71
2162.731,75
2162.836,73
2162.942,69
2163.047,63
2163.153,60
2163.259,64
2163.364,67
2163.47,62
2163.576,55
2163.681,53
2163.787,55
2163.892,57
2163.998,55
2164.104,53
2164.209,52
2164.315,50
2164.421,38
2164.526,38
2164.632,43
2164.738,56
2164.843,65
2164.949,84
2165.055,87
2165.16,83
2165.266,77
2165.372,70
2165.477,69
2165.583,65
2165.689,60
2165.794,61
2165.9,61
2166.006,60
2166.111,57
2166.217,52
2166.323,46
2166.429,43
2166.534,40
2166.64,40
2166.746,48
2166.851,50
2166.957,53
2167.063,47
2167.169,43
2167.274,38
2167.38,31
2167.486,28
2167.591,24
2167.697,23
2167.803,24
2167.909,28
2168.014,32
2168.12,39
2168.226,47
2168.332,49
2168.437,52
2168.543,48
2168.649,41
2168.755,44
2168.86,40
2168.966,38
2169.072,39
2169.178,32
2169.284,30
2169.389,32
2169.495,37
2169.601,41
2169.707,45
2169.812,52
2169.918,62
2170.024,71
2170.13,58
2170.236,47
2170.341,31
2170.447,25
2170.553,23
2170.659,24
2170.765,28
2170.87,30
2170.976,36
2171.082,45
2171.188,53
2171.294,58
2171.4,60
2171.505,57
2171.611,52
2171.717,46
2171.823,46
2171.929,44
2172.035,42
2172.14,39
2172.246,36
2172.352,39
2172.458,44
2172.564,49
2172.67,53
2172.776,54
2172.881,54
2172.987,46
2173.093,47
2173.199,46
2173.305,43
2173.411,39
2173.517,36
2173.622,33
2173.728,25
2173.834,29
2173.94,32
2174.046,33
2174.152,39
2174.258,43
2174.364,42
2174.47,43
2174.576,47
2174.681,39
2174.787,37
2174.893,36
2174.999,31
2175.105,29
2175.211,34
2175.317,34
2175.423,29
2175.529,28
2175.635,28
2175.741,29
2175.847,30
2175.953,31
2176.058,35
2176.164,41
2176.27,49
2176.376,51
2176.482,47
2176.588,46
2176.694,42
2176.8,38
2176.906,41
2177.012,41
2177.118,33
2177.224,25
2177.33,26
2177.436,23
2177.542,19
2177.648,24
2177.754,27
2177.86,30
2177.966,36
2178.072,41
2178.178,43
2178.284,48
2178.39,48
2178.496,43
2178.602,40
2178.708,40
2178.814,38
2178.92,39
2179.026,47
2179.132,42
2179.238,42
2179.344,39
2179.45,31
2179.556,35
2179.662,40
2179.768,43
2179.874,51
2179.98,55
2180.086,58
2180.192,62
2180.298,54
2180.404,48
2180.51,41
2180.616,33
2180.723,28
2180.829,26
2180.935,26
2181.041,23
2181.147,26
2181.253,25
2181.359,27
2181.465,29
2181.571,26
2181.677,25
2181.783,27
2181.889,27
2181.995,31
2182.102,32
2182.208,35
2182.314,30
2182.42,28
2182.526,29
2182.632,28
2182.738,36
2182.844,41
2182.95,48
2183.056,49
2183.163,48
2183.269,46
2183.375,45
2183.481,45
2183.587,59
2183.693,65
2183.799,66
2183.905,71
2184.012,58
2184.118,55
2184.224,54
2184.33,50
2184.436,51
2184.542,59
2184.649,55
2184.755,51
2184.861,46
2184.967,41
2185.073,45
2185.179,47
2185.285,55
2185.392,50
2185.498,47
2185.604,43
2185.71,42
2185.816,47
2185.923,48
2186.029,51
2186.135,49
2186.241,45
2186.347,44
2186.454,42
2186.56,35
2186.666,43
2186.772,44
2186.878,40
2186.985,38
2187.091,34
2187.197,39
2187.303,36
2187.409,38
2187.516,32
2187.622,27
2187.728,29
2187.834,30
2187.941,35
2188.047,42
2188.153,47
2188.259,57
2188.366,54
2188.472,50
2188.578,45
2188.684,39
2188.791,37
2188.897,39
2189.003,41
2189.109,32
2189.216,28
2189.322,26
2189.428,27
2189.534,28
2189.641,34
2189.747,39
2189.853,51
2189.96,65
2190.066,68
2190.172,65
2190.279,60
2190.385,64
2190.491,61
2190.597,59
2190.704,58
2190.81,53
2190.916,51
2191.023,49
2191.129,45
2191.235,47
2191.342,40
2191.448,38
2191.554,41
2191.661,37
2191.767,36
2191.873,37
2191.98,30
2192.086,36
2192.192,36
2192.299,35
2192.405,35
2192.511,37
2192.618,46
2192.724,49
2192.83,52
2192.937,51
2193.043,53
2193.149,49
2193.256,52
2193.362,42
2193.469,44
2193.575,41
2193.681,36
2193.788,34
2193.894,32
2194,31
2194.107,33
2194.213,30
2194.32,33
2194.426,39
2194.532,44
2194.639,49
2194.745,50
2194.852,46
2194.958,50
2195.064,52
2195.171,56
2195.277,56
2195.384,54
2195.49,53
2195.597,45
2195.703,43
2195.809,35
2195.916,31
2196.022,32
2196.129,32
2196.235,36
2196.342,45
2196.448,51
2196.555,52
2196.661,51
2196.767,55
2196.874,58
2196.98,56
2197.087,56
2197.193,45
2197.3,44
2197.406,47
2197.513,46
2197.619,35
2197.726,32
2197.832,28
2197.939,24
2198.045,30
2198.152,29
2198.258,31
2198.365,30
2198.471,33
2198.578,36
2198.684,37
2198.791,38
2198.897,47
2199.004,49
2199.11,51
2199.217,50
2199.323,47
2199.43,44
2199.536,42
2199.643,39
2199.749,33
2199.856,32
2199.962,30
2200.069,23
2200.175,19
2200.282,17
2200.389,17
2200.495,20
2200.602,24
2200.708,27
2200.815,33
2200.921,33
2201.028,39
2201.134,45
2201.241,48
2201.348,57
2201.454,71
2201.561,66
2201.667,66
2201.774,64
2201.88,59
2201.987,50
2202.094,40
2202.2,35
2202.307,29
2202.413,31
2202.52,31
2202.627,32
2202.733,32
2202.84,34
2202.946,36
2203.053,39
2203.16,46
2203.266,46
2203.373,49
2203.479,43
2203.586,49
2203.693,46
2203.799,45
2203.906,39
2204.013,35
2204.119,32
2204.226,32
2204.333,35
2204.439,33
2204.546,40
2204.652,40
2204.759,43
2204.866,37
2204.972,35
2205.079,36
2205.186,30
2205.292,29
2205.399,25
2205.506,19
2205.612,19
2205.719,20
2205.826,23
2205.932,25
2206.039,22
2206.146,26
2206.253,27
2206.359,29
2206.466,33
2206.573,32
2206.679,35
2206.786,35
2206.893,34
2206.999,34
2207.106,36
2207.213,35
2207.32,37
2207.426,36
2207.533,33
2207.64,33
2207.746,31
2207.853,26
2207.96,27
2208.067,27
2208.173,28
2208.28,33
2208.387,32
2208.494,32
2208.6,29
2208.707,27
2208.814,26
2208.921,27
2209.027,29
2209.134,26
2209.241,27
2209.348,26
2209.454,25
2209.561,30
2209.668,32
2209.775,36
2209.882,49
2209.988,59
2210.095,61
2210.202,63
2210.309,60
2210.415,61
2210.522,67
2210.629,67
2210.736,68
2210.843,57
2210.95,52
2211.056,50
2211.163,47
2211.27,51
2211.377,52
2211.484,53
2211.59,59
2211.697,51
2211.804,53
2211.911,54
2212.018,53
2212.125,63
2212.231,56
2212.338,50
2212.445,39
2212.552,37
2212.659,36
2212.766,35
2212.872,42
2212.979,39
2213.086,42
2213.193,46
2213.3,46
2213.407,53
2213.514,60
2213.62,60
2213.727,65
2213.834,67
2213.941,61
2214.048,57
2214.155,54
2214.262,47
2214.369,45
2214.476,40
2214.582,30
2214.689,28
2214.796,32
2214.903,34
2215.01,30
2215.117,34
2215.224,42
2215.331,49
2215.438,57
2215.545,66
2215.652,65
2215.758,65
2215.865,65
2215.972,58
2216.079,53
2216.186,50
2216.293,48
2216.4,47
2216.507,54
2216.614,54
2216.721,54
2216.828,53
2216.935,53
2217.042,61
2217.149,66
2217.256,79
2217.363,76
2217.47,71
2217.577,68
2217.684,58
2217.791,53
2217.898,47
2218.005,45
2218.111,35
2218.218,32
2218.325,32
2218.432,25
2218.539,23
2218.646,26
2218.753,23
2218.86,25
2218.967,24
2219.074,27
2219.181,28
2219.288,25
2219.395,29
2219.502,31
2219.61,31
2219.717,33
2219.824,32
2219.931,29
2220.038,28
2220.145,23
2220.252,16
2220.359,19
2220.466,25
2220.573,25
2220.68,31
2220.787,35
2220.894,35
2221.001,39
2221.108,40
2221.215,39
2221.322,43
2221.429,47
2221.536,49
2221.643,53
2221.75,57
2221.858,64
2221.965,63
2222.072,59
2222.179,54
2222.286,48
2222.393,44
2222.5,42
2222.607,41
2222.714,39
2222.821,43
2222.928,46
2223.036,47
2223.143,50
2223.25,38
2223.357,35
2223.464,36
2223.571,38
2223.678,38
2223.785,37
2223.892,36
2224,32
2224.107,32
2224.214,34
2224.321,33
2224.428,29
2224.535,22
2224.642,17
2224.75,18
2224.857,19
2224.964,24
2225.071,32
2225.178,44
2225.285,46
2225.392,55
2225.5,57
2225.607,46
2225.714,43
2225.821,40
2225.928,35
2226.035,35
2226.143,36
2226.25,40
2226.357,37
2226.464,40
2226.571,43
2226.679,40
2226.786,44
2226.893,39
2227,38
2227.107,43
2227.215,47
2227.322,52
2227.429,52
2227.536,54
2227.643,56
2227.751,55
2227.858,66
2227.965,62
2228.072,53
2228.18,55
2228.287,50
2228.394,61
2228.501,62
2228.609,62
2228.716,55
2228.823,47
2228.93,46
2229.038,44
2229.145,39
2229.252,39
2229.359,39
2229.467,41
2229.574,44
2229.681,53
2229.788,59
2229.896,66
2230.003,72
2230.11,63
2230.217,53
2230.325,44
2230.432,35
2230.539,34
2230.647,34
2230.754,33
2230.861,32
2230.968,36
2231.076,36
2231.183,41
2231.29,47
2231.398,51
2231.505,53
2231.612,57
2231.72,53
2231.827,45
2231.934,44
2232.042,42
2232.149,41
2232.256,47
2232.364,47
2232.471,45
2232.578,52
2232.686,49
2232.793,50
2232.9,50
2233.008,53
2233.115,51
2233.222,47
2233.33,45
2233.437,41
2233.544,45
2233.652,45
2233.759,44
2233.867,37
2233.974,38
2234.081,43
2234.189,46
2234.296,50
2234.403,48
2234.511,47
2234.618,44
2234.726,41
2234.833,41
2234.94,36
2235.048,36
2235.155,36
2235.263,40
2235.37,42
2235.477,50
2235.585,52
2235.692,59
2235.8,61
2235.907,61
2236.014,63
2236.122,62
2236.229,58
2236.337,55
2236.444,49
2236.552,41
2236.659,43
2236.767,40
2236.874,43
2236.981,43
2237.089,42
2237.196,47
2237.304,47
2237.411,54
2237.519,59
2237.626,56
2237.734,55
2237.841,55
2237.949,53
2238.056,54
2238.163,53
2238.271,58
2238.378,57
2238.486,54
2238.593,47
2238.701,49
2238.808,59
2238.916,63
2239.023,70
2239.131,67
2239.238,63
2239.346,61
2239.453,66
2239.561,60
2239.668,59
2239.776,58
2239.883,50
2239.991,57
2240.098,54
2240.206,55
2240.314,52
2240.421,48
2240.529,49
2240.636,45
2240.744,52
2240.851,46
2240.959,43
2241.066,45
2241.174,40
2241.281,33
2241.389,34
2241.497,31
2241.604,30
2241.712,35
2241.819,32
2241.927,35
2242.034,39
2242.142,44
2242.249,42
2242.357,39
2242.465,35
2242.572,32
2242.68,29
2242.787,28
2242.895,32
2243.003,37
2243.11,34
2243.218,36
2243.325,42
2243.433,44
2243.541,44
2243.648,41
2243.756,30
2243.863,24
2243.971,23
2244.079,23
2244.186,26
2244.294,31
2244.402,33
2244.509,33
2244.617,31
2244.724,29
2244.832,27
2244.94,28
2245.047,32
2245.155,33
2245.263,37
2245.37,40
2245.478,37
2245.586,40
2245.693,36
2245.801,29
2245.909,24
2246.016,20
2246.124,19
2246.232,18
2246.339,21
2246.447,20
2246.555,22
2246.662,26
2246.77,31
2246.878,31
2246.985,38
2247.093,42
2247.201,45
2247.308,48
2247.416,47
2247.524,43
2247.632,38
2247.739,33
2247.847,42
2247.955,52
2248.062,60
2248.17,61
2248.278,66
2248.386,67
2248.493,67
2248.601,77
2248.709,73
2248.817,68
2248.924,66
2249.032,56
2249.14,52
2249.248,47
2249.355,52
2249.463,45
2249.571,38
2249.679,35
2249.786,35
2249.894,31
2250.002,31
2250.11,30
2250.217,31
2250.325,33
2250.433,33
2250.541,35
2250.648,28
2250.756,31
2250.864,33
2250.972,31
2251.08,32
2251.187,30
2251.295,30
2251.403,29
2251.511,24
2251.619,29
2251.726,26
2251.834,26
2251.942,22
2252.05,23
2252.158,24
2252.265,28
2252.373,32
2252.481,34
2252.589,40
2252.697,43
2252.805,47
2252.912,49
2253.02,52
2253.128,58
2253.236,58
2253.344,59
2253.452,56
2253.56,50
2253.667,50
2253.775,43
2253.883,40
2253.991,35
2254.099,26
2254.207,25
2254.315,22
2254.422,25
2254.53,28
2254.638,33
2254.746,32
2254.854,33
2254.962,32
2255.07,28
2255.178,32
2255.286,33
2255.393,30
2255.501,32
2255.609,33
2255.717,32
2255.825,34
2255.933,44
2256.041,47
2256.149,45
2256.257,45
2256.365,41
2256.473,42
2256.58,47
2256.688,64
2256.796,69
2256.904,70
2257.012,67
2257.12,61
2257.228,56
2257.336,55
2257.444,59
2257.552,73
2257.66,82
2257.768,91
2257.876,85
2257.984,70
2258.092,62
2258.2,51
2258.308,46
2258.416,31
2258.524,26
2258.632,20
2258.74,21
2258.848,25
2258.955,34
2259.063,38
2259.171,44
2259.279,59
2259.387,64
2259.495,71
2259.603,73
2259.711,73
2259.819,71
2259.927,64
2260.035,62
2260.143,55
2260.252,57
2260.36,56
2260.468,53
2260.576,49
2260.684,44
2260.792,43
2260.9,40
2261.008,36
2261.116,41
2261.224,43
2261.332,46
2261.44,54
2261.548,56
2261.656,59
2261.764,62
2261.872,65
2261.98,68
2262.088,70
2262.196,73
2262.304,70
2262.412,64
2262.52,53
2262.629,45
2262.737,33
2262.845,33
2262.953,34
2263.061,31
2263.169,32
2263.277,38
2263.385,42
2263.493,47
2263.601,52
2263.709,56
2263.817,53
2263.926,49
2264.034,44
2264.142,34
2264.25,31
2264.358,32
2264.466,28
2264.574,28
2264.682,26
2264.791,25
2264.899,27
2265.007,33
2265.115,40
2265.223,44
2265.331,48
2265.439,47
2265.547,47
2265.656,47
2265.764,42
2265.872,43
2265.98,37
2266.088,37
2266.196,32
2266.305,25
2266.413,26
2266.521,28
2266.629,33
2266.737,35
2266.845,36
2266.954,30
2267.062,27
2267.17,34
2267.278,35
2267.386,34
2267.495,32
2267.603,31
2267.711,28
2267.819,27
2267.927,32
2268.036,32
2268.144,31
2268.252,30
2268.36,28
2268.468,28
2268.577,32
2268.685,37
2268.793,41
2268.901,39
2269.01,33
2269.118,30
2269.226,25
2269.334,29
2269.442,28
2269.551,30
2269.659,27
2269.767,32
2269.875,34
2269.984,35
2270.092,38
2270.2,37
2270.308,44
2270.417,42
2270.525,45
2270.633,49
2270.742,48
2270.85,48
2270.958,45
2271.066,41
2271.175,37
2271.283,32
2271.391,26
2271.499,29
2271.608,28
2271.716,28
2271.824,23
2271.933,23
2272.041,21
2272.149,19
2272.258,27
2272.366,30
2272.474,31
2272.583,34
2272.691,35
2272.799,34
2272.908,40
2273.016,44
2273.124,38
2273.232,48
2273.341,47
2273.449,46
2273.558,42
2273.666,34
2273.774,30
2273.883,23
2273.991,26
2274.099,26
2274.208,28
2274.316,31
2274.424,42
2274.533,43
2274.641,44
2274.749,45
2274.858,37
2274.966,40
2275.075,39
2275.183,40
2275.291,44
2275.4,46
2275.508,43
2275.616,43
2275.725,45
2275.833,43
2275.942,48
2276.05,52
2276.158,56
2276.267,52
2276.375,50
2276.484,48
2276.592,46
2276.7,55
2276.809,47
2276.917,43
2277.026,37
2277.134,28
2277.243,25
2277.351,19
2277.459,16
2277.568,16
2277.676,20
2277.785,23
2277.893,24
2278.002,30
2278.11,33
2278.219,35
2278.327,40
2278.436,36
2278.544,39
2278.652,40
2278.761,38
2278.869,39
2278.978,33
2279.086,29
2279.195,29
2279.303,23
2279.412,24
2279.52,22
2279.629,25
2279.737,20
2279.846,15
2279.954,14
2280.063,13
2280.171,15
2280.28,18
2280.388,22
2280.497,23
2280.605,24
2280.714,26
2280.822,25
2280.931,26
2281.039,28
2281.148,27
2281.256,28
2281.365,33
2281.473,31
2281.582,29
2281.69,33
2281.799,34
2281.908,35
2282.016,42
2282.125,43
2282.233,41
2282.342,46
2282.45,42
2282.559,38
2282.667,33
2282.776,28
2282.885,29
2282.993,32
2283.102,36
2283.21,42
2283.319,47
2283.427,48
2283.536,49
2283.645,45
2283.753,44
2283.862,51
2283.97,53
2284.079,63
2284.188,66
2284.296,63
2284.405,67
2284.513,61
2284.622,59
2284.731,60
2284.839,60
2284.948,62
2285.056,61
2285.165,55
2285.274,50
2285.382,45
2285.491,39
2285.6,34
2285.708,24
2285.817,17
2285.926,14
2286.034,14
2286.143,16
2286.251,21
2286.36,21
2286.469,23
2286.577,27
2286.686,31
2286.795,37
2286.903,43
2287.012,44
2287.121,53
2287.229,48
2287.338,44
2287.447,44
2287.555,47
2287.664,46
2287.773,47
2287.881,42
2287.99,39
2288.099,41
2288.208,40
2288.316,38
2288.425,41
2288.534,46
2288.642,51
2288.751,51
2288.86,51
2288.969,51
2289.077,55
2289.186,57
2289.295,65
2289.403,65
2289.512,57
2289.621,54
2289.73,45
2289.838,41
2289.947,39
2290.056,38
2290.165,33
2290.273,30
2290.382,27
2290.491,23
2290.6,16
2290.708,15
2290.817,17
2290.926,20
2291.035,22
2291.143,32
2291.252,40
2291.361,51
2291.47,63
2291.578,67
2291.687,68
2291.796,63
2291.905,66
2292.014,57
2292.122,52
2292.231,47
2292.34,38
2292.449,41
2292.558,45
2292.666,51
2292.775,52
2292.884,49
2292.993,42
2293.102,36
2293.21,33
2293.319,34
2293.428,38
2293.537,42
2293.646,43
2293.755,42
2293.863,46
2293.972,51
2294.081,57
2294.19,62
2294.299,57
2294.408,55
2294.516,52
2294.625,46
2294.734,49
2294.843,49
2294.952,44
2295.061,43
2295.17,46
2295.278,53
2295.387,51
2295.496,49
2295.605,45
2295.714,37
2295.823,29
2295.932,25
2296.041,21
2296.149,17
2296.258,12
2296.367,13
2296.476,14
2296.585,16
2296.694,20
2296.803,24
2296.912,26
2297.021,27
2297.13,32
2297.238,29
2297.347,28
2297.456,33
2297.565,29
2297.674,33
2297.783,36
2297.892,42
2298.001,45
2298.11,49
2298.219,47
2298.328,45
2298.437,47
2298.546,47
2298.655,51
2298.764,53
2298.873,57
2298.981,53
2299.09,44
2299.199,30
2299.308,17
2299.417,14
2299.526,17
2299.635,20
2299.744,23
2299.853,25
2299.962,29
2300.071,34
2300.18,40
2300.289,45
2300.398,52
2300.507,53
2300.616,58
2300.725,58
2300.834,50
2300.943,40
2301.052,30
2301.161,27
2301.27,28
2301.379,35
2301.488,36
2301.597,36
2301.706,37
2301.815,38
2301.924,42
2302.033,42
2302.142,42
2302.251,40
2302.36,32
2302.469,34
2302.579,40
2302.688,43
2302.797,48
2302.906,42
2303.015,39
2303.124,37
2303.233,24
2303.342,23
2303.451,19
2303.56,20
2303.669,19
2303.778,20
2303.887,21
2303.996,27
2304.105,33
2304.215,34
2304.324,35
2304.433,32
2304.542,30
2304.651,36
2304.76,39
2304.869,43
2304.978,43
2305.087,47
2305.196,51
2305.305,54
2305.415,52
2305.524,46
2305.633,42
2305.742,31
2305.851,39
2305.96,47
2306.069,51
2306.178,60
2306.288,52
2306.397,43
2306.506,39
2306.615,31
2306.724,27
2306.833,27
2306.942,26
2307.052,29
2307.161,27
2307.27,31
2307.379,39
2307.488,45
2307.597,60
2307.707,62
2307.816,65
2307.925,68
2308.034,66
2308.143,61
2308.252,51
2308.362,45
2308.471,37
2308.58,36
2308.689,35
2308.798,32
2308.908,42
2309.017,49
2309.126,51
2309.235,51
2309.344,51
2309.454,48
2309.563,47
2309.672,51
2309.781,47
2309.89,46
2310,50
2310.109,55
2310.218,54
2310.327,54
2310.437,52
2310.546,54
2310.655,51
2310.764,47
2310.874,47
2310.983,41
2311.092,42
2311.201,40
2311.311,39
2311.42,35
2311.529,29
2311.638,33
2311.748,34
2311.857,32
2311.966,39
2312.075,39
2312.185,38
2312.294,37
2312.403,31
2312.513,35
2312.622,41
2312.731,45
2312.84,56
2312.95,61
2313.059,65
2313.168,71
2313.278,86
2313.387,79
2313.496,68
2313.606,59
2313.715,43
2313.824,37
2313.933,38
2314.043,35
2314.152,24
2314.261,25
2314.371,24
2314.48,22
2314.589,21
2314.699,25
2314.808,26
2314.917,30
2315.027,39
2315.136,44
2315.246,48
2315.355,54
2315.464,58
2315.574,55
2315.683,54
2315.792,56
2315.902,45
2316.011,47
2316.12,55
2316.23,59
2316.339,68
2316.449,78
2316.558,72
2316.667,66
2316.777,63
2316.886,57
2316.995,53
2317.105,54
2317.214,44
2317.324,48
2317.433,51
2317.542,55
2317.652,63
2317.761,60
2317.871,57
2317.98,47
2318.09,49
2318.199,46
2318.308,47
2318.418,42
2318.527,53
2318.637,53
2318.746,47
2318.856,39
2318.965,25
2319.074,27
2319.184,28
2319.293,31
2319.403,35
2319.512,38
2319.622,42
2319.731,43
2319.841,46
2319.95,41
2320.06,36
2320.169,34
2320.278,22
2320.388,27
2320.497,28
2320.607,29
2320.716,26
2320.826,30
2320.935,31
2321.045,29
2321.154,28
2321.264,26
2321.373,28
2321.483,38
2321.592,42
2321.702,54
2321.811,60
2321.921,67
2322.03,67
2322.14,66
2322.249,60
2322.359,57
2322.468,47
2322.578,42
2322.687,44
2322.797,46
2322.907,44
2323.016,41
2323.126,38
2323.235,29
2323.345,27
2323.454,24
2323.564,23
2323.673,21
2323.783,34
2323.892,36
2324.002,40
2324.112,40
2324.221,37
2324.331,36
2324.44,33
2324.55,32
2324.659,28
2324.769,32
2324.879,37
2324.988,44
2325.098,44
2325.207,48
2325.317,45
2325.427,36
2325.536,35
2325.646,27
2325.755,27
2325.865,27
2325.975,25
2326.084,31
2326.194,33
2326.303,35
2326.413,33
2326.523,32
2326.632,33
2326.742,28
2326.852,31
2326.961,26
2327.071,21
2327.18,13
2327.29,8
2327.4,16
2327.509,25
2327.619,36
2327.729,42
2327.838,44
2327.948,43
2328.058,43
2328.167,42
2328.277,42
2328.387,45
2328.496,46
2328.606,52
2328.716,53
2328.825,47
2328.935,41
2329.045,31
2329.154,32
2329.264,35
2329.374,36
2329.483,33
2329.593,31
2329.703,28
2329.813,28
2329.922,29
2330.032,24
2330.142,23
2330.251,17
2330.361,19
2330.471,19
2330.581,26
2330.69,30
2330.8,38
2330.91,43
2331.019,46
2331.129,50
2331.239,57
2331.349,55
2331.458,57
2331.568,60
2331.678,57
2331.788,61
2331.897,67
2332.007,67
2332.117,65
2332.227,63
2332.336,55
2332.446,52
2332.556,45
2332.666,43
2332.775,44
2332.885,41
2332.995,35
2333.105,31
2333.215,29
2333.324,26
2333.434,28
2333.544,35
2333.654,42
2333.764,46
2333.873,56
2333.983,65
2334.093,67
2334.203,73
2334.313,66
2334.422,58
2334.532,53
2334.642,45
2334.752,46
2334.862,47
2334.971,46
2335.081,47
2335.191,39
2335.301,36
2335.411,35
2335.521,37
2335.63,41
2335.74,45
2335.85,47
2335.96,52
2336.07,53
2336.18,49
2336.29,47
2336.399,51
2336.509,49
2336.619,52
2336.729,57
2336.839,53
2336.949,63
2337.059,65
2337.169,65
2337.278,62
2337.388,60
2337.498,54
2337.608,49
2337.718,47
2337.828,46
2337.938,44
2338.048,41
2338.158,41
2338.267,33
2338.377,35
2338.487,34
2338.597,29
2338.707,37
2338.817,35
2338.927,32
2339.037,34
2339.147,29
2339.257,30
2339.367,36
2339.477,45
2339.586,54
2339.696,48
2339.806,47
2339.916,40
2340.026,30
2340.136,31
2340.246,28
2340.356,25
2340.466,21
2340.576,23
2340.686,21
2340.796,18
2340.906,21
2341.016,19
2341.126,20
2341.236,22
2341.346,26
2341.456,31
2341.566,36
2341.676,49
2341.786,52
2341.896,54
2342.006,49
2342.116,43
2342.226,32
2342.336,28
2342.446,28
2342.556,25
2342.666,25
2342.776,31
2342.886,38
2342.996,45
2343.106,52
2343.216,49
2343.326,44
2343.436,40
2343.546,42
2343.656,47
2343.766,48
2343.876,49
2343.986,48
2344.096,58
2344.206,64
2344.316,72
2344.426,77
2344.536,66
2344.646,63
2344.756,52
2344.867,48
2344.977,51
2345.087,51
2345.197,52
2345.307,57
2345.417,51
2345.527,49
2345.637,47
2345.747,43
2345.857,45
2345.967,44
2346.077,50
2346.187,60
2346.298,65
2346.408,67
2346.518,65
2346.628,68
2346.738,63
2346.848,54
2346.958,42
2347.068,36
2347.178,40
2347.289,38
2347.399,38
2347.509,29
2347.619,25
2347.729,26
2347.839,29
2347.949,27
2348.059,30
2348.17,28
2348.28,31
2348.39,29
2348.5,30
2348.61,37
2348.72,41
2348.831,45
2348.941,46
2349.051,48
2349.161,41
2349.271,31
2349.381,31
2349.492,29
2349.602,24
2349.712,27
2349.822,27
2349.932,29
2350.042,29
2350.153,35
2350.263,37
2350.373,37
2350.483,39
2350.593,40
2350.704,47
2350.814,45
2350.924,46
2351.034,40
2351.144,34
2351.255,33
2351.365,29
2351.475,29
2351.585,26
2351.696,26
2351.806,25
2351.916,22
2352.026,27
2352.136,31
2352.247,29
2352.357,24
2352.467,19
2352.577,15
2352.688,13
2352.798,11
2352.908,8
2353.018,9
2353.129,10
2353.239,11
2353.349,16
2353.46,16
2353.57,19
2353.68,25
2353.79,27
2353.901,30
2354.011,32
2354.121,38
2354.231,45
2354.342,54
2354.452,57
2354.562,60
2354.673,65
2354.783,70
2354.893,78
2355.004,79
2355.114,76
2355.224,74
2355.334,71
2355.445,65
2355.555,56
2355.665,53
2355.776,54
2355.886,51
2355.996,53
2356.107,50
2356.217,37
2356.327,32
2356.438,34
2356.548,34
2356.658,36
2356.769,36
2356.879,32
2356.989,31
2357.1,31
2357.21,31
2357.321,34
2357.431,38
2357.541,42
2357.652,43
2357.762,47
2357.872,50
2357.983,50
2358.093,51
2358.204,45
2358.314,36
2358.424,25
2358.535,26
2358.645,27
2358.755,30
2358.866,34
2358.976,36
2359.087,40
2359.197,42
2359.307,43
2359.418,42
2359.528,40
2359.639,40
2359.749,43
2359.86,45
2359.97,47
2360.08,48
2360.191,46
2360.301,46
2360.412,45
2360.522,43
2360.633,42
2360.743,29
2360.853,31
2360.964,29
2361.074,28
2361.185,30
2361.295,34
2361.406,37
2361.516,39
2361.627,40
2361.737,43
2361.848,40
2361.958,37
2362.069,33
2362.179,27
2362.29,27
2362.4,24
2362.51,31
2362.621,31
2362.731,30
2362.842,27
2362.952,29
2363.063,27
2363.173,25
2363.284,22
2363.394,14
2363.505,15
2363.615,15
2363.726,15
2363.836,16
2363.947,21
2364.058,24
2364.168,33
2364.279,34
2364.389,33
2364.5,34
2364.61,38
2364.721,46
2364.831,49
2364.942,51
2365.052,55
2365.163,49
2365.273,43
2365.384,40
2365.495,33
2365.605,37
2365.716,38
2365.826,40
2365.937,41
2366.047,46
2366.158,48
2366.269,44
2366.379,43
2366.49,34
2366.6,30
2366.711,26
2366.821,23
2366.932,25
2367.043,23
2367.153,27
2367.264,29
2367.374,35
2367.485,34
2367.596,31
2367.706,29
2367.817,43
2367.927,48
2368.038,47
2368.149,51
2368.259,39
2368.37,40
2368.481,41
2368.591,47
2368.702,50
2368.812,47
2368.923,48
2369.034,43
2369.144,48
2369.255,44
2369.366,42
2369.476,32
2369.587,30
2369.698,29
2369.808,26
2369.919,21
2370.03,15
2370.14,14
2370.251,16
2370.362,18
2370.472,23
2370.583,25
2370.694,27
2370.804,30
2370.915,41
2371.026,40
2371.136,41
2371.247,44
2371.358,41
2371.469,43
2371.579,45
2371.69,45
2371.801,45
2371.911,45
2372.022,42
2372.133,38
2372.243,37
2372.354,35
2372.465,35
2372.576,34
2372.686,34
2372.797,29
2372.908,30
2373.019,34
2373.129,35
2373.24,34
2373.351,33
2373.462,29
2373.572,32
2373.683,31
2373.794,32
2373.905,30
2374.015,29
2374.126,30
2374.237,28
2374.348,26
2374.458,23
2374.569,35
2374.68,40
2374.791,48
2374.901,56
2375.012,47
2375.123,47
2375.234,44
2375.345,43
2375.455,41
2375.566,39
2375.677,43
2375.788,43
2375.899,46
2376.009,48
2376.12,49
2376.231,48
2376.342,48
2376.453,45
2376.563,37
2376.674,34
2376.785,33
2376.896,36
2377.007,39
2377.118,45
2377.228,53
2377.339,59
2377.45,63
2377.561,69
2377.672,69
2377.783,66
2377.894,58
2378.004,48
2378.115,43
2378.226,38
2378.337,27
2378.448,24
2378.559,25
2378.67,30
2378.78,33
2378.891,36
2379.002,37
2379.113,39
2379.224,50
2379.335,51
2379.446,49
2379.557,45
2379.668,36
2379.778,33
2379.889,39
2380,40
2380.111,43
2380.222,50
2380.333,54
2380.444,60
2380.555,74
2380.666,68
2380.777,64
2380.888,58
2380.998,54
2381.109,51
2381.22,52
2381.331,47
2381.442,37
2381.553,30
2381.664,24
2381.775,23
2381.886,19
2381.997,21
2382.108,27
2382.219,32
2382.33,45
2382.441,50
2382.552,52
2382.663,52
2382.774,51
2382.885,53
2382.996,50
2383.107,51
2383.218,50
2383.329,49
2383.439,48
2383.55,47
2383.661,40
2383.772,33
2383.883,32
2383.994,28
2384.105,27
2384.216,25
2384.327,22
2384.438,23
2384.549,32
2384.66,33
2384.771,31
2384.883,31
2384.994,27
2385.105,33
2385.216,30
2385.327,31
2385.438,33
2385.549,32
2385.66,41
2385.771,51
2385.882,63
2385.993,69
2386.104,72
2386.215,67
2386.326,61
2386.437,53
2386.548,57
2386.659,58
2386.77,61
2386.881,62
2386.992,53
2387.103,53
2387.215,56
2387.326,58
2387.437,48
2387.548,44
2387.659,43
2387.77,43
2387.881,49
2387.992,54
2388.103,53
2388.214,51
2388.325,47
2388.436,40
2388.548,31
2388.659,29
2388.77,27
2388.881,28
2388.992,31
2389.103,33
2389.214,37
2389.325,39
2389.437,37
2389.548,42
2389.659,32
2389.77,24
2389.881,22
2389.992,20
2390.103,18
2390.214,19
2390.326,24
2390.437,19
2390.548,21
2390.659,19
2390.77,17
2390.881,19
2390.993,21
2391.104,22
2391.215,26
2391.326,31
2391.437,29
2391.548,31
2391.66,29
2391.771,31
2391.882,31
2391.993,34
2392.104,40
2392.216,39
2392.327,42
2392.438,37
2392.549,36
2392.66,31
2392.772,34
2392.883,35
2392.994,32
2393.105,39
2393.216,33
2393.328,35
2393.439,37
2393.55,31
2393.661,29
2393.773,24
2393.884,18
2393.995,12
2394.106,15
2394.217,19
2394.329,19
2394.44,31
2394.551,32
2394.662,36
2394.774,42
2394.885,36
2394.996,46
2395.107,46
2395.219,50
2395.33,45
2395.441,52
2395.553,53
2395.664,56
2395.775,49
2395.886,39
2395.998,41
2396.109,37
2396.22,44
2396.332,47
2396.443,49
2396.554,52
2396.665,55
2396.777,55
2396.888,53
2396.999,52
2397.111,51
2397.222,47
2397.333,44
2397.445,47
2397.556,52
2397.667,57
2397.779,62
2397.89,56
2398.001,48
2398.113,45
2398.224,39
2398.335,33
2398.447,27
2398.558,26
2398.669,23
2398.781,27
2398.892,28
2399.003,23
2399.115,21
2399.226,20
2399.337,17
2399.449,16
2399.56,17
2399.671,25
2399.783,35
2399.894,35
2400.006,40
2400.117,40
2400.228,38
2400.34,44
2400.451,44
2400.563,41
2400.674,46
2400.785,45
2400.897,43
2401.008,36
2401.119,36
2401.231,35
2401.342,36
2401.454,41
2401.565,48
2401.677,46
2401.788,46
2401.899,45
2402.011,40
2402.122,32
2402.234,27
2402.345,20
2402.457,13
2402.568,13
2402.679,15
2402.791,23
2402.902,25
2403.014,28
2403.125,27
2403.237,26
2403.348,33
2403.46,33
2403.571,32
2403.683,34
2403.794,32
2403.905,36
2404.017,44
2404.128,50
2404.24,62
2404.351,61
2404.463,65
2404.574,65
2404.686,55
2404.797,48
2404.909,37
2405.02,30
2405.132,24
2405.243,25
2405.355,28
2405.466,25
2405.578,33
2405.689,33
2405.801,31
2405.912,39
2406.024,41
2406.135,41
2406.247,40
2406.358,38
2406.47,35
2406.582,30
2406.693,27
2406.805,21
2406.916,23
2407.028,32
2407.139,41
2407.251,54
2407.362,45
2407.474,46
2407.585,45
2407.697,36
2407.809,36
2407.92,30
2408.032,25
2408.143,19
2408.255,23
2408.366,28
2408.478,33
2408.59,43
2408.701,55
2408.813,53
2408.924,52
2409.036,51
2409.147,40
2409.259,42
2409.371,48
2409.482,52
2409.594,50
2409.706,61
2409.817,62
2409.929,61
2410.04,62
2410.152,50
2410.264,46
2410.375,40
2410.487,39
2410.598,36
2410.71,31
2410.822,27
2410.933,25
2411.045,25
2411.157,30
2411.268,34
2411.38,41
2411.492,49
2411.603,52
2411.715,53
2411.827,49
2411.938,44
2412.05,38
2412.162,28
2412.273,20
2412.385,18
2412.497,25
2412.608,26
2412.72,36
2412.832,39
2412.943,41
2413.055,45
2413.167,45
2413.278,46
2413.39,42
2413.502,44
2413.613,38
2413.725,40
2413.837,46
2413.949,57
2414.06,61
2414.172,53
2414.284,45
2414.395,38
2414.507,27
2414.619,29
2414.731,28
2414.842,30
2414.954,31
2415.066,27
2415.177,27
2415.289,26
2415.401,26
2415.513,26
2415.624,25
2415.736,20
2415.848,19
2415.96,21
2416.071,21
2416.183,23
2416.295,26
2416.407,23
2416.519,24
2416.63,33
2416.742,31
2416.854,31
2416.966,33
2417.077,35
2417.189,40
2417.301,37
2417.413,34
2417.525,28
2417.636,30
2417.748,32
2417.86,36
2417.972,44
2418.084,41
2418.195,40
2418.307,34
2418.419,29
2418.531,20
2418.643,18
2418.754,21
2418.866,25
2418.978,38
2419.09,43
2419.202,48
2419.314,58
2419.425,58
2419.537,51
2419.649,48
2419.761,48
2419.873,44
2419.985,44
2420.097,42
2420.208,36
2420.32,36
2420.432,40
2420.544,37
2420.656,37
2420.768,28
2420.88,22
2420.991,21
2421.103,22
2421.215,26
2421.327,34
2421.439,37
2421.551,39
2421.663,41
2421.775,38
2421.887,38
2421.998,37
2422.11,35
2422.222,26
2422.334,22
2422.446,20
2422.558,16
2422.67,22
2422.782,27
2422.894,34
2423.006,37
2423.118,36
2423.229,34
2423.341,32
2423.453,38
2423.565,41
2423.677,40
2423.789,39
2423.901,30
2424.013,25
2424.125,26
2424.237,29
2424.349,31
2424.461,34
2424.573,34
2424.685,34
2424.797,35
2424.909,35
2425.021,36
2425.133,34
2425.245,31
2425.357,29
2425.469,27
2425.581,26
2425.693,29
2425.805,35
2425.916,44
2426.028,51
2426.14,49
2426.252,44
2426.364,38
2426.476,32
2426.588,27
2426.701,31
2426.813,34
2426.925,44
2427.037,54
2427.149,49
2427.261,46
2427.373,45
2427.485,38
2427.597,37
2427.709,39
2427.821,42
2427.933,41
2428.045,44
2428.157,48
2428.269,48
2428.381,42
2428.493,43
2428.605,39
2428.717,34
2428.829,33
2428.941,28
2429.053,23
2429.165,19
2429.277,19
2429.39,22
2429.502,27
2429.614,31
2429.726,34
2429.838,30
2429.95,30
2430.062,31
2430.174,29
2430.286,27
2430.398,24
2430.51,18
2430.622,20
2430.735,24
2430.847,29
2430.959,39
2431.071,48
2431.183,52
2431.295,54
2431.407,61
2431.519,62
2431.632,58
2431.744,53
2431.856,41
2431.968,30
2432.08,31
2432.192,31
2432.304,33
2432.416,31
2432.529,32
2432.641,36
2432.753,38
2432.865,36
2432.977,34
2433.089,37
2433.202,31
2433.314,27
2433.426,28
2433.538,28
2433.65,29
2433.762,30
2433.875,28
2433.987,28
2434.099,28
2434.211,31
2434.323,31
2434.435,27
2434.548,25
2434.66,24
2434.772,24
2434.884,24
2434.996,21
2435.109,22
2435.221,19
2435.333,19
2435.445,13
2435.558,10
2435.67,16
2435.782,19
2435.894,27
2436.006,23
2436.119,20
2436.231,17
2436.343,13
2436.455,17
2436.568,21
2436.68,24
2436.792,27
2436.904,32
2437.017,31
2437.129,38
2437.241,44
2437.353,52
2437.466,55
2437.578,52
2437.69,53
2437.802,50
2437.915,45
2438.027,42
2438.139,32
2438.252,31
2438.364,27
2438.476,32
2438.588,41
2438.701,47
2438.813,46
2438.925,41
2439.038,39
2439.15,41
2439.262,37
2439.375,37
2439.487,42
2439.599,34
2439.711,36
2439.824,35
2439.936,27
2440.048,30
2440.161,34
2440.273,36
2440.385,30
2440.498,30
2440.61,31
2440.722,33
2440.835,36
2440.947,43
2441.059,44
2441.172,42
2441.284,44
2441.396,43
2441.509,45
2441.621,50
2441.734,50
2441.846,58
2441.958,60
2442.071,59
2442.183,61
2442.295,60
2442.408,58
2442.52,58
2442.633,56
2442.745,48
2442.857,44
2442.97,46
2443.082,43
2443.195,33
2443.307,27
2443.419,26
2443.532,24
2443.644,32
2443.757,37
2443.869,37
2443.981,34
2444.094,35
2444.206,36
2444.319,34
2444.431,29
2444.543,24
2444.656,24
2444.768,24
2444.881,25
2444.993,22
2445.106,22
2445.218,25
2445.331,30
2445.443,33
2445.555,40
2445.668,46
2445.78,48
2445.893,52
2446.005,54
2446.118,52
2446.23,51
2446.343,46
2446.455,38
2446.568,35
2446.68,38
2446.793,37
2446.905,34
2447.018,38
2447.13,38
2447.243,36
2447.355,34
2447.468,32
2447.58,32
2447.693,39
2447.805,39
2447.918,36
2448.03,29
2448.143,23
2448.255,20
2448.368,19
2448.48,23
2448.593,22
2448.705,21
2448.818,21
2448.93,18
2449.043,15
2449.155,14
2449.268,13
2449.38,15
2449.493,16
2449.606,24
2449.718,31
2449.831,37
2449.943,50
2450.056,52
2450.168,52
2450.281,52
2450.393,49
2450.506,43
2450.619,39
2450.731,36
2450.844,39
2450.956,38
2451.069,41
2451.181,45
2451.294,45
2451.407,46
2451.519,43
2451.632,40
2451.744,45
2451.857,49
2451.97,50
2452.082,50
2452.195,47
2452.307,48
2452.42,52
2452.533,50
2452.645,45
2452.758,42
2452.871,38
2452.983,29
2453.096,34
2453.208,36
2453.321,38
2453.434,42
2453.546,46
2453.659,52
2453.772,56
2453.884,62
2453.997,67
2454.11,65
2454.222,66
2454.335,64
2454.448,58
2454.56,62
2454.673,62
2454.786,59
2454.898,60
2455.011,65
2455.124,59
2455.236,61
2455.349,52
2455.462,46
2455.574,44
2455.687,35
2455.8,25
2455.912,24
2456.025,27
2456.138,26
2456.251,30
2456.363,34
2456.476,35
2456.589,33
2456.701,39
2456.814,36
2456.927,33
2457.04,37
2457.152,33
2457.265,29
2457.378,33
2457.49,30
2457.603,32
2457.716,34
2457.829,30
2457.941,29
2458.054,24
2458.167,27
2458.28,26
2458.392,29
2458.505,25
2458.618,21
2458.731,23
2458.843,27
2458.956,34
2459.069,39
2459.182,40
2459.295,38
2459.407,36
2459.52,33
2459.633,31
2459.746,25
2459.858,20
2459.971,19
2460.084,18
2460.197,21
2460.31,23
2460.422,26
2460.535,27
2460.648,27
2460.761,31
2460.874,36
2460.986,37
2461.099,37
2461.212,38
2461.325,35
2461.438,36
2461.551,36
2461.663,25
2461.776,27
2461.889,25
2462.002,23
2462.115,22
2462.228,18
2462.34,17
2462.453,17
2462.566,16
2462.679,19
2462.792,22
2462.905,27
2463.018,34
2463.13,33
2463.243,34
2463.356,37
2463.469,31
2463.582,31
2463.695,30
2463.808,27
2463.921,30
2464.033,34
2464.146,35
2464.259,41
2464.372,41
2464.485,37
2464.598,34
2464.711,28
2464.824,25
2464.937,27
2465.05,31
2465.162,37
2465.275,40
2465.388,49
2465.501,50
2465.614,55
2465.727,53
2465.84,54
2465.953,50
2466.066,51
2466.179,42
2466.292,36
2466.405,35
2466.518,33
2466.631,31
2466.744,29
2466.856,28
2466.969,27
2467.082,38
2467.195,45
2467.308,49
2467.421,57
2467.534,56
2467.647,58
2467.76,55
2467.873,55
2467.986,42
2468.099,37
2468.212,33
2468.325,23
2468.438,20
2468.551,17
2468.664,16
2468.777,11
2468.89,14
2469.003,14
2469.116,16
2469.229,22
2469.342,23
2469.455,25
2469.568,26
2469.681,25
2469.794,35
2469.907,36
2470.02,38
2470.133,37
2470.246,47
2470.359,49
2470.472,48
2470.585,46
2470.698,42
2470.811,39
2470.925,40
2471.038,43
2471.151,42
2471.264,45
2471.377,45
2471.49,43
2471.603,51
2471.716,48
2471.829,43
2471.942,35
2472.055,33
2472.168,32
2472.281,36
2472.394,41
2472.507,34
2472.621,37
2472.734,38
2472.847,39
2472.96,49
2473.073,52
2473.186,51
2473.299,49
2473.412,45
2473.525,45
2473.638,46
2473.752,47
2473.865,32
2473.978,24
2474.091,21
2474.204,22
2474.317,24
2474.43,31
2474.543,36
2474.657,44
2474.77,46
2474.883,42
2474.996,40
2475.109,32
2475.222,29
2475.335,29
2475.449,29
2475.562,30
2475.675,32
2475.788,32
2475.901,32
2476.014,30
2476.128,27
2476.241,29
2476.354,26
2476.467,22
2476.58,22
2476.693,23
2476.807,24
2476.92,28
2477.033,23
2477.146,20
2477.259,17
2477.373,11
2477.486,14
2477.599,13
2477.712,13
2477.825,11
2477.939,11
2478.052,16
2478.165,18
2478.278,22
2478.392,30
2478.505,28
2478.618,28
2478.731,29
2478.844,27
2478.958,24
2479.071,23
2479.184,25
2479.297,20
2479.411,22
2479.524,24
2479.637,30
2479.75,37
2479.864,38
2479.977,36
2480.09,32
2480.203,29
2480.317,28
2480.43,31
2480.543,37
2480.657,38
2480.77,41
2480.883,43
2480.996,44
2481.11,55
2481.223,50
2481.336,46
2481.449,35
2481.563,31
2481.676,34
2481.789,34
2481.903,36
2482.016,31
2482.129,28
2482.243,26
2482.356,29
2482.469,27
2482.583,25
2482.696,26
2482.809,25
2482.923,30
2483.036,31
2483.149,31
2483.263,38
2483.376,37
2483.489,31
2483.603,31
2483.716,35
2483.829,35
2483.943,36
2484.056,32
2484.169,31
2484.283,31
2484.396,30
2484.509,32
2484.623,33
2484.736,28
2484.85,30
2484.963,32
2485.076,30
2485.19,29
2485.303,29
2485.416,28
2485.53,28
2485.643,33
2485.757,31
2485.87,31
2485.983,31
2486.097,35
2486.21,32
2486.324,34
2486.437,34
2486.55,35
2486.664,38
2486.777,35
2486.891,31
2487.004,26
2487.118,24
2487.231,24
2487.344,23
2487.458,14
2487.571,16
2487.685,13
2487.798,15
2487.912,13
2488.025,11
2488.138,10
2488.252,8
2488.365,13
2488.479,14
2488.592,17
2488.706,26
2488.819,26
2488.933,25
2489.046,23
2489.16,23
2489.273,29
2489.387,38
2489.5,49
2489.614,43
2489.727,44
2489.841,47
2489.954,52
2490.068,47
2490.181,41
2490.295,33
2490.408,23
2490.522,23
2490.635,31
2490.749,40
2490.862,48
2490.976,64
2491.089,75
2491.203,74
2491.316,75
2491.43,76
2491.543,70
2491.657,67
2491.77,64
2491.884,54
2491.997,43
2492.111,43
2492.224,42
2492.338,42
2492.452,45
2492.565,47
2492.679,45
2492.792,42
2492.906,42
2493.019,36
2493.133,34
2493.246,41
2493.36,46
2493.474,47
2493.587,53
2493.701,61
2493.814,58
2493.928,55
2494.042,48
2494.155,41
2494.269,41
2494.382,38
2494.496,33
2494.609,28
2494.723,20
2494.837,13
2494.95,17
2495.064,16
2495.178,19
2495.291,22
2495.405,24
2495.518,27
2495.632,34
2495.746,31
2495.859,30
2495.973,31
2496.087,26
2496.2,26
2496.314,24
2496.427,22
2496.541,24
2496.655,35
2496.768,40
2496.882,46
2496.996,53
2497.109,45
2497.223,40
2497.337,31
2497.45,24
2497.564,21
2497.678,21
2497.791,28
2497.905,27
2498.019,28
2498.132,31
2498.246,35
2498.36,35
2498.473,33
2498.587,28
2498.701,22
2498.815,20
2498.928,19
2499.042,18
2499.156,13
2499.269,15
2499.383,18
2499.497,21
2499.61,22
2499.724,28
2499.838,31
2499.952,37
2500.065,41
