mz,abundance
700.03,6
700.09,6
700.149,8
700.209,10
700.268,11
700.328,13
700.387,12
700.447,10
700.506,6
700.566,4
700.625,7
700.685,12
700.745,14
700.804,19
700.864,20
700.923,17
700.983,22
701.042,19
701.102,16
701.161,14
701.221,8
701.28,7
701.34,5
701.4,4
701.459,1
701.519,1
701.578,6
701.638,9
701.697,9
701.757,9
701.817,7
701.876,5
701.936,4
701.995,4
702.055,1
702.115,4
702.174,6
702.234,6
702.293,7
702.353,4
702.413,3
702.472,5
702.532,10
702.592,10
702.651,10
702.711,11
702.77,9
702.83,9
702.89,9
702.949,6
703.009,2
703.069,3
703.128,3
703.188,3
703.247,5
703.307,3
703.367,2
703.426,2
703.486,0
703.546,2
703.605,2
703.665,3
703.725,3
703.784,11
703.844,11
703.904,9
703.963,10
704.023,3
704.083,5
704.143,5
704.202,4
704.262,7
704.322,5
704.381,5
704.441,4
704.501,8
704.56,9
704.62,14
704.68,16
704.74,19
704.799,21
704.859,22
704.919,25
704.978,22
705.038,19
705.098,14
705.158,6
705.217,4
705.277,5
705.337,6
705.397,3
705.456,6
705.516,5
705.576,4
705.635,3
705.695,2
705.755,2
705.815,2
705.875,2
705.934,6
705.994,6
706.054,6
706.114,6
706.173,1
706.233,1
706.293,1
706.353,2
706.412,1
706.472,1
706.532,1
706.592,0
706.652,2
706.711,3
706.771,3
706.831,4
706.891,7
706.951,7
707.01,7
707.07,6
707.13,1
707.19,1
707.25,1
707.31,1
707.369,2
707.429,2
707.489,3
707.549,6
707.609,7
707.669,11
707.728,12
707.788,11
707.848,10
707.908,9
707.968,8
708.028,7
708.087,8
708.147,8
708.207,9
708.267,6
708.327,6
708.387,7
708.447,6
708.507,5
708.566,4
708.626,0
708.686,0
708.746,0
708.806,0
708.866,2
708.926,2
708.986,2
709.045,7
709.105,8
709.165,11
709.225,14
709.285,14
709.345,11
709.405,9
709.465,8
709.525,4
709.585,4
709.645,4
709.705,3
709.764,3
709.824,4
709.884,4
709.944,5
710.004,8
710.064,6
710.124,6
710.184,6
710.244,4
710.304,3
710.364,4
710.424,4
710.484,8
710.544,10
710.604,10
710.664,10
710.724,5
710.784,7
710.844,6
710.904,8
710.964,8
711.023,3
711.083,3
711.143,0
711.203,0
711.263,0
711.323,0
711.383,2
711.443,4
711.503,8
711.563,11
711.623,11
711.683,11
711.743,11
711.803,9
711.863,9
711.924,6
711.984,3
712.044,3
712.104,5
712.164,4
712.224,4
712.284,4
712.344,9
712.404,10
712.464,11
712.524,12
712.584,9
712.644,7
712.704,6
712.764,4
712.824,3
712.884,3
712.944,3
713.004,2
713.064,4
713.124,4
713.185,4
713.245,3
713.305,1
713.365,1
713.425,1
713.485,1
713.545,1
713.605,1
713.665,3
713.725,4
713.785,7
713.845,13
713.906,13
713.966,12
714.026,13
714.086,10
714.146,9
714.206,9
714.266,6
714.326,5
714.387,6
714.447,7
714.507,8
714.567,6
714.627,6
714.687,10
714.747,10
714.807,9
714.868,8
714.928,6
714.988,8
715.048,8
715.108,7
715.168,9
715.229,7
715.289,8
715.349,6
715.409,5
715.469,5
715.529,5
715.59,6
715.65,3
715.71,5
715.77,3
715.83,2
715.89,2
715.951,2
716.011,3
716.071,4
716.131,6
716.191,8
716.252,7
716.312,8
716.372,8
716.432,5
716.492,5
716.553,3
716.613,1
716.673,1
716.733,3
716.794,3
716.854,7
716.914,11
716.974,9
717.035,9
717.095,6
717.155,1
717.215,1
717.275,3
717.336,2
717.396,2
717.456,2
717.517,0
717.577,1
717.637,1
717.697,4
717.758,5
717.818,4
717.878,6
717.938,5
717.999,5
718.059,5
718.119,3
718.18,2
718.24,1
718.3,2
718.36,2
718.421,1
718.481,1
718.541,3
718.602,5
718.662,7
718.722,12
718.783,11
718.843,12
718.903,10
718.963,8
719.024,6
719.084,3
719.144,4
719.205,1
719.265,1
719.325,3
719.386,3
719.446,4
719.506,4
719.567,5
719.627,8
719.688,10
719.748,14
719.808,13
719.869,12
719.929,11
719.989,7
720.05,7
720.11,10
720.17,12
720.231,10
720.291,10
720.352,8
720.412,7
720.472,7
720.533,7
720.593,2
720.653,1
720.714,1
720.774,1
720.835,4
720.895,4
720.955,4
721.016,4
721.076,3
721.137,3
721.197,3
721.258,3
721.318,8
721.378,11
721.439,10
721.499,9
721.56,5
721.62,1
721.68,1
721.741,4
721.801,4
721.862,4
721.922,4
721.983,1
722.043,2
722.104,2
722.164,2
722.225,2
722.285,2
722.345,2
722.406,2
722.466,2
722.527,3
722.587,4
722.648,5
722.708,7
722.769,9
722.829,9
722.89,10
722.95,12
723.011,8
723.071,8
723.132,7
723.192,8
723.253,10
723.313,10
723.374,11
723.434,8
723.495,10
723.555,12
723.616,12
723.676,12
723.737,10
723.797,10
723.858,11
723.918,12
723.979,11
724.039,15
724.1,14
724.161,15
724.221,10
724.282,4
724.342,3
724.403,0
724.463,3
724.524,4
724.584,5
724.645,6
724.706,4
724.766,4
724.827,7
724.887,7
724.948,6
725.008,5
725.069,4
725.13,4
725.19,6
725.251,7
725.311,7
725.372,6
725.432,6
725.493,5
725.554,2
725.614,2
725.675,0
725.735,1
725.796,2
725.857,3
725.917,5
725.978,5
726.039,5
726.099,5
726.16,7
726.22,7
726.281,7
726.342,7
726.402,3
726.463,3
726.524,3
726.584,3
726.645,4
726.706,4
726.766,4
726.827,4
726.887,2
726.948,2
727.009,4
727.069,7
727.13,5
727.191,5
727.251,3
727.312,0
727.373,0
727.434,3
727.494,4
727.555,5
727.616,6
727.676,7
727.737,7
727.798,7
727.858,6
727.919,5
727.98,5
728.04,9
728.101,6
728.162,4
728.223,4
728.283,2
728.344,2
728.405,2
728.465,2
728.526,3
728.587,4
728.648,5
728.708,9
728.769,7
728.83,6
728.891,6
728.951,3
729.012,2
729.073,2
729.134,2
729.194,1
729.255,2
729.316,2
729.377,1
729.437,1
729.498,3
729.559,3
729.62,3
729.68,3
729.741,3
729.802,3
729.863,3
729.924,3
729.984,0
730.045,0
730.106,0
730.167,0
730.228,1
730.288,1
730.349,2
730.41,2
730.471,1
730.532,1
730.592,0
730.653,0
730.714,0
730.775,1
730.836,1
730.896,1
730.957,1
731.018,1
731.079,2
731.14,4
731.201,5
731.261,5
731.322,5
731.383,4
731.444,2
731.505,2
731.566,3
731.627,5
731.687,6
731.748,14
731.809,13
731.87,11
731.931,11
731.992,6
732.053,6
732.113,8
732.174,8
732.235,5
732.296,5
732.357,4
732.418,2
732.479,2
732.54,3
732.601,2
732.661,5
732.722,10
732.783,13
732.844,13
732.905,10
732.966,5
733.027,2
733.088,3
733.149,3
733.21,6
733.271,5
733.332,5
733.392,4
733.453,2
733.514,2
733.575,1
733.636,2
733.697,2
733.758,2
733.819,2
733.88,1
733.941,0
734.002,1
734.063,4
734.124,4
734.185,4
734.246,4
734.307,1
734.368,1
734.429,1
734.49,1
734.551,2
734.612,3
734.673,6
734.734,7
734.795,10
734.856,12
734.917,9
734.978,7
735.039,8
735.1,5
735.161,6
735.222,5
735.283,4
735.344,3
735.405,3
735.466,4
735.527,6
735.588,9
735.649,12
735.71,15
735.771,14
735.832,13
735.893,13
735.954,12
736.015,12
736.076,9
736.137,6
736.198,5
736.259,6
736.32,6
736.381,10
736.442,10
736.503,9
736.564,13
736.625,9
736.687,14
736.748,16
736.809,16
736.87,17
736.931,16
736.992,14
737.053,8
737.114,6
737.175,4
737.236,3
737.297,4
737.358,4
737.42,5
737.481,7
737.542,7
737.603,6
737.664,5
737.725,2
737.786,3
737.847,5
737.908,6
737.97,6
738.031,4
738.092,4
738.153,3
738.214,4
738.275,3
738.336,2
738.397,2
738.459,2
738.52,3
738.581,6
738.642,10
738.703,13
738.764,15
738.826,14
738.887,12
738.948,9
739.009,7
739.07,7
739.131,6
739.193,6
739.254,6
739.315,6
739.376,7
739.437,9
739.498,11
739.56,8
739.621,7
739.682,6
739.743,4
739.804,2
739.866,5
739.927,9
739.988,9
740.049,9
740.11,6
740.172,1
740.233,2
740.294,3
740.355,4
740.417,5
740.478,4
740.539,3
740.6,2
740.661,1
740.723,2
740.784,1
740.845,1
740.906,2
740.968,3
741.029,3
741.09,3
741.151,2
741.213,1
741.274,2
741.335,2
741.397,2
741.458,3
741.519,7
741.58,10
741.642,11
741.703,11
741.764,11
741.825,8
741.887,7
741.948,5
742.009,5
742.071,5
742.132,6
742.193,7
742.255,2
742.316,2
742.377,1
742.438,1
742.5,1
742.561,1
742.622,3
742.684,7
742.745,9
742.806,12
742.868,11
742.929,9
742.99,9
743.052,6
743.113,6
743.174,4
743.236,3
743.297,0
743.358,0
743.42,0
743.481,4
743.542,7
743.604,8
743.665,10
743.727,8
743.788,7
743.849,6
743.911,4
743.972,4
744.033,6
744.095,8
744.156,9
744.218,11
744.279,8
744.34,7
744.402,7
744.463,1
744.525,3
744.586,4
744.647,5
744.709,5
744.77,6
744.832,7
744.893,7
744.954,9
745.016,5
745.077,6
745.139,7
745.2,8
745.261,9
745.323,8
745.384,9
745.446,7
745.507,4
745.569,3
745.63,1
745.692,1
745.753,4
745.814,4
745.876,4
745.937,3
745.999,4
746.06,5
746.122,6
746.183,6
746.245,3
746.306,2
746.368,1
746.429,4
746.491,10
746.552,12
746.614,13
746.675,11
746.737,13
746.798,14
746.86,11
746.921,8
746.983,3
747.044,3
747.106,4
747.167,4
747.229,3
747.29,3
747.352,2
747.413,5
747.475,4
747.536,3
747.598,6
747.659,5
747.721,8
747.782,10
747.844,8
747.905,9
747.967,10
748.028,8
748.09,9
748.151,9
748.213,6
748.275,4
748.336,3
748.398,2
748.459,2
748.521,2
748.582,2
748.644,2
748.706,2
748.767,1
748.829,1
748.89,0
748.952,1
749.013,1
749.075,2
749.137,4
749.198,3
749.26,3
749.321,5
749.383,6
749.445,11
749.506,14
749.568,13
749.629,12
749.691,11
749.753,10
749.814,12
749.876,11
749.938,8
749.999,4
750.061,1
750.122,3
750.184,3
750.246,4
750.307,7
750.369,8
750.431,8
750.492,6
750.554,3
750.616,1
750.677,1
750.739,6
750.801,7
750.862,8
750.924,10
750.986,10
751.047,14
751.109,13
751.171,13
751.232,8
751.294,4
751.356,5
751.417,4
751.479,1
751.541,3
751.602,4
751.664,5
751.726,5
751.787,3
751.849,3
751.911,3
751.973,4
752.034,5
752.096,4
752.158,3
752.219,3
752.281,2
752.343,5
752.405,8
752.466,11
752.528,13
752.59,16
752.651,15
752.713,14
752.775,19
752.837,15
752.898,14
752.96,12
753.022,5
753.084,3
753.145,3
753.207,3
753.269,0
753.331,0
753.393,1
753.454,1
753.516,2
753.578,3
753.64,3
753.701,7
753.763,7
753.825,10
753.887,9
753.949,5
754.01,8
754.072,10
754.134,14
754.196,17
754.258,18
754.319,17
754.381,13
754.443,11
754.505,7
754.567,3
754.628,7
754.69,8
754.752,8
754.814,8
754.876,8
754.938,8
754.999,7
755.061,11
755.123,8
755.185,6
755.247,6
755.309,3
755.37,2
755.432,2
755.494,3
755.556,1
755.618,1
755.68,1
755.742,0
755.803,1
755.865,1
755.927,1
755.989,1
756.051,1
756.113,1
756.175,1
756.237,1
756.298,6
756.36,6
756.422,8
756.484,8
756.546,6
756.608,7
756.67,8
756.732,10
756.794,7
756.856,7
756.918,8
756.979,9
757.041,9
757.103,9
757.165,7
757.227,6
757.289,6
757.351,6
757.413,9
757.475,8
757.537,8
757.599,9
757.661,5
757.723,6
757.785,8
757.847,9
757.908,9
757.97,6
758.032,4
758.094,3
758.156,6
758.218,6
758.28,8
758.342,7
758.404,4
758.466,3
758.528,1
758.59,1
758.652,2
758.714,2
758.776,3
758.838,4
758.9,3
758.962,2
759.024,4
759.086,3
759.148,3
759.21,4
759.272,1
759.334,1
759.396,1
759.458,0
759.52,0
759.582,0
759.644,2
759.706,3
759.768,5
759.83,7
759.892,7
759.954,9
760.016,8
760.078,7
760.141,6
760.203,2
760.265,2
760.327,2
760.389,3
760.451,2
760.513,3
760.575,6
760.637,5
760.699,4
760.761,5
760.823,7
760.885,7
760.947,7
761.009,6
761.072,1
761.134,5
761.196,5
761.258,8
761.32,8
761.382,4
761.444,7
761.506,5
761.568,5
761.63,6
761.693,4
761.755,2
761.817,2
761.879,1
761.941,4
762.003,4
762.065,4
762.127,5
762.19,3
762.252,4
762.314,4
762.376,4
762.438,5
762.5,6
762.562,8
762.625,9
762.687,10
762.749,13
762.811,15
762.873,16
762.935,20
762.997,16
763.06,14
763.122,12
763.184,6
763.246,3
763.308,2
763.371,2
763.433,1
763.495,2
763.557,3
763.619,3
763.681,3
763.744,1
763.806,0
763.868,0
763.93,0
763.992,1
764.055,1
764.117,1
764.179,1
764.241,2
764.304,2
764.366,2
764.428,2
764.49,1
764.552,2
764.615,3
764.677,9
764.739,10
764.801,10
764.864,10
764.926,6
764.988,6
765.05,6
765.113,5
765.175,4
765.237,2
765.299,1
765.362,3
765.424,6
765.486,7
765.548,7
765.611,6
765.673,4
765.735,6
765.798,9
765.86,12
765.922,11
765.984,9
766.047,6
766.109,2
766.171,1
766.234,1
766.296,1
766.358,1
766.421,3
766.483,3
766.545,6
766.607,7
766.67,8
766.732,7
766.794,8
766.857,7
766.919,7
766.981,9
767.044,12
767.106,12
767.168,8
767.231,7
767.293,6
767.355,5
767.418,6
767.48,9
767.542,8
767.605,11
767.667,13
767.73,10
767.792,10
767.854,7
767.917,9
767.979,7
768.041,8
768.104,8
768.166,4
768.229,6
768.291,6
768.353,7
768.416,14
768.478,15
768.54,15
768.603,15
768.665,15
768.728,15
768.79,21
768.852,20
768.915,12
768.977,14
769.04,11
769.102,11
769.165,11
769.227,6
769.289,4
769.352,5
769.414,5
769.477,3
769.539,3
769.602,3
769.664,8
769.726,8
769.789,10
769.851,9
769.914,9
769.976,6
770.039,3
770.101,2
770.164,0
770.226,1
770.289,1
770.351,2
770.413,2
770.476,2
770.538,3
770.601,2
770.663,2
770.726,1
770.788,0
770.851,3
770.913,8
770.976,11
771.038,18
771.101,16
771.163,15
771.226,13
771.288,10
771.351,13
771.413,10
771.476,11
771.538,9
771.601,7
771.663,6
771.726,11
771.789,13
771.851,12
771.914,17
771.976,18
772.039,16
772.101,18
772.164,15
772.226,8
772.289,8
772.351,10
772.414,11
772.476,10
772.539,10
772.602,7
772.664,4
772.727,5
772.789,3
772.852,5
772.914,10
772.977,9
773.04,9
773.102,6
773.165,3
773.227,3
773.29,4
773.353,5
773.415,3
773.478,7
773.54,6
773.603,4
773.666,5
773.728,1
773.791,2
773.853,3
773.916,6
773.979,9
774.041,12
774.104,11
774.166,9
774.229,6
774.292,3
774.354,3
774.417,1
774.48,1
774.542,0
774.605,0
774.668,1
774.73,3
774.793,5
774.856,7
774.918,11
774.981,10
775.043,9
775.106,7
775.169,6
775.231,6
775.294,6
775.357,6
775.419,2
775.482,1
775.545,0
775.608,3
775.67,3
775.733,4
775.796,5
775.858,7
775.921,8
775.984,13
776.046,12
776.109,8
776.172,8
776.235,5
776.297,5
776.36,4
776.423,3
776.485,1
776.548,1
776.611,1
776.674,1
776.736,2
776.799,3
776.862,6
776.925,6
776.987,6
777.05,5
777.113,4
777.175,5
777.238,5
777.301,7
777.364,6
777.427,8
777.489,7
777.552,5
777.615,5
777.678,7
777.74,7
777.803,4
777.866,4
777.929,4
777.991,4
778.054,5
778.117,6
778.18,4
778.243,7
778.305,9
778.368,12
778.431,15
778.494,15
778.557,14
778.619,13
778.682,10
778.745,10
778.808,9
778.871,7
778.933,6
778.996,2
779.059,2
779.122,2
779.185,2
779.248,0
779.31,0
779.373,0
779.436,0
779.499,1
779.562,1
779.625,1
779.688,3
779.75,2
779.813,2
779.876,3
779.939,6
780.002,8
780.065,11
780.128,10
780.19,5
780.253,4
780.316,3
780.379,3
780.442,3
780.505,7
780.568,4
780.631,4
780.694,3
780.756,1
780.819,1
780.882,1
780.945,3
781.008,3
781.071,3
781.134,2
781.197,6
781.26,5
781.323,4
781.385,3
781.448,0
781.511,0
781.574,1
781.637,6
781.7,6
781.763,6
781.826,8
781.889,6
781.952,6
782.015,7
782.078,4
782.141,2
782.204,2
782.267,2
782.33,2
782.393,1
782.456,1
782.519,2
782.581,5
782.644,7
782.707,9
782.77,16
782.833,22
782.896,22
782.959,20
783.022,8
783.085,8
783.148,5
783.211,4
783.274,2
783.337,0
783.4,2
783.463,2
783.526,2
783.589,3
783.652,1
783.715,1
783.778,1
783.841,2
783.904,5
783.967,5
784.03,5
784.094,3
784.157,0
784.22,0
784.283,0
784.346,3
784.409,3
784.472,3
784.535,4
784.598,1
784.661,2
784.724,3
784.787,3
784.85,3
784.913,2
784.976,2
785.039,1
785.102,1
785.165,3
785.229,2
785.292,2
785.355,4
785.418,6
785.481,6
785.544,7
785.607,10
785.67,6
785.733,7
785.796,8
785.859,9
785.923,10
785.986,10
786.049,7
786.112,4
786.175,2
786.238,0
786.301,0
786.364,0
786.427,0
786.491,4
786.554,6
786.617,6
786.68,7
786.743,7
786.806,6
786.869,10
786.933,9
786.996,5
787.059,4
787.122,0
787.185,0
787.248,0
787.312,0
787.375,0
787.438,0
787.501,2
787.564,5
787.627,7
787.691,7
787.754,7
787.817,4
787.88,2
787.943,2
788.006,0
788.07,1
788.133,1
788.196,1
788.259,2
788.322,1
788.386,2
788.449,3
788.512,3
788.575,3
788.639,4
788.702,4
788.765,6
788.828,8
788.891,7
788.955,8
789.018,10
789.081,11
789.144,11
789.208,9
789.271,7
789.334,5
789.397,5
789.461,6
789.524,7
789.587,7
789.65,12
789.714,12
789.777,10
789.84,10
789.903,5
789.967,5
790.03,4
790.093,4
790.156,6
790.22,8
790.283,8
790.346,8
790.41,6
790.473,3
790.536,2
790.599,3
790.663,2
790.726,3
790.789,4
790.853,8
790.916,10
790.979,11
791.043,11
791.106,9
791.169,6
791.233,4
791.296,5
791.359,5
791.423,2
791.486,2
791.549,1
791.613,2
791.676,4
791.739,4
791.803,5
791.866,4
791.929,2
791.993,2
792.056,3
792.119,3
792.183,4
792.246,6
792.309,3
792.373,6
792.436,5
792.5,4
792.563,4
792.626,2
792.69,5
792.753,5
792.816,6
792.88,10
792.943,9
793.007,10
793.07,7
793.133,5
793.197,7
793.26,7
793.324,8
793.387,8
793.45,5
793.514,5
793.577,8
793.641,6
793.704,5
793.768,5
793.831,5
793.894,4
793.958,4
794.021,3
794.085,2
794.148,4
794.212,5
794.275,4
794.339,6
794.402,4
794.465,3
794.529,5
794.592,5
794.656,7
794.719,7
794.783,6
794.846,3
794.91,2
794.973,2
795.037,2
795.1,2
795.164,2
795.227,3
795.291,3
795.354,5
795.418,7
795.481,7
795.545,6
795.608,7
795.672,5
795.735,5
795.799,9
795.862,13
795.926,15
795.989,16
796.053,12
796.116,7
796.18,5
796.243,3
796.307,3
796.37,1
796.434,0
796.497,1
796.561,2
796.624,7
796.688,8
796.751,9
796.815,9
796.879,6
796.942,4
797.006,4
797.069,4
797.133,4
797.196,2
797.26,1
797.323,1
797.387,0
797.451,1
797.514,1
797.578,1
797.641,1
797.705,0
797.769,3
797.832,3
797.896,3
797.959,7
798.023,13
798.086,12
798.15,11
798.214,6
798.277,0
798.341,1
798.405,1
798.468,5
798.532,5
798.595,5
798.659,6
798.723,3
798.786,3
798.85,2
798.914,2
798.977,2
799.041,2
799.104,2
799.168,7
799.232,7
799.295,8
799.359,9
799.423,8
799.486,9
799.55,10
799.614,9
799.677,8
799.741,6
799.805,3
799.868,2
799.932,5
799.996,5
800.059,7
800.123,7
800.187,5
800.25,4
800.314,2
800.378,2
800.441,1
800.505,2
800.569,3
800.633,4
800.696,5
800.76,5
800.824,8
800.887,8
800.951,10
801.015,9
801.079,6
801.142,6
801.206,5
801.27,10
801.333,12
801.397,14
801.461,14
801.525,13
801.588,11
801.652,11
801.716,13
801.78,14
801.843,11
801.907,10
801.971,10
802.035,7
802.098,3
802.162,3
802.226,1
802.29,1
802.353,1
802.417,1
802.481,4
802.545,4
802.609,4
802.672,4
802.736,0
802.8,1
802.864,2
802.928,5
802.991,6
803.055,9
803.119,9
803.183,7
803.247,6
803.31,6
803.374,6
803.438,6
803.502,6
803.566,6
803.629,7
803.693,8
803.757,11
803.821,8
803.885,9
803.949,7
804.012,5
804.076,5
804.14,2
804.204,2
804.268,2
804.332,1
804.396,1
804.459,1
804.523,2
804.587,2
804.651,2
804.715,3
804.779,2
804.843,2
804.906,4
804.97,3
805.034,6
805.098,8
805.162,7
805.226,9
805.29,5
805.354,4
805.418,4
805.481,3
805.545,4
805.609,9
805.673,8
805.737,7
805.801,6
805.865,0
805.929,0
805.993,0
806.057,0
806.121,0
806.185,0
806.248,0
806.312,0
806.376,0
806.44,0
806.504,0
806.568,0
806.632,0
806.696,0
806.76,0
806.824,0
806.888,2
806.952,2
807.016,4
807.08,4
807.144,3
807.208,6
807.272,4
807.336,4
807.4,3
807.464,0
807.528,0
807.592,0
807.656,0
807.72,0
807.783,1
807.847,2
807.911,4
807.975,5
808.039,5
808.103,6
808.167,5
808.231,2
808.296,2
808.36,4
808.424,4
808.488,3
808.552,3
808.616,0
808.68,0
808.744,1
808.808,1
808.872,3
808.936,3
809,6
809.064,5
809.128,3
809.192,3
809.256,2
809.32,2
809.384,4
809.448,6
809.512,6
809.576,6
809.64,6
809.704,3
809.768,3
809.833,3
809.897,3
809.961,4
810.025,5
810.089,6
810.153,6
810.217,7
810.281,8
810.345,8
810.409,6
810.473,5
810.538,4
810.602,4
810.666,5
810.73,2
810.794,2
810.858,2
810.922,4
810.986,3
811.05,6
811.115,6
811.179,4
811.243,4
811.307,1
811.371,1
811.435,1
811.499,2
811.563,3
811.628,4
811.692,6
811.756,6
811.82,9
811.884,9
811.948,8
812.013,10
812.077,12
812.141,11
812.205,9
812.269,7
812.333,4
812.398,4
812.462,4
812.526,3
812.59,0
812.654,1
812.718,2
812.783,5
812.847,10
812.911,12
812.975,17
813.039,19
813.104,18
813.168,20
813.232,19
813.296,19
813.36,15
813.425,10
813.489,7
813.553,3
813.617,3
813.682,4
813.746,6
813.81,7
813.874,10
813.939,11
814.003,11
814.067,11
814.131,10
814.196,8
814.26,5
814.324,3
814.388,3
814.453,3
814.517,5
814.581,5
814.645,3
814.71,3
814.774,0
814.838,0
814.902,2
814.967,2
815.031,4
815.095,6
815.16,6
815.224,6
815.288,6
815.352,8
815.417,5
815.481,7
815.545,7
815.61,6
815.674,6
815.738,4
815.803,3
815.867,3
815.931,3
815.995,3
816.06,3
816.124,3
816.188,3
816.253,2
816.317,0
816.381,1
816.446,1
816.51,1
816.574,1
816.639,0
816.703,0
816.768,0
816.832,0
816.896,1
816.961,1
817.025,1
817.089,1
817.154,0
817.218,0
817.282,0
817.347,0
817.411,0
817.476,0
817.54,0
817.604,0
817.669,2
817.733,5
817.797,8
817.862,10
817.926,11
817.991,10
818.055,8
818.119,7
818.184,4
818.248,6
818.313,6
818.377,6
818.442,7
818.506,4
818.57,6
818.635,8
818.699,7
818.764,7
818.828,5
818.893,7
818.957,5
819.021,5
819.086,6
819.15,2
819.215,3
819.279,3
819.344,3
819.408,4
819.473,3
819.537,5
819.601,4
819.666,3
819.73,3
819.795,1
819.859,2
819.924,3
819.988,2
820.053,2
820.117,1
820.182,3
820.246,3
820.311,4
820.375,5
820.44,2
820.504,3
820.569,3
820.633,2
820.698,2
820.762,2
820.827,2
820.891,3
820.956,3
821.02,6
821.085,6
821.149,5
821.214,5
821.278,1
821.343,0
821.408,0
821.472,0
821.537,0
821.601,1
821.666,2
821.73,3
821.795,4
821.859,5
821.924,4
821.988,3
822.053,5
822.118,3
822.182,3
822.247,3
822.311,3
822.376,3
822.44,3
822.505,3
822.57,0
822.634,0
822.699,0
822.763,2
822.828,4
822.893,5
822.957,8
823.022,9
823.086,15
823.151,15
823.216,12
823.28,9
823.345,4
823.409,3
823.474,3
823.539,3
823.603,4
823.668,4
823.733,4
823.797,4
823.862,5
823.926,6
823.991,6
824.056,6
824.12,3
824.185,2
824.25,2
824.314,2
824.379,2
824.444,2
824.508,3
824.573,3
824.638,2
824.702,2
824.767,6
824.832,5
824.896,6
824.961,8
825.026,6
825.09,6
825.155,3
825.22,1
825.284,1
825.349,5
825.414,5
825.478,4
825.543,4
825.608,4
825.673,5
825.737,8
825.802,8
825.867,4
825.931,6
825.996,4
826.061,4
826.126,4
826.19,6
826.255,6
826.32,7
826.384,9
826.449,5
826.514,5
826.579,4
826.643,4
826.708,3
826.773,4
826.838,5
826.902,7
826.967,8
827.032,7
827.097,9
827.162,5
827.226,8
827.291,7
827.356,4
827.421,4
827.485,4
827.55,5
827.615,6
827.68,7
827.745,8
827.809,10
827.874,9
827.939,10
828.004,6
828.068,4
828.133,4
828.198,2
828.263,2
828.328,3
828.393,3
828.457,3
828.522,2
828.587,0
828.652,0
828.717,0
828.781,2
828.846,2
828.911,3
828.976,3
829.041,1
829.106,2
829.17,7
829.235,8
829.3,9
829.365,9
829.43,4
829.495,4
829.56,4
829.624,1
829.689,2
829.754,3
829.819,4
829.884,6
829.949,6
830.014,6
830.079,8
830.143,12
830.208,11
830.273,10
830.338,9
830.403,3
830.468,3
830.533,3
830.598,2
830.663,2
830.728,2
830.792,2
830.857,4
830.922,3
830.987,3
831.052,3
831.117,2
831.182,2
831.247,3
831.312,4
831.377,3
831.442,3
831.507,2
831.572,1
831.636,0
831.701,1
831.766,2
831.831,10
831.896,12
831.961,14
832.026,14
832.091,8
832.156,6
832.221,3
832.286,2
832.351,1
832.416,1
832.481,1
832.546,2
832.611,2
832.676,2
832.741,3
832.806,7
832.871,6
832.936,6
833.001,8
833.066,5
833.131,5
833.196,5
833.261,4
833.326,4
833.391,6
833.456,4
833.521,4
833.586,4
833.651,3
833.716,3
833.781,3
833.846,3
833.911,1
833.976,2
834.041,2
834.106,2
834.171,2
834.236,1
834.301,1
834.366,1
834.431,2
834.496,2
834.562,2
834.627,3
834.692,4
834.757,6
834.822,9
834.887,8
834.952,5
835.017,5
835.082,4
835.147,4
835.212,4
835.277,2
835.342,0
835.408,0
835.473,2
835.538,2
835.603,2
835.668,2
835.733,2
835.798,4
835.863,4
835.928,4
835.993,2
836.059,1
836.124,1
836.189,1
836.254,1
836.319,0
836.384,0
836.449,0
836.514,0
836.58,1
836.645,1
836.71,1
836.775,1
836.84,0
836.905,0
836.971,1
837.036,3
837.101,4
837.166,8
837.231,8
837.296,10
837.361,11
837.427,5
837.492,5
837.557,3
837.622,4
837.687,5
837.753,5
837.818,5
837.883,4
837.948,3
838.013,3
838.079,2
838.144,1
838.209,1
838.274,1
838.339,1
838.405,3
838.47,2
838.535,2
838.6,2
838.665,4
838.731,5
838.796,6
838.861,8
838.926,7
838.992,7
839.057,7
839.122,4
839.187,2
839.253,2
839.318,3
839.383,1
839.448,1
839.514,1
839.579,0
839.644,0
839.709,1
839.775,1
839.84,1
839.905,1
839.97,6
840.036,5
840.101,4
840.166,3
840.231,0
840.297,0
840.362,0
840.427,2
840.493,2
840.558,2
840.623,2
840.689,1
840.754,1
840.819,2
840.884,2
840.95,2
841.015,3
841.08,2
841.146,2
841.211,2
841.276,1
841.342,1
841.407,2
841.472,1
841.538,1
841.603,1
841.668,0
841.734,5
841.799,6
841.864,6
841.93,6
841.995,5
842.06,5
842.126,5
842.191,5
842.256,1
842.322,0
842.387,3
842.453,6
842.518,12
842.583,15
842.649,13
842.714,11
842.779,7
842.845,6
842.91,6
842.976,5
843.041,6
843.106,4
843.172,3
843.237,3
843.303,0
843.368,0
843.433,3
843.499,3
843.564,3
843.63,4
843.695,3
843.761,3
843.826,5
843.891,5
843.957,3
844.022,3
844.088,1
844.153,6
844.219,6
844.284,7
844.349,8
844.415,5
844.48,6
844.546,7
844.611,6
844.677,3
844.742,2
844.808,0
844.873,3
844.939,5
845.004,6
845.069,7
845.135,5
845.2,4
845.266,4
845.331,4
845.397,1
845.462,1
845.528,4
845.593,4
845.659,3
845.724,4
845.79,5
845.855,6
845.921,10
845.986,12
846.052,9
846.117,8
846.183,7
846.248,4
846.314,4
846.379,4
846.445,1
846.511,1
846.576,0
846.642,0
846.707,0
846.773,1
846.838,1
846.904,1
846.969,2
847.035,1
847.1,1
847.166,1
847.232,1
847.297,1
847.363,1
847.428,1
847.494,0
847.559,0
847.625,1
847.691,1
847.756,5
847.822,5
847.887,4
847.953,4
848.018,0
848.084,0
848.15,0
848.215,0
848.281,0
848.346,1
848.412,1
848.478,1
848.543,1
848.609,3
848.674,6
848.74,6
848.806,6
848.871,3
848.937,2
849.003,2
849.068,2
849.134,2
849.199,0
849.265,3
849.331,3
849.396,3
849.462,3
849.528,0
849.593,0
849.659,0
849.725,0
849.79,0
849.856,0
849.922,1
849.987,1
850.053,3
850.119,5
850.184,8
850.25,12
850.316,11
850.381,10
850.447,7
850.513,4
850.578,4
850.644,4
850.71,4
850.775,1
850.841,2
850.907,2
850.973,2
851.038,1
851.104,0
851.17,1
851.235,3
851.301,4
851.367,5
851.433,6
851.498,8
851.564,8
851.63,9
851.695,8
851.761,6
851.827,9
851.893,10
851.958,12
852.024,13
852.09,9
852.156,10
852.221,7
852.287,5
852.353,5
852.419,5
852.484,5
852.55,4
852.616,3
852.682,3
852.748,4
852.813,6
852.879,3
852.945,3
853.011,4
853.076,2
853.142,2
853.208,2
853.274,0
853.34,2
853.405,5
853.471,6
853.537,7
853.603,6
853.669,5
853.734,5
853.8,5
853.866,6
853.932,5
853.998,5
854.064,1
854.129,1
854.195,1
854.261,2
854.327,2
854.393,5
854.459,5
854.524,4
854.59,4
854.656,1
854.722,1
854.788,5
854.854,7
854.92,11
854.985,11
855.051,7
855.117,4
855.183,2
855.249,4
855.315,3
855.381,3
855.447,4
855.512,2
855.578,2
855.644,2
855.71,1
855.776,0
855.842,1
855.908,1
855.974,1
856.04,1
856.105,1
856.171,3
856.237,3
856.303,3
856.369,2
856.435,3
856.501,3
856.567,3
856.633,3
856.699,0
856.765,6
856.831,8
856.897,10
856.962,12
857.028,12
857.094,17
857.16,16
857.226,17
857.292,12
857.358,9
857.424,8
857.49,6
857.556,5
857.622,1
857.688,1
857.754,1
857.82,1
857.886,5
857.952,6
858.018,5
858.084,11
858.15,9
858.216,8
858.282,8
858.348,5
858.414,6
858.48,7
858.546,8
858.612,6
858.678,9
858.744,9
858.81,9
858.876,8
858.942,7
859.008,11
859.074,12
859.14,11
859.206,11
859.272,7
859.338,4
859.404,5
859.47,5
859.536,3
859.602,3
859.668,2
859.734,1
859.8,1
859.866,3
859.932,4
859.998,5
860.064,6
860.131,9
860.197,9
860.263,7
860.329,6
860.395,1
860.461,0
860.527,0
860.593,1
860.659,5
860.725,7
860.791,8
860.857,10
860.923,11
860.99,12
861.056,10
861.122,6
861.188,4
861.254,4
861.32,4
861.386,3
861.452,2
861.518,2
861.585,4
861.651,5
861.717,6
861.783,9
861.849,10
861.915,9
861.981,8
862.047,10
862.114,6
862.18,6
862.246,6
862.312,2
862.378,2
862.444,2
862.51,2
862.577,1
862.643,1
862.709,1
862.775,1
862.841,3
862.907,4
862.974,4
863.04,4
863.106,3
863.172,6
863.238,6
863.305,6
863.371,7
863.437,3
863.503,3
863.569,3
863.636,0
863.702,1
863.768,1
863.834,1
863.9,4
863.967,4
864.033,4
864.099,4
864.165,2
864.231,1
864.298,1
864.364,1
864.43,1
864.496,1
864.563,2
864.629,4
864.695,11
864.761,13
864.828,13
864.894,16
864.96,9
865.026,13
865.093,13
865.159,9
865.225,8
865.291,3
865.358,2
865.424,3
865.49,3
865.556,2
865.623,2
865.689,1
865.755,2
865.822,2
865.888,2
865.954,2
866.02,8
866.087,9
866.153,10
866.219,11
866.286,5
866.352,6
866.418,6
866.485,9
866.551,9
866.617,8
866.683,7
866.75,6
866.816,7
866.882,7
866.949,8
867.015,6
867.081,7
867.148,11
867.214,10
867.28,8
867.347,6
867.413,6
867.479,6
867.546,6
867.612,6
867.679,3
867.745,4
867.811,5
867.878,5
867.944,8
868.01,8
868.077,8
868.143,9
868.209,8
868.276,10
868.342,13
868.409,12
868.475,8
868.541,6
868.608,6
868.674,6
868.741,3
868.807,3
868.873,1
868.94,1
869.006,3
869.073,3
869.139,2
869.205,2
869.272,7
869.338,7
869.405,7
869.471,9
869.538,5
869.604,7
869.67,7
869.737,9
869.803,6
869.87,4
869.936,4
870.003,4
870.069,4
870.136,4
870.202,4
870.268,1
870.335,1
870.401,1
870.468,1
870.534,1
870.601,2
870.667,2
870.734,4
870.8,5
870.867,6
870.933,6
871,5
871.066,4
871.133,3
871.199,4
871.266,6
871.332,6
871.399,5
871.465,4
871.532,2
871.598,2
871.665,2
871.731,2
871.798,1
871.864,0
871.931,2
871.997,2
872.064,2
872.13,7
872.197,5
872.263,5
872.33,5
872.396,0
872.463,0
872.529,0
872.596,3
872.663,3
872.729,3
872.796,3
872.862,5
872.929,8
872.995,7
873.062,9
873.128,10
873.195,6
873.262,7
873.328,4
873.395,3
873.461,3
873.528,4
873.595,5
873.661,3
873.728,3
873.794,1
873.861,0
873.927,0
873.994,0
874.061,0
874.127,1
874.194,1
874.261,1
874.327,1
874.394,1
874.46,1
874.527,1
874.594,4
874.66,3
874.727,4
874.794,5
874.86,2
874.927,3
874.993,4
875.06,4
875.127,4
875.193,4
875.26,2
875.327,1
875.393,1
875.46,1
875.527,1
875.593,1
875.66,1
875.727,1
875.793,6
875.86,9
875.927,10
875.993,13
876.06,11
876.127,9
876.193,8
876.26,4
876.327,1
876.393,0
876.46,1
876.527,1
876.594,1
876.66,2
876.727,2
876.794,4
876.86,8
876.927,8
876.994,9
877.061,9
877.127,6
877.194,7
877.261,7
877.327,7
877.394,7
877.461,6
877.528,6
877.594,4
877.661,6
877.728,5
877.795,4
877.861,4
877.928,1
877.995,1
878.062,2
878.128,2
878.195,2
878.262,2
878.329,0
878.395,0
878.462,0
878.529,2
878.596,2
878.663,2
878.729,2
878.796,5
878.863,7
878.93,9
878.996,11
879.063,11
879.13,10
879.197,10
879.264,8
879.331,4
879.397,4
879.464,3
879.531,5
879.598,5
879.665,5
879.731,6
879.798,3
879.865,4
879.932,6
879.999,5
880.066,3
880.132,2
880.199,0
880.266,1
880.333,3
880.4,4
880.467,8
880.533,10
880.6,8
880.667,8
880.734,6
880.801,5
880.868,8
880.935,12
881.002,10
881.068,8
881.135,5
881.202,3
881.269,3
881.336,3
881.403,4
881.47,2
881.537,2
881.603,2
881.67,1
881.737,1
881.804,1
881.871,3
881.938,3
882.005,2
882.072,3
882.139,4
882.206,5
882.273,5
882.339,4
882.406,1
882.473,0
882.54,0
882.607,0
882.674,0
882.741,0
882.808,2
882.875,2
882.942,2
883.009,2
883.076,1
883.143,1
883.21,1
883.277,1
883.344,0
883.411,0
883.478,0
883.545,0
883.612,0
883.678,0
883.745,0
883.812,0
883.879,1
883.946,1
884.013,2
884.08,5
884.147,8
884.214,8
884.281,7
884.348,7
884.415,4
884.482,5
884.549,6
884.616,5
884.683,6
884.75,5
884.817,5
884.884,10
884.951,8
885.019,8
885.086,7
885.153,1
885.22,1
885.287,1
885.354,3
885.421,2
885.488,2
885.555,2
885.622,1
885.689,3
885.756,4
885.823,7
885.89,6
885.957,5
886.024,4
886.091,1
886.158,1
886.225,0
886.293,0
886.36,0
886.427,1
886.494,1
886.561,1
886.628,1
886.695,0
886.762,3
886.829,4
886.896,8
886.963,12
887.03,14
887.098,15
887.165,14
887.232,10
887.299,14
887.366,11
887.433,8
887.5,8
887.567,5
887.635,5
887.702,4
887.769,3
887.836,0
887.903,2
887.97,3
888.037,3
888.105,3
888.172,3
888.239,4
888.306,7
888.373,8
888.44,10
888.507,9
888.575,6
888.642,5
888.709,3
888.776,2
888.843,3
888.91,4
888.978,5
889.045,6
889.112,5
889.179,4
889.246,1
889.314,0
889.381,0
889.448,0
889.515,2
889.582,2
889.65,2
889.717,2
889.784,7
889.851,7
889.918,7
889.986,7
890.053,0
890.12,1
890.187,3
890.254,6
890.322,11
890.389,12
890.456,11
890.523,12
890.591,15
890.658,16
890.725,17
890.792,15
890.86,9
890.927,7
890.994,6
891.061,6
891.129,5
891.196,5
891.263,6
891.33,10
891.398,11
891.465,9
891.532,9
891.6,7
891.667,10
891.734,11
891.801,8
891.869,7
891.936,5
892.003,7
892.071,8
892.138,9
892.205,11
892.272,13
892.34,17
892.407,18
892.474,16
892.542,12
892.609,10
892.676,13
892.744,14
892.811,12
892.878,12
892.946,9
893.013,6
893.08,5
893.148,6
893.215,3
893.282,3
893.35,3
893.417,1
893.484,2
893.552,2
893.619,2
893.686,2
893.754,3
893.821,3
893.889,4
893.956,4
894.023,2
894.091,2
894.158,3
894.225,5
894.293,4
894.36,5
894.428,3
894.495,1
894.562,1
894.63,0
894.697,0
894.765,1
894.832,3
894.899,4
894.967,6
895.034,5
895.102,3
895.169,2
895.236,0
895.304,0
895.371,0
895.439,0
895.506,1
895.574,2
895.641,2
895.708,2
895.776,3
895.843,7
895.911,8
895.978,11
896.046,14
896.113,10
896.181,11
896.248,9
896.315,4
896.383,3
896.45,1
896.518,0
896.585,0
896.653,0
896.72,0
896.788,0
896.855,0
896.923,1
896.99,1
897.058,2
897.125,2
897.193,1
897.26,1
897.328,0
897.395,1
897.463,1
897.53,1
897.598,1
897.665,0
897.733,2
897.8,2
897.868,2
897.935,2
898.003,4
898.07,3
898.138,3
898.205,4
898.273,7
898.34,11
898.408,13
898.476,12
898.543,9
898.611,10
898.678,8
898.746,7
898.813,6
898.881,1
898.948,0
899.016,0
899.084,0
899.151,1
899.219,1
899.286,2
899.354,2
899.421,1
899.489,4
899.557,3
899.624,4
899.692,8
899.759,6
899.827,8
899.895,9
899.962,11
900.03,11
900.097,9
900.165,11
900.233,11
900.3,10
900.368,7
900.435,3
900.503,1
900.571,4
900.638,3
900.706,4
900.773,5
900.841,4
900.909,5
900.976,5
901.044,6
901.112,5
901.179,6
901.247,7
901.315,7
901.382,11
901.45,9
901.518,13
901.585,16
901.653,12
901.721,12
901.788,9
901.856,7
901.924,5
901.991,3
902.059,3
902.127,5
902.194,5
902.262,2
902.33,2
902.397,2
902.465,2
902.533,2
902.6,2
902.668,0
902.736,4
902.804,5
902.871,5
902.939,5
903.007,4
903.074,6
903.142,9
903.21,11
903.278,9
903.345,10
903.413,9
903.481,8
903.549,8
903.616,6
903.684,4
903.752,7
903.819,6
903.887,4
903.955,5
904.023,5
904.09,5
904.158,6
904.226,8
904.294,5
904.362,6
904.429,6
904.497,4
904.565,4
904.633,3
904.7,6
904.768,6
904.836,7
904.904,4
904.972,9
905.039,9
905.107,8
905.175,8
905.243,6
905.311,8
905.378,8
905.446,8
905.514,5
905.582,2
905.65,1
905.717,1
905.785,2
905.853,3
905.921,4
905.989,6
906.057,5
906.124,4
906.192,3
906.26,0
906.328,0
906.396,0
906.464,0
906.531,0
906.599,1
906.667,1
906.735,4
906.803,5
906.871,4
906.939,7
907.006,10
907.074,12
907.142,11
907.21,7
907.278,4
907.346,4
907.414,4
907.482,4
907.549,6
907.617,2
907.685,2
907.753,4
907.821,6
907.889,9
907.957,10
908.025,8
908.093,11
908.161,9
908.228,8
908.296,7
908.364,6
908.432,4
908.5,3
908.568,4
908.636,1
908.704,1
908.772,4
908.84,3
908.908,3
908.976,3
909.044,1
909.112,1
909.179,1
909.247,3
909.315,2
909.383,2
909.451,2
909.519,1
909.587,1
909.655,1
909.723,1
909.791,1
909.859,1
909.927,1
909.995,1
910.063,0
910.131,1
910.199,1
910.267,2
910.335,3
910.403,6
910.471,8
910.539,9
910.607,10
910.675,8
910.743,7
910.811,9
910.879,9
910.947,8
911.015,7
911.083,3
911.151,5
911.219,4
911.287,4
911.355,5
911.423,1
911.491,1
911.559,1
911.627,1
911.695,2
911.763,2
911.832,2
911.9,1
911.968,0
912.036,0
912.104,0
912.172,1
912.24,1
912.308,1
912.376,2
912.444,1
912.512,1
912.58,1
912.648,0
912.716,0
912.784,0
912.853,2
912.921,2
912.989,3
913.057,3
913.125,1
913.193,1
913.261,1
913.329,1
913.397,2
913.465,2
913.534,2
913.602,2
913.67,1
913.738,1
913.806,3
913.874,3
913.942,4
914.01,4
914.079,5
914.147,9
914.215,9
914.283,9
914.351,8
914.419,5
914.487,5
914.556,5
914.624,2
914.692,2
914.76,2
914.828,4
914.896,6
914.965,7
915.033,10
915.101,9
915.169,9
915.237,7
915.305,5
915.374,4
915.442,5
915.51,5
915.578,4
915.646,4
915.715,1
915.783,1
915.851,0
915.919,1
915.987,3
916.056,6
916.124,8
916.192,9
916.26,9
916.329,7
916.397,9
916.465,11
916.533,10
916.601,12
916.67,9
916.738,7
916.806,7
916.874,8
916.943,11
917.011,13
917.079,14
917.147,14
917.216,16
917.284,12
917.352,10
917.42,7
917.489,5
917.557,1
917.625,2
917.693,1
917.762,2
917.83,3
917.898,3
917.967,7
918.035,6
918.103,6
918.171,5
918.24,1
918.308,1
918.376,0
918.445,0
918.513,1
918.581,1
918.65,1
918.718,1
918.786,0
918.854,1
918.923,1
918.991,1
919.059,1
919.128,3
919.196,3
919.264,3
919.333,3
919.401,0
919.469,0
919.538,0
919.606,0
919.674,0
919.743,4
919.811,4
919.879,4
919.948,7
920.016,5
920.085,5
920.153,5
920.221,6
920.29,4
920.358,8
920.426,8
920.495,5
920.563,6
920.632,5
920.7,5
920.768,4
920.837,3
920.905,2
920.974,2
921.042,2
921.11,2
921.179,4
921.247,5
921.316,5
921.384,5
921.452,1
921.521,1
921.589,1
921.658,2
921.726,3
921.794,2
921.863,2
921.931,1
922,0
922.068,0
922.137,1
922.205,1
922.274,1
922.342,2
922.41,1
922.479,1
922.547,1
922.616,1
922.684,1
922.753,1
922.821,4
922.89,5
922.958,7
923.027,8
923.095,8
923.164,9
923.232,9
923.3,8
923.369,8
923.437,6
923.506,4
923.574,4
923.643,1
923.711,3
923.78,4
923.848,4
923.917,4
923.985,8
924.054,7
924.122,6
924.191,5
924.26,4
924.328,5
924.397,5
924.465,5
924.534,6
924.602,4
924.671,4
924.739,5
924.808,2
924.876,2
924.945,2
925.013,1
925.082,1
925.151,3
925.219,3
925.288,6
925.356,5
925.425,3
925.493,3
925.562,1
925.63,2
925.699,2
925.768,2
925.836,2
925.905,2
925.973,3
926.042,4
926.111,5
926.179,6
926.248,7
926.316,7
926.385,4
926.453,3
926.522,4
926.591,5
926.659,3
926.728,3
926.797,2
926.865,1
926.934,2
927.002,3
927.071,2
927.14,4
927.208,3
927.277,2
927.346,2
927.414,1
927.483,1
927.551,4
927.62,4
927.689,3
927.757,3
927.826,0
927.895,0
927.963,0
928.032,0
928.101,2
928.169,3
928.238,3
928.307,4
928.375,4
928.444,3
928.513,3
928.581,2
928.65,1
928.719,5
928.787,5
928.856,8
928.925,7
928.994,6
929.062,6
929.131,3
929.2,3
929.268,0
929.337,0
929.406,0
929.475,0
929.543,1
929.612,1
929.681,1
929.749,3
929.818,2
929.887,3
929.956,3
930.024,3
930.093,5
930.162,5
930.231,6
930.299,7
930.368,5
930.437,4
930.506,4
930.574,1
930.643,1
930.712,2
930.781,3
930.849,7
930.918,10
930.987,9
931.056,8
931.124,6
931.193,6
931.262,6
931.331,6
931.4,4
931.468,2
931.537,2
931.606,1
931.675,1
931.744,0
931.812,1
931.881,2
931.95,3
932.019,4
932.088,8
932.156,8
932.225,10
932.294,10
932.363,6
932.432,6
932.501,4
932.569,5
932.638,5
932.707,4
932.776,4
932.845,3
932.914,3
932.982,6
933.051,7
933.12,6
933.189,5
933.258,5
933.327,3
933.396,3
933.464,3
933.533,1
933.602,3
933.671,3
933.74,4
933.809,4
933.878,5
933.947,5
934.015,5
934.084,7
934.153,4
934.222,4
934.291,4
934.36,4
934.429,6
934.498,6
934.567,6
934.636,3
934.704,1
934.773,2
934.842,2
934.911,3
934.98,4
935.049,4
935.118,4
935.187,6
935.256,3
935.325,4
935.394,4
935.463,3
935.532,4
935.601,6
935.669,8
935.738,11
935.807,12
935.876,13
935.945,13
936.014,10
936.083,9
936.152,7
936.221,6
936.29,2
936.359,3
936.428,2
936.497,2
936.566,2
936.635,0
936.704,0
936.773,3
936.842,3
936.911,4
936.98,4
937.049,1
937.118,1
937.187,0
937.256,0
937.325,0
937.394,0
937.463,0
937.532,1
937.601,1
937.67,1
937.739,1
937.808,1
937.877,1
937.946,4
938.015,6
938.084,6
938.153,7
938.222,5
938.291,3
938.36,2
938.429,2
938.499,3
938.568,3
938.637,3
938.706,3
938.775,3
938.844,4
938.913,4
938.982,3
939.051,1
939.12,0
939.189,0
939.258,0
939.327,0
939.396,1
939.466,1
939.535,1
939.604,2
939.673,1
939.742,1
939.811,5
939.88,9
939.949,9
940.018,9
940.087,7
940.157,6
940.226,8
940.295,7
940.364,4
940.433,3
940.502,0
940.571,0
940.64,0
940.71,5
940.779,5
940.848,5
940.917,5
940.986,1
941.055,2
941.124,2
941.194,2
941.263,1
941.332,1
941.401,1
941.47,2
941.539,2
941.609,1
941.678,1
941.747,0
941.816,1
941.885,4
941.954,4
942.024,4
942.093,6
942.162,6
942.231,6
942.3,7
942.37,6
942.439,6
942.508,7
942.577,7
942.646,9
942.716,7
942.785,6
942.854,6
942.923,8
942.993,8
943.062,5
943.131,6
943.2,3
943.269,3
943.339,3
943.408,2
943.477,0
943.546,0
943.616,0
943.685,1
943.754,1
943.823,1
943.893,2
943.962,1
944.031,1
944.1,1
944.17,0
944.239,0
944.308,1
944.378,1
944.447,1
944.516,1
944.585,1
944.655,1
944.724,1
944.793,2
944.862,1
944.932,2
945.001,2
945.07,4
945.14,4
945.209,6
945.278,6
945.348,3
945.417,3
945.486,0
945.556,1
945.625,1
945.694,1
945.764,2
945.833,2
945.902,3
945.971,3
946.041,2
946.11,1
946.18,0
946.249,1
946.318,1
946.388,2
946.457,5
946.526,4
946.596,4
946.665,4
946.734,1
946.804,1
946.873,1
946.942,0
947.012,2
947.081,2
947.151,3
947.22,3
947.289,1
947.359,1
947.428,0
947.497,0
947.567,0
947.636,0
947.706,0
947.775,0
947.844,0
947.914,0
947.983,2
948.053,2
948.122,2
948.191,2
948.261,0
948.33,0
948.4,0
948.469,0
948.539,0
948.608,3
948.677,3
948.747,5
948.816,5
948.886,2
948.955,2
949.025,5
949.094,6
949.164,6
949.233,6
949.302,1
949.372,0
949.441,3
949.511,3
949.58,4
949.65,4
949.719,2
949.789,4
949.858,4
949.928,6
949.997,6
950.067,4
950.136,3
950.206,3
950.275,2
950.345,2
950.414,4
950.484,2
950.553,2
950.623,2
950.692,3
950.762,3
950.831,3
950.901,3
950.97,2
951.04,2
951.109,2
951.179,2
951.248,0
951.318,1
951.387,1
951.457,1
951.526,1
951.596,0
951.666,0
951.735,0
951.805,0
951.874,0
951.944,0
952.013,0
952.083,0
952.152,0
952.222,0
952.292,0
952.361,0
952.431,1
952.5,1
952.57,1
952.639,1
952.709,0
952.779,0
952.848,0
952.918,0
952.987,0
953.057,0
953.127,0
953.196,1
953.266,1
953.335,2
953.405,3
953.475,4
953.544,6
953.614,6
953.683,5
953.753,3
953.823,1
953.892,5
953.962,5
954.032,5
954.101,6
954.171,3
954.24,3
954.31,4
954.38,6
954.449,4
954.519,5
954.589,5
954.658,3
954.728,3
954.798,3
954.867,3
954.937,3
955.007,3
955.076,2
955.146,2
955.216,2
955.285,2
955.355,3
955.425,2
955.494,1
955.564,1
955.634,0
955.703,0
955.773,2
955.843,2
955.913,2
955.982,4
956.052,4
956.122,4
956.191,4
956.261,3
956.331,1
956.401,1
956.47,2
956.54,1
956.61,1
956.679,1
956.749,0
956.819,0
956.889,0
956.958,0
957.028,0
957.098,0
957.168,0
957.237,0
957.307,0
957.377,0
957.447,3
957.516,4
957.586,5
957.656,6
957.726,5
957.795,5
957.865,5
957.935,5
958.005,4
958.075,4
958.144,5
958.214,12
958.284,13
958.354,10
958.424,10
958.493,5
958.563,3
958.633,5
958.703,6
958.773,5
958.842,5
958.912,4
958.982,4
959.052,8
959.122,9
959.191,8
959.261,7
959.331,6
959.401,5
959.471,7
959.541,7
959.61,5
959.68,3
959.75,1
959.82,1
959.89,1
959.96,2
960.03,2
960.099,2
960.169,1
960.239,1
960.309,1
960.379,1
960.449,1
960.519,3
960.588,4
960.658,4
960.728,5
960.798,2
960.868,2
960.938,2
961.008,5
961.078,6
961.148,7
961.217,7
961.287,7
961.357,8
961.427,6
961.497,7
961.567,6
961.637,6
961.707,7
961.777,7
961.847,5
961.917,5
961.986,10
962.056,9
962.126,8
962.196,7
962.266,2
962.336,2
962.406,2
962.476,1
962.546,0
962.616,0
962.686,1
962.756,2
962.826,2
962.896,2
962.966,1
963.036,3
963.106,3
963.176,3
963.246,6
963.316,5
963.386,6
963.456,6
963.526,3
963.595,1
963.665,3
963.735,3
963.805,3
963.875,3
963.945,0
964.015,0
964.085,4
964.155,5
964.225,6
964.295,6
964.365,3
964.436,6
964.506,5
964.576,5
964.646,6
964.716,4
964.786,5
964.856,5
964.926,4
964.996,2
965.066,1
965.136,1
965.206,1
965.276,2
965.346,2
965.416,2
965.486,2
965.556,2
965.626,3
965.696,5
965.766,6
965.836,7
965.906,10
965.977,10
966.047,11
966.117,10
966.187,9
966.257,7
966.327,5
966.397,5
966.467,2
966.537,2
966.607,1
966.677,1
966.748,1
966.818,2
966.888,5
966.958,7
967.028,8
967.098,8
967.168,6
967.238,6
967.308,6
967.379,5
967.449,5
967.519,4
967.589,3
967.659,4
967.729,6
967.799,5
967.869,5
967.94,8
968.01,5
968.08,4
968.15,4
968.22,7
968.29,12
968.361,14
968.431,17
968.501,16
968.571,16
968.641,14
968.711,11
968.782,8
968.852,3
968.922,6
968.992,5
969.062,6
969.132,5
969.203,2
969.273,2
969.343,2
969.413,3
969.483,3
969.554,4
969.624,4
969.694,3
969.764,2
969.835,1
969.905,0
969.975,1
970.045,1
970.115,2
970.186,3
970.256,5
970.326,7
970.396,6
970.467,5
970.537,2
970.607,0
970.677,0
970.748,1
970.818,2
970.888,3
970.958,5
971.029,6
971.099,6
971.169,5
971.239,4
971.31,2
971.38,4
971.45,5
971.52,4
971.591,4
971.661,6
971.731,10
971.802,10
971.872,10
971.942,9
972.012,7
972.083,6
972.153,5
972.223,4
972.294,0
972.364,0
972.434,0
972.505,0
972.575,0
972.645,0
972.716,0
972.786,0
972.856,0
972.927,0
972.997,1
973.067,1
973.138,4
973.208,5
973.278,4
973.349,4
973.419,1
973.489,0
973.56,0
973.63,1
973.7,2
973.771,4
973.841,6
973.911,6
973.982,6
974.052,8
974.123,8
974.193,9
974.263,7
974.334,5
974.404,4
974.474,3
974.545,1
974.615,0
974.686,0
974.756,0
974.826,1
974.897,3
974.967,3
975.038,3
975.108,4
975.178,4
975.249,6
975.319,10
975.39,10
975.46,16
975.531,14
975.601,12
975.671,10
975.742,4
975.812,4
975.883,3
975.953,5
976.024,3
976.094,3
976.164,2
976.235,0
976.305,0
976.376,0
976.446,0
976.517,2
976.587,2
976.658,2
976.728,2
976.799,0
976.869,1
976.94,2
977.01,5
977.081,9
977.151,8
977.222,8
977.292,8
977.362,7
977.433,7
977.503,6
977.574,3
977.644,0
977.715,1
977.786,2
977.856,4
977.927,7
977.997,7
978.068,7
978.138,6
978.209,2
978.279,2
978.35,2
978.42,3
978.491,3
978.561,3
978.632,3
978.702,2
978.773,3
978.843,4
978.914,4
978.985,4
979.055,3
979.126,4
979.196,5
979.267,5
979.337,6
979.408,4
979.478,3
979.549,3
979.62,1
979.69,1
979.761,1
979.831,1
979.902,0
979.973,0
980.043,0
980.114,3
980.184,3
980.255,4
980.325,4
980.396,1
980.467,1
980.537,0
980.608,0
980.679,1
980.749,2
980.82,2
980.89,2
980.961,3
981.032,2
981.102,2
981.173,2
981.244,0
981.314,1
981.385,1
981.455,1
981.526,1
981.597,0
981.667,1
981.738,1
981.809,1
981.879,2
981.95,1
982.021,2
982.091,4
982.162,6
982.233,8
982.303,7
982.374,5
982.445,4
982.515,4
982.586,6
982.657,8
982.727,11
982.798,9
982.869,7
982.94,5
983.01,1
983.081,1
983.152,1
983.222,1
983.293,2
983.364,2
983.434,2
983.505,6
983.576,6
983.647,6
983.717,7
983.788,8
983.859,7
983.93,7
984,5
984.071,3
984.142,2
984.212,2
984.283,3
984.354,4
984.425,4
984.495,5
984.566,5
984.637,5
984.708,5
984.779,4
984.849,5
984.92,2
984.991,2
985.062,2
985.132,2
985.203,1
985.274,1
985.345,2
985.415,1
985.486,1
985.557,3
985.628,3
985.699,4
985.769,5
985.84,5
985.911,5
985.982,5
986.053,7
986.123,10
986.194,9
986.265,8
986.336,4
986.407,4
986.478,4
986.548,5
986.619,3
986.69,2
986.761,2
986.832,1
986.903,1
986.973,3
987.044,5
987.115,5
987.186,4
987.257,2
987.328,2
987.399,2
987.469,2
987.54,3
987.611,3
987.682,3
987.753,8
987.824,7
987.895,6
987.966,7
988.036,7
988.107,7
988.178,6
988.249,5
988.32,4
988.391,4
988.462,4
988.533,4
988.604,1
988.674,1
988.745,1
988.816,1
988.887,0
988.958,1
989.029,1
989.1,1
989.171,1
989.242,2
989.313,2
989.384,3
989.455,8
989.526,7
989.596,7
989.667,6
989.738,3
989.809,4
989.88,4
989.951,4
990.022,2
990.093,0
990.164,3
990.235,3
990.306,3
990.377,3
990.448,1
990.519,2
990.59,2
990.661,4
990.732,5
990.803,7
990.874,9
990.945,9
991.016,8
991.087,6
991.158,5
991.229,5
991.3,5
991.371,5
991.442,4
991.513,3
991.584,3
991.655,3
991.726,1
991.797,4
991.868,8
991.939,9
992.01,11
992.081,12
992.152,11
992.223,10
992.294,8
992.365,5
992.436,2
992.507,2
992.578,11
992.649,11
992.72,13
992.791,14
992.862,12
992.933,11
993.005,11
993.076,10
993.147,4
993.218,5
993.289,4
993.36,5
993.431,6
993.502,6
993.573,6
993.644,8
993.715,3
993.786,3
993.858,3
993.929,1
994,0
994.071,0
994.142,0
994.213,0
994.284,0
994.355,0
994.426,1
994.497,3
994.569,5
994.64,7
994.711,9
994.782,8
994.853,8
994.924,8
994.995,7
995.067,6
995.138,4
995.209,2
995.28,0
995.351,0
995.422,0
995.493,1
995.565,1
995.636,2
995.707,3
995.778,6
995.849,10
995.92,10
995.992,10
996.063,7
996.134,8
996.205,6
996.276,4
996.347,2
996.419,4
996.49,4
996.561,4
996.632,4
996.703,1
996.775,2
996.846,2
996.917,2
996.988,1
997.059,0
997.131,0
997.202,0
997.273,0
997.344,0
997.416,3
997.487,4
997.558,6
997.629,6
997.7,3
997.772,3
997.843,2
997.914,2
997.985,2
998.057,1
998.128,0
998.199,0
998.27,0
998.342,0
998.413,0
998.484,1
998.555,1
998.627,1
998.698,1
998.769,0
998.841,2
998.912,3
998.983,3
999.054,3
999.126,2
999.197,1
999.268,1
999.34,1
999.411,1
999.482,1
999.553,2
999.625,2
999.696,3
999.767,4
999.839,4
999.91,4
999.981,4
1000.053,3
1000.124,2
1000.195,2
1000.267,3
1000.338,3
1000.409,3
1000.481,3
1000.552,1
1000.623,4
1000.695,6
1000.766,8
1000.837,12
1000.909,11
1000.98,11
1001.051,13
1001.123,9
1001.194,7
1001.265,5
1001.337,1
1001.408,2
1001.479,4
1001.551,4
1001.622,4
1001.694,5
1001.765,3
1001.836,3
1001.908,3
1001.979,1
1002.051,1
1002.122,1
1002.193,1
1002.265,2
1002.336,2
1002.408,2
1002.479,2
1002.55,0
1002.622,0
1002.693,0
1002.765,0
1002.836,3
1002.907,3
1002.979,3
1003.05,3
1003.122,1
1003.193,3
1003.265,6
1003.336,6
1003.407,5
1003.479,3
1003.55,4
1003.622,3
1003.693,4
1003.765,3
1003.836,2
1003.908,6
1003.979,8
1004.051,8
1004.122,8
1004.193,7
1004.265,4
1004.336,4
1004.408,4
1004.479,1
1004.551,1
1004.622,3
1004.694,3
1004.765,4
1004.837,8
1004.908,7
1004.98,8
1005.051,8
1005.123,4
1005.194,4
1005.266,1
1005.337,2
1005.409,4
1005.48,5
1005.552,5
1005.623,5
1005.695,4
1005.766,6
1005.838,8
1005.91,11
1005.981,14
1006.053,16
1006.124,16
1006.196,13
1006.267,10
1006.339,7
1006.41,4
1006.482,4
1006.553,4
1006.625,8
1006.697,5
1006.768,5
1006.84,6
1006.911,2
1006.983,2
1007.054,2
1007.126,4
1007.198,4
1007.269,5
1007.341,7
1007.412,5
1007.484,10
1007.555,9
1007.627,7
1007.699,6
1007.77,1
1007.842,1
1007.913,1
1007.985,1
1008.057,2
1008.128,2
1008.2,2
1008.271,3
1008.343,4
1008.415,4
1008.486,4
1008.558,3
1008.63,2
1008.701,2
1008.773,3
1008.844,3
1008.916,7
1008.988,7
1009.059,6
1009.131,6
1009.203,8
1009.274,7
1009.346,6
1009.418,6
1009.489,3
1009.561,3
1009.633,3
1009.704,2
1009.776,0
1009.848,2
1009.919,2
1009.991,6
1010.063,9
1010.134,8
1010.206,8
1010.278,5
1010.349,5
1010.421,4
1010.493,4
1010.565,4
1010.636,2
1010.708,2
1010.78,2
1010.851,1
1010.923,0
1010.995,1
1011.067,2
1011.138,5
1011.21,5
1011.282,4
1011.353,3
1011.425,0
1011.497,0
1011.569,0
1011.64,0
1011.712,1
1011.784,3
1011.856,3
1011.927,3
1011.999,5
1012.071,7
1012.143,7
1012.214,7
1012.286,4
1012.358,0
1012.43,2
1012.501,2
1012.573,2
1012.645,2
1012.717,0
1012.789,0
1012.86,1
1012.932,1
1013.004,1
1013.076,1
1013.147,2
1013.219,4
1013.291,6
1013.363,7
1013.435,8
1013.506,6
1013.578,4
1013.65,3
1013.722,0
1013.794,1
1013.865,6
1013.937,6
1014.009,6
1014.081,6
1014.153,2
1014.225,2
1014.296,3
1014.368,2
1014.44,1
1014.512,2
1014.584,5
1014.656,8
1014.728,8
1014.799,7
1014.871,3
1014.943,2
1015.015,2
1015.087,3
1015.159,3
1015.231,1
1015.302,1
1015.374,1
1015.446,1
1015.518,2
1015.59,2
1015.662,1
1015.734,1
1015.806,0
1015.877,0
1015.949,0
1016.021,0
1016.093,0
1016.165,0
1016.237,0
1016.309,0
1016.381,0
1016.453,0
1016.525,0
1016.596,0
1016.668,0
1016.74,0
1016.812,1
1016.884,3
1016.956,4
1017.028,4
1017.1,3
1017.172,3
1017.244,2
1017.316,2
1017.388,3
1017.46,1
1017.532,1
1017.604,4
1017.676,4
1017.747,4
1017.819,4
1017.891,4
1017.963,3
1018.035,4
1018.107,4
1018.179,4
1018.251,4
1018.323,3
1018.395,3
1018.467,0
1018.539,0
1018.611,3
1018.683,3
1018.755,4
1018.827,6
1018.899,4
1018.971,5
1019.043,4
1019.115,2
1019.187,1
1019.259,1
1019.331,1
1019.403,2
1019.475,3
1019.547,3
1019.619,4
1019.691,3
1019.763,3
1019.835,3
1019.907,2
1019.979,2
1020.051,3
1020.124,2
1020.196,2
1020.268,2
1020.34,1
1020.412,1
1020.484,1
1020.556,1
1020.628,4
1020.7,4
1020.772,4
1020.844,4
1020.916,3
1020.988,3
1021.06,3
1021.132,3
1021.204,5
1021.277,6
1021.349,6
1021.421,6
1021.493,6
1021.565,5
1021.637,5
1021.709,5
1021.781,0
1021.853,1
1021.925,1
1021.998,1
1022.07,4
1022.142,3
1022.214,3
1022.286,3
1022.358,0
1022.43,1
1022.502,2
1022.575,2
1022.647,2
1022.719,2
1022.791,2
1022.863,2
1022.935,2
1023.007,1
1023.08,0
1023.152,0
1023.224,0
1023.296,7
1023.368,7
1023.44,7
1023.512,8
1023.585,3
1023.657,3
1023.729,3
1023.801,2
1023.873,3
1023.946,3
1024.018,3
1024.09,5
1024.162,4
1024.234,5
1024.306,6
1024.379,5
1024.451,7
1024.523,6
1024.595,5
1024.667,4
1024.74,1
1024.812,1
1024.884,1
1024.956,3
1025.029,2
1025.101,2
1025.173,3
1025.245,1
1025.317,3
1025.39,3
1025.462,4
1025.534,4
1025.606,5
1025.679,5
1025.751,3
1025.823,3
1025.895,0
1025.968,0
1026.04,0
1026.112,0
1026.184,0
1026.257,0
1026.329,0
1026.401,0
1026.473,1
1026.546,1
1026.618,1
1026.69,1
1026.763,0
1026.835,0
1026.907,2
1026.979,2
1027.052,2
1027.124,2
1027.196,1
1027.269,1
1027.341,1
1027.413,4
1027.485,3
1027.558,3
1027.63,4
1027.702,3
1027.775,5
1027.847,7
1027.919,7
1027.992,6
1028.064,5
1028.136,6
1028.209,6
1028.281,6
1028.353,6
1028.426,4
1028.498,3
1028.57,3
1028.643,4
1028.715,4
1028.787,1
1028.86,1
1028.932,0
1029.005,0
1029.077,0
1029.149,1
1029.222,1
1029.294,3
1029.366,3
1029.439,3
1029.511,3
1029.584,1
1029.656,1
1029.728,0
1029.801,1
1029.873,1
1029.945,1
1030.018,2
1030.09,1
1030.163,1
1030.235,3
1030.307,2
1030.38,2
1030.452,2
1030.525,2
1030.597,2
1030.67,2
1030.742,4
1030.814,5
1030.887,7
1030.959,8
1031.032,14
1031.104,14
1031.177,15
1031.249,14
1031.321,9
1031.394,6
1031.466,5
1031.539,5
1031.611,5
1031.684,6
1031.756,4
1031.829,4
1031.901,2
1031.974,7
1032.046,7
1032.118,7
1032.191,8
1032.263,5
1032.336,4
1032.408,3
1032.481,0
1032.553,1
1032.626,2
1032.698,3
1032.771,4
1032.843,5
1032.916,4
1032.988,4
1033.061,3
1033.133,2
1033.206,2
1033.278,1
1033.351,1
1033.423,1
1033.496,1
1033.568,1
1033.641,1
1033.714,1
1033.786,1
1033.859,1
1033.931,2
1034.004,1
1034.076,1
1034.149,2
1034.221,1
1034.294,1
1034.366,4
1034.439,5
1034.512,5
1034.584,5
1034.657,3
1034.729,1
1034.802,2
1034.874,8
1034.947,7
1035.019,7
1035.092,6
1035.165,1
1035.237,1
1035.31,2
1035.382,3
1035.455,2
1035.528,2
1035.6,1
1035.673,0
1035.745,0
1035.818,2
1035.891,2
1035.963,2
1036.036,3
1036.108,2
1036.181,2
1036.254,2
1036.326,1
1036.399,0
1036.472,0
1036.544,0
1036.617,1
1036.689,3
1036.762,4
1036.835,5
1036.907,7
1036.98,6
1037.053,6
1037.125,8
1037.198,4
1037.271,4
1037.343,4
1037.416,4
1037.489,2
1037.561,4
1037.634,7
1037.707,10
1037.779,18
1037.852,18
1037.925,16
1037.997,12
1038.07,6
1038.143,4
1038.215,3
1038.288,2
1038.361,0
1038.433,0
1038.506,0
1038.579,0
1038.652,0
1038.724,0
1038.797,0
1038.87,1
1038.942,1
1039.015,1
1039.088,1
1039.161,0
1039.233,0
1039.306,0
1039.379,2
1039.452,2
1039.524,2
1039.597,2
1039.67,2
1039.742,2
1039.815,2
1039.888,2
1039.961,0
1040.033,0
1040.106,0
1040.179,0
1040.252,0
1040.325,0
1040.397,0
1040.47,0
1040.543,0
1040.616,0
1040.688,0
1040.761,0
1040.834,0
1040.907,1
1040.98,4
1041.052,5
1041.125,5
1041.198,4
1041.271,1
1041.343,0
1041.416,1
1041.489,1
1041.562,3
1041.635,3
1041.708,3
1041.78,3
1041.853,1
1041.926,1
1041.999,1
1042.072,2
1042.144,3
1042.217,4
1042.29,4
1042.363,5
1042.436,8
1042.509,5
1042.581,5
1042.654,5
1042.727,6
1042.8,5
1042.873,5
1042.946,8
1043.019,5
1043.091,4
1043.164,3
1043.237,2
1043.31,1
1043.383,1
1043.456,2
1043.529,3
1043.602,4
1043.674,6
1043.747,6
1043.82,5
1043.893,4
1043.966,3
1044.039,5
1044.112,5
1044.185,4
1044.258,3
1044.331,0
1044.403,0
1044.476,0
1044.549,0
1044.622,0
1044.695,1
1044.768,1
1044.841,1
1044.914,1
1044.987,0
1045.06,0
1045.133,1
1045.206,1
1045.279,1
1045.352,4
1045.424,3
1045.497,3
1045.57,3
1045.643,2
1045.716,3
1045.789,3
1045.862,3
1045.935,1
1046.008,0
1046.081,0
1046.154,0
1046.227,0
1046.3,0
1046.373,0
1046.446,2
1046.519,4
1046.592,4
1046.665,4
1046.738,4
1046.811,7
1046.884,10
1046.957,11
1047.03,10
1047.103,7
1047.176,4
1047.249,4
1047.322,3
1047.395,1
1047.468,2
1047.541,2
1047.614,3
1047.687,4
1047.76,5
1047.833,6
1047.906,6
1047.979,7
1048.052,8
1048.125,8
1048.198,8
1048.271,6
1048.344,3
1048.417,1
1048.491,1
1048.564,1
1048.637,1
1048.71,1
1048.783,0
1048.856,1
1048.929,2
1049.002,2
1049.075,2
1049.148,2
1049.221,1
1049.294,2
1049.367,2
1049.44,2
1049.514,2
1049.587,1
1049.66,1
1049.733,2
1049.806,2
1049.879,2
1049.952,2
1050.025,2
1050.098,3
1050.171,3
1050.245,4
1050.318,3
1050.391,4
1050.464,5
1050.537,5
1050.61,9
1050.683,6
1050.756,4
1050.83,5
1050.903,3
1050.976,3
1051.049,3
1051.122,5
1051.195,5
1051.269,5
1051.342,5
1051.415,0
1051.488,0
1051.561,0
1051.634,1
1051.707,1
1051.781,4
1051.854,4
1051.927,3
1052,6
1052.073,3
1052.147,3
1052.22,3
1052.293,0
1052.366,1
1052.439,1
1052.512,1
1052.586,1
1052.659,1
1052.732,1
1052.805,1
1052.879,4
1052.952,5
1053.025,5
1053.098,5
1053.171,3
1053.245,3
1053.318,3
1053.391,3
1053.464,2
1053.538,3
1053.611,3
1053.684,3
1053.757,4
1053.83,1
1053.904,1
1053.977,1
1054.05,1
1054.123,4
1054.197,4
1054.27,5
1054.343,4
1054.417,5
1054.49,6
1054.563,6
1054.636,9
1054.71,6
1054.783,6
1054.856,6
1054.929,5
1055.003,8
1055.076,9
1055.149,10
1055.223,11
1055.296,6
1055.369,5
1055.442,4
1055.516,3
1055.589,1
1055.662,2
1055.736,2
1055.809,1
1055.882,2
1055.956,4
1056.029,4
1056.102,4
1056.176,4
1056.249,2
1056.322,2
1056.396,2
1056.469,1
1056.542,0
1056.616,2
1056.689,2
1056.762,2
1056.836,5
1056.909,7
1056.982,6
1057.056,5
1057.129,1
1057.202,0
1057.276,1
1057.349,3
1057.423,4
1057.496,4
1057.569,4
1057.643,2
1057.716,1
1057.789,1
1057.863,0
1057.936,0
1058.01,0
1058.083,0
1058.156,0
1058.23,0
1058.303,0
1058.377,0
1058.45,2
1058.523,5
1058.597,7
1058.67,7
1058.744,7
1058.817,5
1058.891,3
1058.964,3
1059.037,2
1059.111,4
1059.184,4
1059.258,4
1059.331,3
1059.405,0
1059.478,1
1059.551,1
1059.625,1
1059.698,2
1059.772,1
1059.845,1
1059.919,1
1059.992,0
1060.066,0
1060.139,0
1060.213,1
1060.286,1
1060.36,1
1060.433,1
1060.506,0
1060.58,2
1060.653,2
1060.727,2
1060.8,2
1060.874,0
1060.947,0
1061.021,0
1061.094,1
1061.168,6
1061.241,6
1061.315,6
1061.388,6
1061.462,3
1061.535,3
1061.609,3
1061.682,2
1061.756,2
1061.83,2
1061.903,2
1061.977,3
1062.05,7
1062.124,7
1062.197,7
1062.271,7
1062.344,9
1062.418,9
1062.491,8
1062.565,6
1062.638,1
1062.712,0
1062.786,0
1062.859,0
1062.933,0
1063.006,1
1063.08,4
1063.153,4
1063.227,4
1063.301,7
1063.374,5
1063.448,6
1063.521,7
1063.595,3
1063.669,3
1063.742,3
1063.816,2
1063.889,2
1063.963,1
1064.036,0
1064.11,0
1064.184,0
1064.257,0
1064.331,0
1064.405,0
1064.478,0
1064.552,0
1064.625,0
1064.699,0
1064.773,0
1064.846,0
1064.92,1
1064.994,2
1065.067,3
1065.141,3
1065.214,5
1065.288,6
1065.362,5
1065.435,5
1065.509,8
1065.583,6
1065.656,6
1065.73,6
1065.804,4
1065.877,3
1065.951,3
1066.025,2
1066.098,1
1066.172,1
1066.246,0
1066.319,0
1066.393,2
1066.467,4
1066.541,6
1066.614,9
1066.688,7
1066.762,6
1066.835,4
1066.909,2
1066.983,2
1067.056,2
1067.13,3
1067.204,2
1067.278,2
1067.351,1
1067.425,0
1067.499,0
1067.572,1
1067.646,2
1067.72,3
1067.794,4
1067.867,8
1067.941,7
1068.015,6
1068.089,5
1068.162,1
1068.236,1
1068.31,1
1068.384,1
1068.457,0
1068.531,1
1068.605,3
1068.679,3
1068.752,3
1068.826,3
1068.9,2
1068.974,3
1069.048,4
1069.121,6
1069.195,7
1069.269,6
1069.343,8
1069.417,5
1069.49,7
1069.564,9
1069.638,8
1069.712,10
1069.786,7
1069.859,6
1069.933,5
1070.007,2
1070.081,2
1070.155,4
1070.228,4
1070.302,6
1070.376,6
1070.45,4
1070.524,4
1070.598,7
1070.671,6
1070.745,5
1070.819,4
1070.893,0
1070.967,2
1071.041,2
1071.114,2
1071.188,2
1071.262,1
1071.336,1
1071.41,1
1071.484,1
1071.558,0
1071.631,0
1071.705,0
1071.779,3
1071.853,3
1071.927,3
1072.001,3
1072.075,0
1072.149,2
1072.223,3
1072.296,4
1072.37,7
1072.444,8
1072.518,10
1072.592,14
1072.666,10
1072.74,8
1072.814,6
1072.888,3
1072.962,1
1073.036,1
1073.109,1
1073.183,1
1073.257,1
1073.331,1
1073.405,1
1073.479,1
1073.553,1
1073.627,1
1073.701,1
1073.775,0
1073.849,0
1073.923,2
1073.997,4
1074.071,6
1074.145,9
1074.219,11
1074.293,10
1074.366,10
1074.44,7
1074.514,4
1074.588,3
1074.662,1
1074.736,1
1074.81,0
1074.884,0
1074.958,1
1075.032,1
1075.106,1
1075.18,1
1075.254,0
1075.328,3
1075.402,3
1075.476,3
1075.55,3
1075.624,0
1075.698,0
1075.772,0
1075.846,0
1075.92,0
1075.994,0
1076.068,0
1076.142,3
1076.216,4
1076.291,7
1076.365,14
1076.439,12
1076.513,12
1076.587,11
1076.661,7
1076.735,6
1076.809,5
1076.883,3
1076.957,0
1077.031,2
1077.105,2
1077.179,2
1077.253,3
1077.327,1
1077.401,2
1077.475,2
1077.549,2
1077.624,3
1077.698,5
1077.772,8
1077.846,8
1077.92,9
1077.994,7
1078.068,5
1078.142,5
1078.216,4
1078.29,5
1078.364,6
1078.439,5
1078.513,5
1078.587,3
1078.661,3
1078.735,3
1078.809,2
1078.883,2
1078.957,0
1079.032,1
1079.106,1
1079.18,3
1079.254,3
1079.328,2
1079.402,3
1079.476,2
1079.551,2
1079.625,2
1079.699,1
1079.773,0
1079.847,0
1079.921,0
1079.995,0
1080.07,0
1080.144,1
1080.218,1
1080.292,4
1080.366,4
1080.441,3
1080.515,3
1080.589,0
1080.663,1
1080.737,1
1080.811,1
1080.886,1
1080.96,1
1081.034,1
1081.108,1
1081.182,1
1081.257,0
1081.331,0
1081.405,0
1081.479,1
1081.553,1
1081.628,1
1081.702,1
1081.776,1
1081.85,4
1081.925,5
1081.999,6
1082.073,11
1082.147,11
1082.222,10
1082.296,9
1082.37,4
1082.444,3
1082.519,3
1082.593,3
1082.667,2
1082.741,1
1082.816,1
1082.89,1
1082.964,1
1083.038,0
1083.113,0
1083.187,1
1083.261,4
1083.335,4
1083.41,5
1083.484,4
1083.558,1
1083.633,1
1083.707,0
1083.781,0
1083.855,1
1083.93,1
1084.004,1
1084.078,1
1084.153,1
1084.227,1
1084.301,1
1084.376,1
1084.45,1
1084.524,1
1084.599,1
1084.673,1
1084.747,0
1084.822,0
1084.896,0
1084.97,0
1085.045,0
1085.119,0
1085.193,0
1085.268,1
1085.342,2
1085.416,2
1085.491,2
1085.565,1
1085.639,0
1085.714,0
1085.788,0
1085.863,0
1085.937,0
1086.011,0
1086.086,0
1086.16,0
1086.234,3
1086.309,4
1086.383,6
1086.458,6
1086.532,5
1086.606,6
1086.681,6
1086.755,6
1086.83,4
1086.904,3
1086.978,3
1087.053,3
1087.127,3
1087.202,3
1087.276,6
1087.35,5
1087.425,4
1087.499,2
1087.574,1
1087.648,1
1087.723,1
1087.797,2
1087.871,2
1087.946,2
1088.02,2
1088.095,3
1088.169,2
1088.244,2
1088.318,4
1088.393,5
1088.467,5
1088.541,6
1088.616,5
1088.69,2
1088.765,2
1088.839,1
1088.914,0
1088.988,2
1089.063,2
1089.137,2
1089.212,3
1089.286,4
1089.361,4
1089.435,4
1089.51,3
1089.584,2
1089.659,2
1089.733,2
1089.808,3
1089.882,1
1089.957,1
1090.031,2
1090.106,1
1090.18,2
1090.255,5
1090.329,4
1090.404,4
1090.478,3
1090.553,6
1090.627,5
1090.702,4
1090.776,3
1090.851,0
1090.926,0
1091,0
1091.075,0
1091.149,0
1091.224,0
1091.298,1
1091.373,4
1091.447,4
1091.522,4
1091.597,4
1091.671,1
1091.746,1
1091.82,1
1091.895,0
1091.969,0
1092.044,0
1092.119,0
1092.193,0
1092.268,1
1092.342,1
1092.417,1
1092.492,2
1092.566,1
1092.641,1
1092.715,1
1092.79,3
1092.865,3
1092.939,3
1093.014,4
1093.088,1
1093.163,3
1093.238,5
1093.312,4
1093.387,4
1093.462,2
1093.536,1
1093.611,1
1093.685,1
1093.76,1
1093.835,0
1093.909,0
1093.984,0
1094.059,0
1094.133,0
1094.208,1
1094.283,2
1094.357,2
1094.432,2
1094.507,1
1094.581,1
1094.656,2
1094.731,3
1094.805,4
1094.88,4
1094.955,4
1095.029,4
1095.104,6
1095.179,7
1095.254,8
1095.328,10
1095.403,10
1095.478,10
1095.552,10
1095.627,8
1095.702,3
1095.776,4
1095.851,4
1095.926,1
1096.001,1
1096.075,0
1096.15,1
1096.225,1
1096.299,1
1096.374,1
1096.449,1
1096.524,1
1096.598,1
1096.673,2
1096.748,1
1096.823,1
1096.897,1
1096.972,4
1097.047,4
1097.122,4
1097.196,4
1097.271,4
1097.346,4
1097.421,4
1097.496,5
1097.57,3
1097.645,4
1097.72,4
1097.795,4
1097.869,2
1097.944,1
1098.019,1
1098.094,0
1098.169,1
1098.243,2
1098.318,2
1098.393,2
1098.468,5
1098.543,4
1098.617,5
1098.692,6
1098.767,2
1098.842,3
1098.917,3
1098.991,2
1099.066,2
1099.141,2
1099.216,1
1099.291,1
1099.366,1
1099.44,3
1099.515,3
1099.59,3
1099.665,3
1099.74,0
1099.815,0
1099.89,0
1099.964,0
1100.039,0
1100.114,1
1100.189,1
1100.264,1
1100.339,1
1100.414,1
1100.488,2
1100.563,3
1100.638,4
1100.713,3
1100.788,2
1100.863,1
1100.938,0
1101.013,0
1101.088,0
1101.162,0
1101.237,0
1101.312,0
1101.387,2
1101.462,3
1101.537,4
1101.612,5
1101.687,8
1101.762,6
1101.837,4
1101.912,2
1101.987,2
1102.061,2
1102.136,3
1102.211,3
1102.286,2
1102.361,2
1102.436,2
1102.511,2
1102.586,1
1102.661,2
1102.736,2
1102.811,2
1102.886,2
1102.961,1
1103.036,1
1103.111,1
1103.186,1
1103.261,4
1103.336,4
1103.411,7
1103.486,8
1103.561,6
1103.636,6
1103.711,3
1103.786,2
1103.861,2
1103.936,1
1104.011,1
1104.086,1
1104.161,0
1104.236,0
1104.311,0
1104.386,0
1104.461,1
1104.536,2
1104.611,3
1104.686,3
1104.761,3
1104.836,4
1104.911,3
1104.986,3
1105.061,2
1105.136,1
1105.211,1
1105.286,1
1105.361,1
1105.436,1
1105.511,1
1105.586,2
1105.661,2
1105.736,1
1105.811,3
1105.886,2
1105.961,2
1106.036,2
1106.112,3
1106.187,3
1106.262,3
1106.337,3
1106.412,0
1106.487,0
1106.562,1
1106.637,1
1106.712,1
1106.787,2
1106.862,1
1106.937,2
1107.013,2
1107.088,3
1107.163,3
1107.238,7
1107.313,7
1107.388,10
1107.463,12
1107.538,11
1107.613,13
1107.689,11
1107.764,10
1107.839,8
1107.914,7
1107.989,10
1108.064,8
1108.139,5
1108.215,3
1108.29,0
1108.365,0
1108.44,0
1108.515,0
1108.59,0
1108.665,1
1108.741,2
1108.816,2
1108.891,4
1108.966,4
1109.041,3
1109.116,3
1109.192,1
1109.267,0
1109.342,2
1109.417,2
1109.492,3
1109.568,3
1109.643,1
1109.718,1
1109.793,0
1109.868,0
1109.943,1
1110.019,1
1110.094,1
1110.169,1
1110.244,0
1110.32,0
1110.395,2
1110.47,2
1110.545,2
1110.62,3
1110.696,2
1110.771,2
1110.846,2
1110.921,3
1110.997,3
1111.072,3
1111.147,3
1111.222,1
1111.298,0
1111.373,0
1111.448,0
1111.523,1
1111.599,1
1111.674,1
1111.749,1
1111.824,0
1111.9,0
1111.975,0
1112.05,1
1112.125,1
1112.201,1
1112.276,1
1112.351,0
1112.427,0
1112.502,0
1112.577,1
1112.652,1
1112.728,1
1112.803,1
1112.878,0
1112.954,0
1113.029,0
1113.104,1
1113.18,1
1113.255,1
1113.33,1
1113.406,2
1113.481,3
1113.556,3
1113.632,3
1113.707,1
1113.782,0
1113.858,0
1113.933,0
1114.008,0
1114.084,1
1114.159,1
1114.234,1
1114.31,3
1114.385,2
1114.46,2
1114.536,2
1114.611,0
1114.686,0
1114.762,2
1114.837,3
1114.913,3
1114.988,3
1115.063,2
1115.139,2
1115.214,3
1115.289,4
1115.365,6
1115.44,6
1115.516,6
1115.591,6
1115.666,4
1115.742,4
1115.817,5
1115.893,2
1115.968,3
1116.043,6
1116.119,5
1116.194,6
1116.27,6
1116.345,4
1116.421,5
1116.496,8
1116.571,11
1116.647,14
1116.722,13
1116.798,11
1116.873,8
1116.949,5
1117.024,4
1117.099,4
1117.175,2
1117.25,0
1117.326,1
1117.401,1
1117.477,2
1117.552,3
1117.628,2
1117.703,2
1117.779,2
1117.854,2
1117.93,3
1118.005,5
1118.081,6
1118.156,5
1118.231,4
1118.307,2
1118.382,0
1118.458,0
1118.533,1
1118.609,1
1118.684,1
1118.76,2
1118.835,4
1118.911,4
1118.987,8
1119.062,7
1119.138,4
1119.213,4
1119.289,0
1119.364,0
1119.44,0
1119.515,0
1119.591,3
1119.666,4
1119.742,4
1119.817,4
1119.893,7
1119.968,5
1120.044,4
1120.12,3
1120.195,0
1120.271,1
1120.346,1
1120.422,1
1120.497,1
1120.573,0
1120.648,0
1120.724,0
1120.8,0
1120.875,0
1120.951,1
1121.026,1
1121.102,1
1121.177,1
1121.253,0
1121.329,0
1121.404,0
1121.48,1
1121.555,1
1121.631,4
1121.707,4
1121.782,3
1121.858,4
1121.934,4
1122.009,4
1122.085,5
1122.16,4
1122.236,4
1122.312,4
1122.387,6
1122.463,6
1122.539,5
1122.614,5
1122.69,4
1122.765,4
1122.841,3
1122.917,3
1122.992,1
1123.068,1
1123.144,1
1123.219,2
1123.295,3
1123.371,3
1123.446,2
1123.522,2
1123.598,1
1123.673,2
1123.749,4
1123.825,3
1123.9,3
1123.976,2
1124.052,0
1124.127,0
1124.203,0
1124.279,0
1124.355,0
1124.43,1
1124.506,1
1124.582,2
1124.657,3
1124.733,3
1124.809,5
1124.884,6
1124.96,6
1125.036,6
1125.112,3
1125.187,2
1125.263,5
1125.339,5
1125.415,3
1125.49,4
1125.566,8
1125.642,10
1125.718,11
1125.793,11
1125.869,5
1125.945,5
1126.021,7
1126.096,7
1126.172,7
1126.248,8
1126.324,10
1126.399,11
1126.475,10
1126.551,7
1126.627,3
1126.702,1
1126.778,1
1126.854,2
1126.93,2
1127.006,2
1127.081,2
1127.157,1
1127.233,0
1127.309,0
1127.385,3
1127.46,4
1127.536,4
1127.612,5
1127.688,5
1127.764,6
1127.839,12
1127.915,13
1127.991,11
1128.067,10
1128.143,5
1128.219,3
1128.294,4
1128.37,3
1128.446,2
1128.522,3
1128.598,3
1128.674,3
1128.749,3
1128.825,2
1128.901,0
1128.977,2
1129.053,2
1129.129,4
1129.205,4
1129.28,3
1129.356,3
1129.432,1
1129.508,1
1129.584,1
1129.66,1
1129.736,1
1129.812,1
1129.887,1
1129.963,1
1130.039,2
1130.115,3
1130.191,2
1130.267,2
1130.343,3
1130.419,4
1130.495,5
1130.57,5
1130.646,4
1130.722,3
1130.798,4
1130.874,4
1130.95,5
1131.026,5
1131.102,4
1131.178,4
1131.254,2
1131.33,4
1131.406,3
1131.482,6
1131.558,7
1131.633,5
1131.709,7
1131.785,11
1131.861,9
1131.937,8
1132.013,6
1132.089,4
1132.165,5
1132.241,5
1132.317,6
1132.393,4
1132.469,3
1132.545,2
1132.621,0
1132.697,0
1132.773,0
1132.849,0
1132.925,0
1133.001,0
1133.077,1
1133.153,1
1133.229,1
1133.305,1
1133.381,1
1133.457,2
1133.533,5
1133.609,7
1133.685,7
1133.761,6
1133.837,3
1133.913,1
1133.989,0
1134.065,0
1134.141,0
1134.217,2
1134.293,4
1134.369,8
1134.445,11
1134.521,16
1134.597,15
1134.673,11
1134.749,8
1134.826,4
1134.902,3
1134.978,4
1135.054,5
1135.13,3
1135.206,8
1135.282,8
1135.358,11
1135.434,11
1135.51,8
1135.586,8
1135.662,5
1135.738,4
1135.815,2
1135.891,1
1135.967,0
1136.043,0
1136.119,0
1136.195,0
1136.271,0
1136.347,0
1136.423,1
1136.499,1
1136.576,1
1136.652,1
1136.728,0
1136.804,0
1136.88,1
1136.956,2
1137.032,3
1137.108,4
1137.185,6
1137.261,5
1137.337,4
1137.413,3
1137.489,1
1137.565,1
1137.641,1
1137.718,1
1137.794,0
1137.87,0
1137.946,0
1138.022,0
1138.098,1
1138.175,1
1138.251,2
1138.327,2
1138.403,2
1138.479,2
1138.555,2
1138.632,2
1138.708,2
1138.784,5
1138.86,4
1138.936,4
1139.013,6
1139.089,5
1139.165,5
1139.241,5
1139.317,2
1139.394,0
1139.47,0
1139.546,0
1139.622,0
1139.698,2
1139.775,2
1139.851,2
1139.927,3
1140.003,3
1140.08,3
1140.156,3
1140.232,4
1140.308,2
1140.385,2
1140.461,2
1140.537,1
1140.613,2
1140.69,2
1140.766,2
1140.842,1
1140.918,0
1140.995,0
1141.071,0
1141.147,0
1141.223,0
1141.3,1
1141.376,1
1141.452,1
1141.529,1
1141.605,0
1141.681,0
1141.757,1
1141.834,2
1141.91,3
1141.986,4
1142.063,8
1142.139,7
1142.215,6
1142.291,5
1142.368,0
1142.444,0
1142.52,0
1142.597,2
1142.673,2
1142.749,2
1142.826,4
1142.902,2
1142.978,3
1143.055,3
1143.131,1
1143.207,1
1143.284,4
1143.36,4
1143.436,4
1143.513,4
1143.589,3
1143.665,3
1143.742,3
1143.818,3
1143.895,1
1143.971,1
1144.047,1
1144.124,1
1144.2,1
1144.276,1
1144.353,1
1144.429,1
1144.506,1
1144.582,2
1144.658,2
1144.735,5
1144.811,6
1144.888,5
1144.964,5
1145.04,5
1145.117,4
1145.193,4
1145.27,4
1145.346,4
1145.422,3
1145.499,3
1145.575,4
1145.652,1
1145.728,1
1145.805,4
1145.881,5
1145.957,5
1146.034,5
1146.11,4
1146.187,2
1146.263,2
1146.34,2
1146.416,0
1146.492,1
1146.569,1
1146.645,5
1146.722,5
1146.798,5
1146.875,5
1146.951,2
1147.028,2
1147.104,2
1147.181,2
1147.257,1
1147.334,1
1147.41,0
1147.487,2
1147.563,3
1147.64,4
1147.716,5
1147.793,6
1147.869,5
1147.946,4
1148.022,3
1148.099,1
1148.175,2
1148.252,2
1148.328,2
1148.405,1
1148.481,3
1148.558,3
1148.634,3
1148.711,4
1148.787,2
1148.864,5
1148.94,6
1149.017,5
1149.093,4
1149.17,1
1149.246,0
1149.323,1
1149.4,1
1149.476,1
1149.553,1
1149.629,0
1149.706,0
1149.782,0
1149.859,0
1149.935,0
1150.012,0
1150.089,0
1150.165,2
1150.242,2
1150.318,4
1150.395,4
1150.472,3
1150.548,3
1150.625,1
1150.701,1
1150.778,0
1150.854,0
1150.931,0
1151.008,0
1151.084,0
1151.161,0
1151.238,1
1151.314,2
1151.391,2
1151.467,2
1151.544,1
1151.621,0
1151.697,0
1151.774,0
1151.851,2
1151.927,2
1152.004,2
1152.08,2
1152.157,0
1152.234,0
1152.31,0
1152.387,0
1152.464,0
1152.54,1
1152.617,1
1152.694,1
1152.77,1
1152.847,0
1152.924,1
1153,1
1153.077,1
1153.154,2
1153.23,4
1153.307,4
1153.384,6
1153.46,5
1153.537,7
1153.614,9
1153.69,10
1153.767,14
1153.844,12
1153.921,16
1153.997,18
1154.074,20
1154.151,17
1154.227,14
1154.304,11
1154.381,6
1154.458,6
1154.534,4
1154.611,2
1154.688,1
1154.765,1
1154.841,0
1154.918,0
1154.995,2
1155.071,3
1155.148,6
1155.225,6
1155.302,4
1155.378,3
1155.455,0
1155.532,0
1155.609,1
1155.685,1
1155.762,1
1155.839,4
1155.916,5
1155.993,6
1156.069,9
1156.146,8
1156.223,13
1156.3,15
1156.376,12
1156.453,10
1156.53,4
1156.607,1
1156.684,1
1156.76,1
1156.837,0
1156.914,0
1156.991,0
1157.068,1
1157.144,1
1157.221,1
1157.298,1
1157.375,0
1157.452,0
1157.529,0
1157.605,0
1157.682,0
1157.759,0
1157.836,1
1157.913,1
1157.99,1
1158.066,2
1158.143,1
1158.22,1
1158.297,3
1158.374,4
1158.451,4
1158.528,4
1158.604,4
1158.681,2
1158.758,2
1158.835,3
1158.912,1
1158.989,3
1159.066,3
1159.143,5
1159.219,5
1159.296,3
1159.373,3
1159.45,1
1159.527,1
1159.604,1
1159.681,1
1159.758,0
1159.835,2
1159.911,2
1159.988,4
1160.065,9
1160.142,8
1160.219,8
1160.296,8
1160.373,5
1160.45,4
1160.527,4
1160.604,2
1160.681,1
1160.758,2
1160.835,4
1160.911,6
1160.988,8
1161.065,8
1161.142,7
1161.219,5
1161.296,4
1161.373,4
1161.45,4
1161.527,1
1161.604,0
1161.681,3
1161.758,3
1161.835,4
1161.912,5
1161.989,3
1162.066,4
1162.143,4
1162.22,3
1162.297,4
1162.374,3
1162.451,2
1162.528,2
1162.605,1
1162.682,1
1162.759,1
1162.836,1
1162.913,2
1162.99,2
1163.067,2
1163.144,2
1163.221,0
1163.298,1
1163.375,2
1163.452,4
1163.529,4
1163.606,3
1163.683,2
1163.76,0
1163.837,0
1163.914,0
1163.991,0
1164.068,0
1164.145,0
1164.222,0
1164.299,1
1164.376,4
1164.453,5
1164.531,6
1164.608,6
1164.685,5
1164.762,4
1164.839,3
1164.916,2
1164.993,0
1165.07,1
1165.147,1
1165.224,1
1165.301,1
1165.378,1
1165.455,2
1165.533,2
1165.61,2
1165.687,1
1165.764,0
1165.841,1
1165.918,1
1165.995,3
1166.072,3
1166.149,2
1166.227,2
1166.304,0
1166.381,3
1166.458,3
1166.535,3
1166.612,4
1166.689,1
1166.766,1
1166.844,2
1166.921,1
1166.998,1
1167.075,1
1167.152,1
1167.229,1
1167.306,1
1167.384,2
1167.461,1
1167.538,1
1167.615,1
1167.692,0
1167.769,2
1167.847,3
1167.924,3
1168.001,3
1168.078,5
1168.155,4
1168.233,4
1168.31,6
1168.387,3
1168.464,3
1168.541,3
1168.618,1
1168.696,0
1168.773,2
1168.85,2
1168.927,2
1169.005,3
1169.082,6
1169.159,5
1169.236,4
1169.313,2
1169.391,4
1169.468,4
1169.545,4
1169.622,7
1169.7,6
1169.777,6
1169.854,7
1169.931,7
1170.009,4
1170.086,4
1170.163,3
1170.24,0
1170.318,1
1170.395,1
1170.472,2
1170.549,2
1170.627,1
1170.704,1
1170.781,0
1170.858,0
1170.936,0
1171.013,0
1171.09,2
1171.168,3
1171.245,4
1171.322,5
1171.399,3
1171.477,2
1171.554,1
1171.631,0
1171.709,0
1171.786,0
1171.863,2
1171.94,2
1172.018,2
1172.095,2
1172.172,1
1172.25,1
1172.327,5
1172.404,5
1172.482,5
1172.559,5
1172.636,2
1172.714,3
1172.791,2
1172.868,2
1172.946,2
1173.023,5
1173.1,4
1173.178,3
1173.255,1
1173.333,0
1173.41,0
1173.487,0
1173.565,0
1173.642,0
1173.719,0
1173.797,0
1173.874,0
1173.951,0
1174.029,0
1174.106,0
1174.184,3
1174.261,6
1174.338,10
1174.416,14
1174.493,15
1174.571,14
1174.648,13
1174.725,12
1174.803,8
1174.88,7
1174.958,4
1175.035,2
1175.112,2
1175.19,1
1175.267,1
1175.345,0
1175.422,0
1175.5,0
1175.577,0
1175.654,0
1175.732,0
1175.809,0
1175.887,1
1175.964,1
1176.042,1
1176.119,1
1176.197,0
1176.274,0
1176.351,0
1176.429,0
1176.506,0
1176.584,0
1176.661,0
1176.739,1
1176.816,3
1176.894,8
1176.971,10
1177.049,11
1177.126,15
1177.204,13
1177.281,14
1177.359,13
1177.436,11
1177.514,9
1177.591,7
1177.669,4
1177.746,2
1177.824,2
1177.901,2
1177.979,2
1178.056,4
1178.134,7
1178.211,7
1178.289,7
1178.366,4
1178.444,1
1178.521,1
1178.599,0
1178.676,0
1178.754,3
1178.832,3
1178.909,3
1178.987,6
1179.064,4
1179.142,4
1179.219,4
1179.297,1
1179.374,2
1179.452,2
1179.53,3
1179.607,3
1179.685,7
1179.762,7
1179.84,7
1179.917,9
1179.995,5
1180.073,7
1180.15,6
1180.228,5
1180.305,3
1180.383,1
1180.46,1
1180.538,4
1180.616,9
1180.693,10
1180.771,13
1180.849,12
1180.926,7
1181.004,6
1181.081,3
1181.159,0
1181.237,0
1181.314,1
1181.392,4
1181.469,5
1181.547,6
1181.625,7
1181.702,5
1181.78,4
1181.858,3
1181.935,2
1182.013,1
1182.091,1
1182.168,1
1182.246,1
1182.324,1
1182.401,1
1182.479,1
1182.557,1
1182.634,1
1182.712,2
1182.79,2
1182.867,1
1182.945,3
1183.023,2
1183.1,4
1183.178,5
1183.256,3
1183.333,4
1183.411,5
1183.489,6
1183.566,6
1183.644,8
1183.722,8
1183.8,7
1183.877,10
1183.955,7
1184.033,4
1184.11,3
1184.188,2
1184.266,2
1184.344,2
1184.421,5
1184.499,3
1184.577,3
1184.655,3
1184.732,2
1184.81,2
1184.888,2
1184.966,4
1185.043,4
1185.121,5
1185.199,7
1185.277,8
1185.354,7
1185.432,8
1185.51,7
1185.588,8
1185.665,7
1185.743,6
1185.821,7
1185.899,3
1185.976,3
1186.054,2
1186.132,1
1186.21,2
1186.288,2
1186.365,2
1186.443,1
1186.521,0
1186.599,1
1186.677,2
1186.754,2
1186.832,2
1186.91,1
1186.988,1
1187.066,1
1187.143,1
1187.221,1
1187.299,2
1187.377,2
1187.455,4
1187.533,4
1187.61,2
1187.688,2
1187.766,0
1187.844,0
1187.922,0
1188,0
1188.077,0
1188.155,2
1188.233,3
1188.311,5
1188.389,5
1188.467,3
1188.545,2
1188.623,1
1188.7,1
1188.778,1
1188.856,2
1188.934,3
1189.012,3
1189.09,3
1189.168,2
1189.246,1
1189.323,1
1189.401,2
1189.479,2
1189.557,1
1189.635,1
1189.713,0
1189.791,0
1189.869,1
1189.947,1
1190.025,1
1190.103,1
1190.18,0
1190.258,0
1190.336,0
1190.414,0
1190.492,0
1190.57,0
1190.648,0
1190.726,2
1190.804,2
1190.882,2
1190.96,2
1191.038,0
1191.116,0
1191.194,0
1191.272,0
1191.35,0
1191.428,0
1191.505,1
1191.583,1
1191.661,2
1191.739,2
1191.817,1
1191.895,1
1191.973,2
1192.051,2
1192.129,2
1192.207,2
1192.285,3
1192.363,3
1192.441,3
1192.519,3
1192.597,0
1192.675,1
1192.753,2
1192.831,2
1192.909,2
1192.987,2
1193.065,1
1193.143,1
1193.221,1
1193.299,0
1193.377,0
1193.455,0
1193.533,0
1193.612,2
1193.69,2
1193.768,8
1193.846,12
1193.924,14
1194.002,18
1194.08,14
1194.158,12
1194.236,10
1194.314,6
1194.392,5
1194.47,4
1194.548,3
1194.626,0
1194.704,1
1194.782,2
1194.86,4
1194.939,8
1195.017,8
1195.095,8
1195.173,8
1195.251,6
1195.329,8
1195.407,9
1195.485,9
1195.563,10
1195.641,8
1195.719,7
1195.798,6
1195.876,2
1195.954,2
1196.032,3
1196.11,3
1196.188,2
1196.266,2
1196.344,1
1196.423,1
1196.501,0
1196.579,0
1196.657,0
1196.735,1
1196.813,1
1196.891,1
1196.969,3
1197.048,3
1197.126,3
1197.204,3
1197.282,1
1197.36,1
1197.438,1
1197.517,1
1197.595,1
1197.673,0
1197.751,0
1197.829,1
1197.907,2
1197.986,4
1198.064,6
1198.142,5
1198.22,4
1198.298,2
1198.377,1
1198.455,1
1198.533,1
1198.611,3
1198.689,2
1198.768,3
1198.846,3
1198.924,2
1199.002,2
1199.08,1
1199.159,1
1199.237,0
1199.315,0
1199.393,0
1199.472,0
1199.55,2
1199.628,2
1199.706,2
1199.784,3
1199.863,1
1199.941,1
1200.019,1
1200.097,0
1200.176,1
1200.254,1
1200.332,1
1200.41,1
1200.489,0
1200.567,1
1200.645,1
1200.724,2
1200.802,2
1200.88,1
1200.958,1
1201.037,0
1201.115,3
1201.193,5
1201.272,5
1201.35,5
1201.428,8
1201.506,6
1201.585,5
1201.663,5
1201.741,3
1201.82,2
1201.898,2
1201.976,1
1202.055,0
1202.133,0
1202.211,0
1202.29,0
1202.368,0
1202.446,0
1202.525,0
1202.603,2
1202.681,3
1202.76,3
1202.838,3
1202.916,4
1202.995,3
1203.073,4
1203.151,4
1203.23,3
1203.308,3
1203.386,2
1203.465,3
1203.543,1
1203.621,1
1203.7,1
1203.778,0
1203.857,1
1203.935,2
1204.013,3
1204.092,4
1204.17,4
1204.248,4
1204.327,3
1204.405,2
1204.484,1
1204.562,0
1204.64,1
1204.719,1
1204.797,1
1204.876,2
1204.954,1
1205.032,1
1205.111,1
1205.189,3
1205.268,3
1205.346,3
1205.425,3
1205.503,0
1205.581,0
1205.66,0
1205.738,0
1205.817,0
1205.895,1
1205.974,1
1206.052,1
1206.131,4
1206.209,3
1206.287,4
1206.366,4
1206.444,1
1206.523,2
1206.601,2
1206.68,3
1206.758,9
1206.837,8
1206.915,7
1206.994,6
1207.072,3
1207.151,4
1207.229,4
1207.308,4
1207.386,1
1207.465,2
1207.543,2
1207.622,3
1207.7,3
1207.779,1
1207.857,1
1207.936,0
1208.014,0
1208.093,0
1208.171,0
1208.25,0
1208.328,0
1208.407,3
1208.485,4
1208.564,5
1208.642,7
1208.721,6
1208.799,5
1208.878,5
1208.957,3
1209.035,1
1209.114,1
1209.192,2
1209.271,2
1209.349,3
1209.428,3
1209.506,2
1209.585,3
1209.664,2
1209.742,4
1209.821,4
1209.899,5
1209.978,7
1210.056,5
1210.135,4
1210.214,7
1210.292,8
1210.371,10
1210.449,13
1210.528,13
1210.607,15
1210.685,14
1210.764,12
1210.842,8
1210.921,8
1211,7
1211.078,6
1211.157,6
1211.235,1
1211.314,1
1211.393,1
1211.471,3
1211.55,3
1211.629,3
1211.707,5
1211.786,4
1211.864,4
1211.943,4
1212.022,2
1212.1,1
1212.179,1
1212.258,1
1212.336,1
1212.415,2
1212.494,4
1212.572,4
1212.651,4
1212.73,2
1212.808,1
1212.887,1
1212.966,1
1213.044,1
1213.123,0
1213.202,1
1213.28,4
1213.359,4
1213.438,7
1213.516,7
1213.595,8
1213.674,7
1213.753,3
1213.831,1
1213.91,0
1213.989,0
1214.067,2
1214.146,2
1214.225,2
1214.304,4
1214.382,2
1214.461,3
1214.54,4
1214.618,2
1214.697,3
1214.776,2
1214.855,3
1214.933,3
1215.012,2
1215.091,2
1215.17,0
1215.248,2
1215.327,2
1215.406,2
1215.485,2
1215.563,0
1215.642,0
1215.721,0
1215.8,0
1215.879,1
1215.957,3
1216.036,4
1216.115,5
1216.194,5
1216.272,4
1216.351,4
1216.43,1
1216.509,2
1216.588,2
1216.666,2
1216.745,1
1216.824,0
1216.903,0
1216.982,1
1217.06,1
1217.139,1
1217.218,1
1217.297,0
1217.376,0
1217.455,0
1217.533,0
1217.612,0
1217.691,0
1217.77,1
1217.849,1
1217.928,1
1218.006,1
1218.085,1
1218.164,2
1218.243,2
1218.322,2
1218.401,1
1218.479,0
1218.558,0
1218.637,0
1218.716,1
1218.795,2
1218.874,2
1218.953,2
1219.032,1
1219.11,0
1219.189,0
1219.268,2
1219.347,2
1219.426,3
1219.505,4
1219.584,3
1219.663,4
1219.742,4
1219.82,3
1219.899,3
1219.978,3
1220.057,2
1220.136,2
1220.215,1
1220.294,0
1220.373,0
1220.452,0
1220.531,0
1220.61,0
1220.689,0
1220.768,0
1220.846,0
1220.925,0
1221.004,0
1221.083,1
1221.162,1
1221.241,5
1221.32,6
1221.399,5
1221.478,5
1221.557,1
1221.636,0
1221.715,0
1221.794,0
1221.873,1
1221.952,2
1222.031,3
1222.11,4
1222.189,7
1222.268,6
1222.347,5
1222.426,5
1222.505,7
1222.584,8
1222.663,8
1222.742,11
1222.821,9
1222.9,8
1222.979,9
1223.058,5
1223.137,4
1223.216,3
1223.295,1
1223.374,0
1223.453,2
1223.532,2
1223.611,2
1223.69,2
1223.769,2
1223.848,3
1223.927,3
1224.006,3
1224.085,3
1224.164,2
1224.243,2
1224.322,2
1224.401,2
1224.48,2
1224.559,3
1224.638,3
1224.718,3
1224.797,3
1224.876,2
1224.955,2
1225.034,0
1225.113,0
1225.192,2
1225.271,2
1225.35,2
1225.429,5
1225.508,3
1225.587,3
1225.666,3
1225.746,1
1225.825,1
1225.904,1
1225.983,4
1226.062,3
1226.141,4
1226.22,6
1226.299,4
1226.378,4
1226.458,3
1226.537,1
1226.616,1
1226.695,1
1226.774,1
1226.853,1
1226.932,0
1227.012,0
1227.091,1
1227.17,6
1227.249,7
1227.328,10
1227.407,10
1227.486,6
1227.566,6
1227.645,5
1227.724,5
1227.803,5
1227.882,6
1227.961,5
1228.041,4
1228.12,3
1228.199,3
1228.278,2
1228.357,2
1228.436,2
1228.516,2
1228.595,2
1228.674,2
1228.753,2
1228.832,1
1228.912,1
1228.991,1
1229.07,2
1229.149,2
1229.228,2
1229.308,2
1229.387,4
1229.466,5
1229.545,5
1229.625,5
1229.704,2
1229.783,2
1229.862,3
1229.941,3
1230.021,6
1230.1,4
1230.179,3
1230.258,3
1230.338,9
1230.417,10
1230.496,9
1230.575,8
1230.655,2
1230.734,1
1230.813,3
1230.892,3
1230.972,4
1231.051,6
1231.13,7
1231.21,7
1231.289,7
1231.368,5
1231.447,4
1231.527,4
1231.606,3
1231.685,2
1231.765,0
1231.844,0
1231.923,0
1232.003,0
1232.082,4
1232.161,5
1232.24,6
1232.32,9
1232.399,5
1232.478,4
1232.558,3
1232.637,2
1232.716,2
1232.796,2
1232.875,2
1232.954,3
1233.034,3
1233.113,3
1233.192,4
1233.272,3
1233.351,3
1233.43,4
1233.51,4
1233.589,4
1233.668,7
1233.748,7
1233.827,7
1233.907,7
1233.986,6
1234.065,6
1234.145,6
1234.224,4
1234.303,2
1234.383,1
1234.462,0
1234.542,0
1234.621,0
1234.7,0
1234.78,0
1234.859,0
1234.939,1
1235.018,1
1235.097,1
1235.177,1
1235.256,0
1235.336,0
1235.415,0
1235.494,0
1235.574,0
1235.653,1
1235.733,1
1235.812,2
1235.892,3
1235.971,2
1236.05,2
1236.13,1
1236.209,0
1236.289,2
1236.368,3
1236.448,4
1236.527,5
1236.607,4
1236.686,3
1236.765,2
1236.845,4
1236.924,3
1237.004,3
1237.083,4
1237.163,4
1237.242,4
1237.322,4
1237.401,3
1237.481,0
1237.56,0
1237.64,0
1237.719,0
1237.799,0
1237.878,0
1237.958,0
1238.037,1
1238.117,1
1238.196,1
1238.276,1
1238.355,3
1238.435,3
1238.514,3
1238.594,4
1238.673,5
1238.753,5
1238.832,4
1238.912,4
1238.991,3
1239.071,2
1239.15,2
1239.23,5
1239.309,4
1239.389,3
1239.469,2
1239.548,0
1239.628,0
1239.707,2
1239.787,2
1239.866,2
1239.946,2
1240.025,0
1240.105,0
1240.185,3
1240.264,3
1240.344,3
1240.423,3
1240.503,1
1240.583,1
1240.662,1
1240.742,1
1240.821,0
1240.901,1
1240.98,1
1241.06,2
1241.14,2
1241.219,1
1241.299,1
1241.378,0
1241.458,0
1241.538,0
1241.617,0
1241.697,0
1241.777,0
1241.856,2
1241.936,2
1242.015,2
1242.095,4
1242.175,2
1242.254,2
1242.334,5
1242.414,3
1242.493,3
1242.573,4
1242.653,2
1242.732,3
1242.812,7
1242.892,7
1242.971,6
1243.051,6
1243.131,2
1243.21,1
1243.29,1
1243.37,4
1243.449,7
1243.529,6
1243.609,5
1243.688,4
1243.768,0
1243.848,0
1243.927,1
1244.007,1
1244.087,6
1244.166,6
1244.246,5
1244.326,9
1244.406,4
1244.485,6
1244.565,6
1244.645,2
1244.724,4
1244.804,4
1244.884,5
1244.964,6
1245.043,7
1245.123,6
1245.203,7
1245.283,7
1245.362,6
1245.442,10
1245.522,9
1245.602,7
1245.681,6
1245.761,3
1245.841,4
1245.921,2
1246,3
1246.08,2
1246.16,1
1246.24,1
1246.319,0
1246.399,0
1246.479,1
1246.559,2
1246.638,3
1246.718,6
1246.798,6
1246.878,6
1246.958,6
1247.037,8
1247.117,6
1247.197,5
1247.277,4
1247.357,2
1247.436,2
1247.516,1
1247.596,1
1247.676,1
1247.756,1
1247.835,2
1247.915,1
1247.995,1
1248.075,1
1248.155,0
1248.235,0
1248.314,0
1248.394,1
1248.474,2
1248.554,3
1248.634,4
1248.714,3
1248.794,2
1248.873,3
1248.953,2
1249.033,2
1249.113,2
1249.193,0
1249.273,0
1249.353,0
1249.432,0
1249.512,0
1249.592,0
1249.672,0
1249.752,0
1249.832,4
1249.912,4
1249.992,4
1250.072,4
1250.151,1
1250.231,1
1250.311,1
1250.391,1
1250.471,0
1250.551,0
1250.631,1
1250.711,3
1250.791,3
1250.871,3
1250.951,2
1251.03,0
1251.11,0
1251.19,0
1251.27,0
1251.35,0
1251.43,0
1251.51,0
1251.59,1
1251.67,1
1251.75,1
1251.83,1
1251.91,0
1251.99,0
1252.07,0
1252.15,0
1252.23,0
1252.31,2
1252.39,2
1252.47,2
1252.549,2
1252.629,0
1252.709,0
1252.789,0
1252.869,0
1252.949,2
1253.029,3
1253.109,3
1253.189,4
1253.269,5
1253.349,4
1253.429,4
1253.509,3
1253.589,0
1253.669,0
1253.749,0
1253.829,0
1253.909,0
1253.989,0
1254.069,0
1254.15,0
1254.23,0
1254.31,0
1254.39,0
1254.47,0
1254.55,0
1254.63,1
1254.71,1
1254.79,1
1254.87,1
1254.95,1
1255.03,1
1255.11,1
1255.19,1
1255.27,0
1255.35,1
1255.43,1
1255.51,1
1255.59,2
1255.67,1
1255.751,1
1255.831,1
1255.911,2
1255.991,2
1256.071,3
1256.151,3
1256.231,1
1256.311,1
1256.391,0
1256.471,0
1256.551,2
1256.632,2
1256.712,2
1256.792,4
1256.872,2
1256.952,3
1257.032,3
1257.112,6
1257.192,7
1257.273,7
1257.353,7
1257.433,5
1257.513,4
1257.593,4
1257.673,4
1257.753,1
1257.833,1
1257.914,1
1257.994,1
1258.074,1
1258.154,1
1258.234,0
1258.314,0
1258.395,0
1258.475,1
1258.555,1
1258.635,1
1258.715,1
1258.795,0
1258.876,0
1258.956,0
1259.036,0
1259.116,0
1259.196,0
1259.277,0
1259.357,0
1259.437,1
1259.517,4
1259.597,5
1259.678,5
1259.758,5
1259.838,4
1259.918,4
1259.998,4
1260.079,3
1260.159,1
1260.239,0
1260.319,0
1260.4,0
1260.48,0
1260.56,0
1260.64,0
1260.72,0
1260.801,3
1260.881,3
1260.961,3
1261.041,3
1261.122,1
1261.202,1
1261.282,1
1261.362,1
1261.443,0
1261.523,0
1261.603,0
1261.684,0
1261.764,0
1261.844,1
1261.924,1
1262.005,1
1262.085,2
1262.165,1
1262.245,1
1262.326,1
1262.406,0
1262.486,0
1262.567,2
1262.647,5
1262.727,5
1262.808,5
1262.888,3
1262.968,0
1263.049,0
1263.129,0
1263.209,0
1263.289,2
1263.37,2
1263.45,2
1263.53,2
1263.611,1
1263.691,1
1263.771,1
1263.852,1
1263.932,1
1264.012,1
1264.093,2
1264.173,3
1264.254,2
1264.334,4
1264.414,3
1264.495,2
1264.575,2
1264.655,1
1264.736,1
1264.816,1
1264.896,1
1264.977,1
1265.057,1
1265.138,1
1265.218,1
1265.298,0
1265.379,0
1265.459,0
1265.54,3
1265.62,3
1265.7,3
1265.781,7
1265.861,4
1265.942,4
1266.022,5
1266.102,2
1266.183,3
1266.263,3
1266.344,2
1266.424,1
1266.504,0
1266.585,2
1266.665,2
1266.746,2
1266.826,3
1266.907,1
1266.987,3
1267.068,4
1267.148,4
1267.228,5
1267.309,4
1267.389,7
1267.47,7
1267.55,10
1267.631,9
1267.711,9
1267.792,9
1267.872,8
1267.953,8
1268.033,7
1268.114,6
1268.194,3
1268.275,3
1268.355,0
1268.435,0
1268.516,0
1268.596,0
1268.677,0
1268.757,0
1268.838,1
1268.918,1
1268.999,1
1269.079,1
1269.16,0
1269.241,0
1269.321,0
1269.402,0
1269.482,1
1269.563,2
1269.643,3
1269.724,4
1269.804,4
1269.885,4
1269.965,4
1270.046,2
1270.126,2
1270.207,2
1270.287,2
1270.368,0
1270.449,0
1270.529,0
1270.61,0
1270.69,0
1270.771,0
1270.851,0
1270.932,0
1271.012,1
1271.093,3
1271.174,3
1271.254,3
1271.335,4
1271.415,2
1271.496,2
1271.577,2
1271.657,2
1271.738,3
1271.818,3
1271.899,3
1271.98,1
1272.06,1
1272.141,1
1272.221,1
1272.302,1
1272.383,0
1272.463,0
1272.544,0
1272.624,1
1272.705,2
1272.786,3
1272.866,4
1272.947,4
1273.028,3
1273.108,2
1273.189,1
1273.27,0
1273.35,0
1273.431,0
1273.512,0
1273.592,1
1273.673,3
1273.753,3
1273.834,3
1273.915,2
1273.995,1
1274.076,1
1274.157,1
1274.238,1
1274.318,0
1274.399,2
1274.48,4
1274.56,6
1274.641,9
1274.722,7
1274.802,7
1274.883,6
1274.964,4
1275.044,4
1275.125,3
1275.206,2
1275.287,2
1275.367,2
1275.448,1
1275.529,4
1275.609,3
1275.69,3
1275.771,3
1275.852,0
1275.932,0
1276.013,1
1276.094,3
1276.175,3
1276.255,3
1276.336,2
1276.417,0
1276.497,0
1276.578,0
1276.659,0
1276.74,1
1276.821,1
1276.901,2
1276.982,2
1277.063,1
1277.144,1
1277.224,0
1277.305,0
1277.386,0
1277.467,0
1277.547,0
1277.628,0
1277.709,0
1277.79,1
1277.871,1
1277.951,1
1278.032,2
1278.113,1
1278.194,2
1278.275,2
1278.355,1
1278.436,1
1278.517,1
1278.598,1
1278.679,1
1278.76,1
1278.84,0
1278.921,0
1279.002,0
1279.083,0
1279.164,5
1279.244,5
1279.325,5
1279.406,5
1279.487,0
1279.568,1
1279.649,1
1279.73,1
1279.81,1
1279.891,1
1279.972,1
1280.053,1
1280.134,1
1280.215,1
1280.296,2
1280.376,3
1280.457,5
1280.538,5
1280.619,5
1280.7,8
1280.781,7
1280.862,7
1280.943,9
1281.024,8
1281.104,8
1281.185,8
1281.266,10
1281.347,9
1281.428,7
1281.509,7
1281.59,4
1281.671,5
1281.752,3
1281.833,3
1281.914,2
1281.995,0
1282.075,0
1282.156,0
1282.237,0
1282.318,0
1282.399,2
1282.48,2
1282.561,3
1282.642,3
1282.723,2
1282.804,2
1282.885,1
1282.966,1
1283.047,0
1283.128,0
1283.209,2
1283.29,4
1283.371,4
1283.452,4
1283.533,2
1283.614,4
1283.695,4
1283.776,4
1283.857,4
1283.938,3
1284.018,3
1284.099,3
1284.18,5
1284.261,2
1284.342,2
1284.423,2
1284.504,0
1284.586,0
1284.667,0
1284.748,0
1284.829,1
1284.91,4
1284.991,6
1285.072,6
1285.153,5
1285.234,2
1285.315,0
1285.396,0
1285.477,0
1285.558,2
1285.639,2
1285.72,2
1285.801,2
1285.882,0
1285.963,0
1286.044,0
1286.125,0
1286.206,1
1286.287,1
1286.368,2
1286.449,6
1286.53,5
1286.612,6
1286.693,5
1286.774,3
1286.855,4
1286.936,4
1287.017,4
1287.098,6
1287.179,6
1287.26,4
1287.341,3
1287.422,3
1287.504,1
1287.585,1
1287.666,1
1287.747,0
1287.828,0
1287.909,0
1287.99,0
1288.071,0
1288.152,0
1288.234,0
1288.315,0
1288.396,0
1288.477,0
1288.558,1
1288.639,4
1288.72,4
1288.802,5
1288.883,7
1288.964,6
1289.045,6
1289.126,8
1289.207,6
1289.288,4
1289.37,6
1289.451,7
1289.532,6
1289.613,6
1289.694,4
1289.775,0
1289.857,0
1289.938,0
1290.019,0
1290.1,1
1290.181,1
1290.263,3
1290.344,3
1290.425,3
1290.506,3
1290.587,1
1290.669,2
1290.75,1
1290.831,4
1290.912,5
1290.993,5
1291.075,7
1291.156,4
1291.237,4
1291.318,3
1291.4,1
1291.481,1
1291.562,0
1291.643,0
1291.724,1
1291.806,2
1291.887,3
1291.968,3
1292.049,3
1292.131,4
1292.212,3
1292.293,3
1292.374,2
1292.456,1
1292.537,1
1292.618,1
1292.7,2
1292.781,2
1292.862,3
1292.943,6
1293.025,5
1293.106,4
1293.187,3
1293.269,0
1293.35,1
1293.431,1
1293.512,1
1293.594,3
1293.675,2
1293.756,2
1293.838,2
1293.919,0
1294,0
1294.082,0
1294.163,0
1294.244,1
1294.325,2
1294.407,2
1294.488,2
1294.569,3
1294.651,5
1294.732,6
1294.813,7
1294.895,6
1294.976,5
1295.057,5
1295.139,5
1295.22,5
1295.302,2
1295.383,2
1295.464,2
1295.546,2
1295.627,0
1295.708,3
1295.79,3
1295.871,3
1295.952,4
1296.034,3
1296.115,3
1296.197,3
1296.278,2
1296.359,3
1296.441,3
1296.522,7
1296.604,7
1296.685,5
1296.766,5
1296.848,3
1296.929,3
1297.011,2
1297.092,2
1297.173,0
1297.255,0
1297.336,0
1297.418,0
1297.499,0
1297.58,0
1297.662,0
1297.743,0
1297.825,1
1297.906,2
1297.988,3
1298.069,4
1298.151,5
1298.232,5
1298.313,7
1298.395,7
1298.476,7
1298.558,6
1298.639,4
1298.721,3
1298.802,1
1298.884,3
1298.965,2
1299.047,2
1299.128,2
1299.21,0
1299.291,0
1299.372,0
1299.454,0
1299.535,0
1299.617,0
1299.698,0
1299.78,0
1299.861,0
1299.943,0
1300.024,0
1300.106,2
1300.187,3
1300.269,3
1300.35,3
1300.432,1
1300.514,0
1300.595,0
1300.677,0
1300.758,0
1300.84,0
1300.921,2
1301.003,2
1301.084,2
1301.166,2
1301.247,1
1301.329,2
1301.41,3
1301.492,5
1301.573,5
1301.655,5
1301.737,6
1301.818,5
1301.9,2
1301.981,2
1302.063,1
1302.144,1
1302.226,0
1302.308,0
1302.389,0
1302.471,2
1302.552,3
1302.634,3
1302.716,5
1302.797,3
1302.879,2
1302.96,3
1303.042,2
1303.123,2
1303.205,2
1303.287,2
1303.368,1
1303.45,3
1303.532,3
1303.613,2
1303.695,2
1303.776,0
1303.858,0
1303.94,0
1304.021,0
1304.103,0
1304.185,0
1304.266,0
1304.348,0
1304.429,3
1304.511,3
1304.593,3
1304.674,3
1304.756,4
1304.838,4
1304.919,5
1305.001,5
1305.083,5
1305.164,5
1305.246,4
1305.328,6
1305.409,2
1305.491,2
1305.573,2
1305.654,0
1305.736,1
1305.818,1
1305.9,1
1305.981,1
1306.063,0
1306.145,0
1306.226,1
1306.308,1
1306.39,1
1306.471,1
1306.553,0
1306.635,0
1306.717,0
1306.798,1
1306.88,2
1306.962,5
1307.043,9
1307.125,12
1307.207,14
1307.289,12
1307.37,12
1307.452,9
1307.534,6
1307.616,5
1307.697,3
1307.779,2
1307.861,3
1307.943,3
1308.024,1
1308.106,1
1308.188,0
1308.27,1
1308.351,1
1308.433,2
1308.515,3
1308.597,5
1308.679,6
1308.76,6
1308.842,6
1308.924,4
1309.006,3
1309.088,3
1309.169,3
1309.251,3
1309.333,0
1309.415,0
1309.497,1
1309.578,1
1309.66,2
1309.742,2
1309.824,2
1309.906,2
1309.987,2
1310.069,5
1310.151,4
1310.233,7
1310.315,6
1310.397,4
1310.478,4
1310.56,4
1310.642,5
1310.724,4
1310.806,5
1310.888,4
1310.969,4
1311.051,5
1311.133,5
1311.215,6
1311.297,6
1311.379,6
1311.461,6
1311.542,8
1311.624,6
1311.706,5
1311.788,3
1311.87,2
1311.952,3
1312.034,2
1312.116,2
1312.198,5
1312.279,5
1312.361,5
1312.443,5
1312.525,1
1312.607,0
1312.689,0
1312.771,0
1312.853,0
1312.935,0
1313.017,0
1313.099,0
1313.18,0
1313.262,0
1313.344,0
1313.426,0
1313.508,0
1313.59,0
1313.672,2
1313.754,3
1313.836,6
1313.918,6
1314,4
1314.082,3
1314.164,0
1314.246,0
1314.328,0
1314.41,0
1314.492,0
1314.574,1
1314.656,2
1314.737,5
1314.819,8
1314.901,10
1314.983,13
1315.065,11
1315.147,10
1315.229,8
1315.311,4
1315.393,5
1315.475,5
1315.557,6
1315.639,3
1315.721,2
1315.803,1
1315.885,0
1315.967,0
1316.049,0
1316.131,2
1316.213,3
1316.295,6
1316.377,6
1316.459,4
1316.542,3
1316.624,0
1316.706,0
1316.788,0
1316.87,0
1316.952,0
1317.034,0
1317.116,1
1317.198,3
1317.28,3
1317.362,3
1317.444,2
1317.526,0
1317.608,0
1317.69,0
1317.772,0
1317.854,0
1317.936,1
1318.018,1
1318.101,4
1318.183,4
1318.265,4
1318.347,5
1318.429,7
1318.511,9
1318.593,8
1318.675,7
1318.757,3
1318.839,1
1318.922,2
1319.004,2
1319.086,1
1319.168,2
1319.25,1
1319.332,1
1319.414,1
1319.496,2
1319.578,3
1319.661,5
1319.743,5
1319.825,5
1319.907,4
1319.989,3
1320.071,3
1320.153,1
1320.236,2
1320.318,2
1320.4,2
1320.482,2
1320.564,4
1320.646,5
1320.728,6
1320.811,7
1320.893,8
1320.975,7
1321.057,7
1321.139,9
1321.222,12
1321.304,11
1321.386,15
1321.468,12
1321.55,6
1321.632,6
1321.715,3
1321.797,3
1321.879,3
1321.961,5
1322.043,3
1322.126,3
1322.208,2
1322.29,0
1322.372,0
1322.454,2
1322.537,2
1322.619,2
1322.701,4
1322.783,3
1322.866,3
1322.948,3
1323.03,2
1323.112,1
1323.195,1
1323.277,3
1323.359,2
1323.441,2
1323.524,2
1323.606,2
1323.688,3
1323.77,4
1323.853,6
1323.935,6
1324.017,5
1324.099,4
1324.182,3
1324.264,2
1324.346,3
1324.428,5
1324.511,5
1324.593,5
1324.675,5
1324.758,4
1324.84,3
1324.922,3
1325.005,4
1325.087,3
1325.169,6
1325.251,5
1325.334,4
1325.416,4
1325.498,1
1325.581,1
1325.663,0
1325.745,1
1325.828,2
1325.91,2
1325.992,2
1326.075,2
1326.157,1
1326.239,1
1326.322,2
1326.404,1
1326.486,1
1326.569,1
1326.651,1
1326.733,1
1326.816,1
1326.898,1
1326.98,0
1327.063,0
1327.145,0
1327.228,0
1327.31,0
1327.392,0
1327.475,0
1327.557,0
1327.639,0
1327.722,1
1327.804,1
1327.887,1
1327.969,1
1328.051,0
1328.134,1
1328.216,1
1328.299,1
1328.381,1
1328.463,2
1328.546,2
1328.628,2
1328.711,4
1328.793,3
1328.875,4
1328.958,5
1329.04,5
1329.123,5
1329.205,5
1329.288,4
1329.37,5
1329.452,7
1329.535,7
1329.617,4
1329.7,3
1329.782,1
1329.865,1
1329.947,1
1330.03,0
1330.112,2
1330.195,4
1330.277,4
1330.359,4
1330.442,3
1330.524,1
1330.607,1
1330.689,2
1330.772,2
1330.854,3
1330.937,5
1331.019,6
1331.102,6
1331.184,6
1331.267,7
1331.349,5
1331.432,4
1331.514,3
1331.597,2
1331.679,2
1331.762,3
1331.844,3
1331.927,1
1332.009,2
1332.092,1
1332.174,1
1332.257,1
1332.339,0
1332.422,0
1332.505,0
1332.587,0
1332.67,0
1332.752,0
1332.835,0
1332.917,0
1333,0
1333.082,0
1333.165,1
1333.247,3
1333.33,6
1333.413,9
1333.495,8
1333.578,6
1333.66,4
1333.743,2
1333.825,2
1333.908,4
1333.991,3
1334.073,2
1334.156,2
1334.238,0
1334.321,4
1334.404,4
1334.486,5
1334.569,5
1334.651,3
1334.734,3
1334.817,2
1334.899,2
1334.982,0
1335.064,0
1335.147,0
1335.23,0
1335.312,1
1335.395,2
1335.477,2
1335.56,3
1335.643,2
1335.725,1
1335.808,1
1335.891,1
1335.973,1
1336.056,1
1336.139,1
1336.221,1
1336.304,1
1336.387,1
1336.469,1
1336.552,0
1336.635,3
1336.717,3
1336.8,3
1336.883,3
1336.965,0
1337.048,0
1337.131,0
1337.213,3
1337.296,3
1337.379,5
1337.461,5
1337.544,2
1337.627,2
1337.709,1
1337.792,1
1337.875,1
1337.958,1
1338.04,0
1338.123,0
1338.206,1
1338.288,1
1338.371,1
1338.454,1
1338.537,0
1338.619,0
1338.702,5
1338.785,5
1338.868,5
1338.95,6
1339.033,1
1339.116,1
1339.198,2
1339.281,2
1339.364,3
1339.447,3
1339.529,3
1339.612,4
1339.695,4
1339.778,8
1339.861,7
1339.943,6
1340.026,5
1340.109,4
1340.192,4
1340.274,3
1340.357,3
1340.44,0
1340.523,0
1340.606,0
1340.688,0
1340.771,0
1340.854,3
1340.937,3
1341.02,3
1341.102,3
1341.185,1
1341.268,1
1341.351,1
1341.434,1
1341.516,0
1341.599,0
1341.682,0
1341.765,0
1341.848,0
1341.931,1
1342.013,3
1342.096,3
1342.179,3
1342.262,3
1342.345,1
1342.428,1
1342.51,1
1342.593,1
1342.676,1
1342.759,1
1342.842,1
1342.925,2
1343.008,3
1343.09,4
1343.173,5
1343.256,3
1343.339,5
1343.422,5
1343.505,4
1343.588,4
1343.671,1
1343.754,0
1343.836,1
1343.919,2
1344.002,2
1344.085,4
1344.168,4
1344.251,4
1344.334,8
1344.417,6
1344.5,5
1344.583,5
1344.665,5
1344.748,6
1344.831,6
1344.914,6
1344.997,3
1345.08,3
1345.163,4
1345.246,8
1345.329,9
1345.412,10
1345.495,11
1345.578,10
1345.661,11
1345.744,10
1345.827,10
1345.91,7
1345.992,6
1346.075,8
1346.158,7
1346.241,7
1346.324,8
1346.407,11
1346.49,13
1346.573,12
1346.656,6
1346.739,5
1346.822,3
1346.905,3
1346.988,3
1347.071,2
1347.154,1
1347.237,2
1347.32,2
1347.403,3
1347.486,4
1347.569,7
1347.652,8
1347.735,7
1347.818,6
1347.901,3
1347.984,2
1348.067,2
1348.15,2
1348.233,1
1348.316,2
1348.399,5
1348.482,5
1348.566,6
1348.649,6
1348.732,4
1348.815,4
1348.898,4
1348.981,2
1349.064,3
1349.147,4
1349.23,6
1349.313,6
1349.396,6
1349.479,8
1349.562,7
1349.645,10
1349.728,13
1349.811,11
1349.895,10
1349.978,8
1350.061,3
1350.144,2
1350.227,2
1350.31,1
1350.393,1
1350.476,1
1350.559,0
1350.642,0
1350.725,0
1350.809,1
1350.892,1
1350.975,2
1351.058,3
1351.141,3
1351.224,4
1351.307,4
1351.39,4
1351.474,4
1351.557,1
1351.64,1
1351.723,1
1351.806,1
1351.889,0
1351.972,0
1352.056,0
1352.139,0
1352.222,2
1352.305,2
1352.388,2
1352.471,2
1352.555,0
1352.638,0
1352.721,0
1352.804,0
1352.887,1
1352.97,1
1353.054,1
1353.137,1
1353.22,1
1353.303,1
1353.386,1
1353.47,1
1353.553,0
1353.636,0
1353.719,0
1353.802,0
1353.886,0
1353.969,0
1354.052,1
1354.135,2
1354.218,3
1354.302,3
1354.385,2
1354.468,5
1354.551,4
1354.635,4
1354.718,4
1354.801,3
1354.884,3
1354.967,3
1355.051,3
1355.134,0
1355.217,1
1355.3,1
1355.384,2
1355.467,5
1355.55,5
1355.633,5
1355.717,5
1355.8,4
1355.883,3
1355.967,3
1356.05,2
1356.133,0
1356.216,1
1356.3,3
1356.383,5
1356.466,7
1356.55,9
1356.633,9
1356.716,9
1356.799,10
1356.883,7
1356.966,6
1357.049,5
1357.133,4
1357.216,1
1357.299,2
1357.383,3
1357.466,3
1357.549,3
1357.633,5
1357.716,4
1357.799,6
1357.883,6
1357.966,3
1358.049,3
1358.133,0
1358.216,5
1358.299,5
1358.383,6
1358.466,6
1358.549,12
1358.633,10
1358.716,7
1358.799,5
1358.883,1
1358.966,1
1359.049,2
1359.133,2
1359.216,1
1359.3,1
1359.383,0
1359.466,0
1359.55,0
1359.633,0
1359.716,0
1359.8,1
1359.883,1
1359.967,1
1360.05,1
1360.133,0
1360.217,0
1360.3,0
1360.384,0
1360.467,2
1360.551,2
1360.634,2
1360.717,5
1360.801,8
1360.884,7
1360.968,6
1361.051,2
1361.135,0
1361.218,0
1361.301,0
1361.385,0
1361.468,0
1361.552,0
1361.635,0
1361.719,0
1361.802,0
1361.886,0
1361.969,1
1362.052,1
1362.136,1
1362.219,1
1362.303,3
1362.386,3
1362.47,3
1362.553,4
1362.637,1
1362.72,1
1362.804,1
1362.887,1
1362.971,2
1363.054,3
1363.138,5
1363.221,8
1363.305,8
1363.388,8
1363.472,5
1363.555,4
1363.639,5
1363.722,7
1363.806,5
1363.889,3
1363.973,2
1364.056,1
1364.14,1
1364.223,1
1364.307,1
1364.39,0
1364.474,0
1364.558,1
1364.641,1
1364.725,1
1364.808,1
1364.892,0
1364.975,0
1365.059,1
1365.142,2
1365.226,6
1365.31,8
1365.393,8
1365.477,9
1365.56,6
1365.644,3
1365.727,4
1365.811,3
1365.895,4
1365.978,2
1366.062,1
1366.145,4
1366.229,4
1366.313,5
1366.396,6
1366.48,6
1366.563,7
1366.647,9
1366.731,9
1366.814,8
1366.898,8
1366.981,7
1367.065,7
1367.149,8
1367.232,9
1367.316,12
1367.399,11
1367.483,9
1367.567,6
1367.65,5
1367.734,8
1367.818,12
1367.901,37
1367.985,77
1368.069,141
1368.152,214
1368.236,298
1368.32,371
1368.403,421
1368.487,483
1368.571,479
1368.654,446
1368.738,384
1368.822,303
1368.905,264
1368.989,245
1369.073,301
1369.156,351
1369.24,439
1369.324,532
1369.407,570
1369.491,610
1369.575,610
1369.658,579
1369.742,498
1369.826,415
1369.91,338
1369.993,282
1370.077,293
1370.161,309
1370.244,349
1370.328,385
1370.412,408
1370.496,440
1370.579,443
1370.663,418
1370.747,359
1370.831,294
1370.914,231
1370.998,185
1371.082,174
1371.165,160
1371.249,157
1371.333,166
1371.417,176
1371.501,184
1371.584,188
1371.668,178
1371.752,152
1371.836,121
1371.919,95
1372.003,75
1372.087,75
1372.171,70
1372.254,69
1372.338,69
1372.422,70
1372.506,77
1372.59,77
1372.673,79
1372.757,72
1372.841,60
1372.925,52
1373.009,44
1373.092,43
1373.176,39
1373.26,42
1373.344,35
1373.428,32
1373.511,34
1373.595,26
1373.679,22
1373.763,22
1373.847,21
1373.931,22
1374.014,24
1374.098,23
1374.182,19
1374.266,19
1374.35,17
1374.434,17
1374.518,15
1374.601,14
1374.685,12
1374.769,13
1374.853,11
1374.937,12
1375.021,17
1375.105,17
1375.188,18
1375.272,23
1375.356,24
1375.44,23
1375.524,18
1375.608,13
1375.692,8
1375.776,7
1375.859,10
1375.943,11
1376.027,12
1376.111,13
1376.195,17
1376.279,17
1376.363,17
1376.447,15
1376.531,13
1376.615,15
1376.699,15
1376.782,17
1376.866,18
1376.95,19
1377.034,19
1377.118,21
1377.202,18
1377.286,17
1377.37,20
1377.454,18
1377.538,17
1377.622,16
1377.706,13
1377.79,12
1377.874,12
1377.958,11
1378.042,10
1378.126,11
1378.21,13
1378.293,13
1378.377,8
1378.461,6
1378.545,2
1378.629,1
1378.713,0
1378.797,0
1378.881,3
1378.965,3
1379.049,3
1379.133,3
1379.217,0
1379.301,0
1379.385,1
1379.469,1
1379.553,1
1379.637,2
1379.721,1
1379.805,2
1379.889,2
1379.973,1
1380.057,3
1380.141,2
1380.225,2
1380.31,4
1380.394,5
1380.478,7
1380.562,10
1380.646,10
1380.73,11
1380.814,11
1380.898,6
1380.982,6
1381.066,5
1381.15,7
1381.234,8
1381.318,10
1381.402,13
1381.486,11
1381.57,8
1381.654,7
1381.738,5
1381.823,6
1381.907,5
1381.991,5
1382.075,5
1382.159,6
1382.243,7
1382.327,7
1382.411,6
1382.495,7
1382.579,6
1382.663,7
1382.748,8
1382.832,7
1382.916,7
1383,6
1383.084,3
1383.168,2
1383.252,3
1383.336,5
1383.42,3
1383.505,3
1383.589,4
1383.673,2
1383.757,5
1383.841,8
1383.925,8
1384.009,10
1384.094,12
1384.178,10
1384.262,12
1384.346,11
1384.43,8
1384.514,8
1384.599,8
1384.683,11
1384.767,13
1384.851,13
1384.935,12
1385.019,9
1385.104,6
1385.188,9
1385.272,13
1385.356,16
1385.44,15
1385.525,14
1385.609,17
1385.693,14
1385.777,12
1385.861,13
1385.946,9
1386.03,12
1386.114,13
1386.198,14
1386.282,14
1386.367,13
1386.451,11
1386.535,8
1386.619,10
1386.703,12
1386.788,10
1386.872,10
1386.956,8
1387.04,6
1387.125,5
1387.209,6
1387.293,6
1387.377,5
1387.462,3
1387.546,2
1387.63,3
1387.714,4
1387.799,4
1387.883,5
1387.967,5
1388.052,5
1388.136,9
1388.22,9
1388.304,9
1388.389,10
1388.473,7
1388.557,6
1388.641,7
1388.726,6
1388.81,5
1388.894,9
1388.979,9
1389.063,9
1389.147,12
1389.232,12
1389.316,11
1389.4,11
1389.485,7
1389.569,3
1389.653,2
1389.737,1
1389.822,1
1389.906,1
1389.99,1
1390.075,1
1390.159,1
1390.243,5
1390.328,8
1390.412,14
1390.496,18
1390.581,17
1390.665,17
1390.75,14
1390.834,11
1390.918,9
1391.003,9
1391.087,9
1391.171,6
1391.256,6
1391.34,4
1391.424,2
1391.509,1
1391.593,2
1391.678,4
1391.762,4
1391.846,3
1391.931,2
1392.015,0
1392.1,0
1392.184,0
1392.268,1
1392.353,1
1392.437,1
1392.522,2
1392.606,3
1392.69,6
1392.775,8
1392.859,15
1392.944,15
1393.028,14
1393.113,15
1393.197,18
1393.281,18
1393.366,18
1393.45,20
1393.535,15
1393.619,14
1393.704,13
1393.788,9
1393.872,6
1393.957,7
1394.041,7
1394.126,7
1394.21,12
1394.295,9
1394.379,7
1394.464,5
1394.548,3
1394.633,3
1394.717,4
1394.802,4
1394.886,2
1394.971,2
1395.055,5
1395.14,5
1395.224,4
1395.309,4
1395.393,2
1395.478,2
1395.562,3
1395.647,3
1395.731,1
1395.816,4
1395.9,5
1395.985,6
1396.069,7
1396.154,5
1396.238,5
1396.323,4
1396.407,3
1396.492,2
1396.576,2
1396.661,2
1396.745,2
1396.83,5
1396.914,4
1396.999,4
1397.084,4
1397.168,2
1397.253,3
1397.337,5
1397.422,6
1397.506,5
1397.591,6
1397.675,5
1397.76,4
1397.845,4
1397.929,6
1398.014,6
1398.098,7
1398.183,8
1398.268,9
1398.352,8
1398.437,7
1398.521,7
1398.606,4
1398.691,4
1398.775,4
1398.86,6
1398.944,3
1399.029,3
1399.114,4
1399.198,1
1399.283,1
1399.367,1
1399.452,0
1399.537,0
1399.621,2
1399.706,3
1399.791,4
1399.875,7
1399.96,11
1400.044,13
1400.129,17
1400.214,17
1400.298,20
1400.383,19
1400.468,17
1400.552,16
1400.637,11
1400.722,8
1400.806,5
1400.891,2
1400.976,1
1401.06,1
1401.145,0
1401.23,0
1401.314,0
1401.399,0
1401.484,1
1401.568,1
1401.653,3
1401.738,3
1401.823,3
1401.907,4
1401.992,3
1402.077,4
1402.161,4
1402.246,4
1402.331,5
1402.415,5
1402.5,6
1402.585,6
1402.67,7
1402.754,7
1402.839,4
1402.924,4
1403.009,3
1403.093,3
1403.178,4
1403.263,4
1403.347,3
1403.432,3
1403.517,1
1403.602,1
1403.686,2
1403.771,3
1403.856,2
1403.941,2
1404.026,2
1404.11,1
1404.195,1
1404.28,1
1404.365,3
1404.449,3
1404.534,3
1404.619,3
1404.704,0
1404.789,2
1404.873,4
1404.958,5
1405.043,9
1405.128,8
1405.212,7
1405.297,7
1405.382,8
1405.467,9
1405.552,10
1405.637,10
1405.721,7
1405.806,5
1405.891,3
1405.976,2
1406.061,0
1406.145,3
1406.23,3
1406.315,3
1406.4,5
1406.485,3
1406.57,4
1406.655,4
1406.739,6
1406.824,5
1406.909,5
1406.994,6
1407.079,3
1407.164,3
1407.248,2
1407.333,3
1407.418,5
1407.503,6
1407.588,8
1407.673,7
1407.758,11
1407.843,9
1407.927,6
1408.012,6
1408.097,5
1408.182,6
1408.267,8
1408.352,8
1408.437,6
1408.522,5
1408.607,3
1408.692,1
1408.776,3
1408.861,5
1408.946,5
1409.031,7
1409.116,5
1409.201,3
1409.286,3
1409.371,1
1409.456,2
1409.541,3
1409.626,3
1409.711,4
1409.796,4
1409.881,3
1409.965,3
1410.05,2
1410.135,4
1410.22,4
1410.305,4
1410.39,4
1410.475,6
1410.56,6
1410.645,6
1410.73,6
1410.815,5
1410.9,6
1410.985,7
1411.07,9
1411.155,6
1411.24,6
1411.325,5
1411.41,3
1411.495,1
1411.58,0
1411.665,1
1411.75,1
1411.835,2
1411.92,2
1412.005,1
1412.09,2
1412.175,2
1412.26,2
1412.345,2
1412.43,1
1412.515,1
1412.6,3
1412.685,5
1412.77,7
1412.855,9
1412.94,9
1413.025,9
1413.11,15
1413.195,15
1413.28,14
1413.365,13
1413.451,10
1413.536,9
1413.621,9
1413.706,9
1413.791,7
1413.876,4
1413.961,5
1414.046,5
1414.131,4
1414.216,3
1414.301,2
1414.386,2
1414.471,2
1414.556,1
1414.642,1
1414.727,4
1414.812,3
1414.897,3
1414.982,3
1415.067,0
1415.152,0
1415.237,1
1415.322,1
1415.407,1
1415.493,1
1415.578,0
1415.663,0
1415.748,0
1415.833,0
1415.918,0
1416.003,2
1416.088,4
1416.174,4
1416.259,4
1416.344,2
1416.429,0
1416.514,0
1416.599,0
1416.685,0
1416.77,1
1416.855,1
1416.94,2
1417.025,2
1417.11,2
1417.195,4
1417.281,3
1417.366,3
1417.451,3
1417.536,1
1417.621,1
1417.707,4
1417.792,6
1417.877,8
1417.962,10
1418.047,11
1418.132,10
1418.218,10
1418.303,7
1418.388,8
1418.473,8
1418.559,7
1418.644,5
1418.729,2
1418.814,2
1418.899,5
1418.985,8
1419.07,10
1419.155,10
1419.24,8
1419.326,7
1419.411,4
1419.496,4
1419.581,4
1419.666,3
1419.752,0
1419.837,0
1419.922,1
1420.007,1
1420.093,2
1420.178,3
1420.263,3
1420.349,4
1420.434,4
1420.519,4
1420.604,6
1420.69,3
1420.775,3
1420.86,4
1420.945,2
1421.031,4
1421.116,4
1421.201,3
1421.287,5
1421.372,2
1421.457,2
1421.543,2
1421.628,0
1421.713,0
1421.798,0
1421.884,0
1421.969,0
1422.054,4
1422.14,6
1422.225,7
1422.31,8
1422.396,10
1422.481,9
1422.566,8
1422.652,7
1422.737,4
1422.822,2
1422.908,1
1422.993,0
1423.078,2
1423.164,2
1423.249,2
1423.334,2
1423.42,0
1423.505,0
1423.591,0
1423.676,0
1423.761,0
1423.847,1
1423.932,3
1424.017,4
1424.103,5
1424.188,5
1424.274,4
1424.359,4
1424.444,4
1424.53,4
1424.615,7
1424.701,7
1424.786,10
1424.871,10
1424.957,7
1425.042,7
1425.128,7
1425.213,6
1425.298,5
1425.384,6
1425.469,2
1425.555,2
1425.64,3
1425.725,2
1425.811,4
1425.896,5
1425.982,9
1426.067,8
1426.153,7
1426.238,7
1426.324,7
1426.409,9
1426.494,10
1426.58,10
1426.665,10
1426.751,9
1426.836,8
1426.922,7
1427.007,6
1427.093,5
1427.178,4
1427.264,4
1427.349,9
1427.435,11
1427.52,11
1427.606,13
1427.691,14
1427.777,17
1427.862,16
1427.948,13
1428.033,11
1428.119,9
1428.204,9
1428.29,8
1428.375,8
1428.461,6
1428.546,6
1428.632,5
1428.717,2
1428.803,2
1428.888,1
1428.974,1
1429.059,1
1429.145,1
1429.23,1
1429.316,3
1429.401,4
1429.487,8
1429.573,9
1429.658,8
1429.744,8
1429.829,5
1429.915,5
1430,4
1430.086,4
1430.171,3
1430.257,3
1430.343,3
1430.428,2
1430.514,2
1430.599,4
1430.685,5
1430.77,5
1430.856,6
1430.942,7
1431.027,5
1431.113,5
1431.198,4
1431.284,4
1431.37,4
1431.455,3
1431.541,2
1431.626,3
1431.712,3
1431.798,4
1431.883,4
1431.969,5
1432.054,7
1432.14,7
1432.226,8
1432.311,13
1432.397,11
1432.483,10
1432.568,9
1432.654,6
1432.74,6
1432.825,6
1432.911,10
1432.997,6
1433.082,6
1433.168,6
1433.253,2
1433.339,4
1433.425,4
1433.51,5
1433.596,8
1433.682,6
1433.767,6
1433.853,5
1433.939,2
1434.025,0
1434.11,0
1434.196,0
1434.282,2
1434.367,4
1434.453,4
1434.539,4
1434.624,2
1434.71,2
1434.796,4
1434.882,6
1434.967,10
1435.053,13
1435.139,13
1435.224,13
1435.31,11
1435.396,8
1435.482,8
1435.567,5
1435.653,5
1435.739,2
1435.824,2
1435.91,1
1435.996,2
1436.082,4
1436.167,4
1436.253,4
1436.339,3
1436.425,4
1436.51,4
1436.596,4
1436.682,4
1436.768,5
1436.854,5
1436.939,4
1437.025,3
1437.111,2
1437.197,1
1437.282,1
1437.368,1
1437.454,1
1437.54,1
1437.626,2
1437.711,4
1437.797,3
1437.883,3
1437.969,4
1438.055,4
1438.14,4
1438.226,4
1438.312,2
1438.398,0
1438.484,0
1438.569,0
1438.655,1
1438.741,2
1438.827,3
1438.913,6
1438.999,5
1439.084,4
1439.17,3
1439.256,2
1439.342,2
1439.428,3
1439.514,4
1439.6,3
1439.685,4
1439.771,5
1439.857,4
1439.943,4
1440.029,4
1440.115,5
1440.201,7
1440.286,6
1440.372,7
1440.458,6
1440.544,4
1440.63,5
1440.716,6
1440.802,5
1440.888,7
1440.973,8
1441.059,7
1441.145,8
1441.231,11
1441.317,12
1441.403,11
1441.489,10
1441.575,8
1441.661,8
1441.747,8
1441.833,8
1441.918,8
1442.004,5
1442.09,4
1442.176,5
1442.262,5
1442.348,7
1442.434,8
1442.52,7
1442.606,7
1442.692,6
1442.778,4
1442.864,4
1442.95,7
1443.036,6
1443.122,3
1443.208,2
1443.294,1
1443.38,2
1443.466,3
1443.552,4
1443.638,7
1443.723,10
1443.809,14
1443.895,17
1443.981,21
1444.067,17
1444.153,12
1444.239,8
1444.325,4
1444.411,4
1444.497,4
1444.583,4
1444.669,1
1444.755,1
1444.841,1
1444.927,1
1445.013,0
1445.099,1
1445.185,2
1445.272,3
1445.358,4
1445.444,4
1445.53,4
1445.616,4
1445.702,3
1445.788,3
1445.874,5
1445.96,6
1446.046,6
1446.132,8
1446.218,11
1446.304,9
1446.39,7
1446.476,4
1446.562,3
1446.648,3
1446.734,5
1446.82,5
1446.906,4
1446.993,4
1447.079,0
1447.165,0
1447.251,0
1447.337,2
1447.423,3
1447.509,3
1447.595,3
1447.681,3
1447.767,3
1447.853,3
1447.94,3
1448.026,1
1448.112,0
1448.198,0
1448.284,3
1448.37,3
1448.456,3
1448.542,3
1448.629,0
1448.715,2
1448.801,3
1448.887,3
1448.973,3
1449.059,5
1449.145,5
1449.231,5
1449.318,5
1449.404,2
1449.49,6
1449.576,6
1449.662,7
1449.748,7
1449.835,4
1449.921,5
1450.007,4
1450.093,3
1450.179,5
1450.265,3
1450.352,2
1450.438,1
1450.524,0
1450.61,0
1450.696,1
1450.783,2
1450.869,2
1450.955,3
1451.041,3
1451.127,5
1451.214,6
1451.3,6
1451.386,5
1451.472,3
1451.558,4
1451.645,4
1451.731,5
1451.817,5
1451.903,4
1451.989,4
1452.076,1
1452.162,1
1452.248,4
1452.334,4
1452.421,3
1452.507,3
1452.593,0
1452.679,0
1452.766,1
1452.852,1
1452.938,1
1453.024,1
1453.111,0
1453.197,1
1453.283,1
1453.369,1
1453.456,1
1453.542,0
1453.628,0
1453.715,0
1453.801,0
1453.887,0
1453.973,0
1454.06,0
1454.146,0
1454.232,0
1454.319,1
1454.405,2
1454.491,3
1454.578,7
1454.664,6
1454.75,5
1454.836,6
1454.923,3
1455.009,4
1455.095,4
1455.182,2
1455.268,2
1455.354,2
1455.441,4
1455.527,6
1455.613,5
1455.7,5
1455.786,6
1455.872,5
1455.959,5
1456.045,4
1456.132,3
1456.218,4
1456.304,5
1456.391,6
1456.477,8
1456.563,6
1456.65,5
1456.736,5
1456.822,1
1456.909,2
1456.995,5
1457.082,4
1457.168,4
1457.254,4
1457.341,1
1457.427,1
1457.514,1
1457.6,1
1457.686,3
1457.773,6
1457.859,6
1457.946,5
1458.032,4
1458.118,2
1458.205,2
1458.291,2
1458.378,1
1458.464,2
1458.55,3
1458.637,3
1458.723,3
1458.81,1
1458.896,0
1458.983,1
1459.069,1
1459.156,4
1459.242,4
1459.328,4
1459.415,4
1459.501,6
1459.588,5
1459.674,3
1459.761,4
1459.847,2
1459.934,2
1460.02,2
1460.107,1
1460.193,1
1460.28,2
1460.366,3
1460.453,4
1460.539,5
1460.626,5
1460.712,5
1460.798,5
1460.885,8
1460.971,7
1461.058,7
1461.144,5
1461.231,4
1461.318,4
1461.404,3
1461.491,6
1461.577,5
1461.664,5
1461.75,5
1461.837,2
1461.923,2
1462.01,2
1462.096,4
1462.183,4
1462.269,3
1462.356,3
1462.442,7
1462.529,7
1462.615,9
1462.702,9
1462.789,8
1462.875,10
1462.962,9
1463.048,8
1463.135,6
1463.221,4
1463.308,1
1463.395,1
1463.481,1
1463.568,0
1463.654,1
1463.741,2
1463.827,3
1463.914,3
1464.001,3
1464.087,2
1464.174,1
1464.26,1
1464.347,0
1464.434,0
1464.52,0
1464.607,0
1464.693,0
1464.78,0
1464.867,0
1464.953,0
1465.04,0
1465.127,0
1465.213,0
1465.3,0
1465.386,0
1465.473,0
1465.56,0
1465.646,0
1465.733,0
1465.82,0
1465.906,1
1465.993,2
1466.08,2
1466.166,3
1466.253,2
1466.34,1
1466.426,1
1466.513,1
1466.6,2
1466.686,4
1466.773,6
1466.86,7
1466.946,8
1467.033,8
1467.12,6
1467.206,5
1467.293,4
1467.38,5
1467.466,3
1467.553,3
1467.64,3
1467.727,1
1467.813,2
1467.9,2
1467.987,3
1468.073,4
1468.16,3
1468.247,6
1468.334,6
1468.42,6
1468.507,6
1468.594,2
1468.68,2
1468.767,4
1468.854,5
1468.941,3
1469.027,3
1469.114,2
1469.201,1
1469.288,1
1469.374,1
1469.461,0
1469.548,0
1469.635,0
1469.721,1
1469.808,5
1469.895,7
1469.982,8
1470.069,9
1470.155,7
1470.242,10
1470.329,10
1470.416,8
1470.502,7
1470.589,4
1470.676,5
1470.763,4
1470.85,4
1470.936,3
1471.023,3
1471.11,3
1471.197,5
1471.284,8
1471.37,7
1471.457,5
1471.544,3
1471.631,2
1471.718,4
1471.805,5
1471.891,5
1471.978,7
1472.065,5
1472.152,5
1472.239,7
1472.326,6
1472.412,6
1472.499,6
1472.586,4
1472.673,7
1472.76,8
1472.847,9
1472.934,10
1473.02,12
1473.107,11
1473.194,9
1473.281,11
1473.368,8
1473.455,8
1473.542,9
1473.629,6
1473.715,4
1473.802,4
1473.889,3
1473.976,5
1474.063,2
1474.15,2
1474.237,2
1474.324,2
1474.411,3
1474.497,3
1474.584,3
1474.671,1
1474.758,0
1474.845,0
1474.932,0
1475.019,0
1475.106,1
1475.193,1
1475.28,1
1475.367,2
1475.454,3
1475.541,3
1475.628,3
1475.714,3
1475.801,4
1475.888,4
1475.975,4
1476.062,3
1476.149,3
1476.236,3
1476.323,3
1476.41,5
1476.497,4
1476.584,4
1476.671,4
1476.758,2
1476.845,1
1476.932,1
1477.019,1
1477.106,1
1477.193,2
1477.28,2
1477.367,2
1477.454,2
1477.541,0
1477.628,0
1477.715,1
1477.802,1
1477.889,1
1477.976,1
1478.063,1
1478.15,1
1478.237,1
1478.324,2
1478.411,3
1478.498,3
1478.585,4
1478.672,3
1478.759,1
1478.846,2
1478.933,4
1479.02,4
1479.107,5
1479.194,4
1479.281,1
1479.368,1
1479.456,0
1479.543,1
1479.63,1
1479.717,1
1479.804,1
1479.891,0
1479.978,2
1480.065,3
1480.152,4
1480.239,6
1480.326,8
1480.413,9
1480.5,10
1480.587,10
1480.675,9
1480.762,8
1480.849,9
1480.936,5
1481.023,4
1481.11,4
1481.197,4
1481.284,3
1481.371,2
1481.459,6
1481.546,4
1481.633,4
1481.72,4
1481.807,4
1481.894,5
1481.981,5
1482.068,5
1482.156,3
1482.243,3
1482.33,4
1482.417,7
1482.504,7
1482.591,8
1482.678,7
1482.766,9
1482.853,6
1482.94,3
1483.027,2
1483.114,0
1483.201,0
1483.289,0
1483.376,1
1483.463,1
1483.55,2
1483.637,2
1483.724,2
1483.812,2
1483.899,1
1483.986,2
1484.073,1
1484.16,1
1484.248,2
1484.335,3
1484.422,4
1484.509,5
1484.596,5
1484.684,6
1484.771,7
1484.858,6
1484.945,6
1485.033,7
1485.12,6
1485.207,6
1485.294,8
1485.381,6
1485.469,9
1485.556,11
1485.643,9
1485.73,8
1485.818,5
1485.905,3
1485.992,3
1486.079,3
1486.167,3
1486.254,0
1486.341,0
1486.428,0
1486.516,0
1486.603,2
1486.69,2
1486.778,2
1486.865,2
1486.952,3
1487.039,4
1487.127,5
1487.214,5
1487.301,2
1487.389,2
1487.476,1
1487.563,2
1487.65,2
1487.738,1
1487.825,1
1487.912,0
1488,0
1488.087,0
1488.174,1
1488.262,1
1488.349,4
1488.436,4
1488.524,3
1488.611,3
1488.698,2
1488.786,3
1488.873,3
1488.96,3
1489.048,1
1489.135,1
1489.222,1
1489.31,1
1489.397,2
1489.484,1
1489.572,4
1489.659,6
1489.747,9
1489.834,10
1489.921,8
1490.009,7
1490.096,7
1490.183,5
1490.271,5
1490.358,4
1490.446,4
1490.533,5
1490.62,4
1490.708,5
1490.795,4
1490.883,5
1490.97,4
1491.057,4
1491.145,5
1491.232,3
1491.32,3
1491.407,1
1491.494,2
1491.582,2
1491.669,2
1491.757,2
1491.844,5
1491.931,4
1492.019,3
1492.106,2
1492.194,0
1492.281,0
1492.369,3
1492.456,3
1492.544,3
1492.631,3
1492.718,0
1492.806,0
1492.893,0
1492.981,2
1493.068,2
1493.156,2
1493.243,3
1493.331,5
1493.418,7
1493.506,6
1493.593,4
1493.681,3
1493.768,6
1493.856,8
1493.943,8
1494.031,8
1494.118,5
1494.206,3
1494.293,3
1494.381,3
1494.468,6
1494.556,7
1494.643,6
1494.731,5
1494.818,4
1494.906,2
1494.993,2
1495.081,2
1495.168,0
1495.256,0
1495.343,0
1495.431,0
1495.518,0
1495.606,0
1495.693,0
1495.781,0
1495.869,3
1495.956,3
1496.044,3
1496.131,3
1496.219,0
1496.306,0
1496.394,1
1496.481,2
1496.569,3
1496.657,4
1496.744,3
1496.832,2
1496.919,1
1497.007,0
1497.094,0
1497.182,0
1497.27,4
1497.357,4
1497.445,4
1497.532,4
1497.62,1
1497.708,2
1497.795,2
1497.883,2
1497.97,1
1498.058,2
1498.146,2
1498.233,3
1498.321,3
1498.409,2
1498.496,3
1498.584,5
1498.671,6
1498.759,5
1498.847,7
1498.934,4
1499.022,3
1499.11,3
1499.197,5
1499.285,5
1499.373,7
1499.46,9
1499.548,9
1499.636,10
1499.723,11
1499.811,10
1499.899,7
1499.986,6
1500.074,3
1500.162,2
1500.249,1
1500.337,2
1500.425,2
1500.512,2
1500.6,3
1500.688,2
1500.775,2
1500.863,2
1500.951,3
1501.039,3
1501.126,3
1501.214,3
1501.302,1
1501.389,1
1501.477,1
1501.565,1
1501.652,4
1501.74,4
1501.828,4
1501.916,4
1502.003,0
1502.091,1
1502.179,2
1502.267,3
1502.354,4
1502.442,4
1502.53,4
1502.618,4
1502.705,1
1502.793,1
1502.881,1
1502.969,2
1503.056,1
1503.144,1
1503.232,1
1503.32,0
1503.407,0
1503.495,0
1503.583,0
1503.671,0
1503.759,0
1503.846,0
1503.934,0
1504.022,2
1504.11,5
1504.198,5
1504.285,5
1504.373,3
1504.461,2
1504.549,2
1504.637,2
1504.724,2
1504.812,1
1504.9,1
1504.988,1
1505.076,2
1505.163,6
1505.251,7
1505.339,8
1505.427,8
1505.515,10
1505.603,10
1505.69,11
1505.778,10
1505.866,10
1505.954,9
1506.042,7
1506.13,9
1506.218,6
1506.305,5
1506.393,6
1506.481,3
1506.569,2
1506.657,2
1506.745,4
1506.833,4
1506.92,4
1507.008,4
1507.096,5
1507.184,5
1507.272,6
1507.36,6
1507.448,3
1507.536,3
1507.624,2
1507.712,3
1507.799,1
1507.887,3
1507.975,4
1508.063,4
1508.151,5
1508.239,3
1508.327,3
1508.415,3
1508.503,2
1508.591,3
1508.679,2
1508.767,1
1508.854,1
1508.942,0
1509.03,1
1509.118,2
1509.206,3
1509.294,5
1509.382,5
1509.47,5
1509.558,5
1509.646,4
1509.734,3
1509.822,3
1509.91,3
1509.998,3
1510.086,0
1510.174,0
1510.262,0
1510.35,0
1510.438,3
1510.526,3
1510.614,4
1510.702,4
1510.79,2
1510.878,2
1510.966,2
1511.054,3
1511.142,5
1511.23,5
1511.318,4
1511.406,4
1511.494,5
1511.582,6
1511.67,7
1511.758,7
1511.846,10
1511.934,8
1512.022,7
1512.11,5
1512.198,3
1512.286,4
1512.374,3
1512.462,3
1512.55,1
1512.638,0
1512.726,0
1512.814,0
1512.902,0
1512.99,0
1513.078,0
1513.166,0
1513.255,1
1513.343,1
1513.431,1
1513.519,1
1513.607,1
1513.695,3
1513.783,3
1513.871,4
1513.959,8
1514.047,6
1514.135,6
1514.223,7
1514.312,6
1514.4,6
1514.488,6
1514.576,5
1514.664,1
1514.752,1
1514.84,1
1514.928,0
1515.016,0
1515.105,0
1515.193,0
1515.281,0
1515.369,0
1515.457,0
1515.545,2
1515.633,2
1515.721,2
1515.81,2
1515.898,1
1515.986,1
1516.074,1
1516.162,1
1516.25,0
1516.338,0
1516.427,1
1516.515,2
1516.603,2
1516.691,2
1516.779,2
1516.867,3
1516.956,3
1517.044,3
1517.132,5
1517.22,3
1517.308,3
1517.397,3
1517.485,6
1517.573,5
1517.661,4
1517.749,3
1517.838,1
1517.926,1
1518.014,1
1518.102,1
1518.19,1
1518.279,1
1518.367,1
1518.455,7
1518.543,8
1518.631,8
1518.72,10
1518.808,6
1518.896,6
1518.984,7
1519.073,9
1519.161,7
1519.249,6
1519.337,5
1519.426,1
1519.514,1
1519.602,7
1519.69,7
1519.779,7
1519.867,7
1519.955,6
1520.043,6
1520.132,6
1520.22,7
1520.308,7
1520.397,6
1520.485,5
1520.573,3
1520.661,1
1520.75,1
1520.838,3
1520.926,3
1521.015,3
1521.103,4
1521.191,3
1521.279,3
1521.368,5
1521.456,4
1521.544,5
1521.633,5
1521.721,3
1521.809,3
1521.898,1
1521.986,2
1522.074,3
1522.163,3
1522.251,3
1522.339,3
1522.428,4
1522.516,4
1522.604,4
1522.693,4
1522.781,5
1522.869,5
1522.958,7
1523.046,6
1523.134,6
1523.223,6
1523.311,4
1523.399,4
1523.488,0
1523.576,0
1523.665,1
1523.753,1
1523.841,3
1523.93,3
1524.018,2
1524.107,2
1524.195,2
1524.283,2
1524.372,4
1524.46,4
1524.548,2
1524.637,2
1524.725,1
1524.814,1
1524.902,1
1524.991,1
1525.079,0
1525.167,0
1525.256,0
1525.344,0
1525.433,0
1525.521,0
1525.61,2
1525.698,2
1525.786,3
1525.875,3
1525.963,4
1526.052,5
1526.14,7
1526.229,7
1526.317,4
1526.406,3
1526.494,0
1526.582,0
1526.671,3
1526.759,3
1526.848,5
1526.936,5
1527.025,2
1527.113,2
1527.202,0
1527.29,1
1527.379,1
1527.467,1
1527.556,3
1527.644,3
1527.733,3
1527.821,3
1527.91,7
1527.998,5
1528.087,5
1528.175,5
1528.264,4
1528.352,5
1528.441,5
1528.529,5
1528.618,5
1528.706,3
1528.795,4
1528.883,4
1528.972,3
1529.06,6
1529.149,5
1529.237,5
1529.326,5
1529.415,0
1529.503,1
1529.592,1
1529.68,2
1529.769,2
1529.857,1
1529.946,1
1530.034,0
1530.123,0
1530.212,1
1530.3,1
1530.389,4
1530.477,5
1530.566,5
1530.654,5
1530.743,3
1530.832,2
1530.92,2
1531.009,3
1531.097,3
1531.186,4
1531.275,3
1531.363,2
1531.452,1
1531.54,2
1531.629,2
1531.718,2
1531.806,2
1531.895,0
1531.983,1
1532.072,1
1532.161,1
1532.249,1
1532.338,0
1532.427,0
1532.515,0
1532.604,0
1532.693,0
1532.781,0
1532.87,1
1532.958,1
1533.047,2
1533.136,2
1533.224,2
1533.313,3
1533.402,2
1533.49,2
1533.579,1
1533.668,1
1533.756,1
1533.845,2
1533.934,3
1534.022,4
1534.111,7
1534.2,8
1534.288,11
1534.377,10
1534.466,9
1534.555,7
1534.643,8
1534.732,7
1534.821,5
1534.909,5
1534.998,0
1535.087,0
1535.176,0
1535.264,0
1535.353,2
1535.442,2
1535.53,3
1535.619,3
1535.708,2
1535.797,2
1535.885,1
1535.974,1
1536.063,0
1536.152,0
1536.24,0
1536.329,0
1536.418,0
1536.507,0
1536.595,0
1536.684,0
1536.773,0
1536.862,0
1536.95,0
1537.039,1
1537.128,3
1537.217,4
1537.305,5
1537.394,5
1537.483,4
1537.572,4
1537.661,2
1537.749,2
1537.838,2
1537.927,2
1538.016,0
1538.105,0
1538.193,1
1538.282,1
1538.371,1
1538.46,2
1538.549,4
1538.637,5
1538.726,6
1538.815,5
1538.904,3
1538.993,2
1539.082,1
1539.17,1
1539.259,0
1539.348,0
1539.437,0
1539.526,0
1539.615,0
1539.703,1
1539.792,3
1539.881,4
1539.97,6
1540.059,5
1540.148,3
1540.237,2
1540.325,1
1540.414,1
1540.503,1
1540.592,2
1540.681,2
1540.77,2
1540.859,3
1540.948,3
1541.036,2
1541.125,2
1541.214,2
1541.303,5
1541.392,8
1541.481,10
1541.57,14
1541.659,13
1541.748,13
1541.837,14
1541.925,16
1542.014,13
1542.103,10
1542.192,7
1542.281,3
1542.37,3
1542.459,4
1542.548,5
1542.637,5
1542.726,5
1542.815,4
1542.904,4
1542.993,2
1543.082,2
1543.171,2
1543.259,1
1543.348,0
1543.437,0
1543.526,0
1543.615,3
1543.704,3
1543.793,3
1543.882,3
1543.971,2
1544.06,2
1544.149,2
1544.238,3
1544.327,2
1544.416,2
1544.505,2
1544.594,2
1544.683,1
1544.772,1
1544.861,1
1544.95,0
1545.039,0
1545.128,0
1545.217,0
1545.306,0
1545.395,0
1545.484,0
1545.573,0
1545.662,1
1545.751,1
1545.84,1
1545.929,1
1546.018,0
1546.107,0
1546.196,0
1546.285,0
1546.374,0
1546.463,0
1546.553,1
1546.642,1
1546.731,1
1546.82,1
1546.909,0
1546.998,0
1547.087,0
1547.176,1
1547.265,1
1547.354,1
1547.443,2
1547.532,1
1547.621,2
1547.71,2
1547.799,1
1547.889,1
1547.978,4
1548.067,5
1548.156,5
1548.245,6
1548.334,8
1548.423,9
1548.512,9
1548.601,8
1548.69,11
1548.78,7
1548.869,6
1548.958,4
1549.047,2
1549.136,2
1549.225,1
1549.314,2
1549.403,2
1549.493,2
1549.582,3
1549.671,2
1549.76,5
1549.849,7
1549.938,8
1550.027,11
1550.117,12
1550.206,12
1550.295,12
1550.384,10
1550.473,14
1550.562,12
1550.652,11
1550.741,6
1550.83,6
1550.919,7
1551.008,8
1551.098,9
1551.187,4
1551.276,4
1551.365,2
1551.454,1
1551.543,1
1551.633,1
1551.722,1
1551.811,2
1551.9,2
1551.989,1
1552.079,1
1552.168,0
1552.257,0
1552.346,0
1552.436,0
1552.525,2
1552.614,4
1552.703,4
1552.792,4
1552.882,3
1552.971,4
1553.06,4
1553.149,5
1553.239,5
1553.328,4
1553.417,5
1553.506,5
1553.596,5
1553.685,8
1553.774,9
1553.863,10
1553.953,11
1554.042,7
1554.131,6
1554.221,5
1554.31,4
1554.399,2
1554.488,2
1554.578,2
1554.667,2
1554.756,1
1554.846,1
1554.935,2
1555.024,2
1555.113,1
1555.203,1
1555.292,0
1555.381,0
1555.471,0
1555.56,1
1555.649,1
1555.739,1
1555.828,1
1555.917,0
1556.007,0
1556.096,0
1556.185,0
1556.275,0
1556.364,0
1556.453,0
1556.543,0
1556.632,1
1556.721,2
1556.811,3
1556.9,4
1556.989,8
1557.079,8
1557.168,9
1557.257,11
1557.347,7
1557.436,7
1557.526,8
1557.615,8
1557.704,7
1557.794,6
1557.883,6
1557.972,5
1558.062,5
1558.151,5
1558.241,2
1558.33,1
1558.419,1
1558.509,3
1558.598,3
1558.688,5
1558.777,5
1558.866,5
1558.956,5
1559.045,2
1559.135,3
1559.224,6
1559.313,7
1559.403,7
1559.492,6
1559.582,4
1559.671,2
1559.761,5
1559.85,4
1559.94,4
1560.029,4
1560.118,4
1560.208,4
1560.297,4
1560.387,4
1560.476,3
1560.566,4
1560.655,4
1560.745,4
1560.834,5
1560.924,4
1561.013,7
1561.103,7
1561.192,5
1561.281,5
1561.371,4
1561.46,4
1561.55,4
1561.639,4
1561.729,2
1561.818,2
1561.908,2
1561.997,2
1562.087,4
1562.176,4
1562.266,2
1562.355,2
1562.445,1
1562.534,1
1562.624,4
1562.714,5
1562.803,6
1562.893,9
1562.982,8
1563.072,8
1563.161,7
1563.251,3
1563.34,2
1563.43,3
1563.519,4
1563.609,2
1563.698,2
1563.788,1
1563.878,0
1563.967,0
1564.057,2
1564.146,3
1564.236,3
1564.325,3
1564.415,1
1564.505,0
1564.594,0
1564.684,0
1564.773,1
1564.863,1
1564.952,1
1565.042,2
1565.132,1
1565.221,1
1565.311,2
1565.4,1
1565.49,2
1565.58,2
1565.669,1
1565.759,1
1565.848,1
1565.938,2
1566.028,2
1566.117,2
1566.207,3
1566.297,2
1566.386,2
1566.476,2
1566.565,3
1566.655,3
1566.745,3
1566.834,3
1566.924,0
1567.014,0
1567.103,0
1567.193,0
1567.283,0
1567.372,0
1567.462,0
1567.552,0
1567.641,0
1567.731,0
1567.821,1
1567.91,2
1568,2
1568.09,2
1568.179,3
1568.269,2
1568.359,2
1568.448,2
1568.538,0
1568.628,0
1568.718,0
1568.807,1
1568.897,1
1568.987,1
1569.076,4
1569.166,3
1569.256,3
1569.345,3
1569.435,0
1569.525,0
1569.615,0
1569.704,0
1569.794,0
1569.884,0
1569.974,0
1570.063,0
1570.153,0
1570.243,0
1570.333,0
1570.422,1
1570.512,1
1570.602,2
1570.692,2
1570.781,4
1570.871,4
1570.961,3
1571.051,3
1571.14,0
1571.23,0
1571.32,0
1571.41,1
1571.499,2
1571.589,2
1571.679,2
1571.769,1
1571.859,1
1571.948,1
1572.038,1
1572.128,1
1572.218,0
1572.308,0
1572.397,0
1572.487,0
1572.577,0
1572.667,0
1572.757,1
1572.846,1
1572.936,1
1573.026,6
1573.116,8
1573.206,9
1573.296,10
1573.385,9
1573.475,8
1573.565,7
1573.655,7
1573.745,4
1573.835,2
1573.924,2
1574.014,5
1574.104,5
1574.194,6
1574.284,9
1574.374,6
1574.464,6
1574.553,5
1574.643,2
1574.733,4
1574.823,4
1574.913,4
1575.003,4
1575.093,3
1575.183,2
1575.273,3
1575.362,3
1575.452,1
1575.542,4
1575.632,3
1575.722,3
1575.812,3
1575.902,7
1575.992,9
1576.082,8
1576.172,7
1576.261,3
1576.351,1
1576.441,3
1576.531,6
1576.621,8
1576.711,7
1576.801,5
1576.891,6
1576.981,10
1577.071,9
1577.161,8
1577.251,5
1577.341,3
1577.431,3
1577.521,3
1577.611,1
1577.701,0
1577.791,0
1577.88,0
1577.97,0
1578.06,1
1578.15,1
1578.24,1
1578.33,1
1578.42,2
1578.51,2
1578.6,2
1578.69,2
1578.78,0
1578.87,1
1578.96,1
1579.05,1
1579.14,1
1579.23,0
1579.32,0
1579.41,1
1579.5,1
1579.59,1
1579.68,1
1579.77,1
1579.86,2
1579.95,2
1580.04,2
1580.13,1
1580.22,0
1580.311,0
1580.401,0
1580.491,0
1580.581,0
1580.671,1
1580.761,1
1580.851,1
1580.941,1
1581.031,0
1581.121,0
1581.211,1
1581.301,1
1581.391,1
1581.481,1
1581.571,0
1581.661,0
1581.751,0
1581.842,0
1581.932,2
1582.022,2
1582.112,2
1582.202,2
1582.292,0
1582.382,0
1582.472,0
1582.562,0
1582.652,0
1582.742,0
1582.833,1
1582.923,1
1583.013,5
1583.103,6
1583.193,6
1583.283,8
1583.373,5
1583.463,4
1583.554,3
1583.644,3
1583.734,4
1583.824,8
1583.914,10
1584.004,9
1584.094,8
1584.185,6
1584.275,6
1584.365,8
1584.455,10
1584.545,11
1584.635,8
1584.725,7
1584.816,7
1584.906,5
1584.996,5
1585.086,6
1585.176,7
1585.267,5
1585.357,5
1585.447,2
1585.537,2
1585.627,3
1585.717,5
1585.808,6
1585.898,9
1585.988,10
1586.078,11
1586.168,8
1586.259,7
1586.349,5
1586.439,4
1586.529,3
1586.62,4
1586.71,2
1586.8,3
1586.89,3
1586.98,1
1587.071,1
1587.161,0
1587.251,1
1587.341,2
1587.432,2
1587.522,2
1587.612,2
1587.702,4
1587.793,5
1587.883,6
1587.973,7
1588.063,6
1588.154,6
1588.244,6
1588.334,5
1588.424,2
1588.515,3
1588.605,4
1588.695,5
1588.786,4
1588.876,3
1588.966,2
1589.056,1
1589.147,0
1589.237,0
1589.327,1
1589.418,4
1589.508,6
1589.598,9
1589.689,9
1589.779,6
1589.869,4
1589.959,2
1590.05,1
1590.14,3
1590.23,3
1590.321,2
1590.411,4
1590.501,2
1590.592,4
1590.682,4
1590.772,4
1590.863,6
1590.953,7
1591.043,10
1591.134,9
1591.224,8
1591.315,9
1591.405,8
1591.495,7
1591.586,6
1591.676,3
1591.766,2
1591.857,2
1591.947,2
1592.037,1
1592.128,0
1592.218,0
1592.309,0
1592.399,0
1592.489,0
1592.58,1
1592.67,1
1592.761,1
1592.851,1
1592.941,1
1593.032,1
1593.122,2
1593.213,4
1593.303,3
1593.393,3
1593.484,2
1593.574,3
1593.665,3
1593.755,3
1593.846,3
1593.936,1
1594.026,1
1594.117,3
1594.207,3
1594.298,2
1594.388,3
1594.479,2
1594.569,2
1594.66,3
1594.75,2
1594.84,1
1594.931,1
1595.021,0
1595.112,1
1595.202,1
1595.293,1
1595.383,5
1595.474,5
1595.564,7
1595.655,9
1595.745,8
1595.836,10
1595.926,13
1596.017,13
1596.107,13
1596.198,12
1596.288,8
1596.379,8
1596.469,5
1596.56,4
1596.65,4
1596.741,5
1596.831,2
1596.922,2
1597.012,2
1597.103,0
1597.193,0
1597.284,0
1597.374,2
1597.465,2
1597.555,3
1597.646,3
1597.736,2
1597.827,3
1597.918,3
1598.008,3
1598.099,3
1598.189,3
1598.28,5
1598.37,5
1598.461,4
1598.551,7
1598.642,5
1598.733,5
1598.823,5
1598.914,3
1599.004,2
1599.095,2
1599.185,2
1599.276,1
1599.367,2
1599.457,3
1599.548,4
1599.638,4
1599.729,4
1599.82,4
1599.91,1
1600.001,3
1600.091,3
