mz,abundance
700.042,8
700.101,7
700.161,11
700.221,11
700.28,12
700.34,11
700.399,11
700.459,11
700.519,12
700.578,14
700.638,13
700.698,12
700.757,13
700.817,9
700.876,8
700.936,8
700.996,10
701.055,12
701.115,14
701.175,14
701.234,15
701.294,18
701.353,14
701.413,15
701.473,15
701.532,14
701.592,17
701.652,17
701.711,17
701.771,16
701.831,16
701.89,17
701.95,16
702.01,16
702.069,14
702.129,11
702.189,10
702.249,9
702.308,8
702.368,8
702.428,6
702.487,9
702.547,9
702.607,11
702.666,16
702.726,13
702.786,17
702.846,17
702.905,17
702.965,18
703.025,16
703.084,17
703.144,14
703.204,13
703.264,16
703.323,15
703.383,16
703.443,19
703.503,17
703.562,17
703.622,18
703.682,20
703.741,21
703.801,20
703.861,18
703.921,18
703.981,17
704.04,17
704.1,15
704.16,11
704.22,12
704.279,14
704.339,17
704.399,17
704.459,13
704.518,11
704.578,12
704.638,9
704.698,13
704.758,12
704.817,8
704.877,9
704.937,6
704.997,9
705.057,5
705.116,9
705.176,10
705.236,8
705.296,14
705.356,12
705.416,14
705.475,15
705.535,13
705.595,15
705.655,17
705.715,19
705.775,18
705.834,16
705.894,13
705.954,10
706.014,7
706.074,4
706.134,7
706.193,8
706.253,14
706.313,17
706.373,17
706.433,18
706.493,20
706.553,22
706.613,18
706.672,19
706.732,19
706.792,17
706.852,18
706.912,16
706.972,14
707.032,13
707.092,14
707.151,13
707.211,10
707.271,9
707.331,9
707.391,9
707.451,8
707.511,10
707.571,8
707.631,8
707.691,10
707.751,9
707.811,9
707.87,10
707.93,11
707.99,13
708.05,14
708.11,14
708.17,13
708.23,12
708.29,11
708.35,11
708.41,11
708.47,11
708.53,14
708.59,14
708.65,10
708.71,10
708.77,6
708.83,6
708.89,8
708.95,7
709.01,8
709.07,7
709.129,5
709.189,8
709.249,11
709.309,11
709.369,15
709.429,14
709.489,16
709.549,16
709.609,12
709.669,12
709.729,12
709.789,13
709.849,16
709.909,16
709.969,9
710.03,10
710.09,11
710.15,8
710.21,11
710.27,9
710.33,10
710.39,13
710.45,18
710.51,23
710.57,29
710.63,33
710.69,28
710.75,24
710.81,19
710.87,14
710.93,15
710.99,15
711.05,20
711.11,17
711.17,16
711.23,15
711.291,12
711.351,20
711.411,18
711.471,21
711.531,25
711.591,19
711.651,18
711.711,16
711.771,13
711.831,13
711.891,14
711.951,12
712.012,14
712.072,12
712.132,13
712.192,13
712.252,14
712.312,15
712.372,14
712.432,13
712.493,17
712.553,16
712.613,13
712.673,13
712.733,7
712.793,7
712.853,7
712.913,8
712.974,10
713.034,10
713.094,10
713.154,9
713.214,14
713.274,17
713.335,21
713.395,25
713.455,29
713.515,28
713.575,28
713.635,24
713.696,19
713.756,20
713.816,17
713.876,20
713.936,20
713.996,16
714.057,21
714.117,21
714.177,18
714.237,17
714.297,14
714.358,12
714.418,15
714.478,13
714.538,11
714.598,10
714.659,8
714.719,9
714.779,9
714.839,9
714.9,11
714.96,9
715.02,11
715.08,12
715.141,6
715.201,10
715.261,10
715.321,13
715.381,17
715.442,16
715.502,13
715.562,11
715.623,15
715.683,12
715.743,14
715.803,15
715.864,15
715.924,16
715.984,20
716.044,18
716.105,18
716.165,17
716.225,12
716.286,11
716.346,7
716.406,13
716.466,13
716.527,15
716.587,16
716.647,12
716.708,16
716.768,15
716.828,17
716.889,17
716.949,15
717.009,16
717.069,14
717.13,14
717.19,14
717.25,13
717.311,15
717.371,15
717.431,15
717.492,14
717.552,15
717.612,14
717.673,15
717.733,17
717.794,13
717.854,17
717.914,18
717.975,15
718.035,16
718.095,16
718.156,15
718.216,23
718.276,25
718.337,22
718.397,20
718.458,13
718.518,11
718.578,10
718.639,12
718.699,15
718.759,18
718.82,18
718.88,16
718.941,14
719.001,9
719.061,16
719.122,17
719.182,19
719.243,27
719.303,22
719.364,21
719.424,20
719.484,22
719.545,18
719.605,16
719.666,15
719.726,14
719.786,13
719.847,15
719.907,12
719.968,6
720.028,10
720.089,8
720.149,12
720.21,17
720.27,17
720.331,18
720.391,16
720.451,18
720.512,18
720.572,18
720.633,20
720.693,17
720.754,18
720.814,20
720.875,21
720.935,21
720.996,17
721.056,16
721.117,11
721.177,8
721.238,10
721.298,11
721.359,13
721.419,10
721.48,12
721.54,11
721.601,13
721.661,14
721.722,18
721.782,19
721.843,18
721.903,15
721.964,14
722.024,18
722.085,22
722.145,24
722.206,24
722.267,21
722.327,15
722.388,12
722.448,12
722.509,8
722.569,7
722.63,6
722.69,6
722.751,8
722.812,9
722.872,10
722.933,8
722.993,7
723.054,8
723.114,9
723.175,8
723.236,9
723.296,8
723.357,9
723.417,8
723.478,6
723.538,9
723.599,8
723.66,13
723.72,13
723.781,9
723.841,10
723.902,9
723.963,8
724.023,8
724.084,6
724.145,6
724.205,8
724.266,12
724.326,14
724.387,13
724.448,17
724.508,20
724.569,21
724.63,20
724.69,21
724.751,17
724.812,14
724.872,14
724.933,10
724.993,9
725.054,6
725.115,9
725.175,9
725.236,10
725.297,11
725.357,12
725.418,11
725.479,13
725.54,13
725.6,13
725.661,16
725.722,12
725.782,15
725.843,13
725.904,13
725.964,17
726.025,16
726.086,14
726.146,12
726.207,9
726.268,6
726.329,7
726.389,9
726.45,11
726.511,15
726.571,15
726.632,12
726.693,11
726.754,7
726.814,10
726.875,17
726.936,17
726.997,19
727.057,19
727.118,14
727.179,14
727.24,14
727.3,12
727.361,10
727.422,11
727.483,11
727.543,9
727.604,11
727.665,12
727.726,12
727.786,19
727.847,19
727.908,22
727.969,19
728.03,15
728.09,17
728.151,12
728.212,17
728.273,19
728.334,20
728.394,20
728.455,20
728.516,14
728.577,12
728.638,11
728.698,9
728.759,12
728.82,10
728.881,13
728.942,13
729.002,16
729.063,16
729.124,15
729.185,18
729.246,17
729.307,21
729.367,18
729.428,20
729.489,18
729.55,18
729.611,23
729.672,22
729.733,22
729.793,22
729.854,20
729.915,16
729.976,18
730.037,17
730.098,18
730.159,14
730.219,14
730.28,14
730.341,13
730.402,14
730.463,16
730.524,15
730.585,15
730.646,12
730.707,11
730.767,10
730.828,10
730.889,11
730.95,9
731.011,8
731.072,8
731.133,9
731.194,10
731.255,12
731.316,14
731.377,17
731.438,17
731.498,15
731.559,11
731.62,10
731.681,14
731.742,17
731.803,17
731.864,21
731.925,17
731.986,15
732.047,16
732.108,13
732.169,11
732.23,15
732.291,15
732.352,15
732.413,14
732.474,10
732.535,11
732.596,16
732.657,20
732.718,18
732.779,19
732.84,17
732.901,17
732.962,17
733.023,13
733.084,9
733.145,8
733.206,8
733.267,12
733.328,13
733.389,12
733.45,12
733.511,11
733.572,11
733.633,9
733.694,13
733.755,13
733.816,15
733.877,17
733.938,15
733.999,12
734.06,8
734.121,10
734.182,7
734.243,10
734.304,12
734.365,9
734.426,14
734.487,19
734.548,18
734.609,20
734.67,17
734.731,15
734.793,19
734.854,19
734.915,20
734.976,16
735.037,14
735.098,12
735.159,10
735.22,9
735.281,6
735.342,8
735.403,9
735.464,8
735.526,13
735.587,12
735.648,11
735.709,15
735.77,17
735.831,15
735.892,18
735.953,17
736.014,19
736.076,18
736.137,18
736.198,17
736.259,10
736.32,12
736.381,9
736.442,8
736.503,8
736.565,11
736.626,10
736.687,10
736.748,13
736.809,12
736.87,14
736.932,17
736.993,19
737.054,15
737.115,16
737.176,16
737.237,11
737.299,15
737.36,16
737.421,14
737.482,16
737.543,12
737.604,10
737.666,9
737.727,6
737.788,7
737.849,5
737.91,4
737.972,8
738.033,9
738.094,12
738.155,16
738.216,20
738.278,20
738.339,20
738.4,21
738.461,19
738.523,22
738.584,22
738.645,18
738.706,17
738.767,14
738.829,16
738.89,15
738.951,13
739.012,14
739.074,10
739.135,8
739.196,5
739.257,3
739.319,4
739.38,3
739.441,3
739.503,4
739.564,6
739.625,11
739.686,15
739.748,17
739.809,16
739.87,14
739.931,16
739.993,16
740.054,17
740.115,16
740.177,15
740.238,14
740.299,12
740.361,14
740.422,11
740.483,12
740.544,12
740.606,11
740.667,13
740.728,12
740.79,13
740.851,12
740.912,14
740.974,15
741.035,15
741.096,15
741.158,19
741.219,17
741.28,21
741.342,21
741.403,15
741.464,16
741.526,13
741.587,14
741.648,10
741.71,12
741.771,13
741.833,12
741.894,11
741.955,13
742.017,12
742.078,13
742.139,13
742.201,13
742.262,16
742.324,17
742.385,21
742.446,19
742.508,17
742.569,18
742.631,18
742.692,15
742.753,14
742.815,11
742.876,9
742.938,9
742.999,7
743.06,5
743.122,7
743.183,9
743.245,11
743.306,14
743.367,16
743.429,18
743.49,19
743.552,18
743.613,17
743.675,14
743.736,12
743.798,11
743.859,9
743.92,7
743.982,8
744.043,7
744.105,6
744.166,8
744.228,8
744.289,12
744.351,14
744.412,17
744.474,17
744.535,17
744.597,19
744.658,15
744.72,13
744.781,12
744.843,15
744.904,18
744.966,20
745.027,19
745.089,14
745.15,10
745.212,13
745.273,13
745.335,14
745.396,16
745.458,12
745.519,11
745.581,14
745.642,13
745.704,14
745.765,16
745.827,17
745.888,19
745.95,18
746.011,15
746.073,16
746.134,15
746.196,14
746.257,16
746.319,14
746.381,11
746.442,11
746.504,10
746.565,7
746.627,7
746.688,9
746.75,7
746.812,7
746.873,10
746.935,9
746.996,12
747.058,13
747.119,17
747.181,17
747.243,15
747.304,18
747.366,15
747.427,15
747.489,16
747.551,19
747.612,17
747.674,17
747.735,17
747.797,15
747.859,13
747.92,13
747.982,12
748.044,10
748.105,9
748.167,6
748.228,6
748.29,4
748.352,14
748.413,14
748.475,16
748.537,19
748.598,15
748.66,17
748.722,15
748.783,17
748.845,19
748.907,17
748.968,17
749.03,16
749.092,11
749.153,14
749.215,13
749.277,10
749.338,11
749.4,9
749.462,10
749.523,10
749.585,14
749.647,15
749.708,18
749.77,18
749.832,12
749.893,12
749.955,13
750.017,18
750.079,18
750.14,19
750.202,15
750.264,13
750.325,10
750.387,11
750.449,11
750.511,9
750.572,13
750.634,9
750.696,8
750.757,10
750.819,15
750.881,17
750.943,16
751.004,17
751.066,11
751.128,10
751.19,13
751.251,11
751.313,13
751.375,14
751.437,11
751.499,11
751.56,14
751.622,13
751.684,12
751.746,10
751.807,6
751.869,4
751.931,6
751.993,4
752.055,7
752.116,6
752.178,6
752.24,11
752.302,12
752.364,14
752.425,21
752.487,20
752.549,23
752.611,24
752.673,19
752.734,22
752.796,16
752.858,15
752.92,14
752.982,9
753.044,10
753.105,10
753.167,10
753.229,11
753.291,15
753.353,19
753.415,19
753.476,22
753.538,22
753.6,18
753.662,16
753.724,18
753.786,18
753.848,20
753.909,23
753.971,20
754.033,16
754.095,18
754.157,18
754.219,19
754.281,18
754.343,15
754.404,12
754.466,8
754.528,9
754.59,8
754.652,8
754.714,9
754.776,10
754.838,11
754.9,15
754.962,13
755.024,14
755.085,15
755.147,12
755.209,15
755.271,11
755.333,10
755.395,13
755.457,12
755.519,12
755.581,12
755.643,8
755.705,7
755.767,8
755.829,7
755.891,7
755.953,8
756.014,8
756.076,7
756.138,9
756.2,7
756.262,9
756.324,11
756.386,13
756.448,17
756.51,14
756.572,13
756.634,11
756.696,6
756.758,8
756.82,13
756.882,13
756.944,12
757.006,14
757.068,10
757.13,9
757.192,10
757.254,8
757.316,9
757.378,12
757.44,10
757.502,12
757.564,11
757.626,8
757.688,11
757.75,9
757.812,10
757.874,12
757.936,12
757.998,13
758.06,15
758.122,13
758.184,10
758.247,10
758.309,8
758.371,8
758.433,10
758.495,12
758.557,11
758.619,14
758.681,10
758.743,12
758.805,13
758.867,10
758.929,12
758.991,11
759.053,11
759.115,14
759.178,16
759.24,13
759.302,11
759.364,10
759.426,8
759.488,9
759.55,14
759.612,12
759.674,13
759.736,13
759.799,9
759.861,9
759.923,12
759.985,11
760.047,11
760.109,10
760.171,8
760.233,8
760.296,8
760.358,11
760.42,9
760.482,8
760.544,8
760.606,8
760.668,16
760.731,16
760.793,22
760.855,21
760.917,17
760.979,16
761.041,8
761.103,7
761.166,7
761.228,11
761.29,12
761.352,14
761.414,15
761.477,15
761.539,18
761.601,20
761.663,20
761.725,17
761.787,16
761.85,13
761.912,10
761.974,9
762.036,10
762.098,10
762.161,9
762.223,15
762.285,12
762.347,14
762.41,14
762.472,14
762.534,15
762.596,12
762.658,13
762.721,11
762.783,9
762.845,10
762.907,14
762.97,13
763.032,16
763.094,17
763.156,17
763.219,13
763.281,18
763.343,16
763.405,12
763.468,15
763.53,9
763.592,10
763.654,9
763.717,11
763.779,13
763.841,13
763.904,14
763.966,12
764.028,12
764.09,10
764.153,8
764.215,9
764.277,7
764.34,7
764.402,9
764.464,8
764.527,9
764.589,9
764.651,8
764.713,9
764.776,7
764.838,8
764.9,9
764.963,9
765.025,10
765.087,11
765.15,11
765.212,12
765.274,11
765.337,12
765.399,11
765.461,9
765.524,14
765.586,13
765.648,17
765.711,23
765.773,21
765.836,24
765.898,23
765.96,18
766.023,17
766.085,13
766.147,10
766.21,10
766.272,9
766.335,11
766.397,10
766.459,12
766.522,12
766.584,13
766.646,13
766.709,9
766.771,14
766.834,16
766.896,14
766.958,16
767.021,16
767.083,15
767.146,16
767.208,19
767.271,18
767.333,18
767.395,24
767.458,24
767.52,22
767.583,21
767.645,19
767.708,17
767.77,16
767.832,16
767.895,9
767.957,9
768.02,10
768.082,9
768.145,7
768.207,8
768.27,9
768.332,8
768.395,12
768.457,12
768.519,10
768.582,13
768.644,12
768.707,10
768.769,9
768.832,7
768.894,7
768.957,9
769.019,10
769.082,10
769.144,12
769.207,15
769.269,18
769.332,21
769.394,26
769.457,22
769.519,22
769.582,19
769.644,11
769.707,8
769.769,6
769.832,8
769.895,6
769.957,7
770.02,7
770.082,5
770.145,8
770.207,16
770.27,16
770.332,19
770.395,19
770.457,11
770.52,12
770.582,12
770.645,10
770.708,13
770.77,17
770.833,17
770.895,21
770.958,23
771.02,18
771.083,18
771.146,17
771.208,13
771.271,15
771.333,13
771.396,12
771.459,15
771.521,14
771.584,14
771.646,14
771.709,11
771.772,11
771.834,11
771.897,11
771.959,14
772.022,14
772.085,13
772.147,12
772.21,10
772.272,11
772.335,15
772.398,16
772.46,15
772.523,12
772.586,7
772.648,5
772.711,5
772.774,5
772.836,8
772.899,9
772.962,13
773.024,15
773.087,14
773.149,16
773.212,16
773.275,19
773.337,19
773.4,19
773.463,17
773.525,13
773.588,15
773.651,11
773.714,8
773.776,9
773.839,7
773.902,8
773.964,9
774.027,8
774.09,7
774.152,7
774.215,5
774.278,5
774.341,5
774.403,6
774.466,10
774.529,9
774.591,8
774.654,9
774.717,10
774.78,13
774.842,17
774.905,14
774.968,14
775.031,13
775.093,12
775.156,15
775.219,11
775.281,12
775.344,9
775.407,6
775.47,10
775.533,7
775.595,8
775.658,9
775.721,6
775.784,10
775.846,10
775.909,10
775.972,16
776.035,12
776.097,17
776.16,18
776.223,14
776.286,15
776.349,10
776.411,10
776.474,6
776.537,5
776.6,4
776.663,4
776.725,7
776.788,9
776.851,9
776.914,8
776.977,12
777.039,11
777.102,13
777.165,17
777.228,15
777.291,14
777.354,18
777.416,19
777.479,18
777.542,19
777.605,15
777.668,9
777.731,8
777.794,10
777.856,8
777.919,9
777.982,7
778.045,6
778.108,10
778.171,8
778.234,12
778.296,10
778.359,10
778.422,13
778.485,12
778.548,15
778.611,13
778.674,16
778.737,17
778.8,16
778.862,18
778.925,17
778.988,13
779.051,18
779.114,16
779.177,14
779.24,18
779.303,15
779.366,17
779.429,14
779.491,14
779.554,10
779.617,13
779.68,16
779.743,18
779.806,20
779.869,22
779.932,19
779.995,18
780.058,18
780.121,10
780.184,8
780.247,5
780.31,8
780.373,8
780.436,10
780.499,9
780.562,5
780.625,6
780.687,6
780.75,8
780.813,9
780.876,9
780.939,9
781.002,11
781.065,12
781.128,12
781.191,15
781.254,16
781.317,15
781.38,17
781.443,16
781.506,11
781.569,15
781.632,16
781.695,19
781.758,19
781.821,15
781.884,15
781.947,11
782.01,13
782.073,12
782.136,12
782.2,12
782.263,12
782.326,15
782.389,13
782.452,13
782.515,16
782.578,15
782.641,18
782.704,19
782.767,18
782.83,21
782.893,18
782.956,16
783.019,12
783.082,6
783.145,7
783.208,7
783.271,8
783.335,10
783.398,11
783.461,14
783.524,15
783.587,15
783.65,11
783.713,12
783.776,13
783.839,12
783.902,16
783.965,16
784.029,15
784.092,19
784.155,21
784.218,15
784.281,15
784.344,15
784.407,12
784.47,12
784.533,18
784.597,15
784.66,13
784.723,15
784.786,14
784.849,14
784.912,15
784.975,15
785.039,15
785.102,15
785.165,15
785.228,14
785.291,13
785.354,14
785.418,18
785.481,20
785.544,18
785.607,17
785.67,12
785.733,12
785.797,12
785.86,12
785.923,14
785.986,12
786.049,13
786.112,10
786.176,8
786.239,8
786.302,15
786.365,16
786.428,16
786.492,17
786.555,10
786.618,15
786.681,15
786.745,13
786.808,15
786.871,13
786.934,19
786.997,26
787.061,25
787.124,22
787.187,16
787.25,12
787.314,11
787.377,11
787.44,11
787.503,11
787.567,15
787.63,14
787.693,16
787.756,17
787.82,15
787.883,18
787.946,17
788.009,15
788.073,12
788.136,16
788.199,15
788.262,17
788.326,18
788.389,17
788.452,16
788.516,16
788.579,21
788.642,19
788.705,24
788.769,26
788.832,25
788.895,22
788.959,20
789.022,19
789.085,18
789.149,19
789.212,23
789.275,17
789.339,12
789.402,14
789.465,11
789.529,13
789.592,13
789.655,16
789.719,14
789.782,14
789.845,15
789.909,9
789.972,6
790.035,6
790.099,14
790.162,19
790.225,23
790.289,26
790.352,23
790.415,20
790.479,21
790.542,19
790.606,18
790.669,22
790.732,23
790.796,27
790.859,25
790.922,23
790.986,20
791.049,13
791.113,13
791.176,10
791.239,9
791.303,8
791.366,9
791.43,9
791.493,11
791.556,16
791.62,16
791.683,17
791.747,17
791.81,19
791.874,15
791.937,15
792,13
792.064,13
792.127,15
792.191,17
792.254,18
792.318,17
792.381,17
792.445,15
792.508,18
792.571,18
792.635,20
792.698,20
792.762,18
792.825,17
792.889,15
792.952,16
793.016,16
793.079,17
793.143,16
793.206,15
793.27,12
793.333,7
793.397,8
793.46,7
793.524,8
793.587,14
793.651,12
793.714,12
793.778,11
793.841,7
793.905,11
793.968,11
794.032,12
794.095,12
794.159,10
794.222,12
794.286,12
794.349,17
794.413,17
794.476,13
794.54,12
794.603,10
794.667,10
794.73,12
794.794,11
794.857,11
794.921,13
794.985,13
795.048,13
795.112,9
795.175,5
795.239,5
795.302,9
795.366,9
795.429,17
795.493,17
795.557,15
795.62,14
795.684,11
795.747,12
795.811,14
795.875,21
795.938,22
796.002,21
796.065,21
796.129,20
796.192,16
796.256,16
796.32,17
796.383,12
796.447,13
796.511,14
796.574,14
796.638,17
796.701,17
796.765,15
796.829,14
796.892,11
796.956,13
797.02,16
797.083,15
797.147,18
797.21,16
797.274,19
797.338,22
797.401,20
797.465,19
797.529,15
797.592,11
797.656,10
797.72,13
797.783,13
797.847,15
797.911,13
797.974,11
798.038,13
798.102,12
798.165,9
798.229,11
798.293,9
798.356,9
798.42,11
798.484,11
798.547,13
798.611,15
798.675,12
798.739,11
798.802,10
798.866,8
798.93,9
798.993,7
799.057,6
799.121,7
799.185,6
799.248,9
799.312,9
799.376,11
799.439,12
799.503,14
799.567,17
799.631,18
799.694,18
799.758,18
799.822,17
799.886,13
799.949,16
800.013,15
800.077,13
800.141,17
800.204,12
800.268,8
800.332,8
800.396,5
800.459,3
800.523,6
800.587,9
800.651,12
800.715,10
800.778,11
800.842,10
800.906,8
800.97,10
801.034,12
801.097,10
801.161,11
801.225,13
801.289,10
801.353,11
801.416,12
801.48,9
801.544,8
801.608,8
801.672,5
801.735,9
801.799,10
801.863,11
801.927,13
801.991,10
802.055,10
802.118,10
802.182,8
802.246,10
802.31,14
802.374,14
802.438,16
802.502,22
802.565,21
802.629,22
802.693,23
802.757,20
802.821,17
802.885,17
802.949,17
803.012,12
803.076,11
803.14,9
803.204,7
803.268,9
803.332,9
803.396,13
803.46,13
803.524,15
803.587,22
803.651,19
803.715,19
803.779,20
803.843,14
803.907,17
803.971,21
804.035,18
804.099,20
804.163,18
804.227,17
804.291,19
804.354,18
804.418,17
804.482,14
804.546,13
804.61,10
804.674,12
804.738,15
804.802,15
804.866,17
804.93,14
804.994,15
805.058,17
805.122,17
805.186,19
805.25,18
805.314,12
805.378,14
805.442,14
805.506,11
805.57,13
805.634,11
805.698,14
805.762,14
805.826,12
805.889,13
805.953,9
806.017,9
806.081,16
806.145,21
806.209,22
806.273,24
806.337,24
806.402,23
806.466,23
806.53,28
806.594,20
806.658,17
806.722,20
806.786,15
806.85,19
806.914,15
806.978,14
807.042,14
807.106,12
807.17,13
807.234,14
807.298,13
807.362,10
807.426,13
807.49,9
807.554,9
807.618,11
807.682,12
807.746,14
807.81,17
807.874,19
807.939,19
808.003,17
808.067,13
808.131,11
808.195,6
808.259,7
808.323,7
808.387,8
808.451,12
808.515,11
808.579,16
808.644,12
808.708,13
808.772,13
808.836,13
808.9,18
808.964,17
809.028,17
809.092,19
809.156,16
809.221,12
809.285,17
809.349,14
809.413,17
809.477,17
809.541,12
809.605,12
809.669,9
809.734,12
809.798,12
809.862,12
809.926,11
809.99,13
810.054,13
810.119,13
810.183,13
810.247,10
810.311,8
810.375,12
810.439,10
810.504,11
810.568,12
810.632,9
810.696,13
810.76,10
810.824,12
810.889,11
810.953,12
811.017,13
811.081,13
811.145,12
811.21,8
811.274,10
811.338,7
811.402,8
811.466,8
811.531,12
811.595,15
811.659,17
811.723,19
811.788,13
811.852,11
811.916,8
811.98,7
812.045,7
812.109,8
812.173,10
812.237,11
812.302,12
812.366,12
812.43,10
812.494,7
812.559,8
812.623,7
812.687,7
812.751,10
812.816,12
812.88,14
812.944,15
813.008,16
813.073,15
813.137,17
813.201,17
813.266,18
813.33,15
813.394,12
813.458,13
813.523,12
813.587,12
813.651,14
813.716,11
813.78,9
813.844,11
813.909,8
813.973,11
814.037,9
814.101,12
814.166,12
814.23,9
814.294,11
814.359,10
814.423,10
814.487,14
814.552,18
814.616,17
814.68,20
814.745,19
814.809,15
814.874,14
814.938,17
815.002,19
815.067,20
815.131,16
815.195,15
815.26,13
815.324,12
815.388,15
815.453,12
815.517,16
815.582,22
815.646,22
815.71,22
815.775,19
815.839,14
815.903,12
815.968,13
816.032,13
816.097,10
816.161,6
816.225,6
816.29,4
816.354,8
816.419,15
816.483,14
816.548,14
816.612,13
816.676,11
816.741,13
816.805,14
816.87,16
816.934,18
816.999,18
817.063,20
817.127,21
817.192,15
817.256,12
817.321,9
817.385,7
817.45,11
817.514,12
817.579,17
817.643,19
817.707,18
817.772,20
817.836,16
817.901,12
817.965,11
818.03,10
818.094,12
818.159,11
818.223,11
818.288,13
818.352,12
818.417,12
818.481,13
818.546,11
818.61,11
818.675,13
818.739,10
818.804,11
818.868,10
818.933,9
818.997,14
819.062,15
819.126,16
819.191,15
819.255,15
819.32,12
819.384,11
819.449,8
819.514,9
819.578,13
819.643,14
819.707,13
819.772,16
819.836,14
819.901,18
819.965,18
820.03,15
820.094,14
820.159,11
820.224,9
820.288,5
820.353,8
820.417,8
820.482,11
820.546,10
820.611,6
820.676,5
820.74,4
820.805,9
820.869,14
820.934,16
820.999,21
821.063,22
821.128,23
821.192,27
821.257,26
821.322,25
821.386,21
821.451,18
821.515,18
821.58,18
821.645,19
821.709,18
821.774,14
821.839,12
821.903,12
821.968,13
822.032,12
822.097,15
822.162,15
822.226,15
822.291,19
822.356,17
822.42,16
822.485,15
822.55,12
822.614,11
822.679,11
822.744,12
822.808,12
822.873,14
822.938,18
823.002,17
823.067,15
823.132,15
823.196,12
823.261,13
823.326,12
823.39,11
823.455,12
823.52,14
823.584,11
823.649,12
823.714,11
823.779,16
823.843,14
823.908,14
823.973,16
824.037,12
824.102,16
824.167,15
824.232,19
824.296,18
824.361,18
824.426,18
824.49,16
824.555,14
824.62,9
824.685,12
824.749,8
824.814,14
824.879,17
824.944,14
825.008,18
825.073,14
825.138,14
825.203,16
825.268,14
825.332,16
825.397,15
825.462,16
825.527,17
825.591,14
825.656,11
825.721,8
825.786,8
825.851,10
825.915,10
825.98,15
826.045,16
826.11,15
826.174,19
826.239,15
826.304,13
826.369,14
826.434,12
826.499,11
826.563,14
826.628,13
826.693,12
826.758,15
826.823,11
826.887,12
826.952,13
827.017,13
827.082,14
827.147,13
827.212,12
827.276,10
827.341,8
827.406,8
827.471,13
827.536,13
827.601,13
827.666,16
827.73,13
827.795,15
827.86,18
827.925,13
827.99,11
828.055,10
828.12,11
828.185,13
828.249,12
828.314,9
828.379,8
828.444,8
828.509,7
828.574,10
828.639,8
828.704,8
828.769,11
828.834,11
828.898,12
828.963,12
829.028,18
829.093,17
829.158,19
829.223,18
829.288,15
829.353,19
829.418,18
829.483,19
829.548,23
829.613,20
829.678,19
829.742,20
829.807,16
829.872,17
829.937,16
830.002,13
830.067,14
830.132,12
830.197,10
830.262,9
830.327,8
830.392,10
830.457,16
830.522,16
830.587,17
830.652,14
830.717,13
830.782,15
830.847,16
830.912,18
830.977,18
831.042,19
831.107,19
831.172,16
831.237,11
831.302,8
831.367,11
831.432,20
831.497,21
831.562,24
831.627,22
831.692,19
831.757,22
831.822,20
831.887,20
831.952,15
832.017,14
832.082,16
832.147,16
832.212,15
832.277,13
832.342,12
832.407,13
832.472,12
832.537,12
832.602,9
832.668,11
832.733,13
832.798,12
832.863,12
832.928,7
832.993,9
833.058,11
833.123,12
833.188,14
833.253,12
833.318,15
833.383,14
833.448,15
833.514,15
833.579,14
833.644,18
833.709,16
833.774,16
833.839,13
833.904,8
833.969,7
834.034,6
834.099,6
834.165,7
834.23,11
834.295,16
834.36,18
834.425,18
834.49,14
834.555,12
834.62,13
834.686,18
834.751,18
834.816,15
834.881,12
834.946,10
835.011,12
835.077,11
835.142,11
835.207,11
835.272,10
835.337,13
835.402,12
835.467,8
835.533,9
835.598,14
835.663,14
835.728,17
835.793,18
835.859,13
835.924,15
835.989,19
836.054,23
836.119,22
836.185,25
836.25,25
836.315,18
836.38,16
836.445,11
836.511,7
836.576,10
836.641,10
836.706,14
836.771,11
836.837,12
836.902,17
836.967,14
837.032,17
837.098,19
837.163,17
837.228,18
837.293,20
837.359,17
837.424,17
837.489,17
837.554,14
837.62,12
837.685,11
837.75,12
837.815,13
837.881,18
837.946,18
838.011,18
838.076,16
838.142,13
838.207,15
838.272,11
838.337,15
838.403,18
838.468,17
838.533,21
838.599,20
838.664,16
838.729,15
838.795,12
838.86,15
838.925,14
838.99,17
839.056,20
839.121,16
839.186,16
839.252,13
839.317,14
839.382,15
839.448,14
839.513,14
839.578,11
839.644,10
839.709,12
839.774,16
839.84,16
839.905,21
839.97,23
840.036,20
840.101,21
840.166,17
840.232,17
840.297,16
840.362,16
840.428,14
840.493,14
840.559,13
840.624,13
840.689,12
840.755,8
840.82,10
840.885,10
840.951,10
841.016,10
841.082,11
841.147,12
841.212,15
841.278,17
841.343,14
841.409,14
841.474,15
841.539,15
841.605,15
841.67,13
841.736,13
841.801,11
841.867,12
841.932,15
841.997,13
842.063,16
842.128,17
842.194,12
842.259,11
842.325,9
842.39,8
842.455,12
842.521,12
842.586,14
842.652,15
842.717,14
842.783,17
842.848,20
842.914,20
842.979,19
843.045,18
843.11,16
843.175,16
843.241,19
843.306,18
843.372,17
843.437,18
843.503,15
843.568,13
843.634,14
843.699,14
843.765,13
843.83,14
843.896,16
843.961,17
844.027,20
844.092,19
844.158,16
844.223,14
844.289,11
844.354,10
844.42,13
844.485,11
844.551,14
844.617,14
844.682,10
844.748,10
844.813,7
844.879,8
844.944,8
845.01,11
845.075,11
845.141,9
845.206,12
845.272,12
845.338,13
845.403,16
845.469,16
845.534,16
845.6,15
845.665,13
845.731,18
845.797,14
845.862,15
845.928,16
845.993,11
846.059,11
846.124,9
846.19,9
846.256,7
846.321,6
846.387,8
846.452,8
846.518,9
846.584,11
846.649,11
846.715,11
846.78,13
846.846,14
846.912,13
846.977,11
847.043,14
847.109,14
847.174,15
847.24,20
847.305,19
847.371,19
847.437,16
847.502,14
847.568,14
847.634,14
847.699,17
847.765,16
847.831,12
847.896,10
847.962,9
848.028,8
848.093,10
848.159,16
848.225,15
848.29,17
848.356,17
848.422,15
848.487,17
848.553,16
848.619,15
848.684,12
848.75,9
848.816,13
848.881,13
848.947,16
849.013,18
849.079,14
849.144,14
849.21,11
849.276,10
849.341,10
849.407,11
849.473,14
849.539,17
849.604,19
849.67,17
849.736,14
849.801,12
849.867,12
849.933,11
849.999,10
850.064,11
850.13,10
850.196,11
850.262,10
850.327,10
850.393,8
850.459,7
850.525,9
850.59,9
850.656,10
850.722,9
850.788,11
850.854,8
850.919,8
850.985,12
851.051,11
851.117,12
851.182,14
851.248,14
851.314,14
851.38,15
851.446,13
851.511,12
851.577,11
851.643,10
851.709,10
851.775,8
851.84,6
851.906,6
851.972,4
852.038,5
852.104,8
852.17,9
852.235,10
852.301,11
852.367,12
852.433,12
852.499,16
852.565,16
852.63,15
852.696,15
852.762,14
852.828,11
852.894,10
852.96,11
853.026,9
853.091,11
853.157,11
853.223,10
853.289,8
853.355,7
853.421,7
853.487,5
853.553,10
853.618,14
853.684,15
853.75,18
853.816,16
853.882,15
853.948,13
854.014,10
854.08,13
854.146,13
854.211,13
854.277,14
854.343,10
854.409,10
854.475,11
854.541,12
854.607,14
854.673,10
854.739,11
854.805,11
854.871,7
854.937,7
855.003,9
855.068,8
855.134,10
855.2,16
855.266,12
855.332,13
855.398,12
855.464,10
855.53,10
855.596,14
855.662,14
855.728,15
855.794,13
855.86,8
855.926,7
855.992,3
856.058,8
856.124,10
856.19,13
856.256,16
856.322,16
856.388,18
856.454,19
856.52,18
856.586,18
856.652,17
856.718,15
856.784,13
856.85,11
856.916,10
856.982,14
857.048,16
857.114,15
857.18,17
857.246,14
857.312,14
857.378,15
857.444,12
857.51,10
857.576,8
857.642,8
857.708,10
857.774,11
857.84,12
857.906,13
857.972,14
858.038,15
858.104,16
858.17,17
858.237,17
858.303,19
858.369,18
858.435,19
858.501,21
858.567,20
858.633,20
858.699,23
858.765,17
858.831,16
858.897,15
858.963,16
859.029,16
859.096,17
859.162,17
859.228,12
859.294,14
859.36,12
859.426,10
859.492,14
859.558,13
859.624,12
859.691,15
859.757,14
859.823,14
859.889,15
859.955,11
860.021,10
860.087,12
860.153,10
860.22,8
860.286,11
860.352,8
860.418,10
860.484,15
860.55,11
860.616,12
860.683,11
860.749,13
860.815,12
860.881,11
860.947,12
861.013,14
861.08,16
861.146,17
861.212,18
861.278,16
861.344,14
861.411,14
861.477,11
861.543,8
861.609,11
861.675,10
861.742,10
861.808,12
861.874,9
861.94,10
862.006,11
862.073,10
862.139,10
862.205,11
862.271,12
862.337,9
862.404,8
862.47,6
862.536,12
862.602,18
862.669,19
862.735,17
862.801,8
862.867,3
862.934,8
863,10
863.066,12
863.132,16
863.199,12
863.265,11
863.331,10
863.397,9
863.464,12
863.53,14
863.596,14
863.662,16
863.729,13
863.795,12
863.861,14
863.928,8
863.994,6
864.06,8
864.126,8
864.193,11
864.259,11
864.325,9
864.392,10
864.458,7
864.524,9
864.591,10
864.657,9
864.723,14
864.789,17
864.856,16
864.922,14
864.988,13
865.055,11
865.121,11
865.187,13
865.254,12
865.32,11
865.386,15
865.453,14
865.519,16
865.585,15
865.652,14
865.718,14
865.785,10
865.851,9
865.917,7
865.984,6
866.05,6
866.116,9
866.183,10
866.249,11
866.315,14
866.382,13
866.448,11
866.515,13
866.581,13
866.647,12
866.714,12
866.78,10
866.847,10
866.913,13
866.979,14
867.046,12
867.112,10
867.179,6
867.245,4
867.311,5
867.378,6
867.444,9
867.511,11
867.577,12
867.644,13
867.71,13
867.776,13
867.843,16
867.909,16
867.976,12
868.042,11
868.109,9
868.175,9
868.242,10
868.308,11
868.374,12
868.441,12
868.507,12
868.574,13
868.64,10
868.707,15
868.773,16
868.84,13
868.906,14
868.973,14
869.039,14
869.106,16
869.172,16
869.239,14
869.305,15
869.372,15
869.438,15
869.505,20
869.571,19
869.638,17
869.704,17
869.771,13
869.837,12
869.904,12
869.97,11
870.037,7
870.103,8
870.17,9
870.236,8
870.303,12
870.369,14
870.436,12
870.502,16
870.569,16
870.635,14
870.702,15
870.769,12
870.835,13
870.902,12
870.968,15
871.035,16
871.101,16
871.168,14
871.234,10
871.301,7
871.368,4
871.434,7
871.501,7
871.567,8
871.634,11
871.701,10
871.767,10
871.834,10
871.9,8
871.967,9
872.033,12
872.1,13
872.167,17
872.233,16
872.3,15
872.367,14
872.433,11
872.5,11
872.566,10
872.633,10
872.7,10
872.766,11
872.833,10
872.9,11
872.966,12
873.033,11
873.099,11
873.166,12
873.233,11
873.299,12
873.366,10
873.433,9
873.499,9
873.566,7
873.633,13
873.699,14
873.766,18
873.833,16
873.899,14
873.966,12
874.033,8
874.099,9
874.166,10
874.233,9
874.299,12
874.366,18
874.433,14
874.499,18
874.566,15
874.633,14
874.7,15
874.766,12
874.833,12
874.9,13
874.966,12
875.033,14
875.1,16
875.167,11
875.233,13
875.3,11
875.367,7
875.433,8
875.5,10
875.567,12
875.634,13
875.7,13
875.767,11
875.834,9
875.901,8
875.967,8
876.034,7
876.101,6
876.168,10
876.234,8
876.301,8
876.368,8
876.435,4
876.501,5
876.568,6
876.635,7
876.702,11
876.769,14
876.835,11
876.902,10
876.969,11
877.036,11
877.102,12
877.169,12
877.236,12
877.303,9
877.37,10
877.437,9
877.503,12
877.57,12
877.637,16
877.704,18
877.771,18
877.837,17
877.904,19
877.971,20
878.038,18
878.105,17
878.172,10
878.238,6
878.305,9
878.372,13
878.439,11
878.506,13
878.573,12
878.639,9
878.706,8
878.773,5
878.84,7
878.907,7
878.974,10
879.041,13
879.108,10
879.174,10
879.241,12
879.308,11
879.375,12
879.442,11
879.509,9
879.576,7
879.643,13
879.709,13
879.776,11
879.843,14
879.91,10
879.977,14
880.044,18
880.111,17
880.178,22
880.245,19
880.312,16
880.379,17
880.445,15
880.512,17
880.579,17
880.646,19
880.713,17
880.78,17
880.847,20
880.914,17
880.981,14
881.048,14
881.115,11
881.182,14
881.249,19
881.316,18
881.383,20
881.45,19
881.517,15
881.584,15
881.651,16
881.718,17
881.784,13
881.851,13
881.918,13
881.985,14
882.052,14
882.119,12
882.186,10
882.253,6
882.32,9
882.387,11
882.454,10
882.521,13
882.588,14
882.655,14
882.722,16
882.789,13
882.856,13
882.923,16
882.99,16
883.057,17
883.125,13
883.192,8
883.259,9
883.326,9
883.393,9
883.46,10
883.527,7
883.594,8
883.661,9
883.728,10
883.795,10
883.862,11
883.929,10
883.996,10
884.063,11
884.13,11
884.197,12
884.264,12
884.331,15
884.399,12
884.466,13
884.533,14
884.6,14
884.667,14
884.734,14
884.801,13
884.868,13
884.935,13
885.002,12
885.069,11
885.136,8
885.204,11
885.271,12
885.338,14
885.405,15
885.472,16
885.539,16
885.606,16
885.673,18
885.741,14
885.808,17
885.875,16
885.942,17
886.009,20
886.076,16
886.143,18
886.211,15
886.278,13
886.345,16
886.412,14
886.479,14
886.546,17
886.613,13
886.681,14
886.748,15
886.815,12
886.882,14
886.949,13
887.016,12
887.084,13
887.151,12
887.218,14
887.285,12
887.352,12
887.42,17
887.487,15
887.554,19
887.621,21
887.688,19
887.756,17
887.823,14
887.89,15
887.957,15
888.024,16
888.092,18
888.159,13
888.226,13
888.293,15
888.36,16
888.428,16
888.495,16
888.562,17
888.629,14
888.697,17
888.764,18
888.831,16
888.898,13
888.966,11
889.033,10
889.1,11
889.167,11
889.235,13
889.302,13
889.369,12
889.436,19
889.504,18
889.571,17
889.638,16
889.706,10
889.773,10
889.84,11
889.907,9
889.975,11
890.042,8
890.109,7
890.177,12
890.244,12
890.311,13
890.378,17
890.446,13
890.513,12
890.58,13
890.648,10
890.715,7
890.782,5
890.85,3
890.917,5
890.984,9
891.052,10
891.119,9
891.186,9
891.254,9
891.321,9
891.388,10
891.456,11
891.523,11
891.59,12
891.658,12
891.725,10
891.792,6
891.86,6
891.927,7
891.995,10
892.062,13
892.129,16
892.197,16
892.264,17
892.331,18
892.399,17
892.466,17
892.534,14
892.601,15
892.668,12
892.736,12
892.803,18
892.871,17
892.938,18
893.005,18
893.073,14
893.14,10
893.208,7
893.275,8
893.342,5
893.41,7
893.477,11
893.545,11
893.612,12
893.68,14
893.747,13
893.814,11
893.882,13
893.949,13
894.017,14
894.084,16
894.152,17
894.219,18
894.287,16
894.354,14
894.421,9
894.489,9
894.556,9
894.624,12
894.691,13
894.759,11
894.826,14
894.894,11
894.961,9
895.029,10
895.096,9
895.164,9
895.231,10
895.299,10
895.366,7
895.434,9
895.501,8
895.569,8
895.636,12
895.704,12
895.771,17
895.839,15
895.906,15
895.974,13
896.041,12
896.109,12
896.176,10
896.244,10
896.311,9
896.379,12
896.446,11
896.514,10
896.582,13
896.649,13
896.717,13
896.784,14
896.852,15
896.919,14
896.987,14
897.054,16
897.122,15
897.19,16
897.257,16
897.325,18
897.392,19
897.46,16
897.527,15
897.595,10
897.663,8
897.73,8
897.798,10
897.865,11
897.933,7
898.001,11
898.068,12
898.136,11
898.203,14
898.271,13
898.339,10
898.406,11
898.474,14
898.541,11
898.609,16
898.677,15
898.744,15
898.812,15
898.879,14
898.947,14
899.015,13
899.082,15
899.15,14
899.218,16
899.285,14
899.353,12
899.421,9
899.488,10
899.556,12
899.624,14
899.691,16
899.759,17
899.827,18
899.894,16
899.962,19
900.03,17
900.097,13
900.165,12
900.233,10
900.3,9
900.368,10
900.436,11
900.503,11
900.571,9
900.639,8
900.706,11
900.774,7
900.842,9
900.91,12
900.977,14
901.045,17
901.113,18
901.18,15
901.248,10
901.316,7
901.384,8
901.451,11
901.519,11
901.587,12
901.655,9
901.722,9
901.79,10
901.858,12
901.925,12
901.993,12
902.061,12
902.129,12
902.196,12
902.264,12
902.332,11
902.4,10
902.468,12
902.535,9
902.603,13
902.671,15
902.739,18
902.806,20
902.874,19
902.942,17
903.01,13
903.078,13
903.145,9
903.213,12
903.281,12
903.349,9
903.417,10
903.484,8
903.552,12
903.62,15
903.688,18
903.756,18
903.823,18
903.891,16
903.959,18
904.027,19
904.095,18
904.163,17
904.23,22
904.298,25
904.366,22
904.434,22
904.502,16
904.57,13
904.637,14
904.705,15
904.773,13
904.841,12
904.909,12
904.977,9
905.045,12
905.112,11
905.18,12
905.248,14
905.316,14
905.384,17
905.452,17
905.52,16
905.588,15
905.655,14
905.723,15
905.791,14
905.859,16
905.927,18
905.995,17
906.063,17
906.131,11
906.199,10
906.267,9
906.334,6
906.402,9
906.47,10
906.538,14
906.606,18
906.674,19
906.742,16
906.81,13
906.878,14
906.946,14
907.014,15
907.082,13
907.15,11
907.218,11
907.285,11
907.353,10
907.421,14
907.489,10
907.557,8
907.625,10
907.693,7
907.761,7
907.829,8
907.897,8
907.965,7
908.033,12
908.101,13
908.169,13
908.237,15
908.305,11
908.373,12
908.441,11
908.509,14
908.577,15
908.645,14
908.713,17
908.781,13
908.849,11
908.917,12
908.985,9
909.053,8
909.121,10
909.189,8
909.257,8
909.325,7
909.393,10
909.461,10
909.529,10
909.597,14
909.665,10
909.733,12
909.801,13
909.869,11
909.938,14
910.006,14
910.074,15
910.142,16
910.21,12
910.278,12
910.346,11
910.414,7
910.482,8
910.55,7
910.618,8
910.686,9
910.754,9
910.822,8
910.89,9
910.959,11
911.027,15
911.095,16
911.163,14
911.231,12
911.299,12
911.367,12
911.435,14
911.503,12
911.571,7
911.64,6
911.708,7
911.776,9
911.844,9
911.912,13
911.98,14
912.048,13
912.116,16
912.185,13
912.253,8
912.321,9
912.389,13
912.457,16
912.525,23
912.593,25
912.662,26
912.73,30
912.798,26
912.866,25
912.934,22
913.002,21
913.071,21
913.139,23
913.207,21
913.275,22
913.343,18
913.411,16
913.48,17
913.548,14
913.616,12
913.684,10
913.752,12
913.821,14
913.889,18
913.957,20
914.025,20
914.093,20
914.162,18
914.23,13
914.298,8
914.366,8
914.435,6
914.503,7
914.571,11
914.639,12
914.707,13
914.776,17
914.844,15
914.912,13
914.98,15
915.049,13
915.117,14
915.185,15
915.253,12
915.322,15
915.39,17
915.458,18
915.526,22
915.595,19
915.663,18
915.731,17
915.799,15
915.868,13
915.936,10
916.004,11
916.073,12
916.141,13
916.209,13
916.277,12
916.346,9
916.414,5
916.482,10
916.551,11
916.619,11
916.687,14
916.756,13
916.824,14
916.892,18
916.96,18
917.029,17
917.097,14
917.165,16
917.234,17
917.302,16
917.37,19
917.439,16
917.507,11
917.575,13
917.644,12
917.712,16
917.78,17
917.849,19
917.917,19
917.985,16
918.054,14
918.122,11
918.191,10
918.259,11
918.327,9
918.396,12
918.464,15
918.532,17
918.601,20
918.669,20
918.738,20
918.806,17
918.874,21
918.943,17
919.011,13
919.08,11
919.148,8
919.216,8
919.285,8
919.353,8
919.422,7
919.49,10
919.558,12
919.627,16
919.695,17
919.764,16
919.832,18
919.9,17
919.969,19
920.037,19
920.106,20
920.174,19
920.243,17
920.311,14
920.38,12
920.448,11
920.516,10
920.585,12
920.653,8
920.722,7
920.79,5
920.859,7
920.927,9
920.996,10
921.064,12
921.133,10
921.201,10
921.27,11
921.338,15
921.406,14
921.475,13
921.543,12
921.612,8
921.68,10
921.749,12
921.817,15
921.886,16
921.954,14
922.023,12
922.091,8
922.16,9
922.228,8
922.297,10
922.366,12
922.434,9
922.503,12
922.571,13
922.64,14
922.708,15
922.777,16
922.845,15
922.914,13
922.982,14
923.051,16
923.119,18
923.188,17
923.257,14
923.325,9
923.394,5
923.462,6
923.531,10
923.599,11
923.668,11
923.736,14
923.805,13
923.874,15
923.942,17
924.011,15
924.079,14
924.148,13
924.217,12
924.285,10
924.354,11
924.422,10
924.491,10
924.559,13
924.628,12
924.697,11
924.765,15
924.834,13
924.903,16
924.971,18
925.04,14
925.108,15
925.177,14
925.246,14
925.314,15
925.383,15
925.452,19
925.52,21
925.589,20
925.657,18
925.726,14
925.795,10
925.863,11
925.932,13
926.001,11
926.069,9
926.138,7
926.207,5
926.275,4
926.344,5
926.413,9
926.481,12
926.55,15
926.619,19
926.687,15
926.756,14
926.825,11
926.893,13
926.962,16
927.031,14
927.1,14
927.168,14
927.237,12
927.306,18
927.374,19
927.443,15
927.512,15
927.581,9
927.649,10
927.718,10
927.787,9
927.855,15
927.924,15
927.993,13
928.062,12
928.13,8
928.199,6
928.268,10
928.337,12
928.405,10
928.474,12
928.543,9
928.612,11
928.68,12
928.749,9
928.818,10
928.887,13
928.955,13
929.024,15
929.093,13
929.162,10
929.23,11
929.299,12
929.368,18
929.437,16
929.506,16
929.574,15
929.643,12
929.712,11
929.781,10
929.85,14
929.918,18
929.987,22
930.056,23
930.125,16
930.194,13
930.262,16
930.331,15
930.4,19
930.469,18
930.538,18
930.607,22
930.675,18
930.744,16
930.813,11
930.882,8
930.951,8
931.02,12
931.088,11
931.157,10
931.226,11
931.295,10
931.364,12
931.433,15
931.502,17
931.57,15
931.639,17
931.708,15
931.777,13
931.846,13
931.915,15
931.984,15
932.053,18
932.121,19
932.19,14
932.259,14
932.328,16
932.397,16
932.466,15
932.535,17
932.604,17
932.673,14
932.742,15
932.81,13
932.879,16
932.948,18
933.017,18
933.086,17
933.155,16
933.224,12
933.293,10
933.362,8
933.431,7
933.5,11
933.569,11
933.638,10
933.707,8
933.775,11
933.844,11
933.913,15
933.982,15
934.051,10
934.12,12
934.189,11
934.258,14
934.327,14
934.396,13
934.465,12
934.534,12
934.603,13
934.672,17
934.741,16
934.81,13
934.879,12
934.948,8
935.017,9
935.086,9
935.155,14
935.224,13
935.293,12
935.362,16
935.431,15
935.5,18
935.569,21
935.638,22
935.707,21
935.776,20
935.845,17
935.914,15
935.983,11
936.052,12
936.121,15
936.19,14
936.259,14
936.328,11
936.397,8
936.466,6
936.535,7
936.605,5
936.674,10
936.743,10
936.812,12
936.881,15
936.95,11
937.019,17
937.088,16
937.157,17
937.226,15
937.295,10
937.364,11
937.433,9
937.502,10
937.572,10
937.641,10
937.71,9
937.779,9
937.848,8
937.917,8
937.986,9
938.055,10
938.124,13
938.193,13
938.263,14
938.332,14
938.401,17
938.47,21
938.539,20
938.608,21
938.677,18
938.746,17
938.816,18
938.885,17
938.954,20
939.023,13
939.092,13
939.161,12
939.23,9
939.3,11
939.369,8
939.438,8
939.507,10
939.576,13
939.645,15
939.715,17
939.784,16
939.853,15
939.922,18
939.991,20
940.06,19
940.13,18
940.199,16
940.268,16
940.337,12
940.406,10
940.476,8
940.545,6
940.614,7
940.683,7
940.752,7
940.822,7
940.891,7
940.96,11
941.029,14
941.099,13
941.168,15
941.237,15
941.306,13
941.375,15
941.445,17
941.514,15
941.583,16
941.652,14
941.722,12
941.791,11
941.86,13
941.929,14
941.999,12
942.068,12
942.137,10
942.206,7
942.276,9
942.345,11
942.414,10
942.484,11
942.553,11
942.622,12
942.691,11
942.761,13
942.83,12
942.899,11
942.968,13
943.038,12
943.107,15
943.176,11
943.246,11
943.315,10
943.384,6
943.454,8
943.523,7
943.592,10
943.662,11
943.731,13
943.8,14
943.87,12
943.939,11
944.008,12
944.077,11
944.147,11
944.216,14
944.286,13
944.355,13
944.424,17
944.494,16
944.563,16
944.632,16
944.702,12
944.771,13
944.84,10
944.91,11
944.979,13
945.048,10
945.118,12
945.187,15
945.257,12
945.326,8
945.395,8
945.465,5
945.534,8
945.603,10
945.673,12
945.742,12
945.812,11
945.881,13
945.95,13
946.02,16
946.089,17
946.159,17
946.228,19
946.297,19
946.367,18
946.436,18
946.506,15
946.575,15
946.645,17
946.714,16
946.783,19
946.853,21
946.922,22
946.992,20
947.061,18
947.131,14
947.2,13
947.27,14
947.339,13
947.408,13
947.478,14
947.547,12
947.617,13
947.686,14
947.756,12
947.825,15
947.895,14
947.964,13
948.034,14
948.103,12
948.173,14
948.242,13
948.312,12
948.381,9
948.451,8
948.52,7
948.59,8
948.659,8
948.729,10
948.798,14
948.868,17
948.937,17
949.007,17
949.076,20
949.146,18
949.215,19
949.285,16
949.354,17
949.424,16
949.493,13
949.563,16
949.632,11
949.702,12
949.772,13
949.841,13
949.911,15
949.98,15
950.05,17
950.119,15
950.189,12
950.258,11
950.328,9
950.398,10
950.467,15
950.537,14
950.606,13
950.676,13
950.745,7
950.815,10
950.885,11
950.954,9
951.024,11
951.093,9
951.163,10
951.233,12
951.302,11
951.372,10
951.441,10
951.511,11
951.581,14
951.65,16
951.72,16
951.789,16
951.859,14
951.929,13
951.998,13
952.068,13
952.138,13
952.207,15
952.277,13
952.346,10
952.416,12
952.486,13
952.555,14
952.625,19
952.695,16
952.764,15
952.834,14
952.904,11
952.973,14
953.043,11
953.113,10
953.182,9
953.252,10
953.322,13
953.391,18
953.461,20
953.531,20
953.6,16
953.67,12
953.74,9
953.809,7
953.879,10
953.949,10
954.019,12
954.088,11
954.158,8
954.228,10
954.297,9
954.367,9
954.437,11
954.507,10
954.576,11
954.646,12
954.716,14
954.785,19
954.855,18
954.925,21
954.995,22
955.064,16
955.134,16
955.204,10
955.274,7
955.343,4
955.413,4
955.483,5
955.553,5
955.622,7
955.692,9
955.762,10
955.832,9
955.901,13
955.971,14
956.041,16
956.111,18
956.181,20
956.25,19
956.32,19
956.39,18
956.46,13
956.53,10
956.599,7
956.669,5
956.739,5
956.809,9
956.879,10
956.948,13
957.018,14
957.088,12
957.158,15
957.228,12
957.297,14
957.367,18
957.437,14
957.507,16
957.577,19
957.647,16
957.716,18
957.786,18
957.856,11
957.926,9
957.996,11
958.066,10
958.136,11
958.205,9
958.275,6
958.345,7
958.415,6
958.485,11
958.555,12
958.625,11
958.694,14
958.764,16
958.834,17
958.904,20
958.974,18
959.044,16
959.114,15
959.184,16
959.254,19
959.323,15
959.393,16
959.463,12
959.533,8
959.603,8
959.673,6
959.743,8
959.813,10
959.883,12
959.953,15
960.023,14
960.092,16
960.162,19
960.232,18
960.302,19
960.372,16
960.442,16
960.512,16
960.582,17
960.652,13
960.722,10
960.792,10
960.862,8
960.932,16
961.002,19
961.072,21
961.142,23
961.212,20
961.282,18
961.352,14
961.422,14
961.492,13
961.562,16
961.632,16
961.701,17
961.771,19
961.841,16
961.911,19
961.981,18
962.051,14
962.121,15
962.191,14
962.261,13
962.331,13
962.401,10
962.471,11
962.542,10
962.612,9
962.682,10
962.752,7
962.822,8
962.892,8
962.962,11
963.032,10
963.102,10
963.172,11
963.242,8
963.312,10
963.382,11
963.452,11
963.522,12
963.592,12
963.662,9
963.732,12
963.802,12
963.872,14
963.942,16
964.012,15
964.083,15
964.153,12
964.223,12
964.293,6
964.363,6
964.433,9
964.503,9
964.573,14
964.643,13
964.713,13
964.783,19
964.854,17
964.924,17
964.994,17
965.064,12
965.134,16
965.204,17
965.274,18
965.344,17
965.414,17
965.485,15
965.555,12
965.625,10
965.695,7
965.765,12
965.835,9
965.905,12
965.975,15
966.046,11
966.116,12
966.186,14
966.256,15
966.326,16
966.396,20
966.467,20
966.537,18
966.607,17
966.677,16
966.747,10
966.817,11
966.888,9
966.958,7
967.028,10
967.098,11
967.168,14
967.238,13
967.309,11
967.379,12
967.449,11
967.519,13
967.589,16
967.66,15
967.73,14
967.8,13
967.87,11
967.941,12
968.011,12
968.081,14
968.151,16
968.221,12
968.292,11
968.362,10
968.432,7
968.502,8
968.573,9
968.643,8
968.713,8
968.783,8
968.854,12
968.924,14
968.994,16
969.064,15
969.135,14
969.205,13
969.275,10
969.345,8
969.416,9
969.486,9
969.556,14
969.626,23
969.697,17
969.767,15
969.837,12
969.908,10
969.978,12
970.048,13
970.118,16
970.189,14
970.259,13
970.329,13
970.4,10
970.47,12
970.54,16
970.611,17
970.681,18
970.751,15
970.822,12
970.892,15
970.962,15
971.033,15
971.103,16
971.173,13
971.244,13
971.314,15
971.384,19
971.455,18
971.525,19
971.595,27
971.666,26
971.736,23
971.806,21
971.877,18
971.947,15
972.017,14
972.088,15
972.158,15
972.229,14
972.299,17
972.369,19
972.44,16
972.51,15
972.58,13
972.651,11
972.721,8
972.792,8
972.862,8
972.932,7
973.003,12
973.073,15
973.144,15
973.214,17
973.284,15
973.355,15
973.425,14
973.496,13
973.566,12
973.637,11
973.707,12
973.777,14
973.848,19
973.918,16
973.989,15
974.059,15
974.13,12
974.2,12
974.27,13
974.341,10
974.411,8
974.482,10
974.552,11
974.623,10
974.693,10
974.764,14
974.834,15
974.905,15
974.975,19
975.046,16
975.116,13
975.187,13
975.257,11
975.328,10
975.398,10
975.468,11
975.539,11
975.609,12
975.68,14
975.75,13
975.821,11
975.892,14
975.962,11
976.033,12
976.103,14
976.174,13
976.244,15
976.315,16
976.385,18
976.456,18
976.526,16
976.597,16
976.667,13
976.738,11
976.808,14
976.879,14
976.949,16
977.02,15
977.091,13
977.161,11
977.232,11
977.302,12
977.373,11
977.443,13
977.514,9
977.584,12
977.655,17
977.726,14
977.796,15
977.867,14
977.937,10
978.008,16
978.079,20
978.149,16
978.22,14
978.29,8
978.361,4
978.431,5
978.502,9
978.573,10
978.643,11
978.714,10
978.785,8
978.855,7
978.926,5
978.996,6
979.067,8
979.138,10
979.208,14
979.279,17
979.35,14
979.42,14
979.491,10
979.561,6
979.632,8
979.703,9
979.773,10
979.844,12
979.915,13
979.985,10
980.056,9
980.127,7
980.197,5
980.268,8
980.339,9
980.409,9
980.48,10
980.551,10
980.621,11
980.692,14
980.763,12
980.833,11
980.904,13
980.975,12
981.046,16
981.116,18
981.187,15
981.258,15
981.328,15
981.399,16
981.47,20
981.54,19
981.611,15
981.682,13
981.753,8
981.823,9
981.894,10
981.965,9
982.036,11
982.106,15
982.177,13
982.248,13
982.318,14
982.389,8
982.46,11
982.531,12
982.601,9
982.672,13
982.743,13
982.814,13
982.885,15
982.955,13
983.026,14
983.097,12
983.168,11
983.238,12
983.309,12
983.38,12
983.451,15
983.521,15
983.592,12
983.663,11
983.734,11
983.805,9
983.875,8
983.946,12
984.017,17
984.088,18
984.159,20
984.229,16
984.3,11
984.371,9
984.442,7
984.513,12
984.584,13
984.654,13
984.725,13
984.796,8
984.867,10
984.938,10
985.009,11
985.079,12
985.15,11
985.221,10
985.292,9
985.363,9
985.434,8
985.505,12
985.575,14
985.646,17
985.717,16
985.788,14
985.859,13
985.93,11
986.001,15
986.072,12
986.142,12
986.213,10
986.284,8
986.355,14
986.426,14
986.497,20
986.568,18
986.639,13
986.71,12
986.78,8
986.851,6
986.922,13
986.993,15
987.064,15
987.135,19
987.206,12
987.277,15
987.348,15
987.419,12
987.49,15
987.561,14
987.632,12
987.702,10
987.773,8
987.844,7
987.915,7
987.986,6
988.057,6
988.128,5
988.199,10
988.27,11
988.341,16
988.412,16
988.483,13
988.554,11
988.625,9
988.696,10
988.767,18
988.838,19
988.909,16
988.98,17
989.051,9
989.122,10
989.193,10
989.264,8
989.335,8
989.406,8
989.477,12
989.548,12
989.619,12
989.69,13
989.761,18
989.832,22
989.903,23
989.974,27
990.045,24
990.116,20
990.187,18
990.258,15
990.329,9
990.4,12
990.471,13
990.542,10
990.613,14
990.684,12
990.755,10
990.826,9
990.897,5
990.968,3
991.039,4
991.111,6
991.182,10
991.253,11
991.324,15
991.395,16
991.466,13
991.537,12
991.608,12
991.679,8
991.75,10
991.821,13
991.892,9
991.964,11
992.035,8
992.106,8
992.177,7
992.248,12
992.319,16
992.39,15
992.461,16
992.532,14
992.603,15
992.675,14
992.746,14
992.817,13
992.888,13
992.959,13
993.03,18
993.101,17
993.173,12
993.244,12
993.315,8
993.386,8
993.457,9
993.528,10
993.599,8
993.671,9
993.742,12
993.813,11
993.884,13
993.955,10
994.026,10
994.098,10
994.169,9
994.24,8
994.311,9
994.382,10
994.453,12
994.525,15
994.596,10
994.667,10
994.738,9
994.809,10
994.881,12
994.952,10
995.023,10
995.094,7
995.165,7
995.237,8
995.308,6
995.379,8
995.45,14
995.522,13
995.593,16
995.664,17
995.735,12
995.806,14
995.878,13
995.949,11
996.02,8
996.091,8
996.163,7
996.234,5
996.305,5
996.376,7
996.448,7
996.519,8
996.59,11
996.661,8
996.733,8
996.804,8
996.875,9
996.947,10
997.018,13
997.089,14
997.16,13
997.232,13
997.303,14
997.374,16
997.446,13
997.517,15
997.588,13
997.659,14
997.731,16
997.802,16
997.873,16
997.945,15
998.016,13
998.087,9
998.159,7
998.23,4
998.301,10
998.373,11
998.444,14
998.515,15
998.587,13
998.658,14
998.729,15
998.801,15
998.872,15
998.943,15
999.015,12
999.086,13
999.157,11
999.229,11
999.3,11
999.371,11
999.443,8
999.514,5
999.585,7
999.657,6
999.728,11
999.8,12
999.871,12
999.942,14
1000.014,10
1000.085,13
1000.157,9
1000.228,10
1000.299,12
1000.371,12
1000.442,14
1000.514,13
1000.585,10
1000.656,10
1000.728,10
1000.799,9
1000.871,13
1000.942,11
1001.013,13
1001.085,13
1001.156,14
1001.228,14
1001.299,15
1001.371,14
1001.442,13
1001.513,15
1001.585,11
1001.656,10
1001.728,10
1001.799,11
1001.871,13
1001.942,16
1002.014,15
1002.085,14
1002.157,12
1002.228,14
1002.299,14
1002.371,13
1002.442,14
1002.514,10
1002.585,13
1002.657,11
1002.728,12
1002.8,14
1002.871,13
1002.943,15
1003.014,14
1003.086,13
1003.157,12
1003.229,11
1003.3,9
1003.372,10
1003.443,10
1003.515,16
1003.586,20
1003.658,18
1003.729,14
1003.801,9
1003.872,9
1003.944,7
1004.016,9
1004.087,9
1004.159,9
1004.23,12
1004.302,15
1004.373,14
1004.445,11
1004.516,10
1004.588,10
1004.659,13
1004.731,13
1004.803,16
1004.874,14
1004.946,12
1005.017,14
1005.089,12
1005.16,11
1005.232,13
1005.304,17
1005.375,20
1005.447,22
1005.518,18
1005.59,15
1005.661,12
1005.733,12
1005.805,12
1005.876,10
1005.948,10
1006.019,9
1006.091,11
1006.163,14
1006.234,16
1006.306,16
1006.377,15
1006.449,11
1006.521,11
1006.592,8
1006.664,10
1006.736,11
1006.807,7
1006.879,11
1006.95,9
1007.022,9
1007.094,11
1007.165,11
1007.237,16
1007.309,18
1007.38,16
1007.452,17
1007.524,12
1007.595,8
1007.667,11
1007.739,9
1007.81,12
1007.882,16
1007.954,15
1008.025,12
1008.097,9
1008.169,10
1008.24,11
1008.312,13
1008.384,13
1008.455,10
1008.527,7
1008.599,8
1008.671,8
1008.742,7
1008.814,10
1008.886,15
1008.957,18
1009.029,21
1009.101,24
1009.173,20
1009.244,17
1009.316,15
1009.388,10
1009.459,10
1009.531,9
1009.603,12
1009.675,13
1009.746,13
1009.818,16
1009.89,17
1009.962,16
1010.033,15
1010.105,14
1010.177,12
1010.249,14
1010.32,14
1010.392,14
1010.464,14
1010.536,18
1010.607,21
1010.679,24
1010.751,23
1010.823,17
1010.895,13
1010.966,14
1011.038,16
1011.11,17
1011.182,17
1011.253,12
1011.325,11
1011.397,9
1011.469,12
1011.541,12
1011.612,14
1011.684,13
1011.756,14
1011.828,17
1011.9,13
1011.971,14
1012.043,14
1012.115,11
1012.187,13
1012.259,10
1012.331,9
1012.402,8
1012.474,7
1012.546,9
1012.618,6
1012.69,11
1012.762,9
1012.834,8
1012.905,9
1012.977,5
1013.049,5
1013.121,6
1013.193,6
1013.265,8
1013.337,12
1013.408,14
1013.48,14
1013.552,14
1013.624,13
1013.696,11
1013.768,9
1013.84,8
1013.912,11
1013.983,17
1014.055,16
1014.127,20
1014.199,16
1014.271,12
1014.343,13
1014.415,10
1014.487,12
1014.559,12
1014.631,14
1014.702,16
1014.774,15
1014.846,12
1014.918,14
1014.99,10
1015.062,11
1015.134,15
1015.206,10
1015.278,13
1015.35,11
1015.422,7
1015.494,9
1015.566,9
1015.638,9
1015.71,14
1015.782,12
1015.853,13
1015.925,15
1015.997,14
1016.069,14
1016.141,12
1016.213,9
1016.285,8
1016.357,9
1016.429,9
1016.501,13
1016.573,11
1016.645,13
1016.717,12
1016.789,11
1016.861,13
1016.933,10
1017.005,13
1017.077,11
1017.149,11
1017.221,11
1017.293,10
1017.365,11
1017.437,10
1017.509,13
1017.581,12
1017.653,11
1017.725,14
1017.797,14
1017.869,14
1017.941,17
1018.013,14
1018.085,12
1018.157,14
1018.23,13
1018.302,15
1018.374,13
1018.446,9
1018.518,8
1018.59,6
1018.662,7
1018.734,11
1018.806,13
1018.878,13
1018.95,14
1019.022,13
1019.094,12
1019.166,14
1019.238,15
1019.31,15
1019.383,13
1019.455,12
1019.527,10
1019.599,9
1019.671,11
1019.743,9
1019.815,12
1019.887,11
1019.959,10
1020.031,10
1020.104,10
1020.176,11
1020.248,11
1020.32,12
1020.392,8
1020.464,7
1020.536,6
1020.608,6
1020.681,9
1020.753,11
1020.825,14
1020.897,18
1020.969,18
1021.041,17
1021.113,14
1021.186,10
1021.258,10
1021.33,13
1021.402,13
1021.474,13
1021.546,12
1021.618,14
1021.691,14
1021.763,13
1021.835,13
1021.907,11
1021.979,13
1022.052,14
1022.124,15
1022.196,12
1022.268,10
1022.34,13
1022.412,13
1022.485,14
1022.557,16
1022.629,14
1022.701,13
1022.773,14
1022.846,12
1022.918,9
1022.99,9
1023.062,7
1023.135,14
1023.207,15
1023.279,15
1023.351,17
1023.423,11
1023.496,13
1023.568,13
1023.64,10
1023.712,13
1023.785,16
1023.857,16
1023.929,20
1024.001,18
1024.074,18
1024.146,19
1024.218,19
1024.29,21
1024.363,19
1024.435,20
1024.507,16
1024.579,16
1024.652,14
1024.724,10
1024.796,10
1024.869,6
1024.941,6
1025.013,10
1025.085,9
1025.158,11
1025.23,13
1025.302,11
1025.375,12
1025.447,9
1025.519,8
1025.591,11
1025.664,12
1025.736,14
1025.808,13
1025.881,10
1025.953,13
1026.025,12
1026.098,10
1026.17,8
1026.242,5
1026.315,6
1026.387,10
1026.459,12
1026.532,13
1026.604,12
1026.676,11
1026.749,13
1026.821,13
1026.893,14
1026.966,11
1027.038,11
1027.111,10
1027.183,11
1027.255,14
1027.328,13
1027.4,14
1027.472,14
1027.545,13
1027.617,13
1027.69,12
1027.762,12
1027.834,11
1027.907,10
1027.979,10
1028.051,8
1028.124,11
1028.196,12
1028.269,11
1028.341,12
1028.413,9
1028.486,8
1028.558,8
1028.631,9
1028.703,11
1028.776,11
1028.848,12
1028.92,16
1028.993,14
1029.065,12
1029.138,13
1029.21,8
1029.283,9
1029.355,11
1029.427,11
1029.5,12
1029.572,16
1029.645,16
1029.717,16
1029.79,18
1029.862,16
1029.935,16
1030.007,16
1030.08,12
1030.152,13
1030.224,12
1030.297,12
1030.369,12
1030.442,7
1030.514,9
1030.587,10
1030.659,9
1030.732,13
1030.804,11
1030.877,11
1030.949,11
1031.022,11
1031.094,14
1031.167,12
1031.239,16
1031.312,16
1031.384,17
1031.457,18
1031.529,15
1031.602,14
1031.674,11
1031.747,9
1031.82,10
1031.892,8
1031.965,9
1032.037,12
1032.11,11
1032.182,11
1032.255,9
1032.327,7
1032.4,10
1032.472,12
1032.545,12
1032.618,12
1032.69,9
1032.763,11
1032.835,11
1032.908,11
1032.98,13
1033.053,17
1033.125,22
1033.198,23
1033.271,23
1033.343,21
1033.416,19
1033.488,17
1033.561,14
1033.634,13
1033.706,10
1033.779,11
1033.851,11
1033.924,7
1033.997,6
1034.069,5
1034.142,8
1034.214,9
1034.287,11
1034.36,11
1034.432,11
1034.505,15
1034.578,13
1034.65,13
1034.723,11
1034.795,6
1034.868,9
1034.941,10
1035.013,9
1035.086,13
1035.159,9
1035.231,8
1035.304,7
1035.377,8
1035.449,10
1035.522,8
1035.595,12
1035.667,13
1035.74,14
1035.813,17
1035.885,14
1035.958,13
1036.031,12
1036.103,11
1036.176,12
1036.249,9
1036.321,7
1036.394,7
1036.467,8
1036.539,10
1036.612,11
1036.685,11
1036.758,9
1036.83,8
1036.903,7
1036.976,7
1037.048,9
1037.121,9
1037.194,10
1037.267,11
1037.339,9
1037.412,10
1037.485,13
1037.558,12
1037.63,16
1037.703,14
1037.776,12
1037.848,14
1037.921,10
1037.994,10
1038.067,12
1038.139,9
1038.212,15
1038.285,16
1038.358,11
1038.431,10
1038.503,4
1038.576,7
1038.649,9
1038.722,10
1038.794,10
1038.867,10
1038.94,10
1039.013,13
1039.086,14
1039.158,19
1039.231,19
1039.304,16
1039.377,13
1039.449,10
1039.522,11
1039.595,11
1039.668,12
1039.741,10
1039.814,8
1039.886,9
1039.959,9
1040.032,10
1040.105,11
1040.178,11
1040.25,12
1040.323,9
1040.396,12
1040.469,12
1040.542,14
1040.615,14
1040.687,18
1040.76,17
1040.833,16
1040.906,12
1040.979,8
1041.052,9
1041.125,10
1041.197,12
1041.27,12
1041.343,11
1041.416,8
1041.489,6
1041.562,6
1041.635,4
1041.708,5
1041.78,8
1041.853,9
1041.926,12
1041.999,11
1042.072,11
1042.145,14
1042.218,13
1042.291,14
1042.364,13
1042.437,10
1042.509,11
1042.582,14
1042.655,15
1042.728,13
1042.801,12
1042.874,10
1042.947,7
1043.02,6
1043.093,6
1043.166,6
1043.239,6
1043.312,9
1043.385,8
1043.458,5
1043.53,8
1043.603,11
1043.676,12
1043.749,12
1043.822,12
1043.895,11
1043.968,12
1044.041,13
1044.114,13
1044.187,12
1044.26,14
1044.333,16
1044.406,17
1044.479,15
1044.552,12
1044.625,9
1044.698,12
1044.771,12
1044.844,13
1044.917,15
1044.99,11
1045.063,11
1045.136,10
1045.209,8
1045.282,9
1045.355,13
1045.428,12
1045.501,13
1045.574,13
1045.647,7
1045.72,8
1045.793,6
1045.866,8
1045.939,8
1046.012,7
1046.085,7
1046.158,6
1046.231,8
1046.304,7
1046.377,10
1046.45,10
1046.523,11
1046.597,11
1046.67,12
1046.743,11
1046.816,14
1046.889,18
1046.962,17
1047.035,20
1047.108,18
1047.181,15
1047.254,14
1047.327,11
1047.4,9
1047.473,9
1047.546,8
1047.62,12
1047.693,10
1047.766,11
1047.839,11
1047.912,10
1047.985,15
1048.058,16
1048.131,15
1048.204,15
1048.277,14
1048.351,12
1048.424,13
1048.497,14
1048.57,12
1048.643,13
1048.716,15
1048.789,16
1048.862,14
1048.936,15
1049.009,13
1049.082,12
1049.155,11
1049.228,10
1049.301,10
1049.375,9
1049.448,12
1049.521,9
1049.594,9
1049.667,10
1049.74,13
1049.813,13
1049.887,15
1049.96,15
1050.033,12
1050.106,14
1050.179,12
1050.253,12
1050.326,11
1050.399,17
1050.472,18
1050.545,18
1050.618,16
1050.692,9
1050.765,8
1050.838,6
1050.911,10
1050.985,12
1051.058,11
1051.131,14
1051.204,17
1051.277,17
1051.351,17
1051.424,17
1051.497,13
1051.57,12
1051.644,14
1051.717,11
1051.79,11
1051.863,10
1051.936,9
1052.01,13
1052.083,10
1052.156,11
1052.229,11
1052.303,6
1052.376,8
1052.449,9
1052.523,8
1052.596,8
1052.669,11
1052.742,9
1052.816,8
1052.889,9
1052.962,8
1053.035,10
1053.109,13
1053.182,17
1053.255,18
1053.329,18
1053.402,20
1053.475,16
1053.548,14
1053.622,14
1053.695,14
1053.768,11
1053.842,12
1053.915,9
1053.988,5
1054.062,6
1054.135,8
1054.208,10
1054.282,10
1054.355,12
1054.428,11
1054.502,13
1054.575,13
1054.648,10
1054.722,9
1054.795,9
1054.868,9
1054.942,12
1055.015,12
1055.088,11
1055.162,13
1055.235,9
1055.308,5
1055.382,2
1055.455,1
1055.529,2
1055.602,4
1055.675,6
1055.749,7
1055.822,7
1055.895,12
1055.969,16
1056.042,15
1056.116,16
1056.189,15
1056.262,15
1056.336,19
1056.409,19
1056.483,14
1056.556,11
1056.629,9
1056.703,9
1056.776,10
1056.85,9
1056.923,8
1056.997,8
1057.07,11
1057.143,11
1057.217,9
1057.29,15
1057.364,15
1057.437,13
1057.511,17
1057.584,15
1057.657,12
1057.731,15
1057.804,12
1057.878,11
1057.951,12
1058.025,12
1058.098,15
1058.172,19
1058.245,18
1058.319,16
1058.392,12
1058.466,7
1058.539,5
1058.612,6
1058.686,6
1058.759,11
1058.833,17
1058.906,17
1058.98,18
1059.053,17
1059.127,14
1059.2,16
1059.274,16
1059.347,15
1059.421,14
1059.494,14
1059.568,16
1059.641,13
1059.715,12
1059.788,7
1059.862,5
1059.936,5
1060.009,6
1060.083,6
1060.156,9
1060.23,10
1060.303,11
1060.377,13
1060.45,10
1060.524,10
1060.597,12
1060.671,13
1060.744,14
1060.818,18
1060.892,13
1060.965,12
1061.039,11
1061.112,5
1061.186,8
1061.259,11
1061.333,9
1061.407,11
1061.48,8
1061.554,7
1061.627,9
1061.701,7
1061.775,10
1061.848,9
1061.922,10
1061.995,12
1062.069,18
1062.142,19
1062.216,21
1062.29,24
1062.363,17
1062.437,19
1062.511,17
1062.584,16
1062.658,14
1062.731,13
1062.805,11
1062.879,8
1062.952,7
1063.026,4
1063.1,6
1063.173,6
1063.247,8
1063.32,8
1063.394,5
1063.468,8
1063.541,11
1063.615,11
1063.689,14
1063.762,20
1063.836,22
1063.91,22
1063.983,27
1064.057,20
1064.131,18
1064.204,18
1064.278,13
1064.352,12
1064.425,9
1064.499,12
1064.573,9
1064.647,8
1064.72,7
1064.794,5
1064.868,6
1064.941,7
1065.015,10
1065.089,12
1065.162,12
1065.236,15
1065.31,14
1065.384,9
1065.457,10
1065.531,7
1065.605,7
1065.678,11
1065.752,10
1065.826,9
1065.9,8
1065.973,8
1066.047,8
1066.121,9
1066.195,9
1066.268,5
1066.342,6
1066.416,7
1066.49,11
1066.563,12
1066.637,12
1066.711,15
1066.785,18
1066.858,19
1066.932,20
1067.006,20
1067.08,14
1067.154,16
1067.227,15
1067.301,9
1067.375,8
1067.449,7
1067.523,7
1067.596,10
1067.67,10
1067.744,10
1067.818,9
1067.892,9
1067.965,11
1068.039,11
1068.113,12
1068.187,17
1068.261,19
1068.334,19
1068.408,24
1068.482,19
1068.556,18
1068.63,18
1068.704,14
1068.777,12
1068.851,13
1068.925,15
1068.999,16
1069.073,16
1069.147,12
1069.22,8
1069.294,5
1069.368,5
1069.442,10
1069.516,11
1069.59,12
1069.664,12
1069.737,9
1069.811,10
1069.885,13
1069.959,11
1070.033,11
1070.107,12
1070.181,10
1070.255,13
1070.329,12
1070.402,11
1070.476,9
1070.55,5
1070.624,5
1070.698,5
1070.772,6
1070.846,6
1070.92,8
1070.994,8
1071.068,9
1071.142,10
1071.215,10
1071.289,9
1071.363,9
1071.437,12
1071.511,12
1071.585,13
1071.659,14
1071.733,14
1071.807,11
1071.881,12
1071.955,11
1072.029,10
1072.103,10
1072.177,12
1072.251,11
1072.325,12
1072.399,14
1072.472,10
1072.546,12
1072.62,14
1072.694,13
1072.768,13
1072.842,14
1072.916,12
1072.99,17
1073.064,17
1073.138,15
1073.212,19
1073.286,15
1073.36,17
1073.434,18
1073.508,16
1073.582,14
1073.656,14
1073.73,12
1073.804,12
1073.878,13
1073.952,10
1074.026,10
1074.1,8
1074.174,8
1074.248,8
1074.322,7
1074.397,6
1074.471,7
1074.545,8
1074.619,7
1074.693,7
1074.767,6
1074.841,7
1074.915,10
1074.989,10
1075.063,8
1075.137,8
1075.211,9
1075.285,12
1075.359,15
1075.433,17
1075.507,14
1075.581,11
1075.655,12
1075.73,11
1075.804,16
1075.878,14
1075.952,14
1076.026,13
1076.1,9
1076.174,10
1076.248,9
1076.322,9
1076.396,11
1076.47,16
1076.545,13
1076.619,17
1076.693,16
1076.767,15
1076.841,17
1076.915,12
1076.989,10
1077.063,4
1077.138,6
1077.212,5
1077.286,9
1077.36,11
1077.434,11
1077.508,14
1077.582,12
1077.657,12
1077.731,11
1077.805,9
1077.879,10
1077.953,10
1078.027,9
1078.101,10
1078.176,10
1078.25,12
1078.324,11
1078.398,12
1078.472,10
1078.547,6
1078.621,9
1078.695,7
1078.769,6
1078.843,10
1078.917,10
1078.992,9
1079.066,10
1079.14,10
1079.214,11
1079.288,14
1079.363,13
1079.437,12
1079.511,9
1079.585,7
1079.659,10
1079.734,10
1079.808,11
1079.882,14
1079.956,13
1080.031,14
1080.105,16
1080.179,15
1080.253,17
1080.328,14
1080.402,13
1080.476,13
1080.55,11
1080.625,18
1080.699,17
1080.773,16
1080.847,16
1080.922,11
1080.996,13
1081.07,14
1081.144,13
1081.219,13
1081.293,12
1081.367,17
1081.441,20
1081.516,22
1081.59,21
1081.664,18
1081.739,17
1081.813,13
1081.887,14
1081.961,13
1082.036,11
1082.11,14
1082.184,14
1082.259,11
1082.333,16
1082.407,17
1082.482,13
1082.556,14
1082.63,13
1082.705,9
1082.779,10
1082.853,10
1082.928,7
1083.002,8
1083.076,9
1083.151,9
1083.225,8
1083.299,9
1083.374,11
1083.448,10
1083.522,11
1083.597,15
1083.671,17
1083.745,19
1083.82,19
1083.894,16
1083.969,15
1084.043,16
1084.117,15
1084.192,12
1084.266,10
1084.34,8
1084.415,8
1084.489,6
1084.564,3
1084.638,5
1084.712,5
1084.787,8
1084.861,11
1084.936,9
1085.01,8
1085.084,13
1085.159,14
1085.233,15
1085.308,17
1085.382,16
1085.456,15
1085.531,17
1085.605,19
1085.68,15
1085.754,18
1085.829,15
1085.903,14
1085.977,18
1086.052,14
1086.126,13
1086.201,11
1086.275,8
1086.35,10
1086.424,11
1086.499,11
1086.573,11
1086.647,11
1086.722,10
1086.796,13
1086.871,12
1086.945,13
1087.02,15
1087.094,17
1087.169,15
1087.243,12
1087.318,12
1087.392,10
1087.467,13
1087.541,12
1087.616,12
1087.69,11
1087.765,9
1087.839,12
1087.914,12
1087.988,10
1088.063,15
1088.137,15
1088.212,15
1088.286,17
1088.361,13
1088.435,13
1088.51,12
1088.584,14
1088.659,16
1088.733,14
1088.808,16
1088.882,14
1088.957,18
1089.032,17
1089.106,14
1089.181,15
1089.255,14
1089.33,15
1089.404,15
1089.479,12
1089.553,14
1089.628,14
1089.703,13
1089.777,13
1089.852,11
1089.926,11
1090.001,12
1090.075,12
1090.15,11
1090.225,10
1090.299,13
1090.374,15
1090.448,16
1090.523,16
1090.598,13
1090.672,14
1090.747,12
1090.821,11
1090.896,9
1090.971,4
1091.045,5
1091.12,9
1091.194,9
1091.269,12
1091.344,10
1091.418,9
1091.493,9
1091.568,7
1091.642,8
1091.717,8
1091.791,10
1091.866,14
1091.941,14
1092.015,12
1092.09,13
1092.165,10
1092.239,11
1092.314,12
1092.389,11
1092.463,13
1092.538,14
1092.613,14
1092.687,14
1092.762,11
1092.837,8
1092.911,10
1092.986,11
1093.061,11
1093.135,13
1093.21,12
1093.285,11
1093.36,13
1093.434,12
1093.509,11
1093.584,14
1093.658,13
1093.733,15
1093.808,16
1093.882,16
1093.957,16
1094.032,21
1094.107,23
1094.181,21
1094.256,22
1094.331,17
1094.405,15
1094.48,17
1094.555,17
1094.63,15
1094.704,15
1094.779,13
1094.854,14
1094.929,16
1095.003,18
1095.078,18
1095.153,17
1095.228,16
1095.302,10
1095.377,10
1095.452,8
1095.527,10
1095.602,13
1095.676,12
1095.751,14
1095.826,12
1095.901,12
1095.975,11
1096.05,10
1096.125,8
1096.2,9
1096.275,9
1096.349,11
1096.424,11
1096.499,9
1096.574,12
1096.649,10
1096.723,12
1096.798,12
1096.873,11
1096.948,11
1097.023,13
1097.097,12
1097.172,12
1097.247,11
1097.322,9
1097.397,13
1097.472,11
1097.546,12
1097.621,15
1097.696,15
1097.771,15
1097.846,15
1097.921,17
1097.996,15
1098.07,18
1098.145,19
1098.22,14
1098.295,12
1098.37,12
1098.445,13
1098.52,14
1098.594,16
1098.669,14
1098.744,14
1098.819,15
1098.894,14
1098.969,16
1099.044,15
1099.119,12
1099.194,14
1099.268,11
1099.343,10
1099.418,10
1099.493,10
1099.568,12
1099.643,16
1099.718,19
1099.793,19
1099.868,22
1099.943,18
1100.018,14
1100.093,12
1100.167,11
1100.242,13
1100.317,12
1100.392,10
1100.467,7
1100.542,5
1100.617,8
1100.692,11
1100.767,9
1100.842,12
1100.917,10
1100.992,10
1101.067,13
1101.142,10
1101.217,12
1101.292,12
1101.367,14
1101.442,16
1101.517,15
1101.592,12
1101.667,10
1101.742,6
1101.817,4
1101.892,7
1101.967,8
1102.042,12
1102.117,13
1102.192,15
1102.267,12
1102.342,9
1102.417,14
1102.492,12
1102.567,16
1102.642,17
1102.717,15
1102.792,20
1102.867,19
1102.942,20
1103.017,17
1103.092,12
1103.167,10
1103.242,10
1103.317,10
1103.392,7
1103.467,8
1103.542,5
1103.617,5
1103.692,7
1103.767,7
1103.842,8
1103.917,10
1103.992,11
1104.067,12
1104.142,17
1104.218,19
1104.293,20
1104.368,20
1104.443,19
1104.518,16
1104.593,14
1104.668,14
1104.743,11
1104.818,11
1104.893,10
1104.968,7
1105.043,6
1105.119,12
1105.194,15
1105.269,17
1105.344,19
1105.419,19
1105.494,19
1105.569,18
1105.644,19
1105.719,18
1105.795,20
1105.87,20
1105.945,16
1106.02,18
1106.095,11
1106.17,9
1106.245,11
1106.321,6
1106.396,9
1106.471,12
1106.546,12
1106.621,14
1106.696,15
1106.771,15
1106.847,15
1106.922,12
1106.997,11
1107.072,12
1107.147,12
1107.222,12
1107.298,17
1107.373,15
1107.448,20
1107.523,24
1107.598,19
1107.674,20
1107.749,16
1107.824,14
1107.899,13
1107.974,12
1108.049,10
1108.125,7
1108.2,8
1108.275,8
1108.35,9
1108.426,15
1108.501,16
1108.576,16
1108.651,18
1108.726,16
1108.802,17
1108.877,16
1108.952,15
1109.027,12
1109.103,11
1109.178,14
1109.253,13
1109.328,13
1109.404,11
1109.479,8
1109.554,7
1109.629,7
1109.705,7
1109.78,9
1109.855,11
1109.93,13
1110.006,15
1110.081,14
1110.156,12
1110.231,12
1110.307,13
1110.382,16
1110.457,17
1110.533,17
1110.608,14
1110.683,10
1110.758,11
1110.834,6
1110.909,7
1110.984,9
1111.06,7
1111.135,8
1111.21,9
1111.286,10
1111.361,10
1111.436,11
1111.512,12
1111.587,10
1111.662,14
1111.738,14
1111.813,13
1111.888,13
1111.964,11
1112.039,14
1112.114,15
1112.19,16
1112.265,16
1112.34,14
1112.416,10
1112.491,11
1112.566,10
1112.642,13
1112.717,15
1112.792,12
1112.868,12
1112.943,9
1113.019,9
1113.094,11
1113.169,11
1113.245,9
1113.32,15
1113.395,15
1113.471,13
1113.546,16
1113.622,13
1113.697,12
1113.772,16
1113.848,16
1113.923,13
1113.999,13
1114.074,12
1114.149,10
1114.225,11
1114.3,12
1114.376,11
1114.451,9
1114.527,8
1114.602,8
1114.677,8
1114.753,8
1114.828,9
1114.904,8
1114.979,7
1115.055,9
1115.13,10
1115.205,9
1115.281,9
1115.356,9
1115.432,10
1115.507,15
1115.583,16
1115.658,17
1115.734,18
1115.809,15
1115.885,14
1115.96,14
1116.036,9
1116.111,9
1116.187,9
1116.262,9
1116.337,12
1116.413,11
1116.488,13
1116.564,13
1116.639,12
1116.715,11
1116.79,11
1116.866,10
1116.941,10
1117.017,14
1117.093,13
1117.168,14
1117.244,14
1117.319,12
1117.395,10
1117.47,8
1117.546,9
1117.621,8
1117.697,11
1117.772,12
1117.848,10
1117.923,11
1117.999,8
1118.074,6
1118.15,7
1118.226,7
1118.301,11
1118.377,17
1118.452,17
1118.528,14
1118.603,13
1118.679,10
1118.754,7
1118.83,11
1118.906,10
1118.981,10
1119.057,11
1119.132,9
1119.208,7
1119.283,6
1119.359,7
1119.435,7
1119.51,8
1119.586,9
1119.661,9
1119.737,9
1119.813,9
1119.888,10
1119.964,11
1120.04,13
1120.115,14
1120.191,17
1120.266,17
1120.342,16
1120.418,15
1120.493,14
1120.569,12
1120.645,9
1120.72,10
1120.796,9
1120.871,7
1120.947,8
1121.023,7
1121.098,7
1121.174,9
1121.25,8
1121.325,8
1121.401,12
1121.477,13
1121.552,17
1121.628,16
1121.704,12
1121.779,15
1121.855,11
1121.931,14
1122.006,16
1122.082,11
1122.158,13
1122.233,13
1122.309,9
1122.385,11
1122.461,10
1122.536,6
1122.612,6
1122.688,6
1122.763,5
1122.839,11
1122.915,15
1122.99,14
1123.066,17
1123.142,14
1123.218,12
1123.293,14
1123.369,11
1123.445,11
1123.521,11
1123.596,8
1123.672,8
1123.748,6
1123.824,6
1123.899,7
1123.975,8
1124.051,8
1124.127,8
1124.202,9
1124.278,9
1124.354,11
1124.43,9
1124.505,11
1124.581,9
1124.657,8
1124.733,8
1124.808,9
1124.884,12
1124.96,12
1125.036,13
1125.112,11
1125.187,9
1125.263,11
1125.339,9
1125.415,8
1125.491,7
1125.566,4
1125.642,8
1125.718,8
1125.794,11
1125.87,13
1125.945,11
1126.021,10
1126.097,11
1126.173,9
1126.249,10
1126.325,13
1126.4,12
1126.476,12
1126.552,12
1126.628,10
1126.704,8
1126.78,8
1126.855,8
1126.931,5
1127.007,4
1127.083,3
1127.159,3
1127.235,5
1127.311,6
1127.386,10
1127.462,13
1127.538,12
1127.614,13
1127.69,10
1127.766,8
1127.842,15
1127.918,14
1127.993,14
1128.069,16
1128.145,12
1128.221,14
1128.297,15
1128.373,9
1128.449,7
1128.525,4
1128.601,3
1128.676,7
1128.752,7
1128.828,9
1128.904,8
1128.98,10
1129.056,12
1129.132,11
1129.208,13
1129.284,16
1129.36,16
1129.436,16
1129.512,15
1129.588,14
1129.664,13
1129.739,12
1129.815,12
1129.891,11
1129.967,10
1130.043,10
1130.119,9
1130.195,8
1130.271,6
1130.347,9
1130.423,9
1130.499,9
1130.575,10
1130.651,13
1130.727,14
1130.803,13
1130.879,14
1130.955,10
1131.031,13
1131.107,15
1131.183,15
1131.259,13
1131.335,14
1131.411,13
1131.487,12
1131.563,14
1131.639,9
1131.715,10
1131.791,9
1131.867,7
1131.943,8
1132.019,6
1132.095,6
1132.171,6
1132.247,5
1132.323,10
1132.399,13
1132.475,14
1132.551,16
1132.627,14
1132.703,14
1132.779,17
1132.855,17
1132.932,20
1133.008,16
1133.084,17
1133.16,17
1133.236,13
1133.312,15
1133.388,11
1133.464,9
1133.54,7
1133.616,7
1133.692,7
1133.768,7
1133.844,7
1133.921,12
1133.997,12
1134.073,13
1134.149,15
1134.225,12
1134.301,13
1134.377,12
1134.453,15
1134.529,13
1134.605,15
1134.682,16
1134.758,12
1134.834,10
1134.91,7
1134.986,5
1135.062,5
1135.138,6
1135.214,7
1135.291,9
1135.367,6
1135.443,9
1135.519,9
1135.595,8
1135.671,15
1135.747,14
1135.824,11
1135.9,12
1135.976,11
1136.052,12
1136.128,15
1136.204,15
1136.281,13
1136.357,12
1136.433,13
1136.509,13
1136.585,12
1136.661,11
1136.738,8
1136.814,8
1136.89,7
1136.966,9
1137.042,8
1137.119,7
1137.195,6
1137.271,6
1137.347,7
1137.423,9
1137.5,10
1137.576,7
1137.652,9
1137.728,8
1137.804,13
1137.881,13
1137.957,14
1138.033,12
1138.109,7
1138.186,8
1138.262,4
1138.338,7
1138.414,8
1138.491,11
1138.567,13
1138.643,10
1138.719,10
1138.796,11
1138.872,11
1138.948,13
1139.024,12
1139.101,9
1139.177,11
1139.253,9
1139.329,11
1139.406,11
1139.482,12
1139.558,16
1139.635,16
1139.711,16
1139.787,12
1139.863,10
1139.94,7
1140.016,8
1140.092,8
1140.169,8
1140.245,11
1140.321,11
1140.397,12
1140.474,16
1140.55,15
1140.626,14
1140.703,16
1140.779,12
1140.855,13
1140.932,13
1141.008,11
1141.084,11
1141.161,10
1141.237,9
1141.313,8
1141.39,7
1141.466,6
1141.542,8
1141.619,9
1141.695,11
1141.771,11
1141.848,7
1141.924,7
1142.001,6
1142.077,6
1142.153,11
1142.23,11
1142.306,11
1142.382,12
1142.459,9
1142.535,9
1142.612,9
1142.688,9
1142.764,10
1142.841,8
1142.917,9
1142.994,8
1143.07,9
1143.146,9
1143.223,7
1143.299,10
1143.376,11
1143.452,11
1143.528,13
1143.605,10
1143.681,8
1143.758,9
1143.834,10
1143.911,12
1143.987,12
1144.063,15
1144.14,16
1144.216,14
1144.293,13
1144.369,11
1144.446,10
1144.522,10
1144.598,11
1144.675,12
1144.751,10
1144.828,11
1144.904,10
1144.981,9
1145.057,11
1145.134,9
1145.21,12
1145.287,13
1145.363,10
1145.44,12
1145.516,12
1145.593,12
1145.669,15
1145.746,16
1145.822,15
1145.899,14
1145.975,14
1146.052,13
1146.128,12
1146.205,11
1146.281,8
1146.358,6
1146.434,4
1146.511,4
1146.587,3
1146.664,5
1146.74,8
1146.817,10
1146.893,11
1146.97,14
1147.046,12
1147.123,14
1147.199,17
1147.276,15
1147.352,16
1147.429,11
1147.506,10
1147.582,9
1147.659,9
1147.735,11
1147.812,9
1147.888,6
1147.965,6
1148.041,5
1148.118,7
1148.195,8
1148.271,8
1148.348,10
1148.424,9
1148.501,10
1148.578,13
1148.654,14
1148.731,18
1148.807,15
1148.884,11
1148.96,13
1149.037,10
1149.114,12
1149.19,13
1149.267,12
1149.344,12
1149.42,14
1149.497,14
1149.573,10
1149.65,9
1149.727,5
1149.803,8
1149.88,11
1149.957,11
1150.033,15
1150.11,16
1150.186,17
1150.263,21
1150.34,19
1150.416,15
1150.493,15
1150.57,14
1150.646,11
1150.723,12
1150.8,13
1150.876,13
1150.953,15
1151.03,14
1151.106,12
1151.183,9
1151.26,7
1151.336,11
1151.413,11
1151.49,12
1151.566,10
1151.643,10
1151.72,11
1151.796,12
1151.873,12
1151.95,10
1152.027,8
1152.103,9
1152.18,14
1152.257,14
1152.333,15
1152.41,13
1152.487,10
1152.564,9
1152.64,9
1152.717,11
1152.794,11
1152.871,12
1152.947,13
1153.024,11
1153.101,14
1153.177,15
1153.254,13
1153.331,14
1153.408,15
1153.484,13
1153.561,14
1153.638,15
1153.715,10
1153.791,10
1153.868,11
1153.945,11
1154.022,11
1154.099,13
1154.175,12
1154.252,11
1154.329,9
1154.406,7
1154.482,7
1154.559,8
1154.636,14
1154.713,20
1154.79,19
1154.866,23
1154.943,22
1155.02,16
1155.097,17
1155.174,11
1155.25,8
1155.327,9
1155.404,9
1155.481,10
1155.558,12
1155.635,9
1155.711,10
1155.788,9
1155.865,7
1155.942,10
1156.019,10
1156.096,13
1156.172,13
1156.249,13
1156.326,13
1156.403,11
1156.48,10
1156.557,10
1156.634,9
1156.71,10
1156.787,11
1156.864,11
1156.941,13
1157.018,11
1157.095,9
1157.172,9
1157.249,8
1157.325,13
1157.402,15
1157.479,13
1157.556,17
1157.633,12
1157.71,13
1157.787,15
1157.864,10
1157.941,11
1158.017,8
1158.094,7
1158.171,9
1158.248,7
1158.325,8
1158.402,9
1158.479,7
1158.556,8
1158.633,10
1158.71,10
1158.787,11
1158.864,13
1158.941,13
1159.017,10
1159.094,9
1159.171,8
1159.248,7
1159.325,12
1159.402,12
1159.479,13
1159.556,11
1159.633,9
1159.71,9
1159.787,9
1159.864,8
1159.941,12
1160.018,16
1160.095,14
1160.172,14
1160.249,9
1160.326,6
1160.403,8
1160.48,11
1160.557,10
1160.634,11
1160.711,9
1160.788,7
1160.865,8
1160.942,8
1161.019,8
1161.096,8
1161.173,9
1161.25,7
1161.327,9
1161.404,8
1161.481,9
1161.558,8
1161.635,7
1161.712,10
1161.789,9
1161.866,9
1161.943,11
1162.02,11
1162.097,10
1162.174,17
1162.251,17
1162.328,17
1162.405,17
1162.482,12
1162.559,8
1162.637,6
1162.714,9
1162.791,8
1162.868,9
1162.945,12
1163.022,9
1163.099,8
1163.176,9
1163.253,13
1163.33,15
1163.407,14
1163.484,16
1163.561,11
1163.639,8
1163.716,13
1163.793,10
1163.87,13
1163.947,16
1164.024,14
1164.101,14
1164.178,11
1164.255,9
1164.333,8
1164.41,8
1164.487,9
1164.564,11
1164.641,9
1164.718,13
1164.795,14
1164.872,12
1164.95,17
1165.027,16
1165.104,14
1165.181,15
1165.258,14
1165.335,13
1165.412,13
1165.49,10
1165.567,10
1165.644,7
1165.721,6
1165.798,8
1165.875,5
1165.953,6
1166.03,8
1166.107,13
1166.184,14
1166.261,15
1166.339,20
1166.416,18
1166.493,20
1166.57,25
1166.647,25
1166.724,24
1166.802,23
1166.879,17
1166.956,15
1167.033,12
1167.111,16
1167.188,18
1167.265,16
1167.342,18
1167.419,12
1167.497,10
1167.574,7
1167.651,9
1167.728,12
1167.806,13
1167.883,13
1167.96,12
1168.037,11
1168.115,16
1168.192,21
1168.269,18
1168.346,19
1168.424,14
1168.501,11
1168.578,13
1168.655,11
1168.733,11
1168.81,9
1168.887,7
1168.964,8
1169.042,7
1169.119,9
1169.196,15
1169.274,12
1169.351,14
1169.428,13
1169.505,9
1169.583,10
1169.66,11
1169.737,12
1169.815,11
1169.892,15
1169.969,11
1170.046,10
1170.124,11
1170.201,8
1170.278,10
1170.356,9
1170.433,11
1170.51,12
1170.588,10
1170.665,11
1170.742,10
1170.82,9
1170.897,14
1170.974,14
1171.052,13
1171.129,12
1171.206,13
1171.284,16
1171.361,17
1171.439,19
1171.516,15
1171.593,13
1171.671,9
1171.748,7
1171.825,6
1171.903,6
1171.98,8
1172.057,10
1172.135,11
1172.212,9
1172.29,9
1172.367,8
1172.444,7
1172.522,8
1172.599,8
1172.677,8
1172.754,14
1172.831,19
1172.909,21
1172.986,21
1173.064,16
1173.141,13
1173.218,12
1173.296,10
1173.373,9
1173.451,6
1173.528,6
1173.606,7
1173.683,7
1173.76,6
1173.838,7
1173.915,7
1173.993,9
1174.07,12
1174.148,11
1174.225,11
1174.303,13
1174.38,13
1174.457,14
1174.535,15
1174.612,11
1174.69,13
1174.767,12
1174.845,12
1174.922,12
1175,12
1175.077,11
1175.155,11
1175.232,13
1175.31,12
1175.387,12
1175.465,12
1175.542,10
1175.62,11
1175.697,10
1175.775,9
1175.852,11
1175.93,11
1176.007,12
1176.085,12
1176.162,13
1176.24,12
1176.317,14
1176.395,16
1176.472,14
1176.55,15
1176.627,11
1176.705,11
1176.782,9
1176.86,9
1176.938,11
1177.015,11
1177.093,11
1177.17,11
1177.248,11
1177.325,12
1177.403,16
1177.48,18
1177.558,17
1177.636,14
1177.713,13
1177.791,14
1177.868,18
1177.946,19
1178.023,18
1178.101,15
1178.179,10
1178.256,7
1178.334,5
1178.411,6
1178.489,7
1178.566,10
1178.644,13
1178.722,12
1178.799,13
1178.877,12
1178.955,10
1179.032,14
1179.11,16
1179.187,18
1179.265,16
1179.343,15
1179.42,11
1179.498,7
1179.575,10
1179.653,8
1179.731,8
1179.808,10
1179.886,9
1179.964,14
1180.041,16
1180.119,17
1180.197,19
1180.274,12
1180.352,13
1180.43,11
1180.507,9
1180.585,12
1180.663,11
1180.74,14
1180.818,17
1180.896,14
1180.973,15
1181.051,11
1181.129,8
1181.206,6
1181.284,3
1181.362,4
1181.439,5
1181.517,7
1181.595,8
1181.672,8
1181.75,6
1181.828,9
1181.906,13
1181.983,14
1182.061,19
1182.139,16
1182.216,15
1182.294,17
1182.372,12
1182.45,13
1182.527,14
1182.605,13
1182.683,17
1182.761,18
1182.838,17
1182.916,16
1182.994,14
1183.072,11
1183.149,11
1183.227,14
1183.305,12
1183.383,12
1183.46,13
1183.538,9
1183.616,10
1183.694,9
1183.771,10
1183.849,14
1183.927,13
1184.005,15
1184.082,11
1184.16,9
1184.238,11
1184.316,12
1184.394,12
1184.471,10
1184.549,11
1184.627,8
1184.705,11
1184.783,14
1184.86,14
1184.938,16
1185.016,15
1185.094,15
1185.172,15
1185.249,16
1185.327,18
1185.405,19
1185.483,18
1185.561,19
1185.639,18
1185.716,16
1185.794,18
1185.872,14
1185.95,9
1186.028,12
1186.106,11
1186.183,11
1186.261,13
1186.339,10
1186.417,9
1186.495,9
1186.573,10
1186.651,10
1186.729,13
1186.806,14
1186.884,13
1186.962,14
1187.04,12
1187.118,12
1187.196,11
1187.274,9
1187.352,10
1187.429,8
1187.507,8
1187.585,9
1187.663,8
1187.741,10
1187.819,12
1187.897,16
1187.975,18
1188.053,17
1188.131,18
1188.209,15
1188.286,11
1188.364,9
1188.442,11
1188.52,11
1188.598,11
1188.676,9
1188.754,7
1188.832,10
1188.91,13
1188.988,13
1189.066,14
1189.144,12
1189.222,11
1189.3,16
1189.378,13
1189.456,11
1189.534,9
1189.611,6
1189.689,7
1189.767,6
1189.845,7
1189.923,6
1190.001,6
1190.079,7
1190.157,7
1190.235,6
1190.313,8
1190.391,9
1190.469,10
1190.547,10
1190.625,8
1190.703,12
1190.781,13
1190.859,16
1190.937,17
1191.015,13
1191.093,10
1191.171,10
1191.249,9
1191.327,7
1191.405,9
1191.483,8
1191.561,8
1191.639,9
1191.718,7
1191.796,7
1191.874,10
1191.952,11
1192.03,16
1192.108,18
1192.186,16
1192.264,15
1192.342,13
1192.42,12
1192.498,11
1192.576,13
1192.654,11
1192.732,8
1192.81,7
1192.888,5
1192.966,5
1193.045,3
1193.123,8
1193.201,9
1193.279,12
1193.357,13
1193.435,10
1193.513,14
1193.591,15
1193.669,16
1193.747,15
1193.825,11
1193.904,11
1193.982,12
1194.06,14
1194.138,15
1194.216,13
1194.294,12
1194.372,10
1194.45,10
1194.529,9
1194.607,10
1194.685,12
1194.763,11
1194.841,12
1194.919,10
1194.997,14
1195.075,18
1195.154,18
1195.232,17
1195.31,16
1195.388,16
1195.466,18
1195.544,22
1195.623,20
1195.701,17
1195.779,15
1195.857,15
1195.935,16
1196.013,16
1196.092,17
1196.17,13
1196.248,11
1196.326,11
1196.404,9
1196.483,13
1196.561,16
1196.639,15
1196.717,17
1196.795,14
1196.874,11
1196.952,12
1197.03,12
1197.108,17
1197.186,20
1197.265,21
1197.343,19
1197.421,13
1197.499,11
1197.578,11
1197.656,11
1197.734,10
1197.812,6
1197.89,4
1197.969,5
1198.047,6
1198.125,10
1198.203,12
1198.282,10
1198.36,10
1198.438,9
1198.516,10
1198.595,12
1198.673,14
1198.751,16
1198.83,14
1198.908,14
1198.986,17
1199.064,17
1199.143,19
1199.221,17
1199.299,12
1199.378,8
1199.456,6
1199.534,7
1199.612,10
1199.691,13
1199.769,12
1199.847,13
1199.926,9
1200.004,6
1200.082,8
1200.161,8
1200.239,13
1200.317,18
1200.396,17
1200.474,18
1200.552,18
1200.631,14
1200.709,13
1200.787,16
1200.866,16
1200.944,16
1201.022,16
1201.101,10
1201.179,8
1201.257,9
1201.336,13
1201.414,16
1201.492,14
1201.571,12
1201.649,10
1201.727,10
1201.806,9
1201.884,11
1201.963,11
1202.041,12
1202.119,13
1202.198,12
1202.276,12
1202.354,10
1202.433,12
1202.511,12
1202.59,13
1202.668,12
1202.746,14
1202.825,13
1202.903,13
1202.982,13
1203.06,11
1203.138,13
1203.217,10
1203.295,9
1203.374,11
1203.452,13
1203.531,14
1203.609,16
1203.687,11
1203.766,9
1203.844,12
1203.923,11
1204.001,15
1204.08,15
1204.158,14
1204.237,15
1204.315,13
1204.393,16
1204.472,16
1204.55,16
1204.629,15
1204.707,10
1204.786,10
1204.864,10
1204.943,12
1205.021,16
1205.1,16
1205.178,15
1205.257,18
1205.335,17
1205.414,17
1205.492,22
1205.571,18
1205.649,18
1205.728,18
1205.806,13
1205.885,13
1205.963,12
1206.042,13
1206.12,15
1206.199,10
1206.277,10
1206.356,8
1206.434,6
1206.513,5
1206.591,7
1206.67,6
1206.748,8
1206.827,11
1206.905,10
1206.984,12
1207.063,12
1207.141,14
1207.22,15
1207.298,15
1207.377,15
1207.455,15
1207.534,14
1207.612,13
1207.691,12
1207.77,10
1207.848,9
1207.927,9
1208.005,8
1208.084,6
1208.162,10
1208.241,11
1208.32,14
1208.398,16
1208.477,13
1208.555,13
1208.634,10
1208.713,12
1208.791,11
1208.87,12
1208.948,13
1209.027,13
1209.106,13
1209.184,14
1209.263,16
1209.341,13
1209.42,11
1209.499,9
1209.577,9
1209.656,7
1209.735,10
1209.813,10
1209.892,9
1209.97,9
1210.049,12
1210.128,13
1210.206,15
1210.285,17
1210.364,16
1210.442,15
1210.521,13
1210.6,16
1210.678,15
1210.757,18
1210.836,20
1210.914,18
1210.993,16
1211.072,13
1211.15,12
1211.229,9
1211.308,10
1211.386,9
1211.465,8
1211.544,10
1211.622,13
1211.701,14
1211.78,15
1211.859,15
1211.937,16
1212.016,19
1212.095,20
1212.173,23
1212.252,18
1212.331,15
1212.41,14
1212.488,8
1212.567,7
1212.646,7
1212.724,9
1212.803,11
1212.882,14
1212.961,15
1213.039,11
1213.118,6
1213.197,8
1213.276,7
1213.354,10
1213.433,14
1213.512,11
1213.591,11
1213.669,10
1213.748,16
1213.827,17
1213.906,19
1213.985,22
1214.063,19
1214.142,18
1214.221,15
1214.3,11
1214.378,6
1214.457,7
1214.536,9
1214.615,12
1214.694,16
1214.772,15
1214.851,15
1214.93,16
1215.009,17
1215.088,18
1215.166,19
1215.245,15
1215.324,13
1215.403,13
1215.482,13
1215.561,14
1215.639,13
1215.718,13
1215.797,9
1215.876,9
1215.955,9
1216.034,13
1216.112,15
1216.191,15
1216.27,16
1216.349,13
1216.428,13
1216.507,12
1216.585,11
1216.664,9
1216.743,9
1216.822,11
1216.901,15
1216.98,16
1217.059,18
1217.138,18
1217.216,13
1217.295,12
1217.374,10
1217.453,8
1217.532,8
1217.611,12
1217.69,10
1217.769,12
1217.848,11
1217.926,7
1218.005,9
1218.084,7
1218.163,8
1218.242,9
1218.321,8
1218.4,9
1218.479,11
1218.558,12
1218.637,14
1218.716,15
1218.795,13
1218.874,9
1218.952,11
1219.031,10
1219.11,10
1219.189,13
1219.268,10
1219.347,10
1219.426,12
1219.505,13
1219.584,15
1219.663,14
1219.742,12
1219.821,12
1219.9,14
1219.979,14
1220.058,16
1220.137,17
1220.216,20
1220.295,24
1220.374,22
1220.453,18
1220.532,11
1220.611,10
1220.69,8
1220.769,11
1220.848,11
1220.927,10
1221.006,10
1221.085,7
1221.164,5
1221.243,2
1221.322,2
1221.401,5
1221.48,9
1221.559,10
1221.638,10
1221.717,12
1221.796,12
1221.875,15
1221.954,15
1222.033,12
1222.112,10
1222.191,9
1222.27,11
1222.349,12
1222.428,11
1222.507,10
1222.586,11
1222.665,10
1222.744,12
1222.824,13
1222.903,14
1222.982,11
1223.061,11
1223.14,9
1223.219,8
1223.298,12
1223.377,13
1223.456,15
1223.535,18
1223.614,16
1223.693,17
1223.772,20
1223.852,16
1223.931,18
1224.01,16
1224.089,15
1224.168,15
1224.247,13
1224.326,11
1224.405,9
1224.484,8
1224.564,7
1224.643,12
1224.722,10
1224.801,14
1224.88,17
1224.959,14
1225.038,17
1225.118,16
1225.197,17
1225.276,14
1225.355,17
1225.434,16
1225.513,15
1225.592,19
1225.672,15
1225.751,13
1225.83,12
1225.909,10
1225.988,8
1226.067,7
1226.147,5
1226.226,8
1226.305,8
1226.384,9
1226.463,10
1226.542,7
1226.622,10
1226.701,10
1226.78,12
1226.859,10
1226.938,10
1227.018,11
1227.097,10
1227.176,14
1227.255,16
1227.334,15
1227.414,13
1227.493,13
1227.572,9
1227.651,12
1227.731,16
1227.81,17
1227.889,16
1227.968,14
1228.047,13
1228.127,12
1228.206,13
1228.285,17
1228.364,17
1228.444,18
1228.523,20
1228.602,21
1228.681,21
1228.761,17
1228.84,15
1228.919,13
1228.998,11
1229.078,12
1229.157,14
1229.236,11
1229.316,11
1229.395,13
1229.474,10
1229.553,13
1229.633,12
1229.712,12
1229.791,12
1229.871,9
1229.95,13
1230.029,11
1230.109,11
1230.188,10
1230.267,7
1230.346,8
1230.426,10
1230.505,11
1230.584,10
1230.664,7
1230.743,5
1230.822,7
1230.902,12
1230.981,14
1231.06,16
1231.14,11
1231.219,7
1231.298,7
1231.378,4
1231.457,7
1231.536,10
1231.616,12
1231.695,17
1231.774,20
1231.854,24
1231.933,22
1232.013,19
1232.092,13
1232.171,8
1232.251,11
1232.33,11
1232.409,14
1232.489,13
1232.568,13
1232.648,14
1232.727,14
1232.806,16
1232.886,16
1232.965,16
1233.045,14
1233.124,15
1233.203,14
1233.283,12
1233.362,14
1233.442,17
1233.521,17
1233.6,21
1233.68,17
1233.759,14
1233.839,11
1233.918,9
1233.998,11
1234.077,9
1234.156,11
1234.236,11
1234.315,9
1234.395,9
1234.474,9
1234.554,10
1234.633,11
1234.713,11
1234.792,10
1234.871,9
1234.951,11
1235.03,13
1235.11,15
1235.189,15
1235.269,15
1235.348,14
1235.428,14
1235.507,14
1235.587,11
1235.666,10
1235.746,10
1235.825,12
1235.905,10
1235.984,11
1236.064,12
1236.143,10
1236.223,7
1236.302,11
1236.382,12
1236.461,14
1236.541,19
1236.62,21
1236.7,20
1236.779,17
1236.859,14
1236.938,10
1237.018,9
1237.097,11
1237.177,10
1237.256,6
1237.336,8
1237.415,9
1237.495,11
1237.575,13
1237.654,10
1237.734,9
1237.813,7
1237.893,8
1237.972,9
1238.052,9
1238.131,10
1238.211,11
1238.291,11
1238.37,11
1238.45,14
1238.529,13
1238.609,12
1238.689,15
1238.768,14
1238.848,12
1238.927,14
1239.007,9
1239.086,6
1239.166,7
1239.246,7
1239.325,9
1239.405,9
1239.484,8
1239.564,8
1239.644,7
1239.723,12
1239.803,15
1239.883,16
1239.962,16
1240.042,13
1240.121,10
1240.201,11
1240.281,13
1240.36,13
1240.44,13
1240.52,14
1240.599,12
1240.679,11
1240.759,9
1240.838,5
1240.918,4
1240.998,4
1241.077,7
1241.157,7
1241.237,10
1241.316,13
1241.396,17
1241.476,17
1241.555,17
1241.635,16
1241.715,11
1241.794,15
1241.874,16
1241.954,14
1242.033,16
1242.113,14
1242.193,12
1242.272,11
1242.352,10
1242.432,8
1242.512,12
1242.591,13
1242.671,13
1242.751,13
1242.83,12
1242.91,16
1242.99,19
1243.07,23
1243.149,18
1243.229,20
1243.309,16
1243.389,13
1243.468,18
1243.548,15
1243.628,14
1243.708,20
1243.787,17
1243.867,17
1243.947,18
1244.027,13
1244.106,14
1244.186,14
1244.266,13
1244.346,11
1244.425,7
1244.505,7
1244.585,10
1244.665,7
1244.744,10
1244.824,15
1244.904,13
1244.984,17
1245.064,16
1245.143,10
1245.223,9
1245.303,13
1245.383,12
1245.463,13
1245.542,13
1245.622,7
1245.702,7
1245.782,8
1245.862,8
1245.941,7
1246.021,7
1246.101,5
1246.181,11
1246.261,13
1246.341,14
1246.42,13
1246.5,10
1246.58,11
1246.66,10
1246.74,15
1246.82,13
1246.9,12
1246.979,14
1247.059,12
1247.139,11
1247.219,13
1247.299,14
1247.379,13
1247.459,14
1247.538,12
1247.618,11
1247.698,13
1247.778,16
1247.858,15
1247.938,13
1248.018,18
1248.098,16
1248.178,18
1248.257,22
1248.337,20
1248.417,19
1248.497,18
1248.577,17
1248.657,17
1248.737,17
1248.817,16
1248.897,12
1248.977,12
1249.057,10
1249.136,8
1249.216,9
1249.296,6
1249.376,6
1249.456,8
1249.536,8
1249.616,11
1249.696,11
1249.776,10
1249.856,9
1249.936,9
1250.016,10
1250.096,9
1250.176,9
1250.256,7
1250.336,6
1250.416,6
1250.496,7
1250.576,9
1250.655,11
1250.735,13
1250.815,15
1250.895,16
1250.975,16
1251.055,15
1251.135,11
1251.215,10
1251.295,8
1251.375,11
1251.455,11
1251.535,8
1251.615,9
1251.695,6
1251.775,10
1251.855,13
1251.935,12
1252.015,13
1252.095,15
1252.175,14
1252.256,15
1252.336,17
1252.416,14
1252.496,12
1252.576,10
1252.656,8
1252.736,7
1252.816,9
1252.896,11
1252.976,10
1253.056,11
1253.136,11
1253.216,14
1253.296,15
1253.376,15
1253.456,14
1253.536,12
1253.616,12
1253.696,12
1253.776,9
1253.857,7
1253.937,7
1254.017,8
1254.097,7
1254.177,6
1254.257,6
1254.337,6
1254.417,6
1254.497,8
1254.577,9
1254.657,7
1254.738,8
1254.818,13
1254.898,12
1254.978,15
1255.058,15
1255.138,11
1255.218,11
1255.298,9
1255.379,10
1255.459,9
1255.539,10
1255.619,11
1255.699,10
1255.779,12
1255.859,13
1255.939,12
1256.02,13
1256.1,16
1256.18,16
1256.26,17
1256.34,19
1256.42,14
1256.501,11
1256.581,10
1256.661,11
1256.741,16
1256.821,19
1256.901,20
1256.982,14
1257.062,9
1257.142,7
1257.222,9
1257.302,11
1257.383,11
1257.463,11
1257.543,7
1257.623,8
1257.703,10
1257.784,9
1257.864,10
1257.944,11
1258.024,10
1258.104,11
1258.185,10
1258.265,11
1258.345,13
1258.425,12
1258.506,15
1258.586,13
1258.666,12
1258.746,13
1258.826,12
1258.907,10
1258.987,11
1259.067,13
1259.147,13
1259.228,14
1259.308,11
1259.388,10
1259.468,9
1259.549,8
1259.629,11
1259.709,9
1259.79,8
1259.87,11
1259.95,11
1260.03,14
1260.111,14
1260.191,12
1260.271,12
1260.351,10
1260.432,11
1260.512,14
1260.592,10
1260.673,13
1260.753,13
1260.833,10
1260.914,12
1260.994,9
1261.074,10
1261.155,10
1261.235,10
1261.315,10
1261.395,10
1261.476,14
1261.556,17
1261.636,19
1261.717,19
1261.797,16
1261.877,12
1261.958,11
1262.038,11
1262.118,10
1262.199,12
1262.279,12
1262.36,11
1262.44,12
1262.52,12
1262.601,10
1262.681,10
1262.761,9
1262.842,7
1262.922,8
1263.002,7
1263.083,11
1263.163,14
1263.244,13
1263.324,16
1263.404,17
1263.485,12
1263.565,11
1263.646,9
1263.726,10
1263.806,11
1263.887,10
1263.967,9
1264.048,7
1264.128,8
1264.208,9
1264.289,9
1264.369,7
1264.45,8
1264.53,8
1264.61,10
1264.691,14
1264.771,15
1264.852,18
1264.932,17
1265.013,15
1265.093,14
1265.174,11
1265.254,13
1265.334,12
1265.415,10
1265.495,13
1265.576,10
1265.656,10
1265.737,11
1265.817,10
1265.898,10
1265.978,9
1266.059,7
1266.139,8
1266.22,9
1266.3,11
1266.381,11
1266.461,10
1266.541,7
1266.622,9
1266.702,13
1266.783,14
1266.863,18
1266.944,15
1267.024,15
1267.105,15
1267.185,14
1267.266,14
1267.347,16
1267.427,12
1267.508,12
1267.588,14
1267.669,9
1267.749,10
1267.83,8
1267.91,5
1267.991,6
1268.071,7
1268.152,11
1268.232,15
1268.313,17
1268.393,18
1268.474,13
1268.555,10
1268.635,9
1268.716,10
1268.796,12
1268.877,15
1268.957,13
1269.038,10
1269.118,9
1269.199,4
1269.28,6
1269.36,7
1269.441,7
1269.521,12
1269.602,9
1269.683,9
1269.763,9
1269.844,7
1269.924,7
1270.005,7
1270.086,8
1270.166,11
1270.247,15
1270.327,15
1270.408,15
1270.489,13
1270.569,13
1270.65,16
1270.73,16
1270.811,16
1270.892,14
1270.972,12
1271.053,13
1271.134,11
1271.214,10
1271.295,10
1271.376,8
1271.456,11
1271.537,11
1271.618,11
1271.698,11
1271.779,11
1271.859,13
1271.94,14
1272.021,16
1272.101,14
1272.182,15
1272.263,13
1272.344,14
1272.424,14
1272.505,11
1272.586,13
1272.666,9
1272.747,11
1272.828,12
1272.908,10
1272.989,14
1273.07,20
1273.15,17
1273.231,15
1273.312,14
1273.393,13
1273.473,16
1273.554,17
1273.635,15
1273.715,18
1273.796,18
1273.877,18
1273.958,18
1274.038,11
1274.119,9
1274.2,10
1274.281,8
1274.361,8
1274.442,8
1274.523,9
1274.603,9
1274.684,10
1274.765,12
1274.846,11
1274.927,12
1275.007,11
1275.088,11
1275.169,10
1275.25,10
1275.33,9
1275.411,9
1275.492,9
1275.573,11
1275.653,13
1275.734,10
1275.815,12
1275.896,9
1275.977,8
1276.057,8
1276.138,7
1276.219,9
1276.3,12
1276.381,15
1276.461,16
1276.542,17
1276.623,17
1276.704,18
1276.785,16
1276.866,13
1276.946,13
1277.027,11
1277.108,11
1277.189,13
1277.27,14
1277.35,14
1277.431,14
1277.512,12
1277.593,9
1277.674,9
1277.755,10
1277.836,12
1277.916,9
1277.997,9
1278.078,7
1278.159,6
1278.24,11
1278.321,10
1278.402,12
1278.482,15
1278.563,15
1278.644,18
1278.725,19
1278.806,18
1278.887,15
1278.968,13
1279.049,12
1279.13,10
1279.21,12
1279.291,11
1279.372,8
1279.453,7
1279.534,2
1279.615,5
1279.696,7
1279.777,10
1279.858,12
1279.939,14
1280.02,14
1280.101,12
1280.181,15
1280.262,11
1280.343,14
1280.424,18
1280.505,15
1280.586,15
1280.667,14
1280.748,12
1280.829,14
1280.91,14
1280.991,16
1281.072,19
1281.153,15
1281.234,15
1281.315,12
1281.396,8
1281.477,10
1281.558,9
1281.639,12
1281.72,13
1281.801,15
1281.882,21
1281.963,17
1282.044,18
1282.124,16
1282.205,11
1282.286,11
1282.367,8
1282.448,10
1282.529,8
1282.61,9
1282.692,10
1282.773,7
1282.854,8
1282.935,8
1283.016,9
1283.097,10
1283.178,14
1283.259,12
1283.34,12
1283.421,17
1283.502,15
1283.583,15
1283.664,12
1283.745,10
1283.826,7
1283.907,8
1283.988,9
1284.069,9
1284.15,9
1284.231,10
1284.312,10
1284.393,7
1284.474,8
1284.555,9
1284.636,9
1284.718,12
1284.799,14
1284.88,11
1284.961,13
1285.042,15
1285.123,15
1285.204,17
1285.285,20
1285.366,24
1285.447,21
1285.528,20
1285.61,14
1285.691,10
1285.772,11
1285.853,14
1285.934,20
1286.015,20
1286.096,18
1286.177,15
1286.258,11
1286.34,8
1286.421,11
1286.502,11
1286.583,11
1286.664,12
1286.745,13
1286.826,14
1286.908,18
1286.989,21
1287.07,20
1287.151,18
1287.232,14
1287.313,15
1287.394,14
1287.476,19
1287.557,22
1287.638,18
1287.719,18
1287.8,14
1287.881,13
1287.963,13
1288.044,15
1288.125,14
1288.206,13
1288.287,13
1288.369,12
1288.45,13
1288.531,11
1288.612,9
1288.693,11
1288.775,14
1288.856,16
1288.937,16
1289.018,13
1289.099,13
1289.181,13
1289.262,13
1289.343,13
1289.424,8
1289.506,6
1289.587,7
1289.668,7
1289.749,9
1289.83,9
1289.912,7
1289.993,8
1290.074,7
1290.155,10
1290.237,10
1290.318,8
1290.399,11
1290.48,9
1290.562,8
1290.643,9
1290.724,12
1290.806,14
1290.887,14
1290.968,13
1291.049,9
1291.131,7
1291.212,8
1291.293,10
1291.375,11
1291.456,12
1291.537,15
1291.618,14
1291.7,13
1291.781,15
1291.862,14
1291.944,17
1292.025,16
1292.106,13
1292.188,12
1292.269,13
1292.35,15
1292.431,17
1292.513,15
1292.594,10
1292.675,11
1292.757,9
1292.838,9
1292.919,11
1293.001,8
1293.082,9
1293.163,11
1293.245,12
1293.326,14
1293.408,13
1293.489,14
1293.57,15
1293.652,12
1293.733,13
1293.814,15
1293.896,14
1293.977,17
1294.058,20
1294.14,19
1294.221,16
1294.303,16
1294.384,10
1294.465,10
1294.547,12
1294.628,10
1294.71,11
1294.791,7
1294.872,6
1294.954,5
1295.035,9
1295.117,10
1295.198,10
1295.279,10
1295.361,7
1295.442,11
1295.524,10
1295.605,12
1295.686,16
1295.768,12
1295.849,11
1295.931,10
1296.012,6
1296.094,7
1296.175,8
1296.257,10
1296.338,10
1296.419,13
1296.501,15
1296.582,14
1296.664,17
1296.745,19
1296.827,17
1296.908,15
1296.99,11
1297.071,11
1297.153,13
1297.234,16
1297.316,18
1297.397,17
1297.478,16
1297.56,14
1297.641,13
1297.723,12
1297.804,10
1297.886,10
1297.967,10
1298.049,10
1298.13,11
1298.212,10
1298.293,8
1298.375,7
1298.456,10
1298.538,12
1298.62,13
1298.701,16
1298.783,17
1298.864,18
1298.946,19
1299.027,21
1299.109,19
1299.19,18
1299.272,21
1299.353,22
1299.435,23
1299.516,22
1299.598,17
1299.679,14
1299.761,12
1299.843,11
1299.924,17
1300.006,19
1300.087,18
1300.169,17
1300.25,11
1300.332,11
1300.414,10
1300.495,9
1300.577,12
1300.658,14
1300.74,14
1300.822,18
1300.903,15
1300.985,9
1301.066,10
1301.148,9
1301.229,9
1301.311,12
1301.393,13
1301.474,11
1301.556,10
1301.638,6
1301.719,4
1301.801,5
1301.882,7
1301.964,9
1302.046,12
1302.127,13
1302.209,13
1302.291,10
1302.372,9
1302.454,9
1302.535,8
1302.617,8
1302.699,7
1302.78,7
1302.862,7
1302.944,8
1303.025,8
1303.107,10
1303.189,12
1303.27,15
1303.352,20
1303.434,21
1303.515,22
1303.597,25
1303.679,20
1303.76,17
1303.842,17
1303.924,13
1304.006,15
1304.087,15
1304.169,15
1304.251,14
1304.332,15
1304.414,19
1304.496,19
1304.577,19
1304.659,17
1304.741,17
1304.823,15
1304.904,15
1304.986,16
1305.068,13
1305.149,14
1305.231,16
1305.313,14
1305.395,14
1305.476,13
1305.558,14
1305.64,15
1305.722,15
1305.803,15
1305.885,13
1305.967,14
1306.049,12
1306.13,13
1306.212,16
1306.294,14
1306.376,13
1306.457,14
1306.539,11
1306.621,11
1306.703,11
1306.785,9
1306.866,8
1306.948,12
1307.03,14
1307.112,16
1307.194,14
1307.275,17
1307.357,17
1307.439,17
1307.521,20
1307.603,15
1307.684,18
1307.766,20
1307.848,20
1307.93,23
1308.012,20
1308.093,18
1308.175,15
1308.257,12
1308.339,13
1308.421,14
1308.503,13
1308.584,11
1308.666,12
1308.748,10
1308.83,5
1308.912,7
1308.994,6
1309.075,6
1309.157,7
1309.239,8
1309.321,8
1309.403,9
1309.485,10
1309.567,9
1309.648,14
1309.73,15
1309.812,19
1309.894,21
1309.976,18
1310.058,16
1310.14,15
1310.222,13
1310.304,12
1310.385,13
1310.467,14
1310.549,13
1310.631,12
1310.713,11
1310.795,6
1310.877,12
1310.959,12
1311.041,11
1311.123,12
1311.205,11
1311.286,12
1311.368,18
1311.45,18
1311.532,16
1311.614,14
1311.696,10
1311.778,9
1311.86,7
1311.942,7
1312.024,7
1312.106,6
1312.188,6
1312.27,7
1312.352,6
1312.434,5
1312.516,5
1312.598,5
1312.68,7
1312.762,10
1312.843,11
1312.925,12
1313.007,13
1313.089,12
1313.171,12
1313.253,13
1313.335,11
1313.417,12
1313.499,13
1313.581,13
1313.663,13
1313.745,13
1313.827,13
1313.909,11
1313.991,11
1314.073,9
1314.155,10
1314.237,11
1314.319,13
1314.401,12
1314.483,12
1314.565,12
1314.648,12
1314.73,11
1314.812,8
1314.894,11
1314.976,10
1315.058,10
1315.14,12
1315.222,9
1315.304,10
1315.386,8
1315.468,8
1315.55,12
1315.632,11
1315.714,11
1315.796,13
1315.878,9
1315.96,11
1316.042,12
1316.124,13
1316.207,12
1316.289,13
1316.371,14
1316.453,10
1316.535,13
1316.617,12
1316.699,9
1316.781,12
1316.863,10
1316.945,10
1317.028,8
1317.11,4
1317.192,6
1317.274,6
1317.356,8
1317.438,16
1317.52,15
1317.602,15
1317.684,18
1317.767,15
1317.849,15
1317.931,16
1318.013,17
1318.095,12
1318.177,14
1318.259,12
1318.342,13
1318.424,14
1318.506,13
1318.588,12
1318.67,9
1318.752,11
1318.834,12
1318.917,13
1318.999,12
1319.081,14
1319.163,13
1319.245,12
1319.328,13
1319.41,12
1319.492,10
1319.574,16
1319.656,16
1319.738,14
1319.821,16
1319.903,15
1319.985,17
1320.067,18
1320.149,18
1320.232,15
1320.314,18
1320.396,18
1320.478,20
1320.56,22
1320.643,20
1320.725,24
1320.807,23
1320.889,21
1320.972,20
1321.054,21
1321.136,20
1321.218,23
1321.301,22
1321.383,17
1321.465,17
1321.547,14
1321.63,12
1321.712,15
1321.794,15
1321.876,18
1321.959,18
1322.041,14
1322.123,13
1322.205,11
1322.288,7
1322.37,12
1322.452,13
1322.534,13
1322.617,11
1322.699,8
1322.781,8
1322.864,8
1322.946,12
1323.028,11
1323.111,14
1323.193,14
1323.275,12
1323.357,13
1323.44,10
1323.522,10
1323.604,10
1323.687,9
1323.769,9
1323.851,7
1323.934,6
1324.016,9
1324.098,12
1324.181,15
1324.263,18
1324.345,20
1324.428,17
1324.51,15
1324.592,13
1324.675,10
1324.757,11
1324.839,11
1324.922,12
1325.004,12
1325.086,11
1325.169,13
1325.251,11
1325.334,9
1325.416,8
1325.498,8
1325.581,8
1325.663,9
1325.745,11
1325.828,10
1325.91,10
1325.993,12
1326.075,11
1326.157,12
1326.24,11
1326.322,11
1326.405,11
1326.487,10
1326.569,10
1326.652,10
1326.734,11
1326.817,13
1326.899,16
1326.981,13
1327.064,13
1327.146,11
1327.229,10
1327.311,12
1327.394,11
1327.476,12
1327.558,12
1327.641,12
1327.723,14
1327.806,15
1327.888,14
1327.971,16
1328.053,14
1328.136,11
1328.218,12
1328.301,11
1328.383,11
1328.465,12
1328.548,10
1328.63,7
1328.713,7
1328.795,7
1328.878,8
1328.96,11
1329.043,14
1329.125,15
1329.208,17
1329.29,14
1329.373,11
1329.455,11
1329.538,9
1329.62,10
1329.703,12
1329.785,10
1329.868,13
1329.95,16
1330.033,15
1330.115,18
1330.198,14
1330.28,13
1330.363,12
1330.445,10
1330.528,9
1330.611,7
1330.693,13
1330.776,14
1330.858,12
1330.941,13
1331.023,9
1331.106,9
1331.188,11
1331.271,10
1331.353,11
1331.436,9
1331.519,7
1331.601,11
1331.684,9
1331.766,10
1331.849,12
1331.931,7
1332.014,6
1332.097,8
1332.179,6
1332.262,12
1332.344,18
1332.427,18
1332.51,19
1332.592,16
1332.675,13
1332.757,15
1332.84,14
1332.923,14
1333.005,14
1333.088,11
1333.17,11
1333.253,15
1333.336,15
1333.418,16
1333.501,19
1333.583,12
1333.666,12
1333.749,11
1333.831,8
1333.914,12
1333.997,10
1334.079,10
1334.162,8
1334.245,7
1334.327,6
1334.41,8
1334.493,8
1334.575,7
1334.658,9
1334.741,6
1334.823,12
1334.906,14
1334.989,14
1335.071,14
1335.154,10
1335.237,9
1335.319,8
1335.402,11
1335.485,10
1335.567,11
1335.65,13
1335.733,11
1335.815,14
1335.898,14
1335.981,14
1336.064,16
1336.146,21
1336.229,18
1336.312,15
1336.394,11
1336.477,6
1336.56,7
1336.643,7
1336.725,12
1336.808,11
1336.891,10
1336.974,12
1337.056,11
1337.139,12
1337.222,13
1337.304,14
1337.387,10
1337.47,10
1337.553,9
1337.635,8
1337.718,8
1337.801,7
1337.884,8
1337.967,8
1338.049,9
1338.132,8
1338.215,6
1338.298,5
1338.38,8
1338.463,10
1338.546,12
1338.629,14
1338.712,11
1338.794,14
1338.877,13
1338.96,12
1339.043,11
1339.126,10
1339.208,8
1339.291,6
1339.374,10
1339.457,11
1339.54,12
1339.622,11
1339.705,6
1339.788,7
1339.871,10
1339.954,14
1340.037,15
1340.119,15
1340.202,10
1340.285,7
1340.368,8
1340.451,7
1340.534,9
1340.616,9
1340.699,10
1340.782,12
1340.865,13
1340.948,13
1341.031,12
1341.114,10
1341.196,10
1341.279,10
1341.362,7
1341.445,13
1341.528,12
1341.611,13
1341.694,18
1341.777,17
1341.86,16
1341.942,15
1342.025,16
1342.108,15
1342.191,18
1342.274,21
1342.357,15
1342.44,17
1342.523,15
1342.606,11
1342.689,15
1342.771,16
1342.854,15
1342.937,15
1343.02,12
1343.103,14
1343.186,15
1343.269,16
1343.352,18
1343.435,19
1343.518,20
1343.601,24
1343.684,26
1343.767,26
1343.85,25
1343.933,21
1344.016,20
1344.098,19
1344.181,20
1344.264,18
1344.347,15
1344.43,11
1344.513,9
1344.596,11
1344.679,11
1344.762,11
1344.845,12
1344.928,13
1345.011,14
1345.094,17
1345.177,19
1345.26,20
1345.343,21
1345.426,25
1345.509,21
1345.592,16
1345.675,14
1345.758,12
1345.841,12
1345.924,13
1346.007,11
1346.09,7
1346.173,5
1346.256,6
1346.339,5
1346.422,4
1346.505,9
1346.588,12
1346.672,16
1346.755,18
1346.838,15
1346.921,12
1347.004,10
1347.087,9
1347.17,10
1347.253,10
1347.336,10
1347.419,14
1347.502,12
1347.585,13
1347.668,12
1347.751,6
1347.834,6
1347.917,5
1348.001,8
1348.084,10
1348.167,14
1348.25,20
1348.333,17
1348.416,20
1348.499,16
1348.582,13
1348.665,15
1348.748,12
1348.831,16
1348.915,12
1348.998,12
1349.081,11
1349.164,13
1349.247,17
1349.33,18
1349.413,19
1349.496,18
1349.58,15
1349.663,14
1349.746,10
1349.829,9
1349.912,14
1349.995,17
1350.078,22
1350.162,20
1350.245,20
1350.328,18
1350.411,13
1350.494,15
1350.577,10
1350.661,11
1350.744,12
1350.827,10
1350.91,10
1350.993,13
1351.076,11
1351.16,11
1351.243,10
1351.326,5
1351.409,3
1351.492,6
1351.576,10
1351.659,11
1351.742,13
1351.825,10
1351.908,9
1351.992,9
1352.075,9
1352.158,14
1352.241,11
1352.324,12
1352.408,15
1352.491,10
1352.574,13
1352.657,15
1352.741,10
1352.824,10
1352.907,8
1352.99,6
1353.073,7
1353.157,10
1353.24,12
1353.323,9
1353.406,7
1353.49,4
1353.573,4
1353.656,4
1353.739,11
1353.823,17
1353.906,14
1353.989,15
1354.073,13
1354.156,9
1354.239,11
1354.322,13
1354.406,11
1354.489,13
1354.572,15
1354.656,13
1354.739,13
1354.822,10
1354.905,10
1354.989,14
1355.072,16
1355.155,14
1355.239,15
1355.322,13
1355.405,13
1355.489,14
1355.572,10
1355.655,8
1355.739,14
1355.822,18
1355.905,18
1355.989,24
1356.072,20
1356.155,15
1356.239,15
1356.322,8
1356.405,15
1356.489,18
1356.572,17
1356.655,19
1356.739,14
1356.822,10
1356.905,11
1356.989,7
1357.072,11
1357.155,16
1357.239,13
1357.322,15
1357.406,12
1357.489,8
1357.572,9
1357.656,10
1357.739,12
1357.822,13
1357.906,15
1357.989,14
1358.073,15
1358.156,12
1358.239,12
1358.323,11
1358.406,10
1358.49,12
1358.573,11
1358.657,13
1358.74,12
1358.823,15
1358.907,14
1358.99,12
1359.074,10
1359.157,9
1359.241,11
1359.324,14
1359.407,14
1359.491,16
1359.574,16
1359.658,14
1359.741,14
1359.825,9
1359.908,8
1359.992,9
1360.075,10
1360.158,10
1360.242,10
1360.325,9
1360.409,6
1360.492,9
1360.576,8
1360.659,8
1360.743,10
1360.826,9
1360.91,12
1360.993,17
1361.077,17
1361.16,15
1361.244,12
1361.327,7
1361.411,6
1361.494,9
1361.578,15
1361.661,14
1361.745,16
1361.828,15
1361.912,12
1361.995,14
1362.079,14
1362.162,15
1362.246,13
1362.329,14
1362.413,12
1362.496,9
1362.58,11
1362.664,11
1362.747,13
1362.831,17
1362.914,17
1362.998,17
1363.081,14
1363.165,15
1363.248,13
1363.332,12
1363.416,9
1363.499,7
1363.583,9
1363.666,8
1363.75,9
1363.833,11
1363.917,11
1364.001,12
1364.084,16
1364.168,13
1364.251,16
1364.335,17
1364.419,12
1364.502,12
1364.586,8
1364.669,6
1364.753,5
1364.837,7
1364.92,9
1365.004,13
1365.087,16
1365.171,13
1365.255,12
1365.338,9
1365.422,8
1365.505,10
1365.589,9
1365.673,10
1365.756,14
1365.84,14
1365.924,14
1366.007,16
1366.091,15
1366.175,17
1366.258,17
1366.342,13
1366.426,16
1366.509,15
1366.593,14
1366.677,14
1366.76,15
1366.844,14
1366.928,15
1367.011,16
1367.095,20
1367.179,19
1367.262,19
1367.346,20
1367.43,24
1367.513,27
1367.597,28
1367.681,27
1367.764,29
1367.848,28
1367.932,26
1368.016,27
1368.099,24
1368.183,20
1368.267,19
1368.35,15
1368.434,11
1368.518,11
1368.602,13
1368.685,14
1368.769,16
1368.853,16
1368.937,13
1369.02,11
1369.104,16
1369.188,19
1369.271,21
1369.355,24
1369.439,22
1369.523,26
1369.607,25
1369.69,23
1369.774,21
1369.858,14
1369.942,15
1370.025,20
1370.109,23
1370.193,23
1370.277,21
1370.36,18
1370.444,18
1370.528,18
1370.612,20
1370.696,19
1370.779,16
1370.863,15
1370.947,16
1371.031,16
1371.115,16
1371.198,20
1371.282,19
1371.366,22
1371.45,24
1371.534,24
1371.617,24
1371.701,25
1371.785,25
1371.869,22
1371.953,20
1372.037,18
1372.12,17
1372.204,18
1372.288,24
1372.372,22
1372.456,23
1372.54,20
1372.624,16
1372.707,15
1372.791,10
1372.875,14
1372.959,13
1373.043,15
1373.127,14
1373.211,15
1373.294,14
1373.378,14
1373.462,18
1373.546,13
1373.63,14
1373.714,13
1373.798,10
1373.882,13
1373.965,12
1374.049,10
1374.133,9
1374.217,8
1374.301,7
1374.385,10
1374.469,11
1374.553,12
1374.637,14
1374.721,12
1374.805,18
1374.888,17
1374.972,17
1375.056,21
1375.14,17
1375.224,15
1375.308,15
1375.392,13
1375.476,15
1375.56,18
1375.644,19
1375.728,16
1375.812,15
1375.896,14
1375.98,12
1376.064,14
1376.148,14
1376.232,14
1376.316,16
1376.399,13
1376.483,17
1376.567,16
1376.651,13
1376.735,16
1376.819,16
1376.903,18
1376.987,19
1377.071,18
1377.155,16
1377.239,12
1377.323,14
1377.407,14
1377.491,10
1377.575,12
1377.659,10
1377.743,9
1377.827,9
1377.911,12
1377.995,14
1378.079,16
1378.163,22
1378.247,18
1378.331,16
1378.416,14
1378.5,9
1378.584,9
1378.668,8
1378.752,12
1378.836,12
1378.92,14
1379.004,14
1379.088,9
1379.172,8
1379.256,8
1379.34,10
1379.424,12
1379.508,11
1379.592,9
1379.676,11
1379.76,11
1379.844,11
1379.929,16
1380.013,13
1380.097,14
1380.181,17
1380.265,13
1380.349,15
1380.433,14
1380.517,14
1380.601,17
1380.685,17
1380.769,17
1380.854,18
1380.938,15
1381.022,13
1381.106,12
1381.19,10
1381.274,9
1381.358,7
1381.442,5
1381.526,8
1381.611,9
1381.695,9
1381.779,13
1381.863,11
1381.947,10
1382.031,9
1382.115,7
1382.2,6
1382.284,7
1382.368,11
1382.452,9
1382.536,10
1382.62,9
1382.705,8
1382.789,8
1382.873,6
1382.957,8
1383.041,10
1383.125,11
1383.21,13
1383.294,12
1383.378,11
1383.462,12
1383.546,13
1383.631,12
1383.715,8
1383.799,10
1383.883,13
1383.967,15
1384.052,18
1384.136,15
1384.22,12
1384.304,9
1384.388,12
1384.473,12
1384.557,11
1384.641,14
1384.725,11
1384.809,11
1384.894,12
1384.978,11
1385.062,11
1385.146,13
1385.231,12
1385.315,11
1385.399,11
1385.483,11
1385.568,12
1385.652,15
1385.736,14
1385.82,13
1385.905,12
1385.989,10
1386.073,10
1386.158,13
1386.242,12
1386.326,10
1386.41,8
1386.495,3
1386.579,3
1386.663,5
1386.747,9
1386.832,15
1386.916,18
1387,18
1387.085,15
1387.169,10
1387.253,8
1387.338,9
1387.422,9
1387.506,9
1387.591,10
1387.675,7
1387.759,8
1387.843,8
1387.928,5
1388.012,5
1388.096,6
1388.181,7
1388.265,8
1388.349,8
1388.434,10
1388.518,10
1388.602,9
1388.687,13
1388.771,13
1388.856,14
1388.94,15
1389.024,16
1389.109,14
1389.193,15
1389.277,14
1389.362,12
1389.446,13
1389.53,15
1389.615,14
1389.699,12
1389.784,13
1389.868,8
1389.952,10
1390.037,10
1390.121,13
1390.206,17
1390.29,15
1390.374,17
1390.459,14
1390.543,11
1390.628,15
1390.712,16
1390.796,14
1390.881,14
1390.965,10
1391.05,6
1391.134,6
1391.219,8
1391.303,7
1391.387,9
1391.472,8
1391.556,5
1391.641,3
1391.725,4
1391.81,5
1391.894,8
1391.978,9
1392.063,8
1392.147,9
1392.232,7
1392.316,9
1392.401,14
1392.485,15
1392.57,18
1392.654,18
1392.739,16
1392.823,16
1392.908,16
1392.992,18
1393.077,16
1393.161,18
1393.246,20
1393.33,25
1393.415,22
1393.499,21
1393.584,20
1393.668,20
1393.753,22
1393.837,19
1393.922,17
1394.006,14
1394.091,14
1394.175,16
1394.26,17
1394.344,16
1394.429,15
1394.513,13
1394.598,14
1394.682,12
1394.767,11
1394.851,13
1394.936,9
1395.02,14
1395.105,14
1395.19,15
1395.274,18
1395.359,20
1395.443,21
1395.528,24
1395.612,22
1395.697,19
1395.781,19
1395.866,16
1395.951,15
1396.035,15
1396.12,15
1396.204,13
1396.289,18
1396.374,20
1396.458,18
1396.543,18
1396.627,14
1396.712,12
1396.797,14
1396.881,12
1396.966,16
1397.05,14
1397.135,13
1397.22,14
1397.304,10
1397.389,12
1397.473,12
1397.558,16
1397.643,17
1397.727,16
1397.812,17
1397.897,13
1397.981,12
1398.066,8
1398.15,9
1398.235,13
1398.32,14
1398.404,17
1398.489,15
1398.574,13
1398.658,14
1398.743,16
1398.828,19
1398.912,20
1398.997,18
1399.082,17
1399.166,13
1399.251,14
1399.336,16
1399.42,11
1399.505,13
1399.59,11
1399.674,11
1399.759,14
1399.844,13
1399.929,13
1400.013,10
1400.098,11
1400.183,13
1400.267,15
1400.352,17
1400.437,16
1400.521,13
1400.606,13
1400.691,13
1400.776,14
1400.86,15
1400.945,12
1401.03,10
1401.115,9
1401.199,10
1401.284,10
1401.369,13
1401.453,15
1401.538,14
1401.623,14
1401.708,13
1401.792,12
1401.877,14
1401.962,15
1402.047,16
1402.132,11
1402.216,7
1402.301,8
1402.386,7
1402.471,13
1402.555,14
1402.64,13
1402.725,14
1402.81,10
1402.895,11
1402.979,10
1403.064,8
1403.149,9
1403.234,10
1403.318,10
1403.403,9
1403.488,10
1403.573,9
1403.658,11
1403.743,14
1403.827,10
1403.912,12
1403.997,12
1404.082,14
1404.167,18
1404.251,16
1404.336,17
1404.421,13
1404.506,14
1404.591,14
1404.676,11
1404.761,13
1404.845,10
1404.93,9
1405.015,9
1405.1,6
1405.185,7
1405.27,8
1405.354,8
1405.439,12
1405.524,13
1405.609,10
1405.694,12
1405.779,10
1405.864,10
1405.949,13
1406.033,10
1406.118,10
1406.203,13
1406.288,12
1406.373,15
1406.458,16
1406.543,17
1406.628,20
1406.713,18
1406.798,15
1406.882,13
1406.967,14
1407.052,16
1407.137,20
1407.222,17
1407.307,11
1407.392,9
1407.477,6
1407.562,8
1407.647,11
1407.732,11
1407.817,12
1407.902,9
1407.987,7
1408.071,6
1408.156,6
1408.241,6
1408.326,11
1408.411,12
1408.496,10
1408.581,14
1408.666,14
1408.751,13
1408.836,14
1408.921,11
1409.006,7
1409.091,7
1409.176,8
1409.261,13
1409.346,14
1409.431,14
1409.516,12
1409.601,6
1409.686,6
1409.771,6
1409.856,8
1409.941,9
1410.026,7
1410.111,6
1410.196,4
1410.281,5
1410.366,6
1410.451,8
1410.536,9
1410.621,9
1410.706,9
1410.791,10
1410.876,11
1410.961,11
1411.046,12
1411.131,11
1411.216,9
1411.301,12
1411.386,12
1411.471,11
1411.557,13
1411.642,11
1411.727,10
1411.812,10
1411.897,8
1411.982,8
1412.067,7
1412.152,10
1412.237,13
1412.322,15
1412.407,15
1412.492,10
1412.577,8
1412.662,8
1412.748,8
1412.833,10
1412.918,12
1413.003,13
1413.088,15
1413.173,20
1413.258,17
1413.343,19
1413.428,20
1413.513,14
1413.599,16
1413.684,16
1413.769,16
1413.854,19
1413.939,19
1414.024,17
1414.109,16
1414.194,15
1414.28,15
1414.365,12
1414.45,12
1414.535,11
1414.62,10
1414.705,13
1414.791,12
1414.876,13
1414.961,13
1415.046,12
1415.131,12
1415.216,14
1415.301,15
1415.387,17
1415.472,17
1415.557,15
1415.642,17
1415.727,18
1415.813,18
1415.898,21
1415.983,20
1416.068,20
1416.153,20
1416.238,17
1416.324,14
1416.409,13
1416.494,12
1416.579,13
1416.665,14
1416.75,14
1416.835,17
1416.92,17
1417.005,18
1417.091,19
1417.176,18
1417.261,18
1417.346,19
1417.432,18
1417.517,18
1417.602,20
1417.687,20
1417.772,16
1417.858,13
1417.943,11
1418.028,9
1418.113,8
1418.199,10
1418.284,9
1418.369,9
1418.455,7
1418.54,10
1418.625,9
1418.71,12
1418.796,17
1418.881,14
1418.966,16
1419.051,16
1419.137,13
1419.222,13
1419.307,13
1419.393,9
1419.478,6
1419.563,7
1419.649,5
1419.734,5
1419.819,8
1419.904,5
1419.99,7
1420.075,10
1420.16,13
1420.246,13
1420.331,15
1420.416,16
1420.502,17
1420.587,16
1420.672,13
1420.758,12
1420.843,13
1420.928,17
1421.014,16
1421.099,14
1421.184,12
1421.27,11
1421.355,10
1421.44,12
1421.526,11
1421.611,10
1421.697,10
1421.782,9
1421.867,13
1421.953,14
1422.038,14
1422.123,12
1422.209,13
1422.294,11
1422.38,15
1422.465,18
1422.55,17
1422.636,16
1422.721,13
1422.807,14
1422.892,15
1422.977,16
1423.063,17
1423.148,13
1423.234,14
1423.319,13
1423.404,10
1423.49,8
1423.575,8
1423.661,9
1423.746,10
1423.831,11
1423.917,8
1424.002,10
1424.088,14
1424.173,15
1424.259,17
1424.344,15
1424.43,13
1424.515,15
1424.6,12
1424.686,14
1424.771,16
1424.857,13
1424.942,16
1425.028,17
1425.113,16
1425.199,20
1425.284,18
1425.37,15
1425.455,12
1425.541,10
1425.626,7
1425.712,9
1425.797,11
1425.883,14
1425.968,17
1426.054,17
1426.139,19
1426.225,19
1426.31,18
1426.396,18
1426.481,17
1426.567,16
1426.652,13
1426.738,14
1426.823,12
1426.909,12
1426.994,11
1427.08,9
1427.165,8
1427.251,6
1427.336,6
1427.422,9
1427.507,11
1427.593,13
1427.679,11
1427.764,10
1427.85,9
1427.935,6
1428.021,6
1428.106,6
1428.192,9
1428.277,11
1428.363,13
1428.449,13
1428.534,10
1428.62,10
1428.705,9
1428.791,7
1428.876,7
1428.962,5
1429.048,6
1429.133,9
1429.219,11
1429.304,11
1429.39,11
1429.476,12
1429.561,11
1429.647,14
1429.732,16
1429.818,22
1429.904,21
1429.989,20
1430.075,17
1430.16,8
1430.246,9
1430.332,14
1430.417,21
1430.503,23
1430.589,23
1430.674,20
1430.76,17
1430.846,19
1430.931,19
1431.017,16
1431.103,15
1431.188,11
1431.274,12
1431.359,12
1431.445,12
1431.531,14
1431.616,13
1431.702,15
1431.788,17
1431.873,18
1431.959,18
1432.045,18
1432.131,16
1432.216,15
1432.302,17
1432.388,15
1432.473,13
1432.559,15
1432.645,14
1432.73,18
1432.816,21
1432.902,20
1432.988,22
1433.073,20
1433.159,15
1433.245,15
1433.33,15
1433.416,15
1433.502,16
1433.588,16
1433.673,14
1433.759,15
1433.845,12
1433.93,11
1434.016,11
1434.102,8
1434.188,7
1434.273,8
1434.359,6
1434.445,7
1434.531,7
1434.616,4
1434.702,8
1434.788,11
1434.874,10
1434.96,13
1435.045,10
1435.131,10
1435.217,12
1435.303,12
1435.388,12
1435.474,11
1435.56,10
1435.646,8
1435.732,8
1435.817,6
1435.903,8
1435.989,7
1436.075,9
1436.161,12
1436.246,13
1436.332,13
1436.418,16
1436.504,12
1436.59,10
1436.675,14
1436.761,10
1436.847,13
1436.933,12
1437.019,12
1437.105,12
1437.19,13
1437.276,14
1437.362,11
1437.448,10
1437.534,6
1437.62,8
1437.706,10
1437.791,11
1437.877,19
1437.963,19
1438.049,17
1438.135,17
1438.221,13
1438.307,11
1438.392,11
1438.478,11
1438.564,11
1438.65,14
1438.736,14
1438.822,15
1438.908,12
1438.994,10
1439.079,10
1439.165,11
1439.251,12
1439.337,16
1439.423,17
1439.509,15
1439.595,15
1439.681,15
1439.767,15
1439.853,17
1439.939,21
1440.024,24
1440.11,22
1440.196,19
1440.282,16
1440.368,13
1440.454,15
1440.54,15
1440.626,14
1440.712,12
1440.798,13
1440.884,15
1440.97,13
1441.056,16
1441.142,15
1441.228,17
1441.314,17
1441.4,19
1441.486,19
1441.572,19
1441.658,20
1441.744,18
1441.829,20
1441.915,17
1442.001,17
1442.087,19
1442.173,18
1442.259,18
1442.345,17
1442.431,15
1442.517,17
1442.603,18
1442.689,15
1442.775,16
1442.861,12
1442.947,12
1443.033,13
1443.119,15
1443.205,14
1443.291,16
1443.378,18
1443.464,13
1443.55,14
1443.636,10
1443.722,10
1443.808,11
1443.894,13
1443.98,17
1444.066,17
1444.152,15
1444.238,17
1444.324,14
1444.41,12
1444.496,12
1444.582,11
1444.668,13
1444.754,17
1444.84,16
1444.926,13
1445.012,12
1445.099,11
1445.185,14
1445.271,17
1445.357,19
1445.443,20
1445.529,20
1445.615,20
1445.701,19
1445.787,17
1445.873,19
1445.959,17
1446.046,17
1446.132,18
1446.218,15
1446.304,16
1446.39,15
1446.476,14
1446.562,14
1446.648,11
1446.735,10
1446.821,9
1446.907,6
1446.993,10
1447.079,12
1447.165,15
1447.251,15
1447.337,13
1447.424,12
1447.51,11
1447.596,11
1447.682,13
1447.768,12
1447.854,10
1447.941,11
1448.027,9
1448.113,12
1448.199,14
1448.285,11
1448.371,10
1448.458,8
1448.544,5
1448.63,8
1448.716,8
1448.802,11
1448.889,11
1448.975,12
1449.061,13
1449.147,12
1449.233,12
1449.32,16
1449.406,17
1449.492,14
1449.578,15
1449.664,10
1449.751,9
1449.837,11
1449.923,10
1450.009,11
1450.095,11
1450.182,12
1450.268,14
1450.354,12
1450.44,14
1450.527,12
1450.613,9
1450.699,7
1450.785,6
1450.872,7
1450.958,9
1451.044,9
1451.13,7
1451.217,7
1451.303,9
1451.389,10
1451.475,13
1451.562,11
1451.648,8
1451.734,11
1451.821,8
1451.907,9
1451.993,8
1452.079,8
1452.166,8
1452.252,9
1452.338,11
1452.425,8
1452.511,11
1452.597,10
1452.684,12
1452.77,13
1452.856,16
1452.942,18
1453.029,18
1453.115,21
1453.201,17
1453.288,18
1453.374,22
1453.46,21
1453.547,22
1453.633,21
1453.719,16
1453.806,14
1453.892,13
1453.978,10
1454.065,7
1454.151,5
1454.238,2
1454.324,4
1454.41,4
1454.497,6
1454.583,11
1454.669,10
1454.756,13
1454.842,13
1454.928,11
1455.015,11
1455.101,15
1455.188,13
1455.274,14
1455.36,15
1455.447,10
1455.533,12
1455.62,10
1455.706,8
1455.792,8
1455.879,7
1455.965,6
1456.052,7
1456.138,5
1456.224,8
1456.311,10
1456.397,11
1456.484,12
1456.57,13
1456.656,16
1456.743,15
1456.829,15
1456.916,16
1457.002,12
1457.089,15
1457.175,17
1457.262,15
1457.348,15
1457.434,12
1457.521,9
1457.607,7
1457.694,8
1457.78,7
1457.867,10
1457.953,9
1458.04,6
1458.126,7
1458.213,5
1458.299,6
1458.386,12
1458.472,14
1458.559,16
1458.645,17
1458.732,14
1458.818,12
1458.904,11
1458.991,9
1459.077,11
1459.164,12
1459.25,11
1459.337,15
1459.424,11
1459.51,10
1459.597,10
1459.683,6
1459.77,9
1459.856,8
1459.943,7
1460.029,5
1460.116,3
1460.202,3
1460.289,5
1460.375,9
1460.462,13
1460.548,19
1460.635,23
1460.721,24
1460.808,22
1460.895,18
1460.981,14
1461.068,17
1461.154,17
1461.241,16
1461.327,15
1461.414,10
1461.501,10
1461.587,8
1461.674,7
1461.76,12
1461.847,13
1461.933,16
1462.02,19
1462.107,18
1462.193,17
1462.28,17
1462.366,16
1462.453,16
1462.54,16
1462.626,18
1462.713,19
1462.799,20
1462.886,20
1462.973,16
1463.059,17
1463.146,14
1463.233,13
1463.319,15
1463.406,11
1463.492,8
1463.579,10
1463.666,12
1463.752,18
1463.839,23
1463.926,22
1464.012,22
1464.099,21
1464.186,21
1464.272,20
1464.359,18
1464.446,16
1464.532,13
1464.619,13
1464.706,15
1464.792,14
1464.879,17
1464.966,15
1465.052,14
1465.139,14
1465.226,12
1465.312,12
1465.399,13
1465.486,12
1465.572,11
1465.659,13
1465.746,11
1465.833,16
1465.919,16
1466.006,17
1466.093,16
1466.179,13
1466.266,13
1466.353,10
1466.44,11
1466.526,10
1466.613,12
1466.7,12
1466.786,10
1466.873,10
1466.96,7
1467.047,10
1467.133,15
1467.22,18
1467.307,21
1467.394,20
1467.48,20
1467.567,17
1467.654,16
1467.741,20
1467.827,17
1467.914,18
1468.001,20
1468.088,15
1468.175,14
1468.261,18
1468.348,18
1468.435,18
1468.522,18
1468.608,12
1468.695,8
1468.782,8
1468.869,8
1468.956,14
1469.042,15
1469.129,14
1469.216,15
1469.303,9
1469.39,10
1469.476,13
1469.563,10
1469.65,12
1469.737,11
1469.824,9
1469.911,10
1469.997,10
1470.084,10
1470.171,8
1470.258,10
1470.345,9
1470.432,11
1470.518,11
1470.605,13
1470.692,13
1470.779,13
1470.866,15
1470.953,11
1471.04,14
1471.126,15
1471.213,19
1471.3,21
1471.387,18
1471.474,19
1471.561,15
1471.648,14
1471.735,14
1471.821,14
1471.908,13
1471.995,14
1472.082,13
1472.169,12
1472.256,13
1472.343,11
1472.43,10
1472.517,9
1472.603,9
1472.69,8
1472.777,8
1472.864,10
1472.951,11
1473.038,12
1473.125,12
1473.212,11
1473.299,10
1473.386,10
1473.473,15
1473.56,16
1473.647,13
1473.734,15
1473.82,10
1473.907,8
1473.994,10
1474.081,7
1474.168,7
1474.255,6
1474.342,6
1474.429,6
1474.516,5
1474.603,5
1474.69,5
1474.777,5
1474.864,9
1474.951,10
1475.038,10
1475.125,12
1475.212,13
1475.299,11
1475.386,12
1475.473,12
1475.56,10
1475.647,12
1475.734,9
1475.821,9
1475.908,7
1475.995,7
1476.082,11
1476.169,8
1476.256,8
1476.343,7
1476.43,9
1476.517,12
1476.604,14
1476.691,15
1476.778,13
1476.865,10
1476.952,10
1477.039,9
1477.126,9
1477.213,11
1477.3,12
1477.387,12
1477.474,11
1477.562,11
1477.649,8
1477.736,6
1477.823,6
1477.91,7
1477.997,7
1478.084,10
1478.171,9
1478.258,9
1478.345,11
1478.432,18
1478.519,17
1478.606,15
1478.693,17
1478.781,12
1478.868,15
1478.955,15
1479.042,10
1479.129,12
1479.216,9
1479.303,10
1479.39,11
1479.477,7
1479.565,7
1479.652,6
1479.739,7
1479.826,9
1479.913,12
1480,12
1480.087,11
1480.174,12
1480.262,10
1480.349,12
1480.436,11
1480.523,11
1480.61,10
1480.697,8
1480.784,9
1480.872,11
1480.959,10
1481.046,10
1481.133,9
1481.22,6
1481.307,9
1481.395,11
1481.482,12
1481.569,12
1481.656,9
1481.743,6
1481.83,5
1481.918,6
1482.005,7
1482.092,8
1482.179,10
1482.266,14
1482.354,14
1482.441,17
1482.528,15
1482.615,13
1482.702,13
1482.79,11
1482.877,13
1482.964,10
1483.051,13
1483.139,15
1483.226,13
1483.313,15
1483.4,17
1483.487,14
1483.575,15
1483.662,13
1483.749,12
1483.836,14
1483.924,15
1484.011,16
1484.098,18
1484.185,17
1484.273,17
1484.36,19
1484.447,16
1484.534,16
1484.622,14
1484.709,8
1484.796,8
1484.884,7
1484.971,8
1485.058,10
1485.145,9
1485.233,9
1485.32,10
1485.407,9
1485.495,8
1485.582,11
1485.669,9
1485.756,11
1485.844,15
1485.931,14
1486.018,16
1486.106,14
1486.193,12
1486.28,12
1486.368,13
1486.455,12
1486.542,11
1486.63,12
1486.717,13
1486.804,15
1486.892,18
1486.979,17
1487.066,14
1487.154,10
1487.241,7
1487.328,6
1487.416,8
1487.503,7
1487.59,8
1487.678,8
1487.765,9
1487.853,9
1487.94,9
1488.027,13
1488.115,12
1488.202,15
1488.289,18
1488.377,19
1488.464,20
1488.552,24
1488.639,23
1488.726,20
1488.814,19
1488.901,17
1488.989,17
1489.076,19
1489.163,23
1489.251,19
1489.338,19
1489.426,17
1489.513,13
1489.6,14
1489.688,14
1489.775,12
1489.863,15
1489.95,14
1490.037,11
1490.125,12
1490.212,8
1490.3,7
1490.387,8
1490.475,10
1490.562,10
1490.65,13
1490.737,11
1490.824,8
1490.912,8
1490.999,6
1491.087,12
1491.174,13
1491.262,15
1491.349,16
1491.437,14
1491.524,17
1491.612,18
1491.699,17
1491.787,16
1491.874,15
1491.962,15
1492.049,14
1492.137,13
1492.224,14
1492.312,11
1492.399,8
1492.487,11
1492.574,9
1492.662,13
1492.749,12
1492.837,13
1492.924,12
1493.012,11
1493.099,13
1493.187,8
1493.274,9
1493.362,8
1493.449,9
1493.537,14
1493.624,16
1493.712,14
1493.799,14
1493.887,11
1493.975,9
1494.062,12
1494.15,13
1494.237,15
1494.325,13
1494.412,10
1494.5,6
1494.587,6
1494.675,8
1494.763,9
1494.85,11
1494.938,11
1495.025,10
1495.113,13
1495.2,11
1495.288,10
1495.376,10
1495.463,8
1495.551,9
1495.638,8
1495.726,13
1495.814,14
1495.901,18
1495.989,15
1496.076,13
1496.164,12
1496.252,13
1496.339,21
1496.427,22
1496.515,21
1496.602,21
1496.69,16
1496.777,15
1496.865,18
1496.953,16
1497.04,22
1497.128,20
1497.216,17
1497.303,15
1497.391,9
1497.479,11
1497.566,10
1497.654,10
1497.742,10
1497.829,9
1497.917,11
1498.005,8
1498.092,7
1498.18,8
1498.268,8
1498.355,11
1498.443,12
1498.531,11
1498.618,13
1498.706,13
1498.794,14
1498.881,12
1498.969,11
1499.057,10
1499.145,11
1499.232,13
1499.32,12
1499.408,13
1499.495,13
1499.583,13
1499.671,14
1499.758,15
1499.846,15
1499.934,16
1500.022,16
1500.109,15
1500.197,15
1500.285,15
1500.373,17
1500.46,16
1500.548,16
1500.636,14
1500.724,13
1500.811,9
1500.899,8
1500.987,12
1501.075,10
1501.162,15
1501.25,15
1501.338,16
1501.426,16
1501.513,14
1501.601,16
1501.689,15
1501.777,17
1501.865,12
1501.952,12
1502.04,11
1502.128,10
1502.216,9
1502.304,6
1502.391,5
1502.479,7
1502.567,7
1502.655,11
1502.743,14
1502.83,12
1502.918,16
1503.006,13
1503.094,10
1503.182,10
1503.269,12
1503.357,14
1503.445,16
1503.533,19
1503.621,17
1503.709,18
1503.796,15
1503.884,14
1503.972,13
1504.06,10
1504.148,15
1504.236,15
1504.324,14
1504.411,17
1504.499,13
1504.587,12
1504.675,13
1504.763,13
1504.851,15
1504.939,14
1505.026,14
1505.114,11
1505.202,8
1505.29,9
1505.378,8
1505.466,8
1505.554,7
1505.642,9
1505.73,8
1505.818,10
1505.905,11
1505.993,7
1506.081,5
1506.169,4
1506.257,8
1506.345,10
1506.433,14
1506.521,14
1506.609,15
1506.697,16
1506.785,16
1506.873,19
1506.96,19
1507.048,17
1507.136,16
1507.224,15
1507.312,11
1507.4,15
1507.488,12
1507.576,9
1507.664,9
1507.752,9
1507.84,11
1507.928,15
1508.016,15
1508.104,14
1508.192,15
1508.28,14
1508.368,16
1508.456,16
1508.544,16
1508.632,15
1508.72,16
1508.808,14
1508.896,16
1508.984,15
1509.072,12
1509.16,11
1509.248,8
1509.336,9
1509.424,12
1509.512,16
1509.6,18
1509.688,21
1509.776,20
1509.864,17
1509.952,17
1510.04,17
1510.128,16
1510.216,19
1510.304,21
1510.392,19
1510.48,20
1510.568,16
1510.656,13
1510.744,12
1510.832,10
1510.92,12
1511.008,10
1511.096,8
1511.184,7
1511.272,8
1511.361,8
1511.449,11
1511.537,15
1511.625,14
1511.713,16
1511.801,13
1511.889,13
1511.977,11
1512.065,15
1512.153,17
1512.241,18
1512.329,19
1512.418,21
1512.506,19
1512.594,16
1512.682,16
1512.77,15
1512.858,16
1512.946,16
1513.034,16
1513.122,24
1513.211,27
1513.299,26
1513.387,26
1513.475,20
1513.563,20
1513.651,23
1513.739,24
1513.827,24
1513.916,23
1514.004,23
1514.092,21
1514.18,20
1514.268,19
1514.356,15
1514.444,15
1514.533,15
1514.621,14
1514.709,17
1514.797,18
1514.885,16
1514.973,18
1515.062,18
1515.15,20
1515.238,29
1515.326,26
1515.414,22
1515.503,21
1515.591,15
1515.679,15
1515.767,19
1515.855,18
1515.944,15
1516.032,15
1516.12,13
1516.208,12
1516.296,12
1516.385,9
1516.473,7
1516.561,7
1516.649,9
1516.737,13
1516.826,16
1516.914,16
1517.002,14
1517.09,11
1517.179,9
1517.267,9
1517.355,11
1517.443,13
1517.532,17
1517.62,20
1517.708,23
1517.796,24
1517.885,22
1517.973,18
1518.061,22
1518.149,19
1518.238,16
1518.326,16
1518.414,16
1518.503,20
1518.591,21
1518.679,24
1518.767,23
1518.856,19
1518.944,15
1519.032,12
1519.121,8
1519.209,6
1519.297,7
1519.385,5
1519.474,7
1519.562,7
1519.65,9
1519.739,11
1519.827,10
1519.915,9
1520.004,10
1520.092,8
1520.18,9
1520.269,11
1520.357,13
1520.445,14
1520.534,15
1520.622,17
1520.71,14
1520.799,19
1520.887,17
1520.975,15
1521.064,13
1521.152,10
1521.24,11
1521.329,11
1521.417,14
1521.505,15
1521.594,15
1521.682,13
1521.771,11
1521.859,6
1521.947,7
1522.036,10
1522.124,11
1522.213,16
1522.301,18
1522.389,15
1522.478,12
1522.566,6
1522.654,6
1522.743,6
1522.831,7
1522.92,11
1523.008,13
1523.097,14
1523.185,14
1523.273,12
1523.362,9
1523.45,9
1523.539,7
1523.627,8
1523.716,10
1523.804,9
1523.892,12
1523.981,10
1524.069,12
1524.158,13
1524.246,11
1524.335,13
1524.423,11
1524.512,12
1524.6,14
1524.688,14
1524.777,16
1524.865,15
1524.954,16
1525.042,18
1525.131,19
1525.219,15
1525.308,14
1525.396,11
1525.485,10
1525.573,11
1525.662,15
1525.75,15
1525.839,16
1525.927,17
1526.016,13
1526.104,18
1526.193,19
1526.281,21
1526.37,19
1526.458,16
1526.547,15
1526.635,10
1526.724,10
1526.812,10
1526.901,7
1526.989,7
1527.078,7
1527.166,6
1527.255,9
1527.343,8
1527.432,9
1527.521,10
1527.609,7
1527.698,9
1527.786,10
1527.875,7
1527.963,9
1528.052,10
1528.14,9
1528.229,12
1528.318,11
1528.406,11
1528.495,12
1528.583,16
1528.672,18
1528.76,17
1528.849,18
1528.938,13
1529.026,13
1529.115,14
1529.203,14
1529.292,15
1529.381,14
1529.469,15
1529.558,13
1529.646,13
1529.735,11
1529.824,13
1529.912,14
1530.001,13
1530.089,15
1530.178,13
1530.267,15
1530.355,19
1530.444,17
1530.533,16
1530.621,17
1530.71,14
1530.799,12
1530.887,12
1530.976,10
1531.064,12
1531.153,11
1531.242,15
1531.33,14
1531.419,12
1531.508,9
1531.596,9
1531.685,11
1531.774,14
1531.862,19
1531.951,18
1532.04,15
1532.128,14
1532.217,12
1532.306,11
1532.394,13
1532.483,11
1532.572,13
1532.661,15
1532.749,18
1532.838,17
1532.927,15
1533.015,12
1533.104,8
1533.193,8
1533.282,11
1533.37,12
1533.459,12
1533.548,11
1533.636,16
1533.725,18
1533.814,19
1533.903,23
1533.991,18
1534.08,14
1534.169,18
1534.258,16
1534.346,16
1534.435,16
1534.524,13
1534.613,12
1534.701,12
1534.79,12
1534.879,10
1534.968,11
1535.056,12
1535.145,13
1535.234,14
1535.323,15
1535.411,18
1535.5,18
1535.589,20
1535.678,19
1535.767,17
1535.855,16
1535.944,15
1536.033,17
1536.122,16
1536.211,22
1536.299,24
1536.388,23
1536.477,22
1536.566,22
1536.655,19
1536.743,19
1536.832,18
1536.921,17
1537.01,18
1537.099,17
1537.188,19
1537.276,19
1537.365,20
1537.454,25
1537.543,25
1537.632,23
1537.721,25
1537.809,24
1537.898,22
1537.987,23
1538.076,22
1538.165,20
1538.254,21
1538.343,21
1538.431,20
1538.52,20
1538.609,18
1538.698,18
1538.787,17
1538.876,17
1538.965,19
1539.054,17
1539.142,20
1539.231,21
1539.32,18
1539.409,17
1539.498,14
1539.587,13
1539.676,15
1539.765,16
1539.854,15
1539.943,16
1540.031,16
1540.12,17
1540.209,18
1540.298,15
1540.387,13
1540.476,11
1540.565,11
1540.654,12
1540.743,12
1540.832,11
1540.921,9
1541.01,8
1541.099,8
1541.188,8
1541.277,8
1541.365,7
1541.454,6
1541.543,9
1541.632,9
1541.721,11
1541.81,13
1541.899,12
1541.988,12
1542.077,10
1542.166,7
1542.255,8
1542.344,8
1542.433,10
1542.522,11
1542.611,9
1542.7,10
1542.789,13
1542.878,13
1542.967,12
1543.056,13
1543.145,10
1543.234,12
1543.323,14
1543.412,14
1543.501,12
1543.59,11
1543.679,10
1543.768,8
1543.857,9
1543.946,6
1544.035,7
1544.124,11
1544.213,13
1544.302,17
1544.391,19
1544.48,19
1544.569,17
1544.659,14
1544.748,13
1544.837,12
1544.926,15
1545.015,11
1545.104,12
1545.193,12
1545.282,11
1545.371,13
1545.46,14
1545.549,16
1545.638,17
1545.727,14
1545.816,10
1545.905,8
1545.995,6
1546.084,3
1546.173,4
1546.262,2
1546.351,5
1546.44,8
1546.529,10
1546.618,12
1546.707,9
1546.796,9
1546.886,9
1546.975,13
1547.064,16
1547.153,17
1547.242,15
1547.331,9
1547.42,11
1547.509,9
1547.599,9
1547.688,11
1547.777,6
1547.866,9
1547.955,10
1548.044,10
1548.133,13
1548.223,17
1548.312,16
1548.401,15
1548.49,14
1548.579,13
1548.668,16
1548.758,21
1548.847,19
1548.936,16
1549.025,11
1549.114,5
1549.204,5
1549.293,5
1549.382,7
1549.471,6
1549.56,6
1549.649,8
1549.739,6
1549.828,8
1549.917,10
1550.006,7
1550.095,12
1550.185,16
1550.274,15
1550.363,17
1550.452,21
1550.542,19
1550.631,20
1550.72,20
1550.809,13
1550.898,9
1550.988,9
1551.077,7
1551.166,9
1551.255,11
1551.345,10
1551.434,11
1551.523,10
1551.612,11
1551.702,9
1551.791,8
1551.88,9
1551.969,10
1552.059,11
1552.148,13
1552.237,12
1552.327,10
1552.416,13
1552.505,16
1552.594,16
1552.684,16
1552.773,17
1552.862,16
1552.952,18
1553.041,19
1553.13,14
1553.219,15
1553.309,13
1553.398,11
1553.487,14
1553.577,14
1553.666,14
1553.755,15
1553.845,13
1553.934,13
1554.023,17
1554.113,22
1554.202,25
1554.291,28
1554.381,23
1554.47,18
1554.559,15
1554.649,12
1554.738,12
1554.827,12
1554.917,13
1555.006,12
1555.095,13
1555.185,15
1555.274,12
1555.363,11
1555.453,12
1555.542,10
1555.632,13
1555.721,10
1555.81,10
1555.9,10
1555.989,11
1556.078,12
1556.168,12
1556.257,11
1556.347,10
1556.436,10
1556.525,9
1556.615,9
1556.704,6
1556.794,6
1556.883,8
1556.972,11
1557.062,14
1557.151,14
1557.241,14
1557.33,13
1557.419,13
1557.509,18
1557.598,18
1557.688,21
1557.777,24
1557.867,22
1557.956,22
1558.046,19
1558.135,18
1558.224,16
1558.314,13
1558.403,13
1558.493,12
1558.582,13
1558.672,14
1558.761,12
1558.851,11
1558.94,10
1559.03,9
1559.119,11
1559.209,10
1559.298,12
1559.387,31
1559.477,55
1559.566,86
1559.656,128
1559.745,210
1559.835,281
1559.924,347
1560.014,410
1560.103,397
1560.193,367
1560.282,329
1560.372,278
1560.461,244
1560.551,244
1560.64,250
1560.73,285
1560.82,354
1560.909,427
1560.999,480
1561.088,517
1561.178,506
1561.267,453
1561.357,407
1561.446,347
1561.536,307
1561.625,296
1561.715,295
1561.804,297
1561.894,352
1561.984,399
1562.073,431
1562.163,462
1562.252,413
1562.342,356
1562.431,295
1562.521,236
1562.611,208
1562.7,196
1562.79,197
1562.879,201
1562.969,221
1563.058,235
1563.148,244
1563.238,238
1563.327,202
1563.417,165
1563.506,137
1563.596,110
1563.686,99
1563.775,100
1563.865,94
1563.954,96
1564.044,99
1564.134,99
1564.223,102
1564.313,93
1564.403,84
1564.492,71
1564.582,57
1564.671,51
1564.761,47
1564.851,46
1564.94,49
1565.03,46
1565.12,44
1565.209,42
1565.299,39
1565.389,37
1565.478,37
1565.568,37
1565.658,37
1565.747,38
1565.837,36
1565.927,36
1566.016,38
1566.106,42
1566.196,41
1566.285,35
1566.375,30
1566.465,25
1566.554,25
1566.644,28
1566.734,26
1566.824,26
1566.913,24
1567.003,22
1567.093,26
1567.182,27
1567.272,29
1567.362,30
1567.451,25
1567.541,26
1567.631,22
1567.721,20
1567.81,22
1567.9,22
1567.99,19
1568.08,20
1568.169,18
1568.259,15
1568.349,19
1568.439,20
1568.528,21
1568.618,23
1568.708,21
1568.798,20
1568.887,24
1568.977,21
1569.067,23
1569.157,24
1569.246,19
1569.336,22
1569.426,20
1569.516,17
1569.605,19
1569.695,17
1569.785,16
1569.875,17
1569.965,17
1570.054,15
1570.144,13
1570.234,11
1570.324,8
1570.414,6
1570.503,8
1570.593,9
1570.683,11
1570.773,15
1570.863,19
1570.952,20
1571.042,20
1571.132,23
1571.222,19
1571.312,19
1571.402,20
1571.491,12
1571.581,10
1571.671,10
1571.761,8
1571.851,11
1571.941,9
1572.03,9
1572.12,7
1572.21,7
1572.3,9
1572.39,10
1572.48,10
1572.57,12
1572.659,13
1572.749,12
1572.839,12
1572.929,12
1573.019,12
1573.109,13
1573.199,14
1573.289,18
1573.379,17
1573.468,15
1573.558,15
1573.648,13
1573.738,14
1573.828,17
1573.918,16
1574.008,18
1574.098,19
1574.188,13
1574.278,15
1574.367,11
1574.457,13
1574.547,15
1574.637,12
1574.727,17
1574.817,16
1574.907,16
1574.997,17
1575.087,12
1575.177,8
1575.267,9
1575.357,13
1575.447,16
1575.537,19
1575.627,22
1575.717,19
1575.807,19
1575.897,15
1575.986,9
1576.076,7
1576.166,9
1576.256,10
1576.346,12
1576.436,12
1576.526,11
1576.616,16
1576.706,18
1576.796,20
1576.886,17
1576.976,14
1577.066,13
1577.156,14
1577.246,15
1577.336,15
1577.426,13
1577.516,12
1577.606,7
1577.696,8
1577.786,10
1577.876,9
1577.966,14
1578.056,12
1578.146,12
1578.236,14
1578.326,14
1578.417,13
1578.507,12
1578.597,10
1578.687,10
1578.777,13
1578.867,16
1578.957,16
1579.047,12
1579.137,12
1579.227,10
1579.317,12
1579.407,14
1579.497,15
1579.587,13
1579.677,13
1579.767,15
1579.857,12
1579.948,15
1580.038,12
1580.128,15
1580.218,18
1580.308,19
1580.398,23
1580.488,19
1580.578,18
1580.668,17
1580.758,16
1580.848,13
1580.939,12
1581.029,12
1581.119,12
1581.209,16
1581.299,16
1581.389,14
1581.479,11
1581.569,8
1581.66,7
1581.75,10
1581.84,11
1581.93,18
1582.02,19
1582.11,20
1582.2,20
1582.291,21
1582.381,19
1582.471,15
1582.561,16
1582.651,15
1582.741,19
1582.831,19
1582.922,16
1583.012,11
1583.102,8
1583.192,7
1583.282,9
1583.373,11
1583.463,14
1583.553,15
1583.643,16
1583.733,20
1583.823,18
1583.914,19
1584.004,19
1584.094,15
1584.184,12
1584.274,12
1584.365,13
1584.455,11
1584.545,16
1584.635,17
1584.726,14
1584.816,17
1584.906,21
1584.996,20
1585.086,25
1585.177,23
1585.267,18
1585.357,16
1585.447,11
1585.538,10
1585.628,9
1585.718,11
1585.808,16
1585.899,16
1585.989,16
1586.079,14
1586.169,13
1586.26,11
1586.35,10
1586.44,16
1586.53,13
1586.621,18
1586.711,18
1586.801,13
1586.892,13
1586.982,10
1587.072,10
1587.162,13
1587.253,14
1587.343,15
1587.433,14
1587.524,15
1587.614,16
1587.704,15
1587.795,14
1587.885,12
1587.975,13
1588.065,16
1588.156,19
1588.246,17
1588.336,16
1588.427,13
1588.517,15
1588.607,15
1588.698,12
1588.788,11
1588.878,6
1588.969,5
1589.059,7
1589.149,9
1589.24,11
1589.33,12
1589.421,11
1589.511,9
1589.601,10
1589.692,13
1589.782,13
1589.872,16
1589.963,18
1590.053,18
1590.143,20
1590.234,21
1590.324,18
1590.415,15
1590.505,16
1590.595,14
1590.686,15
1590.776,13
1590.867,9
1590.957,8
1591.047,7
1591.138,9
1591.228,11
1591.319,13
1591.409,10
1591.499,11
1591.59,12
1591.68,13
1591.771,18
1591.861,19
1591.952,17
1592.042,18
1592.132,16
1592.223,13
1592.313,14
1592.404,13
1592.494,13
1592.585,15
1592.675,13
1592.766,14
1592.856,13
1592.946,14
1593.037,16
1593.127,14
1593.218,15
1593.308,14
1593.399,13
1593.489,14
1593.58,15
1593.67,13
1593.761,13
1593.851,10
1593.942,10
1594.032,13
1594.123,11
1594.213,10
1594.304,8
1594.394,7
1594.485,8
1594.575,12
1594.666,15
1594.756,14
1594.847,15
1594.937,15
1595.028,11
1595.118,11
1595.209,14
1595.299,11
1595.39,11
1595.48,9
1595.571,5
1595.661,6
1595.752,6
1595.842,11
1595.933,15
1596.024,13
1596.114,15
1596.205,16
1596.295,11
1596.386,13
1596.476,15
1596.567,12
1596.657,14
1596.748,19
1596.839,15
1596.929,15
1597.02,14
1597.11,9
1597.201,12
1597.291,11
1597.382,13
1597.473,16
1597.563,13
1597.654,15
1597.744,14
1597.835,11
1597.926,14
1598.016,13
1598.107,12
1598.197,11
1598.288,9
1598.379,6
1598.469,6
1598.56,5
1598.651,4
1598.741,9
1598.832,9
1598.922,7
1599.013,10
1599.104,6
1599.194,10
1599.285,15
1599.376,16
1599.466,19
1599.557,18
1599.648,18
1599.738,17
1599.829,17
1599.92,16
1600.01,13
