mz,abundance
700.026,14
700.085,20
700.145,19
700.204,19
700.264,15
700.324,11
700.383,11
700.443,12
700.502,11
700.562,10
700.621,10
700.681,12
700.741,12
700.8,9
700.86,8
700.919,8
700.979,12
701.039,12
701.098,16
701.158,13
701.217,10
701.277,14
701.337,14
701.396,16
701.456,19
701.516,17
701.575,14
701.635,14
701.694,16
701.754,15
701.814,16
701.873,17
701.933,13
701.993,12
702.052,14
702.112,15
702.171,14
702.231,18
702.291,17
702.35,14
702.41,14
702.47,9
702.529,9
702.589,11
702.649,16
702.708,20
702.768,18
702.828,17
702.887,16
702.947,17
703.007,18
703.067,16
703.126,13
703.186,12
703.246,14
703.305,15
703.365,13
703.425,14
703.484,12
703.544,10
703.604,12
703.664,13
703.723,12
703.783,14
703.843,13
703.902,15
703.962,14
704.022,15
704.082,15
704.141,13
704.201,14
704.261,13
704.321,13
704.38,13
704.44,17
704.5,17
704.559,17
704.619,16
704.679,11
704.739,10
704.799,9
704.858,10
704.918,10
704.978,9
705.038,10
705.097,6
705.157,9
705.217,12
705.277,13
705.336,13
705.396,10
705.456,8
705.516,7
705.576,6
705.635,9
705.695,12
705.755,11
705.815,11
705.875,14
705.934,11
705.994,10
706.054,12
706.114,6
706.174,6
706.234,11
706.293,12
706.353,14
706.413,15
706.473,10
706.533,8
706.593,7
706.652,7
706.712,9
706.772,8
706.832,9
706.892,10
706.952,8
707.011,7
707.071,5
707.131,2
707.191,5
707.251,7
707.311,8
707.371,9
707.431,6
707.49,9
707.55,9
707.61,9
707.67,11
707.73,12
707.79,15
707.85,16
707.91,16
707.969,11
708.029,9
708.089,11
708.149,11
708.209,17
708.269,18
708.329,16
708.389,15
708.449,15
708.509,12
708.569,12
708.629,14
708.688,12
708.748,15
708.808,13
708.868,10
708.928,7
708.988,6
709.048,6
709.108,8
709.168,8
709.228,7
709.288,11
709.348,11
709.408,8
709.468,8
709.528,5
709.588,5
709.648,13
709.708,14
709.768,14
709.828,16
709.888,9
709.947,8
710.007,8
710.067,7
710.127,14
710.187,14
710.247,16
710.307,18
710.367,17
710.427,17
710.487,18
710.547,13
710.607,11
710.667,11
710.727,11
710.787,11
710.848,11
710.908,9
710.968,9
711.028,8
711.088,10
711.148,12
711.208,13
711.268,15
711.328,14
711.388,14
711.448,12
711.508,10
711.568,9
711.628,8
711.688,11
711.748,12
711.808,14
711.868,13
711.928,10
711.988,12
712.048,11
712.109,15
712.169,15
712.229,13
712.289,13
712.349,10
712.409,12
712.469,14
712.529,16
712.589,16
712.649,15
712.709,14
712.769,9
712.83,9
712.89,11
712.95,16
713.01,17
713.07,18
713.13,16
713.19,12
713.25,11
713.311,12
713.371,14
713.431,13
713.491,12
713.551,13
713.611,12
713.671,12
713.731,16
713.792,15
713.852,16
713.912,17
713.972,10
714.032,8
714.092,6
714.153,7
714.213,8
714.273,10
714.333,12
714.393,13
714.453,11
714.514,13
714.574,15
714.634,14
714.694,15
714.754,15
714.814,13
714.875,15
714.935,13
714.995,12
715.055,11
715.115,10
715.176,11
715.236,10
715.296,13
715.356,14
715.416,14
715.477,16
715.537,14
715.597,15
715.657,15
715.718,19
715.778,19
715.838,17
715.898,18
715.959,14
716.019,13
716.079,13
716.139,8
716.199,7
716.26,7
716.32,6
716.38,7
716.441,4
716.501,7
716.561,9
716.621,11
716.682,13
716.742,15
716.802,12
716.862,12
716.923,18
716.983,17
717.043,18
717.104,17
717.164,11
717.224,7
717.284,5
717.345,12
717.405,12
717.465,12
717.526,14
717.586,9
717.646,10
717.707,11
717.767,12
717.827,12
717.887,13
717.948,14
718.008,13
718.068,12
718.129,12
718.189,12
718.249,15
718.31,17
718.37,17
718.43,17
718.491,18
718.551,13
718.612,11
718.672,14
718.732,12
718.793,15
718.853,18
718.913,18
718.974,19
719.034,17
719.094,17
719.155,14
719.215,13
719.276,9
719.336,10
719.396,14
719.457,14
719.517,15
719.577,22
719.638,27
719.698,35
719.759,49
719.819,48
719.879,46
719.94,46
720.00,30
720.061,26
720.121,23
720.182,20
720.242,17
720.302,16
720.363,15
720.423,13
720.484,11
720.544,16
720.604,20
720.665,23
720.725,25
720.786,23
720.846,21
720.907,22
720.967,25
721.028,22
721.088,23
721.149,20
721.209,15
721.269,15
721.33,16
721.39,15
721.451,17
721.511,17
721.572,15
721.632,15
721.693,17
721.753,18
721.814,19
721.874,19
721.935,12
721.995,12
722.056,10
722.116,13
722.177,11
722.237,15
722.298,18
722.358,18
722.419,17
722.479,16
722.54,16
722.6,16
722.661,18
722.721,18
722.782,17
722.842,18
722.903,15
722.963,13
723.024,13
723.085,13
723.145,12
723.206,13
723.266,12
723.327,10
723.387,8
723.448,10
723.508,11
723.569,12
723.63,15
723.69,11
723.751,10
723.811,9
723.872,11
723.932,11
723.993,13
724.054,15
724.114,13
724.175,15
724.235,13
724.296,12
724.356,9
724.417,8
724.478,8
724.538,7
724.599,8
724.659,10
724.72,13
724.781,16
724.841,17
724.902,17
724.963,16
725.023,14
725.084,13
725.144,17
725.205,14
725.266,15
725.326,16
725.387,12
725.448,13
725.508,14
725.569,11
725.63,12
725.69,16
725.751,16
725.811,15
725.872,15
725.933,15
725.993,12
726.054,14
726.115,16
726.175,11
726.236,13
726.297,11
726.358,8
726.418,7
726.479,7
726.54,9
726.6,12
726.661,14
726.722,17
726.782,14
726.843,10
726.904,14
726.964,10
727.025,13
727.086,14
727.147,10
727.207,13
727.268,11
727.329,15
727.389,18
727.45,18
727.511,23
727.572,23
727.632,24
727.693,25
727.754,17
727.815,13
727.875,14
727.936,13
727.997,20
728.058,17
728.118,15
728.179,12
728.24,7
728.301,12
728.361,13
728.422,13
728.483,12
728.544,11
728.604,8
728.665,7
728.726,9
728.787,9
728.848,9
728.908,11
728.969,9
729.03,5
729.091,6
729.152,5
729.212,5
729.273,6
729.334,8
729.395,11
729.456,11
729.516,16
729.577,14
729.638,11
729.699,12
729.76,13
729.82,14
729.881,15
729.942,14
730.003,17
730.064,17
730.125,17
730.185,21
730.246,17
730.307,19
730.368,22
730.429,18
730.49,15
730.551,13
730.611,12
730.672,12
730.733,12
730.794,13
730.855,13
730.916,14
730.977,16
731.037,17
731.098,17
731.159,21
731.22,22
731.281,19
731.342,19
731.403,22
731.464,20
731.525,25
731.585,24
731.646,18
731.707,17
731.768,14
731.829,12
731.89,10
731.951,13
732.012,15
732.073,15
732.134,14
732.195,13
732.256,10
732.316,11
732.377,20
732.438,17
732.499,15
732.56,17
732.621,11
732.682,10
732.743,13
732.804,11
732.865,11
732.926,13
732.987,13
733.048,12
733.109,11
733.17,11
733.231,9
733.292,9
733.353,6
733.414,7
733.475,9
733.536,10
733.597,14
733.658,18
733.719,16
733.78,17
733.841,19
733.902,17
733.963,17
734.024,16
734.085,13
734.146,10
734.207,12
734.268,11
734.329,13
734.39,14
734.451,12
734.512,12
734.573,10
734.634,8
734.695,9
734.756,10
734.817,15
734.878,22
734.939,22
735.00,22
735.061,18
735.122,10
735.183,9
735.244,8
735.305,10
735.366,15
735.427,15
735.488,15
735.549,14
735.611,12
735.672,17
735.733,22
735.794,30
735.855,33
735.916,31
735.977,30
736.038,28
736.099,27
736.16,26
736.221,26
736.282,22
736.344,24
736.405,24
736.466,24
736.527,23
736.588,21
736.649,23
736.71,24
736.771,20
736.832,17
736.894,17
736.955,15
737.016,10
737.077,12
737.138,12
737.199,11
737.26,15
737.321,14
737.383,12
737.444,11
737.505,16
737.566,18
737.627,18
737.688,19
737.75,15
737.811,10
737.872,8
737.933,5
737.994,4
738.055,9
738.117,11
738.178,15
738.239,21
738.3,17
738.361,17
738.422,16
738.484,12
738.545,13
738.606,13
738.667,11
738.728,7
738.79,9
738.851,8
738.912,8
738.973,8
739.034,5
739.096,5
739.157,6
739.218,10
739.279,10
739.341,12
739.402,12
739.463,10
739.524,11
739.585,15
739.647,17
739.708,21
739.769,22
739.83,17
739.892,16
739.953,18
740.014,18
740.075,19
740.137,18
740.198,17
740.259,16
740.321,14
740.382,15
740.443,14
740.504,16
740.566,15
740.627,14
740.688,12
740.749,10
740.811,12
740.872,13
740.933,15
740.995,14
741.056,12
741.117,12
741.179,13
741.24,19
741.301,19
741.362,16
741.424,13
741.485,7
741.546,6
741.608,5
741.669,4
741.73,3
741.792,4
741.853,6
741.914,9
741.976,10
742.037,10
742.098,11
742.16,14
742.221,13
742.282,14
742.344,11
742.405,8
742.466,9
742.528,9
742.589,11
742.651,10
742.712,11
742.773,9
742.835,6
742.896,7
742.957,3
743.019,4
743.08,7
743.142,8
743.203,8
743.264,9
743.326,9
743.387,10
743.449,12
743.51,10
743.571,10
743.633,8
743.694,9
743.756,11
743.817,8
743.878,11
743.94,14
744.001,11
744.063,11
744.124,9
744.185,6
744.247,9
744.308,11
744.37,12
744.431,12
744.493,11
744.554,12
744.616,16
744.677,17
744.738,16
744.8,19
744.861,13
744.923,16
744.984,17
745.046,14
745.107,13
745.169,10
745.23,9
745.292,8
745.353,8
745.415,9
745.476,11
745.538,15
745.599,20
745.661,16
745.722,16
745.784,12
745.845,13
745.907,16
745.968,15
746.03,18
746.091,15
746.153,16
746.214,19
746.276,23
746.337,22
746.399,21
746.46,16
746.522,12
746.583,11
746.645,9
746.706,8
746.768,8
746.829,9
746.891,12
746.952,15
747.014,17
747.075,20
747.137,19
747.199,17
747.26,14
747.322,12
747.383,8
747.445,8
747.506,9
747.568,5
747.63,8
747.691,9
747.753,7
747.814,8
747.876,8
747.937,6
747.999,8
748.061,8
748.122,7
748.184,9
748.245,11
748.307,13
748.369,13
748.43,13
748.492,14
748.553,9
748.615,9
748.677,9
748.738,5
748.8,9
748.862,14
748.923,14
748.985,18
749.046,15
749.108,11
749.17,10
749.231,11
749.293,13
749.355,11
749.416,11
749.478,8
749.54,8
749.601,10
749.663,10
749.725,10
749.786,9
749.848,9
749.91,12
749.971,14
750.033,14
750.095,14
750.156,15
750.218,13
750.28,18
750.341,20
750.403,17
750.465,19
750.526,18
750.588,15
750.65,15
750.711,13
750.773,9
750.835,11
750.897,12
750.958,13
751.02,12
751.082,9
751.143,9
751.205,8
751.267,7
751.329,9
751.39,9
751.452,8
751.514,10
751.575,14
751.637,14
751.699,15
751.761,18
751.822,13
751.884,13
751.946,15
752.008,14
752.069,14
752.131,12
752.193,10
752.255,10
752.317,13
752.378,15
752.44,19
752.502,20
752.564,17
752.625,18
752.687,13
752.749,13
752.811,16
752.873,13
752.934,15
752.996,13
753.058,10
753.12,10
753.182,9
753.243,14
753.305,13
753.367,13
753.429,12
753.491,10
753.552,12
753.614,15
753.676,16
753.738,9
753.8,6
753.862,4
753.923,8
753.985,16
754.047,20
754.109,22
754.171,20
754.233,15
754.294,14
754.356,13
754.418,9
754.48,11
754.542,13
754.604,12
754.666,15
754.727,15
754.789,13
754.851,15
754.913,16
754.975,15
755.037,16
755.099,13
755.161,12
755.222,15
755.284,15
755.346,18
755.408,16
755.47,14
755.532,14
755.594,12
755.656,13
755.718,8
755.78,6
755.842,5
755.903,8
755.965,12
756.027,15
756.089,16
756.151,17
756.213,19
756.275,16
756.337,15
756.399,10
756.461,11
756.523,12
756.585,12
756.647,10
756.709,10
756.771,7
756.832,6
756.894,8
756.956,8
757.018,9
757.08,9
757.142,9
757.204,8
757.266,12
757.328,13
757.39,14
757.452,12
757.514,8
757.576,8
757.638,9
757.7,14
757.762,15
757.824,15
757.886,13
757.948,10
758.01,11
758.072,10
758.134,8
758.196,9
758.258,8
758.32,8
758.382,11
758.444,10
758.506,8
758.568,10
758.63,9
758.692,8
758.754,8
758.816,9
758.878,10
758.94,12
759.002,15
759.065,16
759.127,17
759.189,17
759.251,17
759.313,15
759.375,14
759.437,16
759.499,19
759.561,18
759.623,19
759.685,17
759.747,13
759.809,13
759.871,14
759.933,11
759.996,10
760.058,12
760.12,11
760.182,10
760.244,9
760.306,10
760.368,12
760.43,10
760.492,11
760.554,10
760.617,7
760.679,11
760.741,13
760.803,13
760.865,13
760.927,11
760.989,11
761.051,11
761.114,15
761.176,18
761.238,17
761.3,15
761.362,14
761.424,16
761.486,17
761.549,17
761.611,12
761.673,8
761.735,10
761.797,13
761.859,14
761.921,14
761.984,13
762.046,12
762.108,13
762.17,12
762.232,11
762.295,11
762.357,13
762.419,16
762.481,16
762.543,17
762.605,16
762.668,16
762.73,15
762.792,12
762.854,11
762.916,11
762.979,9
763.041,11
763.103,11
763.165,9
763.228,14
763.29,14
763.352,13
763.414,14
763.476,12
763.539,10
763.601,11
763.663,10
763.725,9
763.788,9
763.85,7
763.912,6
763.974,7
764.037,9
764.099,14
764.161,15
764.223,14
764.286,16
764.348,15
764.41,14
764.472,19
764.535,15
764.597,13
764.659,13
764.722,11
764.784,9
764.846,13
764.908,13
764.971,12
765.033,13
765.095,12
765.158,13
765.22,13
765.282,13
765.345,12
765.407,7
765.469,7
765.531,7
765.594,6
765.656,7
765.718,11
765.781,11
765.843,13
765.905,16
765.968,12
766.03,14
766.092,14
766.155,11
766.217,11
766.279,12
766.342,11
766.404,10
766.466,13
766.529,9
766.591,9
766.654,12
766.716,9
766.778,12
766.841,12
766.903,7
766.965,6
767.028,6
767.09,6
767.153,11
767.215,19
767.277,17
767.34,17
767.402,13
767.464,6
767.527,5
767.589,3
767.652,6
767.714,8
767.776,9
767.839,13
767.901,10
767.964,8
768.026,7
768.089,6
768.151,7
768.213,6
768.276,8
768.338,9
768.401,9
768.463,11
768.526,9
768.588,9
768.65,9
768.713,11
768.775,11
768.838,8
768.9,9
768.963,6
769.025,6
769.088,9
769.15,7
769.213,10
769.275,12
769.337,13
769.4,14
769.462,11
769.525,11
769.587,10
769.65,11
769.712,8
769.775,8
769.837,8
769.9,10
769.962,12
770.025,14
770.087,13
770.15,11
770.212,11
770.275,9
770.337,10
770.4,12
770.462,13
770.525,14
770.587,15
770.65,12
770.713,9
770.775,8
770.838,7
770.9,11
770.963,15
771.025,14
771.088,13
771.15,15
771.213,13
771.275,14
771.338,14
771.4,16
771.463,16
771.526,17
771.588,18
771.651,14
771.713,15
771.776,20
771.838,23
771.901,24
771.964,16
772.026,12
772.089,9
772.151,10
772.214,17
772.277,16
772.339,18
772.402,23
772.464,20
772.527,20
772.59,19
772.652,16
772.715,16
772.777,15
772.84,14
772.903,12
772.965,13
773.028,13
773.09,12
773.153,11
773.216,7
773.278,8
773.341,8
773.404,4
773.466,10
773.529,11
773.592,14
773.654,18
773.717,18
773.78,17
773.842,17
773.905,18
773.967,16
774.03,15
774.093,13
774.155,12
774.218,10
774.281,12
774.343,13
774.406,13
774.469,11
774.532,12
774.594,9
774.657,6
774.72,11
774.782,12
774.845,15
774.908,26
774.97,29
775.033,25
775.096,25
775.159,18
775.221,16
775.284,20
775.347,20
775.409,16
775.472,14
775.535,14
775.598,14
775.66,15
775.723,13
775.786,9
775.849,7
775.911,6
775.974,6
776.037,8
776.099,11
776.162,15
776.225,17
776.288,17
776.351,19
776.413,17
776.476,18
776.539,17
776.602,15
776.664,14
776.727,14
776.79,15
776.853,12
776.915,14
776.978,10
777.041,9
777.104,9
777.167,6
777.229,7
777.292,6
777.355,6
777.418,9
777.481,11
777.543,11
777.606,11
777.669,12
777.732,11
777.795,13
777.857,14
777.92,13
777.983,12
778.046,12
778.109,15
778.172,10
778.234,10
778.297,8
778.36,5
778.423,6
778.486,11
778.549,13
778.612,15
778.674,18
778.737,15
778.8,14
778.863,10
778.926,11
778.989,10
779.052,11
779.114,13
779.177,11
779.24,11
779.303,10
779.366,12
779.429,14
779.492,12
779.555,11
779.618,10
779.68,8
779.743,8
779.806,10
779.869,12
779.932,10
779.995,12
780.058,11
780.121,10
780.184,8
780.247,6
780.309,7
780.372,7
780.435,13
780.498,16
780.561,17
780.624,17
780.687,18
780.75,18
780.813,18
780.876,18
780.939,17
781.002,15
781.065,19
781.128,20
781.191,16
781.254,17
781.317,13
781.38,11
781.443,10
781.505,10
781.568,12
781.631,12
781.694,13
781.757,11
781.82,10
781.883,12
781.946,14
782.009,19
782.072,19
782.135,18
782.198,13
782.261,10
782.324,10
782.387,11
782.45,14
782.513,12
782.576,11
782.639,10
782.702,12
782.765,15
782.828,20
782.891,21
782.954,16
783.018,16
783.081,12
783.144,12
783.207,13
783.27,15
783.333,15
783.396,15
783.459,15
783.522,17
783.585,17
783.648,18
783.711,19
783.774,14
783.837,14
783.9,12
783.963,14
784.026,15
784.089,16
784.153,17
784.216,15
784.279,15
784.342,12
784.405,10
784.468,9
784.531,12
784.594,12
784.657,15
784.72,12
784.783,7
784.847,10
784.91,7
784.973,9
785.036,11
785.099,10
785.162,12
785.225,9
785.288,10
785.351,15
785.415,17
785.478,21
785.541,23
785.604,21
785.667,21
785.73,19
785.793,19
785.857,17
785.92,16
785.983,13
786.046,14
786.109,15
786.172,21
786.236,24
786.299,23
786.362,25
786.425,20
786.488,17
786.551,20
786.615,16
786.678,14
786.741,11
786.804,9
786.867,10
786.93,9
786.994,9
787.057,9
787.12,8
787.183,10
787.246,12
787.31,10
787.373,10
787.436,8
787.499,5
787.563,8
787.626,9
787.689,9
787.752,6
787.815,7
787.879,11
787.942,15
788.005,23
788.068,24
788.132,20
788.195,17
788.258,17
788.321,20
788.385,19
788.448,21
788.511,18
788.574,12
788.638,13
788.701,11
788.764,11
788.827,15
788.891,20
788.954,22
789.017,23
789.08,21
789.144,19
789.207,18
789.27,19
789.334,19
789.397,15
789.46,13
789.523,8
789.587,9
789.65,9
789.713,9
789.777,12
789.84,12
789.903,12
789.967,11
790.03,10
790.093,10
790.157,12
790.22,14
790.283,11
790.347,7
790.41,8
790.473,8
790.537,9
790.6,11
790.663,8
790.727,7
790.79,6
790.853,7
790.917,6
790.98,6
791.043,7
791.107,6
791.17,6
791.233,7
791.297,10
791.36,9
791.424,14
791.487,15
791.55,15
791.614,16
791.677,13
791.74,13
791.804,9
791.867,12
791.931,12
791.994,12
792.057,15
792.121,15
792.184,15
792.248,15
792.311,20
792.374,20
792.438,20
792.501,22
792.565,18
792.628,16
792.692,18
792.755,14
792.818,12
792.882,13
792.945,9
793.009,11
793.072,9
793.136,7
793.199,8
793.263,8
793.326,11
793.389,11
793.453,11
793.516,10
793.58,9
793.643,10
793.707,9
793.77,11
793.834,10
793.897,12
793.961,14
794.024,10
794.088,14
794.151,9
794.215,11
794.278,14
794.342,12
794.405,17
794.469,16
794.532,14
794.596,14
794.659,13
794.723,10
794.786,12
794.85,10
794.913,9
794.977,11
795.04,12
795.104,12
795.167,11
795.231,10
795.294,9
795.358,14
795.421,17
795.485,16
795.548,15
795.612,11
795.675,7
795.739,9
795.803,9
795.866,12
795.93,14
795.993,13
796.057,15
796.12,17
796.184,14
796.247,13
796.311,10
796.375,10
796.438,11
796.502,12
796.565,13
796.629,14
796.693,13
796.756,11
796.82,10
796.883,8
796.947,9
797.01,11
797.074,13
797.138,17
797.201,22
797.265,21
797.329,20
797.392,21
797.456,19
797.519,22
797.583,23
797.647,14
797.71,12
797.774,13
797.838,12
797.901,18
797.965,16
798.028,14
798.092,15
798.156,13
798.219,17
798.283,20
798.347,22
798.41,18
798.474,19
798.538,17
798.601,16
798.665,18
798.729,14
798.792,13
798.856,13
798.92,12
798.983,11
799.047,10
799.111,8
799.174,7
799.238,7
799.302,6
799.365,6
799.429,6
799.493,11
799.557,15
799.62,18
799.684,17
799.748,17
799.811,15
799.875,13
799.939,16
800.003,14
800.066,15
800.13,18
800.194,16
800.257,14
800.321,13
800.385,8
800.449,9
800.512,10
800.576,10
800.64,11
800.704,15
800.767,15
800.831,14
800.895,17
800.959,12
801.022,12
801.086,12
801.15,10
801.214,7
801.277,9
801.341,9
801.405,8
801.469,12
801.533,16
801.596,14
801.66,12
801.724,12
801.788,13
801.852,13
801.915,15
801.979,13
802.043,7
802.107,8
802.171,7
802.234,6
802.298,9
802.362,9
802.426,8
802.49,6
802.553,6
802.617,7
802.681,8
802.745,9
802.809,8
802.873,7
802.936,7
803.00,10
803.064,8
803.128,8
803.192,7
803.256,6
803.32,10
803.383,11
803.447,13
803.511,17
803.575,14
803.639,13
803.703,12
803.767,14
803.83,14
803.894,15
803.958,17
804.022,14
804.086,15
804.15,13
804.214,12
804.278,10
804.342,10
804.405,11
804.469,11
804.533,11
804.597,12
804.661,13
804.725,13
804.789,11
804.853,9
804.917,8
804.981,7
805.045,7
805.109,8
805.172,9
805.236,12
805.3,15
805.364,15
805.428,15
805.492,14
805.556,15
805.62,14
805.684,14
805.748,16
805.812,17
805.876,18
805.94,17
806.004,14
806.068,10
806.132,9
806.196,10
806.26,10
806.324,8
806.388,7
806.452,8
806.516,8
806.58,8
806.644,13
806.707,12
806.771,10
806.835,12
806.899,12
806.963,11
807.027,12
807.091,12
807.155,10
807.22,11
807.284,11
807.348,12
807.412,12
807.476,13
807.54,13
807.604,14
807.668,11
807.732,11
807.796,14
807.86,11
807.924,13
807.988,11
808.052,10
808.116,14
808.18,15
808.244,14
808.308,12
808.372,17
808.436,16
808.5,18
808.564,20
808.628,15
808.692,16
808.757,18
808.821,17
808.885,19
808.949,16
809.013,14
809.077,12
809.141,10
809.205,10
809.269,11
809.333,11
809.397,14
809.462,18
809.526,15
809.59,16
809.654,11
809.718,8
809.782,8
809.846,7
809.91,8
809.974,7
810.039,8
810.103,8
810.167,5
810.231,7
810.295,7
810.359,11
810.423,13
810.487,13
810.552,13
810.616,8
810.68,11
810.744,10
810.808,10
810.872,13
810.937,9
811.001,12
811.065,12
811.129,10
811.193,12
811.257,7
811.322,8
811.386,8
811.45,6
811.514,7
811.578,6
811.642,10
811.707,10
811.771,9
811.835,9
811.899,7
811.963,7
812.028,9
812.092,9
812.156,6
812.22,8
812.284,9
812.349,11
812.413,12
812.477,10
812.541,8
812.606,5
812.67,6
812.734,7
812.798,9
812.863,10
812.927,11
812.991,12
813.055,13
813.12,14
813.184,12
813.248,8
813.312,7
813.377,5
813.441,5
813.505,7
813.569,7
813.634,10
813.698,10
813.762,12
813.826,12
813.891,9
813.955,10
814.019,15
814.084,14
814.148,15
814.212,16
814.276,11
814.341,10
814.405,10
814.469,9
814.534,8
814.598,10
814.662,10
814.727,8
814.791,7
814.855,9
814.919,10
814.984,11
815.048,12
815.112,10
815.177,9
815.241,10
815.305,12
815.37,12
815.434,14
815.498,16
815.563,19
815.627,17
815.692,14
815.756,14
815.82,18
815.885,18
815.949,20
816.013,19
816.078,13
816.142,13
816.206,12
816.271,11
816.335,13
816.4,15
816.464,13
816.528,11
816.593,14
816.657,14
816.721,14
816.786,16
816.85,15
816.915,14
816.979,17
817.043,15
817.108,16
817.172,17
817.237,17
817.301,19
817.366,17
817.43,16
817.494,15
817.559,13
817.623,18
817.688,17
817.752,15
817.817,17
817.881,13
817.945,13
818.01,14
818.074,13
818.139,11
818.203,9
818.268,10
818.332,11
818.397,11
818.461,15
818.525,15
818.59,13
818.654,13
818.719,10
818.783,10
818.848,13
818.912,13
818.977,15
819.041,12
819.106,11
819.17,11
819.235,10
819.299,11
819.364,9
819.428,11
819.493,12
819.557,16
819.622,18
819.686,17
819.751,15
819.815,11
819.88,8
819.944,5
820.009,5
820.073,9
820.138,9
820.202,10
820.267,15
820.332,12
820.396,13
820.461,14
820.525,10
820.59,10
820.654,12
820.719,9
820.783,10
820.848,10
820.912,10
820.977,10
821.042,11
821.106,13
821.171,13
821.235,11
821.3,11
821.364,13
821.429,11
821.494,17
821.558,13
821.623,13
821.687,11
821.752,8
821.817,8
821.881,7
821.946,9
822.01,6
822.075,8
822.14,9
822.204,7
822.269,11
822.333,11
822.398,11
822.463,14
822.527,15
822.592,14
822.657,14
822.721,15
822.786,13
822.85,15
822.915,14
822.98,12
823.044,17
823.109,18
823.174,16
823.238,16
823.303,18
823.368,13
823.432,14
823.497,13
823.562,6
823.626,9
823.691,7
823.756,8
823.82,10
823.885,9
823.95,9
824.014,8
824.079,10
824.144,11
824.208,10
824.273,12
824.338,20
824.402,20
824.467,18
824.532,15
824.597,11
824.661,10
824.726,11
824.791,10
824.855,9
824.92,8
824.985,11
825.05,13
825.114,11
825.179,11
825.244,11
825.308,11
825.373,11
825.438,12
825.503,10
825.567,12
825.632,13
825.697,13
825.762,14
825.826,13
825.891,11
825.956,11
826.021,8
826.086,7
826.15,12
826.215,13
826.28,15
826.345,16
826.409,10
826.474,8
826.539,8
826.604,11
826.669,12
826.733,15
826.798,13
826.863,11
826.928,12
826.992,13
827.057,14
827.122,12
827.187,18
827.252,13
827.317,14
827.381,15
827.446,11
827.511,11
827.576,10
827.641,7
827.705,5
827.77,4
827.835,5
827.9,8
827.965,13
828.03,17
828.094,15
828.159,17
828.224,14
828.289,13
828.354,18
828.419,17
828.484,19
828.548,18
828.613,14
828.678,11
828.743,5
828.808,6
828.873,8
828.938,11
829.003,11
829.067,10
829.132,11
829.197,10
829.262,10
829.327,10
829.392,8
829.457,8
829.522,7
829.587,10
829.652,9
829.716,11
829.781,15
829.846,17
829.911,20
829.976,18
830.041,12
830.106,7
830.171,7
830.236,7
830.301,8
830.366,8
830.431,7
830.496,8
830.56,9
830.625,9
830.69,7
830.755,5
830.82,5
830.885,8
830.95,9
831.015,8
831.08,9
831.145,6
831.21,5
831.275,5
831.34,2
831.405,3
831.47,4
831.535,6
831.6,9
831.665,8
831.73,8
831.795,9
831.86,7
831.925,10
831.99,9
832.055,8
832.12,11
832.185,11
832.25,13
832.315,14
832.38,12
832.445,12
832.51,13
832.575,12
832.64,13
832.705,12
832.77,12
832.835,12
832.9,11
832.965,10
833.03,8
833.095,9
833.16,8
833.225,12
833.29,12
833.355,10
833.42,9
833.486,7
833.551,8
833.616,9
833.681,13
833.746,12
833.811,12
833.876,9
833.941,9
834.006,8
834.071,8
834.136,7
834.201,10
834.266,11
834.332,12
834.397,13
834.462,11
834.527,10
834.592,8
834.657,12
834.722,10
834.787,11
834.852,13
834.917,7
834.983,7
835.048,8
835.113,7
835.178,8
835.243,5
835.308,4
835.373,5
835.438,6
835.504,9
835.569,10
835.634,11
835.699,14
835.764,13
835.829,13
835.895,11
835.96,10
836.025,8
836.09,7
836.155,9
836.22,7
836.285,11
836.351,12
836.416,10
836.481,11
836.546,9
836.611,10
836.677,10
836.742,10
836.807,14
836.872,11
836.937,11
837.003,13
837.068,12
837.133,15
837.198,16
837.263,13
837.329,9
837.394,8
837.459,8
837.524,10
837.589,7
837.655,9
837.72,10
837.785,8
837.85,13
837.916,13
837.981,11
838.046,15
838.111,17
838.177,16
838.242,17
838.307,15
838.372,13
838.438,14
838.503,13
838.568,12
838.633,9
838.699,9
838.764,11
838.829,11
838.894,12
838.96,10
839.025,11
839.09,10
839.155,9
839.221,12
839.286,9
839.351,9
839.417,12
839.482,17
839.547,19
839.613,23
839.678,25
839.743,26
839.808,27
839.874,27
839.939,26
840.004,21
840.07,20
840.135,16
840.2,12
840.266,13
840.331,13
840.396,13
840.462,10
840.527,13
840.592,15
840.658,19
840.723,24
840.788,25
840.854,27
840.919,30
840.984,31
841.05,30
841.115,27
841.18,22
841.246,23
841.311,20
841.377,22
841.442,26
841.507,24
841.573,24
841.638,25
841.703,22
841.769,22
841.834,27
841.9,25
841.965,26
842.03,31
842.096,29
842.161,29
842.227,29
842.292,20
842.357,20
842.423,19
842.488,17
842.554,18
842.619,14
842.685,14
842.75,13
842.815,7
842.881,8
842.946,8
843.012,9
843.077,8
843.143,7
843.208,6
843.273,5
843.339,11
843.404,15
843.47,15
843.535,17
843.601,19
843.666,17
843.732,16
843.797,14
843.863,10
843.928,11
843.993,13
844.059,16
844.124,14
844.19,12
844.255,14
844.321,11
844.386,9
844.452,12
844.517,10
844.583,14
844.648,19
844.714,19
844.779,19
844.845,20
844.91,20
844.976,19
845.041,21
845.107,19
845.172,12
845.238,13
845.303,13
845.369,11
845.435,11
845.5,10
845.566,7
845.631,7
845.697,7
845.762,10
845.828,11
845.893,15
845.959,20
846.024,22
846.09,22
846.156,22
846.221,18
846.287,14
846.352,14
846.418,10
846.483,9
846.549,8
846.615,9
846.68,11
846.746,6
846.811,9
846.877,12
846.942,12
847.008,13
847.074,8
847.139,6
847.205,8
847.27,8
847.336,10
847.402,12
847.467,12
847.533,11
847.598,13
847.664,14
847.73,9
847.795,12
847.861,8
847.927,7
847.992,11
848.058,7
848.123,10
848.189,9
848.255,8
848.32,15
848.386,12
848.452,15
848.517,16
848.583,14
848.649,18
848.714,18
848.78,18
848.846,20
848.911,19
848.977,17
849.043,15
849.108,12
849.174,10
849.24,12
849.305,14
849.371,13
849.437,15
849.502,13
849.568,11
849.634,12
849.699,10
849.765,13
849.831,16
849.897,11
849.962,13
850.028,12
850.094,10
850.159,12
850.225,12
850.291,10
850.357,10
850.422,8
850.488,6
850.554,6
850.619,5
850.685,6
850.751,8
850.817,9
850.882,9
850.948,7
851.014,7
851.08,8
851.145,10
851.211,8
851.277,8
851.343,8
851.408,9
851.474,12
851.54,11
851.606,10
851.672,8
851.737,12
851.803,12
851.869,12
851.935,12
852.00,9
852.066,7
852.132,7
852.198,7
852.264,4
852.329,5
852.395,7
852.461,8
852.527,8
852.593,9
852.658,7
852.724,5
852.79,8
852.856,6
852.922,6
852.988,9
853.053,12
853.119,18
853.185,17
853.251,15
853.317,11
853.383,7
853.448,9
853.514,9
853.58,7
853.646,6
853.712,7
853.778,8
853.844,11
853.909,14
853.975,13
854.041,11
854.107,15
854.173,16
854.239,14
854.305,15
854.371,15
854.436,14
854.502,14
854.568,15
854.634,8
854.7,5
854.766,6
854.832,4
854.898,5
854.964,5
855.029,5
855.095,8
855.161,7
855.227,9
855.293,10
855.359,7
855.425,9
855.491,11
855.557,9
855.623,8
855.689,14
855.755,15
855.821,17
855.886,24
855.952,23
856.018,20
856.084,20
856.15,18
856.216,14
856.282,14
856.348,15
856.414,13
856.48,12
856.546,14
856.612,16
856.678,16
856.744,17
856.81,18
856.876,15
856.942,15
857.008,20
857.074,18
857.14,18
857.206,19
857.272,11
857.338,10
857.404,9
857.47,7
857.536,9
857.602,9
857.668,10
857.734,13
857.8,10
857.866,11
857.932,12
857.998,10
858.064,12
858.13,13
858.196,10
858.262,10
858.328,10
858.394,11
858.46,12
858.526,12
858.592,15
858.658,11
858.724,12
858.79,14
858.856,15
858.922,16
858.988,15
859.055,13
859.121,14
859.187,13
859.253,16
859.319,14
859.385,11
859.451,15
859.517,14
859.583,14
859.649,13
859.715,12
859.781,11
859.847,15
859.914,15
859.98,14
860.046,12
860.112,10
860.178,14
860.244,12
860.31,14
860.376,13
860.442,10
860.509,10
860.575,12
860.641,13
860.707,14
860.773,14
860.839,13
860.905,11
860.971,8
861.038,9
861.104,8
861.17,11
861.236,11
861.302,13
861.368,12
861.434,11
861.501,16
861.567,15
861.633,14
861.699,12
861.765,14
861.831,13
861.898,14
861.964,16
862.03,9
862.096,9
862.162,10
862.229,9
862.295,14
862.361,17
862.427,16
862.493,17
862.56,15
862.626,13
862.692,13
862.758,12
862.824,12
862.891,10
862.957,9
863.023,9
863.089,9
863.155,12
863.222,15
863.288,14
863.354,10
863.42,9
863.487,6
863.553,5
863.619,6
863.685,7
863.752,10
863.818,12
863.884,15
863.95,13
864.017,11
864.083,13
864.149,13
864.215,13
864.282,14
864.348,11
864.414,13
864.48,11
864.547,11
864.613,11
864.679,8
864.746,10
864.812,9
864.878,10
864.944,7
865.011,6
865.077,8
865.143,8
865.21,11
865.276,14
865.342,11
865.409,11
865.475,15
865.541,11
865.607,12
865.674,10
865.74,7
865.806,11
865.873,11
865.939,15
866.005,12
866.072,7
866.138,8
866.204,8
866.271,7
866.337,7
866.403,8
866.47,5
866.536,7
866.603,9
866.669,7
866.735,10
866.802,7
866.868,7
866.934,6
867.001,2
867.067,5
867.133,6
867.2,8
867.266,11
867.333,10
867.399,11
867.465,11
867.532,9
867.598,8
867.665,7
867.731,9
867.797,13
867.864,15
867.93,16
867.997,14
868.063,12
868.129,13
868.196,12
868.262,13
868.329,13
868.395,17
868.462,17
868.528,18
868.594,21
868.661,19
868.727,20
868.794,19
868.86,16
868.927,14
868.993,11
869.06,10
869.126,12
869.192,6
869.259,7
869.325,8
869.392,6
869.458,13
869.525,17
869.591,16
869.658,18
869.724,12
869.791,12
869.857,11
869.924,9
869.99,10
870.057,6
870.123,7
870.19,9
870.256,8
870.323,11
870.389,13
870.456,12
870.522,12
870.589,11
870.655,11
870.722,10
870.788,10
870.855,11
870.921,11
870.988,13
871.054,19
871.121,19
871.187,21
871.254,23
871.32,20
871.387,21
871.453,19
871.52,15
871.587,17
871.653,16
871.72,18
871.786,19
871.853,15
871.919,14
871.986,10
872.052,9
872.119,12
872.186,15
872.252,18
872.319,22
872.385,23
872.452,19
872.519,16
872.585,13
872.652,13
872.718,13
872.785,15
872.851,15
872.918,15
872.985,15
873.051,16
873.118,18
873.185,16
873.251,17
873.318,16
873.384,14
873.451,13
873.518,16
873.584,16
873.651,15
873.718,18
873.784,15
873.851,14
873.917,18
873.984,17
874.051,16
874.117,15
874.184,15
874.251,16
874.317,14
874.384,18
874.451,14
874.517,11
874.584,9
874.651,5
874.717,5
874.784,6
874.851,10
874.917,10
874.984,9
875.051,9
875.117,7
875.184,9
875.251,13
875.317,15
875.384,15
875.451,14
875.518,13
875.584,7
875.651,8
875.718,9
875.784,10
875.851,9
875.918,9
875.985,8
876.051,5
876.118,4
876.185,4
876.251,4
876.318,5
876.385,6
876.452,7
876.518,9
876.585,10
876.652,13
876.719,12
876.785,11
876.852,14
876.919,18
876.986,17
877.052,16
877.119,13
877.186,10
877.253,9
877.319,11
877.386,12
877.453,10
877.52,11
877.587,12
877.653,11
877.72,12
877.787,16
877.854,13
877.92,13
877.987,13
878.054,10
878.121,11
878.188,12
878.255,18
878.321,18
878.388,17
878.455,17
878.522,12
878.589,8
878.655,10
878.722,8
878.789,6
878.856,8
878.923,8
878.99,8
879.056,7
879.123,9
879.19,11
879.257,12
879.324,15
879.391,17
879.457,15
879.524,16
879.591,17
879.658,14
879.725,13
879.792,11
879.859,11
879.926,10
879.992,10
880.059,11
880.126,12
880.193,16
880.26,14
880.327,12
880.394,12
880.461,10
880.527,13
880.594,16
880.661,16
880.728,16
880.795,14
880.862,13
880.929,13
880.996,10
881.063,10
881.13,10
881.197,6
881.263,9
881.33,10
881.397,8
881.464,7
881.531,6
881.598,6
881.665,8
881.732,6
881.799,5
881.866,5
881.933,4
882.00,9
882.067,10
882.134,10
882.201,10
882.268,11
882.335,10
882.402,10
882.469,9
882.536,6
882.602,6
882.669,7
882.736,7
882.803,7
882.87,8
882.937,7
883.004,8
883.071,10
883.138,10
883.205,10
883.272,11
883.339,10
883.406,11
883.473,11
883.54,11
883.607,13
883.674,12
883.741,11
883.808,13
883.875,9
883.943,10
884.01,11
884.077,9
884.144,9
884.211,12
884.278,15
884.345,18
884.412,21
884.479,18
884.546,18
884.613,17
884.68,20
884.747,20
884.814,18
884.881,16
884.948,9
885.015,10
885.082,10
885.149,12
885.217,11
885.284,13
885.351,16
885.418,13
885.485,12
885.552,10
885.619,8
885.686,12
885.753,11
885.82,9
885.887,8
885.954,7
886.022,9
886.089,11
886.156,12
886.223,12
886.29,17
886.357,17
886.424,15
886.491,13
886.559,15
886.626,14
886.693,15
886.76,13
886.827,7
886.894,4
886.961,4
887.029,8
887.096,7
887.163,8
887.23,7
887.297,6
887.364,6
887.431,13
887.499,15
887.566,14
887.633,19
887.7,20
887.767,18
887.834,19
887.902,20
887.969,13
888.036,14
888.103,12
888.17,6
888.238,8
888.305,8
888.372,9
888.439,12
888.506,14
888.574,18
888.641,19
888.708,18
888.775,16
888.842,11
888.91,9
888.977,9
889.044,12
889.111,11
889.178,13
889.246,12
889.313,12
889.38,12
889.447,11
889.515,14
889.582,14
889.649,16
889.716,17
889.784,10
889.851,11
889.918,14
889.985,14
890.053,17
890.12,16
890.187,12
890.254,11
890.322,11
890.389,12
890.456,11
890.524,10
890.591,11
890.658,10
890.725,10
890.793,9
890.86,10
890.927,9
890.995,9
891.062,14
891.129,15
891.196,14
891.264,16
891.331,13
891.398,11
891.466,14
891.533,13
891.6,13
891.668,11
891.735,12
891.802,12
891.87,12
891.937,14
892.004,12
892.072,11
892.139,10
892.206,14
892.274,13
892.341,12
892.408,11
892.476,9
892.543,7
892.61,12
892.678,14
892.745,11
892.813,13
892.88,9
892.947,7
893.015,7
893.082,8
893.149,11
893.217,14
893.284,17
893.352,18
893.419,15
893.486,12
893.554,12
893.621,12
893.689,12
893.756,13
893.823,12
893.891,10
893.958,12
894.026,15
894.093,14
894.16,14
894.228,14
894.295,11
894.363,10
894.43,11
894.498,10
894.565,10
894.632,17
894.7,19
894.767,20
894.835,20
894.902,15
894.97,13
895.037,15
895.105,15
895.172,14
895.239,12
895.307,12
895.374,14
895.442,11
895.509,13
895.577,11
895.644,12
895.712,13
895.779,12
895.847,12
895.914,9
895.982,9
896.049,14
896.117,13
896.184,14
896.252,12
896.319,9
896.387,9
896.454,11
896.522,12
896.589,10
896.657,9
896.724,7
896.792,7
896.859,6
896.927,6
896.994,5
897.062,5
897.129,5
897.197,6
897.264,6
897.332,3
897.4,6
897.467,7
897.535,7
897.602,12
897.67,13
897.737,11
897.805,11
897.872,10
897.94,9
898.008,11
898.075,12
898.143,8
898.21,6
898.278,4
898.345,4
898.413,5
898.481,4
898.548,6
898.616,5
898.683,9
898.751,10
898.819,10
898.886,10
898.954,12
899.021,13
899.089,12
899.157,14
899.224,15
899.292,13
899.359,15
899.427,14
899.495,11
899.562,14
899.63,13
899.697,13
899.765,13
899.833,8
899.9,8
899.968,10
900.036,15
900.103,14
900.171,12
900.239,8
900.306,9
900.374,11
900.442,12
900.509,15
900.577,12
900.645,9
900.712,10
900.78,10
900.848,14
900.915,18
900.983,16
901.051,14
901.118,12
901.186,13
901.254,15
901.321,18
901.389,16
901.457,11
901.524,13
901.592,9
901.66,13
901.728,17
901.795,13
901.863,14
901.931,12
901.998,10
902.066,10
902.134,11
902.202,9
902.269,7
902.337,7
902.405,7
902.473,11
902.54,11
902.608,14
902.676,14
902.743,10
902.811,12
902.879,11
902.947,12
903.014,10
903.082,9
903.15,7
903.218,7
903.286,8
903.353,8
903.421,10
903.489,12
903.557,13
903.624,14
903.692,13
903.76,9
903.828,11
903.896,10
903.963,9
904.031,12
904.099,11
904.167,12
904.235,13
904.302,9
904.37,8
904.438,9
904.506,12
904.574,17
904.641,23
904.709,24
904.777,25
904.845,27
904.913,23
904.981,25
905.048,21
905.116,15
905.184,15
905.252,14
905.32,19
905.388,25
905.455,21
905.523,21
905.591,18
905.659,14
905.727,20
905.795,19
905.863,19
905.93,19
905.998,10
906.066,13
906.134,12
906.202,14
906.27,16
906.338,13
906.406,12
906.473,11
906.541,13
906.609,10
906.677,12
906.745,12
906.813,11
906.881,13
906.949,12
907.017,11
907.085,9
907.152,9
907.22,10
907.288,13
907.356,15
907.424,16
907.492,18
907.56,16
907.628,13
907.696,13
907.764,12
907.832,13
907.9,15
907.968,13
908.036,12
908.103,12
908.171,10
908.239,12
908.307,12
908.375,11
908.443,8
908.511,9
908.579,8
908.647,8
908.715,10
908.783,9
908.851,10
908.919,10
908.987,12
909.055,16
909.123,15
909.191,14
909.259,17
909.327,14
909.395,15
909.463,16
909.531,16
909.599,12
909.667,13
909.735,14
909.803,12
909.871,15
909.939,15
910.007,13
910.075,12
910.143,14
910.211,13
910.279,14
910.347,16
910.415,14
910.483,14
910.551,14
910.619,14
910.687,14
910.756,14
910.824,14
910.892,12
910.96,13
911.028,15
911.096,16
911.164,16
911.232,18
911.3,22
911.368,26
911.436,32
911.504,90
911.572,151
911.64,211
911.708,273
911.777,308
911.845,340
911.913,368
911.981,397
912.049,332
912.117,262
912.185,197
912.253,123
912.321,111
912.389,104
912.458,96
912.526,82
912.594,143
912.662,204
912.73,267
912.798,332
912.866,326
912.934,322
913.003,313
913.071,309
913.139,258
913.207,202
913.275,153
913.343,96
913.411,96
913.48,98
913.548,102
913.616,101
913.684,126
913.752,149
913.82,168
913.889,197
913.957,175
914.025,154
914.093,132
914.161,106
914.229,88
914.298,71
914.366,53
914.434,37
914.502,40
914.57,44
914.639,52
914.707,61
914.775,67
914.843,71
914.911,75
914.98,77
915.048,67
915.116,57
915.184,43
915.253,27
915.321,24
915.389,21
915.457,20
915.525,18
915.594,20
915.662,23
915.73,26
915.798,26
915.867,28
915.935,25
916.003,24
916.071,21
916.14,22
916.208,26
916.276,28
916.344,29
916.413,27
916.481,28
916.549,27
916.617,26
916.686,24
916.754,20
916.822,20
916.891,15
916.959,16
917.027,16
917.095,15
917.164,17
917.232,20
917.3,21
917.369,21
917.437,25
917.505,22
917.574,20
917.642,20
917.71,15
917.778,16
917.847,18
917.915,18
917.983,18
918.052,15
918.12,15
918.188,15
918.257,18
918.325,21
918.393,21
918.462,21
918.53,25
918.598,21
918.667,19
918.735,17
918.803,14
918.872,17
918.94,15
919.009,13
919.077,13
919.145,11
919.214,11
919.282,12
919.35,9
919.419,7
919.487,7
919.556,9
919.624,12
919.692,13
919.761,15
919.829,13
919.898,11
919.966,12
920.034,11
920.103,12
920.171,11
920.24,15
920.308,15
920.376,14
920.445,17
920.513,14
920.582,13
920.65,12
920.718,12
920.787,9
920.855,9
920.924,13
920.992,9
921.061,10
921.129,12
921.198,8
921.266,8
921.334,7
921.403,6
921.471,7
921.54,8
921.608,10
921.677,9
921.745,8
921.814,8
921.882,9
921.951,8
922.019,9
922.088,12
922.156,13
922.224,17
922.293,18
922.361,19
922.43,13
922.498,14
922.567,14
922.635,14
922.704,17
922.772,12
922.841,11
922.909,14
922.978,13
923.046,13
923.115,10
923.184,8
923.252,10
923.321,10
923.389,10
923.458,8
923.526,5
923.595,6
923.663,10
923.732,9
923.8,10
923.869,14
923.937,15
924.006,14
924.075,14
924.143,11
924.212,7
924.28,14
924.349,19
924.417,19
924.486,23
924.554,22
924.623,20
924.692,19
924.76,16
924.829,14
924.897,12
924.966,12
925.035,14
925.103,16
925.172,16
925.24,20
925.309,22
925.377,15
925.446,13
925.515,13
925.583,9
925.652,13
925.721,17
925.789,14
925.858,15
925.926,17
925.995,16
926.064,17
926.132,17
926.201,14
926.27,16
926.338,14
926.407,16
926.475,17
926.544,16
926.613,18
926.681,17
926.75,17
926.819,16
926.887,16
926.956,15
927.025,11
927.093,10
927.162,8
927.231,7
927.299,9
927.368,8
927.437,8
927.505,9
927.574,9
927.643,15
927.711,16
927.78,17
927.849,18
927.918,14
927.986,18
928.055,19
928.124,18
928.192,19
928.261,17
928.33,15
928.399,17
928.467,17
928.536,18
928.605,21
928.673,32
928.742,31
928.811,27
928.88,25
928.948,18
929.017,16
929.086,16
929.155,17
929.223,12
929.292,15
929.361,15
929.43,14
929.498,17
929.567,16
929.636,18
929.705,18
929.773,16
929.842,16
929.911,15
929.98,15
930.048,19
930.117,16
930.186,17
930.255,18
930.324,19
930.392,23
930.461,21
930.53,19
930.599,12
930.668,10
930.736,12
930.805,12
930.874,14
930.943,14
931.012,13
931.08,16
931.149,17
931.218,18
931.287,19
931.356,19
931.425,17
931.493,17
931.562,19
931.631,15
931.7,10
931.769,7
931.838,5
931.906,5
931.975,6
932.044,8
932.113,9
932.182,10
932.251,9
932.32,10
932.388,9
932.457,9
932.526,11
932.595,11
932.664,11
932.733,14
932.802,15
932.871,15
932.939,15
933.008,12
933.077,15
933.146,16
933.215,16
933.284,21
933.353,26
933.422,23
933.491,23
933.56,18
933.628,15
933.697,17
933.766,14
933.835,12
933.904,12
933.973,10
934.042,13
934.111,16
934.18,11
934.249,12
934.318,11
934.387,8
934.456,13
934.525,13
934.593,12
934.662,13
934.731,10
934.8,11
934.869,12
934.938,14
935.007,18
935.076,15
935.145,14
935.214,12
935.283,12
935.352,12
935.421,19
935.49,20
935.559,15
935.628,17
935.697,15
935.766,14
935.835,16
935.904,16
935.973,19
936.042,20
936.111,21
936.18,23
936.249,19
936.318,20
936.387,11
936.456,13
936.525,13
936.594,13
936.663,19
936.732,19
936.801,24
936.87,26
936.939,33
937.008,28
937.077,24
937.146,21
937.215,16
937.284,20
937.353,21
937.423,20
937.492,16
937.561,14
937.63,13
937.699,13
937.768,13
937.837,14
937.906,13
937.975,14
938.044,16
938.113,15
938.182,17
938.251,20
938.32,18
938.39,16
938.459,15
938.528,12
938.597,12
938.666,15
938.735,16
938.804,18
938.873,19
938.942,20
939.011,19
939.081,17
939.15,15
939.219,11
939.288,10
939.357,13
939.426,8
939.495,10
939.564,12
939.634,10
939.703,8
939.772,9
939.841,9
939.91,7
939.979,12
940.048,12
940.118,11
940.187,10
940.256,9
940.325,11
940.394,11
940.463,12
940.533,12
940.602,10
940.671,9
940.74,9
940.809,9
940.878,8
940.948,11
941.017,17
941.086,15
941.155,14
941.224,13
941.294,7
941.363,7
941.432,6
941.501,4
941.57,4
941.64,5
941.709,9
941.778,12
941.847,13
941.917,16
941.986,15
942.055,16
942.124,17
942.193,12
942.263,12
942.332,11
942.401,10
942.47,7
942.54,6
942.609,6
942.678,9
942.747,9
942.817,10
942.886,10
942.955,9
943.024,10
943.094,12
943.163,12
943.232,9
943.302,13
943.371,10
943.44,9
943.509,12
943.579,13
943.648,14
943.717,13
943.786,12
943.856,7
943.925,6
943.994,10
944.064,11
944.133,13
944.202,15
944.272,11
944.341,10
944.41,12
944.48,13
944.549,16
944.618,18
944.688,17
944.757,14
944.826,13
944.895,11
944.965,10
945.034,12
945.104,11
945.173,14
945.242,7
945.312,5
945.381,6
945.45,5
945.52,10
945.589,12
945.658,11
945.728,9
945.797,9
945.866,8
945.936,10
946.005,14
946.075,19
946.144,19
946.213,18
946.283,16
946.352,13
946.421,14
946.491,13
946.56,14
946.63,15
946.699,18
946.768,18
946.838,15
946.907,11
946.977,9
947.046,10
947.115,10
947.185,8
947.254,6
947.324,9
947.393,9
947.463,8
947.532,10
947.601,11
947.671,12
947.74,14
947.81,11
947.879,8
947.949,10
948.018,10
948.088,13
948.157,13
948.226,12
948.296,15
948.365,13
948.435,13
948.504,13
948.574,15
948.643,15
948.713,16
948.782,16
948.852,10
948.921,13
948.991,12
949.06,12
949.13,11
949.199,11
949.269,10
949.338,14
949.408,16
949.477,15
949.547,15
949.616,10
949.686,13
949.755,12
949.825,12
949.894,14
949.964,9
950.033,8
950.103,13
950.172,11
950.242,10
950.311,12
950.381,8
950.45,10
950.52,11
950.59,10
950.659,9
950.729,10
950.798,8
950.868,11
950.937,11
951.007,8
951.076,13
951.146,9
951.216,9
951.285,9
951.355,5
951.424,5
951.494,7
951.563,9
951.633,10
951.703,10
951.772,11
951.842,12
951.911,13
951.981,15
952.051,13
952.12,11
952.19,12
952.259,11
952.329,11
952.399,10
952.468,11
952.538,11
952.607,10
952.677,9
952.747,14
952.816,14
952.886,18
952.956,21
953.025,20
953.095,19
953.164,15
953.234,15
953.304,18
953.373,19
953.443,18
953.513,16
953.582,14
953.652,13
953.722,12
953.791,10
953.861,8
953.931,7
954.00,9
954.07,11
954.14,11
954.209,11
954.279,10
954.349,11
954.418,10
954.488,11
954.558,12
954.627,10
954.697,10
954.767,11
954.837,11
954.906,11
954.976,10
955.046,10
955.115,10
955.185,10
955.255,11
955.325,9
955.394,8
955.464,7
955.534,5
955.603,5
955.673,6
955.743,8
955.813,8
955.882,8
955.952,6
956.022,6
956.092,8
956.161,10
956.231,12
956.301,12
956.371,11
956.44,8
956.51,7
956.58,5
956.65,8
956.719,7
956.789,7
956.859,9
956.929,6
956.999,7
957.068,12
957.138,12
957.208,13
957.278,20
957.348,15
957.417,14
957.487,13
957.557,9
957.627,9
957.697,9
957.766,11
957.836,11
957.906,10
957.976,8
958.046,12
958.115,11
958.185,11
958.255,14
958.325,8
958.395,6
958.465,7
958.534,7
958.604,6
958.674,6
958.744,6
958.814,8
958.884,11
958.954,11
959.023,11
959.093,9
959.163,8
959.233,11
959.303,13
959.373,13
959.443,23
959.512,22
959.582,22
959.652,21
959.722,14
959.792,18
959.862,22
959.932,22
960.002,14
960.072,8
960.141,5
960.211,7
960.281,7
960.351,9
960.421,11
960.491,8
960.561,11
960.631,10
960.701,9
960.771,10
960.841,7
960.91,8
960.98,7
961.05,6
961.12,8
961.19,5
961.26,7
961.33,10
961.4,12
961.47,14
961.54,13
961.61,13
961.68,14
961.75,14
961.82,15
961.89,12
961.96,13
962.03,12
962.1,10
962.17,10
962.24,11
962.31,13
962.38,15
962.45,15
962.519,9
962.589,7
962.659,6
962.729,7
962.799,7
962.869,9
962.939,11
963.009,12
963.079,13
963.149,14
963.219,13
963.289,13
963.36,16
963.43,13
963.5,14
963.57,12
963.64,18
963.71,21
963.78,19
963.85,20
963.92,12
963.99,11
964.06,11
964.13,11
964.2,9
964.27,9
964.34,9
964.41,10
964.48,10
964.55,9
964.62,13
964.69,15
964.76,16
964.83,16
964.901,12
964.971,8
965.041,9
965.111,10
965.181,9
965.251,9
965.321,9
965.391,10
965.461,12
965.531,16
965.601,16
965.672,18
965.742,17
965.812,15
965.882,17
965.952,16
966.022,18
966.092,17
966.162,19
966.232,20
966.303,17
966.373,21
966.443,16
966.513,14
966.583,15
966.653,12
966.723,10
966.793,7
966.864,8
966.934,8
967.004,14
967.074,21
967.144,20
967.214,19
967.285,17
967.355,10
967.425,12
967.495,12
967.565,9
967.635,10
967.706,8
967.776,7
967.846,10
967.916,9
967.986,9
968.056,11
968.127,11
968.197,14
968.267,14
968.337,14
968.407,17
968.478,16
968.548,15
968.618,13
968.688,10
968.759,8
968.829,7
968.899,5
968.969,3
969.039,4
969.11,6
969.18,8
969.25,9
969.32,10
969.391,12
969.461,13
969.531,14
969.601,14
969.672,12
969.742,12
969.812,8
969.882,9
969.953,10
970.023,8
970.093,10
970.163,12
970.234,13
970.304,13
970.374,11
970.444,8
970.515,8
970.585,10
970.655,14
970.726,17
970.796,15
970.866,17
970.936,14
971.007,12
971.077,13
971.147,10
971.218,12
971.288,10
971.358,8
971.429,10
971.499,12
971.569,12
971.64,13
971.71,12
971.78,7
971.851,10
971.921,11
971.991,11
972.062,16
972.132,16
972.202,18
972.273,20
972.343,18
972.413,19
972.484,15
972.554,13
972.624,14
972.695,11
972.765,11
972.835,10
972.906,8
972.976,7
973.047,9
973.117,12
973.187,12
973.258,13
973.328,14
973.398,13
973.469,12
973.539,13
973.61,10
973.68,9
973.75,8
973.821,9
973.891,9
973.962,9
974.032,12
974.102,12
974.173,12
974.243,11
974.314,9
974.384,7
974.455,7
974.525,8
974.595,7
974.666,7
974.736,8
974.807,7
974.877,9
974.948,10
975.018,10
975.088,13
975.159,14
975.229,14
975.3,15
975.37,12
975.441,14
975.511,14
975.582,14
975.652,14
975.723,10
975.793,8
975.864,6
975.934,8
976.005,7
976.075,6
976.146,6
976.216,4
976.286,2
976.357,4
976.427,5
976.498,6
976.568,9
976.639,9
976.71,11
976.78,12
976.851,21
976.921,20
976.992,16
977.062,14
977.133,9
977.203,8
977.274,9
977.344,9
977.415,12
977.485,13
977.556,14
977.626,15
977.697,10
977.767,8
977.838,8
977.909,10
977.979,8
978.05,12
978.12,12
978.191,12
978.261,19
978.332,19
978.402,19
978.473,15
978.544,16
978.614,16
978.685,15
978.755,17
978.826,15
978.897,14
978.967,15
979.038,14
979.108,17
979.179,17
979.249,17
979.32,20
979.391,17
979.461,14
979.532,13
979.603,11
979.673,10
979.744,9
979.814,9
979.885,6
979.956,5
980.026,6
980.097,6
980.168,8
980.238,6
980.309,8
980.379,8
980.45,8
980.521,9
980.591,11
980.662,12
980.733,14
980.803,16
980.874,13
980.945,13
981.015,14
981.086,15
981.157,13
981.227,12
981.298,11
981.369,6
981.439,6
981.51,6
981.581,4
981.651,3
981.722,5
981.793,4
981.864,5
981.934,8
982.005,11
982.076,15
982.146,14
982.217,13
982.288,12
982.358,8
982.429,7
982.5,10
982.571,12
982.641,12
982.712,13
982.783,13
982.854,12
982.924,13
982.995,15
983.066,16
983.136,13
983.207,12
983.278,9
983.349,8
983.419,9
983.49,9
983.561,12
983.632,17
983.703,17
983.773,22
983.844,21
983.915,19
983.986,17
984.056,11
984.127,9
984.198,5
984.269,5
984.339,7
984.41,7
984.481,8
984.552,9
984.623,8
984.693,9
984.764,12
984.835,13
984.906,13
984.977,12
985.047,10
985.118,10
985.189,12
985.26,11
985.331,14
985.402,13
985.472,12
985.543,12
985.614,7
985.685,7
985.756,6
985.827,9
985.897,14
985.968,16
986.039,16
986.11,12
986.181,13
986.252,11
986.323,11
986.393,13
986.464,11
986.535,11
986.606,13
986.677,13
986.748,11
986.819,8
986.89,6
986.96,7
987.031,10
987.102,14
987.173,15
987.244,16
987.315,14
987.386,15
987.457,14
987.528,12
987.598,11
987.669,12
987.74,13
987.811,12
987.882,14
987.953,10
988.024,12
988.095,13
988.166,11
988.237,12
988.308,8
988.379,8
988.45,7
988.52,7
988.591,9
988.662,8
988.733,8
988.804,8
988.875,6
988.946,10
989.017,14
989.088,19
989.159,21
989.23,16
989.301,11
989.372,7
989.443,10
989.514,14
989.585,14
989.656,11
989.727,7
989.798,6
989.869,9
989.94,9
990.011,9
990.082,7
990.153,4
990.224,5
990.295,5
990.366,5
990.437,10
990.508,11
990.579,12
990.65,14
990.721,14
990.792,14
990.863,16
990.934,18
991.005,12
991.076,12
991.147,9
991.218,7
991.289,8
991.36,10
991.431,10
991.502,12
991.573,14
991.644,14
991.715,15
991.786,12
991.857,10
991.929,9
992.00,8
992.071,11
992.142,13
992.213,10
992.284,13
992.355,13
992.426,8
992.497,9
992.568,9
992.639,6
992.71,8
992.782,8
992.853,6
992.924,8
992.995,8
993.066,9
993.137,10
993.208,10
993.279,12
993.35,12
993.421,10
993.493,8
993.564,8
993.635,10
993.706,12
993.777,14
993.848,10
993.919,8
993.991,7
994.062,7
994.133,14
994.204,18
994.275,20
994.346,20
994.417,18
994.489,14
994.56,15
994.631,15
994.702,15
994.773,16
994.844,13
994.916,14
994.987,11
995.058,12
995.129,13
995.2,17
995.271,17
995.343,19
995.414,19
995.485,14
995.556,16
995.627,14
995.699,12
995.77,11
995.841,11
995.912,11
995.983,15
996.055,15
996.126,17
996.197,15
996.268,13
996.34,15
996.411,14
996.482,13
996.553,13
996.624,13
996.696,16
996.767,17
996.838,15
996.909,13
996.981,8
997.052,5
997.123,4
997.194,3
997.266,3
997.337,6
997.408,7
997.479,6
997.551,12
997.622,11
997.693,11
997.765,13
997.836,12
997.907,15
997.978,14
998.05,13
998.121,12
998.192,10
998.264,10
998.335,12
998.406,11
998.477,11
998.549,13
998.62,13
998.691,14
998.763,13
998.834,13
998.905,12
998.977,9
999.048,9
999.119,7
999.191,9
999.262,10
999.333,13
999.405,14
999.476,16
999.547,16
999.619,18
999.69,17
999.761,13
999.833,12
999.904,8
999.975,9
1000.047,11
1000.118,11
1000.189,13
1000.261,14
1000.332,10
1000.403,11
1000.475,10
1000.546,8
1000.618,10
1000.689,15
1000.76,18
1000.832,19
1000.903,20
1000.975,17
1001.046,14
1001.117,17
1001.189,16
1001.26,14
1001.332,15
1001.403,15
1001.474,15
1001.546,16
1001.617,16
1001.689,14
1001.76,13
1001.831,13
1001.903,13
1001.974,12
1002.046,13
1002.117,12
1002.189,14
1002.26,13
1002.331,13
1002.403,20
1002.474,19
1002.546,20
1002.617,21
1002.689,19
1002.76,14
1002.832,16
1002.903,14
1002.975,10
1003.046,14
1003.117,15
1003.189,16
1003.26,16
1003.332,15
1003.403,14
1003.475,15
1003.546,14
1003.618,12
1003.689,10
1003.761,8
1003.832,13
1003.904,17
1003.975,17
1004.047,19
1004.118,13
1004.19,12
1004.261,13
1004.333,14
1004.404,11
1004.476,14
1004.547,14
1004.619,13
1004.69,11
1004.762,10
1004.834,11
1004.905,10
1004.977,17
1005.048,16
1005.12,15
1005.191,15
1005.263,17
1005.334,16
1005.406,15
1005.477,17
1005.549,11
1005.621,10
1005.692,13
1005.764,13
1005.835,12
1005.907,11
1005.978,11
1006.05,11
1006.122,11
1006.193,13
1006.265,10
1006.336,7
1006.408,6
1006.479,7
1006.551,9
1006.623,10
1006.694,14
1006.766,14
1006.837,13
1006.909,12
1006.981,13
1007.052,11
1007.124,12
1007.195,14
1007.267,7
1007.339,13
1007.41,15
1007.482,15
1007.554,16
1007.625,11
1007.697,10
1007.768,8
1007.84,12
1007.912,12
1007.983,12
1008.055,13
1008.127,10
1008.198,11
1008.27,9
1008.342,9
1008.413,10
1008.485,9
1008.557,10
1008.628,13
1008.7,13
1008.772,14
1008.843,14
1008.915,11
1008.987,11
1009.058,11
1009.13,11
1009.202,15
1009.273,15
1009.345,14
1009.417,15
1009.489,11
1009.56,12
1009.632,12
1009.704,11
1009.775,11
1009.847,9
1009.919,8
1009.991,8
1010.062,10
1010.134,11
1010.206,12
1010.277,13
1010.349,12
1010.421,9
1010.493,8
1010.564,7
1010.636,10
1010.708,9
1010.78,15
1010.851,17
1010.923,13
1010.995,17
1011.067,14
1011.138,13
1011.21,17
1011.282,18
1011.354,15
1011.425,13
1011.497,13
1011.569,11
1011.641,11
1011.713,12
1011.784,10
1011.856,11
1011.928,12
1012.00,11
1012.071,10
1012.143,8
1012.215,7
1012.287,10
1012.359,11
1012.43,13
1012.502,18
1012.574,15
1012.646,14
1012.718,13
1012.789,9
1012.861,9
1012.933,14
1013.005,14
1013.077,16
1013.149,18
1013.22,14
1013.292,13
1013.364,11
1013.436,12
1013.508,11
1013.58,10
1013.652,9
1013.723,12
1013.795,12
1013.867,18
1013.939,17
1014.011,12
1014.083,10
1014.155,7
1014.226,10
1014.298,11
1014.37,17
1014.442,18
1014.514,16
1014.586,15
1014.658,11
1014.73,10
1014.801,13
1014.873,13
1014.945,15
1015.017,10
1015.089,9
1015.161,13
1015.233,11
1015.305,12
1015.377,9
1015.449,4
1015.52,3
1015.592,3
1015.664,5
1015.736,5
1015.808,4
1015.88,9
1015.952,8
1016.024,8
1016.096,11
1016.168,6
1016.24,6
1016.312,7
1016.384,5
1016.456,4
1016.528,2
1016.6,7
1016.671,7
1016.743,7
1016.815,8
1016.887,3
1016.959,5
1017.031,12
1017.103,17
1017.175,18
1017.247,16
1017.319,14
1017.391,8
1017.463,6
1017.535,9
1017.607,12
1017.679,16
1017.751,16
1017.823,14
1017.895,8
1017.967,5
1018.039,11
1018.111,10
1018.183,13
1018.255,15
1018.327,12
1018.399,12
1018.471,12
1018.543,14
1018.615,12
1018.687,15
1018.759,11
1018.831,9
1018.903,9
1018.975,8
1019.048,10
1019.12,11
1019.192,11
1019.264,10
1019.336,9
1019.408,6
1019.48,7
1019.552,8
1019.624,8
1019.696,8
1019.768,7
1019.84,4
1019.912,5
1019.984,7
1020.056,7
1020.128,9
1020.201,8
1020.273,10
1020.345,9
1020.417,9
1020.489,8
1020.561,6
1020.633,7
1020.705,7
1020.777,9
1020.849,7
1020.922,9
1020.994,8
1021.066,7
1021.138,9
1021.21,6
1021.282,6
1021.354,8
1021.426,10
1021.499,10
1021.571,14
1021.643,23
1021.715,20
1021.787,20
1021.859,16
1021.931,6
1022.004,6
1022.076,7
1022.148,8
1022.22,9
1022.292,10
1022.364,11
1022.436,11
1022.509,8
1022.581,8
1022.653,8
1022.725,8
1022.797,9
1022.87,8
1022.942,9
1023.014,10
1023.086,10
1023.158,13
1023.23,10
1023.303,9
1023.375,15
1023.447,13
1023.519,13
1023.591,13
1023.664,8
1023.736,7
1023.808,9
1023.88,11
1023.953,9
1024.025,9
1024.097,8
1024.169,6
1024.241,6
1024.314,8
1024.386,10
1024.458,12
1024.53,17
1024.603,17
1024.675,17
1024.747,16
1024.819,12
1024.892,12
1024.964,11
1025.036,9
1025.108,7
1025.181,7
1025.253,8
1025.325,11
1025.397,11
1025.47,13
1025.542,12
1025.614,11
1025.687,11
1025.759,9
1025.831,9
1025.903,10
1025.976,15
1026.048,14
1026.12,13
1026.193,14
1026.265,10
1026.337,10
1026.409,12
1026.482,11
1026.554,8
1026.626,7
1026.699,6
1026.771,5
1026.843,6
1026.916,7
1026.988,8
1027.06,8
1027.133,10
1027.205,10
1027.277,9
1027.35,11
1027.422,8
1027.494,8
1027.567,8
1027.639,7
1027.711,9
1027.784,11
1027.856,10
1027.929,9
1028.001,8
1028.073,8
1028.146,9
1028.218,9
1028.29,7
1028.363,6
1028.435,6
1028.508,7
1028.58,9
1028.652,6
1028.725,6
1028.797,6
1028.869,5
1028.942,8
1029.014,8
1029.087,8
1029.159,11
1029.231,8
1029.304,9
1029.376,8
1029.449,9
1029.521,11
1029.594,9
1029.666,9
1029.738,10
1029.811,12
1029.883,12
1029.956,12
1030.028,12
1030.101,12
1030.173,16
1030.245,18
1030.318,22
1030.39,23
1030.463,20
1030.535,18
1030.608,12
1030.68,10
1030.753,12
1030.825,13
1030.898,13
1030.97,13
1031.042,15
1031.115,15
1031.187,17
1031.26,15
1031.332,12
1031.405,11
1031.477,8
1031.55,9
1031.622,11
1031.695,13
1031.767,14
1031.84,16
1031.912,17
1031.985,17
1032.057,24
1032.13,23
1032.202,19
1032.275,18
1032.347,10
1032.42,12
1032.492,11
1032.565,8
1032.638,11
1032.71,13
1032.783,14
1032.855,16
1032.928,16
1033.00,11
1033.073,12
1033.145,13
1033.218,11
1033.29,10
1033.363,9
1033.436,8
1033.508,9
1033.581,11
1033.653,11
1033.726,11
1033.798,11
1033.871,11
1033.943,11
1034.016,11
1034.089,10
1034.161,11
1034.234,10
1034.306,13
1034.379,10
1034.452,7
1034.524,9
1034.597,7
1034.669,11
1034.742,15
1034.815,13
1034.887,14
1034.96,12
1035.032,10
1035.105,11
1035.178,9
1035.25,10
1035.323,9
1035.396,11
1035.468,10
1035.541,9
1035.613,11
1035.686,9
1035.759,9
1035.831,8
1035.904,7
1035.977,6
1036.049,8
1036.122,7
1036.195,5
1036.267,6
1036.34,7
1036.413,12
1036.485,13
1036.558,13
1036.631,12
1036.703,14
1036.776,15
1036.849,13
1036.921,12
1036.994,11
1037.067,8
1037.139,8
1037.212,7
1037.285,7
1037.357,8
1037.43,10
1037.503,11
1037.576,7
1037.648,7
1037.721,7
1037.794,6
1037.866,8
1037.939,7
1038.012,7
1038.085,8
1038.157,9
1038.23,9
1038.303,8
1038.376,9
1038.448,7
1038.521,9
1038.594,8
1038.666,8
1038.739,10
1038.812,9
1038.885,10
1038.957,9
1039.03,8
1039.103,6
1039.176,6
1039.249,3
1039.321,2
1039.394,6
1039.467,5
1039.54,8
1039.612,15
1039.685,13
1039.758,15
1039.831,16
1039.904,12
1039.976,11
1040.049,9
1040.122,8
1040.195,11
1040.267,11
1040.34,14
1040.413,13
1040.486,7
1040.559,6
1040.632,5
1040.704,8
1040.777,14
1040.85,19
1040.923,19
1040.996,15
1041.068,13
1041.141,14
1041.214,12
1041.287,12
1041.36,12
1041.433,7
1041.505,7
1041.578,8
1041.651,8
1041.724,9
1041.797,10
1041.87,13
1041.943,11
1042.015,11
1042.088,11
1042.161,7
1042.234,9
1042.307,11
1042.38,12
1042.453,14
1042.526,11
1042.598,10
1042.671,9
1042.744,6
1042.817,9
1042.89,8
1042.963,7
1043.036,7
1043.109,5
1043.182,4
1043.255,4
1043.327,9
1043.4,8
1043.473,11
1043.546,13
1043.619,10
1043.692,10
1043.765,9
1043.838,7
1043.911,7
1043.984,11
1044.057,10
1044.13,11
1044.203,11
1044.276,9
1044.348,9
1044.421,9
1044.494,9
1044.567,7
1044.64,7
1044.713,6
1044.786,6
1044.859,6
1044.932,8
1045.005,12
1045.078,11
1045.151,13
1045.224,12
1045.297,10
1045.37,11
1045.443,13
1045.516,14
1045.589,15
1045.662,18
1045.735,21
1045.808,20
1045.881,17
1045.954,14
1046.027,11
1046.1,12
1046.173,13
1046.246,16
1046.319,15
1046.392,14
1046.465,17
1046.538,16
1046.611,14
1046.684,15
1046.757,16
1046.83,16
1046.903,13
1046.976,11
1047.049,9
1047.122,9
1047.195,7
1047.268,9
1047.341,7
1047.415,6
1047.488,12
1047.561,14
1047.634,14
1047.707,15
1047.78,13
1047.853,8
1047.926,8
1047.999,8
1048.072,8
1048.145,13
1048.218,14
1048.291,12
1048.364,8
1048.438,5
1048.511,7
1048.584,10
1048.657,10
1048.73,11
1048.803,9
1048.876,8
1048.949,14
1049.022,12
1049.095,12
1049.169,11
1049.242,9
1049.315,11
1049.388,10
1049.461,11
1049.534,7
1049.607,8
1049.68,10
1049.754,10
1049.827,11
1049.9,11
1049.973,13
1050.046,13
1050.119,12
1050.193,11
1050.266,7
1050.339,8
1050.412,14
1050.485,13
1050.558,13
1050.631,11
1050.705,14
1050.778,13
1050.851,13
1050.924,14
1050.997,7
1051.071,7
1051.144,8
1051.217,7
1051.29,8
1051.363,11
1051.436,14
1051.51,14
1051.583,12
1051.656,13
1051.729,10
1051.803,14
1051.876,14
1051.949,13
1052.022,14
1052.095,12
1052.169,15
1052.242,16
1052.315,15
1052.388,13
1052.462,12
1052.535,11
1052.608,15
1052.681,20
1052.754,16
1052.828,13
1052.901,14
1052.974,12
1053.047,13
1053.121,15
1053.194,12
1053.267,11
1053.341,18
1053.414,17
1053.487,15
1053.56,16
1053.634,10
1053.707,10
1053.78,12
1053.853,10
1053.927,12
1054.00,14
1054.073,16
1054.147,13
1054.22,13
1054.293,12
1054.366,11
1054.44,14
1054.513,16
1054.586,17
1054.66,13
1054.733,14
1054.806,11
1054.88,8
1054.953,8
1055.026,5
1055.1,6
1055.173,7
1055.246,7
1055.32,8
1055.393,8
1055.466,7
1055.54,7
1055.613,6
1055.686,8
1055.76,10
1055.833,12
1055.906,14
1055.98,13
1056.053,11
1056.126,11
1056.2,9
1056.273,10
1056.347,15
1056.42,14
1056.493,14
1056.567,15
1056.64,11
1056.713,10
1056.787,10
1056.86,9
1056.934,8
1057.007,9
1057.08,11
1057.154,11
1057.227,11
1057.301,15
1057.374,17
1057.447,18
1057.521,19
1057.594,14
1057.668,10
1057.741,5
1057.815,4
1057.888,5
1057.961,9
1058.035,12
1058.108,14
1058.182,15
1058.255,12
1058.329,15
1058.402,13
1058.475,13
1058.549,14
1058.622,7
1058.696,7
1058.769,9
1058.843,9
1058.916,9
1058.99,10
1059.063,6
1059.137,7
1059.21,11
1059.284,12
1059.357,12
1059.43,11
1059.504,8
1059.577,7
1059.651,10
1059.724,8
1059.798,11
1059.871,9
1059.945,6
1060.018,6
1060.092,7
1060.165,8
1060.239,9
1060.312,9
1060.386,11
1060.459,12
1060.533,11
1060.606,14
1060.68,19
1060.754,22
1060.827,22
1060.901,20
1060.974,15
1061.048,12
1061.121,12
1061.195,11
1061.268,11
1061.342,9
1061.415,8
1061.489,9
1061.562,7
1061.636,12
1061.71,15
1061.783,14
1061.857,18
1061.93,14
1062.004,12
1062.077,12
1062.151,9
1062.225,10
1062.298,12
1062.372,16
1062.445,16
1062.519,16
1062.593,16
1062.666,11
1062.74,9
1062.813,9
1062.887,6
1062.96,5
1063.034,6
1063.108,7
1063.181,9
1063.255,11
1063.329,8
1063.402,8
1063.476,7
1063.549,10
1063.623,11
1063.697,9
1063.77,10
1063.844,6
1063.918,9
1063.991,9
1064.065,8
1064.138,8
1064.212,9
1064.286,11
1064.359,10
1064.433,10
1064.507,13
1064.58,10
1064.654,9
1064.728,11
1064.801,8
1064.875,11
1064.949,12
1065.022,9
1065.096,9
1065.17,7
1065.243,7
1065.317,10
1065.391,11
1065.465,10
1065.538,11
1065.612,9
1065.686,10
1065.759,11
1065.833,10
1065.907,11
1065.98,11
1066.054,11
1066.128,10
1066.202,9
1066.275,8
1066.349,7
1066.423,8
1066.496,8
1066.57,10
1066.644,12
1066.718,17
1066.791,19
1066.865,16
1066.939,16
1067.013,13
1067.086,11
1067.16,13
1067.234,12
1067.308,10
1067.381,10
1067.455,7
1067.529,5
1067.603,4
1067.676,3
1067.75,5
1067.824,7
1067.898,8
1067.972,8
1068.045,9
1068.119,9
1068.193,10
1068.267,12
1068.341,9
1068.414,10
1068.488,9
1068.562,7
1068.636,12
1068.71,13
1068.783,13
1068.857,13
1068.931,12
1069.005,9
1069.079,10
1069.152,10
1069.226,7
1069.3,10
1069.374,10
1069.448,11
1069.522,12
1069.595,13
1069.669,12
1069.743,12
1069.817,12
1069.891,10
1069.965,13
1070.038,12
1070.112,11
1070.186,9
1070.26,5
1070.334,6
1070.408,7
1070.482,7
1070.555,8
1070.629,7
1070.703,6
1070.777,9
1070.851,10
1070.925,9
1070.999,10
1071.073,8
1071.147,10
1071.22,14
1071.294,13
1071.368,12
1071.442,11
1071.516,11
1071.59,14
1071.664,16
1071.738,15
1071.812,13
1071.886,11
1071.96,14
1072.033,14
1072.107,15
1072.181,17
1072.255,13
1072.329,13
1072.403,12
1072.477,14
1072.551,13
1072.625,14
1072.699,14
1072.773,9
1072.847,8
1072.921,8
1072.995,9
1073.069,8
1073.143,8
1073.217,5
1073.29,5
1073.364,7
1073.438,9
1073.512,9
1073.586,10
1073.66,12
1073.734,12
1073.808,14
1073.882,12
1073.956,12
1074.03,10
1074.104,8
1074.178,10
1074.252,6
1074.326,7
1074.4,9
1074.474,7
1074.548,9
1074.622,11
1074.696,9
1074.77,10
1074.844,10
1074.918,7
1074.992,7
1075.066,5
1075.14,3
1075.215,4
1075.289,4
1075.363,3
1075.437,4
1075.511,4
1075.585,5
1075.659,7
1075.733,8
1075.807,7
1075.881,9
1075.955,9
1076.029,8
1076.103,10
1076.177,10
1076.251,12
1076.325,12
1076.399,13
1076.473,11
1076.548,8
1076.622,11
1076.696,9
1076.77,8
1076.844,8
1076.918,11
1076.992,12
1077.066,13
1077.14,13
1077.214,9
1077.288,7
1077.363,7
1077.437,9
1077.511,11
1077.585,13
1077.659,13
1077.733,13
1077.807,8
1077.881,7
1077.956,6
1078.03,4
1078.104,5
1078.178,7
1078.252,10
1078.326,10
1078.4,18
1078.475,17
1078.549,14
1078.623,16
1078.697,12
1078.771,14
1078.845,14
1078.919,11
1078.994,11
1079.068,11
1079.142,14
1079.216,17
1079.29,12
1079.365,10
1079.439,10
1079.513,11
1079.587,13
1079.661,12
1079.735,11
1079.81,10
1079.884,11
1079.958,11
1080.032,9
1080.106,8
1080.181,13
1080.255,12
1080.329,13
1080.403,11
1080.477,8
1080.552,10
1080.626,11
1080.7,14
1080.774,13
1080.849,10
1080.923,9
1080.997,8
1081.071,10
1081.146,12
1081.22,13
1081.294,11
1081.368,9
1081.443,8
1081.517,6
1081.591,8
1081.665,9
1081.74,10
1081.814,9
1081.888,11
1081.962,13
1082.037,15
1082.111,18
1082.185,15
1082.259,12
1082.334,11
1082.408,10
1082.482,11
1082.557,11
1082.631,13
1082.705,14
1082.779,15
1082.854,22
1082.928,19
1083.002,17
1083.077,17
1083.151,12
1083.225,10
1083.3,10
1083.374,7
1083.448,4
1083.523,5
1083.597,7
1083.671,8
1083.746,7
1083.82,7
1083.894,9
1083.969,12
1084.043,10
1084.117,12
1084.192,9
1084.266,6
1084.34,7
1084.415,8
1084.489,8
1084.563,11
1084.638,13
1084.712,9
1084.787,8
1084.861,5
1084.935,6
1085.01,8
1085.084,8
1085.158,10
1085.233,8
1085.307,10
1085.382,11
1085.456,13
1085.53,12
1085.605,12
1085.679,13
1085.754,11
1085.828,18
1085.902,14
1085.977,11
1086.051,10
1086.126,11
1086.2,14
1086.274,14
1086.349,12
1086.423,10
1086.498,9
1086.572,11
1086.647,11
1086.721,9
1086.795,7
1086.87,7
1086.944,8
1087.019,8
1087.093,13
1087.168,12
1087.242,13
1087.317,15
1087.391,15
1087.465,14
1087.54,14
1087.614,13
1087.689,8
1087.763,8
1087.838,7
1087.912,8
1087.987,8
1088.061,9
1088.136,9
1088.21,8
1088.285,11
1088.359,12
1088.434,14
1088.508,13
1088.583,10
1088.657,10
1088.732,9
1088.806,10
1088.881,10
1088.955,14
1089.03,13
1089.104,14
1089.179,17
1089.253,13
1089.328,14
1089.402,20
1089.477,19
1089.551,18
1089.626,16
1089.7,10
1089.775,13
1089.85,15
1089.924,20
1089.999,17
1090.073,15
1090.148,13
1090.222,9
1090.297,5
1090.371,5
1090.446,9
1090.521,9
1090.595,11
1090.67,8
1090.744,6
1090.819,7
1090.893,9
1090.968,10
1091.043,9
1091.117,8
1091.192,11
1091.266,11
1091.341,9
1091.416,9
1091.49,6
1091.565,6
1091.639,8
1091.714,8
1091.789,11
1091.863,14
1091.938,16
1092.012,14
1092.087,15
1092.162,13
1092.236,11
1092.311,13
1092.386,12
1092.46,12
1092.535,10
1092.609,10
1092.684,9
1092.759,13
1092.833,14
1092.908,14
1092.983,12
1093.057,12
1093.132,12
1093.207,10
1093.281,10
1093.356,7
1093.431,8
1093.505,10
1093.58,9
1093.655,10
1093.729,9
1093.804,10
1093.879,15
1093.953,10
1094.028,9
1094.103,7
1094.178,4
1094.252,7
1094.327,8
1094.402,10
1094.476,9
1094.551,12
1094.626,12
1094.7,11
1094.775,16
1094.85,13
1094.925,16
1094.999,16
1095.074,16
1095.149,17
1095.223,14
1095.298,15
1095.373,14
1095.448,14
1095.522,13
1095.597,12
1095.672,10
1095.747,11
1095.821,13
1095.896,14
1095.971,13
1096.046,11
1096.12,10
1096.195,8
1096.27,9
1096.345,8
1096.42,11
1096.494,12
1096.569,16
1096.644,17
1096.719,14
1096.793,14
1096.868,8
1096.943,13
1097.018,12
1097.093,11
1097.167,10
1097.242,5
1097.317,6
1097.392,9
1097.467,11
1097.541,9
1097.616,8
1097.691,6
1097.766,6
1097.841,6
1097.915,8
1097.99,8
1098.065,8
1098.14,10
1098.215,12
1098.29,11
1098.364,13
1098.439,12
1098.514,10
1098.589,11
1098.664,10
1098.739,13
1098.814,11
1098.888,11
1098.963,9
1099.038,5
1099.113,5
1099.188,6
1099.263,7
1099.338,7
1099.412,8
1099.487,9
1099.562,9
1099.637,13
1099.712,12
1099.787,10
1099.862,11
1099.937,9
1100.012,9
1100.086,9
1100.161,10
1100.236,10
1100.311,12
1100.386,15
1100.461,14
1100.536,15
1100.611,13
1100.686,11
1100.761,15
1100.836,13
1100.911,16
1100.985,15
1101.06,12
1101.135,13
1101.21,10
1101.285,9
1101.36,7
1101.435,9
1101.51,10
1101.585,10
1101.66,11
1101.735,9
1101.81,8
1101.885,11
1101.96,11
1102.035,11
1102.11,11
1102.185,10
1102.26,15
1102.335,15
1102.41,16
1102.485,15
1102.56,10
1102.635,8
1102.71,7
1102.785,6
1102.86,7
1102.935,10
1103.01,11
1103.085,11
1103.16,8
1103.235,11
1103.31,10
1103.385,11
1103.46,10
1103.535,7
1103.61,7
1103.685,7
1103.76,10
1103.835,9
1103.91,11
1103.985,12
1104.06,10
1104.135,11
1104.21,10
1104.285,8
1104.36,7
1104.435,5
1104.51,5
1104.585,5
1104.66,10
1104.735,11
1104.81,11
1104.885,14
1104.96,13
1105.036,13
1105.111,11
1105.186,8
1105.261,11
1105.336,9
1105.411,10
1105.486,14
1105.561,10
1105.636,10
1105.711,10
1105.786,5
1105.861,8
1105.937,9
1106.012,9
1106.087,9
1106.162,8
1106.237,7
1106.312,6
1106.387,9
1106.462,12
1106.537,12
1106.613,14
1106.688,15
1106.763,13
1106.838,12
1106.913,11
1106.988,10
1107.063,7
1107.139,8
1107.214,9
1107.289,7
1107.364,11
1107.439,12
1107.514,12
1107.589,12
1107.665,10
1107.74,15
1107.815,16
1107.89,20
1107.965,24
1108.04,21
1108.116,20
1108.191,18
1108.266,14
1108.341,12
1108.416,13
1108.492,13
1108.567,8
1108.642,10
1108.717,11
1108.792,10
1108.867,7
1108.943,6
1109.018,5
1109.093,5
1109.168,8
1109.244,12
1109.319,16
1109.394,18
1109.469,16
1109.544,14
1109.62,10
1109.695,9
1109.77,13
1109.845,10
1109.921,10
1109.996,11
1110.071,7
1110.146,8
1110.222,8
1110.297,6
1110.372,5
1110.447,6
1110.523,7
1110.598,7
1110.673,9
1110.748,8
1110.824,10
1110.899,11
1110.974,16
1111.049,20
1111.125,18
1111.2,19
1111.275,21
1111.351,18
1111.426,18
1111.501,21
1111.576,21
1111.652,21
1111.727,19
1111.802,15
1111.878,11
1111.953,9
1112.028,9
1112.104,7
1112.179,6
1112.254,7
1112.33,7
1112.405,8
1112.48,8
1112.556,7
1112.631,7
1112.706,5
1112.782,8
1112.857,8
1112.932,7
1113.008,10
1113.083,8
1113.158,9
1113.234,10
1113.309,10
1113.384,8
1113.46,8
1113.535,7
1113.61,4
1113.686,7
1113.761,9
1113.837,11
1113.912,12
1113.987,11
1114.063,13
1114.138,11
1114.213,12
1114.289,14
1114.364,7
1114.44,7
1114.515,8
1114.59,6
1114.666,10
1114.741,12
1114.817,10
1114.892,10
1114.967,8
1115.043,6
1115.118,8
1115.194,10
1115.269,16
1115.345,18
1115.42,18
1115.495,16
1115.571,11
1115.646,9
1115.722,9
1115.797,14
1115.873,12
1115.948,12
1116.023,12
1116.099,8
1116.174,12
1116.25,12
1116.325,10
1116.401,15
1116.476,12
1116.552,13
1116.627,12
1116.703,13
1116.778,14
1116.854,15
1116.929,15
1117.005,11
1117.08,10
1117.155,7
1117.231,7
1117.306,6
1117.382,8
1117.457,8
1117.533,9
1117.608,11
1117.684,11
1117.759,12
1117.835,13
1117.911,13
1117.986,11
1118.062,12
1118.137,12
1118.213,11
1118.288,9
1118.364,8
1118.439,6
1118.515,4
1118.59,10
1118.666,9
1118.741,11
1118.817,12
1118.892,9
1118.968,9
1119.044,7
1119.119,7
1119.195,4
1119.27,4
1119.346,3
1119.421,6
1119.497,9
1119.572,11
1119.648,12
1119.724,13
1119.799,13
1119.875,14
1119.95,15
1120.026,16
1120.101,13
1120.177,10
1120.253,7
1120.328,8
1120.404,8
1120.479,7
1120.555,9
1120.631,6
1120.706,7
1120.782,8
1120.858,9
1120.933,10
1121.009,10
1121.084,9
1121.16,6
1121.236,8
1121.311,8
1121.387,12
1121.463,14
1121.538,14
1121.614,13
1121.689,11
1121.765,12
1121.841,17
1121.916,17
1121.992,15
1122.068,15
1122.143,14
1122.219,13
1122.295,12
1122.37,8
1122.446,5
1122.522,7
1122.597,7
1122.673,9
1122.749,10
1122.824,9
1122.9,14
1122.976,14
1123.051,12
1123.127,13
1123.203,11
1123.279,10
1123.354,9
1123.43,11
1123.506,8
1123.581,9
1123.657,13
1123.733,10
1123.808,10
1123.884,10
1123.96,10
1124.036,13
1124.111,13
1124.187,13
1124.263,11
1124.339,8
1124.414,10
1124.49,9
1124.566,7
1124.642,9
1124.717,7
1124.793,7
1124.869,9
1124.945,6
1125.02,6
1125.096,9
1125.172,7
1125.248,9
1125.323,11
1125.399,10
1125.475,14
1125.551,12
1125.626,10
1125.702,9
1125.778,6
1125.854,7
1125.93,11
1126.005,11
1126.081,10
1126.157,10
1126.233,6
1126.309,6
1126.384,8
1126.46,8
1126.536,9
1126.612,8
1126.688,12
1126.763,12
1126.839,11
1126.915,13
1126.991,15
1127.067,15
1127.143,15
1127.218,12
1127.294,12
1127.37,14
1127.446,15
1127.522,19
1127.598,23
1127.673,19
1127.749,19
1127.825,17
1127.901,12
1127.977,12
1128.053,12
1128.129,14
1128.204,15
1128.28,13
1128.356,13
1128.432,9
1128.508,10
1128.584,10
1128.66,10
1128.736,14
1128.811,10
1128.887,8
1128.963,8
1129.039,6
1129.115,11
1129.191,12
1129.267,12
1129.343,12
1129.419,7
1129.494,7
1129.57,9
1129.646,10
1129.722,11
1129.798,12
1129.874,9
1129.95,7
1130.026,12
1130.102,12
1130.178,13
1130.254,15
1130.33,8
1130.406,10
1130.482,11
1130.557,10
1130.633,11
1130.709,8
1130.785,6
1130.861,4
1130.937,4
1131.013,3
1131.089,4
1131.165,4
1131.241,4
1131.317,7
1131.393,8
1131.469,9
1131.545,12
1131.621,12
1131.697,10
1131.773,11
1131.849,10
1131.925,7
1132.001,7
1132.077,6
1132.153,4
1132.229,7
1132.305,9
1132.381,9
1132.457,8
1132.533,5
1132.609,5
1132.685,9
1132.761,12
1132.837,13
1132.913,11
1132.989,8
1133.065,5
1133.141,6
1133.217,6
1133.293,6
1133.369,10
1133.445,11
1133.521,11
1133.597,13
1133.673,13
1133.75,12
1133.826,18
1133.902,16
1133.978,18
1134.054,18
1134.13,13
1134.206,14
1134.282,11
1134.358,14
1134.434,16
1134.51,18
1134.586,19
1134.662,19
1134.739,17
1134.815,14
1134.891,15
1134.967,15
1135.043,15
1135.119,16
1135.195,17
1135.271,12
1135.347,11
1135.423,9
1135.5,10
1135.576,12
1135.652,14
1135.728,16
1135.804,9
1135.88,9
1135.956,8
1136.032,5
1136.109,5
1136.185,4
1136.261,3
1136.337,5
1136.413,9
1136.489,11
1136.565,13
1136.642,15
1136.718,18
1136.794,19
1136.87,17
1136.946,14
1137.022,8
1137.099,6
1137.175,10
1137.251,12
1137.327,13
1137.403,15
1137.479,11
1137.556,11
1137.632,10
1137.708,8
1137.784,8
1137.86,8
1137.937,10
1138.013,9
1138.089,12
1138.165,13
1138.241,13
1138.318,13
1138.394,10
1138.47,8
1138.546,8
1138.622,7
1138.699,8
1138.775,12
1138.851,12
1138.927,12
1139.004,12
1139.08,7
1139.156,11
1139.232,14
1139.309,15
1139.385,15
1139.461,15
1139.537,15
1139.614,14
1139.69,14
1139.766,12
1139.842,10
1139.919,9
1139.995,11
1140.071,8
1140.147,9
1140.224,11
1140.3,12
1140.376,11
1140.453,9
1140.529,7
1140.605,3
1140.681,4
1140.758,5
1140.834,5
1140.91,5
1140.987,5
1141.063,4
1141.139,5
1141.215,7
1141.292,8
1141.368,10
1141.444,9
1141.521,8
1141.597,7
1141.673,7
1141.75,8
1141.826,11
1141.902,8
1141.979,8
1142.055,7
1142.131,4
1142.208,7
1142.284,8
1142.36,8
1142.437,10
1142.513,10
1142.589,7
1142.666,8
1142.742,8
1142.819,11
1142.895,12
1142.971,11
1143.048,10
1143.124,9
1143.2,10
1143.277,11
1143.353,13
1143.43,13
1143.506,13
1143.582,14
1143.659,11
1143.735,12
1143.812,11
1143.888,11
1143.964,11
1144.041,11
1144.117,13
1144.194,12
1144.27,14
1144.346,16
1144.423,16
1144.499,15
1144.576,12
1144.652,11
1144.729,7
1144.805,8
1144.881,12
1144.958,6
1145.034,9
1145.111,10
1145.187,9
1145.264,11
1145.34,13
1145.416,12
1145.493,13
1145.569,13
1145.646,12
1145.722,14
1145.799,11
1145.875,11
1145.952,11
1146.028,9
1146.105,12
1146.181,15
1146.258,13
1146.334,13
1146.411,11
1146.487,15
1146.564,14
1146.64,13
1146.717,11
1146.793,5
1146.87,7
1146.946,8
1147.023,11
1147.099,14
1147.176,14
1147.252,14
1147.329,11
1147.405,9
1147.482,8
1147.558,6
1147.635,7
1147.711,6
1147.788,3
1147.864,3
1147.941,4
1148.017,6
1148.094,8
1148.17,13
1148.247,11
1148.324,15
1148.4,14
1148.477,11
1148.553,11
1148.63,6
1148.706,9
1148.783,7
1148.859,6
1148.936,10
1149.013,7
1149.089,9
1149.166,11
1149.242,5
1149.319,6
1149.396,5
1149.472,6
1149.549,10
1149.625,9
1149.702,11
1149.778,10
1149.855,8
1149.932,10
1150.008,9
1150.085,8
1150.162,9
1150.238,10
1150.315,12
1150.391,15
1150.468,18
1150.545,18
1150.621,14
1150.698,10
1150.775,10
1150.851,8
1150.928,9
1151.004,10
1151.081,6
1151.158,8
1151.234,8
1151.311,8
1151.388,10
1151.464,10
1151.541,10
1151.618,14
1151.694,14
1151.771,12
1151.848,14
1151.924,11
1152.001,12
1152.078,12
1152.154,10
1152.231,11
1152.308,7
1152.384,7
1152.461,7
1152.538,6
1152.614,7
1152.691,7
1152.768,8
1152.845,10
1152.921,15
1152.998,18
1153.075,19
1153.151,17
1153.228,14
1153.305,12
1153.382,13
1153.458,15
1153.535,17
1153.612,16
1153.689,12
1153.765,14
1153.842,16
1153.919,19
1153.995,21
1154.072,16
1154.149,12
1154.226,10
1154.302,9
1154.379,10
1154.456,11
1154.533,10
1154.609,9
1154.686,8
1154.763,5
1154.84,4
1154.917,6
1154.993,10
1155.07,8
1155.147,9
1155.224,8
1155.3,7
1155.377,12
1155.454,16
1155.531,16
1155.608,16
1155.684,17
1155.761,15
1155.838,15
1155.915,12
1155.992,12
1156.068,12
1156.145,12
1156.222,13
1156.299,9
1156.376,7
1156.453,8
1156.529,8
1156.606,12
1156.683,13
1156.76,13
1156.837,13
1156.914,8
1156.99,9
1157.067,9
1157.144,9
1157.221,12
1157.298,13
1157.375,12
1157.452,12
1157.528,13
1157.605,13
1157.682,12
1157.759,12
1157.836,10
1157.913,6
1157.99,10
1158.067,11
1158.143,9
1158.22,11
1158.297,8
1158.374,7
1158.451,9
1158.528,11
1158.605,13
1158.682,11
1158.759,12
1158.835,12
1158.912,11
1158.989,11
1159.066,13
1159.143,12
1159.22,11
1159.297,11
1159.374,8
1159.451,4
1159.528,6
1159.605,9
1159.682,6
1159.759,7
1159.835,6
1159.912,4
1159.989,9
1160.066,12
1160.143,13
1160.22,14
1160.297,17
1160.374,19
1160.451,16
1160.528,14
1160.605,13
1160.682,12
1160.759,12
1160.836,15
1160.913,11
1160.99,8
1161.067,11
1161.144,9
1161.221,6
1161.298,5
1161.375,4
1161.452,4
1161.529,5
1161.606,5
1161.683,5
1161.76,5
1161.837,5
1161.914,12
1161.991,10
1162.068,10
1162.145,15
1162.222,13
1162.299,14
1162.376,18
1162.453,22
1162.53,16
1162.607,15
1162.684,10
1162.761,4
1162.838,4
1162.915,7
1162.992,8
1163.069,9
1163.146,12
1163.223,11
1163.3,13
1163.377,18
1163.455,22
1163.532,21
1163.609,18
1163.686,18
1163.763,13
1163.84,12
1163.917,14
1163.994,5
1164.071,3
1164.148,6
1164.225,7
1164.302,10
1164.379,12
1164.457,11
1164.534,11
1164.611,9
1164.688,13
1164.765,13
1164.842,12
1164.919,13
1164.996,12
1165.073,11
1165.151,10
1165.228,11
1165.305,8
1165.382,7
1165.459,9
1165.536,8
1165.613,8
1165.69,11
1165.768,11
1165.845,13
1165.922,11
1165.999,11
1166.076,8
1166.153,8
1166.23,11
1166.308,9
1166.385,12
1166.462,10
1166.539,12
1166.616,13
1166.693,11
1166.771,13
1166.848,15
1166.925,14
1167.002,13
1167.079,10
1167.157,6
1167.234,8
1167.311,10
1167.388,12
1167.465,11
1167.542,9
1167.62,10
1167.697,12
1167.774,15
1167.851,15
1167.929,15
1168.006,10
1168.083,8
1168.16,11
1168.237,10
1168.315,14
1168.392,13
1168.469,10
1168.546,9
1168.624,9
1168.701,10
1168.778,10
1168.855,11
1168.933,11
1169.01,10
1169.087,13
1169.164,15
1169.242,15
1169.319,18
1169.396,16
1169.473,15
1169.551,14
1169.628,14
1169.705,12
1169.782,10
1169.86,13
1169.937,11
1170.014,12
1170.092,14
1170.169,7
1170.246,5
1170.323,6
1170.401,5
1170.478,8
1170.555,10
1170.633,10
1170.71,9
1170.787,10
1170.864,14
1170.942,13
1171.019,18
1171.096,16
1171.174,13
1171.251,14
1171.328,9
1171.406,13
1171.483,13
1171.56,14
1171.638,15
1171.715,12
1171.792,9
1171.87,7
1171.947,5
1172.024,5
1172.102,7
1172.179,6
1172.257,9
1172.334,12
1172.411,13
1172.489,16
1172.566,17
1172.643,12
1172.721,10
1172.798,9
1172.875,6
1172.953,5
1173.03,4
1173.108,4
1173.185,4
1173.262,6
1173.34,8
1173.417,7
1173.495,8
1173.572,8
1173.649,10
1173.727,9
1173.804,9
1173.882,8
1173.959,7
1174.036,7
1174.114,9
1174.191,10
1174.269,7
1174.346,8
1174.424,6
1174.501,7
1174.578,9
1174.656,8
1174.733,7
1174.811,9
1174.888,8
1174.966,9
1175.043,11
1175.121,13
1175.198,15
1175.275,14
1175.353,16
1175.43,15
1175.508,12
1175.585,14
1175.663,12
1175.74,9
1175.818,8
1175.895,8
1175.973,6
1176.05,9
1176.128,11
1176.205,10
1176.283,10
1176.36,12
1176.438,14
1176.515,14
1176.593,14
1176.67,15
1176.748,14
1176.825,13
1176.903,11
1176.98,10
1177.058,10
1177.135,10
1177.213,11
1177.29,8
1177.368,6
1177.445,7
1177.523,8
1177.6,14
1177.678,14
1177.756,14
1177.833,15
1177.911,11
1177.988,13
1178.066,12
1178.143,13
1178.221,13
1178.298,15
1178.376,14
1178.454,11
1178.531,13
1178.609,11
1178.686,12
1178.764,13
1178.841,9
1178.919,7
1178.997,7
1179.074,7
1179.152,6
1179.229,8
1179.307,7
1179.384,6
1179.462,8
1179.54,8
1179.617,9
1179.695,9
1179.773,11
1179.85,13
1179.928,12
1180.005,12
1180.083,10
1180.161,6
1180.238,10
1180.316,12
1180.393,13
1180.471,12
1180.549,10
1180.626,7
1180.704,9
1180.782,13
1180.859,11
1180.937,12
1181.015,8
1181.092,7
1181.17,7
1181.248,7
1181.325,6
1181.403,5
1181.481,5
1181.558,6
1181.636,10
1181.714,11
1181.791,12
1181.869,12
1181.947,9
1182.024,8
1182.102,9
1182.18,9
1182.257,13
1182.335,15
1182.413,13
1182.49,13
1182.568,8
1182.646,6
1182.724,8
1182.801,8
1182.879,11
1182.957,14
1183.034,13
1183.112,12
1183.19,12
1183.268,9
1183.345,8
1183.423,10
1183.501,9
1183.579,7
1183.656,9
1183.734,7
1183.812,7
1183.89,12
1183.967,11
1184.045,12
1184.123,12
1184.201,7
1184.278,9
1184.356,10
1184.434,12
1184.512,21
1184.589,19
1184.667,17
1184.745,17
1184.823,10
1184.9,11
1184.978,12
1185.056,11
1185.134,11
1185.212,10
1185.289,8
1185.367,8
1185.445,6
1185.523,8
1185.601,10
1185.678,8
1185.756,11
1185.834,12
1185.912,13
1185.99,14
1186.067,13
1186.145,9
1186.223,8
1186.301,9
1186.379,9
1186.457,10
1186.534,11
1186.612,9
1186.69,8
1186.768,10
1186.846,10
1186.924,11
1187.001,13
1187.079,11
1187.157,8
1187.235,5
1187.313,4
1187.391,5
1187.469,8
1187.547,10
1187.624,13
1187.702,12
1187.78,11
1187.858,13
1187.936,9
1188.014,10
1188.092,13
1188.17,14
1188.247,15
1188.325,14
1188.403,10
1188.481,8
1188.559,7
1188.637,6
1188.715,7
1188.793,10
1188.871,11
1188.949,14
1189.027,14
1189.104,16
1189.182,17
1189.26,17
1189.338,17
1189.416,18
1189.494,18
1189.572,15
1189.65,15
1189.728,12
1189.806,13
1189.884,14
1189.962,13
1190.04,16
1190.118,13
1190.196,14
1190.274,16
1190.352,9
1190.429,11
1190.507,12
1190.585,11
1190.663,13
1190.741,10
1190.819,7
1190.897,8
1190.975,7
1191.053,9
1191.131,10
1191.209,11
1191.287,9
1191.365,11
1191.443,11
1191.521,14
1191.599,15
1191.677,10
1191.755,10
1191.833,7
1191.911,8
1191.989,10
1192.067,12
1192.145,11
1192.223,10
1192.301,11
1192.379,10
1192.457,11
1192.536,13
1192.614,13
1192.692,11
1192.77,9
1192.848,10
1192.926,10
1193.004,10
1193.082,8
1193.16,5
1193.238,4
1193.316,5
1193.394,8
1193.472,10
1193.55,10
1193.628,12
1193.706,11
1193.784,9
1193.863,9
1193.941,8
1194.019,7
1194.097,9
1194.175,8
1194.253,8
1194.331,9
1194.409,6
1194.487,8
1194.565,6
1194.643,9
1194.722,13
1194.8,12
1194.878,13
1194.956,9
1195.034,5
1195.112,5
1195.19,6
1195.268,7
1195.347,7
1195.425,7
1195.503,5
1195.581,5
1195.659,9
1195.737,10
1195.815,11
1195.893,12
1195.972,15
1196.05,14
1196.128,13
1196.206,10
1196.284,6
1196.362,5
1196.441,5
1196.519,6
1196.597,4
1196.675,6
1196.753,7
1196.831,9
1196.91,8
1196.988,10
1197.066,9
1197.144,9
1197.222,11
1197.301,8
1197.379,9
1197.457,8
1197.535,8
1197.613,8
1197.692,7
1197.77,7
1197.848,11
1197.926,9
1198.004,9
1198.083,11
1198.161,7
1198.239,9
1198.317,10
1198.396,9
1198.474,8
1198.552,9
1198.63,9
1198.708,7
1198.787,8
1198.865,7
1198.943,8
1199.021,9
1199.1,8
1199.178,6
1199.256,5
1199.334,7
1199.413,12
1199.491,17
1199.569,17
1199.648,16
1199.726,12
1199.804,9
1199.882,10
1199.961,10
1200.039,12
1200.117,11
1200.196,10
1200.274,8
1200.352,8
1200.43,10
1200.509,12
1200.587,15
1200.665,12
1200.744,12
1200.822,10
1200.9,8
1200.979,14
1201.057,13
1201.135,12
1201.214,11
1201.292,5
1201.37,3
1201.449,5
1201.527,5
1201.605,6
1201.684,7
1201.762,8
1201.84,8
1201.919,13
1201.997,17
1202.075,19
1202.154,24
1202.232,25
1202.31,23
1202.389,19
1202.467,15
1202.545,15
1202.624,14
1202.702,13
1202.781,13
1202.859,7
1202.937,8
1203.016,9
1203.094,9
1203.172,8
1203.251,8
1203.329,8
1203.408,7
1203.486,9
1203.564,6
1203.643,8
1203.721,9
1203.8,8
1203.878,11
1203.956,8
1204.035,7
1204.113,10
1204.192,12
1204.27,12
1204.349,14
1204.427,14
1204.505,12
1204.584,13
1204.662,13
1204.741,9
1204.819,11
1204.898,13
1204.976,14
1205.055,14
1205.133,12
1205.211,12
1205.29,11
1205.368,12
1205.447,11
1205.525,8
1205.604,7
1205.682,7
1205.761,7
1205.839,8
1205.918,8
1205.996,7
1206.075,6
1206.153,6
1206.232,9
1206.31,10
1206.389,14
1206.467,16
1206.546,12
1206.624,11
1206.703,9
1206.781,9
1206.86,10
1206.938,12
1207.017,10
1207.095,7
1207.174,7
1207.252,8
1207.331,10
1207.409,10
1207.488,10
1207.566,9
1207.645,9
1207.723,11
1207.802,12
1207.881,14
1207.959,15
1208.038,15
1208.116,13
1208.195,8
1208.273,5
1208.352,6
1208.43,7
1208.509,8
1208.588,9
1208.666,7
1208.745,8
1208.823,11
1208.902,13
1208.98,12
1209.059,12
1209.138,11
1209.216,9
1209.295,10
1209.373,12
1209.452,12
1209.531,13
1209.609,14
1209.688,13
1209.766,14
1209.845,13
1209.924,12
1210.002,9
1210.081,6
1210.159,6
1210.238,6
1210.317,5
1210.395,5
1210.474,4
1210.553,3
1210.631,5
1210.71,8
1210.788,10
1210.867,11
1210.946,13
1211.024,11
1211.103,12
1211.182,11
1211.26,9
1211.339,8
1211.418,5
1211.496,7
1211.575,8
1211.654,11
1211.732,14
1211.811,13
1211.89,12
1211.968,11
1212.047,12
1212.126,11
1212.204,12
1212.283,9
1212.362,6
1212.44,7
1212.519,6
1212.598,10
1212.677,9
1212.755,9
1212.834,8
1212.913,4
1212.991,6
1213.07,7
1213.149,8
1213.228,10
1213.306,7
1213.385,6
1213.464,6
1213.542,5
1213.621,9
1213.7,10
1213.779,9
1213.857,9
1213.936,9
1214.015,7
1214.094,9
1214.172,11
1214.251,11
1214.33,11
1214.409,8
1214.487,11
1214.566,8
1214.645,9
1214.724,12
1214.803,9
1214.881,10
1214.96,10
1215.039,8
1215.118,6
1215.196,6
1215.275,6
1215.354,6
1215.433,6
1215.512,7
1215.59,7
1215.669,9
1215.748,12
1215.827,13
1215.906,13
1215.984,11
1216.063,10
1216.142,9
1216.221,8
1216.3,9
1216.379,9
1216.457,8
1216.536,8
1216.615,6
1216.694,5
1216.773,4
1216.852,5
1216.93,9
1217.009,7
1217.088,9
1217.167,10
1217.246,8
1217.325,9
1217.403,10
1217.482,8
1217.561,10
1217.64,11
1217.719,8
1217.798,9
1217.877,8
1217.956,8
1218.034,8
1218.113,8
1218.192,5
1218.271,6
1218.35,10
1218.429,11
1218.508,14
1218.587,10
1218.666,10
1218.744,9
1218.823,8
1218.902,9
1218.981,6
1219.06,5
1219.139,6
1219.218,8
1219.297,8
1219.376,10
1219.455,10
1219.534,9
1219.613,9
1219.692,8
1219.77,8
1219.849,7
1219.928,8
1220.007,10
1220.086,9
1220.165,10
1220.244,9
1220.323,7
1220.402,7
1220.481,7
1220.56,8
1220.639,7
1220.718,6
1220.797,9
1220.876,9
1220.955,9
1221.034,11
1221.113,10
1221.192,8
1221.271,9
1221.35,8
1221.429,10
1221.508,12
1221.587,13
1221.666,13
1221.745,14
1221.824,13
1221.903,14
1221.982,15
1222.061,12
1222.14,12
1222.219,10
1222.298,8
1222.377,8
1222.456,8
1222.535,8
1222.614,11
1222.693,9
1222.772,11
1222.851,11
1222.93,9
1223.009,8
1223.088,7
1223.167,7
1223.246,7
1223.325,8
1223.404,8
1223.483,8
1223.562,7
1223.642,10
1223.721,8
1223.8,7
1223.879,10
1223.958,16
1224.037,17
1224.116,17
1224.195,16
1224.274,7
1224.353,9
1224.432,11
1224.511,11
1224.59,13
1224.67,11
1224.749,10
1224.828,8
1224.907,6
1224.986,6
1225.065,9
1225.144,12
1225.223,12
1225.302,13
1225.382,12
1225.461,11
1225.54,12
1225.619,13
1225.698,10
1225.777,8
1225.856,6
1225.936,6
1226.015,8
1226.094,7
1226.173,10
1226.252,11
1226.331,12
1226.41,14
1226.49,12
1226.569,9
1226.648,9
1226.727,9
1226.806,10
1226.885,10
1226.965,7
1227.044,7
1227.123,7
1227.202,8
1227.281,9
1227.36,10
1227.44,9
1227.519,10
1227.598,9
1227.677,9
1227.756,10
1227.836,10
1227.915,11
1227.994,8
1228.073,8
1228.152,5
1228.232,6
1228.311,8
1228.39,6
1228.469,6
1228.549,5
1228.628,8
1228.707,8
1228.786,7
1228.865,7
1228.945,4
1229.024,10
1229.103,11
1229.182,12
1229.262,13
1229.341,10
1229.42,13
1229.499,12
1229.579,11
1229.658,9
1229.737,6
1229.816,10
1229.896,11
1229.975,10
1230.054,11
1230.134,8
1230.213,10
1230.292,13
1230.371,15
1230.451,13
1230.53,9
1230.609,9
1230.689,10
1230.768,11
1230.847,10
1230.927,10
1231.006,7
1231.085,6
1231.164,9
1231.244,8
1231.323,10
1231.402,13
1231.482,10
1231.561,9
1231.64,9
1231.72,6
1231.799,8
1231.878,7
1231.958,3
1232.037,5
1232.116,6
1232.196,8
1232.275,11
1232.354,10
1232.434,8
1232.513,11
1232.592,10
1232.672,10
1232.751,11
1232.831,10
1232.91,13
1232.989,12
1233.069,12
1233.148,8
1233.227,6
1233.307,7
1233.386,8
1233.466,10
1233.545,10
1233.624,9
1233.704,9
1233.783,10
1233.863,8
1233.942,8
1234.021,6
1234.101,6
1234.18,7
1234.26,7
1234.339,7
1234.418,5
1234.498,7
1234.577,12
1234.657,18
1234.736,21
1234.816,22
1234.895,19
1234.974,14
1235.054,9
1235.133,10
1235.213,12
1235.292,15
1235.372,18
1235.451,15
1235.531,12
1235.61,10
1235.689,8
1235.769,8
1235.848,9
1235.928,10
1236.007,10
1236.087,12
1236.166,12
1236.246,9
1236.325,7
1236.405,6
1236.484,7
1236.564,8
1236.643,6
1236.723,6
1236.802,5
1236.882,8
1236.961,9
1237.041,8
1237.12,7
1237.2,3
1237.279,7
1237.359,8
1237.438,9
1237.518,10
1237.597,7
1237.677,8
1237.756,7
1237.836,10
1237.915,13
1237.995,10
1238.074,10
1238.154,7
1238.233,2
1238.313,2
1238.393,2
1238.472,3
1238.552,8
1238.631,9
1238.711,10
1238.79,8
1238.87,5
1238.949,5
1239.029,5
1239.109,6
1239.188,6
1239.268,6
1239.347,7
1239.427,10
1239.507,9
1239.586,11
1239.666,10
1239.745,8
1239.825,10
1239.904,10
1239.984,11
1240.064,10
1240.143,12
1240.223,10
1240.302,8
1240.382,8
1240.462,5
1240.541,9
1240.621,11
1240.701,10
1240.78,13
1240.86,11
1240.939,10
1241.019,12
1241.099,11
1241.178,11
1241.258,11
1241.338,12
1241.417,10
1241.497,13
1241.577,14
1241.656,13
1241.736,12
1241.816,7
1241.895,6
1241.975,5
1242.055,10
1242.134,10
1242.214,11
1242.294,13
1242.373,10
1242.453,14
1242.533,13
1242.612,14
1242.692,12
1242.772,9
1242.851,8
1242.931,10
1243.011,12
1243.09,11
1243.17,13
1243.25,9
1243.33,8
1243.409,9
1243.489,8
1243.569,11
1243.648,12
1243.728,12
1243.808,12
1243.888,8
1243.967,8
1244.047,8
1244.127,9
1244.207,11
1244.286,10
1244.366,13
1244.446,14
1244.526,15
1244.605,13
1244.685,13
1244.765,12
1244.845,11
1244.924,11
1245.004,7
1245.084,6
1245.164,4
1245.243,6
1245.323,11
1245.403,12
1245.483,14
1245.562,14
1245.642,9
1245.722,8
1245.802,9
1245.882,9
1245.961,11
1246.041,11
1246.121,12
1246.201,11
1246.281,10
1246.36,12
1246.44,12
1246.52,9
1246.6,7
1246.68,6
1246.759,5
1246.839,8
1246.919,10
1246.999,9
1247.079,7
1247.159,9
1247.238,7
1247.318,8
1247.398,11
1247.478,7
1247.558,12
1247.638,11
1247.718,10
1247.797,11
1247.877,7
1247.957,11
1248.037,14
1248.117,11
1248.197,12
1248.277,11
1248.356,7
1248.436,7
1248.516,7
1248.596,5
1248.676,3
1248.756,8
1248.836,7
1248.916,6
1248.996,11
1249.075,12
1249.155,15
1249.235,16
1249.315,13
1249.395,13
1249.475,10
1249.555,12
1249.635,16
1249.715,13
1249.795,14
1249.875,13
1249.954,7
1250.034,7
1250.114,7
1250.194,6
1250.274,6
1250.354,7
1250.434,7
1250.514,8
1250.594,9
1250.674,8
1250.754,10
1250.834,9
1250.914,9
1250.994,12
1251.074,10
1251.154,10
1251.234,13
1251.314,9
1251.394,9
1251.473,9
1251.553,7
1251.633,7
1251.713,6
1251.793,6
1251.873,7
1251.953,10
1252.033,12
1252.113,11
1252.193,9
1252.273,7
1252.353,6
1252.433,8
1252.513,7
1252.593,6
1252.673,7
1252.753,5
1252.833,7
1252.913,6
1252.993,8
1253.074,9
1253.154,8
1253.234,13
1253.314,14
1253.394,14
1253.474,15
1253.554,15
1253.634,12
1253.714,12
1253.794,14
1253.874,15
1253.954,17
1254.034,16
1254.114,13
1254.194,13
1254.274,10
1254.354,11
1254.434,13
1254.514,9
1254.594,8
1254.675,9
1254.755,8
1254.835,8
1254.915,11
1254.995,10
1255.075,9
1255.155,9
1255.235,7
1255.315,10
1255.395,10
1255.475,14
1255.556,13
1255.636,10
1255.716,9
1255.796,5
1255.876,4
1255.956,3
1256.036,6
1256.116,5
1256.197,7
1256.277,8
1256.357,8
1256.437,9
1256.517,8
1256.597,8
1256.677,7
1256.757,6
1256.838,8
1256.918,9
1256.998,8
1257.078,9
1257.158,7
1257.238,5
1257.319,6
1257.399,8
1257.479,9
1257.559,11
1257.639,10
1257.719,8
1257.8,7
1257.88,6
1257.96,5
1258.04,4
1258.12,5
1258.201,6
1258.281,8
1258.361,10
1258.441,11
1258.521,10
1258.602,9
1258.682,7
1258.762,6
1258.842,5
1258.922,5
1259.003,10
1259.083,10
1259.163,10
1259.243,10
1259.324,6
1259.404,7
1259.484,7
1259.564,7
1259.644,8
1259.725,7
1259.805,8
1259.885,10
1259.965,7
1260.046,8
1260.126,10
1260.206,9
1260.286,9
1260.367,8
1260.447,6
1260.527,7
1260.608,7
1260.688,7
1260.768,6
1260.848,6
1260.929,7
1261.009,8
1261.089,10
1261.169,7
1261.25,8
1261.33,9
1261.41,8
1261.491,14
1261.571,12
1261.651,10
1261.732,10
1261.812,9
1261.892,11
1261.973,13
1262.053,12
1262.133,12
1262.213,12
1262.294,13
1262.374,13
1262.454,11
1262.535,12
1262.615,10
1262.695,12
1262.776,9
1262.856,10
1262.936,9
1263.017,8
1263.097,9
1263.178,6
1263.258,5
1263.338,5
1263.419,7
1263.499,9
1263.579,10
1263.66,9
1263.74,8
1263.82,8
1263.901,8
1263.981,9
1264.062,9
1264.142,7
1264.222,12
1264.303,11
1264.383,9
1264.464,11
1264.544,5
1264.624,6
1264.705,9
1264.785,6
1264.866,6
1264.946,8
1265.026,8
1265.107,10
1265.187,12
1265.268,11
1265.348,10
1265.428,8
1265.509,9
1265.589,7
1265.67,8
1265.75,10
1265.831,8
1265.911,10
1265.992,10
1266.072,14
1266.152,16
1266.233,16
1266.313,15
1266.394,9
1266.474,6
1266.555,8
1266.635,10
1266.716,9
1266.796,10
1266.877,8
1266.957,8
1267.038,14
1267.118,15
1267.199,14
1267.279,14
1267.359,12
1267.44,11
1267.52,10
1267.601,6
1267.681,6
1267.762,8
1267.842,9
1267.923,11
1268.003,9
1268.084,7
1268.165,9
1268.245,8
1268.326,7
1268.406,9
1268.487,6
1268.567,7
1268.648,8
1268.728,5
1268.809,6
1268.889,5
1268.97,6
1269.05,8
1269.131,8
1269.211,7
1269.292,9
1269.373,8
1269.453,7
1269.534,10
1269.614,8
1269.695,7
1269.775,10
1269.856,10
1269.936,10
1270.017,12
1270.098,10
1270.178,7
1270.259,4
1270.339,1
1270.42,1
1270.501,5
1270.581,6
1270.662,9
1270.742,9
1270.823,7
1270.904,12
1270.984,12
1271.065,11
1271.145,10
1271.226,11
1271.307,14
1271.387,17
1271.468,21
1271.548,15
1271.629,10
1271.71,7
1271.79,5
1271.871,7
1271.952,8
1272.032,8
1272.113,7
1272.194,8
1272.274,6
1272.355,7
1272.436,7
1272.516,6
1272.597,11
1272.677,10
1272.758,9
1272.839,9
1272.919,7
1273.00,11
1273.081,12
1273.162,11
1273.242,11
1273.323,7
1273.404,9
1273.484,11
1273.565,13
1273.646,13
1273.726,13
1273.807,12
1273.888,8
1273.968,8
1274.049,4
1274.13,3
1274.211,5
1274.291,5
1274.372,6
1274.453,7
1274.533,6
1274.614,7
1274.695,9
1274.776,8
1274.856,8
1274.937,8
1275.018,9
1275.099,10
1275.179,11
1275.26,11
1275.341,9
1275.421,8
1275.502,7
1275.583,8
1275.664,6
1275.745,8
1275.825,8
1275.906,6
1275.987,8
1276.068,5
1276.148,6
1276.229,7
1276.31,8
1276.391,7
1276.471,5
1276.552,5
1276.633,5
1276.714,8
1276.795,8
1276.875,7
1276.956,4
1277.037,4
1277.118,5
1277.199,6
1277.279,8
1277.36,8
1277.441,8
1277.522,7
1277.603,5
1277.684,6
1277.764,6
1277.845,7
1277.926,13
1278.007,14
1278.088,16
1278.168,16
1278.249,12
1278.33,8
1278.411,9
1278.492,9
1278.573,10
1278.654,13
1278.734,11
1278.815,10
1278.896,10
1278.977,12
1279.058,10
1279.139,11
1279.22,9
1279.3,10
1279.381,10
1279.462,9
1279.543,11
1279.624,5
1279.705,9
1279.786,10
1279.867,10
1279.948,14
1280.028,11
1280.109,12
1280.19,13
1280.271,9
1280.352,9
1280.433,8
1280.514,7
1280.595,13
1280.676,13
1280.757,12
1280.838,11
1280.919,6
1280.999,9
1281.08,12
1281.161,10
1281.242,9
1281.323,7
1281.404,5
1281.485,7
1281.566,10
1281.647,8
1281.728,8
1281.809,9
1281.89,7
1281.971,8
1282.052,8
1282.133,6
1282.214,7
1282.295,8
1282.376,7
1282.457,7
1282.538,6
1282.619,7
1282.7,7
1282.781,8
1282.862,7
1282.942,6
1283.023,6
1283.104,6
1283.185,9
1283.266,10
1283.347,12
1283.428,12
1283.51,11
1283.591,8
1283.672,7
1283.753,6
1283.834,5
1283.915,8
1283.996,9
1284.077,11
1284.158,13
1284.239,11
1284.32,9
1284.401,10
1284.482,10
1284.563,12
1284.644,12
1284.725,10
1284.806,7
1284.887,7
1284.968,9
1285.049,10
1285.13,11
1285.211,9
1285.292,9
1285.373,10
1285.454,11
1285.536,11
1285.617,11
1285.698,9
1285.779,8
1285.86,10
1285.941,10
1286.022,11
1286.103,18
1286.184,16
1286.265,14
1286.346,12
1286.428,6
1286.509,5
1286.59,8
1286.671,10
1286.752,8
1286.833,7
1286.914,4
1286.995,4
1287.076,3
1287.158,4
1287.239,7
1287.32,7
1287.401,9
1287.482,8
1287.563,6
1287.644,4
1287.726,5
1287.807,10
1287.888,9
1287.969,10
1288.05,10
1288.131,14
1288.212,15
1288.294,17
1288.375,18
1288.456,10
1288.537,11
1288.618,12
1288.699,10
1288.781,14
1288.862,13
1288.943,10
1289.024,12
1289.105,11
1289.187,12
1289.268,12
1289.349,13
1289.43,13
1289.511,12
1289.593,10
1289.674,11
1289.755,9
1289.836,8
1289.917,9
1289.999,9
1290.08,9
1290.161,11
1290.242,16
1290.324,15
1290.405,17
1290.486,19
1290.567,17
1290.648,17
1290.73,14
1290.811,11
1290.892,9
1290.973,9
1291.055,10
1291.136,9
1291.217,7
1291.298,7
1291.38,5
1291.461,6
1291.542,10
1291.624,6
1291.705,6
1291.786,7
1291.867,5
1291.949,4
1292.03,7
1292.111,7
1292.193,6
1292.274,7
1292.355,7
1292.436,7
1292.518,6
1292.599,6
1292.68,6
1292.762,4
1292.843,4
1292.924,12
1293.006,13
1293.087,14
1293.168,18
1293.249,15
1293.331,14
1293.412,14
1293.493,14
1293.575,11
1293.656,12
1293.737,12
1293.819,10
1293.9,11
1293.981,7
1294.063,8
1294.144,8
1294.226,9
1294.307,11
1294.388,10
1294.47,11
1294.551,9
1294.632,10
1294.714,9
1294.795,10
1294.876,8
1294.958,8
1295.039,9
1295.121,9
1295.202,11
1295.283,10
1295.365,12
1295.446,8
1295.528,10
1295.609,10
1295.69,8
1295.772,11
1295.853,8
1295.935,7
1296.016,6
1296.097,3
1296.179,5
1296.26,6
1296.342,6
1296.423,9
1296.504,6
1296.586,6
1296.667,6
1296.749,5
1296.83,7
1296.912,7
1296.993,8
1297.075,7
1297.156,6
1297.237,5
1297.319,5
1297.4,6
1297.482,8
1297.563,8
1297.645,8
1297.726,7
1297.808,9
1297.889,11
1297.971,11
1298.052,13
1298.134,11
1298.215,11
1298.296,11
1298.378,9
1298.459,7
1298.541,6
1298.622,5
1298.704,5
1298.785,5
1298.867,6
1298.948,8
1299.03,9
1299.111,9
1299.193,13
1299.274,12
1299.356,10
1299.438,9
1299.519,5
1299.601,4
1299.682,8
1299.764,10
1299.845,11
1299.927,11
1300.008,8
1300.09,7
1300.171,5
1300.253,6
1300.334,7
1300.416,8
1300.497,7
1300.579,7
1300.661,6
1300.742,9
1300.824,11
1300.905,10
1300.987,12
1301.068,8
1301.15,10
1301.232,10
1301.313,12
1301.395,12
1301.476,9
1301.558,10
1301.64,6
1301.721,8
1301.803,9
1301.884,10
1301.966,10
1302.047,7
1302.129,7
1302.211,6
1302.292,9
1302.374,10
1302.456,10
1302.537,10
1302.619,7
1302.7,6
1302.782,8
1302.864,7
1302.945,7
1303.027,12
1303.109,13
1303.19,13
1303.272,14
1303.353,13
1303.435,9
1303.517,9
1303.598,10
1303.68,7
1303.762,6
1303.843,8
1303.925,6
1304.007,5
1304.088,10
1304.17,10
1304.252,9
1304.333,12
1304.415,7
1304.497,6
1304.578,9
1304.66,6
1304.742,11
1304.824,11
1304.905,10
1304.987,18
1305.069,14
1305.15,14
1305.232,14
1305.314,6
1305.395,6
1305.477,7
1305.559,8
1305.641,8
1305.722,10
1305.804,8
1305.886,7
1305.967,7
1306.049,6
1306.131,9
1306.213,8
1306.294,13
1306.376,12
1306.458,13
1306.54,13
1306.621,11
1306.703,9
1306.785,6
1306.867,6
1306.948,5
1307.03,7
1307.112,7
1307.194,10
1307.275,9
1307.357,11
1307.439,14
1307.521,12
1307.603,11
1307.684,11
1307.766,9
1307.848,9
1307.93,15
1308.012,15
1308.093,13
1308.175,12
1308.257,9
1308.339,7
1308.421,9
1308.502,12
1308.584,11
1308.666,11
1308.748,11
1308.83,11
1308.911,9
1308.993,13
1309.075,12
1309.157,8
1309.239,9
1309.321,7
1309.402,9
1309.484,10
1309.566,10
1309.648,11
1309.73,8
1309.812,10
1309.893,13
1309.975,11
1310.057,11
1310.139,11
1310.221,10
1310.303,10
1310.385,11
1310.466,9
1310.548,8
1310.63,7
1310.712,7
1310.794,8
1310.876,6
1310.958,8
1311.04,7
1311.122,9
1311.203,11
1311.285,11
1311.367,15
1311.449,13
1311.531,15
1311.613,16
1311.695,13
1311.777,16
1311.859,11
1311.941,8
1312.023,10
1312.104,8
1312.186,5
1312.268,11
1312.35,9
1312.432,10
1312.514,12
1312.596,11
1312.678,14
1312.76,14
1312.842,16
1312.924,20
1313.006,19
1313.088,16
1313.17,18
1313.252,10
1313.334,10
1313.416,11
1313.498,7
1313.58,11
1313.661,13
1313.743,15
1313.825,15
1313.907,11
1313.989,7
1314.071,5
1314.153,6
1314.235,5
1314.317,5
1314.399,7
1314.481,4
1314.563,7
1314.645,9
1314.727,7
1314.809,15
1314.891,14
1314.973,13
1315.055,14
1315.137,9
1315.219,8
1315.301,9
1315.383,10
1315.466,8
1315.548,10
1315.63,9
1315.712,10
1315.794,12
1315.876,10
1315.958,11
1316.04,7
1316.122,6
1316.204,7
1316.286,8
1316.368,9
1316.45,12
1316.532,10
1316.614,8
1316.696,8
1316.778,7
1316.86,10
1316.942,11
1317.025,15
1317.107,15
1317.189,16
1317.271,15
1317.353,14
1317.435,15
1317.517,12
1317.599,13
1317.681,13
1317.763,13
1317.846,13
1317.928,13
1318.01,9
1318.092,11
1318.174,11
1318.256,9
1318.338,11
1318.42,10
1318.502,11
1318.585,14
1318.667,12
1318.749,14
1318.831,15
1318.913,11
1318.995,11
1319.077,8
1319.16,6
1319.242,6
1319.324,6
1319.406,11
1319.488,12
1319.57,14
1319.652,13
1319.735,11
1319.817,8
1319.899,6
1319.981,7
1320.063,6
1320.146,7
1320.228,7
1320.31,7
1320.392,7
1320.474,7
1320.556,8
1320.639,11
1320.721,10
1320.803,8
1320.885,10
1320.967,8
1321.05,8
1321.132,9
1321.214,9
1321.296,10
1321.378,10
1321.461,10
1321.543,7
1321.625,8
1321.707,7
1321.79,8
1321.872,8
1321.954,5
1322.036,7
1322.119,12
1322.201,12
1322.283,11
1322.365,8
1322.448,4
1322.53,4
1322.612,7
1322.694,11
1322.777,8
1322.859,9
1322.941,8
1323.023,9
1323.106,11
1323.188,11
1323.27,13
1323.352,10
1323.435,10
1323.517,9
1323.599,8
1323.682,9
1323.764,12
1323.846,14
1323.929,13
1324.011,11
1324.093,8
1324.175,7
1324.258,11
1324.34,13
1324.422,13
1324.505,13
1324.587,10
1324.669,12
1324.752,16
1324.834,16
1324.916,15
1324.999,11
1325.081,9
1325.163,8
1325.246,8
1325.328,10
1325.41,9
1325.493,9
1325.575,11
1325.657,8
1325.74,5
1325.822,8
1325.904,5
1325.987,7
1326.069,10
1326.152,7
1326.234,7
1326.316,6
1326.399,5
1326.481,6
1326.563,6
1326.646,7
1326.728,7
1326.811,7
1326.893,9
1326.975,8
1327.058,10
1327.14,9
1327.223,6
1327.305,6
1327.387,4
1327.47,6
1327.552,8
1327.635,6
1327.717,4
1327.799,2
1327.882,2
1327.964,4
1328.047,8
1328.129,8
1328.212,8
1328.294,8
1328.376,6
1328.459,7
1328.541,8
1328.624,11
1328.706,13
1328.789,12
1328.871,14
1328.954,15
1329.036,13
1329.119,13
1329.201,11
1329.283,8
1329.366,9
1329.448,11
1329.531,10
1329.613,13
1329.696,13
1329.778,13
1329.861,13
1329.943,11
1330.026,10
1330.108,9
1330.191,12
1330.273,13
1330.356,15
1330.438,14
1330.521,11
1330.603,11
1330.686,8
1330.768,8
1330.851,7
1330.933,3
1331.016,4
1331.098,5
1331.181,5
1331.263,7
1331.346,6
1331.429,5
1331.511,5
1331.594,3
1331.676,4
1331.759,5
1331.841,7
1331.924,13
1332.006,16
1332.089,15
1332.171,14
1332.254,12
1332.337,8
1332.419,10
1332.502,9
1332.584,7
1332.667,7
1332.749,6
1332.832,5
1332.915,5
1332.997,10
1333.08,10
1333.162,12
1333.245,10
1333.328,9
1333.41,12
1333.493,15
1333.575,15
1333.658,15
1333.741,11
1333.823,8
1333.906,11
1333.988,8
1334.071,9
1334.154,9
1334.236,7
1334.319,11
1334.401,13
1334.484,12
1334.567,14
1334.649,9
1334.732,8
1334.815,11
1334.897,11
1334.98,16
1335.063,18
1335.145,19
1335.228,21
1335.311,17
1335.393,14
1335.476,12
1335.559,10
1335.641,10
1335.724,10
1335.807,8
1335.889,7
1335.972,8
1336.055,10
1336.137,10
1336.22,10
1336.303,8
1336.385,7
1336.468,7
1336.551,6
1336.633,7
1336.716,5
1336.799,7
1336.882,6
1336.964,8
1337.047,9
1337.13,8
1337.212,13
1337.295,10
1337.378,9
1337.461,9
1337.543,7
1337.626,10
1337.709,10
1337.792,10
1337.874,16
1337.957,11
1338.04,11
1338.122,9
1338.205,3
1338.288,3
1338.371,5
1338.453,7
1338.536,8
1338.619,14
1338.702,12
1338.785,9
1338.867,13
1338.95,8
1339.033,7
1339.116,9
1339.198,7
1339.281,10
1339.364,11
1339.447,11
1339.53,10
1339.612,7
1339.695,8
1339.778,7
1339.861,7
1339.944,9
1340.026,8
1340.109,8
1340.192,11
1340.275,13
1340.358,12
1340.44,13
1340.523,14
1340.606,12
1340.689,15
1340.772,16
1340.855,14
1340.937,13
1341.02,11
1341.103,9
1341.186,7
1341.269,7
1341.352,6
1341.434,7
1341.517,7
1341.6,8
1341.683,10
1341.766,9
1341.849,9
1341.932,7
1342.014,5
1342.097,8
1342.18,10
1342.263,13
1342.346,14
1342.429,14
1342.512,15
1342.595,15
1342.678,15
1342.76,14
1342.843,12
1342.926,10
1343.009,9
1343.092,8
1343.175,6
1343.258,6
1343.341,9
1343.424,10
1343.507,9
1343.589,10
1343.672,8
1343.755,5
1343.838,7
1343.921,7
1344.004,7
1344.087,10
1344.17,8
1344.253,6
1344.336,6
1344.419,5
1344.502,7
1344.585,8
1344.668,7
1344.751,7
1344.834,8
1344.916,10
1344.999,12
1345.082,11
1345.165,8
1345.248,4
1345.331,2
1345.414,1
1345.497,3
1345.58,4
1345.663,4
1345.746,7
1345.829,8
1345.912,10
1345.995,10
1346.078,9
1346.161,10
1346.244,9
1346.327,10
1346.41,10
1346.493,9
1346.576,10
1346.659,11
1346.742,12
1346.825,11
1346.908,10
1346.991,9
1347.074,7
1347.157,8
1347.24,11
1347.323,10
1347.406,12
1347.49,10
1347.573,7
1347.656,8
1347.739,5
1347.822,6
1347.905,7
1347.988,6
1348.071,11
1348.154,10
1348.237,11
1348.32,12
1348.403,7
1348.486,8
1348.569,6
1348.652,5
1348.735,5
1348.819,5
1348.902,5
1348.985,6
1349.068,11
1349.151,11
1349.234,10
1349.317,9
1349.4,5
1349.483,6
1349.566,10
1349.649,10
1349.733,12
1349.816,10
1349.899,9
1349.982,12
1350.065,11
1350.148,11
1350.231,11
1350.314,8
1350.398,8
1350.481,8
1350.564,6
1350.647,9
1350.73,9
1350.813,10
1350.896,9
1350.98,6
1351.063,7
1351.146,8
1351.229,8
1351.312,10
1351.395,10
1351.479,8
1351.562,8
1351.645,6
1351.728,4
1351.811,4
1351.894,5
1351.978,5
1352.061,5
1352.144,6
1352.227,7
1352.31,11
1352.394,13
1352.477,16
1352.56,15
1352.643,11
1352.726,10
1352.81,6
1352.893,6
1352.976,6
1353.059,11
1353.142,12
1353.226,13
1353.309,13
1353.392,7
1353.475,7
1353.559,7
1353.642,9
1353.725,9
1353.808,6
1353.891,7
1353.975,8
1354.058,8
1354.141,13
1354.224,12
1354.308,11
1354.391,14
1354.474,11
1354.557,11
1354.641,10
1354.724,6
1354.807,7
1354.891,6
1354.974,5
1355.057,9
1355.14,6
1355.224,4
1355.307,4
1355.39,4
1355.474,10
1355.557,11
1355.64,13
1355.723,13
1355.807,8
1355.89,9
1355.973,8
1356.057,6
1356.14,8
1356.223,8
1356.307,8
1356.39,8
1356.473,6
1356.557,4
1356.64,5
1356.723,6
1356.807,8
1356.89,13
1356.973,12
1357.057,12
1357.14,14
1357.223,13
1357.307,14
1357.39,13
1357.473,8
1357.557,8
1357.64,6
1357.723,5
1357.807,9
1357.89,7
1357.973,8
1358.057,11
1358.14,11
1358.224,10
1358.307,10
1358.39,8
1358.474,8
1358.557,8
1358.64,8
1358.724,10
1358.807,11
1358.891,10
1358.974,11
1359.057,10
1359.141,7
1359.224,10
1359.308,10
1359.391,8
1359.475,15
1359.558,14
1359.641,12
1359.725,15
1359.808,8
1359.892,11
1359.975,12
1360.059,12
1360.142,15
1360.225,11
1360.309,10
1360.392,10
1360.476,7
1360.559,8
1360.643,11
1360.726,8
1360.81,7
1360.893,11
1360.976,9
1361.06,9
1361.143,8
1361.227,5
1361.31,5
1361.394,5
1361.477,7
1361.561,4
1361.644,3
1361.728,5
1361.811,4
1361.895,8
1361.978,8
1362.062,6
1362.145,9
1362.229,9
1362.312,11
1362.396,14
1362.479,12
1362.563,11
1362.646,9
1362.73,6
1362.813,4
1362.897,1
1362.98,2
1363.064,4
1363.147,8
1363.231,9
1363.314,9
1363.398,7
1363.482,12
1363.565,15
1363.649,16
1363.732,17
1363.816,15
1363.899,12
1363.983,10
1364.066,13
1364.15,8
1364.234,10
1364.317,11
1364.401,7
1364.484,11
1364.568,11
1364.651,12
1364.735,14
1364.819,13
1364.902,15
1364.986,14
1365.069,12
1365.153,11
1365.237,11
1365.32,11
1365.404,14
1365.487,13
1365.571,10
1365.655,11
1365.738,10
1365.822,8
1365.905,6
1365.989,5
1366.073,4
1366.156,5
1366.24,7
1366.323,7
1366.407,8
1366.491,10
1366.574,11
1366.658,12
1366.742,11
1366.825,8
1366.909,8
1366.993,6
1367.076,5
1367.16,7
1367.244,8
1367.327,11
1367.411,15
1367.495,13
1367.578,10
1367.662,9
1367.746,8
1367.829,10
1367.913,14
1367.997,12
1368.08,10
1368.164,7
1368.248,5
1368.331,7
1368.415,6
1368.499,10
1368.582,8
1368.666,7
1368.75,8
1368.834,7
1368.917,9
1369.001,10
1369.085,10
1369.168,13
1369.252,12
1369.336,12
1369.42,13
1369.503,11
1369.587,10
1369.671,9
1369.755,8
1369.838,8
1369.922,9
1370.006,12
1370.089,13
1370.173,14
1370.257,15
1370.341,12
1370.425,10
1370.508,10
1370.592,10
1370.676,10
1370.76,13
1370.843,8
1370.927,6
1371.011,6
1371.095,6
1371.178,12
1371.262,12
1371.346,13
1371.43,9
1371.514,7
1371.597,8
1371.681,8
1371.765,10
1371.849,11
1371.933,11
1372.016,9
1372.1,8
1372.184,6
1372.268,4
1372.352,4
1372.435,7
1372.519,7
1372.603,11
1372.687,12
1372.771,12
1372.855,10
1372.938,7
1373.022,6
1373.106,4
1373.19,5
1373.274,7
1373.358,12
1373.442,11
1373.525,14
1373.609,13
1373.693,9
1373.777,10
1373.861,12
1373.945,11
1374.029,10
1374.112,10
1374.196,5
1374.28,7
1374.364,8
1374.448,9
1374.532,14
1374.616,15
1374.7,16
1374.783,16
1374.867,14
1374.951,11
1375.035,11
1375.119,10
1375.203,12
1375.287,12
1375.371,10
1375.455,10
1375.539,9
1375.623,8
1375.706,8
1375.79,6
1375.874,6
1375.958,7
1376.042,8
1376.126,10
1376.21,9
1376.294,12
1376.378,12
1376.462,11
1376.546,7
1376.63,5
1376.714,7
1376.798,7
1376.882,9
1376.966,9
1377.05,8
1377.134,9
1377.217,9
1377.301,9
1377.385,7
1377.469,6
1377.553,7
1377.637,8
1377.721,8
1377.805,7
1377.889,5
1377.973,6
1378.057,7
1378.141,10
1378.225,12
1378.309,8
1378.393,11
1378.477,12
1378.561,11
1378.645,16
1378.729,14
1378.813,11
1378.897,13
1378.981,9
1379.065,7
1379.149,9
1379.234,8
1379.318,14
1379.402,14
1379.486,11
1379.57,11
1379.654,8
1379.738,9
1379.822,12
1379.906,12
1379.99,12
1380.074,14
1380.158,13
1380.242,12
1380.326,9
1380.41,6
1380.494,7
1380.578,5
1380.662,7
1380.747,8
1380.831,6
1380.915,10
1380.999,9
1381.083,10
1381.167,14
1381.251,10
1381.335,11
1381.419,9
1381.503,7
1381.587,9
1381.672,8
1381.756,10
1381.84,12
1381.924,9
1382.008,11
1382.092,9
1382.176,5
1382.26,9
1382.344,10
1382.429,11
1382.513,13
1382.597,11
1382.681,8
1382.765,7
1382.849,5
1382.933,7
1383.018,5
1383.102,5
1383.186,7
1383.27,7
1383.354,11
1383.438,14
1383.523,12
1383.607,9
1383.691,9
1383.775,6
1383.859,8
1383.943,10
1384.028,6
1384.112,9
1384.196,8
1384.28,9
1384.364,12
1384.449,9
1384.533,9
1384.617,10
1384.701,10
1384.785,10
1384.87,10
1384.954,8
1385.038,8
1385.122,12
1385.206,14
1385.291,12
1385.375,10
1385.459,6
1385.543,5
1385.627,7
1385.712,10
1385.796,10
1385.88,7
1385.964,6
1386.049,6
1386.133,7
1386.217,10
1386.301,17
1386.386,13
1386.47,12
1386.554,12
1386.638,6
1386.723,7
1386.807,9
1386.891,11
1386.976,10
1387.06,11
1387.144,10
1387.228,6
1387.313,4
1387.397,8
1387.481,8
1387.565,8
1387.65,11
1387.734,7
1387.818,6
1387.903,5
1387.987,6
1388.071,4
1388.156,4
1388.24,5
1388.324,3
1388.409,4
1388.493,8
1388.577,12
1388.661,10
1388.746,14
1388.83,10
1388.914,6
1388.999,7
1389.083,5
1389.167,6
1389.252,9
1389.336,10
1389.42,9
1389.505,9
1389.589,7
1389.674,10
1389.758,8
1389.842,7
1389.927,6
1390.011,6
1390.095,10
1390.18,11
1390.264,13
1390.348,8
1390.433,9
1390.517,8
1390.602,8
1390.686,10
1390.77,8
1390.855,8
1390.939,7
1391.024,9
1391.108,9
1391.192,11
1391.277,10
1391.361,11
1391.446,10
1391.53,9
1391.614,8
1391.699,6
1391.783,5
1391.868,6
1391.952,7
1392.037,4
1392.121,6
1392.205,4
1392.29,4
1392.374,8
1392.459,8
1392.543,8
1392.628,10
1392.712,10
1392.796,11
1392.881,11
1392.965,8
1393.05,9
1393.134,7
1393.219,8
1393.303,12
1393.388,9
1393.472,12
1393.557,14
1393.641,13
1393.726,13
1393.81,12
1393.895,9
1393.979,7
1394.064,8
1394.148,7
1394.233,9
1394.317,11
1394.402,11
1394.486,11
1394.571,11
1394.655,11
1394.74,16
1394.824,15
1394.909,14
1394.993,13
1395.078,9
1395.162,12
1395.247,12
1395.331,11
1395.416,9
1395.5,10
1395.585,10
1395.669,12
1395.754,14
1395.838,10
1395.923,12
1396.008,11
1396.092,10
1396.177,11
1396.261,8
1396.346,8
1396.43,8
1396.515,7
1396.599,9
1396.684,8
1396.769,9
1396.853,10
1396.938,9
1397.022,13
1397.107,10
1397.192,14
1397.276,14
1397.361,13
1397.445,14
1397.53,12
1397.615,13
1397.699,11
1397.784,13
1397.868,11
1397.953,9
1398.038,11
1398.122,11
1398.207,10
1398.291,12
1398.376,12
1398.461,15
1398.545,16
1398.63,16
1398.715,15
1398.799,12
1398.884,14
1398.968,12
1399.053,9
1399.138,8
1399.222,9
1399.307,13
1399.392,18
1399.476,17
1399.561,13
1399.646,10
1399.73,5
1399.815,6
1399.9,7
1399.984,7
1400.069,9
1400.154,11
1400.238,16
1400.323,16
1400.408,15
1400.492,12
1400.577,8
1400.662,7
1400.747,8
1400.831,10
1400.916,7
1401.001,8
1401.085,9
1401.17,6
1401.255,7
1401.339,7
1401.424,5
1401.509,7
1401.594,6
1401.678,7
1401.763,6
1401.848,5
1401.933,7
1402.017,6
1402.102,8
1402.187,8
1402.271,10
1402.356,10
1402.441,11
1402.526,11
1402.61,14
1402.695,13
1402.78,15
1402.865,15
1402.95,10
1403.034,12
1403.119,7
1403.204,8
1403.289,10
1403.373,9
1403.458,10
1403.543,8
1403.628,4
1403.713,5
1403.797,4
1403.882,10
1403.967,14
1404.052,12
1404.136,13
1404.221,11
1404.306,8
1404.391,9
1404.476,9
1404.561,6
1404.645,6
1404.73,7
1404.815,7
1404.9,9
1404.985,11
1405.069,10
1405.154,9
1405.239,7
1405.324,8
1405.409,7
1405.494,9
1405.579,9
1405.663,5
1405.748,5
1405.833,6
1405.918,7
1406.003,9
1406.088,12
1406.172,11
1406.257,10
1406.342,13
1406.427,11
1406.512,11
1406.597,14
1406.682,11
1406.767,12
1406.851,10
1406.936,12
1407.021,9
1407.106,8
1407.191,12
1407.276,12
1407.361,18
1407.446,17
1407.531,13
1407.616,12
1407.7,7
1407.785,6
1407.87,10
1407.955,8
1408.04,8
1408.125,11
1408.21,8
1408.295,8
1408.38,9
1408.465,6
1408.55,7
1408.635,10
1408.72,11
1408.805,15
1408.889,12
1408.974,11
1409.059,10
1409.144,6
1409.229,7
1409.314,9
1409.399,7
1409.484,9
1409.569,12
1409.654,8
1409.739,10
1409.824,11
1409.909,10
1409.994,11
1410.079,13
1410.164,10
1410.249,10
1410.334,10
1410.419,7
1410.504,9
1410.589,8
1410.674,12
1410.759,12
1410.844,10
1410.929,8
1411.014,5
1411.099,5
1411.184,5
1411.269,7
1411.354,5
1411.439,7
1411.524,9
1411.609,9
1411.694,9
1411.779,8
1411.864,8
1411.949,8
1412.034,9
1412.119,8
1412.204,8
1412.289,9
1412.375,12
1412.46,15
1412.545,14
1412.63,13
1412.715,11
1412.8,7
1412.885,9
1412.97,11
1413.055,12
1413.14,12
1413.225,9
1413.31,6
1413.395,4
1413.48,6
1413.566,9
1413.651,11
1413.736,10
1413.821,8
1413.906,7
1413.991,4
1414.076,6
1414.161,8
1414.246,8
1414.331,10
1414.417,9
1414.502,8
1414.587,7
1414.672,8
1414.757,11
1414.842,12
1414.927,12
1415.012,12
1415.098,9
1415.183,8
1415.268,8
1415.353,6
1415.438,7
1415.523,6
1415.609,8
1415.694,8
1415.779,8
1415.864,9
1415.949,6
1416.034,5
1416.119,3
1416.205,4
1416.29,4
1416.375,4
1416.46,5
1416.545,5
1416.631,7
1416.716,11
1416.801,10
1416.886,10
1416.971,13
1417.056,12
1417.142,14
1417.227,14
1417.312,11
1417.397,8
1417.483,7
1417.568,11
1417.653,10
1417.738,11
1417.823,11
1417.909,7
1417.994,6
1418.079,6
1418.164,8
1418.25,9
1418.335,9
1418.42,9
1418.505,7
1418.59,8
1418.676,9
1418.761,9
1418.846,10
1418.931,7
1419.017,9
1419.102,9
1419.187,8
1419.273,9
1419.358,9
1419.443,8
1419.528,10
1419.614,10
1419.699,8
1419.784,11
1419.869,8
1419.955,11
1420.04,11
1420.125,10
1420.211,11
1420.296,6
1420.381,5
1420.467,4
1420.552,6
1420.637,9
1420.722,12
1420.808,14
1420.893,11
1420.978,10
1421.064,9
1421.149,9
1421.234,10
1421.32,9
1421.405,8
1421.49,9
1421.576,12
1421.661,12
1421.746,13
1421.832,10
1421.917,12
1422.002,13
1422.088,11
1422.173,10
1422.258,8
1422.344,8
1422.429,10
1422.515,12
1422.6,10
1422.685,9
1422.771,9
1422.856,11
1422.941,11
1423.027,13
1423.112,11
1423.198,11
1423.283,11
1423.368,9
1423.454,9
1423.539,6
1423.625,5
1423.71,8
1423.795,9
1423.881,9
1423.966,12
1424.052,9
1424.137,11
1424.222,12
1424.308,8
1424.393,10
1424.479,10
1424.564,9
1424.649,9
1424.735,8
1424.82,6
1424.906,8
1424.991,8
1425.077,7
1425.162,6
1425.248,3
1425.333,6
1425.418,6
1425.504,6
1425.589,9
1425.675,9
1425.76,13
1425.846,14
1425.931,17
1426.017,16
1426.102,14
1426.188,14
1426.273,13
1426.359,12
1426.444,12
1426.53,13
1426.615,8
1426.701,7
1426.786,4
1426.872,2
1426.957,3
1427.043,6
1427.128,7
1427.214,8
1427.299,8
1427.385,6
1427.47,6
1427.556,8
1427.641,11
1427.727,9
1427.812,10
1427.898,8
1427.983,7
1428.069,10
1428.154,11
1428.24,11
1428.325,12
1428.411,10
1428.497,8
1428.582,8
1428.668,4
1428.753,9
1428.839,9
1428.924,8
1429.01,10
1429.095,9
1429.181,10
1429.267,15
1429.352,17
1429.438,18
1429.523,20
1429.609,15
1429.694,15
1429.78,12
1429.866,9
1429.951,11
1430.037,9
1430.122,7
1430.208,7
1430.294,5
1430.379,4
1430.465,8
1430.55,10
1430.636,10
1430.722,14
1430.807,12
1430.893,14
1430.978,16
1431.064,15
1431.15,15
1431.235,11
1431.321,9
1431.407,9
1431.492,8
1431.578,9
1431.664,11
1431.749,8
1431.835,7
1431.921,4
1432.006,2
1432.092,1
1432.177,5
1432.263,6
1432.349,6
1432.434,7
1432.52,6
1432.606,7
1432.691,9
1432.777,12
1432.863,12
1432.949,15
1433.034,13
1433.12,13
1433.206,14
1433.291,14
1433.377,16
1433.463,14
1433.548,17
1433.634,14
1433.72,12
1433.806,11
1433.891,8
1433.977,8
1434.063,8
1434.148,8
1434.234,6
1434.32,9
1434.406,9
1434.491,9
1434.577,9
1434.663,8
1434.748,9
1434.834,9
1434.92,8
1435.006,6
1435.091,7
1435.177,7
1435.263,6
1435.349,5
1435.434,5
1435.52,5
1435.606,9
1435.692,10
1435.778,8
1435.863,8
1435.949,10
1436.035,14
1436.121,16
1436.206,19
1436.292,13
1436.378,10
1436.464,10
1436.55,8
1436.635,11
1436.721,9
1436.807,9
1436.893,9
1436.979,7
1437.064,7
1437.15,5
1437.236,3
1437.322,4
1437.408,9
1437.493,10
1437.579,10
1437.665,9
1437.751,7
1437.837,7
1437.923,11
1438.008,12
1438.094,12
1438.18,13
1438.266,9
1438.352,8
1438.438,7
1438.524,7
1438.609,11
1438.695,12
1438.781,12
1438.867,11
1438.953,9
1439.039,9
1439.125,8
1439.21,8
1439.296,10
1439.382,10
1439.468,9
1439.554,9
1439.64,5
1439.726,4
1439.812,6
1439.897,7
1439.983,10
1440.069,11
1440.155,11
1440.241,14
1440.327,15
1440.413,17
1440.499,16
1440.585,14
1440.671,12
1440.757,12
1440.842,14
1440.928,13
1441.014,13
1441.1,10
1441.186,12
1441.272,12
1441.358,16
1441.444,19
1441.53,16
1441.616,15
1441.702,9
1441.788,9
1441.874,6
1441.96,6
1442.046,7
1442.132,2
1442.218,3
1442.304,2
1442.39,2
1442.476,4
1442.562,8
1442.647,10
1442.733,10
1442.819,10
1442.905,9
1442.991,9
1443.077,8
1443.163,11
1443.249,12
1443.335,10
1443.421,11
1443.507,12
1443.593,8
1443.679,9
1443.765,10
1443.851,5
1443.937,4
1444.023,4
1444.109,2
1444.196,5
1444.282,13
1444.368,16
1444.454,20
1444.54,19
1444.626,15
1444.712,14
1444.798,13
1444.884,17
1444.97,15
1445.056,12
1445.142,10
1445.228,8
1445.314,7
1445.4,8
1445.486,7
1445.572,3
1445.658,3
1445.744,5
1445.83,6
1445.917,9
1446.003,13
1446.089,15
1446.175,16
1446.261,14
1446.347,14
1446.433,13
1446.519,13
1446.605,19
1446.691,16
1446.777,12
1446.864,11
1446.95,6
1447.036,8
1447.122,9
1447.208,9
1447.294,7
1447.38,5
1447.466,6
1447.553,5
1447.639,6
1447.725,8
1447.811,7
1447.897,9
1447.983,9
1448.069,12
1448.155,12
1448.242,13
1448.328,14
1448.414,10
1448.5,9
1448.586,6
1448.672,7
1448.759,5
1448.845,6
1448.931,8
1449.017,6
1449.103,9
1449.189,9
1449.276,10
1449.362,12
1449.448,14
1449.534,14
1449.62,13
1449.707,10
1449.793,6
1449.879,7
1449.965,5
1450.051,8
1450.138,9
1450.224,7
1450.31,7
1450.396,6
1450.482,3
1450.569,4
1450.655,6
1450.741,7
1450.827,9
1450.913,10
1451.00,12
1451.086,12
1451.172,13
1451.258,14
1451.345,12
1451.431,14
1451.517,16
1451.603,15
1451.69,14
1451.776,10
1451.862,6
1451.948,4
1452.035,4
1452.121,4
1452.207,3
1452.293,3
1452.38,4
1452.466,3
1452.552,4
1452.639,5
1452.725,7
1452.811,9
1452.897,9
1452.984,8
1453.07,5
1453.156,3
1453.243,6
1453.329,7
1453.415,8
1453.502,12
1453.588,14
1453.674,15
1453.76,14
1453.847,13
1453.933,8
1454.019,6
1454.106,6
1454.192,5
1454.278,9
1454.365,10
1454.451,11
1454.537,9
1454.624,7
1454.71,7
1454.796,7
1454.883,7
1454.969,6
1455.056,9
1455.142,10
1455.228,13
1455.315,15
1455.401,12
1455.487,9
1455.574,6
1455.66,4
1455.746,3
1455.833,3
1455.919,6
1456.006,9
1456.092,11
1456.178,13
1456.265,13
1456.351,10
1456.438,9
1456.524,9
1456.61,6
1456.697,8
1456.783,10
1456.87,15
1456.956,17
1457.042,17
1457.129,15
1457.215,11
1457.302,12
1457.388,13
1457.474,13
1457.561,15
1457.647,12
1457.734,11
1457.82,12
1457.907,13
1457.993,11
1458.08,11
1458.166,13
1458.252,11
1458.339,13
1458.425,14
1458.512,11
1458.598,12
1458.685,8
1458.771,6
1458.858,7
1458.944,6
1459.031,9
1459.117,11
1459.204,10
1459.29,9
1459.377,9
1459.463,8
1459.55,8
1459.636,8
1459.722,8
1459.809,9
1459.895,9
1459.982,11
1460.068,9
1460.155,8
1460.242,13
1460.328,13
1460.415,15
1460.501,15
1460.588,10
1460.674,6
1460.761,4
1460.847,3
1460.934,3
1461.02,7
1461.107,8
1461.193,9
1461.28,10
1461.366,10
1461.453,12
1461.539,9
1461.626,9
1461.713,7
1461.799,4
1461.886,7
1461.972,8
1462.059,13
1462.145,16
1462.232,14
1462.319,13
1462.405,8
1462.492,11
1462.578,13
1462.665,11
1462.751,11
1462.838,9
1462.925,10
1463.011,11
1463.098,10
1463.184,12
1463.271,8
1463.358,8
1463.444,8
1463.531,6
1463.617,5
1463.704,7
1463.791,10
1463.877,10
1463.964,12
1464.051,9
1464.137,7
1464.224,11
1464.31,15
1464.397,16
1464.484,14
1464.57,10
1464.657,7
1464.744,7
1464.83,8
1464.917,9
1465.004,9
1465.09,8
1465.177,9
1465.264,10
1465.35,9
1465.437,12
1465.524,13
1465.61,11
1465.697,13
1465.784,11
1465.87,8
1465.957,9
1466.044,7
1466.13,9
1466.217,11
1466.304,13
1466.39,15
1466.477,13
1466.564,11
1466.651,12
1466.737,10
1466.824,10
1466.911,10
1466.997,6
1467.084,6
1467.171,7
1467.258,8
1467.344,11
1467.431,10
1467.518,9
1467.604,10
1467.691,13
1467.778,13
1467.865,14
1467.951,15
1468.038,11
1468.125,16
1468.212,14
1468.298,10
1468.385,9
1468.472,3
1468.559,3
1468.645,3
1468.732,3
1468.819,4
1468.906,6
1468.993,8
1469.079,9
1469.166,12
1469.253,10
1469.34,9
1469.426,7
1469.513,8
1469.6,9
1469.687,11
1469.774,18
1469.86,15
1469.947,14
1470.034,12
1470.121,5
1470.208,4
1470.294,5
1470.381,6
1470.468,8
1470.555,7
1470.642,9
1470.729,11
1470.815,8
1470.902,11
1470.989,9
1471.076,6
1471.163,14
1471.25,14
1471.336,17
1471.423,18
1471.51,10
1471.597,7
1471.684,5
1471.771,6
1471.858,8
1471.944,12
1472.031,11
1472.118,9
1472.205,10
1472.292,8
1472.379,8
1472.466,9
1472.553,8
1472.639,8
1472.726,7
1472.813,7
1472.9,7
1472.987,9
1473.074,9
1473.161,8
1473.248,9
1473.335,6
1473.421,7
1473.508,9
1473.595,7
1473.682,9
1473.769,8
1473.856,6
1473.943,7
1474.03,5
1474.117,7
1474.204,10
1474.291,9
1474.378,11
1474.465,10
1474.552,7
1474.638,8
1474.725,10
1474.812,9
1474.899,14
1474.986,14
1475.073,12
1475.16,13
1475.247,12
1475.334,11
1475.421,8
1475.508,8
1475.595,5
1475.682,5
1475.769,6
1475.856,6
1475.943,5
1476.03,6
1476.117,8
1476.204,7
1476.291,9
1476.378,12
1476.465,12
1476.552,15
1476.639,15
1476.726,12
1476.813,9
1476.9,6
1476.987,6
1477.074,8
1477.161,10
1477.248,10
1477.335,9
1477.422,8
1477.509,10
1477.596,10
1477.683,9
1477.77,7
1477.857,5
1477.944,5
1478.031,5
1478.118,6
1478.205,6
1478.292,9
1478.38,12
1478.467,12
1478.554,11
1478.641,9
1478.728,8
1478.815,6
1478.902,6
1478.989,6
1479.076,5
1479.163,5
1479.25,5
1479.337,4
1479.424,5
1479.511,5
1479.599,7
1479.686,8
1479.773,7
1479.86,8
1479.947,7
1480.034,7
1480.121,9
1480.208,7
1480.295,7
1480.383,6
1480.47,5
1480.557,8
1480.644,8
1480.731,10
1480.818,8
1480.905,8
1480.992,11
1481.08,10
1481.167,9
1481.254,12
1481.341,8
1481.428,8
1481.515,10
1481.602,6
1481.69,10
1481.777,9
1481.864,9
1481.951,11
1482.038,6
1482.125,6
1482.213,7
1482.3,6
1482.387,8
1482.474,11
1482.561,11
1482.648,11
1482.736,12
1482.823,9
1482.91,8
1482.997,11
1483.084,10
1483.172,10
1483.259,11
1483.346,10
1483.433,8
1483.52,9
1483.608,10
1483.695,6
1483.782,8
1483.869,8
1483.957,5
1484.044,6
1484.131,5
1484.218,7
1484.305,7
1484.393,7
1484.48,6
1484.567,4
1484.654,3
1484.742,6
1484.829,11
1484.916,10
1485.003,14
1485.091,14
1485.178,11
1485.265,13
1485.352,14
1485.44,11
1485.527,12
1485.614,11
1485.702,8
1485.789,11
1485.876,10
1485.963,13
1486.051,16
1486.138,13
1486.225,13
1486.313,10
1486.4,7
1486.487,11
1486.574,11
1486.662,10
1486.749,10
1486.836,13
1486.924,12
1487.011,13
1487.098,15
1487.186,13
1487.273,14
1487.36,12
1487.448,10
1487.535,10
1487.622,8
1487.71,12
1487.797,13
1487.884,13
1487.972,17
1488.059,15
1488.146,15
1488.234,17
1488.321,13
1488.408,11
1488.496,10
1488.583,10
1488.671,9
1488.758,10
1488.845,10
1488.933,7
1489.02,10
1489.107,10
1489.195,8
1489.282,8
1489.37,9
1489.457,10
1489.544,11
1489.632,11
1489.719,9
1489.807,11
1489.894,12
1489.981,14
1490.069,15
1490.156,13
1490.244,13
1490.331,8
1490.418,8
1490.506,7
1490.593,8
1490.681,9
1490.768,7
1490.855,6
1490.943,4
1491.03,5
1491.118,8
1491.205,12
1491.293,16
1491.38,17
1491.468,17
1491.555,15
1491.642,11
1491.73,13
1491.817,11
1491.905,10
1491.992,11
1492.08,12
1492.167,13
1492.255,14
1492.342,17
1492.43,16
1492.517,18
1492.605,18
1492.692,16
1492.78,13
1492.867,12
1492.955,13
1493.042,11
1493.13,12
1493.217,13
1493.305,11
1493.392,13
1493.48,14
1493.567,11
1493.655,11
1493.742,11
1493.83,11
1493.917,12
1494.005,12
1494.092,13
1494.18,13
1494.267,11
1494.355,12
1494.442,9
1494.53,8
1494.617,7
1494.705,6
1494.793,7
1494.88,7
1494.968,8
1495.055,9
1495.143,10
1495.23,10
1495.318,13
1495.405,12
1495.493,10
1495.581,14
1495.668,11
1495.756,11
1495.843,10
1495.931,4
1496.018,7
1496.106,7
1496.194,11
1496.281,10
1496.369,9
1496.456,10
1496.544,8
1496.632,11
1496.719,10
1496.807,10
1496.894,10
1496.982,12
1497.07,10
1497.157,10
1497.245,10
1497.333,9
1497.42,11
1497.508,11
1497.595,11
1497.683,11
1497.771,13
1497.858,13
1497.946,12
1498.034,13
1498.121,10
1498.209,9
1498.297,11
1498.384,10
1498.472,10
1498.56,11
1498.647,8
1498.735,6
1498.823,6
1498.91,5
1498.998,6
1499.086,6
1499.173,8
1499.261,7
1499.349,8
1499.436,7
1499.524,9
1499.612,11
1499.699,10
1499.787,11
1499.875,9
1499.963,9
1500.05,9
1500.138,11
1500.226,9
1500.313,9
1500.401,8
1500.489,7
1500.576,9
1500.664,9
1500.752,9
1500.84,13
1500.927,14
1501.015,13
1501.103,13
1501.191,14
1501.278,14
1501.366,14
1501.454,15
1501.542,10
1501.629,7
1501.717,6
1501.805,8
1501.893,12
1501.98,11
1502.068,12
1502.156,11
1502.244,7
1502.331,9
1502.419,9
1502.507,6
1502.595,7
1502.683,9
1502.77,11
1502.858,14
1502.946,14
1503.034,12
1503.122,10
1503.209,8
1503.297,6
1503.385,5
1503.473,6
1503.561,14
1503.648,14
1503.736,15
1503.824,15
1503.912,7
1504.00,7
1504.087,7
1504.175,6
1504.263,8
1504.351,10
1504.439,9
1504.527,11
1504.614,9
1504.702,9
1504.79,11
1504.878,10
1504.966,11
1505.054,11
1505.142,12
1505.229,10
1505.317,11
1505.405,8
1505.493,4
1505.581,5
1505.669,5
1505.757,6
1505.844,8
1505.932,8
1506.02,8
1506.108,8
1506.196,8
1506.284,8
1506.372,7
1506.46,9
1506.548,9
1506.636,9
1506.723,10
1506.811,9
1506.899,11
1506.987,10
1507.075,11
1507.163,12
1507.251,10
1507.339,10
1507.427,9
1507.515,8
1507.603,6
1507.691,8
1507.778,6
1507.866,5
1507.954,7
1508.042,6
1508.13,9
1508.218,9
1508.306,9
1508.394,10
1508.482,8
1508.57,9
1508.658,8
1508.746,7
1508.834,6
1508.922,6
1509.01,10
1509.098,10
1509.186,12
1509.274,9
1509.362,7
1509.45,6
1509.538,6
1509.626,8
1509.714,10
1509.802,13
1509.89,11
1509.978,11
1510.066,8
1510.154,8
1510.242,7
1510.33,7
1510.418,10
1510.506,8
1510.594,9
1510.682,9
1510.77,5
1510.858,5
1510.946,8
1511.034,7
1511.122,10
1511.21,9
1511.298,9
1511.386,8
1511.474,9
1511.562,10
1511.65,10
1511.738,11
1511.826,8
1511.914,10
1512.002,7
1512.09,8
1512.179,7
1512.267,6
1512.355,9
1512.443,10
1512.531,11
1512.619,12
1512.707,10
1512.795,11
1512.883,12
1512.971,10
1513.059,11
1513.147,12
1513.236,10
1513.324,14
1513.412,12
1513.5,9
1513.588,11
1513.676,9
1513.764,9
1513.852,11
1513.94,13
1514.029,15
1514.117,14
1514.205,14
1514.293,15
1514.381,12
1514.469,13
1514.557,9
1514.645,6
1514.734,5
1514.822,7
1514.91,9
1514.998,6
1515.086,6
1515.174,4
1515.262,5
1515.351,7
1515.439,6
1515.527,6
1515.615,5
1515.703,6
1515.791,9
1515.88,9
1515.968,8
1516.056,5
1516.144,5
1516.232,7
1516.321,8
1516.409,11
1516.497,11
1516.585,11
1516.673,11
1516.762,13
1516.85,12
1516.938,11
1517.026,12
1517.114,10
1517.203,11
1517.291,9
1517.379,9
1517.467,9
1517.555,9
1517.644,9
1517.732,11
1517.82,10
1517.908,7
1517.997,8
1518.085,6
1518.173,7
1518.261,9
1518.35,10
1518.438,9
1518.526,9
1518.614,8
1518.703,10
1518.791,13
1518.879,11
1518.967,12
1519.056,10
1519.144,11
1519.232,15
1519.321,17
1519.409,19
1519.497,20
1519.585,19
1519.674,16
1519.762,14
1519.85,9
1519.939,6
1520.027,5
1520.115,4
1520.203,8
1520.292,9
1520.38,13
1520.468,15
1520.557,11
1520.645,12
1520.733,11
1520.822,8
1520.91,10
1520.998,11
1521.087,10
1521.175,12
1521.263,10
1521.352,9
1521.44,7
1521.528,7
1521.617,7
1521.705,8
1521.793,8
1521.882,9
1521.97,8
1522.058,8
1522.147,9
1522.235,12
1522.323,14
1522.412,13
1522.5,13
1522.589,10
1522.677,14
1522.765,12
1522.854,12
1522.942,12
1523.031,8
1523.119,11
1523.207,12
1523.296,11
1523.384,10
1523.472,8
1523.561,6
1523.649,6
1523.738,7
1523.826,7
1523.915,8
1524.003,7
1524.091,7
1524.18,5
1524.268,4
1524.357,5
1524.445,7
1524.534,11
1524.622,16
1524.71,16
1524.799,16
1524.887,18
1524.976,13
1525.064,16
1525.153,16
1525.241,11
1525.33,11
1525.418,7
1525.506,6
1525.595,8
1525.683,11
1525.772,10
1525.86,9
1525.949,10
1526.037,8
1526.126,10
1526.214,9
1526.303,6
1526.391,6
1526.48,5
1526.568,5
1526.657,8
1526.745,8
1526.834,10
1526.922,9
1527.011,7
1527.099,7
1527.188,4
1527.276,3
1527.365,2
1527.453,1
1527.542,4
1527.63,5
1527.719,7
1527.807,7
1527.896,8
1527.984,10
1528.073,11
1528.161,11
1528.25,9
1528.339,10
1528.427,8
1528.516,10
1528.604,10
1528.693,12
1528.781,11
1528.87,11
1528.958,11
1529.047,7
1529.136,8
1529.224,6
1529.313,8
1529.401,7
1529.49,6
1529.578,8
1529.667,5
1529.756,7
1529.844,9
1529.933,10
1530.021,9
1530.11,11
1530.199,9
1530.287,9
1530.376,13
1530.464,13
1530.553,12
1530.642,9
1530.73,8
1530.819,6
1530.907,10
1530.996,14
1531.085,15
1531.173,12
1531.262,10
1531.351,14
1531.439,11
1531.528,15
1531.617,13
1531.705,12
1531.794,12
1531.882,9
1531.971,13
1532.06,11
1532.148,13
1532.237,16
1532.326,16
1532.414,14
1532.503,12
1532.592,10
1532.68,5
1532.769,6
1532.858,6
1532.946,3
1533.035,6
1533.124,8
1533.212,7
1533.301,11
1533.39,11
1533.479,9
1533.567,10
1533.656,14
1533.745,17
1533.833,19
1533.922,19
1534.011,17
1534.1,13
1534.188,12
1534.277,11
1534.366,7
1534.454,6
1534.543,5
1534.632,7
1534.721,8
1534.809,10
1534.898,10
1534.987,9
1535.076,11
1535.164,12
1535.253,12
1535.342,11
1535.431,10
1535.519,13
1535.608,14
1535.697,15
1535.786,14
1535.874,11
1535.963,9
1536.052,10
1536.141,11
1536.229,9
1536.318,9
1536.407,7
1536.496,4
1536.585,4
1536.673,7
1536.762,8
1536.851,14
1536.94,13
1537.029,12
1537.117,12
1537.206,7
1537.295,9
1537.384,8
1537.473,8
1537.561,11
1537.65,13
1537.739,12
1537.828,11
1537.917,12
1538.006,7
1538.094,11
1538.183,12
1538.272,10
1538.361,13
1538.45,11
1538.539,11
1538.627,11
1538.716,9
1538.805,8
1538.894,11
1538.983,13
1539.072,16
1539.161,19
1539.249,14
1539.338,12
1539.427,11
1539.516,9
1539.605,9
1539.694,8
1539.783,5
1539.872,4
1539.96,8
1540.049,9
1540.138,13
1540.227,14
1540.316,11
1540.405,12
1540.494,11
1540.583,11
1540.672,12
1540.761,13
1540.849,17
1540.938,18
1541.027,17
1541.116,14
1541.205,11
1541.294,9
1541.383,9
1541.472,9
1541.561,8
1541.65,9
1541.739,12
1541.828,13
1541.917,12
1542.006,12
1542.095,10
1542.183,9
1542.272,11
1542.361,9
1542.45,10
1542.539,11
1542.628,9
1542.717,11
1542.806,11
1542.895,10
1542.984,11
1543.073,10
1543.162,12
1543.251,12
1543.34,13
1543.429,14
1543.518,12
1543.607,13
1543.696,11
1543.785,9
1543.874,8
1543.963,11
1544.052,11
1544.141,14
1544.23,16
1544.319,13
1544.408,12
1544.497,13
1544.586,13
1544.675,15
1544.764,18
1544.853,17
1544.942,14
1545.031,14
1545.12,14
1545.209,14
1545.298,15
1545.387,10
1545.477,9
1545.566,7
1545.655,7
1545.744,10
1545.833,9
1545.922,11
1546.011,11
1546.1,9
1546.189,10
1546.278,9
1546.367,7
1546.456,7
1546.545,8
1546.634,9
1546.723,11
1546.813,14
1546.902,14
1546.991,13
1547.08,15
1547.169,12
1547.258,10
1547.347,10
1547.436,8
1547.525,9
1547.614,11
1547.704,10
1547.793,9
1547.882,7
1547.971,8
1548.06,10
1548.149,11
1548.238,11
1548.327,8
1548.417,8
1548.506,8
1548.595,11
1548.684,13
1548.773,13
1548.862,12
1548.951,12
1549.041,9
1549.13,6
1549.219,8
1549.308,7
1549.397,10
1549.486,10
1549.576,12
1549.665,12
1549.754,10
1549.843,10
1549.932,6
1550.022,4
1550.111,3
1550.2,3
1550.289,4
1550.378,3
1550.467,4
1550.557,6
1550.646,7
1550.735,8
1550.824,9
1550.913,7
1551.003,6
1551.092,13
1551.181,14
1551.27,15
1551.36,16
1551.449,15
1551.538,12
1551.627,11
1551.716,9
1551.806,9
1551.895,10
1551.984,10
1552.073,10
1552.163,12
1552.252,10
1552.341,11
1552.43,12
1552.52,9
1552.609,10
1552.698,8
1552.787,7
1552.877,9
1552.966,11
1553.055,12
1553.145,13
1553.234,11
1553.323,12
1553.412,14
1553.502,12
1553.591,9
1553.68,8
1553.77,6
1553.859,7
1553.948,10
1554.037,9
1554.127,9
1554.216,10
1554.305,10
1554.395,11
1554.484,12
1554.573,13
1554.663,15
1554.752,14
1554.841,12
1554.931,11
1555.02,8
1555.109,8
1555.199,9
1555.288,8
1555.377,6
1555.467,4
1555.556,4
1555.645,5
1555.735,9
1555.824,11
1555.913,13
1556.003,14
1556.092,12
1556.181,14
1556.271,13
1556.36,13
1556.45,18
1556.539,17
1556.628,16
1556.718,15
1556.807,10
1556.896,9
1556.986,10
1557.075,10
1557.165,10
1557.254,9
1557.343,9
1557.433,10
1557.522,10
1557.612,11
1557.701,10
1557.79,9
1557.88,10
1557.969,10
1558.059,10
1558.148,12
1558.237,12
1558.327,11
1558.416,10
1558.506,7
1558.595,10
1558.685,9
1558.774,12
1558.864,14
1558.953,8
1559.042,10
1559.132,7
1559.221,4
1559.311,8
1559.4,9
1559.49,13
1559.579,14
1559.669,16
1559.758,18
1559.848,15
1559.937,15
1560.027,12
1560.116,8
1560.205,8
1560.295,9
1560.384,8
1560.474,9
1560.563,10
1560.653,9
1560.742,7
1560.832,7
1560.921,7
1561.011,6
1561.1,10
1561.19,8
1561.279,6
1561.369,10
1561.458,10
1561.548,15
1561.638,16
1561.727,14
1561.817,16
1561.906,15
1561.996,15
1562.085,15
1562.175,12
1562.264,12
1562.354,11
1562.443,10
1562.533,10
1562.622,12
1562.712,11
1562.802,10
1562.891,9
1562.981,7
1563.07,8
1563.16,8
1563.249,6
1563.339,7
1563.429,6
1563.518,5
1563.608,6
1563.697,6
1563.787,8
1563.876,8
1563.966,8
1564.056,6
1564.145,6
1564.235,7
1564.324,12
1564.414,15
1564.504,12
1564.593,12
1564.683,13
1564.772,12
1564.862,13
1564.952,12
1565.041,13
1565.131,14
1565.221,15
1565.31,13
1565.4,9
1565.489,8
1565.579,6
1565.669,7
1565.758,7
1565.848,4
1565.938,4
1566.027,4
1566.117,3
1566.207,4
1566.296,5
1566.386,4
1566.476,8
1566.565,9
1566.655,8
1566.745,11
1566.834,10
1566.924,11
1567.014,12
1567.103,10
1567.193,8
1567.283,10
1567.372,13
1567.462,15
1567.552,15
1567.642,12
1567.731,8
1567.821,7
1567.911,7
1568.00,7
1568.09,7
1568.18,9
1568.269,10
1568.359,10
1568.449,11
1568.539,9
1568.628,8
1568.718,7
1568.808,6
1568.898,5
1568.987,5
1569.077,3
1569.167,3
1569.257,6
1569.346,8
1569.436,9
1569.526,11
1569.616,8
1569.705,8
1569.795,9
1569.885,7
1569.975,7
1570.064,9
1570.154,13
1570.244,14
1570.334,17
1570.423,15
1570.513,14
1570.603,14
1570.693,10
1570.783,8
1570.872,7
1570.962,7
1571.052,11
1571.142,14
1571.232,11
1571.321,11
1571.411,8
1571.501,6
1571.591,7
1571.681,8
1571.77,10
1571.86,10
1571.95,9
1572.04,8
1572.13,7
1572.22,4
1572.309,5
1572.399,5
1572.489,5
1572.579,8
1572.669,9
1572.759,12
1572.848,13
1572.938,13
1573.028,13
1573.118,11
1573.208,9
1573.298,11
1573.388,10
1573.477,8
1573.567,9
1573.657,6
1573.747,5
1573.837,5
1573.927,6
1574.017,6
1574.107,7
1574.197,9
1574.286,8
1574.376,11
1574.466,12
1574.556,13
1574.646,13
1574.736,12
1574.826,12
1574.916,11
1575.006,13
1575.096,14
1575.185,15
1575.275,13
1575.365,10
1575.455,9
1575.545,9
1575.635,11
1575.725,13
1575.815,12
1575.905,12
1575.995,12
1576.085,10
1576.175,8
1576.265,4
1576.355,5
1576.445,9
1576.535,12
1576.625,16
1576.715,17
1576.804,15
1576.894,12
1576.984,11
1577.074,8
1577.164,6
1577.254,7
1577.344,8
1577.434,7
1577.524,9
1577.614,7
1577.704,5
1577.794,7
1577.884,6
1577.974,9
1578.064,8
1578.154,6
1578.244,6
1578.334,5
1578.424,5
1578.514,7
1578.604,6
1578.694,6
1578.784,6
1578.874,5
1578.964,7
1579.054,6
1579.144,7
1579.235,7
1579.325,5
1579.415,6
1579.505,5
1579.595,6
1579.685,8
1579.775,12
1579.865,13
1579.955,12
1580.045,12
1580.135,9
1580.225,9
1580.315,10
1580.405,10
1580.495,11
1580.585,11
1580.675,9
1580.766,8
1580.856,9
1580.946,8
1581.036,8
1581.126,8
1581.216,9
1581.306,13
1581.396,13
1581.486,13
1581.576,9
1581.666,5
1581.757,8
1581.847,9
1581.937,9
1582.027,12
1582.117,10
1582.207,8
1582.297,10
1582.387,8
1582.478,9
1582.568,10
1582.658,8
1582.748,8
1582.838,6
1582.928,7
1583.018,6
1583.109,10
1583.199,10
1583.289,9
1583.379,12
1583.469,8
1583.559,10
1583.649,9
1583.74,6
1583.83,6
1583.92,7
1584.01,10
1584.1,13
1584.191,15
1584.281,12
1584.371,12
1584.461,10
1584.551,8
1584.641,8
1584.732,5
1584.822,4
1584.912,4
1585.002,5
1585.092,7
1585.183,8
1585.273,7
1585.363,7
1585.453,5
1585.544,9
1585.634,8
1585.724,7
1585.814,9
1585.904,9
1585.995,13
1586.085,12
1586.175,10
1586.265,12
1586.356,12
1586.446,13
1586.536,12
1586.626,11
1586.717,11
1586.807,10
1586.897,9
1586.987,9
1587.078,4
1587.168,4
1587.258,5
1587.348,3
1587.439,5
1587.529,8
1587.619,7
1587.71,5
1587.8,7
1587.89,5
1587.98,7
1588.071,10
1588.161,10
1588.251,10
1588.342,11
1588.432,12
1588.522,10
1588.613,11
1588.703,8
1588.793,7
1588.883,6
1588.974,5
1589.064,7
1589.154,8
1589.245,11
1589.335,12
1589.425,15
1589.516,14
1589.606,15
1589.696,14
1589.787,13
1589.877,15
1589.967,13
1590.058,12
1590.148,12
1590.239,10
1590.329,8
1590.419,8
1590.51,6
1590.6,9
1590.69,8
1590.781,9
1590.871,9
1590.961,8
1591.052,10
1591.142,10
1591.233,16
1591.323,12
1591.413,13
1591.504,12
1591.594,5
1591.685,9
1591.775,8
1591.865,11
1591.956,14
1592.046,18
1592.137,19
1592.227,16
1592.317,13
1592.408,9
1592.498,6
1592.589,7
1592.679,11
1592.77,11
1592.86,13
1592.95,14
1593.041,14
1593.131,10
1593.222,12
1593.312,10
1593.403,10
1593.493,10
1593.584,11
1593.674,13
1593.764,13
1593.855,18
1593.945,17
1594.036,16
1594.126,16
1594.217,18
1594.307,19
1594.398,20
1594.488,18
1594.579,11
1594.669,9
1594.76,9
1594.85,12
1594.941,13
1595.031,14
1595.122,14
1595.212,13
1595.303,15
1595.393,13
1595.484,13
1595.574,11
1595.665,13
1595.755,13
1595.846,11
1595.936,10
1596.027,7
1596.117,5
1596.208,5
1596.298,5
1596.389,6
1596.479,9
1596.57,11
1596.66,14
1596.751,13
1596.842,13
1596.932,13
1597.023,10
1597.113,8
1597.204,8
1597.294,8
1597.385,9
1597.475,13
1597.566,10
1597.657,9
1597.747,9
1597.838,10
1597.928,10
1598.019,10
1598.109,10
1598.2,6
1598.291,8
1598.381,8
1598.472,5
1598.562,5
1598.653,4
1598.744,5
1598.834,10
1598.925,13
1599.015,13
1599.106,12
1599.197,11
1599.287,7
1599.378,8
1599.469,10
1599.559,7
1599.65,18
1599.74,18
1599.831,17
1599.922,19
