mz,abundance
700.026,15
700.085,9
700.145,12
700.204,14
700.264,18
700.323,25
700.383,26
700.443,25
700.502,24
700.562,23
700.621,26
700.681,26
700.74,26
700.8,21
700.86,16
700.919,21
700.979,22
701.038,21
701.098,22
701.158,22
701.217,24
701.277,23
701.336,24
701.396,21
701.456,16
701.515,13
701.575,10
701.635,13
701.694,10
701.754,13
701.813,13
701.873,11
701.933,11
701.992,10
702.052,11
702.112,9
702.171,10
702.231,7
702.29,10
702.35,12
702.41,15
702.469,16
702.529,17
702.589,15
702.648,15
702.708,16
702.768,13
702.827,16
702.887,16
702.947,14
703.006,16
703.066,14
703.126,12
703.186,13
703.245,12
703.305,13
703.365,20
703.424,24
703.484,24
703.544,25
703.603,25
703.663,17
703.723,16
703.783,16
703.842,14
703.902,17
703.962,21
704.021,23
704.081,18
704.141,21
704.201,20
704.26,20
704.32,23
704.38,15
704.44,13
704.499,12
704.559,9
704.619,10
704.678,10
704.738,11
704.798,14
704.858,13
704.918,13
704.977,13
705.037,11
705.097,15
705.157,20
705.216,21
705.276,17
705.336,15
705.396,14
705.455,13
705.515,14
705.575,13
705.635,12
705.695,12
705.754,10
705.814,15
705.874,15
705.934,17
705.994,21
706.053,22
706.113,24
706.173,24
706.233,24
706.293,19
706.353,17
706.412,16
706.472,18
706.532,20
706.592,17
706.652,20
706.712,14
706.771,16
706.831,18
706.891,17
706.951,18
707.011,15
707.071,14
707.13,13
707.19,22
707.25,24
707.31,29
707.37,31
707.43,21
707.49,24
707.55,22
707.609,23
707.669,23
707.729,19
707.789,22
707.849,19
707.909,20
707.969,20
708.029,14
708.088,13
708.148,15
708.208,15
708.268,19
708.328,18
708.388,21
708.448,22
708.508,22
708.568,23
708.628,20
708.688,17
708.748,14
708.807,17
708.867,17
708.927,18
708.987,19
709.047,14
709.107,14
709.167,15
709.227,15
709.287,17
709.347,21
709.407,21
709.467,17
709.527,16
709.587,15
709.647,14
709.707,16
709.767,16
709.827,12
709.887,8
709.947,7
710.007,9
710.066,12
710.126,12
710.186,11
710.246,11
710.306,11
710.366,13
710.426,17
710.486,14
710.546,15
710.606,15
710.666,16
710.726,17
710.786,20
710.846,20
710.906,15
710.967,16
711.027,14
711.087,18
711.147,23
711.207,25
711.267,21
711.327,20
711.387,19
711.447,15
711.507,17
711.567,21
711.627,21
711.687,23
711.747,21
711.807,17
711.867,12
711.927,9
711.987,11
712.047,9
712.107,10
712.167,8
712.228,8
712.288,9
712.348,7
712.408,11
712.468,10
712.528,15
712.588,18
712.648,17
712.708,22
712.768,18
712.828,19
712.888,17
712.949,12
713.009,10
713.069,11
713.129,12
713.189,15
713.249,16
713.309,16
713.369,16
713.43,14
713.49,15
713.55,14
713.61,16
713.67,16
713.73,18
713.79,17
713.85,13
713.911,17
713.971,17
714.031,20
714.091,18
714.151,14
714.211,16
714.272,12
714.332,13
714.392,14
714.452,10
714.512,13
714.572,14
714.633,15
714.693,15
714.753,13
714.813,12
714.873,13
714.933,20
714.994,21
715.054,22
715.114,24
715.174,22
715.234,25
715.295,22
715.355,18
715.415,20
715.475,25
715.535,23
715.596,24
715.656,20
715.716,16
715.776,16
715.837,11
715.897,8
715.957,8
716.017,8
716.078,9
716.138,8
716.198,13
716.258,15
716.318,24
716.379,28
716.439,24
716.499,22
716.56,16
716.62,17
716.68,19
716.74,20
716.801,22
716.861,20
716.921,17
716.981,15
717.042,13
717.102,14
717.162,19
717.223,21
717.283,23
717.343,20
717.403,20
717.464,19
717.524,22
717.584,24
717.645,22
717.705,23
717.765,17
717.826,13
717.886,12
717.946,13
718.006,12
718.067,19
718.127,18
718.187,19
718.248,24
718.308,22
718.368,23
718.429,22
718.489,22
718.549,23
718.61,20
718.67,19
718.731,22
718.791,19
718.851,17
718.912,15
718.972,11
719.032,12
719.093,16
719.153,19
719.213,18
719.274,20
719.334,21
719.395,21
719.455,20
719.515,21
719.576,27
719.636,27
719.696,33
719.757,32
719.817,38
719.878,38
719.938,34
719.998,31
720.059,21
720.119,18
720.18,16
720.24,23
720.301,18
720.361,18
720.421,16
720.482,11
720.542,11
720.603,14
720.663,16
720.723,18
720.784,24
720.844,22
720.905,27
720.965,25
721.026,21
721.086,21
721.147,17
721.207,16
721.268,19
721.328,20
721.388,20
721.449,17
721.509,17
721.57,17
721.63,14
721.691,19
721.751,15
721.812,14
721.872,13
721.933,11
721.993,18
722.054,20
722.114,18
722.175,19
722.235,16
722.296,16
722.356,20
722.417,17
722.477,13
722.538,15
722.598,13
722.659,16
722.719,16
722.78,15
722.84,15
722.901,15
722.961,14
723.022,12
723.082,7
723.143,4
723.204,9
723.264,10
723.325,10
723.385,12
723.446,14
723.506,13
723.567,16
723.627,13
723.688,11
723.749,13
723.809,12
723.87,14
723.93,13
723.991,13
724.051,15
724.112,19
724.173,18
724.233,17
724.294,19
724.354,18
724.415,19
724.475,20
724.536,17
724.597,15
724.657,14
724.718,13
724.778,13
724.839,11
724.9,14
724.96,14
725.021,13
725.082,12
725.142,7
725.203,9
725.263,8
725.324,10
725.385,15
725.445,12
725.506,15
725.567,16
725.627,11
725.688,13
725.749,13
725.809,17
725.87,19
725.93,18
725.991,17
726.052,14
726.112,16
726.173,16
726.234,16
726.294,17
726.355,16
726.416,19
726.477,16
726.537,15
726.598,16
726.659,11
726.719,11
726.78,8
726.841,3
726.901,5
726.962,7
727.023,9
727.083,8
727.144,9
727.205,7
727.266,8
727.326,12
727.387,11
727.448,14
727.508,13
727.569,14
727.63,16
727.691,14
727.751,14
727.812,14
727.873,18
727.934,20
727.994,18
728.055,20
728.116,15
728.177,19
728.237,21
728.298,19
728.359,21
728.42,21
728.48,24
728.541,22
728.602,21
728.663,19
728.723,16
728.784,15
728.845,16
728.906,17
728.967,19
729.027,21
729.088,21
729.149,19
729.21,15
729.271,10
729.331,10
729.392,12
729.453,13
729.514,15
729.575,15
729.635,18
729.696,15
729.757,18
729.818,18
729.879,16
729.939,18
730.00,18
730.061,16
730.122,14
730.183,12
730.244,10
730.304,10
730.365,13
730.426,14
730.487,14
730.548,16
730.609,12
730.67,18
730.73,16
730.791,17
730.852,16
730.913,15
730.974,19
731.035,21
731.096,21
731.156,17
731.217,15
731.278,13
731.339,13
731.4,18
731.461,18
731.522,19
731.583,22
731.644,21
731.704,20
731.765,18
731.826,16
731.887,21
731.948,18
732.009,22
732.07,27
732.131,26
732.192,31
732.253,31
732.314,32
732.375,35
732.435,28
732.496,28
732.557,30
732.618,27
732.679,26
732.74,24
732.801,17
732.862,17
732.923,22
732.984,21
733.045,21
733.106,18
733.167,20
733.228,23
733.289,27
733.35,26
733.411,23
733.472,21
733.533,20
733.594,19
733.655,14
733.716,13
733.777,12
733.838,13
733.899,15
733.96,15
734.021,16
734.082,15
734.143,16
734.204,18
734.265,15
734.326,16
734.387,19
734.448,20
734.509,23
734.57,26
734.631,23
734.692,23
734.753,20
734.814,20
734.875,19
734.936,17
734.997,16
735.058,19
735.119,21
735.18,20
735.241,24
735.302,26
735.363,23
735.424,26
735.485,24
735.546,23
735.607,28
735.668,25
735.73,21
735.791,18
735.852,14
735.913,16
735.974,14
736.035,13
736.096,11
736.157,12
736.218,14
736.279,21
736.34,23
736.401,23
736.463,25
736.524,25
736.585,24
736.646,26
736.707,24
736.768,21
736.829,22
736.89,25
736.951,26
737.013,20
737.074,24
737.135,19
737.196,18
737.257,17
737.318,18
737.379,18
737.44,19
737.502,17
737.563,14
737.624,15
737.685,16
737.746,15
737.807,14
737.869,13
737.93,16
737.991,14
738.052,16
738.113,17
738.174,13
738.236,16
738.297,18
738.358,18
738.419,15
738.48,13
738.541,11
738.603,9
738.664,10
738.725,13
738.786,11
738.847,10
738.909,11
738.97,10
739.031,14
739.092,20
739.153,22
739.215,26
739.276,27
739.337,28
739.398,26
739.46,25
739.521,31
739.582,29
739.643,26
739.704,29
739.766,20
739.827,17
739.888,12
739.949,7
740.011,9
740.072,7
740.133,11
740.194,18
740.256,19
740.317,22
740.378,18
740.44,19
740.501,25
740.562,29
740.623,29
740.685,21
740.746,18
740.807,13
740.868,15
740.93,16
740.991,18
741.052,18
741.114,17
741.175,17
741.236,15
741.298,13
741.359,18
741.42,24
741.481,21
741.543,22
741.604,18
741.665,10
741.727,13
741.788,13
741.849,15
741.911,16
741.972,16
742.033,18
742.095,15
742.156,16
742.217,17
742.279,16
742.34,17
742.401,19
742.463,21
742.524,21
742.585,25
742.647,20
742.708,15
742.77,17
742.831,18
742.892,18
742.954,18
743.015,17
743.076,12
743.138,14
743.199,18
743.261,21
743.322,24
743.383,27
743.445,28
743.506,26
743.568,23
743.629,24
743.69,28
743.752,25
743.813,24
743.875,20
743.936,18
743.997,18
744.059,19
744.12,19
744.182,20
744.243,21
744.304,23
744.366,22
744.427,18
744.489,17
744.55,19
744.612,22
744.673,25
744.735,23
744.796,22
744.857,22
744.919,18
744.98,23
745.042,25
745.103,20
745.165,18
745.226,14
745.288,11
745.349,8
745.411,7
745.472,8
745.534,8
745.595,12
745.657,14
745.718,16
745.78,18
745.841,19
745.903,19
745.964,16
746.026,15
746.087,18
746.149,18
746.21,22
746.272,26
746.333,25
746.395,25
746.456,25
746.518,25
746.579,24
746.641,24
746.702,19
746.764,20
746.825,18
746.887,20
746.948,23
747.01,19
747.071,14
747.133,14
747.194,17
747.256,16
747.318,22
747.379,23
747.441,20
747.502,22
747.564,23
747.625,25
747.687,24
747.749,26
747.81,24
747.872,23
747.933,23
747.995,26
748.056,22
748.118,16
748.18,17
748.241,15
748.303,23
748.364,22
748.426,24
748.488,22
748.549,21
748.611,24
748.672,22
748.734,25
748.796,19
748.857,17
748.919,16
748.981,13
749.042,12
749.104,11
749.165,14
749.227,16
749.289,23
749.35,23
749.412,21
749.474,23
749.535,19
749.597,19
749.659,18
749.72,10
749.782,12
749.844,12
749.905,14
749.967,15
750.029,17
750.09,27
750.152,25
750.214,33
750.275,35
750.337,34
750.399,35
750.46,31
750.522,28
750.584,20
750.645,21
750.707,18
750.769,16
750.83,19
750.892,21
750.954,18
751.016,17
751.077,19
751.139,17
751.201,19
751.262,18
751.324,14
751.386,13
751.448,11
751.509,18
751.571,20
751.633,19
751.694,21
751.756,17
751.818,12
751.88,14
751.941,15
752.003,14
752.065,17
752.127,16
752.188,20
752.25,18
752.312,19
752.374,17
752.436,14
752.497,14
752.559,9
752.621,11
752.683,8
752.744,10
752.806,13
752.868,10
752.93,13
752.992,10
753.053,12
753.115,14
753.177,15
753.239,17
753.301,20
753.362,20
753.424,18
753.486,27
753.548,26
753.61,24
753.671,22
753.733,15
753.795,18
753.857,19
753.919,20
753.981,22
754.042,16
754.104,16
754.166,19
754.228,17
754.29,20
754.352,21
754.413,17
754.475,15
754.537,15
754.599,16
754.661,17
754.723,13
754.785,12
754.846,13
754.908,16
754.97,18
755.032,16
755.094,12
755.156,11
755.218,12
755.28,19
755.341,20
755.403,20
755.465,16
755.527,9
755.589,9
755.651,8
755.713,10
755.775,11
755.837,13
755.899,15
755.961,12
756.022,12
756.084,12
756.146,10
756.208,15
756.27,18
756.332,16
756.394,19
756.456,20
756.518,18
756.58,17
756.642,12
756.704,12
756.766,11
756.828,13
756.89,14
756.951,12
757.013,11
757.075,12
757.137,13
757.199,16
757.261,19
757.323,18
757.385,19
757.447,26
757.509,30
757.571,30
757.633,32
757.695,21
757.757,15
757.819,17
757.881,14
757.943,14
758.005,18
758.067,16
758.129,17
758.191,16
758.253,11
758.315,13
758.377,17
758.439,18
758.501,17
758.563,19
758.625,17
758.687,21
758.749,19
758.811,14
758.873,12
758.935,12
758.997,18
759.059,22
759.121,23
759.184,32
759.246,28
759.308,25
759.37,24
759.432,21
759.494,17
759.556,18
759.618,18
759.68,17
759.742,17
759.804,16
759.866,19
759.928,14
759.99,16
760.052,16
760.115,18
760.177,18
760.239,17
760.301,18
760.363,16
760.425,17
760.487,20
760.549,18
760.611,13
760.673,12
760.736,10
760.798,12
760.86,13
760.922,12
760.984,11
761.046,10
761.108,13
761.17,14
761.233,14
761.295,16
761.357,13
761.419,11
761.481,13
761.543,11
761.605,12
761.668,15
761.73,17
761.792,17
761.854,15
761.916,14
761.978,15
762.04,17
762.103,18
762.165,20
762.227,17
762.289,17
762.351,18
762.414,17
762.476,20
762.538,21
762.6,19
762.662,19
762.724,19
762.787,16
762.849,16
762.911,20
762.973,15
763.035,16
763.098,15
763.16,14
763.222,14
763.284,14
763.347,17
763.409,18
763.471,22
763.533,24
763.595,23
763.658,19
763.72,17
763.782,14
763.844,11
763.907,16
763.969,18
764.031,21
764.093,24
764.156,27
764.218,28
764.28,28
764.342,25
764.405,24
764.467,25
764.529,26
764.591,26
764.654,21
764.716,17
764.778,16
764.841,20
764.903,21
764.965,23
765.027,21
765.09,16
765.152,15
765.214,13
765.277,15
765.339,17
765.401,20
765.464,25
765.526,25
765.588,23
765.65,20
765.713,16
765.775,14
765.837,13
765.9,13
765.962,10
766.024,11
766.087,12
766.149,14
766.211,20
766.274,21
766.336,26
766.398,31
766.461,28
766.523,26
766.585,21
766.648,19
766.71,17
766.773,18
766.835,16
766.897,14
766.96,15
767.022,15
767.084,18
767.147,20
767.209,19
767.272,17
767.334,16
767.396,11
767.459,14
767.521,15
767.583,13
767.646,13
767.708,16
767.771,15
767.833,19
767.895,22
767.958,18
768.02,20
768.083,19
768.145,22
768.208,30
768.27,28
768.332,26
768.395,20
768.457,19
768.52,19
768.582,19
768.645,25
768.707,20
768.769,23
768.832,30
768.894,25
768.957,25
769.019,23
769.082,16
769.144,13
769.207,13
769.269,10
769.332,12
769.394,15
769.456,14
769.519,16
769.581,13
769.644,13
769.706,13
769.769,11
769.831,13
769.894,17
769.956,23
770.019,28
770.081,34
770.144,34
770.206,29
770.269,28
770.331,26
770.394,24
770.456,24
770.519,25
770.581,24
770.644,17
770.706,23
770.769,20
770.832,19
770.894,20
770.957,20
771.019,20
771.082,18
771.144,17
771.207,10
771.269,10
771.332,9
771.394,9
771.457,15
771.519,14
771.582,20
771.645,20
771.707,16
771.77,20
771.832,16
771.895,16
771.957,14
772.02,12
772.083,9
772.145,8
772.208,10
772.27,8
772.333,11
772.396,14
772.458,17
772.521,19
772.583,21
772.646,18
772.709,12
772.771,11
772.834,10
772.896,15
772.959,21
773.022,19
773.084,22
773.147,19
773.209,14
773.272,16
773.335,10
773.397,8
773.46,12
773.523,10
773.585,9
773.648,11
773.711,9
773.773,15
773.836,17
773.899,19
773.961,21
774.024,17
774.086,16
774.149,18
774.212,14
774.274,17
774.337,16
774.4,12
774.462,17
774.525,15
774.588,17
774.651,26
774.713,25
774.776,24
774.839,24
774.901,15
774.964,13
775.027,13
775.089,14
775.152,15
775.215,14
775.278,16
775.34,18
775.403,21
775.466,23
775.528,24
775.591,18
775.654,16
775.717,20
775.779,21
775.842,23
775.905,24
775.968,21
776.03,16
776.093,17
776.156,17
776.218,16
776.281,19
776.344,18
776.407,20
776.47,16
776.532,13
776.595,10
776.658,8
776.721,11
776.783,16
776.846,18
776.909,18
776.972,21
777.034,22
777.097,18
777.16,22
777.223,24
777.286,21
777.348,22
777.411,24
777.474,22
777.537,21
777.6,21
777.662,16
777.725,14
777.788,13
777.851,13
777.914,9
777.976,11
778.039,16
778.102,15
778.165,19
778.228,22
778.291,24
778.353,25
778.416,32
778.479,28
778.542,22
778.605,27
778.668,21
778.731,21
778.793,19
778.856,15
778.919,16
778.982,12
779.045,14
779.108,16
779.171,17
779.233,23
779.296,25
779.359,22
779.422,26
779.485,23
779.548,22
779.611,24
779.674,16
779.737,15
779.799,14
779.862,17
779.925,13
779.988,11
780.051,13
780.114,17
780.177,17
780.24,16
780.303,17
780.366,15
780.428,23
780.491,25
780.554,25
780.617,22
780.68,14
780.743,12
780.806,13
780.869,11
780.932,12
780.995,15
781.058,12
781.121,11
781.184,13
781.247,12
781.31,13
781.373,16
781.436,23
781.499,25
781.562,26
781.624,26
781.687,15
781.75,14
781.813,13
781.876,10
781.939,11
782.002,11
782.065,9
782.128,9
782.191,11
782.254,12
782.317,13
782.38,18
782.443,19
782.506,23
782.569,25
782.632,18
782.695,14
782.758,11
782.821,11
782.884,12
782.947,17
783.01,20
783.073,24
783.137,27
783.2,27
783.263,27
783.326,24
783.389,21
783.452,23
783.515,27
783.578,26
783.641,28
783.704,21
783.767,20
783.83,20
783.893,20
783.956,23
784.019,24
784.082,27
784.145,22
784.208,19
784.272,21
784.335,22
784.398,22
784.461,23
784.524,20
784.587,20
784.65,20
784.713,17
784.776,15
784.839,15
784.902,20
784.966,17
785.029,17
785.092,17
785.155,16
785.218,24
785.281,28
785.344,27
785.407,25
785.47,18
785.534,17
785.597,17
785.66,18
785.723,22
785.786,16
785.849,15
785.912,13
785.976,11
786.039,10
786.102,9
786.165,10
786.228,14
786.291,16
786.355,15
786.418,13
786.481,15
786.544,19
786.607,22
786.67,23
786.734,23
786.797,23
786.86,23
786.923,26
786.986,24
787.049,19
787.113,18
787.176,21
787.239,19
787.302,18
787.365,18
787.429,17
787.492,18
787.555,20
787.618,20
787.682,19
787.745,19
787.808,18
787.871,20
787.934,11
787.998,14
788.061,16
788.124,15
788.187,14
788.251,13
788.314,10
788.377,13
788.44,13
788.504,14
788.567,15
788.63,13
788.693,18
788.757,22
788.82,22
788.883,21
788.946,17
789.01,17
789.073,19
789.136,19
789.199,21
789.263,19
789.326,16
789.389,17
789.453,18
789.516,16
789.579,19
789.642,20
789.706,21
789.769,20
789.832,17
789.896,15
789.959,14
790.022,16
790.086,18
790.149,20
790.212,20
790.276,19
790.339,22
790.402,22
790.466,24
790.529,23
790.592,19
790.656,18
790.719,14
790.782,11
790.846,11
790.909,13
790.972,13
791.036,14
791.099,11
791.162,9
791.226,11
791.289,12
791.352,19
791.416,18
791.479,16
791.543,20
791.606,21
791.669,23
791.733,22
791.796,24
791.859,24
791.923,22
791.986,21
792.05,16
792.113,10
792.176,14
792.24,16
792.303,17
792.367,15
792.43,17
792.493,16
792.557,15
792.62,14
792.684,11
792.747,10
792.811,9
792.874,13
792.937,13
793.001,13
793.064,15
793.128,13
793.191,11
793.255,12
793.318,13
793.382,10
793.445,12
793.508,14
793.572,11
793.635,12
793.699,10
793.762,11
793.826,10
793.889,12
793.953,14
794.016,11
794.08,9
794.143,8
794.207,9
794.27,12
794.334,15
794.397,13
794.461,14
794.524,12
794.588,15
794.651,13
794.715,10
794.778,9
794.842,6
794.905,5
794.969,7
795.032,9
795.096,9
795.159,12
795.223,13
795.286,12
795.35,12
795.413,8
795.477,4
795.54,4
795.604,7
795.667,11
795.731,14
795.794,15
795.858,14
795.922,12
795.985,12
796.049,10
796.112,8
796.176,9
796.239,12
796.303,15
796.366,18
796.43,19
796.494,18
796.557,14
796.621,15
796.684,18
796.748,15
796.812,15
796.875,14
796.939,8
797.002,9
797.066,9
797.129,12
797.193,16
797.257,16
797.32,19
797.384,22
797.448,22
797.511,22
797.575,21
797.638,16
797.702,15
797.766,17
797.829,14
797.893,10
797.957,9
798.02,11
798.084,11
798.147,13
798.211,14
798.275,13
798.338,15
798.402,18
798.466,19
798.529,15
798.593,14
798.657,11
798.72,13
798.784,15
798.848,17
798.911,17
798.975,19
799.039,18
799.102,21
799.166,21
799.23,17
799.293,19
799.357,14
799.421,13
799.484,15
799.548,15
799.612,19
799.676,22
799.739,22
799.803,21
799.867,17
799.93,18
799.994,19
800.058,20
800.122,19
800.185,17
800.249,14
800.313,12
800.376,16
800.44,18
800.504,17
800.568,18
800.631,18
800.695,21
800.759,19
800.823,16
800.886,11
800.95,15
801.014,19
801.078,20
801.141,20
801.205,17
801.269,19
801.333,23
801.396,25
801.46,26
801.524,23
801.588,21
801.652,20
801.715,18
801.779,14
801.843,12
801.907,14
801.971,14
802.034,16
802.098,17
802.162,15
802.226,14
802.29,12
802.353,12
802.417,11
802.481,11
802.545,11
802.609,10
802.672,11
802.736,12
802.8,12
802.864,14
802.928,18
802.992,16
803.055,17
803.119,18
803.183,14
803.247,16
803.311,17
803.375,14
803.439,13
803.502,13
803.566,8
803.63,10
803.694,11
803.758,11
803.822,17
803.886,17
803.949,12
804.013,10
804.077,7
804.141,6
804.205,9
804.269,12
804.333,11
804.397,14
804.461,13
804.524,15
804.588,16
804.652,15
804.716,16
804.78,21
804.844,23
804.908,24
804.972,26
805.036,18
805.1,18
805.164,17
805.228,17
805.291,18
805.355,17
805.419,16
805.483,15
805.547,18
805.611,17
805.675,15
805.739,18
805.803,19
805.867,18
805.931,21
805.995,20
806.059,20
806.123,20
806.187,18
806.251,16
806.315,16
806.379,16
806.443,18
806.507,18
806.571,13
806.635,15
806.699,13
806.763,13
806.826,14
806.89,12
806.954,13
807.018,14
807.082,12
807.146,13
807.21,13
807.274,12
807.339,11
807.403,10
807.467,14
807.531,13
807.595,14
807.659,20
807.723,18
807.787,22
807.851,23
807.915,19
807.979,18
808.043,20
808.107,24
808.171,22
808.235,21
808.299,19
808.363,9
808.427,12
808.491,10
808.555,9
808.619,12
808.683,10
808.747,12
808.811,15
808.876,14
808.94,15
809.004,16
809.068,14
809.132,13
809.196,13
809.26,13
809.324,13
809.388,13
809.452,13
809.516,14
809.581,13
809.645,14
809.709,11
809.773,10
809.837,10
809.901,9
809.965,11
810.029,11
810.093,10
810.158,15
810.222,15
810.286,14
810.35,17
810.414,14
810.478,16
810.542,16
810.606,18
810.671,22
810.735,19
810.799,18
810.863,15
810.927,13
810.991,14
811.056,15
811.12,17
811.184,14
811.248,14
811.312,16
811.376,15
811.441,20
811.505,22
811.569,22
811.633,27
811.697,23
811.761,20
811.826,18
811.89,14
811.954,22
812.018,25
812.082,24
812.147,22
812.211,11
812.275,10
812.339,10
812.403,11
812.468,12
812.532,12
812.596,16
812.66,16
812.725,14
812.789,13
812.853,12
812.917,9
812.982,11
813.046,12
813.11,8
813.174,8
813.239,11
813.303,9
813.367,11
813.431,13
813.496,11
813.56,12
813.624,14
813.688,17
813.753,22
813.817,22
813.881,25
813.945,23
814.01,18
814.074,19
814.138,15
814.203,18
814.267,18
814.331,18
814.395,19
814.46,21
814.524,20
814.588,19
814.653,18
814.717,16
814.781,14
814.846,19
814.91,24
814.974,27
815.038,28
815.103,21
815.167,19
815.231,14
815.296,16
815.36,19
815.424,15
815.489,15
815.553,17
815.617,15
815.682,14
815.746,13
815.811,12
815.875,14
815.939,14
816.004,19
816.068,12
816.132,13
816.197,15
816.261,16
816.325,17
816.39,13
816.454,11
816.519,11
816.583,13
816.647,13
816.712,14
816.776,13
816.84,9
816.905,11
816.969,13
817.034,13
817.098,19
817.162,19
817.227,15
817.291,16
817.356,16
817.42,16
817.485,19
817.549,18
817.613,14
817.678,15
817.742,13
817.807,15
817.871,18
817.936,13
818.00,11
818.064,10
818.129,12
818.193,18
818.258,19
818.322,25
818.387,25
818.451,22
818.516,21
818.58,18
818.644,17
818.709,20
818.773,21
818.838,19
818.902,17
818.967,14
819.031,15
819.096,15
819.16,20
819.225,20
819.289,19
819.354,17
819.418,17
819.483,19
819.547,21
819.612,23
819.676,23
819.741,21
819.805,16
819.87,12
819.934,10
819.999,12
820.063,14
820.128,19
820.192,21
820.257,28
820.321,28
820.386,27
820.451,23
820.515,13
820.58,14
820.644,16
820.709,16
820.773,14
820.838,14
820.902,10
820.967,13
821.031,11
821.096,11
821.161,12
821.225,10
821.29,10
821.354,10
821.419,10
821.483,14
821.548,12
821.613,13
821.677,14
821.742,15
821.806,15
821.871,13
821.936,16
822.00,12
822.065,13
822.129,14
822.194,19
822.259,22
822.323,21
822.388,24
822.452,22
822.517,23
822.582,29
822.646,28
822.711,26
822.776,25
822.84,20
822.905,21
822.969,19
823.034,21
823.099,22
823.163,20
823.228,22
823.293,21
823.357,15
823.422,15
823.487,16
823.551,15
823.616,15
823.681,16
823.745,14
823.81,10
823.875,10
823.939,9
824.004,12
824.069,21
824.133,24
824.198,26
824.263,23
824.327,22
824.392,22
824.457,22
824.521,23
824.586,21
824.651,22
824.716,20
824.78,17
824.845,17
824.91,19
824.974,21
825.039,19
825.104,19
825.169,18
825.233,19
825.298,20
825.363,18
825.427,17
825.492,14
825.557,14
825.622,17
825.686,15
825.751,13
825.816,14
825.881,14
825.945,18
826.01,18
826.075,15
826.14,17
826.205,11
826.269,15
826.334,15
826.399,11
826.464,18
826.528,17
826.593,18
826.658,20
826.723,19
826.788,19
826.852,16
826.917,14
826.982,11
827.047,9
827.111,11
827.176,11
827.241,12
827.306,17
827.371,19
827.436,22
827.5,24
827.565,25
827.63,21
827.695,23
827.76,19
827.824,13
827.889,16
827.954,16
828.019,19
828.084,20
828.149,22
828.213,24
828.278,23
828.343,21
828.408,18
828.473,19
828.538,21
828.603,23
828.667,22
828.732,17
828.797,19
828.862,18
828.927,18
828.992,13
829.057,14
829.122,14
829.186,14
829.251,17
829.316,18
829.381,17
829.446,14
829.511,15
829.576,13
829.641,10
829.706,13
829.771,16
829.835,15
829.9,17
829.965,18
830.03,11
830.095,13
830.16,15
830.225,21
830.29,22
830.355,23
830.42,26
830.485,17
830.55,17
830.615,15
830.679,14
830.744,13
830.809,14
830.874,12
830.939,12
831.004,13
831.069,11
831.134,12
831.199,10
831.264,11
831.329,15
831.394,16
831.459,17
831.524,16
831.589,16
831.654,17
831.719,18
831.784,17
831.849,14
831.914,17
831.979,18
832.044,19
832.109,19
832.174,14
832.239,15
832.304,14
832.369,13
832.434,16
832.499,12
832.564,12
832.629,11
832.694,11
832.759,11
832.824,14
832.889,16
832.954,14
833.019,16
833.084,17
833.149,18
833.214,18
833.279,20
833.344,20
833.409,23
833.474,24
833.539,21
833.605,20
833.67,20
833.735,20
833.8,17
833.865,21
833.93,21
833.995,25
834.06,26
834.125,30
834.19,27
834.255,27
834.32,26
834.385,24
834.451,26
834.516,19
834.581,25
834.646,20
834.711,21
834.776,22
834.841,17
834.906,22
834.971,17
835.036,15
835.102,16
835.167,18
835.232,21
835.297,23
835.362,22
835.427,18
835.492,18
835.557,16
835.623,15
835.688,13
835.753,11
835.818,15
835.883,19
835.948,19
836.014,17
836.079,12
836.144,11
836.209,12
836.274,11
836.339,11
836.404,7
836.47,8
836.535,7
836.6,9
836.665,12
836.73,17
836.796,17
836.861,15
836.926,17
836.991,11
837.056,11
837.122,15
837.187,16
837.252,16
837.317,22
837.382,25
837.448,23
837.513,22
837.578,17
837.643,20
837.708,17
837.774,18
837.839,17
837.904,19
837.969,20
838.035,18
838.1,20
838.165,16
838.23,18
838.296,16
838.361,18
838.426,20
838.491,23
838.557,26
838.622,25
838.687,24
838.752,25
838.818,26
838.883,21
838.948,18
839.013,16
839.079,18
839.144,20
839.209,17
839.274,17
839.34,18
839.405,15
839.47,14
839.536,16
839.601,15
839.666,20
839.732,18
839.797,14
839.862,20
839.927,17
839.993,14
840.058,19
840.123,16
840.189,17
840.254,19
840.319,11
840.385,16
840.45,19
840.515,12
840.581,20
840.646,17
840.711,13
840.777,17
840.842,21
840.907,18
840.973,19
841.038,15
841.103,18
841.169,12
841.234,17
841.299,15
841.365,19
841.43,18
841.496,15
841.561,13
841.626,14
841.692,17
841.757,17
841.822,20
841.888,17
841.953,19
842.019,21
842.084,16
842.149,15
842.215,9
842.28,10
842.346,11
842.411,12
842.476,12
842.542,13
842.607,16
842.673,18
842.738,14
842.804,18
842.869,17
842.934,20
843.00,18
843.065,20
843.131,15
843.196,11
843.262,19
843.327,12
843.392,17
843.458,18
843.523,20
843.589,15
843.654,17
843.72,16
843.785,21
843.851,14
843.916,18
843.982,19
844.047,17
844.112,15
844.178,14
844.243,11
844.309,10
844.374,12
844.44,14
844.505,15
844.571,17
844.636,19
844.702,16
844.767,18
844.833,14
844.898,9
844.964,10
845.029,8
845.095,9
845.16,12
845.226,9
845.291,8
845.357,11
845.422,13
845.488,17
845.554,20
845.619,18
845.685,15
845.75,13
845.816,13
845.881,13
845.947,12
846.012,12
846.078,12
846.143,12
846.209,13
846.275,11
846.34,10
846.406,11
846.471,10
846.537,15
846.602,12
846.668,11
846.734,8
846.799,5
846.865,9
846.93,12
846.996,19
847.061,23
847.127,21
847.193,19
847.258,18
847.324,18
847.389,17
847.455,16
847.521,18
847.586,13
847.652,15
847.717,17
847.783,14
847.849,18
847.914,16
847.98,14
848.046,11
848.111,10
848.177,12
848.242,12
848.308,14
848.374,15
848.439,15
848.505,17
848.571,16
848.636,15
848.702,14
848.768,11
848.833,11
848.899,9
848.965,12
849.03,12
849.096,18
849.162,19
849.227,17
849.293,19
849.359,13
849.424,16
849.49,15
849.556,13
849.621,18
849.687,17
849.753,20
849.818,18
849.884,12
849.95,13
850.016,14
850.081,15
850.147,16
850.213,12
850.278,11
850.344,12
850.41,13
850.476,13
850.541,13
850.607,17
850.673,16
850.738,15
850.804,17
850.87,23
850.936,24
851.001,29
851.067,28
851.133,24
851.199,24
851.264,18
851.33,17
851.396,18
851.462,16
851.527,16
851.593,15
851.659,14
851.725,12
851.791,13
851.856,13
851.922,12
851.988,13
852.054,13
852.119,13
852.185,15
852.251,17
852.317,23
852.383,22
852.448,18
852.514,15
852.58,14
852.646,14
852.712,14
852.777,14
852.843,10
852.909,10
852.975,11
853.041,11
853.107,13
853.172,11
853.238,11
853.304,9
853.37,9
853.436,13
853.502,16
853.567,18
853.633,19
853.699,19
853.765,17
853.831,16
853.897,17
853.963,14
854.028,17
854.094,16
854.16,17
854.226,20
854.292,16
854.358,16
854.424,16
854.49,15
854.555,15
854.621,15
854.687,15
854.753,13
854.819,12
854.885,12
854.951,8
855.017,8
855.083,8
855.148,10
855.214,9
855.28,12
855.346,16
855.412,18
855.478,23
855.544,20
855.61,17
855.676,13
855.742,12
855.808,14
855.874,18
855.94,21
856.005,18
856.071,24
856.137,21
856.203,21
856.269,24
856.335,20
856.401,21
856.467,18
856.533,15
856.599,18
856.665,21
856.731,22
856.797,22
856.863,25
856.929,24
856.995,23
857.061,24
857.127,21
857.193,24
857.259,21
857.325,18
857.391,17
857.457,16
857.523,17
857.589,15
857.655,17
857.721,17
857.787,19
857.853,19
857.919,17
857.985,23
858.051,20
858.117,20
858.183,22
858.249,13
858.315,14
858.381,15
858.447,14
858.513,11
858.579,12
858.645,13
858.711,16
858.777,20
858.843,22
858.909,23
858.975,22
859.041,21
859.107,20
859.174,16
859.24,17
859.306,16
859.372,18
859.438,25
859.504,23
859.57,20
859.636,18
859.702,15
859.768,17
859.834,19
859.9,18
859.966,14
860.033,11
860.099,10
860.165,9
860.231,8
860.297,8
860.363,10
860.429,11
860.495,13
860.561,14
860.628,15
860.694,13
860.76,13
860.826,13
860.892,15
860.958,17
861.024,15
861.09,13
861.157,14
861.223,15
861.289,16
861.355,18
861.421,19
861.487,17
861.553,14
861.62,13
861.686,10
861.752,13
861.818,20
861.884,19
861.95,23
862.017,18
862.083,14
862.149,14
862.215,14
862.281,17
862.348,18
862.414,20
862.48,17
862.546,12
862.612,14
862.679,11
862.745,11
862.811,15
862.877,11
862.943,12
863.01,11
863.076,11
863.142,14
863.208,16
863.274,20
863.341,17
863.407,21
863.473,21
863.539,19
863.606,20
863.672,18
863.738,21
863.804,17
863.871,18
863.937,17
864.003,14
864.069,12
864.136,14
864.202,10
864.268,10
864.334,16
864.401,11
864.467,10
864.533,10
864.599,6
864.666,8
864.732,12
864.798,12
864.865,12
864.931,16
864.997,15
865.063,16
865.13,18
865.196,16
865.262,21
865.329,21
865.395,26
865.461,24
865.528,19
865.594,19
865.66,15
865.726,16
865.793,20
865.859,21
865.925,18
865.992,19
866.058,17
866.124,16
866.191,12
866.257,13
866.323,13
866.39,14
866.456,17
866.522,14
866.589,15
866.655,13
866.722,10
866.788,13
866.854,9
866.921,10
866.987,13
867.053,11
867.12,8
867.186,11
867.252,10
867.319,12
867.385,14
867.452,11
867.518,12
867.584,13
867.651,13
867.717,13
867.784,14
867.85,19
867.916,18
867.983,19
868.049,16
868.116,12
868.182,13
868.248,12
868.315,11
868.381,12
868.448,14
868.514,14
868.581,16
868.647,19
868.713,17
868.78,17
868.846,17
868.913,9
868.979,6
869.046,5
869.112,6
869.179,4
869.245,8
869.311,11
869.378,11
869.444,15
869.511,12
869.577,13
869.644,15
869.71,18
869.777,24
869.843,25
869.91,22
869.976,19
870.043,15
870.109,12
870.176,13
870.242,14
870.309,14
870.375,13
870.442,15
870.508,18
870.575,20
870.641,21
870.708,20
870.774,22
870.841,21
870.907,19
870.974,18
871.04,13
871.107,14
871.173,19
871.24,19
871.306,21
871.373,24
871.439,21
871.506,19
871.572,20
871.639,17
871.706,15
871.772,13
871.839,9
871.905,10
871.972,11
872.038,13
872.105,12
872.171,13
872.238,11
872.305,11
872.371,11
872.438,10
872.504,11
872.571,9
872.638,8
872.704,8
872.771,7
872.837,10
872.904,12
872.97,15
873.037,16
873.104,15
873.17,15
873.237,16
873.304,19
873.37,22
873.437,21
873.503,18
873.57,17
873.637,18
873.703,20
873.77,22
873.837,24
873.903,22
873.97,17
874.036,14
874.103,16
874.17,18
874.236,18
874.303,24
874.37,21
874.436,18
874.503,16
874.57,13
874.636,13
874.703,14
874.77,17
874.836,17
874.903,18
874.97,18
875.036,20
875.103,19
875.17,20
875.236,20
875.303,13
875.37,15
875.436,14
875.503,13
875.57,12
875.637,9
875.703,8
875.77,7
875.837,8
875.903,10
875.97,10
876.037,11
876.104,12
876.17,14
876.237,15
876.304,18
876.37,18
876.437,19
876.504,19
876.571,16
876.637,15
876.704,11
876.771,10
876.838,11
876.904,13
876.971,13
877.038,14
877.105,18
877.171,17
877.238,15
877.305,13
877.372,11
877.438,9
877.505,13
877.572,14
877.639,15
877.706,15
877.772,16
877.839,19
877.906,18
877.973,19
878.039,16
878.106,15
878.173,15
878.24,18
878.307,19
878.374,21
878.44,18
878.507,18
878.574,17
878.641,15
878.708,12
878.774,12
878.841,16
878.908,19
878.975,21
879.042,20
879.109,21
879.175,22
879.242,23
879.309,22
879.376,17
879.443,17
879.51,14
879.576,16
879.643,15
879.71,17
879.777,14
879.844,14
879.911,18
879.978,11
880.045,11
880.111,16
880.178,16
880.245,18
880.312,21
880.379,18
880.446,14
880.513,15
880.58,17
880.646,18
880.713,19
880.78,19
880.847,17
880.914,18
880.981,15
881.048,13
881.115,14
881.182,13
881.249,17
881.316,19
881.382,18
881.449,16
881.516,15
881.583,14
881.65,14
881.717,14
881.784,14
881.851,15
881.918,13
881.985,10
882.052,9
882.119,7
882.186,6
882.253,6
882.32,9
882.387,10
882.454,12
882.521,14
882.588,14
882.655,17
882.721,16
882.788,18
882.855,16
882.922,13
882.989,20
883.056,20
883.123,22
883.19,24
883.257,18
883.324,16
883.391,15
883.458,13
883.525,12
883.592,10
883.659,7
883.726,9
883.793,9
883.86,12
883.927,14
883.994,13
884.062,15
884.129,19
884.196,17
884.263,17
884.33,15
884.397,16
884.464,19
884.531,21
884.598,22
884.665,21
884.732,27
884.799,24
884.866,21
884.933,17
885.00,9
885.067,6
885.134,7
885.201,11
885.268,14
885.336,18
885.403,19
885.47,20
885.537,17
885.604,14
885.671,14
885.738,21
885.805,20
885.872,23
885.939,20
886.006,16
886.073,14
886.141,11
886.208,16
886.275,13
886.342,16
886.409,17
886.476,23
886.543,22
886.61,22
886.678,22
886.745,21
886.812,26
886.879,23
886.946,21
887.013,15
887.08,9
887.148,6
887.215,7
887.282,6
887.349,13
887.416,20
887.483,19
887.55,19
887.618,13
887.685,12
887.752,13
887.819,12
887.886,11
887.953,12
888.021,11
888.088,12
888.155,12
888.222,12
888.289,12
888.357,14
888.424,14
888.491,13
888.558,14
888.625,11
888.693,11
888.76,9
888.827,8
888.894,8
888.961,8
889.029,11
889.096,11
889.163,12
889.23,16
889.297,18
889.365,20
889.432,24
889.499,23
889.566,19
889.634,16
889.701,17
889.768,16
889.835,17
889.903,16
889.97,16
890.037,12
890.104,13
890.172,15
890.239,15
890.306,17
890.373,15
890.441,13
890.508,13
890.575,13
890.643,16
890.71,15
890.777,19
890.844,21
890.912,20
890.979,19
891.046,16
891.114,15
891.181,14
891.248,12
891.315,11
891.383,9
891.45,11
891.517,15
891.585,16
891.652,16
891.719,15
891.787,13
891.854,12
891.921,15
891.989,12
892.056,13
892.123,11
892.191,12
892.258,17
892.325,19
892.393,29
892.46,41
892.527,35
892.595,33
892.662,30
892.729,26
892.797,22
892.864,22
892.932,14
892.999,15
893.066,15
893.134,13
893.201,21
893.268,26
893.336,30
893.403,30
893.471,30
893.538,30
893.605,29
893.673,27
893.74,22
893.808,16
893.875,19
893.942,18
894.01,18
894.077,19
894.145,15
894.212,18
894.279,17
894.347,17
894.414,22
894.482,20
894.549,20
894.617,15
894.684,13
894.751,13
894.819,11
894.886,19
894.954,19
895.021,20
895.089,20
895.156,16
895.224,13
895.291,13
895.358,16
895.426,15
895.493,19
895.561,20
895.628,21
895.696,20
895.763,25
895.831,22
895.898,21
895.966,19
896.033,18
896.101,20
896.168,17
896.236,21
896.303,18
896.371,16
896.438,16
896.506,14
896.573,10
896.641,10
896.708,7
896.776,5
896.843,6
896.911,6
896.978,9
897.046,13
897.113,16
897.181,18
897.248,18
897.316,18
897.383,16
897.451,15
897.519,19
897.586,15
897.654,13
897.721,12
897.789,12
897.856,16
897.924,17
897.991,21
898.059,26
898.127,25
898.194,25
898.262,22
898.329,19
898.397,18
898.464,19
898.532,17
898.6,16
898.667,16
898.735,17
898.802,15
898.87,13
898.938,15
899.005,15
899.073,16
899.14,19
899.208,16
899.276,17
899.343,16
899.411,15
899.478,16
899.546,19
899.614,20
899.681,19
899.749,21
899.816,20
899.884,21
899.952,22
900.019,19
900.087,18
900.155,19
900.222,19
900.29,16
900.358,15
900.425,12
900.493,15
900.561,12
900.628,13
900.696,16
900.764,12
900.831,14
900.899,15
900.967,13
901.034,14
901.102,17
901.17,17
901.237,17
901.305,24
901.373,27
901.44,33
901.508,34
901.576,33
901.643,35
901.711,30
901.779,30
901.847,27
901.914,19
901.982,11
902.05,16
902.117,14
902.185,13
902.253,14
902.321,10
902.388,9
902.456,10
902.524,11
902.592,9
902.659,12
902.727,13
902.795,14
902.862,13
902.93,11
902.998,11
903.066,13
903.133,16
903.201,18
903.269,15
903.337,11
903.405,9
903.472,11
903.54,11
903.608,13
903.676,19
903.743,24
903.811,26
903.879,27
903.947,21
904.015,17
904.082,19
904.15,15
904.218,15
904.286,10
904.354,8
904.421,14
904.489,15
904.557,16
904.625,17
904.693,14
904.76,16
904.828,15
904.896,16
904.964,14
905.032,13
905.1,16
905.167,18
905.235,17
905.303,18
905.371,19
905.439,16
905.507,20
905.574,18
905.642,19
905.71,19
905.778,19
905.846,19
905.914,19
905.982,21
906.049,21
906.117,27
906.185,28
906.253,29
906.321,25
906.389,25
906.457,27
906.525,31
906.592,35
906.66,34
906.728,36
906.796,29
906.864,28
906.932,26
907.00,23
907.068,20
907.136,20
907.204,22
907.271,22
907.339,27
907.407,30
907.475,32
907.543,37
907.611,38
907.679,35
907.747,32
907.815,27
907.883,22
907.951,17
908.019,15
908.087,11
908.155,11
908.222,12
908.29,13
908.358,11
908.426,9
908.494,11
908.562,17
908.63,18
908.698,20
908.766,20
908.834,19
908.902,21
908.97,19
909.038,19
909.106,13
909.174,15
909.242,14
909.31,10
909.378,11
909.446,8
909.514,13
909.582,17
909.65,18
909.718,18
909.786,19
909.854,18
909.922,14
909.99,13
910.058,13
910.126,21
910.194,23
910.262,24
910.33,21
910.398,13
910.466,16
910.534,18
910.602,18
910.67,15
910.738,14
910.806,12
910.875,13
910.943,15
911.011,13
911.079,15
911.147,17
911.215,19
911.283,18
911.351,21
911.419,22
911.487,23
911.555,26
911.623,24
911.691,25
911.759,27
911.827,28
911.896,32
911.964,33
912.032,27
912.1,28
912.168,22
912.236,20
912.304,15
912.372,18
912.44,18
912.508,19
912.577,27
912.645,23
912.713,24
912.781,25
912.849,21
912.917,21
912.985,22
913.053,24
913.122,22
913.19,24
913.258,21
913.326,17
913.394,18
913.462,17
913.53,16
913.599,13
913.667,17
913.735,21
913.803,23
913.871,25
913.939,25
914.008,22
914.076,27
914.144,25
914.212,24
914.28,23
914.348,22
914.417,23
914.485,23
914.553,26
914.621,23
914.689,21
914.758,19
914.826,16
914.894,15
914.962,16
915.03,15
915.099,14
915.167,9
915.235,13
915.303,13
915.372,15
915.44,21
915.508,22
915.576,23
915.644,24
915.713,20
915.781,15
915.849,19
915.917,16
915.986,15
916.054,13
916.122,10
916.19,16
916.259,14
916.327,17
916.395,18
916.463,15
916.532,17
916.6,18
916.668,21
916.736,20
916.805,19
916.873,16
916.941,10
917.01,9
917.078,10
917.146,13
917.214,12
917.283,14
917.351,12
917.419,11
917.488,11
917.556,8
917.624,19
917.693,18
917.761,19
917.829,23
917.897,17
917.966,18
918.034,18
918.102,17
918.171,13
918.239,11
918.307,13
918.376,12
918.444,12
918.512,10
918.581,7
918.649,9
918.717,11
918.786,8
918.854,14
918.922,11
918.991,11
919.059,13
919.128,10
919.196,13
919.264,11
919.333,10
919.401,11
919.469,9
919.538,11
919.606,14
919.675,11
919.743,13
919.811,13
919.88,12
919.948,14
920.017,13
920.085,14
920.153,12
920.222,10
920.29,8
920.359,6
920.427,12
920.495,18
920.564,24
920.632,26
920.701,27
920.769,22
920.837,24
920.906,22
920.974,14
921.043,13
921.111,10
921.18,11
921.248,9
921.317,12
921.385,13
921.453,11
921.522,14
921.59,10
921.659,9
921.727,15
921.796,14
921.864,16
921.933,15
922.001,14
922.07,14
922.138,17
922.207,16
922.275,11
922.343,10
922.412,11
922.48,15
922.549,15
922.617,17
922.686,9
922.754,7
922.823,7
922.891,10
922.96,16
923.028,17
923.097,17
923.165,12
923.234,11
923.303,10
923.371,11
923.44,18
923.508,16
923.577,18
923.645,17
923.714,11
923.782,10
923.851,8
923.919,11
923.988,11
924.056,10
924.125,10
924.194,10
924.262,8
924.331,9
924.399,9
924.468,9
924.536,13
924.605,16
924.673,19
924.742,21
924.811,21
924.879,24
924.948,23
925.016,25
925.085,26
925.154,22
925.222,21
925.291,17
925.359,17
925.428,18
925.496,17
925.565,17
925.634,13
925.702,11
925.771,9
925.84,9
925.908,11
925.977,15
926.045,17
926.114,21
926.183,18
926.251,17
926.32,21
926.389,14
926.457,15
926.526,13
926.594,9
926.663,9
926.732,10
926.8,10
926.869,11
926.938,11
927.006,16
927.075,16
927.144,15
927.212,15
927.281,11
927.35,15
927.418,18
927.487,19
927.556,19
927.624,16
927.693,13
927.762,14
927.83,17
927.899,14
927.968,15
928.037,14
928.105,11
928.174,13
928.243,13
928.311,16
928.38,15
928.449,15
928.518,15
928.586,10
928.655,12
928.724,12
928.792,10
928.861,10
928.93,12
928.999,14
929.067,14
929.136,17
929.205,14
929.274,16
929.342,17
929.411,13
929.48,10
929.549,11
929.617,12
929.686,11
929.755,16
929.824,18
929.892,14
929.961,16
930.03,13
930.099,11
930.167,16
930.236,17
930.305,19
930.374,18
930.443,13
930.511,12
930.58,12
930.649,11
930.718,15
930.787,13
930.855,17
930.924,13
930.993,13
931.062,13
931.131,12
931.199,15
931.268,11
931.337,10
931.406,10
931.475,11
931.544,11
931.612,12
931.681,10
931.75,8
931.819,12
931.888,16
931.957,14
932.025,13
932.094,12
932.163,11
932.232,13
932.301,19
932.37,19
932.439,18
932.507,16
932.576,11
932.645,9
932.714,7
932.783,13
932.852,14
932.921,15
932.99,16
933.058,15
933.127,16
933.196,17
933.265,21
933.334,17
933.403,17
933.472,18
933.541,14
933.61,15
933.679,16
933.747,15
933.816,19
933.885,22
933.954,22
934.023,20
934.092,18
934.161,14
934.23,19
934.299,20
934.368,21
934.437,23
934.506,22
934.575,23
934.644,19
934.712,18
934.781,17
934.85,20
934.919,24
934.988,20
935.057,19
935.126,18
935.195,14
935.264,20
935.333,19
935.402,19
935.471,22
935.54,21
935.609,36
935.678,42
935.747,56
935.816,78
935.885,97
935.954,108
936.023,117
936.092,112
936.161,93
936.23,79
936.299,63
936.368,49
936.437,42
936.506,47
936.575,46
936.644,51
936.713,60
936.782,72
936.851,91
936.92,106
936.989,106
937.058,97
937.127,91
937.196,77
937.265,60
937.334,51
937.403,35
937.472,28
937.542,22
937.611,23
937.68,24
937.749,28
937.818,44
937.887,46
937.956,54
938.025,61
938.094,59
938.163,60
938.232,57
938.301,46
938.37,39
938.439,33
938.509,24
938.578,21
938.647,18
938.716,21
938.785,25
938.854,29
938.923,37
938.992,36
939.061,43
939.13,34
939.2,29
939.269,31
939.338,27
939.407,26
939.476,22
939.545,20
939.614,18
939.683,21
939.753,20
939.822,20
939.891,13
939.96,14
940.029,20
940.098,21
940.167,24
940.237,23
940.306,18
940.375,16
940.444,16
940.513,22
940.582,23
940.652,24
940.721,25
940.79,21
940.859,24
940.928,21
940.997,21
941.067,18
941.136,19
941.205,21
941.274,20
941.343,25
941.413,24
941.482,24
941.551,25
941.62,22
941.689,25
941.759,27
941.828,26
941.897,25
941.966,20
942.036,18
942.105,18
942.174,18
942.243,17
942.312,16
942.382,16
942.451,16
942.52,15
942.589,17
942.659,18
942.728,18
942.797,19
942.866,15
942.936,12
943.005,17
943.074,16
943.143,16
943.213,15
943.282,9
943.351,9
943.421,11
943.49,13
943.559,12
943.628,12
943.698,15
943.767,17
943.836,17
943.905,18
943.975,15
944.044,13
944.113,12
944.183,17
944.252,16
944.321,15
944.391,12
944.46,7
944.529,8
944.599,13
944.668,19
944.737,21
944.807,23
944.876,22
944.945,20
945.014,16
945.084,17
945.153,11
945.223,11
945.292,15
945.361,15
945.431,15
945.5,14
945.569,12
945.639,11
945.708,13
945.777,13
945.847,15
945.916,15
945.985,13
946.055,13
946.124,14
946.194,12
946.263,13
946.332,12
946.402,7
946.471,8
946.54,8
946.61,8
946.679,11
946.749,11
946.818,9
946.887,10
946.957,9
947.026,11
947.096,13
947.165,17
947.234,17
947.304,15
947.373,12
947.443,7
947.512,6
947.582,7
947.651,8
947.72,10
947.79,8
947.859,7
947.929,8
947.998,8
948.068,12
948.137,12
948.207,13
948.276,14
948.345,15
948.415,15
948.484,17
948.554,15
948.623,18
948.693,22
948.762,16
948.832,22
948.901,21
948.971,19
949.04,20
949.11,22
949.179,21
949.249,22
949.318,20
949.388,13
949.457,16
949.527,16
949.596,16
949.666,17
949.735,15
949.805,17
949.874,18
949.944,18
950.013,19
950.083,15
950.152,14
950.222,16
950.291,15
950.361,16
950.43,14
950.5,14
950.569,21
950.639,20
950.709,24
950.778,23
950.848,23
950.917,30
950.987,30
951.056,27
951.126,23
951.195,18
951.265,16
951.335,15
951.404,16
951.474,19
951.543,20
951.613,18
951.682,15
951.752,10
951.822,9
951.891,11
951.961,13
952.03,15
952.1,12
952.17,9
952.239,9
952.309,9
952.378,9
952.448,10
952.518,15
952.587,14
952.657,15
952.726,17
952.796,13
952.866,15
952.935,19
953.005,18
953.075,17
953.144,13
953.214,16
953.283,19
953.353,17
953.423,18
953.492,18
953.562,20
953.632,21
953.701,22
953.771,22
953.841,17
953.91,13
953.98,15
954.05,12
954.119,14
954.189,16
954.259,14
954.328,16
954.398,17
954.468,19
954.537,18
954.607,17
954.677,18
954.746,18
954.816,16
954.886,22
954.956,21
955.025,25
955.095,25
955.165,20
955.234,19
955.304,11
955.374,14
955.444,14
955.513,12
955.583,13
955.653,12
955.722,14
955.792,14
955.862,19
955.932,18
956.001,14
956.071,14
956.141,11
956.211,11
956.28,13
956.35,15
956.42,14
956.49,19
956.559,22
956.629,26
956.699,31
956.769,27
956.838,24
956.908,23
956.978,15
957.048,14
957.118,14
957.187,15
957.257,16
957.327,16
957.397,16
957.467,11
957.536,10
957.606,11
957.676,14
957.746,16
957.816,17
957.885,21
957.955,20
958.025,21
958.095,19
958.165,16
958.234,14
958.304,12
958.374,14
958.444,15
958.514,13
958.584,18
958.653,12
958.723,11
958.793,15
958.863,16
958.933,21
959.003,21
959.073,24
959.142,24
959.212,22
959.282,23
959.352,23
959.422,17
959.492,14
959.562,14
959.631,5
959.701,5
959.771,9
959.841,9
959.911,9
959.981,10
960.051,9
960.121,9
960.191,11
960.26,10
960.33,13
960.4,15
960.47,16
960.54,18
960.61,20
960.68,20
960.75,21
960.82,23
960.89,22
960.96,21
961.029,20
961.099,17
961.169,14
961.239,14
961.309,15
961.379,17
961.449,15
961.519,12
961.589,11
961.659,10
961.729,9
961.799,12
961.869,14
961.939,13
962.009,16
962.079,16
962.149,15
962.219,17
962.289,18
962.359,19
962.429,16
962.499,17
962.569,16
962.638,19
962.708,20
962.778,16
962.848,18
962.918,13
962.988,12
963.058,14
963.128,16
963.198,17
963.268,18
963.338,16
963.408,14
963.479,15
963.549,20
963.619,18
963.689,15
963.759,15
963.829,12
963.899,13
963.969,11
964.039,11
964.109,11
964.179,11
964.249,8
964.319,10
964.389,9
964.459,9
964.529,11
964.599,8
964.669,7
964.739,15
964.809,18
964.879,19
964.949,23
965.02,18
965.09,22
965.16,23
965.23,23
965.3,19
965.37,12
965.44,13
965.51,10
965.58,15
965.65,16
965.72,16
965.791,18
965.861,16
965.931,17
966.001,15
966.071,17
966.141,16
966.211,18
966.281,18
966.351,16
966.422,18
966.492,13
966.562,12
966.632,11
966.702,12
966.772,11
966.842,12
966.912,11
966.983,10
967.053,10
967.123,10
967.193,17
967.263,14
967.333,15
967.404,18
967.474,16
967.544,23
967.614,29
967.684,31
967.754,35
967.825,34
967.895,34
967.965,31
968.035,26
968.105,29
968.175,25
968.246,28
968.316,26
968.386,19
968.456,15
968.526,12
968.597,14
968.667,17
968.737,24
968.807,23
968.878,23
968.948,23
969.018,22
969.088,22
969.158,22
969.229,24
969.299,19
969.369,23
969.439,20
969.51,14
969.58,15
969.65,11
969.72,11
969.791,17
969.861,16
969.931,23
970.001,24
970.072,20
970.142,21
970.212,17
970.282,14
970.353,18
970.423,17
970.493,15
970.563,13
970.634,13
970.704,14
970.774,16
970.845,14
970.915,11
970.985,11
971.055,9
971.126,12
971.196,12
971.266,8
971.337,10
971.407,12
971.477,12
971.548,17
971.618,21
971.688,18
971.759,19
971.829,21
971.899,18
971.97,16
972.04,16
972.11,10
972.181,8
972.251,10
972.321,11
972.392,16
972.462,20
972.532,19
972.603,18
972.673,12
972.743,16
972.814,17
972.884,18
972.954,18
973.025,14
973.095,12
973.166,9
973.236,11
973.306,7
973.377,7
973.447,11
973.517,15
973.588,16
973.658,18
973.729,13
973.799,10
973.869,8
973.94,10
974.01,12
974.081,8
974.151,12
974.221,11
974.292,10
974.362,12
974.433,15
974.503,13
974.574,14
974.644,14
974.714,7
974.785,6
974.855,6
974.926,8
974.996,10
975.067,12
975.137,13
975.207,14
975.278,13
975.348,15
975.419,18
975.489,14
975.56,16
975.63,15
975.701,16
975.771,17
975.842,16
975.912,13
975.983,12
976.053,14
976.124,17
976.194,20
976.265,18
976.335,15
976.405,13
976.476,11
976.546,10
976.617,12
976.687,11
976.758,14
976.829,16
976.899,9
976.97,9
977.04,6
977.111,4
977.181,6
977.252,9
977.322,14
977.393,15
977.463,19
977.534,17
977.604,15
977.675,17
977.745,17
977.816,19
977.886,17
977.957,18
978.028,19
978.098,18
978.169,17
978.239,17
978.31,16
978.38,15
978.451,17
978.521,16
978.592,18
978.663,21
978.733,17
978.804,16
978.874,10
978.945,11
979.016,11
979.086,10
979.157,12
979.227,10
979.298,12
979.368,14
979.439,14
979.51,13
979.58,12
979.651,10
979.722,10
979.792,9
979.863,9
979.933,10
980.004,9
980.075,9
980.145,10
980.216,8
980.287,11
980.357,12
980.428,13
980.498,15
980.569,15
980.64,16
980.71,16
980.781,15
980.852,15
980.922,14
980.993,13
981.064,12
981.134,8
981.205,9
981.276,10
981.346,14
981.417,18
981.488,16
981.558,15
981.629,14
981.7,12
981.77,13
981.841,12
981.912,12
981.983,15
982.053,14
982.124,12
982.195,13
982.265,10
982.336,15
982.407,14
982.477,15
982.548,17
982.619,13
982.69,15
982.76,15
982.831,20
982.902,25
982.973,25
983.043,26
983.114,23
983.185,22
983.255,23
983.326,20
983.397,20
983.468,21
983.538,23
983.609,27
983.68,20
983.751,19
983.822,17
983.892,15
983.963,19
984.034,18
984.105,16
984.175,14
984.246,13
984.317,14
984.388,15
984.458,14
984.529,12
984.6,11
984.671,8
984.742,9
984.812,10
984.883,13
984.954,13
985.025,17
985.096,19
985.166,20
985.237,23
985.308,21
985.379,20
985.45,19
985.521,19
985.591,22
985.662,26
985.733,20
985.804,17
985.875,12
985.946,12
986.016,13
986.087,14
986.158,13
986.229,15
986.3,15
986.371,15
986.442,20
986.512,17
986.583,18
986.654,18
986.725,18
986.796,18
986.867,18
986.938,22
987.009,20
987.079,18
987.15,19
987.221,16
987.292,13
987.363,15
987.434,15
987.505,16
987.576,19
987.647,17
987.717,17
987.788,15
987.859,15
987.93,16
988.001,16
988.072,20
988.143,22
988.214,23
988.285,24
988.356,17
988.427,16
988.498,16
988.569,16
988.639,14
988.71,13
988.781,11
988.852,14
988.923,16
988.994,19
989.065,21
989.136,18
989.207,15
989.278,12
989.349,16
989.42,11
989.491,9
989.562,11
989.633,16
989.704,18
989.775,20
989.846,17
989.917,12
989.988,12
990.059,16
990.13,21
990.201,20
990.272,22
990.343,20
990.414,22
990.485,24
990.556,26
990.627,31
990.698,29
990.769,24
990.84,19
990.911,12
990.982,12
991.053,15
991.124,16
991.195,15
991.266,16
991.337,16
991.408,16
991.479,14
991.55,11
991.621,12
991.692,12
991.763,11
991.834,11
991.905,10
991.976,14
992.048,18
992.119,17
992.19,16
992.261,11
992.332,9
992.403,9
992.474,11
992.545,14
992.616,11
992.687,13
992.758,11
992.829,12
992.901,17
992.972,17
993.043,18
993.114,17
993.185,17
993.256,17
993.327,14
993.398,12
993.469,9
993.54,8
993.612,11
993.683,13
993.754,13
993.825,12
993.896,10
993.967,9
994.038,7
994.11,9
994.181,8
994.252,7
994.323,8
994.394,6
994.465,12
994.536,12
994.608,17
994.679,20
994.75,18
994.821,19
994.892,17
994.963,14
995.035,11
995.106,10
995.177,9
995.248,9
995.319,14
995.39,16
995.462,18
995.533,16
995.604,11
995.675,9
995.746,11
995.818,9
995.889,14
995.96,15
996.031,12
996.102,13
996.174,11
996.245,9
996.316,12
996.387,16
996.459,16
996.53,18
996.601,14
996.672,10
996.743,8
996.815,8
996.886,6
996.957,8
997.028,10
997.1,8
997.171,10
997.242,13
997.313,17
997.385,18
997.456,19
997.527,15
997.598,11
997.67,10
997.741,11
997.812,13
997.884,13
997.955,18
998.026,18
998.097,15
998.169,12
998.24,10
998.311,12
998.383,15
998.454,18
998.525,18
998.596,17
998.668,13
998.739,14
998.81,13
998.882,12
998.953,14
999.024,16
999.096,17
999.167,21
999.238,19
999.31,15
999.381,16
999.452,14
999.524,15
999.595,16
999.666,16
999.738,19
999.809,17
999.88,18
999.952,18
1000.023,14
1000.094,13
1000.166,17
1000.237,15
1000.308,11
1000.38,13
1000.451,10
1000.522,11
1000.594,14
1000.665,13
1000.737,10
1000.808,11
1000.879,11
1000.951,12
1001.022,14
1001.094,12
1001.165,11
1001.236,13
1001.308,13
1001.379,14
1001.451,14
1001.522,11
1001.593,8
1001.665,10
1001.736,12
1001.808,12
1001.879,16
1001.95,12
1002.022,12
1002.093,12
1002.165,12
1002.236,14
1002.308,15
1002.379,14
1002.45,14
1002.522,14
1002.593,13
1002.665,14
1002.736,13
1002.808,12
1002.879,11
1002.951,10
1003.022,14
1003.094,15
1003.165,14
1003.236,19
1003.308,17
1003.379,18
1003.451,18
1003.522,14
1003.594,12
1003.665,11
1003.737,15
1003.808,16
1003.88,14
1003.951,15
1004.023,19
1004.094,17
1004.166,18
1004.237,16
1004.309,12
1004.38,13
1004.452,14
1004.523,14
1004.595,19
1004.666,22
1004.738,20
1004.809,19
1004.881,15
1004.953,14
1005.024,21
1005.096,21
1005.167,20
1005.239,18
1005.31,13
1005.382,13
1005.453,11
1005.525,12
1005.596,9
1005.668,8
1005.74,12
1005.811,13
1005.883,17
1005.954,20
1006.026,21
1006.097,21
1006.169,18
1006.241,15
1006.312,10
1006.384,9
1006.455,10
1006.527,11
1006.598,9
1006.67,8
1006.742,6
1006.813,6
1006.885,7
1006.956,6
1007.028,5
1007.1,5
1007.171,5
1007.243,10
1007.314,10
1007.386,10
1007.458,11
1007.529,12
1007.601,16
1007.673,17
1007.744,18
1007.816,12
1007.887,12
1007.959,14
1008.031,14
1008.102,18
1008.174,16
1008.246,11
1008.317,13
1008.389,15
1008.461,15
1008.532,19
1008.604,16
1008.676,13
1008.747,12
1008.819,10
1008.891,11
1008.962,9
1009.034,10
1009.106,14
1009.177,14
1009.249,13
1009.321,13
1009.392,9
1009.464,8
1009.536,12
1009.608,11
1009.679,11
1009.751,13
1009.823,17
1009.894,18
1009.966,18
1010.038,17
1010.11,11
1010.181,10
1010.253,12
1010.325,17
1010.396,17
1010.468,18
1010.54,19
1010.612,17
1010.683,15
1010.755,16
1010.827,14
1010.899,14
1010.97,12
1011.042,8
1011.114,11
1011.186,13
1011.257,14
1011.329,17
1011.401,13
1011.473,10
1011.544,10
1011.616,10
1011.688,11
1011.76,9
1011.832,11
1011.903,13
1011.975,14
1012.047,19
1012.119,17
1012.19,18
1012.262,19
1012.334,14
1012.406,15
1012.478,11
1012.549,10
1012.621,11
1012.693,10
1012.765,12
1012.837,9
1012.908,10
1012.98,13
1013.052,14
1013.124,16
1013.196,14
1013.268,11
1013.339,10
1013.411,9
1013.483,8
1013.555,9
1013.627,7
1013.699,7
1013.771,6
1013.842,9
1013.914,11
1013.986,13
1014.058,15
1014.13,16
1014.202,16
1014.274,16
1014.345,19
1014.417,17
1014.489,15
1014.561,17
1014.633,20
1014.705,21
1014.777,19
1014.849,19
1014.92,17
1014.992,24
1015.064,22
1015.136,20
1015.208,20
1015.28,15
1015.352,14
1015.424,14
1015.496,10
1015.568,13
1015.639,16
1015.711,15
1015.783,14
1015.855,11
1015.927,9
1015.999,9
1016.071,10
1016.143,11
1016.215,14
1016.287,13
1016.359,14
1016.431,13
1016.503,9
1016.575,11
1016.647,10
1016.719,8
1016.79,11
1016.862,10
1016.934,10
1017.006,10
1017.078,9
1017.15,11
1017.222,12
1017.294,13
1017.366,14
1017.438,15
1017.51,17
1017.582,20
1017.654,22
1017.726,22
1017.798,23
1017.87,20
1017.942,17
1018.014,14
1018.086,12
1018.158,11
1018.23,12
1018.302,12
1018.374,10
1018.446,9
1018.518,8
1018.59,9
1018.662,12
1018.734,10
1018.806,12
1018.878,17
1018.95,18
1019.022,16
1019.094,13
1019.167,8
1019.239,6
1019.311,10
1019.383,19
1019.455,20
1019.527,22
1019.599,20
1019.671,16
1019.743,15
1019.815,15
1019.887,24
1019.959,23
1020.031,25
1020.103,23
1020.175,17
1020.247,16
1020.32,16
1020.392,13
1020.464,17
1020.536,16
1020.608,13
1020.68,19
1020.752,16
1020.824,14
1020.896,14
1020.968,10
1021.041,10
1021.113,13
1021.185,15
1021.257,17
1021.329,16
1021.401,16
1021.473,17
1021.545,15
1021.618,16
1021.69,16
1021.762,18
1021.834,19
1021.906,17
1021.978,19
1022.05,19
1022.123,22
1022.195,28
1022.267,27
1022.339,27
1022.411,23
1022.483,23
1022.555,21
1022.628,14
1022.7,13
1022.772,15
1022.844,13
1022.916,14
1022.989,15
1023.061,10
1023.133,18
1023.205,22
1023.277,25
1023.349,25
1023.422,18
1023.494,15
1023.566,10
1023.638,11
1023.71,10
1023.783,12
1023.855,11
1023.927,11
1023.999,13
1024.072,12
1024.144,13
1024.216,11
1024.288,13
1024.36,13
1024.433,11
1024.505,10
1024.577,13
1024.649,14
1024.722,15
1024.794,18
1024.866,13
1024.938,12
1025.011,14
1025.083,14
1025.155,16
1025.227,19
1025.3,19
1025.372,19
1025.444,19
1025.516,18
1025.589,18
1025.661,17
1025.733,17
1025.806,18
1025.878,11
1025.95,10
1026.022,11
1026.095,9
1026.167,8
1026.239,10
1026.312,8
1026.384,11
1026.456,18
1026.528,19
1026.601,19
1026.673,21
1026.745,16
1026.818,14
1026.89,16
1026.962,13
1027.035,12
1027.107,12
1027.179,14
1027.252,12
1027.324,14
1027.396,17
1027.469,23
1027.541,29
1027.613,32
1027.686,31
1027.758,30
1027.83,28
1027.903,25
1027.975,23
1028.048,16
1028.12,15
1028.192,19
1028.265,18
1028.337,21
1028.409,18
1028.482,14
1028.554,13
1028.627,15
1028.699,15
1028.771,13
1028.844,14
1028.916,16
1028.988,17
1029.061,18
1029.133,19
1029.206,21
1029.278,20
1029.35,23
1029.423,19
1029.495,11
1029.568,13
1029.64,12
1029.713,15
1029.785,21
1029.857,19
1029.93,20
1030.002,20
1030.075,14
1030.147,15
1030.22,12
1030.292,13
1030.364,19
1030.437,20
1030.509,21
1030.582,21
1030.654,21
1030.727,22
1030.799,25
1030.872,22
1030.944,19
1031.017,18
1031.089,16
1031.161,16
1031.234,11
1031.306,11
1031.379,14
1031.451,14
1031.524,16
1031.596,17
1031.669,15
1031.741,17
1031.814,15
1031.886,17
1031.959,23
1032.031,19
1032.104,17
1032.176,12
1032.249,8
1032.321,8
1032.394,12
1032.466,15
1032.539,16
1032.611,16
1032.684,16
1032.757,14
1032.829,16
1032.902,18
1032.974,19
1033.047,20
1033.119,14
1033.192,16
1033.264,14
1033.337,13
1033.409,18
1033.482,19
1033.555,17
1033.627,17
1033.7,16
1033.772,13
1033.845,12
1033.917,14
1033.99,16
1034.062,15
1034.135,18
1034.208,16
1034.28,14
1034.353,15
1034.425,14
1034.498,11
1034.571,9
1034.643,10
1034.716,14
1034.788,15
1034.861,14
1034.934,11
1035.006,6
1035.079,6
1035.151,7
1035.224,6
1035.297,6
1035.369,9
1035.442,8
1035.515,12
1035.587,11
1035.66,12
1035.732,11
1035.805,12
1035.878,14
1035.95,9
1036.023,11
1036.096,10
1036.168,10
1036.241,11
1036.314,11
1036.386,12
1036.459,11
1036.532,10
1036.604,11
1036.677,8
1036.75,11
1036.822,17
1036.895,18
1036.968,20
1037.04,17
1037.113,14
1037.186,12
1037.258,10
1037.331,11
1037.404,10
1037.476,13
1037.549,12
1037.622,15
1037.695,15
1037.767,14
1037.84,14
1037.913,18
1037.985,18
1038.058,23
1038.131,22
1038.204,14
1038.276,15
1038.349,13
1038.422,15
1038.495,15
1038.567,18
1038.64,18
1038.713,15
1038.785,13
1038.858,12
1038.931,8
1039.004,9
1039.076,11
1039.149,11
1039.222,13
1039.295,12
1039.368,14
1039.44,12
1039.513,12
1039.586,13
1039.659,10
1039.731,11
1039.804,12
1039.877,14
1039.95,19
1040.023,23
1040.095,20
1040.168,19
1040.241,15
1040.314,12
1040.386,12
1040.459,11
1040.532,11
1040.605,8
1040.678,9
1040.751,10
1040.823,11
1040.896,13
1040.969,9
1041.042,8
1041.115,11
1041.187,11
1041.26,10
1041.333,12
1041.406,7
1041.479,11
1041.552,12
1041.624,10
1041.697,15
1041.77,14
1041.843,19
1041.916,22
1041.989,20
1042.062,22
1042.134,25
1042.207,24
1042.28,18
1042.353,16
1042.426,15
1042.499,14
1042.572,11
1042.645,10
1042.717,9
1042.79,12
1042.863,17
1042.936,19
1043.009,21
1043.082,22
1043.155,21
1043.228,19
1043.301,17
1043.374,16
1043.446,13
1043.519,13
1043.592,13
1043.665,11
1043.738,16
1043.811,17
1043.884,21
1043.957,22
1044.03,17
1044.103,17
1044.176,16
1044.249,21
1044.322,21
1044.395,22
1044.467,21
1044.54,22
1044.613,22
1044.686,22
1044.759,20
1044.832,12
1044.905,12
1044.978,10
1045.051,9
1045.124,11
1045.197,10
1045.27,11
1045.343,12
1045.416,11
1045.489,11
1045.562,11
1045.635,13
1045.708,14
1045.781,11
1045.854,11
1045.927,10
1046.00,8
1046.073,10
1046.146,7
1046.219,6
1046.292,7
1046.365,6
1046.438,10
1046.511,10
1046.584,11
1046.657,12
1046.73,11
1046.803,12
1046.876,12
1046.949,12
1047.022,14
1047.095,13
1047.168,20
1047.241,22
1047.314,20
1047.387,20
1047.46,15
1047.534,13
1047.607,10
1047.68,13
1047.753,11
1047.826,12
1047.899,15
1047.972,11
1048.045,17
1048.118,19
1048.191,17
1048.264,18
1048.337,19
1048.41,14
1048.483,14
1048.557,14
1048.63,11
1048.703,14
1048.776,15
1048.849,14
1048.922,14
1048.995,13
1049.068,11
1049.141,11
1049.214,10
1049.288,9
1049.361,10
1049.434,11
1049.507,16
1049.58,18
1049.653,20
1049.726,20
1049.799,21
1049.873,20
1049.946,16
1050.019,14
1050.092,11
1050.165,10
1050.238,13
1050.312,13
1050.385,12
1050.458,11
1050.531,7
1050.604,7
1050.677,10
1050.75,10
1050.824,12
1050.897,10
1050.97,10
1051.043,8
1051.116,7
1051.19,8
1051.263,12
1051.336,14
1051.409,15
1051.482,16
1051.555,14
1051.629,16
1051.702,15
1051.775,16
1051.848,11
1051.922,10
1051.995,10
1052.068,8
1052.141,7
1052.214,7
1052.288,8
1052.361,7
1052.434,10
1052.507,12
1052.581,11
1052.654,17
1052.727,15
1052.8,10
1052.873,12
1052.947,7
1053.02,9
1053.093,12
1053.166,11
1053.24,11
1053.313,12
1053.386,13
1053.46,14
1053.533,15
1053.606,11
1053.679,9
1053.753,11
1053.826,10
1053.899,11
1053.972,8
1054.046,6
1054.119,7
1054.192,8
1054.266,15
1054.339,14
1054.412,14
1054.485,13
1054.559,11
1054.632,11
1054.705,11
1054.779,14
1054.852,17
1054.925,14
1054.999,14
1055.072,11
1055.145,7
1055.219,8
1055.292,11
1055.365,14
1055.439,21
1055.512,25
1055.585,22
1055.659,20
1055.732,16
1055.805,14
1055.879,16
1055.952,17
1056.025,18
1056.099,16
1056.172,17
1056.245,13
1056.319,14
1056.392,16
1056.466,12
1056.539,12
1056.612,10
1056.686,10
1056.759,10
1056.832,12
1056.906,11
1056.979,10
1057.053,13
1057.126,17
1057.199,22
1057.273,23
1057.346,23
1057.42,21
1057.493,29
1057.566,32
1057.64,33
1057.713,34
1057.787,23
1057.86,17
1057.934,16
1058.007,20
1058.08,16
1058.154,19
1058.227,17
1058.301,13
1058.374,12
1058.448,11
1058.521,10
1058.594,9
1058.668,10
1058.741,10
1058.815,12
1058.888,10
1058.962,11
1059.035,11
1059.109,12
1059.182,10
1059.256,12
1059.329,12
1059.403,12
1059.476,12
1059.549,8
1059.623,5
1059.696,3
1059.77,5
1059.843,6
1059.917,9
1059.99,16
1060.064,14
1060.137,15
1060.211,15
1060.284,12
1060.358,12
1060.431,16
1060.505,14
1060.578,18
1060.652,21
1060.725,19
1060.799,20
1060.873,17
1060.946,16
1061.02,17
1061.093,18
1061.167,16
1061.24,19
1061.314,19
1061.387,19
1061.461,23
1061.534,17
1061.608,17
1061.681,16
1061.755,13
1061.829,10
1061.902,10
1061.976,12
1062.049,12
1062.123,17
1062.196,17
1062.27,15
1062.344,16
1062.417,12
1062.491,10
1062.564,10
1062.638,13
1062.712,14
1062.785,18
1062.859,20
1062.932,23
1063.006,24
1063.079,25
1063.153,27
1063.227,22
1063.3,21
1063.374,19
1063.448,17
1063.521,15
1063.595,13
1063.668,13
1063.742,11
1063.816,10
1063.889,14
1063.963,21
1064.037,22
1064.11,22
1064.184,25
1064.257,17
1064.331,18
1064.405,23
1064.478,16
1064.552,20
1064.626,18
1064.699,15
1064.773,14
1064.847,19
1064.92,19
1064.994,16
1065.068,18
1065.141,11
1065.215,10
1065.289,12
1065.362,10
1065.436,13
1065.51,12
1065.584,12
1065.657,11
1065.731,7
1065.805,5
1065.878,6
1065.952,5
1066.026,7
1066.099,11
1066.173,10
1066.247,11
1066.321,12
1066.394,14
1066.468,15
1066.542,20
1066.615,20
1066.689,15
1066.763,16
1066.837,12
1066.91,12
1066.984,15
1067.058,20
1067.132,21
1067.205,18
1067.279,15
1067.353,8
1067.427,5
1067.5,7
1067.574,10
1067.648,12
1067.722,15
1067.795,16
1067.869,18
1067.943,15
1068.017,10
1068.091,10
1068.164,12
1068.238,16
1068.312,16
1068.386,16
1068.46,11
1068.533,9
1068.607,11
1068.681,11
1068.755,14
1068.829,16
1068.902,14
1068.976,14
1069.05,14
1069.124,16
1069.198,16
1069.271,16
1069.345,17
1069.419,20
1069.493,23
1069.567,22
1069.641,22
1069.714,19
1069.788,15
1069.862,17
1069.936,15
1070.01,14
1070.084,16
1070.157,18
1070.231,18
1070.305,19
1070.379,18
1070.453,16
1070.527,16
1070.601,16
1070.674,17
1070.748,18
1070.822,17
1070.896,20
1070.97,26
1071.044,23
1071.118,21
1071.192,18
1071.266,15
1071.339,15
1071.413,16
1071.487,15
1071.561,9
1071.635,11
1071.709,10
1071.783,13
1071.857,17
1071.931,17
1072.005,20
1072.079,16
1072.152,15
1072.226,14
1072.3,18
1072.374,16
1072.448,15
1072.522,16
1072.596,10
1072.67,13
1072.744,13
1072.818,13
1072.892,15
1072.966,16
1073.04,18
1073.114,19
1073.188,17
1073.262,17
1073.336,14
1073.409,12
1073.483,13
1073.557,17
1073.631,18
1073.705,18
1073.779,18
1073.853,12
1073.927,15
1074.001,14
1074.075,13
1074.149,13
1074.223,11
1074.297,12
1074.371,10
1074.445,11
1074.519,10
1074.593,12
1074.667,14
1074.741,12
1074.815,12
1074.889,9
1074.963,12
1075.037,14
1075.111,15
1075.185,15
1075.259,12
1075.334,9
1075.408,6
1075.482,6
1075.556,5
1075.63,10
1075.704,15
1075.778,15
1075.852,16
1075.926,19
1076.00,19
1076.074,20
1076.148,19
1076.222,15
1076.296,10
1076.37,14
1076.444,14
1076.518,13
1076.592,13
1076.667,8
1076.741,9
1076.815,8
1076.889,11
1076.963,15
1077.037,18
1077.111,18
1077.185,21
1077.259,19
1077.333,19
1077.407,16
1077.482,12
1077.556,13
1077.63,13
1077.704,15
1077.778,15
1077.852,15
1077.926,12
1078.00,18
1078.075,19
1078.149,20
1078.223,21
1078.297,20
1078.371,14
1078.445,12
1078.519,11
1078.594,8
1078.668,9
1078.742,13
1078.816,15
1078.89,13
1078.964,17
1079.038,17
1079.113,16
1079.187,17
1079.261,16
1079.335,12
1079.409,8
1079.484,5
1079.558,8
1079.632,11
1079.706,14
1079.78,14
1079.854,11
1079.929,8
1080.003,7
1080.077,9
1080.151,10
1080.225,11
1080.3,13
1080.374,13
1080.448,13
1080.522,15
1080.596,15
1080.671,15
1080.745,18
1080.819,21
1080.893,20
1080.968,20
1081.042,19
1081.116,13
1081.19,12
1081.265,12
1081.339,10
1081.413,12
1081.487,14
1081.562,13
1081.636,13
1081.71,11
1081.784,10
1081.859,10
1081.933,11
1082.007,10
1082.081,10
1082.156,9
1082.23,10
1082.304,10
1082.378,9
1082.453,12
1082.527,11
1082.601,13
1082.676,13
1082.75,13
1082.824,12
1082.898,13
1082.973,13
1083.047,13
1083.121,14
1083.196,16
1083.27,20
1083.344,23
1083.419,26
1083.493,22
1083.567,20
1083.642,17
1083.716,15
1083.79,12
1083.865,10
1083.939,11
1084.013,4
1084.088,9
1084.162,10
1084.236,10
1084.311,20
1084.385,19
1084.459,21
1084.534,25
1084.608,18
1084.682,15
1084.757,16
1084.831,11
1084.906,14
1084.98,19
1085.054,19
1085.129,17
1085.203,18
1085.277,20
1085.352,21
1085.426,20
1085.501,15
1085.575,12
1085.649,11
1085.724,9
1085.798,13
1085.873,14
1085.947,13
1086.021,12
1086.096,10
1086.17,10
1086.245,11
1086.319,11
1086.393,11
1086.468,10
1086.542,10
1086.617,11
1086.691,13
1086.766,12
1086.84,11
1086.914,8
1086.989,8
1087.063,9
1087.138,11
1087.212,14
1087.287,13
1087.361,11
1087.436,9
1087.51,12
1087.584,11
1087.659,13
1087.733,15
1087.808,13
1087.882,17
1087.957,16
1088.031,16
1088.106,13
1088.18,14
1088.255,13
1088.329,12
1088.404,14
1088.478,9
1088.553,15
1088.627,16
1088.702,15
1088.776,21
1088.851,17
1088.925,14
1089.00,15
1089.074,10
1089.149,9
1089.223,13
1089.298,11
1089.372,11
1089.447,9
1089.521,8
1089.596,11
1089.67,12
1089.745,15
1089.819,13
1089.894,16
1089.969,14
1090.043,15
1090.118,15
1090.192,12
1090.267,10
1090.341,7
1090.416,7
1090.49,6
1090.565,10
1090.64,11
1090.714,11
1090.789,13
1090.863,12
1090.938,11
1091.012,12
1091.087,12
1091.162,13
1091.236,11
1091.311,10
1091.385,11
1091.46,11
1091.535,14
1091.609,12
1091.684,13
1091.758,17
1091.833,14
1091.908,14
1091.982,15
1092.057,12
1092.131,14
1092.206,13
1092.281,11
1092.355,9
1092.43,7
1092.505,7
1092.579,9
1092.654,10
1092.728,11
1092.803,18
1092.878,16
1092.952,15
1093.027,13
1093.102,8
1093.176,11
1093.251,15
1093.326,16
1093.4,13
1093.475,12
1093.55,15
1093.624,15
1093.699,16
1093.774,17
1093.848,13
1093.923,11
1093.998,10
1094.072,5
1094.147,7
1094.222,7
1094.297,8
1094.371,11
1094.446,11
1094.521,12
1094.595,15
1094.67,12
1094.745,15
1094.819,17
1094.894,13
1094.969,13
1095.044,9
1095.118,9
1095.193,9
1095.268,12
1095.342,12
1095.417,11
1095.492,13
1095.567,12
1095.641,15
1095.716,15
1095.791,15
1095.866,15
1095.94,10
1096.015,13
1096.09,15
1096.165,19
1096.239,15
1096.314,14
1096.389,12
1096.464,9
1096.539,11
1096.613,10
1096.688,9
1096.763,7
1096.838,6
1096.912,7
1096.987,7
1097.062,13
1097.137,16
1097.212,16
1097.286,21
1097.361,24
1097.436,25
1097.511,26
1097.586,25
1097.66,25
1097.735,30
1097.81,27
1097.885,27
1097.96,26
1098.034,23
1098.109,19
1098.184,18
1098.259,14
1098.334,11
1098.409,12
1098.483,9
1098.558,7
1098.633,10
1098.708,11
1098.783,15
1098.858,16
1098.933,17
1099.007,17
1099.082,16
1099.157,16
1099.232,14
1099.307,13
1099.382,12
1099.457,15
1099.531,12
1099.606,13
1099.681,15
1099.756,16
1099.831,20
1099.906,26
1099.981,25
1100.056,24
1100.131,22
1100.205,17
1100.28,18
1100.355,18
1100.43,17
1100.505,18
1100.58,19
1100.655,16
1100.73,16
1100.805,12
1100.88,11
1100.955,14
1101.03,15
1101.104,16
1101.179,16
1101.254,14
1101.329,12
1101.404,15
1101.479,14
1101.554,11
1101.629,11
1101.704,8
1101.779,7
1101.854,12
1101.929,13
1102.004,18
1102.079,18
1102.154,13
1102.229,10
1102.304,6
1102.379,6
1102.454,6
1102.529,8
1102.604,9
1102.679,11
1102.754,11
1102.829,9
1102.904,10
1102.979,6
1103.054,7
1103.129,10
1103.204,10
1103.279,16
1103.354,18
1103.429,19
1103.504,20
1103.579,18
1103.654,16
1103.729,15
1103.804,12
1103.879,10
1103.954,12
1104.029,14
1104.104,18
1104.179,23
1104.254,19
1104.329,18
1104.404,18
1104.479,15
1104.554,15
1104.629,15
1104.704,14
1104.779,12
1104.854,12
1104.929,15
1105.004,12
1105.079,14
1105.155,15
1105.23,12
1105.305,13
1105.38,13
1105.455,12
1105.53,11
1105.605,10
1105.68,11
1105.755,11
1105.83,17
1105.905,17
1105.98,14
1106.056,12
1106.131,8
1106.206,8
1106.281,9
1106.356,10
1106.431,8
1106.506,9
1106.581,8
1106.656,8
1106.732,12
1106.807,11
1106.882,12
1106.957,14
1107.032,16
1107.107,18
1107.182,22
1107.258,25
1107.333,21
1107.408,18
1107.483,14
1107.558,12
1107.633,11
1107.708,11
1107.784,13
1107.859,12
1107.934,13
1108.009,11
1108.084,11
1108.159,11
1108.235,13
1108.31,16
1108.385,17
1108.46,17
1108.535,16
1108.611,19
1108.686,18
1108.761,15
1108.836,13
1108.911,17
1108.986,15
1109.062,15
1109.137,14
1109.212,7
1109.287,6
1109.363,8
1109.438,7
1109.513,9
1109.588,12
1109.663,13
1109.739,15
1109.814,14
1109.889,13
1109.964,13
1110.04,13
1110.115,14
1110.19,15
1110.265,16
1110.341,15
1110.416,18
1110.491,19
1110.566,15
1110.642,16
1110.717,13
1110.792,9
1110.867,10
1110.943,13
1111.018,13
1111.093,15
1111.168,14
1111.244,15
1111.319,15
1111.394,13
1111.47,17
1111.545,16
1111.62,14
1111.695,13
1111.771,15
1111.846,12
1111.921,13
1111.997,15
1112.072,9
1112.147,14
1112.223,15
1112.298,12
1112.373,11
1112.449,9
1112.524,10
1112.599,15
1112.675,17
1112.75,21
1112.825,21
1112.901,18
1112.976,19
1113.051,21
1113.127,15
1113.202,17
1113.277,17
1113.353,13
1113.428,15
1113.503,13
1113.579,13
1113.654,10
1113.729,9
1113.805,10
1113.88,8
1113.956,9
1114.031,10
1114.106,12
1114.182,12
1114.257,13
1114.332,12
1114.408,10
1114.483,12
1114.559,15
1114.634,16
1114.709,16
1114.785,17
1114.86,24
1114.936,20
1115.011,19
1115.086,19
1115.162,14
1115.237,15
1115.313,14
1115.388,12
1115.464,13
1115.539,12
1115.614,14
1115.69,15
1115.765,17
1115.841,16
1115.916,13
1115.992,13
1116.067,8
1116.142,10
1116.218,11
1116.293,12
1116.369,11
1116.444,10
1116.52,13
1116.595,14
1116.671,14
1116.746,17
1116.822,17
1116.897,12
1116.973,14
1117.048,13
1117.124,13
1117.199,13
1117.274,12
1117.35,11
1117.425,9
1117.501,10
1117.576,8
1117.652,7
1117.727,7
1117.803,11
1117.878,13
1117.954,16
1118.03,16
1118.105,17
1118.181,17
1118.256,15
1118.332,15
1118.407,15
1118.483,16
1118.558,22
1118.634,23
1118.709,20
1118.785,20
1118.86,22
1118.936,22
1119.011,22
1119.087,22
1119.163,15
1119.238,16
1119.314,12
1119.389,11
1119.465,10
1119.54,7
1119.616,8
1119.691,10
1119.767,8
1119.843,8
1119.918,8
1119.994,6
1120.069,9
1120.145,12
1120.22,14
1120.296,17
1120.372,17
1120.447,17
1120.523,20
1120.598,17
1120.674,16
1120.75,15
1120.825,14
1120.901,15
1120.977,11
1121.052,10
1121.128,11
1121.203,9
1121.279,10
1121.355,11
1121.43,10
1121.506,12
1121.582,12
1121.657,13
1121.733,10
1121.808,13
1121.884,15
1121.96,15
1122.035,18
1122.111,14
1122.187,11
1122.262,12
1122.338,11
1122.414,12
1122.489,16
1122.565,17
1122.641,19
1122.716,20
1122.792,17
1122.868,18
1122.943,13
1123.019,13
1123.095,15
1123.17,12
1123.246,14
1123.322,13
1123.398,15
1123.473,13
1123.549,14
1123.625,16
1123.7,11
1123.776,14
1123.852,8
1123.927,7
1124.003,7
1124.079,5
1124.155,8
1124.23,8
1124.306,10
1124.382,12
1124.458,14
1124.533,16
1124.609,17
1124.685,18
1124.761,19
1124.836,16
1124.912,19
1124.988,17
1125.064,15
1125.139,16
1125.215,13
1125.291,16
1125.367,15
1125.442,13
1125.518,11
1125.594,10
1125.67,10
1125.745,15
1125.821,17
1125.897,14
1125.973,15
1126.049,13
1126.124,11
1126.2,12
1126.276,15
1126.352,14
1126.428,16
1126.503,16
1126.579,15
1126.655,14
1126.731,13
1126.807,16
1126.882,11
1126.958,10
1127.034,10
1127.11,7
1127.186,8
1127.262,8
1127.337,9
1127.413,8
1127.489,10
1127.565,13
1127.641,12
1127.717,13
1127.792,14
1127.868,11
1127.944,12
1128.02,12
1128.096,10
1128.172,9
1128.248,8
1128.323,9
1128.399,8
1128.475,9
1128.551,8
1128.627,6
1128.703,6
1128.779,9
1128.855,12
1128.93,16
1129.006,15
1129.082,12
1129.158,11
1129.234,9
1129.31,11
1129.386,11
1129.462,8
1129.538,5
1129.613,3
1129.689,4
1129.765,8
1129.841,11
1129.917,16
1129.993,16
1130.069,14
1130.145,13
1130.221,10
1130.297,13
1130.373,10
1130.449,11
1130.525,9
1130.601,8
1130.676,10
1130.752,10
1130.828,12
1130.904,12
1130.98,15
1131.056,14
1131.132,14
1131.208,10
1131.284,8
1131.36,7
1131.436,7
1131.512,10
1131.588,12
1131.664,13
1131.74,16
1131.816,17
1131.892,15
1131.968,15
1132.044,16
1132.12,15
1132.196,15
1132.272,16
1132.348,14
1132.424,13
1132.5,12
1132.576,14
1132.652,15
1132.728,13
1132.804,14
1132.88,10
1132.956,8
1133.032,16
1133.108,13
1133.184,12
1133.26,13
1133.336,8
1133.412,13
1133.488,15
1133.564,16
1133.64,14
1133.716,13
1133.792,13
1133.869,10
1133.945,11
1134.021,8
1134.097,6
1134.173,8
1134.249,10
1134.325,13
1134.401,14
1134.477,20
1134.553,20
1134.629,18
1134.705,17
1134.781,14
1134.858,10
1134.934,8
1135.01,10
1135.086,5
1135.162,6
1135.238,6
1135.314,6
1135.39,10
1135.466,12
1135.542,15
1135.619,17
1135.695,19
1135.771,18
1135.847,21
1135.923,18
1135.999,13
1136.075,16
1136.151,15
1136.228,14
1136.304,20
1136.38,15
1136.456,10
1136.532,11
1136.608,8
1136.684,10
1136.761,14
1136.837,12
1136.913,12
1136.989,16
1137.065,15
1137.141,17
1137.218,14
1137.294,8
1137.37,7
1137.446,6
1137.522,8
1137.598,10
1137.675,12
1137.751,12
1137.827,16
1137.903,16
1137.979,14
1138.056,16
1138.132,13
1138.208,15
1138.284,15
1138.36,15
1138.437,16
1138.513,15
1138.589,15
1138.665,13
1138.741,13
1138.818,10
1138.894,12
1138.97,13
1139.046,12
1139.123,12
1139.199,10
1139.275,10
1139.351,8
1139.428,9
1139.504,13
1139.58,15
1139.656,18
1139.733,18
1139.809,14
1139.885,13
1139.961,14
1140.038,14
1140.114,14
1140.19,11
1140.266,8
1140.343,8
1140.419,7
1140.495,8
1140.572,9
1140.648,14
1140.724,18
1140.8,19
1140.877,18
1140.953,18
1141.029,17
1141.106,16
1141.182,14
1141.258,13
1141.334,11
1141.411,11
1141.487,10
1141.563,10
1141.64,11
1141.716,9
1141.792,9
1141.869,10
1141.945,11
1142.021,12
1142.098,14
1142.174,15
1142.25,16
1142.327,18
1142.403,19
1142.479,16
1142.556,18
1142.632,14
1142.708,13
1142.785,14
1142.861,11
1142.938,11
1143.014,10
1143.09,9
1143.167,7
1143.243,10
1143.319,13
1143.396,18
1143.472,16
1143.549,14
1143.625,15
1143.701,14
1143.778,18
1143.854,16
1143.931,12
1144.007,10
1144.083,12
1144.16,12
1144.236,15
1144.313,12
1144.389,6
1144.465,6
1144.542,4
1144.618,6
1144.695,8
1144.771,8
1144.848,8
1144.924,10
1145.00,10
1145.077,9
1145.153,9
1145.23,13
1145.306,16
1145.383,19
1145.459,23
1145.535,17
1145.612,14
1145.688,12
1145.765,9
1145.841,9
1145.918,10
1145.994,11
1146.071,11
1146.147,15
1146.224,13
1146.3,12
1146.377,10
1146.453,8
1146.53,9
1146.606,11
1146.683,15
1146.759,13
1146.836,14
1146.912,15
1146.989,13
1147.065,14
1147.142,13
1147.218,14
1147.295,8
1147.371,8
1147.448,8
1147.524,6
1147.601,9
1147.677,10
1147.754,9
1147.83,11
1147.907,13
1147.983,16
1148.06,17
1148.136,18
1148.213,20
1148.289,19
1148.366,21
1148.443,19
1148.519,16
1148.596,16
1148.672,19
1148.749,19
1148.825,22
1148.902,20
1148.978,17
1149.055,19
1149.132,16
1149.208,18
1149.285,14
1149.361,12
1149.438,15
1149.515,13
1149.591,11
1149.668,12
1149.744,10
1149.821,11
1149.897,13
1149.974,13
1150.051,11
1150.127,11
1150.204,11
1150.281,10
1150.357,12
1150.434,11
1150.51,11
1150.587,11
1150.664,9
1150.74,15
1150.817,15
1150.894,15
1150.97,16
1151.047,10
1151.123,9
1151.2,8
1151.277,7
1151.353,8
1151.43,11
1151.507,12
1151.583,11
1151.66,12
1151.737,10
1151.813,12
1151.89,12
1151.967,11
1152.043,10
1152.12,6
1152.197,6
1152.273,6
1152.35,5
1152.427,5
1152.503,7
1152.58,6
1152.657,8
1152.733,10
1152.81,10
1152.887,8
1152.964,8
1153.04,9
1153.117,9
1153.194,13
1153.27,13
1153.347,11
1153.424,12
1153.501,10
1153.577,10
1153.654,10
1153.731,14
1153.808,15
1153.884,17
1153.961,20
1154.038,18
1154.114,16
1154.191,12
1154.268,10
1154.345,8
1154.421,10
1154.498,12
1154.575,13
1154.652,14
1154.728,16
1154.805,17
1154.882,16
1154.959,13
1155.036,14
1155.112,15
1155.189,15
1155.266,16
1155.343,16
1155.419,17
1155.496,19
1155.573,19
1155.65,16
1155.727,13
1155.803,15
1155.88,13
1155.957,16
1156.034,15
1156.111,13
1156.187,16
1156.264,8
1156.341,10
1156.418,11
1156.495,9
1156.572,14
1156.648,15
1156.725,13
1156.802,14
1156.879,11
1156.956,13
1157.033,11
1157.109,12
1157.186,11
1157.263,10
1157.34,14
1157.417,14
1157.494,12
1157.571,7
1157.647,5
1157.724,4
1157.801,10
1157.878,15
1157.955,15
1158.032,15
1158.109,17
1158.186,16
1158.262,17
1158.339,17
1158.416,14
1158.493,15
1158.57,14
1158.647,13
1158.724,9
1158.801,6
1158.878,4
1158.954,4
1159.031,6
1159.108,9
1159.185,9
1159.262,11
1159.339,10
1159.416,6
1159.493,9
1159.57,10
1159.647,9
1159.724,16
1159.801,14
1159.878,17
1159.954,17
1160.031,15
1160.108,15
1160.185,15
1160.262,16
1160.339,12
1160.416,13
1160.493,8
1160.57,8
1160.647,6
1160.724,6
1160.801,6
1160.878,5
1160.955,6
1161.032,5
1161.109,5
1161.186,5
1161.263,11
1161.34,13
1161.417,14
1161.494,16
1161.571,13
1161.648,12
1161.725,13
1161.802,15
1161.879,13
1161.956,15
1162.033,16
1162.11,11
1162.187,9
1162.264,7
1162.341,6
1162.418,7
1162.495,8
1162.572,14
1162.649,14
1162.726,15
1162.803,18
1162.88,16
1162.957,16
1163.034,18
1163.111,20
1163.188,18
1163.265,16
1163.342,13
1163.419,9
1163.496,8
1163.574,7
1163.651,12
1163.728,15
1163.805,16
1163.882,17
1163.959,17
1164.036,15
1164.113,11
1164.19,14
1164.267,11
1164.344,14
1164.421,15
1164.498,15
1164.576,17
1164.653,18
1164.73,19
1164.807,14
1164.884,9
1164.961,5
1165.038,5
1165.115,7
1165.192,8
1165.27,8
1165.347,10
1165.424,11
1165.501,13
1165.578,13
1165.655,11
1165.732,12
1165.809,10
1165.887,13
1165.964,13
1166.041,13
1166.118,17
1166.195,16
1166.272,19
1166.349,23
1166.427,21
1166.504,26
1166.581,22
1166.658,21
1166.735,19
1166.812,11
1166.89,10
1166.967,10
1167.044,10
1167.121,10
1167.198,11
1167.276,9
1167.353,10
1167.43,13
1167.507,14
1167.584,13
1167.661,12
1167.739,13
1167.816,12
1167.893,12
1167.97,15
1168.048,14
1168.125,13
1168.202,12
1168.279,16
1168.356,14
1168.434,15
1168.511,16
1168.588,15
1168.665,12
1168.743,13
1168.82,14
1168.897,10
1168.974,9
1169.052,6
1169.129,7
1169.206,8
1169.283,11
1169.361,11
1169.438,13
1169.515,14
1169.592,13
1169.67,14
1169.747,14
1169.824,12
1169.901,16
1169.979,18
1170.056,21
1170.133,22
1170.211,19
1170.288,16
1170.365,10
1170.442,11
1170.52,8
1170.597,9
1170.674,10
1170.752,10
1170.829,12
1170.906,11
1170.983,10
1171.061,10
1171.138,12
1171.215,15
1171.293,16
1171.37,16
1171.447,18
1171.525,16
1171.602,13
1171.679,15
1171.757,14
1171.834,18
1171.911,19
1171.989,19
1172.066,18
1172.143,14
1172.221,16
1172.298,14
1172.376,11
1172.453,15
1172.53,13
1172.608,12
1172.685,12
1172.762,10
1172.84,9
1172.917,15
1172.994,17
1173.072,15
1173.149,17
1173.227,10
1173.304,8
1173.381,8
1173.459,7
1173.536,6
1173.614,5
1173.691,4
1173.768,4
1173.846,6
1173.923,7
1174.001,8
1174.078,7
1174.155,5
1174.233,5
1174.31,3
1174.388,4
1174.465,7
1174.543,11
1174.62,14
1174.697,14
1174.775,13
1174.852,10
1174.93,10
1175.007,12
1175.085,12
1175.162,12
1175.24,11
1175.317,11
1175.394,14
1175.472,13
1175.549,12
1175.627,13
1175.704,11
1175.782,12
1175.859,12
1175.937,10
1176.014,9
1176.092,8
1176.169,8
1176.247,8
1176.324,9
1176.402,14
1176.479,15
1176.557,16
1176.634,13
1176.712,8
1176.789,10
1176.867,9
1176.944,14
1177.022,16
1177.099,14
1177.177,12
1177.254,10
1177.332,12
1177.409,13
1177.487,15
1177.564,16
1177.642,19
1177.719,18
1177.797,16
1177.875,14
1177.952,9
1178.03,9
1178.107,7
1178.185,8
1178.262,7
1178.34,8
1178.417,8
1178.495,11
1178.573,11
1178.65,11
1178.728,13
1178.805,10
1178.883,9
1178.96,10
1179.038,9
1179.116,10
1179.193,13
1179.271,11
1179.348,15
1179.426,14
1179.503,14
1179.581,16
1179.659,11
1179.736,10
1179.814,10
1179.892,10
1179.969,13
1180.047,18
1180.124,14
1180.202,12
1180.28,9
1180.357,5
1180.435,7
1180.512,9
1180.59,9
1180.668,10
1180.745,10
1180.823,9
1180.901,13
1180.978,12
1181.056,13
1181.134,13
1181.211,9
1181.289,10
1181.367,11
1181.444,10
1181.522,11
1181.6,9
1181.677,7
1181.755,10
1181.833,11
1181.91,16
1181.988,17
1182.066,17
1182.143,21
1182.221,18
1182.299,19
1182.376,17
1182.454,16
1182.532,14
1182.609,16
1182.687,16
1182.765,14
1182.843,19
1182.92,15
1182.998,17
1183.076,16
1183.153,14
1183.231,10
1183.309,8
1183.387,10
1183.464,9
1183.542,11
1183.62,10
1183.698,9
1183.775,10
1183.853,9
1183.931,9
1184.009,12
1184.086,13
1184.164,17
1184.242,16
1184.32,13
1184.397,12
1184.475,13
1184.553,14
1184.631,16
1184.708,19
1184.786,13
1184.864,15
1184.942,16
1185.019,11
1185.097,14
1185.175,15
1185.253,13
1185.331,13
1185.408,15
1185.486,14
1185.564,14
1185.642,14
1185.72,15
1185.797,14
1185.875,14
1185.953,13
1186.031,10
1186.109,11
1186.186,10
1186.264,11
1186.342,10
1186.42,8
1186.498,13
1186.576,12
1186.653,11
1186.731,12
1186.809,11
1186.887,15
1186.965,16
1187.043,12
1187.12,12
1187.198,10
1187.276,8
1187.354,8
1187.432,6
1187.51,8
1187.588,11
1187.666,12
1187.743,11
1187.821,9
1187.899,9
1187.977,8
1188.055,9
1188.133,13
1188.211,11
1188.289,13
1188.366,14
1188.444,10
1188.522,9
1188.6,8
1188.678,9
1188.756,8
1188.834,9
1188.912,10
1188.99,8
1189.068,9
1189.146,10
1189.223,9
1189.301,9
1189.379,11
1189.457,11
1189.535,10
1189.613,12
1189.691,12
1189.769,10
1189.847,16
1189.925,19
1190.003,20
1190.081,20
1190.159,15
1190.237,14
1190.315,8
1190.393,13
1190.471,13
1190.548,12
1190.626,13
1190.704,10
1190.782,9
1190.86,7
1190.938,9
1191.016,8
1191.094,8
1191.172,13
1191.25,14
1191.328,13
1191.406,15
1191.484,13
1191.562,13
1191.64,15
1191.718,15
1191.796,17
1191.874,19
1191.952,19
1192.03,18
1192.108,14
1192.186,20
1192.264,24
1192.342,24
1192.42,24
1192.498,16
1192.576,14
1192.655,16
1192.733,15
1192.811,15
1192.889,13
1192.967,13
1193.045,10
1193.123,8
1193.201,5
1193.279,3
1193.357,5
1193.435,7
1193.513,8
1193.591,8
1193.669,8
1193.747,7
1193.825,11
1193.903,12
1193.982,13
1194.06,16
1194.138,15
1194.216,14
1194.294,15
1194.372,18
1194.45,17
1194.528,21
1194.606,20
1194.684,16
1194.762,16
1194.841,12
1194.919,11
1194.997,14
1195.075,13
1195.153,12
1195.231,11
1195.309,6
1195.387,6
1195.466,10
1195.544,10
1195.622,10
1195.7,12
1195.778,10
1195.856,14
1195.934,13
1196.012,11
1196.091,12
1196.169,8
1196.247,10
1196.325,8
1196.403,7
1196.481,12
1196.56,14
1196.638,15
1196.716,13
1196.794,11
1196.872,8
1196.95,12
1197.029,14
1197.107,14
1197.185,13
1197.263,14
1197.341,14
1197.42,12
1197.498,14
1197.576,11
1197.654,15
1197.732,17
1197.811,17
1197.889,19
1197.967,12
1198.045,11
1198.123,13
1198.202,9
1198.28,11
1198.358,9
1198.436,7
1198.515,10
1198.593,10
1198.671,9
1198.749,11
1198.827,9
1198.906,10
1198.984,14
1199.062,11
1199.14,14
1199.219,17
1199.297,16
1199.375,16
1199.453,15
1199.532,10
1199.61,7
1199.688,8
1199.767,5
1199.845,5
1199.923,5
1200.001,5
1200.08,5
1200.158,7
1200.236,8
1200.315,8
1200.393,12
1200.471,16
1200.549,17
1200.628,16
1200.706,18
1200.784,14
1200.863,13
1200.941,15
1201.019,13
1201.098,13
1201.176,18
1201.254,20
1201.333,20
1201.411,21
1201.489,17
1201.568,16
1201.646,14
1201.724,12
1201.803,10
1201.881,10
1201.959,12
1202.038,15
1202.116,15
1202.194,16
1202.273,17
1202.351,18
1202.429,16
1202.508,11
1202.586,8
1202.664,6
1202.743,12
1202.821,12
1202.9,14
1202.978,16
1203.056,13
1203.135,14
1203.213,17
1203.291,14
1203.37,13
1203.448,13
1203.527,14
1203.605,17
1203.683,19
1203.762,19
1203.84,17
1203.919,15
1203.997,10
1204.075,7
1204.154,5
1204.232,4
1204.311,3
1204.389,6
1204.468,9
1204.546,11
1204.624,11
1204.703,10
1204.781,14
1204.86,12
1204.938,11
1205.017,15
1205.095,13
1205.174,15
1205.252,18
1205.33,15
1205.409,12
1205.487,13
1205.566,12
1205.644,15
1205.723,16
1205.801,19
1205.88,19
1205.958,14
1206.037,10
1206.115,6
1206.194,5
1206.272,7
1206.351,7
1206.429,8
1206.508,9
1206.586,7
1206.665,10
1206.743,9
1206.822,12
1206.9,14
1206.979,18
1207.057,17
1207.136,14
1207.214,15
1207.293,11
1207.371,11
1207.45,14
1207.528,13
1207.607,7
1207.685,11
1207.764,8
1207.842,8
1207.921,8
1208.00,7
1208.078,10
1208.157,13
1208.235,13
1208.314,10
1208.392,10
1208.471,7
1208.549,10
1208.628,13
1208.707,10
1208.785,12
1208.864,14
1208.942,12
1209.021,11
1209.099,12
1209.178,12
1209.257,12
1209.335,12
1209.414,8
1209.492,4
1209.571,6
1209.65,8
1209.728,9
1209.807,13
1209.885,13
1209.964,14
1210.043,16
1210.121,14
1210.2,14
1210.278,14
1210.357,15
1210.436,17
1210.514,18
1210.593,17
1210.672,16
1210.75,14
1210.829,14
1210.907,14
1210.986,15
1211.065,14
1211.143,15
1211.222,16
1211.301,13
1211.379,15
1211.458,13
1211.537,12
1211.615,14
1211.694,18
1211.773,18
1211.851,23
1211.93,21
1212.009,17
1212.087,17
1212.166,14
1212.245,19
1212.323,19
1212.402,17
1212.481,16
1212.559,11
1212.638,12
1212.717,14
1212.796,14
1212.874,16
1212.953,12
1213.032,12
1213.11,14
1213.189,15
1213.268,21
1213.347,21
1213.425,19
1213.504,17
1213.583,16
1213.661,15
1213.74,17
1213.819,18
1213.898,18
1213.976,19
1214.055,18
1214.134,20
1214.213,18
1214.291,24
1214.37,22
1214.449,24
1214.528,25
1214.606,21
1214.685,24
1214.764,22
1214.843,17
1214.922,14
1215.00,10
1215.079,13
1215.158,21
1215.237,22
1215.315,23
1215.394,17
1215.473,13
1215.552,11
1215.631,9
1215.709,6
1215.788,2
1215.867,6
1215.946,8
1216.025,12
1216.103,12
1216.182,12
1216.261,11
1216.34,12
1216.419,16
1216.498,13
1216.576,13
1216.655,14
1216.734,17
1216.813,17
1216.892,18
1216.971,16
1217.049,12
1217.128,13
1217.207,12
1217.286,9
1217.365,7
1217.444,6
1217.522,6
1217.601,8
1217.68,7
1217.759,5
1217.838,7
1217.917,5
1217.996,8
1218.075,13
1218.153,14
1218.232,20
1218.311,20
1218.39,17
1218.469,15
1218.548,11
1218.627,18
1218.706,20
1218.785,22
1218.863,19
1218.942,9
1219.021,9
1219.1,6
1219.179,9
1219.258,9
1219.337,6
1219.416,6
1219.495,7
1219.574,8
1219.653,9
1219.732,10
1219.811,9
1219.889,12
1219.968,15
1220.047,14
1220.126,14
1220.205,17
1220.284,15
1220.363,15
1220.442,15
1220.521,10
1220.6,14
1220.679,17
1220.758,18
1220.837,18
1220.916,16
1220.995,15
1221.074,22
1221.153,21
1221.232,16
1221.311,14
1221.39,14
1221.469,22
1221.548,28
1221.627,31
1221.706,27
1221.785,22
1221.864,17
1221.943,14
1222.022,10
1222.101,6
1222.18,9
1222.259,12
1222.338,10
1222.417,10
1222.496,7
1222.575,9
1222.654,10
1222.733,12
1222.812,14
1222.891,16
1222.97,18
1223.049,20
1223.128,19
1223.207,14
1223.286,13
1223.365,18
1223.444,18
1223.523,18
1223.602,21
1223.681,13
1223.761,16
1223.84,13
1223.919,9
1223.998,12
1224.077,9
1224.156,12
1224.235,15
1224.314,15
1224.393,16
1224.472,14
1224.551,13
1224.63,15
1224.709,15
1224.789,17
1224.868,17
1224.947,12
1225.026,11
1225.105,10
1225.184,7
1225.263,12
1225.342,13
1225.421,16
1225.501,16
1225.58,10
1225.659,8
1225.738,10
1225.817,16
1225.896,15
1225.975,15
1226.055,10
1226.134,7
1226.213,13
1226.292,14
1226.371,14
1226.45,13
1226.529,12
1226.609,10
1226.688,9
1226.767,11
1226.846,8
1226.925,11
1227.004,17
1227.084,12
1227.163,12
1227.242,11
1227.321,13
1227.4,16
1227.479,16
1227.559,18
1227.638,12
1227.717,13
1227.796,13
1227.875,14
1227.955,11
1228.034,10
1228.113,12
1228.192,13
1228.271,16
1228.351,15
1228.43,13
1228.509,10
1228.588,9
1228.668,11
1228.747,15
1228.826,13
1228.905,17
1228.984,15
1229.064,11
1229.143,10
1229.222,5
1229.301,8
1229.381,8
1229.46,11
1229.539,11
1229.618,10
1229.698,13
1229.777,12
1229.856,14
1229.935,16
1230.015,18
1230.094,20
1230.173,23
1230.253,20
1230.332,18
1230.411,17
1230.49,17
1230.57,18
1230.649,13
1230.728,13
1230.808,12
1230.887,12
1230.966,13
1231.046,16
1231.125,17
1231.204,17
1231.283,19
1231.363,19
1231.442,17
1231.521,16
1231.601,14
1231.68,13
1231.759,11
1231.839,13
1231.918,11
1231.997,7
1232.077,12
1232.156,10
1232.235,12
1232.315,16
1232.394,12
1232.473,14
1232.553,11
1232.632,13
1232.711,13
1232.791,13
1232.87,15
1232.95,12
1233.029,13
1233.108,11
1233.188,9
1233.267,11
1233.346,10
1233.426,10
1233.505,12
1233.585,8
1233.664,12
1233.743,12
1233.823,15
1233.902,16
1233.982,23
1234.061,26
1234.14,24
1234.22,25
1234.299,20
1234.379,16
1234.458,12
1234.537,13
1234.617,13
1234.696,14
1234.776,18
1234.855,18
1234.935,17
1235.014,21
1235.093,19
1235.173,16
1235.252,14
1235.332,9
1235.411,12
1235.491,13
1235.57,13
1235.65,14
1235.729,8
1235.808,10
1235.888,13
1235.967,12
1236.047,13
1236.126,11
1236.206,8
1236.285,8
1236.365,9
1236.444,11
1236.524,14
1236.603,14
1236.683,18
1236.762,16
1236.842,19
1236.921,19
1237.001,19
1237.08,22
1237.16,17
1237.239,21
1237.319,19
1237.398,17
1237.478,14
1237.557,14
1237.637,10
1237.716,9
1237.796,12
1237.875,11
1237.955,12
1238.034,12
1238.114,10
1238.193,10
1238.273,12
1238.352,12
1238.432,16
1238.512,17
1238.591,22
1238.671,21
1238.75,16
1238.83,17
1238.909,10
1238.989,9
1239.068,10
1239.148,6
1239.228,7
1239.307,9
1239.387,10
1239.466,10
1239.546,11
1239.626,11
1239.705,9
1239.785,11
1239.864,15
1239.944,16
1240.023,15
1240.103,18
1240.183,23
1240.262,19
1240.342,25
1240.421,24
1240.501,17
1240.581,18
1240.66,19
1240.74,16
1240.82,14
1240.899,17
1240.979,15
1241.058,16
1241.138,13
1241.218,11
1241.297,7
1241.377,7
1241.457,9
1241.536,10
1241.616,14
1241.696,14
1241.775,14
1241.855,10
1241.935,6
1242.014,10
1242.094,7
1242.174,8
1242.253,13
1242.333,12
1242.413,12
1242.492,12
1242.572,13
1242.652,9
1242.731,10
1242.811,12
1242.891,5
1242.97,5
1243.05,9
1243.13,11
1243.209,14
1243.289,15
1243.369,15
1243.449,13
1243.528,12
1243.608,16
1243.688,14
1243.767,13
1243.847,15
1243.927,10
1244.007,11
1244.086,14
1244.166,14
1244.246,15
1244.326,12
1244.405,9
1244.485,10
1244.565,14
1244.645,17
1244.724,21
1244.804,23
1244.884,20
1244.964,22
1245.043,18
1245.123,15
1245.203,18
1245.283,16
1245.362,19
1245.442,21
1245.522,18
1245.602,12
1245.681,12
1245.761,8
1245.841,8
1245.921,9
1246.001,9
1246.08,11
1246.16,17
1246.24,18
1246.32,17
1246.4,16
1246.479,10
1246.559,10
1246.639,8
1246.719,10
1246.799,10
1246.878,7
1246.958,9
1247.038,7
1247.118,9
1247.198,11
1247.278,9
1247.357,11
1247.437,11
1247.517,8
1247.597,6
1247.677,3
1247.757,4
1247.837,7
1247.916,7
1247.996,11
1248.076,9
1248.156,10
1248.236,11
1248.316,10
1248.396,15
1248.475,18
1248.555,18
1248.635,16
1248.715,11
1248.795,7
1248.875,7
1248.955,7
1249.035,8
1249.115,8
1249.194,12
1249.274,12
1249.354,16
1249.434,15
1249.514,14
1249.594,11
1249.674,10
1249.754,11
1249.834,13
1249.914,15
1249.994,13
1250.073,16
1250.153,12
1250.233,12
1250.313,11
1250.393,8
1250.473,9
1250.553,8
1250.633,10
1250.713,8
1250.793,6
1250.873,8
1250.953,10
1251.033,12
1251.113,14
1251.193,15
1251.273,10
1251.353,11
1251.433,11
1251.513,11
1251.592,15
1251.672,16
1251.752,15
1251.832,14
1251.912,11
1251.992,12
1252.072,12
1252.152,11
1252.232,13
1252.312,8
1252.392,9
1252.472,8
1252.552,6
1252.632,8
1252.712,7
1252.792,8
1252.872,10
1252.952,10
1253.032,11
1253.112,12
1253.193,12
1253.273,13
1253.353,12
1253.433,11
1253.513,11
1253.593,10
1253.673,10
1253.753,13
1253.833,13
1253.913,12
1253.993,12
1254.073,14
1254.153,14
1254.233,15
1254.313,15
1254.393,11
1254.473,12
1254.553,12
1254.633,15
1254.713,15
1254.794,12
1254.874,14
1254.954,11
1255.034,9
1255.114,11
1255.194,12
1255.274,12
1255.354,13
1255.434,13
1255.514,12
1255.594,12
1255.675,10
1255.755,12
1255.835,8
1255.915,8
1255.995,18
1256.075,18
1256.155,20
1256.235,22
1256.316,19
1256.396,16
1256.476,16
1256.556,16
1256.636,17
1256.716,20
1256.796,20
1256.876,21
1256.957,13
1257.037,10
1257.117,6
1257.197,7
1257.277,7
1257.357,10
1257.438,10
1257.518,7
1257.598,8
1257.678,9
1257.758,9
1257.838,11
1257.919,10
1257.999,13
1258.079,18
1258.159,17
1258.239,18
1258.32,17
1258.4,14
1258.48,15
1258.56,13
1258.64,13
1258.721,14
1258.801,14
1258.881,16
1258.961,15
1259.041,12
1259.122,11
1259.202,9
1259.282,5
1259.362,6
1259.443,5
1259.523,6
1259.603,7
1259.683,9
1259.763,10
1259.844,15
1259.924,15
1260.004,15
1260.084,15
1260.165,11
1260.245,10
1260.325,10
1260.405,9
1260.486,8
1260.566,9
1260.646,7
1260.727,9
1260.807,10
1260.887,8
1260.967,9
1261.048,10
1261.128,11
1261.208,11
1261.288,9
1261.369,7
1261.449,3
1261.529,3
1261.61,5
1261.69,5
1261.77,7
1261.851,7
1261.931,5
1262.011,7
1262.092,10
1262.172,11
1262.252,14
1262.332,11
1262.413,9
1262.493,8
1262.573,5
1262.654,5
1262.734,5
1262.814,6
1262.895,7
1262.975,6
1263.055,3
1263.136,4
1263.216,3
1263.297,3
1263.377,7
1263.457,7
1263.538,11
1263.618,15
1263.698,14
1263.779,13
1263.859,10
1263.939,8
1264.02,7
1264.1,9
1264.181,10
1264.261,10
1264.341,10
1264.422,10
1264.502,11
1264.583,9
1264.663,8
1264.743,9
1264.824,8
1264.904,11
1264.985,11
1265.065,8
1265.145,8
1265.226,7
1265.306,10
1265.387,11
1265.467,11
1265.547,10
1265.628,9
1265.708,11
1265.789,11
1265.869,14
1265.95,14
1266.03,14
1266.111,12
1266.191,10
1266.271,16
1266.352,12
1266.432,14
1266.513,14
1266.593,10
1266.674,9
1266.754,9
1266.835,8
1266.915,7
1266.996,10
1267.076,14
1267.157,15
1267.237,18
1267.318,18
1267.398,15
1267.478,15
1267.559,17
1267.639,20
1267.72,19
1267.8,18
1267.881,15
1267.961,12
1268.042,12
1268.122,14
1268.203,14
1268.284,14
1268.364,17
1268.445,15
1268.525,17
1268.606,15
1268.686,10
1268.767,9
1268.847,8
1268.928,8
1269.008,6
1269.089,7
1269.169,7
1269.25,8
1269.33,9
1269.411,8
1269.492,8
1269.572,9
1269.653,11
1269.733,11
1269.814,8
1269.894,9
1269.975,11
1270.055,13
1270.136,16
1270.217,15
1270.297,16
1270.378,13
1270.458,14
1270.539,14
1270.62,11
1270.7,13
1270.781,12
1270.861,12
1270.942,12
1271.023,13
1271.103,11
1271.184,11
1271.264,13
1271.345,11
1271.426,12
1271.506,11
1271.587,10
1271.667,13
1271.748,13
1271.829,12
1271.909,14
1271.99,11
1272.071,10
1272.151,11
1272.232,8
1272.313,9
1272.393,7
1272.474,8
1272.555,8
1272.635,9
1272.716,13
1272.796,12
1272.877,12
1272.958,9
1273.038,6
1273.119,7
1273.2,9
1273.281,11
1273.361,13
1273.442,14
1273.523,11
1273.603,10
1273.684,9
1273.765,9
1273.845,11
1273.926,13
1274.007,15
1274.087,14
1274.168,14
1274.249,13
1274.33,16
1274.41,14
1274.491,14
1274.572,17
1274.652,14
1274.733,15
1274.814,16
1274.895,17
1274.975,16
1275.056,16
1275.137,15
1275.218,11
1275.298,14
1275.379,14
1275.46,15
1275.54,14
1275.621,11
1275.702,7
1275.783,3
1275.864,5
1275.944,5
1276.025,6
1276.106,8
1276.187,10
1276.267,8
1276.348,9
1276.429,9
1276.51,8
1276.59,10
1276.671,12
1276.752,14
1276.833,14
1276.914,13
1276.994,9
1277.075,8
1277.156,5
1277.237,5
1277.318,5
1277.398,4
1277.479,8
1277.56,10
1277.641,10
1277.722,10
1277.803,12
1277.883,10
1277.964,13
1278.045,16
1278.126,14
1278.207,18
1278.287,16
1278.368,15
1278.449,14
1278.53,13
1278.611,17
1278.692,15
1278.773,14
1278.853,14
1278.934,11
1279.015,14
1279.096,15
1279.177,13
1279.258,14
1279.339,13
1279.419,16
1279.5,16
1279.581,17
1279.662,15
1279.743,14
1279.824,13
1279.905,18
1279.986,20
1280.067,19
1280.147,18
1280.228,18
1280.309,20
1280.39,21
1280.471,23
1280.552,18
1280.633,14
1280.714,14
1280.795,13
1280.876,15
1280.957,16
1281.038,15
1281.118,16
1281.199,13
1281.28,8
1281.361,8
1281.442,5
1281.523,7
1281.604,12
1281.685,14
1281.766,15
1281.847,14
1281.928,13
1282.009,12
1282.09,11
1282.171,13
1282.252,16
1282.333,17
1282.414,18
1282.495,13
1282.576,6
1282.657,6
1282.738,7
1282.819,8
1282.9,11
1282.981,9
1283.061,9
1283.142,9
1283.223,8
1283.304,9
1283.385,11
1283.466,13
1283.547,17
1283.629,18
1283.71,15
1283.791,16
1283.872,15
1283.953,13
1284.034,13
1284.115,10
1284.196,10
1284.277,13
1284.358,16
1284.439,16
1284.52,14
1284.601,14
1284.682,11
1284.763,14
1284.844,12
1284.925,10
1285.006,11
1285.087,9
1285.168,10
1285.249,10
1285.33,10
1285.411,9
1285.492,10
1285.573,10
1285.655,12
1285.736,14
1285.817,15
1285.898,18
1285.979,18
1286.06,16
1286.141,18
1286.222,16
1286.303,13
1286.384,15
1286.465,12
1286.547,13
1286.628,17
1286.709,16
1286.79,16
1286.871,12
1286.952,12
1287.033,10
1287.114,10
1287.195,14
1287.277,12
1287.358,13
1287.439,17
1287.52,14
1287.601,13
1287.682,13
1287.763,7
1287.845,8
1287.926,10
1288.007,12
1288.088,12
1288.169,13
1288.25,9
1288.331,8
1288.413,12
1288.494,11
1288.575,11
1288.656,12
1288.737,16
1288.818,14
1288.9,18
1288.981,16
1289.062,11
1289.143,13
1289.224,14
1289.306,16
1289.387,13
1289.468,12
1289.549,7
1289.63,12
1289.712,11
1289.793,9
1289.874,10
1289.955,3
1290.036,7
1290.118,9
1290.199,11
1290.28,15
1290.361,21
1290.443,20
1290.524,21
1290.605,20
1290.686,15
1290.767,17
1290.849,15
1290.93,11
1291.011,9
1291.092,8
1291.174,13
1291.255,15
1291.336,12
1291.417,11
1291.499,7
1291.58,10
1291.661,11
1291.743,13
1291.824,11
1291.905,9
1291.986,16
1292.068,15
1292.149,14
1292.23,13
1292.312,10
1292.393,12
1292.474,13
1292.555,16
1292.637,13
1292.718,12
1292.799,10
1292.881,8
1292.962,7
1293.043,6
1293.125,9
1293.206,10
1293.287,12
1293.368,14
1293.45,12
1293.531,12
1293.612,13
1293.694,15
1293.775,11
1293.856,9
1293.938,10
1294.019,6
1294.1,7
1294.182,10
1294.263,10
1294.345,10
1294.426,11
1294.507,10
1294.589,7
1294.67,8
1294.751,8
1294.833,7
1294.914,8
1294.995,7
1295.077,8
1295.158,10
1295.24,12
1295.321,14
1295.402,14
1295.484,13
1295.565,17
1295.647,16
1295.728,14
1295.809,12
1295.891,7
1295.972,6
1296.054,7
1296.135,13
1296.216,14
1296.298,15
1296.379,13
1296.461,8
1296.542,7
1296.623,8
1296.705,10
1296.786,14
1296.868,18
1296.949,19
1297.031,22
1297.112,16
1297.194,13
1297.275,10
1297.356,7
1297.438,10
1297.519,11
1297.601,12
1297.682,15
1297.764,13
1297.845,11
1297.927,11
1298.008,8
1298.09,10
1298.171,10
1298.253,11
1298.334,11
1298.415,12
1298.497,14
1298.578,13
1298.66,16
1298.741,14
1298.823,12
1298.904,12
1298.986,12
1299.067,17
1299.149,17
1299.23,19
1299.312,15
1299.393,16
1299.475,13
1299.557,13
1299.638,15
1299.72,13
1299.801,15
1299.883,18
1299.964,23
1300.046,22
1300.127,21
1300.209,21
1300.29,15
1300.372,13
1300.453,15
1300.535,14
1300.616,10
1300.698,12
1300.78,12
1300.861,11
1300.943,13
1301.024,15
1301.106,14
1301.187,13
1301.269,14
1301.351,12
1301.432,11
1301.514,13
1301.595,15
1301.677,13
1301.759,13
1301.84,13
1301.922,18
1302.003,18
1302.085,17
1302.166,15
1302.248,8
1302.33,8
1302.411,12
1302.493,12
1302.575,17
1302.656,19
1302.738,20
1302.819,21
1302.901,18
1302.983,16
1303.064,15
1303.146,14
1303.228,12
1303.309,12
1303.391,12
1303.472,11
1303.554,14
1303.636,16
1303.717,14
1303.799,15
1303.881,14
1303.962,12
1304.044,14
1304.126,11
1304.207,10
1304.289,11
1304.371,10
1304.452,11
1304.534,9
1304.616,9
1304.697,11
1304.779,15
1304.861,17
1304.943,16
1305.024,16
1305.106,13
1305.188,12
1305.269,12
1305.351,12
1305.433,14
1305.514,12
1305.596,11
1305.678,10
1305.76,10
1305.841,10
1305.923,13
1306.005,16
1306.086,15
1306.168,15
1306.25,12
1306.332,9
1306.413,6
1306.495,11
1306.577,14
1306.659,13
1306.74,18
1306.822,16
1306.904,14
1306.986,13
1307.067,11
1307.149,10
1307.231,11
1307.313,14
1307.394,11
1307.476,11
1307.558,10
1307.64,11
1307.722,12
1307.803,10
1307.885,10
1307.967,8
1308.049,10
1308.131,12
1308.212,15
1308.294,13
1308.376,11
1308.458,12
1308.54,9
1308.621,10
1308.703,12
1308.785,8
1308.867,9
1308.949,9
1309.03,8
1309.112,10
1309.194,11
1309.276,10
1309.358,9
1309.44,9
1309.521,5
1309.603,10
1309.685,14
1309.767,14
1309.849,17
1309.931,13
1310.012,9
1310.094,7
1310.176,5
1310.258,6
1310.34,7
1310.422,10
1310.504,11
1310.585,12
1310.667,12
1310.749,9
1310.831,12
1310.913,18
1310.995,19
1311.077,18
1311.159,13
1311.241,9
1311.322,7
1311.404,8
1311.486,11
1311.568,11
1311.65,10
1311.732,12
1311.814,13
1311.896,11
1311.978,12
1312.06,11
1312.142,13
1312.223,16
1312.305,16
1312.387,14
1312.469,9
1312.551,9
1312.633,10
1312.715,11
1312.797,11
1312.879,13
1312.961,12
1313.043,12
1313.125,14
1313.207,8
1313.289,9
1313.371,11
1313.453,8
1313.535,9
1313.617,6
1313.699,5
1313.78,4
1313.862,7
1313.944,11
1314.026,11
1314.108,18
1314.19,19
1314.272,17
1314.354,18
1314.436,14
1314.518,11
1314.6,16
1314.682,19
1314.764,17
1314.846,17
1314.928,11
1315.01,10
1315.092,9
1315.174,9
1315.256,11
1315.338,13
1315.42,16
1315.502,15
1315.585,15
1315.667,15
1315.749,15
1315.831,17
1315.913,14
1315.995,14
1316.077,14
1316.159,16
1316.241,16
1316.323,14
1316.405,13
1316.487,9
1316.569,10
1316.651,10
1316.733,9
1316.815,10
1316.897,9
1316.979,7
1317.061,7
1317.144,6
1317.226,7
1317.308,11
1317.39,12
1317.472,13
1317.554,13
1317.636,11
1317.718,11
1317.8,11
1317.882,11
1317.965,10
1318.047,9
1318.129,10
1318.211,10
1318.293,10
1318.375,12
1318.457,9
1318.539,12
1318.621,14
1318.704,11
1318.786,13
1318.868,12
1318.95,12
1319.032,15
1319.114,15
1319.196,14
1319.279,19
1319.361,24
1319.443,27
1319.525,28
1319.607,23
1319.689,16
1319.771,12
1319.854,10
1319.936,9
1320.018,11
1320.1,10
1320.182,10
1320.265,9
1320.347,7
1320.429,8
1320.511,9
1320.593,10
1320.675,10
1320.758,11
1320.84,13
1320.922,15
1321.004,15
1321.086,11
1321.169,8
1321.251,11
1321.333,20
1321.415,20
1321.497,20
1321.58,18
1321.662,10
1321.744,9
1321.826,9
1321.909,7
1321.991,6
1322.073,7
1322.155,8
1322.238,6
1322.32,8
1322.402,8
1322.484,9
1322.567,13
1322.649,10
1322.731,12
1322.813,11
1322.896,9
1322.978,14
1323.06,14
1323.142,14
1323.225,16
1323.307,15
1323.389,12
1323.471,13
1323.554,10
1323.636,10
1323.718,11
1323.801,9
1323.883,12
1323.965,11
1324.048,11
1324.13,12
1324.212,13
1324.294,12
1324.377,12
1324.459,14
1324.541,12
1324.624,12
1324.706,15
1324.788,15
1324.871,18
1324.953,19
1325.035,20
1325.118,21
1325.2,16
1325.282,14
1325.365,10
1325.447,7
1325.529,9
1325.612,6
1325.694,9
1325.776,10
1325.859,11
1325.941,10
1326.023,7
1326.106,9
1326.188,13
1326.271,15
1326.353,19
1326.435,17
1326.518,15
1326.6,16
1326.682,17
1326.765,18
1326.847,17
1326.93,17
1327.012,14
1327.094,13
1327.177,13
1327.259,14
1327.342,15
1327.424,16
1327.506,14
1327.589,14
1327.671,13
1327.754,8
1327.836,10
1327.918,11
1328.001,11
1328.083,13
1328.166,12
1328.248,11
1328.331,14
1328.413,15
1328.495,14
1328.578,12
1328.66,11
1328.743,10
1328.825,11
1328.908,11
1328.99,11
1329.073,9
1329.155,10
1329.238,9
1329.32,8
1329.402,9
1329.485,11
1329.567,15
1329.65,17
1329.732,18
1329.815,15
1329.897,15
1329.98,18
1330.062,19
1330.145,16
1330.227,16
1330.31,10
1330.392,8
1330.475,9
1330.557,10
1330.64,11
1330.722,10
1330.805,11
1330.887,8
1330.97,7
1331.052,9
1331.135,13
1331.217,13
1331.3,19
1331.382,21
1331.465,22
1331.548,21
1331.63,17
1331.713,15
1331.795,11
1331.878,15
1331.96,12
1332.043,10
1332.125,11
1332.208,7
1332.29,9
1332.373,10
1332.456,7
1332.538,13
1332.621,15
1332.703,16
1332.786,17
1332.868,13
1332.951,13
1333.034,13
1333.116,16
1333.199,17
1333.281,15
1333.364,16
1333.447,12
1333.529,11
1333.612,14
1333.694,11
1333.777,10
1333.86,8
1333.942,4
1334.025,3
1334.107,6
1334.19,5
1334.273,7
1334.355,10
1334.438,10
1334.52,12
1334.603,12
1334.686,11
1334.768,12
1334.851,12
1334.934,13
1335.016,13
1335.099,11
1335.182,13
1335.264,11
1335.347,12
1335.43,12
1335.512,10
1335.595,8
1335.678,6
1335.76,8
1335.843,8
1335.926,8
1336.008,8
1336.091,7
1336.174,12
1336.256,14
1336.339,15
1336.422,15
1336.504,15
1336.587,15
1336.67,16
1336.752,16
1336.835,18
1336.918,21
1337.001,19
1337.083,20
1337.166,17
1337.249,12
1337.331,11
1337.414,8
1337.497,8
1337.58,6
1337.662,7
1337.745,9
1337.828,8
1337.911,10
1337.993,11
1338.076,10
1338.159,13
1338.241,15
1338.324,13
1338.407,13
1338.49,12
1338.572,13
1338.655,14
1338.738,14
1338.821,14
1338.904,10
1338.986,9
1339.069,9
1339.152,8
1339.235,8
1339.317,9
1339.4,12
1339.483,10
1339.566,14
1339.649,15
1339.731,14
1339.814,20
1339.897,21
1339.98,19
1340.063,17
1340.145,15
1340.228,11
1340.311,13
1340.394,12
1340.477,15
1340.559,14
1340.642,12
1340.725,11
1340.808,6
1340.891,5
1340.974,8
1341.056,9
1341.139,10
1341.222,12
1341.305,9
1341.388,7
1341.471,8
1341.553,7
1341.636,6
1341.719,7
1341.802,8
1341.885,12
1341.968,12
1342.051,15
1342.133,12
1342.216,13
1342.299,13
1342.382,13
1342.465,15
1342.548,11
1342.631,14
1342.714,10
1342.797,11
1342.879,8
1342.962,8
1343.045,11
1343.128,11
1343.211,16
1343.294,14
1343.377,15
1343.46,14
1343.543,12
1343.626,14
1343.708,14
1343.791,15
1343.874,19
1343.957,16
1344.04,16
1344.123,16
1344.206,10
1344.289,12
1344.372,13
1344.455,13
1344.538,15
1344.621,13
1344.704,9
1344.787,8
1344.87,9
1344.953,13
1345.035,12
1345.118,13
1345.201,13
1345.284,12
1345.367,15
1345.45,19
1345.533,20
1345.616,20
1345.699,21
1345.782,17
1345.865,18
1345.948,17
1346.031,15
1346.114,13
1346.197,10
1346.28,11
1346.363,16
1346.446,18
1346.529,13
1346.612,15
1346.695,13
1346.778,13
1346.861,17
1346.944,15
1347.027,13
1347.11,12
1347.193,12
1347.276,12
1347.359,11
1347.442,11
1347.525,8
1347.609,10
1347.692,11
1347.775,9
1347.858,9
1347.941,8
1348.024,8
1348.107,7
1348.19,12
1348.273,10
1348.356,10
1348.439,12
1348.522,8
1348.605,8
1348.688,9
1348.771,8
1348.854,10
1348.938,12
1349.021,13
1349.104,14
1349.187,15
1349.27,15
1349.353,14
1349.436,15
1349.519,11
1349.602,8
1349.685,8
1349.768,7
1349.852,6
1349.935,7
1350.018,8
1350.101,6
1350.184,12
1350.267,14
1350.35,12
1350.433,14
1350.517,13
1350.6,12
1350.683,13
1350.766,13
1350.849,11
1350.932,10
1351.015,10
1351.099,11
1351.182,10
1351.265,11
1351.348,12
1351.431,10
1351.514,10
1351.598,10
1351.681,9
1351.764,11
1351.847,13
1351.93,12
1352.013,11
1352.097,9
1352.18,11
1352.263,11
1352.346,12
1352.429,11
1352.513,8
1352.596,9
1352.679,8
1352.762,8
1352.845,5
1352.929,4
1353.012,3
1353.095,5
1353.178,7
1353.261,8
1353.345,8
1353.428,9
1353.511,9
1353.594,10
1353.678,15
1353.761,16
1353.844,17
1353.927,17
1354.01,25
1354.094,25
1354.177,28
1354.26,29
1354.343,17
1354.427,13
1354.51,8
1354.593,8
1354.676,9
1354.76,14
1354.843,15
1354.926,13
1355.01,16
1355.093,16
1355.176,13
1355.259,15
1355.343,11
1355.426,8
1355.509,8
1355.593,10
1355.676,16
1355.759,15
1355.842,16
1355.926,15
1356.009,10
1356.092,14
1356.176,15
1356.259,13
1356.342,16
1356.426,12
1356.509,12
1356.592,13
1356.676,14
1356.759,15
1356.842,12
1356.926,10
1357.009,7
1357.092,7
1357.176,9
1357.259,9
1357.342,14
1357.426,13
1357.509,15
1357.592,16
1357.676,9
1357.759,11
1357.842,8
1357.926,8
1358.009,8
1358.092,11
1358.176,11
1358.259,12
1358.343,13
1358.426,9
1358.509,9
1358.593,6
1358.676,7
1358.759,11
1358.843,10
1358.926,10
1359.01,13
1359.093,13
1359.176,13
1359.26,14
1359.343,13
1359.427,10
1359.51,14
1359.594,14
1359.677,11
1359.76,11
1359.844,13
1359.927,15
1360.011,16
1360.094,14
1360.178,7
1360.261,5
1360.344,4
1360.428,10
1360.511,12
1360.595,13
1360.678,14
1360.762,13
1360.845,12
1360.929,13
1361.012,10
1361.095,11
1361.179,18
1361.262,16
1361.346,17
1361.429,13
1361.513,6
1361.596,9
1361.68,10
1361.763,13
1361.847,15
1361.93,13
1362.014,12
1362.097,11
1362.181,7
1362.264,5
1362.348,6
1362.431,6
1362.515,8
1362.598,9
1362.682,9
1362.765,11
1362.849,12
1362.932,11
1363.016,14
1363.099,14
1363.183,15
1363.266,18
1363.35,15
1363.433,12
1363.517,9
1363.601,8
1363.684,9
1363.768,11
1363.851,12
1363.935,10
1364.018,10
1364.102,11
1364.185,10
1364.269,11
1364.353,10
1364.436,11
1364.52,15
1364.603,15
1364.687,17
1364.77,18
1364.854,15
1364.938,16
1365.021,18
1365.105,13
1365.188,12
1365.272,10
1365.356,7
1365.439,9
1365.523,9
1365.606,12
1365.69,12
1365.774,14
1365.857,15
1365.941,16
1366.024,18
1366.108,16
1366.192,18
1366.275,13
1366.359,10
1366.442,8
1366.526,10
1366.61,7
1366.693,9
1366.777,11
1366.861,7
1366.944,13
1367.028,13
1367.112,16
1367.195,17
1367.279,14
1367.363,14
1367.446,10
1367.53,14
1367.614,15
1367.697,13
1367.781,13
1367.865,11
1367.948,9
1368.032,10
1368.116,9
1368.199,8
1368.283,7
1368.367,5
1368.45,6
1368.534,4
1368.618,7
1368.701,8
1368.785,11
1368.869,14
1368.953,12
1369.036,12
1369.12,12
1369.204,11
1369.287,12
1369.371,14
1369.455,13
1369.539,12
1369.622,12
1369.706,12
1369.79,11
1369.874,9
1369.957,7
1370.041,5
1370.125,5
1370.208,6
1370.292,9
1370.376,8
1370.46,8
1370.544,10
1370.627,8
1370.711,8
1370.795,7
1370.879,5
1370.962,7
1371.046,6
1371.13,8
1371.214,15
1371.297,12
1371.381,15
1371.465,13
1371.549,6
1371.633,7
1371.716,5
1371.8,8
1371.884,7
1371.968,11
1372.052,13
1372.135,10
1372.219,13
1372.303,8
1372.387,6
1372.471,6
1372.554,4
1372.638,5
1372.722,6
1372.806,10
1372.89,13
1372.974,16
1373.057,23
1373.141,22
1373.225,21
1373.309,16
1373.393,11
1373.477,7
1373.561,7
1373.644,9
1373.728,8
1373.812,12
1373.896,11
1373.98,10
1374.064,10
1374.148,10
1374.231,9
1374.315,9
1374.399,11
1374.483,17
1374.567,19
1374.651,21
1374.735,22
1374.819,22
1374.902,23
1374.986,22
1375.07,18
1375.154,11
1375.238,10
1375.322,13
1375.406,13
1375.49,11
1375.574,11
1375.658,10
1375.742,10
1375.825,12
1375.909,11
1375.993,8
1376.077,9
1376.161,7
1376.245,8
1376.329,9
1376.413,8
1376.497,9
1376.581,10
1376.665,9
1376.749,11
1376.833,14
1376.917,12
1377.001,14
1377.085,13
1377.169,9
1377.253,9
1377.336,7
1377.42,7
1377.504,9
1377.588,10
1377.672,10
1377.756,12
1377.84,12
1377.924,13
1378.008,13
1378.092,15
1378.176,15
1378.26,12
1378.344,14
1378.428,12
1378.512,9
1378.596,11
1378.68,9
1378.764,8
1378.848,9
1378.932,7
1379.016,7
1379.1,5
1379.184,6
1379.268,8
1379.353,10
1379.437,11
1379.521,13
1379.605,11
1379.689,9
1379.773,10
1379.857,11
1379.941,15
1380.025,15
1380.109,16
1380.193,12
1380.277,11
1380.361,12
1380.445,9
1380.529,12
1380.613,13
1380.697,14
1380.781,17
1380.866,15
1380.95,13
1381.034,12
1381.118,15
1381.202,18
1381.286,17
1381.37,14
1381.454,10
1381.538,9
1381.622,11
1381.706,14
1381.791,16
1381.875,14
1381.959,16
1382.043,19
1382.127,22
1382.211,20
1382.295,17
1382.379,14
1382.463,11
1382.548,14
1382.632,11
1382.716,12
1382.8,10
1382.884,9
1382.968,10
1383.052,8
1383.137,10
1383.221,8
1383.305,9
1383.389,10
1383.473,8
1383.557,11
1383.642,12
1383.726,13
1383.81,16
1383.894,16
1383.978,14
1384.062,10
1384.147,9
1384.231,8
1384.315,10
1384.399,15
1384.483,15
1384.568,15
1384.652,11
1384.736,8
1384.82,6
1384.904,7
1384.989,9
1385.073,10
1385.157,10
1385.241,8
1385.325,8
1385.41,7
1385.494,9
1385.578,9
1385.662,14
1385.746,13
1385.831,15
1385.915,19
1385.999,12
1386.083,12
1386.168,9
1386.252,7
1386.336,12
1386.42,12
1386.505,17
1386.589,16
1386.673,17
1386.757,20
1386.842,16
1386.926,17
1387.01,15
1387.095,18
1387.179,15
1387.263,15
1387.347,19
1387.432,16
1387.516,13
1387.6,11
1387.684,6
1387.769,5
1387.853,6
1387.937,6
1388.022,7
1388.106,8
1388.19,9
1388.275,10
1388.359,13
1388.443,14
1388.528,12
1388.612,13
1388.696,10
1388.78,6
1388.865,9
1388.949,10
1389.033,9
1389.118,10
1389.202,9
1389.286,7
1389.371,7
1389.455,7
1389.539,8
1389.624,8
1389.708,8
1389.793,9
1389.877,10
1389.961,12
1390.046,12
1390.13,12
1390.214,11
1390.299,8
1390.383,6
1390.467,5
1390.552,4
1390.636,7
1390.721,11
1390.805,13
1390.889,12
1390.974,11
1391.058,9
1391.143,9
1391.227,9
1391.311,11
1391.396,10
1391.48,11
1391.565,13
1391.649,9
1391.733,12
1391.818,11
1391.902,9
1391.987,10
1392.071,9
1392.156,7
1392.24,10
1392.324,12
1392.409,12
1392.493,15
1392.578,14
1392.662,11
1392.747,12
1392.831,10
1392.915,9
1393.00,10
1393.084,7
1393.169,6
1393.253,8
1393.338,9
1393.422,9
1393.507,12
1393.591,11
1393.676,13
1393.76,15
1393.845,15
1393.929,14
1394.014,10
1394.098,7
1394.183,5
1394.267,6
1394.352,8
1394.436,12
1394.521,15
1394.605,13
1394.69,14
1394.774,11
1394.859,8
1394.943,8
1395.028,5
1395.112,7
1395.197,9
1395.281,9
1395.366,10
1395.45,10
1395.535,9
1395.619,10
1395.704,10
1395.788,8
1395.873,8
1395.957,10
1396.042,9
1396.127,13
1396.211,10
1396.296,9
1396.38,13
1396.465,13
1396.549,18
1396.634,18
1396.718,14
1396.803,10
1396.888,7
1396.972,9
1397.057,9
1397.141,8
1397.226,9
1397.311,6
1397.395,6
1397.48,8
1397.564,6
1397.649,5
1397.734,7
1397.818,10
1397.903,10
1397.987,11
1398.072,9
1398.157,6
1398.241,8
1398.326,10
1398.41,11
1398.495,10
1398.58,9
1398.664,7
1398.749,7
1398.834,9
1398.918,10
1399.003,9
1399.087,9
1399.172,8
1399.257,6
1399.341,13
1399.426,11
1399.511,11
1399.595,13
1399.68,9
1399.765,10
1399.849,14
1399.934,13
1400.019,11
1400.103,10
1400.188,6
1400.273,8
1400.357,7
1400.442,8
1400.527,9
1400.611,6
1400.696,6
1400.781,7
1400.866,6
1400.95,6
1401.035,6
1401.12,4
1401.204,6
1401.289,6
1401.374,6
1401.458,10
1401.543,15
1401.628,15
1401.713,16
1401.797,15
1401.882,11
1401.967,14
1402.052,14
1402.136,14
1402.221,13
1402.306,11
1402.39,10
1402.475,9
1402.56,8
1402.645,7
1402.729,11
1402.814,11
1402.899,10
1402.984,10
1403.069,6
1403.153,7
1403.238,9
1403.323,9
1403.408,11
1403.492,11
1403.577,11
1403.662,11
1403.747,11
1403.832,9
1403.916,7
1404.001,8
1404.086,6
1404.171,8
1404.255,7
1404.34,6
1404.425,8
1404.51,5
1404.595,8
1404.68,10
1404.764,10
1404.849,15
1404.934,13
1405.019,11
1405.104,9
1405.188,6
1405.273,7
1405.358,10
1405.443,11
1405.528,12
1405.613,11
1405.698,10
1405.782,10
1405.867,10
1405.952,8
1406.037,6
1406.122,7
1406.207,9
1406.291,10
1406.376,11
1406.461,12
1406.546,11
1406.631,13
1406.716,12
1406.801,9
1406.886,9
1406.97,13
1407.055,13
1407.14,13
1407.225,14
1407.31,13
1407.395,16
1407.48,16
1407.565,15
1407.65,11
1407.735,6
1407.819,8
1407.904,6
1407.989,5
1408.074,8
1408.159,13
1408.244,13
1408.329,16
1408.414,12
1408.499,10
1408.584,11
1408.669,15
1408.754,14
1408.839,14
1408.924,15
1409.008,10
1409.093,9
1409.178,7
1409.263,3
1409.348,1
1409.433,2
1409.518,3
1409.603,7
1409.688,8
1409.773,10
1409.858,15
1409.943,13
1410.028,20
1410.113,19
1410.198,16
1410.283,17
1410.368,23
1410.453,26
1410.538,23
1410.623,22
1410.708,12
1410.793,8
1410.878,9
1410.963,10
1411.048,10
1411.133,8
1411.218,8
1411.303,8
1411.388,8
1411.473,12
1411.558,13
1411.643,12
1411.728,16
1411.813,15
1411.898,16
1411.983,14
1412.068,13
1412.153,13
1412.238,14
1412.323,16
1412.408,14
1412.494,13
1412.579,12
1412.664,13
1412.749,11
1412.834,12
1412.919,9
1413.004,8
1413.089,8
1413.174,6
1413.259,7
1413.344,6
1413.429,7
1413.514,6
1413.599,9
1413.685,16
1413.77,19
1413.855,22
1413.94,22
1414.025,16
1414.11,14
1414.195,16
1414.28,14
1414.365,14
1414.45,11
1414.536,6
1414.621,6
1414.706,6
1414.791,11
1414.876,15
1414.961,15
1415.046,13
1415.131,10
1415.217,9
1415.302,9
1415.387,8
1415.472,11
1415.557,10
1415.642,8
1415.728,9
1415.813,7
1415.898,9
1415.983,9
1416.068,13
1416.153,12
1416.238,11
1416.324,13
1416.409,10
1416.494,9
1416.579,7
1416.664,6
1416.75,6
1416.835,10
1416.92,11
1417.005,11
1417.09,13
1417.175,12
1417.261,10
1417.346,11
1417.431,13
1417.516,14
1417.602,16
1417.687,18
1417.772,18
1417.857,16
1417.942,18
1418.028,19
1418.113,16
1418.198,14
1418.283,11
1418.369,8
1418.454,7
1418.539,6
1418.624,8
1418.709,8
1418.795,10
1418.88,16
1418.965,14
1419.05,13
1419.136,14
1419.221,15
1419.306,17
1419.392,16
1419.477,17
1419.562,13
1419.647,12
1419.733,14
1419.818,12
1419.903,12
1419.988,12
1420.074,12
1420.159,12
1420.244,10
1420.33,12
1420.415,9
1420.5,10
1420.586,12
1420.671,8
1420.756,10
1420.841,8
1420.927,12
1421.012,14
1421.097,17
1421.183,21
1421.268,17
1421.353,18
1421.439,14
1421.524,9
1421.609,7
1421.695,4
1421.78,6
1421.865,6
1421.951,8
1422.036,12
1422.121,13
1422.207,13
1422.292,11
1422.377,8
1422.463,8
1422.548,8
1422.634,14
1422.719,15
1422.804,15
1422.89,15
1422.975,11
1423.06,10
1423.146,7
1423.231,8
1423.317,8
1423.402,8
1423.487,10
1423.573,9
1423.658,7
1423.744,9
1423.829,10
1423.914,11
1424.00,11
1424.085,10
1424.171,10
1424.256,8
1424.341,11
1424.427,12
1424.512,10
1424.598,12
1424.683,10
1424.768,10
1424.854,11
1424.939,9
1425.025,8
1425.11,8
1425.196,7
1425.281,8
1425.367,10
1425.452,7
1425.537,8
1425.623,9
1425.708,8
1425.794,12
1425.879,13
1425.965,15
1426.05,18
1426.136,18
1426.221,17
1426.307,21
1426.392,17
1426.478,16
1426.563,14
1426.649,10
1426.734,15
1426.82,15
1426.905,15
1426.991,14
1427.076,12
1427.162,12
1427.247,16
1427.333,14
1427.418,14
1427.504,14
1427.589,11
1427.675,12
1427.76,13
1427.846,10
1427.931,10
1428.017,9
1428.102,7
1428.188,10
1428.273,11
1428.359,11
1428.444,8
1428.53,7
1428.616,4
1428.701,3
1428.787,4
1428.872,3
1428.958,6
1429.043,9
1429.129,11
1429.214,13
1429.3,11
1429.386,14
1429.471,14
1429.557,15
1429.642,15
1429.728,16
1429.813,15
1429.899,11
1429.985,13
1430.07,6
1430.156,9
1430.241,13
1430.327,16
1430.413,18
1430.498,13
1430.584,10
1430.669,5
1430.755,7
1430.841,9
1430.926,9
1431.012,10
1431.097,10
1431.183,13
1431.269,15
1431.354,13
1431.44,14
1431.526,14
1431.611,15
1431.697,16
1431.783,13
1431.868,11
1431.954,8
1432.04,9
1432.125,9
1432.211,8
1432.296,8
1432.382,7
1432.468,5
1432.553,6
1432.639,10
1432.725,10
1432.81,12
1432.896,16
1432.982,11
1433.068,11
1433.153,11
1433.239,6
1433.325,9
1433.41,11
1433.496,9
1433.582,11
1433.667,11
1433.753,10
1433.839,11
1433.925,11
1434.01,9
1434.096,7
1434.182,5
1434.267,3
1434.353,5
1434.439,6
1434.525,9
1434.61,10
1434.696,9
1434.782,12
1434.867,14
1434.953,12
1435.039,13
1435.125,12
1435.21,13
1435.296,17
1435.382,17
1435.468,15
1435.553,9
1435.639,7
1435.725,4
1435.811,3
1435.897,7
1435.982,6
1436.068,9
1436.154,11
1436.24,11
1436.325,12
1436.411,12
1436.497,10
1436.583,8
1436.669,9
1436.754,10
1436.84,12
1436.926,12
1437.012,13
1437.098,12
1437.183,10
1437.269,12
1437.355,10
1437.441,9
1437.527,10
1437.612,10
1437.698,10
1437.784,10
1437.87,11
1437.956,12
1438.042,13
1438.127,14
1438.213,14
1438.299,11
1438.385,8
1438.471,9
1438.557,9
1438.643,9
1438.728,10
1438.814,7
1438.9,6
1438.986,5
1439.072,5
1439.158,5
1439.244,6
1439.329,8
1439.415,7
1439.501,9
1439.587,9
1439.673,9
1439.759,12
1439.845,11
1439.931,11
1440.016,10
1440.102,8
1440.188,10
1440.274,10
1440.36,11
1440.446,13
1440.532,14
1440.618,15
1440.704,14
1440.79,16
1440.876,12
1440.961,12
1441.047,16
1441.133,14
1441.219,15
1441.305,14
1441.391,10
1441.477,9
1441.563,9
1441.649,7
1441.735,9
1441.821,8
1441.907,9
1441.993,11
1442.079,8
1442.165,8
1442.251,10
1442.337,10
1442.423,11
1442.509,12
1442.595,7
1442.681,7
1442.766,8
1442.852,8
1442.938,10
1443.024,13
1443.11,15
1443.196,19
1443.282,20
1443.368,20
1443.454,16
1443.54,10
1443.626,8
1443.712,4
1443.798,6
1443.884,7
1443.97,8
1444.056,8
1444.142,7
1444.228,12
1444.315,10
1444.401,13
1444.487,12
1444.573,13
1444.659,15
1444.745,18
1444.831,24
1444.917,17
1445.003,16
1445.089,15
1445.175,10
1445.261,10
1445.347,10
1445.433,11
1445.519,8
1445.605,7
1445.691,8
1445.777,8
1445.863,12
1445.949,17
1446.036,15
1446.122,17
1446.208,17
1446.294,16
1446.38,22
1446.466,16
1446.552,14
1446.638,12
1446.724,5
1446.81,6
1446.896,10
1446.983,8
1447.069,10
1447.155,11
1447.241,11
1447.327,11
1447.413,11
1447.499,10
1447.585,7
1447.672,11
1447.758,10
1447.844,11
1447.93,10
1448.016,9
1448.102,10
1448.188,8
1448.274,11
1448.361,12
1448.447,14
1448.533,17
1448.619,16
1448.705,13
1448.791,10
1448.878,8
1448.964,5
1449.05,4
1449.136,4
1449.222,5
1449.308,8
1449.395,10
1449.481,12
1449.567,11
1449.653,9
1449.739,10
1449.826,12
1449.912,14
1449.998,15
1450.084,14
1450.17,13
1450.257,10
1450.343,10
1450.429,9
1450.515,7
1450.601,10
1450.688,11
1450.774,10
1450.86,11
1450.946,11
1451.032,10
1451.119,13
1451.205,12
1451.291,11
1451.377,11
1451.464,13
1451.55,14
1451.636,10
1451.722,11
1451.809,7
1451.895,10
1451.981,10
1452.067,10
1452.154,12
1452.24,10
1452.326,10
1452.412,10
1452.499,7
1452.585,7
1452.671,8
1452.758,9
1452.844,15
1452.93,14
1453.016,16
1453.103,15
1453.189,11
1453.275,14
1453.362,12
1453.448,13
1453.534,13
1453.621,11
1453.707,10
1453.793,7
1453.879,6
1453.966,5
1454.052,6
1454.138,9
1454.225,8
1454.311,6
1454.397,11
1454.484,10
1454.57,10
1454.656,11
1454.743,8
1454.829,11
1454.915,13
1455.002,16
1455.088,14
1455.175,9
1455.261,10
1455.347,9
1455.434,9
1455.52,12
1455.606,10
1455.693,11
1455.779,11
1455.865,10
1455.952,12
1456.038,13
1456.125,13
1456.211,11
1456.297,12
1456.384,10
1456.47,7
1456.557,10
1456.643,11
1456.729,15
1456.816,15
1456.902,15
1456.989,15
1457.075,14
1457.161,12
1457.248,13
1457.334,14
1457.421,11
1457.507,13
1457.593,14
1457.68,12
1457.766,12
1457.853,16
1457.939,14
1458.026,15
1458.112,14
1458.199,12
1458.285,12
1458.371,9
1458.458,10
1458.544,9
1458.631,10
1458.717,11
1458.804,13
1458.89,14
1458.977,10
1459.063,8
1459.15,6
1459.236,2
1459.323,10
1459.409,13
1459.496,13
1459.582,13
1459.669,8
1459.755,9
1459.841,8
1459.928,10
1460.014,10
1460.101,7
1460.187,10
1460.274,8
1460.361,6
1460.447,6
1460.534,3
1460.62,4
1460.707,7
1460.793,8
1460.88,9
1460.966,11
1461.053,12
1461.139,17
1461.226,18
1461.312,19
1461.399,18
1461.485,16
1461.572,14
1461.658,14
1461.745,12
1461.832,10
1461.918,12
1462.005,8
1462.091,6
1462.178,7
1462.264,4
1462.351,5
1462.438,10
1462.524,12
1462.611,13
1462.697,13
1462.784,11
1462.87,8
1462.957,8
1463.044,7
1463.13,10
1463.217,12
1463.303,13
1463.39,17
1463.477,13
1463.563,10
1463.65,14
1463.736,12
1463.823,14
1463.91,16
1463.996,11
1464.083,13
1464.17,12
1464.256,8
1464.343,7
1464.429,4
1464.516,5
1464.603,10
1464.689,10
1464.776,10
1464.863,8
1464.949,7
1465.036,8
1465.123,12
1465.209,12
1465.296,11
1465.383,18
1465.469,16
1465.556,15
1465.643,13
1465.729,8
1465.816,8
1465.903,9
1465.989,10
1466.076,8
1466.163,7
1466.249,8
1466.336,10
1466.423,13
1466.509,14
1466.596,11
1466.683,8
1466.77,4
1466.856,6
1466.943,8
1467.03,9
1467.116,13
1467.203,10
1467.29,9
1467.377,8
1467.463,8
1467.55,9
1467.637,14
1467.723,22
1467.81,19
1467.897,20
1467.984,14
1468.07,8
1468.157,7
1468.244,7
1468.331,10
1468.417,11
1468.504,13
1468.591,16
1468.678,16
1468.764,11
1468.851,10
1468.938,7
1469.025,6
1469.112,9
1469.198,10
1469.285,12
1469.372,11
1469.459,10
1469.545,9
1469.632,10
1469.719,14
1469.806,16
1469.893,20
1469.979,17
1470.066,15
1470.153,16
1470.24,12
1470.327,11
1470.413,13
1470.5,8
1470.587,9
1470.674,13
1470.761,11
1470.848,15
1470.934,15
1471.021,13
1471.108,12
1471.195,9
1471.282,6
1471.369,8
1471.455,6
1471.542,10
1471.629,14
1471.716,10
1471.803,12
1471.89,7
1471.977,5
1472.063,6
1472.15,7
1472.237,9
1472.324,9
1472.411,9
1472.498,6
1472.585,5
1472.672,6
1472.758,8
1472.845,13
1472.932,15
1473.019,15
1473.106,15
1473.193,12
1473.28,12
1473.367,14
1473.454,13
1473.54,16
1473.627,19
1473.714,18
1473.801,17
1473.888,13
1473.975,8
1474.062,7
1474.149,7
1474.236,10
1474.323,10
1474.41,8
1474.497,9
1474.584,6
1474.671,9
1474.757,11
1474.844,14
1474.931,15
1475.018,17
1475.105,16
1475.192,16
1475.279,15
1475.366,13
1475.453,11
1475.54,6
1475.627,7
1475.714,4
1475.801,8
1475.888,10
1475.975,8
1476.062,7
1476.149,6
1476.236,6
1476.323,6
1476.41,7
1476.497,4
1476.584,6
1476.671,6
1476.758,10
1476.845,13
1476.932,11
1477.019,15
1477.106,17
1477.193,20
1477.28,25
1477.367,22
1477.454,17
1477.541,16
1477.628,12
1477.715,14
1477.802,12
1477.889,8
1477.976,7
1478.063,9
1478.15,12
1478.237,15
1478.324,18
1478.411,14
1478.499,13
1478.586,10
1478.673,6
1478.76,7
1478.847,11
1478.934,12
1479.021,11
1479.108,8
1479.195,3
1479.282,2
1479.369,3
1479.456,8
1479.543,8
1479.63,11
1479.718,12
1479.805,9
1479.892,10
1479.979,8
1480.066,8
1480.153,6
1480.24,6
1480.327,9
1480.414,9
1480.502,12
1480.589,17
1480.676,14
1480.763,13
1480.85,12
1480.937,11
1481.024,12
1481.111,10
1481.199,12
1481.286,13
1481.373,11
1481.46,12
1481.547,12
1481.634,12
1481.721,10
1481.809,11
1481.896,7
1481.983,8
1482.07,9
1482.157,10
1482.244,11
1482.332,9
1482.419,9
1482.506,8
1482.593,9
1482.68,7
1482.767,8
1482.855,7
1482.942,7
1483.029,6
1483.116,7
1483.203,8
1483.291,7
1483.378,9
1483.465,9
1483.552,8
1483.639,8
1483.727,11
1483.814,8
1483.901,9
1483.988,11
1484.076,12
1484.163,14
1484.25,14
1484.337,12
1484.424,9
1484.512,10
1484.599,8
1484.686,10
1484.773,9
1484.861,8
1484.948,10
1485.035,9
1485.122,7
1485.21,10
1485.297,10
1485.384,8
1485.471,12
1485.559,10
1485.646,12
1485.733,14
1485.821,14
1485.908,11
1485.995,11
1486.082,11
1486.17,12
1486.257,16
1486.344,17
1486.432,15
1486.519,13
1486.606,8
1486.693,6
1486.781,9
1486.868,8
1486.955,14
1487.043,18
1487.13,16
1487.217,16
1487.305,12
1487.392,10
1487.479,11
1487.567,13
1487.654,13
1487.741,13
1487.829,17
1487.916,16
1488.003,16
1488.091,15
1488.178,17
1488.265,14
1488.353,14
1488.44,14
1488.527,9
1488.615,12
1488.702,10
1488.79,10
1488.877,9
1488.964,6
1489.052,11
1489.139,11
1489.226,12
1489.314,13
1489.401,8
1489.489,8
1489.576,7
1489.663,10
1489.751,10
1489.838,9
1489.926,10
1490.013,7
1490.1,9
1490.188,9
1490.275,9
1490.363,6
1490.45,4
1490.537,5
1490.625,3
1490.712,5
1490.8,8
1490.887,7
1490.974,10
1491.062,9
1491.149,6
1491.237,6
1491.324,5
1491.412,5
1491.499,5
1491.587,5
1491.674,6
1491.761,10
1491.849,10
1491.936,11
1492.024,10
1492.111,8
1492.199,9
1492.286,8
1492.374,9
1492.461,8
1492.549,8
1492.636,8
1492.724,7
1492.811,7
1492.899,6
1492.986,5
1493.074,4
1493.161,8
1493.249,12
1493.336,14
1493.424,14
1493.511,13
1493.599,10
1493.686,12
1493.774,12
1493.861,9
1493.949,8
1494.036,7
1494.124,7
1494.211,7
1494.299,9
1494.386,11
1494.474,13
1494.561,14
1494.649,13
1494.736,12
1494.824,10
1494.912,10
1494.999,13
1495.087,12
1495.174,14
1495.262,13
1495.349,11
1495.437,9
1495.524,6
1495.612,5
1495.7,3
1495.787,5
1495.875,7
1495.962,11
1496.05,12
1496.137,9
1496.225,9
1496.313,5
1496.4,7
1496.488,12
1496.575,17
1496.663,18
1496.751,15
1496.838,13
1496.926,8
1497.013,10
1497.101,11
1497.189,10
1497.276,10
1497.364,7
1497.452,6
1497.539,8
1497.627,7
1497.714,8
1497.802,13
1497.89,13
1497.977,15
1498.065,19
1498.153,15
1498.24,11
1498.328,10
1498.416,11
1498.503,10
1498.591,14
1498.679,13
1498.766,14
1498.854,14
1498.942,10
1499.029,13
1499.117,12
1499.205,12
1499.292,13
1499.38,10
1499.468,8
1499.555,6
1499.643,5
1499.731,8
1499.818,8
1499.906,13
1499.994,17
1500.082,15
1500.169,15
1500.257,14
1500.345,11
1500.432,12
1500.52,15
1500.608,12
1500.695,13
1500.783,12
1500.871,11
1500.959,15
1501.046,14
1501.134,14
1501.222,13
1501.31,10
1501.397,10
1501.485,13
1501.573,11
1501.661,11
1501.748,13
1501.836,10
1501.924,10
1502.012,11
1502.099,9
1502.187,9
1502.275,12
1502.363,12
1502.45,13
1502.538,14
1502.626,12
1502.714,10
1502.802,13
1502.889,12
1502.977,14
1503.065,17
1503.153,14
1503.241,15
1503.328,13
1503.416,15
1503.504,13
1503.592,20
1503.68,15
1503.767,11
1503.855,13
1503.943,9
1504.031,13
1504.119,14
1504.206,14
1504.294,17
1504.382,15
1504.47,14
1504.558,14
1504.646,13
1504.733,13
1504.821,12
1504.909,10
1504.997,9
1505.085,11
1505.173,13
1505.261,17
1505.348,16
1505.436,13
1505.524,15
1505.612,13
1505.7,14
1505.788,17
1505.876,13
1505.963,12
1506.051,11
1506.139,12
1506.227,13
1506.315,11
1506.403,14
1506.491,12
1506.579,11
1506.667,12
1506.755,12
1506.842,8
1506.93,8
1507.018,10
1507.106,5
1507.194,8
1507.282,11
1507.37,11
1507.458,10
1507.546,9
1507.634,6
1507.722,9
1507.81,15
1507.897,16
1507.985,16
1508.073,16
1508.161,17
1508.249,19
1508.337,24
1508.425,22
1508.513,16
1508.601,13
1508.689,13
1508.777,13
1508.865,16
1508.953,15
1509.041,12
1509.129,9
1509.217,7
1509.305,6
1509.393,5
1509.481,8
1509.569,10
1509.657,11
1509.745,12
1509.833,11
1509.921,8
1510.009,11
1510.097,10
1510.185,9
1510.273,11
1510.361,10
1510.449,10
1510.537,12
1510.625,9
1510.713,10
1510.801,11
1510.889,9
1510.977,13
1511.065,13
1511.153,11
1511.241,12
1511.329,9
1511.417,11
1511.505,13
1511.593,13
1511.681,11
1511.769,11
1511.857,12
1511.945,14
1512.033,14
1512.121,10
1512.209,9
1512.298,10
1512.386,10
1512.474,10
1512.562,10
1512.65,8
1512.738,10
1512.826,12
1512.914,15
1513.002,13
1513.09,10
1513.178,12
1513.266,8
1513.355,11
1513.443,17
1513.531,17
1513.619,20
1513.707,21
1513.795,19
1513.883,17
1513.971,14
1514.059,14
1514.148,12
1514.236,10
1514.324,9
1514.412,8
1514.5,7
1514.588,9
1514.676,15
1514.764,13
1514.853,15
1514.941,18
1515.029,13
1515.117,12
1515.205,8
1515.293,4
1515.381,6
1515.47,9
1515.558,11
1515.646,13
1515.734,13
1515.822,13
1515.91,15
1515.999,12
1516.087,12
1516.175,10
1516.263,7
1516.351,8
1516.44,6
1516.528,10
1516.616,9
1516.704,10
1516.792,10
1516.881,7
1516.969,7
1517.057,6
1517.145,9
1517.233,10
1517.322,12
1517.41,14
1517.498,10
1517.586,9
1517.674,11
1517.763,7
1517.851,9
1517.939,9
1518.027,7
1518.116,9
1518.204,10
1518.292,7
1518.38,6
1518.469,7
1518.557,5
1518.645,9
1518.733,10
1518.822,11
1518.91,16
1518.998,16
1519.086,17
1519.175,15
1519.263,12
1519.351,14
1519.44,14
1519.528,13
1519.616,15
1519.704,9
1519.793,6
1519.881,7
1519.969,3
1520.058,6
1520.146,8
1520.234,9
1520.322,10
1520.411,11
1520.499,10
1520.587,9
1520.676,11
1520.764,10
1520.852,13
1520.941,15
1521.029,12
1521.117,12
1521.206,10
1521.294,13
1521.382,13
1521.471,12
1521.559,11
1521.647,6
1521.736,7
1521.824,6
1521.912,5
1522.001,4
1522.089,4
1522.177,8
1522.266,8
1522.354,9
1522.442,10
1522.531,7
1522.619,10
1522.708,15
1522.796,13
1522.884,13
1522.973,12
1523.061,6
1523.15,5
1523.238,6
1523.326,6
1523.415,7
1523.503,8
1523.591,7
1523.68,11
1523.768,11
1523.857,11
1523.945,12
1524.034,8
1524.122,12
1524.21,13
1524.299,15
1524.387,15
1524.476,13
1524.564,13
1524.653,10
1524.741,11
1524.829,12
1524.918,13
1525.006,12
1525.095,16
1525.183,11
1525.272,9
1525.36,9
1525.449,9
1525.537,11
1525.625,13
1525.714,17
1525.802,12
1525.891,11
1525.979,9
1526.068,6
1526.156,6
1526.245,11
1526.333,11
1526.422,10
1526.51,10
1526.599,5
1526.687,8
1526.776,8
1526.864,8
1526.953,11
1527.041,12
1527.13,11
1527.218,9
1527.307,4
1527.395,8
1527.484,9
1527.572,10
1527.661,14
1527.749,10
1527.838,11
1527.926,15
1528.015,16
1528.103,19
1528.192,19
1528.28,18
1528.369,17
1528.458,14
1528.546,9
1528.635,9
1528.723,8
1528.812,8
1528.9,10
1528.989,11
1529.077,10
1529.166,13
1529.255,13
1529.343,12
1529.432,14
1529.52,11
1529.609,12
1529.697,9
1529.786,11
1529.875,12
1529.963,9
1530.052,11
1530.14,14
1530.229,15
1530.318,15
1530.406,14
1530.495,7
1530.583,7
1530.672,7
1530.761,6
1530.849,7
1530.938,6
1531.026,8
1531.115,8
1531.204,8
1531.292,10
1531.381,8
1531.47,12
1531.558,14
1531.647,12
1531.736,12
1531.824,9
1531.913,6
1532.001,6
1532.09,6
1532.179,7
1532.267,10
1532.356,11
1532.445,11
1532.533,10
1532.622,6
1532.711,5
1532.799,5
1532.888,10
1532.977,12
1533.065,12
1533.154,11
1533.243,5
1533.331,4
1533.42,7
1533.509,12
1533.598,15
1533.686,16
1533.775,15
1533.864,15
1533.952,13
1534.041,15
1534.13,11
1534.219,7
1534.307,8
1534.396,7
1534.485,9
1534.573,13
1534.662,16
1534.751,14
1534.84,15
1534.928,14
1535.017,16
1535.106,17
1535.195,17
1535.283,17
1535.372,14
1535.461,16
1535.55,14
1535.638,9
1535.727,8
1535.816,7
1535.905,9
1535.993,12
1536.082,18
1536.171,18
1536.26,16
1536.348,17
1536.437,15
1536.526,13
1536.615,14
1536.704,11
1536.792,9
1536.881,14
1536.97,17
1537.059,19
1537.148,18
1537.236,12
1537.325,10
1537.414,9
1537.503,11
1537.592,13
1537.68,11
1537.769,14
1537.858,10
1537.947,12
1538.036,11
1538.125,7
1538.213,12
1538.302,11
1538.391,12
1538.48,14
1538.569,17
1538.658,16
1538.746,17
1538.835,17
1538.924,16
1539.013,17
1539.102,17
1539.191,16
1539.28,10
1539.368,10
1539.457,9
1539.546,10
1539.635,13
1539.724,12
1539.813,10
1539.902,10
1539.991,13
1540.079,13
1540.168,17
1540.257,17
1540.346,15
1540.435,14
1540.524,11
1540.613,10
1540.702,11
1540.791,11
1540.88,11
1540.968,15
1541.057,10
1541.146,15
1541.235,17
1541.324,15
1541.413,17
1541.502,13
1541.591,13
1541.68,12
1541.769,11
1541.858,10
1541.947,9
1542.036,8
1542.125,12
1542.214,14
1542.302,15
1542.391,16
1542.48,13
1542.569,9
1542.658,7
1542.747,5
1542.836,8
1542.925,14
1543.014,13
1543.103,16
1543.192,11
1543.281,7
1543.37,7
1543.459,5
1543.548,9
1543.637,9
1543.726,10
1543.815,12
1543.904,13
1543.993,14
1544.082,13
1544.171,11
1544.26,11
1544.349,10
1544.438,13
1544.527,12
1544.616,9
1544.705,16
1544.794,17
1544.883,19
1544.972,19
1545.061,16
1545.15,10
1545.239,11
1545.328,10
1545.417,9
1545.506,12
1545.596,13
1545.685,13
1545.774,10
1545.863,7
1545.952,9
1546.041,11
1546.13,12
1546.219,14
1546.308,12
1546.397,10
1546.486,10
1546.575,10
1546.664,8
1546.753,10
1546.842,12
1546.932,11
1547.021,13
1547.11,12
1547.199,9
1547.288,8
1547.377,4
1547.466,8
1547.555,10
1547.644,13
1547.733,16
1547.823,18
1547.912,16
1548.001,16
1548.09,18
1548.179,11
1548.268,15
1548.357,12
1548.446,10
1548.536,14
1548.625,13
1548.714,13
1548.803,11
1548.892,11
1548.981,9
1549.07,10
1549.16,9
1549.249,8
1549.338,9
1549.427,8
1549.516,9
1549.605,9
1549.695,8
1549.784,10
1549.873,10
1549.962,9
1550.051,12
1550.141,13
1550.23,15
1550.319,16
1550.408,14
1550.497,13
1550.586,15
1550.676,16
1550.765,14
1550.854,13
1550.943,12
1551.032,8
1551.122,10
1551.211,9
1551.3,9
1551.389,12
1551.479,13
1551.568,15
1551.657,15
1551.746,12
1551.835,10
1551.925,12
1552.014,12
1552.103,13
1552.192,14
1552.282,10
1552.371,12
1552.46,13
1552.549,11
1552.639,13
1552.728,11
1552.817,12
1552.906,13
1552.996,11
1553.085,10
1553.174,7
1553.264,5
1553.353,8
1553.442,8
1553.531,10
1553.621,12
1553.71,10
1553.799,9
1553.889,8
1553.978,10
1554.067,12
1554.156,14
1554.246,14
1554.335,12
1554.424,9
1554.514,7
1554.603,8
1554.692,6
1554.782,7
1554.871,7
1554.96,5
1555.05,6
1555.139,9
1555.228,8
1555.318,10
1555.407,9
1555.496,8
1555.586,10
1555.675,12
1555.764,12
1555.854,11
1555.943,13
1556.032,11
1556.122,12
1556.211,11
1556.3,12
1556.39,12
1556.479,15
1556.569,14
1556.658,10
1556.747,15
1556.837,14
1556.926,15
1557.015,15
1557.105,11
1557.194,10
1557.284,11
1557.373,11
1557.462,11
1557.552,11
1557.641,9
1557.731,13
1557.82,10
1557.909,12
1557.999,12
1558.088,9
1558.178,10
1558.267,13
1558.356,15
1558.446,15
1558.535,14
1558.625,12
1558.714,11
1558.804,10
1558.893,11
1558.983,11
1559.072,11
1559.161,10
1559.251,11
1559.34,10
1559.43,12
1559.519,14
1559.609,12
1559.698,9
1559.788,7
1559.877,5
1559.967,5
1560.056,7
1560.146,7
1560.235,7
1560.324,7
1560.414,7
1560.503,6
1560.593,7
1560.682,11
1560.772,9
1560.861,9
1560.951,9
1561.04,8
1561.13,8
1561.219,11
1561.309,13
1561.398,11
1561.488,14
1561.577,12
1561.667,15
1561.757,15
1561.846,21
1561.936,20
1562.025,14
1562.115,15
1562.204,10
1562.294,12
1562.383,12
1562.473,11
1562.562,6
1562.652,4
1562.741,7
1562.831,9
1562.921,12
1563.01,13
1563.1,13
1563.189,11
1563.279,10
1563.368,9
1563.458,8
1563.548,9
1563.637,15
1563.727,14
1563.816,14
1563.906,16
1563.995,10
1564.085,10
1564.175,8
1564.264,6
1564.354,7
1564.443,11
1564.533,12
1564.623,12
1564.712,11
1564.802,10
1564.891,11
1564.981,14
1565.071,14
1565.16,12
1565.25,9
1565.34,7
1565.429,8
1565.519,7
1565.608,8
1565.698,7
1565.788,7
1565.877,11
1565.967,11
1566.057,12
1566.146,10
1566.236,6
1566.326,6
1566.415,6
1566.505,7
1566.595,9
1566.684,10
1566.774,9
1566.864,9
1566.953,11
1567.043,14
1567.133,15
1567.222,19
1567.312,17
1567.402,13
1567.491,15
1567.581,16
1567.671,16
1567.761,17
1567.85,16
1567.94,12
1568.03,12
1568.119,10
1568.209,7
1568.299,5
1568.388,6
1568.478,6
1568.568,7
1568.658,8
1568.747,6
1568.837,7
1568.927,7
1569.017,15
1569.106,17
1569.196,20
1569.286,20
1569.376,14
1569.465,14
1569.555,11
1569.645,10
1569.735,10
1569.824,9
1569.914,11
1570.004,10
1570.094,10
1570.183,9
1570.273,8
1570.363,10
1570.453,8
1570.542,11
1570.632,11
1570.722,13
1570.812,16
1570.902,14
1570.991,18
1571.081,18
1571.171,17
1571.261,17
1571.351,12
1571.44,10
1571.53,8
1571.62,6
1571.71,5
1571.8,4
1571.889,2
1571.979,3
1572.069,5
1572.159,8
1572.249,12
1572.339,14
1572.428,16
1572.518,13
1572.608,13
1572.698,12
1572.788,12
1572.878,16
1572.967,16
1573.057,19
1573.147,18
1573.237,14
1573.327,14
1573.417,10
1573.507,9
1573.596,8
1573.686,5
1573.776,6
1573.866,6
1573.956,6
1574.046,6
1574.136,6
1574.226,8
1574.316,10
1574.405,12
1574.495,12
1574.585,10
1574.675,10
1574.765,12
1574.855,14
1574.945,18
1575.035,22
1575.125,22
1575.215,22
1575.304,18
1575.394,12
1575.484,9
1575.574,9
1575.664,10
1575.754,11
1575.844,10
1575.934,8
1576.024,6
1576.114,5
1576.204,9
1576.294,9
1576.384,12
1576.474,13
1576.564,14
1576.654,13
1576.744,13
1576.834,12
1576.923,10
1577.013,10
1577.103,7
1577.193,8
1577.283,8
1577.373,7
1577.463,8
1577.553,9
1577.643,7
1577.733,9
1577.823,10
1577.913,9
1578.003,9
1578.093,12
1578.183,18
1578.273,24
1578.363,23
1578.453,18
1578.543,13
1578.633,11
1578.723,10
1578.813,12
1578.903,9
1578.993,9
1579.083,16
1579.173,13
1579.263,14
1579.354,14
1579.444,12
1579.534,15
1579.624,14
1579.714,12
1579.804,11
1579.894,8
1579.984,6
1580.074,6
1580.164,6
1580.254,8
1580.344,12
1580.434,13
1580.524,15
1580.614,13
1580.704,13
1580.794,14
1580.885,11
1580.975,11
1581.065,7
1581.155,6
1581.245,8
1581.335,8
1581.425,10
1581.515,8
1581.605,6
1581.695,5
1581.785,9
1581.876,13
1581.966,14
1582.056,17
1582.146,13
1582.236,11
1582.326,12
1582.416,11
1582.506,9
1582.597,9
1582.687,10
1582.777,9
1582.867,10
1582.957,12
1583.047,10
1583.137,12
1583.228,12
1583.318,9
1583.408,8
1583.498,7
1583.588,8
1583.678,9
1583.768,12
1583.859,13
1583.949,13
1584.039,12
1584.129,11
1584.219,8
1584.31,7
1584.4,6
1584.49,7
1584.58,7
1584.67,10
1584.76,11
1584.851,9
1584.941,10
1585.031,6
1585.121,6
1585.211,5
1585.302,5
1585.392,8
1585.482,9
1585.572,10
1585.663,12
1585.753,12
1585.843,15
1585.933,16
1586.023,15
1586.114,15
1586.204,10
1586.294,13
1586.384,12
1586.475,13
1586.565,15
1586.655,13
1586.745,14
1586.836,16
1586.926,15
1587.016,14
1587.106,14
1587.197,10
1587.287,13
1587.377,12
1587.467,13
1587.558,13
1587.648,8
1587.738,7
1587.829,6
1587.919,7
1588.009,9
1588.099,13
1588.19,15
1588.28,16
1588.37,17
1588.461,14
1588.551,12
1588.641,10
1588.732,10
1588.822,9
1588.912,8
1589.002,6
1589.093,6
1589.183,8
1589.273,13
1589.364,16
1589.454,13
1589.544,12
1589.635,9
1589.725,7
1589.815,9
1589.906,13
1589.996,10
1590.086,9
1590.177,9
1590.267,6
1590.358,9
1590.448,11
1590.538,11
1590.629,11
1590.719,9
1590.809,8
1590.9,9
1590.99,7
1591.08,7
1591.171,7
1591.261,5
1591.352,7
1591.442,8
1591.532,7
1591.623,8
1591.713,9
1591.804,8
1591.894,12
1591.984,16
1592.075,15
1592.165,15
1592.256,10
1592.346,6
1592.436,6
1592.527,5
1592.617,8
1592.708,10
1592.798,10
1592.889,14
1592.979,13
1593.069,11
1593.16,11
1593.25,9
1593.341,10
1593.431,11
1593.522,11
1593.612,8
1593.703,14
1593.793,16
1593.883,18
1593.974,20
1594.064,20
1594.155,20
1594.245,18
1594.336,14
1594.426,10
1594.517,7
1594.607,4
1594.698,4
1594.788,5
1594.879,4
1594.969,6
1595.06,8
1595.15,7
1595.241,8
1595.331,9
1595.422,7
1595.512,15
1595.603,14
1595.693,15
1595.784,17
1595.874,11
1595.965,14
1596.055,16
1596.146,14
1596.236,15
1596.327,14
1596.417,11
1596.508,12
1596.598,12
1596.689,10
1596.779,10
1596.87,9
1596.961,11
1597.051,11
1597.142,10
1597.232,10
1597.323,8
1597.413,10
1597.504,11
1597.594,10
1597.685,8
1597.776,8
1597.866,6
1597.957,8
1598.047,11
1598.138,10
1598.228,11
1598.319,12
1598.41,8
1598.5,8
1598.591,8
1598.681,8
1598.772,8
1598.863,9
1598.953,11
1599.044,9
1599.134,11
1599.225,9
1599.316,10
1599.406,11
1599.497,11
1599.588,11
1599.678,10
1599.769,11
1599.859,9
