mz,abundance
700.03,521
700.09,499
700.149,519
700.209,543
700.268,576
700.328,605
700.388,699
700.447,832
700.507,1004
700.566,1194
700.626,1332
700.685,1402
700.745,1393
700.805,1329
700.864,1175
700.924,1021
700.983,873
701.043,725
701.103,640
701.162,597
701.222,547
701.281,539
701.341,560
701.401,587
701.46,658
701.52,730
701.579,808
701.639,874
701.699,910
701.758,888
701.818,839
701.877,754
701.937,646
701.997,568
702.056,492
702.116,452
702.176,451
702.235,472
702.295,491
702.355,540
702.414,623
702.474,760
702.533,956
702.593,1163
702.653,1294
702.712,1364
702.772,1302
702.832,1167
702.891,1039
702.951,872
703.011,731
703.07,601
703.13,502
703.19,437
703.25,438
703.309,467
703.369,514
703.429,569
703.488,651
703.548,735
703.608,816
703.667,893
703.727,923
703.787,908
703.846,845
703.906,757
703.966,682
704.026,629
704.085,592
704.145,559
704.205,541
704.265,559
704.324,603
704.384,683
704.444,818
704.503,1016
704.563,1233
704.623,1446
704.683,1604
704.742,1658
704.802,1616
704.862,1497
704.922,1292
704.981,1062
705.041,872
705.101,708
705.161,630
705.22,580
705.28,582
705.34,590
705.4,631
705.46,702
705.519,766
705.579,861
705.639,942
705.699,983
705.759,1000
705.818,983
705.878,927
705.938,809
705.998,718
706.058,621
706.117,550
706.177,515
706.237,491
706.297,512
706.357,556
706.416,641
706.476,776
706.536,971
706.596,1166
706.656,1359
706.716,1471
706.775,1442
706.835,1356
706.895,1202
706.955,1028
707.015,874
707.075,753
707.134,654
707.194,594
707.254,576
707.314,585
707.374,606
707.434,653
707.494,753
707.553,878
707.613,1002
707.673,1112
707.733,1110
707.793,1070
707.853,994
707.913,899
707.973,792
708.032,692
708.092,607
708.152,538
708.212,508
708.272,513
708.332,554
708.392,608
708.452,701
708.512,839
708.572,982
708.632,1133
708.691,1262
708.751,1280
708.811,1257
708.871,1154
708.931,1004
708.991,879
709.051,776
709.111,708
709.171,638
709.231,582
709.291,548
709.351,553
709.411,567
709.471,626
709.531,701
709.59,774
709.65,831
709.71,849
709.77,851
709.83,846
709.89,783
709.95,712
710.01,615
710.07,532
710.13,486
710.19,468
710.25,453
710.31,468
710.37,530
710.43,633
710.49,767
710.55,928
710.61,1089
710.67,1184
710.73,1205
710.79,1176
710.85,1062
710.91,924
710.97,805
711.03,686
711.09,606
711.15,538
711.21,498
711.27,496
711.33,530
711.39,615
711.45,724
711.51,855
711.57,958
711.631,1063
711.691,1125
711.751,1114
711.811,1032
711.871,904
711.931,763
711.991,654
712.051,581
712.111,551
712.171,541
712.231,562
712.291,578
712.351,609
712.411,695
712.471,761
712.531,908
712.592,1054
712.652,1158
712.712,1245
712.772,1247
712.832,1157
712.892,1019
712.952,868
713.012,707
713.072,611
713.132,552
713.193,515
713.253,508
713.313,516
713.373,530
713.433,560
713.493,622
713.553,708
713.613,800
713.673,836
713.734,853
713.794,817
713.854,751
713.914,697
713.974,633
714.034,596
714.094,559
714.155,540
714.215,537
714.275,562
714.335,600
714.395,682
714.455,818
714.516,974
714.576,1122
714.636,1257
714.696,1320
714.756,1296
714.816,1219
714.877,1074
714.937,914
714.997,784
715.057,661
715.117,576
715.178,523
715.238,502
715.298,492
715.358,502
715.418,553
715.479,584
715.539,657
715.599,758
715.659,836
715.719,864
715.78,862
715.84,854
715.9,794
715.96,728
716.021,646
716.081,552
716.141,496
716.201,482
716.261,495
716.322,530
716.382,580
716.442,720
716.502,895
716.563,1105
716.623,1329
716.683,1495
716.743,1596
716.804,1585
716.864,1496
716.924,1287
716.985,1085
717.045,900
717.105,748
717.165,662
717.226,591
717.286,576
717.346,565
717.407,594
717.467,674
717.527,764
717.587,835
717.648,911
717.708,965
717.768,951
717.829,898
717.889,842
717.949,742
718.01,660
718.07,599
718.13,547
718.19,518
718.251,500
718.311,507
718.371,546
718.432,645
718.492,795
718.552,946
718.613,1120
718.673,1278
718.733,1379
718.794,1414
718.854,1325
718.915,1174
718.975,992
719.035,841
719.096,736
719.156,675
719.216,646
719.277,635
719.337,658
719.397,696
719.458,750
719.518,841
719.579,951
719.639,1040
719.699,1137
719.76,1211
719.82,1216
719.881,1162
719.941,1054
720.001,923
720.062,810
720.122,702
720.183,632
720.243,570
720.303,570
720.364,592
720.424,687
720.485,824
720.545,1017
720.605,1244
720.666,1442
720.726,1594
720.787,1631
720.847,1576
720.908,1466
720.968,1297
721.029,1100
721.089,935
721.149,794
721.21,683
721.27,631
721.331,596
721.391,597
721.452,641
721.512,724
721.573,827
721.633,955
721.694,1040
721.754,1089
721.814,1068
721.875,998
721.935,908
721.996,801
722.056,707
722.117,622
722.177,559
722.238,550
722.298,577
722.359,650
722.419,709
722.48,815
722.54,934
722.601,1034
722.661,1146
722.722,1232
722.782,1240
722.843,1192
722.903,1058
722.964,875
723.025,728
723.085,607
723.146,524
723.206,489
723.267,474
723.327,484
723.388,550
723.448,615
723.509,696
723.569,786
723.63,878
723.69,935
723.751,966
723.812,930
723.872,865
723.933,775
723.993,673
724.054,614
724.114,514
724.175,466
724.236,451
724.296,443
724.357,481
724.417,568
724.478,670
724.539,817
724.599,952
724.66,1059
724.72,1146
724.781,1162
724.842,1092
724.902,959
724.963,827
725.023,700
725.084,604
725.145,550
725.205,505
725.266,478
725.326,495
725.387,538
725.448,586
725.508,652
725.569,748
725.63,826
725.69,876
725.751,914
725.812,866
725.872,782
725.933,687
725.993,606
726.054,546
726.115,514
726.175,497
726.236,476
726.297,491
726.357,527
726.418,579
726.479,677
726.539,804
726.6,948
726.661,1071
726.722,1142
726.782,1160
726.843,1080
726.904,938
726.964,796
727.025,673
727.086,585
727.146,536
727.207,516
727.268,495
727.328,537
727.389,586
727.45,650
727.511,746
727.571,859
727.632,965
727.693,1007
727.754,1039
727.814,990
727.875,919
727.936,816
727.996,697
728.057,606
728.118,518
728.179,469
728.239,453
728.3,461
728.361,505
728.422,588
728.482,722
728.543,917
728.604,1113
728.665,1269
728.725,1375
728.786,1347
728.847,1272
728.908,1148
728.969,986
729.029,846
729.09,725
729.151,630
729.212,581
729.273,560
729.333,572
729.394,625
729.455,695
729.516,809
729.577,934
729.637,1058
729.698,1122
729.759,1134
729.82,1115
729.881,1034
729.941,938
730.002,831
730.063,727
730.124,640
730.185,586
730.246,564
730.306,561
730.367,599
730.428,692
730.489,863
730.55,1073
730.611,1289
730.671,1487
730.732,1571
730.793,1568
730.854,1484
730.915,1314
730.976,1109
731.037,904
731.097,747
731.158,632
731.219,562
731.28,534
731.341,518
731.402,528
731.463,606
731.524,698
731.584,810
731.645,939
731.706,1015
731.767,1035
731.828,1002
731.889,937
731.95,825
732.011,719
732.072,652
732.133,571
732.194,526
732.254,523
732.315,526
732.376,551
732.437,646
732.498,756
732.559,882
732.62,1065
732.681,1216
732.742,1339
732.803,1413
732.864,1367
732.925,1244
732.986,1084
733.047,920
733.108,773
733.168,684
733.229,620
733.29,568
733.351,555
733.412,577
733.473,644
733.534,731
733.595,828
733.656,910
733.717,973
733.778,1005
733.839,1021
733.9,984
733.961,906
734.022,798
734.083,705
734.144,637
734.205,586
734.266,560
734.327,577
734.388,638
734.449,750
734.51,916
734.571,1159
734.632,1415
734.693,1633
734.754,1760
734.815,1732
734.876,1594
734.937,1383
734.998,1161
735.059,982
735.12,808
735.181,700
735.242,613
735.304,569
735.365,583
735.426,616
735.487,680
735.548,747
735.609,849
735.67,922
735.731,986
735.792,1019
735.853,985
735.914,931
735.975,852
736.036,781
736.097,688
736.158,638
736.219,618
736.281,617
736.342,671
736.403,734
736.464,841
736.525,980
736.586,1138
736.647,1295
736.708,1399
736.769,1405
736.83,1332
736.892,1207
736.953,1067
737.014,924
737.075,813
737.136,722
737.197,647
737.258,627
737.319,627
737.381,663
737.442,701
737.503,785
737.564,884
737.625,969
737.686,1071
737.747,1118
737.809,1072
737.87,1005
737.931,893
737.992,747
738.053,669
738.114,616
738.176,601
738.237,570
738.298,568
738.359,576
738.42,608
738.481,714
738.543,853
738.604,1006
738.665,1155
738.726,1247
738.787,1262
738.848,1201
738.91,1112
738.971,986
739.032,859
739.093,749
739.154,647
739.216,575
739.277,553
739.338,544
739.399,537
739.461,592
739.522,642
739.583,702
739.644,776
739.705,814
739.767,849
739.828,850
739.889,798
739.95,750
740.012,680
740.073,625
740.134,576
740.195,541
740.257,538
740.318,541
740.379,569
740.44,649
740.502,756
740.563,919
740.624,1105
740.685,1236
740.747,1325
740.808,1352
740.869,1239
740.931,1053
740.992,888
741.053,723
741.114,609
741.176,564
741.237,523
741.298,507
741.36,524
741.421,590
741.482,685
741.544,797
741.605,908
741.666,970
741.727,985
741.789,969
741.85,915
741.911,864
741.973,785
742.034,699
742.095,620
742.157,549
742.218,513
742.279,495
742.341,508
742.402,561
742.463,692
742.525,865
742.586,1067
742.647,1267
742.709,1406
742.77,1483
742.832,1444
742.893,1304
742.954,1100
743.016,892
743.077,736
743.138,642
743.2,595
743.261,582
743.323,557
743.384,576
743.445,653
743.507,737
743.568,862
743.629,978
743.691,1026
743.752,1035
743.814,1042
743.875,948
743.936,834
743.998,726
744.059,613
744.121,544
744.182,514
744.244,478
744.305,474
744.366,516
744.428,588
744.489,726
744.551,907
744.612,1112
744.674,1304
744.735,1451
744.796,1502
744.858,1465
744.919,1334
744.981,1128
745.042,927
745.104,773
745.165,666
745.227,603
745.288,588
745.35,604
745.411,644
745.472,708
745.534,821
745.595,904
745.657,991
745.718,1070
745.78,1075
745.841,1053
745.903,959
745.964,838
746.026,730
746.087,649
746.149,618
746.21,588
746.272,584
746.333,593
746.395,655
746.456,772
746.518,927
746.579,1115
746.641,1308
746.702,1466
746.764,1525
746.825,1508
746.887,1428
746.949,1252
747.01,1081
747.072,916
747.133,774
747.195,654
747.256,586
747.318,543
747.379,558
747.441,624
747.502,734
747.564,865
747.626,1020
747.687,1144
747.749,1227
747.81,1226
747.872,1160
747.933,1055
747.995,933
748.057,801
748.118,703
748.18,645
748.241,616
748.303,616
748.364,622
748.426,640
748.488,739
748.549,889
748.611,1087
748.672,1299
748.734,1443
748.796,1523
748.857,1497
748.919,1383
748.981,1212
749.042,1024
749.104,864
749.165,746
749.227,672
749.289,635
749.35,662
749.412,679
749.474,740
749.535,834
749.597,920
749.658,1032
749.72,1126
749.782,1163
749.843,1140
749.905,1041
749.967,917
750.028,785
750.09,654
750.152,565
750.213,497
750.275,474
750.337,489
750.398,540
750.46,616
750.522,723
750.583,892
750.645,1081
750.707,1229
750.769,1313
750.83,1286
750.892,1207
750.954,1062
751.015,909
751.077,751
751.139,616
751.2,527
751.262,474
751.324,470
751.386,502
751.447,560
751.509,666
751.571,793
751.632,916
751.694,1041
751.756,1117
751.818,1139
751.879,1102
751.941,1003
752.003,879
752.065,749
752.126,624
752.188,545
752.25,489
752.312,487
752.373,506
752.435,559
752.497,679
752.559,831
752.62,1016
752.682,1162
752.744,1254
752.806,1243
752.868,1155
752.929,1038
752.991,897
753.053,784
753.115,668
753.176,596
753.238,543
753.3,527
753.362,530
753.424,557
753.485,589
753.547,649
753.609,734
753.671,811
753.733,856
753.795,861
753.856,830
753.918,780
753.98,706
754.042,643
754.104,591
754.165,551
754.227,545
754.289,552
754.351,595
754.413,681
754.475,768
754.537,896
754.598,1053
754.66,1169
754.722,1282
754.784,1334
754.846,1275
754.908,1162
754.97,1016
755.031,858
755.093,739
755.155,639
755.217,570
755.279,556
755.341,564
755.403,612
755.465,694
755.526,784
755.588,866
755.65,937
755.712,982
755.774,953
755.836,897
755.898,826
755.96,734
756.022,633
756.084,575
756.145,505
756.207,455
756.269,458
756.331,467
756.393,526
756.455,648
756.517,782
756.579,938
756.641,1111
756.703,1242
756.765,1322
756.827,1348
756.889,1290
756.951,1144
757.013,985
757.074,804
757.136,651
757.198,556
757.26,522
757.322,516
757.384,515
757.446,532
757.508,573
757.57,638
757.632,723
757.694,805
757.756,879
757.818,919
757.88,909
757.942,860
758.004,763
758.066,682
758.128,623
758.19,588
758.252,595
758.314,595
758.376,657
758.438,736
758.5,868
758.562,1048
758.624,1216
758.686,1394
758.748,1481
758.81,1536
758.872,1500
758.934,1369
758.996,1193
759.058,1001
759.12,842
759.182,687
759.244,616
759.306,566
759.369,569
759.431,631
759.493,724
759.555,845
759.617,974
759.679,1079
759.741,1140
759.803,1166
759.865,1140
759.927,1047
759.989,929
760.051,785
760.113,687
760.175,621
760.237,582
760.3,567
760.362,554
760.424,597
760.486,694
760.548,827
760.61,1002
760.672,1204
760.734,1382
760.796,1513
760.858,1550
760.921,1521
760.983,1333
761.045,1140
761.107,986
761.169,820
761.231,734
761.293,664
761.355,626
761.418,650
761.48,722
761.542,836
761.604,977
761.666,1106
761.728,1246
761.79,1333
761.853,1355
761.915,1268
761.977,1119
762.039,979
762.101,829
762.163,739
762.226,694
762.288,657
762.35,635
762.412,650
762.474,724
762.536,839
762.599,1003
762.661,1168
762.723,1329
762.785,1438
762.847,1442
762.909,1397
762.972,1258
763.034,1081
763.096,911
763.158,768
763.22,671
763.283,621
763.345,616
763.407,641
763.469,686
763.532,744
763.594,841
763.656,960
763.718,1060
763.78,1104
763.843,1115
763.905,1047
763.967,926
764.029,826
764.092,720
764.154,660
764.216,636
764.278,645
764.341,663
764.403,704
764.465,784
764.527,865
764.59,979
764.652,1095
764.714,1206
764.777,1287
764.839,1314
764.901,1271
764.963,1161
765.026,995
765.088,836
765.15,715
765.212,626
765.275,580
765.337,568
765.399,582
765.462,610
765.524,684
765.586,745
765.649,821
765.711,894
765.773,920
765.835,919
765.898,868
765.96,799
766.022,719
766.085,651
766.147,588
766.209,557
766.272,537
766.334,537
766.396,570
766.459,622
766.521,719
766.583,866
766.646,1031
766.708,1194
766.771,1297
766.833,1332
766.895,1278
766.958,1164
767.02,1042
767.082,890
767.145,783
767.207,694
767.269,619
767.332,569
767.394,572
767.457,585
767.519,627
767.581,694
767.644,770
767.706,811
767.769,845
767.831,856
767.893,815
767.956,753
768.018,683
768.081,616
768.143,567
768.205,550
768.268,550
768.33,539
768.393,561
768.455,627
768.517,731
768.58,875
768.642,990
768.705,1103
768.767,1157
768.83,1171
768.892,1131
768.954,1008
769.017,873
769.079,738
769.142,637
769.204,593
769.267,577
769.329,570
769.392,565
769.454,599
769.517,681
769.579,795
769.642,891
769.704,988
769.766,1068
769.829,1052
769.891,1006
769.954,905
770.016,775
770.079,687
770.141,618
770.204,570
770.266,549
770.329,545
770.391,576
770.454,660
770.516,778
770.579,918
770.641,1084
770.704,1238
770.766,1329
770.829,1374
770.891,1315
770.954,1166
771.017,980
771.079,798
771.142,682
771.204,592
771.267,537
771.329,521
771.392,513
771.454,528
771.517,584
771.579,669
771.642,795
771.705,920
771.767,989
771.83,1037
771.892,1003
771.955,916
772.017,815
772.08,730
772.142,647
772.205,571
772.268,536
772.33,521
772.393,546
772.455,630
772.518,763
772.581,922
772.643,1075
772.706,1204
772.768,1308
772.831,1316
772.894,1279
772.956,1156
773.019,1010
773.081,851
773.144,720
773.207,633
773.269,568
773.332,563
773.394,548
773.457,563
773.52,615
773.582,664
773.645,757
773.708,846
773.77,893
773.833,923
773.896,888
773.958,797
774.021,705
774.084,616
774.146,556
774.209,535
774.272,525
774.334,532
774.397,565
774.46,662
774.522,795
774.585,971
774.648,1184
774.71,1380
774.773,1505
774.836,1543
774.898,1495
774.961,1332
775.024,1128
775.086,955
775.149,779
775.212,689
775.274,651
775.337,621
775.4,621
775.463,634
775.525,674
775.588,746
775.651,816
775.713,903
775.776,936
775.839,939
775.902,922
775.964,865
776.027,764
776.09,693
776.153,624
776.215,578
776.278,566
776.341,562
776.404,574
776.466,662
776.529,774
776.592,934
776.655,1122
776.717,1276
776.78,1400
776.843,1479
776.906,1402
776.968,1250
777.031,1066
777.094,885
777.157,739
777.219,666
777.282,625
777.345,589
777.408,593
777.471,613
777.533,674
777.596,753
777.659,835
777.722,923
777.785,998
777.847,1038
777.91,1014
777.973,949
778.036,853
778.099,740
778.161,634
778.224,564
778.287,519
778.35,494
778.413,528
778.476,600
778.538,689
778.601,824
778.664,982
778.727,1104
778.79,1188
778.853,1225
778.916,1199
778.978,1087
779.041,963
779.104,846
779.167,709
779.23,639
779.293,599
779.356,566
779.418,567
779.481,585
779.544,641
779.607,711
779.67,781
779.733,825
779.796,860
779.859,861
779.921,812
779.984,756
780.047,709
780.11,647
780.173,585
780.236,551
780.299,524
780.362,512
780.425,546
780.488,637
780.551,747
780.613,907
780.676,1072
780.739,1195
780.802,1247
780.865,1261
780.928,1192
780.991,1052
781.054,888
781.117,731
781.18,598
781.243,539
781.306,540
781.369,546
781.432,571
781.495,618
781.558,672
781.621,723
781.684,793
781.746,847
781.809,863
781.872,841
781.935,797
781.998,731
782.061,684
782.124,625
782.187,577
782.25,519
782.313,514
782.376,527
782.439,566
782.502,649
782.565,765
782.628,914
782.691,1066
782.754,1196
782.817,1237
782.88,1225
782.943,1140
783.006,995
783.069,874
783.132,780
783.195,681
783.258,623
783.321,594
783.385,559
783.448,573
783.511,623
783.574,695
783.637,777
783.7,853
783.763,899
783.826,888
783.889,882
783.952,834
784.015,756
784.078,680
784.141,589
784.204,518
784.267,484
784.33,482
784.393,508
784.456,580
784.52,676
784.583,833
784.646,998
784.709,1150
784.772,1256
784.835,1274
784.898,1203
784.961,1101
785.024,956
785.087,808
785.15,703
785.214,610
785.277,551
785.34,525
785.403,512
785.466,539
785.529,615
785.592,738
785.655,874
785.719,1009
785.782,1111
785.845,1137
785.908,1106
785.971,1043
786.034,899
786.097,787
786.161,713
786.224,615
786.287,588
786.35,583
786.413,590
786.476,651
786.539,756
786.603,901
786.666,1091
786.729,1260
786.792,1395
786.855,1439
786.918,1413
786.982,1296
787.045,1122
787.108,957
787.171,806
787.234,692
787.298,638
787.361,623
787.424,621
787.487,658
787.55,699
787.614,765
787.677,828
787.74,882
787.803,893
787.866,882
787.93,838
787.993,754
788.056,675
788.119,615
788.183,550
788.246,514
788.309,503
788.372,517
788.435,558
788.499,671
788.562,869
788.625,1111
788.688,1338
788.752,1561
788.815,1676
788.878,1702
788.941,1646
789.005,1492
789.068,1279
789.131,1055
789.195,892
789.258,736
789.321,689
789.384,666
789.448,649
789.511,664
789.574,714
789.637,795
789.701,886
789.764,978
789.827,1043
789.891,1053
789.954,991
790.017,928
790.081,818
790.144,725
790.207,663
790.271,593
790.334,577
790.397,586
790.46,639
790.524,724
790.587,869
790.65,1072
790.714,1269
790.777,1418
790.84,1522
790.904,1505
790.967,1405
791.03,1268
791.094,1068
791.157,885
791.221,760
791.284,673
791.347,627
791.411,625
791.474,681
791.537,748
791.601,853
791.664,972
791.727,1066
791.791,1122
791.854,1104
791.918,1059
791.981,964
792.044,858
792.108,787
792.171,711
792.234,666
792.298,617
792.361,619
792.425,643
792.488,678
792.551,793
792.615,930
792.678,1082
792.742,1241
792.805,1311
792.869,1298
792.932,1233
792.995,1143
793.059,995
793.122,883
793.186,768
793.249,646
793.313,591
793.376,563
793.439,589
793.503,629
793.566,711
793.63,807
793.693,898
793.757,988
793.82,1048
793.884,1033
793.947,964
794.011,880
794.074,767
794.137,683
794.201,618
794.264,569
794.328,551
794.391,539
794.455,570
794.518,617
794.582,712
794.645,842
794.709,981
794.772,1106
794.836,1160
794.899,1151
794.963,1079
795.026,970
795.09,822
795.153,720
795.217,652
795.28,612
795.344,621
795.407,648
795.471,696
795.534,768
795.598,841
795.661,902
795.725,954
795.789,966
795.852,944
795.916,891
795.979,813
796.043,734
796.106,658
796.17,616
796.233,558
796.297,515
796.36,478
796.424,491
796.488,543
796.551,639
796.615,784
796.678,942
796.742,1084
796.805,1188
796.869,1220
796.933,1164
796.996,1075
797.06,950
797.123,815
797.187,704
797.251,620
797.314,578
797.378,547
797.441,581
797.505,615
797.569,673
797.632,754
797.696,834
797.759,891
797.823,926
797.887,921
797.95,830
798.014,758
798.078,650
798.141,556
798.205,505
798.268,456
798.332,443
798.396,454
798.459,514
798.523,603
798.587,724
798.65,879
798.714,1034
798.778,1155
798.841,1215
798.905,1214
798.969,1120
799.032,992
799.096,853
799.16,738
799.223,645
799.287,594
799.351,587
799.414,588
799.478,619
799.542,659
799.605,738
799.669,821
799.733,886
799.797,948
799.86,954
799.924,917
799.988,850
800.051,754
800.115,649
800.179,556
800.242,497
800.306,456
800.37,457
800.434,502
800.497,597
800.561,724
800.625,889
800.689,1046
800.752,1163
800.816,1252
800.88,1266
800.944,1198
801.007,1053
801.071,897
801.135,747
801.199,638
801.262,574
801.326,535
801.39,528
801.454,537
801.517,587
801.581,647
801.645,704
801.709,765
801.772,828
801.836,862
801.9,870
801.964,843
802.028,755
802.091,661
802.155,576
802.219,501
802.283,472
802.347,467
802.41,496
802.474,565
802.538,691
802.602,833
802.666,1001
802.729,1156
802.793,1222
802.857,1257
802.921,1241
802.985,1185
803.049,1063
803.112,922
803.176,785
803.24,692
803.304,666
803.368,651
803.432,692
803.495,704
803.559,780
803.623,847
803.687,939
803.751,1017
803.815,1050
803.879,1073
803.942,1032
804.006,965
804.07,877
804.134,782
804.198,685
804.262,623
804.326,585
804.39,575
804.453,607
804.517,687
804.581,840
804.645,1009
804.709,1188
804.773,1338
804.837,1379
804.901,1371
804.965,1287
805.029,1141
805.092,958
805.156,795
805.22,681
805.284,593
805.348,579
805.412,575
805.476,607
805.54,660
805.604,744
805.668,836
805.732,923
805.796,992
805.86,1005
805.923,973
805.987,907
806.051,829
806.115,727
806.179,647
806.243,586
806.307,535
806.371,522
806.435,541
806.499,586
806.563,668
806.627,806
806.691,968
806.755,1128
806.819,1237
806.883,1243
806.947,1202
807.011,1080
807.075,938
807.139,795
807.203,692
807.267,594
807.331,527
807.395,512
807.459,508
807.523,543
807.587,602
807.651,687
807.715,784
807.779,863
807.843,916
807.907,912
807.971,885
808.035,811
808.099,719
808.163,630
808.227,559
808.291,532
808.355,509
808.419,506
808.483,533
808.547,605
808.611,709
808.676,863
808.74,994
808.804,1091
808.868,1128
808.932,1095
808.996,1002
809.06,898
809.124,784
809.188,684
809.252,600
809.316,553
809.38,524
809.444,555
809.509,621
809.573,671
809.637,742
809.701,831
809.765,892
809.829,928
809.893,937
809.957,884
810.021,803
810.085,742
810.15,687
810.214,625
810.278,573
810.342,545
810.406,531
810.47,601
810.534,670
810.598,786
810.663,926
810.727,1040
810.791,1132
810.855,1154
810.919,1109
810.983,1043
811.047,944
811.112,835
811.176,765
811.24,689
811.304,633
811.368,587
811.432,540
811.497,529
811.561,567
811.625,603
811.689,658
811.753,735
811.817,776
811.882,794
811.946,773
812.01,703
812.074,633
812.138,570
812.203,513
812.267,467
812.331,437
812.395,457
812.459,499
812.524,594
812.588,702
812.652,808
812.716,932
812.78,1036
812.845,1085
812.909,1105
812.973,1059
813.037,963
813.102,851
813.166,735
813.23,628
813.294,596
813.359,558
813.423,563
813.487,603
813.551,677
813.616,730
813.68,805
813.744,859
813.808,888
813.873,892
813.937,849
814.001,797
814.065,722
814.13,658
814.194,615
814.258,561
814.322,521
814.387,534
814.451,582
814.515,663
814.58,842
814.644,1047
814.708,1261
814.773,1475
814.837,1578
814.901,1585
814.965,1499
815.03,1313
815.094,1108
815.158,912
815.223,759
815.287,647
815.351,589
815.416,567
815.48,588
815.544,647
815.609,726
815.673,853
815.737,952
815.802,1049
815.866,1074
815.93,1045
815.995,968
816.059,868
816.123,777
816.188,688
816.252,614
816.316,545
816.381,543
816.445,580
816.51,680
816.574,816
816.638,985
816.703,1146
816.767,1319
816.831,1419
816.896,1447
816.96,1377
817.025,1237
817.089,1038
817.153,861
817.218,705
817.282,581
817.347,506
817.411,491
817.475,520
817.54,577
817.604,685
817.669,797
817.733,879
817.797,949
817.862,969
817.926,925
817.991,865
818.055,797
818.12,727
818.184,670
818.248,607
818.313,566
818.377,563
818.442,592
818.506,642
818.571,736
818.635,889
818.7,1062
818.764,1245
818.829,1375
818.893,1420
818.957,1348
819.022,1234
819.086,1085
819.151,926
819.215,798
819.28,681
819.344,585
819.409,532
819.473,512
819.538,529
819.602,593
819.667,678
819.731,779
819.796,881
819.86,950
819.925,982
819.989,955
820.054,863
820.118,775
820.183,699
820.247,633
820.312,601
820.376,577
820.441,605
820.505,694
820.57,798
820.634,920
820.699,1085
820.764,1253
820.828,1392
820.893,1453
820.957,1434
821.022,1290
821.086,1110
821.151,913
821.215,745
821.28,655
821.345,587
821.409,571
821.474,598
821.538,639
821.603,721
821.667,785
821.732,842
821.797,889
821.861,895
821.926,890
821.99,835
822.055,772
822.119,701
822.184,637
822.249,592
822.313,563
822.378,553
822.442,581
822.507,639
822.572,752
822.636,881
822.701,1002
822.766,1114
822.83,1194
822.895,1213
822.959,1196
823.024,1089
823.089,963
823.153,825
823.218,706
823.283,632
823.347,580
823.412,565
823.476,564
823.541,580
823.606,641
823.67,713
823.735,763
823.8,811
823.864,828
823.929,815
823.994,793
824.058,725
824.123,638
824.188,573
824.252,513
824.317,482
824.382,466
824.446,494
824.511,549
824.576,655
824.641,798
824.705,932
824.77,1044
824.835,1145
824.899,1155
824.964,1126
825.029,1033
825.093,907
825.158,790
825.223,674
825.288,597
825.352,537
825.417,501
825.482,488
825.547,524
825.611,578
825.676,654
825.741,723
825.805,780
825.87,828
825.935,787
826,741
826.064,687
826.129,600
826.194,576
826.259,552
826.323,522
826.388,520
826.453,545
826.518,622
826.583,727
826.647,873
826.712,1052
826.777,1204
826.842,1317
826.906,1340
826.971,1260
827.036,1108
827.101,955
827.166,815
827.23,708
827.295,648
827.36,597
827.425,585
827.49,621
827.554,677
827.619,773
827.684,858
827.749,970
827.814,1025
827.878,1026
827.943,975
828.008,875
828.073,761
828.138,671
828.203,576
828.267,523
828.332,494
828.397,490
828.462,505
828.527,582
828.592,688
828.656,779
828.721,931
828.786,1045
828.851,1145
828.916,1228
828.981,1251
829.046,1163
829.111,1023
829.175,884
829.24,735
829.305,665
829.37,624
829.435,587
829.5,594
829.565,653
829.63,729
829.694,824
829.759,909
829.824,938
829.889,933
829.954,901
830.019,828
830.084,765
830.149,702
830.214,638
830.279,579
830.344,578
830.408,587
830.473,611
830.538,681
830.603,795
830.668,939
830.733,1041
830.798,1164
830.863,1216
830.928,1187
830.993,1146
831.058,1026
831.123,883
831.188,756
831.253,637
831.318,583
831.383,565
831.448,582
831.512,635
831.577,710
831.642,830
831.707,949
831.772,1046
831.837,1097
831.902,1071
831.967,1041
832.032,957
832.097,867
832.162,781
832.227,684
832.292,612
832.357,556
832.422,553
832.487,551
832.552,610
832.617,720
832.682,878
832.747,1048
832.812,1201
832.877,1312
832.942,1313
833.007,1255
833.072,1158
833.137,1001
833.202,854
833.268,730
833.333,632
833.398,578
833.463,583
833.528,611
833.593,677
833.658,774
833.723,859
833.788,957
833.853,997
833.918,974
833.983,940
834.048,868
834.113,791
834.178,710
834.243,623
834.308,562
834.373,529
834.439,522
834.504,560
834.569,629
834.634,731
834.699,881
834.764,1048
834.829,1168
834.894,1218
834.959,1190
835.024,1069
835.09,915
835.155,778
835.22,660
835.285,575
835.35,522
835.415,513
835.48,537
835.545,593
835.61,665
835.676,723
835.741,794
835.806,830
835.871,850
835.936,839
836.001,806
836.066,732
836.132,643
836.197,571
836.262,514
836.327,522
836.392,537
836.457,581
836.522,666
836.588,748
836.653,897
836.718,1018
836.783,1116
836.848,1160
836.914,1148
836.979,1079
837.044,965
837.109,842
837.174,715
837.239,619
837.305,557
837.37,543
837.435,526
837.5,567
837.565,591
837.631,639
837.696,717
837.761,792
837.826,867
837.891,892
837.957,880
838.022,826
838.087,747
838.152,678
838.218,615
838.283,552
838.348,508
838.413,512
838.479,544
838.544,631
838.609,743
838.674,846
838.74,957
838.805,1047
838.87,1077
838.935,1036
839.001,973
839.066,868
839.131,762
839.196,685
839.262,625
839.327,609
839.392,589
839.457,593
839.523,616
839.588,657
839.653,738
839.719,803
839.784,893
839.849,967
839.914,973
839.98,946
840.045,880
840.11,784
840.176,694
840.241,627
840.306,587
840.372,565
840.437,588
840.502,628
840.568,741
840.633,900
840.698,1114
840.764,1306
840.829,1437
840.894,1499
840.96,1461
841.025,1326
841.09,1171
841.156,1014
841.221,832
841.286,724
841.352,631
841.417,548
841.482,524
841.548,540
841.613,586
841.678,655
841.744,738
841.809,818
841.875,878
841.94,914
842.005,909
842.071,862
842.136,785
842.201,729
842.267,676
842.332,617
842.398,593
842.463,574
842.528,583
842.594,676
842.659,820
842.725,991
842.79,1147
842.855,1255
842.921,1304
842.986,1276
843.052,1198
843.117,1042
843.183,888
843.248,757
843.313,668
843.379,610
843.444,581
843.51,576
843.575,617
843.641,704
843.706,803
843.772,888
843.837,983
843.902,1006
843.968,1010
844.033,974
844.099,869
844.164,779
844.23,686
844.295,610
844.361,568
844.426,584
844.492,627
844.557,696
844.623,820
844.688,961
844.754,1120
844.819,1257
844.885,1332
844.95,1332
845.016,1214
845.081,1065
845.147,879
845.212,723
845.278,603
845.343,540
845.409,522
845.474,529
845.54,585
845.605,652
845.671,742
845.736,851
845.802,908
845.867,960
845.933,984
845.998,933
846.064,864
846.129,785
846.195,673
846.26,609
846.326,574
846.392,543
846.457,561
846.523,618
846.588,704
846.654,817
846.719,999
846.785,1166
846.85,1294
846.916,1370
846.982,1335
847.047,1214
847.113,1059
847.178,889
847.244,746
847.31,649
847.375,592
847.441,545
847.506,540
847.572,566
847.637,620
847.703,704
847.769,809
847.834,891
847.9,903
847.966,889
848.031,827
848.097,779
848.162,719
848.228,676
848.294,628
848.359,594
848.425,596
848.491,630
848.556,730
848.622,846
848.687,1005
848.753,1169
848.819,1296
848.884,1352
848.95,1367
849.016,1282
849.081,1154
849.147,993
849.213,806
849.278,683
849.344,604
849.41,571
849.475,587
849.541,635
849.607,721
849.672,807
849.738,895
849.804,944
849.869,977
849.935,963
850.001,900
850.066,846
850.132,750
850.198,686
850.264,611
850.329,571
850.395,550
850.461,546
850.526,589
850.592,662
850.658,761
850.724,887
850.789,989
850.855,1069
850.921,1068
850.986,979
851.052,890
851.118,785
851.184,688
851.249,623
851.315,584
851.381,552
851.447,519
851.512,538
851.578,555
851.644,580
851.71,630
851.775,711
851.841,772
851.907,805
851.973,806
852.039,752
852.104,684
852.17,600
852.236,536
852.302,512
852.367,485
852.433,490
852.499,538
852.565,625
852.631,736
852.696,883
852.762,1022
852.828,1123
852.894,1166
852.96,1144
853.025,1067
853.091,958
853.157,842
853.223,734
853.289,651
853.354,623
853.42,633
853.486,646
853.552,683
853.618,734
853.684,789
853.749,849
853.815,906
853.881,939
853.947,940
854.013,909
854.079,816
854.145,709
854.21,624
854.276,541
854.342,513
854.408,505
854.474,503
854.54,560
854.606,660
854.672,789
854.737,941
854.803,1066
854.869,1135
854.935,1127
855.001,1057
855.067,965
855.133,835
855.199,732
855.264,652
855.33,601
855.396,572
855.462,569
855.528,597
855.594,637
855.66,705
855.726,769
855.792,828
855.858,867
855.924,878
855.99,838
856.055,758
856.121,689
856.187,594
856.253,565
856.319,524
856.385,496
856.451,499
856.517,553
856.583,628
856.649,755
856.715,929
856.781,1106
856.847,1255
856.913,1359
856.979,1379
857.045,1284
857.111,1157
857.177,1001
857.243,845
857.309,748
857.375,691
857.441,661
857.507,668
857.573,705
857.639,739
857.705,787
857.771,844
857.837,879
857.903,901
857.969,869
858.035,822
858.101,741
858.167,661
858.233,612
858.299,586
858.365,574
858.431,561
858.497,561
858.563,614
858.629,724
858.695,847
858.761,997
858.827,1103
858.893,1150
858.959,1131
859.025,1066
859.091,939
859.157,808
859.223,687
859.289,584
859.355,525
859.421,500
859.487,510
859.553,539
859.619,604
859.686,705
859.752,823
859.818,929
859.884,986
859.95,955
860.016,914
860.082,841
860.148,726
860.214,656
860.28,576
860.346,502
860.412,459
860.479,484
860.545,551
860.611,658
860.677,801
860.743,956
860.809,1071
860.875,1154
860.941,1191
861.007,1119
861.074,1016
861.14,897
861.206,781
861.272,705
861.338,648
861.404,606
861.47,581
861.537,608
861.603,643
861.669,706
861.735,782
861.801,840
861.867,895
861.933,947
862,939
862.066,854
862.132,750
862.198,652
862.264,573
862.33,525
862.397,529
862.463,542
862.529,578
862.595,663
862.661,776
862.728,902
862.794,1046
862.86,1148
862.926,1192
862.992,1170
863.058,1088
863.125,959
863.191,843
863.257,723
863.323,629
863.39,594
863.456,568
863.522,577
863.588,615
863.654,699
863.721,795
863.787,898
863.853,994
863.919,1009
863.986,966
864.052,903
864.118,791
864.184,696
864.251,637
864.317,584
864.383,549
864.449,554
864.516,586
864.582,662
864.648,800
864.714,923
864.781,1063
864.847,1165
864.913,1188
864.979,1147
865.046,1057
865.112,958
865.178,850
865.245,750
865.311,650
865.377,592
865.443,559
865.51,553
865.576,569
865.642,584
865.709,643
865.775,676
865.841,712
865.908,707
865.974,674
866.04,627
866.107,571
866.173,532
866.239,503
866.306,505
866.372,520
866.438,559
866.505,609
866.571,684
866.637,759
866.704,838
866.77,924
866.836,978
866.903,1011
866.969,997
867.035,935
867.102,828
867.168,732
867.234,652
867.301,568
867.367,527
867.433,486
867.5,479
867.566,504
867.633,547
867.699,610
867.765,675
867.832,725
867.898,760
867.965,797
868.031,783
868.097,734
868.164,678
868.23,608
868.297,559
868.363,544
868.429,555
868.496,565
868.562,598
868.629,692
868.695,811
868.761,949
868.828,1087
868.894,1145
868.961,1126
869.027,1064
869.094,947
869.16,811
869.226,707
869.293,610
869.359,551
869.426,528
869.492,538
869.559,574
869.625,662
869.692,749
869.758,797
869.825,846
869.891,840
869.957,804
870.024,766
870.09,706
870.157,623
870.223,552
870.29,517
870.356,500
870.423,501
870.489,545
870.556,634
870.622,736
870.689,874
870.755,1021
870.822,1146
870.888,1227
870.955,1261
871.021,1177
871.088,1038
871.154,894
871.221,765
871.287,679
871.354,615
871.42,575
871.487,577
871.553,597
871.62,662
871.687,748
871.753,825
871.82,877
871.886,909
871.953,897
872.019,862
872.086,799
872.152,695
872.219,594
872.285,505
872.352,459
872.419,447
872.485,477
872.552,532
872.618,615
872.685,731
872.751,859
872.818,995
872.885,1111
872.951,1157
873.018,1131
873.084,1060
873.151,935
873.218,817
873.284,727
873.351,649
873.417,572
873.484,555
873.551,580
873.617,632
873.684,714
873.75,792
873.817,877
873.884,915
873.95,935
874.017,913
874.084,844
874.15,787
874.217,718
874.283,648
874.35,595
874.417,562
874.483,551
874.55,590
874.617,675
874.683,811
874.75,965
874.817,1115
874.883,1241
874.95,1298
875.017,1311
875.083,1176
875.15,1019
875.217,844
875.283,695
875.35,614
875.417,575
875.483,554
875.55,577
875.617,637
875.683,711
875.75,790
875.817,839
875.883,875
875.95,877
876.017,857
876.084,786
876.15,675
876.217,596
876.284,533
876.35,518
876.417,522
876.484,555
876.551,585
876.617,682
876.684,807
876.751,918
876.818,1068
876.884,1151
876.951,1171
877.018,1127
877.084,1025
877.151,886
877.218,745
877.285,651
877.351,590
877.418,547
877.485,568
877.552,578
877.619,630
877.685,701
877.752,772
877.819,837
877.886,881
877.952,886
878.019,844
878.086,788
878.153,715
878.22,627
878.286,551
878.353,521
878.42,474
878.487,476
878.554,522
878.62,609
878.687,712
878.754,851
878.821,951
878.888,994
878.954,1006
879.021,946
879.088,850
879.155,740
879.222,627
879.288,550
879.355,492
879.422,475
879.489,484
879.556,511
879.623,555
879.69,629
879.756,705
879.823,743
879.89,781
879.957,785
880.024,763
880.091,707
880.157,633
880.224,555
880.291,500
880.358,471
880.425,461
880.492,493
880.559,546
880.626,616
880.692,733
880.759,856
880.826,947
880.893,1007
880.96,1013
881.027,964
881.094,873
881.161,786
881.228,694
881.295,621
881.361,587
881.428,564
881.495,574
881.562,602
881.629,663
881.696,745
881.763,848
881.83,917
881.897,976
881.964,972
882.031,898
882.098,821
882.165,726
882.232,631
882.298,555
882.365,500
882.432,477
882.499,499
882.566,571
882.633,664
882.7,801
882.767,952
882.834,1059
882.901,1125
882.968,1096
883.035,999
883.102,862
883.169,721
883.236,622
883.303,551
883.37,517
883.437,493
883.504,511
883.571,542
883.638,613
883.705,688
883.772,753
883.839,821
883.906,835
883.973,825
884.04,784
884.107,723
884.174,674
884.241,628
884.308,578
884.375,551
884.442,541
884.509,563
884.576,609
884.643,693
884.71,825
884.777,967
884.844,1110
884.911,1181
884.978,1161
885.045,1090
885.112,996
885.18,865
885.247,735
885.314,640
885.381,551
885.448,496
885.515,511
885.582,547
885.649,603
885.716,684
885.783,766
885.85,829
885.917,887
885.984,883
886.051,825
886.119,748
886.186,657
886.253,598
886.32,556
886.387,528
886.454,518
886.521,539
886.588,615
886.655,700
886.722,796
886.79,895
886.857,959
886.924,990
886.991,1010
887.058,999
887.125,921
887.192,838
887.26,749
887.327,669
887.394,639
887.461,613
887.528,609
887.595,626
887.662,682
887.73,775
887.797,862
887.864,927
887.931,948
887.998,936
888.065,897
888.132,798
888.2,716
888.267,628
888.334,563
888.401,533
888.468,544
888.536,565
888.603,592
888.67,684
888.737,788
888.804,927
888.872,1043
888.939,1102
889.006,1134
889.073,1092
889.14,1019
889.208,903
889.275,769
889.342,663
889.409,602
889.476,584
889.544,596
889.611,638
889.678,690
889.745,737
889.813,814
889.88,862
889.947,880
890.014,865
890.082,801
890.149,716
890.216,651
890.283,593
890.35,570
890.418,564
890.485,576
890.552,611
890.62,692
890.687,827
890.754,934
890.821,1044
890.889,1131
890.956,1138
891.023,1119
891.09,1042
891.158,915
891.225,793
891.292,703
891.36,651
891.427,618
891.494,623
891.562,627
891.629,632
891.696,664
891.763,730
891.831,787
891.898,824
891.965,805
892.033,759
892.1,687
892.167,592
892.235,532
892.302,466
892.369,435
892.437,420
892.504,438
892.571,470
892.639,570
892.706,677
892.773,777
892.841,876
892.908,925
892.975,922
893.043,869
893.11,785
893.177,673
893.245,586
893.312,528
893.38,487
893.447,501
893.514,517
893.582,564
893.649,640
893.716,722
893.784,801
893.851,857
893.919,876
893.986,826
894.053,775
894.121,716
894.188,626
894.256,584
894.323,544
894.39,533
894.458,532
894.525,578
894.593,631
894.66,716
894.727,826
894.795,912
894.862,966
894.93,975
894.997,974
895.065,899
895.132,820
895.2,730
895.267,635
895.334,573
895.402,518
895.469,517
895.537,540
895.604,600
895.672,685
895.739,752
895.807,813
895.874,846
895.942,868
896.009,825
896.076,744
896.144,644
896.211,538
896.279,470
896.346,434
896.414,423
896.481,412
896.549,461
896.616,534
896.684,634
896.751,756
896.819,875
896.886,967
896.954,1032
897.021,990
897.089,882
897.156,765
897.224,643
897.291,536
897.359,479
897.426,434
897.494,419
897.561,432
897.629,479
897.697,554
897.764,666
897.832,753
897.899,793
897.967,840
898.034,811
898.102,770
898.169,724
898.237,652
898.304,614
898.372,572
898.44,585
898.507,591
898.575,650
898.642,763
898.71,905
898.777,1049
898.845,1161
898.913,1230
898.98,1231
899.048,1175
899.115,1082
899.183,944
899.251,813
899.318,689
899.386,606
899.453,549
899.521,533
899.589,540
899.656,566
899.724,607
899.791,691
899.859,757
899.927,815
899.994,829
900.062,801
900.129,737
900.197,706
900.265,648
900.332,595
900.4,576
900.468,539
900.535,544
900.603,592
900.671,676
900.738,783
900.806,935
900.874,1047
900.941,1123
901.009,1159
901.077,1074
901.144,949
901.212,816
901.28,665
901.347,596
901.415,556
901.483,534
901.55,539
901.618,560
901.686,608
901.753,672
901.821,745
901.889,803
901.956,840
902.024,837
902.092,782
902.159,720
902.227,640
902.295,569
902.363,532
902.43,526
902.498,546
902.566,602
902.633,658
902.701,741
902.769,835
902.837,925
902.904,1014
902.972,1067
903.04,1046
903.108,960
903.175,845
903.243,724
903.311,627
903.379,548
903.446,503
903.514,493
903.582,508
903.65,558
903.717,630
903.785,714
903.853,771
903.921,820
903.988,847
904.056,807
904.124,723
904.192,634
904.26,562
904.327,528
904.395,507
904.463,523
904.531,536
904.599,602
904.666,722
904.734,866
904.802,982
904.87,1072
904.938,1107
905.005,1076
905.073,1026
905.141,903
905.209,792
905.277,693
905.344,593
905.412,563
905.48,533
905.548,510
905.616,511
905.684,581
905.751,641
905.819,715
905.887,800
905.955,809
906.023,804
906.091,769
906.159,696
906.226,637
906.294,571
906.362,533
906.43,502
906.498,539
906.566,598
906.634,694
906.702,793
906.769,898
906.837,1008
906.905,1077
906.973,1097
907.041,1078
907.109,993
907.177,871
907.245,760
907.313,660
907.38,595
907.448,555
907.516,529
907.584,538
907.652,567
907.72,630
907.788,681
907.856,723
907.924,725
907.992,699
908.06,657
908.128,583
908.195,516
908.263,449
908.331,416
908.399,420
908.467,447
908.535,499
908.603,593
908.671,715
908.739,823
908.807,946
908.875,1046
908.943,1085
909.011,1061
909.079,989
909.147,862
909.215,717
909.283,601
909.351,507
909.419,460
909.487,460
909.555,484
909.623,544
909.691,606
909.759,682
909.827,770
909.895,829
909.963,847
910.031,811
910.099,721
910.167,636
910.235,557
910.303,494
910.371,467
910.439,470
910.507,477
910.575,537
910.643,632
910.711,716
910.779,840
910.847,959
910.915,1002
910.983,1015
911.051,962
911.119,864
911.187,765
911.255,676
911.323,601
911.391,547
911.459,521
911.527,521
911.595,544
911.663,592
911.732,641
911.8,703
911.868,754
911.936,803
912.004,802
912.072,776
912.14,737
912.208,676
912.276,599
912.344,536
912.412,497
912.48,475
912.549,509
912.617,566
912.685,656
912.753,763
912.821,905
912.889,1046
912.957,1134
913.025,1167
913.093,1095
913.162,991
913.23,869
913.298,741
913.366,649
913.434,588
913.502,560
913.57,568
913.638,630
913.707,690
913.775,749
913.843,784
913.911,819
913.979,818
914.047,826
914.115,802
914.184,716
914.252,633
914.32,564
914.388,505
914.456,500
914.524,529
914.593,567
914.661,653
914.729,777
914.797,902
914.865,1043
914.934,1101
915.002,1086
915.07,1052
915.138,935
915.206,831
915.275,727
915.343,610
915.411,528
915.479,495
915.547,491
915.616,526
915.684,599
915.752,696
915.82,805
915.888,874
915.957,900
916.025,897
916.093,833
916.161,755
916.23,660
916.298,586
916.366,516
916.434,464
916.503,466
916.571,507
916.639,573
916.707,682
916.776,810
916.844,904
916.912,977
916.98,1025
917.049,1006
917.117,937
917.185,863
917.253,766
917.322,684
917.39,612
917.458,566
917.527,544
917.595,528
917.663,551
917.731,587
917.8,649
917.868,719
917.936,749
918.005,774
918.073,734
918.141,679
918.21,595
918.278,511
918.346,437
918.415,380
918.483,367
918.551,387
918.62,463
918.688,555
918.756,691
918.825,836
918.893,950
918.961,1034
919.03,1065
919.098,985
919.166,869
919.235,750
919.303,644
919.371,566
919.44,516
919.508,483
919.576,470
919.645,501
919.713,545
919.781,597
919.85,676
919.918,718
919.987,728
920.055,713
920.123,634
920.192,542
920.26,472
920.329,406
920.397,394
920.465,411
920.534,465
920.602,537
920.671,634
920.739,722
920.807,805
920.876,870
920.944,868
921.013,836
921.081,764
921.149,694
921.218,616
921.286,551
921.355,505
921.423,475
921.492,480
921.56,486
921.628,517
921.697,565
921.765,614
921.834,681
921.902,735
921.971,762
922.039,744
922.108,702
922.176,640
922.245,556
922.313,511
922.381,487
922.45,487
922.518,520
922.587,558
922.655,647
922.724,774
922.792,896
922.861,975
922.929,997
922.998,981
923.066,915
923.135,810
923.203,695
923.272,572
923.34,498
923.409,442
923.477,442
923.546,461
923.614,504
923.683,582
923.751,651
923.82,728
923.888,782
923.957,793
924.026,771
924.094,709
924.163,624
924.231,544
924.3,500
924.368,455
924.437,430
924.505,426
924.574,450
924.642,500
924.711,591
924.78,670
924.848,742
924.917,789
924.985,792
925.054,753
925.122,698
925.191,644
925.259,582
925.328,528
925.397,473
925.465,450
925.534,451
925.602,486
925.671,532
925.74,608
925.808,679
925.877,721
925.945,736
926.014,724
926.083,686
926.151,653
926.22,596
926.288,532
926.357,470
926.426,448
926.494,451
926.563,489
926.632,571
926.7,681
926.769,798
926.837,892
926.906,984
926.975,1020
927.043,1004
927.112,942
927.181,854
927.249,747
927.318,656
927.387,605
927.455,557
927.524,539
927.593,556
927.661,582
927.73,640
927.799,691
927.867,726
927.936,744
928.005,763
928.073,734
928.142,663
928.211,603
928.279,553
928.348,512
928.417,521
928.486,537
928.554,559
928.623,614
928.692,718
928.76,839
928.829,948
928.898,1066
928.966,1088
929.035,1057
929.104,1012
929.173,897
929.241,786
929.31,688
929.379,597
929.448,534
929.516,510
929.585,531
929.654,581
929.723,642
929.791,734
929.86,820
929.929,856
929.998,889
930.066,870
930.135,810
930.204,735
930.273,656
930.341,576
930.41,516
930.479,482
930.548,486
930.616,507
930.685,579
930.754,668
930.823,804
930.892,893
930.96,963
931.029,1007
931.098,953
931.167,880
931.236,768
931.304,665
931.373,568
931.442,517
931.511,486
931.58,468
931.648,486
931.717,528
931.786,576
931.855,635
931.924,693
931.993,726
932.061,717
932.13,700
932.199,685
932.268,647
932.337,626
932.406,626
932.474,591
932.543,590
932.612,618
932.681,690
932.75,807
932.819,940
932.888,1062
932.956,1145
933.025,1140
933.094,1075
933.163,940
933.232,812
933.301,689
933.37,578
933.439,508
933.507,466
933.576,457
933.645,482
933.714,518
933.783,562
933.852,591
933.921,631
933.99,665
934.059,649
934.127,608
934.196,560
934.265,492
934.334,428
934.403,410
934.472,420
934.541,442
934.61,509
934.679,601
934.748,709
934.817,830
934.886,920
934.955,956
935.024,958
935.092,887
935.161,809
935.23,716
935.299,628
935.368,574
935.437,568
935.506,581
935.575,608
935.644,640
935.713,673
935.782,723
935.851,752
935.92,780
935.989,778
936.058,745
936.127,693
936.196,638
936.265,594
936.334,545
936.403,531
936.472,511
936.541,514
936.61,555
936.679,599
936.748,654
936.817,719
936.886,801
936.955,815
937.024,835
937.093,812
937.162,762
937.231,683
937.3,590
937.369,501
937.438,449
937.507,453
937.576,462
937.645,504
937.714,570
937.783,635
937.852,703
937.921,736
937.991,750
938.06,753
938.129,698
938.198,638
938.267,555
938.336,477
938.405,436
938.474,421
938.543,449
938.612,490
938.681,570
938.75,656
938.819,752
938.888,826
938.958,886
939.027,899
939.096,881
939.165,798
939.234,696
939.303,629
939.372,564
939.441,542
939.51,520
939.579,539
939.649,557
939.718,611
939.787,681
939.856,723
939.925,771
939.994,767
940.063,744
940.132,691
940.202,615
940.271,547
940.34,503
940.409,489
940.478,494
940.547,516
940.616,551
940.686,615
940.755,703
940.824,800
940.893,881
940.962,920
941.031,918
941.101,870
941.17,785
941.239,674
941.308,593
941.377,529
941.446,499
941.516,511
941.585,564
941.654,617
941.723,657
941.792,710
941.862,722
941.931,746
942,740
942.069,724
942.138,689
942.208,620
942.277,579
942.346,520
942.415,483
942.484,478
942.554,485
942.623,528
942.692,630
942.761,764
942.831,895
942.9,1029
942.969,1116
943.038,1128
943.108,1112
943.177,1053
943.246,928
943.315,806
943.385,691
943.454,621
943.523,593
943.592,595
943.662,619
943.731,655
943.8,711
943.869,793
943.939,844
944.008,865
944.077,846
944.147,786
944.216,700
944.285,611
944.354,542
944.424,485
944.493,474
944.562,486
944.632,531
944.701,621
944.77,721
944.84,815
944.909,883
944.978,921
945.047,916
945.117,871
945.186,781
945.255,669
945.325,578
945.394,515
945.463,496
945.533,520
945.602,561
945.671,624
945.741,703
945.81,793
945.879,869
945.949,927
946.018,937
946.088,874
946.157,793
946.226,709
946.296,627
946.365,561
946.434,523
946.504,493
946.573,484
946.642,532
946.712,615
946.781,697
946.851,823
946.92,910
946.989,944
947.059,934
947.128,860
947.198,775
947.267,667
947.336,597
947.406,527
947.475,490
947.545,474
947.614,466
947.683,483
947.753,499
947.822,527
947.892,571
947.961,612
948.03,620
948.1,599
948.169,583
948.239,548
948.308,488
948.378,446
948.447,416
948.517,411
948.586,469
948.655,533
948.725,627
948.794,740
948.864,848
948.933,929
949.003,971
949.072,937
949.142,833
949.211,725
949.281,599
949.35,526
949.42,471
949.489,470
949.559,486
949.628,501
949.698,533
949.767,582
949.836,640
949.906,681
949.975,692
950.045,669
950.114,634
950.184,580
950.254,555
950.323,543
950.393,543
950.462,533
950.532,550
950.601,572
950.671,607
950.74,678
950.81,745
950.879,802
950.949,837
951.018,836
951.088,792
951.157,723
951.227,652
951.296,560
951.366,491
951.436,477
951.505,449
951.575,453
951.644,484
951.714,546
951.783,628
951.853,711
951.923,764
951.992,796
952.062,804
952.131,760
952.201,697
952.27,637
952.34,565
952.41,504
952.479,489
952.549,495
952.618,543
952.688,619
952.758,719
952.827,808
952.897,850
952.966,902
953.036,867
953.106,814
953.175,750
953.245,659
953.314,599
953.384,539
953.454,506
953.523,486
953.593,508
953.663,552
953.732,597
953.802,647
953.872,677
953.941,708
954.011,710
954.08,677
954.15,618
954.22,543
954.289,470
954.359,419
954.429,405
954.498,425
954.568,471
954.638,538
954.707,635
954.777,729
954.847,811
954.917,872
954.986,863
955.056,860
955.126,809
955.195,732
955.265,642
955.335,564
955.404,513
955.474,478
955.544,508
955.613,528
955.683,587
955.753,637
955.823,702
955.892,732
955.962,765
956.032,739
956.101,678
956.171,607
956.241,514
956.311,466
956.38,444
956.45,438
956.52,441
956.59,457
956.659,521
956.729,608
956.799,712
956.869,813
956.938,880
957.008,912
957.078,923
957.148,846
957.217,720
957.287,595
957.357,506
957.427,450
957.497,435
957.566,441
957.636,464
957.706,512
957.776,578
957.845,642
957.915,710
957.985,741
958.055,706
958.125,684
958.194,624
958.264,562
958.334,518
958.404,483
958.474,460
958.544,452
958.613,511
958.683,583
958.753,670
958.823,780
958.893,894
958.962,970
959.032,1032
959.102,1032
959.172,933
959.242,802
959.312,655
959.382,550
959.451,487
959.521,446
959.591,430
959.661,463
959.731,513
959.801,572
959.871,631
959.94,676
960.01,686
960.08,667
960.15,639
960.22,564
960.29,499
960.36,471
960.43,424
960.499,422
960.569,440
960.639,483
960.709,540
960.779,619
960.849,720
960.919,802
960.989,870
961.059,916
961.129,886
961.198,822
961.268,739
961.338,640
961.408,576
961.478,533
961.548,523
961.618,535
961.688,567
961.758,624
961.828,675
961.898,685
961.968,697
962.038,678
962.108,641
962.177,613
962.247,559
962.317,497
962.387,442
962.457,400
962.527,393
962.597,422
962.667,437
962.737,512
962.807,608
962.877,691
962.947,762
963.017,804
963.087,785
963.157,722
963.227,663
963.297,557
963.367,494
963.437,466
963.507,441
963.577,423
963.647,457
963.717,499
963.787,560
963.857,635
963.927,682
963.997,722
964.067,740
964.137,704
964.207,631
964.277,566
964.347,507
964.417,485
964.487,496
964.557,515
964.627,575
964.697,646
964.767,723
964.838,799
964.908,861
964.978,893
965.048,901
965.118,824
965.188,736
965.258,648
965.328,583
965.398,528
965.468,482
965.538,450
965.608,451
965.678,494
965.748,538
965.818,610
965.889,659
965.959,680
966.029,695
966.099,675
966.169,636
966.239,566
966.309,503
966.379,464
966.449,448
966.519,481
966.59,518
966.66,559
966.73,636
966.8,723
966.87,799
966.94,893
967.01,918
967.08,899
967.151,862
967.221,755
967.291,650
967.361,561
967.431,493
967.501,438
967.571,429
967.642,443
967.712,474
967.782,536
967.852,597
967.922,629
967.992,642
968.062,623
968.133,585
968.203,549
968.273,513
968.343,482
968.413,472
968.484,476
968.554,486
968.624,529
968.694,630
968.764,726
968.834,825
968.905,908
968.975,944
969.045,964
969.115,948
969.186,892
969.256,793
969.326,688
969.396,590
969.466,528
969.537,503
969.607,538
969.677,564
969.747,631
969.817,688
969.888,733
969.958,735
970.028,716
970.098,665
970.169,583
970.239,535
970.309,470
970.379,440
970.45,403
970.52,386
970.59,395
970.66,440
970.731,506
970.801,591
970.871,686
970.942,760
971.012,839
971.082,855
971.152,826
971.223,776
971.293,681
971.363,594
971.434,525
971.504,491
971.574,483
971.644,513
971.715,569
971.785,646
971.855,724
971.926,797
971.996,807
972.066,815
972.137,782
972.207,714
972.277,659
972.348,595
972.418,545
972.488,521
972.559,513
972.629,511
972.699,576
972.77,635
972.84,711
972.91,802
972.981,827
973.051,810
973.121,763
973.192,702
973.262,625
973.332,564
973.403,508
973.473,450
973.543,439
973.614,435
973.684,449
973.755,477
973.825,531
973.895,598
973.966,649
974.036,686
974.106,681
974.177,647
974.247,576
974.318,531
974.388,478
974.458,438
974.529,438
974.599,430
974.67,449
974.74,478
974.81,525
974.881,583
974.951,645
975.022,673
975.092,674
975.163,640
975.233,574
975.303,523
975.374,467
975.444,426
975.515,414
975.585,433
975.656,474
975.726,520
975.797,586
975.867,614
975.937,616
976.008,622
976.078,621
976.149,618
976.219,588
976.29,527
976.36,488
976.431,440
976.501,423
976.572,426
976.642,454
976.713,510
976.783,594
976.854,696
976.924,786
976.995,846
977.065,876
977.136,851
977.206,770
977.277,687
977.347,590
977.418,516
977.488,474
977.559,457
977.629,435
977.7,460
977.77,505
977.841,551
977.911,603
977.982,617
978.052,618
978.123,601
978.193,570
978.264,510
978.334,454
978.405,414
978.476,395
978.546,417
978.617,469
978.687,546
978.758,643
978.828,744
978.899,826
978.969,867
979.04,855
979.111,813
979.181,731
979.252,656
979.322,556
979.393,482
979.464,454
979.534,423
979.605,442
979.675,488
979.746,547
979.816,608
979.887,665
979.958,698
980.028,709
980.099,709
980.169,667
980.24,591
980.311,513
980.381,452
980.452,394
980.523,384
980.593,386
980.664,421
980.734,477
980.805,577
980.876,706
980.946,789
981.017,833
981.088,802
981.158,716
981.229,620
981.3,532
981.37,470
981.441,425
981.512,405
981.582,382
981.653,400
981.724,440
981.794,498
981.865,548
981.936,574
982.006,598
982.077,610
982.148,600
982.218,553
982.289,522
982.36,476
982.43,419
982.501,395
982.572,401
982.642,424
982.713,463
982.784,570
982.855,677
982.925,780
982.996,854
983.067,880
983.137,844
983.208,778
983.279,726
983.35,663
983.42,592
983.491,546
983.562,514
983.633,510
983.703,531
983.774,587
983.845,627
983.916,646
983.986,680
984.057,691
984.128,683
984.199,645
984.269,585
984.34,499
984.411,429
984.482,394
984.552,376
984.623,392
984.694,442
984.765,517
984.835,611
984.906,680
984.977,757
985.048,789
985.119,795
985.189,763
985.26,703
985.331,622
985.402,570
985.473,537
985.543,505
985.614,498
985.685,500
985.756,523
985.827,565
985.897,614
985.968,659
986.039,711
986.11,719
986.181,682
986.252,611
986.322,532
986.393,460
986.464,413
986.535,389
986.606,406
986.677,431
986.747,501
986.818,607
986.889,682
986.96,772
987.031,816
987.102,823
987.173,796
987.244,720
987.314,619
987.385,529
987.456,487
987.527,465
987.598,493
987.669,548
987.74,595
987.811,655
987.881,723
987.952,778
988.023,807
988.094,801
988.165,748
988.236,691
988.307,624
988.378,553
988.449,506
988.52,492
988.59,493
988.661,547
988.732,636
988.803,724
988.874,819
988.945,904
989.016,927
989.087,920
989.158,884
989.229,791
989.3,694
989.371,610
989.442,530
989.513,493
989.584,495
989.655,529
989.725,569
989.796,640
989.867,699
989.938,742
990.009,783
990.08,768
990.151,732
990.222,670
990.293,614
990.364,562
990.435,509
990.506,472
990.577,429
990.648,427
990.719,455
990.79,505
990.861,563
990.932,635
991.003,681
991.074,699
991.145,695
991.216,653
991.287,598
991.358,543
991.429,506
991.5,463
991.571,471
991.642,474
991.713,489
991.784,535
991.855,560
991.926,611
991.998,626
992.069,625
992.14,577
992.211,538
992.282,482
992.353,423
992.424,400
992.495,394
992.566,406
992.637,434
992.708,500
992.779,560
992.85,633
992.921,695
992.992,749
993.063,773
993.135,751
993.206,704
993.277,611
993.348,520
993.419,444
993.49,406
993.561,389
993.632,386
993.703,424
993.774,468
993.845,545
993.917,626
993.988,677
994.059,678
994.13,640
994.201,574
994.272,499
994.343,446
994.414,412
994.486,377
994.557,378
994.628,397
994.699,456
994.77,540
994.841,634
994.912,720
994.984,769
995.055,796
995.126,786
995.197,741
995.268,672
995.339,578
995.41,502
995.482,456
995.553,454
995.624,473
995.695,511
995.766,528
995.838,563
995.909,609
995.98,628
996.051,645
996.122,629
996.193,594
996.265,535
996.336,490
996.407,475
996.478,447
996.549,453
996.621,441
996.692,468
996.763,524
996.834,591
996.906,687
996.977,743
997.048,770
997.119,747
997.19,729
997.262,650
997.333,569
997.404,510
997.475,462
997.547,451
997.618,459
997.689,490
997.76,521
997.832,572
997.903,598
997.974,623
998.045,624
998.117,600
998.188,565
998.259,517
998.33,447
998.402,405
998.473,375
998.544,365
998.616,378
998.687,426
998.758,491
998.829,574
998.901,658
998.972,728
999.043,734
999.115,740
999.186,717
999.257,632
999.329,563
999.4,514
999.471,475
999.542,463
999.614,476
999.685,512
999.756,546
999.828,612
999.899,685
999.97,731
1000.042,776
1000.113,766
1000.184,726
1000.256,668
1000.327,595
1000.398,514
1000.47,456
1000.541,427
1000.612,419
1000.684,467
1000.755,526
1000.827,618
1000.898,696
1000.969,783
1001.041,826
1001.112,843
1001.183,834
1001.255,770
1001.326,701
1001.398,614
1001.469,560
1001.54,517
1001.612,526
1001.683,550
1001.754,555
1001.826,612
1001.897,657
1001.969,708
1002.04,728
1002.111,709
1002.183,656
1002.254,613
1002.326,544
1002.397,485
1002.469,455
1002.54,427
1002.611,450
1002.683,484
1002.754,554
1002.826,627
1002.897,702
1002.969,772
1003.04,782
1003.111,760
1003.183,713
1003.254,620
1003.326,541
1003.397,471
1003.469,411
1003.54,373
1003.612,361
1003.683,380
1003.755,423
1003.826,482
1003.897,552
1003.969,585
1004.04,584
1004.112,590
1004.183,569
1004.255,509
1004.326,449
1004.398,410
1004.469,352
1004.541,333
1004.612,373
1004.684,434
1004.755,515
1004.827,614
1004.898,706
1004.97,770
1005.041,805
1005.113,777
1005.184,688
1005.256,610
1005.327,522
1005.399,458
1005.47,433
1005.542,414
1005.614,422
1005.685,437
1005.757,496
1005.828,535
1005.9,581
1005.971,607
1006.043,603
1006.114,586
1006.186,545
1006.257,508
1006.329,452
1006.401,417
1006.472,413
1006.544,392
1006.615,397
1006.687,438
1006.758,501
1006.83,552
1006.902,623
1006.973,677
1007.045,694
1007.116,715
1007.188,686
1007.26,646
1007.331,601
1007.403,544
1007.474,493
1007.546,468
1007.618,453
1007.689,486
1007.761,533
1007.832,586
1007.904,645
1007.976,670
1008.047,699
1008.119,700
1008.19,679
1008.262,609
1008.334,541
1008.405,473
1008.477,422
1008.549,394
1008.62,402
1008.692,443
1008.764,491
1008.835,579
1008.907,651
1008.979,682
1009.05,729
1009.122,744
1009.194,729
1009.265,667
1009.337,601
1009.409,531
1009.48,480
1009.552,441
1009.624,412
1009.695,420
1009.767,454
1009.839,516
1009.91,580
1009.982,626
1010.054,663
1010.125,646
1010.197,620
1010.269,573
1010.34,516
1010.412,482
1010.484,444
1010.556,423
1010.627,422
1010.699,467
1010.771,531
1010.842,620
1010.914,704
1010.986,782
1011.058,816
1011.129,801
1011.201,753
1011.273,634
1011.345,540
1011.416,462
1011.488,413
1011.56,397
1011.632,390
1011.703,409
1011.775,441
1011.847,494
1011.919,520
1011.99,548
1012.062,544
1012.134,536
1012.206,531
1012.277,493
1012.349,450
1012.421,434
1012.493,408
1012.565,409
1012.636,419
1012.708,474
1012.78,550
1012.852,642
1012.924,705
1012.995,722
1013.067,721
1013.139,699
1013.211,679
1013.283,627
1013.354,579
1013.426,500
1013.498,433
1013.57,414
1013.642,406
1013.713,431
1013.785,483
1013.857,545
1013.929,604
1014.001,659
1014.073,683
1014.144,654
1014.216,607
1014.288,551
1014.36,508
1014.432,468
1014.504,434
1014.576,430
1014.647,442
1014.719,492
1014.791,551
1014.863,606
1014.935,659
1015.007,692
1015.079,715
1015.15,695
1015.222,627
1015.294,539
1015.366,451
1015.438,394
1015.51,343
1015.582,335
1015.654,339
1015.726,362
1015.797,406
1015.869,437
1015.941,484
1016.013,513
1016.085,521
1016.157,503
1016.229,471
1016.301,418
1016.373,363
1016.445,335
1016.517,321
1016.589,308
1016.66,349
1016.732,414
1016.804,491
1016.876,579
1016.948,652
1017.02,697
1017.092,728
1017.164,721
1017.236,676
1017.308,627
1017.38,565
1017.452,529
1017.524,516
1017.596,520
1017.668,511
1017.74,524
1017.812,541
1017.884,588
1017.956,621
1018.028,629
1018.1,604
1018.172,574
1018.244,533
1018.316,478
1018.388,449
1018.46,424
1018.532,420
1018.604,460
1018.676,500
1018.748,574
1018.82,642
1018.892,703
1018.964,728
1019.036,740
1019.108,726
1019.18,684
1019.252,630
1019.324,568
1019.396,501
1019.468,462
1019.54,439
1019.612,437
1019.684,449
1019.756,469
1019.828,498
1019.9,521
1019.972,542
1020.044,566
1020.116,576
1020.188,564
1020.26,517
1020.332,465
1020.404,406
1020.476,387
1020.549,390
1020.621,401
1020.693,448
1020.765,504
1020.837,564
1020.909,646
1020.981,696
1021.053,711
1021.125,694
1021.197,663
1021.269,583
1021.341,519
1021.414,459
1021.486,433
1021.558,421
1021.63,432
1021.702,472
1021.774,502
1021.846,579
1021.918,630
1021.99,683
1022.063,685
1022.135,674
1022.207,614
1022.279,535
1022.351,468
1022.423,394
1022.495,358
1022.568,351
1022.64,357
1022.712,369
1022.784,442
1022.856,520
1022.928,606
1023,664
1023.073,674
1023.145,637
1023.217,587
1023.289,542
1023.361,510
1023.433,478
1023.506,452
1023.578,441
1023.65,441
1023.722,470
1023.794,491
1023.867,535
1023.939,550
1024.011,554
1024.083,553
1024.155,535
1024.228,499
1024.3,462
1024.372,427
1024.444,395
1024.516,373
1024.589,369
1024.661,372
1024.733,411
1024.805,473
1024.877,550
1024.95,614
1025.022,657
1025.094,653
1025.166,617
1025.239,553
1025.311,508
1025.383,446
1025.455,398
1025.528,380
1025.6,358
1025.672,368
1025.744,395
1025.817,460
1025.889,522
1025.961,578
1026.033,622
1026.106,634
1026.178,616
1026.25,573
1026.323,500
1026.395,426
1026.467,380
1026.539,356
1026.612,353
1026.684,376
1026.756,411
1026.829,467
1026.901,542
1026.973,618
1027.045,657
1027.118,662
1027.19,660
1027.262,610
1027.335,540
1027.407,486
1027.479,434
1027.552,385
1027.624,386
1027.696,423
1027.769,462
1027.841,533
1027.913,620
1027.986,667
1028.058,684
1028.13,715
1028.203,699
1028.275,651
1028.347,597
1028.42,503
1028.492,436
1028.564,418
1028.637,421
1028.709,442
1028.781,479
1028.854,540
1028.926,619
1028.999,712
1029.071,764
1029.143,765
1029.216,732
1029.288,702
1029.36,630
1029.433,581
1029.505,544
1029.578,513
1029.65,508
1029.722,514
1029.795,539
1029.867,550
1029.94,581
1030.012,575
1030.084,566
1030.157,565
1030.229,543
1030.302,524
1030.374,493
1030.447,479
1030.519,465
1030.591,464
1030.664,493
1030.736,532
1030.809,600
1030.881,647
1030.954,714
1031.026,739
1031.098,723
1031.171,685
1031.243,627
1031.316,549
1031.388,475
1031.461,439
1031.533,411
1031.606,398
1031.678,414
1031.751,462
1031.823,515
1031.896,567
1031.968,623
1032.041,654
1032.113,661
1032.185,641
1032.258,602
1032.33,521
1032.403,464
1032.475,411
1032.548,368
1032.62,372
1032.693,382
1032.765,431
1032.838,498
1032.91,558
1032.983,619
1033.055,665
1033.128,671
1033.201,625
1033.273,570
1033.346,514
1033.418,464
1033.491,427
1033.563,409
1033.636,400
1033.708,417
1033.781,480
1033.853,524
1033.926,558
1033.998,574
1034.071,563
1034.144,537
1034.216,475
1034.289,433
1034.361,384
1034.434,340
1034.506,331
1034.579,331
1034.652,378
1034.724,440
1034.797,543
1034.869,643
1034.942,720
1035.014,755
1035.087,764
1035.16,753
1035.232,664
1035.305,584
1035.377,493
1035.45,414
1035.523,387
1035.595,368
1035.668,369
1035.74,386
1035.813,433
1035.886,488
1035.958,544
1036.031,553
1036.104,556
1036.176,536
1036.249,491
1036.321,446
1036.394,407
1036.467,385
1036.539,369
1036.612,369
1036.685,385
1036.757,432
1036.83,500
1036.903,584
1036.975,678
1037.048,727
1037.121,733
1037.193,704
1037.266,622
1037.339,533
1037.411,458
1037.484,420
1037.557,398
1037.629,406
1037.702,395
1037.775,440
1037.847,480
1037.92,531
1037.993,549
1038.065,534
1038.138,502
1038.211,456
1038.283,399
1038.356,355
1038.429,346
1038.502,330
1038.574,334
1038.647,356
1038.72,396
1038.792,471
1038.865,551
1038.938,614
1039.011,659
1039.083,686
1039.156,657
1039.229,615
1039.302,567
1039.374,492
1039.447,435
1039.52,389
1039.593,370
1039.665,387
1039.738,427
1039.811,486
1039.884,543
1039.956,575
1040.029,603
1040.102,617
1040.175,594
1040.247,559
1040.32,505
1040.393,462
1040.466,416
1040.539,404
1040.611,409
1040.684,409
1040.757,468
1040.83,544
1040.902,628
1040.975,725
1041.048,785
1041.121,795
1041.194,788
1041.266,731
1041.339,673
1041.412,617
1041.485,558
1041.558,503
1041.631,473
1041.703,462
1041.776,466
1041.849,488
1041.922,515
1041.995,554
1042.068,565
1042.14,586
1042.213,537
1042.286,503
1042.359,492
1042.432,458
1042.505,434
1042.577,421
1042.65,414
1042.723,440
1042.796,503
1042.869,572
1042.942,641
1043.015,701
1043.088,740
1043.16,737
1043.233,724
1043.306,647
1043.379,588
1043.452,524
1043.525,452
1043.598,424
1043.671,405
1043.743,405
1043.816,438
1043.889,489
1043.962,544
1044.035,582
1044.108,598
1044.181,571
1044.254,546
1044.327,478
1044.4,427
1044.473,387
1044.546,357
1044.618,364
1044.691,405
1044.764,467
1044.837,553
1044.91,641
1044.983,712
1045.056,748
1045.129,725
1045.202,676
1045.275,607
1045.348,531
1045.421,478
1045.494,438
1045.567,405
1045.64,391
1045.713,391
1045.786,405
1045.859,416
1045.932,434
1046.005,457
1046.078,470
1046.151,472
1046.223,448
1046.296,414
1046.369,398
1046.442,371
1046.515,357
1046.588,355
1046.661,357
1046.734,379
1046.807,426
1046.88,465
1046.953,524
1047.026,562
1047.099,559
1047.173,527
1047.246,502
1047.319,438
1047.392,403
1047.465,383
1047.538,363
1047.611,369
1047.684,387
1047.757,426
1047.83,490
1047.903,531
1047.976,579
1048.049,586
1048.122,592
1048.195,552
1048.268,512
1048.341,468
1048.414,417
1048.487,384
1048.56,371
1048.633,375
1048.706,392
1048.78,418
1048.853,473
1048.926,503
1048.999,519
1049.072,545
1049.145,552
1049.218,550
1049.291,528
1049.364,488
1049.437,432
1049.51,396
1049.584,392
1049.657,385
1049.73,395
1049.803,422
1049.876,444
1049.949,469
1050.022,512
1050.095,499
1050.168,488
1050.242,461
1050.315,408
1050.388,380
1050.461,350
1050.534,347
1050.607,361
1050.68,388
1050.754,431
1050.827,468
1050.9,524
1050.973,569
1051.046,603
1051.119,611
1051.192,578
1051.266,537
1051.339,484
1051.412,429
1051.485,368
1051.558,330
1051.631,324
1051.705,323
1051.778,359
1051.851,402
1051.924,439
1051.997,474
1052.071,495
1052.144,499
1052.217,461
1052.29,440
1052.363,399
1052.437,369
1052.51,376
1052.583,351
1052.656,382
1052.729,416
1052.803,475
1052.876,564
1052.949,651
1053.022,713
1053.095,732
1053.169,738
1053.242,677
1053.315,599
1053.388,512
1053.462,438
1053.535,406
1053.608,403
1053.681,409
1053.755,426
1053.828,476
1053.901,539
1053.974,577
1054.048,614
1054.121,612
1054.194,596
1054.267,567
1054.341,513
1054.414,470
1054.487,433
1054.561,420
1054.634,410
1054.707,438
1054.78,502
1054.854,562
1054.927,628
1055,693
1055.074,701
1055.147,701
1055.22,681
1055.293,630
1055.367,560
1055.44,492
1055.513,439
1055.587,399
1055.66,407
1055.733,434
1055.807,482
1055.88,557
1055.953,629
1056.027,658
1056.1,665
1056.173,652
1056.247,592
1056.32,528
1056.393,461
1056.467,425
1056.54,392
1056.613,410
1056.687,451
1056.76,480
1056.833,589
1056.907,701
1056.98,798
1057.054,875
1057.127,911
1057.2,870
1057.274,817
1057.347,723
1057.42,611
1057.494,552
1057.567,502
1057.641,474
1057.714,475
1057.787,493
1057.861,492
1057.934,514
1058.008,552
1058.081,563
1058.154,564
1058.228,540
1058.301,503
1058.375,445
1058.448,397
1058.521,388
1058.595,382
1058.668,390
1058.742,431
1058.815,501
1058.889,561
1058.962,629
1059.035,683
1059.109,675
1059.182,656
1059.256,612
1059.329,551
1059.403,494
1059.476,479
1059.55,470
1059.623,459
1059.696,479
1059.77,503
1059.843,526
1059.917,556
1059.99,598
1060.064,619
1060.137,607
1060.211,607
1060.284,566
1060.358,524
1060.431,481
1060.505,430
1060.578,397
1060.652,401
1060.725,432
1060.799,478
1060.872,550
1060.946,621
1061.019,657
1061.093,671
1061.166,667
1061.24,611
1061.313,543
1061.387,499
1061.46,440
1061.534,427
1061.607,420
1061.681,414
1061.754,416
1061.828,443
1061.901,446
1061.975,472
1062.048,486
1062.122,513
1062.196,513
1062.269,464
1062.343,431
1062.416,384
1062.49,355
1062.563,357
1062.637,361
1062.71,391
1062.784,446
1062.858,497
1062.931,551
1063.005,606
1063.078,605
1063.152,582
1063.225,560
1063.299,517
1063.373,480
1063.446,442
1063.52,406
1063.593,388
1063.667,403
1063.741,417
1063.814,442
1063.888,467
1063.961,500
1064.035,524
1064.109,519
1064.182,487
1064.256,440
1064.33,408
1064.403,384
1064.477,364
1064.55,348
1064.624,336
1064.698,340
1064.771,367
1064.845,418
1064.919,476
1064.992,530
1065.066,571
1065.14,594
1065.213,594
1065.287,555
1065.361,496
1065.434,432
1065.508,390
1065.582,372
1065.655,364
1065.729,385
1065.803,417
1065.876,463
1065.95,531
1066.024,590
1066.097,609
1066.171,617
1066.245,590
1066.318,532
1066.392,482
1066.466,429
1066.539,381
1066.613,360
1066.687,356
1066.761,365
1066.834,424
1066.908,476
1066.982,534
1067.055,592
1067.129,601
1067.203,630
1067.277,607
1067.35,570
1067.424,530
1067.498,492
1067.571,490
1067.645,505
1067.719,538
1067.793,578
1067.866,620
1067.94,661
1068.014,697
1068.088,712
1068.161,700
1068.235,646
1068.309,577
1068.383,489
1068.456,442
1068.53,396
1068.604,399
1068.678,416
1068.752,438
1068.825,493
1068.899,561
1068.973,618
1069.047,666
1069.12,679
1069.194,642
1069.268,588
1069.342,521
1069.416,473
1069.489,437
1069.563,410
1069.637,392
1069.711,388
1069.785,421
1069.859,449
1069.932,504
1070.006,539
1070.08,546
1070.154,547
1070.228,535
1070.301,506
1070.375,467
1070.449,423
1070.523,384
1070.597,369
1070.671,390
1070.745,424
1070.818,465
1070.892,563
1070.966,633
1071.04,710
1071.114,774
1071.188,772
1071.262,726
1071.335,648
1071.409,574
1071.483,484
1071.557,440
1071.631,404
1071.705,384
1071.779,396
1071.853,448
1071.926,490
1072,533
1072.074,565
1072.148,554
1072.222,526
1072.296,483
1072.37,437
1072.444,399
1072.518,374
1072.592,362
1072.665,363
1072.739,380
1072.813,421
1072.887,473
1072.961,515
1073.035,577
1073.109,616
1073.183,623
1073.257,640
1073.331,594
1073.405,566
1073.479,540
1073.553,528
1073.627,523
1073.7,515
1073.774,535
1073.848,565
1073.922,595
1073.996,626
1074.07,630
1074.144,588
1074.218,539
1074.292,476
1074.366,423
1074.44,365
1074.514,340
1074.588,312
1074.662,315
1074.736,354
1074.81,418
1074.884,500
1074.958,574
1075.032,654
1075.106,659
1075.18,639
1075.254,576
1075.328,511
1075.402,458
1075.476,412
1075.55,393
1075.624,367
1075.698,368
1075.772,379
1075.846,390
1075.92,428
1075.994,459
1076.068,488
1076.142,503
1076.216,489
1076.29,472
1076.364,425
1076.438,380
1076.512,342
1076.587,324
1076.661,348
1076.735,370
1076.809,409
1076.883,454
1076.957,509
1077.031,551
1077.105,605
1077.179,612
1077.253,575
1077.327,546
1077.401,475
1077.475,430
1077.549,395
1077.624,360
1077.698,350
1077.772,382
1077.846,418
1077.92,462
1077.994,530
1078.068,573
1078.142,587
1078.216,577
1078.29,550
1078.365,515
1078.439,478
1078.513,436
1078.587,420
1078.661,414
1078.735,417
1078.809,448
1078.883,476
1078.958,510
1079.032,548
1079.106,578
1079.18,585
1079.254,573
1079.328,589
1079.402,797
1079.477,1456
1079.551,2682
1079.625,4518
1079.699,6988
1079.773,9890
1079.847,12929
1079.921,15592
1079.996,17367
1080.07,18033
1080.144,17365
1080.218,15885
1080.292,13987
1080.367,11909
1080.441,10132
1080.515,8904
1080.589,8581
1080.663,9273
1080.737,11067
1080.812,13310
1080.886,15411
1080.96,17021
1081.034,17693
1081.108,17526
1081.183,16731
1081.257,15278
1081.331,13390
1081.405,11553
1081.48,9880
1081.554,8654
1081.628,8224
1081.702,8439
1081.776,9283
1081.851,10622
1081.925,12043
1081.999,13115
1082.073,13569
1082.148,13234
1082.222,12086
1082.296,10622
1082.37,9016
1082.445,7495
1082.519,6315
1082.593,5408
1082.667,4906
1082.742,4880
1082.816,5243
1082.89,5813
1082.965,6380
1083.039,6728
1083.113,6731
1083.187,6409
1083.262,5796
1083.336,4982
1083.41,4162
1083.485,3440
1083.559,2886
1083.633,2515
1083.707,2367
1083.782,2328
1083.856,2411
1083.93,2627
1084.005,2835
1084.079,2980
1084.153,2962
1084.228,2782
1084.302,2457
1084.376,2082
1084.451,1744
1084.525,1489
1084.599,1348
1084.674,1274
1084.748,1299
1084.822,1402
1084.897,1566
1084.971,1737
1085.045,1840
1085.12,1872
1085.194,1757
1085.268,1556
1085.343,1330
1085.417,1103
1085.491,958
1085.566,851
1085.64,828
1085.714,869
1085.789,963
1085.863,1086
1085.938,1185
1086.012,1259
1086.086,1282
1086.161,1275
1086.235,1230
1086.309,1130
1086.384,979
1086.458,856
1086.533,786
1086.607,772
1086.681,818
1086.756,909
1086.83,988
1086.905,1087
1086.979,1177
1087.054,1268
1087.128,1314
1087.202,1337
1087.277,1323
1087.351,1237
1087.426,1144
1087.5,986
1087.574,836
1087.649,688
1087.723,592
1087.798,553
1087.872,526
1087.947,547
1088.021,588
1088.096,625
1088.17,674
1088.244,706
1088.319,698
1088.393,660
1088.468,599
1088.542,506
1088.617,418
1088.691,325
1088.766,281
1088.84,263
1088.915,269
1088.989,321
1089.064,382
1089.138,423
1089.213,455
1089.287,484
1089.362,473
1089.436,445
1089.511,416
1089.585,360
1089.66,313
1089.734,289
1089.809,257
1089.883,251
1089.958,270
1090.032,297
1090.107,331
1090.181,356
1090.256,362
1090.33,375
1090.405,379
1090.479,366
1090.554,375
1090.628,366
1090.703,360
1090.778,391
1090.852,445
1090.927,498
1091.001,563
1091.076,616
1091.15,615
1091.225,593
1091.299,541
1091.374,460
1091.449,387
1091.523,341
1091.598,314
1091.672,300
1091.747,329
1091.821,363
1091.896,420
1091.971,492
1092.045,526
1092.12,531
1092.194,538
1092.269,504
1092.344,479
1092.418,453
1092.493,414
1092.567,397
1092.642,391
1092.717,406
1092.791,429
1092.866,475
1092.94,521
1093.015,563
1093.09,616
1093.164,607
1093.239,607
1093.314,579
1093.388,512
1093.463,467
1093.537,439
1093.612,415
1093.687,434
1093.761,455
1093.836,485
1093.911,532
1093.985,572
1094.06,595
1094.135,595
1094.209,580
1094.284,518
1094.359,452
1094.433,407
1094.508,374
1094.583,361
1094.657,364
1094.732,375
1094.807,420
1094.881,486
1094.956,560
1095.031,638
1095.105,690
1095.18,703
1095.255,684
1095.33,638
1095.404,588
1095.479,560
1095.554,524
1095.628,524
1095.703,544
1095.778,596
1095.853,690
1095.927,792
1096.002,897
1096.077,964
1096.151,1005
1096.226,965
1096.301,902
1096.376,822
1096.45,735
1096.525,664
1096.6,631
1096.675,630
1096.749,667
1096.824,737
1096.899,791
1096.974,867
1097.048,906
1097.123,932
1097.198,947
1097.273,881
1097.348,768
1097.422,651
1097.497,558
1097.572,480
1097.647,465
1097.721,483
1097.796,528
1097.871,594
1097.946,684
1098.021,747
1098.095,789
1098.17,792
1098.245,753
1098.32,684
1098.395,620
1098.469,552
1098.544,506
1098.619,477
1098.694,475
1098.769,498
1098.843,551
1098.918,619
1098.993,682
1099.068,741
1099.143,758
1099.218,741
1099.292,694
1099.367,646
1099.442,590
1099.517,540
1099.592,495
1099.667,454
1099.742,442
1099.816,444
1099.891,474
1099.966,489
1100.041,509
1100.116,521
1100.191,512
1100.266,499
1100.34,487
1100.415,466
1100.49,442
1100.565,453
1100.64,445
1100.715,451
1100.79,477
1100.865,514
1100.94,577
1101.014,648
1101.089,717
1101.164,757
1101.239,738
1101.314,663
1101.389,595
1101.464,511
1101.539,427
1101.614,395
1101.689,371
1101.764,355
1101.839,382
1101.913,435
1101.988,503
1102.063,550
1102.138,603
1102.213,579
1102.288,536
1102.363,490
1102.438,454
1102.513,430
1102.588,401
1102.663,391
1102.738,410
1102.813,423
1102.888,459
1102.963,519
1103.038,571
1103.113,609
1103.188,628
1103.263,616
1103.338,571
1103.413,492
1103.488,434
1103.563,382
1103.638,363
1103.713,379
1103.788,410
1103.863,464
1103.938,517
1104.013,562
1104.088,606
1104.163,632
1104.238,592
1104.313,550
1104.388,503
1104.463,466
1104.538,456
1104.613,458
1104.688,483
1104.763,502
1104.838,544
1104.913,614
1104.988,676
1105.063,741
1105.138,759
1105.213,752
1105.288,697
1105.363,632
1105.438,578
1105.513,538
1105.588,517
1105.663,496
1105.738,474
1105.813,481
1105.888,495
1105.963,504
1106.039,533
1106.114,547
1106.189,554
1106.264,545
1106.339,521
1106.414,495
1106.489,463
1106.564,447
1106.639,461
1106.714,491
1106.789,515
1106.864,582
1106.94,644
1107.015,694
1107.09,735
1107.165,746
1107.24,712
1107.315,663
1107.39,615
1107.465,546
1107.54,494
1107.616,464
1107.691,446
1107.766,448
1107.841,476
1107.916,506
1107.991,518
1108.066,557
1108.142,579
1108.217,570
1108.292,555
1108.367,506
1108.442,474
1108.517,460
1108.592,438
1108.668,438
1108.743,460
1108.818,486
1108.893,517
1108.968,554
1109.043,601
1109.119,625
1109.194,634
1109.269,629
1109.344,585
1109.419,542
1109.495,507
1109.57,454
1109.645,421
1109.72,439
1109.795,428
1109.871,419
1109.946,463
1110.021,498
1110.096,525
1110.171,554
1110.247,537
1110.322,527
1110.397,477
1110.472,438
1110.548,405
1110.623,390
1110.698,415
1110.773,444
1110.848,468
1110.924,528
1110.999,573
1111.074,594
1111.149,617
1111.225,614
1111.3,584
1111.375,562
1111.45,544
1111.526,509
1111.601,498
1111.676,488
1111.752,481
1111.827,464
1111.902,475
1111.977,486
1112.053,496
1112.128,518
1112.203,532
1112.278,528
1112.354,513
1112.429,492
1112.504,467
1112.58,455
1112.655,435
1112.73,434
1112.806,460
1112.881,466
1112.956,508
1113.031,562
1113.107,574
1113.182,580
1113.257,560
1113.333,511
1113.408,460
1113.483,414
1113.559,368
1113.634,353
1113.709,371
1113.785,380
1113.86,418
1113.935,467
1114.011,513
1114.086,561
1114.161,587
1114.237,585
1114.312,548
1114.387,503
1114.463,465
1114.538,435
1114.614,418
1114.689,435
1114.764,471
1114.84,506
1114.915,540
1114.99,565
1115.066,574
1115.141,576
1115.217,570
1115.292,532
1115.367,481
1115.443,436
1115.518,395
1115.594,386
1115.669,381
1115.744,390
1115.82,403
1115.895,445
1115.971,476
1116.046,508
1116.121,538
1116.197,553
1116.272,540
1116.348,496
1116.423,450
1116.499,405
1116.574,387
1116.649,368
1116.725,377
1116.8,398
1116.876,425
1116.951,500
1117.027,537
1117.102,555
1117.178,546
1117.253,532
1117.328,492
1117.404,467
1117.479,438
1117.555,402
1117.63,383
1117.706,380
1117.781,379
1117.857,381
1117.932,385
1118.008,414
1118.083,437
1118.159,457
1118.234,458
1118.31,457
1118.385,444
1118.461,423
1118.536,410
1118.612,379
1118.687,378
1118.763,370
1118.838,371
1118.914,394
1118.989,416
1119.065,434
1119.14,457
1119.216,459
1119.291,433
1119.367,404
1119.442,387
1119.518,378
1119.593,382
1119.669,396
1119.745,400
1119.82,394
1119.896,395
1119.971,401
1120.047,436
1120.122,442
1120.198,448
1120.273,411
1120.349,373
1120.425,357
1120.5,330
1120.576,344
1120.651,372
1120.727,413
1120.802,453
1120.878,501
1120.954,545
1121.029,567
1121.105,584
1121.18,599
1121.256,576
1121.332,566
1121.407,537
1121.483,499
1121.558,464
1121.634,446
1121.71,451
1121.785,466
1121.861,495
1121.936,529
1122.012,579
1122.088,610
1122.163,627
1122.239,628
1122.314,590
1122.39,544
1122.466,480
1122.541,408
1122.617,355
1122.693,340
1122.768,350
1122.844,366
1122.92,404
1122.995,450
1123.071,505
1123.147,538
1123.222,529
1123.298,495
1123.374,451
1123.449,402
1123.525,374
1123.601,387
1123.676,407
1123.752,412
1123.828,433
1123.903,460
1123.979,485
1124.055,508
1124.13,556
1124.206,556
1124.282,530
1124.357,501
1124.433,453
1124.509,412
1124.585,397
1124.66,375
1124.736,370
1124.812,395
1124.887,443
1124.963,508
1125.039,551
1125.115,593
1125.19,585
1125.266,560
1125.342,544
1125.418,479
1125.493,441
1125.569,411
1125.645,397
1125.721,401
1125.796,422
1125.872,441
1125.948,477
1126.024,499
1126.099,528
1126.175,568
1126.251,529
1126.327,497
1126.402,449
1126.478,400
1126.554,387
1126.63,373
1126.705,367
1126.781,352
1126.857,368
1126.933,398
1127.009,427
1127.084,467
1127.16,478
1127.236,506
1127.312,495
1127.388,494
1127.463,467
1127.539,419
1127.615,381
1127.691,347
1127.767,355
1127.842,390
1127.918,423
1127.994,471
1128.07,489
1128.146,484
1128.222,470
1128.297,447
1128.373,414
1128.449,396
1128.525,373
1128.601,356
1128.677,370
1128.752,375
1128.828,402
1128.904,425
1128.98,461
1129.056,493
1129.132,532
1129.208,551
1129.283,534
1129.359,499
1129.435,446
1129.511,398
1129.587,371
1129.663,343
1129.739,328
1129.815,334
1129.891,340
1129.966,377
1130.042,406
1130.118,456
1130.194,453
1130.27,443
1130.346,424
1130.422,372
1130.498,352
1130.574,334
1130.65,327
1130.725,339
1130.801,361
1130.877,409
1130.953,460
1131.029,513
1131.105,542
1131.181,537
1131.257,517
1131.333,483
1131.409,428
1131.485,380
1131.561,333
1131.637,300
1131.713,308
1131.789,326
1131.865,361
1131.94,405
1132.016,429
1132.092,445
1132.168,451
1132.244,422
1132.32,391
1132.396,361
1132.472,329
1132.548,312
1132.624,314
1132.7,303
1132.776,314
1132.852,324
1132.928,356
1133.004,386
1133.08,429
1133.156,452
1133.232,441
1133.308,440
1133.384,411
1133.46,377
1133.536,350
1133.612,350
1133.688,336
1133.764,325
1133.84,347
1133.916,380
1133.992,425
1134.068,459
1134.144,459
1134.22,444
1134.296,403
1134.372,369
1134.449,335
1134.525,301
1134.601,273
1134.677,266
1134.753,266
1134.829,298
1134.905,331
1134.981,377
1135.057,445
1135.133,493
1135.209,551
1135.285,576
1135.361,574
1135.437,531
1135.513,470
1135.59,419
1135.666,381
1135.742,366
1135.818,370
1135.894,392
1135.97,422
1136.046,457
1136.122,498
1136.198,535
1136.274,537
1136.35,514
1136.427,459
1136.503,402
1136.579,355
1136.655,340
1136.731,378
1136.807,394
1136.883,436
1136.959,478
1137.036,498
1137.112,520
1137.188,519
1137.264,489
1137.34,446
1137.416,411
1137.492,359
1137.569,327
1137.645,311
1137.721,284
1137.797,307
1137.873,362
1137.949,418
1138.026,480
1138.102,498
1138.178,502
1138.254,479
1138.33,455
1138.406,413
1138.483,384
1138.559,358
1138.635,330
1138.711,338
1138.787,348
1138.863,369
1138.94,412
1139.016,463
1139.092,500
1139.168,510
1139.244,499
1139.321,467
1139.397,432
1139.473,409
1139.549,376
1139.626,342
1139.702,322
1139.778,310
1139.854,311
1139.93,349
1140.007,391
1140.083,437
1140.159,448
1140.235,463
1140.312,468
1140.388,433
1140.464,405
1140.54,391
1140.617,356
1140.693,336
1140.769,344
1140.845,367
1140.922,410
1140.998,458
1141.074,490
1141.15,502
1141.227,510
1141.303,507
1141.379,498
1141.456,477
1141.532,444
1141.608,405
1141.684,378
1141.761,384
1141.837,383
1141.913,419
1141.99,443
1142.066,473
1142.142,508
1142.219,521
1142.295,521
1142.371,486
1142.447,436
1142.524,387
1142.6,345
1142.676,342
1142.753,362
1142.829,384
1142.905,422
1142.982,461
1143.058,493
1143.134,514
1143.211,504
1143.287,498
1143.363,471
1143.44,431
1143.516,413
1143.593,387
1143.669,383
1143.745,388
1143.822,394
1143.898,408
1143.974,397
1144.051,405
1144.127,407
1144.203,397
1144.28,378
1144.356,367
1144.433,365
1144.509,361
1144.585,370
1144.662,352
1144.738,374
1144.815,434
1144.891,480
1144.967,536
1145.044,589
1145.12,583
1145.197,562
1145.273,542
1145.349,516
1145.426,465
1145.502,425
1145.579,385
1145.655,352
1145.731,360
1145.808,387
1145.884,431
1145.961,484
1146.037,510
1146.114,535
1146.19,558
1146.267,531
1146.343,508
1146.419,461
1146.496,407
1146.572,360
1146.649,331
1146.725,340
1146.802,368
1146.878,406
1146.955,461
1147.031,486
1147.108,511
1147.184,534
1147.261,494
1147.337,464
1147.414,421
1147.49,396
1147.566,373
1147.643,367
1147.719,371
1147.796,361
1147.872,364
1147.949,369
1148.025,389
1148.102,400
1148.178,397
1148.255,396
1148.332,379
1148.408,365
1148.485,337
1148.561,323
1148.638,324
1148.714,333
1148.791,375
1148.867,427
1148.944,467
1149.02,520
1149.097,541
1149.173,545
1149.25,539
1149.326,494
1149.403,448
1149.48,409
1149.556,370
1149.633,365
1149.709,369
1149.786,377
1149.862,381
1149.939,388
1150.015,405
1150.092,431
1150.169,460
1150.245,457
1150.322,427
1150.398,392
1150.475,336
1150.552,301
1150.628,292
1150.705,298
1150.781,324
1150.858,371
1150.935,419
1151.011,472
1151.088,526
1151.164,545
1151.241,558
1151.318,532
1151.394,482
1151.471,419
1151.547,373
1151.624,352
1151.701,335
1151.777,339
1151.854,357
1151.931,391
1152.007,427
1152.084,481
1152.161,496
1152.237,486
1152.314,457
1152.39,417
1152.467,379
1152.544,351
1152.62,337
1152.697,338
1152.774,345
1152.85,379
1152.927,436
1153.004,470
1153.08,506
1153.157,519
1153.234,520
1153.31,492
1153.387,479
1153.464,424
1153.541,372
1153.617,351
1153.694,315
1153.771,324
1153.847,359
1153.924,398
1154.001,424
1154.077,433
1154.154,414
1154.231,408
1154.308,403
1154.384,384
1154.461,366
1154.538,342
1154.614,299
1154.691,298
1154.768,306
1154.845,316
1154.921,349
1154.998,379
1155.075,419
1155.152,448
1155.228,461
1155.305,456
1155.382,425
1155.459,385
1155.535,350
1155.612,325
1155.689,323
1155.766,352
1155.842,382
1155.919,406
1155.996,433
1156.073,462
1156.15,482
1156.226,489
1156.303,477
1156.38,446
1156.457,393
1156.533,361
1156.61,329
1156.687,312
1156.764,315
1156.841,337
1156.917,379
1156.994,409
1157.071,436
1157.148,449
1157.225,434
1157.302,429
1157.378,387
1157.455,365
1157.532,325
1157.609,302
1157.686,298
1157.763,306
1157.839,337
1157.916,376
1157.993,412
1158.07,450
1158.147,483
1158.224,488
1158.3,493
1158.377,496
1158.454,456
1158.531,409
1158.608,394
1158.685,354
1158.762,342
1158.838,347
1158.915,350
1158.992,371
1159.069,419
1159.146,447
1159.223,457
1159.3,434
1159.377,389
1159.453,345
1159.53,297
1159.607,262
1159.684,250
1159.761,242
1159.838,252
1159.915,285
1159.992,314
1160.069,365
1160.146,369
1160.223,373
1160.299,371
1160.376,332
1160.453,313
1160.53,273
1160.607,257
1160.684,251
1160.761,273
1160.838,314
1160.915,338
1160.992,398
1161.069,460
1161.146,499
1161.223,513
1161.3,527
1161.377,502
1161.454,469
1161.53,440
1161.607,420
1161.684,402
1161.761,413
1161.838,423
1161.915,422
1161.992,429
1162.069,447
1162.146,456
1162.223,455
1162.3,430
1162.377,401
1162.454,349
1162.531,325
1162.608,316
1162.685,323
1162.762,345
1162.839,379
1162.916,402
1162.993,448
1163.07,503
1163.147,531
1163.224,550
1163.301,544
1163.378,507
1163.455,451
1163.532,389
1163.609,329
1163.686,294
1163.763,270
1163.84,268
1163.917,292
1163.995,335
1164.072,380
1164.149,425
1164.226,443
1164.303,424
1164.38,410
1164.457,360
1164.534,341
1164.611,319
1164.688,303
1164.765,312
1164.842,325
1164.919,358
1164.996,401
1165.073,447
1165.15,478
1165.228,497
1165.305,478
1165.382,464
1165.459,410
1165.536,372
1165.613,353
1165.69,330
1165.767,327
1165.844,336
1165.921,359
1165.999,378
1166.076,401
1166.153,412
1166.23,405
1166.307,393
1166.384,369
1166.461,332
1166.538,286
1166.616,262
1166.693,254
1166.77,259
1166.847,284
1166.924,320
1167.001,354
1167.078,396
1167.155,449
1167.233,444
1167.31,434
1167.387,409
1167.464,371
1167.541,348
1167.618,323
1167.696,309
1167.773,291
1167.85,325
1167.927,352
1168.004,404
1168.081,433
1168.159,438
1168.236,429
1168.313,378
1168.39,349
1168.467,326
1168.545,313
1168.622,319
1168.699,332
1168.776,348
1168.853,393
1168.931,437
1169.008,497
1169.085,559
1169.162,598
1169.239,603
1169.317,577
1169.394,530
1169.471,465
1169.548,426
1169.626,371
1169.703,324
1169.78,296
1169.857,300
1169.935,329
1170.012,371
1170.089,424
1170.166,456
1170.244,494
1170.321,490
1170.398,460
1170.475,422
1170.553,393
1170.63,365
1170.707,359
1170.784,358
1170.862,365
1170.939,400
1171.016,451
1171.093,486
1171.171,510
1171.248,513
1171.325,515
1171.403,491
1171.48,447
1171.557,417
1171.635,363
1171.712,342
1171.789,355
1171.866,402
1171.944,441
1172.021,472
1172.098,509
1172.176,501
1172.253,486
1172.33,481
1172.408,445
1172.485,413
1172.562,396
1172.64,374
1172.717,355
1172.794,365
1172.872,365
1172.949,371
1173.026,384
1173.104,385
1173.181,386
1173.258,379
1173.336,372
1173.413,346
1173.49,318
1173.568,292
1173.645,266
1173.723,270
1173.8,295
1173.877,323
1173.955,344
1174.032,352
1174.109,370
1174.187,366
1174.264,360
1174.342,346
1174.419,327
1174.496,308
1174.574,288
1174.651,287
1174.729,292
1174.806,301
1174.883,314
1174.961,347
1175.038,373
1175.116,430
1175.193,454
1175.27,472
1175.348,462
1175.425,446
1175.503,423
1175.58,383
1175.658,354
1175.735,336
1175.812,328
1175.89,333
1175.967,342
1176.045,337
1176.122,354
1176.2,345
1176.277,348
1176.355,341
1176.432,330
1176.51,324
1176.587,316
1176.664,318
1176.742,316
1176.819,334
1176.897,356
1176.974,364
1177.052,370
1177.129,371
1177.207,384
1177.284,398
1177.362,381
1177.439,364
1177.517,330
1177.594,309
1177.672,301
1177.749,304
1177.827,310
1177.904,332
1177.982,362
1178.059,388
1178.137,425
1178.214,433
1178.292,433
1178.369,436
1178.447,404
1178.524,383
1178.602,354
1178.679,338
1178.757,318
1178.835,303
1178.912,307
1178.99,305
1179.067,309
1179.145,324
1179.222,326
1179.3,311
1179.377,303
1179.455,283
1179.533,274
1179.61,265
1179.688,283
1179.765,291
1179.843,317
1179.92,356
1179.998,405
1180.076,442
1180.153,470
1180.231,475
1180.308,466
1180.386,445
1180.463,399
1180.541,358
1180.619,314
1180.696,290
1180.774,282
1180.851,301
1180.929,326
1181.007,370
1181.084,420
1181.162,461
1181.24,465
1181.317,480
1181.395,475
1181.472,439
1181.55,419
1181.628,381
1181.705,338
1181.783,306
1181.861,313
1181.938,312
1182.016,315
1182.094,344
1182.171,362
1182.249,381
1182.327,387
1182.404,357
1182.482,323
1182.559,292
1182.637,264
1182.715,250
1182.793,247
1182.87,262
1182.948,272
1183.026,293
1183.103,327
1183.181,351
1183.259,355
1183.336,347
1183.414,331
1183.492,320
1183.569,309
1183.647,292
1183.725,289
1183.802,295
1183.88,320
1183.958,361
1184.036,394
1184.113,416
1184.191,410
1184.269,413
1184.346,383
1184.424,354
1184.502,348
1184.58,331
1184.657,319
1184.735,316
1184.813,308
1184.891,324
1184.968,359
1185.046,384
1185.124,414
1185.202,429
1185.279,423
1185.357,416
1185.435,408
1185.513,401
1185.59,381
1185.668,363
1185.746,349
1185.824,338
1185.901,331
1185.979,336
1186.057,333
1186.135,333
1186.213,330
1186.29,332
1186.368,327
1186.446,323
1186.524,323
1186.602,318
1186.679,326
1186.757,355
1186.835,398
1186.913,432
1186.991,489
1187.068,538
1187.146,573
1187.224,581
1187.302,546
1187.38,483
1187.458,429
1187.535,385
1187.613,338
1187.691,315
1187.769,309
1187.847,326
1187.925,336
1188.002,344
1188.08,358
1188.158,381
1188.236,386
1188.314,399
1188.392,390
1188.469,362
1188.547,334
1188.625,294
1188.703,282
1188.781,285
1188.859,312
1188.937,344
1189.015,402
1189.092,433
1189.17,425
1189.248,432
1189.326,391
1189.404,357
1189.482,327
1189.56,300
1189.638,265
1189.716,247
1189.794,253
1189.871,262
1189.949,285
1190.027,304
1190.105,305
1190.183,320
1190.261,331
1190.339,325
1190.417,322
1190.495,324
1190.573,327
1190.651,304
1190.729,298
1190.806,294
1190.884,306
1190.962,341
1191.04,373
1191.118,418
1191.196,444
1191.274,458
1191.352,464
1191.43,433
1191.508,389
1191.586,337
1191.664,285
1191.742,259
1191.82,260
1191.898,299
1191.976,344
1192.054,397
1192.132,426
1192.21,456
1192.288,464
1192.366,447
1192.444,430
1192.522,402
1192.6,351
1192.678,304
1192.756,275
1192.834,255
1192.912,253
1192.99,264
1193.068,295
1193.146,318
1193.224,344
1193.302,358
1193.38,345
1193.458,328
1193.536,286
1193.614,268
1193.692,253
1193.77,254
1193.848,275
1193.926,298
1194.004,340
1194.082,359
1194.16,391
1194.238,382
1194.316,360
1194.394,349
1194.472,348
1194.551,348
1194.629,319
1194.707,316
1194.785,291
1194.863,282
1194.941,291
1195.019,298
1195.097,318
1195.175,345
1195.253,366
1195.331,366
1195.409,366
1195.487,354
1195.566,324
1195.644,305
1195.722,291
1195.8,277
1195.878,298
1195.956,331
1196.034,365
1196.112,405
1196.19,425
1196.269,414
1196.347,378
1196.425,355
1196.503,339
1196.581,317
1196.659,295
1196.737,288
1196.815,296
1196.894,310
1196.972,353
1197.05,384
1197.128,394
1197.206,406
1197.284,391
1197.363,389
1197.441,367
1197.519,350
1197.597,333
1197.675,312
1197.753,319
1197.831,335
1197.91,357
1197.988,367
1198.066,399
1198.144,424
1198.222,431
1198.301,436
1198.379,412
1198.457,376
1198.535,329
1198.613,308
1198.692,276
1198.77,274
1198.848,306
1198.926,333
1199.004,384
1199.083,424
1199.161,468
1199.239,490
1199.317,481
1199.395,471
1199.474,457
1199.552,430
1199.63,390
1199.708,368
1199.787,343
1199.865,356
1199.943,387
1200.021,408
1200.1,427
1200.178,438
1200.256,423
1200.334,406
1200.413,374
1200.491,346
1200.569,315
1200.647,295
1200.726,285
1200.804,287
1200.882,319
1200.96,344
1201.039,384
1201.117,403
1201.195,411
1201.274,386
1201.352,354
1201.43,327
1201.508,296
1201.587,281
1201.665,265
1201.743,260
1201.822,286
1201.9,326
1201.978,359
1202.057,398
1202.135,429
1202.213,456
1202.292,461
1202.37,481
1202.448,480
1202.526,444
1202.605,415
1202.683,389
1202.761,354
1202.84,335
1202.918,351
1202.997,366
1203.075,396
1203.153,423
1203.232,438
1203.31,434
1203.388,412
1203.467,379
1203.545,349
1203.623,306
1203.702,280
1203.78,269
1203.858,265
1203.937,272
1204.015,301
1204.094,336
1204.172,362
1204.25,380
1204.329,371
1204.407,346
1204.485,331
1204.564,311
1204.642,294
1204.721,283
1204.799,294
1204.877,294
1204.956,317
1205.034,354
1205.113,357
1205.191,391
1205.27,386
1205.348,383
1205.426,366
1205.505,350
1205.583,333
1205.662,309
1205.74,309
1205.819,316
1205.897,332
1205.975,359
1206.054,376
1206.132,404
1206.211,409
1206.289,413
1206.368,410
1206.446,385
1206.525,357
1206.603,316
1206.681,302
1206.76,299
1206.838,334
1206.917,373
1206.995,406
1207.074,446
1207.152,470
1207.231,495
1207.309,494
1207.388,471
1207.466,416
1207.545,362
1207.623,312
1207.702,274
1207.78,261
1207.859,235
1207.937,234
1208.016,254
1208.094,261
1208.173,295
1208.251,310
1208.33,318
1208.408,321
1208.487,307
1208.565,296
1208.644,267
1208.722,253
1208.801,250
1208.88,263
1208.958,313
1209.037,353
1209.115,402
1209.194,440
1209.272,423
1209.351,405
1209.429,374
1209.508,350
1209.586,325
1209.665,308
1209.744,295
1209.822,279
1209.901,298
1209.979,336
1210.058,370
1210.136,390
1210.215,405
1210.294,392
1210.372,350
1210.451,329
1210.529,308
1210.608,278
1210.687,263
1210.765,269
1210.844,276
1210.922,320
1211.001,363
1211.08,384
1211.158,415
1211.237,424
1211.315,432
1211.394,437
1211.473,422
1211.551,422
1211.63,402
1211.709,396
1211.787,375
1211.866,369
1211.944,379
1212.023,384
1212.102,413
1212.18,414
1212.259,406
1212.338,383
1212.416,350
1212.495,331
1212.574,317
1212.652,314
1212.731,300
1212.81,299
1212.888,300
1212.967,310
1213.046,340
1213.124,372
1213.203,394
1213.282,426
1213.36,442
1213.439,419
1213.518,404
1213.596,370
1213.675,344
1213.754,334
1213.833,342
1213.911,356
1213.99,356
1214.069,376
1214.147,378
1214.226,366
1214.305,344
1214.383,303
1214.462,279
1214.541,260
1214.62,236
1214.698,240
1214.777,242
1214.856,254
1214.935,298
1215.013,328
1215.092,364
1215.171,390
1215.25,416
1215.328,419
1215.407,409
1215.486,383
1215.565,348
1215.643,323
1215.722,308
1215.801,296
1215.88,290
1215.958,298
1216.037,319
1216.116,335
1216.195,356
1216.273,359
1216.352,354
1216.431,359
1216.51,349
1216.589,339
1216.667,317
1216.746,293
1216.825,285
1216.904,280
1216.983,312
1217.061,342
1217.14,376
1217.219,370
1217.298,349
1217.377,328
1217.455,296
1217.534,263
1217.613,233
1217.692,215
1217.771,210
1217.85,228
1217.928,257
1218.007,276
1218.086,295
1218.165,324
1218.244,324
1218.323,311
1218.401,299
1218.48,282
1218.559,273
1218.638,257
1218.717,260
1218.796,256
1218.875,263
1218.954,296
1219.032,331
1219.111,361
1219.19,365
1219.269,374
1219.348,370
1219.427,361
1219.506,340
1219.585,319
1219.663,307
1219.742,297
1219.821,317
1219.9,316
1219.979,334
1220.058,373
1220.137,400
1220.216,438
1220.295,445
1220.374,431
1220.452,391
1220.531,351
1220.61,310
1220.689,280
1220.768,264
1220.847,259
1220.926,276
1221.005,305
1221.084,334
1221.163,324
1221.242,323
1221.321,316
1221.4,301
1221.479,293
1221.558,291
1221.637,286
1221.716,271
1221.794,285
1221.873,281
1221.952,282
1222.031,294
1222.11,304
1222.189,323
1222.268,334
1222.347,333
1222.426,317
1222.505,309
1222.584,294
1222.663,274
1222.742,272
1222.821,265
1222.9,277
1222.979,290
1223.058,325
1223.137,357
1223.216,368
1223.295,376
1223.374,360
1223.453,341
1223.532,325
1223.611,323
1223.69,304
1223.769,302
1223.848,302
1223.927,310
1224.006,316
1224.085,325
1224.165,333
1224.244,332
1224.323,347
1224.402,332
1224.481,314
1224.56,289
1224.639,260
1224.718,268
1224.797,292
1224.876,341
1224.955,384
1225.034,424
1225.113,464
1225.192,500
1225.271,516
1225.35,505
1225.429,457
1225.509,409
1225.588,359
1225.667,340
1225.746,331
1225.825,327
1225.904,324
1225.983,345
1226.062,344
1226.141,355
1226.22,359
1226.3,360
1226.379,348
1226.458,334
1226.537,302
1226.616,290
1226.695,281
1226.774,271
1226.853,289
1226.932,307
1227.012,330
1227.091,342
1227.17,373
1227.249,381
1227.328,384
1227.407,375
1227.486,359
1227.566,326
1227.645,303
1227.724,278
1227.803,240
1227.882,232
1227.961,225
1228.041,235
1228.12,244
1228.199,270
1228.278,279
1228.357,279
1228.436,282
1228.516,265
1228.595,255
1228.674,256
1228.753,252
1228.832,256
1228.912,268
1228.991,301
1229.07,355
1229.149,389
1229.228,421
1229.308,428
1229.387,424
1229.466,400
1229.545,384
1229.624,362
1229.704,303
1229.783,280
1229.862,274
1229.941,270
1230.021,301
1230.1,328
1230.179,341
1230.258,342
1230.338,313
1230.417,304
1230.496,283
1230.575,277
1230.654,270
1230.734,273
1230.813,279
1230.892,302
1230.972,348
1231.051,389
1231.13,419
1231.209,447
1231.289,460
1231.368,438
1231.447,412
1231.526,373
1231.606,327
1231.685,316
1231.764,314
1231.844,317
1231.923,336
1232.002,338
1232.081,340
1232.161,348
1232.24,352
1232.319,368
1232.399,341
1232.478,321
1232.557,313
1232.637,278
1232.716,279
1232.795,273
1232.875,277
1232.954,293
1233.033,305
1233.113,325
1233.192,342
1233.271,352
1233.351,368
1233.43,379
1233.509,369
1233.589,379
1233.668,348
1233.747,320
1233.827,302
1233.906,275
1233.985,279
1234.065,281
1234.144,295
1234.223,300
1234.303,313
1234.382,311
1234.462,288
1234.541,269
1234.62,253
1234.7,251
1234.779,242
1234.859,244
1234.938,251
1235.017,265
1235.097,319
1235.176,344
1235.255,368
1235.335,378
1235.414,362
1235.494,354
1235.573,330
1235.653,313
1235.732,282
1235.811,280
1235.891,300
1235.97,321
1236.05,339
1236.129,347
1236.209,354
1236.288,345
1236.367,335
1236.447,311
1236.526,290
1236.606,264
1236.685,221
1236.765,218
1236.844,230
1236.924,256
1237.003,298
1237.082,339
1237.162,385
1237.241,419
1237.321,438
1237.4,434
1237.48,417
1237.559,382
1237.639,343
1237.718,312
1237.798,303
1237.877,308
1237.957,330
1238.036,356
1238.116,357
1238.195,368
1238.275,348
1238.354,333
1238.434,304
1238.513,274
1238.593,260
1238.672,239
1238.752,232
1238.831,240
1238.911,270
1238.99,307
1239.07,350
1239.149,364
1239.229,383
1239.308,386
1239.388,356
1239.467,320
1239.547,297
1239.627,280
1239.706,253
1239.786,250
1239.865,243
1239.945,278
1240.024,323
1240.104,354
1240.183,389
1240.263,407
1240.343,398
1240.422,386
1240.502,379
1240.581,340
1240.661,302
1240.74,286
1240.82,256
1240.9,249
1240.979,275
1241.059,309
1241.138,347
1241.218,384
1241.298,403
1241.377,400
1241.457,389
1241.536,330
1241.616,308
1241.696,287
1241.775,260
1241.855,263
1241.934,273
1242.014,282
1242.094,318
1242.173,349
1242.253,359
1242.333,355
1242.412,341
1242.492,325
1242.572,297
1242.651,285
1242.731,280
1242.81,275
1242.89,273
1242.97,274
1243.049,288
1243.129,297
1243.209,312
1243.288,325
1243.368,322
1243.448,316
1243.527,280
1243.607,247
1243.687,245
1243.766,243
1243.846,243
1243.926,257
1244.005,270
1244.085,275
1244.165,292
1244.245,296
1244.324,296
1244.404,298
1244.484,286
1244.563,271
1244.643,257
1244.723,237
1244.802,222
1244.882,221
1244.962,229
1245.042,262
1245.121,295
1245.201,322
1245.281,335
1245.361,336
1245.44,329
1245.52,317
1245.6,288
1245.679,267
1245.759,251
1245.839,254
1245.919,273
1245.998,307
1246.078,347
1246.158,383
1246.238,394
1246.318,401
1246.397,384
1246.477,368
1246.557,351
1246.637,327
1246.716,308
1246.796,293
1246.876,294
1246.956,309
1247.035,320
1247.115,325
1247.195,341
1247.275,343
1247.355,330
1247.434,322
1247.514,309
1247.594,293
1247.674,281
1247.754,301
1247.833,295
1247.913,302
1247.993,315
1248.073,346
1248.153,345
1248.233,351
1248.312,360
1248.392,326
1248.472,314
1248.552,301
1248.632,295
1248.712,288
1248.791,301
1248.871,311
1248.951,327
1249.031,361
1249.111,368
1249.191,389
1249.271,408
1249.35,407
1249.43,395
1249.51,356
1249.59,315
1249.67,286
1249.75,263
1249.83,247
1249.909,238
1249.989,246
1250.069,253
1250.149,266
1250.229,278
1250.309,262
1250.389,251
1250.469,249
1250.549,235
1250.628,237
1250.708,249
1250.788,245
1250.868,244
1250.948,259
1251.028,273
1251.108,300
1251.188,310
1251.268,304
1251.348,293
1251.428,280
1251.508,256
1251.588,234
1251.667,216
1251.747,219
1251.827,232
1251.907,248
1251.987,288
1252.067,306
1252.147,320
1252.227,336
1252.307,331
1252.387,319
1252.467,302
1252.547,285
1252.627,260
1252.707,253
1252.787,266
1252.867,278
1252.947,295
1253.027,311
1253.107,322
1253.187,327
1253.267,344
1253.347,348
1253.427,334
1253.507,335
1253.587,311
1253.667,302
1253.747,301
1253.827,300
1253.907,290
1253.987,294
1254.067,298
1254.147,304
1254.227,311
1254.307,306
1254.387,287
1254.467,275
1254.547,255
1254.627,239
1254.707,225
1254.787,209
1254.867,211
1254.947,229
1255.027,254
1255.107,278
1255.187,308
1255.267,326
1255.347,352
1255.427,363
1255.507,371
1255.587,344
1255.668,320
1255.748,282
1255.828,263
1255.908,276
1255.988,286
1256.068,305
1256.148,300
1256.228,301
1256.308,301
1256.388,312
1256.468,307
1256.548,305
1256.628,294
1256.709,292
1256.789,282
1256.869,290
1256.949,303
1257.029,305
1257.109,320
1257.189,320
1257.269,318
1257.349,312
1257.43,306
1257.51,296
1257.59,280
1257.67,262
1257.75,249
1257.83,249
1257.91,256
1257.991,263
1258.071,265
1258.151,266
1258.231,261
1258.311,259
1258.391,249
1258.471,243
1258.552,235
1258.632,229
1258.712,213
1258.792,218
1258.872,227
1258.952,228
1259.033,253
1259.113,268
1259.193,293
1259.273,316
1259.353,327
1259.433,308
1259.514,276
1259.594,243
1259.674,217
1259.754,224
1259.834,229
1259.915,232
1259.995,258
1260.075,261
1260.155,265
1260.235,260
1260.316,249
1260.396,244
1260.476,241
1260.556,239
1260.637,237
1260.717,241
1260.797,252
1260.877,276
1260.958,297
1261.038,298
1261.118,321
1261.198,336
1261.279,338
1261.359,339
1261.439,316
1261.519,284
1261.6,252
1261.68,235
1261.76,241
1261.84,250
1261.921,264
1262.001,285
1262.081,304
1262.161,326
1262.242,341
1262.322,334
1262.402,309
1262.483,287
1262.563,253
1262.643,226
1262.723,209
1262.804,200
1262.884,200
1262.964,208
1263.045,238
1263.125,265
1263.205,293
1263.286,326
1263.366,350
1263.446,358
1263.526,346
1263.607,353
1263.687,323
1263.767,316
1263.848,306
1263.928,293
1264.008,285
1264.089,293
1264.169,303
1264.249,300
1264.33,279
1264.41,258
1264.49,226
1264.571,209
1264.651,216
1264.732,208
1264.812,230
1264.892,255
1264.973,282
1265.053,305
1265.133,328
1265.214,350
1265.294,351
1265.375,344
1265.455,314
1265.535,292
1265.616,269
1265.696,253
1265.776,238
1265.857,231
1265.937,251
1266.018,269
1266.098,305
1266.178,342
1266.259,354
1266.339,352
1266.42,363
1266.5,351
1266.58,335
1266.661,321
1266.741,289
1266.822,270
1266.902,288
1266.983,325
1267.063,349
1267.143,376
1267.224,400
1267.304,389
1267.385,381
1267.465,364
1267.546,341
1267.626,312
1267.707,288
1267.787,282
1267.868,285
1267.948,310
1268.028,332
1268.109,345
1268.189,353
1268.27,373
1268.35,368
1268.431,356
1268.511,347
1268.592,321
1268.672,284
1268.753,270
1268.833,264
1268.914,257
1268.994,263
1269.075,276
1269.155,291
1269.236,298
1269.316,305
1269.397,301
1269.477,290
1269.558,273
1269.638,246
1269.719,225
1269.799,227
1269.88,213
1269.96,235
1270.041,260
1270.121,284
1270.202,313
1270.283,327
1270.363,312
1270.444,295
1270.524,276
1270.605,254
1270.685,237
1270.766,227
1270.846,235
1270.927,237
1271.007,243
1271.088,243
1271.169,244
1271.249,243
1271.33,238
1271.41,250
1271.491,248
1271.571,229
1271.652,233
1271.733,237
1271.813,228
1271.894,245
1271.974,249
1272.055,257
1272.136,284
1272.216,307
1272.297,326
1272.377,311
1272.458,298
1272.539,268
1272.619,258
1272.7,250
1272.78,245
1272.861,249
1272.942,250
1273.022,259
1273.103,271
1273.184,292
1273.264,310
1273.345,322
1273.425,332
1273.506,325
1273.587,303
1273.667,286
1273.748,283
1273.829,271
1273.909,272
1273.99,288
1274.071,290
1274.151,321
1274.232,354
1274.313,355
1274.393,364
1274.474,367
1274.555,327
1274.635,305
1274.716,284
1274.797,280
1274.877,296
1274.958,318
1275.039,322
1275.119,342
1275.2,348
1275.281,353
1275.362,342
1275.442,311
1275.523,296
1275.604,276
1275.684,270
1275.765,265
1275.846,263
1275.927,274
1276.007,276
1276.088,283
1276.169,286
1276.249,272
1276.33,257
1276.411,245
1276.492,209
1276.572,197
1276.653,197
1276.734,190
1276.815,194
1276.895,216
1276.976,254
1277.057,289
1277.138,309
1277.218,330
1277.299,326
1277.38,330
1277.461,327
1277.541,319
1277.622,295
1277.703,281
1277.784,266
1277.865,260
1277.945,248
1278.026,255
1278.107,262
1278.188,269
1278.268,274
1278.349,276
1278.43,273
1278.511,274
1278.592,288
1278.673,296
1278.753,297
1278.834,299
1278.915,297
1278.996,303
1279.077,319
1279.157,344
1279.238,366
1279.319,376
1279.4,378
1279.481,359
1279.562,340
1279.642,330
1279.723,326
1279.804,330
1279.885,340
1279.966,331
1280.047,349
1280.127,362
1280.208,375
1280.289,373
1280.37,347
1280.451,321
1280.532,284
1280.613,252
1280.694,254
1280.774,238
1280.855,247
1280.936,255
1281.017,266
1281.098,285
1281.179,303
1281.26,323
1281.341,322
1281.421,326
1281.502,306
1281.583,270
1281.664,248
1281.745,234
1281.826,239
1281.907,229
1281.988,226
1282.069,241
1282.15,253
1282.231,272
1282.311,282
1282.392,275
1282.473,260
1282.554,221
1282.635,217
1282.716,210
1282.797,217
1282.878,231
1282.959,251
1283.04,285
1283.121,313
1283.202,331
1283.283,350
1283.364,351
1283.445,327
1283.526,288
1283.607,253
1283.688,224
1283.769,185
1283.85,188
1283.93,187
1284.011,210
1284.092,234
1284.173,263
1284.254,288
1284.335,279
1284.416,276
1284.497,272
1284.578,274
1284.659,259
1284.74,259
1284.821,248
1284.902,246
1284.983,249
1285.064,260
1285.145,261
1285.226,268
1285.307,304
1285.388,315
1285.47,315
1285.551,324
1285.632,309
1285.713,283
1285.794,267
1285.875,253
1285.956,246
1286.037,247
1286.118,260
1286.199,253
1286.28,258
1286.361,247
1286.442,231
1286.523,229
1286.604,202
1286.685,196
1286.766,182
1286.847,168
1286.928,175
1287.009,192
1287.091,220
1287.172,244
1287.253,274
1287.334,291
1287.415,305
1287.496,314
1287.577,306
1287.658,305
1287.739,281
1287.82,254
1287.901,246
1287.983,246
1288.064,255
1288.145,259
1288.226,269
1288.307,263
1288.388,257
1288.469,230
1288.55,206
1288.631,199
1288.713,195
1288.794,207
1288.875,206
1288.956,217
1289.037,237
1289.118,247
1289.199,261
1289.281,278
1289.362,281
1289.443,304
1289.524,303
1289.605,287
1289.686,264
1289.768,247
1289.849,243
1289.93,248
1290.011,253
1290.092,265
1290.173,264
1290.255,270
1290.336,268
1290.417,286
1290.498,270
1290.579,244
1290.66,233
1290.742,214
1290.823,210
1290.904,221
1290.985,224
1291.066,229
1291.148,243
1291.229,265
1291.31,273
1291.391,285
1291.473,302
1291.554,293
1291.635,273
1291.716,264
1291.797,250
1291.879,245
1291.96,246
1292.041,280
1292.122,291
1292.204,306
1292.285,320
1292.366,325
1292.447,299
1292.529,272
1292.61,262
1292.691,233
1292.772,220
1292.854,225
1292.935,221
1293.016,220
1293.097,241
1293.179,258
1293.26,267
1293.341,271
1293.422,267
1293.504,250
1293.585,244
1293.666,231
1293.748,213
1293.829,212
1293.91,216
1293.992,225
1294.073,245
1294.154,260
1294.235,275
1294.317,276
1294.398,287
1294.479,286
1294.561,303
1294.642,292
1294.723,294
1294.805,319
1294.886,323
1294.967,334
1295.049,346
1295.13,337
1295.211,336
1295.293,356
1295.374,346
1295.455,322
1295.537,304
1295.618,283
1295.699,275
1295.781,280
1295.862,283
1295.943,300
1296.025,307
1296.106,323
1296.188,340
1296.269,351
1296.35,347
1296.432,343
1296.513,332
1296.594,308
1296.676,289
1296.757,270
1296.839,255
1296.92,252
1297.001,271
1297.083,286
1297.164,303
1297.246,316
1297.327,312
1297.408,293
1297.49,272
1297.571,258
1297.653,229
1297.734,208
1297.815,208
1297.897,199
1297.978,209
1298.06,231
1298.141,254
1298.223,274
1298.304,292
1298.385,303
1298.467,294
1298.548,266
1298.63,236
1298.711,211
1298.793,190
1298.874,196
1298.956,208
1299.037,204
1299.118,217
1299.2,246
1299.281,269
1299.363,292
1299.444,316
1299.526,302
1299.607,280
1299.689,260
1299.77,234
1299.852,213
1299.933,210
1300.015,220
1300.096,232
1300.178,238
1300.259,252
1300.341,267
1300.422,264
1300.504,274
1300.585,269
1300.667,251
1300.748,240
1300.83,243
1300.911,253
1300.993,285
1301.074,318
1301.156,346
1301.237,378
1301.319,394
1301.4,395
1301.482,374
1301.563,336
1301.645,303
1301.727,278
1301.808,261
1301.89,243
1301.971,227
1302.053,227
1302.134,219
1302.216,224
1302.297,238
1302.379,248
1302.461,247
1302.542,245
1302.624,233
1302.705,208
1302.787,215
1302.868,219
1302.95,233
1303.032,238
1303.113,252
1303.195,254
1303.276,253
1303.358,264
1303.44,262
1303.521,255
1303.603,259
1303.684,242
1303.766,210
1303.848,196
1303.929,184
1304.011,178
1304.092,213
1304.174,234
1304.256,252
1304.337,270
1304.419,284
1304.501,286
1304.582,280
1304.664,274
1304.745,262
1304.827,258
1304.909,250
1304.99,244
1305.072,260
1305.154,285
1305.235,304
1305.317,317
1305.399,322
1305.48,301
1305.562,290
1305.644,278
1305.725,250
1305.807,238
1305.889,231
1305.97,226
1306.052,219
1306.134,241
1306.215,259
1306.297,278
1306.379,270
1306.461,255
1306.542,242
1306.624,229
1306.706,224
1306.787,213
1306.869,211
1306.951,210
1307.032,229
1307.114,254
1307.196,288
1307.278,314
1307.359,310
1307.441,290
1307.523,273
1307.604,260
1307.686,247
1307.768,252
1307.85,244
1307.931,241
1308.013,235
1308.095,238
1308.177,235
1308.258,224
1308.34,228
1308.422,233
1308.504,235
1308.585,242
1308.667,247
1308.749,235
1308.831,231
1308.913,245
1308.994,249
1309.076,257
1309.158,264
1309.24,271
1309.321,268
1309.403,272
1309.485,257
1309.567,242
1309.649,233
1309.73,216
1309.812,217
1309.894,222
1309.976,236
1310.058,246
1310.139,271
1310.221,324
1310.303,339
1310.385,356
1310.467,329
1310.549,302
1310.63,292
1310.712,257
1310.794,237
1310.876,207
1310.958,185
1311.04,195
1311.121,220
1311.203,240
1311.285,257
1311.367,269
1311.449,274
1311.531,282
1311.612,279
1311.694,271
1311.776,255
1311.858,243
1311.94,245
1312.022,239
1312.104,250
1312.186,243
1312.267,237
1312.349,239
1312.431,240
1312.513,244
1312.595,251
1312.677,252
1312.759,235
1312.841,216
1312.923,211
1313.004,205
1313.086,226
1313.168,247
1313.25,257
1313.332,267
1313.414,269
1313.496,250
1313.578,221
1313.66,210
1313.742,187
1313.824,171
1313.906,163
1313.987,158
1314.069,154
1314.151,159
1314.233,168
1314.315,167
1314.397,170
1314.479,168
1314.561,183
1314.643,189
1314.725,190
1314.807,195
1314.889,197
1314.971,202
1315.053,210
1315.135,241
1315.217,251
1315.299,266
1315.381,278
1315.463,260
1315.545,258
1315.627,245
1315.709,241
1315.791,254
1315.873,264
1315.955,295
1316.037,314
1316.119,318
1316.201,333
1316.283,338
1316.365,339
1316.447,352
1316.529,346
1316.611,316
1316.693,287
1316.775,262
1316.857,233
1316.939,232
1317.021,232
1317.103,244
1317.185,261
1317.267,274
1317.349,290
1317.431,281
1317.513,282
1317.595,266
1317.677,257
1317.759,237
1317.841,208
1317.923,190
1318.005,185
1318.087,208
1318.169,201
1318.252,205
1318.334,225
1318.416,225
1318.498,212
1318.58,216
1318.662,204
1318.744,193
1318.826,216
1318.908,219
1318.99,228
1319.072,230
1319.154,241
1319.237,256
1319.319,275
1319.401,294
1319.483,301
1319.565,295
1319.647,283
1319.729,279
1319.811,259
1319.893,254
1319.976,261
1320.058,263
1320.14,286
1320.222,315
1320.304,330
1320.386,337
1320.468,349
1320.55,325
1320.633,316
1320.715,295
1320.797,256
1320.879,236
1320.961,220
1321.043,227
1321.126,238
1321.208,282
1321.29,294
1321.372,318
1321.454,314
1321.536,302
1321.619,294
1321.701,272
1321.783,273
1321.865,286
1321.947,318
1322.029,339
1322.112,342
1322.194,354
1322.276,365
1322.358,358
1322.44,340
1322.523,310
1322.605,271
1322.687,230
1322.769,208
1322.851,183
1322.934,174
1323.016,189
1323.098,197
1323.18,223
1323.263,261
1323.345,295
1323.427,306
1323.509,298
1323.591,273
1323.674,235
1323.756,214
1323.838,203
1323.92,207
1324.003,210
1324.085,225
1324.167,247
1324.249,249
1324.332,255
1324.414,244
1324.496,219
1324.579,196
1324.661,203
1324.743,200
1324.825,194
1324.908,194
1324.99,203
1325.072,234
1325.154,254
1325.237,275
1325.319,286
1325.401,278
1325.484,289
1325.566,283
1325.648,271
1325.731,273
1325.813,267
1325.895,264
1325.977,262
1326.06,277
1326.142,271
1326.224,282
1326.307,296
1326.389,302
1326.471,301
1326.554,308
1326.636,301
1326.718,299
1326.801,285
1326.883,261
1326.965,260
1327.048,265
1327.13,279
1327.212,303
1327.295,319
1327.377,320
1327.46,290
1327.542,275
1327.624,253
1327.707,240
1327.789,242
1327.871,236
1327.954,229
1328.036,225
1328.118,230
1328.201,220
1328.283,222
1328.366,216
1328.448,211
1328.53,195
1328.613,184
1328.695,172
1328.778,170
1328.86,169
1328.942,199
1329.025,227
1329.107,251
1329.19,276
1329.272,291
1329.354,300
1329.437,297
1329.519,288
1329.602,274
1329.684,241
1329.767,238
1329.849,228
1329.931,201
1330.014,207
1330.096,212
1330.179,227
1330.261,245
1330.344,285
1330.426,277
1330.509,257
1330.591,259
1330.674,241
1330.756,232
1330.838,246
1330.921,250
1331.003,262
1331.086,276
1331.168,291
1331.251,293
1331.333,294
1331.416,289
1331.498,274
1331.581,274
1331.663,254
1331.746,249
1331.828,240
1331.911,234
1331.993,239
1332.076,231
1332.158,237
1332.241,234
1332.323,226
1332.406,221
1332.488,212
1332.571,193
1332.653,173
1332.736,166
1332.818,168
1332.901,182
1332.983,191
1333.066,206
1333.148,229
1333.231,241
1333.314,252
1333.396,266
1333.479,275
1333.561,280
1333.644,273
1333.726,262
1333.809,263
1333.891,289
1333.974,306
1334.057,322
1334.139,326
1334.222,332
1334.304,327
1334.387,316
1334.469,320
1334.552,284
1334.635,273
1334.717,257
1334.8,247
1334.882,246
1334.965,268
1335.048,289
1335.13,294
1335.213,308
1335.295,325
1335.378,320
1335.461,305
1335.543,292
1335.626,273
1335.708,266
1335.791,256
1335.874,246
1335.956,249
1336.039,249
1336.122,261
1336.204,263
1336.287,260
1336.369,256
1336.452,243
1336.535,240
1336.617,232
1336.7,223
1336.783,226
1336.865,230
1336.948,220
1337.031,224
1337.113,223
1337.196,213
1337.279,217
1337.361,219
1337.444,214
1337.527,212
1337.609,191
1337.692,182
1337.775,173
1337.857,172
1337.94,186
1338.023,186
1338.105,203
1338.188,216
1338.271,237
1338.354,258
1338.436,268
1338.519,281
1338.602,259
1338.684,246
1338.767,238
1338.85,214
1338.933,207
1339.015,215
1339.098,224
1339.181,232
1339.263,258
1339.346,275
1339.429,290
1339.512,278
1339.594,272
1339.677,244
1339.76,225
1339.843,216
1339.925,207
1340.008,218
1340.091,216
1340.174,236
1340.256,252
1340.339,261
1340.422,264
1340.505,263
1340.587,248
1340.67,243
1340.753,250
1340.836,264
1340.919,289
1341.001,309
1341.084,300
1341.167,289
1341.25,280
1341.333,266
1341.415,253
1341.498,220
1341.581,196
1341.664,173
1341.747,172
1341.829,162
1341.912,162
1341.995,173
1342.078,190
1342.161,229
1342.243,238
1342.326,245
1342.409,257
1342.492,256
1342.575,245
1342.658,236
1342.74,214
1342.823,197
1342.906,192
1342.989,210
1343.072,229
1343.155,244
1343.238,249
1343.32,248
1343.403,237
1343.486,224
1343.569,215
1343.652,209
1343.735,214
1343.818,218
1343.9,241
1343.983,254
1344.066,273
1344.149,278
1344.232,276
1344.315,275
1344.398,256
1344.481,245
1344.564,240
1344.646,230
1344.729,229
1344.812,236
1344.895,228
1344.978,227
1345.061,234
1345.144,253
1345.227,262
1345.31,264
1345.393,249
1345.476,227
1345.559,215
1345.641,192
1345.724,188
1345.807,181
1345.89,180
1345.973,187
1346.056,202
1346.139,219
1346.222,231
1346.305,241
1346.388,256
1346.471,242
1346.554,211
1346.637,200
1346.72,191
1346.803,170
1346.886,174
1346.969,182
1347.052,195
1347.135,222
1347.218,223
1347.301,223
1347.384,206
1347.467,187
1347.55,184
1347.633,164
1347.716,158
1347.799,143
1347.882,136
1347.965,160
1348.048,190
1348.131,241
1348.214,284
1348.297,301
1348.38,321
1348.463,319
1348.546,295
1348.629,272
1348.712,246
1348.795,227
1348.878,214
1348.961,219
1349.044,216
1349.127,229
1349.21,256
1349.293,274
1349.376,266
1349.459,273
1349.542,275
1349.625,263
1349.708,243
1349.791,228
1349.874,216
1349.957,195
1350.04,186
1350.123,173
1350.207,167
1350.29,171
1350.373,189
1350.456,188
1350.539,198
1350.622,204
1350.705,212
1350.788,228
1350.871,237
1350.954,265
1351.037,267
1351.121,278
1351.204,299
1351.287,320
1351.37,341
1351.453,338
1351.536,305
1351.619,278
1351.702,248
1351.785,229
1351.869,199
1351.952,207
1352.035,217
1352.118,230
1352.201,257
1352.284,260
1352.367,260
1352.45,247
1352.534,240
1352.617,220
1352.7,217
1352.783,208
1352.866,192
1352.949,187
1353.033,182
1353.116,178
1353.199,182
1353.282,206
1353.365,211
1353.448,217
1353.532,214
1353.615,206
1353.698,190
1353.781,173
1353.864,163
1353.947,155
1354.031,156
1354.114,177
1354.197,213
1354.28,214
1354.363,214
1354.447,219
1354.53,201
1354.613,189
1354.696,186
1354.78,177
1354.863,170
1354.946,169
1355.029,174
1355.112,181
1355.196,195
1355.279,200
1355.362,197
1355.445,185
1355.529,162
1355.612,158
1355.695,168
1355.778,176
1355.862,187
1355.945,199
1356.028,207
1356.111,218
1356.195,245
1356.278,260
1356.361,261
1356.444,274
1356.528,280
1356.611,298
1356.694,299
1356.777,302
1356.861,293
1356.944,287
1357.027,302
1357.111,297
1357.194,310
1357.277,324
1357.36,337
1357.444,356
1357.527,349
1357.61,343
1357.694,325
1357.777,333
1357.86,313
1357.944,309
1358.027,303
1358.11,294
1358.194,281
1358.277,265
1358.36,258
1358.444,251
1358.527,269
1358.61,260
1358.694,261
1358.777,268
1358.86,269
1358.944,269
1359.027,269
1359.11,246
1359.194,235
1359.277,231
1359.36,233
1359.444,218
1359.527,217
1359.61,217
1359.694,202
1359.777,193
1359.861,188
1359.944,184
1360.027,176
1360.111,187
1360.194,184
1360.277,175
1360.361,175
1360.444,163
1360.528,163
1360.611,172
1360.694,168
1360.778,170
1360.861,173
1360.945,185
1361.028,202
1361.111,229
1361.195,233
1361.278,224
1361.362,217
1361.445,215
1361.529,192
1361.612,179
1361.695,173
1361.779,171
1361.862,178
1361.946,178
1362.029,189
1362.113,185
1362.196,196
1362.28,206
1362.363,218
1362.446,227
1362.53,227
1362.613,226
1362.697,223
1362.78,216
1362.864,215
1362.947,206
1363.031,205
1363.114,203
1363.198,186
1363.281,195
1363.365,190
1363.448,200
1363.532,197
1363.615,203
1363.699,206
1363.782,196
1363.866,199
1363.949,204
1364.033,213
1364.116,208
1364.2,212
1364.283,218
1364.367,219
1364.45,224
1364.534,210
1364.617,189
1364.701,173
1364.784,150
1364.868,150
1364.951,157
1365.035,173
1365.118,181
1365.202,222
1365.285,257
1365.369,273
1365.453,258
1365.536,247
1365.62,244
1365.703,231
1365.787,234
1365.87,227
1365.954,227
1366.037,236
1366.121,242
1366.205,249
1366.288,277
1366.372,289
1366.455,287
1366.539,291
1366.622,286
1366.706,263
1366.79,255
1366.873,245
1366.957,247
1367.04,238
1367.124,253
1367.208,257
1367.291,263
1367.375,257
1367.458,251
1367.542,245
1367.626,217
1367.709,210
1367.793,197
1367.877,195
1367.96,203
1368.044,219
1368.127,223
1368.211,229
1368.295,227
1368.378,227
1368.462,222
1368.546,199
1368.629,182
1368.713,175
1368.797,166
1368.88,185
1368.964,210
1369.048,230
1369.131,251
1369.215,256
1369.299,249
1369.382,238
1369.466,231
1369.55,216
1369.633,219
1369.717,212
1369.801,199
1369.884,191
1369.968,180
1370.052,184
1370.135,185
1370.219,191
1370.303,194
1370.386,191
1370.47,195
1370.554,181
1370.638,173
1370.721,153
1370.805,149
1370.889,149
1370.972,167
1371.056,181
1371.14,219
1371.224,239
1371.307,256
1371.391,280
1371.475,291
1371.559,301
1371.642,287
1371.726,283
1371.81,265
1371.893,256
1371.977,255
1372.061,263
1372.145,267
1372.229,273
1372.312,278
1372.396,289
1372.48,283
1372.564,277
1372.647,256
1372.731,237
1372.815,228
1372.899,229
1372.982,231
1373.066,235
1373.15,248
1373.234,248
1373.318,248
1373.401,242
1373.485,217
1373.569,196
1373.653,185
1373.737,175
1373.82,169
1373.904,175
1373.988,184
1374.072,173
1374.156,180
1374.239,186
1374.323,191
1374.407,196
1374.491,200
1374.575,201
1374.659,178
1374.742,190
1374.826,189
1374.91,191
1374.994,197
1375.078,192
1375.162,182
1375.246,167
1375.329,146
1375.413,130
1375.497,125
1375.581,132
1375.665,140
1375.749,144
1375.833,146
1375.916,151
1376,163
1376.084,168
1376.168,199
1376.252,222
1376.336,234
1376.42,238
1376.504,241
1376.588,230
1376.671,221
1376.755,236
1376.839,230
1376.923,231
1377.007,245
1377.091,234
1377.175,241
1377.259,254
1377.343,253
1377.427,259
1377.51,238
1377.594,210
1377.678,189
1377.762,168
1377.846,165
1377.93,170
1378.014,191
1378.098,207
1378.182,211
1378.266,221
1378.35,225
1378.434,222
1378.518,218
1378.602,193
1378.686,172
1378.77,153
1378.854,139
1378.938,146
1379.022,142
1379.106,144
1379.189,151
1379.273,142
1379.357,139
1379.441,154
1379.525,157
1379.609,159
1379.693,166
1379.777,171
1379.861,176
1379.945,176
1380.029,197
1380.113,213
1380.197,228
1380.281,234
1380.365,223
1380.449,208
1380.533,193
1380.617,187
1380.701,179
1380.785,164
1380.869,155
1380.954,150
1381.038,148
1381.122,144
1381.206,143
1381.29,155
1381.374,161
1381.458,157
1381.542,142
1381.626,139
1381.71,139
1381.794,146
1381.878,146
1381.962,151
1382.046,170
1382.13,194
1382.214,209
1382.298,221
1382.382,220
1382.466,211
1382.551,217
1382.635,202
1382.719,188
1382.803,197
1382.887,164
1382.971,174
1383.055,195
1383.139,200
1383.223,202
1383.307,222
1383.391,230
1383.476,233
1383.56,232
1383.644,229
1383.728,208
1383.812,204
1383.896,222
1383.98,223
1384.064,239
1384.149,270
1384.233,295
1384.317,327
1384.401,331
1384.485,305
1384.569,285
1384.653,270
1384.737,264
1384.822,258
1384.906,256
1384.99,247
1385.074,246
1385.158,261
1385.242,271
1385.327,261
1385.411,259
1385.495,239
1385.579,235
1385.663,237
1385.747,247
1385.832,259
1385.916,261
1386,269
1386.084,262
1386.168,246
1386.253,235
1386.337,237
1386.421,226
1386.505,225
1386.589,200
1386.674,188
1386.758,194
1386.842,182
1386.926,176
1387.01,173
1387.095,180
1387.179,191
1387.263,197
1387.347,193
1387.432,179
1387.516,179
1387.6,180
1387.684,175
1387.768,170
1387.853,163
1387.937,167
1388.021,175
1388.105,184
1388.19,194
1388.274,200
1388.358,213
1388.442,226
1388.527,218
1388.611,221
1388.695,208
1388.78,190
1388.864,181
1388.948,173
1389.032,184
1389.117,213
1389.201,244
1389.285,266
1389.369,275
1389.454,271
1389.538,244
1389.622,222
1389.707,201
1389.791,191
1389.875,180
1389.96,174
1390.044,186
1390.128,185
1390.213,207
1390.297,218
1390.381,216
1390.465,213
1390.55,217
1390.634,216
1390.718,211
1390.803,209
1390.887,195
1390.971,183
1391.056,176
1391.14,196
1391.224,205
1391.309,218
1391.393,248
1391.478,255
1391.562,264
1391.646,247
1391.731,222
1391.815,209
1391.899,209
1391.984,216
1392.068,224
1392.152,233
1392.237,240
1392.321,244
1392.406,229
1392.49,218
1392.574,199
1392.659,187
1392.743,190
1392.828,192
1392.912,190
1392.996,200
1393.081,210
1393.165,227
1393.25,245
1393.334,256
1393.418,256
1393.503,248
1393.587,227
1393.672,214
1393.756,199
1393.84,196
1393.925,200
1394.009,196
1394.094,182
1394.178,199
1394.263,197
1394.347,204
1394.432,227
1394.516,219
1394.6,221
1394.685,221
1394.769,199
1394.854,190
1394.938,203
1395.023,202
1395.107,217
1395.192,234
1395.276,227
1395.361,234
1395.445,251
1395.53,252
1395.614,243
1395.698,234
1395.783,209
1395.867,204
1395.952,204
1396.036,192
1396.121,179
1396.205,168
1396.29,173
1396.374,168
1396.459,181
1396.543,178
1396.628,176
1396.712,160
1396.797,161
1396.882,154
1396.966,153
1397.051,171
1397.135,184
1397.22,206
1397.304,234
1397.389,233
1397.473,237
1397.558,233
1397.642,218
1397.727,200
1397.811,181
1397.896,180
1397.981,165
1398.065,175
1398.15,172
1398.234,168
1398.319,169
1398.403,170
1398.488,183
1398.572,180
1398.657,195
1398.742,188
1398.826,177
1398.911,188
1398.995,183
1399.08,181
1399.165,166
1399.249,167
1399.334,154
1399.418,155
1399.503,152
1399.588,137
1399.672,134
1399.757,125
1399.841,133
1399.926,129
1400.011,139
1400.095,151
1400.18,155
1400.264,157
1400.349,155
1400.434,144
1400.518,149
1400.603,158
1400.688,162
1400.772,169
1400.857,181
1400.942,185
1401.026,197
1401.111,214
1401.195,216
1401.28,210
1401.365,217
1401.449,210
1401.534,206
1401.619,210
1401.703,214
1401.788,209
1401.873,202
1401.957,207
1402.042,198
1402.127,208
1402.211,213
1402.296,217
1402.381,213
1402.466,211
1402.55,213
1402.635,218
1402.72,198
1402.804,203
1402.889,201
1402.974,200
1403.058,201
1403.143,203
1403.228,216
1403.313,220
1403.397,233
1403.482,249
1403.567,241
1403.652,232
1403.736,224
1403.821,206
1403.906,211
1403.99,211
1404.075,204
1404.16,193
1404.245,193
1404.329,201
1404.414,217
1404.499,228
1404.584,229
1404.668,215
1404.753,206
1404.838,181
1404.923,173
1405.008,167
1405.092,174
1405.177,186
1405.262,190
1405.347,200
1405.431,211
1405.516,219
1405.601,206
1405.686,200
1405.771,192
1405.855,184
1405.94,177
1406.025,185
1406.11,192
1406.195,191
1406.279,193
1406.364,196
1406.449,192
1406.534,175
1406.619,178
1406.703,171
1406.788,174
1406.873,180
1406.958,175
1407.043,169
1407.128,168
1407.212,169
1407.297,181
1407.382,196
1407.467,207
1407.552,225
1407.637,233
1407.721,238
1407.806,244
1407.891,236
1407.976,240
1408.061,228
1408.146,224
1408.231,225
1408.316,236
1408.4,235
1408.485,241
1408.57,224
1408.655,207
1408.74,201
1408.825,182
1408.91,169
1408.995,164
1409.079,166
1409.164,177
1409.249,200
1409.334,231
1409.419,248
1409.504,242
1409.589,239
1409.674,238
1409.759,229
1409.844,229
1409.929,218
1410.013,215
1410.098,227
1410.183,235
1410.268,246
1410.353,253
1410.438,237
1410.523,220
1410.608,211
1410.693,191
1410.778,179
1410.863,180
1410.948,167
1411.033,165
1411.118,179
1411.203,191
1411.288,210
1411.373,223
1411.458,235
1411.543,244
1411.627,232
1411.712,231
1411.797,214
1411.882,196
1411.967,188
1412.052,187
1412.137,197
1412.222,209
1412.307,222
1412.392,216
1412.477,229
1412.562,239
1412.647,232
1412.732,216
1412.817,199
1412.902,185
1412.987,167
1413.072,174
1413.157,197
1413.242,203
1413.327,219
1413.413,232
1413.498,212
1413.583,201
1413.668,198
1413.753,191
1413.838,185
1413.923,178
1414.008,174
1414.093,171
1414.178,175
1414.263,174
1414.348,182
1414.433,191
1414.518,203
1414.603,209
1414.688,197
1414.773,193
1414.858,181
1414.943,177
1415.028,183
1415.114,203
1415.199,218
1415.284,234
1415.369,227
1415.454,214
1415.539,192
1415.624,170
1415.709,173
1415.794,183
1415.879,188
1415.965,184
1416.05,184
1416.135,180
1416.22,173
1416.305,182
1416.39,185
1416.475,202
1416.56,200
1416.645,193
1416.731,199
1416.816,193
1416.901,186
1416.986,171
1417.071,164
1417.156,167
1417.241,183
1417.327,204
1417.412,207
1417.497,220
1417.582,225
1417.667,227
1417.752,211
1417.837,197
1417.923,197
1418.008,194
1418.093,204
1418.178,210
1418.263,222
1418.348,237
1418.434,228
1418.519,214
1418.604,209
1418.689,194
1418.774,191
1418.86,216
1418.945,232
1419.03,245
1419.115,256
1419.2,252
1419.286,249
1419.371,252
1419.456,242
1419.541,234
1419.626,230
1419.712,214
1419.797,214
1419.882,193
1419.967,177
1420.053,169
1420.138,169
1420.223,177
1420.308,186
1420.394,173
1420.479,182
1420.564,203
1420.649,192
1420.734,194
1420.82,178
1420.905,187
1420.99,203
1421.076,210
1421.161,230
1421.246,226
1421.331,232
1421.417,226
1421.502,224
1421.587,218
1421.672,203
1421.758,191
1421.843,178
1421.928,166
1422.014,162
1422.099,184
1422.184,195
1422.269,220
1422.355,239
1422.44,239
1422.525,252
1422.611,232
1422.696,207
1422.781,176
1422.867,169
1422.952,166
1423.037,176
1423.123,194
1423.208,197
1423.293,200
1423.379,207
1423.464,210
1423.549,196
1423.635,184
1423.72,173
1423.805,163
1423.891,174
1423.976,176
1424.061,180
1424.147,173
1424.232,166
1424.317,165
1424.403,158
1424.488,148
1424.573,144
1424.659,137
1424.744,127
1424.83,131
1424.915,128
1425,131
1425.086,129
1425.171,140
1425.256,147
1425.342,156
1425.427,165
1425.513,155
1425.598,141
1425.683,139
1425.769,140
1425.854,141
1425.94,147
1426.025,162
1426.11,161
1426.196,189
1426.281,217
1426.367,209
1426.452,212
1426.538,215
1426.623,216
1426.708,224
1426.794,224
1426.879,225
1426.965,214
1427.05,209
1427.136,206
1427.221,210
1427.307,221
1427.392,214
1427.477,218
1427.563,210
1427.648,214
1427.734,207
1427.819,196
1427.905,198
1427.99,187
1428.076,199
1428.161,207
1428.247,212
1428.332,205
1428.418,206
1428.503,195
1428.589,178
1428.674,169
1428.76,150
1428.845,142
1428.931,145
1429.016,138
1429.102,136
1429.187,133
1429.273,134
1429.358,138
1429.444,153
1429.529,160
1429.615,164
1429.7,161
1429.786,156
1429.871,153
1429.957,153
1430.042,177
1430.128,203
1430.213,227
1430.299,257
1430.384,297
1430.47,308
1430.556,295
1430.641,285
1430.727,251
1430.812,237
1430.898,229
1430.983,211
1431.069,206
1431.155,211
1431.24,213
1431.326,234
1431.411,253
1431.497,263
1431.582,255
1431.668,244
1431.754,233
1431.839,218
1431.925,215
1432.01,207
1432.096,196
1432.182,207
1432.267,203
1432.353,216
1432.438,194
1432.524,187
1432.61,179
1432.695,180
1432.781,171
1432.866,167
1432.952,169
1433.038,156
1433.123,182
1433.209,197
1433.295,215
1433.38,219
1433.466,209
1433.551,195
1433.637,190
1433.723,184
1433.808,179
1433.894,182
1433.98,185
1434.065,204
1434.151,214
1434.237,226
1434.322,230
1434.408,227
1434.494,221
1434.579,209
1434.665,192
1434.751,185
1434.836,165
1434.922,161
1435.008,175
1435.093,186
1435.179,196
1435.265,205
1435.35,209
1435.436,205
1435.522,210
1435.608,198
1435.693,185
1435.779,159
1435.865,138
1435.95,136
1436.036,149
1436.122,158
1436.208,173
1436.293,174
1436.379,167
1436.465,177
1436.55,184
1436.636,172
1436.722,174
1436.808,175
1436.893,173
1436.979,172
1437.065,187
1437.151,185
1437.236,169
1437.322,162
1437.408,139
1437.494,127
1437.579,121
1437.665,117
1437.751,116
1437.837,100
1437.923,109
1438.008,121
1438.094,137
1438.18,157
1438.266,165
1438.351,176
1438.437,172
1438.523,172
1438.609,157
1438.695,153
1438.78,150
1438.866,155
1438.952,165
1439.038,162
1439.124,159
1439.209,155
1439.295,178
1439.381,187
1439.467,197
1439.553,218
1439.639,217
1439.724,227
1439.81,216
1439.896,199
1439.982,182
1440.068,152
1440.154,146
1440.239,139
1440.325,139
1440.411,142
1440.497,154
1440.583,165
1440.669,164
1440.754,158
1440.84,155
1440.926,144
1441.012,144
1441.098,150
1441.184,152
1441.27,152
1441.356,131
1441.441,148
1441.527,153
1441.613,156
1441.699,158
1441.785,158
1441.871,152
1441.957,154
1442.043,158
1442.129,156
1442.214,158
1442.3,157
1442.386,152
1442.472,149
1442.558,158
1442.644,159
1442.73,163
1442.816,177
1442.902,182
1442.988,191
1443.074,193
1443.16,209
1443.246,228
1443.331,242
1443.417,235
1443.503,232
1443.589,213
1443.675,194
1443.761,176
1443.847,168
1443.933,171
1444.019,158
1444.105,167
1444.191,169
1444.277,174
1444.363,178
1444.449,194
1444.535,190
1444.621,189
1444.707,176
1444.793,160
1444.879,163
1444.965,164
1445.051,177
1445.137,197
1445.223,224
1445.309,249
1445.395,254
1445.481,254
1445.567,251
1445.653,234
1445.739,215
1445.825,197
1445.911,180
1445.997,161
1446.083,163
1446.169,165
1446.255,167
1446.341,170
1446.427,186
1446.513,184
1446.599,191
1446.685,182
1446.771,178
1446.857,171
1446.943,177
1447.029,190
1447.115,194
1447.201,205
1447.287,202
1447.373,203
1447.459,216
1447.546,216
1447.632,213
1447.718,216
1447.804,206
1447.89,201
1447.976,196
1448.062,196
1448.148,199
1448.234,202
1448.32,192
1448.406,199
1448.492,215
1448.579,208
1448.665,213
1448.751,212
1448.837,200
1448.923,187
1449.009,176
1449.095,188
1449.181,194
1449.267,217
1449.353,240
1449.44,248
1449.526,251
1449.612,239
1449.698,248
1449.784,231
1449.87,217
1449.956,206
1450.043,184
1450.129,189
1450.215,202
1450.301,231
1450.387,255
1450.473,283
1450.559,297
1450.646,285
1450.732,283
1450.818,252
1450.904,225
1450.99,186
1451.076,163
1451.163,156
1451.249,155
1451.335,150
1451.421,164
1451.507,152
1451.593,146
1451.68,145
1451.766,136
1451.852,126
1451.938,123
1452.024,119
1452.111,124
1452.197,135
1452.283,124
1452.369,139
1452.455,141
1452.542,132
1452.628,137
1452.714,136
1452.8,124
1452.887,130
1452.973,129
1453.059,142
1453.145,143
1453.232,148
1453.318,143
1453.404,137
1453.49,153
1453.576,152
1453.663,152
1453.749,147
1453.835,161
1453.922,161
1454.008,177
1454.094,177
1454.18,167
1454.267,181
1454.353,172
1454.439,160
1454.525,146
1454.612,133
1454.698,115
1454.784,104
1454.87,116
1454.957,113
1455.043,136
1455.129,151
1455.216,175
1455.302,184
1455.388,181
1455.475,200
1455.561,184
1455.647,178
1455.733,172
1455.82,150
1455.906,140
1455.992,143
1456.079,147
1456.165,141
1456.251,128
1456.338,116
1456.424,109
1456.51,109
1456.597,118
1456.683,123
1456.769,125
1456.856,123
1456.942,128
1457.028,136
1457.115,139
1457.201,138
1457.288,148
1457.374,156
1457.46,165
1457.547,166
1457.633,177
1457.719,174
1457.806,163
1457.892,157
1457.978,149
1458.065,164
1458.151,192
1458.238,210
1458.324,229
1458.41,239
1458.497,236
1458.583,224
1458.67,213
1458.756,194
1458.842,171
1458.929,166
1459.015,158
1459.102,162
1459.188,174
1459.274,172
1459.361,184
1459.447,186
1459.534,187
1459.62,183
1459.707,179
1459.793,173
1459.879,166
1459.966,165
1460.052,161
1460.139,172
1460.225,189
1460.312,177
1460.398,182
1460.485,183
1460.571,177
1460.658,177
1460.744,174
1460.83,170
1460.917,168
1461.003,179
1461.09,179
1461.176,189
1461.263,191
1461.349,198
1461.436,188
1461.522,190
1461.609,179
1461.695,160
1461.782,147
1461.868,138
1461.955,156
1462.041,162
1462.128,176
1462.214,201
1462.301,225
1462.387,241
1462.474,252
1462.56,252
1462.647,234
1462.733,211
1462.82,189
1462.906,157
1462.993,142
1463.079,142
1463.166,139
1463.253,159
1463.339,163
1463.426,177
1463.512,187
1463.599,190
1463.685,185
1463.772,189
1463.858,178
1463.945,177
1464.031,176
1464.118,167
1464.205,173
1464.291,176
1464.378,168
1464.464,169
1464.551,170
1464.637,172
1464.724,174
1464.811,167
1464.897,178
1464.984,169
1465.07,166
1465.157,168
1465.244,178
1465.33,192
1465.417,205
1465.503,210
1465.59,202
1465.677,188
1465.763,192
1465.85,188
1465.936,187
1466.023,195
1466.11,203
1466.196,202
1466.283,201
1466.37,192
1466.456,174
1466.543,162
1466.63,176
1466.716,177
1466.803,168
1466.889,167
1466.976,161
1467.063,166
1467.149,174
1467.236,181
1467.323,192
1467.409,189
1467.496,205
1467.583,209
1467.669,198
1467.756,183
1467.843,179
1467.929,172
1468.016,169
1468.103,173
1468.189,161
1468.276,174
1468.363,173
1468.45,183
1468.536,184
1468.623,174
1468.71,187
1468.796,205
1468.883,211
1468.97,238
1469.056,258
1469.143,261
1469.23,262
1469.317,243
1469.403,233
1469.49,215
1469.577,196
1469.664,184
1469.75,160
1469.837,151
1469.924,130
1470.01,133
1470.097,141
1470.184,145
1470.271,151
1470.357,146
1470.444,151
1470.531,148
1470.618,146
1470.704,148
1470.791,142
1470.878,142
1470.965,154
1471.052,149
1471.138,152
1471.225,161
1471.312,167
1471.399,168
1471.485,160
1471.572,155
1471.659,147
1471.746,137
1471.833,127
1471.919,142
1472.006,132
1472.093,134
1472.18,149
1472.267,161
1472.353,176
1472.44,184
1472.527,182
1472.614,165
1472.701,156
1472.788,148
1472.874,128
1472.961,136
1473.048,122
1473.135,115
1473.222,134
1473.309,129
1473.395,131
1473.482,141
1473.569,153
1473.656,149
1473.743,166
1473.83,166
1473.916,154
1474.003,165
1474.09,161
1474.177,167
1474.264,182
1474.351,196
1474.438,207
1474.525,199
1474.611,192
1474.698,160
1474.785,141
1474.872,117
1474.959,113
1475.046,110
1475.133,116
1475.22,140
1475.307,160
1475.393,175
1475.48,186
1475.567,182
1475.654,176
1475.741,172
1475.828,161
1475.915,156
1476.002,161
1476.089,155
1476.176,162
1476.263,168
1476.35,182
1476.437,191
1476.523,187
1476.61,189
1476.697,188
1476.784,188
1476.871,186
1476.958,190
1477.045,177
1477.132,180
1477.219,172
1477.306,168
1477.393,151
1477.48,139
1477.567,130
1477.654,128
1477.741,130
1477.828,141
1477.915,142
1478.002,135
1478.089,131
1478.176,125
1478.263,131
1478.35,132
1478.437,138
1478.524,144
1478.611,151
1478.698,160
1478.785,153
1478.872,138
1478.959,136
1479.046,141
1479.133,153
1479.22,163
1479.307,172
1479.394,178
1479.481,178
1479.568,183
1479.655,194
1479.742,194
1479.829,185
1479.916,178
1480.003,159
1480.09,166
1480.177,159
1480.264,161
1480.351,170
1480.438,178
1480.525,182
1480.612,181
1480.699,170
1480.786,181
1480.874,186
1480.961,177
1481.048,173
1481.135,166
1481.222,176
1481.309,178
1481.396,179
1481.483,187
1481.57,167
1481.657,163
1481.744,144
1481.831,121
1481.919,116
1482.006,106
1482.093,119
1482.18,131
1482.267,130
1482.354,153
1482.441,173
1482.528,187
1482.615,188
1482.703,182
1482.79,179
1482.877,168
1482.964,168
1483.051,177
1483.138,183
1483.225,182
1483.312,179
1483.4,168
1483.487,162
1483.574,157
1483.661,143
1483.748,133
1483.835,131
1483.922,122
1484.01,128
1484.097,125
1484.184,136
1484.271,148
1484.358,170
1484.445,181
1484.533,177
1484.62,182
1484.707,177
1484.794,171
1484.881,176
1484.969,182
1485.056,176
1485.143,167
1485.23,159
1485.317,166
1485.405,173
1485.492,183
1485.579,189
1485.666,188
1485.753,181
1485.841,174
1485.928,165
1486.015,165
1486.102,157
1486.189,150
1486.277,147
1486.364,156
1486.451,161
1486.538,156
1486.626,158
1486.713,172
1486.8,162
1486.887,154
1486.975,144
1487.062,133
1487.149,154
1487.236,177
1487.324,194
1487.411,210
1487.498,234
1487.585,218
1487.673,219
1487.76,214
1487.847,202
1487.935,209
1488.022,224
1488.109,233
1488.196,230
1488.284,235
1488.371,236
1488.458,236
1488.546,235
1488.633,222
1488.72,198
1488.807,179
1488.895,156
1488.982,150
1489.069,148
1489.157,147
1489.244,152
1489.331,150
1489.419,154
1489.506,164
1489.593,165
1489.681,166
1489.768,154
1489.855,146
1489.943,138
1490.03,129
1490.117,131
1490.205,128
1490.292,134
1490.379,121
1490.467,115
1490.554,115
1490.641,117
1490.729,121
1490.816,119
1490.903,130
1490.991,129
1491.078,143
1491.166,146
1491.253,156
1491.34,170
1491.428,178
1491.515,190
1491.603,195
1491.69,196
1491.777,189
1491.865,179
1491.952,156
1492.039,145
1492.127,136
1492.214,138
1492.302,139
1492.389,132
1492.477,131
1492.564,130
1492.651,132
1492.739,125
1492.826,121
1492.914,125
1493.001,114
1493.088,117
1493.176,123
1493.263,128
1493.351,143
1493.438,150
1493.526,140
1493.613,135
1493.701,138
1493.788,144
1493.875,143
1493.963,154
1494.05,146
1494.138,144
1494.225,149
1494.313,150
1494.4,157
1494.488,156
1494.575,150
1494.663,136
1494.75,122
1494.838,113
1494.925,108
1495.013,116
1495.1,115
1495.188,124
1495.275,134
1495.363,158
1495.45,176
1495.538,178
1495.625,169
1495.713,148
1495.8,141
1495.888,128
1495.975,116
1496.063,114
1496.15,103
1496.238,101
1496.325,106
1496.413,110
1496.5,109
1496.588,97
1496.675,97
1496.763,98
1496.85,105
1496.938,117
1497.026,118
1497.113,126
1497.201,141
1497.288,149
1497.376,167
1497.463,186
1497.551,201
1497.638,183
1497.726,179
1497.814,173
1497.901,158
1497.989,159
1498.076,169
1498.164,175
1498.251,169
1498.339,190
1498.427,198
1498.514,211
1498.602,220
1498.689,214
1498.777,190
1498.865,172
1498.952,161
1499.04,135
1499.127,140
1499.215,147
1499.303,166
1499.39,177
1499.478,192
1499.566,199
1499.653,195
1499.741,187
1499.828,189
1499.916,189
1500.004,170
1500.091,173
1500.179,175
1500.267,172
1500.354,174
1500.442,174
1500.53,170
1500.617,180
1500.705,174
1500.793,162
1500.88,158
1500.968,157
1501.056,160
1501.143,171
1501.231,178
1501.319,177
1501.406,173
1501.494,170
1501.582,169
1501.669,158
1501.757,137
1501.845,122
1501.932,121
1502.02,111
1502.108,125
1502.195,129
1502.283,144
1502.371,159
1502.459,173
1502.546,168
1502.634,152
1502.722,131
1502.809,108
1502.897,115
1502.985,112
1503.073,113
1503.16,129
1503.248,141
1503.336,149
1503.424,159
1503.511,161
1503.599,151
1503.687,145
1503.775,154
1503.862,137
1503.95,164
1504.038,178
1504.126,179
1504.213,189
1504.301,184
1504.389,184
1504.477,183
1504.564,196
1504.652,172
1504.74,167
1504.828,165
1504.915,142
1505.003,139
1505.091,127
1505.179,124
1505.267,132
1505.354,133
1505.442,144
1505.53,154
1505.618,158
1505.706,153
1505.793,158
1505.881,142
1505.969,133
1506.057,130
1506.145,105
1506.233,100
1506.32,99
1506.408,108
1506.496,115
1506.584,119
1506.672,114
1506.76,127
1506.847,131
1506.935,141
1507.023,162
1507.111,178
1507.199,191
1507.287,219
1507.374,233
1507.462,260
1507.55,258
1507.638,256
1507.726,271
1507.814,252
1507.902,246
1507.989,231
1508.077,204
1508.165,191
1508.253,204
1508.341,212
1508.429,193
1508.517,180
1508.605,179
1508.693,169
1508.78,166
1508.868,168
1508.956,157
1509.044,148
1509.132,150
1509.22,161
1509.308,172
1509.396,183
1509.484,192
1509.572,192
1509.66,207
1509.747,217
1509.835,215
1509.923,212
1510.011,194
1510.099,163
1510.187,146
1510.275,129
1510.363,130
1510.451,117
1510.539,123
1510.627,116
1510.715,117
1510.803,119
1510.891,113
1510.979,109
1511.067,102
1511.155,102
1511.243,102
1511.331,104
1511.419,113
1511.507,126
1511.595,136
1511.683,158
1511.77,164
1511.858,179
1511.946,180
1512.034,183
1512.122,185
1512.21,180
1512.298,197
1512.386,185
1512.474,182
1512.562,182
1512.65,164
1512.738,153
1512.827,146
1512.915,131
1513.003,129
1513.091,121
1513.179,125
1513.267,128
1513.355,125
1513.443,113
1513.531,118
1513.619,113
1513.707,113
1513.795,118
1513.883,109
1513.971,103
1514.059,108
1514.147,115
1514.235,127
1514.323,142
1514.411,155
1514.499,165
1514.587,166
1514.675,172
1514.764,146
1514.852,129
1514.94,119
1515.028,115
1515.116,129
1515.204,123
1515.292,136
1515.38,150
1515.468,161
1515.556,148
1515.644,134
1515.733,121
1515.821,126
1515.909,127
1515.997,141
1516.085,143
1516.173,125
1516.261,129
1516.349,129
1516.437,132
1516.526,138
1516.614,138
1516.702,127
1516.79,119
1516.878,117
1516.966,110
1517.054,114
1517.143,118
1517.231,135
1517.319,140
1517.407,141
1517.495,141
1517.583,144
1517.671,140
1517.76,140
1517.848,147
1517.936,143
1518.024,142
1518.112,145
1518.2,148
1518.289,151
1518.377,149
1518.465,153
1518.553,153
1518.641,154
1518.73,143
1518.818,146
1518.906,142
1518.994,139
1519.082,147
1519.171,150
1519.259,158
1519.347,157
1519.435,166
1519.523,163
1519.612,165
1519.7,176
1519.788,185
1519.876,175
1519.964,173
1520.053,176
1520.141,185
1520.229,200
1520.317,199
1520.406,196
1520.494,174
1520.582,177
1520.67,176
1520.759,185
1520.847,194
1520.935,184
1521.023,171
1521.112,165
1521.2,158
1521.288,157
1521.376,159
1521.465,148
1521.553,145
1521.641,134
1521.73,125
1521.818,118
1521.906,105
1521.994,108
1522.083,111
1522.171,123
1522.259,131
1522.348,149
1522.436,154
1522.524,161
1522.613,184
1522.701,193
1522.789,196
1522.877,203
1522.966,180
1523.054,185
1523.142,186
1523.231,192
1523.319,191
1523.407,184
1523.496,166
1523.584,151
1523.672,146
1523.761,134
1523.849,129
1523.937,123
1524.026,132
1524.114,126
1524.202,123
1524.291,132
1524.379,124
1524.468,130
1524.556,143
1524.644,149
1524.733,139
1524.821,137
1524.909,123
1524.998,101
1525.086,91
1525.175,84
1525.263,84
1525.351,91
1525.44,116
1525.528,117
1525.616,129
1525.705,137
1525.793,133
1525.882,125
1525.97,119
1526.058,107
1526.147,108
1526.235,111
1526.324,129
1526.412,152
1526.501,159
1526.589,167
1526.677,155
1526.766,141
1526.854,133
1526.943,129
1527.031,127
1527.12,113
1527.208,111
1527.296,109
1527.385,112
1527.473,120
1527.562,125
1527.65,120
1527.739,132
1527.827,128
1527.916,117
1528.004,113
1528.093,102
1528.181,100
1528.269,116
1528.358,116
1528.446,135
1528.535,146
1528.623,150
1528.712,154
1528.8,155
1528.889,151
1528.977,143
1529.066,141
1529.154,132
1529.243,125
1529.331,121
1529.42,123
1529.508,131
1529.597,119
1529.685,122
1529.774,122
1529.862,108
1529.951,100
1530.039,101
1530.128,111
1530.217,119
1530.305,139
1530.394,146
1530.482,141
1530.571,152
1530.659,142
1530.748,124
1530.836,120
1530.925,101
1531.013,91
1531.102,91
1531.191,102
1531.279,110
1531.368,118
1531.456,135
1531.545,147
1531.633,161
1531.722,158
1531.81,150
1531.899,137
1531.988,126
1532.076,134
1532.165,129
1532.253,118
1532.342,116
1532.431,114
1532.519,126
1532.608,128
1532.696,134
1532.785,131
1532.874,122
1532.962,128
1533.051,121
1533.139,109
1533.228,104
1533.317,100
1533.405,103
1533.494,110
1533.583,127
1533.671,136
1533.76,131
1533.848,124
1533.937,128
1534.026,130
1534.114,138
1534.203,144
1534.292,153
1534.38,150
1534.469,163
1534.558,164
1534.646,142
1534.735,128
1534.824,127
1534.912,106
1535.001,101
1535.09,109
1535.178,101
1535.267,103
1535.356,108
1535.444,113
1535.533,118
1535.622,129
1535.71,136
1535.799,127
1535.888,126
1535.977,118
1536.065,121
1536.154,125
1536.243,135
1536.331,151
1536.42,150
1536.509,141
1536.597,132
1536.686,126
1536.775,120
1536.864,118
1536.952,118
1537.041,118
1537.13,127
1537.219,135
1537.307,151
1537.396,168
1537.485,170
1537.574,175
1537.662,173
1537.751,172
1537.84,154
1537.929,135
1538.017,121
1538.106,112
1538.195,116
1538.284,109
1538.372,106
1538.461,114
1538.55,111
1538.639,124
1538.727,121
1538.816,111
1538.905,102
1538.994,97
1539.083,89
1539.171,85
1539.26,101
1539.349,108
1539.438,124
1539.527,148
1539.615,168
1539.704,179
1539.793,184
1539.882,184
1539.971,178
1540.059,178
1540.148,177
1540.237,180
1540.326,183
1540.415,179
1540.504,190
1540.592,192
1540.681,161
1540.77,137
1540.859,117
1540.948,107
1541.037,120
1541.126,129
1541.214,125
1541.303,125
1541.392,125
1541.481,126
1541.57,123
1541.659,118
1541.748,125
1541.836,120
1541.925,118
1542.014,109
1542.103,108
1542.192,119
1542.281,120
1542.37,122
1542.459,121
1542.547,124
1542.636,123
1542.725,124
1542.814,119
1542.903,110
1542.992,108
1543.081,106
1543.17,104
1543.259,105
1543.348,109
1543.437,115
1543.525,114
1543.614,119
1543.703,115
1543.792,107
1543.881,100
1543.97,96
1544.059,95
1544.148,101
1544.237,119
1544.326,123
1544.415,132
1544.504,134
1544.593,142
1544.682,143
1544.771,128
1544.86,115
1544.949,101
1545.037,98
1545.126,98
1545.215,115
1545.304,126
1545.393,137
1545.482,145
1545.571,157
1545.66,154
1545.749,139
1545.838,126
1545.927,96
1546.016,92
1546.105,104
1546.194,106
1546.283,108
1546.372,128
1546.461,126
1546.55,132
1546.639,135
1546.728,122
1546.817,119
1546.906,110
1546.995,120
1547.084,112
1547.173,107
1547.262,116
1547.351,121
1547.441,125
1547.53,133
1547.619,130
1547.708,130
1547.797,132
1547.886,136
1547.975,152
1548.064,151
1548.153,141
1548.242,133
1548.331,114
1548.42,107
1548.509,111
1548.598,114
1548.687,118
1548.776,125
1548.865,120
1548.955,124
1549.044,125
1549.133,124
1549.222,137
1549.311,132
1549.4,134
1549.489,143
1549.578,159
1549.667,161
1549.756,162
1549.845,160
1549.935,156
1550.024,154
1550.113,143
1550.202,139
1550.291,131
1550.38,149
1550.469,157
1550.558,161
1550.648,173
1550.737,167
1550.826,160
1550.915,147
1551.004,149
1551.093,143
1551.182,149
1551.271,154
1551.361,166
1551.45,173
1551.539,174
1551.628,175
1551.717,176
1551.806,183
1551.896,192
1551.985,188
1552.074,176
1552.163,176
1552.252,154
1552.341,141
1552.431,149
1552.52,155
1552.609,148
1552.698,150
1552.787,138
1552.877,123
1552.966,118
1553.055,109
1553.144,110
1553.233,106
1553.323,114
1553.412,114
1553.501,115
1553.59,121
1553.679,130
1553.769,119
1553.858,116
1553.947,118
1554.036,111
1554.126,127
1554.215,127
1554.304,134
1554.393,143
1554.483,141
1554.572,144
1554.661,139
1554.75,135
1554.84,126
1554.929,115
1555.018,112
1555.107,116
1555.197,114
1555.286,129
1555.375,127
1555.464,119
1555.554,118
1555.643,117
1555.732,121
1555.821,133
1555.911,145
1556,149
1556.089,141
1556.179,139
1556.268,133
1556.357,139
1556.446,145
1556.536,140
1556.625,141
1556.714,136
1556.804,140
1556.893,139
1556.982,142
1557.072,140
1557.161,138
1557.25,144
1557.34,145
1557.429,146
1557.518,145
1557.608,137
1557.697,141
1557.786,135
1557.876,135
1557.965,137
1558.054,132
1558.144,137
1558.233,127
1558.322,135
1558.412,136
1558.501,130
1558.59,113
1558.68,103
1558.769,94
1558.859,90
1558.948,101
1559.037,108
1559.127,110
1559.216,124
1559.305,137
1559.395,146
1559.484,160
1559.574,172
1559.663,172
1559.752,179
1559.842,171
1559.931,177
1560.021,165
1560.11,141
1560.199,140
1560.289,121
1560.378,124
1560.468,115
1560.557,103
1560.646,83
1560.736,77
1560.825,75
1560.915,72
1561.004,79
1561.094,88
1561.183,92
1561.272,104
1561.362,135
1561.451,142
1561.541,148
1561.63,144
1561.72,135
1561.809,130
1561.899,120
1561.988,129
1562.078,130
1562.167,134
1562.256,150
1562.346,159
1562.435,164
1562.525,162
1562.614,160
1562.704,145
1562.793,134
1562.883,125
1562.972,121
1563.062,110
1563.151,99
1563.241,94
1563.33,95
1563.42,97
1563.509,88
1563.599,83
1563.688,80
1563.778,71
1563.867,74
1563.957,71
1564.046,66
1564.136,64
1564.225,76
1564.315,88
1564.404,101
1564.494,116
1564.584,125
1564.673,129
1564.763,127
1564.852,123
1564.942,124
1565.031,115
1565.121,100
1565.21,87
1565.3,78
1565.389,76
1565.479,78
1565.569,84
1565.658,87
1565.748,94
1565.837,103
1565.927,115
1566.016,121
1566.106,127
1566.196,124
1566.285,123
1566.375,117
1566.464,112
1566.554,122
1566.644,125
1566.733,121
1566.823,110
1566.912,107
1567.002,101
1567.092,104
1567.181,112
1567.271,105
1567.36,106
1567.45,111
1567.54,120
1567.629,128
1567.719,129
1567.809,123
1567.898,125
1567.988,127
1568.077,130
1568.167,147
1568.257,161
1568.346,160
1568.436,154
1568.526,149
1568.615,163
1568.705,176
1568.795,175
1568.884,180
1568.974,170
1569.064,159
1569.153,160
1569.243,152
1569.333,142
1569.422,136
1569.512,129
1569.602,123
1569.691,116
1569.781,122
1569.871,120
1569.96,109
1570.05,107
1570.14,111
1570.229,118
1570.319,120
1570.409,115
1570.499,111
1570.588,112
1570.678,126
1570.768,125
1570.857,129
1570.947,127
1571.037,125
1571.127,135
1571.216,148
1571.306,157
1571.396,147
1571.486,152
1571.575,150
1571.665,138
1571.755,154
1571.845,157
1571.934,148
1572.024,145
1572.114,142
1572.204,143
1572.293,157
1572.383,157
1572.473,152
1572.563,148
1572.652,141
1572.742,132
1572.832,131
1572.922,135
1573.011,128
1573.101,129
1573.191,134
1573.281,127
1573.371,121
1573.46,132
1573.55,138
1573.64,133
1573.73,128
1573.82,125
1573.909,106
1573.999,102
1574.089,103
1574.179,110
1574.269,114
1574.358,119
1574.448,123
1574.538,126
1574.628,136
1574.718,135
1574.808,143
1574.897,142
1574.987,132
1575.077,139
1575.167,131
1575.257,131
1575.347,131
1575.437,137
1575.526,126
1575.616,139
1575.706,140
1575.796,129
1575.886,132
1575.976,126
1576.066,121
1576.155,130
1576.245,135
1576.335,133
1576.425,126
1576.515,128
1576.605,124
1576.695,115
1576.785,110
1576.874,107
1576.964,110
1577.054,102
1577.144,87
1577.234,86
1577.324,82
1577.414,99
1577.504,102
1577.594,108
1577.684,106
1577.774,110
1577.863,111
1577.953,115
1578.043,119
1578.133,121
1578.223,131
1578.313,140
1578.403,140
1578.493,139
1578.583,146
1578.673,148
1578.763,144
1578.853,137
1578.943,132
1579.033,135
1579.123,146
1579.213,143
1579.303,152
1579.393,156
1579.483,161
1579.572,174
1579.662,166
1579.752,163
1579.842,160
1579.932,149
1580.022,138
1580.112,121
1580.202,115
1580.292,116
1580.382,117
1580.472,122
1580.562,114
1580.652,103
1580.742,108
1580.832,112
1580.922,123
1581.012,141
1581.102,162
1581.192,170
1581.282,188
1581.372,195
1581.462,195
1581.553,182
1581.643,162
1581.733,147
1581.823,133
1581.913,119
1582.003,103
1582.093,75
1582.183,61
1582.273,59
1582.363,63
1582.453,73
1582.543,76
1582.633,74
1582.723,80
1582.813,90
1582.903,90
1582.993,94
1583.083,102
1583.173,110
1583.264,116
1583.354,132
1583.444,134
1583.534,134
1583.624,134
1583.714,125
1583.804,122
1583.894,123
1583.984,117
1584.074,110
1584.164,112
1584.255,122
1584.345,127
1584.435,129
1584.525,141
1584.615,122
1584.705,106
1584.795,100
1584.885,90
1584.976,75
1585.066,78
1585.156,77
1585.246,80
1585.336,94
1585.426,88
1585.516,102
1585.606,115
1585.697,144
1585.787,149
1585.877,150
1585.967,155
1586.057,142
1586.147,147
1586.238,151
1586.328,164
1586.418,166
1586.508,167
1586.598,169
1586.688,164
1586.779,143
1586.869,127
1586.959,118
1587.049,110
1587.139,111
1587.23,108
1587.32,104
1587.41,109
1587.5,110
1587.59,115
1587.681,120
1587.771,122
1587.861,130
1587.951,136
1588.041,128
1588.132,121
1588.222,115
1588.312,111
1588.402,110
1588.492,108
1588.583,102
1588.673,117
1588.763,130
1588.853,131
1588.944,149
1589.034,149
1589.124,139
1589.214,141
1589.305,127
1589.395,118
1589.485,106
1589.575,95
1589.666,89
1589.756,89
1589.846,94
1589.937,89
1590.027,96
1590.117,105
1590.207,112
1590.298,131
1590.388,142
1590.478,167
1590.568,166
1590.659,169
1590.749,176
1590.839,162
1590.93,156
1591.02,144
1591.11,129
1591.201,113
1591.291,100
1591.381,105
1591.472,97
1591.562,106
1591.652,119
1591.742,123
1591.833,123
1591.923,122
1592.013,121
1592.104,111
1592.194,116
1592.284,130
1592.375,138
1592.465,140
1592.555,146
1592.646,138
1592.736,121
1592.827,119
1592.917,115
1593.007,111
1593.098,114
1593.188,120
1593.278,119
1593.369,121
1593.459,130
1593.549,140
1593.64,141
1593.73,141
1593.821,142
1593.911,134
1594.001,125
1594.092,133
1594.182,139
1594.273,143
1594.363,149
1594.453,145
1594.544,144
1594.634,142
1594.725,141
1594.815,136
1594.905,139
1594.996,138
1595.086,140
1595.177,159
1595.267,166
1595.358,161
1595.448,152
1595.538,137
1595.629,133
1595.719,122
1595.81,120
1595.9,110
1595.991,103
1596.081,109
1596.171,120
1596.262,122
1596.352,118
1596.443,126
1596.533,127
1596.624,132
1596.714,138
1596.805,147
1596.895,154
1596.986,161
1597.076,163
1597.167,153
1597.257,142
1597.348,134
1597.438,138
1597.529,140
1597.619,142
1597.71,139
1597.8,118
1597.891,93
1597.981,81
1598.072,64
1598.162,66
1598.253,73
1598.343,86
1598.434,88
1598.524,93
1598.615,99
1598.705,104
1598.796,104
1598.886,114
1598.977,122
1599.067,108
1599.158,111
1599.248,109
1599.339,113
1599.429,135
1599.52,137
1599.611,136
1599.701,143
1599.792,149
1599.882,145
1599.973,145
1600.063,137
1600.154,139
