mz,abundance
700.026,14
700.086,15
700.145,13
700.205,10
700.265,11
700.324,8
700.384,9
700.443,8
700.503,7
700.562,9
700.622,8
700.682,7
700.741,6
700.801,7
700.86,7
700.92,7
700.98,10
701.039,8
701.099,10
701.158,10
701.218,9
701.278,9
701.337,6
701.397,7
701.457,7
701.516,7
701.576,7
701.635,7
701.695,4
701.755,5
701.814,6
701.874,5
701.934,5
701.993,5
702.053,4
702.112,4
702.172,8
702.232,7
702.291,10
702.351,10
702.411,10
702.47,13
702.53,9
702.59,11
702.649,9
702.709,5
702.769,6
702.828,4
702.888,3
702.948,6
703.008,7
703.067,7
703.127,7
703.187,6
703.246,6
703.306,9
703.366,10
703.425,9
703.485,12
703.545,8
703.605,9
703.664,8
703.724,4
703.784,5
703.843,5
703.903,7
703.963,7
704.023,9
704.082,6
704.142,8
704.202,8
704.262,9
704.321,10
704.381,8
704.441,10
704.5,7
704.56,7
704.62,8
704.68,9
704.74,11
704.799,13
704.859,10
704.919,6
704.979,5
705.038,3
705.098,3
705.158,5
705.218,5
705.277,6
705.337,8
705.397,8
705.457,6
705.517,5
705.576,4
705.636,5
705.696,8
705.756,8
705.816,7
705.875,6
705.935,6
705.995,8
706.055,8
706.115,8
706.175,5
706.234,3
706.294,4
706.354,2
706.414,3
706.474,4
706.534,3
706.593,5
706.653,5
706.713,6
706.773,8
706.833,7
706.893,10
706.952,7
707.012,7
707.072,10
707.132,8
707.192,12
707.252,11
707.312,8
707.372,6
707.431,3
707.491,2
707.551,3
707.611,3
707.671,4
707.731,5
707.791,5
707.851,8
707.91,8
707.97,8
708.03,9
708.09,9
708.15,7
708.21,7
708.27,6
708.33,5
708.39,6
708.45,5
708.51,4
708.57,2
708.629,2
708.689,4
708.749,5
708.809,7
708.869,7
708.929,5
708.989,3
709.049,3
709.109,3
709.169,4
709.229,8
709.289,10
709.349,10
709.409,9
709.469,8
709.529,7
709.589,8
709.649,9
709.709,7
709.769,5
709.829,3
709.888,4
709.948,5
710.008,8
710.068,10
710.128,11
710.188,10
710.248,8
710.308,7
710.368,5
710.428,6
710.488,7
710.548,7
710.608,7
710.668,6
710.728,6
710.789,6
710.849,5
710.909,4
710.969,6
711.029,7
711.089,9
711.149,11
711.209,7
711.269,7
711.329,10
711.389,12
711.449,12
711.509,10
711.569,6
711.629,5
711.689,6
711.749,8
711.809,8
711.869,5
711.929,3
711.989,2
712.05,2
712.11,6
712.17,6
712.23,7
712.29,7
712.35,4
712.41,6
712.47,4
712.53,5
712.59,6
712.65,8
712.71,9
712.771,8
712.831,8
712.891,5
712.951,5
713.011,6
713.071,4
713.131,6
713.191,8
713.252,8
713.312,10
713.372,8
713.432,6
713.492,8
713.552,9
713.612,8
713.672,10
713.733,6
713.793,7
713.853,7
713.913,6
713.973,8
714.033,5
714.094,9
714.154,8
714.214,9
714.274,9
714.334,7
714.394,8
714.455,8
714.515,8
714.575,8
714.635,6
714.695,3
714.755,4
714.816,6
714.876,7
714.936,11
714.996,9
715.056,7
715.117,9
715.177,6
715.237,9
715.297,7
715.357,5
715.418,6
715.478,5
715.538,11
715.598,11
715.659,9
715.719,10
715.779,6
715.839,7
715.9,7
715.96,6
716.02,7
716.08,5
716.14,5
716.201,6
716.261,4
716.321,5
716.382,10
716.442,11
716.502,13
716.562,14
716.623,11
716.683,8
716.743,5
716.803,3
716.864,3
716.924,5
716.984,5
717.045,6
717.105,4
717.165,5
717.225,9
717.286,12
717.346,12
717.406,11
717.467,12
717.527,9
717.587,10
717.648,8
717.708,7
717.768,7
717.828,10
717.889,11
717.949,11
718.009,11
718.07,8
718.13,9
718.19,6
718.251,7
718.311,7
718.371,6
718.432,8
718.492,10
718.553,6
718.613,7
718.673,7
718.734,6
718.794,8
718.854,10
718.915,9
718.975,10
719.035,11
719.096,10
719.156,12
719.217,9
719.277,6
719.337,6
719.398,5
719.458,7
719.518,8
719.579,7
719.639,7
719.7,8
719.76,10
719.82,11
719.881,11
719.941,13
720.002,13
720.062,12
720.123,12
720.183,12
720.243,10
720.304,9
720.364,8
720.425,3
720.485,2
720.545,3
720.606,4
720.666,6
720.727,6
720.787,9
720.848,10
720.908,12
720.969,13
721.029,11
721.09,9
721.15,8
721.21,8
721.271,6
721.331,7
721.392,7
721.452,7
721.513,9
721.573,8
721.634,6
721.694,7
721.755,6
721.815,7
721.876,9
721.936,8
721.997,13
722.057,12
722.118,14
722.178,13
722.239,8
722.299,9
722.36,4
722.42,4
722.481,5
722.541,4
722.602,7
722.662,9
722.723,8
722.783,10
722.844,9
722.904,7
722.965,6
723.026,4
723.086,5
723.147,6
723.207,10
723.268,11
723.328,9
723.389,8
723.449,8
723.51,6
723.571,9
723.631,9
723.692,6
723.752,10
723.813,7
723.873,7
723.934,7
723.995,5
724.055,6
724.116,8
724.176,8
724.237,11
724.297,11
724.358,10
724.419,10
724.479,7
724.54,8
724.6,7
724.661,10
724.722,10
724.782,8
724.843,9
724.904,6
724.964,5
725.025,7
725.085,7
725.146,7
725.207,10
725.267,7
725.328,8
725.389,7
725.449,3
725.51,4
725.571,2
725.631,5
725.692,8
725.752,10
725.813,11
725.874,10
725.934,9
725.995,8
726.056,8
726.116,7
726.177,7
726.238,11
726.299,11
726.359,11
726.42,11
726.481,7
726.541,7
726.602,7
726.663,8
726.723,7
726.784,8
726.845,7
726.905,6
726.966,8
727.027,7
727.088,9
727.148,13
727.209,12
727.27,13
727.33,11
727.391,7
727.452,6
727.513,5
727.573,5
727.634,3
727.695,2
727.756,1
727.816,0
727.877,1
727.938,2
727.999,2
728.059,3
728.12,4
728.181,4
728.242,7
728.302,9
728.363,8
728.424,7
728.485,5
728.545,2
728.606,3
728.667,6
728.728,5
728.789,9
728.849,7
728.91,4
728.971,6
729.032,4
729.093,7
729.153,10
729.214,9
729.275,11
729.336,8
729.397,6
729.457,7
729.518,5
729.579,10
729.64,11
729.701,9
729.761,13
729.822,10
729.883,13
729.944,15
730.005,11
730.066,12
730.126,9
730.187,8
730.248,7
730.309,6
730.37,5
730.431,5
730.492,8
730.552,8
730.613,8
730.674,8
730.735,8
730.796,6
730.857,6
730.918,7
730.978,6
731.039,8
731.1,8
731.161,6
731.222,4
731.283,5
731.344,5
731.405,6
731.466,9
731.526,8
731.587,9
731.648,8
731.709,5
731.77,4
731.831,3
731.892,4
731.953,5
732.014,5
732.075,5
732.136,4
732.197,3
732.257,3
732.318,4
732.379,5
732.44,5
732.501,5
732.562,5
732.623,5
732.684,5
732.745,4
732.806,6
732.867,7
732.928,8
732.989,8
733.05,7
733.111,6
733.172,6
733.233,8
733.294,5
733.355,5
733.416,6
733.477,5
733.538,9
733.599,11
733.66,10
733.721,9
733.782,8
733.843,6
733.904,6
733.965,9
734.026,8
734.087,8
734.148,7
734.209,6
734.27,6
734.331,6
734.392,8
734.453,6
734.514,5
734.575,7
734.636,6
734.697,10
734.758,13
734.819,11
734.88,12
734.941,9
735.002,8
735.063,8
735.124,6
735.185,6
735.246,6
735.307,11
735.368,11
735.429,12
735.49,11
735.552,7
735.613,7
735.674,8
735.735,7
735.796,6
735.857,7
735.918,5
735.979,6
736.04,9
736.101,8
736.162,10
736.223,9
736.285,7
736.346,9
736.407,7
736.468,10
736.529,10
736.59,9
736.651,10
736.712,7
736.773,10
736.835,9
736.896,9
736.957,8
737.018,4
737.079,5
737.14,4
737.201,6
737.262,9
737.324,9
737.385,8
737.446,6
737.507,2
737.568,1
737.629,2
737.691,4
737.752,8
737.813,9
737.874,11
737.935,9
737.996,6
738.058,6
738.119,4
738.18,5
738.241,6
738.302,6
738.363,7
738.425,6
738.486,4
738.547,3
738.608,2
738.669,5
738.731,7
738.792,8
738.853,8
738.914,7
738.975,6
739.037,6
739.098,8
739.159,8
739.22,11
739.282,10
739.343,12
739.404,10
739.465,9
739.526,9
739.588,5
739.649,7
739.71,7
739.771,12
739.833,11
739.894,10
739.955,8
740.016,2
740.078,2
740.139,2
740.2,3
740.262,5
740.323,5
740.384,4
740.445,5
740.507,4
740.568,9
740.629,9
740.69,7
740.752,7
740.813,4
740.874,5
740.936,5
740.997,7
741.058,8
741.12,8
741.181,7
741.242,5
741.303,4
741.365,3
741.426,5
741.487,7
741.549,8
741.61,9
741.671,9
741.733,8
741.794,8
741.855,7
741.917,8
741.978,8
742.039,8
742.101,8
742.162,6
742.223,8
742.285,6
742.346,7
742.407,9
742.469,7
742.53,9
742.592,9
742.653,8
742.714,8
742.776,6
742.837,7
742.898,6
742.96,7
743.021,9
743.083,8
743.144,9
743.205,10
743.267,9
743.328,8
743.39,7
743.451,5
743.512,6
743.574,6
743.635,8
743.697,8
743.758,8
743.819,10
743.881,9
743.942,12
744.004,10
744.065,9
744.126,10
744.188,7
744.249,9
744.311,11
744.372,10
744.434,8
744.495,8
744.557,7
744.618,6
744.679,8
744.741,7
744.802,6
744.864,8
744.925,10
744.987,8
745.048,10
745.11,9
745.171,9
745.233,12
745.294,9
745.356,10
745.417,7
745.479,7
745.54,7
745.602,8
745.663,8
745.725,7
745.786,10
745.848,8
745.909,7
745.971,7
746.032,6
746.094,5
746.155,8
746.217,9
746.278,9
746.34,8
746.401,6
746.463,4
746.524,2
746.586,3
746.647,4
746.709,4
746.77,4
746.832,5
746.893,5
746.955,5
747.016,6
747.078,5
747.14,3
747.201,4
747.263,5
747.324,6
747.386,7
747.447,5
747.509,4
747.571,4
747.632,4
747.694,6
747.755,7
747.817,5
747.878,7
747.94,6
748.002,5
748.063,6
748.125,6
748.186,7
748.248,8
748.31,9
748.371,7
748.433,8
748.494,10
748.556,10
748.618,11
748.679,12
748.741,10
748.803,9
748.864,9
748.926,6
748.987,6
749.049,6
749.111,5
749.172,4
749.234,4
749.296,4
749.357,5
749.419,6
749.481,4
749.542,5
749.604,3
749.666,4
749.727,7
749.789,9
749.851,12
749.912,13
749.974,12
750.036,9
750.097,8
750.159,6
750.221,5
750.282,6
750.344,7
750.406,6
750.467,7
750.529,6
750.591,6
750.652,10
750.714,8
750.776,8
750.838,7
750.899,3
750.961,4
751.023,6
751.084,5
751.146,7
751.208,7
751.27,7
751.331,8
751.393,8
751.455,10
751.516,9
751.578,7
751.64,7
751.702,5
751.763,5
751.825,7
751.887,8
751.949,8
752.01,10
752.072,8
752.134,5
752.196,6
752.258,5
752.319,7
752.381,10
752.443,9
752.505,11
752.566,12
752.628,12
752.69,12
752.752,10
752.814,7
752.875,8
752.937,8
752.999,6
753.061,9
753.123,9
753.184,8
753.246,9
753.308,9
753.37,8
753.432,9
753.493,10
753.555,7
753.617,7
753.679,8
753.741,8
753.803,9
753.864,6
753.926,6
753.988,5
754.05,5
754.112,6
754.174,5
754.235,5
754.297,5
754.359,7
754.421,6
754.483,7
754.545,8
754.607,6
754.668,8
754.73,7
754.792,8
754.854,8
754.916,6
754.978,8
755.04,9
755.102,8
755.163,9
755.225,7
755.287,5
755.349,7
755.411,7
755.473,5
755.535,5
755.597,7
755.659,8
755.721,9
755.783,9
755.844,6
755.906,7
755.968,7
756.03,6
756.092,7
756.154,7
756.216,11
756.278,11
756.34,10
756.402,7
756.464,2
756.526,1
756.588,3
756.65,4
756.712,6
756.773,8
756.835,8
756.897,8
756.959,7
757.021,6
757.083,3
757.145,2
757.207,1
757.269,4
757.331,4
757.393,4
757.455,5
757.517,1
757.579,4
757.641,6
757.703,6
757.765,7
757.827,8
757.889,7
757.951,7
758.013,7
758.075,6
758.137,7
758.199,8
758.261,9
758.323,7
758.385,7
758.447,8
758.509,7
758.571,11
758.633,8
758.695,9
758.757,9
758.819,9
758.881,10
758.943,8
759.006,8
759.068,10
759.13,10
759.192,9
759.254,11
759.316,8
759.378,9
759.44,8
759.502,5
759.564,5
759.626,4
759.688,4
759.75,6
759.812,11
759.874,13
759.937,14
759.999,13
760.061,10
760.123,8
760.185,6
760.247,5
760.309,2
760.371,3
760.433,4
760.495,3
760.558,4
760.62,3
760.682,3
760.744,5
760.806,6
760.868,6
760.93,6
760.992,5
761.055,5
761.117,4
761.179,5
761.241,6
761.303,6
761.365,9
761.427,9
761.49,8
761.552,9
761.614,7
761.676,6
761.738,5
761.8,4
761.862,6
761.925,9
761.987,11
762.049,9
762.111,7
762.173,3
762.236,3
762.298,3
762.36,5
762.422,6
762.484,6
762.546,10
762.609,9
762.671,13
762.733,12
762.795,9
762.857,8
762.92,5
762.982,8
763.044,9
763.106,10
763.169,13
763.231,14
763.293,12
763.355,11
763.417,6
763.48,3
763.542,4
763.604,6
763.666,9
763.729,8
763.791,8
763.853,7
763.915,6
763.978,7
764.04,6
764.102,5
764.164,4
764.227,3
764.289,5
764.351,5
764.413,6
764.476,6
764.538,5
764.6,7
764.663,5
764.725,5
764.787,5
764.849,3
764.912,3
764.974,4
765.036,5
765.099,6
765.161,6
765.223,7
765.286,7
765.348,7
765.41,10
765.472,7
765.535,7
765.597,6
765.659,6
765.722,10
765.784,10
765.846,13
765.909,12
765.971,8
766.033,6
766.096,4
766.158,3
766.22,6
766.283,7
766.345,6
766.407,6
766.47,4
766.532,5
766.595,4
766.657,3
766.719,3
766.782,6
766.844,8
766.906,10
766.969,9
767.031,7
767.094,9
767.156,8
767.218,11
767.281,11
767.343,8
767.405,7
767.468,6
767.53,7
767.593,8
767.655,10
767.717,12
767.78,9
767.842,9
767.905,9
767.967,6
768.03,8
768.092,8
768.154,7
768.217,6
768.279,5
768.342,6
768.404,7
768.467,8
768.529,6
768.591,4
768.654,2
768.716,2
768.779,5
768.841,5
768.904,5
768.966,4
769.029,6
769.091,5
769.154,6
769.216,8
769.278,9
769.341,11
769.403,14
769.466,15
769.528,17
769.591,17
769.653,14
769.716,11
769.778,11
769.841,9
769.903,8
769.966,15
770.028,12
770.091,15
770.153,18
770.216,11
770.278,10
770.341,6
770.403,5
770.466,5
770.528,7
770.591,8
770.654,5
770.716,6
770.779,7
770.841,9
770.904,13
770.966,16
771.029,13
771.091,12
771.154,10
771.216,8
771.279,12
771.341,10
771.404,8
771.467,8
771.529,4
771.592,4
771.654,6
771.717,4
771.779,5
771.842,6
771.905,6
771.967,6
772.03,7
772.092,7
772.155,7
772.218,7
772.28,4
772.343,5
772.405,3
772.468,2
772.531,4
772.593,5
772.656,7
772.718,9
772.781,9
772.844,10
772.906,8
772.969,6
773.031,6
773.094,3
773.157,5
773.219,9
773.282,11
773.345,12
773.407,11
773.47,8
773.533,7
773.595,8
773.658,8
773.721,9
773.783,7
773.846,6
773.908,9
773.971,7
774.034,8
774.096,7
774.159,4
774.222,6
774.284,4
774.347,4
774.41,5
774.473,7
774.535,10
774.598,12
774.661,12
774.723,10
774.786,12
774.849,11
774.911,10
774.974,11
775.037,7
775.1,10
775.162,10
775.225,11
775.288,12
775.35,8
775.413,10
775.476,7
775.539,6
775.601,7
775.664,5
775.727,6
775.79,8
775.852,8
775.915,10
775.978,10
776.04,10
776.103,8
776.166,5
776.229,6
776.292,6
776.354,7
776.417,8
776.48,5
776.543,4
776.605,4
776.668,3
776.731,4
776.794,3
776.856,5
776.919,9
776.982,9
777.045,12
777.108,13
777.17,13
777.233,13
777.296,10
777.359,7
777.422,5
777.484,7
777.547,8
777.61,9
777.673,9
777.736,7
777.798,7
777.861,7
777.924,5
777.987,4
778.05,2
778.113,3
778.175,4
778.238,5
778.301,7
778.364,6
778.427,8
778.49,11
778.553,13
778.615,12
778.678,10
778.741,8
778.804,6
778.867,5
778.93,5
778.993,3
779.055,2
779.118,3
779.181,3
779.244,5
779.307,6
779.37,9
779.433,8
779.496,7
779.559,7
779.621,7
779.684,8
779.747,9
779.81,9
779.873,7
779.936,9
779.999,7
780.062,7
780.125,5
780.188,3
780.25,4
780.313,4
780.376,5
780.439,8
780.502,7
780.565,6
780.628,7
780.691,5
780.754,7
780.817,9
780.88,11
780.943,11
781.006,10
781.069,9
781.132,6
781.195,5
781.258,7
781.321,10
781.384,10
781.446,15
781.509,12
781.572,9
781.635,9
781.698,3
781.761,5
781.824,4
781.887,7
781.95,8
782.013,6
782.076,6
782.139,3
782.202,3
782.265,7
782.328,7
782.391,6
782.454,7
782.517,6
782.58,8
782.643,8
782.706,7
782.769,7
782.832,4
782.895,5
782.959,5
783.022,4
783.085,6
783.148,8
783.211,8
783.274,7
783.337,7
783.4,5
783.463,5
783.526,6
783.589,5
783.652,5
783.715,4
783.778,3
783.841,3
783.904,3
783.967,5
784.03,6
784.094,9
784.157,9
784.22,8
784.283,9
784.346,11
784.409,12
784.472,10
784.535,7
784.598,5
784.661,5
784.724,6
784.788,6
784.851,8
784.914,8
784.977,8
785.04,8
785.103,7
785.166,6
785.229,8
785.292,8
785.356,7
785.419,5
785.482,3
785.545,6
785.608,7
785.671,8
785.734,7
785.798,5
785.861,5
785.924,5
785.987,6
786.05,5
786.113,5
786.177,6
786.24,6
786.303,7
786.366,6
786.429,4
786.492,6
786.556,5
786.619,9
786.682,11
786.745,11
786.808,11
786.871,6
786.935,5
786.998,3
787.061,5
787.124,6
787.187,7
787.251,7
787.314,5
787.377,6
787.44,6
787.504,6
787.567,6
787.63,6
787.693,5
787.756,5
787.82,5
787.883,7
787.946,10
788.009,12
788.073,11
788.136,8
788.199,7
788.262,4
788.326,7
788.389,7
788.452,5
788.515,5
788.579,4
788.642,5
788.705,5
788.768,8
788.832,7
788.895,8
788.958,9
789.021,8
789.085,10
789.148,12
789.211,12
789.275,12
789.338,13
789.401,12
789.464,13
789.528,11
789.591,10
789.654,7
789.718,6
789.781,6
789.844,5
789.908,6
789.971,5
790.034,7
790.098,6
790.161,7
790.224,6
790.288,5
790.351,6
790.414,4
790.478,5
790.541,6
790.604,5
790.668,5
790.731,4
790.794,5
790.858,10
790.921,11
790.984,11
791.048,9
791.111,3
791.174,3
791.238,4
791.301,4
791.365,6
791.428,4
791.491,3
791.555,4
791.618,4
791.681,7
791.745,8
791.808,7
791.872,6
791.935,6
791.998,6
792.062,6
792.125,8
792.189,7
792.252,8
792.315,7
792.379,7
792.442,6
792.506,4
792.569,5
792.633,5
792.696,5
792.759,9
792.823,13
792.886,12
792.95,14
793.013,13
793.077,8
793.14,8
793.204,8
793.267,7
793.33,8
793.394,8
793.457,7
793.521,6
793.584,6
793.648,6
793.711,5
793.775,5
793.838,6
793.902,6
793.965,8
794.029,8
794.092,7
794.156,8
794.219,8
794.283,8
794.346,10
794.41,8
794.473,8
794.537,10
794.6,7
794.664,6
794.727,6
794.791,4
794.854,5
794.918,5
794.981,2
795.045,4
795.108,5
795.172,5
795.235,7
795.299,8
795.362,7
795.426,8
795.489,7
795.553,4
795.616,5
795.68,6
795.744,7
795.807,6
795.871,5
795.934,5
795.998,3
796.061,3
796.125,2
796.188,1
796.252,2
796.316,4
796.379,5
796.443,5
796.506,5
796.57,4
796.634,4
796.697,5
796.761,6
796.824,5
796.888,4
796.951,6
797.015,4
797.079,5
797.142,7
797.206,5
797.27,5
797.333,6
797.397,7
797.46,7
797.524,8
797.588,6
797.651,5
797.715,4
797.779,5
797.842,6
797.906,5
797.969,8
798.033,7
798.097,6
798.16,8
798.224,6
798.288,9
798.351,12
798.415,11
798.479,11
798.542,7
798.606,5
798.67,5
798.733,4
798.797,6
798.861,5
798.924,5
798.988,6
799.052,4
799.115,5
799.179,7
799.243,6
799.306,7
799.37,8
799.434,7
799.498,8
799.561,13
799.625,12
799.689,10
799.752,11
799.816,5
799.88,5
799.944,6
800.007,5
800.071,6
800.135,6
800.198,5
800.262,7
800.326,7
800.39,8
800.453,8
800.517,5
800.581,5
800.645,6
800.708,5
800.772,4
800.836,6
800.9,4
800.963,4
801.027,5
801.091,3
801.155,4
801.218,6
801.282,7
801.346,9
801.41,9
801.474,9
801.537,10
801.601,11
801.665,10
801.729,9
801.793,9
801.856,6
801.92,5
801.984,7
802.048,5
802.112,6
802.175,10
802.239,8
802.303,11
802.367,9
802.431,6
802.494,10
802.558,6
802.622,8
802.686,7
802.75,2
802.814,2
802.877,2
802.941,3
803.005,3
803.069,4
803.133,4
803.197,4
803.261,6
803.324,7
803.388,10
803.452,14
803.516,13
803.58,12
803.644,8
803.708,4
803.771,5
803.835,4
803.899,5
803.963,6
804.027,7
804.091,11
804.155,11
804.219,12
804.283,9
804.346,7
804.41,6
804.474,4
804.538,5
804.602,5
804.666,6
804.73,7
804.794,8
804.858,8
804.922,8
804.986,7
805.05,6
805.113,7
805.177,9
805.241,8
805.305,9
805.369,9
805.433,6
805.497,8
805.561,7
805.625,8
805.689,8
805.753,8
805.817,11
805.881,10
805.945,12
806.009,11
806.073,10
806.137,10
806.201,9
806.265,9
806.329,8
806.393,9
806.457,9
806.521,9
806.585,7
806.648,3
806.712,3
806.776,5
806.84,7
806.904,9
806.968,9
807.032,6
807.096,4
807.161,2
807.225,1
807.289,1
807.353,3
807.417,6
807.481,8
807.545,9
807.609,7
807.673,5
807.737,6
807.801,8
807.865,11
807.929,11
807.993,8
808.057,8
808.121,6
808.185,9
808.249,11
808.313,9
808.377,10
808.441,7
808.505,6
808.569,7
808.633,6
808.698,7
808.762,7
808.826,6
808.89,4
808.954,4
809.018,6
809.082,8
809.146,10
809.21,11
809.274,9
809.338,9
809.403,6
809.467,5
809.531,8
809.595,8
809.659,9
809.723,9
809.787,5
809.851,4
809.915,4
809.98,6
810.044,10
810.108,9
810.172,7
810.236,5
810.3,3
810.364,5
810.428,6
810.493,7
810.557,7
810.621,7
810.685,7
810.749,7
810.813,5
810.878,3
810.942,3
811.006,3
811.07,6
811.134,9
811.198,10
811.263,9
811.327,8
811.391,6
811.455,8
811.519,8
811.583,8
811.648,11
811.712,10
811.776,10
811.84,9
811.904,10
811.969,8
812.033,7
812.097,8
812.161,4
812.225,4
812.29,8
812.354,7
812.418,7
812.482,6
812.547,4
812.611,7
812.675,7
812.739,7
812.804,7
812.868,3
812.932,4
812.996,5
813.061,4
813.125,6
813.189,6
813.253,8
813.318,9
813.382,8
813.446,7
813.51,7
813.575,7
813.639,6
813.703,6
813.767,4
813.832,4
813.896,4
813.96,6
814.025,7
814.089,10
814.153,13
814.217,12
814.282,12
814.346,8
814.41,7
814.475,6
814.539,6
814.603,5
814.668,5
814.732,5
814.796,6
814.86,6
814.925,6
814.989,7
815.053,4
815.118,7
815.182,6
815.246,4
815.311,5
815.375,3
815.439,4
815.504,6
815.568,6
815.633,9
815.697,8
815.761,8
815.826,10
815.89,7
815.954,7
816.019,6
816.083,5
816.147,7
816.212,9
816.276,9
816.341,7
816.405,6
816.469,4
816.534,4
816.598,5
816.662,5
816.727,8
816.791,8
816.856,8
816.92,9
816.984,6
817.049,6
817.113,5
817.178,3
817.242,5
817.307,6
817.371,9
817.435,10
817.5,8
817.564,8
817.629,6
817.693,8
817.758,7
817.822,6
817.886,6
817.951,3
818.015,5
818.08,5
818.144,4
818.209,4
818.273,5
818.338,5
818.402,9
818.466,10
818.531,9
818.595,9
818.66,6
818.724,5
818.789,7
818.853,9
818.918,8
818.982,9
819.047,6
819.111,6
819.176,6
819.24,5
819.305,6
819.369,6
819.434,10
819.498,12
819.563,12
819.627,10
819.692,10
819.756,7
819.821,7
819.885,6
819.95,5
820.014,8
820.079,8
820.143,13
820.208,11
820.273,9
820.337,9
820.402,6
820.466,6
820.531,6
820.595,8
820.66,7
820.724,6
820.789,6
820.853,3
820.918,3
820.983,3
821.047,5
821.112,6
821.176,7
821.241,10
821.305,10
821.37,10
821.435,8
821.499,7
821.564,7
821.628,7
821.693,11
821.758,10
821.822,9
821.887,10
821.951,6
822.016,7
822.081,5
822.145,3
822.21,5
822.274,4
822.339,4
822.404,5
822.468,6
822.533,7
822.598,10
822.662,9
822.727,7
822.791,7
822.856,8
822.921,9
822.985,9
823.05,7
823.115,4
823.179,3
823.244,4
823.309,5
823.373,6
823.438,6
823.503,6
823.567,8
823.632,8
823.697,9
823.761,9
823.826,8
823.891,11
823.955,10
824.02,9
824.085,8
824.149,5
824.214,6
824.279,6
824.343,6
824.408,7
824.473,5
824.538,6
824.602,5
824.667,5
824.732,7
824.796,9
824.861,11
824.926,10
824.991,9
825.055,8
825.12,8
825.185,7
825.249,9
825.314,8
825.379,9
825.444,9
825.508,8
825.573,10
825.638,10
825.703,9
825.767,8
825.832,5
825.897,4
825.962,5
826.027,5
826.091,8
826.156,9
826.221,12
826.286,13
826.35,10
826.415,9
826.48,9
826.545,9
826.61,8
826.674,7
826.739,5
826.804,5
826.869,5
826.933,6
826.998,6
827.063,6
827.128,7
827.193,6
827.258,11
827.322,11
827.387,16
827.452,18
827.517,14
827.582,13
827.646,8
827.711,7
827.776,8
827.841,10
827.906,11
827.971,11
828.035,7
828.1,6
828.165,5
828.23,5
828.295,7
828.36,8
828.425,8
828.489,9
828.554,8
828.619,7
828.684,9
828.749,8
828.814,11
828.879,12
828.944,9
829.008,10
829.073,8
829.138,9
829.203,10
829.268,8
829.333,7
829.398,5
829.463,6
829.528,8
829.593,10
829.657,9
829.722,10
829.787,9
829.852,7
829.917,8
829.982,10
830.047,11
830.112,12
830.177,11
830.242,6
830.307,6
830.372,7
830.437,10
830.501,10
830.566,10
830.631,8
830.696,6
830.761,7
830.826,5
830.891,6
830.956,5
831.021,7
831.086,8
831.151,11
831.216,10
831.281,10
831.346,10
831.411,6
831.476,7
831.541,6
831.606,4
831.671,6
831.736,7
831.801,5
831.866,7
831.931,7
831.996,7
832.061,9
832.126,9
832.191,8
832.256,7
832.321,6
832.386,6
832.451,8
832.516,9
832.581,10
832.646,11
832.711,13
832.776,14
832.841,12
832.906,11
832.971,7
833.036,4
833.101,7
833.166,6
833.231,4
833.296,5
833.361,5
833.427,7
833.492,10
833.557,11
833.622,10
833.687,9
833.752,7
833.817,6
833.882,8
833.947,7
834.012,9
834.077,9
834.142,6
834.207,7
834.273,7
834.338,6
834.403,5
834.468,6
834.533,4
834.598,6
834.663,8
834.728,6
834.793,5
834.858,9
834.924,9
834.989,8
835.054,11
835.119,5
835.184,7
835.249,9
835.314,8
835.379,8
835.445,7
835.51,7
835.575,10
835.64,10
835.705,7
835.77,11
835.836,7
835.901,8
835.966,8
836.031,6
836.096,7
836.161,9
836.226,12
836.292,11
836.357,11
836.422,11
836.487,8
836.552,7
836.618,10
836.683,7
836.748,8
836.813,9
836.878,5
836.944,6
837.009,6
837.074,3
837.139,4
837.204,4
837.27,4
837.335,6
837.4,5
837.465,6
837.53,9
837.596,7
837.661,9
837.726,10
837.791,7
837.857,10
837.922,11
837.987,10
838.052,9
838.118,6
838.183,4
838.248,4
838.313,5
838.379,8
838.444,9
838.509,11
838.574,11
838.64,9
838.705,6
838.77,2
838.835,4
838.901,6
838.966,10
839.031,12
839.096,11
839.162,11
839.227,10
839.292,8
839.358,7
839.423,6
839.488,7
839.554,9
839.619,12
839.684,14
839.749,14
839.815,17
839.88,14
839.945,12
840.011,9
840.076,11
840.141,10
840.207,8
840.272,7
840.337,3
840.403,5
840.468,8
840.533,13
840.599,14
840.664,14
840.729,14
840.795,11
840.86,8
840.925,10
840.991,8
841.056,9
841.121,10
841.187,8
841.252,11
841.318,10
841.383,9
841.448,11
841.514,12
841.579,13
841.644,14
841.71,11
841.775,10
841.841,7
841.906,6
841.971,6
842.037,2
842.102,5
842.168,8
842.233,9
842.298,9
842.364,8
842.429,6
842.495,6
842.56,7
842.626,7
842.691,7
842.756,7
842.822,6
842.887,9
842.953,8
843.018,9
843.084,11
843.149,7
843.214,8
843.28,6
843.345,7
843.411,9
843.476,8
843.542,7
843.607,4
843.673,5
843.738,6
843.804,8
843.869,12
843.934,9
844.00,9
844.065,10
844.131,8
844.196,9
844.262,8
844.327,6
844.393,6
844.458,8
844.524,8
844.589,8
844.655,10
844.72,7
844.786,10
844.851,9
844.917,7
844.982,9
845.048,8
845.113,11
845.179,12
845.244,9
845.31,9
845.376,7
845.441,7
845.507,7
845.572,4
845.638,4
845.703,3
845.769,7
845.834,10
845.9,10
845.965,8
846.031,5
846.097,5
846.162,6
846.228,7
846.293,8
846.359,9
846.424,10
846.49,9
846.556,7
846.621,6
846.687,7
846.752,7
846.818,8
846.883,7
846.949,5
847.015,7
847.08,6
847.146,4
847.211,6
847.277,9
847.343,12
847.408,15
847.474,13
847.539,8
847.605,8
847.671,10
847.736,9
847.802,9
847.868,6
847.933,6
847.999,6
848.064,8
848.13,12
848.196,10
848.261,11
848.327,10
848.393,10
848.458,8
848.524,9
848.59,9
848.655,7
848.721,8
848.787,6
848.852,6
848.918,6
848.984,6
849.049,6
849.115,7
849.181,5
849.246,4
849.312,4
849.378,4
849.443,5
849.509,6
849.575,6
849.64,4
849.706,7
849.772,7
849.838,7
849.903,10
849.969,6
850.035,6
850.1,8
850.166,5
850.232,8
850.298,7
850.363,4
850.429,4
850.495,3
850.56,4
850.626,9
850.692,10
850.758,11
850.823,10
850.889,6
850.955,8
851.021,6
851.086,7
851.152,9
851.218,8
851.284,9
851.349,10
851.415,11
851.481,11
851.547,11
851.613,11
851.678,10
851.744,9
851.81,9
851.876,7
851.941,6
852.007,7
852.073,7
852.139,7
852.205,5
852.27,4
852.336,6
852.402,6
852.468,6
852.534,6
852.599,4
852.665,4
852.731,6
852.797,7
852.863,7
852.929,8
852.994,8
853.06,7
853.126,7
853.192,6
853.258,7
853.324,8
853.389,7
853.455,7
853.521,5
853.587,4
853.653,6
853.719,9
853.785,9
853.85,10
853.916,10
853.982,8
854.048,8
854.114,6
854.18,7
854.246,7
854.312,9
854.377,9
854.443,7
854.509,7
854.575,7
854.641,7
854.707,6
854.773,4
854.839,4
854.905,6
854.97,6
855.036,7
855.102,4
855.168,3
855.234,3
855.3,5
855.366,7
855.432,7
855.498,8
855.564,6
855.63,5
855.696,5
855.762,9
855.827,10
855.893,11
855.959,12
856.025,7
856.091,7
856.157,8
856.223,10
856.289,13
856.355,13
856.421,11
856.487,11
856.553,8
856.619,7
856.685,7
856.751,4
856.817,4
856.883,6
856.949,8
857.015,8
857.081,9
857.147,8
857.213,6
857.279,7
857.345,8
857.411,6
857.477,7
857.543,6
857.609,4
857.675,5
857.741,5
857.807,5
857.873,6
857.939,7
858.005,5
858.071,5
858.137,4
858.203,4
858.269,5
858.335,6
858.401,8
858.467,8
858.533,7
858.599,6
858.665,5
858.731,4
858.797,4
858.863,4
858.929,3
858.996,5
859.062,5
859.128,8
859.194,8
859.26,6
859.326,7
859.392,5
859.458,4
859.524,3
859.59,6
859.656,5
859.722,9
859.788,11
859.855,8
859.921,7
859.987,5
860.053,5
860.119,5
860.185,7
860.251,7
860.317,7
860.383,7
860.45,7
860.516,7
860.582,7
860.648,8
860.714,6
860.78,7
860.846,7
860.912,6
860.979,8
861.045,7
861.111,7
861.177,8
861.243,6
861.309,4
861.375,3
861.442,1
861.508,3
861.574,5
861.64,6
861.706,8
861.772,6
861.839,4
861.905,8
861.971,7
862.037,9
862.103,11
862.17,8
862.236,9
862.302,7
862.368,7
862.434,5
862.501,4
862.567,6
862.633,9
862.699,10
862.765,12
862.832,12
862.898,7
862.964,6
863.03,5
863.096,5
863.163,7
863.229,8
863.295,9
863.361,7
863.428,6
863.494,10
863.56,8
863.626,11
863.693,11
863.759,7
863.825,7
863.891,8
863.958,8
864.024,7
864.09,9
864.156,5
864.223,8
864.289,8
864.355,6
864.421,9
864.488,6
864.554,6
864.62,10
864.687,8
864.753,7
864.819,8
864.885,4
864.952,7
865.018,14
865.084,13
865.151,12
865.217,11
865.283,5
865.35,5
865.416,7
865.482,4
865.548,7
865.615,9
865.681,9
865.747,10
865.814,7
865.88,5
865.946,4
866.013,3
866.079,6
866.145,8
866.212,10
866.278,11
866.344,7
866.411,7
866.477,4
866.544,6
866.61,8
866.676,5
866.743,7
866.809,8
866.875,6
866.942,7
867.008,6
867.074,3
867.141,6
867.207,5
867.274,6
867.34,5
867.406,4
867.473,5
867.539,3
867.606,4
867.672,2
867.738,3
867.805,3
867.871,4
867.938,6
868.004,6
868.07,9
868.137,7
868.203,9
868.27,8
868.336,6
868.403,8
868.469,7
868.535,7
868.602,9
868.668,8
868.735,7
868.801,10
868.868,8
868.934,8
869.001,8
869.067,9
869.133,10
869.2,13
869.266,13
869.333,11
869.399,11
869.466,8
869.532,8
869.599,7
869.665,5
869.732,4
869.798,4
869.865,6
869.931,7
869.998,8
870.064,9
870.131,6
870.197,5
870.264,5
870.33,4
870.397,8
870.463,10
870.53,10
870.596,10
870.663,8
870.729,8
870.796,9
870.862,8
870.929,7
870.995,7
871.062,5
871.128,5
871.195,5
871.261,4
871.328,8
871.394,8
871.461,9
871.528,10
871.594,8
871.661,9
871.727,10
871.794,9
871.86,8
871.927,8
871.993,6
872.06,6
872.127,5
872.193,4
872.26,3
872.326,4
872.393,7
872.46,7
872.526,7
872.593,6
872.659,4
872.726,3
872.792,5
872.859,4
872.926,5
872.992,9
873.059,8
873.126,9
873.192,10
873.259,8
873.325,10
873.392,12
873.459,16
873.525,18
873.592,15
873.659,15
873.725,10
873.792,5
873.858,9
873.925,9
873.992,8
874.058,9
874.125,8
874.192,7
874.258,9
874.325,8
874.392,10
874.458,11
874.525,11
874.592,11
874.658,6
874.725,5
874.792,8
874.858,8
874.925,10
874.992,9
875.058,4
875.125,5
875.192,4
875.258,5
875.325,5
875.392,4
875.459,5
875.525,6
875.592,7
875.659,7
875.725,7
875.792,8
875.859,10
875.926,9
875.992,11
876.059,11
876.126,11
876.192,11
876.259,8
876.326,5
876.393,3
876.459,4
876.526,7
876.593,7
876.66,6
876.726,6
876.793,5
876.86,6
876.927,7
876.993,5
877.06,7
877.127,10
877.194,12
877.26,15
877.327,11
877.394,7
877.461,8
877.528,8
877.594,8
877.661,10
877.728,9
877.795,6
877.861,9
877.928,10
877.995,8
878.062,9
878.129,7
878.196,7
878.262,6
878.329,7
878.396,5
878.463,3
878.53,6
878.596,7
878.663,9
878.73,9
878.797,10
878.864,8
878.931,8
878.997,7
879.064,8
879.131,10
879.198,10
879.265,11
879.332,7
879.398,5
879.465,4
879.532,4
879.599,3
879.666,4
879.733,3
879.8,3
879.867,5
879.933,5
880.00,10
880.067,9
880.134,10
880.201,11
880.268,8
880.335,10
880.402,10
880.468,9
880.535,9
880.602,8
880.669,7
880.736,10
880.803,9
880.87,10
880.937,11
881.004,9
881.071,10
881.138,9
881.204,10
881.271,7
881.338,8
881.405,8
881.472,7
881.539,9
881.606,8
881.673,7
881.74,6
881.807,9
881.874,12
881.941,14
882.008,15
882.075,14
882.142,10
882.209,11
882.276,10
882.343,6
882.41,7
882.477,5
882.543,5
882.61,6
882.677,8
882.744,10
882.811,11
882.878,12
882.945,12
883.012,10
883.079,9
883.146,10
883.213,9
883.28,9
883.347,10
883.414,7
883.481,8
883.548,9
883.615,6
883.682,7
883.749,3
883.816,1
883.884,4
883.951,6
884.018,9
884.085,9
884.152,7
884.219,5
884.286,6
884.353,8
884.42,9
884.487,9
884.554,7
884.621,6
884.688,4
884.755,4
884.822,4
884.889,6
884.956,9
885.023,10
885.09,10
885.158,8
885.225,9
885.292,9
885.359,11
885.426,10
885.493,7
885.56,5
885.627,6
885.694,6
885.761,7
885.828,12
885.895,9
885.963,12
886.03,12
886.097,13
886.164,14
886.231,11
886.298,10
886.365,7
886.432,7
886.5,10
886.567,12
886.634,11
886.701,10
886.768,10
886.835,10
886.902,11
886.97,10
887.037,8
887.104,8
887.171,9
887.238,11
887.305,11
887.372,10
887.44,10
887.507,9
887.574,11
887.641,9
887.708,9
887.775,9
887.843,8
887.91,9
887.977,5
888.044,7
888.111,6
888.179,7
888.246,9
888.313,7
888.38,8
888.447,8
888.515,7
888.582,7
888.649,6
888.716,7
888.783,9
888.851,9
888.918,11
888.985,11
889.052,10
889.119,10
889.187,8
889.254,7
889.321,7
889.388,7
889.456,9
889.523,7
889.59,8
889.657,8
889.725,8
889.792,9
889.859,7
889.926,6
889.994,5
890.061,5
890.128,7
890.195,9
890.263,10
890.33,11
890.397,11
890.465,12
890.532,12
890.599,11
890.666,9
890.734,6
890.801,4
890.868,6
890.936,5
891.003,7
891.07,7
891.137,5
891.205,7
891.272,5
891.339,4
891.407,6
891.474,8
891.541,8
891.609,11
891.676,10
891.743,9
891.811,9
891.878,10
891.945,9
892.013,8
892.08,9
892.147,7
892.215,7
892.282,7
892.349,5
892.417,5
892.484,6
892.551,9
892.619,12
892.686,11
892.754,10
892.821,9
892.888,8
892.956,8
893.023,9
893.09,8
893.158,7
893.225,9
893.293,10
893.36,8
893.427,8
893.495,7
893.562,4
893.63,6
893.697,9
893.764,9
893.832,11
893.899,13
893.967,12
894.034,10
894.101,9
894.169,7
894.236,8
894.304,9
894.371,10
894.439,9
894.506,7
894.573,9
894.641,9
894.708,11
894.776,10
894.843,8
894.911,6
894.978,3
895.046,2
895.113,4
895.18,4
895.248,5
895.315,6
895.383,5
895.45,6
895.518,7
895.585,11
895.653,9
895.72,9
895.788,9
895.855,6
895.923,10
895.99,13
896.058,15
896.125,16
896.193,14
896.26,12
896.328,12
896.395,11
896.463,9
896.53,9
896.598,6
896.665,5
896.733,9
896.8,7
896.868,9
896.935,10
897.003,7
897.07,9
897.138,7
897.205,9
897.273,11
897.341,10
897.408,9
897.476,7
897.543,5
897.611,4
897.678,7
897.746,6
897.813,7
897.881,9
897.949,9
898.016,9
898.084,9
898.151,9
898.219,7
898.286,8
898.354,8
898.422,8
898.489,6
898.557,6
898.624,7
898.692,10
898.76,12
898.827,12
898.895,10
898.962,6
899.03,5
899.098,3
899.165,3
899.233,2
899.3,6
899.368,9
899.436,11
899.503,13
899.571,9
899.638,7
899.706,6
899.774,6
899.841,6
899.909,8
899.977,8
900.044,8
900.112,7
900.18,5
900.247,7
900.315,5
900.383,8
900.45,8
900.518,4
900.586,5
900.653,7
900.721,9
900.789,11
900.856,13
900.924,12
900.992,9
901.059,9
901.127,9
901.195,6
901.262,9
901.33,10
901.398,7
901.465,9
901.533,8
901.601,9
901.669,10
901.736,9
901.804,9
901.872,8
901.939,9
902.007,12
902.075,11
902.143,12
902.21,12
902.278,9
902.346,11
902.414,8
902.481,8
902.549,7
902.617,6
902.684,7
902.752,7
902.82,7
902.888,6
902.955,8
903.023,9
903.091,9
903.159,9
903.227,6
903.294,5
903.362,10
903.43,9
903.498,12
903.565,12
903.633,8
903.701,10
903.769,6
903.837,8
903.904,7
903.972,9
904.04,11
904.108,10
904.176,11
904.243,11
904.311,13
904.379,13
904.447,14
904.515,13
904.582,11
904.65,11
904.718,12
904.786,10
904.854,9
904.922,7
904.989,5
905.057,5
905.125,5
905.193,9
905.261,8
905.329,8
905.396,9
905.464,7
905.532,7
905.6,8
905.668,7
905.736,6
905.804,7
905.871,7
905.939,8
906.007,10
906.075,15
906.143,16
906.211,15
906.279,11
906.347,6
906.414,3
906.482,2
906.55,4
906.618,4
906.686,5
906.754,6
906.822,4
906.89,2
906.958,1
907.026,3
907.093,7
907.161,8
907.229,10
907.297,9
907.365,10
907.433,15
907.501,15
907.569,18
907.637,15
907.705,11
907.773,11
907.841,7
907.909,6
907.977,7
908.044,8
908.112,10
908.18,11
908.248,10
908.316,11
908.384,8
908.452,7
908.52,9
908.588,6
908.656,7
908.724,8
908.792,6
908.86,7
908.928,6
908.996,5
909.064,6
909.132,6
909.2,6
909.268,7
909.336,4
909.404,2
909.472,2
909.54,2
909.608,2
909.676,3
909.744,3
909.812,2
909.88,5
909.948,5
910.016,9
910.084,9
910.152,8
910.22,8
910.288,7
910.356,8
910.424,9
910.492,12
910.56,12
910.628,11
910.697,10
910.765,8
910.833,9
910.901,10
910.969,12
911.037,13
911.105,10
911.173,11
911.241,7
911.309,7
911.377,8
911.445,6
911.513,10
911.581,8
911.649,9
911.718,9
911.786,6
911.854,7
911.922,5
911.99,5
912.058,7
912.126,5
912.194,8
912.262,8
912.33,6
912.399,9
912.467,6
912.535,6
912.603,6
912.671,4
912.739,4
912.807,5
912.875,5
912.944,6
913.012,7
913.08,7
913.148,10
913.216,11
913.284,10
913.352,10
913.421,9
913.489,8
913.557,7
913.625,8
913.693,6
913.761,8
913.83,10
913.898,9
913.966,9
914.034,9
914.102,7
914.17,7
914.239,7
914.307,5
914.375,9
914.443,8
914.511,8
914.58,9
914.648,6
914.716,5
914.784,4
914.852,3
914.921,4
914.989,6
915.057,8
915.125,10
915.194,10
915.262,10
915.33,11
915.398,9
915.466,8
915.535,9
915.603,9
915.671,7
915.739,8
915.808,8
915.876,5
915.944,8
916.012,9
916.081,6
916.149,6
916.217,5
916.285,2
916.354,4
916.422,5
916.49,7
916.558,12
916.627,11
916.695,12
916.763,11
916.832,8
916.9,10
916.968,10
917.036,12
917.105,11
917.173,9
917.241,11
917.31,6
917.378,8
917.446,9
917.515,6
917.583,7
917.651,6
917.719,6
917.788,8
917.856,10
917.924,11
917.993,11
918.061,11
918.129,10
918.198,7
918.266,5
918.334,3
918.403,3
918.471,3
918.539,3
918.608,4
918.676,2
918.744,6
918.813,9
918.881,7
918.95,8
919.018,5
919.086,2
919.155,6
919.223,9
919.291,11
919.36,16
919.428,15
919.497,11
919.565,12
919.633,7
919.702,6
919.77,6
919.839,2
919.907,3
919.975,2
920.044,2
920.112,8
920.181,9
920.249,10
920.317,14
920.386,10
920.454,10
920.523,8
920.591,8
920.659,8
920.728,9
920.796,10
920.865,7
920.933,7
921.002,7
921.07,7
921.139,7
921.207,5
921.275,4
921.344,4
921.412,6
921.481,6
921.549,8
921.618,8
921.686,6
921.755,6
921.823,2
921.892,1
921.96,1
922.029,4
922.097,5
922.165,9
922.234,11
922.302,9
922.371,10
922.439,8
922.508,8
922.576,7
922.645,6
922.713,5
922.782,6
922.85,9
922.919,8
922.987,9
923.056,7
923.125,8
923.193,8
923.262,11
923.33,12
923.399,10
923.467,13
923.536,10
923.604,8
923.673,9
923.741,5
923.81,5
923.878,6
923.947,7
924.016,8
924.084,9
924.153,11
924.221,12
924.29,9
924.358,10
924.427,9
924.495,5
924.564,7
924.633,5
924.701,5
924.77,6
924.838,5
924.907,9
924.976,8
925.044,7
925.113,8
925.181,4
925.25,5
925.318,7
925.387,7
925.456,6
925.524,5
925.593,3
925.662,3
925.73,4
925.799,5
925.867,6
925.936,6
926.005,5
926.073,6
926.142,11
926.211,9
926.279,11
926.348,9
926.416,6
926.485,6
926.554,5
926.622,6
926.691,4
926.76,6
926.828,6
926.897,7
926.966,7
927.034,7
927.103,7
927.172,10
927.24,9
927.309,8
927.378,8
927.446,6
927.515,8
927.584,8
927.652,8
927.721,4
927.79,5
927.859,5
927.927,7
927.996,9
928.065,7
928.133,8
928.202,6
928.271,7
928.34,9
928.408,8
928.477,8
928.546,7
928.614,6
928.683,6
928.752,6
928.821,7
928.889,6
928.958,5
929.027,7
929.096,4
929.164,7
929.233,10
929.302,8
929.371,9
929.439,9
929.508,6
929.577,5
929.646,8
929.714,5
929.783,7
929.852,8
929.921,7
929.989,6
930.058,4
930.127,7
930.196,5
930.265,10
930.333,10
930.402,8
930.471,8
930.54,3
930.609,3
930.677,3
930.746,6
930.815,8
930.884,9
930.953,8
931.021,7
931.09,6
931.159,6
931.228,6
931.297,4
931.366,7
931.434,7
931.503,11
931.572,12
931.641,14
931.71,15
931.779,11
931.847,10
931.916,7
931.985,6
932.054,7
932.123,9
932.192,9
932.261,11
932.329,12
932.398,13
932.467,14
932.536,12
932.605,10
932.674,8
932.743,6
932.812,6
932.88,7
932.949,7
933.018,7
933.087,7
933.156,8
933.225,8
933.294,7
933.363,8
933.432,7
933.501,8
933.569,9
933.638,7
933.707,8
933.776,7
933.845,6
933.914,9
933.983,6
934.052,5
934.121,5
934.19,3
934.259,7
934.328,10
934.397,11
934.466,11
934.534,7
934.603,5
934.672,6
934.741,7
934.81,9
934.879,9
934.948,8
935.017,7
935.086,6
935.155,5
935.224,7
935.293,8
935.362,9
935.431,10
935.5,6
935.569,5
935.638,6
935.707,8
935.776,10
935.845,10
935.914,9
935.983,5
936.052,9
936.121,8
936.19,8
936.259,10
936.328,6
936.397,8
936.466,8
936.535,7
936.604,7
936.673,7
936.742,8
936.811,9
936.88,8
936.949,9
937.018,13
937.087,13
937.156,14
937.225,12
937.294,7
937.364,6
937.433,5
937.502,4
937.571,3
937.64,3
937.709,4
937.778,5
937.847,7
937.916,8
937.985,8
938.054,10
938.123,9
938.192,12
938.261,13
938.331,14
938.4,14
938.469,13
938.538,10
938.607,9
938.676,9
938.745,8
938.814,8
938.883,7
938.952,6
939.022,3
939.091,5
939.16,6
939.229,8
939.298,11
939.367,10
939.436,8
939.505,7
939.575,6
939.644,8
939.713,8
939.782,11
939.851,13
939.92,13
939.989,13
940.059,9
940.128,7
940.197,5
940.266,5
940.335,6
940.404,6
940.474,5
940.543,5
940.612,5
940.681,6
940.75,9
940.819,9
940.889,9
940.958,7
941.027,5
941.096,5
941.165,6
941.235,8
941.304,9
941.373,11
941.442,10
941.511,9
941.581,9
941.65,7
941.719,6
941.788,6
941.858,5
941.927,4
941.996,5
942.065,4
942.134,4
942.204,7
942.273,8
942.342,7
942.411,11
942.481,10
942.55,9
942.619,10
942.688,8
942.758,8
942.827,10
942.896,10
942.965,7
943.035,7
943.104,4
943.173,5
943.243,7
943.312,6
943.381,9
943.45,10
943.52,9
943.589,8
943.658,6
943.727,3
943.797,4
943.866,5
943.935,5
944.005,7
944.074,7
944.143,7
944.213,7
944.282,6
944.351,6
944.421,8
944.49,10
944.559,13
944.629,11
944.698,8
944.767,6
944.836,4
944.906,4
944.975,5
945.045,4
945.114,3
945.183,7
945.253,8
945.322,12
945.391,14
945.461,12
945.53,14
945.599,12
945.669,11
945.738,9
945.807,6
945.877,6
945.946,6
946.016,6
946.085,5
946.154,5
946.224,5
946.293,7
946.362,10
946.432,11
946.501,9
946.571,10
946.64,8
946.709,6
946.779,9
946.848,8
946.918,9
946.987,12
947.056,14
947.126,14
947.195,15
947.265,14
947.334,12
947.404,13
947.473,10
947.542,8
947.612,8
947.681,8
947.751,9
947.82,9
947.89,7
947.959,8
948.029,9
948.098,8
948.167,7
948.237,7
948.306,10
948.376,10
948.445,11
948.515,11
948.584,7
948.654,9
948.723,10
948.793,9
948.862,9
948.932,9
949.001,8
949.071,6
949.14,6
949.21,5
949.279,5
949.349,6
949.418,6
949.488,6
949.557,8
949.627,7
949.696,8
949.766,7
949.835,5
949.905,4
949.974,4
950.044,4
950.113,7
950.183,8
950.252,8
950.322,8
950.391,6
950.461,9
950.531,10
950.6,9
950.67,7
950.739,6
950.809,4
950.878,5
950.948,6
951.017,5
951.087,6
951.157,7
951.226,9
951.296,8
951.365,7
951.435,8
951.504,6
951.574,6
951.644,7
951.713,7
951.783,7
951.852,10
951.922,11
951.992,10
952.061,10
952.131,10
952.2,10
952.27,14
952.34,13
952.409,10
952.479,10
952.548,4
952.618,5
952.688,4
952.757,3
952.827,7
952.897,8
952.966,9
953.036,10
953.105,8
953.175,8
953.245,10
953.314,11
953.384,12
953.454,12
953.523,11
953.593,12
953.663,12
953.732,14
953.802,13
953.872,13
953.941,11
954.011,5
954.081,6
954.15,4
954.22,6
954.29,5
954.359,5
954.429,3
954.499,2
954.568,4
954.638,7
954.708,11
954.778,14
954.847,12
954.917,9
954.987,7
955.056,3
955.126,5
955.196,5
955.266,7
955.335,9
955.405,8
955.475,8
955.544,5
955.614,4
955.684,5
955.754,5
955.823,5
955.893,5
955.963,4
956.033,6
956.102,10
956.172,13
956.242,12
956.312,14
956.381,13
956.451,13
956.521,16
956.591,11
956.66,9
956.73,6
956.8,6
956.87,8
956.94,7
957.009,7
957.079,4
957.149,3
957.219,4
957.289,6
957.358,7
957.428,6
957.498,11
957.568,12
957.638,12
957.707,13
957.777,10
957.847,6
957.917,7
957.987,7
958.056,5
958.126,9
958.196,9
958.266,10
958.336,10
958.406,7
958.475,9
958.545,11
958.615,10
958.685,11
958.755,9
958.825,5
958.895,7
958.964,6
959.034,4
959.104,4
959.174,5
959.244,6
959.314,8
959.384,10
959.453,7
959.523,5
959.593,4
959.663,4
959.733,6
959.803,9
959.873,9
959.943,9
960.013,9
960.082,8
960.152,11
960.222,9
960.292,10
960.362,12
960.432,11
960.502,12
960.572,11
960.642,10
960.712,9
960.782,9
960.851,9
960.921,8
960.991,6
961.061,8
961.131,6
961.201,5
961.271,7
961.341,6
961.411,8
961.481,9
961.551,10
961.621,9
961.691,10
961.761,11
961.831,11
961.901,10
961.971,8
962.041,9
962.111,9
962.181,10
962.251,8
962.321,7
962.391,5
962.46,6
962.53,10
962.6,9
962.67,10
962.74,9
962.81,7
962.88,7
962.95,7
963.02,9
963.09,9
963.16,11
963.23,13
963.301,12
963.371,11
963.441,7
963.511,4
963.581,3
963.651,5
963.721,7
963.791,8
963.861,9
963.931,9
964.001,8
964.071,8
964.141,9
964.211,8
964.281,9
964.351,11
964.421,9
964.491,8
964.561,9
964.631,7
964.701,7
964.771,9
964.842,9
964.912,9
964.982,11
965.052,9
965.122,9
965.192,8
965.262,7
965.332,9
965.402,10
965.472,11
965.542,10
965.613,12
965.683,9
965.753,10
965.823,9
965.893,5
965.963,8
966.033,8
966.103,10
966.173,12
966.244,11
966.314,10
966.384,10
966.454,9
966.524,10
966.594,10
966.664,8
966.734,9
966.805,5
966.875,7
966.945,8
967.015,5
967.085,6
967.155,6
967.226,7
967.296,10
967.366,14
967.436,12
967.506,10
967.576,9
967.647,6
967.717,5
967.787,6
967.857,6
967.927,5
967.997,4
968.068,3
968.138,2
968.208,4
968.278,4
968.348,6
968.419,6
968.489,4
968.559,6
968.629,7
968.7,7
968.77,9
968.84,9
968.91,8
968.98,14
969.051,14
969.121,14
969.191,13
969.261,10
969.332,9
969.402,8
969.472,10
969.542,8
969.613,9
969.683,8
969.753,8
969.823,12
969.894,10
969.964,11
970.034,10
970.104,7
970.175,9
970.245,10
970.315,8
970.385,5
970.456,2
970.526,3
970.596,5
970.667,7
970.737,7
970.807,4
970.877,3
970.948,5
971.018,7
971.088,9
971.159,13
971.229,9
971.299,7
971.37,9
971.44,7
971.51,11
971.581,14
971.651,11
971.721,9
971.792,6
971.862,4
971.932,5
972.003,5
972.073,7
972.143,8
972.214,7
972.284,8
972.354,7
972.425,9
972.495,12
972.565,11
972.636,11
972.706,9
972.776,7
972.847,10
972.917,10
972.988,11
973.058,11
973.128,10
973.199,10
973.269,10
973.339,10
973.41,8
973.48,8
973.551,8
973.621,11
973.691,12
973.762,14
973.832,14
973.903,13
973.973,14
974.043,12
974.114,10
974.184,8
974.255,9
974.325,8
974.396,7
974.466,8
974.536,6
974.607,8
974.677,8
974.748,6
974.818,5
974.889,5
974.959,5
975.029,7
975.1,8
975.17,8
975.241,11
975.311,10
975.382,8
975.452,6
975.523,6
975.593,8
975.664,10
975.734,10
975.805,8
975.875,5
975.946,5
976.016,10
976.087,10
976.157,13
976.227,12
976.298,7
976.368,6
976.439,5
976.509,6
976.58,7
976.651,10
976.721,10
976.792,11
976.862,9
976.933,10
977.003,9
977.074,8
977.144,9
977.215,7
977.285,6
977.356,6
977.426,5
977.497,6
977.567,6
977.638,4
977.708,7
977.779,6
977.85,10
977.92,12
977.991,12
978.061,13
978.132,11
978.202,9
978.273,9
978.343,8
978.414,7
978.485,11
978.555,12
978.626,13
978.696,12
978.767,10
978.838,8
978.908,6
978.979,8
979.049,9
979.12,8
979.19,9
979.261,8
979.332,9
979.402,13
979.473,12
979.544,13
979.614,10
979.685,6
979.755,9
979.826,7
979.897,8
979.967,9
980.038,10
980.109,12
980.179,11
980.25,10
980.32,7
980.391,6
980.462,7
980.532,7
980.603,8
980.674,9
980.744,9
980.815,10
980.886,10
980.956,10
981.027,9
981.098,10
981.168,11
981.239,9
981.31,12
981.38,9
981.451,6
981.522,7
981.592,4
981.663,6
981.734,7
981.805,6
981.875,7
981.946,8
982.017,7
982.087,10
982.158,9
982.229,6
982.299,10
982.37,9
982.441,10
982.512,12
982.582,12
982.653,11
982.724,10
982.795,9
982.865,4
982.936,4
983.007,6
983.077,7
983.148,9
983.219,9
983.29,10
983.36,9
983.431,8
983.502,8
983.573,7
983.644,9
983.714,13
983.785,14
983.856,11
983.927,10
983.997,7
984.068,6
984.139,7
984.21,8
984.28,9
984.351,7
984.422,7
984.493,5
984.564,2
984.634,6
984.705,6
984.776,6
984.847,8
984.918,5
984.988,6
985.059,6
985.13,6
985.201,9
985.272,7
985.343,7
985.413,9
985.484,8
985.555,10
985.626,14
985.697,10
985.768,10
985.838,9
985.909,5
985.98,8
986.051,9
986.122,10
986.193,11
986.264,9
986.334,7
986.405,7
986.476,7
986.547,7
986.618,8
986.689,7
986.76,6
986.831,8
986.901,7
986.972,8
987.043,10
987.114,11
987.185,11
987.256,11
987.327,8
987.398,5
987.469,6
987.539,7
987.61,8
987.681,11
987.752,8
987.823,5
987.894,5
987.965,2
988.036,4
988.107,4
988.178,5
988.249,6
988.32,5
988.391,8
988.461,9
988.532,12
988.603,12
988.674,9
988.745,6
988.816,6
988.887,6
988.958,9
989.029,9
989.1,6
989.171,6
989.242,6
989.313,8
989.384,9
989.455,10
989.526,9
989.597,8
989.668,7
989.739,8
989.81,8
989.881,10
989.952,9
990.023,12
990.094,13
990.165,10
990.236,15
990.307,12
990.378,10
990.449,12
990.52,10
990.591,8
990.662,8
990.733,8
990.804,7
990.875,9
990.946,11
991.017,10
991.088,7
991.159,6
991.23,6
991.301,8
991.372,11
991.443,13
991.514,14
991.585,13
991.656,15
991.727,13
991.798,10
991.87,8
991.941,6
992.012,6
992.083,7
992.154,9
992.225,8
992.296,11
992.367,10
992.438,10
992.509,10
992.58,7
992.651,11
992.723,12
992.794,11
992.865,9
992.936,5
993.007,3
993.078,5
993.149,5
993.22,6
993.291,7
993.362,5
993.434,8
993.505,7
993.576,7
993.647,7
993.718,8
993.789,7
993.86,5
993.932,7
994.003,6
994.074,6
994.145,9
994.216,7
994.287,7
994.358,10
994.43,8
994.501,9
994.572,10
994.643,8
994.714,9
994.785,8
994.857,6
994.928,6
994.999,5
995.07,6
995.141,6
995.212,8
995.284,9
995.355,8
995.426,8
995.497,5
995.568,5
995.64,6
995.711,5
995.782,8
995.853,8
995.924,7
995.996,6
996.067,9
996.138,8
996.209,11
996.281,13
996.352,8
996.423,7
996.494,3
996.565,2
996.637,3
996.708,4
996.779,7
996.85,7
996.922,5
996.993,7
997.064,6
997.135,5
997.207,6
997.278,3
997.349,2
997.42,5
997.492,7
997.563,10
997.634,13
997.706,11
997.777,9
997.848,6
997.919,3
997.991,5
998.062,7
998.133,10
998.205,9
998.276,9
998.347,7
998.418,7
998.49,8
998.561,9
998.632,10
998.704,9
998.775,11
998.846,9
998.918,11
998.989,13
999.06,12
999.132,12
999.203,9
999.274,5
999.346,4
999.417,5
999.488,5
999.56,6
999.631,9
999.702,7
999.774,9
999.845,8
999.916,5
999.988,7
1000.059,7
1000.13,9
1000.202,8
1000.273,7
1000.344,6
1000.416,6
1000.487,8
1000.559,8
1000.63,8
1000.701,10
1000.773,8
1000.844,7
1000.916,5
1000.987,3
1001.058,4
1001.13,6
1001.201,8
1001.273,10
1001.344,9
1001.415,13
1001.487,11
1001.558,9
1001.63,11
1001.701,6
1001.772,8
1001.844,6
1001.915,6
1001.987,5
1002.058,4
1002.13,6
1002.201,5
1002.272,5
1002.344,6
1002.415,4
1002.487,3
1002.558,5
1002.63,4
1002.701,4
1002.773,5
1002.844,2
1002.916,4
1002.987,6
1003.058,6
1003.13,7
1003.201,7
1003.273,7
1003.344,10
1003.416,9
1003.487,6
1003.559,5
1003.63,3
1003.702,7
1003.773,7
1003.845,7
1003.916,8
1003.988,6
1004.059,8
1004.131,8
1004.202,7
1004.274,8
1004.345,8
1004.417,10
1004.488,9
1004.56,8
1004.631,8
1004.703,7
1004.775,6
1004.846,7
1004.918,7
1004.989,10
1005.061,11
1005.132,10
1005.204,8
1005.275,3
1005.347,5
1005.418,6
1005.49,7
1005.562,9
1005.633,6
1005.705,6
1005.776,6
1005.848,5
1005.919,7
1005.991,6
1006.063,6
1006.134,6
1006.206,5
1006.277,5
1006.349,4
1006.42,4
1006.492,7
1006.564,5
1006.635,8
1006.707,9
1006.778,9
1006.85,11
1006.922,9
1006.993,9
1007.065,5
1007.136,6
1007.208,6
1007.28,5
1007.351,8
1007.423,6
1007.495,6
1007.566,11
1007.638,11
1007.709,12
1007.781,11
1007.853,8
1007.924,9
1007.996,7
1008.068,9
1008.139,6
1008.211,3
1008.283,5
1008.354,4
1008.426,4
1008.498,4
1008.569,4
1008.641,6
1008.713,7
1008.784,7
1008.856,7
1008.928,6
1008.999,6
1009.071,5
1009.143,5
1009.214,4
1009.286,6
1009.358,8
1009.43,7
1009.501,7
1009.573,4
1009.645,7
1009.716,7
1009.788,7
1009.86,7
1009.932,7
1010.003,9
1010.075,11
1010.147,14
1010.218,11
1010.29,8
1010.362,5
1010.434,5
1010.505,5
1010.577,7
1010.649,8
1010.721,7
1010.792,7
1010.864,9
1010.936,10
1011.008,9
1011.079,9
1011.151,8
1011.223,6
1011.295,5
1011.366,5
1011.438,5
1011.51,8
1011.582,9
1011.654,7
1011.725,5
1011.797,2
1011.869,4
1011.941,7
1012.012,7
1012.084,8
1012.156,6
1012.228,6
1012.3,5
1012.371,6
1012.443,7
1012.515,5
1012.587,7
1012.659,7
1012.73,6
1012.802,8
1012.874,8
1012.946,10
1013.018,11
1013.09,10
1013.161,11
1013.233,9
1013.305,10
1013.377,9
1013.449,7
1013.521,6
1013.593,5
1013.664,7
1013.736,9
1013.808,9
1013.88,7
1013.952,7
1014.024,6
1014.096,5
1014.167,5
1014.239,3
1014.311,1
1014.383,2
1014.455,3
1014.527,4
1014.599,6
1014.671,6
1014.742,7
1014.814,6
1014.886,8
1014.958,7
1015.03,6
1015.102,7
1015.174,4
1015.246,5
1015.318,6
1015.39,8
1015.461,7
1015.533,8
1015.605,6
1015.677,5
1015.749,8
1015.821,6
1015.893,7
1015.965,8
1016.037,7
1016.109,8
1016.181,9
1016.253,8
1016.325,8
1016.397,8
1016.469,8
1016.541,11
1016.612,11
1016.684,12
1016.756,12
1016.828,8
1016.9,7
1016.972,6
1017.044,5
1017.116,5
1017.188,6
1017.26,5
1017.332,4
1017.404,9
1017.476,9
1017.548,10
1017.62,10
1017.692,5
1017.764,5
1017.836,4
1017.908,6
1017.98,5
1018.052,7
1018.124,7
1018.196,8
1018.268,8
1018.34,5
1018.412,7
1018.484,6
1018.556,6
1018.628,7
1018.7,7
1018.772,6
1018.844,8
1018.916,9
1018.989,10
1019.061,9
1019.133,7
1019.205,8
1019.277,6
1019.349,7
1019.421,7
1019.493,5
1019.565,5
1019.637,4
1019.709,5
1019.781,4
1019.853,5
1019.925,8
1019.997,6
1020.069,5
1020.142,5
1020.214,3
1020.286,7
1020.358,8
1020.43,8
1020.502,8
1020.574,6
1020.646,8
1020.718,8
1020.79,7
1020.863,9
1020.935,6
1021.007,4
1021.079,5
1021.151,3
1021.223,6
1021.295,8
1021.367,8
1021.44,6
1021.512,4
1021.584,5
1021.656,5
1021.728,8
1021.8,9
1021.872,7
1021.945,6
1022.017,6
1022.089,6
1022.161,5
1022.233,8
1022.305,7
1022.377,6
1022.45,6
1022.522,3
1022.594,2
1022.666,2
1022.738,3
1022.811,5
1022.883,6
1022.955,5
1023.027,5
1023.099,5
1023.171,5
1023.244,9
1023.316,9
1023.388,7
1023.46,6
1023.532,3
1023.605,4
1023.677,4
1023.749,5
1023.821,6
1023.894,5
1023.966,6
1024.038,5
1024.11,4
1024.182,4
1024.255,6
1024.327,5
1024.399,5
1024.471,6
1024.544,3
1024.616,8
1024.688,10
1024.76,10
1024.833,12
1024.905,8
1024.977,7
1025.049,7
1025.122,7
1025.194,10
1025.266,9
1025.338,8
1025.411,8
1025.483,4
1025.555,10
1025.628,9
1025.7,9
1025.772,10
1025.844,7
1025.917,9
1025.989,8
1026.061,9
1026.134,8
1026.206,7
1026.278,6
1026.35,7
1026.423,5
1026.495,4
1026.567,5
1026.64,4
1026.712,7
1026.784,9
1026.857,13
1026.929,13
1027.001,12
1027.074,14
1027.146,11
1027.218,13
1027.291,12
1027.363,9
1027.435,9
1027.508,8
1027.58,8
1027.652,8
1027.725,8
1027.797,6
1027.87,5
1027.942,5
1028.014,5
1028.087,6
1028.159,6
1028.231,9
1028.304,8
1028.376,7
1028.449,11
1028.521,9
1028.593,11
1028.666,10
1028.738,6
1028.81,7
1028.883,4
1028.955,7
1029.028,7
1029.1,6
1029.172,6
1029.245,6
1029.317,6
1029.39,5
1029.462,5
1029.535,4
1029.607,5
1029.679,6
1029.752,7
1029.824,5
1029.897,7
1029.969,6
1030.042,7
1030.114,7
1030.186,7
1030.259,9
1030.331,8
1030.404,12
1030.476,10
1030.549,8
1030.621,7
1030.694,10
1030.766,9
1030.839,8
1030.911,10
1030.983,6
1031.056,6
1031.128,8
1031.201,7
1031.273,5
1031.346,6
1031.418,6
1031.491,9
1031.563,9
1031.636,10
1031.708,11
1031.781,7
1031.853,10
1031.926,8
1031.998,5
1032.071,8
1032.143,8
1032.216,8
1032.288,9
1032.361,8
1032.433,7
1032.506,9
1032.579,9
1032.651,8
1032.724,8
1032.796,5
1032.869,4
1032.941,4
1033.014,1
1033.086,4
1033.159,5
1033.231,6
1033.304,9
1033.377,6
1033.449,7
1033.522,8
1033.594,10
1033.667,10
1033.739,8
1033.812,7
1033.884,6
1033.957,8
1034.03,9
1034.102,9
1034.175,5
1034.247,5
1034.32,6
1034.393,5
1034.465,7
1034.538,6
1034.61,5
1034.683,6
1034.756,9
1034.828,13
1034.901,15
1034.973,17
1035.046,15
1035.119,12
1035.191,10
1035.264,6
1035.337,5
1035.409,6
1035.482,5
1035.554,5
1035.627,4
1035.7,3
1035.772,5
1035.845,5
1035.918,5
1035.99,6
1036.063,4
1036.136,7
1036.208,9
1036.281,9
1036.354,11
1036.426,10
1036.499,10
1036.572,9
1036.644,8
1036.717,6
1036.79,6
1036.862,7
1036.935,8
1037.008,8
1037.08,6
1037.153,4
1037.226,3
1037.298,4
1037.371,3
1037.444,4
1037.517,4
1037.589,4
1037.662,9
1037.735,8
1037.807,10
1037.88,12
1037.953,10
1038.026,10
1038.098,10
1038.171,10
1038.244,8
1038.317,8
1038.389,7
1038.462,4
1038.535,4
1038.607,5
1038.68,6
1038.753,6
1038.826,5
1038.898,4
1038.971,3
1039.044,4
1039.117,4
1039.19,8
1039.262,7
1039.335,8
1039.408,10
1039.481,9
1039.553,11
1039.626,13
1039.699,14
1039.772,10
1039.845,9
1039.917,5
1039.99,5
1040.063,7
1040.136,8
1040.208,8
1040.281,6
1040.354,7
1040.427,5
1040.5,6
1040.573,7
1040.645,7
1040.718,8
1040.791,9
1040.864,11
1040.937,8
1041.009,7
1041.082,7
1041.155,3
1041.228,5
1041.301,5
1041.374,3
1041.446,6
1041.519,6
1041.592,7
1041.665,7
1041.738,7
1041.811,6
1041.884,6
1041.956,8
1042.029,5
1042.102,7
1042.175,7
1042.248,7
1042.321,7
1042.394,7
1042.467,5
1042.539,5
1042.612,6
1042.685,3
1042.758,5
1042.831,4
1042.904,3
1042.977,5
1043.05,5
1043.123,5
1043.196,6
1043.268,7
1043.341,7
1043.414,8
1043.487,9
1043.56,13
1043.633,11
1043.706,12
1043.779,11
1043.852,7
1043.925,8
1043.998,10
1044.071,13
1044.144,11
1044.217,10
1044.289,6
1044.362,3
1044.435,4
1044.508,5
1044.581,4
1044.654,7
1044.727,6
1044.8,10
1044.873,12
1044.946,10
1045.019,12
1045.092,9
1045.165,9
1045.238,9
1045.311,9
1045.384,10
1045.457,10
1045.53,10
1045.603,5
1045.676,4
1045.749,6
1045.822,8
1045.895,8
1045.968,9
1046.041,7
1046.114,7
1046.187,8
1046.26,8
1046.333,7
1046.406,5
1046.479,5
1046.552,4
1046.625,8
1046.698,7
1046.771,8
1046.844,10
1046.917,7
1046.99,12
1047.063,11
1047.136,10
1047.209,9
1047.282,6
1047.356,5
1047.429,5
1047.502,5
1047.575,6
1047.648,6
1047.721,7
1047.794,9
1047.867,7
1047.94,10
1048.013,9
1048.086,8
1048.159,9
1048.232,6
1048.305,5
1048.379,7
1048.452,7
1048.525,7
1048.598,6
1048.671,4
1048.744,5
1048.817,5
1048.89,7
1048.963,8
1049.036,8
1049.11,9
1049.183,8
1049.256,7
1049.329,5
1049.402,6
1049.475,6
1049.548,6
1049.621,7
1049.695,5
1049.768,4
1049.841,4
1049.914,6
1049.987,10
1050.06,13
1050.134,14
1050.207,14
1050.28,10
1050.353,9
1050.426,8
1050.499,9
1050.572,12
1050.646,12
1050.719,13
1050.792,12
1050.865,10
1050.938,9
1051.012,10
1051.085,10
1051.158,9
1051.231,8
1051.304,5
1051.377,5
1051.451,4
1051.524,8
1051.597,9
1051.67,7
1051.744,8
1051.817,4
1051.89,6
1051.963,8
1052.036,9
1052.11,10
1052.183,8
1052.256,6
1052.329,4
1052.403,5
1052.476,5
1052.549,6
1052.622,8
1052.695,8
1052.769,10
1052.842,9
1052.915,9
1052.988,9
1053.062,8
1053.135,8
1053.208,8
1053.282,6
1053.355,7
1053.428,8
1053.501,6
1053.575,7
1053.648,6
1053.721,7
1053.794,8
1053.868,8
1053.941,9
1054.014,8
1054.088,8
1054.161,8
1054.234,7
1054.307,5
1054.381,8
1054.454,7
1054.527,6
1054.601,7
1054.674,5
1054.747,7
1054.821,11
1054.894,11
1054.967,16
1055.041,15
1055.114,12
1055.187,15
1055.261,10
1055.334,9
1055.407,12
1055.481,8
1055.554,6
1055.627,7
1055.701,3
1055.774,4
1055.847,6
1055.921,6
1055.994,6
1056.067,6
1056.141,6
1056.214,7
1056.288,8
1056.361,10
1056.434,11
1056.508,9
1056.581,8
1056.654,6
1056.728,6
1056.801,8
1056.875,8
1056.948,10
1057.021,9
1057.095,10
1057.168,12
1057.242,9
1057.315,10
1057.388,9
1057.462,7
1057.535,8
1057.609,7
1057.682,6
1057.756,7
1057.829,7
1057.902,7
1057.976,6
1058.049,6
1058.123,5
1058.196,5
1058.27,6
1058.343,6
1058.416,6
1058.49,4
1058.563,4
1058.637,4
1058.71,5
1058.784,5
1058.857,6
1058.931,5
1059.004,5
1059.078,8
1059.151,7
1059.225,6
1059.298,7
1059.371,5
1059.445,5
1059.518,8
1059.592,7
1059.665,7
1059.739,8
1059.812,10
1059.886,9
1059.959,8
1060.033,7
1060.106,3
1060.18,3
1060.253,4
1060.327,5
1060.4,5
1060.474,7
1060.547,6
1060.621,5
1060.695,6
1060.768,5
1060.842,8
1060.915,7
1060.989,7
1061.062,8
1061.136,6
1061.209,9
1061.283,9
1061.356,8
1061.43,8
1061.503,8
1061.577,9
1061.651,8
1061.724,10
1061.798,8
1061.871,7
1061.945,9
1062.018,8
1062.092,9
1062.166,8
1062.239,5
1062.313,7
1062.386,8
1062.46,8
1062.534,10
1062.607,7
1062.681,7
1062.754,9
1062.828,8
1062.901,8
1062.975,9
1063.049,6
1063.122,8
1063.196,7
1063.27,4
1063.343,7
1063.417,5
1063.49,7
1063.564,7
1063.638,4
1063.711,5
1063.785,4
1063.859,3
1063.932,7
1064.006,5
1064.079,5
1064.153,7
1064.227,6
1064.3,8
1064.374,7
1064.448,6
1064.521,6
1064.595,7
1064.669,8
1064.742,8
1064.816,6
1064.89,5
1064.963,4
1065.037,3
1065.111,3
1065.184,3
1065.258,4
1065.332,5
1065.406,7
1065.479,7
1065.553,8
1065.627,10
1065.7,9
1065.774,13
1065.848,12
1065.921,11
1065.995,12
1066.069,9
1066.143,8
1066.216,8
1066.29,6
1066.364,6
1066.437,9
1066.511,8
1066.585,10
1066.659,10
1066.732,10
1066.806,10
1066.88,7
1066.954,6
1067.027,6
1067.101,6
1067.175,8
1067.249,8
1067.322,5
1067.396,5
1067.47,4
1067.544,5
1067.617,9
1067.691,9
1067.765,8
1067.839,6
1067.913,5
1067.986,7
1068.06,9
1068.134,8
1068.208,5
1068.282,4
1068.355,5
1068.429,7
1068.503,7
1068.577,6
1068.651,6
1068.724,7
1068.798,7
1068.872,7
1068.946,5
1069.02,6
1069.093,6
1069.167,9
1069.241,8
1069.315,5
1069.389,7
1069.463,7
1069.536,8
1069.61,9
1069.684,8
1069.758,4
1069.832,5
1069.906,5
1069.979,7
1070.053,8
1070.127,8
1070.201,9
1070.275,10
1070.349,10
1070.423,13
1070.496,12
1070.57,9
1070.644,11
1070.718,8
1070.792,6
1070.866,7
1070.94,5
1071.014,3
1071.088,4
1071.161,4
1071.235,4
1071.309,5
1071.383,5
1071.457,3
1071.531,2
1071.605,4
1071.679,6
1071.753,6
1071.827,6
1071.901,4
1071.974,3
1072.048,9
1072.122,13
1072.196,13
1072.27,12
1072.344,8
1072.418,7
1072.492,7
1072.566,7
1072.64,6
1072.714,5
1072.788,7
1072.862,7
1072.936,6
1073.01,9
1073.084,8
1073.158,9
1073.231,9
1073.305,5
1073.379,4
1073.453,4
1073.527,6
1073.601,8
1073.675,8
1073.749,6
1073.823,6
1073.897,6
1073.971,7
1074.045,10
1074.119,11
1074.193,9
1074.267,10
1074.341,8
1074.415,8
1074.489,7
1074.563,8
1074.637,9
1074.711,8
1074.785,10
1074.859,9
1074.933,8
1075.007,7
1075.081,9
1075.156,7
1075.23,7
1075.304,8
1075.378,5
1075.452,5
1075.526,7
1075.6,5
1075.674,4
1075.748,6
1075.822,3
1075.896,4
1075.97,4
1076.044,1
1076.118,2
1076.192,1
1076.266,4
1076.34,4
1076.414,4
1076.489,5
1076.563,5
1076.637,7
1076.711,8
1076.785,9
1076.859,7
1076.933,6
1077.007,5
1077.081,4
1077.155,5
1077.229,6
1077.304,7
1077.378,8
1077.452,7
1077.526,9
1077.6,7
1077.674,6
1077.748,6
1077.822,3
1077.897,7
1077.971,8
1078.045,9
1078.119,9
1078.193,5
1078.267,5
1078.341,5
1078.416,4
1078.49,4
1078.564,4
1078.638,4
1078.712,6
1078.786,9
1078.86,9
1078.935,7
1079.009,5
1079.083,3
1079.157,1
1079.231,3
1079.306,8
1079.38,9
1079.454,10
1079.528,14
1079.602,14
1079.676,21
1079.751,26
1079.825,34
1079.899,43
1079.973,48
1080.047,56
1080.122,47
1080.196,38
1080.27,27
1080.344,16
1080.418,16
1080.493,15
1080.567,18
1080.641,17
1080.715,25
1080.79,36
1080.864,45
1080.938,53
1081.012,49
1081.087,43
1081.161,40
1081.235,31
1081.309,30
1081.384,27
1081.458,21
1081.532,17
1081.606,16
1081.681,17
1081.755,17
1081.829,21
1081.903,25
1081.978,30
1082.052,36
1082.126,44
1082.2,38
1082.275,30
1082.349,25
1082.423,17
1082.498,17
1082.572,16
1082.646,16
1082.72,15
1082.795,15
1082.869,15
1082.943,13
1083.018,12
1083.092,11
1083.166,12
1083.241,12
1083.315,10
1083.389,9
1083.464,8
1083.538,7
1083.612,6
1083.687,9
1083.761,12
1083.835,14
1083.91,17
1083.984,15
1084.058,13
1084.133,11
1084.207,11
1084.281,10
1084.356,9
1084.43,10
1084.504,7
1084.579,8
1084.653,8
1084.728,10
1084.802,12
1084.876,14
1084.951,14
1085.025,12
1085.099,11
1085.174,10
1085.248,9
1085.323,7
1085.397,6
1085.471,5
1085.546,8
1085.62,10
1085.695,10
1085.769,12
1085.843,11
1085.918,11
1085.992,10
1086.067,7
1086.141,5
1086.215,5
1086.29,5
1086.364,5
1086.439,7
1086.513,5
1086.588,5
1086.662,10
1086.736,9
1086.811,11
1086.885,13
1086.96,9
1087.034,11
1087.109,9
1087.183,8
1087.258,8
1087.332,8
1087.406,10
1087.481,11
1087.555,14
1087.63,12
1087.704,13
1087.779,15
1087.853,11
1087.928,11
1088.002,8
1088.077,5
1088.151,6
1088.226,7
1088.3,7
1088.375,8
1088.449,6
1088.524,6
1088.598,8
1088.673,5
1088.747,8
1088.822,8
1088.896,6
1088.971,6
1089.045,5
1089.12,4
1089.194,4
1089.269,6
1089.343,8
1089.418,7
1089.492,8
1089.567,9
1089.641,6
1089.716,7
1089.791,7
1089.865,6
1089.94,6
1090.014,9
1090.089,9
1090.163,8
1090.238,10
1090.312,7
1090.387,7
1090.462,7
1090.536,6
1090.611,5
1090.685,7
1090.76,8
1090.834,8
1090.909,11
1090.984,7
1091.058,5
1091.133,4
1091.207,3
1091.282,5
1091.357,6
1091.431,8
1091.506,8
1091.58,9
1091.655,9
1091.73,8
1091.804,8
1091.879,8
1091.953,11
1092.028,9
1092.103,8
1092.177,6
1092.252,3
1092.327,4
1092.401,3
1092.476,5
1092.55,5
1092.625,5
1092.7,8
1092.774,5
1092.849,6
1092.924,6
1092.998,6
1093.073,7
1093.148,6
1093.222,6
1093.297,3
1093.372,4
1093.446,6
1093.521,6
1093.596,6
1093.67,5
1093.745,2
1093.82,2
1093.894,2
1093.969,3
1094.044,7
1094.119,12
1094.193,14
1094.268,15
1094.343,12
1094.417,7
1094.492,7
1094.567,7
1094.641,9
1094.716,8
1094.791,8
1094.866,8
1094.94,8
1095.015,9
1095.09,7
1095.164,7
1095.239,5
1095.314,8
1095.389,10
1095.463,8
1095.538,7
1095.613,5
1095.688,5
1095.762,5
1095.837,6
1095.912,6
1095.987,5
1096.061,6
1096.136,7
1096.211,6
1096.286,7
1096.361,9
1096.435,8
1096.51,10
1096.585,8
1096.66,6
1096.734,6
1096.809,8
1096.884,9
1096.959,11
1097.034,10
1097.108,5
1097.183,5
1097.258,2
1097.333,3
1097.408,4
1097.482,4
1097.557,4
1097.632,4
1097.707,4
1097.782,4
1097.856,5
1097.931,5
1098.006,6
1098.081,6
1098.156,6
1098.231,7
1098.305,8
1098.38,7
1098.455,8
1098.53,6
1098.605,4
1098.68,4
1098.755,5
1098.829,6
1098.904,5
1098.979,6
1099.054,4
1099.129,6
1099.204,7
1099.279,7
1099.353,6
1099.428,7
1099.503,6
1099.578,6
1099.653,6
1099.728,2
1099.803,6
1099.878,8
1099.953,11
1100.027,12
1100.102,9
1100.177,9
1100.252,7
1100.327,7
1100.402,7
1100.477,8
1100.552,7
1100.627,8
1100.702,7
1100.777,5
1100.852,4
1100.926,5
1101.001,7
1101.076,7
1101.151,11
1101.226,8
1101.301,8
1101.376,6
1101.451,4
1101.526,4
1101.601,3
1101.676,5
1101.751,7
1101.826,7
1101.901,7
1101.976,8
1102.051,9
1102.126,12
1102.201,11
1102.276,9
1102.351,6
1102.426,5
1102.501,6
1102.576,7
1102.651,5
1102.726,5
1102.801,8
1102.876,7
1102.951,9
1103.026,7
1103.101,7
1103.176,7
1103.251,7
1103.326,10
1103.401,7
1103.476,9
1103.551,11
1103.626,11
1103.701,12
1103.776,12
1103.851,10
1103.926,11
1104.001,11
1104.076,8
1104.151,8
1104.226,5
1104.301,6
1104.376,10
1104.451,8
1104.526,8
1104.601,7
1104.676,4
1104.751,7
1104.826,9
1104.901,8
1104.977,8
1105.052,7
1105.127,6
1105.202,7
1105.277,6
1105.352,4
1105.427,4
1105.502,2
1105.577,3
1105.652,5
1105.727,5
1105.802,8
1105.878,9
1105.953,9
1106.028,8
1106.103,6
1106.178,7
1106.253,6
1106.328,6
1106.403,6
1106.478,5
1106.554,6
1106.629,7
1106.704,6
1106.779,4
1106.854,3
1106.929,3
1107.004,5
1107.08,5
1107.155,6
1107.23,6
1107.305,6
1107.38,11
1107.455,11
1107.53,9
1107.606,10
1107.681,8
1107.756,8
1107.831,8
1107.906,7
1107.981,6
1108.057,5
1108.132,8
1108.207,8
1108.282,6
1108.357,7
1108.433,6
1108.508,7
1108.583,8
1108.658,7
1108.733,8
1108.808,7
1108.884,10
1108.959,9
1109.034,8
1109.109,7
1109.185,5
1109.26,8
1109.335,7
1109.41,6
1109.485,6
1109.561,8
1109.636,8
1109.711,10
1109.786,8
1109.862,4
1109.937,3
1110.012,1
1110.087,2
1110.163,2
1110.238,5
1110.313,5
1110.388,5
1110.464,5
1110.539,4
1110.614,7
1110.689,8
1110.765,9
1110.84,10
1110.915,8
1110.99,8
1111.066,8
1111.141,7
1111.216,10
1111.292,9
1111.367,8
1111.442,7
1111.517,5
1111.593,6
1111.668,5
1111.743,5
1111.819,5
1111.894,8
1111.969,11
1112.045,13
1112.12,12
1112.195,12
1112.271,11
1112.346,11
1112.421,10
1112.497,8
1112.572,11
1112.647,10
1112.723,13
1112.798,11
1112.873,8
1112.949,8
1113.024,8
1113.099,8
1113.175,6
1113.25,7
1113.325,5
1113.401,6
1113.476,7
1113.551,8
1113.627,8
1113.702,7
1113.778,11
1113.853,8
1113.928,9
1114.004,11
1114.079,7
1114.154,9
1114.23,8
1114.305,6
1114.381,8
1114.456,7
1114.531,9
1114.607,8
1114.682,5
1114.758,5
1114.833,4
1114.908,6
1114.984,10
1115.059,10
1115.135,9
1115.21,10
1115.286,7
1115.361,8
1115.436,8
1115.512,8
1115.587,8
1115.663,5
1115.738,5
1115.814,8
1115.889,9
1115.964,10
1116.04,12
1116.115,10
1116.191,12
1116.266,15
1116.342,12
1116.417,8
1116.493,6
1116.568,5
1116.644,9
1116.719,11
1116.795,9
1116.87,10
1116.946,8
1117.021,8
1117.096,11
1117.172,10
1117.247,10
1117.323,9
1117.398,7
1117.474,5
1117.549,4
1117.625,4
1117.7,5
1117.776,7
1117.852,7
1117.927,8
1118.003,8
1118.078,5
1118.154,5
1118.229,5
1118.305,5
1118.38,7
1118.456,7
1118.531,7
1118.607,7
1118.682,5
1118.758,4
1118.833,5
1118.909,5
1118.985,7
1119.06,8
1119.136,5
1119.211,4
1119.287,4
1119.362,5
1119.438,6
1119.513,9
1119.589,8
1119.665,7
1119.74,8
1119.816,5
1119.891,8
1119.967,9
1120.042,11
1120.118,13
1120.194,10
1120.269,10
1120.345,9
1120.42,7
1120.496,7
1120.572,6
1120.647,4
1120.723,5
1120.799,6
1120.874,5
1120.95,4
1121.025,4
1121.101,4
1121.177,6
1121.252,7
1121.328,7
1121.404,9
1121.479,10
1121.555,10
1121.63,12
1121.706,10
1121.782,10
1121.857,10
1121.933,7
1122.009,8
1122.084,5
1122.16,7
1122.236,10
1122.311,8
1122.387,10
1122.463,8
1122.538,5
1122.614,6
1122.69,4
1122.765,7
1122.841,8
1122.917,8
1122.992,9
1123.068,8
1123.144,9
1123.22,7
1123.295,8
1123.371,6
1123.447,5
1123.522,11
1123.598,12
1123.674,12
1123.749,13
1123.825,8
1123.901,7
1123.977,6
1124.052,5
1124.128,6
1124.204,7
1124.28,8
1124.355,8
1124.431,8
1124.507,7
1124.583,10
1124.658,9
1124.734,8
1124.81,9
1124.886,7
1124.961,6
1125.037,7
1125.113,6
1125.189,5
1125.264,7
1125.34,9
1125.416,7
1125.492,6
1125.567,8
1125.643,5
1125.719,6
1125.795,7
1125.871,6
1125.946,6
1126.022,6
1126.098,5
1126.174,4
1126.25,5
1126.325,7
1126.401,8
1126.477,6
1126.553,4
1126.629,3
1126.704,4
1126.78,7
1126.856,10
1126.932,10
1127.008,12
1127.084,9
1127.159,7
1127.235,7
1127.311,6
1127.387,9
1127.463,11
1127.539,10
1127.614,9
1127.69,8
1127.766,8
1127.842,10
1127.918,11
1127.994,11
1128.07,10
1128.145,8
1128.221,5
1128.297,4
1128.373,4
1128.449,4
1128.525,5
1128.601,6
1128.677,4
1128.752,5
1128.828,6
1128.904,5
1128.98,5
1129.056,4
1129.132,4
1129.208,3
1129.284,5
1129.36,5
1129.435,3
1129.511,5
1129.587,5
1129.663,5
1129.739,5
1129.815,4
1129.891,4
1129.967,6
1130.043,7
1130.119,9
1130.195,9
1130.271,8
1130.347,9
1130.423,8
1130.498,7
1130.574,7
1130.65,6
1130.726,6
1130.802,7
1130.878,7
1130.954,9
1131.03,8
1131.106,6
1131.182,6
1131.258,6
1131.334,7
1131.41,9
1131.486,11
1131.562,10
1131.638,8
1131.714,8
1131.79,4
1131.866,2
1131.942,5
1132.018,3
1132.094,6
1132.17,9
1132.246,7
1132.322,11
1132.398,11
1132.474,9
1132.55,8
1132.626,6
1132.702,5
1132.778,5
1132.854,6
1132.93,7
1133.006,8
1133.082,9
1133.158,10
1133.234,10
1133.31,9
1133.386,12
1133.462,12
1133.538,11
1133.614,11
1133.691,7
1133.767,7
1133.843,9
1133.919,11
1133.995,11
1134.071,9
1134.147,6
1134.223,3
1134.299,4
1134.375,5
1134.451,6
1134.527,7
1134.603,7
1134.68,6
1134.756,5
1134.832,3
1134.908,2
1134.984,2
1135.06,3
1135.136,6
1135.212,8
1135.288,10
1135.364,10
1135.441,11
1135.517,9
1135.593,9
1135.669,8
1135.745,5
1135.821,5
1135.897,6
1135.973,6
1136.05,8
1136.126,9
1136.202,9
1136.278,10
1136.354,10
1136.43,10
1136.506,10
1136.583,8
1136.659,8
1136.735,9
1136.811,6
1136.887,9
1136.963,11
1137.04,10
1137.116,10
1137.192,9
1137.268,6
1137.344,5
1137.42,7
1137.497,9
1137.573,11
1137.649,14
1137.725,16
1137.801,14
1137.878,11
1137.954,10
1138.03,8
1138.106,8
1138.182,7
1138.259,6
1138.335,5
1138.411,6
1138.487,7
1138.563,7
1138.64,9
1138.716,11
1138.792,13
1138.868,13
1138.945,11
1139.021,12
1139.097,10
1139.173,10
1139.25,10
1139.326,7
1139.402,8
1139.478,8
1139.555,10
1139.631,10
1139.707,9
1139.783,10
1139.86,8
1139.936,5
1140.012,9
1140.088,7
1140.165,7
1140.241,9
1140.317,6
1140.394,5
1140.47,5
1140.546,3
1140.622,4
1140.699,7
1140.775,9
1140.851,11
1140.928,9
1141.004,6
1141.08,5
1141.156,4
1141.233,4
1141.309,5
1141.385,3
1141.462,5
1141.538,8
1141.614,9
1141.691,10
1141.767,9
1141.843,8
1141.92,7
1141.996,7
1142.072,11
1142.149,10
1142.225,12
1142.301,14
1142.378,12
1142.454,10
1142.53,8
1142.607,8
1142.683,6
1142.76,6
1142.836,5
1142.912,2
1142.989,2
1143.065,6
1143.141,7
1143.218,9
1143.294,7
1143.371,5
1143.447,5
1143.523,4
1143.6,6
1143.676,5
1143.753,5
1143.829,4
1143.905,4
1143.982,4
1144.058,4
1144.135,8
1144.211,8
1144.287,9
1144.364,9
1144.44,7
1144.517,7
1144.593,6
1144.67,6
1144.746,4
1144.822,2
1144.899,3
1144.975,4
1145.052,4
1145.128,5
1145.205,6
1145.281,6
1145.357,7
1145.434,6
1145.51,3
1145.587,3
1145.663,6
1145.74,7
1145.816,10
1145.893,8
1145.969,6
1146.046,8
1146.122,8
1146.199,8
1146.275,7
1146.352,5
1146.428,4
1146.505,5
1146.581,5
1146.658,6
1146.734,4
1146.811,4
1146.887,4
1146.964,4
1147.04,4
1147.117,5
1147.193,7
1147.27,6
1147.346,6
1147.423,4
1147.499,2
1147.576,2
1147.652,6
1147.729,10
1147.805,11
1147.882,11
1147.958,9
1148.035,8
1148.111,6
1148.188,6
1148.265,5
1148.341,3
1148.418,4
1148.494,6
1148.571,7
1148.647,6
1148.724,6
1148.8,6
1148.877,6
1148.954,7
1149.03,8
1149.107,5
1149.183,6
1149.26,5
1149.337,4
1149.413,5
1149.49,6
1149.566,7
1149.643,9
1149.719,10
1149.796,10
1149.873,12
1149.949,12
1150.026,12
1150.103,10
1150.179,10
1150.256,11
1150.332,10
1150.409,10
1150.486,9
1150.562,5
1150.639,6
1150.716,5
1150.792,3
1150.869,4
1150.945,3
1151.022,4
1151.099,4
1151.175,3
1151.252,4
1151.329,2
1151.405,3
1151.482,5
1151.559,5
1151.635,8
1151.712,11
1151.789,9
1151.865,9
1151.942,8
1152.019,8
1152.095,8
1152.172,6
1152.249,7
1152.325,7
1152.402,8
1152.479,12
1152.555,11
1152.632,8
1152.709,8
1152.786,7
1152.862,5
1152.939,8
1153.016,10
1153.092,14
1153.169,16
1153.246,17
1153.323,16
1153.399,11
1153.476,11
1153.553,8
1153.63,10
1153.706,10
1153.783,9
1153.86,7
1153.936,4
1154.013,4
1154.09,5
1154.167,6
1154.243,6
1154.32,5
1154.397,4
1154.474,5
1154.55,4
1154.627,5
1154.704,8
1154.781,8
1154.858,10
1154.934,11
1155.011,7
1155.088,6
1155.165,5
1155.241,5
1155.318,6
1155.395,6
1155.472,8
1155.549,6
1155.625,6
1155.702,5
1155.779,3
1155.856,4
1155.933,5
1156.009,5
1156.086,5
1156.163,5
1156.24,3
1156.317,4
1156.394,3
1156.47,4
1156.547,6
1156.624,7
1156.701,7
1156.778,6
1156.855,7
1156.931,6
1157.008,7
1157.085,5
1157.162,3
1157.239,4
1157.316,4
1157.393,8
1157.469,8
1157.546,9
1157.623,9
1157.7,8
1157.777,9
1157.854,8
1157.931,8
1158.008,7
1158.084,6
1158.161,6
1158.238,8
1158.315,10
1158.392,14
1158.469,15
1158.546,14
1158.623,13
1158.7,9
1158.776,7
1158.853,7
1158.93,5
1159.007,7
1159.084,8
1159.161,6
1159.238,8
1159.315,9
1159.392,8
1159.469,10
1159.546,10
1159.623,9
1159.7,11
1159.776,9
1159.853,9
1159.93,9
1160.007,7
1160.084,11
1160.161,10
1160.238,7
1160.315,7
1160.392,6
1160.469,5
1160.546,9
1160.623,11
1160.7,11
1160.777,11
1160.854,8
1160.931,6
1161.008,4
1161.085,6
1161.162,8
1161.239,8
1161.316,10
1161.393,8
1161.47,9
1161.547,12
1161.624,10
1161.701,10
1161.778,8
1161.855,6
1161.932,6
1162.009,6
1162.086,7
1162.163,5
1162.24,5
1162.317,5
1162.394,2
1162.471,4
1162.548,5
1162.625,5
1162.702,8
1162.779,6
1162.856,5
1162.933,5
1163.01,4
1163.087,7
1163.164,6
1163.241,11
1163.318,11
1163.396,9
1163.473,13
1163.55,8
1163.627,7
1163.704,7
1163.781,3
1163.858,2
1163.935,2
1164.012,3
1164.089,6
1164.166,11
1164.243,13
1164.32,11
1164.398,9
1164.475,5
1164.552,4
1164.629,6
1164.706,7
1164.783,10
1164.86,11
1164.937,10
1165.014,9
1165.092,7
1165.169,7
1165.246,7
1165.323,8
1165.4,6
1165.477,4
1165.554,5
1165.631,4
1165.709,7
1165.786,9
1165.863,11
1165.94,10
1166.017,9
1166.094,8
1166.171,7
1166.249,8
1166.326,9
1166.403,9
1166.48,8
1166.557,10
1166.634,8
1166.712,7
1166.789,5
1166.866,3
1166.943,3
1167.02,3
1167.098,5
1167.175,7
1167.252,8
1167.329,9
1167.406,8
1167.483,6
1167.561,8
1167.638,7
1167.715,8
1167.792,8
1167.87,7
1167.947,7
1168.024,8
1168.101,9
1168.178,8
1168.256,11
1168.333,11
1168.41,10
1168.487,11
1168.565,10
1168.642,7
1168.719,8
1168.796,5
1168.874,7
1168.951,9
1169.028,8
1169.105,10
1169.183,8
1169.26,7
1169.337,10
1169.414,10
1169.492,9
1169.569,9
1169.646,8
1169.723,7
1169.801,6
1169.878,7
1169.955,9
1170.033,9
1170.11,8
1170.187,9
1170.264,4
1170.342,4
1170.419,6
1170.496,3
1170.574,4
1170.651,4
1170.728,3
1170.805,4
1170.883,4
1170.96,6
1171.037,8
1171.115,8
1171.192,8
1171.269,9
1171.347,7
1171.424,8
1171.501,8
1171.579,4
1171.656,5
1171.733,3
1171.811,3
1171.888,6
1171.965,4
1172.043,6
1172.12,8
1172.198,5
1172.275,9
1172.352,7
1172.43,4
1172.507,7
1172.584,6
1172.662,7
1172.739,9
1172.816,7
1172.894,9
1172.971,10
1173.049,9
1173.126,11
1173.203,7
1173.281,5
1173.358,6
1173.436,4
1173.513,6
1173.59,8
1173.668,7
1173.745,8
1173.823,7
1173.9,8
1173.977,7
1174.055,10
1174.132,8
1174.21,7
1174.287,12
1174.365,9
1174.442,10
1174.519,10
1174.597,7
1174.674,6
1174.752,6
1174.829,7
1174.907,5
1174.984,6
1175.062,6
1175.139,6
1175.216,6
1175.294,7
1175.371,6
1175.449,4
1175.526,4
1175.604,1
1175.681,2
1175.759,4
1175.836,5
1175.914,10
1175.991,9
1176.069,6
1176.146,7
1176.224,3
1176.301,7
1176.379,8
1176.456,9
1176.534,9
1176.611,6
1176.689,5
1176.766,5
1176.844,5
1176.921,7
1176.999,7
1177.076,5
1177.154,8
1177.231,6
1177.309,7
1177.386,7
1177.464,5
1177.541,5
1177.619,6
1177.697,6
1177.774,7
1177.852,9
1177.929,8
1178.007,8
1178.084,5
1178.162,6
1178.239,6
1178.317,8
1178.395,11
1178.472,10
1178.55,9
1178.627,7
1178.705,6
1178.782,6
1178.86,8
1178.938,7
1179.015,8
1179.093,6
1179.17,5
1179.248,5
1179.325,8
1179.403,9
1179.481,11
1179.558,11
1179.636,5
1179.714,5
1179.791,2
1179.869,3
1179.946,3
1180.024,3
1180.102,4
1180.179,3
1180.257,8
1180.334,8
1180.412,8
1180.49,9
1180.567,7
1180.645,7
1180.723,9
1180.8,9
1180.878,7
1180.956,8
1181.033,6
1181.111,7
1181.189,7
1181.266,8
1181.344,8
1181.422,7
1181.499,7
1181.577,3
1181.655,2
1181.732,2
1181.81,3
1181.888,5
1181.965,6
1182.043,5
1182.121,6
1182.198,6
1182.276,9
1182.354,11
1182.431,9
1182.509,9
1182.587,6
1182.665,6
1182.742,7
1182.82,5
1182.898,6
1182.975,8
1183.053,6
1183.131,8
1183.209,6
1183.286,2
1183.364,3
1183.442,5
1183.52,8
1183.597,10
1183.675,10
1183.753,7
1183.831,5
1183.908,4
1183.986,6
1184.064,7
1184.142,8
1184.219,8
1184.297,5
1184.375,5
1184.453,4
1184.53,5
1184.608,7
1184.686,7
1184.764,6
1184.841,5
1184.919,5
1184.997,3
1185.075,5
1185.153,5
1185.23,4
1185.308,5
1185.386,4
1185.464,5
1185.542,7
1185.619,8
1185.697,8
1185.775,8
1185.853,10
1185.931,11
1186.008,13
1186.086,12
1186.164,10
1186.242,9
1186.32,7
1186.398,7
1186.475,6
1186.553,5
1186.631,5
1186.709,7
1186.787,7
1186.865,7
1186.942,7
1187.02,5
1187.098,5
1187.176,4
1187.254,4
1187.332,5
1187.41,4
1187.488,4
1187.565,4
1187.643,3
1187.721,3
1187.799,7
1187.877,8
1187.955,9
1188.033,9
1188.111,6
1188.188,8
1188.266,6
1188.344,8
1188.422,10
1188.5,7
1188.578,7
1188.656,6
1188.734,3
1188.812,4
1188.89,8
1188.968,8
1189.045,9
1189.123,10
1189.201,8
1189.279,9
1189.357,9
1189.435,7
1189.513,6
1189.591,5
1189.669,5
1189.747,5
1189.825,5
1189.903,7
1189.981,8
1190.059,8
1190.137,8
1190.215,6
1190.293,7
1190.37,10
1190.448,10
1190.526,10
1190.604,10
1190.682,8
1190.76,10
1190.838,11
1190.916,10
1190.994,8
1191.072,6
1191.15,5
1191.228,4
1191.306,5
1191.384,6
1191.462,4
1191.54,6
1191.618,7
1191.696,5
1191.774,5
1191.852,5
1191.93,4
1192.008,5
1192.086,7
1192.164,4
1192.242,4
1192.32,3
1192.398,3
1192.477,5
1192.555,5
1192.633,7
1192.711,8
1192.789,8
1192.867,10
1192.945,8
1193.023,7
1193.101,7
1193.179,4
1193.257,6
1193.335,4
1193.413,3
1193.491,4
1193.569,2
1193.647,4
1193.725,6
1193.804,5
1193.882,5
1193.96,4
1194.038,3
1194.116,5
1194.194,6
1194.272,7
1194.35,6
1194.428,6
1194.506,6
1194.584,4
1194.663,8
1194.741,6
1194.819,8
1194.897,9
1194.975,7
1195.053,7
1195.131,6
1195.209,8
1195.288,7
1195.366,10
1195.444,10
1195.522,13
1195.6,12
1195.678,9
1195.756,6
1195.834,5
1195.913,3
1195.991,3
1196.069,5
1196.147,3
1196.225,4
1196.303,4
1196.382,2
1196.46,2
1196.538,3
1196.616,4
1196.694,5
1196.772,6
1196.851,6
1196.929,7
1197.007,7
1197.085,6
1197.163,5
1197.242,4
1197.32,5
1197.398,8
1197.476,7
1197.554,7
1197.633,7
1197.711,7
1197.789,8
1197.867,7
1197.945,10
1198.024,7
1198.102,10
1198.18,12
1198.258,7
1198.337,8
1198.415,6
1198.493,4
1198.571,4
1198.649,5
1198.728,3
1198.806,4
1198.884,8
1198.962,8
1199.041,10
1199.119,9
1199.197,8
1199.275,8
1199.354,9
1199.432,9
1199.51,7
1199.589,5
1199.667,5
1199.745,5
1199.823,6
1199.902,12
1199.98,15
1200.058,15
1200.137,14
1200.215,14
1200.293,9
1200.371,8
1200.45,7
1200.528,8
1200.606,9
1200.685,11
1200.763,12
1200.841,10
1200.92,9
1200.998,11
1201.076,11
1201.155,16
1201.233,17
1201.311,12
1201.39,13
1201.468,11
1201.546,13
1201.625,15
1201.703,14
1201.781,15
1201.86,12
1201.938,12
1202.016,13
1202.095,20
1202.173,20
1202.251,18
1202.33,17
1202.408,8
1202.486,8
1202.565,10
1202.643,10
1202.722,7
1202.8,10
1202.878,10
1202.957,9
1203.035,12
1203.113,7
1203.192,7
1203.27,7
1203.349,6
1203.427,7
1203.505,8
1203.584,9
1203.662,10
1203.741,11
1203.819,10
1203.897,10
1203.976,7
1204.054,5
1204.133,5
1204.211,6
1204.29,6
1204.368,8
1204.446,7
1204.525,6
1204.603,7
1204.682,7
1204.76,6
1204.839,5
1204.917,4
1204.996,3
1205.074,5
1205.152,6
1205.231,9
1205.309,9
1205.388,7
1205.466,9
1205.545,7
1205.623,8
1205.702,11
1205.78,9
1205.859,7
1205.937,9
1206.016,8
1206.094,8
1206.173,9
1206.251,8
1206.33,7
1206.408,7
1206.487,9
1206.565,8
1206.644,9
1206.722,10
1206.801,10
1206.879,12
1206.958,11
1207.036,12
1207.115,9
1207.193,5
1207.272,4
1207.35,2
1207.429,2
1207.507,4
1207.586,4
1207.664,4
1207.743,5
1207.822,4
1207.9,6
1207.979,6
1208.057,8
1208.136,8
1208.214,9
1208.293,7
1208.371,8
1208.45,7
1208.529,8
1208.607,8
1208.686,6
1208.764,7
1208.843,7
1208.921,7
1209.00,5
1209.079,6
1209.157,5
1209.236,6
1209.314,11
1209.393,11
1209.472,8
1209.55,8
1209.629,3
1209.707,2
1209.786,3
1209.865,3
1209.943,6
1210.022,7
1210.1,7
1210.179,9
1210.258,9
1210.336,8
1210.415,9
1210.494,7
1210.572,5
1210.651,5
1210.729,4
1210.808,5
1210.887,6
1210.965,6
1211.044,10
1211.123,8
1211.201,7
1211.28,9
1211.359,5
1211.437,7
1211.516,12
1211.595,11
1211.673,11
1211.752,10
1211.831,7
1211.909,7
1211.988,8
1212.067,9
1212.145,8
1212.224,8
1212.303,8
1212.381,6
1212.46,5
1212.539,6
1212.618,4
1212.696,5
1212.775,6
1212.854,4
1212.932,6
1213.011,5
1213.09,5
1213.169,4
1213.247,5
1213.326,6
1213.405,5
1213.483,6
1213.562,5
1213.641,7
1213.72,6
1213.798,6
1213.877,4
1213.956,2
1214.035,3
1214.113,3
1214.192,4
1214.271,6
1214.35,7
1214.428,8
1214.507,10
1214.586,7
1214.665,7
1214.744,6
1214.822,5
1214.901,8
1214.98,9
1215.059,10
1215.137,13
1215.216,13
1215.295,14
1215.374,16
1215.453,13
1215.531,16
1215.61,13
1215.689,11
1215.768,11
1215.847,6
1215.925,4
1216.004,4
1216.083,4
1216.162,7
1216.241,8
1216.32,10
1216.398,10
1216.477,7
1216.556,7
1216.635,9
1216.714,10
1216.793,11
1216.871,11
1216.95,7
1217.029,9
1217.108,9
1217.187,10
1217.266,9
1217.344,6
1217.423,8
1217.502,5
1217.581,7
1217.66,8
1217.739,6
1217.818,6
1217.897,5
1217.975,4
1218.054,4
1218.133,6
1218.212,10
1218.291,11
1218.37,11
1218.449,13
1218.528,10
1218.607,9
1218.685,9
1218.764,6
1218.843,5
1218.922,5
1219.001,6
1219.08,7
1219.159,6
1219.238,6
1219.317,4
1219.396,2
1219.475,5
1219.554,7
1219.633,11
1219.711,12
1219.79,11
1219.869,13
1219.948,13
1220.027,17
1220.106,18
1220.185,13
1220.264,11
1220.343,6
1220.422,4
1220.501,4
1220.58,2
1220.659,1
1220.738,2
1220.817,2
1220.896,3
1220.975,4
1221.054,7
1221.133,11
1221.212,12
1221.291,16
1221.37,13
1221.449,9
1221.528,9
1221.607,9
1221.686,10
1221.765,14
1221.844,15
1221.923,11
1222.002,10
1222.081,7
1222.16,4
1222.239,5
1222.318,6
1222.397,7
1222.476,9
1222.555,8
1222.634,7
1222.713,8
1222.792,8
1222.871,10
1222.95,10
1223.029,10
1223.108,10
1223.187,10
1223.266,13
1223.345,10
1223.424,10
1223.503,10
1223.583,6
1223.662,6
1223.741,8
1223.82,8
1223.899,9
1223.978,9
1224.057,5
1224.136,6
1224.215,8
1224.294,9
1224.373,13
1224.452,11
1224.531,10
1224.611,14
1224.69,13
1224.769,15
1224.848,15
1224.927,13
1225.006,15
1225.085,15
1225.164,14
1225.243,12
1225.323,10
1225.402,9
1225.481,11
1225.56,11
1225.639,8
1225.718,6
1225.797,3
1225.877,2
1225.956,5
1226.035,7
1226.114,10
1226.193,10
1226.272,12
1226.351,12
1226.431,10
1226.51,11
1226.589,9
1226.668,11
1226.747,10
1226.826,11
1226.906,12
1226.985,10
1227.064,9
1227.143,10
1227.222,8
1227.301,5
1227.381,7
1227.46,4
1227.539,3
1227.618,4
1227.697,6
1227.777,7
1227.856,9
1227.935,9
1228.014,8
1228.093,10
1228.173,9
1228.252,12
1228.331,10
1228.41,11
1228.49,12
1228.569,11
1228.648,11
1228.727,8
1228.806,5
1228.886,2
1228.965,3
1229.044,4
1229.123,9
1229.203,15
1229.282,16
1229.361,15
1229.44,10
1229.52,7
1229.599,5
1229.678,4
1229.757,6
1229.837,6
1229.916,6
1229.995,8
1230.075,6
1230.154,8
1230.233,8
1230.312,7
1230.392,9
1230.471,4
1230.55,4
1230.63,5
1230.709,6
1230.788,8
1230.868,8
1230.947,6
1231.026,3
1231.105,2
1231.185,2
1231.264,3
1231.343,4
1231.423,7
1231.502,7
1231.581,10
1231.661,9
1231.74,5
1231.819,5
1231.899,4
1231.978,6
1232.057,7
1232.137,9
1232.216,6
1232.295,6
1232.375,5
1232.454,4
1232.533,5
1232.613,3
1232.692,3
1232.772,3
1232.851,4
1232.93,4
1233.01,9
1233.089,10
1233.168,12
1233.248,14
1233.327,9
1233.407,7
1233.486,4
1233.565,7
1233.645,8
1233.724,11
1233.804,12
1233.883,13
1233.962,13
1234.042,13
1234.121,15
1234.201,10
1234.28,9
1234.359,9
1234.439,5
1234.518,7
1234.598,10
1234.677,7
1234.757,8
1234.836,5
1234.915,5
1234.995,6
1235.074,6
1235.154,6
1235.233,4
1235.313,3
1235.392,2
1235.472,4
1235.551,3
1235.63,3
1235.71,3
1235.789,6
1235.869,8
1235.948,8
1236.028,8
1236.107,3
1236.187,4
1236.266,6
1236.346,7
1236.425,8
1236.505,7
1236.584,6
1236.664,8
1236.743,8
1236.823,7
1236.902,5
1236.982,3
1237.061,4
1237.141,6
1237.22,9
1237.3,9
1237.379,9
1237.459,7
1237.538,5
1237.618,6
1237.697,4
1237.777,5
1237.856,6
1237.936,5
1238.015,7
1238.095,8
1238.174,8
1238.254,9
1238.334,8
1238.413,7
1238.493,8
1238.572,6
1238.652,6
1238.731,4
1238.811,2
1238.89,2
1238.97,2
1239.05,3
1239.129,5
1239.209,7
1239.288,7
1239.368,7
1239.448,6
1239.527,5
1239.607,7
1239.686,10
1239.766,12
1239.845,13
1239.925,11
1240.005,10
1240.084,11
1240.164,10
1240.243,10
1240.323,8
1240.403,5
1240.482,5
1240.562,5
1240.642,6
1240.721,5
1240.801,8
1240.88,9
1240.96,9
1241.04,10
1241.119,6
1241.199,7
1241.279,6
1241.358,5
1241.438,7
1241.518,7
1241.597,6
1241.677,8
1241.757,7
1241.836,4
1241.916,6
1241.996,7
1242.075,7
1242.155,8
1242.235,7
1242.314,4
1242.394,5
1242.474,6
1242.553,8
1242.633,9
1242.713,7
1242.792,7
1242.872,7
1242.952,8
1243.031,9
1243.111,7
1243.191,7
1243.271,6
1243.35,6
1243.43,8
1243.51,7
1243.589,7
1243.669,6
1243.749,6
1243.829,9
1243.908,8
1243.988,9
1244.068,9
1244.148,7
1244.227,7
1244.307,8
1244.387,10
1244.467,11
1244.546,12
1244.626,11
1244.706,10
1244.786,9
1244.865,9
1244.945,9
1245.025,8
1245.105,6
1245.184,6
1245.264,7
1245.344,8
1245.424,10
1245.503,8
1245.583,7
1245.663,7
1245.743,4
1245.823,5
1245.902,5
1245.982,5
1246.062,7
1246.142,10
1246.222,9
1246.301,8
1246.381,7
1246.461,4
1246.541,6
1246.621,5
1246.7,4
1246.78,4
1246.86,6
1246.94,6
1247.02,8
1247.1,7
1247.179,5
1247.259,6
1247.339,7
1247.419,7
1247.499,8
1247.579,9
1247.659,10
1247.738,12
1247.818,11
1247.898,10
1247.978,8
1248.058,7
1248.138,9
1248.218,10
1248.297,11
1248.377,12
1248.457,11
1248.537,10
1248.617,9
1248.697,7
1248.777,5
1248.857,7
1248.937,8
1249.016,9
1249.096,10
1249.176,8
1249.256,8
1249.336,9
1249.416,8
1249.496,8
1249.576,8
1249.656,8
1249.736,9
1249.816,10
1249.895,9
1249.975,10
1250.055,10
1250.135,9
1250.215,9
1250.295,8
1250.375,7
1250.455,6
1250.535,6
1250.615,7
1250.695,6
1250.775,9
1250.855,8
1250.935,9
1251.015,11
1251.095,8
1251.175,8
1251.255,5
1251.335,3
1251.414,5
1251.494,5
1251.574,4
1251.654,5
1251.734,7
1251.814,8
1251.894,8
1251.974,8
1252.054,3
1252.134,1
1252.214,2
1252.294,1
1252.374,4
1252.454,4
1252.534,5
1252.614,7
1252.694,6
1252.774,8
1252.854,7
1252.934,9
1253.015,10
1253.095,10
1253.175,10
1253.255,10
1253.335,10
1253.415,9
1253.495,8
1253.575,7
1253.655,5
1253.735,5
1253.815,7
1253.895,4
1253.975,5
1254.055,4
1254.135,5
1254.215,5
1254.295,6
1254.375,6
1254.455,5
1254.535,6
1254.616,5
1254.696,7
1254.776,5
1254.856,7
1254.936,7
1255.016,10
1255.096,12
1255.176,11
1255.256,10
1255.336,6
1255.416,5
1255.497,4
1255.577,5
1255.657,4
1255.737,6
1255.817,8
1255.897,6
1255.977,7
1256.057,5
1256.138,3
1256.218,4
1256.298,8
1256.378,10
1256.458,13
1256.538,16
1256.618,15
1256.698,14
1256.779,14
1256.859,14
1256.939,12
1257.019,13
1257.099,12
1257.179,10
1257.26,6
1257.34,6
1257.42,5
1257.5,4
1257.58,4
1257.66,4
1257.741,3
1257.821,4
1257.901,6
1257.981,6
1258.061,7
1258.142,10
1258.222,11
1258.302,10
1258.382,10
1258.462,7
1258.543,4
1258.623,5
1258.703,4
1258.783,4
1258.863,5
1258.944,5
1259.024,5
1259.104,4
1259.184,4
1259.265,4
1259.345,5
1259.425,7
1259.505,7
1259.585,5
1259.666,7
1259.746,6
1259.826,7
1259.906,8
1259.987,8
1260.067,9
1260.147,9
1260.227,9
1260.308,8
1260.388,8
1260.468,7
1260.549,8
1260.629,10
1260.709,9
1260.789,9
1260.87,8
1260.95,7
1261.03,9
1261.11,9
1261.191,11
1261.271,9
1261.351,6
1261.432,6
1261.512,5
1261.592,4
1261.673,4
1261.753,4
1261.833,2
1261.914,3
1261.994,7
1262.074,6
1262.154,8
1262.235,8
1262.315,5
1262.395,7
1262.476,6
1262.556,6
1262.636,5
1262.717,3
1262.797,5
1262.877,6
1262.958,8
1263.038,7
1263.119,4
1263.199,5
1263.279,6
1263.36,10
1263.44,12
1263.52,10
1263.601,7
1263.681,4
1263.761,7
1263.842,8
1263.922,9
1264.003,9
1264.083,5
1264.163,5
1264.244,6
1264.324,5
1264.405,5
1264.485,4
1264.565,5
1264.646,7
1264.726,8
1264.807,12
1264.887,12
1264.967,14
1265.048,12
1265.128,8
1265.209,6
1265.289,3
1265.369,4
1265.45,4
1265.53,4
1265.611,4
1265.691,4
1265.772,4
1265.852,3
1265.933,4
1266.013,4
1266.093,5
1266.174,5
1266.254,5
1266.335,7
1266.415,5
1266.496,6
1266.576,7
1266.657,5
1266.737,7
1266.818,8
1266.898,6
1266.979,8
1267.059,8
1267.14,10
1267.22,11
1267.3,9
1267.381,7
1267.461,9
1267.542,8
1267.622,9
1267.703,11
1267.783,8
1267.864,9
1267.944,10
1268.025,10
1268.106,8
1268.186,9
1268.267,9
1268.347,10
1268.428,10
1268.508,7
1268.589,7
1268.669,5
1268.75,7
1268.83,13
1268.911,12
1268.991,12
1269.072,12
1269.152,8
1269.233,7
1269.314,7
1269.394,5
1269.475,4
1269.555,3
1269.636,4
1269.716,6
1269.797,6
1269.877,7
1269.958,7
1270.039,8
1270.119,11
1270.2,10
1270.28,11
1270.361,8
1270.442,6
1270.522,7
1270.603,4
1270.683,5
1270.764,4
1270.845,4
1270.925,7
1271.006,9
1271.086,8
1271.167,8
1271.248,6
1271.328,2
1271.409,4
1271.489,4
1271.57,6
1271.651,7
1271.731,7
1271.812,8
1271.893,6
1271.973,5
1272.054,7
1272.135,6
1272.215,6
1272.296,9
1272.377,9
1272.457,8
1272.538,9
1272.618,9
1272.699,5
1272.78,5
1272.86,4
1272.941,4
1273.022,5
1273.103,6
1273.183,6
1273.264,4
1273.345,6
1273.425,7
1273.506,8
1273.587,9
1273.667,10
1273.748,9
1273.829,9
1273.909,8
1273.99,7
1274.071,8
1274.152,7
1274.232,11
1274.313,11
1274.394,9
1274.474,11
1274.555,6
1274.636,8
1274.717,11
1274.797,8
1274.878,9
1274.959,5
1275.04,2
1275.12,6
1275.201,8
1275.282,9
1275.362,11
1275.443,9
1275.524,8
1275.605,8
1275.686,9
1275.766,8
1275.847,8
1275.928,7
1276.009,6
1276.089,6
1276.17,4
1276.251,3
1276.332,3
1276.412,4
1276.493,5
1276.574,5
1276.655,5
1276.736,7
1276.816,6
1276.897,8
1276.978,8
1277.059,5
1277.14,10
1277.22,8
1277.301,8
1277.382,9
1277.463,6
1277.544,8
1277.625,8
1277.705,9
1277.786,8
1277.867,6
1277.948,4
1278.029,3
1278.109,3
1278.19,6
1278.271,8
1278.352,9
1278.433,9
1278.514,10
1278.595,9
1278.675,9
1278.756,10
1278.837,6
1278.918,7
1278.999,5
1279.08,5
1279.161,6
1279.241,7
1279.322,7
1279.403,5
1279.484,8
1279.565,7
1279.646,7
1279.727,8
1279.808,6
1279.889,5
1279.969,6
1280.05,9
1280.131,7
1280.212,7
1280.293,6
1280.374,5
1280.455,6
1280.536,7
1280.617,9
1280.698,8
1280.779,7
1280.86,6
1280.94,5
1281.021,4
1281.102,7
1281.183,7
1281.264,6
1281.345,7
1281.426,6
1281.507,5
1281.588,6
1281.669,5
1281.75,7
1281.831,8
1281.912,9
1281.993,13
1282.074,10
1282.155,12
1282.236,11
1282.317,8
1282.398,7
1282.479,5
1282.56,5
1282.641,6
1282.722,10
1282.803,10
1282.883,10
1282.964,9
1283.045,9
1283.126,9
1283.207,8
1283.288,6
1283.369,4
1283.451,8
1283.532,7
1283.613,10
1283.694,9
1283.775,8
1283.856,8
1283.937,6
1284.018,6
1284.099,3
1284.18,7
1284.261,6
1284.342,7
1284.423,6
1284.504,3
1284.585,5
1284.666,7
1284.747,7
1284.828,8
1284.909,8
1284.99,6
1285.071,8
1285.152,8
1285.233,8
1285.314,7
1285.395,5
1285.477,4
1285.558,4
1285.639,5
1285.72,6
1285.801,7
1285.882,7
1285.963,7
1286.044,8
1286.125,9
1286.206,9
1286.287,9
1286.369,8
1286.45,6
1286.531,5
1286.612,6
1286.693,9
1286.774,10
1286.855,11
1286.936,11
1287.017,9
1287.099,11
1287.18,9
1287.261,6
1287.342,6
1287.423,3
1287.504,4
1287.585,5
1287.667,3
1287.748,4
1287.829,3
1287.91,4
1287.991,6
1288.072,6
1288.153,8
1288.235,8
1288.316,8
1288.397,7
1288.478,6
1288.559,5
1288.64,5
1288.722,6
1288.803,6
1288.884,8
1288.965,8
1289.046,7
1289.128,12
1289.209,11
1289.29,10
1289.371,10
1289.452,6
1289.534,5
1289.615,7
1289.696,7
1289.777,9
1289.858,11
1289.94,10
1290.021,10
1290.102,11
1290.183,9
1290.265,7
1290.346,9
1290.427,5
1290.508,4
1290.589,4
1290.671,3
1290.752,7
1290.833,10
1290.914,10
1290.996,10
1291.077,9
1291.158,7
1291.239,7
1291.321,6
1291.402,4
1291.483,6
1291.565,8
1291.646,8
1291.727,8
1291.808,7
1291.89,7
1291.971,6
1292.052,6
1292.134,4
1292.215,5
1292.296,7
1292.377,9
1292.459,11
1292.54,9
1292.621,9
1292.703,6
1292.784,9
1292.865,9
1292.947,8
1293.028,8
1293.109,6
1293.19,8
1293.272,9
1293.353,10
1293.434,11
1293.516,9
1293.597,12
1293.678,13
1293.76,12
1293.841,13
1293.922,11
1294.004,12
1294.085,10
1294.167,9
1294.248,7
1294.329,8
1294.411,9
1294.492,9
1294.573,10
1294.655,8
1294.736,6
1294.817,5
1294.899,4
1294.98,4
1295.062,7
1295.143,8
1295.224,9
1295.306,7
1295.387,6
1295.469,7
1295.55,5
1295.631,6
1295.713,7
1295.794,8
1295.876,9
1295.957,10
1296.038,9
1296.12,9
1296.201,8
1296.283,9
1296.364,7
1296.445,7
1296.527,8
1296.608,6
1296.69,8
1296.771,7
1296.853,9
1296.934,9
1297.016,9
1297.097,8
1297.178,9
1297.26,12
1297.341,13
1297.423,13
1297.504,10
1297.586,8
1297.667,7
1297.749,9
1297.83,9
1297.912,8
1297.993,6
1298.075,4
1298.156,6
1298.237,8
1298.319,13
1298.4,12
1298.482,9
1298.563,5
1298.645,2
1298.726,4
1298.808,7
1298.889,12
1298.971,13
1299.052,16
1299.134,15
1299.215,17
1299.297,16
1299.379,16
1299.46,14
1299.542,10
1299.623,8
1299.705,5
1299.786,8
1299.868,5
1299.949,9
1300.031,9
1300.112,8
1300.194,11
1300.275,11
1300.357,10
1300.438,11
1300.52,9
1300.602,5
1300.683,4
1300.765,1
1300.846,3
1300.928,5
1301.009,8
1301.091,10
1301.173,9
1301.254,11
1301.336,11
1301.417,11
1301.499,10
1301.581,12
1301.662,9
1301.744,10
1301.825,11
1301.907,8
1301.988,9
1302.07,9
1302.152,14
1302.233,11
1302.315,11
1302.397,9
1302.478,4
1302.56,5
1302.641,5
1302.723,5
1302.805,5
1302.886,4
1302.968,5
1303.05,7
1303.131,8
1303.213,12
1303.294,10
1303.376,10
1303.458,10
1303.539,12
1303.621,14
1303.703,14
1303.784,17
1303.866,13
1303.948,11
1304.029,8
1304.111,7
1304.193,6
1304.274,10
1304.356,13
1304.438,9
1304.519,10
1304.601,8
1304.683,6
1304.765,6
1304.846,7
1304.928,8
1305.01,8
1305.091,9
1305.173,9
1305.255,10
1305.336,11
1305.418,10
1305.5,10
1305.582,6
1305.663,6
1305.745,9
1305.827,8
1305.908,12
1305.99,11
1306.072,8
1306.154,7
1306.235,4
1306.317,3
1306.399,4
1306.481,5
1306.562,4
1306.644,5
1306.726,5
1306.808,5
1306.889,6
1306.971,7
1307.053,7
1307.135,8
1307.216,8
1307.298,7
1307.38,10
1307.462,8
1307.544,9
1307.625,8
1307.707,5
1307.789,5
1307.871,4
1307.953,6
1308.034,6
1308.116,9
1308.198,10
1308.28,8
1308.362,8
1308.443,6
1308.525,7
1308.607,8
1308.689,9
1308.771,7
1308.852,6
1308.934,9
1309.016,9
1309.098,11
1309.18,11
1309.262,8
1309.343,5
1309.425,5
1309.507,5
1309.589,5
1309.671,8
1309.753,7
1309.834,5
1309.916,5
1309.998,3
1310.08,5
1310.162,8
1310.244,8
1310.326,8
1310.407,9
1310.489,8
1310.571,7
1310.653,8
1310.735,7
1310.817,9
1310.899,10
1310.981,8
1311.063,5
1311.144,2
1311.226,1
1311.308,2
1311.39,2
1311.472,3
1311.554,5
1311.636,5
1311.718,8
1311.8,7
1311.882,6
1311.964,9
1312.045,10
1312.127,10
1312.209,12
1312.291,10
1312.373,6
1312.455,7
1312.537,4
1312.619,4
1312.701,8
1312.783,9
1312.865,9
1312.947,8
1313.029,5
1313.111,2
1313.193,3
1313.275,2
1313.357,4
1313.439,4
1313.521,5
1313.602,7
1313.684,7
1313.766,11
1313.848,11
1313.93,11
1314.012,8
1314.094,6
1314.176,7
1314.258,7
1314.34,7
1314.422,6
1314.504,5
1314.586,7
1314.668,9
1314.75,9
1314.832,7
1314.914,3
1314.996,2
1315.078,2
1315.16,4
1315.242,6
1315.324,6
1315.407,6
1315.489,4
1315.571,3
1315.653,3
1315.735,4
1315.817,7
1315.899,8
1315.981,9
1316.063,8
1316.145,9
1316.227,8
1316.309,8
1316.391,10
1316.473,10
1316.555,9
1316.637,8
1316.719,7
1316.801,4
1316.883,9
1316.966,10
1317.048,9
1317.13,10
1317.212,6
1317.294,8
1317.376,9
1317.458,10
1317.54,10
1317.622,8
1317.704,9
1317.787,9
1317.869,9
1317.951,10
1318.033,8
1318.115,6
1318.197,7
1318.279,7
1318.361,7
1318.443,8
1318.526,9
1318.608,6
1318.69,7
1318.772,7
1318.854,5
1318.936,8
1319.018,8
1319.101,10
1319.183,10
1319.265,8
1319.347,9
1319.429,6
1319.511,5
1319.593,7
1319.676,5
1319.758,6
1319.84,10
1319.922,9
1320.004,10
1320.087,8
1320.169,6
1320.251,7
1320.333,6
1320.415,7
1320.497,5
1320.58,4
1320.662,5
1320.744,6
1320.826,8
1320.908,7
1320.991,7
1321.073,5
1321.155,5
1321.237,5
1321.319,6
1321.402,7
1321.484,7
1321.566,8
1321.648,8
1321.731,7
1321.813,8
1321.895,8
1321.977,8
1322.06,8
1322.142,6
1322.224,6
1322.306,3
1322.389,3
1322.471,2
1322.553,6
1322.635,7
1322.718,7
1322.8,7
1322.882,6
1322.964,8
1323.047,10
1323.129,12
1323.211,10
1323.293,9
1323.376,8
1323.458,9
1323.54,8
1323.623,6
1323.705,6
1323.787,6
1323.87,5
1323.952,5
1324.034,5
1324.116,4
1324.199,4
1324.281,5
1324.363,6
1324.446,5
1324.528,7
1324.61,7
1324.693,8
1324.775,9
1324.857,10
1324.94,9
1325.022,6
1325.104,4
1325.187,0
1325.269,2
1325.351,2
1325.434,2
1325.516,2
1325.598,1
1325.681,2
1325.763,4
1325.845,6
1325.928,7
1326.01,6
1326.093,5
1326.175,5
1326.257,4
1326.34,7
1326.422,9
1326.504,8
1326.587,10
1326.669,7
1326.752,10
1326.834,10
1326.916,12
1326.999,12
1327.081,7
1327.164,8
1327.246,5
1327.328,6
1327.411,6
1327.493,9
1327.576,9
1327.658,11
1327.74,11
1327.823,9
1327.905,7
1327.988,7
1328.07,10
1328.153,8
1328.235,10
1328.317,9
1328.4,8
1328.482,7
1328.565,7
1328.647,6
1328.73,7
1328.812,10
1328.895,9
1328.977,11
1329.06,7
1329.142,5
1329.224,7
1329.307,7
1329.389,9
1329.472,9
1329.554,7
1329.637,6
1329.719,5
1329.802,5
1329.884,6
1329.967,6
1330.049,7
1330.132,7
1330.214,6
1330.297,4
1330.379,4
1330.462,7
1330.544,8
1330.627,8
1330.709,7
1330.792,5
1330.874,4
1330.957,6
1331.039,8
1331.122,8
1331.204,10
1331.287,13
1331.37,12
1331.452,11
1331.535,9
1331.617,6
1331.7,5
1331.782,5
1331.865,6
1331.947,5
1332.03,4
1332.112,9
1332.195,9
1332.278,8
1332.36,8
1332.443,3
1332.525,4
1332.608,6
1332.69,7
1332.773,7
1332.856,4
1332.938,4
1333.021,4
1333.103,6
1333.186,9
1333.269,10
1333.351,11
1333.434,9
1333.516,7
1333.599,4
1333.682,6
1333.764,6
1333.847,7
1333.929,7
1334.012,4
1334.095,4
1334.177,4
1334.26,6
1334.342,8
1334.425,7
1334.508,5
1334.59,5
1334.673,5
1334.756,7
1334.838,9
1334.921,8
1335.004,8
1335.086,7
1335.169,8
1335.252,8
1335.334,6
1335.417,8
1335.5,7
1335.582,7
1335.665,8
1335.748,6
1335.83,7
1335.913,7
1335.996,5
1336.078,4
1336.161,2
1336.244,4
1336.326,5
1336.409,9
1336.492,9
1336.574,9
1336.657,11
1336.74,8
1336.823,9
1336.905,9
1336.988,6
1337.071,8
1337.153,7
1337.236,4
1337.319,6
1337.402,6
1337.484,6
1337.567,6
1337.65,6
1337.733,7
1337.815,9
1337.898,9
1337.981,8
1338.063,7
1338.146,5
1338.229,6
1338.312,5
1338.394,4
1338.477,4
1338.56,5
1338.643,6
1338.726,6
1338.808,9
1338.891,8
1338.974,7
1339.057,7
1339.139,3
1339.222,3
1339.305,5
1339.388,5
1339.471,7
1339.553,10
1339.636,11
1339.719,12
1339.802,11
1339.885,9
1339.967,6
1340.05,4
1340.133,5
1340.216,4
1340.299,6
1340.381,7
1340.464,8
1340.547,7
1340.63,6
1340.713,6
1340.796,6
1340.878,6
1340.961,7
1341.044,6
1341.127,5
1341.21,6
1341.293,5
1341.375,6
1341.458,5
1341.541,5
1341.624,8
1341.707,9
1341.79,8
1341.873,8
1341.955,4
1342.038,2
1342.121,3
1342.204,3
1342.287,6
1342.37,7
1342.453,8
1342.536,8
1342.619,5
1342.701,5
1342.784,4
1342.867,4
1342.95,6
1343.033,4
1343.116,3
1343.199,6
1343.282,6
1343.365,11
1343.448,13
1343.53,10
1343.613,9
1343.696,6
1343.779,7
1343.862,6
1343.945,6
1344.028,4
1344.111,3
1344.194,4
1344.277,5
1344.36,7
1344.443,6
1344.526,5
1344.609,6
1344.692,5
1344.775,5
1344.857,7
1344.94,5
1345.023,4
1345.106,6
1345.189,7
1345.272,8
1345.355,10
1345.438,10
1345.521,7
1345.604,6
1345.687,4
1345.77,2
1345.853,2
1345.936,5
1346.019,5
1346.102,7
1346.185,11
1346.268,9
1346.351,11
1346.434,8
1346.517,5
1346.6,4
1346.683,3
1346.766,5
1346.849,5
1346.932,4
1347.015,5
1347.098,8
1347.181,8
1347.264,11
1347.347,10
1347.431,8
1347.514,8
1347.597,5
1347.68,5
1347.763,4
1347.846,4
1347.929,5
1348.012,5
1348.095,4
1348.178,5
1348.261,4
1348.344,4
1348.427,4
1348.51,2
1348.593,4
1348.676,3
1348.76,3
1348.843,6
1348.926,6
1349.009,8
1349.092,9
1349.175,7
1349.258,9
1349.341,9
1349.424,10
1349.507,9
1349.59,5
1349.674,3
1349.757,2
1349.84,3
1349.923,6
1350.006,9
1350.089,9
1350.172,10
1350.255,12
1350.339,12
1350.422,13
1350.505,13
1350.588,9
1350.671,7
1350.754,7
1350.837,8
1350.921,11
1351.004,7
1351.087,6
1351.17,4
1351.253,2
1351.336,2
1351.42,3
1351.503,3
1351.586,7
1351.669,12
1351.752,11
1351.835,12
1351.919,10
1352.002,8
1352.085,9
1352.168,10
1352.251,10
1352.335,12
1352.418,14
1352.501,13
1352.584,12
1352.667,7
1352.751,5
1352.834,4
1352.917,4
1353.00,5
1353.083,5
1353.167,8
1353.25,8
1353.333,9
1353.416,9
1353.5,7
1353.583,6
1353.666,4
1353.749,3
1353.832,5
1353.916,5
1353.999,7
1354.082,6
1354.165,4
1354.249,6
1354.332,5
1354.415,5
1354.498,7
1354.582,7
1354.665,9
1354.748,9
1354.832,6
1354.915,7
1354.998,7
1355.081,8
1355.165,9
1355.248,6
1355.331,5
1355.415,5
1355.498,6
1355.581,8
1355.664,6
1355.748,6
1355.831,6
1355.914,4
1355.998,5
1356.081,6
1356.164,5
1356.248,5
1356.331,4
1356.414,5
1356.498,4
1356.581,7
1356.664,8
1356.748,7
1356.831,9
1356.914,6
1356.998,7
1357.081,8
1357.164,9
1357.248,12
1357.331,13
1357.414,11
1357.498,10
1357.581,8
1357.664,5
1357.748,5
1357.831,4
1357.914,4
1357.998,4
1358.081,4
1358.165,4
1358.248,6
1358.331,7
1358.415,7
1358.498,7
1358.581,5
1358.665,6
1358.748,6
1358.832,7
1358.915,8
1358.998,8
1359.082,7
1359.165,6
1359.249,7
1359.332,7
1359.416,9
1359.499,11
1359.582,7
1359.666,5
1359.749,3
1359.833,1
1359.916,2
1360.00,3
1360.083,4
1360.166,4
1360.25,5
1360.333,7
1360.417,7
1360.5,6
1360.584,7
1360.667,7
1360.751,7
1360.834,7
1360.917,8
1361.001,7
1361.084,7
1361.168,7
1361.251,5
1361.335,5
1361.418,7
1361.502,7
1361.585,7
1361.669,7
1361.752,5
1361.836,6
1361.919,5
1362.003,4
1362.086,3
1362.17,2
1362.253,2
1362.337,3
1362.42,5
1362.504,7
1362.587,10
1362.671,10
1362.754,10
1362.838,9
1362.921,8
1363.005,7
1363.088,6
1363.172,5
1363.255,3
1363.339,4
1363.423,6
1363.506,8
1363.59,9
1363.673,8
1363.757,5
1363.84,3
1363.924,3
1364.007,4
1364.091,5
1364.175,6
1364.258,5
1364.342,4
1364.425,5
1364.509,7
1364.592,8
1364.676,10
1364.76,10
1364.843,8
1364.927,7
1365.01,5
1365.094,6
1365.178,6
1365.261,6
1365.345,7
1365.428,4
1365.512,4
1365.596,7
1365.679,6
1365.763,9
1365.846,10
1365.93,9
1366.014,14
1366.097,12
1366.181,13
1366.264,11
1366.348,7
1366.432,8
1366.515,6
1366.599,7
1366.683,6
1366.766,6
1366.85,6
1366.934,4
1367.017,6
1367.101,7
1367.185,6
1367.268,8
1367.352,5
1367.436,2
1367.519,5
1367.603,5
1367.687,7
1367.77,8
1367.854,7
1367.938,6
1368.021,5
1368.105,6
1368.189,8
1368.272,11
1368.356,12
1368.44,11
1368.523,8
1368.607,5
1368.691,5
1368.775,6
1368.858,6
1368.942,7
1369.026,6
1369.109,5
1369.193,4
1369.277,3
1369.361,3
1369.444,3
1369.528,5
1369.612,4
1369.696,5
1369.779,5
1369.863,5
1369.947,8
1370.03,11
1370.114,12
1370.198,11
1370.282,11
1370.366,7
1370.449,5
1370.533,5
1370.617,5
1370.701,5
1370.784,8
1370.868,9
1370.952,10
1371.036,10
1371.119,8
1371.203,10
1371.287,8
1371.371,9
1371.455,10
1371.538,6
1371.622,7
1371.706,6
1371.79,4
1371.874,4
1371.957,3
1372.041,6
1372.125,8
1372.209,9
1372.293,10
1372.376,8
1372.46,7
1372.544,8
1372.628,6
1372.712,8
1372.796,8
1372.879,7
1372.963,7
1373.047,5
1373.131,5
1373.215,7
1373.299,9
1373.383,8
1373.466,9
1373.55,7
1373.634,6
1373.718,5
1373.802,4
1373.886,6
1373.97,5
1374.053,6
1374.137,7
1374.221,10
1374.305,10
1374.389,10
1374.473,9
1374.557,4
1374.641,6
1374.724,6
1374.808,5
1374.892,5
1374.976,3
1375.06,3
1375.144,3
1375.228,4
1375.312,5
1375.396,5
1375.48,7
1375.564,6
1375.647,5
1375.731,5
1375.815,4
1375.899,8
1375.983,7
1376.067,8
1376.151,8
1376.235,4
1376.319,7
1376.403,5
1376.487,4
1376.571,5
1376.655,6
1376.739,7
1376.823,9
1376.907,9
1376.991,7
1377.075,6
1377.158,7
1377.242,6
1377.326,5
1377.41,5
1377.494,4
1377.578,6
1377.662,7
1377.746,10
1377.83,11
1377.914,8
1377.998,7
1378.082,5
1378.166,3
1378.25,5
1378.334,6
1378.418,7
1378.502,7
1378.586,9
1378.67,9
1378.754,9
1378.838,11
1378.922,12
1379.006,11
1379.09,9
1379.175,7
1379.259,6
1379.343,8
1379.427,9
1379.511,8
1379.595,5
1379.679,2
1379.763,3
1379.847,4
1379.931,6
1380.015,8
1380.099,8
1380.183,7
1380.267,7
1380.351,9
1380.435,9
1380.519,14
1380.603,13
1380.688,9
1380.772,9
1380.856,5
1380.94,7
1381.024,10
1381.108,9
1381.192,9
1381.276,6
1381.36,6
1381.444,6
1381.528,7
1381.613,9
1381.697,11
1381.781,13
1381.865,13
1381.949,11
1382.033,10
1382.117,11
1382.201,11
1382.285,8
1382.37,9
1382.454,8
1382.538,8
1382.622,10
1382.706,8
1382.79,8
1382.874,8
1382.959,7
1383.043,5
1383.127,4
1383.211,5
1383.295,5
1383.379,5
1383.464,6
1383.548,4
1383.632,5
1383.716,7
1383.8,9
1383.884,11
1383.969,12
1384.053,11
1384.137,7
1384.221,6
1384.305,4
1384.39,5
1384.474,6
1384.558,6
1384.642,4
1384.726,4
1384.811,6
1384.895,5
1384.979,7
1385.063,9
1385.147,8
1385.232,9
1385.316,9
1385.4,6
1385.484,6
1385.568,7
1385.653,10
1385.737,10
1385.821,10
1385.905,8
1385.99,4
1386.074,4
1386.158,2
1386.242,3
1386.327,4
1386.411,5
1386.495,5
1386.579,8
1386.664,6
1386.748,9
1386.832,12
1386.917,11
1387.001,14
1387.085,12
1387.169,10
1387.254,10
1387.338,12
1387.422,10
1387.506,10
1387.591,10
1387.675,6
1387.759,6
1387.844,7
1387.928,6
1388.012,5
1388.097,8
1388.181,9
1388.265,10
1388.35,11
1388.434,7
1388.518,5
1388.602,6
1388.687,9
1388.771,11
1388.855,11
1388.94,8
1389.024,9
1389.108,8
1389.193,11
1389.277,11
1389.361,8
1389.446,9
1389.53,7
1389.615,7
1389.699,5
1389.783,5
1389.868,4
1389.952,6
1390.036,6
1390.121,7
1390.205,9
1390.289,7
1390.374,10
1390.458,10
1390.543,10
1390.627,14
1390.711,15
1390.796,14
1390.88,13
1390.965,10
1391.049,9
1391.133,9
1391.218,8
1391.302,9
1391.387,8
1391.471,6
1391.555,5
1391.64,4
1391.724,3
1391.809,4
1391.893,6
1391.978,6
1392.062,7
1392.146,8
1392.231,14
1392.315,13
1392.4,14
1392.484,13
1392.569,7
1392.653,8
1392.737,6
1392.822,8
1392.906,8
1392.991,8
1393.075,8
1393.16,6
1393.244,7
1393.329,8
1393.413,11
1393.498,14
1393.582,15
1393.667,14
1393.751,12
1393.836,10
1393.92,10
1394.005,10
1394.089,12
1394.174,12
1394.258,10
1394.343,10
1394.427,9
1394.512,9
1394.596,8
1394.681,8
1394.765,6
1394.85,5
1394.934,4
1395.019,3
1395.103,3
1395.188,3
1395.272,7
1395.357,9
1395.441,9
1395.526,10
1395.61,9
1395.695,8
1395.779,9
1395.864,7
1395.949,5
1396.033,4
1396.118,2
1396.202,4
1396.287,3
1396.371,5
1396.456,5
1396.54,3
1396.625,5
1396.71,3
1396.794,5
1396.879,8
1396.963,9
1397.048,11
1397.133,11
1397.217,10
1397.302,12
1397.386,11
1397.471,10
1397.556,10
1397.64,9
1397.725,9
1397.809,9
1397.894,8
1397.979,5
1398.063,4
1398.148,7
1398.232,7
1398.317,6
1398.402,6
1398.486,4
1398.571,4
1398.656,5
1398.74,7
1398.825,6
1398.909,6
1398.994,8
1399.079,8
1399.163,10
1399.248,9
1399.333,8
1399.417,6
1399.502,3
1399.587,4
1399.671,3
1399.756,3
1399.841,5
1399.925,6
1400.01,6
1400.095,6
1400.179,4
1400.264,4
1400.349,4
1400.433,4
1400.518,5
1400.603,4
1400.688,5
1400.772,7
1400.857,8
1400.942,8
1401.026,8
1401.111,6
1401.196,5
1401.28,7
1401.365,7
1401.45,10
1401.535,13
1401.619,10
1401.704,10
1401.789,7
1401.874,3
1401.958,5
1402.043,5
1402.128,8
1402.212,8
1402.297,8
1402.382,6
1402.467,2
1402.551,2
1402.636,2
1402.721,4
1402.806,5
1402.891,6
1402.975,5
1403.06,3
1403.145,5
1403.23,6
1403.314,6
1403.399,8
1403.484,8
1403.569,8
1403.654,9
1403.738,7
1403.823,7
1403.908,7
1403.993,6
1404.077,7
1404.162,5
1404.247,5
1404.332,4
1404.417,3
1404.502,3
1404.586,2
1404.671,3
1404.756,6
1404.841,5
1404.926,6
1405.01,6
1405.095,4
1405.18,4
1405.265,4
1405.35,3
1405.435,2
1405.52,7
1405.604,7
1405.689,10
1405.774,13
1405.859,10
1405.944,9
1406.029,8
1406.113,5
1406.198,5
1406.283,4
1406.368,5
1406.453,7
1406.538,7
1406.623,8
1406.708,6
1406.792,6
1406.877,7
1406.962,7
1407.047,8
1407.132,7
1407.217,5
1407.302,6
1407.387,6
1407.472,6
1407.557,9
1407.641,7
1407.726,8
1407.811,10
1407.896,7
1407.981,9
1408.066,7
1408.151,6
1408.236,7
1408.321,8
1408.406,8
1408.491,8
1408.576,9
1408.661,9
1408.746,11
1408.83,9
1408.915,8
1409.00,5
1409.085,4
1409.17,5
1409.255,7
1409.34,8
1409.425,6
1409.51,6
1409.595,3
1409.68,3
1409.765,4
1409.85,3
1409.935,3
1410.02,5
1410.105,10
1410.19,11
1410.275,12
1410.36,11
1410.445,7
1410.53,8
1410.615,7
1410.7,5
1410.785,4
1410.87,3
1410.955,4
1411.04,6
1411.125,7
1411.21,9
1411.295,9
1411.38,8
1411.465,8
1411.55,6
1411.635,6
1411.72,7
1411.805,7
1411.89,7
1411.975,6
1412.06,6
1412.145,7
1412.23,8
1412.316,11
1412.401,10
1412.486,9
1412.571,9
1412.656,7
1412.741,8
1412.826,6
1412.911,4
1412.996,4
1413.081,3
1413.166,3
1413.251,6
1413.336,9
1413.421,10
1413.507,12
1413.592,10
1413.677,8
1413.762,10
1413.847,10
1413.932,9
1414.017,9
1414.102,6
1414.187,7
1414.272,9
1414.358,7
1414.443,10
1414.528,9
1414.613,7
1414.698,8
1414.783,6
1414.868,6
1414.953,9
1415.039,11
1415.124,13
1415.209,14
1415.294,11
1415.379,9
1415.464,7
1415.55,8
1415.635,9
1415.72,9
1415.805,9
1415.89,8
1415.975,7
1416.06,5
1416.146,4
1416.231,3
1416.316,4
1416.401,6
1416.486,5
1416.572,5
1416.657,4
1416.742,5
1416.827,7
1416.912,9
1416.997,9
1417.083,8
1417.168,9
1417.253,10
1417.338,12
1417.424,11
1417.509,10
1417.594,6
1417.679,5
1417.764,6
1417.85,5
1417.935,5
1418.02,4
1418.105,6
1418.191,7
1418.276,9
1418.361,11
1418.446,8
1418.531,7
1418.617,7
1418.702,8
1418.787,9
1418.872,9
1418.958,8
1419.043,5
1419.128,6
1419.214,8
1419.299,8
1419.384,9
1419.469,10
1419.555,8
1419.64,6
1419.725,9
1419.81,6
1419.896,8
1419.981,9
1420.066,9
1420.152,8
1420.237,7
1420.322,6
1420.408,3
1420.493,6
1420.578,5
1420.663,8
1420.749,12
1420.834,10
1420.919,10
1421.005,8
1421.09,4
1421.175,4
1421.261,5
1421.346,4
1421.431,5
1421.517,6
1421.602,5
1421.687,7
1421.773,6
1421.858,5
1421.943,7
1422.029,8
1422.114,8
1422.199,8
1422.285,6
1422.37,7
1422.456,7
1422.541,8
1422.626,9
1422.712,6
1422.797,5
1422.882,4
1422.968,5
1423.053,5
1423.139,7
1423.224,7
1423.309,4
1423.395,7
1423.48,7
1423.566,9
1423.651,9
1423.736,5
1423.822,5
1423.907,3
1423.993,6
1424.078,7
1424.163,10
1424.249,12
1424.334,13
1424.42,12
1424.505,8
1424.59,7
1424.676,5
1424.761,6
1424.847,8
1424.932,7
1425.018,5
1425.103,7
1425.189,7
1425.274,7
1425.359,7
1425.445,5
1425.53,3
1425.616,4
1425.701,5
1425.787,5
1425.872,7
1425.958,5
1426.043,4
1426.129,3
1426.214,2
1426.3,3
1426.385,4
1426.471,6
1426.556,7
1426.642,6
1426.727,5
1426.813,5
1426.898,2
1426.984,2
1427.069,5
1427.155,3
1427.24,4
1427.326,5
1427.411,9
1427.497,10
1427.582,11
1427.668,10
1427.753,4
1427.839,7
1427.924,8
1428.01,11
1428.095,14
1428.181,14
1428.266,14
1428.352,14
1428.438,11
1428.523,10
1428.609,10
1428.694,7
1428.78,7
1428.865,5
1428.951,5
1429.036,6
1429.122,6
1429.208,5
1429.293,3
1429.379,2
1429.464,1
1429.55,3
1429.635,3
1429.721,5
1429.807,9
1429.892,7
1429.978,7
1430.063,9
1430.149,6
1430.235,6
1430.32,6
1430.406,4
1430.491,4
1430.577,8
1430.663,8
1430.748,6
1430.834,5
1430.919,2
1431.005,3
1431.091,5
1431.176,5
1431.262,6
1431.348,5
1431.433,4
1431.519,5
1431.605,7
1431.69,10
1431.776,11
1431.862,12
1431.947,13
1432.033,9
1432.118,7
1432.204,6
1432.29,2
1432.375,4
1432.461,4
1432.547,4
1432.632,6
1432.718,5
1432.804,7
1432.89,9
1432.975,8
1433.061,11
1433.147,10
1433.232,7
1433.318,8
1433.404,6
1433.489,6
1433.575,7
1433.661,5
1433.747,5
1433.832,5
1433.918,4
1434.004,5
1434.089,5
1434.175,8
1434.261,9
1434.347,7
1434.432,5
1434.518,3
1434.604,4
1434.689,6
1434.775,7
1434.861,5
1434.947,6
1435.032,7
1435.118,7
1435.204,10
1435.29,7
1435.375,4
1435.461,7
1435.547,6
1435.633,6
1435.719,7
1435.804,6
1435.89,5
1435.976,5
1436.062,6
1436.147,5
1436.233,4
1436.319,5
1436.405,4
1436.491,2
1436.576,6
1436.662,7
1436.748,7
1436.834,11
1436.92,9
1437.005,10
1437.091,13
1437.177,9
1437.263,8
1437.349,6
1437.434,4
1437.52,6
1437.606,6
1437.692,5
1437.778,6
1437.864,4
1437.949,4
1438.035,5
1438.121,3
1438.207,6
1438.293,8
1438.379,8
1438.465,8
1438.55,12
1438.636,10
1438.722,9
1438.808,11
1438.894,7
1438.98,9
1439.066,11
1439.151,8
1439.237,8
1439.323,9
1439.409,8
1439.495,9
1439.581,8
1439.667,4
1439.753,5
1439.838,7
1439.924,7
1440.01,8
1440.096,7
1440.182,7
1440.268,5
1440.354,6
1440.44,5
1440.526,2
1440.612,5
1440.698,3
1440.783,5
1440.869,8
1440.955,6
1441.041,6
1441.127,5
1441.213,5
1441.299,6
1441.385,6
1441.471,7
1441.557,6
1441.643,6
1441.729,7
1441.815,6
1441.901,6
1441.987,6
1442.073,7
1442.159,7
1442.245,7
1442.331,8
1442.417,8
1442.503,8
1442.588,6
1442.674,7
1442.76,6
1442.846,5
1442.932,9
1443.018,7
1443.104,9
1443.19,10
1443.276,9
1443.362,9
1443.448,8
1443.534,7
1443.62,6
1443.706,6
1443.792,4
1443.878,7
1443.964,6
1444.05,6
1444.137,7
1444.223,5
1444.309,5
1444.395,3
1444.481,2
1444.567,5
1444.653,5
1444.739,6
1444.825,6
1444.911,2
1444.997,4
1445.083,4
1445.169,4
1445.255,4
1445.341,1
1445.427,1
1445.513,5
1445.599,6
1445.685,7
1445.771,8
1445.858,5
1445.944,6
1446.03,7
1446.116,7
1446.202,6
1446.288,5
1446.374,6
1446.46,7
1446.546,8
1446.632,8
1446.718,6
1446.805,5
1446.891,4
1446.977,4
1447.063,5
1447.149,4
1447.235,6
1447.321,6
1447.407,5
1447.494,5
1447.58,4
1447.666,6
1447.752,6
1447.838,7
1447.924,8
1448.01,6
1448.096,10
1448.183,9
1448.269,8
1448.355,7
1448.441,2
1448.527,2
1448.613,2
1448.7,2
1448.786,3
1448.872,4
1448.958,4
1449.044,4
1449.13,6
1449.217,6
1449.303,6
1449.389,7
1449.475,5
1449.561,6
1449.648,7
1449.734,6
1449.82,7
1449.906,7
1449.992,5
1450.079,5
1450.165,5
1450.251,3
1450.337,7
1450.423,9
1450.51,9
1450.596,9
1450.682,7
1450.768,5
1450.854,4
1450.941,8
1451.027,6
1451.113,6
1451.199,7
1451.286,4
1451.372,5
1451.458,7
1451.544,10
1451.631,9
1451.717,11
1451.803,9
1451.889,6
1451.976,6
1452.062,5
1452.148,5
1452.234,3
1452.321,4
1452.407,3
1452.493,4
1452.58,4
1452.666,5
1452.752,4
1452.838,5
1452.925,7
1453.011,12
1453.097,13
1453.184,14
1453.27,13
1453.356,9
1453.443,8
1453.529,5
1453.615,4
1453.701,1
1453.788,2
1453.874,3
1453.96,3
1454.047,3
1454.133,2
1454.219,2
1454.306,3
1454.392,3
1454.478,4
1454.565,6
1454.651,7
1454.737,7
1454.824,9
1454.91,9
1454.997,7
1455.083,12
1455.169,9
1455.256,7
1455.342,7
1455.428,4
1455.515,5
1455.601,5
1455.687,6
1455.774,4
1455.86,5
1455.947,6
1456.033,8
1456.119,10
1456.206,10
1456.292,11
1456.379,9
1456.465,12
1456.551,12
1456.638,11
1456.724,11
1456.811,8
1456.897,11
1456.983,10
1457.07,9
1457.156,8
1457.243,6
1457.329,7
1457.415,7
1457.502,6
1457.588,5
1457.675,6
1457.761,8
1457.848,10
1457.934,8
1458.021,6
1458.107,7
1458.193,6
1458.28,7
1458.366,6
1458.453,6
1458.539,6
1458.626,8
1458.712,12
1458.799,11
1458.885,9
1458.972,6
1459.058,3
1459.145,1
1459.231,1
1459.318,3
1459.404,5
1459.491,5
1459.577,8
1459.663,6
1459.75,5
1459.836,7
1459.923,7
1460.009,8
1460.096,7
1460.183,6
1460.269,6
1460.356,7
1460.442,9
1460.529,10
1460.615,8
1460.702,9
1460.788,10
1460.875,9
1460.961,9
1461.048,7
1461.134,4
1461.221,6
1461.307,7
1461.394,7
1461.48,6
1461.567,6
1461.654,5
1461.74,5
1461.827,6
1461.913,4
1462.00,4
1462.086,3
1462.173,5
1462.26,7
1462.346,9
1462.433,10
1462.519,8
1462.606,6
1462.692,5
1462.779,5
1462.866,5
1462.952,7
1463.039,6
1463.125,5
1463.212,7
1463.299,6
1463.385,7
1463.472,9
1463.558,7
1463.645,5
1463.732,4
1463.818,3
1463.905,3
1463.992,3
1464.078,3
1464.165,5
1464.251,4
1464.338,6
1464.425,7
1464.511,6
1464.598,6
1464.685,4
1464.771,5
1464.858,6
1464.945,6
1465.031,10
1465.118,9
1465.205,8
1465.291,9
1465.378,5
1465.465,5
1465.551,5
1465.638,6
1465.725,7
1465.811,7
1465.898,6
1465.985,8
1466.071,10
1466.158,10
1466.245,9
1466.331,5
1466.418,6
1466.505,6
1466.592,7
1466.678,9
1466.765,7
1466.852,5
1466.938,6
1467.025,5
1467.112,4
1467.199,6
1467.285,7
1467.372,7
1467.459,6
1467.545,7
1467.632,6
1467.719,5
1467.806,9
1467.892,8
1467.979,7
1468.066,8
1468.153,6
1468.239,7
1468.326,8
1468.413,11
1468.5,13
1468.586,11
1468.673,11
1468.76,8
1468.847,9
1468.934,11
1469.02,11
1469.107,10
1469.194,7
1469.281,6
1469.367,5
1469.454,7
1469.541,8
1469.628,8
1469.715,7
1469.801,5
1469.888,6
1469.975,5
1470.062,6
1470.149,7
1470.235,4
1470.322,4
1470.409,5
1470.496,5
1470.583,5
1470.67,5
1470.756,4
1470.843,4
1470.93,6
1471.017,7
1471.104,8
1471.191,8
1471.277,7
1471.364,5
1471.451,6
1471.538,8
1471.625,8
1471.712,9
1471.799,8
1471.885,6
1471.972,5
1472.059,6
1472.146,5
1472.233,6
1472.32,6
1472.407,6
1472.494,6
1472.58,5
1472.667,5
1472.754,5
1472.841,5
1472.928,4
1473.015,7
1473.102,7
1473.189,9
1473.276,11
1473.362,11
1473.449,9
1473.536,7
1473.623,8
1473.71,7
1473.797,10
1473.884,11
1473.971,9
1474.058,8
1474.145,6
1474.232,7
1474.319,10
1474.406,9
1474.493,10
1474.579,7
1474.666,4
1474.753,5
1474.84,7
1474.927,9
1475.014,9
1475.101,9
1475.188,7
1475.275,9
1475.362,9
1475.449,7
1475.536,8
1475.623,6
1475.71,8
1475.797,9
1475.884,8
1475.971,7
1476.058,6
1476.145,6
1476.232,6
1476.319,5
1476.406,5
1476.493,6
1476.58,6
1476.667,8
1476.754,9
1476.841,12
1476.928,10
1477.015,8
1477.102,5
1477.189,0
1477.276,1
1477.363,2
1477.45,4
1477.537,4
1477.624,6
1477.711,7
1477.798,5
1477.885,7
1477.972,5
1478.059,4
1478.146,8
1478.233,8
1478.321,10
1478.408,9
1478.495,7
1478.582,7
1478.669,9
1478.756,10
1478.843,11
1478.93,9
1479.017,6
1479.104,7
1479.191,5
1479.278,7
1479.365,8
1479.452,7
1479.54,7
1479.627,6
1479.714,6
1479.801,8
1479.888,10
1479.975,12
1480.062,10
1480.149,10
1480.236,7
1480.324,6
1480.411,8
1480.498,6
1480.585,7
1480.672,7
1480.759,5
1480.846,6
1480.933,6
1481.021,7
1481.108,10
1481.195,8
1481.282,8
1481.369,7
1481.456,5
1481.543,6
1481.631,7
1481.718,8
1481.805,6
1481.892,8
1481.979,9
1482.066,9
1482.154,11
1482.241,8
1482.328,6
1482.415,4
1482.502,4
1482.589,4
1482.677,4
1482.764,7
1482.851,9
1482.938,10
1483.025,9
1483.113,6
1483.2,5
1483.287,5
1483.374,8
1483.461,10
1483.549,9
1483.636,9
1483.723,6
1483.81,5
1483.898,6
1483.985,6
1484.072,10
1484.159,9
1484.246,8
1484.334,8
1484.421,4
1484.508,5
1484.595,6
1484.683,6
1484.77,8
1484.857,7
1484.944,5
1485.032,7
1485.119,6
1485.206,7
1485.293,7
1485.381,6
1485.468,6
1485.555,5
1485.643,5
1485.73,6
1485.817,7
1485.904,7
1485.992,7
1486.079,5
1486.166,6
1486.254,7
1486.341,10
1486.428,9
1486.515,6
1486.603,5
1486.69,5
1486.777,6
1486.865,6
1486.952,8
1487.039,6
1487.127,9
1487.214,12
1487.301,11
1487.389,14
1487.476,10
1487.563,10
1487.651,10
1487.738,7
1487.825,9
1487.913,7
1488.00,9
1488.087,9
1488.175,10
1488.262,11
1488.349,11
1488.437,12
1488.524,9
1488.612,8
1488.699,7
1488.786,7
1488.874,11
1488.961,11
1489.048,8
1489.136,6
1489.223,2
1489.311,3
1489.398,5
1489.485,6
1489.573,8
1489.66,9
1489.748,12
1489.835,12
1489.922,12
1490.01,10
1490.097,7
1490.185,10
1490.272,10
1490.359,9
1490.447,9
1490.534,4
1490.622,3
1490.709,7
1490.796,7
1490.884,8
1490.971,8
1491.059,5
1491.146,3
1491.234,4
1491.321,6
1491.409,8
1491.496,11
1491.583,9
1491.671,6
1491.758,3
1491.846,3
1491.933,4
1492.021,5
1492.108,6
1492.196,5
1492.283,6
1492.371,7
1492.458,7
1492.546,6
1492.633,7
1492.721,7
1492.808,8
1492.896,7
1492.983,7
1493.071,6
1493.158,6
1493.246,8
1493.333,6
1493.421,7
1493.508,7
1493.596,12
1493.683,14
1493.771,13
1493.858,11
1493.946,6
1494.033,4
1494.121,5
1494.208,7
1494.296,7
1494.383,6
1494.471,6
1494.558,5
1494.646,5
1494.734,6
1494.821,5
1494.909,4
1494.996,6
1495.084,5
1495.171,6
1495.259,7
1495.346,6
1495.434,7
1495.522,7
1495.609,6
1495.697,5
1495.784,6
1495.872,5
1495.959,7
1496.047,6
1496.135,7
1496.222,10
1496.31,9
1496.397,10
1496.485,10
1496.573,7
1496.66,10
1496.748,10
1496.835,8
1496.923,12
1497.011,9
1497.098,10
1497.186,12
1497.274,8
1497.361,8
1497.449,6
1497.536,4
1497.624,4
1497.712,4
1497.799,3
1497.887,4
1497.975,5
1498.062,5
1498.15,6
1498.238,7
1498.325,7
1498.413,9
1498.501,9
1498.588,7
1498.676,7
1498.764,10
1498.851,14
1498.939,16
1499.027,15
1499.114,9
1499.202,4
1499.29,1
1499.377,0
1499.465,0
1499.553,3
1499.64,6
1499.728,9
1499.816,12
1499.904,10
1499.991,10
1500.079,9
1500.167,7
1500.254,8
1500.342,9
1500.43,9
1500.517,11
1500.605,11
1500.693,8
1500.781,9
1500.868,6
1500.956,5
1501.044,6
1501.132,5
1501.219,7
1501.307,6
1501.395,7
1501.483,7
1501.57,7
1501.658,8
1501.746,8
1501.834,7
1501.921,9
1502.009,10
1502.097,9
1502.185,11
1502.272,10
1502.36,13
1502.448,12
1502.536,10
1502.624,9
1502.711,6
1502.799,5
1502.887,4
1502.975,3
1503.063,3
1503.15,6
1503.238,6
1503.326,6
1503.414,4
1503.502,1
1503.589,4
1503.677,6
1503.765,8
1503.853,9
1503.941,7
1504.028,7
1504.116,6
1504.204,6
1504.292,7
1504.38,6
1504.468,6
1504.555,5
1504.643,3
1504.731,1
1504.819,3
1504.907,5
1504.995,6
1505.083,8
1505.17,6
1505.258,5
1505.346,5
1505.434,7
1505.522,7
1505.61,10
1505.698,9
1505.785,9
1505.873,9
1505.961,8
1506.049,10
1506.137,8
1506.225,8
1506.313,8
1506.401,6
1506.489,6
1506.577,7
1506.664,6
1506.752,9
1506.84,8
1506.928,7
1507.016,6
1507.104,4
1507.192,7
1507.28,7
1507.368,9
1507.456,9
1507.544,10
1507.632,13
1507.719,12
1507.807,14
1507.895,13
1507.983,9
1508.071,9
1508.159,8
1508.247,5
1508.335,7
1508.423,8
1508.511,8
1508.599,7
1508.687,6
1508.775,3
1508.863,3
1508.951,5
1509.039,7
1509.127,10
1509.215,9
1509.303,10
1509.391,8
1509.479,7
1509.567,7
1509.655,5
1509.743,4
1509.831,3
1509.919,3
1510.007,2
1510.095,4
1510.183,3
1510.271,4
1510.359,5
1510.447,4
1510.535,6
1510.623,5
1510.711,4
1510.799,5
1510.887,4
1510.975,5
1511.063,8
1511.151,8
1511.239,8
1511.327,6
1511.415,5
1511.503,6
1511.591,6
1511.679,8
1511.767,8
1511.855,7
1511.943,8
1512.031,9
1512.12,7
1512.208,6
1512.296,6
1512.384,6
1512.472,8
1512.56,7
1512.648,6
1512.736,4
1512.824,5
1512.912,5
1513.00,5
1513.088,4
1513.177,4
1513.265,8
1513.353,7
1513.441,7
1513.529,7
1513.617,5
1513.705,10
1513.793,11
1513.881,10
1513.97,10
1514.058,6
1514.146,6
1514.234,7
1514.322,7
1514.41,8
1514.498,8
1514.586,6
1514.675,7
1514.763,6
1514.851,7
1514.939,7
1515.027,7
1515.115,7
1515.203,7
1515.292,7
1515.38,10
1515.468,12
1515.556,13
1515.644,15
1515.732,9
1515.821,7
1515.909,6
1515.997,4
1516.085,6
1516.173,8
1516.262,7
1516.35,9
1516.438,8
1516.526,8
1516.614,8
1516.703,6
1516.791,8
1516.879,10
1516.967,14
1517.055,16
1517.144,14
1517.232,13
1517.32,9
1517.408,9
1517.496,9
1517.585,7
1517.673,7
1517.761,4
1517.849,4
1517.938,3
1518.026,3
1518.114,4
1518.202,5
1518.291,6
1518.379,6
1518.467,7
1518.555,6
1518.644,8
1518.732,8
1518.82,9
1518.908,9
1518.997,6
1519.085,7
1519.173,6
1519.262,6
1519.35,5
1519.438,3
1519.526,1
1519.615,0
1519.703,2
1519.791,2
1519.88,3
1519.968,5
1520.056,6
1520.144,8
1520.233,8
1520.321,9
1520.409,7
1520.498,5
1520.586,4
1520.674,3
1520.763,6
1520.851,9
1520.939,11
1521.028,10
1521.116,7
1521.204,4
1521.293,3
1521.381,7
1521.469,7
1521.558,10
1521.646,11
1521.734,7
1521.823,9
1521.911,9
1521.999,9
1522.088,9
1522.176,6
1522.264,3
1522.353,3
1522.441,2
1522.53,3
1522.618,5
1522.706,6
1522.795,10
1522.883,10
1522.972,11
1523.06,10
1523.148,7
1523.237,7
1523.325,4
1523.413,4
1523.502,5
1523.59,9
1523.679,10
1523.767,8
1523.856,8
1523.944,3
1524.032,4
1524.121,6
1524.209,4
1524.298,5
1524.386,4
1524.475,3
1524.563,5
1524.651,6
1524.74,5
1524.828,6
1524.917,5
1525.005,5
1525.094,7
1525.182,5
1525.271,7
1525.359,7
1525.447,6
1525.536,9
1525.624,7
1525.713,7
1525.801,8
1525.89,8
1525.978,10
1526.067,11
1526.155,11
1526.244,10
1526.332,7
1526.421,5
1526.509,5
1526.598,3
1526.686,8
1526.775,7
1526.863,8
1526.952,9
1527.04,5
1527.129,8
1527.217,7
1527.306,8
1527.394,10
1527.483,9
1527.571,8
1527.66,7
1527.748,7
1527.837,7
1527.925,8
1528.014,12
1528.102,12
1528.191,13
1528.28,15
1528.368,11
1528.457,10
1528.545,11
1528.634,8
1528.722,8
1528.811,9
1528.899,7
1528.988,8
1529.077,8
1529.165,6
1529.254,5
1529.342,8
1529.431,9
1529.519,9
1529.608,9
1529.697,4
1529.785,5
1529.874,5
1529.962,5
1530.051,6
1530.14,4
1530.228,5
1530.317,5
1530.405,5
1530.494,6
1530.583,6
1530.671,7
1530.76,8
1530.848,8
1530.937,8
1531.026,8
1531.114,7
1531.203,7
1531.292,6
1531.38,5
1531.469,7
1531.558,8
1531.646,12
1531.735,11
1531.823,10
1531.912,9
1532.001,7
1532.089,8
1532.178,8
1532.267,7
1532.355,4
1532.444,5
1532.533,5
1532.621,7
1532.71,7
1532.799,6
1532.887,4
1532.976,4
1533.065,5
1533.153,5
1533.242,7
1533.331,6
1533.42,6
1533.508,6
1533.597,6
1533.686,6
1533.774,7
1533.863,8
1533.952,8
1534.041,9
1534.129,10
1534.218,10
1534.307,10
1534.395,7
1534.484,6
1534.573,6
1534.662,7
1534.75,8
1534.839,7
1534.928,9
1535.017,7
1535.105,8
1535.194,11
1535.283,11
1535.372,12
1535.46,12
1535.549,9
1535.638,8
1535.727,9
1535.815,9
1535.904,9
1535.993,7
1536.082,6
1536.17,4
1536.259,3
1536.348,4
1536.437,4
1536.526,7
1536.614,9
1536.703,11
1536.792,9
1536.881,7
1536.97,7
1537.058,6
1537.147,6
1537.236,6
1537.325,7
1537.414,7
1537.502,11
1537.591,11
1537.68,10
1537.769,9
1537.858,9
1537.947,9
1538.035,9
1538.124,7
1538.213,4
1538.302,3
1538.391,2
1538.48,3
1538.568,4
1538.657,5
1538.746,7
1538.835,8
1538.924,8
1539.013,9
1539.102,8
1539.19,8
1539.279,10
1539.368,11
1539.457,10
1539.546,9
1539.635,10
1539.724,8
1539.813,8
1539.901,7
1539.99,3
1540.079,4
1540.168,4
1540.257,5
1540.346,6
1540.435,4
1540.524,6
1540.613,8
1540.702,8
1540.79,10
1540.879,8
1540.968,11
1541.057,11
1541.146,10
1541.235,12
1541.324,9
1541.413,7
1541.502,7
1541.591,5
1541.68,4
1541.769,4
1541.858,5
1541.947,7
1542.036,8
1542.124,10
1542.213,11
1542.302,8
1542.391,6
1542.48,5
1542.569,3
1542.658,6
1542.747,10
1542.836,13
1542.925,14
1543.014,13
1543.103,10
1543.192,10
1543.281,10
1543.37,9
1543.459,7
1543.548,3
1543.637,1
1543.726,2
1543.815,4
1543.904,4
1543.993,6
1544.082,5
1544.171,3
1544.26,4
1544.349,4
1544.438,4
1544.527,8
1544.616,10
1544.705,9
1544.794,11
1544.883,9
1544.972,7
1545.061,9
1545.15,7
1545.239,7
1545.328,8
1545.418,6
1545.507,7
1545.596,5
1545.685,4
1545.774,4
1545.863,5
1545.952,6
1546.041,6
1546.13,6
1546.219,7
1546.308,6
1546.397,5
1546.486,6
1546.575,6
1546.664,10
1546.754,14
1546.843,13
1546.932,9
1547.021,7
1547.11,6
1547.199,5
1547.288,10
1547.377,9
1547.466,6
1547.555,6
1547.645,2
1547.734,2
1547.823,3
1547.912,4
1548.001,6
1548.09,7
1548.179,8
1548.268,10
1548.358,10
1548.447,13
1548.536,15
1548.625,16
1548.714,14
1548.803,11
1548.892,9
1548.982,9
1549.071,10
1549.16,9
1549.249,10
1549.338,6
1549.427,5
1549.517,4
1549.606,3
1549.695,3
1549.784,4
1549.873,6
1549.963,6
1550.052,8
1550.141,8
1550.23,11
1550.319,10
1550.408,10
1550.498,8
1550.587,4
1550.676,4
1550.765,3
1550.854,4
1550.944,6
1551.033,8
1551.122,8
1551.211,7
1551.301,5
1551.39,3
1551.479,5
1551.568,7
1551.657,6
1551.747,7
1551.836,6
1551.925,7
1552.014,10
1552.104,14
1552.193,13
1552.282,12
1552.371,11
1552.461,8
1552.55,7
1552.639,8
1552.728,7
1552.818,7
1552.907,9
1552.996,7
1553.086,6
1553.175,3
1553.264,3
1553.353,3
1553.443,3
1553.532,7
1553.621,5
1553.711,6
1553.8,10
1553.889,8
1553.978,9
1554.068,10
1554.157,7
1554.246,5
1554.336,5
1554.425,3
1554.514,5
1554.604,6
1554.693,5
1554.782,6
1554.872,4
1554.961,4
1555.05,6
1555.14,5
1555.229,6
1555.318,7
1555.408,7
1555.497,7
1555.586,7
1555.676,5
1555.765,5
1555.854,4
1555.944,6
1556.033,7
1556.122,5
1556.212,6
1556.301,3
1556.391,3
1556.48,4
1556.569,4
1556.659,3
1556.748,3
1556.837,2
1556.927,3
1557.016,4
1557.106,3
1557.195,5
1557.284,5
1557.374,5
1557.463,5
1557.553,7
1557.642,7
1557.731,9
1557.821,13
1557.91,10
1558.00,10
1558.089,7
1558.178,5
1558.268,5
1558.357,4
1558.447,4
1558.536,3
1558.626,2
1558.715,5
1558.805,6
1558.894,5
1558.983,6
1559.073,3
1559.162,4
1559.252,4
1559.341,4
1559.431,5
1559.52,5
1559.61,6
1559.699,6
1559.789,4
1559.878,5
1559.968,5
1560.057,4
1560.146,6
1560.236,3
1560.325,2
1560.415,3
1560.504,2
1560.594,2
1560.683,3
1560.773,4
1560.862,4
1560.952,6
1561.041,6
1561.131,6
1561.22,9
1561.31,8
1561.399,8
1561.489,6
1561.579,6
1561.668,9
1561.758,9
1561.847,12
1561.937,8
1562.026,5
1562.116,7
1562.205,6
1562.295,7
1562.384,9
1562.474,9
1562.563,9
1562.653,10
1562.743,9
1562.832,8
1562.922,11
1563.011,11
1563.101,10
1563.19,12
1563.28,9
1563.37,8
1563.459,10
1563.549,8
1563.638,7
1563.728,8
1563.817,5
1563.907,5
1563.997,4
1564.086,5
1564.176,9
1564.265,11
1564.355,15
1564.445,14
1564.534,12
1564.624,9
1564.713,10
1564.803,11
1564.893,11
1564.982,10
1565.072,5
1565.162,4
1565.251,3
1565.341,4
1565.43,5
1565.52,5
1565.61,4
1565.699,4
1565.789,4
1565.879,6
1565.968,11
1566.058,13
1566.148,13
1566.237,10
1566.327,7
1566.417,4
1566.506,4
1566.596,5
1566.686,3
1566.775,4
1566.865,3
1566.955,2
1567.044,5
1567.134,6
1567.224,7
1567.313,6
1567.403,4
1567.493,3
1567.583,2
1567.672,2
1567.762,6
1567.852,6
1567.941,6
1568.031,8
1568.121,5
1568.21,4
1568.3,7
1568.39,6
1568.48,4
1568.569,5
1568.659,2
1568.749,4
1568.839,6
1568.928,6
1569.018,8
1569.108,7
1569.198,9
1569.287,11
1569.377,10
1569.467,10
1569.557,8
1569.646,6
1569.736,8
1569.826,8
1569.916,7
1570.005,7
1570.095,6
1570.185,4
1570.275,3
1570.364,5
1570.454,4
1570.544,6
1570.634,8
1570.724,7
1570.813,7
1570.903,8
1570.993,9
1571.083,7
1571.173,7
1571.262,5
1571.352,3
1571.442,3
1571.532,3
1571.622,5
1571.711,4
1571.801,4
1571.891,7
1571.981,5
1572.071,5
1572.161,5
1572.25,2
1572.34,2
1572.43,5
1572.52,6
1572.61,9
1572.7,10
1572.789,12
1572.879,13
1572.969,11
1573.059,13
1573.149,9
1573.239,10
1573.329,9
1573.418,8
1573.508,6
1573.598,5
1573.688,6
1573.778,7
1573.868,6
1573.958,7
1574.048,9
1574.138,6
1574.227,6
1574.317,5
1574.407,5
1574.497,6
1574.587,6
1574.677,5
1574.767,4
1574.857,6
1574.947,7
1575.037,8
1575.126,11
1575.216,8
1575.306,7
1575.396,8
1575.486,5
1575.576,7
1575.666,6
1575.756,4
1575.846,4
1575.936,6
1576.026,9
1576.116,10
1576.206,11
1576.296,8
1576.386,7
1576.476,7
1576.566,6
1576.656,6
1576.745,10
1576.835,10
1576.925,8
1577.015,9
1577.105,4
1577.195,4
1577.285,6
1577.375,7
1577.465,6
1577.555,6
1577.645,8
1577.735,7
1577.825,10
1577.915,12
1578.005,9
1578.095,10
1578.185,10
1578.275,8
1578.365,10
1578.455,9
1578.545,9
1578.635,8
1578.725,5
1578.815,4
1578.905,3
1578.995,4
1579.085,6
1579.176,5
1579.266,6
1579.356,9
1579.446,9
1579.536,9
1579.626,9
1579.716,6
1579.806,7
1579.896,9
1579.986,7
1580.076,6
1580.166,6
1580.256,6
1580.346,6
1580.436,7
1580.526,5
1580.616,4
1580.707,4
1580.797,6
1580.887,6
1580.977,8
1581.067,8
1581.157,7
1581.247,8
1581.337,5
1581.427,5
1581.517,4
1581.607,4
1581.698,8
1581.788,11
1581.878,10
1581.968,10
1582.058,8
1582.148,6
1582.238,7
1582.328,6
1582.419,7
1582.509,8
1582.599,10
1582.689,10
1582.779,7
1582.869,4
1582.959,4
1583.05,6
1583.14,7
1583.23,7
1583.32,5
1583.41,3
1583.5,5
1583.59,7
1583.681,8
1583.771,8
1583.861,7
1583.951,6
1584.041,5
1584.132,6
1584.222,5
1584.312,7
1584.402,9
1584.492,8
1584.582,8
1584.673,6
1584.763,7
1584.853,7
1584.943,10
1585.033,13
1585.124,9
1585.214,13
1585.304,13
1585.394,11
1585.485,12
1585.575,9
1585.665,6
1585.755,6
1585.845,8
1585.936,9
1586.026,9
1586.116,8
1586.206,6
1586.297,3
1586.387,4
1586.477,5
1586.567,7
1586.658,7
1586.748,8
1586.838,10
1586.928,7
1587.019,7
1587.109,5
1587.199,5
1587.289,6
1587.38,9
1587.47,10
1587.56,8
1587.651,8
1587.741,7
1587.831,7
1587.921,6
1588.012,7
1588.102,6
1588.192,5
1588.283,5
1588.373,5
1588.463,5
1588.554,4
1588.644,7
1588.734,6
1588.824,6
1588.915,8
1589.005,8
1589.095,10
1589.186,10
1589.276,10
1589.366,9
1589.457,8
1589.547,9
1589.637,9
1589.728,7
1589.818,9
1589.908,10
1589.999,9
1590.089,10
1590.18,7
1590.27,4
1590.36,3
1590.451,3
1590.541,5
1590.631,8
1590.722,10
1590.812,10
1590.902,8
1590.993,8
1591.083,7
1591.174,7
1591.264,8
1591.354,6
1591.445,5
1591.535,8
1591.626,12
1591.716,12
1591.806,12
1591.897,9
1591.987,5
1592.078,5
1592.168,5
1592.258,5
1592.349,4
1592.439,3
1592.53,4
1592.62,3
1592.711,3
1592.801,5
1592.891,5
1592.982,8
1593.072,11
1593.163,12
1593.253,14
1593.344,13
1593.434,12
1593.525,11
1593.615,9
1593.705,8
1593.796,6
1593.886,6
1593.977,9
1594.067,8
1594.158,9
1594.248,7
1594.339,3
1594.429,3
1594.52,1
1594.61,2
1594.701,4
1594.791,3
1594.882,7
1594.972,8
1595.063,7
1595.153,13
1595.244,15
1595.334,14
1595.425,13
1595.515,8
1595.606,2
1595.696,1
1595.787,5
1595.877,5
1595.968,8
1596.058,9
1596.149,5
1596.239,6
1596.33,5
1596.42,6
1596.511,10
1596.601,10
1596.692,9
1596.783,9
1596.873,7
1596.964,11
1597.054,17
1597.145,18
1597.235,16
1597.326,12
1597.416,6
1597.507,4
1597.598,7
1597.688,6
1597.779,7
1597.869,7
1597.96,6
1598.05,5
1598.141,5
1598.232,8
1598.322,8
1598.413,9
1598.503,12
1598.594,9
1598.685,9
1598.775,12
1598.866,10
1598.956,11
1599.047,10
1599.138,7
1599.228,7
1599.319,5
1599.41,4
1599.5,4
1599.591,3
1599.681,4
1599.772,4
1599.863,3
1599.953,2
