mz,abundance
700.03,15
700.09,13
700.149,11
700.209,12
700.268,7
700.328,7
700.387,7
700.447,6
700.506,5
700.566,2
700.625,2
700.685,0
700.744,3
700.804,3
700.864,3
700.923,4
700.983,2
701.042,3
701.102,3
701.161,3
701.221,3
701.28,2
701.34,2
701.399,1
701.459,0
701.519,0
701.578,0
701.638,2
701.697,2
701.757,2
701.816,2
701.876,0
701.936,0
701.995,1
702.055,1
702.114,1
702.174,3
702.234,2
702.293,2
702.353,2
702.412,0
702.472,0
702.532,0
702.591,0
702.651,0
702.711,0
702.77,0
702.83,0
702.889,0
702.949,0
703.009,0
703.068,0
703.128,0
703.188,1
703.247,1
703.307,2
703.366,2
703.426,2
703.486,2
703.545,2
703.605,2
703.665,1
703.724,2
703.784,1
703.844,1
703.903,1
703.963,0
704.023,0
704.082,0
704.142,0
704.202,0
704.262,1
704.321,1
704.381,4
704.441,7
704.5,6
704.56,7
704.62,4
704.679,3
704.739,3
704.799,2
704.859,2
704.918,0
704.978,0
705.038,0
705.097,0
705.157,0
705.217,0
705.277,0
705.336,0
705.396,0
705.456,0
705.516,0
705.575,0
705.635,0
705.695,1
705.754,1
705.814,3
705.874,3
705.934,2
705.994,2
706.053,1
706.113,1
706.173,1
706.233,1
706.292,0
706.352,0
706.412,0
706.472,0
706.531,0
706.591,0
706.651,0
706.711,0
706.771,2
706.83,2
706.89,2
706.95,3
707.01,1
707.07,2
707.129,2
707.189,1
707.249,1
707.309,0
707.369,0
707.429,1
707.488,1
707.548,1
707.608,1
707.668,2
707.728,3
707.788,4
707.847,5
707.907,4
707.967,6
708.027,6
708.087,3
708.147,4
708.206,9
708.266,9
708.326,8
708.386,7
708.446,2
708.506,2
708.566,2
708.626,2
708.685,0
708.745,0
708.805,0
708.865,1
708.925,1
708.985,1
709.045,1
709.105,0
709.164,1
709.224,1
709.284,2
709.344,2
709.404,2
709.464,2
709.524,1
709.584,1
709.644,0
709.704,0
709.764,0
709.824,0
709.883,4
709.943,5
710.003,6
710.063,6
710.123,2
710.183,1
710.243,0
710.303,2
710.363,3
710.423,3
710.483,3
710.543,1
710.603,0
710.663,0
710.723,0
710.783,0
710.843,0
710.903,0
710.963,0
711.023,0
711.083,0
711.142,0
711.202,0
711.262,0
711.322,0
711.382,1
711.442,1
711.502,1
711.562,1
711.622,0
711.682,1
711.742,1
711.802,1
711.862,1
711.922,2
711.982,2
712.043,2
712.103,2
712.163,0
712.223,0
712.283,0
712.343,0
712.403,1
712.463,1
712.523,1
712.583,1
712.643,0
712.703,0
712.763,1
712.823,1
712.883,1
712.943,1
713.003,3
713.063,3
713.123,3
713.183,3
713.243,1
713.304,1
713.364,1
713.424,1
713.484,0
713.544,0
713.604,1
713.664,1
713.724,1
713.784,2
713.844,1
713.904,2
713.964,3
714.025,2
714.085,2
714.145,2
714.205,2
714.265,3
714.325,5
714.385,4
714.445,3
714.506,2
714.566,0
714.626,0
714.686,0
714.746,1
714.806,1
714.866,1
714.926,1
714.987,0
715.047,0
715.107,0
715.167,1
715.227,1
715.287,1
715.348,1
715.408,3
715.468,3
715.528,4
715.588,4
715.648,1
715.709,1
715.769,0
715.829,0
715.889,0
715.949,0
716.009,0
716.07,1
716.13,1
716.19,1
716.25,1
716.31,0
716.371,0
716.431,2
716.491,2
716.551,2
716.611,3
716.672,2
716.732,2
716.792,2
716.852,1
716.913,0
716.973,0
717.033,0
717.093,0
717.154,0
717.214,0
717.274,0
717.334,0
717.394,0
717.455,0
717.515,0
717.575,0
717.636,0
717.696,0
717.756,0
717.816,0
717.877,0
717.937,3
717.997,3
718.057,4
718.118,4
718.178,2
718.238,2
718.299,1
718.359,1
718.419,0
718.479,0
718.54,0
718.6,0
718.66,0
718.721,0
718.781,1
718.841,1
718.902,4
718.962,4
719.022,3
719.082,3
719.143,0
719.203,0
719.263,0
719.324,0
719.384,0
719.444,1
719.505,1
719.565,1
719.625,2
719.686,5
719.746,5
719.807,5
719.867,5
719.927,2
719.988,4
720.048,4
720.108,3
720.169,2
720.229,0
720.289,0
720.35,0
720.41,0
720.471,0
720.531,0
720.591,0
720.652,0
720.712,0
720.772,0
720.833,0
720.893,1
720.954,1
721.014,1
721.074,2
721.135,4
721.195,4
721.256,4
721.316,3
721.377,0
721.437,0
721.497,0
721.558,0
721.618,0
721.679,0
721.739,0
721.799,0
721.86,0
721.92,0
721.981,0
722.041,0
722.102,0
722.162,0
722.223,0
722.283,1
722.344,1
722.404,2
722.464,2
722.525,1
722.585,1
722.646,0
722.706,0
722.767,0
722.827,1
722.888,2
722.948,3
723.009,4
723.069,4
723.13,6
723.19,5
723.251,4
723.311,3
723.372,1
723.432,1
723.493,1
723.553,4
723.614,3
723.674,3
723.735,3
723.795,1
723.856,1
723.916,1
723.977,1
724.037,0
724.098,0
724.158,0
724.219,1
724.28,1
724.34,2
724.401,2
724.461,1
724.522,1
724.582,1
724.643,1
724.703,1
724.764,2
724.825,1
724.885,1
724.946,1
725.006,0
725.067,0
725.127,0
725.188,0
725.249,0
725.309,0
725.37,0
725.43,0
725.491,0
725.551,0
725.612,0
725.673,0
725.733,0
725.794,3
725.854,3
725.915,3
725.976,3
726.036,1
726.097,1
726.158,1
726.218,1
726.279,0
726.339,0
726.4,0
726.461,0
726.521,1
726.582,4
726.643,5
726.703,6
726.764,6
726.825,6
726.885,6
726.946,4
727.006,4
727.067,2
727.128,3
727.188,2
727.249,2
727.31,2
727.37,2
727.431,1
727.492,2
727.553,3
727.613,7
727.674,8
727.735,6
727.795,4
727.856,2
727.917,1
727.977,1
728.038,1
728.099,1
728.159,0
728.22,0
728.281,0
728.342,2
728.402,2
728.463,2
728.524,2
728.584,3
728.645,3
728.706,3
728.767,3
728.827,0
728.888,0
728.949,0
729.01,0
729.07,0
729.131,1
729.192,1
729.253,1
729.313,1
729.374,0
729.435,2
729.496,2
729.556,3
729.617,7
729.678,6
729.739,7
729.799,6
729.86,2
729.921,1
729.982,0
730.043,0
730.103,0
730.164,0
730.225,0
730.286,3
730.347,3
730.407,3
730.468,3
730.529,3
730.59,3
730.651,3
730.711,3
730.772,8
730.833,7
730.894,6
730.955,5
731.015,2
731.076,3
731.137,3
731.198,3
731.259,1
731.32,0
731.38,0
731.441,2
731.502,2
731.563,3
731.624,3
731.685,1
731.746,1
731.806,0
731.867,1
731.928,3
731.989,4
732.05,4
732.111,3
732.172,1
732.232,1
732.293,1
732.354,1
732.415,1
732.476,0
732.537,0
732.598,0
732.659,0
732.72,0
732.78,0
732.841,0
732.902,0
732.963,0
733.024,0
733.085,0
733.146,3
733.207,4
733.268,4
733.329,4
733.39,2
733.451,2
733.511,3
733.572,3
733.633,3
733.694,2
733.755,1
733.816,1
733.877,3
733.938,3
733.999,3
734.06,3
734.121,2
734.182,2
734.243,2
734.304,2
734.365,0
734.426,1
734.487,1
734.548,2
734.609,2
734.67,2
734.731,3
734.792,2
734.853,2
734.914,1
734.975,0
735.036,0
735.097,0
735.158,1
735.219,1
735.28,1
735.341,1
735.402,0
735.463,0
735.524,0
735.585,0
735.646,0
735.707,0
735.768,0
735.829,0
735.89,0
735.951,0
736.012,0
736.073,0
736.134,0
736.195,0
736.256,0
736.317,0
736.378,0
736.439,0
736.5,0
736.561,1
736.622,2
736.683,2
736.744,3
736.806,2
736.867,2
736.928,2
736.989,1
737.05,1
737.111,0
737.172,0
737.233,3
737.294,3
737.355,3
737.416,3
737.477,0
737.539,1
737.6,1
737.661,1
737.722,1
737.783,0
737.844,0
737.905,0
737.966,0
738.027,0
738.089,1
738.15,1
738.211,1
738.272,1
738.333,0
738.394,0
738.455,1
738.516,1
738.578,3
738.639,3
738.7,2
738.761,2
738.822,1
738.883,1
738.945,1
739.006,2
739.067,1
739.128,1
739.189,1
739.25,0
739.312,0
739.373,0
739.434,0
739.495,0
739.556,0
739.617,0
739.679,0
739.74,0
739.801,0
739.862,0
739.923,0
739.985,0
740.046,0
740.107,0
740.168,0
740.229,0
740.291,0
740.352,0
740.413,0
740.474,0
740.536,0
740.597,1
740.658,1
740.719,1
740.78,1
740.842,0
740.903,0
740.964,0
741.025,0
741.087,0
741.148,0
741.209,0
741.27,0
741.332,0
741.393,0
741.454,0
741.516,0
741.577,1
741.638,2
741.699,2
741.761,2
741.822,1
741.883,0
741.944,0
742.006,4
742.067,4
742.128,4
742.19,4
742.251,2
742.312,2
742.374,2
742.435,2
742.496,0
742.557,0
742.619,0
742.68,0
742.741,0
742.803,1
742.864,1
742.925,1
742.987,1
743.048,0
743.109,0
743.171,0
743.232,0
743.293,0
743.355,0
743.416,0
743.477,0
743.539,0
743.6,0
743.661,0
743.723,0
743.784,0
743.846,0
743.907,1
743.968,1
744.03,2
744.091,2
744.152,1
744.214,1
744.275,0
744.337,3
744.398,3
744.459,3
744.521,4
744.582,2
744.644,2
744.705,2
744.766,1
744.828,0
744.889,0
744.951,0
745.012,0
745.073,1
745.135,1
745.196,1
745.258,4
745.319,5
745.38,5
745.442,5
745.503,4
745.565,2
745.626,2
745.688,2
745.749,0
745.811,0
745.872,0
745.933,0
745.995,0
746.056,0
746.118,0
746.179,0
746.241,0
746.302,0
746.364,0
746.425,0
746.487,0
746.548,1
746.61,1
746.671,1
746.733,2
746.794,1
746.856,2
746.917,2
746.979,5
747.04,7
747.102,8
747.163,10
747.225,7
747.286,6
747.348,5
747.409,5
747.471,6
747.532,6
747.594,6
747.655,1
747.717,0
747.778,0
747.84,1
747.901,1
747.963,1
748.024,1
748.086,1
748.147,1
748.209,1
748.27,1
748.332,0
748.394,2
748.455,2
748.517,2
748.578,2
748.64,2
748.701,2
748.763,2
748.825,2
748.886,0
748.948,1
749.009,1
749.071,1
749.132,1
749.194,1
749.256,1
749.317,3
749.379,3
749.44,3
749.502,3
749.564,1
749.625,1
749.687,0
749.748,0
749.81,0
749.872,0
749.933,0
749.995,1
750.057,1
750.118,1
750.18,1
750.241,0
750.303,0
750.365,0
750.426,0
750.488,0
750.55,1
750.611,1
750.673,1
750.735,1
750.796,0
750.858,0
750.92,0
750.981,0
751.043,0
751.105,0
751.166,1
751.228,1
751.29,1
751.351,1
751.413,1
751.475,1
751.536,1
751.598,1
751.66,0
751.721,0
751.783,1
751.845,1
751.906,1
751.968,1
752.03,0
752.092,4
752.153,4
752.215,4
752.277,4
752.338,1
752.4,2
752.462,3
752.524,4
752.585,4
752.647,4
752.709,4
752.77,4
752.832,5
752.894,2
752.956,3
753.017,5
753.079,4
753.141,3
753.203,2
753.264,0
753.326,3
753.388,3
753.45,3
753.512,3
753.573,1
753.635,2
753.697,2
753.759,2
753.82,1
753.882,0
753.944,0
754.006,2
754.068,2
754.129,2
754.191,2
754.253,1
754.315,2
754.377,3
754.438,3
754.5,5
754.562,4
754.624,3
754.686,3
754.747,0
754.809,1
754.871,1
754.933,4
754.995,4
755.057,3
755.118,3
755.18,0
755.242,1
755.304,1
755.366,1
755.428,1
755.489,2
755.551,2
755.613,2
755.675,2
755.737,0
755.799,1
755.861,1
755.922,1
755.984,1
756.046,0
756.108,1
756.17,2
756.232,4
756.294,6
756.356,6
756.417,5
756.479,3
756.541,3
756.603,2
756.665,4
756.727,4
756.789,2
756.851,2
756.913,0
756.975,0
757.037,0
757.098,0
757.16,0
757.222,0
757.284,0
757.346,0
757.408,0
757.47,0
757.532,0
757.594,0
757.656,0
757.718,0
757.78,0
757.842,0
757.904,1
757.966,1
758.027,1
758.089,1
758.151,0
758.213,0
758.275,0
758.337,0
758.399,0
758.461,0
758.523,1
758.585,1
758.647,1
758.709,1
758.771,0
758.833,0
758.895,0
758.957,0
759.019,1
759.081,1
759.143,1
759.205,1
759.267,0
759.329,1
759.391,1
759.453,1
759.515,1
759.577,0
759.639,0
759.701,0
759.763,0
759.825,0
759.887,0
759.949,0
760.011,0
760.073,0
760.135,0
760.197,0
760.26,0
760.322,0
760.384,0
760.446,0
760.508,0
760.57,0
760.632,0
760.694,0
760.756,0
760.818,0
760.88,0
760.942,0
761.004,0
761.066,0
761.128,0
761.191,0
761.253,1
761.315,1
761.377,1
761.439,1
761.501,0
761.563,0
761.625,0
761.687,1
761.749,2
761.812,4
761.874,4
761.936,3
761.998,2
762.06,0
762.122,0
762.184,0
762.246,0
762.309,0
762.371,0
762.433,1
762.495,1
762.557,1
762.619,1
762.681,0
762.744,3
762.806,5
762.868,7
762.93,9
762.992,8
763.054,7
763.116,6
763.179,5
763.241,2
763.303,2
763.365,2
763.427,2
763.49,1
763.552,1
763.614,1
763.676,1
763.738,0
763.8,1
763.863,1
763.925,1
763.987,1
764.049,0
764.111,0
764.174,0
764.236,0
764.298,1
764.36,1
764.423,1
764.485,2
764.547,2
764.609,3
764.671,4
764.734,6
764.796,5
764.858,4
764.92,4
764.983,1
765.045,1
765.107,1
765.169,0
765.232,0
765.294,0
765.356,0
765.418,0
765.481,0
765.543,0
765.605,0
765.667,0
765.73,0
765.792,0
765.854,0
765.917,0
765.979,0
766.041,0
766.103,0
766.166,1
766.228,1
766.29,1
766.353,1
766.415,0
766.477,0
766.54,0
766.602,0
766.664,0
766.726,0
766.789,0
766.851,1
766.913,1
766.976,2
767.038,2
767.1,1
767.163,1
767.225,0
767.287,0
767.35,0
767.412,2
767.474,3
767.537,5
767.599,5
767.661,4
767.724,3
767.786,1
767.849,1
767.911,0
767.973,1
768.036,1
768.098,1
768.16,1
768.223,1
768.285,1
768.348,1
768.41,1
768.472,0
768.535,0
768.597,0
768.659,0
768.722,0
768.784,1
768.847,2
768.909,3
768.971,5
769.034,5
769.096,5
769.159,5
769.221,4
769.284,4
769.346,6
769.408,6
769.471,2
769.533,3
769.596,1
769.658,1
769.721,1
769.783,0
769.845,0
769.908,0
769.97,0
770.033,1
770.095,1
770.158,2
770.22,2
770.283,1
770.345,1
770.408,0
770.47,0
770.532,0
770.595,0
770.657,0
770.72,0
770.782,0
770.845,0
770.907,0
770.97,0
771.032,0
771.095,0
771.157,0
771.22,0
771.282,0
771.345,0
771.407,1
771.47,1
771.532,1
771.595,1
771.657,0
771.72,0
771.782,0
771.845,0
771.908,0
771.97,0
772.033,0
772.095,0
772.158,0
772.22,0
772.283,0
772.345,0
772.408,0
772.47,0
772.533,0
772.595,0
772.658,1
772.721,1
772.783,1
772.846,1
772.908,0
772.971,0
773.033,0
773.096,0
773.159,0
773.221,0
773.284,0
773.346,0
773.409,0
773.472,0
773.534,1
773.597,1
773.659,1
773.722,3
773.785,2
773.847,2
773.91,2
773.972,1
774.035,1
774.098,1
774.16,1
774.223,0
774.285,0
774.348,0
774.411,0
774.473,0
774.536,0
774.599,0
774.661,0
774.724,0
774.787,1
774.849,1
774.912,1
774.975,2
775.037,1
775.1,1
775.162,1
775.225,0
775.288,0
775.35,0
775.413,0
775.476,0
775.538,0
775.601,0
775.664,0
775.727,0
775.789,0
775.852,0
775.915,0
775.977,0
776.04,1
776.103,1
776.165,1
776.228,1
776.291,0
776.354,0
776.416,0
776.479,0
776.542,0
776.604,0
776.667,0
776.73,2
776.793,2
776.855,2
776.918,2
776.981,1
777.044,1
777.106,1
777.169,1
777.232,1
777.294,1
777.357,1
777.42,1
777.483,0
777.546,1
777.608,1
777.671,1
777.734,1
777.797,0
777.859,0
777.922,0
777.985,0
778.048,0
778.11,0
778.173,0
778.236,0
778.299,0
778.362,1
778.424,1
778.487,1
778.55,1
778.613,3
778.676,3
778.738,3
778.801,3
778.864,0
778.927,0
778.99,0
779.052,0
779.115,1
779.178,1
779.241,1
779.304,1
779.367,0
779.429,0
779.492,0
779.555,0
779.618,0
779.681,1
779.744,1
779.807,1
779.869,2
779.932,1
779.995,1
780.058,1
780.121,0
780.184,0
780.247,0
780.309,0
780.372,0
780.435,0
780.498,0
780.561,0
780.624,0
780.687,3
780.75,4
780.813,4
780.875,7
780.938,6
781.001,5
781.064,5
781.127,3
781.19,2
781.253,2
781.316,2
781.379,1
781.442,0
781.504,0
781.567,0
781.63,0
781.693,0
781.756,0
781.819,0
781.882,0
781.945,0
782.008,0
782.071,0
782.134,0
782.197,0
782.26,0
782.323,0
782.386,1
782.449,1
782.512,1
782.575,2
782.638,1
782.7,1
782.763,1
782.826,0
782.889,1
782.952,1
783.015,1
783.078,1
783.141,0
783.204,1
783.267,2
783.33,3
783.393,5
783.456,4
783.519,3
783.582,2
783.645,1
783.708,1
783.771,1
783.834,1
783.897,0
783.96,0
784.023,0
784.086,0
784.149,0
784.213,0
784.276,1
784.339,1
784.402,1
784.465,2
784.528,1
784.591,1
784.654,2
784.717,1
784.78,1
784.843,1
784.906,0
784.969,0
785.032,2
785.095,2
785.158,3
785.221,5
785.284,3
785.348,3
785.411,2
785.474,2
785.537,3
785.6,4
785.663,4
785.726,4
785.789,4
785.852,3
785.915,3
785.978,1
786.042,0
786.105,1
786.168,2
786.231,3
786.294,5
786.357,4
786.42,3
786.483,2
786.546,2
786.61,2
786.673,2
786.736,2
786.799,0
786.862,0
786.925,0
786.988,0
787.052,0
787.115,0
787.178,0
787.241,0
787.304,0
787.367,0
787.431,1
787.494,2
787.557,3
787.62,5
787.683,5
787.746,5
787.81,6
787.873,3
787.936,3
787.999,3
788.062,2
788.125,0
788.189,0
788.252,0
788.315,0
788.378,0
788.441,0
788.505,1
788.568,1
788.631,1
788.694,1
788.758,0
788.821,2
788.884,2
788.947,2
789.01,2
789.074,0
789.137,1
789.2,1
789.263,1
789.327,1
789.39,1
789.453,1
789.516,1
789.58,1
789.643,0
789.706,0
789.769,0
789.833,0
789.896,0
789.959,0
790.022,0
790.086,0
790.149,0
790.212,0
790.275,0
790.339,1
790.402,1
790.465,1
790.529,1
790.592,0
790.655,0
790.718,0
790.782,0
790.845,0
790.908,0
790.972,0
791.035,0
791.098,0
791.162,0
791.225,0
791.288,0
791.352,0
791.415,0
791.478,1
791.542,1
791.605,3
791.668,3
791.732,2
791.795,5
791.858,6
791.922,6
791.985,6
792.048,4
792.112,2
792.175,2
792.238,2
792.302,1
792.365,0
792.428,0
792.492,0
792.555,0
792.619,0
792.682,0
792.745,0
792.809,0
792.872,1
792.935,1
792.999,1
793.062,1
793.126,0
793.189,0
793.252,2
793.316,2
793.379,2
793.443,2
793.506,1
793.569,1
793.633,2
793.696,2
793.76,1
793.823,1
793.887,1
793.95,2
794.013,2
794.077,2
794.14,1
794.204,0
794.267,0
794.331,0
794.394,0
794.458,1
794.521,4
794.584,5
794.648,6
794.711,6
794.775,4
794.838,4
794.902,2
794.965,2
795.029,2
795.092,2
795.156,0
795.219,0
795.283,0
795.346,0
795.41,0
795.473,0
795.537,1
795.6,1
795.664,2
795.727,2
795.791,1
795.854,1
795.918,0
795.981,0
796.045,0
796.108,0
796.172,0
796.235,0
796.299,0
796.362,0
796.426,0
796.489,0
796.553,0
796.616,0
796.68,0
796.743,0
796.807,0
796.87,0
796.934,0
796.998,0
797.061,1
797.125,1
797.188,1
797.252,1
797.315,0
797.379,0
797.442,2
797.506,3
797.57,4
797.633,4
797.697,2
797.76,1
797.824,0
797.888,0
797.951,1
798.015,1
798.078,1
798.142,1
798.205,0
798.269,0
798.333,0
798.396,0
798.46,0
798.524,0
798.587,0
798.651,0
798.714,0
798.778,0
798.842,0
798.905,0
798.969,0
799.033,0
799.096,1
799.16,1
799.223,1
799.287,1
799.351,0
799.414,0
799.478,0
799.542,0
799.605,0
799.669,0
799.733,1
799.796,1
799.86,1
799.924,1
799.987,0
800.051,0
800.115,0
800.178,0
800.242,1
800.306,1
800.369,1
800.433,1
800.497,0
800.56,0
800.624,0
800.688,0
800.752,0
800.815,0
800.879,0
800.943,0
801.006,2
801.07,2
801.134,2
801.198,2
801.261,1
801.325,1
801.389,1
801.452,1
801.516,0
801.58,0
801.644,0
801.707,0
801.771,0
801.835,0
801.899,0
801.962,0
802.026,0
802.09,0
802.154,2
802.217,3
802.281,6
802.345,6
802.409,5
802.472,4
802.536,3
802.6,3
802.664,2
802.728,2
802.791,0
802.855,0
802.919,1
802.983,2
803.047,3
803.11,3
803.174,2
803.238,1
803.302,0
803.366,0
803.429,0
803.493,0
803.557,0
803.621,0
803.685,0
803.748,0
803.812,1
803.876,1
803.94,1
804.004,1
804.068,0
804.131,0
804.195,0
804.259,1
804.323,1
804.387,1
804.451,1
804.515,0
804.578,0
804.642,0
804.706,0
804.77,0
804.834,0
804.898,0
804.962,0
805.025,0
805.089,2
805.153,3
805.217,4
805.281,5
805.345,4
805.409,3
805.473,2
805.537,2
805.6,1
805.664,1
805.728,2
805.792,1
805.856,1
805.92,1
805.984,0
806.048,1
806.112,2
806.176,2
806.24,2
806.304,1
806.367,0
806.431,0
806.495,0
806.559,0
806.623,0
806.687,0
806.751,0
806.815,0
806.879,1
806.943,1
807.007,2
807.071,3
807.135,3
807.199,3
807.263,2
807.327,1
807.391,0
807.455,0
807.519,0
807.583,0
807.647,0
807.711,0
807.775,0
807.839,0
807.902,0
807.966,0
808.03,0
808.094,1
808.158,1
808.222,2
808.286,4
808.35,4
808.415,7
808.479,7
808.543,6
808.607,6
808.671,3
808.735,4
808.799,4
808.863,5
808.927,2
808.991,1
809.055,1
809.119,0
809.183,0
809.247,0
809.311,0
809.375,0
809.439,0
809.503,0
809.567,1
809.631,1
809.695,1
809.759,1
809.823,0
809.887,0
809.952,2
810.016,2
810.08,2
810.144,2
810.208,0
810.272,0
810.336,0
810.4,0
810.464,0
810.528,0
810.592,0
810.657,0
810.721,0
810.785,0
810.849,0
810.913,0
810.977,0
811.041,0
811.105,0
811.169,0
811.234,0
811.298,0
811.362,0
811.426,0
811.49,0
811.554,0
811.618,0
811.682,1
811.747,1
811.811,1
811.875,1
811.939,0
812.003,0
812.067,0
812.132,1
812.196,1
812.26,1
812.324,1
812.388,0
812.452,0
812.517,0
812.581,0
812.645,0
812.709,0
812.773,0
812.837,0
812.902,0
812.966,2
813.03,2
813.094,3
813.158,3
813.223,1
813.287,1
813.351,0
813.415,1
813.479,1
813.544,1
813.608,1
813.672,0
813.736,0
813.801,0
813.865,0
813.929,0
813.993,1
814.058,2
814.122,2
814.186,2
814.25,1
814.315,0
814.379,0
814.443,0
814.507,0
814.572,0
814.636,0
814.7,0
814.764,0
814.829,0
814.893,0
814.957,0
815.021,0
815.086,0
815.15,0
815.214,0
815.279,0
815.343,0
815.407,0
815.471,0
815.536,0
815.6,0
815.664,0
815.729,0
815.793,0
815.857,0
815.922,0
815.986,1
816.05,1
816.114,1
816.179,1
816.243,0
816.307,0
816.372,0
816.436,0
816.5,0
816.565,0
816.629,0
816.693,0
816.758,0
816.822,0
816.887,0
816.951,0
817.015,1
817.08,1
817.144,2
817.208,2
817.273,2
817.337,2
817.401,1
817.466,1
817.53,3
817.595,3
817.659,3
817.723,3
817.788,0
817.852,1
817.916,1
817.981,1
818.045,1
818.11,0
818.174,0
818.238,0
818.303,0
818.367,0
818.432,0
818.496,0
818.561,0
818.625,0
818.689,0
818.754,0
818.818,0
818.883,0
818.947,0
819.012,0
819.076,0
819.14,0
819.205,0
819.269,0
819.334,1
819.398,1
819.463,2
819.527,2
819.592,1
819.656,1
819.72,2
819.785,2
819.849,4
819.914,4
819.978,2
820.043,2
820.107,0
820.172,0
820.236,0
820.301,0
820.365,0
820.43,0
820.494,2
820.559,2
820.623,3
820.688,3
820.752,2
820.817,3
820.881,2
820.946,2
821.01,1
821.075,2
821.139,3
821.204,3
821.268,5
821.333,3
821.397,3
821.462,3
821.527,1
821.591,1
821.656,0
821.72,0
821.785,0
821.849,0
821.914,0
821.978,0
822.043,0
822.107,1
822.172,1
822.237,1
822.301,1
822.366,0
822.43,0
822.495,0
822.559,1
822.624,1
822.689,1
822.753,1
822.818,0
822.882,0
822.947,0
823.012,0
823.076,0
823.141,0
823.205,0
823.27,1
823.335,1
823.399,1
823.464,1
823.528,0
823.593,0
823.658,0
823.722,1
823.787,1
823.852,1
823.916,1
823.981,0
824.045,0
824.11,0
824.175,0
824.239,0
824.304,0
824.369,0
824.433,0
824.498,0
824.563,0
824.627,0
824.692,0
824.757,0
824.821,0
824.886,1
824.951,1
825.015,1
825.08,1
825.145,1
825.209,1
825.274,1
825.339,1
825.403,0
825.468,0
825.533,1
825.597,2
825.662,3
825.727,4
825.792,5
825.856,5
825.921,6
825.986,3
826.05,3
826.115,3
826.18,2
826.245,1
826.309,0
826.374,0
826.439,1
826.503,1
826.568,1
826.633,2
826.698,3
826.762,4
826.827,4
826.892,3
826.957,1
827.021,0
827.086,1
827.151,1
827.216,1
827.281,1
827.345,0
827.41,1
827.475,2
827.54,2
827.604,2
827.669,1
827.734,0
827.799,0
827.864,0
827.928,0
827.993,0
828.058,0
828.123,0
828.187,0
828.252,0
828.317,1
828.382,1
828.447,1
828.512,1
828.576,0
828.641,0
828.706,0
828.771,0
828.836,0
828.9,2
828.965,2
829.03,2
829.095,2
829.16,0
829.225,0
829.289,0
829.354,0
829.419,0
829.484,0
829.549,0
829.614,0
829.679,0
829.743,0
829.808,1
829.873,1
829.938,1
830.003,1
830.068,0
830.133,0
830.198,0
830.262,0
830.327,0
830.392,0
830.457,0
830.522,0
830.587,0
830.652,0
830.717,0
830.782,0
830.847,0
830.911,0
830.976,0
831.041,0
831.106,0
831.171,1
831.236,1
831.301,2
831.366,2
831.431,1
831.496,1
831.561,0
831.626,0
831.691,0
831.755,0
831.82,0
831.885,0
831.95,0
832.015,0
832.08,0
832.145,0
832.21,0
832.275,0
832.34,0
832.405,0
832.47,0
832.535,0
832.6,1
832.665,1
832.73,1
832.795,1
832.86,0
832.925,1
832.99,1
833.055,1
833.12,1
833.185,0
833.25,0
833.315,0
833.38,0
833.445,1
833.51,1
833.575,1
833.64,1
833.705,0
833.77,0
833.835,0
833.9,0
833.965,0
834.03,1
834.095,1
834.16,2
834.225,2
834.29,3
834.355,3
834.42,3
834.485,3
834.55,1
834.615,1
834.681,0
834.746,1
834.811,1
834.876,1
834.941,2
835.006,1
835.071,1
835.136,1
835.201,0
835.266,0
835.331,0
835.396,0
835.461,0
835.527,0
835.592,0
835.657,0
835.722,0
835.787,0
835.852,0
835.917,0
835.982,0
836.047,0
836.112,0
836.178,0
836.243,0
836.308,0
836.373,0
836.438,0
836.503,0
836.568,0
836.633,0
836.699,0
836.764,0
836.829,0
836.894,0
836.959,0
837.024,1
837.09,3
837.155,3
837.22,3
837.285,2
837.35,1
837.415,1
837.48,1
837.546,1
837.611,0
837.676,0
837.741,0
837.806,0
837.872,0
837.937,0
838.002,0
838.067,1
838.132,1
838.198,2
838.263,2
838.328,1
838.393,1
838.458,0
838.524,0
838.589,0
838.654,1
838.719,1
838.784,2
838.85,2
838.915,1
838.98,1
839.045,0
839.111,0
839.176,0
839.241,0
839.306,0
839.372,0
839.437,0
839.502,0
839.567,0
839.633,0
839.698,0
839.763,0
839.828,0
839.894,0
839.959,0
840.024,0
840.089,0
840.155,2
840.22,5
840.285,5
840.35,8
840.416,7
840.481,5
840.546,5
840.612,3
840.677,2
840.742,1
840.808,2
840.873,1
840.938,1
841.003,2
841.069,3
841.134,3
841.199,3
841.265,2
841.33,0
841.395,0
841.461,1
841.526,2
841.591,3
841.657,4
841.722,4
841.787,6
841.853,9
841.918,6
841.983,6
842.049,8
842.114,8
842.179,5
842.245,3
842.31,1
842.375,0
842.441,0
842.506,1
842.572,1
842.637,2
842.702,2
842.768,1
842.833,1
842.898,0
842.964,1
843.029,1
843.095,1
843.16,1
843.225,0
843.291,0
843.356,0
843.422,0
843.487,0
843.552,0
843.618,0
843.683,0
843.749,0
843.814,0
843.88,0
843.945,3
844.01,6
844.076,6
844.141,6
844.207,3
844.272,0
844.338,1
844.403,1
844.468,1
844.534,2
844.599,1
844.665,1
844.73,1
844.796,0
844.861,0
844.927,0
844.992,0
845.058,0
845.123,0
845.188,0
845.254,0
845.319,1
845.385,1
845.45,1
845.516,1
845.581,0
845.647,0
845.712,0
845.778,0
845.843,0
845.909,0
845.974,0
846.04,0
846.105,0
846.171,0
846.236,0
846.302,0
846.367,0
846.433,0
846.498,0
846.564,0
846.63,1
846.695,1
846.761,1
846.826,1
846.892,0
846.957,0
847.023,0
847.088,0
847.154,4
847.219,4
847.285,4
847.351,4
847.416,0
847.482,0
847.547,0
847.613,0
847.678,0
847.744,1
847.81,1
847.875,1
847.941,1
848.006,0
848.072,0
848.137,0
848.203,3
848.269,3
848.334,3
848.4,3
848.465,0
848.531,0
848.597,0
848.662,0
848.728,0
848.793,1
848.859,1
848.925,1
848.99,1
849.056,1
849.122,1
849.187,1
849.253,1
849.318,0
849.384,0
849.45,0
849.515,0
849.581,3
849.647,3
849.712,3
849.778,3
849.844,0
849.909,0
849.975,0
850.041,0
850.106,0
850.172,0
850.238,0
850.303,0
850.369,0
850.435,0
850.5,0
850.566,0
850.632,0
850.697,0
850.763,0
850.829,0
850.894,0
850.96,1
851.026,1
851.092,1
851.157,1
851.223,1
851.289,1
851.354,1
851.42,1
851.486,0
851.552,0
851.617,0
851.683,0
851.749,1
851.814,1
851.88,1
851.946,1
852.012,0
852.077,0
852.143,1
852.209,2
852.275,2
852.34,2
852.406,2
852.472,1
852.538,1
852.603,1
852.669,0
852.735,0
852.801,0
852.867,0
852.932,0
852.998,0
853.064,1
853.13,1
853.195,1
853.261,1
853.327,0
853.393,0
853.459,0
853.524,0
853.59,0
853.656,1
853.722,3
853.788,4
853.853,6
853.919,6
853.985,6
854.051,5
854.117,3
854.183,3
854.248,3
854.314,3
854.38,3
854.446,2
854.512,0
854.578,1
854.643,2
854.709,2
854.775,2
854.841,1
854.907,0
854.973,0
855.039,0
855.104,0
855.17,0
855.236,0
855.302,0
855.368,0
855.434,1
855.5,2
855.566,2
855.631,2
855.697,1
855.763,0
855.829,0
855.895,0
855.961,1
856.027,1
856.093,1
856.159,4
856.224,4
856.29,4
856.356,5
856.422,2
856.488,1
856.554,1
856.62,0
856.686,0
856.752,3
856.818,5
856.884,5
856.95,5
857.016,2
857.081,1
857.147,1
857.213,1
857.279,4
857.345,4
857.411,4
857.477,4
857.543,1
857.609,3
857.675,3
857.741,3
857.807,3
857.873,0
857.939,1
858.005,1
858.071,2
858.137,2
858.203,2
858.269,2
858.335,1
858.401,1
858.467,0
858.533,0
858.599,1
858.665,1
858.731,1
858.797,1
858.863,0
858.929,0
858.995,0
859.061,0
859.127,1
859.193,1
859.259,4
859.325,4
859.391,3
859.457,4
859.523,3
859.589,3
859.655,3
859.721,2
859.787,1
859.853,1
859.919,1
859.985,2
860.051,1
860.117,1
860.183,2
860.25,1
860.316,1
860.382,1
860.448,1
860.514,1
860.58,1
860.646,1
860.712,2
860.778,2
860.844,3
860.91,3
860.976,2
861.042,2
861.109,2
861.175,2
861.241,1
861.307,1
861.373,0
861.439,0
861.505,0
861.571,0
861.637,0
861.704,0
861.77,1
861.836,1
861.902,1
861.968,1
862.034,0
862.1,0
862.166,1
862.233,1
862.299,2
862.365,2
862.431,1
862.497,2
862.563,1
862.629,1
862.696,1
862.762,0
862.828,0
862.894,0
862.96,1
863.026,1
863.093,1
863.159,1
863.225,0
863.291,0
863.357,1
863.424,2
863.49,3
863.556,3
863.622,2
863.688,1
863.755,1
863.821,2
863.887,2
863.953,2
864.019,1
864.086,0
864.152,2
864.218,2
864.284,3
864.35,3
864.417,1
864.483,1
864.549,0
864.615,0
864.682,0
864.748,0
864.814,1
864.88,1
864.947,2
865.013,2
865.079,1
865.145,2
865.212,1
865.278,1
865.344,1
865.41,0
865.477,0
865.543,0
865.609,1
865.675,1
865.742,1
865.808,1
865.874,0
865.941,0
866.007,0
866.073,0
866.139,0
866.206,0
866.272,0
866.338,0
866.405,0
866.471,0
866.537,0
866.604,0
866.67,1
866.736,1
866.802,1
866.869,1
866.935,1
867.001,1
867.068,2
867.134,2
867.2,2
867.267,3
867.333,2
867.399,2
867.466,2
867.532,1
867.598,1
867.665,1
867.731,0
867.798,0
867.864,2
867.93,3
867.997,3
868.063,3
868.129,1
868.196,0
868.262,1
868.328,2
868.395,2
868.461,2
868.528,1
868.594,0
868.66,0
868.727,0
868.793,0
868.86,0
868.926,0
868.992,0
869.059,0
869.125,0
869.192,1
869.258,1
869.324,2
869.391,2
869.457,1
869.524,1
869.59,0
869.657,0
869.723,0
869.789,0
869.856,0
869.922,0
869.989,0
870.055,0
870.122,0
870.188,0
870.255,0
870.321,0
870.387,0
870.454,0
870.52,0
870.587,0
870.653,0
870.72,0
870.786,0
870.853,0
870.919,0
870.986,0
871.052,0
871.119,0
871.185,1
871.252,1
871.318,1
871.385,1
871.451,3
871.518,3
871.584,3
871.651,3
871.717,0
871.784,0
871.85,1
871.917,1
871.983,2
872.05,2
872.116,1
872.183,1
872.249,0
872.316,0
872.382,0
872.449,2
872.515,2
872.582,2
872.648,4
872.715,5
872.782,5
872.848,5
872.915,3
872.981,0
873.048,0
873.114,0
873.181,2
873.247,2
873.314,2
873.381,2
873.447,0
873.514,0
873.58,0
873.647,0
873.714,0
873.78,0
873.847,1
873.913,1
873.98,2
874.046,2
874.113,1
874.18,1
874.246,2
874.313,2
874.38,3
874.446,3
874.513,2
874.579,2
874.646,2
874.713,2
874.779,2
874.846,2
874.913,2
874.979,2
875.046,1
875.112,1
875.179,0
875.246,0
875.312,1
875.379,1
875.446,1
875.512,1
875.579,0
875.646,0
875.712,0
875.779,0
875.846,0
875.912,0
875.979,0
876.046,0
876.112,0
876.179,0
876.246,0
876.312,0
876.379,0
876.446,0
876.512,1
876.579,1
876.646,2
876.713,2
876.779,1
876.846,2
876.913,2
876.979,2
877.046,2
877.113,1
877.18,2
877.246,2
877.313,2
877.38,2
877.446,0
877.513,0
877.58,1
877.647,1
877.713,1
877.78,1
877.847,0
877.914,0
877.98,0
878.047,0
878.114,0
878.181,0
878.247,0
878.314,0
878.381,0
878.448,1
878.514,1
878.581,1
878.648,1
878.715,1
878.782,1
878.848,1
878.915,1
878.982,0
879.049,0
879.115,0
879.182,0
879.249,0
879.316,1
879.383,1
879.45,1
879.516,1
879.583,0
879.65,0
879.717,0
879.784,0
879.85,0
879.917,0
879.984,0
880.051,0
880.118,0
880.185,0
880.251,0
880.318,0
880.385,0
880.452,0
880.519,0
880.586,0
880.652,0
880.719,0
880.786,0
880.853,1
880.92,1
880.987,2
881.054,2
881.121,1
881.187,1
881.254,3
881.321,3
881.388,3
881.455,6
881.522,3
881.589,3
881.656,3
881.722,0
881.789,0
881.856,0
881.923,0
881.99,0
882.057,0
882.124,0
882.191,0
882.258,0
882.325,0
882.392,0
882.458,1
882.525,1
882.592,3
882.659,3
882.726,2
882.793,2
882.86,1
882.927,1
882.994,1
883.061,2
883.128,1
883.195,1
883.262,1
883.329,1
883.396,1
883.463,1
883.53,1
883.597,1
883.664,1
883.731,1
883.797,1
883.864,0
883.931,1
883.998,1
884.065,1
884.132,2
884.199,1
884.266,2
884.333,2
884.4,1
884.467,1
884.534,1
884.601,1
884.668,1
884.735,1
884.802,0
884.869,1
884.936,3
885.003,3
885.07,3
885.138,2
885.205,0
885.272,0
885.339,0
885.406,0
885.473,0
885.54,0
885.607,0
885.674,0
885.741,0
885.808,0
885.875,0
885.942,0
886.009,0
886.076,0
886.143,0
886.21,0
886.277,0
886.344,0
886.412,0
886.479,0
886.546,0
886.613,0
886.68,0
886.747,0
886.814,0
886.881,0
886.948,0
887.015,0
887.082,0
887.149,0
887.217,0
887.284,0
887.351,0
887.418,0
887.485,0
887.552,0
887.619,0
887.686,0
887.754,0
887.821,0
887.888,0
887.955,0
888.022,0
888.089,0
888.156,1
888.224,1
888.291,1
888.358,1
888.425,0
888.492,0
888.559,0
888.626,0
888.694,0
888.761,0
888.828,0
888.895,0
888.962,0
889.029,0
889.097,0
889.164,0
889.231,0
889.298,0
889.365,0
889.433,0
889.5,2
889.567,2
889.634,2
889.701,4
889.769,3
889.836,4
889.903,4
889.97,2
890.037,1
890.105,0
890.172,0
890.239,0
890.306,0
890.373,0
890.441,0
890.508,0
890.575,0
890.642,0
890.71,0
890.777,0
890.844,0
890.911,0
890.979,0
891.046,0
891.113,1
891.18,1
891.248,1
891.315,1
891.382,0
891.449,0
891.517,1
891.584,1
891.651,1
891.719,1
891.786,0
891.853,0
891.92,0
891.988,0
892.055,0
892.122,0
892.19,0
892.257,0
892.324,0
892.391,0
892.459,0
892.526,0
892.593,1
892.661,1
892.728,1
892.795,2
892.863,1
892.93,1
892.997,1
893.065,0
893.132,1
893.199,1
893.267,2
893.334,2
893.401,1
893.469,2
893.536,1
893.603,1
893.671,1
893.738,1
893.805,3
893.873,3
893.94,4
894.008,3
894.075,4
894.142,4
894.21,3
894.277,3
894.344,0
894.412,1
894.479,2
894.547,2
894.614,2
894.681,1
894.749,0
894.816,0
894.884,1
894.951,1
895.018,1
895.086,2
895.153,1
895.221,1
895.288,1
895.355,0
895.423,0
895.49,2
895.558,2
895.625,2
895.693,2
895.76,1
895.827,1
895.895,1
895.962,2
896.03,1
896.097,1
896.165,1
896.232,2
896.3,2
896.367,3
896.434,3
896.502,2
896.569,2
896.637,3
896.704,3
896.772,2
896.839,2
896.907,2
896.974,2
897.042,2
897.109,2
897.177,1
897.244,1
897.312,2
897.379,2
897.447,1
897.514,1
897.582,0
897.649,0
897.717,0
897.784,0
897.852,0
897.919,0
897.987,0
898.054,0
898.122,0
898.189,0
898.257,1
898.324,1
898.392,1
898.459,1
898.527,0
898.595,0
898.662,0
898.73,0
898.797,0
898.865,0
898.932,0
899,0
899.067,0
899.135,0
899.203,0
899.27,0
899.338,0
899.405,0
899.473,0
899.54,0
899.608,1
899.676,1
899.743,1
899.811,2
899.878,2
899.946,2
900.014,3
900.081,3
900.149,2
900.216,2
900.284,1
900.352,0
900.419,2
900.487,2
900.554,4
900.622,4
900.69,2
900.757,4
900.825,3
900.892,3
900.96,4
901.028,2
901.095,1
901.163,2
901.231,1
901.298,2
901.366,2
901.434,1
901.501,1
901.569,0
901.637,0
901.704,0
901.772,0
901.84,0
901.907,0
901.975,1
902.043,1
902.11,1
902.178,1
902.246,1
902.313,1
902.381,1
902.449,3
902.516,3
902.584,3
902.652,3
902.719,7
902.787,6
902.855,6
902.923,6
902.99,2
903.058,2
903.126,2
903.193,2
903.261,0
903.329,0
903.397,0
903.464,0
903.532,0
903.6,1
903.668,2
903.735,2
903.803,2
903.871,3
903.938,2
904.006,2
904.074,4
904.142,2
904.209,3
904.277,3
904.345,4
904.413,4
904.481,4
904.548,4
904.616,1
904.684,2
904.752,1
904.819,1
904.887,1
904.955,0
905.023,0
905.091,0
905.158,0
905.226,0
905.294,0
905.362,0
905.43,0
905.497,0
905.565,1
905.633,1
905.701,1
905.769,1
905.836,0
905.904,0
905.972,1
906.04,3
906.108,3
906.176,3
906.243,4
906.311,3
906.379,4
906.447,4
906.515,3
906.583,4
906.65,4
906.718,6
906.786,5
906.854,6
906.922,5
906.99,3
907.058,3
907.125,0
907.193,0
907.261,0
907.329,0
907.397,0
907.465,0
907.533,0
907.601,0
907.668,0
907.736,0
907.804,0
907.872,0
907.94,0
908.008,0
908.076,0
908.144,0
908.212,0
908.28,0
908.347,0
908.415,0
908.483,0
908.551,0
908.619,0
908.687,0
908.755,1
908.823,1
908.891,1
908.959,1
909.027,0
909.095,0
909.163,0
909.231,0
909.298,0
909.366,0
909.434,0
909.502,0
909.57,0
909.638,1
909.706,1
909.774,1
909.842,3
909.91,6
909.978,5
910.046,4
910.114,5
910.182,3
910.25,2
910.318,1
910.386,0
910.454,0
910.522,0
910.59,0
910.658,0
910.726,0
910.794,1
910.862,1
910.93,1
910.998,1
911.066,0
911.134,0
911.202,0
911.27,0
911.338,0
911.406,0
911.474,0
911.542,0
911.61,0
911.678,0
911.746,0
911.814,0
911.882,0
911.951,0
912.019,0
912.087,0
912.155,0
912.223,0
912.291,0
912.359,0
912.427,0
912.495,0
912.563,0
912.631,0
912.699,0
912.767,0
912.835,0
912.903,0
912.972,0
913.04,0
913.108,0
913.176,0
913.244,1
913.312,1
913.38,1
913.448,1
913.516,1
913.584,1
913.653,1
913.721,3
913.789,2
913.857,3
913.925,3
913.993,1
914.061,1
914.129,0
914.198,0
914.266,0
914.334,0
914.402,0
914.47,0
914.538,0
914.606,0
914.675,1
914.743,1
914.811,1
914.879,2
914.947,2
915.015,2
915.084,2
915.152,1
915.22,1
915.288,1
915.356,1
915.424,1
915.493,0
915.561,0
915.629,1
915.697,1
915.765,1
915.834,1
915.902,0
915.97,0
916.038,0
916.106,0
916.175,0
916.243,1
916.311,2
916.379,2
916.448,2
916.516,2
916.584,1
916.652,1
916.72,1
916.789,0
916.857,0
916.925,0
916.993,1
917.062,1
917.13,1
917.198,1
917.266,0
917.335,0
917.403,0
917.471,0
917.539,0
917.608,0
917.676,0
917.744,0
917.812,0
917.881,0
917.949,0
918.017,0
918.086,0
918.154,0
918.222,1
918.29,1
918.359,1
918.427,1
918.495,0
918.564,0
918.632,0
918.7,0
918.769,0
918.837,0
918.905,0
918.973,0
919.042,1
919.11,2
919.178,2
919.247,2
919.315,1
919.383,0
919.452,2
919.52,2
919.588,2
919.657,2
919.725,0
919.793,0
919.862,0
919.93,0
919.998,0
920.067,0
920.135,4
920.204,4
920.272,4
920.34,4
920.409,1
920.477,1
920.545,1
920.614,1
920.682,0
920.751,0
920.819,0
920.887,0
920.956,0
921.024,0
921.093,0
921.161,0
921.229,1
921.298,1
921.366,5
921.435,5
921.503,4
921.571,4
921.64,0
921.708,0
921.777,0
921.845,0
921.913,0
921.982,0
922.05,0
922.119,0
922.187,0
922.256,0
922.324,0
922.393,0
922.461,0
922.529,0
922.598,1
922.666,1
922.735,1
922.803,1
922.872,0
922.94,0
923.009,0
923.077,0
923.146,0
923.214,0
923.283,0
923.351,0
923.419,0
923.488,0
923.556,0
923.625,0
923.693,0
923.762,0
923.83,0
923.899,0
923.967,1
924.036,2
924.104,2
924.173,2
924.241,1
924.31,0
924.379,0
924.447,0
924.516,0
924.584,0
924.653,0
924.721,0
924.79,0
924.858,0
924.927,0
924.995,0
925.064,0
925.132,0
925.201,1
925.27,1
925.338,1
925.407,1
925.475,0
925.544,0
925.612,0
925.681,0
925.749,0
925.818,0
925.887,0
925.955,0
926.024,0
926.092,0
926.161,1
926.23,1
926.298,1
926.367,1
926.435,0
926.504,0
926.572,0
926.641,0
926.71,0
926.778,1
926.847,2
926.916,3
926.984,4
927.053,5
927.121,5
927.19,7
927.259,4
927.327,3
927.396,3
927.465,1
927.533,1
927.602,2
927.67,4
927.739,5
927.808,5
927.876,5
927.945,3
928.014,2
928.082,1
928.151,0
928.22,0
928.288,0
928.357,0
928.426,0
928.494,0
928.563,0
928.632,0
928.7,0
928.769,0
928.838,0
928.906,0
928.975,0
929.044,0
929.113,0
929.181,0
929.25,0
929.319,0
929.387,0
929.456,0
929.525,0
929.594,0
929.662,0
929.731,0
929.8,0
929.868,0
929.937,0
930.006,3
930.075,3
930.143,3
930.212,3
930.281,1
930.35,2
930.418,3
930.487,4
930.556,4
930.625,5
930.693,4
930.762,3
930.831,2
930.9,0
930.968,0
931.037,0
931.106,0
931.175,1
931.243,1
931.312,1
931.381,1
931.45,3
931.519,3
931.587,3
931.656,4
931.725,1
931.794,1
931.863,1
931.931,2
932,2
932.069,2
932.138,2
932.207,1
932.275,1
932.344,1
932.413,1
932.482,0
932.551,0
932.62,0
932.688,0
932.757,0
932.826,0
932.895,0
932.964,0
933.033,0
933.101,0
933.17,1
933.239,1
933.308,1
933.377,1
933.446,0
933.515,0
933.583,1
933.652,1
933.721,1
933.79,1
933.859,0
933.928,0
933.997,0
934.066,0
934.134,0
934.203,0
934.272,0
934.341,0
934.41,0
934.479,0
934.548,0
934.617,0
934.686,0
934.755,0
934.823,0
934.892,0
934.961,0
935.03,1
935.099,2
935.168,3
935.237,4
935.306,4
935.375,4
935.444,4
935.513,4
935.582,6
935.651,5
935.72,4
935.788,3
935.857,5
935.926,6
935.995,5
936.064,5
936.133,3
936.202,2
936.271,2
936.34,5
936.409,5
936.478,4
936.547,4
936.616,2
936.685,2
936.754,2
936.823,2
936.892,0
936.961,0
937.03,0
937.099,0
937.168,3
937.237,3
937.306,3
937.375,3
937.444,0
937.513,0
937.582,0
937.651,0
937.72,0
937.789,0
937.858,0
937.927,0
937.996,0
938.065,0
938.134,0
938.203,0
938.272,2
938.341,2
938.41,2
938.479,2
938.548,1
938.618,1
938.687,1
938.756,1
938.825,0
938.894,1
938.963,1
939.032,1
939.101,1
939.17,0
939.239,0
939.308,0
939.377,0
939.446,0
939.515,0
939.585,0
939.654,0
939.723,1
939.792,1
939.861,1
939.93,1
939.999,0
940.068,0
940.137,0
940.206,0
940.276,0
940.345,0
940.414,0
940.483,0
940.552,0
940.621,0
940.69,0
940.759,0
940.829,0
940.898,0
940.967,0
941.036,0
941.105,0
941.174,0
941.243,0
941.313,0
941.382,0
941.451,0
941.52,0
941.589,0
941.658,0
941.728,0
941.797,0
941.866,0
941.935,0
942.004,0
942.073,0
942.143,0
942.212,0
942.281,0
942.35,0
942.419,0
942.489,0
942.558,0
942.627,0
942.696,1
942.765,1
942.835,2
942.904,2
942.973,1
943.042,1
943.112,0
943.181,0
943.25,0
943.319,1
943.388,2
943.458,3
943.527,4
943.596,3
943.665,2
943.735,1
943.804,0
943.873,0
943.942,0
944.012,0
944.081,0
944.15,3
944.219,3
944.289,3
944.358,3
944.427,0
944.497,0
944.566,0
944.635,0
944.704,0
944.774,0
944.843,0
944.912,0
944.981,0
945.051,0
945.12,0
945.189,0
945.259,0
945.328,0
945.397,0
945.467,0
945.536,0
945.605,0
945.675,0
945.744,0
945.813,0
945.883,0
945.952,0
946.021,0
946.09,0
946.16,0
946.229,0
946.299,0
946.368,0
946.437,0
946.507,0
946.576,0
946.645,1
946.715,1
946.784,1
946.853,5
946.923,4
946.992,4
947.061,4
947.131,0
947.2,0
947.27,0
947.339,0
947.408,0
947.478,0
947.547,0
947.616,0
947.686,0
947.755,0
947.825,0
947.894,0
947.963,0
948.033,1
948.102,1
948.172,1
948.241,1
948.31,0
948.38,0
948.449,0
948.519,0
948.588,0
948.658,1
948.727,1
948.796,1
948.866,1
948.935,1
949.005,1
949.074,1
949.144,1
949.213,0
949.283,0
949.352,0
949.421,0
949.491,0
949.56,0
949.63,0
949.699,2
949.769,2
949.838,2
949.908,2
949.977,0
950.047,0
950.116,0
950.186,0
950.255,0
950.325,0
950.394,0
950.464,0
950.533,0
950.603,0
950.672,0
950.742,2
950.811,2
950.881,2
950.95,2
951.02,1
951.089,1
951.159,2
951.228,2
951.298,1
951.367,1
951.437,0
951.506,0
951.576,1
951.645,1
951.715,1
951.785,1
951.854,0
951.924,0
951.993,0
952.063,1
952.132,1
952.202,2
952.271,3
952.341,2
952.411,2
952.48,3
952.55,2
952.619,2
952.689,2
952.758,0
952.828,0
952.898,0
952.967,0
953.037,0
953.106,0
953.176,2
953.246,2
953.315,2
953.385,2
953.454,1
953.524,1
953.594,2
953.663,2
953.733,1
953.802,3
953.872,2
953.942,2
954.011,2
954.081,4
954.151,3
954.22,2
954.29,1
954.359,0
954.429,0
954.499,0
954.568,0
954.638,0
954.708,0
954.777,2
954.847,2
954.917,2
954.986,2
955.056,0
955.126,0
955.195,0
955.265,0
955.335,0
955.404,0
955.474,0
955.544,0
955.613,0
955.683,0
955.753,0
955.822,0
955.892,1
955.962,1
956.032,1
956.101,1
956.171,0
956.241,0
956.31,0
956.38,0
956.45,0
956.52,1
956.589,1
956.659,1
956.729,1
956.798,0
956.868,0
956.938,0
957.008,0
957.077,0
957.147,0
957.217,0
957.287,0
957.356,0
957.426,3
957.496,4
957.566,4
957.635,4
957.705,1
957.775,0
957.845,0
957.914,0
957.984,0
958.054,0
958.124,0
958.194,0
958.263,0
958.333,0
958.403,0
958.473,0
958.543,0
958.612,0
958.682,0
958.752,0
958.822,0
958.892,0
958.961,0
959.031,0
959.101,0
959.171,0
959.241,0
959.31,0
959.38,0
959.45,0
959.52,0
959.59,1
959.66,2
959.729,2
959.799,2
959.869,1
959.939,0
960.009,0
960.079,3
960.149,3
960.218,3
960.288,3
960.358,0
960.428,0
960.498,0
960.568,0
960.638,0
960.707,0
960.777,0
960.847,0
960.917,0
960.987,0
961.057,0
961.127,1
961.197,1
961.267,1
961.336,1
961.406,1
961.476,1
961.546,1
961.616,1
961.686,0
961.756,1
961.826,1
961.896,1
961.966,1
962.036,0
962.105,0
962.175,0
962.245,0
962.315,0
962.385,1
962.455,1
962.525,1
962.595,1
962.665,0
962.735,0
962.805,0
962.875,0
962.945,0
963.015,1
963.085,1
963.155,1
963.225,2
963.295,1
963.365,1
963.435,1
963.505,0
963.575,0
963.645,0
963.714,0
963.784,0
963.854,0
963.924,0
963.994,0
964.064,0
964.134,1
964.204,1
964.274,1
964.344,1
964.414,2
964.484,3
964.555,3
964.625,3
964.695,1
964.765,0
964.835,0
964.905,0
964.975,0
965.045,0
965.115,0
965.185,0
965.255,1
965.325,1
965.395,1
965.465,1
965.535,1
965.605,1
965.675,1
965.745,1
965.815,0
965.885,0
965.955,0
966.025,1
966.096,1
966.166,1
966.236,1
966.306,0
966.376,0
966.446,0
966.516,0
966.586,0
966.656,0
966.726,0
966.796,0
966.867,0
966.937,2
967.007,2
967.077,2
967.147,2
967.217,0
967.287,0
967.357,0
967.427,0
967.498,0
967.568,0
967.638,0
967.708,0
967.778,1
967.848,1
967.918,1
967.988,1
968.059,0
968.129,0
968.199,0
968.269,0
968.339,2
968.409,2
968.48,2
968.55,2
968.62,2
968.69,2
968.76,2
968.83,2
968.901,0
968.971,0
969.041,0
969.111,0
969.181,0
969.251,0
969.322,0
969.392,0
969.462,0
969.532,0
969.602,0
969.673,0
969.743,0
969.813,0
969.883,0
969.954,0
970.024,0
970.094,0
970.164,0
970.234,0
970.305,0
970.375,0
970.445,0
970.515,0
970.586,0
970.656,0
970.726,1
970.796,1
970.867,1
970.937,1
971.007,0
971.077,0
971.148,1
971.218,1
971.288,2
971.358,2
971.429,1
971.499,1
971.569,0
971.639,0
971.71,0
971.78,0
971.85,0
971.921,0
971.991,0
972.061,0
972.131,0
972.202,0
972.272,0
972.342,0
972.413,0
972.483,0
972.553,0
972.624,0
972.694,0
972.764,1
972.835,2
972.905,2
972.975,2
973.046,1
973.116,0
973.186,0
973.257,3
973.327,3
973.397,4
973.468,4
973.538,1
973.608,1
973.679,1
973.749,1
973.819,1
973.89,1
973.96,2
974.03,2
974.101,2
974.171,2
974.242,0
974.312,0
974.382,0
974.453,0
974.523,0
974.593,1
974.664,2
974.734,2
974.805,2
974.875,1
974.945,0
975.016,0
975.086,0
975.157,0
975.227,0
975.297,0
975.368,0
975.438,0
975.509,0
975.579,0
975.65,0
975.72,0
975.79,1
975.861,1
975.931,1
976.002,1
976.072,0
976.143,0
976.213,0
976.283,0
976.354,0
976.424,0
976.495,1
976.565,1
976.636,1
976.706,1
976.777,0
976.847,0
976.918,0
976.988,0
977.059,0
977.129,0
977.2,0
977.27,1
977.341,1
977.411,1
977.481,1
977.552,0
977.622,0
977.693,0
977.763,0
977.834,0
977.905,0
977.975,0
978.046,0
978.116,0
978.187,0
978.257,0
978.328,0
978.398,0
978.469,0
978.539,0
978.61,0
978.68,0
978.751,0
978.821,0
978.892,2
978.962,2
979.033,2
979.104,2
979.174,1
979.245,1
979.315,1
979.386,1
979.456,0
979.527,0
979.597,0
979.668,0
979.739,0
979.809,0
979.88,0
979.95,0
980.021,0
980.092,0
980.162,0
980.233,4
980.303,9
980.374,14
980.444,19
980.515,17
980.586,14
980.656,11
980.727,6
980.798,5
980.868,4
980.939,3
981.009,0
981.08,0
981.151,0
981.221,0
981.292,0
981.363,1
981.433,2
981.504,3
981.574,4
981.645,4
981.716,4
981.786,4
981.857,1
981.928,1
981.998,1
982.069,1
982.14,0
982.21,0
982.281,1
982.352,2
982.422,4
982.493,8
982.564,7
982.634,6
982.705,4
982.776,0
982.846,1
982.917,3
982.988,7
983.059,11
983.129,10
983.2,8
983.271,5
983.341,2
983.412,2
983.483,2
983.553,1
983.624,0
983.695,0
983.766,0
983.836,0
983.907,0
983.978,0
984.049,0
984.119,0
984.19,0
984.261,0
984.331,0
984.402,0
984.473,0
984.544,0
984.614,0
984.685,0
984.756,0
984.827,0
984.898,0
984.968,1
985.039,1
985.11,1
985.181,1
985.251,0
985.322,0
985.393,0
985.464,0
985.534,1
985.605,1
985.676,1
985.747,1
985.818,0
985.888,0
985.959,0
986.03,0
986.101,0
986.172,0
986.242,0
986.313,0
986.384,0
986.455,0
986.526,0
986.597,0
986.667,0
986.738,0
986.809,0
986.88,0
986.951,4
987.022,4
987.092,4
987.163,5
987.234,5
987.305,4
987.376,3
987.447,1
987.518,0
987.588,0
987.659,0
987.73,0
987.801,0
987.872,0
987.943,1
988.014,1
988.085,1
988.155,1
988.226,0
988.297,0
988.368,0
988.439,0
988.51,0
988.581,0
988.652,1
988.723,1
988.793,1
988.864,1
988.935,0
989.006,0
989.077,0
989.148,0
989.219,0
989.29,0
989.361,0
989.432,0
989.503,0
989.574,0
989.645,0
989.715,0
989.786,1
989.857,1
989.928,1
989.999,3
990.07,3
990.141,3
990.212,3
990.283,1
990.354,0
990.425,0
990.496,0
990.567,0
990.638,0
990.709,0
990.78,0
990.851,0
990.922,2
990.993,2
991.064,2
991.135,3
991.206,3
991.277,3
991.348,3
991.419,3
991.49,1
991.561,4
991.632,4
991.703,3
991.774,3
991.845,1
991.916,1
991.987,1
992.058,1
992.129,0
992.2,0
992.271,0
992.342,0
992.413,0
992.484,1
992.555,1
992.626,1
992.697,1
992.768,0
992.839,0
992.91,0
992.981,1
993.052,1
993.124,1
993.195,1
993.266,0
993.337,0
993.408,0
993.479,0
993.55,0
993.621,0
993.692,0
993.763,0
993.834,0
993.905,0
993.977,0
994.048,1
994.119,1
994.19,1
994.261,2
994.332,2
994.403,2
994.474,2
994.545,1
994.616,0
994.688,0
994.759,0
994.83,0
994.901,0
994.972,1
995.043,1
995.114,1
995.186,1
995.257,0
995.328,1
995.399,1
995.47,1
995.541,1
995.612,0
995.684,1
995.755,1
995.826,1
995.897,1
995.968,0
996.039,0
996.111,0
996.182,0
996.253,0
996.324,0
996.395,0
996.466,0
996.538,0
996.609,0
996.68,0
996.751,1
996.822,1
996.894,1
996.965,1
997.036,0
997.107,0
997.178,0
997.25,0
997.321,0
997.392,0
997.463,0
997.535,0
997.606,0
997.677,3
997.748,3
997.819,3
997.891,3
997.962,0
998.033,0
998.104,0
998.176,2
998.247,2
998.318,2
998.389,2
998.461,1
998.532,1
998.603,2
998.674,2
998.746,1
998.817,1
998.888,0
998.96,0
999.031,0
999.102,0
999.173,1
999.245,1
999.316,1
999.387,2
999.459,1
999.53,1
999.601,2
999.672,3
999.744,4
999.815,5
999.886,8
999.958,7
1000.029,9
1000.1,9
1000.172,8
1000.243,7
1000.314,4
1000.386,3
1000.457,1
1000.528,1
1000.6,1
1000.671,1
1000.742,0
1000.814,0
1000.885,0
1000.956,0
1001.028,0
1001.099,1
1001.17,1
1001.242,1
1001.313,1
1001.384,0
1001.456,1
1001.527,1
1001.598,1
1001.67,1
1001.741,0
1001.813,0
1001.884,0
1001.955,2
1002.027,2
1002.098,3
1002.17,3
1002.241,1
1002.312,1
1002.384,0
1002.455,0
1002.527,1
1002.598,1
1002.669,1
1002.741,1
1002.812,1
1002.884,2
1002.955,2
1003.026,3
1003.098,2
1003.169,1
1003.241,1
1003.312,0
1003.384,0
1003.455,0
1003.526,0
1003.598,0
1003.669,0
1003.741,3
1003.812,3
1003.884,3
1003.955,3
1004.027,2
1004.098,2
1004.17,2
1004.241,2
1004.312,0
1004.384,0
1004.455,0
1004.527,0
1004.598,0
1004.67,1
1004.741,4
1004.813,5
1004.884,6
1004.956,5
1005.027,2
1005.099,2
1005.17,2
1005.242,2
1005.313,3
1005.385,2
1005.456,1
1005.528,1
1005.599,0
1005.671,0
1005.742,1
1005.814,1
1005.885,1
1005.957,1
1006.029,1
1006.1,1
1006.172,1
1006.243,1
1006.315,1
1006.386,1
1006.458,1
1006.529,1
1006.601,0
1006.672,0
1006.744,0
1006.816,0
1006.887,0
1006.959,1
1007.03,1
1007.102,1
1007.173,1
1007.245,0
1007.317,0
1007.388,0
1007.46,1
1007.531,1
1007.603,1
1007.674,1
1007.746,0
1007.818,0
1007.889,0
1007.961,0
1008.032,3
1008.104,3
1008.176,3
1008.247,3
1008.319,0
1008.39,0
1008.462,0
1008.534,0
1008.605,0
1008.677,1
1008.749,1
1008.82,1
1008.892,1
1008.963,0
1009.035,0
1009.107,0
1009.178,0
1009.25,0
1009.322,0
1009.393,0
1009.465,2
1009.537,2
1009.608,2
1009.68,3
1009.752,1
1009.823,1
1009.895,1
1009.967,0
1010.038,0
1010.11,0
1010.182,0
1010.253,0
1010.325,0
1010.397,0
1010.468,2
1010.54,2
1010.612,4
1010.684,4
1010.755,2
1010.827,2
1010.899,0
1010.97,0
1011.042,0
1011.114,0
1011.186,2
1011.257,2
1011.329,2
1011.401,3
1011.472,4
1011.544,4
1011.616,4
1011.688,3
1011.759,0
1011.831,0
1011.903,1
1011.975,2
1012.046,2
1012.118,5
1012.19,4
1012.262,3
1012.333,3
1012.405,2
1012.477,2
1012.549,2
1012.62,2
1012.692,0
1012.764,0
1012.836,0
1012.908,0
1012.979,0
1013.051,0
1013.123,0
1013.195,0
1013.266,1
1013.338,1
1013.41,2
1013.482,2
1013.554,1
1013.625,1
1013.697,0
1013.769,0
1013.841,0
1013.913,0
1013.984,0
1014.056,0
1014.128,0
1014.2,0
1014.272,0
1014.344,0
1014.415,0
1014.487,0
1014.559,0
1014.631,0
1014.703,0
1014.775,1
1014.847,1
1014.918,1
1014.99,1
1015.062,0
1015.134,1
1015.206,1
1015.278,1
1015.35,1
1015.421,0
1015.493,0
1015.565,0
1015.637,0
1015.709,0
1015.781,0
1015.853,0
1015.925,0
1015.996,1
1016.068,1
1016.14,1
1016.212,2
1016.284,2
1016.356,2
1016.428,2
1016.5,1
1016.572,0
1016.644,0
1016.715,0
1016.787,0
1016.859,0
1016.931,0
1017.003,0
1017.075,0
1017.147,0
1017.219,0
1017.291,1
1017.363,1
1017.435,2
1017.507,2
1017.579,2
1017.651,3
1017.723,4
1017.795,7
1017.866,6
1017.938,5
1018.01,4
1018.082,1
1018.154,1
1018.226,1
1018.298,0
1018.37,0
1018.442,0
1018.514,0
1018.586,0
1018.658,0
1018.73,0
1018.802,1
1018.874,2
1018.946,3
1019.018,4
1019.09,5
1019.162,4
1019.234,3
1019.306,3
1019.378,1
1019.45,2
1019.522,3
1019.594,2
1019.666,2
1019.738,1
1019.81,0
1019.882,0
1019.954,0
1020.026,0
1020.098,0
1020.17,0
1020.243,0
1020.315,0
1020.387,1
1020.459,1
1020.531,3
1020.603,3
1020.675,3
1020.747,4
1020.819,3
1020.891,5
1020.963,6
1021.035,7
1021.107,8
1021.179,8
1021.251,10
1021.323,8
1021.396,6
1021.468,4
1021.54,1
1021.612,1
1021.684,1
1021.756,1
1021.828,0
1021.9,0
1021.972,0
1022.044,0
1022.117,0
1022.189,1
1022.261,1
1022.333,1
1022.405,1
1022.477,3
1022.549,3
1022.621,3
1022.694,3
1022.766,2
1022.838,4
1022.91,6
1022.982,10
1023.054,9
1023.126,8
1023.199,7
1023.271,3
1023.343,3
1023.415,3
1023.487,3
1023.559,3
1023.631,4
1023.704,4
1023.776,4
1023.848,2
1023.92,1
1023.992,1
1024.065,1
1024.137,0
1024.209,0
1024.281,1
1024.353,1
1024.425,1
1024.498,1
1024.57,0
1024.642,0
1024.714,0
1024.786,0
1024.859,0
1024.931,2
1025.003,2
1025.075,2
1025.148,2
1025.22,0
1025.292,0
1025.364,0
1025.436,2
1025.509,3
1025.581,3
1025.653,3
1025.725,2
1025.798,1
1025.87,1
1025.942,1
1026.014,0
1026.087,0
1026.159,0
1026.231,1
1026.303,1
1026.376,1
1026.448,1
1026.52,1
1026.592,1
1026.665,1
1026.737,1
1026.809,0
1026.882,0
1026.954,0
1027.026,0
1027.098,0
1027.171,0
1027.243,0
1027.315,0
1027.388,0
1027.46,0
1027.532,0
1027.604,0
1027.677,1
1027.749,1
1027.821,1
1027.894,1
1027.966,0
1028.038,0
1028.111,0
1028.183,0
1028.255,0
1028.328,0
1028.4,0
1028.472,0
1028.545,0
1028.617,0
1028.689,0
1028.762,1
1028.834,1
1028.906,1
1028.979,2
1029.051,2
1029.124,2
1029.196,2
1029.268,1
1029.341,0
1029.413,0
1029.485,1
1029.558,1
1029.63,1
1029.703,1
1029.775,0
1029.847,0
1029.92,0
1029.992,0
1030.064,0
1030.137,0
1030.209,0
1030.282,0
1030.354,0
1030.426,0
1030.499,0
1030.571,1
1030.644,1
1030.716,1
1030.789,1
1030.861,2
1030.933,2
1031.006,5
1031.078,5
1031.151,5
1031.223,5
1031.296,2
1031.368,2
1031.44,1
1031.513,1
1031.585,1
1031.658,1
1031.73,0
1031.803,0
1031.875,0
1031.948,2
1032.02,2
1032.093,2
1032.165,2
1032.237,1
1032.31,1
1032.382,1
1032.455,1
1032.527,0
1032.6,2
1032.672,2
1032.745,2
1032.817,2
1032.89,3
1032.962,3
1033.035,3
1033.107,3
1033.18,0
1033.252,0
1033.325,0
1033.397,0
1033.47,0
1033.542,0
1033.615,0
1033.687,0
1033.76,0
1033.833,0
1033.905,0
1033.978,0
1034.05,0
1034.123,1
1034.195,1
1034.268,1
1034.34,1
1034.413,0
1034.485,0
1034.558,0
1034.631,0
1034.703,0
1034.776,0
1034.848,0
1034.921,0
1034.993,0
1035.066,0
1035.138,0
1035.211,0
1035.284,0
1035.356,0
1035.429,0
1035.501,0
1035.574,0
1035.647,0
1035.719,0
1035.792,0
1035.864,0
1035.937,0
1036.01,0
1036.082,0
1036.155,0
1036.227,0
1036.3,0
1036.373,0
1036.445,0
1036.518,0
1036.591,1
1036.663,1
1036.736,1
1036.808,1
1036.881,0
1036.954,0
1037.026,0
1037.099,0
1037.172,0
1037.244,0
1037.317,0
1037.39,0
1037.462,1
1037.535,2
1037.608,5
1037.68,6
1037.753,7
1037.826,6
1037.898,3
1037.971,2
1038.044,0
1038.116,0
1038.189,0
1038.262,0
1038.334,0
1038.407,0
1038.48,0
1038.552,1
1038.625,4
1038.698,4
1038.771,4
1038.843,3
1038.916,1
1038.989,1
1039.061,4
1039.134,4
1039.207,3
1039.28,3
1039.352,0
1039.425,0
1039.498,0
1039.571,0
1039.643,0
1039.716,0
1039.789,0
1039.861,0
1039.934,2
1040.007,3
1040.08,3
1040.152,3
1040.225,1
1040.298,0
1040.371,0
1040.444,0
1040.516,0
1040.589,0
1040.662,0
1040.735,0
1040.807,0
1040.88,0
1040.953,1
1041.026,1
1041.099,1
1041.171,1
1041.244,0
1041.317,1
1041.39,2
1041.462,3
1041.535,4
1041.608,4
1041.681,4
1041.754,4
1041.827,1
1041.899,1
1041.972,1
1042.045,1
1042.118,0
1042.191,0
1042.263,0
1042.336,0
1042.409,0
1042.482,0
1042.555,0
1042.628,0
1042.7,0
1042.773,1
1042.846,2
1042.919,5
1042.992,7
1043.065,7
1043.138,7
1043.21,5
1043.283,2
1043.356,2
1043.429,2
1043.502,2
1043.575,0
1043.648,1
1043.721,1
1043.793,1
1043.866,1
1043.939,0
1044.012,0
1044.085,0
1044.158,0
1044.231,0
1044.304,0
1044.377,0
1044.45,0
1044.522,0
1044.595,0
1044.668,0
1044.741,0
1044.814,0
1044.887,0
1044.96,0
1045.033,0
1045.106,0
1045.179,0
1045.252,0
1045.325,1
1045.398,1
1045.471,1
1045.543,1
1045.616,0
1045.689,1
1045.762,1
1045.835,1
1045.908,1
1045.981,0
1046.054,0
1046.127,2
1046.2,3
1046.273,4
1046.346,7
1046.419,5
1046.492,4
1046.565,3
1046.638,2
1046.711,2
1046.784,2
1046.857,2
1046.93,0
1047.003,0
1047.076,0
1047.149,1
1047.222,1
1047.295,1
1047.368,1
1047.441,0
1047.514,0
1047.587,0
1047.66,1
1047.733,5
1047.806,5
1047.879,5
1047.952,4
1048.025,0
1048.098,0
1048.171,0
1048.244,0
1048.317,1
1048.39,2
1048.463,3
1048.536,4
1048.61,3
1048.683,2
1048.756,1
1048.829,0
1048.902,1
1048.975,2
1049.048,3
1049.121,7
1049.194,7
1049.267,9
1049.34,10
1049.413,10
1049.486,9
1049.559,10
1049.633,7
1049.706,2
1049.779,1
1049.852,0
1049.925,0
1049.998,0
1050.071,0
1050.144,0
1050.217,0
1050.29,0
1050.364,0
1050.437,0
1050.51,0
1050.583,0
1050.656,0
1050.729,0
1050.802,1
1050.875,1
1050.949,1
1051.022,1
1051.095,0
1051.168,2
1051.241,2
1051.314,2
1051.388,2
1051.461,0
1051.534,0
1051.607,0
1051.68,0
1051.753,0
1051.826,0
1051.9,0
1051.973,0
1052.046,0
1052.119,0
1052.192,0
1052.266,0
1052.339,0
1052.412,0
1052.485,0
1052.558,1
1052.631,1
1052.705,1
1052.778,2
1052.851,1
1052.924,3
1052.998,3
1053.071,2
1053.144,2
1053.217,0
1053.29,0
1053.364,0
1053.437,0
1053.51,0
1053.583,1
1053.657,1
1053.73,1
1053.803,1
1053.876,0
1053.949,0
1054.023,0
1054.096,0
1054.169,0
1054.242,1
1054.316,1
1054.389,1
1054.462,1
1054.536,1
1054.609,1
1054.682,4
1054.755,4
1054.829,3
1054.902,3
1054.975,0
1055.048,1
1055.122,1
1055.195,1
1055.268,1
1055.342,0
1055.415,0
1055.488,0
1055.561,0
1055.635,0
1055.708,1
1055.781,1
1055.855,1
1055.928,1
1056.001,0
1056.075,0
1056.148,0
1056.221,0
1056.295,0
1056.368,0
1056.441,0
1056.515,2
1056.588,2
1056.661,2
1056.735,2
1056.808,3
1056.881,3
1056.955,3
1057.028,3
1057.101,1
1057.175,2
1057.248,3
1057.321,4
1057.395,5
1057.468,4
1057.542,3
1057.615,2
1057.688,0
1057.762,0
1057.835,0
1057.908,0
1057.982,2
1058.055,2
1058.129,2
1058.202,2
1058.275,1
1058.349,1
1058.422,1
1058.496,1
1058.569,0
1058.642,0
1058.716,0
1058.789,1
1058.863,1
1058.936,1
1059.01,1
1059.083,1
1059.156,1
1059.23,1
1059.303,1
1059.377,1
1059.45,1
1059.524,1
1059.597,1
1059.67,0
1059.744,1
1059.817,1
1059.891,1
1059.964,1
1060.038,0
1060.111,2
1060.185,2
1060.258,2
1060.332,2
1060.405,1
1060.479,1
1060.552,1
1060.625,1
1060.699,0
1060.772,0
1060.846,0
1060.919,0
1060.993,0
1061.066,0
1061.14,0
1061.213,0
1061.287,0
1061.36,0
1061.434,0
1061.507,0
1061.581,0
1061.654,0
1061.728,0
1061.801,0
1061.875,0
1061.949,0
1062.022,0
1062.096,0
1062.169,0
1062.243,0
1062.316,0
1062.39,0
1062.463,0
1062.537,0
1062.61,0
1062.684,1
1062.757,1
1062.831,1
1062.905,1
1062.978,0
1063.052,0
1063.125,0
1063.199,1
1063.272,1
1063.346,1
1063.42,1
1063.493,1
1063.567,1
1063.64,1
1063.714,1
1063.788,0
1063.861,0
1063.935,0
1064.008,0
1064.082,0
1064.155,0
1064.229,0
1064.303,0
1064.376,0
1064.45,1
1064.524,1
1064.597,1
1064.671,1
1064.744,0
1064.818,0
1064.892,0
1064.965,0
1065.039,1
1065.113,1
1065.186,1
1065.26,1
1065.333,0
1065.407,1
1065.481,1
1065.554,1
1065.628,1
1065.702,0
1065.775,1
1065.849,1
1065.923,1
1065.996,1
1066.07,0
1066.144,0
1066.217,0
1066.291,1
1066.365,1
1066.438,1
1066.512,2
1066.586,2
1066.66,2
1066.733,2
1066.807,4
1066.881,4
1066.954,4
1067.028,4
1067.102,1
1067.175,0
1067.249,1
1067.323,1
1067.397,1
1067.47,1
1067.544,0
1067.618,0
1067.691,0
1067.765,0
1067.839,0
1067.913,0
1067.986,1
1068.06,1
1068.134,1
1068.208,1
1068.281,1
1068.355,1
1068.429,1
1068.503,1
1068.576,0
1068.65,0
1068.724,1
1068.798,1
1068.871,1
1068.945,1
1069.019,0
1069.093,0
1069.167,1
1069.24,1
1069.314,1
1069.388,1
1069.462,2
1069.536,2
1069.609,2
1069.683,2
1069.757,1
1069.831,1
1069.905,1
1069.978,1
1070.052,0
1070.126,0
1070.2,0
1070.274,0
1070.347,0
1070.421,0
1070.495,0
1070.569,0
1070.643,0
1070.717,0
1070.79,0
1070.864,5
1070.938,6
1071.012,6
1071.086,6
1071.16,2
1071.233,2
1071.307,3
1071.381,3
1071.455,2
1071.529,1
1071.603,0
1071.677,0
1071.75,0
1071.824,1
1071.898,1
1071.972,2
1072.046,2
1072.12,2
1072.194,2
1072.268,1
1072.342,3
1072.415,3
1072.489,5
1072.563,6
1072.637,7
1072.711,7
1072.785,6
1072.859,6
1072.933,4
1073.007,3
1073.081,2
1073.155,1
1073.228,0
1073.302,0
1073.376,0
1073.45,0
1073.524,0
1073.598,0
1073.672,0
1073.746,0
1073.82,0
1073.894,0
1073.968,0
1074.042,0
1074.116,0
1074.19,0
1074.264,0
1074.338,0
1074.412,0
1074.485,0
1074.559,0
1074.633,0
1074.707,0
1074.781,0
1074.855,0
1074.929,0
1075.003,0
1075.077,0
1075.151,0
1075.225,0
1075.299,1
1075.373,1
1075.447,1
1075.521,1
1075.595,0
1075.669,0
1075.743,0
1075.817,0
1075.891,0
1075.965,0
1076.039,0
1076.113,0
1076.187,1
1076.261,1
1076.335,1
1076.41,1
1076.484,0
1076.558,0
1076.632,1
1076.706,1
1076.78,2
1076.854,2
1076.928,1
1077.002,1
1077.076,0
1077.15,0
1077.224,0
1077.298,0
1077.372,0
1077.446,0
1077.52,0
1077.594,0
1077.668,0
1077.743,0
1077.817,0
1077.891,0
1077.965,1
1078.039,1
1078.113,1
1078.187,1
1078.261,1
1078.335,1
1078.409,3
1078.483,4
1078.558,4
1078.632,5
1078.706,8
1078.78,6
1078.854,4
1078.928,2
1079.002,0
1079.076,0
1079.151,1
1079.225,1
1079.299,1
1079.373,1
1079.447,0
1079.521,0
1079.595,0
1079.67,0
1079.744,4
1079.818,5
1079.892,7
1079.966,7
1080.04,5
1080.114,4
1080.189,4
1080.263,4
1080.337,4
1080.411,4
1080.485,2
1080.56,2
1080.634,2
1080.708,3
1080.782,3
1080.856,3
1080.93,7
1081.005,6
1081.079,8
1081.153,8
1081.227,4
1081.301,4
1081.376,3
1081.45,3
1081.524,2
1081.598,2
1081.672,6
1081.747,8
1081.821,8
1081.895,11
1081.969,12
1082.044,11
1082.118,10
1082.192,5
1082.266,4
1082.341,3
1082.415,3
1082.489,1
1082.563,1
1082.638,1
1082.712,1
1082.786,2
1082.86,4
1082.935,4
1083.009,5
1083.083,4
1083.157,2
1083.232,2
1083.306,1
1083.38,2
1083.454,1
1083.529,1
1083.603,1
1083.677,0
1083.752,4
1083.826,4
1083.9,5
1083.974,5
1084.049,5
1084.123,4
1084.197,2
1084.272,1
1084.346,1
1084.42,1
1084.495,1
1084.569,1
1084.643,0
1084.718,0
1084.792,0
1084.866,0
1084.941,1
1085.015,2
1085.089,3
1085.164,6
1085.238,6
1085.312,6
1085.387,6
1085.461,4
1085.535,4
1085.61,4
1085.684,4
1085.758,1
1085.833,1
1085.907,2
1085.982,6
1086.056,5
1086.13,5
1086.205,5
1086.279,1
1086.353,1
1086.428,1
1086.502,1
1086.577,1
1086.651,1
1086.725,1
1086.8,0
1086.874,0
1086.949,0
1087.023,0
1087.097,0
1087.172,0
1087.246,2
1087.321,2
1087.395,3
1087.469,3
1087.544,1
1087.618,1
1087.693,0
1087.767,0
1087.842,0
1087.916,0
1087.99,0
1088.065,0
1088.139,0
1088.214,0
1088.288,0
1088.363,0
1088.437,0
1088.512,1
1088.586,1
1088.66,1
1088.735,1
1088.809,0
1088.884,0
1088.958,0
1089.033,0
1089.107,0
1089.182,0
1089.256,0
1089.331,3
1089.405,3
1089.48,3
1089.554,3
1089.629,0
1089.703,0
1089.778,0
1089.852,0
1089.927,1
1090.001,1
1090.076,1
1090.15,1
1090.225,0
1090.299,0
1090.374,1
1090.448,2
1090.523,3
1090.597,6
1090.672,6
1090.746,6
1090.821,6
1090.895,3
1090.97,3
1091.045,3
1091.119,3
1091.194,0
1091.268,0
1091.343,0
1091.417,0
1091.492,0
1091.566,0
1091.641,0
1091.716,1
1091.79,2
1091.865,2
1091.939,2
1092.014,1
1092.088,0
1092.163,0
1092.238,0
1092.312,0
1092.387,0
1092.461,0
1092.536,0
1092.611,0
1092.685,0
1092.76,0
1092.834,0
1092.909,0
1092.984,0
1093.058,0
1093.133,0
1093.207,0
1093.282,0
1093.357,0
1093.431,0
1093.506,0
1093.581,0
1093.655,2
1093.73,2
1093.804,2
1093.879,2
1093.954,2
1094.028,3
1094.103,3
1094.178,3
1094.252,1
1094.327,0
1094.402,0
1094.476,0
1094.551,0
1094.626,1
1094.7,1
1094.775,2
1094.85,2
1094.924,6
1094.999,7
1095.074,6
1095.148,6
1095.223,1
1095.298,3
1095.373,4
1095.447,4
1095.522,4
1095.597,4
1095.671,3
1095.746,3
1095.821,3
1095.895,1
1095.97,3
1096.045,3
1096.12,4
1096.194,3
1096.269,2
1096.344,2
1096.418,2
1096.493,2
1096.568,1
1096.643,1
1096.717,0
1096.792,0
1096.867,1
1096.942,1
1097.016,1
1097.091,1
1097.166,0
1097.241,0
1097.315,0
1097.39,2
1097.465,2
1097.54,2
1097.615,2
1097.689,0
1097.764,2
1097.839,2
1097.914,3
1097.988,6
1098.063,4
1098.138,4
1098.213,3
1098.288,1
1098.362,3
1098.437,3
1098.512,3
1098.587,2
1098.662,2
1098.736,2
1098.811,2
1098.886,3
1098.961,1
1099.036,1
1099.11,2
1099.185,1
1099.26,2
1099.335,2
1099.41,1
1099.485,1
1099.559,0
1099.634,0
1099.709,0
1099.784,0
1099.859,0
1099.934,0
1100.009,1
1100.083,2
1100.158,2
1100.233,2
1100.308,1
1100.383,1
1100.458,1
1100.533,1
1100.607,2
1100.682,1
1100.757,1
1100.832,1
1100.907,0
1100.982,0
1101.057,0
1101.132,0
1101.207,0
1101.281,0
1101.356,1
1101.431,1
1101.506,1
1101.581,1
1101.656,0
1101.731,0
1101.806,0
1101.881,1
1101.956,1
1102.031,1
1102.106,1
1102.18,0
1102.255,0
1102.33,0
1102.405,0
1102.48,0
1102.555,0
1102.63,0
1102.705,0
1102.78,0
1102.855,0
1102.93,0
1103.005,0
1103.08,0
1103.155,0
1103.23,0
1103.305,0
1103.38,0
1103.455,0
1103.53,0
1103.605,1
1103.68,1
1103.755,1
1103.83,2
1103.905,3
1103.98,4
1104.055,8
1104.13,8
1104.205,7
1104.28,7
1104.355,4
1104.43,4
1104.505,5
1104.58,5
1104.655,4
1104.73,4
1104.805,5
1104.88,5
1104.955,2
1105.03,2
1105.105,3
1105.18,3
1105.255,6
1105.33,6
1105.405,3
1105.48,5
1105.555,3
1105.63,3
1105.705,3
1105.78,1
1105.855,1
1105.93,1
1106.005,1
1106.08,1
1106.155,0
1106.231,0
1106.306,2
1106.381,2
1106.456,5
1106.531,5
1106.606,9
1106.681,9
1106.756,5
1106.831,4
1106.906,1
1106.981,0
1107.056,0
1107.132,0
1107.207,0
1107.282,0
1107.357,0
1107.432,0
1107.507,1
1107.582,2
1107.657,2
1107.732,2
1107.808,1
1107.883,0
1107.958,0
1108.033,0
1108.108,0
1108.183,0
1108.258,0
1108.334,0
1108.409,3
1108.484,4
1108.559,6
1108.634,6
1108.709,3
1108.784,2
1108.86,1
1108.935,1
1109.01,1
1109.085,1
1109.16,0
1109.235,0
1109.311,1
1109.386,1
1109.461,1
1109.536,1
1109.611,0
1109.687,0
1109.762,0
1109.837,0
1109.912,0
1109.987,0
1110.062,0
1110.138,0
1110.213,1
1110.288,2
1110.363,2
1110.439,2
1110.514,2
1110.589,1
1110.664,1
1110.739,1
1110.815,0
1110.89,0
1110.965,0
1111.04,0
1111.116,0
1111.191,0
1111.266,0
1111.341,0
1111.417,0
1111.492,0
1111.567,0
1111.642,0
1111.718,0
1111.793,0
1111.868,1
1111.943,1
1112.019,2
1112.094,2
1112.169,1
1112.244,1
1112.32,0
1112.395,0
1112.47,0
1112.546,0
1112.621,1
1112.696,1
1112.771,1
1112.847,2
1112.922,1
1112.997,1
1113.073,1
1113.148,0
1113.223,0
1113.299,0
1113.374,1
1113.449,1
1113.525,2
1113.6,2
1113.675,1
1113.751,1
1113.826,0
1113.901,0
1113.977,1
1114.052,2
1114.127,3
1114.203,5
1114.278,4
1114.353,3
1114.429,2
1114.504,0
1114.579,0
1114.655,0
1114.73,0
1114.805,0
1114.881,2
1114.956,2
1115.032,2
1115.107,2
1115.182,0
1115.258,0
1115.333,0
1115.408,0
1115.484,0
1115.559,0
1115.635,0
1115.71,0
1115.785,0
1115.861,0
1115.936,0
1116.012,0
1116.087,0
1116.162,0
1116.238,1
1116.313,1
1116.389,2
1116.464,2
1116.54,2
1116.615,2
1116.69,1
1116.766,1
1116.841,0
1116.917,0
1116.992,1
1117.068,1
1117.143,1
1117.218,2
1117.294,2
1117.369,3
1117.445,4
1117.52,4
1117.596,4
1117.671,4
1117.747,1
1117.822,2
1117.898,3
1117.973,3
1118.049,2
1118.124,2
1118.2,1
1118.275,1
1118.35,1
1118.426,1
1118.501,1
1118.577,1
1118.652,1
1118.728,0
1118.803,1
1118.879,1
1118.954,1
1119.03,1
1119.106,2
1119.181,2
1119.257,3
1119.332,3
1119.408,4
1119.483,4
1119.559,4
1119.634,4
1119.71,1
1119.785,1
1119.861,0
1119.936,1
1120.012,1
1120.087,1
1120.163,1
1120.239,0
1120.314,0
1120.39,0
1120.465,0
1120.541,0
1120.616,0
1120.692,0
1120.767,0
1120.843,0
1120.919,0
1120.994,0
1121.07,0
1121.145,0
1121.221,0
1121.296,0
1121.372,0
1121.448,1
1121.523,1
1121.599,1
1121.674,1
1121.75,0
1121.826,0
1121.901,0
1121.977,0
1122.053,0
1122.128,0
1122.204,0
1122.279,1
1122.355,1
1122.431,1
1122.506,1
1122.582,0
1122.658,0
1122.733,1
1122.809,1
1122.884,1
1122.96,2
1123.036,5
1123.111,6
1123.187,9
1123.263,8
1123.338,4
1123.414,3
1123.49,1
1123.565,1
1123.641,1
1123.717,1
1123.792,1
1123.868,1
1123.944,1
1124.019,1
1124.095,0
1124.171,0
1124.246,0
1124.322,0
1124.398,0
1124.474,0
1124.549,0
1124.625,1
1124.701,1
1124.776,1
1124.852,1
1124.928,0
1125.003,0
1125.079,0
1125.155,0
1125.231,0
1125.306,0
1125.382,0
1125.458,0
1125.534,0
1125.609,0
1125.685,0
1125.761,0
1125.837,0
1125.912,0
1125.988,0
1126.064,0
1126.14,0
1126.215,0
1126.291,1
1126.367,2
1126.443,2
1126.518,2
1126.594,1
1126.67,1
1126.746,1
1126.821,1
1126.897,1
1126.973,0
1127.049,0
1127.125,1
1127.2,1
1127.276,1
1127.352,1
1127.428,0
1127.504,0
1127.579,1
1127.655,1
1127.731,1
1127.807,2
1127.883,4
1127.958,4
1128.034,4
1128.11,3
1128.186,0
1128.262,0
1128.338,1
1128.413,1
1128.489,1
1128.565,1
1128.641,0
1128.717,1
1128.793,3
1128.868,4
1128.944,7
1129.02,7
1129.096,9
1129.172,8
1129.248,8
1129.324,8
1129.399,6
1129.475,6
1129.551,3
1129.627,3
1129.703,2
1129.779,3
1129.855,4
1129.931,10
1130.006,9
1130.082,9
1130.158,9
1130.234,6
1130.31,7
1130.386,6
1130.462,6
1130.538,3
1130.614,6
1130.689,7
1130.765,10
1130.841,10
1130.917,11
1130.993,10
1131.069,6
1131.145,5
1131.221,1
1131.297,1
1131.373,1
1131.449,1
1131.525,0
1131.601,0
1131.677,0
1131.752,0
1131.828,0
1131.904,2
1131.98,3
1132.056,3
1132.132,6
1132.208,6
1132.284,5
1132.36,5
1132.436,7
1132.512,5
1132.588,5
1132.664,5
1132.74,5
1132.816,4
1132.892,3
1132.968,2
1133.044,1
1133.12,1
1133.196,1
1133.272,1
1133.348,0
1133.424,1
1133.5,1
1133.576,1
1133.652,1
1133.728,0
1133.804,0
1133.88,0
1133.956,0
1134.032,0
1134.108,1
1134.184,4
1134.26,4
1134.336,4
1134.412,3
1134.488,1
1134.564,1
1134.64,1
1134.716,2
1134.792,1
1134.868,1
1134.945,2
1135.021,1
1135.097,2
1135.173,6
1135.249,5
1135.325,5
1135.401,4
1135.477,0
1135.553,0
1135.629,0
1135.705,0
1135.781,0
1135.857,0
1135.934,0
1136.01,0
1136.086,1
1136.162,1
1136.238,1
1136.314,2
1136.39,3
1136.466,4
1136.542,5
1136.618,5
1136.695,4
1136.771,4
1136.847,1
1136.923,1
1136.999,1
1137.075,1
1137.151,0
1137.227,0
1137.304,0
1137.38,0
1137.456,1
1137.532,2
1137.608,3
1137.684,3
1137.76,2
1137.837,2
1137.913,1
1137.989,2
1138.065,4
1138.141,5
1138.217,8
1138.294,9
1138.37,12
1138.446,11
1138.522,13
1138.598,10
1138.674,5
1138.751,3
1138.827,1
1138.903,1
1138.979,0
1139.055,0
1139.132,0
1139.208,0
1139.284,0
1139.36,1
1139.436,1
1139.513,1
1139.589,1
1139.665,0
1139.741,0
1139.817,0
1139.894,2
1139.97,2
1140.046,2
1140.122,2
1140.199,4
1140.275,3
1140.351,2
1140.427,1
1140.504,0
1140.58,0
1140.656,0
1140.732,1
1140.809,2
1140.885,2
1140.961,2
1141.037,1
1141.114,0
1141.19,0
1141.266,0
1141.342,0
1141.419,0
1141.495,0
1141.571,0
1141.648,1
1141.724,3
1141.8,4
1141.876,4
1141.953,3
1142.029,4
1142.105,3
1142.182,4
1142.258,4
1142.334,5
1142.41,5
1142.487,4
1142.563,4
1142.639,1
1142.716,1
1142.792,2
1142.868,2
1142.945,1
1143.021,1
1143.097,4
1143.174,3
1143.25,6
1143.326,5
1143.403,4
1143.479,4
1143.555,3
1143.632,3
1143.708,3
1143.784,3
1143.861,0
1143.937,0
1144.014,0
1144.09,0
1144.166,0
1144.243,0
1144.319,0
1144.395,0
1144.472,0
1144.548,0
1144.625,3
1144.701,3
1144.777,3
1144.854,4
1144.93,1
1145.007,1
1145.083,1
1145.159,0
1145.236,0
1145.312,0
1145.389,2
1145.465,2
1145.541,2
1145.618,2
1145.694,3
1145.771,3
1145.847,7
1145.924,7
1146,4
1146.076,4
1146.153,0
1146.229,0
1146.306,0
1146.382,0
1146.459,0
1146.535,0
1146.611,0
1146.688,0
1146.764,1
1146.841,1
1146.917,2
1146.994,2
1147.07,1
1147.147,1
1147.223,0
1147.3,0
1147.376,0
1147.453,0
1147.529,3
1147.606,4
1147.682,5
1147.759,6
1147.835,5
1147.912,4
1147.988,3
1148.065,2
1148.141,3
1148.218,5
1148.294,7
1148.371,7
1148.447,6
1148.524,4
1148.6,3
1148.677,3
1148.753,1
1148.83,1
1148.906,0
1148.983,0
1149.059,0
1149.136,0
1149.212,0
1149.289,0
1149.365,2
1149.442,2
1149.519,2
1149.595,2
1149.672,1
1149.748,1
1149.825,1
1149.901,1
1149.978,0
1150.054,0
1150.131,0
1150.208,0
1150.284,0
1150.361,1
1150.437,4
1150.514,4
1150.591,5
1150.667,4
1150.744,3
1150.82,4
1150.897,8
1150.973,9
1151.05,10
1151.127,11
1151.203,11
1151.28,16
1151.357,30
1151.433,50
1151.51,76
1151.586,128
1151.663,212
1151.74,303
1151.816,411
1151.893,478
1151.97,505
1152.046,480
1152.123,424
1152.199,353
1152.276,273
1152.353,218
1152.429,164
1152.506,159
1152.583,193
1152.659,265
1152.736,354
1152.813,436
1152.889,501
1152.966,518
1153.043,524
1153.119,468
1153.196,382
1153.273,305
1153.349,225
1153.426,176
1153.503,151
1153.579,148
1153.656,152
1153.733,186
1153.809,225
1153.886,267
1153.963,315
1154.04,315
1154.116,295
1154.193,245
1154.27,190
1154.346,149
1154.423,120
1154.5,106
1154.577,86
1154.653,92
1154.73,99
1154.807,110
1154.884,131
1154.96,135
1155.037,129
1155.114,122
1155.19,105
1155.267,87
1155.344,76
1155.421,70
1155.497,63
1155.574,63
1155.651,71
1155.728,75
1155.804,72
1155.881,74
1155.958,71
1156.035,69
1156.112,64
1156.188,59
1156.265,49
1156.342,41
1156.419,37
1156.495,35
1156.572,30
1156.649,30
1156.726,29
1156.803,33
1156.879,31
1156.956,29
1157.033,28
1157.11,26
1157.187,24
1157.263,24
1157.34,23
1157.417,23
1157.494,27
1157.571,26
1157.648,28
1157.724,26
1157.801,21
1157.878,18
1157.955,18
1158.032,17
1158.109,14
1158.185,15
1158.262,16
1158.339,16
1158.416,19
1158.493,21
1158.57,18
1158.647,18
1158.723,22
1158.8,24
1158.877,22
1158.954,25
1159.031,27
1159.108,27
1159.185,29
1159.262,27
1159.338,23
1159.415,21
1159.492,20
1159.569,21
1159.646,21
1159.723,20
1159.8,19
1159.877,15
1159.954,10
1160.03,10
1160.107,10
1160.184,6
1160.261,6
1160.338,5
1160.415,5
1160.492,5
1160.569,7
1160.646,6
1160.723,4
1160.8,3
1160.877,6
1160.954,6
1161.03,5
1161.107,5
1161.184,4
1161.261,7
1161.338,8
1161.415,12
1161.492,13
1161.569,11
1161.646,11
1161.723,12
1161.8,12
1161.877,13
1161.954,16
1162.031,18
1162.108,15
1162.185,15
1162.262,16
1162.339,15
1162.416,10
1162.493,9
1162.57,12
1162.647,8
1162.724,8
1162.801,8
1162.878,6
1162.955,5
1163.032,7
1163.109,6
1163.186,8
1163.263,6
1163.34,4
1163.417,4
1163.494,3
1163.571,3
1163.648,6
1163.725,5
1163.802,6
1163.879,5
1163.956,4
1164.033,3
1164.11,4
1164.187,7
1164.264,11
1164.341,15
1164.418,21
1164.495,21
1164.572,25
1164.65,24
1164.727,23
1164.804,20
1164.881,16
1164.958,13
1165.035,10
1165.112,10
1165.189,10
1165.266,9
1165.343,11
1165.42,10
1165.497,7
1165.574,7
1165.652,6
1165.729,6
1165.806,3
1165.883,5
1165.96,9
1166.037,9
1166.114,13
1166.191,13
1166.268,12
1166.346,17
1166.423,15
1166.5,14
1166.577,10
1166.654,9
1166.731,10
1166.808,9
1166.885,9
1166.963,11
1167.04,9
1167.117,9
1167.194,9
1167.271,6
1167.348,10
1167.425,10
1167.503,10
1167.58,10
1167.657,10
1167.734,10
1167.811,10
1167.888,9
1167.966,9
1168.043,9
1168.12,8
1168.197,7
1168.274,6
1168.352,6
1168.429,8
1168.506,11
1168.583,14
1168.66,16
1168.737,15
1168.815,14
1168.892,16
1168.969,16
1169.046,17
1169.124,17
1169.201,13
1169.278,11
1169.355,9
1169.432,8
1169.51,7
1169.587,7
1169.664,8
1169.741,6
1169.819,7
1169.896,7
1169.973,6
1170.05,7
1170.128,7
1170.205,10
1170.282,13
1170.359,13
1170.437,15
1170.514,13
1170.591,11
1170.668,11
1170.746,9
1170.823,10
1170.9,10
1170.977,11
1171.055,15
1171.132,12
1171.209,9
1171.287,6
1171.364,4
1171.441,4
1171.518,6
1171.596,6
1171.673,7
1171.75,6
1171.828,5
1171.905,4
1171.982,3
1172.059,3
1172.137,6
1172.214,5
1172.291,6
1172.369,6
1172.446,6
1172.523,6
1172.601,3
1172.678,2
1172.755,1
1172.833,1
1172.91,2
1172.987,3
1173.065,2
1173.142,2
1173.219,5
1173.297,7
1173.374,10
1173.452,11
1173.529,9
1173.606,9
1173.684,11
1173.761,13
1173.838,12
1173.916,14
1173.993,11
1174.07,8
1174.148,4
1174.225,3
1174.303,3
1174.38,5
1174.457,6
1174.535,6
1174.612,4
1174.69,2
1174.767,1
1174.844,2
1174.922,3
1174.999,4
1175.077,6
1175.154,6
1175.231,6
1175.309,5
1175.386,4
1175.464,4
1175.541,4
1175.619,2
1175.696,2
1175.773,2
1175.851,5
1175.928,5
1176.006,8
1176.083,9
1176.161,9
1176.238,11
1176.316,12
1176.393,11
1176.47,8
1176.548,7
1176.625,5
1176.703,5
1176.78,5
1176.858,4
1176.935,3
1177.013,3
1177.09,3
1177.168,2
1177.245,5
1177.323,5
1177.4,5
1177.478,6
1177.555,4
1177.633,4
1177.71,4
1177.788,3
1177.865,1
1177.943,1
1178.02,2
1178.098,2
1178.175,2
1178.253,2
1178.33,3
1178.408,3
1178.485,3
1178.563,3
1178.64,6
1178.718,6
1178.795,5
1178.873,5
1178.951,1
1179.028,2
1179.106,2
1179.183,2
1179.261,2
1179.338,1
1179.416,1
1179.493,2
1179.571,4
1179.649,5
1179.726,8
1179.804,9
1179.881,12
1179.959,14
1180.036,18
1180.114,18
1180.192,15
1180.269,13
1180.347,11
1180.424,9
1180.502,7
1180.579,8
1180.657,4
1180.735,4
1180.812,4
1180.89,2
1180.968,1
1181.045,1
1181.123,0
1181.2,1
1181.278,2
1181.356,3
1181.433,7
1181.511,8
1181.588,12
1181.666,14
1181.744,20
1181.821,17
1181.899,13
1181.977,9
1182.054,8
1182.132,7
1182.21,5
1182.287,4
1182.365,2
1182.443,2
1182.52,6
1182.598,7
1182.676,7
1182.753,8
1182.831,4
1182.909,4
1182.986,4
1183.064,5
1183.142,5
1183.219,5
1183.297,8
1183.375,6
1183.452,5
1183.53,4
1183.608,4
1183.685,4
1183.763,6
1183.841,8
1183.919,7
1183.996,9
1184.074,12
1184.152,15
1184.229,14
1184.307,14
1184.385,9
1184.463,6
1184.54,9
1184.618,8
1184.696,10
1184.774,8
1184.851,4
1184.929,3
1185.007,2
1185.085,3
1185.162,4
1185.24,5
1185.318,5
1185.396,5
1185.473,8
1185.551,9
1185.629,10
1185.707,9
1185.784,8
1185.862,6
1185.94,6
1186.018,6
1186.095,5
1186.173,4
1186.251,6
1186.329,8
1186.407,9
1186.484,13
1186.562,14
1186.64,13
1186.718,16
1186.796,16
1186.873,19
1186.951,18
1187.029,15
1187.107,12
1187.185,9
1187.262,8
1187.34,9
1187.418,11
1187.496,9
1187.574,9
1187.652,6
1187.729,5
1187.807,5
1187.885,5
1187.963,2
1188.041,3
1188.119,3
1188.196,3
1188.274,4
1188.352,1
1188.43,1
1188.508,2
1188.586,3
1188.664,5
1188.742,7
1188.819,9
1188.897,9
1188.975,9
1189.053,7
1189.131,6
1189.209,5
1189.287,5
1189.365,3
1189.442,3
1189.52,3
1189.598,4
1189.676,5
1189.754,6
1189.832,10
1189.91,8
1189.988,6
1190.066,4
1190.144,3
1190.222,3
1190.299,3
1190.377,3
1190.455,0
1190.533,0
1190.611,2
1190.689,3
1190.767,3
1190.845,3
1190.923,4
1191.001,4
1191.079,5
1191.157,6
1191.235,7
1191.313,8
1191.391,9
1191.469,9
1191.547,11
1191.624,9
1191.702,8
1191.78,7
1191.858,3
1191.936,3
1192.014,5
1192.092,5
1192.17,4
1192.248,5
1192.326,3
1192.404,4
1192.482,6
1192.56,5
1192.638,4
1192.716,3
1192.794,2
1192.872,2
1192.95,5
1193.028,5
1193.106,3
1193.184,3
1193.262,0
1193.34,0
1193.418,3
1193.496,4
1193.574,5
1193.652,7
1193.731,10
1193.809,10
1193.887,10
1193.965,12
1194.043,10
1194.121,10
1194.199,11
1194.277,8
1194.355,6
1194.433,5
1194.511,7
1194.589,6
1194.667,4
1194.745,5
1194.823,2
1194.901,3
1194.979,5
1195.058,9
1195.136,10
1195.214,11
1195.292,8
1195.37,6
1195.448,6
1195.526,3
1195.604,2
1195.682,1
1195.76,1
1195.838,0
1195.917,0
1195.995,0
1196.073,2
1196.151,2
1196.229,5
1196.307,6
1196.385,5
1196.463,6
1196.542,8
1196.62,8
1196.698,7
1196.776,6
1196.854,7
1196.932,7
1197.01,13
1197.088,17
1197.167,15
1197.245,15
1197.323,11
1197.401,7
1197.479,10
1197.557,10
1197.636,9
1197.714,6
1197.792,4
1197.87,3
1197.948,3
1198.026,3
1198.105,3
1198.183,4
1198.261,7
1198.339,6
1198.417,5
1198.496,4
1198.574,1
1198.652,4
1198.73,7
1198.808,8
1198.887,9
1198.965,7
1199.043,8
1199.121,8
1199.199,10
1199.278,10
1199.356,7
1199.434,8
1199.512,6
1199.591,6
1199.669,5
1199.747,6
1199.825,8
1199.903,11
1199.982,12
1200.06,12
1200.138,15
1200.216,14
1200.295,18
1200.373,19
1200.451,18
1200.529,20
1200.608,17
1200.686,17
1200.764,17
1200.843,15
1200.921,14
1200.999,14
1201.077,15
1201.156,15
1201.234,13
1201.312,12
1201.391,8
1201.469,5
1201.547,3
1201.625,4
1201.704,7
1201.782,10
1201.86,14
1201.939,17
1202.017,21
1202.095,22
1202.174,23
1202.252,24
1202.33,20
1202.409,16
1202.487,12
1202.565,8
1202.644,6
1202.722,6
1202.8,7
1202.879,8
1202.957,9
1203.035,12
1203.114,13
1203.192,12
1203.27,11
1203.349,8
1203.427,5
1203.505,5
1203.584,6
1203.662,7
1203.74,7
1203.819,7
1203.897,7
1203.976,7
1204.054,8
1204.132,8
1204.211,7
1204.289,5
1204.367,3
1204.446,3
1204.524,3
1204.603,4
1204.681,5
1204.759,5
1204.838,6
1204.916,6
1204.995,3
1205.073,3
1205.151,2
1205.23,3
1205.308,1
1205.387,1
1205.465,1
1205.544,0
1205.622,0
1205.7,0
1205.779,0
1205.857,0
1205.936,0
1206.014,0
1206.093,0
1206.171,1
1206.25,4
1206.328,5
1206.406,7
1206.485,8
1206.563,7
1206.642,7
1206.72,5
1206.799,6
1206.877,12
1206.956,14
1207.034,20
1207.113,21
1207.191,19
1207.27,18
1207.348,15
1207.427,15
1207.505,10
1207.584,9
1207.662,6
1207.741,4
1207.819,4
1207.898,4
1207.976,2
1208.055,1
1208.133,3
1208.212,3
1208.29,3
1208.369,3
1208.447,2
1208.526,2
1208.604,1
1208.683,2
1208.761,2
1208.84,2
1208.918,2
1208.997,5
1209.076,6
1209.154,6
1209.233,6
1209.311,4
1209.39,4
1209.468,4
1209.547,4
1209.625,2
1209.704,5
1209.783,6
1209.861,6
1209.94,6
1210.018,1
1210.097,1
1210.175,4
1210.254,5
1210.333,8
1210.411,8
1210.49,8
1210.568,8
1210.647,8
1210.726,8
1210.804,6
1210.883,6
1210.961,0
1211.04,0
1211.119,0
1211.197,0
1211.276,0
1211.354,0
1211.433,1
1211.512,2
1211.59,2
1211.669,2
1211.748,3
1211.826,3
1211.905,5
1211.983,5
1212.062,3
1212.141,2
1212.219,5
1212.298,5
1212.377,5
1212.455,5
1212.534,2
1212.613,2
1212.691,2
1212.77,2
1212.849,1
1212.927,1
1213.006,1
1213.085,1
1213.163,1
1213.242,1
1213.321,1
1213.399,1
1213.478,1
1213.557,1
1213.635,2
1213.714,2
1213.793,3
1213.872,3
1213.95,2
1214.029,3
1214.108,3
1214.186,3
1214.265,3
1214.344,7
1214.423,7
1214.501,7
1214.58,7
1214.659,3
1214.737,2
1214.816,2
1214.895,3
1214.974,2
1215.052,2
1215.131,2
1215.21,1
1215.289,2
1215.367,1
1215.446,1
1215.525,1
1215.604,0
1215.682,0
1215.761,0
1215.84,1
1215.919,3
1215.998,3
1216.076,3
1216.155,4
1216.234,3
1216.313,5
1216.391,5
1216.47,5
1216.549,4
1216.628,2
1216.707,2
1216.785,0
1216.864,0
1216.943,0
1217.022,0
1217.101,5
1217.179,5
1217.258,6
1217.337,6
1217.416,7
1217.495,6
1217.574,4
1217.652,5
1217.731,4
1217.81,4
1217.889,4
1217.968,2
1218.047,0
1218.125,0
1218.204,0
1218.283,0
1218.362,0
1218.441,0
1218.52,2
1218.598,2
1218.677,2
1218.756,2
1218.835,2
1218.914,2
1218.993,2
1219.072,2
1219.151,1
1219.229,1
1219.308,1
1219.387,1
1219.466,0
1219.545,0
1219.624,1
1219.703,1
1219.782,1
1219.861,1
1219.939,0
1220.018,1
1220.097,3
1220.176,3
1220.255,3
1220.334,2
1220.413,3
1220.492,3
1220.571,3
1220.65,6
1220.729,9
1220.808,8
1220.887,7
1220.965,3
1221.044,0
1221.123,1
1221.202,3
1221.281,4
1221.36,6
1221.439,7
1221.518,7
1221.597,9
1221.676,13
1221.755,13
1221.834,13
1221.913,16
1221.992,16
1222.071,13
1222.15,10
1222.229,5
1222.308,3
1222.387,3
1222.466,4
1222.545,2
1222.624,1
1222.703,1
1222.782,2
1222.861,2
1222.94,2
1223.019,2
1223.098,3
1223.177,3
1223.256,3
1223.335,4
1223.414,4
1223.493,4
1223.572,7
1223.651,6
1223.73,4
1223.809,4
1223.888,5
1223.967,6
1224.046,5
1224.125,5
1224.204,8
1224.283,9
1224.362,9
1224.441,9
1224.52,8
1224.599,9
1224.678,12
1224.757,16
1224.837,16
1224.916,13
1224.995,13
1225.074,10
1225.153,8
1225.232,9
1225.311,10
1225.39,9
1225.469,10
1225.548,10
1225.627,11
1225.706,8
1225.785,8
1225.865,8
1225.944,6
1226.023,8
1226.102,10
1226.181,10
1226.26,9
1226.339,7
1226.418,5
1226.497,5
1226.577,4
1226.656,5
1226.735,6
1226.814,6
1226.893,6
1226.972,5
1227.051,4
1227.131,5
1227.21,5
1227.289,6
1227.368,6
1227.447,6
1227.526,9
1227.605,13
1227.685,13
1227.764,14
1227.843,19
1227.922,17
1228.001,14
1228.08,13
1228.16,11
1228.239,9
1228.318,13
1228.397,13
1228.476,8
1228.555,8
1228.635,11
1228.714,10
1228.793,9
1228.872,9
1228.951,6
1229.031,6
1229.11,9
1229.189,8
1229.268,8
1229.347,8
1229.427,8
1229.506,8
1229.585,9
1229.664,8
1229.744,5
1229.823,4
1229.902,1
1229.981,1
1230.06,4
1230.14,4
1230.219,5
1230.298,4
1230.377,3
1230.457,5
1230.536,3
1230.615,3
1230.694,5
1230.774,2
1230.853,2
1230.932,2
1231.011,0
1231.091,1
1231.17,6
1231.249,7
1231.329,9
1231.408,9
1231.487,6
1231.566,6
1231.646,3
1231.725,3
1231.804,2
1231.884,3
1231.963,2
1232.042,2
1232.122,2
1232.201,1
1232.28,2
1232.359,4
1232.439,8
1232.518,10
1232.597,11
1232.677,10
1232.756,7
1232.835,7
1232.915,4
1232.994,5
1233.073,8
1233.153,7
1233.232,6
1233.311,7
1233.391,4
1233.47,4
1233.549,4
1233.629,7
1233.708,6
1233.787,5
1233.867,4
1233.946,3
1234.026,3
1234.105,3
1234.184,1
1234.264,0
1234.343,1
1234.422,2
1234.502,3
1234.581,4
1234.661,5
1234.74,4
1234.819,3
1234.899,2
1234.978,2
1235.058,2
1235.137,2
1235.216,3
1235.296,2
1235.375,2
1235.455,2
1235.534,1
1235.613,4
1235.693,4
1235.772,4
1235.852,4
1235.931,5
1236.011,5
1236.09,6
1236.169,7
1236.249,6
1236.328,7
1236.408,8
1236.487,9
1236.567,10
1236.646,11
1236.726,13
1236.805,13
1236.884,12
1236.964,12
1237.043,10
1237.123,9
1237.202,7
1237.282,5
1237.361,4
1237.441,3
1237.52,1
1237.6,1
1237.679,1
1237.759,2
1237.838,3
1237.918,4
1237.997,11
1238.077,10
1238.156,12
1238.236,11
1238.315,4
1238.395,4
1238.474,4
1238.554,6
1238.633,8
1238.713,10
1238.792,9
1238.872,8
1238.951,6
1239.031,5
1239.11,1
1239.19,1
1239.269,2
1239.349,2
1239.428,1
1239.508,4
1239.588,6
1239.667,7
1239.747,7
1239.826,4
1239.906,2
1239.985,3
1240.065,3
1240.144,4
1240.224,7
1240.304,6
1240.383,8
1240.463,8
1240.542,7
1240.622,8
1240.702,5
1240.781,5
1240.861,3
1240.94,2
1241.02,0
1241.099,0
1241.179,1
1241.259,4
1241.338,4
1241.418,4
1241.497,5
1241.577,2
1241.657,3
1241.736,3
1241.816,1
1241.896,2
1241.975,3
1242.055,3
1242.134,3
1242.214,4
1242.294,4
1242.373,4
1242.453,4
1242.533,2
1242.612,6
1242.692,5
1242.772,4
1242.851,3
1242.931,4
1243.011,4
1243.09,4
1243.17,6
1243.25,5
1243.329,5
1243.409,5
1243.489,8
1243.568,6
1243.648,6
1243.728,7
1243.807,4
1243.887,6
1243.967,6
1244.046,5
1244.126,3
1244.206,0
1244.285,0
1244.365,3
1244.445,4
1244.525,7
1244.604,7
1244.684,5
1244.764,7
1244.843,11
1244.923,11
1245.003,11
1245.083,9
1245.162,6
1245.242,7
1245.322,5
1245.402,4
1245.481,3
1245.561,2
1245.641,2
1245.721,1
1245.8,4
1245.88,3
1245.96,3
1246.04,3
1246.119,1
1246.199,1
1246.279,1
1246.359,3
1246.438,2
1246.518,2
1246.598,2
1246.678,4
1246.757,4
1246.837,4
1246.917,4
1246.997,2
1247.077,5
1247.156,5
1247.236,5
1247.316,3
1247.396,2
1247.476,3
1247.555,4
1247.635,5
1247.715,7
1247.795,8
1247.875,9
1247.954,9
1248.034,6
1248.114,6
1248.194,6
1248.274,8
1248.354,10
1248.433,10
1248.513,10
1248.593,10
1248.673,7
1248.753,6
1248.833,5
1248.913,6
1248.992,4
1249.072,5
1249.152,8
1249.232,6
1249.312,6
1249.392,8
1249.472,6
1249.551,6
1249.631,5
1249.711,3
1249.791,4
1249.871,4
1249.951,1
1250.031,1
1250.111,2
1250.191,3
1250.27,3
1250.35,3
1250.43,1
1250.51,0
1250.59,0
1250.67,0
1250.75,0
1250.83,0
1250.91,1
1250.99,1
1251.07,2
1251.149,2
1251.229,1
1251.309,1
1251.389,1
1251.469,3
1251.549,4
1251.629,5
1251.709,6
1251.789,8
1251.869,7
1251.949,7
1252.029,7
1252.109,5
1252.189,7
1252.269,6
1252.349,7
1252.429,5
1252.509,4
1252.589,4
1252.668,4
1252.748,4
1252.828,4
1252.908,6
1252.988,5
1253.068,7
1253.148,12
1253.228,11
1253.308,10
1253.388,10
1253.468,7
1253.548,7
1253.628,8
1253.708,7
1253.788,3
1253.868,3
1253.948,3
1254.028,3
1254.108,4
1254.188,5
1254.269,5
1254.349,7
1254.429,9
1254.509,10
1254.589,11
1254.669,10
1254.749,8
1254.829,6
1254.909,4
1254.989,3
1255.069,1
1255.149,1
1255.229,1
1255.309,1
1255.389,0
1255.469,1
1255.549,3
1255.629,7
1255.709,8
1255.789,8
1255.87,7
1255.95,4
1256.03,2
1256.11,2
1256.19,4
1256.27,5
1256.35,4
1256.43,5
1256.51,6
1256.59,6
1256.67,6
1256.751,6
1256.831,5
1256.911,5
1256.991,6
1257.071,6
1257.151,1
1257.231,1
1257.311,0
1257.392,0
1257.472,3
1257.552,3
1257.632,3
1257.712,3
1257.792,3
1257.872,3
1257.952,5
1258.033,5
1258.113,3
1258.193,3
1258.273,2
1258.353,2
1258.433,4
1258.514,4
1258.594,5
1258.674,5
1258.754,3
1258.834,3
1258.914,3
1258.995,3
1259.075,2
1259.155,2
1259.235,0
1259.315,1
1259.396,3
1259.476,6
1259.556,8
1259.636,8
1259.716,10
1259.797,7
1259.877,7
1259.957,7
1260.037,5
1260.117,5
1260.198,5
1260.278,8
1260.358,7
1260.438,8
1260.519,7
1260.599,4
1260.679,4
1260.759,4
1260.839,1
1260.92,1
1261,1
1261.08,2
1261.16,1
1261.241,2
1261.321,3
1261.401,5
1261.481,6
1261.562,6
1261.642,7
1261.722,6
1261.803,8
1261.883,7
1261.963,9
1262.043,7
1262.124,4
1262.204,4
1262.284,1
1262.364,1
1262.445,1
1262.525,1
1262.605,2
1262.686,2
1262.766,2
1262.846,3
1262.927,1
1263.007,1
1263.087,1
1263.168,0
1263.248,1
1263.328,1
1263.408,1
1263.489,4
1263.569,4
1263.649,4
1263.73,4
1263.81,1
1263.89,0
1263.971,3
1264.051,4
1264.131,4
1264.212,4
1264.292,2
1264.373,1
1264.453,1
1264.533,2
1264.614,1
1264.694,4
1264.774,4
1264.855,3
1264.935,3
1265.015,2
1265.096,2
1265.176,4
1265.257,5
1265.337,4
1265.417,7
1265.498,6
1265.578,7
1265.659,8
1265.739,9
1265.819,12
1265.9,10
1265.98,9
1266.061,5
1266.141,3
1266.221,3
1266.302,2
1266.382,2
1266.463,1
1266.543,1
1266.623,1
1266.704,1
1266.784,0
1266.865,0
1266.945,1
1267.026,1
1267.106,2
1267.187,5
1267.267,5
1267.347,5
1267.428,4
1267.508,5
1267.589,7
1267.669,7
1267.75,7
1267.83,3
1267.911,1
1267.991,1
1268.072,1
1268.152,1
1268.233,0
1268.313,0
1268.394,0
1268.474,0
1268.554,1
1268.635,1
1268.715,1
1268.796,1
1268.876,6
1268.957,6
1269.037,7
1269.118,8
1269.198,2
1269.279,2
1269.36,4
1269.44,4
1269.521,5
1269.601,6
1269.682,8
1269.762,10
1269.843,11
1269.923,10
1270.004,7
1270.084,5
1270.165,6
1270.245,6
1270.326,4
1270.406,5
1270.487,6
1270.568,6
1270.648,7
1270.729,11
1270.809,7
1270.89,6
1270.97,7
1271.051,4
1271.131,3
1271.212,3
1271.293,2
1271.373,2
1271.454,2
1271.534,2
1271.615,0
1271.696,0
1271.776,0
1271.857,0
1271.937,0
1272.018,1
1272.099,5
1272.179,5
1272.26,7
1272.34,6
1272.421,5
1272.502,5
1272.582,10
1272.663,9
1272.743,5
1272.824,4
1272.905,4
1272.985,4
1273.066,4
1273.147,5
1273.227,7
1273.308,8
1273.389,11
1273.469,11
1273.55,8
1273.631,9
1273.711,8
1273.792,9
1273.872,8
1273.953,8
1274.034,4
1274.114,4
1274.195,1
1274.276,1
1274.357,2
1274.437,2
1274.518,2
1274.599,2
1274.679,4
1274.76,4
1274.841,3
1274.921,4
1275.002,2
1275.083,2
1275.163,2
1275.244,4
1275.325,4
1275.406,4
1275.486,4
1275.567,7
1275.648,6
1275.728,6
1275.809,7
1275.89,5
1275.971,7
1276.051,6
1276.132,4
1276.213,3
1276.294,1
1276.374,2
1276.455,2
1276.536,2
1276.616,2
1276.697,1
1276.778,1
1276.859,4
1276.94,4
1277.02,6
1277.101,10
1277.182,9
1277.263,9
1277.343,8
1277.424,10
1277.505,8
1277.586,8
1277.666,8
1277.747,10
1277.828,7
1277.909,7
1277.99,7
1278.07,5
1278.151,6
1278.232,5
1278.313,4
1278.394,2
1278.474,0
1278.555,1
1278.636,2
1278.717,2
1278.798,2
1278.879,1
1278.959,0
1279.04,0
1279.121,0
1279.202,0
1279.283,2
1279.363,3
1279.444,4
1279.525,7
1279.606,6
1279.687,6
1279.768,9
1279.849,10
1279.929,10
1280.01,12
1280.091,9
1280.172,7
1280.253,7
1280.334,8
1280.415,7
1280.495,6
1280.576,5
1280.657,1
1280.738,1
1280.819,3
1280.9,3
1280.981,3
1281.062,3
1281.143,0
1281.223,2
1281.304,5
1281.385,6
1281.466,8
1281.547,10
1281.628,6
1281.709,4
1281.79,2
1281.871,1
1281.952,1
1282.033,1
1282.114,2
1282.194,2
1282.275,2
1282.356,2
1282.437,0
1282.518,0
1282.599,1
1282.68,1
1282.761,1
1282.842,1
1282.923,0
1283.004,0
1283.085,0
1283.166,1
1283.247,1
1283.328,1
1283.409,1
1283.49,1
1283.571,1
1283.652,1
1283.733,1
1283.814,0
1283.895,2
1283.976,2
1284.057,2
1284.137,2
1284.218,1
1284.299,4
1284.38,4
1284.461,4
1284.542,4
1284.623,3
1284.705,3
1284.786,3
1284.867,2
1284.948,0
1285.029,0
1285.11,0
1285.191,0
1285.272,0
1285.353,0
1285.434,1
1285.515,1
1285.596,1
1285.677,4
1285.758,3
1285.839,6
1285.92,6
1286.001,7
1286.082,6
1286.163,7
1286.244,7
1286.325,6
1286.406,5
1286.487,3
1286.568,1
1286.649,4
1286.731,4
1286.812,4
1286.893,4
1286.974,3
1287.055,3
1287.136,4
1287.217,4
1287.298,2
1287.379,2
1287.46,2
1287.541,4
1287.623,6
1287.704,7
1287.785,10
1287.866,13
1287.947,12
1288.028,12
1288.109,14
1288.19,11
1288.271,11
1288.353,9
1288.434,7
1288.515,4
1288.596,2
1288.677,2
1288.758,1
1288.839,1
1288.921,0
1289.002,1
1289.083,3
1289.164,6
1289.245,7
1289.326,7
1289.407,6
1289.489,4
1289.57,5
1289.651,6
1289.732,6
1289.813,6
1289.894,4
1289.976,3
1290.057,3
1290.138,3
1290.219,3
1290.3,3
1290.382,3
1290.463,3
1290.544,3
1290.625,4
1290.706,4
1290.788,7
1290.869,4
1290.95,4
1291.031,5
1291.112,3
1291.194,4
1291.275,4
1291.356,5
1291.437,5
1291.519,5
1291.6,7
1291.681,9
1291.762,10
1291.843,13
1291.925,10
1292.006,15
1292.087,15
1292.168,11
1292.25,9
1292.331,5
1292.412,5
1292.493,8
1292.575,8
1292.656,8
1292.737,8
1292.819,6
1292.9,8
1292.981,7
1293.062,9
1293.144,11
1293.225,11
1293.306,11
1293.388,11
1293.469,9
1293.55,7
1293.631,5
1293.713,3
1293.794,0
1293.875,0
1293.957,0
1294.038,0
1294.119,0
1294.201,0
1294.282,0
1294.363,0
1294.444,1
1294.526,1
1294.607,1
1294.688,1
1294.77,11
1294.851,10
1294.932,10
1295.014,9
1295.095,5
1295.176,4
1295.258,2
1295.339,4
1295.421,4
1295.502,5
1295.583,5
1295.665,4
1295.746,7
1295.827,6
1295.909,6
1295.99,4
1296.071,1
1296.153,2
1296.234,2
1296.316,2
1296.397,1
1296.478,0
1296.56,1
1296.641,1
1296.723,1
1296.804,2
1296.885,3
1296.967,4
1297.048,6
1297.13,6
1297.211,8
1297.292,8
1297.374,9
1297.455,8
1297.537,8
1297.618,6
1297.699,2
1297.781,2
1297.862,2
1297.944,3
1298.025,7
1298.107,8
1298.188,10
1298.27,12
1298.351,11
1298.432,10
1298.514,8
1298.595,7
1298.677,4
1298.758,5
1298.84,6
1298.921,7
1299.003,5
1299.084,5
1299.166,3
1299.247,4
1299.329,4
1299.41,4
1299.491,2
1299.573,0
1299.654,0
1299.736,2
1299.817,2
1299.899,3
1299.98,7
1300.062,6
1300.143,7
1300.225,12
1300.306,11
1300.388,9
1300.469,7
1300.551,5
1300.633,3
1300.714,4
1300.796,5
1300.877,5
1300.959,6
1301.04,5
1301.122,4
1301.203,3
1301.285,1
1301.366,4
1301.448,4
1301.529,4
1301.611,4
1301.692,1
1301.774,2
1301.856,2
1301.937,2
1302.019,3
1302.1,2
1302.182,2
1302.263,2
1302.345,3
1302.427,8
1302.508,10
1302.59,15
1302.671,16
1302.753,14
1302.835,17
1302.916,20
1302.998,17
1303.079,14
1303.161,11
1303.242,7
1303.324,7
1303.406,7
1303.487,6
1303.569,3
1303.651,3
1303.732,4
1303.814,4
1303.895,4
1303.977,4
1304.059,4
1304.14,3
1304.222,3
1304.304,3
1304.385,4
1304.467,4
1304.548,3
1304.63,3
1304.712,1
1304.793,2
1304.875,2
1304.957,3
1305.038,8
1305.12,9
1305.202,12
1305.283,12
1305.365,13
1305.447,11
1305.528,7
1305.61,6
1305.692,3
1305.773,4
1305.855,4
1305.937,5
1306.019,3
1306.1,3
1306.182,3
1306.264,2
1306.345,1
1306.427,0
1306.509,0
1306.59,1
1306.672,6
1306.754,6
1306.836,6
1306.917,5
1306.999,3
1307.081,5
1307.162,5
1307.244,6
1307.326,11
1307.408,10
1307.489,13
1307.571,12
1307.653,5
1307.735,4
1307.816,3
1307.898,4
1307.98,4
1308.062,4
1308.143,2
1308.225,1
1308.307,4
1308.389,3
1308.47,2
1308.552,1
1308.634,4
1308.716,4
1308.798,5
1308.879,5
1308.961,1
1309.043,1
1309.125,3
1309.207,3
1309.288,3
1309.37,4
1309.452,2
1309.534,2
1309.616,2
1309.697,5
1309.779,5
1309.861,4
1309.943,4
1310.025,4
1310.106,5
1310.188,5
1310.27,8
1310.352,7
1310.434,6
1310.516,6
1310.597,4
1310.679,5
1310.761,4
1310.843,6
1310.925,7
1311.007,6
1311.088,5
1311.17,3
1311.252,2
1311.334,2
1311.416,2
1311.498,3
1311.58,1
1311.661,1
1311.743,1
1311.825,0
1311.907,0
1311.989,0
1312.071,0
1312.153,0
1312.235,0
1312.317,2
1312.398,3
1312.48,4
1312.562,11
1312.644,9
1312.726,9
1312.808,8
1312.89,3
1312.972,3
1313.054,2
1313.136,2
1313.218,0
1313.299,0
1313.381,1
1313.463,1
1313.545,1
1313.627,1
1313.709,0
1313.791,0
1313.873,0
1313.955,2
1314.037,3
1314.119,4
1314.201,5
1314.283,4
1314.365,6
1314.447,6
1314.529,6
1314.611,6
1314.693,4
1314.775,3
1314.856,3
1314.938,2
1315.02,1
1315.102,1
1315.184,0
1315.266,0
1315.348,0
1315.43,0
1315.512,0
1315.594,0
1315.676,0
1315.758,0
1315.84,0
1315.922,0
1316.004,1
1316.086,1
1316.168,1
1316.25,2
1316.332,4
1316.414,5
1316.496,6
1316.578,10
1316.661,9
1316.743,11
1316.825,12
1316.907,9
1316.989,7
1317.071,6
1317.153,6
1317.235,5
1317.317,4
1317.399,3
1317.481,2
1317.563,3
1317.645,1
1317.727,1
1317.809,1
1317.891,0
1317.973,1
1318.055,2
1318.137,3
1318.22,5
1318.302,6
1318.384,6
1318.466,5
1318.548,4
1318.63,3
1318.712,2
1318.794,3
1318.876,2
1318.958,6
1319.041,6
1319.123,8
1319.205,8
1319.287,4
1319.369,4
1319.451,3
1319.533,4
1319.615,4
1319.697,4
1319.78,3
1319.862,2
1319.944,2
1320.026,2
1320.108,2
1320.19,4
1320.272,3
1320.355,3
1320.437,2
1320.519,1
1320.601,1
1320.683,1
1320.765,1
1320.847,0
1320.93,0
1321.012,0
1321.094,0
1321.176,0
1321.258,0
1321.341,3
1321.423,3
1321.505,3
1321.587,3
1321.669,0
1321.751,0
1321.834,0
1321.916,0
1321.998,0
1322.08,0
1322.162,0
1322.245,0
1322.327,2
1322.409,2
1322.491,2
1322.573,2
1322.656,0
1322.738,0
1322.82,0
1322.902,1
1322.985,3
1323.067,3
1323.149,3
1323.231,2
1323.314,0
1323.396,0
1323.478,0
1323.56,0
1323.643,0
1323.725,2
1323.807,2
1323.889,2
1323.972,2
1324.054,1
1324.136,1
1324.218,1
1324.301,2
1324.383,1
1324.465,1
1324.547,1
1324.63,0
1324.712,2
1324.794,4
1324.877,6
1324.959,7
1325.041,6
1325.124,7
1325.206,6
1325.288,6
1325.37,7
1325.453,8
1325.535,7
1325.617,6
1325.7,4
1325.782,2
1325.864,2
1325.947,2
1326.029,3
1326.111,3
1326.194,3
1326.276,5
1326.358,4
1326.441,2
1326.523,2
1326.605,3
1326.688,3
1326.77,4
1326.852,6
1326.935,3
1327.017,3
1327.099,5
1327.182,4
1327.264,5
1327.347,9
1327.429,6
1327.511,5
1327.594,7
1327.676,6
1327.758,6
1327.841,6
1327.923,3
1328.006,0
1328.088,0
1328.17,0
1328.253,0
1328.335,0
1328.418,0
1328.5,0
1328.582,0
1328.665,0
1328.747,0
1328.83,5
1328.912,5
1328.994,7
1329.077,8
1329.159,10
1329.242,10
1329.324,8
1329.407,7
1329.489,4
1329.571,4
1329.654,6
1329.736,6
1329.819,4
1329.901,4
1329.984,2
1330.066,2
1330.149,0
1330.231,0
1330.314,0
1330.396,0
1330.478,0
1330.561,0
1330.643,0
1330.726,0
1330.808,1
1330.891,1
1330.973,1
1331.056,1
1331.138,2
1331.221,3
1331.303,5
1331.386,6
1331.468,9
1331.551,9
1331.633,9
1331.716,9
1331.798,7
1331.881,7
1331.963,6
1332.046,6
1332.128,3
1332.211,4
1332.293,5
1332.376,6
1332.458,6
1332.541,7
1332.624,8
1332.706,9
1332.789,12
1332.871,11
1332.954,11
1333.036,10
1333.119,4
1333.201,4
1333.284,6
1333.366,6
1333.449,3
1333.532,3
1333.614,1
1333.697,1
1333.779,1
1333.862,1
1333.944,0
1334.027,0
1334.11,2
1334.192,2
1334.275,3
1334.357,3
1334.44,6
1334.523,6
1334.605,6
1334.688,6
1334.77,1
1334.853,1
1334.936,1
1335.018,1
1335.101,1
1335.183,1
1335.266,0
1335.349,0
1335.431,0
1335.514,0
1335.596,0
1335.679,0
1335.762,0
1335.844,0
1335.927,0
1336.01,0
1336.092,0
1336.175,0
1336.258,1
1336.34,1
1336.423,1
1336.506,1
1336.588,4
1336.671,3
1336.754,3
1336.836,2
1336.919,1
1337.002,1
1337.084,1
1337.167,3
1337.25,3
1337.332,4
1337.415,3
1337.498,2
1337.58,2
1337.663,1
1337.746,2
1337.828,1
1337.911,1
1337.994,1
1338.077,0
1338.159,0
1338.242,0
1338.325,0
1338.407,0
1338.49,0
1338.573,0
1338.656,0
1338.738,0
1338.821,0
1338.904,0
1338.987,1
1339.069,2
1339.152,4
1339.235,7
1339.317,8
1339.4,9
1339.483,10
1339.566,11
1339.648,11
1339.731,11
1339.814,9
1339.897,6
1339.98,5
1340.062,4
1340.145,3
1340.228,2
1340.311,1
1340.393,0
1340.476,0
1340.559,0
1340.642,0
1340.725,0
1340.807,1
1340.89,1
1340.973,1
1341.056,1
1341.139,0
1341.221,0
1341.304,0
1341.387,0
1341.47,0
1341.553,0
1341.635,0
1341.718,0
1341.801,1
1341.884,1
1341.967,1
1342.05,4
1342.132,6
1342.215,6
1342.298,6
1342.381,5
1342.464,2
1342.547,2
1342.629,3
1342.712,1
1342.795,1
1342.878,1
1342.961,0
1343.044,0
1343.127,1
1343.209,1
1343.292,1
1343.375,1
1343.458,0
1343.541,0
1343.624,0
1343.707,0
1343.79,0
1343.873,0
1343.955,0
1344.038,0
1344.121,0
1344.204,1
1344.287,1
1344.37,1
1344.453,1
1344.536,4
1344.619,3
1344.702,3
1344.784,3
1344.867,4
1344.95,7
1345.033,9
1345.116,10
1345.199,10
1345.282,9
1345.365,10
1345.448,9
1345.531,5
1345.614,4
1345.697,6
1345.78,6
1345.863,5
1345.946,5
1346.029,1
1346.111,1
1346.194,2
1346.277,4
1346.36,7
1346.443,9
1346.526,14
1346.609,12
1346.692,10
1346.775,8
1346.858,8
1346.941,8
1347.024,6
1347.107,5
1347.19,2
1347.273,1
1347.356,0
1347.439,0
1347.522,0
1347.605,0
1347.688,0
1347.771,0
1347.854,3
1347.937,4
1348.02,4
1348.103,4
1348.186,1
1348.269,0
1348.352,4
1348.435,4
1348.518,6
1348.601,6
1348.685,2
1348.768,2
1348.851,1
1348.934,2
1349.017,2
1349.1,2
1349.183,4
1349.266,3
1349.349,3
1349.432,3
1349.515,3
1349.598,3
1349.681,3
1349.764,3
1349.847,0
1349.93,0
1350.014,1
1350.097,1
1350.18,1
1350.263,2
1350.346,5
1350.429,4
1350.512,3
1350.595,1
1350.678,0
1350.761,0
1350.844,0
1350.928,0
1351.011,2
1351.094,2
1351.177,2
1351.26,4
1351.343,2
1351.426,3
1351.509,3
1351.593,1
1351.676,3
1351.759,3
1351.842,3
1351.925,3
1352.008,1
1352.091,0
1352.175,0
1352.258,0
1352.341,1
1352.424,1
1352.507,1
1352.59,1
1352.674,2
1352.757,2
1352.84,2
1352.923,2
1353.006,0
1353.089,1
1353.173,2
1353.256,3
1353.339,5
1353.422,4
1353.505,3
1353.589,2
1353.672,1
1353.755,1
1353.838,1
1353.921,1
1354.005,0
1354.088,0
1354.171,0
1354.254,0
1354.337,2
1354.421,2
1354.504,2
1354.587,2
1354.67,2
1354.754,3
1354.837,3
1354.92,3
1355.003,2
1355.086,1
1355.17,2
1355.253,3
1355.336,6
1355.419,6
1355.503,5
1355.586,4
1355.669,3
1355.752,3
1355.836,3
1355.919,3
1356.002,0
1356.086,0
1356.169,0
1356.252,0
1356.335,1
1356.419,1
1356.502,1
1356.585,1
1356.669,0
1356.752,0
1356.835,1
1356.918,1
1357.002,3
1357.085,3
1357.168,2
1357.252,2
1357.335,2
1357.418,2
1357.502,2
1357.585,2
1357.668,0
1357.752,0
1357.835,0
1357.918,0
1358.002,0
1358.085,0
1358.168,2
1358.252,2
1358.335,3
1358.418,4
1358.502,3
1358.585,5
1358.668,6
1358.752,5
1358.835,4
1358.918,2
1359.002,0
1359.085,0
1359.168,0
1359.252,2
1359.335,2
1359.419,2
1359.502,3
1359.585,1
1359.669,1
1359.752,2
1359.835,1
1359.919,1
1360.002,1
1360.086,0
1360.169,0
1360.252,1
1360.336,1
1360.419,2
1360.503,4
1360.586,3
1360.67,3
1360.753,3
1360.836,2
1360.92,2
1361.003,3
1361.087,3
1361.17,4
1361.254,4
1361.337,3
1361.42,2
1361.504,1
1361.587,2
1361.671,4
1361.754,4
1361.838,5
1361.921,4
1362.005,3
1362.088,3
1362.171,2
1362.255,4
1362.338,3
1362.422,4
1362.505,4
1362.589,4
1362.672,4
1362.756,3
1362.839,2
1362.923,0
1363.006,0
1363.09,0
1363.173,2
1363.257,5
1363.34,5
1363.424,6
1363.507,7
1363.591,6
1363.674,9
1363.758,8
1363.841,5
1363.925,3
1364.008,0
1364.092,0
1364.175,0
1364.259,0
1364.342,0
1364.426,0
1364.509,1
1364.593,3
1364.677,4
1364.76,5
1364.844,4
1364.927,2
1365.011,1
1365.094,0
1365.178,0
1365.261,0
1365.345,0
1365.429,0
1365.512,0
1365.596,0
1365.679,0
1365.763,1
1365.846,1
1365.93,1
1366.014,1
1366.097,4
1366.181,3
1366.264,2
1366.348,2
1366.432,1
1366.515,1
1366.599,2
1366.682,1
1366.766,1
1366.85,1
1366.933,1
1367.017,1
1367.1,2
1367.184,2
1367.268,2
1367.351,5
1367.435,6
1367.518,6
1367.602,5
1367.686,2
1367.769,0
1367.853,2
1367.937,2
1368.02,2
1368.104,2
1368.188,0
1368.271,0
1368.355,1
1368.439,1
1368.522,1
1368.606,1
1368.69,0
1368.773,0
1368.857,0
1368.941,1
1369.024,2
1369.108,3
1369.192,6
1369.275,7
1369.359,6
1369.443,5
1369.526,4
1369.61,4
1369.694,4
1369.777,4
1369.861,2
1369.945,2
1370.029,2
1370.112,2
1370.196,2
1370.28,1
1370.363,3
1370.447,4
1370.531,4
1370.615,4
1370.698,4
1370.782,3
1370.866,3
1370.95,3
1371.033,7
1371.117,8
1371.201,10
1371.284,10
1371.368,7
1371.452,7
1371.536,8
1371.62,7
1371.703,4
1371.787,3
1371.871,1
1371.955,1
1372.038,3
1372.122,3
1372.206,3
1372.29,4
1372.373,3
1372.457,4
1372.541,5
1372.625,5
1372.709,4
1372.792,3
1372.876,1
1372.96,0
1373.044,0
1373.128,0
1373.211,1
1373.295,1
1373.379,1
1373.463,1
1373.547,0
1373.63,1
1373.714,1
1373.798,1
1373.882,1
1373.966,1
1374.05,1
1374.133,1
1374.217,3
1374.301,2
1374.385,2
1374.469,2
1374.553,0
1374.637,0
1374.72,0
1374.804,0
1374.888,0
1374.972,0
1375.056,0
1375.14,0
1375.224,1
1375.307,1
1375.391,1
1375.475,1
1375.559,0
1375.643,0
1375.727,0
1375.811,0
1375.895,1
1375.978,1
1376.062,1
1376.146,2
1376.23,2
1376.314,4
1376.398,5
1376.482,4
1376.566,3
1376.65,3
1376.734,2
1376.818,2
1376.901,2
1376.985,2
1377.069,2
1377.153,2
1377.237,2
1377.321,1
1377.405,1
1377.489,2
1377.573,3
1377.657,4
1377.741,8
1377.825,10
1377.909,12
1377.993,14
1378.077,10
1378.161,8
1378.245,6
1378.329,4
1378.412,1
1378.496,1
1378.58,1
1378.664,0
1378.748,1
1378.832,2
1378.916,5
1379,6
1379.084,9
1379.168,8
1379.252,5
1379.336,4
1379.42,1
1379.504,1
1379.588,1
1379.672,1
1379.756,0
1379.84,0
1379.924,3
1380.008,3
1380.092,3
1380.176,3
1380.26,1
1380.344,1
1380.429,3
1380.513,3
1380.597,2
1380.681,3
1380.765,1
1380.849,1
1380.933,1
1381.017,0
1381.101,0
1381.185,0
1381.269,0
1381.353,0
1381.437,0
1381.521,0
1381.605,0
1381.689,0
1381.773,0
1381.857,1
1381.942,2
1382.026,3
1382.11,4
1382.194,3
1382.278,2
1382.362,2
1382.446,1
1382.53,1
1382.614,2
1382.698,1
1382.782,1
1382.867,1
1382.951,4
1383.035,4
1383.119,5
1383.203,5
1383.287,1
1383.371,1
1383.455,3
1383.539,3
1383.624,3
1383.708,3
1383.792,0
1383.876,0
1383.96,0
1384.044,0
1384.128,0
1384.213,0
1384.297,0
1384.381,0
1384.465,1
1384.549,1
1384.633,2
1384.718,2
1384.802,4
1384.886,4
1384.97,6
1385.054,6
1385.138,4
1385.223,4
1385.307,4
1385.391,4
1385.475,3
1385.559,3
1385.644,0
1385.728,0
1385.812,0
1385.896,1
1385.98,1
1386.065,1
1386.149,3
1386.233,2
1386.317,2
1386.401,2
1386.486,1
1386.57,1
1386.654,2
1386.738,6
1386.822,7
1386.907,8
1386.991,8
1387.075,7
1387.159,10
1387.244,11
1387.328,14
1387.412,18
1387.496,14
1387.581,9
1387.665,6
1387.749,1
1387.833,1
1387.918,1
1388.002,1
1388.086,1
1388.171,1
1388.255,1
1388.339,1
1388.423,0
1388.508,0
1388.592,1
1388.676,2
1388.76,3
1388.845,5
1388.929,5
1389.013,5
1389.098,5
1389.182,2
1389.266,2
1389.351,2
1389.435,2
1389.519,4
1389.604,4
1389.688,4
1389.772,4
1389.856,4
1389.941,4
1390.025,4
1390.109,5
1390.194,2
1390.278,2
1390.362,2
1390.447,2
1390.531,1
1390.615,1
1390.7,2
1390.784,1
1390.869,1
1390.953,2
1391.037,1
1391.122,1
1391.206,2
1391.29,1
1391.375,1
1391.459,3
1391.543,2
1391.628,2
1391.712,4
1391.797,3
1391.881,5
1391.965,8
1392.05,6
1392.134,5
1392.219,3
1392.303,1
1392.387,1
1392.472,1
1392.556,2
1392.641,1
1392.725,2
1392.809,2
1392.894,3
1392.978,3
1393.063,5
1393.147,5
1393.232,5
1393.316,6
1393.4,4
1393.485,5
1393.569,5
1393.654,5
1393.738,5
1393.823,5
1393.907,6
1393.991,5
1394.076,4
1394.16,7
1394.245,7
1394.329,7
1394.414,7
1394.498,6
1394.583,3
1394.667,3
1394.752,3
1394.836,2
1394.921,2
1395.005,2
1395.09,2
1395.174,0
1395.259,0
1395.343,1
1395.428,2
1395.512,3
1395.597,5
1395.681,5
1395.766,5
1395.85,5
1395.935,2
1396.019,2
1396.104,3
1396.188,3
1396.273,1
1396.357,1
1396.442,0
1396.526,0
1396.611,0
1396.695,0
1396.78,0
1396.864,0
1396.949,0
1397.033,0
1397.118,2
1397.203,2
1397.287,3
1397.372,3
1397.456,3
1397.541,3
1397.625,2
1397.71,2
1397.794,0
1397.879,0
1397.964,1
1398.048,1
1398.133,1
1398.217,1
1398.302,0
1398.387,0
1398.471,0
1398.556,0
1398.64,0
1398.725,0
1398.81,0
1398.894,0
1398.979,2
1399.063,2
1399.148,2
1399.233,2
1399.317,3
1399.402,3
1399.486,5
1399.571,8
1399.656,11
1399.74,15
1399.825,22
1399.91,20
1399.994,15
1400.079,12
1400.163,7
1400.248,7
1400.333,9
1400.417,8
1400.502,4
1400.587,5
1400.671,3
1400.756,3
1400.841,3
1400.925,2
1401.01,1
1401.095,1
1401.179,3
1401.264,2
1401.349,2
1401.433,2
1401.518,1
1401.603,1
1401.687,1
1401.772,1
1401.857,0
1401.942,0
1402.026,0
1402.111,0
1402.196,0
1402.28,0
1402.365,0
1402.45,0
1402.534,0
1402.619,0
1402.704,0
1402.789,0
1402.873,0
1402.958,0
1403.043,0
1403.128,0
1403.212,0
1403.297,3
1403.382,5
1403.466,5
1403.551,5
1403.636,2
1403.721,2
1403.805,2
1403.89,2
1403.975,2
1404.06,5
1404.145,4
1404.229,3
1404.314,2
1404.399,0
1404.484,0
1404.568,1
1404.653,1
1404.738,1
1404.823,1
1404.908,0
1404.992,0
1405.077,2
1405.162,2
1405.247,2
1405.331,2
1405.416,1
1405.501,1
1405.586,1
1405.671,1
1405.756,5
1405.84,6
1405.925,8
1406.01,8
1406.095,4
1406.18,3
1406.264,3
1406.349,3
1406.434,4
1406.519,4
1406.604,4
1406.689,7
1406.774,7
1406.858,7
1406.943,6
1407.028,3
1407.113,1
1407.198,1
1407.283,0
1407.367,0
1407.452,1
1407.537,3
1407.622,3
1407.707,3
1407.792,4
1407.877,2
1407.962,2
1408.046,2
1408.131,0
1408.216,0
1408.301,1
1408.386,1
1408.471,4
1408.556,4
1408.641,5
1408.726,5
1408.811,4
1408.895,5
1408.98,3
1409.065,3
1409.15,2
1409.235,1
1409.32,1
1409.405,1
1409.49,0
1409.575,0
1409.66,0
1409.745,0
1409.83,0
1409.915,0
1410,0
1410.084,0
1410.169,3
1410.254,3
1410.339,3
1410.424,3
1410.509,3
1410.594,3
1410.679,3
1410.764,3
1410.849,1
1410.934,2
1411.019,2
1411.104,2
1411.189,5
1411.274,5
1411.359,5
1411.444,5
1411.529,1
1411.614,0
1411.699,0
1411.784,0
1411.869,3
1411.954,3
1412.039,6
1412.124,6
1412.209,9
1412.294,9
1412.379,6
1412.464,6
1412.549,5
1412.634,5
1412.719,7
1412.804,7
1412.889,3
1412.974,4
1413.059,3
1413.144,3
1413.229,2
1413.314,4
1413.399,6
1413.484,7
1413.57,7
1413.655,4
1413.74,4
1413.825,3
1413.91,3
1413.995,3
1414.08,0
1414.165,0
1414.25,1
1414.335,1
1414.42,1
1414.505,1
1414.59,1
1414.675,1
1414.761,1
1414.846,1
1414.931,1
1415.016,1
1415.101,1
1415.186,1
1415.271,1
1415.356,1
1415.441,2
1415.526,2
1415.612,3
1415.697,3
1415.782,5
1415.867,5
1415.952,5
1416.037,5
1416.122,7
1416.207,7
1416.293,5
1416.378,6
1416.463,2
1416.548,2
1416.633,2
1416.718,3
1416.804,2
1416.889,2
1416.974,2
1417.059,1
1417.144,5
1417.229,6
1417.314,7
1417.4,7
1417.485,8
1417.57,8
1417.655,9
1417.74,10
1417.826,10
1417.911,10
1417.996,13
1418.081,12
1418.166,9
1418.251,11
1418.337,11
1418.422,11
1418.507,9
1418.592,7
1418.678,2
1418.763,4
1418.848,4
1418.933,3
1419.018,3
1419.104,0
1419.189,0
1419.274,0
1419.359,0
1419.445,0
1419.53,0
1419.615,0
1419.7,2
1419.785,2
1419.871,2
1419.956,2
1420.041,0
1420.126,0
1420.212,0
1420.297,0
1420.382,0
1420.468,0
1420.553,0
1420.638,0
1420.723,1
1420.809,1
1420.894,2
1420.979,2
1421.064,1
1421.15,2
1421.235,1
1421.32,1
1421.406,1
1421.491,1
1421.576,4
1421.662,4
1421.747,4
1421.832,4
1421.917,2
1422.003,2
1422.088,5
1422.173,4
1422.259,3
1422.344,3
1422.429,0
1422.515,0
1422.6,0
1422.685,0
1422.771,0
1422.856,1
1422.941,1
1423.027,1
1423.112,1
1423.197,0
1423.283,3
1423.368,3
1423.453,3
1423.539,3
1423.624,2
1423.71,2
1423.795,2
1423.88,2
1423.966,0
1424.051,3
1424.136,4
1424.222,4
1424.307,4
1424.393,2
1424.478,5
1424.563,5
1424.649,6
1424.734,5
1424.82,7
1424.905,7
1424.99,6
1425.076,7
1425.161,7
1425.247,6
1425.332,6
1425.417,4
1425.503,3
1425.588,3
1425.674,7
1425.759,8
1425.844,8
1425.93,9
1426.015,8
1426.101,7
1426.186,5
1426.272,4
1426.357,0
1426.443,0
1426.528,0
1426.613,1
1426.699,1
1426.784,2
1426.87,2
1426.955,1
1427.041,1
1427.126,1
1427.212,2
1427.297,3
1427.383,4
1427.468,3
1427.554,2
1427.639,1
1427.725,0
1427.81,0
1427.896,0
1427.981,0
1428.067,0
1428.152,0
1428.238,1
1428.323,1
1428.409,1
1428.494,3
1428.58,2
1428.665,2
1428.751,2
1428.836,0
1428.922,1
1429.007,1
1429.093,2
1429.178,2
1429.264,1
1429.349,1
1429.435,0
1429.52,0
1429.606,0
1429.692,1
1429.777,1
1429.863,1
1429.948,1
1430.034,0
1430.119,0
1430.205,0
1430.29,0
1430.376,0
1430.462,0
1430.547,0
1430.633,0
1430.718,1
1430.804,1
1430.889,1
1430.975,2
1431.061,1
1431.146,2
1431.232,2
1431.317,1
1431.403,1
1431.489,2
1431.574,2
1431.66,2
1431.745,2
1431.831,0
1431.917,0
1432.002,2
1432.088,2
1432.173,2
1432.259,2
1432.345,3
1432.43,3
1432.516,3
1432.602,3
1432.687,2
1432.773,2
1432.859,2
1432.944,2
1433.03,0
1433.116,0
1433.201,1
1433.287,2
1433.372,3
1433.458,4
1433.544,5
1433.629,5
1433.715,5
1433.801,5
1433.886,6
1433.972,6
1434.058,6
1434.144,6
1434.229,1
1434.315,1
1434.401,1
1434.486,1
1434.572,0
1434.658,1
1434.743,1
1434.829,1
1434.915,1
1435.001,0
1435.086,0
1435.172,0
1435.258,0
1435.343,1
1435.429,1
1435.515,1
1435.601,1
1435.686,0
1435.772,3
1435.858,3
1435.943,3
1436.029,3
1436.115,0
1436.201,0
1436.286,0
1436.372,0
1436.458,1
1436.544,3
1436.629,5
1436.715,10
1436.801,10
1436.887,9
1436.973,8
1437.058,4
1437.144,3
1437.23,3
1437.316,3
1437.401,3
1437.487,0
1437.573,0
1437.659,4
1437.745,5
1437.83,6
1437.916,6
1438.002,2
1438.088,2
1438.174,1
1438.259,1
1438.345,1
1438.431,0
1438.517,3
1438.603,5
1438.688,6
1438.774,7
1438.86,7
1438.946,7
1439.032,7
1439.118,8
1439.203,5
1439.289,4
1439.375,5
1439.461,4
1439.547,1
1439.633,1
1439.719,0
1439.804,0
1439.89,0
1439.976,1
1440.062,1
1440.148,1
1440.234,1
1440.32,0
1440.405,0
1440.491,0
1440.577,0
1440.663,0
1440.749,0
1440.835,0
1440.921,1
1441.007,1
1441.092,2
1441.178,2
1441.264,4
1441.35,5
1441.436,4
1441.522,4
1441.608,4
1441.694,3
1441.78,3
1441.866,3
1441.952,0
1442.037,0
1442.123,0
1442.209,1
1442.295,1
1442.381,1
1442.467,1
1442.553,2
1442.639,4
1442.725,4
1442.811,4
1442.897,2
1442.983,0
1443.069,0
1443.155,0
1443.241,0
1443.327,0
1443.413,0
1443.499,0
1443.585,0
1443.671,0
1443.757,0
1443.842,0
1443.928,0
1444.014,1
1444.1,2
1444.186,3
1444.272,5
1444.358,5
1444.444,5
1444.53,5
1444.616,2
1444.702,2
1444.788,2
1444.874,2
1444.96,0
1445.046,0
1445.132,0
1445.218,0
1445.304,0
1445.391,0
1445.477,0
1445.563,1
1445.649,2
1445.735,2
1445.821,2
1445.907,2
1445.993,2
1446.079,2
1446.165,3
1446.251,2
1446.337,1
1446.423,1
1446.509,0
1446.595,0
1446.681,0
1446.767,0
1446.853,0
1446.939,2
1447.025,2
1447.112,4
1447.198,4
1447.284,3
1447.37,3
1447.456,1
1447.542,1
1447.628,0
1447.714,0
1447.8,0
1447.886,0
1447.972,2
1448.059,2
1448.145,2
1448.231,2
1448.317,0
1448.403,0
1448.489,0
1448.575,0
1448.661,0
1448.748,0
1448.834,2
1448.92,2
1449.006,2
1449.092,2
1449.178,4
1449.264,4
1449.35,4
1449.437,5
1449.523,1
1449.609,1
1449.695,4
1449.781,5
1449.867,5
1449.954,5
1450.04,3
1450.126,1
1450.212,1
1450.298,2
1450.384,1
1450.471,1
1450.557,1
1450.643,0
1450.729,0
1450.815,1
1450.902,2
1450.988,2
1451.074,3
1451.16,3
1451.246,4
1451.333,4
1451.419,4
1451.505,4
1451.591,2
1451.677,2
1451.764,4
1451.85,3
1451.936,5
1452.022,6
1452.108,6
1452.195,8
1452.281,6
1452.367,6
1452.453,4
1452.54,4
1452.626,4
1452.712,3
1452.798,2
1452.885,0
1452.971,3
1453.057,3
1453.143,3
1453.23,3
1453.316,2
1453.402,2
1453.488,2
1453.575,2
1453.661,7
1453.747,8
1453.834,8
1453.92,8
1454.006,5
1454.092,6
1454.179,6
1454.265,6
1454.351,5
1454.438,4
1454.524,4
1454.61,4
1454.697,1
1454.783,0
1454.869,1
1454.955,1
1455.042,1
1455.128,1
1455.214,0
1455.301,0
1455.387,2
1455.473,2
1455.56,3
1455.646,3
1455.732,1
1455.819,1
1455.905,2
1455.991,2
1456.078,2
1456.164,2
1456.251,0
1456.337,0
1456.423,0
1456.51,0
1456.596,0
1456.682,1
1456.769,1
1456.855,1
1456.941,1
1457.028,1
1457.114,6
1457.201,9
1457.287,11
1457.373,12
1457.46,12
1457.546,10
1457.633,6
1457.719,5
1457.805,3
1457.892,3
1457.978,2
1458.065,2
1458.151,0
1458.237,0
1458.324,0
1458.41,0
1458.497,0
1458.583,2
1458.669,3
1458.756,4
1458.842,5
1458.929,4
1459.015,3
1459.102,2
1459.188,1
1459.275,0
1459.361,0
1459.447,0
1459.534,3
1459.62,3
1459.707,3
1459.793,3
1459.88,0
1459.966,0
1460.053,1
1460.139,1
1460.226,2
1460.312,2
1460.399,4
1460.485,4
1460.572,3
1460.658,3
1460.745,1
1460.831,1
1460.917,1
1461.004,1
1461.09,0
1461.177,0
1461.263,0
1461.35,0
1461.437,0
1461.523,1
1461.61,1
1461.696,1
1461.783,1
1461.869,0
1461.956,0
1462.042,0
1462.129,0
1462.215,0
1462.302,0
1462.388,0
1462.475,0
1462.561,0
1462.648,0
1462.734,0
1462.821,0
1462.908,0
1462.994,0
1463.081,0
1463.167,0
1463.254,0
1463.34,0
1463.427,0
1463.514,0
1463.6,1
1463.687,1
1463.773,1
1463.86,2
1463.946,1
1464.033,2
1464.12,2
1464.206,1
1464.293,1
1464.379,0
1464.466,0
1464.553,1
1464.639,1
1464.726,1
1464.812,1
1464.899,0
1464.986,0
1465.072,1
1465.159,1
1465.246,1
1465.332,1
1465.419,0
1465.505,0
1465.592,0
1465.679,0
1465.765,0
1465.852,0
1465.939,0
1466.025,0
1466.112,0
1466.199,0
1466.285,0
1466.372,0
1466.459,0
1466.545,0
1466.632,0
1466.719,0
1466.805,0
1466.892,0
1466.979,0
1467.065,0
1467.152,1
1467.239,1
1467.325,1
1467.412,2
1467.499,1
1467.585,1
1467.672,1
1467.759,0
1467.846,1
1467.932,1
1468.019,1
1468.106,1
1468.192,3
1468.279,3
1468.366,3
1468.453,3
1468.539,3
1468.626,3
1468.713,3
1468.799,3
1468.886,0
1468.973,0
1469.06,0
1469.146,0
1469.233,0
1469.32,1
1469.407,1
1469.493,1
1469.58,1
1469.667,0
1469.754,0
1469.84,0
1469.927,0
1470.014,1
1470.101,1
1470.188,1
1470.274,1
1470.361,1
1470.448,1
1470.535,3
1470.621,3
1470.708,2
1470.795,2
1470.882,5
1470.969,4
1471.055,4
1471.142,3
1471.229,1
1471.316,1
1471.403,0
1471.489,0
1471.576,0
1471.663,1
1471.75,2
1471.837,2
1471.924,2
1472.01,1
1472.097,1
1472.184,1
1472.271,1
1472.358,1
1472.445,1
1472.531,1
1472.618,1
1472.705,1
1472.792,0
1472.879,0
1472.966,0
1473.053,0
1473.139,0
1473.226,1
1473.313,2
1473.4,2
1473.487,2
1473.574,1
1473.661,0
1473.748,1
1473.834,1
1473.921,1
1474.008,1
1474.095,2
1474.182,2
1474.269,2
1474.356,2
1474.443,0
1474.53,0
1474.616,0
1474.703,0
1474.79,1
1474.877,1
1474.964,3
1475.051,3
1475.138,2
1475.225,2
1475.312,0
1475.399,0
1475.486,0
1475.573,0
1475.66,0
1475.747,0
1475.833,0
1475.92,0
1476.007,3
1476.094,3
1476.181,3
1476.268,3
1476.355,2
1476.442,2
1476.529,3
1476.616,3
1476.703,1
1476.79,4
1476.877,5
1476.964,7
1477.051,10
1477.138,9
1477.225,8
1477.312,8
1477.399,8
1477.486,10
1477.573,10
1477.66,8
1477.747,5
1477.834,1
1477.921,0
1478.008,0
1478.095,0
1478.182,0
1478.269,0
1478.356,0
1478.443,0
1478.53,0
1478.617,0
1478.704,1
1478.791,1
1478.878,1
1478.965,1
1479.052,0
1479.139,0
1479.226,1
1479.313,1
1479.4,2
1479.487,4
1479.575,6
1479.662,7
1479.749,7
1479.836,6
1479.923,6
1480.01,4
1480.097,4
1480.184,4
1480.271,2
1480.358,0
1480.445,0
1480.532,0
1480.619,0
1480.706,3
1480.794,3
1480.881,3
1480.968,4
1481.055,4
1481.142,5
1481.229,5
1481.316,4
1481.403,1
1481.49,0
1481.578,0
1481.665,0
1481.752,0
1481.839,0
1481.926,3
1482.013,4
1482.1,4
1482.187,6
1482.275,3
1482.362,3
1482.449,3
1482.536,2
1482.623,2
1482.71,1
1482.797,1
1482.885,4
1482.972,3
1483.059,2
1483.146,1
1483.233,4
1483.32,9
1483.408,13
1483.495,17
1483.582,16
1483.669,16
1483.756,15
1483.843,12
1483.931,12
1484.018,9
1484.105,10
1484.192,7
1484.279,7
1484.367,5
1484.454,5
1484.541,2
1484.628,3
1484.715,4
1484.803,3
1484.89,3
1484.977,3
1485.064,3
1485.152,3
1485.239,3
1485.326,2
1485.413,0
1485.5,1
1485.588,1
1485.675,1
1485.762,1
1485.849,0
1485.937,0
1486.024,0
1486.111,3
1486.198,3
1486.286,4
1486.373,5
1486.46,3
1486.547,5
1486.635,5
1486.722,5
1486.809,11
1486.897,8
1486.984,8
1487.071,8
1487.158,5
1487.246,5
1487.333,5
1487.42,6
1487.508,3
1487.595,5
1487.682,5
1487.769,4
1487.857,7
1487.944,4
1488.031,5
1488.119,6
1488.206,7
1488.293,8
1488.381,8
1488.468,7
1488.555,4
1488.643,2
1488.73,5
1488.817,5
1488.905,7
1488.992,7
1489.079,7
1489.167,6
1489.254,6
1489.341,6
1489.429,5
1489.516,5
1489.603,3
1489.691,2
1489.778,2
1489.866,2
1489.953,0
1490.04,0
1490.128,1
1490.215,1
1490.302,1
1490.39,1
1490.477,0
1490.565,0
1490.652,0
1490.739,0
1490.827,4
1490.914,4
1491.002,4
1491.089,4
1491.176,2
1491.264,2
1491.351,2
1491.439,2
1491.526,1
1491.613,1
1491.701,1
1491.788,2
1491.876,1
1491.963,1
1492.05,1
1492.138,0
1492.225,0
1492.313,0
1492.4,0
1492.488,0
1492.575,1
1492.663,1
1492.75,1
1492.837,1
1492.925,2
1493.012,2
1493.1,2
1493.187,2
1493.275,0
1493.362,0
1493.45,0
1493.537,1
1493.625,1
1493.712,2
1493.8,3
1493.887,2
1493.975,2
1494.062,1
1494.15,0
1494.237,0
1494.325,0
1494.412,1
1494.5,1
1494.587,3
1494.675,6
1494.762,5
1494.85,5
1494.937,3
1495.025,0
1495.112,0
1495.2,2
1495.287,2
1495.375,2
1495.462,2
1495.55,5
1495.637,4
1495.725,4
1495.812,4
1495.9,3
1495.988,7
1496.075,6
1496.163,5
1496.25,4
1496.338,0
1496.425,0
1496.513,0
1496.6,0
1496.688,0
1496.776,0
1496.863,0
1496.951,0
1497.038,2
1497.126,3
1497.213,4
1497.301,5
1497.389,5
1497.476,4
1497.564,3
1497.651,4
1497.739,3
1497.827,4
1497.914,4
1498.002,2
1498.089,1
1498.177,0
1498.265,0
1498.352,0
1498.44,0
1498.528,0
1498.615,0
1498.703,0
1498.79,0
1498.878,0
1498.966,0
1499.053,0
1499.141,2
1499.229,3
1499.316,5
1499.404,9
1499.492,8
1499.579,7
1499.667,5
1499.755,4
1499.842,3
1499.93,6
1500.018,6
1500.105,3
1500.193,5
1500.281,9
1500.368,8
1500.456,7
1500.544,5
1500.631,1
1500.719,1
1500.807,1
1500.894,0
1500.982,0
1501.07,0
1501.158,0
1501.245,2
1501.333,2
1501.421,2
1501.508,2
1501.596,1
1501.684,1
1501.771,1
1501.859,2
1501.947,1
1502.035,2
1502.122,2
1502.21,1
1502.298,1
1502.386,0
1502.473,0
1502.561,0
1502.649,1
1502.737,1
1502.824,1
1502.912,2
1503,3
1503.088,3
1503.175,3
1503.263,2
1503.351,0
1503.439,0
1503.526,0
1503.614,0
1503.702,0
1503.79,1
1503.878,1
1503.965,1
1504.053,1
1504.141,1
1504.229,1
1504.317,1
1504.404,4
1504.492,7
1504.58,7
1504.668,7
1504.756,10
1504.843,6
1504.931,6
1505.019,8
1505.107,6
1505.195,7
1505.282,8
1505.37,9
1505.458,9
1505.546,7
1505.634,6
1505.722,4
1505.809,4
1505.897,5
1505.985,5
1506.073,7
1506.161,8
1506.249,11
1506.337,10
1506.424,6
1506.512,5
1506.6,2
1506.688,2
1506.776,3
1506.864,2
1506.952,2
1507.039,2
1507.127,1
1507.215,1
1507.303,1
1507.391,1
1507.479,1
1507.567,1
1507.655,0
1507.743,0
1507.831,0
1507.918,3
1508.006,3
1508.094,3
1508.182,3
1508.27,0
1508.358,0
1508.446,0
1508.534,0
1508.622,0
1508.71,0
1508.798,1
1508.886,1
1508.973,1
1509.061,2
1509.149,1
1509.237,1
1509.325,1
1509.413,2
1509.501,2
1509.589,3
1509.677,4
1509.765,7
1509.853,6
1509.941,4
1510.029,2
1510.117,0
1510.205,1
1510.293,1
1510.381,1
1510.469,1
1510.557,1
1510.645,1
1510.733,3
1510.821,6
1510.909,5
1510.997,5
1511.085,3
1511.173,1
1511.261,1
1511.349,1
1511.437,1
1511.525,0
1511.613,0
1511.701,0
1511.789,0
1511.877,0
1511.965,0
1512.053,0
1512.141,0
1512.229,0
1512.317,0
1512.405,0
1512.493,0
1512.581,1
1512.669,1
1512.757,1
1512.845,1
1512.933,0
1513.021,0
1513.109,0
1513.197,0
1513.285,0
1513.374,0
1513.462,0
1513.55,0
1513.638,1
1513.726,1
1513.814,1
1513.902,1
1513.99,0
1514.078,0
1514.166,1
1514.254,1
1514.342,2
1514.431,2
1514.519,4
1514.607,4
1514.695,4
1514.783,4
1514.871,1
1514.959,1
1515.047,0
1515.135,0
1515.224,0
1515.312,0
1515.4,0
1515.488,0
1515.576,0
1515.664,0
1515.752,0
1515.84,0
1515.929,0
1516.017,0
1516.105,0
1516.193,0
1516.281,1
1516.369,1
1516.457,3
1516.546,4
1516.634,4
1516.722,7
1516.81,10
1516.898,9
1516.986,8
1517.075,5
1517.163,4
1517.251,5
1517.339,6
1517.427,6
1517.516,2
1517.604,1
1517.692,3
1517.78,3
1517.868,3
1517.957,3
1518.045,0
1518.133,0
1518.221,0
1518.309,0
1518.398,0
1518.486,1
1518.574,2
1518.662,3
1518.75,4
1518.839,4
1518.927,4
1519.015,5
1519.103,6
1519.192,5
1519.28,4
1519.368,2
1519.456,0
1519.545,0
1519.633,0
1519.721,0
1519.809,2
1519.898,2
1519.986,4
1520.074,4
1520.162,2
1520.251,2
1520.339,0
1520.427,0
1520.516,0
1520.604,0
1520.692,0
1520.78,0
1520.869,0
1520.957,0
1521.045,0
1521.134,1
1521.222,1
1521.31,1
1521.398,1
1521.487,0
1521.575,0
1521.663,0
1521.752,0
1521.84,0
1521.928,0
1522.017,0
1522.105,0
1522.193,0
1522.282,1
1522.37,1
1522.458,1
1522.547,2
1522.635,3
1522.723,3
1522.812,3
1522.9,2
1522.988,2
1523.077,2
1523.165,2
1523.253,2
1523.342,1
1523.43,1
1523.518,1
1523.607,1
1523.695,0
1523.784,0
1523.872,0
1523.96,0
1524.049,0
1524.137,0
1524.226,0
1524.314,0
1524.402,0
1524.491,0
1524.579,1
1524.667,1
1524.756,1
1524.844,1
1524.933,0
1525.021,0
1525.11,0
1525.198,1
1525.286,1
1525.375,1
1525.463,1
1525.552,0
1525.64,0
1525.729,0
1525.817,1
1525.905,2
1525.994,2
1526.082,2
1526.171,2
1526.259,3
1526.348,3
1526.436,3
1526.525,3
1526.613,1
1526.701,1
1526.79,1
1526.878,0
1526.967,0
1527.055,0
1527.144,0
1527.232,0
1527.321,0
1527.409,0
1527.498,0
1527.586,0
1527.675,0
1527.763,0
1527.852,0
1527.94,2
1528.029,2
1528.117,2
1528.206,2
1528.294,0
1528.383,0
1528.471,0
1528.56,0
1528.648,1
1528.737,1
1528.825,1
1528.914,1
1529.002,0
1529.091,0
1529.179,0
1529.268,0
1529.356,0
1529.445,0
1529.534,0
1529.622,0
1529.711,2
1529.799,2
1529.888,5
1529.976,5
1530.065,3
1530.153,3
1530.242,0
1530.331,0
1530.419,0
1530.508,0
1530.596,0
1530.685,1
1530.773,1
1530.862,1
1530.951,1
1531.039,0
1531.128,0
1531.216,0
1531.305,0
1531.394,1
1531.482,2
1531.571,3
1531.659,6
1531.748,6
1531.837,7
1531.925,7
1532.014,7
1532.102,8
1532.191,6
1532.28,5
1532.368,2
1532.457,0
1532.546,0
1532.634,0
1532.723,0
1532.812,0
1532.9,0
1532.989,0
1533.077,0
1533.166,0
1533.255,0
1533.343,0
1533.432,0
1533.521,0
1533.609,1
1533.698,1
1533.787,1
1533.875,2
1533.964,2
1534.053,3
1534.141,7
1534.23,6
1534.319,5
1534.407,4
1534.496,1
1534.585,1
1534.674,1
1534.762,1
1534.851,0
1534.94,0
1535.028,1
1535.117,3
1535.206,4
1535.295,5
1535.383,5
1535.472,4
1535.561,4
1535.649,4
1535.738,2
1535.827,2
1535.916,2
1536.004,2
1536.093,1
1536.182,1
1536.271,1
1536.359,1
1536.448,3
1536.537,3
1536.626,4
1536.714,4
1536.803,3
1536.892,3
1536.981,3
1537.069,3
1537.158,4
1537.247,4
1537.336,5
1537.424,5
1537.513,2
1537.602,2
1537.691,2
1537.78,2
1537.868,2
1537.957,2
1538.046,3
1538.135,3
1538.224,4
1538.312,4
1538.401,1
1538.49,2
1538.579,3
1538.668,3
1538.756,4
1538.845,3
1538.934,1
1539.023,1
1539.112,0
1539.201,0
1539.289,0
1539.378,0
1539.467,0
1539.556,1
1539.645,1
1539.734,1
1539.822,1
1539.911,0
1540,1
1540.089,1
1540.178,1
1540.267,1
1540.356,3
1540.444,3
1540.533,4
1540.622,4
1540.711,1
1540.8,1
1540.889,0
1540.978,0
1541.067,0
1541.155,0
1541.244,0
1541.333,0
1541.422,0
1541.511,0
1541.6,0
1541.689,0
1541.778,4
1541.867,6
1541.956,9
1542.044,12
1542.133,12
1542.222,12
1542.311,13
1542.4,11
1542.489,7
1542.578,6
1542.667,3
1542.756,3
1542.845,0
1542.934,0
1543.023,3
1543.112,3
1543.201,3
1543.29,3
1543.378,0
1543.467,0
1543.556,2
1543.645,2
1543.734,2
1543.823,2
1543.912,4
1544.001,3
1544.09,3
1544.179,2
1544.268,1
1544.357,1
1544.446,0
1544.535,0
1544.624,1
1544.713,1
1544.802,1
1544.891,1
1544.98,0
1545.069,1
1545.158,2
1545.247,4
1545.336,6
1545.425,8
1545.514,9
1545.603,7
1545.692,5
1545.781,4
1545.87,3
1545.959,3
1546.048,3
1546.137,3
1546.226,3
1546.315,4
1546.404,5
1546.493,7
1546.582,6
1546.672,5
1546.761,4
1546.85,0
1546.939,3
1547.028,3
1547.117,3
1547.206,3
1547.295,0
1547.384,0
1547.473,0
1547.562,1
1547.651,1
1547.74,1
1547.829,1
1547.918,0
1548.008,0
1548.097,0
1548.186,0
1548.275,3
1548.364,3
1548.453,3
1548.542,4
1548.631,1
1548.72,1
1548.809,1
1548.899,2
1548.988,5
1549.077,5
1549.166,5
1549.255,3
1549.344,2
1549.433,2
1549.522,2
1549.612,2
1549.701,0
1549.79,0
1549.879,1
1549.968,4
1550.057,7
1550.146,10
1550.236,12
1550.325,14
1550.414,12
1550.503,10
1550.592,8
1550.681,3
1550.771,3
1550.86,4
1550.949,5
1551.038,3
1551.127,4
1551.217,3
1551.306,2
1551.395,1
1551.484,0
1551.573,0
1551.662,0
1551.752,1
1551.841,2
1551.93,4
1552.019,4
1552.108,3
1552.198,2
1552.287,0
1552.376,0
1552.465,0
1552.555,1
1552.644,1
1552.733,1
1552.822,1
1552.911,0
1553.001,0
1553.09,0
1553.179,0
1553.268,1
1553.358,1
1553.447,1
1553.536,2
1553.625,3
1553.715,5
1553.804,7
1553.893,8
1553.982,8
1554.072,10
1554.161,8
1554.25,6
1554.34,4
1554.429,0
1554.518,0
1554.607,1
1554.697,1
1554.786,1
1554.875,1
1554.965,0
1555.054,0
1555.143,0
1555.232,0
1555.322,1
1555.411,1
1555.5,1
1555.59,1
1555.679,0
1555.768,0
1555.858,1
1555.947,1
1556.036,1
1556.126,2
1556.215,1
1556.304,2
1556.394,3
1556.483,3
1556.572,6
1556.662,6
1556.751,6
1556.84,6
1556.93,4
1557.019,3
1557.108,2
1557.198,1
1557.287,0
1557.376,0
1557.466,1
1557.555,1
1557.645,3
1557.734,3
1557.823,2
1557.913,2
1558.002,0
1558.091,0
1558.181,0
1558.27,0
1558.36,0
1558.449,0
1558.538,1
1558.628,1
1558.717,2
1558.807,5
1558.896,8
1558.985,10
1559.075,10
1559.164,8
1559.254,5
1559.343,3
1559.432,2
1559.522,1
1559.611,0
1559.701,1
1559.79,1
1559.88,1
1559.969,1
1560.059,0
1560.148,0
1560.237,0
1560.327,0
1560.416,0
1560.506,0
1560.595,0
1560.685,1
1560.774,2
1560.864,2
1560.953,2
1561.043,1
1561.132,0
1561.222,0
1561.311,0
1561.4,0
1561.49,0
1561.579,0
1561.669,0
1561.758,1
1561.848,1
1561.937,1
1562.027,1
1562.116,0
1562.206,2
1562.295,3
1562.385,4
1562.474,7
1562.564,5
1562.653,4
1562.743,3
1562.833,2
1562.922,2
1563.012,2
1563.101,2
1563.191,0
1563.28,1
1563.37,1
1563.459,1
1563.549,1
1563.638,0
1563.728,0
1563.817,0
1563.907,3
1563.997,4
1564.086,5
1564.176,5
1564.265,3
1564.355,2
1564.444,1
1564.534,1
1564.624,0
1564.713,0
1564.803,0
1564.892,0
1564.982,0
1565.071,1
1565.161,1
1565.251,1
1565.34,2
1565.43,1
1565.519,1
1565.609,1
1565.699,8
1565.788,8
1565.878,7
1565.967,6
1566.057,2
1566.147,2
1566.236,3
1566.326,4
1566.416,9
1566.505,9
1566.595,11
1566.684,13
1566.774,8
1566.864,8
1566.953,7
1567.043,4
1567.133,4
1567.222,4
1567.312,2
1567.402,2
1567.491,1
1567.581,1
1567.671,1
1567.76,1
1567.85,1
1567.94,1
1568.029,2
1568.119,3
1568.209,4
1568.298,4
1568.388,4
1568.478,5
1568.567,3
1568.657,5
1568.747,9
1568.837,10
1568.926,10
1569.016,11
1569.106,10
1569.195,8
1569.285,6
1569.375,6
1569.464,3
1569.554,3
1569.644,3
1569.734,0
1569.823,0
1569.913,0
1570.003,1
1570.093,1
1570.182,3
1570.272,3
1570.362,4
1570.452,6
1570.541,6
1570.631,7
1570.721,9
1570.811,9
1570.9,8
1570.99,8
1571.08,4
1571.17,4
1571.259,4
1571.349,4
1571.439,2
1571.529,1
1571.618,1
1571.708,1
1571.798,0
1571.888,0
1571.978,0
1572.067,3
1572.157,3
1572.247,3
1572.337,4
1572.427,2
1572.516,3
1572.606,3
1572.696,2
1572.786,1
1572.876,0
1572.965,0
1573.055,0
1573.145,0
1573.235,0
1573.325,0
1573.415,0
1573.504,0
1573.594,0
1573.684,3
1573.774,6
1573.864,9
1573.954,14
1574.043,13
1574.133,12
1574.223,11
1574.313,5
1574.403,4
1574.493,3
1574.583,2
1574.672,2
1574.762,2
1574.852,2
1574.942,2
1575.032,5
1575.122,5
1575.212,4
1575.302,3
1575.392,1
1575.481,0
1575.571,0
1575.661,1
1575.751,1
1575.841,3
1575.931,5
1576.021,4
1576.111,7
1576.201,5
1576.291,3
1576.38,3
1576.47,2
1576.56,2
1576.65,2
1576.74,2
1576.83,0
1576.92,0
1577.01,0
1577.1,0
1577.19,1
1577.28,1
1577.37,1
1577.46,3
1577.55,5
1577.64,6
1577.73,6
1577.82,4
1577.91,2
1577.999,1
1578.089,1
1578.179,1
1578.269,0
1578.359,1
1578.449,1
1578.539,1
1578.629,1
1578.719,3
1578.809,3
1578.899,3
1578.989,3
1579.079,0
1579.169,0
1579.259,1
1579.349,1
1579.439,2
1579.529,2
1579.619,1
1579.709,3
1579.799,2
1579.889,2
1579.979,2
1580.069,6
1580.159,5
1580.249,4
1580.339,3
1580.43,0
1580.52,1
1580.61,3
1580.7,3
1580.79,3
1580.88,3
1580.97,1
1581.06,2
1581.15,2
1581.24,1
1581.33,3
1581.42,2
1581.51,2
1581.6,2
1581.69,2
1581.78,2
1581.87,3
1581.961,3
1582.051,1
1582.141,1
1582.231,2
1582.321,2
1582.411,2
1582.501,2
1582.591,0
1582.681,0
1582.771,0
1582.861,2
1582.952,2
1583.042,3
1583.132,3
1583.222,1
1583.312,1
1583.402,0
1583.492,0
1583.582,0
1583.673,0
1583.763,0
1583.853,0
1583.943,0
1584.033,0
1584.123,0
1584.213,0
1584.304,0
1584.394,0
1584.484,0
1584.574,0
1584.664,0
1584.754,0
1584.844,0
1584.935,2
1585.025,3
1585.115,3
1585.205,5
1585.295,4
1585.386,3
1585.476,3
1585.566,6
1585.656,4
1585.746,3
1585.836,2
1585.927,0
1586.017,0
1586.107,0
1586.197,0
1586.287,0
1586.378,0
1586.468,0
1586.558,2
1586.648,5
1586.739,6
1586.829,6
1586.919,4
1587.009,3
1587.099,3
1587.19,3
1587.28,3
1587.37,1
1587.46,0
1587.551,0
1587.641,0
1587.731,0
1587.821,0
1587.912,0
1588.002,0
1588.092,0
1588.182,0
1588.273,0
1588.363,0
1588.453,0
1588.543,0
1588.634,0
1588.724,0
1588.814,0
1588.905,0
1588.995,0
1589.085,0
1589.175,0
1589.266,0
1589.356,0
1589.446,0
1589.537,1
1589.627,1
1589.717,1
1589.808,1
1589.898,0
1589.988,0
1590.078,0
1590.169,0
1590.259,0
1590.349,0
1590.44,0
1590.53,1
1590.62,2
1590.711,3
1590.801,5
1590.891,8
1590.982,8
1591.072,10
1591.162,9
1591.253,8
1591.343,8
1591.434,5
1591.524,5
1591.614,3
1591.705,5
1591.795,2
1591.885,2
1591.976,2
1592.066,0
1592.156,0
1592.247,0
1592.337,0
1592.428,0
1592.518,0
1592.608,0
1592.699,0
1592.789,0
1592.88,0
1592.97,0
1593.06,0
1593.151,0
1593.241,0
1593.332,0
1593.422,0
1593.512,1
1593.603,2
1593.693,3
1593.784,4
1593.874,5
1593.965,4
1594.055,3
1594.145,3
1594.236,1
1594.326,4
1594.417,4
1594.507,3
1594.598,3
1594.688,0
1594.779,0
1594.869,0
1594.959,0
1595.05,0
1595.14,0
1595.231,0
1595.321,0
1595.412,0
1595.502,0
1595.593,0
1595.683,0
1595.774,0
1595.864,0
1595.955,2
1596.045,2
1596.136,2
1596.226,2
1596.317,0
1596.407,0
1596.498,0
1596.588,1
1596.679,1
1596.769,1
1596.86,1
1596.95,0
1597.041,0
1597.131,0
1597.222,0
1597.312,0
1597.403,0
1597.493,0
1597.584,0
1597.674,0
1597.765,0
1597.855,0
1597.946,2
1598.037,2
1598.127,2
1598.218,2
1598.308,0
1598.399,0
1598.489,0
1598.58,0
1598.67,0
1598.761,0
1598.852,0
1598.942,0
1599.033,0
1599.123,0
1599.214,2
1599.304,2
1599.395,2
1599.486,2
1599.576,3
1599.667,4
1599.757,5
1599.848,6
1599.939,6
1600.029,7
