mz,abundance
698.517,717
698.577,742
698.636,752
698.696,756
698.755,749
698.815,745
698.874,738
698.934,722
698.993,694
699.053,684
699.112,642
699.172,623
699.231,622
699.291,629
699.351,640
699.41,671
699.47,700
699.529,713
699.589,744
699.648,753
699.708,756
699.767,766
699.827,763
699.886,753
699.946,711
700.006,677
700.065,651
700.125,644
700.184,660
700.244,664
700.303,678
700.363,674
700.423,685
700.482,705
700.542,706
700.601,723
700.661,743
700.721,759
700.78,774
700.84,775
700.899,769
700.959,755
701.019,754
701.078,755
701.138,750
701.198,756
701.257,742
701.317,740
701.376,738
701.436,749
701.496,759
701.555,761
701.615,763
701.675,760
701.734,756
701.794,739
701.853,720
701.913,687
701.973,669
702.032,667
702.092,659
702.152,663
702.211,674
702.271,683
702.331,698
702.39,720
702.45,732
702.51,746
702.569,745
702.629,764
702.689,785
702.749,814
702.808,844
702.868,864
702.928,866
702.987,860
703.047,843
703.107,821
703.166,811
703.226,795
703.286,779
703.346,747
703.405,726
703.465,721
703.525,713
703.584,724
703.644,736
703.704,753
703.764,781
703.823,807
703.883,822
703.943,849
704.003,847
704.062,848
704.122,864
704.182,858
704.241,848
704.301,837
704.361,818
704.421,796
704.481,796
704.54,782
704.6,777
704.66,792
704.72,804
704.779,794
704.839,793
704.899,784
704.959,754
705.018,744
705.078,737
705.138,720
705.198,723
705.258,721
705.317,726
705.377,728
705.437,726
705.497,719
705.557,706
705.616,701
705.676,698
705.736,712
705.796,705
705.856,716
705.916,721
705.975,715
706.035,716
706.095,699
706.155,694
706.215,677
706.275,685
706.334,692
706.394,710
706.454,725
706.514,738
706.574,749
706.634,742
706.693,759
706.753,748
706.813,729
706.873,719
706.933,706
706.993,683
707.053,683
707.113,669
707.172,668
707.232,652
707.292,659
707.352,675
707.412,671
707.472,690
707.532,695
707.592,712
707.651,742
707.711,751
707.771,751
707.831,759
707.891,775
707.951,766
708.011,748
708.071,727
708.131,687
708.191,676
708.251,684
708.311,688
708.37,684
708.43,705
708.49,726
708.55,738
708.61,762
708.67,783
708.73,796
708.79,807
708.85,815
708.91,800
708.97,790
709.03,798
709.09,793
709.15,768
709.21,757
709.27,734
709.33,715
709.39,719
709.45,739
709.51,745
709.57,760
709.629,762
709.689,772
709.749,759
709.809,739
709.869,724
709.929,706
709.989,694
710.049,679
710.109,662
710.169,650
710.229,640
710.289,670
710.349,667
710.409,678
710.469,689
710.53,711
710.59,735
710.65,757
710.71,764
710.77,772
710.83,768
710.89,743
710.95,729
711.01,710
711.07,703
711.13,697
711.19,707
711.25,720
711.31,726
711.37,731
711.43,726
711.49,729
711.55,731
711.61,744
711.67,749
711.73,756
711.791,779
711.851,797
711.911,810
711.971,800
712.031,783
712.091,769
712.151,754
712.211,752
712.271,741
712.331,737
712.391,734
712.451,727
712.512,715
712.572,707
712.632,707
712.692,701
712.752,709
712.812,718
712.872,708
712.932,703
712.993,686
713.053,662
713.113,654
713.173,643
713.233,653
713.293,668
713.353,681
713.413,690
713.474,698
713.534,711
713.594,724
713.654,735
713.714,740
713.774,730
713.835,728
713.895,729
713.955,728
714.015,739
714.075,736
714.135,740
714.196,733
714.256,720
714.316,719
714.376,721
714.436,733
714.496,755
714.557,769
714.617,783
714.677,788
714.737,790
714.797,796
714.858,807
714.918,783
714.978,776
715.038,770
715.098,766
715.159,758
715.219,752
715.279,738
715.339,718
715.4,727
715.46,723
715.52,728
715.58,734
715.641,751
715.701,765
715.761,782
715.821,795
715.881,772
715.942,764
716.002,755
716.062,746
716.123,724
716.183,715
716.243,708
716.303,712
716.364,728
716.424,717
716.484,704
716.544,685
716.605,709
716.665,718
716.725,729
716.786,739
716.846,733
716.906,735
716.966,717
717.027,738
717.087,740
717.147,747
717.208,774
717.268,802
717.328,831
717.389,901
717.449,983
717.509,1022
717.569,1120
717.63,1217
717.69,1339
717.75,1460
717.811,1582
717.871,1686
717.931,1844
717.992,1984
718.052,2125
718.112,2300
718.173,2431
718.233,2601
718.294,2719
718.354,2795
718.414,2844
718.475,2973
718.535,3137
718.595,3325
718.656,3631
718.716,4100
718.776,4799
718.837,5985
718.897,7453
718.958,9452
719.018,11747
719.078,14277
719.139,16996
719.199,19192
719.259,20973
719.32,22017
719.38,22301
719.441,22054
719.501,21250
719.561,19896
719.622,18327
719.682,16596
719.743,15031
719.803,13805
719.864,13001
719.924,12879
719.984,13183
720.045,14185
720.105,15650
720.166,17252
720.226,18872
720.286,20205
720.347,21028
720.407,21266
720.468,20901
720.528,19825
720.589,18399
720.649,16737
720.71,15172
720.77,13847
720.831,12810
720.891,12086
720.951,11637
721.012,11606
721.072,11944
721.133,12756
721.193,13714
721.254,14709
721.314,15550
721.375,15944
721.435,15986
721.496,15479
721.556,14604
721.617,13452
721.677,12231
721.738,11056
721.798,10085
721.859,9355
721.919,8748
721.98,8381
722.04,8133
722.101,8091
722.161,8227
722.222,8560
722.282,8927
722.343,9235
722.403,9406
722.464,9312
722.524,9076
722.585,8627
722.645,8080
722.706,7519
722.767,6967
722.827,6473
722.888,6079
722.948,5788
723.009,5536
723.069,5388
723.13,5294
723.19,5289
723.251,5343
723.312,5447
723.372,5534
723.433,5542
723.493,5522
723.554,5400
723.614,5239
723.675,5068
723.736,4879
723.796,4720
723.857,4574
723.917,4477
723.978,4403
724.038,4365
724.099,4355
724.16,4366
724.22,4362
724.281,4361
724.341,4387
724.402,4393
724.463,4387
724.523,4357
724.584,4321
724.645,4267
724.705,4206
724.766,4153
724.826,4105
724.887,4089
724.948,4070
725.008,4049
725.069,4025
725.13,4016
725.19,4004
725.251,4003
725.312,3989
725.372,3912
725.433,3785
725.493,3598
725.554,3380
725.615,3179
725.675,2991
725.736,2869
725.797,2765
725.857,2721
725.918,2693
725.979,2692
726.04,2716
726.1,2744
726.161,2783
726.222,2809
726.282,2835
726.343,2831
726.404,2789
726.464,2723
726.525,2630
726.586,2533
726.646,2436
726.707,2368
726.768,2292
726.829,2256
726.889,2225
726.95,2220
727.011,2212
727.071,2199
727.132,2197
727.193,2196
727.254,2205
727.314,2234
727.375,2269
727.436,2271
727.497,2272
727.557,2228
727.618,2174
727.679,2108
727.74,2060
727.8,2022
727.861,1978
727.922,1946
727.983,1927
728.043,1916
728.104,1906
728.165,1900
728.226,1873
728.286,1860
728.347,1862
728.408,1845
728.469,1841
728.53,1844
728.59,1831
728.651,1816
728.712,1818
728.773,1795
728.834,1790
728.894,1801
728.955,1789
729.016,1784
729.077,1777
729.138,1769
729.198,1766
729.259,1764
729.32,1768
729.381,1756
729.442,1746
729.502,1752
729.563,1749
729.624,1745
729.685,1744
729.746,1726
729.807,1723
729.867,1695
729.928,1659
729.989,1633
730.05,1603
730.111,1587
730.172,1583
730.233,1572
730.293,1567
730.354,1569
730.415,1571
730.476,1584
730.537,1604
730.598,1618
730.659,1627
730.719,1620
730.78,1605
730.841,1580
730.902,1582
730.963,1560
731.024,1530
731.085,1519
731.146,1489
731.207,1465
731.267,1445
731.328,1426
731.389,1391
731.45,1375
731.511,1341
731.572,1318
731.633,1337
731.694,1326
731.755,1340
731.816,1355
731.877,1361
731.938,1370
731.998,1353
732.059,1340
732.12,1353
732.181,1379
732.242,1383
732.303,1384
732.364,1400
732.425,1411
732.486,1407
732.547,1422
732.608,1421
732.669,1406
732.73,1422
732.791,1436
732.852,1454
732.913,1461
732.974,1484
733.035,1499
733.096,1528
733.157,1560
733.218,1582
733.279,1601
733.34,1604
733.401,1601
733.462,1594
733.523,1566
733.584,1564
733.645,1549
733.706,1549
733.767,1561
733.828,1568
733.889,1581
733.95,1574
734.011,1595
734.072,1589
734.133,1597
734.194,1603
734.255,1607
734.316,1588
734.377,1553
734.438,1534
734.499,1523
734.56,1501
734.621,1486
734.682,1496
734.743,1485
734.804,1491
734.865,1511
734.926,1524
734.987,1519
735.048,1539
735.109,1542
735.17,1545
735.231,1563
735.293,1588
735.354,1616
735.415,1645
735.476,1688
735.537,1711
735.598,1720
735.659,1730
735.72,1735
735.781,1725
735.842,1724
735.903,1702
735.964,1682
736.026,1679
736.087,1686
736.148,1677
736.209,1692
736.27,1692
736.331,1689
736.392,1704
736.453,1727
736.514,1724
736.576,1729
736.637,1736
736.698,1719
736.759,1754
736.82,1759
736.881,1754
736.942,1774
737.003,1774
737.065,1755
737.126,1747
737.187,1729
737.248,1706
737.309,1722
737.37,1713
737.432,1686
737.493,1694
737.554,1676
737.615,1697
737.676,1716
737.737,1720
737.799,1734
737.86,1738
737.921,1735
737.982,1699
738.043,1680
738.104,1675
738.166,1661
738.227,1650
738.288,1629
738.349,1623
738.41,1612
738.472,1618
738.533,1623
738.594,1639
738.655,1649
738.716,1682
738.778,1716
738.839,1708
738.9,1727
738.961,1708
739.023,1688
739.084,1684
739.145,1664
739.206,1647
739.267,1630
739.329,1602
739.39,1571
739.451,1563
739.512,1568
739.574,1573
739.635,1599
739.696,1586
739.757,1588
739.819,1627
739.88,1651
739.941,1691
740.003,1715
740.064,1718
740.125,1728
740.186,1721
740.248,1711
740.309,1692
740.37,1671
740.431,1652
740.493,1635
740.554,1628
740.615,1623
740.677,1629
740.738,1626
740.799,1630
740.861,1626
740.922,1623
740.983,1632
741.044,1639
741.106,1640
741.167,1611
741.228,1591
741.29,1552
741.351,1530
741.412,1521
741.474,1498
741.535,1471
741.596,1445
741.658,1438
741.719,1425
741.78,1427
741.842,1423
741.903,1420
741.964,1429
742.026,1424
742.087,1410
742.148,1406
742.21,1411
742.271,1414
742.333,1416
742.394,1396
742.455,1376
742.517,1355
742.578,1341
742.639,1322
742.701,1317
742.762,1299
742.824,1281
742.885,1291
742.946,1312
743.008,1338
743.069,1351
743.131,1356
743.192,1368
743.253,1377
743.315,1376
743.376,1373
743.438,1344
743.499,1318
743.56,1298
743.622,1289
743.683,1284
743.745,1266
743.806,1262
743.867,1242
743.929,1242
743.99,1230
744.052,1205
744.113,1188
744.175,1183
744.236,1186
744.298,1183
744.359,1192
744.42,1186
744.482,1213
744.543,1254
744.605,1249
744.666,1282
744.728,1293
744.789,1278
744.851,1290
744.912,1262
744.974,1241
745.035,1235
745.097,1220
745.158,1200
745.22,1184
745.281,1148
745.343,1140
745.404,1126
745.466,1130
745.527,1156
745.589,1179
745.65,1197
745.712,1208
745.773,1213
745.835,1196
745.896,1175
745.958,1165
746.019,1153
746.081,1139
746.142,1139
746.204,1136
746.265,1112
746.327,1103
746.388,1103
746.45,1087
746.511,1092
746.573,1100
746.634,1095
746.696,1084
746.757,1068
746.819,1067
746.881,1066
746.942,1052
747.004,1040
747.065,1049
747.127,1052
747.188,1053
747.25,1055
747.312,1035
747.373,1011
747.435,1002
747.496,984
747.558,985
747.619,984
747.681,997
747.743,1000
747.804,1023
747.866,1051
747.927,1056
747.989,1088
748.051,1094
748.112,1093
748.174,1090
748.235,1088
748.297,1092
748.359,1094
748.42,1076
748.482,1071
748.544,1073
748.605,1085
748.667,1096
748.728,1092
748.79,1058
748.852,1043
748.913,1018
748.975,993
749.037,963
749.098,929
749.16,914
749.222,900
749.283,907
749.345,921
749.407,941
749.468,970
749.53,974
749.592,977
749.653,961
749.715,955
749.777,955
749.838,955
749.9,938
749.962,915
750.023,907
750.085,899
750.147,899
750.208,890
750.27,895
750.332,893
750.393,892
750.455,884
750.517,884
750.579,895
750.64,909
750.702,941
750.764,947
750.825,958
750.887,965
750.949,960
751.011,939
751.072,924
751.134,896
751.196,889
751.257,867
751.319,849
751.381,839
751.443,812
751.504,820
751.566,818
751.628,834
751.69,849
751.751,861
751.813,868
751.875,864
751.937,867
751.999,879
752.06,884
752.122,894
752.184,895
752.246,880
752.307,875
752.369,884
752.431,877
752.493,852
752.555,855
752.616,856
752.678,862
752.74,869
752.802,872
752.864,872
752.925,865
752.987,870
753.049,849
753.111,829
753.173,801
753.234,791
753.296,785
753.358,790
753.42,790
753.482,775
753.544,773
753.605,770
753.667,788
753.729,810
753.791,812
753.853,815
753.915,812
753.976,807
754.038,810
754.1,807
754.162,781
754.224,785
754.286,803
754.348,804
754.409,815
754.471,800
754.533,791
754.595,784
754.657,791
754.719,793
754.781,792
754.843,820
754.904,837
754.966,854
755.028,839
755.09,814
755.152,781
755.214,734
755.276,721
755.338,718
755.4,713
755.462,720
755.524,725
755.585,719
755.647,730
755.709,738
755.771,743
755.833,760
755.895,773
755.957,780
756.019,795
756.081,787
756.143,802
756.205,799
756.267,793
756.329,796
756.391,775
756.453,768
756.514,766
756.576,741
756.638,734
756.7,742
756.762,748
756.824,761
756.886,777
756.948,810
757.01,814
757.072,811
757.134,793
757.196,781
757.258,776
757.32,776
757.382,784
757.444,763
757.506,762
757.568,767
757.63,761
757.692,793
757.754,800
757.816,804
757.878,816
757.94,819
758.002,819
758.064,832
758.126,856
758.188,862
758.25,879
758.312,897
758.374,911
758.436,919
758.498,929
758.56,918
758.622,912
758.684,913
758.747,911
758.809,900
758.871,905
758.933,918
758.995,917
759.057,920
759.119,913
759.181,921
759.243,918
759.305,918
759.367,932
759.429,912
759.491,904
759.553,904
759.615,892
759.678,897
759.74,898
759.802,906
759.864,913
759.926,937
759.988,974
760.05,997
760.112,1015
760.174,1014
760.236,1008
760.299,1005
760.361,998
760.423,986
760.485,989
760.547,989
760.609,1000
760.671,989
760.733,984
760.796,977
760.858,964
760.92,961
760.982,967
761.044,963
761.106,965
761.168,963
761.231,972
761.293,967
761.355,959
761.417,987
761.479,1001
761.541,1021
761.603,1045
761.666,1066
761.728,1079
761.79,1086
761.852,1089
761.914,1077
761.977,1069
762.039,1063
762.101,1051
762.163,1041
762.225,1022
762.287,995
762.35,999
762.412,998
762.474,989
762.536,989
762.598,974
762.661,972
762.723,972
762.785,957
762.847,943
762.91,920
762.972,896
763.034,867
763.096,845
763.158,824
763.221,804
763.283,809
763.345,806
763.407,812
763.47,820
763.532,821
763.594,811
763.656,800
763.719,808
763.781,798
763.843,806
763.905,797
763.968,803
764.03,799
764.092,787
764.154,788
764.217,791
764.279,776
764.341,786
764.404,787
764.466,784
764.528,810
764.59,819
764.653,836
764.715,848
764.777,868
764.84,860
764.902,863
764.964,851
765.027,846
765.089,845
765.151,827
765.213,805
765.276,765
765.338,756
765.4,751
765.463,758
765.525,776
765.587,783
765.65,784
765.712,806
765.774,823
765.837,809
765.899,804
765.961,801
766.024,783
766.086,776
766.148,783
766.211,772
766.273,756
766.336,778
766.398,771
766.46,773
766.523,782
766.585,818
766.647,823
766.71,817
766.772,821
766.835,803
766.897,810
766.959,827
767.022,844
767.084,860
767.146,863
767.209,883
767.271,904
767.334,916
767.396,926
767.458,928
767.521,925
767.583,927
767.646,919
767.708,909
767.771,886
767.833,880
767.895,889
767.958,891
768.02,904
768.083,919
768.145,946
768.208,984
768.27,1046
768.332,1076
768.395,1118
768.457,1161
768.52,1184
768.582,1235
768.645,1228
768.707,1209
768.77,1194
768.832,1179
768.895,1182
768.957,1175
769.019,1187
769.082,1172
769.144,1196
769.207,1217
769.269,1252
769.332,1323
769.394,1387
769.457,1430
769.519,1463
769.582,1503
769.644,1513
769.707,1509
769.769,1489
769.832,1462
769.894,1469
769.957,1478
770.019,1469
770.082,1451
770.144,1472
770.207,1505
770.269,1583
770.332,1689
770.395,1796
770.457,1874
770.52,1925
770.582,1940
770.645,1897
770.707,1850
770.77,1791
770.832,1754
770.895,1736
770.957,1753
771.02,1761
771.082,1785
771.145,1811
771.208,1841
771.27,1894
771.333,1911
771.395,1963
771.458,1992
771.52,2043
771.583,2085
771.646,2086
771.708,2087
771.771,2046
771.833,2036
771.896,1996
771.959,1971
772.021,1954
772.084,1935
772.146,1919
772.209,1925
772.272,1927
772.334,1943
772.397,1991
772.459,2029
772.522,2072
772.585,2106
772.647,2079
772.71,2053
772.772,2017
772.835,1987
772.898,1972
772.96,1926
773.023,1905
773.086,1873
773.148,1816
773.211,1785
773.274,1755
773.336,1713
773.399,1695
773.462,1684
773.524,1656
773.587,1656
773.649,1635
773.712,1624
773.775,1614
773.837,1608
773.9,1603
773.963,1593
774.025,1566
774.088,1551
774.151,1542
774.214,1536
774.276,1548
774.339,1581
774.402,1573
774.464,1560
774.527,1560
774.59,1527
774.652,1511
774.715,1490
774.778,1469
774.841,1446
774.903,1433
774.966,1424
775.029,1412
775.091,1392
775.154,1369
775.217,1364
775.28,1337
775.342,1311
775.405,1294
775.468,1293
775.531,1288
775.593,1285
775.656,1289
775.719,1265
775.781,1259
775.844,1256
775.907,1246
775.97,1236
776.033,1215
776.095,1205
776.158,1163
776.221,1125
776.284,1091
776.346,1050
776.409,1022
776.472,1011
776.535,1008
776.597,1000
776.66,1006
776.723,1009
776.786,1012
776.849,1028
776.911,1025
776.974,1016
777.037,1013
777.1,996
777.163,992
777.225,976
777.288,953
777.351,937
777.414,941
777.477,916
777.539,908
777.602,906
777.665,893
777.728,921
777.791,937
777.854,934
777.916,940
777.979,928
778.042,908
778.105,895
778.168,872
778.231,843
778.294,842
778.356,845
778.419,854
778.482,852
778.545,846
778.608,857
778.671,856
778.734,880
778.796,888
778.859,899
778.922,902
778.985,919
779.048,913
779.111,908
779.174,907
779.237,888
779.3,880
779.362,893
779.425,893
779.488,884
779.551,898
779.614,886
779.677,867
779.74,869
779.803,867
779.866,860
779.929,877
779.991,877
780.054,865
780.117,878
780.18,872
780.243,859
780.306,858
780.369,866
780.432,860
780.495,854
780.558,864
780.621,855
780.684,866
780.747,872
780.81,852
780.873,848
780.936,854
780.999,843
781.062,831
781.125,811
781.187,797
781.25,800
781.313,797
781.376,805
781.439,816
781.502,816
781.565,822
781.628,828
781.691,844
781.754,860
781.817,896
781.88,936
781.943,950
782.006,990
782.069,1021
782.132,1060
782.195,1090
782.258,1102
782.321,1115
782.384,1123
782.447,1123
782.51,1123
782.573,1132
782.636,1162
782.7,1183
782.763,1220
782.826,1233
782.889,1251
782.952,1273
783.015,1301
783.078,1328
783.141,1347
783.204,1369
783.267,1397
783.33,1420
783.393,1461
783.456,1478
783.519,1480
783.582,1485
783.645,1485
783.708,1489
783.771,1470
783.835,1467
783.898,1461
783.961,1447
784.024,1470
784.087,1483
784.15,1484
784.213,1503
784.276,1501
784.339,1506
784.402,1542
784.465,1569
784.529,1574
784.592,1587
784.655,1565
784.718,1537
784.781,1534
784.844,1535
784.907,1554
784.97,1539
785.033,1534
785.097,1524
785.16,1518
785.223,1512
785.286,1527
785.349,1516
785.412,1502
785.475,1502
785.539,1491
785.602,1499
785.665,1494
785.728,1489
785.791,1489
785.854,1492
785.918,1511
785.981,1540
786.044,1543
786.107,1556
786.17,1571
786.233,1553
786.297,1548
786.36,1523
786.423,1477
786.486,1451
786.549,1418
786.612,1396
786.676,1382
786.739,1368
786.802,1373
786.865,1369
786.928,1384
786.992,1389
787.055,1393
787.118,1382
787.181,1376
787.245,1364
787.308,1347
787.371,1323
787.434,1323
787.497,1304
787.561,1299
787.624,1299
787.687,1302
787.75,1308
787.814,1322
787.877,1320
787.94,1297
788.003,1310
788.067,1338
788.13,1359
788.193,1365
788.256,1337
788.32,1302
788.383,1266
788.446,1235
788.509,1214
788.573,1194
788.636,1182
788.699,1181
788.762,1177
788.826,1180
788.889,1177
788.952,1160
789.016,1160
789.079,1156
789.142,1149
789.205,1165
789.269,1156
789.332,1154
789.395,1132
789.459,1106
789.522,1088
789.585,1063
789.649,1047
789.712,1055
789.775,1053
789.839,1058
789.902,1093
789.965,1079
790.029,1070
790.092,1064
790.155,1019
790.219,999
790.282,977
790.345,959
790.409,956
790.472,948
790.535,943
790.599,940
790.662,966
790.725,992
790.789,1024
790.852,1065
790.915,1085
790.979,1089
791.042,1082
791.106,1063
791.169,1017
791.232,991
791.296,965
791.359,942
791.422,931
791.486,913
791.549,922
791.613,917
791.676,934
791.739,940
791.803,941
791.866,951
791.93,966
791.993,965
792.056,972
792.12,961
792.183,960
792.247,961
792.31,948
792.374,931
792.437,930
792.5,932
792.564,907
792.627,904
792.691,892
792.754,870
792.818,869
792.881,892
792.945,911
793.008,908
793.071,925
793.135,913
793.198,908
793.262,924
793.325,919
793.389,910
793.452,919
793.516,915
793.579,905
793.643,909
793.706,911
793.77,906
793.833,914
793.897,911
793.96,912
794.024,936
794.087,962
794.151,972
794.214,976
794.278,980
794.341,979
794.405,997
794.468,1013
794.532,1021
794.595,1014
794.659,1030
794.722,1040
794.786,1053
794.849,1051
794.913,1045
794.976,1029
795.04,1023
795.103,1032
795.167,1046
795.23,1074
795.294,1124
795.357,1147
795.421,1178
795.485,1215
795.548,1258
795.612,1282
795.675,1300
795.739,1313
795.802,1329
795.866,1345
795.929,1359
795.993,1371
796.057,1384
796.12,1381
796.184,1400
796.247,1393
796.311,1396
796.375,1452
796.438,1486
796.502,1526
796.565,1560
796.629,1573
796.692,1555
796.756,1575
796.82,1579
796.883,1591
796.947,1583
797.011,1581
797.074,1575
797.138,1561
797.201,1559
797.265,1552
797.329,1550
797.392,1563
797.456,1576
797.52,1580
797.583,1588
797.647,1581
797.71,1557
797.774,1549
797.838,1534
797.901,1500
797.965,1476
798.029,1461
798.092,1434
798.156,1416
798.22,1417
798.283,1414
798.347,1413
798.411,1426
798.474,1410
798.538,1417
798.602,1425
798.665,1435
798.729,1456
798.793,1454
798.856,1442
798.92,1434
798.984,1412
799.047,1394
799.111,1395
799.175,1363
799.239,1350
799.302,1325
799.366,1303
799.43,1289
799.493,1284
799.557,1288
799.621,1274
799.685,1278
799.748,1258
799.812,1246
799.876,1262
799.939,1255
800.003,1245
800.067,1217
800.131,1183
800.194,1172
800.258,1174
800.322,1172
800.386,1172
800.449,1166
800.513,1150
800.577,1150
800.641,1147
800.704,1146
800.768,1133
800.832,1122
800.896,1108
800.959,1071
801.023,1051
801.087,1030
801.151,1020
801.215,992
801.278,980
801.342,958
801.406,926
801.47,925
801.534,944
801.597,965
801.661,972
801.725,967
801.789,966
801.853,958
801.916,946
801.98,969
802.044,982
802.108,980
802.172,992
802.235,986
802.299,977
802.363,957
802.427,911
802.491,877
802.555,837
802.618,831
802.682,796
802.746,793
802.81,803
802.874,817
802.938,828
803.002,841
803.065,847
803.129,838
803.193,830
803.257,789
803.321,775
803.385,751
803.449,730
803.512,717
803.576,703
803.64,687
803.704,683
803.768,706
803.832,711
803.896,725
803.96,722
804.024,734
804.087,734
804.151,735
804.215,719
804.279,715
804.343,729
804.407,733
804.471,749
804.535,772
804.599,785
804.663,783
804.727,781
804.791,777
804.854,773
804.918,790
804.982,784
805.046,789
805.11,791
805.174,798
805.238,798
805.302,782
805.366,776
805.43,748
805.494,726
805.558,725
805.622,725
805.686,729
805.75,722
805.814,720
805.878,722
805.942,730
806.006,749
806.07,738
806.134,743
806.198,739
806.262,745
806.326,754
806.389,768
806.453,766
806.517,768
806.581,778
806.645,793
806.709,810
806.773,813
806.837,819
806.902,817
806.966,805
807.03,803
807.094,790
807.158,777
807.222,762
807.286,780
807.35,785
807.414,791
807.478,798
807.542,782
807.606,773
807.67,763
807.734,758
807.798,747
807.862,751
807.926,758
807.99,767
808.054,774
808.118,769
808.182,771
808.246,768
808.31,789
808.374,779
808.439,766
808.503,766
808.567,757
808.631,763
808.695,768
808.759,765
808.823,765
808.887,777
808.951,795
809.015,808
809.079,837
809.144,860
809.208,849
809.272,854
809.336,834
809.4,826
809.464,821
809.528,811
809.592,820
809.656,816
809.721,808
809.785,811
809.849,821
809.913,844
809.977,878
810.041,895
810.105,897
810.169,910
810.234,927
810.298,924
810.362,958
810.426,956
810.49,953
810.554,951
810.619,946
810.683,932
810.747,903
810.811,885
810.875,866
810.939,867
811.004,856
811.068,853
811.132,849
811.196,856
811.26,860
811.324,865
811.389,864
811.453,875
811.517,888
811.581,889
811.645,905
811.71,877
811.774,874
811.838,882
811.902,894
811.966,914
812.031,933
812.095,940
812.159,938
812.223,931
812.288,911
812.352,891
812.416,879
812.48,848
812.545,824
812.609,798
812.673,773
812.737,788
812.802,791
812.866,787
812.93,797
812.994,791
813.059,791
813.123,796
813.187,801
813.251,808
813.316,811
813.38,800
813.444,780
813.508,770
813.573,775
813.637,783
813.701,802
813.766,810
813.83,826
813.894,853
813.958,854
814.023,863
814.087,858
814.151,862
814.216,867
814.28,839
814.344,845
814.409,838
814.473,841
814.537,835
814.601,833
814.666,831
814.73,819
814.794,795
814.859,783
814.923,770
814.987,755
815.052,745
815.116,740
815.18,741
815.245,749
815.309,747
815.374,730
815.438,719
815.502,706
815.567,702
815.631,716
815.695,724
815.76,737
815.824,751
815.888,786
815.953,824
816.017,826
816.082,829
816.146,820
816.21,800
816.275,798
816.339,782
816.403,773
816.468,765
816.532,759
816.597,768
816.661,774
816.725,786
816.79,794
816.854,798
816.919,805
816.983,791
817.048,788
817.112,776
817.176,759
817.241,760
817.305,754
817.37,746
817.434,745
817.499,754
817.563,747
817.627,748
817.692,773
817.756,785
817.821,802
817.885,804
817.95,804
818.014,795
818.079,774
818.143,758
818.207,755
818.272,742
818.336,753
818.401,757
818.465,752
818.53,772
818.594,775
818.659,784
818.723,806
818.788,814
818.852,840
818.917,856
818.981,860
819.046,855
819.11,844
819.175,843
819.239,826
819.304,829
819.368,821
819.433,828
819.497,844
819.562,856
819.626,892
819.691,929
819.755,960
819.82,964
819.884,979
819.949,992
820.014,981
820.078,967
820.143,945
820.207,917
820.272,907
820.336,907
820.401,914
820.465,923
820.53,911
820.594,916
820.659,927
820.724,940
820.788,960
820.853,971
820.917,980
820.982,971
821.046,976
821.111,994
821.176,992
821.24,996
821.305,1017
821.369,1041
821.434,1039
821.499,1068
821.563,1076
821.628,1093
821.692,1108
821.757,1113
821.822,1114
821.886,1095
821.951,1067
822.015,1079
822.08,1072
822.145,1066
822.209,1059
822.274,1046
822.339,1056
822.403,1053
822.468,1064
822.532,1061
822.597,1063
822.662,1061
822.726,1064
822.791,1055
822.856,1049
822.92,1045
822.985,1037
823.05,1026
823.114,1015
823.179,1024
823.244,1017
823.308,1006
823.373,1008
823.438,1010
823.502,1020
823.567,1040
823.632,1045
823.696,1068
823.761,1091
823.826,1111
823.89,1134
823.955,1131
824.02,1131
824.084,1134
824.149,1134
824.214,1148
824.279,1141
824.343,1119
824.408,1119
824.473,1104
824.537,1095
824.602,1069
824.667,1049
824.732,1037
824.796,1059
824.861,1094
824.926,1132
824.99,1149
825.055,1145
825.12,1116
825.185,1095
825.249,1081
825.314,1058
825.379,1039
825.444,1028
825.508,1025
825.573,1013
825.638,1022
825.703,1023
825.768,1029
825.832,1042
825.897,1097
825.962,1132
826.027,1180
826.091,1219
826.156,1203
826.221,1186
826.286,1146
826.351,1104
826.415,1056
826.48,1012
826.545,983
826.61,970
826.674,982
826.739,981
826.804,988
826.869,986
826.934,973
826.999,980
827.063,987
827.128,990
827.193,1010
827.258,1001
827.323,999
827.387,999
827.452,988
827.517,981
827.582,955
827.647,941
827.712,929
827.776,913
827.841,891
827.906,894
827.971,888
828.036,903
828.101,895
828.166,886
828.23,895
828.295,905
828.36,917
828.425,923
828.49,926
828.555,912
828.62,908
828.685,891
828.749,885
828.814,882
828.879,890
828.944,890
829.009,874
829.074,870
829.139,860
829.204,848
829.269,838
829.334,838
829.398,829
829.463,814
829.528,816
829.593,798
829.658,792
829.723,799
829.788,811
829.853,821
829.918,836
829.983,857
830.048,878
830.113,909
830.178,917
830.242,932
830.307,934
830.372,928
830.437,922
830.502,901
830.567,856
830.632,848
830.697,828
830.762,821
830.827,837
830.892,823
830.957,832
831.022,820
831.087,824
831.152,824
831.217,822
831.282,799
831.347,791
831.412,781
831.477,784
831.542,786
831.607,767
831.672,750
831.737,735
831.802,738
831.867,740
831.932,762
831.997,782
832.062,787
832.127,801
832.192,809
832.257,818
832.322,836
832.387,840
832.452,835
832.517,826
832.582,824
832.647,824
832.712,814
832.777,817
832.842,823
832.907,813
832.972,821
833.037,829
833.102,828
833.168,808
833.233,807
833.298,793
833.363,754
833.428,750
833.493,753
833.558,767
833.623,782
833.688,807
833.753,804
833.818,812
833.883,819
833.948,813
834.014,809
834.079,808
834.144,820
834.209,825
834.274,836
834.339,832
834.404,837
834.469,843
834.534,845
834.599,855
834.665,846
834.73,857
834.795,864
834.86,867
834.925,887
834.99,898
835.055,903
835.12,909
835.186,911
835.251,882
835.316,884
835.381,878
835.446,904
835.511,932
835.577,952
835.642,969
835.707,984
835.772,981
835.837,985
835.902,1002
835.967,999
836.033,1016
836.098,1038
836.163,1083
836.228,1130
836.293,1213
836.359,1291
836.424,1355
836.489,1430
836.554,1480
836.619,1517
836.685,1539
836.75,1549
836.815,1536
836.88,1521
836.945,1526
837.011,1521
837.076,1548
837.141,1581
837.206,1637
837.271,1687
837.337,1765
837.402,1856
837.467,1915
837.532,1982
837.598,2033
837.663,2057
837.728,2103
837.793,2116
837.859,2092
837.924,2072
837.989,2047
838.054,2037
838.12,2035
838.185,2028
838.25,2044
838.315,2054
838.381,2060
838.446,2090
838.511,2106
838.576,2116
838.642,2136
838.707,2141
838.772,2149
838.837,2163
838.903,2166
838.968,2164
839.033,2174
839.099,2226
839.164,2345
839.229,2556
839.295,2792
839.36,3072
839.425,3327
839.49,3480
839.556,3587
839.621,3548
839.686,3417
839.752,3255
839.817,3086
839.882,2961
839.948,2831
840.013,2744
840.078,2687
840.144,2686
840.209,2766
840.274,2905
840.34,3070
840.405,3188
840.47,3321
840.536,3404
840.601,3428
840.666,3360
840.732,3212
840.797,3034
840.862,2882
840.928,2774
840.993,2678
841.059,2602
841.124,2528
841.189,2503
841.255,2528
841.32,2582
841.385,2650
841.451,2727
841.516,2745
841.582,2746
841.647,2730
841.712,2666
841.778,2557
841.843,2448
841.909,2349
841.974,2272
842.039,2236
842.105,2191
842.17,2145
842.236,2096
842.301,2073
842.367,2064
842.432,2081
842.497,2081
842.563,2067
842.628,2061
842.694,2053
842.759,2033
842.825,1990
842.89,1976
842.955,1950
843.021,1958
843.086,1944
843.152,1926
843.217,1883
843.283,1824
843.348,1777
843.414,1739
843.479,1701
843.545,1656
843.61,1634
843.675,1630
843.741,1643
843.806,1668
843.872,1651
843.937,1617
844.003,1580
844.068,1541
844.134,1515
844.199,1483
844.265,1448
844.33,1415
844.396,1391
844.461,1380
844.527,1364
844.592,1347
844.658,1326
844.723,1314
844.789,1311
844.854,1325
844.92,1334
844.985,1325
845.051,1316
845.117,1317
845.182,1323
845.248,1343
845.313,1367
845.379,1404
845.444,1457
845.51,1501
845.575,1531
845.641,1569
845.706,1542
845.772,1527
845.838,1521
845.903,1487
845.969,1432
846.034,1385
846.1,1346
846.165,1304
846.231,1312
846.297,1322
846.362,1316
846.428,1336
846.493,1361
846.559,1377
846.624,1390
846.69,1397
846.756,1373
846.821,1346
846.887,1318
846.952,1286
847.018,1281
847.084,1274
847.149,1251
847.215,1226
847.28,1200
847.346,1178
847.412,1182
847.477,1178
847.543,1181
847.609,1189
847.674,1188
847.74,1168
847.805,1156
847.871,1136
847.937,1118
848.002,1109
848.068,1116
848.134,1114
848.199,1090
848.265,1091
848.331,1053
848.396,1035
848.462,1018
848.528,1005
848.593,1002
848.659,983
848.725,983
848.79,984
848.856,998
848.922,1010
848.987,1017
849.053,1024
849.119,1023
849.184,1022
849.25,1009
849.316,1007
849.381,996
849.447,982
849.513,964
849.579,946
849.644,926
849.71,922
849.776,926
849.841,905
849.907,904
849.973,899
850.039,897
850.104,904
850.17,903
850.236,926
850.301,911
850.367,906
850.433,892
850.499,878
850.564,868
850.63,869
850.696,872
850.762,881
850.827,875
850.893,863
850.959,864
851.025,846
851.09,832
851.156,843
851.222,846
851.288,858
851.354,869
851.419,880
851.485,874
851.551,878
851.617,873
851.682,863
851.748,863
851.814,844
851.88,829
851.946,803
852.011,788
852.077,788
852.143,776
852.209,766
852.275,771
852.34,769
852.406,797
852.472,827
852.538,840
852.604,856
852.67,869
852.735,866
852.801,867
852.867,880
852.933,894
852.999,886
853.065,913
853.13,929
853.196,950
853.262,999
853.328,1050
853.394,1141
853.46,1209
853.526,1268
853.591,1311
853.657,1323
853.723,1323
853.789,1332
853.855,1336
853.921,1319
853.987,1311
854.053,1306
854.118,1276
854.184,1275
854.25,1277
854.316,1274
854.382,1313
854.448,1361
854.514,1405
854.58,1457
854.646,1507
854.711,1524
854.777,1513
854.843,1528
854.909,1505
854.975,1503
855.041,1496
855.107,1481
855.173,1458
855.239,1424
855.305,1406
855.371,1372
855.437,1336
855.503,1285
855.568,1249
855.634,1198
855.7,1177
855.766,1184
855.832,1196
855.898,1219
855.964,1233
856.03,1237
856.096,1218
856.162,1212
856.228,1194
856.294,1175
856.36,1180
856.426,1165
856.492,1155
856.558,1146
856.624,1144
856.69,1133
856.756,1128
856.822,1115
856.888,1091
856.954,1093
857.02,1070
857.086,1064
857.152,1056
857.218,1029
857.284,1002
857.35,989
857.416,970
857.482,964
857.548,970
857.614,977
857.68,990
857.746,995
857.812,998
857.878,991
857.944,988
858.01,987
858.076,974
858.142,979
858.208,963
858.274,949
858.34,946
858.406,939
858.472,938
858.538,930
858.604,930
858.67,908
858.737,906
858.803,905
858.869,891
858.935,888
859.001,884
859.067,871
859.133,861
859.199,862
859.265,843
859.331,827
859.397,819
859.463,817
859.529,814
859.596,830
859.662,832
859.728,826
859.794,848
859.86,870
859.926,882
859.992,884
860.058,873
860.124,848
860.191,850
860.257,849
860.323,839
860.389,842
860.455,829
860.521,837
860.587,839
860.653,843
860.72,834
860.786,808
860.852,804
860.918,780
860.984,786
861.05,785
861.116,780
861.183,766
861.249,745
861.315,738
861.381,745
861.447,761
861.513,789
861.58,809
861.646,833
861.712,851
861.778,840
861.844,835
861.911,820
861.977,804
862.043,803
862.109,801
862.175,784
862.242,772
862.308,772
862.374,774
862.44,779
862.506,783
862.573,788
862.639,776
862.705,767
862.771,780
862.837,766
862.904,772
862.97,770
863.036,767
863.102,781
863.169,777
863.235,784
863.301,775
863.367,761
863.434,766
863.5,752
863.566,759
863.632,755
863.699,739
863.765,727
863.831,719
863.897,742
863.964,754
864.03,780
864.096,785
864.162,795
864.229,801
864.295,792
864.361,802
864.428,796
864.494,807
864.56,801
864.626,798
864.693,787
864.759,770
864.825,769
864.892,761
864.958,756
865.024,758
865.091,746
865.157,736
865.223,736
865.289,731
865.356,730
865.422,738
865.488,741
865.555,743
865.621,751
865.687,740
865.754,740
865.82,737
865.886,745
865.953,750
866.019,732
866.085,711
866.152,686
866.218,680
866.285,689
866.351,699
866.417,711
866.484,726
866.55,752
866.616,761
866.683,773
866.749,775
866.815,792
866.882,805
866.948,811
867.015,810
867.081,803
867.147,800
867.214,801
867.28,799
867.347,803
867.413,817
867.479,827
867.546,838
867.612,856
867.679,870
867.745,889
867.811,901
867.878,903
867.944,922
868.011,940
868.077,981
868.144,975
868.21,981
868.276,973
868.343,977
868.409,967
868.476,956
868.542,953
868.609,931
868.675,917
868.742,909
868.808,901
868.874,902
868.941,902
869.007,903
869.074,916
869.14,911
869.207,935
869.273,956
869.34,976
869.406,986
869.473,976
869.539,982
869.606,976
869.672,979
869.739,985
869.805,978
869.872,973
869.938,968
870.005,956
870.071,945
870.138,927
870.204,915
870.271,914
870.337,921
870.404,938
870.47,972
870.537,976
870.603,977
870.67,979
870.736,974
870.803,966
870.869,969
870.936,953
871.002,916
871.069,913
871.135,891
871.202,897
871.269,925
871.335,950
871.402,976
871.468,996
871.535,1008
871.601,1004
871.668,997
871.734,1006
871.801,982
871.868,968
871.934,978
872.001,954
872.067,962
872.134,971
872.201,965
872.267,971
872.334,955
872.4,940
872.467,924
872.533,922
872.6,913
872.667,900
872.733,885
872.8,875
872.867,874
872.933,881
873,895
873.066,877
873.133,888
873.2,883
873.266,867
873.333,852
873.4,822
873.466,812
873.533,798
873.599,795
873.666,786
873.733,782
873.799,787
873.866,788
873.933,791
873.999,805
874.066,820
874.133,816
874.199,816
874.266,810
874.333,800
874.399,803
874.466,801
874.533,790
874.599,789
874.666,791
874.733,803
874.799,792
874.866,796
874.933,799
874.999,763
875.066,764
875.133,768
875.2,763
875.266,767
875.333,755
875.4,755
875.466,747
875.533,743
875.6,738
875.667,735
875.733,725
875.8,725
875.867,742
875.933,746
876,755
876.067,747
876.134,744
876.2,750
876.267,744
876.334,725
876.401,710
876.467,708
876.534,720
876.601,736
876.668,735
876.734,732
876.801,729
876.868,726
876.935,714
877.001,686
877.068,655
877.135,618
877.202,603
877.269,606
877.335,613
877.402,622
877.469,635
877.536,652
877.602,657
877.669,671
877.736,686
877.803,687
877.87,695
877.937,700
878.003,681
878.07,682
878.137,684
878.204,690
878.271,691
878.337,686
878.404,688
878.471,674
878.538,674
878.605,683
878.672,665
878.738,656
878.805,656
878.872,658
878.939,657
879.006,674
879.073,672
879.139,672
879.206,681
879.273,689
879.34,684
879.407,683
879.474,678
879.541,667
879.608,663
879.674,655
879.741,638
879.808,637
879.875,647
879.942,659
880.009,670
880.076,678
880.143,670
880.209,677
880.276,683
880.343,680
880.41,688
880.477,675
880.544,658
880.611,662
880.678,653
880.745,654
880.812,639
880.879,630
880.945,635
881.012,642
881.079,662
881.146,676
881.213,672
881.28,664
881.347,648
881.414,640
881.481,629
881.548,627
881.615,615
881.682,598
881.749,583
881.816,586
881.883,595
881.95,614
882.017,623
882.084,638
882.151,641
882.218,642
882.284,652
882.351,654
882.418,649
882.485,653
882.552,662
882.619,660
882.686,658
882.753,662
882.82,662
882.887,670
882.954,670
883.021,674
883.088,664
883.155,652
883.222,645
883.289,642
883.356,620
883.423,611
883.49,605
883.557,598
883.625,606
883.692,617
883.759,634
883.826,637
883.893,642
883.96,658
884.027,674
884.094,681
884.161,692
884.228,702
884.295,705
884.362,697
884.429,691
884.496,685
884.563,693
884.63,691
884.697,690
884.764,693
884.831,673
884.899,674
884.966,686
885.033,682
885.1,678
885.167,682
885.234,663
885.301,629
885.368,619
885.435,617
885.502,626
885.569,634
885.636,642
885.704,653
885.771,653
885.838,662
885.905,674
885.972,669
886.039,668
886.106,664
886.173,645
886.241,639
886.308,637
886.375,636
886.442,645
886.509,638
886.576,642
886.643,638
886.711,632
886.778,647
886.845,633
886.912,633
886.979,638
887.046,629
887.113,645
887.181,654
887.248,657
887.315,668
887.382,664
887.449,669
887.516,667
887.584,658
887.651,651
887.718,653
887.785,644
887.852,619
887.92,609
887.987,600
888.054,590
888.121,587
888.188,585
888.256,591
888.323,600
888.39,602
888.457,612
888.524,603
888.592,631
888.659,641
888.726,639
888.793,642
888.86,613
888.928,598
888.995,597
889.062,587
889.129,586
889.197,581
889.264,566
889.331,568
889.398,575
889.466,577
889.533,589
889.6,598
889.667,616
889.735,633
889.802,631
889.869,629
889.936,632
890.004,637
890.071,635
890.138,641
890.206,646
890.273,657
890.34,672
890.407,687
890.475,701
890.542,715
890.609,723
890.677,714
890.744,720
890.811,704
890.878,688
890.946,684
891.013,679
891.08,680
891.148,696
891.215,698
891.282,667
891.35,658
891.417,645
891.484,662
891.552,661
891.619,658
891.686,644
891.754,620
891.821,621
891.888,624
891.956,648
892.023,660
892.09,679
892.158,692
892.225,694
892.292,691
892.36,675
892.427,659
892.495,645
892.562,644
892.629,655
892.697,653
892.764,657
892.831,668
892.899,669
892.966,679
893.034,681
893.101,681
893.168,683
893.236,681
893.303,687
893.371,692
893.438,687
893.505,684
893.573,678
893.64,672
893.708,669
893.775,651
893.842,648
893.91,635
893.977,620
894.045,620
894.112,630
894.18,621
894.247,615
894.314,613
894.382,613
894.449,613
894.517,621
894.584,635
894.652,624
894.719,620
894.787,631
894.854,624
894.921,633
894.989,630
895.056,629
895.124,611
895.191,608
895.259,595
895.326,574
895.394,564
895.461,563
895.529,581
895.596,592
895.664,605
895.731,610
895.799,622
895.866,632
895.934,655
896.001,658
896.069,650
896.136,640
896.204,614
896.271,602
896.339,602
896.406,617
896.474,622
896.541,621
896.609,612
896.676,623
896.744,631
896.811,638
896.879,637
896.946,624
897.014,631
897.082,634
897.149,654
897.217,665
897.284,660
897.352,666
897.419,654
897.487,653
897.554,651
897.622,645
897.69,638
897.757,639
897.825,650
897.892,639
897.96,629
898.027,620
898.095,638
898.163,633
898.23,646
898.298,635
898.365,614
898.433,619
898.501,628
898.568,628
898.636,626
898.703,627
898.771,628
898.839,647
898.906,658
898.974,658
899.041,673
899.109,686
899.177,678
899.244,666
899.312,652
899.379,638
899.447,628
899.515,613
899.582,608
899.65,609
899.718,600
899.785,592
899.853,586
899.921,590
899.988,600
900.056,620
900.124,628
900.191,634
900.259,641
900.327,624
900.394,617
900.462,604
900.53,595
900.597,597
900.665,598
900.733,595
900.8,583
900.868,581
900.936,576
901.003,569
901.071,586
901.139,583
901.206,577
901.274,585
901.342,591
901.41,601
901.477,606
901.545,613
901.613,613
901.68,617
901.748,612
901.816,614
901.884,619
901.951,630
902.019,632
902.087,628
902.155,627
902.222,621
902.29,609
902.358,587
902.425,583
902.493,566
902.561,560
902.629,571
902.696,574
902.764,590
902.832,605
902.9,611
902.968,623
903.035,635
903.103,639
903.171,629
903.239,637
903.306,619
903.374,621
903.442,596
903.51,581
903.578,576
903.645,570
903.713,578
903.781,578
903.849,580
903.917,578
903.984,587
904.052,592
904.12,576
904.188,575
904.256,578
904.323,570
904.391,578
904.459,597
904.527,599
904.595,605
904.663,623
904.73,624
904.798,619
904.866,626
904.934,637
905.002,641
905.07,646
905.137,656
905.205,664
905.273,679
905.341,691
905.409,713
905.477,713
905.545,718
905.612,704
905.68,687
905.748,667
905.816,657
905.884,647
905.952,629
906.02,637
906.088,644
906.155,646
906.223,645
906.291,628
906.359,613
906.427,610
906.495,603
906.563,604
906.631,593
906.699,586
906.767,597
906.834,581
906.902,590
906.97,591
907.038,587
907.106,587
907.174,578
907.242,571
907.31,557
907.378,565
907.446,570
907.514,569
907.582,561
907.65,566
907.718,584
907.785,590
907.853,601
907.921,618
907.989,623
908.057,618
908.125,629
908.193,610
908.261,588
908.329,581
908.397,590
908.465,578
908.533,578
908.601,572
908.669,562
908.737,577
908.805,595
908.873,582
908.941,585
909.009,603
909.077,610
909.145,620
909.213,627
909.281,620
909.349,608
909.417,606
909.485,603
909.553,605
909.621,627
909.689,645
909.757,653
909.825,647
909.893,646
909.961,649
910.029,638
910.097,648
910.165,659
910.233,659
910.301,651
910.369,643
910.438,627
910.506,615
910.574,609
910.642,594
910.71,582
910.778,571
910.846,580
910.914,587
910.982,602
911.05,621
911.118,636
911.186,648
911.254,656
911.322,654
911.39,639
911.459,635
911.527,612
911.595,602
911.663,604
911.731,596
911.799,594
911.867,592
911.935,580
912.003,577
912.071,575
912.14,574
912.208,563
912.276,576
912.344,586
912.412,598
912.48,632
912.548,659
912.616,661
912.685,683
912.753,683
912.821,660
912.889,656
912.957,646
913.025,629
913.093,612
913.162,605
913.23,586
913.298,576
913.366,576
913.434,573
913.502,573
913.571,562
913.639,572
913.707,575
913.775,577
913.843,603
913.911,587
913.98,578
914.048,581
914.116,577
914.184,584
914.252,581
914.321,577
914.389,572
914.457,567
914.525,559
914.593,549
914.662,545
914.73,540
914.798,550
914.866,574
914.935,603
915.003,619
915.071,630
915.139,624
915.207,625
915.276,610
915.344,606
915.412,584
915.48,580
915.549,576
915.617,569
915.685,563
915.753,552
915.822,558
915.89,565
915.958,581
916.026,578
916.095,589
916.163,582
916.231,569
916.299,556
916.368,554
916.436,562
916.504,565
916.573,587
916.641,592
916.709,591
916.777,579
916.846,583
916.914,575
916.982,561
917.051,551
917.119,550
917.187,551
917.256,550
917.324,553
917.392,558
917.46,576
917.529,590
917.597,600
917.665,606
917.734,614
917.802,629
917.87,647
917.939,658
918.007,676
918.075,683
918.144,688
918.212,687
918.28,658
918.349,631
918.417,616
918.485,588
918.554,595
918.622,586
918.691,577
918.759,581
918.827,579
918.896,580
918.964,581
919.032,595
919.101,592
919.169,589
919.238,590
919.306,594
919.374,596
919.443,597
919.511,607
919.58,591
919.648,595
919.716,592
919.785,590
919.853,601
919.922,601
919.99,622
920.058,626
920.127,638
920.195,647
920.264,635
920.332,635
920.4,625
920.469,619
920.537,610
920.606,611
920.674,608
920.743,608
920.811,610
920.88,600
920.948,591
921.016,584
921.085,580
921.153,585
921.222,571
921.29,563
921.359,568
921.427,574
921.496,582
921.564,583
921.633,569
921.701,553
921.77,538
921.838,520
921.906,517
921.975,522
922.043,538
922.112,549
922.18,566
922.249,578
922.317,586
922.386,611
922.454,615
922.523,621
922.591,623
922.66,619
922.728,625
922.797,625
922.866,626
922.934,617
923.003,614
923.071,611
923.14,609
923.208,593
923.277,596
923.345,598
923.414,592
923.482,589
923.551,573
923.619,555
923.688,531
923.757,530
923.825,539
923.894,531
923.962,538
924.031,537
924.099,531
924.168,545
924.236,558
924.305,552
924.374,545
924.442,525
924.511,524
924.579,531
924.648,542
924.717,558
924.785,578
924.854,609
924.922,614
924.991,623
925.059,630
925.128,613
925.197,600
925.265,588
925.334,583
925.403,587
925.471,590
925.54,592
925.608,589
925.677,586
925.746,584
925.814,579
925.883,573
925.952,556
926.02,555
926.089,544
926.157,547
926.226,551
926.295,551
926.363,546
926.432,551
926.501,551
926.569,549
926.638,566
926.707,556
926.775,560
926.844,566
926.913,581
926.981,576
927.05,588
927.119,591
927.187,595
927.256,603
927.325,615
927.393,628
927.462,652
927.531,654
927.6,625
927.668,604
927.737,577
927.806,569
927.874,585
927.943,598
928.012,595
928.081,612
928.149,594
928.218,585
928.287,591
928.355,587
928.424,598
928.493,610
928.562,601
928.63,618
928.699,620
928.768,620
928.837,613
928.905,614
928.974,622
929.043,627
929.112,643
929.18,649
929.249,668
929.318,680
929.387,686
929.455,683
929.524,674
929.593,669
929.662,655
929.73,640
929.799,637
929.868,619
929.937,619
930.006,602
930.074,613
930.143,611
930.212,606
930.281,614
930.35,602
930.418,603
930.487,599
930.556,618
930.625,617
930.694,601
930.762,603
930.831,593
930.9,590
930.969,594
931.038,589
931.107,579
931.175,564
931.244,548
931.313,542
931.382,550
931.451,563
931.52,578
931.588,564
931.657,545
931.726,545
931.795,554
931.864,560
931.933,591
932.002,587
932.07,586
932.139,587
932.208,573
932.277,563
932.346,546
932.415,534
932.484,518
932.553,550
932.621,559
932.69,566
932.759,567
932.828,576
932.897,601
932.966,606
933.035,619
933.104,603
933.173,596
933.242,589
933.31,570
933.379,556
933.448,546
933.517,547
933.586,560
933.655,557
933.724,571
933.793,586
933.862,608
933.931,615
934,604
934.069,587
934.138,569
934.207,568
934.275,562
934.344,555
934.413,535
934.482,525
934.551,521
934.62,533
934.689,526
934.758,513
934.827,504
934.896,485
934.965,501
935.034,521
935.103,523
935.172,536
935.241,530
935.31,532
935.379,530
935.448,524
935.517,541
935.586,536
935.655,549
935.724,565
935.793,569
935.862,575
935.931,581
936,573
936.069,571
936.138,582
936.207,577
936.276,579
936.345,569
936.414,573
936.483,570
936.552,581
936.621,575
936.69,566
936.759,571
936.828,577
936.897,566
936.966,546
937.035,554
937.105,554
937.174,548
937.243,563
937.312,531
937.381,517
937.45,510
937.519,492
937.588,507
937.657,512
937.726,514
937.795,514
937.864,525
937.933,513
938.002,521
938.072,527
938.141,525
938.21,522
938.279,521
938.348,525
938.417,520
938.486,517
938.555,519
938.624,524
938.693,520
938.763,529
938.832,519
938.901,526
938.97,542
939.039,553
939.108,557
939.177,547
939.246,549
939.316,555
939.385,572
939.454,575
939.523,585
939.592,586
939.661,584
939.73,574
939.8,550
939.869,545
939.938,536
940.007,536
940.076,528
940.145,520
940.215,507
940.284,518
940.353,527
940.422,523
940.491,532
940.56,519
940.63,513
940.699,506
940.768,507
940.837,523
940.906,536
940.976,573
941.045,599
941.114,618
941.183,631
941.252,614
941.322,603
941.391,589
941.46,580
941.529,585
941.599,578
941.668,575
941.737,572
941.806,580
941.875,593
941.945,597
942.014,595
942.083,602
942.152,611
942.222,618
942.291,629
942.36,621
942.429,612
942.499,607
942.568,598
942.637,596
942.706,597
942.776,605
942.845,609
942.914,619
942.984,625
943.053,624
943.122,620
943.191,628
943.261,638
943.33,639
943.399,643
943.468,624
943.538,605
943.607,607
943.676,610
943.746,621
943.815,639
943.884,648
943.954,645
944.023,651
944.092,667
944.162,664
944.231,658
944.3,664
944.37,659
944.439,649
944.508,645
944.577,646
944.647,653
944.716,645
944.786,641
944.855,612
944.924,613
944.994,617
945.063,611
945.132,614
945.202,629
945.271,614
945.34,602
945.41,592
945.479,570
945.548,555
945.618,552
945.687,544
945.757,543
945.826,559
945.895,566
945.965,587
946.034,583
946.103,598
946.173,601
946.242,590
946.312,586
946.381,582
946.45,588
946.52,582
946.589,589
946.659,585
946.728,576
946.797,566
946.867,562
946.936,563
947.006,566
947.075,547
947.145,542
947.214,522
947.283,508
947.353,533
947.422,548
947.492,548
947.561,544
947.631,530
947.7,509
947.77,489
947.839,484
947.908,483
947.978,484
948.047,497
948.117,507
948.186,511
948.256,523
948.325,541
948.395,556
948.464,566
948.534,573
948.603,568
948.673,549
948.742,533
948.812,514
948.881,502
948.951,498
949.02,480
949.09,466
949.159,459
949.229,457
949.298,462
949.368,468
949.437,475
949.507,456
949.576,465
949.646,477
949.715,496
949.785,508
949.854,516
949.924,538
949.993,549
950.063,564
950.132,576
950.202,569
950.272,570
950.341,574
950.411,574
950.48,568
950.55,532
950.619,516
950.689,501
950.758,496
950.828,505
950.898,530
950.967,552
951.037,563
951.106,554
951.176,534
951.245,518
951.315,504
951.385,502
951.454,495
951.524,495
951.593,484
951.663,473
951.733,474
951.802,490
951.872,519
951.941,529
952.011,526
952.081,543
952.15,533
952.22,533
952.289,541
952.359,525
952.429,528
952.498,533
952.568,540
952.638,550
952.707,570
952.777,583
952.846,585
952.916,579
952.986,565
953.055,559
953.125,565
953.195,557
953.264,552
953.334,539
953.404,514
953.473,516
953.543,507
953.613,517
953.682,531
953.752,541
953.822,555
953.891,542
953.961,545
954.031,539
954.1,541
954.17,555
954.24,550
954.309,553
954.379,572
954.449,582
954.519,579
954.588,586
954.658,588
954.728,594
954.797,619
954.867,638
954.937,644
955.007,630
955.076,627
955.146,610
955.216,603
955.285,606
955.355,599
955.425,594
955.495,599
955.564,616
955.634,638
955.704,654
955.774,688
955.843,680
955.913,696
955.983,699
956.053,696
956.122,698
956.192,710
956.262,723
956.332,720
956.401,722
956.471,714
956.541,725
956.611,742
956.681,791
956.75,837
956.82,893
956.89,956
956.96,995
957.03,1027
957.099,1043
957.169,1065
957.239,1088
957.309,1111
957.379,1144
957.448,1197
957.518,1275
957.588,1385
957.658,1508
957.728,1604
957.797,1677
957.867,1721
957.937,1752
958.007,1798
958.077,1840
958.147,1880
958.216,1902
958.286,1935
958.356,1964
958.426,1977
958.496,1991
958.566,2000
958.636,2016
958.705,2044
958.775,2070
958.845,2096
958.915,2079
958.985,2065
959.055,2034
959.125,1965
959.194,1918
959.264,1882
959.334,1832
959.404,1795
959.474,1805
959.544,1802
959.614,1798
959.684,1792
959.754,1769
959.823,1762
959.893,1749
959.963,1759
960.033,1732
960.103,1711
960.173,1682
960.243,1658
960.313,1654
960.383,1632
960.453,1615
960.523,1597
960.592,1562
960.662,1537
960.732,1508
960.802,1510
960.872,1494
960.942,1482
961.012,1476
961.082,1444
961.152,1446
961.222,1439
961.292,1421
961.362,1406
961.432,1374
961.502,1354
961.572,1322
961.642,1303
961.712,1265
961.782,1233
961.852,1182
961.922,1150
961.992,1154
962.062,1149
962.132,1158
962.201,1156
962.271,1154
962.341,1152
962.411,1158
962.481,1155
962.551,1138
962.621,1130
962.691,1117
962.761,1083
962.831,1058
962.901,1035
962.971,1022
963.042,1004
963.112,1007
963.182,1003
963.252,973
963.322,964
963.392,954
963.462,953
963.532,949
963.602,937
963.672,920
963.742,907
963.812,905
963.882,913
963.952,899
964.022,882
964.092,862
964.162,842
964.232,846
964.302,832
964.372,822
964.442,800
964.512,800
964.583,801
964.653,789
964.723,783
964.793,782
964.863,776
964.933,759
965.003,748
965.073,739
965.143,722
965.213,721
965.283,700
965.354,695
965.424,684
965.494,680
965.564,681
965.634,698
965.704,701
965.774,708
965.844,722
965.914,725
965.985,723
966.055,715
966.125,725
966.195,712
966.265,708
966.335,708
966.405,701
966.475,719
966.546,718
966.616,719
966.686,720
966.756,717
966.826,714
966.896,730
966.967,745
967.037,755
967.107,762
967.177,772
967.247,768
967.317,766
967.388,751
967.458,722
967.528,700
967.598,689
967.668,687
967.738,695
967.809,710
967.879,696
967.949,704
968.019,703
968.089,694
968.16,697
968.23,696
968.3,700
968.37,696
968.441,704
968.511,692
968.581,689
968.651,690
968.721,680
968.792,685
968.862,678
968.932,675
969.002,659
969.073,662
969.143,659
969.213,681
969.283,701
969.354,699
969.424,681
969.494,663
969.564,632
969.635,607
969.705,593
969.775,575
969.845,594
969.916,591
969.986,589
970.056,600
970.126,600
970.197,601
970.267,584
970.337,605
970.408,587
970.478,568
970.548,554
970.618,549
970.689,546
970.759,545
970.829,546
970.9,532
970.97,532
971.04,541
971.111,533
971.181,526
971.251,524
971.322,529
971.392,539
971.462,548
971.533,542
971.603,528
971.673,524
971.744,517
971.814,517
971.884,529
971.955,537
972.025,545
972.095,560
972.166,548
972.236,540
972.306,538
972.377,524
972.447,507
972.517,504
972.588,477
972.658,477
972.729,487
972.799,498
972.869,513
972.94,534
973.01,560
973.08,584
973.151,607
973.221,595
973.292,572
973.362,548
973.432,520
973.503,510
973.573,500
973.644,492
973.714,496
973.784,503
973.855,500
973.925,507
973.996,500
974.066,490
974.137,496
974.207,494
974.277,494
974.348,503
974.418,498
974.489,486
974.559,493
974.63,492
974.7,482
974.77,483
974.841,500
974.911,494
974.982,497
975.052,492
975.123,488
975.193,489
975.264,495
975.334,508
975.405,499
975.475,501
975.546,504
975.616,503
975.687,497
975.757,492
975.828,496
975.898,493
975.968,495
976.039,505
976.109,515
976.18,516
976.25,527
976.321,532
976.392,528
976.462,522
976.533,513
976.603,506
976.674,500
976.744,496
976.815,494
976.885,499
976.956,501
977.026,497
977.097,475
977.167,473
977.238,473
977.308,481
977.379,486
977.449,486
977.52,493
977.591,493
977.661,519
977.732,516
977.802,509
977.873,509
977.943,528
978.014,525
978.084,531
978.155,525
978.226,509
978.296,515
978.367,537
978.437,546
978.508,548
978.579,534
978.649,507
978.72,514
978.79,497
978.861,492
978.931,489
979.002,482
979.073,476
979.143,463
979.214,462
979.285,460
979.355,462
979.426,475
979.496,482
979.567,481
979.638,489
979.708,494
979.779,498
979.85,497
979.92,504
979.991,501
980.061,493
980.132,498
980.203,490
980.273,485
980.344,472
980.415,456
980.485,452
980.556,466
980.627,470
980.697,476
980.768,478
980.839,479
980.909,494
980.98,495
981.051,505
981.121,509
981.192,519
981.263,533
981.333,523
981.404,512
981.475,493
981.546,471
981.616,461
981.687,454
981.758,461
981.828,476
981.899,471
981.97,473
982.04,476
982.111,479
982.182,493
982.253,501
982.323,506
982.394,509
982.465,507
982.536,484
982.606,486
982.677,473
982.748,458
982.818,465
982.889,458
982.96,458
983.031,464
983.101,471
983.172,473
983.243,467
983.314,479
983.385,487
983.455,480
983.526,477
983.597,471
983.668,474
983.738,477
983.809,465
983.88,453
983.951,445
984.021,442
984.092,439
984.163,444
984.234,445
984.305,443
984.375,433
984.446,427
984.517,416
984.588,414
984.659,427
984.729,440
984.8,449
984.871,453
984.942,448
985.013,451
985.084,460
985.154,476
985.225,512
985.296,530
985.367,512
985.438,500
985.509,485
985.579,466
985.65,463
985.721,451
985.792,451
985.863,440
985.934,455
986.005,453
986.075,445
986.146,454
986.217,473
986.288,484
986.359,494
986.43,503
986.501,490
986.572,484
986.642,470
986.713,456
986.784,445
986.855,443
986.926,443
986.997,440
987.068,453
987.139,452
987.21,468
987.28,482
987.351,478
987.422,476
987.493,470
987.564,469
987.635,475
987.706,476
987.777,464
987.848,455
987.919,455
987.99,453
988.061,462
988.132,460
988.202,459
988.273,468
988.344,456
988.415,455
988.486,457
988.557,456
988.628,452
988.699,456
988.77,440
988.841,428
988.912,414
988.983,427
989.054,433
989.125,425
989.196,439
989.267,433
989.338,444
989.409,443
989.48,446
989.551,456
989.622,451
989.693,454
989.764,441
989.835,433
989.906,421
989.977,413
990.048,404
990.119,392
990.19,397
990.261,403
990.332,414
990.403,420
990.474,442
990.545,450
990.616,453
990.687,471
990.758,473
990.829,472
990.9,477
990.971,485
991.042,468
991.113,476
991.184,478
991.255,481
991.326,474
991.397,480
991.468,481
991.539,474
991.611,496
991.682,483
991.753,475
991.824,472
991.895,478
991.966,484
992.037,510
992.108,533
992.179,535
992.25,550
992.321,547
992.392,553
992.464,553
992.535,546
992.606,556
992.677,550
992.748,554
992.819,557
992.89,545
992.961,540
993.032,542
993.103,543
993.175,561
993.246,570
993.317,565
993.388,562
993.459,548
993.53,536
993.601,532
993.673,528
993.744,501
993.815,500
993.886,487
993.957,474
994.028,472
994.099,464
994.171,464
994.242,472
994.313,457
994.384,466
994.455,481
994.526,491
994.598,498
994.669,506
994.74,496
994.811,496
994.882,500
994.953,514
995.025,524
995.096,537
995.167,557
995.238,571
995.309,577
995.381,574
995.452,560
995.523,551
995.594,533
995.665,516
995.737,505
995.808,491
995.879,477
995.95,482
996.022,483
996.093,478
996.164,486
996.235,480
996.306,477
996.378,471
996.449,463
996.52,451
996.591,449
996.663,447
996.734,455
996.805,451
996.876,448
996.948,467
997.019,468
997.09,483
997.161,497
997.233,504
997.304,484
997.375,467
997.447,444
997.518,409
997.589,396
997.66,399
997.732,394
997.803,393
997.874,419
997.946,436
998.017,455
998.088,480
998.159,483
998.231,482
998.302,501
998.373,495
998.445,481
998.516,487
998.587,477
998.659,472
998.73,461
998.801,452
998.873,447
998.944,442
999.015,439
999.087,444
999.158,436
999.229,442
999.301,442
999.372,463
999.443,461
999.515,462
999.586,469
999.657,468
999.729,465
999.8,475
999.871,477
999.943,467
1000.014,484
1000.085,486
1000.157,490
1000.228,497
1000.3,489
1000.371,474
1000.442,469
1000.514,466
1000.585,461
1000.657,455
1000.728,455
1000.799,449
1000.871,462
1000.942,466
1001.014,470
1001.085,480
1001.156,488
1001.228,491
1001.299,481
1001.371,487
1001.442,496
1001.513,496
1001.585,495
1001.656,483
1001.728,468
1001.799,457
1001.871,456
1001.942,467
1002.013,469
1002.085,458
1002.156,461
1002.228,458
1002.299,453
1002.371,452
1002.442,448
1002.514,446
1002.585,440
1002.657,442
1002.728,433
1002.799,437
1002.871,426
1002.942,417
1003.014,424
1003.085,417
1003.157,421
1003.228,426
1003.3,429
1003.371,441
1003.443,458
1003.514,460
1003.586,470
1003.657,468
1003.729,463
1003.8,472
1003.872,455
1003.943,445
1004.015,436
1004.086,429
1004.158,426
1004.229,416
1004.301,419
1004.372,422
1004.444,438
1004.516,453
1004.587,462
1004.659,464
1004.73,463
1004.802,473
1004.873,476
1004.945,495
1005.016,513
1005.088,518
1005.159,527
1005.231,521
1005.303,525
1005.374,528
1005.446,521
1005.517,515
1005.589,500
1005.66,488
1005.732,480
1005.804,470
1005.875,457
1005.947,444
1006.018,434
1006.09,423
1006.161,422
1006.233,420
1006.305,430
1006.376,438
1006.448,460
1006.519,480
1006.591,487
1006.663,507
1006.734,504
1006.806,509
1006.877,515
1006.949,513
1007.021,514
1007.092,517
1007.164,521
1007.236,519
1007.307,533
1007.379,539
1007.45,541
1007.522,534
1007.594,522
1007.665,507
1007.737,506
1007.809,494
1007.88,491
1007.952,476
1008.024,475
1008.095,472
1008.167,483
1008.239,492
1008.31,487
1008.382,488
1008.454,488
1008.525,479
1008.597,466
1008.669,472
1008.74,473
1008.812,478
1008.884,500
1008.955,508
1009.027,528
1009.099,547
1009.171,541
1009.242,539
1009.314,525
1009.386,515
1009.457,510
1009.529,502
1009.601,507
1009.673,509
1009.744,527
1009.816,519
1009.888,500
1009.959,479
1010.031,467
1010.103,446
1010.175,445
1010.246,458
1010.318,460
1010.39,484
1010.462,504
1010.533,518
1010.605,524
1010.677,532
1010.749,516
1010.82,502
1010.892,497
1010.964,474
1011.036,463
1011.107,463
1011.179,467
1011.251,471
1011.323,474
1011.395,471
1011.466,472
1011.538,472
1011.61,467
1011.682,452
1011.753,455
1011.825,454
1011.897,449
1011.969,447
1012.041,445
1012.112,445
1012.184,438
1012.256,435
1012.328,435
1012.4,446
1012.471,446
1012.543,445
1012.615,443
1012.687,437
1012.759,452
1012.831,440
1012.902,437
1012.974,417
1013.046,397
1013.118,404
1013.19,409
1013.262,428
1013.334,430
1013.405,437
1013.477,428
1013.549,413
1013.621,401
1013.693,401
1013.765,399
1013.837,405
1013.908,394
1013.98,390
1014.052,396
1014.124,411
1014.196,416
1014.268,417
1014.34,411
1014.412,407
1014.483,421
1014.555,415
1014.627,411
1014.699,405
1014.771,405
1014.843,421
1014.915,431
1014.987,432
1015.059,430
1015.131,427
1015.202,424
1015.274,427
1015.346,418
1015.418,409
1015.49,403
1015.562,397
1015.634,391
1015.706,403
1015.778,389
1015.85,393
1015.922,402
1015.994,408
1016.066,426
1016.138,446
1016.21,447
1016.282,452
1016.353,446
1016.425,443
1016.497,428
1016.569,419
1016.641,423
1016.713,416
1016.785,422
1016.857,431
1016.929,435
1017.001,432
1017.073,442
1017.145,453
1017.217,445
1017.289,441
1017.361,439
1017.433,445
1017.505,435
1017.577,443
1017.649,443
1017.721,432
1017.793,427
1017.865,439
1017.937,430
1018.009,417
1018.081,416
1018.153,396
1018.225,402
1018.297,397
1018.369,383
1018.441,374
1018.513,368
1018.585,374
1018.657,389
1018.73,395
1018.802,393
1018.874,396
1018.946,378
1019.018,377
1019.09,385
1019.162,395
1019.234,403
1019.306,399
1019.378,386
1019.45,358
1019.522,345
1019.594,344
1019.666,337
1019.738,347
1019.81,359
1019.883,378
1019.955,382
1020.027,393
1020.099,396
1020.171,386
1020.243,388
1020.315,394
1020.387,395
1020.459,396
1020.531,395
1020.604,395
1020.676,394
1020.748,396
1020.82,412
1020.892,417
1020.964,418
1021.036,411
1021.108,391
1021.181,381
1021.253,375
1021.325,386
1021.397,398
1021.469,406
1021.541,410
1021.613,415
1021.686,408
1021.758,399
1021.83,385
1021.902,372
1021.974,371
1022.046,367
1022.118,382
1022.191,406
1022.263,422
1022.335,436
1022.407,448
1022.479,445
1022.552,433
1022.624,412
1022.696,399
1022.768,388
1022.84,379
1022.912,378
1022.985,369
1023.057,368
1023.129,376
1023.201,375
1023.273,380
1023.346,380
1023.418,393
1023.49,402
1023.562,407
1023.635,412
1023.707,405
1023.779,406
1023.851,419
1023.923,433
1023.996,434
1024.068,427
1024.14,414
1024.212,419
1024.285,424
1024.357,439
1024.429,451
1024.501,461
1024.574,457
1024.646,445
1024.718,441
1024.79,428
1024.863,416
1024.935,417
1025.007,420
1025.079,427
1025.152,424
1025.224,419
1025.296,403
1025.369,385
1025.441,382
1025.513,385
1025.585,377
1025.658,362
1025.73,356
1025.802,365
1025.875,365
1025.947,377
1026.019,386
1026.091,395
1026.164,392
1026.236,398
1026.308,399
1026.381,413
1026.453,426
1026.525,416
1026.598,419
1026.67,408
1026.742,394
1026.815,395
1026.887,400
1026.959,399
1027.032,395
1027.104,394
1027.176,386
1027.249,376
1027.321,384
1027.393,374
1027.466,379
1027.538,379
1027.611,379
1027.683,364
1027.755,357
1027.828,360
1027.9,350
1027.972,351
1028.045,347
1028.117,355
1028.19,354
1028.262,366
1028.334,364
1028.407,371
1028.479,377
1028.551,385
1028.624,384
1028.696,383
1028.769,381
1028.841,374
1028.913,376
1028.986,366
1029.058,374
1029.131,376
1029.203,387
1029.276,388
1029.348,379
1029.42,368
1029.493,359
1029.565,364
1029.638,368
1029.71,386
1029.783,401
1029.855,399
1029.927,395
1030,388
1030.072,382
1030.145,368
1030.217,365
1030.29,354
1030.362,356
1030.435,366
1030.507,380
1030.58,388
1030.652,386
1030.724,396
1030.797,396
1030.869,394
1030.942,396
1031.014,380
1031.087,368
1031.159,376
1031.232,362
1031.304,350
1031.377,355
1031.449,360
1031.522,350
1031.594,357
1031.667,356
1031.739,353
1031.812,343
1031.884,343
1031.957,353
1032.029,371
1032.102,384
1032.174,395
1032.247,392
1032.32,392
1032.392,400
1032.465,393
1032.537,385
1032.61,365
1032.682,373
1032.755,370
1032.827,363
1032.9,372
1032.972,367
1033.045,371
1033.118,368
1033.19,383
1033.263,397
1033.335,389
1033.408,385
1033.48,381
1033.553,369
1033.625,371
1033.698,365
1033.771,369
1033.843,361
1033.916,369
1033.988,362
1034.061,347
1034.134,354
1034.206,357
1034.279,360
1034.351,379
1034.424,386
1034.497,381
1034.569,380
1034.642,395
1034.714,402
1034.787,403
1034.86,405
1034.932,389
1035.005,368
1035.078,364
1035.15,364
1035.223,354
1035.295,355
1035.368,357
1035.441,357
1035.513,360
1035.586,353
1035.659,360
1035.731,356
1035.804,361
1035.877,378
1035.949,378
1036.022,381
1036.095,383
1036.167,373
1036.24,363
1036.313,362
1036.385,367
1036.458,357
1036.531,345
1036.603,333
1036.676,307
1036.749,301
1036.821,308
1036.894,321
1036.967,321
1037.039,327
1037.112,325
1037.185,330
1037.258,350
1037.33,355
1037.403,357
1037.476,359
1037.548,357
1037.621,356
1037.694,361
1037.767,362
1037.839,371
1037.912,365
1037.985,376
1038.058,393
1038.13,405
1038.203,419
1038.276,432
1038.348,435
1038.421,441
1038.494,433
1038.567,412
1038.639,398
1038.712,358
1038.785,340
1038.858,329
1038.931,316
1039.003,320
1039.076,312
1039.149,317
1039.222,313
1039.294,314
1039.367,312
1039.44,313
1039.513,319
1039.586,325
1039.658,337
1039.731,340
1039.804,333
1039.877,340
1039.949,346
1040.022,345
1040.095,329
1040.168,322
1040.241,329
1040.314,332
1040.386,345
1040.459,342
1040.532,342
1040.605,336
1040.678,350
1040.75,357
1040.823,355
1040.896,353
1040.969,360
1041.042,351
1041.115,347
1041.187,365
1041.26,374
1041.333,380
1041.406,380
1041.479,386
1041.552,362
1041.625,354
1041.697,350
1041.77,336
1041.843,339
1041.916,336
1041.989,341
1042.062,331
1042.135,341
1042.208,336
1042.28,322
1042.353,315
1042.426,320
1042.499,331
1042.572,354
1042.645,376
1042.718,387
1042.791,400
1042.864,389
1042.937,381
1043.009,371
1043.082,363
1043.155,356
1043.228,334
1043.301,317
1043.374,296
1043.447,293
1043.52,299
1043.593,308
1043.666,328
1043.739,324
1043.812,333
1043.885,332
1043.958,333
1044.03,331
1044.103,324
1044.176,319
1044.249,324
1044.322,331
1044.395,333
1044.468,337
1044.541,352
1044.614,353
1044.687,355
1044.76,374
1044.833,385
1044.906,391
1044.979,395
1045.052,392
1045.125,399
1045.198,402
1045.271,402
1045.344,377
1045.417,355
1045.49,342
1045.563,328
1045.636,330
1045.709,329
1045.782,327
1045.855,328
1045.928,335
1046.001,350
1046.074,351
1046.147,351
1046.22,342
1046.293,335
1046.366,341
1046.439,349
1046.512,363
1046.585,369
1046.658,351
1046.731,333
1046.804,313
1046.877,293
1046.95,292
1047.023,311
1047.097,325
1047.17,334
1047.243,338
1047.316,336
1047.389,336
1047.462,342
1047.535,338
1047.608,340
1047.681,352
1047.754,360
1047.827,363
1047.9,364
1047.973,360
1048.046,352
1048.12,346
1048.193,338
1048.266,335
1048.339,324
1048.412,339
1048.485,347
1048.558,349
1048.631,359
1048.704,361
1048.777,369
1048.851,382
1048.924,398
1048.997,410
1049.07,408
1049.143,415
1049.216,405
1049.289,398
1049.362,395
1049.436,381
1049.509,393
1049.582,387
1049.655,379
1049.728,374
1049.801,381
1049.875,380
1049.948,372
1050.021,358
1050.094,353
1050.167,356
1050.24,367
1050.313,368
1050.387,384
1050.46,377
1050.533,369
1050.606,365
1050.679,353
1050.753,365
1050.826,366
1050.899,379
1050.972,388
1051.045,399
1051.118,411
1051.192,409
1051.265,421
1051.338,425
1051.411,427
1051.485,403
1051.558,394
1051.631,392
1051.704,387
1051.777,372
1051.851,353
1051.924,345
1051.997,344
1052.07,349
1052.144,344
1052.217,342
1052.29,354
1052.363,351
1052.436,355
1052.51,353
1052.583,358
1052.656,357
1052.729,355
1052.803,350
1052.876,348
1052.949,350
1053.023,350
1053.096,367
1053.169,375
1053.242,387
1053.316,394
1053.389,392
1053.462,390
1053.535,386
1053.609,396
1053.682,380
1053.755,376
1053.829,376
1053.902,378
1053.975,390
1054.048,389
1054.122,384
1054.195,379
1054.268,385
1054.342,381
1054.415,385
1054.488,376
1054.562,365
1054.635,356
1054.708,365
1054.782,375
1054.855,374
1054.928,379
1055.002,368
1055.075,373
1055.148,376
1055.222,374
1055.295,389
1055.368,407
1055.442,402
1055.515,410
1055.588,414
1055.662,422
1055.735,413
1055.808,398
1055.882,400
1055.955,386
1056.029,375
1056.102,369
1056.175,356
1056.249,335
1056.322,350
1056.395,346
1056.469,362
1056.542,373
1056.616,361
1056.689,370
1056.762,373
1056.836,368
1056.909,365
1056.983,361
1057.056,350
1057.129,348
1057.203,349
1057.276,336
1057.35,332
1057.423,322
1057.497,325
1057.57,337
1057.643,342
1057.717,358
1057.79,365
1057.864,371
1057.937,379
1058.011,382
1058.084,395
1058.157,415
1058.231,414
1058.304,410
1058.378,398
1058.451,390
1058.525,389
1058.598,382
1058.672,369
1058.745,356
1058.819,368
1058.892,369
1058.966,386
1059.039,399
1059.112,406
1059.186,401
1059.259,392
1059.333,371
1059.406,368
1059.48,363
1059.553,359
1059.627,368
1059.7,369
1059.774,357
1059.847,354
1059.921,356
1059.994,359
1060.068,372
1060.141,367
1060.215,375
1060.288,373
1060.362,375
1060.436,367
1060.509,352
1060.583,355
1060.656,359
1060.73,357
1060.803,353
1060.877,344
1060.95,326
1061.024,333
1061.097,339
1061.171,344
1061.244,347
1061.318,341
1061.392,334
1061.465,317
1061.539,322
1061.612,310
1061.686,306
1061.759,305
1061.833,297
1061.907,306
1061.98,317
1062.054,328
1062.127,339
1062.201,341
1062.275,347
1062.348,356
1062.422,364
1062.495,370
1062.569,372
1062.642,373
1062.716,381
1062.79,375
1062.863,366
1062.937,351
1063.011,324
1063.084,323
1063.158,313
1063.231,321
1063.305,323
1063.379,321
1063.452,329
1063.526,333
1063.6,348
1063.673,352
1063.747,363
1063.82,365
1063.894,355
1063.968,349
1064.041,350
1064.115,341
1064.189,355
1064.262,362
1064.336,379
1064.41,382
1064.483,381
1064.557,385
1064.631,384
1064.704,375
1064.778,370
1064.852,360
1064.925,345
1064.999,336
1065.073,314
1065.147,309
1065.22,305
1065.294,297
1065.368,307
1065.441,315
1065.515,311
1065.589,322
1065.662,331
1065.736,334
1065.81,350
1065.884,339
1065.957,343
1066.031,353
1066.105,356
1066.178,368
1066.252,379
1066.326,385
1066.4,386
1066.473,384
1066.547,390
1066.621,398
1066.695,409
1066.768,408
1066.842,411
1066.916,401
1066.99,396
1067.063,388
1067.137,387
1067.211,386
1067.285,379
1067.358,364
1067.432,351
1067.506,343
1067.58,341
1067.654,351
1067.727,349
1067.801,349
1067.875,356
1067.949,367
1068.023,369
1068.096,371
1068.17,374
1068.244,375
1068.318,391
1068.392,390
1068.465,394
1068.539,398
1068.613,396
1068.687,405
1068.761,404
1068.834,393
1068.908,386
1068.982,377
1069.056,368
1069.13,362
1069.204,355
1069.277,349
1069.351,356
1069.425,354
1069.499,358
1069.573,373
1069.647,375
1069.72,381
1069.794,376
1069.868,366
1069.942,361
1070.016,353
1070.09,341
1070.164,333
1070.237,318
1070.311,315
1070.385,313
1070.459,316
1070.533,316
1070.607,325
1070.681,345
1070.755,361
1070.829,373
1070.902,377
1070.976,377
1071.05,374
1071.124,373
1071.198,386
1071.272,378
1071.346,362
1071.42,346
1071.494,350
1071.568,348
1071.642,340
1071.715,346
1071.789,336
1071.863,325
1071.937,309
1072.011,326
1072.085,320
1072.159,323
1072.233,338
1072.307,327
1072.381,334
1072.455,327
1072.529,340
1072.603,338
1072.677,343
1072.751,355
1072.825,356
1072.899,346
1072.972,351
1073.046,338
1073.12,326
1073.194,323
1073.268,316
1073.342,312
1073.416,309
1073.49,302
1073.564,287
1073.638,279
1073.712,283
1073.786,276
1073.86,292
1073.934,303
1074.008,317
1074.082,330
1074.156,336
1074.23,341
1074.304,351
1074.378,368
1074.452,372
1074.526,387
1074.6,393
1074.674,390
1074.748,388
1074.822,392
1074.897,386
1074.971,380
1075.045,397
1075.119,388
1075.193,401
1075.267,404
1075.341,393
1075.415,393
1075.489,388
1075.563,387
1075.637,384
1075.711,378
1075.785,372
1075.859,376
1075.933,365
1076.007,363
1076.081,356
1076.155,362
1076.23,373
1076.304,363
1076.378,376
1076.452,375
1076.526,360
1076.6,360
1076.674,358
1076.748,346
1076.822,337
1076.896,327
1076.97,331
1077.045,331
1077.119,346
1077.193,344
1077.267,341
1077.341,339
1077.415,329
1077.489,330
1077.563,334
1077.638,330
1077.712,311
1077.786,283
1077.86,282
1077.934,286
1078.008,304
1078.082,316
1078.157,336
1078.231,347
1078.305,361
1078.379,372
1078.453,377
1078.527,372
1078.601,367
1078.676,375
1078.75,367
1078.824,365
1078.898,361
1078.972,351
1079.047,382
1079.121,446
1079.195,545
1079.269,712
1079.343,1047
1079.417,1530
1079.492,2091
1079.566,2717
1079.64,3303
1079.714,3753
1079.788,4064
1079.863,4157
1079.937,4034
1080.011,3825
1080.085,3615
1080.159,3427
1080.234,3286
1080.308,3252
1080.382,3304
1080.456,3524
1080.531,3861
1080.605,4211
1080.679,4509
1080.753,4630
1080.828,4597
1080.902,4405
1080.976,4172
1081.05,3912
1081.125,3652
1081.199,3458
1081.273,3295
1081.347,3238
1081.422,3241
1081.496,3300
1081.57,3386
1081.644,3482
1081.719,3586
1081.793,3649
1081.867,3683
1081.941,3608
1082.016,3429
1082.09,3276
1082.164,3099
1082.239,2970
1082.313,2869
1082.387,2805
1082.461,2749
1082.536,2727
1082.61,2750
1082.684,2774
1082.759,2801
1082.833,2800
1082.907,2780
1082.982,2730
1083.056,2674
1083.13,2621
1083.205,2570
1083.279,2544
1083.353,2498
1083.428,2481
1083.502,2458
1083.576,2433
1083.651,2424
1083.725,2409
1083.799,2392
1083.874,2368
1083.948,2332
1084.022,2298
1084.097,2262
1084.171,2201
1084.245,2149
1084.32,2093
1084.394,2049
1084.469,2035
1084.543,2023
1084.617,2009
1084.692,2006
1084.766,1996
1084.84,1986
1084.915,1971
1084.989,1947
1085.064,1913
1085.138,1871
1085.212,1845
1085.287,1819
1085.361,1792
1085.436,1760
1085.51,1735
1085.584,1722
1085.659,1697
1085.733,1672
1085.808,1643
1085.882,1610
1085.956,1586
1086.031,1567
1086.105,1545
1086.18,1527
1086.254,1515
1086.329,1501
1086.403,1497
1086.477,1491
1086.552,1496
1086.626,1501
1086.701,1512
1086.775,1520
1086.85,1511
1086.924,1505
1086.999,1506
1087.073,1505
1087.147,1509
1087.222,1508
1087.296,1486
1087.371,1477
1087.445,1460
1087.52,1430
1087.594,1403
1087.669,1373
1087.743,1365
1087.818,1355
1087.892,1352
1087.967,1357
1088.041,1348
1088.116,1346
1088.19,1343
1088.265,1316
1088.339,1301
1088.414,1285
1088.488,1262
1088.563,1259
1088.637,1242
1088.712,1228
1088.786,1209
1088.861,1187
1088.935,1169
1089.01,1152
1089.084,1118
1089.159,1090
1089.233,1069
1089.308,1046
1089.382,1026
1089.457,1009
1089.532,983
1089.606,943
1089.681,913
1089.755,893
1089.83,879
1089.904,862
1089.979,845
1090.053,832
1090.128,830
1090.203,826
1090.277,834
1090.352,828
1090.426,824
1090.501,807
1090.575,797
1090.65,782
1090.725,773
1090.799,781
1090.874,783
1090.948,788
1091.023,784
1091.098,777
1091.172,766
1091.247,759
1091.321,754
1091.396,736
1091.471,717
1091.545,692
1091.62,672
1091.694,664
1091.769,649
1091.844,639
1091.918,635
1091.993,634
1092.068,619
1092.142,617
1092.217,612
1092.291,599
1092.366,601
1092.441,584
1092.515,575
1092.59,577
1092.665,563
1092.739,553
1092.814,543
1092.889,543
1092.963,524
1093.038,520
1093.113,497
1093.187,478
1093.262,453
1093.337,469
1093.411,473
1093.486,468
1093.561,470
1093.635,448
1093.71,439
1093.785,439
1093.86,442
1093.934,431
1094.009,428
1094.084,431
1094.158,416
1094.233,419
1094.308,423
1094.382,417
1094.457,413
1094.532,404
1094.607,398
1094.681,403
1094.756,407
1094.831,402
1094.905,402
1094.98,399
1095.055,400
1095.13,399
1095.204,393
1095.279,388
1095.354,391
1095.429,396
1095.503,403
1095.578,406
1095.653,401
1095.728,404
1095.802,407
1095.877,403
1095.952,408
1096.027,412
1096.102,421
1096.176,429
1096.251,433
1096.326,434
1096.401,435
1096.475,436
1096.55,431
1096.625,430
1096.7,434
1096.775,459
1096.849,472
1096.924,455
1096.999,459
1097.074,454
1097.149,440
1097.223,427
1097.298,418
1097.373,412
1097.448,407
1097.523,408
1097.597,412
1097.672,411
1097.747,407
1097.822,425
1097.897,428
1097.972,438
1098.046,437
1098.121,438
1098.196,429
1098.271,421
1098.346,428
1098.421,420
1098.496,425
1098.57,421
1098.645,422
1098.72,419
1098.795,402
1098.87,389
1098.945,373
1099.02,364
1099.094,371
1099.169,389
1099.244,389
1099.319,392
1099.394,402
1099.469,403
1099.544,402
1099.619,404
1099.694,403
1099.768,408
1099.843,395
1099.918,396
1099.993,401
1100.068,412
1100.143,420
1100.218,423
1100.293,419
1100.368,421
1100.443,415
1100.518,406
1100.593,403
1100.667,393
1100.742,398
1100.817,398
1100.892,391
1100.967,378
1101.042,369
1101.117,369
1101.192,378
1101.267,394
1101.342,410
1101.417,409
1101.492,405
1101.567,411
1101.642,406
1101.717,401
1101.792,392
1101.867,379
1101.942,396
1102.017,390
1102.092,394
1102.167,389
1102.242,362
1102.317,354
1102.392,350
1102.467,353
1102.542,346
1102.617,339
1102.692,330
1102.767,314
1102.842,315
1102.917,316
1102.992,324
1103.067,343
1103.142,349
1103.217,365
1103.292,382
1103.367,397
1103.442,411
1103.517,436
1103.592,461
1103.667,459
1103.742,473
1103.817,463
1103.892,443
1103.967,433
1104.042,427
1104.117,423
1104.192,419
1104.267,425
1104.342,424
1104.417,440
1104.492,470
1104.567,485
1104.642,500
1104.718,504
1104.793,513
1104.868,507
1104.943,499
1105.018,483
1105.093,466
1105.168,463
1105.243,451
1105.318,463
1105.393,471
1105.468,479
1105.543,493
1105.619,503
1105.694,503
1105.769,504
1105.844,506
1105.919,510
1105.994,521
1106.069,520
1106.144,514
1106.219,507
1106.295,509
1106.37,506
1106.445,500
1106.52,509
1106.595,522
1106.67,526
1106.745,529
1106.821,520
1106.896,509
1106.971,499
1107.046,512
1107.121,512
1107.196,515
1107.271,513
1107.347,517
1107.422,533
1107.497,549
1107.572,562
1107.647,553
1107.722,536
1107.798,534
1107.873,523
1107.948,512
1108.023,512
1108.098,514
1108.174,519
1108.249,516
1108.324,519
1108.399,516
1108.474,513
1108.549,507
1108.625,496
1108.7,496
1108.775,494
1108.85,492
1108.926,492
1109.001,506
1109.076,506
1109.151,515
1109.226,532
1109.302,536
1109.377,537
1109.452,536
1109.527,521
1109.603,503
1109.678,493
1109.753,491
1109.828,492
1109.904,495
1109.979,490
1110.054,488
1110.129,494
1110.205,487
1110.28,492
1110.355,497
1110.43,483
1110.506,481
1110.581,469
1110.656,459
1110.731,439
1110.807,432
1110.882,426
1110.957,417
1111.033,419
1111.108,414
1111.183,419
1111.258,426
1111.334,423
1111.409,432
1111.484,428
1111.56,427
1111.635,433
1111.71,435
1111.786,430
1111.861,431
1111.936,432
1112.012,417
1112.087,405
1112.162,396
1112.238,393
1112.313,401
1112.388,408
1112.464,415
1112.539,425
1112.614,425
1112.69,431
1112.765,432
1112.84,419
1112.916,415
1112.991,394
1113.066,388
1113.142,389
1113.217,392
1113.292,387
1113.368,385
1113.443,375
1113.519,377
1113.594,380
1113.669,388
1113.745,388
1113.82,385
1113.895,380
1113.971,369
1114.046,357
1114.122,354
1114.197,346
1114.272,334
1114.348,350
1114.423,348
1114.499,337
1114.574,349
1114.649,330
1114.725,326
1114.8,338
1114.876,328
1114.951,329
1115.027,323
1115.102,314
1115.177,303
1115.253,289
1115.328,280
1115.404,284
1115.479,286
1115.555,296
1115.63,309
1115.705,311
1115.781,299
1115.856,303
1115.932,316
1116.007,329
1116.083,359
1116.158,371
1116.234,369
1116.309,368
1116.385,389
1116.46,382
1116.536,384
1116.611,375
1116.687,351
1116.762,351
1116.837,354
1116.913,350
1116.988,359
1117.064,360
1117.139,358
1117.215,350
1117.29,342
1117.366,335
1117.441,326
1117.517,328
1117.593,327
1117.668,335
1117.744,340
1117.819,350
1117.895,348
1117.97,350
1118.046,358
1118.121,360
1118.197,362
1118.272,361
1118.348,352
1118.423,345
1118.499,341
1118.574,337
1118.65,331
1118.726,331
1118.801,337
1118.877,343
1118.952,345
1119.028,342
1119.103,344
1119.179,321
1119.254,313
1119.33,300
1119.406,293
1119.481,290
1119.557,294
1119.632,300
1119.708,302
1119.783,309
1119.859,306
1119.935,298
1120.01,314
1120.086,309
1120.161,318
1120.237,326
1120.313,319
1120.388,309
1120.464,305
1120.54,296
1120.615,299
1120.691,301
1120.766,308
1120.842,306
1120.918,316
1120.993,318
1121.069,326
1121.145,321
1121.22,317
1121.296,315
1121.371,304
1121.447,298
1121.523,276
1121.598,272
1121.674,266
1121.75,257
1121.825,251
1121.901,265
1121.977,259
1122.052,257
1122.128,261
1122.204,246
1122.279,257
1122.355,266
1122.431,276
1122.506,291
1122.582,298
1122.658,306
1122.733,305
1122.809,320
1122.885,315
1122.961,319
1123.036,327
1123.112,329
1123.188,336
1123.263,333
1123.339,326
1123.415,322
1123.49,330
1123.566,338
1123.642,337
1123.718,317
1123.793,298
1123.869,294
1123.945,294
1124.021,296
1124.096,292
1124.172,293
1124.248,290
1124.324,300
1124.399,297
1124.475,280
1124.551,281
1124.627,274
1124.702,269
1124.778,274
1124.854,274
1124.93,273
1125.005,278
1125.081,289
1125.157,287
1125.233,281
1125.308,280
1125.384,281
1125.46,267
1125.536,269
1125.612,262
1125.687,264
1125.763,272
1125.839,274
1125.915,274
1125.991,269
1126.066,260
1126.142,281
1126.218,285
1126.294,287
1126.37,296
1126.445,299
1126.521,298
1126.597,298
1126.673,297
1126.749,283
1126.825,298
1126.9,290
1126.976,294
1127.052,293
1127.128,297
1127.204,298
1127.28,293
1127.355,292
1127.431,286
1127.507,291
1127.583,302
1127.659,302
1127.735,303
1127.811,309
1127.886,298
1127.962,298
1128.038,300
1128.114,310
1128.19,322
1128.266,323
1128.342,327
1128.418,318
1128.493,312
1128.569,319
1128.645,310
1128.721,318
1128.797,334
1128.873,339
1128.949,334
1129.025,329
1129.101,308
1129.176,302
1129.252,300
1129.328,288
1129.404,287
1129.48,293
1129.556,295
1129.632,286
1129.708,283
1129.784,274
1129.86,277
1129.936,275
1130.012,269
1130.088,273
1130.164,283
1130.239,288
1130.315,299
1130.391,300
1130.467,298
1130.543,302
1130.619,291
1130.695,289
1130.771,283
1130.847,279
1130.923,278
1130.999,273
1131.075,277
1131.151,274
1131.227,280
1131.303,286
1131.379,289
1131.455,280
1131.531,286
1131.607,301
1131.683,307
1131.759,330
1131.835,329
1131.911,329
1131.987,328
1132.063,327
1132.139,325
1132.215,316
1132.291,301
1132.367,281
1132.443,282
1132.519,287
1132.595,295
1132.671,306
1132.747,300
1132.823,299
1132.899,290
1132.975,297
1133.051,292
1133.127,284
1133.203,288
1133.279,272
1133.355,275
1133.432,279
1133.508,274
1133.584,280
1133.66,283
1133.736,272
1133.812,268
1133.888,266
1133.964,259
1134.04,265
1134.116,270
1134.192,277
1134.268,274
1134.344,278
1134.421,284
1134.497,288
1134.573,294
1134.649,303
1134.725,304
1134.801,291
1134.877,295
1134.953,282
1135.029,272
1135.105,268
1135.182,278
1135.258,292
1135.334,309
1135.41,303
1135.486,281
1135.562,268
1135.638,257
1135.714,253
1135.791,250
1135.867,258
1135.943,263
1136.019,270
1136.095,280
1136.171,268
1136.247,270
1136.324,263
1136.4,256
1136.476,266
1136.552,267
1136.628,278
1136.704,285
1136.781,277
1136.857,272
1136.933,266
1137.009,264
1137.085,257
1137.161,268
1137.238,264
1137.314,275
1137.39,282
1137.466,273
1137.542,265
1137.619,262
1137.695,258
1137.771,245
1137.847,242
1137.923,233
1138,238
1138.076,239
1138.152,255
1138.228,258
1138.304,277
1138.381,290
1138.457,289
1138.533,299
1138.609,295
1138.686,287
1138.762,281
1138.838,277
1138.914,258
1138.991,248
1139.067,263
1139.143,262
1139.219,270
1139.296,273
1139.372,271
1139.448,273
1139.524,278
1139.601,276
1139.677,264
1139.753,246
1139.829,227
1139.906,219
1139.982,223
1140.058,223
1140.135,241
1140.211,258
1140.287,274
1140.363,294
1140.44,304
1140.516,317
1140.592,319
1140.669,324
1140.745,313
1140.821,305
1140.897,301
1140.974,295
1141.05,304
1141.126,310
1141.203,316
1141.279,307
1141.355,311
1141.432,309
1141.508,317
1141.584,308
1141.661,312
1141.737,306
1141.813,288
1141.89,273
1141.966,266
1142.042,270
1142.119,270
1142.195,288
1142.271,292
1142.348,290
1142.424,288
1142.501,281
1142.577,283
1142.653,273
1142.73,270
1142.806,273
1142.882,272
1142.959,279
1143.035,286
1143.112,296
1143.188,290
1143.264,292
1143.341,285
1143.417,288
1143.494,282
1143.57,292
1143.646,306
1143.723,308
1143.799,294
1143.876,275
1143.952,266
1144.028,250
1144.105,266
1144.181,266
1144.258,277
1144.334,277
1144.411,277
1144.487,269
1144.563,273
1144.64,270
1144.716,262
1144.793,250
1144.869,236
1144.946,241
1145.022,241
1145.098,245
1145.175,252
1145.251,263
1145.328,253
1145.404,249
1145.481,244
1145.557,234
1145.634,238
1145.71,244
1145.787,249
1145.863,245
1145.94,248
1146.016,248
1146.093,250
1146.169,255
1146.246,262
1146.322,253
1146.399,264
1146.475,261
1146.552,267
1146.628,274
1146.705,266
1146.781,274
1146.858,263
1146.934,250
1147.011,244
1147.087,237
1147.164,235
1147.24,247
1147.317,248
1147.393,247
1147.47,247
1147.546,242
1147.623,252
1147.699,255
1147.776,258
1147.852,272
1147.929,273
1148.006,282
1148.082,282
1148.159,288
1148.235,279
1148.312,274
1148.388,270
1148.465,275
1148.541,267
1148.618,260
1148.695,256
1148.771,249
1148.848,249
1148.924,243
1149.001,248
1149.078,248
1149.154,251
1149.231,249
1149.307,251
1149.384,258
1149.46,270
1149.537,289
1149.614,297
1149.69,303
1149.767,309
1149.844,303
1149.92,285
1149.997,287
1150.073,284
1150.15,274
1150.227,271
1150.303,276
1150.38,284
1150.457,287
1150.533,277
1150.61,264
1150.686,255
1150.763,263
1150.84,260
1150.916,265
1150.993,257
1151.07,256
1151.146,255
1151.223,254
1151.3,263
1151.376,268
1151.453,294
1151.53,324
1151.606,344
1151.683,390
1151.76,436
1151.836,481
1151.913,530
1151.99,571
1152.066,596
1152.143,611
1152.22,622
1152.296,638
1152.373,667
1152.45,680
1152.527,704
1152.603,742
1152.68,768
1152.757,806
1152.833,822
1152.91,859
1152.987,867
1153.064,876
1153.14,896
1153.217,923
1153.294,937
1153.371,944
1153.447,943
1153.524,943
1153.601,954
1153.677,970
1153.754,987
1153.831,1010
1153.908,1006
1153.984,996
1154.061,970
1154.138,953
1154.215,955
1154.291,954
1154.368,959
1154.445,974
1154.522,958
1154.599,947
1154.675,945
1154.752,925
1154.829,920
1154.906,921
1154.982,913
1155.059,903
1155.136,901
1155.213,893
1155.29,874
1155.366,859
1155.443,847
1155.52,818
1155.597,800
1155.674,781
1155.75,774
1155.827,763
1155.904,760
1155.981,744
1156.058,743
1156.135,734
1156.211,745
1156.288,758
1156.365,746
1156.442,740
1156.519,726
1156.596,710
1156.672,696
1156.749,678
1156.826,660
1156.903,634
1156.98,618
1157.057,612
1157.134,602
1157.21,589
1157.287,590
1157.364,576
1157.441,563
1157.518,566
1157.595,581
1157.672,589
1157.749,589
1157.825,570
1157.902,552
1157.979,542
1158.056,541
1158.133,537
1158.21,524
1158.287,516
1158.364,513
1158.441,490
1158.517,489
1158.594,500
1158.671,502
1158.748,496
1158.825,488
1158.902,463
1158.979,455
1159.056,452
1159.133,448
1159.21,447
1159.287,442
1159.364,440
1159.441,432
1159.517,419
1159.594,407
1159.671,404
1159.748,393
1159.825,386
1159.902,382
1159.979,369
1160.056,356
1160.133,353
1160.21,345
1160.287,333
1160.364,328
1160.441,323
1160.518,324
1160.595,314
1160.672,311
1160.749,302
1160.826,304
1160.903,323
1160.98,325
1161.057,340
1161.134,347
1161.211,344
1161.288,330
1161.365,330
1161.442,322
1161.519,317
1161.596,315
1161.673,318
1161.75,331
1161.827,332
1161.904,335
1161.981,345
1162.058,341
1162.135,348
1162.212,343
1162.289,328
1162.366,316
1162.443,301
1162.52,290
1162.597,278
1162.674,259
1162.751,253
1162.828,242
1162.905,236
1162.982,237
1163.059,228
1163.137,237
1163.214,248
1163.291,267
1163.368,279
1163.445,288
1163.522,298
1163.599,296
1163.676,302
1163.753,296
1163.83,299
1163.907,291
1163.984,276
1164.061,274
1164.139,251
1164.216,257
1164.293,258
1164.37,247
1164.447,248
1164.524,244
1164.601,240
1164.678,246
1164.755,236
1164.833,240
1164.91,241
1164.987,249
1165.064,254
1165.141,258
1165.218,280
1165.295,274
1165.372,279
1165.45,273
1165.527,262
1165.604,263
1165.681,263
1165.758,262
1165.835,260
1165.912,261
1165.99,261
1166.067,259
1166.144,262
1166.221,266
1166.298,267
1166.375,271
1166.453,275
1166.53,264
1166.607,256
1166.684,251
1166.761,237
1166.839,234
1166.916,237
1166.993,240
1167.07,243
1167.147,251
1167.224,251
1167.302,248
1167.379,257
1167.456,264
1167.533,251
1167.611,255
1167.688,256
1167.765,249
1167.842,262
1167.919,261
1167.997,268
1168.074,268
1168.151,271
1168.228,284
1168.306,275
1168.383,288
1168.46,294
1168.537,291
1168.615,280
1168.692,292
1168.769,293
1168.846,298
1168.924,301
1169.001,282
1169.078,278
1169.155,273
1169.233,275
1169.31,279
1169.387,291
1169.464,295
1169.542,300
1169.619,313
1169.696,312
1169.774,306
1169.851,292
1169.928,289
1170.005,284
1170.083,281
1170.16,282
1170.237,270
1170.315,273
1170.392,275
1170.469,270
1170.546,273
1170.624,269
1170.701,265
1170.778,272
1170.856,269
1170.933,266
1171.01,256
1171.088,243
1171.165,240
1171.242,237
1171.32,246
1171.397,253
1171.474,273
1171.552,278
1171.629,285
1171.706,288
1171.784,286
1171.861,282
1171.939,290
1172.016,278
1172.093,266
1172.171,263
1172.248,264
1172.325,274
1172.403,284
1172.48,292
1172.557,285
1172.635,283
1172.712,268
1172.79,246
1172.867,238
1172.944,219
1173.022,220
1173.099,216
1173.177,217
1173.254,209
1173.331,207
1173.409,208
1173.486,209
1173.564,214
1173.641,222
1173.718,226
1173.796,240
1173.873,251
1173.951,265
1174.028,274
1174.106,280
1174.183,284
1174.26,285
1174.338,292
1174.415,292
1174.493,308
1174.57,301
1174.648,280
1174.725,283
1174.803,260
1174.88,256
1174.957,256
1175.035,243
1175.112,248
1175.19,255
1175.267,255
1175.345,260
1175.422,262
1175.5,261
1175.577,273
1175.655,278
1175.732,285
1175.81,286
1175.887,290
1175.965,291
1176.042,286
1176.12,296
1176.197,303
1176.275,302
1176.352,307
1176.43,295
1176.507,296
1176.585,294
1176.662,303
1176.74,311
1176.817,323
1176.895,333
1176.972,335
1177.05,338
1177.127,333
1177.205,337
1177.282,338
1177.36,335
1177.438,333
1177.515,330
1177.593,315
1177.67,294
1177.748,282
1177.825,271
1177.903,261
1177.98,276
1178.058,276
1178.136,269
1178.213,276
1178.291,268
1178.368,255
1178.446,256
1178.523,253
1178.601,262
1178.679,271
1178.756,282
1178.834,292
1178.911,293
1178.989,304
1179.066,307
1179.144,314
1179.222,315
1179.299,308
1179.377,295
1179.455,277
1179.532,263
1179.61,260
1179.687,263
1179.765,285
1179.843,306
1179.92,328
1179.998,345
1180.075,356
1180.153,348
1180.231,345
1180.308,334
1180.386,323
1180.464,315
1180.541,300
1180.619,303
1180.697,286
1180.774,311
1180.852,326
1180.93,328
1181.007,338
1181.085,320
1181.163,313
1181.24,302
1181.318,294
1181.396,299
1181.473,297
1181.551,292
1181.629,303
1181.706,310
1181.784,303
1181.862,305
1181.939,293
1182.017,292
1182.095,293
1182.172,290
1182.25,280
1182.328,275
1182.406,273
1182.483,278
1182.561,293
1182.639,305
1182.716,303
1182.794,307
1182.872,300
1182.95,295
1183.027,298
1183.105,298
1183.183,298
1183.261,299
1183.338,290
1183.416,286
1183.494,288
1183.572,281
1183.649,275
1183.727,275
1183.805,286
1183.883,296
1183.96,302
1184.038,298
1184.116,289
1184.194,287
1184.271,292
1184.349,306
1184.427,299
1184.505,313
1184.582,318
1184.66,302
1184.738,299
1184.816,290
1184.894,282
1184.971,278
1185.049,277
1185.127,269
1185.205,267
1185.283,259
1185.36,250
1185.438,255
1185.516,251
1185.594,260
1185.672,264
1185.749,274
1185.827,278
1185.905,272
1185.983,275
1186.061,253
1186.139,250
1186.216,250
1186.294,241
1186.372,256
1186.45,260
1186.528,245
1186.606,246
1186.683,238
1186.761,233
1186.839,230
1186.917,236
1186.995,243
1187.073,241
1187.151,242
1187.229,243
1187.306,240
1187.384,246
1187.462,244
1187.54,239
1187.618,251
1187.696,249
1187.774,242
1187.852,239
1187.929,242
1188.007,241
1188.085,240
1188.163,250
1188.241,246
1188.319,251
1188.397,252
1188.475,244
1188.553,239
1188.631,243
1188.709,245
1188.786,250
1188.864,237
1188.942,231
1189.02,222
1189.098,221
1189.176,224
1189.254,215
1189.332,206
1189.41,205
1189.488,207
1189.566,211
1189.644,220
1189.722,227
1189.8,224
1189.878,222
1189.956,215
1190.034,207
1190.111,200
1190.189,203
1190.267,200
1190.345,206
1190.423,211
1190.501,218
1190.579,223
1190.657,236
1190.735,233
1190.813,231
1190.891,227
1190.969,230
1191.047,232
1191.125,235
1191.203,233
1191.281,236
1191.359,226
1191.437,219
1191.515,219
1191.593,210
1191.671,209
1191.749,207
1191.827,210
1191.905,205
1191.983,218
1192.061,231
1192.139,234
1192.218,249
1192.296,250
1192.374,246
1192.452,230
1192.53,225
1192.608,220
1192.686,216
1192.764,213
1192.842,206
1192.92,212
1192.998,207
1193.076,219
1193.154,216
1193.232,223
1193.31,228
1193.388,223
1193.466,230
1193.545,227
1193.623,225
1193.701,227
1193.779,230
1193.857,239
1193.935,246
1194.013,272
1194.091,271
1194.169,266
1194.247,256
1194.325,255
1194.404,252
1194.482,242
1194.56,235
1194.638,217
1194.716,221
1194.794,218
1194.872,226
1194.95,223
1195.029,218
1195.107,226
1195.185,219
1195.263,231
1195.341,237
1195.419,234
1195.497,235
1195.575,228
1195.654,226
1195.732,227
1195.81,236
1195.888,236
1195.966,253
1196.044,264
1196.123,263
1196.201,257
1196.279,265
1196.357,259
1196.435,254
1196.513,255
1196.592,235
1196.67,232
1196.748,237
1196.826,235
1196.904,246
1196.983,236
1197.061,232
1197.139,240
1197.217,247
1197.295,240
1197.374,234
1197.452,223
1197.53,215
1197.608,223
1197.686,235
1197.765,240
1197.843,245
1197.921,253
1197.999,257
1198.078,254
1198.156,243
1198.234,240
1198.312,232
1198.39,234
1198.469,239
1198.547,247
1198.625,259
1198.703,267
1198.782,274
1198.86,262
1198.938,266
1199.016,276
1199.095,294
1199.173,314
1199.251,342
1199.33,401
1199.408,517
1199.486,747
1199.564,1089
1199.643,1518
1199.721,2004
1199.799,2559
1199.878,3010
1199.956,3377
1200.034,3603
1200.112,3565
1200.191,3465
1200.269,3320
1200.347,3214
1200.426,3140
1200.504,3194
1200.582,3330
1200.661,3560
1200.739,3864
1200.817,4106
1200.896,4280
1200.974,4285
1201.052,4158
1201.131,3950
1201.209,3721
1201.287,3524
1201.366,3330
1201.444,3217
1201.522,3138
1201.601,3137
1201.679,3209
1201.757,3301
1201.836,3391
1201.914,3455
1201.992,3466
1202.071,3392
1202.149,3275
1202.227,3140
1202.306,2991
1202.384,2880
1202.463,2788
1202.541,2720
1202.619,2706
1202.698,2706
1202.776,2731
1202.854,2745
1202.933,2759
1203.011,2765
1203.09,2757
1203.168,2750
1203.246,2701
1203.325,2648
1203.403,2602
1203.482,2554
1203.56,2510
1203.638,2489
1203.717,2461
1203.795,2443
1203.874,2430
1203.952,2430
1204.031,2416
1204.109,2392
1204.187,2365
1204.266,2313
1204.344,2265
1204.423,2216
1204.501,2172
1204.58,2123
1204.658,2079
1204.737,2053
1204.815,2049
1204.893,2019
1204.972,1996
1205.05,1968
1205.129,1944
1205.207,1934
1205.286,1926
1205.364,1898
1205.443,1862
1205.521,1832
1205.6,1783
1205.678,1747
1205.757,1702
1205.835,1676
1205.914,1652
1205.992,1640
1206.071,1663
1206.149,1663
1206.228,1658
1206.306,1657
1206.385,1625
1206.463,1596
1206.542,1565
1206.62,1533
1206.699,1497
1206.777,1485
1206.856,1474
1206.934,1466
1207.013,1453
1207.091,1454
1207.17,1442
1207.248,1448
1207.327,1452
1207.405,1447
1207.484,1440
1207.563,1429
1207.641,1416
1207.72,1413
1207.798,1409
1207.877,1408
1207.955,1393
1208.034,1383
1208.112,1358
1208.191,1341
1208.27,1319
1208.348,1293
1208.427,1291
1208.505,1262
1208.584,1229
1208.662,1218
1208.741,1205
1208.82,1191
1208.898,1192
1208.977,1181
1209.055,1166
1209.134,1156
1209.213,1137
1209.291,1116
1209.37,1105
1209.448,1080
1209.527,1071
1209.606,1066
1209.684,1045
1209.763,1031
1209.841,1004
1209.92,992
1209.999,979
1210.077,973
1210.156,968
1210.235,960
1210.313,951
1210.392,928
1210.47,909
1210.549,894
1210.628,886
1210.706,851
1210.785,826
1210.864,809
1210.942,801
1211.021,791
1211.1,781
1211.178,765
1211.257,749
1211.336,741
1211.414,741
1211.493,743
1211.572,732
1211.65,732
1211.729,727
1211.808,720
1211.886,713
1211.965,713
1212.044,695
1212.122,669
1212.201,652
1212.28,623
1212.359,608
1212.437,600
1212.516,595
1212.595,573
1212.673,562
1212.752,544
1212.831,542
1212.91,539
1212.988,529
1213.067,518
1213.146,509
1213.224,512
1213.303,513
1213.382,523
1213.461,528
1213.539,526
1213.618,523
1213.697,506
1213.776,478
1213.854,465
1213.933,450
1214.012,428
1214.091,430
1214.169,417
1214.248,402
1214.327,395
1214.406,389
1214.485,374
1214.563,372
1214.642,373
1214.721,364
1214.8,353
1214.878,357
1214.957,351
1215.036,353
1215.115,368
1215.194,367
1215.272,369
1215.351,371
1215.43,370
1215.509,356
1215.588,342
1215.666,334
1215.745,331
1215.824,336
1215.903,346
1215.982,345
1216.061,347
1216.139,340
1216.218,333
1216.297,332
1216.376,335
1216.455,331
1216.534,327
1216.612,325
1216.691,332
1216.77,338
1216.849,339
1216.928,342
1217.007,327
1217.085,344
1217.164,364
1217.243,379
1217.322,393
1217.401,396
1217.48,392
1217.559,389
1217.638,390
1217.716,387
1217.795,395
1217.874,399
1217.953,394
1218.032,377
1218.111,359
1218.19,349
1218.269,345
1218.348,347
1218.426,351
1218.505,337
1218.584,328
1218.663,311
1218.742,304
1218.821,305
1218.9,294
1218.979,294
1219.058,298
1219.137,304
1219.216,312
1219.295,318
1219.374,316
1219.452,314
1219.531,314
1219.61,331
1219.689,337
1219.768,345
1219.847,340
1219.926,346
1220.005,339
1220.084,346
1220.163,334
1220.242,323
1220.321,303
1220.4,291
1220.479,277
1220.558,272
1220.637,276
1220.716,284
1220.795,296
1220.874,284
1220.953,283
1221.032,280
1221.111,281
1221.19,280
1221.269,282
1221.348,285
1221.427,279
1221.506,294
1221.585,307
1221.664,306
1221.743,314
1221.822,304
1221.901,307
1221.98,303
1222.059,295
1222.138,290
1222.217,280
1222.296,278
1222.375,272
1222.454,285
1222.533,273
1222.612,260
1222.691,246
1222.77,234
1222.849,241
1222.928,245
1223.007,250
1223.086,249
1223.165,253
1223.244,264
1223.324,278
1223.403,283
1223.482,301
1223.561,314
1223.64,318
1223.719,318
1223.798,307
1223.877,299
1223.956,304
1224.035,302
1224.114,294
1224.193,291
1224.272,299
1224.352,305
1224.431,304
1224.51,302
1224.589,299
1224.668,301
1224.747,312
1224.826,315
1224.905,316
1224.984,334
1225.064,344
1225.143,342
1225.222,341
1225.301,328
1225.38,317
1225.459,316
1225.538,315
1225.618,322
1225.697,326
1225.776,335
1225.855,332
1225.934,325
1226.013,332
1226.092,322
1226.172,334
1226.251,334
1226.33,325
1226.409,321
1226.488,324
1226.567,324
1226.647,330
1226.726,334
1226.805,339
1226.884,338
1226.963,327
1227.042,327
1227.122,334
1227.201,324
1227.28,321
1227.359,309
1227.438,299
1227.518,295
1227.597,293
1227.676,301
1227.755,291
1227.834,308
1227.914,319
1227.993,322
1228.072,325
1228.151,319
1228.231,320
1228.31,316
1228.389,318
1228.468,319
1228.547,315
1228.627,311
1228.706,301
1228.785,318
1228.864,326
1228.944,327
1229.023,334
1229.102,327
1229.181,330
1229.261,333
1229.34,343
1229.419,345
1229.498,345
1229.578,349
1229.657,342
1229.736,347
1229.816,346
1229.895,352
1229.974,351
1230.053,358
1230.133,364
1230.212,365
1230.291,365
1230.371,370
1230.45,373
1230.529,368
1230.609,368
1230.688,359
1230.767,355
1230.846,342
1230.926,335
1231.005,342
1231.084,339
1231.164,338
1231.243,338
1231.322,328
1231.402,328
1231.481,319
1231.56,305
1231.64,296
1231.719,294
1231.798,300
1231.878,323
1231.957,319
1232.036,314
1232.116,314
1232.195,302
1232.274,307
1232.354,311
1232.433,302
1232.513,288
1232.592,286
1232.671,275
1232.751,278
1232.83,265
1232.909,255
1232.989,244
1233.068,245
1233.148,241
1233.227,246
1233.306,242
1233.386,245
1233.465,246
1233.545,250
1233.624,268
1233.703,270
1233.783,280
1233.862,278
1233.942,281
1234.021,283
1234.1,280
1234.18,270
1234.259,271
1234.339,266
1234.418,250
1234.498,255
1234.577,255
1234.656,257
1234.736,260
1234.815,262
1234.895,255
1234.974,269
1235.054,272
1235.133,266
1235.213,272
1235.292,276
1235.371,273
1235.451,271
1235.53,276
1235.61,276
1235.689,273
1235.769,280
1235.848,280
1235.928,269
1236.007,273
1236.087,259
1236.166,253
1236.246,253
1236.325,255
1236.405,269
1236.484,283
1236.564,299
1236.643,305
1236.723,304
1236.802,310
1236.882,311
1236.961,304
1237.041,292
1237.12,280
1237.2,278
1237.279,278
1237.359,269
1237.438,267
1237.518,260
1237.597,253
1237.677,263
1237.756,260
1237.836,263
1237.915,268
1237.995,256
1238.075,247
1238.154,236
1238.234,230
1238.313,229
1238.393,220
1238.472,232
1238.552,232
1238.631,246
1238.711,257
1238.791,262
1238.87,272
1238.95,276
1239.029,272
1239.109,277
1239.189,275
1239.268,269
1239.348,265
1239.427,250
1239.507,249
1239.586,247
1239.666,241
1239.746,222
1239.825,212
1239.905,217
1239.984,210
1240.064,221
1240.144,225
1240.223,223
1240.303,242
1240.383,240
1240.462,241
1240.542,242
1240.621,245
1240.701,262
1240.781,264
1240.86,261
1240.94,250
1241.02,237
1241.099,236
1241.179,230
1241.259,233
1241.338,232
1241.418,228
1241.498,235
1241.577,241
1241.657,237
1241.737,254
1241.816,261
1241.896,262
1241.976,262
1242.055,256
1242.135,252
1242.215,249
1242.294,247
1242.374,228
1242.454,225
1242.533,222
1242.613,222
1242.693,223
1242.772,225
1242.852,226
1242.932,225
1243.012,236
1243.091,228
1243.171,233
1243.251,238
1243.33,238
1243.41,245
1243.49,246
1243.57,254
1243.649,249
1243.729,237
1243.809,239
1243.889,231
1243.968,230
1244.048,234
1244.128,220
1244.208,216
1244.287,199
1244.367,192
1244.447,189
1244.527,187
1244.606,203
1244.686,214
1244.766,220
1244.846,223
1244.925,229
1245.005,228
1245.085,232
1245.165,238
1245.244,234
1245.324,225
1245.404,225
1245.484,223
1245.564,222
1245.643,218
1245.723,225
1245.803,223
1245.883,229
1245.963,244
1246.042,238
1246.122,236
1246.202,231
1246.282,221
1246.362,223
1246.441,223
1246.521,211
1246.601,209
1246.681,210
1246.761,212
1246.841,219
1246.92,228
1247,234
1247.08,233
1247.16,240
1247.24,242
1247.32,248
1247.4,250
1247.479,253
1247.559,247
1247.639,242
1247.719,242
1247.799,234
1247.879,219
1247.959,208
1248.038,224
1248.118,234
1248.198,233
1248.278,234
1248.358,232
1248.438,227
1248.518,227
1248.598,241
1248.678,242
1248.757,249
1248.837,257
1248.917,256
1248.997,254
1249.077,254
1249.157,245
1249.237,233
1249.317,231
1249.397,233
1249.477,241
1249.557,234
1249.636,221
1249.716,219
1249.796,225
1249.876,226
1249.956,228
1250.036,215
1250.116,213
1250.196,225
1250.276,233
1250.356,250
1250.436,261
1250.516,265
1250.596,276
1250.676,271
1250.756,272
1250.836,261
1250.916,259
1250.996,255
1251.076,257
1251.155,249
1251.235,244
1251.315,245
1251.395,227
1251.475,231
1251.555,233
1251.635,260
1251.715,274
1251.795,278
1251.875,274
1251.955,263
1252.035,262
1252.115,259
1252.195,260
1252.275,248
1252.355,244
1252.435,236
1252.515,229
1252.595,233
1252.675,231
1252.756,238
1252.836,239
1252.916,235
1252.996,229
1253.076,225
1253.156,225
1253.236,212
1253.316,209
1253.396,211
1253.476,206
1253.556,209
1253.636,227
1253.716,239
1253.796,243
1253.876,242
1253.956,245
1254.036,253
1254.116,250
1254.196,247
1254.276,246
1254.357,241
1254.437,232
1254.517,230
1254.597,227
1254.677,225
1254.757,223
1254.837,217
1254.917,233
1254.997,234
1255.077,233
1255.157,240
1255.238,233
1255.318,231
1255.398,238
1255.478,236
1255.558,246
1255.638,243
1255.718,236
1255.798,222
1255.879,224
1255.959,229
1256.039,226
1256.119,219
1256.199,206
1256.279,204
1256.359,210
1256.439,216
1256.52,225
1256.6,220
1256.68,225
1256.76,229
1256.84,224
1256.92,220
1257.001,221
1257.081,215
1257.161,221
1257.241,213
1257.321,202
1257.401,208
1257.482,203
1257.562,204
1257.642,204
1257.722,204
1257.802,214
1257.883,227
1257.963,236
1258.043,260
1258.123,263
1258.203,262
1258.284,254
1258.364,245
1258.444,239
1258.524,244
1258.604,240
1258.685,231
1258.765,238
1258.845,234
1258.925,236
1259.006,236
1259.086,245
1259.166,244
1259.246,231
1259.326,228
1259.407,216
1259.487,209
1259.567,201
1259.647,208
1259.728,210
1259.808,212
1259.888,220
1259.968,231
1260.049,230
1260.129,229
1260.209,233
1260.29,228
1260.37,232
1260.45,247
1260.53,255
1260.611,256
1260.691,260
1260.771,250
1260.851,227
1260.932,217
1261.012,201
1261.092,192
1261.173,188
1261.253,189
1261.333,197
1261.414,195
1261.494,202
1261.574,219
1261.655,223
1261.735,225
1261.815,222
1261.895,221
1261.976,215
1262.056,218
1262.136,211
1262.217,206
1262.297,207
1262.377,218
1262.458,233
1262.538,233
1262.618,237
1262.699,245
1262.779,231
1262.86,221
1262.94,213
1263.02,205
1263.101,201
1263.181,198
1263.261,206
1263.342,208
1263.422,228
1263.502,236
1263.583,242
1263.663,242
1263.744,241
1263.824,239
1263.904,238
1263.985,232
1264.065,225
1264.146,223
1264.226,226
1264.306,223
1264.387,209
1264.467,207
1264.548,193
1264.628,194
1264.708,196
1264.789,188
1264.869,187
1264.95,187
1265.03,192
1265.11,190
1265.191,197
1265.271,202
1265.352,201
1265.432,203
1265.513,200
1265.593,196
1265.674,205
1265.754,207
1265.834,210
1265.915,211
1265.995,210
1266.076,214
1266.156,215
1266.237,214
1266.317,205
1266.398,209
1266.478,209
1266.559,207
1266.639,205
1266.72,215
1266.8,211
1266.881,217
1266.961,213
1267.041,206
1267.122,206
1267.202,205
1267.283,216
1267.363,206
1267.444,202
1267.524,189
1267.605,181
1267.685,182
1267.766,192
1267.847,213
1267.927,231
1268.008,245
1268.088,247
1268.169,246
1268.249,236
1268.33,226
1268.41,216
1268.491,208
1268.571,207
1268.652,194
1268.732,194
1268.813,188
1268.893,184
1268.974,180
1269.055,177
1269.135,170
1269.216,171
1269.296,172
1269.377,182
1269.457,194
1269.538,202
1269.618,215
1269.699,221
1269.78,222
1269.86,225
1269.941,222
1270.021,215
1270.102,220
1270.183,213
1270.263,199
1270.344,211
1270.424,212
1270.505,202
1270.586,216
1270.666,211
1270.747,208
1270.827,222
1270.908,229
1270.989,230
1271.069,224
1271.15,229
1271.23,223
1271.311,207
1271.392,211
1271.472,212
1271.553,213
1271.634,218
1271.714,208
1271.795,205
1271.876,213
1271.956,209
1272.037,213
1272.118,213
1272.198,195
1272.279,201
1272.359,198
1272.44,204
1272.521,209
1272.601,201
1272.682,202
1272.763,195
1272.844,198
1272.924,200
1273.005,211
1273.086,202
1273.166,195
1273.247,188
1273.328,197
1273.408,197
1273.489,204
1273.57,208
1273.65,205
1273.731,219
1273.812,217
1273.893,215
1273.973,214
1274.054,206
1274.135,211
1274.215,199
1274.296,194
1274.377,192
1274.458,197
1274.538,194
1274.619,194
1274.7,200
1274.781,197
1274.861,207
1274.942,216
1275.023,219
1275.103,219
1275.184,221
1275.265,227
1275.346,226
1275.427,216
1275.507,220
1275.588,210
1275.669,211
1275.75,230
1275.83,221
1275.911,209
1275.992,204
1276.073,191
1276.153,203
1276.234,221
1276.315,237
1276.396,266
1276.477,260
1276.557,263
1276.638,252
1276.719,241
1276.8,223
1276.881,201
1276.961,187
1277.042,178
1277.123,167
1277.204,169
1277.285,165
1277.366,166
1277.446,179
1277.527,188
1277.608,194
1277.689,198
1277.77,213
1277.85,211
1277.931,208
1278.012,219
1278.093,217
1278.174,219
1278.255,219
1278.336,220
1278.416,219
1278.497,210
1278.578,210
1278.659,204
1278.74,198
1278.821,199
1278.902,214
1278.982,208
1279.063,200
1279.144,199
1279.225,188
1279.306,174
1279.387,170
1279.468,163
1279.549,163
1279.63,154
1279.71,162
1279.791,163
1279.872,156
1279.953,173
1280.034,182
1280.115,180
1280.196,181
1280.277,192
1280.358,189
1280.439,198
1280.52,202
1280.601,184
1280.681,182
1280.762,184
1280.843,184
1280.924,195
1281.005,194
1281.086,192
1281.167,199
1281.248,202
1281.329,198
1281.41,190
1281.491,182
1281.572,174
1281.653,176
1281.734,176
1281.815,187
1281.896,186
1281.977,195
1282.058,197
1282.139,194
1282.22,199
1282.301,197
1282.382,202
1282.463,195
1282.544,203
1282.624,200
1282.705,205
1282.786,209
1282.867,205
1282.948,198
1283.029,195
1283.11,191
1283.192,181
1283.273,185
1283.354,183
1283.435,184
1283.516,187
1283.597,197
1283.678,197
1283.759,198
1283.84,197
1283.921,188
1284.002,191
1284.083,198
1284.164,203
1284.245,201
1284.326,191
1284.407,179
1284.488,178
1284.569,178
1284.65,177
1284.731,167
1284.812,167
1284.893,170
1284.974,177
1285.055,176
1285.136,182
1285.218,193
1285.299,205
1285.38,217
1285.461,229
1285.542,232
1285.623,225
1285.704,225
1285.785,216
1285.866,212
1285.947,211
1286.028,209
1286.11,218
1286.191,228
1286.272,236
1286.353,234
1286.434,216
1286.515,200
1286.596,198
1286.677,202
1286.758,193
1286.84,196
1286.921,191
1287.002,193
1287.083,189
1287.164,191
1287.245,194
1287.326,181
1287.408,163
1287.489,158
1287.57,158
1287.651,170
1287.732,174
1287.813,179
1287.894,188
1287.976,202
1288.057,209
1288.138,211
1288.219,214
1288.3,203
1288.381,210
1288.463,217
1288.544,211
1288.625,210
1288.706,195
1288.787,193
1288.869,199
1288.95,200
1289.031,202
1289.112,205
1289.193,208
1289.275,201
1289.356,197
1289.437,191
1289.518,188
1289.599,192
1289.681,188
1289.762,199
1289.843,204
1289.924,213
1290.006,224
1290.087,218
1290.168,214
1290.249,199
1290.33,193
1290.412,184
1290.493,175
1290.574,177
1290.655,162
1290.737,155
1290.818,162
1290.899,171
1290.98,186
1291.062,188
1291.143,187
1291.224,183
1291.306,187
1291.387,185
1291.468,199
1291.549,200
1291.631,195
1291.712,195
1291.793,186
1291.875,193
1291.956,203
1292.037,204
1292.118,213
1292.2,216
1292.281,210
1292.362,212
1292.444,208
1292.525,207
1292.606,199
1292.688,208
1292.769,216
1292.85,214
1292.931,222
1293.013,228
1293.094,218
1293.175,211
1293.257,196
1293.338,190
1293.419,187
1293.501,181
1293.582,178
1293.663,171
1293.745,166
1293.826,169
1293.908,169
1293.989,167
1294.07,165
1294.152,163
1294.233,161
1294.314,160
1294.396,158
1294.477,158
1294.558,166
1294.64,175
1294.721,182
1294.803,186
1294.884,201
1294.965,208
1295.047,211
1295.128,208
1295.21,192
1295.291,187
1295.372,185
1295.454,179
1295.535,183
1295.617,187
1295.698,192
1295.779,203
1295.861,221
1295.942,209
1296.024,203
1296.105,200
1296.186,196
1296.268,195
1296.349,203
1296.431,201
1296.512,197
1296.594,208
1296.675,211
1296.757,219
1296.838,228
1296.919,229
1297.001,234
1297.082,228
1297.164,230
1297.245,240
1297.327,245
1297.408,245
1297.49,241
1297.571,233
1297.653,232
1297.734,227
1297.816,223
1297.897,226
1297.978,227
1298.06,234
1298.141,249
1298.223,244
1298.304,241
1298.386,239
1298.467,218
1298.549,213
1298.63,205
1298.712,200
1298.793,208
1298.875,204
1298.956,205
1299.038,208
1299.12,213
1299.201,213
1299.283,209
1299.364,207
1299.446,207
1299.527,207
1299.609,215
1299.69,220
1299.772,217
1299.853,221
1299.935,223
1300.016,231
1300.098,237
1300.179,242
1300.261,245
1300.343,251
1300.424,261
1300.506,263
1300.587,261
1300.669,265
1300.75,263
1300.832,266
1300.914,270
1300.995,276
1301.077,279
1301.158,271
1301.24,268
1301.322,270
1301.403,267
1301.485,266
1301.566,259
1301.648,245
1301.729,240
1301.811,240
1301.893,230
1301.974,231
1302.056,220
1302.138,210
1302.219,212
1302.301,211
1302.382,210
1302.464,212
1302.546,213
1302.627,214
1302.709,216
1302.791,218
1302.872,217
1302.954,217
1303.035,209
1303.117,200
1303.199,192
1303.28,189
1303.362,198
1303.444,192
1303.525,189
1303.607,191
1303.689,192
1303.77,204
1303.852,219
1303.934,234
1304.015,251
1304.097,249
1304.179,240
1304.26,238
1304.342,230
1304.424,231
1304.506,231
1304.587,217
1304.669,206
1304.751,203
1304.832,204
1304.914,205
1304.996,196
1305.077,209
1305.159,206
1305.241,215
1305.323,218
1305.404,222
1305.486,222
1305.568,231
1305.649,248
1305.731,227
1305.813,224
1305.895,218
1305.976,208
1306.058,214
1306.14,208
1306.222,204
1306.303,205
1306.385,204
1306.467,211
1306.549,202
1306.63,204
1306.712,203
1306.794,191
1306.876,192
1306.957,189
1307.039,185
1307.121,188
1307.203,194
1307.285,214
1307.366,200
1307.448,196
1307.53,195
1307.612,189
1307.694,201
1307.775,207
1307.857,210
1307.939,209
1308.021,200
1308.103,199
1308.184,190
1308.266,189
1308.348,194
1308.43,187
1308.512,191
1308.593,187
1308.675,192
1308.757,191
1308.839,193
1308.921,202
1309.003,200
1309.084,200
1309.166,197
1309.248,187
1309.33,180
1309.412,180
1309.494,168
1309.575,163
1309.657,167
1309.739,165
1309.821,174
1309.903,180
1309.985,189
1310.067,193
1310.148,200
1310.23,200
1310.312,199
1310.394,194
1310.476,194
1310.558,190
1310.64,178
1310.722,176
1310.804,166
1310.885,169
1310.967,170
1311.049,170
1311.131,170
1311.213,168
1311.295,172
1311.377,178
1311.459,187
1311.541,185
1311.623,195
1311.705,195
1311.786,187
1311.868,192
1311.95,181
1312.032,178
1312.114,173
1312.196,171
1312.278,162
1312.36,155
1312.442,166
1312.524,172
1312.606,173
1312.688,184
1312.77,193
1312.852,197
1312.934,196
1313.016,194
1313.098,179
1313.18,168
1313.262,170
1313.343,170
1313.425,176
1313.507,181
1313.589,189
1313.671,205
1313.753,193
1313.835,191
1313.917,183
1313.999,170
1314.081,172
1314.163,181
1314.245,192
1314.327,196
1314.409,193
1314.491,189
1314.573,183
1314.655,188
1314.737,192
1314.819,196
1314.901,190
1314.983,187
1315.065,191
1315.148,191
1315.23,201
1315.312,194
1315.394,195
1315.476,193
1315.558,188
1315.64,199
1315.722,198
1315.804,207
1315.886,212
1315.968,205
1316.05,200
1316.132,208
1316.214,198
1316.296,200
1316.378,201
1316.46,196
1316.542,195
1316.624,199
1316.707,205
1316.789,216
1316.871,217
1316.953,215
1317.035,205
1317.117,198
1317.199,184
1317.281,172
1317.363,176
1317.445,178
1317.528,174
1317.61,177
1317.692,182
1317.774,178
1317.856,182
1317.938,183
1318.02,171
1318.102,169
1318.184,172
1318.267,168
1318.349,167
1318.431,161
1318.513,176
1318.595,184
1318.677,189
1318.759,179
1318.842,178
1318.924,171
1319.006,170
1319.088,190
1319.17,196
1319.252,202
1319.334,202
1319.417,197
1319.499,204
1319.581,213
1319.663,226
1319.745,232
1319.828,222
1319.91,224
1319.992,227
1320.074,230
1320.156,216
1320.238,210
1320.321,204
1320.403,200
1320.485,202
1320.567,201
1320.649,196
1320.732,188
1320.814,193
1320.896,199
1320.978,205
1321.06,213
1321.143,210
1321.225,207
1321.307,199
1321.389,191
1321.472,196
1321.554,204
1321.636,209
1321.718,217
1321.801,220
1321.883,225
1321.965,237
1322.047,250
1322.13,251
1322.212,260
1322.294,250
1322.376,245
1322.459,249
1322.541,234
1322.623,231
1322.705,214
1322.788,202
1322.87,202
1322.952,192
1323.034,187
1323.117,189
1323.199,196
1323.281,197
1323.364,207
1323.446,216
1323.528,218
1323.611,220
1323.693,229
1323.775,236
1323.857,236
1323.94,225
1324.022,211
1324.104,210
1324.187,203
1324.269,211
1324.351,215
1324.434,208
1324.516,218
1324.598,231
1324.681,249
1324.763,249
1324.845,249
1324.928,247
1325.01,238
1325.092,236
1325.175,227
1325.257,219
1325.339,213
1325.422,218
1325.504,212
1325.586,205
1325.669,191
1325.751,188
1325.834,186
1325.916,192
1325.998,191
1326.081,190
1326.163,188
1326.245,181
1326.328,186
1326.41,195
1326.493,200
1326.575,209
1326.657,211
1326.74,196
1326.822,199
1326.905,198
1326.987,196
1327.069,195
1327.152,195
1327.234,191
1327.317,194
1327.399,202
1327.481,198
1327.564,201
1327.646,199
1327.729,209
1327.811,205
1327.894,205
1327.976,216
1328.058,218
1328.141,235
1328.223,235
1328.306,236
1328.388,215
1328.471,206
1328.553,196
1328.636,180
1328.718,181
1328.801,179
1328.883,182
1328.965,189
1329.048,191
1329.13,193
1329.213,208
1329.295,206
1329.378,210
1329.46,209
1329.543,208
1329.625,204
1329.708,194
1329.79,186
1329.873,189
1329.955,179
1330.038,179
1330.12,178
1330.203,173
1330.285,183
1330.368,171
1330.45,175
1330.533,171
1330.615,174
1330.698,171
1330.78,174
1330.863,166
1330.945,161
1331.028,162
1331.111,154
1331.193,164
1331.276,165
1331.358,157
1331.441,164
1331.523,178
1331.606,181
1331.688,180
1331.771,178
1331.853,174
1331.936,178
1332.019,188
1332.101,189
1332.184,190
1332.266,202
1332.349,211
1332.431,217
1332.514,215
1332.597,205
1332.679,197
1332.762,193
1332.844,185
1332.927,181
1333.01,180
1333.092,181
1333.175,188
1333.257,191
1333.34,181
1333.423,187
1333.505,189
1333.588,181
1333.67,184
1333.753,191
1333.836,186
1333.918,186
1334.001,179
1334.083,173
1334.166,173
1334.249,180
1334.331,185
1334.414,175
1334.497,178
1334.579,184
1334.662,199
1334.745,207
1334.827,201
1334.91,189
1334.993,184
1335.075,180
1335.158,185
1335.241,183
1335.323,175
1335.406,171
1335.489,176
1335.571,183
1335.654,187
1335.737,191
1335.819,195
1335.902,191
1335.985,193
1336.067,198
1336.15,199
1336.233,192
1336.315,196
1336.398,191
1336.481,189
1336.564,191
1336.646,183
1336.729,177
1336.812,183
1336.894,193
1336.977,182
1337.06,188
1337.143,181
1337.225,180
1337.308,189
1337.391,195
1337.474,193
1337.556,208
1337.639,210
1337.722,206
1337.804,203
1337.887,209
1337.97,207
1338.053,203
1338.135,196
1338.218,189
1338.301,189
1338.384,194
1338.467,198
1338.549,193
1338.632,189
1338.715,194
1338.798,191
1338.88,200
1338.963,204
1339.046,202
1339.129,204
1339.212,194
1339.294,193
1339.377,186
1339.46,181
1339.543,178
1339.626,170
1339.708,164
1339.791,167
1339.874,164
1339.957,180
1340.04,186
1340.122,196
1340.205,187
1340.288,189
1340.371,189
1340.454,198
1340.537,200
1340.619,188
1340.702,187
1340.785,178
1340.868,173
1340.951,182
1341.034,188
1341.116,190
1341.199,195
1341.282,184
1341.365,180
1341.448,182
1341.531,181
1341.614,184
1341.696,181
1341.779,181
1341.862,179
1341.945,177
1342.028,175
1342.111,167
1342.194,162
1342.277,168
1342.36,166
1342.442,165
1342.525,173
1342.608,169
1342.691,163
1342.774,164
1342.857,170
1342.94,174
1343.023,174
1343.106,173
1343.189,174
1343.271,160
1343.354,160
1343.437,147
1343.52,143
1343.603,144
1343.686,144
1343.769,156
1343.852,147
1343.935,161
1344.018,164
1344.101,162
1344.184,169
1344.267,166
1344.35,165
1344.433,170
1344.516,172
1344.598,192
1344.681,202
1344.764,206
1344.847,207
1344.93,198
1345.013,194
1345.096,194
1345.179,200
1345.262,203
1345.345,213
1345.428,211
1345.511,220
1345.594,222
1345.677,232
1345.76,247
1345.843,264
1345.926,264
1346.009,249
1346.092,244
1346.175,234
1346.258,229
1346.341,227
1346.424,214
1346.507,212
1346.59,208
1346.673,214
1346.756,221
1346.839,222
1346.922,219
1347.005,216
1347.088,207
1347.172,221
1347.255,221
1347.338,238
1347.421,244
1347.504,247
1347.587,243
1347.67,245
1347.753,246
1347.836,234
1347.919,238
1348.002,225
1348.085,217
1348.168,225
1348.251,226
1348.334,227
1348.417,220
1348.501,217
1348.584,221
1348.667,225
1348.75,232
1348.833,245
1348.916,244
1348.999,237
1349.082,233
1349.165,227
1349.248,218
1349.331,225
1349.415,223
1349.498,235
1349.581,226
1349.664,221
1349.747,210
1349.83,206
1349.913,204
1349.996,202
1350.08,206
1350.163,207
1350.246,206
1350.329,206
1350.412,194
1350.495,186
1350.578,175
1350.662,163
1350.745,170
1350.828,157
1350.911,172
1350.994,192
1351.077,204
1351.161,209
1351.244,206
1351.327,199
1351.41,190
1351.493,188
1351.576,183
1351.66,172
1351.743,165
1351.826,173
1351.909,180
1351.992,178
1352.076,195
1352.159,189
1352.242,186
1352.325,191
1352.408,192
1352.492,199
1352.575,193
1352.658,191
1352.741,185
1352.824,192
1352.908,188
1352.991,193
1353.074,182
1353.157,169
1353.241,175
1353.324,163
1353.407,163
1353.49,169
1353.573,180
1353.657,192
1353.74,204
1353.823,219
1353.906,208
1353.99,204
1354.073,200
1354.156,198
1354.239,201
1354.323,197
1354.406,205
1354.489,205
1354.573,205
1354.656,205
1354.739,199
1354.822,184
1354.906,179
1354.989,171
1355.072,158
1355.156,160
1355.239,175
1355.322,181
1355.405,188
1355.489,192
1355.572,183
1355.655,187
1355.739,191
1355.822,182
1355.905,176
1355.989,167
1356.072,148
1356.155,138
1356.239,141
1356.322,145
1356.405,153
1356.489,153
1356.572,161
1356.655,168
1356.739,170
1356.822,159
1356.905,156
1356.989,159
1357.072,163
1357.155,173
1357.239,182
1357.322,180
1357.405,186
1357.489,191
1357.572,191
1357.655,193
1357.739,193
1357.822,191
1357.906,180
1357.989,182
1358.072,179
1358.156,180
1358.239,186
1358.322,180
1358.406,182
1358.489,182
1358.573,189
1358.656,199
1358.739,194
1358.823,190
1358.906,187
1358.99,170
1359.073,164
1359.157,155
1359.24,148
1359.323,157
1359.407,155
1359.49,163
1359.574,165
1359.657,166
1359.741,170
1359.824,176
1359.907,182
1359.991,186
1360.074,192
1360.158,200
1360.241,208
1360.325,200
1360.408,197
1360.492,198
1360.575,185
1360.658,184
1360.742,186
1360.825,190
1360.909,205
1360.992,206
1361.076,202
1361.159,199
1361.243,195
1361.326,196
1361.41,202
1361.493,192
1361.577,195
1361.66,188
1361.744,176
1361.827,179
1361.911,161
1361.994,163
1362.078,162
1362.161,163
1362.245,166
1362.328,166
1362.412,165
1362.495,169
1362.579,155
1362.662,158
1362.746,152
1362.829,144
1362.913,153
1362.996,150
1363.08,156
1363.164,149
1363.247,149
1363.331,147
1363.414,138
1363.498,137
1363.581,141
1363.665,143
1363.748,157
1363.832,163
1363.916,166
1363.999,171
1364.083,175
1364.166,187
1364.25,177
1364.333,173
1364.417,170
1364.501,160
1364.584,163
1364.668,162
1364.751,155
1364.835,147
1364.919,139
1365.002,133
1365.086,132
1365.169,134
1365.253,128
1365.337,129
1365.42,137
1365.504,145
1365.587,156
1365.671,153
1365.755,160
1365.838,172
1365.922,170
1366.005,167
1366.089,161
1366.173,165
1366.256,165
1366.34,174
1366.424,170
1366.507,163
1366.591,173
1366.675,179
1366.758,184
1366.842,178
1366.926,185
1367.009,191
1367.093,187
1367.177,187
1367.26,180
1367.344,181
1367.428,183
1367.511,181
1367.595,175
1367.679,172
1367.762,172
1367.846,182
1367.93,188
1368.013,188
1368.097,186
1368.181,171
1368.264,175
1368.348,182
1368.432,188
1368.516,193
1368.599,200
1368.683,199
1368.767,209
1368.85,222
1368.934,234
1369.018,246
1369.102,262
1369.185,277
1369.269,293
1369.353,310
1369.437,310
1369.52,316
1369.604,333
1369.688,344
1369.771,359
1369.855,364
1369.939,357
1370.023,359
1370.107,351
1370.19,358
1370.274,352
1370.358,340
1370.442,328
1370.525,323
1370.609,331
1370.693,341
1370.777,347
1370.86,365
1370.944,357
1371.028,350
1371.112,345
1371.196,334
1371.279,329
1371.363,339
1371.447,345
1371.531,364
1371.615,366
1371.698,378
1371.782,380
1371.866,377
1371.95,378
1372.034,378
1372.117,371
1372.201,380
1372.285,373
1372.369,359
1372.453,355
1372.537,343
1372.62,353
1372.704,349
1372.788,350
1372.872,345
1372.956,331
1373.04,321
1373.124,320
1373.207,309
1373.291,305
1373.375,299
1373.459,298
1373.543,299
1373.627,303
1373.711,316
1373.794,315
1373.878,311
1373.962,322
1374.046,328
1374.13,323
1374.214,325
1374.298,318
1374.382,302
1374.465,300
1374.549,290
1374.633,279
1374.717,268
1374.801,258
1374.885,250
1374.969,240
1375.053,246
1375.137,242
1375.221,236
1375.305,245
1375.388,253
1375.472,255
1375.556,271
1375.64,261
1375.724,252
1375.808,257
1375.892,245
1375.976,252
1376.06,245
1376.144,253
1376.228,240
1376.312,241
1376.396,245
1376.48,239
1376.564,242
1376.648,241
1376.732,245
1376.816,233
1376.899,223
1376.983,208
1377.067,201
1377.151,199
1377.235,195
1377.319,196
1377.403,189
1377.487,195
1377.571,193
1377.655,196
1377.739,195
1377.823,190
1377.907,179
1377.991,174
1378.075,168
1378.159,173
1378.243,187
1378.327,188
1378.411,196
1378.495,200
1378.579,210
1378.663,213
1378.747,219
1378.831,222
1378.916,221
1379,224
1379.084,234
1379.168,228
1379.252,228
1379.336,216
1379.42,212
1379.504,194
1379.588,183
1379.672,183
1379.756,176
1379.84,186
1379.924,178
1380.008,181
1380.092,183
1380.176,184
1380.26,185
1380.344,188
1380.429,191
1380.513,195
1380.597,186
1380.681,188
1380.765,195
1380.849,187
1380.933,171
1381.017,168
1381.101,156
1381.185,148
1381.269,141
1381.354,135
1381.438,130
1381.522,127
1381.606,130
1381.69,127
1381.774,122
1381.858,117
1381.942,121
1382.026,121
1382.111,126
1382.195,137
1382.279,133
1382.363,140
1382.447,136
1382.531,138
1382.615,141
1382.7,152
1382.784,162
1382.868,160
1382.952,160
1383.036,142
1383.12,139
1383.205,143
1383.289,143
1383.373,138
1383.457,137
1383.541,139
1383.625,149
1383.71,152
1383.794,156
1383.878,162
1383.962,163
1384.046,161
1384.131,158
1384.215,156
1384.299,148
1384.383,148
1384.467,146
1384.552,151
1384.636,160
1384.72,161
1384.804,163
1384.888,154
1384.973,155
1385.057,166
1385.141,177
1385.225,176
1385.309,170
1385.394,171
1385.478,165
1385.562,165
1385.646,164
1385.731,154
1385.815,152
1385.899,146
1385.983,153
1386.068,152
1386.152,150
1386.236,161
1386.32,167
1386.405,156
1386.489,159
1386.573,169
1386.658,162
1386.742,189
1386.826,193
1386.91,179
1386.995,184
1387.079,183
1387.163,181
1387.247,177
1387.332,174
1387.416,167
1387.5,171
1387.585,172
1387.669,164
1387.753,168
1387.838,169
1387.922,162
1388.006,168
1388.091,187
1388.175,187
1388.259,187
1388.343,191
1388.428,176
1388.512,168
1388.596,168
1388.681,170
1388.765,156
1388.849,156
1388.934,157
1389.018,155
1389.102,158
1389.187,156
1389.271,151
1389.356,151
1389.44,148
1389.524,148
1389.609,140
1389.693,152
1389.777,156
1389.862,156
1389.946,162
1390.03,164
1390.115,161
1390.199,167
1390.284,174
1390.368,174
1390.452,161
1390.537,153
1390.621,143
1390.706,139
1390.79,131
1390.874,132
1390.959,142
1391.043,139
1391.128,148
1391.212,146
1391.296,134
1391.381,130
1391.465,120
1391.55,124
1391.634,129
1391.719,136
1391.803,145
1391.887,151
1391.972,153
1392.056,165
1392.141,173
1392.225,179
1392.31,183
1392.394,183
1392.478,187
1392.563,192
1392.647,194
1392.732,185
1392.816,188
1392.901,187
1392.985,173
1393.07,159
1393.154,151
1393.239,151
1393.323,154
1393.408,165
1393.492,163
1393.577,159
1393.661,163
1393.746,161
1393.83,177
1393.915,187
1393.999,180
1394.084,186
1394.168,186
1394.253,181
1394.337,193
1394.422,199
1394.506,203
1394.591,206
1394.675,205
1394.76,205
1394.844,216
1394.929,217
1395.013,214
1395.098,205
1395.182,199
1395.267,191
1395.351,187
1395.436,185
1395.52,189
1395.605,187
1395.69,188
1395.774,178
1395.859,176
1395.943,182
1396.028,183
1396.112,195
1396.197,199
1396.281,198
1396.366,200
1396.451,199
1396.535,191
1396.62,196
1396.704,193
1396.789,200
1396.874,201
1396.958,192
1397.043,191
1397.127,189
1397.212,198
1397.297,203
1397.381,205
1397.466,205
1397.55,203
1397.635,203
1397.72,208
1397.804,210
1397.889,200
1397.973,191
1398.058,185
1398.143,175
1398.227,174
1398.312,182
1398.397,180
1398.481,175
1398.566,170
1398.65,171
1398.735,175
1398.82,172
1398.904,175
1398.989,178
1399.074,193
1399.158,207
1399.243,215
1399.328,209
1399.412,196
1399.497,185
1399.582,181
1399.666,183
1399.751,178
1399.836,181
1399.92,173
1400.005,169
1400.09,165
1400.174,152
1400.259,149
1400.344,145
1400.429,145
1400.513,151
1400.598,165
1400.683,178
1400.767,187
1400.852,203
1400.937,201
1401.021,197
1401.106,210
1401.191,201
1401.276,196
1401.36,193
1401.445,178
1401.53,162
1401.615,163
1401.699,159
1401.784,160
1401.869,162
1401.953,162
1402.038,168
1402.123,166
1402.208,166
1402.292,172
1402.377,170
1402.462,167
1402.547,173
1402.632,165
1402.716,162
1402.801,159
1402.886,163
1402.971,166
1403.055,169
1403.14,168
1403.225,171
1403.31,169
1403.395,169
1403.479,164
1403.564,157
1403.649,152
1403.734,149
1403.818,151
1403.903,154
1403.988,151
1404.073,146
1404.158,148
1404.243,152
1404.327,158
1404.412,168
1404.497,169
1404.582,170
1404.667,169
1404.751,168
1404.836,174
1404.921,171
1405.006,159
1405.091,157
1405.176,147
1405.261,138
1405.345,138
1405.43,132
1405.515,130
1405.6,123
1405.685,135
1405.77,143
1405.854,150
1405.939,157
1406.024,158
1406.109,160
1406.194,159
1406.279,167
1406.364,155
1406.449,161
1406.533,163
1406.618,165
1406.703,166
1406.788,164
1406.873,176
1406.958,176
1407.043,187
1407.128,193
1407.213,197
1407.298,187
1407.382,185
1407.467,187
1407.552,184
1407.637,178
1407.722,173
1407.807,188
1407.892,198
1407.977,190
1408.062,178
1408.147,164
1408.232,158
1408.317,165
1408.402,173
1408.487,180
1408.571,173
1408.656,176
1408.741,170
1408.826,166
1408.911,164
1408.996,161
1409.081,165
1409.166,174
1409.251,175
1409.336,175
1409.421,173
1409.506,167
1409.591,163
1409.676,158
1409.761,154
1409.846,150
1409.931,158
1410.016,165
1410.101,157
1410.186,159
1410.271,163
1410.356,162
1410.441,164
1410.526,159
1410.611,159
1410.696,149
1410.781,154
1410.866,150
1410.951,145
1411.036,142
1411.121,139
1411.206,138
1411.291,127
1411.376,141
1411.461,141
1411.546,143
1411.631,148
1411.716,154
1411.801,152
1411.886,155
1411.971,155
1412.057,160
1412.142,155
1412.227,153
1412.312,148
1412.397,130
1412.482,134
1412.567,135
1412.652,130
1412.737,130
1412.822,135
1412.907,140
1412.992,139
1413.077,145
1413.162,140
1413.248,139
1413.333,147
1413.418,146
1413.503,146
1413.588,139
1413.673,141
1413.758,145
1413.843,139
1413.928,145
1414.013,154
1414.099,155
1414.184,168
1414.269,166
1414.354,156
1414.439,162
1414.524,162
1414.609,158
1414.694,154
1414.78,146
1414.865,134
1414.95,143
1415.035,150
1415.12,150
1415.205,155
1415.291,153
1415.376,151
1415.461,145
1415.546,149
1415.631,152
1415.716,155
1415.801,166
1415.887,157
1415.972,163
1416.057,159
1416.142,157
1416.227,156
1416.313,157
1416.398,157
1416.483,163
1416.568,177
1416.653,170
1416.738,183
1416.824,182
1416.909,182
1416.994,186
1417.079,192
1417.165,204
1417.25,200
1417.335,211
1417.42,211
1417.505,220
1417.591,212
1417.676,209
1417.761,208
1417.846,188
1417.932,192
1418.017,188
1418.102,185
1418.187,184
1418.272,185
1418.358,184
1418.443,194
1418.528,197
1418.613,192
1418.699,194
1418.784,184
1418.869,187
1418.955,185
1419.04,178
1419.125,189
1419.21,180
1419.296,185
1419.381,184
1419.466,185
1419.551,188
1419.637,179
1419.722,173
1419.807,173
1419.893,176
1419.978,176
1420.063,178
1420.149,160
1420.234,160
1420.319,155
1420.404,145
1420.49,150
1420.575,145
1420.66,138
1420.746,136
1420.831,138
1420.916,147
1421.002,161
1421.087,171
1421.172,173
1421.258,179
1421.343,185
1421.428,190
1421.514,181
1421.599,175
1421.684,165
1421.77,154
1421.855,156
1421.94,152
1422.026,152
1422.111,155
1422.197,159
1422.282,163
1422.367,161
1422.453,169
1422.538,180
1422.623,196
1422.709,198
1422.794,199
1422.88,192
1422.965,188
1423.05,203
1423.136,209
1423.221,202
1423.307,201
1423.392,190
1423.477,188
1423.563,185
1423.648,179
1423.734,177
1423.819,178
1423.904,177
1423.99,173
1424.075,174
1424.161,168
1424.246,166
1424.331,163
1424.417,165
1424.502,162
1424.588,165
1424.673,161
1424.759,158
1424.844,167
1424.93,170
1425.015,175
1425.1,171
1425.186,171
1425.271,172
1425.357,179
1425.442,167
1425.528,155
1425.613,144
1425.699,135
1425.784,133
1425.87,142
1425.955,150
1426.041,152
1426.126,147
1426.212,141
1426.297,146
1426.383,157
1426.468,155
1426.554,154
1426.639,145
1426.725,144
1426.81,148
1426.896,141
1426.981,144
1427.067,143
1427.152,145
1427.238,145
1427.323,136
1427.409,126
1427.494,122
1427.58,124
1427.665,127
1427.751,135
1427.836,141
1427.922,139
1428.007,147
1428.093,149
1428.179,154
1428.264,164
1428.35,152
1428.435,158
1428.521,151
1428.606,141
1428.692,131
1428.777,117
1428.863,114
1428.949,116
1429.034,123
1429.12,130
1429.205,143
1429.291,150
1429.376,156
1429.462,173
1429.548,168
1429.633,164
1429.719,157
1429.804,156
1429.89,161
1429.976,168
1430.061,172
1430.147,172
1430.232,178
1430.318,178
1430.404,177
1430.489,178
1430.575,163
1430.66,160
1430.746,154
1430.832,137
1430.917,142
1431.003,137
1431.089,146
1431.174,146
1431.26,160
1431.346,164
1431.431,173
1431.517,183
1431.603,182
1431.688,183
1431.774,172
1431.859,159
1431.945,151
1432.031,141
1432.116,143
1432.202,142
1432.288,140
1432.373,149
1432.459,158
1432.545,172
1432.631,164
1432.716,156
1432.802,140
1432.888,124
1432.973,128
1433.059,132
1433.145,138
1433.23,145
1433.316,146
1433.402,154
1433.488,156
1433.573,150
1433.659,152
1433.745,152
1433.83,149
1433.916,153
1434.002,153
1434.088,148
1434.173,142
1434.259,143
1434.345,131
1434.43,127
1434.516,129
1434.602,132
1434.688,132
1434.773,132
1434.859,131
1434.945,125
1435.031,127
1435.116,128
1435.202,124
1435.288,124
1435.374,125
1435.46,124
1435.545,122
1435.631,119
1435.717,131
1435.803,134
1435.888,140
1435.974,146
1436.06,142
1436.146,140
1436.232,139
1436.317,139
1436.403,142
1436.489,142
1436.575,149
1436.661,154
1436.746,161
1436.832,163
1436.918,158
1437.004,167
1437.09,166
1437.175,163
1437.261,159
1437.347,140
1437.433,132
1437.519,131
1437.605,133
1437.69,126
1437.776,125
1437.862,119
1437.948,115
1438.034,129
1438.12,131
1438.206,123
1438.291,122
1438.377,126
1438.463,134
1438.549,142
1438.635,136
1438.721,133
1438.807,142
1438.892,149
1438.978,154
1439.064,161
1439.15,159
1439.236,154
1439.322,163
1439.408,168
1439.494,163
1439.579,160
1439.665,172
1439.751,183
1439.837,231
1439.923,306
1440.009,398
1440.095,506
1440.181,615
1440.267,718
1440.353,810
1440.439,884
1440.524,937
1440.61,989
1440.696,1039
1440.782,1114
1440.868,1224
1440.954,1345
1441.04,1478
1441.126,1608
1441.212,1749
1441.298,1888
1441.384,2014
1441.47,2134
1441.556,2193
1441.642,2239
1441.728,2270
1441.814,2309
1441.9,2333
1441.986,2358
1442.072,2400
1442.158,2430
1442.244,2444
1442.329,2470
1442.415,2463
1442.501,2450
1442.587,2405
1442.673,2364
1442.759,2324
1442.845,2300
1442.931,2282
1443.017,2263
1443.103,2250
1443.189,2228
1443.275,2235
1443.361,2240
1443.447,2228
1443.533,2228
1443.619,2189
1443.705,2152
1443.791,2103
1443.878,2059
1443.964,2040
1444.05,2008
1444.136,1978
1444.222,1948
1444.308,1919
1444.394,1886
1444.48,1860
1444.566,1830
1444.652,1794
1444.738,1774
1444.824,1753
1444.91,1745
1444.996,1736
1445.082,1720
1445.168,1709
1445.254,1684
1445.34,1674
1445.426,1675
1445.512,1660
1445.599,1646
1445.685,1622
1445.771,1583
1445.857,1549
1445.943,1535
1446.029,1512
1446.115,1507
1446.201,1505
1446.287,1486
1446.373,1469
1446.459,1454
1446.546,1441
1446.632,1421
1446.718,1416
1446.804,1396
1446.89,1376
1446.976,1363
1447.062,1350
1447.148,1337
1447.235,1313
1447.321,1289
1447.407,1256
1447.493,1232
1447.579,1204
1447.665,1191
1447.751,1168
1447.837,1177
1447.924,1184
1448.01,1181
1448.096,1187
1448.182,1188
1448.268,1193
1448.354,1184
1448.441,1177
1448.527,1156
1448.613,1136
1448.699,1109
1448.785,1106
1448.871,1092
1448.958,1077
1449.044,1073
1449.13,1043
1449.216,1026
1449.302,1005
1449.389,974
1449.475,957
1449.561,940
1449.647,932
1449.733,919
1449.82,903
1449.906,890
1449.992,872
1450.078,851
1450.164,843
1450.251,825
1450.337,801
1450.423,786
1450.509,771
1450.595,752
1450.682,735
1450.768,720
1450.854,707
1450.94,697
1451.027,694
1451.113,696
1451.199,698
1451.285,704
1451.372,706
1451.458,693
1451.544,669
1451.63,647
1451.717,620
1451.803,585
1451.889,563
1451.975,554
1452.062,550
1452.148,550
1452.234,532
1452.321,506
1452.407,482
1452.493,459
1452.579,454
1452.666,448
1452.752,434
1452.838,422
1452.925,440
1453.011,460
1453.097,478
1453.184,486
1453.27,478
1453.356,471
1453.442,446
1453.529,425
1453.615,411
1453.701,395
1453.788,388
1453.874,389
1453.96,378
1454.047,381
1454.133,382
1454.219,383
1454.306,389
1454.392,382
1454.478,368
1454.565,362
1454.651,365
1454.738,361
1454.824,366
1454.91,366
1454.997,352
1455.083,339
1455.169,336
1455.256,339
1455.342,329
1455.428,325
1455.515,313
1455.601,301
1455.688,302
1455.774,305
1455.86,289
1455.947,294
1456.033,279
1456.12,257
1456.206,259
1456.292,260
1456.379,257
1456.465,258
1456.552,264
1456.638,247
1456.724,250
1456.811,244
1456.897,242
1456.984,243
1457.07,240
1457.156,233
1457.243,232
1457.329,242
1457.416,255
1457.502,270
1457.589,278
1457.675,296
1457.762,306
1457.848,315
1457.934,329
1458.021,334
1458.107,337
1458.194,347
1458.28,343
1458.367,332
1458.453,321
1458.54,306
1458.626,286
1458.713,270
1458.799,266
1458.886,261
1458.972,268
1459.059,262
1459.145,265
1459.232,267
1459.318,273
1459.404,286
1459.491,291
1459.577,303
1459.664,315
1459.75,305
1459.837,319
1459.924,316
1460.01,310
1460.097,312
1460.183,317
1460.27,321
1460.356,324
1460.443,327
1460.529,320
1460.616,315
1460.702,307
1460.789,294
1460.875,295
1460.962,300
1461.048,291
1461.135,296
1461.221,297
1461.308,295
1461.395,297
1461.481,297
1461.568,283
1461.654,283
1461.741,268
1461.827,254
1461.914,258
1462.001,259
1462.087,266
1462.174,273
1462.26,276
1462.347,286
1462.433,283
1462.52,285
1462.607,287
1462.693,282
1462.78,289
1462.866,279
1462.953,266
1463.04,259
1463.126,253
1463.213,249
1463.299,251
1463.386,263
1463.473,271
1463.559,289
1463.646,288
1463.733,278
1463.819,264
1463.906,261
1463.992,250
1464.079,239
1464.166,227
1464.252,227
1464.339,242
1464.426,249
1464.512,260
1464.599,262
1464.686,259
1464.772,266
1464.859,266
1464.946,278
1465.032,290
1465.119,293
1465.206,309
1465.292,310
1465.379,311
1465.466,313
1465.552,313
1465.639,316
1465.726,322
1465.812,324
1465.899,327
1465.986,341
1466.072,361
1466.159,370
1466.246,376
1466.333,397
1466.419,389
1466.506,395
1466.593,394
1466.679,380
1466.766,376
1466.853,378
1466.94,377
1467.026,368
1467.113,366
1467.2,360
1467.286,362
1467.373,384
1467.46,387
1467.547,380
1467.633,377
1467.72,375
1467.807,372
1467.894,385
1467.98,389
1468.067,386
1468.154,393
1468.241,392
1468.327,401
1468.414,397
1468.501,394
1468.588,384
1468.675,379
1468.761,372
1468.848,380
1468.935,395
1469.022,397
1469.108,422
1469.195,411
1469.282,408
1469.369,401
1469.456,396
1469.542,397
1469.629,394
1469.716,383
1469.803,380
1469.89,379
1469.976,364
1470.063,374
1470.15,366
1470.237,361
1470.324,358
1470.411,367
1470.497,346
1470.584,347
1470.671,347
1470.758,331
1470.845,337
1470.932,331
1471.018,326
1471.105,329
1471.192,344
1471.279,341
1471.366,342
1471.453,344
1471.54,330
1471.626,327
1471.713,339
1471.8,334
1471.887,331
1471.974,329
1472.061,327
1472.148,313
1472.235,310
1472.321,307
1472.408,298
1472.495,290
1472.582,300
1472.669,304
1472.756,304
1472.843,304
1472.93,308
1473.017,299
1473.103,298
1473.19,295
1473.277,290
1473.364,292
1473.451,292
1473.538,293
1473.625,287
1473.712,287
1473.799,299
1473.886,311
1473.973,329
1474.06,328
1474.147,321
1474.234,318
1474.32,310
1474.407,297
1474.494,285
1474.581,263
1474.668,262
1474.755,276
1474.842,274
1474.929,277
1475.016,274
1475.103,270
1475.19,274
1475.277,269
1475.364,262
1475.451,261
1475.538,265
1475.625,274
1475.712,274
1475.799,277
1475.886,273
1475.973,274
1476.06,283
1476.147,279
1476.234,282
1476.321,279
1476.408,282
1476.495,287
1476.582,295
1476.669,301
1476.756,291
1476.843,292
1476.93,281
1477.017,277
1477.104,277
1477.191,279
1477.278,293
1477.365,303
1477.452,318
1477.539,324
1477.626,334
1477.713,336
1477.8,338
1477.887,339
1477.974,343
1478.062,366
1478.149,382
1478.236,399
1478.323,409
1478.41,401
1478.497,399
1478.584,398
1478.671,396
1478.758,396
1478.845,403
1478.932,404
1479.019,401
1479.106,397
1479.193,394
1479.281,400
1479.368,407
1479.455,415
1479.542,433
1479.629,434
1479.716,434
1479.803,441
1479.89,432
1479.977,449
1480.065,457
1480.152,452
1480.239,452
1480.326,441
1480.413,443
1480.5,440
1480.587,432
1480.674,441
1480.762,442
1480.849,458
1480.936,459
1481.023,462
1481.11,465
1481.197,477
1481.284,483
1481.372,480
1481.459,484
1481.546,482
1481.633,494
1481.72,499
1481.807,490
1481.895,493
1481.982,492
1482.069,488
1482.156,495
1482.243,498
1482.33,488
1482.418,484
1482.505,480
1482.592,472
1482.679,479
1482.766,473
1482.854,471
1482.941,464
1483.028,458
1483.115,454
1483.202,455
1483.29,453
1483.377,456
1483.464,456
1483.551,458
1483.639,465
1483.726,465
1483.813,467
1483.9,463
1483.987,459
1484.075,462
1484.162,455
1484.249,461
1484.336,475
1484.424,484
1484.511,485
1484.598,498
1484.685,500
1484.773,508
1484.86,505
1484.947,485
1485.034,472
1485.122,462
1485.209,462
1485.296,455
1485.384,454
1485.471,467
1485.558,470
1485.645,483
1485.733,495
1485.82,496
1485.907,498
1485.995,502
1486.082,501
1486.169,494
1486.256,486
1486.344,495
1486.431,497
1486.518,501
1486.606,504
1486.693,494
1486.78,501
1486.868,502
1486.955,502
1487.042,492
1487.13,482
1487.217,472
1487.304,469
1487.392,466
1487.479,458
1487.566,458
1487.654,468
1487.741,484
1487.828,492
1487.916,517
1488.003,517
1488.09,525
1488.178,542
1488.265,551
1488.353,571
1488.44,586
1488.527,596
1488.615,600
1488.702,610
1488.789,613
1488.877,637
1488.964,673
1489.052,706
1489.139,723
1489.226,758
1489.314,777
1489.401,794
1489.489,811
1489.576,823
1489.663,844
1489.751,857
1489.838,869
1489.926,894
1490.013,924
1490.1,979
1490.188,1051
1490.275,1101
1490.363,1151
1490.45,1177
1490.537,1209
1490.625,1262
1490.712,1311
1490.8,1379
1490.887,1433
1490.975,1488
1491.062,1562
1491.15,1631
1491.237,1690
1491.324,1735
1491.412,1777
1491.499,1797
1491.587,1839
1491.674,1860
1491.762,1873
1491.849,1884
1491.937,1876
1492.024,1893
1492.112,1910
1492.199,1910
1492.287,1917
1492.374,1925
1492.462,1921
1492.549,1924
1492.637,1912
1492.724,1905
1492.812,1910
1492.899,1901
1492.987,1873
1493.074,1849
1493.162,1822
1493.249,1796
1493.337,1801
1493.424,1780
1493.512,1765
1493.599,1737
1493.687,1722
1493.774,1723
1493.862,1710
1493.949,1698
1494.037,1677
1494.124,1664
1494.212,1640
1494.299,1621
1494.387,1610
1494.475,1594
1494.562,1589
1494.65,1577
1494.737,1568
1494.825,1557
1494.912,1555
1495,1556
1495.087,1541
1495.175,1549
1495.263,1539
1495.35,1522
1495.438,1511
1495.525,1492
1495.613,1474
1495.7,1454
1495.788,1432
1495.876,1418
1495.963,1413
1496.051,1398
1496.138,1401
1496.226,1396
1496.314,1395
1496.401,1383
1496.489,1379
1496.576,1375
1496.664,1360
1496.752,1346
1496.839,1327
1496.927,1317
1497.015,1306
1497.102,1305
1497.19,1295
1497.277,1287
1497.365,1282
1497.453,1268
1497.54,1259
1497.628,1250
1497.716,1245
1497.803,1232
1497.891,1230
1497.979,1230
1498.066,1217
1498.154,1198
1498.242,1175
1498.329,1156
1498.417,1135
1498.505,1116
1498.592,1102
1498.68,1080
1498.768,1061
1498.855,1060
1498.943,1063
1499.031,1055
1499.118,1046
1499.206,1049
1499.294,1043
1499.381,1043
1499.469,1041
1499.557,1034
1499.645,1029
1499.732,1033
1499.82,1037
1499.908,1022
1499.995,1011
1500.083,999
1500.171,994
1500.258,967
1500.346,951
1500.434,925
1500.522,907
1500.609,900
1500.697,897
1500.785,898
1500.873,894
1500.96,905
1501.048,910
1501.136,913
1501.224,900
1501.311,900
1501.399,887
1501.487,882
1501.575,886
1501.662,889
1501.75,899
1501.838,912
1501.926,921
1502.013,926
1502.101,928
1502.189,916
1502.277,894
1502.365,880
1502.452,845
1502.54,828
1502.628,806
1502.716,786
1502.804,790
1502.891,779
1502.979,777
1503.067,755
1503.155,732
1503.243,725
1503.33,715
1503.418,723
1503.506,725
1503.594,731
1503.682,738
1503.769,737
1503.857,732
1503.945,726
1504.033,725
1504.121,734
1504.209,738
1504.296,744
1504.384,732
1504.472,734
1504.56,733
1504.648,734
1504.736,731
1504.824,728
1504.911,727
1504.999,716
1505.087,720
1505.175,730
1505.263,747
1505.351,759
1505.439,795
1505.526,806
1505.614,819
1505.702,824
1505.79,834
1505.878,832
1505.966,837
1506.054,833
1506.142,814
1506.23,804
1506.318,787
1506.405,776
1506.493,779
1506.581,789
1506.669,800
1506.757,803
1506.845,814
1506.933,817
1507.021,816
1507.109,827
1507.197,812
1507.285,793
1507.373,775
1507.46,762
1507.548,763
1507.636,771
1507.724,793
1507.812,805
1507.9,820
1507.988,834
1508.076,847
1508.164,847
1508.252,830
1508.34,813
1508.428,793
1508.516,771
1508.604,757
1508.692,755
1508.78,751
1508.868,760
1508.956,763
1509.044,746
1509.132,736
1509.22,730
1509.308,726
1509.396,743
1509.484,766
1509.572,769
1509.66,775
1509.748,777
1509.836,775
1509.924,775
1510.012,758
1510.1,737
1510.188,715
1510.276,699
1510.364,687
1510.452,679
1510.54,665
1510.628,665
1510.716,665
1510.804,671
1510.892,672
1510.98,667
1511.068,668
1511.156,664
1511.244,672
1511.332,666
1511.42,660
1511.508,654
1511.596,651
1511.684,654
1511.772,668
1511.861,662
1511.949,636
1512.037,624
1512.125,617
1512.213,611
1512.301,613
1512.389,610
1512.477,601
1512.565,616
1512.653,635
1512.741,643
1512.829,648
1512.918,650
1513.006,650
1513.094,644
1513.182,642
1513.27,626
1513.358,615
1513.446,625
1513.534,605
1513.622,605
1513.711,607
1513.799,618
1513.887,615
1513.975,631
1514.063,624
1514.151,623
1514.239,630
1514.327,643
1514.416,654
1514.504,655
1514.592,670
1514.68,649
1514.768,629
1514.856,607
1514.944,581
1515.033,577
1515.121,581
1515.209,591
1515.297,620
1515.385,632
1515.473,653
1515.562,666
1515.65,676
1515.738,673
1515.826,677
1515.914,674
1516.003,665
1516.091,660
1516.179,651
1516.267,667
1516.355,673
1516.444,676
1516.532,682
1516.62,668
1516.708,675
1516.796,681
1516.885,690
1516.973,680
1517.061,673
1517.149,676
1517.237,671
1517.326,671
1517.414,660
1517.502,665
1517.59,672
1517.679,669
1517.767,679
1517.855,676
1517.943,666
1518.032,685
1518.12,718
1518.208,738
1518.296,756
1518.385,756
1518.473,748
1518.561,753
1518.649,745
1518.738,739
1518.826,740
1518.914,738
1519.003,734
1519.091,748
1519.179,749
1519.267,736
1519.356,733
1519.444,725
1519.532,715
1519.621,724
1519.709,736
1519.797,752
1519.885,783
1519.974,799
1520.062,819
1520.15,834
1520.239,849
1520.327,849
1520.415,851
1520.504,853
1520.592,853
1520.68,862
1520.769,868
1520.857,879
1520.945,878
1521.034,880
1521.122,890
1521.21,886
1521.299,883
1521.387,887
1521.475,892
1521.564,894
1521.652,903
1521.74,905
1521.829,902
1521.917,902
1522.005,907
1522.094,881
1522.182,852
1522.271,831
1522.359,806
1522.447,788
1522.536,779
1522.624,765
1522.713,746
1522.801,749
1522.889,726
1522.978,710
1523.066,701
1523.154,702
1523.243,706
1523.331,709
1523.42,719
1523.508,717
1523.597,722
1523.685,736
1523.773,743
1523.862,726
1523.95,710
1524.039,689
1524.127,665
1524.216,650
1524.304,639
1524.392,633
1524.481,625
1524.569,629
1524.658,639
1524.746,644
1524.835,643
1524.923,646
1525.012,639
1525.1,636
1525.188,633
1525.277,628
1525.365,618
1525.454,614
1525.542,610
1525.631,590
1525.719,581
1525.808,565
1525.896,555
1525.985,553
1526.073,544
1526.162,540
1526.25,533
1526.339,542
1526.427,539
1526.516,538
1526.604,543
1526.693,537
1526.781,534
1526.87,537
1526.958,533
1527.047,521
1527.135,520
1527.224,506
1527.312,498
1527.401,505
1527.489,502
1527.578,504
1527.666,506
1527.755,514
1527.843,521
1527.932,532
1528.021,541
1528.109,545
1528.198,552
1528.286,539
1528.375,521
1528.463,511
1528.552,509
1528.64,520
1528.729,528
1528.818,527
1528.906,519
1528.995,516
1529.083,502
1529.172,494
1529.26,488
1529.349,477
1529.438,466
1529.526,467
1529.615,458
1529.703,459
1529.792,467
1529.881,482
1529.969,494
1530.058,509
1530.146,518
1530.235,509
1530.324,511
1530.412,518
1530.501,521
1530.589,510
1530.678,509
1530.767,496
1530.855,495
1530.944,504
1531.033,502
1531.121,484
1531.21,486
1531.299,478
1531.387,476
1531.476,476
1531.564,484
1531.653,481
1531.742,480
1531.83,487
1531.919,471
1532.008,479
1532.096,482
1532.185,479
1532.274,494
1532.362,497
1532.451,499
1532.54,496
1532.628,500
1532.717,506
1532.806,514
1532.894,524
1532.983,529
1533.072,523
1533.161,524
1533.249,515
1533.338,515
1533.427,530
1533.515,543
1533.604,560
1533.693,561
1533.782,552
1533.87,552
1533.959,551
1534.048,542
1534.136,535
1534.225,531
1534.314,520
1534.403,526
1534.491,530
1534.58,536
1534.669,534
1534.758,533
1534.846,526
1534.935,509
1535.024,508
1535.113,504
1535.201,504
1535.29,515
1535.379,511
1535.468,517
1535.556,528
1535.645,546
1535.734,556
1535.823,542
1535.911,535
1536,523
1536.089,511
1536.178,497
1536.267,495
1536.355,491
1536.444,491
1536.533,486
1536.622,478
1536.711,475
1536.799,461
1536.888,459
1536.977,460
1537.066,462
1537.155,461
1537.243,462
1537.332,466
1537.421,462
1537.51,485
1537.599,500
1537.688,500
1537.776,509
1537.865,509
1537.954,517
1538.043,535
1538.132,536
1538.221,530
1538.309,519
1538.398,514
1538.487,503
1538.576,504
1538.665,510
1538.754,499
1538.843,488
1538.931,469
1539.02,460
1539.109,461
1539.198,463
1539.287,465
1539.376,480
1539.465,488
1539.554,493
1539.642,498
1539.731,507
1539.82,519
1539.909,522
1539.998,523
1540.087,540
1540.176,536
1540.265,529
1540.354,520
1540.443,507
1540.531,506
1540.62,504
1540.709,517
1540.798,518
1540.887,501
1540.976,492
1541.065,488
1541.154,495
1541.243,500
1541.332,501
1541.421,503
1541.51,497
1541.599,505
1541.688,515
1541.777,516
1541.865,518
1541.954,517
1542.043,507
1542.132,503
1542.221,509
1542.31,520
1542.399,542
1542.488,547
1542.577,544
1542.666,542
1542.755,539
1542.844,523
1542.933,525
1543.022,512
1543.111,509
1543.2,523
1543.289,518
1543.378,530
1543.467,534
1543.556,544
1543.645,566
1543.734,578
1543.823,592
1543.912,580
1544.001,582
1544.09,578
1544.179,593
1544.268,604
1544.357,610
1544.446,622
1544.535,626
1544.624,636
1544.713,639
1544.802,654
1544.891,664
1544.98,678
1545.069,677
1545.159,681
1545.248,680
1545.337,676
1545.426,669
1545.515,670
1545.604,673
1545.693,680
1545.782,701
1545.871,696
1545.96,687
1546.049,675
1546.138,676
1546.227,671
1546.316,679
1546.405,680
1546.495,678
1546.584,687
1546.673,687
1546.762,687
1546.851,690
1546.94,691
1547.029,694
1547.118,700
1547.207,711
1547.296,697
1547.386,688
1547.475,689
1547.564,690
1547.653,682
1547.742,678
1547.831,678
1547.92,661
1548.009,666
1548.099,670
1548.188,667
1548.277,673
1548.366,675
1548.455,670
1548.544,678
1548.633,685
1548.723,692
1548.812,694
1548.901,690
1548.99,669
1549.079,656
1549.168,639
1549.258,628
1549.347,619
1549.436,622
1549.525,639
1549.614,664
1549.704,691
1549.793,708
1549.882,734
1549.971,730
1550.06,737
1550.149,722
1550.239,706
1550.328,697
1550.417,685
1550.506,685
1550.595,677
1550.685,663
1550.774,654
1550.863,635
1550.952,622
1551.042,616
1551.131,604
1551.22,611
1551.309,609
1551.398,611
1551.488,601
1551.577,605
1551.666,591
1551.755,581
1551.845,583
1551.934,573
1552.023,569
1552.112,563
1552.202,547
1552.291,555
1552.38,571
1552.469,582
1552.559,592
1552.648,592
1552.737,577
1552.827,577
1552.916,570
1553.005,573
1553.094,570
1553.184,575
1553.273,574
1553.362,583
1553.452,602
1553.541,608
1553.63,627
1553.719,638
1553.809,637
1553.898,659
1553.987,676
1554.077,719
1554.166,742
1554.255,776
1554.345,804
1554.434,804
1554.523,831
1554.613,845
1554.702,854
1554.791,867
1554.881,878
1554.97,889
1555.059,897
1555.149,912
1555.238,929
1555.327,953
1555.417,985
1555.506,992
1555.595,999
1555.685,994
1555.774,992
1555.863,985
1555.953,981
1556.042,1002
1556.132,1030
1556.221,1069
1556.31,1117
1556.4,1154
1556.489,1181
1556.578,1176
1556.668,1186
1556.757,1174
1556.847,1170
1556.936,1181
1557.025,1178
1557.115,1181
1557.204,1192
1557.294,1219
1557.383,1245
1557.472,1283
1557.562,1322
1557.651,1335
1557.741,1343
1557.83,1368
1557.919,1391
1558.009,1390
1558.098,1392
1558.188,1368
1558.277,1346
1558.367,1336
1558.456,1324
1558.546,1315
1558.635,1288
1558.724,1269
1558.814,1252
1558.903,1243
1558.993,1248
1559.082,1230
1559.172,1215
1559.261,1201
1559.351,1197
1559.44,1211
1559.53,1220
1559.619,1233
1559.709,1229
1559.798,1218
1559.887,1211
1559.977,1207
1560.066,1201
1560.156,1211
1560.245,1231
1560.335,1244
1560.424,1263
1560.514,1254
1560.603,1260
1560.693,1259
1560.782,1266
1560.872,1284
1560.961,1290
1561.051,1315
1561.14,1329
1561.23,1344
1561.32,1361
1561.409,1372
1561.499,1368
1561.588,1364
1561.678,1366
1561.767,1365
1561.857,1364
1561.946,1356
1562.036,1340
1562.125,1309
1562.215,1291
1562.304,1294
1562.394,1284
1562.484,1296
1562.573,1305
1562.663,1321
1562.752,1349
1562.842,1384
1562.931,1413
1563.021,1435
1563.111,1440
1563.2,1438
1563.29,1439
1563.379,1424
1563.469,1408
1563.558,1382
1563.648,1363
1563.738,1339
1563.827,1325
1563.917,1315
1564.006,1307
1564.096,1288
1564.186,1277
1564.275,1268
1564.365,1274
1564.454,1278
1564.544,1286
1564.634,1296
1564.723,1270
1564.813,1263
1564.903,1253
1564.992,1243
1565.082,1233
1565.171,1218
1565.261,1203
1565.351,1193
1565.44,1184
1565.53,1174
1565.62,1172
1565.709,1155
1565.799,1145
1565.889,1113
1565.978,1086
1566.068,1042
1566.158,1008
1566.247,1008
1566.337,1010
1566.427,1035
1566.516,1039
1566.606,1024
1566.696,1023
1566.785,1018
1566.875,1021
1566.965,1014
1567.054,996
1567.144,975
1567.234,958
1567.324,956
1567.413,950
1567.503,932
1567.593,931
1567.682,936
1567.772,924
1567.862,934
1567.951,943
1568.041,939
1568.131,928
1568.221,913
1568.31,875
1568.4,852
1568.49,837
1568.58,826
1568.669,836
1568.759,821
1568.849,814
1568.939,802
1569.028,789
1569.118,786
1569.208,786
1569.298,789
1569.387,780
1569.477,772
1569.567,766
1569.657,758
1569.746,751
1569.836,739
1569.926,726
1570.016,720
1570.105,722
1570.195,708
1570.285,699
1570.375,692
1570.465,674
1570.554,677
1570.644,686
1570.734,681
1570.824,686
1570.914,686
1571.003,687
1571.093,700
1571.183,702
1571.273,710
1571.363,714
1571.452,718
1571.542,723
1571.632,711
1571.722,689
1571.812,672
1571.902,656
1571.991,639
1572.081,625
1572.171,618
1572.261,600
1572.351,599
1572.441,609
1572.53,609
1572.62,607
1572.71,605
1572.8,599
1572.89,593
1572.98,596
1573.07,594
1573.159,595
1573.249,593
1573.339,579
1573.429,581
1573.519,572
1573.609,567
1573.699,572
1573.789,573
1573.879,574
1573.968,566
1574.058,566
1574.148,568
1574.238,567
1574.328,571
1574.418,572
1574.508,569
1574.598,562
1574.688,561
1574.778,554
1574.867,541
1574.957,539
1575.047,536
1575.137,533
1575.227,527
1575.317,518
1575.407,512
1575.497,498
1575.587,492
1575.677,492
1575.767,478
1575.857,469
1575.947,472
1576.037,462
1576.127,453
1576.217,473
1576.307,467
1576.397,462
1576.486,456
1576.576,449
1576.666,450
1576.756,461
1576.846,471
1576.936,463
1577.026,456
1577.116,454
1577.206,440
1577.296,427
1577.386,424
1577.476,416
1577.566,407
1577.656,415
1577.746,407
1577.836,411
1577.926,418
1578.016,418
1578.106,422
1578.196,426
1578.286,427
1578.376,414
1578.466,419
1578.556,412
1578.646,413
1578.736,411
1578.826,399
1578.917,395
1579.007,384
1579.097,385
1579.187,388
1579.277,393
1579.367,399
1579.457,410
1579.547,418
1579.637,424
1579.727,431
1579.817,429
1579.907,433
1579.997,440
1580.087,429
1580.177,414
1580.267,413
1580.357,407
1580.448,417
1580.538,425
1580.628,426
1580.718,422
1580.808,411
1580.898,415
1580.988,419
1581.078,415
1581.168,408
1581.258,403
1581.348,400
1581.439,411
1581.529,409
1581.619,406
1581.709,401
1581.799,392
1581.889,392
1581.979,384
1582.069,390
1582.16,383
1582.25,392
1582.34,393
1582.43,398
1582.52,405
1582.61,398
1582.7,399
1582.791,407
1582.881,411
1582.971,414
1583.061,417
1583.151,419
1583.241,429
1583.331,445
1583.422,471
1583.512,469
1583.602,463
1583.692,462
1583.782,450
1583.873,440
1583.963,439
1584.053,446
1584.143,445
1584.233,445
1584.323,457
1584.414,465
1584.504,483
1584.594,507
1584.684,531
1584.774,540
1584.865,575
1584.955,594
1585.045,605
1585.135,627
1585.226,631
1585.316,642
1585.406,649
1585.496,660
1585.586,667
1585.677,689
1585.767,706
1585.857,700
1585.947,696
1586.038,699
1586.128,708
1586.218,732
1586.308,767
1586.399,760
1586.489,770
1586.579,760
1586.669,762
1586.76,788
1586.85,797
1586.94,817
1587.03,834
1587.121,829
1587.211,824
1587.301,818
1587.392,808
1587.482,815
1587.572,819
1587.662,819
1587.753,815
1587.843,817
1587.933,824
1588.024,840
1588.114,856
1588.204,874
1588.295,895
1588.385,912
1588.475,913
1588.565,890
1588.656,876
1588.746,839
1588.836,811
1588.927,812
1589.017,797
1589.107,791
1589.198,782
1589.288,773
1589.378,767
1589.469,779
1589.559,789
1589.649,804
1589.74,837
1589.83,841
1589.921,860
1590.011,860
1590.101,843
1590.192,840
1590.282,823
1590.372,812
1590.463,794
1590.553,777
1590.643,758
1590.734,728
1590.824,706
1590.915,686
1591.005,675
1591.095,676
1591.186,663
1591.276,658
1591.367,648
1591.457,653
1591.547,664
1591.638,663
1591.728,657
1591.819,643
1591.909,634
1591.999,630
1592.09,613
1592.18,607
1592.271,602
1592.361,602
1592.452,612
1592.542,627
1592.632,630
1592.723,610
1592.813,595
1592.904,575
1592.994,555
1593.085,551
1593.175,542
1593.266,531
1593.356,531
1593.446,534
1593.537,534
1593.627,536
1593.718,532
1593.808,534
1593.899,539
1593.989,547
1594.08,550
1594.17,546
1594.261,533
1594.351,532
1594.442,529
1594.532,527
1594.623,527
1594.713,508
1594.804,488
1594.894,481
1594.985,464
1595.075,464
1595.166,473
1595.256,480
1595.347,493
1595.437,495
1595.528,491
1595.618,483
1595.709,474
1595.799,468
1595.89,468
1595.98,462
1596.071,454
1596.161,449
1596.252,443
1596.342,439
1596.433,436
1596.524,442
1596.614,449
1596.705,448
1596.795,439
1596.886,435
1596.976,434
1597.067,428
1597.157,439
1597.248,431
1597.339,425
1597.429,432
1597.52,446
1597.61,444
1597.701,443
1597.791,433
1597.882,411
1597.973,410
1598.063,405
1598.154,404
1598.244,391
1598.335,393
1598.426,389
1598.516,389
1598.607,397
1598.697,395
1598.788,401
1598.879,394
1598.969,387
1599.06,382
1599.151,376
1599.241,383
1599.332,382
1599.422,383
1599.513,382
1599.604,379
1599.694,367
1599.785,362
1599.876,360
1599.966,364
1600.057,386
1600.148,396
1600.238,408
1600.329,403
1600.42,418
1600.51,421
1600.601,422
1600.692,415
1600.782,401
1600.873,382
1600.964,375
1601.054,371
1601.145,363
1601.236,372
1601.326,368
1601.417,376
1601.508,377
1601.598,380
1601.689,381
1601.78,383
1601.87,375
1601.961,372
1602.052,375
1602.143,368
1602.233,363
1602.324,358
1602.415,339
1602.505,340
1602.596,332
1602.687,333
1602.778,338
1602.868,339
1602.959,338
1603.05,337
1603.141,350
1603.231,354
1603.322,352
1603.413,353
1603.504,351
1603.594,353
1603.685,357
1603.776,356
1603.867,359
1603.957,353
1604.048,347
1604.139,352
1604.23,355
1604.32,362
1604.411,368
1604.502,378
1604.593,378
1604.683,380
1604.774,381
1604.865,370
1604.956,367
1605.047,365
1605.137,358
1605.228,362
1605.319,370
1605.41,378
1605.501,370
1605.591,376
1605.682,368
1605.773,363
1605.864,352
1605.955,345
1606.046,336
1606.136,324
1606.227,323
1606.318,328
1606.409,339
1606.5,354
1606.591,367
1606.681,379
1606.772,381
1606.863,381
1606.954,374
1607.045,357
1607.136,356
1607.226,353
1607.317,352
1607.408,370
1607.499,373
1607.59,369
1607.681,376
1607.772,376
1607.863,370
1607.953,370
1608.044,360
1608.135,365
1608.226,375
1608.317,376
1608.408,381
1608.499,389
1608.59,390
1608.681,385
1608.771,375
1608.862,368
1608.953,350
1609.044,346
1609.135,343
1609.226,342
1609.317,349
1609.408,361
1609.499,364
1609.59,360
1609.681,365
1609.771,369
1609.862,367
1609.953,364
1610.044,363
1610.135,371
1610.226,384
1610.317,393
1610.408,391
1610.499,379
1610.59,372
1610.681,373
1610.772,372
1610.863,379
1610.954,377
1611.045,364
1611.136,359
1611.227,355
1611.318,353
1611.409,362
1611.5,367
1611.591,361
1611.682,364
1611.773,365
1611.864,364
1611.955,366
1612.046,360
1612.137,360
1612.228,363
1612.319,363
1612.41,356
1612.501,356
1612.592,365
1612.683,367
1612.774,375
1612.865,370
1612.956,371
1613.047,370
1613.138,371
1613.229,373
1613.32,374
1613.411,373
1613.502,375
1613.593,384
1613.684,373
1613.775,372
1613.866,376
1613.957,368
1614.048,378
1614.139,380
1614.23,394
1614.321,411
1614.412,417
1614.503,418
1614.594,413
1614.686,403
1614.777,390
1614.868,383
1614.959,364
1615.05,363
1615.141,369
1615.232,365
1615.323,378
1615.414,393
1615.505,376
1615.596,379
1615.687,378
1615.779,364
1615.87,365
1615.961,350
1616.052,334
1616.143,335
1616.234,337
1616.325,330
1616.416,329
1616.508,337
1616.599,339
1616.69,352
1616.781,365
1616.872,361
1616.963,361
1617.054,367
1617.145,349
1617.237,344
1617.328,331
1617.419,321
1617.51,298
1617.601,293
1617.692,291
1617.784,294
1617.875,313
1617.966,308
1618.057,311
1618.148,313
1618.239,312
1618.331,317
1618.422,323
1618.513,319
1618.604,314
1618.695,309
1618.786,315
1618.878,320
1618.969,331
1619.06,338
1619.151,341
1619.242,342
1619.334,334
1619.425,334
1619.516,334
1619.607,337
1619.698,334
1619.79,325
1619.881,318
1619.972,312
1620.063,304
1620.155,309
1620.246,301
1620.337,303
1620.428,309
1620.52,302
1620.611,308
1620.702,305
1620.793,312
1620.884,324
1620.976,332
1621.067,345
1621.158,356
1621.25,358
1621.341,358
1621.432,365
1621.523,353
1621.615,357
1621.706,356
1621.797,336
1621.888,327
1621.98,323
1622.071,318
1622.162,329
1622.254,331
1622.345,335
1622.436,340
1622.527,334
1622.619,336
1622.71,329
1622.801,323
1622.893,317
1622.984,308
1623.075,308
1623.167,319
1623.258,314
1623.349,315
1623.441,303
1623.532,292
1623.623,283
1623.715,277
1623.806,293
1623.897,302
1623.989,308
1624.08,317
1624.171,313
1624.263,313
1624.354,317
1624.445,310
1624.537,308
1624.628,309
1624.719,306
1624.811,304
1624.902,298
1624.993,306
1625.085,304
1625.176,313
1625.268,310
1625.359,303
1625.45,307
1625.542,313
1625.633,322
1625.724,326
1625.816,336
1625.907,337
1625.999,355
1626.09,359
1626.181,352
1626.273,344
1626.364,330
1626.456,319
1626.547,311
1626.638,307
1626.73,306
1626.821,313
1626.913,328
1627.004,340
1627.096,342
1627.187,336
1627.278,330
1627.37,312
1627.461,312
1627.553,300
1627.644,289
1627.736,284
1627.827,285
1627.919,289
1628.01,287
1628.101,283
1628.193,282
1628.284,276
1628.376,278
1628.467,279
1628.559,274
1628.65,268
1628.742,271
1628.833,259
1628.925,255
1629.016,257
1629.108,267
1629.199,267
1629.291,276
1629.382,274
1629.474,263
1629.565,268
1629.657,277
1629.748,291
1629.84,296
1629.931,308
1630.023,302
1630.114,300
1630.206,307
1630.297,315
1630.389,314
1630.48,315
1630.572,311
1630.663,298
1630.755,283
1630.846,266
1630.938,264
1631.029,266
1631.121,274
1631.212,286
1631.304,291
1631.396,292
1631.487,295
1631.579,311
1631.67,309
1631.762,295
1631.853,298
1631.945,283
1632.037,275
1632.128,275
1632.22,266
1632.311,260
1632.403,264
1632.494,263
1632.586,270
1632.678,264
1632.769,270
1632.861,272
1632.952,292
1633.044,314
1633.136,330
1633.227,353
1633.319,350
1633.41,352
1633.502,336
1633.594,323
1633.685,313
1633.777,302
1633.868,294
1633.96,281
1634.052,277
1634.143,283
1634.235,291
1634.327,304
1634.418,300
1634.51,301
1634.601,305
1634.693,306
1634.785,305
1634.876,303
1634.968,299
1635.06,298
1635.151,305
1635.243,317
1635.335,329
1635.426,344
1635.518,347
1635.61,349
1635.701,334
1635.793,329
1635.885,325
1635.976,324
1636.068,323
1636.16,328
1636.252,327
1636.343,323
1636.435,327
1636.527,335
1636.618,333
1636.71,340
1636.802,355
1636.893,363
1636.985,361
1637.077,350
1637.169,323
1637.26,302
1637.352,308
1637.444,324
1637.535,324
1637.627,332
1637.719,331
1637.811,320
1637.902,320
1637.994,325
1638.086,323
1638.178,334
1638.269,338
1638.361,350
1638.453,346
1638.545,345
1638.636,348
1638.728,348
1638.82,358
1638.912,349
1639.003,351
1639.095,331
1639.187,315
1639.279,306
1639.37,297
1639.462,301
1639.554,323
1639.646,351
1639.738,361
1639.829,376
1639.921,373
1640.013,376
1640.105,389
1640.197,383
1640.288,380
1640.38,374
1640.472,369
1640.564,356
1640.656,349
1640.747,339
1640.839,328
1640.931,312
1641.023,305
1641.115,304
1641.207,304
1641.298,303
1641.39,323
1641.482,328
1641.574,340
1641.666,346
1641.758,345
1641.849,348
1641.941,360
1642.033,380
1642.125,374
1642.217,371
1642.309,356
1642.401,338
1642.493,325
1642.584,313
1642.676,298
1642.768,275
1642.86,271
1642.952,273
1643.044,280
1643.136,277
1643.228,283
1643.319,299
1643.411,309
1643.503,322
1643.595,330
1643.687,328
1643.779,328
1643.871,329
1643.963,330
1644.055,319
1644.147,321
1644.238,319
1644.33,316
1644.422,321
1644.514,321
1644.606,319
1644.698,322
1644.79,318
1644.882,321
1644.974,326
1645.066,332
1645.158,341
1645.25,343
1645.342,333
1645.434,326
1645.526,320
1645.618,311
1645.71,316
1645.801,318
1645.893,314
1645.985,318
1646.077,310
1646.169,304
1646.261,297
1646.353,296
1646.445,293
1646.537,301
1646.629,300
1646.721,299
1646.813,303
1646.905,308
1646.997,316
1647.089,317
1647.181,323
1647.273,330
1647.365,332
1647.457,340
1647.549,345
1647.641,346
1647.733,357
1647.825,366
1647.917,365
1648.009,368
1648.101,355
1648.193,346
1648.285,342
1648.377,327
1648.47,328
1648.562,315
1648.654,305
1648.746,299
1648.838,293
1648.93,286
1649.022,266
1649.114,274
1649.206,269
1649.298,270
1649.39,264
1649.482,264
1649.574,260
1649.666,258
1649.758,256
1649.85,249
1649.942,258
1650.035,259
1650.127,272
1650.219,266
1650.311,263
1650.403,269
1650.495,258
1650.587,260
1650.679,268
1650.771,270
1650.863,284
1650.956,288
1651.048,283
1651.14,277
1651.232,270
1651.324,271
1651.416,270
1651.508,266
1651.6,254
1651.692,241
1651.785,237
1651.877,239
1651.969,243
1652.061,244
1652.153,248
1652.245,248
1652.337,251
1652.43,257
1652.522,262
1652.614,257
1652.706,268
1652.798,267
1652.89,269
1652.983,265
1653.075,263
1653.167,262
1653.259,263
1653.351,275
1653.443,278
1653.536,287
1653.628,300
1653.72,316
1653.812,313
1653.904,318
1653.997,318
1654.089,311
1654.181,305
1654.273,307
1654.365,297
1654.458,283
1654.55,279
1654.642,271
1654.734,267
1654.826,270
1654.919,276
1655.011,273
1655.103,272
1655.195,271
1655.288,259
1655.38,267
1655.472,264
1655.564,268
1655.657,277
1655.749,271
1655.841,273
1655.933,275
1656.026,278
1656.118,271
1656.21,271
1656.302,271
1656.395,269
1656.487,280
1656.579,284
1656.671,284
1656.764,283
1656.856,292
1656.948,296
1657.041,289
1657.133,289
1657.225,286
1657.317,279
1657.41,288
1657.502,294
1657.594,289
1657.687,287
1657.779,294
1657.871,292
1657.963,293
1658.056,293
1658.148,277
1658.24,266
1658.333,274
1658.425,290
1658.517,300
1658.61,316
1658.702,317
1658.794,316
1658.887,336
1658.979,349
1659.071,344
1659.164,342
1659.256,332
1659.348,328
1659.441,330
1659.533,338
1659.625,336
1659.718,337
1659.81,330
1659.903,320
1659.995,310
1660.087,295
1660.18,289
1660.272,290
1660.364,288
1660.457,292
1660.549,300
1660.642,296
1660.734,304
1660.826,319
1660.919,316
1661.011,319
1661.103,309
1661.196,304
1661.288,314
1661.381,328
1661.473,329
1661.566,341
1661.658,338
1661.75,345
1661.843,348
1661.935,337
1662.028,336
1662.12,335
1662.212,347
1662.305,353
1662.397,354
1662.49,357
1662.582,349
1662.675,339
1662.767,332
1662.86,328
1662.952,317
1663.044,308
1663.137,304
1663.229,293
1663.322,285
1663.414,292
1663.507,298
1663.599,304
1663.692,313
1663.784,331
1663.877,331
1663.969,325
1664.062,321
1664.154,301
1664.247,300
1664.339,292
1664.432,289
1664.524,281
1664.617,277
1664.709,280
1664.802,268
1664.894,262
1664.987,263
1665.079,259
1665.172,261
1665.264,260
1665.357,254
1665.449,257
1665.542,261
1665.634,274
1665.727,269
1665.819,258
1665.912,252
1666.004,254
1666.097,259
1666.189,259
1666.282,264
1666.374,271
1666.467,263
1666.56,262
1666.652,260
1666.745,262
1666.837,264
1666.93,268
1667.022,265
1667.115,263
1667.208,266
1667.3,266
1667.393,275
1667.485,268
1667.578,271
1667.67,264
1667.763,265
1667.856,257
1667.948,254
1668.041,255
1668.133,250
1668.226,253
1668.319,253
1668.411,246
1668.504,244
1668.596,251
1668.689,263
1668.782,268
1668.874,281
1668.967,289
1669.059,281
1669.152,286
1669.245,282
1669.337,293
1669.43,284
1669.523,279
1669.615,275
1669.708,271
1669.801,272
1669.893,268
1669.986,258
1670.078,252
1670.171,255
1670.264,254
1670.356,255
1670.449,252
1670.542,258
1670.634,257
1670.727,263
1670.82,272
1670.912,268
1671.005,281
1671.098,285
1671.191,280
1671.283,287
1671.376,273
1671.469,266
1671.561,261
1671.654,258
1671.747,251
1671.839,244
1671.932,232
1672.025,226
1672.117,232
1672.21,231
1672.303,245
1672.396,253
1672.488,260
1672.581,273
1672.674,282
1672.767,274
1672.859,269
1672.952,260
1673.045,250
1673.137,248
1673.23,250
1673.323,251
1673.416,243
1673.508,241
1673.601,233
1673.694,224
1673.787,224
1673.879,221
1673.972,219
1674.065,212
1674.158,201
1674.251,202
1674.343,206
1674.436,212
1674.529,206
1674.622,211
1674.714,208
1674.807,208
1674.9,219
1674.993,217
1675.086,216
1675.178,212
1675.271,219
1675.364,223
1675.457,231
1675.55,239
1675.642,254
1675.735,259
1675.828,256
1675.921,255
1676.014,258
1676.106,253
1676.199,252
1676.292,257
1676.385,259
1676.478,254
1676.571,260
1676.663,246
1676.756,228
1676.849,225
1676.942,227
1677.035,229
1677.128,228
1677.221,228
1677.313,228
1677.406,227
1677.499,232
1677.592,225
1677.685,214
1677.778,216
1677.871,210
1677.963,223
1678.056,232
1678.149,241
1678.242,256
1678.335,258
1678.428,262
1678.521,267
1678.614,269
1678.707,268
1678.799,271
1678.892,264
1678.985,256
1679.078,255
1679.171,251
1679.264,242
1679.357,239
1679.45,236
1679.543,238
1679.636,241
1679.729,242
1679.821,242
1679.914,231
1680.007,243
1680.1,235
1680.193,225
1680.286,219
1680.379,204
1680.472,194
1680.565,199
1680.658,202
1680.751,196
1680.844,198
1680.937,204
1681.03,204
1681.123,216
1681.216,229
1681.309,233
1681.402,246
1681.495,257
1681.588,274
1681.681,277
1681.774,280
1681.867,273
1681.96,285
1682.053,274
1682.146,265
1682.239,263
1682.332,253
1682.425,251
1682.518,247
1682.611,237
1682.704,225
1682.797,225
1682.89,227
1682.983,233
1683.076,224
1683.169,220
1683.262,215
1683.355,213
1683.448,219
1683.541,218
1683.634,218
1683.727,218
1683.82,222
1683.913,228
1684.006,229
1684.099,233
1684.192,234
1684.285,233
1684.378,242
1684.471,239
1684.564,239
1684.657,232
1684.75,225
1684.843,220
1684.937,222
1685.03,219
1685.123,210
1685.216,218
1685.309,222
1685.402,231
1685.495,236
1685.588,231
1685.681,227
1685.774,233
1685.867,236
1685.96,245
1686.054,248
1686.147,242
1686.24,234
1686.333,236
1686.426,241
1686.519,233
1686.612,235
1686.705,227
1686.799,206
1686.892,202
1686.985,199
1687.078,197
1687.171,198
1687.264,203
1687.357,208
1687.45,212
1687.544,213
1687.637,220
1687.73,222
1687.823,223
1687.916,228
1688.009,225
1688.103,219
1688.196,219
1688.289,222
1688.382,219
1688.475,227
1688.568,228
1688.662,228
1688.755,227
1688.848,216
1688.941,218
1689.034,222
1689.127,234
1689.221,243
1689.314,240
1689.407,230
1689.5,221
1689.593,213
1689.687,211
1689.78,211
1689.873,207
1689.966,208
1690.059,212
1690.153,222
1690.246,220
1690.339,217
1690.432,208
1690.526,213
1690.619,203
1690.712,198
1690.805,186
1690.899,178
1690.992,174
1691.085,165
1691.178,165
1691.272,162
1691.365,166
1691.458,170
1691.551,175
1691.645,177
1691.738,179
1691.831,187
1691.924,185
1692.018,187
1692.111,189
1692.204,196
1692.297,204
1692.391,212
1692.484,218
1692.577,220
1692.671,226
1692.764,219
1692.857,213
1692.95,213
1693.044,200
1693.137,194
1693.23,196
1693.324,202
1693.417,210
1693.51,221
1693.604,216
1693.697,217
1693.79,213
1693.884,208
1693.977,205
1694.07,196
1694.164,194
1694.257,191
1694.35,185
1694.444,185
1694.537,182
1694.63,182
1694.724,187
1694.817,187
1694.91,183
1695.004,186
1695.097,179
1695.19,172
1695.284,177
1695.377,182
1695.47,184
1695.564,187
1695.657,192
1695.751,201
1695.844,200
1695.937,196
1696.031,193
1696.124,196
1696.218,194
1696.311,200
1696.404,201
1696.498,208
1696.591,222
1696.685,232
1696.778,241
1696.871,242
1696.965,239
1697.058,238
1697.152,227
1697.245,233
1697.338,231
1697.432,228
1697.525,218
1697.619,200
1697.712,201
1697.806,196
1697.899,195
1697.992,187
1698.086,186
1698.179,189
1698.273,184
1698.366,194
1698.46,198
1698.553,198
1698.647,201
1698.74,194
1698.833,198
1698.927,194
1699.02,192
1699.114,193
1699.207,189
1699.301,188
1699.394,190
1699.488,193
1699.581,189
1699.675,205
1699.768,208
1699.862,212
1699.955,220
1700.049,225
1700.142,220
1700.236,221
1700.329,210
1700.423,187
1700.516,180
1700.61,171
1700.703,170
1700.797,177
1700.89,182
1700.984,196
1701.077,200
1701.171,207
1701.264,210
1701.358,219
1701.451,213
1701.545,215
1701.639,217
1701.732,224
1701.826,233
1701.919,240
1702.013,243
1702.106,235
1702.2,240
1702.293,229
1702.387,228
1702.481,219
1702.574,211
1702.668,208
1702.761,196
1702.855,203
1702.948,201
1703.042,200
1703.136,197
1703.229,190
1703.323,181
1703.416,179
1703.51,183
1703.604,186
1703.697,198
1703.791,202
1703.884,205
1703.978,206
1704.072,209
1704.165,211
1704.259,211
1704.352,201
1704.446,197
1704.54,196
1704.633,192
1704.727,192
1704.821,184
1704.914,181
1705.008,179
1705.101,191
1705.195,185
1705.289,185
1705.382,191
1705.476,187
1705.57,188
1705.663,186
1705.757,187
1705.851,194
1705.944,210
1706.038,211
1706.132,221
1706.225,216
1706.319,211
1706.413,210
1706.506,209
1706.6,210
1706.694,207
1706.787,210
1706.881,207
1706.975,217
1707.068,231
1707.162,230
1707.256,225
1707.35,230
1707.443,233
1707.537,230
1707.631,233
1707.724,228
1707.818,223
1707.912,218
1708.006,213
1708.099,205
1708.193,197
1708.287,193
1708.38,201
1708.474,210
1708.568,215
1708.662,217
1708.755,217
1708.849,213
1708.943,218
1709.037,225
1709.13,234
1709.224,239
1709.318,237
1709.412,231
1709.505,222
1709.599,221
1709.693,230
1709.787,240
1709.88,242
1709.974,236
1710.068,222
1710.162,218
1710.256,214
1710.349,208
1710.443,216
1710.537,216
1710.631,212
1710.725,218
1710.818,216
1710.912,211
1711.006,211
1711.1,212
1711.194,201
1711.287,194
1711.381,190
1711.475,186
1711.569,182
1711.663,182
1711.756,183
1711.85,181
1711.944,190
1712.038,195
1712.132,202
1712.226,214
1712.319,209
1712.413,206
1712.507,198
1712.601,197
1712.695,190
1712.789,180
1712.883,177
1712.976,172
1713.07,167
1713.164,162
1713.258,154
1713.352,151
1713.446,156
1713.54,163
1713.634,165
1713.727,171
1713.821,168
1713.915,180
1714.009,195
1714.103,214
1714.197,226
1714.291,235
1714.385,247
1714.479,242
1714.572,246
1714.666,249
1714.76,243
1714.854,232
1714.948,231
1715.042,220
1715.136,215
1715.23,210
1715.324,203
1715.418,209
1715.512,213
1715.606,221
1715.699,217
1715.793,214
1715.887,217
1715.981,216
1716.075,217
1716.169,212
1716.263,202
1716.357,202
1716.451,197
1716.545,188
1716.639,184
1716.733,181
1716.827,182
1716.921,192
1717.015,199
1717.109,201
1717.203,201
1717.297,193
1717.391,196
1717.485,200
1717.579,210
1717.673,218
1717.767,223
1717.861,225
1717.955,214
1718.049,200
1718.143,199
1718.237,196
1718.331,200
1718.425,200
1718.519,205
1718.613,202
1718.707,198
1718.801,200
1718.895,194
1718.989,186
1719.083,192
1719.177,194
1719.271,199
1719.365,200
1719.459,190
1719.553,184
1719.647,177
1719.741,181
1719.835,178
1719.929,171
1720.023,167
1720.117,163
1720.211,172
1720.305,186
1720.4,189
1720.494,202
1720.588,199
1720.682,196
1720.776,201
1720.87,192
1720.964,187
1721.058,189
1721.152,195
1721.246,191
1721.34,190
1721.434,189
1721.529,182
1721.623,181
1721.717,192
1721.811,193
1721.905,194
1721.999,204
1722.093,193
1722.187,183
1722.281,181
1722.376,172
1722.47,172
1722.564,165
1722.658,167
1722.752,159
1722.846,163
1722.94,165
1723.034,164
1723.129,166
1723.223,161
1723.317,160
1723.411,156
1723.505,165
1723.599,169
1723.694,174
1723.788,188
1723.882,184
1723.976,185
1724.07,185
1724.164,176
1724.259,179
1724.353,181
1724.447,186
1724.541,184
1724.635,184
1724.729,182
1724.824,176
1724.918,172
1725.012,162
1725.106,163
1725.2,161
1725.295,160
1725.389,158
1725.483,160
1725.577,159
1725.671,162
1725.766,162
1725.86,164
1725.954,161
1726.048,157
1726.143,158
1726.237,149
1726.331,148
1726.425,151
1726.519,155
1726.614,160
1726.708,163
1726.802,161
1726.896,167
1726.991,174
1727.085,179
1727.179,178
1727.273,171
1727.368,167
1727.462,175
1727.556,173
1727.651,171
1727.745,168
1727.839,162
1727.933,164
1728.028,170
1728.122,172
1728.216,183
1728.31,194
1728.405,190
1728.499,189
1728.593,190
1728.688,186
1728.782,186
1728.876,194
1728.971,198
1729.065,196
1729.159,205
1729.253,201
1729.348,191
1729.442,188
1729.536,177
1729.631,174
1729.725,174
1729.819,180
1729.914,189
1730.008,197
1730.102,201
1730.197,210
1730.291,212
1730.385,223
1730.48,241
1730.574,255
1730.669,275
1730.763,302
1730.857,317
1730.952,315
1731.046,329
1731.14,312
1731.235,312
1731.329,325
1731.423,327
1731.518,337
1731.612,329
1731.707,325
1731.801,317
1731.895,314
1731.99,309
1732.084,302
1732.179,313
1732.273,304
1732.367,302
1732.462,294
1732.556,292
1732.651,295
1732.745,309
1732.839,318
1732.934,333
1733.028,338
1733.123,342
1733.217,341
1733.311,328
1733.406,332
1733.5,331
1733.595,332
1733.689,332
1733.784,328
1733.878,322
1733.972,315
1734.067,309
1734.161,301
1734.256,297
1734.35,291
1734.445,295
1734.539,297
1734.634,291
1734.728,283
1734.823,267
1734.917,260
1735.012,258
1735.106,263
1735.201,253
1735.295,259
1735.389,266
1735.484,275
1735.578,287
1735.673,290
1735.767,291
1735.862,295
1735.956,301
1736.051,302
1736.145,299
1736.24,296
1736.334,291
1736.429,279
1736.523,274
1736.618,273
1736.713,259
1736.807,260
1736.902,261
1736.996,258
1737.091,251
1737.185,243
1737.28,240
1737.374,252
1737.469,263
1737.563,252
1737.658,249
1737.752,241
1737.847,230
1737.942,243
1738.036,241
1738.131,238
1738.225,236
1738.32,224
1738.414,220
1738.509,205
1738.603,201
1738.698,201
1738.793,199
1738.887,197
1738.982,185
1739.076,180
1739.171,181
1739.266,193
1739.36,195
1739.455,195
1739.549,201
1739.644,209
1739.739,222
1739.833,219
1739.928,216
1740.022,208
1740.117,203
1740.212,206
1740.306,206
1740.401,209
1740.495,214
1740.59,213
1740.685,215
1740.779,211
1740.874,210
1740.969,204
1741.063,200
1741.158,194
1741.253,192
1741.347,186
1741.442,179
1741.537,171
1741.631,169
1741.726,170
1741.821,167
1741.915,175
1742.01,171
1742.105,170
1742.199,176
1742.294,181
1742.389,182
1742.483,180
1742.578,173
1742.673,174
1742.767,167
1742.862,167
1742.957,166
1743.051,160
1743.146,160
1743.241,157
1743.335,162
1743.43,177
1743.525,187
1743.62,187
1743.714,186
1743.809,170
1743.904,168
1743.998,169
1744.093,169
1744.188,172
1744.283,168
1744.377,174
1744.472,177
1744.567,179
1744.662,180
1744.756,184
1744.851,181
1744.946,183
1745.041,177
1745.135,173
1745.23,170
1745.325,170
1745.42,164
1745.514,158
1745.609,163
1745.704,154
1745.799,156
1745.893,162
1745.988,164
1746.083,169
1746.178,177
1746.273,166
1746.367,159
1746.462,163
1746.557,153
1746.652,164
1746.747,176
1746.841,180
1746.936,181
1747.031,178
1747.126,177
1747.221,173
1747.315,170
1747.41,162
1747.505,158
1747.6,157
1747.695,167
1747.79,162
1747.884,160
1747.979,156
1748.074,154
1748.169,155
1748.264,160
1748.359,156
1748.453,155
1748.548,162
1748.643,165
1748.738,166
1748.833,159
1748.928,162
1749.023,166
1749.117,180
1749.212,188
1749.307,184
1749.402,179
1749.497,174
1749.592,175
1749.687,177
1749.782,186
1749.876,183
1749.971,181
1750.066,181
1750.161,178
1750.256,179
1750.351,179
1750.446,175
1750.541,176
1750.636,174
1750.731,182
1750.825,172
1750.92,166
1751.015,168
1751.11,163
1751.205,162
1751.3,169
1751.395,161
1751.49,160
1751.585,170
1751.68,170
1751.775,166
1751.87,176
1751.965,169
1752.06,164
1752.154,169
1752.249,162
1752.344,175
1752.439,179
1752.534,185
1752.629,189
1752.724,190
1752.819,195
1752.914,187
1753.009,184
1753.104,180
1753.199,175
1753.294,171
1753.389,156
1753.484,152
1753.579,140
1753.674,127
1753.769,117
1753.864,112
1753.959,122
1754.054,129
1754.149,140
1754.244,146
1754.339,144
1754.434,142
1754.529,148
1754.624,151
1754.719,146
1754.814,148
1754.909,147
1755.004,149
1755.099,155
1755.194,159
1755.289,175
1755.384,171
1755.479,165
1755.574,162
1755.669,153
1755.764,148
1755.86,147
1755.955,141
1756.05,136
1756.145,139
1756.24,135
1756.335,129
1756.43,144
1756.525,150
1756.62,152
1756.715,149
1756.81,140
1756.905,146
1757,152
1757.095,150
1757.191,148
1757.286,141
1757.381,145
1757.476,155
1757.571,158
1757.666,154
1757.761,152
1757.856,151
1757.951,151
1758.046,157
1758.142,157
1758.237,164
1758.332,170
1758.427,158
1758.522,160
1758.617,153
1758.712,148
1758.807,150
1758.903,147
1758.998,140
1759.093,140
1759.188,144
1759.283,145
1759.378,146
1759.473,151
1759.569,148
1759.664,148
1759.759,155
1759.854,157
1759.949,157
1760.044,157
1760.14,163
1760.235,159
1760.33,160
1760.425,162
1760.52,167
1760.615,180
1760.711,181
1760.806,185
1760.901,184
1760.996,180
1761.091,182
1761.187,183
1761.282,179
1761.377,173
1761.472,164
1761.567,151
1761.663,142
1761.758,139
1761.853,139
1761.948,144
1762.043,151
1762.139,156
1762.234,157
1762.329,163
1762.424,166
1762.52,168
1762.615,162
1762.71,163
1762.805,159
1762.901,150
1762.996,149
1763.091,148
1763.186,148
1763.282,146
1763.377,148
1763.472,142
1763.567,142
1763.663,145
1763.758,146
1763.853,152
1763.948,158
1764.044,162
1764.139,160
1764.234,159
1764.33,152
1764.425,146
1764.52,139
1764.615,129
1764.711,126
1764.806,117
1764.901,120
1764.997,120
1765.092,119
1765.187,132
1765.283,153
1765.378,175
1765.473,188
1765.569,204
1765.664,192
1765.759,180
1765.855,179
1765.95,178
1766.045,173
1766.141,172
1766.236,157
1766.331,143
1766.427,141
1766.522,144
1766.617,147
1766.713,143
1766.808,149
1766.903,147
1766.999,155
1767.094,160
1767.189,166
1767.285,173
1767.38,174
1767.475,170
1767.571,161
1767.666,153
1767.762,142
1767.857,149
1767.952,147
1768.048,141
1768.143,155
1768.239,159
1768.334,162
1768.429,166
1768.525,168
1768.62,154
1768.716,153
1768.811,146
1768.906,146
1769.002,149
1769.097,148
1769.193,149
1769.288,148
1769.383,141
1769.479,138
1769.574,132
1769.67,135
1769.765,139
1769.861,137
1769.956,139
1770.052,140
1770.147,130
1770.242,131
1770.338,133
1770.433,125
1770.529,114
1770.624,112
1770.72,116
1770.815,119
1770.911,125
1771.006,134
1771.102,142
1771.197,141
1771.293,146
1771.388,140
1771.483,130
1771.579,130
1771.674,135
1771.77,131
1771.865,129
1771.961,123
1772.056,117
1772.152,118
1772.247,112
1772.343,112
1772.438,106
1772.534,111
1772.629,110
1772.725,107
1772.82,106
1772.916,109
1773.012,113
1773.107,116
1773.203,117
1773.298,110
1773.394,109
1773.489,103
1773.585,103
1773.68,115
1773.776,122
1773.871,132
1773.967,141
1774.062,138
1774.158,141
1774.254,143
1774.349,146
1774.445,142
1774.54,146
1774.636,140
1774.731,148
1774.827,147
1774.923,137
1775.018,136
1775.114,130
1775.209,122
1775.305,119
1775.4,119
1775.496,108
1775.592,111
1775.687,104
1775.783,101
1775.878,97
1775.974,103
1776.07,107
1776.165,117
1776.261,113
1776.357,120
1776.452,125
1776.548,129
1776.643,136
1776.739,134
1776.835,133
1776.93,123
1777.026,110
1777.122,109
1777.217,108
1777.313,106
1777.408,111
1777.504,117
1777.6,117
1777.695,115
1777.791,121
1777.887,137
1777.982,147
1778.078,149
1778.174,150
1778.269,150
1778.365,149
1778.461,155
1778.556,167
1778.652,175
1778.748,181
1778.843,181
1778.939,183
1779.035,177
1779.131,168
1779.226,161
1779.322,157
1779.418,156
1779.513,155
1779.609,156
1779.705,158
1779.8,152
1779.896,144
1779.992,143
1780.088,129
1780.183,122
1780.279,129
1780.375,125
1780.471,135
1780.566,144
1780.662,150
1780.758,155
1780.853,162
1780.949,163
1781.045,153
1781.141,142
1781.236,137
1781.332,126
1781.428,131
1781.524,130
1781.619,123
1781.715,142
1781.811,137
1781.907,147
1782.003,157
1782.098,160
1782.194,169
1782.29,171
1782.386,182
1782.481,173
1782.577,175
1782.673,173
1782.769,167
1782.865,161
1782.96,154
1783.056,147
1783.152,140
1783.248,138
1783.344,134
1783.439,132
1783.535,141
1783.631,139
1783.727,141
1783.823,142
1783.919,144
1784.014,160
1784.11,172
1784.206,178
1784.302,178
1784.398,165
1784.494,160
1784.589,158
1784.685,161
1784.781,165
1784.877,158
1784.973,154
1785.069,146
1785.164,144
1785.26,142
1785.356,137
1785.452,138
1785.548,131
1785.644,127
1785.74,124
1785.836,121
1785.931,124
1786.027,124
1786.123,133
1786.219,143
1786.315,138
1786.411,145
1786.507,141
1786.603,134
1786.699,138
1786.794,137
1786.89,138
1786.986,149
1787.082,150
1787.178,153
1787.274,155
1787.37,145
1787.466,147
1787.562,143
1787.658,140
1787.754,136
1787.85,134
1787.946,134
1788.041,137
1788.137,136
1788.233,132
1788.329,130
1788.425,125
1788.521,115
1788.617,118
1788.713,116
1788.809,119
1788.905,125
1789.001,125
1789.097,131
1789.193,134
1789.289,131
1789.385,132
1789.481,131
1789.577,126
1789.673,133
1789.769,130
1789.865,127
1789.961,133
1790.057,127
1790.153,136
1790.249,141
1790.345,135
1790.441,131
1790.537,136
1790.633,138
1790.729,139
1790.825,136
1790.921,124
1791.017,123
1791.113,125
1791.209,133
1791.305,125
1791.401,117
1791.497,112
1791.593,107
1791.689,109
1791.785,113
1791.881,104
1791.977,107
1792.073,106
1792.169,108
1792.265,121
1792.361,132
1792.457,142
1792.553,150
1792.65,138
1792.746,144
1792.842,130
1792.938,127
1793.034,127
1793.13,125
1793.226,122
1793.322,117
1793.418,117
1793.514,111
1793.61,113
1793.706,112
1793.802,106
1793.899,106
1793.995,115
1794.091,119
1794.187,123
1794.283,134
1794.379,145
1794.475,153
1794.571,156
1794.667,150
1794.764,143
1794.86,136
1794.956,133
1795.052,116
1795.148,107
1795.244,106
1795.34,109
1795.436,114
1795.533,125
1795.629,127
1795.725,128
1795.821,126
1795.917,128
1796.013,133
1796.11,130
1796.206,134
1796.302,133
1796.398,127
1796.494,128
1796.59,135
1796.687,134
1796.783,132
1796.879,127
1796.975,113
1797.071,117
1797.167,125
1797.264,122
1797.36,128
1797.456,126
1797.552,125
1797.648,123
1797.745,119
1797.841,116
1797.937,111
1798.033,107
1798.129,106
1798.226,107
1798.322,104
1798.418,105
1798.514,110
1798.611,108
1798.707,112
1798.803,115
1798.899,118
1798.995,118
1799.092,115
1799.188,118
1799.284,113
1799.38,105
1799.477,104
1799.573,97
1799.669,99
1799.765,98
1799.862,96
1799.958,94
1800.054,90
1800.151,107
1800.247,113
1800.343,127
1800.439,135
1800.536,124
1800.632,119
1800.728,131
1800.824,122
1800.921,122
1801.017,131
1801.113,134
1801.21,136
1801.306,142
1801.402,146
1801.499,142
1801.595,140
1801.691,143
1801.787,137
1801.884,137
1801.98,149
1802.076,153
1802.173,159
1802.269,169
1802.365,181
1802.462,176
1802.558,187
1802.654,186
1802.751,180
1802.847,186
1802.943,191
1803.04,194
1803.136,209
1803.233,212
1803.329,209
1803.425,216
1803.522,212
1803.618,215
1803.714,213
1803.811,208
1803.907,213
1804.003,218
1804.1,227
1804.196,236
1804.293,247
1804.389,248
1804.485,251
1804.582,243
1804.678,235
1804.774,235
1804.871,239
1804.967,236
1805.064,246
1805.16,260
1805.257,267
1805.353,280
1805.449,281
1805.546,282
1805.642,284
1805.739,277
1805.835,275
1805.931,272
1806.028,270
1806.124,270
1806.221,271
1806.317,264
1806.414,253
1806.51,250
1806.606,245
1806.703,237
1806.799,241
1806.896,246
1806.992,241
1807.089,251
1807.185,254
1807.282,250
1807.378,248
1807.475,239
1807.571,235
1807.668,230
1807.764,240
1807.861,239
1807.957,232
1808.053,228
1808.15,214
1808.246,223
1808.343,236
1808.439,243
1808.536,242
1808.632,240
1808.729,239
1808.825,242
1808.922,251
1809.018,248
1809.115,241
1809.211,233
1809.308,219
1809.405,211
1809.501,198
1809.598,192
1809.694,178
1809.791,172
1809.887,171
1809.984,157
1810.08,163
1810.177,160
1810.273,151
1810.37,157
1810.466,149
1810.563,158
1810.66,162
1810.756,165
1810.853,164
1810.949,164
1811.046,159
1811.142,154
1811.239,153
1811.335,148
1811.432,151
1811.529,146
1811.625,140
1811.722,135
1811.818,130
1811.915,120
1812.012,110
1812.108,104
1812.205,104
1812.301,110
1812.398,115
1812.495,127
1812.591,133
1812.688,146
1812.784,156
1812.881,152
1812.978,150
1813.074,147
1813.171,140
1813.268,139
1813.364,140
1813.461,132
1813.557,125
1813.654,127
1813.751,124
1813.847,125
1813.944,137
1814.041,136
1814.137,134
1814.234,135
1814.331,131
1814.427,133
1814.524,138
1814.621,145
1814.717,135
1814.814,136
1814.911,132
1815.007,134
1815.104,128
1815.201,132
1815.297,126
1815.394,119
1815.491,126
1815.587,126
1815.684,133
1815.781,134
1815.877,149
1815.974,143
1816.071,135
1816.168,127
1816.264,123
1816.361,121
1816.458,125
1816.554,130
1816.651,123
1816.748,124
1816.845,126
1816.941,124
1817.038,119
1817.135,126
1817.231,124
1817.328,121
1817.425,125
1817.522,117
1817.618,113
1817.715,111
1817.812,109
1817.909,114
1818.005,115
1818.102,115
1818.199,116
1818.296,116
1818.392,120
1818.489,115
1818.586,111
1818.683,113
1818.78,114
1818.876,114
1818.973,109
1819.07,114
1819.167,120
1819.263,119
1819.36,126
1819.457,127
1819.554,120
1819.651,128
1819.747,126
1819.844,123
1819.941,122
1820.038,116
1820.135,113
1820.231,115
1820.328,121
1820.425,120
1820.522,126
1820.619,117
1820.716,113
1820.812,111
1820.909,106
1821.006,110
1821.103,118
1821.2,118
1821.297,125
1821.393,132
1821.49,132
1821.587,140
1821.684,152
1821.781,148
1821.878,144
1821.975,140
1822.071,130
1822.168,128
1822.265,127
1822.362,131
1822.459,122
1822.556,113
1822.653,111
1822.75,103
1822.846,111
1822.943,121
1823.04,121
1823.137,119
1823.234,107
1823.331,107
1823.428,108
1823.525,109
1823.622,108
1823.719,116
1823.816,121
1823.912,117
1824.009,124
1824.106,120
1824.203,118
1824.3,126
1824.397,119
1824.494,114
1824.591,111
1824.688,110
1824.785,115
1824.882,113
1824.979,116
1825.076,115
1825.173,110
1825.27,107
1825.366,101
1825.463,103
1825.56,101
1825.657,107
1825.754,105
1825.851,113
1825.948,120
1826.045,123
1826.142,129
1826.239,130
1826.336,124
1826.433,123
1826.53,120
1826.627,121
1826.724,114
1826.821,116
1826.918,120
1827.015,128
1827.112,135
1827.209,139
1827.306,145
1827.403,139
1827.5,150
1827.597,147
1827.694,140
1827.791,134
1827.888,123
1827.985,124
1828.082,122
1828.179,120
1828.276,119
1828.373,118
1828.47,114
1828.567,114
1828.664,112
1828.762,112
1828.859,110
1828.956,111
1829.053,125
1829.15,123
1829.247,123
1829.344,124
1829.441,123
1829.538,136
1829.635,148
1829.732,150
1829.829,151
1829.926,151
1830.023,152
1830.12,143
1830.218,142
1830.315,137
1830.412,139
1830.509,134
1830.606,133
1830.703,139
1830.8,142
1830.897,150
1830.994,156
1831.091,149
1831.189,147
1831.286,141
1831.383,130
1831.48,123
1831.577,122
1831.674,118
1831.771,110
1831.868,113
1831.966,107
1832.063,108
1832.16,109
1832.257,114
1832.354,111
1832.451,111
1832.548,109
1832.646,101
1832.743,103
1832.84,113
1832.937,113
1833.034,121
1833.131,130
1833.229,124
1833.326,127
1833.423,122
1833.52,114
1833.617,118
1833.714,109
1833.812,105
1833.909,109
1834.006,111
1834.103,117
1834.2,116
1834.298,120
1834.395,125
1834.492,126
1834.589,133
1834.686,131
1834.784,126
1834.881,128
1834.978,126
1835.075,124
1835.172,116
1835.27,109
1835.367,107
1835.464,108
1835.561,108
1835.659,110
1835.756,112
1835.853,118
1835.95,120
1836.048,126
1836.145,121
1836.242,119
1836.339,122
1836.437,122
1836.534,114
1836.631,108
1836.728,97
1836.826,97
1836.923,105
1837.02,111
1837.117,120
1837.215,120
1837.312,124
1837.409,122
1837.507,122
1837.604,122
1837.701,118
1837.798,116
1837.896,115
1837.993,114
1838.09,124
1838.188,122
1838.285,122
1838.382,122
1838.48,115
1838.577,117
1838.674,129
1838.771,135
1838.869,144
1838.966,142
1839.063,132
1839.161,124
1839.258,119
1839.355,121
1839.453,117
1839.55,115
1839.647,115
1839.745,117
1839.842,114
1839.939,109
1840.037,104
1840.134,100
1840.232,108
1840.329,109
1840.426,113
1840.524,108
1840.621,99
1840.718,101
1840.816,100
1840.913,106
1841.01,104
1841.108,100
1841.205,105
1841.303,102
1841.4,98
1841.497,100
1841.595,97
1841.692,100
1841.79,99
1841.887,94
1841.984,91
1842.082,92
1842.179,94
1842.277,107
1842.374,114
1842.471,114
1842.569,112
1842.666,122
1842.764,109
1842.861,102
1842.959,96
1843.056,87
1843.153,87
1843.251,87
1843.348,85
1843.446,83
1843.543,86
1843.641,90
1843.738,105
1843.836,110
1843.933,118
1844.031,117
1844.128,118
1844.225,113
1844.323,116
1844.42,119
1844.518,114
1844.615,110
1844.713,101
1844.81,94
1844.908,94
1845.005,100
1845.103,103
1845.2,106
1845.298,107
1845.395,105
1845.493,118
1845.59,117
1845.688,110
1845.785,108
1845.883,104
1845.98,100
1846.078,98
1846.175,99
1846.273,93
1846.37,100
1846.468,104
1846.565,110
1846.663,108
1846.76,110
1846.858,112
1846.956,116
1847.053,117
1847.151,121
1847.248,120
1847.346,115
1847.443,109
1847.541,104
1847.638,111
1847.736,105
1847.834,105
1847.931,105
1848.029,99
1848.126,102
1848.224,104
1848.321,101
1848.419,100
1848.517,99
1848.614,98
1848.712,101
1848.809,97
1848.907,97
1849.004,96
1849.102,95
1849.2,94
1849.297,93
1849.395,99
1849.492,102
1849.59,104
1849.688,107
1849.785,99
1849.883,93
1849.981,92
1850.078,89
1850.176,93
1850.273,94
1850.371,98
1850.469,107
1850.566,117
1850.664,118
1850.762,117
1850.859,121
1850.957,124
1851.055,137
1851.152,140
1851.25,138
1851.348,136
1851.445,130
1851.543,123
1851.641,107
1851.738,90
1851.836,88
1851.934,83
1852.031,81
1852.129,92
1852.227,102
1852.324,109
1852.422,122
1852.52,125
1852.617,124
1852.715,131
1852.813,134
1852.91,131
1853.008,127
1853.106,119
1853.204,114
1853.301,113
1853.399,107
1853.497,103
1853.594,98
1853.692,98
1853.79,99
1853.888,103
1853.985,110
1854.083,118
1854.181,122
1854.278,123
1854.376,123
1854.474,117
1854.572,114
1854.669,103
1854.767,94
1854.865,88
1854.963,87
1855.06,82
1855.158,82
1855.256,90
1855.354,100
1855.452,107
1855.549,112
1855.647,111
1855.745,105
1855.843,111
1855.94,116
1856.038,114
1856.136,113
1856.234,120
1856.332,121
1856.429,115
1856.527,116
1856.625,104
1856.723,101
1856.821,97
1856.918,88
1857.016,87
1857.114,86
1857.212,89
1857.31,92
1857.407,94
1857.505,91
1857.603,89
1857.701,90
1857.799,89
1857.897,86
1857.994,92
1858.092,92
1858.19,91
1858.288,95
1858.386,88
1858.484,83
1858.581,88
1858.679,83
1858.777,83
1858.875,87
1858.973,85
1859.071,92
1859.169,95
1859.267,96
1859.364,103
1859.462,106
1859.56,108
1859.658,108
1859.756,109
1859.854,111
1859.952,114
1860.05,113
1860.147,109
1860.245,111
1860.343,107
1860.441,101
1860.539,105
1860.637,107
1860.735,109
1860.833,117
1860.931,108
1861.029,103
1861.127,108
1861.224,109
1861.322,129
1861.42,144
1861.518,147
1861.616,154
1861.714,151
1861.812,134
1861.91,122
1862.008,112
1862.106,103
1862.204,108
1862.302,103
1862.4,97
1862.498,96
1862.596,84
1862.694,84
1862.792,85
1862.89,78
1862.988,72
1863.086,82
1863.183,87
1863.281,100
1863.379,116
1863.477,114
1863.575,118
1863.673,113
1863.771,104
1863.869,102
1863.967,96
1864.065,101
1864.163,92
1864.261,100
1864.359,115
1864.457,121
1864.555,128
1864.653,127
1864.751,117
1864.849,110
1864.948,108
1865.046,99
1865.144,94
1865.242,91
1865.34,82
1865.438,82
1865.536,86
1865.634,95
1865.732,91
1865.83,96
1865.928,102
1866.026,105
1866.124,112
1866.222,108
1866.32,98
1866.418,90
1866.516,87
1866.614,95
1866.712,90
1866.81,88
1866.909,88
1867.007,86
1867.105,88
1867.203,91
1867.301,100
1867.399,99
1867.497,105
1867.595,108
1867.693,110
1867.791,102
1867.889,96
1867.988,90
1868.086,77
1868.184,76
1868.282,74
1868.38,72
1868.478,79
1868.576,75
1868.674,80
1868.772,77
1868.871,79
1868.969,86
1869.067,81
1869.165,78
1869.263,77
1869.361,71
1869.459,72
1869.558,73
1869.656,80
1869.754,84
1869.852,86
1869.95,90
1870.048,94
1870.147,111
1870.245,110
1870.343,112
1870.441,116
1870.539,108
1870.637,99
1870.736,93
1870.834,86
1870.932,87
1871.03,95
1871.128,103
1871.226,112
1871.325,114
1871.423,117
1871.521,119
1871.619,108
1871.717,104
1871.816,104
1871.914,98
1872.012,93
1872.11,94
1872.209,83
1872.307,81
1872.405,80
1872.503,73
1872.601,69
1872.7,71
1872.798,69
1872.896,69
1872.994,71
1873.093,75
1873.191,82
1873.289,80
1873.387,76
1873.486,76
1873.584,76
1873.682,83
1873.78,94
1873.879,98
1873.977,100
1874.075,104
1874.173,109
1874.272,103
1874.37,96
1874.468,89
1874.567,80
1874.665,78
1874.763,81
1874.861,92
1874.96,97
1875.058,107
1875.156,117
1875.255,117
1875.353,123
1875.451,127
1875.55,129
1875.648,136
1875.746,141
1875.844,140
1875.943,134
1876.041,134
1876.139,128
1876.238,128
1876.336,124
1876.434,125
1876.533,124
1876.631,121
1876.729,115
1876.828,116
1876.926,123
1877.024,122
1877.123,130
1877.221,129
1877.32,123
1877.418,127
1877.516,132
1877.615,136
1877.713,136
1877.811,135
1877.91,127
1878.008,128
1878.106,123
1878.205,117
1878.303,110
1878.402,118
1878.5,119
1878.598,123
1878.697,128
1878.795,129
1878.894,128
1878.992,131
1879.09,131
1879.189,125
1879.287,119
1879.386,108
1879.484,109
1879.582,113
1879.681,119
1879.779,126
1879.878,130
1879.976,133
1880.075,139
1880.173,142
1880.271,137
1880.37,128
1880.468,116
1880.567,115
1880.665,110
1880.764,107
1880.862,101
1880.961,97
1881.059,94
1881.157,93
1881.256,93
1881.354,90
1881.453,93
1881.551,93
1881.65,97
1881.748,99
1881.847,101
1881.945,103
1882.044,107
1882.142,112
1882.241,106
1882.339,106
1882.438,104
1882.536,101
1882.635,99
1882.733,96
1882.832,92
1882.93,88
1883.029,92
1883.127,90
1883.226,90
1883.324,95
1883.423,105
1883.521,108
1883.62,110
1883.718,109
1883.817,99
1883.915,94
1884.014,95
1884.112,96
1884.211,89
1884.309,91
1884.408,92
1884.507,91
1884.605,94
1884.704,90
1884.802,94
1884.901,91
1884.999,94
1885.098,87
1885.196,79
1885.295,89
1885.394,88
1885.492,91
1885.591,94
1885.689,91
1885.788,98
1885.886,100
1885.985,96
1886.084,88
1886.182,87
1886.281,80
1886.379,83
1886.478,95
1886.577,92
1886.675,97
1886.774,97
1886.872,98
1886.971,99
1887.07,93
1887.168,87
1887.267,79
1887.366,78
1887.464,79
1887.563,77
1887.661,82
1887.76,78
1887.859,81
1887.957,81
1888.056,81
1888.155,87
1888.253,91
1888.352,95
1888.451,94
1888.549,95
1888.648,101
1888.747,103
1888.845,100
1888.944,103
1889.043,95
1889.141,96
1889.24,91
1889.339,85
1889.437,84
1889.536,86
1889.635,98
1889.733,103
1889.832,113
1889.931,113
1890.029,113
1890.128,115
1890.227,114
1890.326,108
1890.424,100
1890.523,86
1890.622,79
1890.72,79
1890.819,76
1890.918,82
1891.017,84
1891.115,84
1891.214,86
1891.313,89
1891.411,91
1891.51,90
1891.609,87
1891.708,89
1891.806,83
1891.905,84
1892.004,83
1892.103,84
1892.201,86
1892.3,84
1892.399,86
1892.498,82
1892.596,83
1892.695,88
1892.794,85
1892.893,87
1892.991,83
1893.09,88
1893.189,89
1893.288,91
1893.387,95
1893.485,87
1893.584,81
1893.683,85
1893.782,84
1893.881,89
1893.979,94
1894.078,90
1894.177,90
1894.276,92
1894.375,90
1894.473,89
1894.572,87
1894.671,81
1894.77,82
1894.869,81
1894.968,81
1895.066,81
1895.165,84
1895.264,87
1895.363,91
1895.462,91
1895.561,85
1895.659,83
1895.758,78
1895.857,77
1895.956,75
1896.055,77
1896.154,77
1896.252,86
1896.351,91
1896.45,95
1896.549,97
1896.648,95
1896.747,103
1896.846,96
1896.945,97
1897.043,96
1897.142,88
1897.241,88
1897.34,90
1897.439,86
1897.538,94
1897.637,99
1897.736,99
1897.835,102
1897.934,99
1898.032,96
1898.131,96
1898.23,93
1898.329,94
1898.428,95
1898.527,105
1898.626,109
1898.725,107
1898.824,101
1898.923,94
1899.022,86
1899.121,85
1899.22,78
1899.318,78
1899.417,80
1899.516,83
1899.615,82
1899.714,80
1899.813,75
1899.912,75
1900.011,75
1900.11,75
1900.209,80
1900.308,88
1900.407,89
1900.506,94
1900.605,96
1900.704,96
1900.803,100
1900.902,93
1901.001,91
1901.1,86
1901.199,98
1901.298,95
1901.397,92
1901.496,82
1901.595,83
1901.694,82
1901.793,83
1901.892,87
1901.991,88
1902.09,90
1902.189,93
1902.288,95
1902.387,96
1902.486,93
1902.585,86
1902.684,87
1902.783,83
1902.882,90
1902.981,88
1903.08,91
1903.179,93
1903.278,93
1903.377,105
1903.476,112
1903.576,120
1903.675,121
1903.774,116
1903.873,105
1903.972,104
1904.071,98
1904.17,91
1904.269,98
1904.368,98
1904.467,96
1904.566,95
1904.665,90
1904.764,80
1904.863,80
1904.963,86
1905.062,87
1905.161,85
1905.26,84
1905.359,74
1905.458,70
1905.557,76
1905.656,71
1905.755,79
1905.855,72
1905.954,70
1906.053,78
1906.152,71
1906.251,72
1906.35,67
1906.449,67
1906.548,59
1906.648,64
1906.747,68
1906.846,69
1906.945,73
1907.044,69
1907.143,76
1907.242,78
1907.342,82
1907.441,80
1907.54,69
1907.639,68
1907.738,64
1907.837,62
1907.937,60
1908.036,65
1908.135,67
1908.234,69
1908.333,68
1908.432,75
1908.532,81
1908.631,84
1908.73,86
1908.829,79
1908.928,78
1909.028,82
1909.127,72
1909.226,62
1909.325,59
1909.424,57
1909.524,54
1909.623,57
1909.722,60
1909.821,61
1909.921,65
1910.02,68
1910.119,72
1910.218,76
1910.317,86
1910.417,94
1910.516,97
1910.615,94
1910.714,100
1910.814,97
1910.913,96
1911.012,92
1911.111,88
1911.211,87
1911.31,83
1911.409,88
1911.509,83
1911.608,79
1911.707,82
1911.806,85
1911.906,77
1912.005,80
1912.104,82
1912.203,72
1912.303,74
1912.402,79
1912.501,79
1912.601,82
1912.7,82
1912.799,77
1912.899,86
1912.998,83
1913.097,76
1913.196,79
1913.296,76
1913.395,80
1913.494,82
1913.594,77
1913.693,74
1913.792,72
1913.892,74
1913.991,71
1914.09,69
1914.19,63
1914.289,61
1914.388,63
1914.488,66
1914.587,73
1914.686,85
1914.786,82
1914.885,95
1914.984,103
1915.084,100
1915.183,102
1915.283,101
1915.382,100
1915.481,95
1915.581,91
1915.68,84
1915.779,73
1915.879,70
1915.978,66
1916.078,63
1916.177,67
1916.276,68
1916.376,66
1916.475,61
1916.575,62
1916.674,57
1916.773,65
1916.873,72
1916.972,71
1917.072,73
1917.171,74
1917.27,72
1917.37,69
1917.469,66
1917.569,65
1917.668,67
1917.768,73
1917.867,72
1917.966,79
1918.066,79
1918.165,74
1918.265,80
1918.364,82
1918.464,85
1918.563,89
1918.663,87
1918.762,82
1918.862,85
1918.961,84
1919.06,91
1919.16,92
1919.259,94
1919.359,99
1919.458,105
1919.558,103
1919.657,104
1919.757,105
1919.856,105
1919.956,108
1920.055,100
1920.155,92
1920.254,93
1920.354,93
1920.453,92
1920.553,92
1920.652,93
1920.752,85
1920.851,83
1920.951,78
1921.05,78
1921.15,76
1921.249,73
1921.349,79
1921.448,73
1921.548,79
1921.648,80
1921.747,79
1921.847,89
1921.946,90
1922.046,87
1922.145,91
1922.245,91
1922.344,89
1922.444,86
1922.543,87
1922.643,81
1922.743,81
1922.842,82
1922.942,79
1923.041,81
1923.141,90
1923.24,89
1923.34,87
1923.44,83
1923.539,88
1923.639,89
1923.738,82
1923.838,88
1923.938,91
1924.037,94
1924.137,98
1924.236,107
1924.336,101
1924.436,104
1924.535,100
1924.635,93
1924.734,89
1924.834,78
1924.934,79
1925.033,85
1925.133,84
1925.233,85
1925.332,89
1925.432,84
1925.531,88
1925.631,90
1925.731,97
1925.83,95
1925.93,91
1926.03,86
1926.129,79
1926.229,88
1926.329,83
1926.428,84
1926.528,81
1926.628,73
1926.727,80
1926.827,79
1926.927,78
1927.026,87
1927.126,82
1927.226,82
1927.325,91
1927.425,89
1927.525,84
1927.624,87
1927.724,81
1927.824,84
1927.924,86
1928.023,87
1928.123,89
1928.223,78
1928.322,75
1928.422,72
1928.522,68
1928.622,72
1928.721,66
1928.821,65
1928.921,65
1929.02,66
1929.12,78
1929.22,87
1929.32,93
1929.419,96
1929.519,94
1929.619,92
1929.719,94
1929.818,92
1929.918,86
1930.018,80
1930.118,78
1930.217,77
1930.317,80
1930.417,78
1930.517,78
1930.617,77
1930.716,71
1930.816,72
1930.916,70
1931.016,71
1931.115,76
1931.215,76
1931.315,81
1931.415,84
1931.515,85
1931.614,84
1931.714,85
1931.814,75
1931.914,79
1932.014,75
1932.113,69
1932.213,68
1932.313,71
1932.413,72
1932.513,71
1932.613,78
1932.712,73
1932.812,75
1932.912,79
1933.012,87
1933.112,84
1933.212,84
1933.311,81
1933.411,74
1933.511,71
1933.611,75
1933.711,73
1933.811,66
1933.91,65
1934.01,70
1934.11,68
1934.21,72
1934.31,75
1934.41,75
1934.51,81
1934.61,83
1934.709,89
1934.809,83
1934.909,84
1935.009,78
1935.109,75
1935.209,72
1935.309,70
1935.409,70
1935.509,77
1935.608,82
1935.708,78
1935.808,88
1935.908,96
1936.008,99
1936.108,97
1936.208,94
1936.308,84
1936.408,85
1936.508,89
1936.608,85
1936.708,81
1936.808,76
1936.907,73
1937.007,71
1937.107,68
1937.207,64
1937.307,56
1937.407,51
1937.507,61
1937.607,65
1937.707,73
1937.807,81
1937.907,79
1938.007,83
1938.107,81
1938.207,84
1938.307,89
1938.407,89
1938.507,97
1938.607,103
1938.707,102
1938.807,104
1938.907,101
1939.007,103
1939.107,101
1939.207,96
1939.307,94
1939.407,82
1939.507,86
1939.607,89
1939.707,84
1939.807,90
1939.907,81
1940.007,72
1940.107,71
1940.207,66
1940.307,66
1940.407,65
1940.507,65
1940.607,71
1940.707,73
1940.807,71
1940.907,69
1941.007,68
1941.107,59
1941.207,55
1941.307,52
1941.407,50
1941.508,52
1941.608,60
1941.708,65
1941.808,72
1941.908,77
1942.008,82
1942.108,86
1942.208,100
1942.308,104
1942.408,103
1942.508,108
1942.608,99
1942.708,93
1942.809,93
1942.909,82
1943.009,69
1943.109,73
1943.209,66
1943.309,64
1943.409,67
1943.509,76
1943.609,76
1943.71,89
1943.81,92
1943.91,88
1944.01,86
1944.11,78
1944.21,81
1944.31,83
1944.41,88
1944.511,90
1944.611,97
1944.711,91
1944.811,95
1944.911,98
1945.011,92
1945.111,95
1945.212,100
1945.312,95
1945.412,103
1945.512,103
1945.612,104
1945.712,103
1945.813,100
1945.913,101
1946.013,99
1946.113,94
1946.213,95
1946.314,92
1946.414,87
1946.514,88
1946.614,91
1946.714,98
1946.814,98
1946.915,95
1947.015,100
1947.115,95
1947.215,96
1947.316,91
1947.416,92
1947.516,95
1947.616,99
1947.716,106
1947.817,100
1947.917,111
1948.017,111
1948.117,106
1948.218,105
1948.318,98
1948.418,98
1948.518,105
1948.619,103
1948.719,98
1948.819,96
1948.919,94
1949.02,92
1949.12,96
1949.22,100
1949.32,103
1949.421,103
1949.521,103
1949.621,105
1949.721,111
1949.822,111
1949.922,111
1950.022,112
1950.123,115
1950.223,113
1950.323,109
1950.423,110
1950.524,106
1950.624,108
1950.724,109
1950.825,115
1950.925,119
1951.025,121
1951.126,125
1951.226,121
1951.326,119
1951.427,114
1951.527,105
1951.627,100
1951.727,98
1951.828,95
1951.928,102
1952.028,103
1952.129,96
1952.229,102
1952.33,102
1952.43,107
1952.53,105
1952.631,99
1952.731,93
1952.831,89
1952.932,92
1953.032,92
1953.132,89
1953.233,86
1953.333,89
1953.433,85
1953.534,85
1953.634,89
1953.735,85
1953.835,90
1953.935,92
1954.036,86
1954.136,85
1954.237,79
1954.337,77
1954.437,76
1954.538,76
1954.638,75
1954.739,73
1954.839,75
1954.939,69
1955.04,71
1955.14,75
1955.241,75
1955.341,75
1955.442,75
1955.542,76
1955.642,82
1955.743,80
1955.843,79
1955.944,76
1956.044,73
1956.145,76
1956.245,85
1956.345,79
1956.446,78
1956.546,81
1956.647,81
1956.747,83
1956.848,79
1956.948,79
1957.049,76
1957.149,71
1957.25,80
1957.35,81
1957.451,86
1957.551,98
1957.652,104
1957.752,103
1957.853,103
1957.953,97
1958.054,88
1958.154,89
1958.255,84
1958.355,87
1958.456,85
1958.556,87
1958.657,88
1958.757,94
1958.858,88
1958.958,89
1959.059,89
1959.159,81
1959.26,81
1959.36,77
1959.461,69
1959.561,69
1959.662,75
1959.762,86
1959.863,90
1959.963,85
1960.064,77
1960.165,70
1960.265,70
1960.366,66
1960.466,61
1960.567,53
1960.667,49
1960.768,50
1960.868,56
1960.969,54
1961.07,60
1961.17,60
1961.271,61
1961.371,63
1961.472,55
1961.573,58
1961.673,57
1961.774,60
1961.874,57
1961.975,61
1962.075,58
1962.176,65
1962.277,62
1962.377,59
1962.478,62
1962.579,59
1962.679,60
1962.78,61
1962.88,56
1962.981,50
1963.082,49
1963.182,52
1963.283,56
1963.384,63
1963.484,64
1963.585,69
1963.685,69
1963.786,65
1963.887,63
1963.987,60
1964.088,58
1964.189,67
1964.289,65
1964.39,63
1964.491,63
1964.591,55
1964.692,56
1964.793,61
1964.893,60
1964.994,63
1965.095,65
1965.195,62
1965.296,67
1965.397,71
1965.497,76
1965.598,73
1965.699,76
1965.8,75
1965.9,74
1966.001,74
1966.102,75
1966.202,75
1966.303,70
1966.404,70
1966.505,67
1966.605,70
1966.706,73
1966.807,74
1966.907,76
1967.008,70
1967.109,71
1967.21,76
1967.31,84
1967.411,82
1967.512,75
1967.613,72
1967.713,70
1967.814,68
1967.915,64
1968.016,60
1968.116,59
1968.217,58
1968.318,53
1968.419,53
1968.519,52
1968.62,52
1968.721,55
1968.822,56
1968.923,54
1969.023,64
1969.124,72
1969.225,70
1969.326,74
1969.426,75
1969.527,77
1969.628,74
1969.729,69
1969.83,64
1969.93,68
1970.031,67
1970.132,71
1970.233,77
1970.334,74
1970.435,79
1970.535,85
1970.636,81
1970.737,81
1970.838,81
1970.939,80
1971.04,79
1971.14,75
1971.241,81
1971.342,87
1971.443,92
1971.544,97
1971.645,92
1971.745,89
1971.846,85
1971.947,77
1972.048,79
1972.149,78
1972.25,81
1972.351,80
1972.451,80
1972.552,86
1972.653,85
1972.754,83
1972.855,84
1972.956,84
1973.057,86
1973.158,87
1973.259,84
1973.359,82
1973.46,75
1973.561,73
1973.662,70
1973.763,70
1973.864,70
1973.965,75
1974.066,79
1974.167,81
1974.268,89
1974.369,91
1974.469,88
1974.57,84
1974.671,89
1974.772,91
1974.873,95
1974.974,102
1975.075,93
1975.176,93
1975.277,91
1975.378,90
1975.479,93
1975.58,91
1975.681,88
1975.782,80
1975.883,82
1975.984,84
1976.085,84
1976.186,84
1976.287,82
1976.388,85
1976.489,85
1976.59,82
1976.69,79
1976.791,70
1976.892,66
1976.993,67
1977.094,67
1977.195,69
1977.296,68
1977.397,69
1977.498,70
1977.599,73
1977.7,74
1977.801,76
1977.902,71
1978.004,66
1978.105,69
1978.206,65
1978.307,66
1978.408,61
1978.509,58
1978.61,57
1978.711,61
1978.812,63
1978.913,57
1979.014,58
1979.115,59
1979.216,56
1979.317,61
1979.418,63
1979.519,61
1979.62,66
1979.721,66
1979.822,65
1979.923,60
1980.024,59
1980.125,60
1980.227,64
1980.328,65
1980.429,69
1980.53,70
1980.631,66
1980.732,76
1980.833,75
1980.934,76
1981.035,78
1981.136,81
1981.237,81
1981.339,82
1981.44,81
1981.541,75
1981.642,77
1981.743,75
1981.844,78
1981.945,80
1982.046,82
1982.147,72
1982.249,64
1982.35,57
1982.451,52
1982.552,62
1982.653,64
1982.754,64
1982.855,73
1982.957,73
1983.058,76
1983.159,85
1983.26,84
1983.361,80
1983.462,80
1983.564,80
1983.665,72
1983.766,71
1983.867,72
1983.968,63
1984.069,65
1984.171,69
1984.272,73
1984.373,69
1984.474,72
1984.575,64
1984.676,58
1984.778,58
1984.879,48
1984.98,46
1985.081,43
1985.182,40
1985.284,41
1985.385,43
1985.486,46
1985.587,53
1985.689,59
1985.79,68
1985.891,70
1985.992,72
1986.093,83
1986.195,81
1986.296,81
1986.397,85
1986.498,80
1986.6,81
1986.701,83
1986.802,77
1986.903,68
1987.005,72
1987.106,68
1987.207,62
1987.308,56
1987.41,56
1987.511,58
1987.612,59
1987.713,60
1987.815,60
1987.916,54
1988.017,55
1988.119,57
1988.22,53
1988.321,61
1988.422,63
1988.524,71
1988.625,74
1988.726,81
1988.828,85
1988.929,90
1989.03,92
1989.132,86
1989.233,84
1989.334,85
1989.435,87
1989.537,87
1989.638,80
1989.739,87
1989.841,95
1989.942,102
1990.043,105
1990.145,110
1990.246,106
1990.347,101
1990.449,99
1990.55,89
1990.651,83
1990.753,80
1990.854,87
1990.956,84
1991.057,83
1991.158,87
1991.26,80
1991.361,76
1991.462,84
1991.564,78
1991.665,74
1991.766,72
1991.868,72
1991.969,69
1992.071,73
1992.172,72
1992.273,76
1992.375,81
1992.476,85
1992.578,83
1992.679,78
1992.78,76
1992.882,75
1992.983,71
1993.085,71
1993.186,68
1993.287,59
1993.389,54
1993.49,48
1993.592,48
1993.693,50
1993.795,49
1993.896,60
1993.997,63
1994.099,64
1994.2,69
1994.302,64
1994.403,67
1994.505,63
1994.606,60
1994.708,59
1994.809,65
1994.91,60
1995.012,68
1995.113,71
1995.215,63
1995.316,70
1995.418,74
1995.519,70
1995.621,70
1995.722,76
1995.824,65
1995.925,66
1996.027,67
1996.128,64
1996.23,65
1996.331,68
1996.433,67
1996.534,61
1996.636,71
1996.737,77
1996.839,77
1996.94,73
1997.042,69
1997.143,65
1997.245,66
1997.346,68
1997.448,71
1997.549,76
1997.651,75
1997.752,68
1997.854,68
1997.955,71
1998.057,68
1998.158,75
1998.26,76
1998.362,76
1998.463,83
1998.565,80
1998.666,80
1998.768,83
1998.869,89
1998.971,97
1999.072,103
1999.174,98
1999.276,93
1999.377,88
1999.479,80
1999.58,85
1999.682,84
1999.784,85
1999.885,76
1999.987,78
2000.088,78
2000.19,75
2000.291,79
2000.393,71
2000.495,68
2000.596,69
2000.698,80
2000.799,92
2000.901,96
2001.003,107
2001.104,111
2001.206,116
2001.308,121
2001.409,119
2001.511,111
2001.612,107
2001.714,102
2001.816,89
2001.917,85
2002.019,84
2002.121,80
2002.222,81
2002.324,83
2002.426,87
2002.527,93
2002.629,92
2002.731,88
2002.832,82
2002.934,76
2003.036,71
2003.137,66
2003.239,61
2003.341,65
2003.442,64
2003.544,70
2003.646,74
2003.747,78
2003.849,80
2003.951,78
2004.052,74
2004.154,72
2004.256,79
2004.358,82
2004.459,84
2004.561,83
2004.663,76
2004.764,78
2004.866,81
2004.968,81
2005.07,74
2005.171,75
2005.273,71
2005.375,68
2005.476,70
2005.578,65
2005.68,63
2005.782,65
2005.883,67
2005.985,64
2006.087,68
2006.189,65
2006.29,65
2006.392,64
2006.494,63
2006.596,62
2006.697,65
2006.799,72
2006.901,76
2007.003,77
2007.105,80
2007.206,82
2007.308,85
2007.41,84
2007.512,84
2007.613,84
2007.715,82
2007.817,86
2007.919,83
2008.021,76
2008.122,70
2008.224,63
2008.326,65
2008.428,59
2008.53,63
2008.631,69
2008.733,60
2008.835,58
2008.937,53
2009.039,46
2009.141,51
2009.242,58
2009.344,62
2009.446,63
2009.548,62
2009.65,65
2009.752,67
2009.853,73
2009.955,72
2010.057,75
2010.159,73
2010.261,68
2010.363,76
2010.465,78
2010.566,79
2010.668,84
2010.77,90
2010.872,91
2010.974,90
2011.076,95
2011.178,95
2011.28,81
2011.381,77
2011.483,69
2011.585,58
2011.687,64
2011.789,65
2011.891,74
2011.993,81
2012.095,84
2012.197,84
2012.299,87
2012.4,86
2012.502,82
2012.604,85
2012.706,76
2012.808,72
2012.91,69
2013.012,72
2013.114,67
2013.216,67
2013.318,69
2013.42,63
2013.522,64
2013.624,60
2013.726,57
2013.828,69
2013.929,77
2014.031,80
2014.133,79
2014.235,80
2014.337,75
2014.439,78
2014.541,82
2014.643,76
2014.745,82
2014.847,77
2014.949,82
2015.051,73
2015.153,70
2015.255,71
2015.357,73
2015.459,77
2015.561,79
2015.663,76
2015.765,67
2015.867,66
2015.969,57
2016.071,54
2016.173,47
2016.275,43
2016.377,41
2016.479,41
2016.581,39
2016.683,41
2016.785,38
2016.887,41
2016.989,49
2017.091,54
2017.193,60
2017.295,67
2017.397,73
2017.499,83
2017.601,86
2017.704,86
2017.806,87
2017.908,81
2018.01,81
2018.112,75
2018.214,77
2018.316,84
2018.418,84
2018.52,87
2018.622,81
2018.724,87
2018.826,89
2018.928,94
2019.03,105
2019.132,102
2019.235,101
2019.337,106
2019.439,104
2019.541,104
2019.643,112
2019.745,112
2019.847,110
2019.949,108
2020.051,105
2020.153,112
2020.256,115
2020.358,123
2020.46,131
2020.562,124
2020.664,127
2020.766,124
2020.868,120
2020.97,116
2021.073,104
2021.175,105
2021.277,101
2021.379,107
2021.481,119
2021.583,120
2021.685,116
2021.788,114
2021.89,113
2021.992,113
2022.094,116
2022.196,121
2022.298,125
2022.401,129
2022.503,138
2022.605,142
2022.707,146
2022.809,143
2022.912,132
2023.014,122
2023.116,114
2023.218,111
2023.32,118
2023.422,120
2023.525,121
2023.627,127
2023.729,130
2023.831,137
2023.934,139
2024.036,122
2024.138,113
2024.24,108
2024.342,107
2024.445,98
2024.547,96
2024.649,94
2024.751,98
2024.854,92
2024.956,88
2025.058,82
2025.16,76
2025.262,76
2025.365,75
2025.467,72
2025.569,62
2025.671,70
2025.774,80
2025.876,86
2025.978,92
2026.081,90
2026.183,86
2026.285,83
2026.387,83
2026.49,78
2026.592,75
2026.694,73
2026.796,67
2026.899,84
2027.001,90
2027.103,100
2027.206,109
2027.308,107
2027.41,107
2027.513,108
2027.615,111
2027.717,109
2027.819,102
2027.922,100
2028.024,98
2028.126,91
2028.229,87
2028.331,76
2028.433,68
2028.536,70
2028.638,72
2028.74,73
2028.843,77
2028.945,73
2029.047,78
2029.15,77
2029.252,74
2029.354,78
2029.457,77
2029.559,76
2029.662,67
2029.764,71
2029.866,70
2029.969,73
2030.071,80
2030.173,71
2030.276,70
2030.378,67
2030.48,62
2030.583,65
2030.685,65
2030.788,66
2030.89,64
2030.992,59
2031.095,57
2031.197,57
2031.3,53
2031.402,67
2031.504,76
2031.607,77
2031.709,79
2031.812,71
2031.914,66
2032.016,69
2032.119,70
2032.221,69
2032.324,67
2032.426,65
2032.529,55
2032.631,62
2032.733,66
2032.836,65
2032.938,67
2033.041,70
2033.143,73
2033.246,78
2033.348,81
2033.451,79
2033.553,82
2033.656,83
2033.758,90
2033.86,81
2033.963,75
2034.065,71
2034.168,66
2034.27,71
2034.373,68
2034.475,59
2034.578,53
2034.68,54
2034.783,56
2034.885,64
2034.988,65
2035.09,60
2035.193,59
2035.295,65
2035.398,59
2035.5,60
2035.603,66
2035.705,65
2035.808,69
2035.91,74
2036.013,70
2036.115,71
2036.218,68
2036.32,68
2036.423,69
2036.526,71
2036.628,74
2036.731,73
2036.833,69
2036.936,66
2037.038,64
2037.141,60
2037.243,63
2037.346,53
2037.448,55
2037.551,59
2037.654,56
2037.756,61
2037.859,61
2037.961,60
2038.064,58
2038.166,56
2038.269,59
2038.372,64
2038.474,60
2038.577,66
2038.679,62
2038.782,69
2038.885,65
2038.987,62
2039.09,68
2039.192,76
2039.295,85
2039.398,90
2039.5,90
2039.603,80
2039.705,80
2039.808,71
2039.911,60
2040.013,51
2040.116,51
2040.219,42
2040.321,45
2040.424,50
2040.526,45
2040.629,45
2040.732,46
2040.834,42
2040.937,47
2041.04,51
2041.142,47
2041.245,52
2041.348,52
2041.45,54
2041.553,61
2041.656,62
2041.758,64
2041.861,71
2041.964,71
2042.066,72
2042.169,72
2042.272,70
2042.374,70
2042.477,70
2042.58,66
2042.682,62
2042.785,60
2042.888,63
2042.991,66
2043.093,64
2043.196,72
2043.299,65
2043.401,61
2043.504,65
2043.607,70
2043.71,79
2043.812,87
2043.915,91
2044.018,88
2044.12,79
2044.223,75
2044.326,70
2044.429,71
2044.531,70
2044.634,69
2044.737,77
2044.84,74
2044.942,78
2045.045,82
2045.148,77
2045.251,84
2045.353,79
2045.456,78
2045.559,71
2045.662,62
2045.764,68
2045.867,67
2045.97,71
2046.073,67
2046.176,60
2046.278,64
2046.381,65
2046.484,61
2046.587,71
2046.69,76
2046.792,78
2046.895,81
2046.998,78
2047.101,75
2047.204,72
2047.306,71
2047.409,67
2047.512,72
2047.615,72
2047.718,75
2047.821,78
2047.923,83
2048.026,83
2048.129,84
2048.232,86
2048.335,77
2048.438,79
2048.54,82
2048.643,78
2048.746,79
2048.849,77
2048.952,75
2049.055,68
2049.157,70
2049.26,66
2049.363,77
2049.466,77
2049.569,73
2049.672,69
2049.775,64
2049.878,57
2049.98,57
2050.083,61
2050.186,55
2050.289,56
2050.392,56
2050.495,57
2050.598,53
2050.701,47
2050.804,48
2050.907,49
2051.009,51
2051.112,60
2051.215,60
2051.318,61
2051.421,63
2051.524,59
2051.627,54
2051.73,52
2051.833,56
2051.936,55
2052.039,58
2052.142,66
2052.245,70
2052.347,70
2052.45,73
2052.553,70
2052.656,62
2052.759,60
2052.862,60
2052.965,59
2053.068,56
2053.171,64
2053.274,68
2053.377,74
2053.48,87
2053.583,84
2053.686,93
2053.789,88
2053.892,89
2053.995,84
2054.098,73
2054.201,68
2054.304,66
2054.407,64
2054.51,68
2054.613,75
2054.716,72
2054.819,70
2054.922,72
2055.025,72
2055.128,72
2055.231,71
2055.334,69
2055.437,60
2055.54,61
2055.643,64
2055.746,58
2055.849,62
2055.952,55
2056.055,59
2056.158,58
2056.261,57
2056.364,60
2056.467,59
2056.57,57
2056.673,55
2056.776,51
2056.88,50
2056.983,53
2057.086,52
2057.189,55
2057.292,52
2057.395,60
2057.498,70
2057.601,72
2057.704,75
2057.807,76
2057.91,78
2058.013,85
2058.116,91
2058.22,93
2058.323,89
2058.426,84
2058.529,87
2058.632,87
2058.735,83
2058.838,79
2058.941,77
2059.044,75
2059.147,70
2059.251,66
2059.354,57
2059.457,57
2059.56,59
2059.663,57
2059.766,54
2059.869,50
2059.972,44
2060.076,49
2060.179,53
2060.282,54
2060.385,56
2060.488,62
2060.591,63
2060.695,67
2060.798,73
2060.901,72
2061.004,71
2061.107,72
2061.21,69
2061.314,68
2061.417,64
2061.52,63
2061.623,61
2061.726,56
2061.829,55
2061.933,52
2062.036,56
2062.139,55
2062.242,59
2062.345,64
2062.449,60
2062.552,65
2062.655,66
2062.758,62
2062.861,57
2062.965,53
2063.068,52
2063.171,55
2063.274,61
2063.377,63
2063.481,65
2063.584,66
2063.687,63
2063.79,58
2063.894,54
2063.997,49
2064.1,50
2064.203,50
2064.307,52
2064.41,47
2064.513,38
2064.616,44
2064.72,45
2064.823,50
2064.926,48
2065.029,54
2065.133,57
2065.236,57
2065.339,60
2065.443,54
2065.546,55
2065.649,55
2065.752,63
2065.856,67
2065.959,76
2066.062,81
2066.166,75
2066.269,75
2066.372,74
2066.475,74
2066.579,76
2066.682,72
2066.785,62
2066.889,56
2066.992,52
2067.095,52
2067.199,49
2067.302,49
2067.405,56
2067.509,61
2067.612,68
2067.715,69
2067.819,72
2067.922,73
2068.025,64
2068.129,60
2068.232,60
2068.335,55
2068.439,52
2068.542,46
2068.645,45
2068.749,37
2068.852,38
2068.956,46
2069.059,46
2069.162,51
2069.266,60
2069.369,58
2069.472,62
2069.576,67
2069.679,70
2069.783,68
2069.886,68
2069.989,59
2070.093,58
2070.196,58
2070.3,53
2070.403,51
2070.506,53
2070.61,51
2070.713,52
2070.817,59
2070.92,58
2071.023,61
2071.127,60
2071.23,66
2071.334,67
2071.437,65
2071.541,64
2071.644,56
2071.747,61
2071.851,62
2071.954,58
2072.058,60
2072.161,53
2072.265,54
2072.368,57
2072.472,46
2072.575,50
2072.679,47
2072.782,48
2072.885,53
2072.989,55
2073.092,60
2073.196,65
2073.299,71
2073.403,69
2073.506,73
2073.61,68
2073.713,61
2073.817,60
2073.92,54
2074.024,54
2074.127,52
2074.231,46
2074.334,47
2074.438,53
2074.541,51
2074.645,62
2074.748,62
2074.852,61
2074.955,71
2075.059,67
2075.162,66
2075.266,67
2075.369,73
2075.473,69
2075.577,63
2075.68,57
2075.784,59
2075.887,55
2075.991,53
2076.094,57
2076.198,55
2076.301,61
2076.405,65
2076.509,66
2076.612,65
2076.716,65
2076.819,62
2076.923,65
2077.026,64
2077.13,64
2077.233,66
2077.337,57
2077.441,53
2077.544,59
2077.648,55
2077.751,58
2077.855,54
2077.959,49
2078.062,52
2078.166,58
2078.269,62
2078.373,65
2078.477,68
2078.58,65
2078.684,64
2078.787,65
2078.891,63
2078.995,58
2079.098,63
2079.202,63
2079.306,58
2079.409,59
2079.513,58
2079.617,53
2079.72,54
2079.824,62
2079.927,58
2080.031,62
2080.135,63
2080.238,55
2080.342,63
2080.446,60
2080.549,61
2080.653,66
2080.757,64
2080.86,69
2080.964,66
2081.068,71
2081.171,73
2081.275,70
2081.379,75
2081.482,71
2081.586,68
2081.69,63
2081.794,57
2081.897,50
2082.001,46
2082.105,52
2082.208,52
2082.312,55
2082.416,58
2082.52,63
2082.623,69
2082.727,68
2082.831,64
2082.934,57
2083.038,63
2083.142,65
2083.246,65
2083.349,67
2083.453,60
2083.557,58
2083.661,55
2083.764,53
2083.868,46
2083.972,44
2084.076,43
2084.179,46
2084.283,49
2084.387,54
2084.491,57
2084.594,58
2084.698,51
2084.802,47
2084.906,48
2085.009,50
2085.113,66
2085.217,72
2085.321,82
2085.425,84
2085.528,87
2085.632,84
2085.736,86
2085.84,89
2085.944,81
2086.047,76
2086.151,67
2086.255,63
2086.359,57
2086.463,55
2086.566,58
2086.67,56
2086.774,62
2086.878,68
2086.982,74
2087.086,85
2087.189,89
2087.293,91
2087.397,80
2087.501,67
2087.605,59
2087.709,58
2087.812,62
2087.916,56
2088.02,57
2088.124,52
2088.228,53
2088.332,56
2088.436,61
2088.539,64
2088.643,60
2088.747,66
2088.851,65
2088.955,63
2089.059,60
2089.163,57
2089.267,58
2089.37,57
2089.474,60
2089.578,55
2089.682,59
2089.786,56
2089.89,47
2089.994,49
2090.098,48
2090.202,52
2090.306,59
2090.409,59
2090.513,62
2090.617,65
2090.721,67
2090.825,71
2090.929,82
2091.033,84
2091.137,82
2091.241,81
2091.345,78
2091.449,76
2091.553,71
2091.657,74
2091.761,78
2091.865,77
2091.969,82
2092.072,82
2092.176,76
2092.28,74
2092.384,63
2092.488,59
2092.592,67
2092.696,72
2092.8,77
2092.904,83
2093.008,83
2093.112,80
2093.216,83
2093.32,88
2093.424,89
2093.528,87
2093.632,81
2093.736,76
2093.84,74
2093.944,74
2094.048,74
2094.152,75
2094.256,73
2094.36,76
2094.464,78
2094.568,76
2094.672,76
2094.776,73
2094.88,72
2094.984,71
2095.088,72
2095.192,73
2095.296,75
2095.4,78
2095.505,74
2095.609,76
2095.713,82
2095.817,87
2095.921,91
2096.025,91
2096.129,99
2096.233,99
2096.337,100
2096.441,100
2096.545,96
2096.649,93
2096.753,90
2096.857,94
2096.961,91
2097.065,94
2097.17,91
2097.274,87
2097.378,89
2097.482,92
2097.586,95
2097.69,91
2097.794,82
2097.898,83
2098.002,83
2098.106,85
2098.211,88
2098.315,83
2098.419,83
2098.523,86
2098.627,84
2098.731,77
2098.835,74
2098.939,70
2099.044,74
2099.148,75
2099.252,76
2099.356,83
2099.46,81
2099.564,89
2099.668,89
2099.773,88
2099.877,86
2099.981,79
2100.085,86
2100.189,88
2100.293,78
2100.398,80
2100.502,77
2100.606,74
2100.71,71
2100.814,71
2100.918,70
2101.023,69
2101.127,60
2101.231,60
2101.335,59
2101.439,57
2101.544,60
2101.648,56
2101.752,51
2101.856,49
2101.96,52
2102.065,52
2102.169,50
2102.273,51
2102.377,52
2102.481,60
2102.586,64
2102.69,68
2102.794,68
2102.898,67
2103.003,68
2103.107,72
2103.211,74
2103.315,72
2103.42,68
2103.524,65
2103.628,69
2103.732,74
2103.837,70
2103.941,64
2104.045,59
2104.149,65
2104.254,70
2104.358,80
2104.462,79
2104.566,76
2104.671,78
2104.775,77
2104.879,76
2104.984,78
2105.088,79
2105.192,74
2105.296,78
2105.401,70
2105.505,69
2105.609,65
2105.714,60
2105.818,69
2105.922,72
2106.027,76
2106.131,81
2106.235,76
2106.34,75
2106.444,73
2106.548,72
2106.652,68
2106.757,71
2106.861,70
2106.965,67
2107.07,74
2107.174,77
2107.279,72
2107.383,73
2107.487,65
2107.592,58
2107.696,63
2107.8,77
2107.905,73
2108.009,71
2108.113,72
2108.218,69
2108.322,68
2108.426,67
2108.531,63
2108.635,56
2108.74,61
2108.844,62
2108.948,59
2109.053,55
2109.157,47
2109.262,41
2109.366,48
2109.47,47
2109.575,47
2109.679,46
2109.784,43
2109.888,44
2109.992,44
2110.097,45
2110.201,46
2110.306,47
2110.41,50
2110.514,54
2110.619,53
2110.723,61
2110.828,59
2110.932,59
2111.037,57
2111.141,48
2111.245,55
2111.35,56
2111.454,58
2111.559,60
2111.663,63
2111.768,60
2111.872,66
2111.977,66
2112.081,67
2112.186,67
2112.29,68
2112.395,65
2112.499,63
2112.603,66
2112.708,60
2112.812,61
2112.917,62
2113.021,59
2113.126,57
2113.23,52
2113.335,52
2113.439,56
2113.544,65
2113.648,68
2113.753,75
2113.857,74
2113.962,78
2114.066,85
2114.171,79
2114.275,85
2114.38,81
2114.485,79
2114.589,71
2114.694,66
2114.798,53
2114.903,47
2115.007,53
2115.112,56
2115.216,56
2115.321,60
2115.425,55
2115.53,55
2115.634,60
2115.739,57
2115.844,65
2115.948,66
2116.053,64
2116.157,59
2116.262,58
2116.366,56
2116.471,49
2116.576,48
2116.68,47
2116.785,45
2116.889,45
2116.994,52
2117.099,48
2117.203,53
2117.308,53
2117.412,51
2117.517,59
2117.622,62
2117.726,68
2117.831,70
2117.935,66
2118.04,58
2118.145,54
2118.249,44
2118.354,46
2118.458,49
2118.563,55
2118.668,50
2118.772,52
2118.877,55
2118.982,51
2119.086,66
2119.191,74
2119.296,83
2119.4,78
2119.505,75
2119.61,64
2119.714,61
2119.819,62
2119.923,68
2120.028,69
2120.133,65
2120.237,70
2120.342,67
2120.447,66
2120.552,67
2120.656,61
2120.761,68
2120.866,67
2120.97,65
2121.075,66
2121.18,63
2121.284,66
2121.389,68
2121.494,66
2121.598,60
2121.703,58
2121.808,58
2121.913,61
2122.017,66
2122.122,70
2122.227,78
2122.331,81
2122.436,79
2122.541,75
2122.646,68
2122.75,68
2122.855,64
2122.96,61
2123.065,58
2123.169,51
2123.274,56
2123.379,57
2123.484,67
2123.588,69
2123.693,70
2123.798,71
2123.903,69
2124.007,69
2124.112,62
2124.217,60
2124.322,55
2124.426,53
2124.531,50
2124.636,51
2124.741,54
2124.846,54
2124.95,49
2125.055,44
2125.16,41
2125.265,40
2125.37,42
2125.474,50
2125.579,45
2125.684,53
2125.789,54
2125.894,55
2125.998,59
2126.103,62
2126.208,58
2126.313,60
2126.418,65
2126.523,53
2126.627,50
2126.732,47
2126.837,52
2126.942,57
2127.047,58
2127.152,60
2127.256,57
2127.361,61
2127.466,69
2127.571,72
2127.676,79
2127.781,83
2127.886,79
2127.99,76
2128.095,73
2128.2,71
2128.305,57
2128.41,56
2128.515,53
2128.62,50
2128.725,40
2128.829,49
2128.934,55
2129.039,55
2129.144,62
2129.249,54
2129.354,48
2129.459,48
2129.564,47
2129.669,53
2129.774,57
2129.879,63
2129.983,65
2130.088,68
2130.193,65
2130.298,64
2130.403,66
2130.508,62
2130.613,61
2130.718,64
2130.823,63
2130.928,61
2131.033,60
2131.138,60
2131.243,60
2131.348,56
2131.453,57
2131.557,59
2131.662,58
2131.767,56
2131.872,54
2131.977,50
2132.082,43
2132.187,46
2132.292,45
2132.397,41
2132.502,40
2132.607,42
2132.712,45
2132.817,46
2132.922,46
2133.027,44
2133.132,43
2133.237,44
2133.342,47
2133.447,42
2133.552,46
2133.657,51
2133.762,57
2133.867,62
2133.972,64
2134.077,60
2134.182,55
2134.287,54
2134.392,53
2134.497,57
2134.602,64
2134.707,66
2134.812,67
2134.917,67
2135.023,70
2135.128,78
2135.233,77
2135.338,77
2135.443,78
2135.548,70
2135.653,67
2135.758,66
2135.863,56
2135.968,56
2136.073,50
2136.178,52
2136.283,52
2136.388,58
2136.493,57
2136.599,53
2136.704,51
2136.809,49
2136.914,52
2137.019,58
2137.124,58
2137.229,57
2137.334,61
2137.439,59
2137.544,61
2137.649,59
2137.755,52
2137.86,51
2137.965,49
2138.07,47
2138.175,45
2138.28,42
2138.385,39
2138.49,41
2138.596,43
2138.701,48
2138.806,47
2138.911,48
2139.016,49
2139.121,52
2139.226,59
2139.332,61
2139.437,63
2139.542,62
2139.647,62
2139.752,55
2139.857,56
2139.963,56
2140.068,60
2140.173,65
2140.278,65
2140.383,68
2140.488,74
2140.594,77
2140.699,82
2140.804,75
2140.909,73
2141.014,74
2141.12,72
2141.225,71
2141.33,70
2141.435,64
2141.54,59
2141.646,52
2141.751,55
2141.856,50
2141.961,52
2142.066,55
2142.172,54
2142.277,60
2142.382,62
2142.487,59
2142.593,56
2142.698,62
2142.803,64
2142.908,69
2143.014,68
2143.119,64
2143.224,60
2143.329,57
2143.435,62
2143.54,58
2143.645,59
2143.75,55
2143.856,54
2143.961,51
2144.066,50
2144.171,53
2144.277,50
2144.382,56
2144.487,54
2144.593,54
2144.698,48
2144.803,49
2144.908,53
2145.014,59
2145.119,58
2145.224,57
2145.33,57
2145.435,54
2145.54,45
2145.646,48
2145.751,48
2145.856,48
2145.962,52
2146.067,45
2146.172,42
2146.277,48
2146.383,54
2146.488,61
2146.593,65
2146.699,66
2146.804,68
2146.91,68
2147.015,66
2147.12,57
2147.226,58
2147.331,59
2147.436,54
2147.542,62
2147.647,68
2147.752,68
2147.858,64
2147.963,60
2148.068,63
2148.174,62
2148.279,64
2148.385,66
2148.49,66
2148.595,64
2148.701,65
2148.806,67
2148.912,60
2149.017,58
2149.122,59
2149.228,54
2149.333,58
2149.439,59
2149.544,56
2149.649,50
2149.755,50
2149.86,53
2149.966,58
2150.071,62
2150.176,62
2150.282,63
2150.387,66
2150.493,70
2150.598,73
2150.704,71
2150.809,69
2150.914,64
2151.02,63
2151.125,63
2151.231,58
2151.336,60
2151.442,52
2151.547,54
2151.653,56
2151.758,57
2151.864,59
2151.969,59
2152.075,59
2152.18,59
2152.285,58
2152.391,55
2152.496,58
2152.602,55
2152.707,61
2152.813,60
2152.918,59
2153.024,55
2153.129,46
2153.235,39
2153.34,34
2153.446,37
2153.551,38
2153.657,48
2153.762,57
2153.868,66
2153.973,82
2154.079,80
2154.185,72
2154.29,68
2154.396,60
2154.501,60
2154.607,54
2154.712,53
2154.818,53
2154.923,48
2155.029,50
2155.134,52
2155.24,50
2155.345,52
2155.451,54
2155.557,51
2155.662,56
2155.768,54
2155.873,55
2155.979,60
2156.084,59
2156.19,60
2156.296,67
2156.401,71
2156.507,69
2156.612,71
2156.718,67
2156.824,59
2156.929,48
2157.035,45
2157.14,42
2157.246,43
2157.352,51
2157.457,53
2157.563,56
2157.668,61
2157.774,63
2157.88,62
2157.985,63
2158.091,63
2158.196,65
2158.302,69
2158.408,63
2158.513,64
2158.619,58
2158.725,55
2158.83,57
2158.936,57
2159.042,60
2159.147,72
2159.253,81
2159.359,87
2159.464,81
2159.57,80
2159.675,76
2159.781,78
2159.887,71
2159.992,62
2160.098,55
2160.204,50
2160.31,60
2160.415,62
2160.521,65
2160.627,63
2160.732,60
2160.838,54
2160.944,54
2161.049,47
2161.155,53
2161.261,56
2161.366,54
2161.472,58
2161.578,53
2161.684,54
2161.789,55
2161.895,53
2162.001,55
2162.106,51
2162.212,44
2162.318,50
2162.424,43
2162.529,41
2162.635,43
2162.741,37
2162.847,44
2162.952,47
2163.058,49
2163.164,50
2163.27,52
2163.375,51
2163.481,56
2163.587,65
2163.693,70
2163.798,71
2163.904,65
2164.01,63
2164.116,59
2164.221,57
2164.327,62
2164.433,56
2164.539,65
2164.645,63
2164.75,63
2164.856,61
2164.962,53
2165.068,56
2165.174,54
2165.279,59
2165.385,66
2165.491,72
2165.597,77
2165.703,79
2165.808,87
2165.914,87
2166.02,89
2166.126,92
2166.232,88
2166.338,83
2166.443,76
2166.549,65
2166.655,60
2166.761,56
2166.867,57
2166.973,58
2167.078,64
2167.184,66
2167.29,68
2167.396,69
2167.502,65
2167.608,66
2167.714,65
2167.819,64
2167.925,66
2168.031,70
2168.137,75
2168.243,75
2168.349,80
2168.455,73
2168.561,67
2168.666,70
2168.772,67
2168.878,68
2168.984,67
2169.09,59
2169.196,57
2169.302,55
2169.408,53
2169.514,51
2169.62,49
2169.726,51
2169.831,51
2169.937,54
2170.043,55
2170.149,66
2170.255,69
2170.361,76
2170.467,83
2170.573,81
2170.679,79
2170.785,75
2170.891,78
2170.997,69
2171.103,68
2171.209,63
2171.315,56
2171.421,48
2171.526,42
2171.632,42
2171.738,38
2171.844,43
2171.95,47
2172.056,45
2172.162,47
2172.268,46
2172.374,52
2172.48,58
2172.586,67
2172.692,69
2172.798,73
2172.904,70
2173.01,64
2173.116,62
2173.222,56
2173.328,54
2173.434,49
2173.54,43
2173.646,47
2173.752,40
2173.858,40
2173.964,48
2174.07,49
2174.176,50
2174.282,57
2174.388,56
2174.494,55
2174.6,57
2174.706,65
2174.813,66
2174.919,61
2175.025,61
2175.131,48
2175.237,49
2175.343,51
2175.449,52
2175.555,49
2175.661,47
2175.767,47
2175.873,58
2175.979,59
2176.085,62
2176.191,62
2176.297,60
2176.403,74
2176.51,81
2176.616,79
2176.722,74
2176.828,73
2176.934,66
2177.04,59
2177.146,58
2177.252,54
2177.358,56
2177.464,58
2177.571,57
2177.677,55
2177.783,52
2177.889,51
2177.995,48
2178.101,46
2178.207,50
2178.313,54
2178.419,60
2178.526,66
2178.632,59
2178.738,58
2178.844,52
2178.95,48
2179.056,51
2179.162,48
2179.269,48
2179.375,43
2179.481,42
2179.587,44
2179.693,48
2179.799,50
2179.906,42
2180.012,37
2180.118,40
2180.224,39
2180.33,43
2180.436,44
2180.543,45
2180.649,50
2180.755,53
2180.861,59
2180.967,55
2181.074,56
2181.18,56
2181.286,53
2181.392,53
2181.498,52
2181.605,53
2181.711,46
2181.817,45
2181.923,45
2182.03,45
2182.136,47
2182.242,53
2182.348,53
2182.454,55
2182.561,54
2182.667,54
2182.773,55
2182.879,58
2182.986,61
2183.092,57
2183.198,52
2183.304,48
2183.411,45
2183.517,41
2183.623,42
2183.729,41
2183.836,45
2183.942,46
2184.048,51
2184.155,51
2184.261,47
2184.367,54
2184.473,59
2184.58,62
2184.686,66
2184.792,62
2184.899,64
2185.005,60
2185.111,52
2185.217,57
2185.324,52
2185.43,57
2185.536,58
2185.643,55
2185.749,56
2185.855,62
2185.962,68
2186.068,68
2186.174,61
2186.281,54
2186.387,51
2186.493,48
2186.6,40
2186.706,37
2186.812,29
2186.919,35
2187.025,40
2187.131,46
2187.238,46
2187.344,48
2187.45,57
2187.557,58
2187.663,57
2187.769,54
2187.876,55
2187.982,60
2188.089,61
2188.195,67
2188.301,65
2188.408,64
2188.514,61
2188.62,55
2188.727,44
2188.833,42
2188.94,45
2189.046,41
2189.152,49
2189.259,49
2189.365,56
2189.472,64
2189.578,73
2189.684,69
2189.791,69
2189.897,71
2190.004,70
2190.11,70
2190.217,65
2190.323,65
2190.429,63
2190.536,58
2190.642,61
2190.749,60
2190.855,51
2190.962,58
2191.068,56
2191.174,54
2191.281,57
2191.387,57
2191.494,53
2191.6,55
2191.707,58
2191.813,52
2191.92,47
2192.026,43
2192.133,50
2192.239,51
2192.346,55
2192.452,61
2192.559,54
2192.665,57
2192.772,57
2192.878,53
2192.985,55
2193.091,52
2193.198,47
2193.304,51
2193.411,50
2193.517,50
2193.624,48
2193.73,45
2193.837,50
2193.943,49
2194.05,44
2194.156,41
2194.263,41
2194.369,41
2194.476,44
2194.582,47
2194.689,46
2194.795,47
2194.902,48
2195.008,46
2195.115,50
2195.221,56
2195.328,55
2195.435,55
2195.541,60
2195.648,54
2195.754,50
2195.861,53
2195.967,45
2196.074,47
2196.181,52
2196.287,55
2196.394,56
2196.5,55
2196.607,51
2196.713,48
2196.82,49
2196.927,49
2197.033,49
2197.14,45
2197.246,47
2197.353,49
2197.46,52
2197.566,53
2197.673,56
2197.779,60
2197.886,61
2197.993,58
2198.099,62
2198.206,59
2198.313,53
2198.419,54
2198.526,55
2198.632,51
2198.739,50
2198.846,51
2198.952,41
2199.059,43
2199.166,43
2199.272,45
2199.379,42
2199.486,40
2199.592,47
2199.699,47
2199.806,48
2199.912,54
2200.019,47
2200.126,48
2200.232,45
2200.339,44
2200.446,49
2200.552,53
2200.659,58
2200.766,65
2200.872,61
2200.979,61
2201.086,60
2201.193,54
2201.299,52
2201.406,55
2201.513,55
2201.619,53
2201.726,55
2201.833,62
2201.939,58
2202.046,64
2202.153,68
2202.26,64
2202.366,67
2202.473,66
2202.58,66
2202.687,59
2202.793,58
2202.9,58
2203.007,52
2203.114,57
2203.22,65
2203.327,68
2203.434,69
2203.541,73
2203.647,78
2203.754,83
2203.861,84
2203.968,81
2204.074,74
2204.181,67
2204.288,68
2204.395,67
2204.501,57
2204.608,62
2204.715,58
2204.822,62
2204.929,64
2205.035,62
2205.142,64
2205.249,66
2205.356,70
2205.463,74
2205.569,81
2205.676,80
2205.783,79
2205.89,70
2205.997,70
2206.103,66
2206.21,65
2206.317,62
2206.424,61
2206.531,63
2206.638,66
2206.744,73
2206.851,71
2206.958,74
2207.065,73
2207.172,66
2207.279,61
2207.386,62
2207.492,64
2207.599,60
2207.706,64
2207.813,56
2207.92,52
2208.027,57
2208.134,58
2208.24,66
2208.347,66
2208.454,75
2208.561,75
2208.668,75
2208.775,73
2208.882,69
2208.989,65
2209.096,68
2209.202,76
2209.309,78
2209.416,81
2209.523,79
2209.63,80
2209.737,76
2209.844,76
2209.951,78
2210.058,85
2210.165,85
2210.272,94
2210.378,93
2210.485,88
2210.592,87
2210.699,91
2210.806,89
2210.913,87
2211.02,87
2211.127,89
2211.234,95
2211.341,96
2211.448,93
2211.555,84
2211.662,81
2211.769,79
2211.876,80
2211.983,77
2212.09,75
2212.197,72
2212.304,74
2212.411,76
2212.518,79
2212.624,75
2212.731,74
2212.838,74
2212.945,70
2213.052,72
2213.159,77
2213.266,76
2213.373,73
2213.48,77
2213.587,72
2213.694,75
2213.801,88
2213.908,97
2214.015,97
2214.123,97
2214.23,92
2214.337,76
2214.444,79
2214.551,77
2214.658,78
2214.765,84
2214.872,84
2214.979,91
2215.086,91
2215.193,94
2215.3,97
2215.407,89
2215.514,84
2215.621,80
2215.728,77
2215.835,74
2215.942,74
2216.049,67
2216.156,67
2216.263,64
2216.371,63
2216.478,62
2216.585,57
2216.692,57
2216.799,60
2216.906,65
2217.013,70
2217.12,73
2217.227,72
2217.334,74
2217.441,72
2217.549,74
2217.656,69
2217.763,69
2217.87,67
2217.977,71
2218.084,78
2218.191,84
2218.298,89
2218.405,92
2218.513,99
2218.62,108
2218.727,110
2218.834,112
2218.941,111
2219.048,121
2219.155,121
2219.263,119
2219.37,115
2219.477,110
2219.584,102
2219.691,106
2219.798,104
2219.905,97
2220.013,97
2220.12,87
2220.227,83
2220.334,70
2220.441,70
2220.548,71
2220.656,71
2220.763,70
2220.87,75
2220.977,76
2221.084,81
2221.192,92
2221.299,91
2221.406,98
2221.513,100
2221.62,109
2221.728,110
2221.835,107
2221.942,101
2222.049,96
2222.156,92
2222.264,91
2222.371,92
2222.478,80
2222.585,78
2222.693,73
2222.8,73
2222.907,72
2223.014,74
2223.122,73
2223.229,66
2223.336,69
2223.443,70
2223.551,70
2223.658,73
2223.765,77
2223.872,76
2223.98,80
2224.087,80
2224.194,84
2224.301,84
2224.409,87
2224.516,87
2224.623,89
2224.73,96
2224.838,93
2224.945,94
2225.052,99
2225.16,89
2225.267,89
2225.374,85
2225.481,82
2225.589,80
2225.696,81
2225.803,83
2225.911,76
2226.018,68
2226.125,63
2226.233,57
2226.34,52
2226.447,62
2226.555,63
2226.662,72
2226.769,78
2226.877,74
2226.984,75
2227.091,77
2227.199,81
2227.306,83
2227.413,85
2227.521,83
2227.628,73
2227.735,72
2227.843,71
2227.95,65
2228.057,66
2228.165,67
2228.272,59
2228.38,57
2228.487,54
2228.594,53
2228.702,57
2228.809,61
2228.916,75
2229.024,70
2229.131,72
2229.239,69
2229.346,76
2229.453,81
2229.561,74
2229.668,75
2229.776,68
2229.883,70
2229.99,74
2230.098,79
2230.205,81
2230.313,84
2230.42,87
2230.528,85
2230.635,73
2230.742,69
2230.85,64
2230.957,63
2231.065,62
2231.172,65
2231.28,67
2231.387,78
2231.494,88
2231.602,85
2231.709,81
2231.817,83
2231.924,83
2232.032,81
2232.139,80
2232.247,74
2232.354,79
2232.462,79
2232.569,81
2232.677,77
2232.784,71
2232.892,67
2232.999,69
2233.107,70
2233.214,70
2233.322,73
2233.429,72
2233.536,76
2233.644,76
2233.752,78
2233.859,80
2233.967,85
2234.074,91
2234.182,86
2234.289,84
2234.397,79
2234.504,75
2234.612,87
2234.719,88
2234.827,91
2234.934,86
2235.042,83
2235.149,88
2235.257,88
2235.364,94
2235.472,94
2235.579,91
2235.687,92
2235.795,95
2235.902,89
2236.01,81
2236.117,75
2236.225,77
2236.332,77
2236.44,77
2236.548,80
2236.655,77
2236.763,78
2236.87,79
2236.978,72
2237.085,71
2237.193,75
2237.301,81
2237.408,88
2237.516,89
2237.623,95
2237.731,93
2237.839,97
2237.946,104
2238.054,100
2238.161,94
2238.269,95
2238.377,95
2238.484,98
2238.592,106
2238.7,107
2238.807,107
2238.915,109
2239.022,110
2239.13,103
2239.238,106
2239.345,101
2239.453,97
2239.561,99
2239.668,98
2239.776,93
2239.884,90
2239.991,90
2240.099,88
2240.207,90
2240.314,86
2240.422,91
2240.53,90
2240.637,92
2240.745,97
2240.853,95
2240.96,96
2241.068,96
2241.176,98
2241.283,98
2241.391,93
2241.499,101
2241.606,100
2241.714,96
2241.822,94
2241.93,82
2242.037,82
2242.145,84
2242.253,83
2242.36,85
2242.468,81
2242.576,81
2242.684,79
2242.791,80
2242.899,80
2243.007,79
2243.114,85
2243.222,86
2243.33,85
2243.438,85
2243.545,81
2243.653,78
2243.761,76
2243.869,73
2243.976,73
2244.084,79
2244.192,85
2244.3,85
2244.407,96
2244.515,96
2244.623,98
2244.731,95
2244.839,86
2244.946,83
2245.054,72
2245.162,71
2245.27,66
2245.377,67
2245.485,63
2245.593,64
2245.701,62
2245.809,59
2245.916,66
2246.024,66
2246.132,62
2246.24,62
2246.348,64
2246.456,61
2246.563,64
2246.671,60
2246.779,64
2246.887,67
2246.995,65
2247.102,69
2247.21,69
2247.318,70
2247.426,73
2247.534,76
2247.642,80
2247.75,87
2247.857,99
2247.965,103
2248.073,111
2248.181,115
2248.289,122
2248.397,110
2248.505,107
2248.612,105
2248.72,93
2248.828,94
2248.936,86
2249.044,83
2249.152,89
2249.26,96
2249.368,95
2249.475,93
2249.583,93
2249.691,95
2249.799,92
2249.907,88
2250.015,89
2250.123,85
2250.231,88
2250.339,91
2250.447,92
2250.554,93
2250.662,99
2250.77,100
2250.878,96
2250.986,87
2251.094,92
2251.202,93
2251.31,88
2251.418,89
2251.526,88
2251.634,85
2251.742,89
2251.85,99
2251.958,99
2252.066,99
2252.174,106
2252.282,108
2252.389,109
2252.497,111
2252.605,108
2252.713,98
2252.821,95
2252.929,93
2253.037,86
2253.145,90
2253.253,91
2253.361,92
2253.469,90
2253.577,82
2253.685,74
2253.793,73
2253.901,62
2254.009,64
2254.117,66
2254.225,64
2254.333,69
2254.441,70
2254.549,68
2254.657,68
2254.765,75
2254.873,82
2254.981,82
2255.089,87
2255.197,88
2255.305,90
2255.413,97
2255.522,95
2255.63,89
2255.738,81
2255.846,73
2255.954,76
2256.062,74
2256.17,75
2256.278,79
2256.386,80
2256.494,83
2256.602,89
2256.71,91
2256.818,92
2256.926,93
2257.034,91
2257.142,94
2257.251,93
2257.359,90
2257.467,92
2257.575,92
2257.683,93
2257.791,91
2257.899,96
2258.007,103
2258.115,98
2258.223,102
2258.331,95
2258.44,87
2258.548,96
2258.656,82
2258.764,85
2258.872,82
2258.98,84
2259.088,81
2259.196,79
2259.305,80
2259.413,74
2259.521,83
2259.629,89
2259.737,91
2259.845,92
2259.953,102
2260.062,95
2260.17,99
2260.278,93
2260.386,80
2260.494,89
2260.602,88
2260.71,88
2260.819,92
2260.927,86
2261.035,84
2261.143,81
2261.251,90
2261.36,89
2261.468,89
2261.576,90
2261.684,94
2261.792,99
2261.901,104
2262.009,107
2262.117,100
2262.225,99
2262.333,102
2262.442,100
2262.55,100
2262.658,95
2262.766,89
2262.874,85
2262.983,83
2263.091,87
2263.199,90
2263.307,87
2263.416,82
2263.524,74
2263.632,68
2263.74,68
2263.848,67
2263.957,67
2264.065,69
2264.173,66
2264.281,66
2264.39,69
2264.498,72
2264.606,74
2264.715,75
2264.823,75
2264.931,73
2265.039,81
2265.148,79
2265.256,90
2265.364,94
2265.472,96
2265.581,94
2265.689,89
2265.797,91
2265.906,91
2266.014,102
2266.122,93
2266.23,89
2266.339,80
2266.447,75
2266.555,78
2266.664,82
2266.772,90
2266.88,95
2266.989,93
2267.097,94
2267.205,102
2267.314,104
2267.422,104
2267.53,113
2267.639,117
2267.747,122
2267.855,127
2267.964,129
2268.072,132
2268.18,137
2268.289,135
2268.397,128
2268.505,120
2268.614,119
2268.722,121
2268.831,121
2268.939,124
2269.047,118
2269.156,121
2269.264,123
2269.372,123
2269.481,131
2269.589,130
2269.698,127
2269.806,123
2269.914,128
2270.023,128
2270.131,131
2270.239,139
2270.348,137
2270.456,132
2270.565,134
2270.673,126
2270.782,115
2270.89,120
2270.998,118
2271.107,119
2271.215,122
2271.324,122
2271.432,116
2271.54,116
2271.649,107
2271.757,102
2271.866,96
2271.974,87
2272.083,93
2272.191,94
2272.3,95
2272.408,96
2272.516,104
2272.625,106
2272.733,110
2272.842,111
2272.95,111
2273.059,103
2273.167,99
2273.276,102
2273.384,97
2273.493,97
2273.601,97
2273.71,89
2273.818,82
2273.927,81
2274.035,82
2274.144,83
2274.252,93
2274.361,96
2274.469,96
2274.578,102
2274.686,108
2274.795,109
2274.903,109
2275.012,104
2275.12,94
2275.229,97
2275.337,100
2275.446,104
2275.554,102
2275.663,95
2275.771,103
2275.88,102
2275.988,97
2276.097,105
2276.206,108
2276.314,107
2276.423,110
2276.531,117
2276.64,126
2276.748,138
2276.857,138
2276.965,133
2277.074,129
2277.183,128
2277.291,136
2277.4,140
2277.508,130
2277.617,122
2277.725,118
2277.834,114
2277.943,115
2278.051,114
2278.16,114
2278.268,115
2278.377,113
2278.486,112
2278.594,111
2278.703,108
2278.811,111
2278.92,110
2279.029,109
2279.137,108
2279.246,112
2279.355,113
2279.463,110
2279.572,111
2279.68,108
2279.789,108
2279.898,99
2280.006,93
2280.115,89
2280.224,86
2280.332,83
2280.441,88
2280.55,94
2280.658,100
2280.767,113
2280.875,117
2280.984,123
2281.093,128
2281.201,122
2281.31,120
2281.419,116
2281.527,113
2281.636,103
2281.745,106
2281.854,103
2281.962,114
2282.071,116
2282.18,113
2282.288,112
2282.397,105
2282.506,102
2282.614,105
2282.723,110
2282.832,110
2282.941,114
2283.049,111
2283.158,113
2283.267,114
2283.375,123
2283.484,124
2283.593,123
2283.702,125
2283.81,124
2283.919,125
2284.028,126
2284.136,127
2284.245,126
2284.354,129
2284.463,135
2284.571,136
2284.68,149
2284.789,152
2284.898,156
2285.007,155
2285.115,154
2285.224,157
2285.333,161
2285.442,162
2285.55,164
2285.659,160
2285.768,152
2285.877,151
2285.985,143
2286.094,136
2286.203,143
2286.312,151
2286.421,161
2286.529,160
2286.638,156
2286.747,149
2286.856,150
2286.965,142
2287.073,135
2287.182,129
2287.291,121
2287.4,122
2287.509,126
2287.618,129
2287.726,130
2287.835,133
2287.944,139
2288.053,138
2288.162,129
2288.271,135
2288.379,133
2288.488,130
2288.597,135
2288.706,131
2288.815,127
2288.924,128
2289.032,132
2289.141,127
2289.25,127
2289.359,128
2289.468,127
2289.577,124
2289.686,127
2289.795,126
2289.903,123
2290.012,127
2290.121,129
2290.23,130
2290.339,123
2290.448,119
2290.557,116
2290.666,114
2290.775,116
2290.883,111
2290.992,112
2291.101,119
2291.21,118
2291.319,119
2291.428,116
2291.537,113
2291.646,116
2291.755,118
2291.864,114
2291.973,116
2292.082,115
2292.191,116
2292.299,117
2292.408,115
2292.517,109
2292.626,108
2292.735,110
2292.844,112
2292.953,113
2293.062,110
2293.171,114
2293.28,120
2293.389,134
2293.498,138
2293.607,144
2293.716,145
2293.825,138
2293.934,133
2294.043,120
2294.152,117
2294.261,112
2294.37,113
2294.479,120
2294.588,115
2294.697,118
2294.806,113
2294.915,111
2295.024,112
2295.133,117
2295.242,114
2295.351,105
2295.46,105
2295.569,109
2295.678,112
2295.787,115
2295.896,113
2296.005,116
2296.114,120
2296.223,126
2296.332,124
2296.441,134
2296.55,132
2296.659,133
2296.768,129
2296.877,110
2296.986,106
2297.095,108
2297.204,114
2297.313,115
2297.423,117
2297.532,119
2297.641,125
2297.75,141
2297.859,143
2297.968,143
2298.077,143
2298.186,135
2298.295,134
2298.404,128
2298.513,122
2298.622,118
2298.731,119
2298.841,119
2298.95,126
2299.059,131
2299.168,134
2299.277,131
2299.386,131
2299.495,133
2299.604,128
2299.713,132
2299.823,129
2299.932,121
2300.041,121
2300.15,114
2300.259,106
2300.368,106
2300.477,100
2300.586,101
2300.696,104
2300.805,100
2300.914,101
2301.023,102
2301.132,102
2301.241,108
2301.351,114
2301.46,116
2301.569,114
2301.678,121
2301.787,123
2301.896,126
2302.006,130
2302.115,128
2302.224,123
2302.333,123
2302.442,123
2302.551,128
2302.661,135
2302.77,135
2302.879,139
2302.988,132
2303.097,125
2303.207,118
2303.316,115
2303.425,103
2303.534,102
2303.643,103
2303.753,106
2303.862,112
2303.971,103
2304.08,107
2304.19,105
2304.299,108
2304.408,115
2304.517,117
2304.627,116
2304.736,109
2304.845,105
2304.954,102
2305.063,101
2305.173,98
2305.282,97
2305.391,94
2305.501,93
2305.61,92
2305.719,90
2305.828,91
2305.938,98
2306.047,105
2306.156,108
2306.265,107
2306.375,106
2306.484,99
2306.593,104
2306.703,111
2306.812,107
2306.921,112
2307.03,108
2307.14,107
2307.249,114
2307.358,115
2307.468,115
2307.577,111
2307.686,112
2307.796,102
2307.905,101
2308.014,106
2308.124,110
2308.233,107
2308.342,108
2308.451,109
2308.561,109
2308.67,113
2308.78,108
2308.889,99
2308.998,95
2309.108,101
2309.217,105
2309.326,106
2309.436,102
2309.545,97
2309.654,96
2309.764,101
2309.873,102
2309.982,96
2310.092,101
2310.201,93
2310.311,91
2310.42,99
2310.529,97
2310.639,101
2310.748,102
2310.857,104
2310.967,101
2311.076,100
2311.186,104
2311.295,94
2311.404,100
2311.514,100
2311.623,97
2311.733,100
2311.842,108
2311.951,109
2312.061,111
2312.17,120
2312.28,122
2312.389,119
2312.499,115
2312.608,112
2312.717,111
2312.827,111
2312.936,113
2313.046,117
2313.155,127
2313.265,137
2313.374,134
2313.484,131
2313.593,126
2313.702,121
2313.812,119
2313.921,122
2314.031,119
2314.14,114
2314.25,114
2314.359,113
2314.469,114
2314.578,113
2314.688,114
2314.797,116
2314.907,114
2315.016,108
2315.126,106
2315.235,108
2315.345,100
2315.454,96
2315.564,98
2315.673,93
2315.783,102
2315.892,115
2316.002,123
2316.111,129
2316.221,131
2316.33,136
2316.44,133
2316.549,142
2316.659,136
2316.768,131
2316.878,125
2316.987,115
2317.097,108
2317.207,101
2317.316,106
2317.426,103
2317.535,106
2317.645,109
2317.754,105
2317.864,106
2317.973,109
2318.083,110
2318.193,112
2318.302,111
2318.412,109
2318.521,108
2318.631,106
2318.74,105
2318.85,101
2318.96,96
2319.069,98
2319.179,95
2319.288,99
2319.398,102
2319.508,105
2319.617,99
2319.727,105
2319.836,110
2319.946,107
2320.056,103
2320.165,102
2320.275,103
2320.384,105
2320.494,109
2320.604,114
2320.713,116
2320.823,115
2320.933,124
2321.042,119
2321.152,114
2321.261,114
2321.371,109
2321.481,105
2321.59,107
2321.7,105
2321.81,103
2321.919,104
2322.029,107
2322.139,106
2322.248,111
2322.358,109
2322.468,104
2322.577,99
2322.687,91
2322.797,88
2322.906,82
2323.016,82
2323.126,91
2323.235,94
2323.345,93
2323.455,97
2323.565,99
2323.674,93
2323.784,96
2323.894,99
2324.003,94
2324.113,104
2324.223,112
2324.332,116
2324.442,117
2324.552,121
2324.662,115
2324.771,109
2324.881,103
2324.991,104
2325.101,105
2325.21,107
2325.32,112
2325.43,117
2325.54,124
2325.649,129
2325.759,135
2325.869,135
2325.979,141
2326.088,150
2326.198,166
2326.308,165
2326.418,169
2326.527,170
2326.637,167
2326.747,162
2326.857,156
2326.966,156
2327.076,152
2327.186,154
2327.296,145
2327.406,145
2327.515,143
2327.625,143
2327.735,144
2327.845,141
2327.955,143
2328.064,144
2328.174,141
2328.284,142
2328.394,135
2328.504,132
2328.613,125
2328.723,125
2328.833,118
2328.943,111
2329.053,109
2329.163,103
2329.272,100
2329.382,113
2329.492,121
2329.602,130
2329.712,136
2329.822,141
2329.931,136
2330.041,133
2330.151,140
2330.261,136
2330.371,140
2330.481,146
2330.591,140
2330.7,139
2330.81,142
2330.92,143
2331.03,155
2331.14,152
2331.25,146
2331.36,139
2331.47,138
2331.58,137
2331.689,136
2331.799,137
2331.909,134
2332.019,128
2332.129,130
2332.239,126
2332.349,132
2332.459,137
2332.569,137
2332.679,144
2332.789,145
2332.898,144
2333.008,143
2333.118,140
2333.228,132
2333.338,137
2333.448,143
2333.558,148
2333.668,155
2333.778,156
2333.888,156
2333.998,155
2334.108,154
2334.218,160
2334.328,161
2334.438,156
2334.548,152
2334.658,149
2334.768,148
2334.877,148
2334.987,142
2335.097,139
2335.207,143
2335.317,150
2335.427,150
2335.537,153
2335.647,146
2335.757,140
2335.867,134
2335.977,132
2336.087,132
2336.197,134
2336.307,131
2336.417,121
2336.527,112
2336.637,106
2336.747,98
2336.857,104
2336.967,112
2337.077,119
2337.187,119
2337.298,116
2337.408,116
2337.518,113
2337.628,111
2337.738,106
2337.848,105
2337.958,104
2338.068,105
2338.178,110
2338.288,111
2338.398,112
2338.508,115
2338.618,113
2338.728,113
2338.838,112
2338.948,113
2339.058,113
2339.168,118
2339.278,122
2339.389,115
2339.499,114
2339.609,112
2339.719,111
2339.829,116
2339.939,120
2340.049,123
2340.159,127
2340.269,116
2340.379,117
2340.489,110
2340.6,106
2340.71,113
2340.82,109
2340.93,106
2341.04,99
2341.15,101
2341.26,96
2341.37,92
2341.481,92
2341.591,88
2341.701,92
2341.811,94
2341.921,101
2342.031,106
2342.141,99
2342.252,105
2342.362,101
2342.472,96
2342.582,94
2342.692,95
2342.802,96
2342.912,100
2343.023,102
2343.133,106
2343.243,102
2343.353,100
2343.463,103
2343.574,96
2343.684,95
2343.794,94
2343.904,92
2344.014,88
2344.124,84
2344.235,76
2344.345,76
2344.455,77
2344.565,78
2344.675,77
2344.786,83
2344.896,92
2345.006,101
2345.116,112
2345.227,113
2345.337,111
2345.447,109
2345.557,117
2345.667,113
2345.778,104
2345.888,98
2345.998,82
2346.108,77
2346.219,74
2346.329,70
2346.439,70
2346.549,74
2346.66,73
2346.77,81
2346.88,91
2346.99,100
2347.101,105
2347.211,111
2347.321,107
2347.431,99
2347.542,97
2347.652,96
2347.762,92
2347.873,94
2347.983,92
2348.093,86
2348.203,89
2348.314,93
2348.424,100
2348.534,106
2348.645,100
2348.755,98
2348.865,91
2348.976,89
2349.086,89
2349.196,88
2349.307,84
2349.417,82
2349.527,89
2349.637,98
2349.748,105
2349.858,105
2349.968,106
2350.079,102
2350.189,103
2350.299,101
2350.41,103
2350.52,102
2350.631,101
2350.741,103
2350.851,104
2350.962,107
2351.072,119
2351.182,122
2351.293,125
2351.403,126
2351.513,115
2351.624,112
2351.734,112
2351.845,104
2351.955,98
2352.065,97
2352.176,98
2352.286,99
2352.396,96
2352.507,94
2352.617,91
2352.728,97
2352.838,97
2352.948,96
2353.059,96
2353.169,96
2353.28,103
2353.39,116
2353.501,119
2353.611,127
2353.721,128
2353.832,120
2353.942,119
2354.053,108
2354.163,105
2354.274,98
2354.384,94
2354.494,93
2354.605,94
2354.715,92
2354.826,94
2354.936,96
2355.047,97
2355.157,98
2355.268,98
2355.378,99
2355.489,97
2355.599,92
2355.709,86
2355.82,80
2355.93,79
2356.041,85
2356.151,93
2356.262,100
2356.372,105
2356.483,104
2356.593,102
2356.704,96
2356.814,95
2356.925,97
2357.035,90
2357.146,97
2357.256,99
2357.367,100
2357.477,108
2357.588,101
2357.698,100
2357.809,100
2357.919,100
2358.03,105
2358.141,110
2358.251,111
2358.362,109
2358.472,104
2358.583,101
2358.693,111
2358.804,115
2358.914,123
2359.025,123
2359.135,115
2359.246,117
2359.357,115
2359.467,113
2359.578,115
2359.688,114
2359.799,110
2359.909,106
2360.02,106
2360.131,108
2360.241,113
2360.352,120
2360.462,116
2360.573,114
2360.683,113
2360.794,109
2360.905,111
2361.015,113
2361.126,109
2361.236,113
2361.347,118
2361.458,120
2361.568,121
2361.679,125
2361.79,123
2361.9,133
2362.011,127
2362.121,123
2362.232,124
2362.343,120
2362.453,127
2362.564,125
2362.675,125
2362.785,125
2362.896,122
2363.006,123
2363.117,126
2363.228,133
2363.338,132
2363.449,129
2363.56,129
2363.67,111
2363.781,111
2363.892,107
2364.002,102
2364.113,90
2364.224,86
2364.334,86
2364.445,84
2364.556,88
2364.666,88
2364.777,87
2364.888,91
2364.999,95
2365.109,94
2365.22,92
2365.331,93
2365.441,93
2365.552,89
2365.663,85
2365.774,79
2365.884,76
2365.995,78
2366.106,75
2366.216,81
2366.327,79
2366.438,76
2366.549,79
2366.659,78
2366.77,85
2366.881,91
2366.992,88
2367.102,82
2367.213,87
2367.324,82
2367.435,88
2367.545,92
2367.656,98
2367.767,93
2367.878,94
2367.988,91
2368.099,78
2368.21,87
2368.321,84
2368.431,83
2368.542,83
2368.653,86
2368.764,83
2368.875,87
2368.985,85
2369.096,83
2369.207,90
2369.318,89
2369.429,87
2369.539,88
2369.65,92
2369.761,102
2369.872,112
2369.983,123
2370.093,125
2370.204,120
2370.315,114
2370.426,103
2370.537,101
2370.648,99
2370.758,100
2370.869,91
2370.98,87
2371.091,91
2371.202,91
2371.313,97
2371.423,98
2371.534,97
2371.645,82
2371.756,79
2371.867,82
2371.978,85
2372.089,91
2372.199,96
2372.31,98
2372.421,90
2372.532,86
2372.643,78
2372.754,73
2372.865,68
2372.976,64
2373.086,67
2373.197,68
2373.308,73
2373.419,77
2373.53,81
2373.641,90
2373.752,85
2373.863,84
2373.974,84
2374.085,83
2374.195,89
2374.306,96
2374.417,91
2374.528,91
2374.639,88
2374.75,92
2374.861,91
2374.972,88
2375.083,84
2375.194,77
2375.305,74
2375.416,77
2375.527,81
2375.638,80
2375.749,80
2375.86,72
2375.971,68
2376.081,66
2376.192,64
2376.303,69
2376.414,70
2376.525,69
2376.636,67
2376.747,64
2376.858,63
2376.969,64
2377.08,67
2377.191,69
2377.302,67
2377.413,61
2377.524,61
2377.635,58
2377.746,64
2377.857,64
2377.968,73
2378.079,81
2378.19,85
2378.301,93
2378.412,96
2378.523,104
2378.634,112
2378.745,112
2378.856,99
2378.967,89
2379.078,79
2379.189,78
2379.3,83
2379.412,80
2379.523,78
2379.634,78
2379.745,77
2379.856,72
2379.967,76
2380.078,78
2380.189,83
2380.3,88
2380.411,86
2380.522,98
2380.633,93
2380.744,93
2380.855,94
2380.966,79
2381.077,74
2381.189,83
2381.3,81
2381.411,84
2381.522,90
2381.633,88
2381.744,88
2381.855,86
2381.966,82
2382.077,79
2382.188,76
2382.299,75
2382.411,70
2382.522,73
2382.633,75
2382.744,79
2382.855,88
2382.966,90
2383.077,90
2383.188,93
2383.3,90
2383.411,94
2383.522,103
2383.633,96
2383.744,96
2383.855,92
2383.966,86
2384.078,80
2384.189,80
2384.3,82
2384.411,88
2384.522,88
2384.633,88
2384.745,87
2384.856,82
2384.967,85
2385.078,86
2385.189,83
2385.3,93
2385.412,95
2385.523,96
2385.634,101
2385.745,101
2385.856,103
2385.968,105
2386.079,107
2386.19,105
2386.301,102
2386.412,101
2386.524,100
2386.635,106
2386.746,113
2386.857,107
2386.968,104
2387.08,92
2387.191,85
2387.302,86
2387.413,83
2387.525,86
2387.636,88
2387.747,89
2387.858,99
2387.97,100
2388.081,105
2388.192,111
2388.303,111
2388.415,111
2388.526,108
2388.637,107
2388.748,98
2388.86,101
2388.971,93
2389.082,84
2389.193,88
2389.305,88
2389.416,92
2389.527,95
2389.639,93
2389.75,88
2389.861,85
2389.972,86
2390.084,84
2390.195,82
2390.306,76
2390.418,75
2390.529,80
2390.64,92
2390.752,96
2390.863,92
2390.974,92
2391.085,84
2391.197,85
2391.308,90
2391.419,90
2391.531,90
2391.642,85
2391.753,87
2391.865,83
2391.976,83
2392.087,81
2392.199,74
2392.31,68
2392.422,66
2392.533,64
2392.644,70
2392.756,69
2392.867,71
2392.978,75
2393.09,71
2393.201,74
2393.312,76
2393.424,78
2393.535,80
2393.647,81
2393.758,79
2393.869,74
2393.981,78
2394.092,76
2394.204,79
2394.315,85
2394.426,84
2394.538,80
2394.649,76
2394.761,80
2394.872,81
2394.983,83
2395.095,83
2395.206,86
2395.318,82
2395.429,81
2395.54,84
2395.652,82
2395.763,84
2395.875,90
2395.986,94
2396.098,98
2396.209,110
2396.32,112
2396.432,112
2396.543,107
2396.655,98
2396.766,91
2396.878,85
2396.989,83
2397.101,79
2397.212,77
2397.324,77
2397.435,74
2397.547,74
2397.658,81
2397.769,81
2397.881,85
2397.992,92
2398.104,91
2398.215,92
2398.327,92
2398.438,88
2398.55,77
2398.661,78
2398.773,71
2398.884,69
2398.996,76
2399.107,81
2399.219,88
2399.33,92
2399.442,91
2399.554,87
2399.665,82
2399.777,81
2399.888,79
2400,78
2400.111,84
2400.223,87
2400.334,88
2400.446,90
2400.557,91
2400.669,84
2400.78,82
2400.892,84
2401.004,79
2401.115,82
2401.227,84
2401.338,81
2401.45,91
2401.561,97
2401.673,100
2401.784,102
2401.896,104
2402.008,104
2402.119,106
2402.231,108
2402.342,102
2402.454,97
2402.566,97
2402.677,90
2402.789,87
2402.9,91
2403.012,89
2403.124,85
2403.235,79
2403.347,74
2403.458,70
2403.57,70
2403.682,73
2403.793,73
2403.905,82
2404.017,86
2404.128,92
2404.24,95
2404.351,87
2404.463,84
2404.575,79
2404.686,85
2404.798,87
2404.91,88
2405.021,86
2405.133,84
2405.245,83
2405.356,79
2405.468,82
2405.58,76
2405.691,82
2405.803,85
2405.915,81
2406.026,84
2406.138,82
2406.25,78
2406.361,74
2406.473,72
2406.585,75
2406.696,77
2406.808,81
2406.92,79
2407.031,81
2407.143,86
2407.255,93
2407.367,91
2407.478,88
2407.59,83
2407.702,80
2407.813,79
2407.925,87
2408.037,90
2408.149,92
2408.26,89
2408.372,86
2408.484,87
2408.596,90
2408.707,86
2408.819,77
2408.931,75
2409.043,69
2409.154,68
2409.266,64
2409.378,65
2409.49,65
2409.601,71
2409.713,79
2409.825,84
2409.937,92
2410.048,95
2410.16,96
2410.272,93
2410.384,89
2410.495,93
2410.607,91
2410.719,90
2410.831,90
2410.943,81
2411.054,76
2411.166,73
2411.278,71
2411.39,73
2411.502,70
2411.613,69
2411.725,64
2411.837,60
2411.949,66
2412.061,70
2412.172,70
2412.284,78
2412.396,75
2412.508,71
2412.62,80
2412.732,70
2412.843,65
2412.955,68
2413.067,63
2413.179,60
2413.291,59
2413.403,55
2413.515,54
2413.626,62
2413.738,63
2413.85,63
2413.962,66
2414.074,61
2414.186,55
2414.298,56
2414.409,66
2414.521,71
2414.633,71
2414.745,69
2414.857,68
2414.969,65
2415.081,68
2415.193,69
2415.305,70
2415.416,72
2415.528,73
2415.64,76
2415.752,72
2415.864,72
2415.976,72
2416.088,65
2416.2,59
2416.312,60
2416.424,58
2416.536,58
2416.648,58
2416.759,58
2416.871,57
2416.983,55
2417.095,50
2417.207,52
2417.319,49
2417.431,51
2417.543,55
2417.655,60
2417.767,68
2417.879,73
2417.991,84
2418.103,81
2418.215,81
2418.327,86
2418.439,77
2418.551,76
2418.663,73
2418.775,63
2418.887,67
2418.999,69
2419.111,66
2419.223,64
2419.335,61
2419.447,61
2419.559,57
2419.671,56
2419.783,47
2419.895,47
2420.007,50
2420.119,55
2420.231,63
2420.343,63
2420.455,64
2420.567,64
2420.679,61
2420.791,64
2420.903,67
2421.015,66
2421.127,68
2421.239,69
2421.351,68
2421.463,65
2421.575,66
2421.687,63
2421.799,67
2421.911,70
2422.023,69
2422.135,66
2422.247,61
2422.359,62
2422.471,59
2422.583,59
2422.696,58
2422.808,58
2422.92,58
2423.032,65
2423.144,67
2423.256,64
2423.368,67
2423.48,64
2423.592,59
2423.704,61
2423.816,66
2423.929,65
2424.041,68
2424.153,70
2424.265,74
2424.377,74
2424.489,70
2424.601,73
2424.713,68
2424.825,73
2424.938,81
2425.05,86
2425.162,86
2425.274,89
2425.386,85
2425.498,83
2425.61,78
2425.722,75
2425.835,73
2425.947,72
2426.059,76
2426.171,70
2426.283,66
2426.395,63
2426.508,57
2426.62,55
2426.732,61
2426.844,68
2426.956,68
2427.068,74
2427.181,69
2427.293,67
2427.405,76
2427.517,75
2427.629,81
2427.742,79
2427.854,77
2427.966,80
2428.078,81
2428.19,80
2428.303,80
2428.415,81
2428.527,80
2428.639,83
2428.751,81
2428.864,75
2428.976,78
2429.088,71
2429.2,73
2429.312,77
2429.425,76
2429.537,75
2429.649,77
2429.761,76
2429.874,76
2429.986,71
2430.098,67
2430.21,63
2430.323,62
2430.435,64
2430.547,60
2430.659,60
2430.772,58
2430.884,58
2430.996,62
2431.108,61
2431.221,60
2431.333,57
2431.445,61
2431.558,67
2431.67,72
2431.782,74
2431.894,79
2432.007,80
2432.119,80
2432.231,83
2432.344,78
2432.456,78
2432.568,76
2432.681,76
2432.793,80
2432.905,84
2433.017,85
2433.13,89
2433.242,84
2433.354,76
2433.467,71
2433.579,64
2433.691,58
2433.804,55
2433.916,49
2434.028,48
2434.141,52
2434.253,52
2434.365,56
2434.478,55
2434.59,55
2434.703,58
2434.815,60
2434.927,71
2435.04,70
2435.152,71
2435.264,72
2435.377,70
2435.489,75
2435.601,73
2435.714,71
2435.826,67
2435.939,63
2436.051,58
2436.163,61
2436.276,59
2436.388,63
2436.501,62
2436.613,64
2436.725,68
2436.838,64
2436.95,66
2437.063,63
2437.175,57
2437.287,61
2437.4,61
2437.512,56
2437.625,55
2437.737,55
2437.85,55
2437.962,61
2438.074,71
2438.187,79
2438.299,80
2438.412,78
2438.524,72
2438.637,70
2438.749,75
2438.862,77
2438.974,74
2439.086,69
2439.199,64
2439.311,60
2439.424,63
2439.536,62
2439.649,66
2439.761,65
2439.874,65
2439.986,72
2440.099,74
2440.211,73
2440.324,74
2440.436,69
2440.549,69
2440.661,69
2440.774,64
2440.886,60
2440.999,62
2441.111,63
2441.224,61
2441.336,62
2441.449,59
2441.561,61
2441.674,65
2441.786,73
2441.899,71
2442.011,70
2442.124,68
2442.236,64
2442.349,65
2442.461,61
2442.574,66
2442.687,71
2442.799,76
2442.912,81
2443.024,86
2443.137,88
2443.249,84
2443.362,83
2443.474,74
2443.587,64
2443.7,59
2443.812,55
2443.925,55
2444.037,58
2444.15,62
2444.262,62
2444.375,64
2444.488,71
2444.6,73
2444.713,71
2444.825,71
2444.938,73
2445.051,74
2445.163,78
2445.276,81
2445.388,74
2445.501,67
2445.614,67
2445.726,67
2445.839,70
2445.952,75
2446.064,74
2446.177,78
2446.289,87
2446.402,93
2446.515,91
2446.627,87
2446.74,82
2446.853,86
2446.965,86
2447.078,80
2447.191,76
2447.303,70
2447.416,70
2447.528,73
2447.641,75
2447.754,64
2447.866,61
2447.979,63
2448.092,57
2448.204,53
2448.317,52
2448.43,50
2448.543,53
2448.655,63
2448.768,64
2448.881,66
2448.993,73
2449.106,70
2449.219,72
2449.331,74
2449.444,72
2449.557,72
2449.67,71
2449.782,75
2449.895,72
2450.008,73
2450.12,80
2450.233,81
2450.346,81
2450.459,89
2450.571,91
2450.684,92
2450.797,91
2450.909,84
2451.022,73
2451.135,64
2451.248,65
2451.36,59
2451.473,61
2451.586,61
2451.699,50
2451.811,53
2451.924,56
2452.037,60
2452.15,58
2452.263,54
2452.375,55
2452.488,53
2452.601,58
2452.714,59
2452.826,60
2452.939,67
2453.052,71
2453.165,74
2453.278,72
2453.39,65
2453.503,63
2453.616,64
2453.729,63
2453.842,58
2453.954,55
2454.067,62
2454.18,71
2454.293,76
2454.406,83
2454.519,83
2454.631,83
2454.744,81
2454.857,78
2454.97,73
2455.083,70
2455.196,71
2455.308,76
2455.421,76
2455.534,77
2455.647,81
2455.76,87
2455.873,76
2455.985,70
2456.098,62
2456.211,55
2456.324,50
2456.437,48
2456.55,42
2456.663,43
2456.776,45
2456.888,47
2457.001,54
2457.114,56
2457.227,55
2457.34,53
2457.453,52
2457.566,51
2457.679,61
2457.792,63
2457.904,61
2458.017,62
2458.13,59
2458.243,63
2458.356,63
2458.469,62
2458.582,62
2458.695,63
2458.808,60
2458.921,51
2459.034,47
2459.147,50
2459.26,57
2459.372,62
2459.485,65
2459.598,62
2459.711,65
2459.824,70
2459.937,72
2460.05,69
2460.163,70
2460.276,69
2460.389,62
2460.502,63
2460.615,65
2460.728,64
2460.841,70
2460.954,72
2461.067,73
2461.18,75
2461.293,72
2461.406,72
2461.519,61
2461.632,53
2461.745,51
2461.858,55
2461.971,56
2462.084,63
2462.197,59
2462.31,50
2462.423,49
2462.536,56
2462.649,58
2462.762,62
2462.875,65
2462.988,67
2463.101,69
2463.214,75
2463.327,79
2463.44,80
2463.553,78
2463.666,76
2463.779,73
2463.892,73
2464.005,69
2464.118,66
2464.231,63
2464.344,65
2464.457,65
2464.57,61
2464.684,65
2464.797,64
2464.91,64
2465.023,68
2465.136,69
2465.249,75
2465.362,78
2465.475,75
2465.588,78
2465.701,68
2465.814,67
2465.927,75
2466.04,75
2466.154,81
2466.267,80
2466.38,80
2466.493,73
2466.606,67
2466.719,61
2466.832,63
2466.945,62
2467.058,67
2467.172,69
2467.285,66
2467.398,65
2467.511,54
2467.624,58
2467.737,52
2467.85,51
2467.964,46
2468.077,47
2468.19,48
2468.303,54
2468.416,63
2468.529,66
2468.642,70
2468.756,70
2468.869,66
2468.982,62
2469.095,61
2469.208,62
2469.321,58
2469.435,59
2469.548,55
2469.661,52
2469.774,49
2469.887,52
2470,53
2470.114,51
2470.227,53
2470.34,53
2470.453,53
2470.566,54
2470.68,62
2470.793,60
2470.906,58
2471.019,63
2471.133,57
2471.246,59
2471.359,65
2471.472,69
2471.585,68
2471.699,66
2471.812,64
2471.925,62
2472.038,67
2472.152,72
2472.265,75
2472.378,71
2472.491,70
2472.605,65
2472.718,63
2472.831,67
2472.944,66
2473.058,66
2473.171,61
2473.284,59
2473.397,64
2473.511,70
2473.624,75
2473.737,75
2473.85,79
2473.964,77
2474.077,74
2474.19,72
2474.304,72
2474.417,78
2474.53,84
2474.643,89
2474.757,95
2474.87,86
2474.983,79
2475.097,74
2475.21,64
2475.323,59
2475.437,58
2475.55,57
2475.663,58
2475.777,62
2475.89,61
2476.003,59
2476.117,59
2476.23,60
2476.343,63
2476.457,65
2476.57,65
2476.683,67
2476.797,65
2476.91,67
2477.023,71
2477.137,77
2477.25,76
2477.363,70
2477.477,64
2477.59,60
2477.704,54
2477.817,53
2477.93,51
2478.044,53
2478.157,60
2478.27,68
2478.384,73
2478.497,73
2478.611,75
2478.724,71
2478.837,75
2478.951,75
2479.064,76
2479.178,74
2479.291,73
2479.404,74
2479.518,70
2479.631,73
2479.745,65
2479.858,59
2479.971,59
2480.085,58
2480.198,56
2480.312,56
2480.425,57
2480.539,60
2480.652,66
2480.765,65
2480.879,66
2480.992,62
2481.106,59
2481.219,60
2481.333,59
2481.446,55
2481.56,51
2481.673,49
2481.787,46
2481.9,50
2482.014,58
2482.127,56
2482.24,64
2482.354,61
2482.467,51
2482.581,49
2482.694,51
2482.808,51
2482.921,52
2483.035,60
2483.148,61
2483.262,72
2483.375,81
2483.489,81
2483.602,84
2483.716,79
2483.829,74
2483.943,64
2484.056,56
2484.17,50
2484.283,54
2484.397,51
2484.511,51
2484.624,46
2484.738,48
2484.851,48
2484.965,53
2485.078,60
2485.192,63
2485.305,63
2485.419,61
2485.532,64
2485.646,55
2485.76,56
2485.873,54
2485.987,50
2486.1,48
2486.214,46
2486.327,49
2486.441,49
2486.554,51
2486.668,52
2486.782,52
2486.895,52
2487.009,49
2487.122,52
2487.236,51
2487.35,55
2487.463,55
2487.577,54
2487.69,50
2487.804,47
2487.918,49
2488.031,45
2488.145,44
2488.258,42
2488.372,43
2488.486,40
2488.599,37
2488.713,35
2488.827,33
2488.94,37
2489.054,46
2489.167,50
2489.281,52
2489.395,53
2489.508,49
2489.622,53
2489.736,39
2489.849,41
2489.963,36
2490.077,37
2490.19,38
2490.304,39
2490.418,43
2490.531,51
2490.645,59
2490.759,57
2490.872,58
2490.986,51
2491.1,51
2491.213,48
2491.327,45
2491.441,52
2491.554,51
2491.668,56
2491.782,61
2491.896,60
2492.009,58
2492.123,55
2492.237,52
2492.35,52
2492.464,45
2492.578,40
2492.692,41
2492.805,41
2492.919,48
2493.033,52
2493.146,50
2493.26,45
2493.374,54
2493.488,55
2493.601,55
2493.715,59
2493.829,56
2493.943,53
2494.056,53
2494.17,50
2494.284,50
2494.398,46
2494.511,45
2494.625,41
2494.739,36
2494.853,38
2494.967,40
2495.08,45
2495.194,49
2495.308,51
2495.422,51
2495.535,52
2495.649,58
2495.763,61
2495.877,62
2495.991,60
2496.104,55
2496.218,58
2496.332,61
2496.446,63
2496.56,63
2496.673,61
2496.787,62
2496.901,63
2497.015,65
2497.129,70
2497.243,65
2497.356,68
2497.47,65
2497.584,64
2497.698,62
2497.812,65
2497.926,63
2498.039,53
2498.153,56
2498.267,51
2498.381,51
2498.495,58
2498.609,58
2498.723,57
2498.836,54
2498.95,57
2499.064,56
2499.178,52
2499.292,49
2499.406,50
2499.52,53
2499.634,58
2499.747,62
2499.861,57
2499.975,60
2500.089,59
2500.203,56
2500.317,56
2500.431,57
2500.545,62
2500.659,72
2500.772,70
2500.886,68
2501,70
2501.114,69
2501.228,61
2501.342,51
2501.456,46
2501.57,44
2501.684,45
2501.798,44
2501.912,47
2502.026,48
2502.14,49
2502.254,48
2502.368,46
2502.481,44
2502.595,41
2502.709,42
2502.823,43
2502.937,43
2503.051,50
2503.165,53
2503.279,51
2503.393,45
2503.507,45
2503.621,45
2503.735,44
2503.849,50
2503.963,51
2504.077,49
2504.191,53
2504.305,55
2504.419,60
2504.533,67
2504.647,63
2504.761,64
2504.875,62
2504.989,53
2505.103,53
2505.217,53
2505.331,55
2505.445,57
2505.559,56
2505.673,63
2505.787,61
2505.901,63
2506.015,61
2506.129,59
2506.243,61
2506.357,62
2506.471,65
2506.585,61
2506.699,60
2506.813,64
2506.928,69
2507.042,68
2507.156,68
2507.27,64
2507.384,68
2507.498,67
2507.612,71
2507.726,70
2507.84,67
2507.954,59
2508.068,56
2508.182,56
2508.296,56
2508.41,60
2508.525,59
2508.639,57
2508.753,57
2508.867,52
2508.981,48
2509.095,51
2509.209,49
2509.323,50
2509.437,54
2509.551,53
2509.666,53
2509.78,58
2509.894,54
2510.008,56
2510.122,53
2510.236,60
2510.35,56
2510.464,52
2510.579,50
2510.693,38
2510.807,40
2510.921,41
2511.035,43
2511.149,37
2511.264,39
2511.378,39
2511.492,38
2511.606,40
2511.72,41
2511.834,47
2511.948,45
2512.063,49
2512.177,50
2512.291,48
2512.405,51
2512.519,49
2512.634,53
2512.748,56
2512.862,54
2512.976,53
2513.09,53
2513.205,61
2513.319,68
2513.433,65
2513.547,60
2513.661,64
2513.776,64
2513.89,58
2514.004,57
2514.118,44
2514.232,38
2514.347,47
2514.461,52
2514.575,47
2514.689,49
2514.804,40
2514.918,42
2515.032,46
2515.146,45
2515.261,41
2515.375,42
2515.489,43
2515.603,46
2515.718,51
2515.832,50
2515.946,48
2516.06,51
2516.175,52
2516.289,55
2516.403,53
2516.517,52
2516.632,46
2516.746,49
2516.86,50
2516.975,52
2517.089,56
2517.203,54
2517.317,52
2517.432,53
2517.546,56
2517.66,60
2517.775,67
2517.889,71
2518.003,74
2518.118,78
2518.232,86
2518.346,84
2518.461,81
2518.575,80
2518.689,77
2518.804,74
2518.918,74
2519.032,74
2519.147,70
2519.261,71
2519.375,66
2519.49,63
2519.604,63
2519.718,56
2519.833,48
2519.947,44
2520.061,44
2520.176,43
2520.29,35
2520.404,38
2520.519,43
2520.633,42
2520.748,44
2520.862,40
2520.976,37
2521.091,43
2521.205,45
2521.319,47
2521.434,47
2521.548,51
2521.663,59
2521.777,60
2521.891,69
2522.006,66
2522.12,65
2522.235,69
2522.349,65
2522.464,64
2522.578,61
2522.692,55
2522.807,50
2522.921,48
2523.036,45
2523.15,49
2523.265,50
2523.379,53
2523.493,56
2523.608,56
2523.722,56
2523.837,53
2523.951,55
2524.066,52
2524.18,50
2524.295,49
2524.409,46
2524.523,45
2524.638,45
2524.752,44
2524.867,44
2524.981,46
2525.096,52
2525.21,61
2525.325,62
2525.439,64
2525.554,63
2525.668,56
2525.783,51
2525.897,48
2526.012,44
2526.126,44
2526.241,42
2526.355,42
2526.47,44
2526.584,44
2526.699,45
2526.813,44
2526.928,45
2527.042,44
2527.157,49
2527.271,50
2527.386,47
2527.5,50
2527.615,47
2527.729,47
2527.844,47
2527.959,47
2528.073,42
2528.188,45
2528.302,43
2528.417,39
2528.531,37
2528.646,36
2528.76,39
2528.875,45
2528.99,51
2529.104,45
2529.219,54
2529.333,58
2529.448,61
2529.562,59
2529.677,48
2529.792,48
2529.906,42
2530.021,44
2530.135,45
2530.25,40
2530.365,38
2530.479,38
2530.594,38
2530.708,43
2530.823,50
2530.938,53
2531.052,48
2531.167,46
2531.281,52
2531.396,51
2531.511,56
2531.625,54
2531.74,49
2531.855,44
2531.969,44
2532.084,42
2532.199,41
2532.313,42
2532.428,42
2532.542,42
2532.657,39
2532.772,45
2532.886,43
2533.001,45
2533.116,51
2533.23,55
2533.345,55
2533.46,53
2533.574,54
2533.689,50
2533.804,51
2533.918,52
2534.033,51
2534.148,52
2534.263,50
2534.377,50
2534.492,47
2534.607,50
2534.721,57
2534.836,58
2534.951,58
2535.065,57
2535.18,54
2535.295,55
2535.41,56
2535.524,58
2535.639,52
2535.754,51
2535.868,47
2535.983,49
2536.098,49
2536.213,48
2536.327,43
2536.442,40
2536.557,49
2536.672,50
2536.786,56
2536.901,59
2537.016,57
2537.131,59
2537.245,55
2537.36,50
2537.475,51
2537.59,50
2537.704,54
2537.819,55
2537.934,51
2538.049,52
2538.164,44
2538.278,48
2538.393,48
2538.508,46
2538.623,49
2538.737,49
2538.852,53
2538.967,57
2539.082,60
2539.197,61
2539.311,59
2539.426,53
2539.541,44
2539.656,43
2539.771,41
2539.886,45
2540,44
2540.115,41
2540.23,43
2540.345,47
2540.46,43
2540.575,42
2540.689,40
2540.804,36
2540.919,45
2541.034,46
2541.149,46
2541.264,40
2541.378,44
2541.493,41
2541.608,46
2541.723,51
2541.838,47
2541.953,54
2542.068,58
2542.182,55
2542.297,50
2542.412,45
2542.527,47
2542.642,44
2542.757,51
2542.872,50
2542.987,46
2543.102,46
2543.216,41
2543.331,45
2543.446,45
2543.561,47
2543.676,49
2543.791,46
2543.906,53
2544.021,51
2544.136,46
2544.251,46
2544.366,44
2544.481,46
2544.595,46
2544.71,44
2544.825,40
2544.94,38
2545.055,45
2545.17,43
2545.285,46
2545.4,45
2545.515,46
2545.63,50
2545.745,49
2545.86,51
2545.975,46
2546.09,48
2546.205,53
2546.32,61
2546.435,61
2546.55,58
2546.665,57
2546.78,59
2546.895,58
2547.01,61
2547.125,56
2547.24,58
2547.355,60
2547.47,57
2547.585,58
2547.7,56
2547.815,54
2547.93,50
2548.045,54
2548.16,54
2548.275,52
2548.39,56
2548.505,59
2548.62,55
2548.735,51
2548.85,48
2548.965,47
2549.08,45
2549.195,45
2549.31,44
2549.425,44
2549.54,47
2549.655,57
2549.77,61
2549.885,58
2550,61
2550.115,56
2550.23,54
2550.345,55
2550.46,52
2550.575,46
2550.69,45
2550.806,39
2550.921,38
2551.036,39
2551.151,41
2551.266,41
2551.381,49
2551.496,51
2551.611,50
2551.726,49
2551.841,45
2551.956,44
2552.072,46
2552.187,48
2552.302,52
2552.417,50
2552.532,50
2552.647,50
2552.762,46
2552.877,39
2552.992,40
2553.108,38
2553.223,38
2553.338,50
2553.453,55
2553.568,62
2553.683,72
2553.798,75
2553.914,75
2554.029,72
2554.144,68
2554.259,69
2554.374,63
2554.489,59
2554.604,51
2554.72,42
2554.835,42
2554.95,40
2555.065,41
2555.18,36
2555.295,31
2555.411,33
2555.526,33
2555.641,32
2555.756,39
2555.871,36
2555.987,35
2556.102,32
2556.217,30
2556.332,27
2556.447,33
2556.563,35
2556.678,39
2556.793,44
2556.908,44
2557.023,49
2557.139,53
2557.254,50
2557.369,49
2557.484,55
2557.6,57
2557.715,51
2557.83,49
2557.945,39
2558.061,35
2558.176,40
2558.291,41
2558.406,45
2558.521,43
2558.637,41
2558.752,42
2558.867,43
2558.983,44
2559.098,43
2559.213,47
2559.328,44
2559.444,44
2559.559,47
2559.674,41
2559.789,47
2559.905,51
2560.02,52
2560.135,51
2560.251,54
2560.366,52
2560.481,53
2560.596,53
2560.712,51
2560.827,56
2560.942,62
2561.058,63
2561.173,63
2561.288,59
2561.404,57
2561.519,61
2561.634,54
2561.75,45
2561.865,39
2561.98,32
2562.096,32
2562.211,41
2562.326,40
2562.442,45
2562.557,48
2562.672,45
2562.788,48
2562.903,46
2563.018,47
2563.134,48
2563.249,45
2563.364,44
2563.48,41
2563.595,43
2563.711,41
2563.826,38
2563.941,35
2564.057,33
2564.172,34
2564.287,32
2564.403,28
2564.518,30
2564.634,27
2564.749,35
2564.864,35
2564.98,36
2565.095,35
2565.211,30
2565.326,40
2565.441,43
2565.557,48
2565.672,52
2565.788,56
2565.903,57
2566.019,61
2566.134,62
2566.249,65
2566.365,68
2566.48,66
2566.596,62
2566.711,62
2566.827,52
2566.942,48
2567.057,48
2567.173,45
2567.288,41
2567.404,42
2567.519,42
2567.635,45
2567.75,39
2567.866,39
2567.981,36
2568.097,33
2568.212,35
2568.328,32
2568.443,32
2568.559,29
2568.674,33
2568.79,36
2568.905,42
2569.02,43
2569.136,48
2569.251,49
2569.367,52
2569.482,57
2569.598,54
2569.714,52
2569.829,52
2569.945,49
2570.06,43
2570.176,46
2570.291,49
2570.407,46
2570.522,47
2570.638,48
2570.753,39
2570.869,38
2570.984,43
2571.1,45
2571.215,46
2571.331,41
2571.446,39
2571.562,39
2571.678,37
2571.793,37
2571.909,36
2572.024,30
2572.14,30
2572.255,31
2572.371,32
2572.487,29
2572.602,28
2572.718,29
2572.833,34
2572.949,40
2573.064,42
2573.18,40
2573.296,39
2573.411,39
2573.527,35
2573.642,41
2573.758,40
2573.874,34
2573.989,36
2574.105,36
2574.22,33
2574.336,31
2574.452,29
2574.567,28
2574.683,30
2574.799,35
2574.914,34
2575.03,29
2575.145,27
2575.261,29
2575.377,34
2575.492,31
2575.608,40
2575.724,43
2575.839,44
2575.955,48
2576.071,45
2576.186,44
2576.302,46
2576.418,56
2576.533,52
2576.649,51
2576.765,50
2576.88,53
2576.996,52
2577.112,49
2577.227,49
2577.343,39
2577.459,40
2577.574,42
2577.69,43
2577.806,51
2577.922,51
2578.037,52
2578.153,43
2578.269,31
2578.384,30
2578.5,28
2578.616,29
2578.731,38
2578.847,45
2578.963,48
2579.079,56
2579.194,63
2579.31,54
2579.426,52
2579.542,49
2579.657,45
2579.773,46
2579.889,43
2580.005,39
2580.12,33
2580.236,37
2580.352,39
2580.468,36
2580.583,39
2580.699,36
2580.815,37
2580.931,46
2581.046,50
2581.162,50
2581.278,52
2581.394,53
2581.509,48
2581.625,47
2581.741,48
2581.857,46
2581.973,44
2582.088,43
2582.204,44
2582.32,38
2582.436,44
2582.552,45
2582.667,45
2582.783,47
2582.899,40
2583.015,43
2583.131,45
2583.247,49
2583.362,46
2583.478,41
2583.594,43
2583.71,46
2583.826,44
2583.942,43
2584.057,47
2584.173,48
2584.289,52
2584.405,57
2584.521,57
2584.637,57
2584.752,62
2584.868,60
2584.984,51
2585.1,48
2585.216,50
2585.332,46
2585.448,41
2585.564,43
2585.679,40
2585.795,41
2585.911,40
2586.027,39
2586.143,43
2586.259,45
2586.375,46
2586.491,47
2586.607,52
2586.722,47
2586.838,44
2586.954,42
2587.07,36
2587.186,36
2587.302,34
2587.418,33
2587.534,39
2587.65,43
2587.766,48
2587.882,52
2587.997,40
2588.113,39
2588.229,38
2588.345,36
2588.461,32
2588.577,29
2588.693,28
2588.809,31
2588.925,31
2589.041,34
2589.157,36
2589.273,31
2589.389,37
2589.505,34
2589.621,33
2589.737,36
2589.853,39
2589.969,45
2590.085,49
2590.201,49
2590.317,44
2590.433,46
2590.549,49
2590.665,49
2590.781,50
2590.897,52
2591.013,52
2591.129,58
2591.245,63
2591.361,63
2591.477,57
2591.593,50
2591.709,44
2591.825,37
2591.941,36
2592.057,34
2592.173,32
2592.289,35
2592.405,39
2592.521,38
2592.637,37
2592.753,40
2592.869,42
2592.985,45
2593.101,41
2593.217,39
2593.333,35
2593.449,32
2593.565,36
2593.681,33
2593.797,33
2593.913,35
2594.03,34
2594.146,34
2594.262,38
2594.378,38
2594.494,36
2594.61,37
2594.726,37
2594.842,36
2594.958,28
2595.074,32
2595.19,34
2595.306,40
2595.423,45
2595.539,43
2595.655,38
2595.771,42
2595.887,44
2596.003,51
2596.119,52
2596.235,53
2596.352,48
2596.468,44
2596.584,43
2596.7,36
2596.816,27
2596.932,25
2597.048,28
2597.164,26
2597.281,32
2597.397,37
2597.513,39
2597.629,42
2597.745,44
2597.861,47
2597.978,51
2598.094,54
2598.21,59
2598.326,63
2598.442,63
2598.558,67
2598.675,65
2598.791,54
2598.907,50
2599.023,49
2599.139,42
2599.255,41
2599.372,45
2599.488,37
2599.604,34
2599.72,37
2599.836,40
2599.953,42
2600.069,43
2600.185,41
2600.301,39
2600.417,37
2600.534,37
2600.65,41
2600.766,39
2600.882,39
2600.999,43
2601.115,40
2601.231,43
2601.347,38
2601.464,38
2601.58,33
2601.696,31
2601.812,31
2601.929,30
2602.045,35
2602.161,36
2602.277,34
2602.394,32
2602.51,26
2602.626,30
2602.742,34
2602.859,39
2602.975,43
2603.091,41
2603.207,49
2603.324,42
2603.44,44
2603.556,42
2603.673,39
2603.789,44
2603.905,43
2604.021,48
2604.138,47
2604.254,39
2604.37,36
2604.487,32
2604.603,33
2604.719,32
2604.836,29
2604.952,29
2605.068,27
2605.185,29
2605.301,32
2605.417,35
2605.534,42
2605.65,50
2605.766,54
2605.883,55
2605.999,53
2606.115,61
2606.232,58
2606.348,59
2606.464,61
2606.581,64
2606.697,68
2606.813,58
2606.93,57
2607.046,47
2607.163,45
2607.279,46
2607.395,40
2607.512,39
2607.628,35
2607.744,39
2607.861,37
2607.977,38
2608.094,35
2608.21,31
2608.326,31
2608.443,35
2608.559,34
2608.676,35
2608.792,30
2608.908,23
2609.025,26
2609.141,24
2609.258,30
2609.374,31
2609.491,33
2609.607,39
2609.723,40
2609.84,41
2609.956,34
2610.073,33
2610.189,30
2610.306,30
2610.422,32
2610.538,33
2610.655,38
2610.771,39
2610.888,42
2611.004,45
2611.121,39
2611.237,49
2611.354,52
2611.47,51
2611.587,53
2611.703,43
2611.82,42
2611.936,40
2612.053,44
2612.169,49
2612.285,55
2612.402,54
2612.518,53
2612.635,57
2612.751,55
2612.868,61
2612.984,61
2613.101,64
2613.217,66
2613.334,63
2613.451,60
2613.567,45
2613.684,43
2613.8,39
2613.917,35
2614.033,35
2614.15,30
2614.266,27
2614.383,27
2614.499,33
2614.616,35
2614.732,39
2614.849,39
2614.965,41
2615.082,46
2615.199,49
2615.315,48
2615.432,40
2615.548,42
2615.665,45
2615.781,52
2615.898,50
2616.015,50
2616.131,44
2616.248,43
2616.364,40
2616.481,38
2616.597,40
2616.714,32
2616.831,37
2616.947,34
2617.064,43
2617.18,45
2617.297,44
2617.414,47
2617.53,37
2617.647,39
2617.763,36
2617.88,35
2617.997,32
2618.113,27
2618.23,26
2618.347,23
2618.463,23
2618.58,26
2618.696,25
2618.813,25
2618.93,29
2619.046,30
2619.163,29
2619.28,30
2619.396,30
2619.513,30
2619.63,38
2619.746,34
2619.863,32
2619.98,32
2620.096,34
2620.213,36
2620.33,35
2620.446,31
2620.563,25
2620.68,26
2620.796,25
2620.913,32
2621.03,34
2621.146,41
2621.263,44
2621.38,38
2621.496,44
2621.613,38
2621.73,36
2621.847,37
2621.963,39
2622.08,42
2622.197,38
2622.313,39
2622.43,38
2622.547,33
2622.664,38
2622.78,44
2622.897,48
2623.014,56
2623.131,57
2623.247,61
2623.364,63
2623.481,55
2623.597,54
2623.714,50
2623.831,43
2623.948,38
2624.064,35
2624.181,33
2624.298,33
2624.415,30
2624.532,32
2624.648,36
2624.765,32
2624.882,29
2624.999,24
2625.115,20
2625.232,23
2625.349,26
2625.466,31
2625.583,33
2625.699,45
2625.816,47
2625.933,48
2626.05,48
2626.167,42
2626.283,35
2626.4,36
2626.517,36
2626.634,31
2626.751,29
2626.867,25
2626.984,24
2627.101,26
2627.218,29
2627.335,30
2627.452,28
2627.568,32
2627.685,28
2627.802,29
2627.919,29
2628.036,28
2628.153,30
2628.27,32
2628.386,37
2628.503,41
2628.62,48
2628.737,49
2628.854,51
2628.971,48
2629.088,42
2629.204,39
2629.321,38
2629.438,43
2629.555,39
2629.672,35
2629.789,29
2629.906,24
2630.023,30
2630.14,32
2630.256,36
2630.373,38
2630.49,37
2630.607,35
2630.724,31
2630.841,29
2630.958,29
2631.075,32
2631.192,37
2631.309,51
2631.426,52
2631.542,51
2631.659,54
2631.776,48
2631.893,48
2632.01,51
2632.127,49
2632.244,41
2632.361,37
2632.478,35
2632.595,33
2632.712,41
2632.829,41
2632.946,41
2633.063,41
2633.18,46
2633.297,46
2633.414,47
2633.531,49
2633.648,40
2633.765,41
2633.882,43
2633.999,43
2634.116,40
2634.233,37
2634.35,40
2634.467,38
2634.584,42
2634.701,35
2634.818,35
2634.935,33
2635.052,29
2635.169,25
2635.286,25
2635.403,26
2635.52,34
2635.637,37
2635.754,39
2635.871,38
2635.988,37
2636.105,34
2636.222,29
2636.339,29
2636.456,32
2636.573,40
2636.69,41
2636.807,46
2636.924,41
2637.041,42
2637.158,43
2637.275,42
2637.392,48
2637.509,52
2637.626,54
2637.743,58
2637.861,57
2637.978,52
2638.095,44
2638.212,37
2638.329,31
2638.446,30
2638.563,31
2638.68,30
2638.797,27
2638.914,31
2639.031,32
2639.149,40
2639.266,42
2639.383,45
2639.5,43
2639.617,41
2639.734,41
2639.851,42
2639.968,40
2640.085,38
2640.203,37
2640.32,30
2640.437,27
2640.554,27
2640.671,21
2640.788,22
2640.905,21
2641.022,21
2641.14,24
2641.257,22
2641.374,27
2641.491,29
2641.608,31
2641.725,39
2641.843,37
2641.96,40
2642.077,46
2642.194,44
2642.311,41
2642.428,40
2642.546,40
2642.663,39
2642.78,44
2642.897,41
2643.014,44
2643.132,47
2643.249,43
2643.366,37
2643.483,37
2643.6,34
2643.718,38
2643.835,39
2643.952,37
2644.069,35
2644.186,31
2644.304,31
2644.421,30
2644.538,32
2644.655,36
2644.773,39
2644.89,44
2645.007,43
2645.124,42
2645.241,47
2645.359,41
2645.476,39
2645.593,40
2645.71,38
2645.828,34
2645.945,32
2646.062,32
2646.179,30
2646.297,34
2646.414,34
2646.531,34
2646.649,30
2646.766,27
2646.883,28
2647,29
2647.118,27
2647.235,26
2647.352,27
2647.47,23
2647.587,19
2647.704,20
2647.821,21
2647.939,25
2648.056,25
2648.173,35
2648.291,35
2648.408,39
2648.525,42
2648.643,34
2648.76,35
2648.877,35
2648.995,39
2649.112,44
2649.229,41
2649.347,43
2649.464,36
2649.581,38
2649.699,41
2649.816,41
2649.933,41
2650.051,39
2650.168,39
2650.285,40
2650.403,38
2650.52,37
2650.637,33
2650.755,31
2650.872,28
2650.989,18
2651.107,21
2651.224,21
2651.342,27
2651.459,33
2651.576,34
2651.694,33
2651.811,36
2651.929,37
2652.046,35
2652.163,32
2652.281,27
2652.398,26
2652.516,25
2652.633,29
2652.75,28
2652.868,36
2652.985,36
2653.103,39
2653.22,41
2653.337,38
2653.455,39
2653.572,35
2653.69,34
2653.807,34
2653.925,28
2654.042,29
2654.159,29
2654.277,30
2654.394,36
2654.512,36
2654.629,32
2654.747,32
2654.864,29
2654.982,27
2655.099,32
2655.217,27
2655.334,23
2655.452,20
2655.569,16
2655.686,20
2655.804,24
2655.921,27
2656.039,31
2656.156,31
2656.274,36
2656.391,35
2656.509,37
2656.626,40
2656.744,37
2656.861,37
2656.979,39
2657.096,38
2657.214,37
2657.331,34
2657.449,30
2657.566,29
2657.684,26
2657.802,28
2657.919,30
2658.037,30
2658.154,29
2658.272,30
2658.389,32
2658.507,36
2658.624,41
2658.742,44
2658.859,43
2658.977,41
2659.094,42
2659.212,43
2659.33,40
2659.447,43
2659.565,42
2659.682,36
2659.8,33
2659.917,34
2660.035,34
2660.153,35
2660.27,36
2660.388,36
2660.505,33
2660.623,31
2660.741,31
2660.858,22
2660.976,24
2661.093,26
2661.211,26
2661.329,25
2661.446,28
2661.564,28
2661.681,28
2661.799,29
2661.917,31
2662.034,31
2662.152,38
2662.269,43
2662.387,43
2662.505,40
2662.622,42
2662.74,37
2662.858,33
2662.975,29
2663.093,25
2663.211,24
2663.328,26
2663.446,31
2663.564,37
2663.681,42
2663.799,41
2663.917,45
2664.034,41
2664.152,35
2664.27,33
2664.387,33
2664.505,40
2664.623,53
2664.74,52
2664.858,54
2664.976,48
2665.093,46
2665.211,46
2665.329,44
2665.446,43
2665.564,41
2665.682,37
2665.8,37
2665.917,38
2666.035,37
2666.153,45
2666.27,45
2666.388,47
2666.506,38
2666.624,33
2666.741,36
2666.859,35
2666.977,36
2667.094,34
2667.212,31
2667.33,34
2667.448,35
2667.565,35
2667.683,36
2667.801,32
2667.919,35
2668.036,38
2668.154,37
2668.272,36
2668.39,33
2668.507,32
2668.625,29
2668.743,27
2668.861,25
2668.979,20
2669.096,23
2669.214,29
2669.332,35
2669.45,30
2669.568,27
2669.685,25
2669.803,19
2669.921,20
2670.039,19
2670.157,19
2670.274,22
2670.392,24
2670.51,27
2670.628,29
2670.746,26
2670.863,25
2670.981,28
2671.099,31
2671.217,27
2671.335,33
2671.453,33
2671.57,31
2671.688,41
2671.806,36
2671.924,32
2672.042,32
2672.16,29
2672.277,30
2672.395,28
2672.513,31
2672.631,32
2672.749,35
2672.867,37
2672.985,38
2673.103,36
2673.22,42
2673.338,48
2673.456,51
2673.574,52
2673.692,43
2673.81,37
2673.928,38
2674.046,37
2674.164,33
2674.281,32
2674.399,30
2674.517,37
2674.635,36
2674.753,37
2674.871,40
2674.989,35
2675.107,39
2675.225,36
2675.343,35
2675.461,37
2675.578,46
2675.696,52
2675.814,57
2675.932,57
2676.05,48
2676.168,43
2676.286,48
2676.404,43
2676.522,46
2676.64,49
2676.758,45
2676.876,34
2676.994,30
2677.112,26
2677.23,22
2677.348,23
2677.466,27
2677.584,28
2677.702,32
2677.82,42
2677.938,43
2678.056,45
2678.174,50
2678.292,47
2678.41,52
2678.528,58
2678.646,57
2678.764,52
2678.882,49
2679,44
2679.118,42
2679.236,45
2679.354,42
2679.472,38
2679.59,36
2679.708,35
2679.826,34
2679.944,35
2680.062,40
2680.18,46
2680.298,54
2680.416,55
2680.534,58
2680.652,47
2680.77,40
2680.888,39
2681.006,41
2681.124,42
2681.242,37
2681.36,34
2681.478,27
2681.596,33
2681.714,36
2681.832,37
2681.951,37
2682.069,43
2682.187,44
2682.305,46
2682.423,53
2682.541,48
2682.659,49
2682.777,48
2682.895,43
2683.013,39
2683.131,36
2683.25,41
2683.368,37
2683.486,39
2683.604,36
2683.722,35
2683.84,34
2683.958,33
2684.076,38
2684.194,35
2684.313,32
2684.431,28
2684.549,30
2684.667,27
2684.785,25
2684.903,23
2685.021,26
2685.14,30
2685.258,36
2685.376,36
2685.494,31
2685.612,31
2685.73,31
2685.848,36
2685.967,44
2686.085,47
2686.203,46
2686.321,42
2686.439,45
2686.557,40
2686.676,38
2686.794,39
2686.912,35
2687.03,35
2687.148,40
2687.267,45
2687.385,43
2687.503,49
2687.621,46
2687.739,35
2687.858,36
2687.976,34
2688.094,30
2688.212,34
2688.33,31
2688.449,30
2688.567,30
2688.685,34
2688.803,41
2688.922,38
2689.04,43
2689.158,41
2689.276,38
2689.394,37
2689.513,33
2689.631,36
2689.749,38
2689.867,44
2689.986,41
2690.104,38
2690.222,32
2690.341,30
2690.459,29
2690.577,24
2690.695,21
2690.814,20
2690.932,21
2691.05,18
2691.168,19
2691.287,28
2691.405,32
2691.523,41
2691.642,44
2691.76,41
2691.878,44
2691.996,48
2692.115,45
2692.233,48
2692.351,47
2692.47,46
2692.588,48
2692.706,43
2692.825,39
2692.943,41
2693.061,36
2693.18,37
2693.298,34
2693.416,31
2693.535,31
2693.653,34
2693.771,36
2693.89,35
2694.008,33
2694.126,30
2694.245,29
2694.363,23
2694.481,25
2694.6,28
2694.718,26
2694.836,29
2694.955,29
2695.073,33
2695.192,35
2695.31,37
2695.428,44
2695.547,40
2695.665,44
2695.783,42
2695.902,36
2696.02,35
2696.139,36
2696.257,43
2696.375,45
2696.494,43
2696.612,44
2696.731,37
2696.849,34
2696.967,34
2697.086,29
2697.204,34
2697.323,36
2697.441,35
2697.56,32
2697.678,27
2697.796,25
2697.915,23
2698.033,20
2698.152,12
2698.27,12
2698.389,18
2698.507,24
2698.625,30
2698.744,27
2698.862,24
2698.981,22
2699.099,23
2699.218,23
2699.336,22
2699.455,24
2699.573,29
2699.692,28
2699.81,27
2699.929,25
2700.047,23
2700.166,24
2700.284,24
2700.403,24
2700.521,22
2700.64,24
2700.758,31
2700.877,29
2700.995,31
2701.114,33
2701.232,31
2701.351,30
2701.469,36
2701.588,37
2701.706,37
2701.825,39
2701.943,37
2702.062,31
2702.18,29
2702.299,26
2702.417,19
2702.536,25
2702.654,26
2702.773,27
2702.891,28
2703.01,25
2703.129,29
2703.247,28
2703.366,26
2703.484,28
2703.603,27
2703.721,29
2703.84,32
2703.958,33
2704.077,34
2704.196,30
2704.314,34
2704.433,28
2704.551,30
2704.67,30
2704.788,35
2704.907,38
2705.026,42
2705.144,41
2705.263,34
2705.381,36
2705.5,32
2705.619,31
2705.737,31
2705.856,26
2705.975,18
2706.093,21
2706.212,25
2706.33,31
2706.449,37
2706.568,42
2706.686,45
2706.805,39
2706.924,36
2707.042,30
2707.161,29
2707.279,33
2707.398,35
2707.517,35
2707.635,37
2707.754,36
2707.873,39
2707.991,37
2708.11,34
2708.229,36
2708.347,39
2708.466,40
2708.585,44
2708.703,43
2708.822,36
2708.941,36
2709.059,35
2709.178,35
2709.297,35
2709.415,33
2709.534,33
2709.653,38
2709.772,39
2709.89,39
2710.009,41
2710.128,39
2710.246,40
2710.365,41
2710.484,35
2710.603,39
2710.721,36
2710.84,31
2710.959,28
2711.077,27
2711.196,25
2711.315,26
2711.434,25
2711.552,20
2711.671,18
2711.79,17
2711.909,26
2712.027,30
2712.146,32
2712.265,31
2712.384,29
2712.502,29
2712.621,30
2712.74,32
2712.859,31
2712.977,30
2713.096,32
2713.215,33
2713.334,37
2713.453,35
2713.571,37
2713.69,38
2713.809,35
2713.928,36
2714.047,32
2714.165,26
2714.284,29
2714.403,27
2714.522,29
2714.641,29
2714.759,26
2714.878,28
2714.997,26
2715.116,26
2715.235,24
2715.353,25
2715.472,22
2715.591,26
2715.71,32
2715.829,30
2715.948,32
2716.066,33
2716.185,34
2716.304,34
2716.423,35
2716.542,33
2716.661,35
2716.78,31
2716.898,30
2717.017,23
2717.136,19
2717.255,21
2717.374,21
2717.493,22
2717.612,17
2717.731,17
2717.849,21
2717.968,23
2718.087,24
2718.206,29
2718.325,38
2718.444,39
2718.563,43
2718.682,35
2718.801,29
2718.919,25
2719.038,22
2719.157,27
2719.276,26
2719.395,27
2719.514,26
2719.633,26
2719.752,27
2719.871,28
2719.99,36
2720.109,37
2720.228,32
2720.347,29
2720.465,35
2720.584,36
2720.703,40
2720.822,45
2720.941,39
2721.06,42
2721.179,46
2721.298,47
2721.417,49
2721.536,43
2721.655,39
2721.774,38
2721.893,33
2722.012,33
2722.131,30
2722.25,27
2722.369,20
2722.488,18
2722.607,18
2722.726,18
2722.845,16
2722.964,22
2723.083,21
2723.202,21
2723.321,21
2723.44,19
2723.559,25
2723.678,31
2723.797,34
2723.916,38
2724.035,41
2724.154,47
2724.273,56
2724.392,57
2724.511,53
2724.63,53
2724.749,45
2724.868,40
2724.987,40
2725.106,34
2725.225,32
2725.344,34
2725.463,44
2725.582,45
2725.702,43
2725.821,43
2725.94,38
2726.059,35
2726.178,36
2726.297,34
2726.416,33
2726.535,32
2726.654,28
2726.773,22
2726.892,20
2727.011,20
2727.13,31
2727.249,30
2727.369,29
2727.488,30
2727.607,24
2727.726,24
2727.845,24
2727.964,24
2728.083,23
2728.202,27
2728.321,28
2728.441,26
2728.56,29
2728.679,27
2728.798,28
2728.917,27
2729.036,29
2729.155,35
2729.274,34
2729.394,38
2729.513,33
2729.632,29
2729.751,28
2729.87,28
2729.989,25
2730.109,23
2730.228,23
2730.347,23
2730.466,25
2730.585,26
2730.704,29
2730.824,26
2730.943,23
2731.062,23
2731.181,22
2731.3,24
2731.419,23
2731.539,24
2731.658,27
2731.777,31
2731.896,34
2732.015,36
2732.135,40
2732.254,40
2732.373,40
2732.492,43
2732.611,40
2732.731,40
2732.85,46
2732.969,40
2733.088,37
2733.208,34
2733.327,30
2733.446,26
2733.565,24
2733.684,26
2733.804,31
2733.923,32
2734.042,32
2734.161,28
2734.281,25
2734.4,28
2734.519,29
2734.638,32
2734.758,38
2734.877,36
2734.996,37
2735.115,32
2735.235,33
2735.354,32
2735.473,35
2735.593,36
2735.712,34
2735.831,35
2735.95,31
2736.07,32
2736.189,31
2736.308,35
2736.428,35
2736.547,39
2736.666,34
2736.786,31
2736.905,31
2737.024,28
2737.143,36
2737.263,43
2737.382,48
2737.501,52
2737.621,53
2737.74,48
2737.859,47
2737.979,49
2738.098,47
2738.217,43
2738.337,37
2738.456,33
2738.575,26
2738.695,32
2738.814,34
2738.934,38
2739.053,39
2739.172,41
2739.292,37
2739.411,32
2739.53,27
2739.65,26
2739.769,28
2739.888,26
2740.008,27
2740.127,24
2740.247,28
2740.366,28
2740.485,28
2740.605,30
2740.724,27
2740.844,27
2740.963,26
2741.082,24
2741.202,23
2741.321,22
2741.441,19
2741.56,19
2741.679,17
2741.799,22
2741.918,28
2742.038,31
2742.157,33
2742.277,30
2742.396,34
2742.515,30
2742.635,27
2742.754,27
2742.874,25
2742.993,21
2743.113,22
2743.232,24
2743.351,19
2743.471,27
2743.59,30
2743.71,30
2743.829,28
2743.949,27
2744.068,29
2744.188,31
2744.307,34
2744.427,38
2744.546,39
2744.666,39
2744.785,39
2744.905,42
2745.024,38
2745.144,40
2745.263,38
2745.383,34
2745.502,36
2745.622,35
2745.741,32
2745.861,34
2745.98,37
2746.1,36
2746.219,37
2746.339,34
2746.458,33
2746.578,28
2746.697,23
2746.817,27
2746.936,29
2747.056,30
2747.175,34
2747.295,29
2747.414,29
2747.534,34
2747.654,35
2747.773,34
2747.893,36
2748.012,34
2748.132,33
2748.251,34
2748.371,38
2748.49,38
2748.61,35
2748.73,36
2748.849,33
2748.969,32
2749.088,38
2749.208,33
2749.328,32
2749.447,31
2749.567,28
2749.686,29
2749.806,32
2749.926,34
2750.045,29
2750.165,26
2750.284,23
2750.404,22
2750.524,19
2750.643,21
2750.763,21
2750.882,19
2751.002,18
2751.122,18
2751.241,17
2751.361,18
2751.481,19
2751.6,19
2751.72,20
2751.839,22
2751.959,23
2752.079,24
2752.198,27
2752.318,24
2752.438,31
2752.557,31
2752.677,33
2752.797,35
2752.916,36
2753.036,36
2753.156,34
2753.275,30
2753.395,28
2753.515,31
2753.634,32
2753.754,39
2753.874,43
2753.993,43
2754.113,42
2754.233,36
2754.353,34
2754.472,33
2754.592,31
2754.712,29
2754.831,24
2754.951,25
2755.071,24
2755.191,26
2755.31,22
2755.43,26
2755.55,31
2755.669,31
2755.789,34
2755.909,33
2756.029,34
2756.148,35
2756.268,38
2756.388,35
2756.508,32
2756.627,33
2756.747,41
2756.867,41
2756.987,38
2757.106,37
2757.226,26
2757.346,24
2757.466,24
2757.585,22
2757.705,20
2757.825,21
2757.945,23
2758.065,25
2758.184,31
2758.304,31
2758.424,32
2758.544,30
2758.664,34
2758.783,34
2758.903,31
2759.023,43
2759.143,37
2759.263,34
2759.382,38
2759.502,37
2759.622,37
2759.742,37
2759.862,38
2759.981,32
2760.101,33
2760.221,29
2760.341,34
2760.461,31
2760.581,37
2760.7,39
2760.82,36
2760.94,35
2761.06,38
2761.18,40
2761.3,39
2761.42,41
2761.539,39
2761.659,40
2761.779,39
2761.899,36
2762.019,37
2762.139,35
2762.259,34
2762.378,33
2762.498,29
2762.618,28
2762.738,29
2762.858,30
2762.978,26
2763.098,25
2763.218,25
2763.338,25
2763.458,22
2763.577,22
2763.697,23
2763.817,24
2763.937,25
2764.057,27
2764.177,24
2764.297,26
2764.417,33
2764.537,33
2764.657,37
2764.777,40
2764.897,35
2765.016,38
2765.136,41
2765.256,43
2765.376,42
2765.496,42
2765.616,39
2765.736,33
2765.856,25
2765.976,25
2766.096,27
2766.216,26
2766.336,29
2766.456,28
2766.576,27
2766.696,25
2766.816,24
2766.936,25
2767.056,27
2767.176,34
2767.296,36
2767.416,35
2767.536,37
2767.656,38
2767.776,40
2767.896,37
2768.016,37
2768.136,32
2768.256,28
2768.376,34
2768.496,31
2768.616,28
2768.736,22
2768.856,19
2768.976,21
2769.096,26
2769.216,33
2769.336,30
2769.456,29
2769.576,27
2769.696,25
2769.816,24
2769.936,28
2770.056,33
2770.176,30
2770.296,35
2770.416,31
2770.536,26
2770.657,27
2770.777,22
2770.897,22
2771.017,23
2771.137,21
2771.257,22
2771.377,22
2771.497,20
2771.617,21
2771.737,22
2771.857,19
2771.977,19
2772.097,22
2772.218,21
2772.338,25
2772.458,28
2772.578,22
2772.698,22
2772.818,21
2772.938,21
2773.058,23
2773.178,25
2773.299,26
2773.419,29
2773.539,39
2773.659,38
2773.779,39
2773.899,42
2774.019,41
2774.139,42
2774.26,41
2774.38,42
2774.5,48
2774.62,46
2774.74,42
2774.86,37
2774.981,34
2775.101,32
2775.221,31
2775.341,27
2775.461,20
2775.581,21
2775.702,21
2775.822,21
2775.942,20
2776.062,20
2776.182,19
2776.302,20
2776.423,22
2776.543,21
2776.663,22
2776.783,27
2776.903,22
2777.024,27
2777.144,32
2777.264,33
2777.384,34
2777.504,36
2777.625,31
2777.745,31
2777.865,35
2777.985,27
2778.106,28
2778.226,27
2778.346,31
2778.466,31
2778.587,33
2778.707,34
2778.827,34
2778.947,35
2779.068,37
2779.188,35
2779.308,30
2779.428,33
2779.549,34
2779.669,37
2779.789,44
2779.909,44
2780.03,48
2780.15,44
2780.27,42
2780.39,36
2780.511,32
2780.631,31
2780.751,33
2780.872,29
2780.992,28
2781.112,32
2781.232,32
2781.353,30
2781.473,37
2781.593,40
2781.714,43
2781.834,44
2781.954,41
2782.075,34
2782.195,36
2782.315,38
2782.436,34
2782.556,31
2782.676,33
2782.797,34
2782.917,36
2783.037,35
2783.158,35
2783.278,31
2783.398,26
2783.519,27
2783.639,26
2783.759,24
2783.88,23
2784,26
2784.12,29
2784.241,34
2784.361,34
2784.481,38
2784.602,45
2784.722,41
2784.843,38
2784.963,32
2785.083,27
2785.204,30
2785.324,35
2785.445,34
2785.565,39
2785.685,41
2785.806,38
2785.926,39
2786.047,30
2786.167,29
2786.287,26
2786.408,30
2786.528,31
2786.649,41
2786.769,38
2786.889,35
2787.01,38
2787.13,29
2787.251,36
2787.371,38
2787.492,36
2787.612,35
2787.732,36
2787.853,37
2787.973,42
2788.094,44
2788.214,40
2788.335,41
2788.455,35
2788.576,33
2788.696,35
2788.817,39
2788.937,39
2789.058,39
2789.178,36
2789.298,38
2789.419,43
2789.539,39
2789.66,38
2789.78,37
2789.901,36
2790.021,34
2790.142,36
2790.262,29
2790.383,27
2790.503,27
2790.624,28
2790.744,29
2790.865,29
2790.985,34
2791.106,33
2791.226,28
2791.347,25
2791.468,22
2791.588,20
2791.709,19
2791.829,17
2791.95,15
2792.07,15
2792.191,21
2792.311,24
2792.432,24
2792.552,28
2792.673,27
2792.793,37
2792.914,40
2793.035,37
2793.155,34
2793.276,27
2793.396,20
2793.517,16
2793.637,15
2793.758,11
2793.879,17
2793.999,18
2794.12,20
2794.24,21
2794.361,23
2794.481,26
2794.602,29
2794.723,30
2794.843,27
2794.964,26
2795.084,23
2795.205,28
2795.326,28
2795.446,24
2795.567,23
2795.688,20
2795.808,26
2795.929,30
2796.049,34
2796.17,43
2796.291,40
2796.411,43
2796.532,43
2796.653,42
2796.773,43
2796.894,41
2797.015,45
2797.135,45
2797.256,42
2797.376,40
2797.497,38
2797.618,38
2797.738,38
2797.859,36
2797.98,37
2798.1,29
2798.221,26
2798.342,26
2798.463,26
2798.583,20
2798.704,23
2798.825,23
2798.945,30
2799.066,41
2799.187,40
2799.307,40
2799.428,40
2799.549,40
2799.669,35
2799.79,35
2799.911,32
2800.032,26
2800.152,27
2800.273,24
2800.394,24
2800.514,26
2800.635,29
2800.756,33
2800.877,34
2800.997,37
2801.118,43
2801.239,39
2801.36,41
2801.48,32
2801.601,33
2801.722,36
2801.843,32
2801.963,34
2802.084,33
2802.205,33
2802.326,31
2802.446,31
2802.567,38
2802.688,34
2802.809,31
2802.93,30
2803.05,27
2803.171,27
2803.292,26
2803.413,26
2803.533,24
2803.654,24
2803.775,29
2803.896,22
2804.017,21
2804.137,20
2804.258,22
2804.379,23
2804.5,28
2804.621,31
2804.742,27
2804.862,28
2804.983,29
2805.104,27
2805.225,29
2805.346,31
2805.467,25
2805.587,27
2805.708,28
2805.829,26
2805.95,21
2806.071,18
2806.192,18
2806.312,24
2806.433,27
2806.554,26
2806.675,26
2806.796,28
2806.917,26
2807.038,28
2807.158,25
2807.279,23
2807.4,27
2807.521,28
2807.642,32
2807.763,32
2807.884,26
2808.005,26
2808.126,25
2808.246,27
2808.367,29
2808.488,27
2808.609,28
2808.73,27
2808.851,27
2808.972,29
2809.093,29
2809.214,29
2809.335,27
2809.456,27
2809.576,22
2809.697,20
2809.818,22
2809.939,20
2810.06,18
2810.181,18
2810.302,21
2810.423,19
2810.544,25
2810.665,25
2810.786,22
2810.907,21
2811.028,22
2811.149,26
2811.27,21
2811.391,21
2811.512,21
2811.633,18
2811.754,25
2811.875,28
2811.996,24
2812.117,20
2812.238,18
2812.359,20
2812.48,27
2812.601,35
2812.721,36
2812.842,34
2812.963,31
2813.084,27
2813.206,27
2813.327,30
2813.448,32
2813.569,37
2813.69,36
2813.811,32
2813.932,30
2814.053,27
2814.174,28
2814.295,29
2814.416,30
2814.537,22
2814.658,22
2814.779,21
2814.9,23
2815.021,23
2815.142,22
2815.263,23
2815.384,16
2815.505,14
2815.626,16
2815.747,17
2815.868,21
2815.989,29
2816.11,34
2816.232,37
2816.353,39
2816.474,41
2816.595,37
2816.716,32
2816.837,31
2816.958,29
2817.079,32
2817.2,34
2817.321,34
2817.442,39
2817.564,43
2817.685,45
2817.806,46
2817.927,40
2818.048,40
2818.169,37
2818.29,39
2818.411,39
2818.532,41
2818.654,43
2818.775,47
2818.896,47
2819.017,44
2819.138,43
2819.259,42
2819.38,31
2819.502,34
2819.623,34
2819.744,36
2819.865,37
2819.986,37
2820.107,36
2820.228,30
2820.35,31
2820.471,31
2820.592,31
2820.713,32
2820.834,36
2820.955,40
2821.077,42
2821.198,43
2821.319,42
2821.44,35
2821.561,37
2821.683,37
2821.804,38
2821.925,41
2822.046,38
2822.167,34
2822.289,35
2822.41,30
2822.531,29
2822.652,23
2822.773,24
2822.895,24
2823.016,25
2823.137,28
2823.258,25
2823.38,24
2823.501,24
2823.622,30
2823.743,22
2823.865,27
2823.986,28
2824.107,27
2824.228,30
2824.349,30
2824.471,28
2824.592,34
2824.713,35
2824.835,35
2824.956,36
2825.077,28
2825.198,26
2825.32,22
2825.441,21
2825.562,20
2825.683,18
2825.805,18
2825.926,14
2826.047,16
2826.169,15
2826.29,18
2826.411,17
2826.532,18
2826.654,22
2826.775,19
2826.896,21
2827.018,25
2827.139,27
2827.26,27
2827.382,24
2827.503,27
2827.624,29
2827.746,30
2827.867,34
2827.988,32
2828.11,34
2828.231,35
2828.352,34
2828.474,34
2828.595,36
2828.716,33
2828.838,34
2828.959,31
2829.08,28
2829.202,28
2829.323,26
2829.444,29
2829.566,38
2829.687,38
2829.809,38
2829.93,37
2830.051,36
2830.173,40
2830.294,42
2830.416,41
2830.537,42
2830.658,38
2830.78,39
2830.901,37
2831.022,33
2831.144,39
2831.265,41
2831.387,37
2831.508,27
2831.63,24
2831.751,22
2831.872,26
2831.994,25
2832.115,23
2832.237,19
2832.358,16
2832.479,23
2832.601,23
2832.722,25
2832.844,24
2832.965,19
2833.087,17
2833.208,19
2833.33,23
2833.451,25
2833.572,30
2833.694,33
2833.815,36
2833.937,33
2834.058,30
2834.18,24
2834.301,22
2834.423,27
2834.544,25
2834.666,31
2834.787,29
2834.909,31
2835.03,38
2835.152,29
2835.273,31
2835.395,33
2835.516,35
2835.638,34
2835.759,31
2835.881,30
2836.002,28
2836.124,31
2836.245,30
2836.367,28
2836.488,28
2836.61,25
2836.731,24
2836.853,25
2836.974,25
2837.096,29
2837.217,34
2837.339,41
2837.46,41
2837.582,37
2837.704,37
2837.825,28
2837.947,27
2838.068,24
2838.19,19
2838.311,15
2838.433,19
2838.554,23
2838.676,25
2838.798,29
2838.919,23
2839.041,29
2839.162,35
2839.284,39
2839.405,43
2839.527,41
2839.649,36
2839.77,35
2839.892,31
2840.013,30
2840.135,29
2840.257,27
2840.378,29
2840.5,30
2840.621,27
2840.743,28
2840.865,28
2840.986,30
2841.108,38
2841.23,35
2841.351,35
2841.473,33
2841.594,26
2841.716,29
2841.838,33
2841.959,31
2842.081,27
2842.203,29
2842.324,27
2842.446,31
2842.568,30
2842.689,29
2842.811,26
2842.933,26
2843.054,29
2843.176,28
2843.298,32
2843.419,31
2843.541,36
2843.663,36
2843.784,41
2843.906,41
2844.028,39
2844.149,39
2844.271,34
2844.393,33
2844.514,35
2844.636,37
2844.758,40
2844.88,42
2845.001,43
2845.123,36
2845.245,34
2845.366,31
2845.488,27
2845.61,28
2845.732,26
2845.853,26
2845.975,25
2846.097,21
2846.218,20
2846.34,17
2846.462,17
2846.584,19
2846.705,19
2846.827,19
2846.949,18
2847.071,24
2847.192,23
2847.314,22
2847.436,25
2847.558,19
2847.679,18
2847.801,21
2847.923,23
2848.045,21
2848.167,25
2848.288,24
2848.41,18
2848.532,23
2848.654,21
2848.775,21
2848.897,26
2849.019,28
2849.141,36
2849.263,45
2849.384,47
2849.506,52
2849.628,49
2849.75,39
2849.872,40
2849.994,33
2850.115,31
2850.237,25
2850.359,25
2850.481,25
2850.603,26
2850.724,30
2850.846,28
2850.968,29
2851.09,30
2851.212,30
2851.334,33
2851.456,29
2851.577,24
2851.699,21
2851.821,20
2851.943,22
2852.065,28
2852.187,30
2852.309,34
2852.43,29
2852.552,27
2852.674,26
2852.796,24
2852.918,28
2853.04,29
2853.162,29
2853.284,28
2853.405,32
2853.527,34
2853.649,32
2853.771,36
2853.893,35
2854.015,36
2854.137,38
2854.259,38
2854.381,38
2854.503,34
2854.625,31
2854.746,27
2854.868,27
2854.99,26
2855.112,28
2855.234,31
2855.356,32
2855.478,37
2855.6,35
2855.722,35
2855.844,32
2855.966,28
2856.088,29
2856.21,30
2856.332,25
2856.454,24
2856.576,27
2856.698,28
2856.82,35
2856.941,35
2857.063,34
2857.185,32
2857.307,36
2857.429,37
2857.551,37
2857.673,39
2857.795,25
2857.917,24
2858.039,28
2858.161,32
2858.283,39
2858.405,40
2858.527,38
2858.649,30
2858.771,28
2858.893,28
2859.015,24
2859.137,24
2859.259,18
2859.381,16
2859.503,20
2859.625,21
2859.748,28
2859.87,33
2859.992,30
2860.114,29
2860.236,33
2860.358,30
2860.48,33
2860.602,32
2860.724,27
2860.846,26
2860.968,25
2861.09,27
2861.212,24
2861.334,28
2861.456,26
2861.578,31
2861.7,32
2861.822,31
2861.945,32
2862.067,32
2862.189,30
2862.311,29
2862.433,31
2862.555,29
2862.677,26
2862.799,24
2862.921,29
2863.043,34
2863.165,34
2863.288,35
2863.41,29
2863.532,24
2863.654,30
2863.776,29
2863.898,29
2864.02,29
2864.142,25
2864.265,27
2864.387,27
2864.509,30
2864.631,29
2864.753,30
2864.875,29
2864.997,31
2865.12,33
2865.242,29
2865.364,29
2865.486,29
2865.608,24
2865.73,26
2865.852,26
2865.975,26
2866.097,21
2866.219,27
2866.341,28
2866.463,27
2866.586,27
2866.708,28
2866.83,28
2866.952,26
2867.074,35
2867.196,23
2867.319,22
2867.441,25
2867.563,24
2867.685,28
2867.807,26
2867.93,25
2868.052,19
2868.174,18
2868.296,16
2868.419,19
2868.541,24
2868.663,25
2868.785,26
2868.907,24
2869.03,20
2869.152,24
2869.274,27
2869.396,28
2869.519,31
2869.641,26
2869.763,26
2869.885,26
2870.008,23
2870.13,24
2870.252,23
2870.374,20
2870.497,24
2870.619,21
2870.741,18
2870.864,14
2870.986,17
2871.108,17
2871.23,19
2871.353,24
2871.475,20
2871.597,22
2871.72,24
2871.842,28
2871.964,24
2872.086,24
2872.209,27
2872.331,25
2872.453,29
2872.576,29
2872.698,29
2872.82,31
2872.943,30
2873.065,33
2873.187,32
2873.31,27
2873.432,27
2873.554,23
2873.677,20
2873.799,21
2873.921,19
2874.044,18
2874.166,19
2874.288,23
2874.411,21
2874.533,19
2874.655,18
2874.778,14
2874.9,19
2875.022,21
2875.145,23
2875.267,23
2875.39,28
2875.512,25
2875.634,21
2875.757,23
2875.879,20
2876.001,24
2876.124,27
2876.246,26
2876.369,23
2876.491,20
2876.613,19
2876.736,23
2876.858,22
2876.981,25
2877.103,27
2877.225,29
2877.348,25
2877.47,26
2877.593,24
2877.715,21
2877.838,21
2877.96,23
2878.082,23
2878.205,26
2878.327,31
2878.45,30
2878.572,28
2878.695,24
2878.817,15
2878.94,15
2879.062,19
2879.184,18
2879.307,22
2879.429,18
2879.552,20
2879.674,24
2879.797,31
2879.919,28
2880.042,23
2880.164,20
2880.287,18
2880.409,23
2880.532,27
2880.654,29
2880.777,36
2880.899,34
2881.022,33
2881.144,29
2881.267,31
2881.389,34
2881.512,34
2881.634,34
2881.757,26
2881.879,23
2882.002,26
2882.124,28
2882.247,27
2882.369,30
2882.492,28
2882.614,34
2882.737,29
2882.859,29
2882.982,26
2883.104,24
2883.227,25
2883.35,24
2883.472,27
2883.595,25
2883.717,31
2883.84,31
2883.962,32
2884.085,34
2884.207,24
2884.33,24
2884.453,26
2884.575,24
2884.698,23
2884.82,25
2884.943,22
2885.065,24
2885.188,26
2885.311,25
2885.433,25
2885.556,21
2885.678,19
2885.801,18
2885.924,21
2886.046,19
2886.169,21
2886.291,21
2886.414,24
2886.537,29
2886.659,28
2886.782,29
2886.905,28
2887.027,24
2887.15,29
2887.272,33
2887.395,35
2887.518,36
2887.64,36
2887.763,36
2887.886,34
2888.008,37
2888.131,35
2888.254,31
2888.376,31
2888.499,31
2888.622,26
2888.744,29
2888.867,30
2888.99,30
2889.112,37
2889.235,38
2889.358,38
2889.48,35
2889.603,25
2889.726,22
2889.848,25
2889.971,27
2890.094,29
2890.216,27
2890.339,22
2890.462,23
2890.585,26
2890.707,22
2890.83,23
2890.953,24
2891.075,21
2891.198,23
2891.321,26
2891.444,30
2891.566,31
2891.689,30
2891.812,29
2891.935,28
2892.057,28
2892.18,36
2892.303,42
2892.425,41
2892.548,43
2892.671,39
2892.794,33
2892.916,32
2893.039,30
2893.162,27
2893.285,26
2893.408,25
2893.53,21
2893.653,18
2893.776,21
2893.899,22
2894.021,24
2894.144,26
2894.267,24
2894.39,25
2894.513,30
2894.635,31
2894.758,34
2894.881,35
2895.004,29
2895.127,27
2895.249,24
2895.372,24
2895.495,31
2895.618,32
2895.741,37
2895.863,42
2895.986,45
2896.109,48
2896.232,44
2896.355,48
2896.478,41
2896.6,41
2896.723,40
2896.846,29
2896.969,25
2897.092,23
2897.215,25
2897.337,23
2897.46,23
2897.583,27
2897.706,25
2897.829,31
2897.952,33
2898.075,34
2898.198,37
2898.32,36
2898.443,39
2898.566,37
2898.689,30
2898.812,28
2898.935,25
2899.058,29
2899.181,32
2899.303,32
2899.426,28
2899.549,28
2899.672,28
2899.795,29
2899.918,28
2900.041,33
2900.164,37
2900.287,38
2900.41,40
2900.533,36
2900.656,36
2900.778,33
2900.901,29
2901.024,36
2901.147,37
2901.27,37
2901.393,38
2901.516,47
2901.639,43
2901.762,40
2901.885,29
2902.008,20
2902.131,23
2902.254,31
2902.377,35
2902.5,34
2902.623,35
2902.746,38
2902.869,46
2902.992,42
2903.115,38
2903.238,34
2903.361,35
2903.484,35
2903.607,36
2903.73,37
2903.852,42
2903.975,45
2904.098,45
2904.221,39
2904.345,30
2904.468,25
2904.591,26
2904.714,25
2904.837,25
2904.96,24
2905.083,24
2905.206,27
2905.329,24
2905.452,23
2905.575,20
2905.698,18
2905.821,22
2905.944,25
2906.067,22
2906.19,21
2906.313,16
2906.436,17
2906.559,19
2906.682,18
2906.805,25
2906.928,24
2907.051,23
2907.174,23
2907.297,23
2907.421,20
2907.544,23
2907.667,25
2907.79,21
2907.913,24
2908.036,26
2908.159,24
2908.282,21
2908.405,19
2908.528,20
2908.651,20
2908.774,25
2908.898,27
2909.021,22
2909.144,23
2909.267,22
2909.39,22
2909.513,26
2909.636,28
2909.759,25
2909.883,29
2910.006,33
2910.129,33
2910.252,35
2910.375,32
2910.498,33
2910.621,33
2910.744,33
2910.868,34
2910.991,27
2911.114,29
2911.237,31
2911.36,28
2911.483,28
2911.607,24
2911.73,19
2911.853,17
2911.976,19
2912.099,18
2912.222,24
2912.346,31
2912.469,32
2912.592,35
2912.715,29
2912.838,28
2912.962,32
2913.085,35
2913.208,42
2913.331,48
2913.454,47
2913.578,49
2913.701,46
2913.824,39
2913.947,27
2914.07,26
2914.194,23
2914.317,21
2914.44,21
2914.563,19
2914.687,19
2914.81,20
2914.933,26
2915.056,33
2915.179,42
2915.303,43
2915.426,41
2915.549,36
2915.672,35
2915.796,37
2915.919,35
2916.042,36
2916.165,37
2916.289,38
2916.412,40
2916.535,39
2916.659,35
2916.782,35
2916.905,39
2917.028,40
2917.152,39
2917.275,43
2917.398,39
2917.522,40
2917.645,35
2917.768,27
2917.891,31
2918.015,32
2918.138,28
2918.261,28
2918.385,24
2918.508,24
2918.631,31
2918.755,34
2918.878,34
2919.001,33
2919.125,34
2919.248,32
2919.371,32
2919.495,32
2919.618,25
2919.741,23
2919.865,20
2919.988,24
2920.111,27
2920.235,26
2920.358,31
2920.481,29
2920.605,30
2920.728,29
2920.851,28
2920.975,27
2921.098,29
2921.222,30
2921.345,26
2921.468,30
2921.592,36
2921.715,35
2921.838,31
2921.962,26
2922.085,23
2922.209,27
2922.332,30
2922.455,31
2922.579,24
2922.702,21
2922.826,24
2922.949,22
2923.072,25
2923.196,27
2923.319,29
2923.443,33
2923.566,29
2923.69,23
2923.813,24
2923.936,24
2924.06,30
2924.183,33
2924.307,34
2924.43,34
2924.554,35
2924.677,35
2924.8,32
2924.924,33
2925.047,30
2925.171,23
2925.294,24
2925.418,26
2925.541,29
2925.665,32
2925.788,32
2925.912,30
2926.035,28
2926.159,27
2926.282,26
2926.406,24
2926.529,27
2926.653,25
2926.776,25
2926.9,24
2927.023,21
2927.147,17
2927.27,18
2927.394,20
2927.517,21
2927.641,23
2927.764,26
2927.888,29
2928.011,36
2928.135,41
2928.258,44
2928.382,41
2928.505,38
2928.629,35
2928.752,31
2928.876,34
2928.999,43
2929.123,42
2929.246,46
2929.37,49
2929.494,47
2929.617,46
2929.741,41
2929.864,38
2929.988,28
2930.111,26
2930.235,26
2930.359,23
2930.482,19
2930.606,21
2930.729,25
2930.853,25
2930.976,30
2931.1,30
2931.224,27
2931.347,26
2931.471,25
2931.594,24
2931.718,23
2931.842,27
2931.965,30
2932.089,37
2932.212,43
2932.336,38
2932.46,34
2932.583,29
2932.707,27
2932.83,28
2932.954,29
2933.078,24
2933.201,22
2933.325,20
2933.449,19
2933.572,22
2933.696,22
2933.82,24
2933.943,27
2934.067,32
2934.191,28
2934.314,26
2934.438,23
2934.561,22
2934.685,26
2934.809,26
2934.932,25
2935.056,20
2935.18,18
2935.304,18
2935.427,19
2935.551,17
2935.675,17
2935.798,24
2935.922,28
2936.046,35
2936.169,40
2936.293,40
2936.417,37
2936.54,40
2936.664,36
2936.788,33
2936.912,36
2937.035,28
2937.159,27
2937.283,20
2937.406,21
2937.53,21
2937.654,22
2937.778,25
2937.901,28
2938.025,25
2938.149,27
2938.273,25
2938.396,20
2938.52,23
2938.644,30
2938.768,33
2938.891,29
2939.015,30
2939.139,29
2939.263,26
2939.386,25
2939.51,34
2939.634,36
2939.758,36
2939.881,35
2940.005,33
2940.129,37
2940.253,35
2940.377,35
2940.5,33
2940.624,27
2940.748,24
2940.872,33
2940.996,30
2941.119,27
2941.243,26
2941.367,27
2941.491,29
2941.615,29
2941.738,36
2941.862,31
2941.986,28
2942.11,27
2942.234,27
2942.358,31
2942.481,30
2942.605,27
2942.729,22
2942.853,20
2942.977,24
2943.101,25
2943.224,26
2943.348,25
2943.472,30
2943.596,36
2943.72,44
2943.844,48
2943.968,45
2944.091,50
2944.215,47
2944.339,48
2944.463,46
2944.587,38
2944.711,29
2944.835,26
2944.959,28
2945.083,29
2945.206,30
2945.33,30
2945.454,30
2945.578,32
2945.702,31
2945.826,30
2945.95,30
2946.074,27
2946.198,29
2946.322,24
2946.445,25
2946.569,26
2946.693,33
2946.817,35
2946.941,34
2947.065,36
2947.189,31
2947.313,30
2947.437,27
2947.561,23
2947.685,22
2947.809,18
2947.933,20
2948.057,18
2948.181,17
2948.305,15
2948.429,18
2948.552,22
2948.676,24
2948.8,28
2948.924,30
2949.048,27
2949.172,26
2949.296,26
2949.42,21
2949.544,23
2949.668,26
2949.792,33
2949.916,32
2950.04,37
2950.164,38
2950.288,41
2950.412,38
2950.536,36
2950.66,32
2950.784,26
2950.908,26
2951.032,31
2951.156,35
2951.28,36
2951.404,43
2951.528,41
2951.652,44
2951.777,42
2951.901,37
2952.025,36
2952.149,35
2952.273,38
2952.397,33
2952.521,32
2952.645,33
2952.769,29
2952.893,30
2953.017,32
2953.141,34
2953.265,34
2953.389,31
2953.513,26
2953.637,23
2953.761,21
2953.885,24
2954.01,29
2954.134,31
2954.258,35
2954.382,33
2954.506,30
2954.63,32
2954.754,34
2954.878,31
2955.002,35
2955.126,34
2955.251,28
2955.375,29
2955.499,26
2955.623,25
2955.747,23
2955.871,24
2955.995,23
2956.119,24
2956.244,25
2956.368,24
2956.492,21
2956.616,22
2956.74,29
2956.864,24
2956.988,24
2957.112,28
2957.237,29
2957.361,32
2957.485,32
2957.609,26
2957.733,22
2957.857,26
2957.982,27
2958.106,27
2958.23,26
2958.354,31
2958.478,32
2958.602,31
2958.727,30
2958.851,23
2958.975,22
2959.099,26
2959.223,24
2959.348,27
2959.472,24
2959.596,24
2959.72,26
2959.844,27
2959.969,28
2960.093,27
2960.217,25
2960.341,27
2960.466,28
2960.59,30
2960.714,32
2960.838,29
2960.962,29
2961.087,29
2961.211,28
2961.335,25
2961.459,26
2961.584,21
2961.708,20
2961.832,22
2961.956,27
2962.081,28
2962.205,29
2962.329,31
2962.453,29
2962.578,31
2962.702,36
2962.826,38
2962.951,37
2963.075,33
2963.199,29
2963.323,28
2963.448,31
2963.572,30
2963.696,30
2963.821,32
2963.945,31
2964.069,32
2964.193,28
2964.318,24
2964.442,21
2964.566,25
2964.691,30
2964.815,35
2964.939,33
2965.064,33
2965.188,31
2965.312,31
2965.437,37
2965.561,38
2965.685,36
2965.81,32
2965.934,25
2966.058,26
2966.183,29
2966.307,30
2966.431,33
2966.556,34
2966.68,36
2966.804,33
2966.929,27
2967.053,24
2967.177,18
2967.302,24
2967.426,23
2967.551,21
2967.675,21
2967.799,22
2967.924,23
2968.048,24
2968.173,22
2968.297,20
2968.421,22
2968.546,22
2968.67,30
2968.794,28
2968.919,34
2969.043,35
2969.168,30
2969.292,31
2969.417,25
2969.541,19
2969.665,15
2969.79,10
2969.914,7
2970.039,6
2970.163,3
2970.288,8
2970.412,11
2970.536,16
2970.661,18
2970.785,20
2970.91,17
2971.034,16
2971.159,19
2971.283,18
2971.408,18
2971.532,14
2971.656,14
2971.781,13
2971.905,11
2972.03,11
2972.154,17
2972.279,19
2972.403,19
2972.528,21
2972.652,14
2972.777,17
2972.901,20
2973.026,21
2973.15,27
2973.275,29
2973.399,33
2973.524,39
2973.648,42
2973.773,37
2973.897,38
2974.022,34
2974.146,28
2974.271,29
2974.395,25
2974.52,15
2974.644,13
2974.769,10
2974.893,13
2975.018,11
2975.142,8
2975.267,14
2975.392,15
2975.516,17
2975.641,22
2975.765,28
2975.89,30
2976.014,33
2976.139,44
2976.263,38
2976.388,39
2976.513,40
2976.637,37
2976.762,35
2976.886,28
2977.011,26
2977.135,19
2977.26,21
2977.385,22
2977.509,24
2977.634,27
2977.758,28
2977.883,28
2978.008,29
2978.132,30
2978.257,30
2978.381,32
2978.506,33
2978.631,36
2978.755,33
2978.88,30
2979.004,26
2979.129,25
2979.254,21
2979.378,21
2979.503,22
2979.628,21
2979.752,28
2979.877,37
2980.002,38
2980.126,33
2980.251,27
2980.376,21
2980.5,19
2980.625,23
2980.749,21
2980.874,23
2980.999,27
2981.123,31
2981.248,31
2981.373,28
2981.497,27
2981.622,29
2981.747,30
2981.872,27
2981.996,26
2982.121,22
2982.246,23
2982.37,24
2982.495,33
2982.62,37
2982.744,40
2982.869,42
2982.994,36
2983.118,34
2983.243,28
2983.368,27
2983.493,20
2983.617,23
2983.742,25
2983.867,29
2983.992,31
2984.116,31
2984.241,35
2984.366,31
2984.49,33
2984.615,25
2984.74,21
2984.865,23
2984.989,24
2985.114,21
2985.239,23
2985.364,24
2985.488,24
2985.613,28
2985.738,33
2985.863,45
2985.988,48
2986.112,48
2986.237,50
2986.362,40
2986.487,35
2986.611,35
2986.736,35
2986.861,34
2986.986,28
2987.111,28
2987.235,26
2987.36,26
2987.485,31
2987.61,30
2987.735,32
2987.859,31
2987.984,28
2988.109,23
2988.234,18
2988.359,13
2988.484,12
2988.608,19
2988.733,27
2988.858,27
2988.983,30
2989.108,34
2989.233,35
2989.357,39
2989.482,37
2989.607,35
2989.732,28
2989.857,30
2989.982,27
2990.107,23
2990.231,26
2990.356,26
2990.481,30
2990.606,36
2990.731,38
2990.856,40
2990.981,39
2991.105,39
2991.23,38
2991.355,37
2991.48,36
2991.605,31
2991.73,30
2991.855,29
2991.98,26
2992.105,32
2992.23,29
2992.354,29
2992.479,30
2992.604,30
2992.729,34
2992.854,35
2992.979,38
2993.104,40
2993.229,40
2993.354,39
2993.479,43
2993.604,41
2993.729,41
2993.854,43
2993.978,46
2994.103,48
2994.228,43
2994.353,39
2994.478,33
2994.603,27
2994.728,26
2994.853,23
2994.978,22
2995.103,23
2995.228,27
2995.353,30
2995.478,31
2995.603,23
2995.728,22
2995.853,18
2995.978,16
2996.103,14
2996.228,18
2996.353,21
2996.478,27
2996.603,34
2996.728,29
2996.853,29
2996.978,29
2997.103,28
2997.228,25
2997.353,24
2997.478,23
2997.603,21
2997.728,24
2997.853,26
2997.978,28
2998.103,32
2998.228,36
2998.353,38
2998.478,41
2998.603,39
2998.728,38
2998.853,38
2998.978,36
2999.103,30
2999.228,32
2999.354,32
2999.479,30
2999.604,36
2999.729,30
2999.854,33
2999.979,32
3000.104,28
3000.229,25
3000.354,19
3000.479,23
3000.604,22
3000.729,22
3000.854,24
3000.98,20
3001.105,21
3001.23,23
3001.355,22
3001.48,20
3001.605,23
3001.73,26
3001.855,26
3001.98,33
3002.106,38
3002.231,40
3002.356,41
3002.481,41
3002.606,43
3002.731,39
3002.856,42
3002.981,38
3003.107,39
3003.232,36
3003.357,35
3003.482,35
3003.607,33
3003.732,34
3003.857,32
3003.983,30
3004.108,33
3004.233,31
3004.358,29
3004.483,29
3004.608,26
3004.734,24
3004.859,20
3004.984,22
3005.109,23
3005.234,22
3005.359,26
3005.485,26
3005.61,29
3005.735,33
3005.86,33
3005.985,32
3006.111,30
3006.236,29
3006.361,30
3006.486,31
3006.612,30
3006.737,28
3006.862,26
3006.987,21
3007.112,24
3007.238,22
3007.363,19
3007.488,25
3007.613,23
3007.739,26
3007.864,30
3007.989,28
3008.114,21
3008.24,19
3008.365,19
3008.49,18
3008.615,23
3008.741,27
3008.866,31
3008.991,34
3009.116,35
3009.242,35
3009.367,31
3009.492,26
3009.617,26
3009.743,26
3009.868,26
3009.993,25
3010.119,24
3010.244,22
3010.369,24
3010.494,24
3010.62,21
3010.745,19
3010.87,24
3010.996,22
3011.121,28
3011.246,35
3011.372,31
3011.497,33
3011.622,29
3011.748,31
3011.873,27
3011.998,29
3012.124,25
3012.249,21
3012.374,22
3012.5,22
3012.625,28
3012.75,23
3012.876,24
3013.001,27
3013.126,28
3013.252,25
3013.377,26
3013.502,24
3013.628,25
3013.753,29
3013.878,29
3014.004,27
3014.129,29
3014.255,32
3014.38,34
3014.505,37
3014.631,36
3014.756,33
3014.882,31
3015.007,28
3015.132,28
3015.258,29
3015.383,27
3015.509,29
3015.634,23
3015.759,25
3015.885,24
3016.01,18
3016.136,19
3016.261,22
3016.386,21
3016.512,22
3016.637,26
3016.763,22
3016.888,27
3017.014,33
3017.139,34
3017.264,35
3017.39,31
3017.515,29
3017.641,25
3017.766,24
3017.892,25
3018.017,25
3018.143,24
3018.268,24
3018.394,30
3018.519,31
