600.046 21
600.101 21
600.156 21
600.211 21
600.266 21
600.321 21
600.376 20
600.431 16
600.486 15
600.541 16
600.596 18
600.651 20
600.706 20
600.761 19
600.816 14
600.871 10
600.927 8
600.982 9
601.037 12
601.092 15
601.147 17
601.202 18
601.257 19
601.312 21
601.367 24
601.422 21
601.477 15
601.532 12
601.588 10
601.643 10
601.698 10
601.753 9
601.808 9
601.863 10
601.918 9
601.973 8
602.028 10
602.083 11
602.139 14
602.194 19
602.249 22
602.304 21
602.359 19
602.414 16
602.469 15
602.525 15
602.580 14
602.635 13
602.690 13
602.745 12
602.800 12
602.855 12
602.911 11
602.966 11
603.021 11
603.076 11
603.131 14
603.186 14
603.242 13
603.297 18
603.352 15
603.407 15
603.462 15
603.518 12
603.573 11
603.628 10
603.683 10
603.738 6
603.793 9
603.849 10
603.904 14
603.959 14
604.014 12
604.070 13
604.125 13
604.180 12
604.235 13
604.290 12
604.346 11
604.401 10
604.456 8
604.511 10
604.567 8
604.622 5
604.677 6
604.732 6
604.788 9
604.843 12
604.898 14
604.953 12
605.009 8
605.064 9
605.119 9
605.174 11
605.230 14
605.285 13
605.340 12
605.395 12
605.451 10
605.506 13
605.561 12
605.616 12
605.672 9
605.727 6
605.782 9
605.838 11
605.893 12
605.948 13
606.004 15
606.059 13
606.114 13
606.169 12
606.225 7
606.280 6
606.335 4
606.391 2
606.446 1
606.501 2
606.557 3
606.612 4
606.667 8
606.723 9
606.778 10
606.833 11
606.889 12
606.944 12
606.999 12
607.055 12
607.110 12
607.165 12
607.221 13
607.276 15
607.332 11
607.387 10
607.442 8
607.498 7
607.553 6
607.608 7
607.664 7
607.719 6
607.775 6
607.830 9
607.885 10
607.941 9
607.996 11
608.051 9
608.107 13
608.162 12
608.218 17
608.273 16
608.329 13
608.384 13
608.439 12
608.495 12
608.550 11
608.606 9
608.661 11
608.716 10
608.772 9
608.827 8
608.883 4
608.938 3
608.994 2
609.049 1
609.104 1
609.160 3
609.215 5
609.271 7
609.326 9
609.382 9
609.437 9
609.493 6
609.548 5
609.604 5
609.659 5
609.715 4
609.770 3
609.825 4
609.881 5
609.936 6
609.992 8
610.047 7
610.103 6
610.158 5
610.214 0
610.269 1
610.325 2
610.380 2
610.436 4
610.491 3
610.547 4
610.602 5
610.658 6
610.713 8
610.769 11
610.825 14
610.880 15
610.936 15
610.991 14
611.047 10
611.102 10
611.158 9
611.213 9
611.269 9
611.324 11
611.380 14
611.435 14
611.491 16
611.547 13
611.602 12
611.658 10
611.713 10
611.769 13
611.824 12
611.880 14
611.936 15
611.991 16
612.047 14
612.102 10
612.158 6
612.213 5
612.269 5
612.325 5
612.380 7
612.436 6
612.491 6
612.547 6
612.603 5
612.658 7
612.714 7
612.769 8
612.825 12
612.881 8
612.936 8
612.992 7
613.048 5
613.103 6
613.159 6
613.214 7
613.270 7
613.326 5
613.381 5
613.437 4
613.493 4
613.548 8
613.604 9
613.660 9
613.715 8
613.771 4
613.827 8
613.882 8
613.938 7
613.994 9
614.049 10
614.105 12
614.161 14
614.216 11
614.272 11
614.328 9
614.383 7
614.439 7
614.495 7
614.550 8
614.606 9
614.662 15
614.717 14
614.773 16
614.829 17
614.885 14
614.940 16
614.996 15
615.052 13
615.107 15
615.163 14
615.219 14
615.275 16
615.330 18
615.386 18
615.442 21
615.498 20
615.553 17
615.609 16
615.665 13
615.721 13
615.776 11
615.832 10
615.888 8
615.944 6
615.999 3
616.055 4
616.111 4
616.167 3
616.222 4
616.278 5
616.334 7
616.390 8
616.446 11
616.501 11
616.557 12
616.613 13
616.669 11
616.724 12
616.780 13
616.836 11
616.892 9
616.948 8
617.003 9
617.059 11
617.115 8
617.171 7
617.227 6
617.283 7
617.338 7
617.394 9
617.450 7
617.506 8
617.562 9
617.618 9
617.673 10
617.729 11
617.785 14
617.841 13
617.897 12
617.953 12
618.008 14
618.064 13
618.120 13
618.176 15
618.232 10
618.288 13
618.344 15
618.399 13
618.455 12
618.511 11
618.567 11
618.623 12
618.679 12
618.735 13
618.791 11
618.847 9
618.902 13
618.958 13
619.014 11
619.070 9
619.126 11
619.182 10
619.238 11
619.294 10
619.350 7
619.406 7
619.461 5
619.517 5
619.573 6
619.629 7
619.685 8
619.741 11
619.797 10
619.853 12
619.909 14
619.965 13
620.021 18
620.077 17
620.133 16
620.189 13
620.245 11
620.301 11
620.357 11
620.412 13
620.468 8
620.524 7
620.580 6
620.636 4
620.692 3
620.748 3
620.804 3
620.860 2
620.916 8
620.972 13
621.028 17
621.084 21
621.140 20
621.196 17
621.252 15
621.308 13
621.364 13
621.420 11
621.476 10
621.532 12
621.588 11
621.644 12
621.700 16
621.756 16
621.812 14
621.868 15
621.924 10
621.980 8
622.037 9
622.093 8
622.149 6
622.205 4
622.261 3
622.317 3
622.373 6
622.429 6
622.485 4
622.541 3
622.597 2
622.653 1
622.709 0
622.765 1
622.821 1
622.877 1
622.933 1
622.990 0
623.046 1
623.102 3
623.158 3
623.214 3
623.270 6
623.326 8
623.382 8
623.438 7
623.494 8
623.550 7
623.607 7
623.663 7
623.719 4
623.775 4
623.831 3
623.887 3
623.943 3
623.999 3
624.056 4
624.112 8
624.168 9
624.224 15
624.280 19
624.336 18
624.392 17
624.448 15
624.505 13
624.561 11
624.617 9
624.673 6
624.729 1
624.785 1
624.842 2
624.898 4
624.954 3
625.010 5
625.066 5
625.122 6
625.179 8
625.235 7
625.291 9
625.347 7
625.403 6
625.460 6
625.516 5
625.572 6
625.628 6
625.684 7
625.741 10
625.797 9
625.853 6
625.909 5
625.965 1
626.022 4
626.078 4
626.134 4
626.190 5
626.246 8
626.303 9
626.359 10
626.415 9
626.471 9
626.528 12
626.584 12
626.640 12
626.696 12
626.753 11
626.809 9
626.865 8
626.921 5
626.978 3
627.034 3
627.090 3
627.146 3
627.203 0
627.259 1
627.315 2
627.372 3
627.428 4
627.484 4
627.540 7
627.597 8
627.653 5
627.709 7
627.766 5
627.822 4
627.878 6
627.935 4
627.991 6
628.047 6
628.103 4
628.160 5
628.216 6
628.272 7
628.329 8
628.385 8
628.441 6
628.498 7
628.554 9
628.610 8
628.667 6
628.723 4
628.779 2
628.836 3
628.892 4
628.948 5
629.005 10
629.061 11
629.117 13
629.174 14
629.230 17
629.287 16
629.343 14
629.399 10
629.456 10
629.512 12
629.568 14
629.625 19
629.681 21
629.738 21
629.794 21
629.850 18
629.907 14
629.963 13
630.020 12
630.076 10
630.132 11
630.189 12
630.245 13
630.302 14
630.358 19
630.414 19
630.471 19
630.527 16
630.584 10
630.640 9
630.697 9
630.753 8
630.809 4
630.866 4
630.922 3
630.979 2
631.035 2
631.092 2
631.148 2
631.205 2
631.261 3
631.317 4
631.374 5
631.430 9
631.487 10
631.543 11
631.600 13
631.656 12
631.713 14
631.769 15
631.826 17
631.882 20
631.939 18
631.995 17
632.052 13
632.108 12
632.165 13
632.221 15
632.278 16
632.334 20
632.391 19
632.447 20
632.504 20
632.560 19
632.617 21
632.673 18
632.730 20
632.786 22
632.843 20
632.899 23
632.956 20
633.012 18
633.069 13
633.125 12
633.182 12
633.239 9
633.295 11
633.352 11
633.408 14
633.465 20
633.521 27
633.578 28
633.634 29
633.691 30
633.748 31
633.804 28
633.861 25
633.917 20
633.974 13
634.030 15
634.087 17
634.144 20
634.200 21
634.257 18
634.313 15
634.370 10
634.427 8
634.483 9
634.540 9
634.596 10
634.653 8
634.710 8
634.766 8
634.823 7
634.879 10
634.936 9
634.993 10
635.049 11
635.106 11
635.163 11
635.219 10
635.276 14
635.332 16
635.389 15
635.446 15
635.502 11
635.559 7
635.616 7
635.672 8
635.729 6
635.786 7
635.842 6
635.899 3
635.956 2
636.012 5
636.069 6
636.126 6
636.182 6
636.239 4
636.296 4
636.352 5
636.409 6
636.466 7
636.522 8
636.579 9
636.636 12
636.693 14
636.749 17
636.806 18
636.863 17
636.919 18
636.976 16
637.033 16
637.090 17
637.146 16
637.203 17
637.260 19
637.316 21
637.373 21
637.430 21
637.487 21
637.543 20
637.600 20
637.657 22
637.714 21
637.770 23
637.827 28
637.884 25
637.941 20
637.997 13
638.054 5
638.111 5
638.168 5
638.224 5
638.281 6
638.338 7
638.395 9
638.451 11
638.508 12
638.565 13
638.622 16
638.679 22
638.735 23
638.792 21
638.849 17
638.906 14
638.963 12
639.019 11
639.076 9
639.133 9
639.190 8
639.247 9
639.303 10
639.360 10
639.417 10
639.474 9
639.531 8
639.588 5
639.644 2
639.701 3
639.758 4
639.815 5
639.872 7
639.929 6
639.985 5
640.042 5
640.099 4
640.156 5
640.213 6
640.270 6
640.327 11
640.384 12
640.440 13
640.497 15
640.554 17
640.611 17
640.668 17
640.725 17
640.782 14
640.839 14
640.895 14
640.952 14
641.009 15
641.066 15
641.123 16
641.180 15
641.237 16
641.294 14
641.351 11
641.408 7
641.464 4
641.521 4
641.578 4
641.635 3
641.692 5
641.749 7
641.806 9
641.863 13
641.920 17
641.977 17
642.034 17
642.091 15
642.148 12
642.205 11
642.262 10
642.318 8
642.375 5
642.432 4
642.489 3
642.546 2
642.603 5
642.660 6
642.717 7
642.774 8
642.831 6
642.888 6
642.945 6
643.002 5
643.059 6
643.116 9
643.173 10
643.230 8
643.287 10
643.344 9
643.401 9
643.458 10
643.515 11
643.572 11
643.629 12
643.686 12
643.743 13
643.800 13
643.857 13
643.914 13
643.971 11
644.028 9
644.085 8
644.142 6
644.199 3
644.256 4
644.313 6
644.370 6
644.428 8
644.485 11
644.542 10
644.599 12
644.656 15
644.713 12
644.770 11
644.827 12
644.884 10
644.941 10
644.998 10
645.055 12
645.112 9
645.169 9
645.226 9
645.284 11
645.341 10
645.398 9
645.455 8
645.512 5
645.569 7
645.626 7
645.683 12
645.740 13
645.797 15
645.855 15
645.912 11
645.969 14
646.026 13
646.083 12
646.140 10
646.197 7
646.254 7
646.312 7
646.369 7
646.426 8
646.483 12
646.540 15
646.597 17
646.654 18
646.711 16
646.769 12
646.826 11
646.883 8
646.940 5
646.997 5
647.054 5
647.112 3
647.169 3
647.226 4
647.283 3
647.340 4
647.397 9
647.455 11
647.512 13
647.569 17
647.626 18
647.683 16
647.741 14
647.798 8
647.855 5
647.912 5
647.969 5
648.027 5
648.084 8
648.141 15
648.198 22
648.256 35
648.313 45
648.370 41
648.427 38
648.484 34
648.542 28
648.599 27
648.656 25
648.713 20
648.771 16
648.828 15
648.885 14
648.942 15
649.000 14
649.057 15
649.114 21
649.171 21
649.229 24
649.286 26
649.343 32
649.400 26
649.458 22
649.515 18
649.572 11
649.630 10
649.687 9
649.744 9
649.801 8
649.859 10
649.916 8
649.973 7
650.031 5
650.088 3
650.145 4
650.202 4
650.260 4
650.317 7
650.374 7
650.432 8
650.489 9
650.546 13
650.604 14
650.661 13
650.718 12
650.776 11
650.833 8
650.890 8
650.948 10
651.005 9
651.062 12
651.120 13
651.177 14
651.234 10
651.292 9
651.349 8
651.406 7
651.464 5
651.521 4
651.579 5
651.636 4
651.693 7
651.751 8
651.808 9
651.865 10
651.923 7
651.980 10
652.038 11
652.095 12
652.152 13
652.210 16
652.267 17
652.325 19
652.382 20
652.439 20
652.497 19
652.554 18
652.612 19
652.669 18
652.726 16
652.784 13
652.841 12
652.899 10
652.956 10
653.014 10
653.071 12
653.128 10
653.186 13
653.243 15
653.301 10
653.358 10
653.416 10
653.473 11
653.531 12
653.588 17
653.645 18
653.703 20
653.760 21
653.818 20
653.875 19
653.933 17
653.990 16
654.048 14
654.105 17
654.163 20
654.220 24
654.278 26
654.335 25
654.393 28
654.450 29
654.508 25
654.565 23
654.623 17
654.680 15
654.738 15
654.795 15
654.853 15
654.910 15
654.968 13
655.025 13
655.083 13
655.140 15
655.198 14
655.255 15
655.313 15
655.370 16
655.428 13
655.485 14
655.543 13
655.601 11
655.658 9
655.716 6
655.773 6
655.831 2
655.888 4
655.946 6
656.003 8
656.061 10
656.119 8
656.176 7
656.234 6
656.291 3
656.349 5
656.406 6
656.464 7
656.522 5
656.579 9
656.637 9
656.694 8
656.752 8
656.810 6
656.867 4
656.925 3
656.982 3
657.040 2
657.098 3
657.155 4
657.213 6
657.270 7
657.328 8
657.386 9
657.443 11
657.501 14
657.559 21
657.616 25
657.674 26
657.732 25
657.789 19
657.847 17
657.904 15
657.962 11
658.020 9
658.077 6
658.135 3
658.193 3
658.250 3
658.308 3
658.366 3
658.423 2
658.481 4
658.539 6
658.596 8
658.654 8
658.712 11
658.769 11
658.827 11
658.885 13
658.943 9
659.000 8
659.058 9
659.116 5
659.173 5
659.231 5
659.289 2
659.346 1
659.404 2
659.462 3
659.520 6
659.577 6
659.635 7
659.693 8
659.751 9
659.808 9
659.866 9
659.924 10
659.981 8
660.039 9
660.097 9
660.155 9
660.212 10
660.270 9
660.328 9
660.386 10
660.443 13
660.501 11
660.559 11
660.617 10
660.675 8
660.732 10
660.790 14
660.848 13
660.906 18
660.963 18
661.021 14
661.079 15
661.137 17
661.195 22
661.252 25
661.310 27
661.368 28
661.426 30
661.484 29
661.541 28
661.599 23
661.657 26
661.715 26
661.773 26
661.830 23
661.888 22
661.946 24
662.004 24
662.062 26
662.120 22
662.177 20
662.235 22
662.293 21
662.351 17
662.409 15
662.467 12
662.525 8
662.582 5
662.640 5
662.698 4
662.756 1
662.814 3
662.872 3
662.930 4
662.987 5
663.045 3
663.103 4
663.161 4
663.219 3
663.277 3
663.335 3
663.393 3
663.451 4
663.508 5
663.566 9
663.624 15
663.682 19
663.740 23
663.798 21
663.856 21
663.914 19
663.972 14
664.030 14
664.088 13
664.145 10
664.203 9
664.261 8
664.319 8
664.377 6
664.435 9
664.493 8
664.551 7
664.609 8
664.667 12
664.725 12
664.783 11
664.841 13
664.899 7
664.957 5
665.015 4
665.073 3
665.131 4
665.188 5
665.246 6
665.304 8
665.362 9
665.420 12
665.478 13
665.536 11
665.594 10
665.652 12
665.710 11
665.768 15
665.826 14
665.884 11
665.942 9
666.000 7
666.058 7
666.116 8
666.174 9
666.232 6
666.290 5
666.348 4
666.406 3
666.464 2
666.522 0
666.581 0
666.639 4
666.697 5
666.755 8
666.813 8
666.871 7
666.929 8
666.987 11
667.045 12
667.103 9
667.161 7
667.219 9
667.277 8
667.335 10
667.393 10
667.451 11
667.509 11
667.567 12
667.626 10
667.684 9
667.742 7
667.800 7
667.858 7
667.916 6
667.974 6
668.032 5
668.090 2
668.148 2
668.206 5
668.265 8
668.323 10
668.381 13
668.439 15
668.497 16
668.555 17
668.613 19
668.671 15
668.729 12
668.788 9
668.846 3
668.904 3
668.962 5
669.020 5
669.078 3
669.136 4
669.195 4
669.253 8
669.311 9
669.369 9
669.427 8
669.485 9
669.543 8
669.602 8
669.660 8
669.718 5
669.776 6
669.834 6
669.893 6
669.951 5
670.009 5
670.067 6
670.125 7
670.183 12
670.242 13
670.300 14
670.358 15
670.416 18
670.474 20
670.533 19
670.591 18
670.649 13
670.707 9
670.765 9
670.824 8
670.882 7
670.940 7
670.998 8
671.057 8
671.115 8
671.173 10
671.231 8
671.290 9
671.348 7
671.406 10
671.464 11
671.522 11
671.581 17
671.639 16
671.697 17
671.756 18
671.814 20
671.872 20
671.930 21
671.989 22
672.047 20
672.105 26
672.163 30
672.222 34
672.280 39
672.338 45
672.397 43
672.455 41
672.513 38
672.571 35
672.630 31
672.688 28
672.746 27
672.805 24
672.863 26
672.921 28
672.980 33
673.038 29
673.096 30
673.154 31
673.213 30
673.271 32
673.329 31
673.388 29
673.446 27
673.504 22
673.563 20
673.621 18
673.679 15
673.738 17
673.796 16
673.855 16
673.913 13
673.971 7
674.030 8
674.088 8
674.146 9
674.205 13
674.263 17
674.321 21
674.380 27
674.438 30
674.497 26
674.555 22
674.613 15
674.672 9
674.730 11
674.788 14
674.847 14
674.905 18
674.964 22
675.022 26
675.080 32
675.139 38
675.197 37
675.256 37
675.314 37
675.373 34
675.431 32
675.489 28
675.548 25
675.606 24
675.665 25
675.723 27
675.781 33
675.840 33
675.898 30
675.957 26
676.015 18
676.074 14
676.132 16
676.191 19
676.249 23
676.308 24
676.366 25
676.424 27
676.483 24
676.541 29
676.600 26
676.658 25
676.717 19
676.775 15
676.834 15
676.892 18
676.951 16
677.009 14
677.068 12
677.126 8
677.185 8
677.243 4
677.302 4
677.360 3
677.419 3
677.477 6
677.536 8
677.594 10
677.653 15
677.711 15
677.770 14
677.828 13
677.887 12
677.945 14
678.004 14
678.062 13
678.121 10
678.180 9
678.238 10
678.297 12
678.355 15
678.414 19
678.472 19
678.531 20
678.589 19
678.648 19
678.706 17
678.765 14
678.824 7
678.882 3
678.941 4
678.999 5
679.058 8
679.116 10
679.175 10
679.234 12
679.292 13
679.351 17
679.409 17
679.468 14
679.527 9
679.585 7
679.644 5
679.702 5
679.761 9
679.820 9
679.878 6
679.937 9
679.996 9
680.054 7
680.113 7
680.171 6
680.230 7
680.289 10
680.347 12
680.406 13
680.465 17
680.523 19
680.582 18
680.640 17
680.699 17
680.758 19
680.816 19
680.875 17
680.934 13
680.992 10
681.051 8
681.110 10
681.168 10
681.227 9
681.286 9
681.344 9
681.403 9
681.462 11
681.520 12
681.579 10
681.638 12
681.697 17
681.755 16
681.814 16
681.873 11
681.931 7
681.990 8
682.049 6
682.107 7
682.166 9
682.225 9
682.284 11
682.342 13
682.401 13
682.460 13
682.519 13
682.577 12
682.636 13
682.695 11
682.753 10
682.812 7
682.871 6
682.930 7
682.988 7
683.047 8
683.106 10
683.165 10
683.223 11
683.282 8
683.341 8
683.400 8
683.459 7
683.517 11
683.576 12
683.635 12
683.694 13
683.752 12
683.811 13
683.870 12
683.929 10
683.988 6
684.046 4
684.105 4
684.164 7
684.223 9
684.282 10
684.340 10
684.399 10
684.458 9
684.517 12
684.576 13
684.634 14
684.693 14
684.752 15
684.811 14
684.870 10
684.929 10
684.987 9
685.046 9
685.105 9
685.164 9
685.223 7
685.282 8
685.341 10
685.399 12
685.458 15
685.517 16
685.576 17
685.635 17
685.694 22
685.753 23
685.811 23
685.870 27
685.929 26
685.988 27
686.047 29
686.106 32
686.165 28
686.224 27
686.282 22
686.341 21
686.400 24
686.459 23
686.518 22
686.577 24
686.636 19
686.695 18
686.754 17
686.813 13
686.872 12
686.930 13
686.989 13
687.048 12
687.107 13
687.166 14
687.225 15
687.284 18
687.343 20
687.402 18
687.461 16
687.520 11
687.579 8
687.638 8
687.697 7
687.756 7
687.815 4
687.874 3
687.933 3
687.991 4
688.050 3
688.109 3
688.168 3
688.227 4
688.286 4
688.345 4
688.404 4
688.463 5
688.522 6
688.581 6
688.640 6
688.699 3
688.758 1
688.817 2
688.876 4
688.935 6
688.994 11
689.053 15
689.112 17
689.171 21
689.230 22
689.289 21
689.348 21
689.407 21
689.466 20
689.525 20
689.585 20
689.644 20
689.703 16
689.762 15
689.821 14
689.880 9
689.939 10
689.998 9
690.057 8
690.116 5
690.175 2
690.234 3
690.293 4
690.352 5
690.411 8
690.470 8
690.529 9
690.589 9
690.648 11
690.707 11
690.766 11
690.825 13
690.884 13
690.943 14
691.002 14
691.061 18
691.120 18
691.179 19
691.239 21
691.298 18
691.357 17
691.416 14
691.475 12
691.534 11
691.593 7
691.652 7
691.712 5
691.771 3
691.830 7
691.889 7
691.948 7
692.007 6
692.066 4
692.125 4
692.185 4
692.244 4
692.303 4
692.362 5
692.421 7
692.480 8
692.540 12
692.599 13
692.658 14
692.717 13
692.776 12
692.835 10
692.895 7
692.954 6
693.013 3
693.072 4
693.131 3
693.191 5
693.250 8
693.309 9
693.368 11
693.427 9
693.487 8
693.546 5
693.605 7
693.664 10
693.723 8
693.783 9
693.842 7
693.901 5
693.960 7
694.019 7
694.079 5
694.138 6
694.197 5
694.256 6
694.316 8
694.375 12
694.434 15
694.493 16
694.553 17
694.612 16
694.671 16
694.730 15
694.790 14
694.849 14
694.908 12
694.967 12
695.027 11
695.086 7
695.145 3
695.205 3
695.264 3
695.323 6
695.382 5
695.442 8
695.501 12
695.560 13
695.620 14
695.679 12
695.738 9
695.797 6
695.857 6
695.916 14
695.975 24
696.035 36
696.094 53
696.153 62
696.213 70
696.272 80
696.331 86
696.391 79
696.450 74
696.509 69
696.569 54
696.628 50
696.687 43
696.747 36
696.806 38
696.865 40
696.925 41
696.984 39
697.043 42
697.103 47
697.162 54
697.222 64
697.281 67
697.340 64
697.400 60
697.459 53
697.518 45
697.578 42
697.637 41
697.697 37
697.756 33
697.815 32
697.875 32
697.934 29
697.994 30
698.053 31
698.112 35
698.172 39
698.231 35
698.291 36
698.350 37
698.409 39
698.469 39
698.528 37
698.588 35
698.647 35
698.707 33
698.766 34
698.825 33
698.885 28
698.944 30
699.004 33
699.063 39
699.123 46
699.182 52
699.241 46
699.301 38
699.360 30
699.420 21
699.479 21
699.539 20
699.598 19
699.658 20
699.717 21
699.777 22
699.836 23
699.896 24
699.955 26
700.015 27
700.074 29
700.134 30
700.193 29
700.253 30
700.312 30
700.372 29
700.431 32
700.491 35
700.550 41
700.610 43
700.669 39
700.729 35
700.788 27
700.848 22
700.907 22
700.967 20
701.026 17
701.086 15
701.145 19
701.205 24
701.264 32
701.324 33
701.383 28
701.443 23
701.503 17
701.562 11
701.622 10
701.681 6
701.741 3
701.800 1
701.860 2
701.919 4
701.979 8
702.039 12
702.098 13
702.158 13
702.217 15
702.277 15
702.337 14
702.396 13
702.456 11
702.515 12
702.575 12
702.634 12
702.694 12
702.754 15
702.813 15
702.873 14
702.933 12
702.992 8
703.052 7
703.111 7
703.171 5
703.231 5
703.290 7
703.350 9
703.409 14
703.469 15
703.529 15
703.588 15
703.648 17
703.708 16
703.767 18
703.827 23
703.887 24
703.946 31
704.006 28
704.066 22
704.125 14
704.185 8
704.245 9
704.304 12
704.364 13
704.424 14
704.483 17
704.543 18
704.603 21
704.662 24
704.722 23
704.782 22
704.841 21
704.901 19
704.961 18
705.021 21
705.080 19
705.140 17
705.200 17
705.259 14
705.319 17
705.379 13
705.438 12
705.498 12
705.558 13
705.618 14
705.677 14
705.737 12
705.797 7
705.857 8
705.916 9
705.976 9
706.036 8
706.096 9
706.155 8
706.215 7
706.275 7
706.335 11
706.394 12
706.454 14
706.514 21
706.574 14
706.633 11
706.693 8
706.753 4
706.813 3
706.872 5
706.932 7
706.992 8
707.052 12
707.112 12
707.171 12
707.231 14
707.291 12
707.351 12
707.411 15
707.470 12
707.530 13
707.590 13
707.650 16
707.710 15
707.769 16
707.829 15
707.889 13
707.949 14
708.009 16
708.069 18
708.128 19
708.188 24
708.248 29
708.308 25
708.368 21
708.428 15
708.488 9
708.547 9
708.607 9
708.667 13
708.727 14
708.787 13
708.847 14
708.907 9
708.966 8
709.026 11
709.086 12
709.146 18
709.206 22
709.266 23
709.326 24
709.386 27
709.445 24
709.505 23
709.565 20
709.625 17
709.685 16
709.745 17
709.805 15
709.865 14
709.925 15
709.985 15
710.044 15
710.104 11
710.164 14
710.224 13
710.284 15
710.344 15
710.404 17
710.464 17
710.524 15
710.584 18
710.644 20
710.704 20
710.764 20
710.824 18
710.884 21
710.944 20
711.003 19
711.063 21
711.123 22
711.183 24
711.243 26
711.303 28
711.363 24
711.423 21
711.483 18
711.543 12
711.603 10
711.663 10
711.723 10
711.783 10
711.843 10
711.903 11
711.963 12
712.023 16
712.083 21
712.143 22
712.203 23
712.263 22
712.323 24
712.383 25
712.443 25
712.503 25
712.563 19
712.623 18
712.683 18
712.743 16
712.803 18
712.863 18
712.923 20
712.983 20
713.044 21
713.104 21
713.164 20
713.224 17
713.284 24
713.344 25
713.404 28
713.464 36
713.524 39
713.584 40
713.644 37
713.704 28
713.764 24
713.824 19
713.884 17
713.944 18
714.005 23
714.065 24
714.125 29
714.185 32
714.245 29
714.305 27
714.365 25
714.425 20
714.485 20
714.545 22
714.606 22
714.666 27
714.726 29
714.786 28
714.846 27
714.906 26
714.966 24
715.026 24
715.086 25
715.147 22
715.207 22
715.267 22
715.327 21
715.387 27
715.447 23
715.507 21
715.568 19
715.628 12
715.688 11
715.748 13
715.808 15
715.868 20
715.929 26
715.989 29
716.049 32
716.109 38
716.169 39
716.229 37
716.290 33
716.350 32
716.410 26
716.470 25
716.530 22
716.591 19
716.651 20
716.711 18
716.771 16
716.831 12
716.892 11
716.952 15
717.012 19
717.072 21
717.132 27
717.193 28
717.253 29
717.313 29
717.373 30
717.434 26
717.494 22
717.554 22
717.614 16
717.675 15
717.735 14
717.795 13
717.855 10
717.915 10
717.976 10
718.036 7
718.096 7
718.157 10
718.217 13
718.277 16
718.337 22
718.398 21
718.458 22
718.518 23
718.578 22
718.639 20
718.699 16
718.759 15
718.820 11
718.880 11
718.940 12
719.000 10
719.061 11
719.121 15
719.181 20
719.242 28
719.302 35
719.362 39
719.423 41
719.483 50
719.543 54
719.604 92
719.664 130
719.724 170
719.785 236
719.845 286
719.905 342
719.966 414
720.026 552
720.086 699
720.147 849
720.207 997
720.267 1049
720.328 1045
720.388 1022
720.448 971
720.509 864
720.569 759
720.629 664
720.690 580
720.750 534
720.811 509
720.871 485
720.931 468
720.992 551
721.052 656
721.112 763
721.173 872
721.233 912
721.294 924
721.354 934
721.414 922
721.475 847
721.535 766
721.596 684
721.656 611
721.716 551
721.777 508
721.837 460
721.898 416
721.958 441
722.019 477
722.079 520
722.139 563
722.200 610
722.260 654
722.321 694
722.381 725
722.442 670
722.502 607
722.562 537
722.623 475
722.683 440
722.744 396
722.804 359
722.865 314
722.925 292
722.986 303
723.046 315
723.107 333
723.167 358
723.228 376
723.288 398
723.349 418
723.409 414
723.469 385
723.530 353
723.590 320
723.651 294
723.711 274
723.772 255
723.832 235
723.893 214
723.953 217
724.014 218
724.074 227
724.135 248
724.196 273
724.256 293
724.317 314
724.377 307
724.438 270
724.498 236
724.559 199
724.619 169
724.680 158
724.740 143
724.801 123
724.861 121
724.922 122
724.982 128
725.043 137
725.104 143
725.164 156
725.225 171
725.285 187
725.346 194
725.406 189
725.467 187
725.528 179
725.588 166
725.649 160
725.709 151
725.770 145
725.830 147
725.891 153
725.952 154
726.012 157
726.073 163
726.133 167
726.194 176
726.255 185
726.315 183
726.376 167
726.436 147
726.497 128
726.558 106
726.618 95
726.679 83
726.740 69
726.800 69
726.861 80
726.921 87
726.982 100
727.043 105
727.103 109
727.164 114
727.225 120
727.285 129
727.346 124
727.407 118
727.467 113
727.528 103
727.589 92
727.649 83
727.710 73
727.771 63
727.831 67
727.892 70
727.953 71
728.013 76
728.074 81
728.135 87
728.195 91
728.256 101
728.317 94
728.377 89
728.438 77
728.499 65
728.559 63
728.620 60
728.681 61
728.742 61
728.802 64
728.863 65
728.924 72
728.984 77
729.045 78
729.106 80
729.167 83
729.227 85
729.288 87
729.349 88
729.410 86
729.470 88
729.531 92
729.592 94
729.652 95
729.713 93
729.774 92
729.835 94
729.896 92
729.956 84
730.017 75
730.078 68
730.139 62
730.199 60
730.260 67
730.321 70
730.382 73
730.442 76
730.503 73
730.564 69
730.625 66
730.686 67
730.746 70
730.807 72
730.868 75
730.929 76
730.990 78
731.050 85
731.111 89
731.172 95
731.233 94
731.294 91
731.354 92
731.415 88
731.476 86
731.537 83
731.598 82
731.659 82
731.719 78
731.780 74
731.841 71
731.902 65
731.963 64
732.024 64
732.084 59
732.145 64
732.206 66
732.267 67
732.328 70
732.389 70
732.450 72
732.510 75
732.571 77
732.632 80
732.693 76
732.754 74
732.815 71
732.876 68
732.937 67
732.998 63
733.058 60
733.119 58
733.180 63
733.241 66
733.302 75
733.363 81
733.424 81
733.485 87
733.546 86
733.607 85
733.667 85
733.728 77
733.789 77
733.850 70
733.911 69
733.972 64
734.033 61
734.094 64
734.155 60
734.216 59
734.277 57
734.338 59
734.399 61
734.460 65
734.521 66
734.581 66
734.642 60
734.703 54
734.764 51
734.825 42
734.886 44
734.947 46
735.008 45
735.069 47
735.130 49
735.191 49
735.252 52
735.313 58
735.374 57
735.435 56
735.496 57
735.557 56
735.618 65
735.679 73
735.740 86
735.801 96
735.862 100
735.923 108
735.984 116
736.045 127
736.106 131
736.167 134
736.228 143
736.289 143
736.350 131
736.411 119
736.472 103
736.533 92
736.594 86
736.655 80
736.717 71
736.778 64
736.839 67
736.900 70
736.961 73
737.022 82
737.083 94
737.144 103
737.205 114
737.266 116
737.327 107
737.388 100
737.449 97
737.510 88
737.571 82
737.632 78
737.694 78
737.755 76
737.816 83
737.877 92
737.938 95
737.999 102
738.060 95
738.121 89
738.182 82
738.243 80
738.305 74
738.366 68
738.427 66
738.488 59
738.549 59
738.610 60
738.671 54
738.732 51
738.794 50
738.855 48
738.916 48
738.977 50
739.038 49
739.099 48
739.160 47
739.222 46
739.283 51
739.344 59
739.405 70
739.466 72
739.527 70
739.588 65
739.650 57
739.711 64
739.772 66
739.833 67
739.894 69
739.955 71
740.017 69
740.078 68
740.139 67
740.200 66
740.261 64
740.323 61
740.384 56
740.445 49
740.506 50
740.567 53
740.629 53
740.690 54
740.751 57
740.812 60
740.873 56
740.935 56
740.996 56
741.057 54
741.118 55
741.180 58
741.241 57
741.302 60
741.363 63
741.425 70
741.486 74
741.547 75
741.608 79
741.670 80
741.731 75
741.792 70
741.853 63
741.915 58
741.976 55
742.037 52
742.098 47
742.160 44
742.221 44
742.282 44
742.343 45
742.405 48
742.466 49
742.527 50
742.589 54
742.650 52
742.711 53
742.773 54
742.834 56
742.895 56
742.956 56
743.018 54
743.079 52
743.140 48
743.202 46
743.263 45
743.324 42
743.386 42
743.447 43
743.508 41
743.570 41
743.631 43
743.692 43
743.754 43
743.815 44
743.876 42
743.938 42
743.999 39
744.060 40
744.122 40
744.183 46
744.244 51
744.306 61
744.367 68
744.429 68
744.490 71
744.551 71
744.613 68
744.674 64
744.735 59
744.797 63
744.858 66
744.920 68
744.981 67
745.042 61
745.104 63
745.165 62
745.227 64
745.288 67
745.349 67
745.411 65
745.472 67
745.534 65
745.595 66
745.656 65
745.718 66
745.779 60
745.841 55
745.902 52
745.964 49
746.025 45
746.086 46
746.148 50
746.209 54
746.271 60
746.332 55
746.394 51
746.455 47
746.516 44
746.578 41
746.639 43
746.701 46
746.762 43
746.824 47
746.885 46
746.947 44
747.008 47
747.070 46
747.131 47
747.193 51
747.254 51
747.316 50
747.377 54
747.439 54
747.500 57
747.562 61
747.623 60
747.685 55
747.746 52
747.808 49
747.869 48
747.931 48
747.992 50
748.054 47
748.115 48
748.177 49
748.238 52
748.300 54
748.361 54
748.423 51
748.484 46
748.546 44
748.607 43
748.669 44
748.731 45
748.792 49
748.854 49
748.915 49
748.977 47
749.038 44
749.100 42
749.161 41
749.223 42
749.285 45
749.346 45
749.408 45
749.469 47
749.531 47
749.592 52
749.654 54
749.716 57
749.777 55
749.839 51
749.900 50
749.962 49
750.024 51
750.085 57
750.147 66
750.208 72
750.270 79
750.332 78
750.393 76
750.455 68
750.516 63
750.578 58
750.640 51
750.701 45
750.763 40
750.825 41
750.886 42
750.948 39
751.010 41
751.071 43
751.133 44
751.194 42
751.256 42
751.318 42
751.379 43
751.441 41
751.503 43
751.564 43
751.626 43
751.688 43
751.749 43
751.811 39
751.873 37
751.934 34
751.996 28
752.058 30
752.119 30
752.181 33
752.243 34
752.305 33
752.366 32
752.428 30
752.490 30
752.551 31
752.613 32
752.675 29
752.736 29
752.798 31
752.860 32
752.922 37
752.983 41
753.045 41
753.107 42
753.169 41
753.230 39
753.292 38
753.354 37
753.415 34
753.477 32
753.539 34
753.601 36
753.662 42
753.724 51
753.786 52
753.848 56
753.910 61
753.971 64
754.033 62
754.095 58
754.157 55
754.218 47
754.280 49
754.342 50
754.404 50
754.465 53
754.527 50
754.589 47
754.651 42
754.713 38
754.774 37
754.836 37
754.898 38
754.960 36
755.022 47
755.083 53
755.145 58
755.207 66
755.269 66
755.331 67
755.393 65
755.454 64
755.516 62
755.578 61
755.640 59
755.702 57
755.764 53
755.825 51
755.887 48
755.949 42
756.011 45
756.073 45
756.135 44
756.196 45
756.258 44
756.320 44
756.382 42
756.444 39
756.506 37
756.568 37
756.630 36
756.691 39
756.753 38
756.815 36
756.877 35
756.939 34
757.001 39
757.063 45
757.125 54
757.187 56
757.248 53
757.310 51
757.372 48
757.434 42
757.496 42
757.558 40
757.620 38
757.682 42
757.744 39
757.806 37
757.868 35
757.929 31
757.991 28
758.053 25
758.115 28
758.177 26
758.239 27
758.301 28
758.363 34
758.425 34
758.487 33
758.549 32
758.611 28
758.673 25
758.735 26
758.797 27
758.859 30
758.921 34
758.983 36
759.045 36
759.107 36
759.169 35
759.231 36
759.293 38
759.354 37
759.416 38
759.478 39
759.540 40
759.602 47
759.664 49
759.726 50
759.788 52
759.850 54
759.912 60
759.974 59
760.037 57
760.099 49
760.161 48
760.223 50
760.285 49
760.347 48
760.409 50
760.471 51
760.533 52
760.595 57
760.657 58
760.719 53
760.781 49
760.843 43
760.905 39
760.967 37
761.029 39
761.091 36
761.153 32
761.215 32
761.277 29
761.339 31
761.401 32
761.464 35
761.526 36
761.588 44
761.650 43
761.712 41
761.774 42
761.836 34
761.898 36
761.960 36
762.022 35
762.084 34
762.147 37
762.209 37
762.271 36
762.333 40
762.395 39
762.457 42
762.519 45
762.581 48
762.643 49
762.706 46
762.768 40
762.830 37
762.892 36
762.954 35
763.016 34
763.078 30
763.140 27
763.203 29
763.265 30
763.327 32
763.389 38
763.451 39
763.513 37
763.576 34
763.638 31
763.700 29
763.762 30
763.824 27
763.886 23
763.949 25
764.011 26
764.073 29
764.135 32
764.197 34
764.260 36
764.322 40
764.384 43
764.446 45
764.508 46
764.570 49
764.633 44
764.695 46
764.757 49
764.819 54
764.882 60
764.944 61
765.006 62
765.068 59
765.130 57
765.193 56
765.255 57
765.317 53
765.379 54
765.442 50
765.504 44
765.566 38
765.628 34
765.691 33
765.753 32
765.815 29
765.877 27
765.940 28
766.002 31
766.064 35
766.126 38
766.189 36
766.251 34
766.313 30
766.375 30
766.438 34
766.500 38
766.562 38
766.625 45
766.687 43
766.749 43
766.811 50
766.874 50
766.936 48
766.998 46
767.061 41
767.123 35
767.185 36
767.248 37
767.310 39
767.372 43
767.435 45
767.497 43
767.559 43
767.621 39
767.684 39
767.746 38
767.808 37
767.871 41
767.933 40
767.996 39
768.058 36
768.120 33
768.183 38
768.245 45
768.307 51
768.370 56
768.432 55
768.494 55
768.557 60
768.619 60
768.681 61
768.744 60
768.806 60
768.869 59
768.931 59
768.993 60
769.056 61
769.118 65
769.180 65
769.243 64
769.305 65
769.368 66
769.430 67
769.492 69
769.555 71
769.617 65
769.680 62
769.742 59
769.805 53
769.867 46
769.929 42
769.992 38
770.054 37
770.117 38
770.179 41
770.242 46
770.304 47
770.366 53
770.429 57
770.491 57
770.554 56
770.616 54
770.679 51
770.741 49
770.804 46
770.866 44
770.928 44
770.991 45
771.053 46
771.116 50
771.178 46
771.241 44
771.303 43
771.366 34
771.428 33
771.491 29
771.553 24
771.616 21
771.678 22
771.741 23
771.803 25
771.866 30
771.928 31
771.991 35
772.053 37
772.116 40
772.178 43
772.241 45
772.303 46
772.366 51
772.428 53
772.491 53
772.553 60
772.616 63
772.678 60
772.741 60
772.804 57
772.866 51
772.929 48
772.991 42
773.054 37
773.116 32
773.179 33
773.241 34
773.304 31
773.367 37
773.429 41
773.492 45
773.554 48
773.617 49
773.679 46
773.742 48
773.805 42
773.867 43
773.930 40
773.992 32
774.055 32
774.117 24
774.180 28
774.243 32
774.305 38
774.368 43
774.430 46
774.493 50
774.556 50
774.618 50
774.681 48
774.744 47
774.806 46
774.869 47
774.931 47
774.994 44
775.057 42
775.119 34
775.182 30
775.245 28
775.307 23
775.370 24
775.433 24
775.495 25
775.558 23
775.620 25
775.683 22
775.746 23
775.808 25
775.871 20
775.934 22
775.996 19
776.059 20
776.122 22
776.184 21
776.247 23
776.310 25
776.373 29
776.435 27
776.498 25
776.561 25
776.623 18
776.686 17
776.749 16
776.811 16
776.874 19
776.937 24
777.000 28
777.062 30
777.125 35
777.188 35
777.250 34
777.313 34
777.376 33
777.439 31
777.501 31
777.564 34
777.627 31
777.690 28
777.752 28
777.815 24
777.878 21
777.941 22
778.003 24
778.066 27
778.129 32
778.192 34
778.254 32
778.317 34
778.380 32
778.443 34
778.505 36
778.568 38
778.631 45
778.694 51
778.757 55
778.819 61
778.882 62
778.945 61
779.008 62
779.070 67
779.133 64
779.196 58
779.259 52
779.322 40
779.384 35
779.447 35
779.510 38
779.573 34
779.636 37
779.699 45
779.761 49
779.824 58
779.887 73
779.950 75
780.013 74
780.076 77
780.138 73
780.201 64
780.264 58
780.327 50
780.390 39
780.453 38
780.515 38
780.578 36
780.641 39
780.704 39
780.767 39
780.830 39
780.893 37
780.956 37
781.018 38
781.081 39
781.144 41
781.207 41
781.270 40
781.333 45
781.396 40
781.459 40
781.521 40
781.584 39
781.647 40
781.710 38
781.773 37
781.836 33
781.899 32
781.962 32
782.025 32
782.088 27
782.151 26
782.214 28
782.276 29
782.339 30
782.402 34
782.465 35
782.528 36
782.591 38
782.654 41
782.717 39
782.780 37
782.843 37
782.906 32
782.969 33
783.032 35
783.095 37
783.158 32
783.221 29
783.284 26
783.347 24
783.410 22
783.473 22
783.536 23
783.598 23
783.661 22
783.724 26
783.787 30
783.850 35
783.913 40
783.976 40
784.039 39
784.102 40
784.165 45
784.228 46
784.291 48
784.354 52
784.417 50
784.480 48
784.544 45
784.607 48
784.670 42
784.733 47
784.796 48
784.859 46
784.922 52
784.985 49
785.048 48
785.111 46
785.174 44
785.237 41
785.300 39
785.363 37
785.426 38
785.489 42
785.552 45
785.615 49
785.678 51
785.741 52
785.804 52
785.867 46
785.931 46
785.994 45
786.057 46
786.120 51
786.183 53
786.246 51
786.309 53
786.372 49
786.435 45
786.498 43
786.561 39
786.625 38
786.688 36
786.751 36
786.814 36
786.877 34
786.940 35
787.003 36
787.066 36
787.129 32
787.193 29
787.256 30
787.319 28
787.382 29
787.445 31
787.508 31
787.571 30
787.635 29
787.698 30
787.761 35
787.824 37
787.887 44
787.950 47
788.013 48
788.077 46
788.140 46
788.203 44
788.266 40
788.329 36
788.392 35
788.456 29
788.519 29
788.582 30
788.645 32
788.708 34
788.772 36
788.835 37
788.898 39
788.961 39
789.024 38
789.088 36
789.151 34
789.214 36
789.277 35
789.340 37
789.404 37
789.467 39
789.530 38
789.593 37
789.657 37
789.720 33
789.783 33
789.846 34
789.909 35
789.973 31
790.036 33
790.099 34
790.162 37
790.226 40
790.289 40
790.352 39
790.415 42
790.479 45
790.542 43
790.605 41
790.669 43
790.732 39
790.795 37
790.858 35
790.922 34
790.985 29
791.048 29
791.111 28
791.175 26
791.238 25
791.301 27
791.365 30
791.428 31
791.491 35
791.555 37
791.618 39
791.681 40
791.744 42
791.808 44
791.871 51
791.934 57
791.998 66
792.061 70
792.124 73
792.188 81
792.251 93
792.314 93
792.378 93
792.441 97
792.504 90
792.568 84
792.631 78
792.694 70
792.758 66
792.821 63
792.884 62
792.948 58
793.011 61
793.075 67
793.138 73
793.201 86
793.265 95
793.328 99
793.391 103
793.455 103
793.518 93
793.582 77
793.645 64
793.708 49
793.772 50
793.835 56
793.899 61
793.962 70
794.025 72
794.089 72
794.152 72
794.216 67
794.279 69
794.342 68
794.406 68
794.469 64
794.533 61
794.596 59
794.660 56
794.723 50
794.786 48
794.850 47
794.913 46
794.977 46
795.040 41
795.104 43
795.167 44
795.231 42
795.294 44
795.357 42
795.421 41
795.484 40
795.548 41
795.611 50
795.675 58
795.738 67
795.802 71
795.865 71
795.929 72
795.992 75
796.056 76
796.119 71
796.183 66
796.246 58
796.310 52
796.373 48
796.437 46
796.500 43
796.564 36
796.627 35
796.691 32
796.754 31
796.818 34
796.881 34
796.945 37
797.008 30
797.072 32
797.135 31
797.199 26
797.262 25
797.326 23
797.389 23
797.453 24
797.516 27
797.580 33
797.644 35
797.707 38
797.771 41
797.834 37
797.898 43
797.961 53
798.025 57
798.088 63
798.152 62
798.216 59
798.279 57
798.343 56
798.406 56
798.470 52
798.534 47
798.597 43
798.661 37
798.724 32
798.788 30
798.852 24
798.915 26
798.979 31
799.042 26
799.106 30
799.170 34
799.233 35
799.297 42
799.360 44
799.424 43
799.488 42
799.551 41
799.615 39
799.679 40
799.742 41
799.806 41
799.869 38
799.933 36
799.997 34
800.060 33
800.124 34
800.188 35
800.251 36
800.315 40
800.379 42
800.442 41
800.506 40
800.570 43
800.633 38
800.697 37
800.761 37
800.824 31
800.888 30
800.952 33
801.015 37
801.079 42
801.143 51
801.206 54
801.270 56
801.334 61
801.398 62
801.461 60
801.525 58
801.589 55
801.652 51
801.716 52
801.780 51
801.844 50
801.907 48
801.971 49
802.035 47
802.098 49
802.162 45
802.226 46
802.290 48
802.353 50
802.417 54
802.481 53
802.545 51
802.608 52
802.672 49
802.736 50
802.800 51
802.863 48
802.927 52
802.991 48
803.055 44
803.118 40
803.182 37
803.246 38
803.310 39
803.374 39
803.437 34
803.501 34
803.565 34
803.629 34
803.692 38
803.756 39
803.820 40
803.884 44
803.948 45
804.011 47
804.075 49
804.139 53
804.203 52
804.267 55
804.331 55
804.394 55
804.458 58
804.522 52
804.586 49
804.650 45
804.714 41
804.777 37
804.841 34
804.905 32
804.969 21
805.033 20
805.097 19
805.160 15
805.224 22
805.288 25
805.352 29
805.416 33
805.480 36
805.544 40
805.607 39
805.671 43
805.735 45
805.799 40
805.863 41
805.927 33
805.991 33
806.055 34
806.119 33
806.182 35
806.246 34
806.310 37
806.374 39
806.438 40
806.502 45
806.566 47
806.630 49
806.694 55
806.758 58
806.821 51
806.885 44
806.949 32
807.013 26
807.077 30
807.141 32
807.205 29
807.269 33
807.333 30
807.397 29
807.461 27
807.525 28
807.589 29
807.653 30
807.717 34
807.781 31
807.845 36
807.908 41
807.972 51
808.036 56
808.100 55
808.164 54
808.228 50
808.292 48
808.356 48
808.420 51
808.484 52
808.548 53
808.612 52
808.676 49
808.740 42
808.804 40
808.868 41
808.932 40
808.996 42
809.060 45
809.124 47
809.188 50
809.252 56
809.316 58
809.380 58
809.444 56
809.508 53
809.572 50
809.636 55
809.700 56
809.765 54
809.829 55
809.893 50
809.957 48
810.021 47
810.085 42
810.149 40
810.213 37
810.277 34
810.341 31
810.405 33
810.469 35
810.533 36
810.597 38
810.661 37
810.725 36
810.789 35
810.854 35
810.918 42
810.982 54
811.046 61
811.110 63
811.174 61
811.238 57
811.302 55
811.366 52
811.430 53
811.494 54
811.559 54
811.623 53
811.687 49
811.751 42
811.815 40
811.879 36
811.943 38
812.007 39
812.072 41
812.136 44
812.200 50
812.264 52
812.328 56
812.392 62
812.456 55
812.521 52
812.585 49
812.649 38
812.713 34
812.777 30
812.841 27
812.905 23
812.970 27
813.034 33
813.098 38
813.162 46
813.226 45
813.290 43
813.355 42
813.419 37
813.483 36
813.547 36
813.611 37
813.676 37
813.740 41
813.804 44
813.868 48
813.932 54
813.997 50
814.061 50
814.125 44
814.189 37
814.253 36
814.318 33
814.382 30
814.446 27
814.510 30
814.575 31
814.639 38
814.703 42
814.767 52
814.832 60
814.896 70
814.960 79
815.024 78
815.088 75
815.153 71
815.217 67
815.281 66
815.346 69
815.410 65
815.474 61
815.538 61
815.603 61
815.667 62
815.731 73
815.795 93
815.860 113
815.924 137
815.988 184
816.053 242
816.117 305
816.181 367
816.245 405
816.310 391
816.374 378
816.438 365
816.503 317
816.567 286
816.631 250
816.696 222
816.760 198
816.824 195
816.889 193
816.953 185
817.017 207
817.081 241
817.146 274
817.210 311
817.274 335
817.339 313
817.403 287
817.468 265
817.532 231
817.596 214
817.661 201
817.725 184
817.789 175
817.854 174
817.918 169
817.982 161
818.047 161
818.111 180
818.175 198
818.240 218
818.304 237
818.369 230
818.433 223
818.497 215
818.562 199
818.626 181
818.691 164
818.755 144
818.819 125
818.884 124
818.948 120
819.013 116
819.077 117
819.141 123
819.206 130
819.270 138
819.335 139
819.399 127
819.463 119
819.528 107
819.592 93
819.657 88
819.721 81
819.786 73
819.850 75
819.915 80
819.979 84
820.043 87
820.108 92
820.172 95
820.237 98
820.301 101
820.366 106
820.430 101
820.495 101
820.559 95
820.624 94
820.688 90
820.752 83
820.817 76
820.881 75
820.946 75
821.010 74
821.075 78
821.139 75
821.204 79
821.268 81
821.333 83
821.397 87
821.462 83
821.526 78
821.591 71
821.655 72
821.720 68
821.784 68
821.849 63
821.913 63
821.978 71
822.043 82
822.107 93
822.172 103
822.236 101
822.301 99
822.365 100
822.430 98
822.494 98
822.559 96
822.623 95
822.688 97
822.752 95
822.817 91
822.882 91
822.946 83
823.011 80
823.075 77
823.140 72
823.204 70
823.269 76
823.334 78
823.398 80
823.463 85
823.527 84
823.592 85
823.657 84
823.721 90
823.786 88
823.850 88
823.915 90
823.980 82
824.044 79
824.109 72
824.173 66
824.238 57
824.303 51
824.367 48
824.432 44
824.496 49
824.561 49
824.626 52
824.690 52
824.755 50
824.820 50
824.884 48
824.949 50
825.014 53
825.078 58
825.143 64
825.207 71
825.272 77
825.337 74
825.401 68
825.466 65
825.531 61
825.595 60
825.660 58
825.725 57
825.789 52
825.854 55
825.919 57
825.984 57
826.048 61
826.113 57
826.178 55
826.242 55
826.307 54
826.372 54
826.436 55
826.501 57
826.566 59
826.630 56
826.695 53
826.760 52
826.825 47
826.889 50
826.954 53
827.019 58
827.084 64
827.148 64
827.213 65
827.278 70
827.342 73
827.407 72
827.472 70
827.537 69
827.601 62
827.666 65
827.731 70
827.796 72
827.860 85
827.925 86
827.990 89
828.055 91
828.119 93
828.184 87
828.249 83
828.314 79
828.379 77
828.443 78
828.508 80
828.573 80
828.638 74
828.703 73
828.767 69
828.832 68
828.897 74
828.962 75
829.026 79
829.091 81
829.156 79
829.221 79
829.286 82
829.351 75
829.415 79
829.480 84
829.545 90
829.610 93
829.675 98
829.740 97
829.804 93
829.869 86
829.934 79
829.999 82
830.064 84
830.129 86
830.193 91
830.258 88
830.323 86
830.388 89
830.453 78
830.518 70
830.583 68
830.647 55
830.712 49
830.777 47
830.842 44
830.907 46
830.972 50
831.037 55
831.102 60
831.166 61
831.231 59
831.296 58
831.361 56
831.426 56
831.491 55
831.556 52
831.621 50
831.686 48
831.751 49
831.815 51
831.880 56
831.945 64
832.010 63
832.075 62
832.140 58
832.205 60
832.270 58
832.335 59
832.400 59
832.465 55
832.530 57
832.595 52
832.660 49
832.725 43
832.789 39
832.854 43
832.919 47
832.984 53
833.049 58
833.114 62
833.179 64
833.244 66
833.309 72
833.374 71
833.439 72
833.504 74
833.569 72
833.634 74
833.699 76
833.764 75
833.829 73
833.894 74
833.959 72
834.024 73
834.089 70
834.154 73
834.219 77
834.284 78
834.349 80
834.414 78
834.479 76
834.544 75
834.609 69
834.674 68
834.739 66
834.804 63
834.869 67
834.934 71
834.999 76
835.064 81
835.129 89
835.195 93
835.260 99
835.325 106
835.390 113
835.455 112
835.520 113
835.585 114
835.650 106
835.715 101
835.780 97
835.845 88
835.910 77
835.975 71
836.040 64
836.105 60
836.171 54
836.236 56
836.301 58
836.366 52
836.431 59
836.496 64
836.561 67
836.626 71
836.691 72
836.756 71
836.822 71
836.887 74
836.952 74
837.017 76
837.082 75
837.147 73
837.212 78
837.277 79
837.343 79
837.408 82
837.473 85
837.538 84
837.603 84
837.668 83
837.733 85
837.799 88
837.864 92
837.929 92
837.994 89
838.059 88
838.124 84
838.189 78
838.255 84
838.320 87
838.385 88
838.450 97
838.515 102
838.581 113
838.646 127
838.711 139
838.776 148
838.841 154
838.906 158
838.972 159
839.037 172
839.102 209
839.167 245
839.232 283
839.298 326
839.363 338
839.428 351
839.493 364
839.559 425
839.624 483
839.689 545
839.754 614
839.819 673
839.885 789
839.950 928
840.015 1122
840.080 1274
840.146 1433
840.211 1587
840.276 1685
840.341 1783
840.407 1745
840.472 1650
840.537 1502
840.602 1347
840.668 1221
840.733 1125
840.798 1073
840.863 1026
840.929 1066
840.994 1133
841.059 1257
841.125 1381
841.190 1506
841.255 1619
841.320 1679
841.386 1739
841.451 1673
841.516 1580
841.582 1431
841.647 1284
841.712 1161
841.778 1058
841.843 1010
841.908 961
841.973 972
842.039 991
842.104 1056
842.169 1117
842.235 1186
842.300 1251
842.365 1262
842.431 1268
842.496 1212
842.561 1147
842.627 1077
842.692 992
842.757 935
842.823 875
842.888 839
842.954 821
843.019 820
843.084 828
843.150 849
843.215 884
843.280 911
843.346 938
843.411 955
843.476 932
843.542 891
843.607 841
843.673 796
843.738 750
843.803 721
843.869 686
843.934 660
843.999 645
844.065 644
844.130 638
844.196 628
844.261 630
844.327 623
844.392 619
844.457 607
844.523 601
844.588 590
844.654 583
844.719 577
844.784 558
844.850 541
844.915 530
844.981 518
845.046 516
845.112 513
845.177 505
845.242 503
845.308 499
845.373 501
845.439 509
845.504 514
845.570 515
845.635 515
845.701 517
845.766 518
845.832 514
845.897 507
845.963 498
846.028 486
846.093 476
846.159 469
846.224 462
846.290 457
846.355 462
846.421 464
846.486 467
846.552 470
846.617 459
846.683 456
846.748 454
846.814 437
846.879 424
846.945 410
847.010 389
847.076 376
847.141 371
847.207 366
847.272 363
847.338 361
847.404 368
847.469 373
847.535 379
847.600 384
847.666 391
847.731 387
847.797 388
847.862 381
847.928 370
847.993 368
848.059 367
848.124 369
848.190 358
848.256 352
848.321 343
848.387 332
848.452 334
848.518 327
848.583 319
848.649 312
848.715 307
848.780 305
848.846 304
848.911 297
848.977 292
849.043 286
849.108 274
849.174 265
849.239 260
849.305 262
849.371 267
849.436 270
849.502 285
849.567 295
849.633 308
849.699 323
849.764 331
849.830 324
849.895 315
849.961 309
850.027 302
850.092 284
850.158 266
850.224 241
850.289 219
850.355 215
850.421 211
850.486 205
850.552 212
850.618 225
850.683 237
850.749 249
850.814 253
850.880 256
850.946 253
851.011 251
851.077 256
851.143 254
851.208 255
851.274 252
851.340 263
851.406 272
851.471 284
851.537 299
851.603 305
851.668 299
851.734 292
851.800 284
851.865 267
851.931 258
851.997 250
852.063 240
852.128 239
852.194 236
852.260 234
852.325 235
852.391 243
852.457 247
852.523 251
852.588 256
852.654 252
852.720 255
852.785 258
852.851 254
852.917 253
852.983 251
853.048 250
853.114 246
853.180 257
853.246 258
853.311 266
853.377 273
853.443 275
853.509 275
853.575 271
853.640 274
853.706 264
853.772 255
853.838 244
853.903 236
853.969 228
854.035 234
854.101 238
854.167 234
854.232 240
854.298 240
854.364 237
854.430 238
854.496 244
854.561 244
854.627 243
854.693 242
854.759 238
854.825 245
854.890 250
854.956 259
855.022 268
855.088 275
855.154 280
855.220 283
855.285 287
855.351 282
855.417 277
855.483 269
855.549 262
855.615 260
855.680 257
855.746 262
855.812 271
855.878 281
855.944 290
856.010 300
856.076 295
856.142 301
856.207 310
856.273 317
856.339 313
856.405 314
856.471 314
856.537 311
856.603 311
856.669 295
856.734 280
856.800 268
856.866 268
856.932 264
856.998 262
857.064 262
857.130 264
857.196 276
857.262 291
857.328 304
857.394 299
857.459 307
857.525 318
857.591 325
857.657 322
857.723 304
857.789 283
857.855 261
857.921 251
857.987 247
858.053 250
858.119 249
858.185 259
858.251 270
858.317 280
858.383 294
858.449 283
858.515 274
858.580 267
858.646 251
858.712 242
858.778 236
858.844 224
858.910 214
858.976 217
859.042 222
859.108 225
859.174 231
859.240 232
859.306 235
859.372 239
859.438 244
859.504 248
859.570 253
859.636 257
859.702 259
859.768 260
859.834 256
859.900 250
859.966 243
860.032 246
860.098 243
860.164 240
860.230 245
860.296 240
860.362 239
860.429 238
860.495 234
860.561 235
860.627 235
860.693 236
860.759 234
860.825 234
860.891 227
860.957 218
861.023 213
861.089 207
861.155 209
861.221 210
861.287 213
861.353 210
861.419 211
861.485 209
861.552 209
861.618 212
861.684 214
861.750 218
861.816 221
861.882 221
861.948 226
862.014 231
862.080 240
862.146 241
862.212 244
862.279 248
862.345 250
862.411 261
862.477 253
862.543 249
862.609 245
862.675 228
862.741 220
862.807 210
862.874 199
862.940 191
863.006 193
863.072 194
863.138 189
863.204 193
863.270 198
863.337 199
863.403 204
863.469 212
863.535 206
863.601 203
863.667 205
863.734 200
863.800 201
863.866 203
863.932 201
863.998 203
864.064 208
864.131 210
864.197 217
864.263 224
864.329 226
864.395 226
864.462 228
864.528 222
864.594 223
864.660 224
864.726 222
864.793 220
864.859 219
864.925 222
864.991 225
865.057 220
865.124 232
865.190 245
865.256 257
865.322 267
865.388 268
865.455 265
865.521 263
865.587 264
865.653 242
865.720 220
865.786 199
865.852 182
865.918 181
865.985 178
866.051 179
866.117 184
866.183 195
866.250 203
866.316 210
866.382 211
866.448 210
866.515 206
866.581 207
866.647 206
866.714 200
866.780 195
866.846 194
866.912 199
866.979 204
867.045 213
867.111 216
867.178 218
867.244 210
867.310 203
867.377 187
867.443 172
867.509 170
867.575 165
867.642 166
867.708 171
867.774 171
867.841 174
867.907 180
867.973 190
868.040 193
868.106 195
868.172 203
868.239 202
868.305 204
868.371 206
868.438 208
868.504 207
868.570 211
868.637 213
868.703 213
868.770 221
868.836 223
868.902 224
868.969 224
869.035 220
869.101 209
869.168 200
869.234 192
869.301 174
869.367 172
869.433 167
869.500 157
869.566 162
869.632 168
869.699 167
869.765 169
869.832 174
869.898 182
869.964 190
870.031 204
870.097 204
870.164 206
870.230 210
870.297 209
870.363 216
870.429 204
870.496 198
870.562 183
870.629 174
870.695 173
870.762 172
870.828 172
870.894 174
870.961 176
871.027 180
871.094 184
871.160 183
871.227 181
871.293 183
871.360 181
871.426 176
871.492 176
871.559 175
871.625 174
871.692 180
871.758 183
871.825 188
871.891 187
871.958 183
872.024 189
872.091 192
872.157 197
872.224 196
872.290 189
872.357 182
872.423 175
872.490 171
872.556 167
872.623 171
872.689 173
872.756 182
872.822 187
872.889 192
872.955 201
873.022 188
873.088 180
873.155 175
873.221 165
873.288 164
873.355 163
873.421 164
873.488 166
873.554 173
873.621 178
873.687 182
873.754 184
873.820 179
873.887 175
873.953 169
874.020 166
874.087 164
874.153 164
874.220 165
874.286 173
874.353 172
874.419 168
874.486 169
874.553 172
874.619 173
874.686 177
874.752 180
874.819 178
874.886 183
874.952 188
875.019 195
875.085 203
875.152 210
875.219 206
875.285 209
875.352 216
875.418 220
875.485 221
875.552 223
875.618 220
875.685 211
875.752 205
875.818 197
875.885 191
875.951 176
876.018 170
876.085 166
876.151 161
876.218 164
876.285 161
876.351 157
876.418 153
876.485 151
876.551 151
876.618 150
876.685 154
876.751 156
876.818 162
876.885 165
876.951 171
877.018 171
877.085 167
877.151 161
877.218 156
877.285 150
877.351 148
877.418 143
877.485 140
877.551 137
877.618 140
877.685 141
877.752 147
877.818 152
877.885 161
877.952 169
878.018 177
878.085 182
878.152 181
878.219 182
878.285 179
878.352 182
878.419 183
878.486 187
878.552 184
878.619 182
878.686 183
878.753 181
878.819 180
878.886 185
878.953 181
879.020 180
879.086 169
879.153 166
879.220 160
879.287 154
879.353 150
879.420 141
879.487 146
879.554 151
879.620 163
879.687 168
879.754 172
879.821 177
879.888 179
879.954 188
880.021 189
880.088 190
880.155 193
880.222 190
880.288 185
880.355 177
880.422 171
880.489 169
880.556 178
880.622 185
880.689 190
880.756 203
880.823 192
880.890 184
880.957 171
881.023 158
881.090 155
881.157 149
881.224 147
881.291 139
881.358 144
881.424 147
881.491 158
881.558 161
881.625 160
881.692 161
881.759 164
881.826 174
881.892 174
881.959 175
882.026 178
882.093 168
882.160 174
882.227 178
882.294 178
882.361 186
882.427 177
882.494 166
882.561 157
882.628 148
882.695 151
882.762 151
882.829 153
882.896 152
882.963 160
883.029 166
883.096 171
883.163 171
883.230 165
883.297 161
883.364 156
883.431 158
883.498 157
883.565 155
883.632 159
883.699 167
883.766 178
883.833 196
883.900 211
883.966 212
884.033 206
884.100 195
884.167 186
884.234 185
884.301 176
884.368 170
884.435 165
884.502 155
884.569 163
884.636 165
884.703 173
884.770 177
884.837 177
884.904 178
884.971 176
885.038 174
885.105 181
885.172 184
885.239 189
885.306 192
885.373 185
885.440 182
885.507 175
885.574 174
885.641 170
885.708 175
885.775 169
885.842 153
885.909 150
885.976 146
886.043 143
886.110 148
886.177 154
886.244 157
886.311 166
886.378 171
886.445 162
886.512 153
886.579 143
886.646 129
886.713 135
886.780 143
886.848 150
886.915 156
886.982 162
887.049 165
887.116 171
887.183 187
887.250 191
887.317 196
887.384 200
887.451 192
887.518 180
887.585 169
887.652 156
887.719 142
887.787 141
887.854 140
887.921 136
887.988 136
888.055 139
888.122 137
888.189 140
888.256 140
888.323 142
888.391 149
888.458 150
888.525 160
888.592 159
888.659 161
888.726 162
888.793 160
888.860 157
888.928 154
888.995 152
889.062 149
889.129 152
889.196 157
889.263 160
889.330 161
889.398 155
889.465 144
889.532 131
889.599 124
889.666 119
889.733 118
889.801 117
889.868 112
889.935 124
890.002 138
890.069 152
890.136 168
890.204 171
890.271 172
890.338 175
890.405 178
890.472 180
890.540 182
890.607 181
890.674 181
890.741 180
890.808 178
890.876 166
890.943 165
891.010 155
891.077 146
891.144 141
891.212 130
891.279 125
891.346 125
891.413 129
891.481 128
891.548 139
891.615 152
891.682 156
891.750 173
891.817 178
891.884 182
891.951 191
892.019 198
892.086 193
892.153 189
892.220 187
892.288 179
892.355 175
892.422 170
892.489 167
892.557 161
892.624 161
892.691 161
892.758 164
892.826 168
892.893 171
892.960 171
893.028 170
893.095 164
893.162 155
893.230 151
893.297 146
893.364 141
893.431 146
893.499 147
893.566 151
893.633 154
893.701 155
893.768 161
893.835 163
893.903 167
893.970 168
894.037 165
894.105 162
894.172 159
894.239 168
894.307 175
894.374 183
894.441 185
894.509 173
894.576 162
894.643 144
894.711 140
894.778 134
894.845 129
894.913 129
894.980 117
895.048 114
895.115 116
895.182 113
895.250 113
895.317 114
895.384 117
895.452 116
895.519 127
895.587 138
895.654 148
895.721 157
895.789 166
895.856 163
895.924 164
895.991 159
896.058 161
896.126 159
896.193 156
896.261 151
896.328 143
896.395 144
896.463 143
896.530 144
896.598 139
896.665 135
896.733 134
896.800 129
896.867 126
896.935 130
897.002 133
897.070 134
897.137 140
897.205 139
897.272 137
897.340 138
897.407 137
897.475 136
897.542 137
897.609 138
897.677 140
897.744 144
897.812 143
897.879 142
897.947 146
898.014 145
898.082 145
898.149 141
898.217 134
898.284 138
898.352 148
898.419 160
898.487 166
898.554 165
898.622 162
898.689 162
898.757 165
898.824 156
898.892 147
898.959 136
899.027 129
899.094 128
899.162 125
899.229 124
899.297 118
899.365 120
899.432 122
899.500 125
899.567 122
899.635 129
899.702 132
899.770 138
899.837 147
899.905 154
899.972 160
900.040 161
900.108 166
900.175 162
900.243 156
900.310 154
900.378 156
900.445 155
900.513 154
900.581 154
900.648 154
900.716 153
900.783 151
900.851 156
900.918 155
900.986 151
901.054 150
901.121 143
901.189 139
901.256 142
901.324 144
901.392 150
901.459 156
901.527 164
901.595 170
901.662 176
901.730 177
901.797 178
901.865 171
901.933 169
902.000 163
902.068 160
902.136 159
902.203 160
902.271 162
902.339 154
902.406 147
902.474 141
902.541 136
902.609 133
902.677 132
902.744 124
902.812 119
902.880 121
902.947 118
903.015 120
903.083 119
903.150 118
903.218 119
903.286 118
903.354 125
903.421 132
903.489 138
903.557 144
903.624 147
903.692 151
903.760 155
903.827 154
903.895 156
903.963 154
904.031 157
904.098 158
904.166 145
904.234 142
904.301 139
904.369 135
904.437 137
904.505 140
904.572 141
904.640 140
904.708 146
904.775 144
904.843 137
904.911 134
904.979 125
905.046 130
905.114 140
905.182 146
905.250 157
905.318 161
905.385 163
905.453 163
905.521 167
905.589 157
905.656 147
905.724 142
905.792 133
905.860 128
905.927 126
905.995 126
906.063 118
906.131 109
906.199 103
906.266 94
906.334 85
906.402 85
906.470 83
906.538 80
906.605 82
906.673 83
906.741 87
906.809 92
906.877 99
906.944 106
907.012 115
907.080 122
907.148 131
907.216 128
907.284 129
907.351 126
907.419 126
907.487 126
907.555 126
907.623 127
907.691 129
907.759 134
907.826 136
907.894 140
907.962 141
908.030 149
908.098 153
908.166 154
908.234 157
908.301 153
908.369 150
908.437 145
908.505 143
908.573 140
908.641 135
908.709 134
908.777 130
908.845 132
908.912 131
908.980 133
909.048 131
909.116 138
909.184 147
909.252 159
909.320 167
909.388 166
909.456 165
909.524 166
909.592 164
909.659 158
909.727 152
909.795 148
909.863 149
909.931 140
909.999 134
910.067 119
910.135 110
910.203 109
910.271 108
910.339 105
910.407 103
910.475 106
910.543 109
910.611 117
910.679 119
910.747 120
910.815 121
910.883 122
910.950 132
911.018 143
911.086 151
911.154 165
911.222 165
911.290 161
911.358 159
911.426 152
911.494 152
911.562 152
911.630 149
911.698 146
911.766 143
911.834 143
911.902 146
911.970 146
912.038 146
912.106 143
912.174 141
912.242 138
912.310 141
912.379 136
912.447 133
912.515 128
912.583 122
912.651 122
912.719 120
912.787 125
912.855 123
912.923 123
912.991 122
913.059 122
913.127 123
913.195 124
913.263 125
913.331 122
913.399 120
913.467 127
913.535 138
913.603 150
913.672 157
913.740 154
913.808 150
913.876 144
913.944 140
914.012 132
914.080 126
914.148 117
914.216 119
914.284 127
914.352 137
914.421 143
914.489 144
914.557 146
914.625 144
914.693 145
914.761 147
914.829 140
914.897 135
914.965 126
915.034 124
915.102 126
915.170 128
915.238 133
915.306 131
915.374 129
915.442 124
915.511 118
915.579 117
915.647 117
915.715 117
915.783 119
915.851 126
915.919 129
915.988 136
916.056 144
916.124 146
916.192 153
916.260 158
916.328 157
916.397 155
916.465 146
916.533 137
916.601 131
916.669 136
916.738 130
916.806 127
916.874 120
916.942 115
917.010 119
917.079 124
917.147 130
917.215 137
917.283 139
917.351 141
917.420 146
917.488 145
917.556 142
917.624 138
917.693 136
917.761 134
917.829 136
917.897 134
917.965 135
918.034 138
918.102 139
918.170 142
918.238 143
918.307 143
918.375 138
918.443 132
918.511 120
918.580 111
918.648 108
918.716 108
918.785 112
918.853 114
918.921 113
918.989 106
919.058 107
919.126 99
919.194 102
919.262 108
919.331 114
919.399 114
919.467 115
919.536 115
919.604 114
919.672 124
919.741 120
919.809 117
919.877 114
919.945 114
920.014 121
920.082 124
920.150 126
920.219 124
920.287 127
920.355 133
920.424 143
920.492 144
920.560 137
920.629 136
920.697 131
920.765 131
920.834 133
920.902 135
920.970 133
921.039 130
921.107 130
921.176 130
921.244 128
921.312 128
921.381 136
921.449 145
921.517 158
921.586 170
921.654 172
921.722 172
921.791 172
921.859 176
921.928 170
921.996 164
922.064 159
922.133 146
922.201 140
922.270 134
922.338 124
922.406 117
922.475 118
922.543 121
922.612 118
922.680 123
922.748 121
922.817 118
922.885 115
922.954 116
923.022 125
923.091 132
923.159 140
923.227 144
923.296 143
923.364 140
923.433 137
923.501 130
923.570 120
923.638 110
923.707 101
923.775 98
923.844 100
923.912 106
923.980 114
924.049 121
924.117 122
924.186 125
924.254 126
924.323 129
924.391 133
924.460 134
924.528 143
924.597 142
924.665 134
924.734 126
924.802 114
924.871 103
924.939 103
925.008 106
925.076 106
925.145 115
925.213 117
925.282 119
925.350 121
925.419 123
925.487 123
925.556 124
925.624 126
925.693 128
925.761 130
925.830 132
925.898 134
925.967 138
926.036 131
926.104 128
926.173 122
926.241 116
926.310 115
926.378 112
926.447 109
926.515 102
926.584 101
926.653 103
926.721 108
926.790 113
926.858 116
926.927 119
926.995 128
927.064 132
927.133 130
927.201 125
927.270 123
927.338 120
927.407 116
927.475 111
927.544 105
927.613 95
927.681 96
927.750 97
927.819 96
927.887 105
927.956 112
928.024 119
928.093 129
928.162 137
928.230 131
928.299 129
928.367 129
928.436 120
928.505 117
928.573 117
928.642 112
928.711 112
928.779 109
928.848 108
928.917 104
928.985 99
929.054 97
929.123 95
929.191 98
929.260 100
929.329 108
929.397 115
929.466 127
929.535 130
929.603 135
929.672 135
929.741 137
929.809 151
929.878 151
929.947 154
930.015 155
930.084 152
930.153 153
930.221 153
930.290 153
930.359 153
930.428 152
930.496 151
930.565 147
930.634 144
930.702 137
930.771 130
930.840 124
930.909 120
930.977 118
931.046 114
931.115 110
931.183 112
931.252 117
931.321 125
931.390 132
931.458 138
931.527 133
931.596 129
931.665 121
931.733 118
931.802 119
931.871 119
931.940 120
932.008 115
932.077 118
932.146 125
932.215 127
932.284 136
932.352 135
932.421 130
932.490 123
932.559 120
932.627 123
932.696 131
932.765 135
932.834 133
932.903 131
932.971 128
933.040 132
933.109 129
933.178 126
933.247 118
933.315 109
933.384 103
933.453 98
933.522 94
933.591 92
933.660 92
933.728 96
933.797 101
933.866 106
933.935 114
934.004 123
934.073 132
934.141 141
934.210 149
934.279 149
934.348 151
934.417 153
934.486 153
934.555 150
934.623 143
934.692 140
934.761 129
934.830 132
934.899 132
934.968 128
935.037 125
935.106 119
935.174 118
935.243 117
935.312 116
935.381 120
935.450 125
935.519 125
935.588 129
935.657 128
935.726 130
935.794 135
935.863 130
935.932 130
936.001 131
936.070 134
936.139 133
936.208 134
936.277 135
936.346 136
936.415 139
936.484 131
936.553 122
936.622 117
936.690 114
936.759 113
936.828 114
936.897 110
936.966 107
937.035 103
937.104 101
937.173 101
937.242 93
937.311 91
937.380 85
937.449 88
937.518 89
937.587 90
937.656 90
937.725 86
937.794 89
937.863 89
937.932 90
938.001 94
938.070 92
938.139 96
938.208 101
938.277 104
938.346 102
938.415 106
938.484 112
938.553 121
938.622 125
938.691 127
938.760 128
938.829 127
938.898 132
938.967 134
939.036 137
939.105 134
939.174 136
939.243 132
939.312 131
939.381 126
939.450 115
939.519 112
939.588 113
939.657 118
939.726 115
939.795 120
939.864 125
939.934 133
940.003 138
940.072 139
940.141 140
940.210 144
940.279 150
940.348 153
940.417 159
940.486 160
940.555 162
940.624 157
940.693 151
940.762 149
940.832 145
940.901 143
940.970 142
941.039 141
941.108 145
941.177 145
941.246 143
941.315 141
941.384 139
941.454 133
941.523 134
941.592 128
941.661 122
941.730 123
941.799 123
941.868 129
941.937 126
942.007 131
942.076 133
942.145 138
942.214 145
942.283 151
942.352 156
942.421 159
942.491 157
942.560 151
942.629 144
942.698 144
942.767 135
942.836 129
942.906 129
942.975 120
943.044 124
943.113 123
943.182 124
943.251 119
943.321 110
943.390 109
943.459 102
943.528 102
943.597 107
943.667 108
943.736 112
943.805 111
943.874 111
943.943 109
944.013 107
944.082 109
944.151 106
944.220 110
944.290 114
944.359 121
944.428 119
944.497 114
944.566 108
944.636 102
944.705 95
944.774 93
944.843 91
944.913 86
944.982 92
945.051 95
945.120 101
945.190 103
945.259 108
945.328 115
945.397 123
945.467 135
945.536 140
945.605 143
945.675 143
945.744 142
945.813 149
945.882 143
945.952 139
946.021 134
946.090 124
946.160 122
946.229 118
946.298 120
946.367 122
946.437 131
946.506 141
946.575 147
946.645 156
946.714 155
946.783 153
946.853 151
946.922 147
946.991 141
947.061 134
947.130 126
947.199 118
947.269 114
947.338 110
947.407 103
947.477 105
947.546 107
947.615 109
947.685 110
947.754 116
947.823 120
947.893 128
947.962 132
948.031 132
948.101 133
948.170 134
948.239 133
948.309 132
948.378 130
948.448 124
948.517 123
948.586 127
948.656 130
948.725 133
948.795 138
948.864 135
948.933 123
949.003 115
949.072 106
949.141 93
949.211 98
949.280 101
949.350 105
949.419 104
949.489 102
949.558 99
949.627 95
949.697 99
949.766 113
949.836 122
949.905 129
949.975 141
950.044 143
950.113 143
950.183 140
950.252 148
950.322 146
950.391 148
950.461 150
950.530 135
950.600 131
950.669 128
950.738 128
950.808 124
950.877 121
950.947 120
951.016 114
951.086 125
951.155 135
951.225 142
951.294 153
951.364 161
951.433 161
951.503 159
951.572 161
951.642 156
951.711 153
951.781 150
951.850 149
951.920 138
951.989 136
952.059 132
952.128 130
952.198 132
952.267 127
952.337 123
952.406 124
952.476 119
952.545 117
952.615 119
952.684 119
952.754 116
952.824 118
952.893 116
952.963 113
953.032 110
953.102 110
953.171 112
953.241 109
953.310 113
953.380 110
953.449 108
953.519 102
953.589 97
953.658 95
953.728 93
953.797 90
953.867 89
953.936 93
954.006 95
954.076 98
954.145 102
954.215 102
954.284 102
954.354 103
954.424 97
954.493 96
954.563 95
954.632 89
954.702 91
954.772 95
954.841 99
954.911 101
954.980 107
955.050 107
955.120 108
955.189 109
955.259 112
955.329 113
955.398 118
955.468 119
955.538 111
955.607 111
955.677 108
955.746 111
955.816 113
955.886 123
955.955 127
956.025 134
956.095 142
956.164 135
956.234 131
956.304 129
956.373 125
956.443 116
956.513 109
956.582 97
956.652 89
956.722 85
956.791 85
956.861 87
956.931 84
957.001 90
957.070 95
957.140 97
957.210 106
957.279 107
957.349 110
957.419 111
957.488 113
957.558 112
957.628 111
957.698 113
957.767 106
957.837 104
957.907 99
957.977 100
958.046 98
958.116 100
958.186 100
958.255 102
958.325 108
958.395 115
958.465 117
958.534 124
958.604 119
958.674 122
958.744 121
958.813 120
958.883 125
958.953 122
959.023 122
959.093 125
959.162 129
959.232 128
959.302 129
959.372 130
959.441 129
959.511 130
959.581 131
959.651 129
959.721 127
959.790 124
959.860 121
959.930 116
960.000 117
960.070 115
960.139 113
960.209 112
960.279 108
960.349 113
960.419 117
960.489 119
960.558 121
960.628 118
960.698 115
960.768 117
960.838 121
960.907 122
960.977 124
961.047 129
961.117 135
961.187 135
961.257 134
961.327 137
961.396 135
961.466 130
961.536 127
961.606 120
961.676 116
961.746 117
961.816 121
961.885 121
961.955 125
962.025 117
962.095 109
962.165 102
962.235 95
962.305 101
962.375 105
962.445 110
962.514 108
962.584 111
962.654 103
962.724 94
962.794 92
962.864 93
962.934 94
963.004 91
963.074 94
963.144 93
963.214 95
963.283 98
963.353 103
963.423 106
963.493 112
963.563 117
963.633 121
963.703 121
963.773 118
963.843 121
963.913 117
963.983 120
964.053 128
964.123 137
964.193 145
964.263 148
964.333 149
964.403 149
964.473 155
964.543 151
964.613 147
964.683 142
964.753 145
964.822 143
964.892 134
964.962 133
965.032 128
965.102 125
965.172 121
965.242 122
965.312 111
965.382 106
965.452 103
965.522 98
965.592 93
965.662 94
965.732 92
965.803 90
965.873 86
965.943 86
966.013 91
966.083 93
966.153 96
966.223 94
966.293 90
966.363 88
966.433 85
966.503 87
966.573 89
966.643 91
966.713 94
966.783 91
966.853 86
966.923 79
966.993 74
967.063 79
967.133 87
967.203 91
967.273 96
967.344 99
967.414 105
967.484 108
967.554 110
967.624 109
967.694 107
967.764 110
967.834 109
967.904 112
967.974 112
968.044 114
968.115 119
968.185 117
968.255 115
968.325 113
968.395 110
968.465 108
968.535 106
968.605 105
968.675 98
968.746 93
968.816 87
968.886 81
968.956 78
969.026 75
969.096 73
969.166 72
969.237 73
969.307 76
969.377 77
969.447 80
969.517 87
969.587 89
969.657 93
969.728 100
969.798 96
969.868 97
969.938 96
970.008 93
970.078 99
970.149 99
970.219 100
970.289 100
970.359 108
970.429 111
970.500 115
970.570 124
970.640 129
970.710 126
970.780 123
970.851 125
970.921 110
970.991 106
971.061 102
971.131 95
971.202 92
971.272 96
971.342 99
971.412 101
971.482 107
971.553 110
971.623 119
971.693 127
971.763 137
971.834 136
971.904 134
971.974 130
972.044 124
972.115 121
972.185 115
972.255 113
972.325 112
972.396 111
972.466 111
972.536 109
972.606 109
972.677 108
972.747 107
972.817 107
972.888 105
972.958 105
973.028 103
973.098 102
973.169 102
973.239 101
973.309 100
973.380 99
973.450 101
973.520 103
973.590 106
973.661 110
973.731 113
973.801 111
973.872 107
973.942 106
974.012 100
974.083 106
974.153 114
974.223 118
974.294 130
974.364 126
974.434 122
974.505 123
974.575 112
974.645 110
974.716 109
974.786 107
974.856 109
974.927 104
974.997 96
975.067 89
975.138 80
975.208 76
975.279 73
975.349 67
975.419 69
975.490 71
975.560 70
975.630 71
975.701 72
975.771 73
975.842 76
975.912 79
975.982 83
976.053 85
976.123 93
976.193 103
976.264 109
976.334 114
976.405 116
976.475 122
976.546 123
976.616 126
976.686 126
976.757 133
976.827 135
976.898 130
976.968 123
977.038 116
977.109 115
977.179 115
977.250 117
977.320 114
977.391 111
977.461 113
977.532 115
977.602 116
977.672 110
977.743 108
977.813 104
977.884 102
977.954 102
978.025 105
978.095 107
978.166 109
978.236 114
978.307 114
978.377 114
978.448 112
978.518 116
978.589 113
978.659 112
978.730 106
978.800 102
978.871 103
978.941 102
979.012 99
979.082 106
979.153 102
979.223 100
979.294 97
979.364 97
979.435 102
979.505 104
979.576 105
979.646 110
979.717 108
979.787 106
979.858 105
979.928 100
979.999 94
980.069 90
980.140 85
980.210 81
980.281 87
980.352 91
980.422 94
980.493 101
980.563 98
980.634 99
980.704 99
980.775 95
980.845 96
980.916 97
980.987 95
981.057 99
981.128 94
981.198 93
981.269 89
981.340 84
981.410 87
981.481 95
981.551 100
981.622 106
981.693 108
981.763 108
981.834 113
981.904 118
981.975 121
982.046 120
982.116 128
982.187 128
982.257 124
982.328 119
982.399 118
982.469 115
982.540 117
982.611 116
982.681 115
982.752 113
982.822 113
982.893 115
982.964 120
983.034 122
983.105 119
983.176 116
983.246 113
983.317 110
983.388 106
983.458 104
983.529 100
983.600 103
983.670 108
983.741 112
983.812 119
983.882 114
983.953 115
984.024 109
984.094 103
984.165 98
984.236 111
984.306 125
984.377 143
984.448 155
984.519 158
984.589 159
984.660 157
984.731 158
984.801 152
984.872 151
984.943 143
985.014 138
985.084 150
985.155 166
985.226 185
985.296 198
985.367 200
985.438 199
985.509 198
985.579 187
985.650 171
985.721 155
985.792 144
985.862 127
985.933 131
986.004 133
986.075 134
986.145 137
986.216 141
986.287 145
986.358 149
986.429 157
986.499 157
986.570 157
986.641 161
986.712 153
986.782 145
986.853 136
986.924 123
986.995 118
987.066 120
987.136 122
987.207 124
987.278 121
987.349 119
987.420 119
987.490 120
987.561 111
987.632 100
987.703 89
987.774 79
987.845 72
987.915 75
987.986 75
988.057 77
988.128 86
988.199 91
988.270 97
988.340 108
988.411 111
988.482 114
988.553 119
988.624 124
988.695 126
988.765 123
988.836 126
988.907 118
988.978 116
989.049 118
989.120 118
989.191 118
989.262 118
989.332 122
989.403 126
989.474 130
989.545 135
989.616 129
989.687 124
989.758 124
989.829 120
989.900 120
989.970 121
990.041 118
990.112 117
990.183 119
990.254 118
990.325 123
990.396 120
990.467 112
990.538 104
990.609 93
990.680 93
990.750 97
990.821 102
990.892 106
990.963 108
991.034 105
991.105 101
991.176 97
991.247 98
991.318 101
991.389 103
991.460 109
991.531 109
991.602 108
991.673 107
991.744 111
991.815 103
991.886 100
991.957 98
992.028 95
992.099 97
992.170 94
992.241 92
992.312 83
992.383 81
992.454 85
992.525 88
992.596 95
992.667 101
992.738 104
992.809 110
992.880 110
992.951 113
993.022 110
993.093 105
993.164 104
993.235 98
993.306 94
993.377 93
993.448 91
993.519 85
993.590 93
993.661 98
993.732 104
993.803 113
993.874 113
993.945 111
994.016 109
994.087 109
994.158 115
994.229 115
994.300 116
994.371 115
994.442 106
994.513 103
994.584 96
994.656 95
994.727 98
994.798 97
994.869 91
994.940 96
995.011 89
995.082 84
995.153 84
995.224 75
995.295 79
995.366 85
995.437 88
995.509 101
995.580 107
995.651 110
995.722 113
995.793 117
995.864 114
995.935 116
996.006 117
996.077 111
996.149 109
996.220 109
996.291 108
996.362 104
996.433 98
996.504 88
996.575 76
996.647 72
996.718 75
996.789 78
996.860 84
996.931 93
997.002 94
997.073 95
997.145 98
997.216 95
997.287 100
997.358 105
997.429 110
997.500 118
997.572 113
997.643 109
997.714 100
997.785 93
997.856 91
997.928 90
997.999 88
998.070 87
998.141 82
998.212 77
998.284 75
998.355 77
998.426 84
998.497 89
998.568 99
998.640 98
998.711 97
998.782 96
998.853 94
998.924 93
998.996 93
999.067 91
999.138 92
999.209 92
999.281 88
999.352 90
999.423 86
999.494 84
999.566 83
999.637 83
999.708 78
999.779 70
999.851 73
999.922 76
999.993 79
1000.064 89
1000.136 96
1000.207 103
1000.278 114
1000.350 125
1000.421 126
1000.492 126
1000.563 126
1000.635 117
1000.706 113
1000.777 107
1000.849 99
1000.920 96
1000.991 95
1001.062 103
1001.134 108
1001.205 116
1001.276 117
1001.348 118
1001.419 121
1001.490 119
1001.562 113
1001.633 107
1001.704 99
1001.776 96
1001.847 97
1001.918 93
1001.990 90
1002.061 86
1002.132 88
1002.204 90
1002.275 93
1002.346 96
1002.418 100
1002.489 100
1002.560 105
1002.632 103
1002.703 103
1002.774 107
1002.846 105
1002.917 107
1002.989 111
1003.060 114
1003.131 121
1003.203 125
1003.274 123
1003.345 123
1003.417 124
1003.488 126
1003.560 122
1003.631 117
1003.702 116
1003.774 112
1003.845 113
1003.917 112
1003.988 111
1004.059 114
1004.131 116
1004.202 121
1004.274 119
1004.345 122
1004.417 115
1004.488 104
1004.559 93
1004.631 82
1004.702 78
1004.774 76
1004.845 74
1004.917 71
1004.988 74
1005.059 77
1005.131 84
1005.202 91
1005.274 98
1005.345 104
1005.417 109
1005.488 112
1005.560 111
1005.631 110
1005.703 108
1005.774 112
1005.846 117
1005.917 122
1005.989 120
1006.060 124
1006.131 114
1006.203 106
1006.274 97
1006.346 92
1006.417 88
1006.489 82
1006.560 73
1006.632 64
1006.703 67
1006.775 68
1006.846 69
1006.918 77
1006.990 79
1007.061 83
1007.133 87
1007.204 87
1007.276 88
1007.347 89
1007.419 94
1007.490 94
1007.562 104
1007.633 114
1007.705 126
1007.776 144
1007.848 180
1007.919 214
1007.991 253
1008.063 355
1008.134 450
1008.206 554
1008.277 655
1008.349 681
1008.420 668
1008.492 647
1008.564 618
1008.635 552
1008.707 480
1008.778 413
1008.850 344
1008.921 339
1008.993 377
1009.065 413
1009.136 457
1009.208 513
1009.279 548
1009.351 580
1009.423 607
1009.494 583
1009.566 551
1009.637 518
1009.709 486
1009.781 445
1009.852 391
1009.924 337
1009.996 286
1010.067 283
1010.139 325
1010.210 368
1010.282 416
1010.354 450
1010.425 453
1010.497 458
1010.569 460
1010.640 431
1010.712 389
1010.784 343
1010.855 299
1010.927 278
1010.999 274
1011.070 269
1011.142 265
1011.214 270
1011.285 290
1011.357 312
1011.429 326
1011.500 327
1011.572 294
1011.644 259
1011.715 231
1011.787 203
1011.859 186
1011.930 166
1012.002 149
1012.074 140
1012.145 145
1012.217 154
1012.289 158
1012.361 169
1012.432 163
1012.504 157
1012.576 150
1012.647 141
1012.719 139
1012.791 138
1012.863 136
1012.934 131
1013.006 133
1013.078 135
1013.150 131
1013.221 130
1013.293 126
1013.365 121
1013.437 118
1013.508 114
1013.580 110
1013.652 109
1013.724 103
1013.795 102
1013.867 102
1013.939 99
1014.011 94
1014.082 88
1014.154 91
1014.226 93
1014.298 95
1014.369 100
1014.441 102
1014.513 105
1014.585 104
1014.657 111
1014.728 112
1014.800 116
1014.872 122
1014.944 121
1015.016 121
1015.087 118
1015.159 119
1015.231 118
1015.303 118
1015.375 116
1015.447 113
1015.518 113
1015.590 113
1015.662 108
1015.734 103
1015.806 106
1015.877 107
1015.949 109
1016.021 114
1016.093 112
1016.165 114
1016.237 118
1016.309 121
1016.380 129
1016.452 130
1016.524 133
1016.596 135
1016.668 123
1016.740 112
1016.812 97
1016.883 81
1016.955 68
1017.027 66
1017.099 66
1017.171 66
1017.243 71
1017.315 82
1017.387 92
1017.459 98
1017.530 107
1017.602 109
1017.674 110
1017.746 110
1017.818 115
1017.890 121
1017.962 124
1018.034 130
1018.106 132
1018.178 127
1018.249 126
1018.321 125
1018.393 122
1018.465 115
1018.537 107
1018.609 96
1018.681 83
1018.753 80
1018.825 75
1018.897 69
1018.969 67
1019.041 70
1019.113 72
1019.185 80
1019.257 85
1019.329 92
1019.401 95
1019.473 98
1019.545 103
1019.616 101
1019.688 104
1019.760 104
1019.832 106
1019.904 99
1019.976 94
1020.048 86
1020.120 81
1020.192 85
1020.264 86
1020.336 94
1020.408 99
1020.480 102
1020.552 104
1020.624 109
1020.696 105
1020.768 102
1020.840 96
1020.912 93
1020.984 97
1021.056 109
1021.128 127
1021.200 143
1021.272 153
1021.345 148
1021.417 145
1021.489 141
1021.561 137
1021.633 133
1021.705 129
1021.777 123
1021.849 115
1021.921 104
1021.993 93
1022.065 80
1022.137 73
1022.209 79
1022.281 85
1022.353 90
1022.425 95
1022.497 96
1022.569 96
1022.642 96
1022.714 102
1022.786 109
1022.858 110
1022.930 115
1023.002 114
1023.074 106
1023.146 101
1023.218 96
1023.290 90
1023.362 92
1023.435 93
1023.507 96
1023.579 94
1023.651 90
1023.723 85
1023.795 81
1023.867 85
1023.939 83
1024.011 80
1024.084 76
1024.156 69
1024.228 68
1024.300 69
1024.372 71
1024.444 74
1024.516 76
1024.589 77
1024.661 82
1024.733 78
1024.805 76
1024.877 76
1024.949 77
1025.022 84
1025.094 90
1025.166 96
1025.238 104
1025.310 105
1025.382 106
1025.455 105
1025.527 100
1025.599 99
1025.671 97
1025.743 96
1025.816 91
1025.888 95
1025.960 95
1026.032 95
1026.104 90
1026.176 84
1026.249 83
1026.321 79
1026.393 79
1026.465 79
1026.538 81
1026.610 83
1026.682 85
1026.754 83
1026.826 81
1026.899 79
1026.971 78
1027.043 73
1027.115 72
1027.188 71
1027.260 69
1027.332 68
1027.404 76
1027.477 82
1027.549 86
1027.621 91
1027.693 94
1027.766 95
1027.838 99
1027.910 98
1027.982 92
1028.055 94
1028.127 93
1028.199 85
1028.272 81
1028.344 76
1028.416 71
1028.488 64
1028.561 64
1028.633 62
1028.705 60
1028.778 56
1028.850 60
1028.922 61
1028.994 66
1029.067 69
1029.139 73
1029.211 76
1029.284 82
1029.356 86
1029.428 81
1029.501 76
1029.573 74
1029.645 72
1029.718 78
1029.790 83
1029.862 89
1029.935 95
1030.007 98
1030.079 99
1030.152 100
1030.224 105
1030.296 106
1030.369 112
1030.441 120
1030.513 117
1030.586 110
1030.658 106
1030.731 96
1030.803 89
1030.875 85
1030.948 81
1031.020 79
1031.092 82
1031.165 90
1031.237 96
1031.310 105
1031.382 100
1031.454 95
1031.527 90
1031.599 84
1031.672 85
1031.744 85
1031.816 85
1031.889 79
1031.961 83
1032.034 86
1032.106 89
1032.178 97
1032.251 100
1032.323 105
1032.396 110
1032.468 114
1032.541 114
1032.613 108
1032.685 100
1032.758 94
1032.830 86
1032.903 85
1032.975 86
1033.048 84
1033.120 83
1033.193 85
1033.265 86
1033.337 89
1033.410 93
1033.482 90
1033.555 87
1033.627 86
1033.700 82
1033.772 86
1033.845 89
1033.917 87
1033.990 92
1034.062 96
1034.135 99
1034.207 106
1034.280 114
1034.352 110
1034.425 106
1034.497 100
1034.570 90
1034.642 86
1034.715 82
1034.787 80
1034.860 79
1034.932 78
1035.005 76
1035.077 75
1035.150 73
1035.222 74
1035.295 75
1035.367 74
1035.440 75
1035.512 74
1035.585 77
1035.658 75
1035.730 71
1035.803 72
1035.875 71
1035.948 69
1036.020 76
1036.093 86
1036.165 94
1036.238 105
1036.311 112
1036.383 111
1036.456 107
1036.528 101
1036.601 93
1036.673 92
1036.746 92
1036.819 92
1036.891 91
1036.964 91
1037.036 92
1037.109 91
1037.181 93
1037.254 90
1037.327 89
1037.399 82
1037.472 81
1037.544 81
1037.617 81
1037.690 86
1037.762 92
1037.835 95
1037.908 101
1037.980 105
1038.053 100
1038.125 97
1038.198 93
1038.271 91
1038.343 85
1038.416 83
1038.489 78
1038.561 78
1038.634 78
1038.707 83
1038.779 88
1038.852 91
1038.925 92
1038.997 83
1039.070 76
1039.143 66
1039.215 58
1039.288 57
1039.361 56
1039.433 57
1039.506 59
1039.579 60
1039.651 60
1039.724 59
1039.797 61
1039.869 60
1039.942 59
1040.015 59
1040.087 60
1040.160 63
1040.233 69
1040.306 74
1040.378 74
1040.451 79
1040.524 83
1040.596 90
1040.669 96
1040.742 100
1040.815 101
1040.887 99
1040.960 107
1041.033 116
1041.105 126
1041.178 133
1041.251 139
1041.324 126
1041.396 112
1041.469 101
1041.542 93
1041.615 90
1041.687 87
1041.760 89
1041.833 82
1041.906 78
1041.979 78
1042.051 78
1042.124 73
1042.197 73
1042.270 74
1042.342 70
1042.415 68
1042.488 68
1042.561 66
1042.634 68
1042.706 67
1042.779 65
1042.852 63
1042.925 58
1042.997 57
1043.070 61
1043.143 63
1043.216 70
1043.289 81
1043.362 83
1043.434 84
1043.507 87
1043.580 83
1043.653 83
1043.726 83
1043.798 86
1043.871 90
1043.944 88
1044.017 86
1044.090 85
1044.163 81
1044.236 85
1044.308 88
1044.381 95
1044.454 98
1044.527 98
1044.600 99
1044.673 104
1044.746 103
1044.818 101
1044.891 103
1044.964 101
1045.037 93
1045.110 92
1045.183 91
1045.256 92
1045.329 99
1045.401 102
1045.474 98
1045.547 95
1045.620 91
1045.693 91
1045.766 93
1045.839 98
1045.912 101
1045.985 95
1046.058 94
1046.130 88
1046.203 77
1046.276 75
1046.349 72
1046.422 67
1046.495 74
1046.568 79
1046.641 78
1046.714 80
1046.787 81
1046.860 77
1046.933 73
1047.006 70
1047.079 66
1047.151 63
1047.224 63
1047.297 67
1047.370 68
1047.443 71
1047.516 74
1047.589 76
1047.662 77
1047.735 78
1047.808 79
1047.881 80
1047.954 79
1048.027 79
1048.100 81
1048.173 81
1048.246 82
1048.319 78
1048.392 72
1048.465 71
1048.538 72
1048.611 76
1048.684 82
1048.757 87
1048.830 81
1048.903 77
1048.976 71
1049.049 62
1049.122 57
1049.195 56
1049.268 55
1049.341 56
1049.414 61
1049.487 63
1049.560 65
1049.633 71
1049.706 76
1049.779 79
1049.852 84
1049.925 87
1049.998 85
1050.072 87
1050.145 84
1050.218 83
1050.291 87
1050.364 90
1050.437 96
1050.510 105
1050.583 105
1050.656 112
1050.729 117
1050.802 121
1050.875 123
1050.948 111
1051.021 101
1051.095 90
1051.168 81
1051.241 74
1051.314 67
1051.387 58
1051.460 53
1051.533 54
1051.606 56
1051.679 58
1051.752 57
1051.826 63
1051.899 72
1051.972 81
1052.045 91
1052.118 90
1052.191 87
1052.264 86
1052.337 83
1052.411 78
1052.484 72
1052.557 64
1052.630 55
1052.703 58
1052.776 62
1052.849 61
1052.923 67
1052.996 68
1053.069 68
1053.142 74
1053.215 77
1053.288 74
1053.362 73
1053.435 68
1053.508 61
1053.581 63
1053.654 69
1053.727 69
1053.801 75
1053.874 76
1053.947 73
1054.020 72
1054.093 69
1054.167 68
1054.240 68
1054.313 63
1054.386 64
1054.459 69
1054.533 74
1054.606 78
1054.679 87
1054.752 84
1054.825 86
1054.899 87
1054.972 82
1055.045 80
1055.118 77
1055.192 74
1055.265 69
1055.338 68
1055.411 67
1055.485 66
1055.558 69
1055.631 76
1055.704 81
1055.778 89
1055.851 99
1055.924 98
1055.997 99
1056.071 102
1056.144 97
1056.217 98
1056.290 99
1056.364 100
1056.437 104
1056.510 101
1056.584 101
1056.657 94
1056.730 94
1056.803 96
1056.877 94
1056.950 94
1057.023 92
1057.097 92
1057.170 93
1057.243 96
1057.316 96
1057.390 87
1057.463 78
1057.536 70
1057.610 64
1057.683 68
1057.756 69
1057.830 67
1057.903 67
1057.976 65
1058.050 66
1058.123 68
1058.196 66
1058.270 68
1058.343 74
1058.416 76
1058.490 79
1058.563 85
1058.636 88
1058.710 96
1058.783 105
1058.857 100
1058.930 94
1059.003 89
1059.077 79
1059.150 78
1059.223 80
1059.297 76
1059.370 81
1059.444 81
1059.517 78
1059.590 76
1059.664 72
1059.737 69
1059.810 66
1059.884 60
1059.957 55
1060.031 57
1060.104 59
1060.177 62
1060.251 59
1060.324 63
1060.398 66
1060.471 69
1060.545 73
1060.618 81
1060.691 84
1060.765 86
1060.838 91
1060.912 92
1060.985 98
1061.059 107
1061.132 110
1061.205 104
1061.279 99
1061.352 91
1061.426 85
1061.499 84
1061.573 86
1061.646 82
1061.720 80
1061.793 80
1061.867 77
1061.940 80
1062.014 75
1062.087 73
1062.160 74
1062.234 70
1062.307 63
1062.381 66
1062.454 66
1062.528 66
1062.601 68
1062.675 77
1062.748 86
1062.822 94
1062.895 101
1062.969 100
1063.042 102
1063.116 100
1063.189 99
1063.263 97
1063.336 87
1063.410 76
1063.484 65
1063.557 64
1063.631 65
1063.704 64
1063.778 71
1063.851 73
1063.925 74
1063.998 77
1064.072 77
1064.145 79
1064.219 81
1064.292 80
1064.366 81
1064.440 81
1064.513 83
1064.587 81
1064.660 83
1064.734 79
1064.807 72
1064.881 70
1064.955 64
1065.028 62
1065.102 61
1065.175 56
1065.249 56
1065.322 66
1065.396 76
1065.470 88
1065.543 97
1065.617 96
1065.690 95
1065.764 96
1065.838 91
1065.911 85
1065.985 78
1066.058 72
1066.132 65
1066.206 68
1066.279 70
1066.353 75
1066.427 79
1066.500 78
1066.574 79
1066.647 79
1066.721 77
1066.795 81
1066.868 82
1066.942 79
1067.016 75
1067.089 68
1067.163 64
1067.237 56
1067.310 57
1067.384 54
1067.458 54
1067.531 53
1067.605 51
1067.679 57
1067.752 64
1067.826 71
1067.900 80
1067.973 80
1068.047 80
1068.121 82
1068.194 82
1068.268 79
1068.342 75
1068.415 73
1068.489 71
1068.563 81
1068.637 89
1068.710 101
1068.784 106
1068.858 105
1068.931 105
1069.005 101
1069.079 102
1069.153 100
1069.226 95
1069.300 85
1069.374 81
1069.448 78
1069.521 78
1069.595 74
1069.669 74
1069.742 71
1069.816 70
1069.890 74
1069.964 68
1070.037 69
1070.111 70
1070.185 67
1070.259 73
1070.333 73
1070.406 73
1070.480 73
1070.554 75
1070.628 82
1070.701 89
1070.775 100
1070.849 108
1070.923 109
1070.997 109
1071.070 111
1071.144 108
1071.218 106
1071.292 100
1071.365 88
1071.439 82
1071.513 80
1071.587 82
1071.661 87
1071.735 89
1071.808 86
1071.882 84
1071.956 81
1072.030 81
1072.104 78
1072.177 75
1072.251 68
1072.325 62
1072.399 65
1072.473 68
1072.547 72
1072.620 75
1072.694 74
1072.768 73
1072.842 76
1072.916 72
1072.990 69
1073.064 66
1073.137 68
1073.211 66
1073.285 65
1073.359 67
1073.433 66
1073.507 62
1073.581 66
1073.655 74
1073.728 76
1073.802 84
1073.876 85
1073.950 84
1074.024 91
1074.098 95
1074.172 90
1074.246 84
1074.320 82
1074.393 75
1074.467 75
1074.541 75
1074.615 72
1074.689 74
1074.763 75
1074.837 79
1074.911 79
1074.985 82
1075.059 80
1075.133 79
1075.207 76
1075.281 72
1075.355 75
1075.428 74
1075.502 74
1075.576 77
1075.650 80
1075.724 83
1075.798 83
1075.872 87
1075.946 87
1076.020 85
1076.094 84
1076.168 82
1076.242 75
1076.316 70
1076.390 69
1076.464 59
1076.538 57
1076.612 55
1076.686 54
1076.760 51
1076.834 56
1076.908 61
1076.982 65
1077.056 72
1077.130 69
1077.204 66
1077.278 60
1077.352 59
1077.426 58
1077.500 57
1077.574 56
1077.648 59
1077.722 61
1077.796 61
1077.870 64
1077.944 66
1078.018 67
1078.092 66
1078.166 64
1078.240 64
1078.314 64
1078.388 64
1078.462 62
1078.536 65
1078.610 71
1078.684 75
1078.759 77
1078.833 79
1078.907 77
1078.981 78
1079.055 79
1079.129 83
1079.203 82
1079.277 80
1079.351 83
1079.425 80
1079.499 81
1079.573 81
1079.647 78
1079.721 75
1079.796 77
1079.870 79
1079.944 82
1080.018 106
1080.092 135
1080.166 164
1080.240 193
1080.314 202
1080.388 208
1080.463 218
1080.537 221
1080.611 219
1080.685 190
1080.759 158
1080.833 132
1080.907 116
1080.981 122
1081.056 128
1081.130 133
1081.204 159
1081.278 188
1081.352 222
1081.426 252
1081.500 252
1081.575 217
1081.649 181
1081.723 142
1081.797 117
1081.871 112
1081.945 107
1082.020 105
1082.094 122
1082.168 147
1082.242 171
1082.316 193
1082.391 208
1082.465 203
1082.539 195
1082.613 193
1082.687 176
1082.761 160
1082.836 141
1082.910 125
1082.984 108
1083.058 102
1083.132 95
1083.207 82
1083.281 79
1083.355 83
1083.429 83
1083.504 86
1083.578 88
1083.652 86
1083.726 87
1083.800 86
1083.875 86
1083.949 88
1084.023 89
1084.097 89
1084.172 87
1084.246 86
1084.320 86
1084.394 84
1084.469 85
1084.543 78
1084.617 75
1084.691 70
1084.766 64
1084.840 64
1084.914 63
1084.989 64
1085.063 71
1085.137 71
1085.211 70
1085.286 71
1085.360 69
1085.434 72
1085.509 76
1085.583 72
1085.657 74
1085.731 75
1085.806 73
1085.880 78
1085.954 75
1086.029 76
1086.103 76
1086.177 77
1086.252 77
1086.326 77
1086.400 76
1086.475 77
1086.549 82
1086.623 82
1086.698 82
1086.772 80
1086.846 73
1086.921 73
1086.995 68
1087.069 65
1087.144 62
1087.218 61
1087.292 59
1087.367 59
1087.441 57
1087.515 57
1087.590 55
1087.664 52
1087.739 51
1087.813 46
1087.887 47
1087.962 46
1088.036 44
1088.110 46
1088.185 45
1088.259 51
1088.334 49
1088.408 49
1088.482 49
1088.557 52
1088.631 53
1088.706 54
1088.780 55
1088.854 58
1088.929 64
1089.003 64
1089.078 64
1089.152 62
1089.227 59
1089.301 58
1089.375 54
1089.450 52
1089.524 54
1089.599 54
1089.673 53
1089.748 56
1089.822 53
1089.896 53
1089.971 53
1090.045 51
1090.120 51
1090.194 52
1090.269 53
1090.343 55
1090.418 50
1090.492 54
1090.567 59
1090.641 61
1090.715 67
1090.790 68
1090.864 69
1090.939 69
1091.013 73
1091.088 70
1091.162 68
1091.237 62
1091.311 62
1091.386 62
1091.460 63
1091.535 63
1091.609 62
1091.684 65
1091.758 70
1091.833 72
1091.907 75
1091.982 71
1092.056 68
1092.131 67
1092.205 65
1092.280 64
1092.355 58
1092.429 54
1092.504 47
1092.578 47
1092.653 45
1092.727 48
1092.802 49
1092.876 53
1092.951 58
1093.025 68
1093.100 68
1093.175 62
1093.249 56
1093.324 48
1093.398 47
1093.473 51
1093.547 55
1093.622 60
1093.697 60
1093.771 59
1093.846 57
1093.920 52
1093.995 51
1094.069 54
1094.144 57
1094.219 57
1094.293 66
1094.368 67
1094.442 69
1094.517 71
1094.592 69
1094.666 66
1094.741 64
1094.815 57
1094.890 52
1094.965 52
1095.039 51
1095.114 53
1095.189 48
1095.263 55
1095.338 63
1095.413 67
1095.487 72
1095.562 70
1095.636 70
1095.711 67
1095.786 69
1095.860 68
1095.935 69
1096.010 71
1096.084 71
1096.159 72
1096.234 74
1096.308 75
1096.383 69
1096.458 66
1096.532 60
1096.607 58
1096.682 58
1096.756 61
1096.831 62
1096.906 60
1096.980 63
1097.055 62
1097.130 61
1097.205 62
1097.279 69
1097.354 67
1097.429 65
1097.503 67
1097.578 67
1097.653 75
1097.728 82
1097.802 92
1097.877 99
1097.952 99
1098.026 99
1098.101 101
1098.176 95
1098.251 91
1098.325 84
1098.400 74
1098.475 65
1098.550 62
1098.624 64
1098.699 59
1098.774 62
1098.849 62
1098.923 59
1098.998 59
1099.073 58
1099.148 61
1099.222 65
1099.297 72
1099.372 79
1099.447 78
1099.521 74
1099.596 71
1099.671 66
1099.746 64
1099.821 64
1099.895 63
1099.970 64
1100.045 63
1100.120 64
1100.195 66
1100.269 68
1100.344 76
1100.419 85
1100.494 94
1100.569 103
1100.643 107
1100.718 108
1100.793 112
1100.868 116
1100.943 105
1101.018 91
1101.092 82
1101.167 77
1101.242 84
1101.317 90
1101.392 97
1101.467 97
1101.541 96
1101.616 98
1101.691 98
1101.766 103
1101.841 98
1101.916 92
1101.991 86
1102.065 80
1102.140 81
1102.215 80
1102.290 77
1102.365 68
1102.440 64
1102.515 59
1102.590 55
1102.664 50
1102.739 50
1102.814 52
1102.889 57
1102.964 60
1103.039 60
1103.114 60
1103.189 56
1103.264 56
1103.339 52
1103.413 48
1103.488 44
1103.563 40
1103.638 41
1103.713 42
1103.788 45
1103.863 49
1103.938 53
1104.013 57
1104.088 58
1104.163 65
1104.238 65
1104.313 64
1104.388 65
1104.463 61
1104.537 63
1104.612 60
1104.687 56
1104.762 53
1104.837 53
1104.912 58
1104.987 61
1105.062 65
1105.137 61
1105.212 63
1105.287 59
1105.362 54
1105.437 55
1105.512 54
1105.587 56
1105.662 59
1105.737 59
1105.812 60
1105.887 62
1105.962 58
1106.037 61
1106.112 64
1106.187 63
1106.262 67
1106.337 68
1106.412 69
1106.487 72
1106.562 73
1106.637 71
1106.712 69
1106.787 66
1106.862 63
1106.937 63
1107.012 63
1107.087 65
1107.162 69
1107.237 72
1107.312 75
1107.388 79
1107.463 80
1107.538 79
1107.613 76
1107.688 69
1107.763 66
1107.838 63
1107.913 62
1107.988 63
1108.063 62
1108.138 61
1108.213 61
1108.288 62
1108.363 55
1108.438 60
1108.514 58
1108.589 56
1108.664 53
1108.739 46
1108.814 43
1108.889 39
1108.964 38
1109.039 43
1109.114 53
1109.189 61
1109.265 68
1109.340 66
1109.415 65
1109.490 63
1109.565 63
1109.640 61
1109.715 55
1109.790 54
1109.866 51
1109.941 49
1110.016 49
1110.091 50
1110.166 52
1110.241 54
1110.316 57
1110.392 60
1110.467 62
1110.542 58
1110.617 50
1110.692 42
1110.767 34
1110.843 34
1110.918 36
1110.993 34
1111.068 37
1111.143 40
1111.218 42
1111.294 48
1111.369 47
1111.444 50
1111.519 53
1111.594 56
1111.670 60
1111.745 62
1111.820 64
1111.895 65
1111.970 69
1112.046 68
1112.121 67
1112.196 64
1112.271 71
1112.346 72
1112.422 73
1112.497 74
1112.572 76
1112.647 74
1112.723 72
1112.798 75
1112.873 68
1112.948 65
1113.024 61
1113.099 55
1113.174 52
1113.249 56
1113.325 61
1113.400 67
1113.475 66
1113.550 69
1113.626 73
1113.701 74
1113.776 76
1113.851 68
1113.927 64
1114.002 58
1114.077 50
1114.152 51
1114.228 55
1114.303 54
1114.378 54
1114.454 59
1114.529 59
1114.604 67
1114.680 70
1114.755 68
1114.830 68
1114.905 72
1114.981 72
1115.056 68
1115.131 64
1115.207 58
1115.282 56
1115.357 58
1115.433 60
1115.508 62
1115.583 66
1115.659 68
1115.734 69
1115.809 75
1115.885 78
1115.960 77
1116.035 76
1116.111 76
1116.186 70
1116.261 70
1116.337 70
1116.412 67
1116.487 68
1116.563 68
1116.638 69
1116.714 73
1116.789 71
1116.864 69
1116.940 66
1117.015 62
1117.090 59
1117.166 55
1117.241 54
1117.317 47
1117.392 47
1117.467 46
1117.543 46
1117.618 47
1117.694 46
1117.769 47
1117.844 49
1117.920 49
1117.995 56
1118.071 66
1118.146 73
1118.221 81
1118.297 84
1118.372 76
1118.448 71
1118.523 64
1118.599 61
1118.674 56
1118.750 54
1118.825 57
1118.900 53
1118.976 55
1119.051 56
1119.127 55
1119.202 57
1119.278 58
1119.353 61
1119.429 59
1119.504 62
1119.580 57
1119.655 51
1119.730 47
1119.806 45
1119.881 47
1119.957 48
1120.032 49
1120.108 50
1120.183 50
1120.259 50
1120.334 56
1120.410 54
1120.485 54
1120.561 55
1120.636 56
1120.712 56
1120.787 54
1120.863 51
1120.938 47
1121.014 47
1121.089 48
1121.165 50
1121.240 47
1121.316 43
1121.391 43
1121.467 45
1121.543 46
1121.618 51
1121.694 56
1121.769 60
1121.845 71
1121.920 79
1121.996 82
1122.071 84
1122.147 93
1122.222 96
1122.298 95
1122.374 92
1122.449 89
1122.525 84
1122.600 80
1122.676 76
1122.751 73
1122.827 77
1122.903 75
1122.978 73
1123.054 75
1123.129 71
1123.205 74
1123.281 80
1123.356 81
1123.432 81
1123.507 79
1123.583 76
1123.659 70
1123.734 72
1123.810 71
1123.885 67
1123.961 63
1124.037 60
1124.112 62
1124.188 61
1124.264 59
1124.339 64
1124.415 67
1124.490 72
1124.566 77
1124.642 73
1124.717 71
1124.793 69
1124.869 63
1124.944 65
1125.020 64
1125.096 62
1125.171 58
1125.247 55
1125.323 50
1125.398 46
1125.474 44
1125.550 35
1125.625 37
1125.701 38
1125.777 41
1125.852 46
1125.928 49
1126.004 52
1126.079 59
1126.155 62
1126.231 59
1126.306 58
1126.382 55
1126.458 61
1126.534 60
1126.609 58
1126.685 54
1126.761 51
1126.836 52
1126.912 53
1126.988 51
1127.064 52
1127.139 56
1127.215 61
1127.291 63
1127.366 65
1127.442 61
1127.518 54
1127.594 50
1127.669 47
1127.745 52
1127.821 55
1127.897 59
1127.972 63
1128.048 63
1128.124 63
1128.200 63
1128.275 65
1128.351 62
1128.427 59
1128.503 53
1128.579 49
1128.654 57
1128.730 64
1128.806 71
1128.882 80
1128.957 79
1129.033 79
1129.109 83
1129.185 83
1129.261 87
1129.336 94
1129.412 95
1129.488 102
1129.564 100
1129.640 96
1129.715 98
1129.791 92
1129.867 89
1129.943 88
1130.019 81
1130.095 79
1130.170 77
1130.246 71
1130.322 65
1130.398 63
1130.474 64
1130.550 67
1130.625 68
1130.701 72
1130.777 67
1130.853 61
1130.929 54
1131.005 53
1131.081 54
1131.156 55
1131.232 58
1131.308 59
1131.384 62
1131.460 65
1131.536 71
1131.612 70
1131.688 69
1131.763 68
1131.839 67
1131.915 66
1131.991 71
1132.067 76
1132.143 81
1132.219 85
1132.295 85
1132.371 86
1132.446 82
1132.522 83
1132.598 78
1132.674 71
1132.750 70
1132.826 62
1132.902 66
1132.978 70
1133.054 67
1133.130 63
1133.206 56
1133.282 55
1133.358 54
1133.433 49
1133.509 50
1133.585 50
1133.661 49
1133.737 53
1133.813 53
1133.889 54
1133.965 52
1134.041 50
1134.117 49
1134.193 47
1134.269 46
1134.345 46
1134.421 47
1134.497 48
1134.573 49
1134.649 50
1134.725 48
1134.801 46
1134.877 44
1134.953 50
1135.029 55
1135.105 60
1135.181 65
1135.257 59
1135.333 59
1135.409 59
1135.485 60
1135.561 64
1135.637 71
1135.713 78
1135.789 82
1135.865 95
1135.941 90
1136.017 85
1136.093 80
1136.169 68
1136.245 68
1136.321 68
1136.397 71
1136.473 63
1136.549 64
1136.625 65
1136.701 68
1136.777 73
1136.853 71
1136.929 69
1137.006 62
1137.082 54
1137.158 55
1137.234 56
1137.310 56
1137.386 55
1137.462 50
1137.538 47
1137.614 40
1137.690 36
1137.766 38
1137.842 39
1137.918 43
1137.995 44
1138.071 43
1138.147 41
1138.223 39
1138.299 34
1138.375 37
1138.451 40
1138.527 44
1138.603 51
1138.680 57
1138.756 64
1138.832 75
1138.908 74
1138.984 70
1139.060 65
1139.136 59
1139.212 57
1139.289 57
1139.365 60
1139.441 60
1139.517 61
1139.593 64
1139.669 64
1139.745 67
1139.822 66
1139.898 64
1139.974 65
1140.050 66
1140.126 72
1140.202 74
1140.279 74
1140.355 76
1140.431 71
1140.507 68
1140.583 64
1140.660 65
1140.736 71
1140.812 76
1140.888 77
1140.964 79
1141.040 74
1141.117 66
1141.193 63
1141.269 57
1141.345 56
1141.422 56
1141.498 55
1141.574 53
1141.650 56
1141.726 56
1141.803 58
1141.879 61
1141.955 56
1142.031 57
1142.108 60
1142.184 65
1142.260 66
1142.336 72
1142.412 75
1142.489 75
1142.565 79
1142.641 75
1142.718 72
1142.794 67
1142.870 65
1142.946 69
1143.023 65
1143.099 64
1143.175 66
1143.251 66
1143.328 69
1143.404 76
1143.480 82
1143.556 72
1143.633 66
1143.709 59
1143.785 49
1143.862 47
1143.938 45
1144.014 42
1144.091 37
1144.167 38
1144.243 37
1144.319 36
1144.396 33
1144.472 35
1144.548 36
1144.625 39
1144.701 42
1144.777 47
1144.854 54
1144.930 60
1145.006 67
1145.083 64
1145.159 63
1145.235 61
1145.312 62
1145.388 60
1145.464 57
1145.541 51
1145.617 49
1145.693 48
1145.770 48
1145.846 45
1145.923 44
1145.999 46
1146.075 47
1146.152 52
1146.228 63
1146.304 68
1146.381 77
1146.457 84
1146.534 84
1146.610 84
1146.686 82
1146.763 82
1146.839 85
1146.915 81
1146.992 74
1147.068 69
1147.145 63
1147.221 64
1147.298 64
1147.374 61
1147.450 63
1147.527 58
1147.603 53
1147.680 48
1147.756 44
1147.832 47
1147.909 52
1147.985 55
1148.062 60
1148.138 62
1148.215 64
1148.291 64
1148.368 62
1148.444 60
1148.520 57
1148.597 58
1148.673 53
1148.750 48
1148.826 46
1148.903 41
1148.979 44
1149.056 43
1149.132 43
1149.209 41
1149.285 37
1149.362 36
1149.438 35
1149.515 34
1149.591 33
1149.668 45
1149.744 55
1149.820 64
1149.897 75
1149.973 75
1150.050 71
1150.126 68
1150.203 60
1150.280 57
1150.356 57
1150.433 51
1150.509 49
1150.586 44
1150.662 41
1150.739 41
1150.815 33
1150.892 34
1150.968 36
1151.045 41
1151.121 49
1151.198 56
1151.274 63
1151.351 61
1151.427 59
1151.504 62
1151.581 65
1151.657 66
1151.734 66
1151.810 59
1151.887 55
1151.963 52
1152.040 59
1152.117 59
1152.193 61
1152.270 63
1152.346 64
1152.423 59
1152.499 58
1152.576 54
1152.653 48
1152.729 48
1152.806 47
1152.882 47
1152.959 51
1153.036 58
1153.112 61
1153.189 71
1153.265 81
1153.342 78
1153.419 76
1153.495 73
1153.572 65
1153.649 67
1153.725 66
1153.802 66
1153.878 68
1153.955 68
1154.032 67
1154.108 67
1154.185 68
1154.262 72
1154.338 75
1154.415 79
1154.492 87
1154.568 81
1154.645 75
1154.722 65
1154.798 53
1154.875 48
1154.952 42
1155.028 37
1155.105 34
1155.182 34
1155.258 35
1155.335 41
1155.412 40
1155.488 42
1155.565 44
1155.642 48
1155.718 51
1155.795 49
1155.872 47
1155.948 45
1156.025 44
1156.102 42
1156.179 41
1156.255 40
1156.332 33
1156.409 32
1156.485 31
1156.562 29
1156.639 29
1156.716 30
1156.792 30
1156.869 30
1156.946 33
1157.023 34
1157.099 35
1157.176 41
1157.253 44
1157.330 46
1157.406 48
1157.483 49
1157.560 50
1157.637 51
1157.713 54
1157.790 51
1157.867 55
1157.944 50
1158.020 44
1158.097 41
1158.174 35
1158.251 35
1158.328 32
1158.404 39
1158.481 42
1158.558 46
1158.635 48
1158.711 47
1158.788 48
1158.865 46
1158.942 45
1159.019 42
1159.095 42
1159.172 38
1159.249 40
1159.326 39
1159.403 34
1159.480 34
1159.556 31
1159.633 35
1159.710 40
1159.787 40
1159.864 43
1159.941 44
1160.017 40
1160.094 39
1160.171 35
1160.248 32
1160.325 33
1160.402 33
1160.478 33
1160.555 32
1160.632 34
1160.709 38
1160.786 42
1160.863 45
1160.940 49
1161.017 46
1161.093 43
1161.170 40
1161.247 35
1161.324 37
1161.401 37
1161.478 36
1161.555 38
1161.632 36
1161.708 36
1161.785 36
1161.862 33
1161.939 33
1162.016 34
1162.093 35
1162.170 34
1162.247 31
1162.324 29
1162.401 26
1162.478 25
1162.554 27
1162.631 32
1162.708 34
1162.785 39
1162.862 46
1162.939 50
1163.016 57
1163.093 65
1163.170 60
1163.247 53
1163.324 47
1163.401 39
1163.478 38
1163.555 37
1163.632 34
1163.709 32
1163.786 32
1163.863 32
1163.940 30
1164.017 31
1164.094 31
1164.170 31
1164.247 36
1164.324 35
1164.401 38
1164.478 41
1164.555 45
1164.632 46
1164.709 47
1164.786 48
1164.863 51
1164.940 54
1165.017 56
1165.094 58
1165.171 61
1165.248 61
1165.325 54
1165.403 47
1165.480 39
1165.557 37
1165.634 40
1165.711 40
1165.788 39
1165.865 37
1165.942 38
1166.019 41
1166.096 45
1166.173 46
1166.250 43
1166.327 41
1166.404 38
1166.481 37
1166.558 39
1166.635 38
1166.712 33
1166.789 32
1166.866 28
1166.943 26
1167.021 24
1167.098 24
1167.175 25
1167.252 28
1167.329 32
1167.406 38
1167.483 42
1167.560 46
1167.637 48
1167.714 50
1167.791 48
1167.868 42
1167.946 39
1168.023 39
1168.100 35
1168.177 31
1168.254 24
1168.331 16
1168.408 19
1168.485 24
1168.563 27
1168.640 35
1168.717 37
1168.794 38
1168.871 43
1168.948 38
1169.025 40
1169.102 40
1169.180 41
1169.257 44
1169.334 44
1169.411 44
1169.488 42
1169.565 42
1169.643 41
1169.720 40
1169.797 38
1169.874 33
1169.951 33
1170.028 33
1170.106 32
1170.183 35
1170.260 37
1170.337 39
1170.414 42
1170.492 51
1170.569 53
1170.646 55
1170.723 61
1170.800 56
1170.878 51
1170.955 46
1171.032 45
1171.109 41
1171.186 40
1171.264 39
1171.341 31
1171.418 32
1171.495 43
1171.572 52
1171.650 57
1171.727 66
1171.804 61
1171.881 58
1171.959 54
1172.036 52
1172.113 51
1172.190 50
1172.268 48
1172.345 45
1172.422 46
1172.499 47
1172.577 53
1172.654 54
1172.731 52
1172.808 50
1172.886 47
1172.963 46
1173.040 46
1173.118 46
1173.195 47
1173.272 49
1173.349 52
1173.427 55
1173.504 56
1173.581 60
1173.659 61
1173.736 62
1173.813 65
1173.890 66
1173.968 63
1174.045 60
1174.122 58
1174.200 53
1174.277 52
1174.354 51
1174.432 45
1174.509 42
1174.586 42
1174.664 42
1174.741 47
1174.818 49
1174.896 48
1174.973 47
1175.050 43
1175.128 37
1175.205 36
1175.282 35
1175.360 31
1175.437 36
1175.514 42
1175.592 47
1175.669 56
1175.747 60
1175.824 57
1175.901 56
1175.979 52
1176.056 53
1176.133 55
1176.211 54
1176.288 54
1176.366 50
1176.443 48
1176.520 49
1176.598 48
1176.675 48
1176.753 43
1176.830 42
1176.907 35
1176.985 38
1177.062 40
1177.140 41
1177.217 42
1177.294 47
1177.372 56
1177.449 62
1177.527 71
1177.604 76
1177.682 70
1177.759 66
1177.836 60
1177.914 53
1177.991 53
1178.069 54
1178.146 54
1178.224 61
1178.301 63
1178.378 66
1178.456 68
1178.533 68
1178.611 64
1178.688 59
1178.766 56
1178.843 50
1178.921 53
1178.998 56
1179.076 58
1179.153 63
1179.231 60
1179.308 57
1179.386 55
1179.463 52
1179.541 49
1179.618 46
1179.696 47
1179.773 42
1179.851 42
1179.928 42
1180.006 34
1180.083 33
1180.161 30
1180.238 27
1180.316 25
1180.393 18
1180.471 20
1180.548 24
1180.626 26
1180.703 32
1180.781 37
1180.858 46
1180.936 53
1181.013 58
1181.091 57
1181.169 55
1181.246 55
1181.324 57
1181.401 62
1181.479 67
1181.556 68
1181.634 74
1181.711 71
1181.789 67
1181.867 67
1181.944 63
1182.022 55
1182.099 47
1182.177 40
1182.254 34
1182.332 39
1182.410 43
1182.487 47
1182.565 45
1182.642 45
1182.720 47
1182.798 53
1182.875 57
1182.953 56
1183.030 53
1183.108 53
1183.186 50
1183.263 49
1183.341 50
1183.419 47
1183.496 50
1183.574 50
1183.651 53
1183.729 59
1183.807 66
1183.884 67
1183.962 69
1184.040 70
1184.117 66
1184.195 65
1184.273 62
1184.350 64
1184.428 67
1184.506 63
1184.583 54
1184.661 45
1184.739 39
1184.816 36
1184.894 35
1184.972 33
1185.049 30
1185.127 31
1185.205 32
1185.282 35
1185.360 37
1185.438 41
1185.515 45
1185.593 48
1185.671 49
1185.748 48
1185.826 47
1185.904 50
1185.982 53
1186.059 58
1186.137 61
1186.215 61
1186.292 62
1186.370 56
1186.448 52
1186.526 47
1186.603 45
1186.681 49
1186.759 49
1186.836 48
1186.914 45
1186.992 43
1187.070 45
1187.147 45
1187.225 41
1187.303 42
1187.381 45
1187.458 44
1187.536 50
1187.614 50
1187.692 46
1187.769 42
1187.847 40
1187.925 39
1188.003 39
1188.081 40
1188.158 40
1188.236 46
1188.314 53
1188.392 65
1188.470 70
1188.547 66
1188.625 62
1188.703 57
1188.781 55
1188.858 55
1188.936 55
1189.014 55
1189.092 58
1189.170 57
1189.248 56
1189.325 54
1189.403 53
1189.481 54
1189.559 56
1189.637 62
1189.715 61
1189.792 61
1189.870 60
1189.948 59
1190.026 55
1190.104 53
1190.182 51
1190.259 51
1190.337 54
1190.415 54
1190.493 54
1190.571 54
1190.649 53
1190.727 51
1190.804 50
1190.882 51
1190.960 48
1191.038 52
1191.116 56
1191.194 59
1191.272 62
1191.350 61
1191.427 58
1191.505 56
1191.583 53
1191.661 50
1191.739 48
1191.817 43
1191.895 42
1191.973 43
1192.051 44
1192.129 46
1192.206 50
1192.284 52
1192.362 54
1192.440 55
1192.518 58
1192.596 54
1192.674 52
1192.752 49
1192.830 44
1192.908 47
1192.986 48
1193.064 52
1193.142 58
1193.220 64
1193.298 68
1193.375 72
1193.453 67
1193.531 61
1193.609 60
1193.687 57
1193.765 55
1193.843 54
1193.921 52
1193.999 47
1194.077 39
1194.155 39
1194.233 38
1194.311 34
1194.389 36
1194.467 37
1194.545 38
1194.623 40
1194.701 43
1194.779 46
1194.857 45
1194.935 45
1195.013 44
1195.091 43
1195.169 45
1195.247 53
1195.325 56
1195.403 51
1195.481 48
1195.559 39
1195.637 34
1195.715 33
1195.793 31
1195.871 33
1195.949 35
1196.027 35
1196.105 34
1196.184 33
1196.262 39
1196.340 42
1196.418 46
1196.496 51
1196.574 47
1196.652 45
1196.730 45
1196.808 40
1196.886 45
1196.964 44
1197.042 41
1197.120 39
1197.198 39
1197.276 39
1197.355 38
1197.433 32
1197.511 29
1197.589 34
1197.667 39
1197.745 48
1197.823 53
1197.901 55
1197.979 58
1198.057 57
1198.136 58
1198.214 59
1198.292 59
1198.370 64
1198.448 66
1198.526 65
1198.604 61
1198.682 64
1198.760 62
1198.839 55
1198.917 47
1198.995 35
1199.073 27
1199.151 30
1199.229 30
1199.307 28
1199.386 32
1199.464 33
1199.542 33
1199.620 37
1199.698 43
1199.776 45
1199.855 49
1199.933 55
1200.011 89
1200.089 149
1200.167 209
1200.245 267
1200.324 296
1200.402 289
1200.480 283
1200.558 275
1200.636 249
1200.715 210
1200.793 170
1200.871 135
1200.949 146
1201.027 195
1201.106 246
1201.184 298
1201.262 338
1201.340 368
1201.418 399
1201.497 424
1201.575 406
1201.653 339
1201.731 268
1201.810 201
1201.888 169
1201.966 167
1202.044 167
1202.123 165
1202.201 184
1202.279 209
1202.357 237
1202.436 253
1202.514 239
1202.592 209
1202.670 174
1202.749 146
1202.827 115
1202.905 100
1202.983 87
1203.062 74
1203.140 87
1203.218 109
1203.297 130
1203.375 153
1203.453 168
1203.531 165
1203.610 161
1203.688 156
1203.766 147
1203.845 132
1203.923 114
1204.001 93
1204.079 82
1204.158 86
1204.236 92
1204.314 97
1204.393 104
1204.471 95
1204.549 88
1204.628 84
1204.706 73
1204.784 68
1204.863 60
1204.941 53
1205.019 50
1205.098 49
1205.176 49
1205.254 49
1205.333 50
1205.411 49
1205.489 48
1205.568 49
1205.646 45
1205.725 41
1205.803 38
1205.881 33
1205.960 27
1206.038 29
1206.116 30
1206.195 29
1206.273 34
1206.352 37
1206.430 43
1206.508 48
1206.587 49
1206.665 48
1206.743 47
1206.822 46
1206.900 42
1206.979 44
1207.057 43
1207.135 44
1207.214 46
1207.292 45
1207.371 44
1207.449 38
1207.528 41
1207.606 44
1207.684 47
1207.763 50
1207.841 53
1207.920 53
1207.998 51
1208.077 49
1208.155 43
1208.233 40
1208.312 40
1208.390 43
1208.469 44
1208.547 43
1208.626 41
1208.704 34
1208.783 40
1208.861 38
1208.940 36
1209.018 35
1209.097 28
1209.175 35
1209.253 41
1209.332 50
1209.410 55
1209.489 57
1209.567 60
1209.646 62
1209.724 65
1209.803 63
1209.881 61
1209.960 54
1210.038 52
1210.117 52
1210.195 52
1210.274 48
1210.352 48
1210.431 54
1210.509 59
1210.588 67
1210.667 72
1210.745 68
1210.824 63
1210.902 58
1210.981 52
1211.059 47
1211.138 44
1211.216 46
1211.295 39
1211.373 41
1211.452 43
1211.530 48
1211.609 53
1211.688 50
1211.766 47
1211.845 44
1211.923 41
1212.002 42
1212.080 43
1212.159 45
1212.238 45
1212.316 42
1212.395 39
1212.473 39
1212.552 39
1212.630 40
1212.709 41
1212.788 40
1212.866 40
1212.945 42
1213.023 45
1213.102 46
1213.181 49
1213.259 47
1213.338 44
1213.416 43
1213.495 43
1213.574 44
1213.652 43
1213.731 42
1213.810 40
1213.888 38
1213.967 38
1214.046 35
1214.124 30
1214.203 31
1214.281 32
1214.360 30
1214.439 33
1214.517 37
1214.596 40
1214.675 48
1214.753 50
1214.832 50
1214.911 50
1214.989 55
1215.068 58
1215.147 58
1215.225 59
1215.304 60
1215.383 61
1215.461 61
1215.540 61
1215.619 58
1215.697 55
1215.776 52
1215.855 49
1215.934 42
1216.012 38
1216.091 37
1216.170 36
1216.248 36
1216.327 33
1216.406 32
1216.485 31
1216.563 32
1216.642 35
1216.721 33
1216.799 31
1216.878 30
1216.957 29
1217.036 34
1217.114 39
1217.193 44
1217.272 42
1217.351 48
1217.429 51
1217.508 56
1217.587 61
1217.666 60
1217.744 59
1217.823 57
1217.902 56
1217.981 55
1218.059 57
1218.138 58
1218.217 58
1218.296 56
1218.374 55
1218.453 52
1218.532 55
1218.611 59
1218.690 62
1218.768 66
1218.847 67
1218.926 63
1219.005 59
1219.084 53
1219.162 47
1219.241 46
1219.320 45
1219.399 47
1219.478 44
1219.556 48
1219.635 53
1219.714 57
1219.793 66
1219.872 70
1219.951 71
1220.029 73
1220.108 73
1220.187 68
1220.266 64
1220.345 58
1220.424 54
1220.502 50
1220.581 47
1220.660 43
1220.739 40
1220.818 38
1220.897 36
1220.976 32
1221.054 28
1221.133 25
1221.212 22
1221.291 17
1221.370 16
1221.449 19
1221.528 23
1221.607 31
1221.685 35
1221.764 42
1221.843 48
1221.922 57
1222.001 61
1222.080 58
1222.159 55
1222.238 48
1222.317 49
1222.396 49
1222.474 48
1222.553 48
1222.632 56
1222.711 57
1222.790 59
1222.869 64
1222.948 60
1223.027 59
1223.106 58
1223.185 58
1223.264 54
1223.343 51
1223.422 48
1223.501 45
1223.580 45
1223.658 42
1223.737 39
1223.816 35
1223.895 31
1223.974 31
1224.053 31
1224.132 28
1224.211 33
1224.290 36
1224.369 39
1224.448 44
1224.527 49
1224.606 49
1224.685 49
1224.764 51
1224.843 48
1224.922 46
1225.001 44
1225.080 40
1225.159 36
1225.238 35
1225.317 34
1225.396 31
1225.475 28
1225.554 28
1225.633 28
1225.712 24
1225.791 30
1225.870 31
1225.949 33
1226.028 34
1226.107 36
1226.186 42
1226.265 49
1226.344 58
1226.423 56
1226.502 50
1226.581 43
1226.661 38
1226.740 33
1226.819 32
1226.898 37
1226.977 36
1227.056 38
1227.135 38
1227.214 35
1227.293 36
1227.372 36
1227.451 36
1227.530 36
1227.609 31
1227.688 34
1227.768 35
1227.847 35
1227.926 33
1228.005 31
1228.084 30
1228.163 30
1228.242 33
1228.321 36
1228.400 37
1228.479 38
1228.559 43
1228.638 43
1228.717 43
1228.796 43
1228.875 44
1228.954 41
1229.033 45
1229.112 48
1229.191 49
1229.271 53
1229.350 54
1229.429 58
1229.508 56
1229.587 60
1229.666 58
1229.745 55
1229.825 54
1229.904 54
1229.983 54
1230.062 53
1230.141 55
1230.220 50
1230.300 52
1230.379 54
1230.458 60
1230.537 64
1230.616 62
1230.696 60
1230.775 55
1230.854 49
1230.933 45
1231.012 41
1231.091 38
1231.171 33
1231.250 34
1231.329 35
1231.408 35
1231.487 31
1231.567 34
1231.646 34
1231.725 35
1231.804 38
1231.884 37
1231.963 38
1232.042 37
1232.121 35
1232.200 34
1232.280 34
1232.359 39
1232.438 36
1232.517 35
1232.597 34
1232.676 33
1232.755 28
1232.834 30
1232.914 32
1232.993 31
1233.072 36
1233.151 37
1233.231 38
1233.310 37
1233.389 34
1233.468 34
1233.548 32
1233.627 35
1233.706 36
1233.786 43
1233.865 47
1233.944 49
1234.023 61
1234.103 54
1234.182 48
1234.261 39
1234.341 31
1234.420 31
1234.499 31
1234.579 33
1234.658 29
1234.737 32
1234.817 35
1234.896 39
1234.975 42
1235.054 41
1235.134 40
1235.213 39
1235.292 38
1235.372 36
1235.451 34
1235.530 31
1235.610 30
1235.689 34
1235.769 38
1235.848 39
1235.927 35
1236.007 33
1236.086 31
1236.165 31
1236.245 34
1236.324 35
1236.403 36
1236.483 34
1236.562 34
1236.641 34
1236.721 35
1236.800 34
1236.880 38
1236.959 41
1237.038 44
1237.118 49
1237.197 53
1237.277 53
1237.356 52
1237.435 49
1237.515 47
1237.594 43
1237.674 41
1237.753 34
1237.832 27
1237.912 26
1237.991 23
1238.071 26
1238.150 32
1238.230 32
1238.309 32
1238.388 32
1238.468 27
1238.547 26
1238.627 25
1238.706 27
1238.786 34
1238.865 36
1238.945 38
1239.024 42
1239.103 39
1239.183 38
1239.262 37
1239.342 38
1239.421 36
1239.501 37
1239.580 38
1239.660 36
1239.739 39
1239.819 36
1239.898 36
1239.978 35
1240.057 31
1240.137 30
1240.216 27
1240.296 23
1240.375 20
1240.455 23
1240.534 25
1240.614 29
1240.693 35
1240.773 34
1240.852 33
1240.932 35
1241.011 35
1241.091 38
1241.170 40
1241.250 43
1241.329 45
1241.409 45
1241.488 46
1241.568 45
1241.647 41
1241.727 42
1241.806 43
1241.886 43
1241.966 43
1242.045 42
1242.125 40
1242.204 36
1242.284 34
1242.363 33
1242.443 31
1242.522 32
1242.602 31
1242.682 33
1242.761 35
1242.841 39
1242.920 42
1243.000 43
1243.080 43
1243.159 43
1243.239 39
1243.318 35
1243.398 34
1243.477 34
1243.557 33
1243.637 33
1243.716 33
1243.796 30
1243.876 28
1243.955 29
1244.035 29
1244.114 28
1244.194 27
1244.274 28
1244.353 29
1244.433 36
1244.512 39
1244.592 40
1244.672 43
1244.751 47
1244.831 48
1244.911 44
1244.990 39
1245.070 29
1245.150 24
1245.229 24
1245.309 24
1245.389 25
1245.468 29
1245.548 32
1245.628 35
1245.707 38
1245.787 33
1245.867 34
1245.946 32
1246.026 30
1246.106 36
1246.185 35
1246.265 33
1246.345 34
1246.424 30
1246.504 30
1246.584 30
1246.664 30
1246.743 34
1246.823 34
1246.903 37
1246.982 38
1247.062 38
1247.142 41
1247.222 44
1247.301 50
1247.381 47
1247.461 45
1247.540 44
1247.620 45
1247.700 41
1247.780 39
1247.859 40
1247.939 39
1248.019 39
1248.099 45
1248.178 48
1248.258 56
1248.338 61
1248.418 59
1248.497 58
1248.577 53
1248.657 49
1248.737 49
1248.816 48
1248.896 43
1248.976 45
1249.056 45
1249.136 44
1249.215 44
1249.295 41
1249.375 44
1249.455 48
1249.535 55
1249.614 60
1249.694 61
1249.774 62
1249.854 61
1249.934 59
1250.013 57
1250.093 56
1250.173 53
1250.253 46
1250.333 45
1250.412 43
1250.492 43
1250.572 39
1250.652 40
1250.732 41
1250.812 39
1250.891 45
1250.971 46
1251.051 47
1251.131 43
1251.211 45
1251.291 44
1251.371 43
1251.450 44
1251.530 44
1251.610 42
1251.690 43
1251.770 37
1251.850 34
1251.930 39
1252.009 44
1252.089 53
1252.169 59
1252.249 61
1252.329 63
1252.409 66
1252.489 61
1252.569 57
1252.649 52
1252.728 46
1252.808 41
1252.888 42
1252.968 43
1253.048 42
1253.128 48
1253.208 48
1253.288 46
1253.368 48
1253.448 46
1253.528 44
1253.607 42
1253.687 43
1253.767 41
1253.847 41
1253.927 44
1254.007 43
1254.087 42
1254.167 42
1254.247 39
1254.327 40
1254.407 39
1254.487 38
1254.567 37
1254.647 36
1254.727 36
1254.807 35
1254.887 34
1254.967 37
1255.047 34
1255.127 35
1255.207 36
1255.287 38
1255.367 39
1255.447 38
1255.527 37
1255.607 30
1255.687 29
1255.767 28
1255.847 27
1255.927 24
1256.007 21
1256.087 25
1256.167 29
1256.247 35
1256.327 44
1256.407 50
1256.487 56
1256.567 64
1256.647 70
1256.727 62
1256.807 54
1256.887 48
1256.967 37
1257.047 35
1257.127 33
1257.207 32
1257.287 30
1257.367 32
1257.447 33
1257.527 36
1257.607 32
1257.687 36
1257.767 41
1257.847 43
1257.927 51
1258.007 49
1258.088 50
1258.168 49
1258.248 49
1258.328 47
1258.408 42
1258.488 44
1258.568 40
1258.648 42
1258.728 44
1258.808 45
1258.888 45
1258.969 44
1259.049 43
1259.129 38
1259.209 34
1259.289 31
1259.369 28
1259.449 23
1259.529 22
1259.609 22
1259.690 24
1259.770 24
1259.850 22
1259.930 21
1260.010 20
1260.090 21
1260.170 19
1260.250 23
1260.331 28
1260.411 33
1260.491 36
1260.571 37
1260.651 38
1260.731 42
1260.812 46
1260.892 47
1260.972 50
1261.052 57
1261.132 62
1261.212 65
1261.293 62
1261.373 57
1261.453 51
1261.533 45
1261.613 41
1261.693 37
1261.774 33
1261.854 31
1261.934 34
1262.014 31
1262.094 34
1262.175 34
1262.255 35
1262.335 34
1262.415 34
1262.495 32
1262.576 26
1262.656 25
1262.736 20
1262.816 22
1262.897 25
1262.977 28
1263.057 33
1263.137 35
1263.218 37
1263.298 39
1263.378 38
1263.458 36
1263.539 34
1263.619 31
1263.699 28
1263.779 29
1263.860 30
1263.940 35
1264.020 39
1264.100 38
1264.181 37
1264.261 34
1264.341 31
1264.421 35
1264.502 37
1264.582 39
1264.662 42
1264.743 39
1264.823 36
1264.903 30
1264.983 28
1265.064 31
1265.144 37
1265.224 44
1265.305 49
1265.385 49
1265.465 48
1265.546 50
1265.626 47
1265.706 47
1265.787 47
1265.867 48
1265.947 48
1266.027 45
1266.108 43
1266.188 38
1266.268 35
1266.349 37
1266.429 40
1266.510 40
1266.590 38
1266.670 36
1266.751 35
1266.831 34
1266.911 35
1266.992 41
1267.072 43
1267.152 44
1267.233 49
1267.313 52
1267.393 56
1267.474 62
1267.554 66
1267.635 62
1267.715 59
1267.795 51
1267.876 46
1267.956 45
1268.037 43
1268.117 38
1268.197 37
1268.278 41
1268.358 46
1268.439 50
1268.519 53
1268.599 55
1268.680 57
1268.760 64
1268.841 69
1268.921 67
1269.001 63
1269.082 60
1269.162 52
1269.243 50
1269.323 48
1269.404 41
1269.484 38
1269.564 39
1269.645 42
1269.725 47
1269.806 50
1269.886 48
1269.967 45
1270.047 41
1270.128 39
1270.208 37
1270.289 35
1270.369 30
1270.450 28
1270.530 27
1270.610 26
1270.691 26
1270.771 20
1270.852 19
1270.932 18
1271.013 15
1271.093 15
1271.174 17
1271.254 19
1271.335 24
1271.415 28
1271.496 29
1271.576 30
1271.657 33
1271.737 34
1271.818 32
1271.898 30
1271.979 26
1272.059 24
1272.140 25
1272.221 26
1272.301 26
1272.382 28
1272.462 29
1272.543 31
1272.623 31
1272.704 34
1272.784 33
1272.865 31
1272.945 31
1273.026 29
1273.107 35
1273.187 41
1273.268 44
1273.348 50
1273.429 48
1273.509 47
1273.590 48
1273.670 47
1273.751 47
1273.832 47
1273.912 45
1273.993 45
1274.073 51
1274.154 59
1274.235 66
1274.315 74
1274.396 73
1274.476 69
1274.557 67
1274.638 59
1274.718 55
1274.799 51
1274.879 44
1274.960 41
1275.041 40
1275.121 39
1275.202 36
1275.283 34
1275.363 34
1275.444 33
1275.524 34
1275.605 30
1275.686 30
1275.766 31
1275.847 32
1275.928 35
1276.008 36
1276.089 37
1276.170 41
1276.250 46
1276.331 48
1276.412 50
1276.492 57
1276.573 59
1276.654 58
1276.734 57
1276.815 55
1276.896 50
1276.976 56
1277.057 57
1277.138 55
1277.218 62
1277.299 54
1277.380 51
1277.460 46
1277.541 39
1277.622 38
1277.702 38
1277.783 34
1277.864 30
1277.945 30
1278.025 30
1278.106 35
1278.187 33
1278.267 35
1278.348 35
1278.429 40
1278.510 40
1278.590 42
1278.671 44
1278.752 44
1278.833 39
1278.913 36
1278.994 34
1279.075 30
1279.156 31
1279.236 30
1279.317 30
1279.398 30
1279.479 28
1279.559 28
1279.640 27
1279.721 30
1279.802 31
1279.882 34
1279.963 37
1280.044 44
1280.125 49
1280.206 50
1280.286 51
1280.367 59
1280.448 64
1280.529 65
1280.610 67
1280.690 65
1280.771 62
1280.852 58
1280.933 52
1281.014 45
1281.094 43
1281.175 41
1281.256 38
1281.337 32
1281.418 34
1281.499 36
1281.579 36
1281.660 39
1281.741 40
1281.822 40
1281.903 40
1281.984 36
1282.064 36
1282.145 40
1282.226 47
1282.307 48
1282.388 51
1282.469 52
1282.549 51
1282.630 51
1282.711 53
1282.792 48
1282.873 42
1282.954 38
1283.035 31
1283.116 33
1283.196 37
1283.277 37
1283.358 39
1283.439 41
1283.520 39
1283.601 38
1283.682 39
1283.763 38
1283.844 39
1283.924 43
1284.005 39
1284.086 40
1284.167 41
1284.248 45
1284.329 50
1284.410 46
1284.491 42
1284.572 36
1284.653 30
1284.734 30
1284.815 30
1284.896 28
1284.976 31
1285.057 28
1285.138 28
1285.219 25
1285.300 20
1285.381 19
1285.462 15
1285.543 16
1285.624 14
1285.705 14
1285.786 15
1285.867 17
1285.948 15
1286.029 16
1286.110 16
1286.191 18
1286.272 22
1286.353 27
1286.434 32
1286.515 34
1286.596 41
1286.677 39
1286.758 37
1286.839 36
1286.920 34
1287.001 33
1287.082 32
1287.163 32
1287.244 29
1287.325 31
1287.406 35
1287.487 34
1287.568 37
1287.649 39
1287.730 37
1287.811 36
1287.892 34
1287.973 33
1288.054 30
1288.135 27
1288.216 21
1288.297 22
1288.378 27
1288.459 36
1288.540 40
1288.621 39
1288.702 37
1288.783 40
1288.864 34
1288.946 33
1289.027 33
1289.108 30
1289.189 32
1289.270 30
1289.351 31
1289.432 27
1289.513 24
1289.594 25
1289.675 23
1289.756 24
1289.837 26
1289.919 26
1290.000 26
1290.081 25
1290.162 23
1290.243 23
1290.324 23
1290.405 22
1290.486 22
1290.567 26
1290.648 30
1290.730 33
1290.811 37
1290.892 37
1290.973 37
1291.054 36
1291.135 37
1291.216 39
1291.298 41
1291.379 44
1291.460 48
1291.541 44
1291.622 41
1291.703 40
1291.784 31
1291.866 30
1291.947 28
1292.028 26
1292.109 24
1292.190 26
1292.271 29
1292.353 32
1292.434 34
1292.515 32
1292.596 31
1292.677 27
1292.758 22
1292.840 22
1292.921 20
1293.002 18
1293.083 18
1293.164 18
1293.246 18
1293.327 19
1293.408 24
1293.489 26
1293.570 28
1293.652 31
1293.733 31
1293.814 30
1293.895 29
1293.977 29
1294.058 31
1294.139 32
1294.220 33
1294.301 32
1294.383 32
1294.464 32
1294.545 30
1294.626 30
1294.708 23
1294.789 20
1294.870 19
1294.951 15
1295.033 10
1295.114 12
1295.195 13
1295.276 16
1295.358 16
1295.439 16
1295.520 16
1295.602 16
1295.683 16
1295.764 15
1295.845 15
1295.927 16
1296.008 19
1296.089 21
1296.171 23
1296.252 24
1296.333 27
1296.414 26
1296.496 25
1296.577 25
1296.658 23
1296.740 26
1296.821 29
1296.902 31
1296.984 37
1297.065 45
1297.146 56
1297.228 64
1297.309 71
1297.390 68
1297.472 62
1297.553 61
1297.634 55
1297.716 49
1297.797 43
1297.878 36
1297.960 36
1298.041 42
1298.122 51
1298.204 57
1298.285 58
1298.367 59
1298.448 58
1298.529 61
1298.611 68
1298.692 66
1298.773 63
1298.855 57
1298.936 50
1299.018 49
1299.099 46
1299.180 46
1299.262 45
1299.343 42
1299.424 43
1299.506 43
1299.587 37
1299.669 33
1299.750 31
1299.832 32
1299.913 35
1299.994 37
1300.076 35
1300.157 34
1300.239 33
1300.320 33
1300.401 38
1300.483 41
1300.564 46
1300.646 45
1300.727 43
1300.809 42
1300.890 41
1300.972 40
1301.053 39
1301.134 40
1301.216 36
1301.297 36
1301.379 36
1301.460 37
1301.542 32
1301.623 32
1301.705 32
1301.786 33
1301.868 31
1301.949 31
1302.031 31
1302.112 30
1302.194 31
1302.275 31
1302.357 31
1302.438 30
1302.520 31
1302.601 33
1302.683 35
1302.764 32
1302.846 29
1302.927 30
1303.009 27
1303.090 30
1303.172 33
1303.253 31
1303.335 28
1303.416 27
1303.498 24
1303.579 25
1303.661 27
1303.742 29
1303.824 30
1303.905 29
1303.987 28
1304.068 25
1304.150 23
1304.232 22
1304.313 21
1304.395 20
1304.476 21
1304.558 21
1304.639 23
1304.721 24
1304.802 28
1304.884 33
1304.966 36
1305.047 44
1305.129 50
1305.210 46
1305.292 43
1305.374 41
1305.455 34
1305.537 34
1305.618 34
1305.700 29
1305.782 28
1305.863 29
1305.945 31
1306.026 30
1306.108 30
1306.190 34
1306.271 36
1306.353 39
1306.434 44
1306.516 46
1306.598 48
1306.679 50
1306.761 54
1306.843 51
1306.924 48
1307.006 45
1307.087 40
1307.169 37
1307.251 35
1307.332 34
1307.414 27
1307.496 27
1307.577 27
1307.659 25
1307.741 27
1307.822 33
1307.904 37
1307.986 42
1308.067 49
1308.149 48
1308.231 44
1308.312 46
1308.394 41
1308.476 44
1308.557 47
1308.639 47
1308.721 49
1308.803 48
1308.884 43
1308.966 36
1309.048 35
1309.129 32
1309.211 32
1309.293 34
1309.375 33
1309.456 30
1309.538 28
1309.620 27
1309.701 25
1309.783 26
1309.865 27
1309.947 32
1310.028 37
1310.110 36
1310.192 35
1310.274 32
1310.355 27
1310.437 27
1310.519 27
1310.601 25
1310.682 26
1310.764 26
1310.846 26
1310.928 22
1311.009 26
1311.091 30
1311.173 34
1311.255 38
1311.336 46
1311.418 47
1311.500 47
1311.582 49
1311.664 43
1311.745 37
1311.827 32
1311.909 31
1311.991 27
1312.073 27
1312.154 27
1312.236 25
1312.318 20
1312.400 19
1312.482 18
1312.563 17
1312.645 17
1312.727 20
1312.809 23
1312.891 24
1312.972 31
1313.054 30
1313.136 29
1313.218 26
1313.300 32
1313.382 30
1313.464 28
1313.545 25
1313.627 21
1313.709 21
1313.791 21
1313.873 19
1313.955 22
1314.036 22
1314.118 22
1314.200 23
1314.282 21
1314.364 26
1314.446 31
1314.528 37
1314.610 42
1314.691 38
1314.773 34
1314.855 29
1314.937 23
1315.019 21
1315.101 19
1315.183 22
1315.265 20
1315.347 20
1315.429 20
1315.510 22
1315.592 24
1315.674 25
1315.756 26
1315.838 28
1315.920 29
1316.002 32
1316.084 35
1316.166 41
1316.248 45
1316.330 41
1316.412 37
1316.494 31
1316.576 27
1316.657 33
1316.739 39
1316.821 47
1316.903 54
1316.985 54
1317.067 54
1317.149 53
1317.231 53
1317.313 48
1317.395 43
1317.477 40
1317.559 34
1317.641 34
1317.723 35
1317.805 36
1317.887 37
1317.969 39
1318.051 40
1318.133 38
1318.215 35
1318.297 34
1318.379 32
1318.461 34
1318.543 29
1318.625 25
1318.707 22
1318.789 20
1318.871 19
1318.953 21
1319.035 24
1319.117 26
1319.199 28
1319.281 26
1319.363 23
1319.445 21
1319.527 16
1319.609 17
1319.691 18
1319.773 20
1319.855 21
1319.937 22
1320.019 26
1320.101 28
1320.184 34
1320.266 37
1320.348 42
1320.430 48
1320.512 55
1320.594 53
1320.676 54
1320.758 55
1320.840 48
1320.922 43
1321.004 42
1321.086 40
1321.168 36
1321.250 37
1321.333 34
1321.415 36
1321.497 40
1321.579 39
1321.661 40
1321.743 42
1321.825 44
1321.907 46
1321.989 45
1322.072 45
1322.154 50
1322.236 54
1322.318 59
1322.400 67
1322.482 68
1322.564 62
1322.646 56
1322.729 47
1322.811 40
1322.893 46
1322.975 50
1323.057 51
1323.139 58
1323.221 63
1323.304 65
1323.386 64
1323.468 66
1323.550 62
1323.632 59
1323.714 56
1323.797 52
1323.879 46
1323.961 40
1324.043 35
1324.125 31
1324.207 34
1324.290 39
1324.372 43
1324.454 41
1324.536 40
1324.618 37
1324.701 34
1324.783 31
1324.865 32
1324.947 36
1325.029 36
1325.112 42
1325.194 38
1325.276 38
1325.358 39
1325.441 34
1325.523 34
1325.605 31
1325.687 26
1325.769 27
1325.852 27
1325.934 27
1326.016 26
1326.098 25
1326.181 23
1326.263 21
1326.345 16
1326.427 14
1326.510 15
1326.592 17
1326.674 20
1326.756 26
1326.839 31
1326.921 38
1327.003 43
1327.086 45
1327.168 45
1327.250 43
1327.332 42
1327.415 38
1327.497 36
1327.579 33
1327.662 28
1327.744 32
1327.826 31
1327.908 30
1327.991 26
1328.073 27
1328.155 27
1328.238 31
1328.320 33
1328.402 30
1328.485 30
1328.567 30
1328.649 29
1328.732 30
1328.814 30
1328.896 26
1328.979 26
1329.061 26
1329.143 25
1329.226 24
1329.308 24
1329.390 25
1329.473 24
1329.555 23
1329.637 24
1329.720 23
1329.802 24
1329.884 26
1329.967 31
1330.049 35
1330.131 36
1330.214 37
1330.296 33
1330.379 29
1330.461 30
1330.543 31
1330.626 33
1330.708 38
1330.791 37
1330.873 35
1330.955 34
1331.038 29
1331.120 29
1331.203 29
1331.285 28
1331.367 26
1331.450 24
1331.532 22
1331.615 21
1331.697 18
1331.779 18
1331.862 21
1331.944 18
1332.027 18
1332.109 18
1332.192 18
1332.274 21
1332.356 23
1332.439 24
1332.521 23
1332.604 26
1332.686 32
1332.769 31
1332.851 29
1332.934 23
1333.016 21
1333.099 22
1333.181 24
1333.263 23
1333.346 19
1333.428 20
1333.511 20
1333.593 21
1333.676 25
1333.758 29
1333.841 33
1333.923 40
1334.006 46
1334.088 43
1334.171 42
1334.253 42
1334.336 38
1334.418 37
1334.501 39
1334.583 35
1334.666 28
1334.748 28
1334.831 27
1334.913 29
1334.996 33
1335.078 34
1335.161 35
1335.243 34
1335.326 33
1335.409 31
1335.491 30
1335.574 29
1335.656 29
1335.739 29
1335.821 28
1335.904 24
1335.986 18
1336.069 17
1336.151 13
1336.234 15
1336.317 10
1336.399 11
1336.482 11
1336.564 10
1336.647 13
1336.729 13
1336.812 13
1336.895 13
1336.977 14
1337.060 15
1337.142 18
1337.225 17
1337.308 13
1337.390 15
1337.473 14
1337.555 16
1337.638 19
1337.721 21
1337.803 24
1337.886 27
1337.968 32
1338.051 32
1338.134 34
1338.216 38
1338.299 37
1338.382 36
1338.464 34
1338.547 28
1338.629 22
1338.712 25
1338.795 26
1338.877 31
1338.960 37
1339.043 40
1339.125 45
1339.208 51
1339.291 52
1339.373 45
1339.456 39
1339.539 32
1339.621 29
1339.704 33
1339.787 36
1339.869 40
1339.952 39
1340.035 37
1340.117 35
1340.200 34
1340.283 34
1340.365 32
1340.448 29
1340.531 24
1340.614 22
1340.696 22
1340.779 22
1340.862 23
1340.944 25
1341.027 25
1341.110 24
1341.193 24
1341.275 26
1341.358 25
1341.441 25
1341.523 25
1341.606 22
1341.689 22
1341.772 22
1341.854 21
1341.937 22
1342.020 23
1342.103 24
1342.185 26
1342.268 27
1342.351 28
1342.434 30
1342.516 27
1342.599 32
1342.682 32
1342.765 29
1342.847 29
1342.930 25
1343.013 24
1343.096 25
1343.179 26
1343.261 24
1343.344 27
1343.427 30
1343.510 33
1343.592 34
1343.675 33
1343.758 32
1343.841 30
1343.924 32
1344.006 33
1344.089 34
1344.172 33
1344.255 36
1344.338 35
1344.421 34
1344.503 32
1344.586 28
1344.669 32
1344.752 37
1344.835 41
1344.917 47
1345.000 52
1345.083 55
1345.166 57
1345.249 63
1345.332 61
1345.415 61
1345.497 64
1345.580 62
1345.663 57
1345.746 55
1345.829 51
1345.912 48
1345.995 47
1346.077 46
1346.160 43
1346.243 42
1346.326 47
1346.409 52
1346.492 61
1346.575 69
1346.658 64
1346.740 60
1346.823 58
1346.906 50
1346.989 50
1347.072 49
1347.155 50
1347.238 50
1347.321 54
1347.404 58
1347.487 62
1347.570 63
1347.652 60
1347.735 57
1347.818 53
1347.901 50
1347.984 47
1348.067 44
1348.150 39
1348.233 38
1348.316 40
1348.399 45
1348.482 47
1348.565 53
1348.648 49
1348.731 43
1348.814 36
1348.897 31
1348.980 31
1349.062 31
1349.145 30
1349.228 30
1349.311 31
1349.394 31
1349.477 34
1349.560 36
1349.643 35
1349.726 34
1349.809 35
1349.892 33
1349.975 35
1350.058 37
1350.141 39
1350.224 44
1350.307 48
1350.390 52
1350.473 57
1350.556 56
1350.639 49
1350.722 45
1350.805 36
1350.888 32
1350.971 31
1351.054 27
1351.137 27
1351.220 27
1351.304 29
1351.387 32
1351.470 39
1351.553 41
1351.636 42
1351.719 44
1351.802 43
1351.885 39
1351.968 31
1352.051 24
1352.134 20
1352.217 23
1352.300 27
1352.383 32
1352.466 38
1352.549 38
1352.632 37
1352.715 35
1352.799 31
1352.882 32
1352.965 30
1353.048 29
1353.131 29
1353.214 28
1353.297 30
1353.380 33
1353.463 30
1353.546 34
1353.630 37
1353.713 40
1353.796 41
1353.879 43
1353.962 41
1354.045 38
1354.128 34
1354.211 31
1354.294 30
1354.378 28
1354.461 29
1354.544 24
1354.627 23
1354.710 24
1354.793 20
1354.876 23
1354.960 22
1355.043 20
1355.126 23
1355.209 23
1355.292 25
1355.375 27
1355.459 27
1355.542 27
1355.625 24
1355.708 21
1355.791 20
1355.874 17
1355.958 22
1356.041 24
1356.124 26
1356.207 28
1356.290 28
1356.373 32
1356.457 33
1356.540 38
1356.623 37
1356.706 34
1356.789 32
1356.873 28
1356.956 31
1357.039 32
1357.122 30
1357.206 35
1357.289 34
1357.372 36
1357.455 35
1357.538 38
1357.622 37
1357.705 37
1357.788 39
1357.871 33
1357.955 36
1358.038 42
1358.121 42
1358.204 45
1358.288 43
1358.371 42
1358.454 42
1358.537 43
1358.621 42
1358.704 41
1358.787 40
1358.870 40
1358.954 43
1359.037 46
1359.120 50
1359.204 57
1359.287 59
1359.370 60
1359.453 65
1359.537 54
1359.620 52
1359.703 48
1359.787 41
1359.870 43
1359.953 44
1360.036 46
1360.120 47
1360.203 51
1360.286 53
1360.370 53
1360.453 53
1360.536 57
1360.620 51
1360.703 51
1360.786 44
1360.870 42
1360.953 45
1361.036 53
1361.120 57
1361.203 63
1361.286 65
1361.370 64
1361.453 59
1361.536 60
1361.620 55
1361.703 45
1361.787 40
1361.870 34
1361.953 32
1362.037 31
1362.120 33
1362.203 30
1362.287 30
1362.370 31
1362.453 30
1362.537 29
1362.620 29
1362.704 31
1362.787 29
1362.870 28
1362.954 31
1363.037 31
1363.121 36
1363.204 42
1363.287 43
1363.371 43
1363.454 44
1363.538 45
1363.621 43
1363.705 41
1363.788 43
1363.871 41
1363.955 41
1364.038 44
1364.122 43
1364.205 40
1364.289 37
1364.372 32
1364.455 30
1364.539 32
1364.622 34
1364.706 35
1364.789 38
1364.873 37
1364.956 38
1365.040 39
1365.123 43
1365.207 44
1365.290 39
1365.373 34
1365.457 27
1365.540 21
1365.624 18
1365.707 16
1365.791 14
1365.874 14
1365.958 14
1366.041 13
1366.125 17
1366.208 21
1366.292 22
1366.375 23
1366.459 26
1366.542 27
1366.626 29
1366.709 34
1366.793 32
1366.876 33
1366.960 31
1367.043 25
1367.127 22
1367.211 20
1367.294 21
1367.378 24
1367.461 28
1367.545 31
1367.628 29
1367.712 26
1367.795 26
1367.879 22
1367.962 24
1368.046 29
1368.130 30
1368.213 34
1368.297 34
1368.380 30
1368.464 29
1368.547 29
1368.631 26
1368.714 24
1368.798 23
1368.882 15
1368.965 16
1369.049 17
1369.132 21
1369.216 29
1369.300 34
1369.383 40
1369.467 48
1369.550 50
1369.634 49
1369.718 52
1369.801 50
1369.885 51
1369.968 51
1370.052 46
1370.136 43
1370.219 42
1370.303 52
1370.387 62
1370.470 75
1370.554 85
1370.637 80
1370.721 79
1370.805 74
1370.888 70
1370.972 68
1371.056 61
1371.139 59
1371.223 50
1371.307 49
1371.390 52
1371.474 51
1371.558 59
1371.641 59
1371.725 58
1371.809 52
1371.892 44
1371.976 38
1372.060 33
1372.143 32
1372.227 30
1372.311 34
1372.394 37
1372.478 42
1372.562 41
1372.645 42
1372.729 44
1372.813 45
1372.897 50
1372.980 50
1373.064 53
1373.148 53
1373.231 53
1373.315 53
1373.399 51
1373.483 53
1373.566 53
1373.650 58
1373.734 62
1373.818 66
1373.901 68
1373.985 61
1374.069 55
1374.153 45
1374.236 40
1374.320 39
1374.404 38
1374.488 37
1374.571 35
1374.655 34
1374.739 33
1374.823 33
1374.906 30
1374.990 29
1375.074 28
1375.158 28
1375.241 24
1375.325 28
1375.409 33
1375.493 31
1375.577 31
1375.660 29
1375.744 28
1375.828 25
1375.912 30
1375.996 33
1376.079 33
1376.163 36
1376.247 38
1376.331 35
1376.415 34
1376.498 34
1376.582 31
1376.666 31
1376.750 34
1376.834 36
1376.918 31
1377.001 32
1377.085 32
1377.169 34
1377.253 37
1377.337 35
1377.421 34
1377.504 28
1377.588 28
1377.672 29
1377.756 32
1377.840 29
1377.924 34
1378.008 33
1378.091 30
1378.175 27
1378.259 24
1378.343 23
1378.427 22
1378.511 23
1378.595 22
1378.679 23
1378.762 24
1378.846 27
1378.930 30
1379.014 30
1379.098 30
1379.182 27
1379.266 28
1379.350 25
1379.434 21
1379.518 16
1379.601 11
1379.685 9
1379.769 8
1379.853 7
1379.937 5
1380.021 7
1380.105 9
1380.189 14
1380.273 17
1380.357 18
1380.441 19
1380.525 18
1380.609 23
1380.693 25
1380.777 26
1380.860 26
1380.944 30
1381.028 29
1381.112 28
1381.196 29
1381.280 25
1381.364 24
1381.448 26
1381.532 26
1381.616 23
1381.700 23
1381.784 21
1381.868 20
1381.952 24
1382.036 25
1382.120 26
1382.204 29
1382.288 31
1382.372 31
1382.456 28
1382.540 24
1382.624 20
1382.708 19
1382.792 22
1382.876 17
1382.960 16
1383.044 16
1383.128 17
1383.212 19
1383.296 24
1383.380 31
1383.464 36
1383.548 43
1383.632 55
1383.716 56
1383.800 57
1383.884 60
1383.969 58
1384.053 53
1384.137 48
1384.221 43
1384.305 34
1384.389 36
1384.473 38
1384.557 39
1384.641 46
1384.725 41
1384.809 38
1384.893 31
1384.977 24
1385.061 24
1385.145 22
1385.230 22
1385.314 21
1385.398 25
1385.482 29
1385.566 32
1385.650 36
1385.734 31
1385.818 26
1385.902 22
1385.986 17
1386.071 17
1386.155 18
1386.239 18
1386.323 20
1386.407 22
1386.491 24
1386.575 28
1386.659 32
1386.744 31
1386.828 29
1386.912 27
1386.996 23
1387.080 24
1387.164 25
1387.248 26
1387.333 28
1387.417 28
1387.501 28
1387.585 28
1387.669 27
1387.753 29
1387.838 31
1387.922 33
1388.006 36
1388.090 35
1388.174 34
1388.258 35
1388.343 32
1388.427 30
1388.511 29
1388.595 23
1388.679 18
1388.764 18
1388.848 16
1388.932 17
1389.016 16
1389.100 18
1389.185 18
1389.269 19
1389.353 21
1389.437 26
1389.521 30
1389.606 31
1389.690 35
1389.774 31
1389.858 29
1389.943 30
1390.027 27
1390.111 26
1390.195 27
1390.280 22
1390.364 23
1390.448 21
1390.532 19
1390.617 17
1390.701 15
1390.785 15
1390.869 14
1390.954 15
1391.038 15
1391.122 16
1391.206 18
1391.291 23
1391.375 23
1391.459 26
1391.544 29
1391.628 30
1391.712 36
1391.796 36
1391.881 36
1391.965 34
1392.049 33
1392.134 34
1392.218 34
1392.302 33
1392.386 34
1392.471 36
1392.555 38
1392.639 37
1392.724 41
1392.808 41
1392.892 45
1392.977 46
1393.061 53
1393.145 57
1393.230 59
1393.314 67
1393.398 63
1393.483 60
1393.567 56
1393.651 55
1393.736 49
1393.820 49
1393.904 49
1393.989 46
1394.073 49
1394.158 51
1394.242 53
1394.326 54
1394.411 55
1394.495 51
1394.579 48
1394.664 47
1394.748 44
1394.833 45
1394.917 47
1395.001 42
1395.086 44
1395.170 47
1395.254 49
1395.339 53
1395.423 59
1395.508 57
1395.592 54
1395.676 52
1395.761 48
1395.845 48
1395.930 47
1396.014 47
1396.099 47
1396.183 43
1396.267 41
1396.352 39
1396.436 32
1396.521 32
1396.605 31
1396.690 32
1396.774 35
1396.858 37
1396.943 39
1397.027 38
1397.112 43
1397.196 46
1397.281 46
1397.365 44
1397.450 44
1397.534 40
1397.619 36
1397.703 33
1397.788 27
1397.872 25
1397.957 26
1398.041 28
1398.125 33
1398.210 32
1398.294 32
1398.379 28
1398.463 28
1398.548 32
1398.632 38
1398.717 46
1398.801 47
1398.886 47
1398.970 47
1399.055 46
1399.139 46
1399.224 45
1399.309 45
1399.393 44
1399.478 48
1399.562 57
1399.647 66
1399.731 77
1399.816 76
1399.900 68
1399.985 61
1400.069 50
1400.154 48
1400.238 48
1400.323 49
1400.408 46
1400.492 46
1400.577 43
1400.661 38
1400.746 34
1400.830 28
1400.915 28
1400.999 30
1401.084 28
1401.169 27
1401.253 27
1401.338 26
1401.422 26
1401.507 26
1401.592 27
1401.676 27
1401.761 30
1401.845 33
1401.930 31
1402.015 31
1402.099 27
1402.184 22
1402.268 21
1402.353 21
1402.438 20
1402.522 19
1402.607 20
1402.691 20
1402.776 25
1402.861 26
1402.945 25
1403.030 22
1403.115 17
1403.199 16
1403.284 15
1403.369 16
1403.453 14
1403.538 12
1403.623 14
1403.707 14
1403.792 14
1403.877 19
1403.961 20
1404.046 21
1404.131 23
1404.215 22
1404.300 21
1404.385 20
1404.469 19
1404.554 21
1404.639 28
1404.723 35
1404.808 43
1404.893 47
1404.977 47
1405.062 47
1405.147 49
1405.231 51
1405.316 47
1405.401 43
1405.486 38
1405.570 33
1405.655 30
1405.740 27
1405.824 26
1405.909 24
1405.994 24
1406.079 25
1406.163 23
1406.248 23
1406.333 27
1406.418 31
1406.502 36
1406.587 38
1406.672 39
1406.757 40
1406.841 44
1406.926 45
1407.011 42
1407.096 38
1407.180 37
1407.265 33
1407.350 32
1407.435 31
1407.519 27
1407.604 30
1407.689 31
1407.774 32
1407.858 27
1407.943 27
1408.028 26
1408.113 25
1408.198 24
1408.282 26
1408.367 26
1408.452 26
1408.537 25
1408.622 21
1408.706 22
1408.791 23
1408.876 23
1408.961 27
1409.046 29
1409.131 31
1409.215 35
1409.300 38
1409.385 38
1409.470 38
1409.555 35
1409.640 36
1409.724 33
1409.809 30
1409.894 27
1409.979 22
1410.064 22
1410.149 25
1410.233 27
1410.318 26
1410.403 30
1410.488 35
1410.573 39
1410.658 43
1410.743 40
1410.828 37
1410.912 38
1410.997 31
1411.082 28
1411.167 25
1411.252 18
1411.337 16
1411.422 16
1411.507 16
1411.592 17
1411.676 16
1411.761 17
1411.846 18
1411.931 21
1412.016 23
1412.101 22
1412.186 21
1412.271 16
1412.356 18
1412.441 15
1412.526 12
1412.610 9
1412.695 6
1412.780 6
1412.865 6
1412.950 8
1413.035 6
1413.120 6
1413.205 6
1413.290 4
1413.375 7
1413.460 10
1413.545 13
1413.630 15
1413.715 23
1413.800 29
1413.885 35
1413.970 42
1414.055 47
1414.140 48
1414.225 49
1414.310 52
1414.395 49
1414.480 46
1414.565 43
1414.650 38
1414.735 43
1414.820 45
1414.905 48
1414.990 48
1415.075 47
1415.160 44
1415.245 40
1415.330 34
1415.415 29
1415.500 27
1415.585 25
1415.670 21
1415.755 16
1415.840 19
1415.925 22
1416.010 26
1416.095 34
1416.180 41
1416.265 48
1416.350 54
1416.435 60
1416.520 55
1416.605 50
1416.690 45
1416.775 36
1416.860 37
1416.945 37
1417.030 35
1417.115 39
1417.200 45
1417.286 50
1417.371 54
1417.456 59
1417.541 49
1417.626 41
1417.711 29
1417.796 19
1417.881 19
1417.966 19
1418.051 19
1418.136 18
1418.221 25
1418.307 32
1418.392 39
1418.477 49
1418.562 49
1418.647 50
1418.732 55
1418.817 51
1418.902 50
1418.987 51
1419.073 50
1419.158 49
1419.243 52
1419.328 52
1419.413 61
1419.498 66
1419.583 66
1419.669 66
1419.754 63
1419.839 64
1419.924 58
1420.009 53
1420.094 45
1420.179 41
1420.265 43
1420.350 45
1420.435 46
1420.520 49
1420.605 45
1420.690 38
1420.776 35
1420.861 32
1420.946 38
1421.031 46
1421.116 47
1421.202 51
1421.287 52
1421.372 51
1421.457 56
1421.542 60
1421.628 55
1421.713 50
1421.798 46
1421.883 41
1421.968 40
1422.054 37
1422.139 36
1422.224 31
1422.309 31
1422.395 31
1422.480 30
1422.565 36
1422.650 39
1422.735 42
1422.821 45
1422.906 49
1422.991 53
1423.076 58
1423.162 65
1423.247 65
1423.332 60
1423.417 54
1423.503 49
1423.588 43
1423.673 42
1423.759 40
1423.844 37
1423.929 36
1424.014 34
1424.100 33
1424.185 28
1424.270 25
1424.355 23
1424.441 22
1424.526 24
1424.611 18
1424.697 17
1424.782 15
1424.867 14
1424.953 17
1425.038 17
1425.123 17
1425.208 14
1425.294 14
1425.379 15
1425.464 16
1425.550 17
1425.635 17
1425.720 17
1425.806 17
1425.891 18
1425.976 16
1426.062 18
1426.147 20
1426.232 19
1426.318 22
1426.403 22
1426.488 22
1426.574 23
1426.659 24
1426.745 24
1426.830 24
1426.915 25
1427.001 27
1427.086 27
1427.171 27
1427.257 24
1427.342 22
1427.428 23
1427.513 25
1427.598 27
1427.684 27
1427.769 28
1427.854 28
1427.940 29
1428.025 32
1428.111 32
1428.196 32
1428.281 34
1428.367 34
1428.452 34
1428.538 34
1428.623 33
1428.709 25
1428.794 24
1428.879 23
1428.965 20
1429.050 25
1429.136 28
1429.221 31
1429.307 38
1429.392 45
1429.477 45
1429.563 42
1429.648 39
1429.734 34
1429.819 32
1429.905 36
1429.990 34
1430.076 34
1430.161 33
1430.247 30
1430.332 27
1430.417 23
1430.503 20
1430.588 16
1430.674 12
1430.759 8
1430.845 9
1430.930 10
1431.016 14
1431.101 16
1431.187 17
1431.272 21
1431.358 20
1431.443 22
1431.529 25
1431.614 26
1431.700 30
1431.785 32
1431.871 30
1431.956 27
1432.042 26
1432.127 24
1432.213 24
1432.298 24
1432.384 24
1432.470 23
1432.555 20
1432.641 17
1432.726 13
1432.812 9
1432.897 10
1432.983 13
1433.068 14
1433.154 20
1433.239 20
1433.325 19
1433.411 20
1433.496 16
1433.582 16
1433.667 15
1433.753 18
1433.838 21
1433.924 27
1434.010 33
1434.095 39
1434.181 46
1434.266 46
1434.352 46
1434.438 50
1434.523 49
1434.609 44
1434.694 40
1434.780 35
1434.866 25
1434.951 25
1435.037 24
1435.122 26
1435.208 28
1435.294 28
1435.379 28
1435.465 26
1435.550 28
1435.636 25
1435.722 22
1435.807 17
1435.893 13
1435.979 19
1436.064 22
1436.150 23
1436.236 29
1436.321 36
1436.407 42
1436.493 48
1436.578 56
1436.664 49
1436.750 47
1436.835 42
1436.921 35
1437.007 33
1437.092 31
1437.178 32
1437.264 33
1437.349 36
1437.435 38
1437.521 40
1437.606 43
1437.692 39
1437.778 36
1437.863 33
1437.949 29
1438.035 28
1438.120 26
1438.206 25
1438.292 21
1438.378 21
1438.463 21
1438.549 19
1438.635 19
1438.720 20
1438.806 21
1438.892 26
1438.978 32
1439.063 33
1439.149 33
1439.235 35
1439.321 32
1439.406 37
1439.492 39
1439.578 40
1439.664 43
1439.749 46
1439.835 46
1439.921 45
1440.007 42
1440.092 39
1440.178 39
1440.264 39
1440.350 44
1440.435 48
1440.521 52
1440.607 61
1440.693 64
1440.779 66
1440.864 65
1440.950 64
1441.036 68
1441.122 72
1441.208 79
1441.293 90
1441.379 98
1441.465 99
1441.551 100
1441.637 98
1441.722 91
1441.808 82
1441.894 72
1441.980 59
1442.066 50
1442.152 57
1442.237 65
1442.323 72
1442.409 82
1442.495 80
1442.581 77
1442.667 78
1442.752 72
1442.838 72
1442.924 73
1443.010 72
1443.096 80
1443.182 82
1443.268 82
1443.353 83
1443.439 76
1443.525 72
1443.611 70
1443.697 64
1443.783 60
1443.869 62
1443.954 63
1444.040 67
1444.126 72
1444.212 70
1444.298 69
1444.384 67
1444.470 60
1444.556 57
1444.642 54
1444.728 47
1444.813 44
1444.899 42
1444.985 40
1445.071 42
1445.157 40
1445.243 43
1445.329 46
1445.415 53
1445.501 53
1445.587 52
1445.673 51
1445.759 46
1445.845 44
1445.930 49
1446.016 53
1446.102 56
1446.188 65
1446.274 61
1446.360 58
1446.446 56
1446.532 51
1446.618 51
1446.704 51
1446.790 50
1446.876 48
1446.962 48
1447.048 47
1447.134 41
1447.220 39
1447.306 40
1447.392 42
1447.478 44
1447.564 44
1447.650 43
1447.736 42
1447.822 39
1447.908 38
1447.994 35
1448.080 32
1448.166 29
1448.252 30
1448.338 32
1448.424 34
1448.510 36
1448.596 35
1448.682 39
1448.768 42
1448.854 47
1448.940 49
1449.026 45
1449.112 40
1449.198 37
1449.284 31
1449.370 33
1449.456 31
1449.542 26
1449.628 28
1449.714 27
1449.801 28
1449.887 27
1449.973 24
1450.059 25
1450.145 25
1450.231 28
1450.317 28
1450.403 31
1450.489 34
1450.575 38
1450.661 39
1450.747 37
1450.833 37
1450.920 36
1451.006 41
1451.092 40
1451.178 38
1451.264 35
1451.350 32
1451.436 30
1451.522 29
1451.608 24
1451.694 19
1451.781 21
1451.867 21
1451.953 24
1452.039 23
1452.125 21
1452.211 19
1452.297 18
1452.383 15
1452.470 16
1452.556 18
1452.642 20
1452.728 25
1452.814 25
1452.900 25
1452.986 25
1453.073 22
1453.159 22
1453.245 22
1453.331 25
1453.417 28
1453.503 30
1453.590 31
1453.676 32
1453.762 35
1453.848 34
1453.934 33
1454.021 32
1454.107 28
1454.193 27
1454.279 27
1454.365 25
1454.452 24
1454.538 26
1454.624 28
1454.710 24
1454.796 26
1454.883 27
1454.969 28
1455.055 26
1455.141 29
1455.227 35
1455.314 41
1455.400 50
1455.486 61
1455.572 65
1455.659 69
1455.745 66
1455.831 58
1455.917 52
1456.004 45
1456.090 45
1456.176 40
1456.262 43
1456.349 46
1456.435 47
1456.521 57
1456.607 50
1456.694 40
1456.780 30
1456.866 21
1456.952 19
1457.039 20
1457.125 19
1457.211 14
1457.298 17
1457.384 17
1457.470 20
1457.556 27
1457.643 26
1457.729 25
1457.815 27
1457.902 26
1457.988 27
1458.074 28
1458.161 27
1458.247 27
1458.333 29
1458.419 32
1458.506 35
1458.592 31
1458.678 28
1458.765 24
1458.851 21
1458.937 16
1459.024 16
1459.110 16
1459.196 15
1459.283 18
1459.369 24
1459.455 31
1459.542 38
1459.628 45
1459.715 45
1459.801 45
1459.887 42
1459.974 43
1460.060 40
1460.146 36
1460.233 34
1460.319 27
1460.405 27
1460.492 27
1460.578 27
1460.665 26
1460.751 24
1460.837 22
1460.924 22
1461.010 20
1461.097 19
1461.183 18
1461.269 19
1461.356 17
1461.442 20
1461.529 24
1461.615 31
1461.701 33
1461.788 34
1461.874 34
1461.961 37
1462.047 43
1462.134 43
1462.220 42
1462.306 36
1462.393 33
1462.479 28
1462.566 23
1462.652 16
1462.739 11
1462.825 14
1462.912 13
1462.998 14
1463.084 14
1463.171 14
1463.257 15
1463.344 17
1463.430 20
1463.517 22
1463.603 24
1463.690 26
1463.776 28
1463.863 31
1463.949 34
1464.036 36
1464.122 41
1464.209 44
1464.295 47
1464.382 49
1464.468 52
1464.555 51
1464.641 50
1464.728 44
1464.814 46
1464.901 50
1464.987 54
1465.074 62
1465.160 71
1465.247 80
1465.333 89
1465.420 101
1465.506 109
1465.593 101
1465.679 95
1465.766 91
1465.853 80
1465.939 80
1466.026 81
1466.112 80
1466.199 84
1466.285 83
1466.372 81
1466.458 81
1466.545 74
1466.632 66
1466.718 56
1466.805 48
1466.891 40
1466.978 46
1467.064 51
1467.151 57
1467.238 63
1467.324 68
1467.411 73
1467.497 74
1467.584 81
1467.670 74
1467.757 68
1467.844 60
1467.930 53
1468.017 55
1468.104 57
1468.190 65
1468.277 76
1468.363 80
1468.450 86
1468.537 90
1468.623 87
1468.710 84
1468.796 80
1468.883 74
1468.970 67
1469.056 63
1469.143 62
1469.230 60
1469.316 59
1469.403 56
1469.490 49
1469.576 46
1469.663 46
1469.750 51
1469.836 56
1469.923 60
1470.010 66
1470.096 68
1470.183 70
1470.270 71
1470.356 76
1470.443 74
1470.530 70
1470.616 67
1470.703 57
1470.790 52
1470.876 50
1470.963 47
1471.050 40
1471.136 40
1471.223 39
1471.310 39
1471.397 42
1471.483 39
1471.570 37
1471.657 33
1471.743 28
1471.830 29
1471.917 29
1472.004 29
1472.090 31
1472.177 35
1472.264 38
1472.351 42
1472.437 46
1472.524 41
1472.611 37
1472.697 36
1472.784 32
1472.871 38
1472.958 46
1473.045 53
1473.131 59
1473.218 57
1473.305 54
1473.392 51
1473.478 50
1473.565 44
1473.652 39
1473.739 32
1473.825 25
1473.912 27
1473.999 31
1474.086 34
1474.173 40
1474.259 38
1474.346 36
1474.433 37
1474.520 34
1474.607 31
1474.693 30
1474.780 27
1474.867 22
1474.954 21
1475.041 18
1475.127 17
1475.214 14
1475.301 19
1475.388 24
1475.475 26
1475.562 34
1475.648 34
1475.735 34
1475.822 35
1475.909 37
1475.996 35
1476.083 34
1476.169 33
1476.256 31
1476.343 29
1476.430 26
1476.517 23
1476.604 17
1476.691 21
1476.778 22
1476.864 23
1476.951 25
1477.038 24
1477.125 29
1477.212 31
1477.299 33
1477.386 33
1477.473 30
1477.559 31
1477.646 32
1477.733 32
1477.820 32
1477.907 34
1477.994 31
1478.081 31
1478.168 31
1478.255 33
1478.342 34
1478.429 33
1478.515 35
1478.602 34
1478.689 33
1478.776 32
1478.863 31
1478.950 25
1479.037 20
1479.124 20
1479.211 17
1479.298 21
1479.385 25
1479.472 29
1479.559 33
1479.646 37
1479.733 41
1479.820 42
1479.907 43
1479.994 41
1480.080 42
1480.167 40
1480.254 39
1480.341 40
1480.428 35
1480.515 32
1480.602 29
1480.689 26
1480.776 24
1480.863 24
1480.950 23
1481.037 21
1481.124 21
1481.211 20
1481.298 19
1481.385 20
1481.472 20
1481.559 24
1481.646 29
1481.733 31
1481.820 32
1481.907 34
1481.994 35
1482.081 36
1482.168 44
1482.256 45
1482.343 45
1482.430 44
1482.517 40
1482.604 35
1482.691 31
1482.778 26
1482.865 21
1482.952 24
1483.039 25
1483.126 25
1483.213 24
1483.300 24
1483.387 24
1483.474 27
1483.561 25
1483.648 29
1483.735 28
1483.823 25
1483.910 25
1483.997 24
1484.084 26
1484.171 31
1484.258 33
1484.345 32
1484.432 31
1484.519 30
1484.606 33
1484.693 30
1484.781 27
1484.868 22
1484.955 17
1485.042 18
1485.129 19
1485.216 20
1485.303 20
1485.390 21
1485.478 22
1485.565 24
1485.652 25
1485.739 24
1485.826 23
1485.913 21
1486.000 22
1486.088 21
1486.175 20
1486.262 18
1486.349 18
1486.436 19
1486.523 21
1486.610 23
1486.698 22
1486.785 21
1486.872 20
1486.959 18
1487.046 19
1487.133 19
1487.221 18
1487.308 18
1487.395 15
1487.482 15
1487.569 16
1487.657 16
1487.744 19
1487.831 20
1487.918 20
1488.005 24
1488.093 25
1488.180 28
1488.267 31
1488.354 38
1488.441 42
1488.529 39
1488.616 36
1488.703 34
1488.790 32
1488.878 34
1488.965 36
1489.052 39
1489.139 44
1489.227 50
1489.314 56
1489.401 62
1489.488 68
1489.576 69
1489.663 71
1489.750 71
1489.837 71
1489.925 73
1490.012 77
1490.099 80
1490.186 78
1490.274 79
1490.361 80
1490.448 82
1490.535 84
1490.623 79
1490.710 71
1490.797 61
1490.885 54
1490.972 54
1491.059 54
1491.146 56
1491.234 56
1491.321 62
1491.408 68
1491.496 73
1491.583 77
1491.670 70
1491.758 63
1491.845 54
1491.932 51
1492.020 46
1492.107 41
1492.194 38
1492.282 31
1492.369 34
1492.456 34
1492.544 30
1492.631 33
1492.718 38
1492.806 44
1492.893 55
1492.980 59
1493.068 59
1493.155 61
1493.242 65
1493.330 66
1493.417 61
1493.505 56
1493.592 47
1493.679 42
1493.767 41
1493.854 40
1493.941 43
1494.029 41
1494.116 46
1494.204 51
1494.291 52
1494.378 59
1494.466 57
1494.553 55
1494.641 50
1494.728 47
1494.815 42
1494.903 38
1494.990 36
1495.078 32
1495.165 36
1495.252 35
1495.340 35
1495.427 38
1495.515 35
1495.602 35
1495.690 37
1495.777 36
1495.864 35
1495.952 33
1496.039 32
1496.127 31
1496.214 31
1496.302 33
1496.389 40
1496.477 41
1496.564 41
1496.652 41
1496.739 38
1496.826 38
1496.914 42
1497.001 45
1497.089 46
1497.176 47
1497.264 44
1497.351 42
1497.439 36
1497.526 35
1497.614 36
1497.701 38
1497.789 34
1497.876 38
1497.964 37
1498.051 35
1498.139 36
1498.226 33
1498.314 36
1498.401 39
1498.489 43
1498.576 43
1498.664 43
1498.751 43
1498.839 43
1498.926 48
1499.014 46
1499.101 44
1499.189 38
1499.277 33
1499.364 31
1499.452 29
1499.539 22
1499.627 19
1499.714 21
1499.802 23
1499.889 25
1499.977 28
1500.065 28
1500.152 28
1500.240 26
1500.327 24
1500.415 24
1500.502 24
1500.590 27
1500.678 24
1500.765 27
1500.853 32
1500.940 29
1501.028 32
1501.115 28
1501.203 26
1501.291 26
1501.378 25
1501.466 29
1501.554 32
1501.641 35
1501.729 39
1501.816 38
1501.904 40
1501.992 46
1502.079 45
1502.167 41
1502.254 34
1502.342 27
1502.430 21
1502.517 19
1502.605 18
1502.693 16
1502.780 17
1502.868 17
1502.956 17
1503.043 15
1503.131 17
1503.219 17
1503.306 17
1503.394 16
1503.482 23
1503.569 26
1503.657 29
1503.745 34
1503.832 37
1503.920 44
1504.008 51
1504.095 61
1504.183 63
1504.271 56
1504.358 49
1504.446 40
1504.534 34
1504.621 30
1504.709 26
1504.797 22
1504.885 19
1504.972 19
1505.060 19
1505.148 17
1505.235 19
1505.323 22
1505.411 25
1505.499 28
1505.586 29
1505.674 31
1505.762 33
1505.849 33
1505.937 37
1506.025 34
1506.113 31
1506.200 28
1506.288 23
1506.376 23
1506.464 26
1506.551 23
1506.639 26
1506.727 31
1506.815 33
1506.902 38
1506.990 44
1507.078 41
1507.166 38
1507.254 38
1507.341 33
1507.429 33
1507.517 33
1507.605 37
1507.692 34
1507.780 34
1507.868 36
1507.956 32
1508.044 32
1508.131 30
1508.219 27
1508.307 26
1508.395 22
1508.483 24
1508.571 25
1508.658 31
1508.746 32
1508.834 30
1508.922 28
1509.010 26
1509.097 27
1509.185 25
1509.273 25
1509.361 23
1509.449 20
1509.537 22
1509.625 24
1509.712 25
1509.800 28
1509.888 28
1509.976 26
1510.064 31
1510.152 29
1510.240 29
1510.327 29
1510.415 36
1510.503 36
1510.591 35
1510.679 34
1510.767 28
1510.855 25
1510.943 26
1511.030 27
1511.118 27
1511.206 29
1511.294 26
1511.382 23
1511.470 18
1511.558 16
1511.646 21
1511.734 26
1511.822 31
1511.909 33
1511.997 38
1512.085 44
1512.173 52
1512.261 65
1512.349 63
1512.437 62
1512.525 61
1512.613 54
1512.701 54
1512.789 51
1512.877 48
1512.965 48
1513.053 52
1513.141 57
1513.228 63
1513.316 64
1513.404 63
1513.492 60
1513.580 54
1513.668 48
1513.756 42
1513.844 38
1513.932 29
1514.020 24
1514.108 24
1514.196 24
1514.284 23
1514.372 26
1514.460 25
1514.548 24
1514.636 26
1514.724 26
1514.812 29
1514.900 34
1514.988 37
1515.076 42
1515.164 41
1515.252 38
1515.340 40
1515.428 35
1515.516 35
1515.604 34
1515.692 34
1515.780 31
1515.868 32
1515.956 34
1516.044 31
1516.132 35
1516.220 35
1516.308 35
1516.397 38
1516.485 43
1516.573 44
1516.661 45
1516.749 43
1516.837 46
1516.925 49
1517.013 52
1517.101 55
1517.189 58
1517.277 56
1517.365 54
1517.453 53
1517.541 50
1517.629 50
1517.718 49
1517.806 51
1517.894 48
1517.982 45
1518.070 44
1518.158 38
1518.246 42
1518.334 42
1518.422 43
1518.510 47
1518.599 46
1518.687 50
1518.775 47
1518.863 44
1518.951 43
1519.039 36
1519.127 33
1519.215 35
1519.304 26
1519.392 22
1519.480 19
1519.568 15
1519.656 12
1519.744 11
1519.832 10
1519.921 8
1520.009 6
1520.097 9
1520.185 13
1520.273 15
1520.361 19
1520.449 22
1520.538 26
1520.626 33
1520.714 36
1520.802 35
1520.890 33
1520.979 33
1521.067 30
1521.155 30
1521.243 28
1521.331 23
1521.419 24
1521.508 22
1521.596 20
1521.684 20
1521.772 15
1521.860 14
1521.949 14
1522.037 16
1522.125 16
1522.213 16
1522.302 17
1522.390 14
1522.478 16
1522.566 16
1522.654 15
1522.743 14
1522.831 16
1522.919 16
1523.007 16
1523.096 17
1523.184 21
1523.272 23
1523.360 25
1523.449 29
1523.537 31
1523.625 29
1523.713 27
1523.802 24
1523.890 21
1523.978 21
1524.067 21
1524.155 20
1524.243 22
1524.331 20
1524.420 18
1524.508 15
1524.596 11
1524.685 13
1524.773 15
1524.861 17
1524.949 21
1525.038 23
1525.126 25
1525.214 29
1525.303 35
1525.391 36
1525.479 38
1525.568 38
1525.656 37
1525.744 39
1525.833 39
1525.921 44
1526.009 42
1526.098 41
1526.186 38
1526.274 39
1526.363 41
1526.451 41
1526.539 40
1526.628 41
1526.716 39
1526.804 42
1526.893 45
1526.981 49
1527.069 55
1527.158 52
1527.246 50
1527.334 44
1527.423 36
1527.511 34
1527.600 31
1527.688 24
1527.776 20
1527.865 18
1527.953 16
1528.042 14
1528.130 13
1528.218 17
1528.307 21
1528.395 26
1528.484 29
1528.572 33
1528.660 37
1528.749 42
1528.837 46
1528.926 44
1529.014 42
1529.102 37
1529.191 35
1529.279 37
1529.368 39
1529.456 41
1529.545 46
1529.633 46
1529.721 46
1529.810 50
1529.898 52
1529.987 50
1530.075 48
1530.164 40
1530.252 38
1530.341 38
1530.429 38
1530.518 37
1530.606 40
1530.694 36
1530.783 33
1530.871 33
1530.960 25
1531.048 27
1531.137 25
1531.225 25
1531.314 22
1531.402 23
1531.491 23
1531.579 23
1531.668 21
1531.756 19
1531.845 21
1531.933 26
1532.022 28
1532.110 27
1532.199 26
1532.287 21
1532.376 18
1532.464 18
1532.553 18
1532.641 17
1532.730 18
1532.818 19
1532.907 20
1532.996 20
1533.084 16
1533.173 15
1533.261 14
1533.350 16
1533.438 21
1533.527 25
1533.615 29
1533.704 33
1533.792 36
1533.881 36
1533.970 36
1534.058 36
1534.147 37
1534.235 35
1534.324 33
1534.412 30
1534.501 26
1534.590 28
1534.678 30
1534.767 33
1534.855 33
1534.944 33
1535.033 33
1535.121 30
1535.210 34
1535.298 32
1535.387 30
1535.476 30
1535.564 25
1535.653 23
1535.741 21
1535.830 24
1535.919 23
1536.007 31
1536.096 37
1536.185 43
1536.273 51
1536.362 49
1536.450 49
1536.539 48
1536.628 55
1536.716 55
1536.805 54
1536.894 57
1536.982 57
1537.071 63
1537.160 67
1537.248 73
1537.337 78
1537.426 77
1537.514 77
1537.603 72
1537.692 71
1537.780 63
1537.869 53
1537.958 43
1538.046 39
1538.135 39
1538.224 39
1538.312 39
1538.401 39
1538.490 35
1538.579 31
1538.667 24
1538.756 19
1538.845 19
1538.933 19
1539.022 22
1539.111 27
1539.200 29
1539.288 31
1539.377 33
1539.466 35
1539.554 37
1539.643 39
1539.732 38
1539.821 40
1539.909 41
1539.998 43
1540.087 48
1540.176 50
1540.264 47
1540.353 43
1540.442 37
1540.531 33
1540.619 34
1540.708 33
1540.797 30
1540.886 32
1540.974 30
1541.063 30
1541.152 30
1541.241 27
1541.330 22
1541.418 17
1541.507 11
1541.596 7
1541.685 7
1541.773 8
1541.862 10
1541.951 16
1542.040 23
1542.129 29
1542.217 37
1542.306 41
1542.395 40
1542.484 40
1542.573 38
1542.662 34
1542.750 36
1542.839 37
1542.928 34
1543.017 35
1543.106 33
1543.195 31
1543.283 26
1543.372 29
1543.461 29
1543.550 29
1543.639 29
1543.728 31
1543.816 29
1543.905 27
1543.994 24
1544.083 20
1544.172 21
1544.261 24
1544.350 30
1544.438 32
1544.527 31
1544.616 28
1544.705 26
1544.794 27
1544.883 27
1544.972 27
1545.061 28
1545.150 25
1545.238 26
1545.327 29
1545.416 23
1545.505 23
1545.594 21
1545.683 18
1545.772 14
1545.861 14
1545.950 16
1546.039 21
1546.128 24
1546.216 22
1546.305 24
1546.394 22
1546.483 22
1546.572 25
1546.661 22
1546.750 19
1546.839 12
1546.928 11
1547.017 15
1547.106 19
1547.195 26
1547.284 33
1547.373 36
1547.462 40
1547.551 41
1547.640 46
1547.729 45
1547.818 44
1547.907 46
1547.995 47
1548.084 43
1548.173 38
1548.262 35
1548.351 33
1548.440 40
1548.529 45
1548.618 52
1548.707 54
1548.796 49
1548.885 47
1548.974 42
1549.063 39
1549.152 34
1549.241 31
1549.330 33
1549.419 33
1549.508 33
1549.598 34
1549.687 33
1549.776 29
1549.865 28
1549.954 27
1550.043 26
1550.132 25
1550.221 24
1550.310 23
1550.399 21
1550.488 20
1550.577 20
1550.666 20
1550.755 21
1550.844 21
1550.933 24
1551.022 24
1551.111 29
1551.200 25
1551.289 23
1551.379 21
1551.468 19
1551.557 23
1551.646 22
1551.735 25
1551.824 23
1551.913 25
1552.002 27
1552.091 26
1552.180 26
1552.269 30
1552.358 32
1552.448 32
1552.537 35
1552.626 37
1552.715 37
1552.804 36
1552.893 35
1552.982 35
1553.071 31
1553.161 29
1553.250 26
1553.339 22
1553.428 26
1553.517 27
1553.606 26
1553.695 29
1553.785 29
1553.874 31
1553.963 33
1554.052 35
1554.141 32
1554.230 29
1554.319 25
1554.409 23
1554.498 25
1554.587 27
1554.676 26
1554.765 30
1554.854 28
1554.944 28
1555.033 26
1555.122 24
1555.211 23
1555.300 22
1555.390 22
1555.479 23
1555.568 23
1555.657 22
1555.746 22
1555.836 24
1555.925 25
1556.014 25
1556.103 29
1556.192 26
1556.282 23
1556.371 20
1556.460 13
1556.549 9
1556.639 9
1556.728 9
1556.817 9
1556.906 12
1556.995 12
1557.085 12
1557.174 12
1557.263 12
1557.352 13
1557.442 14
1557.531 16
1557.620 15
1557.709 15
1557.799 13
1557.888 11
1557.977 7
1558.067 7
1558.156 8
1558.245 8
1558.334 10
1558.424 13
1558.513 17
1558.602 24
1558.691 28
1558.781 29
1558.870 30
1558.959 32
1559.049 30
1559.138 30
1559.227 30
1559.317 30
1559.406 27
1559.495 27
1559.585 27
1559.674 23
1559.763 26
1559.852 26
1559.942 26
1560.031 27
1560.120 30
1560.210 30
1560.299 32
1560.388 32
1560.478 30
1560.567 30
1560.656 28
1560.746 32
1560.835 28
1560.925 26
1561.014 24
1561.103 16
1561.193 16
1561.282 18
1561.371 22
1561.461 28
1561.550 28
1561.639 28
1561.729 26
1561.818 23
1561.908 24
1561.997 24
1562.086 24
1562.176 21
1562.265 23
1562.355 23
1562.444 23
1562.533 22
1562.623 23
1562.712 22
1562.802 21
1562.891 20
1562.980 20
1563.070 20
1563.159 20
1563.249 18
1563.338 15
1563.427 19
1563.517 23
1563.606 26
1563.696 30
1563.785 28
1563.875 26
1563.964 26
1564.054 26
1564.143 29
1564.232 30
1564.322 34
1564.411 34
1564.501 38
1564.590 44
1564.680 49
1564.769 55
1564.859 51
1564.948 47
1565.038 46
1565.127 41
1565.217 37
1565.306 33
1565.396 32
1565.485 26
1565.574 31
1565.664 36
1565.753 40
1565.843 48
1565.932 45
1566.022 42
1566.111 43
1566.201 36
1566.290 34
1566.380 32
1566.470 25
1566.559 21
1566.649 20
1566.738 19
1566.828 18
1566.917 20
1567.007 22
1567.096 24
1567.186 23
1567.275 25
1567.365 24
1567.454 21
1567.544 25
1567.633 21
1567.723 25
1567.813 26
1567.902 26
1567.992 30
1568.081 31
1568.171 33
1568.260 35
1568.350 39
1568.439 37
1568.529 35
1568.619 32
1568.708 27
1568.798 28
1568.887 29
1568.977 30
1569.067 27
1569.156 27
1569.246 27
1569.335 30
1569.425 30
1569.515 32
1569.604 34
1569.694 34
1569.783 32
1569.873 31
1569.963 30
1570.052 28
1570.142 24
1570.231 25
1570.321 26
1570.411 29
1570.500 30
1570.590 26
1570.680 22
1570.769 18
1570.859 14
1570.949 16
1571.038 18
1571.128 21
1571.218 27
1571.307 28
1571.397 29
1571.486 31
1571.576 26
1571.666 23
1571.755 21
1571.845 18
1571.935 17
1572.025 18
1572.114 18
1572.204 18
1572.294 20
1572.383 19
1572.473 20
1572.563 17
1572.652 15
1572.742 13
1572.832 11
1572.921 12
1573.011 10
1573.101 10
1573.191 8
1573.280 6
1573.370 9
1573.460 9
1573.549 9
1573.639 9
1573.729 9
1573.819 10
1573.908 14
1573.998 18
1574.088 20
1574.178 20
1574.267 17
1574.357 17
1574.447 15
1574.536 20
1574.626 22
1574.716 21
1574.806 23
1574.896 21
1574.985 21
1575.075 20
1575.165 23
1575.255 23
1575.344 24
1575.434 26
1575.524 27
1575.614 27
1575.703 29
1575.793 28
1575.883 25
1575.973 24
1576.063 21
1576.152 19
1576.242 15
1576.332 16
1576.422 17
1576.512 16
1576.601 20
1576.691 20
1576.781 21
1576.871 20
1576.961 19
1577.051 19
1577.140 18
1577.230 18
1577.320 15
1577.410 17
1577.500 18
1577.590 22
1577.679 23
1577.769 22
1577.859 22
1577.949 21
1578.039 24
1578.129 22
1578.218 20
1578.308 19
1578.398 12
1578.488 11
1578.578 11
1578.668 7
1578.758 6
1578.848 6
1578.937 5
1579.027 5
1579.117 5
1579.207 7
1579.297 10
1579.387 11
1579.477 14
1579.567 13
1579.656 10
1579.746 9
1579.836 9
1579.926 11
1580.016 15
1580.106 19
1580.196 23
1580.286 23
1580.376 21
1580.466 20
1580.556 17
1580.646 17
1580.735 17
1580.825 17
1580.915 20
1581.005 18
1581.095 17
1581.185 17
1581.275 15
1581.365 18
1581.455 21
1581.545 28
1581.635 34
1581.725 39
1581.815 46
1581.905 47
1581.995 49
1582.085 41
1582.175 32
1582.265 27
1582.355 19
1582.445 19
1582.535 18
1582.625 19
1582.715 16
1582.805 15
1582.895 14
1582.985 14
1583.075 11
1583.165 12
1583.255 13
1583.345 10
1583.435 13
1583.525 12
1583.615 11
1583.705 7
1583.795 4
1583.885 7
1583.975 10
1584.065 13
1584.155 18
1584.245 23
1584.335 27
1584.425 34
1584.515 36
1584.605 32
1584.695 29
1584.785 29
1584.875 27
1584.965 27
1585.055 27
1585.145 24
1585.235 28
1585.325 28
1585.415 28
1585.505 25
1585.595 27
1585.686 29
1585.776 31
1585.866 34
1585.956 39
1586.046 40
1586.136 41
1586.226 41
1586.316 39
1586.406 40
1586.496 41
1586.586 42
1586.677 40
1586.767 41
1586.857 44
1586.947 45
1587.037 46
1587.127 41
1587.217 37
1587.307 34
1587.397 27
1587.488 23
1587.578 16
1587.668 12
1587.758 9
1587.848 10
1587.938 11
1588.028 12
1588.118 16
1588.209 15
1588.299 14
1588.389 11
1588.479 10
1588.569 10
1588.659 10
1588.750 14
1588.840 14
1588.930 16
1589.020 18
1589.110 20
1589.200 21
1589.291 20
1589.381 23
1589.471 22
1589.561 26
1589.651 27
1589.741 27
1589.832 27
1589.922 31
1590.012 31
1590.102 28
1590.192 27
1590.283 23
1590.373 23
1590.463 23
1590.553 22
1590.644 21
1590.734 21
1590.824 21
1590.914 22
1591.004 24
1591.095 26
1591.185 28
1591.275 29
1591.365 35
1591.456 33
1591.546 31
1591.636 28
1591.726 23
1591.817 20
1591.907 17
1591.997 14
1592.087 8
1592.178 8
1592.268 8
1592.358 10
1592.448 11
1592.539 13
1592.629 15
1592.719 18
1592.809 24
1592.900 25
1592.990 27
1593.080 27
1593.171 22
1593.261 21
1593.351 18
1593.441 13
1593.532 12
1593.622 13
1593.712 15
1593.803 16
1593.893 20
1593.983 25
1594.074 29
1594.164 34
1594.254 37
1594.345 35
1594.435 34
1594.525 36
1594.616 33
1594.706 33
1594.796 33
1594.887 31
1594.977 33
1595.067 32
1595.158 31
1595.248 32
1595.338 31
1595.429 31
1595.519 30
1595.609 28
1595.700 26
1595.790 25
1595.880 25
1595.971 26
1596.061 23
1596.152 23
1596.242 24
1596.332 24
1596.423 24
1596.513 25
1596.603 25
1596.694 24
1596.784 24
1596.875 23
1596.965 22
1597.055 24
1597.146 20
1597.236 22
1597.327 23
1597.417 22
1597.507 25
1597.598 27
1597.688 30
1597.779 30
1597.869 35
1597.960 29
1598.050 24
1598.140 17
1598.231 13
1598.321 14
1598.412 16
1598.502 16
1598.593 11
1598.683 10
1598.774 7
1598.864 4
1598.954 3
1599.045 6
1599.135 9
1599.226 8
1599.316 12
1599.407 10
1599.497 8
1599.588 9
1599.678 13
1599.769 15
1599.859 19
1599.950 19
1600.040 23
1600.131 27
1600.221 29
1600.312 35
1600.402 37
1600.493 33
1600.583 27
1600.674 25
1600.764 19
1600.855 17
1600.945 16
1601.036 10
1601.126 8
1601.217 7
1601.307 8
1601.398 12
1601.488 10
1601.579 13
1601.669 16
1601.760 18
1601.850 21
1601.941 21
1602.031 24
1602.122 24
1602.213 26
1602.303 27
1602.394 27
1602.484 24
1602.575 24
1602.665 23
1602.756 18
1602.846 20
1602.937 21
1603.028 22
1603.118 24
1603.209 28
1603.299 27
1603.390 27
1603.481 29
1603.571 32
1603.662 37
1603.752 39
1603.843 40
1603.933 43
1604.024 45
1604.115 45
1604.205 41
1604.296 34
1604.386 29
1604.477 30
1604.568 33
1604.658 34
1604.749 41
1604.840 43
1604.930 46
1605.021 47
1605.111 55
1605.202 47
1605.293 39
1605.383 32
1605.474 22
1605.565 22
1605.655 25
1605.746 25
1605.837 26
1605.927 26
1606.018 25
1606.109 23
1606.199 26
1606.290 26
1606.381 24
1606.471 24
1606.562 27
1606.653 27
1606.743 27
1606.834 25
1606.925 20
1607.015 16
1607.106 14
1607.197 12
1607.287 7
1607.378 8
1607.469 7
1607.560 9
1607.650 13
1607.741 14
1607.832 15
1607.922 16
1608.013 16
1608.104 15
1608.195 15
1608.285 14
1608.376 18
1608.467 17
1608.557 16
1608.648 14
1608.739 11
1608.830 11
1608.920 10
1609.011 10
1609.102 9
1609.193 10
1609.283 11
1609.374 13
1609.465 17
1609.556 17
1609.646 18
1609.737 21
1609.828 19
1609.919 18
1610.009 19
1610.100 19
1610.191 17
1610.282 21
1610.373 24
1610.463 26
1610.554 27
1610.645 25
1610.736 22
1610.827 21
1610.917 25
1611.008 27
1611.099 29
1611.190 30
1611.281 34
1611.371 33
1611.462 32
1611.553 29
1611.644 27
1611.735 25
1611.825 22
1611.916 24
1612.007 20
1612.098 21
1612.189 22
1612.280 19
1612.370 23
1612.461 23
1612.552 23
1612.643 24
1612.734 22
1612.825 22
1612.916 24
1613.006 24
1613.097 22
1613.188 22
1613.279 20
1613.370 19
1613.461 18
1613.552 20
1613.643 22
1613.733 23
1613.824 25
1613.915 26
1614.006 27
1614.097 28
1614.188 33
1614.279 30
1614.370 27
1614.461 27
1614.551 23
1614.642 21
1614.733 20
1614.824 16
1614.915 13
1615.006 14
1615.097 14
1615.188 15
1615.279 20
1615.370 22
1615.461 24
1615.552 28
1615.642 32
1615.733 30
1615.824 28
1615.915 27
1616.006 22
1616.097 20
1616.188 18
1616.279 13
1616.370 11
1616.461 11
1616.552 11
1616.643 10
1616.734 11
1616.825 14
1616.916 17
1617.007 24
1617.098 26
1617.189 26
1617.280 28
1617.371 33
1617.462 31
1617.553 30
1617.644 30
1617.735 28
1617.826 25
1617.917 24
1618.008 20
1618.099 16
1618.190 18
1618.281 22
1618.372 28
1618.463 32
1618.554 36
1618.645 31
1618.736 24
1618.827 20
1618.918 15
1619.009 21
1619.100 27
1619.191 34
1619.282 39
1619.373 38
1619.464 37
1619.555 38
1619.646 34
1619.737 31
1619.828 28
1619.919 22
1620.010 18
1620.101 18
1620.192 17
1620.284 14
1620.375 10
1620.466 11
1620.557 13
1620.648 15
1620.739 19
1620.830 19
1620.921 19
1621.012 20
1621.103 24
1621.194 26
1621.285 28
1621.377 33
1621.468 34
1621.559 32
1621.650 30
1621.741 28
1621.832 21
1621.923 19
1622.014 17
1622.105 13
1622.197 15
1622.288 17
1622.379 19
1622.470 24
1622.561 26
1622.652 26
1622.743 26
1622.834 28
1622.926 27
1623.017 23
1623.108 19
1623.199 16
1623.290 13
1623.381 13
1623.473 13
1623.564 14
1623.655 12
1623.746 12
1623.837 12
1623.928 13
1624.020 15
1624.111 19
1624.202 23
1624.293 27
1624.384 31
1624.475 31
1624.567 30
1624.658 26
1624.749 26
1624.840 24
1624.931 23
1625.023 24
1625.114 22
1625.205 21
1625.296 20
1625.387 15
1625.479 14
1625.570 13
1625.661 12
1625.752 10
1625.844 7
1625.935 7
1626.026 9
1626.117 9
1626.209 10
1626.300 11
1626.391 11
1626.482 14
1626.573 11
1626.665 15
1626.756 18
1626.847 22
1626.938 27
1627.030 24
1627.121 21
1627.212 18
1627.304 15
1627.395 13
1627.486 13
1627.577 11
1627.669 8
1627.760 8
1627.851 6
1627.942 8
1628.034 9
1628.125 10
1628.216 10
1628.308 11
1628.399 10
1628.490 13
1628.582 18
1628.673 25
1628.764 31
1628.855 30
1628.947 27
1629.038 23
1629.129 20
1629.221 19
1629.312 19
1629.403 18
1629.495 18
1629.586 20
1629.677 22
1629.769 25
1629.860 25
1629.951 21
1630.043 17
1630.134 11
1630.225 5
1630.317 6
1630.408 7
1630.500 8
1630.591 12
1630.682 12
1630.774 12
1630.865 12
1630.956 11
1631.048 10
1631.139 9
1631.231 8
1631.322 4
1631.413 4
1631.505 4
1631.596 4
1631.687 5
1631.779 6
1631.870 7
1631.962 9
1632.053 10
1632.144 14
1632.236 18
1632.327 24
1632.419 31
1632.510 33
1632.602 35
1632.693 38
1632.784 42
1632.876 43
1632.967 44
1633.059 44
1633.150 40
1633.242 40
1633.333 40
1633.424 38
1633.516 37
1633.607 35
1633.699 33
1633.790 31
1633.882 30
1633.973 26
1634.065 22
1634.156 22
1634.248 18
1634.339 21
1634.430 24
1634.522 28
1634.613 30
1634.705 30
1634.796 30
1634.888 24
1634.979 24
1635.071 24
1635.162 24
1635.254 25
1635.345 20
1635.437 19
1635.528 18
1635.620 17
1635.711 15
1635.803 18
1635.894 21
1635.986 22
1636.077 25
1636.169 26
1636.260 27
1636.352 28
1636.443 29
1636.535 28
1636.627 28
1636.718 25
1636.810 23
1636.901 19
1636.993 14
1637.084 9
1637.176 5
1637.267 6
1637.359 7
1637.450 11
1637.542 18
1637.634 22
1637.725 26
1637.817 34
1637.908 38
1638.000 39
1638.091 40
1638.183 39
1638.275 38
1638.366 37
1638.458 36
1638.549 37
1638.641 33
1638.733 29
1638.824 25
1638.916 17
1639.007 14
1639.099 15
1639.191 17
1639.282 17
1639.374 18
1639.465 16
1639.557 13
1639.649 11
1639.740 8
1639.832 9
1639.923 10
1640.015 12
1640.107 16
1640.198 17
1640.290 18
1640.382 21
1640.473 23
1640.565 22
1640.657 21
1640.748 18
1640.840 15
1640.932 14
1641.023 14
1641.115 12
1641.207 15
1641.298 15
1641.390 14
1641.482 12
1641.573 15
1641.665 16
1641.757 20
1641.848 22
1641.940 19
1642.032 21
1642.123 20
1642.215 23
1642.307 26
1642.398 25
1642.490 22
1642.582 18
1642.674 16
1642.765 15
1642.857 15
1642.949 15
1643.040 13
1643.132 13
1643.224 15
1643.316 15
1643.407 16
1643.499 16
1643.591 15
1643.682 18
1643.774 19
1643.866 19
1643.958 19
1644.049 16
1644.141 19
1644.233 19
1644.325 20
1644.416 20
1644.508 23
1644.600 25
1644.692 26
1644.783 29
1644.875 30
1644.967 27
1645.059 24
1645.151 21
1645.242 18
1645.334 18
1645.426 18
1645.518 18
1645.609 18
1645.701 18
1645.793 18
1645.885 22
1645.977 25
1646.068 25
1646.160 25
1646.252 21
1646.344 13
1646.436 12
1646.528 11
1646.619 9
1646.711 10
1646.803 10
1646.895 10
1646.987 10
1647.078 12
1647.170 14
1647.262 16
1647.354 18
1647.446 20
1647.538 22
1647.629 25
1647.721 27
1647.813 32
1647.905 28
1647.997 23
1648.089 19
1648.181 15
1648.272 15
1648.364 15
1648.456 18
1648.548 19
1648.640 22
1648.732 25
1648.824 27
1648.916 31
1649.007 32
1649.099 33
1649.191 34
1649.283 35
1649.375 35
1649.467 35
1649.559 34
1649.651 32
1649.743 27
1649.835 22
1649.926 16
1650.018 11
1650.110 13
1650.202 15
1650.294 17
1650.386 21
1650.478 22
1650.570 23
1650.662 27
1650.754 29
1650.846 27
1650.938 24
1651.030 21
1651.122 17
1651.214 17
1651.305 18
1651.397 20
1651.489 22
1651.581 25
1651.673 28
1651.765 27
1651.857 30
1651.949 27
1652.041 24
1652.133 22
1652.225 19
1652.317 18
1652.409 18
1652.501 16
1652.593 13
1652.685 12
1652.777 10
1652.869 9
1652.961 6
1653.053 6
1653.145 7
1653.237 8
1653.329 5
1653.421 6
1653.513 6
1653.605 9
1653.697 16
1653.789 18
1653.881 20
1653.973 25
1654.065 22
1654.157 21
1654.249 20
1654.341 16
1654.433 16
1654.525 18
1654.617 20
1654.709 23
1654.802 26
1654.894 25
1654.986 24
1655.078 20
1655.170 18
1655.262 19
1655.354 20
1655.446 24
1655.538 21
1655.630 21
1655.722 21
1655.814 27
1655.906 28
1655.998 29
1656.091 30
1656.183 27
1656.275 34
1656.367 38
1656.459 42
1656.551 47
1656.643 46
1656.735 48
1656.827 50
1656.919 50
1657.012 57
1657.104 56
1657.196 55
1657.288 48
1657.380 50
1657.472 46
1657.564 42
1657.656 42
1657.749 36
1657.841 34
1657.933 32
1658.025 25
1658.117 19
1658.209 19
1658.301 19
1658.394 19
1658.486 23
1658.578 22
1658.670 22
1658.762 22
1658.854 22
1658.946 24
1659.039 27
1659.131 28
1659.223 34
1659.315 35
1659.407 35
1659.500 39
1659.592 38
1659.684 40
1659.776 46
1659.868 49
1659.960 46
1660.053 40
1660.145 29
1660.237 23
1660.329 19
1660.422 21
1660.514 23
1660.606 26
1660.698 27
1660.790 25
1660.883 23
1660.975 18
1661.067 15
1661.159 23
1661.252 31
1661.344 41
1661.436 49
1661.528 49
1661.620 49
1661.713 49
1661.805 48
1661.897 44
1661.989 40
1662.082 35
1662.174 31
1662.266 29
1662.358 27
1662.451 24
1662.543 19
1662.635 18
1662.728 17
1662.820 19
1662.912 19
1663.004 20
1663.097 21
1663.189 21
1663.281 20
1663.374 20
1663.466 23
1663.558 25
1663.650 20
1663.743 18
1663.835 14
1663.927 12
1664.020 10
1664.112 10
1664.204 10
1664.297 11
1664.389 12
1664.481 14
1664.574 15
1664.666 21
1664.758 18
1664.851 22
1664.943 26
1665.035 27
1665.128 35
1665.220 37
1665.312 39
1665.405 40
1665.497 39
1665.589 36
1665.682 33
1665.774 31
1665.866 25
1665.959 24
1666.051 23
1666.144 22
1666.236 21
1666.328 19
1666.421 17
1666.513 14
1666.605 12
1666.698 12
1666.790 12
1666.883 14
1666.975 11
1667.067 12
1667.160 16
1667.252 18
1667.345 19
1667.437 18
1667.529 14
1667.622 12
1667.714 15
1667.807 16
1667.899 17
1667.991 19
1668.084 16
1668.176 16
1668.269 16
1668.361 15
1668.454 12
1668.546 11
1668.639 13
1668.731 11
1668.823 13
1668.916 19
1669.008 25
1669.101 32
1669.193 36
1669.286 36
1669.378 33
1669.471 37
1669.563 34
1669.656 31
1669.748 28
1669.841 25
1669.933 21
1670.025 18
1670.118 15
1670.210 10
1670.303 8
1670.395 10
1670.488 13
1670.580 15
1670.673 20
1670.765 22
1670.858 23
1670.950 26
1671.043 30
1671.135 28
1671.228 26
1671.320 23
1671.413 14
1671.505 17
1671.598 20
1671.691 25
1671.783 28
1671.876 29
1671.968 29
1672.061 28
1672.153 30
1672.246 26
1672.338 23
1672.431 19
1672.523 15
1672.616 18
1672.709 21
1672.801 24
1672.894 28
1672.986 28
1673.079 28
1673.171 27
1673.264 28
1673.356 27
1673.449 26
1673.542 26
1673.634 25
1673.727 22
1673.819 19
1673.912 15
1674.005 10
1674.097 12
1674.190 15
1674.282 16
1674.375 19
1674.468 20
1674.560 20
1674.653 22
1674.745 20
1674.838 18
1674.931 15
1675.023 13
1675.116 15
1675.209 14
1675.301 14
1675.394 15
1675.486 14
1675.579 14
1675.672 14
1675.764 13
1675.857 11
1675.950 12
1676.042 13
1676.135 13
1676.228 17
1676.320 16
1676.413 15
1676.506 14
1676.598 13
1676.691 14
1676.784 15
1676.876 18
1676.969 21
1677.062 21
1677.154 22
1677.247 20
1677.340 14
1677.432 14
1677.525 13
1677.618 13
1677.710 11
1677.803 12
1677.896 13
1677.988 15
1678.081 19
1678.174 18
1678.267 17
1678.359 15
1678.452 11
1678.545 11
1678.637 11
1678.730 12
1678.823 10
1678.916 14
1679.008 18
1679.101 25
1679.194 30
1679.287 26
1679.379 22
1679.472 18
1679.565 15
1679.658 15
1679.750 15
1679.843 16
1679.936 15
1680.029 19
1680.121 23
1680.214 26
1680.307 28
1680.400 25
1680.492 25
1680.585 22
1680.678 17
1680.771 17
1680.864 15
1680.956 15
1681.049 16
1681.142 19
1681.235 21
1681.328 27
1681.420 26
1681.513 27
1681.606 28
1681.699 30
1681.792 30
1681.884 28
1681.977 26
1682.070 23
1682.163 17
1682.256 16
1682.349 15
1682.441 11
1682.534 13
1682.627 17
1682.720 21
1682.813 27
1682.906 26
1682.998 26
1683.091 26
1683.184 26
1683.277 22
1683.370 19
1683.463 16
1683.556 12
1683.648 14
1683.741 15
1683.834 16
1683.927 18
1684.020 21
1684.113 23
1684.206 25
1684.299 28
1684.391 27
1684.484 23
1684.577 19
1684.670 15
1684.763 11
1684.856 11
1684.949 11
1685.042 8
1685.135 7
1685.227 10
1685.320 13
1685.413 16
1685.506 23
1685.599 23
1685.692 23
1685.785 23
1685.878 21
1685.971 25
1686.064 29
1686.157 30
1686.250 34
1686.343 31
1686.436 28
1686.528 24
1686.621 17
1686.714 20
1686.807 23
1686.900 28
1686.993 34
1687.086 30
1687.179 26
1687.272 23
1687.365 19
1687.458 20
1687.551 23
1687.644 27
1687.737 31
1687.830 35
1687.923 36
1688.016 37
1688.109 33
1688.202 28
1688.295 20
1688.388 16
1688.481 10
1688.574 9
1688.667 8
1688.760 7
1688.853 8
1688.946 9
1689.039 10
1689.132 14
1689.225 16
1689.318 20
1689.411 24
1689.504 28
1689.597 30
1689.690 30
1689.783 30
1689.876 27
1689.969 32
1690.062 26
1690.155 20
1690.248 17
1690.341 9
1690.434 8
1690.528 7
1690.621 7
1690.714 6
1690.807 8
1690.900 10
1690.993 10
1691.086 11
1691.179 13
1691.272 15
1691.365 18
1691.458 22
1691.551 21
1691.644 20
1691.737 17
1691.831 19
1691.924 17
1692.017 17
1692.110 18
1692.203 17
1692.296 20
1692.389 23
1692.482 22
1692.575 22
1692.669 20
1692.762 17
1692.855 18
1692.948 18
1693.041 19
1693.134 19
1693.227 18
1693.320 19
1693.414 22
1693.507 25
1693.600 28
1693.693 32
1693.786 32
1693.879 33
1693.972 34
1694.066 30
1694.159 29
1694.252 25
1694.345 28
1694.438 26
1694.531 31
1694.625 39
1694.718 41
1694.811 48
1694.904 43
1694.997 35
1695.090 28
1695.184 21
1695.277 20
1695.370 17
1695.463 12
1695.556 15
1695.650 14
1695.743 13
1695.836 14
1695.929 12
1696.022 13
1696.116 14
1696.209 13
1696.302 15
1696.395 18
1696.489 20
1696.582 24
1696.675 27
1696.768 26
1696.861 26
1696.955 28
1697.048 24
1697.141 23
1697.234 22
1697.328 17
1697.421 15
1697.514 14
1697.607 13
1697.701 13
1697.794 12
1697.887 14
1697.981 16
1698.074 18
1698.167 22
1698.260 19
1698.354 16
1698.447 15
1698.540 11
1698.633 10
1698.727 9
1698.820 8
1698.913 9
1699.007 12
1699.100 15
1699.193 18
1699.286 22
1699.380 19
1699.473 16
1699.566 13
1699.660 9
1699.753 9
1699.846 9
1699.940 12
1700.033 17
1700.126 19
1700.220 21
1700.313 26
1700.406 22
1700.500 20
1700.593 18
1700.686 15
1700.780 18
1700.873 18
1700.966 18
1701.060 13
1701.153 13
1701.246 12
1701.340 11
1701.433 10
1701.527 7
1701.620 7
1701.713 7
1701.807 7
1701.900 6
1701.993 8
1702.087 10
1702.180 12
1702.274 12
1702.367 16
1702.460 20
1702.554 24
1702.647 29
1702.740 29
1702.834 29
1702.927 29
1703.021 27
1703.114 25
1703.208 23
1703.301 21
1703.394 18
1703.488 17
1703.581 16
1703.675 15
1703.768 14
1703.861 14
1703.955 14
1704.048 14
1704.142 11
1704.235 11
1704.329 11
1704.422 11
1704.516 14
1704.609 15
1704.702 18
1704.796 19
1704.889 18
1704.983 18
1705.076 14
1705.170 14
1705.263 11
1705.357 10
1705.450 11
1705.544 13
1705.637 14
1705.731 17
1705.824 20
1705.918 20
1706.011 25
1706.105 23
1706.198 21
1706.292 19
1706.385 17
1706.479 17
1706.572 17
1706.666 19
1706.759 17
1706.853 18
1706.946 20
1707.040 20
1707.133 15
1707.227 18
1707.320 20
1707.414 26
1707.507 28
1707.601 27
1707.694 26
1707.788 22
1707.881 23
1707.975 22
1708.069 20
1708.162 15
1708.256 10
1708.349 11
1708.443 13
1708.536 17
1708.630 19
1708.723 22
1708.817 25
1708.911 25
1709.004 29
1709.098 29
1709.191 29
1709.285 28
1709.378 31
1709.472 30
1709.566 30
1709.659 31
1709.753 30
1709.846 28
1709.940 27
1710.034 22
1710.127 18
1710.221 18
1710.314 18
1710.408 16
1710.502 19
1710.595 17
1710.689 13
1710.783 13
1710.876 11
1710.970 11
1711.063 11
1711.157 12
1711.251 13
1711.344 14
1711.438 15
1711.532 14
1711.625 13
1711.719 13
1711.813 16
1711.906 15
1712.000 17
1712.093 19
1712.187 18
1712.281 18
1712.374 21
1712.468 21
1712.562 21
1712.656 23
1712.749 27
1712.843 26
1712.937 25
1713.030 23
1713.124 20
1713.218 19
1713.311 18
1713.405 18
1713.499 16
1713.592 14
1713.686 12
1713.780 10
1713.874 6
1713.967 6
1714.061 6
1714.155 5
1714.248 4
1714.342 4
1714.436 4
1714.530 4
1714.623 7
1714.717 8
1714.811 9
1714.904 10
1714.998 14
1715.092 14
1715.186 14
1715.279 16
1715.373 16
1715.467 18
1715.561 20
1715.654 24
1715.748 29
1715.842 28
1715.936 27
1716.030 24
1716.123 23
1716.217 23
1716.311 22
1716.405 25
1716.498 19
1716.592 17
1716.686 15
1716.780 11
1716.874 14
1716.967 12
1717.061 11
1717.155 10
1717.249 9
1717.343 9
1717.436 9
1717.530 9
1717.624 7
1717.718 8
1717.812 8
1717.905 9
1717.999 9
1718.093 12
1718.187 15
1718.281 21
1718.375 20
1718.468 19
1718.562 18
1718.656 18
1718.750 19
1718.844 17
1718.938 16
1719.032 12
1719.125 8
1719.219 8
1719.313 10
1719.407 9
1719.501 11
1719.595 11
1719.689 9
1719.782 11
1719.876 11
1719.970 11
1720.064 11
1720.158 9
1720.252 13
1720.346 14
1720.440 15
1720.534 18
1720.627 23
1720.721 23
1720.815 23
1720.909 24
1721.003 19
1721.097 18
1721.191 17
1721.285 15
1721.379 19
1721.473 24
1721.567 28
1721.660 34
1721.754 29
1721.848 26
1721.942 23
1722.036 16
1722.130 14
1722.224 12
1722.318 11
1722.412 6
1722.506 7
1722.600 7
1722.694 7
1722.788 8
1722.882 12
1722.976 14
1723.070 16
1723.164 16
1723.258 18
1723.352 18
1723.446 18
1723.540 18
1723.633 17
1723.727 16
1723.821 15
1723.915 14
1724.009 12
1724.103 12
1724.197 12
1724.291 13
1724.385 15
1724.479 16
1724.573 17
1724.667 19
1724.761 20
1724.855 20
1724.949 20
1725.044 19
1725.138 18
1725.232 18
1725.326 18
1725.420 12
1725.514 15
1725.608 16
1725.702 17
1725.796 14
1725.890 18
1725.984 19
1726.078 20
1726.172 22
1726.266 23
1726.360 21
1726.454 19
1726.548 19
1726.642 16
1726.736 16
1726.830 16
1726.924 16
1727.019 17
1727.113 17
1727.207 17
1727.301 22
1727.395 25
1727.489 25
1727.583 25
1727.677 25
1727.771 21
1727.865 19
1727.959 17
1728.054 16
1728.148 13
1728.242 15
1728.336 17
1728.430 16
1728.524 18
1728.618 17
1728.712 16
1728.806 16
1728.901 21
1728.995 22
1729.089 23
1729.183 25
1729.277 19
1729.371 17
1729.465 16
1729.560 13
1729.654 13
1729.748 12
1729.842 10
1729.936 9
1730.030 12
1730.124 12
1730.219 12
1730.313 17
1730.407 18
1730.501 20
1730.595 20
1730.689 16
1730.784 14
1730.878 12
1730.972 12
1731.066 14
1731.160 17
1731.255 17
1731.349 19
1731.443 17
1731.537 16
1731.631 18
1731.726 19
1731.820 18
1731.914 20
1732.008 19
1732.102 17
1732.197 16
1732.291 12
1732.385 13
1732.479 14
1732.574 17
1732.668 21
1732.762 20
1732.856 19
1732.950 17
1733.045 13
1733.139 13
1733.233 13
1733.327 13
1733.422 13
1733.516 16
1733.610 20
1733.704 24
1733.799 27
1733.893 26
1733.987 25
1734.082 22
1734.176 21
1734.270 21
1734.364 20
1734.459 21
1734.553 23
1734.647 21
1734.742 19
1734.836 18
1734.930 14
1735.024 13
1735.119 12
1735.213 9
1735.307 8
1735.402 8
1735.496 8
1735.590 9
1735.685 10
1735.779 10
1735.873 10
1735.967 9
1736.062 10
1736.156 10
1736.250 10
1736.345 12
1736.439 13
1736.533 11
1736.628 9
1736.722 5
1736.817 2
1736.911 2
1737.005 3
1737.100 3
1737.194 2
1737.288 3
1737.383 4
1737.477 6
1737.571 8
1737.666 9
1737.760 9
1737.854 10
1737.949 12
1738.043 12
1738.138 12
1738.232 12
1738.326 9
1738.421 9
1738.515 9
1738.610 9
1738.704 10
1738.798 10
1738.893 10
1738.987 9
1739.082 10
1739.176 10
1739.270 10
1739.365 11
1739.459 14
1739.554 14
1739.648 14
1739.743 17
1739.837 13
1739.931 14
1740.026 15
1740.120 15
1740.215 16
1740.309 16
1740.404 16
1740.498 13
1740.592 14
1740.687 13
1740.781 12
1740.876 11
1740.970 10
1741.065 10
1741.159 10
1741.254 11
1741.348 10
1741.443 11
1741.537 13
1741.632 13
1741.726 15
1741.821 14
1741.915 12
1742.010 11
1742.104 12
1742.199 12
1742.293 12
1742.388 12
1742.482 11
1742.577 11
1742.671 11
1742.766 11
1742.860 9
1742.955 8
1743.049 7
1743.144 6
1743.238 4
1743.333 6
1743.427 10
1743.522 14
1743.616 15
1743.711 12
1743.805 7
1743.900 3
1743.994 2
1744.089 2
1744.184 2
1744.278 1
1744.373 1
1744.467 3
1744.562 4
1744.656 5
1744.751 8
1744.845 11
1744.940 15
1745.035 20
1745.129 25
1745.224 25
1745.318 25
1745.413 28
1745.507 29
1745.602 29
1745.697 29
1745.791 30
1745.886 24
1745.980 21
1746.075 18
1746.170 13
1746.264 8
1746.359 8
1746.453 8
1746.548 5
1746.643 8
1746.737 11
1746.832 14
1746.927 17
1747.021 21
1747.116 18
1747.210 15
1747.305 14
1747.400 11
1747.494 11
1747.589 11
1747.684 9
1747.778 11
1747.873 11
1747.968 11
1748.062 12
1748.157 11
1748.252 11
1748.346 11
1748.441 12
1748.536 9
1748.630 9
1748.725 9
1748.820 7
1748.914 7
1749.009 9
1749.104 11
1749.198 11
1749.293 13
1749.388 13
1749.482 13
1749.577 14
1749.672 14
1749.767 14
1749.861 14
1749.956 13
1750.051 14
1750.145 14
1750.240 14
1750.335 14
1750.430 18
1750.524 20
1750.619 18
1750.714 17
1750.808 14
1750.903 15
1750.998 19
1751.093 26
1751.187 27
1751.282 24
1751.377 22
1751.472 15
1751.566 12
1751.661 12
1751.756 12
1751.851 11
1751.945 9
1752.040 10
1752.135 11
1752.230 10
1752.325 12
1752.419 12
1752.514 12
1752.609 13
1752.704 14
1752.798 17
1752.893 20
1752.988 29
1753.083 30
1753.178 30
1753.272 30
1753.367 31
1753.462 30
1753.557 26
1753.652 22
1753.746 16
1753.841 14
1753.936 13
1754.031 12
1754.126 8
1754.221 8
1754.315 10
1754.410 12
1754.505 17
1754.600 17
1754.695 18
1754.790 19
1754.884 20
1754.979 19
1755.074 18
1755.169 17
1755.264 15
1755.359 20
1755.454 23
1755.548 26
1755.643 32
1755.738 32
1755.833 28
1755.928 24
1756.023 17
1756.118 15
1756.213 16
1756.307 17
1756.402 17
1756.497 18
1756.592 17
1756.687 16
1756.782 17
1756.877 12
1756.972 11
1757.067 10
1757.161 11
1757.256 9
1757.351 10
1757.446 11
1757.541 10
1757.636 12
1757.731 12
1757.826 12
1757.921 14
1758.016 15
1758.111 15
1758.206 15
1758.301 18
1758.396 16
1758.490 16
1758.585 15
1758.680 13
1758.775 13
1758.870 14
1758.965 18
1759.060 22
1759.155 22
1759.250 21
1759.345 18
1759.440 19
1759.535 19
1759.630 19
1759.725 19
1759.820 14
1759.915 12
1760.010 12
1760.105 12
1760.200 9
1760.295 7
1760.390 8
1760.485 9
1760.580 12
1760.675 12
1760.770 12
1760.865 12
1760.960 13
1761.055 14
1761.150 14
1761.245 14
1761.340 12
1761.435 15
1761.530 15
1761.625 15
1761.720 14
1761.815 17
1761.910 15
1762.005 13
1762.100 11
1762.195 9
1762.290 10
1762.385 12
1762.480 13
1762.576 14
1762.671 12
1762.766 9
1762.861 10
1762.956 7
1763.051 7
1763.146 7
1763.241 5
1763.336 6
1763.431 8
1763.526 10
1763.621 13
1763.716 16
1763.811 15
1763.907 14
1764.002 10
1764.097 7
1764.192 7
1764.287 8
1764.382 8
1764.477 10
1764.572 11
1764.667 14
1764.763 12
1764.858 12
1764.953 10
1765.048 7
1765.143 5
1765.238 4
1765.333 4
1765.428 4
1765.524 6
1765.619 7
1765.714 8
1765.809 7
1765.904 9
1765.999 14
1766.094 18
1766.190 22
1766.285 23
1766.380 27
1766.475 24
1766.570 21
1766.665 18
1766.761 14
1766.856 14
1766.951 14
1767.046 14
1767.141 15
1767.236 16
1767.332 17
1767.427 20
1767.522 21
1767.617 19
1767.712 17
1767.808 13
1767.903 14
1767.998 14
1768.093 14
1768.188 14
1768.284 14
1768.379 14
1768.474 14
1768.569 14
1768.665 11
1768.760 12
1768.855 13
1768.950 18
1769.045 21
1769.141 20
1769.236 19
1769.331 23
1769.426 20
1769.522 20
1769.617 20
1769.712 15
1769.807 18
1769.903 16
1769.998 14
1770.093 13
1770.188 8
1770.284 10
1770.379 12
1770.474 16
1770.570 21
1770.665 21
1770.760 21
1770.855 20
1770.951 22
1771.046 21
1771.141 20
1771.237 19
1771.332 13
1771.427 12
1771.522 11
1771.618 9
1771.713 10
1771.808 10
1771.904 10
1771.999 11
1772.094 14
1772.190 15
1772.285 16
1772.380 20
1772.476 22
1772.571 21
1772.666 20
1772.762 22
1772.857 20
1772.952 21
1773.048 22
1773.143 22
1773.238 26
1773.334 24
1773.429 22
1773.524 18
1773.620 13
1773.715 13
1773.810 13
1773.906 10
1774.001 8
1774.097 11
1774.192 14
1774.287 17
1774.383 19
1774.478 19
1774.573 19
1774.669 20
1774.764 16
1774.860 15
1774.955 14
1775.050 13
1775.146 14
1775.241 18
1775.337 22
1775.432 24
1775.527 27
1775.623 29
1775.718 31
1775.814 36
1775.909 36
1776.005 34
1776.100 33
1776.195 27
1776.291 23
1776.386 22
1776.482 21
1776.577 20
1776.673 20
1776.768 22
1776.864 24
1776.959 26
1777.054 31
1777.150 28
1777.245 24
1777.341 21
1777.436 18
1777.532 17
1777.627 16
1777.723 15
1777.818 14
1777.914 12
1778.009 10
1778.105 10
1778.200 7
1778.296 7
1778.391 7
1778.487 8
1778.582 9
1778.678 12
1778.773 15
1778.869 18
1778.964 22
1779.060 23
1779.155 24
1779.251 22
1779.346 26
1779.442 24
1779.537 22
1779.633 25
1779.728 21
1779.824 19
1779.919 17
1780.015 15
1780.110 13
1780.206 12
1780.301 11
1780.397 9
1780.492 7
1780.588 8
1780.684 6
1780.779 8
1780.875 10
1780.970 11
1781.066 12
1781.161 14
1781.257 17
1781.353 16
1781.448 14
1781.544 11
1781.639 10
1781.735 9
1781.830 8
1781.926 9
1782.022 7
1782.117 7
1782.213 7
1782.308 5
1782.404 5
1782.500 7
1782.595 8
1782.691 9
1782.786 11
1782.882 12
1782.978 17
1783.073 19
1783.169 21
1783.264 21
1783.360 20
1783.456 22
1783.551 21
1783.647 22
1783.743 21
1783.838 23
1783.934 25
1784.030 23
1784.125 21
1784.221 18
1784.317 17
1784.412 18
1784.508 19
1784.603 23
1784.699 19
1784.795 17
1784.890 15
1784.986 10
1785.082 8
1785.178 9
1785.273 10
1785.369 9
1785.465 11
1785.560 14
1785.656 17
1785.752 23
1785.847 27
1785.943 28
1786.039 30
1786.134 29
1786.230 31
1786.326 28
1786.422 24
1786.517 21
1786.613 14
1786.709 13
1786.804 12
1786.900 13
1786.996 12
1787.092 13
1787.187 15
1787.283 16
1787.379 19
1787.474 21
1787.570 21
1787.666 19
1787.762 17
1787.857 17
1787.953 17
1788.049 21
1788.145 21
1788.240 22
1788.336 22
1788.432 20
1788.528 23
1788.624 19
1788.719 17
1788.815 19
1788.911 20
1789.007 21
1789.102 23
1789.198 21
1789.294 17
1789.390 15
1789.486 16
1789.581 10
1789.677 11
1789.773 14
1789.869 15
1789.965 19
1790.060 26
1790.156 23
1790.252 18
1790.348 15
1790.444 11
1790.539 11
1790.635 11
1790.731 11
1790.827 8
1790.923 11
1791.019 14
1791.114 17
1791.210 21
1791.306 19
1791.402 17
1791.498 15
1791.594 10
1791.690 9
1791.785 8
1791.881 7
1791.977 3
1792.073 4
1792.169 5
1792.265 6
1792.361 10
1792.456 13
1792.552 16
1792.648 19
1792.744 22
1792.840 19
1792.936 16
1793.032 13
1793.128 12
1793.224 13
1793.319 17
1793.415 18
1793.511 19
1793.607 20
1793.703 18
1793.799 17
1793.895 19
1793.991 19
1794.087 20
1794.183 21
1794.279 21
1794.375 21
1794.470 20
1794.566 23
1794.662 24
1794.758 23
1794.854 22
1794.950 24
1795.046 21
1795.142 21
1795.238 24
1795.334 23
1795.430 25
1795.526 24
1795.622 22
1795.718 19
1795.814 18
1795.910 20
1796.006 19
1796.102 15
1796.198 12
1796.294 11
1796.390 10
1796.486 10
1796.582 9
1796.678 8
1796.774 8
1796.870 10
1796.965 14
1797.061 16
1797.158 18
1797.254 21
1797.350 25
1797.446 25
1797.542 25
1797.638 23
1797.734 27
1797.830 23
1797.926 20
1798.022 15
1798.118 10
1798.214 9
1798.310 7
1798.406 6
1798.502 5
1798.598 8
1798.694 10
1798.790 11
1798.886 16
1798.982 17
1799.078 19
1799.174 22
1799.270 20
1799.366 18
1799.462 16
1799.558 11
1799.654 7
1799.751 8
1799.847 9
1799.943 10
1800.039 13
1800.135 13
1800.231 15
1800.327 15
1800.423 16
1800.519 17
1800.615 16
1800.711 22
1800.808 20
1800.904 19
1801.000 18
1801.096 14
1801.192 13
1801.288 15
1801.384 17
1801.480 20
1801.576 23
1801.673 22
1801.769 21
1801.865 17
1801.961 17
1802.057 16
1802.153 15
1802.249 15
1802.345 13
1802.442 15
1802.538 20
1802.634 22
1802.730 23
1802.826 23
1802.922 20
1803.019 18
1803.115 21
1803.211 20
1803.307 19
1803.403 21
1803.499 20
1803.596 20
1803.692 21
1803.788 18
1803.884 18
1803.980 19
1804.077 19
1804.173 20
1804.269 19
1804.365 21
1804.461 23
1804.558 20
1804.654 23
1804.750 20
1804.846 17
1804.942 16
1805.039 13
1805.135 12
1805.231 11
1805.327 8
1805.423 5
1805.520 6
1805.616 8
1805.712 8
1805.808 6
1805.905 5
1806.001 3
1806.097 3
1806.193 4
1806.290 9
1806.386 14
1806.482 19
1806.578 25
1806.675 24
1806.771 23
1806.867 19
1806.963 14
1807.060 14
1807.156 14
1807.252 10
1807.349 11
1807.445 12
1807.541 13
1807.637 12
1807.734 11
1807.830 11
1807.926 11
1808.023 13
1808.119 10
1808.215 10
1808.311 10
1808.408 8
1808.504 8
1808.600 11
1808.697 14
1808.793 19
1808.889 23
1808.986 22
1809.082 21
1809.178 18
1809.275 21
1809.371 18
1809.467 15
1809.564 9
1809.660 4
1809.756 4
1809.853 4
1809.949 3
1810.045 3
1810.142 3
1810.238 3
1810.334 4
1810.431 6
1810.527 6
1810.624 6
1810.720 6
1810.816 3
1810.913 3
1811.009 3
1811.105 2
1811.202 3
1811.298 7
1811.395 11
1811.491 18
1811.587 22
1811.684 20
1811.780 18
1811.877 14
1811.973 10
1812.069 9
1812.166 8
1812.262 6
1812.359 4
1812.455 8
1812.551 12
1812.648 17
1812.744 22
1812.841 20
1812.937 18
1813.034 15
1813.130 13
1813.226 13
1813.323 14
1813.419 15
1813.516 12
1813.612 12
1813.709 11
1813.805 10
1813.902 7
1813.998 7
1814.095 7
1814.191 8
1814.287 7
1814.384 7
1814.480 7
1814.577 7
1814.673 8
1814.770 8
1814.866 8
1814.963 7
1815.059 2
1815.156 2
1815.252 3
1815.349 3
1815.445 5
1815.542 5
1815.638 5
1815.735 5
1815.831 1
1815.928 3
1816.024 4
1816.121 6
1816.217 12
1816.314 13
1816.410 14
1816.507 16
1816.603 15
1816.700 14
1816.797 13
1816.893 11
1816.990 11
1817.086 13
1817.183 16
1817.279 22
1817.376 28
1817.472 30
1817.569 32
1817.665 34
1817.762 37
1817.859 33
1817.955 28
1818.052 20
1818.148 13
1818.245 17
1818.341 21
1818.438 27
1818.535 33
1818.631 33
1818.728 33
1818.824 36
1818.921 33
1819.018 30
1819.114 27
1819.211 23
1819.307 20
1819.404 20
1819.501 21
1819.597 21
1819.694 23
1819.790 22
1819.887 20
1819.984 19
1820.080 19
1820.177 20
1820.274 20
1820.370 20
1820.467 22
1820.563 19
1820.660 17
1820.757 15
1820.853 11
1820.950 10
1821.047 9
1821.143 9
1821.240 5
1821.337 5
1821.433 6
1821.530 5
1821.627 8
1821.723 8
1821.820 7
1821.917 7
1822.013 11
1822.110 13
1822.207 15
1822.303 19
1822.400 20
1822.497 18
1822.593 17
1822.690 13
1822.787 10
1822.884 10
1822.980 10
1823.077 12
1823.174 9
1823.270 11
1823.367 12
1823.464 13
1823.561 16
1823.657 19
1823.754 22
1823.851 21
1823.947 24
1824.044 23
1824.141 22
1824.238 20
1824.334 16
1824.431 16
1824.528 16
1824.625 17
1824.721 21
1824.818 19
1824.915 17
1825.012 14
1825.108 9
1825.205 9
1825.302 8
1825.399 7
1825.495 4
1825.592 5
1825.689 7
1825.786 10
1825.883 12
1825.979 13
1826.076 14
1826.173 15
1826.270 19
1826.366 17
1826.463 15
1826.560 12
1826.657 8
1826.754 10
1826.850 12
1826.947 18
1827.044 21
1827.141 20
1827.238 22
1827.335 17
1827.431 15
1827.528 17
1827.625 16
1827.722 19
1827.819 24
1827.916 27
1828.012 30
1828.109 30
1828.206 33
1828.303 28
1828.400 23
1828.497 19
1828.593 12
1828.690 11
1828.787 10
1828.884 6
1828.981 6
1829.078 6
1829.175 6
1829.272 6
1829.368 9
1829.465 10
1829.562 11
1829.659 13
1829.756 16
1829.853 15
1829.950 14
1830.047 12
1830.143 11
1830.240 9
1830.337 7
1830.434 5
1830.531 2
1830.628 2
1830.725 2
1830.822 2
1830.919 1
1831.016 1
1831.113 1
1831.210 1
1831.306 5
1831.403 6
1831.500 8
1831.597 9
1831.694 9
1831.791 9
1831.888 8
1831.985 8
1832.082 8
1832.179 9
1832.276 10
1832.373 11
1832.470 12
1832.567 12
1832.664 12
1832.761 12
1832.858 12
1832.955 11
1833.052 10
1833.149 9
1833.246 5
1833.343 5
1833.440 6
1833.536 7
1833.633 11
1833.730 12
1833.827 16
1833.924 15
1834.021 14
1834.118 14
1834.215 11
1834.312 12
1834.410 14
1834.507 13
1834.604 11
1834.701 13
1834.798 11
1834.895 11
1834.992 11
1835.089 8
1835.186 11
1835.283 14
1835.380 17
1835.477 21
1835.574 26
1835.671 24
1835.768 22
1835.865 25
1835.962 23
1836.059 22
1836.156 21
1836.253 20
1836.350 16
1836.447 18
1836.544 20
1836.641 24
1836.739 24
1836.836 22
1836.933 20
1837.030 18
1837.127 18
1837.224 16
1837.321 15
1837.418 13
1837.515 8
1837.612 8
1837.709 7
1837.807 7
1837.904 10
1838.001 9
1838.098 8
1838.195 7
1838.292 6
1838.389 8
1838.486 10
1838.583 12
1838.681 16
1838.778 16
1838.875 16
1838.972 16
1839.069 18
1839.166 19
1839.263 22
1839.361 23
1839.458 24
1839.555 26
1839.652 27
1839.749 29
1839.846 33
1839.943 28
1840.041 24
1840.138 19
1840.235 12
1840.332 13
1840.429 12
1840.526 12
1840.624 11
1840.721 10
1840.818 9
1840.915 9
1841.012 9
1841.110 11
1841.207 13
1841.304 17
1841.401 17
1841.498 18
1841.596 20
1841.693 18
1841.790 12
1841.887 11
1841.984 9
1842.082 11
1842.179 8
1842.276 10
1842.373 13
1842.471 12
1842.568 15
1842.665 14
1842.762 12
1842.859 9
1842.957 10
1843.054 10
1843.151 9
1843.248 7
1843.346 5
1843.443 5
1843.540 6
1843.637 8
1843.735 10
1843.832 15
1843.929 23
1844.027 24
1844.124 27
1844.221 28
1844.318 29
1844.416 29
1844.513 33
1844.610 28
1844.708 20
1844.805 15
1844.902 10
1844.999 10
1845.097 10
1845.194 12
1845.291 14
1845.389 16
1845.486 18
1845.583 22
1845.681 24
1845.778 21
1845.875 18
1845.972 12
1846.070 8
1846.167 7
1846.264 6
1846.362 4
1846.459 0
1846.556 0
1846.654 1
1846.751 4
1846.849 6
1846.946 11
1847.043 15
1847.141 19
1847.238 28
1847.335 26
1847.433 24
1847.530 20
1847.627 14
1847.725 13
1847.822 12
1847.919 9
1848.017 7
1848.114 8
1848.212 9
1848.309 8
1848.406 10
1848.504 13
1848.601 18
1848.699 21
1848.796 26
1848.893 21
1848.991 14
1849.088 9
1849.186 2
1849.283 3
1849.380 4
1849.478 5
1849.575 8
1849.673 8
1849.770 8
1849.868 8
1849.965 8
1850.062 8
1850.160 8
1850.257 10
1850.355 9
1850.452 11
1850.550 13
1850.647 14
1850.744 18
1850.842 17
1850.939 16
1851.037 19
1851.134 18
1851.232 19
1851.329 20
1851.427 19
1851.524 17
1851.622 16
1851.719 15
1851.817 11
1851.914 9
1852.012 9
1852.109 9
1852.207 11
1852.304 9
1852.402 8
1852.499 7
1852.597 6
1852.694 7
1852.792 10
1852.889 14
1852.987 19
1853.084 23
1853.182 23
1853.279 22
1853.377 19
1853.474 17
1853.572 17
1853.669 17
1853.767 17
1853.864 19
1853.962 22
1854.059 28
1854.157 32
1854.254 34
1854.352 31
1854.450 26
1854.547 21
1854.645 17
1854.742 19
1854.840 21
1854.937 23
1855.035 27
1855.132 25
1855.230 20
1855.328 16
1855.425 12
1855.523 10
1855.620 11
1855.718 12
1855.816 10
1855.913 11
1856.011 11
1856.108 13
1856.206 17
1856.303 17
1856.401 17
1856.499 15
1856.596 14
1856.694 15
1856.792 17
1856.889 18
1856.987 19
1857.084 19
1857.182 18
1857.280 19
1857.377 15
1857.475 15
1857.573 15
1857.670 14
1857.768 18
1857.865 18
1857.963 18
1858.061 20
1858.158 21
1858.256 21
1858.354 22
1858.451 23
1858.549 21
1858.647 23
1858.744 26
1858.842 30
1858.940 30
1859.037 29
1859.135 30
1859.233 27
1859.330 25
1859.428 24
1859.526 19
1859.623 22
1859.721 19
1859.819 18
1859.917 17
1860.014 20
1860.112 18
1860.210 18
1860.307 18
1860.405 19
1860.503 19
1860.600 20
1860.698 21
1860.796 18
1860.894 19
1860.991 17
1861.089 15
1861.187 13
1861.285 10
1861.382 9
1861.480 8
1861.578 8
1861.675 7
1861.773 10
1861.871 14
1861.969 20
1862.066 25
1862.164 26
1862.262 29
1862.360 27
1862.458 25
1862.555 26
1862.653 24
1862.751 21
1862.849 22
1862.946 20
1863.044 17
1863.142 17
1863.240 16
1863.338 16
1863.435 17
1863.533 19
1863.631 24
1863.729 26
1863.827 30
1863.924 34
1864.022 30
1864.120 27
1864.218 22
1864.316 17
1864.413 10
1864.511 10
1864.609 10
1864.707 11
1864.805 10
1864.903 10
1865.000 10
1865.098 8
1865.196 10
1865.294 12
1865.392 14
1865.490 16
1865.587 17
1865.685 17
1865.783 17
1865.881 17
1865.979 19
1866.077 18
1866.175 17
1866.272 16
1866.370 13
1866.468 12
1866.566 11
1866.664 10
1866.762 9
1866.860 9
1866.958 9
1867.055 9
1867.153 8
1867.251 8
1867.349 8
1867.447 8
1867.545 11
1867.643 11
1867.741 10
1867.839 9
1867.937 7
1868.034 7
1868.132 8
1868.230 9
1868.328 11
1868.426 12
1868.524 13
1868.622 17
1868.720 20
1868.818 23
1868.916 26
1869.014 29
1869.112 35
1869.210 31
1869.308 28
1869.406 22
1869.503 21
1869.601 24
1869.699 24
1869.797 26
1869.895 29
1869.993 28
1870.091 28
1870.189 29
1870.287 28
1870.385 26
1870.483 25
1870.581 21
1870.679 19
1870.777 18
1870.875 17
1870.973 16
1871.071 15
1871.169 12
1871.267 9
1871.365 6
1871.463 3
1871.561 5
1871.659 5
1871.757 5
1871.855 7
1871.953 7
1872.051 10
1872.149 15
1872.247 20
1872.345 21
1872.443 21
1872.541 20
1872.639 19
1872.737 20
1872.835 22
1872.933 24
1873.031 29
1873.130 22
1873.228 18
1873.326 17
1873.424 13
1873.522 17
1873.620 18
1873.718 20
1873.816 25
1873.914 27
1874.012 32
1874.110 38
1874.208 42
1874.306 39
1874.404 39
1874.503 36
1874.601 31
1874.699 32
1874.797 30
1874.895 32
1874.993 37
1875.091 37
1875.189 37
1875.287 34
1875.385 34
1875.484 32
1875.582 30
1875.680 25
1875.778 22
1875.876 22
1875.974 22
1876.072 21
1876.170 22
1876.269 22
1876.367 22
1876.465 22
1876.563 25
1876.661 26
1876.759 25
1876.857 26
1876.956 26
1877.054 25
1877.152 20
1877.250 18
1877.348 14
1877.446 14
1877.544 15
1877.643 15
1877.741 18
1877.839 16
1877.937 15
1878.035 14
1878.134 12
1878.232 12
1878.330 12
1878.428 14
1878.526 15
1878.624 16
1878.723 17
1878.821 19
1878.919 18
1879.017 19
1879.116 20
1879.214 21
1879.312 17
1879.410 16
1879.508 15
1879.607 11
1879.705 10
1879.803 11
1879.901 12
1880.000 14
1880.098 19
1880.196 19
1880.294 19
1880.392 18
1880.491 13
1880.589 12
1880.687 11
1880.785 9
1880.884 9
1880.982 9
1881.080 9
1881.179 6
1881.277 5
1881.375 7
1881.473 9
1881.572 13
1881.670 12
1881.768 10
1881.866 8
1881.965 6
1882.063 4
1882.161 4
1882.260 4
1882.358 2
1882.456 2
1882.554 2
1882.653 2
1882.751 2
1882.849 5
1882.948 5
1883.046 5
1883.144 5
1883.243 4
1883.341 5
1883.439 6
1883.538 7
1883.636 9
1883.734 12
1883.833 15
1883.931 18
1884.029 22
1884.128 22
1884.226 22
1884.324 25
1884.423 26
1884.521 24
1884.619 22
1884.718 17
1884.816 15
1884.914 14
1885.013 13
1885.111 13
1885.210 10
1885.308 10
1885.406 10
1885.505 9
1885.603 5
1885.701 4
1885.800 3
1885.898 2
1885.997 2
1886.095 5
1886.193 10
1886.292 13
1886.390 16
1886.489 14
1886.587 10
1886.685 8
1886.784 6
1886.882 6
1886.981 6
1887.079 6
1887.178 7
1887.276 10
1887.374 13
1887.473 16
1887.571 19
1887.670 18
1887.768 17
1887.867 16
1887.965 11
1888.064 11
1888.162 11
1888.260 12
1888.359 12
1888.457 13
1888.556 14
1888.654 15
1888.753 11
1888.851 10
1888.950 9
1889.048 7
1889.147 10
1889.245 13
1889.344 16
1889.442 20
1889.541 25
1889.639 25
1889.738 25
1889.836 24
1889.935 18
1890.033 18
1890.132 18
1890.230 17
1890.329 18
1890.427 17
1890.526 17
1890.624 13
1890.723 9
1890.821 9
1890.920 8
1891.018 8
1891.117 11
1891.215 14
1891.314 17
1891.412 21
1891.511 24
1891.609 22
1891.708 20
1891.806 17
1891.905 12
1892.004 11
1892.102 9
1892.201 8
1892.299 6
1892.398 6
1892.496 7
1892.595 8
1892.693 10
1892.792 11
1892.891 12
1892.989 12
1893.088 15
1893.186 15
1893.285 15
1893.384 17
1893.482 16
1893.581 20
1893.679 25
1893.778 26
1893.877 31
1893.975 31
1894.074 31
1894.172 29
1894.271 26
1894.370 23
1894.468 19
1894.567 19
1894.665 15
1894.764 15
1894.863 15
1894.961 15
1895.060 12
1895.159 13
1895.257 14
1895.356 9
1895.455 13
1895.553 14
1895.652 15
1895.750 15
1895.849 18
1895.948 18
1896.046 18
1896.145 18
1896.244 15
1896.342 15
1896.441 16
1896.540 15
1896.638 13
1896.737 12
1896.836 10
1896.934 10
1897.033 6
1897.132 7
1897.231 8
1897.329 8
1897.428 11
1897.527 10
1897.625 9
1897.724 8
1897.823 7
1897.921 7
1898.020 7
1898.119 9
1898.218 9
1898.316 13
1898.415 16
1898.514 21
1898.612 22
1898.711 19
1898.810 17
1898.909 15
1899.007 15
1899.106 15
1899.205 15
1899.304 15
1899.402 12
1899.501 13
1899.600 14
1899.699 15
1899.797 18
1899.896 18
1899.995 18
1900.094 20
1900.192 18
1900.291 18
1900.390 18
1900.489 16
1900.588 18
1900.686 20
1900.785 22
1900.884 23
1900.983 27
1901.082 26
1901.180 25
1901.279 25
1901.378 22
1901.477 19
1901.576 16
1901.674 10
1901.773 8
1901.872 10
1901.971 12
1902.070 13
1902.168 17
1902.267 19
1902.366 21
1902.465 23
1902.564 29
1902.663 28
1902.761 27
1902.860 26
1902.959 20
1903.058 17
1903.157 14
1903.256 11
1903.354 8
1903.453 7
1903.552 6
1903.651 5
1903.750 3
1903.849 3
1903.948 3
1904.047 3
1904.145 3
1904.244 4
1904.343 5
1904.442 7
1904.541 9
1904.640 10
1904.739 11
1904.838 10
1904.937 17
1905.035 21
1905.134 28
1905.233 30
1905.332 28
1905.431 26
1905.530 24
1905.629 20
1905.728 19
1905.827 17
1905.926 15
1906.025 16
1906.123 13
1906.222 14
1906.321 12
1906.420 11
1906.519 14
1906.618 12
1906.717 10
1906.816 8
1906.915 5
1907.014 5
1907.113 7
1907.212 7
1907.311 5
1907.410 7
1907.509 7
1907.608 11
1907.707 15
1907.806 14
1907.905 13
1908.004 10
1908.103 9
1908.202 9
1908.300 9
1908.399 9
1908.498 7
1908.597 9
1908.696 12
1908.795 14
1908.894 16
1908.993 15
1909.092 13
1909.191 12
1909.290 9
1909.389 8
1909.488 7
1909.588 6
1909.687 3
1909.786 4
1909.885 5
1909.984 6
1910.083 7
1910.182 7
1910.281 7
1910.380 7
1910.479 9
1910.578 9
1910.677 9
1910.776 10
1910.875 13
1910.974 12
1911.073 11
1911.172 9
1911.271 6
1911.370 7
1911.469 11
1911.568 12
1911.667 14
1911.767 18
1911.866 23
1911.965 27
1912.064 31
1912.163 26
1912.262 20
1912.361 14
1912.460 9
1912.559 8
1912.658 8
1912.757 8
1912.857 9
1912.956 9
1913.055 10
1913.154 13
1913.253 15
1913.352 15
1913.451 14
1913.550 13
1913.650 12
1913.749 11
1913.848 10
1913.947 9
1914.046 7
1914.145 6
1914.244 6
1914.343 5
1914.443 6
1914.542 11
1914.641 14
1914.740 17
1914.839 20
1914.938 17
1915.038 17
1915.137 14
1915.236 13
1915.335 12
1915.434 13
1915.533 13
1915.633 15
1915.732 16
1915.831 16
1915.930 16
1916.029 19
1916.128 16
1916.228 15
1916.327 13
1916.426 8
1916.525 8
1916.624 7
1916.724 6
1916.823 7
1916.922 9
1917.021 11
1917.121 13
1917.220 15
1917.319 15
1917.418 15
1917.517 16
1917.617 21
1917.716 21
1917.815 22
1917.914 21
1918.014 23
1918.113 22
1918.212 20
1918.311 19
1918.411 16
1918.510 16
1918.609 16
1918.708 18
1918.808 15
1918.907 14
1919.006 13
1919.105 12
1919.205 9
1919.304 9
1919.403 9
1919.503 7
1919.602 10
1919.701 10
1919.800 11
1919.900 13
1919.999 12
1920.098 14
1920.198 15
1920.297 18
1920.396 21
1920.495 21
1920.595 22
1920.694 24
1920.793 21
1920.893 16
1920.992 15
1921.091 11
1921.191 9
1921.290 11
1921.389 11
1921.489 10
1921.588 15
1921.687 20
1921.787 29
1921.886 41
1921.985 48
1922.085 47
1922.184 41
1922.283 33
1922.383 24
1922.482 18
1922.582 15
1922.681 12
1922.780 10
1922.880 7
1922.979 7
1923.078 6
1923.178 9
1923.277 9
1923.376 10
1923.476 11
1923.575 11
1923.675 11
1923.774 12
1923.873 15
1923.973 13
1924.072 14
1924.172 12
1924.271 9
1924.370 12
1924.470 11
1924.569 11
1924.669 10
1924.768 8
1924.868 8
1924.967 8
1925.066 8
1925.166 12
1925.265 15
1925.365 18
1925.464 21
1925.564 24
1925.663 21
1925.762 18
1925.862 15
1925.961 12
1926.061 13
1926.160 14
1926.260 16
1926.359 19
1926.459 19
1926.558 19
1926.658 23
1926.757 21
1926.857 19
1926.956 17
1927.055 13
1927.155 11
1927.254 10
1927.354 9
1927.453 6
1927.553 3
1927.652 4
1927.752 5
1927.851 5
1927.951 6
1928.050 7
1928.150 8
1928.249 9
1928.349 12
1928.448 10
1928.548 8
1928.647 10
1928.747 8
1928.847 8
1928.946 8
1929.046 4
1929.145 6
1929.245 8
1929.344 10
1929.444 13
1929.543 15
1929.643 13
1929.742 11
1929.842 9
1929.941 8
1930.041 9
1930.141 10
1930.240 12
1930.340 8
1930.439 8
1930.539 8
1930.638 9
1930.738 12
1930.838 15
1930.937 18
1931.037 18
1931.136 21
1931.236 17
1931.336 13
1931.435 9
1931.535 5
1931.634 6
1931.734 7
1931.834 8
1931.933 7
1932.033 7
1932.132 7
1932.232 8
1932.332 8
1932.431 9
1932.531 11
1932.630 9
1932.730 13
1932.830 13
1932.929 12
1933.029 10
1933.129 8
1933.228 7
1933.328 9
1933.428 8
1933.527 4
1933.627 4
1933.727 2
1933.826 3
1933.926 5
1934.026 5
1934.125 4
1934.225 3
1934.325 3
1934.424 5
1934.524 9
1934.624 11
1934.723 12
1934.823 13
1934.923 15
1935.022 13
1935.122 16
1935.222 14
1935.321 9
1935.421 8
1935.521 4
1935.620 9
1935.720 11
1935.820 16
1935.920 19
1936.019 16
1936.119 16
1936.219 11
1936.318 9
1936.418 9
1936.518 9
1936.618 9
1936.717 6
1936.817 8
1936.917 11
1937.017 13
1937.116 15
1937.216 14
1937.316 12
1937.416 11
1937.515 8
1937.615 8
1937.715 8
1937.815 8
1937.914 8
1938.014 8
1938.114 8
1938.214 8
1938.313 4
1938.413 4
1938.513 4
1938.613 6
1938.713 4
1938.812 5
1938.912 6
1939.012 9
1939.112 9
1939.212 9
1939.311 9
1939.411 9
1939.511 6
1939.611 5
1939.711 3
1939.810 1
1939.910 4
1940.010 4
1940.110 5
1940.210 6
1940.309 9
1940.409 10
1940.509 13
1940.609 15
1940.709 21
1940.809 21
1940.909 19
1941.008 20
1941.108 14
1941.208 13
1941.308 12
1941.408 11
1941.508 11
1941.607 10
1941.707 10
1941.807 11
1941.907 10
1942.007 13
1942.107 17
1942.207 24
1942.307 21
1942.406 19
1942.506 19
1942.606 14
1942.706 14
1942.806 13
1942.906 12
1943.006 10
1943.106 13
1943.206 13
1943.306 13
1943.405 14
1943.505 13
1943.605 16
1943.705 19
1943.805 26
1943.905 30
1944.005 27
1944.105 24
1944.205 16
1944.305 10
1944.405 10
1944.505 10
1944.605 10
1944.704 9
1944.804 9
1944.904 9
1945.004 11
1945.104 16
1945.204 15
1945.304 14
1945.404 11
1945.504 6
1945.604 9
1945.704 10
1945.804 12
1945.904 13
1946.004 11
1946.104 11
1946.204 12
1946.304 14
1946.404 16
1946.504 18
1946.604 20
1946.704 22
1946.804 22
1946.904 23
1947.004 26
1947.104 26
1947.204 24
1947.304 21
1947.404 19
1947.504 21
1947.604 20
1947.704 19
1947.804 19
1947.904 20
1948.004 22
1948.104 24
1948.204 30
1948.304 30
1948.404 28
1948.504 26
1948.604 21
1948.704 22
1948.804 25
1948.904 26
1949.004 24
1949.105 25
1949.205 23
1949.305 23
1949.405 19
1949.505 21
1949.605 19
1949.705 17
1949.805 17
1949.905 13
1950.005 13
1950.105 13
1950.205 15
1950.305 17
1950.406 15
1950.506 13
1950.606 10
1950.706 7
1950.806 8
1950.906 11
1951.006 10
1951.106 11
1951.206 13
1951.306 13
1951.407 17
1951.507 15
1951.607 13
1951.707 12
1951.807 7
1951.907 5
1952.007 6
1952.108 5
1952.208 5
1952.308 4
1952.408 5
1952.508 8
1952.608 11
1952.708 17
1952.809 17
1952.909 17
1953.009 16
1953.109 15
1953.209 15
1953.309 14
1953.410 14
1953.510 14
1953.610 14
1953.710 14
1953.810 18
1953.910 19
1954.011 18
1954.111 17
1954.211 17
1954.311 16
1954.411 15
1954.512 14
1954.612 9
1954.712 7
1954.812 8
1954.912 8
1955.013 9
1955.113 9
1955.213 8
1955.313 8
1955.413 7
1955.514 10
1955.614 11
1955.714 14
1955.814 15
1955.915 18
1956.015 19
1956.115 21
1956.215 22
1956.316 23
1956.416 23
1956.516 25
1956.616 21
1956.717 12
1956.817 10
1956.917 6
1957.017 6
1957.118 5
1957.218 4
1957.318 4
1957.418 4
1957.519 1
1957.619 3
1957.719 3
1957.820 5
1957.920 8
1958.020 6
1958.120 6
1958.221 7
1958.321 10
1958.421 10
1958.522 10
1958.622 7
1958.722 12
1958.823 15
1958.923 18
1959.023 22
1959.124 25
1959.224 24
1959.324 24
1959.425 25
1959.525 25
1959.625 22
1959.726 18
1959.826 18
1959.926 14
1960.027 15
1960.127 16
1960.227 17
1960.328 18
1960.428 16
1960.528 14
1960.629 10
1960.729 9
1960.829 8
1960.930 7
1961.030 6
1961.131 2
1961.231 2
1961.331 2
1961.432 3
1961.532 6
1961.632 7
1961.733 8
1961.833 10
1961.934 11
1962.034 11
1962.134 11
1962.235 10
1962.335 14
1962.436 12
1962.536 10
1962.636 7
1962.737 5
1962.837 5
1962.938 5
1963.038 5
1963.138 5
1963.239 6
1963.339 6
1963.440 6
1963.540 3
1963.641 3
1963.741 4
1963.842 5
1963.942 6
1964.042 7
1964.143 8
1964.243 9
1964.344 14
1964.444 14
1964.545 14
1964.645 15
1964.746 15
1964.846 18
1964.947 20
1965.047 22
1965.148 20
1965.248 15
1965.348 11
1965.449 7
1965.549 4
1965.650 4
1965.750 4
1965.851 5
1965.951 8
1966.052 8
1966.152 8
1966.253 9
1966.353 9
1966.454 12
1966.554 15
1966.655 15
1966.756 19
1966.856 19
1966.957 18
1967.057 19
1967.158 16
1967.258 16
1967.359 16
1967.459 14
1967.560 14
1967.660 11
1967.761 9
1967.861 7
1967.962 4
1968.063 4
1968.163 4
1968.264 5
1968.364 6
1968.465 8
1968.565 9
1968.666 11
1968.766 11
1968.867 10
1968.968 10
1969.068 8
1969.169 5
1969.269 6
1969.370 7
1969.471 4
1969.571 10
1969.672 15
1969.772 20
1969.873 25
1969.974 30
1970.074 29
1970.175 28
1970.275 30
1970.376 26
1970.477 30
1970.577 33
1970.678 37
1970.778 40
1970.879 35
1970.980 31
1971.080 29
1971.181 23
1971.282 23
1971.382 23
1971.483 22
1971.584 18
1971.684 18
1971.785 18
1971.885 18
1971.986 21
1972.087 20
1972.187 19
1972.288 21
1972.389 18
1972.489 18
1972.590 18
1972.691 17
1972.791 16
1972.892 19
1972.993 22
1973.093 24
1973.194 29
1973.295 30
1973.396 31
1973.496 30
1973.597 31
1973.698 28
1973.798 27
1973.899 20
1974.000 19
1974.100 20
1974.201 18
1974.302 20
1974.403 21
1974.503 21
1974.604 21
1974.705 21
1974.806 16
1974.906 13
1975.007 11
1975.108 7
1975.208 6
1975.309 5
1975.410 5
1975.511 4
1975.611 2
1975.712 2
1975.813 1
1975.914 5
1976.014 5
1976.115 6
1976.216 7
1976.317 6
1976.418 9
1976.518 10
1976.619 11
1976.720 13
1976.821 16
1976.921 15
1977.022 14
1977.123 11
1977.224 8
1977.325 8
1977.425 8
1977.526 7
1977.627 7
1977.728 6
1977.829 7
1977.929 6
1978.030 4
1978.131 5
1978.232 5
1978.333 6
1978.433 7
1978.534 7
1978.635 6
1978.736 6
1978.837 9
1978.938 9
1979.038 9
1979.139 9
1979.240 10
1979.341 9
1979.442 8
1979.543 7
1979.644 5
1979.744 6
1979.845 7
1979.946 8
1980.047 10
1980.148 10
1980.249 10
1980.350 10
1980.451 8
1980.551 8
1980.652 8
1980.753 11
1980.854 8
1980.955 8
1981.056 9
1981.157 7
1981.258 8
1981.359 9
1981.459 9
1981.560 9
1981.661 11
1981.762 13
1981.863 17
1981.964 19
1982.065 23
1982.166 21
1982.267 17
1982.368 12
1982.469 9
1982.569 8
1982.670 7
1982.771 5
1982.872 4
1982.973 6
1983.074 9
1983.175 11
1983.276 17
1983.377 21
1983.478 24
1983.579 31
1983.680 37
1983.781 35
1983.882 33
1983.983 29
1984.084 25
1984.185 24
1984.286 24
1984.387 22
1984.488 19
1984.589 18
1984.690 16
1984.791 17
1984.892 16
1984.993 17
1985.094 19
1985.195 23
1985.296 24
1985.397 22
1985.498 19
1985.599 16
1985.700 16
1985.801 15
1985.902 14
1986.003 13
1986.104 9
1986.205 10
1986.306 12
1986.407 12
1986.508 12
1986.609 12
1986.710 14
1986.811 15
1986.912 18
1987.013 19
1987.114 18
1987.215 20
1987.316 21
1987.417 25
1987.518 28
1987.619 31
1987.720 33
1987.821 28
1987.923 23
1988.024 18
1988.125 13
1988.226 13
1988.327 12
1988.428 11
1988.529 7
1988.630 6
1988.731 6
1988.832 7
1988.933 7
1989.034 7
1989.136 7
1989.237 6
1989.338 7
1989.439 6
1989.540 5
1989.641 7
1989.742 5
1989.843 6
1989.944 7
1990.046 8
1990.147 9
1990.248 12
1990.349 15
1990.450 20
1990.551 20
1990.652 18
1990.754 16
1990.855 14
1990.956 15
1991.057 14
1991.158 14
1991.259 14
1991.360 14
1991.462 10
1991.563 8
1991.664 8
1991.765 6
1991.866 6
1991.967 6
1992.069 7
1992.170 6
1992.271 5
1992.372 6
1992.473 9
1992.575 9
1992.676 12
1992.777 14
1992.878 17
1992.979 20
1993.081 20
1993.182 20
1993.283 18
1993.384 20
1993.485 21
1993.587 22
1993.688 25
1993.789 30
1993.890 31
1993.992 32
1994.093 33
1994.194 32
1994.295 32
1994.396 32
1994.498 27
1994.599 28
1994.700 28
1994.801 30
1994.903 28
1995.004 30
1995.105 27
1995.206 22
1995.308 24
1995.409 20
1995.510 21
1995.611 22
1995.713 24
1995.814 26
1995.915 24
1996.017 22
1996.118 15
1996.219 13
1996.320 12
1996.422 12
1996.523 13
1996.624 13
1996.726 14
1996.827 16
1996.928 16
1997.030 15
1997.131 15
1997.232 13
1997.333 14
1997.435 12
1997.536 12
1997.637 12
1997.739 8
1997.840 10
1997.941 13
1998.043 16
1998.144 18
1998.245 23
1998.347 23
1998.448 26
1998.549 25
1998.651 22
1998.752 20
1998.853 17
1998.955 16
1999.056 12
1999.158 13
1999.259 12
1999.360 16
1999.462 18
1999.563 20
1999.664 24
1999.766 25
1999.867 26
1999.969 25
2000.070 24
2000.171 21
2000.273 20
2000.374 22
2000.475 23
2000.577 20
2000.678 17
2000.780 16
2000.881 14
2000.982 13
2001.084 13
2001.185 16
2001.287 18
2001.388 18
2001.490 22
2001.591 22
2001.692 23
2001.794 24
2001.895 31
2001.997 31
2002.098 31
2002.200 32
2002.301 28
2002.402 24
2002.504 20
2002.605 14
2002.707 11
2002.808 10
2002.910 10
2003.011 8
2003.113 7
2003.214 9
2003.316 10
2003.417 12
2003.519 17
2003.620 19
2003.721 21
2003.823 24
2003.924 25
2004.026 23
2004.127 21
2004.229 21
2004.330 16
2004.432 15
2004.533 14
2004.635 10
2004.736 9
2004.838 9
2004.939 9
2005.041 8
2005.142 8
2005.244 8
2005.345 8
2005.447 8
2005.549 7
2005.650 8
2005.752 9
2005.853 10
2005.955 11
2006.056 11
2006.158 11
2006.259 11
2006.361 12
2006.462 17
2006.564 22
2006.665 28
2006.767 33
2006.869 34
2006.970 35
2007.072 35
2007.173 39
2007.275 35
2007.376 31
2007.478 29
2007.580 23
2007.681 23
2007.783 23
2007.884 22
2007.986 24
2008.088 21
2008.189 18
2008.291 15
2008.392 13
2008.494 12
2008.595 11
2008.697 9
2008.799 5
2008.900 5
2009.002 9
2009.104 9
2009.205 8
2009.307 8
2009.408 5
2009.510 7
2009.612 9
2009.713 9
2009.815 8
2009.917 11
2010.018 14
2010.120 14
2010.222 14
2010.323 11
2010.425 12
2010.526 13
2010.628 14
2010.730 14
2010.831 18
2010.933 18
2011.035 18
2011.136 23
2011.238 24
2011.340 25
2011.441 26
2011.543 24
2011.645 26
2011.747 26
2011.848 26
2011.950 24
2012.052 21
2012.153 23
2012.255 24
2012.357 27
2012.458 30
2012.560 31
2012.662 34
2012.764 30
2012.865 26
2012.967 23
2013.069 20
2013.170 17
2013.272 14
2013.374 14
2013.476 13
2013.577 14
2013.679 16
2013.781 16
2013.883 16
2013.984 14
2014.086 13
2014.188 12
2014.290 11
2014.391 10
2014.493 6
2014.595 8
2014.697 10
2014.798 14
2014.900 17
2015.002 19
2015.104 21
2015.205 24
2015.307 29
2015.409 25
2015.511 20
2015.613 12
2015.714 7
2015.816 6
2015.918 6
2016.020 6
2016.121 3
2016.223 4
2016.325 5
2016.427 7
2016.529 9
2016.631 13
2016.732 17
2016.834 20
2016.936 24
2017.038 22
2017.140 20
2017.241 15
2017.343 17
2017.445 19
2017.547 21
2017.649 23
2017.751 19
2017.852 18
2017.954 17
2018.056 13
2018.158 17
2018.260 22
2018.362 27
2018.464 32
2018.565 39
2018.667 36
2018.769 33
2018.871 30
2018.973 25
2019.075 26
2019.177 26
2019.279 23
2019.380 27
2019.482 26
2019.584 26
2019.686 25
2019.788 23
2019.890 23
2019.992 23
2020.094 24
2020.196 28
2020.297 29
2020.399 30
2020.501 30
2020.603 28
2020.705 26
2020.807 24
2020.909 22
2021.011 21
2021.113 23
2021.215 24
2021.317 23
2021.419 27
2021.521 26
2021.622 26
2021.724 30
2021.826 28
2021.928 25
2022.030 24
2022.132 22
2022.234 19
2022.336 19
2022.438 17
2022.540 16
2022.642 14
2022.744 15
2022.846 16
2022.948 18
2023.050 19
2023.152 19
2023.254 18
2023.356 17
2023.458 14
2023.560 14
2023.662 14
2023.764 13
2023.866 13
2023.968 11
2024.070 10
2024.172 12
2024.274 10
2024.376 12
2024.478 14
2024.580 14
2024.682 14
2024.784 14
2024.886 14
2024.988 12
2025.090 11
2025.192 12
2025.294 13
2025.396 14
2025.498 20
2025.600 21
2025.702 22
2025.804 27
2025.906 24
2026.008 21
2026.110 18
2026.212 12
2026.315 11
2026.417 15
2026.519 19
2026.621 22
2026.723 26
2026.825 27
2026.927 28
2027.029 31
2027.131 35
2027.233 33
2027.335 31
2027.437 31
2027.539 24
2027.642 21
2027.744 19
2027.846 17
2027.948 13
2028.050 15
2028.152 15
2028.254 12
2028.356 15
2028.458 12
2028.561 10
2028.663 8
2028.765 5
2028.867 4
2028.969 3
2029.071 2
2029.173 1
2029.275 1
2029.378 1
2029.480 3
2029.582 2
2029.684 2
2029.786 2
2029.888 6
2029.990 8
2030.093 9
2030.195 10
2030.297 5
2030.399 7
2030.501 7
2030.603 7
2030.706 8
2030.808 6
2030.910 7
2031.012 8
2031.114 10
2031.217 12
2031.319 12
2031.421 12
2031.523 10
2031.625 9
2031.727 8
2031.830 7
2031.932 6
2032.034 5
2032.136 5
2032.239 5
2032.341 8
2032.443 7
2032.545 7
2032.647 7
2032.750 5
2032.852 7
2032.954 8
2033.056 9
2033.159 11
2033.261 12
2033.363 11
2033.465 11
2033.568 8
2033.670 8
2033.772 8
2033.874 8
2033.977 8
2034.079 10
2034.181 13
2034.283 15
2034.386 19
2034.488 23
2034.590 22
2034.692 21
2034.795 23
2034.897 20
2034.999 18
2035.102 16
2035.204 12
2035.306 9
2035.408 9
2035.511 9
2035.613 10
2035.715 12
2035.818 13
2035.920 15
2036.022 18
2036.125 21
2036.227 23
2036.329 24
2036.431 24
2036.534 27
2036.636 27
2036.738 27
2036.841 24
2036.943 24
2037.045 22
2037.148 20
2037.250 19
2037.352 15
2037.455 15
2037.557 15
2037.660 12
2037.762 12
2037.864 11
2037.967 10
2038.069 7
2038.171 5
2038.274 5
2038.376 5
2038.478 7
2038.581 10
2038.683 10
2038.786 10
2038.888 11
2038.990 10
2039.093 11
2039.195 12
2039.298 15
2039.400 16
2039.502 17
2039.605 18
2039.707 16
2039.810 15
2039.912 16
2040.014 18
2040.117 18
2040.219 23
2040.322 23
2040.424 22
2040.526 24
2040.629 27
2040.731 24
2040.834 21
2040.936 19
2041.039 15
2041.141 16
2041.244 18
2041.346 18
2041.448 20
2041.551 21
2041.653 19
2041.756 19
2041.858 21
2041.961 20
2042.063 18
2042.166 16
2042.268 12
2042.371 12
2042.473 11
2042.576 10
2042.678 13
2042.780 13
2042.883 13
2042.985 13
2043.088 12
2043.190 16
2043.293 20
2043.395 24
2043.498 31
2043.600 31
2043.703 31
2043.805 31
2043.908 33
2044.010 30
2044.113 27
2044.216 26
2044.318 21
2044.421 20
2044.523 19
2044.626 18
2044.728 16
2044.831 16
2044.933 19
2045.036 20
2045.138 19
2045.241 19
2045.343 16
2045.446 13
2045.548 14
2045.651 15
2045.754 16
2045.856 19
2045.959 22
2046.061 22
2046.164 22
2046.266 25
2046.369 21
2046.472 19
2046.574 17
2046.677 14
2046.779 15
2046.882 15
2046.985 16
2047.087 14
2047.190 12
2047.292 14
2047.395 15
2047.498 14
2047.600 17
2047.703 19
2047.805 21
2047.908 19
2048.011 22
2048.113 19
2048.216 16
2048.318 14
2048.421 10
2048.524 10
2048.626 10
2048.729 10
2048.832 12
2048.934 13
2049.037 14
2049.140 15
2049.242 19
2049.345 18
2049.447 17
2049.550 16
2049.653 15
2049.755 14
2049.858 13
2049.961 12
2050.063 8
2050.166 7
2050.269 6
2050.371 5
2050.474 4
2050.577 6
2050.680 9
2050.782 12
2050.885 17
2050.988 20
2051.090 22
2051.193 25
2051.296 27
2051.398 25
2051.501 23
2051.604 21
2051.707 24
2051.809 24
2051.912 23
2052.015 21
2052.117 14
2052.220 15
2052.323 17
2052.426 16
2052.528 19
2052.631 19
2052.734 19
2052.837 23
2052.939 20
2053.042 18
2053.145 16
2053.247 11
2053.350 8
2053.453 8
2053.556 8
2053.659 7
2053.761 5
2053.864 5
2053.967 5
2054.070 7
2054.172 5
2054.275 5
2054.378 7
2054.481 10
2054.583 10
2054.686 10
2054.789 8
2054.892 4
2054.995 3
2055.097 4
2055.200 5
2055.303 4
2055.406 6
2055.509 6
2055.611 6
2055.714 6
2055.817 3
2055.920 3
2056.023 3
2056.126 4
2056.228 4
2056.331 6
2056.434 8
2056.537 10
2056.640 14
2056.743 14
2056.845 13
2056.948 12
2057.051 9
2057.154 10
2057.257 10
2057.360 10
2057.463 12
2057.565 10
2057.668 10
2057.771 11
2057.874 8
2057.977 10
2058.080 12
2058.183 16
2058.285 22
2058.388 24
2058.491 25
2058.594 20
2058.697 14
2058.800 12
2058.903 10
2059.006 11
2059.109 13
2059.212 13
2059.314 10
2059.417 10
2059.520 14
2059.623 13
2059.726 12
2059.829 12
2059.932 9
2060.035 10
2060.138 11
2060.241 13
2060.344 18
2060.447 18
2060.549 18
2060.652 19
2060.755 22
2060.858 22
2060.961 22
2061.064 19
2061.167 23
2061.270 24
2061.373 25
2061.476 27
2061.579 27
2061.682 26
2061.785 25
2061.888 26
2061.991 18
2062.094 14
2062.197 10
2062.300 7
2062.403 5
2062.506 5
2062.609 6
2062.712 3
2062.815 6
2062.918 7
2063.021 7
2063.124 8
2063.227 8
2063.330 8
2063.433 8
2063.536 8
2063.639 11
2063.742 11
2063.845 11
2063.948 10
2064.051 9
2064.154 12
2064.257 12
2064.360 12
2064.463 13
2064.566 10
2064.669 10
2064.772 12
2064.875 10
2064.978 13
2065.081 16
2065.184 21
2065.287 26
2065.390 26
2065.494 26
2065.597 26
2065.700 25
2065.803 27
2065.906 27
2066.009 32
2066.112 34
2066.215 29
2066.318 26
2066.421 18
2066.524 14
2066.627 12
2066.730 10
2066.834 8
2066.937 8
2067.040 11
2067.143 14
2067.246 20
2067.349 22
2067.452 27
2067.555 34
2067.658 37
2067.762 43
2067.865 38
2067.968 31
2068.071 24
2068.174 21
2068.277 25
2068.380 29
2068.483 33
2068.587 35
2068.690 36
2068.793 37
2068.896 42
2068.999 38
2069.102 36
2069.206 34
2069.309 30
2069.412 26
2069.515 27
2069.618 28
2069.721 24
2069.825 29
2069.928 26
2070.031 23
2070.134 20
2070.237 15
2070.340 16
2070.444 17
2070.547 14
2070.650 17
2070.753 17
2070.856 17
2070.960 21
2071.063 20
2071.166 21
2071.269 22
2071.372 21
2071.476 21
2071.579 23
2071.682 25
2071.785 26
2071.889 23
2071.992 22
2072.095 21
2072.198 14
2072.301 13
2072.405 16
2072.508 18
2072.611 19
2072.714 23
2072.818 23
2072.921 24
2073.024 24
2073.127 27
2073.231 25
2073.334 23
2073.437 22
2073.540 21
2073.644 23
2073.747 25
2073.850 29
2073.954 31
2074.057 32
2074.160 33
2074.263 34
2074.367 34
2074.470 33
2074.573 32
2074.677 27
2074.780 25
2074.883 23
2074.987 21
2075.090 16
2075.193 13
2075.296 14
2075.400 15
2075.503 16
2075.606 21
2075.710 24
2075.813 27
2075.916 29
2076.020 31
2076.123 28
2076.226 25
2076.330 26
2076.433 23
2076.536 26
2076.640 30
2076.743 30
2076.846 29
2076.950 26
2077.053 23
2077.156 21
2077.260 21
2077.363 20
2077.467 18
2077.570 20
2077.673 17
2077.777 19
2077.880 21
2077.983 23
2078.087 22
2078.190 21
2078.294 20
2078.397 18
2078.500 23
2078.604 24
2078.707 27
2078.811 24
2078.914 20
2079.017 17
2079.121 13
2079.224 12
2079.328 8
2079.431 8
2079.534 7
2079.638 6
2079.741 9
2079.845 10
2079.948 11
2080.052 11
2080.155 13
2080.258 13
2080.362 13
2080.465 16
2080.569 14
2080.672 14
2080.776 15
2080.879 15
2080.983 18
2081.086 19
2081.190 18
2081.293 14
2081.396 14
2081.500 15
2081.603 17
2081.707 20
2081.810 24
2081.914 27
2082.017 30
2082.121 34
2082.224 34
2082.328 32
2082.431 30
2082.535 24
2082.638 23
2082.742 20
2082.845 17
2082.949 18
2083.052 14
2083.156 13
2083.259 12
2083.363 7
2083.466 8
2083.570 10
2083.673 12
2083.777 17
2083.880 22
2083.984 20
2084.088 18
2084.191 14
2084.295 10
2084.398 10
2084.502 10
2084.605 9
2084.709 12
2084.812 11
2084.916 12
2085.019 11
2085.123 10
2085.227 13
2085.330 14
2085.434 20
2085.537 24
2085.641 23
2085.744 22
2085.848 18
2085.952 13
2086.055 13
2086.159 13
2086.262 11
2086.366 13
2086.470 16
2086.573 19
2086.677 21
2086.780 27
2086.884 25
2086.988 23
2087.091 19
2087.195 14
2087.298 14
2087.402 15
2087.506 17
2087.609 18
2087.713 19
2087.817 19
2087.920 19
2088.024 19
2088.127 17
2088.231 17
2088.335 16
2088.438 15
2088.542 11
2088.646 9
2088.749 7
2088.853 5
2088.957 6
2089.060 7
2089.164 11
2089.268 16
2089.371 16
2089.475 16
2089.579 17
2089.682 19
2089.786 21
2089.890 23
2089.993 23
2090.097 29
2090.201 29
2090.304 30
2090.408 29
2090.512 26
2090.616 27
2090.719 27
2090.823 26
2090.927 27
2091.030 28
2091.134 29
2091.238 31
2091.342 34
2091.445 32
2091.549 30
2091.653 27
2091.756 23
2091.860 23
2091.964 26
2092.068 24
2092.171 25
2092.275 25
2092.379 23
2092.483 24
2092.586 23
2092.690 26
2092.794 28
2092.898 34
2093.001 32
2093.105 31
2093.209 31
2093.313 30
2093.416 27
2093.520 23
2093.624 22
2093.728 20
2093.832 21
2093.935 20
2094.039 19
2094.143 15
2094.247 12
2094.351 14
2094.454 16
2094.558 15
2094.662 19
2094.766 20
2094.870 21
2094.973 22
2095.077 26
2095.181 25
2095.285 24
2095.389 25
2095.492 24
2095.596 23
2095.700 22
2095.804 21
2095.908 17
2096.012 17
2096.115 17
2096.219 21
2096.323 17
2096.427 17
2096.531 17
2096.635 12
2096.739 14
2096.842 13
2096.946 12
2097.050 9
2097.154 7
2097.258 8
2097.362 9
2097.466 10
2097.569 11
2097.673 11
2097.777 11
2097.881 11
2097.985 11
2098.089 12
2098.193 12
2098.297 13
2098.401 16
2098.504 15
2098.608 15
2098.712 15
2098.816 16
2098.920 17
2099.024 18
2099.128 20
2099.232 18
2099.336 18
2099.440 18
2099.544 16
2099.648 12
2099.751 11
2099.855 11
2099.959 10
2100.063 8
2100.167 9
2100.271 9
2100.375 11
2100.479 11
2100.583 12
2100.687 13
2100.791 12
2100.895 15
2100.999 16
2101.103 17
2101.207 15
2101.311 17
2101.415 18
2101.519 19
2101.623 20
2101.727 24
2101.831 22
2101.935 21
2102.039 22
2102.143 18
2102.247 18
2102.351 17
2102.455 18
2102.559 17
2102.663 15
2102.767 13
2102.871 8
2102.975 6
2103.079 6
2103.183 6
2103.287 5
2103.391 3
2103.495 3
2103.599 3
2103.703 3
2103.807 2
2103.911 3
2104.015 4
2104.119 8
2104.223 10
2104.327 10
2104.431 10
2104.535 13
2104.639 12
2104.743 13
2104.847 14
2104.951 15
2105.055 17
2105.160 19
2105.264 20
2105.368 18
2105.472 21
2105.576 19
2105.680 18
2105.784 14
2105.888 16
2105.992 16
2106.096 17
2106.200 20
2106.304 22
2106.409 25
2106.513 27
2106.617 29
2106.721 36
2106.825 36
2106.929 36
2107.033 34
2107.137 26
2107.241 23
2107.346 20
2107.450 16
2107.554 13
2107.658 13
2107.762 13
2107.866 16
2107.970 15
2108.075 15
2108.179 16
2108.283 14
2108.387 17
2108.491 18
2108.595 19
2108.699 19
2108.804 19
2108.908 18
2109.012 16
2109.116 16
2109.220 17
2109.324 22
2109.429 28
2109.533 34
2109.637 43
2109.741 42
2109.845 40
2109.949 36
2110.054 32
2110.158 28
2110.262 24
2110.366 23
2110.470 19
2110.575 19
2110.679 19
2110.783 18
2110.887 17
2110.992 16
2111.096 18
2111.200 15
2111.304 12
2111.408 12
2111.513 9
2111.617 8
2111.721 9
2111.825 9
2111.930 9
2112.034 9
2112.138 6
2112.242 6
2112.347 6
2112.451 9
2112.555 9
2112.659 13
2112.764 16
2112.868 19
2112.972 25
2113.076 21
2113.181 18
2113.285 18
2113.389 14
2113.493 14
2113.598 14
2113.702 19
2113.806 21
2113.911 20
2114.015 19
2114.119 17
2114.224 21
2114.328 24
2114.432 28
2114.536 35
2114.641 34
2114.745 34
2114.849 33
2114.954 32
2115.058 36
2115.162 38
2115.267 37
2115.371 35
2115.475 30
2115.580 28
2115.684 28
2115.788 28
2115.893 29
2115.997 31
2116.101 31
2116.206 30
2116.310 34
2116.414 29
2116.519 27
2116.623 24
2116.727 21
2116.832 23
2116.936 25
2117.041 24
2117.145 27
2117.249 27
2117.354 27
2117.458 28
2117.562 28
2117.667 27
2117.771 28
2117.876 25
2117.980 21
2118.084 21
2118.189 21
2118.293 25
2118.398 27
2118.502 28
2118.606 26
2118.711 28
2118.815 26
2118.920 27
2119.024 29
2119.128 35
2119.233 37
2119.337 35
2119.442 33
2119.546 28
2119.651 25
2119.755 24
2119.859 26
2119.964 27
2120.068 26
2120.173 25
2120.277 22
2120.382 18
2120.486 16
2120.591 18
2120.695 16
2120.799 14
2120.904 10
2121.008 9
2121.113 11
2121.217 15
2121.322 18
2121.426 18
2121.531 18
2121.635 19
2121.740 20
2121.844 18
2121.949 16
2122.053 11
2122.158 7
2122.262 7
2122.367 7
2122.471 7
2122.576 9
2122.680 9
2122.785 9
2122.889 9
2122.994 10
2123.098 12
2123.203 14
2123.307 18
2123.412 26
2123.516 27
2123.621 28
2123.725 30
2123.830 28
2123.935 25
2124.039 22
2124.144 19
2124.248 14
2124.353 14
2124.457 14
2124.562 12
2124.666 10
2124.771 10
2124.876 10
2124.980 9
2125.085 8
2125.189 7
2125.294 6
2125.398 5
2125.503 2
2125.608 5
2125.712 8
2125.817 11
2125.921 15
2126.026 18
2126.131 21
2126.235 24
2126.340 33
2126.444 29
2126.549 25
2126.654 21
2126.758 16
2126.863 15
2126.967 14
2127.072 15
2127.177 11
2127.281 11
2127.386 11
2127.491 9
2127.595 12
2127.700 11
2127.804 10
2127.909 11
2128.014 8
2128.118 9
2128.223 10
2128.328 12
2128.432 12
2128.537 12
2128.642 12
2128.746 10
2128.851 11
2128.956 11
2129.060 11
2129.165 14
2129.270 13
2129.374 14
2129.479 15
2129.584 15
2129.688 18
2129.793 17
2129.898 16
2130.002 12
2130.107 9
2130.212 9
2130.317 9
2130.421 9
2130.526 10
2130.631 10
2130.735 10
2130.840 10
2130.945 8
2131.049 8
2131.154 8
2131.259 11
2131.364 13
2131.468 16
2131.573 19
2131.678 24
2131.783 27
2131.887 23
2131.992 19
2132.097 14
2132.202 11
2132.306 11
2132.411 11
2132.516 11
2132.621 9
2132.725 9
2132.830 9
2132.935 9
2133.040 15
2133.144 15
2133.249 15
2133.354 15
2133.459 14
2133.564 14
2133.668 17
2133.773 17
2133.878 13
2133.983 13
2134.088 12
2134.192 14
2134.297 17
2134.402 19
2134.507 19
2134.612 23
2134.716 17
2134.821 14
2134.926 13
2135.031 9
2135.136 11
2135.240 11
2135.345 9
2135.450 8
2135.555 5
2135.660 6
2135.765 7
2135.869 6
2135.974 7
2136.079 7
2136.184 7
2136.289 7
2136.394 10
2136.499 10
2136.603 10
2136.708 12
2136.813 16
2136.918 20
2137.023 24
2137.128 28
2137.233 32
2137.337 29
2137.442 26
2137.547 25
2137.652 25
2137.757 25
2137.862 25
2137.967 30
2138.072 25
2138.177 25
2138.281 25
2138.386 22
2138.491 27
2138.596 28
2138.701 29
2138.806 26
2138.911 31
2139.016 31
2139.121 31
2139.226 33
2139.331 29
2139.436 29
2139.540 29
2139.645 26
2139.750 26
2139.855 26
2139.960 28
2140.065 31
2140.170 33
2140.275 32
2140.380 29
2140.485 27
2140.590 25
2140.695 26
2140.800 27
2140.905 28
2141.010 28
2141.115 30
2141.220 31
2141.325 30
2141.430 32
2141.535 31
2141.640 31
2141.745 26
2141.850 28
2141.955 26
2142.060 25
2142.165 20
2142.270 16
2142.375 17
2142.480 17
2142.585 20
2142.690 23
2142.795 22
2142.900 21
2143.005 19
2143.110 17
2143.215 18
2143.320 19
2143.425 23
2143.530 26
2143.635 26
2143.740 26
2143.845 23
2143.950 26
2144.055 32
2144.160 38
2144.265 43
2144.370 49
2144.475 43
2144.580 37
2144.685 35
2144.790 27
2144.896 25
2145.001 23
2145.106 20
2145.211 17
2145.316 16
2145.421 15
2145.526 17
2145.631 18
2145.736 18
2145.841 18
2145.946 16
2146.051 15
2146.157 17
2146.262 19
2146.367 18
2146.472 21
2146.577 21
2146.682 21
2146.787 23
2146.892 26
2146.997 22
2147.103 18
2147.208 13
2147.313 9
2147.418 9
2147.523 11
2147.628 11
2147.733 10
2147.838 11
2147.944 10
2148.049 8
2148.154 10
2148.259 12
2148.364 13
2148.469 17
2148.574 17
2148.680 15
2148.785 14
2148.890 16
2148.995 13
2149.100 14
2149.206 13
2149.311 10
2149.416 9
2149.521 7
2149.626 7
2149.731 7
2149.837 10
2149.942 9
2150.047 8
2150.152 7
2150.257 6
2150.363 8
2150.468 10
2150.573 14
2150.678 18
2150.783 23
2150.889 25
2150.994 30
2151.099 33
2151.204 30
2151.310 30
2151.415 27
2151.520 29
2151.625 31
2151.730 31
2151.836 30
2151.941 31
2152.046 26
2152.151 23
2152.257 20
2152.362 13
2152.467 16
2152.572 19
2152.678 22
2152.783 28
2152.888 29
2152.994 30
2153.099 31
2153.204 29
2153.309 27
2153.415 25
2153.520 23
2153.625 19
2153.730 19
2153.836 19
2153.941 16
2154.046 15
2154.152 15
2154.257 15
2154.362 13
2154.468 16
2154.573 16
2154.678 16
2154.783 16
2154.889 17
2154.994 15
2155.099 13
2155.205 12
2155.310 11
2155.415 11
2155.521 11
2155.626 16
2155.731 17
2155.837 16
2155.942 15
2156.047 11
2156.153 11
2156.258 11
2156.363 11
2156.469 8
2156.574 5
2156.680 6
2156.785 7
2156.890 10
2156.996 12
2157.101 14
2157.206 16
2157.312 18
2157.417 20
2157.523 18
2157.628 16
2157.733 14
2157.839 12
2157.944 12
2158.049 12
2158.155 13
2158.260 13
2158.366 14
2158.471 15
2158.577 19
2158.682 16
2158.787 15
2158.893 14
2158.998 12
2159.104 13
2159.209 15
2159.314 17
2159.420 14
2159.525 16
2159.631 20
2159.736 24
2159.842 28
2159.947 33
2160.052 32
2160.158 31
2160.263 30
2160.369 27
2160.474 28
2160.580 29
2160.685 35
2160.791 33
2160.896 32
2161.002 34
2161.107 29
2161.213 25
2161.318 27
2161.424 27
2161.529 29
2161.634 30
2161.740 29
2161.845 27
2161.951 25
2162.056 27
2162.162 28
2162.267 29
2162.373 28
2162.478 31
2162.584 32
2162.689 33
2162.795 33
2162.900 34
2163.006 33
2163.112 32
2163.217 32
2163.323 29
2163.428 29
2163.534 29
2163.639 32
2163.745 37
2163.850 37
2163.956 37
2164.061 39
2164.167 33
2164.272 30
2164.378 28
2164.484 21
2164.589 18
2164.695 21
2164.800 24
2164.906 24
2165.011 26
2165.117 26
2165.222 25
2165.328 25
2165.434 27
2165.539 26
2165.645 25
2165.750 24
2165.856 21
2165.962 20
2166.067 19
2166.173 19
2166.278 17
2166.384 15
2166.490 13
2166.595 12
2166.701 9
2166.806 12
2166.912 15
2167.018 16
2167.123 20
2167.229 23
2167.335 26
2167.440 29
2167.546 31
2167.651 31
2167.757 30
2167.863 31
2167.968 27
2168.074 24
2168.180 22
2168.285 19
2168.391 15
2168.497 15
2168.602 15
2168.708 15
2168.814 19
2168.919 17
2169.025 15
2169.131 13
2169.236 9
2169.342 9
2169.448 9
2169.553 9
2169.659 10
2169.765 12
2169.870 14
2169.976 19
2170.082 26
2170.187 26
2170.293 26
2170.399 28
2170.505 26
2170.610 23
2170.716 20
2170.822 16
2170.927 12
2171.033 16
2171.139 19
2171.245 21
2171.350 27
2171.456 26
2171.562 25
2171.667 27
2171.773 23
2171.879 21
2171.985 20
2172.090 23
2172.196 21
2172.302 24
2172.408 27
2172.513 31
2172.619 34
2172.725 30
2172.831 26
2172.936 21
2173.042 17
2173.148 18
2173.254 19
2173.360 20
2173.465 21
2173.571 20
2173.677 19
2173.783 17
2173.888 16
2173.994 17
2174.100 18
2174.206 20
2174.312 21
2174.417 21
2174.523 21
2174.629 19
2174.735 18
2174.841 16
2174.946 14
2175.052 12
2175.158 10
2175.264 12
2175.370 14
2175.476 19
2175.581 22
2175.687 22
2175.793 22
2175.899 19
2176.005 22
2176.111 21
2176.216 20
2176.322 23
2176.428 21
2176.534 21
2176.640 21
2176.746 19
2176.852 20
2176.957 21
2177.063 22
2177.169 21
2177.275 19
2177.381 18
2177.487 17
2177.593 15
2177.699 14
2177.804 14
2177.910 14
2178.016 16
2178.122 13
2178.228 12
2178.334 11
2178.440 9
2178.546 7
2178.652 7
2178.758 7
2178.864 6
2178.969 4
2179.075 4
2179.181 4
2179.287 4
2179.393 5
2179.499 6
2179.605 7
2179.711 9
2179.817 11
2179.923 15
2180.029 19
2180.135 25
2180.241 29
2180.347 29
2180.453 29
2180.558 26
2180.664 26
2180.770 24
2180.876 22
2180.982 21
2181.088 17
2181.194 16
2181.300 15
2181.406 14
2181.512 11
2181.618 15
2181.724 19
2181.830 25
2181.936 32
2182.042 30
2182.148 28
2182.254 27
2182.360 25
2182.466 25
2182.572 25
2182.678 25
2182.784 23
2182.890 23
2182.996 22
2183.102 18
2183.208 17
2183.314 15
2183.420 14
2183.526 13
2183.632 12
2183.738 14
2183.844 15
2183.950 17
2184.056 20
2184.162 16
2184.269 16
2184.375 11
2184.481 8
2184.587 10
2184.693 10
2184.799 17
2184.905 20
2185.011 20
2185.117 19
2185.223 17
2185.329 17
2185.435 17
2185.541 18
2185.647 17
2185.753 14
2185.860 15
2185.966 15
2186.072 19
2186.178 22
2186.284 19
2186.390 16
2186.496 12
2186.602 9
2186.708 11
2186.814 13
2186.921 15
2187.027 20
2187.133 20
2187.239 21
2187.345 23
2187.451 20
2187.557 19
2187.663 17
2187.770 16
2187.876 11
2187.982 11
2188.088 10
2188.194 9
2188.300 9
2188.406 9
2188.513 10
2188.619 11
2188.725 13
2188.831 14
2188.937 15
2189.043 19
2189.150 21
2189.256 19
2189.362 17
2189.468 16
2189.574 14
2189.680 13
2189.787 12
2189.893 10
2189.999 7
2190.105 7
2190.211 7
2190.318 6
2190.424 9
2190.530 12
2190.636 15
2190.742 19
2190.849 26
2190.955 27
2191.061 27
2191.167 32
2191.273 28
2191.380 25
2191.486 23
2191.592 16
2191.698 12
2191.805 11
2191.911 10
2192.017 12
2192.123 11
2192.230 15
2192.336 19
2192.442 22
2192.548 27
2192.655 26
2192.761 25
2192.867 24
2192.973 20
2193.080 19
2193.186 18
2193.292 15
2193.398 10
2193.505 9
2193.611 9
2193.717 7
2193.823 6
2193.930 6
2194.036 5
2194.142 6
2194.249 5
2194.355 6
2194.461 8
2194.568 8
2194.674 12
2194.780 13
2194.886 13
2194.993 16
2195.099 17
2195.205 17
2195.312 17
2195.418 18
2195.524 19
2195.631 18
2195.737 17
2195.843 14
2195.950 14
2196.056 15
2196.162 18
2196.269 18
2196.375 23
2196.481 25
2196.588 24
2196.694 27
2196.800 32
2196.907 31
2197.013 31
2197.120 30
2197.226 21
2197.332 22
2197.439 22
2197.545 23
2197.651 18
2197.758 15
2197.864 14
2197.971 16
2198.077 14
2198.183 13
2198.290 11
2198.396 11
2198.503 9
2198.609 13
2198.715 18
2198.822 23
2198.928 28
2199.035 28
2199.141 26
2199.247 25
2199.354 21
2199.460 19
2199.567 18
2199.673 14
2199.780 13
2199.886 12
2199.992 11
2200.099 9
2200.205 5
2200.312 6
2200.418 8
2200.525 13
2200.631 17
2200.738 19
2200.844 20
2200.950 20
2201.057 22
2201.163 20
2201.270 18
2201.376 14
2201.483 10
2201.589 10
2201.696 10
2201.802 13
2201.909 13
2202.015 15
2202.122 17
2202.228 19
2202.335 15
2202.441 14
2202.548 14
2202.654 9
2202.761 7
2202.867 8
2202.974 8
2203.080 10
2203.187 15
2203.293 16
2203.400 19
2203.506 17
2203.613 13
2203.719 11
2203.826 7
2203.932 5
2204.039 4
2204.145 5
2204.252 6
2204.359 7
2204.465 12
2204.572 14
2204.678 16
2204.785 17
2204.891 20
2204.998 22
2205.104 24
2205.211 23
2205.318 25
2205.424 25
2205.531 25
2205.637 24
2205.744 22
2205.850 21
2205.957 20
2206.064 19
2206.170 17
2206.277 16
2206.383 15
2206.490 17
2206.597 14
2206.703 16
2206.810 18
2206.916 17
2207.023 22
2207.130 22
2207.236 22
2207.343 23
2207.449 21
2207.556 18
2207.663 15
2207.769 12
2207.876 8
2207.983 9
2208.089 10
2208.196 13
2208.302 16
2208.409 18
2208.516 20
2208.622 22
2208.729 27
2208.836 25
2208.942 26
2209.049 24
2209.156 20
2209.262 20
2209.369 16
2209.476 16
2209.582 15
2209.689 13
2209.796 12
2209.902 7
2210.009 5
2210.116 7
2210.222 9
2210.329 13
2210.436 15
2210.543 16
2210.649 17
2210.756 21
2210.863 19
2210.969 20
2211.076 21
2211.183 19
2211.290 22
2211.396 28
2211.503 30
2211.610 31
2211.716 36
2211.823 34
2211.930 33
2212.037 35
2212.143 35
2212.250 36
2212.357 35
2212.464 34
2212.570 31
2212.677 26
2212.784 24
2212.891 21
2212.997 18
2213.104 20
2213.211 24
2213.318 28
2213.424 34
2213.531 35
2213.638 35
2213.745 38
2213.851 40
2213.958 34
2214.065 30
2214.172 26
2214.279 18
2214.385 17
2214.492 15
2214.599 13
2214.706 10
2214.813 12
2214.919 14
2215.026 18
2215.133 23
2215.240 23
2215.347 23
2215.453 22
2215.560 19
2215.667 20
2215.774 21
2215.881 21
2215.988 27
2216.094 27
2216.201 28
2216.308 27
2216.415 21
2216.522 20
2216.629 21
2216.735 22
2216.842 20
2216.949 19
2217.056 15
2217.163 13
2217.270 13
2217.377 13
2217.483 13
2217.590 11
2217.697 11
2217.804 11
2217.911 11
2218.018 12
2218.125 17
2218.232 19
2218.338 20
2218.445 21
2218.552 18
2218.659 17
2218.766 17
2218.873 17
2218.980 20
2219.087 19
2219.194 18
2219.301 14
2219.407 13
2219.514 13
2219.621 13
2219.728 11
2219.835 7
2219.942 8
2220.049 9
2220.156 10
2220.263 14
2220.370 14
2220.477 14
2220.584 17
2220.691 17
2220.798 18
2220.905 19
2221.012 22
2221.118 19
2221.225 17
2221.332 15
2221.439 9
2221.546 12
2221.653 11
2221.760 11
2221.867 11
2221.974 9
2222.081 10
2222.188 11
2222.295 11
2222.402 13
2222.509 14
2222.616 14
2222.723 20
2222.830 20
2222.937 22
2223.044 24
2223.151 30
2223.258 29
2223.365 29
2223.472 29
2223.579 26
2223.686 29
2223.793 30
2223.900 31
2224.007 28
2224.114 31
2224.221 26
2224.328 21
2224.435 13
2224.542 7
2224.650 7
2224.757 7
2224.864 8
2224.971 6
2225.078 7
2225.185 8
2225.292 8
2225.399 11
2225.506 10
2225.613 9
2225.720 8
2225.827 10
2225.934 12
2226.041 14
2226.148 16
2226.255 17
2226.363 19
2226.470 21
2226.577 23
2226.684 23
2226.791 22
2226.898 21
2227.005 18
2227.112 16
2227.219 16
2227.326 15
2227.434 13
2227.541 11
2227.648 11
2227.755 12
2227.862 14
2227.969 14
2228.076 14
2228.183 14
2228.291 12
2228.398 14
2228.505 15
2228.612 16
2228.719 18
2228.826 16
2228.933 15
2229.041 14
2229.148 13
2229.255 10
2229.362 11
2229.469 12
2229.576 15
2229.684 18
2229.791 19
2229.898 20
2230.005 25
2230.112 25
2230.219 26
2230.327 27
2230.434 29
2230.541 34
2230.648 34
2230.755 34
2230.863 29
2230.970 27
2231.077 25
2231.184 21
2231.291 16
2231.399 11
2231.506 11
2231.613 8
2231.720 7
2231.827 6
2231.935 5
2232.042 5
2232.149 5
2232.256 3
2232.364 6
2232.471 9
2232.578 15
2232.685 17
2232.793 18
2232.900 19
2233.007 22
2233.114 25
2233.222 23
2233.329 24
2233.436 21
2233.543 20
2233.651 22
2233.758 21
2233.865 23
2233.972 27
2234.080 25
2234.187 23
2234.294 20
2234.401 18
2234.509 21
2234.616 24
2234.723 26
2234.831 32
2234.938 31
2235.045 31
2235.153 31
2235.260 30
2235.367 30
2235.474 29
2235.582 29
2235.689 27
2235.796 27
2235.904 27
2236.011 27
2236.118 23
2236.226 20
2236.333 17
2236.440 13
2236.548 11
2236.655 11
2236.762 11
2236.870 10
2236.977 13
2237.084 14
2237.192 15
2237.299 19
2237.406 19
2237.514 19
2237.621 19
2237.729 18
2237.836 18
2237.943 19
2238.051 19
2238.158 22
2238.265 22
2238.373 21
2238.480 21
2238.588 18
2238.695 14
2238.802 13
2238.910 12
2239.017 10
2239.125 11
2239.232 10
2239.339 9
2239.447 9
2239.554 8
2239.662 8
2239.769 8
2239.876 5
2239.984 3
2240.091 5
2240.199 7
2240.306 11
2240.413 13
2240.521 14
2240.628 15
2240.736 17
2240.843 18
2240.951 16
2241.058 14
2241.166 14
2241.273 12
2241.380 12
2241.488 12
2241.595 14
2241.703 15
2241.810 13
2241.918 11
2242.025 7
2242.133 6
2242.240 6
2242.348 6
2242.455 5
2242.563 4
2242.670 4
2242.778 4
2242.885 4
2242.993 9
2243.100 9
2243.208 9
2243.315 9
2243.423 8
2243.530 8
2243.638 8
2243.745 10
2243.853 13
2243.960 13
2244.068 13
2244.175 15
2244.283 14
2244.390 13
2244.498 12
2244.605 12
2244.713 9
2244.820 8
2244.928 7
2245.035 7
2245.143 5
2245.251 4
2245.358 3
2245.466 2
2245.573 5
2245.681 8
2245.788 11
2245.896 15
2246.003 18
2246.111 17
2246.219 17
2246.326 17
2246.434 13
2246.541 13
2246.649 12
2246.757 8
2246.864 7
2246.972 8
2247.079 9
2247.187 10
2247.294 14
2247.402 15
2247.510 16
2247.617 18
2247.725 18
2247.833 19
2247.940 20
2248.048 22
2248.155 25
2248.263 22
2248.371 20
2248.478 17
2248.586 12
2248.694 13
2248.801 13
2248.909 11
2249.016 12
2249.124 12
2249.232 12
2249.339 9
2249.447 8
2249.555 9
2249.662 10
2249.770 12
2249.878 15
2249.985 16
2250.093 17
2250.201 22
2250.308 23
2250.416 22
2250.524 21
2250.631 15
2250.739 16
2250.847 16
2250.954 16
2251.062 18
2251.170 17
2251.277 17
2251.385 17
2251.493 14
2251.601 10
2251.708 11
2251.816 12
2251.924 10
2252.031 14
2252.139 14
2252.247 15
2252.355 15
2252.462 19
2252.570 20
2252.678 20
2252.785 17
2252.893 19
2253.001 20
2253.109 21
2253.216 23
2253.324 25
2253.432 24
2253.540 23
2253.647 24
2253.755 20
2253.863 22
2253.971 24
2254.078 25
2254.186 27
2254.294 27
2254.402 27
2254.510 29
2254.617 30
2254.725 28
2254.833 26
2254.941 23
2255.048 18
2255.156 17
2255.264 16
2255.372 15
2255.480 14
2255.587 14
2255.695 14
2255.803 17
2255.911 15
2256.019 14
2256.127 14
2256.234 10
2256.342 8
2256.450 8
2256.558 7
2256.666 9
2256.773 11
2256.881 13
2256.989 16
2257.097 19
2257.205 20
2257.313 21
2257.420 20
2257.528 19
2257.636 21
2257.744 20
2257.852 20
2257.960 20
2258.068 24
2258.175 22
2258.283 20
2258.391 18
2258.499 20
2258.607 22
2258.715 24
2258.823 23
2258.931 24
2259.038 23
2259.146 22
2259.254 20
2259.362 18
2259.470 20
2259.578 24
2259.686 23
2259.794 26
2259.902 26
2260.010 25
2260.117 27
2260.225 28
2260.333 25
2260.441 21
2260.549 20
2260.657 17
2260.765 17
2260.873 17
2260.981 19
2261.089 23
2261.197 24
2261.305 25
2261.413 29
2261.521 31
2261.629 28
2261.736 25
2261.844 22
2261.952 19
2262.060 18
2262.168 17
2262.276 15
2262.384 12
2262.492 12
2262.600 12
2262.708 10
2262.816 13
2262.924 16
2263.032 19
2263.140 23
2263.248 27
2263.356 26
2263.464 25
2263.572 24
2263.680 23
2263.788 21
2263.896 19
2264.004 19
2264.112 15
2264.220 14
2264.328 13
2264.436 12
2264.544 9
2264.652 10
2264.760 11
2264.868 9
2264.976 12
2265.084 14
2265.192 16
2265.300 20
2265.408 20
2265.516 20
2265.624 21
2265.733 21
2265.841 24
2265.949 22
2266.057 20
2266.165 19
2266.273 15
2266.381 15
2266.489 14
2266.597 12
2266.705 15
2266.813 16
2266.921 17
2267.029 15
2267.137 20
2267.245 20
2267.354 19
2267.462 19
2267.570 13
2267.678 13
2267.786 14
2267.894 13
2268.002 15
2268.110 15
2268.218 15
2268.326 15
2268.435 18
2268.543 18
2268.651 19
2268.759 21
2268.867 16
2268.975 14
2269.083 12
2269.191 8
2269.300 5
2269.408 10
2269.516 13
2269.624 17
2269.732 21
2269.840 20
2269.948 20
2270.057 21
2270.165 21
2270.273 21
2270.381 20
2270.489 17
2270.597 13
2270.706 13
2270.814 13
2270.922 15
2271.030 17
2271.138 16
2271.246 16
2271.355 14
2271.463 14
2271.571 17
2271.679 19
2271.787 22
2271.896 24
2272.004 21
2272.112 21
2272.220 18
2272.328 12
2272.437 12
2272.545 10
2272.653 14
2272.761 15
2272.870 16
2272.978 17
2273.086 20
2273.194 24
2273.302 26
2273.411 28
2273.519 33
2273.627 28
2273.735 25
2273.844 21
2273.952 16
2274.060 12
2274.168 10
2274.277 9
2274.385 8
2274.493 6
2274.601 6
2274.710 6
2274.818 6
2274.926 7
2275.035 8
2275.143 9
2275.251 9
2275.359 13
2275.468 13
2275.576 13
2275.684 13
2275.793 12
2275.901 12
2276.009 11
2276.117 7
2276.226 5
2276.334 5
2276.442 5
2276.551 5
2276.659 7
2276.767 8
2276.876 10
2276.984 14
2277.092 16
2277.201 17
2277.309 18
2277.417 18
2277.526 22
2277.634 22
2277.742 22
2277.851 22
2277.959 21
2278.067 22
2278.176 23
2278.284 26
2278.392 25
2278.501 22
2278.609 19
2278.717 18
2278.826 16
2278.934 16
2279.043 16
2279.151 19
2279.259 22
2279.368 22
2279.476 22
2279.584 19
2279.693 16
2279.801 13
2279.910 10
2280.018 7
2280.126 4
2280.235 5
2280.343 8
2280.452 12
2280.560 16
2280.668 19
2280.777 19
2280.885 18
2280.994 24
2281.102 20
2281.211 17
2281.319 15
2281.427 13
2281.536 13
2281.644 13
2281.753 12
2281.861 11
2281.970 14
2282.078 17
2282.186 19
2282.295 22
2282.403 21
2282.512 20
2282.620 19
2282.729 17
2282.837 17
2282.946 17
2283.054 18
2283.163 16
2283.271 17
2283.380 18
2283.488 19
2283.597 19
2283.705 19
2283.814 19
2283.922 17
2284.030 19
2284.139 19
2284.247 19
2284.356 21
2284.464 19
2284.573 20
2284.682 22
2284.790 27
2284.899 26
2285.007 25
2285.116 24
2285.224 21
2285.333 26
2285.441 28
2285.550 29
2285.658 33
2285.767 35
2285.875 31
2285.984 28
2286.092 24
2286.201 19
2286.309 17
2286.418 14
2286.527 11
2286.635 9
2286.744 9
2286.852 9
2286.961 10
2287.069 8
2287.178 7
2287.287 6
2287.395 6
2287.504 5
2287.612 5
2287.721 5
2287.829 4
2287.938 2
2288.047 2
2288.155 2
2288.264 1
2288.372 4
2288.481 7
2288.590 10
2288.698 14
2288.807 17
2288.915 16
2289.024 15
2289.133 17
2289.241 12
2289.350 11
2289.459 10
2289.567 9
2289.676 10
2289.784 12
2289.893 14
2290.002 17
2290.110 20
2290.219 19
2290.328 18
2290.436 14
2290.545 11
2290.654 12
2290.762 13
2290.871 15
2290.980 11
2291.088 12
2291.197 13
2291.306 12
2291.414 16
2291.523 17
2291.632 17
2291.740 17
2291.849 13
2291.958 12
2292.066 12
2292.175 10
2292.284 15
2292.392 15
2292.501 17
2292.610 14
2292.718 11
2292.827 11
2292.936 13
2293.045 13
2293.153 13
2293.262 12
2293.371 12
2293.479 11
2293.588 8
2293.697 8
2293.806 7
2293.914 7
2294.023 5
2294.132 5
2294.241 5
2294.349 8
2294.458 11
2294.567 11
2294.676 11
2294.784 8
2294.893 8
2295.002 8
2295.111 8
2295.219 8
2295.328 6
2295.437 8
2295.546 9
2295.654 11
2295.763 13
2295.872 14
2295.981 15
2296.090 17
2296.198 18
2296.307 17
2296.416 19
2296.525 16
2296.634 14
2296.742 14
2296.851 12
2296.960 9
2297.069 7
2297.178 7
2297.286 7
2297.395 7
2297.504 10
2297.613 10
2297.722 10
2297.831 13
2297.939 14
2298.048 14
2298.157 14
2298.266 15
2298.375 13
2298.484 12
2298.592 11
2298.701 10
2298.810 12
2298.919 14
2299.028 16
2299.137 20
2299.246 22
2299.354 24
2299.463 26
2299.572 29
2299.681 33
2299.790 33
2299.899 32
2300.008 29
2300.117 30
2300.225 25
2300.334 21
2300.443 20
2300.552 13
2300.661 13
2300.770 13
2300.879 13
2300.988 15
2301.097 15
2301.206 15
2301.314 16
2301.423 16
2301.532 24
2301.641 32
2301.750 34
2301.859 43
2301.968 39
2302.077 35
2302.186 36
2302.295 30
2302.404 27
2302.513 24
2302.622 26
2302.731 21
2302.839 18
2302.948 15
2303.057 12
2303.166 7
2303.275 6
2303.384 5
2303.493 4
2303.602 3
2303.711 4
2303.820 5
2303.929 8
2304.038 11
2304.147 12
2304.256 13
2304.365 15
2304.474 15
2304.583 15
2304.692 15
2304.801 11
2304.910 12
2305.019 11
2305.128 10
2305.237 9
2305.346 7
2305.455 13
2305.564 19
2305.673 25
2305.782 30
2305.891 32
2306.000 34
2306.109 33
2306.218 39
2306.327 36
2306.436 33
2306.545 30
2306.654 24
2306.763 24
2306.872 24
2306.981 23
2307.091 22
2307.200 21
2307.309 20
2307.418 17
2307.527 16
2307.636 16
2307.745 16
2307.854 16
2307.963 13
2308.072 13
2308.181 13
2308.290 11
2308.399 11
2308.508 14
2308.618 18
2308.727 21
2308.836 28
2308.945 28
2309.054 27
2309.163 27
2309.272 25
2309.381 24
2309.490 23
2309.599 21
2309.709 19
2309.818 20
2309.927 21
2310.036 24
2310.145 25
2310.254 25
2310.363 25
2310.472 26
2310.582 24
2310.691 22
2310.800 20
2310.909 17
2311.018 13
2311.127 12
2311.236 11
2311.346 9
2311.455 8
2311.564 9
2311.673 10
2311.782 11
2311.891 12
2312.001 12
2312.110 12
2312.219 12
2312.328 12
2312.437 12
2312.546 12
2312.656 15
2312.765 13
2312.874 14
2312.983 15
2313.092 18
2313.202 15
2313.311 17
2313.420 19
2313.529 15
2313.638 20
2313.748 19
2313.857 18
2313.966 15
2314.075 11
2314.185 12
2314.294 13
2314.403 16
2314.512 18
2314.621 19
2314.731 20
2314.840 18
2314.949 21
2315.058 21
2315.168 21
2315.277 21
2315.386 23
2315.495 23
2315.605 23
2315.714 23
2315.823 21
2315.932 20
2316.042 20
2316.151 20
2316.260 18
2316.370 19
2316.479 18
2316.588 17
2316.697 16
2316.807 16
2316.916 17
2317.025 19
2317.135 21
2317.244 19
2317.353 18
2317.462 18
2317.572 13
2317.681 14
2317.790 14
2317.900 17
2318.009 18
2318.118 16
2318.228 14
2318.337 12
2318.446 16
2318.556 16
2318.665 18
2318.774 23
2318.884 19
2318.993 19
2319.102 17
2319.212 12
2319.321 14
2319.430 14
2319.540 15
2319.649 14
2319.758 14
2319.868 14
2319.977 13
2320.086 13
2320.196 13
2320.305 13
2320.415 13
2320.524 13
2320.633 14
2320.743 14
2320.852 14
2320.961 14
2321.071 11
2321.180 10
2321.290 10
2321.399 9
2321.508 9
2321.618 11
2321.727 13
2321.837 17
2321.946 13
2322.055 13
2322.165 12
2322.274 9
2322.384 10
2322.493 10
2322.603 10
2322.712 7
2322.821 11
2322.931 12
2323.040 13
2323.150 14
2323.259 10
2323.369 10
2323.478 10
2323.588 10
2323.697 13
2323.806 12
2323.916 12
2324.025 13
2324.135 11
2324.244 13
2324.354 14
2324.463 16
2324.573 18
2324.682 19
2324.792 20
2324.901 21
2325.011 25
2325.120 22
2325.230 19
2325.339 16
2325.449 9
2325.558 9
2325.668 9
2325.777 9
2325.887 6
2325.996 6
2326.106 6
2326.215 4
2326.325 2
2326.434 2
2326.544 2
2326.653 2
2326.763 3
2326.872 6
2326.982 9
2327.091 15
2327.201 22
2327.310 22
2327.420 24
2327.529 29
2327.639 26
2327.749 24
2327.858 21
2327.968 14
2328.077 13
2328.187 14
2328.296 14
2328.406 12
2328.515 13
2328.625 13
2328.735 13
2328.844 14
2328.954 15
2329.063 13
2329.173 11
2329.283 10
2329.392 7
2329.502 7
2329.611 7
2329.721 9
2329.830 10
2329.940 11
2330.050 12
2330.159 9
2330.269 11
2330.379 11
2330.488 13
2330.598 14
2330.707 17
2330.817 18
2330.927 17
2331.036 17
2331.146 18
2331.256 20
2331.365 21
2331.475 22
2331.584 25
2331.694 23
2331.804 22
2331.913 22
2332.023 23
2332.133 25
2332.242 27
2332.352 30
2332.462 33
2332.571 31
2332.681 29
2332.791 27
2332.900 22
2333.010 22
2333.120 22
2333.229 22
2333.339 21
2333.449 20
2333.558 19
2333.668 19
2333.778 16
2333.888 17
2333.997 18
2334.107 20
2334.217 19
2334.326 23
2334.436 28
2334.546 27
2334.655 28
2334.765 25
2334.875 23
2334.985 22
2335.094 19
2335.204 20
2335.314 19
2335.424 25
2335.533 28
2335.643 28
2335.753 28
2335.863 24
2335.972 28
2336.082 28
2336.192 28
2336.302 28
2336.411 28
2336.521 29
2336.631 30
2336.741 28
2336.850 26
2336.960 25
2337.070 24
2337.180 21
2337.289 17
2337.399 18
2337.509 19
2337.619 23
2337.729 25
2337.838 25
2337.948 25
2338.058 23
2338.168 21
2338.278 19
2338.387 17
2338.497 15
2338.607 10
2338.717 12
2338.827 14
2338.936 14
2339.046 19
2339.156 24
2339.266 29
2339.376 37
2339.486 43
2339.595 43
2339.705 43
2339.815 46
2339.925 45
2340.035 41
2340.145 37
2340.254 30
2340.364 21
2340.474 20
2340.584 19
2340.694 16
2340.804 13
2340.914 14
2341.023 15
2341.133 17
2341.243 20
2341.353 18
2341.463 17
2341.573 16
2341.683 13
2341.793 12
2341.903 10
2342.012 8
2342.122 5
2342.232 5
2342.342 7
2342.452 9
2342.562 8
2342.672 9
2342.782 11
2342.892 11
2343.002 15
2343.111 15
2343.221 12
2343.331 10
2343.441 8
2343.551 9
2343.661 13
2343.771 15
2343.881 17
2343.991 16
2344.101 13
2344.211 15
2344.321 15
2344.431 16
2344.541 16
2344.651 19
2344.761 18
2344.871 16
2344.980 14
2345.090 9
2345.200 7
2345.310 7
2345.420 7
2345.530 7
2345.640 9
2345.750 8
2345.860 7
2345.970 6
2346.080 4
2346.190 4
2346.300 4
2346.410 5
2346.520 9
2346.630 11
2346.740 13
2346.850 18
2346.960 17
2347.070 19
2347.180 20
2347.290 17
2347.400 19
2347.510 18
2347.620 18
2347.730 16
2347.840 15
2347.950 15
2348.061 15
2348.171 13
2348.281 14
2348.391 15
2348.501 17
2348.611 17
2348.721 20
2348.831 20
2348.941 18
2349.051 21
2349.161 21
2349.271 18
2349.381 16
2349.491 12
2349.601 9
2349.711 11
2349.821 13
2349.932 19
2350.042 19
2350.152 19
2350.262 19
2350.372 17
2350.482 20
2350.592 19
2350.702 18
2350.812 14
2350.922 13
2351.032 15
2351.143 15
2351.253 17
2351.363 18
2351.473 16
2351.583 16
2351.693 14
2351.803 15
2351.913 13
2352.024 11
2352.134 9
2352.244 5
2352.354 5
2352.464 5
2352.574 5
2352.684 9
2352.795 12
2352.905 14
2353.015 16
2353.125 19
2353.235 19
2353.345 19
2353.456 19
2353.566 15
2353.676 14
2353.786 14
2353.896 14
2354.006 12
2354.117 12
2354.227 12
2354.337 13
2354.447 15
2354.557 14
2354.668 13
2354.778 15
2354.888 14
2354.998 15
2355.108 17
2355.219 17
2355.329 13
2355.439 11
2355.549 7
2355.659 5
2355.770 2
2355.880 2
2355.990 3
2356.100 4
2356.211 6
2356.321 6
2356.431 6
2356.541 6
2356.651 6
2356.762 7
2356.872 8
2356.982 9
2357.092 11
2357.203 13
2357.313 15
2357.423 17
2357.534 23
2357.644 23
2357.754 22
2357.864 23
2357.975 20
2358.085 19
2358.195 19
2358.305 17
2358.416 15
2358.526 13
2358.636 11
2358.747 9
2358.857 8
2358.967 8
2359.077 8
2359.188 9
2359.298 9
2359.408 11
2359.519 13
2359.629 15
2359.739 15
2359.850 17
2359.960 18
2360.070 20
2360.181 22
2360.291 19
2360.401 17
2360.512 14
2360.622 10
2360.732 9
2360.843 8
2360.953 8
2361.063 7
2361.174 10
2361.284 10
2361.394 8
2361.505 8
2361.615 14
2361.725 16
2361.836 18
2361.946 21
2362.057 18
2362.167 18
2362.277 18
2362.388 22
2362.498 19
2362.608 16
2362.719 13
2362.829 7
2362.940 6
2363.050 5
2363.160 6
2363.271 4
2363.381 6
2363.492 8
2363.602 10
2363.712 13
2363.823 13
2363.933 15
2364.044 13
2364.154 15
2364.265 15
2364.375 13
2364.485 14
2364.596 13
2364.706 15
2364.817 17
2364.927 22
2365.038 22
2365.148 22
2365.259 22
2365.369 17
2365.479 17
2365.590 14
2365.700 11
2365.811 7
2365.921 3
2366.032 3
2366.142 3
2366.253 1
2366.363 2
2366.474 3
2366.584 4
2366.695 6
2366.805 8
2366.916 11
2367.026 14
2367.137 16
2367.247 19
2367.358 19
2367.468 19
2367.579 19
2367.689 21
2367.800 20
2367.910 19
2368.021 21
2368.131 19
2368.242 20
2368.352 21
2368.463 22
2368.573 25
2368.684 26
2368.794 26
2368.905 23
2369.015 20
2369.126 18
2369.236 17
2369.347 12
2369.457 10
2369.568 10
2369.679 10
2369.789 11
2369.900 11
2370.010 13
2370.121 14
2370.231 16
2370.342 19
2370.453 23
2370.563 28
2370.674 32
2370.784 33
2370.895 32
2371.005 31
2371.116 30
2371.227 23
2371.337 19
2371.448 15
2371.558 15
2371.669 18
2371.780 18
2371.890 18
2372.001 11
2372.111 8
2372.222 7
2372.333 6
2372.443 5
2372.554 3
2372.665 4
2372.775 5
2372.886 5
2372.996 8
2373.107 8
2373.218 9
2373.328 8
2373.439 8
2373.550 7
2373.660 5
2373.771 4
2373.882 4
2373.992 5
2374.103 6
2374.214 7
2374.324 9
2374.435 9
2374.546 9
2374.656 8
2374.767 6
2374.878 7
2374.988 8
2375.099 6
2375.210 11
2375.320 15
2375.431 19
2375.542 25
2375.652 22
2375.763 23
2375.874 24
2375.984 24
2376.095 27
2376.206 25
2376.317 23
2376.427 19
2376.538 16
2376.649 16
2376.759 16
2376.870 13
2376.981 11
2377.092 10
2377.202 9
2377.313 8
2377.424 6
2377.535 6
2377.645 6
2377.756 8
2377.867 6
2377.978 7
2378.088 8
2378.199 7
2378.310 8
2378.421 7
2378.531 6
2378.642 5
2378.753 4
2378.864 4
2378.974 4
2379.085 5
2379.196 6
2379.307 6
2379.418 6
2379.528 6
2379.639 4
2379.750 5
2379.861 6
2379.972 11
2380.082 11
2380.193 11
2380.304 11
2380.415 6
2380.526 13
2380.636 13
2380.747 13
2380.858 13
2380.969 14
2381.080 14
2381.191 16
2381.301 18
2381.412 18
2381.523 23
2381.634 21
2381.745 19
2381.856 18
2381.966 15
2382.077 15
2382.188 15
2382.299 16
2382.410 14
2382.521 13
2382.632 12
2382.742 10
2382.853 8
2382.964 7
2383.075 8
2383.186 6
2383.297 6
2383.408 6
2383.519 7
2383.629 5
2383.740 5
2383.851 5
2383.962 6
2384.073 8
2384.184 9
2384.295 10
2384.406 12
2384.517 12
2384.628 11
2384.738 11
2384.849 10
2384.960 9
2385.071 10
2385.182 10
2385.293 12
2385.404 15
2385.515 16
2385.626 19
2385.737 20
2385.848 23
2385.959 22
2386.070 19
2386.181 20
2386.291 17
2386.402 16
2386.513 15
2386.624 11
2386.735 7
2386.846 7
2386.957 8
2387.068 3
2387.179 5
2387.290 8
2387.401 10
2387.512 14
2387.623 18
2387.734 18
2387.845 18
2387.956 17
2388.067 21
2388.178 17
2388.289 13
2388.400 9
2388.511 4
2388.622 5
2388.733 6
2388.844 6
2388.955 9
2389.066 9
2389.177 9
2389.288 11
2389.399 13
2389.510 13
2389.621 13
2389.732 12
2389.843 10
2389.954 8
2390.065 6
2390.176 9
2390.287 9
2390.398 10
2390.509 11
2390.621 16
2390.732 10
2390.843 7
2390.954 4
2391.065 1
2391.176 4
2391.287 6
2391.398 8
2391.509 9
2391.620 13
2391.731 13
2391.842 13
2391.953 12
2392.064 14
2392.176 14
2392.287 14
2392.398 15
2392.509 11
2392.620 10
2392.731 10
2392.842 9
2392.953 10
2393.064 11
2393.175 10
2393.287 10
2393.398 10
2393.509 12
2393.620 15
2393.731 18
2393.842 22
2393.953 20
2394.064 18
2394.176 18
2394.287 15
2394.398 18
2394.509 22
2394.620 22
2394.731 25
2394.842 22
2394.954 19
2395.065 15
2395.176 12
2395.287 13
2395.398 13
2395.509 13
2395.621 14
2395.732 13
2395.843 12
2395.954 11
2396.065 10
2396.176 9
2396.288 8
2396.399 9
2396.510 6
2396.621 7
2396.732 8
2396.844 9
2396.955 10
2397.066 11
2397.177 12
2397.288 14
2397.400 16
2397.511 18
2397.622 20
2397.733 23
2397.845 28
2397.956 28
2398.067 28
2398.178 27
2398.289 27
2398.401 25
2398.512 23
2398.623 21
2398.734 16
2398.846 16
2398.957 16
2399.068 16
2399.179 13
2399.291 15
2399.402 17
2399.513 23
2399.624 28
2399.736 26
2399.847 24
2399.958 24
2400.070 18
2400.181 16
2400.292 15
2400.403 11
2400.515 12
2400.626 11
2400.737 9
2400.849 8
2400.960 8
2401.071 9
2401.182 10
2401.294 11
2401.405 13
2401.516 20
2401.628 27
2401.739 35
2401.850 46
2401.962 41
2402.073 36
2402.184 31
2402.296 22
2402.407 19
2402.518 16
2402.630 13
2402.741 7
2402.852 6
2402.964 5
2403.075 3
2403.186 2
2403.298 3
2403.409 4
2403.520 6
2403.632 9
2403.743 12
2403.854 15
2403.966 20
2404.077 26
2404.189 26
2404.300 26
2404.411 25
2404.523 21
2404.634 20
2404.746 19
2404.857 19
2404.968 19
2405.080 17
2405.191 15
2405.302 10
2405.414 8
2405.525 8
2405.637 8
2405.748 14
2405.860 13
2405.971 13
2406.082 13
2406.194 13
2406.305 12
2406.417 11
2406.528 10
2406.639 7
2406.751 6
2406.862 6
2406.974 6
2407.085 4
2407.197 3
2407.308 4
2407.420 4
2407.531 2
2407.642 1
2407.754 0
2407.865 0
2407.977 0
2408.088 3
2408.200 3
2408.311 3
2408.423 3
2408.534 5
2408.646 9
2408.757 11
2408.869 11
2408.980 12
2409.092 10
2409.203 9
2409.315 11
2409.426 14
2409.538 12
2409.649 11
2409.761 9
2409.872 7
2409.984 7
2410.095 7
2410.207 7
2410.318 6
2410.430 7
2410.541 8
2410.653 10
2410.764 11
2410.876 11
2410.987 11
2411.099 16
2411.210 18
2411.322 18
2411.434 18
2411.545 12
2411.657 15
2411.768 13
2411.880 11
2411.991 10
2412.103 7
2412.214 8
2412.326 10
2412.438 11
2412.549 12
2412.661 15
2412.772 17
2412.884 19
2412.995 22
2413.107 19
2413.219 16
2413.330 13
2413.442 9
2413.553 9
2413.665 9
2413.777 9
2413.888 9
2414.000 9
2414.111 9
2414.223 9
2414.335 11
2414.446 11
2414.558 11
2414.669 11
2414.781 8
2414.893 7
2415.004 6
2415.116 5
2415.228 3
2415.339 4
2415.451 5
2415.563 8
2415.674 11
2415.786 12
2415.897 13
2416.009 13
2416.121 14
2416.232 14
2416.344 13
2416.456 11
2416.567 9
2416.679 10
2416.791 12
2416.902 16
2417.014 17
2417.126 17
2417.237 18
2417.349 17
2417.461 18
2417.573 17
2417.684 14
2417.796 8
2417.908 5
2418.019 5
2418.131 2
2418.243 2
2418.354 1
2418.466 3
2418.578 3
2418.690 3
2418.801 4
2418.913 2
2419.025 2
2419.136 4
2419.248 5
2419.360 7
2419.472 9
2419.583 10
2419.695 11
2419.807 14
2419.919 16
2420.030 18
2420.142 22
2420.254 18
2420.366 15
2420.477 11
2420.589 7
2420.701 7
2420.813 7
2420.924 7
2421.036 8
2421.148 7
2421.260 9
2421.372 8
2421.483 5
2421.595 6
2421.707 10
2421.819 13
2421.931 14
2422.042 15
2422.154 15
2422.266 15
2422.378 19
2422.490 19
2422.601 17
2422.713 15
2422.825 11
2422.937 11
2423.049 11
2423.160 11
2423.272 11
2423.384 11
2423.496 12
2423.608 13
2423.720 17
2423.831 21
2423.943 25
2424.055 26
2424.167 29
2424.279 28
2424.391 26
2424.502 23
2424.614 21
2424.726 17
2424.838 14
2424.950 11
2425.062 7
2425.174 8
2425.286 8
2425.397 8
2425.509 12
2425.621 12
2425.733 13
2425.845 14
2425.957 22
2426.069 21
2426.181 20
2426.292 21
2426.404 15
2426.516 14
2426.628 15
2426.740 14
2426.852 11
2426.964 13
2427.076 14
2427.188 19
2427.300 19
2427.412 15
2427.524 13
2427.635 9
2427.747 7
2427.859 8
2427.971 6
2428.083 6
2428.195 11
2428.307 10
2428.419 12
2428.531 15
2428.643 14
2428.755 17
2428.867 22
2428.979 20
2429.091 20
2429.203 17
2429.315 14
2429.427 12
2429.539 13
2429.651 15
2429.763 16
2429.875 18
2429.987 23
2430.099 25
2430.210 27
2430.322 28
2430.434 33
2430.546 28
2430.658 25
2430.770 23
2430.882 14
2430.994 14
2431.106 15
2431.219 13
2431.331 14
2431.443 14
2431.555 11
2431.667 11
2431.779 15
2431.891 14
2432.003 14
2432.115 13
2432.227 13
2432.339 12
2432.451 10
2432.563 9
2432.675 5
2432.787 6
2432.899 7
2433.011 8
2433.123 10
2433.235 10
2433.347 10
2433.459 10
2433.571 9
2433.683 8
2433.796 7
2433.908 6
2434.020 2
2434.132 4
2434.244 6
2434.356 8
2434.468 10
2434.580 10
2434.692 10
2434.804 10
2434.916 12
2435.028 13
2435.141 14
2435.253 16
2435.365 14
2435.477 14
2435.589 15
2435.701 12
2435.813 13
2435.925 16
2436.038 17
2436.150 17
2436.262 25
2436.374 23
2436.486 23
2436.598 26
2436.710 26
2436.822 30
2436.935 35
2437.047 36
2437.159 27
2437.271 23
2437.383 17
2437.495 15
2437.608 12
2437.720 10
2437.832 9
2437.944 5
2438.056 3
2438.168 3
2438.281 2
2438.393 3
2438.505 5
2438.617 6
2438.729 7
2438.841 7
2438.954 9
2439.066 8
2439.178 8
2439.290 7
2439.402 6
2439.515 6
2439.627 5
2439.739 5
2439.851 7
2439.964 7
2440.076 7
2440.188 6
2440.300 7
2440.412 7
2440.525 7
2440.637 7
2440.749 8
2440.861 9
2440.974 10
2441.086 11
2441.198 15
2441.310 15
2441.423 16
2441.535 19
2441.647 18
2441.759 18
2441.872 17
2441.984 15
2442.096 13
2442.208 13
2442.321 13
2442.433 12
2442.545 11
2442.658 10
2442.770 9
2442.882 10
2442.994 6
2443.107 7
2443.219 8
2443.331 7
2443.444 9
2443.556 9
2443.668 9
2443.781 9
2443.893 11
2444.005 11
2444.117 11
2444.230 15
2444.342 13
2444.454 13
2444.567 13
2444.679 14
2444.791 16
2444.904 17
2445.016 18
2445.128 18
2445.241 22
2445.353 18
2445.465 14
2445.578 11
2445.690 7
2445.802 9
2445.915 10
2446.027 12
2446.140 14
2446.252 13
2446.364 13
2446.477 11
2446.589 11
2446.701 10
2446.814 9
2446.926 11
2447.039 10
2447.151 12
2447.263 14
2447.376 13
2447.488 16
2447.601 16
2447.713 15
2447.825 14
2447.938 14
2448.050 13
2448.163 13
2448.275 13
2448.387 6
2448.500 6
2448.612 7
2448.725 7
2448.837 5
2448.949 5
2449.062 4
2449.174 4
2449.287 6
2449.399 6
2449.512 6
2449.624 6
2449.737 6
2449.849 7
2449.961 7
2450.074 7
2450.186 6
2450.299 9
2450.411 12
2450.524 15
2450.636 18
2450.749 19
2450.861 21
2450.974 23
2451.086 26
2451.199 23
2451.311 20
2451.424 19
2451.536 18
2451.649 22
2451.761 25
2451.874 28
2451.986 31
2452.099 29
2452.211 27
2452.324 23
2452.436 21
2452.549 21
2452.661 17
2452.774 13
2452.886 9
2452.999 8
2453.111 8
2453.224 9
2453.336 12
2453.449 12
2453.561 12
2453.674 15
2453.786 18
2453.899 18
2454.012 18
2454.124 16
2454.237 12
2454.349 11
2454.462 10
2454.574 7
2454.687 8
2454.799 8
2454.912 8
2455.025 8
2455.137 6
2455.250 6
2455.362 6
2455.475 6
2455.587 6
2455.700 7
2455.813 7
2455.925 7
2456.038 10
2456.150 8
2456.263 7
2456.376 9
2456.488 8
2456.601 10
2456.713 12
2456.826 15
2456.939 16
2457.051 15
2457.164 13
2457.277 9
2457.389 11
2457.502 9
2457.614 8
2457.727 5
2457.840 2
2457.952 2
2458.065 2
2458.178 2
2458.290 2
2458.403 2
2458.516 2
2458.628 2
2458.741 4
2458.854 4
2458.966 5
2459.079 5
2459.192 3
2459.304 3
2459.417 2
2459.530 2
2459.642 4
2459.755 5
2459.868 6
2459.980 7
2460.093 9
2460.206 9
2460.318 9
2460.431 11
2460.544 9
2460.656 10
2460.769 11
2460.882 12
2460.995 15
2461.107 15
2461.220 16
2461.333 14
2461.445 16
2461.558 14
2461.671 11
2461.784 9
2461.896 7
2462.009 7
2462.122 7
2462.235 7
2462.347 6
2462.460 7
2462.573 8
2462.686 9
2462.798 11
2462.911 10
2463.024 9
2463.137 8
2463.249 5
2463.362 4
2463.475 4
2463.588 3
2463.700 3
2463.813 3
2463.926 2
2464.039 2
2464.152 3
2464.264 5
2464.377 7
2464.490 9
2464.603 15
2464.716 17
2464.828 19
2464.941 22
2465.054 18
2465.167 17
2465.280 16
2465.392 13
2465.505 15
2465.618 15
2465.731 15
2465.844 13
2465.956 11
2466.069 12
2466.182 14
2466.295 17
2466.408 24
2466.521 22
2466.634 22
2466.746 19
2466.859 13
2466.972 12
2467.085 8
2467.198 8
2467.311 6
2467.423 6
2467.536 6
2467.649 4
2467.762 2
2467.875 2
2467.988 3
2468.101 2
2468.214 1
2468.326 1
2468.439 0
2468.552 1
2468.665 3
2468.778 6
2468.891 9
2469.004 14
2469.117 19
2469.230 21
2469.343 23
2469.455 26
2469.568 21
2469.681 18
2469.794 15
2469.907 12
2470.020 9
2470.133 9
2470.246 9
2470.359 10
2470.472 10
2470.585 8
2470.698 6
2470.811 4
2470.923 1
2471.036 2
2471.149 3
2471.262 4
2471.375 6
2471.488 8
2471.601 10
2471.714 11
2471.827 16
2471.940 17
2472.053 18
2472.166 19
2472.279 20
2472.392 18
2472.505 16
2472.618 14
2472.731 9
2472.844 10
2472.957 10
2473.070 10
2473.183 11
2473.296 10
2473.409 10
2473.522 10
2473.635 8
2473.748 8
2473.861 8
2473.974 8
2474.087 6
2474.200 7
2474.313 7
2474.426 8
2474.539 8
2474.652 8
2474.765 9
2474.878 11
2474.991 13
2475.104 14
2475.217 15
2475.330 14
2475.443 17
2475.556 15
2475.669 13
2475.783 11
2475.896 6
2476.009 6
2476.122 6
2476.235 6
2476.348 3
2476.461 3
2476.574 3
2476.687 4
2476.800 4
2476.913 4
2477.026 4
2477.139 4
2477.253 6
2477.366 6
2477.479 6
2477.592 5
2477.705 8
2477.818 8
2477.931 8
2478.044 9
2478.157 11
2478.270 11
2478.384 11
2478.497 11
2478.610 12
2478.723 13
2478.836 14
2478.949 15
2479.062 16
2479.175 18
2479.289 20
2479.402 24
2479.515 32
2479.628 33
2479.741 34
2479.854 33
2479.968 30
2480.081 27
2480.194 24
2480.307 19
2480.420 13
2480.533 10
2480.646 7
2480.760 6
2480.873 3
2480.986 5
2481.099 7
2481.212 8
2481.326 11
2481.439 12
2481.552 13
2481.665 14
2481.778 16
2481.892 19
2482.005 22
2482.118 27
2482.231 31
2482.344 27
2482.458 23
2482.571 21
2482.684 15
2482.797 12
2482.910 9
2483.024 6
2483.137 2
2483.250 3
2483.363 5
2483.477 6
2483.590 7
2483.703 7
2483.816 6
2483.930 6
2484.043 7
2484.156 7
2484.269 7
2484.383 7
2484.496 5
2484.609 5
2484.722 5
2484.836 6
2484.949 9
2485.062 9
2485.175 9
2485.289 11
2485.402 12
2485.515 13
2485.629 16
2485.742 15
2485.855 16
2485.968 16
2486.082 14
2486.195 15
2486.308 16
2486.422 16
2486.535 17
2486.648 17
2486.762 15
2486.875 17
2486.988 18
2487.102 18
2487.215 22
2487.328 20
2487.442 18
2487.555 19
2487.668 15
2487.782 14
2487.895 12
2488.008 8
2488.122 6
2488.235 5
2488.348 5
2488.462 4
2488.575 3
2488.688 5
2488.802 7
2488.915 9
2489.028 12
2489.142 12
2489.255 12
2489.369 9
2489.482 8
2489.595 7
2489.709 6
2489.822 5
2489.935 3
2490.049 4
2490.162 4
2490.276 3
2490.389 4
2490.502 3
2490.616 3
2490.729 4
2490.843 6
2490.956 6
2491.069 6
2491.183 5
2491.296 3
2491.410 6
2491.523 9
2491.637 13
2491.750 19
2491.863 22
2491.977 27
2492.090 30
2492.204 31
2492.317 27
2492.431 23
2492.544 18
2492.658 16
2492.771 15
2492.884 12
2492.998 13
2493.111 11
2493.225 11
2493.338 11
2493.452 9
2493.565 8
2493.679 8
2493.792 8
2493.906 8
2494.019 8
2494.133 8
2494.246 8
2494.360 10
2494.473 13
2494.587 15
2494.700 17
2494.814 17
2494.927 19
2495.041 18
2495.154 17
2495.268 18
2495.381 14
2495.495 14
2495.608 14
2495.722 12
2495.835 13
2495.949 13
2496.062 13
2496.176 14
2496.289 12
2496.403 11
2496.516 10
2496.630 8
2496.743 5
2496.857 6
2496.971 7
2497.084 8
2497.198 9
2497.311 14
2497.425 18
2497.538 22
2497.652 28
2497.765 24
2497.879 21
2497.993 20
2498.106 17
2498.220 17
2498.333 16
2498.447 14
2498.561 11
2498.674 10
2498.788 10
2498.901 9
2499.015 10
2499.129 9
2499.242 8
2499.356 7
2499.469 6
2499.583 6
2499.697 6
2499.810 6
2499.924 3
2500.037 4
2500.151 5
2500.265 7
2500.378 9
2500.492 13
2500.606 17
2500.719 22
2500.833 28
2500.946 28
2501.060 28
2501.174 31
2501.287 29
2501.401 27
2501.515 25
2501.628 22
2501.742 17
2501.856 18
2501.969 18
2502.083 18
2502.197 16
2502.310 15
2502.424 15
2502.538 15
2502.651 14
2502.765 13
2502.879 12
2502.993 13
2503.106 10
2503.220 9
2503.334 8
2503.447 6
2503.561 3
2503.675 3
2503.788 3
2503.902 5
2504.016 6
2504.130 6
2504.243 6
2504.357 3
2504.471 4
2504.584 4
2504.698 4
2504.812 4
2504.926 4
2505.039 4
2505.153 4
2505.267 4
2505.381 1
2505.494 1
2505.608 2
2505.722 2
2505.836 2
2505.949 3
2506.063 3
2506.177 6
2506.291 10
2506.404 10
2506.518 10
2506.632 8
2506.746 9
2506.860 11
2506.973 13
2507.087 21
2507.201 24
2507.315 23
2507.429 23
2507.542 27
2507.656 23
2507.770 21
2507.884 18
2507.998 15
2508.111 13
2508.225 14
2508.339 15
2508.453 13
2508.567 16
2508.680 14
2508.794 12
2508.908 7
2509.022 6
2509.136 8
2509.250 10
2509.363 15
2509.477 17
2509.591 19
2509.705 21
2509.819 19
2509.933 21
2510.046 18
2510.160 16
2510.274 11
2510.388 8
2510.502 7
2510.616 5
2510.730 3
2510.844 2
2510.957 2
2511.071 2
2511.185 2
2511.299 5
2511.413 5
2511.527 5
2511.641 5
2511.755 3
2511.869 3
2511.982 3
2512.096 6
2512.210 4
2512.324 4
2512.438 5
2512.552 2
2512.666 4
2512.780 5
2512.894 5
2513.008 6
2513.122 10
2513.235 11
2513.349 14
2513.463 15
2513.577 19
2513.691 18
2513.805 15
2513.919 18
2514.033 17
2514.147 18
2514.261 19
2514.375 20
2514.489 23
2514.603 20
2514.717 17
2514.831 16
2514.945 11
2515.059 10
2515.173 9
2515.287 8
2515.401 5
2515.515 5
2515.629 5
2515.743 3
2515.857 4
2515.971 4
2516.085 4
2516.199 4
2516.313 2
2516.427 3
2516.541 4
2516.655 5
2516.769 9
2516.883 10
2516.997 11
2517.111 12
2517.225 14
2517.339 14
2517.453 14
2517.567 15
2517.681 18
2517.795 15
2517.909 12
2518.023 9
2518.137 5
2518.251 6
2518.365 7
2518.479 10
2518.593 11
2518.707 11
2518.821 11
2518.935 11
2519.049 13
2519.163 13
2519.277 13
2519.392 14
2519.506 16
2519.620 18
2519.734 20
2519.848 19
2519.962 21
2520.076 18
2520.190 15
2520.304 14
2520.418 8
2520.532 7
2520.646 6
2520.761 2
2520.875 2
2520.989 3
2521.103 4
2521.217 5
2521.331 6
2521.445 6
2521.559 6
2521.673 3
2521.788 4
2521.902 4
2522.016 4
2522.130 3
2522.244 4
2522.358 4
2522.472 4
2522.587 6
2522.701 5
2522.815 5
2522.929 5
2523.043 3
2523.157 4
2523.271 3
2523.386 2
2523.500 1
2523.614 0
2523.728 1
2523.842 2
2523.957 3
2524.071 4
2524.185 5
2524.299 7
2524.413 9
2524.527 14
2524.642 15
2524.756 17
2524.870 18
2524.984 16
2525.098 15
2525.213 13
2525.327 13
2525.441 12
2525.555 12
2525.669 11
2525.784 9
2525.898 12
2526.012 10
2526.126 8
2526.241 8
2526.355 6
2526.469 6
2526.583 6
2526.698 7
2526.812 8
2526.926 10
2527.040 14
2527.155 13
2527.269 15
2527.383 15
2527.497 15
2527.612 15
2527.726 15
2527.840 15
2527.954 13
2528.069 14
2528.183 11
2528.297 11
2528.411 12
2528.526 14
2528.640 15
2528.754 16
2528.869 15
2528.983 14
2529.097 12
2529.211 11
2529.326 11
2529.440 9
2529.554 8
2529.669 7
2529.783 7
2529.897 6
2530.012 4
2530.126 4
2530.240 5
2530.355 7
2530.469 10
2530.583 12
2530.698 17
2530.812 15
2530.926 12
2531.041 10
2531.155 7
2531.269 7
2531.384 7
2531.498 6
2531.612 5
2531.727 4
2531.841 4
2531.955 4
2532.070 4
2532.184 4
2532.299 1
2532.413 1
2532.527 1
2532.642 1
2532.756 5
2532.870 8
2532.985 10
2533.099 15
2533.214 16
2533.328 15
2533.442 15
2533.557 19
2533.671 18
2533.786 16
2533.900 14
2534.014 10
2534.129 9
2534.243 8
2534.358 7
2534.472 5
2534.586 2
2534.701 2
2534.815 2
2534.930 2
2535.044 3
2535.159 4
2535.273 4
2535.387 7
2535.502 9
2535.616 9
2535.731 10
2535.845 10
2535.960 12
2536.074 12
2536.189 12
2536.303 13
2536.418 12
2536.532 12
2536.647 12
2536.761 12
2536.875 12
2536.990 11
2537.104 10
2537.219 11
2537.333 6
2537.448 7
2537.562 6
2537.677 6
2537.791 7
2537.906 8
2538.020 11
2538.135 13
2538.249 19
2538.364 19
2538.478 19
2538.593 19
2538.707 17
2538.822 15
2538.936 13
2539.051 10
2539.166 6
2539.280 6
2539.395 6
2539.509 6
2539.624 5
2539.738 5
2539.853 4
2539.967 3
2540.082 2
2540.196 1
2540.311 1
2540.425 1
2540.540 0
2540.655 1
2540.769 1
2540.884 2
2540.998 2
2541.113 1
2541.227 2
2541.342 3
2541.457 4
2541.571 5
2541.686 5
2541.800 5
2541.915 5
2542.030 5
2542.144 5
2542.259 4
2542.373 6
2542.488 6
2542.603 6
2542.717 6
2542.832 6
2542.946 6
2543.061 6
2543.176 9
2543.290 11
2543.405 9
2543.520 7
2543.634 3
2543.749 2
2543.863 3
2543.978 3
2544.093 2
2544.207 1
2544.322 1
2544.437 2
2544.551 3
2544.666 6
2544.781 8
2544.895 10
2545.010 12
2545.125 14
2545.239 13
2545.354 12
2545.469 11
2545.583 9
2545.698 10
2545.813 11
2545.927 12
2546.042 13
2546.157 14
2546.271 15
2546.386 16
2546.501 15
2546.615 16
2546.730 16
2546.845 16
2546.960 17
2547.074 16
2547.189 16
2547.304 18
2547.418 18
2547.533 17
2547.648 15
2547.763 14
2547.877 9
2547.992 9
2548.107 10
2548.222 9
2548.336 12
2548.451 10
2548.566 8
2548.681 5
2548.795 3
2548.910 3
2549.025 3
2549.140 3
2549.254 5
2549.369 6
2549.484 6
2549.599 6
2549.713 8
2549.828 8
2549.943 9
2550.058 10
2550.172 9
2550.287 9
2550.402 9
2550.517 9
2550.632 6
2550.746 6
2550.861 7
2550.976 8
2551.091 6
2551.206 7
2551.320 7
2551.435 7
2551.550 5
2551.665 5
2551.780 4
2551.895 3
2552.009 6
2552.124 6
2552.239 7
2552.354 8
2552.469 10
2552.584 9
2552.698 7
2552.813 5
2552.928 3
2553.043 3
2553.158 4
2553.273 7
2553.387 8
2553.502 9
2553.617 10
2553.732 11
2553.847 12
2553.962 11
2554.077 10
2554.191 12
2554.306 11
2554.421 14
2554.536 18
2554.651 16
2554.766 15
2554.881 15
2554.996 13
2555.111 11
2555.225 9
2555.340 9
2555.455 6
2555.570 8
2555.685 11
2555.800 13
2555.915 15
2556.030 17
2556.145 21
2556.260 19
2556.375 16
2556.490 13
2556.604 9
2556.719 10
2556.834 12
2556.949 14
2557.064 23
2557.179 25
2557.294 27
2557.409 32
2557.524 27
2557.639 25
2557.754 23
2557.869 21
2557.984 18
2558.099 17
2558.214 15
2558.329 9
2558.444 8
2558.559 9
2558.674 9
2558.789 6
2558.904 7
2559.019 5
2559.134 5
2559.249 5
2559.364 9
2559.479 9
2559.594 10
2559.709 13
2559.824 13
2559.939 12
2560.054 10
2560.169 9
2560.284 6
2560.399 6
2560.514 6
2560.629 4
2560.744 1
2560.859 2
2560.974 2
2561.089 5
2561.204 7
2561.319 5
2561.434 4
2561.549 6
2561.664 6
2561.779 7
2561.894 8
2562.009 5
2562.124 8
2562.239 7
2562.354 6
2562.469 7
2562.584 9
2562.699 10
2562.815 10
2562.930 12
2563.045 12
2563.160 11
2563.275 10
2563.390 6
2563.505 4
2563.620 3
2563.735 4
2563.850 4
2563.965 4
2564.081 5
2564.196 4
2564.311 4
2564.426 3
2564.541 4
2564.656 6
2564.771 8
2564.886 11
2565.001 10
2565.117 10
2565.232 9
2565.347 9
2565.462 9
2565.577 8
2565.692 9
2565.807 9
2565.923 12
2566.038 14
2566.153 14
2566.268 14
2566.383 11
2566.498 9
2566.613 5
2566.729 3
2566.844 5
2566.959 7
2567.074 8
2567.189 12
2567.304 12
2567.420 13
2567.535 13
2567.650 14
2567.765 13
2567.880 11
2567.996 10
2568.111 6
2568.226 7
2568.341 8
2568.456 11
2568.572 16
2568.687 15
2568.802 14
2568.917 12
2569.032 9
2569.148 9
2569.263 9
2569.378 9
2569.493 6
2569.609 7
2569.724 8
2569.839 11
2569.954 13
2570.069 11
2570.185 9
2570.300 8
2570.415 8
2570.530 7
2570.646 6
2570.761 6
2570.876 4
2570.991 5
2571.107 6
2571.222 6
2571.337 10
2571.453 12
2571.568 14
2571.683 16
2571.798 19
2571.914 17
2572.029 15
2572.144 13
2572.259 11
2572.375 11
2572.490 11
2572.605 13
2572.721 10
2572.836 10
2572.951 10
2573.067 8
2573.182 6
2573.297 7
2573.413 8
2573.528 9
2573.643 10
2573.758 10
2573.874 10
2573.989 14
2574.104 11
2574.220 11
2574.335 12
2574.450 9
2574.566 8
2574.681 9
2574.797 8
2574.912 7
2575.027 9
2575.143 9
2575.258 10
2575.373 11
2575.489 11
2575.604 10
2575.719 9
2575.835 8
2575.950 7
2576.065 7
2576.181 7
2576.296 7
2576.412 9
2576.527 9
2576.642 10
2576.758 13
2576.873 10
2576.989 9
2577.104 7
2577.219 3
2577.335 2
2577.450 3
2577.566 4
2577.681 8
2577.796 6
2577.912 5
2578.027 4
2578.143 0
2578.258 3
2578.374 5
2578.489 7
2578.604 10
2578.720 11
2578.835 11
2578.951 11
2579.066 12
2579.182 12
2579.297 13
2579.413 14
2579.528 13
2579.643 15
2579.759 14
2579.874 17
2579.990 15
2580.105 14
2580.221 12
2580.336 10
2580.452 9
2580.567 7
2580.683 7
2580.798 7
2580.914 7
2581.029 8
2581.145 9
2581.260 10
2581.376 11
2581.491 12
2581.607 12
2581.722 11
2581.838 10
2581.953 7
2582.069 6
2582.184 6
2582.300 8
2582.415 9
2582.531 11
2582.646 12
2582.762 12
2582.877 13
2582.993 12
2583.108 12
2583.224 12
2583.340 10
2583.455 9
2583.571 8
2583.686 8
2583.802 9
2583.917 12
2584.033 14
2584.148 18
2584.264 14
2584.380 13
2584.495 12
2584.611 12
2584.726 15
2584.842 14
2584.957 14
2585.073 12
2585.189 14
2585.304 13
2585.420 13
2585.535 10
2585.651 7
2585.767 8
2585.882 7
2585.998 6
2586.113 6
2586.229 6
2586.345 7
2586.460 8
2586.576 10
2586.691 10
2586.807 10
2586.923 13
2587.038 14
2587.154 17
2587.270 20
2587.385 22
2587.501 27
2587.616 26
2587.732 25
2587.848 22
2587.963 20
2588.079 17
2588.195 14
2588.310 11
2588.426 8
2588.542 7
2588.657 6
2588.773 5
2588.889 3
2589.004 4
2589.120 5
2589.236 8
2589.351 10
2589.467 10
2589.583 10
2589.698 8
2589.814 8
2589.930 11
2590.046 14
2590.161 17
2590.277 22
2590.393 20
2590.508 18
2590.624 16
2590.740 13
2590.855 14
2590.971 18
2591.087 20
2591.203 18
2591.318 17
2591.434 13
2591.550 12
2591.666 14
2591.781 15
2591.897 16
2592.013 16
2592.128 18
2592.244 15
2592.360 12
2592.476 9
2592.591 6
2592.707 5
2592.823 5
2592.939 4
2593.055 3
2593.170 3
2593.286 2
2593.402 2
2593.518 3
2593.633 3
2593.749 3
2593.865 4
2593.981 3
2594.097 4
2594.212 5
2594.328 5
2594.444 7
2594.560 8
2594.676 10
2594.791 12
2594.907 13
2595.023 12
2595.139 10
2595.255 10
2595.370 11
2595.486 12
2595.602 13
2595.718 12
2595.834 11
2595.950 11
2596.065 11
2596.181 15
2596.297 15
2596.413 19
2596.529 23
2596.645 24
2596.760 31
2596.876 26
2596.992 21
2597.108 15
2597.224 10
2597.340 12
2597.456 14
2597.571 17
2597.687 15
2597.803 14
2597.919 13
2598.035 12
2598.151 13
2598.267 13
2598.383 13
2598.498 12
2598.614 12
2598.730 12
2598.846 13
2598.962 15
2599.078 16
2599.194 19
2599.310 18
2599.426 16
2599.542 15
2599.658 13
2599.773 13
2599.889 13
2600.005 10
2600.121 9
2600.237 9
2600.353 6
2600.469 10
2600.585 11
2600.701 12
2600.817 15
2600.933 15
2601.049 17
2601.165 20
2601.281 24
2601.397 22
2601.513 20
2601.628 18
2601.744 13
2601.860 9
2601.976 9
2602.092 9
2602.208 11
2602.324 11
2602.440 10
2602.556 8
2602.672 6
2602.788 4
2602.904 4
2603.020 4
2603.136 1
2603.252 4
2603.368 4
2603.484 4
2603.600 4
2603.716 5
2603.832 7
2603.948 8
2604.064 9
2604.180 10
2604.296 9
2604.412 9
2604.528 9
2604.644 12
2604.760 14
2604.876 16
2604.992 19
2605.109 23
2605.225 23
2605.341 23
2605.457 22
2605.573 22
2605.689 24
2605.805 26
2605.921 28
2606.037 30
2606.153 28
2606.269 26
2606.385 24
2606.501 19
2606.617 17
2606.733 15
2606.849 12
2606.966 10
2607.082 10
2607.198 10
2607.314 12
2607.430 11
2607.546 10
2607.662 9
2607.778 7
2607.894 8
2608.010 8
2608.126 8
2608.243 8
2608.359 5
2608.475 5
2608.591 5
2608.707 6
2608.823 4
2608.939 4
2609.055 4
2609.172 3
2609.288 0
2609.404 0
2609.520 0
2609.636 0
2609.752 3
2609.868 3
2609.985 3
2610.101 3
2610.217 6
2610.333 6
2610.449 6
2610.565 6
2610.682 7
2610.798 7
2610.914 7
2611.030 9
2611.146 9
2611.262 10
2611.379 11
2611.495 16
2611.611 14
2611.727 14
2611.843 13
2611.960 6
2612.076 10
2612.192 12
2612.308 15
2612.424 18
2612.541 20
2612.657 19
2612.773 18
2612.889 20
2613.005 17
2613.122 16
2613.238 15
2613.354 16
2613.470 12
2613.587 10
2613.703 8
2613.819 5
2613.935 6
2614.052 6
2614.168 6
2614.284 6
2614.400 8
2614.517 8
2614.633 8
2614.749 10
2614.865 12
2614.982 13
2615.098 14
2615.214 14
2615.330 14
2615.447 15
2615.563 16
2615.679 17
2615.795 18
2615.912 17
2616.028 16
2616.144 15
2616.261 11
2616.377 11
2616.493 11
2616.610 10
2616.726 7
2616.842 7
2616.958 7
2617.075 9
2617.191 6
2617.307 6
2617.424 6
2617.540 6
2617.656 4
2617.773 4
2617.889 4
2618.005 3
2618.122 6
2618.238 6
2618.354 6
2618.471 7
2618.587 9
2618.703 10
2618.820 11
2618.936 10
2619.052 11
2619.169 10
2619.285 9
2619.402 8
2619.518 6
2619.634 5
2619.751 4
2619.867 6
2619.983 5
2620.100 6
2620.216 7
2620.333 10
2620.449 11
2620.565 10
2620.682 9
2620.798 8
2620.915 12
2621.031 12
2621.147 12
2621.264 12
2621.380 14
2621.497 15
2621.613 15
2621.729 15
2621.846 11
2621.962 9
2622.079 8
2622.195 6
2622.312 6
2622.428 6
2622.544 6
2622.661 6
2622.777 2
2622.894 3
2623.010 4
2623.127 5
2623.243 7
2623.360 7
2623.476 7
2623.592 7
2623.709 7
2623.825 9
2623.942 11
2624.058 14
2624.175 17
2624.291 18
2624.408 19
2624.524 21
2624.641 20
2624.757 20
2624.874 21
2624.990 22
2625.107 17
2625.223 15
2625.340 10
2625.456 5
2625.573 3
2625.689 3
2625.806 1
2625.922 1
2626.039 5
2626.155 7
2626.272 9
2626.388 14
2626.505 14
2626.621 13
2626.738 12
2626.854 8
2626.971 10
2627.088 11
2627.204 12
2627.321 13
2627.437 18
2627.554 17
2627.670 16
2627.787 15
2627.903 12
2628.020 11
2628.136 11
2628.253 7
2628.370 10
2628.486 12
2628.603 13
2628.719 14
2628.836 16
2628.953 15
2629.069 14
2629.186 14
2629.302 10
2629.419 13
2629.535 16
2629.652 19
2629.769 26
2629.885 25
2630.002 24
2630.118 25
2630.235 21
2630.352 20
2630.468 19
2630.585 18
2630.702 16
2630.818 13
2630.935 10
2631.051 4
2631.168 3
2631.285 4
2631.401 5
2631.518 6
2631.635 6
2631.751 5
2631.868 4
2631.985 3
2632.101 5
2632.218 7
2632.335 9
2632.451 12
2632.568 17
2632.685 17
2632.801 17
2632.918 16
2633.035 17
2633.151 15
2633.268 13
2633.385 11
2633.501 6
2633.618 5
2633.735 4
2633.851 3
2633.968 3
2634.085 4
2634.201 5
2634.318 6
2634.435 5
2634.552 5
2634.668 5
2634.785 4
2634.902 6
2635.018 7
2635.135 10
2635.252 12
2635.369 16
2635.485 13
2635.602 10
2635.719 7
2635.836 3
2635.952 3
2636.069 1
2636.186 3
2636.302 6
2636.419 7
2636.536 8
2636.653 8
2636.770 10
2636.886 16
2637.003 23
2637.120 29
2637.237 42
2637.353 39
2637.470 35
2637.587 30
2637.704 19
2637.820 16
2637.937 13
2638.054 11
2638.171 8
2638.288 8
2638.404 8
2638.521 8
2638.638 10
2638.755 9
2638.872 8
2638.988 7
2639.105 4
2639.222 4
2639.339 4
2639.456 6
2639.573 8
2639.689 8
2639.806 8
2639.923 9
2640.040 7
2640.157 7
2640.274 7
2640.390 4
2640.507 5
2640.624 6
2640.741 7
2640.858 8
2640.975 9
2641.091 9
2641.208 9
2641.325 10
2641.442 12
2641.559 11
2641.676 10
2641.793 8
2641.910 4
2642.026 6
2642.143 9
2642.260 14
2642.377 18
2642.494 19
2642.611 21
2642.728 19
2642.845 21
2642.962 21
2643.078 20
2643.195 20
2643.312 17
2643.429 15
2643.546 12
2643.663 11
2643.780 8
2643.897 8
2644.014 8
2644.131 9
2644.248 7
2644.365 8
2644.481 9
2644.598 11
2644.715 14
2644.832 13
2644.949 12
2645.066 8
2645.183 5
2645.300 5
2645.417 5
2645.534 5
2645.651 7
2645.768 7
2645.885 7
2646.002 7
2646.119 10
2646.236 12
2646.353 14
2646.470 20
2646.587 23
2646.704 21
2646.821 19
2646.938 14
2647.055 13
2647.172 14
2647.289 15
2647.406 17
2647.523 16
2647.640 16
2647.757 16
2647.874 14
2647.991 13
2648.108 16
2648.225 19
2648.342 23
2648.459 27
2648.576 24
2648.693 21
2648.810 15
2648.927 14
2649.044 15
2649.161 16
2649.278 16
2649.395 17
2649.512 16
2649.629 15
2649.746 15
2649.863 12
2649.980 12
2650.097 12
2650.214 10
2650.332 13
2650.449 14
2650.566 15
2650.683 17
2650.800 20
2650.917 20
2651.034 20
2651.151 23
2651.268 21
2651.385 20
2651.502 16
2651.619 15
2651.737 14
2651.854 17
2651.971 22
2652.088 25
2652.205 29
2652.322 29
2652.439 26
2652.556 23
2652.673 20
2652.791 20
2652.908 20
2653.025 20
2653.142 19
2653.259 22
2653.376 26
2653.493 30
2653.610 36
2653.728 31
2653.845 25
2653.962 18
2654.079 13
2654.196 11
2654.313 9
2654.431 8
2654.548 6
2654.665 6
2654.782 6
2654.899 11
2655.016 13
2655.134 16
2655.251 19
2655.368 19
2655.485 23
2655.602 23
2655.719 23
2655.837 20
2655.954 22
2656.071 18
2656.188 14
2656.305 10
2656.423 6
2656.540 6
2656.657 6
2656.774 6
2656.891 5
2657.009 6
2657.126 7
2657.243 8
2657.360 9
2657.478 9
2657.595 11
2657.712 11
2657.829 11
2657.947 9
2658.064 5
2658.181 3
2658.298 1
2658.415 2
2658.533 4
2658.650 5
2658.767 6
2658.885 7
2659.002 7
2659.119 8
2659.236 9
2659.354 9
2659.471 8
2659.588 7
2659.705 5
2659.823 4
2659.940 4
2660.057 4
2660.175 3
2660.292 3
2660.409 3
2660.526 3
2660.644 4
2660.761 5
2660.878 6
2660.996 7
2661.113 8
2661.230 8
2661.348 8
2661.465 10
2661.582 10
2661.700 10
2661.817 10
2661.934 8
2662.052 7
2662.169 8
2662.286 9
2662.404 10
2662.521 12
2662.638 10
2662.756 8
2662.873 6
2662.990 2
2663.108 2
2663.225 2
2663.342 2
2663.460 5
2663.577 7
2663.694 9
2663.812 14
2663.929 16
2664.047 14
2664.164 12
2664.281 10
2664.399 8
2664.516 8
2664.633 8
2664.751 5
2664.868 2
2664.986 4
2665.103 6
2665.220 8
2665.338 13
2665.455 15
2665.573 17
2665.690 19
2665.807 24
2665.925 20
2666.042 16
2666.160 12
2666.277 7
2666.395 6
2666.512 5
2666.629 4
2666.747 2
2666.864 2
2666.982 2
2667.099 3
2667.217 5
2667.334 6
2667.452 7
2667.569 7
2667.686 11
2667.804 12
2667.921 13
2668.039 18
2668.156 18
2668.274 17
2668.391 16
2668.509 12
2668.626 11
2668.744 13
2668.861 15
2668.979 14
2669.096 21
2669.214 20
2669.331 19
2669.449 16
2669.566 12
2669.684 13
2669.801 14
2669.919 18
2670.036 18
2670.154 17
2670.271 16
2670.389 12
2670.506 10
2670.624 11
2670.741 12
2670.859 13
2670.976 16
2671.094 15
2671.211 14
2671.329 12
2671.447 10
2671.564 10
2671.682 10
2671.799 8
2671.917 9
2672.034 10
2672.152 11
2672.269 13
2672.387 16
2672.505 15
2672.622 13
2672.740 9
2672.857 7
2672.975 7
2673.092 8
2673.210 9
2673.328 14
2673.445 13
2673.563 12
2673.680 12
2673.798 8
2673.916 9
2674.033 10
2674.151 11
2674.268 13
2674.386 14
2674.504 15
2674.621 13
2674.739 12
2674.856 12
2674.974 11
2675.092 7
2675.209 5
2675.327 3
2675.445 5
2675.562 5
2675.680 6
2675.797 8
2675.915 7
2676.033 9
2676.150 14
2676.268 14
2676.386 17
2676.503 18
2676.621 19
2676.739 17
2676.856 13
2676.974 12
2677.092 9
2677.209 11
2677.327 11
2677.445 10
2677.562 13
2677.680 11
2677.798 10
2677.915 9
2678.033 7
2678.151 7
2678.269 7
2678.386 7
2678.504 9
2678.622 8
2678.739 7
2678.857 7
2678.975 5
2679.092 5
2679.210 5
2679.328 4
2679.446 6
2679.563 6
2679.681 6
2679.799 6
2679.917 2
2680.034 2
2680.152 2
2680.270 2
2680.388 0
2680.505 0
2680.623 0
2680.741 0
2680.859 0
2680.976 0
2681.094 0
2681.212 0
2681.330 3
2681.447 4
2681.565 5
2681.683 6
2681.801 7
2681.918 8
2682.036 8
2682.154 8
2682.272 6
2682.390 4
2682.507 4
2682.625 3
2682.743 2
2682.861 3
2682.979 7
2683.096 8
2683.214 10
2683.332 9
2683.450 6
2683.568 7
2683.685 5
2683.803 5
2683.921 3
2684.039 5
2684.157 6
2684.275 6
2684.392 6
2684.510 6
2684.628 8
2684.746 8
2684.864 8
2684.982 8
2685.099 7
2685.217 7
2685.335 8
2685.453 8
2685.571 7
2685.689 7
2685.807 7
2685.924 7
2686.042 9
2686.160 9
2686.278 8
2686.396 8
2686.514 6
2686.632 6
2686.750 6
2686.867 6
2686.985 4
2687.103 4
2687.221 4
2687.339 4
2687.457 3
2687.575 5
2687.693 7
2687.811 10
2687.929 15
2688.047 14
2688.164 13
2688.282 11
2688.400 8
2688.518 8
2688.636 8
2688.754 8
2688.872 5
2688.990 6
2689.108 7
2689.226 11
2689.344 12
2689.462 13
2689.580 14
2689.698 13
2689.816 14
2689.934 13
2690.052 12
2690.169 10
2690.287 7
2690.405 7
2690.523 7
2690.641 7
2690.759 5
2690.877 5
2690.995 5
2691.113 5
2691.231 6
2691.349 5
2691.467 4
2691.585 5
2691.703 3
2691.821 4
2691.939 5
2692.057 5
2692.175 9
2692.293 12
2692.411 15
2692.529 17
2692.647 21
2692.765 18
2692.883 15
2693.001 12
2693.119 6
2693.237 6
2693.355 6
2693.474 6
2693.592 9
2693.710 12
2693.828 15
2693.946 21
2694.064 23
2694.182 23
2694.300 23
2694.418 21
2694.536 23
2694.654 22
2694.772 21
2694.890 20
2695.008 19
2695.126 20
2695.244 21
2695.362 22
2695.481 20
2695.599 18
2695.717 16
2695.835 13
2695.953 10
2696.071 9
2696.189 8
2696.307 7
2696.425 6
2696.543 6
2696.662 6
2696.780 7
2696.898 6
2697.016 6
2697.134 6
2697.252 5
2697.370 4
2697.488 4
2697.606 4
2697.725 4
2697.843 7
2697.961 8
2698.079 9
2698.197 10
2698.315 12
2698.433 10
2698.552 9
2698.670 9
2698.788 7
2698.906 7
2699.024 6
2699.142 7
2699.261 10
2699.379 10
2699.497 10
2699.615 7
2699.733 4
2699.851 4
2699.970 4
2700.088 4
2700.206 1
2700.324 1
2700.442 1
2700.561 1
2700.679 3
2700.797 4
2700.915 5
2701.033 6
2701.152 8
2701.270 7
2701.388 6
2701.506 5
2701.624 4
2701.743 5
2701.861 6
2701.979 7
2702.097 7
2702.216 7
2702.334 7
2702.452 7
2702.570 4
2702.689 4
2702.807 4
2702.925 6
2703.043 4
2703.162 4
2703.280 4
2703.398 2
2703.516 0
2703.635 1
2703.753 2
2703.871 4
2703.989 7
2704.108 7
2704.226 7
2704.344 6
2704.463 8
2704.581 8
2704.699 8
2704.817 8
2704.936 5
2705.054 5
2705.172 5
2705.291 5
2705.409 2
2705.527 3
2705.646 4
2705.764 5
2705.882 8
2706.001 9
2706.119 10
2706.237 12
2706.355 16
2706.474 16
2706.592 16
2706.710 16
2706.829 15
2706.947 16
2707.065 17
2707.184 21
2707.302 22
2707.421 19
2707.539 16
2707.657 12
2707.776 8
2707.894 8
2708.012 8
2708.131 5
2708.249 8
2708.367 9
2708.486 10
2708.604 11
2708.723 8
2708.841 7
2708.959 6
2709.078 5
2709.196 2
2709.314 4
2709.433 6
2709.551 8
2709.670 12
2709.788 11
2709.906 10
2710.025 11
2710.143 7
2710.262 7
2710.380 7
2710.499 6
2710.617 8
2710.735 8
2710.854 8
2710.972 9
2711.091 11
2711.209 12
2711.328 13
2711.446 12
2711.564 13
2711.683 12
2711.801 11
2711.920 10
2712.038 8
2712.157 7
2712.275 6
2712.394 8
2712.512 6
2712.631 6
2712.749 6
2712.867 3
2712.986 0
2713.104 0
2713.223 0
2713.341 1
2713.460 3
2713.578 5
2713.697 7
2713.815 11
2713.934 14
2714.052 14
2714.171 14
2714.289 13
2714.408 16
2714.526 17
2714.645 18
2714.763 19
2714.882 20
2715.000 17
2715.119 14
2715.237 10
2715.356 5
2715.475 5
2715.593 5
2715.712 4
2715.830 4
2715.949 4
2716.067 4
2716.186 4
2716.304 6
2716.423 7
2716.541 8
2716.660 10
2716.779 10
2716.897 12
2717.016 14
2717.134 17
2717.253 19
2717.371 17
2717.490 16
2717.609 16
2717.727 12
2717.846 11
2717.964 9
2718.083 5
2718.201 8
2718.320 9
2718.439 9
2718.557 8
2718.676 6
2718.794 6
2718.913 7
2719.032 8
2719.150 10
2719.269 14
2719.388 17
2719.506 19
2719.625 23
2719.743 19
2719.862 17
2719.981 19
2720.099 12
2720.218 12
2720.337 11
2720.455 9
2720.574 12
2720.692 12
2720.811 12
2720.930 10
2721.048 7
2721.167 7
2721.286 7
2721.404 7
2721.523 7
2721.642 7
2721.760 7
2721.879 7
2721.998 4
2722.116 4
2722.235 4
2722.354 5
2722.472 8
2722.591 12
2722.710 15
2722.829 18
2722.947 20
2723.066 19
2723.185 19
2723.303 16
2723.422 13
2723.541 11
2723.660 9
2723.778 7
2723.897 6
2724.016 7
2724.134 8
2724.253 10
2724.372 7
2724.491 8
2724.609 10
2724.728 6
2724.847 9
2724.966 10
2725.084 10
2725.203 10
2725.322 13
2725.441 15
2725.559 16
2725.678 17
2725.797 16
2725.916 16
2726.034 17
2726.153 17
2726.272 14
2726.391 12
2726.509 10
2726.628 11
2726.747 8
2726.866 8
2726.985 8
2727.103 5
2727.222 5
2727.341 5
2727.460 5
2727.579 8
2727.697 9
2727.816 10
2727.935 11
2728.054 11
2728.173 12
2728.291 12
2728.410 12
2728.529 10
2728.648 8
2728.767 8
2728.885 8
2729.004 8
2729.123 9
2729.242 10
2729.361 11
2729.480 12
2729.599 13
2729.717 12
2729.836 11
2729.955 13
2730.074 10
2730.193 11
2730.312 14
2730.431 14
2730.549 13
2730.668 12
2730.787 9
2730.906 6
2731.025 4
2731.144 4
2731.263 4
2731.382 4
2731.500 4
2731.619 4
2731.738 4
2731.857 4
2731.976 6
2732.095 5
2732.214 4
2732.333 4
2732.452 3
2732.571 4
2732.689 5
2732.808 6
2732.927 7
2733.046 7
2733.165 7
2733.284 6
2733.403 4
2733.522 4
2733.641 4
2733.760 4
2733.879 4
2733.998 4
2734.117 4
2734.236 5
2734.354 3
2734.473 3
2734.592 4
2734.711 3
2734.830 7
2734.949 7
2735.068 6
2735.187 6
2735.306 4
2735.425 4
2735.544 4
2735.663 4
2735.782 7
2735.901 8
2736.020 9
2736.139 10
2736.258 14
2736.377 14
2736.496 14
2736.615 14
2736.734 20
2736.853 19
2736.972 18
2737.091 17
2737.210 11
2737.329 10
2737.448 9
2737.567 8
2737.686 6
2737.805 6
2737.924 6
2738.043 6
2738.162 5
2738.281 5
2738.400 5
2738.519 6
2738.639 4
2738.758 6
2738.877 8
2738.996 9
2739.115 12
2739.234 13
2739.353 14
2739.472 16
2739.591 20
2739.710 22
2739.829 24
2739.948 29
2740.067 27
2740.186 22
2740.305 18
2740.425 11
2740.544 8
2740.663 11
2740.782 11
2740.901 10
2741.020 10
2741.139 8
2741.258 8
2741.377 8
2741.496 6
2741.616 7
2741.735 8
2741.854 10
2741.973 14
2742.092 15
2742.211 16
2742.330 19
2742.449 21
2742.569 21
2742.688 21
2742.807 20
2742.926 20
2743.045 19
2743.164 18
2743.283 15
2743.403 12
2743.522 11
2743.641 10
2743.760 9
2743.879 6
2743.998 6
2744.118 6
2744.237 6
2744.356 4
2744.475 7
2744.594 10
2744.713 14
2744.833 17
2744.952 15
2745.071 13
2745.190 10
2745.309 8
2745.429 7
2745.548 6
2745.667 5
2745.786 2
2745.905 2
2746.025 2
2746.144 5
2746.263 7
2746.382 9
2746.501 11
2746.621 11
2746.740 16
2746.859 16
2746.978 16
2747.098 15
2747.217 15
2747.336 14
2747.455 13
2747.575 14
2747.694 14
2747.813 14
2747.932 14
2748.052 14
2748.171 10
2748.290 10
2748.409 10
2748.529 9
2748.648 13
2748.767 13
2748.886 13
2749.006 12
2749.125 15
2749.244 13
2749.364 11
2749.483 9
2749.602 6
2749.721 9
2749.841 12
2749.960 15
2750.079 16
2750.199 17
2750.318 18
2750.437 20
2750.557 24
2750.676 24
2750.795 24
2750.914 22
2751.034 21
2751.153 20
2751.272 19
2751.392 13
2751.511 10
2751.630 9
2751.750 8
2751.869 10
2751.988 9
2752.108 9
2752.227 9
2752.347 9
2752.466 7
2752.585 7
2752.705 6
2752.824 5
2752.943 3
2753.063 4
2753.182 6
2753.301 7
2753.421 9
2753.540 12
2753.660 14
2753.779 16
2753.898 20
2754.018 16
2754.137 13
2754.257 10
2754.376 7
2754.495 7
2754.615 7
2754.734 7
2754.854 4
2754.973 7
2755.092 9
2755.212 11
2755.331 15
2755.451 15
2755.570 16
2755.689 17
2755.809 19
2755.928 17
2756.048 15
2756.167 13
2756.287 8
2756.406 7
2756.525 7
2756.645 6
2756.764 4
2756.884 4
2757.003 3
2757.123 4
2757.242 5
2757.362 5
2757.481 5
2757.601 4
2757.720 6
2757.840 6
2757.959 6
2758.078 6
2758.198 4
2758.317 4
2758.437 4
2758.556 5
2758.676 4
2758.795 4
2758.915 4
2759.034 3
2759.154 1
2759.273 2
2759.393 2
2759.512 2
2759.632 4
2759.751 3
2759.871 3
2759.991 5
2760.110 10
2760.230 11
2760.349 12
2760.469 11
2760.588 7
2760.708 7
2760.827 7
2760.947 5
2761.066 4
2761.186 7
2761.305 9
2761.425 9
2761.545 12
2761.664 13
2761.784 15
2761.903 20
2762.023 22
2762.142 19
2762.262 16
2762.381 16
2762.501 10
2762.621 9
2762.740 8
2762.860 7
2762.979 8
2763.099 8
2763.219 8
2763.338 6
2763.458 4
2763.577 5
2763.697 6
2763.817 9
2763.936 10
2764.056 10
2764.175 10
2764.295 9
2764.415 12
2764.534 12
2764.654 12
2764.774 11
2764.893 9
2765.013 9
2765.132 9
2765.252 9
2765.372 7
2765.491 9
2765.611 11
2765.731 15
2765.850 20
2765.970 21
2766.090 21
2766.209 21
2766.329 20
2766.449 19
2766.568 19
2766.688 20
2766.808 16
2766.927 14
2767.047 12
2767.167 7
2767.286 6
2767.406 7
2767.526 8
2767.645 5
2767.765 8
2767.885 8
2768.004 8
2768.124 8
2768.244 8
2768.364 8
2768.483 8
2768.603 8
2768.723 10
2768.842 10
2768.962 11
2769.082 11
2769.202 13
2769.321 13
2769.441 12
2769.561 12
2769.680 11
2769.800 11
2769.920 11
2770.040 13
2770.159 10
2770.279 10
2770.399 10
2770.519 12
2770.638 12
2770.758 13
2770.878 13
2770.998 13
2771.118 15
2771.237 14
2771.357 14
2771.477 14
2771.597 14
2771.716 13
2771.836 12
2771.956 9
2772.076 7
2772.196 6
2772.315 5
2772.435 2
2772.555 0
2772.675 0
2772.795 0
2772.914 1
2773.034 4
2773.154 5
2773.274 6
2773.394 8
2773.513 8
2773.633 8
2773.753 8
2773.873 6
2773.993 6
2774.113 6
2774.232 6
2774.352 6
2774.472 6
2774.592 6
2774.712 6
2774.832 8
2774.951 5
2775.071 6
2775.191 7
2775.311 8
2775.431 11
2775.551 14
2775.671 17
2775.791 18
2775.910 23
2776.030 19
2776.150 15
2776.270 13
2776.390 10
2776.510 12
2776.630 14
2776.750 18
2776.869 17
2776.989 18
2777.109 19
2777.229 20
2777.349 25
2777.469 26
2777.589 27
2777.709 28
2777.829 31
2777.949 28
2778.069 26
2778.188 23
2778.308 19
2778.428 17
2778.548 14
2778.668 14
2778.788 12
2778.908 12
2779.028 12
2779.148 14
2779.268 16
2779.388 15
2779.508 14
2779.628 14
2779.748 11
2779.868 11
2779.988 11
2780.108 11
2780.228 13
2780.348 13
2780.468 13
2780.588 10
2780.707 11
2780.827 12
2780.947 13
2781.067 14
2781.187 15
2781.307 14
2781.427 13
2781.547 10
2781.667 7
2781.787 7
2781.907 7
2782.027 7
2782.147 7
2782.267 8
2782.387 9
2782.507 10
2782.628 12
2782.748 12
2782.868 12
2782.988 12
2783.108 16
2783.228 16
2783.348 16
2783.468 19
2783.588 14
2783.708 14
2783.828 14
2783.948 15
2784.068 14
2784.188 13
2784.308 12
2784.428 11
2784.548 8
2784.668 7
2784.788 6
2784.908 6
2785.029 5
2785.149 6
2785.269 7
2785.389 7
2785.509 10
2785.629 9
2785.749 9
2785.869 9
2785.989 6
2786.109 7
2786.229 8
2786.350 7
2786.470 6
2786.590 7
2786.710 8
2786.830 10
2786.950 14
2787.070 14
2787.190 13
2787.310 13
2787.431 14
2787.551 14
2787.671 14
2787.791 14
2787.911 10
2788.031 10
2788.151 10
2788.272 10
2788.392 8
2788.512 9
2788.632 10
2788.752 11
2788.872 13
2788.992 13
2789.113 13
2789.233 13
2789.353 13
2789.473 13
2789.593 13
2789.713 13
2789.834 12
2789.954 11
2790.074 10
2790.194 9
2790.314 6
2790.435 6
2790.555 6
2790.675 7
2790.795 8
2790.915 9
2791.036 10
2791.156 11
2791.276 15
2791.396 15
2791.516 15
2791.637 14
2791.757 12
2791.877 12
2791.997 12
2792.118 12
2792.238 14
2792.358 16
2792.478 15
2792.599 15
2792.719 13
2792.839 11
2792.959 12
2793.080 12
2793.200 16
2793.320 15
2793.440 14
2793.561 13
2793.681 11
2793.801 13
2793.921 16
2794.042 16
2794.162 20
2794.282 20
2794.403 19
2794.523 17
2794.643 16
2794.763 16
2794.884 16
2795.004 16
2795.124 13
2795.245 13
2795.365 13
2795.485 13
2795.605 10
2795.726 12
2795.846 16
2795.966 18
2796.087 20
2796.207 19
2796.327 16
2796.448 15
2796.568 11
2796.688 11
2796.809 11
2796.929 11
2797.049 9
2797.170 8
2797.290 7
2797.410 6
2797.531 5
2797.651 5
2797.771 5
2797.892 7
2798.012 10
2798.133 11
2798.253 12
2798.373 12
2798.494 15
2798.614 14
2798.734 13
2798.855 11
2798.975 10
2799.096 9
2799.216 8
2799.336 9
2799.457 6
2799.577 6
2799.698 7
2799.818 5
2799.938 3
2800.059 4
2800.179 4
2800.300 6
2800.420 8
2800.540 9
2800.661 10
2800.781 12
2800.902 13
2801.022 14
2801.142 15
2801.263 15
2801.383 16
2801.504 16
2801.624 16
2801.745 19
2801.865 17
2801.986 15
2802.106 13
2802.226 13
2802.347 11
2802.467 11
2802.588 11
2802.708 9
2802.829 12
2802.949 11
2803.070 10
2803.190 9
2803.311 6
2803.431 6
2803.552 6
2803.672 6
2803.793 4
2803.913 4
2804.034 5
2804.154 5
2804.275 6
2804.395 8
2804.516 8
2804.636 12
2804.757 13
2804.877 11
2804.998 10
2805.118 11
2805.239 11
2805.359 11
2805.480 11
2805.600 10
2805.721 14
2805.841 15
2805.962 15
2806.082 17
2806.203 16
2806.323 14
2806.444 13
2806.565 10
2806.685 6
2806.806 5
2806.926 4
2807.047 5
2807.167 4
2807.288 5
2807.409 6
2807.529 7
2807.650 8
2807.770 9
2807.891 12
2808.011 11
2808.132 14
2808.253 14
2808.373 11
2808.494 10
2808.614 8
2808.735 7
2808.856 7
2808.976 9
2809.097 11
2809.217 10
2809.338 9
2809.459 10
2809.579 12
2809.700 13
2809.820 14
2809.941 14
2810.062 16
2810.182 13
2810.303 11
2810.424 8
2810.544 5
2810.665 6
2810.785 5
2810.906 2
2811.027 1
2811.147 2
2811.268 4
2811.389 7
2811.509 10
2811.630 11
2811.751 12
2811.871 14
2811.992 16
2812.113 16
2812.233 16
2812.354 15
2812.475 14
2812.595 14
2812.716 15
2812.837 18
2812.957 19
2813.078 20
2813.199 19
2813.320 18
2813.440 18
2813.561 19
2813.682 20
2813.802 20
2813.923 16
2814.044 14
2814.165 13
2814.285 13
2814.406 14
2814.527 16
2814.647 18
2814.768 20
2814.889 26
2815.010 24
2815.130 22
2815.251 17
2815.372 13
2815.493 14
2815.613 14
2815.734 14
2815.855 11
2815.976 10
2816.096 10
2816.217 11
2816.338 13
2816.459 12
2816.579 11
2816.700 10
2816.821 7
2816.942 7
2817.063 7
2817.183 6
2817.304 5
2817.425 8
2817.546 11
2817.666 14
2817.787 19
2817.908 22
2818.029 24
2818.150 26
2818.270 24
2818.391 23
2818.512 23
2818.633 25
2818.754 20
2818.875 18
2818.995 16
2819.116 12
2819.237 10
2819.358 10
2819.479 10
2819.600 7
2819.720 8
2819.841 8
2819.962 8
2820.083 7
2820.204 9
2820.325 9
2820.445 9
2820.566 11
2820.687 8
2820.808 8
2820.929 8
2821.050 7
2821.171 8
2821.291 8
2821.412 8
2821.533 7
2821.654 5
2821.775 4
2821.896 3
2822.017 2
2822.138 1
2822.259 1
2822.379 1
2822.500 2
2822.621 5
2822.742 6
2822.863 6
2822.984 7
2823.105 8
2823.226 8
2823.347 9
2823.468 10
2823.589 7
2823.710 7
2823.830 7
2823.951 5
2824.072 5
2824.193 6
2824.314 7
2824.435 8
2824.556 11
2824.677 11
2824.798 11
2824.919 11
2825.040 12
2825.161 12
2825.282 12
2825.403 12
2825.524 12
2825.645 12
2825.766 12
2825.887 12
2826.008 8
2826.129 8
2826.250 8
2826.371 9
2826.492 12
2826.613 12
2826.734 12
2826.855 13
2826.976 12
2827.097 12
2827.218 12
2827.339 10
2827.460 10
2827.581 11
2827.702 11
2827.823 13
2827.944 11
2828.065 10
2828.186 10
2828.307 8
2828.428 10
2828.549 11
2828.670 14
2828.791 16
2828.912 17
2829.033 17
2829.154 15
2829.275 16
2829.396 19
2829.517 18
2829.638 17
2829.759 16
2829.880 11
2830.001 12
2830.122 12
2830.243 16
2830.365 15
2830.486 13
2830.607 12
2830.728 10
2830.849 11
2830.970 11
2831.091 11
2831.212 10
2831.333 9
2831.454 9
2831.575 9
2831.696 12
2831.818 16
2831.939 17
2832.060 18
2832.181 16
2832.302 15
2832.423 16
2832.544 16
2832.665 13
2832.786 16
2832.908 14
2833.029 13
2833.150 12
2833.271 10
2833.392 13
2833.513 16
2833.634 19
2833.756 22
2833.877 20
2833.998 18
2834.119 16
2834.240 11
2834.361 11
2834.483 12
2834.604 14
2834.725 15
2834.846 17
2834.967 17
2835.088 14
2835.210 14
2835.331 13
2835.452 12
2835.573 13
2835.694 16
2835.815 13
2835.937 11
2836.058 10
2836.179 7
2836.300 7
2836.421 7
2836.543 8
2836.664 11
2836.785 11
2836.906 11
2837.028 16
2837.149 15
2837.270 18
2837.391 22
2837.512 25
2837.634 25
2837.755 24
2837.876 22
2837.997 20
2838.119 24
2838.240 24
2838.361 25
2838.482 23
2838.604 22
2838.725 21
2838.846 19
2838.967 18
2839.089 17
2839.210 15
2839.331 13
2839.452 14
2839.574 10
2839.695 10
2839.816 13
2839.938 13
2840.059 18
2840.180 23
2840.301 24
2840.423 34
2840.544 38
2840.665 34
2840.787 31
2840.908 27
2841.029 19
2841.151 16
2841.272 13
2841.393 6
2841.514 10
2841.636 10
2841.757 10
2841.878 13
2842.000 12
2842.121 14
2842.242 15
2842.364 14
2842.485 16
2842.606 15
2842.728 15
2842.849 13
2842.970 10
2843.092 10
2843.213 11
2843.335 12
2843.456 9
2843.577 9
2843.699 8
2843.820 7
2843.941 9
2844.063 8
2844.184 7
2844.305 6
2844.427 6
2844.548 7
2844.670 8
2844.791 10
2844.912 9
2845.034 8
2845.155 8
2845.277 8
2845.398 13
2845.519 14
2845.641 12
2845.762 11
2845.884 7
2846.005 5
2846.126 5
2846.248 3
2846.369 8
2846.491 8
2846.612 8
2846.734 8
2846.855 4
2846.976 4
2847.098 4
2847.219 4
2847.341 1
2847.462 1
2847.584 1
2847.705 6
2847.827 5
2847.948 5
2848.069 5
2848.191 5
2848.312 4
2848.434 3
2848.555 2
2848.677 0
2848.798 1
2848.920 1
2849.041 1
2849.163 1
2849.284 0
2849.406 1
2849.527 2
2849.649 3
2849.770 9
2849.892 14
2850.013 19
2850.135 25
2850.256 25
2850.378 23
2850.499 21
2850.621 19
2850.742 18
2850.864 16
2850.985 14
2851.107 11
2851.228 8
2851.350 8
2851.471 8
2851.593 9
2851.714 10
2851.836 10
2851.958 10
2852.079 9
2852.201 11
2852.322 11
2852.444 11
2852.565 12
2852.687 15
2852.808 15
2852.930 15
2853.052 14
2853.173 12
2853.295 12
2853.416 12
2853.538 12
2853.659 9
2853.781 8
2853.903 7
2854.024 6
2854.146 4
2854.267 4
2854.389 6
2854.511 6
2854.632 3
2854.754 3
2854.875 1
2854.997 4
2855.119 3
2855.240 3
2855.362 3
2855.483 0
2855.605 3
2855.727 4
2855.848 5
2855.970 6
2856.092 6
2856.213 6
2856.335 6
2856.457 6
2856.578 7
2856.700 10
2856.821 13
2856.943 16
2857.065 20
2857.186 17
2857.308 13
2857.430 9
2857.551 5
2857.673 4
2857.795 4
2857.916 4
2858.038 5
2858.160 5
2858.281 5
2858.403 5
2858.525 2
2858.647 2
2858.768 2
2858.890 2
2859.012 3
2859.133 3
2859.255 3
2859.377 3
2859.498 5
2859.620 7
2859.742 7
2859.864 14
2859.985 16
2860.107 16
2860.229 18
2860.350 18
2860.472 18
2860.594 17
2860.716 16
2860.837 16
2860.959 19
2861.081 19
2861.203 19
2861.324 23
2861.446 19
2861.568 17
2861.690 15
2861.811 11
2861.933 8
2862.055 9
2862.177 10
2862.298 14
2862.420 17
2862.542 16
2862.664 15
2862.786 12
2862.907 11
2863.029 11
2863.151 11
2863.273 14
2863.394 14
2863.516 13
2863.638 12
2863.760 9
2863.882 7
2864.003 8
2864.125 9
2864.247 12
2864.369 15
2864.491 15
2864.613 15
2864.734 15
2864.856 17
2864.978 17
2865.100 17
2865.222 17
2865.344 22
2865.465 19
2865.587 16
2865.709 15
2865.831 10
2865.953 11
2866.075 12
2866.196 12
2866.318 14
2866.440 13
2866.562 12
2866.684 10
2866.806 11
2866.928 11
2867.050 11
2867.171 11
2867.293 13
2867.415 16
2867.537 19
2867.659 22
2867.781 26
2867.903 24
2868.025 22
2868.146 18
2868.268 13
2868.390 13
2868.512 13
2868.634 11
2868.756 8
2868.878 8
2869.000 8
2869.122 8
2869.244 5
2869.366 7
2869.488 9
2869.609 13
2869.731 17
2869.853 16
2869.975 15
2870.097 14
2870.219 13
2870.341 11
2870.463 10
2870.585 11
2870.707 8
2870.829 8
2870.951 7
2871.073 6
2871.195 4
2871.317 5
2871.439 6
2871.561 6
2871.683 7
2871.805 7
2871.927 7
2872.049 9
2872.171 8
2872.293 8
2872.415 8
2872.537 6
2872.659 8
2872.781 10
2872.903 12
2873.025 12
2873.147 14
2873.269 14
2873.391 14
2873.513 13
2873.635 11
2873.757 10
2873.879 9
2874.001 9
2874.123 6
2874.245 7
2874.367 8
2874.489 9
2874.611 11
2874.733 15
2874.855 19
2874.977 22
2875.099 26
2875.221 24
2875.343 22
2875.465 23
2875.587 20
2875.709 17
2875.831 14
2875.953 8
2876.075 4
2876.198 4
2876.320 4
2876.442 4
2876.564 5
2876.686 6
2876.808 7
2876.930 11
2877.052 14
2877.174 14
2877.296 14
2877.418 17
2877.541 14
2877.663 13
2877.785 12
2877.907 12
2878.029 9
2878.151 10
2878.273 11
2878.395 10
2878.517 14
2878.640 14
2878.762 14
2878.884 12
2879.006 15
2879.128 15
2879.250 15
2879.372 15
2879.494 11
2879.617 11
2879.739 11
2879.861 14
2879.983 14
2880.105 13
2880.227 12
2880.350 10
2880.472 12
2880.594 11
2880.716 10
2880.838 9
2880.960 7
2881.083 7
2881.205 7
2881.327 9
2881.449 9
2881.571 8
2881.694 7
2881.816 3
2881.938 2
2882.060 2
2882.182 2
2882.305 2
2882.427 2
2882.549 2
2882.671 2
2882.793 4
2882.916 3
2883.038 3
2883.160 3
2883.282 3
2883.404 3
2883.527 4
2883.649 5
2883.771 10
2883.893 16
2884.016 17
2884.138 18
2884.260 19
2884.382 17
2884.505 16
2884.627 12
2884.749 9
2884.871 6
2884.994 6
2885.116 5
2885.238 5
2885.360 4
2885.483 5
2885.605 6
2885.727 7
2885.850 10
2885.972 11
2886.094 12
2886.216 12
2886.339 15
2886.461 13
2886.583 11
2886.706 6
2886.828 2
2886.950 3
2887.073 4
2887.195 6
2887.317 9
2887.440 10
2887.562 11
2887.684 12
2887.806 13
2887.929 14
2888.051 15
2888.173 15
2888.296 16
2888.418 15
2888.540 14
2888.663 16
2888.785 17
2888.908 19
2889.030 21
2889.152 23
2889.275 22
2889.397 20
2889.519 18
2889.642 13
2889.764 9
2889.886 9
2890.009 9
2890.131 9
2890.254 11
2890.376 11
2890.498 11
2890.621 13
2890.743 10
2890.865 10
2890.988 10
2891.110 15
2891.233 13
2891.355 12
2891.477 11
2891.600 7
2891.722 5
2891.845 6
2891.967 7
2892.089 8
2892.212 13
2892.334 13
2892.457 13
2892.579 13
2892.702 13
2892.824 13
2892.946 13
2893.069 14
2893.191 16
2893.314 16
2893.436 16
2893.559 15
2893.681 13
2893.804 12
2893.926 11
2894.049 10
2894.171 8
2894.293 8
2894.416 8
2894.538 8
2894.661 8
2894.783 8
2894.906 8
2895.028 11
2895.151 12
2895.273 12
2895.396 12
2895.518 10
2895.641 9
2895.763 9
2895.886 9
2896.008 9
2896.131 7
2896.253 7
2896.376 7
2896.498 8
2896.621 7
2896.743 7
2896.866 7
2896.988 6
2897.111 10
2897.233 9
2897.356 8
2897.478 7
2897.601 4
2897.724 8
2897.846 12
2897.969 17
2898.091 22
2898.214 23
2898.336 24
2898.459 25
2898.581 23
2898.704 23
2898.827 23
2898.949 20
2899.072 16
2899.194 15
2899.317 14
2899.439 12
2899.562 9
2899.685 10
2899.807 11
2899.930 10
2900.052 14
2900.175 12
2900.297 10
2900.420 10
2900.543 5
2900.665 7
2900.788 9
2900.910 12
2901.033 14
2901.156 18
2901.278 22
2901.401 26
2901.524 35
2901.646 32
2901.769 28
2901.891 23
2902.014 16
2902.137 14
2902.259 13
2902.382 10
2902.505 8
2902.627 8
2902.750 8
2902.873 11
2902.995 10
2903.118 10
2903.241 10
2903.363 11
2903.486 8
2903.609 8
2903.731 8
2903.854 8
2903.977 11
2904.099 11
2904.222 10
2904.345 9
2904.467 4
2904.590 4
2904.713 5
2904.835 6
2904.958 10
2905.081 12
2905.203 14
2905.326 17
2905.449 19
2905.572 17
2905.694 15
2905.817 12
2905.940 8
2906.062 8
2906.185 8
2906.308 8
2906.431 6
2906.553 7
2906.676 7
2906.799 7
2906.922 6
2907.044 6
2907.167 7
2907.290 8
2907.413 9
2907.535 9
2907.658 9
2907.781 9
2907.904 9
2908.026 9
2908.149 9
2908.272 12
2908.395 11
2908.517 11
2908.640 11
2908.763 10
2908.886 8
2909.008 8
2909.131 8
2909.254 6
2909.377 9
2909.500 11
2909.622 12
2909.745 14
2909.868 16
2909.991 13
2910.114 11
2910.236 8
2910.359 6
2910.482 8
2910.605 10
2910.728 15
2910.851 17
2910.973 16
2911.096 15
2911.219 12
2911.342 10
2911.465 9
2911.588 8
2911.710 6
2911.833 4
2911.956 5
2912.079 6
2912.202 7
2912.325 11
2912.447 11
2912.570 11
2912.693 11
2912.816 11
2912.939 11
2913.062 11
2913.185 13
2913.308 16
2913.430 15
2913.553 14
2913.676 11
2913.799 9
2913.922 9
2914.045 9
2914.168 9
2914.291 6
2914.414 6
2914.536 6
2914.659 6
2914.782 7
2914.905 8
2915.028 9
2915.151 11
2915.274 7
2915.397 6
2915.520 5
2915.643 3
2915.766 4
2915.889 4
2916.012 4
2916.134 4
2916.257 11
2916.380 11
2916.503 11
2916.626 11
2916.749 6
2916.872 6
2916.995 6
2917.118 6
2917.241 10
2917.364 10
2917.487 10
2917.610 11
2917.733 14
2917.856 14
2917.979 14
2918.102 13
2918.225 11
2918.348 11
2918.471 11
2918.594 12
2918.717 11
2918.840 11
2918.963 11
2919.086 10
2919.209 13
2919.332 12
2919.455 12
2919.578 11
2919.701 7
2919.824 7
2919.947 6
2920.070 8
2920.193 9
2920.316 9
2920.439 9
2920.562 8
2920.685 5
2920.808 5
2920.931 5
2921.054 4
2921.177 6
2921.300 6
2921.423 6
2921.546 6
2921.669 6
2921.792 7
2921.915 9
2922.039 10
2922.162 10
2922.285 11
2922.408 10
2922.531 10
2922.654 9
2922.777 7
2922.900 6
2923.023 5
2923.146 4
2923.269 5
2923.392 6
2923.516 8
2923.639 11
2923.762 11
2923.885 11
2924.008 12
2924.131 14
2924.254 13
2924.377 12
2924.500 9
2924.624 9
2924.747 10
2924.870 11
2924.993 12
2925.116 16
2925.239 15
2925.362 14
2925.485 14
2925.609 12
2925.732 12
2925.855 12
2925.978 14
2926.101 13
2926.224 15
2926.348 17
2926.471 18
2926.594 21
2926.717 23
2926.840 25
2926.963 25
2927.087 27
2927.210 22
2927.333 17
2927.456 14
2927.579 9
2927.702 8
2927.826 7
2927.949 4
2928.072 2
2928.195 2
2928.318 2
2928.442 5
2928.565 5
2928.688 5
2928.811 6
2928.934 7
2929.058 9
2929.181 9
2929.304 8
2929.427 4
2929.551 5
2929.674 6
2929.797 7
2929.920 10
2930.043 16
2930.167 14
2930.290 13
2930.413 10
2930.536 4
2930.660 5
2930.783 5
2930.906 6
2931.029 8
2931.153 10
2931.276 12
2931.399 13
2931.523 16
2931.646 15
2931.769 14
2931.892 13
2932.016 11
2932.139 11
2932.262 11
2932.385 11
2932.509 13
2932.632 13
2932.755 13
2932.879 13
2933.002 12
2933.125 12
2933.249 13
2933.372 13
2933.495 10
2933.619 9
2933.742 7
2933.865 9
2933.988 6
2934.112 6
2934.235 9
2934.358 8
2934.482 7
2934.605 9
2934.728 11
2934.852 12
2934.975 14
2935.098 16
2935.222 14
2935.345 16
2935.469 18
2935.592 16
2935.715 15
2935.839 15
2935.962 13
2936.085 14
2936.209 16
2936.332 15
2936.455 19
2936.579 20
2936.702 22
2936.826 21
2936.949 15
2937.072 13
2937.196 11
2937.319 10
2937.443 10
2937.566 10
2937.689 8
2937.813 11
2937.936 10
2938.060 11
2938.183 12
2938.306 12
2938.430 15
2938.553 17
2938.677 19
2938.800 22
2938.924 19
2939.047 16
2939.170 13
2939.294 10
2939.417 9
2939.541 10
2939.664 11
2939.788 9
2939.911 10
2940.035 9
2940.158 8
2940.281 7
2940.405 3
2940.528 3
2940.652 4
2940.775 4
2940.899 3
2941.022 5
2941.146 6
2941.269 9
2941.393 11
2941.516 13
2941.640 15
2941.763 20
2941.887 23
2942.010 22
2942.134 20
2942.257 18
2942.381 15
2942.504 14
2942.628 14
2942.751 10
2942.875 10
2942.998 10
2943.122 10
2943.245 10
2943.369 12
2943.492 11
2943.616 10
2943.739 9
2943.863 7
2943.986 8
2944.110 8
2944.233 8
2944.357 11
2944.481 11
2944.604 12
2944.728 15
2944.851 13
2944.975 13
2945.098 13
2945.222 13
2945.345 9
2945.469 8
2945.593 7
2945.716 4
2945.840 5
2945.963 5
2946.087 5
2946.211 6
2946.334 8
2946.458 8
2946.581 11
2946.705 12
2946.828 10
2946.952 10
2947.076 8
2947.199 6
2947.323 4
2947.447 4
2947.570 3
2947.694 4
2947.817 6
2947.941 6
2948.065 6
2948.188 5
2948.312 5
2948.436 6
2948.559 7
2948.683 9
2948.806 11
2948.930 12
2949.054 13
2949.177 15
2949.301 19
2949.425 19
2949.548 19
2949.672 19
2949.796 17
2949.919 17
2950.043 17
2950.167 17
2950.290 20
2950.414 20
2950.538 20
2950.661 20
2950.785 18
2950.909 19
2951.032 20
2951.156 20
2951.280 20
2951.403 18
2951.527 16
2951.651 15
2951.775 11
2951.898 14
2952.022 14
2952.146 14
2952.269 14
2952.393 10
2952.517 9
2952.641 9
2952.764 5
2952.888 5
2953.012 5
2953.136 2
2953.259 6
2953.383 7
2953.507 8
2953.630 11
2953.754 13
2953.878 11
2954.002 9
2954.125 9
2954.249 6
2954.373 6
2954.497 6
2954.621 7
2954.744 4
2954.868 3
2954.992 2
2955.116 1
2955.239 2
2955.363 3
2955.487 5
2955.611 6
2955.735 8
2955.858 8
2955.982 7
2956.106 9
2956.230 11
2956.354 12
2956.477 13
2956.601 17
2956.725 19
2956.849 20
2956.973 21
2957.096 24
2957.220 30
2957.344 30
2957.468 32
2957.592 35
2957.716 30
2957.839 28
2957.963 24
2958.087 18
2958.211 15
2958.335 14
2958.459 13
2958.582 11
2958.706 10
2958.830 11
2958.954 12
2959.078 12
2959.202 14
2959.326 13
2959.449 12
2959.573 9
2959.697 8
2959.821 7
2959.945 6
2960.069 4
2960.193 3
2960.317 3
2960.441 3
2960.564 1
2960.688 2
2960.812 6
2960.936 10
2961.060 14
2961.184 17
2961.308 16
2961.432 15
2961.556 15
2961.680 14
2961.804 12
2961.927 10
2962.051 9
2962.175 6
2962.299 6
2962.423 7
2962.547 4
2962.671 5
2962.795 6
2962.919 6
2963.043 6
2963.167 5
2963.291 7
2963.415 8
2963.539 9
2963.663 12
2963.787 11
2963.911 11
2964.035 9
2964.158 9
2964.282 9
2964.406 9
2964.530 10
2964.654 9
2964.778 8
2964.902 7
2965.026 5
2965.150 4
2965.274 3
2965.398 2
2965.522 2
2965.646 1
2965.770 2
2965.894 3
2966.018 5
2966.142 7
2966.266 8
2966.390 9
2966.514 11
2966.638 11
2966.762 10
2966.887 9
2967.011 7
2967.135 4
2967.259 4
2967.383 4
2967.507 5
2967.631 8
2967.755 8
2967.879 8
2968.003 7
2968.127 5
2968.251 7
2968.375 7
2968.499 10
2968.623 10
2968.747 7
2968.871 6
2968.995 4
2969.119 2
2969.244 2
2969.368 2
2969.492 3
2969.616 2
2969.740 2
2969.864 2
2969.988 3
2970.112 6
2970.236 6
2970.360 6
2970.485 4
2970.609 6
2970.733 7
2970.857 8
2970.981 10
2971.105 12
2971.229 12
2971.353 12
2971.477 13
2971.602 15
2971.726 16
2971.850 17
2971.974 17
2972.098 16
2972.222 17
2972.346 17
2972.471 15
2972.595 14
2972.719 13
2972.843 13
2972.967 12
2973.091 13
2973.216 12
2973.340 11
2973.464 8
2973.588 6
2973.712 5
2973.836 4
2973.961 4
2974.085 3
2974.209 3
2974.333 3
2974.457 4
2974.581 3
2974.706 3
2974.830 3
2974.954 1
2975.078 6
2975.203 8
2975.327 10
2975.451 13
2975.575 12
2975.699 14
2975.824 16
2975.948 16
2976.072 20
2976.196 20
2976.320 20
2976.445 17
2976.569 18
2976.693 16
2976.817 14
2976.942 12
2977.066 10
2977.190 12
2977.314 14
2977.439 19
2977.563 18
2977.687 17
2977.811 16
2977.936 14
2978.060 16
2978.184 16
2978.309 16
2978.433 19
2978.557 19
2978.681 17
2978.806 15
2978.930 12
2979.054 10
2979.179 10
2979.303 11
2979.427 11
2979.551 12
2979.676 14
2979.800 15
2979.924 20
2980.049 25
2980.173 26
2980.297 27
2980.422 30
2980.546 30
2980.670 27
2980.795 24
2980.919 20
2981.043 15
2981.168 14
2981.292 13
2981.416 12
2981.541 12
2981.665 12
2981.789 13
2981.914 13
2982.038 13
2982.162 13
2982.287 12
2982.411 10
2982.535 7
2982.660 7
2982.784 8
2982.909 7
2983.033 6
2983.157 7
2983.282 7
2983.406 7
2983.530 10
2983.655 10
2983.779 10
2983.904 12
2984.028 13
2984.152 13
2984.277 13
2984.401 13
2984.526 11
2984.650 11
2984.774 13
2984.899 14
2985.023 11
2985.148 11
2985.272 10
2985.397 9
2985.521 9
2985.645 9
2985.770 8
2985.894 6
2986.019 10
2986.143 11
2986.268 14
2986.392 16
2986.516 14
2986.641 14
2986.765 12
2986.890 9
2987.014 11
2987.139 10
2987.263 9
2987.388 6
2987.512 5
2987.637 5
2987.761 5
2987.886 5
2988.010 3
2988.135 5
2988.259 7
2988.384 9
2988.508 13
2988.632 13
2988.757 13
2988.881 13
2989.006 13
2989.130 12
2989.255 11
2989.380 10
2989.504 6
2989.629 7
2989.753 8
2989.878 9
2990.002 12
2990.127 12
2990.251 12
2990.376 13
2990.500 12
2990.625 11
2990.749 10
2990.874 8
2990.998 6
2991.123 7
2991.247 8
2991.372 9
2991.497 12
2991.621 13
2991.746 14
2991.870 15
2991.995 17
2992.119 16
2992.244 15
2992.369 14
2992.493 13
2992.618 11
2992.742 9
2992.867 7
2992.991 5
2993.116 6
2993.241 7
2993.365 8
2993.490 9
2993.614 10
2993.739 11
2993.864 12
2993.988 16
2994.113 17
2994.237 18
2994.362 19
2994.487 22
2994.611 19
2994.736 16
2994.861 13
2994.985 9
2995.110 8
2995.234 7
2995.359 6
2995.484 4
2995.608 4
2995.733 4
2995.858 4
2995.982 7
2996.107 7
2996.232 7
2996.356 8
2996.481 6
2996.606 6
2996.730 6
2996.855 8
2996.980 11
2997.104 11
2997.229 11
2997.354 8
2997.478 8
2997.603 9
2997.728 10
2997.852 13
2997.977 13
2998.102 13
2998.227 13
2998.351 19
2998.476 19
2998.601 19
2998.725 20
2998.850 15
2998.975 14
2999.099 11
2999.224 8
2999.349 6
2999.474 4
2999.598 4
2999.723 3
2999.848 4
2999.973 2
3000.097 4
3000.222 6
3000.347 8
3000.472 10
3000.596 9
3000.721 8
3000.846 7
3000.971 11
3001.095 10
3001.220 9
3001.345 11
3001.470 9
3001.594 9
3001.719 9
3001.844 9
3001.969 7
3002.093 7
3002.218 6
3002.343 5
3002.468 3
3002.593 2
3002.717 2
3002.842 3
3002.967 4
3003.092 5
3003.217 7
3003.341 11
3003.466 9
3003.591 9
3003.716 9
3003.841 5
3003.966 4
3004.090 3
3004.215 1
3004.340 2
3004.465 5
3004.590 5
3004.714 5
3004.839 6
3004.964 8
3005.089 7
3005.214 6
3005.339 2
3005.464 0
3005.588 1
3005.713 2
3005.838 5
3005.963 6
3006.088 6
3006.213 6
3006.338 4
3006.462 7
3006.587 7
3006.712 7
3006.837 8
3006.962 6
3007.087 6
3007.212 6
3007.337 10
3007.462 11
3007.586 12
3007.711 13
3007.836 9
3007.961 13
3008.086 12
3008.211 11
3008.336 11
3008.461 8
3008.586 7
3008.711 6
3008.836 4
3008.961 1
3009.085 1
3009.210 1
3009.335 1
3009.460 5
3009.585 6
3009.710 7
3009.835 10
3009.960 8
3010.085 8
3010.210 8
3010.335 5
3010.460 3
3010.585 5
3010.710 7
3010.835 10
3010.960 12
3011.085 11
3011.210 10
3011.335 9
3011.460 5
3011.585 4
3011.710 3
3011.835 2
3011.960 1
3012.085 1
3012.210 1
3012.335 1
3012.460 0
3012.585 2
3012.710 5
3012.835 8
3012.960 13
3013.085 16
3013.210 16
3013.335 15
3013.460 17
3013.585 13
3013.710 10
3013.835 8
3013.960 5
3014.085 5
3014.210 6
3014.335 7
3014.460 9
3014.585 9
3014.710 9
3014.835 9
3014.960 7
3015.085 8
3015.210 9
3015.335 12
3015.460 12
3015.585 12
3015.711 12
3015.836 11
3015.961 12
3016.086 14
3016.211 16
3016.336 18
3016.461 19
3016.586 18
3016.711 17
3016.836 13
3016.961 13
3017.086 14
3017.212 15
3017.337 16
3017.462 15
3017.587 13
3017.712 11
3017.837 9
3017.962 5
3018.087 6
3018.213 7
3018.338 8
3018.463 9
3018.588 8
3018.713 7
3018.838 4
3018.963 5
3019.088 5
3019.214 5
3019.339 5
3019.464 4
3019.589 5
3019.714 6
3019.839 7
3019.965 5
3020.090 6
3020.215 7
3020.340 5
3020.465 8
3020.590 8
3020.716 9
3020.841 9
3020.966 10
3021.091 12
3021.216 11
3021.341 10
3021.467 10
3021.592 9
3021.717 10
3021.842 11
3021.967 13
3022.093 12
3022.218 11
3022.343 8
3022.468 4
3022.594 5
3022.719 6
3022.844 5
3022.969 7
3023.094 8
3023.220 9
3023.345 11
3023.470 14
3023.595 13
3023.721 12
3023.846 12
3023.971 11
3024.096 10
3024.222 9
3024.347 9
3024.472 8
3024.597 8
3024.723 8
3024.848 11
3024.973 12
3025.098 12
3025.224 14
3025.349 11
3025.474 13
3025.600 11
3025.725 8
3025.850 7
3025.975 6
3026.101 6
3026.226 5
3026.351 5
3026.477 5
3026.602 5
3026.727 5
3026.852 5
3026.978 3
3027.103 3
3027.228 3
3027.354 3
3027.479 6
3027.604 8
3027.730 12
3027.855 14
3027.980 16
3028.106 18
3028.231 19
3028.356 21
3028.482 27
3028.607 25
3028.732 22
3028.858 23
3028.983 19
3029.108 17
3029.234 15
3029.359 12
3029.485 8
3029.610 8
3029.735 8
3029.861 6
3029.986 7
3030.111 8
3030.237 9
3030.362 10
3030.488 12
3030.613 11
3030.738 10
3030.864 12
3030.989 12
3031.115 13
3031.240 12
3031.365 8
3031.491 8
3031.616 7
3031.742 9
3031.867 11
3031.992 14
3032.118 14
3032.243 13
3032.369 14
3032.494 14
3032.619 14
3032.745 15
3032.870 13
3032.996 10
3033.121 10
3033.247 9
3033.372 9
3033.498 9
3033.623 9
3033.748 9
3033.874 9
3033.999 11
3034.125 11
3034.250 11
3034.376 11
3034.501 12
3034.627 11
3034.752 10
3034.878 10
3035.003 8
3035.129 8
3035.254 9
3035.380 8
3035.505 6
3035.631 6
3035.756 5
3035.882 5
3036.007 8
3036.133 7
3036.258 6
3036.384 6
3036.509 3
3036.635 3
3036.760 3
3036.886 3
3037.011 4
3037.137 4
3037.262 5
3037.388 6
3037.513 9
3037.639 9
3037.764 8
3037.890 6
3038.015 6
3038.141 7
3038.267 8
3038.392 9
3038.518 6
3038.643 6
3038.769 6
3038.894 6
3039.020 4
3039.145 6
3039.271 9
3039.397 11
3039.522 15
3039.648 14
3039.773 12
3039.899 12
3040.025 8
3040.150 7
3040.276 6
3040.401 4
3040.527 2
3040.653 2
3040.778 2
3040.904 2
3041.029 1
3041.155 4
3041.281 7
3041.406 10
3041.532 13
3041.657 15
3041.783 18
3041.909 20
3042.034 24
3042.160 21
3042.286 17
3042.411 14
3042.537 8
3042.662 8
3042.788 8
3042.914 8
3043.039 6
3043.165 5
3043.291 4
3043.416 5
3043.542 4
3043.668 5
3043.793 6
3043.919 9
3044.045 8
3044.170 7
3044.296 7
3044.422 4
3044.547 6
3044.673 6
3044.799 5
3044.924 3
3045.050 3
3045.176 5
3045.302 7
3045.427 11
3045.553 14
3045.679 14
3045.804 14
3045.930 12
3046.056 10
3046.182 8
3046.307 6
3046.433 9
3046.559 7
3046.684 7
3046.810 7
3046.936 5
3047.062 8
3047.187 8
3047.313 8
3047.439 6
3047.565 8
3047.690 8
3047.816 8
3047.942 7
3048.068 4
3048.193 5
3048.319 6
3048.445 8
3048.571 11
3048.696 13
3048.822 14
3048.948 15
3049.074 18
3049.200 14
3049.325 11
3049.451 7
3049.577 4
3049.703 4
3049.828 4
3049.954 4
3050.080 6
3050.206 6
3050.332 6
3050.457 6
3050.583 7
3050.709 9
3050.835 11
3050.961 13
3051.087 17
3051.212 15
3051.338 13
3051.464 11
3051.590 10
3051.716 10
3051.842 10
3051.967 10
3052.093 6
3052.219 6
3052.345 6
3052.471 6
3052.597 8
3052.722 8
3052.848 8
3052.974 8
3053.100 10
3053.226 11
3053.352 12
3053.478 15
3053.604 17
3053.729 18
3053.855 18
3053.981 18
3054.107 17
3054.233 18
3054.359 20
3054.485 21
3054.611 25
3054.737 23
3054.862 21
3054.988 19
3055.114 15
3055.240 14
3055.366 13
3055.492 13
3055.618 11
3055.744 11
3055.870 12
3055.996 12
3056.122 11
3056.248 11
3056.373 10
3056.499 8
3056.625 7
3056.751 7
3056.877 7
3057.003 7
3057.129 6
3057.255 6
3057.381 6
3057.507 6
3057.633 8
3057.759 7
3057.885 6
3058.011 5
3058.137 4
3058.263 5
3058.389 7
3058.515 10
3058.641 14
3058.767 14
3058.893 13
3059.019 11
3059.145 8
3059.271 8
3059.397 8
3059.523 8
3059.649 5
3059.775 4
3059.901 3
3060.027 2
3060.153 5
3060.279 9
3060.405 13
3060.531 20
3060.657 21
3060.783 21
3060.909 21
3061.035 18
3061.161 16
3061.287 15
3061.413 12
3061.539 6
3061.665 4
3061.791 3
3061.917 3
3062.043 2
3062.169 1
3062.295 1
3062.421 2
3062.547 3
3062.673 4
3062.800 4
3062.926 4
3063.052 4
3063.178 4
3063.304 4
3063.430 4
3063.556 4
3063.682 2
3063.808 3
3063.934 4
3064.060 5
3064.186 7
3064.313 7
3064.439 7
3064.565 7
3064.691 10
3064.817 10
3064.943 9
3065.069 8
3065.195 7
3065.321 6
3065.448 6
3065.574 6
3065.700 3
3065.826 3
3065.952 3
3066.078 6
3066.204 8
3066.330 8
3066.457 8
3066.583 5
3066.709 3
3066.835 4
3066.961 5
3067.087 8
3067.214 7
3067.340 7
3067.466 7
3067.592 4
3067.718 6
3067.844 7
3067.971 8
3068.097 10
3068.223 13
3068.349 12
3068.475 11
3068.602 10
3068.728 7
3068.854 8
3068.980 8
3069.106 9
3069.233 7
3069.359 7
3069.485 8
3069.611 9
3069.737 6
3069.864 5
3069.990 4
3070.116 2
3070.242 2
3070.368 2
3070.495 2
3070.621 3
3070.747 5
3070.873 5
3071.000 5
3071.126 4
3071.252 3
3071.378 3
3071.505 5
3071.631 5
3071.757 5
3071.883 7
3072.010 7
3072.136 11
3072.262 15
3072.388 20
3072.515 25
3072.641 29
3072.767 34
3072.894 29
3073.020 24
3073.146 18
3073.272 13
3073.399 13
3073.525 14
3073.651 14
3073.778 14
3073.904 14
3074.030 13
3074.157 13
3074.283 11
3074.409 10
3074.535 9
3074.662 8
3074.788 5
3074.914 5
3075.041 5
3075.167 6
3075.293 8
3075.420 7
3075.546 6
3075.672 5
3075.799 3
3075.925 3
3076.051 3
3076.178 3
3076.304 1
3076.431 1
3076.557 1
3076.683 0
3076.810 0
3076.936 1
3077.062 2
3077.189 3
3077.315 6
3077.441 7
3077.568 7
3077.694 7
3077.821 10
3077.947 9
3078.073 9
3078.200 10
3078.326 8
3078.453 7
3078.579 6
3078.705 4
3078.832 3
3078.958 3
3079.085 3
3079.211 3
3079.337 5
3079.464 6
3079.590 7
3079.717 8
3079.843 10
3079.970 8
3080.096 7
3080.222 5
3080.349 2
3080.475 2
3080.602 1
3080.728 1
3080.855 2
3080.981 5
3081.108 9
3081.234 14
3081.360 20
3081.487 19
3081.613 17
3081.740 14
3081.866 11
3081.993 10
3082.119 9
3082.246 8
3082.372 8
3082.499 8
3082.625 9
3082.752 9
3082.878 9
3083.005 9
3083.131 8
3083.258 9
3083.384 7
3083.511 6
3083.637 5
3083.764 3
3083.890 0
3084.017 0
3084.143 0
3084.270 3
3084.396 3
3084.523 4
3084.649 5
3084.776 5
3084.902 7
3085.029 10
3085.155 14
3085.282 15
3085.409 19
3085.535 18
3085.662 16
3085.788 18
3085.915 15
3086.041 14
3086.168 13
3086.294 10
3086.421 9
3086.548 8
3086.674 8
3086.801 8
3086.927 5
3087.054 5
3087.180 4
3087.307 3
3087.434 1
3087.560 2
3087.687 3
3087.813 3
3087.940 4
3088.067 5
3088.193 8
3088.320 9
3088.446 10
3088.573 10
3088.700 10
3088.826 10
3088.953 12
3089.079 12
3089.206 10
3089.333 10
3089.459 13
3089.586 12
3089.713 11
3089.839 10
3089.966 6
3090.093 6
3090.219 6
3090.346 6
3090.472 6
3090.599 5
3090.726 5
3090.852 4
3090.979 1
3091.106 1
3091.232 0
3091.359 0
3091.486 1
3091.612 2
3091.739 3
3091.866 4
3091.992 7
3092.119 7
3092.246 7
3092.373 7
3092.499 5
3092.626 5
3092.753 5
3092.879 6
3093.006 7
3093.133 7
3093.259 8
3093.386 12
3093.513 12
3093.640 12
3093.766 11
3093.893 11
3094.020 9
3094.147 8
3094.273 7
3094.400 5
3094.527 4
3094.653 4
3094.780 4
3094.907 4
3095.034 3
3095.160 4
3095.287 5
3095.414 8
3095.541 9
3095.667 9
3095.794 10
3095.921 10
3096.048 9
3096.175 9
3096.301 9
3096.428 6
3096.555 5
3096.682 6
3096.808 6
3096.935 9
3097.062 10
3097.189 10
3097.316 10
3097.442 11
3097.569 8
3097.696 8
3097.823 8
3097.950 14
3098.076 13
3098.203 12
3098.330 11
3098.457 4
3098.584 7
3098.710 7
3098.837 7
3098.964 7
3099.091 6
3099.218 6
3099.345 6
3099.471 6
3099.598 8
3099.725 9
3099.852 10
3099.979 12
3100.106 13
3100.233 14
3100.359 14
3100.486 12
3100.613 13
3100.740 11
3100.867 10
3100.994 11
3101.121 9
3101.248 9
3101.374 9
3101.501 9
3101.628 11
3101.755 12
3101.882 12
3102.009 9
3102.136 11
3102.263 11
3102.390 11
3102.516 11
3102.643 10
3102.770 9
3102.897 9
3103.024 9
3103.151 8
3103.278 9
3103.405 10
3103.532 11
3103.659 10
3103.786 10
3103.913 10
3104.039 10
3104.166 11
3104.293 10
3104.420 9
3104.547 8
3104.674 6
3104.801 7
3104.928 7
3105.055 7
3105.182 7
3105.309 6
3105.436 6
3105.563 6
3105.690 5
3105.817 6
3105.944 7
3106.071 8
3106.198 10
3106.325 10
3106.452 9
3106.579 8
3106.706 5
3106.833 4
3106.960 4
3107.087 4
3107.214 4
3107.341 5
3107.468 5
3107.595 6
3107.722 3
3107.849 2
3107.976 2
3108.103 1
3108.230 0
3108.357 0
3108.484 0
3108.611 0
3108.738 0
3108.865 0
3108.992 0
3109.119 0
3109.246 1
3109.373 1
3109.500 1
3109.627 1
3109.754 3
3109.881 3
3110.008 3
3110.135 3
3110.263 2
3110.390 2
3110.517 2
3110.644 2
3110.771 0
3110.898 0
3111.025 0
3111.152 1
3111.279 1
3111.406 2
3111.533 2
3111.660 2
3111.788 2
3111.915 1
3112.042 1
3112.169 0
3112.296 2
3112.423 2
3112.550 2
3112.677 2
3112.804 4
3112.932 4
3113.059 4
3113.186 4
3113.313 5
3113.440 5
3113.567 5
3113.694 5
3113.821 5
3113.949 7
3114.076 8
3114.203 10
3114.330 13
3114.457 11
3114.584 10
3114.712 8
3114.839 7
3114.966 7
3115.093 6
3115.220 5
3115.347 2
3115.475 2
3115.602 3
3115.729 4
3115.856 5
3115.983 5
3116.110 5
3116.238 6
3116.365 8
3116.492 9
3116.619 9
3116.746 8
3116.874 7
3117.001 6
3117.128 6
3117.255 6
3117.382 5
3117.510 5
3117.637 5
3117.764 5
3117.891 6
3118.019 9
3118.146 12
3118.273 15
3118.400 20
3118.528 19
3118.655 18
3118.782 17
3118.909 15
3119.037 13
3119.164 12
3119.291 10
3119.418 5
3119.546 5
3119.673 4
3119.800 4
3119.927 4
3120.055 4
3120.182 3
3120.309 2
3120.436 1
3120.564 0
3120.691 0
3120.818 0
3120.946 3
3121.073 3
3121.200 4
3121.327 4
3121.455 5
3121.582 6
3121.709 6
3121.837 10
3121.964 13
3122.091 13
3122.219 13
3122.346 10
3122.473 7
3122.601 8
3122.728 9
3122.855 11
3122.983 14
3123.110 13
3123.237 12
3123.365 12
3123.492 8
3123.619 8
3123.747 8
3123.874 6
3124.001 4
3124.129 4
3124.256 4
3124.383 4
3124.511 1
3124.638 1
3124.766 1
3124.893 2
3125.020 2
3125.148 3
3125.275 3
3125.402 4
3125.530 6
3125.657 5
3125.785 5
3125.912 3
3126.039 4
3126.167 4
3126.294 5
3126.422 5
3126.549 7
3126.676 8
3126.804 7
3126.931 8
3127.059 5
3127.186 5
3127.313 6
3127.441 8
3127.568 10
3127.696 10
3127.823 10
3127.951 8
3128.078 6
3128.205 6
3128.333 9
3128.460 9
3128.588 9
3128.715 9
3128.843 6
3128.970 6
3129.098 5
3129.225 5
3129.353 5
3129.480 6
3129.608 8
3129.735 8
3129.862 8
3129.990 7
3130.117 4
3130.245 4
3130.372 5
3130.500 6
3130.627 7
3130.755 7
3130.882 6
3131.010 5
3131.137 7
3131.265 7
3131.392 8
3131.520 8
3131.647 10
3131.775 10
3131.902 9
3132.030 9
3132.157 6
3132.285 6
3132.413 6
3132.540 6
3132.668 4
3132.795 4
3132.923 4
3133.050 4
3133.178 4
3133.305 4
3133.433 4
3133.560 4
3133.688 5
3133.816 5
3133.943 6
3134.071 6
3134.198 9
3134.326 9
3134.453 9
3134.581 11
3134.709 12
3134.836 11
3134.964 9
3135.091 7
3135.219 1
3135.346 1
3135.474 1
3135.602 2
3135.729 3
3135.857 5
3135.984 7
3136.112 9
3136.240 12
3136.367 12
3136.495 12
3136.622 12
3136.750 13
3136.878 11
3137.005 9
3137.133 7
3137.261 5
3137.388 9
3137.516 10
3137.644 9
3137.771 13
3137.899 10
3138.026 10
3138.154 13
3138.282 13
3138.409 12
3138.537 11
3138.665 12
3138.792 11
3138.920 11
3139.048 11
3139.175 13
3139.303 12
3139.431 11
3139.558 10
3139.686 6
3139.814 4
3139.941 7
3140.069 10
3140.197 14
3140.325 17
3140.452 17
3140.580 17
3140.708 18
3140.835 14
3140.963 12
3141.091 10
3141.218 8
3141.346 6
3141.474 9
3141.602 12
3141.729 13
3141.857 16
3141.985 16
3142.113 16
3142.240 17
3142.368 15
3142.496 13
3142.623 11
3142.751 8
3142.879 4
3143.007 4
3143.134 4
3143.262 4
3143.390 5
3143.518 5
3143.646 5
3143.773 7
3143.901 10
3144.029 11
3144.157 13
3144.284 14
3144.412 15
3144.540 14
3144.668 12
3144.795 14
3144.923 11
3145.051 11
3145.179 11
3145.307 7
3145.434 6
3145.562 5
3145.690 5
3145.818 6
3145.946 4
3146.074 4
3146.201 3
3146.329 5
3146.457 7
3146.585 6
3146.713 5
3146.840 4
3146.968 8
3147.096 10
3147.224 12
3147.352 16
3147.480 20
3147.607 18
3147.735 16
3147.863 10
3147.991 7
3148.119 9
3148.247 9
3148.375 6
3148.502 5
3148.630 3
3148.758 3
3148.886 3
3149.014 4
3149.142 5
3149.270 6
3149.398 7
3149.525 8
3149.653 8
3149.781 8
3149.909 9
3150.037 8
3150.165 7
3150.293 6
3150.421 4
3150.549 4
3150.677 5
3150.804 6
3150.932 8
3151.060 8
3151.188 11
3151.316 14
3151.444 19
3151.572 17
3151.700 14
3151.828 12
3151.956 7
3152.084 5
3152.212 4
3152.340 2
3152.468 0
3152.596 0
3152.723 0
3152.851 1
3152.979 1
3153.107 2
3153.235 2
3153.363 1
3153.491 2
3153.619 2
3153.747 2
3153.875 2
3154.003 2
3154.131 2
3154.259 3
3154.387 4
3154.515 7
3154.643 8
3154.771 8
3154.899 8
3155.027 9
3155.155 6
3155.283 8
3155.411 10
3155.539 9
3155.667 11
3155.795 13
3155.923 13
3156.051 12
3156.179 9
3156.307 7
3156.435 8
3156.563 8
3156.691 8
3156.819 9
3156.947 9
3157.075 10
3157.204 13
3157.332 11
3157.460 9
3157.588 7
3157.716 1
3157.844 1
3157.972 1
3158.100 1
3158.228 1
3158.356 2
3158.484 3
3158.612 4
3158.740 8
3158.868 8
3158.996 9
3159.125 10
3159.253 8
3159.381 8
3159.509 7
3159.637 6
3159.765 1
3159.893 1
3160.021 1
3160.149 1
3160.277 0
3160.406 0
3160.534 0
3160.662 0
3160.790 0
3160.918 0
3161.046 0
3161.174 0
3161.302 2
3161.431 2
3161.559 2
3161.687 2
3161.815 0
3161.943 1
3162.071 2
3162.199 3
3162.328 5
3162.456 6
3162.584 7
3162.712 8
3162.840 11
3162.968 9
3163.096 7
3163.225 6
3163.353 3
3163.481 4
3163.609 5
3163.737 6
3163.866 9
3163.994 8
3164.122 7
3164.250 5
3164.378 4
3164.507 5
3164.635 5
3164.763 5
3164.891 3
3165.019 2
3165.148 2
3165.276 2
3165.404 0
3165.532 0
3165.660 0
3165.789 2
3165.917 2
3166.045 2
3166.173 4
3166.302 3
3166.430 4
3166.558 5
3166.686 4
3166.815 4
3166.943 5
3167.071 5
3167.199 5
3167.328 5
3167.456 2
3167.584 3
3167.712 4
3167.841 8
3167.969 11
3168.097 11
3168.225 11
3168.354 8
3168.482 9
3168.610 8
3168.739 7
3168.867 7
3168.995 3
3169.123 3
3169.252 3
3169.380 2
3169.508 2
3169.637 3
3169.765 4
3169.893 5
3170.022 8
3170.150 9
3170.278 10
3170.406 11
3170.535 12
3170.663 12
3170.791 12
3170.920 12
3171.048 9
3171.176 9
3171.305 9
3171.433 10
3171.561 10
3171.690 9
3171.818 8
3171.947 6
3172.075 3
3172.203 4
3172.332 4
3172.460 7
3172.588 9
3172.717 8
3172.845 9
3172.973 7
3173.102 8
3173.230 8
3173.359 7
3173.487 7
3173.615 10
3173.744 10
3173.872 10
3174.000 12
3174.129 8
3174.257 7
3174.386 6
3174.514 5
3174.643 5
3174.771 5
3174.899 5
3175.028 7
3175.156 8
3175.285 8
3175.413 8
3175.541 5
3175.670 3
3175.798 3
3175.927 3
3176.055 1
3176.184 4
3176.312 4
3176.440 4
3176.569 4
3176.697 5
3176.826 5
3176.954 5
3177.083 6
3177.211 5
3177.340 5
3177.468 5
3177.597 5
3177.725 4
3177.854 4
3177.982 4
3178.111 5
3178.239 7
3178.367 7
3178.496 8
3178.624 6
3178.753 4
3178.881 5
3179.010 5
3179.138 7
3179.267 8
3179.395 9
3179.524 9
3179.652 9
3179.781 7
3179.910 6
3180.038 6
3180.167 5
3180.295 6
3180.424 6
3180.552 6
3180.681 8
3180.809 9
3180.938 10
3181.066 11
3181.195 11
3181.323 8
3181.452 8
3181.580 8
3181.709 9
3181.838 12
3181.966 13
3182.095 14
3182.223 21
3182.352 20
3182.480 18
3182.609 16
3182.738 12
3182.866 14
3182.995 14
3183.123 14
3183.252 13
3183.380 9
3183.509 8
3183.638 7
3183.766 5
3183.895 3
3184.023 3
3184.152 3
3184.281 4
3184.409 6
3184.538 6
3184.667 6
3184.795 5
3184.924 6
3185.052 9
3185.181 12
3185.310 16
3185.438 20
3185.567 18
3185.696 16
3185.824 14
3185.953 9
3186.081 7
3186.210 5
3186.339 5
3186.467 4
3186.596 4
3186.725 4
3186.853 6
3186.982 5
3187.111 5
3187.239 5
3187.368 0
3187.497 3
3187.625 4
3187.754 5
3187.883 6
3188.011 8
3188.140 8
3188.269 8
3188.398 8
3188.526 4
3188.655 4
3188.784 4
3188.912 4
3189.041 2
3189.170 3
3189.298 3
3189.427 3
3189.556 3
3189.685 3
3189.813 4
3189.942 6
3190.071 10
3190.200 10
3190.328 10
3190.457 10
3190.586 10
3190.714 9
3190.843 8
3190.972 6
3191.101 5
3191.229 6
3191.358 6
3191.487 6
3191.616 8
3191.744 6
3191.873 5
3192.002 4
3192.131 3
3192.260 3
3192.388 3
3192.517 3
3192.646 4
3192.775 4
3192.903 4
3193.032 4
3193.161 6
3193.290 5
3193.419 4
3193.547 3
3193.676 0
3193.805 3
3193.934 3
3194.063 3
3194.191 3
3194.320 2
3194.449 2
3194.578 5
3194.707 7
3194.836 5
3194.964 6
3195.093 6
3195.222 4
3195.351 4
3195.480 3
3195.609 2
3195.737 3
3195.866 3
3195.995 3
3196.124 1
3196.253 0
3196.382 1
3196.511 1
3196.639 2
3196.768 2
3196.897 1
3197.026 1
3197.155 0
3197.284 0
3197.413 0
3197.542 0
3197.670 0
3197.799 3
3197.928 4
3198.057 5
3198.186 8
3198.315 12
3198.444 11
3198.573 9
3198.702 5
3198.830 3
3198.959 2
3199.088 2
3199.217 2
3199.346 0
3199.475 0
3199.604 0
3199.733 0
3199.862 1
3199.991 1
3200.120 1
3200.249 1
3200.378 2
3200.507 2
3200.635 2
3200.764 2
3200.893 0
3201.022 0
3201.151 0
3201.280 0
3201.409 1
3201.538 2
3201.667 2
3201.796 2
3201.925 4
3202.054 5
3202.183 6
3202.312 7
3202.441 8
3202.570 7
3202.699 7
3202.828 7
3202.957 9
3203.086 10
3203.215 10
3203.344 10
3203.473 10
3203.602 10
3203.731 10
3203.860 12
3203.989 14
3204.118 11
3204.247 9
3204.376 5
3204.505 1
3204.634 1
3204.763 1
3204.892 1
3205.021 3
3205.150 3
3205.279 3
3205.408 3
3205.537 1
3205.666 1
3205.796 1
3205.925 1
3206.054 1
3206.183 1
3206.312 1
3206.441 1
3206.570 1
3206.699 1
3206.828 1
3206.957 1
3207.086 4
3207.215 5
3207.344 6
3207.473 7
3207.603 9
3207.732 9
3207.861 10
3207.990 10
3208.119 10
3208.248 11
3208.377 11
3208.506 13
3208.635 10
3208.764 9
3208.894 8
3209.023 7
3209.152 7
3209.281 8
3209.410 9
3209.539 5
3209.668 7
3209.797 7
3209.927 7
3210.056 13
3210.185 13
3210.314 12
3210.443 11
3210.572 14
3210.701 12
3210.831 11
3210.960 10
3211.089 7
3211.218 5
3211.347 4
3211.476 3
3211.606 2
3211.735 0
3211.864 0
3211.993 0
3212.122 0
3212.252 1
3212.381 3
3212.510 4
3212.639 6
3212.768 7
3212.898 6
3213.027 6
3213.156 5
3213.285 6
3213.414 6
3213.544 6
3213.673 6
3213.802 4
3213.931 5
3214.060 6
3214.190 5
3214.319 7
3214.448 10
3214.577 13
3214.707 17
3214.836 22
3214.965 20
3215.094 18
3215.224 14
3215.353 10
3215.482 10
3215.611 11
3215.741 11
3215.870 8
3215.999 7
3216.128 8
3216.258 6
3216.387 5
3216.516 5
3216.645 2
3216.775 4
3216.904 2
3217.033 2
3217.163 2
3217.292 0
3217.421 0
3217.550 2
3217.680 4
3217.809 6
3217.938 10
3218.068 14
3218.197 17
3218.326 20
3218.456 25
3218.585 20
3218.714 16
3218.844 12
3218.973 8
3219.102 7
3219.232 6
3219.361 5
3219.490 4
3219.620 4
3219.749 4
3219.878 7
3220.008 6
3220.137 9
3220.266 12
3220.396 15
3220.525 14
3220.654 12
3220.784 10
3220.913 8
3221.042 10
3221.172 9
3221.301 8
3221.431 6
3221.560 5
3221.689 5
3221.819 5
3221.948 6
3222.077 7
3222.207 7
3222.336 7
3222.466 4
3222.595 1
3222.724 1
3222.854 1
3222.983 1
3223.113 0
3223.242 0
3223.371 0
3223.501 4
3223.630 8
3223.760 9
3223.889 10
3224.019 7
3224.148 9
3224.277 9
3224.407 9
3224.536 9
3224.666 7
3224.795 7
3224.925 7
3225.054 7
3225.184 6
3225.313 6
3225.442 6
3225.572 9
3225.701 9
3225.831 9
3225.960 9
3226.090 9
3226.219 7
3226.349 8
3226.478 9
3226.608 8
3226.737 5
3226.867 4
3226.996 3
3227.126 1
3227.255 0
3227.385 1
3227.514 1
3227.644 3
3227.773 5
3227.903 4
3228.032 4
3228.162 2
3228.291 1
3228.421 1
3228.550 1
3228.680 1
3228.809 0
3228.939 0
3229.068 0
3229.198 0
3229.327 2
3229.457 4
3229.587 6
3229.716 10
3229.846 13
3229.975 14
3230.105 14
3230.234 12
3230.364 10
3230.493 11
3230.623 11
3230.753 11
3230.882 10
3231.012 7
3231.141 6
3231.271 5
3231.400 2
3231.530 2
3231.660 2
3231.789 2
3231.919 5
3232.048 6
3232.178 7
3232.308 8
3232.437 9
3232.567 10
3232.696 10
3232.826 13
3232.956 12
3233.085 13
3233.215 14
3233.344 18
3233.474 16
3233.604 15
3233.733 14
3233.863 13
3233.993 9
3234.122 6
3234.252 4
3234.381 1
3234.511 2
3234.641 2
3234.770 2
3234.900 4
3235.030 7
3235.159 8
3235.289 8
3235.419 5
3235.548 6
3235.678 6
3235.808 6
3235.937 6
3236.067 4
3236.197 3
3236.326 3
3236.456 3
3236.586 1
3236.715 1
3236.845 1
3236.975 2
3237.105 1
3237.234 1
3237.364 1
3237.494 0
3237.623 1
3237.753 2
3237.883 3
3238.013 4
3238.142 7
3238.272 8
3238.402 8
3238.531 7
3238.661 6
3238.791 6
3238.921 7
3239.050 5
3239.180 9
3239.310 8
3239.440 7
3239.569 7
3239.699 3
3239.829 3
3239.959 3
3240.088 2
3240.218 0
3240.348 0
3240.478 0
3240.607 0
3240.737 4
3240.867 6
3240.997 8
3241.127 11
3241.256 14
3241.386 13
3241.516 12
3241.646 10
3241.775 10
3241.905 12
3242.035 14
3242.165 16
3242.295 20
3242.424 18
3242.554 15
3242.684 12
3242.814 7
3242.944 7
3243.074 8
3243.203 8
3243.333 6
3243.463 6
3243.593 6
3243.723 10
3243.853 8
3243.982 7
3244.112 6
3244.242 2
3244.372 1
3244.502 3
3244.632 5
3244.761 7
3244.891 12
3245.021 11
3245.151 11
3245.281 12
3245.411 8
3245.541 8
3245.671 7
3245.800 5
3245.930 2
3246.060 3
3246.190 3
3246.320 3
3246.450 2
3246.580 3
3246.710 5
3246.839 7
3246.969 12
3247.099 10
3247.229 8
3247.359 6
3247.489 4
3247.619 5
3247.749 7
3247.879 8
3248.009 12
3248.139 13
3248.269 13
3248.398 16
3248.528 16
3248.658 14
3248.788 13
3248.918 9
3249.048 6
3249.178 7
3249.308 8
3249.438 9
3249.568 12
3249.698 11
3249.828 9
3249.958 8
3250.088 6
3250.218 6
3250.348 7
3250.478 7
3250.608 6
3250.738 6
3250.868 6
3250.998 6
3251.128 6
3251.258 6
3251.388 6
3251.518 7
3251.648 12
3251.778 12
3251.908 11
3252.038 11
3252.168 9
3252.298 10
3252.428 11
3252.558 14
3252.688 9
3252.818 7
3252.948 5
3253.078 3
3253.208 5
3253.338 5
3253.468 6
3253.598 4
3253.728 5
3253.858 6
3253.988 7
3254.118 8
3254.248 10
3254.378 10
3254.508 10
3254.638 8
3254.768 7
3254.898 7
3255.028 6
3255.158 3
3255.289 4
3255.419 4
3255.549 4
3255.679 5
3255.809 5
3255.939 5
3256.069 6
3256.199 8
3256.329 9
3256.459 8
3256.589 7
3256.719 4
3256.850 3
3256.980 3
3257.110 2
3257.240 1
3257.370 2
3257.500 3
3257.630 4
3257.760 5
3257.891 9
3258.021 8
3258.151 7
3258.281 6
3258.411 4
3258.541 4
3258.671 4
3258.801 4
3258.932 5
3259.062 5
3259.192 5
3259.322 5
3259.452 5
3259.582 5
3259.713 5
3259.843 6
3259.973 5
3260.103 4
3260.233 3
3260.363 1
3260.494 0
3260.624 1
3260.754 2
3260.884 3
3261.014 5
3261.144 5
3261.275 5
3261.405 8
3261.535 5
3261.665 5
3261.795 5
3261.926 6
3262.056 4
3262.186 4
3262.316 4
3262.447 0
3262.577 3
3262.707 3
3262.837 3
3262.967 3
3263.098 2
3263.228 2
3263.358 2
3263.488 3
3263.619 1
3263.749 2
3263.879 3
3264.009 5
3264.140 9
3264.270 9
3264.400 10
3264.530 13
3264.661 10
3264.791 8
3264.921 5
3265.051 3
3265.182 1
3265.312 1
3265.442 1
3265.573 0
3265.703 0
3265.833 2
3265.963 4
3266.094 8
3266.224 15
3266.354 15
3266.485 15
3266.615 13
3266.745 11
3266.876 10
3267.006 9
3267.136 8
3267.266 2
3267.397 2
3267.527 2
3267.657 2
3267.788 4
3267.918 4
3268.048 4
3268.179 4
3268.309 3
3268.439 3
3268.570 3
3268.700 4
3268.830 9
3268.961 8
3269.091 7
3269.222 5
3269.352 4
3269.482 4
3269.613 4
3269.743 4
3269.873 9
3270.004 13
3270.134 17
3270.264 21
3270.395 26
3270.525 25
3270.656 24
3270.786 23
3270.916 17
3271.047 13
3271.177 9
3271.308 5
3271.438 1
3271.568 1
3271.699 1
3271.829 1
3271.960 4
3272.090 5
3272.220 6
3272.351 7
3272.481 8
3272.612 7
3272.742 6
3272.873 5
3273.003 1
3273.133 2
3273.264 3
3273.394 4
3273.525 6
3273.655 6
3273.786 7
3273.916 7
3274.047 4
3274.177 4
3274.307 3
3274.438 3
3274.568 1
3274.699 2
3274.829 4
3274.960 5
3275.090 6
3275.221 7
3275.351 7
3275.482 10
3275.612 11
3275.743 11
3275.873 13
3276.004 11
3276.134 8
3276.265 7
3276.395 4
3276.526 5
3276.656 3
3276.787 3
3276.917 3
3277.048 1
3277.178 2
3277.309 3
3277.439 4
3277.570 5
3277.700 6
3277.831 6
3277.961 6
3278.092 6
3278.223 9
3278.353 9
3278.484 9
3278.614 9
3278.745 7
3278.875 7
3279.006 7
3279.136 7
3279.267 7
3279.397 8
3279.528 9
3279.659 11
3279.789 15
3279.920 14
3280.050 13
3280.181 14
3280.312 11
3280.442 12
3280.573 13
3280.703 11
3280.834 15
3280.964 12
3281.095 9
3281.226 6
3281.356 2
3281.487 2
3281.617 2
3281.748 2
3281.879 3
3282.009 4
3282.140 5
3282.271 6
3282.401 9
3282.532 9
3282.662 9
3282.793 6
3282.924 3
3283.054 4
3283.185 5
3283.316 5
3283.446 9
3283.577 8
3283.708 7
3283.838 6
3283.969 4
3284.100 5
3284.230 6
3284.361 8
3284.492 10
3284.622 11
3284.753 12
3284.884 14
3285.014 11
3285.145 10
3285.276 8
3285.406 6
3285.537 4
3285.668 4
3285.798 4
3285.929 3
3286.060 6
3286.191 5
3286.321 5
3286.452 4
3286.583 1
3286.713 3
3286.844 5
3286.975 7
3287.105 9
3287.236 9
3287.367 8
3287.498 7
3287.628 4
3287.759 4
3287.890 4
3288.021 4
3288.151 2
3288.282 4
3288.413 6
3288.544 8
3288.674 10
3288.805 10
3288.936 11
3289.067 12
3289.197 14
3289.328 13
3289.459 12
3289.590 11
3289.720 9
3289.851 9
3289.982 9
3290.113 11
3290.244 9
3290.374 9
3290.505 8
3290.636 6
3290.767 11
3290.898 9
3291.028 8
3291.159 6
3291.290 3
3291.421 3
3291.552 3
3291.682 3
3291.813 1
3291.944 1
3292.075 1
3292.206 1
3292.337 1
3292.467 1
3292.598 1
3292.729 1
3292.860 2
3292.991 6
3293.122 8
3293.252 10
3293.383 15
3293.514 13
3293.645 13
3293.776 13
3293.907 13
3294.038 14
3294.168 15
3294.299 18
3294.430 20
3294.561 17
3294.692 14
3294.823 9
3294.954 4
3295.085 4
3295.215 4
3295.346 4
3295.477 6
3295.608 6
3295.739 6
3295.870 7
3296.001 7
3296.132 7
3296.263 7
3296.394 6
3296.524 6
3296.655 6
3296.786 6
3296.917 6
3297.048 8
3297.179 8
3297.310 9
3297.441 9
3297.572 12
3297.703 12
3297.834 10
3297.965 9
3298.096 6
3298.227 4
3298.358 3
3298.488 2
3298.619 1
3298.750 1
3298.881 3
3299.012 3
3299.143 3
3299.274 4
3299.405 3
3299.536 4
3299.667 5
3299.798 7
3299.929 9
3300.060 14
3300.191 17
3300.322 18
3300.453 18
3300.584 21
3300.715 21
3300.846 18
3300.977 16
3301.108 12
3301.239 8
3301.370 7
3301.501 6
3301.632 5
3301.763 2
3301.894 2
3302.025 2
3302.156 2
3302.287 1
3302.418 3
3302.549 5
3302.680 7
3302.811 10
3302.942 10
3303.074 10
3303.205 10
3303.336 11
3303.467 9
3303.598 7
3303.729 5
3303.860 3
3303.991 3
3304.122 3
3304.253 5
3304.384 4
3304.515 5
3304.646 6
3304.777 5
3304.908 7
3305.040 7
3305.171 7
3305.302 7
3305.433 6
3305.564 6
3305.695 6
3305.826 6
3305.957 6
3306.088 6
3306.219 6
3306.351 6
3306.482 4
3306.613 4
3306.744 4
3306.875 4
3307.006 4
3307.137 3
3307.268 2
3307.400 1
3307.531 0
3307.662 0
3307.793 0
3307.924 0
3308.055 3
3308.186 3
3308.318 3
3308.449 3
3308.580 4
3308.711 4
3308.842 4
3308.973 5
3309.105 3
3309.236 4
3309.367 5
3309.498 7
3309.629 8
3309.760 10
3309.892 12
3310.023 12
3310.154 14
3310.285 13
3310.416 12
3310.548 11
3310.679 7
3310.810 7
3310.941 7
3311.072 8
3311.204 7
3311.335 8
3311.466 9
3311.597 10
3311.729 9
3311.860 9
3311.991 9
3312.122 9
3312.253 11
3312.385 11
3312.516 11
3312.647 10
3312.778 7
3312.910 6
3313.041 6
3313.172 5
3313.303 3
3313.435 3
3313.566 2
3313.697 2
3313.828 1
3313.960 2
3314.091 3
3314.222 4
3314.354 7
3314.485 8
3314.616 9
3314.747 12
3314.879 11
3315.010 10
3315.141 9
3315.273 6
3315.404 6
3315.535 7
3315.666 9
3315.798 11
3315.929 12
3316.060 11
3316.192 9
3316.323 11
3316.454 11
3316.586 12
3316.717 13
3316.848 15
3316.980 10
3317.111 8
3317.242 6
3317.374 6
3317.505 4
3317.636 4
3317.768 6
3317.899 4
3318.030 5
3318.162 6
3318.293 5
3318.424 6
3318.556 9
3318.687 8
3318.819 7
3318.950 5
3319.081 4
3319.213 7
3319.344 10
3319.475 13
3319.607 19
3319.738 18
3319.870 17
3320.001 16
3320.132 12
3320.264 11
3320.395 11
3320.527 12
3320.658 10
3320.789 12
3320.921 12
3321.052 11
3321.184 12
3321.315 11
3321.446 11
3321.578 11
3321.709 11
3321.841 11
3321.972 11
3322.104 14
3322.235 11
3322.366 11
3322.498 11
3322.629 10
3322.761 7
3322.892 7
3323.024 7
3323.155 6
3323.287 6
3323.418 7
3323.550 8
3323.681 6
3323.812 9
3323.944 8
3324.075 7
3324.207 6
3324.338 5
3324.470 5
3324.601 5
3324.733 5
3324.864 3
3324.996 3
3325.127 3
3325.259 1
3325.390 1
3325.522 1
3325.653 1
3325.785 1
3325.916 0
3326.048 0
3326.179 0
3326.311 0
3326.442 2
3326.574 3
3326.705 4
3326.837 5
3326.968 9
3327.100 10
3327.232 11
3327.363 12
3327.495 14
3327.626 13
3327.758 12
3327.889 12
3328.021 8
3328.152 8
3328.284 8
3328.416 7
3328.547 5
3328.679 6
3328.810 7
3328.942 8
3329.073 8
3329.205 9
3329.337 10
3329.468 9
3329.600 10
3329.731 9
3329.863 8
3329.994 6
3330.126 5
3330.258 5
3330.389 5
3330.521 7
3330.652 7
3330.784 7
3330.916 7
3331.047 8
3331.179 10
3331.311 9
3331.442 8
3331.574 8
3331.705 5
3331.837 4
3331.969 3
3332.100 1
3332.232 0
3332.364 0
3332.495 0
3332.627 0
3332.759 2
3332.890 3
3333.022 3
3333.154 3
3333.285 4
3333.417 3
3333.549 3
3333.680 3
3333.812 1
3333.944 1
3334.075 1
3334.207 1
3334.339 0
3334.470 0
3334.602 0
3334.734 0
3334.865 0
3334.997 0
3335.129 0
3335.260 2
3335.392 3
3335.524 4
3335.656 5
3335.787 4
3335.919 5
3336.051 5
3336.182 5
3336.314 5
3336.446 6
3336.578 6
3336.709 6
3336.841 6
3336.973 7
3337.104 6
3337.236 5
3337.368 4
3337.500 0
3337.631 0
3337.763 0
3337.895 1
3338.027 2
3338.158 4
3338.290 8
3338.422 9
3338.554 13
3338.686 13
3338.817 12
3338.949 11
3339.081 13
3339.213 11
3339.344 8
3339.476 9
3339.608 8
3339.740 7
3339.872 6
3340.003 7
3340.135 6
3340.267 6
3340.399 6
3340.531 4
3340.662 4
3340.794 4
3340.926 4
3341.058 2
3341.190 1
3341.322 1
3341.453 1
3341.585 1
3341.717 2
3341.849 2
3341.981 2
3342.113 2
3342.244 0
3342.376 0
3342.508 0
3342.640 0
3342.772 2
3342.904 2
3343.035 2
3343.167 2
3343.299 3
3343.431 3
3343.563 3
3343.695 3
3343.827 4
3343.959 4
3344.090 4
3344.222 4
3344.354 5
3344.486 4
3344.618 3
3344.750 3
3344.882 2
3345.014 2
3345.146 4
3345.277 3
3345.409 3
3345.541 3
3345.673 2
3345.805 2
3345.937 1
3346.069 1
3346.201 0
3346.333 3
3346.465 4
3346.597 4
3346.729 6
3346.861 3
3346.992 5
3347.124 5
3347.256 3
3347.388 3
3347.520 3
3347.652 3
3347.784 3
3347.916 5
3348.048 5
3348.180 6
3348.312 7
3348.444 6
3348.576 9
3348.708 9
3348.840 9
3348.972 9
3349.104 11
3349.236 10
3349.368 9
3349.500 10
3349.632 8
3349.764 8
3349.896 8
3350.028 6
3350.160 7
3350.292 7
3350.424 7
3350.556 7
3350.688 4
3350.820 3
3350.952 2
3351.084 1
3351.216 0
3351.348 0
3351.480 0
3351.612 0
3351.744 0
3351.876 0
3352.008 0
3352.140 0
3352.272 0
3352.404 0
3352.536 0
3352.668 0
3352.800 2
3352.932 3
3353.064 4
3353.197 5
3353.329 7
3353.461 8
3353.593 9
3353.725 10
3353.857 8
3353.989 8
3354.121 8
3354.253 8
3354.385 5
3354.517 4
3354.649 3
3354.782 2
3354.914 1
3355.046 1
3355.178 1
3355.310 1
3355.442 3
3355.574 3
3355.706 3
3355.838 3
3355.971 4
3356.103 4
3356.235 4
3356.367 7
3356.499 7
3356.631 7
3356.763 7
3356.895 6
3357.028 4
3357.160 4
3357.292 4
3357.424 4
3357.556 4
3357.688 4
3357.820 4
3357.953 2
3358.085 0
3358.217 1
3358.349 1
3358.481 1
3358.613 1
3358.746 1
3358.878 1
3359.010 3
3359.142 4
3359.274 4
3359.407 6
3359.539 6
3359.671 11
3359.803 11
3359.935 10
3360.068 11
3360.200 9
3360.332 8
3360.464 7
3360.596 5
3360.729 2
3360.861 3
3360.993 4
3361.125 4
3361.257 5
3361.390 5
3361.522 7
3361.654 7
3361.786 10
3361.919 10
3362.051 8
3362.183 8
3362.315 11
3362.448 11
3362.580 12
3362.712 12
3362.844 9
3362.977 8
3363.109 6
3363.241 5
3363.373 3
3363.506 5
3363.638 5
3363.770 6
3363.903 7
3364.035 5
3364.167 5
3364.299 6
3364.432 7
3364.564 6
3364.696 5
3364.829 2
3364.961 0
3365.093 0
3365.226 0
3365.358 2
3365.490 2
3365.622 3
3365.755 4
3365.887 6
3366.019 9
3366.152 9
3366.284 9
3366.416 8
3366.549 9
3366.681 12
3366.813 14
3366.946 16
3367.078 18
3367.210 16
3367.343 15
3367.475 14
3367.607 11
3367.740 11
3367.872 11
3368.005 9
3368.137 9
3368.269 9
3368.402 9
3368.534 9
3368.666 6
3368.799 6
3368.931 6
3369.064 6
3369.196 3
3369.328 3
3369.461 3
3369.593 3
3369.726 4
3369.858 4
3369.990 4
3370.123 4
3370.255 2
3370.388 2
3370.520 2
3370.652 2
3370.785 0
3370.917 0
3371.050 0
3371.182 0
3371.315 4
3371.447 7
3371.579 9
3371.712 12
3371.844 11
3371.977 10
3372.109 11
3372.242 10
3372.374 10
3372.506 9
3372.639 7
3372.771 6
3372.904 9
3373.036 10
3373.169 11
3373.301 14
3373.434 10
3373.566 10
3373.699 10
3373.831 12
3373.964 12
3374.096 10
3374.229 8
3374.361 4
3374.494 5
3374.626 5
3374.759 5
3374.891 3
3375.024 5
3375.156 4
3375.289 3
3375.421 2
3375.554 1
3375.686 1
3375.819 1
3375.951 1
3376.084 0
3376.216 1
3376.349 1
3376.481 1
3376.614 6
3376.746 9
3376.879 13
3377.011 18
3377.144 20
3377.277 18
3377.409 16
3377.542 13
3377.674 10
3377.807 8
3377.939 6
3378.072 4
3378.205 3
3378.337 4
3378.470 6
3378.602 8
3378.735 9
3378.867 9
3379.000 8
3379.133 7
3379.265 5
3379.398 5
3379.530 5
3379.663 5
3379.796 7
3379.928 7
3380.061 7
3380.193 7
3380.326 8
3380.459 8
3380.591 8
3380.724 8
3380.856 4
3380.989 3
3381.122 2
3381.254 1
3381.387 0
3381.520 0
3381.652 0
3381.785 0
3381.918 3
3382.050 3
3382.183 3
3382.315 3
3382.448 2
3382.581 2
3382.713 2
3382.846 3
3382.979 3
3383.111 3
3383.244 3
3383.377 3
3383.509 2
3383.642 3
3383.775 3
3383.907 2
3384.040 1
3384.173 0
3384.306 0
3384.438 0
3384.571 0
3384.704 0
3384.836 0
3384.969 0
3385.102 1
3385.234 1
3385.367 1
3385.500 1
3385.633 4
3385.765 5
3385.898 6
3386.031 7
3386.163 7
3386.296 7
3386.429 7
3386.562 7
3386.694 4
3386.827 4
3386.960 4
3387.093 4
3387.225 1
3387.358 1
3387.491 1
3387.624 1
3387.756 1
3387.889 1
3388.022 1
3388.155 2
3388.288 3
3388.420 6
3388.553 9
3388.686 13
3388.819 13
3388.951 11
3389.084 9
3389.217 7
3389.350 5
3389.483 6
3389.615 7
3389.748 9
3389.881 13
3390.014 12
3390.147 11
3390.279 7
3390.412 4
3390.545 4
3390.678 4
3390.811 4
3390.943 5
3391.076 5
3391.209 5
3391.342 5
3391.475 8
3391.608 8
3391.740 7
3391.873 6
3392.006 9
3392.139 12
3392.272 17
3392.405 23
3392.538 23
3392.670 21
3392.803 18
3392.936 14
3393.069 13
3393.202 11
3393.335 9
3393.468 9
3393.601 8
3393.733 8
3393.866 8
3393.999 6
3394.132 7
3394.265 7
3394.398 7
3394.531 8
3394.664 6
3394.797 6
3394.929 6
3395.062 5
3395.195 8
3395.328 6
3395.461 4
3395.594 2
3395.727 0
3395.860 0
3395.993 0
3396.126 0
3396.259 0
3396.392 1
3396.525 2
3396.657 3
3396.790 4
3396.923 4
3397.056 4
3397.189 4
3397.322 2
3397.455 2
3397.588 2
3397.721 2
3397.854 0
3397.987 0
3398.120 0
3398.253 0
3398.386 3
3398.519 4
3398.652 5
3398.785 7
3398.918 9
3399.051 8
3399.184 7
3399.317 9
3399.450 6
3399.583 4
3399.716 2
3399.849 0
3399.982 1
3400.115 3
3400.248 5
3400.381 7
3400.514 11
3400.647 10
3400.780 9
3400.913 8
3401.046 8
3401.179 8
3401.312 8
3401.445 12
3401.578 10
3401.711 12
3401.844 15
3401.977 13
3402.110 12
3402.243 12
3402.376 11
3402.509 11
3402.643 9
3402.776 8
3402.909 7
3403.042 6
3403.175 5
3403.308 5
3403.441 5
3403.574 5
3403.707 4
3403.840 4
3403.973 4
3404.106 4
3404.239 1
3404.373 1
3404.506 1
3404.639 1
3404.772 2
3404.905 2
3405.038 2
3405.171 2
3405.304 4
3405.437 4
3405.571 4
3405.704 6
3405.837 6
3405.970 7
3406.103 8
3406.236 7
3406.369 8
3406.502 7
3406.636 6
3406.769 5
3406.902 4
3407.035 4
3407.168 5
3407.301 6
3407.434 4
3407.568 4
3407.701 3
3407.834 4
3407.967 3
3408.100 4
3408.233 5
3408.367 5
3408.500 10
3408.633 10
3408.766 10
3408.899 12
3409.033 9
3409.166 8
3409.299 7
3409.432 3
3409.565 2
3409.698 3
3409.832 5
3409.965 7
3410.098 10
3410.231 11
3410.365 10
3410.498 13
3410.631 11
3410.764 10
3410.897 10
3411.031 10
3411.164 12
3411.297 11
3411.430 10
3411.564 9
3411.697 8
3411.830 9
3411.963 10
3412.097 14
3412.230 18
3412.363 18
3412.496 18
3412.630 15
3412.763 13
3412.896 12
3413.029 11
3413.163 10
3413.296 6
3413.429 6
3413.562 6
3413.696 9
3413.829 6
3413.962 6
3414.096 6
3414.229 6
3414.362 4
3414.496 6
3414.629 8
3414.762 7
3414.895 11
3415.029 11
3415.162 11
3415.295 11
3415.429 8
3415.562 8
3415.695 8
3415.829 8
3415.962 9
3416.095 9
3416.229 9
3416.362 9
3416.495 8
3416.629 7
3416.762 6
3416.895 5
3417.029 3
3417.162 5
3417.295 7
3417.429 9
3417.562 10
3417.695 10
3417.829 10
3417.962 11
3418.096 12
3418.229 12
3418.362 12
3418.496 11
3418.629 7
3418.762 7
3418.896 7
3419.029 7
3419.163 5
3419.296 4
3419.429 3
3419.563 4
3419.696 4
3419.830 4
3419.963 4
3420.096 3
3420.230 4
3420.363 4
3420.497 4
3420.630 3
3420.764 0
3420.897 0
3421.030 0
3421.164 0
3421.297 0
3421.431 0
3421.564 0
3421.698 3
3421.831 4
3421.964 4
3422.098 4
3422.231 1
3422.365 0
3422.498 0
3422.632 0
3422.765 3
3422.899 6
3423.032 7
3423.166 8
3423.299 6
3423.433 8
3423.566 8
3423.699 8
3423.833 8
3423.966 10
3424.100 10
3424.233 10
3424.367 12
3424.500 10
3424.634 10
3424.767 10
3424.901 8
3425.034 6
3425.168 6
3425.301 6
3425.435 6
3425.569 7
3425.702 8
3425.836 9
3425.969 13
3426.103 14
3426.236 12
3426.370 10
3426.503 7
3426.637 4
3426.770 7
3426.904 10
3427.037 11
3427.171 14
3427.305 14
3427.438 14
3427.572 15
3427.705 17
3427.839 17
3427.972 17
3428.106 17
3428.239 11
3428.373 8
3428.507 5
3428.640 1
3428.774 1
3428.907 2
3429.041 3
3429.175 6
3429.308 6
3429.442 6
3429.575 6
3429.709 2
3429.843 3
3429.976 3
3430.110 3
3430.243 2
3430.377 2
3430.511 3
3430.644 4
3430.778 4
3430.911 3
3431.045 2
3431.179 1
3431.312 0
3431.446 0
3431.580 1
3431.713 2
3431.847 6
3431.981 10
3432.114 10
3432.248 10
3432.382 7
3432.515 9
3432.649 9
3432.783 9
3432.916 9
3433.050 9
3433.184 8
3433.317 7
3433.451 8
3433.585 5
3433.718 5
3433.852 5
3433.986 6
3434.119 3
3434.253 3
3434.387 3
3434.520 0
3434.654 1
3434.788 3
3434.921 5
3435.055 7
3435.189 9
3435.323 9
3435.456 9
3435.590 9
3435.724 11
3435.858 9
3435.991 7
3436.125 5
3436.259 3
3436.392 3
3436.526 3
3436.660 3
3436.794 5
3436.927 5
3437.061 5
3437.195 5
3437.329 8
3437.462 7
3437.596 6
3437.730 5
3437.864 1
3437.997 1
3438.131 1
3438.265 1
3438.399 1
3438.533 1
3438.666 1
3438.800 1
3438.934 1
3439.068 1
3439.201 1
3439.335 1
3439.469 1
3439.603 1
3439.737 1
3439.870 1
3440.004 5
3440.138 7
3440.272 10
3440.406 12
3440.540 14
3440.673 15
3440.807 15
3440.941 16
3441.075 18
3441.209 15
3441.343 12
3441.476 9
3441.610 5
3441.744 5
3441.878 5
3442.012 5
3442.146 3
3442.279 4
3442.413 4
3442.547 4
3442.681 6
3442.815 4
3442.949 3
3443.083 4
3443.216 3
3443.350 3
3443.484 4
3443.618 4
3443.752 4
3443.886 5
3444.020 4
3444.154 2
3444.288 4
3444.421 3
3444.555 3
3444.689 3
3444.823 7
3444.957 7
3445.091 7
3445.225 7
3445.359 10
3445.493 8
3445.627 6
3445.761 4
3445.894 1
3446.028 1
3446.162 1
3446.296 1
3446.430 3
3446.564 3
3446.698 3
3446.832 3
3446.966 1
3447.100 1
3447.234 1
3447.368 1
3447.502 2
3447.636 4
3447.770 5
3447.904 6
3448.038 9
3448.172 9
3448.306 10
3448.440 11
3448.574 12
3448.708 10
3448.842 8
3448.975 8
3449.109 5
3449.243 5
3449.377 5
3449.511 3
3449.645 2
3449.779 3
3449.913 4
3450.047 5
3450.181 7
3450.316 7
3450.450 7
3450.584 7
3450.718 9
3450.852 9
3450.986 9
3451.120 9
3451.254 8
3451.388 7
3451.522 6
3451.656 5
3451.790 4
3451.924 4
3452.058 4
3452.192 4
3452.326 7
3452.460 6
3452.594 5
3452.728 7
3452.862 3
3452.996 4
3453.130 5
3453.264 4
3453.399 6
3453.533 6
3453.667 6
3453.801 5
3453.935 4
3454.069 5
3454.203 6
3454.337 7
3454.471 6
3454.605 5
3454.739 5
3454.874 4
3455.008 3
3455.142 3
3455.276 2
3455.410 4
3455.544 6
3455.678 6
3455.812 6
3455.946 4
3456.081 1
3456.215 1
3456.349 1
3456.483 1
3456.617 1
3456.751 1
3456.885 1
3457.020 1
3457.154 0
3457.288 0
3457.422 0
3457.556 0
3457.690 3
3457.825 4
3457.959 5
3458.093 6
3458.227 8
3458.361 9
3458.495 10
3458.630 10
3458.764 11
3458.898 11
3459.032 11
3459.166 8
3459.300 9
3459.435 9
3459.569 9
3459.703 9
3459.837 12
3459.971 11
3460.106 10
3460.240 10
3460.374 8
3460.508 9
3460.643 10
3460.777 8
3460.911 7
3461.045 6
3461.179 5
3461.314 2
3461.448 4
3461.582 6
3461.716 8
3461.851 13
3461.985 14
3462.119 16
3462.253 17
3462.388 16
3462.522 18
3462.656 15
3462.790 13
3462.925 10
3463.059 9
3463.193 8
3463.328 7
3463.462 6
3463.596 5
3463.730 5
3463.865 5
3463.999 5
3464.133 8
3464.267 9
3464.402 10
3464.536 13
3464.670 17
3464.805 16
3464.939 15
3465.073 15
3465.208 10
3465.342 9
3465.476 8
3465.611 6
3465.745 5
3465.879 4
3466.014 3
3466.148 3
3466.282 3
3466.417 3
3466.551 3
3466.685 0
3466.820 3
3466.954 4
3467.088 7
3467.223 10
3467.357 12
3467.491 12
3467.626 10
3467.760 8
3467.894 9
3468.029 9
3468.163 9
3468.297 9
3468.432 9
3468.566 8
3468.701 8
3468.835 7
3468.969 6
3469.104 6
3469.238 6
3469.373 6
3469.507 4
3469.641 4
3469.776 3
3469.910 3
3470.045 4
3470.179 4
3470.313 4
3470.448 4
3470.582 1
3470.717 2
3470.851 2
3470.985 2
3471.120 1
3471.254 0
3471.389 0
3471.523 0
3471.658 0
3471.792 0
3471.927 0
3472.061 0
3472.195 1
3472.330 2
3472.464 3
3472.599 4
3472.733 8
3472.868 7
3473.002 6
3473.137 5
3473.271 3
3473.406 3
3473.540 3
3473.675 3
3473.809 1
3473.943 3
3474.078 4
3474.212 5
3474.347 8
3474.481 9
3474.616 11
3474.750 14
3474.885 18
3475.019 18
3475.154 18
3475.288 17
3475.423 16
3475.558 15
3475.692 15
3475.827 14
3475.961 9
3476.096 8
3476.230 6
3476.365 5
3476.499 3
3476.634 3
3476.768 3
3476.903 3
3477.037 0
3477.172 0
3477.306 0
3477.441 0
3477.576 0
3477.710 0
3477.845 0
3477.979 1
3478.114 2
3478.248 3
3478.383 4
3478.518 4
3478.652 5
3478.787 5
3478.921 5
3479.056 5
3479.190 9
3479.325 8
3479.460 7
3479.594 7
3479.729 4
3479.863 4
3479.998 4
3480.133 4
3480.267 2
3480.402 3
3480.536 4
3480.671 4
3480.806 5
3480.940 5
3481.075 5
3481.210 5
3481.344 8
3481.479 7
3481.613 6
3481.748 5
3481.883 3
3482.017 3
3482.152 3
3482.287 3
3482.421 1
3482.556 1
3482.691 1
3482.825 4
3482.960 7
3483.095 8
3483.229 9
3483.364 8
3483.499 11
3483.633 11
3483.768 11
3483.903 10
3484.037 7
3484.172 8
3484.307 9
3484.441 10
3484.576 6
3484.711 5
3484.846 4
3484.980 3
3485.115 3
3485.250 3
3485.384 3
3485.519 3
3485.654 5
3485.789 5
3485.923 5
3486.058 5
3486.193 5
3486.327 6
3486.462 7
3486.597 8
3486.732 9
3486.866 8
3487.001 7
3487.136 7
3487.271 6
3487.405 6
3487.540 6
3487.675 6
3487.810 5
3487.944 5
3488.079 5
3488.214 7
3488.349 9
3488.483 9
3488.618 9
3488.753 7
3488.888 10
3489.023 10
3489.157 10
3489.292 9
3489.427 10
3489.562 9
3489.697 8
3489.831 8
3489.966 7
3490.101 6
3490.236 5
3490.371 3
3490.505 1
3490.640 1
3490.775 1
3490.910 1
3491.045 4
3491.179 5
3491.314 5
3491.449 5
3491.584 8
3491.719 7
3491.854 9
3491.989 9
3492.123 6
3492.258 6
3492.393 9
3492.528 9
3492.663 6
3492.798 6
3492.932 1
3493.067 2
3493.202 1
3493.337 1
3493.472 1
3493.607 0
3493.742 0
3493.877 1
3494.011 2
3494.146 3
3494.281 5
3494.416 5
3494.551 5
3494.686 5
3494.821 3
3494.956 3
3495.091 3
3495.226 5
3495.360 6
3495.495 5
3495.630 4
3495.765 4
3495.900 3
3496.035 3
3496.170 3
3496.305 6
3496.440 7
3496.575 8
3496.710 9
3496.845 12
3496.980 13
3497.114 12
3497.249 11
3497.384 7
3497.519 4
3497.654 5
3497.789 4
3497.924 3
3498.059 3
3498.194 1
3498.329 1
3498.464 3
3498.599 4
3498.734 4
3498.869 4
3499.004 4
3499.139 6
3499.274 6
3499.409 7
3499.544 4
3499.679 5
3499.814 5
3499.949 4
3500.084 6
3500.219 5
3500.354 5
3500.489 6
3500.624 8
3500.759 9
3500.894 8
3501.029 6
3501.164 5
3501.299 3
3501.434 4
3501.569 4
3501.704 4
3501.839 2
3501.974 1
3502.109 1
3502.244 1
3502.379 3
3502.514 3
3502.649 3
3502.785 4
3502.920 2
3503.055 2
3503.190 2
3503.325 3
3503.460 2
3503.595 2
3503.730 2
3503.865 4
3504.000 4
3504.135 5
3504.270 5
3504.405 3
3504.541 3
3504.676 2
3504.811 3
3504.946 3
3505.081 3
3505.216 3
3505.351 2
3505.486 1
3505.621 5
3505.756 6
3505.892 10
3506.027 12
3506.162 16
3506.297 19
3506.432 24
3506.567 21
3506.702 16
3506.837 13
3506.973 7
3507.108 7
3507.243 9
3507.378 7
3507.513 3
3507.648 3
3507.783 4
3507.919 6
3508.054 8
3508.189 11
3508.324 12
3508.459 11
3508.594 10
3508.730 6
3508.865 4
3509.000 5
3509.135 6
3509.270 5
3509.406 9
3509.541 10
3509.676 11
3509.811 13
3509.946 10
3510.082 10
3510.217 10
3510.352 7
3510.487 3
3510.622 3
3510.758 3
3510.893 0
3511.028 0
3511.163 1
3511.298 2
3511.434 3
3511.569 7
3511.704 8
3511.839 9
3511.975 10
3512.110 13
3512.245 14
3512.380 15
3512.516 20
3512.651 23
3512.786 19
3512.921 15
3513.057 9
3513.192 4
3513.327 4
3513.462 4
3513.598 2
3513.733 1
3513.868 1
3514.004 1
3514.139 1
3514.274 3
3514.409 4
3514.545 6
3514.680 10
3514.815 11
3514.951 11
3515.086 10
3515.221 14
3515.356 12
3515.492 12
3515.627 12
3515.762 10
3515.898 9
3516.033 9
3516.168 9
3516.304 6
3516.439 3
3516.574 3
3516.710 4
3516.845 3
3516.980 2
3517.116 2
3517.251 2
3517.386 4
3517.522 7
3517.657 8
3517.792 9
3517.928 12
3518.063 12
3518.198 11
3518.334 9
3518.469 7
3518.605 5
3518.740 5
3518.875 5
3519.011 1
3519.146 2
3519.281 3
3519.417 5
3519.552 6
3519.688 8
3519.823 8
3519.958 8
3520.094 11
3520.229 10
3520.365 11
3520.500 11
3520.635 14
3520.771 12
3520.906 9
3521.042 6
3521.177 2
3521.312 3
3521.448 5
3521.583 7
3521.719 9
3521.854 9
3521.990 10
3522.125 10
3522.261 7
3522.396 5
3522.531 5
3522.667 6
3522.802 6
3522.938 9
3523.073 8
3523.209 7
3523.344 6
3523.480 3
3523.615 3
3523.751 3
3523.886 3
3524.021 1
3524.157 2
3524.292 3
3524.428 4
3524.563 5
3524.699 6
3524.834 6
3524.970 6
3525.105 8
3525.241 9
3525.376 11
3525.512 13
3525.647 15
3525.783 15
3525.918 15
3526.054 15
3526.189 13
3526.325 12
3526.461 11
3526.596 11
3526.732 9
3526.867 12
3527.003 15
3527.138 17
3527.274 19
3527.409 18
3527.545 17
3527.680 16
3527.816 13
3527.951 12
3528.087 12
3528.223 11
3528.358 9
3528.494 9
3528.629 11
3528.765 11
3528.900 12
3529.036 11
3529.172 7
3529.307 6
3529.443 2
3529.578 2
3529.714 2
3529.849 2
3529.985 3
3530.121 3
3530.256 3
3530.392 3
3530.527 1
3530.663 1
3530.799 1
3530.934 1
3531.070 0
3531.206 1
3531.341 2
3531.477 3
3531.612 5
3531.748 5
3531.884 5
3532.019 5
3532.155 6
3532.291 5
3532.426 4
3532.562 3
3532.698 1
3532.833 1
3532.969 1
3533.104 1
3533.240 3
3533.376 3
3533.511 3
3533.647 3
3533.783 3
3533.918 3
3534.054 3
3534.190 3
3534.325 1
3534.461 1
3534.597 1
3534.733 1
3534.868 2
3535.004 2
3535.140 2
3535.275 2
3535.411 2
3535.547 3
3535.682 3
3535.818 3
3535.954 6
3536.090 7
3536.225 9
3536.361 11
3536.497 11
3536.632 10
3536.768 9
3536.904 12
3537.040 10
3537.175 10
3537.311 10
3537.447 6
3537.583 5
3537.718 4
3537.854 3
3537.990 2
3538.126 1
3538.261 1
3538.397 1
3538.533 1
3538.669 3
3538.804 5
3538.940 6
3539.076 7
3539.212 9
3539.348 8
3539.483 9
3539.619 9
3539.755 6
3539.891 6
3540.026 5
3540.162 7
3540.298 4
3540.434 4
3540.570 4
3540.705 5
3540.841 6
3540.977 6
3541.113 7
3541.249 5
3541.384 6
3541.520 7
3541.656 7
3541.792 8
3541.928 10
3542.064 9
3542.199 9
3542.335 7
3542.471 3
3542.607 3
3542.743 2
3542.879 4
3543.015 4
3543.150 4
3543.286 4
3543.422 4
3543.558 2
3543.694 2
3543.830 2
3543.966 4
3544.101 6
3544.237 8
3544.373 11
3544.509 16
3544.645 18
3544.781 17
3544.917 15
3545.053 9
3545.188 9
3545.324 9
3545.460 9
3545.596 7
3545.732 5
3545.868 6
3546.004 7
3546.140 9
3546.276 12
3546.412 10
3546.548 8
3546.683 8
3546.819 5
3546.955 5
3547.091 5
3547.227 3
3547.363 1
3547.499 1
3547.635 1
3547.771 1
3547.907 1
3548.043 1
3548.179 1
3548.315 1
3548.451 3
3548.587 3
3548.723 3
3548.859 2
3548.995 1
3549.131 2
3549.267 3
3549.403 6
3549.538 8
3549.674 8
3549.810 8
3549.946 7
3550.082 7
3550.218 6
3550.354 5
3550.490 5
3550.626 3
3550.762 4
3550.898 5
3551.034 6
3551.170 6
3551.306 6
3551.442 6
3551.578 2
3551.715 3
3551.851 3
3551.987 3
3552.123 4
3552.259 5
3552.395 5
3552.531 5
3552.667 4
3552.803 8
3552.939 8
3553.075 8
3553.211 6
3553.347 5
3553.483 5
3553.619 5
3553.755 5
3553.891 6
3554.027 7
3554.163 8
3554.299 9
3554.436 6
3554.572 7
3554.708 8
3554.844 14
3554.980 15
3555.116 15
3555.252 15
3555.388 15
3555.524 11
3555.660 9
3555.796 7
3555.933 4
3556.069 3
3556.205 3
3556.341 3
3556.477 4
3556.613 2
3556.749 2
3556.885 2
3557.021 1
3557.158 0
3557.294 0
3557.430 0
3557.566 0
3557.702 2
3557.838 2
3557.974 2
3558.111 2
3558.247 3
3558.383 4
3558.519 6
3558.655 10
3558.791 10
3558.927 10
3559.064 9
3559.200 7
3559.336 7
3559.472 7
3559.608 7
3559.745 7
3559.881 7
3560.017 8
3560.153 9
3560.289 9
3560.425 9
3560.562 8
3560.698 7
3560.834 6
3560.970 6
3561.106 6
3561.243 6
3561.379 6
3561.515 4
3561.651 4
3561.788 4
3561.924 4
3562.060 3
3562.196 4
3562.332 5
3562.469 6
3562.605 8
3562.741 8
3562.877 8
3563.014 11
3563.150 9
3563.286 10
3563.422 11
3563.559 15
3563.695 10
3563.831 9
3563.967 8
3564.104 5
3564.240 8
3564.376 9
3564.512 10
3564.649 11
3564.785 13
3564.921 11
3565.058 9
3565.194 7
3565.330 5
3565.466 5
3565.603 5
3565.739 7
3565.875 7
3566.012 6
3566.148 5
3566.284 2
3566.421 0
3566.557 1
3566.693 2
3566.830 4
3566.966 5
3567.102 5
3567.239 5
3567.375 6
3567.511 7
3567.648 7
3567.784 7
3567.920 7
3568.057 4
3568.193 4
3568.329 5
3568.466 3
3568.602 2
3568.738 3
3568.875 3
3569.011 7
3569.147 9
3569.284 9
3569.420 9
3569.556 7
3569.693 7
3569.829 7
3569.966 7
3570.102 6
3570.238 4
3570.375 4
3570.511 6
3570.648 6
3570.784 5
3570.920 5
3571.057 4
3571.193 4
3571.330 8
3571.466 10
3571.602 11
3571.739 15
3571.875 15
3572.012 13
3572.148 11
3572.284 10
3572.421 7
3572.557 7
3572.694 8
3572.830 5
3572.967 2
3573.103 3
3573.240 3
3573.376 4
3573.512 5
3573.649 5
3573.785 7
3573.922 7
3574.058 5
3574.195 5
3574.331 3
3574.468 3
3574.604 0
3574.741 0
3574.877 0
3575.014 0
3575.150 0
3575.287 0
3575.423 0
3575.560 0
3575.696 3
3575.832 3
3575.969 3
3576.105 3
3576.242 4
3576.378 4
3576.515 4
3576.652 4
3576.788 4
3576.925 4
3577.061 4
3577.198 4
3577.334 6
3577.471 6
3577.607 6
3577.744 6
3577.880 6
3578.017 6
3578.153 6
3578.290 7
3578.426 4
3578.563 4
3578.700 4
3578.836 4
3578.973 5
3579.109 5
3579.246 5
3579.382 4
3579.519 6
3579.655 5
3579.792 4
3579.929 3
3580.065 1
3580.202 1
3580.338 1
3580.475 1
3580.612 2
3580.748 2
3580.885 2
3581.021 2
3581.158 3
3581.294 3
3581.431 3
3581.568 3
3581.704 5
3581.841 5
3581.978 5
3582.114 5
3582.251 7
3582.387 7
3582.524 7
3582.661 7
3582.797 4
3582.934 4
3583.071 4
3583.207 6
3583.344 5
3583.480 5
3583.617 5
3583.754 3
3583.890 2
3584.027 2
3584.164 2
3584.300 2
3584.437 5
3584.574 4
3584.710 3
3584.847 2
3584.984 3
3585.120 5
3585.257 7
3585.394 12
3585.530 11
3585.667 9
3585.804 7
3585.941 4
3586.077 5
3586.214 5
3586.351 5
3586.487 5
3586.624 3
3586.761 3
3586.897 3
3587.034 2
3587.171 5
3587.308 6
3587.444 7
3587.581 7
3587.718 11
3587.855 11
3587.991 11
3588.128 11
3588.265 10
3588.402 11
3588.538 12
3588.675 13
3588.812 12
3588.948 13
3589.085 13
3589.222 10
3589.359 7
3589.496 6
3589.632 6
3589.769 5
3589.906 2
3590.043 2
3590.179 2
3590.316 5
3590.453 3
3590.590 3
3590.727 3
3590.863 1
3591.000 3
3591.137 5
3591.274 7
3591.410 7
3591.547 8
3591.684 7
3591.821 6
3591.958 7
3592.095 4
3592.231 7
3592.368 10
3592.505 12
3592.642 16
3592.779 14
3592.915 12
3593.052 10
3593.189 8
3593.326 7
3593.463 6
3593.600 6
3593.737 5
3593.873 6
3594.010 7
3594.147 7
3594.284 8
3594.421 8
3594.558 8
3594.695 7
3594.831 8
3594.968 7
3595.105 6
3595.242 7
3595.379 4
3595.516 3
3595.653 2
3595.790 0
3595.926 0
3596.063 0
3596.200 0
3596.337 0
3596.474 0
3596.611 0
3596.748 0
3596.885 0
3597.022 1
3597.159 3
3597.295 5
3597.432 7
3597.569 12
3597.706 10
3597.843 8
3597.980 6
3598.117 3
3598.254 3
3598.391 3
3598.528 3
3598.665 3
3598.802 3
3598.939 3
3599.076 6
3599.213 4
3599.349 6
3599.486 7
3599.623 11
3599.760 12
3599.897 9
3600.034 7
3600.171 5
3600.308 4
3600.445 4
3600.582 4
3600.719 2
3600.856 2
3600.993 2
3601.130 2
3601.267 2
3601.404 3
3601.541 4
3601.678 4
3601.815 4
3601.952 6
3602.089 5
3602.226 5
3602.363 5
3602.500 4
3602.637 5
3602.774 6
3602.911 7
3603.048 10
3603.185 10
3603.322 10
3603.459 10
3603.596 8
3603.733 7
3603.871 6
3604.008 5
3604.145 3
3604.282 3
3604.419 3
3604.556 3
3604.693 0
3604.830 1
3604.967 1
3605.104 1
3605.241 1
3605.378 1
3605.515 2
3605.652 3
3605.789 6
3605.927 10
3606.064 13
3606.201 17
3606.338 18
3606.475 15
3606.612 13
3606.749 14
3606.886 9
3607.023 8
3607.160 7
3607.298 8
3607.435 7
3607.572 8
3607.709 8
3607.846 7
3607.983 6
3608.120 5
3608.257 5
3608.394 7
3608.532 5
3608.669 5
3608.806 5
3608.943 3
3609.080 5
3609.217 5
3609.354 5
3609.492 4
3609.629 6
3609.766 6
3609.903 6
3610.040 6
3610.177 6
3610.315 6
3610.452 6
3610.589 7
3610.726 7
3610.863 7
3611.001 7
3611.138 8
3611.275 5
3611.412 6
3611.549 6
3611.686 4
3611.824 3
3611.961 2
3612.098 2
3612.235 2
3612.372 6
3612.510 6
3612.647 6
3612.784 9
3612.921 10
3613.059 11
3613.196 10
3613.333 8
3613.470 6
3613.608 4
3613.745 4
3613.882 4
3614.019 2
3614.156 3
3614.294 4
3614.431 3
3614.568 6
3614.705 9
3614.843 12
3614.980 15
3615.117 18
3615.255 16
3615.392 14
3615.529 13
3615.666 9
3615.804 10
3615.941 9
3616.078 9
3616.215 6
3616.353 4
3616.490 4
3616.627 2
3616.765 5
3616.902 5
3617.039 5
3617.177 5
3617.314 4
3617.451 4
3617.588 4
3617.726 4
3617.863 6
3618.000 5
3618.138 4
3618.275 3
3618.412 1
3618.550 1
3618.687 1
3618.824 1
3618.962 2
3619.099 2
3619.236 2
3619.374 2
3619.511 3
3619.648 3
3619.786 3
3619.923 3
3620.061 4
3620.198 4
3620.335 4
3620.473 6
3620.610 8
3620.747 8
3620.885 8
3621.022 8
3621.159 12
3621.297 13
3621.434 14
3621.572 16
3621.709 12
3621.846 13
3621.984 13
3622.121 11
3622.259 13
3622.396 12
3622.533 12
3622.671 11
3622.808 7
3622.946 7
3623.083 7
3623.221 7
3623.358 8
3623.495 7
3623.633 6
3623.770 5
3623.908 1
3624.045 1
3624.183 1
3624.320 1
3624.457 2
3624.595 4
3624.732 6
3624.870 11
3625.007 14
3625.145 15
3625.282 16
3625.420 20
3625.557 15
3625.695 13
3625.832 11
3625.970 7
3626.107 10
3626.244 10
3626.382 10
3626.519 10
3626.657 9
3626.794 9
3626.932 8
3627.069 7
3627.207 3
3627.344 2
3627.482 3
3627.619 3
3627.757 3
3627.894 3
3628.032 2
3628.169 5
3628.307 7
3628.445 7
3628.582 7
3628.720 5
3628.857 6
3628.995 6
3629.132 6
3629.270 5
3629.407 2
3629.545 2
3629.682 2
3629.820 2
3629.957 4
3630.095 4
3630.233 4
3630.370 5
3630.508 4
3630.645 4
3630.783 4
3630.920 3
3631.058 0
3631.196 1
3631.333 2
3631.471 5
3631.608 7
3631.746 7
3631.883 7
3632.021 5
3632.159 4
3632.296 4
3632.434 4
3632.571 4
3632.709 0
3632.847 0
3632.984 0
3633.122 0
3633.260 0
3633.397 0
3633.535 0
3633.672 1
3633.810 1
3633.948 1
3634.085 1
3634.223 0
3634.361 1
3634.498 6
3634.636 8
3634.774 12
3634.911 16
3635.049 13
3635.186 13
3635.324 12
3635.462 9
3635.599 8
3635.737 7
3635.875 5
3636.012 5
3636.150 6
3636.288 9
3636.425 10
3636.563 13
3636.701 18
3636.839 21
3636.976 26
3637.114 33
3637.252 29
3637.389 25
3637.527 22
3637.665 17
3637.802 16
3637.940 15
3638.078 13
3638.216 9
3638.353 9
3638.491 9
3638.629 10
3638.766 9
3638.904 10
3639.042 11
3639.180 12
3639.317 11
3639.455 12
3639.593 13
3639.731 12
3639.868 13
3640.006 12
3640.144 11
3640.282 8
3640.419 5
3640.557 5
3640.695 6
3640.833 7
3640.970 8
3641.108 8
3641.246 7
3641.384 5
3641.521 5
3641.659 6
3641.797 7
3641.935 8
3642.073 10
3642.210 9
3642.348 8
3642.486 7
3642.624 3
3642.762 3
3642.899 3
3643.037 4
3643.175 3
3643.313 3
3643.451 3
3643.588 2
3643.726 3
3643.864 3
3644.002 3
3644.140 3
3644.278 1
3644.415 1
3644.553 1
3644.691 1
3644.829 3
3644.967 3
3645.105 3
3645.242 3
3645.380 2
3645.518 2
3645.656 2
3645.794 3
3645.932 5
3646.070 6
3646.208 7
3646.345 7
3646.483 9
3646.621 9
3646.759 9
3646.897 9
3647.035 10
3647.173 8
3647.311 7
3647.448 5
3647.586 3
3647.724 3
3647.862 2
3648.000 2
3648.138 0
3648.276 1
3648.414 2
3648.552 3
3648.690 4
3648.828 3
3648.965 2
3649.103 2
3649.241 1
3649.379 1
3649.517 1
3649.655 3
3649.793 5
3649.931 5
3650.069 6
3650.207 3
3650.345 5
3650.483 5
3650.621 4
3650.759 6
3650.897 8
3651.035 9
3651.173 13
3651.311 16
3651.449 15
3651.586 16
3651.724 17
3651.862 12
3652.000 13
3652.138 11
3652.276 6
3652.414 6
3652.552 6
3652.690 5
3652.828 5
3652.966 4
3653.104 2
3653.242 3
3653.380 3
3653.518 5
3653.656 6
3653.794 6
3653.932 6
3654.070 5
3654.208 7
3654.347 7
3654.485 7
3654.623 9
3654.761 9
3654.899 11
3655.037 13
3655.175 15
3655.313 17
3655.451 17
3655.589 17
3655.727 15
3655.865 12
3656.003 10
3656.141 8
3656.279 6
3656.417 3
3656.555 5
3656.693 7
3656.831 13
3656.970 15
3657.108 16
3657.246 17
3657.384 16
3657.522 16
3657.660 13
3657.798 10
3657.936 5
3658.074 7
3658.212 7
3658.350 7
3658.489 7
3658.627 6
3658.765 6
3658.903 6
3659.041 6
3659.179 8
3659.317 8
3659.455 9
3659.594 9
3659.732 7
3659.870 7
3660.008 6
3660.146 6
3660.284 4
3660.422 4
3660.560 4
3660.699 6
3660.837 8
3660.975 8
3661.113 8
3661.251 8
3661.389 11
3661.528 10
3661.666 9
3661.804 6
3661.942 2
3662.080 2
3662.218 2
3662.357 2
3662.495 3
3662.633 3
3662.771 3
3662.909 3
3663.048 2
3663.186 2
3663.324 2
3663.462 4
3663.600 3
3663.739 3
3663.877 3
3664.015 3
3664.153 5
3664.291 5
3664.430 5
3664.568 6
3664.706 5
3664.844 5
3664.983 5
3665.121 4
3665.259 3
3665.397 3
3665.536 3
3665.674 1
3665.812 4
3665.950 4
3666.089 4
3666.227 4
3666.365 5
3666.503 5
3666.642 5
3666.780 5
3666.918 2
3667.056 2
3667.195 2
3667.333 2
3667.471 1
3667.610 2
3667.748 3
3667.886 5
3668.024 6
3668.163 6
3668.301 6
3668.439 5
3668.578 2
3668.716 3
3668.854 3
3668.993 3
3669.131 2
3669.269 1
3669.407 1
3669.546 1
3669.684 4
3669.822 5
3669.961 6
3670.099 7
3670.237 8
3670.376 8
3670.514 8
3670.652 8
3670.791 5
3670.929 5
3671.068 5
3671.206 5
3671.344 2
3671.483 5
3671.621 8
3671.759 11
3671.898 16
3672.036 15
3672.174 14
3672.313 13
3672.451 12
3672.590 10
3672.728 8
3672.866 6
3673.005 1
3673.143 1
3673.282 1
3673.420 1
3673.558 2
3673.697 2
3673.835 2
3673.974 2
3674.112 3
3674.250 3
3674.389 3
3674.527 3
3674.666 2
3674.804 3
3674.942 3
3675.081 3
3675.219 6
3675.358 5
3675.496 5
3675.635 5
3675.773 1
3675.911 2
3676.050 3
3676.188 4
3676.327 8
3676.465 8
3676.604 8
3676.742 8
3676.881 5
3677.019 4
3677.158 3
3677.296 2
3677.435 0
3677.573 1
3677.712 1
3677.850 1
3677.988 3
3678.127 5
3678.265 9
3678.404 12
3678.542 17
3678.681 16
3678.819 14
3678.958 13
3679.096 9
3679.235 8
3679.373 7
3679.512 7
3679.651 6
3679.789 5
3679.928 4
3680.066 4
3680.205 3
3680.343 4
3680.482 4
3680.620 2
3680.759 2
3680.897 2
3681.036 3
3681.174 5
3681.313 5
3681.451 4
3681.590 3
3681.729 2
3681.867 6
3682.006 6
3682.144 6
3682.283 6
3682.421 1
3682.560 1
3682.699 1
3682.837 0
3682.976 1
3683.114 1
3683.253 1
3683.391 3
3683.530 2
3683.669 3
3683.807 4
3683.946 3
3684.084 4
3684.223 4
3684.362 4
3684.500 4
3684.639 7
3684.778 8
3684.916 9
3685.055 10
3685.193 13
3685.332 13
3685.471 12
3685.609 13
3685.748 11
3685.887 9
3686.025 8
3686.164 7
3686.302 5
3686.441 5
3686.580 6
3686.718 5
3686.857 2
3686.996 2
3687.134 1
3687.273 0
3687.412 2
3687.550 2
3687.689 2
3687.828 3
3687.966 4
3688.105 4
3688.244 4
3688.382 3
3688.521 2
3688.660 2
3688.799 2
3688.937 2
3689.076 1
3689.215 1
3689.353 2
3689.492 3
3689.631 4
3689.769 4
3689.908 3
3690.047 2
3690.186 2
3690.324 2
3690.463 2
3690.602 3
3690.741 4
3690.879 5
3691.018 6
3691.157 8
3691.296 14
3691.434 13
3691.573 12
3691.712 11
3691.851 11
3691.989 10
3692.128 10
3692.267 11
3692.406 12
3692.544 13
3692.683 12
3692.822 11
3692.961 8
3693.099 7
3693.238 7
3693.377 4
3693.516 4
3693.655 4
3693.793 4
3693.932 4
3694.071 1
3694.210 1
3694.349 1
3694.487 1
3694.626 0
3694.765 0
3694.904 1
3695.043 1
3695.181 2
3695.320 2
3695.459 1
3695.598 1
3695.737 0
3695.876 0
3696.014 1
3696.153 2
3696.292 5
3696.431 5
3696.570 4
3696.709 3
3696.847 6
3696.986 6
3697.125 6
3697.264 6
3697.403 4
3697.542 4
3697.681 4
3697.819 7
3697.958 6
3698.097 6
3698.236 6
3698.375 3
3698.514 2
3698.653 2
3698.792 2
3698.930 2
3699.069 0
3699.208 0
3699.347 0
3699.486 0
3699.625 0
3699.764 0
3699.903 0
3700.042 0
3700.181 3
3700.320 3
3700.458 3
3700.597 5
3700.736 7
3700.875 6
3701.014 5
3701.153 2
3701.292 0
3701.431 0
3701.570 0
3701.709 0
3701.848 0
3701.987 0
3702.126 0
3702.265 0
3702.404 0
3702.543 0
3702.681 0
3702.820 3
3702.959 3
3703.098 3
3703.237 3
3703.376 0
3703.515 1
3703.654 2
3703.793 3
3703.932 6
3704.071 8
3704.210 7
3704.349 6
3704.488 3
3704.627 0
3704.766 1
3704.905 2
3705.044 4
3705.183 7
3705.322 7
3705.461 7
3705.600 8
3705.739 5
3705.878 6
3706.017 7
3706.156 9
3706.295 11
3706.434 13
3706.574 15
3706.713 16
3706.852 18
3706.991 16
3707.130 14
3707.269 10
3707.408 8
3707.547 8
3707.686 8
3707.825 8
3707.964 6
3708.103 6
3708.242 6
3708.381 6
3708.520 8
3708.659 10
3708.798 12
3708.938 14
3709.077 14
3709.216 13
3709.355 12
3709.494 9
3709.633 6
3709.772 5
3709.911 4
3710.050 3
3710.189 4
3710.329 5
3710.468 6
3710.607 7
3710.746 6
3710.885 7
3711.024 8
3711.163 7
3711.302 9
3711.442 8
3711.581 7
3711.720 7
3711.859 7
3711.998 9
3712.137 11
3712.276 14
3712.415 11
3712.555 9
3712.694 7
3712.833 4
3712.972 1
3713.111 1
3713.250 1
3713.390 0
3713.529 0
3713.668 0
3713.807 0
3713.946 0
3714.085 0
3714.225 0
3714.364 0
3714.503 0
3714.642 0
3714.781 0
3714.921 0
3715.060 0
3715.199 1
3715.338 1
3715.477 1
3715.617 1
3715.756 1
3715.895 1
3716.034 1
3716.174 2
3716.313 1
3716.452 1
3716.591 2
3716.730 4
3716.870 4
3717.009 4
3717.148 3
3717.287 3
3717.427 7
3717.566 10
3717.705 13
3717.844 15
3717.984 18
3718.123 16
3718.262 14
3718.401 10
3718.541 8
3718.680 8
3718.819 8
3718.959 8
3719.098 6
3719.237 6
3719.376 6
3719.516 6
3719.655 4
3719.794 5
3719.934 6
3720.073 7
3720.212 4
3720.351 3
3720.491 2
3720.630 1
3720.769 0
3720.909 0
3721.048 0
3721.187 0
3721.327 0
3721.466 1
3721.605 1
3721.745 1
3721.884 4
3722.023 5
3722.163 7
3722.302 9
3722.441 13
3722.581 12
3722.720 11
3722.859 10
3722.999 8
3723.138 6
3723.277 4
3723.417 2
3723.556 0
3723.696 0
3723.835 0
3723.974 0
3724.114 0
3724.253 2
3724.392 3
3724.532 4
3724.671 6
3724.811 4
3724.950 3
3725.089 2
3725.229 1
3725.368 1
3725.508 1
3725.647 1
3725.786 0
3725.926 0
3726.065 0
3726.205 0
3726.344 1
3726.483 2
3726.623 3
3726.762 4
3726.902 7
3727.041 8
3727.181 8
3727.320 8
3727.459 10
3727.599 9
3727.738 9
3727.878 11
3728.017 10
3728.157 10
3728.296 10
3728.436 10
3728.575 8
3728.714 8
3728.854 8
3728.993 5
3729.133 8
3729.272 8
3729.412 8
3729.551 7
3729.691 5
3729.830 5
3729.970 5
3730.109 3
3730.249 7
3730.388 7
3730.528 7
3730.667 7
3730.807 5
3730.946 4
3731.086 3
3731.225 2
3731.365 0
3731.504 0
3731.644 0
3731.783 0
3731.923 1
3732.062 4
3732.202 4
3732.341 4
3732.481 10
3732.621 7
3732.760 6
3732.900 5
3733.039 4
3733.179 3
3733.318 3
3733.458 3
3733.597 2
3733.737 3
3733.877 4
3734.016 5
3734.156 6
3734.295 6
3734.435 6
3734.574 6
3734.714 4
3734.854 4
3734.993 4
3735.133 4
3735.272 1
3735.412 2
3735.551 2
3735.691 2
3735.831 4
3735.970 5
3736.110 7
3736.249 12
3736.389 12
3736.529 10
3736.668 8
3736.808 5
3736.948 3
3737.087 4
3737.227 5
3737.366 4
3737.506 5
3737.646 5
3737.785 5
3737.925 5
3738.065 6
3738.204 6
3738.344 6
3738.484 6
3738.623 5
3738.763 4
3738.903 3
3739.042 2
3739.182 0
3739.322 0
3739.461 0
3739.601 2
3739.741 2
3739.880 2
3740.020 2
3740.160 0
3740.299 1
3740.439 1
3740.579 1
3740.718 3
3740.858 3
3740.998 4
3741.137 5
3741.277 4
3741.417 5
3741.557 7
3741.696 9
3741.836 11
3741.976 14
3742.115 13
3742.255 12
3742.395 11
3742.535 8
3742.674 7
3742.814 6
3742.954 5
3743.094 3
3743.233 3
3743.373 3
3743.513 3
3743.653 3
3743.792 4
3743.932 5
3744.072 6
3744.212 7
3744.351 6
3744.491 5
3744.631 4
3744.771 3
3744.910 3
3745.050 3
3745.190 3
3745.330 2
3745.470 3
3745.609 4
3745.749 5
3745.889 6
3746.029 5
3746.169 4
3746.308 3
3746.448 0
3746.588 0
3746.728 0
3746.868 2
3747.007 3
3747.147 4
3747.287 5
3747.427 4
3747.567 7
3747.706 7
3747.846 8
3747.986 12
3748.126 12
3748.266 12
3748.406 11
3748.545 7
3748.685 3
3748.825 3
3748.965 5
3749.105 5
3749.245 2
3749.385 3
3749.524 2
3749.664 3
3749.804 5
3749.944 5
3750.084 5
3750.224 5
3750.364 4
3750.504 4
3750.643 4
3750.783 4
3750.923 1
3751.063 1
3751.203 1
3751.343 2
3751.483 1
3751.623 1
3751.763 1
3751.903 3
3752.042 6
3752.182 6
3752.322 6
3752.462 4
3752.602 4
3752.742 4
3752.882 4
3753.022 7
3753.162 5
3753.302 5
3753.442 5
3753.582 4
3753.722 4
3753.862 4
3754.002 4
3754.141 2
3754.281 3
3754.421 4
3754.561 6
3754.701 6
3754.841 8
3754.981 8
3755.121 7
3755.261 7
3755.401 5
3755.541 5
3755.681 5
3755.821 5
3755.961 6
3756.101 8
3756.241 10
3756.381 12
3756.521 16
3756.661 16
3756.801 16
3756.941 16
3757.081 15
3757.221 14
3757.361 13
3757.501 12
3757.641 9
3757.781 8
3757.921 7
3758.061 6
3758.201 3
3758.341 3
3758.481 3
3758.621 4
3758.761 2
3758.901 3
3759.041 4
3759.181 4
3759.322 7
3759.462 8
3759.602 10
3759.742 14
3759.882 17
3760.022 18
3760.162 19
3760.302 20
3760.442 16
3760.582 13
3760.722 9
3760.862 3
3761.002 1
3761.142 1
3761.283 1
3761.423 4
3761.563 7
3761.703 9
3761.843 11
3761.983 10
3762.123 12
3762.263 11
3762.403 10
3762.543 9
3762.684 8
3762.824 7
3762.964 6
3763.104 5
3763.244 3
3763.384 3
3763.524 3
3763.664 4
3763.805 3
3763.945 3
3764.085 3
3764.225 2
3764.365 0
3764.505 0
3764.645 0
3764.786 0
3764.926 0
3765.066 0
3765.206 0
3765.346 0
3765.486 0
3765.627 0
3765.767 0
3765.907 0
3766.047 3
3766.187 5
3766.327 7
3766.468 11
3766.608 12
3766.748 11
3766.888 10
3767.028 8
3767.169 9
3767.309 9
3767.449 9
3767.589 8
3767.729 7
3767.870 6
3768.010 6
3768.150 5
3768.290 4
3768.431 4
3768.571 4
3768.711 4
3768.851 3
3768.991 3
3769.132 2
3769.272 2
3769.412 4
3769.552 4
3769.693 5
3769.833 5
3769.973 5
3770.113 4
3770.254 2
3770.394 2
3770.534 1
3770.675 1
3770.815 1
3770.955 2
3771.095 2
3771.236 5
3771.376 5
3771.516 5
3771.656 6
3771.797 3
3771.937 3
3772.077 3
3772.218 6
3772.358 6
3772.498 7
3772.639 6
3772.779 7
3772.919 7
3773.059 6
3773.200 5
3773.340 6
3773.480 6
3773.621 6
3773.761 6
3773.901 5
3774.042 4
3774.182 3
3774.322 2
3774.463 1
3774.603 1
3774.743 1
3774.884 1
3775.024 4
3775.165 4
3775.305 5
3775.445 5
3775.586 7
3775.726 8
3775.866 8
3776.007 10
3776.147 7
3776.287 6
3776.428 5
3776.568 4
3776.709 7
3776.849 8
3776.989 9
3777.130 10
3777.270 8
3777.411 8
3777.551 8
3777.691 9
3777.832 7
3777.972 6
3778.113 6
3778.253 3
3778.393 3
3778.534 3
3778.674 3
3778.815 3
3778.955 4
3779.096 5
3779.236 5
3779.376 6
3779.517 9
3779.657 8
3779.798 7
3779.938 7
3780.079 6
3780.219 6
3780.359 6
3780.500 5
3780.640 8
3780.781 7
3780.921 6
3781.062 5
3781.202 2
3781.343 2
3781.483 3
3781.624 3
3781.764 1
3781.905 1
3782.045 0
3782.186 0
3782.326 0
3782.467 0
3782.607 0
3782.748 0
3782.888 0
3783.029 0
3783.169 0
3783.310 1
3783.450 2
3783.591 3
3783.731 4
3783.872 8
3784.012 7
3784.153 7
3784.293 7
3784.434 6
3784.574 9
3784.715 10
3784.855 11
3784.996 12
3785.136 10
3785.277 9
3785.418 8
3785.558 4
3785.699 2
3785.839 2
3785.980 2
3786.120 2
3786.261 0
3786.401 0
3786.542 0
3786.683 0
3786.823 2
3786.964 2
3787.104 2
3787.245 2
3787.386 2
3787.526 2
3787.667 2
3787.807 2
3787.948 0
3788.089 0
3788.229 0
3788.370 0
3788.510 0
3788.651 0
3788.792 0
3788.932 0
3789.073 3
3789.213 3
3789.354 3
3789.495 3
3789.635 1
3789.776 1
3789.917 1
3790.057 1
3790.198 3
3790.338 3
3790.479 3
3790.620 3
3790.760 0
3790.901 0
3791.042 0
3791.182 1
3791.323 2
3791.464 2
3791.604 2
3791.745 1
3791.886 3
3792.026 3
3792.167 3
3792.308 3
3792.448 0
3792.589 1
3792.730 1
3792.871 1
3793.011 1
3793.152 0
3793.293 0
3793.433 1
3793.574 4
3793.715 4
3793.855 4
3793.996 3
3794.137 3
3794.278 3
3794.418 3
3794.559 3
3794.700 0
3794.840 0
3794.981 2
3795.122 2
3795.263 3
3795.403 3
3795.544 1
3795.685 1
3795.826 3
3795.966 3
3796.107 3
3796.248 3
3796.389 3
3796.529 3
3796.670 3
3796.811 3
3796.952 2
3797.093 4
3797.233 6
3797.374 8
3797.515 10
3797.656 9
3797.796 8
3797.937 7
3798.078 5
3798.219 5
3798.360 5
3798.500 7
3798.641 7
3798.782 8
3798.923 9
3799.064 10
3799.204 12
3799.345 11
3799.486 10
3799.627 7
3799.768 4
3799.909 3
3800.049 2
3800.190 1
3800.331 0
3800.472 1
3800.613 1
3800.754 1
3800.894 1
3801.035 0
3801.176 0
3801.317 0
3801.458 1
3801.599 1
3801.740 1
3801.880 1
3802.021 1
3802.162 2
3802.303 2
3802.444 2
3802.585 5
3802.726 3
3802.866 3
3803.007 2
3803.148 1
3803.289 1
3803.430 0
3803.571 0
3803.712 0
3803.853 1
3803.994 2
3804.135 7
3804.275 10
3804.416 10
3804.557 10
3804.698 8
3804.839 7
3804.980 9
3805.121 11
3805.262 14
3805.403 17
3805.544 17
3805.685 17
3805.826 17
3805.967 17
3806.108 15
3806.248 12
3806.389 7
3806.530 5
3806.671 4
3806.812 4
3806.953 3
3807.094 2
3807.235 2
3807.376 2
3807.517 4
3807.658 3
3807.799 4
3807.940 5
3808.081 6
3808.222 6
3808.363 7
3808.504 8
3808.645 7
3808.786 11
3808.927 12
3809.068 12
3809.209 12
3809.350 11
3809.491 11
3809.632 12
3809.773 14
3809.914 12
3810.055 13
3810.196 14
3810.337 20
3810.478 15
3810.619 13
3810.760 11
3810.901 6
3811.042 4
3811.183 8
3811.324 12
3811.465 14
3811.606 18
3811.747 16
3811.889 14
3812.030 14
3812.171 12
3812.312 11
3812.453 10
3812.594 7
3812.735 5
3812.876 6
3813.017 7
3813.158 7
3813.299 9
3813.440 9
3813.581 9
3813.722 9
3813.864 10
3814.005 10
3814.146 10
3814.287 10
3814.428 7
3814.569 8
3814.710 10
3814.851 11
3814.992 14
3815.133 13
3815.275 11
3815.416 10
3815.557 8
3815.698 7
3815.839 6
3815.980 5
3816.121 2
3816.263 2
3816.404 2
3816.545 2
3816.686 2
3816.827 2
3816.968 3
3817.109 3
3817.251 6
3817.392 8
3817.533 7
3817.674 8
3817.815 11
3817.956 14
3818.098 13
3818.239 11
3818.380 8
3818.521 6
3818.662 6
3818.803 6
3818.945 9
3819.086 8
3819.227 7
3819.368 6
3819.509 3
3819.651 3
3819.792 3
3819.933 4
3820.074 1
3820.215 1
3820.357 1
3820.498 0
3820.639 0
3820.780 0
3820.922 1
3821.063 1
3821.204 1
3821.345 1
3821.486 0
3821.628 1
3821.769 3
3821.910 3
3822.051 3
3822.193 4
3822.334 6
3822.475 6
3822.616 7
3822.758 8
3822.899 8
3823.040 8
3823.182 7
3823.323 4
3823.464 1
3823.605 1
3823.747 1
3823.888 1
3824.029 2
3824.170 2
3824.312 2
3824.453 2
3824.594 2
3824.736 2
3824.877 2
3825.018 2
3825.160 5
3825.301 8
3825.442 11
3825.583 14
3825.725 16
3825.866 13
3826.007 11
3826.149 8
3826.290 4
3826.431 5
3826.573 6
3826.714 10
3826.855 11
3826.997 12
3827.138 12
3827.279 10
3827.421 11
3827.562 11
3827.704 11
3827.845 11
3827.986 9
3828.128 9
3828.269 10
3828.410 10
3828.552 9
3828.693 9
3828.834 8
3828.976 9
3829.117 7
3829.259 8
3829.400 9
3829.541 7
3829.683 5
3829.824 4
3829.966 3
3830.107 1
3830.248 2
3830.390 2
3830.531 2
3830.673 2
3830.814 3
3830.955 4
3831.097 6
3831.238 6
3831.380 7
3831.521 7
3831.663 6
3831.804 6
3831.945 5
3832.087 5
3832.228 5
3832.370 5
3832.511 4
3832.653 3
3832.794 2
3832.936 1
3833.077 0
3833.218 0
3833.360 0
3833.501 0
3833.643 0
3833.784 0
3833.926 1
3834.067 1
3834.209 3
3834.350 4
3834.492 4
3834.633 5
3834.775 7
3834.916 6
3835.058 5
3835.199 4
3835.341 1
3835.482 1
3835.624 1
3835.765 1
3835.907 1
3836.048 1
3836.190 1
3836.331 1
3836.473 4
3836.614 4
3836.756 4
3836.897 4
3837.039 3
3837.180 3
3837.322 3
3837.463 3
3837.605 3
3837.747 4
3837.888 5
3838.030 6
3838.171 8
3838.313 7
3838.454 6
3838.596 5
3838.737 1
3838.879 1
3839.021 1
3839.162 1
3839.304 1
3839.445 1
3839.587 1
3839.728 1
3839.870 4
3840.012 6
3840.153 6
3840.295 7
3840.436 3
3840.578 2
3840.720 3
3840.861 3
3841.003 8
3841.144 9
3841.286 10
3841.428 11
3841.569 9
3841.711 8
3841.853 7
3841.994 8
3842.136 6
3842.277 5
3842.419 4
3842.561 1
3842.702 1
3842.844 4
3842.986 4
3843.127 4
3843.269 6
3843.411 3
3843.552 3
3843.694 3
3843.836 6
3843.977 6
3844.119 6
3844.261 6
3844.402 6
3844.544 5
3844.686 4
3844.827 3
3844.969 2
3845.111 2
3845.252 2
3845.394 3
3845.536 2
3845.677 3
3845.819 3
3845.961 6
3846.102 4
3846.244 2
3846.386 1
3846.528 0
3846.669 0
3846.811 1
3846.953 1
3847.094 3
3847.236 3
3847.378 2
3847.520 2
3847.661 0
3847.803 0
3847.945 0
3848.087 0
3848.228 0
3848.370 0
3848.512 2
3848.654 3
3848.795 4
3848.937 5
3849.079 4
3849.221 4
3849.362 4
3849.504 5
3849.646 5
3849.788 5
3849.929 5
3850.071 1
3850.213 2
3850.355 3
3850.497 4
3850.638 6
3850.780 7
3850.922 8
3851.064 9
3851.206 13
3851.347 12
3851.489 11
3851.631 12
3851.773 10
3851.915 11
3852.056 12
3852.198 10
3852.340 7
3852.482 7
3852.624 4
3852.766 4
3852.907 5
3853.049 5
3853.191 4
3853.333 1
3853.475 1
3853.617 1
3853.758 1
3853.900 2
3854.042 3
3854.184 4
3854.326 5
3854.468 5
3854.610 7
3854.751 7
3854.893 8
3855.035 7
3855.177 6
3855.319 6
3855.461 5
3855.603 6
3855.745 9
3855.886 10
3856.028 11
3856.170 12
3856.312 13
3856.454 13
3856.596 12
3856.738 11
3856.880 7
3857.022 5
3857.164 4
3857.305 3
3857.447 1
3857.589 1
3857.731 1
3857.873 1
3858.015 1
3858.157 1
3858.299 1
3858.441 1
3858.583 2
3858.725 2
3858.867 2
3859.009 2
3859.151 0
3859.293 1
3859.435 2
3859.577 3
3859.718 4
3859.860 4
3860.002 5
3860.144 5
3860.286 8
3860.428 7
3860.570 5
3860.712 6
3860.854 3
3860.996 3
3861.138 5
3861.280 5
3861.422 4
3861.564 5
3861.706 4
3861.848 3
3861.990 6
3862.132 7
3862.274 8
3862.416 9
3862.558 10
3862.700 8
3862.842 7
3862.984 5
3863.126 2
3863.268 3
3863.410 3
3863.552 4
3863.694 6
3863.837 10
3863.979 14
3864.121 18
3864.263 21
3864.405 19
3864.547 17
3864.689 15
3864.831 10
3864.973 8
3865.115 6
3865.257 4
3865.399 2
3865.541 2
3865.683 2
3865.825 3
3865.967 6
3866.109 6
3866.252 6
3866.394 5
3866.536 8
3866.678 7
3866.820 6
3866.962 5
3867.104 3
3867.246 3
3867.388 3
3867.530 5
3867.673 2
3867.815 2
3867.957 2
3868.099 2
3868.241 4
3868.383 4
3868.525 4
3868.667 2
3868.810 0
3868.952 0
3869.094 0
3869.236 0
3869.378 0
3869.520 0
3869.662 0
3869.805 0
3869.947 0
3870.089 1
3870.231 2
3870.373 3
3870.515 5
3870.658 5
3870.800 5
3870.942 5
3871.084 8
3871.226 10
3871.368 12
3871.511 15
3871.653 19
3871.795 16
3871.937 14
3872.079 12
3872.222 8
3872.364 8
3872.506 9
3872.648 11
3872.790 9
3872.933 9
3873.075 7
3873.217 3
3873.359 3
3873.501 3
3873.644 3
3873.786 3
3873.928 2
3874.070 3
3874.213 4
3874.355 5
3874.497 7
3874.639 7
3874.782 7
3874.924 7
3875.066 5
3875.208 5
3875.351 5
3875.493 10
3875.635 10
3875.777 9
3875.920 10
3876.062 4
3876.204 2
3876.346 2
3876.489 0
3876.631 0
3876.773 0
3876.916 0
3877.058 0
3877.200 0
3877.342 0
3877.485 0
3877.627 0
3877.769 0
3877.912 1
3878.054 2
3878.196 5
3878.339 6
3878.481 7
3878.623 7
3878.766 6
3878.908 6
3879.050 3
3879.193 3
3879.335 2
3879.477 2
3879.620 1
3879.762 1
3879.904 1
3880.047 1
3880.189 0
3880.331 0
3880.474 0
3880.616 0
3880.758 0
3880.901 0
3881.043 0
3881.185 0
3881.328 3
3881.470 3
3881.613 4
3881.755 4
3881.897 7
3882.040 6
3882.182 4
3882.324 3
3882.467 2
3882.609 2
3882.752 2
3882.894 2
3883.036 2
3883.179 2
3883.321 2
3883.464 2
3883.606 4
3883.748 4
3883.891 4
3884.033 4
3884.176 4
3884.318 4
3884.461 4
3884.603 3
3884.745 5
3884.888 6
3885.030 7
3885.173 9
3885.315 7
3885.458 6
3885.600 5
3885.743 4
3885.885 5
3886.027 4
3886.170 3
3886.312 2
3886.455 2
3886.597 2
3886.740 3
3886.882 3
3887.025 1
3887.167 2
3887.310 2
3887.452 5
3887.595 7
3887.737 7
3887.880 7
3888.022 6
3888.165 4
3888.307 4
3888.450 4
3888.592 3
3888.735 2
3888.877 2
3889.020 2
3889.162 2
3889.305 0
3889.447 2
3889.590 4
3889.732 8
3889.875 13
3890.017 16
3890.160 19
3890.302 21
3890.445 21
3890.588 19
3890.730 17
3890.873 14
3891.015 11
3891.158 10
3891.300 9
3891.443 8
3891.585 11
3891.728 11
3891.871 11
3892.013 11
3892.156 11
3892.298 10
3892.441 9
3892.583 8
3892.726 4
3892.869 4
3893.011 4
3893.154 4
3893.296 6
3893.439 8
3893.582 10
3893.724 13
3893.867 18
3894.009 16
3894.152 14
3894.295 11
3894.437 7
3894.580 7
3894.722 7
3894.865 7
3895.008 9
3895.150 8
3895.293 8
3895.436 7
3895.578 4
3895.721 4
3895.864 3
3896.006 3
3896.149 2
3896.291 2
3896.434 2
3896.577 5
3896.719 8
3896.862 8
3897.005 8
3897.147 5
3897.290 3
3897.433 4
3897.575 4
3897.718 4
3897.861 4
3898.004 3
3898.146 4
3898.289 4
3898.432 4
3898.574 4
3898.717 3
3898.860 3
3899.002 4
3899.145 4
3899.288 4
3899.430 4
3899.573 6
3899.716 6
3899.859 6
3900.001 6
3900.144 9
3900.287 9
3900.430 9
3900.572 9
3900.715 7
3900.858 7
3901.000 7
3901.143 10
3901.286 12
3901.429 12
3901.571 13
3901.714 13
3901.857 15
3902.000 15
3902.142 14
3902.285 13
3902.428 11
3902.571 12
3902.714 13
3902.856 15
3902.999 16
3903.142 14
3903.285 11
3903.427 5
3903.570 3
3903.713 2
3903.856 2
3903.999 2
3904.141 0
3904.284 0
3904.427 1
3904.570 1
3904.713 3
3904.855 3
3904.998 3
3905.141 4
3905.284 6
3905.427 6
3905.570 9
3905.712 7
3905.855 6
3905.998 5
3906.141 4
3906.284 6
3906.427 9
3906.569 8
3906.712 7
3906.855 4
3906.998 1
3907.141 1
3907.284 2
3907.427 2
3907.569 3
3907.712 3
3907.855 3
3907.998 4
3908.141 5
3908.284 5
3908.427 4
3908.570 3
3908.712 5
3908.855 4
3908.998 3
3909.141 2
3909.284 1
3909.427 1
3909.570 1
3909.713 1
3909.856 1
3909.999 1
3910.141 3
3910.284 3
3910.427 2
3910.570 2
3910.713 0
3910.856 3
3910.999 3
3911.142 3
3911.285 3
3911.428 2
3911.571 3
3911.714 4
3911.857 5
3912.000 4
3912.142 5
3912.285 6
3912.428 7
3912.571 8
3912.714 9
3912.857 9
3913.000 10
3913.143 10
3913.286 11
3913.429 10
3913.572 8
3913.715 7
3913.858 3
3914.001 3
3914.144 3
3914.287 3
3914.430 0
3914.573 0
3914.716 0
3914.859 1
3915.002 3
3915.145 3
3915.288 3
3915.431 2
3915.574 5
3915.717 5
3915.860 5
3916.003 5
3916.146 8
3916.289 8
3916.432 8
3916.575 8
3916.718 5
3916.861 5
3917.004 5
3917.147 5
3917.290 7
3917.433 7
3917.577 7
3917.720 7
3917.863 6
3918.006 6
3918.149 6
3918.292 6
3918.435 6
3918.578 6
3918.721 7
3918.864 7
3919.007 9
3919.150 9
3919.293 8
3919.436 8
3919.580 5
3919.723 6
3919.866 7
3920.009 11
3920.152 12
3920.295 12
3920.438 12
3920.581 11
3920.724 12
3920.867 12
3921.011 12
3921.154 10
3921.297 9
3921.440 8
3921.583 6
3921.726 4
3921.869 2
3922.012 3
3922.156 3
3922.299 3
3922.442 5
3922.585 5
3922.728 7
3922.871 11
3923.014 13
3923.158 15
3923.301 17
3923.444 15
3923.587 19
3923.730 18
3923.873 17
3924.017 14
3924.160 10
3924.303 10
3924.446 10
3924.589 10
3924.733 8
3924.876 7
3925.019 6
3925.162 5
3925.305 2
3925.449 3
3925.592 4
3925.735 5
3925.878 6
3926.021 6
3926.165 6
3926.308 6
3926.451 6
3926.594 6
3926.737 6
3926.881 6
3927.024 3
3927.167 3
3927.310 3
3927.454 3
3927.597 5
3927.740 5
3927.883 5
3928.027 5
3928.170 6
3928.313 5
3928.456 4
3928.600 3
3928.743 1
3928.886 1
3929.029 1
3929.173 1
3929.316 3
3929.459 3
3929.602 3
3929.746 3
3929.889 3
3930.032 3
3930.176 3
3930.319 5
3930.462 8
3930.605 8
3930.749 8
3930.892 6
3931.035 3
3931.179 4
3931.322 5
3931.465 6
3931.609 10
3931.752 8
3931.895 6
3932.039 4
3932.182 1
3932.325 1
3932.469 1
3932.612 1
3932.755 3
3932.899 3
3933.042 3
3933.185 3
3933.329 1
3933.472 1
3933.615 1
3933.759 1
3933.902 2
3934.045 2
3934.189 2
3934.332 2
3934.475 3
3934.619 3
3934.762 3
3934.906 3
3935.049 0
3935.192 0
3935.336 0
3935.479 0
3935.623 2
3935.766 3
3935.909 4
3936.053 5
3936.196 5
3936.340 5
3936.483 5
3936.626 6
3936.770 3
3936.913 3
3937.057 3
3937.200 2
3937.343 2
3937.487 2
3937.630 2
3937.774 2
3937.917 2
3938.061 4
3938.204 5
3938.347 6
3938.491 11
3938.634 10
3938.778 10
3938.921 10
3939.065 10
3939.208 9
3939.352 8
3939.495 7
3939.639 5
3939.782 7
3939.925 8
3940.069 11
3940.212 13
3940.356 13
3940.499 14
3940.643 18
3940.786 19
3940.930 17
3941.073 15
3941.217 11
3941.360 8
3941.504 8
3941.647 9
3941.791 6
3941.934 7
3942.078 8
3942.221 8
3942.365 9
3942.508 11
3942.652 9
3942.795 7
3942.939 5
3943.083 1
3943.226 1
3943.370 1
3943.513 3
3943.657 2
3943.800 2
3943.944 3
3944.087 1
3944.231 3
3944.374 3
3944.518 2
3944.662 2
3944.805 2
3944.949 2
3945.092 2
3945.236 2
3945.379 2
3945.523 2
3945.666 2
3945.810 2
3945.954 1
3946.097 3
3946.241 5
3946.384 7
3946.528 10
3946.672 12
3946.815 14
3946.959 16
3947.102 20
3947.246 16
3947.390 12
3947.533 8
3947.677 3
3947.820 3
3947.964 3
3948.108 3
3948.251 2
3948.395 3
3948.539 4
3948.682 5
3948.826 7
3948.970 8
3949.113 8
3949.257 8
3949.400 7
3949.544 5
3949.688 4
3949.831 3
3949.975 2
3950.119 2
3950.262 2
3950.406 2
3950.550 4
3950.693 4
3950.837 4
3950.981 5
3951.124 6
3951.268 6
3951.412 6
3951.556 7
3951.699 4
3951.843 7
3951.987 8
3952.130 9
3952.274 12
3952.418 9
3952.561 8
3952.705 6
3952.849 2
3952.993 2
3953.136 2
3953.280 1
3953.424 2
3953.567 2
3953.711 3
3953.855 3
3953.999 6
3954.142 7
3954.286 6
3954.430 6
3954.574 3
3954.717 4
3954.861 5
3955.005 6
3955.149 9
3955.292 8
3955.436 8
3955.580 9
3955.724 9
3955.867 9
3956.011 9
3956.155 8
3956.299 7
3956.443 6
3956.586 5
3956.730 4
3956.874 2
3957.018 2
3957.161 2
3957.305 2
3957.449 4
3957.593 5
3957.737 5
3957.880 5
3958.024 3
3958.168 3
3958.312 3
3958.456 6
3958.600 5
3958.743 5
3958.887 6
3959.031 8
3959.175 9
3959.319 8
3959.463 8
3959.606 7
3959.750 7
3959.894 7
3960.038 6
3960.182 6
3960.326 2
3960.469 3
3960.613 3
3960.757 3
3960.901 6
3961.045 7
3961.189 8
3961.333 9
3961.477 10
3961.620 8
3961.764 7
3961.908 6
3962.052 2
3962.196 2
3962.340 2
3962.484 2
3962.628 2
3962.771 2
3962.915 3
3963.059 4
3963.203 5
3963.347 5
3963.491 4
3963.635 3
3963.779 0
3963.923 1
3964.067 2
3964.211 3
3964.355 5
3964.498 5
3964.642 5
3964.786 6
3964.930 5
3965.074 5
3965.218 7
3965.362 7
3965.506 7
3965.650 8
3965.794 6
3965.938 5
3966.082 6
3966.226 4
3966.370 3
3966.514 2
3966.658 0
3966.802 1
3966.946 1
3967.090 1
3967.234 2
3967.378 2
3967.522 3
3967.666 4
3967.810 6
3967.954 5
3968.098 5
3968.242 4
3968.386 2
3968.530 3
3968.674 2
3968.818 2
3968.962 5
3969.106 5
3969.250 7
3969.394 8
3969.538 10
3969.682 10
3969.826 8
3969.970 8
3970.114 6
3970.258 7
3970.402 9
3970.546 11
3970.690 8
3970.834 6
3970.978 5
3971.122 2
3971.266 5
3971.410 5
3971.554 4
3971.698 4
3971.842 5
3971.987 6
3972.131 6
3972.275 6
3972.419 5
3972.563 7
3972.707 9
3972.851 11
3972.995 15
3973.139 13
3973.283 12
3973.427 11
3973.571 8
3973.716 7
3973.860 6
3974.004 5
3974.148 3
3974.292 3
3974.436 3
3974.580 3
3974.724 4
3974.869 5
3975.013 7
3975.157 8
3975.301 4
3975.445 4
3975.589 5
3975.733 4
3975.877 4
3976.022 3
3976.166 0
3976.310 0
3976.454 0
3976.598 1
3976.742 1
3976.887 1
3977.031 1
3977.175 0
3977.319 0
3977.463 0
3977.607 2
3977.752 4
3977.896 6
3978.040 8
3978.184 11
3978.328 11
3978.472 10
3978.617 9
3978.761 8
3978.905 11
3979.049 15
3979.193 20
3979.338 21
3979.482 19
3979.626 17
3979.770 12
3979.915 12
3980.059 12
3980.203 12
3980.347 12
3980.491 14
3980.636 13
3980.780 13
3980.924 13
3981.068 12
3981.213 14
3981.357 13
3981.501 10
3981.645 6
3981.790 3
3981.934 2
3982.078 1
3982.222 2
3982.367 2
3982.511 2
3982.655 2
3982.799 5
3982.944 5
3983.088 4
3983.232 3
3983.377 2
3983.521 1
3983.665 1
3983.809 1
3983.954 3
3984.098 4
3984.242 4
3984.387 6
3984.531 5
3984.675 4
3984.820 4
3984.964 3
3985.108 5
3985.252 6
3985.397 7
3985.541 9
3985.685 8
3985.830 12
3985.974 15
3986.118 16
3986.263 21
3986.407 19
3986.551 17
3986.696 17
3986.840 13
3986.985 10
3987.129 8
3987.273 6
3987.418 4
3987.562 4
3987.706 4
3987.851 3
3987.995 3
3988.139 4
3988.284 6
3988.428 6
3988.573 7
3988.717 7
3988.861 8
3989.006 8
3989.150 6
3989.294 8
3989.439 7
3989.583 8
3989.728 13
3989.872 12
3990.016 11
3990.161 10
3990.305 3
3990.450 2
3990.594 2
3990.739 2
3990.883 0
3991.027 0
3991.172 0
3991.316 0
3991.461 0
3991.605 2
3991.750 3
3991.894 4
3992.038 5
3992.183 3
3992.327 2
3992.472 1
3992.616 0
3992.761 1
3992.905 2
3993.050 3
3993.194 4
3993.339 5
3993.483 6
3993.627 7
3993.772 10
3993.916 9
3994.061 8
3994.205 7
3994.350 3
3994.494 3
3994.639 3
3994.783 3
3994.928 1
3995.072 1
3995.217 1
3995.361 2
3995.506 1
3995.650 1
3995.795 2
3995.939 1
3996.084 1
3996.228 1
3996.373 0
3996.518 0
3996.662 1
3996.807 1
3996.951 1
3997.096 1
3997.240 3
3997.385 3
3997.529 3
3997.674 3
3997.818 1
3997.963 2
3998.108 4
3998.252 5
3998.397 7
3998.541 8
3998.686 9
3998.830 12
3998.975 15
3999.119 15
3999.264 14
3999.409 14
3999.553 10
3999.698 12
3999.842 14
3999.987 14
