660.094 63
660.152 63
660.210 63
660.267 63
660.325 63
660.383 67
660.441 68
660.498 69
660.556 66
660.614 63
660.672 61
660.729 61
660.787 71
660.845 72
660.903 72
660.960 67
661.018 65
661.076 63
661.134 66
661.191 65
661.249 63
661.307 68
661.365 68
661.423 71
661.480 71
661.538 64
661.596 64
661.654 60
661.712 58
661.769 68
661.827 69
661.885 70
661.943 72
662.001 69
662.058 70
662.116 79
662.174 77
662.232 85
662.290 83
662.347 68
662.405 64
662.463 56
662.521 55
662.579 63
662.637 62
662.694 53
662.752 52
662.810 46
662.868 50
662.926 58
662.984 57
663.041 57
663.099 57
663.157 56
663.215 59
663.273 66
663.331 68
663.389 72
663.447 79
663.504 83
663.562 85
663.620 88
663.678 84
663.736 84
663.794 86
663.852 81
663.910 80
663.967 71
664.025 72
664.083 62
664.141 57
664.199 55
664.257 47
664.315 47
664.373 43
664.431 41
664.489 44
664.547 40
664.604 44
664.662 47
664.720 48
664.778 49
664.836 49
664.894 52
664.952 53
665.010 53
665.068 53
665.126 47
665.184 51
665.242 50
665.300 51
665.358 56
665.416 60
665.474 63
665.532 63
665.590 69
665.647 70
665.705 68
665.763 68
665.821 62
665.879 62
665.937 60
665.995 61
666.053 52
666.111 43
666.169 38
666.227 34
666.285 38
666.343 39
666.401 43
666.459 44
666.517 42
666.575 49
666.633 50
666.691 46
666.749 43
666.807 37
666.865 34
666.923 40
666.981 45
667.039 45
667.097 47
667.156 48
667.214 53
667.272 53
667.330 50
667.388 57
667.446 54
667.504 52
667.562 55
667.620 52
667.678 52
667.736 52
667.794 57
667.852 52
667.910 48
667.968 51
668.026 45
668.084 43
668.142 44
668.201 37
668.259 35
668.317 38
668.375 43
668.433 45
668.491 46
668.549 47
668.607 56
668.665 51
668.723 58
668.781 62
668.840 64
668.898 67
668.956 65
669.014 63
669.072 58
669.130 53
669.188 51
669.246 49
669.305 48
669.363 52
669.421 55
669.479 58
669.537 54
669.595 52
669.653 51
669.711 51
669.770 51
669.828 57
669.886 58
669.944 56
670.002 52
670.060 51
670.119 53
670.177 57
670.235 58
670.293 61
670.351 64
670.409 60
670.468 61
670.526 64
670.584 66
670.642 79
670.700 98
670.759 115
670.817 133
670.875 148
670.933 173
670.991 197
671.050 208
671.108 207
671.166 200
671.224 197
671.282 202
671.341 211
671.399 219
671.457 225
671.515 229
671.573 224
671.632 213
671.690 190
671.748 165
671.806 150
671.865 136
671.923 134
671.981 126
672.039 124
672.098 138
672.156 140
672.214 146
672.272 149
672.331 141
672.389 148
672.447 156
672.505 155
672.564 154
672.622 154
672.680 150
672.739 146
672.797 136
672.855 124
672.913 115
672.972 104
673.030 87
673.088 89
673.147 84
673.205 93
673.263 100
673.322 100
673.380 104
673.438 111
673.496 116
673.555 111
673.613 114
673.671 106
673.730 96
673.788 97
673.846 93
673.905 86
673.963 78
674.021 71
674.080 65
674.138 64
674.196 64
674.255 60
674.313 53
674.371 59
674.430 57
674.488 62
674.546 74
674.605 75
674.663 75
674.722 78
674.780 87
674.838 90
674.897 86
674.955 94
675.013 88
675.072 95
675.130 108
675.189 104
675.247 99
675.305 91
675.364 77
675.422 76
675.481 75
675.539 75
675.597 78
675.656 78
675.714 83
675.773 87
675.831 82
675.889 84
675.948 91
676.006 92
676.065 89
676.123 88
676.182 90
676.240 88
676.298 89
676.357 83
676.415 78
676.474 78
676.532 81
676.591 80
676.649 81
676.707 80
676.766 77
676.824 79
676.883 75
676.941 73
677.000 77
677.058 66
677.117 63
677.175 62
677.234 61
677.292 65
677.351 71
677.409 72
677.468 73
677.526 72
677.585 70
677.643 69
677.702 71
677.760 69
677.819 64
677.877 60
677.936 55
677.994 59
678.053 61
678.111 63
678.170 63
678.228 56
678.287 58
678.345 55
678.404 51
678.462 56
678.521 56
678.579 53
678.638 51
678.696 48
678.755 44
678.813 47
678.872 48
678.931 55
678.989 62
679.048 69
679.106 72
679.165 70
679.223 65
679.282 64
679.340 63
679.399 59
679.458 56
679.516 51
679.575 45
679.633 47
679.692 52
679.751 54
679.809 52
679.868 56
679.926 50
679.985 49
680.043 50
680.102 45
680.161 47
680.219 49
680.278 45
680.337 42
680.395 44
680.454 41
680.512 42
680.571 51
680.630 47
680.688 50
680.747 56
680.805 58
680.864 63
680.923 69
680.981 72
681.040 74
681.099 73
681.157 68
681.216 68
681.275 59
681.333 54
681.392 48
681.451 41
681.509 39
681.568 35
681.627 36
681.685 37
681.744 42
681.803 43
681.861 45
681.920 53
681.979 54
682.037 59
682.096 56
682.155 50
682.213 49
682.272 49
682.331 50
682.389 53
682.448 54
682.507 53
682.566 52
682.624 57
682.683 57
682.742 61
682.800 64
682.859 63
682.918 61
682.977 58
683.035 53
683.094 46
683.153 46
683.212 53
683.270 60
683.329 71
683.388 76
683.447 77
683.505 80
683.564 82
683.623 83
683.682 86
683.740 85
683.799 81
683.858 71
683.917 71
683.975 67
684.034 71
684.093 66
684.152 62
684.210 62
684.269 56
684.328 61
684.387 68
684.446 64
684.504 61
684.563 56
684.622 51
684.681 53
684.740 62
684.798 73
684.857 81
684.916 90
684.975 103
685.034 110
685.092 115
685.151 117
685.210 114
685.269 107
685.328 102
685.387 95
685.445 92
685.504 80
685.563 73
685.622 70
685.681 64
685.740 65
685.798 68
685.857 69
685.916 78
685.975 75
686.034 74
686.093 71
686.152 64
686.210 64
686.269 66
686.328 66
686.387 66
686.446 64
686.505 62
686.564 60
686.623 58
686.681 57
686.740 54
686.799 59
686.858 67
686.917 70
686.976 72
687.035 73
687.094 71
687.153 80
687.212 88
687.270 94
687.329 102
687.388 97
687.447 95
687.506 96
687.565 96
687.624 95
687.683 98
687.742 93
687.801 88
687.860 82
687.919 78
687.978 80
688.037 78
688.096 76
688.154 77
688.213 75
688.272 76
688.331 84
688.390 84
688.449 89
688.508 94
688.567 93
688.626 94
688.685 94
688.744 85
688.803 82
688.862 77
688.921 70
688.980 65
689.039 62
689.098 62
689.157 67
689.216 73
689.275 77
689.334 76
689.393 76
689.452 71
689.511 70
689.570 67
689.629 65
689.688 68
689.747 71
689.806 65
689.865 67
689.924 70
689.983 67
690.042 71
690.101 68
690.160 58
690.219 58
690.278 50
690.337 44
690.396 37
690.455 35
690.515 40
690.574 41
690.633 40
690.692 41
690.751 38
690.810 38
690.869 39
690.928 39
690.987 42
691.046 45
691.105 49
691.164 54
691.223 59
691.282 59
691.342 58
691.401 58
691.460 58
691.519 60
691.578 56
691.637 49
691.696 49
691.755 51
691.814 53
691.873 58
691.933 62
691.992 62
692.051 67
692.110 63
692.169 62
692.228 59
692.287 57
692.346 51
692.406 48
692.465 46
692.524 44
692.583 49
692.642 48
692.701 51
692.760 60
692.820 60
692.879 62
692.938 62
692.997 56
693.056 55
693.115 54
693.175 52
693.234 49
693.293 43
693.352 40
693.411 40
693.470 40
693.530 42
693.589 42
693.648 46
693.707 48
693.766 54
693.826 55
693.885 55
693.944 55
694.003 51
694.062 51
694.122 49
694.181 47
694.240 43
694.299 41
694.358 40
694.418 40
694.477 39
694.536 37
694.595 39
694.655 45
694.714 49
694.773 54
694.832 66
694.892 76
694.951 104
695.010 141
695.069 204
695.129 276
695.188 369
695.247 480
695.306 586
695.366 694
695.425 777
695.484 812
695.543 766
695.603 710
695.662 624
695.721 534
695.780 463
695.840 390
695.899 329
695.958 297
696.018 301
696.077 306
696.136 336
696.195 396
696.255 477
696.314 552
696.373 633
696.433 682
696.492 673
696.551 666
696.611 627
696.670 551
696.729 477
696.789 397
696.848 325
696.907 295
696.967 270
697.026 249
697.085 232
697.145 224
697.204 232
697.263 253
697.323 271
697.382 287
697.441 294
697.501 292
697.560 294
697.619 279
697.679 262
697.738 243
697.797 212
697.857 200
697.916 187
697.976 169
698.035 156
698.094 139
698.154 150
698.213 162
698.272 164
698.332 170
698.391 165
698.451 150
698.510 147
698.569 142
698.629 140
698.688 131
698.748 122
698.807 117
698.867 111
698.926 107
698.985 110
699.045 101
699.104 102
699.164 103
699.223 101
699.282 98
699.342 89
699.401 81
699.461 68
699.520 66
699.580 64
699.639 60
699.699 58
699.758 64
699.817 69
699.877 76
699.936 78
699.996 76
700.055 77
700.115 73
700.174 74
700.234 75
700.293 70
700.353 61
700.412 53
700.472 46
700.531 48
700.591 50
700.650 50
700.710 60
700.769 62
700.829 67
700.888 76
700.948 82
701.007 79
701.067 71
701.126 68
701.186 61
701.245 61
701.305 65
701.364 63
701.424 61
701.483 63
701.543 65
701.602 72
701.662 76
701.721 75
701.781 71
701.840 69
701.900 64
701.959 66
702.019 65
702.079 66
702.138 63
702.198 63
702.257 61
702.317 62
702.376 64
702.436 63
702.496 57
702.555 54
702.615 50
702.674 50
702.734 52
702.793 53
702.853 57
702.913 60
702.972 73
703.032 78
703.091 83
703.151 84
703.211 88
703.270 81
703.330 80
703.389 82
703.449 72
703.509 72
703.568 75
703.628 70
703.687 72
703.747 69
703.807 67
703.866 74
703.926 81
703.986 81
704.045 79
704.105 81
704.164 82
704.224 84
704.284 85
704.343 83
704.403 81
704.463 83
704.522 80
704.582 80
704.642 79
704.701 74
704.761 74
704.821 74
704.880 75
704.940 77
705.000 76
705.059 77
705.119 81
705.179 84
705.238 84
705.298 87
705.358 85
705.418 89
705.477 93
705.537 97
705.597 96
705.656 93
705.716 96
705.776 93
705.835 87
705.895 81
705.955 73
706.015 65
706.074 56
706.134 49
706.194 42
706.253 39
706.313 41
706.373 41
706.433 40
706.492 44
706.552 52
706.612 55
706.672 60
706.731 60
706.791 62
706.851 64
706.911 65
706.970 70
707.030 65
707.090 69
707.150 74
707.210 72
707.269 77
707.329 82
707.389 82
707.449 81
707.508 80
707.568 84
707.628 79
707.688 74
707.748 67
707.807 58
707.867 52
707.927 52
707.987 54
708.047 51
708.106 51
708.166 50
708.226 48
708.286 53
708.346 65
708.405 65
708.465 66
708.525 70
708.585 67
708.645 65
708.705 59
708.764 57
708.824 54
708.884 58
708.944 62
709.004 60
709.064 66
709.124 68
709.183 71
709.243 72
709.303 77
709.363 76
709.423 77
709.483 87
709.543 85
709.602 88
709.662 92
709.722 93
709.782 91
709.842 90
709.902 83
709.962 80
710.022 76
710.081 76
710.141 80
710.201 73
710.261 73
710.321 70
710.381 64
710.441 70
710.501 70
710.561 74
710.621 77
710.681 73
710.740 82
710.800 89
710.860 97
710.920 107
710.980 110
711.040 117
711.100 130
711.160 143
711.220 158
711.280 165
711.340 174
711.400 184
711.460 192
711.520 192
711.580 191
711.640 189
711.700 183
711.760 176
711.820 171
711.879 164
711.939 160
711.999 170
712.059 167
712.119 170
712.179 180
712.239 188
712.299 208
712.359 220
712.419 229
712.479 235
712.539 234
712.599 226
712.659 205
712.719 189
712.779 174
712.839 169
712.899 162
712.959 161
713.019 175
713.079 164
713.139 162
713.199 164
713.259 156
713.320 165
713.380 177
713.440 181
713.500 175
713.560 166
713.620 156
713.680 145
713.740 137
713.800 130
713.860 117
713.920 117
713.980 113
714.040 107
714.100 106
714.160 102
714.220 95
714.280 98
714.340 106
714.401 107
714.461 98
714.521 95
714.581 93
714.641 100
714.701 110
714.761 119
714.821 118
714.881 128
714.941 133
715.001 137
715.062 137
715.122 126
715.182 131
715.242 126
715.302 138
715.362 136
715.422 130
715.482 125
715.542 109
715.603 110
715.663 103
715.723 104
715.783 101
715.843 106
715.903 112
715.963 122
716.024 139
716.084 143
716.144 153
716.204 166
716.264 167
716.324 165
716.384 164
716.445 152
716.505 145
716.565 140
716.625 131
716.685 118
716.746 117
716.806 113
716.866 104
716.926 103
716.986 100
717.046 104
717.107 111
717.167 113
717.227 118
717.287 115
717.347 116
717.408 112
717.468 100
717.528 96
717.588 88
717.648 87
717.709 86
717.769 82
717.829 80
717.889 80
717.950 83
718.010 87
718.070 91
718.130 93
718.191 87
718.251 100
718.311 108
718.371 173
718.432 242
718.492 404
718.552 562
718.612 670
718.673 843
718.733 1009
718.793 1240
718.853 1590
718.914 2136
718.974 2679
719.034 3344
719.094 4370
719.155 5842
719.215 7938
719.275 10430
719.336 12689
719.396 14407
719.456 15290
719.516 15275
719.577 14763
719.637 13451
719.697 11640
719.758 9841
719.818 8099
719.878 6738
719.939 5920
719.999 5456
720.059 5428
720.120 6090
720.180 7299
720.240 8873
720.300 10441
720.361 11855
720.421 12895
720.481 13450
720.542 13558
720.602 12874
720.663 11519
720.723 9944
720.783 8309
720.844 6864
720.904 5854
720.964 5136
721.025 4691
721.085 4669
721.145 4844
721.206 5229
721.266 5818
721.326 6580
721.387 7348
721.447 7963
721.508 8260
721.568 7963
721.628 7320
721.689 6501
721.749 5584
721.810 4791
721.870 4126
721.930 3580
721.991 3191
722.051 2990
722.112 2867
722.172 2826
722.232 2872
722.293 3031
722.353 3238
722.414 3436
722.474 3597
722.534 3595
722.595 3507
722.655 3331
722.716 3095
722.776 2835
722.837 2539
722.897 2295
722.957 2054
723.018 1878
723.078 1738
723.139 1619
723.199 1528
723.260 1498
723.320 1529
723.381 1574
723.441 1642
723.502 1682
723.562 1694
723.622 1675
723.683 1633
723.743 1554
723.804 1457
723.864 1357
723.925 1251
723.985 1187
724.046 1147
724.106 1114
724.167 1102
724.227 1103
724.288 1116
724.348 1134
724.409 1147
724.469 1147
724.530 1155
724.590 1146
724.651 1116
724.711 1093
724.772 1063
724.832 1040
724.893 1018
724.953 1011
725.014 989
725.074 973
725.135 958
725.196 940
725.256 929
725.317 911
725.377 899
725.438 849
725.498 793
725.559 712
725.619 622
725.680 526
725.740 445
725.801 375
725.862 325
725.922 298
725.983 291
726.043 288
726.104 296
726.164 313
726.225 329
726.286 354
726.346 360
726.407 353
726.467 347
726.528 324
726.589 313
726.649 289
726.710 250
726.770 208
726.831 177
726.892 159
726.952 146
727.013 136
727.073 128
727.134 124
727.195 138
727.255 148
727.316 186
727.376 207
727.437 223
727.498 239
727.558 242
727.619 241
727.680 238
727.740 236
727.801 212
727.862 202
727.922 180
727.983 165
728.044 146
728.104 132
728.165 127
728.226 114
728.286 114
728.347 113
728.408 124
728.468 141
728.529 157
728.590 176
728.650 179
728.711 183
728.772 187
728.832 188
728.893 182
728.954 181
729.014 172
729.075 167
729.136 167
729.196 159
729.257 153
729.318 149
729.379 150
729.439 150
729.500 159
729.561 157
729.621 157
729.682 164
729.743 169
729.804 166
729.864 160
729.925 150
729.986 132
730.047 134
730.107 126
730.168 115
730.229 110
730.290 103
730.350 103
730.411 105
730.472 120
730.533 130
730.593 139
730.654 139
730.715 134
730.776 128
730.836 120
730.897 117
730.958 126
731.019 126
731.080 126
731.140 130
731.201 130
731.262 133
731.323 135
731.384 135
731.444 127
731.505 129
731.566 137
731.627 137
731.688 146
731.748 146
731.809 137
731.870 137
731.931 126
731.992 122
732.052 123
732.113 133
732.174 146
732.235 147
732.296 150
732.357 154
732.417 155
732.478 160
732.539 161
732.600 171
732.661 170
732.722 169
732.783 162
732.843 159
732.904 159
732.965 169
733.026 167
733.087 163
733.148 157
733.209 160
733.269 172
733.330 174
733.391 182
733.452 188
733.513 180
733.574 181
733.635 182
733.696 176
733.757 179
733.817 175
733.878 163
733.939 169
734.000 165
734.061 165
734.122 162
734.183 155
734.244 152
734.305 147
734.366 149
734.427 157
734.487 162
734.548 165
734.609 164
734.670 173
734.731 187
734.792 203
734.853 231
734.914 254
734.975 283
735.036 333
735.097 421
735.158 537
735.219 714
735.280 890
735.341 1080
735.402 1250
735.463 1357
735.524 1430
735.585 1424
735.646 1349
735.707 1223
735.768 1116
735.829 1011
735.890 955
735.950 904
736.011 862
736.072 822
736.133 811
736.194 836
736.255 872
736.316 946
736.377 1036
736.438 1128
736.499 1186
736.561 1228
736.622 1165
736.683 1086
736.744 1002
736.805 912
736.866 849
736.927 772
736.988 701
737.049 639
737.110 594
737.171 581
737.232 576
737.293 583
737.354 608
737.415 630
737.476 636
737.537 637
737.598 623
737.659 588
737.720 553
737.781 516
737.842 475
737.903 440
737.965 411
738.026 382
738.087 347
738.148 328
738.209 310
738.270 307
738.331 314
738.392 321
738.453 332
738.514 331
738.575 325
738.636 321
738.698 321
738.759 318
738.820 307
738.881 300
738.942 271
739.003 250
739.064 244
739.125 242
739.186 245
739.248 255
739.309 265
739.370 271
739.431 276
739.492 276
739.553 271
739.614 273
739.676 276
739.737 273
739.798 266
739.859 259
739.920 264
739.981 269
740.042 270
740.104 262
740.165 248
740.226 240
740.287 241
740.348 248
740.409 256
740.471 265
740.532 273
740.593 273
740.654 266
740.715 264
740.777 253
740.838 252
740.899 258
740.960 248
741.021 233
741.083 224
741.144 217
741.205 208
741.266 203
741.327 202
741.389 201
741.450 215
741.511 226
741.572 222
741.634 224
741.695 214
741.756 204
741.817 195
741.878 189
741.940 175
742.001 169
742.062 166
742.123 159
742.185 152
742.246 149
742.307 146
742.368 149
742.430 145
742.491 135
742.552 130
742.613 127
742.675 132
742.736 136
742.797 137
742.859 139
742.920 126
742.981 121
743.042 120
743.104 123
743.165 120
743.226 125
743.288 127
743.349 124
743.410 139
743.471 157
743.533 167
743.594 178
743.655 179
743.717 173
743.778 172
743.839 164
743.901 153
743.962 142
744.023 127
744.085 121
744.146 112
744.207 98
744.269 102
744.330 103
744.391 119
744.453 125
744.514 132
744.575 150
744.637 160
744.698 170
744.759 168
744.821 166
744.882 160
744.943 156
745.005 151
745.066 140
745.128 125
745.189 125
745.250 129
745.312 135
745.373 141
745.434 142
745.496 141
745.557 137
745.619 139
745.680 136
745.741 136
745.803 132
745.864 130
745.926 123
745.987 124
746.048 120
746.110 113
746.171 106
746.233 106
746.294 100
746.356 104
746.417 110
746.478 115
746.540 125
746.601 129
746.663 126
746.724 113
746.786 108
746.847 103
746.908 96
746.970 96
747.031 90
747.093 91
747.154 99
747.216 103
747.277 105
747.339 98
747.400 98
747.462 91
747.523 89
747.585 78
747.646 66
747.708 67
747.769 63
747.830 63
747.892 59
747.953 63
748.015 73
748.076 83
748.138 97
748.199 98
748.261 100
748.322 103
748.384 89
748.445 82
748.507 73
748.568 75
748.630 73
748.692 73
748.753 71
748.815 67
748.876 68
748.938 70
748.999 65
749.061 68
749.122 71
749.184 77
749.245 87
749.307 91
749.368 96
749.430 100
749.492 93
749.553 94
749.615 93
749.676 83
749.738 78
749.799 74
749.861 72
749.922 72
749.984 74
750.046 76
750.107 77
750.169 83
750.230 88
750.292 92
750.354 104
750.415 99
750.477 98
750.538 98
750.600 96
750.661 97
750.723 97
750.785 93
750.846 84
750.908 82
750.970 88
751.031 93
751.093 102
751.154 108
751.216 110
751.278 110
751.339 114
751.401 123
751.463 136
751.524 146
751.586 141
751.647 125
751.709 108
751.771 94
751.832 92
751.894 93
751.956 95
752.017 94
752.079 94
752.141 95
752.202 98
752.264 112
752.326 125
752.387 130
752.449 139
752.511 142
752.572 148
752.634 151
752.696 150
752.757 143
752.819 141
752.881 139
752.943 138
753.004 139
753.066 136
753.128 130
753.189 129
753.251 127
753.313 126
753.374 133
753.436 126
753.498 124
753.560 125
753.621 122
753.683 114
753.745 118
753.807 126
753.868 118
753.930 114
753.992 106
754.054 96
754.115 97
754.177 99
754.239 96
754.301 100
754.362 98
754.424 103
754.486 105
754.548 108
754.609 107
754.671 102
754.733 98
754.795 91
754.856 88
754.918 79
754.980 73
755.042 67
755.104 76
755.165 85
755.227 93
755.289 95
755.351 97
755.413 100
755.474 102
755.536 100
755.598 103
755.660 105
755.722 104
755.783 96
755.845 96
755.907 98
755.969 89
756.031 84
756.092 82
756.154 82
756.216 83
756.278 81
756.340 76
756.402 78
756.463 81
756.525 92
756.587 95
756.649 98
756.711 101
756.773 105
756.835 105
756.896 115
756.958 112
757.020 103
757.082 102
757.144 95
757.206 94
757.268 88
757.330 89
757.391 94
757.453 100
757.515 106
757.577 104
757.639 98
757.701 98
757.763 97
757.825 93
757.887 87
757.948 83
758.010 70
758.072 69
758.134 66
758.196 70
758.258 69
758.320 71
758.382 83
758.444 81
758.506 85
758.568 83
758.630 77
758.691 74
758.753 69
758.815 65
758.877 60
758.939 58
759.001 61
759.063 65
759.125 69
759.187 72
759.249 71
759.311 74
759.373 77
759.435 85
759.497 87
759.559 85
759.621 85
759.683 82
759.745 80
759.807 74
759.869 68
759.931 68
759.993 63
760.055 63
760.117 59
760.179 58
760.241 59
760.303 61
760.365 72
760.427 72
760.489 67
760.551 66
760.613 64
760.675 57
760.737 66
760.799 67
760.861 71
760.923 72
760.985 68
761.047 63
761.109 55
761.171 53
761.233 50
761.295 55
761.357 60
761.419 60
761.481 64
761.543 61
761.605 69
761.667 69
761.729 74
761.791 74
761.854 70
761.916 65
761.978 68
762.040 69
762.102 72
762.164 77
762.226 73
762.288 74
762.350 72
762.412 79
762.474 82
762.536 78
762.599 78
762.661 72
762.723 67
762.785 66
762.847 66
762.909 62
762.971 66
763.033 62
763.095 64
763.157 62
763.220 52
763.282 57
763.344 59
763.406 62
763.468 73
763.530 75
763.592 83
763.655 86
763.717 76
763.779 70
763.841 65
763.903 61
763.965 61
764.027 64
764.090 60
764.152 58
764.214 57
764.276 53
764.338 55
764.400 50
764.463 54
764.525 61
764.587 76
764.649 79
764.711 80
764.773 79
764.836 71
764.898 80
764.960 87
765.022 79
765.084 72
765.147 56
765.209 44
765.271 39
765.333 36
765.395 33
765.458 35
765.520 37
765.582 39
765.644 42
765.707 46
765.769 48
765.831 55
765.893 55
765.955 57
766.018 57
766.080 61
766.142 66
766.204 67
766.267 65
766.329 63
766.391 67
766.453 74
766.516 80
766.578 90
766.640 91
766.702 90
766.765 92
766.827 85
766.889 82
766.952 81
767.014 88
767.076 100
767.138 107
767.201 107
767.263 103
767.325 95
767.388 101
767.450 101
767.512 106
767.574 103
767.637 98
767.699 101
767.761 96
767.824 95
767.886 88
767.948 81
768.011 82
768.073 78
768.135 76
768.198 81
768.260 84
768.322 85
768.385 98
768.447 107
768.509 113
768.572 126
768.634 131
768.696 126
768.759 121
768.821 113
768.883 108
768.946 106
769.008 101
769.070 89
769.133 88
769.195 79
769.258 83
769.320 89
769.382 95
769.445 98
769.507 107
769.569 110
769.632 106
769.694 105
769.757 100
769.819 96
769.881 106
769.944 104
770.006 109
770.069 110
770.131 100
770.193 103
770.256 98
770.318 95
770.381 90
770.443 80
770.505 78
770.568 77
770.630 86
770.693 81
770.755 76
770.818 65
770.880 58
770.942 58
771.005 59
771.067 56
771.130 53
771.192 55
771.255 62
771.317 69
771.380 65
771.442 71
771.505 64
771.567 61
771.629 63
771.692 57
771.754 57
771.817 55
771.879 54
771.942 55
772.004 60
772.067 62
772.129 61
772.192 68
772.254 66
772.317 66
772.379 70
772.442 66
772.504 65
772.567 67
772.629 68
772.692 67
772.754 71
772.817 74
772.879 73
772.942 79
773.004 71
773.067 65
773.129 59
773.192 58
773.254 59
773.317 63
773.380 66
773.442 57
773.505 56
773.567 53
773.630 55
773.692 60
773.755 59
773.817 58
773.880 57
773.943 64
774.005 65
774.068 67
774.130 60
774.193 52
774.255 57
774.318 54
774.381 54
774.443 59
774.506 56
774.568 60
774.631 66
774.693 68
774.756 69
774.819 69
774.881 67
774.944 62
775.006 65
775.069 63
775.132 65
775.194 72
775.257 70
775.320 72
775.382 70
775.445 67
775.507 68
775.570 64
775.633 63
775.695 64
775.758 65
775.821 67
775.883 69
775.946 71
776.008 73
776.071 72
776.134 71
776.196 75
776.259 82
776.322 83
776.384 83
776.447 97
776.510 92
776.572 98
776.635 100
776.698 85
776.760 81
776.823 70
776.886 71
776.948 72
777.011 69
777.074 70
777.137 63
777.199 61
777.262 64
777.325 60
777.387 63
777.450 67
777.513 67
777.575 74
777.638 74
777.701 78
777.764 77
777.826 75
777.889 70
777.952 61
778.015 59
778.077 60
778.140 60
778.203 68
778.265 65
778.328 68
778.391 65
778.454 63
778.516 65
778.579 63
778.642 68
778.705 70
778.767 77
778.830 74
778.893 78
778.956 78
779.019 80
779.081 86
779.144 85
779.207 94
779.270 93
779.332 85
779.395 83
779.458 86
779.521 83
779.584 77
779.646 72
779.709 63
779.772 56
779.835 57
779.898 59
779.960 58
780.023 61
780.086 65
780.149 65
780.212 55
780.274 53
780.337 58
780.400 59
780.463 57
780.526 58
780.589 57
780.651 49
780.714 45
780.777 52
780.840 50
780.903 59
780.966 68
781.028 64
781.091 60
781.154 54
781.217 55
781.280 56
781.343 60
781.406 70
781.468 73
781.531 77
781.594 81
781.657 77
781.720 72
781.783 66
781.846 65
781.909 70
781.972 68
782.034 70
782.097 71
782.160 65
782.223 64
782.286 61
782.349 65
782.412 68
782.475 66
782.538 60
782.601 54
782.663 58
782.726 51
782.789 51
782.852 55
782.915 53
782.978 56
783.041 55
783.104 53
783.167 45
783.230 47
783.293 50
783.356 55
783.419 58
783.482 60
783.545 65
783.608 70
783.671 76
783.733 82
783.796 82
783.859 77
783.922 75
783.985 80
784.048 84
784.111 79
784.174 81
784.237 74
784.300 72
784.363 72
784.426 74
784.489 75
784.552 74
784.615 75
784.678 78
784.741 77
784.804 75
784.867 71
784.930 68
784.993 71
785.056 71
785.119 66
785.182 64
785.245 61
785.308 65
785.371 63
785.434 64
785.497 60
785.560 57
785.623 59
785.687 60
785.750 63
785.813 62
785.876 61
785.939 53
786.002 54
786.065 53
786.128 53
786.191 59
786.254 59
786.317 62
786.380 71
786.443 78
786.506 80
786.569 79
786.632 76
786.696 73
786.759 66
786.822 63
786.885 56
786.948 53
787.011 59
787.074 59
787.137 63
787.200 60
787.263 53
787.326 58
787.390 61
787.453 63
787.516 61
787.579 62
787.642 68
787.705 76
787.768 80
787.831 78
787.895 74
787.958 72
788.021 74
788.084 70
788.147 64
788.210 57
788.273 51
788.337 50
788.400 51
788.463 60
788.526 65
788.589 61
788.652 58
788.715 53
788.779 47
788.842 45
788.905 41
788.968 42
789.031 41
789.095 47
789.158 49
789.221 54
789.284 59
789.347 61
789.410 58
789.474 63
789.537 62
789.600 61
789.663 62
789.726 59
789.790 52
789.853 51
789.916 53
789.979 48
790.043 56
790.106 54
790.169 59
790.232 64
790.295 63
790.359 61
790.422 56
790.485 57
790.548 60
790.612 65
790.675 66
790.738 63
790.801 68
790.865 73
790.928 74
790.991 72
791.054 74
791.118 72
791.181 74
791.244 77
791.307 87
791.371 90
791.434 100
791.497 102
791.560 103
791.624 104
791.687 99
791.750 93
791.814 89
791.877 85
791.940 86
792.004 84
792.067 81
792.130 88
792.193 86
792.257 97
792.320 109
792.383 111
792.447 116
792.510 121
792.573 118
792.637 108
792.700 94
792.763 81
792.827 72
792.890 66
792.953 58
793.017 63
793.080 58
793.143 64
793.207 69
793.270 68
793.333 72
793.397 76
793.460 79
793.523 77
793.587 76
793.650 71
793.713 62
793.777 59
793.840 57
793.904 60
793.967 60
794.030 62
794.094 62
794.157 63
794.220 69
794.284 68
794.347 76
794.411 82
794.474 85
794.537 93
794.601 92
794.664 91
794.728 95
794.791 89
794.854 79
794.918 73
794.981 66
795.045 64
795.108 56
795.172 56
795.235 60
795.298 61
795.362 68
795.425 77
795.489 84
795.552 85
795.616 103
795.679 101
795.743 95
795.806 94
795.869 86
795.933 84
795.996 84
796.060 85
796.123 83
796.187 82
796.250 85
796.314 82
796.377 88
796.441 81
796.504 80
796.568 71
796.631 63
796.695 59
796.758 57
796.822 60
796.885 59
796.949 58
797.012 55
797.076 55
797.139 60
797.203 61
797.266 61
797.330 57
797.393 54
797.457 52
797.520 50
797.584 50
797.647 50
797.711 49
797.774 51
797.838 48
797.901 39
797.965 43
798.028 49
798.092 58
798.155 68
798.219 68
798.283 63
798.346 64
798.410 63
798.473 63
798.537 64
798.600 61
798.664 65
798.727 69
798.791 71
798.855 70
798.918 67
798.982 66
799.045 62
799.109 68
799.172 73
799.236 72
799.300 77
799.363 79
799.427 83
799.490 80
799.554 79
799.618 69
799.681 68
799.745 71
799.808 71
799.872 67
799.936 66
799.999 63
800.063 58
800.127 66
800.190 63
800.254 65
800.317 66
800.381 67
800.445 68
800.508 71
800.572 75
800.636 79
800.699 78
800.763 75
800.827 71
800.890 73
800.954 69
801.018 62
801.081 56
801.145 47
801.209 45
801.272 49
801.336 52
801.400 60
801.463 62
801.527 64
801.591 61
801.654 58
801.718 70
801.782 67
801.845 69
801.909 72
801.973 75
802.037 74
802.100 72
802.164 63
802.228 56
802.291 53
802.355 54
802.419 60
802.482 59
802.546 62
802.610 66
802.674 61
802.737 61
802.801 60
802.865 59
802.929 63
802.992 65
803.056 65
803.120 55
803.184 60
803.247 54
803.311 53
803.375 61
803.439 66
803.502 72
803.566 71
803.630 71
803.694 62
803.757 59
803.821 61
803.885 64
803.949 72
804.013 78
804.076 77
804.140 80
804.204 75
804.268 72
804.331 73
804.395 77
804.459 75
804.523 78
804.587 75
804.650 70
804.714 72
804.778 60
804.842 55
804.906 47
804.970 44
805.033 48
805.097 49
805.161 49
805.225 51
805.289 59
805.353 67
805.416 75
805.480 75
805.544 81
805.608 79
805.672 72
805.736 67
805.799 64
805.863 60
805.927 60
805.991 63
806.055 61
806.119 61
806.183 64
806.246 62
806.310 58
806.374 60
806.438 65
806.502 63
806.566 58
806.630 58
806.694 61
806.758 67
806.821 71
806.885 72
806.949 62
807.013 64
807.077 68
807.141 68
807.205 68
807.269 77
807.333 78
807.397 77
807.460 81
807.524 77
807.588 67
807.652 66
807.716 61
807.780 57
807.844 55
807.908 59
807.972 63
808.036 70
808.100 73
808.164 80
808.228 88
808.292 96
808.356 92
808.420 88
808.484 86
808.547 82
808.611 85
808.675 83
808.739 83
808.803 78
808.867 72
808.931 70
808.995 63
809.059 66
809.123 81
809.187 81
809.251 81
809.315 83
809.379 79
809.443 80
809.507 83
809.571 84
809.635 82
809.699 83
809.763 81
809.827 75
809.891 67
809.955 70
810.019 64
810.083 65
810.147 63
810.211 67
810.275 70
810.339 67
810.404 70
810.468 69
810.532 72
810.596 75
810.660 77
810.724 80
810.788 83
810.852 82
810.916 79
810.980 76
811.044 71
811.108 66
811.172 60
811.236 58
811.300 57
811.364 54
811.428 56
811.493 55
811.557 61
811.621 62
811.685 65
811.749 66
811.813 61
811.877 64
811.941 68
812.005 75
812.069 79
812.133 86
812.198 91
812.262 90
812.326 91
812.390 85
812.454 82
812.518 75
812.582 70
812.646 71
812.711 61
812.775 62
812.839 62
812.903 57
812.967 58
813.031 57
813.095 52
813.160 50
813.224 49
813.288 53
813.352 56
813.416 59
813.480 63
813.544 59
813.609 61
813.673 57
813.737 68
813.801 68
813.865 63
813.930 65
813.994 64
814.058 63
814.122 60
814.186 59
814.250 61
814.315 62
814.379 69
814.443 72
814.507 70
814.571 70
814.636 71
814.700 70
814.764 72
814.828 75
814.892 78
814.957 87
815.021 101
815.085 134
815.149 179
815.214 247
815.278 316
815.342 376
815.406 432
815.471 459
815.535 463
815.599 422
815.663 381
815.728 323
815.792 277
815.856 255
815.920 232
815.985 234
816.049 234
816.113 260
816.177 290
816.242 325
816.306 353
816.370 373
816.434 389
816.499 371
816.563 346
816.627 304
816.692 262
816.756 228
816.820 201
816.884 185
816.949 169
817.013 165
817.077 174
817.142 194
817.206 214
817.270 226
817.335 239
817.399 248
817.463 249
817.528 250
817.592 231
817.656 212
817.721 186
817.785 166
817.849 156
817.914 140
817.978 128
818.042 122
818.107 119
818.171 111
818.235 111
818.300 116
818.364 111
818.428 109
818.493 100
818.557 97
818.621 92
818.686 89
818.750 82
818.815 69
818.879 67
818.943 69
819.008 64
819.072 62
819.136 64
819.201 61
819.265 69
819.330 76
819.394 81
819.458 83
819.523 86
819.587 88
819.652 90
819.716 88
819.780 85
819.845 79
819.909 69
819.974 67
820.038 56
820.103 55
820.167 59
820.231 66
820.296 73
820.360 79
820.425 75
820.489 81
820.554 85
820.618 91
820.682 94
820.747 97
820.811 100
820.876 108
820.940 107
821.005 104
821.069 105
821.134 97
821.198 90
821.263 90
821.327 82
821.392 75
821.456 70
821.520 69
821.585 66
821.649 63
821.714 63
821.778 65
821.843 71
821.907 75
821.972 70
822.036 66
822.101 64
822.165 56
822.230 57
822.294 58
822.359 58
822.423 62
822.488 68
822.553 71
822.617 76
822.682 76
822.746 75
822.811 74
822.875 73
822.940 66
823.004 67
823.069 68
823.133 67
823.198 75
823.262 78
823.327 86
823.392 96
823.456 100
823.521 105
823.585 100
823.650 101
823.714 97
823.779 88
823.843 93
823.908 90
823.973 90
824.037 89
824.102 86
824.166 81
824.231 84
824.296 90
824.360 85
824.425 84
824.489 85
824.554 87
824.619 90
824.683 91
824.748 89
824.812 82
824.877 80
824.942 81
825.006 83
825.071 86
825.135 96
825.200 99
825.265 100
825.329 119
825.394 120
825.459 124
825.523 130
825.588 114
825.653 103
825.717 101
825.782 97
825.846 92
825.911 83
825.976 81
826.040 75
826.105 73
826.170 70
826.234 66
826.299 66
826.364 67
826.428 69
826.493 75
826.558 81
826.623 82
826.687 83
826.752 79
826.817 77
826.881 77
826.946 74
827.011 65
827.075 68
827.140 74
827.205 75
827.269 76
827.334 79
827.399 82
827.464 87
827.528 97
827.593 95
827.658 91
827.723 86
827.787 87
827.852 82
827.917 74
827.981 69
828.046 62
828.111 63
828.176 69
828.240 78
828.305 82
828.370 86
828.435 91
828.499 94
828.564 96
828.629 101
828.694 92
828.758 88
828.823 82
828.888 86
828.953 92
829.018 93
829.082 94
829.147 89
829.212 83
829.277 76
829.342 76
829.406 85
829.471 77
829.536 81
829.601 88
829.665 96
829.730 104
829.795 103
829.860 102
829.925 95
829.990 91
830.054 91
830.119 89
830.184 87
830.249 81
830.314 85
830.379 92
830.443 89
830.508 89
830.573 87
830.638 88
830.703 89
830.768 91
830.832 94
830.897 97
830.962 106
831.027 121
831.092 128
831.157 145
831.222 163
831.286 181
831.351 203
831.416 218
831.481 215
831.546 219
831.611 208
831.676 185
831.741 169
831.805 157
831.870 146
831.935 135
832.000 142
832.065 154
832.130 169
832.195 184
832.260 207
832.325 224
832.390 238
832.454 242
832.519 234
832.584 219
832.649 199
832.714 189
832.779 178
832.844 169
832.909 161
832.974 149
833.039 147
833.104 141
833.169 147
833.234 142
833.299 136
833.364 140
833.428 130
833.493 138
833.558 134
833.623 125
833.688 124
833.753 118
833.818 109
833.883 106
833.948 108
834.013 103
834.078 102
834.143 100
834.208 100
834.273 97
834.338 105
834.403 110
834.468 110
834.533 112
834.598 112
834.663 120
834.728 113
834.793 111
834.858 110
834.923 106
834.988 109
835.053 107
835.118 108
835.183 98
835.248 101
835.313 111
835.378 105
835.443 104
835.508 102
835.573 91
835.638 87
835.703 85
835.768 80
835.833 79
835.899 83
835.964 88
836.029 89
836.094 96
836.159 98
836.224 96
836.289 100
836.354 106
836.419 111
836.484 111
836.549 113
836.614 116
836.679 109
836.744 110
836.810 111
836.875 108
836.940 101
837.005 97
837.070 89
837.135 87
837.200 91
837.265 88
837.330 97
837.395 103
837.461 116
837.526 122
837.591 115
837.656 106
837.721 102
837.786 87
837.851 84
837.916 79
837.981 71
838.047 83
838.112 86
838.177 93
838.242 91
838.307 101
838.372 105
838.437 111
838.503 127
838.568 151
838.633 264
838.698 400
838.763 620
838.828 1017
838.894 1536
838.959 2228
839.024 3301
839.089 4858
839.154 6550
839.219 8292
839.285 9640
839.350 10185
839.415 10150
839.480 9554
839.545 8534
839.611 7205
839.676 5947
839.741 4900
839.806 4135
839.871 3851
839.937 3810
840.002 4055
840.067 4731
840.132 5918
840.197 7291
840.263 8613
840.328 9532
840.393 9693
840.458 9309
840.524 8499
840.589 7369
840.654 6139
840.719 5058
840.785 4182
840.850 3561
840.915 3252
840.980 3116
841.046 3163
841.111 3473
841.176 4070
841.241 4748
841.307 5353
841.372 5698
841.437 5619
841.502 5274
841.568 4750
841.633 4120
841.698 3509
841.763 2948
841.829 2508
841.894 2188
841.959 2007
842.025 1943
842.090 1925
842.155 1971
842.221 2148
842.286 2338
842.351 2476
842.416 2559
842.482 2498
842.547 2285
842.612 2054
842.678 1826
842.743 1621
842.808 1454
842.874 1319
842.939 1194
843.004 1110
843.070 1083
843.135 1068
843.200 1051
843.266 1071
843.331 1095
843.396 1109
843.462 1109
843.527 1107
843.592 1053
843.658 990
843.723 927
843.788 849
843.854 789
843.919 738
843.985 678
844.050 630
844.115 616
844.181 589
844.246 561
844.311 543
844.377 535
844.442 540
844.508 545
844.573 547
844.638 547
844.704 536
844.769 520
844.835 509
844.900 479
844.965 466
845.031 444
845.096 425
845.162 412
845.227 396
845.292 386
845.358 375
845.423 390
845.489 408
845.554 439
845.620 456
845.685 454
845.750 457
845.816 456
845.881 422
845.947 373
846.012 311
846.078 246
846.143 207
846.209 191
846.274 161
846.339 145
846.405 135
846.470 142
846.536 149
846.601 165
846.667 184
846.732 194
846.798 214
846.863 228
846.929 223
846.994 201
847.060 174
847.125 138
847.191 120
847.256 115
847.322 119
847.387 119
847.453 116
847.518 117
847.584 113
847.649 114
847.715 119
847.780 121
847.846 115
847.911 112
847.977 119
848.042 121
848.108 128
848.173 127
848.239 121
848.304 120
848.370 118
848.436 113
848.501 121
848.567 119
848.632 119
848.698 124
848.763 125
848.829 125
848.894 120
848.960 120
849.026 111
849.091 110
849.157 116
849.222 116
849.288 116
849.353 125
849.419 132
849.485 142
849.550 141
849.616 141
849.681 131
849.747 125
849.813 123
849.878 115
849.944 107
850.009 97
850.075 93
850.141 96
850.206 102
850.272 110
850.337 104
850.403 102
850.469 100
850.534 104
850.600 106
850.665 104
850.731 103
850.797 100
850.862 90
850.928 93
850.994 91
851.059 98
851.125 107
851.191 102
851.256 94
851.322 93
851.388 96
851.453 95
851.519 98
851.585 94
851.650 88
851.716 84
851.782 82
851.847 77
851.913 75
851.979 74
852.044 75
852.110 89
852.176 100
852.241 114
852.307 127
852.373 131
852.438 143
852.504 147
852.570 145
852.636 145
852.701 133
852.767 126
852.833 117
852.898 109
852.964 99
853.030 96
853.096 101
853.161 109
853.227 118
853.293 124
853.358 135
853.424 143
853.490 145
853.556 149
853.621 143
853.687 140
853.753 130
853.819 128
853.884 119
853.950 115
854.016 124
854.082 128
854.147 136
854.213 144
854.279 155
854.345 158
854.411 166
854.476 168
854.542 170
854.608 165
854.674 157
854.739 158
854.805 147
854.871 159
854.937 177
855.003 210
855.068 263
855.134 357
855.200 448
855.266 566
855.332 655
855.398 688
855.463 703
855.529 686
855.595 648
855.661 603
855.727 560
855.792 515
855.858 480
855.924 459
855.990 447
856.056 457
856.122 491
856.187 530
856.253 572
856.319 612
856.385 642
856.451 638
856.517 616
856.583 571
856.648 517
856.714 462
856.780 413
856.846 376
856.912 346
856.978 329
857.044 318
857.110 301
857.175 293
857.241 301
857.307 302
857.373 309
857.439 325
857.505 321
857.571 322
857.637 296
857.703 272
857.769 251
857.834 233
857.900 229
857.966 216
858.032 209
858.098 214
858.164 209
858.230 204
858.296 201
858.362 187
858.428 180
858.494 180
858.560 169
858.626 161
858.691 160
858.757 154
858.823 154
858.889 156
858.955 152
859.021 148
859.087 152
859.153 151
859.219 154
859.285 156
859.351 153
859.417 157
859.483 156
859.549 161
859.615 161
859.681 150
859.747 153
859.813 149
859.879 146
859.945 154
860.011 152
860.077 153
860.143 161
860.209 164
860.275 168
860.341 166
860.407 160
860.473 152
860.539 143
860.605 142
860.671 146
860.737 148
860.803 149
860.869 144
860.935 146
861.001 147
861.067 139
861.133 138
861.199 129
861.265 128
861.331 127
861.397 121
861.463 123
861.529 128
861.595 134
861.662 140
861.728 141
861.794 133
861.860 143
861.926 149
861.992 142
862.058 142
862.124 140
862.190 136
862.256 134
862.322 125
862.388 123
862.454 124
862.520 128
862.587 120
862.653 111
862.719 105
862.785 102
862.851 110
862.917 108
862.983 110
863.049 114
863.115 114
863.182 124
863.248 129
863.314 129
863.380 128
863.446 126
863.512 121
863.578 125
863.644 127
863.711 116
863.777 107
863.843 104
863.909 99
863.975 99
864.041 105
864.107 111
864.174 116
864.240 125
864.306 136
864.372 146
864.438 147
864.504 154
864.571 164
864.637 155
864.703 150
864.769 137
864.835 132
864.901 127
864.968 125
865.034 108
865.100 102
865.166 102
865.232 100
865.299 103
865.365 107
865.431 106
865.497 99
865.563 99
865.630 105
865.696 101
865.762 94
865.828 98
865.895 97
865.961 90
866.027 88
866.093 81
866.159 74
866.226 79
866.292 85
866.358 93
866.424 99
866.491 100
866.557 100
866.623 102
866.689 102
866.756 101
866.822 98
866.888 99
866.954 89
867.021 84
867.087 79
867.153 72
867.219 72
867.286 76
867.352 81
867.418 76
867.485 81
867.551 81
867.617 73
867.683 72
867.750 70
867.816 67
867.882 65
867.949 62
868.015 60
868.081 61
868.148 61
868.214 68
868.280 68
868.347 69
868.413 74
868.479 72
868.545 77
868.612 81
868.678 90
868.744 91
868.811 95
868.877 99
868.943 101
869.010 103
869.076 99
869.143 91
869.209 82
869.275 84
869.342 81
869.408 80
869.474 75
869.541 71
869.607 62
869.673 59
869.740 54
869.806 50
869.873 53
869.939 58
870.005 68
870.072 76
870.138 79
870.204 74
870.271 75
870.337 80
870.404 84
870.470 89
870.536 94
870.603 99
870.669 98
870.736 95
870.802 99
870.868 95
870.935 91
871.001 94
871.068 93
871.134 92
871.201 97
871.267 95
871.333 87
871.400 90
871.466 90
871.533 98
871.599 109
871.666 115
871.732 120
871.799 116
871.865 112
871.931 107
871.998 108
872.064 113
872.131 117
872.197 119
872.264 117
872.330 121
872.397 125
872.463 132
872.530 143
872.596 142
872.663 137
872.729 139
872.796 131
872.862 131
872.929 132
872.995 122
873.062 110
873.128 100
873.195 91
873.261 91
873.328 95
873.394 101
873.461 104
873.527 110
873.594 114
873.660 111
873.727 121
873.793 114
873.860 110
873.926 110
873.993 96
874.059 103
874.126 98
874.192 99
874.259 99
874.326 100
874.392 106
874.459 107
874.525 113
874.592 109
874.658 109
874.725 108
874.791 103
874.858 106
874.925 102
874.991 105
875.058 105
875.124 94
875.191 96
875.257 101
875.324 102
875.391 111
875.457 120
875.524 122
875.590 122
875.657 132
875.724 128
875.790 120
875.857 107
875.923 89
875.990 78
876.057 78
876.123 76
876.190 77
876.257 82
876.323 85
876.390 89
876.456 100
876.523 107
876.590 116
876.656 122
876.723 124
876.790 124
876.856 119
876.923 119
876.990 120
877.056 115
877.123 113
877.189 106
877.256 101
877.323 101
877.389 99
877.456 94
877.523 93
877.589 92
877.656 99
877.723 94
877.790 88
877.856 83
877.923 86
877.990 89
878.056 96
878.123 109
878.190 103
878.256 98
878.323 96
878.390 89
878.456 82
878.523 74
878.590 64
878.657 63
878.723 68
878.790 65
878.857 67
878.923 66
878.990 62
879.057 64
879.124 67
879.190 71
879.257 68
879.324 68
879.391 65
879.457 74
879.524 71
879.591 71
879.658 75
879.724 76
879.791 77
879.858 75
879.925 73
879.991 67
880.058 65
880.125 64
880.192 64
880.259 67
880.325 73
880.392 82
880.459 86
880.526 95
880.592 96
880.659 97
880.726 96
880.793 95
880.860 92
880.926 93
880.993 92
881.060 94
881.127 95
881.194 99
881.260 98
881.327 89
881.394 89
881.461 91
881.528 84
881.595 94
881.661 95
881.728 98
881.795 97
881.862 96
881.929 90
881.996 90
882.062 87
882.129 75
882.196 77
882.263 69
882.330 70
882.397 71
882.464 67
882.530 59
882.597 56
882.664 50
882.731 47
882.798 43
882.865 42
882.932 48
882.999 49
883.065 55
883.132 62
883.199 58
883.266 60
883.333 65
883.400 66
883.467 70
883.534 73
883.601 73
883.668 78
883.734 86
883.801 89
883.868 87
883.935 82
884.002 76
884.069 74
884.136 70
884.203 77
884.270 78
884.337 79
884.404 82
884.471 70
884.538 70
884.604 70
884.671 59
884.738 54
884.805 53
884.872 59
884.939 63
885.006 63
885.073 68
885.140 64
885.207 73
885.274 71
885.341 67
885.408 66
885.475 66
885.542 71
885.609 63
885.676 62
885.743 62
885.810 63
885.877 61
885.944 62
886.011 58
886.078 53
886.145 52
886.212 53
886.279 53
886.346 55
886.413 59
886.480 58
886.547 52
886.614 51
886.681 46
886.748 49
886.815 61
886.882 76
886.949 86
887.016 99
887.083 113
887.150 132
887.217 153
887.284 173
887.351 183
887.418 185
887.485 190
887.552 186
887.620 190
887.687 181
887.754 166
887.821 153
887.888 151
887.955 153
888.022 160
888.089 169
888.156 181
888.223 202
888.290 217
888.357 235
888.424 237
888.492 223
888.559 217
888.626 201
888.693 192
888.760 176
888.827 165
888.894 155
888.961 143
889.028 150
889.095 155
889.163 151
889.230 149
889.297 146
889.364 144
889.431 143
889.498 136
889.565 134
889.632 130
889.700 126
889.767 125
889.834 111
889.901 99
889.968 95
890.035 84
890.103 88
890.170 99
890.237 110
890.304 116
890.371 122
890.438 131
890.505 130
890.573 130
890.640 126
890.707 115
890.774 107
890.841 92
890.909 89
890.976 98
891.043 98
891.110 92
891.177 93
891.245 95
891.312 99
891.379 110
891.446 110
891.513 114
891.581 113
891.648 113
891.715 117
891.782 114
891.849 109
891.917 101
891.984 85
892.051 80
892.118 74
892.186 65
892.253 61
892.320 64
892.387 66
892.454 65
892.522 72
892.589 77
892.656 85
892.723 92
892.791 98
892.858 90
892.925 86
892.993 79
893.060 76
893.127 73
893.194 73
893.262 73
893.329 76
893.396 77
893.463 79
893.531 80
893.598 77
893.665 85
893.733 84
893.800 86
893.867 89
893.934 88
894.002 90
894.069 93
894.136 87
894.204 79
894.271 78
894.338 78
894.406 78
894.473 77
894.540 78
894.608 79
894.675 76
894.742 71
894.810 67
894.877 58
894.944 60
895.012 61
895.079 64
895.146 60
895.214 58
895.281 61
895.348 60
895.416 65
895.483 68
895.550 60
895.618 57
895.685 53
895.753 47
895.820 44
895.887 48
895.955 52
896.022 58
896.089 56
896.157 55
896.224 54
896.292 52
896.359 56
896.426 56
896.494 56
896.561 58
896.629 49
896.696 50
896.763 53
896.831 49
896.898 49
896.966 50
897.033 47
897.100 55
897.168 68
897.235 67
897.303 71
897.370 72
897.438 71
897.505 70
897.572 64
897.640 59
897.707 59
897.775 58
897.842 55
897.910 60
897.977 56
898.045 60
898.112 70
898.180 73
898.247 80
898.314 79
898.382 73
898.449 71
898.517 66
898.584 65
898.652 64
898.719 62
898.787 65
898.854 69
898.922 73
898.989 82
899.057 93
899.124 88
899.192 82
899.259 80
899.327 77
899.394 76
899.462 80
899.529 77
899.597 69
899.664 68
899.732 60
899.799 52
899.867 61
899.934 61
900.002 62
900.070 60
900.137 60
900.205 64
900.272 68
900.340 66
900.407 66
900.475 71
900.542 74
900.610 73
900.677 73
900.745 65
900.813 58
900.880 54
900.948 44
901.015 47
901.083 53
901.150 58
901.218 69
901.286 70
901.353 68
901.421 74
901.488 71
901.556 72
901.623 77
901.691 75
901.759 70
901.826 66
901.894 67
901.961 64
902.029 59
902.097 62
902.164 56
902.232 57
902.300 59
902.367 60
902.435 63
902.502 67
902.570 70
902.638 75
902.705 79
902.773 81
902.841 90
902.908 90
902.976 94
903.044 93
903.111 95
903.179 103
903.246 109
903.314 122
903.382 128
903.449 136
903.517 127
903.585 121
903.652 118
903.720 106
903.788 103
903.855 96
903.923 86
903.991 83
904.059 84
904.126 82
904.194 88
904.262 95
904.329 102
904.397 109
904.465 110
904.532 113
904.600 110
904.668 107
904.736 108
904.803 98
904.871 95
904.939 91
905.006 86
905.074 88
905.142 86
905.210 87
905.277 90
905.345 93
905.413 98
905.480 99
905.548 89
905.616 82
905.684 78
905.751 71
905.819 75
905.887 76
905.955 84
906.022 89
906.090 92
906.158 93
906.226 87
906.294 81
906.361 79
906.429 78
906.497 78
906.565 75
906.632 75
906.700 68
906.768 64
906.836 61
906.904 58
906.971 66
907.039 70
907.107 74
907.175 85
907.243 90
907.310 92
907.378 90
907.446 93
907.514 84
907.582 81
907.649 78
907.717 68
907.785 72
907.853 73
907.921 76
907.989 79
908.056 83
908.124 81
908.192 79
908.260 73
908.328 66
908.396 64
908.464 63
908.531 59
908.599 56
908.667 58
908.735 58
908.803 59
908.871 62
908.939 65
909.006 75
909.074 80
909.142 80
909.210 84
909.278 77
909.346 76
909.414 77
909.482 72
909.550 69
909.617 69
909.685 69
909.753 64
909.821 62
909.889 64
909.957 71
910.025 74
910.093 74
910.161 71
910.229 68
910.297 65
910.364 63
910.432 62
910.500 60
910.568 59
910.636 73
910.704 87
910.772 154
910.840 251
910.908 479
910.976 864
911.044 1376
911.112 1926
911.180 2400
911.248 2752
911.316 2899
911.384 2933
911.452 2813
911.520 2491
911.587 2067
911.655 1681
911.723 1379
911.791 1207
911.859 1199
911.927 1264
911.995 1420
912.063 1761
912.131 2170
912.199 2535
912.267 2812
912.335 2888
912.403 2731
912.471 2522
912.539 2235
912.607 1899
912.675 1589
912.743 1325
912.811 1115
912.879 1023
912.947 1038
913.015 1090
913.083 1179
913.152 1325
913.220 1481
913.288 1608
913.356 1683
913.424 1646
913.492 1496
913.560 1341
913.628 1168
913.696 1023
913.764 914
913.832 820
913.900 725
913.968 681
914.036 651
914.104 636
914.172 653
914.240 665
914.308 696
914.376 712
914.445 698
914.513 677
914.581 617
914.649 548
914.717 491
914.785 438
914.853 400
914.921 372
914.989 348
915.057 330
915.125 319
915.194 302
915.262 287
915.330 285
915.398 278
915.466 270
915.534 267
915.602 243
915.670 236
915.739 219
915.807 210
915.875 192
915.943 186
916.011 174
916.079 170
916.147 164
916.215 161
916.284 157
916.352 155
916.420 168
916.488 173
916.556 181
916.624 180
916.693 172
916.761 166
916.829 156
916.897 153
916.965 146
917.033 146
917.102 137
917.170 134
917.238 146
917.306 143
917.374 137
917.443 135
917.511 126
917.579 131
917.647 135
917.715 133
917.784 133
917.852 140
917.920 150
917.988 161
918.056 166
918.125 160
918.193 145
918.261 136
918.329 118
918.397 108
918.466 94
918.534 86
918.602 91
918.670 92
918.739 100
918.807 101
918.875 99
918.943 101
919.012 104
919.080 100
919.148 102
919.216 105
919.285 101
919.353 95
919.421 94
919.489 87
919.558 74
919.626 70
919.694 62
919.763 60
919.831 67
919.899 67
919.967 63
920.036 60
920.104 59
920.172 64
920.241 67
920.309 72
920.377 74
920.445 82
920.514 84
920.582 84
920.650 86
920.719 84
920.787 83
920.855 74
920.924 63
920.992 63
921.060 64
921.129 67
921.197 66
921.265 72
921.334 83
921.402 89
921.470 95
921.539 86
921.607 79
921.675 75
921.744 69
921.812 68
921.880 62
921.949 64
922.017 66
922.086 69
922.154 73
922.222 75
922.291 72
922.359 68
922.427 68
922.496 69
922.564 68
922.633 70
922.701 69
922.769 67
922.838 71
922.906 67
922.974 76
923.043 75
923.111 76
923.180 76
923.248 67
923.317 70
923.385 79
923.453 90
923.522 90
923.590 90
923.659 88
923.727 81
923.795 85
923.864 90
923.932 95
924.001 103
924.069 98
924.138 93
924.206 93
924.275 91
924.343 84
924.411 78
924.480 68
924.548 68
924.617 66
924.685 66
924.754 69
924.822 65
924.891 66
924.959 70
925.028 71
925.096 75
925.165 78
925.233 77
925.302 74
925.370 80
925.439 73
925.507 72
925.576 69
925.644 69
925.713 67
925.781 72
925.850 76
925.918 81
925.987 88
926.055 85
926.124 82
926.192 84
926.261 84
926.329 83
926.398 85
926.466 79
926.535 80
926.603 83
926.672 93
926.740 116
926.809 142
926.877 161
926.946 193
927.015 215
927.083 237
927.152 273
927.220 308
927.289 327
927.357 329
927.426 319
927.495 301
927.563 283
927.632 280
927.700 265
927.769 246
927.837 225
927.906 210
927.975 207
928.043 214
928.112 245
928.180 259
928.249 282
928.318 294
928.386 303
928.455 283
928.523 270
928.592 260
928.661 241
928.729 233
928.798 221
928.866 216
928.935 201
929.004 198
929.072 197
929.141 200
929.210 194
929.278 186
929.347 184
929.415 176
929.484 172
929.553 167
929.621 156
929.690 152
929.759 142
929.827 139
929.896 136
929.965 131
930.033 139
930.102 131
930.171 136
930.239 135
930.308 132
930.377 138
930.445 130
930.514 134
930.583 133
930.651 130
930.720 126
930.789 122
930.858 119
930.926 112
930.995 111
931.064 106
931.132 108
931.201 122
931.270 122
931.338 119
931.407 121
931.476 117
931.545 110
931.613 108
931.682 109
931.751 105
931.819 98
931.888 96
931.957 92
932.026 91
932.094 96
932.163 105
932.232 109
932.301 110
932.369 113
932.438 113
932.507 113
932.576 111
932.644 116
932.713 121
932.782 114
932.851 100
932.920 96
932.988 86
933.057 82
933.126 82
933.195 84
933.263 92
933.332 96
933.401 106
933.470 104
933.539 99
933.607 105
933.676 97
933.745 99
933.814 102
933.883 91
933.951 84
934.020 83
934.089 89
934.158 85
934.227 87
934.296 86
934.364 88
934.433 90
934.502 93
934.571 106
934.640 127
934.708 236
934.777 434
934.846 788
934.915 1261
934.984 1889
935.053 2754
935.122 3572
935.190 4250
935.259 4662
935.328 4622
935.397 4320
935.466 3883
935.535 3388
935.604 2871
935.672 2373
935.741 2006
935.810 1779
935.879 1873
935.948 2193
936.017 2621
936.086 3143
936.155 3665
936.224 4114
936.292 4368
936.361 4372
936.430 4034
936.499 3501
936.568 2983
936.637 2533
936.706 2169
936.775 1888
936.844 1682
936.913 1563
936.982 1653
937.051 1887
937.119 2122
937.188 2340
937.257 2497
937.326 2540
937.395 2505
937.464 2391
937.533 2122
937.602 1814
937.671 1532
937.740 1294
937.809 1141
937.878 1080
937.947 1051
938.016 1019
938.085 1056
938.154 1126
938.223 1175
938.292 1221
938.361 1235
938.430 1184
938.499 1118
938.568 1049
938.637 963
938.706 881
938.774 809
938.843 725
938.912 675
938.981 640
939.050 611
939.119 591
939.188 575
939.257 565
939.327 554
939.396 545
939.465 516
939.534 485
939.603 452
939.672 418
939.741 401
939.810 383
939.879 366
939.948 344
940.017 322
940.086 306
940.155 281
940.224 269
940.293 247
940.362 249
940.431 253
940.500 239
940.569 235
940.638 236
940.707 239
940.776 243
940.845 252
940.914 261
940.984 264
941.053 266
941.122 259
941.191 249
941.260 246
941.329 237
941.398 230
941.467 226
941.536 226
941.605 232
941.674 232
941.743 233
941.813 224
941.882 233
941.951 244
942.020 245
942.089 249
942.158 237
942.227 224
942.296 203
942.366 180
942.435 158
942.504 130
942.573 121
942.642 108
942.711 99
942.780 98
942.849 100
942.919 101
942.988 111
943.057 118
943.126 136
943.195 155
943.264 153
943.334 146
943.403 134
943.472 116
943.541 100
943.610 87
943.679 79
943.749 79
943.818 76
943.887 80
943.956 82
944.025 86
944.094 94
944.164 102
944.233 111
944.302 121
944.371 125
944.440 125
944.510 115
944.579 109
944.648 105
944.717 95
944.786 95
944.856 85
944.925 85
944.994 89
945.063 91
945.133 104
945.202 123
945.271 133
945.340 130
945.409 121
945.479 117
945.548 106
945.617 108
945.686 105
945.756 102
945.825 98
945.894 96
945.963 92
946.033 81
946.102 77
946.171 76
946.241 73
946.310 71
946.379 75
946.448 82
946.518 93
946.587 103
946.656 106
946.725 107
946.795 115
946.864 117
946.933 121
947.003 116
947.072 108
947.141 92
947.211 85
947.280 81
947.349 72
947.418 65
947.488 64
947.557 63
947.626 63
947.696 69
947.765 64
947.834 68
947.904 76
947.973 75
948.042 82
948.112 86
948.181 94
948.250 96
948.320 102
948.389 101
948.458 99
948.528 98
948.597 95
948.667 96
948.736 108
948.805 117
948.875 119
948.944 113
949.013 107
949.083 105
949.152 108
949.221 107
949.291 99
949.360 97
949.430 102
949.499 101
949.568 99
949.638 102
949.707 91
949.777 85
949.846 80
949.915 79
949.985 70
950.054 71
950.124 76
950.193 77
950.262 88
950.332 93
950.401 99
950.471 110
950.540 115
950.610 123
950.679 128
950.748 121
950.818 127
950.887 140
950.957 160
951.026 193
951.096 225
951.165 260
951.235 295
951.304 331
951.373 354
951.443 354
951.512 351
951.582 340
951.651 329
951.721 325
951.790 310
951.860 310
951.929 316
951.999 325
952.068 337
952.138 366
952.207 386
952.277 406
952.346 428
952.416 418
952.485 386
952.555 345
952.624 302
952.694 272
952.763 248
952.833 239
952.902 224
952.972 227
953.041 235
953.111 253
953.180 275
953.250 284
953.319 292
953.389 272
953.458 251
953.528 232
953.597 204
953.667 192
953.737 171
953.806 159
953.876 148
953.945 139
954.015 133
954.084 134
954.154 139
954.223 140
954.293 146
954.363 141
954.432 139
954.502 144
954.571 142
954.641 144
954.710 124
954.780 107
954.850 100
954.919 101
954.989 108
955.058 112
955.128 120
955.198 126
955.267 136
955.337 145
955.406 149
955.476 149
955.546 150
955.615 146
955.685 134
955.754 136
955.824 137
955.894 138
955.963 140
956.033 134
956.103 128
956.172 131
956.242 128
956.312 134
956.381 138
956.451 134
956.520 133
956.590 123
956.660 121
956.729 117
956.799 111
956.869 113
956.938 108
957.008 106
957.078 106
957.147 109
957.217 107
957.287 101
957.356 90
957.426 81
957.496 83
957.566 86
957.635 94
957.705 96
957.775 99
957.844 96
957.914 102
957.984 102
958.053 94
958.123 98
958.193 102
958.263 113
958.332 120
958.402 121
958.472 111
958.541 100
958.611 96
958.681 91
958.751 93
958.820 117
958.890 156
958.960 228
959.030 304
959.099 402
959.169 508
959.239 604
959.309 677
959.378 725
959.448 713
959.518 651
959.588 592
959.657 513
959.727 454
959.797 423
959.867 399
959.936 406
960.006 451
960.076 543
960.146 635
960.215 729
960.285 777
960.355 759
960.425 751
960.495 696
960.564 641
960.634 566
960.704 481
960.774 411
960.844 368
960.913 358
960.983 352
961.053 361
961.123 366
961.193 385
961.263 403
961.332 415
961.402 417
961.472 386
961.542 353
961.612 316
961.682 290
961.751 265
961.821 232
961.891 212
961.961 196
962.031 201
962.101 204
962.170 215
962.240 225
962.310 225
962.380 231
962.450 219
962.520 216
962.590 202
962.660 184
962.729 168
962.799 155
962.869 148
962.939 134
963.009 134
963.079 127
963.149 135
963.219 133
963.289 141
963.358 144
963.428 142
963.498 145
963.568 130
963.638 129
963.708 119
963.778 111
963.848 106
963.918 112
963.988 107
964.058 98
964.128 92
964.197 79
964.267 76
964.337 76
964.407 81
964.477 91
964.547 101
964.617 102
964.687 104
964.757 99
964.827 101
964.897 102
964.967 96
965.037 92
965.107 84
965.177 76
965.247 76
965.317 79
965.387 81
965.457 86
965.527 86
965.597 84
965.667 88
965.737 85
965.807 85
965.877 87
965.947 91
966.017 94
966.087 98
966.157 105
966.227 96
966.297 88
966.367 81
966.437 81
966.507 82
966.577 84
966.647 84
966.717 86
966.787 86
966.857 83
966.927 81
966.997 79
967.067 84
967.137 88
967.207 94
967.277 91
967.347 101
967.417 100
967.487 97
967.557 102
967.627 96
967.697 94
967.767 91
967.837 90
967.907 94
967.978 97
968.048 101
968.118 105
968.188 112
968.258 122
968.328 124
968.398 127
968.468 126
968.538 123
968.608 117
968.678 115
968.748 113
968.819 106
968.889 112
968.959 110
969.029 112
969.099 116
969.169 116
969.239 121
969.309 118
969.379 114
969.450 106
969.520 102
969.590 98
969.660 89
969.730 94
969.800 92
969.870 91
969.941 100
970.011 109
970.081 110
970.151 112
970.221 116
970.291 103
970.361 99
970.432 99
970.502 95
970.572 106
970.642 117
970.712 115
970.782 106
970.853 101
970.923 93
970.993 93
971.063 92
971.133 93
971.204 92
971.274 97
971.344 100
971.414 102
971.484 105
971.554 106
971.625 100
971.695 109
971.765 100
971.835 94
971.906 93
971.976 84
972.046 78
972.116 77
972.186 66
972.257 68
972.327 71
972.397 77
972.467 81
972.538 85
972.608 81
972.678 79
972.748 81
972.819 80
972.889 82
972.959 82
973.029 71
973.100 71
973.170 73
973.240 69
973.310 66
973.381 71
973.451 79
973.521 78
973.591 75
973.662 76
973.732 71
973.802 72
973.873 70
973.943 61
974.013 54
974.083 58
974.154 64
974.224 68
974.294 71
974.365 73
974.435 65
974.505 63
974.576 66
974.646 67
974.716 63
974.787 63
974.857 63
974.927 69
974.997 81
975.068 101
975.138 120
975.208 137
975.279 151
975.349 162
975.420 166
975.490 153
975.560 137
975.631 118
975.701 101
975.771 94
975.842 83
975.912 83
975.982 85
976.053 89
976.123 97
976.193 108
976.264 117
976.334 124
976.405 126
976.475 129
976.545 131
976.616 128
976.686 120
976.756 118
976.827 115
976.897 111
976.968 115
977.038 111
977.108 107
977.179 115
977.249 116
977.320 108
977.390 103
977.461 94
977.531 93
977.601 93
977.672 100
977.742 98
977.813 92
977.883 83
977.954 73
978.024 70
978.094 62
978.165 65
978.235 69
978.306 73
978.376 79
978.447 77
978.517 78
978.588 76
978.658 74
978.728 71
978.799 73
978.869 66
978.940 60
979.010 61
979.081 57
979.151 57
979.222 62
979.292 65
979.363 64
979.433 63
979.504 57
979.574 57
979.645 60
979.715 60
979.786 65
979.856 73
979.927 79
979.997 84
980.068 89
980.138 82
980.209 79
980.279 77
980.350 76
980.420 74
980.491 77
980.561 74
980.632 72
980.703 67
980.773 74
980.844 76
980.914 86
980.985 94
981.055 89
981.126 87
981.196 87
981.267 84
981.337 81
981.408 86
981.479 82
981.549 81
981.620 85
981.690 79
981.761 76
981.831 83
981.902 82
981.973 81
982.043 84
982.114 82
982.184 81
982.255 76
982.326 70
982.396 57
982.467 60
982.537 70
982.608 80
982.679 121
982.749 200
982.820 385
982.890 616
982.961 966
983.032 1431
983.102 1933
983.173 2382
983.243 2656
983.314 2674
983.385 2412
983.455 2122
983.526 1828
983.597 1545
983.667 1341
983.738 1182
983.809 1086
983.879 1152
983.950 1375
984.021 1627
984.091 1903
984.162 2151
984.233 2307
984.303 2364
984.374 2333
984.445 2121
984.515 1810
984.586 1519
984.657 1269
984.727 1106
984.798 1034
984.869 1007
984.939 1008
985.010 1081
985.081 1203
985.151 1320
985.222 1431
985.293 1458
985.364 1385
985.434 1281
985.505 1165
985.576 1043
985.646 940
985.717 851
985.788 755
985.859 693
985.929 649
986.000 605
986.071 603
986.141 616
986.212 646
986.283 681
986.354 699
986.424 692
986.495 649
986.566 599
986.637 517
986.707 456
986.778 407
986.849 353
986.920 322
986.990 287
987.061 281
987.132 277
987.203 277
987.274 282
987.344 283
987.415 283
987.486 274
987.557 271
987.627 265
987.698 255
987.769 243
987.840 236
987.911 231
987.981 223
988.052 215
988.123 199
988.194 181
988.265 171
988.335 160
988.406 151
988.477 142
988.548 131
988.619 128
988.690 122
988.760 124
988.831 123
988.902 125
988.973 124
989.044 126
989.115 130
989.185 125
989.256 124
989.327 125
989.398 116
989.469 114
989.540 112
989.611 112
989.681 113
989.752 120
989.823 116
989.894 111
989.965 111
990.036 113
990.107 117
990.178 125
990.248 128
990.319 124
990.390 130
990.461 120
990.532 108
990.603 103
990.674 95
990.745 86
990.816 79
990.886 74
990.957 68
991.028 78
991.099 79
991.170 95
991.241 101
991.312 96
991.383 92
991.454 93
991.525 99
991.596 111
991.667 122
991.738 124
991.808 135
991.879 122
991.950 116
992.021 108
992.092 106
992.163 113
992.234 115
992.305 122
992.376 118
992.447 118
992.518 119
992.589 100
992.660 81
992.731 68
992.802 57
992.873 48
992.944 47
993.015 49
993.086 42
993.157 49
993.228 64
993.299 66
993.370 71
993.441 84
993.512 92
993.583 89
993.654 92
993.725 83
993.796 86
993.867 91
993.938 92
994.009 99
994.080 86
994.151 82
994.222 87
994.293 83
994.364 81
994.435 82
994.506 76
994.577 73
994.648 72
994.719 76
994.790 77
994.861 88
994.932 87
995.003 89
995.074 88
995.145 90
995.217 90
995.288 93
995.359 92
995.430 88
995.501 88
995.572 90
995.643 89
995.714 82
995.785 70
995.856 63
995.927 61
995.998 56
996.070 69
996.141 71
996.212 72
996.283 75
996.354 76
996.425 83
996.496 94
996.567 98
996.638 106
996.709 105
996.781 97
996.852 90
996.923 87
996.994 86
997.065 85
997.136 86
997.207 78
997.278 82
997.350 82
997.421 96
997.492 104
997.563 107
997.634 102
997.705 96
997.777 90
997.848 88
997.919 93
997.990 96
998.061 105
998.132 104
998.204 107
998.275 113
998.346 115
998.417 115
998.488 109
998.559 102
998.631 94
998.702 101
998.773 114
998.844 129
998.915 148
998.987 176
999.058 210
999.129 232
999.200 256
999.271 257
999.343 261
999.414 263
999.485 241
999.556 217
999.627 193
999.699 170
999.770 159
999.841 162
999.912 171
999.984 197
1000.055 224
1000.126 257
1000.197 286
1000.269 310
1000.340 312
1000.411 302
1000.482 288
1000.554 257
1000.625 241
1000.696 213
1000.767 188
1000.839 174
1000.910 161
1000.981 162
1001.052 166
1001.124 172
1001.195 171
1001.266 171
1001.338 173
1001.409 168
1001.480 160
1001.551 153
1001.623 147
1001.694 143
1001.765 141
1001.837 135
1001.908 124
1001.979 117
1002.051 116
1002.122 115
1002.193 113
1002.265 112
1002.336 104
1002.407 109
1002.478 113
1002.550 116
1002.621 121
1002.692 127
1002.764 127
1002.835 121
1002.906 125
1002.978 122
1003.049 121
1003.121 120
1003.192 117
1003.263 108
1003.335 100
1003.406 94
1003.477 94
1003.549 96
1003.620 101
1003.691 105
1003.763 98
1003.834 95
1003.906 93
1003.977 99
1004.048 104
1004.120 107
1004.191 109
1004.262 116
1004.334 119
1004.405 121
1004.477 122
1004.548 115
1004.619 109
1004.691 105
1004.762 110
1004.834 104
1004.905 105
1004.976 103
1005.048 99
1005.119 98
1005.191 100
1005.262 102
1005.334 98
1005.405 101
1005.476 101
1005.548 98
1005.619 94
1005.691 93
1005.762 89
1005.834 88
1005.905 88
1005.977 87
1006.048 81
1006.119 80
1006.191 76
1006.262 78
1006.334 76
1006.405 83
1006.477 84
1006.548 91
1006.620 108
1006.691 167
1006.763 274
1006.834 496
1006.906 904
1006.977 1485
1007.049 2063
1007.120 2618
1007.192 2996
1007.263 3089
1007.335 3055
1007.406 2846
1007.478 2483
1007.549 2055
1007.621 1698
1007.692 1411
1007.764 1300
1007.835 1412
1007.907 1616
1007.978 1939
1008.050 2374
1008.121 2782
1008.193 3068
1008.264 3222
1008.336 3143
1008.407 2805
1008.479 2450
1008.551 2104
1008.622 1766
1008.694 1530
1008.765 1355
1008.837 1242
1008.908 1267
1008.980 1413
1009.051 1565
1009.123 1713
1009.195 1828
1009.266 1873
1009.338 1848
1009.409 1779
1009.481 1612
1009.552 1403
1009.624 1216
1009.696 1038
1009.767 932
1009.839 881
1009.910 847
1009.982 818
1010.054 824
1010.125 847
1010.197 858
1010.268 886
1010.340 889
1010.412 852
1010.483 818
1010.555 743
1010.626 686
1010.698 606
1010.770 528
1010.841 461
1010.913 415
1010.985 404
1011.056 407
1011.128 436
1011.199 444
1011.271 449
1011.343 448
1011.414 429
1011.486 400
1011.558 372
1011.629 337
1011.701 302
1011.773 281
1011.844 271
1011.916 261
1011.988 256
1012.059 252
1012.131 246
1012.203 233
1012.274 227
1012.346 217
1012.418 207
1012.489 196
1012.561 185
1012.633 173
1012.704 162
1012.776 158
1012.848 151
1012.920 153
1012.991 158
1013.063 164
1013.135 181
1013.206 192
1013.278 188
1013.350 181
1013.422 174
1013.493 161
1013.565 155
1013.637 149
1013.708 148
1013.780 154
1013.852 157
1013.924 168
1013.995 173
1014.067 169
1014.139 171
1014.211 161
1014.282 159
1014.354 155
1014.426 148
1014.498 142
1014.569 131
1014.641 122
1014.713 115
1014.785 106
1014.856 96
1014.928 93
1015.000 103
1015.072 119
1015.144 138
1015.215 155
1015.287 158
1015.359 157
1015.431 155
1015.503 146
1015.574 137
1015.646 129
1015.718 111
1015.790 96
1015.862 93
1015.933 85
1016.005 91
1016.077 99
1016.149 103
1016.221 108
1016.292 118
1016.364 116
1016.436 110
1016.508 110
1016.580 101
1016.652 98
1016.723 99
1016.795 94
1016.867 100
1016.939 109
1017.011 116
1017.083 127
1017.154 134
1017.226 138
1017.298 143
1017.370 142
1017.442 140
1017.514 145
1017.586 139
1017.658 141
1017.729 126
1017.801 115
1017.873 103
1017.945 97
1018.017 96
1018.089 88
1018.161 93
1018.233 95
1018.304 105
1018.376 112
1018.448 111
1018.520 113
1018.592 114
1018.664 116
1018.736 116
1018.808 115
1018.880 106
1018.952 97
1019.024 93
1019.095 89
1019.167 97
1019.239 101
1019.311 106
1019.383 107
1019.455 100
1019.527 98
1019.599 92
1019.671 84
1019.743 82
1019.815 70
1019.887 66
1019.959 66
1020.031 69
1020.103 72
1020.175 77
1020.247 83
1020.319 85
1020.391 86
1020.463 86
1020.534 87
1020.606 87
1020.678 89
1020.750 83
1020.822 78
1020.894 75
1020.966 70
1021.038 71
1021.110 73
1021.182 71
1021.254 74
1021.326 73
1021.398 70
1021.470 72
1021.542 67
1021.614 64
1021.686 58
1021.758 58
1021.830 55
1021.902 56
1021.974 55
1022.047 58
1022.119 63
1022.191 68
1022.263 69
1022.335 73
1022.407 69
1022.479 70
1022.551 72
1022.623 70
1022.695 70
1022.767 73
1022.839 81
1022.911 90
1022.983 112
1023.055 134
1023.127 159
1023.199 185
1023.271 211
1023.343 212
1023.416 219
1023.488 222
1023.560 216
1023.632 216
1023.704 212
1023.776 196
1023.848 197
1023.920 199
1023.992 200
1024.064 220
1024.136 228
1024.209 229
1024.281 227
1024.353 219
1024.425 206
1024.497 199
1024.569 185
1024.641 175
1024.713 161
1024.785 144
1024.858 133
1024.930 117
1025.002 122
1025.074 120
1025.146 121
1025.218 129
1025.290 126
1025.363 129
1025.435 123
1025.507 117
1025.579 115
1025.651 108
1025.723 108
1025.796 103
1025.868 100
1025.940 105
1026.012 105
1026.084 112
1026.156 121
1026.229 130
1026.301 142
1026.373 140
1026.445 134
1026.517 122
1026.589 105
1026.662 90
1026.734 84
1026.806 84
1026.878 89
1026.950 86
1027.023 91
1027.095 99
1027.167 110
1027.239 114
1027.312 115
1027.384 111
1027.456 108
1027.528 108
1027.600 97
1027.673 89
1027.745 80
1027.817 78
1027.889 75
1027.962 75
1028.034 78
1028.106 80
1028.178 78
1028.251 80
1028.323 85
1028.395 80
1028.467 80
1028.540 79
1028.612 76
1028.684 78
1028.756 80
1028.829 85
1028.901 80
1028.973 77
1029.045 67
1029.118 62
1029.190 63
1029.262 68
1029.335 71
1029.407 68
1029.479 66
1029.551 67
1029.624 71
1029.696 70
1029.768 69
1029.841 67
1029.913 64
1029.985 67
1030.058 77
1030.130 76
1030.202 79
1030.275 83
1030.347 76
1030.419 78
1030.492 77
1030.564 74
1030.636 77
1030.709 84
1030.781 111
1030.853 160
1030.926 220
1030.998 305
1031.070 404
1031.143 500
1031.215 585
1031.287 670
1031.360 700
1031.432 667
1031.504 639
1031.577 566
1031.649 515
1031.722 474
1031.794 450
1031.866 442
1031.939 462
1032.011 543
1032.083 621
1032.156 729
1032.228 802
1032.301 822
1032.373 834
1032.445 814
1032.518 770
1032.590 700
1032.663 638
1032.735 555
1032.807 503
1032.880 486
1032.952 473
1033.025 498
1033.097 519
1033.170 544
1033.242 579
1033.314 603
1033.387 600
1033.459 572
1033.532 533
1033.604 466
1033.677 426
1033.749 389
1033.821 345
1033.894 319
1033.966 302
1034.039 291
1034.111 288
1034.184 288
1034.256 290
1034.329 289
1034.401 287
1034.474 276
1034.546 268
1034.619 257
1034.691 241
1034.764 233
1034.836 222
1034.909 212
1034.981 199
1035.053 198
1035.126 185
1035.198 179
1035.271 169
1035.343 160
1035.416 150
1035.489 153
1035.561 158
1035.634 152
1035.706 144
1035.779 135
1035.851 131
1035.924 129
1035.996 129
1036.069 125
1036.141 116
1036.214 112
1036.286 109
1036.359 111
1036.431 115
1036.504 116
1036.576 114
1036.649 110
1036.722 103
1036.794 100
1036.867 96
1036.939 93
1037.012 93
1037.084 89
1037.157 92
1037.229 98
1037.302 105
1037.375 105
1037.447 99
1037.520 94
1037.592 89
1037.665 89
1037.737 87
1037.810 83
1037.883 82
1037.955 84
1038.028 77
1038.100 76
1038.173 71
1038.246 76
1038.318 79
1038.391 83
1038.464 88
1038.536 91
1038.609 98
1038.681 96
1038.754 95
1038.827 92
1038.899 93
1038.972 95
1039.044 99
1039.117 93
1039.190 86
1039.262 84
1039.335 79
1039.408 81
1039.480 78
1039.553 76
1039.626 78
1039.698 80
1039.771 83
1039.844 84
1039.916 80
1039.989 79
1040.062 79
1040.134 79
1040.207 83
1040.280 92
1040.352 95
1040.425 97
1040.498 96
1040.570 96
1040.643 96
1040.716 92
1040.788 84
1040.861 79
1040.934 74
1041.007 77
1041.079 79
1041.152 74
1041.225 81
1041.297 82
1041.370 86
1041.443 86
1041.516 87
1041.588 85
1041.661 77
1041.734 72
1041.806 68
1041.879 76
1041.952 85
1042.025 87
1042.097 95
1042.170 94
1042.243 90
1042.316 97
1042.388 86
1042.461 86
1042.534 82
1042.607 73
1042.679 66
1042.752 60
1042.825 59
1042.898 60
1042.971 65
1043.043 69
1043.116 70
1043.189 74
1043.262 74
1043.334 80
1043.407 75
1043.480 71
1043.553 66
1043.626 63
1043.698 60
1043.771 65
1043.844 63
1043.917 58
1043.990 59
1044.062 60
1044.135 58
1044.208 54
1044.281 52
1044.354 47
1044.426 42
1044.499 48
1044.572 49
1044.645 49
1044.718 55
1044.791 53
1044.863 56
1044.936 61
1045.009 61
1045.082 63
1045.155 59
1045.228 64
1045.301 69
1045.373 72
1045.446 80
1045.519 82
1045.592 79
1045.665 73
1045.738 63
1045.811 57
1045.884 57
1045.956 63
1046.029 68
1046.102 68
1046.175 73
1046.248 70
1046.321 69
1046.394 77
1046.467 72
1046.540 76
1046.612 79
1046.685 82
1046.758 86
1046.831 88
1046.904 96
1046.977 97
1047.050 98
1047.123 94
1047.196 87
1047.269 83
1047.342 80
1047.414 79
1047.487 75
1047.560 79
1047.633 75
1047.706 79
1047.779 85
1047.852 84
1047.925 92
1047.998 108
1048.071 127
1048.144 144
1048.217 161
1048.290 178
1048.363 195
1048.436 210
1048.509 222
1048.582 212
1048.655 203
1048.728 185
1048.801 177
1048.874 180
1048.947 177
1049.020 188
1049.093 202
1049.166 217
1049.239 235
1049.312 245
1049.385 245
1049.458 234
1049.531 231
1049.604 213
1049.677 202
1049.750 192
1049.823 180
1049.896 171
1049.969 160
1050.042 159
1050.115 160
1050.188 171
1050.261 172
1050.334 177
1050.407 163
1050.480 155
1050.553 148
1050.626 135
1050.699 133
1050.772 115
1050.845 112
1050.918 115
1050.991 120
1051.064 123
1051.137 126
1051.210 128
1051.283 124
1051.356 131
1051.430 130
1051.503 136
1051.576 147
1051.649 139
1051.722 126
1051.795 124
1051.868 116
1051.941 104
1052.014 100
1052.087 92
1052.160 83
1052.234 76
1052.307 69
1052.380 68
1052.453 59
1052.526 56
1052.599 57
1052.672 60
1052.745 62
1052.818 72
1052.892 70
1052.965 72
1053.038 74
1053.111 72
1053.184 79
1053.257 79
1053.330 78
1053.403 79
1053.477 76
1053.550 77
1053.623 76
1053.696 74
1053.769 68
1053.842 64
1053.916 65
1053.989 67
1054.062 74
1054.135 79
1054.208 87
1054.281 90
1054.355 98
1054.428 97
1054.501 98
1054.574 94
1054.647 100
1054.720 119
1054.794 145
1054.867 206
1054.940 297
1055.013 429
1055.086 548
1055.160 676
1055.233 770
1055.306 786
1055.379 796
1055.452 758
1055.526 700
1055.599 628
1055.672 562
1055.745 503
1055.819 481
1055.892 523
1055.965 573
1056.038 664
1056.111 746
1056.185 832
1056.258 887
1056.331 896
1056.404 873
1056.478 786
1056.551 722
1056.624 633
1056.697 574
1056.771 521
1056.844 476
1056.917 461
1056.991 459
1057.064 497
1057.137 537
1057.210 565
1057.284 586
1057.357 586
1057.430 579
1057.503 538
1057.577 496
1057.650 442
1057.723 396
1057.797 350
1057.870 314
1057.943 296
1058.017 280
1058.090 278
1058.163 284
1058.236 301
1058.310 313
1058.383 307
1058.456 293
1058.530 282
1058.603 255
1058.676 235
1058.750 214
1058.823 195
1058.896 180
1058.970 173
1059.043 167
1059.116 170
1059.190 166
1059.263 167
1059.336 170
1059.410 164
1059.483 163
1059.556 155
1059.630 155
1059.703 147
1059.777 141
1059.850 124
1059.923 120
1059.997 120
1060.070 118
1060.143 123
1060.217 125
1060.290 125
1060.364 120
1060.437 112
1060.510 113
1060.584 105
1060.657 100
1060.731 93
1060.804 82
1060.877 77
1060.951 78
1061.024 78
1061.098 81
1061.171 80
1061.244 82
1061.318 86
1061.391 88
1061.465 90
1061.538 87
1061.612 90
1061.685 83
1061.758 83
1061.832 82
1061.905 85
1061.979 87
1062.052 89
1062.126 88
1062.199 85
1062.272 84
1062.346 80
1062.419 81
1062.493 82
1062.566 83
1062.640 85
1062.713 87
1062.787 88
1062.860 89
1062.934 86
1063.007 86
1063.081 90
1063.154 89
1063.228 90
1063.301 95
1063.375 90
1063.448 87
1063.522 86
1063.595 78
1063.669 70
1063.742 69
1063.816 77
1063.889 84
1063.963 95
1064.036 110
1064.110 107
1064.183 110
1064.257 111
1064.330 107
1064.404 108
1064.477 116
1064.551 119
1064.624 127
1064.698 126
1064.771 123
1064.845 117
1064.918 116
1064.992 116
1065.066 114
1065.139 128
1065.213 133
1065.286 144
1065.360 151
1065.433 157
1065.507 146
1065.581 139
1065.654 138
1065.728 126
1065.801 116
1065.875 111
1065.948 101
1066.022 103
1066.096 105
1066.169 107
1066.243 106
1066.316 111
1066.390 119
1066.464 122
1066.537 127
1066.611 125
1066.684 117
1066.758 109
1066.832 100
1066.905 85
1066.979 78
1067.052 70
1067.126 63
1067.200 65
1067.273 66
1067.347 62
1067.421 68
1067.494 62
1067.568 52
1067.641 47
1067.715 35
1067.789 32
1067.862 29
1067.936 31
1068.010 33
1068.083 35
1068.157 41
1068.231 43
1068.304 43
1068.378 45
1068.452 44
1068.525 45
1068.599 45
1068.673 47
1068.746 44
1068.820 44
1068.894 48
1068.967 53
1069.041 60
1069.115 65
1069.189 70
1069.262 74
1069.336 70
1069.410 68
1069.483 63
1069.557 53
1069.631 46
1069.704 43
1069.778 43
1069.852 46
1069.926 46
1069.999 50
1070.073 48
1070.147 45
1070.221 53
1070.294 55
1070.368 61
1070.442 68
1070.515 69
1070.589 67
1070.663 64
1070.737 60
1070.810 62
1070.884 63
1070.958 77
1071.032 88
1071.105 92
1071.179 105
1071.253 113
1071.327 119
1071.401 124
1071.474 124
1071.548 122
1071.622 120
1071.696 118
1071.769 108
1071.843 95
1071.917 97
1071.991 97
1072.065 108
1072.138 124
1072.212 130
1072.286 138
1072.360 133
1072.434 125
1072.507 124
1072.581 124
1072.655 124
1072.729 116
1072.803 108
1072.877 99
1072.950 101
1073.024 112
1073.098 124
1073.172 120
1073.246 118
1073.320 111
1073.393 110
1073.467 109
1073.541 106
1073.615 110
1073.689 101
1073.763 87
1073.836 84
1073.910 78
1073.984 78
1074.058 79
1074.132 79
1074.206 73
1074.280 72
1074.354 68
1074.427 63
1074.501 61
1074.575 61
1074.649 56
1074.723 55
1074.797 58
1074.871 55
1074.945 57
1075.019 61
1075.092 65
1075.166 65
1075.240 64
1075.314 62
1075.388 58
1075.462 57
1075.536 61
1075.610 60
1075.684 57
1075.758 57
1075.832 54
1075.906 52
1075.979 49
1076.053 51
1076.127 52
1076.201 56
1076.275 59
1076.349 58
1076.423 61
1076.497 54
1076.571 54
1076.645 47
1076.719 37
1076.793 37
1076.867 40
1076.941 36
1077.015 35
1077.089 37
1077.163 34
1077.237 37
1077.311 39
1077.385 44
1077.459 49
1077.533 56
1077.607 63
1077.681 66
1077.755 72
1077.829 72
1077.903 69
1077.977 67
1078.051 67
1078.125 67
1078.199 64
1078.273 64
1078.347 64
1078.421 64
1078.495 64
1078.569 65
1078.643 71
1078.717 113
1078.791 188
1078.865 327
1078.939 476
1079.013 660
1079.087 829
1079.161 946
1079.235 1050
1079.309 1083
1079.383 1042
1079.457 937
1079.531 849
1079.605 721
1079.679 650
1079.753 614
1079.827 601
1079.902 644
1079.976 740
1080.050 891
1080.124 1009
1080.198 1123
1080.272 1152
1080.346 1092
1080.420 1026
1080.494 902
1080.568 804
1080.642 710
1080.716 621
1080.791 559
1080.865 530
1080.939 559
1081.013 604
1081.087 664
1081.161 707
1081.235 732
1081.309 742
1081.383 738
1081.458 716
1081.532 638
1081.606 571
1081.680 501
1081.754 433
1081.828 404
1081.902 376
1081.976 353
1082.051 354
1082.125 369
1082.199 374
1082.273 372
1082.347 361
1082.421 333
1082.496 311
1082.570 281
1082.644 251
1082.718 234
1082.792 220
1082.866 212
1082.941 213
1083.015 212
1083.089 209
1083.163 212
1083.237 211
1083.311 198
1083.386 183
1083.460 164
1083.534 143
1083.608 133
1083.682 118
1083.757 108
1083.831 97
1083.905 99
1083.979 97
1084.053 97
1084.128 107
1084.202 109
1084.276 103
1084.350 95
1084.425 86
1084.499 81
1084.573 78
1084.647 82
1084.721 85
1084.796 83
1084.870 79
1084.944 80
1085.018 71
1085.093 73
1085.167 77
1085.241 81
1085.315 81
1085.390 80
1085.464 91
1085.538 86
1085.613 86
1085.687 80
1085.761 68
1085.835 67
1085.910 69
1085.984 75
1086.058 82
1086.132 90
1086.207 94
1086.281 91
1086.355 98
1086.430 97
1086.504 84
1086.578 79
1086.653 68
1086.727 63
1086.801 55
1086.875 53
1086.950 54
1087.024 53
1087.098 50
1087.173 52
1087.247 49
1087.321 52
1087.396 62
1087.470 59
1087.544 57
1087.619 52
1087.693 57
1087.767 59
1087.842 59
1087.916 51
1087.990 46
1088.065 48
1088.139 46
1088.213 54
1088.288 59
1088.362 65
1088.437 73
1088.511 74
1088.585 76
1088.660 73
1088.734 70
1088.808 65
1088.883 58
1088.957 56
1089.032 54
1089.106 50
1089.180 54
1089.255 54
1089.329 52
1089.404 56
1089.478 54
1089.552 55
1089.627 56
1089.701 53
1089.776 56
1089.850 58
1089.924 56
1089.999 65
1090.073 62
1090.148 60
1090.222 60
1090.297 57
1090.371 56
1090.445 53
1090.520 53
1090.594 56
1090.669 59
1090.743 57
1090.818 53
1090.892 51
1090.967 51
1091.041 56
1091.115 60
1091.190 57
1091.264 59
1091.339 55
1091.413 50
1091.488 50
1091.562 43
1091.637 42
1091.711 42
1091.786 43
1091.860 50
1091.935 49
1092.009 45
1092.084 39
1092.158 42
1092.233 41
1092.307 41
1092.382 44
1092.456 39
1092.531 38
1092.605 40
1092.680 36
1092.754 41
1092.829 48
1092.903 48
1092.978 51
1093.052 53
1093.127 57
1093.201 60
1093.276 60
1093.350 57
1093.425 52
1093.499 56
1093.574 53
1093.649 56
1093.723 55
1093.798 53
1093.872 51
1093.947 49
1094.021 50
1094.096 48
1094.170 45
1094.245 42
1094.320 40
1094.394 41
1094.469 42
1094.543 45
1094.618 45
1094.692 50
1094.767 49
1094.842 55
1094.916 63
1094.991 76
1095.065 87
1095.140 97
1095.215 108
1095.289 110
1095.364 119
1095.438 120
1095.513 118
1095.588 110
1095.662 108
1095.737 100
1095.811 96
1095.886 91
1095.961 97
1096.035 99
1096.110 98
1096.185 92
1096.259 88
1096.334 88
1096.409 88
1096.483 90
1096.558 85
1096.632 89
1096.707 86
1096.782 80
1096.856 88
1096.931 84
1097.006 88
1097.080 91
1097.155 97
1097.230 101
1097.304 97
1097.379 88
1097.454 78
1097.528 70
1097.603 68
1097.678 59
1097.752 51
1097.827 46
1097.902 48
1097.977 56
1098.051 57
1098.126 64
1098.201 65
1098.275 72
1098.350 76
1098.425 82
1098.500 86
1098.574 90
1098.649 94
1098.724 85
1098.798 86
1098.873 81
1098.948 77
1099.023 70
1099.097 64
1099.172 53
1099.247 48
1099.322 43
1099.396 46
1099.471 45
1099.546 47
1099.621 56
1099.695 57
1099.770 62
1099.845 63
1099.920 59
1099.994 56
1100.069 56
1100.144 54
1100.219 55
1100.293 53
1100.368 46
1100.443 43
1100.518 40
1100.593 42
1100.667 38
1100.742 46
1100.817 45
1100.892 48
1100.966 56
1101.041 54
1101.116 59
1101.191 60
1101.266 61
1101.341 59
1101.415 54
1101.490 51
1101.565 45
1101.640 43
1101.715 39
1101.789 42
1101.864 40
1101.939 44
1102.014 42
1102.089 42
1102.164 44
1102.238 42
1102.313 39
1102.388 38
1102.463 39
1102.538 46
1102.613 67
1102.688 110
1102.762 168
1102.837 269
1102.912 403
1102.987 585
1103.062 768
1103.137 921
1103.212 1005
1103.286 982
1103.361 941
1103.436 843
1103.511 755
1103.586 686
1103.661 627
1103.736 600
1103.811 627
1103.886 721
1103.961 823
1104.035 961
1104.110 1052
1104.185 1095
1104.260 1108
1104.335 1063
1104.410 985
1104.485 883
1104.560 795
1104.635 686
1104.710 631
1104.785 594
1104.860 569
1104.934 583
1105.009 621
1105.084 668
1105.159 713
1105.234 768
1105.309 773
1105.384 749
1105.459 720
1105.534 656
1105.609 593
1105.684 539
1105.759 487
1105.834 451
1105.909 411
1105.984 399
1106.059 381
1106.134 371
1106.209 364
1106.284 347
1106.359 330
1106.434 310
1106.509 277
1106.584 247
1106.659 220
1106.734 196
1106.809 185
1106.884 186
1106.959 183
1107.034 184
1107.109 179
1107.184 173
1107.259 164
1107.334 169
1107.409 169
1107.484 162
1107.559 163
1107.634 144
1107.709 138
1107.784 133
1107.859 122
1107.934 118
1108.009 108
1108.084 110
1108.159 107
1108.234 108
1108.309 112
1108.384 109
1108.459 109
1108.534 99
1108.609 99
1108.684 94
1108.760 93
1108.835 88
1108.910 85
1108.985 85
1109.060 81
1109.135 82
1109.210 81
1109.285 84
1109.360 85
1109.435 84
1109.510 87
1109.585 86
1109.661 84
1109.736 82
1109.811 76
1109.886 73
1109.961 70
1110.036 76
1110.111 76
1110.186 80
1110.261 90
1110.337 95
1110.412 89
1110.487 85
1110.562 86
1110.637 81
1110.712 83
1110.787 83
1110.862 82
1110.938 80
1111.013 78
1111.088 73
1111.163 68
1111.238 72
1111.313 68
1111.389 70
1111.464 68
1111.539 69
1111.614 61
1111.689 62
1111.764 65
1111.839 66
1111.915 75
1111.990 78
1112.065 77
1112.140 76
1112.215 72
1112.291 69
1112.366 65
1112.441 64
1112.516 61
1112.591 63
1112.667 66
1112.742 69
1112.817 64
1112.892 60
1112.967 59
1113.043 52
1113.118 60
1113.193 63
1113.268 61
1113.343 66
1113.419 66
1113.494 65
1113.569 62
1113.644 66
1113.720 62
1113.795 66
1113.870 63
1113.945 58
1114.021 60
1114.096 63
1114.171 66
1114.246 62
1114.322 57
1114.397 52
1114.472 48
1114.547 43
1114.623 35
1114.698 34
1114.773 32
1114.848 30
1114.924 31
1114.999 35
1115.074 40
1115.150 39
1115.225 36
1115.300 39
1115.375 44
1115.451 57
1115.526 58
1115.601 55
1115.677 53
1115.752 51
1115.827 53
1115.903 57
1115.978 61
1116.053 54
1116.129 55
1116.204 54
1116.279 58
1116.355 64
1116.430 64
1116.505 63
1116.581 61
1116.656 56
1116.731 51
1116.807 50
1116.882 47
1116.957 41
1117.033 41
1117.108 44
1117.183 49
1117.259 49
1117.334 48
1117.409 46
1117.485 46
1117.560 50
1117.635 52
1117.711 50
1117.786 45
1117.862 46
1117.937 36
1118.012 35
1118.088 37
1118.163 39
1118.239 43
1118.314 45
1118.389 43
1118.465 47
1118.540 46
1118.616 48
1118.691 54
1118.766 49
1118.842 53
1118.917 61
1118.993 73
1119.068 71
1119.143 85
1119.219 83
1119.294 85
1119.370 88
1119.445 79
1119.521 78
1119.596 78
1119.671 77
1119.747 78
1119.822 73
1119.898 69
1119.973 68
1120.049 74
1120.124 77
1120.200 81
1120.275 93
1120.351 97
1120.426 97
1120.501 99
1120.577 92
1120.652 83
1120.728 78
1120.803 73
1120.879 68
1120.954 68
1121.030 70
1121.105 73
1121.181 71
1121.256 68
1121.332 68
1121.407 69
1121.483 70
1121.558 68
1121.634 68
1121.709 67
1121.785 63
1121.860 54
1121.936 51
1122.011 45
1122.087 49
1122.162 55
1122.238 58
1122.314 57
1122.389 67
1122.465 67
1122.540 63
1122.616 63
1122.691 50
1122.767 45
1122.842 46
1122.918 43
1122.993 47
1123.069 52
1123.145 51
1123.220 51
1123.296 50
1123.371 47
1123.447 49
1123.522 50
1123.598 46
1123.674 52
1123.749 48
1123.825 47
1123.900 44
1123.976 47
1124.051 47
1124.127 44
1124.203 46
1124.278 37
1124.354 37
1124.429 32
1124.505 30
1124.581 32
1124.656 36
1124.732 40
1124.807 40
1124.883 45
1124.959 44
1125.034 52
1125.110 54
1125.186 56
1125.261 54
1125.337 49
1125.412 45
1125.488 42
1125.564 41
1125.639 45
1125.715 41
1125.791 39
1125.866 39
1125.942 31
1126.018 32
1126.093 39
1126.169 43
1126.245 40
1126.320 39
1126.396 35
1126.472 43
1126.547 60
1126.623 97
1126.699 181
1126.774 348
1126.850 540
1126.926 805
1127.001 1046
1127.077 1251
1127.153 1412
1127.229 1474
1127.304 1431
1127.380 1263
1127.456 1114
1127.531 971
1127.607 902
1127.683 923
1127.758 975
1127.834 1052
1127.910 1220
1127.986 1402
1128.061 1559
1128.137 1687
1128.213 1657
1128.289 1505
1128.364 1333
1128.440 1164
1128.516 1021
1128.592 953
1128.667 899
1128.743 863
1128.819 904
1128.895 998
1128.970 1095
1129.046 1181
1129.122 1249
1129.198 1216
1129.273 1165
1129.349 1098
1129.425 1010
1129.501 915
1129.576 827
1129.652 744
1129.728 683
1129.804 670
1129.880 667
1129.955 676
1130.031 691
1130.107 694
1130.183 693
1130.259 696
1130.334 684
1130.410 651
1130.486 614
1130.562 547
1130.638 494
1130.713 456
1130.789 418
1130.865 388
1130.941 357
1131.017 353
1131.093 342
1131.168 347
1131.244 337
1131.320 327
1131.396 314
1131.472 297
1131.548 270
1131.623 255
1131.699 241
1131.775 221
1131.851 208
1131.927 206
1132.003 193
1132.079 188
1132.154 187
1132.230 183
1132.306 178
1132.382 173
1132.458 171
1132.534 158
1132.610 148
1132.686 135
1132.761 119
1132.837 115
1132.913 110
1132.989 109
1133.065 113
1133.141 119
1133.217 122
1133.293 128
1133.369 122
1133.445 115
1133.520 108
1133.596 93
1133.672 86
1133.748 83
1133.824 80
1133.900 78
1133.976 73
1134.052 74
1134.128 75
1134.204 81
1134.280 84
1134.356 85
1134.432 86
1134.508 89
1134.584 87
1134.659 89
1134.735 91
1134.811 94
1134.887 90
1134.963 89
1135.039 83
1135.115 80
1135.191 78
1135.267 75
1135.343 72
1135.419 69
1135.495 64
1135.571 62
1135.647 68
1135.723 79
1135.799 84
1135.875 82
1135.951 80
1136.027 67
1136.103 59
1136.179 61
1136.255 51
1136.331 45
1136.407 45
1136.483 46
1136.559 56
1136.635 60
1136.711 66
1136.787 64
1136.863 60
1136.939 51
1137.015 45
1137.091 43
1137.167 44
1137.243 46
1137.319 45
1137.395 45
1137.472 44
1137.548 46
1137.624 50
1137.700 52
1137.776 56
1137.852 61
1137.928 60
1138.004 62
1138.080 61
1138.156 54
1138.232 55
1138.308 53
1138.384 49
1138.460 46
1138.536 43
1138.613 42
1138.689 37
1138.765 38
1138.841 34
1138.917 33
1138.993 32
1139.069 29
1139.145 27
1139.221 29
1139.297 30
1139.374 32
1139.450 34
1139.526 40
1139.602 47
1139.678 54
1139.754 62
1139.830 61
1139.906 62
1139.982 59
1140.059 53
1140.135 50
1140.211 48
1140.287 48
1140.363 41
1140.439 42
1140.515 44
1140.592 46
1140.668 46
1140.744 45
1140.820 42
1140.896 39
1140.972 36
1141.049 37
1141.125 39
1141.201 34
1141.277 34
1141.353 33
1141.429 32
1141.506 33
1141.582 38
1141.658 39
1141.734 32
1141.810 34
1141.887 34
1141.963 33
1142.039 37
1142.115 38
1142.191 41
1142.268 42
1142.344 41
1142.420 39
1142.496 39
1142.573 40
1142.649 40
1142.725 42
1142.801 40
1142.877 46
1142.954 53
1143.030 64
1143.106 81
1143.182 94
1143.259 113
1143.335 118
1143.411 124
1143.487 125
1143.564 123
1143.640 119
1143.716 122
1143.792 118
1143.869 113
1143.945 121
1144.021 120
1144.097 128
1144.174 140
1144.250 146
1144.326 151
1144.403 154
1144.479 150
1144.555 147
1144.631 138
1144.708 124
1144.784 109
1144.860 99
1144.937 94
1145.013 95
1145.089 97
1145.166 98
1145.242 103
1145.318 98
1145.394 94
1145.471 84
1145.547 73
1145.623 68
1145.700 62
1145.776 55
1145.852 50
1145.929 53
1146.005 59
1146.081 68
1146.158 73
1146.234 76
1146.310 76
1146.387 73
1146.463 67
1146.539 66
1146.616 69
1146.692 67
1146.769 66
1146.845 65
1146.921 64
1146.998 69
1147.074 62
1147.150 67
1147.227 59
1147.303 58
1147.380 66
1147.456 66
1147.532 69
1147.609 66
1147.685 56
1147.762 46
1147.838 43
1147.914 40
1147.991 31
1148.067 35
1148.144 38
1148.220 39
1148.296 39
1148.373 36
1148.449 34
1148.526 39
1148.602 43
1148.678 44
1148.755 42
1148.831 39
1148.908 38
1148.984 36
1149.061 37
1149.137 44
1149.214 44
1149.290 50
1149.366 54
1149.443 51
1149.519 53
1149.596 51
1149.672 52
1149.749 55
1149.825 62
1149.902 60
1149.978 58
1150.055 51
1150.131 51
1150.208 54
1150.284 51
1150.360 59
1150.437 76
1150.513 94
1150.590 139
1150.666 234
1150.743 380
1150.819 637
1150.896 905
1150.972 1194
1151.049 1426
1151.125 1507
1151.202 1551
1151.278 1490
1151.355 1364
1151.432 1205
1151.508 1059
1151.585 958
1151.661 965
1151.738 1093
1151.814 1250
1151.891 1430
1151.967 1636
1152.044 1772
1152.120 1866
1152.197 1874
1152.273 1738
1152.350 1523
1152.426 1332
1152.503 1143
1152.580 1004
1152.656 967
1152.733 939
1152.809 953
1152.886 1029
1152.962 1134
1153.039 1219
1153.116 1288
1153.192 1302
1153.269 1217
1153.345 1130
1153.422 1043
1153.499 951
1153.575 895
1153.652 834
1153.728 791
1153.805 770
1153.881 785
1153.958 802
1154.035 814
1154.111 823
1154.188 804
1154.265 785
1154.341 743
1154.418 712
1154.494 667
1154.571 624
1154.648 570
1154.724 534
1154.801 510
1154.878 482
1154.954 464
1155.031 449
1155.107 426
1155.184 397
1155.261 382
1155.337 353
1155.414 340
1155.491 332
1155.567 294
1155.644 262
1155.721 240
1155.797 219
1155.874 202
1155.951 187
1156.027 184
1156.104 177
1156.181 182
1156.257 184
1156.334 179
1156.411 171
1156.487 162
1156.564 149
1156.641 138
1156.718 130
1156.794 120
1156.871 112
1156.948 112
1157.024 112
1157.101 121
1157.178 121
1157.255 124
1157.331 122
1157.408 122
1157.485 127
1157.561 123
1157.638 124
1157.715 114
1157.792 108
1157.868 108
1157.945 104
1158.022 105
1158.099 103
1158.175 107
1158.252 107
1158.329 116
1158.406 119
1158.482 117
1158.559 120
1158.636 115
1158.713 111
1158.789 112
1158.866 109
1158.943 102
1159.020 102
1159.096 101
1159.173 97
1159.250 92
1159.327 90
1159.404 91
1159.480 92
1159.557 93
1159.634 89
1159.711 85
1159.788 83
1159.864 84
1159.941 80
1160.018 78
1160.095 74
1160.172 71
1160.248 68
1160.325 72
1160.402 72
1160.479 69
1160.556 58
1160.633 51
1160.709 51
1160.786 47
1160.863 52
1160.940 49
1161.017 50
1161.094 50
1161.170 47
1161.247 47
1161.324 44
1161.401 41
1161.478 36
1161.555 34
1161.632 31
1161.708 31
1161.785 37
1161.862 43
1161.939 48
1162.016 56
1162.093 65
1162.170 65
1162.247 61
1162.323 56
1162.400 54
1162.477 51
1162.554 50
1162.631 45
1162.708 42
1162.785 41
1162.862 45
1162.939 47
1163.016 43
1163.092 43
1163.169 46
1163.246 44
1163.323 50
1163.400 50
1163.477 51
1163.554 50
1163.631 42
1163.708 40
1163.785 31
1163.862 29
1163.939 30
1164.016 30
1164.093 28
1164.169 30
1164.246 26
1164.323 27
1164.400 32
1164.477 33
1164.554 39
1164.631 38
1164.708 42
1164.785 37
1164.862 41
1164.939 45
1165.016 49
1165.093 49
1165.170 53
1165.247 48
1165.324 36
1165.401 33
1165.478 34
1165.555 35
1165.632 34
1165.709 40
1165.786 36
1165.863 38
1165.940 40
1166.017 39
1166.094 43
1166.171 47
1166.248 52
1166.325 47
1166.402 47
1166.479 48
1166.556 50
1166.633 59
1166.710 66
1166.787 67
1166.864 69
1166.941 72
1167.018 78
1167.095 94
1167.172 117
1167.249 122
1167.327 125
1167.404 127
1167.481 132
1167.558 136
1167.635 137
1167.712 135
1167.789 129
1167.866 140
1167.943 147
1168.020 156
1168.097 165
1168.174 176
1168.251 179
1168.328 168
1168.406 161
1168.483 151
1168.560 141
1168.637 133
1168.714 124
1168.791 113
1168.868 113
1168.945 112
1169.022 107
1169.099 106
1169.177 104
1169.254 108
1169.331 109
1169.408 106
1169.485 100
1169.562 97
1169.639 95
1169.716 89
1169.794 91
1169.871 82
1169.948 72
1170.025 71
1170.102 69
1170.179 70
1170.257 71
1170.334 75
1170.411 84
1170.488 90
1170.565 95
1170.642 98
1170.719 86
1170.797 74
1170.874 61
1170.951 49
1171.028 45
1171.105 46
1171.183 49
1171.260 52
1171.337 58
1171.414 65
1171.491 71
1171.568 66
1171.646 66
1171.723 61
1171.800 57
1171.877 58
1171.954 54
1172.032 50
1172.109 55
1172.186 56
1172.263 54
1172.341 53
1172.418 46
1172.495 45
1172.572 45
1172.649 51
1172.727 55
1172.804 63
1172.881 66
1172.958 64
1173.036 62
1173.113 59
1173.190 60
1173.267 62
1173.345 60
1173.422 50
1173.499 43
1173.576 37
1173.654 32
1173.731 30
1173.808 32
1173.886 32
1173.963 29
1174.040 35
1174.117 38
1174.195 41
1174.272 42
1174.349 42
1174.427 40
1174.504 47
1174.581 67
1174.658 93
1174.736 154
1174.813 250
1174.890 362
1174.968 506
1175.045 620
1175.122 693
1175.200 754
1175.277 773
1175.354 769
1175.432 735
1175.509 711
1175.586 658
1175.664 637
1175.741 660
1175.818 685
1175.896 759
1175.973 827
1176.050 876
1176.128 921
1176.205 936
1176.282 911
1176.360 848
1176.437 791
1176.514 699
1176.592 636
1176.669 613
1176.746 598
1176.824 604
1176.901 625
1176.979 653
1177.056 682
1177.133 735
1177.211 746
1177.288 732
1177.366 712
1177.443 656
1177.520 611
1177.598 556
1177.675 499
1177.752 448
1177.830 413
1177.907 402
1177.985 385
1178.062 395
1178.140 388
1178.217 382
1178.294 377
1178.372 356
1178.449 350
1178.527 326
1178.604 305
1178.682 284
1178.759 263
1178.836 253
1178.914 240
1178.991 233
1179.069 230
1179.146 230
1179.224 232
1179.301 230
1179.379 218
1179.456 203
1179.533 185
1179.611 166
1179.688 153
1179.766 144
1179.843 133
1179.921 124
1179.998 116
1180.076 114
1180.153 115
1180.231 115
1180.308 126
1180.386 123
1180.463 122
1180.541 118
1180.618 113
1180.696 104
1180.773 92
1180.851 86
1180.928 79
1181.006 73
1181.083 67
1181.161 62
1181.238 61
1181.316 65
1181.393 71
1181.471 75
1181.548 87
1181.626 86
1181.703 83
1181.781 79
1181.859 73
1181.936 71
1182.014 73
1182.091 72
1182.169 71
1182.246 73
1182.324 82
1182.401 83
1182.479 88
1182.556 81
1182.634 78
1182.712 71
1182.789 63
1182.867 63
1182.944 54
1183.022 52
1183.099 54
1183.177 58
1183.255 60
1183.332 56
1183.410 57
1183.487 53
1183.565 50
1183.643 58
1183.720 52
1183.798 58
1183.875 60
1183.953 64
1184.031 65
1184.108 65
1184.186 70
1184.264 68
1184.341 68
1184.419 67
1184.496 62
1184.574 54
1184.652 52
1184.729 51
1184.807 48
1184.885 52
1184.962 54
1185.040 55
1185.117 65
1185.195 62
1185.273 60
1185.350 58
1185.428 56
1185.506 52
1185.583 48
1185.661 47
1185.739 47
1185.816 48
1185.894 47
1185.972 47
1186.049 44
1186.127 43
1186.205 45
1186.283 46
1186.360 47
1186.438 52
1186.516 50
1186.593 46
1186.671 40
1186.749 33
1186.826 27
1186.904 30
1186.982 29
1187.060 32
1187.137 36
1187.215 35
1187.293 36
1187.370 40
1187.448 38
1187.526 38
1187.604 36
1187.681 36
1187.759 33
1187.837 31
1187.915 32
1187.992 27
1188.070 21
1188.148 20
1188.226 18
1188.303 16
1188.381 23
1188.459 27
1188.537 31
1188.614 32
1188.692 32
1188.770 30
1188.848 27
1188.925 27
1189.003 29
1189.081 30
1189.159 37
1189.237 39
1189.314 44
1189.392 48
1189.470 50
1189.548 57
1189.625 54
1189.703 52
1189.781 46
1189.859 36
1189.937 33
1190.014 32
1190.092 29
1190.170 26
1190.248 25
1190.326 25
1190.404 23
1190.481 24
1190.559 26
1190.637 27
1190.715 31
1190.793 39
1190.871 44
1190.948 50
1191.026 55
1191.104 61
1191.182 63
1191.260 68
1191.338 77
1191.416 79
1191.493 86
1191.571 84
1191.649 86
1191.727 95
1191.805 100
1191.883 101
1191.961 96
1192.038 93
1192.116 91
1192.194 90
1192.272 97
1192.350 101
1192.428 96
1192.506 96
1192.584 99
1192.662 89
1192.739 81
1192.817 81
1192.895 80
1192.973 84
1193.051 81
1193.129 82
1193.207 80
1193.285 82
1193.363 88
1193.441 88
1193.519 89
1193.597 79
1193.674 74
1193.752 65
1193.830 57
1193.908 50
1193.986 47
1194.064 43
1194.142 40
1194.220 44
1194.298 44
1194.376 45
1194.454 47
1194.532 49
1194.610 48
1194.688 46
1194.766 42
1194.844 45
1194.922 49
1195.000 52
1195.078 58
1195.156 60
1195.234 61
1195.312 61
1195.390 59
1195.468 55
1195.546 55
1195.624 52
1195.702 48
1195.780 47
1195.858 43
1195.936 42
1196.014 40
1196.092 37
1196.170 40
1196.248 39
1196.326 41
1196.404 41
1196.482 42
1196.560 47
1196.638 50
1196.716 56
1196.794 54
1196.872 56
1196.950 48
1197.028 47
1197.106 40
1197.184 36
1197.262 38
1197.340 34
1197.418 33
1197.496 33
1197.574 32
1197.652 31
1197.731 32
1197.809 29
1197.887 24
1197.965 21
1198.043 22
1198.121 23
1198.199 23
1198.277 26
1198.355 21
1198.433 27
1198.511 47
1198.589 70
1198.668 120
1198.746 214
1198.824 303
1198.902 436
1198.980 556
1199.058 651
1199.136 735
1199.214 783
1199.292 778
1199.371 738
1199.449 709
1199.527 621
1199.605 582
1199.683 564
1199.761 559
1199.839 610
1199.917 664
1199.996 741
1200.074 799
1200.152 852
1200.230 874
1200.308 835
1200.386 799
1200.464 718
1200.543 658
1200.621 635
1200.699 619
1200.777 604
1200.855 603
1200.933 604
1201.012 600
1201.090 619
1201.168 612
1201.246 600
1201.324 580
1201.403 549
1201.481 510
1201.559 471
1201.637 436
1201.715 396
1201.794 365
1201.872 345
1201.950 332
1202.028 328
1202.106 322
1202.185 320
1202.263 316
1202.341 303
1202.419 291
1202.497 273
1202.576 254
1202.654 233
1202.732 212
1202.810 199
1202.889 182
1202.967 172
1203.045 172
1203.123 175
1203.202 173
1203.280 185
1203.358 180
1203.436 177
1203.515 167
1203.593 162
1203.671 161
1203.749 151
1203.828 138
1203.906 126
1203.984 115
1204.062 113
1204.141 109
1204.219 106
1204.297 108
1204.376 106
1204.454 109
1204.532 103
1204.610 96
1204.689 93
1204.767 88
1204.845 87
1204.924 82
1205.002 84
1205.080 85
1205.159 85
1205.237 84
1205.315 83
1205.394 85
1205.472 87
1205.550 86
1205.629 79
1205.707 71
1205.785 65
1205.864 58
1205.942 58
1206.020 55
1206.099 54
1206.177 51
1206.255 50
1206.334 52
1206.412 51
1206.490 51
1206.569 54
1206.647 49
1206.725 52
1206.804 57
1206.882 57
1206.960 59
1207.039 63
1207.117 63
1207.196 59
1207.274 58
1207.352 54
1207.431 50
1207.509 52
1207.588 50
1207.666 43
1207.744 35
1207.823 34
1207.901 34
1207.980 40
1208.058 48
1208.136 52
1208.215 54
1208.293 50
1208.372 51
1208.450 51
1208.528 49
1208.607 45
1208.685 44
1208.764 44
1208.842 46
1208.921 50
1208.999 52
1209.077 53
1209.156 55
1209.234 52
1209.313 48
1209.391 45
1209.470 43
1209.548 45
1209.627 41
1209.705 37
1209.784 32
1209.862 41
1209.940 42
1210.019 39
1210.097 39
1210.176 29
1210.254 32
1210.333 33
1210.411 35
1210.490 31
1210.568 24
1210.647 24
1210.725 21
1210.804 22
1210.882 23
1210.961 28
1211.039 35
1211.118 40
1211.196 43
1211.275 40
1211.353 42
1211.432 37
1211.510 36
1211.589 32
1211.667 27
1211.746 27
1211.825 28
1211.903 27
1211.982 25
1212.060 26
1212.139 27
1212.217 30
1212.296 33
1212.374 32
1212.453 34
1212.531 33
1212.610 38
1212.689 37
1212.767 35
1212.846 34
1212.924 26
1213.003 27
1213.081 24
1213.160 22
1213.239 27
1213.317 25
1213.396 22
1213.474 23
1213.553 26
1213.631 25
1213.710 26
1213.789 27
1213.867 24
1213.946 30
1214.024 29
1214.103 29
1214.182 26
1214.260 23
1214.339 26
1214.418 26
1214.496 26
1214.575 24
1214.653 28
1214.732 30
1214.811 38
1214.889 44
1214.968 51
1215.047 57
1215.125 61
1215.204 64
1215.282 65
1215.361 61
1215.440 53
1215.518 46
1215.597 41
1215.676 40
1215.754 44
1215.833 43
1215.912 45
1215.990 50
1216.069 54
1216.148 60
1216.226 70
1216.305 68
1216.384 67
1216.462 69
1216.541 66
1216.620 64
1216.699 59
1216.777 53
1216.856 52
1216.935 57
1217.013 63
1217.092 68
1217.171 65
1217.249 69
1217.328 72
1217.407 73
1217.486 71
1217.564 62
1217.643 50
1217.722 41
1217.800 39
1217.879 35
1217.958 35
1218.037 32
1218.115 27
1218.194 29
1218.273 35
1218.352 36
1218.430 33
1218.509 33
1218.588 33
1218.667 37
1218.745 42
1218.824 42
1218.903 42
1218.982 40
1219.060 43
1219.139 46
1219.218 50
1219.297 54
1219.376 57
1219.454 53
1219.533 47
1219.612 47
1219.691 38
1219.770 36
1219.848 39
1219.927 30
1220.006 30
1220.085 30
1220.164 29
1220.242 35
1220.321 34
1220.400 36
1220.479 40
1220.558 34
1220.636 30
1220.715 27
1220.794 20
1220.873 17
1220.952 18
1221.031 20
1221.109 27
1221.188 29
1221.267 34
1221.346 33
1221.425 39
1221.504 35
1221.582 39
1221.661 40
1221.740 36
1221.819 35
1221.898 34
1221.977 35
1222.056 32
1222.134 44
1222.213 43
1222.292 48
1222.371 59
1222.450 59
1222.529 69
1222.608 109
1222.687 155
1222.766 227
1222.844 319
1222.923 415
1223.002 513
1223.081 618
1223.160 679
1223.239 687
1223.318 697
1223.397 644
1223.476 617
1223.555 591
1223.634 572
1223.712 585
1223.791 618
1223.870 699
1223.949 765
1224.028 853
1224.107 888
1224.186 861
1224.265 830
1224.344 768
1224.423 717
1224.502 684
1224.581 662
1224.660 626
1224.739 620
1224.818 621
1224.897 626
1224.976 652
1225.054 661
1225.133 658
1225.212 651
1225.291 632
1225.370 604
1225.449 567
1225.528 528
1225.607 474
1225.686 434
1225.765 405
1225.844 370
1225.923 348
1226.002 338
1226.081 348
1226.160 361
1226.239 376
1226.318 382
1226.397 371
1226.476 358
1226.555 327
1226.634 303
1226.713 276
1226.792 239
1226.871 214
1226.950 192
1227.029 178
1227.109 172
1227.188 164
1227.267 151
1227.346 139
1227.425 120
1227.504 112
1227.583 104
1227.662 104
1227.741 94
1227.820 95
1227.899 87
1227.978 83
1228.057 80
1228.136 85
1228.215 84
1228.294 91
1228.373 93
1228.452 98
1228.532 110
1228.611 108
1228.690 109
1228.769 107
1228.848 108
1228.927 102
1229.006 95
1229.085 93
1229.164 82
1229.243 79
1229.322 75
1229.402 70
1229.481 64
1229.560 66
1229.639 65
1229.718 61
1229.797 63
1229.876 67
1229.955 65
1230.035 70
1230.114 65
1230.193 60
1230.272 58
1230.351 56
1230.430 52
1230.509 52
1230.589 51
1230.668 54
1230.747 55
1230.826 57
1230.905 56
1230.984 55
1231.063 48
1231.143 45
1231.222 47
1231.301 48
1231.380 48
1231.459 48
1231.538 46
1231.618 43
1231.697 42
1231.776 39
1231.855 35
1231.934 32
1232.014 34
1232.093 36
1232.172 41
1232.251 46
1232.330 40
1232.410 40
1232.489 40
1232.568 40
1232.647 40
1232.726 43
1232.806 46
1232.885 45
1232.964 47
1233.043 45
1233.123 43
1233.202 41
1233.281 39
1233.360 39
1233.440 41
1233.519 42
1233.598 39
1233.677 41
1233.756 36
1233.836 38
1233.915 43
1233.994 41
1234.074 45
1234.153 43
1234.232 40
1234.311 41
1234.391 42
1234.470 43
1234.549 40
1234.628 37
1234.708 36
1234.787 37
1234.866 32
1234.946 30
1235.025 23
1235.104 21
1235.183 20
1235.263 24
1235.342 29
1235.421 28
1235.501 32
1235.580 32
1235.659 30
1235.739 30
1235.818 34
1235.897 33
1235.977 31
1236.056 29
1236.135 28
1236.215 27
1236.294 24
1236.373 23
1236.453 23
1236.532 25
1236.611 25
1236.691 27
1236.770 27
1236.849 29
1236.929 30
1237.008 32
1237.087 35
1237.167 34
1237.246 36
1237.325 42
1237.405 39
1237.484 37
1237.564 37
1237.643 32
1237.722 25
1237.802 24
1237.881 20
1237.960 21
1238.040 20
1238.119 20
1238.199 24
1238.278 27
1238.357 27
1238.437 28
1238.516 28
1238.596 29
1238.675 32
1238.754 35
1238.834 41
1238.913 45
1238.993 52
1239.072 57
1239.152 67
1239.231 78
1239.310 85
1239.390 89
1239.469 92
1239.549 88
1239.628 86
1239.708 82
1239.787 84
1239.867 88
1239.946 95
1240.025 101
1240.105 111
1240.184 108
1240.264 106
1240.343 93
1240.423 83
1240.502 75
1240.582 60
1240.661 60
1240.741 56
1240.820 61
1240.900 59
1240.979 61
1241.059 64
1241.138 58
1241.218 61
1241.297 59
1241.377 59
1241.456 55
1241.536 52
1241.615 51
1241.695 46
1241.774 47
1241.854 48
1241.933 51
1242.013 55
1242.092 59
1242.172 55
1242.251 51
1242.331 47
1242.410 43
1242.490 35
1242.569 37
1242.649 39
1242.728 31
1242.808 30
1242.887 37
1242.967 35
1243.047 44
1243.126 45
1243.206 44
1243.285 42
1243.365 36
1243.444 36
1243.524 33
1243.604 35
1243.683 37
1243.763 37
1243.842 38
1243.922 37
1244.001 37
1244.081 38
1244.161 36
1244.240 32
1244.320 31
1244.399 25
1244.479 26
1244.559 27
1244.638 30
1244.718 36
1244.797 37
1244.877 40
1244.957 41
1245.036 39
1245.116 38
1245.196 37
1245.275 39
1245.355 35
1245.434 34
1245.514 36
1245.594 31
1245.673 27
1245.753 27
1245.833 24
1245.912 29
1245.992 37
1246.072 38
1246.151 41
1246.231 42
1246.310 36
1246.390 41
1246.470 54
1246.549 79
1246.629 133
1246.709 222
1246.788 318
1246.868 420
1246.948 503
1247.028 568
1247.107 623
1247.187 668
1247.267 677
1247.346 657
1247.426 645
1247.506 598
1247.585 583
1247.665 585
1247.745 600
1247.824 661
1247.904 719
1247.984 793
1248.064 842
1248.143 883
1248.223 882
1248.303 829
1248.383 787
1248.462 727
1248.542 694
1248.622 693
1248.701 696
1248.781 698
1248.861 706
1248.941 714
1249.020 719
1249.100 743
1249.180 742
1249.260 714
1249.339 687
1249.419 625
1249.499 581
1249.579 535
1249.658 490
1249.738 448
1249.818 412
1249.898 401
1249.978 390
1250.057 395
1250.137 396
1250.217 381
1250.297 359
1250.377 335
1250.456 313
1250.536 299
1250.616 279
1250.696 259
1250.775 235
1250.855 230
1250.935 222
1251.015 212
1251.095 206
1251.175 193
1251.254 182
1251.334 180
1251.414 176
1251.494 165
1251.574 151
1251.654 138
1251.733 120
1251.813 112
1251.893 102
1251.973 96
1252.053 87
1252.133 85
1252.212 80
1252.292 81
1252.372 82
1252.452 84
1252.532 84
1252.612 90
1252.692 90
1252.771 88
1252.851 89
1252.931 86
1253.011 84
1253.091 85
1253.171 83
1253.251 85
1253.331 78
1253.410 77
1253.490 75
1253.570 73
1253.650 71
1253.730 68
1253.810 66
1253.890 58
1253.970 52
1254.050 50
1254.130 50
1254.209 46
1254.289 44
1254.369 47
1254.449 50
1254.529 51
1254.609 55
1254.689 56
1254.769 55
1254.849 57
1254.929 62
1255.009 62
1255.089 59
1255.169 63
1255.249 61
1255.329 56
1255.409 54
1255.488 46
1255.568 38
1255.648 40
1255.728 38
1255.808 44
1255.888 46
1255.968 56
1256.048 64
1256.128 76
1256.208 78
1256.288 68
1256.368 64
1256.448 60
1256.528 52
1256.608 49
1256.688 43
1256.768 33
1256.848 28
1256.928 29
1257.008 27
1257.088 34
1257.168 36
1257.248 35
1257.328 38
1257.408 33
1257.488 29
1257.568 30
1257.648 30
1257.728 30
1257.808 30
1257.888 34
1257.968 34
1258.048 37
1258.128 37
1258.209 31
1258.289 29
1258.369 24
1258.449 19
1258.529 20
1258.609 15
1258.689 17
1258.769 20
1258.849 25
1258.929 34
1259.009 44
1259.089 51
1259.169 52
1259.249 51
1259.329 51
1259.410 51
1259.490 51
1259.570 48
1259.650 46
1259.730 41
1259.810 38
1259.890 36
1259.970 32
1260.050 31
1260.130 36
1260.210 36
1260.291 40
1260.371 43
1260.451 39
1260.531 39
1260.611 37
1260.691 41
1260.771 45
1260.851 45
1260.932 39
1261.012 40
1261.092 37
1261.172 36
1261.252 37
1261.332 24
1261.412 24
1261.493 22
1261.573 23
1261.653 28
1261.733 26
1261.813 26
1261.893 24
1261.974 27
1262.054 26
1262.134 26
1262.214 25
1262.294 28
1262.374 30
1262.455 30
1262.535 34
1262.615 34
1262.695 34
1262.775 32
1262.856 37
1262.936 38
1263.016 45
1263.096 56
1263.176 62
1263.257 66
1263.337 70
1263.417 73
1263.497 71
1263.577 77
1263.658 82
1263.738 88
1263.818 89
1263.898 90
1263.979 86
1264.059 80
1264.139 82
1264.219 81
1264.299 79
1264.380 75
1264.460 74
1264.540 72
1264.620 70
1264.701 68
1264.781 63
1264.861 57
1264.941 56
1265.022 56
1265.102 52
1265.182 52
1265.263 51
1265.343 50
1265.423 46
1265.503 42
1265.584 41
1265.664 34
1265.744 40
1265.825 42
1265.905 49
1265.985 61
1266.065 68
1266.146 73
1266.226 75
1266.306 78
1266.387 73
1266.467 72
1266.547 65
1266.628 55
1266.708 54
1266.788 50
1266.869 48
1266.949 44
1267.029 40
1267.110 40
1267.190 36
1267.270 33
1267.351 33
1267.431 28
1267.511 27
1267.592 29
1267.672 28
1267.752 28
1267.833 29
1267.913 26
1267.993 28
1268.074 31
1268.154 31
1268.234 30
1268.315 25
1268.395 21
1268.476 19
1268.556 18
1268.636 22
1268.717 17
1268.797 22
1268.877 26
1268.958 24
1269.038 27
1269.119 23
1269.199 24
1269.279 24
1269.360 30
1269.440 32
1269.521 31
1269.601 31
1269.681 30
1269.762 29
1269.842 29
1269.923 34
1270.003 35
1270.084 33
1270.164 31
1270.244 29
1270.325 32
1270.405 38
1270.486 52
1270.566 86
1270.647 143
1270.727 235
1270.808 334
1270.888 446
1270.968 521
1271.049 580
1271.129 638
1271.210 670
1271.290 689
1271.371 666
1271.451 641
1271.532 595
1271.612 580
1271.693 604
1271.773 627
1271.854 680
1271.934 721
1272.015 736
1272.095 748
1272.176 762
1272.256 756
1272.337 732
1272.417 710
1272.498 655
1272.578 633
1272.659 628
1272.739 620
1272.820 646
1272.900 654
1272.981 672
1273.061 690
1273.142 693
1273.222 661
1273.303 633
1273.383 617
1273.464 560
1273.544 527
1273.625 488
1273.705 444
1273.786 423
1273.867 402
1273.947 391
1274.028 370
1274.108 367
1274.189 343
1274.269 336
1274.350 328
1274.430 315
1274.511 302
1274.592 281
1274.672 253
1274.753 231
1274.833 214
1274.914 214
1274.995 205
1275.075 204
1275.156 203
1275.236 198
1275.317 198
1275.397 184
1275.478 178
1275.559 162
1275.639 149
1275.720 141
1275.801 133
1275.881 129
1275.962 119
1276.042 115
1276.123 108
1276.204 105
1276.284 104
1276.365 104
1276.445 110
1276.526 111
1276.607 109
1276.687 106
1276.768 98
1276.849 94
1276.929 94
1277.010 89
1277.091 83
1277.171 82
1277.252 80
1277.333 77
1277.413 71
1277.494 68
1277.575 59
1277.655 51
1277.736 50
1277.817 51
1277.897 52
1277.978 48
1278.059 51
1278.139 53
1278.220 50
1278.301 55
1278.381 53
1278.462 51
1278.543 47
1278.624 42
1278.704 46
1278.785 49
1278.866 49
1278.946 55
1279.027 56
1279.108 54
1279.188 60
1279.269 56
1279.350 56
1279.431 54
1279.511 51
1279.592 48
1279.673 47
1279.754 42
1279.834 33
1279.915 34
1279.996 34
1280.077 34
1280.157 36
1280.238 40
1280.319 46
1280.400 49
1280.480 52
1280.561 49
1280.642 46
1280.723 48
1280.803 45
1280.884 44
1280.965 51
1281.046 50
1281.127 51
1281.207 56
1281.288 55
1281.369 53
1281.450 55
1281.530 51
1281.611 48
1281.692 49
1281.773 48
1281.854 46
1281.934 44
1282.015 40
1282.096 38
1282.177 38
1282.258 38
1282.339 39
1282.419 38
1282.500 35
1282.581 33
1282.662 31
1282.743 30
1282.824 26
1282.904 25
1282.985 25
1283.066 25
1283.147 28
1283.228 27
1283.309 26
1283.389 27
1283.470 26
1283.551 29
1283.632 30
1283.713 32
1283.794 38
1283.875 45
1283.956 42
1284.036 40
1284.117 37
1284.198 33
1284.279 35
1284.360 38
1284.441 32
1284.522 30
1284.603 30
1284.683 33
1284.764 34
1284.845 30
1284.926 30
1285.007 27
1285.088 28
1285.169 33
1285.250 37
1285.331 35
1285.412 36
1285.493 39
1285.574 36
1285.654 34
1285.735 30
1285.816 24
1285.897 23
1285.978 28
1286.059 29
1286.140 26
1286.221 27
1286.302 25
1286.383 30
1286.464 35
1286.545 38
1286.626 42
1286.707 44
1286.788 51
1286.869 56
1286.950 58
1287.031 61
1287.112 63
1287.193 64
1287.274 65
1287.354 64
1287.435 69
1287.516 66
1287.597 66
1287.678 70
1287.759 63
1287.840 60
1287.921 57
1288.002 51
1288.083 49
1288.164 52
1288.245 54
1288.326 56
1288.407 64
1288.488 62
1288.570 61
1288.651 52
1288.732 40
1288.813 39
1288.894 36
1288.975 38
1289.056 45
1289.137 46
1289.218 46
1289.299 47
1289.380 45
1289.461 45
1289.542 41
1289.623 41
1289.704 38
1289.785 37
1289.866 41
1289.947 43
1290.028 42
1290.109 44
1290.190 48
1290.272 50
1290.353 50
1290.434 49
1290.515 48
1290.596 45
1290.677 43
1290.758 46
1290.839 45
1290.920 45
1291.001 59
1291.082 56
1291.164 55
1291.245 49
1291.326 36
1291.407 32
1291.488 31
1291.569 28
1291.650 27
1291.731 34
1291.812 36
1291.894 44
1291.975 44
1292.056 42
1292.137 44
1292.218 44
1292.299 44
1292.380 41
1292.461 37
1292.543 33
1292.624 31
1292.705 32
1292.786 30
1292.867 27
1292.948 22
1293.030 20
1293.111 22
1293.192 18
1293.273 23
1293.354 25
1293.435 31
1293.517 37
1293.598 37
1293.679 45
1293.760 44
1293.841 40
1293.923 41
1294.004 36
1294.085 34
1294.166 36
1294.247 40
1294.329 45
1294.410 57
1294.491 76
1294.572 115
1294.653 197
1294.735 285
1294.816 397
1294.897 489
1294.978 567
1295.059 631
1295.141 670
1295.222 692
1295.303 670
1295.384 661
1295.466 611
1295.547 609
1295.628 634
1295.709 651
1295.791 721
1295.872 771
1295.953 810
1296.034 839
1296.116 857
1296.197 839
1296.278 796
1296.359 759
1296.441 691
1296.522 655
1296.603 656
1296.685 663
1296.766 697
1296.847 705
1296.928 707
1297.010 691
1297.091 683
1297.172 666
1297.254 650
1297.335 630
1297.416 593
1297.497 563
1297.579 527
1297.660 492
1297.741 466
1297.823 452
1297.904 435
1297.985 415
1298.067 400
1298.148 374
1298.229 350
1298.311 318
1298.392 291
1298.473 266
1298.555 263
1298.636 261
1298.717 255
1298.799 249
1298.880 241
1298.961 227
1299.043 211
1299.124 196
1299.205 185
1299.287 169
1299.368 163
1299.450 149
1299.531 142
1299.612 134
1299.694 121
1299.775 119
1299.856 116
1299.938 117
1300.019 115
1300.101 112
1300.182 112
1300.263 114
1300.345 115
1300.426 107
1300.508 104
1300.589 94
1300.670 85
1300.752 82
1300.833 80
1300.915 77
1300.996 75
1301.077 70
1301.159 65
1301.240 61
1301.322 61
1301.403 59
1301.485 64
1301.566 70
1301.647 63
1301.729 63
1301.810 61
1301.892 59
1301.973 64
1302.055 68
1302.136 66
1302.218 65
1302.299 58
1302.380 54
1302.462 55
1302.543 60
1302.625 61
1302.706 59
1302.788 63
1302.869 62
1302.951 62
1303.032 67
1303.114 65
1303.195 60
1303.277 61
1303.358 54
1303.440 51
1303.521 46
1303.603 44
1303.684 43
1303.766 43
1303.847 41
1303.929 41
1304.010 40
1304.092 40
1304.173 39
1304.255 40
1304.336 43
1304.418 43
1304.499 40
1304.581 40
1304.662 36
1304.744 33
1304.825 31
1304.907 35
1304.989 33
1305.070 36
1305.152 43
1305.233 38
1305.315 40
1305.396 42
1305.478 37
1305.559 38
1305.641 38
1305.723 32
1305.804 26
1305.886 18
1305.967 17
1306.049 16
1306.130 20
1306.212 23
1306.294 25
1306.375 25
1306.457 28
1306.538 31
1306.620 29
1306.702 26
1306.783 30
1306.865 27
1306.946 23
1307.028 26
1307.110 21
1307.191 20
1307.273 20
1307.354 19
1307.436 18
1307.518 21
1307.599 28
1307.681 33
1307.763 33
1307.844 31
1307.926 28
1308.007 29
1308.089 29
1308.171 32
1308.252 31
1308.334 27
1308.416 27
1308.497 26
1308.579 25
1308.661 23
1308.742 24
1308.824 23
1308.906 25
1308.987 25
1309.069 25
1309.151 27
1309.232 22
1309.314 20
1309.396 24
1309.477 25
1309.559 30
1309.641 34
1309.722 35
1309.804 35
1309.886 30
1309.968 26
1310.049 23
1310.131 21
1310.213 18
1310.294 19
1310.376 21
1310.458 23
1310.540 29
1310.621 31
1310.703 30
1310.785 34
1310.866 42
1310.948 48
1311.030 50
1311.112 56
1311.193 64
1311.275 69
1311.357 78
1311.439 75
1311.520 80
1311.602 76
1311.684 72
1311.766 74
1311.847 81
1311.929 86
1312.011 91
1312.093 100
1312.174 107
1312.256 108
1312.338 109
1312.420 99
1312.502 90
1312.583 80
1312.665 73
1312.747 68
1312.829 64
1312.910 62
1312.992 58
1313.074 62
1313.156 56
1313.238 54
1313.320 49
1313.401 43
1313.483 45
1313.565 45
1313.647 45
1313.729 44
1313.810 44
1313.892 42
1313.974 43
1314.056 43
1314.138 39
1314.220 38
1314.301 35
1314.383 36
1314.465 37
1314.547 37
1314.629 34
1314.711 35
1314.792 36
1314.874 38
1314.956 38
1315.038 43
1315.120 47
1315.202 42
1315.284 42
1315.366 35
1315.447 28
1315.529 31
1315.611 26
1315.693 25
1315.775 25
1315.857 24
1315.939 27
1316.021 30
1316.102 30
1316.184 30
1316.266 30
1316.348 30
1316.430 34
1316.512 35
1316.594 37
1316.676 37
1316.758 35
1316.840 32
1316.922 27
1317.003 25
1317.085 21
1317.167 22
1317.249 23
1317.331 25
1317.413 23
1317.495 25
1317.577 27
1317.659 26
1317.741 35
1317.823 41
1317.905 40
1317.987 38
1318.069 33
1318.151 29
1318.233 29
1318.315 33
1318.397 44
1318.479 75
1318.561 115
1318.642 180
1318.724 259
1318.806 351
1318.888 439
1318.970 537
1319.052 590
1319.134 608
1319.216 613
1319.298 585
1319.380 585
1319.462 567
1319.544 560
1319.626 572
1319.708 605
1319.790 661
1319.872 711
1319.954 772
1320.036 798
1320.118 793
1320.201 789
1320.283 746
1320.365 713
1320.447 689
1320.529 678
1320.611 654
1320.693 643
1320.775 642
1320.857 634
1320.939 655
1321.021 661
1321.103 656
1321.185 640
1321.267 625
1321.349 614
1321.431 605
1321.513 590
1321.595 544
1321.677 507
1321.759 481
1321.842 452
1321.924 436
1322.006 425
1322.088 413
1322.170 408
1322.252 396
1322.334 372
1322.416 352
1322.498 327
1322.580 290
1322.662 269
1322.745 247
1322.827 227
1322.909 220
1322.991 202
1323.073 198
1323.155 187
1323.237 185
1323.319 176
1323.401 168
1323.484 162
1323.566 149
1323.648 135
1323.730 123
1323.812 112
1323.894 104
1323.976 90
1324.059 86
1324.141 85
1324.223 85
1324.305 90
1324.387 90
1324.469 93
1324.552 94
1324.634 89
1324.716 86
1324.798 83
1324.880 78
1324.962 81
1325.045 79
1325.127 80
1325.209 75
1325.291 68
1325.373 61
1325.455 50
1325.538 46
1325.620 39
1325.702 41
1325.784 40
1325.866 43
1325.949 48
1326.031 48
1326.113 46
1326.195 50
1326.277 48
1326.360 47
1326.442 51
1326.524 48
1326.606 49
1326.689 52
1326.771 54
1326.853 60
1326.935 61
1327.018 63
1327.100 59
1327.182 52
1327.264 49
1327.347 48
1327.429 42
1327.511 42
1327.593 36
1327.676 34
1327.758 34
1327.840 38
1327.922 44
1328.005 50
1328.087 53
1328.169 56
1328.251 61
1328.334 57
1328.416 56
1328.498 50
1328.581 42
1328.663 42
1328.745 42
1328.827 42
1328.910 43
1328.992 42
1329.074 43
1329.157 44
1329.239 43
1329.321 42
1329.404 45
1329.486 49
1329.568 50
1329.651 46
1329.733 42
1329.815 41
1329.898 38
1329.980 38
1330.062 38
1330.145 37
1330.227 36
1330.309 35
1330.392 35
1330.474 30
1330.556 24
1330.639 24
1330.721 24
1330.803 26
1330.886 31
1330.968 28
1331.050 24
1331.133 27
1331.215 25
1331.298 28
1331.380 34
1331.462 36
1331.545 41
1331.627 38
1331.709 35
1331.792 32
1331.874 29
1331.957 31
1332.039 32
1332.121 31
1332.204 29
1332.286 27
1332.369 30
1332.451 31
1332.533 33
1332.616 33
1332.698 29
1332.781 27
1332.863 28
1332.946 28
1333.028 30
1333.110 33
1333.193 32
1333.275 29
1333.358 26
1333.440 22
1333.523 21
1333.605 20
1333.688 16
1333.770 14
1333.852 12
1333.935 12
1334.017 13
1334.100 14
1334.182 14
1334.265 17
1334.347 19
1334.430 20
1334.512 20
1334.595 20
1334.677 24
1334.760 29
1334.842 36
1334.925 36
1335.007 40
1335.090 39
1335.172 40
1335.255 45
1335.337 48
1335.420 51
1335.502 57
1335.585 64
1335.667 70
1335.750 71
1335.832 72
1335.915 75
1335.997 81
1336.080 82
1336.162 84
1336.245 82
1336.327 78
1336.410 76
1336.492 67
1336.575 60
1336.657 53
1336.740 48
1336.823 41
1336.905 47
1336.988 47
1337.070 51
1337.153 51
1337.235 48
1337.318 50
1337.400 48
1337.483 49
1337.566 50
1337.648 54
1337.731 55
1337.813 57
1337.896 55
1337.978 57
1338.061 63
1338.144 57
1338.226 56
1338.309 55
1338.391 49
1338.474 43
1338.557 50
1338.639 51
1338.722 54
1338.804 61
1338.887 58
1338.970 58
1339.052 58
1339.135 54
1339.218 48
1339.300 38
1339.383 26
1339.465 20
1339.548 20
1339.631 21
1339.713 23
1339.796 30
1339.879 31
1339.961 34
1340.044 36
1340.127 40
1340.209 39
1340.292 40
1340.375 40
1340.457 34
1340.540 33
1340.623 33
1340.705 27
1340.788 27
1340.871 25
1340.953 26
1341.036 24
1341.119 26
1341.201 26
1341.284 28
1341.367 26
1341.449 24
1341.532 28
1341.615 29
1341.697 30
1341.780 32
1341.863 28
1341.946 25
1342.028 23
1342.111 25
1342.194 28
1342.276 35
1342.359 45
1342.442 72
1342.525 129
1342.607 193
1342.690 278
1342.773 369
1342.855 460
1342.938 543
1343.021 620
1343.104 678
1343.186 684
1343.269 688
1343.352 656
1343.435 643
1343.517 651
1343.600 660
1343.683 696
1343.766 735
1343.849 801
1343.931 859
1344.014 906
1344.097 909
1344.180 866
1344.262 823
1344.345 767
1344.428 737
1344.511 724
1344.594 721
1344.676 691
1344.759 684
1344.842 681
1344.925 680
1345.008 705
1345.090 709
1345.173 694
1345.256 678
1345.339 627
1345.422 602
1345.504 572
1345.587 540
1345.670 509
1345.753 481
1345.836 466
1345.919 437
1346.001 437
1346.084 417
1346.167 409
1346.250 405
1346.333 374
1346.416 359
1346.498 339
1346.581 320
1346.664 295
1346.747 266
1346.830 246
1346.913 225
1346.996 217
1347.078 205
1347.161 203
1347.244 195
1347.327 187
1347.410 180
1347.493 174
1347.576 164
1347.659 157
1347.742 149
1347.824 142
1347.907 133
1347.990 129
1348.073 122
1348.156 118
1348.239 115
1348.322 106
1348.405 96
1348.488 90
1348.571 82
1348.653 80
1348.736 75
1348.819 73
1348.902 72
1348.985 72
1349.068 65
1349.151 64
1349.234 65
1349.317 57
1349.400 58
1349.483 56
1349.566 49
1349.649 53
1349.732 50
1349.815 51
1349.898 56
1349.981 52
1350.064 55
1350.146 55
1350.229 54
1350.312 58
1350.395 66
1350.478 71
1350.561 71
1350.644 77
1350.727 72
1350.810 69
1350.893 74
1350.976 67
1351.059 58
1351.142 55
1351.225 48
1351.308 45
1351.391 50
1351.474 49
1351.557 52
1351.640 48
1351.723 38
1351.806 36
1351.889 31
1351.972 32
1352.055 37
1352.138 43
1352.221 45
1352.304 50
1352.387 63
1352.471 60
1352.554 62
1352.637 56
1352.720 52
1352.803 49
1352.886 44
1352.969 46
1353.052 42
1353.135 44
1353.218 45
1353.301 44
1353.384 40
1353.467 37
1353.550 32
1353.633 34
1353.716 37
1353.799 36
1353.883 33
1353.966 32
1354.049 35
1354.132 39
1354.215 46
1354.298 45
1354.381 46
1354.464 44
1354.547 43
1354.630 41
1354.714 36
1354.797 35
1354.880 38
1354.963 38
1355.046 38
1355.129 38
1355.212 38
1355.295 39
1355.378 35
1355.462 34
1355.545 28
1355.628 32
1355.711 38
1355.794 40
1355.877 45
1355.960 45
1356.044 45
1356.127 43
1356.210 41
1356.293 41
1356.376 42
1356.459 45
1356.543 40
1356.626 36
1356.709 31
1356.792 31
1356.875 37
1356.958 36
1357.042 39
1357.125 38
1357.208 35
1357.291 30
1357.374 37
1357.458 38
1357.541 39
1357.624 39
1357.707 39
1357.790 36
1357.874 34
1357.957 32
1358.040 34
1358.123 34
1358.206 33
1358.290 29
1358.373 21
1358.456 20
1358.539 23
1358.622 30
1358.706 32
1358.789 33
1358.872 38
1358.955 43
1359.039 53
1359.122 59
1359.205 65
1359.288 68
1359.372 71
1359.455 74
1359.538 74
1359.621 74
1359.705 72
1359.788 69
1359.871 66
1359.954 71
1360.038 67
1360.121 64
1360.204 66
1360.288 60
1360.371 60
1360.454 63
1360.537 64
1360.621 61
1360.704 60
1360.787 58
1360.871 55
1360.954 60
1361.037 62
1361.121 60
1361.204 57
1361.287 49
1361.370 42
1361.454 43
1361.537 44
1361.620 48
1361.704 50
1361.787 52
1361.870 54
1361.954 52
1362.037 45
1362.120 45
1362.204 46
1362.287 46
1362.370 51
1362.454 48
1362.537 45
1362.621 40
1362.704 42
1362.787 40
1362.871 35
1362.954 34
1363.037 27
1363.121 24
1363.204 22
1363.287 26
1363.371 27
1363.454 28
1363.538 30
1363.621 31
1363.704 31
1363.788 33
1363.871 31
1363.955 35
1364.038 38
1364.121 40
1364.205 41
1364.288 40
1364.372 46
1364.455 50
1364.538 49
1364.622 49
1364.705 50
1364.789 46
1364.872 48
1364.955 46
1365.039 38
1365.122 37
1365.206 37
1365.289 32
1365.373 26
1365.456 22
1365.540 20
1365.623 18
1365.706 18
1365.790 22
1365.873 24
1365.957 29
1366.040 31
1366.124 36
1366.207 35
1366.291 48
1366.374 71
1366.458 106
1366.541 155
1366.625 215
1366.708 281
1366.792 358
1366.875 426
1366.958 501
1367.042 545
1367.125 577
1367.209 600
1367.292 582
1367.376 590
1367.459 578
1367.543 575
1367.626 591
1367.710 610
1367.794 637
1367.877 650
1367.961 698
1368.044 708
1368.128 701
1368.211 698
1368.295 648
1368.378 631
1368.462 611
1368.545 600
1368.629 594
1368.712 594
1368.796 615
1368.879 625
1368.963 656
1369.047 662
1369.130 643
1369.214 625
1369.297 585
1369.381 565
1369.464 529
1369.548 489
1369.631 443
1369.715 412
1369.799 392
1369.882 370
1369.966 365
1370.049 343
1370.133 335
1370.217 327
1370.300 308
1370.384 292
1370.467 276
1370.551 263
1370.635 243
1370.718 227
1370.802 212
1370.885 195
1370.969 198
1371.053 193
1371.136 194
1371.220 193
1371.303 188
1371.387 185
1371.471 174
1371.554 156
1371.638 147
1371.722 130
1371.805 119
1371.889 114
1371.973 105
1372.056 99
1372.140 96
1372.223 89
1372.307 82
1372.391 73
1372.474 73
1372.558 73
1372.642 75
1372.725 78
1372.809 77
1372.893 76
1372.976 71
1373.060 72
1373.144 69
1373.227 67
1373.311 59
1373.395 57
1373.479 58
1373.562 58
1373.646 61
1373.730 57
1373.813 52
1373.897 46
1373.981 43
1374.064 40
1374.148 40
1374.232 43
1374.316 46
1374.399 45
1374.483 44
1374.567 45
1374.650 44
1374.734 44
1374.818 44
1374.902 44
1374.985 50
1375.069 51
1375.153 51
1375.237 54
1375.320 53
1375.404 51
1375.488 51
1375.572 45
1375.655 44
1375.739 44
1375.823 49
1375.907 56
1375.990 63
1376.074 71
1376.158 75
1376.242 76
1376.326 72
1376.409 69
1376.493 62
1376.577 59
1376.661 55
1376.744 49
1376.828 48
1376.912 47
1376.996 52
1377.080 50
1377.163 53
1377.247 53
1377.331 47
1377.415 42
1377.499 35
1377.583 32
1377.666 29
1377.750 31
1377.834 32
1377.918 31
1378.002 34
1378.086 35
1378.169 36
1378.253 34
1378.337 35
1378.421 35
1378.505 34
1378.589 37
1378.672 34
1378.756 29
1378.840 30
1378.924 34
1379.008 40
1379.092 43
1379.176 42
1379.259 44
1379.343 39
1379.427 37
1379.511 40
1379.595 38
1379.679 42
1379.763 43
1379.847 41
1379.930 44
1380.014 36
1380.098 41
1380.182 41
1380.266 38
1380.350 40
1380.434 35
1380.518 38
1380.602 36
1380.686 32
1380.770 36
1380.853 35
1380.937 32
1381.021 39
1381.105 44
1381.189 40
1381.273 37
1381.357 27
1381.441 20
1381.525 19
1381.609 20
1381.693 18
1381.777 19
1381.861 21
1381.945 19
1382.029 30
1382.113 30
1382.197 30
1382.280 32
1382.364 28
1382.448 26
1382.532 25
1382.616 23
1382.700 20
1382.784 19
1382.868 19
1382.952 20
1383.036 20
1383.120 23
1383.204 25
1383.288 30
1383.372 35
1383.456 37
1383.540 38
1383.624 38
1383.708 49
1383.792 55
1383.876 56
1383.960 60
1384.044 53
1384.128 55
1384.212 61
1384.296 65
1384.380 66
1384.464 74
1384.548 73
1384.632 75
1384.717 76
1384.801 77
1384.885 81
1384.969 75
1385.053 81
1385.137 75
1385.221 75
1385.305 78
1385.389 74
1385.473 74
1385.557 72
1385.641 75
1385.725 68
1385.809 63
1385.893 57
1385.977 46
1386.061 42
1386.146 33
1386.230 32
1386.314 30
1386.398 30
1386.482 34
1386.566 38
1386.650 38
1386.734 42
1386.818 39
1386.902 40
1386.987 43
1387.071 38
1387.155 38
1387.239 33
1387.323 34
1387.407 31
1387.491 32
1387.575 31
1387.659 25
1387.744 28
1387.828 27
1387.912 33
1387.996 34
1388.080 34
1388.164 34
1388.248 32
1388.333 33
1388.417 40
1388.501 42
1388.585 43
1388.669 44
1388.753 39
1388.838 35
1388.922 32
1389.006 30
1389.090 26
1389.174 21
1389.258 19
1389.343 18
1389.427 18
1389.511 22
1389.595 22
1389.679 26
1389.764 25
1389.848 27
1389.932 36
1390.016 42
1390.100 49
1390.185 63
1390.269 76
1390.353 94
1390.437 126
1390.521 169
1390.606 246
1390.690 308
1390.774 393
1390.858 449
1390.943 491
1391.027 534
1391.111 553
1391.195 582
1391.279 582
1391.364 595
1391.448 569
1391.532 580
1391.616 608
1391.701 642
1391.785 718
1391.869 753
1391.953 768
1392.038 781
1392.122 771
1392.206 754
1392.291 725
1392.375 708
1392.459 668
1392.543 663
1392.628 677
1392.712 689
1392.796 721
1392.881 733
1392.965 741
1393.049 743
1393.133 723
1393.218 702
1393.302 679
1393.386 664
1393.471 623
1393.555 593
1393.639 551
1393.724 505
1393.808 477
1393.892 447
1393.977 429
1394.061 406
1394.145 387
1394.230 372
1394.314 350
1394.398 330
1394.483 306
1394.567 287
1394.651 270
1394.736 254
1394.820 252
1394.904 233
1394.989 236
1395.073 233
1395.157 230
1395.242 233
1395.326 216
1395.410 197
1395.495 176
1395.579 159
1395.664 149
1395.748 140
1395.832 138
1395.917 130
1396.001 129
1396.085 124
1396.170 117
1396.254 112
1396.339 110
1396.423 106
1396.507 101
1396.592 93
1396.676 88
1396.761 87
1396.845 84
1396.929 87
1397.014 83
1397.098 79
1397.183 79
1397.267 77
1397.352 80
1397.436 82
1397.520 80
1397.605 77
1397.689 78
1397.774 76
1397.858 78
1397.943 77
1398.027 71
1398.112 69
1398.196 64
1398.280 59
1398.365 56
1398.449 51
1398.534 55
1398.618 55
1398.703 56
1398.787 59
1398.872 62
1398.956 65
1399.041 67
1399.125 72
1399.210 70
1399.294 72
1399.379 71
1399.463 66
1399.548 66
1399.632 61
1399.717 64
1399.801 69
1399.886 71
1399.970 73
1400.055 75
1400.139 74
1400.224 70
1400.308 68
1400.393 68
1400.477 68
1400.562 64
1400.646 61
1400.731 57
1400.815 57
1400.900 56
1400.984 56
1401.069 54
1401.153 49
1401.238 56
1401.323 62
1401.407 62
1401.492 61
1401.576 60
1401.661 49
1401.745 48
1401.830 49
1401.914 47
1401.999 43
1402.084 44
1402.168 46
1402.253 43
1402.337 35
1402.422 29
1402.507 22
1402.591 24
1402.676 26
1402.760 26
1402.845 28
1402.929 25
1403.014 19
1403.099 19
1403.183 18
1403.268 18
1403.353 20
1403.437 21
1403.522 21
1403.606 21
1403.691 23
1403.776 26
1403.860 24
1403.945 29
1404.029 30
1404.114 29
1404.199 29
1404.283 27
1404.368 25
1404.453 26
1404.537 27
1404.622 26
1404.707 22
1404.791 19
1404.876 17
1404.961 15
1405.045 15
1405.130 17
1405.215 16
1405.299 19
1405.384 26
1405.469 29
1405.553 34
1405.638 43
1405.723 42
1405.807 43
1405.892 44
1405.977 39
1406.061 38
1406.146 35
1406.231 31
1406.316 32
1406.400 35
1406.485 38
1406.570 41
1406.654 48
1406.739 52
1406.824 65
1406.909 80
1406.993 84
1407.078 92
1407.163 89
1407.247 95
1407.332 86
1407.417 80
1407.502 75
1407.586 66
1407.671 66
1407.756 70
1407.841 71
1407.925 67
1408.010 74
1408.095 77
1408.180 85
1408.264 92
1408.349 84
1408.434 83
1408.519 78
1408.603 76
1408.688 82
1408.773 88
1408.858 90
1408.943 85
1409.027 87
1409.112 91
1409.197 95
1409.282 100
1409.367 99
1409.451 93
1409.536 86
1409.621 79
1409.706 70
1409.791 61
1409.875 56
1409.960 53
1410.045 52
1410.130 48
1410.215 47
1410.299 44
1410.384 40
1410.469 38
1410.554 37
1410.639 34
1410.724 30
1410.808 30
1410.893 30
1410.978 31
1411.063 34
1411.148 33
1411.233 36
1411.318 37
1411.402 40
1411.487 50
1411.572 50
1411.657 50
1411.742 42
1411.827 45
1411.912 42
1411.996 36
1412.081 30
1412.166 20
1412.251 17
1412.336 15
1412.421 20
1412.506 22
1412.591 24
1412.676 26
1412.760 26
1412.845 24
1412.930 27
1413.015 30
1413.100 36
1413.185 39
1413.270 40
1413.355 43
1413.440 38
1413.525 43
1413.610 41
1413.695 36
1413.779 33
1413.864 30
1413.949 32
1414.034 42
1414.119 48
1414.204 59
1414.289 76
1414.374 92
1414.459 116
1414.544 159
1414.629 208
1414.714 261
1414.799 319
1414.884 352
1414.969 382
1415.054 411
1415.139 430
1415.224 447
1415.309 447
1415.394 457
1415.479 456
1415.564 491
1415.649 521
1415.734 550
1415.819 599
1415.904 616
1415.989 630
1416.074 641
1416.159 627
1416.244 614
1416.329 591
1416.414 579
1416.499 557
1416.584 551
1416.669 550
1416.754 539
1416.839 557
1416.924 555
1417.009 558
1417.094 560
1417.179 546
1417.264 523
1417.349 500
1417.434 469
1417.519 434
1417.604 413
1417.689 389
1417.774 360
1417.859 350
1417.944 343
1418.029 334
1418.114 333
1418.199 338
1418.284 328
1418.370 320
1418.455 316
1418.540 289
1418.625 274
1418.710 261
1418.795 238
1418.880 228
1418.965 208
1419.050 201
1419.135 185
1419.220 173
1419.305 168
1419.391 164
1419.476 161
1419.561 153
1419.646 147
1419.731 140
1419.816 137
1419.901 126
1419.986 112
1420.071 102
1420.157 91
1420.242 89
1420.327 93
1420.412 96
1420.497 94
1420.582 96
1420.667 102
1420.753 100
1420.838 95
1420.923 92
1421.008 88
1421.093 87
1421.178 83
1421.263 76
1421.349 67
1421.434 60
1421.519 59
1421.604 58
1421.689 53
1421.774 52
1421.860 51
1421.945 51
1422.030 48
1422.115 49
1422.200 48
1422.286 45
1422.371 51
1422.456 53
1422.541 54
1422.626 55
1422.712 53
1422.797 51
1422.882 56
1422.967 57
1423.052 61
1423.138 62
1423.223 57
1423.308 59
1423.393 54
1423.479 53
1423.564 56
1423.649 55
1423.734 56
1423.819 55
1423.905 56
1423.990 53
1424.075 47
1424.160 48
1424.246 48
1424.331 48
1424.416 52
1424.501 49
1424.587 48
1424.672 46
1424.757 42
1424.842 42
1424.928 39
1425.013 43
1425.098 45
1425.184 48
1425.269 54
1425.354 51
1425.439 42
1425.525 38
1425.610 34
1425.695 37
1425.781 37
1425.866 34
1425.951 30
1426.036 27
1426.122 26
1426.207 28
1426.292 32
1426.378 38
1426.463 37
1426.548 42
1426.634 47
1426.719 52
1426.804 55
1426.890 54
1426.975 49
1427.060 55
1427.146 49
1427.231 50
1427.316 52
1427.402 51
1427.487 55
1427.572 53
1427.658 50
1427.743 50
1427.828 45
1427.914 48
1427.999 55
1428.085 61
1428.170 65
1428.255 62
1428.341 53
1428.426 52
1428.511 48
1428.597 46
1428.682 45
1428.768 45
1428.853 40
1428.938 47
1429.024 58
1429.109 60
1429.195 68
1429.280 64
1429.365 55
1429.451 53
1429.536 50
1429.622 47
1429.707 49
1429.792 44
1429.878 42
1429.963 43
1430.049 41
1430.134 41
1430.220 38
1430.305 37
1430.390 35
1430.476 33
1430.561 43
1430.647 48
1430.732 56
1430.818 60
1430.903 61
1430.989 62
1431.074 69
1431.159 71
1431.245 74
1431.330 71
1431.416 70
1431.501 64
1431.587 60
1431.672 63
1431.758 65
1431.843 69
1431.929 74
1432.014 78
1432.100 85
1432.185 89
1432.271 90
1432.356 85
1432.442 75
1432.527 73
1432.613 68
1432.698 71
1432.784 73
1432.869 70
1432.955 78
1433.040 76
1433.126 73
1433.211 65
1433.297 60
1433.382 59
1433.468 58
1433.553 62
1433.639 57
1433.724 56
1433.810 55
1433.896 55
1433.981 50
1434.067 51
1434.152 54
1434.238 53
1434.323 60
1434.409 60
1434.494 61
1434.580 58
1434.666 50
1434.751 55
1434.837 56
1434.922 63
1435.008 68
1435.093 63
1435.179 55
1435.265 48
1435.350 40
1435.436 38
1435.521 39
1435.607 38
1435.693 36
1435.778 40
1435.864 40
1435.949 41
1436.035 45
1436.121 43
1436.206 37
1436.292 35
1436.377 36
1436.463 36
1436.549 35
1436.634 37
1436.720 36
1436.806 38
1436.891 42
1436.977 45
1437.062 43
1437.148 41
1437.234 34
1437.319 32
1437.405 29
1437.491 26
1437.576 27
1437.662 30
1437.748 33
1437.833 33
1437.919 35
1438.005 33
1438.090 34
1438.176 42
1438.262 54
1438.347 71
1438.433 97
1438.519 133
1438.604 178
1438.690 230
1438.776 275
1438.861 316
1438.947 347
1439.033 381
1439.119 403
1439.204 397
1439.290 403
1439.376 376
1439.461 380
1439.547 402
1439.633 421
1439.719 465
1439.804 497
1439.890 527
1439.976 558
1440.061 583
1440.147 594
1440.233 589
1440.319 596
1440.404 561
1440.490 539
1440.576 517
1440.662 491
1440.747 485
1440.833 477
1440.919 483
1441.005 483
1441.090 507
1441.176 524
1441.262 513
1441.348 496
1441.433 455
1441.519 420
1441.605 396
1441.691 367
1441.777 344
1441.862 321
1441.948 311
1442.034 302
1442.120 303
1442.206 305
1442.291 295
1442.377 279
1442.463 257
1442.549 247
1442.635 245
1442.720 237
1442.806 228
1442.892 214
1442.978 206
1443.064 194
1443.149 195
1443.235 192
1443.321 183
1443.407 176
1443.493 166
1443.579 157
1443.664 151
1443.750 144
1443.836 138
1443.922 130
1444.008 125
1444.094 120
1444.179 116
1444.265 111
1444.351 108
1444.437 106
1444.523 101
1444.609 96
1444.695 90
1444.781 82
1444.866 75
1444.952 65
1445.038 63
1445.124 58
1445.210 60
1445.296 60
1445.382 60
1445.468 59
1445.554 65
1445.639 65
1445.725 65
1445.811 68
1445.897 67
1445.983 65
1446.069 61
1446.155 53
1446.241 48
1446.327 40
1446.413 38
1446.499 35
1446.584 36
1446.670 37
1446.756 41
1446.842 42
1446.928 45
1447.014 48
1447.100 48
1447.186 52
1447.272 51
1447.358 50
1447.444 48
1447.530 48
1447.616 47
1447.702 49
1447.788 51
1447.874 57
1447.960 58
1448.046 58
1448.132 60
1448.218 58
1448.304 58
1448.390 56
1448.476 54
1448.561 51
1448.647 51
1448.733 50
1448.819 49
1448.905 50
1448.991 47
1449.077 43
1449.163 43
1449.249 43
1449.335 41
1449.422 41
1449.508 39
1449.594 44
1449.680 41
1449.766 41
1449.852 43
1449.938 42
1450.024 43
1450.110 41
1450.196 41
1450.282 36
1450.368 32
1450.454 33
1450.540 29
1450.626 26
1450.712 31
1450.798 32
1450.884 38
1450.970 48
1451.056 56
1451.142 63
1451.228 62
1451.314 61
1451.401 55
1451.487 50
1451.573 49
1451.659 49
1451.745 50
1451.831 50
1451.917 53
1452.003 49
1452.089 48
1452.175 49
1452.261 47
1452.347 45
1452.434 41
1452.520 42
1452.606 38
1452.692 33
1452.778 36
1452.864 34
1452.950 41
1453.036 44
1453.122 40
1453.209 39
1453.295 38
1453.381 33
1453.467 35
1453.553 31
1453.639 31
1453.725 33
1453.812 32
1453.898 34
1453.984 37
1454.070 40
1454.156 40
1454.242 41
1454.328 42
1454.415 46
1454.501 44
1454.587 46
1454.673 45
1454.759 47
1454.846 47
1454.932 44
1455.018 46
1455.104 48
1455.190 49
1455.276 42
1455.363 41
1455.449 38
1455.535 39
1455.621 48
1455.707 55
1455.794 61
1455.880 65
1455.966 62
1456.052 59
1456.138 57
1456.225 56
1456.311 56
1456.397 54
1456.483 54
1456.570 47
1456.656 44
1456.742 48
1456.828 49
1456.915 57
1457.001 60
1457.087 64
1457.173 69
1457.259 68
1457.346 63
1457.432 61
1457.518 59
1457.605 62
1457.691 54
1457.777 48
1457.863 46
1457.950 43
1458.036 44
1458.122 49
1458.208 46
1458.295 40
1458.381 43
1458.467 38
1458.554 39
1458.640 36
1458.726 35
1458.812 35
1458.899 31
1458.985 34
1459.071 33
1459.158 36
1459.244 42
1459.330 39
1459.417 45
1459.503 46
1459.589 44
1459.676 39
1459.762 34
1459.848 33
1459.934 30
1460.021 32
1460.107 35
1460.193 35
1460.280 35
1460.366 37
1460.453 34
1460.539 34
1460.625 36
1460.712 33
1460.798 33
1460.884 33
1460.971 31
1461.057 30
1461.143 36
1461.230 32
1461.316 26
1461.402 22
1461.489 18
1461.575 19
1461.662 23
1461.748 25
1461.834 28
1461.921 27
1462.007 32
1462.094 37
1462.180 44
1462.266 67
1462.353 101
1462.439 136
1462.526 180
1462.612 225
1462.698 258
1462.785 297
1462.871 315
1462.958 331
1463.044 355
1463.130 365
1463.217 384
1463.303 395
1463.390 408
1463.476 412
1463.563 428
1463.649 460
1463.736 488
1463.822 543
1463.908 577
1463.995 611
1464.081 632
1464.168 629
1464.254 624
1464.341 599
1464.427 583
1464.514 570
1464.600 550
1464.687 544
1464.773 534
1464.860 537
1464.946 522
1465.033 515
1465.119 509
1465.205 486
1465.292 487
1465.378 471
1465.465 461
1465.551 438
1465.638 426
1465.724 408
1465.811 389
1465.897 378
1465.984 367
1466.071 354
1466.157 348
1466.244 327
1466.330 305
1466.417 287
1466.503 255
1466.590 228
1466.676 203
1466.763 189
1466.849 182
1466.936 178
1467.022 172
1467.109 169
1467.195 170
1467.282 174
1467.369 173
1467.455 168
1467.542 159
1467.628 152
1467.715 150
1467.801 141
1467.888 133
1467.974 126
1468.061 128
1468.148 126
1468.234 123
1468.321 111
1468.407 102
1468.494 99
1468.581 96
1468.667 95
1468.754 87
1468.840 88
1468.927 89
1469.014 86
1469.100 81
1469.187 77
1469.273 71
1469.360 62
1469.447 62
1469.533 65
1469.620 71
1469.706 72
1469.793 73
1469.880 74
1469.966 77
1470.053 84
1470.140 88
1470.226 85
1470.313 84
1470.399 76
1470.486 72
1470.573 68
1470.659 61
1470.746 65
1470.833 61
1470.919 61
1471.006 60
1471.093 51
1471.179 53
1471.266 52
1471.353 54
1471.439 53
1471.526 49
1471.613 47
1471.699 47
1471.786 44
1471.873 40
1471.960 41
1472.046 39
1472.133 41
1472.220 44
1472.306 44
1472.393 42
1472.480 42
1472.566 47
1472.653 47
1472.740 49
1472.827 49
1472.913 47
1473.000 48
1473.087 47
1473.173 47
1473.260 44
1473.347 45
1473.434 48
1473.520 54
1473.607 52
1473.694 51
1473.781 49
1473.867 44
1473.954 39
1474.041 33
1474.128 25
1474.214 23
1474.301 24
1474.388 24
1474.475 26
1474.561 27
1474.648 31
1474.735 32
1474.822 33
1474.909 36
1474.995 31
1475.082 31
1475.169 38
1475.256 37
1475.342 40
1475.429 40
1475.516 39
1475.603 38
1475.690 36
1475.776 34
1475.863 27
1475.950 28
1476.037 31
1476.124 38
1476.211 44
1476.297 44
1476.384 53
1476.471 54
1476.558 55
1476.645 52
1476.731 40
1476.818 36
1476.905 37
1476.992 38
1477.079 48
1477.166 52
1477.253 53
1477.339 56
1477.426 53
1477.513 50
1477.600 45
1477.687 42
1477.774 34
1477.861 35
1477.947 33
1478.034 36
1478.121 35
1478.208 33
1478.295 35
1478.382 34
1478.469 37
1478.556 43
1478.642 47
1478.729 53
1478.816 58
1478.903 62
1478.990 71
1479.077 69
1479.164 66
1479.251 63
1479.338 61
1479.425 60
1479.511 59
1479.598 60
1479.685 54
1479.772 60
1479.859 68
1479.946 66
1480.033 65
1480.120 62
1480.207 62
1480.294 62
1480.381 61
1480.468 55
1480.555 54
1480.642 58
1480.729 63
1480.816 67
1480.903 66
1480.989 64
1481.076 66
1481.163 68
1481.250 64
1481.337 64
1481.424 63
1481.511 62
1481.598 53
1481.685 48
1481.772 44
1481.859 40
1481.946 37
1482.033 39
1482.120 39
1482.207 45
1482.294 51
1482.381 54
1482.468 56
1482.555 53
1482.642 52
1482.729 49
1482.816 48
1482.903 47
1482.990 43
1483.077 40
1483.164 40
1483.251 41
1483.338 41
1483.425 44
1483.512 47
1483.599 50
1483.687 56
1483.774 52
1483.861 49
1483.948 46
1484.035 40
1484.122 43
1484.209 43
1484.296 43
1484.383 37
1484.470 35
1484.557 33
1484.644 29
1484.731 32
1484.818 32
1484.905 28
1484.992 26
1485.080 22
1485.167 21
1485.254 20
1485.341 21
1485.428 23
1485.515 26
1485.602 25
1485.689 23
1485.776 23
1485.863 20
1485.950 22
1486.038 24
1486.125 28
1486.212 41
1486.299 57
1486.386 84
1486.473 115
1486.560 154
1486.647 193
1486.735 241
1486.822 276
1486.909 298
1486.996 320
1487.083 327
1487.170 336
1487.257 341
1487.345 348
1487.432 356
1487.519 383
1487.606 402
1487.693 420
1487.780 452
1487.868 460
1487.955 470
1488.042 474
1488.129 480
1488.216 483
1488.303 495
1488.391 511
1488.478 494
1488.565 498
1488.652 481
1488.739 468
1488.827 487
1488.914 498
1489.001 499
1489.088 499
1489.175 483
1489.263 459
1489.350 437
1489.437 418
1489.524 384
1489.611 356
1489.699 334
1489.786 307
1489.873 305
1489.960 292
1490.048 289
1490.135 283
1490.222 272
1490.309 267
1490.396 261
1490.484 252
1490.571 240
1490.658 226
1490.745 208
1490.833 190
1490.920 180
1491.007 164
1491.094 157
1491.182 148
1491.269 134
1491.356 120
1491.444 114
1491.531 102
1491.618 94
1491.705 85
1491.793 96
1491.880 99
1491.967 104
1492.055 108
1492.142 103
1492.229 106
1492.316 104
1492.404 104
1492.491 99
1492.578 95
1492.666 94
1492.753 93
1492.840 92
1492.928 93
1493.015 86
1493.102 78
1493.190 73
1493.277 64
1493.364 64
1493.452 62
1493.539 60
1493.626 62
1493.714 64
1493.801 60
1493.888 63
1493.976 64
1494.063 61
1494.150 60
1494.238 60
1494.325 59
1494.412 58
1494.500 65
1494.587 73
1494.674 73
1494.762 77
1494.849 77
1494.937 69
1495.024 63
1495.111 54
1495.199 49
1495.286 47
1495.373 48
1495.461 51
1495.548 54
1495.636 59
1495.723 62
1495.810 60
1495.898 56
1495.985 52
1496.073 49
1496.160 52
1496.248 48
1496.335 47
1496.422 47
1496.510 47
1496.597 52
1496.685 51
1496.772 53
1496.859 49
1496.947 49
1497.034 48
1497.122 44
1497.209 43
1497.297 45
1497.384 43
1497.472 44
1497.559 49
1497.647 42
1497.734 42
1497.821 42
1497.909 41
1497.996 40
1498.084 39
1498.171 33
1498.259 30
1498.346 27
1498.434 26
1498.521 22
1498.609 22
1498.696 20
1498.784 22
1498.871 25
1498.959 28
1499.046 32
1499.134 33
1499.221 35
1499.309 34
1499.396 27
1499.484 24
1499.571 21
1499.659 26
1499.746 24
1499.834 26
1499.921 25
1500.009 19
1500.096 28
1500.184 30
1500.271 33
1500.359 39
1500.446 34
1500.534 35
1500.622 33
1500.709 25
1500.797 21
1500.884 22
1500.972 20
1501.059 24
1501.147 20
1501.234 18
1501.322 17
1501.410 19
1501.497 24
1501.585 24
1501.672 29
1501.760 23
1501.847 21
1501.935 21
1502.023 24
1502.110 31
1502.198 39
1502.285 43
1502.373 46
1502.461 48
1502.548 44
1502.636 42
1502.723 36
1502.811 37
1502.899 39
1502.986 48
1503.074 57
1503.162 63
1503.249 70
1503.337 68
1503.424 63
1503.512 61
1503.600 59
1503.687 58
1503.775 63
1503.863 64
1503.950 60
1504.038 60
1504.125 60
1504.213 57
1504.301 57
1504.388 56
1504.476 52
1504.564 53
1504.651 56
1504.739 55
1504.827 52
1504.914 55
1505.002 52
1505.090 55
1505.177 60
1505.265 63
1505.353 63
1505.441 61
1505.528 60
1505.616 55
1505.704 55
1505.791 50
1505.879 43
1505.967 43
1506.054 41
1506.142 40
1506.230 43
1506.318 42
1506.405 39
1506.493 39
1506.581 37
1506.668 38
1506.756 38
1506.844 38
1506.932 36
1507.019 35
1507.107 42
1507.195 40
1507.283 36
1507.370 39
1507.458 34
1507.546 33
1507.634 32
1507.721 31
1507.809 31
1507.897 34
1507.985 38
1508.072 37
1508.160 35
1508.248 35
1508.336 35
1508.423 35
1508.511 32
1508.599 34
1508.687 33
1508.775 35
1508.862 40
1508.950 43
1509.038 50
1509.126 48
1509.214 54
1509.301 51
1509.389 45
1509.477 44
1509.565 45
1509.653 44
1509.740 42
1509.828 38
1509.916 30
1510.004 30
1510.092 31
1510.180 39
1510.267 40
1510.355 57
1510.443 73
1510.531 95
1510.619 118
1510.707 137
1510.794 157
1510.882 180
1510.970 194
1511.058 211
1511.146 232
1511.234 241
1511.322 270
1511.409 296
1511.497 311
1511.585 346
1511.673 358
1511.761 356
1511.849 360
1511.937 356
1512.025 347
1512.112 340
1512.200 340
1512.288 330
1512.376 333
1512.464 332
1512.552 329
1512.640 332
1512.728 337
1512.816 345
1512.903 356
1512.991 369
1513.079 367
1513.167 355
1513.255 348
1513.343 325
1513.431 308
1513.519 293
1513.607 279
1513.695 269
1513.783 255
1513.871 246
1513.959 244
1514.047 246
1514.134 242
1514.222 235
1514.310 224
1514.398 206
1514.486 196
1514.574 178
1514.662 157
1514.750 145
1514.838 134
1514.926 125
1515.014 115
1515.102 109
1515.190 93
1515.278 91
1515.366 88
1515.454 87
1515.542 80
1515.630 81
1515.718 82
1515.806 86
1515.894 92
1515.982 96
1516.070 100
1516.158 98
1516.246 99
1516.334 93
1516.422 88
1516.510 80
1516.598 70
1516.686 65
1516.774 58
1516.862 58
1516.950 47
1517.038 47
1517.126 47
1517.214 43
1517.302 46
1517.390 44
1517.478 40
1517.566 40
1517.654 38
1517.742 39
1517.831 39
1517.919 41
1518.007 41
1518.095 40
1518.183 44
1518.271 44
1518.359 50
1518.447 50
1518.535 49
1518.623 46
1518.711 46
1518.799 48
1518.887 52
1518.975 54
1519.064 55
1519.152 56
1519.240 58
1519.328 62
1519.416 58
1519.504 57
1519.592 55
1519.680 49
1519.768 43
1519.856 39
1519.945 35
1520.033 29
1520.121 26
1520.209 25
1520.297 23
1520.385 24
1520.473 27
1520.561 27
1520.650 29
1520.738 31
1520.826 34
1520.914 36
1521.002 41
1521.090 40
1521.179 41
1521.267 41
1521.355 42
1521.443 41
1521.531 39
1521.619 40
1521.707 40
1521.796 39
1521.884 36
1521.972 36
1522.060 38
1522.148 37
1522.237 39
1522.325 40
1522.413 39
1522.501 37
1522.589 35
1522.678 31
1522.766 25
1522.854 25
1522.942 19
1523.030 19
1523.119 20
1523.207 21
1523.295 21
1523.383 25
1523.471 32
1523.560 32
1523.648 34
1523.736 35
1523.824 33
1523.913 41
1524.001 43
1524.089 40
1524.177 34
1524.265 31
1524.354 31
1524.442 32
1524.530 39
1524.618 41
1524.707 37
1524.795 37
1524.883 36
1524.972 38
1525.060 38
1525.148 39
1525.236 40
1525.325 38
1525.413 34
1525.501 36
1525.589 39
1525.678 40
1525.766 47
1525.854 45
1525.943 41
1526.031 42
1526.119 44
1526.208 42
1526.296 41
1526.384 35
1526.472 27
1526.561 28
1526.649 33
1526.737 37
1526.826 35
1526.914 40
1527.002 42
1527.091 49
1527.179 55
1527.267 51
1527.356 49
1527.444 41
1527.532 35
1527.621 33
1527.709 31
1527.797 34
1527.886 37
1527.974 43
1528.062 45
1528.151 45
1528.239 50
1528.328 48
1528.416 43
1528.504 38
1528.593 29
1528.681 34
1528.769 36
1528.858 35
1528.946 33
1529.035 28
1529.123 36
1529.211 42
1529.300 46
1529.388 44
1529.476 43
1529.565 40
1529.653 44
1529.742 44
1529.830 45
1529.919 43
1530.007 43
1530.095 41
1530.184 38
1530.272 37
1530.361 35
1530.449 35
1530.537 34
1530.626 36
1530.714 38
1530.803 44
1530.891 50
1530.980 54
1531.068 48
1531.157 47
1531.245 48
1531.333 40
1531.422 33
1531.510 29
1531.599 28
1531.687 22
1531.776 16
1531.864 14
1531.953 13
1532.041 14
1532.130 19
1532.218 21
1532.307 19
1532.395 21
1532.484 29
1532.572 28
1532.661 29
1532.749 33
1532.838 32
1532.926 33
1533.015 37
1533.103 33
1533.192 30
1533.280 31
1533.369 33
1533.457 34
1533.546 37
1533.634 37
1533.723 32
1533.811 35
1533.900 37
1533.988 35
1534.077 37
1534.165 37
1534.254 39
1534.342 48
1534.431 61
1534.519 78
1534.608 93
1534.697 107
1534.785 124
1534.874 141
1534.962 155
1535.051 167
1535.139 179
1535.228 191
1535.316 204
1535.405 202
1535.494 212
1535.582 208
1535.671 210
1535.759 219
1535.848 215
1535.937 232
1536.025 241
1536.114 256
1536.202 280
1536.291 276
1536.379 280
1536.468 268
1536.557 258
1536.645 248
1536.734 240
1536.823 232
1536.911 226
1537.000 225
1537.088 216
1537.177 210
1537.266 205
1537.354 204
1537.443 193
1537.532 192
1537.620 189
1537.709 180
1537.797 179
1537.886 175
1537.975 171
1538.063 166
1538.152 163
1538.241 158
1538.329 150
1538.418 140
1538.507 135
1538.595 122
1538.684 106
1538.773 106
1538.861 101
1538.950 105
1539.039 111
1539.127 116
1539.216 110
1539.305 112
1539.393 113
1539.482 112
1539.571 112
1539.660 102
1539.748 92
1539.837 91
1539.926 88
1540.014 85
1540.103 86
1540.192 74
1540.280 70
1540.369 69
1540.458 64
1540.547 63
1540.635 64
1540.724 66
1540.813 63
1540.902 65
1540.990 66
1541.079 68
1541.168 72
1541.257 72
1541.345 72
1541.434 65
1541.523 55
1541.611 51
1541.700 40
1541.789 40
1541.878 39
1541.967 37
1542.055 34
1542.144 32
1542.233 34
1542.322 32
1542.410 32
1542.499 35
1542.588 35
1542.677 37
1542.766 39
1542.854 34
1542.943 28
1543.032 25
1543.121 20
1543.210 21
1543.298 23
1543.387 27
1543.476 34
1543.565 37
1543.654 41
1543.742 45
1543.831 44
1543.920 46
1544.009 46
1544.098 46
1544.186 41
1544.275 39
1544.364 35
1544.453 37
1544.542 38
1544.631 38
1544.720 36
1544.808 38
1544.897 45
1544.986 48
1545.075 50
1545.164 50
1545.253 48
1545.341 46
1545.430 50
1545.519 45
1545.608 37
1545.697 33
1545.786 28
1545.875 32
1545.964 34
1546.052 35
1546.141 37
1546.230 36
1546.319 35
1546.408 36
1546.497 37
1546.586 40
1546.675 35
1546.764 34
1546.853 30
1546.941 31
1547.030 35
1547.119 39
1547.208 43
1547.297 43
1547.386 49
1547.475 46
1547.564 42
1547.653 39
1547.742 32
1547.831 36
1547.920 38
1548.009 40
1548.098 43
1548.186 44
1548.275 47
1548.364 49
1548.453 55
1548.542 50
1548.631 46
1548.720 42
1548.809 40
1548.898 41
1548.987 47
1549.076 46
1549.165 40
1549.254 41
1549.343 35
1549.432 35
1549.521 41
1549.610 41
1549.699 42
1549.788 46
1549.877 43
1549.966 45
1550.055 43
1550.144 37
1550.233 29
1550.322 32
1550.411 32
1550.500 34
1550.589 41
1550.678 41
1550.767 44
1550.856 46
1550.945 50
1551.034 47
1551.123 40
1551.212 39
1551.301 35
1551.390 33
1551.479 38
1551.568 35
1551.657 28
1551.746 28
1551.835 25
1551.925 25
1552.014 25
1552.103 26
1552.192 31
1552.281 34
1552.370 34
1552.459 34
1552.548 36
1552.637 33
1552.726 28
1552.815 26
1552.904 28
1552.993 25
1553.083 29
1553.172 30
1553.261 32
1553.350 40
1553.439 42
1553.528 42
1553.617 42
1553.706 40
1553.795 40
1553.884 38
1553.974 37
1554.063 33
1554.152 31
1554.241 31
1554.330 37
1554.419 35
1554.508 30
1554.597 30
1554.687 20
1554.776 19
1554.865 16
1554.954 16
1555.043 17
1555.132 18
1555.221 21
1555.311 23
1555.400 26
1555.489 27
1555.578 26
1555.667 24
1555.756 22
1555.846 22
1555.935 20
1556.024 21
1556.113 21
1556.202 21
1556.291 21
1556.381 20
1556.470 19
1556.559 18
1556.648 18
1556.737 19
1556.827 19
1556.916 22
1557.005 26
1557.094 26
1557.183 30
1557.273 30
1557.362 32
1557.451 31
1557.540 33
1557.629 31
1557.719 33
1557.808 32
1557.897 28
1557.986 28
1558.076 33
1558.165 35
1558.254 43
1558.343 48
1558.433 55
1558.522 63
1558.611 67
1558.700 78
1558.790 90
1558.879 107
1558.968 125
1559.057 137
1559.147 143
1559.236 148
1559.325 161
1559.414 171
1559.504 182
1559.593 192
1559.682 196
1559.772 209
1559.861 206
1559.950 211
1560.039 217
1560.129 213
1560.218 221
1560.307 218
1560.397 225
1560.486 222
1560.575 211
1560.665 206
1560.754 203
1560.843 216
1560.933 221
1561.022 220
1561.111 218
1561.200 210
1561.290 217
1561.379 207
1561.468 201
1561.558 186
1561.647 172
1561.737 162
1561.826 148
1561.915 140
1562.005 132
1562.094 129
1562.183 126
1562.273 113
1562.362 93
1562.451 89
1562.541 82
1562.630 93
1562.719 102
1562.809 104
1562.898 110
1562.988 115
1563.077 117
1563.166 120
1563.256 120
1563.345 111
1563.434 100
1563.524 90
1563.613 81
1563.703 73
1563.792 65
1563.881 66
1563.971 67
1564.060 64
1564.150 60
1564.239 56
1564.329 51
1564.418 51
1564.507 51
1564.597 48
1564.686 45
1564.776 43
1564.865 36
1564.955 33
1565.044 33
1565.133 30
1565.223 31
1565.312 32
1565.402 32
1565.491 36
1565.581 38
1565.670 38
1565.760 38
1565.849 40
1565.938 39
1566.028 39
1566.117 37
1566.207 38
1566.296 45
1566.386 48
1566.475 51
1566.565 48
1566.654 46
1566.744 43
1566.833 37
1566.923 37
1567.012 37
1567.102 40
1567.191 47
1567.281 45
1567.370 40
1567.460 36
1567.549 28
1567.639 27
1567.728 22
1567.818 23
1567.907 20
1567.997 22
1568.086 25
1568.176 29
1568.265 33
1568.355 33
1568.445 30
1568.534 28
1568.624 28
1568.713 33
1568.803 33
1568.892 29
1568.982 31
1569.071 26
1569.161 26
1569.250 28
1569.340 33
1569.430 33
1569.519 32
1569.609 28
1569.698 25
1569.788 27
1569.877 28
1569.967 31
1570.057 28
1570.146 26
1570.236 29
1570.325 29
1570.415 32
1570.505 36
1570.594 34
1570.684 36
1570.773 32
1570.863 30
1570.953 27
1571.042 26
1571.132 31
1571.221 32
1571.311 35
1571.401 33
1571.490 28
1571.580 29
1571.670 33
1571.759 37
1571.849 39
1571.938 43
1572.028 45
1572.118 45
1572.207 42
1572.297 43
1572.387 35
1572.476 35
1572.566 37
1572.656 36
1572.745 38
1572.835 36
1572.925 33
1573.014 35
1573.104 32
1573.194 30
1573.283 29
1573.373 24
1573.463 19
1573.552 21
1573.642 24
1573.732 24
1573.821 28
1573.911 25
1574.001 23
1574.091 23
1574.180 24
1574.270 25
1574.360 25
1574.449 29
1574.539 39
1574.629 42
1574.719 41
1574.808 40
1574.898 38
1574.988 39
1575.077 38
1575.167 35
1575.257 30
1575.347 33
1575.436 35
1575.526 40
1575.616 46
1575.706 42
1575.795 37
1575.885 31
1575.975 30
1576.065 29
1576.154 29
1576.244 29
1576.334 32
1576.424 33
1576.513 37
1576.603 39
1576.693 37
1576.783 37
1576.873 39
1576.962 43
1577.052 38
1577.142 39
1577.232 37
1577.321 34
1577.411 31
1577.501 31
1577.591 26
1577.681 25
1577.771 23
1577.860 21
1577.950 18
1578.040 16
1578.130 14
1578.220 16
1578.309 16
1578.399 14
1578.489 14
1578.579 19
1578.669 20
1578.759 20
1578.848 20
1578.938 18
1579.028 13
1579.118 12
1579.208 13
1579.298 13
1579.387 18
1579.477 19
1579.567 21
1579.657 20
1579.747 21
1579.837 21
1579.927 15
1580.017 17
1580.106 17
1580.196 17
1580.286 16
1580.376 14
1580.466 17
1580.556 19
1580.646 21
1580.736 20
1580.825 23
1580.915 29
1581.005 35
1581.095 36
1581.185 37
1581.275 39
1581.365 33
1581.455 36
1581.545 33
1581.635 26
1581.725 26
1581.815 27
1581.904 25
1581.994 28
1582.084 36
1582.174 40
1582.264 41
1582.354 52
1582.444 60
1582.534 69
1582.624 80
1582.714 95
1582.804 110
1582.894 117
1582.984 132
1583.074 137
1583.164 144
1583.254 146
1583.344 157
1583.434 163
1583.524 157
1583.614 163
1583.704 164
1583.793 175
1583.883 177
1583.973 175
1584.063 175
1584.153 167
1584.243 170
1584.333 177
1584.423 185
1584.513 192
1584.603 200
1584.693 207
1584.783 218
1584.873 226
1584.963 229
1585.054 224
1585.144 214
1585.234 201
1585.324 191
1585.414 181
1585.504 166
1585.594 164
1585.684 148
1585.774 142
1585.864 134
1585.954 124
1586.044 119
1586.134 116
1586.224 113
1586.314 108
1586.404 112
1586.494 117
1586.584 110
1586.674 110
1586.764 100
1586.854 88
1586.944 86
1587.035 90
1587.125 91
1587.215 91
1587.305 88
1587.395 82
1587.485 77
1587.575 73
1587.665 71
1587.755 68
1587.845 68
1587.935 70
1588.026 75
1588.116 74
1588.206 77
1588.296 76
1588.386 70
1588.476 65
1588.566 56
1588.656 49
1588.746 45
1588.837 48
1588.927 44
1589.017 43
1589.107 39
1589.197 36
1589.287 33
1589.377 31
1589.468 31
1589.558 29
1589.648 31
1589.738 36
1589.828 35
1589.918 36
1590.008 39
1590.099 37
1590.189 37
1590.279 38
1590.369 44
1590.459 46
1590.550 52
1590.640 55
1590.730 56
1590.820 54
1590.910 50
1591.000 48
1591.091 43
1591.181 40
1591.271 32
1591.361 29
1591.451 22
1591.542 22
1591.632 23
1591.722 23
1591.812 25
1591.902 29
1591.993 33
1592.083 34
1592.173 39
1592.263 38
1592.354 35
1592.444 32
1592.534 30
1592.624 29
1592.715 32
1592.805 30
1592.895 22
1592.985 22
1593.076 22
1593.166 28
1593.256 30
1593.346 30
1593.437 28
1593.527 25
1593.617 26
1593.707 27
1593.798 29
1593.888 25
1593.978 25
1594.068 25
1594.159 21
1594.249 20
1594.339 22
1594.430 19
1594.520 19
1594.610 18
1594.700 15
1594.791 14
1594.881 13
1594.971 13
1595.062 11
1595.152 14
1595.242 17
1595.333 19
1595.423 19
1595.513 19
1595.604 18
1595.694 19
1595.784 22
1595.875 23
1595.965 27
1596.055 30
1596.146 29
1596.236 29
1596.326 26
1596.417 23
1596.507 19
1596.597 17
1596.688 15
1596.778 15
1596.868 16
1596.959 17
1597.049 15
1597.139 19
1597.230 24
1597.320 24
1597.411 22
1597.501 21
1597.591 17
1597.682 19
1597.772 22
1597.862 19
1597.953 17
1598.043 20
1598.134 20
1598.224 22
1598.314 32
1598.405 31
1598.495 33
1598.586 33
1598.676 26
1598.766 25
1598.857 26
1598.947 28
1599.038 30
1599.128 31
1599.219 32
1599.309 37
1599.399 36
1599.490 38
1599.580 37
1599.671 31
1599.761 25
1599.852 24
1599.942 25
1600.033 27
1600.123 32
1600.213 32
1600.304 34
1600.394 34
1600.485 38
1600.575 37
1600.666 36
1600.756 36
1600.847 37
1600.937 36
1601.028 33
1601.118 31
1601.209 39
1601.299 44
1601.390 49
1601.480 56
1601.571 63
1601.661 60
1601.752 62
1601.842 55
1601.933 45
1602.023 45
1602.114 42
1602.204 39
1602.295 40
1602.385 38
1602.476 29
1602.566 28
1602.657 25
1602.747 26
1602.838 25
1602.928 27
1603.019 25
1603.109 22
1603.200 20
1603.290 24
1603.381 22
1603.472 22
1603.562 24
1603.653 22
1603.743 20
1603.834 20
1603.924 18
1604.015 17
1604.105 21
1604.196 27
1604.287 30
1604.377 32
1604.468 34
1604.558 29
1604.649 26
1604.740 26
1604.830 23
1604.921 23
1605.011 20
1605.102 19
1605.192 19
1605.283 19
1605.374 21
1605.464 21
1605.555 19
1605.645 18
1605.736 16
1605.827 17
1605.917 21
1606.008 23
1606.099 30
1606.189 33
1606.280 40
1606.370 53
1606.461 54
1606.552 63
1606.642 70
1606.733 74
1606.824 85
1606.914 92
1607.005 99
1607.096 111
1607.186 126
1607.277 123
1607.368 135
1607.458 139
1607.549 146
1607.640 161
1607.730 168
1607.821 167
1607.912 170
1608.002 175
1608.093 176
1608.184 184
1608.274 193
1608.365 202
1608.456 212
1608.546 211
1608.637 208
1608.728 200
1608.819 193
1608.909 191
1609.000 190
1609.091 184
1609.181 180
1609.272 172
1609.363 167
1609.454 153
1609.544 143
1609.635 129
1609.726 115
1609.816 107
1609.907 100
1609.998 103
1610.089 107
1610.179 110
1610.270 111
1610.361 110
1610.452 109
1610.542 105
1610.633 90
1610.724 82
1610.815 71
1610.905 70
1610.996 69
1611.087 68
1611.178 68
1611.268 66
1611.359 65
1611.450 67
1611.541 70
1611.632 74
1611.722 71
1611.813 69
1611.904 65
1611.995 63
1612.086 55
1612.176 55
1612.267 53
1612.358 54
1612.449 55
1612.540 54
1612.630 52
1612.721 49
1612.812 44
1612.903 42
1612.994 39
1613.084 37
1613.175 40
1613.266 38
1613.357 36
1613.448 35
1613.539 39
1613.629 41
1613.720 44
1613.811 41
1613.902 34
1613.993 32
1614.084 28
1614.175 25
1614.265 21
1614.356 20
1614.447 17
1614.538 18
1614.629 20
1614.720 21
1614.811 20
1614.902 22
1614.992 21
1615.083 23
1615.174 25
1615.265 26
1615.356 29
1615.447 32
1615.538 34
1615.629 32
1615.720 32
1615.810 33
1615.901 31
1615.992 34
1616.083 33
1616.174 36
1616.265 38
1616.356 40
1616.447 40
1616.538 37
1616.629 33
1616.720 26
1616.811 23
1616.901 22
1616.992 19
1617.083 19
1617.174 21
1617.265 21
1617.356 20
1617.447 23
1617.538 18
1617.629 19
1617.720 22
1617.811 25
1617.902 31
1617.993 32
1618.084 34
1618.175 33
1618.266 32
1618.357 32
1618.448 31
1618.539 31
1618.630 34
1618.721 38
1618.812 40
1618.903 46
1618.994 50
1619.085 47
1619.176 43
1619.267 36
1619.358 28
1619.449 29
1619.540 32
1619.631 31
1619.722 31
1619.813 34
1619.904 38
1619.995 37
1620.086 36
1620.177 31
1620.268 26
1620.359 27
1620.450 31
1620.541 31
1620.632 36
1620.723 37
1620.814 36
1620.905 36
1620.996 31
1621.087 29
1621.178 29
1621.269 33
1621.360 37
1621.451 40
1621.543 38
1621.634 34
1621.725 29
1621.816 24
1621.907 20
1621.998 16
1622.089 12
1622.180 12
1622.271 13
1622.362 14
1622.453 16
1622.544 15
1622.636 20
1622.727 20
1622.818 20
1622.909 23
1623.000 27
1623.091 30
1623.182 36
1623.273 40
1623.364 37
1623.456 40
1623.547 43
1623.638 46
1623.729 45
1623.820 39
1623.911 32
1624.002 30
1624.093 31
1624.185 32
1624.276 36
1624.367 37
1624.458 34
1624.549 36
1624.640 40
1624.732 35
1624.823 31
1624.914 29
1625.005 23
1625.096 22
1625.187 25
1625.279 26
1625.370 24
1625.461 27
1625.552 28
1625.643 31
1625.734 34
1625.826 33
1625.917 41
1626.008 40
1626.099 41
1626.190 38
1626.282 38
1626.373 36
1626.464 32
1626.555 32
1626.646 30
1626.738 28
1626.829 29
1626.920 26
1627.011 24
1627.103 23
1627.194 24
1627.285 30
1627.376 33
1627.467 33
1627.559 30
1627.650 25
1627.741 21
1627.832 20
1627.924 21
1628.015 22
1628.106 25
1628.197 25
1628.289 26
1628.380 26
1628.471 27
1628.563 27
1628.654 29
1628.745 28
1628.836 30
1628.928 28
1629.019 25
1629.110 24
1629.201 16
1629.293 17
1629.384 14
1629.475 15
1629.567 18
1629.658 17
1629.749 20
1629.841 18
1629.932 20
1630.023 19
1630.114 18
1630.206 23
1630.297 21
1630.388 24
1630.480 32
1630.571 47
1630.662 59
1630.754 71
1630.845 83
1630.936 88
1631.028 96
1631.119 94
1631.210 96
1631.302 94
1631.393 89
1631.484 93
1631.576 102
1631.667 118
1631.758 132
1631.850 140
1631.941 149
1632.033 150
1632.124 155
1632.215 158
1632.307 157
1632.398 154
1632.489 157
1632.581 145
1632.672 137
1632.764 140
1632.855 142
1632.946 153
1633.038 162
1633.129 163
1633.221 163
1633.312 156
1633.403 152
1633.495 139
1633.586 136
1633.678 127
1633.769 118
1633.860 114
1633.952 112
1634.043 112
1634.135 111
1634.226 112
1634.318 109
1634.409 105
1634.500 102
1634.592 86
1634.683 75
1634.775 72
1634.866 69
1634.958 71
1635.049 73
1635.141 73
1635.232 68
1635.324 69
1635.415 67
1635.506 65
1635.598 64
1635.689 56
1635.781 46
1635.872 46
1635.964 50
1636.055 50
1636.147 52
1636.238 48
1636.330 47
1636.421 46
1636.513 45
1636.604 45
1636.696 45
1636.787 48
1636.879 47
1636.970 46
1637.062 39
1637.153 37
1637.245 33
1637.336 31
1637.428 27
1637.519 25
1637.611 24
1637.702 23
1637.794 26
1637.885 27
1637.977 27
1638.069 29
1638.160 28
1638.252 28
1638.343 30
1638.435 30
1638.526 33
1638.618 32
1638.709 31
1638.801 34
1638.892 31
1638.984 30
1639.076 36
1639.167 30
1639.259 25
1639.350 25
1639.442 21
1639.533 20
1639.625 24
1639.717 24
1639.808 24
1639.900 25
1639.991 24
1640.083 21
1640.175 21
1640.266 22
1640.358 24
1640.449 25
1640.541 26
1640.633 28
1640.724 25
1640.816 24
1640.907 22
1640.999 25
1641.091 29
1641.182 28
1641.274 33
1641.366 32
1641.457 34
1641.549 32
1641.641 28
1641.732 32
1641.824 31
1641.915 29
1642.007 33
1642.099 31
1642.190 32
1642.282 36
1642.374 33
1642.465 34
1642.557 36
1642.649 34
1642.740 33
1642.832 32
1642.924 27
1643.015 29
1643.107 27
1643.199 26
1643.291 25
1643.382 26
1643.474 29
1643.566 31
1643.657 34
1643.749 29
1643.841 27
1643.932 25
1644.024 25
1644.116 24
1644.208 27
1644.299 27
1644.391 26
1644.483 25
1644.574 24
1644.666 25
1644.758 25
1644.850 26
1644.941 26
1645.033 27
1645.125 25
1645.217 31
1645.308 29
1645.400 27
1645.492 27
1645.584 23
1645.675 24
1645.767 26
1645.859 25
1645.951 24
1646.042 23
1646.134 23
1646.226 24
1646.318 21
1646.409 22
1646.501 21
1646.593 19
1646.685 20
1646.777 18
1646.868 19
1646.960 18
1647.052 18
1647.144 16
1647.235 19
1647.327 23
1647.419 26
1647.511 30
1647.603 31
1647.695 33
1647.786 29
1647.878 29
1647.970 26
1648.062 22
1648.154 25
1648.245 27
1648.337 29
1648.429 28
1648.521 26
1648.613 27
1648.705 31
1648.796 36
1648.888 36
1648.980 37
1649.072 34
1649.164 31
1649.256 32
1649.348 34
1649.439 31
1649.531 29
1649.623 27
1649.715 25
1649.807 24
1649.899 23
1649.991 23
1650.083 19
1650.174 19
1650.266 19
1650.358 18
1650.450 19
1650.542 20
1650.634 20
1650.726 22
1650.818 23
1650.910 22
1651.001 18
1651.093 19
1651.185 15
1651.277 14
1651.369 12
1651.461 10
1651.553 15
1651.645 17
1651.737 18
1651.829 21
1651.921 26
1652.013 28
1652.105 30
1652.196 33
1652.288 36
1652.380 36
1652.472 37
1652.564 31
1652.656 30
1652.748 29
1652.840 28
1652.932 29
1653.024 31
1653.116 29
1653.208 27
1653.300 25
1653.392 21
1653.484 18
1653.576 14
1653.668 13
1653.760 12
1653.852 16
1653.944 19
1654.036 23
1654.128 29
1654.220 33
1654.312 37
1654.404 40
1654.496 55
1654.588 55
1654.680 58
1654.772 63
1654.864 60
1654.956 65
1655.048 76
1655.140 90
1655.232 97
1655.324 106
1655.416 116
1655.508 113
1655.600 107
1655.692 103
1655.784 95
1655.876 89
1655.968 96
1656.060 101
1656.152 111
1656.244 119
1656.336 129
1656.429 126
1656.521 119
1656.613 123
1656.705 120
1656.797 125
1656.889 129
1656.981 120
1657.073 116
1657.165 114
1657.257 115
1657.349 109
1657.441 104
1657.533 98
1657.626 90
1657.718 91
1657.810 94
1657.902 95
1657.994 93
1658.086 86
1658.178 80
1658.270 79
1658.362 76
1658.454 74
1658.547 68
1658.639 62
1658.731 56
1658.823 57
1658.915 55
1659.007 55
1659.099 55
1659.191 48
1659.284 55
1659.376 52
1659.468 48
1659.560 44
1659.652 36
1659.744 36
1659.837 35
1659.929 33
1660.021 38
1660.113 36
1660.205 34
1660.297 35
1660.390 30
1660.482 33
1660.574 33
1660.666 42
1660.758 47
1660.850 47
1660.943 48
1661.035 47
1661.127 46
1661.219 46
1661.311 46
1661.404 43
1661.496 39
1661.588 36
1661.680 32
1661.772 30
1661.865 33
1661.957 33
1662.049 30
1662.141 28
1662.233 29
1662.326 34
1662.418 34
1662.510 34
1662.602 34
1662.695 27
1662.787 25
1662.879 25
1662.971 21
1663.064 21
1663.156 25
1663.248 25
1663.340 26
1663.433 28
1663.525 31
1663.617 31
1663.709 32
1663.802 32
1663.894 29
1663.986 29
1664.078 26
1664.171 24
1664.263 21
1664.355 22
1664.448 20
1664.540 21
1664.632 26
1664.724 29
1664.817 39
1664.909 42
1665.001 45
1665.094 46
1665.186 46
1665.278 46
1665.371 48
1665.463 48
1665.555 51
1665.648 46
1665.740 34
1665.832 30
1665.925 22
1666.017 21
1666.109 19
1666.202 19
1666.294 15
1666.386 15
1666.479 14
1666.571 13
1666.663 14
1666.756 16
1666.848 18
1666.940 21
1667.033 24
1667.125 24
1667.217 24
1667.310 21
1667.402 25
1667.495 26
1667.587 27
1667.679 29
1667.772 30
1667.864 32
1667.956 28
1668.049 26
1668.141 24
1668.234 22
1668.326 25
1668.418 21
1668.511 21
1668.603 20
1668.696 16
1668.788 13
1668.880 11
1668.973 14
1669.065 17
1669.158 19
1669.250 26
1669.343 26
1669.435 29
1669.527 30
1669.620 27
1669.712 26
1669.805 26
1669.897 27
1669.990 29
1670.082 28
1670.174 30
1670.267 27
1670.359 24
1670.452 25
1670.544 23
1670.637 19
1670.729 15
1670.822 13
1670.914 12
1671.007 14
1671.099 18
1671.192 21
1671.284 26
1671.376 29
1671.469 33
1671.561 31
1671.654 35
1671.746 32
1671.839 29
1671.931 30
1672.024 28
1672.116 24
1672.209 24
1672.301 21
1672.394 17
1672.486 14
1672.579 16
1672.672 18
1672.764 20
1672.857 20
1672.949 25
1673.042 26
1673.134 27
1673.227 29
1673.319 33
1673.412 32
1673.504 32
1673.597 29
1673.689 27
1673.782 27
1673.874 24
1673.967 22
1674.060 19
1674.152 18
1674.245 17
1674.337 18
1674.430 17
1674.522 17
1674.615 14
1674.708 16
1674.800 18
1674.893 20
1674.985 23
1675.078 23
1675.170 24
1675.263 23
1675.356 23
1675.448 25
1675.541 22
1675.633 24
1675.726 25
1675.819 25
1675.911 21
1676.004 20
1676.096 18
1676.189 24
1676.282 21
1676.374 20
1676.467 17
1676.560 17
1676.652 17
1676.745 16
1676.837 17
1676.930 11
1677.023 10
1677.115 14
1677.208 15
1677.301 13
1677.393 16
1677.486 15
1677.579 16
1677.671 20
1677.764 25
1677.857 24
1677.949 25
1678.042 25
1678.135 29
1678.227 36
1678.320 38
1678.413 44
1678.505 41
1678.598 38
1678.691 44
1678.783 47
1678.876 61
1678.969 72
1679.062 84
1679.154 94
1679.247 103
1679.340 110
1679.432 122
1679.525 127
1679.618 125
1679.710 124
1679.803 110
1679.896 107
1679.989 107
1680.081 110
1680.174 119
1680.267 122
1680.360 129
1680.452 124
1680.545 132
1680.638 136
1680.731 134
1680.823 134
1680.916 126
1681.009 127
1681.102 132
1681.194 128
1681.287 125
1681.380 117
1681.473 111
1681.565 105
1681.658 100
1681.751 97
1681.844 90
1681.936 96
1682.029 104
1682.122 103
1682.215 104
1682.308 95
1682.400 89
1682.493 79
1682.586 69
1682.679 61
1682.772 52
1682.864 51
1682.957 48
1683.050 48
1683.143 45
1683.236 45
1683.328 48
1683.421 45
1683.514 48
1683.607 42
1683.700 36
1683.793 36
1683.885 31
1683.978 35
1684.071 36
1684.164 34
1684.257 31
1684.350 31
1684.442 33
1684.535 31
1684.628 30
1684.721 31
1684.814 30
1684.907 29
1685.000 28
1685.092 26
1685.185 21
1685.278 21
1685.371 18
1685.464 19
1685.557 18
1685.650 19
1685.743 16
1685.835 15
1685.928 15
1686.021 14
1686.114 17
1686.207 17
1686.300 15
1686.393 16
1686.486 19
1686.579 24
1686.672 28
1686.765 29
1686.857 30
1686.950 31
1687.043 28
1687.136 27
1687.229 24
1687.322 16
1687.415 16
1687.508 17
1687.601 22
1687.694 22
1687.787 28
1687.880 30
1687.973 26
1688.066 29
1688.159 31
1688.251 32
1688.344 30
1688.437 40
1688.530 45
1688.623 45
1688.716 42
1688.809 34
1688.902 36
1688.995 35
1689.088 35
1689.181 41
1689.274 33
1689.367 35
1689.460 34
1689.553 32
1689.646 33
1689.739 29
1689.832 27
1689.925 26
1690.018 23
1690.111 24
1690.204 24
1690.297 22
1690.390 23
1690.483 22
1690.576 21
1690.669 21
1690.762 19
1690.855 20
1690.948 18
1691.041 19
1691.134 14
1691.227 13
1691.320 9
1691.414 10
1691.507 10
1691.600 16
1691.693 20
1691.786 21
1691.879 22
1691.972 19
1692.065 23
1692.158 23
1692.251 23
1692.344 22
1692.437 20
1692.530 20
1692.623 20
1692.716 21
1692.810 21
1692.903 21
1692.996 20
1693.089 18
1693.182 16
1693.275 18
1693.368 15
1693.461 16
1693.554 15
1693.647 14
1693.740 14
1693.834 15
1693.927 17
1694.020 19
1694.113 21
1694.206 22
1694.299 27
1694.392 30
1694.485 30
1694.579 31
1694.672 30
1694.765 29
1694.858 28
1694.951 26
1695.044 21
1695.137 19
1695.231 22
1695.324 26
1695.417 24
1695.510 25
1695.603 25
1695.696 23
1695.790 20
1695.883 19
1695.976 18
1696.069 17
1696.162 16
1696.255 17
1696.349 21
1696.442 23
1696.535 27
1696.628 27
1696.721 27
1696.815 29
1696.908 31
1697.001 31
1697.094 31
1697.187 28
1697.281 23
1697.374 23
1697.467 18
1697.560 17
1697.653 18
1697.747 16
1697.840 18
1697.933 21
1698.026 20
1698.120 18
1698.213 19
1698.306 20
1698.399 15
1698.493 16
1698.586 16
1698.679 17
1698.772 18
1698.866 21
1698.959 24
1699.052 26
1699.145 31
1699.239 32
1699.332 27
1699.425 29
1699.518 28
1699.612 28
1699.705 29
1699.798 29
1699.891 30
1699.985 33
1700.078 34
1700.171 32
1700.265 28
1700.358 25
1700.451 22
1700.545 22
1700.638 24
1700.731 28
1700.824 27
1700.918 27
1701.011 20
1701.104 19
1701.198 12
1701.291 9
1701.384 6
1701.478 2
1701.571 5
1701.664 5
1701.758 5
1701.851 5
1701.944 4
1702.038 6
1702.131 9
1702.224 15
1702.318 22
1702.411 28
1702.504 35
1702.598 40
1702.691 47
1702.784 50
1702.878 60
1702.971 69
1703.065 71
1703.158 71
1703.251 67
1703.345 60
1703.438 64
1703.531 64
1703.625 63
1703.718 74
1703.812 84
1703.905 97
1703.998 114
1704.092 115
1704.185 113
1704.279 113
1704.372 113
1704.465 112
1704.559 103
1704.652 96
1704.746 85
1704.839 82
1704.933 89
1705.026 89
1705.119 93
1705.213 89
1705.306 86
1705.400 83
1705.493 80
1705.587 76
1705.680 70
1705.773 72
1705.867 68
1705.960 68
1706.054 66
1706.147 68
1706.241 73
1706.334 71
1706.428 72
1706.521 66
1706.615 61
1706.708 58
1706.802 53
1706.895 51
1706.988 46
1707.082 50
1707.175 45
1707.269 43
1707.362 46
1707.456 41
1707.549 43
1707.643 47
1707.736 47
1707.830 46
1707.923 44
1708.017 42
1708.110 40
1708.204 32
1708.297 32
1708.391 29
1708.485 27
1708.578 27
1708.672 24
1708.765 24
1708.859 24
1708.952 31
1709.046 31
1709.139 33
1709.233 34
1709.326 31
1709.420 32
1709.513 35
1709.607 31
1709.701 25
1709.794 25
1709.888 21
1709.981 18
1710.075 19
1710.168 21
1710.262 21
1710.355 23
1710.449 24
1710.543 24
1710.636 24
1710.730 23
1710.823 22
1710.917 21
1711.011 22
1711.104 26
1711.198 26
1711.291 27
1711.385 28
1711.479 26
1711.572 28
1711.666 30
1711.759 31
1711.853 33
1711.947 34
1712.040 31
1712.134 31
1712.228 29
1712.321 30
1712.415 26
1712.508 24
1712.602 25
1712.696 28
1712.789 29
1712.883 30
1712.977 23
1713.070 20
1713.164 25
1713.258 25
1713.351 27
1713.445 23
1713.539 23
1713.632 23
1713.726 23
1713.820 25
1713.913 22
1714.007 20
1714.101 21
1714.194 18
1714.288 17
1714.382 15
1714.475 15
1714.569 13
1714.663 12
1714.756 12
1714.850 13
1714.944 13
1715.037 14
1715.131 15
1715.225 13
1715.319 17
1715.412 22
1715.506 22
1715.600 21
1715.694 23
1715.787 21
1715.881 24
1715.975 28
1716.068 30
1716.162 34
1716.256 33
1716.350 33
1716.443 28
1716.537 23
1716.631 25
1716.725 24
1716.818 22
1716.912 21
1717.006 18
1717.100 18
1717.193 15
1717.287 11
1717.381 11
1717.475 10
1717.568 12
1717.662 15
1717.756 17
1717.850 19
1717.944 19
1718.037 21
1718.131 20
1718.225 19
1718.319 22
1718.413 17
1718.506 17
1718.600 17
1718.694 14
1718.788 15
1718.882 16
1718.975 15
1719.069 15
1719.163 14
1719.257 14
1719.351 12
1719.445 14
1719.538 12
1719.632 13
1719.726 15
1719.820 13
1719.914 15
1720.008 15
1720.101 10
1720.195 13
1720.289 15
1720.383 17
1720.477 19
1720.571 24
1720.665 29
1720.758 32
1720.852 39
1720.946 39
1721.040 39
1721.134 40
1721.228 40
1721.322 39
1721.415 31
1721.509 27
1721.603 21
1721.697 20
1721.791 15
1721.885 15
1721.979 15
1722.073 12
1722.167 11
1722.261 10
1722.354 9
1722.448 8
1722.542 9
1722.636 10
1722.730 7
1722.824 9
1722.918 5
1723.012 7
1723.106 14
1723.200 15
1723.294 17
1723.388 17
1723.482 19
1723.575 23
1723.669 27
1723.763 28
1723.857 28
1723.951 26
1724.045 22
1724.139 19
1724.233 16
1724.327 14
1724.421 18
1724.515 19
1724.609 23
1724.703 23
1724.797 18
1724.891 18
1724.985 14
1725.079 15
1725.173 17
1725.267 16
1725.361 17
1725.455 14
1725.549 16
1725.643 17
1725.737 21
1725.831 25
1725.925 26
1726.019 27
1726.113 28
1726.207 32
1726.301 32
1726.395 32
1726.489 34
1726.583 36
1726.677 48
1726.771 55
1726.865 58
1726.959 68
1727.053 77
1727.147 86
1727.241 94
1727.335 83
1727.429 85
1727.523 86
1727.617 85
1727.711 90
1727.806 94
1727.900 93
1727.994 96
1728.088 92
1728.182 93
1728.276 92
1728.370 89
1728.464 93
1728.558 92
1728.652 97
1728.746 97
1728.840 102
1728.934 104
1729.029 102
1729.123 103
1729.217 96
1729.311 91
1729.405 84
1729.499 71
1729.593 65
1729.687 64
1729.781 67
1729.875 77
1729.970 74
1730.064 76
1730.158 75
1730.252 68
1730.346 63
1730.440 53
1730.534 50
1730.629 46
1730.723 45
1730.817 48
1730.911 49
1731.005 56
1731.099 61
1731.193 59
1731.288 61
1731.382 63
1731.476 61
1731.570 60
1731.664 55
1731.758 48
1731.853 45
1731.947 36
1732.041 32
1732.135 25
1732.229 26
1732.323 28
1732.418 27
1732.512 29
1732.606 29
1732.700 24
1732.794 24
1732.889 24
1732.983 25
1733.077 26
1733.171 30
1733.265 32
1733.360 31
1733.454 28
1733.548 24
1733.642 25
1733.736 22
1733.831 23
1733.925 24
1734.019 21
1734.113 23
1734.208 22
1734.302 21
1734.396 23
1734.490 21
1734.585 19
1734.679 23
1734.773 29
1734.867 38
1734.962 47
1735.056 47
1735.150 45
1735.244 39
1735.339 40
1735.433 41
1735.527 38
1735.621 39
1735.716 34
1735.810 31
1735.904 30
1735.999 28
1736.093 28
1736.187 29
1736.281 31
1736.376 28
1736.470 25
1736.564 23
1736.659 20
1736.753 18
1736.847 13
1736.942 13
1737.036 14
1737.130 15
1737.225 16
1737.319 18
1737.413 20
1737.508 21
1737.602 23
1737.696 19
1737.791 17
1737.885 16
1737.979 14
1738.074 14
1738.168 17
1738.262 19
1738.357 20
1738.451 20
1738.545 23
1738.640 20
1738.734 20
1738.828 21
1738.923 19
1739.017 23
1739.112 24
1739.206 24
1739.300 20
1739.395 19
1739.489 21
1739.583 22
1739.678 21
1739.772 20
1739.867 19
1739.961 22
1740.055 23
1740.150 25
1740.244 25
1740.339 21
1740.433 22
1740.527 19
1740.622 15
1740.716 15
1740.811 17
1740.905 21
1740.999 23
1741.094 25
1741.188 32
1741.283 31
1741.377 26
1741.472 25
1741.566 19
1741.661 18
1741.755 19
1741.849 19
1741.944 20
1742.038 24
1742.133 24
1742.227 25
1742.322 27
1742.416 24
1742.511 23
1742.605 22
1742.700 21
1742.794 21
1742.889 19
1742.983 19
1743.077 19
1743.172 20
1743.266 23
1743.361 22
1743.455 22
1743.550 21
1743.644 21
1743.739 23
1743.833 25
1743.928 27
1744.022 27
1744.117 28
1744.211 30
1744.306 34
1744.400 31
1744.495 30
1744.590 26
1744.684 22
1744.779 20
1744.873 20
1744.968 22
1745.062 19
1745.157 20
1745.251 19
1745.346 17
1745.440 18
1745.535 19
1745.629 19
1745.724 17
1745.819 18
1745.913 26
1746.008 24
1746.102 25
1746.197 21
1746.291 17
1746.386 18
1746.481 17
1746.575 24
1746.670 24
1746.764 26
1746.859 23
1746.953 21
1747.048 19
1747.143 16
1747.237 19
1747.332 15
1747.426 15
1747.521 14
1747.616 17
1747.710 23
1747.805 34
1747.899 37
1747.994 34
1748.089 37
1748.183 29
1748.278 26
1748.373 26
1748.467 21
1748.562 20
1748.656 19
1748.751 18
1748.846 17
1748.940 21
1749.035 22
1749.130 24
1749.224 25
1749.319 23
1749.414 19
1749.508 19
1749.603 18
1749.698 16
1749.792 15
1749.887 18
1749.982 18
1750.076 17
1750.171 18
1750.266 18
1750.360 23
1750.455 27
1750.550 25
1750.644 29
1750.739 27
1750.834 29
1750.929 31
1751.023 39
1751.118 41
1751.213 52
1751.307 59
1751.402 57
1751.497 66
1751.591 67
1751.686 63
1751.781 65
1751.876 57
1751.970 47
1752.065 49
1752.160 52
1752.255 60
1752.349 67
1752.444 64
1752.539 68
1752.634 64
1752.728 61
1752.823 58
1752.918 57
1753.013 62
1753.107 69
1753.202 76
1753.297 85
1753.392 87
1753.486 85
1753.581 83
1753.676 76
1753.771 72
1753.865 71
1753.960 69
1754.055 67
1754.150 64
1754.245 61
1754.339 58
1754.434 57
1754.529 57
1754.624 54
1754.719 54
1754.813 52
1754.908 50
1755.003 45
1755.098 44
1755.193 41
1755.287 38
1755.382 37
1755.477 34
1755.572 31
1755.667 29
1755.762 32
1755.856 31
1755.951 32
1756.046 36
1756.141 30
1756.236 32
1756.331 34
1756.425 35
1756.520 42
1756.615 43
1756.710 46
1756.805 42
1756.900 33
1756.995 32
1757.089 30
1757.184 30
1757.279 29
1757.374 27
1757.469 26
1757.564 24
1757.659 23
1757.754 23
1757.849 23
1757.943 21
1758.038 23
1758.133 22
1758.228 20
1758.323 20
1758.418 23
1758.513 25
1758.608 24
1758.703 25
1758.798 22
1758.892 20
1758.987 17
1759.082 15
1759.177 20
1759.272 21
1759.367 25
1759.462 26
1759.557 19
1759.652 18
1759.747 15
1759.842 14
1759.937 16
1760.032 16
1760.127 18
1760.222 17
1760.317 13
1760.411 12
1760.506 7
1760.601 8
1760.696 9
1760.791 11
1760.886 15
1760.981 19
1761.076 25
1761.171 27
1761.266 27
1761.361 28
1761.456 35
1761.551 33
1761.646 31
1761.741 30
1761.836 27
1761.931 29
1762.026 30
1762.121 30
1762.216 23
1762.311 23
1762.406 21
1762.501 20
1762.596 21
1762.691 22
1762.786 20
1762.881 20
1762.976 13
1763.071 11
1763.166 10
1763.261 8
1763.357 11
1763.452 11
1763.547 11
1763.642 16
1763.737 18
1763.832 18
1763.927 17
1764.022 16
1764.117 16
1764.212 19
1764.307 21
1764.402 20
1764.497 19
1764.592 25
1764.687 32
1764.782 34
1764.877 31
1764.973 28
1765.068 21
1765.163 21
1765.258 26
1765.353 26
1765.448 30
1765.543 31
1765.638 36
1765.733 35
1765.828 36
1765.924 36
1766.019 33
1766.114 31
1766.209 32
1766.304 29
1766.399 26
1766.494 27
1766.589 22
1766.685 20
1766.780 20
1766.875 20
1766.970 18
1767.065 18
1767.160 18
1767.255 17
1767.351 17
1767.446 16
1767.541 13
1767.636 13
1767.731 11
1767.826 15
1767.921 20
1768.017 26
1768.112 28
1768.207 33
1768.302 32
1768.397 26
1768.493 23
1768.588 16
1768.683 18
1768.778 19
1768.873 21
1768.968 20
1769.064 22
1769.159 21
1769.254 19
1769.349 18
1769.444 14
1769.540 14
1769.635 15
1769.730 15
1769.825 13
1769.921 16
1770.016 15
1770.111 15
1770.206 16
1770.301 16
1770.397 13
1770.492 15
1770.587 17
1770.682 17
1770.778 20
1770.873 22
1770.968 29
1771.063 30
1771.159 35
1771.254 35
1771.349 28
1771.444 25
1771.540 19
1771.635 21
1771.730 17
1771.825 17
1771.921 15
1772.016 14
1772.111 17
1772.207 17
1772.302 19
1772.397 24
1772.492 24
1772.588 24
1772.683 26
1772.778 22
1772.874 21
1772.969 19
1773.064 15
1773.160 17
1773.255 18
1773.350 19
1773.446 20
1773.541 21
1773.636 20
1773.731 19
1773.827 21
1773.922 19
1774.017 13
1774.113 12
1774.208 11
1774.303 15
1774.399 16
1774.494 16
1774.590 13
1774.685 13
1774.780 18
1774.876 24
1774.971 31
1775.066 39
1775.162 48
1775.257 52
1775.352 58
1775.448 64
1775.543 70
1775.639 74
1775.734 76
1775.829 70
1775.925 64
1776.020 65
1776.115 65
1776.211 61
1776.306 64
1776.402 60
1776.497 52
1776.592 55
1776.688 51
1776.783 51
1776.879 55
1776.974 55
1777.069 55
1777.165 60
1777.260 66
1777.356 66
1777.451 73
1777.547 70
1777.642 68
1777.737 68
1777.833 61
1777.928 60
1778.024 54
1778.119 42
1778.215 34
1778.310 28
1778.406 22
1778.501 19
1778.596 15
1778.692 17
1778.787 23
1778.883 26
1778.978 32
1779.074 32
1779.169 33
1779.265 32
1779.360 31
1779.456 32
1779.551 31
1779.647 31
1779.742 27
1779.838 26
1779.933 25
1780.029 23
1780.124 16
1780.220 16
1780.315 13
1780.411 13
1780.506 15
1780.602 15
1780.697 23
1780.793 24
1780.888 29
1780.984 32
1781.079 29
1781.175 32
1781.270 28
1781.366 28
1781.461 31
1781.557 33
1781.652 34
1781.748 33
1781.844 31
1781.939 29
1782.035 24
1782.130 24
1782.226 24
1782.321 17
1782.417 14
1782.512 12
1782.608 7
1782.704 5
1782.799 5
1782.895 6
1782.990 6
1783.086 10
1783.182 12
1783.277 12
1783.373 12
1783.468 13
1783.564 14
1783.659 17
1783.755 20
1783.851 20
1783.946 23
1784.042 23
1784.137 22
1784.233 22
1784.329 20
1784.424 22
1784.520 26
1784.616 24
1784.711 23
1784.807 20
1784.902 21
1784.998 23
1785.094 20
1785.189 19
1785.285 17
1785.381 16
1785.476 19
1785.572 20
1785.668 23
1785.763 22
1785.859 24
1785.955 25
1786.050 24
1786.146 24
1786.242 21
1786.337 18
1786.433 19
1786.529 16
1786.624 14
1786.720 17
1786.816 14
1786.911 16
1787.007 19
1787.103 20
1787.198 26
1787.294 31
1787.390 36
1787.485 33
1787.581 30
1787.677 27
1787.773 27
1787.868 26
1787.964 23
1788.060 22
1788.155 21
1788.251 21
1788.347 23
1788.443 23
1788.538 20
1788.634 20
1788.730 19
1788.826 18
1788.921 18
1789.017 18
1789.113 17
1789.208 21
1789.304 24
1789.400 24
1789.496 25
1789.591 22
1789.687 18
1789.783 19
1789.879 21
1789.975 25
1790.070 26
1790.166 23
1790.262 19
1790.358 15
1790.453 12
1790.549 13
1790.645 13
1790.741 13
1790.837 10
1790.932 10
1791.028 7
1791.124 9
1791.220 14
1791.316 14
1791.411 17
1791.507 22
1791.603 17
1791.699 18
1791.795 21
1791.890 20
1791.986 22
1792.082 22
1792.178 17
1792.274 16
1792.370 18
1792.465 18
1792.561 19
1792.657 19
1792.753 22
1792.849 22
1792.945 29
1793.041 30
1793.136 27
1793.232 28
1793.328 23
1793.424 22
1793.520 25
1793.616 27
1793.712 32
1793.807 29
1793.903 33
1793.999 28
1794.095 21
1794.191 21
1794.287 16
1794.383 17
1794.479 14
1794.574 15
1794.670 18
1794.766 20
1794.862 22
1794.958 23
1795.054 24
1795.150 22
1795.246 19
1795.342 16
1795.438 12
1795.534 12
1795.629 9
1795.725 9
1795.821 7
1795.917 7
1796.013 5
1796.109 5
1796.205 5
1796.301 7
1796.397 12
1796.493 15
1796.589 16
1796.685 16
1796.781 16
1796.877 16
1796.973 19
1797.069 18
1797.165 20
1797.261 18
1797.357 15
1797.452 13
1797.548 11
1797.644 12
1797.740 8
1797.836 8
1797.932 7
1798.028 4
1798.124 6
1798.220 8
1798.316 16
1798.412 22
1798.508 26
1798.604 26
1798.700 29
1798.796 27
1798.892 29
1798.988 30
1799.084 28
1799.180 31
1799.276 36
1799.372 37
1799.469 41
1799.565 43
1799.661 37
1799.757 41
1799.853 39
1799.949 41
1800.045 44
1800.141 43
1800.237 46
1800.333 49
1800.429 48
1800.525 45
1800.621 43
1800.717 45
1800.813 50
1800.909 56
1801.005 61
1801.101 58
1801.197 57
1801.294 57
1801.390 59
1801.486 58
1801.582 59
1801.678 58
1801.774 58
1801.870 57
1801.966 55
1802.062 51
1802.158 46
1802.254 41
1802.351 40
1802.447 39
1802.543 35
1802.639 39
1802.735 38
1802.831 38
1802.927 36
1803.023 34
1803.119 34
1803.216 34
1803.312 33
1803.408 37
1803.504 42
1803.600 44
1803.696 46
1803.792 46
1803.889 45
1803.985 42
1804.081 37
1804.177 34
1804.273 32
1804.369 33
1804.465 32
1804.562 31
1804.658 31
1804.754 32
1804.850 26
1804.946 24
1805.043 26
1805.139 22
1805.235 22
1805.331 22
1805.427 17
1805.523 16
1805.620 13
1805.716 13
1805.812 14
1805.908 14
1806.004 13
1806.101 15
1806.197 16
1806.293 17
1806.389 19
1806.486 20
1806.582 16
1806.678 15
1806.774 13
1806.870 11
1806.967 13
1807.063 12
1807.159 11
1807.255 11
1807.352 9
1807.448 10
1807.544 11
1807.640 12
1807.737 9
1807.833 9
1807.929 6
1808.025 6
1808.122 7
1808.218 11
1808.314 11
1808.410 14
1808.507 15
1808.603 15
1808.699 18
1808.796 19
1808.892 23
1808.988 22
1809.084 24
1809.181 22
1809.277 26
1809.373 25
1809.470 22
1809.566 18
1809.662 19
1809.758 17
1809.855 12
1809.951 13
1810.047 6
1810.144 9
1810.240 11
1810.336 16
1810.433 17
1810.529 17
1810.625 20
1810.722 22
1810.818 25
1810.914 25
1811.011 23
1811.107 22
1811.203 22
1811.300 22
1811.396 22
1811.492 20
1811.589 18
1811.685 17
1811.781 13
1811.878 15
1811.974 14
1812.071 13
1812.167 12
1812.263 9
1812.360 11
1812.456 13
1812.552 16
1812.649 19
1812.745 23
1812.842 23
1812.938 22
1813.034 27
1813.131 31
1813.227 33
1813.324 38
1813.420 34
1813.516 30
1813.613 29
1813.709 25
1813.806 22
1813.902 13
1813.998 11
1814.095 9
1814.191 7
1814.288 7
1814.384 8
1814.481 11
1814.577 14
1814.674 17
1814.770 17
1814.866 14
1814.963 14
1815.059 17
1815.156 20
1815.252 22
1815.349 22
1815.445 19
1815.542 16
1815.638 17
1815.735 16
1815.831 14
1815.927 15
1816.024 10
1816.120 12
1816.217 7
1816.313 7
1816.410 9
1816.506 8
1816.603 11
1816.699 11
1816.796 12
1816.892 14
1816.989 17
1817.085 19
1817.182 21
1817.278 20
1817.375 19
1817.471 18
1817.568 14
1817.664 15
1817.761 17
1817.857 16
1817.954 15
1818.051 11
1818.147 10
1818.244 10
1818.340 9
1818.437 12
1818.533 12
1818.630 14
1818.726 19
1818.823 19
1818.919 24
1819.016 25
1819.113 24
1819.209 23
1819.306 20
1819.402 21
1819.499 19
1819.595 21
1819.692 21
1819.789 25
1819.885 25
1819.982 30
1820.078 37
1820.175 34
1820.271 32
1820.368 26
1820.465 19
1820.561 19
1820.658 18
1820.754 17
1820.851 12
1820.948 12
1821.044 15
1821.141 17
1821.238 14
1821.334 13
1821.431 10
1821.527 8
1821.624 5
1821.721 5
1821.817 7
1821.914 7
1822.011 5
1822.107 5
1822.204 5
1822.300 5
1822.397 6
1822.494 7
1822.590 7
1822.687 15
1822.784 16
1822.880 18
1822.977 22
1823.074 22
1823.170 23
1823.267 28
1823.364 29
1823.460 24
1823.557 21
1823.654 17
1823.750 17
1823.847 24
1823.944 30
1824.041 34
1824.137 39
1824.234 44
1824.331 51
1824.427 53
1824.524 56
1824.621 53
1824.717 57
1824.814 59
1824.911 66
1825.008 63
1825.104 63
1825.201 62
1825.298 58
1825.395 56
1825.491 48
1825.588 42
1825.685 36
1825.781 37
1825.878 32
1825.975 30
1826.072 32
1826.168 39
1826.265 35
1826.362 32
1826.459 27
1826.555 24
1826.652 20
1826.749 19
1826.846 21
1826.943 16
1827.039 16
1827.136 16
1827.233 18
1827.330 16
1827.426 18
1827.523 18
1827.620 19
1827.717 19
1827.814 17
1827.910 17
1828.007 20
1828.104 22
1828.201 21
1828.298 23
1828.394 19
1828.491 16
1828.588 21
1828.685 19
1828.782 21
1828.879 20
1828.975 19
1829.072 15
1829.169 14
1829.266 14
1829.363 13
1829.459 14
1829.556 15
1829.653 18
1829.750 19
1829.847 19
1829.944 18
1830.041 18
1830.137 18
1830.234 17
1830.331 16
1830.428 14
1830.525 13
1830.622 15
1830.719 18
1830.816 17
1830.912 15
1831.009 13
1831.106 10
1831.203 9
1831.300 9
1831.397 8
1831.494 8
1831.591 8
1831.688 5
1831.784 5
1831.881 3
1831.978 3
1832.075 2
1832.172 2
1832.269 4
1832.366 5
1832.463 8
1832.560 11
1832.657 11
1832.754 11
1832.851 12
1832.947 10
1833.044 9
1833.141 13
1833.238 16
1833.335 22
1833.432 25
1833.529 32
1833.626 35
1833.723 30
1833.820 27
1833.917 23
1834.014 20
1834.111 20
1834.208 19
1834.305 18
1834.402 15
1834.499 15
1834.596 14
1834.693 16
1834.790 15
1834.887 16
1834.984 18
1835.081 22
1835.178 23
1835.275 23
1835.372 23
1835.469 22
1835.566 21
1835.663 23
1835.760 25
1835.857 23
1835.954 24
1836.051 22
1836.148 19
1836.245 14
1836.342 9
1836.439 8
1836.536 6
1836.633 6
1836.730 6
1836.827 5
1836.924 5
1837.021 6
1837.118 4
1837.215 6
1837.312 5
1837.409 6
1837.506 11
1837.603 10
1837.700 14
1837.797 18
1837.894 24
1837.992 28
1838.089 31
1838.186 31
1838.283 29
1838.380 27
1838.477 25
1838.574 22
1838.671 24
1838.768 22
1838.865 17
1838.962 17
1839.059 18
1839.157 20
1839.254 25
1839.351 25
1839.448 24
1839.545 23
1839.642 23
1839.739 23
1839.836 23
1839.933 24
1840.031 18
1840.128 16
1840.225 10
1840.322 7
1840.419 9
1840.516 9
1840.613 9
1840.711 9
1840.808 11
1840.905 11
1841.002 11
1841.099 11
1841.196 13
1841.293 15
1841.391 14
1841.488 15
1841.585 11
1841.682 9
1841.779 12
1841.876 11
1841.974 9
1842.071 10
1842.168 10
1842.265 10
1842.362 12
1842.460 14
1842.557 11
1842.654 12
1842.751 11
1842.848 9
1842.946 11
1843.043 11
1843.140 13
1843.237 13
1843.334 14
1843.432 16
1843.529 17
1843.626 21
1843.723 22
1843.820 21
1843.918 22
1844.015 20
1844.112 23
1844.209 23
1844.307 21
1844.404 22
1844.501 20
1844.598 22
1844.696 24
1844.793 24
1844.890 24
1844.987 22
1845.085 20
1845.182 16
1845.279 12
1845.376 12
1845.474 12
1845.571 9
1845.668 10
1845.766 10
1845.863 10
1845.960 13
1846.057 13
1846.155 14
1846.252 17
1846.349 15
1846.447 12
1846.544 12
1846.641 13
1846.738 12
1846.836 11
1846.933 12
1847.030 14
1847.128 18
1847.225 25
1847.322 28
1847.420 29
1847.517 35
1847.614 37
1847.712 37
1847.809 36
1847.906 38
1848.004 40
1848.101 38
1848.198 33
1848.296 30
1848.393 26
1848.490 27
1848.588 26
1848.685 26
1848.782 28
1848.880 29
1848.977 31
1849.075 35
1849.172 38
1849.269 41
1849.367 45
1849.464 47
1849.561 47
1849.659 43
1849.756 39
1849.854 36
1849.951 39
1850.048 41
1850.146 47
1850.243 52
1850.341 52
1850.438 47
1850.535 39
1850.633 33
1850.730 28
1850.828 28
1850.925 31
1851.022 28
1851.120 26
1851.217 27
1851.315 28
1851.412 30
1851.510 31
1851.607 29
1851.704 24
1851.802 20
1851.899 18
1851.997 17
1852.094 17
1852.192 20
1852.289 17
1852.387 18
1852.484 18
1852.581 18
1852.679 22
1852.776 21
1852.874 23
1852.971 22
1853.069 21
1853.166 20
1853.264 21
1853.361 22
1853.459 19
1853.556 19
1853.654 14
1853.751 12
1853.849 15
1853.946 15
1854.044 15
1854.141 15
1854.239 14
1854.336 14
1854.434 12
1854.531 15
1854.629 17
1854.726 18
1854.824 18
1854.921 19
1855.019 14
1855.116 14
1855.214 14
1855.311 13
1855.409 20
1855.507 21
1855.604 22
1855.702 24
1855.799 21
1855.897 20
1855.994 24
1856.092 20
1856.189 19
1856.287 19
1856.384 18
1856.482 19
1856.580 18
1856.677 18
1856.775 17
1856.872 21
1856.970 23
1857.068 23
1857.165 22
1857.263 20
1857.360 19
1857.458 19
1857.555 22
1857.653 18
1857.751 15
1857.848 13
1857.946 11
1858.043 10
1858.141 12
1858.239 15
1858.336 18
1858.434 20
1858.532 24
1858.629 21
1858.727 16
1858.824 17
1858.922 9
1859.020 9
1859.117 10
1859.215 13
1859.313 15
1859.410 15
1859.508 17
1859.606 14
1859.703 19
1859.801 19
1859.899 19
1859.996 19
1860.094 14
1860.191 12
1860.289 10
1860.387 11
1860.484 11
1860.582 12
1860.680 14
1860.778 14
1860.875 16
1860.973 15
1861.071 13
1861.168 11
1861.266 10
1861.364 11
1861.461 12
1861.559 12
1861.657 9
1861.754 9
1861.852 12
1861.950 13
1862.048 18
1862.145 19
1862.243 17
1862.341 19
1862.438 20
1862.536 22
1862.634 24
1862.732 23
1862.829 20
1862.927 22
1863.025 19
1863.123 21
1863.220 22
1863.318 20
1863.416 20
1863.514 18
1863.611 17
1863.709 15
1863.807 14
1863.905 13
1864.002 11
1864.100 11
1864.198 10
1864.296 10
1864.394 10
1864.491 10
1864.589 7
1864.687 8
1864.785 6
1864.882 6
1864.980 10
1865.078 11
1865.176 11
1865.274 11
1865.371 9
1865.469 7
1865.567 4
1865.665 6
1865.763 8
1865.861 10
1865.958 11
1866.056 10
1866.154 6
1866.252 8
1866.350 12
1866.447 12
1866.545 14
1866.643 13
1866.741 11
1866.839 13
1866.937 17
1867.035 19
1867.132 20
1867.230 20
1867.328 17
1867.426 15
1867.524 13
1867.622 15
1867.720 12
1867.817 12
1867.915 10
1868.013 9
1868.111 9
1868.209 10
1868.307 12
1868.405 10
1868.503 7
1868.600 6
1868.698 2
1868.796 2
1868.894 2
1868.992 1
1869.090 5
1869.188 8
1869.286 10
1869.384 17
1869.482 15
1869.579 15
1869.677 17
1869.775 16
1869.873 19
1869.971 19
1870.069 18
1870.167 17
1870.265 13
1870.363 13
1870.461 14
1870.559 14
1870.657 16
1870.755 16
1870.853 17
1870.951 16
1871.049 18
1871.146 19
1871.244 23
1871.342 25
1871.440 26
1871.538 26
1871.636 23
1871.734 21
1871.832 28
1871.930 30
1872.028 34
1872.126 37
1872.224 39
1872.322 36
1872.420 31
1872.518 31
1872.616 26
1872.714 24
1872.812 26
1872.910 20
1873.008 19
1873.106 24
1873.204 25
1873.302 30
1873.400 32
1873.498 34
1873.596 41
1873.694 38
1873.792 38
1873.890 35
1873.988 30
1874.086 32
1874.184 34
1874.283 34
1874.381 31
1874.479 27
1874.577 19
1874.675 20
1874.773 17
1874.871 13
1874.969 15
1875.067 16
1875.165 17
1875.263 16
1875.361 25
1875.459 23
1875.557 23
1875.655 24
1875.753 19
1875.852 24
1875.950 25
1876.048 28
1876.146 28
1876.244 22
1876.342 20
1876.440 18
1876.538 13
1876.636 12
1876.734 8
1876.832 6
1876.931 6
1877.029 7
1877.127 11
1877.225 13
1877.323 16
1877.421 15
1877.519 13
1877.617 11
1877.716 10
1877.814 9
1877.912 10
1878.010 8
1878.108 6
1878.206 8
1878.304 13
1878.403 15
1878.501 17
1878.599 17
1878.697 18
1878.795 17
1878.893 16
1878.992 15
1879.090 14
1879.188 16
1879.286 12
1879.384 13
1879.482 12
1879.581 13
1879.679 18
1879.777 18
1879.875 19
1879.973 18
1880.072 14
1880.170 14
1880.268 13
1880.366 12
1880.464 15
1880.563 18
1880.661 15
1880.759 16
1880.857 18
1880.955 15
1881.054 17
1881.152 16
1881.250 15
1881.348 13
1881.447 10
1881.545 8
1881.643 12
1881.741 14
1881.840 17
1881.938 20
1882.036 21
1882.134 19
1882.233 19
1882.331 16
1882.429 15
1882.527 15
1882.626 15
1882.724 14
1882.822 11
1882.920 10
1883.019 8
1883.117 10
1883.215 12
1883.313 12
1883.412 12
1883.510 13
1883.608 16
1883.707 18
1883.805 16
1883.903 20
1884.002 24
1884.100 22
1884.198 22
1884.296 18
1884.395 12
1884.493 11
1884.591 14
1884.690 14
1884.788 11
1884.886 13
1884.985 16
1885.083 15
1885.181 19
1885.280 19
1885.378 17
1885.476 15
1885.575 10
1885.673 12
1885.771 12
1885.870 12
1885.968 12
1886.066 8
1886.165 7
1886.263 8
1886.362 8
1886.460 10
1886.558 12
1886.657 15
1886.755 17
1886.853 18
1886.952 18
1887.050 17
1887.149 19
1887.247 18
1887.345 18
1887.444 18
1887.542 15
1887.640 16
1887.739 18
1887.837 19
1887.936 23
1888.034 22
1888.133 18
1888.231 14
1888.329 11
1888.428 10
1888.526 12
1888.625 12
1888.723 14
1888.821 14
1888.920 14
1889.018 15
1889.117 12
1889.215 12
1889.314 13
1889.412 13
1889.511 12
1889.609 14
1889.707 12
1889.806 12
1889.904 12
1890.003 11
1890.101 10
1890.200 12
1890.298 15
1890.397 14
1890.495 13
1890.594 13
1890.692 16
1890.791 16
1890.889 15
1890.988 15
1891.086 10
1891.185 12
1891.283 9
1891.381 8
1891.480 9
1891.578 5
1891.677 6
1891.776 6
1891.874 4
1891.973 4
1892.071 8
1892.170 9
1892.268 13
1892.367 14
1892.465 12
1892.564 17
1892.662 17
1892.761 17
1892.859 17
1892.958 15
1893.056 7
1893.155 6
1893.253 6
1893.352 6
1893.451 5
1893.549 5
1893.648 3
1893.746 4
1893.845 8
1893.943 9
1894.042 10
1894.140 11
1894.239 9
1894.338 11
1894.436 13
1894.535 16
1894.633 17
1894.732 18
1894.831 22
1894.929 21
1895.028 26
1895.126 27
1895.225 27
1895.323 28
1895.422 23
1895.521 21
1895.619 20
1895.718 19
1895.817 20
1895.915 22
1896.014 31
1896.112 31
1896.211 38
1896.310 38
1896.408 31
1896.507 34
1896.606 31
1896.704 32
1896.803 34
1896.901 32
1897.000 28
1897.099 26
1897.197 24
1897.296 19
1897.395 20
1897.493 22
1897.592 22
1897.691 26
1897.789 32
1897.888 31
1897.987 29
1898.085 29
1898.184 23
1898.283 23
1898.381 25
1898.480 24
1898.579 25
1898.677 25
1898.776 26
1898.875 25
1898.974 28
1899.072 29
1899.171 31
1899.270 29
1899.368 26
1899.467 22
1899.566 17
1899.665 17
1899.763 14
1899.862 15
1899.961 17
1900.059 18
1900.158 21
1900.257 19
1900.356 18
1900.454 14
1900.553 12
1900.652 12
1900.751 13
1900.849 13
1900.948 10
1901.047 9
1901.146 9
1901.244 10
1901.343 10
1901.442 9
1901.541 8
1901.639 6
1901.738 7
1901.837 9
1901.936 10
1902.034 13
1902.133 14
1902.232 13
1902.331 13
1902.430 11
1902.528 12
1902.627 13
1902.726 13
1902.825 11
1902.924 8
1903.022 6
1903.121 6
1903.220 7
1903.319 8
1903.418 13
1903.516 13
1903.615 16
1903.714 17
1903.813 14
1903.912 14
1904.011 14
1904.109 13
1904.208 14
1904.307 18
1904.406 20
1904.505 19
1904.604 16
1904.702 13
1904.801 9
1904.900 4
1904.999 4
1905.098 4
1905.197 2
1905.296 1
1905.395 1
1905.493 4
1905.592 6
1905.691 8
1905.790 10
1905.889 13
1905.988 16
1906.087 21
1906.186 19
1906.284 17
1906.383 17
1906.482 14
1906.581 15
1906.680 17
1906.779 14
1906.878 15
1906.977 14
1907.076 10
1907.175 9
1907.273 13
1907.372 12
1907.471 8
1907.570 8
1907.669 7
1907.768 7
1907.867 7
1907.966 5
1908.065 4
1908.164 4
1908.263 7
1908.362 7
1908.461 6
1908.560 7
1908.659 9
1908.758 10
1908.857 10
1908.955 9
1909.054 8
1909.153 8
1909.252 8
1909.351 11
1909.450 12
1909.549 16
1909.648 17
1909.747 16
1909.846 17
1909.945 11
1910.044 13
1910.143 12
1910.242 8
1910.341 6
1910.440 3
1910.539 3
1910.638 3
1910.737 3
1910.836 8
1910.935 9
1911.034 11
1911.133 12
1911.232 14
1911.331 13
1911.430 11
1911.529 10
1911.628 6
1911.727 5
1911.827 8
1911.926 9
1912.025 8
1912.124 9
1912.223 10
1912.322 11
1912.421 11
1912.520 13
1912.619 12
1912.718 11
1912.817 14
1912.916 13
1913.015 8
1913.114 9
1913.213 12
1913.312 11
1913.411 15
1913.511 18
1913.610 18
1913.709 18
1913.808 19
1913.907 15
1914.006 11
1914.105 11
1914.204 6
1914.303 5
1914.402 3
1914.502 4
1914.601 3
1914.700 5
1914.799 8
1914.898 9
1914.997 11
1915.096 12
1915.195 12
1915.294 12
1915.394 14
1915.493 14
1915.592 12
1915.691 11
1915.790 8
1915.889 6
1915.988 7
1916.088 7
1916.187 7
1916.286 8
1916.385 13
1916.484 13
1916.583 17
1916.683 16
1916.782 19
1916.881 20
1916.980 20
1917.079 24
1917.178 25
1917.278 26
1917.377 26
1917.476 29
1917.575 34
1917.674 32
1917.774 31
1917.873 27
1917.972 20
1918.071 20
1918.170 19
1918.270 25
1918.369 22
1918.468 20
1918.567 18
1918.666 14
1918.766 21
1918.865 22
1918.964 22
1919.063 20
1919.163 19
1919.262 19
1919.361 20
1919.460 22
1919.560 28
1919.659 27
1919.758 25
1919.857 24
1919.957 27
1920.056 33
1920.155 39
1920.254 48
1920.354 48
1920.453 46
1920.552 42
1920.651 38
1920.751 35
1920.850 34
1920.949 30
1921.048 25
1921.148 22
1921.247 20
1921.346 19
1921.446 18
1921.545 21
1921.644 23
1921.744 26
1921.843 25
1921.942 26
1922.041 24
1922.141 25
1922.240 23
1922.339 19
1922.439 18
1922.538 16
1922.637 17
1922.737 13
1922.836 14
1922.935 19
1923.035 16
1923.134 16
1923.233 15
1923.333 13
1923.432 13
1923.531 16
1923.631 14
1923.730 12
1923.829 10
1923.929 10
1924.028 11
1924.127 15
1924.227 18
1924.326 18
1924.426 20
1924.525 19
1924.624 19
1924.724 21
1924.823 22
1924.922 21
1925.022 23
1925.121 27
1925.221 25
1925.320 22
1925.419 19
1925.519 15
1925.618 14
1925.718 14
1925.817 14
1925.916 11
1926.016 12
1926.115 14
1926.215 13
1926.314 10
1926.414 8
1926.513 5
1926.612 6
1926.712 5
1926.811 6
1926.911 6
1927.010 8
1927.110 9
1927.209 12
1927.308 16
1927.408 14
1927.507 16
1927.607 16
1927.706 14
1927.806 16
1927.905 11
1928.005 10
1928.104 9
1928.204 7
1928.303 9
1928.403 8
1928.502 7
1928.601 7
1928.701 5
1928.800 5
1928.900 7
1928.999 7
1929.099 5
1929.198 5
1929.298 5
1929.397 6
1929.497 5
1929.596 6
1929.696 8
1929.795 8
1929.895 9
1929.994 9
1930.094 8
1930.194 8
1930.293 8
1930.393 8
1930.492 7
1930.592 7
1930.691 7
1930.791 7
1930.890 4
1930.990 5
1931.089 4
1931.189 5
1931.288 7
1931.388 7
1931.488 8
1931.587 8
1931.687 9
1931.786 9
1931.886 6
1931.985 6
1932.085 11
1932.184 10
1932.284 8
1932.384 7
1932.483 2
1932.583 6
1932.682 5
1932.782 5
1932.882 6
1932.981 4
1933.081 4
1933.180 5
1933.280 5
1933.380 5
1933.479 9
1933.579 10
1933.678 12
1933.778 12
1933.878 17
1933.977 16
1934.077 16
1934.177 16
1934.276 17
1934.376 16
1934.475 14
1934.575 15
1934.675 16
1934.774 16
1934.874 15
1934.974 12
1935.073 6
1935.173 6
1935.273 7
1935.372 4
1935.472 6
1935.572 7
1935.671 8
1935.771 9
1935.871 10
1935.970 11
1936.070 15
1936.170 17
1936.269 14
1936.369 13
1936.469 8
1936.568 7
1936.668 6
1936.768 7
1936.867 7
1936.967 5
1937.067 5
1937.167 4
1937.266 4
1937.366 6
1937.466 6
1937.565 9
1937.665 10
1937.765 8
1937.865 8
1937.964 7
1938.064 12
1938.164 14
1938.263 18
1938.363 18
1938.463 19
1938.563 19
1938.662 15
1938.762 15
1938.862 15
1938.962 14
1939.061 10
1939.161 9
1939.261 6
1939.361 9
1939.460 8
1939.560 8
1939.660 8
1939.760 5
1939.860 2
1939.959 2
1940.059 4
1940.159 4
1940.259 9
1940.358 9
1940.458 8
1940.558 8
1940.658 4
1940.758 5
1940.857 7
1940.957 7
1941.057 7
1941.157 7
1941.257 5
1941.357 8
1941.456 7
1941.556 11
1941.656 13
1941.756 17
1941.856 20
1941.955 20
1942.055 20
1942.155 19
1942.255 19
1942.355 15
1942.455 17
1942.554 14
1942.654 11
1942.754 11
1942.854 12
1942.954 16
1943.054 15
1943.154 17
1943.253 18
1943.353 15
1943.453 16
1943.553 18
1943.653 21
1943.753 19
1943.853 22
1943.953 22
1944.052 24
1944.152 24
1944.252 25
1944.352 23
1944.452 22
1944.552 24
1944.652 29
1944.752 28
1944.852 27
1944.952 32
1945.051 32
1945.151 32
1945.251 35
1945.351 31
1945.451 31
1945.551 30
1945.651 29
1945.751 26
1945.851 19
1945.951 18
1946.051 17
1946.151 18
1946.251 17
1946.351 16
1946.451 15
1946.550 13
1946.650 18
1946.750 18
1946.850 17
1946.950 21
1947.050 20
1947.150 25
1947.250 30
1947.350 32
1947.450 36
1947.550 31
1947.650 29
1947.750 26
1947.850 23
1947.950 20
1948.050 17
1948.150 17
1948.250 15
1948.350 14
1948.450 12
1948.550 13
1948.650 10
1948.750 10
1948.850 10
1948.950 8
1949.050 12
1949.150 12
1949.250 8
1949.350 8
1949.450 7
1949.550 7
1949.650 8
1949.750 10
1949.850 10
1949.950 11
1950.050 13
1950.150 11
1950.251 10
1950.351 13
1950.451 12
1950.551 12
1950.651 14
1950.751 10
1950.851 9
1950.951 9
1951.051 12
1951.151 11
1951.251 9
1951.351 9
1951.451 4
1951.551 4
1951.651 7
1951.752 8
1951.852 12
1951.952 13
1952.052 15
1952.152 17
1952.252 18
1952.352 17
1952.452 19
1952.552 18
1952.652 18
1952.753 18
1952.853 22
1952.953 21
1953.053 19
1953.153 18
1953.253 13
1953.353 10
1953.453 9
1953.554 9
1953.654 9
1953.754 11
1953.854 14
1953.954 14
1954.054 13
1954.154 11
1954.255 13
1954.355 18
1954.455 21
1954.555 26
1954.655 29
1954.755 28
1954.856 27
1954.956 24
1955.056 20
1955.156 19
1955.256 19
1955.356 20
1955.457 20
1955.557 19
1955.657 20
1955.757 19
1955.857 18
1955.958 17
1956.058 15
1956.158 18
1956.258 17
1956.358 18
1956.459 27
1956.559 25
1956.659 25
1956.759 25
1956.859 25
1956.960 21
1957.060 20
1957.160 19
1957.260 17
1957.361 22
1957.461 25
1957.561 25
1957.661 22
1957.762 23
1957.862 19
1957.962 17
1958.062 12
1958.163 5
1958.263 6
1958.363 7
1958.463 9
1958.564 10
1958.664 13
1958.764 13
1958.864 12
1958.965 13
1959.065 14
1959.165 11
1959.266 11
1959.366 11
1959.466 9
1959.566 10
1959.667 10
1959.767 8
1959.867 12
1959.968 11
1960.068 10
1960.168 10
1960.269 13
1960.369 15
1960.469 16
1960.569 15
1960.670 10
1960.770 9
1960.870 9
1960.971 9
1961.071 11
1961.171 11
1961.272 11
1961.372 10
1961.472 6
1961.573 5
1961.673 2
1961.773 3
1961.874 4
1961.974 4
1962.075 4
1962.175 4
1962.275 5
1962.376 4
1962.476 4
1962.576 3
1962.677 6
1962.777 9
1962.877 10
1962.978 10
1963.078 11
1963.179 10
1963.279 8
1963.379 7
1963.480 6
1963.580 3
1963.681 4
1963.781 5
1963.881 10
1963.982 11
1964.082 14
1964.183 15
1964.283 15
1964.383 13
1964.484 9
1964.584 8
1964.685 7
1964.785 6
1964.886 4
1964.986 2
1965.086 1
1965.187 1
1965.287 3
1965.388 2
1965.488 4
1965.589 4
1965.689 7
1965.790 10
1965.890 10
1965.990 11
1966.091 10
1966.191 8
1966.292 10
1966.392 12
1966.493 14
1966.593 13
1966.694 14
1966.794 12
1966.895 14
1966.995 15
1967.096 16
1967.196 17
1967.297 19
1967.397 22
1967.498 21
1967.598 19
1967.699 13
1967.799 12
1967.900 12
1968.000 14
1968.101 17
1968.201 22
1968.302 26
1968.402 25
1968.503 22
1968.603 22
1968.704 22
1968.804 23
1968.905 24
1969.005 29
1969.106 29
1969.207 31
1969.307 36
1969.408 28
1969.508 28
1969.609 25
1969.709 22
1969.810 24
1969.910 21
1970.011 21
1970.112 18
1970.212 16
1970.313 16
1970.413 16
1970.514 15
1970.614 16
1970.715 15
1970.816 15
1970.916 19
1971.017 18
1971.117 15
1971.218 13
1971.319 14
1971.419 14
1971.520 10
1971.620 9
1971.721 7
1971.822 7
1971.922 10
1972.023 12
1972.123 14
1972.224 13
1972.325 14
1972.425 14
1972.526 11
1972.627 11
1972.727 17
1972.828 17
1972.928 15
1973.029 15
1973.130 13
1973.230 13
1973.331 13
1973.432 12
1973.532 7
1973.633 6
1973.734 4
1973.834 4
1973.935 5
1974.036 5
1974.136 6
1974.237 9
1974.338 9
1974.438 11
1974.539 15
1974.640 16
1974.740 16
1974.841 15
1974.942 12
1975.043 9
1975.143 8
1975.244 8
1975.345 5
1975.445 5
1975.546 6
1975.647 6
1975.747 6
1975.848 6
1975.949 11
1976.050 11
1976.150 15
1976.251 17
1976.352 15
1976.453 18
1976.553 23
1976.654 25
1976.755 25
1976.855 23
1976.956 20
1977.057 16
1977.158 10
1977.258 9
1977.359 9
1977.460 8
1977.561 8
1977.661 10
1977.762 9
1977.863 6
1977.964 4
1978.065 2
1978.165 3
1978.266 3
1978.367 5
1978.468 7
1978.568 11
1978.669 13
1978.770 13
1978.871 12
1978.972 10
1979.072 10
1979.173 11
1979.274 11
1979.375 8
1979.476 5
1979.576 5
1979.677 5
1979.778 7
1979.879 6
1979.980 7
1980.081 7
1980.181 6
1980.282 5
1980.383 5
1980.484 5
1980.585 4
1980.686 5
1980.786 6
1980.887 8
1980.988 14
1981.089 18
1981.190 20
1981.291 19
1981.392 14
1981.492 10
1981.593 8
1981.694 10
1981.795 9
1981.896 16
1981.997 23
1982.098 26
1982.199 28
1982.299 28
1982.400 25
1982.501 23
1982.602 20
1982.703 15
1982.804 11
1982.905 10
1983.006 6
1983.107 6
1983.207 3
1983.308 3
1983.409 3
1983.510 3
1983.611 5
1983.712 7
1983.813 8
1983.914 11
1984.015 16
1984.116 15
1984.217 14
1984.318 12
1984.419 12
1984.519 13
1984.620 17
1984.721 18
1984.822 22
1984.923 21
1985.024 21
1985.125 19
1985.226 11
1985.327 12
1985.428 11
1985.529 11
1985.630 8
1985.731 7
1985.832 9
1985.933 9
1986.034 7
1986.135 6
1986.236 9
1986.337 8
1986.438 10
1986.539 9
1986.640 5
1986.741 5
1986.842 5
1986.943 4
1987.044 2
1987.145 2
1987.246 3
1987.347 5
1987.448 8
1987.549 9
1987.650 13
1987.751 14
1987.852 17
1987.953 19
1988.054 17
1988.155 16
1988.256 14
1988.357 14
1988.458 13
1988.559 13
1988.660 12
1988.761 11
1988.862 10
1988.963 10
1989.065 8
1989.166 6
1989.267 6
1989.368 5
1989.469 7
1989.570 7
1989.671 5
1989.772 5
1989.873 5
1989.974 6
1990.075 9
1990.176 9
1990.277 9
1990.379 9
1990.480 11
1990.581 11
1990.682 14
1990.783 15
1990.884 11
1990.985 11
1991.086 11
1991.187 19
1991.288 24
1991.390 25
1991.491 27
1991.592 23
1991.693 23
1991.794 23
1991.895 19
1991.996 18
1992.098 11
1992.199 11
1992.300 11
1992.401 10
1992.502 10
1992.603 11
1992.704 13
1992.806 16
1992.907 17
1993.008 16
1993.109 19
1993.210 15
1993.311 20
1993.413 19
1993.514 19
1993.615 16
1993.716 16
1993.817 17
1993.918 17
1994.020 18
1994.121 17
1994.222 16
1994.323 16
1994.424 16
1994.526 16
1994.627 18
1994.728 21
1994.829 22
1994.930 19
1995.032 17
1995.133 12
1995.234 11
1995.335 13
1995.436 14
1995.538 15
1995.639 14
1995.740 16
1995.841 12
1995.943 7
1996.044 4
1996.145 2
1996.246 2
1996.348 4
1996.449 4
1996.550 4
1996.651 5
1996.753 4
1996.854 6
1996.955 10
1997.056 9
1997.158 7
1997.259 11
1997.360 11
1997.462 11
1997.563 13
1997.664 8
1997.765 7
1997.867 7
1997.968 5
1998.069 4
1998.171 2
1998.272 2
1998.373 5
1998.474 5
1998.576 6
1998.677 6
1998.778 3
1998.880 3
1998.981 2
1999.082 2
1999.184 6
1999.285 7
1999.386 7
1999.488 7
1999.589 6
1999.690 5
1999.792 7
1999.893 7
1999.994 6
2000.096 6
2000.197 9
2000.298 9
2000.400 11
2000.501 10
2000.602 9
2000.704 7
2000.805 5
2000.906 4
2001.008 1
2001.109 2
2001.211 3
2001.312 4
2001.413 5
2001.515 5
2001.616 6
2001.717 6
2001.819 6
2001.920 6
2002.022 7
2002.123 8
2002.224 5
2002.326 5
2002.427 4
2002.529 4
2002.630 4
2002.731 5
2002.833 6
2002.934 6
2003.036 11
2003.137 11
2003.239 12
2003.340 12
2003.441 10
2003.543 9
2003.644 7
2003.746 7
2003.847 5
2003.949 5
2004.050 7
2004.152 7
2004.253 8
2004.354 9
2004.456 7
2004.557 7
2004.659 8
2004.760 7
2004.862 7
2004.963 6
2005.065 4
2005.166 3
2005.268 3
2005.369 4
2005.471 5
2005.572 5
2005.674 4
2005.775 7
2005.877 12
2005.978 13
2006.080 14
2006.181 14
2006.283 12
2006.384 12
2006.486 14
2006.587 15
2006.689 16
2006.790 15
2006.892 11
2006.993 6
2007.095 7
2007.196 9
2007.298 12
2007.399 15
2007.501 15
2007.602 15
2007.704 17
2007.805 17
2007.907 13
2008.009 12
2008.110 10
2008.212 8
2008.313 9
2008.415 13
2008.516 17
2008.618 22
2008.719 22
2008.821 24
2008.923 27
2009.024 26
2009.126 31
2009.227 27
2009.329 24
2009.430 24
2009.532 18
2009.634 18
2009.735 20
2009.837 17
2009.938 14
2010.040 13
2010.142 14
2010.243 15
2010.345 14
2010.446 14
2010.548 14
2010.650 12
2010.751 16
2010.853 15
2010.955 12
2011.056 11
2011.158 10
2011.259 10
2011.361 11
2011.463 12
2011.564 13
2011.666 13
2011.768 13
2011.869 12
2011.971 9
2012.073 13
2012.174 15
2012.276 16
2012.378 21
2012.479 17
2012.581 16
2012.683 18
2012.784 15
2012.886 15
2012.988 14
2013.089 14
2013.191 12
2013.293 12
2013.394 11
2013.496 8
2013.598 5
2013.699 4
2013.801 3
2013.903 5
2014.005 9
2014.106 9
2014.208 8
2014.310 7
2014.411 7
2014.513 9
2014.615 13
2014.717 15
2014.818 13
2014.920 10
2015.022 8
2015.123 8
2015.225 7
2015.327 5
2015.429 8
2015.530 9
2015.632 12
2015.734 13
2015.836 12
2015.937 10
2016.039 8
2016.141 8
2016.243 6
2016.344 5
2016.446 10
2016.548 14
2016.650 17
2016.751 23
2016.853 25
2016.955 23
2017.057 27
2017.159 26
2017.260 22
2017.362 19
2017.464 14
2017.566 18
2017.668 18
2017.769 21
2017.871 23
2017.973 20
2018.075 21
2018.177 20
2018.278 18
2018.380 17
2018.482 14
2018.584 13
2018.686 12
2018.788 11
2018.889 12
2018.991 14
2019.093 13
2019.195 13
2019.297 9
2019.399 12
2019.500 13
2019.602 14
2019.704 13
2019.806 13
2019.908 18
2020.010 18
2020.111 20
2020.213 16
2020.315 13
2020.417 13
2020.519 11
2020.621 10
2020.723 9
2020.825 8
2020.926 6
2021.028 6
2021.130 7
2021.232 7
2021.334 4
2021.436 7
2021.538 5
2021.640 6
2021.742 10
2021.844 11
2021.945 9
2022.047 8
2022.149 6
2022.251 2
2022.353 4
2022.455 4
2022.557 6
2022.659 7
2022.761 13
2022.863 15
2022.965 18
2023.067 18
2023.169 14
2023.270 13
2023.372 9
2023.474 11
2023.576 12
2023.678 9
2023.780 10
2023.882 10
2023.984 9
2024.086 9
2024.188 10
2024.290 9
2024.392 7
2024.494 7
2024.596 10
2024.698 10
2024.800 10
2024.902 12
2025.004 6
2025.106 5
2025.208 4
2025.310 1
2025.412 0
2025.514 0
2025.616 1
2025.718 4
2025.820 5
2025.922 5
2026.024 4
2026.126 4
2026.228 4
2026.330 4
2026.432 4
2026.534 2
2026.636 1
2026.738 1
2026.840 1
2026.942 0
2027.044 0
2027.146 0
2027.248 3
2027.350 3
2027.452 4
2027.554 5
2027.656 4
2027.758 6
2027.861 6
2027.963 6
2028.065 9
2028.167 8
2028.269 10
2028.371 11
2028.473 12
2028.575 11
2028.677 11
2028.779 11
2028.881 11
2028.983 9
2029.085 8
2029.188 8
2029.290 7
2029.392 7
2029.494 7
2029.596 7
2029.698 4
2029.800 4
2029.902 5
2030.004 5
2030.107 5
2030.209 6
2030.311 5
2030.413 5
2030.515 4
2030.617 3
2030.719 5
2030.821 7
2030.924 10
2031.026 10
2031.128 10
2031.230 8
2031.332 6
2031.434 8
2031.536 8
2031.639 8
2031.741 9
2031.843 9
2031.945 10
2032.047 10
2032.149 8
2032.252 6
2032.354 7
2032.456 7
2032.558 10
2032.660 12
2032.762 12
2032.865 13
2032.967 15
2033.069 14
2033.171 17
2033.273 17
2033.376 14
2033.478 14
2033.580 11
2033.682 11
2033.784 15
2033.887 18
2033.989 19
2034.091 18
2034.193 16
2034.296 13
2034.398 12
2034.500 12
2034.602 10
2034.704 9
2034.807 9
2034.909 9
2035.011 8
2035.113 9
2035.216 13
2035.318 14
2035.420 17
2035.522 15
2035.625 13
2035.727 12
2035.829 9
2035.932 8
2036.034 7
2036.136 12
2036.238 9
2036.341 9
2036.443 6
2036.545 4
2036.647 7
2036.750 7
2036.852 8
2036.954 7
2037.057 7
2037.159 8
2037.261 8
2037.364 7
2037.466 7
2037.568 6
2037.670 7
2037.773 8
2037.875 8
2037.977 7
2038.080 8
2038.182 8
2038.284 8
2038.387 9
2038.489 6
2038.591 6
2038.694 4
2038.796 2
2038.898 5
2039.001 6
2039.103 7
2039.205 7
2039.308 12
2039.410 13
2039.512 16
2039.615 21
2039.717 20
2039.820 22
2039.922 21
2040.024 21
2040.127 21
2040.229 24
2040.331 26
2040.434 25
2040.536 25
2040.639 23
2040.741 25
2040.843 24
2040.946 21
2041.048 20
2041.151 16
2041.253 15
2041.355 20
2041.458 17
2041.560 11
2041.663 8
2041.765 5
2041.867 5
2041.970 9
2042.072 11
2042.175 12
2042.277 14
2042.380 15
2042.482 19
2042.584 18
2042.687 18
2042.789 17
2042.892 13
2042.994 11
2043.097 11
2043.199 12
2043.302 14
2043.404 17
2043.507 16
2043.609 18
2043.711 14
2043.814 16
2043.916 16
2044.019 14
2044.121 16
2044.224 12
2044.326 13
2044.429 15
2044.531 14
2044.634 15
2044.736 18
2044.839 23
2044.941 25
2045.044 27
2045.146 23
2045.249 22
2045.351 22
2045.454 21
2045.556 20
2045.659 18
2045.761 16
2045.864 16
2045.966 16
2046.069 16
2046.171 16
2046.274 17
2046.376 16
2046.479 16
2046.582 16
2046.684 12
2046.787 12
2046.889 12
2046.992 9
2047.094 9
2047.197 8
2047.299 9
2047.402 9
2047.505 10
2047.607 10
2047.710 8
2047.812 8
2047.915 11
2048.017 10
2048.120 12
2048.223 11
2048.325 11
2048.428 11
2048.530 14
2048.633 14
2048.735 12
2048.838 12
2048.941 13
2049.043 11
2049.146 9
2049.248 8
2049.351 7
2049.454 12
2049.556 10
2049.659 9
2049.762 7
2049.864 3
2049.967 1
2050.069 1
2050.172 4
2050.275 4
2050.377 7
2050.480 7
2050.583 5
2050.685 4
2050.788 4
2050.891 4
2050.993 5
2051.096 5
2051.199 2
2051.301 2
2051.404 1
2051.506 1
2051.609 3
2051.712 3
2051.815 5
2051.917 5
2052.020 7
2052.123 7
2052.225 6
2052.328 6
2052.431 4
2052.533 6
2052.636 9
2052.739 13
2052.841 14
2052.944 12
2053.047 9
2053.149 5
2053.252 6
2053.355 5
2053.458 3
2053.560 2
2053.663 1
2053.766 1
2053.869 0
2053.971 1
2054.074 1
2054.177 2
2054.279 3
2054.382 5
2054.485 10
2054.588 11
2054.690 14
2054.793 16
2054.896 20
2054.999 22
2055.101 18
2055.204 14
2055.307 12
2055.410 11
2055.512 13
2055.615 14
2055.718 11
2055.821 10
2055.924 16
2056.026 16
2056.129 20
2056.232 20
2056.335 15
2056.437 14
2056.540 11
2056.643 12
2056.746 14
2056.849 13
2056.951 11
2057.054 12
2057.157 8
2057.260 9
2057.363 9
2057.466 7
2057.568 5
2057.671 5
2057.774 4
2057.877 5
2057.980 5
2058.083 5
2058.185 11
2058.288 11
2058.391 12
2058.494 14
2058.597 17
2058.700 18
2058.802 21
2058.905 18
2059.008 11
2059.111 11
2059.214 8
2059.317 8
2059.420 9
2059.522 9
2059.625 10
2059.728 17
2059.831 11
2059.934 9
2060.037 6
2060.140 3
2060.243 7
2060.345 10
2060.448 11
2060.551 10
2060.654 10
2060.757 8
2060.860 6
2060.963 6
2061.066 7
2061.169 7
2061.272 5
2061.375 5
2061.477 5
2061.580 7
2061.683 9
2061.786 14
2061.889 15
2061.992 13
2062.095 11
2062.198 8
2062.301 8
2062.404 7
2062.507 10
2062.610 7
2062.713 5
2062.816 5
2062.919 5
2063.022 7
2063.125 12
2063.227 15
2063.330 18
2063.433 21
2063.536 26
2063.639 26
2063.742 24
2063.845 24
2063.948 24
2064.051 23
2064.154 21
2064.257 24
2064.360 24
2064.463 23
2064.566 24
2064.669 24
2064.772 23
2064.875 23
2064.978 23
2065.081 19
2065.184 18
2065.287 17
2065.390 16
2065.493 12
2065.596 13
2065.699 14
2065.802 18
2065.905 20
2066.008 29
2066.112 29
2066.215 24
2066.318 27
2066.421 23
2066.524 21
2066.627 20
2066.730 14
2066.833 11
2066.936 12
2067.039 16
2067.142 19
2067.245 20
2067.348 19
2067.451 16
2067.554 18
2067.657 17
2067.760 16
2067.864 15
2067.967 12
2068.070 8
2068.173 8
2068.276 9
2068.379 13
2068.482 14
2068.585 13
2068.688 10
2068.791 7
2068.895 12
2068.998 12
2069.101 16
2069.204 18
2069.307 15
2069.410 15
2069.513 16
2069.616 16
2069.719 16
2069.823 18
2069.926 18
2070.029 18
2070.132 20
2070.235 23
2070.338 19
2070.441 19
2070.545 18
2070.648 13
2070.751 12
2070.854 9
2070.957 9
2071.060 9
2071.164 12
2071.267 12
2071.370 6
2071.473 6
2071.576 3
2071.679 3
2071.783 5
2071.886 5
2071.989 6
2072.092 7
2072.195 8
2072.299 8
2072.402 5
2072.505 5
2072.608 1
2072.711 1
2072.815 2
2072.918 2
2073.021 5
2073.124 5
2073.227 5
2073.331 5
2073.434 4
2073.537 5
2073.640 6
2073.744 7
2073.847 10
2073.950 11
2074.053 15
2074.157 14
2074.260 20
2074.363 19
2074.466 16
2074.570 16
2074.673 12
2074.776 12
2074.879 13
2074.983 14
2075.086 11
2075.189 12
2075.292 12
2075.396 10
2075.499 9
2075.602 8
2075.705 7
2075.809 8
2075.912 10
2076.015 9
2076.119 10
2076.222 10
2076.325 11
2076.428 12
2076.532 11
2076.635 11
2076.738 8
2076.842 8
2076.945 10
2077.048 10
2077.152 10
2077.255 10
2077.358 12
2077.462 12
2077.565 10
2077.668 11
2077.772 11
2077.875 11
2077.978 13
2078.082 12
2078.185 8
2078.288 8
2078.392 4
2078.495 4
2078.598 6
2078.702 6
2078.805 8
2078.908 10
2079.012 8
2079.115 11
2079.219 13
2079.322 14
2079.425 17
2079.529 16
2079.632 12
2079.735 9
2079.839 8
2079.942 7
2080.046 7
2080.149 11
2080.252 11
2080.356 11
2080.459 13
2080.563 10
2080.666 10
2080.769 11
2080.873 16
2080.976 17
2081.080 18
2081.183 18
2081.287 19
2081.390 20
2081.493 18
2081.597 17
2081.700 18
2081.804 14
2081.907 11
2082.011 11
2082.114 6
2082.217 6
2082.321 7
2082.424 5
2082.528 5
2082.631 5
2082.735 7
2082.838 7
2082.942 5
2083.045 5
2083.149 2
2083.252 2
2083.356 6
2083.459 6
2083.562 5
2083.666 5
2083.769 0
2083.873 0
2083.976 1
2084.080 2
2084.183 3
2084.287 3
2084.390 2
2084.494 3
2084.597 4
2084.701 4
2084.804 4
2084.908 2
2085.011 6
2085.115 6
2085.219 9
2085.322 9
2085.426 12
2085.529 13
2085.633 16
2085.736 17
2085.840 15
2085.943 14
2086.047 12
2086.150 10
2086.254 6
2086.357 5
2086.461 4
2086.565 5
2086.668 11
2086.772 12
2086.875 16
2086.979 17
2087.082 23
2087.186 23
2087.290 24
2087.393 25
2087.497 19
2087.600 18
2087.704 16
2087.807 21
2087.911 19
2088.015 19
2088.118 19
2088.222 19
2088.325 18
2088.429 18
2088.533 17
2088.636 17
2088.740 21
2088.843 22
2088.947 21
2089.051 21
2089.154 27
2089.258 31
2089.362 33
2089.465 30
2089.569 24
2089.672 22
2089.776 18
2089.880 18
2089.983 18
2090.087 15
2090.191 15
2090.294 15
2090.398 12
2090.502 12
2090.605 10
2090.709 8
2090.813 8
2090.916 7
2091.020 9
2091.124 8
2091.227 9
2091.331 8
2091.435 7
2091.538 7
2091.642 7
2091.746 7
2091.849 9
2091.953 9
2092.057 11
2092.161 11
2092.264 13
2092.368 12
2092.472 8
2092.575 7
2092.679 5
2092.783 5
2092.886 7
2092.990 8
2093.094 10
2093.198 11
2093.301 12
2093.405 11
2093.509 9
2093.613 9
2093.716 7
2093.820 7
2093.924 7
2094.028 7
2094.131 9
2094.235 10
2094.339 12
2094.443 12
2094.546 13
2094.650 15
2094.754 22
2094.858 22
2094.961 23
2095.065 21
2095.169 16
2095.273 17
2095.376 19
2095.480 19
2095.584 19
2095.688 18
2095.792 17
2095.895 17
2095.999 17
2096.103 15
2096.207 9
2096.311 8
2096.414 7
2096.518 8
2096.622 5
2096.726 5
2096.830 5
2096.933 4
2097.037 4
2097.141 3
2097.245 5
2097.349 6
2097.453 6
2097.556 6
2097.660 4
2097.764 3
2097.868 3
2097.972 3
2098.076 7
2098.179 8
2098.283 14
2098.387 14
2098.491 13
2098.595 15
2098.699 11
2098.803 9
2098.907 5
2099.010 8
2099.114 7
2099.218 7
2099.322 7
2099.426 7
2099.530 7
2099.634 8
2099.738 9
2099.841 8
2099.945 13
2100.049 14
2100.153 18
2100.257 17
2100.361 18
2100.465 17
2100.569 13
2100.673 15
2100.777 14
2100.881 14
2100.984 12
2101.088 13
2101.192 14
2101.296 14
2101.400 11
2101.504 7
2101.608 4
2101.712 4
2101.816 5
2101.920 7
2102.024 12
2102.128 13
2102.232 13
2102.336 15
2102.440 12
2102.544 12
2102.648 14
2102.752 12
2102.855 13
2102.959 14
2103.063 15
2103.167 17
2103.271 15
2103.375 12
2103.479 10
2103.583 7
2103.687 5
2103.791 7
2103.895 8
2103.999 9
2104.103 14
2104.207 19
2104.311 20
2104.415 22
2104.519 23
2104.623 21
2104.727 21
2104.831 19
2104.935 17
2105.039 14
2105.143 12
2105.247 14
2105.352 15
2105.456 15
2105.560 18
2105.664 16
2105.768 13
2105.872 12
2105.976 11
2106.080 9
2106.184 5
2106.288 6
2106.392 6
2106.496 7
2106.600 8
2106.704 8
2106.808 6
2106.912 9
2107.016 12
2107.120 13
2107.225 17
2107.329 17
2107.433 14
2107.537 14
2107.641 10
2107.745 8
2107.849 7
2107.953 7
2108.057 5
2108.161 6
2108.265 9
2108.370 12
2108.474 16
2108.578 20
2108.682 26
2108.786 25
2108.890 27
2108.994 23
2109.098 17
2109.203 15
2109.307 9
2109.411 10
2109.515 10
2109.619 10
2109.723 9
2109.827 7
2109.931 1
2110.036 1
2110.140 2
2110.244 4
2110.348 8
2110.452 8
2110.556 8
2110.661 7
2110.765 4
2110.869 6
2110.973 9
2111.077 10
2111.181 14
2111.286 14
2111.390 16
2111.494 16
2111.598 11
2111.702 11
2111.807 14
2111.911 15
2112.015 15
2112.119 19
2112.223 22
2112.328 22
2112.432 22
2112.536 21
2112.640 21
2112.744 23
2112.849 26
2112.953 23
2113.057 19
2113.161 17
2113.266 10
2113.370 11
2113.474 14
2113.578 14
2113.683 18
2113.787 19
2113.891 18
2113.995 21
2114.100 23
2114.204 21
2114.308 18
2114.412 14
2114.517 7
2114.621 8
2114.725 9
2114.829 9
2114.934 6
2115.038 7
2115.142 9
2115.246 9
2115.351 12
2115.455 10
2115.559 8
2115.664 8
2115.768 8
2115.872 7
2115.976 5
2116.081 6
2116.185 15
2116.289 17
2116.394 20
2116.498 20
2116.602 18
2116.707 17
2116.811 18
2116.915 18
2117.020 17
2117.124 18
2117.228 18
2117.333 16
2117.437 16
2117.541 15
2117.646 17
2117.750 18
2117.854 19
2117.959 18
2118.063 13
2118.167 12
2118.272 9
2118.376 10
2118.480 10
2118.585 10
2118.689 9
2118.794 8
2118.898 8
2119.002 9
2119.107 9
2119.211 9
2119.315 11
2119.420 13
2119.524 14
2119.629 15
2119.733 14
2119.837 13
2119.942 10
2120.046 9
2120.151 9
2120.255 7
2120.359 5
2120.464 5
2120.568 4
2120.673 7
2120.777 7
2120.882 7
2120.986 7
2121.090 7
2121.195 9
2121.299 10
2121.404 14
2121.508 15
2121.613 12
2121.717 12
2121.821 13
2121.926 12
2122.030 16
2122.135 16
2122.239 12
2122.344 11
2122.448 14
2122.553 14
2122.657 10
2122.762 9
2122.866 17
2122.971 17
2123.075 15
2123.179 18
2123.284 17
2123.388 19
2123.493 21
2123.597 23
2123.702 19
2123.806 19
2123.911 17
2124.015 14
2124.120 11
2124.224 11
2124.329 12
2124.433 10
2124.538 8
2124.642 7
2124.747 8
2124.852 5
2124.956 5
2125.061 6
2125.165 5
2125.270 8
2125.374 9
2125.479 10
2125.583 8
2125.688 7
2125.792 6
2125.897 5
2126.001 4
2126.106 4
2126.211 13
2126.315 14
2126.420 14
2126.524 14
2126.629 13
2126.733 12
2126.838 13
2126.942 12
2127.047 6
2127.152 8
2127.256 9
2127.361 9
2127.465 5
2127.570 12
2127.675 12
2127.779 12
2127.884 11
2127.988 8
2128.093 11
2128.198 10
2128.302 9
2128.407 6
2128.511 5
2128.616 8
2128.721 4
2128.825 4
2128.930 5
2129.035 3
2129.139 4
2129.244 4
2129.348 2
2129.453 3
2129.558 6
2129.662 7
2129.767 9
2129.872 9
2129.976 10
2130.081 12
2130.186 14
2130.290 15
2130.395 18
2130.500 20
2130.604 20
2130.709 20
2130.814 18
2130.918 15
2131.023 12
2131.128 14
2131.232 12
2131.337 14
2131.442 13
2131.546 15
2131.651 18
2131.756 15
2131.860 14
2131.965 12
2132.070 8
2132.175 8
2132.279 9
2132.384 9
2132.489 4
2132.593 4
2132.698 4
2132.803 6
2132.908 7
2133.012 9
2133.117 12
2133.222 13
2133.327 11
2133.431 9
2133.536 5
2133.641 3
2133.745 4
2133.850 4
2133.955 2
2134.060 2
2134.164 4
2134.269 6
2134.374 11
2134.479 12
2134.584 17
2134.688 16
2134.793 14
2134.898 13
2135.003 9
2135.107 10
2135.212 11
2135.317 13
2135.422 18
2135.527 16
2135.631 17
2135.736 13
2135.841 7
2135.946 7
2136.051 8
2136.155 9
2136.260 9
2136.365 12
2136.470 11
2136.575 11
2136.679 10
2136.784 9
2136.889 10
2136.994 10
2137.099 11
2137.204 11
2137.308 12
2137.413 14
2137.518 15
2137.623 16
2137.728 24
2137.833 28
2137.937 28
2138.042 27
2138.147 22
2138.252 20
2138.357 19
2138.462 20
2138.567 18
2138.671 20
2138.776 21
2138.881 20
2138.986 16
2139.091 13
2139.196 15
2139.301 15
2139.406 15
2139.511 14
2139.615 16
2139.720 18
2139.825 18
2139.930 20
2140.035 18
2140.140 18
2140.245 18
2140.350 14
2140.455 12
2140.560 11
2140.664 15
2140.769 14
2140.874 15
2140.979 15
2141.084 13
2141.189 15
2141.294 12
2141.399 12
2141.504 12
2141.609 11
2141.714 12
2141.819 12
2141.924 10
2142.029 9
2142.134 8
2142.239 7
2142.344 6
2142.448 6
2142.553 2
2142.658 3
2142.763 8
2142.868 8
2142.973 10
2143.078 10
2143.183 8
2143.288 11
2143.393 10
2143.498 9
2143.603 7
2143.708 4
2143.813 5
2143.918 5
2144.023 6
2144.128 5
2144.233 3
2144.338 3
2144.443 4
2144.548 5
2144.653 6
2144.758 6
2144.863 3
2144.968 2
2145.073 5
2145.178 5
2145.283 5
2145.389 5
2145.494 6
2145.599 5
2145.704 4
2145.809 5
2145.914 5
2146.019 6
2146.124 9
2146.229 10
2146.334 15
2146.439 16
2146.544 18
2146.649 16
2146.754 15
2146.859 14
2146.964 12
2147.069 13
2147.175 13
2147.280 14
2147.385 13
2147.490 14
2147.595 16
2147.700 16
2147.805 15
2147.910 15
2148.015 22
2148.120 21
2148.225 19
2148.331 17
2148.436 16
2148.541 16
2148.646 13
2148.751 12
2148.856 8
2148.961 6
2149.066 6
2149.172 5
2149.277 4
2149.382 9
2149.487 8
2149.592 10
2149.697 13
2149.802 8
2149.908 9
2150.013 8
2150.118 10
2150.223 15
2150.328 19
2150.433 21
2150.539 20
2150.644 17
2150.749 18
2150.854 16
2150.959 13
2151.064 12
2151.170 10
2151.275 11
2151.380 10
2151.485 11
2151.590 11
2151.696 12
2151.801 15
2151.906 15
2152.011 21
2152.116 20
2152.222 18
2152.327 19
2152.432 16
2152.537 16
2152.642 14
2152.748 14
2152.853 11
2152.958 11
2153.063 8
2153.169 7
2153.274 8
2153.379 9
2153.484 8
2153.589 10
2153.695 14
2153.800 15
2153.905 16
2154.010 15
2154.116 11
2154.221 12
2154.326 11
2154.431 13
2154.537 14
2154.642 13
2154.747 12
2154.853 11
2154.958 8
2155.063 10
2155.168 10
2155.274 9
2155.379 8
2155.484 7
2155.590 7
2155.695 7
2155.800 7
2155.905 6
2156.011 5
2156.116 5
2156.221 4
2156.327 3
2156.432 5
2156.537 5
2156.643 4
2156.748 5
2156.853 7
2156.959 9
2157.064 14
2157.169 14
2157.275 12
2157.380 13
2157.485 10
2157.591 8
2157.696 9
2157.801 5
2157.907 4
2158.012 4
2158.117 5
2158.223 5
2158.328 6
2158.433 7
2158.539 8
2158.644 9
2158.749 15
2158.855 18
2158.960 17
2159.066 18
2159.171 17
2159.276 15
2159.382 19
2159.487 17
2159.593 16
2159.698 13
2159.803 7
2159.909 6
2160.014 5
2160.120 7
2160.225 7
2160.330 8
2160.436 11
2160.541 9
2160.647 8
2160.752 10
2160.857 14
2160.963 17
2161.068 20
2161.174 19
2161.279 22
2161.385 20
2161.490 18
2161.595 16
2161.701 13
2161.806 12
2161.912 9
2162.017 10
2162.123 8
2162.228 8
2162.334 6
2162.439 6
2162.545 7
2162.650 8
2162.756 9
2162.861 9
2162.966 10
2163.072 10
2163.177 9
2163.283 8
2163.388 4
2163.494 5
2163.599 3
2163.705 3
2163.810 3
2163.916 3
2164.021 6
2164.127 6
2164.232 6
2164.338 9
2164.443 8
2164.549 9
2164.654 11
2164.760 6
2164.865 10
2164.971 9
2165.077 8
2165.182 9
2165.288 4
2165.393 4
2165.499 5
2165.604 4
2165.710 6
2165.815 6
2165.921 7
2166.026 7
2166.132 6
2166.237 6
2166.343 6
2166.449 7
2166.554 4
2166.660 4
2166.765 1
2166.871 1
2166.976 1
2167.082 1
2167.188 1
2167.293 0
2167.399 0
2167.504 0
2167.610 0
2167.716 0
2167.821 0
2167.927 0
2168.032 0
2168.138 2
2168.244 3
2168.349 4
2168.455 5
2168.560 6
2168.666 8
2168.772 8
2168.877 11
2168.983 9
2169.088 7
2169.194 7
2169.300 7
2169.405 8
2169.511 8
2169.617 11
2169.722 13
2169.828 13
2169.934 18
2170.039 18
2170.145 18
2170.251 16
2170.356 12
2170.462 11
2170.568 11
2170.673 10
2170.779 10
2170.885 12
2170.990 15
2171.096 16
2171.202 15
2171.307 16
2171.413 16
2171.519 16
2171.624 19
2171.730 15
2171.836 12
2171.941 6
2172.047 3
2172.153 4
2172.259 7
2172.364 9
2172.470 13
2172.576 16
2172.681 15
2172.787 16
2172.893 13
2172.999 12
2173.104 16
2173.210 17
2173.316 11
2173.421 13
2173.527 11
2173.633 10
2173.739 7
2173.844 8
2173.950 6
2174.056 7
2174.162 8
2174.267 6
2174.373 7
2174.479 7
2174.585 9
2174.691 11
2174.796 16
2174.902 18
2175.008 20
2175.114 21
2175.219 22
2175.325 23
2175.431 22
2175.537 24
2175.643 23
2175.748 20
2175.854 15
2175.960 11
2176.066 7
2176.172 10
2176.277 9
2176.383 9
2176.489 12
2176.595 10
2176.701 10
2176.806 9
2176.912 7
2177.018 8
2177.124 10
2177.230 9
2177.336 9
2177.441 10
2177.547 9
2177.653 10
2177.759 15
2177.865 16
2177.971 18
2178.076 18
2178.182 14
2178.288 14
2178.394 11
2178.500 9
2178.606 6
2178.712 4
2178.817 3
2178.923 3
2179.029 5
2179.135 6
2179.241 4
2179.347 4
2179.453 1
2179.559 7
2179.665 7
2179.770 7
2179.876 9
2179.982 6
2180.088 6
2180.194 7
2180.300 3
2180.406 3
2180.512 3
2180.618 5
2180.724 5
2180.829 5
2180.935 6
2181.041 9
2181.147 9
2181.253 9
2181.359 12
2181.465 9
2181.571 7
2181.677 6
2181.783 8
2181.889 8
2181.995 7
2182.101 7
2182.207 3
2182.313 3
2182.419 6
2182.525 6
2182.630 7
2182.736 7
2182.842 9
2182.948 9
2183.054 10
2183.160 10
2183.266 8
2183.372 12
2183.478 10
2183.584 12
2183.690 13
2183.796 12
2183.902 16
2184.008 17
2184.114 19
2184.220 22
2184.326 22
2184.432 22
2184.538 19
2184.644 13
2184.750 8
2184.856 7
2184.962 8
2185.068 9
2185.174 11
2185.280 10
2185.386 10
2185.493 9
2185.599 9
2185.705 11
2185.811 12
2185.917 13
2186.023 18
2186.129 15
2186.235 12
2186.341 14
2186.447 15
2186.553 18
2186.659 22
2186.765 20
2186.871 15
2186.977 13
2187.083 11
2187.189 11
2187.295 7
2187.402 8
2187.508 6
2187.614 7
2187.720 9
2187.826 9
2187.932 10
2188.038 10
2188.144 13
2188.250 12
2188.356 11
2188.463 12
2188.569 8
2188.675 7
2188.781 6
2188.887 3
2188.993 1
2189.099 3
2189.205 5
2189.311 6
2189.418 8
2189.524 9
2189.630 10
2189.736 12
2189.842 18
2189.948 17
2190.054 17
2190.161 17
2190.267 12
2190.373 12
2190.479 11
2190.585 11
2190.691 8
2190.798 9
2190.904 10
2191.010 11
2191.116 12
2191.222 13
2191.328 17
2191.435 15
2191.541 17
2191.647 17
2191.753 12
2191.859 17
2191.966 20
2192.072 18
2192.178 18
2192.284 12
2192.390 13
2192.497 14
2192.603 10
2192.709 7
2192.815 4
2192.921 3
2193.028 5
2193.134 5
2193.240 5
2193.346 6
2193.453 3
2193.559 3
2193.665 2
2193.771 2
2193.878 2
2193.984 2
2194.090 2
2194.196 2
2194.303 6
2194.409 8
2194.515 9
2194.621 11
2194.728 12
2194.834 11
2194.940 13
2195.046 14
2195.153 14
2195.259 14
2195.365 15
2195.471 11
2195.578 8
2195.684 7
2195.790 5
2195.897 7
2196.003 7
2196.109 7
2196.216 7
2196.322 9
2196.428 10
2196.534 10
2196.641 7
2196.747 7
2196.853 6
2196.960 6
2197.066 10
2197.172 10
2197.279 10
2197.385 10
2197.491 7
2197.598 7
2197.704 6
2197.810 7
2197.917 7
2198.023 7
2198.129 8
2198.236 8
2198.342 7
2198.448 9
2198.555 13
2198.661 16
2198.768 17
2198.874 18
2198.980 17
2199.087 20
2199.193 17
2199.299 11
2199.406 10
2199.512 5
2199.619 8
2199.725 9
2199.831 10
2199.938 9
2200.044 9
2200.150 8
2200.257 4
2200.363 5
2200.470 5
2200.576 5
2200.682 5
2200.789 9
2200.895 13
2201.002 15
2201.108 18
2201.215 20
2201.321 17
2201.427 16
2201.534 14
2201.640 9
2201.747 9
2201.853 9
2201.960 7
2202.066 9
2202.173 12
2202.279 13
2202.385 16
2202.492 13
2202.598 11
2202.705 9
2202.811 5
2202.918 4
2203.024 4
2203.131 4
2203.237 9
2203.344 9
2203.450 14
2203.557 15
2203.663 10
2203.770 11
2203.876 9
2203.983 8
2204.089 6
2204.196 5
2204.302 2
2204.409 2
2204.515 5
2204.622 5
2204.728 3
2204.835 4
2204.941 3
2205.048 3
2205.154 4
2205.261 4
2205.367 7
2205.474 13
2205.580 15
2205.687 16
2205.793 11
2205.900 10
2206.006 12
2206.113 11
2206.219 13
2206.326 13
2206.433 16
2206.539 18
2206.646 20
2206.752 18
2206.859 14
2206.965 13
2207.072 12
2207.178 10
2207.285 9
2207.392 8
2207.498 7
2207.605 8
2207.711 9
2207.818 9
2207.925 12
2208.031 13
2208.138 15
2208.244 19
2208.351 23
2208.458 23
2208.564 24
2208.671 24
2208.777 25
2208.884 23
2208.991 19
2209.097 17
2209.204 10
2209.310 10
2209.417 7
2209.524 6
2209.630 6
2209.737 7
2209.844 9
2209.950 9
2210.057 10
2210.164 10
2210.270 14
2210.377 13
2210.483 13
2210.590 13
2210.697 10
2210.803 10
2210.910 9
2211.017 8
2211.123 6
2211.230 6
2211.337 6
2211.443 6
2211.550 6
2211.657 6
2211.763 4
2211.870 6
2211.977 7
2212.084 9
2212.190 12
2212.297 12
2212.404 14
2212.510 17
2212.617 14
2212.724 14
2212.830 14
2212.937 12
2213.044 14
2213.151 14
2213.257 15
2213.364 14
2213.471 14
2213.578 13
2213.684 10
2213.791 10
2213.898 12
2214.004 17
2214.111 18
2214.218 20
2214.325 18
2214.431 16
2214.538 15
2214.645 15
2214.752 22
2214.858 18
2214.965 16
2215.072 14
2215.179 10
2215.286 10
2215.392 14
2215.499 15
2215.606 12
2215.713 10
2215.819 11
2215.926 9
2216.033 10
2216.140 11
2216.247 9
2216.353 8
2216.460 7
2216.567 4
2216.674 6
2216.781 5
2216.887 5
2216.994 5
2217.101 9
2217.208 11
2217.315 16
2217.421 18
2217.528 21
2217.635 20
2217.742 17
2217.849 15
2217.956 10
2218.062 9
2218.169 7
2218.276 8
2218.383 7
2218.490 7
2218.597 8
2218.704 6
2218.810 8
2218.917 8
2219.024 9
2219.131 11
2219.238 10
2219.345 10
2219.452 5
2219.558 3
2219.665 6
2219.772 6
2219.879 6
2219.986 6
2220.093 6
2220.200 6
2220.307 6
2220.414 8
2220.520 8
2220.627 8
2220.734 10
2220.841 11
2220.948 12
2221.055 13
2221.162 14
2221.269 13
2221.376 10
2221.483 10
2221.590 9
2221.697 9
2221.803 8
2221.910 9
2222.017 9
2222.124 11
2222.231 9
2222.338 9
2222.445 11
2222.552 11
2222.659 14
2222.766 14
2222.873 12
2222.980 13
2223.087 11
2223.194 10
2223.301 10
2223.408 5
2223.515 5
2223.622 4
2223.729 2
2223.836 2
2223.943 4
2224.050 4
2224.157 4
2224.264 4
2224.371 3
2224.478 3
2224.585 8
2224.692 8
2224.799 6
2224.906 6
2225.013 6
2225.120 6
2225.227 8
2225.334 8
2225.441 7
2225.548 6
2225.655 5
2225.762 7
2225.869 6
2225.976 6
2226.083 3
2226.190 2
2226.297 5
2226.404 5
2226.511 5
2226.618 5
2226.725 6
2226.832 7
2226.939 11
2227.046 10
2227.153 7
2227.260 7
2227.367 7
2227.475 8
2227.582 10
2227.689 11
2227.796 12
2227.903 16
2228.010 16
2228.117 13
2228.224 11
2228.331 10
2228.438 7
2228.545 9
2228.653 10
2228.760 7
2228.867 5
2228.974 2
2229.081 1
2229.188 3
2229.295 4
2229.402 5
2229.509 6
2229.617 9
2229.724 9
2229.831 8
2229.938 9
2230.045 5
2230.152 7
2230.259 7
2230.366 6
2230.474 8
2230.581 14
2230.688 18
2230.795 23
2230.902 22
2231.009 23
2231.117 21
2231.224 15
2231.331 15
2231.438 18
2231.545 21
2231.652 15
2231.760 13
2231.867 14
2231.974 13
2232.081 13
2232.188 15
2232.295 17
2232.403 17
2232.510 18
2232.617 16
2232.724 11
2232.831 10
2232.939 8
2233.046 8
2233.153 7
2233.260 9
2233.367 10
2233.475 11
2233.582 12
2233.689 11
2233.796 13
2233.904 11
2234.011 13
2234.118 12
2234.225 14
2234.333 13
2234.440 11
2234.547 10
2234.654 9
2234.761 9
2234.869 9
2234.976 13
2235.083 15
2235.191 17
2235.298 20
2235.405 17
2235.512 13
2235.620 13
2235.727 13
2235.834 12
2235.941 18
2236.049 18
2236.156 23
2236.263 20
2236.371 16
2236.478 16
2236.585 12
2236.692 12
2236.800 11
2236.907 10
2237.014 11
2237.122 11
2237.229 11
2237.336 11
2237.444 11
2237.551 11
2237.658 9
2237.766 7
2237.873 4
2237.980 2
2238.087 1
2238.195 4
2238.302 8
2238.409 10
2238.517 14
2238.624 12
2238.732 11
2238.839 9
2238.946 6
2239.054 5
2239.161 4
2239.268 7
2239.376 8
2239.483 8
2239.590 9
2239.698 7
2239.805 9
2239.913 11
2240.020 14
2240.127 20
2240.235 20
2240.342 21
2240.449 22
2240.557 19
2240.664 18
2240.772 19
2240.879 14
2240.986 12
2241.094 15
2241.201 13
2241.309 15
2241.416 15
2241.523 15
2241.631 15
2241.738 14
2241.846 14
2241.953 17
2242.061 16
2242.168 18
2242.275 17
2242.383 16
2242.490 16
2242.598 18
2242.705 18
2242.813 18
2242.920 18
2243.028 18
2243.135 17
2243.242 17
2243.350 17
2243.457 15
2243.565 15
2243.672 18
2243.780 17
2243.887 15
2243.995 14
2244.102 8
2244.210 7
2244.317 6
2244.425 6
2244.532 8
2244.640 8
2244.747 5
2244.855 5
2244.962 4
2245.070 4
2245.177 4
2245.285 5
2245.392 3
2245.500 3
2245.607 4
2245.715 4
2245.822 7
2245.930 8
2246.037 11
2246.145 14
2246.252 13
2246.360 14
2246.467 18
2246.575 16
2246.682 13
2246.790 12
2246.898 10
2247.005 9
2247.113 9
2247.220 11
2247.328 8
2247.435 4
2247.543 4
2247.650 3
2247.758 3
2247.866 4
2247.973 9
2248.081 9
2248.188 10
2248.296 10
2248.403 7
2248.511 10
2248.619 9
2248.726 9
2248.834 7
2248.941 6
2249.049 8
2249.157 9
2249.264 13
2249.372 11
2249.479 15
2249.587 15
2249.695 13
2249.802 13
2249.910 9
2250.017 7
2250.125 8
2250.233 7
2250.340 5
2250.448 6
2250.556 9
2250.663 12
2250.771 11
2250.879 11
2250.986 7
2251.094 7
2251.201 6
2251.309 5
2251.417 3
2251.524 1
2251.632 4
2251.740 8
2251.847 12
2251.955 14
2252.063 21
2252.170 21
2252.278 22
2252.386 22
2252.494 15
2252.601 15
2252.709 12
2252.817 13
2252.924 13
2253.032 12
2253.140 13
2253.247 10
2253.355 11
2253.463 11
2253.570 7
2253.678 7
2253.786 10
2253.894 9
2254.001 8
2254.109 7
2254.217 5
2254.325 4
2254.432 7
2254.540 6
2254.648 6
2254.755 8
2254.863 7
2254.971 8
2255.079 12
2255.186 11
2255.294 11
2255.402 11
2255.510 8
2255.617 9
2255.725 10
2255.833 10
2255.941 9
2256.048 10
2256.156 10
2256.264 10
2256.372 9
2256.480 7
2256.587 7
2256.695 8
2256.803 10
2256.911 10
2257.019 9
2257.126 11
2257.234 17
2257.342 18
2257.450 18
2257.558 17
2257.665 14
2257.773 16
2257.881 15
2257.989 15
2258.097 15
2258.204 16
2258.312 15
2258.420 13
2258.528 8
2258.636 7
2258.744 7
2258.851 8
2258.959 10
2259.067 11
2259.175 15
2259.283 16
2259.391 15
2259.499 15
2259.606 14
2259.714 16
2259.822 16
2259.930 15
2260.038 13
2260.146 9
2260.254 7
2260.361 6
2260.469 4
2260.577 5
2260.685 5
2260.793 6
2260.901 10
2261.009 11
2261.117 11
2261.225 11
2261.332 15
2261.440 13
2261.548 10
2261.656 10
2261.764 12
2261.872 12
2261.980 13
2262.088 11
2262.196 5
2262.304 4
2262.412 3
2262.519 4
2262.627 3
2262.735 4
2262.843 7
2262.951 8
2263.059 17
2263.167 19
2263.275 21
2263.383 23
2263.491 27
2263.599 27
2263.707 28
2263.815 26
2263.923 21
2264.031 18
2264.139 14
2264.247 12
2264.355 5
2264.463 5
2264.571 3
2264.679 5
2264.787 5
2264.895 7
2265.003 9
2265.110 9
2265.218 13
2265.326 13
2265.434 11
2265.542 13
2265.650 10
2265.758 11
2265.867 11
2265.975 13
2266.083 11
2266.191 10
2266.299 8
2266.407 6
2266.515 9
2266.623 10
2266.731 11
2266.839 10
2266.947 11
2267.055 11
2267.163 9
2267.271 9
2267.379 8
2267.487 8
2267.595 8
2267.703 8
2267.811 5
2267.919 8
2268.027 9
2268.135 10
2268.243 14
2268.351 11
2268.459 11
2268.568 11
2268.676 10
2268.784 11
2268.892 10
2269.000 15
2269.108 16
2269.216 16
2269.324 14
2269.432 10
2269.540 4
2269.648 3
2269.757 4
2269.865 3
2269.973 4
2270.081 4
2270.189 9
2270.297 16
2270.405 23
2270.513 24
2270.621 25
2270.730 22
2270.838 28
2270.946 28
2271.054 28
2271.162 22
2271.270 16
2271.378 14
2271.487 11
2271.595 12
2271.703 7
2271.811 6
2271.919 5
2272.027 5
2272.135 4
2272.244 4
2272.352 2
2272.460 1
2272.568 1
2272.676 1
2272.785 1
2272.893 0
2273.001 0
2273.109 3
2273.217 7
2273.325 11
2273.434 15
2273.542 12
2273.650 9
2273.758 10
2273.866 7
2273.975 7
2274.083 6
2274.191 3
2274.299 3
2274.407 3
2274.516 3
2274.624 1
2274.732 2
2274.840 2
2274.949 4
2275.057 7
2275.165 6
2275.273 8
2275.382 11
2275.490 12
2275.598 12
2275.706 10
2275.815 8
2275.923 5
2276.031 6
2276.139 8
2276.248 12
2276.356 11
2276.464 12
2276.572 10
2276.681 7
2276.789 8
2276.897 9
2277.005 10
2277.114 12
2277.222 12
2277.330 15
2277.439 15
2277.547 12
2277.655 12
2277.763 8
2277.872 9
2277.980 8
2278.088 7
2278.197 7
2278.305 6
2278.413 5
2278.522 5
2278.630 4
2278.738 3
2278.847 5
2278.955 5
2279.063 6
2279.172 6
2279.280 5
2279.388 5
2279.497 10
2279.605 13
2279.713 16
2279.822 19
2279.930 20
2280.038 19
2280.147 20
2280.255 22
2280.363 15
2280.472 15
2280.580 18
2280.689 17
2280.797 19
2280.905 18
2281.014 18
2281.122 15
2281.230 14
2281.339 12
2281.447 8
2281.556 6
2281.664 4
2281.772 4
2281.881 2
2281.989 4
2282.098 5
2282.206 7
2282.314 10
2282.423 9
2282.531 9
2282.640 9
2282.748 8
2282.856 7
2282.965 4
2283.073 3
2283.182 2
2283.290 4
2283.399 6
2283.507 6
2283.615 8
2283.724 11
2283.832 18
2283.941 19
2284.049 19
2284.158 18
2284.266 16
2284.375 15
2284.483 14
2284.592 11
2284.700 9
2284.808 11
2284.917 15
2285.025 19
2285.134 20
2285.242 18
2285.351 16
2285.459 12
2285.568 10
2285.676 10
2285.785 7
2285.893 8
2286.002 9
2286.110 10
2286.219 11
2286.327 11
2286.436 6
2286.544 5
2286.653 4
2286.761 3
2286.870 2
2286.978 2
2287.087 3
2287.195 6
2287.304 8
2287.413 10
2287.521 10
2287.630 10
2287.738 7
2287.847 6
2287.955 7
2288.064 5
2288.172 6
2288.281 6
2288.389 4
2288.498 4
2288.607 3
2288.715 3
2288.824 1
2288.932 3
2289.041 7
2289.149 8
2289.258 11
2289.367 10
2289.475 12
2289.584 11
2289.692 8
2289.801 7
2289.909 6
2290.018 6
2290.127 5
2290.235 5
2290.344 0
2290.452 0
2290.561 0
2290.670 0
2290.778 4
2290.887 4
2290.996 7
2291.104 11
2291.213 12
2291.321 14
2291.430 18
2291.539 17
2291.647 14
2291.756 13
2291.865 10
2291.973 8
2292.082 8
2292.191 9
2292.299 7
2292.408 8
2292.517 8
2292.625 10
2292.734 6
2292.842 6
2292.951 8
2293.060 8
2293.168 11
2293.277 17
2293.386 18
2293.495 18
2293.603 21
2293.712 18
2293.821 15
2293.929 14
2294.038 11
2294.147 5
2294.255 3
2294.364 3
2294.473 1
2294.581 2
2294.690 5
2294.799 5
2294.908 5
2295.016 4
2295.125 1
2295.234 1
2295.342 2
2295.451 2
2295.560 3
2295.669 3
2295.777 2
2295.886 5
2295.995 3
2296.104 3
2296.212 7
2296.321 7
2296.430 12
2296.539 18
2296.647 18
2296.756 20
2296.865 17
2296.974 16
2297.082 14
2297.191 10
2297.300 11
2297.409 10
2297.518 13
2297.626 18
2297.735 20
2297.844 19
2297.953 19
2298.061 19
2298.170 14
2298.279 11
2298.388 7
2298.497 5
2298.605 3
2298.714 3
2298.823 3
2298.932 4
2299.041 6
2299.149 8
2299.258 11
2299.367 11
2299.476 12
2299.585 11
2299.694 9
2299.802 10
2299.911 8
2300.020 9
2300.129 10
2300.238 9
2300.347 8
2300.455 7
2300.564 3
2300.673 3
2300.782 2
2300.891 2
2301.000 5
2301.109 6
2301.217 6
2301.326 6
2301.435 5
2301.544 4
2301.653 5
2301.762 6
2301.871 5
2301.980 8
2302.089 10
2302.197 11
2302.306 14
2302.415 16
2302.524 16
2302.633 15
2302.742 13
2302.851 12
2302.960 8
2303.069 9
2303.178 8
2303.286 3
2303.395 5
2303.504 2
2303.613 5
2303.722 5
2303.831 7
2303.940 9
2304.049 9
2304.158 11
2304.267 18
2304.376 17
2304.485 14
2304.594 13
2304.703 8
2304.812 8
2304.920 11
2305.029 16
2305.138 13
2305.247 14
2305.356 16
2305.465 15
2305.574 16
2305.683 17
2305.792 17
2305.901 14
2306.010 10
2306.119 6
2306.228 5
2306.337 6
2306.446 8
2306.555 8
2306.664 8
2306.773 5
2306.882 9
2306.991 10
2307.100 13
2307.209 14
2307.318 16
2307.427 19
2307.536 18
2307.645 15
2307.754 9
2307.863 5
2307.972 1
2308.081 5
2308.190 7
2308.299 6
2308.408 7
2308.518 8
2308.627 9
2308.736 10
2308.845 10
2308.954 7
2309.063 6
2309.172 6
2309.281 3
2309.390 5
2309.499 7
2309.608 7
2309.717 6
2309.826 5
2309.935 7
2310.044 10
2310.153 13
2310.263 15
2310.372 16
2310.481 16
2310.590 14
2310.699 16
2310.808 13
2310.917 12
2311.026 12
2311.135 7
2311.244 6
2311.354 5
2311.463 1
2311.572 2
2311.681 1
2311.790 3
2311.899 6
2312.008 8
2312.117 11
2312.227 10
2312.336 11
2312.445 10
2312.554 12
2312.663 12
2312.772 14
2312.881 14
2312.991 14
2313.100 15
2313.209 14
2313.318 14
2313.427 8
2313.536 7
2313.645 3
2313.755 2
2313.864 4
2313.973 4
2314.082 4
2314.191 5
2314.301 9
2314.410 9
2314.519 13
2314.628 13
2314.737 7
2314.846 7
2314.956 7
2315.065 7
2315.174 8
2315.283 8
2315.392 5
2315.502 5
2315.611 8
2315.720 7
2315.829 5
2315.939 6
2316.048 6
2316.157 6
2316.266 8
2316.375 5
2316.485 7
2316.594 8
2316.703 7
2316.812 9
2316.922 4
2317.031 3
2317.140 2
2317.249 0
2317.359 3
2317.468 3
2317.577 6
2317.686 7
2317.796 6
2317.905 9
2318.014 9
2318.124 9
2318.233 9
2318.342 6
2318.451 5
2318.561 7
2318.670 7
2318.779 4
2318.889 3
2318.998 1
2319.107 1
2319.216 1
2319.326 1
2319.435 1
2319.544 2
2319.654 3
2319.763 5
2319.872 10
2319.982 13
2320.091 14
2320.200 16
2320.310 14
2320.419 15
2320.528 14
2320.638 13
2320.747 11
2320.856 9
2320.966 9
2321.075 11
2321.184 11
2321.294 9
2321.403 9
2321.512 9
2321.622 9
2321.731 8
2321.840 8
2321.950 4
2322.059 4
2322.169 4
2322.278 4
2322.387 2
2322.497 2
2322.606 3
2322.715 3
2322.825 1
2322.934 2
2323.044 2
2323.153 4
2323.262 5
2323.372 5
2323.481 5
2323.591 4
2323.700 5
2323.809 4
2323.919 5
2324.028 4
2324.138 3
2324.247 5
2324.357 3
2324.466 3
2324.575 2
2324.685 0
2324.794 0
2324.904 0
2325.013 1
2325.123 2
2325.232 4
2325.341 4
2325.451 6
2325.560 9
2325.670 11
2325.779 12
2325.889 18
2325.998 14
2326.108 12
2326.217 10
2326.327 8
2326.436 8
2326.546 7
2326.655 7
2326.764 6
2326.874 9
2326.983 6
2327.093 5
2327.202 2
2327.312 1
2327.421 1
2327.531 3
2327.640 5
2327.750 6
2327.859 6
2327.969 4
2328.078 4
2328.188 3
2328.298 6
2328.407 9
2328.517 9
2328.626 9
2328.736 9
2328.845 6
2328.955 6
2329.064 6
2329.174 4
2329.283 4
2329.393 3
2329.502 3
2329.612 5
2329.722 5
2329.831 3
2329.941 4
2330.050 3
2330.160 3
2330.269 3
2330.379 4
2330.488 6
2330.598 8
2330.708 10
2330.817 9
2330.927 6
2331.036 5
2331.146 4
2331.256 4
2331.365 5
2331.475 5
2331.584 5
2331.694 5
2331.804 6
2331.913 6
2332.023 10
2332.132 10
2332.242 9
2332.352 9
2332.461 10
2332.571 9
2332.680 8
2332.790 7
2332.900 5
2333.009 4
2333.119 2
2333.229 1
2333.338 0
2333.448 0
2333.558 0
2333.667 3
2333.777 4
2333.886 4
2333.996 4
2334.106 1
2334.215 3
2334.325 3
2334.435 3
2334.544 3
2334.654 2
2334.764 2
2334.873 5
2334.983 5
2335.093 4
2335.203 5
2335.312 5
2335.422 6
2335.532 6
2335.641 5
2335.751 3
2335.861 2
2335.970 3
2336.080 3
2336.190 2
2336.300 2
2336.409 0
2336.519 4
2336.629 6
2336.738 7
2336.848 10
2336.958 12
2337.068 13
2337.177 13
2337.287 10
2337.397 6
2337.506 6
2337.616 7
2337.726 6
2337.836 6
2337.945 8
2338.055 7
2338.165 6
2338.275 7
2338.385 7
2338.494 7
2338.604 11
2338.714 11
2338.824 12
2338.933 14
2339.043 15
2339.153 14
2339.263 13
2339.372 12
2339.482 10
2339.592 9
2339.702 8
2339.812 7
2339.921 5
2340.031 5
2340.141 3
2340.251 3
2340.361 5
2340.470 6
2340.580 7
2340.690 7
2340.800 5
2340.910 6
2341.020 5
2341.129 6
2341.239 8
2341.349 7
2341.459 11
2341.569 10
2341.679 12
2341.788 10
2341.898 6
2342.008 5
2342.118 4
2342.228 5
2342.338 4
2342.448 5
2342.557 6
2342.667 7
2342.777 6
2342.887 5
2342.997 2
2343.107 1
2343.217 1
2343.326 1
2343.436 1
2343.546 5
2343.656 8
2343.766 7
2343.876 7
2343.986 6
2344.096 8
2344.206 7
2344.316 7
2344.425 6
2344.535 3
2344.645 3
2344.755 2
2344.865 1
2344.975 2
2345.085 2
2345.195 2
2345.305 2
2345.415 9
2345.525 9
2345.635 8
2345.744 11
2345.854 9
2345.964 9
2346.074 9
2346.184 7
2346.294 2
2346.404 2
2346.514 2
2346.624 7
2346.734 5
2346.844 4
2346.954 4
2347.064 1
2347.174 1
2347.284 1
2347.394 1
2347.504 1
2347.614 8
2347.724 8
2347.834 7
2347.944 7
2348.054 7
2348.164 8
2348.274 9
2348.384 11
2348.494 13
2348.604 14
2348.714 16
2348.824 20
2348.934 20
2349.044 18
2349.154 18
2349.264 13
2349.374 12
2349.484 11
2349.594 12
2349.704 9
2349.814 4
2349.924 3
2350.034 1
2350.144 1
2350.254 1
2350.364 1
2350.474 1
2350.584 2
2350.694 1
2350.804 1
2350.915 1
2351.025 0
2351.135 0
2351.245 0
2351.355 1
2351.465 2
2351.575 4
2351.685 4
2351.795 3
2351.905 3
2352.015 4
2352.125 4
2352.235 7
2352.346 9
2352.456 9
2352.566 9
2352.676 8
2352.786 5
2352.896 7
2353.006 6
2353.116 7
2353.226 9
2353.337 7
2353.447 8
2353.557 7
2353.667 5
2353.777 6
2353.887 6
2353.997 9
2354.107 11
2354.218 11
2354.328 11
2354.438 6
2354.548 3
2354.658 6
2354.768 7
2354.878 10
2354.989 8
2355.099 9
2355.209 9
2355.319 10
2355.429 10
2355.539 10
2355.650 12
2355.760 13
2355.870 12
2355.980 12
2356.090 11
2356.201 8
2356.311 9
2356.421 8
2356.531 5
2356.641 2
2356.752 0
2356.862 0
2356.972 0
2357.082 0
2357.192 0
2357.303 1
2357.413 2
2357.523 3
2357.633 3
2357.743 4
2357.854 3
2357.964 4
2358.074 7
2358.184 6
2358.295 6
2358.405 6
2358.515 3
2358.625 2
2358.736 2
2358.846 3
2358.956 5
2359.066 8
2359.177 9
2359.287 10
2359.397 9
2359.507 11
2359.618 11
2359.728 8
2359.838 9
2359.948 11
2360.059 12
2360.169 12
2360.279 14
2360.390 14
2360.500 14
2360.610 14
2360.721 9
2360.831 5
2360.941 4
2361.051 4
2361.162 5
2361.272 6
2361.382 6
2361.493 9
2361.603 9
2361.713 11
2361.824 10
2361.934 8
2362.044 8
2362.155 11
2362.265 10
2362.375 9
2362.486 10
2362.596 6
2362.706 7
2362.817 7
2362.927 6
2363.037 4
2363.148 3
2363.258 2
2363.368 3
2363.479 5
2363.589 6
2363.699 7
2363.810 7
2363.920 6
2364.031 6
2364.141 5
2364.251 7
2364.362 8
2364.472 8
2364.583 6
2364.693 3
2364.803 4
2364.914 4
2365.024 9
2365.134 9
2365.245 7
2365.355 8
2365.466 4
2365.576 7
2365.687 9
2365.797 9
2365.907 7
2366.018 5
2366.128 3
2366.239 3
2366.349 3
2366.459 3
2366.570 2
2366.680 2
2366.791 2
2366.901 3
2367.012 2
2367.122 4
2367.233 6
2367.343 8
2367.454 13
2367.564 12
2367.674 15
2367.785 15
2367.895 14
2368.006 14
2368.116 15
2368.227 12
2368.337 8
2368.448 7
2368.558 3
2368.669 3
2368.779 3
2368.890 4
2369.000 5
2369.111 5
2369.221 7
2369.332 7
2369.442 11
2369.553 12
2369.663 14
2369.774 13
2369.884 15
2369.995 13
2370.105 11
2370.216 10
2370.326 6
2370.437 7
2370.547 10
2370.658 12
2370.768 15
2370.879 16
2370.989 18
2371.100 18
2371.211 16
2371.321 14
2371.432 10
2371.542 10
2371.653 9
2371.763 7
2371.874 7
2371.984 7
2372.095 7
2372.206 7
2372.316 5
2372.427 5
2372.537 3
2372.648 4
2372.759 9
2372.869 10
2372.980 10
2373.090 11
2373.201 9
2373.311 9
2373.422 11
2373.533 9
2373.643 6
2373.754 8
2373.864 4
2373.975 6
2374.086 5
2374.196 5
2374.307 8
2374.418 9
2374.528 12
2374.639 11
2374.749 10
2374.860 9
2374.971 11
2375.081 9
2375.192 8
2375.303 6
2375.413 3
2375.524 3
2375.635 4
2375.745 4
2375.856 6
2375.967 6
2376.077 5
2376.188 8
2376.299 7
2376.409 8
2376.520 8
2376.631 9
2376.741 11
2376.852 10
2376.963 9
2377.073 7
2377.184 9
2377.295 9
2377.405 9
2377.516 8
2377.627 5
2377.737 6
2377.848 9
2377.959 8
2378.070 8
2378.180 11
2378.291 7
2378.402 11
2378.512 9
2378.623 8
2378.734 10
2378.845 8
2378.955 8
2379.066 8
2379.177 7
2379.288 5
2379.398 6
2379.509 6
2379.620 5
2379.731 5
2379.841 4
2379.952 4
2380.063 4
2380.174 3
2380.284 5
2380.395 7
2380.506 9
2380.617 13
2380.727 19
2380.838 18
2380.949 17
2381.060 14
2381.170 10
2381.281 9
2381.392 8
2381.503 9
2381.614 5
2381.724 4
2381.835 5
2381.946 3
2382.057 3
2382.168 3
2382.278 3
2382.389 3
2382.500 3
2382.611 3
2382.722 2
2382.833 1
2382.943 6
2383.054 6
2383.165 6
2383.276 6
2383.387 3
2383.498 3
2383.608 4
2383.719 7
2383.830 8
2383.941 8
2384.052 6
2384.163 3
2384.273 2
2384.384 6
2384.495 11
2384.606 13
2384.717 15
2384.828 12
2384.939 8
2385.050 7
2385.160 4
2385.271 4
2385.382 8
2385.493 11
2385.604 12
2385.715 11
2385.826 12
2385.937 10
2386.048 8
2386.158 7
2386.269 5
2386.380 3
2386.491 2
2386.602 4
2386.713 4
2386.824 4
2386.935 6
2387.046 5
2387.157 5
2387.268 7
2387.379 6
2387.489 6
2387.600 7
2387.711 5
2387.822 2
2387.933 2
2388.044 1
2388.155 2
2388.266 1
2388.377 1
2388.488 2
2388.599 3
2388.710 4
2388.821 5
2388.932 9
2389.043 8
2389.154 8
2389.265 7
2389.376 4
2389.487 3
2389.598 5
2389.709 6
2389.820 5
2389.931 5
2390.042 3
2390.153 5
2390.264 7
2390.375 8
2390.486 10
2390.597 7
2390.708 5
2390.819 5
2390.930 5
2391.041 6
2391.152 7
2391.263 7
2391.374 9
2391.485 10
2391.596 13
2391.707 14
2391.818 12
2391.929 12
2392.040 14
2392.151 14
2392.262 13
2392.373 11
2392.484 9
2392.595 5
2392.706 8
2392.817 8
2392.928 7
2393.039 5
2393.151 5
2393.262 5
2393.373 6
2393.484 6
2393.595 7
2393.706 6
2393.817 5
2393.928 5
2394.039 6
2394.150 7
2394.261 7
2394.372 6
2394.484 5
2394.595 5
2394.706 7
2394.817 8
2394.928 7
2395.039 6
2395.150 6
2395.261 6
2395.372 5
2395.484 5
2395.595 3
2395.706 3
2395.817 2
2395.928 2
2396.039 4
2396.150 4
2396.261 6
2396.373 6
2396.484 6
2396.595 5
2396.706 4
2396.817 4
2396.928 4
2397.040 4
2397.151 8
2397.262 8
2397.373 6
2397.484 6
2397.595 8
2397.707 7
2397.818 5
2397.929 4
2398.040 0
2398.151 0
2398.262 0
2398.374 1
2398.485 2
2398.596 3
2398.707 4
2398.818 4
2398.930 4
2399.041 4
2399.152 1
2399.263 7
2399.374 7
2399.486 7
2399.597 7
2399.708 2
2399.819 2
2399.931 2
2400.042 5
2400.153 4
2400.264 6
2400.376 7
2400.487 7
2400.598 8
2400.709 7
2400.821 7
2400.932 7
2401.043 8
2401.154 8
2401.266 8
2401.377 7
2401.488 3
2401.599 3
2401.711 3
2401.822 2
2401.933 1
2402.044 4
2402.156 5
2402.267 5
2402.378 6
2402.490 8
2402.601 8
2402.712 6
2402.823 4
2402.935 2
2403.046 0
2403.157 0
2403.269 0
2403.380 3
2403.491 3
2403.603 3
2403.714 3
2403.825 4
2403.937 4
2404.048 4
2404.159 4
2404.271 0
2404.382 0
2404.493 1
2404.605 4
2404.716 4
2404.827 4
2404.939 3
2405.050 4
2405.161 5
2405.273 7
2405.384 7
2405.495 3
2405.607 8
2405.718 6
2405.829 6
2405.941 6
2406.052 3
2406.164 4
2406.275 6
2406.386 9
2406.498 10
2406.609 10
2406.721 10
2406.832 8
2406.943 5
2407.055 5
2407.166 7
2407.277 7
2407.389 5
2407.500 5
2407.612 4
2407.723 6
2407.835 6
2407.946 8
2408.057 8
2408.169 8
2408.280 7
2408.392 5
2408.503 4
2408.615 3
2408.726 2
2408.837 2
2408.949 2
2409.060 3
2409.172 4
2409.283 4
2409.395 4
2409.506 3
2409.618 5
2409.729 5
2409.840 4
2409.952 3
2410.063 5
2410.175 5
2410.286 5
2410.398 5
2410.509 6
2410.621 6
2410.732 9
2410.844 9
2410.955 10
2411.067 10
2411.178 9
2411.290 9
2411.401 7
2411.513 7
2411.624 5
2411.736 5
2411.847 2
2411.959 2
2412.070 2
2412.182 2
2412.293 0
2412.405 1
2412.516 2
2412.628 3
2412.739 4
2412.851 4
2412.962 5
2413.074 7
2413.186 9
2413.297 9
2413.409 9
2413.520 9
2413.632 10
2413.743 9
2413.855 11
2413.966 8
2414.078 6
2414.190 6
2414.301 4
2414.413 4
2414.524 3
2414.636 4
2414.747 7
2414.859 9
2414.971 10
2415.082 10
2415.194 7
2415.305 6
2415.417 8
2415.529 7
2415.640 5
2415.752 5
2415.863 1
2415.975 1
2416.087 1
2416.198 0
2416.310 3
2416.421 3
2416.533 3
2416.645 3
2416.756 3
2416.868 3
2416.980 5
2417.091 5
2417.203 7
2417.314 8
2417.426 8
2417.538 8
2417.649 4
2417.761 3
2417.873 1
2417.984 1
2418.096 2
2418.208 2
2418.319 2
2418.431 2
2418.543 2
2418.654 2
2418.766 2
2418.878 2
2418.989 0
2419.101 0
2419.213 1
2419.324 2
2419.436 4
2419.548 5
2419.659 9
2419.771 9
2419.883 12
2419.995 12
2420.106 8
2420.218 8
2420.330 5
2420.441 5
2420.553 8
2420.665 8
2420.777 8
2420.888 8
2421.000 7
2421.112 8
2421.223 7
2421.335 8
2421.447 3
2421.559 6
2421.670 8
2421.782 8
2421.894 10
2422.006 8
2422.117 8
2422.229 7
2422.341 5
2422.453 3
2422.564 2
2422.676 2
2422.788 1
2422.900 1
2423.012 3
2423.123 5
2423.235 5
2423.347 5
2423.459 2
2423.570 5
2423.682 7
2423.794 6
2423.906 5
2424.018 4
2424.129 3
2424.241 4
2424.353 5
2424.465 5
2424.577 6
2424.688 6
2424.800 5
2424.912 5
2425.024 5
2425.136 7
2425.248 9
2425.359 8
2425.471 8
2425.583 6
2425.695 4
2425.807 4
2425.919 6
2426.030 5
2426.142 5
2426.254 5
2426.366 2
2426.478 4
2426.590 4
2426.702 4
2426.813 4
2426.925 4
2427.037 7
2427.149 7
2427.261 8
2427.373 6
2427.485 3
2427.597 3
2427.708 1
2427.820 4
2427.932 5
2428.044 6
2428.156 6
2428.268 8
2428.380 7
2428.492 7
2428.604 6
2428.715 2
2428.827 3
2428.939 2
2429.051 5
2429.163 5
2429.275 4
2429.387 5
2429.499 9
2429.611 9
2429.723 12
2429.835 12
2429.947 9
2430.059 9
2430.171 12
2430.282 11
2430.394 8
2430.506 8
2430.618 3
2430.730 3
2430.842 2
2430.954 1
2431.066 0
2431.178 0
2431.290 1
2431.402 2
2431.514 6
2431.626 7
2431.738 8
2431.850 9
2431.962 10
2432.074 12
2432.186 12
2432.298 10
2432.410 6
2432.522 3
2432.634 2
2432.746 2
2432.858 1
2432.970 1
2433.082 0
2433.194 1
2433.306 2
2433.418 3
2433.530 5
2433.642 5
2433.754 7
2433.866 7
2433.978 6
2434.090 7
2434.202 5
2434.314 5
2434.426 5
2434.538 4
2434.650 4
2434.762 4
2434.874 3
2434.987 3
2435.099 5
2435.211 5
2435.323 5
2435.435 5
2435.547 3
2435.659 3
2435.771 1
2435.883 1
2435.995 1
2436.107 1
2436.219 2
2436.331 4
2436.443 5
2436.556 5
2436.668 3
2436.780 8
2436.892 9
2437.004 9
2437.116 10
2437.228 3
2437.340 6
2437.452 5
2437.565 3
2437.677 3
2437.789 3
2437.901 4
2438.013 6
2438.125 8
2438.237 9
2438.349 9
2438.462 7
2438.574 6
2438.686 7
2438.798 7
2438.910 5
2439.022 4
2439.134 4
2439.247 4
2439.359 5
2439.471 5
2439.583 3
2439.695 3
2439.807 2
2439.920 2
2440.032 3
2440.144 3
2440.256 3
2440.368 3
2440.480 1
2440.593 1
2440.705 1
2440.817 1
2440.929 2
2441.041 2
2441.154 2
2441.266 2
2441.378 7
2441.490 7
2441.602 6
2441.715 6
2441.827 6
2441.939 6
2442.051 6
2442.164 8
2442.276 6
2442.388 7
2442.500 8
2442.613 7
2442.725 7
2442.837 6
2442.949 5
2443.061 4
2443.174 1
2443.286 1
2443.398 3
2443.510 3
2443.623 2
2443.735 2
2443.847 2
2443.960 2
2444.072 2
2444.184 2
2444.296 0
2444.409 0
2444.521 0
2444.633 0
2444.745 1
2444.858 3
2444.970 4
2445.082 5
2445.195 7
2445.307 7
2445.419 9
2445.532 9
2445.644 8
2445.756 7
2445.868 8
2445.981 7
2446.093 6
2446.205 7
2446.318 9
2446.430 8
2446.542 8
2446.655 5
2446.767 5
2446.879 5
2446.992 4
2447.104 5
2447.216 6
2447.329 7
2447.441 7
2447.553 9
2447.666 5
2447.778 4
2447.891 6
2448.003 3
2448.115 5
2448.228 7
2448.340 7
2448.452 9
2448.565 11
2448.677 11
2448.789 12
2448.902 9
2449.014 8
2449.127 7
2449.239 8
2449.351 6
2449.464 4
2449.576 7
2449.689 4
2449.801 4
2449.913 8
2450.026 5
2450.138 5
2450.251 5
2450.363 4
2450.475 4
2450.588 6
2450.700 9
2450.813 8
2450.925 8
2451.038 5
2451.150 4
2451.263 6
2451.375 7
2451.487 12
2451.600 11
2451.712 7
2451.825 6
2451.937 5
2452.050 5
2452.162 6
2452.275 8
2452.387 7
2452.499 9
2452.612 10
2452.724 13
2452.837 12
2452.949 9
2453.062 6
2453.174 6
2453.287 7
2453.399 10
2453.512 14
2453.624 11
2453.737 12
2453.849 8
2453.962 5
2454.074 5
2454.187 3
2454.299 2
2454.412 4
2454.524 5
2454.637 5
2454.749 6
2454.862 9
2454.974 9
2455.087 10
2455.199 11
2455.312 12
2455.425 11
2455.537 12
2455.650 10
2455.762 5
2455.875 5
2455.987 3
2456.100 3
2456.212 0
2456.325 0
2456.437 0
2456.550 1
2456.663 2
2456.775 3
2456.888 7
2457.000 10
2457.113 13
2457.225 13
2457.338 13
2457.451 12
2457.563 12
2457.676 12
2457.788 10
2457.901 8
2458.014 8
2458.126 8
2458.239 7
2458.351 8
2458.464 6
2458.577 5
2458.689 5
2458.802 3
2458.914 1
2459.027 1
2459.140 4
2459.252 4
2459.365 5
2459.478 5
2459.590 4
2459.703 3
2459.815 2
2459.928 1
2460.041 1
2460.153 4
2460.266 3
2460.379 4
2460.491 6
2460.604 4
2460.717 6
2460.829 5
2460.942 4
2461.055 4
2461.167 2
2461.280 2
2461.393 1
2461.505 1
2461.618 1
2461.731 1
2461.843 1
2461.956 1
2462.069 1
2462.182 1
2462.294 1
2462.407 0
2462.520 0
2462.632 0
2462.745 0
2462.858 1
2462.970 4
2463.083 5
2463.196 6
2463.309 6
2463.421 7
2463.534 6
2463.647 6
2463.759 5
2463.872 1
2463.985 2
2464.098 1
2464.210 5
2464.323 5
2464.436 6
2464.549 6
2464.661 4
2464.774 7
2464.887 5
2465.000 5
2465.112 3
2465.225 1
2465.338 1
2465.451 3
2465.564 3
2465.676 5
2465.789 5
2465.902 5
2466.015 5
2466.127 3
2466.240 4
2466.353 2
2466.466 2
2466.579 3
2466.691 4
2466.804 4
2466.917 4
2467.030 4
2467.143 2
2467.255 2
2467.368 2
2467.481 0
2467.594 0
2467.707 0
2467.820 0
2467.932 1
2468.045 1
2468.158 1
2468.271 1
2468.384 2
2468.497 2
2468.609 4
2468.722 5
2468.835 8
2468.948 8
2469.061 8
2469.174 7
2469.287 7
2469.399 8
2469.512 8
2469.625 8
2469.738 4
2469.851 5
2469.964 4
2470.077 4
2470.190 4
2470.302 3
2470.415 2
2470.528 2
2470.641 5
2470.754 4
2470.867 4
2470.980 6
2471.093 4
2471.206 4
2471.318 5
2471.431 5
2471.544 7
2471.657 6
2471.770 6
2471.883 3
2471.996 2
2472.109 2
2472.222 1
2472.335 1
2472.448 2
2472.561 2
2472.674 1
2472.786 1
2472.899 2
2473.012 3
2473.125 3
2473.238 4
2473.351 5
2473.464 4
2473.577 4
2473.690 3
2473.803 0
2473.916 0
2474.029 4
2474.142 4
2474.255 7
2474.368 8
2474.481 5
2474.594 5
2474.707 4
2474.820 3
2474.933 8
2475.046 8
2475.159 6
2475.272 7
2475.385 4
2475.498 5
2475.611 7
2475.724 7
2475.837 7
2475.950 9
2476.063 9
2476.176 10
2476.289 12
2476.402 11
2476.515 17
2476.628 17
2476.741 15
2476.854 15
2476.967 10
2477.080 12
2477.193 10
2477.306 10
2477.419 6
2477.532 9
2477.645 8
2477.759 7
2477.872 4
2477.985 3
2478.098 3
2478.211 3
2478.324 5
2478.437 4
2478.550 4
2478.663 5
2478.776 5
2478.889 6
2479.002 11
2479.115 12
2479.229 12
2479.342 12
2479.455 10
2479.568 7
2479.681 7
2479.794 5
2479.907 3
2480.020 3
2480.133 1
2480.246 1
2480.360 1
2480.473 1
2480.586 1
2480.699 1
2480.812 3
2480.925 6
2481.038 8
2481.151 8
2481.265 5
2481.378 2
2481.491 1
2481.604 1
2481.717 1
2481.830 5
2481.944 6
2482.057 7
2482.170 9
2482.283 5
2482.396 6
2482.509 5
2482.623 4
2482.736 4
2482.849 3
2482.962 3
2483.075 2
2483.188 2
2483.302 0
2483.415 0
2483.528 1
2483.641 2
2483.754 3
2483.868 4
2483.981 4
2484.094 5
2484.207 9
2484.320 8
2484.434 9
2484.547 7
2484.660 5
2484.773 5
2484.886 3
2485.000 3
2485.113 4
2485.226 5
2485.339 7
2485.453 7
2485.566 3
2485.679 3
2485.792 2
2485.906 2
2486.019 4
2486.132 3
2486.245 2
2486.359 2
2486.472 2
2486.585 2
2486.698 2
2486.812 4
2486.925 3
2487.038 3
2487.152 4
2487.265 3
2487.378 3
2487.491 3
2487.605 4
2487.718 4
2487.831 3
2487.945 3
2488.058 4
2488.171 3
2488.284 6
2488.398 6
2488.511 4
2488.624 4
2488.738 5
2488.851 6
2488.964 7
2489.078 9
2489.191 6
2489.304 6
2489.418 5
2489.531 3
2489.644 4
2489.758 4
2489.871 5
2489.984 2
2490.098 2
2490.211 3
2490.324 6
2490.438 7
2490.551 8
2490.664 8
2490.778 6
2490.891 7
2491.004 3
2491.118 3
2491.231 2
2491.345 1
2491.458 0
2491.571 0
2491.685 0
2491.798 0
2491.912 0
2492.025 0
2492.138 0
2492.252 0
2492.365 1
2492.478 1
2492.592 2
2492.705 5
2492.819 6
2492.932 7
2493.046 8
2493.159 7
2493.272 6
2493.386 6
2493.499 3
2493.613 2
2493.726 2
2493.839 3
2493.953 1
2494.066 3
2494.180 6
2494.293 6
2494.407 6
2494.520 5
2494.634 4
2494.747 3
2494.861 3
2494.974 3
2495.087 1
2495.201 1
2495.314 2
2495.428 2
2495.541 2
2495.655 3
2495.768 3
2495.882 3
2495.995 7
2496.109 6
2496.222 5
2496.336 4
2496.449 3
2496.563 4
2496.676 5
2496.790 5
2496.903 4
2497.017 4
2497.130 3
2497.244 3
2497.357 1
2497.471 0
2497.584 3
2497.698 9
2497.811 12
2497.925 12
2498.038 12
2498.152 7
2498.265 6
2498.379 6
2498.492 7
2498.606 6
2498.720 5
2498.833 6
2498.947 5
2499.060 5
2499.174 5
2499.287 4
2499.401 5
2499.514 6
2499.628 5
2499.742 5
2499.855 2
2499.969 1
2500.082 3
2500.196 3
2500.309 2
2500.423 7
2500.537 7
2500.650 10
2500.764 10
2500.877 6
2500.991 6
2501.105 4
2501.218 6
2501.332 7
2501.445 10
2501.559 11
2501.673 10
2501.786 11
2501.900 11
2502.014 9
2502.127 8
2502.241 5
2502.354 1
2502.468 1
2502.582 1
2502.695 2
2502.809 2
2502.923 3
2503.036 7
2503.150 6
2503.264 9
2503.377 9
2503.491 7
2503.605 9
2503.718 6
2503.832 6
2503.946 6
2504.059 8
2504.173 10
2504.287 10
2504.400 9
2504.514 8
2504.628 6
2504.741 6
2504.855 6
2504.969 5
2505.082 5
2505.196 5
2505.310 4
2505.423 4
2505.537 6
2505.651 6
2505.765 6
2505.878 5
2505.992 3
2506.106 5
2506.219 6
2506.333 8
2506.447 7
2506.561 4
2506.674 3
2506.788 0
2506.902 0
2507.016 0
2507.129 1
2507.243 2
2507.357 5
2507.471 6
2507.584 6
2507.698 7
2507.812 7
2507.926 8
2508.039 7
2508.153 6
2508.267 7
2508.381 6
2508.494 5
2508.608 5
2508.722 2
2508.836 2
2508.949 0
2509.063 1
2509.177 1
2509.291 1
2509.405 2
2509.518 5
2509.632 5
2509.746 5
2509.860 5
2509.974 3
2510.087 3
2510.201 4
2510.315 4
2510.429 3
2510.543 7
2510.657 7
2510.770 8
2510.884 8
2510.998 7
2511.112 10
2511.226 9
2511.340 9
2511.453 5
2511.567 2
2511.681 3
2511.795 3
2511.909 1
2512.023 1
2512.137 0
2512.250 1
2512.364 1
2512.478 1
2512.592 3
2512.706 2
2512.820 4
2512.934 4
2513.047 6
2513.161 6
2513.275 5
2513.389 5
2513.503 3
2513.617 3
2513.731 2
2513.845 3
2513.959 3
2514.072 3
2514.186 5
2514.300 5
2514.414 3
2514.528 3
2514.642 4
2514.756 6
2514.870 7
2514.984 7
2515.098 9
2515.212 5
2515.326 3
2515.440 2
2515.553 1
2515.667 1
2515.781 1
2515.895 1
2516.009 0
2516.123 0
2516.237 3
2516.351 3
2516.465 6
2516.579 6
2516.693 6
2516.807 6
2516.921 4
2517.035 4
2517.149 2
2517.263 2
2517.377 1
2517.491 1
2517.605 0
2517.719 0
2517.833 0
2517.947 0
2518.061 0
2518.175 0
2518.289 0
2518.403 0
2518.517 0
2518.631 0
2518.745 0
2518.859 2
2518.973 2
2519.087 4
2519.201 4
2519.315 2
2519.429 3
2519.543 1
2519.657 1
2519.771 1
2519.885 3
2519.999 4
2520.113 7
2520.227 11
2520.341 11
2520.455 15
2520.569 11
2520.683 6
2520.797 3
2520.911 1
2521.025 1
2521.140 1
2521.254 2
2521.368 2
2521.482 4
2521.596 4
2521.710 3
2521.824 3
2521.938 2
2522.052 2
2522.166 1
2522.280 1
2522.394 1
2522.509 1
2522.623 1
2522.737 1
2522.851 1
2522.965 1
2523.079 2
2523.193 2
2523.307 3
2523.421 3
2523.536 2
2523.650 2
2523.764 2
2523.878 2
2523.992 2
2524.106 5
2524.220 6
2524.334 6
2524.449 6
2524.563 4
2524.677 4
2524.791 4
2524.905 5
2525.019 4
2525.134 2
2525.248 2
2525.362 5
2525.476 5
2525.590 5
2525.704 5
2525.819 4
2525.933 4
2526.047 7
2526.161 10
2526.275 8
2526.389 9
2526.504 8
2526.618 7
2526.732 8
2526.846 9
2526.960 9
2527.075 8
2527.189 8
2527.303 7
2527.417 2
2527.531 5
2527.646 7
2527.760 10
2527.874 13
2527.988 13
2528.103 14
2528.217 15
2528.331 14
2528.445 14
2528.559 12
2528.674 13
2528.788 10
2528.902 8
2529.016 11
2529.131 9
2529.245 9
2529.359 6
2529.473 6
2529.588 8
2529.702 6
2529.816 6
2529.931 4
2530.045 1
2530.159 3
2530.273 4
2530.388 6
2530.502 7
2530.616 9
2530.730 8
2530.845 5
2530.959 4
2531.073 1
2531.188 1
2531.302 1
2531.416 1
2531.531 1
2531.645 1
2531.759 1
2531.873 1
2531.988 3
2532.102 5
2532.216 7
2532.331 8
2532.445 8
2532.559 9
2532.674 8
2532.788 7
2532.902 6
2533.017 5
2533.131 4
2533.245 5
2533.360 3
2533.474 1
2533.589 1
2533.703 3
2533.817 5
2533.932 6
2534.046 7
2534.160 4
2534.275 2
2534.389 1
2534.503 1
2534.618 1
2534.732 5
2534.847 5
2534.961 4
2535.075 4
2535.190 1
2535.304 2
2535.419 2
2535.533 2
2535.647 1
2535.762 0
2535.876 0
2535.991 2
2536.105 3
2536.219 3
2536.334 3
2536.448 1
2536.563 1
2536.677 2
2536.791 3
2536.906 4
2537.020 6
2537.135 5
2537.249 4
2537.364 3
2537.478 6
2537.593 7
2537.707 7
2537.821 7
2537.936 5
2538.050 4
2538.165 4
2538.279 5
2538.394 7
2538.508 6
2538.623 7
2538.737 5
2538.852 4
2538.966 4
2539.081 2
2539.195 4
2539.310 4
2539.424 5
2539.539 7
2539.653 8
2539.768 7
2539.882 8
2539.997 7
2540.111 6
2540.226 3
2540.340 2
2540.455 2
2540.569 1
2540.684 1
2540.798 4
2540.913 6
2541.027 7
2541.142 6
2541.256 3
2541.371 1
2541.485 1
2541.600 1
2541.714 1
2541.829 4
2541.943 6
2542.058 6
2542.173 6
2542.287 7
2542.402 3
2542.516 2
2542.631 2
2542.745 2
2542.860 6
2542.974 9
2543.089 11
2543.204 14
2543.318 13
2543.433 17
2543.547 15
2543.662 13
2543.777 11
2543.891 5
2544.006 5
2544.120 4
2544.235 6
2544.350 4
2544.464 4
2544.579 7
2544.693 8
2544.808 12
2544.923 13
2545.037 11
2545.152 12
2545.266 15
2545.381 14
2545.496 13
2545.610 10
2545.725 8
2545.840 8
2545.954 10
2546.069 9
2546.183 6
2546.298 5
2546.413 4
2546.527 3
2546.642 2
2546.757 2
2546.871 0
2546.986 0
2547.101 4
2547.215 5
2547.330 6
2547.445 7
2547.559 3
2547.674 2
2547.789 1
2547.903 1
2548.018 1
2548.133 1
2548.248 2
2548.362 1
2548.477 3
2548.592 3
2548.706 2
2548.821 2
2548.936 3
2549.050 4
2549.165 6
2549.280 7
2549.395 10
2549.509 9
2549.624 7
2549.739 6
2549.853 5
2549.968 4
2550.083 3
2550.198 4
2550.312 2
2550.427 2
2550.542 3
2550.657 1
2550.771 1
2550.886 2
2551.001 1
2551.116 2
2551.230 3
2551.345 3
2551.460 5
2551.575 5
2551.690 7
2551.804 7
2551.919 5
2552.034 4
2552.149 2
2552.263 1
2552.378 1
2552.493 2
2552.608 5
2552.723 5
2552.837 6
2552.952 6
2553.067 5
2553.182 5
2553.297 5
2553.411 5
2553.526 4
2553.641 4
2553.756 3
2553.871 2
2553.985 2
2554.100 2
2554.215 2
2554.330 2
2554.445 0
2554.560 0
2554.674 0
2554.789 1
2554.904 2
2555.019 3
2555.134 4
2555.249 7
2555.364 6
2555.478 5
2555.593 4
2555.708 1
2555.823 1
2555.938 1
2556.053 2
2556.168 1
2556.282 2
2556.397 2
2556.512 2
2556.627 5
2556.742 8
2556.857 10
2556.972 14
2557.087 16
2557.202 16
2557.316 14
2557.431 11
2557.546 9
2557.661 8
2557.776 8
2557.891 6
2558.006 7
2558.121 7
2558.236 7
2558.351 7
2558.466 5
2558.581 2
2558.695 2
2558.810 2
2558.925 0
2559.040 2
2559.155 2
2559.270 3
2559.385 3
2559.500 2
2559.615 2
2559.730 1
2559.845 1
2559.960 0
2560.075 0
2560.190 2
2560.305 3
2560.420 4
2560.535 4
2560.650 5
2560.765 4
2560.880 6
2560.995 6
2561.110 4
2561.225 4
2561.340 8
2561.455 7
2561.570 7
2561.685 6
2561.800 5
2561.915 5
2562.030 4
2562.145 5
2562.260 2
2562.375 2
2562.490 1
2562.605 3
2562.720 4
2562.835 4
2562.950 4
2563.065 1
2563.180 0
2563.295 1
2563.410 4
2563.525 6
2563.640 8
2563.755 7
2563.870 7
2563.985 5
2564.100 5
2564.215 5
2564.330 3
2564.445 4
2564.560 3
2564.676 4
2564.791 4
2564.906 4
2565.021 4
2565.136 2
2565.251 2
2565.366 2
2565.481 2
2565.596 0
2565.711 2
2565.826 2
2565.941 2
2566.057 2
2566.172 0
2566.287 3
2566.402 4
2566.517 7
2566.632 7
2566.747 8
2566.862 8
2566.977 6
2567.093 7
2567.208 6
2567.323 6
2567.438 6
2567.553 3
2567.668 1
2567.783 2
2567.899 2
2568.014 2
2568.129 4
2568.244 3
2568.359 3
2568.474 3
2568.589 1
2568.705 2
2568.820 2
2568.935 1
2569.050 3
2569.165 2
2569.280 2
2569.396 3
2569.511 1
2569.626 1
2569.741 1
2569.856 0
2569.972 0
2570.087 0
2570.202 0
2570.317 0
2570.432 1
2570.548 5
2570.663 7
2570.778 10
2570.893 10
2571.008 13
2571.124 12
2571.239 11
2571.354 12
2571.469 11
2571.585 11
2571.700 10
2571.815 12
2571.930 8
2572.045 7
2572.161 6
2572.276 5
2572.391 6
2572.506 6
2572.622 6
2572.737 3
2572.852 0
2572.967 0
2573.083 0
2573.198 2
2573.313 2
2573.429 3
2573.544 6
2573.659 4
2573.774 7
2573.890 6
2574.005 4
2574.120 4
2574.235 5
2574.351 5
2574.466 4
2574.581 4
2574.697 2
2574.812 2
2574.927 2
2575.043 2
2575.158 0
2575.273 0
2575.389 0
2575.504 0
2575.619 0
2575.734 0
2575.850 1
2575.965 1
2576.080 1
2576.196 1
2576.311 3
2576.426 4
2576.542 4
2576.657 7
2576.772 7
2576.888 9
2577.003 14
2577.119 13
2577.234 13
2577.349 12
2577.465 10
2577.580 8
2577.695 6
2577.811 4
2577.926 1
2578.041 1
2578.157 0
2578.272 0
2578.388 2
2578.503 4
2578.618 5
2578.734 5
2578.849 5
2578.965 3
2579.080 3
2579.195 3
2579.311 2
2579.426 2
2579.542 1
2579.657 1
2579.772 1
2579.888 1
2580.003 3
2580.119 3
2580.234 2
2580.350 2
2580.465 0
2580.580 1
2580.696 1
2580.811 1
2580.927 1
2581.042 1
2581.158 2
2581.273 3
2581.389 5
2581.504 5
2581.619 8
2581.735 8
2581.850 6
2581.966 7
2582.081 4
2582.197 4
2582.312 3
2582.428 2
2582.543 2
2582.659 2
2582.774 1
2582.890 1
2583.005 2
2583.121 2
2583.236 1
2583.352 1
2583.467 1
2583.583 1
2583.698 2
2583.814 2
2583.929 1
2584.045 1
2584.160 0
2584.276 1
2584.391 2
2584.507 3
2584.622 7
2584.738 9
2584.853 12
2584.969 13
2585.084 14
2585.200 11
2585.315 8
2585.431 6
2585.547 1
2585.662 1
2585.778 0
2585.893 0
2586.009 1
2586.124 2
2586.240 5
2586.355 7
2586.471 10
2586.587 12
2586.702 11
2586.818 11
2586.933 8
2587.049 7
2587.164 5
2587.280 5
2587.396 2
2587.511 2
2587.627 1
2587.742 2
2587.858 4
2587.974 4
2588.089 6
2588.205 5
2588.320 6
2588.436 7
2588.552 7
2588.667 7
2588.783 6
2588.899 5
2589.014 2
2589.130 2
2589.245 1
2589.361 3
2589.477 3
2589.592 3
2589.708 4
2589.824 2
2589.939 6
2590.055 8
2590.171 8
2590.286 10
2590.402 13
2590.518 10
2590.633 9
2590.749 6
2590.865 3
2590.980 3
2591.096 1
2591.212 1
2591.327 3
2591.443 3
2591.559 4
2591.674 5
2591.790 5
2591.906 6
2592.021 5
2592.137 8
2592.253 6
2592.368 7
2592.484 9
2592.600 9
2592.716 12
2592.831 13
2592.947 16
2593.063 13
2593.178 10
2593.294 7
2593.410 2
2593.526 1
2593.641 0
2593.757 0
2593.873 0
2593.989 0
2594.104 2
2594.220 2
2594.336 2
2594.452 2
2594.567 0
2594.683 0
2594.799 0
2594.915 0
2595.030 1
2595.146 1
2595.262 1
2595.378 1
2595.493 0
2595.609 0
2595.725 3
2595.841 5
2595.957 5
2596.072 5
2596.188 2
2596.304 0
2596.420 0
2596.536 0
2596.651 0
2596.767 0
2596.883 0
2596.999 1
2597.115 2
2597.230 5
2597.346 6
2597.462 5
2597.578 4
2597.694 1
2597.809 0
2597.925 0
2598.041 0
2598.157 0
2598.273 3
2598.389 3
2598.504 3
2598.620 3
2598.736 0
2598.852 0
2598.968 0
2599.084 0
2599.200 0
2599.315 0
2599.431 0
2599.547 2
2599.663 2
2599.779 2
2599.895 6
2600.011 4
2600.127 4
2600.242 4
2600.358 0
2600.474 0
2600.590 0
2600.706 0
2600.822 0
2600.938 0
2601.054 0
2601.170 0
2601.286 0
2601.401 1
2601.517 1
2601.633 1
2601.749 1
2601.865 1
2601.981 1
2602.097 1
2602.213 1
2602.329 2
2602.445 2
2602.561 2
2602.677 2
2602.793 1
2602.908 1
2603.024 4
2603.140 5
2603.256 4
2603.372 5
2603.488 2
2603.604 4
2603.720 4
2603.836 3
2603.952 3
2604.068 0
2604.184 1
2604.300 1
2604.416 1
2604.532 5
2604.648 4
2604.764 5
2604.880 5
2604.996 1
2605.112 1
2605.228 2
2605.344 3
2605.460 3
2605.576 3
2605.692 3
2605.808 2
2605.924 3
2606.040 4
2606.156 4
2606.272 5
2606.388 8
2606.504 9
2606.620 7
2606.736 6
2606.852 4
2606.968 4
2607.084 4
2607.200 4
2607.316 2
2607.432 0
2607.548 0
2607.664 0
2607.780 1
2607.897 1
2608.013 4
2608.129 4
2608.245 6
2608.361 6
2608.477 3
2608.593 3
2608.709 6
2608.825 5
2608.941 4
2609.057 3
2609.173 1
2609.289 1
2609.406 1
2609.522 1
2609.638 0
2609.754 0
2609.870 1
2609.986 2
2610.102 4
2610.218 6
2610.334 9
2610.450 8
2610.567 7
2610.683 5
2610.799 2
2610.915 3
2611.031 6
2611.147 7
2611.263 9
2611.379 11
2611.496 12
2611.612 14
2611.728 18
2611.844 16
2611.960 16
2612.076 15
2612.192 14
2612.309 13
2612.425 9
2612.541 7
2612.657 1
2612.773 1
2612.889 0
2613.006 0
2613.122 0
2613.238 0
2613.354 2
2613.470 3
2613.587 4
2613.703 5
2613.819 7
2613.935 5
2614.051 5
2614.168 3
2614.284 3
2614.400 6
2614.516 4
2614.632 4
2614.749 6
2614.865 3
2614.981 4
2615.097 4
2615.213 6
2615.330 5
2615.446 4
2615.562 3
2615.678 1
2615.795 2
2615.911 4
2616.027 5
2616.143 6
2616.260 7
2616.376 8
2616.492 10
2616.608 11
2616.725 10
2616.841 7
2616.957 5
2617.073 5
2617.190 5
2617.306 6
2617.422 6
2617.538 3
2617.655 3
2617.771 2
2617.887 2
2618.004 0
2618.120 0
2618.236 0
2618.352 0
2618.469 1
2618.585 1
2618.701 1
2618.818 1
2618.934 0
2619.050 0
2619.167 1
2619.283 1
2619.399 1
2619.516 1
2619.632 0
2619.748 0
2619.865 0
2619.981 0
2620.097 0
2620.214 0
2620.330 0
2620.446 1
2620.563 1
2620.679 1
2620.795 1
2620.912 0
2621.028 0
2621.144 0
2621.261 0
2621.377 0
2621.493 0
2621.610 0
2621.726 1
2621.843 1
2621.959 1
2622.075 1
2622.192 0
2622.308 3
2622.424 4
2622.541 4
2622.657 4
2622.774 3
2622.890 3
2623.006 3
2623.123 3
2623.239 1
2623.356 1
2623.472 1
2623.588 1
2623.705 1
2623.821 1
2623.938 2
2624.054 4
2624.171 5
2624.287 6
2624.403 5
2624.520 3
2624.636 2
2624.753 1
2624.869 1
2624.986 1
2625.102 1
2625.219 0
2625.335 0
2625.451 1
2625.568 4
2625.684 4
2625.801 5
2625.917 4
2626.034 1
2626.150 2
2626.267 4
2626.383 6
2626.500 6
2626.616 7
2626.733 5
2626.849 5
2626.966 6
2627.082 4
2627.199 3
2627.315 1
2627.432 0
2627.548 0
2627.665 0
2627.781 0
2627.898 0
2628.014 0
2628.131 0
2628.247 0
2628.364 2
2628.480 4
2628.597 5
2628.713 6
2628.830 4
2628.946 4
2629.063 3
2629.179 2
2629.296 2
2629.413 0
2629.529 0
2629.646 0
2629.762 0
2629.879 2
2629.995 2
2630.112 2
2630.228 2
2630.345 2
2630.462 2
2630.578 2
2630.695 3
2630.811 2
2630.928 2
2631.044 4
2631.161 3
2631.278 3
2631.394 3
2631.511 1
2631.627 1
2631.744 0
2631.861 1
2631.977 2
2632.094 3
2632.210 5
2632.327 6
2632.444 7
2632.560 8
2632.677 10
2632.793 9
2632.910 8
2633.027 7
2633.143 2
2633.260 2
2633.377 3
2633.493 3
2633.610 2
2633.727 2
2633.843 1
2633.960 1
2634.077 0
2634.193 0
2634.310 0
2634.426 0
2634.543 0
2634.660 0
2634.776 0
2634.893 1
2635.010 5
2635.126 6
2635.243 8
2635.360 7
2635.477 4
2635.593 3
2635.710 3
2635.827 3
2635.943 2
2636.060 2
2636.177 0
2636.293 0
2636.410 0
2636.527 0
2636.644 0
2636.760 0
2636.877 0
2636.994 1
2637.110 3
2637.227 4
2637.344 7
2637.461 6
2637.577 5
2637.694 6
2637.811 4
2637.927 4
2638.044 4
2638.161 2
2638.278 3
2638.394 3
2638.511 2
2638.628 3
2638.745 2
2638.861 2
2638.978 4
2639.095 4
2639.212 3
2639.329 3
2639.445 1
2639.562 1
2639.679 2
2639.796 3
2639.912 4
2640.029 4
2640.146 4
2640.263 4
2640.380 4
2640.496 3
2640.613 3
2640.730 3
2640.847 3
2640.964 1
2641.080 1
2641.197 1
2641.314 1
2641.431 1
2641.548 5
2641.665 5
2641.781 5
2641.898 4
2642.015 7
2642.132 6
2642.249 5
2642.366 4
2642.482 1
2642.599 1
2642.716 4
2642.833 4
2642.950 6
2643.067 6
2643.183 5
2643.300 6
2643.417 6
2643.534 7
2643.651 6
2643.768 6
2643.885 7
2644.002 7
2644.118 4
2644.235 6
2644.352 8
2644.469 7
2644.586 5
2644.703 6
2644.820 4
2644.937 3
2645.054 2
2645.170 2
2645.287 1
2645.404 1
2645.521 3
2645.638 3
2645.755 4
2645.872 5
2645.989 8
2646.106 7
2646.223 6
2646.340 6
2646.457 6
2646.573 9
2646.690 13
2646.807 13
2646.924 9
2647.041 7
2647.158 3
2647.275 3
2647.392 5
2647.509 7
2647.626 4
2647.743 4
2647.860 2
2647.977 0
2648.094 3
2648.211 5
2648.328 7
2648.445 9
2648.562 11
2648.679 10
2648.796 9
2648.913 8
2649.030 5
2649.147 4
2649.264 4
2649.381 3
2649.498 1
2649.615 1
2649.732 1
2649.849 1
2649.966 1
2650.083 1
2650.200 0
2650.317 0
2650.434 0
2650.551 0
2650.668 0
2650.785 0
2650.902 0
2651.019 0
2651.136 0
2651.253 2
2651.370 4
2651.487 4
2651.604 4
2651.721 2
2651.838 5
2651.955 5
2652.072 9
2652.189 9
2652.307 11
2652.424 11
2652.541 7
2652.658 8
2652.775 6
2652.892 6
2653.009 7
2653.126 5
2653.243 4
2653.360 4
2653.477 3
2653.594 0
2653.711 0
2653.829 0
2653.946 0
2654.063 0
2654.180 0
2654.297 3
2654.414 4
2654.531 5
2654.648 5
2654.765 2
2654.883 3
2655.000 2
2655.117 4
2655.234 4
2655.351 2
2655.468 2
2655.585 1
2655.703 2
2655.820 3
2655.937 4
2656.054 4
2656.171 7
2656.288 8
2656.405 9
2656.523 7
2656.640 7
2656.757 8
2656.874 8
2656.991 13
2657.108 11
2657.226 11
2657.343 11
2657.460 8
2657.577 7
2657.694 5
2657.811 4
2657.929 2
2658.046 2
2658.163 4
2658.280 5
2658.397 4
2658.515 4
2658.632 4
2658.749 7
2658.866 6
2658.984 5
2659.101 2
2659.218 1
2659.335 1
2659.452 1
2659.570 1
2659.687 2
2659.804 1
2659.921 2
2660.039 2
2660.156 1
2660.273 3
2660.390 6
2660.508 6
2660.625 6
2660.742 5
2660.859 2
2660.977 2
2661.094 3
2661.211 3
2661.328 2
2661.446 3
2661.563 3
2661.680 3
2661.797 5
2661.915 4
2662.032 4
2662.149 3
2662.267 2
2662.384 2
2662.501 1
2662.618 1
2662.736 0
2662.853 0
2662.970 0
2663.088 1
2663.205 1
2663.322 1
2663.440 1
2663.557 3
2663.674 6
2663.792 9
2663.909 12
2664.026 17
2664.144 14
2664.261 11
2664.378 8
2664.496 3
2664.613 3
2664.730 4
2664.848 4
2664.965 2
2665.082 2
2665.200 1
2665.317 1
2665.434 2
2665.552 3
2665.669 4
2665.786 5
2665.904 3
2666.021 2
2666.139 3
2666.256 4
2666.373 4
2666.491 4
2666.608 2
2666.726 2
2666.843 3
2666.960 3
2667.078 3
2667.195 6
2667.313 6
2667.430 7
2667.547 8
2667.665 6
2667.782 7
2667.900 7
2668.017 7
2668.134 6
2668.252 5
2668.369 6
2668.487 9
2668.604 9
2668.722 6
2668.839 6
2668.956 6
2669.074 3
2669.191 3
2669.309 3
2669.426 3
2669.544 2
2669.661 3
2669.779 3
2669.896 1
2670.014 1
2670.131 0
2670.248 0
2670.366 0
2670.483 1
2670.601 2
2670.718 2
2670.836 2
2670.953 2
2671.071 1
2671.188 1
2671.306 1
2671.423 1
2671.541 1
2671.658 1
2671.776 1
2671.893 0
2672.011 3
2672.128 3
2672.246 6
2672.363 6
2672.481 6
2672.598 6
2672.716 4
2672.833 5
2672.951 3
2673.068 3
2673.186 4
2673.304 3
2673.421 3
2673.539 3
2673.656 1
2673.774 1
2673.891 0
2674.009 0
2674.126 1
2674.244 1
2674.361 2
2674.479 2
2674.597 1
2674.714 1
2674.832 2
2674.949 2
2675.067 2
2675.184 2
2675.302 2
2675.420 2
2675.537 2
2675.655 4
2675.772 3
2675.890 4
2676.008 5
2676.125 4
2676.243 6
2676.360 6
2676.478 6
2676.596 6
2676.713 7
2676.831 7
2676.949 5
2677.066 5
2677.184 3
2677.301 3
2677.419 1
2677.537 1
2677.654 0
2677.772 0
2677.890 1
2678.007 1
2678.125 3
2678.242 3
2678.360 2
2678.478 2
2678.595 4
2678.713 4
2678.831 4
2678.948 4
2679.066 3
2679.184 3
2679.301 4
2679.419 4
2679.537 3
2679.654 3
2679.772 2
2679.890 2
2680.008 0
2680.125 0
2680.243 0
2680.361 0
2680.478 0
2680.596 0
2680.714 0
2680.831 0
2680.949 0
2681.067 0
2681.185 0
2681.302 2
2681.420 2
2681.538 3
2681.655 5
2681.773 6
2681.891 7
2682.009 7
2682.126 7
2682.244 5
2682.362 2
2682.480 2
2682.597 1
2682.715 1
2682.833 0
2682.951 0
2683.068 1
2683.186 1
2683.304 1
2683.422 1
2683.539 1
2683.657 1
2683.775 2
2683.893 2
2684.011 2
2684.128 2
2684.246 3
2684.364 3
2684.482 2
2684.599 2
2684.717 3
2684.835 3
2684.953 3
2685.071 3
2685.188 0
2685.306 0
2685.424 0
2685.542 1
2685.660 1
2685.777 1
2685.895 2
2686.013 3
2686.131 6
2686.249 8
2686.367 11
2686.484 14
2686.602 16
2686.720 15
2686.838 12
2686.956 9
2687.074 4
2687.192 3
2687.309 2
2687.427 1
2687.545 2
2687.663 3
2687.781 4
2687.899 7
2688.017 8
2688.134 8
2688.252 9
2688.370 6
2688.488 7
2688.606 6
2688.724 4
2688.842 3
2688.960 3
2689.077 3
2689.195 3
2689.313 3
2689.431 2
2689.549 2
2689.667 2
2689.785 2
2689.903 0
2690.021 0
2690.139 1
2690.257 2
2690.374 2
2690.492 2
2690.610 1
2690.728 1
2690.846 1
2690.964 1
2691.082 1
2691.200 0
2691.318 2
2691.436 2
2691.554 2
2691.672 3
2691.790 6
2691.908 6
2692.026 6
2692.144 5
2692.262 3
2692.379 3
2692.497 6
2692.615 6
2692.733 3
2692.851 3
2692.969 1
2693.087 1
2693.205 2
2693.323 2
2693.441 1
2693.559 1
2693.677 0
2693.795 0
2693.913 0
2694.031 0
2694.149 3
2694.267 3
2694.385 3
2694.503 3
2694.621 5
2694.739 4
2694.857 3
2694.975 2
2695.093 0
2695.211 2
2695.329 4
2695.448 4
2695.566 4
2695.684 2
2695.802 3
2695.920 3
2696.038 4
2696.156 4
2696.274 1
2696.392 1
2696.510 0
2696.628 0
2696.746 0
2696.864 0
2696.982 0
2697.100 0
2697.218 0
2697.336 2
2697.455 2
2697.573 2
2697.691 2
2697.809 1
2697.927 2
2698.045 2
2698.163 5
2698.281 4
2698.399 3
2698.517 3
2698.635 1
2698.754 2
2698.872 2
2698.990 2
2699.108 2
2699.226 1
2699.344 2
2699.462 2
2699.580 1
2699.699 2
2699.817 2
2699.935 2
2700.053 2
2700.171 1
2700.289 0
2700.407 0
2700.526 1
2700.644 1
2700.762 1
2700.880 3
2700.998 4
2701.116 6
2701.234 11
2701.353 10
2701.471 9
2701.589 8
2701.707 10
2701.825 9
2701.944 8
2702.062 7
2702.180 2
2702.298 2
2702.416 2
2702.534 2
2702.653 2
2702.771 2
2702.889 5
2703.007 6
2703.125 4
2703.244 4
2703.362 2
2703.480 1
2703.598 1
2703.717 1
2703.835 0
2703.953 0
2704.071 0
2704.189 0
2704.308 0
2704.426 0
2704.544 0
2704.662 1
2704.781 1
2704.899 4
2705.017 5
2705.135 4
2705.254 4
2705.372 1
2705.490 0
2705.608 0
2705.727 2
2705.845 2
2705.963 5
2706.081 5
2706.200 4
2706.318 4
2706.436 4
2706.555 4
2706.673 3
2706.791 3
2706.909 1
2707.028 1
2707.146 1
2707.264 1
2707.383 2
2707.501 2
2707.619 2
2707.738 2
2707.856 0
2707.974 0
2708.093 0
2708.211 0
2708.329 4
2708.447 5
2708.566 6
2708.684 7
2708.802 9
2708.921 9
2709.039 9
2709.157 14
2709.276 12
2709.394 11
2709.513 10
2709.631 4
2709.749 0
2709.868 0
2709.986 0
2710.104 0
2710.223 0
2710.341 0
2710.459 0
2710.578 0
2710.696 0
2710.815 0
2710.933 0
2711.051 0
2711.170 1
2711.288 1
2711.406 2
2711.525 2
2711.643 1
2711.762 1
2711.880 0
2711.998 0
2712.117 4
2712.235 4
2712.354 4
2712.472 4
2712.591 0
2712.709 0
2712.827 0
2712.946 0
2713.064 2
2713.183 2
2713.301 2
2713.420 4
2713.538 4
2713.656 4
2713.775 6
2713.893 6
2714.012 5
2714.130 7
2714.249 6
2714.367 5
2714.486 9
2714.604 6
2714.723 6
2714.841 8
2714.959 9
2715.078 8
2715.196 8
2715.315 6
2715.433 2
2715.552 1
2715.670 1
2715.789 1
2715.907 3
2716.026 3
2716.144 3
2716.263 3
2716.381 4
2716.500 5
2716.618 5
2716.737 5
2716.855 4
2716.974 3
2717.092 5
2717.211 5
2717.329 4
2717.448 4
2717.566 4
2717.685 4
2717.804 8
2717.922 9
2718.041 8
2718.159 9
2718.278 13
2718.396 13
2718.515 13
2718.633 13
2718.752 8
2718.870 10
2718.989 11
2719.108 12
2719.226 10
2719.345 7
2719.463 5
2719.582 3
2719.700 1
2719.819 1
2719.938 1
2720.056 1
2720.175 0
2720.293 0
2720.412 3
2720.531 3
2720.649 3
2720.768 3
2720.886 0
2721.005 0
2721.124 4
2721.242 5
2721.361 6
2721.479 6
2721.598 3
2721.717 2
2721.835 1
2721.954 1
2722.073 0
2722.191 0
2722.310 0
2722.428 0
2722.547 0
2722.666 0
2722.784 0
2722.903 0
2723.022 1
2723.140 1
2723.259 1
2723.378 1
2723.496 5
2723.615 6
2723.734 7
2723.852 9
2723.971 11
2724.090 10
2724.208 12
2724.327 10
2724.446 3
2724.564 3
2724.683 2
2724.802 2
2724.920 4
2725.039 4
2725.158 2
2725.277 2
2725.395 2
2725.514 2
2725.633 2
2725.751 2
2725.870 5
2725.989 6
2726.108 6
2726.226 7
2726.345 5
2726.464 4
2726.582 4
2726.701 3
2726.820 0
2726.939 0
2727.057 0
2727.176 0
2727.295 0
2727.414 0
2727.532 1
2727.651 1
2727.770 1
2727.889 1
2728.007 2
2728.126 5
2728.245 5
2728.364 6
2728.483 4
2728.601 1
2728.720 3
2728.839 2
2728.958 4
2729.076 4
2729.195 7
2729.314 7
2729.433 5
2729.552 5
2729.670 4
2729.789 5
2729.908 6
2730.027 7
2730.146 5
2730.264 6
2730.383 9
2730.502 7
2730.621 10
2730.740 9
2730.859 6
2730.977 4
2731.096 2
2731.215 2
2731.334 3
2731.453 3
2731.572 1
2731.690 1
2731.809 0
2731.928 1
2732.047 1
2732.166 2
2732.285 2
2732.403 1
2732.522 1
2732.641 0
2732.760 0
2732.879 3
2732.998 3
2733.117 3
2733.236 3
2733.354 2
2733.473 2
2733.592 2
2733.711 2
2733.830 0
2733.949 3
2734.068 3
2734.187 3
2734.306 5
2734.425 4
2734.543 4
2734.662 4
2734.781 2
2734.900 0
2735.019 0
2735.138 0
2735.257 0
2735.376 0
2735.495 0
2735.614 1
2735.733 1
2735.852 1
2735.971 1
2736.089 0
2736.208 2
2736.327 2
2736.446 2
2736.565 2
2736.684 0
2736.803 0
2736.922 1
2737.041 1
2737.160 2
2737.279 2
2737.398 4
2737.517 5
2737.636 4
2737.755 5
2737.874 2
2737.993 3
2738.112 4
2738.231 7
2738.350 9
2738.469 7
2738.588 6
2738.707 2
2738.826 0
2738.945 0
2739.064 0
2739.183 2
2739.302 2
2739.421 2
2739.540 2
2739.659 0
2739.778 1
2739.897 2
2740.016 3
2740.135 5
2740.254 5
2740.373 7
2740.492 8
2740.611 9
2740.730 10
2740.849 8
2740.968 7
2741.087 5
2741.206 4
2741.326 4
2741.445 4
2741.564 2
2741.683 3
2741.802 5
2741.921 6
2742.040 5
2742.159 4
2742.278 2
2742.397 5
2742.516 4
2742.635 3
2742.754 3
2742.874 3
2742.993 2
2743.112 3
2743.231 4
2743.350 5
2743.469 7
2743.588 10
2743.707 12
2743.826 15
2743.945 15
2744.065 13
2744.184 16
2744.303 14
2744.422 14
2744.541 13
2744.660 7
2744.779 7
2744.899 5
2745.018 5
2745.137 5
2745.256 6
2745.375 7
2745.494 8
2745.613 10
2745.733 9
2745.852 9
2745.971 9
2746.090 10
2746.209 10
2746.328 6
2746.448 6
2746.567 4
2746.686 4
2746.805 1
2746.924 1
2747.043 1
2747.163 0
2747.282 0
2747.401 2
2747.520 5
2747.639 8
2747.759 13
2747.878 13
2747.997 11
2748.116 9
2748.235 7
2748.355 6
2748.474 8
2748.593 8
2748.712 3
2748.832 5
2748.951 9
2749.070 12
2749.189 14
2749.308 12
2749.428 10
2749.547 8
2749.666 11
2749.785 10
2749.905 7
2750.024 6
2750.143 3
2750.262 3
2750.382 2
2750.501 2
2750.620 3
2750.740 4
2750.859 6
2750.978 6
2751.097 8
2751.217 9
2751.336 7
2751.455 9
2751.574 5
2751.694 4
2751.813 4
2751.932 2
2752.052 0
2752.171 0
2752.290 0
2752.410 0
2752.529 4
2752.648 4
2752.767 4
2752.887 4
2753.006 5
2753.125 4
2753.245 3
2753.364 2
2753.483 0
2753.603 0
2753.722 0
2753.841 1
2753.961 3
2754.080 3
2754.199 3
2754.319 2
2754.438 0
2754.558 0
2754.677 0
2754.796 1
2754.916 2
2755.035 2
2755.154 2
2755.274 1
2755.393 1
2755.512 1
2755.632 1
2755.751 1
2755.871 2
2755.990 2
2756.109 2
2756.229 3
2756.348 1
2756.468 1
2756.587 1
2756.706 0
2756.826 0
2756.945 0
2757.065 0
2757.184 3
2757.303 4
2757.423 4
2757.542 4
2757.662 3
2757.781 6
2757.900 6
2758.020 9
2758.139 7
2758.259 8
2758.378 8
2758.498 8
2758.617 8
2758.737 5
2758.856 5
2758.975 2
2759.095 2
2759.214 1
2759.334 1
2759.453 2
2759.573 2
2759.692 3
2759.812 4
2759.931 7
2760.051 8
2760.170 9
2760.290 8
2760.409 4
2760.529 3
2760.648 2
2760.767 2
2760.887 2
2761.006 2
2761.126 1
2761.245 1
2761.365 1
2761.484 3
2761.604 4
2761.723 4
2761.843 4
2761.963 2
2762.082 0
2762.202 0
2762.321 0
2762.441 0
2762.560 2
2762.680 3
2762.799 5
2762.919 8
2763.038 6
2763.158 6
2763.277 4
2763.397 1
2763.516 2
2763.636 1
2763.756 1
2763.875 1
2763.995 5
2764.114 5
2764.234 5
2764.353 5
2764.473 1
2764.593 1
2764.712 1
2764.832 1
2764.951 0
2765.071 0
2765.190 0
2765.310 1
2765.430 3
2765.549 5
2765.669 6
2765.788 6
2765.908 9
2766.028 8
2766.147 6
2766.267 6
2766.387 4
2766.506 5
2766.626 3
2766.745 3
2766.865 2
2766.985 1
2767.104 1
2767.224 2
2767.344 2
2767.463 3
2767.583 4
2767.702 4
2767.822 4
2767.942 4
2768.061 2
2768.181 2
2768.301 2
2768.420 2
2768.540 3
2768.660 3
2768.779 3
2768.899 3
2769.019 4
2769.138 5
2769.258 6
2769.378 7
2769.497 12
2769.617 10
2769.737 9
2769.856 7
2769.976 1
2770.096 2
2770.216 2
2770.335 2
2770.455 2
2770.575 1
2770.694 0
2770.814 0
2770.934 0
2771.054 0
2771.173 0
2771.293 0
2771.413 0
2771.532 0
2771.652 0
2771.772 0
2771.892 1
2772.011 1
2772.131 2
2772.251 2
2772.371 1
2772.490 2
2772.610 3
2772.730 5
2772.850 7
2772.969 7
2773.089 7
2773.209 5
2773.329 3
2773.448 3
2773.568 3
2773.688 3
2773.808 3
2773.928 2
2774.047 1
2774.167 1
2774.287 3
2774.407 5
2774.527 6
2774.646 10
2774.766 10
2774.886 12
2775.006 10
2775.126 6
2775.245 5
2775.365 1
2775.485 3
2775.605 3
2775.725 2
2775.844 2
2775.964 1
2776.084 1
2776.204 1
2776.324 4
2776.444 3
2776.563 3
2776.683 3
2776.803 0
2776.923 0
2777.043 0
2777.163 1
2777.283 1
2777.402 1
2777.522 1
2777.642 0
2777.762 0
2777.882 1
2778.002 1
2778.122 1
2778.241 1
2778.361 2
2778.481 2
2778.601 2
2778.721 3
2778.841 2
2778.961 2
2779.081 2
2779.201 1
2779.320 1
2779.440 1
2779.560 2
2779.680 3
2779.800 5
2779.920 6
2780.040 7
2780.160 11
2780.280 9
2780.400 9
2780.520 10
2780.640 7
2780.759 7
2780.879 6
2780.999 6
2781.119 4
2781.239 7
2781.359 7
2781.479 8
2781.599 8
2781.719 6
2781.839 6
2781.959 2
2782.079 2
2782.199 1
2782.319 1
2782.439 2
2782.559 4
2782.679 3
2782.799 3
2782.919 4
2783.039 3
2783.159 3
2783.279 3
2783.399 3
2783.519 2
2783.639 3
2783.759 3
2783.879 1
2783.999 1
2784.119 0
2784.239 1
2784.359 1
2784.479 2
2784.599 2
2784.719 2
2784.839 2
2784.959 2
2785.079 3
2785.199 2
2785.319 2
2785.439 3
2785.559 2
2785.679 2
2785.799 2
2785.919 2
2786.039 3
2786.159 3
2786.279 3
2786.399 4
2786.519 5
2786.639 7
2786.759 7
2786.880 5
2787.000 4
2787.120 3
2787.240 4
2787.360 3
2787.480 6
2787.600 5
2787.720 4
2787.840 6
2787.960 2
2788.080 2
2788.200 4
2788.321 4
2788.441 5
2788.561 5
2788.681 6
2788.801 10
2788.921 13
2789.041 14
2789.161 14
2789.281 10
2789.402 8
2789.522 7
2789.642 4
2789.762 6
2789.882 3
2790.002 3
2790.122 3
2790.243 4
2790.363 8
2790.483 8
2790.603 8
2790.723 7
2790.843 3
2790.963 4
2791.084 4
2791.204 4
2791.324 3
2791.444 2
2791.564 4
2791.684 5
2791.805 5
2791.925 7
2792.045 6
2792.165 6
2792.285 7
2792.406 7
2792.526 6
2792.646 6
2792.766 3
2792.886 1
2793.006 1
2793.127 2
2793.247 4
2793.367 4
2793.487 4
2793.608 5
2793.728 4
2793.848 4
2793.968 4
2794.088 4
2794.209 4
2794.329 5
2794.449 7
2794.569 11
2794.690 12
2794.810 13
2794.930 13
2795.050 7
2795.171 7
2795.291 6
2795.411 4
2795.531 3
2795.652 1
2795.772 2
2795.892 4
2796.012 6
2796.133 9
2796.253 9
2796.373 9
2796.494 9
2796.614 9
2796.734 9
2796.854 10
2796.975 10
2797.095 5
2797.215 4
2797.336 3
2797.456 5
2797.576 6
2797.696 6
2797.817 6
2797.937 5
2798.057 4
2798.178 8
2798.298 8
2798.418 8
2798.539 10
2798.659 7
2798.779 6
2798.900 4
2799.020 2
2799.140 1
2799.261 1
2799.381 2
2799.501 1
2799.622 1
2799.742 2
2799.862 2
2799.983 5
2800.103 5
2800.223 5
2800.344 6
2800.464 4
2800.585 4
2800.705 3
2800.825 1
2800.946 1
2801.066 1
2801.186 1
2801.307 2
2801.427 2
2801.548 2
2801.668 2
2801.788 1
2801.909 0
2802.029 1
2802.150 1
2802.270 1
2802.390 1
2802.511 0
2802.631 0
2802.752 0
2802.872 3
2802.993 3
2803.113 4
2803.233 4
2803.354 5
2803.474 5
2803.595 7
2803.715 5
2803.836 3
2803.956 1
2804.076 0
2804.197 0
2804.317 0
2804.438 0
2804.558 0
2804.679 0
2804.799 1
2804.920 1
2805.040 1
2805.161 1
2805.281 3
2805.402 4
2805.522 4
2805.643 6
2805.763 5
2805.883 4
2806.004 4
2806.124 7
2806.245 8
2806.365 6
2806.486 4
2806.606 1
2806.727 0
2806.847 2
2806.968 2
2807.088 3
2807.209 3
2807.330 2
2807.450 3
2807.571 3
2807.691 6
2807.812 8
2807.932 8
2808.053 9
2808.173 6
2808.294 4
2808.414 4
2808.535 6
2808.655 4
2808.776 4
2808.896 4
2809.017 4
2809.138 3
2809.258 3
2809.379 3
2809.499 1
2809.620 1
2809.740 1
2809.861 1
2809.982 0
2810.102 1
2810.223 1
2810.343 1
2810.464 1
2810.584 0
2810.705 0
2810.826 3
2810.946 3
2811.067 3
2811.187 3
2811.308 0
2811.429 2
2811.549 2
2811.670 2
2811.791 3
2811.911 4
2812.032 5
2812.152 5
2812.273 4
2812.394 1
2812.514 1
2812.635 2
2812.756 2
2812.876 2
2812.997 3
2813.117 3
2813.238 4
2813.359 5
2813.479 6
2813.600 5
2813.721 4
2813.841 3
2813.962 1
2814.083 1
2814.203 1
2814.324 3
2814.445 2
2814.565 2
2814.686 2
2814.807 1
2814.927 1
2815.048 1
2815.169 4
2815.290 6
2815.410 6
2815.531 6
2815.652 6
2815.772 3
2815.893 3
2816.014 3
2816.134 3
2816.255 5
2816.376 6
2816.497 8
2816.617 5
2816.738 3
2816.859 3
2816.980 1
2817.100 2
2817.221 2
2817.342 1
2817.462 1
2817.583 1
2817.704 3
2817.825 3
2817.945 3
2818.066 4
2818.187 3
2818.308 5
2818.428 5
2818.549 5
2818.670 7
2818.791 6
2818.912 6
2819.032 6
2819.153 3
2819.274 3
2819.395 3
2819.515 2
2819.636 2
2819.757 1
2819.878 1
2819.999 1
2820.119 1
2820.240 1
2820.361 1
2820.482 4
2820.603 3
2820.723 2
2820.844 2
2820.965 2
2821.086 3
2821.207 4
2821.328 5
2821.448 6
2821.569 9
2821.690 10
2821.811 9
2821.932 8
2822.053 5
2822.173 1
2822.294 1
2822.415 1
2822.536 1
2822.657 1
2822.778 2
2822.899 4
2823.019 5
2823.140 5
2823.261 9
2823.382 9
2823.503 8
2823.624 12
2823.745 9
2823.865 12
2823.986 11
2824.107 8
2824.228 8
2824.349 8
2824.470 5
2824.591 5
2824.712 6
2824.833 4
2824.954 4
2825.074 5
2825.195 8
2825.316 12
2825.437 15
2825.558 20
2825.679 19
2825.800 20
2825.921 18
2826.042 17
2826.163 15
2826.284 10
2826.405 10
2826.526 5
2826.646 6
2826.767 9
2826.888 8
2827.009 8
2827.130 7
2827.251 5
2827.372 4
2827.493 2
2827.614 2
2827.735 1
2827.856 1
2827.977 2
2828.098 3
2828.219 4
2828.340 6
2828.461 9
2828.582 9
2828.703 9
2828.824 8
2828.945 3
2829.066 2
2829.187 1
2829.308 0
2829.429 0
2829.550 0
2829.671 0
2829.792 0
2829.913 0
2830.034 0
2830.155 1
2830.276 1
2830.397 2
2830.518 2
2830.639 1
2830.760 1
2830.881 1
2831.002 1
2831.123 1
2831.244 1
2831.365 0
2831.486 0
2831.607 2
2831.728 2
2831.849 2
2831.971 2
2832.092 0
2832.213 0
2832.334 0
2832.455 0
2832.576 0
2832.697 0
2832.818 2
2832.939 2
2833.060 3
2833.181 4
2833.302 3
2833.423 3
2833.545 3
2833.666 2
2833.787 2
2833.908 2
2834.029 3
2834.150 3
2834.271 5
2834.392 5
2834.513 6
2834.634 6
2834.756 6
2834.877 6
2834.998 4
2835.119 4
2835.240 2
2835.361 2
2835.482 2
2835.604 2
2835.725 4
2835.846 4
2835.967 3
2836.088 3
2836.209 1
2836.330 1
2836.452 1
2836.573 1
2836.694 0
2836.815 0
2836.936 0
2837.057 0
2837.179 4
2837.300 5
2837.421 6
2837.542 8
2837.663 5
2837.784 4
2837.906 3
2838.027 1
2838.148 0
2838.269 0
2838.390 0
2838.512 0
2838.633 0
2838.754 0
2838.875 0
2838.996 2
2839.118 4
2839.239 8
2839.360 9
2839.481 11
2839.603 9
2839.724 5
2839.845 5
2839.966 7
2840.087 8
2840.209 9
2840.330 10
2840.451 4
2840.572 4
2840.694 3
2840.815 3
2840.936 3
2841.057 4
2841.179 5
2841.300 3
2841.421 3
2841.543 1
2841.664 2
2841.785 2
2841.906 2
2842.028 2
2842.149 0
2842.270 3
2842.391 3
2842.513 3
2842.634 3
2842.755 1
2842.877 1
2842.998 1
2843.119 1
2843.241 0
2843.362 0
2843.483 3
2843.604 3
2843.726 3
2843.847 5
2843.968 2
2844.090 2
2844.211 2
2844.332 0
2844.454 2
2844.575 2
2844.696 2
2844.818 3
2844.939 4
2845.060 4
2845.182 4
2845.303 3
2845.424 1
2845.546 3
2845.667 4
2845.789 4
2845.910 4
2846.031 2
2846.153 1
2846.274 1
2846.395 0
2846.517 0
2846.638 1
2846.760 1
2846.881 3
2847.002 4
2847.124 6
2847.245 10
2847.366 14
2847.488 13
2847.609 10
2847.731 5
2847.852 3
2847.974 3
2848.095 4
2848.216 1
2848.338 1
2848.459 1
2848.581 0
2848.702 0
2848.823 1
2848.945 1
2849.066 1
2849.188 1
2849.309 1
2849.431 1
2849.552 1
2849.674 1
2849.795 4
2849.916 4
2850.038 6
2850.159 8
2850.281 7
2850.402 7
2850.524 5
2850.645 7
2850.767 5
2850.888 6
2851.010 7
2851.131 9
2851.253 11
2851.374 11
2851.496 12
2851.617 9
2851.738 8
2851.860 7
2851.981 5
2852.103 2
2852.224 4
2852.346 4
2852.467 4
2852.589 4
2852.710 0
2852.832 0
2852.954 0
2853.075 0
2853.197 0
2853.318 0
2853.440 0
2853.561 0
2853.683 0
2853.804 0
2853.926 5
2854.047 8
2854.169 10
2854.290 11
2854.412 7
2854.533 10
2854.655 8
2854.777 7
2854.898 7
2855.020 3
2855.141 6
2855.263 6
2855.384 5
2855.506 5
2855.628 2
2855.749 2
2855.871 2
2855.992 1
2856.114 1
2856.235 1
2856.357 1
2856.479 0
2856.600 2
2856.722 2
2856.843 2
2856.965 3
2857.087 1
2857.208 1
2857.330 1
2857.452 0
2857.573 0
2857.695 0
2857.816 0
2857.938 2
2858.060 6
2858.181 6
2858.303 6
2858.425 6
2858.546 2
2858.668 2
2858.789 2
2858.911 1
2859.033 2
2859.154 2
2859.276 2
2859.398 1
2859.519 2
2859.641 2
2859.763 3
2859.884 6
2860.006 5
2860.128 7
2860.249 8
2860.371 6
2860.493 7
2860.614 5
2860.736 3
2860.858 4
2860.980 7
2861.101 7
2861.223 8
2861.345 7
2861.466 8
2861.588 8
2861.710 8
2861.831 8
2861.953 4
2862.075 4
2862.197 4
2862.318 3
2862.440 1
2862.562 2
2862.683 3
2862.805 4
2862.927 5
2863.049 5
2863.170 5
2863.292 5
2863.414 8
2863.536 8
2863.657 6
2863.779 11
2863.901 10
2864.023 10
2864.144 8
2864.266 5
2864.388 6
2864.510 6
2864.631 5
2864.753 3
2864.875 2
2864.997 2
2865.119 2
2865.240 2
2865.362 0
2865.484 1
2865.606 3
2865.728 3
2865.849 3
2865.971 2
2866.093 1
2866.215 3
2866.337 4
2866.458 4
2866.580 4
2866.702 3
2866.824 7
2866.946 7
2867.067 8
2867.189 11
2867.311 7
2867.433 9
2867.555 8
2867.677 4
2867.798 4
2867.920 4
2868.042 5
2868.164 8
2868.286 10
2868.408 9
2868.530 11
2868.651 8
2868.773 5
2868.895 4
2869.017 1
2869.139 1
2869.261 4
2869.383 4
2869.505 3
2869.626 3
2869.748 7
2869.870 6
2869.992 5
2870.114 6
2870.236 7
2870.358 7
2870.480 7
2870.602 8
2870.723 5
2870.845 5
2870.967 5
2871.089 2
2871.211 1
2871.333 2
2871.455 4
2871.577 5
2871.699 5
2871.821 6
2871.943 5
2872.065 5
2872.186 6
2872.308 5
2872.430 4
2872.552 4
2872.674 7
2872.796 6
2872.918 6
2873.040 10
2873.162 5
2873.284 5
2873.406 5
2873.528 3
2873.650 2
2873.772 1
2873.894 0
2874.016 1
2874.138 1
2874.260 1
2874.382 1
2874.504 0
2874.626 1
2874.748 2
2874.870 3
2874.992 7
2875.114 7
2875.236 6
2875.358 5
2875.480 2
2875.602 1
2875.724 2
2875.846 3
2875.968 4
2876.090 5
2876.212 5
2876.334 5
2876.456 7
2876.578 5
2876.700 5
2876.822 5
2876.944 3
2877.066 3
2877.188 3
2877.310 4
2877.432 3
2877.554 2
2877.676 2
2877.798 1
2877.920 1
2878.043 0
2878.165 0
2878.287 0
2878.409 1
2878.531 1
2878.653 1
2878.775 1
2878.897 1
2879.019 1
2879.141 1
2879.263 1
2879.385 0
2879.507 2
2879.630 2
2879.752 2
2879.874 2
2879.996 2
2880.118 3
2880.240 4
2880.362 5
2880.484 7
2880.606 6
2880.729 5
2880.851 5
2880.973 2
2881.095 3
2881.217 3
2881.339 2
2881.461 1
2881.584 0
2881.706 0
2881.828 0
2881.950 4
2882.072 5
2882.194 5
2882.316 8
2882.439 11
2882.561 12
2882.683 13
2882.805 19
2882.927 15
2883.049 13
2883.172 13
2883.294 11
2883.416 8
2883.538 7
2883.660 5
2883.782 2
2883.905 4
2884.027 4
2884.149 5
2884.271 4
2884.393 6
2884.516 6
2884.638 7
2884.760 7
2884.882 3
2885.005 3
2885.127 1
2885.249 1
2885.371 0
2885.493 0
2885.616 0
2885.738 0
2885.860 1
2885.982 1
2886.105 1
2886.227 1
2886.349 1
2886.471 1
2886.594 1
2886.716 1
2886.838 1
2886.960 1
2887.083 4
2887.205 8
2887.327 13
2887.449 13
2887.572 10
2887.694 6
2887.816 2
2887.938 2
2888.061 2
2888.183 4
2888.305 5
2888.428 7
2888.550 7
2888.672 5
2888.794 3
2888.917 1
2889.039 1
2889.161 1
2889.284 2
2889.406 2
2889.528 3
2889.651 3
2889.773 1
2889.895 1
2890.018 0
2890.140 0
2890.262 0
2890.385 0
2890.507 0
2890.629 0
2890.752 0
2890.874 0
2890.996 0
2891.119 1
2891.241 3
2891.363 3
2891.486 3
2891.608 3
2891.730 1
2891.853 1
2891.975 2
2892.097 3
2892.220 3
2892.342 3
2892.465 3
2892.587 2
2892.709 2
2892.832 2
2892.954 1
2893.077 0
2893.199 1
2893.321 1
2893.444 1
2893.566 1
2893.689 1
2893.811 1
2893.933 1
2894.056 1
2894.178 1
2894.301 1
2894.423 1
2894.545 2
2894.668 6
2894.790 6
2894.913 6
2895.035 9
2895.158 7
2895.280 6
2895.402 5
2895.525 4
2895.647 4
2895.770 4
2895.892 6
2896.015 6
2896.137 2
2896.260 2
2896.382 1
2896.504 1
2896.627 1
2896.749 1
2896.872 0
2896.994 0
2897.117 0
2897.239 0
2897.362 0
2897.484 0
2897.607 0
2897.729 2
2897.852 3
2897.974 3
2898.097 3
2898.219 1
2898.342 1
2898.464 1
2898.587 2
2898.709 2
2898.832 1
2898.954 2
2899.077 1
2899.199 1
2899.322 1
2899.444 1
2899.567 1
2899.689 1
2899.812 3
2899.935 3
2900.057 6
2900.180 9
2900.302 10
2900.425 10
2900.547 11
2900.670 8
2900.792 6
2900.915 5
2901.038 3
2901.160 3
2901.283 2
2901.405 2
2901.528 0
2901.650 0
2901.773 0
2901.896 2
2902.018 6
2902.141 6
2902.263 8
2902.386 8
2902.508 7
2902.631 8
2902.754 9
2902.876 8
2902.999 6
2903.121 6
2903.244 3
2903.367 3
2903.489 3
2903.612 3
2903.735 0
2903.857 0
2903.980 0
2904.102 0
2904.225 0
2904.348 0
2904.470 0
2904.593 0
2904.716 0
2904.838 0
2904.961 0
2905.084 0
2905.206 0
2905.329 0
2905.451 0
2905.574 0
2905.697 0
2905.819 3
2905.942 3
2906.065 3
2906.187 4
2906.310 1
2906.433 1
2906.556 1
2906.678 3
2906.801 3
2906.924 5
2907.046 5
2907.169 5
2907.292 5
2907.414 6
2907.537 6
2907.660 5
2907.782 5
2907.905 2
2908.028 2
2908.151 0
2908.273 1
2908.396 1
2908.519 1
2908.642 1
2908.764 0
2908.887 1
2909.010 2
2909.132 3
2909.255 5
2909.378 6
2909.501 5
2909.623 5
2909.746 5
2909.869 3
2909.992 3
2910.114 4
2910.237 2
2910.360 3
2910.483 3
2910.605 1
2910.728 1
2910.851 1
2910.974 1
2911.097 2
2911.219 2
2911.342 3
2911.465 3
2911.588 3
2911.711 4
2911.833 3
2911.956 4
2912.079 5
2912.202 7
2912.325 7
2912.447 7
2912.570 5
2912.693 3
2912.816 6
2912.939 6
2913.061 3
2913.184 3
2913.307 3
2913.430 3
2913.553 3
2913.676 3
2913.798 1
2913.921 2
2914.044 2
2914.167 2
2914.290 3
2914.413 2
2914.535 2
2914.658 4
2914.781 3
2914.904 3
2915.027 3
2915.150 3
2915.273 2
2915.396 2
2915.518 2
2915.641 0
2915.764 1
2915.887 1
2916.010 1
2916.133 1
2916.256 1
2916.379 1
2916.502 1
2916.624 1
2916.747 2
2916.870 2
2916.993 2
2917.116 2
2917.239 2
2917.362 2
2917.485 4
2917.608 4
2917.731 6
2917.854 6
2917.976 4
2918.099 4
2918.222 3
2918.345 3
2918.468 3
2918.591 3
2918.714 0
2918.837 0
2918.960 1
2919.083 2
2919.206 6
2919.329 6
2919.452 5
2919.575 4
2919.698 3
2919.821 3
2919.944 3
2920.067 3
2920.190 0
2920.313 2
2920.436 2
2920.559 2
2920.682 2
2920.805 0
2920.928 0
2921.051 0
2921.174 3
2921.297 3
2921.420 3
2921.543 4
2921.666 3
2921.789 3
2921.912 3
2922.035 2
2922.158 4
2922.281 5
2922.404 6
2922.527 8
2922.650 6
2922.773 6
2922.896 6
2923.019 5
2923.142 1
2923.265 1
2923.388 1
2923.511 1
2923.634 4
2923.757 4
2923.880 4
2924.003 4
2924.126 2
2924.249 2
2924.372 2
2924.495 2
2924.618 0
2924.742 0
2924.865 1
2924.988 2
2925.111 3
2925.234 3
2925.357 2
2925.480 1
2925.603 5
2925.726 9
2925.849 10
2925.972 11
2926.096 12
2926.219 8
2926.342 7
2926.465 4
2926.588 4
2926.711 7
2926.834 7
2926.957 7
2927.080 8
2927.204 5
2927.327 5
2927.450 3
2927.573 0
2927.696 0
2927.819 0
2927.942 0
2928.066 2
2928.189 2
2928.312 3
2928.435 5
2928.558 4
2928.681 4
2928.804 5
2928.928 4
2929.051 5
2929.174 5
2929.297 3
2929.420 3
2929.544 1
2929.667 3
2929.790 3
2929.913 3
2930.036 3
2930.159 1
2930.283 1
2930.406 0
2930.529 2
2930.652 3
2930.775 5
2930.899 7
2931.022 6
2931.145 6
2931.268 5
2931.391 4
2931.515 4
2931.638 4
2931.761 4
2931.884 1
2932.008 1
2932.131 1
2932.254 1
2932.377 1
2932.501 2
2932.624 2
2932.747 2
2932.870 3
2932.994 4
2933.117 5
2933.240 7
2933.363 6
2933.487 5
2933.610 5
2933.733 4
2933.856 4
2933.980 6
2934.103 5
2934.226 4
2934.349 3
2934.473 1
2934.596 1
2934.719 1
2934.843 1
2934.966 2
2935.089 2
2935.213 3
2935.336 4
2935.459 3
2935.582 4
2935.706 6
2935.829 5
2935.952 7
2936.076 6
2936.199 5
2936.322 5
2936.446 8
2936.569 8
2936.692 6
2936.816 6
2936.939 4
2937.062 4
2937.186 4
2937.309 4
2937.432 3
2937.556 4
2937.679 4
2937.802 4
2937.926 2
2938.049 1
2938.173 1
2938.296 4
2938.419 4
2938.543 5
2938.666 6
2938.789 5
2938.913 7
2939.036 8
2939.160 9
2939.283 8
2939.406 4
2939.530 3
2939.653 2
2939.776 2
2939.900 0
2940.023 0
2940.147 0
2940.270 0
2940.393 1
2940.517 2
2940.640 3
2940.764 4
2940.887 4
2941.011 5
2941.134 6
2941.257 5
2941.381 7
2941.504 7
2941.628 7
2941.751 5
2941.875 1
2941.998 1
2942.122 2
2942.245 2
2942.368 1
2942.492 4
2942.615 7
2942.739 10
2942.862 14
2942.986 13
2943.109 11
2943.233 10
2943.356 9
2943.480 7
2943.603 5
2943.727 5
2943.850 4
2943.974 4
2944.097 4
2944.221 2
2944.344 3
2944.468 3
2944.591 3
2944.715 3
2944.838 3
2944.962 3
2945.085 3
2945.209 3
2945.332 0
2945.456 0
2945.579 0
2945.703 0
2945.826 2
2945.950 2
2946.073 2
2946.197 2
2946.320 3
2946.444 3
2946.567 4
2946.691 4
2946.815 2
2946.938 2
2947.062 2
2947.185 3
2947.309 3
2947.432 4
2947.556 6
2947.679 5
2947.803 4
2947.927 3
2948.050 1
2948.174 1
2948.297 1
2948.421 1
2948.544 0
2948.668 0
2948.792 6
2948.915 6
2949.039 6
2949.162 6
2949.286 3
2949.410 3
2949.533 3
2949.657 3
2949.780 0
2949.904 0
2950.028 0
2950.151 0
2950.275 0
2950.399 0
2950.522 0
2950.646 0
2950.769 0
2950.893 0
2951.017 1
2951.140 1
2951.264 5
2951.388 5
2951.511 5
2951.635 5
2951.759 3
2951.882 3
2952.006 2
2952.130 2
2952.253 3
2952.377 6
2952.501 7
2952.624 9
2952.748 7
2952.872 4
2952.995 3
2953.119 1
2953.243 0
2953.366 0
2953.490 3
2953.614 3
2953.737 5
2953.861 5
2953.985 2
2954.109 2
2954.232 1
2954.356 2
2954.480 4
2954.603 4
2954.727 12
2954.851 10
2954.975 10
2955.098 13
2955.222 9
2955.346 9
2955.470 8
2955.593 4
2955.717 2
2955.841 2
2955.964 0
2956.088 0
2956.212 1
2956.336 3
2956.459 3
2956.583 3
2956.707 3
2956.831 1
2956.955 1
2957.078 3
2957.202 3
2957.326 3
2957.450 3
2957.573 2
2957.697 2
2957.821 3
2957.945 4
2958.069 4
2958.192 4
2958.316 4
2958.440 5
2958.564 6
2958.688 4
2958.811 4
2958.935 4
2959.059 5
2959.183 3
2959.307 3
2959.430 2
2959.554 0
2959.678 0
2959.802 0
2959.926 0
2960.050 0
2960.173 0
2960.297 0
2960.421 0
2960.545 1
2960.669 4
2960.793 4
2960.916 4
2961.040 3
2961.164 6
2961.288 6
2961.412 6
2961.536 6
2961.660 2
2961.783 2
2961.907 2
2962.031 2
2962.155 0
2962.279 0
2962.403 0
2962.527 0
2962.651 0
2962.775 0
2962.898 0
2963.022 1
2963.146 2
2963.270 2
2963.394 2
2963.518 2
2963.642 4
2963.766 4
2963.890 4
2964.014 5
2964.138 3
2964.261 3
2964.385 3
2964.509 1
2964.633 0
2964.757 0
2964.881 0
2965.005 0
2965.129 0
2965.253 2
2965.377 2
2965.501 2
2965.625 2
2965.749 0
2965.873 0
2965.997 0
2966.121 0
2966.245 0
2966.369 0
2966.493 0
2966.616 1
2966.740 2
2966.864 2
2966.988 2
2967.112 1
2967.236 2
2967.360 2
2967.484 5
2967.608 5
2967.732 3
2967.856 3
2967.980 1
2968.104 1
2968.228 1
2968.352 1
2968.476 1
2968.600 2
2968.724 2
2968.848 2
2968.972 1
2969.097 0
2969.221 0
2969.345 0
2969.469 2
2969.593 5
2969.717 5
2969.841 5
2969.965 5
2970.089 3
2970.213 3
2970.337 3
2970.461 1
2970.585 0
2970.709 0
2970.833 0
2970.957 1
2971.081 3
2971.205 4
2971.329 8
2971.454 7
2971.578 9
2971.702 8
2971.826 6
2971.950 6
2972.074 3
2972.198 3
2972.322 4
2972.446 4
2972.570 5
2972.694 5
2972.819 2
2972.943 2
2973.067 5
2973.191 4
2973.315 3
2973.439 6
2973.563 5
2973.687 5
2973.811 5
2973.936 5
2974.060 4
2974.184 4
2974.308 5
2974.432 5
2974.556 9
2974.680 8
2974.805 9
2974.929 10
2975.053 11
2975.177 11
2975.301 8
2975.425 11
2975.550 10
2975.674 9
2975.798 9
2975.922 5
2976.046 5
2976.170 6
2976.295 8
2976.419 7
2976.543 6
2976.667 6
2976.791 3
2976.916 4
2977.040 4
2977.164 4
2977.288 1
2977.412 0
2977.537 0
2977.661 0
2977.785 3
2977.909 3
2978.033 3
2978.158 3
2978.282 2
2978.406 2
2978.530 2
2978.655 2
2978.779 0
2978.903 0
2979.027 0
2979.151 0
2979.276 1
2979.400 2
2979.524 3
2979.648 4
2979.773 5
2979.897 5
2980.021 6
2980.146 9
2980.270 13
2980.394 17
2980.518 17
2980.643 16
2980.767 11
2980.891 6
2981.015 7
2981.140 6
2981.264 4
2981.388 2
2981.513 1
2981.637 1
2981.761 0
2981.885 0
2982.010 0
2982.134 0
2982.258 1
2982.383 5
2982.507 7
2982.631 7
2982.756 6
2982.880 3
2983.004 1
2983.129 1
2983.253 3
2983.377 2
2983.502 4
2983.626 7
2983.750 6
2983.875 6
2983.999 6
2984.123 4
2984.248 3
2984.372 3
2984.496 1
2984.621 0
2984.745 0
2984.869 0
2984.994 1
2985.118 1
2985.243 1
2985.367 3
2985.491 2
2985.616 2
2985.740 2
2985.864 1
2985.989 1
2986.113 1
2986.238 1
2986.362 0
2986.486 0
2986.611 0
2986.735 1
2986.860 1
2986.984 1
2987.108 1
2987.233 4
2987.357 4
2987.482 4
2987.606 4
2987.731 0
2987.855 0
2987.979 0
2988.104 0
2988.228 1
2988.353 1
2988.477 1
2988.602 1
2988.726 0
2988.850 0
2988.975 0
2989.099 0
2989.224 0
2989.348 1
2989.473 4
2989.597 4
2989.722 4
2989.846 4
2989.971 4
2990.095 4
2990.220 4
2990.344 6
2990.469 4
2990.593 4
2990.718 4
2990.842 1
2990.967 2
2991.091 2
2991.216 2
2991.340 4
2991.465 2
2991.589 2
2991.714 2
2991.838 1
2991.963 2
2992.087 4
2992.212 4
2992.336 4
2992.461 6
2992.585 4
2992.710 4
2992.834 4
2992.959 3
2993.083 3
2993.208 3
2993.332 2
2993.457 0
2993.582 0
2993.706 0
2993.831 0
2993.955 0
2994.080 2
2994.204 2
2994.329 2
2994.453 2
2994.578 0
2994.703 0
2994.827 0
2994.952 1
2995.076 1
2995.201 1
2995.325 2
2995.450 6
2995.575 6
2995.699 6
2995.824 8
2995.948 4
2996.073 4
2996.198 4
2996.322 2
2996.447 1
2996.572 1
2996.696 1
2996.821 0
2996.945 3
2997.070 3
2997.195 5
2997.319 5
2997.444 2
2997.569 2
2997.693 0
2997.818 0
2997.942 0
2998.067 1
2998.192 1
2998.316 2
2998.441 2
2998.566 1
2998.690 1
2998.815 1
2998.940 2
2999.064 2
2999.189 2
2999.314 1
2999.438 0
2999.563 0
2999.688 0
2999.812 1
2999.937 1
3000.062 1
3000.186 1
3000.311 0
3000.436 0
3000.561 1
3000.685 1
3000.810 1
3000.935 1
3001.059 0
3001.184 0
3001.309 0
3001.433 3
3001.558 3
3001.683 3
3001.808 3
3001.932 3
3002.057 3
3002.182 3
3002.307 3
3002.431 2
3002.556 2
3002.681 3
3002.806 3
3002.930 1
3003.055 2
3003.180 1
3003.305 2
3003.429 2
3003.554 1
3003.679 2
3003.804 1
3003.928 1
3004.053 1
3004.178 4
3004.303 5
3004.427 6
3004.552 6
3004.677 2
3004.802 1
3004.927 3
3005.051 3
3005.176 4
3005.301 5
3005.426 4
3005.551 5
3005.675 7
3005.800 7
3005.925 5
3006.050 5
3006.175 2
3006.300 1
3006.424 4
3006.549 3
3006.674 3
3006.799 3
3006.924 3
3007.049 4
3007.173 4
3007.298 5
3007.423 3
3007.548 4
3007.673 7
3007.798 6
3007.922 5
3008.047 4
3008.172 3
3008.297 3
3008.422 4
3008.547 3
3008.672 1
3008.796 1
3008.921 3
3009.046 3
3009.171 4
3009.296 4
3009.421 1
3009.546 1
3009.671 0
3009.796 0
3009.920 2
3010.045 2
3010.170 3
3010.295 3
3010.420 1
3010.545 3
3010.670 2
3010.795 2
3010.920 2
3011.045 0
3011.170 2
3011.295 5
3011.419 5
3011.544 5
3011.669 4
3011.794 1
3011.919 1
3012.044 2
3012.169 1
3012.294 2
3012.419 3
3012.544 2
3012.669 3
3012.794 2
3012.919 1
3013.044 1
3013.169 0
3013.294 0
3013.419 1
3013.544 2
3013.669 2
3013.794 2
3013.919 1
3014.044 0
3014.169 0
3014.294 0
3014.419 3
3014.544 3
3014.669 3
3014.794 3
3014.919 0
3015.044 0
3015.169 0
3015.294 2
3015.419 2
3015.544 2
3015.669 4
3015.794 3
3015.919 3
3016.044 3
3016.169 3
3016.294 2
3016.419 2
3016.544 2
3016.669 3
3016.794 5
3016.919 8
3017.044 8
3017.169 10
3017.294 7
3017.419 5
3017.544 4
3017.669 2
3017.794 2
3017.919 0
3018.045 0
3018.170 0
3018.295 0
3018.420 1
3018.545 1
3018.670 1
3018.795 1
3018.920 0
3019.045 0
3019.170 0
3019.295 1
3019.420 2
3019.546 2
3019.671 4
3019.796 4
3019.921 3
3020.046 3
3020.171 2
3020.296 1
3020.421 1
3020.546 2
3020.672 1
3020.797 1
3020.922 1
3021.047 0
3021.172 0
3021.297 1
3021.422 2
3021.548 4
3021.673 8
3021.798 10
3021.923 11
3022.048 10
3022.173 9
3022.298 7
3022.424 5
3022.549 5
3022.674 3
3022.799 3
3022.924 0
3023.049 0
3023.175 1
3023.300 1
3023.425 1
3023.550 1
3023.675 1
3023.801 1
3023.926 2
3024.051 3
3024.176 4
3024.301 5
3024.427 5
3024.552 5
3024.677 4
3024.802 1
3024.927 1
3025.053 3
3025.178 3
3025.303 2
3025.428 2
3025.554 1
3025.679 4
3025.804 4
3025.929 6
3026.055 5
3026.180 2
3026.305 2
3026.430 2
3026.556 2
3026.681 2
3026.806 3
3026.931 3
3027.057 3
3027.182 4
3027.307 4
3027.432 2
3027.558 2
3027.683 3
3027.808 2
3027.933 2
3028.059 2
3028.184 0
3028.309 0
3028.435 2
3028.560 2
3028.685 2
3028.810 2
3028.936 0
3029.061 0
3029.186 0
3029.312 1
3029.437 4
3029.562 4
3029.688 4
3029.813 3
3029.938 6
3030.064 5
3030.189 7
3030.314 6
3030.440 7
3030.565 8
3030.690 7
3030.816 9
3030.941 8
3031.066 8
3031.192 7
3031.317 7
3031.442 3
3031.568 3
3031.693 5
3031.818 4
3031.944 6
3032.069 6
3032.195 4
3032.320 6
3032.445 4
3032.571 4
3032.696 4
3032.821 2
3032.947 2
3033.072 3
3033.198 3
3033.323 4
3033.448 2
3033.574 2
3033.699 4
3033.825 4
3033.950 7
3034.075 7
3034.201 6
3034.326 6
3034.452 4
3034.577 3
3034.703 2
3034.828 4
3034.953 5
3035.079 6
3035.204 7
3035.330 5
3035.455 4
3035.581 4
3035.706 7
3035.831 6
3035.957 5
3036.082 4
3036.208 0
3036.333 0
3036.459 0
3036.584 0
3036.710 0
3036.835 0
3036.961 0
3037.086 0
3037.212 3
3037.337 4
3037.463 6
3037.588 7
3037.713 5
3037.839 5
3037.964 5
3038.090 5
3038.215 4
3038.341 3
3038.466 2
3038.592 1
3038.717 1
3038.843 2
3038.968 3
3039.094 4
3039.220 6
3039.345 7
3039.471 7
3039.596 7
3039.722 9
3039.847 11
3039.973 11
3040.098 10
3040.224 6
3040.349 2
3040.475 0
3040.600 0
3040.726 1
3040.852 1
3040.977 1
3041.103 1
3041.228 1
3041.354 1
3041.479 1
3041.605 1
3041.730 1
3041.856 1
3041.982 1
3042.107 1
3042.233 0
3042.358 0
3042.484 0
3042.610 0
3042.735 0
3042.861 1
3042.986 1
3043.112 1
3043.238 1
3043.363 1
3043.489 1
3043.614 1
3043.740 1
3043.866 0
3043.991 0
3044.117 0
3044.242 3
3044.368 3
3044.494 7
3044.619 8
3044.745 8
3044.871 8
3044.996 5
3045.122 4
3045.248 5
3045.373 5
3045.499 7
3045.625 7
3045.750 3
3045.876 4
3046.002 4
3046.127 4
3046.253 4
3046.379 3
3046.504 1
3046.630 1
3046.756 1
3046.881 1
3047.007 1
3047.133 1
3047.258 1
3047.384 1
3047.510 0
3047.635 0
3047.761 2
3047.887 2
3048.012 2
3048.138 2
3048.264 3
3048.390 4
3048.515 4
3048.641 4
3048.767 5
3048.892 4
3049.018 4
3049.144 4
3049.270 4
3049.395 5
3049.521 5
3049.647 5
3049.773 6
3049.898 3
3050.024 5
3050.150 5
3050.276 6
3050.401 4
3050.527 4
3050.653 4
3050.779 4
3050.904 6
3051.030 4
3051.156 4
3051.282 4
3051.408 4
3051.533 4
3051.659 4
3051.785 6
3051.911 4
3052.036 3
3052.162 2
3052.288 2
3052.414 1
3052.540 2
3052.665 2
3052.791 2
3052.917 2
3053.043 5
3053.169 5
3053.294 6
3053.420 9
3053.546 6
3053.672 6
3053.798 5
3053.924 2
3054.049 2
3054.175 2
3054.301 1
3054.427 1
3054.553 0
3054.679 0
3054.804 0
3054.930 0
3055.056 2
3055.182 2
3055.308 3
3055.434 3
3055.560 1
3055.686 2
3055.811 3
3055.937 3
3056.063 4
3056.189 3
3056.315 1
3056.441 1
3056.567 2
3056.693 2
3056.818 4
3056.944 4
3057.070 4
3057.196 5
3057.322 4
3057.448 5
3057.574 5
3057.700 4
3057.826 4
3057.952 3
3058.077 1
3058.203 1
3058.329 1
3058.455 2
3058.581 2
3058.707 2
3058.833 1
3058.959 0
3059.085 0
3059.211 0
3059.337 0
3059.463 0
3059.589 1
3059.715 1
3059.841 1
3059.967 1
3060.093 0
3060.219 0
3060.344 0
3060.470 0
3060.596 2
3060.722 2
3060.848 2
3060.974 2
3061.100 1
3061.226 1
3061.352 1
3061.478 1
3061.604 0
3061.730 0
3061.856 0
3061.982 2
3062.108 2
3062.234 3
3062.360 4
3062.486 3
3062.612 5
3062.738 5
3062.864 6
3062.990 8
3063.116 9
3063.242 8
3063.368 8
3063.494 6
3063.621 6
3063.747 7
3063.873 5
3063.999 4
3064.125 3
3064.251 3
3064.377 4
3064.503 5
3064.629 8
3064.755 7
3064.881 7
3065.007 7
3065.133 4
3065.259 4
3065.385 4
3065.511 7
3065.637 4
3065.764 3
3065.890 1
3066.016 1
3066.142 2
3066.268 2
3066.394 3
3066.520 4
3066.646 7
3066.772 9
3066.898 12
3067.024 11
3067.151 11
3067.277 10
3067.403 7
3067.529 7
3067.655 6
3067.781 5
3067.907 4
3068.033 3
3068.160 1
3068.286 1
3068.412 1
3068.538 1
3068.664 4
3068.790 4
3068.916 4
3069.043 8
3069.169 9
3069.295 9
3069.421 9
3069.547 8
3069.673 7
3069.799 6
3069.926 5
3070.052 1
3070.178 1
3070.304 1
3070.430 3
3070.557 3
3070.683 3
3070.809 3
3070.935 3
3071.061 4
3071.187 3
3071.314 3
3071.440 1
3071.566 0
3071.692 0
3071.818 1
3071.945 1
3072.071 1
3072.197 3
3072.323 2
3072.450 2
3072.576 2
3072.702 0
3072.828 0
3072.954 1
3073.081 3
3073.207 4
3073.333 5
3073.459 6
3073.586 8
3073.712 8
3073.838 8
3073.964 6
3074.091 7
3074.217 7
3074.343 9
3074.469 8
3074.596 4
3074.722 6
3074.848 6
3074.975 6
3075.101 6
3075.227 6
3075.353 4
3075.480 2
3075.606 3
3075.732 5
3075.859 5
3075.985 5
3076.111 4
3076.237 2
3076.364 2
3076.490 3
3076.616 3
3076.743 3
3076.869 3
3076.995 4
3077.122 4
3077.248 5
3077.374 5
3077.501 3
3077.627 3
3077.753 0
3077.880 0
3078.006 0
3078.132 0
3078.259 0
3078.385 0
3078.511 0
3078.638 0
3078.764 0
3078.890 0
3079.017 0
3079.143 0
3079.269 0
3079.396 0
3079.522 0
3079.649 0
3079.775 1
3079.901 1
3080.028 3
3080.154 4
3080.280 4
3080.407 4
3080.533 4
3080.660 3
3080.786 2
3080.912 2
3081.039 2
3081.165 5
3081.292 7
3081.418 10
3081.544 9
3081.671 8
3081.797 8
3081.924 11
3082.050 10
3082.177 8
3082.303 9
3082.429 6
3082.556 5
3082.682 4
3082.809 1
3082.935 1
3083.062 2
3083.188 3
3083.314 3
3083.441 3
3083.567 2
3083.694 2
3083.820 5
3083.947 7
3084.073 9
3084.200 14
3084.326 15
3084.453 13
3084.579 12
3084.706 7
3084.832 5
3084.959 5
3085.085 8
3085.212 6
3085.338 3
3085.465 2
3085.591 1
3085.718 2
3085.844 2
3085.971 3
3086.097 4
3086.224 4
3086.350 4
3086.477 3
3086.603 2
3086.730 1
3086.856 0
3086.983 2
3087.109 4
3087.236 6
3087.362 10
3087.489 9
3087.615 10
3087.742 11
3087.868 10
3087.995 9
3088.122 11
3088.248 8
3088.375 6
3088.501 6
3088.628 2
3088.754 2
3088.881 1
3089.007 2
3089.134 1
3089.261 1
3089.387 1
3089.514 0
3089.640 1
3089.767 1
3089.894 1
3090.020 1
3090.147 2
3090.273 2
3090.400 2
3090.526 2
3090.653 3
3090.780 4
3090.906 4
3091.033 7
3091.160 4
3091.286 3
3091.413 4
3091.539 1
3091.666 1
3091.793 1
3091.919 2
3092.046 2
3092.173 2
3092.299 2
3092.426 2
3092.552 2
3092.679 2
3092.806 3
3092.932 4
3093.059 5
3093.186 7
3093.312 6
3093.439 5
3093.566 4
3093.692 3
3093.819 3
3093.946 3
3094.072 4
3094.199 4
3094.326 9
3094.452 10
3094.579 9
3094.706 8
3094.833 11
3094.959 7
3095.086 6
3095.213 7
3095.339 2
3095.466 2
3095.593 2
3095.719 0
3095.846 0
3095.973 0
3096.100 0
3096.226 0
3096.353 1
3096.480 1
3096.606 4
3096.733 4
3096.860 4
3096.987 7
3097.113 8
3097.240 7
3097.367 5
3097.494 7
3097.620 5
3097.747 6
3097.874 5
3098.001 3
3098.127 3
3098.254 1
3098.381 1
3098.508 0
3098.634 0
3098.761 1
3098.888 2
3099.015 2
3099.142 2
3099.268 1
3099.395 1
3099.522 1
3099.649 2
3099.776 5
3099.902 4
3100.029 4
3100.156 4
3100.283 3
3100.410 4
3100.536 6
3100.663 6
3100.790 5
3100.917 5
3101.044 4
3101.170 4
3101.297 4
3101.424 5
3101.551 1
3101.678 1
3101.805 4
3101.931 4
3102.058 7
3102.185 10
3102.312 8
3102.439 8
3102.566 7
3102.693 5
3102.819 4
3102.946 3
3103.073 1
3103.200 0
3103.327 1
3103.454 1
3103.581 2
3103.708 4
3103.834 3
3103.961 4
3104.088 4
3104.215 2
3104.342 2
3104.469 2
3104.596 2
3104.723 3
3104.850 5
3104.976 5
3105.103 6
3105.230 6
3105.357 9
3105.484 7
3105.611 4
3105.738 2
3105.865 1
3105.992 1
3106.119 2
3106.246 3
3106.373 6
3106.499 6
3106.626 5
3106.753 6
3106.880 3
3107.007 3
3107.134 3
3107.261 1
3107.388 1
3107.515 1
3107.642 1
3107.769 1
3107.896 0
3108.023 0
3108.150 2
3108.277 3
3108.404 4
3108.531 6
3108.658 4
3108.785 3
3108.912 3
3109.039 2
3109.166 6
3109.293 6
3109.420 5
3109.547 4
3109.674 3
3109.801 3
3109.928 3
3110.055 4
3110.182 2
3110.309 4
3110.436 6
3110.563 8
3110.690 11
3110.817 11
3110.944 11
3111.071 12
3111.198 8
3111.325 7
3111.452 6
3111.579 3
3111.706 0
3111.833 0
3111.960 0
3112.087 0
3112.214 0
3112.341 0
3112.468 0
3112.596 0
3112.723 0
3112.850 0
3112.977 0
3113.104 0
3113.231 3
3113.358 3
3113.485 3
3113.612 3
3113.739 0
3113.866 0
3113.993 0
3114.121 0
3114.248 2
3114.375 2
3114.502 2
3114.629 3
3114.756 1
3114.883 3
3115.010 4
3115.137 3
3115.264 3
3115.392 3
3115.519 2
3115.646 2
3115.773 2
3115.900 1
3116.027 1
3116.154 1
3116.282 2
3116.409 1
3116.536 1
3116.663 1
3116.790 0
3116.917 0
3117.044 0
3117.172 0
3117.299 0
3117.426 1
3117.553 1
3117.680 1
3117.807 2
3117.935 1
3118.062 1
3118.189 2
3118.316 4
3118.443 4
3118.571 4
3118.698 3
3118.825 0
3118.952 1
3119.079 2
3119.207 3
3119.334 4
3119.461 3
3119.588 2
3119.715 3
3119.843 3
3119.970 3
3120.097 3
3120.224 1
3120.351 0
3120.479 0
3120.606 0
3120.733 0
3120.860 0
3120.988 0
3121.115 2
3121.242 2
3121.369 2
3121.497 2
3121.624 0
3121.751 0
3121.878 0
3122.006 0
3122.133 0
3122.260 0
3122.387 0
3122.515 1
3122.642 1
3122.769 1
3122.897 2
3123.024 1
3123.151 1
3123.278 1
3123.406 3
3123.533 3
3123.660 3
3123.788 3
3123.915 6
3124.042 6
3124.169 8
3124.297 8
3124.424 5
3124.551 6
3124.679 5
3124.806 6
3124.933 7
3125.061 7
3125.188 9
3125.315 9
3125.443 11
3125.570 12
3125.697 10
3125.825 10
3125.952 8
3126.079 9
3126.207 9
3126.334 8
3126.461 7
3126.589 4
3126.716 9
3126.843 10
3126.971 10
3127.098 10
3127.226 8
3127.353 9
3127.480 10
3127.608 10
3127.735 7
3127.862 6
3127.990 4
3128.117 5
3128.245 4
3128.372 6
3128.499 5
3128.627 4
3128.754 4
3128.882 2
3129.009 2
3129.136 2
3129.264 5
3129.391 4
3129.519 4
3129.646 4
3129.774 2
3129.901 2
3130.028 2
3130.156 2
3130.283 2
3130.411 2
3130.538 6
3130.666 5
3130.793 3
3130.920 2
3131.048 0
3131.175 0
3131.303 0
3131.430 0
3131.558 0
3131.685 0
3131.813 0
3131.940 0
3132.068 0
3132.195 0
3132.323 0
3132.450 0
3132.578 0
3132.705 0
3132.832 0
3132.960 0
3133.087 2
3133.215 3
3133.342 4
3133.470 5
3133.597 7
3133.725 6
3133.852 6
3133.980 5
3134.108 4
3134.235 4
3134.363 3
3134.490 5
3134.618 3
3134.745 3
3134.873 3
3135.000 1
3135.128 1
3135.255 1
3135.383 1
3135.510 1
3135.638 1
3135.765 1
3135.893 1
3136.021 1
3136.148 2
3136.276 2
3136.403 2
3136.531 2
3136.658 0
3136.786 0
3136.913 0
3137.041 0
3137.169 0
3137.296 0
3137.424 0
3137.551 0
3137.679 0
3137.807 0
3137.934 0
3138.062 0
3138.189 0
3138.317 0
3138.445 0
3138.572 0
3138.700 0
3138.827 0
3138.955 0
3139.083 0
3139.210 0
3139.338 0
3139.465 0
3139.593 0
3139.721 1
3139.848 2
3139.976 3
3140.104 4
3140.231 5
3140.359 5
3140.487 5
3140.614 4
3140.742 3
3140.870 3
3140.997 3
3141.125 0
3141.252 0
3141.380 0
3141.508 0
3141.635 1
3141.763 4
3141.891 5
3142.019 6
3142.146 6
3142.274 4
3142.402 4
3142.529 1
3142.657 2
3142.785 6
3142.912 7
3143.040 7
3143.168 8
3143.295 8
3143.423 8
3143.551 9
3143.679 8
3143.806 8
3143.934 8
3144.062 7
3144.189 3
3144.317 0
3144.445 0
3144.573 0
3144.700 0
3144.828 1
3144.956 1
3145.084 1
3145.211 3
3145.339 5
3145.467 6
3145.595 7
3145.722 6
3145.850 5
3145.978 4
3146.106 3
3146.233 4
3146.361 3
3146.489 3
3146.617 3
3146.744 1
3146.872 0
3147.000 0
3147.128 0
3147.256 0
3147.383 1
3147.511 2
3147.639 2
3147.767 2
3147.895 1
3148.022 0
3148.150 0
3148.278 0
3148.406 1
3148.534 1
3148.661 1
3148.789 2
3148.917 4
3149.045 4
3149.173 4
3149.301 6
3149.428 7
3149.556 7
3149.684 7
3149.812 6
3149.940 2
3150.068 2
3150.195 2
3150.323 0
3150.451 0
3150.579 0
3150.707 3
3150.835 3
3150.963 3
3151.090 3
3151.218 4
3151.346 5
3151.474 6
3151.602 7
3151.730 5
3151.858 4
3151.986 4
3152.113 3
3152.241 1
3152.369 2
3152.497 2
3152.625 3
3152.753 3
3152.881 3
3153.009 3
3153.137 2
3153.265 2
3153.393 1
3153.520 1
3153.648 1
3153.776 1
3153.904 1
3154.032 2
3154.160 3
3154.288 3
3154.416 3
3154.544 4
3154.672 3
3154.800 6
3154.928 9
3155.056 6
3155.184 6
3155.312 3
3155.440 0
3155.567 0
3155.695 0
3155.823 0
3155.951 2
3156.079 2
3156.207 2
3156.335 3
3156.463 2
3156.591 3
3156.719 3
3156.847 4
3156.975 3
3157.103 2
3157.231 2
3157.359 6
3157.487 7
3157.615 7
3157.743 7
3157.871 4
3157.999 7
3158.127 8
3158.255 8
3158.383 5
3158.511 3
3158.639 3
3158.767 3
3158.895 3
3159.023 1
3159.151 2
3159.279 2
3159.408 2
3159.536 2
3159.664 2
3159.792 2
3159.920 3
3160.048 4
3160.176 3
3160.304 4
3160.432 6
3160.560 6
3160.688 7
3160.816 7
3160.944 6
3161.072 7
3161.200 6
3161.328 5
3161.457 3
3161.585 1
3161.713 3
3161.841 3
3161.969 4
3162.097 4
3162.225 4
3162.353 5
3162.481 4
3162.609 5
3162.737 8
3162.866 6
3162.994 6
3163.122 4
3163.250 1
3163.378 1
3163.506 0
3163.634 0
3163.762 6
3163.891 6
3164.019 6
3164.147 6
3164.275 4
3164.403 4
3164.531 4
3164.659 4
3164.788 0
3164.916 0
3165.044 0
3165.172 0
3165.300 0
3165.428 1
3165.557 1
3165.685 1
3165.813 2
3165.941 1
3166.069 1
3166.197 1
3166.326 1
3166.454 1
3166.582 1
3166.710 2
3166.838 1
3166.967 1
3167.095 1
3167.223 3
3167.351 3
3167.479 3
3167.608 3
3167.736 0
3167.864 0
3167.992 0
3168.120 0
3168.249 1
3168.377 3
3168.505 3
3168.633 3
3168.762 2
3168.890 2
3169.018 2
3169.146 2
3169.275 2
3169.403 0
3169.531 0
3169.659 0
3169.788 1
3169.916 3
3170.044 6
3170.172 6
3170.301 5
3170.429 6
3170.557 4
3170.685 4
3170.814 4
3170.942 3
3171.070 2
3171.199 2
3171.327 2
3171.455 0
3171.583 0
3171.712 0
3171.840 0
3171.968 0
3172.097 0
3172.225 0
3172.353 0
3172.482 0
3172.610 0
3172.738 0
3172.867 0
3172.995 3
3173.123 4
3173.252 4
3173.380 4
3173.508 1
3173.637 0
3173.765 0
3173.893 0
3174.022 1
3174.150 1
3174.278 1
3174.407 1
3174.535 0
3174.663 0
3174.792 0
3174.920 0
3175.048 0
3175.177 0
3175.305 4
3175.433 6
3175.562 6
3175.690 6
3175.819 5
3175.947 5
3176.075 6
3176.204 6
3176.332 3
3176.461 1
3176.589 1
3176.717 1
3176.846 1
3176.974 3
3177.103 2
3177.231 2
3177.359 2
3177.488 1
3177.616 2
3177.745 2
3177.873 3
3178.001 2
3178.130 1
3178.258 1
3178.387 0
3178.515 0
3178.644 1
3178.772 1
3178.901 1
3179.029 1
3179.157 1
3179.286 1
3179.414 1
3179.543 1
3179.671 0
3179.800 0
3179.928 1
3180.057 1
3180.185 1
3180.314 1
3180.442 1
3180.571 2
3180.699 2
3180.828 3
3180.956 2
3181.085 1
3181.213 5
3181.341 5
3181.470 6
3181.598 7
3181.727 5
3181.856 4
3181.984 3
3182.113 2
3182.241 1
3182.370 1
3182.498 1
3182.627 1
3182.755 2
3182.884 2
3183.012 2
3183.141 6
3183.269 5
3183.398 5
3183.526 5
3183.655 5
3183.783 3
3183.912 2
3184.041 1
3184.169 0
3184.298 0
3184.426 0
3184.555 3
3184.683 3
3184.812 4
3184.940 4
3185.069 4
3185.198 4
3185.326 3
3185.455 3
3185.583 2
3185.712 2
3185.841 2
3185.969 2
3186.098 1
3186.226 1
3186.355 1
3186.483 1
3186.612 2
3186.741 2
3186.869 2
3186.998 2
3187.127 0
3187.255 0
3187.384 0
3187.512 0
3187.641 0
3187.770 0
3187.898 0
3188.027 0
3188.156 1
3188.284 1
3188.413 3
3188.541 4
3188.670 6
3188.799 7
3188.927 8
3189.056 8
3189.185 7
3189.313 5
3189.442 7
3189.571 9
3189.699 9
3189.828 7
3189.957 5
3190.085 6
3190.214 6
3190.343 6
3190.471 7
3190.600 4
3190.729 3
3190.858 3
3190.986 0
3191.115 0
3191.244 0
3191.372 0
3191.501 0
3191.630 1
3191.758 3
3191.887 6
3192.016 8
3192.145 7
3192.273 5
3192.402 5
3192.531 4
3192.659 5
3192.788 5
3192.917 2
3193.046 1
3193.174 0
3193.303 0
3193.432 1
3193.561 1
3193.689 1
3193.818 1
3193.947 0
3194.076 4
3194.204 4
3194.333 4
3194.462 4
3194.591 5
3194.720 5
3194.848 5
3194.977 5
3195.106 2
3195.235 2
3195.363 2
3195.492 2
3195.621 1
3195.750 1
3195.879 1
3196.007 2
3196.136 1
3196.265 1
3196.394 1
3196.523 2
3196.651 3
3196.780 3
3196.909 3
3197.038 1
3197.167 1
3197.296 1
3197.424 2
3197.553 2
3197.682 1
3197.811 1
3197.940 2
3198.069 2
3198.197 2
3198.326 2
3198.455 2
3198.584 2
3198.713 2
3198.842 2
3198.970 0
3199.099 1
3199.228 1
3199.357 1
3199.486 2
3199.615 1
3199.744 2
3199.873 2
3200.001 3
3200.130 3
3200.259 3
3200.388 3
3200.517 1
3200.646 1
3200.775 0
3200.904 0
3201.033 0
3201.162 0
3201.290 0
3201.419 0
3201.548 0
3201.677 0
3201.806 0
3201.935 0
3202.064 0
3202.193 2
3202.322 4
3202.451 7
3202.580 7
3202.709 5
3202.838 5
3202.966 2
3203.095 2
3203.224 2
3203.353 5
3203.482 4
3203.611 3
3203.740 2
3203.869 2
3203.998 2
3204.127 2
3204.256 2
3204.385 0
3204.514 2
3204.643 2
3204.772 2
3204.901 3
3205.030 1
3205.159 2
3205.288 3
3205.417 3
3205.546 3
3205.675 3
3205.804 5
3205.933 4
3206.062 4
3206.191 3
3206.320 1
3206.449 2
3206.578 2
3206.707 2
3206.836 1
3206.965 1
3207.094 2
3207.223 2
3207.352 2
3207.481 1
3207.610 0
3207.739 0
3207.868 0
3207.997 1
3208.126 1
3208.255 1
3208.384 2
3208.514 5
3208.643 6
3208.772 7
3208.901 8
3209.030 5
3209.159 5
3209.288 2
3209.417 1
3209.546 1
3209.675 2
3209.804 3
3209.933 3
3210.062 5
3210.191 4
3210.321 3
3210.450 4
3210.579 3
3210.708 3
3210.837 2
3210.966 1
3211.095 1
3211.224 1
3211.353 1
3211.483 1
3211.612 0
3211.741 0
3211.870 0
3211.999 0
3212.128 1
3212.257 1
3212.386 2
3212.516 2
3212.645 3
3212.774 5
3212.903 4
3213.032 4
3213.161 2
3213.290 0
3213.420 0
3213.549 0
3213.678 2
3213.807 3
3213.936 8
3214.065 9
3214.195 7
3214.324 7
3214.453 3
3214.582 2
3214.711 2
3214.841 1
3214.970 0
3215.099 0
3215.228 0
3215.357 0
3215.487 0
3215.616 0
3215.745 1
3215.874 3
3216.003 8
3216.133 8
3216.262 7
3216.391 7
3216.520 5
3216.649 5
3216.779 5
3216.908 3
3217.037 1
3217.166 1
3217.296 2
3217.425 2
3217.554 7
3217.683 7
3217.813 7
3217.942 7
3218.071 2
3218.200 2
3218.330 1
3218.459 2
3218.588 1
3218.717 1
3218.847 1
3218.976 0
3219.105 1
3219.235 1
3219.364 3
3219.493 5
3219.622 5
3219.752 5
3219.881 3
3220.010 1
3220.140 0
3220.269 1
3220.398 4
3220.527 5
3220.657 8
3220.786 8
3220.915 7
3221.045 7
3221.174 4
3221.303 3
3221.433 3
3221.562 3
3221.691 4
3221.821 5
3221.950 5
3222.079 4
3222.209 3
3222.338 2
3222.467 4
3222.597 5
3222.726 6
3222.855 7
3222.985 11
3223.114 9
3223.243 8
3223.373 7
3223.502 3
3223.632 3
3223.761 2
3223.890 2
3224.020 2
3224.149 2
3224.278 2
3224.408 2
3224.537 1
3224.667 1
3224.796 1
3224.925 0
3225.055 1
3225.184 1
3225.314 4
3225.443 4
3225.572 3
3225.702 3
3225.831 1
3225.961 3
3226.090 3
3226.219 4
3226.349 5
3226.478 3
3226.608 3
3226.737 2
3226.867 4
3226.996 7
3227.125 7
3227.255 7
3227.384 8
3227.514 5
3227.643 6
3227.773 6
3227.902 4
3228.032 4
3228.161 4
3228.291 4
3228.420 1
3228.550 1
3228.679 1
3228.808 1
3228.938 1
3229.067 1
3229.197 5
3229.326 5
3229.456 5
3229.585 6
3229.715 2
3229.844 2
3229.974 2
3230.103 1
3230.233 0
3230.362 0
3230.492 0
3230.621 0
3230.751 1
3230.880 1
3231.010 1
3231.139 1
3231.269 0
3231.399 0
3231.528 0
3231.658 0
3231.787 0
3231.917 0
3232.046 0
3232.176 0
3232.305 0
3232.435 0
3232.564 0
3232.694 0
3232.823 0
3232.953 0
3233.083 0
3233.212 0
3233.342 1
3233.471 1
3233.601 2
3233.730 2
3233.860 1
3233.990 1
3234.119 0
3234.249 3
3234.378 3
3234.508 3
3234.638 3
3234.767 0
3234.897 0
3235.026 0
3235.156 0
3235.286 3
3235.415 3
3235.545 3
3235.674 3
3235.804 0
3235.934 0
3236.063 1
3236.193 2
3236.323 3
3236.452 9
3236.582 10
3236.711 11
3236.841 13
3236.971 13
3237.100 12
3237.230 11
3237.360 9
3237.489 4
3237.619 4
3237.749 4
3237.878 4
3238.008 4
3238.138 4
3238.267 4
3238.397 4
3238.527 2
3238.656 3
3238.786 5
3238.916 10
3239.045 12
3239.175 15
3239.305 18
3239.434 23
3239.564 21
3239.694 18
3239.824 14
3239.953 5
3240.083 8
3240.213 7
3240.342 6
3240.472 5
3240.602 1
3240.732 1
3240.861 1
3240.991 1
3241.121 0
3241.250 0
3241.380 0
3241.510 0
3241.640 0
3241.769 0
3241.899 0
3242.029 0
3242.159 7
3242.288 9
3242.418 11
3242.548 13
3242.678 18
3242.807 15
3242.937 12
3243.067 9
3243.197 1
3243.326 1
3243.456 1
3243.586 1
3243.716 0
3243.846 2
3243.975 2
3244.105 5
3244.235 6
3244.365 4
3244.495 4
3244.624 1
3244.754 2
3244.884 2
3245.014 2
3245.144 3
3245.273 2
3245.403 3
3245.533 4
3245.663 3
3245.793 2
3245.923 2
3246.052 2
3246.182 3
3246.312 4
3246.442 4
3246.572 3
3246.702 5
3246.831 5
3246.961 5
3247.091 7
3247.221 6
3247.351 6
3247.481 5
3247.611 4
3247.740 2
3247.870 2
3248.000 2
3248.130 1
3248.260 2
3248.390 3
3248.520 4
3248.649 4
3248.779 3
3248.909 4
3249.039 3
3249.169 3
3249.299 3
3249.429 2
3249.559 2
3249.689 2
3249.819 2
3249.948 0
3250.078 0
3250.208 0
3250.338 1
3250.468 1
3250.598 1
3250.728 1
3250.858 0
3250.988 0
3251.118 0
3251.248 0
3251.378 3
3251.508 5
3251.638 6
3251.767 6
3251.897 3
3252.027 5
3252.157 6
3252.287 6
3252.417 6
3252.547 7
3252.677 5
3252.807 6
3252.937 6
3253.067 1
3253.197 1
3253.327 2
3253.457 2
3253.587 2
3253.717 3
3253.847 1
3253.977 1
3254.107 1
3254.237 1
3254.367 2
3254.497 2
3254.627 6
3254.757 5
3254.887 4
3255.017 4
3255.147 4
3255.277 4
3255.407 4
3255.537 4
3255.667 0
3255.797 0
3255.927 0
3256.057 0
3256.187 3
3256.317 3
3256.447 3
3256.577 4
3256.707 4
3256.837 4
3256.968 4
3257.098 3
3257.228 3
3257.358 3
3257.488 5
3257.618 5
3257.748 3
3257.878 3
3258.008 1
3258.138 1
3258.268 0
3258.398 0
3258.528 0
3258.658 0
3258.789 0
3258.919 0
3259.049 0
3259.179 1
3259.309 2
3259.439 3
3259.569 4
3259.699 4
3259.829 4
3259.959 4
3260.090 2
3260.220 3
3260.350 3
3260.480 5
3260.610 3
3260.740 2
3260.870 2
3261.000 1
3261.131 1
3261.261 1
3261.391 1
3261.521 0
3261.651 0
3261.781 0
3261.911 0
3262.042 0
3262.172 0
3262.302 1
3262.432 1
3262.562 2
3262.692 3
3262.823 3
3262.953 5
3263.083 7
3263.213 9
3263.343 11
3263.474 15
3263.604 13
3263.734 11
3263.864 9
3263.994 4
3264.125 5
3264.255 5
3264.385 5
3264.515 11
3264.645 11
3264.776 12
3264.906 13
3265.036 12
3265.166 10
3265.296 8
3265.427 6
3265.557 5
3265.687 6
3265.817 6
3265.948 6
3266.078 2
3266.208 1
3266.338 1
3266.469 1
3266.599 0
3266.729 0
3266.859 0
3266.990 1
3267.120 4
3267.250 4
3267.380 4
3267.511 3
3267.641 3
3267.771 3
3267.901 3
3268.032 3
3268.162 1
3268.292 1
3268.423 1
3268.553 3
3268.683 4
3268.813 4
3268.944 4
3269.074 2
3269.204 1
3269.335 1
3269.465 2
3269.595 2
3269.726 2
3269.856 2
3269.986 2
3270.117 2
3270.247 4
3270.377 4
3270.508 3
3270.638 3
3270.768 1
3270.899 1
3271.029 1
3271.159 1
3271.290 0
3271.420 0
3271.550 0
3271.681 1
3271.811 2
3271.941 3
3272.072 5
3272.202 4
3272.332 3
3272.463 2
3272.593 0
3272.724 0
3272.854 1
3272.984 1
3273.115 3
3273.245 3
3273.375 2
3273.506 2
3273.636 0
3273.767 2
3273.897 2
3274.027 2
3274.158 2
3274.288 1
3274.419 4
3274.549 4
3274.680 5
3274.810 5
3274.940 4
3275.071 6
3275.201 8
3275.332 7
3275.462 7
3275.593 5
3275.723 3
3275.853 3
3275.984 3
3276.114 3
3276.245 2
3276.375 2
3276.506 0
3276.636 1
3276.767 2
3276.897 3
3277.027 4
3277.158 4
3277.288 4
3277.419 4
3277.549 3
3277.680 5
3277.810 5
3277.941 5
3278.071 2
3278.202 0
3278.332 0
3278.463 3
3278.593 3
3278.724 3
3278.854 3
3278.985 0
3279.115 0
3279.246 0
3279.376 0
3279.507 1
3279.637 2
3279.768 3
3279.898 4
3280.029 4
3280.159 4
3280.290 4
3280.420 4
3280.551 4
3280.682 7
3280.812 7
3280.943 7
3281.073 7
3281.204 2
3281.334 2
3281.465 2
3281.595 2
3281.726 0
3281.856 0
3281.987 0
3282.118 0
3282.248 1
3282.379 1
3282.509 1
3282.640 1
3282.770 0
3282.901 1
3283.032 1
3283.162 1
3283.293 1
3283.423 1
3283.554 2
3283.685 3
3283.815 6
3283.946 6
3284.076 7
3284.207 8
3284.338 5
3284.468 5
3284.599 4
3284.730 4
3284.860 2
3284.991 2
3285.121 3
3285.252 2
3285.383 2
3285.513 2
3285.644 2
3285.775 2
3285.905 1
3286.036 1
3286.167 0
3286.297 0
3286.428 0
3286.558 0
3286.689 0
3286.820 0
3286.950 0
3287.081 0
3287.212 0
3287.342 0
3287.473 0
3287.604 0
3287.735 0
3287.865 1
3287.996 2
3288.127 2
3288.257 3
3288.388 3
3288.519 6
3288.649 7
3288.780 7
3288.911 8
3289.041 5
3289.172 6
3289.303 5
3289.434 4
3289.564 3
3289.695 2
3289.826 2
3289.957 1
3290.087 1
3290.218 0
3290.349 0
3290.479 0
3290.610 0
3290.741 0
3290.872 1
3291.002 2
3291.133 2
3291.264 2
3291.395 1
3291.525 2
3291.656 4
3291.787 4
3291.918 4
3292.049 2
3292.179 4
3292.310 5
3292.441 6
3292.572 7
3292.702 5
3292.833 4
3292.964 3
3293.095 2
3293.226 2
3293.356 2
3293.487 2
3293.618 4
3293.749 2
3293.880 2
3294.010 3
3294.141 1
3294.272 1
3294.403 1
3294.534 0
3294.664 2
3294.795 2
3294.926 2
3295.057 2
3295.188 0
3295.319 0
3295.449 0
3295.580 0
3295.711 0
3295.842 0
3295.973 0
3296.104 0
3296.235 0
3296.365 1
3296.496 2
3296.627 3
3296.758 4
3296.889 7
3297.020 7
3297.151 8
3297.281 8
3297.412 7
3297.543 6
3297.674 4
3297.805 3
3297.936 2
3298.067 2
3298.198 2
3298.329 2
3298.459 1
3298.590 1
3298.721 1
3298.852 1
3298.983 1
3299.114 1
3299.245 1
3299.376 1
3299.507 3
3299.638 3
3299.769 3
3299.900 5
3300.031 7
3300.161 6
3300.292 5
3300.423 6
3300.554 3
3300.685 2
3300.816 1
3300.947 0
3301.078 0
3301.209 0
3301.340 0
3301.471 0
3301.602 0
3301.733 0
3301.864 0
3301.995 0
3302.126 0
3302.257 0
3302.388 0
3302.519 0
3302.650 0
3302.781 0
3302.912 0
3303.043 0
3303.174 3
3303.305 4
3303.436 5
3303.567 6
3303.698 6
3303.829 5
3303.960 4
3304.091 3
3304.222 0
3304.353 0
3304.484 0
3304.615 0
3304.746 0
3304.877 0
3305.008 0
3305.139 0
3305.270 2
3305.401 4
3305.532 6
3305.663 10
3305.794 12
3305.925 12
3306.056 12
3306.187 9
3306.318 6
3306.449 5
3306.581 4
3306.712 0
3306.843 0
3306.974 0
3307.105 0
3307.236 0
3307.367 0
3307.498 0
3307.629 0
3307.760 0
3307.891 4
3308.022 4
3308.154 4
3308.285 4
3308.416 3
3308.547 3
3308.678 3
3308.809 6
3308.940 3
3309.071 3
3309.202 4
3309.334 1
3309.465 1
3309.596 1
3309.727 3
3309.858 3
3309.989 3
3310.120 3
3310.251 0
3310.383 0
3310.514 2
3310.645 4
3310.776 6
3310.907 11
3311.038 11
3311.169 9
3311.301 7
3311.432 2
3311.563 0
3311.694 0
3311.825 0
3311.957 0
3312.088 0
3312.219 0
3312.350 0
3312.481 0
3312.612 1
3312.744 1
3312.875 1
3313.006 1
3313.137 1
3313.268 1
3313.400 1
3313.531 1
3313.662 1
3313.793 1
3313.924 1
3314.056 1
3314.187 0
3314.318 1
3314.449 2
3314.581 2
3314.712 2
3314.843 2
3314.974 1
3315.106 1
3315.237 1
3315.368 0
3315.499 0
3315.630 0
3315.762 0
3315.893 0
3316.024 0
3316.156 0
3316.287 0
3316.418 0
3316.549 2
3316.681 2
3316.812 2
3316.943 2
3317.074 1
3317.206 1
3317.337 1
3317.468 2
3317.600 1
3317.731 1
3317.862 2
3317.993 1
3318.125 1
3318.256 1
3318.387 1
3318.519 1
3318.650 1
3318.781 3
3318.913 2
3319.044 2
3319.175 2
3319.307 0
3319.438 1
3319.569 1
3319.701 2
3319.832 2
3319.963 1
3320.095 2
3320.226 3
3320.357 5
3320.489 5
3320.620 6
3320.751 6
3320.883 7
3321.014 9
3321.145 9
3321.277 8
3321.408 8
3321.539 6
3321.671 10
3321.802 11
3321.934 13
3322.065 16
3322.196 12
3322.328 11
3322.459 8
3322.591 4
3322.722 3
3322.853 6
3322.985 6
3323.116 7
3323.248 7
3323.379 4
3323.510 3
3323.642 1
3323.773 1
3323.905 1
3324.036 1
3324.167 2
3324.299 2
3324.430 5
3324.562 6
3324.693 7
3324.825 8
3324.956 12
3325.087 14
3325.219 14
3325.350 13
3325.482 10
3325.613 7
3325.745 5
3325.876 4
3326.008 3
3326.139 4
3326.271 2
3326.402 2
3326.533 2
3326.665 0
3326.796 0
3326.928 0
3327.059 0
3327.191 0
3327.322 4
3327.454 4
3327.585 4
3327.717 4
3327.848 0
3327.980 0
3328.111 0
3328.243 0
3328.374 0
3328.506 0
3328.637 0
3328.769 0
3328.900 0
3329.032 0
3329.163 0
3329.295 0
3329.427 2
3329.558 2
3329.690 2
3329.821 4
3329.953 3
3330.084 3
3330.216 3
3330.347 1
3330.479 0
3330.610 0
3330.742 0
3330.874 0
3331.005 0
3331.137 0
3331.268 2
3331.400 2
3331.531 2
3331.663 2
3331.795 0
3331.926 0
3332.058 1
3332.189 1
3332.321 3
3332.452 3
3332.584 4
3332.716 4
3332.847 3
3332.979 3
3333.110 2
3333.242 2
3333.374 1
3333.505 1
3333.637 4
3333.768 4
3333.900 4
3334.032 4
3334.163 3
3334.295 3
3334.427 3
3334.558 3
3334.690 0
3334.822 0
3334.953 0
3335.085 0
3335.216 1
3335.348 1
3335.480 1
3335.611 1
3335.743 1
3335.875 1
3336.006 1
3336.138 1
3336.270 0
3336.401 0
3336.533 0
3336.665 0
3336.796 0
3336.928 0
3337.060 0
3337.191 2
3337.323 4
3337.455 4
3337.587 5
3337.718 3
3337.850 3
3337.982 4
3338.113 3
3338.245 3
3338.377 3
3338.509 3
3338.640 4
3338.772 6
3338.904 6
3339.035 5
3339.167 4
3339.299 2
3339.431 0
3339.562 0
3339.694 2
3339.826 2
3339.958 2
3340.089 2
3340.221 2
3340.353 2
3340.485 3
3340.616 3
3340.748 1
3340.880 2
3341.012 2
3341.143 3
3341.275 3
3341.407 3
3341.539 2
3341.670 1
3341.802 1
3341.934 0
3342.066 0
3342.198 0
3342.329 0
3342.461 0
3342.593 0
3342.725 0
3342.857 0
3342.988 3
3343.120 5
3343.252 5
3343.384 5
3343.516 2
3343.647 2
3343.779 2
3343.911 2
3344.043 4
3344.175 5
3344.307 5
3344.438 5
3344.570 3
3344.702 1
3344.834 1
3344.966 1
3345.098 1
3345.229 0
3345.361 0
3345.493 0
3345.625 0
3345.757 0
3345.889 0
3346.021 0
3346.152 0
3346.284 2
3346.416 3
3346.548 3
3346.680 3
3346.812 2
3346.944 1
3347.076 1
3347.207 1
3347.339 2
3347.471 4
3347.603 7
3347.735 9
3347.867 8
3347.999 7
3348.131 9
3348.263 8
3348.395 7
3348.527 6
3348.658 1
3348.790 0
3348.922 0
3349.054 0
3349.186 0
3349.318 0
3349.450 0
3349.582 0
3349.714 3
3349.846 3
3349.978 3
3350.110 3
3350.242 0
3350.374 1
3350.506 1
3350.638 1
3350.770 1
3350.901 0
3351.033 0
3351.165 0
3351.297 0
3351.429 0
3351.561 3
3351.693 3
3351.825 6
3351.957 6
3352.089 3
3352.221 3
3352.353 0
3352.485 0
3352.617 1
3352.749 1
3352.881 4
3353.013 4
3353.145 4
3353.277 4
3353.409 2
3353.541 2
3353.673 1
3353.805 1
3353.937 0
3354.069 2
3354.201 2
3354.333 4
3354.466 4
3354.598 4
3354.730 4
3354.862 2
3354.994 2
3355.126 2
3355.258 2
3355.390 2
3355.522 2
3355.654 1
3355.786 3
3355.918 3
3356.050 5
3356.182 4
3356.314 2
3356.446 2
3356.578 0
3356.711 0
3356.843 0
3356.975 0
3357.107 1
3357.239 1
3357.371 1
3357.503 1
3357.635 0
3357.767 0
3357.899 2
3358.032 2
3358.164 2
3358.296 2
3358.428 3
3358.560 3
3358.692 3
3358.824 3
3358.956 3
3359.088 5
3359.221 7
3359.353 9
3359.485 8
3359.617 10
3359.749 9
3359.881 9
3360.013 6
3360.146 4
3360.278 4
3360.410 3
3360.542 3
3360.674 2
3360.806 2
3360.939 2
3361.071 0
3361.203 0
3361.335 0
3361.467 0
3361.599 0
3361.732 0
3361.864 1
3361.996 1
3362.128 3
3362.260 3
3362.393 2
3362.525 4
3362.657 5
3362.789 6
3362.921 8
3363.054 8
3363.186 6
3363.318 6
3363.450 4
3363.582 2
3363.715 3
3363.847 2
3363.979 3
3364.111 4
3364.244 3
3364.376 4
3364.508 5
3364.640 6
3364.773 9
3364.905 6
3365.037 5
3365.169 4
3365.302 5
3365.434 4
3365.566 4
3365.698 4
3365.831 3
3365.963 3
3366.095 3
3366.227 4
3366.360 2
3366.492 2
3366.624 5
3366.757 4
3366.889 5
3367.021 5
3367.153 2
3367.286 2
3367.418 0
3367.550 0
3367.683 0
3367.815 0
3367.947 1
3368.080 1
3368.212 1
3368.344 1
3368.476 3
3368.609 4
3368.741 4
3368.873 4
3369.006 5
3369.138 4
3369.270 4
3369.403 4
3369.535 3
3369.667 3
3369.800 3
3369.932 3
3370.065 0
3370.197 0
3370.329 0
3370.462 0
3370.594 0
3370.726 0
3370.859 0
3370.991 0
3371.123 0
3371.256 0
3371.388 0
3371.521 0
3371.653 2
3371.785 2
3371.918 2
3372.050 2
3372.183 4
3372.315 3
3372.447 3
3372.580 2
3372.712 1
3372.845 1
3372.977 2
3373.109 2
3373.242 2
3373.374 2
3373.507 0
3373.639 0
3373.771 0
3373.904 0
3374.036 0
3374.169 6
3374.301 6
3374.434 6
3374.566 6
3374.699 1
3374.831 1
3374.963 1
3375.096 1
3375.228 0
3375.361 0
3375.493 0
3375.626 0
3375.758 0
3375.891 0
3376.023 0
3376.156 0
3376.288 0
3376.421 0
3376.553 2
3376.685 4
3376.818 6
3376.950 9
3377.083 7
3377.215 5
3377.348 3
3377.480 2
3377.613 2
3377.745 2
3377.878 2
3378.010 1
3378.143 1
3378.276 2
3378.408 3
3378.541 3
3378.673 4
3378.806 5
3378.938 8
3379.071 11
3379.203 11
3379.336 10
3379.468 7
3379.601 7
3379.733 6
3379.866 5
3379.998 5
3380.131 1
3380.264 1
3380.396 1
3380.529 0
3380.661 1
3380.794 1
3380.926 1
3381.059 1
3381.192 0
3381.324 0
3381.457 0
3381.589 1
3381.722 1
3381.854 1
3381.987 1
3382.120 0
3382.252 0
3382.385 0
3382.517 0
3382.650 0
3382.783 1
3382.915 1
3383.048 1
3383.180 1
3383.313 5
3383.446 5
3383.578 5
3383.711 5
3383.844 2
3383.976 2
3384.109 2
3384.242 2
3384.374 0
3384.507 0
3384.639 0
3384.772 0
3384.905 0
3385.037 0
3385.170 0
3385.303 1
3385.435 1
3385.568 2
3385.701 3
3385.833 4
3385.966 5
3386.099 5
3386.231 5
3386.364 4
3386.497 4
3386.629 3
3386.762 2
3386.895 1
3387.027 0
3387.160 0
3387.293 0
3387.426 0
3387.558 1
3387.691 2
3387.824 2
3387.956 2
3388.089 2
3388.222 1
3388.355 1
3388.487 1
3388.620 1
3388.753 1
3388.885 1
3389.018 1
3389.151 0
3389.284 0
3389.416 0
3389.549 0
3389.682 0
3389.815 0
3389.947 0
3390.080 0
3390.213 1
3390.346 2
3390.478 3
3390.611 4
3390.744 5
3390.877 4
3391.010 3
3391.142 2
3391.275 1
3391.408 1
3391.541 2
3391.673 2
3391.806 1
3391.939 1
3392.072 0
3392.205 0
3392.337 0
3392.470 1
3392.603 1
3392.736 1
3392.869 1
3393.001 0
3393.134 1
3393.267 1
3393.400 1
3393.533 1
3393.666 4
3393.798 3
3393.931 4
3394.064 4
3394.197 3
3394.330 3
3394.463 4
3394.595 3
3394.728 3
3394.861 3
3394.994 3
3395.127 4
3395.260 5
3395.392 6
3395.525 6
3395.658 7
3395.791 9
3395.924 9
3396.057 7
3396.190 5
3396.323 2
3396.455 1
3396.588 0
3396.721 0
3396.854 2
3396.987 3
3397.120 4
3397.253 4
3397.386 2
3397.519 5
3397.652 6
3397.784 5
3397.917 4
3398.050 3
3398.183 3
3398.316 3
3398.449 4
3398.582 4
3398.715 2
3398.848 2
3398.981 1
3399.114 1
3399.247 0
3399.380 0
3399.513 1
3399.645 3
3399.778 5
3399.911 5
3400.044 5
3400.177 4
3400.310 2
3400.443 3
3400.576 2
3400.709 1
3400.842 1
3400.975 0
3401.108 0
3401.241 1
3401.374 1
3401.507 1
3401.640 1
3401.773 0
3401.906 2
3402.039 2
3402.172 2
3402.305 3
3402.438 2
3402.571 2
3402.704 3
3402.837 2
3402.970 3
3403.103 3
3403.236 6
3403.369 6
3403.502 4
3403.635 5
3403.768 2
3403.901 2
3404.034 4
3404.167 3
3404.300 2
3404.433 2
3404.566 3
3404.699 3
3404.832 3
3404.965 4
3405.099 2
3405.232 2
3405.365 2
3405.498 1
3405.631 0
3405.764 0
3405.897 0
3406.030 0
3406.163 2
3406.296 3
3406.429 3
3406.562 3
3406.695 1
3406.828 0
3406.962 0
3407.095 1
3407.228 2
3407.361 3
3407.494 4
3407.627 5
3407.760 6
3407.893 6
3408.026 6
3408.160 3
3408.293 5
3408.426 5
3408.559 5
3408.692 3
3408.825 0
3408.958 0
3409.091 0
3409.225 0
3409.358 1
3409.491 1
3409.624 1
3409.757 1
3409.890 1
3410.023 1
3410.157 2
3410.290 2
3410.423 2
3410.556 2
3410.689 1
3410.822 1
3410.956 0
3411.089 0
3411.222 0
3411.355 1
3411.488 1
3411.622 1
3411.755 2
3411.888 3
3412.021 3
3412.154 4
3412.287 3
3412.421 2
3412.554 3
3412.687 2
3412.820 4
3412.954 6
3413.087 10
3413.220 10
3413.353 10
3413.486 8
3413.620 4
3413.753 4
3413.886 8
3414.019 6
3414.153 7
3414.286 6
3414.419 4
3414.552 4
3414.686 3
3414.819 3
3414.952 2
3415.085 2
3415.219 0
3415.352 0
3415.485 0
3415.618 0
3415.752 1
3415.885 1
3416.018 2
3416.151 2
3416.285 3
3416.418 3
3416.551 2
3416.685 2
3416.818 1
3416.951 1
3417.084 1
3417.218 2
3417.351 1
3417.484 1
3417.618 1
3417.751 2
3417.884 2
3418.018 2
3418.151 2
3418.284 1
3418.418 5
3418.551 6
3418.684 7
3418.818 8
3418.951 8
3419.084 8
3419.218 5
3419.351 4
3419.484 1
3419.618 2
3419.751 2
3419.884 3
3420.018 5
3420.151 5
3420.284 7
3420.418 7
3420.551 5
3420.684 5
3420.818 5
3420.951 5
3421.085 3
3421.218 3
3421.351 1
3421.485 1
3421.618 2
3421.751 2
3421.885 2
3422.018 2
3422.152 2
3422.285 2
3422.418 2
3422.552 2
3422.685 0
3422.819 0
3422.952 1
3423.086 2
3423.219 3
3423.352 4
3423.486 4
3423.619 4
3423.753 4
3423.886 4
3424.020 1
3424.153 1
3424.286 2
3424.420 2
3424.553 1
3424.687 2
3424.820 4
3424.954 4
3425.087 4
3425.221 3
3425.354 3
3425.487 3
3425.621 4
3425.754 4
3425.888 1
3426.021 1
3426.155 0
3426.288 3
3426.422 3
3426.555 3
3426.689 3
3426.822 0
3426.956 3
3427.089 3
3427.223 3
3427.356 4
3427.490 2
3427.623 2
3427.757 2
3427.890 1
3428.024 1
3428.157 1
3428.291 2
3428.424 2
3428.558 1
3428.691 1
3428.825 0
3428.958 0
3429.092 2
3429.226 2
3429.359 2
3429.493 2
3429.626 0
3429.760 1
3429.893 2
3430.027 3
3430.160 4
3430.294 5
3430.428 4
3430.561 3
3430.695 2
3430.828 0
3430.962 0
3431.095 0
3431.229 1
3431.363 2
3431.496 3
3431.630 5
3431.763 4
3431.897 3
3432.030 2
3432.164 0
3432.298 0
3432.431 0
3432.565 0
3432.698 0
3432.832 1
3432.966 1
3433.099 1
3433.233 1
3433.367 0
3433.500 0
3433.634 1
3433.767 1
3433.901 1
3434.035 1
3434.168 0
3434.302 0
3434.436 0
3434.569 0
3434.703 0
3434.837 0
3434.970 0
3435.104 0
3435.238 0
3435.371 0
3435.505 0
3435.639 0
3435.772 3
3435.906 3
3436.040 3
3436.173 5
3436.307 4
3436.441 4
3436.574 5
3436.708 5
3436.842 4
3436.975 6
3437.109 6
3437.243 5
3437.376 5
3437.510 3
3437.644 3
3437.778 3
3437.911 3
3438.045 0
3438.179 1
3438.312 1
3438.446 1
3438.580 1
3438.714 0
3438.847 0
3438.981 1
3439.115 2
3439.249 5
3439.382 7
3439.516 6
3439.650 6
3439.784 4
3439.917 4
3440.051 7
3440.185 7
3440.319 7
3440.452 6
3440.586 6
3440.720 5
3440.854 5
3440.987 4
3441.121 1
3441.255 1
3441.389 5
3441.523 5
3441.656 6
3441.790 6
3441.924 2
3442.058 3
3442.191 2
3442.325 3
3442.459 2
3442.593 2
3442.727 3
3442.860 2
3442.994 2
3443.128 1
3443.262 0
3443.396 0
3443.530 2
3443.663 2
3443.797 2
3443.931 2
3444.065 6
3444.199 7
3444.333 8
3444.466 9
3444.600 8
3444.734 6
3444.868 4
3445.002 3
3445.136 2
3445.270 3
3445.403 4
3445.537 3
3445.671 2
3445.805 1
3445.939 0
3446.073 2
3446.207 2
3446.341 2
3446.474 2
3446.608 0
3446.742 0
3446.876 0
3447.010 0
3447.144 0
3447.278 0
3447.412 0
3447.546 0
3447.679 0
3447.813 0
3447.947 1
3448.081 1
3448.215 1
3448.349 2
3448.483 1
3448.617 3
3448.751 3
3448.885 2
3449.019 2
3449.153 0
3449.287 0
3449.421 1
3449.554 1
3449.688 1
3449.822 1
3449.956 0
3450.090 0
3450.224 1
3450.358 1
3450.492 1
3450.626 1
3450.760 3
3450.894 3
3451.028 6
3451.162 6
3451.296 3
3451.430 3
3451.564 3
3451.698 4
3451.832 4
3451.966 5
3452.100 3
3452.234 3
3452.368 4
3452.502 4
3452.636 4
3452.770 4
3452.904 1
3453.038 1
3453.172 1
3453.306 1
3453.440 0
3453.574 0
3453.708 0
3453.842 0
3453.976 0
3454.110 0
3454.244 0
3454.378 0
3454.512 0
3454.646 0
3454.780 1
3454.914 1
3455.048 1
3455.183 3
3455.317 3
3455.451 3
3455.585 3
3455.719 1
3455.853 0
3455.987 0
3456.121 1
3456.255 1
3456.389 2
3456.523 2
3456.657 2
3456.791 2
3456.926 1
3457.060 2
3457.194 2
3457.328 3
3457.462 5
3457.596 4
3457.730 3
3457.864 2
3457.998 2
3458.132 2
3458.267 2
3458.401 3
3458.535 6
3458.669 5
3458.803 4
3458.937 5
3459.071 3
3459.205 3
3459.340 4
3459.474 1
3459.608 3
3459.742 3
3459.876 3
3460.010 3
3460.144 2
3460.279 2
3460.413 1
3460.547 2
3460.681 1
3460.815 1
3460.949 2
3461.084 1
3461.218 1
3461.352 1
3461.486 3
3461.620 3
3461.755 5
3461.889 6
3462.023 5
3462.157 5
3462.291 5
3462.426 6
3462.560 4
3462.694 4
3462.828 2
3462.962 0
3463.097 0
3463.231 0
3463.365 1
3463.499 1
3463.633 1
3463.768 1
3463.902 1
3464.036 1
3464.170 1
3464.305 2
3464.439 2
3464.573 2
3464.707 2
3464.842 4
3464.976 3
3465.110 3
3465.244 3
3465.379 0
3465.513 1
3465.647 2
3465.781 2
3465.916 2
3466.050 4
3466.184 3
3466.319 3
3466.453 3
3466.587 0
3466.721 0
3466.856 0
3466.990 0
3467.124 0
3467.259 0
3467.393 0
3467.527 0
3467.661 0
3467.796 0
3467.930 1
3468.064 1
3468.199 1
3468.333 1
3468.467 0
3468.602 0
3468.736 1
3468.870 1
3469.005 3
3469.139 3
3469.273 2
3469.408 2
3469.542 0
3469.676 0
3469.811 0
3469.945 0
3470.079 0
3470.214 0
3470.348 0
3470.482 1
3470.617 1
3470.751 1
3470.886 1
3471.020 0
3471.154 0
3471.289 0
3471.423 2
3471.557 2
3471.692 2
3471.826 3
3471.961 2
3472.095 2
3472.229 2
3472.364 1
3472.498 0
3472.633 0
3472.767 0
3472.901 0
3473.036 0
3473.170 0
3473.305 0
3473.439 0
3473.574 0
3473.708 0
3473.842 0
3473.977 4
3474.111 4
3474.246 4
3474.380 4
3474.515 1
3474.649 1
3474.783 1
3474.918 1
3475.052 0
3475.187 1
3475.321 2
3475.456 2
3475.590 2
3475.725 1
3475.859 0
3475.994 1
3476.128 1
3476.263 4
3476.397 4
3476.531 3
3476.666 3
3476.800 0
3476.935 0
3477.069 0
3477.204 0
3477.338 0
3477.473 0
3477.607 0
3477.742 0
3477.876 0
3478.011 1
3478.145 2
3478.280 3
3478.415 4
3478.549 4
3478.684 4
3478.818 4
3478.953 2
3479.087 2
3479.222 2
3479.356 2
3479.491 2
3479.625 2
3479.760 3
3479.894 3
3480.029 2
3480.163 2
3480.298 1
3480.433 1
3480.567 1
3480.702 1
3480.836 1
3480.971 1
3481.105 3
3481.240 3
3481.375 4
3481.509 6
3481.644 4
3481.778 4
3481.913 3
3482.048 1
3482.182 0
3482.317 0
3482.451 0
3482.586 1
3482.721 3
3482.855 3
3482.990 5
3483.124 4
3483.259 2
3483.394 2
3483.528 0
3483.663 1
3483.797 1
3483.932 1
3484.067 1
3484.201 0
3484.336 0
3484.471 0
3484.605 0
3484.740 0
3484.875 0
3485.009 0
3485.144 0
3485.279 0
3485.413 0
3485.548 0
3485.682 2
3485.817 4
3485.952 4
3486.086 4
3486.221 7
3486.356 5
3486.491 4
3486.625 3
3486.760 1
3486.895 1
3487.029 2
3487.164 2
3487.299 2
3487.433 1
3487.568 0
3487.703 0
3487.837 0
3487.972 0
3488.107 0
3488.242 1
3488.376 1
3488.511 1
3488.646 1
3488.780 0
3488.915 1
3489.050 1
3489.185 2
3489.319 2
3489.454 1
3489.589 1
3489.724 2
3489.858 2
3489.993 2
3490.128 2
3490.263 2
3490.397 2
3490.532 2
3490.667 4
3490.802 2
3490.936 2
3491.071 2
3491.206 0
3491.341 1
3491.476 1
3491.610 1
3491.745 1
3491.880 0
3492.015 0
3492.149 0
3492.284 0
3492.419 1
3492.554 1
3492.689 2
3492.823 2
3492.958 1
3493.093 1
3493.228 2
3493.363 2
3493.498 2
3493.632 2
3493.767 0
3493.902 0
3494.037 0
3494.172 0
3494.306 0
3494.441 0
3494.576 0
3494.711 0
3494.846 0
3494.981 0
3495.116 2
3495.250 2
3495.385 2
3495.520 2
3495.655 0
3495.790 0
3495.925 0
3496.060 0
3496.194 0
3496.329 0
3496.464 3
3496.599 3
3496.734 3
3496.869 3
3497.004 0
3497.139 0
3497.273 1
3497.408 1
3497.543 1
3497.678 2
3497.813 4
3497.948 4
3498.083 4
3498.218 3
3498.353 0
3498.488 0
3498.623 0
3498.757 0
3498.892 0
3499.027 0
3499.162 0
3499.297 0
3499.432 0
3499.567 0
3499.702 1
3499.837 1
3499.972 1
3500.107 1
3500.242 0
3500.377 0
3500.512 0
3500.647 0
3500.782 0
3500.917 0
3501.052 0
3501.187 0
3501.322 0
3501.456 0
3501.591 0
3501.726 0
3501.861 0
3501.996 0
3502.131 0
3502.266 0
3502.401 0
3502.536 0
3502.671 0
3502.806 0
3502.941 0
3503.076 1
3503.211 5
3503.346 5
3503.481 5
3503.616 6
3503.751 4
3503.886 4
3504.022 4
3504.157 2
3504.292 1
3504.427 1
3504.562 1
3504.697 2
3504.832 1
3504.967 1
3505.102 1
3505.237 0
3505.372 0
3505.507 0
3505.642 0
3505.777 0
3505.912 0
3506.047 0
3506.182 0
3506.317 1
3506.452 1
3506.588 1
3506.723 1
3506.858 0
3506.993 1
3507.128 1
3507.263 1
3507.398 1
3507.533 0
3507.668 0
3507.803 0
3507.938 0
3508.074 0
3508.209 0
3508.344 0
3508.479 0
3508.614 0
3508.749 0
3508.884 0
3509.019 0
3509.155 2
3509.290 2
3509.425 2
3509.560 3
3509.695 4
3509.830 4
3509.965 4
3510.100 5
3510.236 3
3510.371 3
3510.506 3
3510.641 1
3510.776 1
3510.911 1
3511.047 1
3511.182 2
3511.317 1
3511.452 1
3511.587 1
3511.722 2
3511.858 2
3511.993 2
3512.128 2
3512.263 1
3512.398 1
3512.534 1
3512.669 1
3512.804 0
3512.939 3
3513.074 3
3513.210 3
3513.345 4
3513.480 1
3513.615 1
3513.750 1
3513.886 0
3514.021 3
3514.156 3
3514.291 3
3514.427 4
3514.562 5
3514.697 5
3514.832 5
3514.968 4
3515.103 2
3515.238 2
3515.373 4
3515.509 4
3515.644 2
3515.779 2
3515.914 0
3516.050 3
3516.185 3
3516.320 3
3516.455 4
3516.591 4
3516.726 6
3516.861 6
3516.996 6
3517.132 4
3517.267 8
3517.402 7
3517.538 5
3517.673 3
3517.808 0
3517.944 0
3518.079 0
3518.214 0
3518.349 1
3518.485 2
3518.620 2
3518.755 3
3518.891 3
3519.026 3
3519.161 4
3519.297 3
3519.432 2
3519.567 1
3519.703 0
3519.838 0
3519.973 0
3520.109 0
3520.244 0
3520.379 0
3520.515 0
3520.650 0
3520.785 1
3520.921 1
3521.056 1
3521.192 1
3521.327 0
3521.462 0
3521.598 0
3521.733 0
3521.868 0
3522.004 0
3522.139 0
3522.275 0
3522.410 0
3522.545 0
3522.681 0
3522.816 2
3522.952 2
3523.087 3
3523.222 3
3523.358 5
3523.493 7
3523.629 8
3523.764 11
3523.899 9
3524.035 9
3524.170 9
3524.306 7
3524.441 6
3524.577 6
3524.712 7
3524.847 6
3524.983 6
3525.118 5
3525.254 7
3525.389 4
3525.525 4
3525.660 5
3525.796 1
3525.931 1
3526.067 1
3526.202 0
3526.337 0
3526.473 0
3526.608 0
3526.744 0
3526.879 0
3527.015 0
3527.150 0
3527.286 0
3527.421 0
3527.557 0
3527.692 0
3527.828 3
3527.963 6
3528.099 6
3528.234 7
3528.370 4
3528.505 3
3528.641 5
3528.776 8
3528.912 9
3529.047 13
3529.183 11
3529.318 7
3529.454 6
3529.589 1
3529.725 1
3529.861 1
3529.996 1
3530.132 0
3530.267 0
3530.403 0
3530.538 0
3530.674 1
3530.809 2
3530.945 3
3531.080 7
3531.216 7
3531.352 7
3531.487 7
3531.623 4
3531.758 3
3531.894 2
3532.029 1
3532.165 0
3532.301 0
3532.436 0
3532.572 0
3532.707 1
3532.843 1
3532.979 1
3533.114 1
3533.250 0
3533.385 2
3533.521 2
3533.657 2
3533.792 2
3533.928 1
3534.063 1
3534.199 1
3534.335 1
3534.470 3
3534.606 4
3534.742 4
3534.877 5
3535.013 4
3535.149 3
3535.284 3
3535.420 2
3535.555 0
3535.691 0
3535.827 0
3535.962 0
3536.098 0
3536.234 0
3536.369 0
3536.505 0
3536.641 0
3536.776 0
3536.912 0
3537.048 0
3537.183 0
3537.319 2
3537.455 2
3537.591 2
3537.726 2
3537.862 2
3537.998 2
3538.133 2
3538.269 2
3538.405 2
3538.540 2
3538.676 2
3538.812 2
3538.948 3
3539.083 3
3539.219 4
3539.355 4
3539.490 3
3539.626 3
3539.762 2
3539.898 2
3540.033 2
3540.169 2
3540.305 2
3540.441 2
3540.576 1
3540.712 1
3540.848 1
3540.984 2
3541.119 1
3541.255 1
3541.391 1
3541.527 0
3541.662 0
3541.798 0
3541.934 0
3542.070 0
3542.206 1
3542.341 1
3542.477 1
3542.613 1
3542.749 0
3542.884 0
3543.020 0
3543.156 0
3543.292 0
3543.428 0
3543.564 0
3543.699 0
3543.835 0
3543.971 0
3544.107 0
3544.243 0
3544.378 1
3544.514 1
3544.650 1
3544.786 2
3544.922 2
3545.058 2
3545.193 4
3545.329 4
3545.465 4
3545.601 4
3545.737 2
3545.873 2
3546.008 4
3546.144 4
3546.280 4
3546.416 3
3546.552 0
3546.688 0
3546.824 0
3546.960 0
3547.095 0
3547.231 0
3547.367 2
3547.503 2
3547.639 2
3547.775 2
3547.911 0
3548.047 0
3548.183 1
3548.318 2
3548.454 2
3548.590 2
3548.726 1
3548.862 0
3548.998 0
3549.134 0
3549.270 0
3549.406 0
3549.542 2
3549.678 2
3549.813 2
3549.949 2
3550.085 0
3550.221 0
3550.357 0
3550.493 1
3550.629 1
3550.765 1
3550.901 3
3551.037 2
3551.173 2
3551.309 2
3551.445 0
3551.581 0
3551.717 0
3551.853 0
3551.989 0
3552.125 0
3552.261 0
3552.397 0
3552.533 0
3552.669 0
3552.805 0
3552.941 0
3553.077 0
3553.213 0
3553.349 0
3553.485 0
3553.621 0
3553.757 0
3553.893 0
3554.029 0
3554.165 0
3554.301 0
3554.437 0
3554.573 0
3554.709 0
3554.845 0
3554.981 0
3555.117 0
3555.253 3
3555.389 3
3555.525 3
3555.661 3
3555.797 3
3555.933 3
3556.069 3
3556.205 3
3556.341 3
3556.477 3
3556.613 3
3556.749 3
3556.886 1
3557.022 1
3557.158 3
3557.294 3
3557.430 2
3557.566 2
3557.702 0
3557.838 0
3557.974 1
3558.110 1
3558.246 3
3558.382 3
3558.519 2
3558.655 2
3558.791 0
3558.927 0
3559.063 0
3559.199 0
3559.335 0
3559.471 0
3559.607 2
3559.744 2
3559.880 2
3560.016 3
3560.152 4
3560.288 4
3560.424 6
3560.560 6
3560.697 5
3560.833 5
3560.969 4
3561.105 5
3561.241 3
3561.377 3
3561.513 4
3561.650 2
3561.786 3
3561.922 4
3562.058 3
3562.194 7
3562.330 7
3562.467 7
3562.603 7
3562.739 2
3562.875 2
3563.011 2
3563.148 2
3563.284 2
3563.420 2
3563.556 2
3563.692 2
3563.829 0
3563.965 1
3564.101 1
3564.237 1
3564.373 1
3564.510 1
3564.646 1
3564.782 1
3564.918 1
3565.055 0
3565.191 0
3565.327 1
3565.463 3
3565.599 3
3565.736 3
3565.872 2
3566.008 0
3566.144 0
3566.281 0
3566.417 1
3566.553 1
3566.689 1
3566.826 1
3566.962 0
3567.098 0
3567.235 0
3567.371 1
3567.507 2
3567.643 2
3567.780 4
3567.916 3
3568.052 3
3568.189 4
3568.325 3
3568.461 3
3568.597 3
3568.734 2
3568.870 1
3569.006 1
3569.143 2
3569.279 2
3569.415 2
3569.552 2
3569.688 0
3569.824 0
3569.961 1
3570.097 1
3570.233 1
3570.370 1
3570.506 4
3570.642 4
3570.779 4
3570.915 4
3571.051 1
3571.188 1
3571.324 1
3571.460 3
3571.597 2
3571.733 2
3571.869 2
3572.006 0
3572.142 0
3572.278 0
3572.415 1
3572.551 1
3572.688 1
3572.824 1
3572.960 0
3573.097 0
3573.233 1
3573.370 1
3573.506 1
3573.642 1
3573.779 4
3573.915 4
3574.052 4
3574.188 4
3574.324 2
3574.461 2
3574.597 2
3574.734 2
3574.870 4
3575.006 6
3575.143 7
3575.279 8
3575.416 6
3575.552 5
3575.689 5
3575.825 5
3575.962 8
3576.098 7
3576.234 6
3576.371 5
3576.507 4
3576.644 4
3576.780 4
3576.917 4
3577.053 3
3577.190 3
3577.326 3
3577.463 3
3577.599 0
3577.736 0
3577.872 0
3578.008 0
3578.145 1
3578.281 1
3578.418 1
3578.554 1
3578.691 0
3578.827 0
3578.964 0
3579.100 0
3579.237 3
3579.373 3
3579.510 4
3579.646 4
3579.783 1
3579.920 1
3580.056 0
3580.193 0
3580.329 0
3580.466 0
3580.602 0
3580.739 0
3580.875 3
3581.012 3
3581.148 3
3581.285 3
3581.421 1
3581.558 1
3581.695 1
3581.831 1
3581.968 6
3582.104 6
3582.241 6
3582.377 6
3582.514 2
3582.650 2
3582.787 2
3582.924 2
3583.060 1
3583.197 1
3583.333 1
3583.470 1
3583.607 1
3583.743 2
3583.880 5
3584.016 6
3584.153 6
3584.290 5
3584.426 2
3584.563 1
3584.699 3
3584.836 3
3584.973 7
3585.109 8
3585.246 7
3585.383 8
3585.519 8
3585.656 7
3585.792 8
3585.929 7
3586.066 4
3586.202 4
3586.339 5
3586.476 4
3586.612 2
3586.749 1
3586.886 0
3587.022 0
3587.159 0
3587.296 0
3587.432 0
3587.569 0
3587.706 0
3587.842 1
3587.979 4
3588.116 4
3588.252 4
3588.389 3
3588.526 1
3588.662 1
3588.799 1
3588.936 1
3589.072 0
3589.209 0
3589.346 0
3589.483 0
3589.619 0
3589.756 0
3589.893 0
3590.029 0
3590.166 2
3590.303 3
3590.440 4
3590.576 5
3590.713 6
3590.850 5
3590.987 4
3591.123 3
3591.260 2
3591.397 2
3591.534 2
3591.670 2
3591.807 0
3591.944 0
3592.081 0
3592.217 2
3592.354 2
3592.491 5
3592.628 5
3592.764 5
3592.901 6
3593.038 5
3593.175 5
3593.312 3
3593.448 4
3593.585 2
3593.722 2
3593.859 2
3593.995 0
3594.132 0
3594.269 1
3594.406 1
3594.543 2
3594.679 2
3594.816 1
3594.953 2
3595.090 2
3595.227 2
3595.364 2
3595.500 1
3595.637 0
3595.774 0
3595.911 0
3596.048 0
3596.185 0
3596.321 0
3596.458 0
3596.595 0
3596.732 1
3596.869 1
3597.006 1
3597.143 1
3597.279 0
3597.416 0
3597.553 0
3597.690 0
3597.827 1
3597.964 1
3598.101 1
3598.237 1
3598.374 0
3598.511 0
3598.648 0
3598.785 0
3598.922 0
3599.059 0
3599.196 0
3599.333 2
3599.469 2
3599.606 2
3599.743 2
3599.880 0
3600.017 0
3600.154 0
3600.291 0
3600.428 0
3600.565 0
3600.702 0
3600.839 0
3600.976 1
3601.113 2
3601.249 3
3601.386 5
3601.523 5
3601.660 5
3601.797 6
3601.934 4
3602.071 5
3602.208 7
3602.345 7
3602.482 5
3602.619 6
3602.756 10
3602.893 11
3603.030 12
3603.167 12
3603.304 6
3603.441 6
3603.578 3
3603.715 4
3603.852 2
3603.989 2
3604.126 1
3604.263 0
3604.400 3
3604.537 4
3604.674 5
3604.811 6
3604.948 10
3605.085 8
3605.222 7
3605.359 5
3605.496 3
3605.633 3
3605.770 2
3605.907 2
3606.044 0
3606.181 0
3606.318 0
3606.455 0
3606.592 0
3606.729 0
3606.866 0
3607.003 0
3607.140 0
3607.277 0
3607.414 0
3607.552 0
3607.689 2
3607.826 2
3607.963 2
3608.100 2
3608.237 0
3608.374 0
3608.511 0
3608.648 0
3608.785 1
3608.922 1
3609.059 1
3609.196 2
3609.334 1
3609.471 1
3609.608 1
3609.745 1
3609.882 2
3610.019 2
3610.156 2
3610.293 4
3610.430 4
3610.568 4
3610.705 4
3610.842 4
3610.979 3
3611.116 4
3611.253 5
3611.390 3
3611.527 8
3611.665 10
3611.802 9
3611.939 11
3612.076 6
3612.213 7
3612.350 7
3612.487 4
3612.625 7
3612.762 4
3612.899 4
3613.036 4
3613.173 2
3613.310 1
3613.448 1
3613.585 2
3613.722 1
3613.859 2
3613.996 3
3614.134 6
3614.271 7
3614.408 7
3614.545 7
3614.682 4
3614.820 1
3614.957 1
3615.094 1
3615.231 1
3615.368 0
3615.506 0
3615.643 0
3615.780 0
3615.917 0
3616.055 0
3616.192 0
3616.329 0
3616.466 2
3616.603 2
3616.741 3
3616.878 3
3617.015 2
3617.152 2
3617.290 1
3617.427 1
3617.564 0
3617.701 0
3617.839 0
3617.976 0
3618.113 0
3618.250 0
3618.388 3
3618.525 3
3618.662 4
3618.800 6
3618.937 5
3619.074 7
3619.211 11
3619.349 9
3619.486 7
3619.623 6
3619.761 1
3619.898 1
3620.035 1
3620.173 0
3620.310 0
3620.447 0
3620.584 0
3620.722 0
3620.859 0
3620.996 0
3621.134 0
3621.271 0
3621.408 0
3621.546 0
3621.683 0
3621.820 0
3621.958 1
3622.095 1
3622.232 1
3622.370 3
3622.507 3
3622.645 3
3622.782 3
3622.919 3
3623.057 3
3623.194 3
3623.331 5
3623.469 3
3623.606 2
3623.743 2
3623.881 0
3624.018 0
3624.156 0
3624.293 0
3624.430 0
3624.568 0
3624.705 0
3624.843 0
3624.980 0
3625.117 0
3625.255 1
3625.392 1
3625.530 1
3625.667 1
3625.804 0
3625.942 0
3626.079 0
3626.217 0
3626.354 0
3626.492 0
3626.629 0
3626.766 0
3626.904 0
3627.041 0
3627.179 0
3627.316 0
3627.454 0
3627.591 0
3627.729 3
3627.866 3
3628.003 3
3628.141 3
3628.278 2
3628.416 3
3628.553 4
3628.691 6
3628.828 4
3628.966 3
3629.103 2
3629.241 1
3629.378 1
3629.516 1
3629.653 2
3629.791 1
3629.928 1
3630.066 1
3630.203 0
3630.341 0
3630.478 0
3630.616 0
3630.753 2
3630.891 2
3631.028 4
3631.166 5
3631.303 8
3631.441 9
3631.578 11
3631.716 11
3631.853 6
3631.991 5
3632.128 2
3632.266 1
3632.404 1
3632.541 1
3632.679 0
3632.816 0
3632.954 0
3633.091 0
3633.229 2
3633.366 3
3633.504 4
3633.642 5
3633.779 9
3633.917 10
3634.054 10
3634.192 9
3634.329 5
3634.467 5
3634.605 5
3634.742 5
3634.880 3
3635.017 1
3635.155 1
3635.293 1
3635.430 1
3635.568 1
3635.705 0
3635.843 0
3635.981 0
3636.118 0
3636.256 0
3636.394 0
3636.531 4
3636.669 7
3636.806 7
3636.944 8
3637.082 5
3637.219 4
3637.357 5
3637.495 6
3637.632 7
3637.770 6
3637.908 4
3638.045 3
3638.183 5
3638.321 5
3638.458 5
3638.596 5
3638.734 2
3638.871 2
3639.009 0
3639.147 0
3639.284 0
3639.422 0
3639.560 3
3639.697 3
3639.835 3
3639.973 3
3640.110 0
3640.248 0
3640.386 0
3640.523 0
3640.661 0
3640.799 2
3640.937 4
3641.074 6
3641.212 10
3641.350 8
3641.487 6
3641.625 4
3641.763 1
3641.901 1
3642.038 1
3642.176 1
3642.314 1
3642.452 1
3642.589 1
3642.727 1
3642.865 2
3643.003 2
3643.140 2
3643.278 2
3643.416 3
3643.554 3
3643.691 3
3643.829 3
3643.967 2
3644.105 2
3644.242 2
3644.380 2
3644.518 1
3644.656 1
3644.794 3
3644.931 3
3645.069 2
3645.207 2
3645.345 3
3645.483 4
3645.620 4
3645.758 4
3645.896 1
3646.034 1
3646.172 1
3646.309 1
3646.447 1
3646.585 0
3646.723 0
3646.861 0
3646.999 0
3647.136 0
3647.274 2
3647.412 5
3647.550 5
3647.688 5
3647.826 5
3647.963 2
3648.101 2
3648.239 2
3648.377 0
3648.515 0
3648.653 0
3648.791 0
3648.928 0
3649.066 3
3649.204 3
3649.342 3
3649.480 3
3649.618 2
3649.756 2
3649.894 2
3650.031 2
3650.169 0
3650.307 0
3650.445 0
3650.583 0
3650.721 0
3650.859 0
3650.997 2
3651.135 3
3651.273 3
3651.410 4
3651.548 2
3651.686 4
3651.824 5
3651.962 4
3652.100 4
3652.238 1
3652.376 0
3652.514 0
3652.652 0
3652.790 0
3652.928 0
3653.066 0
3653.204 0
3653.342 0
3653.480 0
3653.617 0
3653.755 0
3653.893 0
3654.031 0
3654.169 2
3654.307 3
3654.445 3
3654.583 4
3654.721 3
3654.859 3
3654.997 6
3655.135 6
3655.273 6
3655.411 6
3655.549 4
3655.687 4
3655.825 3
3655.963 2
3656.101 1
3656.239 0
3656.377 1
3656.515 1
3656.653 4
3656.791 4
3656.929 5
3657.067 5
3657.205 2
3657.343 2
3657.481 3
3657.619 3
3657.757 4
3657.895 4
3658.034 1
3658.172 2
3658.310 1
3658.448 1
3658.586 1
3658.724 0
3658.862 0
3659.000 0
3659.138 0
3659.276 0
3659.414 0
3659.552 0
3659.690 0
3659.828 0
3659.966 0
3660.104 1
3660.243 1
3660.381 1
3660.519 1
3660.657 1
3660.795 2
3660.933 3
3661.071 5
3661.209 4
3661.347 3
3661.485 2
3661.624 0
3661.762 0
3661.900 0
3662.038 0
3662.176 0
3662.314 0
3662.452 1
3662.590 1
3662.729 2
3662.867 2
3663.005 1
3663.143 1
3663.281 0
3663.419 0
3663.557 0
3663.696 0
3663.834 0
3663.972 0
3664.110 0
3664.248 2
3664.386 2
3664.525 2
3664.663 2
3664.801 2
3664.939 2
3665.077 2
3665.215 2
3665.354 0
3665.492 0
3665.630 0
3665.768 0
3665.906 0
3666.045 0
3666.183 0
3666.321 0
3666.459 0
3666.597 0
3666.736 0
3666.874 0
3667.012 0
3667.150 0
3667.288 0
3667.427 0
3667.565 1
3667.703 1
3667.841 1
3667.980 1
3668.118 0
3668.256 0
3668.394 0
3668.533 0
3668.671 0
3668.809 1
3668.947 1
3669.086 1
3669.224 2
3669.362 1
3669.500 1
3669.639 1
3669.777 3
3669.915 4
3670.053 4
3670.192 4
3670.330 1
3670.468 0
3670.607 0
3670.745 0
3670.883 0
3671.021 1
3671.160 1
3671.298 3
3671.436 3
3671.575 2
3671.713 2
3671.851 1
3671.990 1
3672.128 1
3672.266 1
3672.405 1
3672.543 1
3672.681 4
3672.820 4
3672.958 3
3673.096 4
3673.235 1
3673.373 3
3673.511 5
3673.650 6
3673.788 10
3673.926 9
3674.065 8
3674.203 7
3674.341 2
3674.480 2
3674.618 2
3674.756 2
3674.895 0
3675.033 0
3675.172 0
3675.310 0
3675.448 1
3675.587 1
3675.725 2
3675.863 2
3676.002 1
3676.140 1
3676.279 2
3676.417 2
3676.555 2
3676.694 2
3676.832 0
3676.971 0
3677.109 1
3677.248 1
3677.386 1
3677.524 1
3677.663 1
3677.801 1
3677.940 3
3678.078 3
3678.216 2
3678.355 2
3678.493 1
3678.632 1
3678.770 3
3678.909 3
3679.047 2
3679.186 2
3679.324 0
3679.463 1
3679.601 1
3679.739 1
3679.878 1
3680.016 0
3680.155 0
3680.293 0
3680.432 0
3680.570 0
3680.709 0
3680.847 0
3680.986 0
3681.124 0
3681.263 0
3681.401 0
3681.540 1
3681.678 1
3681.817 1
3681.955 1
3682.094 1
3682.232 1
3682.371 1
3682.509 1
3682.648 0
3682.786 3
3682.925 4
3683.063 4
3683.202 6
3683.340 5
3683.479 6
3683.617 6
3683.756 5
3683.895 3
3684.033 1
3684.172 1
3684.310 3
3684.449 3
3684.587 3
3684.726 3
3684.864 2
3685.003 2
3685.142 2
3685.280 2
3685.419 1
3685.557 1
3685.696 1
3685.834 1
3685.973 0
3686.112 0
3686.250 2
3686.389 2
3686.527 2
3686.666 2
3686.805 0
3686.943 0
3687.082 0
3687.220 0
3687.359 0
3687.498 0
3687.636 0
3687.775 0
3687.913 0
3688.052 0
3688.191 1
3688.329 1
3688.468 1
3688.607 1
3688.745 1
3688.884 1
3689.023 1
3689.161 1
3689.300 2
3689.439 2
3689.577 2
3689.716 4
3689.854 2
3689.993 2
3690.132 2
3690.270 0
3690.409 0
3690.548 0
3690.686 0
3690.825 0
3690.964 2
3691.103 2
3691.241 2
3691.380 2
3691.519 0
3691.657 0
3691.796 0
3691.935 0
3692.073 0
3692.212 0
3692.351 0
3692.489 0
3692.628 2
3692.767 2
3692.906 2
3693.044 2
3693.183 0
3693.322 0
3693.461 0
3693.599 0
3693.738 0
3693.877 1
3694.015 1
3694.154 2
3694.293 2
3694.432 1
3694.570 1
3694.709 0
3694.848 1
3694.987 1
3695.125 1
3695.264 1
3695.403 2
3695.542 2
3695.681 2
3695.819 3
3695.958 3
3696.097 3
3696.236 3
3696.374 5
3696.513 5
3696.652 5
3696.791 5
3696.930 2
3697.068 0
3697.207 0
3697.346 0
3697.485 0
3697.624 1
3697.762 1
3697.901 1
3698.040 1
3698.179 0
3698.318 0
3698.457 0
3698.595 0
3698.734 0
3698.873 0
3699.012 0
3699.151 0
3699.290 0
3699.428 0
3699.567 0
3699.706 1
3699.845 3
3699.984 5
3700.123 7
3700.262 12
3700.400 16
3700.539 14
3700.678 12
3700.817 9
3700.956 5
3701.095 5
3701.234 5
3701.372 3
3701.511 3
3701.650 3
3701.789 5
3701.928 4
3702.067 2
3702.206 2
3702.345 0
3702.484 0
3702.623 0
3702.761 0
3702.900 0
3703.039 0
3703.178 0
3703.317 0
3703.456 0
3703.595 0
3703.734 0
3703.873 0
3704.012 0
3704.151 3
3704.290 3
3704.429 3
3704.567 3
3704.706 0
3704.845 0
3704.984 0
3705.123 0
3705.262 0
3705.401 1
3705.540 1
3705.679 1
3705.818 1
3705.957 0
3706.096 0
3706.235 0
3706.374 0
3706.513 3
3706.652 3
3706.791 3
3706.930 3
3707.069 1
3707.208 2
3707.347 2
3707.486 2
3707.625 1
3707.764 0
3707.903 0
3708.042 0
3708.181 0
3708.320 0
3708.459 1
3708.598 1
3708.737 1
3708.876 1
3709.015 0
3709.154 0
3709.293 1
3709.432 1
3709.571 1
3709.710 1
3709.849 3
3709.988 3
3710.127 3
3710.266 3
3710.405 1
3710.545 1
3710.684 1
3710.823 1
3710.962 0
3711.101 0
3711.240 0
3711.379 0
3711.518 0
3711.657 0
3711.796 0
3711.935 0
3712.074 1
3712.213 1
3712.353 1
3712.492 1
3712.631 0
3712.770 0
3712.909 0
3713.048 0
3713.187 0
3713.326 0
3713.465 0
3713.604 0
3713.744 1
3713.883 2
3714.022 2
3714.161 2
3714.300 1
3714.439 0
3714.578 0
3714.718 0
3714.857 2
3714.996 2
3715.135 3
3715.274 3
3715.413 1
3715.552 1
3715.692 0
3715.831 0
3715.970 0
3716.109 0
3716.248 1
3716.387 1
3716.527 1
3716.666 1
3716.805 0
3716.944 0
3717.083 1
3717.222 1
3717.362 1
3717.501 2
3717.640 2
3717.779 2
3717.918 4
3718.058 3
3718.197 5
3718.336 6
3718.475 5
3718.614 5
3718.754 3
3718.893 2
3719.032 1
3719.171 1
3719.311 0
3719.450 0
3719.589 0
3719.728 0
3719.867 0
3720.007 0
3720.146 0
3720.285 0
3720.424 2
3720.564 2
3720.703 2
3720.842 2
3720.981 2
3721.121 3
3721.260 3
3721.399 3
3721.539 2
3721.678 1
3721.817 1
3721.956 1
3722.096 2
3722.235 2
3722.374 3
3722.514 3
3722.653 1
3722.792 1
3722.931 0
3723.071 0
3723.210 0
3723.349 1
3723.489 1
3723.628 1
3723.767 1
3723.907 0
3724.046 0
3724.185 0
3724.324 1
3724.464 2
3724.603 3
3724.742 5
3724.882 4
3725.021 4
3725.160 4
3725.300 3
3725.439 6
3725.579 5
3725.718 5
3725.857 4
3725.997 1
3726.136 1
3726.275 0
3726.415 0
3726.554 0
3726.693 0
3726.833 0
3726.972 2
3727.112 4
3727.251 4
3727.390 4
3727.530 2
3727.669 5
3727.808 4
3727.948 5
3728.087 4
3728.227 2
3728.366 2
3728.505 0
3728.645 0
3728.784 0
3728.924 0
3729.063 0
3729.202 0
3729.342 0
3729.481 0
3729.621 0
3729.760 0
3729.900 0
3730.039 3
3730.178 4
3730.318 5
3730.457 6
3730.597 10
3730.736 8
3730.876 8
3731.015 6
3731.155 2
3731.294 2
3731.434 0
3731.573 0
3731.712 1
3731.852 1
3731.991 1
3732.131 4
3732.270 3
3732.410 3
3732.549 3
3732.689 1
3732.828 1
3732.968 1
3733.107 1
3733.247 0
3733.386 0
3733.526 0
3733.665 0
3733.805 0
3733.944 0
3734.084 0
3734.223 0
3734.363 0
3734.502 0
3734.642 0
3734.781 0
3734.921 0
3735.060 0
3735.200 0
3735.339 0
3735.479 2
3735.619 2
3735.758 5
3735.898 5
3736.037 4
3736.177 4
3736.316 1
3736.456 1
3736.595 2
3736.735 4
3736.875 4
3737.014 4
3737.154 2
3737.293 0
3737.433 0
3737.572 0
3737.712 1
3737.852 1
3737.991 1
3738.131 1
3738.270 1
3738.410 1
3738.549 1
3738.689 1
3738.829 0
3738.968 0
3739.108 0
3739.248 0
3739.387 0
3739.527 0
3739.666 2
3739.806 2
3739.946 2
3740.085 2
3740.225 0
3740.364 0
3740.504 0
3740.644 0
3740.783 0
3740.923 0
3741.063 1
3741.202 1
3741.342 1
3741.482 2
3741.621 1
3741.761 1
3741.901 1
3742.040 0
3742.180 1
3742.320 2
3742.459 2
3742.599 2
3742.739 1
3742.878 2
3743.018 2
3743.158 4
3743.297 4
3743.437 2
3743.577 2
3743.716 1
3743.856 2
3743.996 2
3744.136 2
3744.275 1
3744.415 0
3744.555 0
3744.694 0
3744.834 0
3744.974 1
3745.114 1
3745.253 2
3745.393 2
3745.533 3
3745.672 3
3745.812 2
3745.952 2
3746.092 0
3746.231 0
3746.371 0
3746.511 0
3746.651 0
3746.790 0
3746.930 0
3747.070 0
3747.210 0
3747.349 0
3747.489 3
3747.629 3
3747.769 5
3747.909 5
3748.048 2
3748.188 2
3748.328 0
3748.468 0
3748.607 0
3748.747 1
3748.887 2
3749.027 2
3749.167 3
3749.306 3
3749.446 2
3749.586 2
3749.726 1
3749.866 0
3750.005 2
3750.145 2
3750.285 2
3750.425 2
3750.565 0
3750.705 2
3750.844 2
3750.984 2
3751.124 2
3751.264 0
3751.404 0
3751.544 0
3751.683 2
3751.823 2
3751.963 2
3752.103 3
3752.243 2
3752.383 2
3752.523 2
3752.662 3
3752.802 2
3752.942 2
3753.082 2
3753.222 3
3753.362 4
3753.502 6
3753.642 6
3753.782 3
3753.921 3
3754.061 1
3754.201 1
3754.341 1
3754.481 0
3754.621 0
3754.761 0
3754.901 3
3755.041 6
3755.181 6
3755.320 6
3755.460 6
3755.600 4
3755.740 4
3755.880 4
3756.020 1
3756.160 1
3756.300 1
3756.440 1
3756.580 1
3756.720 6
3756.860 6
3757.000 6
3757.140 7
3757.280 1
3757.420 1
3757.560 1
3757.699 4
3757.839 4
3757.979 4
3758.119 4
3758.259 3
3758.399 4
3758.539 4
3758.679 4
3758.819 1
3758.959 0
3759.099 1
3759.239 1
3759.379 1
3759.519 1
3759.659 0
3759.799 0
3759.939 0
3760.079 0
3760.219 0
3760.359 0
3760.499 0
3760.639 0
3760.779 0
3760.919 0
3761.059 2
3761.199 2
3761.339 2
3761.479 3
3761.620 3
3761.760 6
3761.900 6
3762.040 5
3762.180 3
3762.320 1
3762.460 1
3762.600 1
3762.740 1
3762.880 0
3763.020 0
3763.160 0
3763.300 1
3763.440 1
3763.580 2
3763.720 3
3763.861 5
3764.001 6
3764.141 6
3764.281 6
3764.421 4
3764.561 2
3764.701 3
3764.841 3
3764.981 4
3765.121 2
3765.261 1
3765.402 1
3765.542 0
3765.682 0
3765.822 0
3765.962 0
3766.102 0
3766.242 2
3766.382 2
3766.523 2
3766.663 3
3766.803 2
3766.943 2
3767.083 2
3767.223 1
3767.363 0
3767.504 1
3767.644 1
3767.784 3
3767.924 6
3768.064 5
3768.204 7
3768.345 5
3768.485 2
3768.625 2
3768.765 0
3768.905 0
3769.045 2
3769.186 2
3769.326 2
3769.466 3
3769.606 1
3769.746 1
3769.887 1
3770.027 1
3770.167 1
3770.307 2
3770.447 2
3770.588 1
3770.728 3
3770.868 3
3771.008 5
3771.148 6
3771.289 6
3771.429 6
3771.569 6
3771.709 6
3771.850 4
3771.990 3
3772.130 1
3772.270 0
3772.411 2
3772.551 2
3772.691 2
3772.831 2
3772.972 1
3773.112 1
3773.252 2
3773.392 3
3773.533 2
3773.673 2
3773.813 3
3773.953 2
3774.094 3
3774.234 4
3774.374 5
3774.515 6
3774.655 7
3774.795 7
3774.935 6
3775.076 7
3775.216 5
3775.356 7
3775.497 6
3775.637 6
3775.777 3
3775.918 1
3776.058 1
3776.198 4
3776.338 3
3776.479 2
3776.619 1
3776.759 0
3776.900 0
3777.040 0
3777.180 0
3777.321 0
3777.461 1
3777.601 1
3777.742 1
3777.882 1
3778.022 0
3778.163 0
3778.303 0
3778.444 0
3778.584 0
3778.724 0
3778.865 0
3779.005 0
3779.145 1
3779.286 1
3779.426 1
3779.567 1
3779.707 3
3779.847 3
3779.988 3
3780.128 3
3780.268 0
3780.409 0
3780.549 0
3780.690 0
3780.830 0
3780.971 1
3781.111 1
3781.251 1
3781.392 1
3781.532 0
3781.673 0
3781.813 0
3781.953 0
3782.094 0
3782.234 1
3782.375 2
3782.515 3
3782.656 3
3782.796 4
3782.936 4
3783.077 4
3783.217 4
3783.358 6
3783.498 4
3783.639 2
3783.779 1
3783.920 0
3784.060 0
3784.201 0
3784.341 0
3784.482 0
3784.622 1
3784.763 2
3784.903 3
3785.044 4
3785.184 6
3785.324 10
3785.465 9
3785.605 8
3785.746 5
3785.886 2
3786.027 3
3786.167 5
3786.308 7
3786.449 7
3786.589 11
3786.730 9
3786.870 7
3787.011 5
3787.151 2
3787.292 2
3787.432 2
3787.573 2
3787.713 0
3787.854 0
3787.994 0
3788.135 2
3788.275 2
3788.416 2
3788.557 2
3788.697 1
3788.838 1
3788.978 1
3789.119 1
3789.259 0
3789.400 0
3789.540 0
3789.681 0
3789.822 0
3789.962 0
3790.103 0
3790.243 1
3790.384 1
3790.525 1
3790.665 1
3790.806 2
3790.946 3
3791.087 3
3791.228 3
3791.368 2
3791.509 4
3791.649 4
3791.790 4
3791.931 4
3792.071 2
3792.212 2
3792.352 2
3792.493 1
3792.634 0
3792.774 0
3792.915 0
3793.056 1
3793.196 1
3793.337 1
3793.478 1
3793.618 0
3793.759 0
3793.900 0
3794.040 1
3794.181 1
3794.321 1
3794.462 2
3794.603 1
3794.743 1
3794.884 1
3795.025 0
3795.166 0
3795.306 2
3795.447 2
3795.588 2
3795.728 2
3795.869 0
3796.010 0
3796.150 0
3796.291 0
3796.432 0
3796.572 0
3796.713 0
3796.854 2
3796.995 3
3797.135 4
3797.276 4
3797.417 2
3797.557 1
3797.698 0
3797.839 0
3797.980 1
3798.120 1
3798.261 1
3798.402 1
3798.543 0
3798.683 1
3798.824 1
3798.965 1
3799.106 1
3799.246 0
3799.387 0
3799.528 0
3799.669 0
3799.809 0
3799.950 1
3800.091 1
3800.232 3
3800.373 3
3800.513 3
3800.654 3
3800.795 1
3800.936 2
3801.076 3
3801.217 3
3801.358 3
3801.499 2
3801.640 0
3801.780 0
3801.921 0
3802.062 0
3802.203 0
3802.344 0
3802.485 1
3802.625 1
3802.766 1
3802.907 1
3803.048 1
3803.189 1
3803.329 2
3803.470 2
3803.611 1
3803.752 1
3803.893 0
3804.034 0
3804.175 0
3804.315 0
3804.456 0
3804.597 0
3804.738 0
3804.879 0
3805.020 0
3805.161 0
3805.301 0
3805.442 0
3805.583 0
3805.724 0
3805.865 0
3806.006 0
3806.147 1
3806.288 1
3806.429 1
3806.569 1
3806.710 3
3806.851 3
3806.992 3
3807.133 3
3807.274 0
3807.415 0
3807.556 0
3807.697 0
3807.838 0
3807.979 0
3808.119 0
3808.260 0
3808.401 0
3808.542 0
3808.683 0
3808.824 0
3808.965 3
3809.106 3
3809.247 3
3809.388 5
3809.529 2
3809.670 2
3809.811 3
3809.952 1
3810.093 1
3810.234 2
3810.375 3
3810.516 4
3810.657 5
3810.798 4
3810.939 2
3811.079 3
3811.220 2
3811.361 2
3811.502 2
3811.643 2
3811.784 4
3811.925 4
3812.066 4
3812.207 5
3812.348 5
3812.489 5
3812.630 5
3812.771 4
3812.912 2
3813.054 2
3813.195 3
3813.336 1
3813.477 1
3813.618 1
3813.759 1
3813.900 1
3814.041 2
3814.182 3
3814.323 3
3814.464 4
3814.605 4
3814.746 4
3814.887 4
3815.028 4
3815.169 4
3815.310 4
3815.451 5
3815.592 5
3815.733 1
3815.874 1
3816.016 0
3816.157 0
3816.298 2
3816.439 2
3816.580 2
3816.721 2
3816.862 2
3817.003 2
3817.144 2
3817.285 3
3817.426 1
3817.568 1
3817.709 1
3817.850 0
3817.991 1
3818.132 1
3818.273 1
3818.414 1
3818.555 0
3818.696 0
3818.838 1
3818.979 1
3819.120 3
3819.261 3
3819.402 2
3819.543 2
3819.684 1
3819.826 2
3819.967 3
3820.108 5
3820.249 4
3820.390 3
3820.531 2
3820.673 0
3820.814 0
3820.955 0
3821.096 0
3821.237 0
3821.378 0
3821.520 0
3821.661 0
3821.802 0
3821.943 0
3822.084 0
3822.226 0
3822.367 0
3822.508 0
3822.649 0
3822.790 0
3822.932 1
3823.073 6
3823.214 7
3823.355 7
3823.496 6
3823.638 3
3823.779 2
3823.920 2
3824.061 2
3824.203 2
3824.344 2
3824.485 2
3824.626 2
3824.767 5
3824.909 5
3825.050 6
3825.191 6
3825.332 3
3825.474 3
3825.615 2
3825.756 3
3825.897 1
3826.039 1
3826.180 1
3826.321 0
3826.463 1
3826.604 1
3826.745 1
3826.886 1
3827.028 0
3827.169 0
3827.310 0
3827.452 0
3827.593 1
3827.734 1
3827.875 1
3828.017 1
3828.158 2
3828.299 2
3828.441 2
3828.582 3
3828.723 1
3828.865 1
3829.006 1
3829.147 1
3829.289 1
3829.430 1
3829.571 1
3829.713 1
3829.854 1
3829.995 1
3830.137 1
3830.278 0
3830.419 0
3830.561 0
3830.702 0
3830.843 1
3830.985 1
3831.126 1
3831.267 1
3831.409 1
3831.550 1
3831.692 1
3831.833 1
3831.974 1
3832.116 3
3832.257 3
3832.398 3
3832.540 2
3832.681 0
3832.823 0
3832.964 0
3833.105 0
3833.247 0
3833.388 0
3833.530 0
3833.671 0
3833.813 0
3833.954 0
3834.095 0
3834.237 0
3834.378 0
3834.520 0
3834.661 0
3834.802 1
3834.944 2
3835.085 2
3835.227 2
3835.368 3
3835.510 2
3835.651 2
3835.793 2
3835.934 0
3836.075 2
3836.217 3
3836.358 3
3836.500 3
3836.641 4
3836.783 3
3836.924 3
3837.066 3
3837.207 2
3837.349 2
3837.490 2
3837.632 6
3837.773 6
3837.915 6
3838.056 6
3838.198 2
3838.339 0
3838.481 0
3838.622 1
3838.764 1
3838.905 1
3839.047 1
3839.188 0
3839.330 0
3839.471 0
3839.613 0
3839.754 0
3839.896 0
3840.037 0
3840.179 0
3840.320 0
3840.462 0
3840.604 0
3840.745 0
3840.887 0
3841.028 0
3841.170 0
3841.311 0
3841.453 0
3841.594 0
3841.736 1
3841.878 1
3842.019 1
3842.161 1
3842.302 1
3842.444 1
3842.585 1
3842.727 1
3842.869 1
3843.010 2
3843.152 4
3843.293 5
3843.435 6
3843.577 6
3843.718 5
3843.860 3
3844.001 2
3844.143 2
3844.285 2
3844.426 0
3844.568 1
3844.709 1
3844.851 1
3844.993 1
3845.134 2
3845.276 2
3845.418 2
3845.559 2
3845.701 5
3845.842 4
3845.984 3
3846.126 2
3846.267 1
3846.409 1
3846.551 1
3846.692 1
3846.834 0
3846.976 1
3847.117 2
3847.259 3
3847.401 6
3847.542 6
3847.684 6
3847.826 6
3847.967 5
3848.109 6
3848.251 6
3848.392 6
3848.534 5
3848.676 5
3848.818 5
3848.959 5
3849.101 5
3849.243 4
3849.384 3
3849.526 2
3849.668 1
3849.810 0
3849.951 0
3850.093 0
3850.235 2
3850.376 2
3850.518 2
3850.660 2
3850.802 0
3850.943 0
3851.085 0
3851.227 2
3851.369 2
3851.510 2
3851.652 2
3851.794 0
3851.936 3
3852.077 3
3852.219 3
3852.361 3
3852.503 1
3852.644 1
3852.786 1
3852.928 1
3853.070 1
3853.212 1
3853.353 1
3853.495 1
3853.637 0
3853.779 0
3853.920 0
3854.062 0
3854.204 0
3854.346 0
3854.488 0
3854.629 0
3854.771 0
3854.913 0
3855.055 0
3855.197 0
3855.339 1
3855.480 2
3855.622 4
3855.764 10
3855.906 9
3856.048 9
3856.190 8
3856.331 6
3856.473 7
3856.615 7
3856.757 7
3856.899 4
3857.041 4
3857.182 3
3857.324 2
3857.466 2
3857.608 2
3857.750 3
3857.892 4
3858.034 4
3858.176 4
3858.317 4
3858.459 4
3858.601 3
3858.743 5
3858.885 5
3859.027 5
3859.169 4
3859.311 3
3859.453 3
3859.594 5
3859.736 3
3859.878 3
3860.020 3
3860.162 2
3860.304 4
3860.446 4
3860.588 4
3860.730 3
3860.872 1
3861.014 3
3861.156 3
3861.297 3
3861.439 3
3861.581 0
3861.723 0
3861.865 0
3862.007 0
3862.149 0
3862.291 0
3862.433 0
3862.575 0
3862.717 1
3862.859 1
3863.001 1
3863.143 1
3863.285 0
3863.427 0
3863.569 0
3863.711 0
3863.853 0
3863.995 0
3864.137 0
3864.279 0
3864.421 3
3864.563 3
3864.705 5
3864.847 5
3864.989 5
3865.131 5
3865.273 3
3865.415 3
3865.557 0
3865.699 0
3865.841 0
3865.983 0
3866.125 0
3866.267 0
3866.409 0
3866.551 0
3866.693 0
3866.835 0
3866.977 0
3867.119 0
3867.261 0
3867.403 0
3867.545 3
3867.687 3
3867.829 4
3867.971 4
3868.113 6
3868.255 6
3868.398 5
3868.540 5
3868.682 1
3868.824 1
3868.966 1
3869.108 1
3869.250 1
3869.392 2
3869.534 2
3869.676 2
3869.818 1
3869.960 0
3870.103 0
3870.245 0
3870.387 0
3870.529 0
3870.671 0
3870.813 0
3870.955 0
3871.097 0
3871.239 2
3871.382 2
3871.524 2
3871.666 2
3871.808 0
3871.950 0
3872.092 1
3872.234 1
3872.377 1
3872.519 1
3872.661 0
3872.803 0
3872.945 0
3873.087 0
3873.229 0
3873.372 0
3873.514 1
3873.656 1
3873.798 1
3873.940 2
3874.082 1
3874.225 1
3874.367 2
3874.509 1
3874.651 2
3874.793 2
3874.936 1
3875.078 2
3875.220 3
3875.362 3
3875.504 3
3875.647 2
3875.789 0
3875.931 0
3876.073 0
3876.215 0
3876.358 0
3876.500 0
3876.642 0
3876.784 0
3876.927 0
3877.069 0
3877.211 0
3877.353 0
3877.495 0
3877.638 0
3877.780 0
3877.922 2
3878.064 4
3878.207 4
3878.349 4
3878.491 2
3878.634 3
3878.776 3
3878.918 3
3879.060 3
3879.203 3
3879.345 3
3879.487 3
3879.629 3
3879.772 1
3879.914 1
3880.056 1
3880.199 1
3880.341 1
3880.483 1
3880.625 1
3880.768 1
3880.910 0
3881.052 1
3881.195 2
3881.337 3
3881.479 5
3881.622 5
3881.764 5
3881.906 5
3882.049 3
3882.191 3
3882.333 5
3882.476 5
3882.618 2
3882.760 3
3882.903 1
3883.045 4
3883.187 5
3883.330 4
3883.472 4
3883.614 1
3883.757 0
3883.899 0
3884.041 0
3884.184 0
3884.326 0
3884.469 0
3884.611 0
3884.753 0
3884.896 0
3885.038 0
3885.180 0
3885.323 0
3885.465 0
3885.608 0
3885.750 0
3885.892 0
3886.035 0
3886.177 0
3886.320 0
3886.462 1
3886.604 1
3886.747 1
3886.889 1
3887.032 0
3887.174 0
3887.317 0
3887.459 0
3887.601 3
3887.744 3
3887.886 3
3888.029 3
3888.171 0
3888.314 0
3888.456 0
3888.598 0
3888.741 0
3888.883 0
3889.026 0
3889.168 0
3889.311 0
3889.453 0
3889.596 0
3889.738 0
3889.881 0
3890.023 0
3890.166 0
3890.308 0
3890.451 0
3890.593 1
3890.736 1
3890.878 1
3891.021 1
3891.163 0
3891.305 0
3891.448 0
3891.591 0
3891.733 0
3891.876 0
3892.018 2
3892.161 2
3892.303 2
3892.446 2
3892.588 0
3892.731 0
3892.873 0
3893.016 0
3893.158 0
3893.301 2
3893.443 2
3893.586 2
3893.728 2
3893.871 0
3894.014 0
3894.156 0
3894.299 0
3894.441 0
3894.584 3
3894.726 3
3894.869 3
3895.011 4
3895.154 5
3895.297 6
3895.439 7
3895.582 8
3895.724 5
3895.867 4
3896.010 4
3896.152 2
3896.295 1
3896.437 2
3896.580 1
3896.722 1
3896.865 1
3897.008 0
3897.150 0
3897.293 2
3897.436 4
3897.578 4
3897.721 4
3897.863 2
3898.006 1
3898.149 2
3898.291 2
3898.434 3
3898.577 5
3898.719 4
3898.862 4
3899.004 3
3899.147 4
3899.290 3
3899.432 2
3899.575 1
3899.718 0
3899.860 0
3900.003 0
3900.146 2
3900.288 6
3900.431 6
3900.574 7
3900.716 6
3900.859 5
3901.002 5
3901.144 4
3901.287 3
3901.430 0
3901.573 0
3901.715 1
3901.858 1
3902.001 1
3902.143 1
3902.286 0
3902.429 0
3902.571 0
3902.714 0
3902.857 0
3903.000 1
3903.142 1
3903.285 2
3903.428 2
3903.571 1
3903.713 1
3903.856 0
3903.999 1
3904.141 1
3904.284 2
3904.427 2
3904.570 2
3904.712 2
3904.855 1
3904.998 1
3905.141 0
3905.284 0
3905.426 0
3905.569 0
3905.712 1
3905.855 3
3905.997 3
3906.140 3
3906.283 2
3906.426 1
3906.569 1
3906.711 1
3906.854 1
3906.997 0
3907.140 2
3907.282 2
3907.425 3
3907.568 4
3907.711 2
3907.854 2
3907.997 1
3908.139 0
3908.282 1
3908.425 1
3908.568 1
3908.711 1
3908.853 0
3908.996 0
3909.139 0
3909.282 0
3909.425 0
3909.568 0
3909.711 1
3909.853 1
3909.996 3
3910.139 3
3910.282 3
3910.425 3
3910.568 1
3910.710 1
3910.853 0
3910.996 0
3911.139 0
3911.282 0
3911.425 0
3911.568 0
3911.711 0
3911.854 0
3911.996 0
3912.139 0
3912.282 0
3912.425 0
3912.568 0
3912.711 0
3912.854 3
3912.997 3
3913.140 4
3913.283 4
3913.425 3
3913.568 3
3913.711 2
3913.854 2
3913.997 0
3914.140 0
3914.283 1
3914.426 1
3914.569 2
3914.712 4
3914.855 3
3914.998 3
3915.141 2
3915.284 0
3915.427 0
3915.570 1
3915.712 2
3915.855 3
3915.998 4
3916.141 5
3916.284 5
3916.427 5
3916.570 7
3916.713 6
3916.856 8
3916.999 8
3917.142 7
3917.285 7
3917.428 5
3917.571 4
3917.714 4
3917.857 3
3918.000 2
3918.143 2
3918.286 3
3918.429 4
3918.572 4
3918.715 4
3918.858 4
3919.001 4
3919.144 4
3919.287 4
3919.430 1
3919.573 0
3919.716 0
3919.859 0
3920.002 0
3920.146 0
3920.289 3
3920.432 3
3920.575 3
3920.718 3
3920.861 3
3921.004 3
3921.147 3
3921.290 3
3921.433 1
3921.576 1
3921.719 1
3921.862 3
3922.005 2
3922.148 2
3922.291 2
3922.435 0
3922.578 0
3922.721 0
3922.864 0
3923.007 0
3923.150 0
3923.293 0
3923.436 0
3923.579 0
3923.722 0
3923.866 0
3924.009 0
3924.152 1
3924.295 1
3924.438 1
3924.581 1
3924.724 0
3924.867 2
3925.011 2
3925.154 2
3925.297 4
3925.440 5
3925.583 5
3925.726 6
3925.869 4
3926.013 5
3926.156 5
3926.299 4
3926.442 5
3926.585 3
3926.728 3
3926.872 3
3927.015 3
3927.158 1
3927.301 4
3927.444 4
3927.587 3
3927.731 3
3927.874 0
3928.017 0
3928.160 0
3928.303 1
3928.447 1
3928.590 1
3928.733 1
3928.876 0
3929.019 0
3929.163 0
3929.306 0
3929.449 0
3929.592 0
3929.735 0
3929.879 0
3930.022 0
3930.165 0
3930.308 0
3930.452 1
3930.595 1
3930.738 1
3930.881 1
3931.025 3
3931.168 3
3931.311 3
3931.454 3
3931.598 0
3931.741 0
3931.884 0
3932.027 0
3932.171 0
3932.314 0
3932.457 0
3932.600 0
3932.744 0
3932.887 0
3933.030 0
3933.174 0
3933.317 1
3933.460 1
3933.603 1
3933.747 1
3933.890 1
3934.033 4
3934.177 4
3934.320 5
3934.463 4
3934.607 2
3934.750 2
3934.893 2
3935.037 3
3935.180 2
3935.323 2
3935.467 1
3935.610 0
3935.753 3
3935.897 3
3936.040 4
3936.183 4
3936.327 5
3936.470 6
3936.613 6
3936.757 7
3936.900 7
3937.043 6
3937.187 5
3937.330 4
3937.473 2
3937.617 2
3937.760 2
3937.904 2
3938.047 0
3938.190 0
3938.334 0
3938.477 0
3938.620 0
3938.764 0
3938.907 0
3939.051 0
3939.194 0
3939.337 0
3939.481 0
3939.624 3
3939.768 3
3939.911 3
3940.055 3
3940.198 0
3940.341 0
3940.485 0
3940.628 1
3940.772 2
3940.915 2
3941.058 2
3941.202 1
3941.345 0
3941.489 0
3941.632 0
3941.776 0
3941.919 0
3942.063 0
3942.206 0
3942.350 0
3942.493 0
3942.636 4
3942.780 5
3942.923 5
3943.067 5
3943.210 3
3943.354 3
3943.497 3
3943.641 5
3943.784 3
3943.928 2
3944.071 2
3944.215 2
3944.358 2
3944.502 2
3944.645 2
3944.789 0
3944.932 0
3945.076 0
3945.219 2
3945.363 3
3945.506 4
3945.650 4
3945.793 2
3945.937 1
3946.080 1
3946.224 1
3946.367 2
3946.511 2
3946.655 2
3946.798 2
3946.942 1
3947.085 1
3947.229 0
3947.372 0
3947.516 0
3947.659 0
3947.803 0
3947.946 0
3948.090 0
3948.234 0
3948.377 0
3948.521 0
3948.664 0
3948.808 0
3948.952 0
3949.095 0
3949.239 0
3949.382 0
3949.526 0
3949.669 0
3949.813 0
3949.957 1
3950.100 1
3950.244 1
3950.387 2
3950.531 3
3950.675 3
3950.818 3
3950.962 5
3951.106 3
3951.249 6
3951.393 6
3951.536 4
3951.680 4
3951.824 4
3951.967 4
3952.111 3
3952.255 5
3952.398 2
3952.542 2
3952.686 3
3952.829 2
3952.973 2
3953.117 2
3953.260 1
3953.404 0
3953.548 0
3953.691 0
3953.835 0
3953.979 0
3954.122 0
3954.266 3
3954.410 3
3954.553 3
3954.697 3
3954.841 1
3954.984 1
3955.128 1
3955.272 1
3955.415 0
3955.559 1
3955.703 1
3955.847 1
3955.990 1
3956.134 0
3956.278 0
3956.421 1
3956.565 1
3956.709 1
3956.853 1
3956.996 0
3957.140 1
3957.284 4
3957.428 4
3957.571 4
3957.715 4
3957.859 2
3958.003 3
3958.146 5
3958.290 4
3958.434 3
3958.578 2
3958.721 0
3958.865 1
3959.009 1
3959.153 1
3959.296 1
3959.440 0
3959.584 0
3959.728 0
3959.872 2
3960.015 3
3960.159 5
3960.303 7
3960.447 8
3960.591 10
3960.734 8
3960.878 6
3961.022 3
3961.166 0
3961.310 1
3961.453 1
3961.597 1
3961.741 5
3961.885 5
3962.029 6
3962.173 7
3962.316 4
3962.460 4
3962.604 4
3962.748 1
3962.892 1
3963.036 1
3963.179 1
3963.323 1
3963.467 1
3963.611 1
3963.755 1
3963.899 0
3964.043 0
3964.186 1
3964.330 2
3964.474 2
3964.618 2
3964.762 4
3964.906 5
3965.050 5
3965.194 5
3965.337 2
3965.481 0
3965.625 2
3965.769 2
3965.913 2
3966.057 2
3966.201 0
3966.345 1
3966.489 2
3966.633 4
3966.776 6
3966.920 7
3967.064 7
3967.208 8
3967.352 7
3967.496 6
3967.640 6
3967.784 4
3967.928 0
3968.072 0
3968.216 0
3968.360 0
3968.504 0
3968.648 0
3968.792 1
3968.936 1
3969.079 1
3969.223 1
3969.367 0
3969.511 0
3969.655 1
3969.799 1
3969.943 1
3970.087 2
3970.231 2
3970.375 2
3970.519 2
3970.663 2
3970.807 1
3970.951 3
3971.095 3
3971.239 2
3971.383 2
3971.527 3
3971.671 5
3971.815 5
3971.959 5
3972.103 2
3972.247 1
3972.391 1
3972.535 3
3972.679 3
3972.823 2
3972.967 2
3973.111 5
3973.255 5
3973.399 5
3973.543 7
3973.688 5
3973.832 4
3973.976 3
3974.120 1
3974.264 1
3974.408 1
3974.552 1
3974.696 0
3974.840 0
3974.984 0
3975.128 0
3975.272 0
3975.416 1
3975.560 1
3975.704 1
3975.849 1
3975.993 2
3976.137 4
3976.281 5
3976.425 5
3976.569 3
3976.713 4
3976.857 4
3977.001 5
3977.145 5
3977.290 2
3977.434 1
3977.578 0
3977.722 0
3977.866 0
3978.010 0
3978.154 0
3978.298 1
3978.442 1
3978.587 1
3978.731 1
3978.875 4
3979.019 4
3979.163 4
3979.307 4
3979.451 0
3979.596 0
3979.740 0
3979.884 0
3980.028 2
3980.172 2
3980.316 2
3980.461 2
3980.605 2
3980.749 2
3980.893 2
3981.037 2
3981.182 2
3981.326 2
3981.470 2
3981.614 3
3981.758 2
3981.902 2
3982.047 3
3982.191 3
3982.335 2
3982.479 2
3982.623 2
3982.768 1
3982.912 1
3983.056 1
3983.200 1
3983.345 1
3983.489 1
3983.633 1
3983.777 0
3983.922 1
3984.066 2
3984.210 3
3984.354 4
3984.498 4
3984.643 4
3984.787 6
3984.931 3
3985.075 3
3985.220 3
3985.364 1
3985.508 0
3985.653 0
3985.797 3
3985.941 3
3986.085 3
3986.230 5
3986.374 2
3986.518 2
3986.662 2
3986.807 0
3986.951 1
3987.095 1
3987.240 1
3987.384 1
3987.528 2
3987.673 3
3987.817 3
3987.961 3
3988.105 1
3988.250 0
3988.394 0
3988.538 0
3988.683 0
3988.827 0
3988.971 0
3989.116 2
3989.260 4
3989.404 4
3989.549 4
3989.693 2
3989.837 1
3989.982 2
3990.126 2
3990.270 2
3990.415 3
3990.559 3
3990.704 3
3990.848 3
3990.992 1
3991.137 0
3991.281 2
3991.425 2
3991.570 2
3991.714 2
3991.859 4
3992.003 4
3992.147 7
3992.292 7
3992.436 3
3992.580 4
3992.725 1
3992.869 2
3993.014 2
3993.158 1
3993.303 1
3993.447 0
3993.591 0
3993.736 0
3993.880 0
3994.025 0
3994.169 0
3994.313 0
3994.458 0
3994.602 0
3994.747 0
3994.891 0
3995.036 0
3995.180 0
3995.325 0
3995.469 0
3995.613 1
3995.758 1
3995.902 1
3996.047 1
3996.191 2
3996.336 3
3996.480 4
3996.625 4
3996.769 3
3996.914 2
3997.058 2
3997.203 2
3997.347 3
3997.492 3
3997.636 2
3997.781 2
3997.925 1
3998.070 1
3998.214 1
3998.359 1
3998.503 0
3998.648 0
3998.792 0
3998.937 3
3999.081 4
3999.226 7
3999.370 8
3999.515 8
3999.659 7
3999.804 4
3999.948 3
4000.093 0
4000.237 0
4000.382 0
4000.526 0
4000.671 0
4000.815 0
4000.960 0
4001.105 0
4001.249 0
4001.394 0
4001.538 0
4001.683 0
4001.827 0
4001.972 1
4002.117 2
4002.261 3
4002.406 6
4002.550 6
4002.695 6
4002.839 6
4002.984 6
4003.129 7
4003.273 6
4003.418 5
4003.562 2
4003.707 2
4003.852 2
4003.996 2
4004.141 2
4004.285 1
4004.430 1
4004.575 2
4004.719 2
4004.864 1
4005.009 1
4005.153 0
4005.298 0
4005.442 0
4005.587 0
4005.732 0
4005.876 0
4006.021 0
4006.166 0
4006.310 0
4006.455 0
4006.600 1
4006.744 1
4006.889 1
4007.034 1
4007.178 1
4007.323 1
4007.468 1
4007.612 1
4007.757 1
4007.902 1
4008.046 1
4008.191 1
4008.336 0
