600.046 922
600.101 922
600.156 922
600.211 922
600.266 925
600.321 918
600.376 919
600.431 917
600.486 913
600.541 913
600.596 911
600.651 905
600.706 892
600.761 885
600.816 869
600.871 858
600.927 855
600.982 845
601.037 837
601.092 849
601.147 866
601.202 873
601.257 892
601.312 901
601.367 909
601.422 910
601.477 907
601.532 918
601.588 919
601.643 926
601.698 941
601.753 933
601.808 927
601.863 911
601.918 907
601.973 893
602.028 882
602.083 876
602.139 850
602.194 847
602.249 847
602.304 853
602.359 859
602.414 869
602.469 882
602.525 881
602.580 897
602.635 894
602.690 889
602.745 889
602.800 869
602.855 859
602.911 843
602.966 824
603.021 803
603.076 804
603.131 809
603.186 817
603.242 827
603.297 841
603.352 855
603.407 866
603.462 889
603.518 885
603.573 891
603.628 897
603.683 898
603.738 901
603.793 900
603.849 874
603.904 855
603.959 840
604.014 822
604.070 819
604.125 811
604.180 811
604.235 812
604.290 812
604.346 805
604.401 807
604.456 811
604.511 809
604.567 821
604.622 824
604.677 834
604.732 841
604.788 836
604.843 832
604.898 828
604.953 830
605.009 829
605.064 828
605.119 834
605.174 832
605.230 833
605.285 835
605.340 830
605.395 828
605.451 825
605.506 819
605.561 815
605.616 811
605.672 810
605.727 805
605.782 797
605.838 790
605.893 787
605.948 789
606.004 795
606.059 796
606.114 794
606.169 792
606.225 794
606.280 791
606.335 794
606.391 814
606.446 828
606.501 850
606.557 873
606.612 873
606.667 873
606.723 878
606.778 881
606.833 881
606.889 878
606.944 875
606.999 867
607.055 865
607.110 868
607.165 862
607.221 871
607.276 888
607.332 902
607.387 924
607.442 942
607.498 959
607.553 975
607.608 974
607.664 972
607.719 947
607.775 926
607.830 907
607.885 878
607.941 870
607.996 866
608.051 852
608.107 852
608.162 858
608.218 857
608.273 853
608.329 851
608.384 850
608.439 840
608.495 842
608.550 850
608.606 853
608.661 859
608.716 863
608.772 864
608.827 876
608.883 880
608.938 883
608.994 894
609.049 893
609.104 893
609.160 886
609.215 880
609.271 880
609.326 887
609.382 883
609.437 891
609.493 897
609.548 896
609.604 907
609.659 917
609.715 922
609.770 914
609.825 900
609.881 899
609.936 881
609.992 872
610.047 857
610.103 839
610.158 835
610.214 837
610.269 838
610.325 840
610.380 851
610.436 854
610.491 864
610.547 874
610.602 868
610.658 865
610.713 859
610.769 850
610.825 841
610.880 836
610.936 832
610.991 830
611.047 834
611.102 837
611.158 843
611.213 840
611.269 846
611.324 849
611.380 849
611.435 864
611.491 867
611.547 871
611.602 878
611.658 871
611.713 876
611.769 881
611.824 883
611.880 885
611.936 880
611.991 880
612.047 879
612.102 875
612.158 868
612.213 866
612.269 868
612.325 856
612.380 856
612.436 865
612.491 871
612.547 889
612.603 912
612.658 921
612.714 927
612.769 927
612.825 914
612.881 888
612.936 874
612.992 854
613.048 837
613.103 825
613.159 811
613.214 808
613.270 821
613.326 839
613.381 862
613.437 885
613.493 896
613.548 901
613.604 895
613.660 904
613.715 880
613.771 858
613.827 835
613.882 807
613.938 794
613.994 783
614.049 776
614.105 761
614.161 767
614.216 780
614.272 791
614.328 818
614.383 834
614.439 850
614.495 863
614.550 876
614.606 888
614.662 893
614.717 894
614.773 887
614.829 868
614.885 852
614.940 838
614.996 824
615.052 811
615.107 796
615.163 796
615.219 798
615.275 800
615.330 806
615.386 810
615.442 814
615.498 815
615.553 817
615.609 818
615.665 821
615.721 814
615.776 810
615.832 807
615.888 793
615.944 795
615.999 790
616.055 786
616.111 782
616.167 774
616.222 765
616.278 762
616.334 760
616.390 767
616.446 773
616.501 775
616.557 787
616.613 788
616.669 798
616.724 797
616.780 784
616.836 784
616.892 778
616.948 774
617.003 772
617.059 771
617.115 772
617.171 777
617.227 790
617.283 797
617.338 807
617.394 815
617.450 820
617.506 824
617.562 819
617.618 820
617.673 817
617.729 807
617.785 810
617.841 802
617.897 796
617.953 789
618.008 780
618.064 786
618.120 785
618.176 780
618.232 784
618.288 781
618.344 774
618.399 778
618.455 778
618.511 779
618.567 789
618.623 805
618.679 821
618.735 834
618.791 845
618.847 831
618.902 825
618.958 821
619.014 818
619.070 822
619.126 827
619.182 836
619.238 834
619.294 838
619.350 847
619.406 852
619.461 850
619.517 856
619.573 860
619.629 861
619.685 874
619.741 861
619.797 854
619.853 844
619.909 835
619.965 838
620.021 827
620.077 829
620.133 819
620.189 818
620.245 819
620.301 811
620.357 812
620.412 819
620.468 826
620.524 831
620.580 848
620.636 842
620.692 842
620.748 835
620.804 829
620.860 844
620.916 843
620.972 849
621.028 859
621.084 864
621.140 882
621.196 898
621.252 915
621.308 924
621.364 932
621.420 946
621.476 954
621.532 963
621.588 974
621.644 986
621.700 993
621.756 999
621.812 1006
621.868 1011
621.924 996
621.980 989
622.037 980
622.093 967
622.149 957
622.205 948
622.261 931
622.317 921
622.373 915
622.429 909
622.485 910
622.541 906
622.597 902
622.653 897
622.709 900
622.765 896
622.821 902
622.877 906
622.933 899
622.990 900
623.046 892
623.102 881
623.158 871
623.214 864
623.270 861
623.326 860
623.382 865
623.438 867
623.494 873
623.550 900
623.607 923
623.663 949
623.719 979
623.775 997
623.831 1007
623.887 1014
623.943 1010
623.999 984
624.056 960
624.112 944
624.168 921
624.224 926
624.280 932
624.336 939
624.392 962
624.448 972
624.505 967
624.561 969
624.617 962
624.673 953
624.729 945
624.785 927
624.842 912
624.898 903
624.954 913
625.010 922
625.066 916
625.122 916
625.179 904
625.235 901
625.291 896
625.347 907
625.403 911
625.460 918
625.516 927
625.572 923
625.628 920
625.684 917
625.741 908
625.797 891
625.853 875
625.909 862
625.965 859
626.022 852
626.078 854
626.134 856
626.190 846
626.246 851
626.303 853
626.359 853
626.415 869
626.471 878
626.528 891
626.584 905
626.640 920
626.696 924
626.753 931
626.809 930
626.865 906
626.921 902
626.978 898
627.034 888
627.090 891
627.146 883
627.203 875
627.259 879
627.315 881
627.372 891
627.428 904
627.484 905
627.540 914
627.597 915
627.653 907
627.709 892
627.766 880
627.822 863
627.878 854
627.935 850
627.991 836
628.047 834
628.103 831
628.160 826
628.216 825
628.272 828
628.329 828
628.385 833
628.441 846
628.498 850
628.554 856
628.610 862
628.667 854
628.723 849
628.779 850
628.836 838
628.892 830
628.948 816
629.005 795
629.061 780
629.117 763
629.174 780
629.230 802
629.287 823
629.343 849
629.399 869
629.456 893
629.512 915
629.568 935
629.625 940
629.681 929
629.738 916
629.794 913
629.850 894
629.907 880
629.963 867
630.020 847
630.076 834
630.132 825
630.189 825
630.245 821
630.302 830
630.358 843
630.414 856
630.471 866
630.527 881
630.584 890
630.640 886
630.697 881
630.753 862
630.809 840
630.866 825
630.922 819
630.979 826
631.035 835
631.092 843
631.148 852
631.205 861
631.261 870
631.317 873
631.374 885
631.430 894
631.487 905
631.543 912
631.600 917
631.656 908
631.713 898
631.769 890
631.826 874
631.882 872
631.939 863
631.995 868
632.052 876
632.108 883
632.165 895
632.221 905
632.278 913
632.334 910
632.391 924
632.447 926
632.504 921
632.560 932
632.617 953
632.673 960
632.730 982
632.786 1004
632.843 1020
632.899 1047
632.956 1074
633.012 1080
633.069 1069
633.125 1049
633.182 1025
633.239 1010
633.295 994
633.352 978
633.408 962
633.465 962
633.521 963
633.578 963
633.634 976
633.691 976
633.748 974
633.804 994
633.861 1005
633.917 988
633.974 967
634.030 930
634.087 894
634.144 881
634.200 873
634.257 865
634.313 860
634.370 869
634.427 876
634.483 881
634.540 901
634.596 894
634.653 891
634.710 889
634.766 884
634.823 873
634.879 865
634.936 860
634.993 869
635.049 877
635.106 897
635.163 913
635.219 930
635.276 946
635.332 955
635.389 966
635.446 989
635.502 1021
635.559 1048
635.616 1084
635.672 1100
635.729 1103
635.786 1110
635.842 1112
635.899 1112
635.956 1103
636.012 1099
636.069 1092
636.126 1068
636.182 1053
636.239 1031
636.296 1016
636.352 1011
636.409 1016
636.466 1011
636.522 1007
636.579 1019
636.636 1024
636.693 1045
636.749 1061
636.806 1067
636.863 1064
636.919 1056
636.976 1042
637.033 1029
637.090 1009
637.146 989
637.203 975
637.260 960
637.316 961
637.373 957
637.430 951
637.487 958
637.543 968
637.600 982
637.657 1004
637.714 1017
637.770 1016
637.827 1018
637.884 1002
637.941 969
637.997 938
638.054 907
638.111 880
638.168 861
638.224 848
638.281 834
638.338 827
638.395 827
638.451 839
638.508 859
638.565 861
638.622 881
638.679 889
638.735 890
638.792 895
638.849 894
638.906 876
638.963 856
639.019 844
639.076 824
639.133 817
639.190 814
639.247 807
639.303 799
639.360 797
639.417 795
639.474 794
639.531 804
639.588 804
639.644 809
639.701 812
639.758 824
639.815 822
639.872 819
639.929 816
639.985 803
640.042 809
640.099 814
640.156 826
640.213 838
640.270 846
640.327 846
640.384 855
640.440 863
640.497 875
640.554 874
640.611 887
640.668 889
640.725 872
640.782 863
640.839 842
640.895 837
640.952 828
641.009 809
641.066 794
641.123 783
641.180 783
641.237 780
641.294 787
641.351 784
641.408 795
641.464 813
641.521 830
641.578 852
641.635 868
641.692 880
641.749 901
641.806 914
641.863 916
641.920 922
641.977 916
642.034 908
642.091 894
642.148 885
642.205 869
642.262 850
642.318 856
642.375 852
642.432 854
642.489 864
642.546 872
642.603 887
642.660 900
642.717 908
642.774 890
642.831 876
642.888 857
642.945 837
643.002 831
643.059 832
643.116 830
643.173 824
643.230 832
643.287 838
643.344 848
643.401 861
643.458 874
643.515 881
643.572 886
643.629 903
643.686 902
643.743 906
643.800 907
643.857 904
643.914 900
643.971 896
644.028 891
644.085 879
644.142 878
644.199 881
644.256 888
644.313 880
644.370 884
644.428 880
644.485 884
644.542 897
644.599 897
644.656 899
644.713 892
644.770 889
644.827 885
644.884 875
644.941 867
644.998 848
645.055 837
645.112 836
645.169 836
645.226 839
645.284 836
645.341 824
645.398 809
645.455 805
645.512 815
645.569 828
645.626 842
645.683 856
645.740 866
645.797 869
645.855 879
645.912 884
645.969 884
646.026 883
646.083 880
646.140 876
646.197 882
646.254 886
646.312 890
646.369 901
646.426 906
646.483 916
646.540 925
646.597 927
646.654 917
646.711 894
646.769 874
646.826 862
646.883 849
646.940 837
646.997 833
647.054 827
647.112 830
647.169 838
647.226 841
647.283 837
647.340 863
647.397 883
647.455 899
647.512 920
647.569 922
647.626 935
647.683 944
647.741 942
647.798 929
647.855 933
647.912 924
647.969 926
648.027 923
648.084 910
648.141 909
648.198 905
648.256 919
648.313 926
648.370 934
648.427 939
648.484 939
648.542 935
648.599 922
648.656 914
648.713 910
648.771 917
648.828 930
648.885 951
648.942 968
649.000 979
649.057 993
649.114 1011
649.171 1028
649.229 1049
649.286 1070
649.343 1086
649.400 1110
649.458 1121
649.515 1132
649.572 1135
649.630 1124
649.687 1124
649.744 1125
649.801 1116
649.859 1113
649.916 1109
649.973 1092
650.031 1067
650.088 1058
650.145 1054
650.202 1053
650.260 1048
650.317 1040
650.374 1032
650.432 1036
650.489 1033
650.546 1039
650.604 1049
650.661 1048
650.718 1067
650.776 1075
650.833 1083
650.890 1088
650.948 1075
651.005 1043
651.062 1011
651.120 981
651.177 950
651.234 945
651.292 939
651.349 945
651.406 965
651.464 985
651.521 1004
651.579 1021
651.636 1036
651.693 1031
651.751 1033
651.808 1024
651.865 1009
651.923 1000
651.980 986
652.038 967
652.095 945
652.152 930
652.210 912
652.267 903
652.325 904
652.382 897
652.439 890
652.497 883
652.554 897
652.612 919
652.669 941
652.726 971
652.784 978
652.841 975
652.899 976
652.956 958
653.014 932
653.071 910
653.128 896
653.186 880
653.243 883
653.301 883
653.358 893
653.416 906
653.473 907
653.531 908
653.588 903
653.645 904
653.703 907
653.760 900
653.818 886
653.875 866
653.933 851
653.990 845
654.048 843
654.105 842
654.163 832
654.220 827
654.278 829
654.335 831
654.393 843
654.450 851
654.508 862
654.565 868
654.623 871
654.680 872
654.738 866
654.795 869
654.853 876
654.910 878
654.968 883
655.025 883
655.083 892
655.140 898
655.198 902
655.255 913
655.313 918
655.370 923
655.428 929
655.485 924
655.543 928
655.601 939
655.658 944
655.716 953
655.773 946
655.831 934
655.888 920
655.946 906
656.003 886
656.061 864
656.119 847
656.176 836
656.234 830
656.291 833
656.349 837
656.406 845
656.464 860
656.522 869
656.579 881
656.637 876
656.694 883
656.752 880
656.810 874
656.867 873
656.925 855
656.982 849
657.040 849
657.098 854
657.155 860
657.213 874
657.270 888
657.328 906
657.386 934
657.443 953
657.501 967
657.559 964
657.616 958
657.674 949
657.732 950
657.789 945
657.847 940
657.904 921
657.962 908
658.020 899
658.077 899
658.135 876
658.193 854
658.250 837
658.308 822
658.366 830
658.423 838
658.481 846
658.539 858
658.596 863
658.654 858
658.712 866
658.769 862
658.827 862
658.885 860
658.943 857
659.000 840
659.058 826
659.116 823
659.173 822
659.231 829
659.289 844
659.346 854
659.404 859
659.462 875
659.520 880
659.577 877
659.635 883
659.693 890
659.751 890
659.808 891
659.866 889
659.924 889
659.981 877
660.039 874
660.097 866
660.155 865
660.212 875
660.270 881
660.328 894
660.386 902
660.443 902
660.501 902
660.559 894
660.617 891
660.675 889
660.732 884
660.790 874
660.848 860
660.906 845
660.963 828
661.021 822
661.079 815
661.137 820
661.195 820
661.252 831
661.310 833
661.368 836
661.426 846
661.484 846
661.541 849
661.599 841
661.657 828
661.715 825
661.773 822
661.830 827
661.888 834
661.946 834
662.004 855
662.062 856
662.120 862
662.177 870
662.235 865
662.293 881
662.351 899
662.409 904
662.467 921
662.525 930
662.582 941
662.640 956
662.698 969
662.756 977
662.814 984
662.872 986
662.930 980
662.987 973
663.045 954
663.103 947
663.161 950
663.219 954
663.277 966
663.335 981
663.393 997
663.451 1021
663.508 1047
663.566 1065
663.624 1067
663.682 1061
663.740 1058
663.798 1062
663.856 1063
663.914 1070
663.972 1080
664.030 1072
664.088 1065
664.145 1068
664.203 1066
664.261 1068
664.319 1059
664.377 1038
664.435 1023
664.493 1010
664.551 1020
664.609 1029
664.667 1029
664.725 1034
664.783 1032
664.841 1047
664.899 1057
664.957 1071
665.015 1064
665.073 1042
665.131 1028
665.188 997
665.246 974
665.304 952
665.362 928
665.420 911
665.478 919
665.536 952
665.594 975
665.652 1014
665.710 1049
665.768 1073
665.826 1101
665.884 1117
665.942 1106
666.000 1085
666.058 1067
666.116 1048
666.174 1019
666.232 1003
666.290 987
666.348 973
666.406 971
666.464 973
666.522 971
666.581 955
666.639 949
666.697 935
666.755 928
666.813 919
666.871 903
666.929 889
666.987 871
667.045 857
667.103 844
667.161 845
667.219 846
667.277 848
667.335 858
667.393 878
667.451 901
667.509 920
667.567 937
667.626 935
667.684 929
667.742 924
667.800 921
667.858 917
667.916 914
667.974 912
668.032 890
668.090 877
668.148 867
668.206 860
668.265 863
668.323 881
668.381 897
668.439 912
668.497 928
668.555 925
668.613 924
668.671 929
668.729 944
668.788 949
668.846 939
668.904 927
668.962 904
669.020 894
669.078 892
669.136 896
669.195 901
669.253 899
669.311 904
669.369 919
669.427 931
669.485 933
669.543 932
669.602 927
669.660 930
669.718 938
669.776 939
669.834 937
669.893 928
669.951 903
670.009 884
670.067 865
670.125 844
670.183 843
670.242 848
670.300 852
670.358 865
670.416 884
670.474 905
670.533 924
670.591 949
670.649 952
670.707 943
670.765 935
670.824 914
670.882 907
670.940 899
670.998 895
671.057 896
671.115 881
671.173 880
671.231 884
671.290 872
671.348 882
671.406 891
671.464 891
671.522 906
671.581 922
671.639 942
671.697 959
671.756 985
671.814 980
671.872 989
671.930 987
671.989 981
672.047 989
672.105 996
672.163 1010
672.222 1006
672.280 1012
672.338 1016
672.397 1022
672.455 1041
672.513 1048
672.571 1050
672.630 1044
672.688 1033
672.746 1016
672.805 992
672.863 968
672.921 953
672.980 939
673.038 936
673.096 948
673.154 959
673.213 987
673.271 1009
673.329 1025
673.388 1033
673.446 1032
673.504 1029
673.563 1026
673.621 1023
673.679 1005
673.738 984
673.796 962
673.855 944
673.913 925
673.971 920
674.030 914
674.088 895
674.146 884
674.205 871
674.263 863
674.321 861
674.380 860
674.438 856
674.497 851
674.555 853
674.613 869
674.672 878
674.730 887
674.788 906
674.847 904
674.905 903
674.964 908
675.022 904
675.080 897
675.139 899
675.197 899
675.256 890
675.314 888
675.373 894
675.431 890
675.489 900
675.548 905
675.606 910
675.665 912
675.723 906
675.781 899
675.840 889
675.898 878
675.957 862
676.015 845
676.074 829
676.132 815
676.191 805
676.249 800
676.308 796
676.366 790
676.424 794
676.483 803
676.541 807
676.600 822
676.658 833
676.717 840
676.775 855
676.834 864
676.892 876
676.951 873
677.009 877
677.068 877
677.126 870
677.185 858
677.243 850
677.302 843
677.360 839
677.419 847
677.477 853
677.536 853
677.594 876
677.653 894
677.711 910
677.770 929
677.828 927
677.887 925
677.945 929
678.004 927
678.062 910
678.121 887
678.180 862
678.238 840
678.297 820
678.355 812
678.414 806
678.472 800
678.531 793
678.589 801
678.648 811
678.706 815
678.765 827
678.824 815
678.882 801
678.941 792
678.999 776
679.058 774
679.116 774
679.175 779
679.234 807
679.292 838
679.351 869
679.409 897
679.468 920
679.527 949
679.585 975
679.644 999
679.702 1031
679.761 1024
679.820 1020
679.878 1011
679.937 976
679.996 946
680.054 926
680.113 912
680.171 907
680.230 919
680.289 926
680.347 934
680.406 946
680.465 946
680.523 950
680.582 944
680.640 939
680.699 947
680.758 958
680.816 963
680.875 966
680.934 947
680.992 933
681.051 919
681.110 903
681.168 896
681.227 884
681.286 878
681.344 881
681.403 893
681.462 908
681.520 915
681.579 939
681.638 953
681.697 968
681.755 980
681.814 982
681.873 972
681.931 959
681.990 947
682.049 923
682.107 914
682.166 904
682.225 893
682.284 891
682.342 893
682.401 899
682.460 900
682.519 899
682.577 898
682.636 891
682.695 886
682.753 890
682.812 884
682.871 874
682.930 865
682.988 863
683.047 863
683.106 876
683.165 878
683.223 867
683.282 861
683.341 855
683.400 852
683.459 855
683.517 851
683.576 842
683.635 837
683.694 845
683.752 848
683.811 853
683.870 853
683.929 850
683.988 852
684.046 853
684.105 866
684.164 875
684.223 884
684.282 898
684.340 906
684.399 911
684.458 905
684.517 899
684.576 897
684.634 904
684.693 898
684.752 887
684.811 882
684.870 870
684.929 865
684.987 870
685.046 863
685.105 862
685.164 849
685.223 838
685.282 824
685.341 813
685.399 815
685.458 825
685.517 838
685.576 843
685.635 863
685.694 872
685.753 881
685.811 901
685.870 916
685.929 926
685.988 917
686.047 911
686.106 888
686.165 871
686.224 862
686.282 850
686.341 858
686.400 860
686.459 869
686.518 885
686.577 890
686.636 891
686.695 889
686.754 890
686.813 886
686.872 894
686.930 896
686.989 884
687.048 867
687.107 860
687.166 851
687.225 838
687.284 833
687.343 819
687.402 817
687.461 820
687.520 848
687.579 864
687.638 876
687.697 890
687.756 881
687.815 878
687.874 877
687.933 867
687.991 844
688.050 827
688.109 816
688.168 814
688.227 817
688.286 815
688.345 824
688.404 822
688.463 834
688.522 843
688.581 846
688.640 851
688.699 841
688.758 832
688.817 825
688.876 825
688.935 822
688.994 823
689.053 826
689.112 815
689.171 813
689.230 816
689.289 824
689.348 822
689.407 825
689.466 831
689.525 837
689.585 845
689.644 848
689.703 844
689.762 837
689.821 834
689.880 835
689.939 837
689.998 844
690.057 855
690.116 844
690.175 829
690.234 824
690.293 826
690.352 837
690.411 849
690.470 860
690.529 863
690.589 872
690.648 881
690.707 885
690.766 889
690.825 880
690.884 867
690.943 862
691.002 851
691.061 840
691.120 832
691.179 819
691.239 816
691.298 825
691.357 833
691.416 850
691.475 872
691.534 893
691.593 910
691.652 923
691.712 921
691.771 902
691.830 885
691.889 873
691.948 859
692.007 840
692.066 819
692.125 803
692.185 802
692.244 817
692.303 835
692.362 853
692.421 871
692.480 884
692.540 893
692.599 902
692.658 902
692.717 901
692.776 896
692.835 895
692.895 892
692.954 878
693.013 867
693.072 864
693.131 854
693.191 853
693.250 850
693.309 852
693.368 857
693.427 875
693.487 886
693.546 904
693.605 926
693.664 925
693.723 931
693.783 934
693.842 926
693.901 927
693.960 921
694.019 911
694.079 890
694.138 883
694.197 886
694.256 885
694.316 906
694.375 908
694.434 907
694.493 902
694.553 899
694.612 901
694.671 894
694.730 891
694.790 873
694.849 861
694.908 854
694.967 846
695.027 842
695.086 845
695.145 855
695.205 866
695.264 873
695.323 878
695.382 887
695.442 892
695.501 911
695.560 930
695.620 943
695.679 953
695.738 975
695.797 977
695.857 982
695.916 988
695.975 971
696.035 966
696.094 967
696.153 974
696.213 977
696.272 983
696.331 985
696.391 984
696.450 986
696.509 991
696.569 996
696.628 990
696.687 991
696.747 992
696.806 991
696.865 994
696.925 1002
696.984 1002
697.043 1002
697.103 1003
697.162 996
697.222 986
697.281 978
697.340 979
697.400 980
697.459 997
697.518 1009
697.578 1019
697.637 1018
697.697 1003
697.756 986
697.815 967
697.875 951
697.934 930
697.994 928
698.053 910
698.112 903
698.172 915
698.231 912
698.291 915
698.350 910
698.409 909
698.469 901
698.528 892
698.588 908
698.647 912
698.707 927
698.766 936
698.825 942
698.885 937
698.944 934
699.004 926
699.063 911
699.123 905
699.182 891
699.241 887
699.301 883
699.360 890
699.420 892
699.479 896
699.539 904
699.598 913
699.658 923
699.717 923
699.777 925
699.836 898
699.896 878
699.955 865
700.015 851
700.074 851
700.134 849
700.193 841
700.253 841
700.312 842
700.372 846
700.431 847
700.491 851
700.550 862
700.610 869
700.669 886
700.729 896
700.788 895
700.848 885
700.907 877
700.967 868
701.026 865
701.086 871
701.145 871
701.205 870
701.264 876
701.324 877
701.383 886
701.443 901
701.503 904
701.562 907
701.622 907
701.681 901
701.741 893
701.800 886
701.860 879
701.919 876
701.979 864
702.039 862
702.098 855
702.158 847
702.217 853
702.277 849
702.337 855
702.396 860
702.456 868
702.515 871
702.575 879
702.634 877
702.694 875
702.754 864
702.813 857
702.873 865
702.933 870
702.992 876
703.052 881
703.111 879
703.171 874
703.231 869
703.290 870
703.350 872
703.409 883
703.469 896
703.529 908
703.588 927
703.648 928
703.708 925
703.767 915
703.827 898
703.887 885
703.946 872
704.006 858
704.066 841
704.125 835
704.185 831
704.245 818
704.304 810
704.364 813
704.424 810
704.483 808
704.543 809
704.603 810
704.662 811
704.722 814
704.782 820
704.841 834
704.901 841
704.961 855
705.021 860
705.080 853
705.140 854
705.200 855
705.259 860
705.319 864
705.379 870
705.438 866
705.498 854
705.558 859
705.618 856
705.677 844
705.737 842
705.797 834
705.857 829
705.916 825
705.976 827
706.036 818
706.096 813
706.155 819
706.215 813
706.275 817
706.335 818
706.394 821
706.454 833
706.514 838
706.574 847
706.633 848
706.693 847
706.753 849
706.813 849
706.872 844
706.932 850
706.992 847
707.052 838
707.112 841
707.171 836
707.231 840
707.291 845
707.351 848
707.411 852
707.470 868
707.530 876
707.590 880
707.650 890
707.710 882
707.769 880
707.829 880
707.889 867
707.949 862
708.009 848
708.069 833
708.128 823
708.188 826
708.248 825
708.308 833
708.368 838
708.428 840
708.488 845
708.547 847
708.607 852
708.667 853
708.727 855
708.787 849
708.847 843
708.907 834
708.966 816
709.026 809
709.086 799
709.146 797
709.206 796
709.266 793
709.326 800
709.386 817
709.445 837
709.505 852
709.565 869
709.625 867
709.685 856
709.745 856
709.805 857
709.865 850
709.925 841
709.985 837
710.044 816
710.104 809
710.164 816
710.224 820
710.284 825
710.344 836
710.404 842
710.464 842
710.524 847
710.584 862
710.644 878
710.704 887
710.764 903
710.824 888
710.884 874
710.944 857
711.003 839
711.063 823
711.123 810
711.183 803
711.243 785
711.303 790
711.363 801
711.423 810
711.483 816
711.543 836
711.603 852
711.663 865
711.723 885
711.783 873
711.843 863
711.903 858
711.963 841
712.023 834
712.083 835
712.143 839
712.203 831
712.263 837
712.323 836
712.383 828
712.443 828
712.503 841
712.563 858
712.623 866
712.683 871
712.743 864
712.803 864
712.863 867
712.923 873
712.983 878
713.044 885
713.104 892
713.164 904
713.224 895
713.284 882
713.344 872
713.404 857
713.464 846
713.524 837
713.584 828
713.644 822
713.704 816
713.764 809
713.824 802
713.884 798
713.944 800
714.005 797
714.065 803
714.125 807
714.185 816
714.245 830
714.305 843
714.365 855
714.425 871
714.485 886
714.545 884
714.606 896
714.666 907
714.726 913
714.786 920
714.846 914
714.906 887
714.966 866
715.026 845
715.086 828
715.147 831
715.207 828
715.267 842
715.327 843
715.387 855
715.447 871
715.507 875
715.568 887
715.628 889
715.688 897
715.748 899
715.808 910
715.868 911
715.929 901
715.989 900
716.049 889
716.109 883
716.169 877
716.229 867
716.290 854
716.350 855
716.410 861
716.470 869
716.530 873
716.591 883
716.651 888
716.711 897
716.771 903
716.831 882
716.892 860
716.952 832
717.012 806
717.072 795
717.132 787
717.193 783
717.253 784
717.313 794
717.373 810
717.434 826
717.494 840
717.554 854
717.614 862
717.675 861
717.735 859
717.795 847
717.855 841
717.915 832
717.976 828
718.036 826
718.096 824
718.157 821
718.217 823
718.277 838
718.337 851
718.398 853
718.458 859
718.518 862
718.578 872
718.639 873
718.699 877
718.759 867
718.820 859
718.880 861
718.940 849
719.000 841
719.061 831
719.121 830
719.181 828
719.242 847
719.302 869
719.362 884
719.423 911
719.483 927
719.543 936
719.604 949
719.664 977
719.724 995
719.785 1025
719.845 1061
719.905 1085
719.966 1113
720.026 1155
720.086 1204
720.147 1242
720.207 1273
720.267 1295
720.328 1310
720.388 1328
720.448 1347
720.509 1353
720.569 1323
720.629 1292
720.690 1256
720.750 1209
720.811 1177
720.871 1142
720.931 1119
720.992 1119
721.052 1136
721.112 1157
721.173 1185
721.233 1216
721.294 1252
721.354 1288
721.414 1314
721.475 1326
721.535 1315
721.596 1297
721.656 1277
721.716 1250
721.777 1226
721.837 1183
721.898 1146
721.958 1114
722.019 1093
722.079 1086
722.139 1085
722.200 1090
722.260 1090
722.321 1097
722.381 1091
722.442 1086
722.502 1080
722.562 1059
722.623 1051
722.683 1042
722.744 1025
722.804 1026
722.865 1016
722.925 1004
722.986 995
723.046 976
723.107 966
723.167 960
723.228 950
723.288 950
723.349 955
723.409 963
723.469 965
723.530 969
723.590 969
723.651 974
723.711 982
723.772 984
723.832 978
723.893 960
723.953 943
724.014 935
724.074 918
724.135 905
724.196 891
724.256 882
724.317 878
724.377 878
724.438 877
724.498 878
724.559 888
724.619 905
724.680 924
724.740 933
724.801 933
724.861 921
724.922 919
724.982 925
725.043 929
725.104 938
725.164 944
725.225 944
725.285 940
725.346 940
725.406 931
725.467 936
725.528 937
725.588 935
725.649 940
725.709 932
725.770 914
725.830 900
725.891 882
725.952 873
726.012 858
726.073 845
726.133 834
726.194 819
726.255 824
726.315 827
726.376 826
726.436 836
726.497 844
726.558 851
726.618 850
726.679 851
726.740 840
726.800 839
726.861 846
726.921 848
726.982 852
727.043 859
727.103 869
727.164 874
727.225 886
727.285 897
727.346 901
727.407 900
727.467 906
727.528 908
727.589 904
727.649 894
727.710 885
727.771 878
727.831 870
727.892 879
727.953 864
728.013 853
728.074 846
728.135 840
728.195 848
728.256 856
728.317 869
728.377 877
728.438 893
728.499 911
728.559 914
728.620 926
728.681 927
728.742 920
728.802 911
728.863 907
728.924 883
728.984 868
729.045 862
729.106 853
729.167 863
729.227 867
729.288 871
729.349 876
729.410 886
729.470 900
729.531 908
729.592 924
729.652 926
729.713 921
729.774 924
729.835 925
729.896 920
729.956 919
730.017 918
730.078 914
730.139 906
730.199 908
730.260 912
730.321 904
730.382 903
730.442 900
730.503 891
730.564 886
730.625 892
730.686 895
730.746 902
730.807 912
730.868 894
730.929 880
730.990 863
731.050 850
731.111 858
731.172 868
731.233 872
731.294 883
731.354 884
731.415 885
731.476 892
731.537 897
731.598 904
731.659 901
731.719 904
731.780 902
731.841 911
731.902 915
731.963 925
732.024 925
732.084 911
732.145 903
732.206 889
732.267 878
732.328 876
732.389 872
732.450 865
732.510 864
732.571 877
732.632 887
732.693 893
732.754 901
732.815 892
732.876 880
732.937 876
732.998 864
733.058 863
733.119 871
733.180 882
733.241 896
733.302 912
733.363 922
733.424 938
733.485 949
733.546 952
733.607 963
733.667 953
733.728 950
733.789 935
733.850 916
733.911 902
733.972 879
734.033 862
734.094 847
734.155 839
734.216 833
734.277 845
734.338 860
734.399 878
734.460 904
734.521 916
734.581 934
734.642 931
734.703 929
734.764 930
734.825 925
734.886 920
734.947 903
735.008 895
735.069 879
735.130 867
735.191 865
735.252 867
735.313 875
735.374 884
735.435 890
735.496 891
735.557 895
735.618 891
735.679 897
735.740 895
735.801 891
735.862 888
735.923 885
735.984 876
736.045 866
736.106 863
736.167 855
736.228 854
736.289 857
736.350 855
736.411 852
736.472 866
736.533 881
736.594 895
736.655 908
736.717 904
736.778 896
736.839 888
736.900 873
736.961 857
737.022 841
737.083 827
737.144 815
737.205 818
737.266 822
737.327 836
737.388 844
737.449 857
737.510 868
737.571 874
737.632 880
737.694 886
737.755 881
737.816 872
737.877 878
737.938 869
737.999 852
738.060 848
738.121 839
738.182 836
738.243 842
738.305 847
738.366 840
738.427 836
738.488 836
738.549 835
738.610 845
738.671 849
738.732 856
738.794 855
738.855 862
738.916 864
738.977 857
739.038 856
739.099 846
739.160 842
739.222 840
739.283 840
739.344 832
739.405 842
739.466 849
739.527 851
739.588 857
739.650 857
739.711 857
739.772 860
739.833 872
739.894 872
739.955 875
740.017 882
740.078 890
740.139 889
740.200 896
740.261 908
740.323 905
740.384 908
740.445 904
740.506 890
740.567 890
740.629 884
740.690 875
740.751 873
740.812 862
740.873 856
740.935 845
740.996 830
741.057 829
741.118 828
741.180 822
741.241 828
741.302 827
741.363 839
741.425 854
741.486 863
741.547 860
741.608 854
741.670 846
741.731 837
741.792 835
741.853 842
741.915 837
741.976 843
742.037 850
742.098 846
742.160 848
742.221 846
742.282 837
742.343 850
742.405 864
742.466 872
742.527 888
742.589 894
742.650 902
742.711 911
742.773 914
742.834 897
742.895 891
742.956 881
743.018 869
743.079 864
743.140 855
743.202 860
743.263 852
743.324 863
743.386 869
743.447 880
743.508 902
743.570 928
743.631 948
743.692 961
743.754 967
743.815 960
743.876 954
743.938 955
743.999 955
744.060 953
744.122 954
744.183 959
744.244 950
744.306 952
744.367 948
744.429 950
744.490 959
744.551 953
744.613 948
744.674 932
744.735 927
744.797 930
744.858 935
744.920 949
744.981 953
745.042 954
745.104 955
745.165 950
745.227 951
745.288 955
745.349 960
745.411 971
745.472 969
745.534 956
745.595 933
745.656 912
745.718 900
745.779 904
745.841 910
745.902 915
745.964 918
746.025 919
746.086 926
746.148 929
746.209 927
746.271 930
746.332 919
746.394 914
746.455 907
746.516 900
746.578 899
746.639 885
746.701 883
746.762 870
746.824 855
746.885 855
746.947 851
747.008 838
747.070 821
747.131 810
747.193 794
747.254 795
747.316 804
747.377 811
747.439 815
747.500 833
747.562 849
747.623 858
747.685 873
747.746 862
747.808 852
747.869 844
747.931 830
747.992 824
748.054 827
748.115 825
748.177 825
748.238 840
748.300 850
748.361 858
748.423 876
748.484 869
748.546 862
748.607 855
748.669 843
748.731 853
748.792 859
748.854 870
748.915 872
748.977 874
749.038 878
749.100 882
749.161 892
749.223 883
749.285 876
749.346 876
749.408 875
749.469 891
749.531 907
749.592 906
749.654 902
749.716 889
749.777 877
749.839 868
749.900 862
749.962 855
750.024 851
750.085 853
750.147 855
750.208 859
750.270 856
750.332 848
750.393 840
750.455 847
750.516 854
750.578 854
750.640 859
750.701 853
750.763 855
750.825 858
750.886 856
750.948 852
751.010 848
751.071 846
751.133 852
751.194 866
751.256 871
751.318 881
751.379 895
751.441 907
751.503 921
751.564 929
751.626 927
751.688 920
751.749 903
751.811 897
751.873 890
751.934 865
751.996 845
752.058 819
752.119 796
752.181 791
752.243 791
752.305 794
752.366 797
752.428 799
752.490 804
752.551 802
752.613 809
752.675 822
752.736 832
752.798 844
752.860 858
752.922 863
752.983 853
753.045 850
753.107 841
753.169 834
753.230 828
753.292 828
753.354 828
753.415 846
753.477 875
753.539 892
753.601 910
753.662 912
753.724 912
753.786 906
753.848 904
753.910 900
753.971 887
754.033 885
754.095 875
754.157 874
754.218 879
754.280 883
754.342 886
754.404 893
754.465 896
754.527 887
754.589 889
754.651 893
754.713 888
754.774 892
754.836 894
754.898 886
754.960 888
755.022 889
755.083 893
755.145 894
755.207 895
755.269 900
755.331 904
755.393 911
755.454 904
755.516 895
755.578 886
755.640 879
755.702 883
755.764 874
755.825 874
755.887 865
755.949 857
756.011 852
756.073 844
756.135 848
756.196 848
756.258 859
756.320 859
756.382 867
756.444 871
756.506 869
756.568 873
756.630 868
756.691 868
756.753 860
756.815 861
756.877 848
756.939 837
757.001 831
757.063 819
757.125 816
757.187 816
757.248 818
757.310 812
757.372 832
757.434 848
757.496 853
757.558 868
757.620 866
757.682 863
757.744 868
757.806 880
757.868 868
757.929 864
757.991 856
758.053 838
758.115 839
758.177 838
758.239 845
758.301 854
758.363 860
758.425 863
758.487 865
758.549 873
758.611 881
758.673 885
758.735 888
758.797 885
758.859 881
758.921 879
758.983 882
759.045 866
759.107 855
759.169 846
759.231 827
759.293 824
759.354 830
759.416 830
759.478 837
759.540 844
759.602 848
759.664 852
759.726 847
759.788 844
759.850 835
759.912 833
759.974 833
760.037 830
760.099 829
760.161 820
760.223 818
760.285 819
760.347 828
760.409 841
760.471 850
760.533 857
760.595 866
760.657 872
760.719 871
760.781 868
760.843 869
760.905 873
760.967 874
761.029 877
761.091 877
761.153 877
761.215 886
761.277 895
761.339 888
761.401 877
761.464 868
761.526 862
761.588 869
761.650 879
761.712 882
761.774 887
761.836 880
761.898 872
761.960 866
762.022 847
762.084 838
762.147 827
762.209 830
762.271 837
762.333 840
762.395 850
762.457 856
762.519 855
762.581 856
762.643 856
762.706 850
762.768 847
762.830 849
762.892 844
762.954 849
763.016 854
763.078 845
763.140 839
763.203 834
763.265 838
763.327 842
763.389 852
763.451 860
763.513 871
763.576 879
763.638 881
763.700 879
763.762 882
763.824 867
763.886 858
763.949 846
764.011 833
764.073 831
764.135 837
764.197 845
764.260 841
764.322 844
764.384 849
764.446 853
764.508 857
764.570 866
764.633 858
764.695 855
764.757 852
764.819 843
764.882 836
764.944 824
765.006 815
765.068 816
765.130 808
765.193 811
765.255 805
765.317 810
765.379 823
765.442 832
765.504 852
765.566 874
765.628 895
765.691 918
765.753 930
765.815 937
765.877 939
765.940 934
766.002 924
766.064 898
766.126 882
766.189 863
766.251 861
766.313 863
766.375 863
766.438 865
766.500 859
766.562 868
766.625 875
766.687 890
766.749 893
766.811 887
766.874 888
766.936 887
766.998 894
767.061 884
767.123 862
767.185 842
767.248 829
767.310 835
767.372 841
767.435 857
767.497 868
767.559 885
767.621 900
767.684 910
767.746 927
767.808 932
767.871 942
767.933 941
767.996 941
768.058 949
768.120 960
768.183 998
768.245 1027
768.307 1058
768.370 1074
768.432 1090
768.494 1084
768.557 1062
768.619 1038
768.681 1005
768.744 995
768.806 981
768.869 973
768.931 972
768.993 977
769.056 977
769.118 973
769.180 985
769.243 977
769.305 990
769.368 998
769.430 1000
769.492 995
769.555 985
769.617 976
769.680 972
769.742 975
769.805 969
769.867 968
769.929 960
769.992 945
770.054 952
770.117 950
770.179 945
770.242 951
770.304 943
770.366 937
770.429 930
770.491 937
770.554 942
770.616 952
770.679 956
770.741 959
770.804 955
770.866 950
770.928 935
770.991 916
771.053 905
771.116 900
771.178 901
771.241 887
771.303 890
771.366 897
771.428 897
771.491 887
771.553 889
771.616 885
771.678 882
771.741 891
771.803 893
771.866 894
771.928 892
771.991 898
772.053 888
772.116 891
772.178 881
772.241 864
772.303 860
772.366 848
772.428 853
772.491 856
772.553 863
772.616 872
772.678 871
772.741 880
772.804 887
772.866 895
772.929 901
772.991 905
773.054 891
773.116 883
773.179 885
773.241 876
773.304 879
773.367 882
773.429 878
773.492 872
773.554 877
773.617 872
773.679 874
773.742 871
773.805 861
773.867 850
773.930 846
773.992 834
774.055 829
774.117 826
774.180 822
774.243 825
774.305 818
774.368 814
774.430 808
774.493 808
774.556 823
774.618 833
774.681 842
774.744 847
774.806 851
774.869 851
774.931 849
774.994 850
775.057 843
775.119 848
775.182 848
775.245 851
775.307 855
775.370 859
775.433 865
775.495 873
775.558 880
775.620 879
775.683 882
775.746 877
775.808 875
775.871 870
775.934 861
775.996 852
776.059 843
776.122 833
776.184 821
776.247 815
776.310 808
776.373 809
776.435 814
776.498 824
776.561 836
776.623 842
776.686 840
776.749 832
776.811 829
776.874 829
776.937 835
777.000 842
777.062 844
777.125 841
777.188 838
777.250 839
777.313 838
777.376 837
777.439 841
777.501 833
777.564 837
777.627 843
777.690 834
777.752 841
777.815 845
777.878 850
777.941 854
778.003 856
778.066 853
778.129 843
778.192 841
778.254 836
778.317 846
778.380 857
778.443 858
778.505 871
778.568 869
778.631 865
778.694 873
778.757 882
778.819 886
778.882 888
778.945 888
779.008 881
779.070 882
779.133 884
779.196 885
779.259 890
779.322 891
779.384 893
779.447 899
779.510 910
779.573 908
779.636 904
779.699 899
779.761 885
779.824 883
779.887 884
779.950 873
780.013 882
780.076 897
780.138 908
780.201 912
780.264 919
780.327 916
780.390 919
780.453 925
780.515 919
780.578 921
780.641 924
780.704 927
780.767 941
780.830 938
780.893 935
780.956 924
781.018 902
781.081 875
781.144 853
781.207 836
781.270 832
781.333 837
781.396 842
781.459 843
781.521 844
781.584 843
781.647 842
781.710 840
781.773 841
781.836 842
781.899 850
781.962 859
782.025 876
782.088 882
782.151 889
782.214 891
782.276 890
782.339 896
782.402 904
782.465 911
782.528 914
782.591 923
782.654 918
782.717 909
782.780 902
782.843 882
782.906 860
782.969 842
783.032 824
783.095 819
783.158 812
783.221 814
783.284 818
783.347 823
783.410 834
783.473 851
783.536 865
783.598 901
783.661 929
783.724 956
783.787 976
783.850 971
783.913 963
783.976 942
784.039 904
784.102 871
784.165 846
784.228 830
784.291 818
784.354 830
784.417 843
784.480 855
784.544 871
784.607 879
784.670 891
784.733 897
784.796 912
784.859 915
784.922 910
784.985 897
785.048 882
785.111 865
785.174 854
785.237 858
785.300 855
785.363 846
785.426 849
785.489 846
785.552 849
785.615 846
785.678 839
785.741 834
785.804 827
785.867 822
785.931 819
785.994 821
786.057 825
786.120 830
786.183 839
786.246 853
786.309 854
786.372 874
786.435 887
786.498 899
786.561 910
786.625 907
786.688 903
786.751 897
786.814 894
786.877 890
786.940 876
787.003 868
787.066 853
787.129 843
787.193 834
787.256 829
787.319 827
787.382 842
787.445 848
787.508 864
787.571 878
787.635 877
787.698 887
787.761 885
787.824 890
787.887 885
787.950 881
788.013 874
788.077 864
788.140 853
788.203 842
788.266 833
788.329 829
788.392 841
788.456 851
788.519 858
788.582 864
788.645 866
788.708 861
788.772 848
788.835 849
788.898 835
788.961 828
789.024 824
789.088 802
789.151 803
789.214 806
789.277 813
789.340 832
789.404 848
789.467 863
789.530 879
789.593 885
789.657 884
789.720 876
789.783 850
789.846 830
789.909 810
789.973 803
790.036 804
790.099 804
790.162 797
790.226 790
790.289 787
790.352 784
790.415 800
790.479 816
790.542 821
790.605 827
790.669 832
790.732 831
790.795 823
790.858 819
790.922 820
790.985 823
791.048 835
791.111 851
791.175 851
791.238 856
791.301 859
791.365 861
791.428 874
791.491 886
791.555 897
791.618 903
791.681 912
791.744 921
791.808 925
791.871 933
791.934 923
791.998 918
792.061 928
792.124 931
792.188 952
792.251 972
792.314 993
792.378 1006
792.441 1023
792.504 1042
792.568 1037
792.631 1036
792.694 1018
792.758 995
792.821 982
792.884 981
792.948 981
793.011 988
793.075 1004
793.138 1008
793.201 1019
793.265 1034
793.328 1042
793.391 1041
793.455 1064
793.518 1069
793.582 1072
793.645 1068
793.708 1052
793.772 1041
793.835 1028
793.899 1015
793.962 991
794.025 969
794.089 956
794.152 942
794.216 940
794.279 949
794.342 953
794.406 963
794.469 971
794.533 973
794.596 961
794.660 962
794.723 951
794.786 941
794.850 922
794.913 902
794.977 888
795.040 874
795.104 865
795.167 854
795.231 853
795.294 854
795.357 860
795.421 867
795.484 866
795.548 867
795.611 871
795.675 875
795.738 890
795.802 900
795.865 904
795.929 902
795.992 894
796.056 885
796.119 881
796.183 868
796.246 860
796.310 859
796.373 855
796.437 859
796.500 870
796.564 886
796.627 899
796.691 920
796.754 932
796.818 941
796.881 943
796.945 940
797.008 925
797.072 904
797.135 893
797.199 878
797.262 869
797.326 860
797.389 859
797.453 863
797.516 896
797.580 939
797.644 992
797.707 1046
797.771 1053
797.834 1051
797.898 1024
797.961 997
798.025 974
798.088 940
798.152 916
798.216 883
798.279 877
798.343 869
798.406 873
798.470 875
798.534 881
798.597 901
798.661 916
798.724 955
798.788 952
798.852 953
798.915 933
798.979 904
799.042 899
799.106 889
799.170 892
799.233 893
799.297 891
799.360 896
799.424 898
799.488 897
799.551 907
799.615 913
799.679 920
799.742 919
799.806 915
799.869 904
799.933 897
799.997 884
800.060 875
800.124 868
800.188 869
800.251 864
800.315 856
800.379 856
800.442 849
800.506 838
800.570 839
800.633 839
800.697 838
800.761 844
800.824 845
800.888 843
800.952 837
801.015 839
801.079 832
801.143 823
801.206 816
801.270 805
801.334 812
801.398 820
801.461 835
801.525 845
801.589 866
801.652 879
801.716 897
801.780 921
801.844 924
801.907 935
801.971 940
802.035 933
802.098 911
802.162 892
802.226 869
802.290 843
802.353 831
802.417 819
802.481 813
802.545 816
802.608 822
802.672 829
802.736 833
802.800 831
802.863 845
802.927 848
802.991 852
803.055 861
803.118 847
803.182 839
803.246 840
803.310 840
803.374 852
803.437 873
803.501 885
803.565 889
803.629 897
803.692 901
803.756 899
803.820 906
803.884 911
803.948 909
804.011 918
804.075 908
804.139 901
804.203 902
804.267 900
804.331 895
804.394 893
804.458 886
804.522 877
804.586 876
804.650 880
804.714 883
804.777 886
804.841 882
804.905 871
804.969 852
805.033 849
805.097 843
805.160 843
805.224 839
805.288 839
805.352 844
805.416 854
805.480 856
805.544 856
805.607 853
805.671 856
805.735 861
805.799 862
805.863 865
805.927 853
805.991 849
806.055 851
806.119 844
806.182 846
806.246 847
806.310 850
806.374 849
806.438 856
806.502 864
806.566 872
806.630 883
806.694 891
806.758 891
806.821 893
806.885 887
806.949 876
807.013 865
807.077 861
807.141 859
807.205 853
807.269 850
807.333 850
807.397 853
807.461 869
807.525 879
807.589 882
807.653 891
807.717 900
807.781 908
807.845 911
807.908 917
807.972 907
808.036 905
808.100 901
808.164 895
808.228 878
808.292 863
808.356 849
808.420 835
808.484 861
808.548 879
808.612 884
808.676 894
808.740 895
808.804 897
808.868 915
808.932 920
808.996 902
809.060 879
809.124 857
809.188 829
809.252 828
809.316 838
809.380 839
809.444 855
809.508 865
809.572 876
809.636 885
809.700 892
809.765 901
809.829 920
809.893 930
809.957 939
810.021 932
810.085 903
810.149 892
810.213 873
810.277 871
810.341 865
810.405 862
810.469 865
810.533 868
810.597 875
810.661 870
810.725 859
810.789 846
810.854 835
810.918 827
810.982 816
811.046 814
811.110 811
811.174 816
811.238 816
811.302 815
811.366 810
811.430 806
811.494 814
811.559 832
811.623 853
811.687 890
811.751 920
811.815 937
811.879 946
811.943 941
812.007 925
812.072 888
812.136 863
812.200 837
812.264 815
812.328 814
812.392 817
812.456 828
812.521 834
812.585 865
812.649 895
812.713 909
812.777 926
812.841 921
812.905 908
812.970 896
813.034 861
813.098 849
813.162 837
813.226 838
813.290 851
813.355 860
813.419 866
813.483 875
813.547 885
813.611 886
813.676 889
813.740 887
813.804 890
813.868 882
813.932 872
813.997 867
814.061 837
814.125 822
814.189 811
814.253 812
814.318 817
814.382 833
814.446 846
814.510 853
814.575 864
814.639 865
814.703 862
814.767 859
814.832 861
814.896 839
814.960 826
815.024 810
815.088 801
815.153 812
815.217 814
815.281 830
815.346 841
815.410 844
815.474 846
815.538 846
815.603 858
815.667 870
815.731 891
815.795 909
815.860 929
815.924 942
815.988 962
816.053 989
816.117 1004
816.181 1010
816.245 1010
816.310 1015
816.374 1021
816.438 1042
816.503 1044
816.567 1049
816.631 1052
816.696 1053
816.760 1058
816.824 1058
816.889 1064
816.953 1049
817.017 1041
817.081 1034
817.146 1004
817.210 987
817.274 972
817.339 959
817.403 958
817.468 976
817.532 996
817.596 1006
817.661 1004
817.725 995
817.789 984
817.854 979
817.918 984
817.982 971
818.047 967
818.111 960
818.175 959
818.240 966
818.304 965
818.369 969
818.433 963
818.497 966
818.562 964
818.626 965
818.691 976
818.755 977
818.819 969
818.884 960
818.948 940
819.013 929
819.077 913
819.141 899
819.206 889
819.270 889
819.335 907
819.399 927
819.463 945
819.528 953
819.592 960
819.657 963
819.721 952
819.786 944
819.850 930
819.915 918
819.979 911
820.043 897
820.108 883
820.172 875
820.237 863
820.301 867
820.366 873
820.430 881
820.495 891
820.559 882
820.624 881
820.688 866
820.752 859
820.817 852
820.881 845
820.946 846
821.010 844
821.075 859
821.139 866
821.204 873
821.268 884
821.333 886
821.397 888
821.462 888
821.526 886
821.591 884
821.655 886
821.720 892
821.784 897
821.849 896
821.913 891
821.978 887
822.043 876
822.107 875
822.172 872
822.236 868
822.301 866
822.365 857
822.430 855
822.494 848
822.559 847
822.623 857
822.688 863
822.752 867
822.817 878
822.882 885
822.946 888
823.011 889
823.075 887
823.140 875
823.204 869
823.269 866
823.334 860
823.398 851
823.463 840
823.527 836
823.592 823
823.657 838
823.721 855
823.786 864
823.850 885
823.915 883
823.980 886
824.044 887
824.109 877
824.173 862
824.238 847
824.303 832
824.367 826
824.432 832
824.496 833
824.561 830
824.626 833
824.690 852
824.755 867
824.820 882
824.884 902
824.949 895
825.014 895
825.078 885
825.143 867
825.207 850
825.272 832
825.337 819
825.401 816
825.466 829
825.531 834
825.595 844
825.660 852
825.725 856
825.789 869
825.854 885
825.919 887
825.984 884
826.048 887
826.113 884
826.178 885
826.242 868
826.307 856
826.372 856
826.436 853
826.501 855
826.566 864
826.630 859
826.695 863
826.760 870
826.825 869
826.889 865
826.954 864
827.019 853
827.084 843
827.148 841
827.213 838
827.278 837
827.342 849
827.407 855
827.472 867
827.537 882
827.601 886
827.666 891
827.731 897
827.796 910
827.860 920
827.925 924
827.990 930
828.055 906
828.119 896
828.184 886
828.249 876
828.314 877
828.379 881
828.443 885
828.508 893
828.573 895
828.638 897
828.703 899
828.767 908
828.832 905
828.897 903
828.962 899
829.026 889
829.091 868
829.156 842
829.221 830
829.286 824
829.351 819
829.415 828
829.480 834
829.545 831
829.610 833
829.675 832
829.740 833
829.804 832
829.869 841
829.934 841
829.999 840
830.064 831
830.129 828
830.193 826
830.258 833
830.323 827
830.388 837
830.453 850
830.518 853
830.583 863
830.647 861
830.712 859
830.777 858
830.842 860
830.907 865
830.972 858
831.037 857
831.102 850
831.166 846
831.231 845
831.296 839
831.361 843
831.426 835
831.491 831
831.556 825
831.621 828
831.686 833
831.751 842
831.815 860
831.880 866
831.945 878
832.010 889
832.075 894
832.140 903
832.205 892
832.270 877
832.335 859
832.400 831
832.465 835
832.530 846
832.595 856
832.660 869
832.725 872
832.789 863
832.854 853
832.919 852
832.984 843
833.049 835
833.114 835
833.179 830
833.244 837
833.309 850
833.374 864
833.439 874
833.504 883
833.569 887
833.634 892
833.699 897
833.764 905
833.829 910
833.894 917
833.959 919
834.024 913
834.089 907
834.154 904
834.219 903
834.284 905
834.349 909
834.414 913
834.479 915
834.544 916
834.609 921
834.674 911
834.739 905
834.804 902
834.869 897
834.934 901
834.999 901
835.064 888
835.129 876
835.195 862
835.260 852
835.325 850
835.390 847
835.455 849
835.520 853
835.585 858
835.650 858
835.715 861
835.780 857
835.845 849
835.910 844
835.975 850
836.040 852
836.105 846
836.171 838
836.236 819
836.301 812
836.366 822
836.431 833
836.496 844
836.561 850
836.626 853
836.691 856
836.756 856
836.822 858
836.887 850
836.952 833
837.017 815
837.082 801
837.147 800
837.212 808
837.277 826
837.343 847
837.408 867
837.473 881
837.538 893
837.603 911
837.668 927
837.733 933
837.799 934
837.864 932
837.929 912
837.994 899
838.059 888
838.124 884
838.189 877
838.255 867
838.320 868
838.385 855
838.450 871
838.515 885
838.581 904
838.646 909
838.711 910
838.776 909
838.841 894
838.906 899
838.972 885
839.037 875
839.102 860
839.167 851
839.232 850
839.298 853
839.363 870
839.428 888
839.493 907
839.559 929
839.624 947
839.689 960
839.754 973
839.819 994
839.885 1015
839.950 1044
840.015 1072
840.080 1098
840.146 1127
840.211 1153
840.276 1179
840.341 1194
840.407 1209
840.472 1214
840.537 1211
840.602 1208
840.668 1183
840.733 1160
840.798 1126
840.863 1105
840.929 1096
840.994 1089
841.059 1085
841.125 1094
841.190 1109
841.255 1121
841.320 1145
841.386 1160
841.451 1175
841.516 1183
841.582 1194
841.647 1186
841.712 1171
841.778 1155
841.843 1125
841.908 1110
841.973 1095
842.039 1083
842.104 1078
842.169 1065
842.235 1060
842.300 1055
842.365 1040
842.431 1029
842.496 1029
842.561 1030
842.627 1035
842.692 1035
842.757 1025
842.823 1008
842.888 999
842.954 986
843.019 965
843.084 955
843.150 934
843.215 927
843.280 928
843.346 925
843.411 926
843.476 929
843.542 925
843.607 919
843.673 917
843.738 908
843.803 898
843.869 902
843.934 896
843.999 884
844.065 882
844.130 875
844.196 878
844.261 898
844.327 914
844.392 927
844.457 938
844.523 950
844.588 950
844.654 954
844.719 964
844.784 963
844.850 954
844.915 951
844.981 932
845.046 911
845.112 898
845.177 885
845.242 878
845.308 877
845.373 876
845.439 866
845.504 873
845.570 878
845.635 884
845.701 893
845.766 897
845.832 900
845.897 904
845.963 917
846.028 910
846.093 916
846.159 907
846.224 893
846.290 891
846.355 887
846.421 893
846.486 894
846.552 887
846.617 875
846.683 861
846.748 857
846.814 858
846.879 864
846.945 861
847.010 863
847.076 854
847.141 849
847.207 844
847.272 847
847.338 859
847.404 867
847.469 877
847.535 877
847.600 885
847.666 889
847.731 892
847.797 906
847.862 915
847.928 921
847.993 933
848.059 922
848.124 904
848.190 887
848.256 871
848.321 858
848.387 861
848.452 870
848.518 872
848.583 882
848.649 892
848.715 891
848.780 885
848.846 888
848.911 865
848.977 853
849.043 847
849.108 835
849.174 826
849.239 823
849.305 820
849.371 809
849.436 822
849.502 837
849.567 844
849.633 849
849.699 856
849.764 850
849.830 845
849.895 847
849.961 844
850.027 838
850.092 837
850.158 841
850.224 844
850.289 853
850.355 868
850.421 887
850.486 902
850.552 910
850.618 922
850.683 919
850.749 907
850.814 895
850.880 884
850.946 886
851.011 890
851.077 898
851.143 906
851.208 903
851.274 903
851.340 906
851.406 907
851.471 906
851.537 919
851.603 924
851.668 927
851.734 932
851.800 928
851.865 920
851.931 915
851.997 917
852.063 905
852.128 900
852.194 897
852.260 890
852.325 892
852.391 893
852.457 897
852.523 890
852.588 892
852.654 894
852.720 890
852.785 895
852.851 889
852.917 882
852.983 873
853.048 869
853.114 861
853.180 855
853.246 856
853.311 859
853.377 866
853.443 870
853.509 874
853.575 882
853.640 886
853.706 891
853.772 892
853.838 898
853.903 905
853.969 908
854.035 912
854.101 908
854.167 898
854.232 897
854.298 895
854.364 898
854.430 916
854.496 936
854.561 951
854.627 956
854.693 952
854.759 942
854.825 922
854.890 912
854.956 900
855.022 892
855.088 882
855.154 877
855.220 881
855.285 877
855.351 885
855.417 895
855.483 894
855.549 891
855.615 898
855.680 892
855.746 897
855.812 906
855.878 903
855.944 910
856.010 898
856.076 880
856.142 870
856.207 857
856.273 852
856.339 848
856.405 849
856.471 846
856.537 847
856.603 851
856.669 853
856.734 860
856.800 872
856.866 870
856.932 870
856.998 880
857.064 873
857.130 867
857.196 864
857.262 851
857.328 861
857.394 869
857.459 880
857.525 889
857.591 889
857.657 888
857.723 879
857.789 876
857.855 867
857.921 863
857.987 856
858.053 839
858.119 842
858.185 842
858.251 848
858.317 859
858.383 875
858.449 889
858.515 904
858.580 913
858.646 905
858.712 900
858.778 894
858.844 887
858.910 885
858.976 882
859.042 875
859.108 873
859.174 864
859.240 857
859.306 855
859.372 843
859.438 838
859.504 830
859.570 826
859.636 831
859.702 829
859.768 831
859.834 834
859.900 833
859.966 824
860.032 813
860.098 805
860.164 796
860.230 817
860.296 837
860.362 860
860.429 884
860.495 889
860.561 892
860.627 895
860.693 884
860.759 883
860.825 882
860.891 874
860.957 866
861.023 851
861.089 843
861.155 840
861.221 842
861.287 840
861.353 833
861.419 834
861.485 835
861.552 850
861.618 862
861.684 865
861.750 873
861.816 874
861.882 880
861.948 883
862.014 888
862.080 882
862.146 871
862.212 864
862.279 854
862.345 851
862.411 852
862.477 854
862.543 856
862.609 874
862.675 890
862.741 905
862.807 918
862.874 909
862.940 899
863.006 882
863.072 862
863.138 848
863.204 843
863.270 834
863.337 828
863.403 828
863.469 832
863.535 842
863.601 852
863.667 867
863.734 875
863.800 886
863.866 912
863.932 940
863.998 967
864.064 993
864.131 1012
864.197 1018
864.263 1028
864.329 1034
864.395 1024
864.462 1028
864.528 1023
864.594 1022
864.660 1029
864.726 1034
864.793 1033
864.859 1042
864.925 1047
864.991 1037
865.057 1034
865.124 1023
865.190 1018
865.256 1023
865.322 1040
865.388 1060
865.455 1060
865.521 1062
865.587 1044
865.653 1034
865.720 1026
865.786 994
865.852 971
865.918 957
865.985 949
866.051 960
866.117 973
866.183 976
866.250 974
866.316 969
866.382 964
866.448 961
866.515 958
866.581 960
866.647 960
866.714 953
866.780 958
866.846 955
866.912 959
866.979 960
867.045 959
867.111 946
867.178 930
867.244 907
867.310 888
867.377 888
867.443 897
867.509 907
867.575 926
867.642 941
867.708 938
867.774 939
867.841 933
867.907 916
867.973 909
868.040 904
868.106 898
868.172 887
868.239 884
868.305 876
868.371 868
868.438 871
868.504 865
868.570 865
868.637 860
868.703 856
868.770 859
868.836 862
868.902 860
868.969 866
869.035 872
869.101 882
869.168 888
869.234 888
869.301 891
869.367 895
869.433 895
869.500 904
869.566 913
869.632 906
869.699 902
869.765 894
869.832 885
869.898 878
869.964 881
870.031 870
870.097 862
870.164 859
870.230 856
870.297 857
870.363 853
870.429 853
870.496 847
870.562 849
870.629 854
870.695 842
870.762 832
870.828 843
870.894 848
870.961 861
871.027 878
871.094 866
871.160 850
871.227 841
871.293 825
871.360 823
871.426 836
871.492 848
871.559 858
871.625 862
871.692 863
871.758 854
871.825 857
871.891 842
871.958 824
872.024 816
872.091 812
872.157 814
872.224 817
872.290 819
872.357 817
872.423 829
872.490 841
872.556 849
872.623 854
872.689 855
872.756 858
872.822 853
872.889 854
872.955 852
873.022 848
873.088 843
873.155 844
873.221 828
873.288 820
873.355 818
873.421 817
873.488 827
873.554 846
873.621 859
873.687 868
873.754 882
873.820 880
873.887 880
873.953 890
874.020 885
874.087 882
874.153 882
874.220 884
874.286 890
874.353 886
874.419 889
874.486 884
874.553 881
874.619 884
874.686 886
874.752 867
874.819 849
874.886 832
874.952 817
875.019 818
875.085 817
875.152 817
875.219 815
875.285 819
875.352 821
875.418 829
875.485 844
875.552 853
875.618 865
875.685 864
875.752 868
875.818 873
875.885 862
875.951 858
876.018 855
876.085 853
876.151 856
876.218 857
876.285 853
876.351 841
876.418 846
876.485 852
876.551 855
876.618 867
876.685 874
876.751 877
876.818 881
876.885 878
876.951 859
877.018 848
877.085 841
877.151 838
877.218 845
877.285 859
877.351 867
877.418 869
877.485 875
877.551 865
877.618 852
877.685 845
877.752 831
877.818 823
877.885 817
877.952 812
878.018 815
878.085 818
878.152 827
878.219 836
878.285 852
878.352 869
878.419 886
878.486 898
878.552 904
878.619 911
878.686 922
878.753 929
878.819 933
878.886 930
878.953 920
879.020 907
879.086 891
879.153 881
879.220 870
879.287 848
879.353 842
879.420 821
879.487 812
879.554 808
879.620 813
879.687 812
879.754 810
879.821 813
879.888 807
879.954 801
880.021 794
880.088 783
880.155 778
880.222 773
880.288 775
880.355 773
880.422 790
880.489 805
880.556 812
880.622 818
880.689 815
880.756 814
880.823 810
880.890 815
880.957 809
881.023 802
881.090 801
881.157 793
881.224 788
881.291 789
881.358 795
881.424 802
881.491 816
881.558 823
881.625 824
881.692 828
881.759 842
881.826 849
881.892 861
881.959 868
882.026 866
882.093 859
882.160 855
882.227 855
882.294 846
882.361 852
882.427 849
882.494 858
882.561 857
882.628 860
882.695 868
882.762 868
882.829 867
882.896 864
882.963 861
883.029 852
883.096 850
883.163 853
883.230 849
883.297 846
883.364 855
883.431 856
883.498 864
883.565 865
883.632 873
883.699 880
883.766 885
883.833 899
883.900 892
883.966 893
884.033 887
884.100 876
884.167 863
884.234 847
884.301 832
884.368 826
884.435 841
884.502 850
884.569 862
884.636 873
884.703 870
884.770 867
884.837 862
884.904 854
884.971 845
885.038 834
885.105 830
885.172 825
885.239 830
885.306 841
885.373 851
885.440 845
885.507 839
885.574 835
885.641 833
885.708 844
885.775 838
885.842 824
885.909 811
885.976 794
886.043 792
886.110 804
886.177 810
886.244 813
886.311 817
886.378 812
886.445 816
886.512 822
886.579 836
886.646 847
886.713 853
886.780 862
886.848 857
886.915 858
886.982 857
887.049 858
887.116 860
887.183 858
887.250 862
887.317 869
887.384 881
887.451 895
887.518 909
887.585 917
887.652 918
887.719 919
887.787 919
887.854 926
887.921 932
887.988 950
888.055 975
888.122 992
888.189 1021
888.256 1041
888.323 1062
888.391 1076
888.458 1083
888.525 1085
888.592 1079
888.659 1064
888.726 1056
888.793 1054
888.860 1051
888.928 1066
888.995 1061
889.062 1058
889.129 1055
889.196 1054
889.263 1069
889.330 1075
889.398 1085
889.465 1073
889.532 1069
889.599 1061
889.666 1046
889.733 1042
889.801 999
889.868 971
889.935 939
890.002 912
890.069 913
890.136 915
890.204 920
890.271 924
890.338 938
890.405 958
890.472 968
890.540 983
890.607 995
890.674 998
890.741 1004
890.808 1008
890.876 996
890.943 993
891.010 994
891.077 988
891.144 978
891.212 972
891.279 969
891.346 969
891.413 967
891.481 958
891.548 947
891.615 935
891.682 938
891.750 927
891.817 920
891.884 907
891.951 894
892.019 887
892.086 867
892.153 858
892.220 847
892.288 842
892.355 849
892.422 848
892.489 856
892.557 853
892.624 855
892.691 857
892.758 864
892.826 857
892.893 856
892.960 851
893.028 845
893.095 851
893.162 849
893.230 852
893.297 862
893.364 872
893.431 882
893.499 888
893.566 886
893.633 891
893.701 892
893.768 888
893.835 877
893.903 865
893.970 851
894.037 841
894.105 839
894.172 827
894.239 812
894.307 810
894.374 808
894.441 814
894.509 823
894.576 833
894.643 851
894.711 866
894.778 881
894.845 886
894.913 876
894.980 872
895.048 858
895.115 857
895.182 857
895.250 848
895.317 848
895.384 843
895.452 840
895.519 837
895.587 838
895.654 840
895.721 856
895.789 877
895.856 886
895.924 902
895.991 901
896.058 903
896.126 899
896.193 892
896.261 894
896.328 883
896.395 888
896.463 880
896.530 889
896.598 901
896.665 905
896.733 920
896.800 915
896.867 906
896.935 900
897.002 891
897.070 873
897.137 859
897.205 845
897.272 827
897.340 837
897.407 840
897.475 847
897.542 860
897.609 870
897.677 888
897.744 906
897.812 919
897.879 913
897.947 910
898.014 899
898.082 881
898.149 864
898.217 850
898.284 832
898.352 816
898.419 810
898.487 805
898.554 804
898.622 808
898.689 826
898.757 840
898.824 855
898.892 867
898.959 853
899.027 840
899.094 824
899.162 809
899.229 800
899.297 794
899.365 792
899.432 795
899.500 804
899.567 812
899.635 821
899.702 831
899.770 841
899.837 847
899.905 852
899.972 859
900.040 854
900.108 850
900.175 842
900.243 839
900.310 843
900.378 853
900.445 860
900.513 869
900.581 871
900.648 861
900.716 859
900.783 857
900.851 850
900.918 842
900.986 834
901.054 844
901.121 848
901.189 857
901.256 868
901.324 863
901.392 859
901.459 860
901.527 861
901.595 860
901.662 861
901.730 862
901.797 863
901.865 867
901.933 870
902.000 869
902.068 874
902.136 871
902.203 863
902.271 853
902.339 842
902.406 840
902.474 852
902.541 858
902.609 858
902.677 864
902.744 863
902.812 859
902.880 861
902.947 871
903.015 861
903.083 855
903.150 856
903.218 848
903.286 859
903.354 868
903.421 868
903.489 867
903.557 860
903.624 854
903.692 850
903.760 857
903.827 851
903.895 844
903.963 843
904.031 835
904.098 825
904.166 818
904.234 803
904.301 789
904.369 807
904.437 827
904.505 849
904.572 869
904.640 865
904.708 855
904.775 842
904.843 822
904.911 817
904.979 811
905.046 802
905.114 803
905.182 799
905.250 802
905.318 808
905.385 804
905.453 812
905.521 808
905.589 816
905.656 824
905.724 842
905.792 854
905.860 858
905.927 876
905.995 871
906.063 866
906.131 868
906.199 867
906.266 859
906.334 861
906.402 857
906.470 850
906.538 855
906.605 856
906.673 858
906.741 867
906.809 875
906.877 882
906.944 891
907.012 890
907.080 880
907.148 870
907.216 859
907.284 853
907.351 871
907.419 879
907.487 887
907.555 893
907.623 877
907.691 866
907.759 856
907.826 857
907.894 851
907.962 850
908.030 846
908.098 840
908.166 855
908.234 864
908.301 883
908.369 884
908.437 881
908.505 876
908.573 871
908.641 873
908.709 868
908.777 856
908.845 845
908.912 832
908.980 823
909.048 825
909.116 827
909.184 826
909.252 824
909.320 824
909.388 822
909.456 835
909.524 851
909.592 861
909.659 864
909.727 858
909.795 854
909.863 856
909.931 850
909.999 852
910.067 842
910.135 831
910.203 828
910.271 821
910.339 829
910.407 848
910.475 867
910.543 892
910.611 905
910.679 910
910.747 897
910.815 892
910.883 889
910.950 879
911.018 883
911.086 878
911.154 862
911.222 850
911.290 840
911.358 835
911.426 846
911.494 856
911.562 862
911.630 870
911.698 870
911.766 875
911.834 879
911.902 904
911.970 927
912.038 942
912.106 977
912.174 999
912.242 1024
912.310 1050
912.379 1072
912.447 1080
912.515 1103
912.583 1117
912.651 1121
912.719 1126
912.787 1106
912.855 1088
912.923 1076
912.991 1074
913.059 1067
913.127 1065
913.195 1071
913.263 1062
913.331 1079
913.399 1102
913.467 1113
913.535 1136
913.603 1142
913.672 1136
913.740 1120
913.808 1099
913.876 1074
913.944 1053
914.012 1044
914.080 1025
914.148 1003
914.216 982
914.284 969
914.352 968
914.421 972
914.489 982
914.557 978
914.625 972
914.693 972
914.761 962
914.829 958
914.897 954
914.965 934
915.034 930
915.102 925
915.170 938
915.238 956
915.306 971
915.374 976
915.442 963
915.511 956
915.579 946
915.647 934
915.715 916
915.783 918
915.851 908
915.919 900
915.988 910
916.056 908
916.124 911
916.192 915
916.260 925
916.328 921
916.397 919
916.465 918
916.533 916
916.601 912
916.669 907
916.738 902
916.806 883
916.874 877
916.942 863
917.010 857
917.079 863
917.147 864
917.215 863
917.283 864
917.351 865
917.420 879
917.488 893
917.556 902
917.624 909
917.693 909
917.761 907
917.829 911
917.897 906
917.965 895
918.034 884
918.102 872
918.170 869
918.238 861
918.307 865
918.375 863
918.443 864
918.511 880
918.580 893
918.648 900
918.716 906
918.785 905
918.853 905
918.921 903
918.989 914
919.058 900
919.126 886
919.194 882
919.262 877
919.331 880
919.399 885
919.467 887
919.536 877
919.604 888
919.672 894
919.741 890
919.809 887
919.877 871
919.945 863
920.014 856
920.082 854
920.150 844
920.219 838
920.287 835
920.355 837
920.424 838
920.492 842
920.560 837
920.629 823
920.697 825
920.765 826
920.834 825
920.902 825
920.970 829
921.039 817
921.107 818
921.176 819
921.244 812
921.312 814
921.381 815
921.449 822
921.517 825
921.586 829
921.654 833
921.722 845
921.791 857
921.859 868
921.928 881
921.996 886
922.064 884
922.133 887
922.201 886
922.270 873
922.338 871
922.406 869
922.475 870
922.543 880
922.612 869
922.680 856
922.748 839
922.817 815
922.885 815
922.954 812
923.022 809
923.091 816
923.159 816
923.227 821
923.296 836
923.364 853
923.433 861
923.501 857
923.570 859
923.638 860
923.707 869
923.775 881
923.844 883
923.912 879
923.980 857
924.049 840
924.117 829
924.186 820
924.254 823
924.323 826
924.391 828
924.460 835
924.528 845
924.597 852
924.665 861
924.734 867
924.802 870
924.871 873
924.939 866
925.008 861
925.076 840
925.145 824
925.213 812
925.282 793
925.350 788
925.419 779
925.487 771
925.556 772
925.624 773
925.693 776
925.761 782
925.830 794
925.898 801
925.967 809
926.036 819
926.104 821
926.173 828
926.241 842
926.310 851
926.378 860
926.447 862
926.515 861
926.584 862
926.653 855
926.721 852
926.790 848
926.858 838
926.927 833
926.995 837
927.064 831
927.133 830
927.201 830
927.270 828
927.338 837
927.407 841
927.475 850
927.544 854
927.613 848
927.681 848
927.750 846
927.819 839
927.887 830
927.956 819
928.024 812
928.093 807
928.162 806
928.230 804
928.299 808
928.367 823
928.436 838
928.505 855
928.573 853
928.642 845
928.711 845
928.779 840
928.848 850
928.917 845
928.985 838
929.054 831
929.123 826
929.191 838
929.260 849
929.329 869
929.397 878
929.466 898
929.535 912
929.603 927
929.672 937
929.741 926
929.809 920
929.878 905
929.947 902
930.015 886
930.084 868
930.153 847
930.221 827
930.290 825
930.359 827
930.428 833
930.496 843
930.565 852
930.634 862
930.702 871
930.771 876
930.840 879
930.909 872
930.977 856
931.046 846
931.115 845
931.183 846
931.252 853
931.321 856
931.390 855
931.458 864
931.527 867
931.596 877
931.665 883
931.733 881
931.802 875
931.871 865
931.940 854
932.008 846
932.077 844
932.146 846
932.215 849
932.284 852
932.352 862
932.421 862
932.490 880
932.559 893
932.627 891
932.696 900
932.765 898
932.834 896
932.903 899
932.971 896
933.040 878
933.109 861
933.178 852
933.247 838
933.315 845
933.384 851
933.453 855
933.522 860
933.591 861
933.660 864
933.728 868
933.797 870
933.866 865
933.935 858
934.004 849
934.073 846
934.141 839
934.210 840
934.279 848
934.348 850
934.417 862
934.486 876
934.555 881
934.623 891
934.692 910
934.761 924
934.830 929
934.899 933
934.968 923
935.037 917
935.106 915
935.174 901
935.243 895
935.312 891
935.381 881
935.450 876
935.519 870
935.588 872
935.657 871
935.726 882
935.794 897
935.863 920
935.932 942
936.001 959
936.070 965
936.139 967
936.208 978
936.277 975
936.346 991
936.415 1004
936.484 1015
936.553 1019
936.622 1030
936.690 1039
936.759 1038
936.828 1048
936.897 1051
936.966 1053
937.035 1065
937.104 1076
937.173 1074
937.242 1086
937.311 1105
937.380 1101
937.449 1115
937.518 1101
937.587 1082
937.656 1070
937.725 1064
937.794 1062
937.863 1050
937.932 1045
938.001 1018
938.070 999
938.139 989
938.208 970
938.277 968
938.346 965
938.415 965
938.484 976
938.553 985
938.622 985
938.691 982
938.760 987
938.829 986
938.898 986
938.967 989
939.036 996
939.105 989
939.174 979
939.243 973
939.312 976
939.381 967
939.450 954
939.519 949
939.588 931
939.657 935
939.726 937
939.795 930
939.864 922
939.934 903
940.003 885
940.072 870
940.141 862
940.210 852
940.279 848
940.348 840
940.417 831
940.486 842
940.555 858
940.624 861
940.693 870
940.762 871
940.832 865
940.901 854
940.970 856
941.039 847
941.108 843
941.177 852
941.246 851
941.315 866
941.384 868
941.454 871
941.523 877
941.592 883
941.661 896
941.730 899
941.799 911
941.868 912
941.937 910
942.007 914
942.076 906
942.145 908
942.214 912
942.283 907
942.352 888
942.421 877
942.491 865
942.560 862
942.629 873
942.698 885
942.767 898
942.836 909
942.906 925
942.975 926
943.044 922
943.113 914
943.182 915
943.251 901
943.321 894
943.390 893
943.459 877
943.528 887
943.597 896
943.667 906
943.736 922
943.805 934
943.874 936
943.943 925
944.013 921
944.082 896
944.151 874
944.220 862
944.290 841
944.359 830
944.428 823
944.497 817
944.566 815
944.636 820
944.705 833
944.774 845
944.843 845
944.913 842
944.982 839
945.051 836
945.120 846
945.190 845
945.259 841
945.328 829
945.397 817
945.467 820
945.536 821
945.605 822
945.675 828
945.744 822
945.813 816
945.882 813
945.952 807
946.021 804
946.090 802
946.160 795
946.229 792
946.298 795
946.367 792
946.437 803
946.506 809
946.575 816
946.645 824
946.714 832
946.783 841
946.853 844
946.922 847
946.991 840
947.061 835
947.130 835
947.199 837
947.269 848
947.338 854
947.407 856
947.477 855
947.546 855
947.615 853
947.685 847
947.754 839
947.823 832
947.893 835
947.962 843
948.031 851
948.101 847
948.170 844
948.239 831
948.309 822
948.378 823
948.448 818
948.517 828
948.586 830
948.656 828
948.725 835
948.795 833
948.864 844
948.933 844
949.003 845
949.072 843
949.141 842
949.211 853
949.280 859
949.350 868
949.419 878
949.489 888
949.558 873
949.627 866
949.697 859
949.766 854
949.836 867
949.905 864
949.975 865
950.044 854
950.113 843
950.183 830
950.252 816
950.322 817
950.391 816
950.461 832
950.530 850
950.600 859
950.669 859
950.738 856
950.808 855
950.877 847
950.947 851
951.016 834
951.086 816
951.155 808
951.225 798
951.294 795
951.364 797
951.433 804
951.503 813
951.572 829
951.642 851
951.711 852
951.781 847
951.850 844
951.920 841
951.989 832
952.059 827
952.128 812
952.198 798
952.267 798
952.337 795
952.406 798
952.476 798
952.545 800
952.615 808
952.684 816
952.754 820
952.824 825
952.893 830
952.963 825
953.032 827
953.102 830
953.171 825
953.241 834
953.310 837
953.380 835
953.449 839
953.519 845
953.589 852
953.658 860
953.728 867
953.797 860
953.867 857
953.936 860
954.006 859
954.076 856
954.145 854
954.215 853
954.284 851
954.354 852
954.424 860
954.493 863
954.563 876
954.632 880
954.702 875
954.772 864
954.841 853
954.911 839
954.980 834
955.050 826
955.120 824
955.189 817
955.259 803
955.329 801
955.398 797
955.468 808
955.538 821
955.607 840
955.677 852
955.746 857
955.816 865
955.886 856
955.955 850
956.025 844
956.095 838
956.164 838
956.234 850
956.304 863
956.373 870
956.443 879
956.513 887
956.582 893
956.652 898
956.722 902
956.791 906
956.861 885
956.931 860
957.001 832
957.070 802
957.140 793
957.210 793
957.279 796
957.349 798
957.419 822
957.488 833
957.558 847
957.628 849
957.698 842
957.767 833
957.837 822
957.907 816
957.977 812
958.046 820
958.116 822
958.186 838
958.255 833
958.325 830
958.395 827
958.465 819
958.534 826
958.604 828
958.674 838
958.744 843
958.813 843
958.883 845
958.953 835
959.023 835
959.093 831
959.162 818
959.232 812
959.302 806
959.372 808
959.441 814
959.511 826
959.581 830
959.651 855
959.721 882
959.790 906
959.860 932
959.930 933
960.000 940
960.070 948
960.139 956
960.209 972
960.279 998
960.349 1022
960.419 1045
960.489 1076
960.558 1093
960.628 1109
960.698 1126
960.768 1127
960.838 1123
960.907 1121
960.977 1113
961.047 1107
961.117 1109
961.187 1114
961.257 1109
961.327 1108
961.396 1114
961.466 1121
961.536 1128
961.606 1129
961.676 1115
961.746 1088
961.816 1082
961.885 1068
961.955 1062
962.025 1064
962.095 1062
962.165 1048
962.235 1034
962.305 1029
962.375 1019
962.445 1017
962.514 1016
962.584 1006
962.654 996
962.724 992
962.794 984
962.864 972
962.934 965
963.004 957
963.074 945
963.144 941
963.214 938
963.283 936
963.353 933
963.423 938
963.493 934
963.563 932
963.633 929
963.703 913
963.773 901
963.843 895
963.913 892
963.983 895
964.053 899
964.123 884
964.193 867
964.263 848
964.333 844
964.403 864
964.473 887
964.543 907
964.613 914
964.683 905
964.753 893
964.822 885
964.892 877
964.962 866
965.032 866
965.102 858
965.172 858
965.242 854
965.312 844
965.382 853
965.452 858
965.522 871
965.592 882
965.662 883
965.732 881
965.803 871
965.873 860
965.943 846
966.013 834
966.083 823
966.153 810
966.223 801
966.293 801
966.363 804
966.433 813
966.503 820
966.573 814
966.643 823
966.713 828
966.783 831
966.853 830
966.923 820
966.993 808
967.063 802
967.133 797
967.203 800
967.273 800
967.344 803
967.414 811
967.484 816
967.554 828
967.624 838
967.694 851
967.764 853
967.834 858
967.904 850
967.974 850
968.044 845
968.115 843
968.185 848
968.255 836
968.325 849
968.395 858
968.465 878
968.535 888
968.605 893
968.675 895
968.746 883
968.816 879
968.886 866
968.956 861
969.026 858
969.096 857
969.166 853
969.237 847
969.307 847
969.377 844
969.447 846
969.517 847
969.587 851
969.657 852
969.728 852
969.798 852
969.868 852
969.938 858
970.008 856
970.078 854
970.149 850
970.219 841
970.289 839
970.359 835
970.429 847
970.500 850
970.570 856
970.640 863
970.710 856
970.780 854
970.851 851
970.921 842
970.991 836
971.061 833
971.131 828
971.202 826
971.272 839
971.342 851
971.412 863
971.482 868
971.553 870
971.623 872
971.693 864
971.763 857
971.834 850
971.904 845
971.974 844
972.044 845
972.115 854
972.185 857
972.255 864
972.325 868
972.396 877
972.466 888
972.536 897
972.606 898
972.677 893
972.747 882
972.817 865
972.888 861
972.958 853
973.028 862
973.098 866
973.169 871
973.239 874
973.309 865
973.380 871
973.450 872
973.520 879
973.590 879
973.661 882
973.731 872
973.801 865
973.872 863
973.942 856
974.012 851
974.083 855
974.153 870
974.223 869
974.294 871
974.364 860
974.434 852
974.505 854
974.575 857
974.645 858
974.716 861
974.786 862
974.856 856
974.927 848
974.997 842
975.067 835
975.138 828
975.208 827
975.279 815
975.349 807
975.419 802
975.490 800
975.560 795
975.630 794
975.701 787
975.771 780
975.842 786
975.912 789
975.982 791
976.053 795
976.123 806
976.193 812
976.264 828
976.334 852
976.405 864
976.475 885
976.546 901
976.616 901
976.686 892
976.757 877
976.827 857
976.898 839
976.968 826
977.038 811
977.109 796
977.179 789
977.250 788
977.320 793
977.391 809
977.461 813
977.532 832
977.602 852
977.672 871
977.743 887
977.813 886
977.884 874
977.954 862
978.025 851
978.095 848
978.166 844
978.236 844
978.307 841
978.377 842
978.448 867
978.518 893
978.589 917
978.659 926
978.730 920
978.800 908
978.871 895
978.941 888
979.012 869
979.082 847
979.153 834
979.223 822
979.294 820
979.364 820
979.435 816
979.505 818
979.576 834
979.646 847
979.717 856
979.787 856
979.858 863
979.928 871
979.999 878
980.069 892
980.140 885
980.210 872
980.281 863
980.352 853
980.422 840
980.493 831
980.563 824
980.634 823
980.704 828
980.775 833
980.845 835
980.916 827
980.987 824
981.057 826
981.128 822
981.198 827
981.269 832
981.340 841
981.410 850
981.481 862
981.551 866
981.622 869
981.693 868
981.763 849
981.834 848
981.904 834
981.975 826
982.046 829
982.116 824
982.187 827
982.257 831
982.328 838
982.399 855
982.469 872
982.540 885
982.611 884
982.681 876
982.752 869
982.822 858
982.893 856
982.964 859
983.034 868
983.105 873
983.176 877
983.246 881
983.317 892
983.388 907
983.458 914
983.529 908
983.600 898
983.670 886
983.741 890
983.812 905
983.882 904
983.953 920
984.024 954
984.094 984
984.165 1021
984.236 1061
984.306 1070
984.377 1093
984.448 1114
984.519 1123
984.589 1127
984.660 1134
984.731 1146
984.801 1152
984.872 1170
984.943 1170
985.014 1172
985.084 1175
985.155 1184
985.226 1184
985.296 1178
985.367 1169
985.438 1151
985.509 1147
985.579 1134
985.650 1121
985.721 1098
985.792 1068
985.862 1049
985.933 1027
986.004 1009
986.075 997
986.145 994
986.216 995
986.287 998
986.358 1003
986.429 998
986.499 997
986.570 990
986.641 984
986.712 977
986.782 958
986.853 938
986.924 920
986.995 907
987.066 897
987.136 896
987.207 900
987.278 897
987.349 906
987.420 923
987.490 929
987.561 934
987.632 939
987.703 935
987.774 925
987.845 916
987.915 906
987.986 887
988.057 871
988.128 864
988.199 855
988.270 856
988.340 857
988.411 858
988.482 856
988.553 859
988.624 864
988.695 866
988.765 864
988.836 874
988.907 877
988.978 885
989.049 896
989.120 892
989.191 888
989.262 883
989.332 878
989.403 873
989.474 884
989.545 888
989.616 884
989.687 893
989.758 893
989.829 896
989.900 901
989.970 903
990.041 897
990.112 893
990.183 894
990.254 895
990.325 896
990.396 904
990.467 906
990.538 905
990.609 903
990.680 902
990.750 902
990.821 906
990.892 900
990.963 885
991.034 879
991.105 868
991.176 857
991.247 854
991.318 848
991.389 848
991.460 854
991.531 868
991.602 875
991.673 874
991.744 864
991.815 855
991.886 839
991.957 830
992.028 827
992.099 833
992.170 833
992.241 838
992.312 835
992.383 828
992.454 830
992.525 819
992.596 818
992.667 811
992.738 801
992.809 805
992.880 805
992.951 805
993.022 808
993.093 803
993.164 796
993.235 794
993.306 792
993.377 790
993.448 799
993.519 808
993.590 808
993.661 822
993.732 839
993.803 864
993.874 889
993.945 901
994.016 903
994.087 894
994.158 895
994.229 894
994.300 882
994.371 871
994.442 862
994.513 840
994.584 833
994.656 829
994.727 824
994.798 826
994.869 826
994.940 824
995.011 823
995.082 835
995.153 827
995.224 828
995.295 827
995.366 815
995.437 818
995.509 811
995.580 808
995.651 804
995.722 802
995.793 800
995.864 800
995.935 802
996.006 801
996.077 814
996.149 817
996.220 821
996.291 832
996.362 830
996.433 833
996.504 836
996.575 837
996.647 832
996.718 832
996.789 826
996.860 809
996.931 789
997.002 777
997.073 771
997.145 772
997.216 777
997.287 786
997.358 792
997.429 796
997.500 804
997.572 808
997.643 821
997.714 826
997.785 835
997.856 839
997.928 841
997.999 838
998.070 827
998.141 827
998.212 819
998.284 822
998.355 837
998.426 836
998.497 842
998.568 848
998.640 848
998.711 846
998.782 845
998.853 829
998.924 813
998.996 803
999.067 805
999.138 795
999.209 796
999.281 793
999.352 783
999.423 794
999.494 793
999.566 796
999.637 796
999.708 802
999.779 812
999.851 820
999.922 835
999.993 833
1000.064 830
1000.136 833
1000.207 835
1000.278 829
1000.350 824
1000.421 821
1000.492 810
1000.563 805
1000.635 805
1000.706 801
1000.777 812
1000.849 832
1000.920 849
1000.991 864
1001.062 875
1001.134 878
1001.205 872
1001.276 876
1001.348 874
1001.419 867
1001.490 859
1001.562 852
1001.633 841
1001.704 844
1001.776 843
1001.847 848
1001.918 853
1001.990 845
1002.061 840
1002.132 836
1002.204 827
1002.275 816
1002.346 807
1002.418 803
1002.489 792
1002.560 801
1002.632 807
1002.703 809
1002.774 818
1002.846 822
1002.917 821
1002.989 817
1003.060 822
1003.131 813
1003.203 819
1003.274 825
1003.345 823
1003.417 832
1003.488 840
1003.560 841
1003.631 844
1003.702 866
1003.774 878
1003.845 887
1003.917 899
1003.988 883
1004.059 872
1004.131 861
1004.202 841
1004.274 832
1004.345 822
1004.417 815
1004.488 811
1004.559 817
1004.631 821
1004.702 821
1004.774 821
1004.845 813
1004.917 809
1004.988 806
1005.059 804
1005.131 804
1005.202 803
1005.274 803
1005.345 817
1005.417 825
1005.488 832
1005.560 835
1005.631 836
1005.703 832
1005.774 832
1005.846 828
1005.917 828
1005.989 829
1006.060 833
1006.131 840
1006.203 844
1006.274 837
1006.346 829
1006.417 819
1006.489 811
1006.560 818
1006.632 832
1006.703 840
1006.775 845
1006.846 838
1006.918 829
1006.990 817
1007.061 813
1007.133 814
1007.204 816
1007.276 829
1007.347 835
1007.419 849
1007.490 860
1007.562 876
1007.633 898
1007.705 906
1007.776 913
1007.848 925
1007.919 941
1007.991 952
1008.063 973
1008.134 992
1008.206 1004
1008.277 1036
1008.349 1063
1008.420 1089
1008.492 1096
1008.564 1107
1008.635 1120
1008.707 1116
1008.778 1115
1008.850 1094
1008.921 1069
1008.993 1044
1009.065 1046
1009.136 1055
1009.208 1077
1009.279 1104
1009.351 1119
1009.423 1127
1009.494 1128
1009.566 1126
1009.637 1119
1009.709 1106
1009.781 1100
1009.852 1087
1009.924 1060
1009.996 1048
1010.067 1030
1010.139 1022
1010.210 1029
1010.282 1028
1010.354 1028
1010.425 1041
1010.497 1039
1010.569 1044
1010.640 1049
1010.712 1034
1010.784 1033
1010.855 1022
1010.927 1002
1010.999 983
1011.070 962
1011.142 949
1011.214 941
1011.285 944
1011.357 942
1011.429 937
1011.500 926
1011.572 903
1011.644 889
1011.715 893
1011.787 896
1011.859 896
1011.930 903
1012.002 894
1012.074 884
1012.145 885
1012.217 882
1012.289 885
1012.361 894
1012.432 906
1012.504 910
1012.576 914
1012.647 917
1012.719 915
1012.791 917
1012.863 914
1012.934 910
1013.006 899
1013.078 904
1013.150 894
1013.221 885
1013.293 886
1013.365 879
1013.437 890
1013.508 898
1013.580 905
1013.652 910
1013.724 903
1013.795 890
1013.867 881
1013.939 870
1014.011 859
1014.082 851
1014.154 846
1014.226 853
1014.298 859
1014.369 857
1014.441 855
1014.513 843
1014.585 840
1014.657 852
1014.728 850
1014.800 853
1014.872 858
1014.944 859
1015.016 870
1015.087 874
1015.159 861
1015.231 852
1015.303 848
1015.375 844
1015.447 853
1015.518 860
1015.590 858
1015.662 863
1015.734 862
1015.806 863
1015.877 866
1015.949 864
1016.021 853
1016.093 838
1016.165 834
1016.237 827
1016.309 834
1016.380 837
1016.452 841
1016.524 851
1016.596 851
1016.668 852
1016.740 848
1016.812 857
1016.883 852
1016.955 855
1017.027 852
1017.099 840
1017.171 847
1017.243 848
1017.315 855
1017.387 863
1017.459 864
1017.530 871
1017.602 879
1017.674 881
1017.746 892
1017.818 894
1017.890 897
1017.962 902
1018.034 892
1018.106 882
1018.178 876
1018.249 867
1018.321 859
1018.393 851
1018.465 841
1018.537 839
1018.609 846
1018.681 845
1018.753 841
1018.825 836
1018.897 832
1018.969 831
1019.041 836
1019.113 842
1019.185 824
1019.257 817
1019.329 810
1019.401 799
1019.473 806
1019.545 806
1019.616 806
1019.688 808
1019.760 830
1019.832 850
1019.904 869
1019.976 883
1020.048 883
1020.120 880
1020.192 874
1020.264 878
1020.336 871
1020.408 867
1020.480 868
1020.552 863
1020.624 856
1020.696 849
1020.768 841
1020.840 839
1020.912 853
1020.984 871
1021.056 888
1021.128 910
1021.200 916
1021.272 919
1021.345 921
1021.417 914
1021.489 906
1021.561 903
1021.633 899
1021.705 891
1021.777 876
1021.849 861
1021.921 845
1021.993 832
1022.065 831
1022.137 827
1022.209 825
1022.281 827
1022.353 820
1022.425 824
1022.497 824
1022.569 830
1022.642 846
1022.714 858
1022.786 862
1022.858 860
1022.930 859
1023.002 853
1023.074 856
1023.146 855
1023.218 847
1023.290 843
1023.362 845
1023.435 850
1023.507 852
1023.579 848
1023.651 842
1023.723 841
1023.795 855
1023.867 865
1023.939 876
1024.011 883
1024.084 863
1024.156 850
1024.228 833
1024.300 815
1024.372 810
1024.444 803
1024.516 797
1024.589 794
1024.661 812
1024.733 825
1024.805 837
1024.877 847
1024.949 843
1025.022 841
1025.094 846
1025.166 843
1025.238 847
1025.310 843
1025.382 838
1025.455 835
1025.527 825
1025.599 812
1025.671 803
1025.743 793
1025.816 802
1025.888 814
1025.960 823
1026.032 842
1026.104 837
1026.176 842
1026.249 842
1026.321 836
1026.393 839
1026.465 838
1026.538 833
1026.610 829
1026.682 842
1026.754 853
1026.826 862
1026.899 868
1026.971 854
1027.043 845
1027.115 843
1027.188 836
1027.260 828
1027.332 826
1027.404 827
1027.477 823
1027.549 833
1027.621 841
1027.693 845
1027.766 856
1027.838 858
1027.910 850
1027.982 852
1028.055 845
1028.127 828
1028.199 818
1028.272 809
1028.344 801
1028.416 810
1028.488 818
1028.561 814
1028.633 818
1028.705 828
1028.778 832
1028.850 836
1028.922 843
1028.994 838
1029.067 833
1029.139 825
1029.211 817
1029.284 811
1029.356 805
1029.428 801
1029.501 802
1029.573 806
1029.645 806
1029.718 812
1029.790 816
1029.862 815
1029.935 817
1030.007 826
1030.079 827
1030.152 827
1030.224 837
1030.296 843
1030.369 850
1030.441 855
1030.513 854
1030.586 845
1030.658 844
1030.731 846
1030.803 843
1030.875 842
1030.948 844
1031.020 845
1031.092 851
1031.165 862
1031.237 861
1031.310 858
1031.382 850
1031.454 845
1031.527 844
1031.599 844
1031.672 849
1031.744 857
1031.816 867
1031.889 887
1031.961 907
1032.034 929
1032.106 951
1032.178 977
1032.251 1011
1032.323 1042
1032.396 1067
1032.468 1081
1032.541 1085
1032.613 1080
1032.685 1060
1032.758 1053
1032.830 1043
1032.903 1036
1032.975 1042
1033.048 1034
1033.120 1046
1033.193 1056
1033.265 1077
1033.337 1108
1033.410 1129
1033.482 1144
1033.555 1146
1033.627 1145
1033.700 1143
1033.772 1130
1033.845 1117
1033.917 1091
1033.990 1075
1034.062 1058
1034.135 1053
1034.207 1055
1034.280 1057
1034.352 1067
1034.425 1070
1034.497 1071
1034.570 1061
1034.642 1052
1034.715 1021
1034.787 1011
1034.860 1000
1034.932 993
1035.005 994
1035.077 981
1035.150 958
1035.222 941
1035.295 935
1035.367 928
1035.440 927
1035.512 930
1035.585 920
1035.658 917
1035.730 911
1035.803 910
1035.875 901
1035.948 902
1036.020 901
1036.093 893
1036.165 890
1036.238 884
1036.311 881
1036.383 881
1036.456 888
1036.528 894
1036.601 903
1036.673 909
1036.746 905
1036.819 901
1036.891 898
1036.964 888
1037.036 889
1037.109 890
1037.181 880
1037.254 881
1037.327 872
1037.399 863
1037.472 860
1037.544 853
1037.617 856
1037.690 854
1037.762 850
1037.835 848
1037.908 837
1037.980 827
1038.053 822
1038.125 815
1038.198 809
1038.271 809
1038.343 807
1038.416 813
1038.489 817
1038.561 827
1038.634 842
1038.707 847
1038.779 857
1038.852 855
1038.925 852
1038.997 849
1039.070 849
1039.143 834
1039.215 824
1039.288 821
1039.361 811
1039.433 817
1039.506 817
1039.579 820
1039.651 825
1039.724 833
1039.797 835
1039.869 831
1039.942 832
1040.015 831
1040.087 825
1040.160 831
1040.233 836
1040.306 839
1040.378 839
1040.451 845
1040.524 841
1040.596 839
1040.669 846
1040.742 856
1040.815 860
1040.887 861
1040.960 859
1041.033 845
1041.105 841
1041.178 834
1041.251 831
1041.324 830
1041.396 823
1041.469 812
1041.542 801
1041.615 783
1041.687 779
1041.760 789
1041.833 792
1041.906 799
1041.979 798
1042.051 789
1042.124 779
1042.197 777
1042.270 779
1042.342 778
1042.415 788
1042.488 796
1042.561 807
1042.634 829
1042.706 844
1042.779 858
1042.852 871
1042.925 868
1042.997 862
1043.070 854
1043.143 837
1043.216 822
1043.289 812
1043.362 809
1043.434 813
1043.507 801
1043.580 796
1043.653 786
1043.726 782
1043.798 793
1043.871 796
1043.944 796
1044.017 796
1044.090 793
1044.163 798
1044.236 805
1044.308 811
1044.381 820
1044.454 828
1044.527 836
1044.600 843
1044.673 848
1044.746 846
1044.818 840
1044.891 837
1044.964 830
1045.037 829
1045.110 829
1045.183 840
1045.256 849
1045.329 860
1045.401 867
1045.474 864
1045.547 868
1045.620 865
1045.693 859
1045.766 864
1045.839 854
1045.912 847
1045.985 838
1046.058 840
1046.130 838
1046.203 836
1046.276 835
1046.349 819
1046.422 818
1046.495 815
1046.568 811
1046.641 804
1046.714 805
1046.787 801
1046.860 801
1046.933 817
1047.006 820
1047.079 817
1047.151 811
1047.224 810
1047.297 813
1047.370 820
1047.443 832
1047.516 835
1047.589 849
1047.662 864
1047.735 874
1047.808 877
1047.881 859
1047.954 843
1048.027 831
1048.100 821
1048.173 813
1048.246 817
1048.319 814
1048.392 812
1048.465 824
1048.538 830
1048.611 836
1048.684 841
1048.757 840
1048.830 838
1048.903 835
1048.976 828
1049.049 822
1049.122 813
1049.195 821
1049.268 818
1049.341 809
1049.414 803
1049.487 796
1049.560 805
1049.633 827
1049.706 846
1049.779 861
1049.852 869
1049.925 867
1049.998 862
1050.072 872
1050.145 871
1050.218 869
1050.291 871
1050.364 853
1050.437 858
1050.510 880
1050.583 900
1050.656 918
1050.729 929
1050.802 921
1050.875 904
1050.948 891
1051.021 873
1051.095 852
1051.168 835
1051.241 821
1051.314 814
1051.387 821
1051.460 835
1051.533 847
1051.606 861
1051.679 871
1051.752 874
1051.826 876
1051.899 867
1051.972 849
1052.045 832
1052.118 817
1052.191 803
1052.264 795
1052.337 805
1052.411 807
1052.484 823
1052.557 842
1052.630 847
1052.703 852
1052.776 853
1052.849 847
1052.923 842
1052.996 834
1053.069 828
1053.142 818
1053.215 814
1053.288 812
1053.362 807
1053.435 815
1053.508 817
1053.581 824
1053.654 834
1053.727 839
1053.801 846
1053.874 857
1053.947 857
1054.020 849
1054.093 849
1054.167 846
1054.240 850
1054.313 844
1054.386 836
1054.459 830
1054.533 815
1054.606 821
1054.679 826
1054.752 832
1054.825 851
1054.899 855
1054.972 865
1055.045 869
1055.118 868
1055.192 869
1055.265 873
1055.338 886
1055.411 891
1055.485 903
1055.558 908
1055.631 911
1055.704 926
1055.778 939
1055.851 950
1055.924 961
1055.997 983
1056.071 998
1056.144 1022
1056.217 1056
1056.290 1085
1056.364 1108
1056.437 1129
1056.510 1141
1056.584 1144
1056.657 1156
1056.730 1161
1056.803 1162
1056.877 1167
1056.950 1160
1057.023 1160
1057.097 1156
1057.170 1152
1057.243 1146
1057.316 1133
1057.390 1135
1057.463 1133
1057.536 1144
1057.610 1150
1057.683 1145
1057.756 1138
1057.830 1126
1057.903 1112
1057.976 1090
1058.050 1074
1058.123 1045
1058.196 1023
1058.270 1015
1058.343 1011
1058.416 1021
1058.490 1022
1058.563 1021
1058.636 1018
1058.710 1011
1058.783 1014
1058.857 1002
1058.930 995
1059.003 985
1059.077 978
1059.150 968
1059.223 951
1059.297 934
1059.370 915
1059.444 904
1059.517 891
1059.590 882
1059.664 875
1059.737 868
1059.810 867
1059.884 869
1059.957 853
1060.031 845
1060.104 835
1060.177 827
1060.251 832
1060.324 845
1060.398 850
1060.471 869
1060.545 884
1060.618 886
1060.691 898
1060.765 901
1060.838 905
1060.912 903
1060.985 897
1061.059 877
1061.132 860
1061.205 847
1061.279 839
1061.352 837
1061.426 838
1061.499 842
1061.573 836
1061.646 840
1061.720 841
1061.793 838
1061.867 839
1061.940 836
1062.014 830
1062.087 824
1062.160 826
1062.234 820
1062.307 825
1062.381 828
1062.454 823
1062.528 831
1062.601 840
1062.675 846
1062.748 864
1062.822 866
1062.895 865
1062.969 861
1063.042 859
1063.116 851
1063.189 847
1063.263 847
1063.336 836
1063.410 836
1063.484 845
1063.557 849
1063.631 852
1063.704 857
1063.778 845
1063.851 847
1063.925 840
1063.998 836
1064.072 842
1064.145 839
1064.219 840
1064.292 836
1064.366 829
1064.440 824
1064.513 818
1064.587 828
1064.660 835
1064.734 845
1064.807 847
1064.881 848
1064.955 842
1065.028 834
1065.102 831
1065.175 828
1065.249 828
1065.322 826
1065.396 833
1065.470 829
1065.543 829
1065.617 834
1065.690 829
1065.764 832
1065.838 830
1065.911 826
1065.985 818
1066.058 802
1066.132 789
1066.206 782
1066.279 771
1066.353 779
1066.427 784
1066.500 786
1066.574 793
1066.647 807
1066.721 820
1066.795 828
1066.868 831
1066.942 817
1067.016 804
1067.089 792
1067.163 788
1067.237 784
1067.310 788
1067.384 794
1067.458 796
1067.531 811
1067.605 822
1067.679 833
1067.752 836
1067.826 837
1067.900 835
1067.973 834
1068.047 843
1068.121 846
1068.194 856
1068.268 862
1068.342 868
1068.415 877
1068.489 886
1068.563 881
1068.637 882
1068.710 870
1068.784 856
1068.858 847
1068.931 846
1069.005 830
1069.079 826
1069.153 811
1069.226 792
1069.300 784
1069.374 779
1069.448 778
1069.521 772
1069.595 788
1069.669 803
1069.742 813
1069.816 826
1069.890 831
1069.964 822
1070.037 816
1070.111 815
1070.185 807
1070.259 806
1070.333 809
1070.406 804
1070.480 809
1070.554 810
1070.628 820
1070.701 819
1070.775 821
1070.849 819
1070.923 810
1070.997 820
1071.070 817
1071.144 821
1071.218 828
1071.292 835
1071.365 832
1071.439 834
1071.513 825
1071.587 812
1071.661 811
1071.735 806
1071.808 803
1071.882 806
1071.956 809
1072.030 811
1072.104 826
1072.177 835
1072.251 837
1072.325 844
1072.399 845
1072.473 832
1072.547 828
1072.620 821
1072.694 805
1072.768 790
1072.842 783
1072.916 782
1072.990 778
1073.064 777
1073.137 769
1073.211 762
1073.285 758
1073.359 764
1073.433 776
1073.507 783
1073.581 797
1073.655 804
1073.728 805
1073.802 809
1073.876 814
1073.950 810
1074.024 809
1074.098 804
1074.172 796
1074.246 793
1074.320 796
1074.393 802
1074.467 808
1074.541 809
1074.615 804
1074.689 798
1074.763 792
1074.837 794
1074.911 792
1074.985 793
1075.059 799
1075.133 802
1075.207 807
1075.281 813
1075.355 821
1075.428 820
1075.502 828
1075.576 842
1075.650 852
1075.724 856
1075.798 853
1075.872 843
1075.946 833
1076.020 814
1076.094 794
1076.168 773
1076.242 764
1076.316 761
1076.390 771
1076.464 789
1076.538 799
1076.612 809
1076.686 816
1076.760 813
1076.834 812
1076.908 826
1076.982 834
1077.056 837
1077.130 835
1077.204 829
1077.278 820
1077.352 812
1077.426 814
1077.500 804
1077.574 816
1077.648 820
1077.722 827
1077.796 839
1077.870 842
1077.944 853
1078.018 852
1078.092 853
1078.166 850
1078.240 845
1078.314 851
1078.388 858
1078.462 869
1078.536 870
1078.610 870
1078.684 865
1078.759 870
1078.833 872
1078.907 877
1078.981 891
1079.055 899
1079.129 897
1079.203 905
1079.277 902
1079.351 897
1079.425 894
1079.499 889
1079.573 882
1079.647 876
1079.721 874
1079.796 872
1079.870 887
1079.944 916
1080.018 946
1080.092 982
1080.166 1017
1080.240 1049
1080.314 1087
1080.388 1126
1080.463 1148
1080.537 1170
1080.611 1187
1080.685 1183
1080.759 1181
1080.833 1173
1080.907 1168
1080.981 1154
1081.056 1144
1081.130 1132
1081.204 1131
1081.278 1143
1081.352 1155
1081.426 1158
1081.500 1142
1081.575 1133
1081.649 1118
1081.723 1109
1081.797 1105
1081.871 1092
1081.945 1070
1082.020 1056
1082.094 1031
1082.168 1025
1082.242 1028
1082.316 1030
1082.391 1038
1082.465 1042
1082.539 1046
1082.613 1045
1082.687 1037
1082.761 1023
1082.836 1001
1082.910 981
1082.984 952
1083.058 925
1083.132 911
1083.207 895
1083.281 886
1083.355 884
1083.429 875
1083.504 873
1083.578 874
1083.652 870
1083.726 876
1083.800 883
1083.875 889
1083.949 890
1084.023 889
1084.097 870
1084.172 851
1084.246 844
1084.320 840
1084.394 847
1084.469 856
1084.543 855
1084.617 843
1084.691 842
1084.766 839
1084.840 830
1084.914 832
1084.989 826
1085.063 825
1085.137 826
1085.211 835
1085.286 844
1085.360 856
1085.434 871
1085.509 890
1085.583 908
1085.657 917
1085.731 923
1085.806 911
1085.880 893
1085.954 875
1086.029 857
1086.103 842
1086.177 835
1086.252 833
1086.326 833
1086.400 832
1086.475 837
1086.549 845
1086.623 848
1086.698 845
1086.772 850
1086.846 848
1086.921 849
1086.995 856
1087.069 855
1087.144 855
1087.218 858
1087.292 874
1087.367 869
1087.441 859
1087.515 851
1087.590 829
1087.664 820
1087.739 817
1087.813 818
1087.887 818
1087.962 818
1088.036 811
1088.110 804
1088.185 795
1088.259 789
1088.334 785
1088.408 782
1088.482 785
1088.557 795
1088.631 806
1088.706 811
1088.780 820
1088.854 827
1088.929 835
1089.003 834
1089.078 832
1089.152 825
1089.227 818
1089.301 811
1089.375 806
1089.450 807
1089.524 811
1089.599 825
1089.673 833
1089.748 843
1089.822 846
1089.896 847
1089.971 844
1090.045 835
1090.120 832
1090.194 829
1090.269 835
1090.343 832
1090.418 825
1090.492 818
1090.567 807
1090.641 804
1090.715 804
1090.790 798
1090.864 805
1090.939 811
1091.013 809
1091.088 819
1091.162 820
1091.237 824
1091.311 819
1091.386 814
1091.460 809
1091.535 798
1091.609 794
1091.684 785
1091.758 777
1091.833 782
1091.907 789
1091.982 790
1092.056 794
1092.131 789
1092.205 783
1092.280 786
1092.355 786
1092.429 795
1092.504 805
1092.578 810
1092.653 819
1092.727 833
1092.802 838
1092.876 839
1092.951 844
1093.025 834
1093.100 827
1093.175 824
1093.249 831
1093.324 845
1093.398 863
1093.473 879
1093.547 879
1093.622 871
1093.697 855
1093.771 839
1093.846 824
1093.920 816
1093.995 807
1094.069 803
1094.144 801
1094.219 794
1094.293 791
1094.368 792
1094.442 787
1094.517 797
1094.592 811
1094.666 821
1094.741 828
1094.815 829
1094.890 834
1094.965 829
1095.039 835
1095.114 831
1095.189 822
1095.263 816
1095.338 805
1095.413 803
1095.487 802
1095.562 805
1095.636 806
1095.711 815
1095.786 820
1095.860 828
1095.935 833
1096.010 832
1096.084 828
1096.159 822
1096.234 825
1096.308 824
1096.383 824
1096.458 828
1096.532 832
1096.607 829
1096.682 829
1096.756 829
1096.831 828
1096.906 830
1096.980 828
1097.055 835
1097.130 832
1097.205 837
1097.279 843
1097.354 848
1097.429 850
1097.503 856
1097.578 851
1097.653 842
1097.728 838
1097.802 834
1097.877 833
1097.952 826
1098.026 827
1098.101 813
1098.176 810
1098.251 809
1098.325 804
1098.400 811
1098.475 812
1098.550 818
1098.624 815
1098.699 805
1098.774 797
1098.849 774
1098.923 760
1098.998 761
1099.073 769
1099.148 774
1099.222 784
1099.297 796
1099.372 798
1099.447 802
1099.521 810
1099.596 808
1099.671 806
1099.746 817
1099.821 825
1099.895 835
1099.970 845
1100.045 853
1100.120 864
1100.195 856
1100.269 860
1100.344 861
1100.419 852
1100.494 849
1100.569 844
1100.643 832
1100.718 811
1100.793 805
1100.868 792
1100.943 781
1101.018 776
1101.092 769
1101.167 766
1101.242 761
1101.317 765
1101.392 776
1101.467 787
1101.541 804
1101.616 820
1101.691 830
1101.766 831
1101.841 834
1101.916 833
1101.991 821
1102.065 807
1102.140 809
1102.215 809
1102.290 817
1102.365 821
1102.440 823
1102.515 821
1102.590 831
1102.664 849
1102.739 862
1102.814 869
1102.889 874
1102.964 883
1103.039 890
1103.114 904
1103.189 895
1103.264 891
1103.339 890
1103.413 878
1103.488 882
1103.563 875
1103.638 872
1103.713 884
1103.788 901
1103.863 916
1103.938 935
1104.013 963
1104.088 981
1104.163 1016
1104.238 1051
1104.313 1078
1104.388 1113
1104.463 1138
1104.537 1152
1104.612 1148
1104.687 1151
1104.762 1145
1104.837 1128
1104.912 1128
1104.987 1104
1105.062 1093
1105.137 1095
1105.212 1096
1105.287 1105
1105.362 1117
1105.437 1136
1105.512 1145
1105.587 1157
1105.662 1160
1105.737 1152
1105.812 1135
1105.887 1123
1105.962 1119
1106.037 1114
1106.112 1108
1106.187 1096
1106.262 1081
1106.337 1071
1106.412 1057
1106.487 1048
1106.562 1037
1106.637 1028
1106.712 1027
1106.787 1029
1106.862 1030
1106.937 1031
1107.012 1033
1107.087 1030
1107.162 1014
1107.237 1008
1107.312 993
1107.388 978
1107.463 960
1107.538 938
1107.613 928
1107.688 921
1107.763 915
1107.838 912
1107.913 904
1107.988 891
1108.063 878
1108.138 867
1108.213 867
1108.288 873
1108.363 881
1108.438 886
1108.514 882
1108.589 871
1108.664 864
1108.739 857
1108.814 843
1108.889 838
1108.964 830
1109.039 823
1109.114 832
1109.189 837
1109.265 851
1109.340 866
1109.415 876
1109.490 877
1109.565 865
1109.640 852
1109.715 848
1109.790 848
1109.866 844
1109.941 847
1110.016 845
1110.091 841
1110.166 839
1110.241 840
1110.316 836
1110.392 835
1110.467 841
1110.542 841
1110.617 846
1110.692 845
1110.767 845
1110.843 848
1110.918 837
1110.993 840
1111.068 832
1111.143 829
1111.218 835
1111.294 831
1111.369 829
1111.444 820
1111.519 816
1111.594 820
1111.670 828
1111.745 828
1111.820 835
1111.895 836
1111.970 823
1112.046 820
1112.121 809
1112.196 801
1112.271 799
1112.346 798
1112.422 792
1112.497 790
1112.572 796
1112.647 807
1112.723 813
1112.798 816
1112.873 811
1112.948 808
1113.024 812
1113.099 819
1113.174 820
1113.249 824
1113.325 820
1113.400 803
1113.475 786
1113.550 774
1113.626 778
1113.701 799
1113.776 820
1113.851 838
1113.927 838
1114.002 830
1114.077 827
1114.152 817
1114.228 815
1114.303 801
1114.378 794
1114.454 783
1114.529 773
1114.604 779
1114.680 779
1114.755 779
1114.830 780
1114.905 772
1114.981 769
1115.056 765
1115.131 776
1115.207 784
1115.282 792
1115.357 801
1115.433 801
1115.508 804
1115.583 810
1115.659 810
1115.734 816
1115.809 814
1115.885 818
1115.960 822
1116.035 824
1116.111 826
1116.186 829
1116.261 831
1116.337 832
1116.412 829
1116.487 825
1116.563 814
1116.638 820
1116.714 823
1116.789 829
1116.864 832
1116.940 828
1117.015 816
1117.090 809
1117.166 802
1117.241 787
1117.317 783
1117.392 779
1117.467 773
1117.543 773
1117.618 786
1117.694 798
1117.769 820
1117.844 837
1117.920 853
1117.995 868
1118.071 871
1118.146 872
1118.221 857
1118.297 843
1118.372 837
1118.448 829
1118.523 827
1118.599 828
1118.674 829
1118.750 827
1118.825 821
1118.900 807
1118.976 789
1119.051 782
1119.127 780
1119.202 782
1119.278 787
1119.353 792
1119.429 804
1119.504 806
1119.580 816
1119.655 818
1119.730 826
1119.806 835
1119.881 839
1119.957 847
1120.032 852
1120.108 852
1120.183 854
1120.259 846
1120.334 829
1120.410 816
1120.485 805
1120.561 803
1120.636 816
1120.712 827
1120.787 837
1120.863 839
1120.938 829
1121.014 822
1121.089 818
1121.165 809
1121.240 800
1121.316 788
1121.391 786
1121.467 793
1121.543 803
1121.618 815
1121.694 818
1121.769 815
1121.845 812
1121.920 816
1121.996 822
1122.071 815
1122.147 822
1122.222 821
1122.298 824
1122.374 831
1122.449 835
1122.525 837
1122.600 845
1122.676 855
1122.751 855
1122.827 850
1122.903 840
1122.978 832
1123.054 819
1123.129 808
1123.205 798
1123.281 792
1123.356 796
1123.432 806
1123.507 822
1123.583 840
1123.659 850
1123.734 857
1123.810 853
1123.885 839
1123.961 838
1124.037 839
1124.112 839
1124.188 842
1124.264 830
1124.339 825
1124.415 829
1124.490 832
1124.566 833
1124.642 827
1124.717 825
1124.793 826
1124.869 834
1124.944 840
1125.020 833
1125.096 818
1125.171 816
1125.247 817
1125.323 817
1125.398 826
1125.474 828
1125.550 825
1125.625 834
1125.701 846
1125.777 847
1125.852 849
1125.928 844
1126.004 835
1126.079 837
1126.155 841
1126.231 853
1126.306 852
1126.382 844
1126.458 835
1126.534 826
1126.609 817
1126.685 823
1126.761 832
1126.836 837
1126.912 847
1126.988 853
1127.064 855
1127.139 862
1127.215 859
1127.291 852
1127.366 841
1127.442 831
1127.518 828
1127.594 832
1127.669 843
1127.745 852
1127.821 879
1127.897 892
1127.972 915
1128.048 943
1128.124 953
1128.200 978
1128.275 1001
1128.351 1027
1128.427 1048
1128.503 1068
1128.579 1083
1128.654 1089
1128.730 1086
1128.806 1083
1128.882 1091
1128.957 1103
1129.033 1125
1129.109 1144
1129.185 1159
1129.261 1172
1129.336 1177
1129.412 1181
1129.488 1176
1129.564 1180
1129.640 1172
1129.715 1155
1129.791 1142
1129.867 1117
1129.943 1104
1130.019 1098
1130.095 1091
1130.170 1092
1130.246 1094
1130.322 1089
1130.398 1089
1130.474 1093
1130.550 1080
1130.625 1076
1130.701 1064
1130.777 1047
1130.853 1048
1130.929 1041
1131.005 1033
1131.081 1031
1131.156 1018
1131.232 1004
1131.308 1004
1131.384 997
1131.460 981
1131.536 974
1131.612 960
1131.688 954
1131.763 963
1131.839 959
1131.915 949
1131.991 934
1132.067 918
1132.143 904
1132.219 895
1132.295 899
1132.371 894
1132.446 896
1132.522 896
1132.598 889
1132.674 891
1132.750 890
1132.826 877
1132.902 862
1132.978 854
1133.054 836
1133.130 819
1133.206 815
1133.282 809
1133.358 813
1133.433 821
1133.509 827
1133.585 820
1133.661 816
1133.737 817
1133.813 814
1133.889 827
1133.965 828
1134.041 826
1134.117 830
1134.193 837
1134.269 839
1134.345 842
1134.421 845
1134.497 831
1134.573 824
1134.649 817
1134.725 818
1134.801 829
1134.877 839
1134.953 839
1135.029 847
1135.105 853
1135.181 844
1135.257 838
1135.333 830
1135.409 820
1135.485 823
1135.561 836
1135.637 839
1135.713 851
1135.789 864
1135.865 872
1135.941 882
1136.017 880
1136.093 868
1136.169 857
1136.245 851
1136.321 845
1136.397 846
1136.473 853
1136.549 851
1136.625 846
1136.701 849
1136.777 842
1136.853 835
1136.929 840
1137.006 838
1137.082 838
1137.158 842
1137.234 846
1137.310 841
1137.386 841
1137.462 845
1137.538 844
1137.614 849
1137.690 855
1137.766 852
1137.842 850
1137.918 852
1137.995 849
1138.071 844
1138.147 840
1138.223 828
1138.299 821
1138.375 812
1138.451 799
1138.527 801
1138.603 803
1138.680 806
1138.756 817
1138.832 820
1138.908 820
1138.984 816
1139.060 818
1139.136 814
1139.212 812
1139.289 815
1139.365 813
1139.441 816
1139.517 816
1139.593 808
1139.669 800
1139.745 796
1139.822 788
1139.898 789
1139.974 791
1140.050 795
1140.126 807
1140.202 812
1140.279 814
1140.355 803
1140.431 794
1140.507 784
1140.583 774
1140.660 779
1140.736 780
1140.812 782
1140.888 796
1140.964 809
1141.040 824
1141.117 833
1141.193 840
1141.269 834
1141.345 830
1141.422 830
1141.498 828
1141.574 828
1141.650 829
1141.726 827
1141.803 829
1141.879 838
1141.955 836
1142.031 834
1142.108 831
1142.184 824
1142.260 819
1142.336 817
1142.412 820
1142.489 807
1142.565 807
1142.641 802
1142.718 799
1142.794 804
1142.870 799
1142.946 792
1143.023 781
1143.099 774
1143.175 770
1143.251 774
1143.328 777
1143.404 782
1143.480 784
1143.556 790
1143.633 778
1143.709 773
1143.785 759
1143.862 748
1143.938 752
1144.014 755
1144.091 759
1144.167 761
1144.243 768
1144.319 778
1144.396 790
1144.472 808
1144.548 809
1144.625 819
1144.701 825
1144.777 824
1144.854 834
1144.930 826
1145.006 816
1145.083 809
1145.159 806
1145.235 791
1145.312 785
1145.388 780
1145.464 780
1145.541 796
1145.617 808
1145.693 817
1145.770 821
1145.846 826
1145.923 835
1145.999 836
1146.075 841
1146.152 833
1146.228 827
1146.304 827
1146.381 821
1146.457 823
1146.534 827
1146.610 835
1146.686 839
1146.763 838
1146.839 831
1146.915 821
1146.992 818
1147.068 808
1147.145 803
1147.221 801
1147.298 802
1147.374 806
1147.450 814
1147.527 818
1147.603 816
1147.680 818
1147.756 811
1147.832 795
1147.909 795
1147.985 794
1148.062 793
1148.138 802
1148.215 803
1148.291 802
1148.368 802
1148.444 805
1148.520 806
1148.597 811
1148.673 811
1148.750 817
1148.826 826
1148.903 827
1148.979 824
1149.056 818
1149.132 817
1149.209 806
1149.285 808
1149.362 803
1149.438 797
1149.515 811
1149.591 820
1149.668 825
1149.744 832
1149.820 837
1149.897 844
1149.973 849
1150.050 852
1150.126 843
1150.203 840
1150.280 852
1150.356 865
1150.433 876
1150.509 888
1150.586 893
1150.662 896
1150.739 899
1150.815 899
1150.892 889
1150.968 880
1151.045 879
1151.121 879
1151.198 874
1151.274 878
1151.351 878
1151.427 880
1151.504 885
1151.581 889
1151.657 902
1151.734 917
1151.810 932
1151.887 954
1151.963 969
1152.040 986
1152.117 1007
1152.193 1023
1152.270 1033
1152.346 1053
1152.423 1075
1152.499 1084
1152.576 1108
1152.653 1119
1152.729 1115
1152.806 1108
1152.882 1093
1152.959 1083
1153.036 1082
1153.112 1084
1153.189 1090
1153.265 1107
1153.342 1123
1153.419 1135
1153.495 1155
1153.572 1162
1153.649 1164
1153.725 1168
1153.802 1179
1153.878 1183
1153.955 1187
1154.032 1190
1154.108 1167
1154.185 1151
1154.262 1141
1154.338 1129
1154.415 1135
1154.492 1137
1154.568 1139
1154.645 1137
1154.722 1135
1154.798 1143
1154.875 1141
1154.952 1122
1155.028 1084
1155.105 1048
1155.182 1013
1155.258 1006
1155.335 990
1155.412 971
1155.488 955
1155.565 937
1155.642 946
1155.718 948
1155.795 946
1155.872 944
1155.948 927
1156.025 907
1156.102 894
1156.179 884
1156.255 869
1156.332 871
1156.409 876
1156.485 876
1156.562 886
1156.639 887
1156.716 884
1156.792 878
1156.869 876
1156.946 871
1157.023 861
1157.099 859
1157.176 852
1157.253 847
1157.330 858
1157.406 856
1157.483 853
1157.560 851
1157.637 843
1157.713 836
1157.790 846
1157.867 855
1157.944 847
1158.020 851
1158.097 856
1158.174 860
1158.251 869
1158.328 884
1158.404 882
1158.481 883
1158.558 887
1158.635 887
1158.711 886
1158.788 885
1158.865 885
1158.942 885
1159.019 878
1159.095 867
1159.172 861
1159.249 849
1159.326 845
1159.403 845
1159.480 847
1159.556 852
1159.633 855
1159.710 855
1159.787 852
1159.864 855
1159.941 855
1160.017 865
1160.094 865
1160.171 861
1160.248 852
1160.325 846
1160.402 836
1160.478 835
1160.555 834
1160.632 823
1160.709 819
1160.786 810
1160.863 808
1160.940 810
1161.017 811
1161.093 817
1161.170 824
1161.247 829
1161.324 837
1161.401 844
1161.478 853
1161.555 851
1161.632 848
1161.708 841
1161.785 839
1161.862 839
1161.939 839
1162.016 837
1162.093 830
1162.170 824
1162.247 829
1162.324 823
1162.401 814
1162.478 807
1162.554 796
1162.631 787
1162.708 780
1162.785 779
1162.862 778
1162.939 786
1163.016 787
1163.093 786
1163.170 786
1163.247 789
1163.324 797
1163.401 808
1163.478 812
1163.555 812
1163.632 818
1163.709 823
1163.786 832
1163.863 836
1163.940 843
1164.017 850
1164.094 859
1164.170 857
1164.247 859
1164.324 854
1164.401 845
1164.478 851
1164.555 847
1164.632 850
1164.709 849
1164.786 837
1164.863 833
1164.940 829
1165.017 826
1165.094 827
1165.171 839
1165.248 837
1165.325 842
1165.403 845
1165.480 832
1165.557 824
1165.634 809
1165.711 796
1165.788 790
1165.865 789
1165.942 790
1166.019 790
1166.096 797
1166.173 806
1166.250 811
1166.327 821
1166.404 825
1166.481 825
1166.558 829
1166.635 822
1166.712 809
1166.789 803
1166.866 793
1166.943 786
1167.021 786
1167.098 783
1167.175 776
1167.252 770
1167.329 775
1167.406 783
1167.483 800
1167.560 815
1167.637 823
1167.714 834
1167.791 841
1167.868 853
1167.946 864
1168.023 873
1168.100 874
1168.177 874
1168.254 864
1168.331 858
1168.408 847
1168.485 837
1168.563 837
1168.640 837
1168.717 843
1168.794 851
1168.871 856
1168.948 862
1169.025 864
1169.102 873
1169.180 868
1169.257 867
1169.334 869
1169.411 856
1169.488 857
1169.565 853
1169.643 849
1169.720 848
1169.797 842
1169.874 827
1169.951 817
1170.028 811
1170.106 805
1170.183 803
1170.260 801
1170.337 799
1170.414 809
1170.492 819
1170.569 834
1170.646 842
1170.723 851
1170.800 847
1170.878 846
1170.955 859
1171.032 859
1171.109 862
1171.186 864
1171.264 851
1171.341 846
1171.418 849
1171.495 847
1171.572 846
1171.650 854
1171.727 846
1171.804 838
1171.881 841
1171.959 830
1172.036 825
1172.113 819
1172.190 812
1172.268 801
1172.345 796
1172.422 788
1172.499 781
1172.577 786
1172.654 786
1172.731 785
1172.808 786
1172.886 786
1172.963 790
1173.040 792
1173.118 803
1173.195 797
1173.272 789
1173.349 786
1173.427 790
1173.504 811
1173.581 833
1173.659 839
1173.736 834
1173.813 821
1173.890 814
1173.968 812
1174.045 817
1174.122 812
1174.200 798
1174.277 787
1174.354 788
1174.432 795
1174.509 809
1174.586 814
1174.664 814
1174.741 812
1174.818 817
1174.896 827
1174.973 840
1175.050 842
1175.128 849
1175.205 866
1175.282 875
1175.360 881
1175.437 890
1175.514 894
1175.592 902
1175.669 923
1175.747 940
1175.824 946
1175.901 955
1175.979 957
1176.056 953
1176.133 965
1176.211 982
1176.288 991
1176.366 1002
1176.443 1016
1176.520 1029
1176.598 1064
1176.675 1096
1176.753 1110
1176.830 1106
1176.907 1101
1176.985 1096
1177.062 1096
1177.140 1100
1177.217 1099
1177.294 1095
1177.372 1105
1177.449 1118
1177.527 1135
1177.604 1153
1177.682 1164
1177.759 1177
1177.836 1175
1177.914 1165
1177.991 1151
1178.069 1126
1178.146 1097
1178.224 1079
1178.301 1059
1178.378 1062
1178.456 1078
1178.533 1078
1178.611 1079
1178.688 1058
1178.766 1037
1178.843 1010
1178.921 982
1178.998 971
1179.076 959
1179.153 949
1179.231 949
1179.308 952
1179.386 947
1179.463 948
1179.541 948
1179.618 950
1179.696 955
1179.773 958
1179.851 959
1179.928 953
1180.006 940
1180.083 927
1180.161 915
1180.238 916
1180.316 908
1180.393 913
1180.471 919
1180.548 906
1180.626 899
1180.703 889
1180.781 874
1180.858 872
1180.936 883
1181.013 886
1181.091 899
1181.169 908
1181.246 907
1181.324 909
1181.401 909
1181.479 915
1181.556 916
1181.634 920
1181.711 915
1181.789 910
1181.867 892
1181.944 872
1182.022 862
1182.099 857
1182.177 859
1182.254 861
1182.332 864
1182.410 855
1182.487 853
1182.565 860
1182.642 860
1182.720 870
1182.798 874
1182.875 877
1182.953 878
1183.030 876
1183.108 873
1183.186 865
1183.263 856
1183.341 851
1183.419 838
1183.496 826
1183.574 813
1183.651 804
1183.729 804
1183.807 795
1183.884 792
1183.962 797
1184.040 801
1184.117 809
1184.195 818
1184.273 825
1184.350 821
1184.428 823
1184.506 828
1184.583 825
1184.661 830
1184.739 827
1184.816 817
1184.894 812
1184.972 812
1185.049 809
1185.127 804
1185.205 795
1185.282 793
1185.360 788
1185.438 790
1185.515 799
1185.593 805
1185.671 822
1185.748 831
1185.826 844
1185.904 852
1185.982 857
1186.059 861
1186.137 855
1186.215 840
1186.292 825
1186.370 815
1186.448 803
1186.526 805
1186.603 801
1186.681 796
1186.759 802
1186.836 805
1186.914 807
1186.992 812
1187.070 811
1187.147 811
1187.225 813
1187.303 819
1187.381 823
1187.458 832
1187.536 839
1187.614 842
1187.692 849
1187.769 841
1187.847 830
1187.925 826
1188.003 814
1188.081 805
1188.158 794
1188.236 790
1188.314 783
1188.392 780
1188.470 781
1188.547 778
1188.625 776
1188.703 786
1188.781 790
1188.858 794
1188.936 793
1189.014 791
1189.092 788
1189.170 782
1189.248 787
1189.325 782
1189.403 787
1189.481 796
1189.559 799
1189.637 806
1189.715 808
1189.792 800
1189.870 796
1189.948 800
1190.026 804
1190.104 805
1190.182 814
1190.259 816
1190.337 814
1190.415 826
1190.493 831
1190.571 831
1190.649 830
1190.727 823
1190.804 822
1190.882 818
1190.960 815
1191.038 809
1191.116 802
1191.194 788
1191.272 775
1191.350 770
1191.427 766
1191.505 769
1191.583 773
1191.661 778
1191.739 775
1191.817 781
1191.895 787
1191.973 788
1192.051 792
1192.129 785
1192.206 782
1192.284 777
1192.362 778
1192.440 779
1192.518 782
1192.596 787
1192.674 785
1192.752 792
1192.830 797
1192.908 796
1192.986 802
1193.064 804
1193.142 808
1193.220 807
1193.298 806
1193.375 800
1193.453 786
1193.531 781
1193.609 766
1193.687 762
1193.765 771
1193.843 774
1193.921 795
1193.999 805
1194.077 817
1194.155 824
1194.233 824
1194.311 822
1194.389 815
1194.467 819
1194.545 809
1194.623 808
1194.701 812
1194.779 803
1194.857 800
1194.935 787
1195.013 774
1195.091 763
1195.169 765
1195.247 778
1195.325 788
1195.403 803
1195.481 809
1195.559 809
1195.637 803
1195.715 797
1195.793 788
1195.871 784
1195.949 784
1196.027 785
1196.105 799
1196.184 801
1196.262 811
1196.340 824
1196.418 817
1196.496 817
1196.574 810
1196.652 803
1196.730 800
1196.808 801
1196.886 809
1196.964 803
1197.042 793
1197.120 784
1197.198 783
1197.276 787
1197.355 802
1197.433 819
1197.511 827
1197.589 834
1197.667 837
1197.745 834
1197.823 837
1197.901 844
1197.979 853
1198.057 856
1198.136 855
1198.214 864
1198.292 874
1198.370 865
1198.448 849
1198.526 822
1198.604 799
1198.682 795
1198.760 795
1198.839 801
1198.917 807
1198.995 826
1199.073 842
1199.151 864
1199.229 891
1199.307 887
1199.386 885
1199.464 887
1199.542 879
1199.620 884
1199.698 883
1199.776 878
1199.855 890
1199.933 905
1200.011 935
1200.089 959
1200.167 995
1200.245 1025
1200.324 1065
1200.402 1103
1200.480 1117
1200.558 1136
1200.636 1144
1200.715 1144
1200.793 1151
1200.871 1148
1200.949 1150
1201.027 1153
1201.106 1152
1201.184 1150
1201.262 1152
1201.340 1151
1201.418 1151
1201.497 1162
1201.575 1163
1201.653 1164
1201.731 1161
1201.810 1148
1201.888 1139
1201.966 1133
1202.044 1134
1202.123 1129
1202.201 1143
1202.279 1150
1202.357 1163
1202.436 1173
1202.514 1167
1202.592 1172
1202.670 1161
1202.749 1147
1202.827 1126
1202.905 1100
1202.983 1076
1203.062 1062
1203.140 1056
1203.218 1049
1203.297 1044
1203.375 1039
1203.453 1021
1203.531 1010
1203.610 994
1203.688 977
1203.766 965
1203.845 952
1203.923 950
1204.001 941
1204.079 935
1204.158 932
1204.236 939
1204.314 944
1204.393 953
1204.471 953
1204.549 952
1204.628 946
1204.706 939
1204.784 932
1204.863 907
1204.941 900
1205.019 900
1205.098 902
1205.176 905
1205.254 902
1205.333 895
1205.411 887
1205.489 889
1205.568 888
1205.646 880
1205.725 870
1205.803 863
1205.881 862
1205.960 864
1206.038 865
1206.116 864
1206.195 858
1206.273 848
1206.352 852
1206.430 843
1206.508 840
1206.587 838
1206.665 836
1206.743 843
1206.822 853
1206.900 863
1206.979 867
1207.057 870
1207.135 867
1207.214 866
1207.292 858
1207.371 856
1207.449 855
1207.528 859
1207.606 865
1207.684 872
1207.763 891
1207.841 907
1207.920 918
1207.998 909
1208.077 890
1208.155 872
1208.233 856
1208.312 858
1208.390 855
1208.469 851
1208.547 854
1208.626 856
1208.704 866
1208.783 871
1208.861 883
1208.940 879
1209.018 865
1209.097 856
1209.175 844
1209.253 838
1209.332 838
1209.410 834
1209.489 828
1209.567 822
1209.646 821
1209.724 835
1209.803 833
1209.881 840
1209.960 844
1210.038 847
1210.117 854
1210.195 854
1210.274 846
1210.352 839
1210.431 836
1210.509 832
1210.588 825
1210.667 816
1210.745 807
1210.824 799
1210.902 801
1210.981 806
1211.059 814
1211.138 822
1211.216 825
1211.295 821
1211.373 817
1211.452 814
1211.530 814
1211.609 819
1211.688 819
1211.766 810
1211.845 803
1211.923 792
1212.002 787
1212.080 794
1212.159 794
1212.238 800
1212.316 806
1212.395 811
1212.473 819
1212.552 830
1212.630 836
1212.709 827
1212.788 829
1212.866 826
1212.945 821
1213.023 818
1213.102 820
1213.181 817
1213.259 813
1213.338 823
1213.416 815
1213.495 810
1213.574 811
1213.652 804
1213.731 814
1213.810 816
1213.888 822
1213.967 822
1214.046 813
1214.124 816
1214.203 817
1214.281 817
1214.360 818
1214.439 818
1214.517 808
1214.596 801
1214.675 804
1214.753 807
1214.832 814
1214.911 814
1214.989 813
1215.068 801
1215.147 790
1215.225 791
1215.304 789
1215.383 800
1215.461 813
1215.540 823
1215.619 830
1215.697 837
1215.776 838
1215.855 845
1215.934 842
1216.012 838
1216.091 836
1216.170 824
1216.248 807
1216.327 793
1216.406 780
1216.485 775
1216.563 777
1216.642 785
1216.721 792
1216.799 793
1216.878 805
1216.957 805
1217.036 813
1217.114 820
1217.193 814
1217.272 811
1217.351 803
1217.429 803
1217.508 805
1217.587 813
1217.666 815
1217.744 817
1217.823 820
1217.902 817
1217.981 818
1218.059 813
1218.138 808
1218.217 806
1218.296 806
1218.374 815
1218.453 830
1218.532 846
1218.611 851
1218.690 853
1218.768 849
1218.847 835
1218.926 825
1219.005 818
1219.084 814
1219.162 811
1219.241 810
1219.320 811
1219.399 804
1219.478 795
1219.556 788
1219.635 789
1219.714 801
1219.793 815
1219.872 825
1219.951 828
1220.029 826
1220.108 821
1220.187 823
1220.266 829
1220.345 824
1220.424 826
1220.502 826
1220.581 825
1220.660 828
1220.739 830
1220.818 826
1220.897 816
1220.976 818
1221.054 814
1221.133 814
1221.212 814
1221.291 809
1221.370 803
1221.449 801
1221.528 812
1221.607 822
1221.685 834
1221.764 839
1221.843 839
1221.922 837
1222.001 837
1222.080 834
1222.159 846
1222.238 846
1222.317 854
1222.396 862
1222.474 860
1222.553 873
1222.632 894
1222.711 912
1222.790 929
1222.869 941
1222.948 941
1223.027 934
1223.106 937
1223.185 918
1223.264 906
1223.343 891
1223.422 864
1223.501 855
1223.580 854
1223.658 851
1223.737 862
1223.816 878
1223.895 894
1223.974 918
1224.053 941
1224.132 963
1224.211 999
1224.290 1040
1224.369 1083
1224.448 1115
1224.527 1128
1224.606 1135
1224.685 1130
1224.764 1132
1224.843 1142
1224.922 1149
1225.001 1153
1225.080 1150
1225.159 1156
1225.238 1163
1225.317 1174
1225.396 1177
1225.475 1179
1225.554 1167
1225.633 1151
1225.712 1150
1225.791 1153
1225.870 1162
1225.949 1169
1226.028 1169
1226.107 1157
1226.186 1160
1226.265 1159
1226.344 1161
1226.423 1171
1226.502 1165
1226.581 1161
1226.661 1150
1226.740 1136
1226.819 1117
1226.898 1093
1226.977 1070
1227.056 1049
1227.135 1028
1227.214 1013
1227.293 994
1227.372 983
1227.451 971
1227.530 969
1227.609 978
1227.688 976
1227.768 974
1227.847 972
1227.926 962
1228.005 947
1228.084 943
1228.163 944
1228.242 933
1228.321 921
1228.400 910
1228.479 896
1228.559 896
1228.638 891
1228.717 889
1228.796 887
1228.875 885
1228.954 890
1229.033 889
1229.112 891
1229.191 884
1229.271 870
1229.350 858
1229.429 847
1229.508 837
1229.587 829
1229.666 828
1229.745 825
1229.825 825
1229.904 825
1229.983 811
1230.062 807
1230.141 811
1230.220 813
1230.300 818
1230.379 828
1230.458 834
1230.537 835
1230.616 848
1230.696 850
1230.775 852
1230.854 859
1230.933 855
1231.012 860
1231.091 853
1231.171 845
1231.250 843
1231.329 825
1231.408 810
1231.487 801
1231.567 789
1231.646 787
1231.725 798
1231.804 802
1231.884 812
1231.963 824
1232.042 834
1232.121 839
1232.200 842
1232.280 846
1232.359 841
1232.438 841
1232.517 847
1232.597 852
1232.676 853
1232.755 847
1232.834 841
1232.914 838
1232.993 847
1233.072 856
1233.151 854
1233.231 859
1233.310 869
1233.389 880
1233.468 893
1233.548 903
1233.627 907
1233.706 907
1233.786 905
1233.865 903
1233.944 898
1234.023 885
1234.103 875
1234.182 860
1234.261 846
1234.341 831
1234.420 820
1234.499 808
1234.579 805
1234.658 808
1234.737 809
1234.817 818
1234.896 828
1234.975 835
1235.054 841
1235.134 845
1235.213 833
1235.292 827
1235.372 825
1235.451 817
1235.530 817
1235.610 814
1235.689 809
1235.769 808
1235.848 815
1235.927 820
1236.007 826
1236.086 838
1236.165 835
1236.245 832
1236.324 822
1236.403 814
1236.483 812
1236.562 803
1236.641 801
1236.721 801
1236.800 808
1236.880 819
1236.959 829
1237.038 840
1237.118 840
1237.197 842
1237.277 849
1237.356 840
1237.435 834
1237.515 825
1237.594 812
1237.674 807
1237.753 807
1237.832 805
1237.912 797
1237.991 797
1238.071 796
1238.150 793
1238.230 798
1238.309 809
1238.388 814
1238.468 822
1238.547 827
1238.627 825
1238.706 831
1238.786 837
1238.865 842
1238.945 838
1239.024 832
1239.103 834
1239.183 834
1239.262 839
1239.342 832
1239.421 827
1239.501 819
1239.580 816
1239.660 824
1239.739 831
1239.819 838
1239.898 843
1239.978 845
1240.057 848
1240.137 846
1240.216 842
1240.296 829
1240.375 827
1240.455 816
1240.534 804
1240.614 797
1240.693 789
1240.773 788
1240.852 797
1240.932 803
1241.011 804
1241.091 808
1241.170 826
1241.250 835
1241.329 846
1241.409 857
1241.488 859
1241.568 871
1241.647 877
1241.727 873
1241.806 860
1241.886 838
1241.966 820
1242.045 806
1242.125 801
1242.204 802
1242.284 807
1242.363 815
1242.443 817
1242.522 823
1242.602 826
1242.682 825
1242.761 824
1242.841 826
1242.920 822
1243.000 816
1243.080 822
1243.159 810
1243.239 806
1243.318 809
1243.398 811
1243.477 822
1243.557 821
1243.637 816
1243.716 810
1243.796 806
1243.876 809
1243.955 811
1244.035 808
1244.114 800
1244.194 795
1244.274 797
1244.353 797
1244.433 803
1244.512 815
1244.592 823
1244.672 829
1244.751 833
1244.831 828
1244.911 821
1244.990 817
1245.070 810
1245.150 813
1245.229 811
1245.309 806
1245.389 805
1245.468 802
1245.548 799
1245.628 801
1245.707 802
1245.787 796
1245.867 799
1245.946 801
1246.026 796
1246.106 801
1246.185 801
1246.265 799
1246.345 809
1246.424 817
1246.504 822
1246.584 831
1246.664 833
1246.743 834
1246.823 837
1246.903 835
1246.982 838
1247.062 842
1247.142 844
1247.222 850
1247.301 845
1247.381 844
1247.461 844
1247.540 852
1247.620 869
1247.700 885
1247.780 904
1247.859 931
1247.939 955
1248.019 984
1248.099 1012
1248.178 1036
1248.258 1059
1248.338 1083
1248.418 1113
1248.497 1126
1248.577 1151
1248.657 1165
1248.737 1160
1248.816 1165
1248.896 1159
1248.976 1153
1249.056 1156
1249.136 1154
1249.215 1145
1249.295 1136
1249.375 1136
1249.455 1136
1249.535 1141
1249.614 1152
1249.694 1151
1249.774 1138
1249.854 1122
1249.934 1110
1250.013 1097
1250.093 1105
1250.173 1102
1250.253 1109
1250.333 1123
1250.412 1136
1250.492 1149
1250.572 1145
1250.652 1137
1250.732 1106
1250.812 1095
1250.891 1086
1250.971 1074
1251.051 1068
1251.131 1046
1251.211 1028
1251.291 1016
1251.371 1008
1251.450 993
1251.530 984
1251.610 972
1251.690 962
1251.770 964
1251.850 953
1251.930 941
1252.009 925
1252.089 918
1252.169 912
1252.249 908
1252.329 902
1252.409 896
1252.489 892
1252.569 888
1252.649 888
1252.728 885
1252.808 873
1252.888 859
1252.968 863
1253.048 855
1253.128 857
1253.208 868
1253.288 871
1253.368 884
1253.448 895
1253.528 901
1253.607 904
1253.687 905
1253.767 902
1253.847 899
1253.927 901
1254.007 895
1254.087 886
1254.167 877
1254.247 873
1254.327 877
1254.407 882
1254.487 890
1254.567 898
1254.647 905
1254.727 905
1254.807 902
1254.887 898
1254.967 891
1255.047 890
1255.127 884
1255.207 876
1255.287 857
1255.367 838
1255.447 825
1255.527 823
1255.607 835
1255.687 836
1255.767 839
1255.847 834
1255.927 832
1256.007 828
1256.087 830
1256.167 827
1256.247 815
1256.327 806
1256.407 801
1256.487 802
1256.567 806
1256.647 804
1256.727 811
1256.807 817
1256.887 827
1256.967 836
1257.047 837
1257.127 829
1257.207 822
1257.287 821
1257.367 808
1257.447 808
1257.527 804
1257.607 796
1257.687 797
1257.767 789
1257.847 797
1257.927 808
1258.007 813
1258.088 814
1258.168 807
1258.248 797
1258.328 792
1258.408 797
1258.488 801
1258.568 801
1258.648 800
1258.728 800
1258.808 797
1258.888 801
1258.969 797
1259.049 803
1259.129 793
1259.209 784
1259.289 784
1259.369 786
1259.449 801
1259.529 808
1259.609 812
1259.690 803
1259.770 793
1259.850 784
1259.930 775
1260.010 757
1260.090 748
1260.170 746
1260.250 742
1260.331 757
1260.411 768
1260.491 779
1260.571 795
1260.651 807
1260.731 817
1260.812 821
1260.892 821
1260.972 817
1261.052 806
1261.132 800
1261.212 797
1261.293 801
1261.373 807
1261.453 812
1261.533 820
1261.613 824
1261.693 832
1261.774 838
1261.854 839
1261.934 836
1262.014 834
1262.094 829
1262.175 825
1262.255 825
1262.335 813
1262.415 806
1262.495 808
1262.576 805
1262.656 801
1262.736 797
1262.816 794
1262.897 793
1262.977 798
1263.057 800
1263.137 794
1263.218 792
1263.298 799
1263.378 805
1263.458 808
1263.539 816
1263.619 815
1263.699 818
1263.779 820
1263.860 814
1263.940 809
1264.020 806
1264.100 801
1264.181 798
1264.261 801
1264.341 802
1264.421 803
1264.502 811
1264.582 829
1264.662 849
1264.743 863
1264.823 871
1264.903 862
1264.983 856
1265.064 850
1265.144 842
1265.224 837
1265.305 828
1265.385 816
1265.465 807
1265.546 820
1265.626 834
1265.706 832
1265.787 837
1265.867 829
1265.947 827
1266.027 840
1266.108 846
1266.188 853
1266.268 857
1266.349 855
1266.429 853
1266.510 858
1266.590 861
1266.670 867
1266.751 875
1266.831 867
1266.911 855
1266.992 842
1267.072 826
1267.152 817
1267.233 811
1267.313 805
1267.393 808
1267.474 805
1267.554 806
1267.635 815
1267.715 802
1267.795 804
1267.876 803
1267.956 795
1268.037 788
1268.117 782
1268.197 776
1268.278 767
1268.358 764
1268.439 770
1268.519 775
1268.599 789
1268.680 800
1268.760 797
1268.841 793
1268.921 790
1269.001 786
1269.082 781
1269.162 782
1269.243 784
1269.323 779
1269.404 780
1269.484 781
1269.564 778
1269.645 784
1269.725 797
1269.806 811
1269.886 824
1269.967 833
1270.047 834
1270.128 839
1270.208 845
1270.289 845
1270.369 833
1270.450 825
1270.530 820
1270.610 826
1270.691 840
1270.771 854
1270.852 868
1270.932 873
1271.013 876
1271.093 875
1271.174 880
1271.254 886
1271.335 895
1271.415 901
1271.496 900
1271.576 903
1271.657 908
1271.737 917
1271.818 927
1271.898 948
1271.979 966
1272.059 982
1272.140 1006
1272.221 1024
1272.301 1033
1272.382 1044
1272.462 1054
1272.543 1056
1272.623 1067
1272.704 1077
1272.784 1085
1272.865 1093
1272.945 1097
1273.026 1105
1273.107 1114
1273.187 1125
1273.268 1127
1273.348 1128
1273.429 1141
1273.509 1149
1273.590 1173
1273.670 1195
1273.751 1198
1273.832 1204
1273.912 1201
1273.993 1195
1274.073 1185
1274.154 1167
1274.235 1141
1274.315 1126
1274.396 1120
1274.476 1114
1274.557 1123
1274.638 1125
1274.718 1130
1274.799 1140
1274.879 1147
1274.960 1153
1275.041 1146
1275.121 1131
1275.202 1102
1275.283 1076
1275.363 1051
1275.444 1038
1275.524 1030
1275.605 1032
1275.686 1028
1275.766 1008
1275.847 990
1275.928 981
1276.008 968
1276.089 961
1276.170 966
1276.250 962
1276.331 962
1276.412 972
1276.492 980
1276.573 977
1276.654 972
1276.734 965
1276.815 951
1276.896 940
1276.976 926
1277.057 917
1277.138 906
1277.218 900
1277.299 895
1277.380 891
1277.460 897
1277.541 902
1277.622 903
1277.702 901
1277.783 897
1277.864 898
1277.945 894
1278.025 900
1278.106 904
1278.187 899
1278.267 902
1278.348 901
1278.429 903
1278.510 903
1278.590 909
1278.671 912
1278.752 905
1278.833 898
1278.913 890
1278.994 879
1279.075 874
1279.156 872
1279.236 863
1279.317 864
1279.398 862
1279.479 862
1279.559 854
1279.640 841
1279.721 844
1279.802 846
1279.882 846
1279.963 854
1280.044 850
1280.125 854
1280.206 861
1280.286 865
1280.367 866
1280.448 872
1280.529 877
1280.610 873
1280.690 875
1280.771 865
1280.852 856
1280.933 855
1281.014 850
1281.094 850
1281.175 847
1281.256 848
1281.337 849
1281.418 850
1281.499 853
1281.579 850
1281.660 850
1281.741 859
1281.822 856
1281.903 862
1281.984 851
1282.064 838
1282.145 831
1282.226 827
1282.307 840
1282.388 845
1282.469 853
1282.549 853
1282.630 853
1282.711 856
1282.792 856
1282.873 852
1282.954 850
1283.035 842
1283.116 839
1283.196 833
1283.277 822
1283.358 819
1283.439 815
1283.520 815
1283.601 812
1283.682 807
1283.763 804
1283.844 814
1283.924 820
1284.005 822
1284.086 827
1284.167 821
1284.248 818
1284.329 821
1284.410 819
1284.491 826
1284.572 834
1284.653 836
1284.734 842
1284.815 848
1284.896 850
1284.976 849
1285.057 852
1285.138 843
1285.219 828
1285.300 823
1285.381 816
1285.462 812
1285.543 826
1285.624 828
1285.705 830
1285.786 834
1285.867 840
1285.948 851
1286.029 859
1286.110 866
1286.191 854
1286.272 843
1286.353 841
1286.434 845
1286.515 849
1286.596 860
1286.677 863
1286.758 855
1286.839 851
1286.920 843
1287.001 828
1287.082 818
1287.163 818
1287.244 820
1287.325 829
1287.406 830
1287.487 825
1287.568 813
1287.649 802
1287.730 795
1287.811 802
1287.892 809
1287.973 818
1288.054 836
1288.135 831
1288.216 831
1288.297 832
1288.378 826
1288.459 824
1288.540 820
1288.621 817
1288.702 811
1288.783 817
1288.864 824
1288.946 833
1289.027 841
1289.108 838
1289.189 839
1289.270 843
1289.351 844
1289.432 848
1289.513 848
1289.594 846
1289.675 848
1289.756 853
1289.837 854
1289.919 852
1290.000 848
1290.081 835
1290.162 815
1290.243 802
1290.324 782
1290.405 773
1290.486 778
1290.567 785
1290.648 798
1290.730 808
1290.811 806
1290.892 800
1290.973 798
1291.054 799
1291.135 806
1291.216 808
1291.298 801
1291.379 803
1291.460 808
1291.541 809
1291.622 812
1291.703 809
1291.784 812
1291.866 810
1291.947 814
1292.028 819
1292.109 819
1292.190 827
1292.271 832
1292.353 830
1292.434 829
1292.515 831
1292.596 836
1292.677 846
1292.758 861
1292.840 871
1292.921 869
1293.002 858
1293.083 854
1293.164 844
1293.246 841
1293.327 834
1293.408 818
1293.489 808
1293.570 794
1293.652 797
1293.733 806
1293.814 815
1293.895 827
1293.977 835
1294.058 838
1294.139 840
1294.220 832
1294.301 825
1294.383 824
1294.464 825
1294.545 824
1294.626 827
1294.708 829
1294.789 823
1294.870 819
1294.951 816
1295.033 819
1295.114 813
1295.195 813
1295.276 816
1295.358 819
1295.439 831
1295.520 845
1295.602 853
1295.683 856
1295.764 861
1295.845 880
1295.927 897
1296.008 923
1296.089 958
1296.171 991
1296.252 1029
1296.333 1068
1296.414 1099
1296.496 1117
1296.577 1137
1296.658 1148
1296.740 1158
1296.821 1165
1296.902 1164
1296.984 1166
1297.065 1172
1297.146 1174
1297.228 1183
1297.309 1184
1297.390 1180
1297.472 1176
1297.553 1174
1297.634 1174
1297.716 1175
1297.797 1174
1297.878 1170
1297.960 1167
1298.041 1166
1298.122 1166
1298.204 1156
1298.285 1149
1298.367 1139
1298.448 1127
1298.529 1130
1298.611 1134
1298.692 1133
1298.773 1131
1298.855 1135
1298.936 1124
1299.018 1133
1299.099 1124
1299.180 1100
1299.262 1092
1299.343 1071
1299.424 1066
1299.506 1066
1299.587 1056
1299.669 1049
1299.750 1032
1299.832 1022
1299.913 1008
1299.994 999
1300.076 997
1300.157 985
1300.239 976
1300.320 960
1300.401 946
1300.483 934
1300.564 923
1300.646 910
1300.727 902
1300.809 903
1300.890 908
1300.972 917
1301.053 920
1301.134 926
1301.216 923
1301.297 925
1301.379 923
1301.460 916
1301.542 906
1301.623 896
1301.705 879
1301.786 871
1301.868 867
1301.949 860
1302.031 852
1302.112 846
1302.194 837
1302.275 823
1302.357 818
1302.438 819
1302.520 824
1302.601 831
1302.683 838
1302.764 840
1302.846 840
1302.927 839
1303.009 835
1303.090 834
1303.172 829
1303.253 831
1303.335 824
1303.416 812
1303.498 808
1303.579 806
1303.661 809
1303.742 825
1303.824 831
1303.905 839
1303.987 845
1304.068 848
1304.150 858
1304.232 865
1304.313 876
1304.395 877
1304.476 875
1304.558 866
1304.639 848
1304.721 835
1304.802 830
1304.884 829
1304.966 831
1305.047 829
1305.129 830
1305.210 826
1305.292 828
1305.374 828
1305.455 829
1305.537 826
1305.618 831
1305.700 833
1305.782 839
1305.863 848
1305.945 848
1306.026 850
1306.108 842
1306.190 837
1306.271 832
1306.353 825
1306.434 815
1306.516 803
1306.598 796
1306.679 785
1306.761 798
1306.843 805
1306.924 812
1307.006 822
1307.087 813
1307.169 809
1307.251 804
1307.332 796
1307.414 786
1307.496 778
1307.577 771
1307.659 764
1307.741 771
1307.822 774
1307.904 778
1307.986 778
1308.067 770
1308.149 762
1308.231 755
1308.312 759
1308.394 772
1308.476 787
1308.557 794
1308.639 811
1308.721 816
1308.803 816
1308.884 820
1308.966 817
1309.048 821
1309.129 824
1309.211 825
1309.293 832
1309.375 838
1309.456 849
1309.538 853
1309.620 855
1309.701 847
1309.783 843
1309.865 845
1309.947 842
1310.028 845
1310.110 844
1310.192 837
1310.274 825
1310.355 818
1310.437 812
1310.519 808
1310.601 808
1310.682 809
1310.764 799
1310.846 798
1310.928 791
1311.009 790
1311.091 792
1311.173 791
1311.255 794
1311.336 794
1311.418 797
1311.500 807
1311.582 822
1311.664 833
1311.745 840
1311.827 837
1311.909 828
1311.991 817
1312.073 806
1312.154 805
1312.236 798
1312.318 793
1312.400 787
1312.482 791
1312.563 790
1312.645 798
1312.727 798
1312.809 791
1312.891 796
1312.972 807
1313.054 828
1313.136 848
1313.218 855
1313.300 851
1313.382 840
1313.464 832
1313.545 825
1313.627 823
1313.709 828
1313.791 830
1313.873 836
1313.955 841
1314.036 842
1314.118 840
1314.200 836
1314.282 831
1314.364 827
1314.446 816
1314.528 810
1314.610 807
1314.691 799
1314.773 800
1314.855 807
1314.937 814
1315.019 829
1315.101 832
1315.183 823
1315.265 818
1315.347 813
1315.429 806
1315.510 811
1315.592 813
1315.674 813
1315.756 825
1315.838 836
1315.920 840
1316.002 842
1316.084 842
1316.166 835
1316.248 833
1316.330 833
1316.412 832
1316.494 839
1316.576 847
1316.657 857
1316.739 871
1316.821 867
1316.903 858
1316.985 841
1317.067 821
1317.149 810
1317.231 799
1317.313 791
1317.395 784
1317.477 788
1317.559 791
1317.641 794
1317.723 808
1317.805 817
1317.887 830
1317.969 836
1318.051 837
1318.133 831
1318.215 830
1318.297 830
1318.379 843
1318.461 843
1318.543 855
1318.625 862
1318.707 859
1318.789 862
1318.871 859
1318.953 854
1319.035 852
1319.117 857
1319.199 862
1319.281 859
1319.363 869
1319.445 873
1319.527 881
1319.609 893
1319.691 906
1319.773 911
1319.855 916
1319.937 923
1320.019 937
1320.101 959
1320.184 981
1320.266 1009
1320.348 1018
1320.430 1044
1320.512 1068
1320.594 1091
1320.676 1111
1320.758 1122
1320.840 1131
1320.922 1129
1321.004 1133
1321.086 1130
1321.168 1129
1321.250 1135
1321.333 1136
1321.415 1142
1321.497 1143
1321.579 1142
1321.661 1144
1321.743 1147
1321.825 1151
1321.907 1141
1321.989 1131
1322.072 1119
1322.154 1124
1322.236 1136
1322.318 1145
1322.400 1158
1322.482 1158
1322.564 1158
1322.646 1155
1322.729 1155
1322.811 1159
1322.893 1158
1322.975 1162
1323.057 1145
1323.139 1127
1323.221 1113
1323.304 1095
1323.386 1087
1323.468 1070
1323.550 1059
1323.632 1041
1323.714 1028
1323.797 1022
1323.879 1009
1323.961 1007
1324.043 1006
1324.125 997
1324.207 994
1324.290 994
1324.372 984
1324.454 974
1324.536 963
1324.618 964
1324.701 957
1324.783 949
1324.865 937
1324.947 923
1325.029 916
1325.112 906
1325.194 895
1325.276 888
1325.358 878
1325.441 870
1325.523 871
1325.605 861
1325.687 859
1325.769 855
1325.852 853
1325.934 857
1326.016 868
1326.098 873
1326.181 877
1326.263 875
1326.345 868
1326.427 865
1326.510 864
1326.592 863
1326.674 864
1326.756 862
1326.839 862
1326.921 859
1327.003 859
1327.086 855
1327.168 848
1327.250 844
1327.332 837
1327.415 827
1327.497 831
1327.579 826
1327.662 823
1327.744 819
1327.826 814
1327.908 809
1327.991 820
1328.073 825
1328.155 836
1328.238 843
1328.320 837
1328.402 838
1328.485 837
1328.567 838
1328.649 838
1328.732 844
1328.814 839
1328.896 826
1328.979 818
1329.061 811
1329.143 801
1329.226 801
1329.308 801
1329.390 797
1329.473 794
1329.555 805
1329.637 808
1329.720 811
1329.802 819
1329.884 820
1329.967 819
1330.049 821
1330.131 825
1330.214 811
1330.296 804
1330.379 803
1330.461 806
1330.543 812
1330.626 821
1330.708 812
1330.791 803
1330.873 797
1330.955 792
1331.038 794
1331.120 793
1331.203 793
1331.285 781
1331.367 783
1331.450 784
1331.532 787
1331.615 797
1331.697 803
1331.779 811
1331.862 814
1331.944 815
1332.027 807
1332.109 798
1332.192 787
1332.274 783
1332.356 782
1332.439 792
1332.521 795
1332.604 795
1332.686 801
1332.769 792
1332.851 789
1332.934 778
1333.016 770
1333.099 760
1333.181 759
1333.263 766
1333.346 768
1333.428 775
1333.511 775
1333.593 787
1333.676 797
1333.758 810
1333.841 819
1333.923 824
1334.006 830
1334.088 835
1334.171 847
1334.253 848
1334.336 854
1334.418 849
1334.501 843
1334.583 842
1334.666 833
1334.748 819
1334.831 802
1334.913 797
1334.996 793
1335.078 793
1335.161 800
1335.243 802
1335.326 798
1335.409 799
1335.491 795
1335.574 789
1335.656 787
1335.739 784
1335.821 779
1335.904 786
1335.986 786
1336.069 788
1336.151 790
1336.234 786
1336.317 781
1336.399 779
1336.482 782
1336.564 784
1336.647 783
1336.729 786
1336.812 780
1336.895 782
1336.977 778
1337.060 777
1337.142 775
1337.225 769
1337.308 777
1337.390 779
1337.473 790
1337.555 819
1337.638 840
1337.721 856
1337.803 876
1337.886 876
1337.968 870
1338.051 866
1338.134 860
1338.216 861
1338.299 852
1338.382 850
1338.464 842
1338.547 829
1338.629 819
1338.712 815
1338.795 814
1338.877 824
1338.960 836
1339.043 838
1339.125 841
1339.208 840
1339.291 844
1339.373 839
1339.456 847
1339.539 848
1339.621 850
1339.704 855
1339.787 858
1339.869 863
1339.952 853
1340.035 846
1340.117 833
1340.200 816
1340.283 806
1340.365 795
1340.448 783
1340.531 784
1340.614 785
1340.696 792
1340.779 800
1340.862 808
1340.944 815
1341.027 823
1341.110 828
1341.193 820
1341.275 821
1341.358 816
1341.441 807
1341.523 805
1341.606 801
1341.689 798
1341.772 793
1341.854 791
1341.937 778
1342.020 776
1342.103 780
1342.185 781
1342.268 790
1342.351 796
1342.434 792
1342.516 800
1342.599 806
1342.682 802
1342.765 806
1342.847 813
1342.930 816
1343.013 821
1343.096 828
1343.179 828
1343.261 831
1343.344 841
1343.427 854
1343.510 864
1343.592 869
1343.675 874
1343.758 895
1343.841 921
1343.924 956
1344.006 990
1344.089 1016
1344.172 1037
1344.255 1053
1344.338 1063
1344.421 1054
1344.503 1060
1344.586 1064
1344.669 1070
1344.752 1071
1344.835 1066
1344.917 1073
1345.000 1089
1345.083 1111
1345.166 1126
1345.249 1145
1345.332 1151
1345.415 1153
1345.497 1176
1345.580 1193
1345.663 1206
1345.746 1222
1345.829 1224
1345.912 1221
1345.995 1224
1346.077 1229
1346.160 1209
1346.243 1189
1346.326 1165
1346.409 1139
1346.492 1128
1346.575 1116
1346.658 1111
1346.740 1105
1346.823 1102
1346.906 1091
1346.989 1073
1347.072 1061
1347.155 1038
1347.238 1028
1347.321 1025
1347.404 1029
1347.487 1044
1347.570 1056
1347.652 1067
1347.735 1069
1347.818 1077
1347.901 1075
1347.984 1067
1348.067 1061
1348.150 1044
1348.233 1035
1348.316 1024
1348.399 1015
1348.482 1005
1348.565 1000
1348.648 989
1348.731 978
1348.814 968
1348.897 951
1348.980 939
1349.062 927
1349.145 913
1349.228 900
1349.311 900
1349.394 893
1349.477 895
1349.560 896
1349.643 882
1349.726 878
1349.809 870
1349.892 869
1349.975 870
1350.058 869
1350.141 865
1350.224 863
1350.307 871
1350.390 875
1350.473 887
1350.556 892
1350.639 898
1350.722 909
1350.805 912
1350.888 913
1350.971 903
1351.054 888
1351.137 871
1351.220 853
1351.304 840
1351.387 822
1351.470 805
1351.553 796
1351.636 787
1351.719 790
1351.802 800
1351.885 806
1351.968 812
1352.051 812
1352.134 806
1352.217 808
1352.300 805
1352.383 805
1352.466 800
1352.549 786
1352.632 779
1352.715 776
1352.799 788
1352.882 803
1352.965 813
1353.048 816
1353.131 809
1353.214 807
1353.297 801
1353.380 800
1353.463 791
1353.546 786
1353.630 777
1353.713 772
1353.796 782
1353.879 779
1353.962 777
1354.045 780
1354.128 782
1354.211 786
1354.294 800
1354.378 807
1354.461 804
1354.544 807
1354.627 799
1354.710 797
1354.793 782
1354.876 762
1354.960 748
1355.043 740
1355.126 741
1355.209 761
1355.292 778
1355.375 791
1355.459 806
1355.542 814
1355.625 829
1355.708 835
1355.791 845
1355.874 846
1355.958 842
1356.041 834
1356.124 823
1356.207 817
1356.290 808
1356.373 812
1356.457 806
1356.540 794
1356.623 784
1356.706 778
1356.789 778
1356.873 781
1356.956 785
1357.039 780
1357.122 773
1357.206 769
1357.289 763
1357.372 757
1357.455 763
1357.538 765
1357.622 763
1357.705 768
1357.788 758
1357.871 756
1357.955 753
1358.038 751
1358.121 759
1358.204 770
1358.288 794
1358.371 804
1358.454 824
1358.537 834
1358.621 837
1358.704 844
1358.787 832
1358.870 821
1358.954 803
1359.037 789
1359.120 769
1359.204 767
1359.287 768
1359.370 771
1359.453 778
1359.537 773
1359.620 773
1359.703 770
1359.787 769
1359.870 766
1359.953 764
1360.036 763
1360.120 765
1360.203 781
1360.286 784
1360.370 789
1360.453 798
1360.536 802
1360.620 808
1360.703 814
1360.786 816
1360.870 812
1360.953 811
1361.036 800
1361.120 786
1361.203 777
1361.286 769
1361.370 768
1361.453 770
1361.536 777
1361.620 788
1361.703 799
1361.787 798
1361.870 801
1361.953 806
1362.037 803
1362.120 803
1362.203 799
1362.287 795
1362.370 789
1362.453 786
1362.537 789
1362.620 786
1362.704 786
1362.787 791
1362.870 786
1362.954 783
1363.037 789
1363.121 780
1363.204 769
1363.287 769
1363.371 759
1363.454 767
1363.538 769
1363.621 772
1363.705 770
1363.788 761
1363.871 764
1363.955 760
1364.038 757
1364.122 762
1364.205 755
1364.289 749
1364.372 750
1364.455 749
1364.539 762
1364.622 775
1364.706 792
1364.789 797
1364.873 806
1364.956 813
1365.040 810
1365.123 812
1365.207 806
1365.290 793
1365.373 785
1365.457 777
1365.540 774
1365.624 774
1365.707 776
1365.791 784
1365.874 793
1365.958 797
1366.041 804
1366.125 804
1366.208 796
1366.292 792
1366.375 791
1366.459 787
1366.542 786
1366.626 788
1366.709 780
1366.793 780
1366.876 785
1366.960 794
1367.043 803
1367.127 803
1367.211 800
1367.294 795
1367.378 800
1367.461 808
1367.545 828
1367.628 845
1367.712 862
1367.795 879
1367.879 882
1367.962 895
1368.046 916
1368.130 941
1368.213 971
1368.297 1000
1368.380 1027
1368.464 1071
1368.547 1117
1368.631 1153
1368.714 1173
1368.798 1178
1368.882 1180
1368.965 1176
1369.049 1168
1369.132 1165
1369.216 1173
1369.300 1179
1369.383 1187
1369.467 1200
1369.550 1200
1369.634 1193
1369.718 1192
1369.801 1185
1369.885 1182
1369.968 1184
1370.052 1187
1370.136 1176
1370.219 1166
1370.303 1167
1370.387 1158
1370.470 1157
1370.554 1156
1370.637 1148
1370.721 1142
1370.805 1146
1370.888 1145
1370.972 1140
1371.056 1125
1371.139 1104
1371.223 1084
1371.307 1064
1371.390 1049
1371.474 1042
1371.558 1034
1371.641 1023
1371.725 1007
1371.809 990
1371.892 984
1371.976 973
1372.060 960
1372.143 946
1372.227 924
1372.311 903
1372.394 894
1372.478 895
1372.562 888
1372.645 883
1372.729 880
1372.813 876
1372.897 874
1372.980 886
1373.064 891
1373.148 888
1373.231 892
1373.315 887
1373.399 892
1373.483 906
1373.566 915
1373.650 920
1373.734 910
1373.818 899
1373.901 895
1373.985 892
1374.069 892
1374.153 885
1374.236 873
1374.320 871
1374.404 871
1374.488 876
1374.571 874
1374.655 878
1374.739 882
1374.823 878
1374.906 880
1374.990 868
1375.074 854
1375.158 840
1375.241 824
1375.325 820
1375.409 812
1375.493 813
1375.577 807
1375.660 805
1375.744 805
1375.828 803
1375.912 804
1375.996 800
1376.079 800
1376.163 802
1376.247 809
1376.331 810
1376.415 813
1376.498 822
1376.582 828
1376.666 839
1376.750 840
1376.834 839
1376.918 838
1377.001 836
1377.085 840
1377.169 843
1377.253 825
1377.337 813
1377.421 799
1377.504 789
1377.588 802
1377.672 813
1377.756 823
1377.840 835
1377.924 841
1378.008 849
1378.091 850
1378.175 836
1378.259 813
1378.343 801
1378.427 791
1378.511 790
1378.595 795
1378.679 795
1378.762 797
1378.846 815
1378.930 823
1379.014 830
1379.098 841
1379.182 836
1379.266 824
1379.350 818
1379.434 810
1379.518 810
1379.601 806
1379.685 795
1379.769 785
1379.853 769
1379.937 769
1380.021 775
1380.105 775
1380.189 784
1380.273 789
1380.357 790
1380.441 793
1380.525 798
1380.609 804
1380.693 800
1380.777 802
1380.860 802
1380.944 805
1381.028 808
1381.112 809
1381.196 804
1381.280 796
1381.364 794
1381.448 797
1381.532 797
1381.616 788
1381.700 788
1381.784 774
1381.868 772
1381.952 775
1382.036 774
1382.120 777
1382.204 787
1382.288 795
1382.372 805
1382.456 824
1382.540 834
1382.624 840
1382.708 844
1382.792 838
1382.876 823
1382.960 823
1383.044 824
1383.128 825
1383.212 835
1383.296 839
1383.380 838
1383.464 847
1383.548 838
1383.632 825
1383.716 813
1383.800 797
1383.884 786
1383.969 784
1384.053 794
1384.137 802
1384.221 808
1384.305 807
1384.389 806
1384.473 797
1384.557 798
1384.641 799
1384.725 803
1384.809 805
1384.893 810
1384.977 817
1385.061 821
1385.145 823
1385.230 825
1385.314 820
1385.398 822
1385.482 835
1385.566 841
1385.650 849
1385.734 851
1385.818 847
1385.902 847
1385.986 849
1386.071 850
1386.155 849
1386.239 838
1386.323 816
1386.407 798
1386.491 768
1386.575 745
1386.659 737
1386.744 733
1386.828 737
1386.912 747
1386.996 756
1387.080 755
1387.164 758
1387.248 766
1387.333 771
1387.417 780
1387.501 786
1387.585 787
1387.669 773
1387.753 769
1387.838 760
1387.922 756
1388.006 756
1388.090 754
1388.174 768
1388.258 780
1388.343 797
1388.427 814
1388.511 826
1388.595 844
1388.679 856
1388.764 861
1388.848 851
1388.932 834
1389.016 826
1389.100 823
1389.185 823
1389.269 830
1389.353 830
1389.437 830
1389.521 847
1389.606 856
1389.690 861
1389.774 861
1389.858 844
1389.943 836
1390.027 822
1390.111 815
1390.195 811
1390.280 804
1390.364 806
1390.448 803
1390.532 802
1390.617 799
1390.701 800
1390.785 796
1390.869 798
1390.954 808
1391.038 817
1391.122 836
1391.206 847
1391.291 854
1391.375 858
1391.459 863
1391.544 867
1391.628 883
1391.712 889
1391.796 903
1391.881 929
1391.965 950
1392.049 982
1392.134 1008
1392.218 1023
1392.302 1030
1392.386 1041
1392.471 1056
1392.555 1060
1392.639 1079
1392.724 1104
1392.808 1122
1392.892 1141
1392.977 1155
1393.061 1155
1393.145 1162
1393.230 1168
1393.314 1170
1393.398 1174
1393.483 1183
1393.567 1194
1393.651 1200
1393.736 1200
1393.820 1195
1393.904 1188
1393.989 1190
1394.073 1192
1394.158 1189
1394.242 1187
1394.326 1178
1394.411 1181
1394.495 1177
1394.579 1174
1394.664 1169
1394.748 1161
1394.833 1144
1394.917 1127
1395.001 1118
1395.086 1098
1395.170 1089
1395.254 1083
1395.339 1070
1395.423 1066
1395.508 1063
1395.592 1060
1395.676 1064
1395.761 1057
1395.845 1052
1395.930 1039
1396.014 1022
1396.099 1010
1396.183 988
1396.267 980
1396.352 973
1396.436 964
1396.521 961
1396.605 954
1396.690 953
1396.774 953
1396.858 963
1396.943 966
1397.027 968
1397.112 961
1397.196 948
1397.281 933
1397.365 917
1397.450 905
1397.534 898
1397.619 888
1397.703 887
1397.788 881
1397.872 873
1397.957 879
1398.041 881
1398.125 877
1398.210 874
1398.294 870
1398.379 864
1398.463 852
1398.548 844
1398.632 830
1398.717 821
1398.801 822
1398.886 828
1398.970 827
1399.055 826
1399.139 821
1399.224 814
1399.309 816
1399.393 817
1399.478 826
1399.562 829
1399.647 836
1399.731 849
1399.816 860
1399.900 859
1399.985 863
1400.069 850
1400.154 837
1400.238 821
1400.323 810
1400.408 810
1400.492 810
1400.577 809
1400.661 809
1400.746 812
1400.830 818
1400.915 821
1400.999 830
1401.084 840
1401.169 845
1401.253 851
1401.338 851
1401.422 832
1401.507 822
1401.592 803
1401.676 793
1401.761 791
1401.845 791
1401.930 790
1402.015 790
1402.099 787
1402.184 776
1402.268 776
1402.353 776
1402.438 775
1402.522 791
1402.607 799
1402.691 805
1402.776 812
1402.861 802
1402.945 793
1403.030 793
1403.115 781
1403.199 773
1403.284 763
1403.369 755
1403.453 754
1403.538 759
1403.623 763
1403.707 768
1403.792 791
1403.877 808
1403.961 834
1404.046 842
1404.131 838
1404.215 824
1404.300 808
1404.385 801
1404.469 787
1404.554 788
1404.639 784
1404.723 785
1404.808 793
1404.893 794
1404.977 800
1405.062 797
1405.147 789
1405.231 790
1405.316 785
1405.401 784
1405.486 785
1405.570 787
1405.655 796
1405.740 808
1405.824 822
1405.909 819
1405.994 822
1406.079 830
1406.163 830
1406.248 839
1406.333 838
1406.418 831
1406.502 828
1406.587 817
1406.672 812
1406.757 800
1406.841 793
1406.926 781
1407.011 771
1407.096 760
1407.180 754
1407.265 750
1407.350 746
1407.435 739
1407.519 732
1407.604 736
1407.689 742
1407.774 752
1407.858 760
1407.943 755
1408.028 754
1408.113 747
1408.198 743
1408.282 750
1408.367 753
1408.452 760
1408.537 761
1408.622 768
1408.706 776
1408.791 785
1408.876 797
1408.961 797
1409.046 801
1409.131 798
1409.215 798
1409.300 799
1409.385 796
1409.470 800
1409.555 795
1409.640 788
1409.724 787
1409.809 776
1409.894 769
1409.979 774
1410.064 773
1410.149 786
1410.233 791
1410.318 796
1410.403 801
1410.488 807
1410.573 810
1410.658 807
1410.743 806
1410.828 806
1410.912 808
1410.997 818
1411.082 822
1411.167 826
1411.252 825
1411.337 822
1411.422 826
1411.507 824
1411.592 805
1411.676 796
1411.761 792
1411.846 789
1411.931 803
1412.016 795
1412.101 792
1412.186 790
1412.271 785
1412.356 803
1412.441 817
1412.526 825
1412.610 826
1412.695 815
1412.780 795
1412.865 789
1412.950 791
1413.035 793
1413.120 801
1413.205 807
1413.290 795
1413.375 797
1413.460 802
1413.545 803
1413.630 812
1413.715 822
1413.800 825
1413.885 820
1413.970 823
1414.055 818
1414.140 814
1414.225 821
1414.310 829
1414.395 837
1414.480 846
1414.565 853
1414.650 852
1414.735 844
1414.820 839
1414.905 831
1414.990 826
1415.075 817
1415.160 814
1415.245 815
1415.330 819
1415.415 832
1415.500 846
1415.585 856
1415.670 873
1415.755 889
1415.840 903
1415.925 937
1416.010 965
1416.095 1006
1416.180 1043
1416.265 1055
1416.350 1061
1416.435 1062
1416.520 1070
1416.605 1074
1416.690 1093
1416.775 1093
1416.860 1085
1416.945 1079
1417.030 1067
1417.115 1066
1417.200 1076
1417.286 1088
1417.371 1094
1417.456 1109
1417.541 1123
1417.626 1139
1417.711 1166
1417.796 1180
1417.881 1185
1417.966 1184
1418.051 1174
1418.136 1173
1418.221 1168
1418.307 1165
1418.392 1169
1418.477 1167
1418.562 1171
1418.647 1175
1418.732 1185
1418.817 1190
1418.902 1190
1418.987 1181
1419.073 1150
1419.158 1125
1419.243 1096
1419.328 1074
1419.413 1058
1419.498 1041
1419.583 1036
1419.669 1031
1419.754 1028
1419.839 1033
1419.924 1026
1420.009 1005
1420.094 997
1420.179 983
1420.265 958
1420.350 955
1420.435 945
1420.520 935
1420.605 926
1420.690 937
1420.776 947
1420.861 949
1420.946 958
1421.031 958
1421.116 932
1421.202 924
1421.287 911
1421.372 895
1421.457 887
1421.542 866
1421.628 853
1421.713 845
1421.798 832
1421.883 837
1421.968 829
1422.054 825
1422.139 840
1422.224 844
1422.309 847
1422.395 842
1422.480 840
1422.565 844
1422.650 850
1422.735 868
1422.821 871
1422.906 869
1422.991 866
1423.076 864
1423.162 864
1423.247 862
1423.332 862
1423.417 857
1423.503 848
1423.588 841
1423.673 833
1423.759 828
1423.844 820
1423.929 818
1424.014 808
1424.100 797
1424.185 800
1424.270 792
1424.355 784
1424.441 781
1424.526 769
1424.611 777
1424.697 792
1424.782 792
1424.867 798
1424.953 789
1425.038 784
1425.123 783
1425.208 773
1425.294 771
1425.379 766
1425.464 772
1425.550 787
1425.635 803
1425.720 820
1425.806 844
1425.891 856
1425.976 869
1426.062 882
1426.147 874
1426.232 869
1426.318 850
1426.403 833
1426.488 814
1426.574 795
1426.659 783
1426.745 767
1426.830 754
1426.915 746
1427.001 731
1427.086 724
1427.171 722
1427.257 727
1427.342 740
1427.428 750
1427.513 756
1427.598 764
1427.684 772
1427.769 782
1427.854 798
1427.940 804
1428.025 807
1428.111 801
1428.196 795
1428.281 787
1428.367 779
1428.452 769
1428.538 768
1428.623 775
1428.709 783
1428.794 790
1428.879 797
1428.965 800
1429.050 804
1429.136 804
1429.221 805
1429.307 802
1429.392 796
1429.477 798
1429.563 794
1429.648 793
1429.734 789
1429.819 785
1429.905 786
1429.990 786
1430.076 779
1430.161 782
1430.247 768
1430.332 756
1430.417 761
1430.503 762
1430.588 765
1430.674 778
1430.759 785
1430.845 789
1430.930 791
1431.016 797
1431.101 804
1431.187 800
1431.272 804
1431.358 795
1431.443 788
1431.529 787
1431.614 775
1431.700 770
1431.785 762
1431.871 759
1431.956 775
1432.042 786
1432.127 796
1432.213 808
1432.298 813
1432.384 810
1432.470 811
1432.555 801
1432.641 801
1432.726 804
1432.812 801
1432.897 799
1432.983 800
1433.068 791
1433.154 791
1433.239 785
1433.325 779
1433.411 785
1433.496 794
1433.582 807
1433.667 818
1433.753 818
1433.838 818
1433.924 815
1434.010 810
1434.095 814
1434.181 807
1434.266 802
1434.352 806
1434.438 799
1434.523 798
1434.609 799
1434.694 793
1434.780 802
1434.866 820
1434.951 831
1435.037 845
1435.122 852
1435.208 854
1435.294 859
1435.379 861
1435.465 857
1435.550 857
1435.636 849
1435.722 833
1435.807 822
1435.893 808
1435.979 804
1436.064 812
1436.150 814
1436.236 815
1436.321 824
1436.407 830
1436.493 829
1436.578 826
1436.664 813
1436.750 799
1436.835 792
1436.921 796
1437.007 796
1437.092 804
1437.178 803
1437.264 804
1437.349 804
1437.435 800
1437.521 791
1437.606 791
1437.692 799
1437.778 800
1437.863 805
1437.949 805
1438.035 800
1438.120 802
1438.206 808
1438.292 808
1438.378 804
1438.463 799
1438.549 796
1438.635 789
1438.720 785
1438.806 779
1438.892 778
1438.978 785
1439.063 784
1439.149 792
1439.235 807
1439.321 829
1439.406 847
1439.492 860
1439.578 869
1439.664 869
1439.749 874
1439.835 890
1439.921 901
1440.007 917
1440.092 930
1440.178 948
1440.264 983
1440.350 1019
1440.435 1064
1440.521 1084
1440.607 1101
1440.693 1115
1440.779 1117
1440.864 1120
1440.950 1124
1441.036 1123
1441.122 1123
1441.208 1126
1441.293 1124
1441.379 1139
1441.465 1156
1441.551 1176
1441.637 1189
1441.722 1194
1441.808 1192
1441.894 1190
1441.980 1186
1442.066 1180
1442.152 1180
1442.237 1178
1442.323 1175
1442.409 1157
1442.495 1148
1442.581 1135
1442.667 1136
1442.752 1143
1442.838 1139
1442.924 1136
1443.010 1124
1443.096 1121
1443.182 1121
1443.268 1116
1443.353 1113
1443.439 1099
1443.525 1080
1443.611 1060
1443.697 1051
1443.783 1046
1443.869 1054
1443.954 1054
1444.040 1050
1444.126 1042
1444.212 1028
1444.298 1027
1444.384 1021
1444.470 1013
1444.556 1017
1444.642 1007
1444.728 997
1444.813 991
1444.899 968
1444.985 955
1445.071 957
1445.157 944
1445.243 944
1445.329 945
1445.415 931
1445.501 925
1445.587 913
1445.673 907
1445.759 909
1445.845 898
1445.930 892
1446.016 888
1446.102 882
1446.188 883
1446.274 881
1446.360 879
1446.446 876
1446.532 883
1446.618 885
1446.704 883
1446.790 884
1446.876 878
1446.962 876
1447.048 891
1447.134 894
1447.220 883
1447.306 867
1447.392 847
1447.478 829
1447.564 832
1447.650 837
1447.736 840
1447.822 851
1447.908 854
1447.994 866
1448.080 872
1448.166 862
1448.252 854
1448.338 839
1448.424 831
1448.510 828
1448.596 817
1448.682 804
1448.768 792
1448.854 789
1448.940 794
1449.026 792
1449.112 789
1449.198 778
1449.284 764
1449.370 747
1449.456 735
1449.542 728
1449.628 732
1449.714 734
1449.801 743
1449.887 759
1449.973 768
1450.059 777
1450.145 782
1450.231 784
1450.317 789
1450.403 798
1450.489 805
1450.575 810
1450.661 812
1450.747 813
1450.833 810
1450.920 811
1451.006 811
1451.092 809
1451.178 809
1451.264 803
1451.350 794
1451.436 784
1451.522 787
1451.608 784
1451.694 783
1451.781 786
1451.867 782
1451.953 775
1452.039 779
1452.125 779
1452.211 779
1452.297 774
1452.383 761
1452.470 754
1452.556 749
1452.642 763
1452.728 775
1452.814 791
1452.900 802
1452.986 805
1453.073 817
1453.159 829
1453.245 845
1453.331 847
1453.417 832
1453.503 815
1453.590 803
1453.676 797
1453.762 793
1453.848 796
1453.934 785
1454.021 774
1454.107 762
1454.193 751
1454.279 734
1454.365 724
1454.452 716
1454.538 709
1454.624 710
1454.710 708
1454.796 707
1454.883 705
1454.969 707
1455.055 708
1455.141 719
1455.227 734
1455.314 744
1455.400 756
1455.486 764
1455.572 773
1455.659 771
1455.745 772
1455.831 764
1455.917 753
1456.004 753
1456.090 746
1456.176 746
1456.262 742
1456.349 749
1456.435 754
1456.521 767
1456.607 778
1456.694 778
1456.780 778
1456.866 775
1456.952 770
1457.039 769
1457.125 778
1457.211 777
1457.298 779
1457.384 768
1457.470 759
1457.556 757
1457.643 758
1457.729 770
1457.815 774
1457.902 768
1457.988 763
1458.074 749
1458.161 736
1458.247 735
1458.333 731
1458.419 733
1458.506 731
1458.592 727
1458.678 725
1458.765 718
1458.851 718
1458.937 724
1459.024 734
1459.110 743
1459.196 748
1459.283 752
1459.369 753
1459.455 756
1459.542 761
1459.628 755
1459.715 756
1459.801 754
1459.887 747
1459.974 747
1460.060 735
1460.146 732
1460.233 743
1460.319 752
1460.405 766
1460.492 772
1460.578 778
1460.665 776
1460.751 773
1460.837 766
1460.924 752
1461.010 747
1461.097 751
1461.183 760
1461.269 769
1461.356 776
1461.442 779
1461.529 788
1461.615 805
1461.701 821
1461.788 836
1461.874 840
1461.961 845
1462.047 850
1462.134 853
1462.220 856
1462.306 849
1462.393 838
1462.479 832
1462.566 828
1462.652 826
1462.739 832
1462.825 824
1462.912 826
1462.998 830
1463.084 823
1463.171 825
1463.257 830
1463.344 842
1463.430 845
1463.517 841
1463.603 828
1463.690 817
1463.776 819
1463.863 827
1463.949 849
1464.036 866
1464.122 910
1464.209 957
1464.295 1000
1464.382 1045
1464.468 1065
1464.555 1080
1464.641 1089
1464.728 1096
1464.814 1106
1464.901 1110
1464.987 1112
1465.074 1124
1465.160 1140
1465.247 1161
1465.333 1178
1465.420 1181
1465.506 1181
1465.593 1185
1465.679 1190
1465.766 1195
1465.853 1200
1465.939 1185
1466.026 1166
1466.112 1144
1466.199 1139
1466.285 1145
1466.372 1146
1466.458 1159
1466.545 1155
1466.632 1156
1466.718 1161
1466.805 1164
1466.891 1166
1466.978 1176
1467.064 1185
1467.151 1185
1467.238 1199
1467.324 1201
1467.411 1201
1467.497 1197
1467.584 1182
1467.670 1179
1467.757 1167
1467.844 1159
1467.930 1150
1468.017 1127
1468.104 1114
1468.190 1099
1468.277 1092
1468.363 1088
1468.450 1077
1468.537 1062
1468.623 1046
1468.710 1031
1468.796 1016
1468.883 1005
1468.970 984
1469.056 967
1469.143 960
1469.230 952
1469.316 950
1469.403 955
1469.490 972
1469.576 973
1469.663 961
1469.750 943
1469.836 921
1469.923 913
1470.010 912
1470.096 906
1470.183 895
1470.270 880
1470.356 873
1470.443 872
1470.530 885
1470.616 890
1470.703 869
1470.790 855
1470.876 832
1470.963 804
1471.050 805
1471.136 798
1471.223 798
1471.310 810
1471.397 820
1471.483 829
1471.570 846
1471.657 856
1471.743 862
1471.830 863
1471.917 864
1472.004 862
1472.090 858
1472.177 858
1472.264 857
1472.351 846
1472.437 823
1472.524 807
1472.611 795
1472.697 786
1472.784 786
1472.871 794
1472.958 793
1473.045 791
1473.131 798
1473.218 795
1473.305 805
1473.392 809
1473.478 809
1473.565 809
1473.652 803
1473.739 802
1473.825 787
1473.912 787
1473.999 790
1474.086 790
1474.173 790
1474.259 791
1474.346 786
1474.433 783
1474.520 781
1474.607 764
1474.693 755
1474.780 746
1474.867 762
1474.954 787
1475.041 802
1475.127 818
1475.214 817
1475.301 812
1475.388 814
1475.475 812
1475.562 811
1475.648 809
1475.735 805
1475.822 797
1475.909 791
1475.996 787
1476.083 778
1476.169 780
1476.256 782
1476.343 784
1476.430 798
1476.517 803
1476.604 808
1476.691 816
1476.778 815
1476.864 823
1476.951 814
1477.038 802
1477.125 779
1477.212 772
1477.299 765
1477.386 766
1477.473 774
1477.559 771
1477.646 774
1477.733 772
1477.820 767
1477.907 758
1477.994 743
1478.081 735
1478.168 731
1478.255 729
1478.342 730
1478.429 726
1478.515 712
1478.602 706
1478.689 709
1478.776 718
1478.863 730
1478.950 739
1479.037 732
1479.124 727
1479.211 722
1479.298 721
1479.385 730
1479.472 741
1479.559 742
1479.646 759
1479.733 771
1479.820 775
1479.907 778
1479.994 779
1480.080 774
1480.167 769
1480.254 770
1480.341 755
1480.428 745
1480.515 735
1480.602 726
1480.689 728
1480.776 731
1480.863 741
1480.950 753
1481.037 768
1481.124 781
1481.211 799
1481.298 821
1481.385 835
1481.472 837
1481.559 835
1481.646 816
1481.733 797
1481.820 784
1481.907 773
1481.994 765
1482.081 768
1482.168 772
1482.256 774
1482.343 780
1482.430 779
1482.517 761
1482.604 742
1482.691 729
1482.778 715
1482.865 718
1482.952 715
1483.039 716
1483.126 727
1483.213 747
1483.300 778
1483.387 799
1483.474 807
1483.561 810
1483.648 809
1483.735 800
1483.823 805
1483.910 806
1483.997 803
1484.084 806
1484.171 808
1484.258 804
1484.345 792
1484.432 787
1484.519 777
1484.606 765
1484.693 762
1484.781 752
1484.868 755
1484.955 765
1485.042 775
1485.129 782
1485.216 783
1485.303 783
1485.390 770
1485.478 765
1485.565 763
1485.652 754
1485.739 753
1485.826 755
1485.913 756
1486.000 766
1486.088 771
1486.175 779
1486.262 775
1486.349 775
1486.436 774
1486.523 766
1486.610 759
1486.698 759
1486.785 767
1486.872 775
1486.959 792
1487.046 797
1487.133 796
1487.221 799
1487.308 809
1487.395 813
1487.482 821
1487.569 826
1487.657 822
1487.744 818
1487.831 814
1487.918 825
1488.005 838
1488.093 858
1488.180 893
1488.267 931
1488.354 973
1488.441 1024
1488.529 1068
1488.616 1094
1488.703 1122
1488.790 1139
1488.878 1154
1488.965 1164
1489.052 1160
1489.139 1158
1489.227 1156
1489.314 1156
1489.401 1161
1489.488 1167
1489.576 1173
1489.663 1183
1489.750 1202
1489.837 1203
1489.925 1201
1490.012 1202
1490.099 1188
1490.186 1179
1490.274 1179
1490.361 1175
1490.448 1175
1490.535 1175
1490.623 1173
1490.710 1172
1490.797 1173
1490.885 1171
1490.972 1163
1491.059 1151
1491.146 1145
1491.234 1133
1491.321 1127
1491.408 1120
1491.496 1112
1491.583 1111
1491.670 1108
1491.758 1091
1491.845 1076
1491.932 1063
1492.020 1046
1492.107 1037
1492.194 1012
1492.282 988
1492.369 970
1492.456 952
1492.544 946
1492.631 943
1492.718 943
1492.806 951
1492.893 962
1492.980 966
1493.068 970
1493.155 983
1493.242 996
1493.330 1005
1493.417 1020
1493.505 1011
1493.592 989
1493.679 959
1493.767 931
1493.854 909
1493.941 894
1494.029 889
1494.116 884
1494.204 891
1494.291 896
1494.378 906
1494.466 909
1494.553 910
1494.641 926
1494.728 929
1494.815 932
1494.903 932
1494.990 926
1495.078 913
1495.165 903
1495.252 889
1495.340 867
1495.427 857
1495.515 846
1495.602 847
1495.690 856
1495.777 857
1495.864 860
1495.952 846
1496.039 822
1496.127 809
1496.214 793
1496.302 787
1496.389 787
1496.477 787
1496.564 788
1496.652 795
1496.739 798
1496.826 799
1496.914 800
1497.001 791
1497.089 787
1497.176 791
1497.264 786
1497.351 785
1497.439 781
1497.526 783
1497.614 786
1497.701 790
1497.789 802
1497.876 802
1497.964 809
1498.051 817
1498.139 816
1498.226 810
1498.314 802
1498.401 786
1498.489 751
1498.576 728
1498.664 708
1498.751 693
1498.839 693
1498.926 701
1499.014 710
1499.101 731
1499.189 750
1499.277 765
1499.364 777
1499.452 783
1499.539 794
1499.627 794
1499.714 800
1499.802 795
1499.889 788
1499.977 772
1500.065 756
1500.152 751
1500.240 748
1500.327 744
1500.415 746
1500.502 748
1500.590 756
1500.678 779
1500.765 794
1500.853 803
1500.940 797
1501.028 791
1501.115 788
1501.203 778
1501.291 775
1501.378 772
1501.466 763
1501.554 766
1501.641 776
1501.729 775
1501.816 770
1501.904 769
1501.992 756
1502.079 757
1502.167 763
1502.254 754
1502.342 752
1502.430 740
1502.517 729
1502.605 733
1502.693 740
1502.780 754
1502.868 773
1502.956 787
1503.043 800
1503.131 807
1503.219 815
1503.306 819
1503.394 816
1503.482 821
1503.569 823
1503.657 833
1503.745 836
1503.832 826
1503.920 820
1504.008 801
1504.095 781
1504.183 776
1504.271 764
1504.358 753
1504.446 751
1504.534 744
1504.621 740
1504.709 745
1504.797 752
1504.885 749
1504.972 752
1505.060 742
1505.148 736
1505.235 745
1505.323 740
1505.411 736
1505.499 736
1505.586 737
1505.674 734
1505.762 743
1505.849 739
1505.937 744
1506.025 750
1506.113 749
1506.200 755
1506.288 751
1506.376 750
1506.464 745
1506.551 762
1506.639 766
1506.727 771
1506.815 772
1506.902 764
1506.990 759
1507.078 742
1507.166 739
1507.254 734
1507.341 734
1507.429 745
1507.517 754
1507.605 760
1507.692 766
1507.780 768
1507.868 765
1507.956 759
1508.044 760
1508.131 760
1508.219 760
1508.307 773
1508.395 779
1508.483 793
1508.571 803
1508.658 817
1508.746 818
1508.834 812
1508.922 813
1509.010 812
1509.097 805
1509.185 799
1509.273 797
1509.361 789
1509.449 796
1509.537 806
1509.625 815
1509.712 816
1509.800 804
1509.888 800
1509.976 783
1510.064 775
1510.152 779
1510.240 773
1510.327 768
1510.415 757
1510.503 746
1510.591 742
1510.679 747
1510.767 757
1510.855 768
1510.943 778
1511.030 785
1511.118 790
1511.206 787
1511.294 792
1511.382 799
1511.470 812
1511.558 834
1511.646 859
1511.734 885
1511.822 906
1511.909 919
1511.997 925
1512.085 928
1512.173 925
1512.261 937
1512.349 952
1512.437 980
1512.525 1007
1512.613 1030
1512.701 1058
1512.789 1069
1512.877 1081
1512.965 1095
1513.053 1107
1513.141 1123
1513.228 1136
1513.316 1142
1513.404 1155
1513.492 1170
1513.580 1177
1513.668 1184
1513.756 1174
1513.844 1166
1513.932 1160
1514.020 1171
1514.108 1175
1514.196 1182
1514.284 1182
1514.372 1179
1514.460 1180
1514.548 1179
1514.636 1185
1514.724 1179
1514.812 1169
1514.900 1162
1514.988 1153
1515.076 1142
1515.164 1138
1515.252 1135
1515.340 1124
1515.428 1118
1515.516 1104
1515.604 1100
1515.692 1089
1515.780 1077
1515.868 1073
1515.956 1057
1516.044 1057
1516.132 1051
1516.220 1042
1516.308 1029
1516.397 1018
1516.485 1017
1516.573 1014
1516.661 1018
1516.749 1009
1516.837 1005
1516.925 999
1517.013 999
1517.101 995
1517.189 982
1517.277 970
1517.365 955
1517.453 944
1517.541 936
1517.629 929
1517.718 916
1517.806 911
1517.894 901
1517.982 891
1518.070 892
1518.158 888
1518.246 879
1518.334 873
1518.422 869
1518.510 879
1518.599 882
1518.687 879
1518.775 869
1518.863 851
1518.951 853
1519.039 849
1519.127 858
1519.215 860
1519.304 843
1519.392 826
1519.480 809
1519.568 797
1519.656 794
1519.744 797
1519.832 806
1519.921 807
1520.009 811
1520.097 812
1520.185 820
1520.273 836
1520.361 837
1520.449 831
1520.538 818
1520.626 802
1520.714 796
1520.802 794
1520.890 794
1520.979 790
1521.067 786
1521.155 777
1521.243 769
1521.331 760
1521.419 744
1521.508 736
1521.596 722
1521.684 706
1521.772 702
1521.860 703
1521.949 711
1522.037 729
1522.125 743
1522.213 758
1522.302 767
1522.390 775
1522.478 771
1522.566 769
1522.654 762
1522.743 750
1522.831 738
1522.919 720
1523.007 698
1523.096 688
1523.184 701
1523.272 725
1523.360 748
1523.449 769
1523.537 786
1523.625 793
1523.713 813
1523.802 826
1523.890 826
1523.978 821
1524.067 808
1524.155 794
1524.243 781
1524.331 776
1524.420 779
1524.508 782
1524.596 786
1524.685 793
1524.773 791
1524.861 797
1524.949 796
1525.038 793
1525.126 787
1525.214 780
1525.303 782
1525.391 781
1525.479 789
1525.568 790
1525.656 771
1525.744 753
1525.833 737
1525.921 713
1526.009 715
1526.098 714
1526.186 713
1526.274 697
1526.363 700
1526.451 698
1526.539 704
1526.628 722
1526.716 731
1526.804 744
1526.893 756
1526.981 771
1527.069 793
1527.158 800
1527.246 803
1527.334 801
1527.423 795
1527.511 797
1527.600 791
1527.688 785
1527.776 780
1527.865 773
1527.953 768
1528.042 765
1528.130 754
1528.218 750
1528.307 748
1528.395 745
1528.484 743
1528.572 741
1528.660 740
1528.749 745
1528.837 748
1528.926 750
1529.014 752
1529.102 755
1529.191 762
1529.279 759
1529.368 762
1529.456 763
1529.545 761
1529.633 761
1529.721 763
1529.810 765
1529.898 765
1529.987 764
1530.075 760
1530.164 753
1530.252 755
1530.341 763
1530.429 759
1530.518 763
1530.606 761
1530.694 757
1530.783 758
1530.871 761
1530.960 764
1531.048 767
1531.137 769
1531.225 780
1531.314 797
1531.402 812
1531.491 829
1531.579 823
1531.668 814
1531.756 798
1531.845 791
1531.933 797
1532.022 796
1532.110 783
1532.199 769
1532.287 753
1532.376 743
1532.464 745
1532.553 751
1532.641 749
1532.730 750
1532.818 754
1532.907 747
1532.996 751
1533.084 756
1533.173 765
1533.261 782
1533.350 801
1533.438 812
1533.527 820
1533.615 824
1533.704 826
1533.792 818
1533.881 805
1533.970 796
1534.058 795
1534.147 796
1534.235 789
1534.324 780
1534.412 766
1534.501 765
1534.590 765
1534.678 775
1534.767 784
1534.855 786
1534.944 795
1535.033 806
1535.121 818
1535.210 830
1535.298 838
1535.387 828
1535.476 826
1535.564 817
1535.653 808
1535.741 814
1535.830 822
1535.919 840
1536.007 853
1536.096 876
1536.185 896
1536.273 914
1536.362 941
1536.450 952
1536.539 960
1536.628 990
1536.716 1016
1536.805 1031
1536.894 1061
1536.982 1080
1537.071 1097
1537.160 1117
1537.248 1138
1537.337 1160
1537.426 1173
1537.514 1186
1537.603 1192
1537.692 1185
1537.780 1183
1537.869 1182
1537.958 1175
1538.046 1176
1538.135 1179
1538.224 1176
1538.312 1190
1538.401 1202
1538.490 1204
1538.579 1202
1538.667 1201
1538.756 1199
1538.845 1210
1538.933 1225
1539.022 1232
1539.111 1247
1539.200 1241
1539.288 1234
1539.377 1221
1539.466 1195
1539.554 1177
1539.643 1154
1539.732 1137
1539.821 1116
1539.909 1102
1539.998 1080
1540.087 1071
1540.176 1069
1540.264 1062
1540.353 1055
1540.442 1032
1540.531 1013
1540.619 999
1540.708 1004
1540.797 1013
1540.886 1011
1540.974 1007
1541.063 990
1541.152 981
1541.241 969
1541.330 962
1541.418 951
1541.507 934
1541.596 929
1541.685 923
1541.773 912
1541.862 912
1541.951 911
1542.040 901
1542.129 901
1542.217 906
1542.306 909
1542.395 914
1542.484 918
1542.573 916
1542.662 904
1542.750 898
1542.839 893
1542.928 871
1543.017 852
1543.106 833
1543.195 811
1543.283 792
1543.372 774
1543.461 761
1543.550 755
1543.639 755
1543.728 760
1543.816 753
1543.905 750
1543.994 754
1544.083 765
1544.172 781
1544.261 797
1544.350 818
1544.438 815
1544.527 820
1544.616 815
1544.705 804
1544.794 800
1544.883 789
1544.972 788
1545.061 779
1545.150 767
1545.238 755
1545.327 750
1545.416 745
1545.505 748
1545.594 752
1545.683 743
1545.772 741
1545.861 745
1545.950 746
1546.039 754
1546.128 754
1546.216 749
1546.305 753
1546.394 745
1546.483 739
1546.572 740
1546.661 730
1546.750 725
1546.839 728
1546.928 728
1547.017 734
1547.106 750
1547.195 758
1547.284 755
1547.373 756
1547.462 753
1547.551 743
1547.640 754
1547.729 759
1547.818 770
1547.907 793
1547.995 798
1548.084 795
1548.173 801
1548.262 807
1548.351 799
1548.440 800
1548.529 794
1548.618 784
1548.707 785
1548.796 793
1548.885 791
1548.974 792
1549.063 791
1549.152 783
1549.241 776
1549.330 770
1549.419 757
1549.508 742
1549.598 745
1549.687 729
1549.776 728
1549.865 728
1549.954 721
1550.043 725
1550.132 726
1550.221 744
1550.310 757
1550.399 772
1550.488 788
1550.577 796
1550.666 809
1550.755 813
1550.844 806
1550.933 789
1551.022 777
1551.111 761
1551.200 755
1551.289 750
1551.379 739
1551.468 732
1551.557 732
1551.646 730
1551.735 727
1551.824 736
1551.913 733
1552.002 731
1552.091 732
1552.180 744
1552.269 747
1552.358 751
1552.448 753
1552.537 745
1552.626 748
1552.715 763
1552.804 766
1552.893 769
1552.982 776
1553.071 774
1553.161 779
1553.250 789
1553.339 781
1553.428 763
1553.517 758
1553.606 736
1553.695 716
1553.785 710
1553.874 696
1553.963 696
1554.052 701
1554.141 704
1554.230 710
1554.319 710
1554.409 725
1554.498 736
1554.587 749
1554.676 765
1554.765 759
1554.854 753
1554.944 738
1555.033 728
1555.122 728
1555.211 733
1555.300 737
1555.390 725
1555.479 728
1555.568 720
1555.657 717
1555.746 735
1555.836 741
1555.925 752
1556.014 769
1556.103 771
1556.192 776
1556.282 789
1556.371 790
1556.460 794
1556.549 785
1556.639 772
1556.728 765
1556.817 761
1556.906 756
1556.995 747
1557.085 739
1557.174 731
1557.263 742
1557.352 747
1557.442 752
1557.531 757
1557.620 747
1557.709 746
1557.799 749
1557.888 752
1557.977 754
1558.067 757
1558.156 750
1558.245 753
1558.334 756
1558.424 756
1558.513 767
1558.602 774
1558.691 777
1558.781 782
1558.870 782
1558.959 780
1559.049 785
1559.138 787
1559.227 781
1559.317 778
1559.406 773
1559.495 770
1559.585 780
1559.674 796
1559.763 815
1559.852 833
1559.942 848
1560.031 864
1560.120 898
1560.210 932
1560.299 963
1560.388 982
1560.478 986
1560.567 982
1560.656 980
1560.746 992
1560.835 1000
1560.925 1016
1561.014 1032
1561.103 1046
1561.193 1065
1561.282 1089
1561.371 1112
1561.461 1125
1561.550 1132
1561.639 1139
1561.729 1142
1561.818 1152
1561.908 1159
1561.997 1164
1562.086 1165
1562.176 1169
1562.265 1158
1562.355 1159
1562.444 1158
1562.533 1147
1562.623 1140
1562.712 1132
1562.802 1129
1562.891 1132
1562.980 1141
1563.070 1146
1563.159 1151
1563.249 1148
1563.338 1137
1563.427 1129
1563.517 1123
1563.606 1119
1563.696 1112
1563.785 1104
1563.875 1088
1563.964 1080
1564.054 1068
1564.143 1058
1564.232 1056
1564.322 1050
1564.411 1044
1564.501 1031
1564.590 1019
1564.680 996
1564.769 981
1564.859 970
1564.948 962
1565.038 967
1565.127 975
1565.217 982
1565.306 996
1565.396 1000
1565.485 991
1565.574 977
1565.664 953
1565.753 938
1565.843 909
1565.932 891
1566.022 876
1566.111 860
1566.201 860
1566.290 857
1566.380 849
1566.470 843
1566.559 831
1566.649 815
1566.738 814
1566.828 817
1566.917 814
1567.007 814
1567.096 812
1567.186 803
1567.275 806
1567.365 802
1567.454 799
1567.544 795
1567.633 786
1567.723 783
1567.813 775
1567.902 774
1567.992 769
1568.081 775
1568.171 784
1568.260 787
1568.350 785
1568.439 787
1568.529 784
1568.619 783
1568.708 797
1568.798 789
1568.887 794
1568.977 807
1569.067 807
1569.156 809
1569.246 804
1569.335 796
1569.425 787
1569.515 780
1569.604 769
1569.694 746
1569.783 743
1569.873 739
1569.963 739
1570.052 748
1570.142 747
1570.231 746
1570.321 748
1570.411 753
1570.500 759
1570.590 772
1570.680 774
1570.769 788
1570.859 797
1570.949 800
1571.038 813
1571.128 821
1571.218 830
1571.307 837
1571.397 831
1571.486 821
1571.576 794
1571.666 776
1571.755 760
1571.845 742
1571.935 748
1572.025 751
1572.114 759
1572.204 779
1572.294 783
1572.383 789
1572.473 797
1572.563 792
1572.652 789
1572.742 787
1572.832 771
1572.921 766
1573.011 767
1573.101 772
1573.191 777
1573.280 769
1573.370 763
1573.460 756
1573.549 759
1573.639 759
1573.729 759
1573.819 758
1573.908 754
1573.998 744
1574.088 728
1574.178 712
1574.267 701
1574.357 694
1574.447 710
1574.536 722
1574.626 734
1574.716 749
1574.806 744
1574.896 742
1574.985 729
1575.075 719
1575.165 711
1575.255 705
1575.344 702
1575.434 701
1575.524 707
1575.614 719
1575.703 735
1575.793 761
1575.883 763
1575.973 762
1576.063 761
1576.152 743
1576.242 726
1576.332 707
1576.422 688
1576.512 668
1576.601 673
1576.691 674
1576.781 669
1576.871 663
1576.961 660
1577.051 663
1577.140 674
1577.230 690
1577.320 693
1577.410 691
1577.500 692
1577.590 695
1577.679 695
1577.769 699
1577.859 696
1577.949 705
1578.039 715
1578.129 728
1578.218 739
1578.308 748
1578.398 743
1578.488 735
1578.578 729
1578.668 714
1578.758 707
1578.848 702
1578.937 694
1579.027 690
1579.117 685
1579.207 682
1579.297 684
1579.387 699
1579.477 724
1579.567 743
1579.656 771
1579.746 789
1579.836 800
1579.926 820
1580.016 822
1580.106 817
1580.196 803
1580.286 780
1580.376 765
1580.466 755
1580.556 746
1580.646 736
1580.735 729
1580.825 715
1580.915 717
1581.005 730
1581.095 731
1581.185 741
1581.275 745
1581.365 740
1581.455 732
1581.545 725
1581.635 722
1581.725 712
1581.815 714
1581.905 726
1581.995 723
1582.085 723
1582.175 720
1582.265 714
1582.355 716
1582.445 721
1582.535 726
1582.625 727
1582.715 729
1582.805 729
1582.895 727
1582.985 730
1583.075 729
1583.165 723
1583.255 729
1583.345 732
1583.435 740
1583.525 750
1583.615 757
1583.705 761
1583.795 763
1583.885 772
1583.975 779
1584.065 795
1584.155 829
1584.245 855
1584.335 896
1584.425 927
1584.515 959
1584.605 994
1584.695 1015
1584.785 1034
1584.875 1053
1584.965 1070
1585.055 1078
1585.145 1095
1585.235 1120
1585.325 1133
1585.415 1146
1585.505 1166
1585.595 1173
1585.686 1177
1585.776 1190
1585.866 1199
1585.956 1203
1586.046 1197
1586.136 1194
1586.226 1180
1586.316 1168
1586.406 1170
1586.496 1166
1586.586 1163
1586.677 1171
1586.767 1170
1586.857 1179
1586.947 1182
1587.037 1169
1587.127 1158
1587.217 1140
1587.307 1122
1587.397 1109
1587.488 1101
1587.578 1097
1587.668 1087
1587.758 1071
1587.848 1058
1587.938 1038
1588.028 1026
1588.118 1033
1588.209 1033
1588.299 1048
1588.389 1057
1588.479 1053
1588.569 1052
1588.659 1041
1588.750 1029
1588.840 1016
1588.930 1001
1589.020 988
1589.110 972
1589.200 940
1589.291 920
1589.381 902
1589.471 888
1589.561 902
1589.651 910
1589.741 920
1589.832 937
1589.922 941
1590.012 941
1590.102 930
1590.192 919
1590.283 908
1590.373 901
1590.463 893
1590.553 884
1590.644 885
1590.734 869
1590.824 866
1590.914 863
1591.004 851
1591.095 850
1591.185 853
1591.275 846
1591.365 834
1591.456 833
1591.546 814
1591.636 802
1591.726 804
1591.817 800
1591.907 798
1591.997 799
1592.087 799
1592.178 797
1592.268 805
1592.358 819
1592.448 814
1592.539 814
1592.629 802
1592.719 788
1592.809 788
1592.900 781
1592.990 783
1593.080 774
1593.171 774
1593.261 772
1593.351 770
1593.441 772
1593.532 764
1593.622 762
1593.712 754
1593.803 743
1593.893 749
1593.983 743
1594.074 744
1594.164 754
1594.254 749
1594.345 751
1594.435 738
1594.525 737
1594.616 733
1594.706 728
1594.796 735
1594.887 732
1594.977 745
1595.067 757
1595.158 777
1595.248 796
1595.338 796
1595.429 794
1595.519 796
1595.609 793
1595.700 793
1595.790 799
1595.880 779
1595.971 762
1596.061 756
1596.152 744
1596.242 736
1596.332 734
1596.423 736
1596.513 736
1596.603 741
1596.694 742
1596.784 750
1596.875 761
1596.965 772
1597.055 772
1597.146 762
1597.236 758
1597.327 747
1597.417 749
1597.507 748
1597.598 744
1597.688 739
1597.779 741
1597.869 746
1597.960 744
1598.050 753
1598.140 761
1598.231 763
1598.321 765
1598.412 763
1598.502 761
1598.593 755
1598.683 752
1598.774 750
1598.864 755
1598.954 755
1599.045 757
1599.135 762
1599.226 765
1599.316 768
1599.407 777
1599.497 780
1599.588 763
1599.678 764
1599.769 753
1599.859 743
1599.950 745
1600.040 731
1600.131 721
1600.221 715
1600.312 717
1600.402 716
1600.493 720
1600.583 729
1600.674 737
1600.764 729
1600.855 727
1600.945 719
1601.036 696
1601.126 704
1601.217 710
1601.307 723
1601.398 743
1601.488 760
1601.579 772
1601.669 783
1601.760 782
1601.850 769
1601.941 749
1602.031 717
1602.122 690
1602.213 675
1602.303 663
1602.394 664
1602.484 677
1602.575 700
1602.665 721
1602.756 738
1602.846 741
1602.937 752
1603.028 768
1603.118 772
1603.209 775
1603.299 777
1603.390 779
1603.481 797
1603.571 819
1603.662 819
1603.752 817
1603.843 813
1603.933 807
1604.024 806
1604.115 814
1604.205 808
1604.296 816
1604.386 828
1604.477 826
1604.568 816
1604.658 807
1604.749 787
1604.840 771
1604.930 761
1605.021 744
1605.111 715
1605.202 687
1605.293 672
1605.383 665
1605.474 679
1605.565 695
1605.655 709
1605.746 727
1605.837 748
1605.927 766
1606.018 782
1606.109 793
1606.199 773
1606.290 752
1606.381 735
1606.471 723
1606.562 707
1606.653 698
1606.743 690
1606.834 686
1606.925 704
1607.015 721
1607.106 728
1607.197 736
1607.287 743
1607.378 750
1607.469 770
1607.560 803
1607.650 818
1607.741 832
1607.832 853
1607.922 863
1608.013 869
1608.104 874
1608.195 872
1608.285 875
1608.376 894
1608.467 919
1608.557 947
1608.648 982
1608.739 1008
1608.830 1031
1608.920 1046
1609.011 1055
1609.102 1081
1609.193 1096
1609.283 1109
1609.374 1134
1609.465 1145
1609.556 1161
1609.646 1176
1609.737 1197
1609.828 1219
1609.919 1234
1610.009 1254
1610.100 1259
1610.191 1248
1610.282 1232
1610.373 1216
1610.463 1203
1610.554 1191
1610.645 1189
1610.736 1185
1610.827 1176
1610.917 1169
1611.008 1165
1611.099 1157
1611.190 1156
1611.281 1157
1611.371 1156
1611.462 1155
1611.553 1163
1611.644 1165
1611.735 1159
1611.825 1148
1611.916 1128
1612.007 1105
1612.098 1090
1612.189 1071
1612.280 1048
1612.370 1028
1612.461 1011
1612.552 1000
1612.643 1007
1612.734 1014
1612.825 1016
1612.916 1017
1613.006 1007
1613.097 990
1613.188 977
1613.279 956
1613.370 928
1613.461 913
1613.552 896
1613.643 888
1613.733 895
1613.824 888
1613.915 881
1614.006 885
1614.097 878
1614.188 867
1614.279 859
1614.370 843
1614.461 824
1614.551 828
1614.642 827
1614.733 830
1614.824 837
1614.915 839
1615.006 837
1615.097 837
1615.188 834
1615.279 827
1615.370 810
1615.461 789
1615.552 769
1615.642 759
1615.733 764
1615.824 761
1615.915 772
1616.006 765
1616.097 756
1616.188 761
1616.279 756
1616.370 763
1616.461 764
1616.552 775
1616.643 785
1616.734 795
1616.825 803
1616.916 800
1617.007 791
1617.098 786
1617.189 780
1617.280 770
1617.371 760
1617.462 755
1617.553 754
1617.644 756
1617.735 760
1617.826 758
1617.917 748
1618.008 742
1618.099 735
1618.190 724
1618.281 723
1618.372 730
1618.463 728
1618.554 738
1618.645 751
1618.736 752
1618.827 757
1618.918 752
1619.009 745
1619.100 735
1619.191 735
1619.282 736
1619.373 729
1619.464 721
1619.555 714
1619.646 703
1619.737 698
1619.828 697
1619.919 697
1620.010 690
1620.101 688
1620.192 689
1620.284 685
1620.375 693
1620.466 693
1620.557 687
1620.648 684
1620.739 679
1620.830 677
1620.921 684
1621.012 699
1621.103 714
1621.194 727
1621.285 740
1621.377 744
1621.468 761
1621.559 779
1621.650 791
1621.741 800
1621.832 791
1621.923 781
1622.014 761
1622.105 742
1622.197 727
1622.288 714
1622.379 708
1622.470 699
1622.561 705
1622.652 715
1622.743 726
1622.834 744
1622.926 729
1623.017 724
1623.108 723
1623.199 715
1623.290 713
1623.381 708
1623.473 702
1623.564 696
1623.655 692
1623.746 697
1623.837 706
1623.928 733
1624.020 738
1624.111 747
1624.202 741
1624.293 723
1624.384 713
1624.475 691
1624.567 678
1624.658 667
1624.749 677
1624.840 680
1624.931 692
1625.023 705
1625.114 713
1625.205 729
1625.296 734
1625.387 741
1625.479 744
1625.570 736
1625.661 732
1625.752 717
1625.844 703
1625.935 699
1626.026 699
1626.117 704
1626.209 722
1626.300 739
1626.391 753
1626.482 766
1626.573 776
1626.665 777
1626.756 778
1626.847 779
1626.938 758
1627.030 742
1627.121 723
1627.212 713
1627.304 708
1627.395 703
1627.486 708
1627.577 700
1627.669 697
1627.760 691
1627.851 694
1627.942 704
1628.034 706
1628.125 715
1628.216 714
1628.308 714
1628.399 719
1628.490 720
1628.582 720
1628.673 715
1628.764 707
1628.855 702
1628.947 699
1629.038 702
1629.129 705
1629.221 703
1629.312 707
1629.403 712
1629.495 716
1629.586 721
1629.677 717
1629.769 717
1629.860 713
1629.951 712
1630.043 717
1630.134 721
1630.225 722
1630.317 730
1630.408 739
1630.500 739
1630.591 747
1630.682 748
1630.774 738
1630.865 730
1630.956 716
1631.048 709
1631.139 715
1631.231 723
1631.322 733
1631.413 747
1631.505 761
1631.596 772
1631.687 796
1631.779 812
1631.870 818
1631.962 830
1632.053 847
1632.144 870
1632.236 893
1632.327 916
1632.419 942
1632.510 973
1632.602 996
1632.693 1010
1632.784 1018
1632.876 1025
1632.967 1028
1633.059 1038
1633.150 1051
1633.242 1055
1633.333 1059
1633.424 1065
1633.516 1076
1633.607 1102
1633.699 1131
1633.790 1156
1633.882 1160
1633.973 1158
1634.065 1152
1634.156 1152
1634.248 1161
1634.339 1167
1634.430 1173
1634.522 1185
1634.613 1195
1634.705 1194
1634.796 1199
1634.888 1202
1634.979 1205
1635.071 1206
1635.162 1205
1635.254 1194
1635.345 1173
1635.437 1163
1635.528 1144
1635.620 1129
1635.711 1109
1635.803 1083
1635.894 1066
1635.986 1061
1636.077 1066
1636.169 1068
1636.260 1064
1636.352 1063
1636.443 1060
1636.535 1064
1636.627 1057
1636.718 1049
1636.810 1033
1636.901 1017
1636.993 1005
1637.084 995
1637.176 980
1637.267 970
1637.359 966
1637.450 948
1637.542 928
1637.634 918
1637.725 902
1637.817 903
1637.908 899
1638.000 882
1638.091 874
1638.183 866
1638.275 871
1638.366 874
1638.458 879
1638.549 871
1638.641 854
1638.733 842
1638.824 828
1638.916 814
1639.007 791
1639.099 771
1639.191 763
1639.282 763
1639.374 762
1639.465 767
1639.557 775
1639.649 778
1639.740 795
1639.832 800
1639.923 802
1640.015 800
1640.107 798
1640.198 806
1640.290 798
1640.382 799
1640.473 786
1640.565 771
1640.657 769
1640.748 755
1640.840 763
1640.932 753
1641.023 757
1641.115 766
1641.207 766
1641.298 779
1641.390 794
1641.482 808
1641.573 812
1641.665 817
1641.757 805
1641.848 792
1641.940 778
1642.032 758
1642.123 747
1642.215 741
1642.307 723
1642.398 715
1642.490 701
1642.582 687
1642.674 687
1642.765 686
1642.857 683
1642.949 692
1643.040 684
1643.132 679
1643.224 682
1643.316 677
1643.407 681
1643.499 687
1643.591 688
1643.682 691
1643.774 692
1643.866 698
1643.958 693
1644.049 687
1644.141 697
1644.233 697
1644.325 712
1644.416 714
1644.508 708
1644.600 707
1644.692 698
1644.783 690
1644.875 680
1644.967 672
1645.059 675
1645.151 689
1645.242 709
1645.334 726
1645.426 738
1645.518 745
1645.609 752
1645.701 757
1645.793 755
1645.885 748
1645.977 738
1646.068 728
1646.160 734
1646.252 732
1646.344 728
1646.436 726
1646.528 716
1646.619 697
1646.711 691
1646.803 685
1646.895 669
1646.987 661
1647.078 663
1647.170 663
1647.262 681
1647.354 689
1647.446 698
1647.538 708
1647.629 717
1647.721 729
1647.813 716
1647.905 704
1647.997 697
1648.089 698
1648.181 711
1648.272 723
1648.364 733
1648.456 735
1648.548 729
1648.640 724
1648.732 713
1648.824 702
1648.916 692
1649.007 676
1649.099 662
1649.191 651
1649.283 662
1649.375 667
1649.467 680
1649.559 692
1649.651 698
1649.743 713
1649.835 718
1649.926 728
1650.018 722
1650.110 703
1650.202 694
1650.294 685
1650.386 676
1650.478 675
1650.570 658
1650.662 648
1650.754 655
1650.846 660
1650.938 666
1651.030 675
1651.122 684
1651.214 692
1651.305 697
1651.397 703
1651.489 697
1651.581 702
1651.673 697
1651.765 689
1651.857 682
1651.949 675
1652.041 676
1652.133 672
1652.225 673
1652.317 665
1652.409 661
1652.501 658
1652.593 662
1652.685 670
1652.777 678
1652.869 693
1652.961 697
1653.053 700
1653.145 697
1653.237 698
1653.329 694
1653.421 689
1653.513 686
1653.605 679
1653.697 689
1653.789 692
1653.881 695
1653.973 690
1654.065 691
1654.157 692
1654.249 701
1654.341 722
1654.433 733
1654.525 754
1654.617 766
1654.709 770
1654.802 775
1654.894 782
1654.986 790
1655.078 789
1655.170 779
1655.262 763
1655.354 750
1655.446 741
1655.538 743
1655.630 749
1655.722 743
1655.814 743
1655.906 748
1655.998 755
1656.091 773
1656.183 800
1656.275 817
1656.367 845
1656.459 865
1656.551 888
1656.643 918
1656.735 947
1656.827 965
1656.919 986
1657.012 1018
1657.104 1058
1657.196 1101
1657.288 1127
1657.380 1140
1657.472 1144
1657.564 1149
1657.656 1153
1657.749 1150
1657.841 1139
1657.933 1122
1658.025 1116
1658.117 1099
1658.209 1086
1658.301 1076
1658.394 1070
1658.486 1078
1658.578 1090
1658.670 1106
1658.762 1111
1658.854 1114
1658.946 1123
1659.039 1129
1659.131 1134
1659.223 1127
1659.315 1113
1659.407 1103
1659.500 1087
1659.592 1080
1659.684 1080
1659.776 1075
1659.868 1078
1659.960 1078
1660.053 1073
1660.145 1065
1660.237 1058
1660.329 1046
1660.422 1026
1660.514 1007
1660.606 987
1660.698 972
1660.790 960
1660.883 955
1660.975 939
1661.067 930
1661.159 926
1661.252 901
1661.344 881
1661.436 868
1661.528 855
1661.620 861
1661.713 866
1661.805 860
1661.897 856
1661.989 860
1662.082 849
1662.174 858
1662.266 846
1662.358 845
1662.451 847
1662.543 834
1662.635 835
1662.728 832
1662.820 831
1662.912 822
1663.004 813
1663.097 798
1663.189 792
1663.281 787
1663.374 772
1663.466 756
1663.558 738
1663.650 713
1663.743 689
1663.835 672
1663.927 661
1664.020 662
1664.112 670
1664.204 685
1664.297 692
1664.389 708
1664.481 722
1664.574 732
1664.666 745
1664.758 743
1664.851 743
1664.943 735
1665.035 725
1665.128 725
1665.220 723
1665.312 723
1665.405 734
1665.497 742
1665.589 751
1665.682 752
1665.774 759
1665.866 749
1665.959 734
1666.051 731
1666.144 722
1666.236 725
1666.328 730
1666.421 725
1666.513 718
1666.605 722
1666.698 727
1666.790 733
1666.883 730
1666.975 723
1667.067 711
1667.160 706
1667.252 714
1667.345 728
1667.437 741
1667.529 733
1667.622 724
1667.714 700
1667.807 666
1667.899 652
1667.991 625
1668.084 634
1668.176 657
1668.269 681
1668.361 712
1668.454 730
1668.546 737
1668.639 745
1668.731 749
1668.823 729
1668.916 715
1669.008 697
1669.101 685
1669.193 687
1669.286 691
1669.378 701
1669.471 712
1669.563 721
1669.656 727
1669.748 729
1669.841 733
1669.933 741
1670.025 752
1670.118 765
1670.210 775
1670.303 758
1670.395 753
1670.488 742
1670.580 721
1670.673 722
1670.765 727
1670.858 724
1670.950 731
1671.043 729
1671.135 719
1671.228 719
1671.320 710
1671.413 703
1671.505 698
1671.598 688
1671.691 683
1671.783 693
1671.876 697
1671.968 702
1672.061 699
1672.153 701
1672.246 701
1672.338 704
1672.431 711
1672.523 707
1672.616 707
1672.709 697
1672.801 694
1672.894 698
1672.986 695
1673.079 705
1673.171 714
1673.264 715
1673.356 720
1673.449 728
1673.542 740
1673.634 748
1673.727 754
1673.819 743
1673.912 724
1674.005 701
1674.097 683
1674.190 672
1674.282 657
1674.375 660
1674.468 655
1674.560 660
1674.653 668
1674.745 670
1674.838 674
1674.931 681
1675.023 674
1675.116 671
1675.209 683
1675.301 681
1675.394 689
1675.486 696
1675.579 692
1675.672 690
1675.764 698
1675.857 700
1675.950 701
1676.042 707
1676.135 705
1676.228 703
1676.320 690
1676.413 678
1676.506 672
1676.598 679
1676.691 695
1676.784 709
1676.876 715
1676.969 717
1677.062 724
1677.154 739
1677.247 756
1677.340 763
1677.432 767
1677.525 765
1677.618 762
1677.710 747
1677.803 737
1677.896 724
1677.988 719
1678.081 717
1678.174 718
1678.267 722
1678.359 722
1678.452 727
1678.545 732
1678.637 727
1678.730 719
1678.823 711
1678.916 707
1679.008 711
1679.101 713
1679.194 707
1679.287 706
1679.379 703
1679.472 706
1679.565 714
1679.658 722
1679.750 723
1679.843 732
1679.936 746
1680.029 752
1680.121 775
1680.214 788
1680.307 814
1680.400 848
1680.492 881
1680.585 934
1680.678 959
1680.771 988
1680.864 1009
1680.956 1021
1681.049 1038
1681.142 1047
1681.235 1051
1681.328 1046
1681.420 1033
1681.513 1031
1681.606 1030
1681.699 1038
1681.792 1070
1681.884 1098
1681.977 1121
1682.070 1151
1682.163 1177
1682.256 1189
1682.349 1200
1682.441 1201
1682.534 1185
1682.627 1178
1682.720 1164
1682.813 1164
1682.906 1152
1682.998 1142
1683.091 1133
1683.184 1125
1683.277 1132
1683.370 1141
1683.463 1158
1683.556 1162
1683.648 1147
1683.741 1133
1683.834 1112
1683.927 1096
1684.020 1080
1684.113 1066
1684.206 1057
1684.299 1043
1684.391 1026
1684.484 1016
1684.577 989
1684.670 961
1684.763 958
1684.856 943
1684.949 931
1685.042 930
1685.135 922
1685.227 921
1685.320 925
1685.413 933
1685.506 928
1685.599 918
1685.692 911
1685.785 902
1685.878 899
1685.971 903
1686.064 914
1686.157 908
1686.250 895
1686.343 885
1686.436 866
1686.528 851
1686.621 843
1686.714 825
1686.807 805
1686.900 781
1686.993 761
1687.086 747
1687.179 741
1687.272 731
1687.365 733
1687.458 739
1687.551 745
1687.644 758
1687.737 760
1687.830 759
1687.923 759
1688.016 767
1688.109 780
1688.202 795
1688.295 804
1688.388 813
1688.481 802
1688.574 792
1688.667 785
1688.760 765
1688.853 762
1688.946 756
1689.039 749
1689.132 738
1689.225 737
1689.318 737
1689.411 739
1689.504 745
1689.597 741
1689.690 736
1689.783 732
1689.876 728
1689.969 723
1690.062 714
1690.155 711
1690.248 699
1690.341 699
1690.434 693
1690.528 687
1690.621 679
1690.714 678
1690.807 682
1690.900 688
1690.993 710
1691.086 725
1691.179 739
1691.272 743
1691.365 747
1691.458 735
1691.551 725
1691.644 722
1691.737 718
1691.831 740
1691.924 765
1692.017 780
1692.110 795
1692.203 790
1692.296 769
1692.389 755
1692.482 737
1692.575 714
1692.669 690
1692.762 671
1692.855 667
1692.948 672
1693.041 676
1693.134 676
1693.227 668
1693.320 654
1693.414 641
1693.507 626
1693.600 610
1693.693 600
1693.786 589
1693.879 576
1693.972 573
1694.066 565
1694.159 558
1694.252 561
1694.345 565
1694.438 580
1694.531 589
1694.625 607
1694.718 628
1694.811 640
1694.904 654
1694.997 672
1695.090 690
1695.184 705
1695.277 725
1695.370 732
1695.463 738
1695.556 742
1695.650 740
1695.743 736
1695.836 720
1695.929 698
1696.022 676
1696.116 659
1696.209 648
1696.302 652
1696.395 654
1696.489 660
1696.582 668
1696.675 678
1696.768 686
1696.861 693
1696.955 704
1697.048 699
1697.141 703
1697.234 705
1697.328 700
1697.421 709
1697.514 717
1697.607 722
1697.701 735
1697.794 733
1697.887 730
1697.981 720
1698.074 712
1698.167 707
1698.260 703
1698.354 701
1698.447 709
1698.540 711
1698.633 705
1698.727 703
1698.820 701
1698.913 713
1699.007 720
1699.100 725
1699.193 732
1699.286 734
1699.380 735
1699.473 739
1699.566 732
1699.660 719
1699.753 700
1699.846 685
1699.940 666
1700.033 653
1700.126 645
1700.220 640
1700.313 649
1700.406 668
1700.500 692
1700.593 708
1700.686 710
1700.780 724
1700.873 736
1700.966 743
1701.060 762
1701.153 746
1701.246 733
1701.340 716
1701.433 695
1701.527 697
1701.620 699
1701.713 703
1701.807 704
1701.900 708
1701.993 713
1702.087 710
1702.180 722
1702.274 710
1702.367 697
1702.460 688
1702.554 669
1702.647 671
1702.740 690
1702.834 713
1702.927 743
1703.021 755
1703.114 764
1703.208 759
1703.301 761
1703.394 756
1703.488 754
1703.581 751
1703.675 744
1703.768 756
1703.861 759
1703.955 777
1704.048 799
1704.142 819
1704.235 837
1704.329 864
1704.422 879
1704.516 895
1704.609 918
1704.702 927
1704.796 948
1704.889 965
1704.983 979
1705.076 984
1705.170 1004
1705.263 1040
1705.357 1070
1705.450 1100
1705.544 1129
1705.637 1128
1705.731 1128
1705.824 1126
1705.918 1116
1706.011 1133
1706.105 1145
1706.198 1158
1706.292 1178
1706.385 1188
1706.479 1190
1706.572 1189
1706.666 1190
1706.759 1177
1706.853 1175
1706.946 1172
1707.040 1170
1707.133 1171
1707.227 1172
1707.320 1176
1707.414 1175
1707.507 1166
1707.601 1155
1707.694 1139
1707.788 1126
1707.881 1120
1707.975 1109
1708.069 1102
1708.162 1093
1708.256 1089
1708.349 1073
1708.443 1053
1708.536 1019
1708.630 1000
1708.723 993
1708.817 998
1708.911 1009
1709.004 1013
1709.098 1007
1709.191 992
1709.285 985
1709.378 967
1709.472 955
1709.566 936
1709.659 910
1709.753 871
1709.846 835
1709.940 809
1710.034 781
1710.127 777
1710.221 776
1710.314 784
1710.408 781
1710.502 779
1710.595 776
1710.689 767
1710.783 763
1710.876 765
1710.970 771
1711.063 772
1711.157 781
1711.251 788
1711.344 787
1711.438 786
1711.532 787
1711.625 789
1711.719 790
1711.813 801
1711.906 797
1712.000 790
1712.093 785
1712.187 766
1712.281 768
1712.374 750
1712.468 734
1712.562 728
1712.656 717
1712.749 718
1712.843 722
1712.937 727
1713.030 733
1713.124 758
1713.218 759
1713.311 763
1713.405 769
1713.499 753
1713.592 749
1713.686 744
1713.780 741
1713.874 750
1713.967 753
1714.061 745
1714.155 741
1714.248 722
1714.342 716
1714.436 713
1714.530 705
1714.623 697
1714.717 691
1714.811 684
1714.904 684
1714.998 688
1715.092 690
1715.186 680
1715.279 675
1715.373 671
1715.467 666
1715.561 672
1715.654 668
1715.748 660
1715.842 658
1715.936 659
1716.030 652
1716.123 660
1716.217 677
1716.311 686
1716.405 703
1716.498 707
1716.592 702
1716.686 689
1716.780 674
1716.874 649
1716.967 629
1717.061 623
1717.155 607
1717.249 605
1717.343 606
1717.436 604
1717.530 606
1717.624 614
1717.718 617
1717.812 603
1717.905 595
1717.999 588
1718.093 591
1718.187 606
1718.281 632
1718.375 639
1718.468 648
1718.562 655
1718.656 641
1718.750 646
1718.844 656
1718.938 668
1719.032 676
1719.125 693
1719.219 697
1719.313 699
1719.407 707
1719.501 700
1719.595 693
1719.689 687
1719.782 688
1719.876 683
1719.970 671
1720.064 664
1720.158 649
1720.252 630
1720.346 616
1720.440 613
1720.534 609
1720.627 617
1720.721 632
1720.815 631
1720.909 631
1721.003 631
1721.097 630
1721.191 632
1721.285 640
1721.379 647
1721.473 648
1721.567 658
1721.660 669
1721.754 674
1721.848 681
1721.942 692
1722.036 698
1722.130 704
1722.224 710
1722.318 710
1722.412 707
1722.506 700
1722.600 697
1722.694 685
1722.788 662
1722.882 646
1722.976 632
1723.070 623
1723.164 629
1723.258 641
1723.352 652
1723.446 653
1723.540 639
1723.633 641
1723.727 637
1723.821 638
1723.915 655
1724.009 661
1724.103 663
1724.197 675
1724.291 690
1724.385 708
1724.479 730
1724.573 735
1724.667 739
1724.761 723
1724.855 710
1724.949 703
1725.044 693
1725.138 690
1725.232 682
1725.326 666
1725.420 661
1725.514 659
1725.608 654
1725.702 660
1725.796 656
1725.890 664
1725.984 680
1726.078 693
1726.172 699
1726.266 683
1726.360 673
1726.454 663
1726.548 657
1726.642 664
1726.736 662
1726.830 656
1726.924 662
1727.019 676
1727.113 690
1727.207 704
1727.301 717
1727.395 712
1727.489 717
1727.583 722
1727.677 718
1727.771 730
1727.865 736
1727.959 743
1728.054 757
1728.148 777
1728.242 796
1728.336 814
1728.430 840
1728.524 863
1728.618 890
1728.712 924
1728.806 960
1728.901 983
1728.995 1006
1729.089 1018
1729.183 1032
1729.277 1043
1729.371 1051
1729.465 1060
1729.560 1060
1729.654 1070
1729.748 1077
1729.842 1093
1729.936 1094
1730.030 1106
1730.124 1124
1730.219 1139
1730.313 1160
1730.407 1167
1730.501 1171
1730.595 1177
1730.689 1182
1730.784 1183
1730.878 1173
1730.972 1157
1731.066 1145
1731.160 1135
1731.255 1139
1731.349 1139
1731.443 1136
1731.537 1113
1731.631 1087
1731.726 1066
1731.820 1056
1731.914 1041
1732.008 1032
1732.102 1021
1732.197 1015
1732.291 1012
1732.385 1013
1732.479 1010
1732.574 997
1732.668 1004
1732.762 995
1732.856 980
1732.950 960
1733.045 933
1733.139 914
1733.233 902
1733.327 884
1733.422 878
1733.516 881
1733.610 890
1733.704 900
1733.799 899
1733.893 882
1733.987 889
1734.082 891
1734.176 881
1734.270 881
1734.364 847
1734.459 817
1734.553 809
1734.647 805
1734.742 799
1734.836 804
1734.930 793
1735.024 779
1735.119 769
1735.213 757
1735.307 751
1735.402 744
1735.496 739
1735.590 724
1735.685 725
1735.779 738
1735.873 754
1735.967 769
1736.062 775
1736.156 777
1736.250 760
1736.345 755
1736.439 747
1736.533 737
1736.628 744
1736.722 753
1736.817 737
1736.911 729
1737.005 706
1737.100 695
1737.194 701
1737.288 704
1737.383 699
1737.477 698
1737.571 700
1737.666 688
1737.760 701
1737.854 710
1737.949 696
1738.043 691
1738.138 690
1738.232 683
1738.326 704
1738.421 732
1738.515 743
1738.610 752
1738.704 765
1738.798 772
1738.893 780
1738.987 799
1739.082 775
1739.176 752
1739.270 731
1739.365 705
1739.459 689
1739.554 669
1739.648 653
1739.743 641
1739.837 642
1739.931 651
1740.026 651
1740.120 647
1740.215 645
1740.309 636
1740.404 634
1740.498 637
1740.592 640
1740.687 641
1740.781 651
1740.876 660
1740.970 665
1741.065 669
1741.159 663
1741.254 666
1741.348 658
1741.443 652
1741.537 645
1741.632 632
1741.726 612
1741.821 596
1741.915 585
1742.010 573
1742.104 581
1742.199 591
1742.293 600
1742.388 619
1742.482 627
1742.577 638
1742.671 641
1742.766 631
1742.860 623
1742.955 612
1743.049 605
1743.144 606
1743.238 604
1743.333 603
1743.427 609
1743.522 613
1743.616 615
1743.711 621
1743.805 625
1743.900 621
1743.994 624
1744.089 635
1744.184 638
1744.278 657
1744.373 665
1744.467 668
1744.562 680
1744.656 679
1744.751 681
1744.845 686
1744.940 689
1745.035 691
1745.129 690
1745.224 680
1745.318 672
1745.413 658
1745.507 646
1745.602 635
1745.697 627
1745.791 619
1745.886 616
1745.980 612
1746.075 621
1746.170 621
1746.264 633
1746.359 646
1746.453 655
1746.548 670
1746.643 679
1746.737 681
1746.832 677
1746.927 684
1747.021 686
1747.116 681
1747.210 680
1747.305 666
1747.400 663
1747.494 666
1747.589 666
1747.684 673
1747.778 673
1747.873 676
1747.968 678
1748.062 685
1748.157 698
1748.252 700
1748.346 704
1748.441 700
1748.536 699
1748.630 700
1748.725 706
1748.820 710
1748.914 713
1749.009 725
1749.104 725
1749.198 734
1749.293 743
1749.388 740
1749.482 737
1749.577 733
1749.672 734
1749.767 733
1749.861 731
1749.956 728
1750.051 702
1750.145 681
1750.240 668
1750.335 654
1750.430 658
1750.524 667
1750.619 671
1750.714 679
1750.808 676
1750.903 674
1750.998 677
1751.093 685
1751.187 690
1751.282 696
1751.377 711
1751.472 707
1751.566 724
1751.661 736
1751.756 749
1751.851 770
1751.945 780
1752.040 781
1752.135 776
1752.230 770
1752.325 781
1752.419 796
1752.514 820
1752.609 853
1752.704 866
1752.798 901
1752.893 916
1752.988 933
1753.083 957
1753.178 967
1753.272 980
1753.367 990
1753.462 998
1753.557 997
1753.652 997
1753.746 998
1753.841 1000
1753.936 1006
1754.031 1016
1754.126 1024
1754.221 1039
1754.315 1067
1754.410 1088
1754.505 1111
1754.600 1122
1754.695 1134
1754.790 1146
1754.884 1157
1754.979 1164
1755.074 1165
1755.169 1162
1755.264 1165
1755.359 1149
1755.454 1124
1755.548 1106
1755.643 1089
1755.738 1064
1755.833 1053
1755.928 1041
1756.023 1023
1756.118 1021
1756.213 1017
1756.307 1016
1756.402 1011
1756.497 1010
1756.592 1007
1756.687 1002
1756.782 1000
1756.877 1004
1756.972 999
1757.067 998
1757.161 992
1757.256 972
1757.351 951
1757.446 920
1757.541 882
1757.636 857
1757.731 838
1757.826 823
1757.921 811
1758.016 804
1758.111 791
1758.206 788
1758.301 786
1758.396 786
1758.490 785
1758.585 774
1758.680 759
1758.775 755
1758.870 744
1758.965 735
1759.060 734
1759.155 729
1759.250 730
1759.345 730
1759.440 738
1759.535 727
1759.630 718
1759.725 715
1759.820 697
1759.915 696
1760.010 690
1760.105 692
1760.200 707
1760.295 715
1760.390 720
1760.485 728
1760.580 726
1760.675 729
1760.770 744
1760.865 750
1760.960 746
1761.055 736
1761.150 716
1761.245 699
1761.340 696
1761.435 687
1761.530 679
1761.625 679
1761.720 670
1761.815 666
1761.910 667
1762.005 664
1762.100 669
1762.195 668
1762.290 668
1762.385 675
1762.480 674
1762.576 690
1762.671 696
1762.766 697
1762.861 698
1762.956 691
1763.051 679
1763.146 672
1763.241 670
1763.336 665
1763.431 668
1763.526 673
1763.621 676
1763.716 678
1763.811 673
1763.907 664
1764.002 647
1764.097 643
1764.192 636
1764.287 632
1764.382 639
1764.477 637
1764.572 643
1764.667 643
1764.763 642
1764.858 643
1764.953 644
1765.048 652
1765.143 663
1765.238 659
1765.333 656
1765.428 657
1765.524 658
1765.619 673
1765.714 679
1765.809 684
1765.904 682
1765.999 690
1766.094 699
1766.190 692
1766.285 696
1766.380 695
1766.475 692
1766.570 697
1766.665 692
1766.761 679
1766.856 669
1766.951 671
1767.046 669
1767.141 662
1767.236 662
1767.332 653
1767.427 661
1767.522 663
1767.617 657
1767.712 657
1767.808 646
1767.903 648
1767.998 652
1768.093 651
1768.188 646
1768.284 628
1768.379 618
1768.474 621
1768.569 625
1768.665 643
1768.760 663
1768.855 670
1768.950 676
1769.045 678
1769.141 674
1769.236 675
1769.331 677
1769.426 681
1769.522 685
1769.617 686
1769.712 672
1769.807 653
1769.903 628
1769.998 613
1770.093 605
1770.188 600
1770.284 606
1770.379 608
1770.474 618
1770.570 634
1770.665 646
1770.760 653
1770.855 650
1770.951 639
1771.046 625
1771.141 629
1771.237 629
1771.332 625
1771.427 624
1771.522 605
1771.618 599
1771.713 606
1771.808 618
1771.904 638
1771.999 661
1772.094 672
1772.190 675
1772.285 668
1772.380 662
1772.476 657
1772.571 648
1772.666 650
1772.762 648
1772.857 645
1772.952 644
1773.048 647
1773.143 656
1773.238 651
1773.334 649
1773.429 650
1773.524 632
1773.620 633
1773.715 629
1773.810 616
1773.906 605
1774.001 604
1774.097 605
1774.192 612
1774.287 631
1774.383 636
1774.478 652
1774.573 665
1774.669 684
1774.764 694
1774.860 694
1774.955 692
1775.050 677
1775.146 671
1775.241 663
1775.337 674
1775.432 683
1775.527 682
1775.623 687
1775.718 699
1775.814 704
1775.909 725
1776.005 745
1776.100 756
1776.195 777
1776.291 806
1776.386 832
1776.482 861
1776.577 886
1776.673 909
1776.768 934
1776.864 948
1776.959 970
1777.054 979
1777.150 984
1777.245 987
1777.341 993
1777.436 1016
1777.532 1036
1777.627 1056
1777.723 1059
1777.818 1057
1777.914 1056
1778.009 1056
1778.105 1065
1778.200 1065
1778.296 1075
1778.391 1080
1778.487 1091
1778.582 1095
1778.678 1098
1778.773 1102
1778.869 1099
1778.964 1103
1779.060 1092
1779.155 1079
1779.251 1072
1779.346 1052
1779.442 1040
1779.537 1025
1779.633 1010
1779.728 998
1779.824 991
1779.919 985
1780.015 993
1780.110 996
1780.206 997
1780.301 995
1780.397 988
1780.492 979
1780.588 970
1780.684 956
1780.779 939
1780.875 933
1780.970 927
1781.066 927
1781.161 941
1781.257 946
1781.353 953
1781.448 958
1781.544 954
1781.639 941
1781.735 931
1781.830 920
1781.926 906
1782.022 905
1782.117 899
1782.213 879
1782.308 860
1782.404 838
1782.500 816
1782.595 795
1782.691 773
1782.786 749
1782.882 730
1782.978 716
1783.073 702
1783.169 690
1783.264 673
1783.360 664
1783.456 653
1783.551 649
1783.647 651
1783.743 649
1783.838 650
1783.934 664
1784.030 668
1784.125 674
1784.221 683
1784.317 680
1784.412 686
1784.508 687
1784.603 691
1784.699 694
1784.795 697
1784.890 689
1784.986 685
1785.082 685
1785.178 683
1785.273 690
1785.369 701
1785.465 721
1785.560 736
1785.656 752
1785.752 760
1785.847 761
1785.943 764
1786.039 762
1786.134 773
1786.230 756
1786.326 743
1786.422 714
1786.517 677
1786.613 679
1786.709 675
1786.804 677
1786.900 680
1786.996 677
1787.092 663
1787.187 663
1787.283 665
1787.379 666
1787.474 672
1787.570 672
1787.666 668
1787.762 663
1787.857 661
1787.953 663
1788.049 663
1788.145 650
1788.240 637
1788.336 633
1788.432 629
1788.528 627
1788.624 628
1788.719 629
1788.815 636
1788.911 652
1789.007 658
1789.102 662
1789.198 662
1789.294 661
1789.390 667
1789.486 671
1789.581 677
1789.677 665
1789.773 649
1789.869 641
1789.965 628
1790.060 630
1790.156 631
1790.252 632
1790.348 642
1790.444 648
1790.539 658
1790.635 654
1790.731 656
1790.827 656
1790.923 658
1791.019 656
1791.114 652
1791.210 651
1791.306 645
1791.402 641
1791.498 626
1791.594 614
1791.690 600
1791.785 584
1791.881 580
1791.977 579
1792.073 588
1792.169 601
1792.265 631
1792.361 655
1792.456 665
1792.552 671
1792.648 676
1792.744 675
1792.840 672
1792.936 677
1793.032 683
1793.128 673
1793.224 675
1793.319 687
1793.415 695
1793.511 713
1793.607 732
1793.703 730
1793.799 725
1793.895 711
1793.991 691
1794.087 674
1794.183 655
1794.279 647
1794.375 632
1794.470 631
1794.566 636
1794.662 632
1794.758 640
1794.854 642
1794.950 640
1795.046 648
1795.142 657
1795.238 668
1795.334 671
1795.430 670
1795.526 666
1795.622 667
1795.718 672
1795.814 679
1795.910 683
1796.006 679
1796.102 682
1796.198 677
1796.294 675
1796.390 678
1796.486 677
1796.582 683
1796.678 696
1796.774 695
1796.870 695
1796.965 696
1797.061 695
1797.158 699
1797.254 702
1797.350 694
1797.446 680
1797.542 660
1797.638 643
1797.734 624
1797.830 610
1797.926 598
1798.022 598
1798.118 601
1798.214 608
1798.310 611
1798.406 609
1798.502 622
1798.598 634
1798.694 649
1798.790 657
1798.886 659
1798.982 664
1799.078 667
1799.174 677
1799.270 688
1799.366 702
1799.462 713
1799.558 728
1799.654 734
1799.751 736
1799.847 735
1799.943 736
1800.039 731
1800.135 723
1800.231 736
1800.327 743
1800.423 759
1800.519 779
1800.615 802
1800.711 849
1800.808 895
1800.904 946
1801.000 988
1801.096 1025
1801.192 1035
1801.288 1034
1801.384 1030
1801.480 1011
1801.576 1015
1801.673 1017
1801.769 1022
1801.865 1036
1801.961 1049
1802.057 1063
1802.153 1082
1802.249 1088
1802.345 1079
1802.442 1074
1802.538 1067
1802.634 1077
1802.730 1083
1802.826 1093
1802.922 1098
1803.019 1107
1803.115 1120
1803.211 1127
1803.307 1135
1803.403 1128
1803.499 1110
1803.596 1094
1803.692 1071
1803.788 1049
1803.884 1044
1803.980 1038
1804.077 1028
1804.173 1025
1804.269 1011
1804.365 1000
1804.461 991
1804.558 987
1804.654 976
1804.750 967
1804.846 966
1804.942 956
1805.039 951
1805.135 949
1805.231 930
1805.327 921
1805.423 921
1805.520 918
1805.616 928
1805.712 927
1805.808 920
1805.905 910
1806.001 874
1806.097 842
1806.193 819
1806.290 795
1806.386 787
1806.482 785
1806.578 791
1806.675 800
1806.771 814
1806.867 818
1806.963 824
1807.060 821
1807.156 816
1807.252 811
1807.349 797
1807.445 786
1807.541 782
1807.637 769
1807.734 751
1807.830 735
1807.926 723
1808.023 720
1808.119 729
1808.215 742
1808.311 756
1808.408 754
1808.504 744
1808.600 730
1808.697 708
1808.793 684
1808.889 675
1808.986 665
1809.082 667
1809.178 680
1809.275 689
1809.371 685
1809.467 678
1809.564 660
1809.660 656
1809.756 658
1809.853 665
1809.949 667
1810.045 657
1810.142 650
1810.238 650
1810.334 659
1810.431 673
1810.527 678
1810.624 677
1810.720 661
1810.816 643
1810.913 634
1811.009 625
1811.105 622
1811.202 625
1811.298 632
1811.395 639
1811.491 651
1811.587 649
1811.684 645
1811.780 638
1811.877 629
1811.973 622
1812.069 618
1812.166 617
1812.262 604
1812.359 598
1812.455 586
1812.551 578
1812.648 581
1812.744 588
1812.841 583
1812.937 577
1813.034 585
1813.130 579
1813.226 578
1813.323 581
1813.419 578
1813.516 581
1813.612 588
1813.709 600
1813.805 609
1813.902 609
1813.998 617
1814.095 608
1814.191 607
1814.287 612
1814.384 613
1814.480 606
1814.577 605
1814.673 610
1814.770 598
1814.866 601
1814.963 605
1815.059 581
1815.156 566
1815.252 562
1815.349 553
1815.445 557
1815.542 573
1815.638 581
1815.735 584
1815.831 598
1815.928 605
1816.024 605
1816.121 614
1816.217 610
1816.314 609
1816.410 618
1816.507 625
1816.603 635
1816.700 641
1816.797 650
1816.893 651
1816.990 647
1817.086 643
1817.183 635
1817.279 616
1817.376 606
1817.472 593
1817.569 583
1817.665 580
1817.762 590
1817.859 603
1817.955 619
1818.052 640
1818.148 644
1818.245 639
1818.341 634
1818.438 614
1818.535 604
1818.631 600
1818.728 601
1818.824 608
1818.921 614
1819.018 621
1819.114 634
1819.211 648
1819.307 657
1819.404 662
1819.501 657
1819.597 654
1819.694 654
1819.790 657
1819.887 658
1819.984 666
1820.080 661
1820.177 668
1820.274 671
1820.370 658
1820.467 649
1820.563 633
1820.660 624
1820.757 625
1820.853 648
1820.950 670
1821.047 693
1821.143 704
1821.240 708
1821.337 707
1821.433 694
1821.530 699
1821.627 690
1821.723 685
1821.820 692
1821.917 702
1822.013 711
1822.110 714
1822.207 717
1822.303 706
1822.400 693
1822.497 679
1822.593 670
1822.690 655
1822.787 657
1822.884 669
1822.980 670
1823.077 682
1823.174 682
1823.270 686
1823.367 688
1823.464 698
1823.561 694
1823.657 686
1823.754 690
1823.851 677
1823.947 672
1824.044 673
1824.141 675
1824.238 689
1824.334 707
1824.431 717
1824.528 726
1824.625 755
1824.721 791
1824.818 830
1824.915 861
1825.012 887
1825.108 904
1825.205 919
1825.302 933
1825.399 931
1825.495 956
1825.592 980
1825.689 1001
1825.786 1040
1825.883 1055
1825.979 1062
1826.076 1074
1826.173 1073
1826.270 1076
1826.366 1080
1826.463 1087
1826.560 1091
1826.657 1083
1826.754 1073
1826.850 1060
1826.947 1054
1827.044 1052
1827.141 1048
1827.238 1042
1827.335 1048
1827.431 1060
1827.528 1075
1827.625 1093
1827.722 1103
1827.819 1096
1827.916 1084
1828.012 1072
1828.109 1050
1828.206 1032
1828.303 1019
1828.400 1005
1828.497 1001
1828.593 993
1828.690 986
1828.787 976
1828.884 971
1828.981 957
1829.078 950
1829.175 937
1829.272 923
1829.368 923
1829.465 916
1829.562 905
1829.659 886
1829.756 870
1829.853 847
1829.950 841
1830.047 827
1830.143 808
1830.240 798
1830.337 796
1830.434 805
1830.531 808
1830.628 814
1830.725 811
1830.822 806
1830.919 807
1831.016 801
1831.113 800
1831.210 792
1831.306 780
1831.403 769
1831.500 758
1831.597 748
1831.694 735
1831.791 725
1831.888 714
1831.985 710
1832.082 705
1832.179 696
1832.276 690
1832.373 673
1832.470 675
1832.567 673
1832.664 676
1832.761 683
1832.858 673
1832.955 661
1833.052 658
1833.149 650
1833.246 648
1833.343 652
1833.440 654
1833.536 644
1833.633 657
1833.730 664
1833.827 666
1833.924 672
1834.021 671
1834.118 671
1834.215 676
1834.312 674
1834.410 660
1834.507 648
1834.604 648
1834.701 641
1834.798 652
1834.895 664
1834.992 663
1835.089 663
1835.186 655
1835.283 644
1835.380 636
1835.477 640
1835.574 628
1835.671 618
1835.768 610
1835.865 603
1835.962 602
1836.059 604
1836.156 601
1836.253 598
1836.350 604
1836.447 614
1836.544 626
1836.641 642
1836.739 647
1836.836 650
1836.933 641
1837.030 636
1837.127 624
1837.224 608
1837.321 597
1837.418 590
1837.515 598
1837.612 605
1837.709 621
1837.807 640
1837.904 650
1838.001 661
1838.098 665
1838.195 664
1838.292 654
1838.389 642
1838.486 633
1838.583 629
1838.681 638
1838.778 642
1838.875 643
1838.972 640
1839.069 621
1839.166 608
1839.263 597
1839.361 589
1839.458 591
1839.555 587
1839.652 587
1839.749 577
1839.846 579
1839.943 577
1840.041 582
1840.138 594
1840.235 593
1840.332 589
1840.429 574
1840.526 561
1840.624 560
1840.721 562
1840.818 570
1840.915 580
1841.012 586
1841.110 592
1841.207 597
1841.304 590
1841.401 596
1841.498 601
1841.596 606
1841.693 613
1841.790 613
1841.887 610
1841.984 622
1842.082 627
1842.179 622
1842.276 625
1842.373 612
1842.471 603
1842.568 594
1842.665 587
1842.762 586
1842.859 579
1842.957 579
1843.054 583
1843.151 586
1843.248 596
1843.346 603
1843.443 604
1843.540 604
1843.637 611
1843.735 624
1843.832 631
1843.929 634
1844.027 637
1844.124 619
1844.221 608
1844.318 603
1844.416 592
1844.513 586
1844.610 591
1844.708 595
1844.805 595
1844.902 618
1844.999 623
1845.097 630
1845.194 643
1845.291 642
1845.389 656
1845.486 658
1845.583 658
1845.681 654
1845.778 655
1845.875 666
1845.972 687
1846.070 703
1846.167 708
1846.264 709
1846.362 702
1846.459 698
1846.556 687
1846.654 674
1846.751 668
1846.849 653
1846.946 638
1847.043 629
1847.141 618
1847.238 628
1847.335 641
1847.433 659
1847.530 671
1847.627 690
1847.725 712
1847.822 735
1847.919 752
1848.017 777
1848.114 796
1848.212 820
1848.309 855
1848.406 866
1848.504 872
1848.601 875
1848.699 890
1848.796 893
1848.893 899
1848.991 893
1849.088 885
1849.186 908
1849.283 937
1849.380 982
1849.478 1015
1849.575 1030
1849.673 1032
1849.770 1027
1849.868 1018
1849.965 1018
1850.062 1014
1850.160 1009
1850.257 1023
1850.355 1031
1850.452 1047
1850.550 1061
1850.647 1060
1850.744 1067
1850.842 1070
1850.939 1074
1851.037 1087
1851.134 1096
1851.232 1095
1851.329 1097
1851.427 1098
1851.524 1106
1851.622 1109
1851.719 1111
1851.817 1109
1851.914 1089
1852.012 1072
1852.109 1051
1852.207 1040
1852.304 1022
1852.402 1013
1852.499 1004
1852.597 988
1852.694 981
1852.792 974
1852.889 968
1852.987 958
1853.084 947
1853.182 940
1853.279 938
1853.377 927
1853.474 933
1853.572 927
1853.669 920
1853.767 922
1853.864 914
1853.962 902
1854.059 885
1854.157 872
1854.254 845
1854.352 824
1854.450 802
1854.547 780
1854.645 770
1854.742 758
1854.840 737
1854.937 730
1855.035 723
1855.132 720
1855.230 736
1855.328 754
1855.425 758
1855.523 765
1855.620 766
1855.718 759
1855.816 747
1855.913 740
1856.011 717
1856.108 693
1856.206 679
1856.303 665
1856.401 662
1856.499 660
1856.596 667
1856.694 674
1856.792 679
1856.889 694
1856.987 706
1857.084 718
1857.182 727
1857.280 739
1857.377 736
1857.475 723
1857.573 710
1857.670 701
1857.768 688
1857.865 674
1857.963 664
1858.061 647
1858.158 638
1858.256 631
1858.354 623
1858.451 623
1858.549 617
1858.647 612
1858.744 608
1858.842 600
1858.940 602
1859.037 605
1859.135 615
1859.233 618
1859.330 620
1859.428 618
1859.526 603
1859.623 582
1859.721 563
1859.819 550
1859.917 551
1860.014 558
1860.112 562
1860.210 572
1860.307 587
1860.405 604
1860.503 614
1860.600 624
1860.698 626
1860.796 630
1860.894 639
1860.991 645
1861.089 649
1861.187 646
1861.285 638
1861.382 630
1861.480 616
1861.578 606
1861.675 610
1861.773 612
1861.871 614
1861.969 611
1862.066 607
1862.164 600
1862.262 586
1862.360 584
1862.458 588
1862.555 595
1862.653 613
1862.751 615
1862.849 614
1862.946 616
1863.044 614
1863.142 610
1863.240 604
1863.338 607
1863.435 600
1863.533 606
1863.631 602
1863.729 588
1863.827 582
1863.924 573
1864.022 583
1864.120 592
1864.218 608
1864.316 618
1864.413 622
1864.511 632
1864.609 634
1864.707 629
1864.805 620
1864.903 617
1865.000 610
1865.098 604
1865.196 607
1865.294 608
1865.392 606
1865.490 620
1865.587 600
1865.685 578
1865.783 564
1865.881 539
1865.979 534
1866.077 527
1866.175 531
1866.272 533
1866.370 536
1866.468 545
1866.566 554
1866.664 561
1866.762 566
1866.860 569
1866.958 573
1867.055 575
1867.153 586
1867.251 601
1867.349 600
1867.447 612
1867.545 616
1867.643 617
1867.741 618
1867.839 621
1867.937 613
1868.034 605
1868.132 606
1868.230 601
1868.328 594
1868.426 589
1868.524 579
1868.622 577
1868.720 589
1868.818 604
1868.916 615
1869.014 624
1869.112 624
1869.210 622
1869.308 624
1869.406 611
1869.503 607
1869.601 599
1869.699 593
1869.797 606
1869.895 618
1869.993 634
1870.091 650
1870.189 660
1870.287 656
1870.385 644
1870.483 646
1870.581 643
1870.679 651
1870.777 663
1870.875 671
1870.973 684
1871.071 682
1871.169 691
1871.267 694
1871.365 697
1871.463 727
1871.561 744
1871.659 766
1871.757 783
1871.855 790
1871.953 800
1872.051 803
1872.149 819
1872.247 816
1872.345 812
1872.443 801
1872.541 788
1872.639 790
1872.737 796
1872.835 804
1872.933 815
1873.031 836
1873.130 852
1873.228 876
1873.326 898
1873.424 909
1873.522 922
1873.620 928
1873.718 936
1873.816 941
1873.914 939
1874.012 934
1874.110 933
1874.208 931
1874.306 936
1874.404 944
1874.503 949
1874.601 969
1874.699 986
1874.797 1002
1874.895 1025
1874.993 1026
1875.091 1026
1875.189 1027
1875.287 1026
1875.385 1031
1875.484 1033
1875.582 1035
1875.680 1027
1875.778 1013
1875.876 1005
1875.974 998
1876.072 996
1876.170 979
1876.269 961
1876.367 944
1876.465 922
1876.563 917
1876.661 919
1876.759 919
1876.857 925
1876.956 930
1877.054 931
1877.152 925
1877.250 901
1877.348 902
1877.446 893
1877.544 887
1877.643 891
1877.741 872
1877.839 859
1877.937 854
1878.035 857
1878.134 850
1878.232 843
1878.330 818
1878.428 796
1878.526 778
1878.624 765
1878.723 759
1878.821 751
1878.919 750
1879.017 739
1879.116 734
1879.214 730
1879.312 724
1879.410 719
1879.508 722
1879.607 717
1879.705 704
1879.803 695
1879.901 672
1880.000 650
1880.098 634
1880.196 620
1880.294 623
1880.392 624
1880.491 636
1880.589 641
1880.687 652
1880.785 667
1880.884 666
1880.982 664
1881.080 657
1881.179 644
1881.277 645
1881.375 639
1881.473 628
1881.572 641
1881.670 652
1881.768 665
1881.866 672
1881.965 674
1882.063 671
1882.161 669
1882.260 679
1882.358 681
1882.456 668
1882.554 660
1882.653 650
1882.751 645
1882.849 643
1882.948 640
1883.046 632
1883.144 614
1883.243 609
1883.341 602
1883.439 602
1883.538 603
1883.636 608
1883.734 616
1883.833 624
1883.931 631
1884.029 626
1884.128 618
1884.226 602
1884.324 580
1884.423 565
1884.521 551
1884.619 546
1884.718 535
1884.816 541
1884.914 545
1885.013 552
1885.111 572
1885.210 592
1885.308 610
1885.406 613
1885.505 627
1885.603 621
1885.701 609
1885.800 591
1885.898 571
1885.997 556
1886.095 552
1886.193 560
1886.292 563
1886.390 574
1886.489 578
1886.587 579
1886.685 577
1886.784 578
1886.882 585
1886.981 586
1887.079 594
1887.178 597
1887.276 601
1887.374 595
1887.473 592
1887.571 587
1887.670 578
1887.768 578
1887.867 572
1887.965 572
1888.064 569
1888.162 562
1888.260 553
1888.359 558
1888.457 555
1888.556 559
1888.654 562
1888.753 558
1888.851 556
1888.950 563
1889.048 573
1889.147 570
1889.245 570
1889.344 566
1889.442 563
1889.541 571
1889.639 581
1889.738 580
1889.836 576
1889.935 578
1890.033 577
1890.132 577
1890.230 577
1890.329 579
1890.427 577
1890.526 579
1890.624 581
1890.723 575
1890.821 570
1890.920 576
1891.018 576
1891.117 580
1891.215 580
1891.314 572
1891.412 563
1891.511 567
1891.609 578
1891.708 587
1891.806 608
1891.905 625
1892.004 636
1892.102 637
1892.201 643
1892.299 645
1892.398 641
1892.496 647
1892.595 653
1892.693 651
1892.792 656
1892.891 661
1892.989 662
1893.088 667
1893.186 654
1893.285 644
1893.384 621
1893.482 597
1893.581 577
1893.679 567
1893.778 560
1893.877 553
1893.975 563
1894.074 563
1894.172 578
1894.271 595
1894.370 605
1894.468 621
1894.567 628
1894.665 634
1894.764 642
1894.863 643
1894.961 646
1895.060 656
1895.159 660
1895.257 669
1895.356 686
1895.455 685
1895.553 684
1895.652 685
1895.750 683
1895.849 676
1895.948 677
1896.046 684
1896.145 690
1896.244 703
1896.342 717
1896.441 734
1896.540 746
1896.638 771
1896.737 796
1896.836 806
1896.934 819
1897.033 832
1897.132 836
1897.231 857
1897.329 876
1897.428 892
1897.527 904
1897.625 912
1897.724 914
1897.823 915
1897.921 932
1898.020 947
1898.119 974
1898.218 992
1898.316 1005
1898.415 1022
1898.514 1032
1898.612 1032
1898.711 1028
1898.810 1028
1898.909 1030
1899.007 1028
1899.106 1027
1899.205 1021
1899.304 1021
1899.402 1033
1899.501 1038
1899.600 1049
1899.699 1053
1899.797 1045
1899.896 1036
1899.995 1029
1900.094 1020
1900.192 1017
1900.291 1026
1900.390 1027
1900.489 1033
1900.588 1026
1900.686 1020
1900.785 1013
1900.884 994
1900.983 974
1901.082 949
1901.180 922
1901.279 898
1901.378 877
1901.477 862
1901.576 837
1901.674 818
1901.773 812
1901.872 805
1901.971 798
1902.070 788
1902.168 765
1902.267 739
1902.366 728
1902.465 718
1902.564 708
1902.663 706
1902.761 695
1902.860 689
1902.959 708
1903.058 715
1903.157 726
1903.256 747
1903.354 748
1903.453 748
1903.552 744
1903.651 735
1903.750 701
1903.849 671
1903.948 659
1904.047 643
1904.145 638
1904.244 638
1904.343 632
1904.442 623
1904.541 624
1904.640 622
1904.739 620
1904.838 615
1904.937 624
1905.035 624
1905.134 641
1905.233 656
1905.332 651
1905.431 650
1905.530 631
1905.629 625
1905.728 619
1905.827 618
1905.926 618
1906.025 616
1906.123 608
1906.222 607
1906.321 611
1906.420 600
1906.519 597
1906.618 591
1906.717 586
1906.816 594
1906.915 603
1907.014 601
1907.113 604
1907.212 613
1907.311 611
1907.410 618
1907.509 620
1907.608 616
1907.707 610
1907.806 603
1907.905 594
1908.004 579
1908.103 567
1908.202 552
1908.300 543
1908.399 546
1908.498 535
1908.597 523
1908.696 519
1908.795 516
1908.894 520
1908.993 528
1909.092 524
1909.191 519
1909.290 519
1909.389 520
1909.488 527
1909.588 533
1909.687 533
1909.786 534
1909.885 534
1909.984 539
1910.083 545
1910.182 541
1910.281 547
1910.380 545
1910.479 553
1910.578 571
1910.677 583
1910.776 602
1910.875 620
1910.974 635
1911.073 645
1911.172 655
1911.271 640
1911.370 618
1911.469 593
1911.568 569
1911.667 566
1911.767 565
1911.866 564
1911.965 556
1912.064 561
1912.163 571
1912.262 591
1912.361 616
1912.460 622
1912.559 622
1912.658 617
1912.757 606
1912.857 606
1912.956 591
1913.055 586
1913.154 582
1913.253 581
1913.352 590
1913.451 597
1913.550 610
1913.650 611
1913.749 623
1913.848 626
1913.947 636
1914.046 641
1914.145 640
1914.244 642
1914.343 629
1914.443 612
1914.542 599
1914.641 598
1914.740 604
1914.839 612
1914.938 620
1915.038 623
1915.137 617
1915.236 618
1915.335 612
1915.434 608
1915.533 602
1915.633 611
1915.732 617
1915.831 612
1915.930 614
1916.029 607
1916.128 597
1916.228 601
1916.327 614
1916.426 609
1916.525 608
1916.624 599
1916.724 585
1916.823 583
1916.922 585
1917.021 583
1917.121 569
1917.220 573
1917.319 567
1917.418 560
1917.517 563
1917.617 565
1917.716 566
1917.815 570
1917.914 582
1918.014 580
1918.113 590
1918.212 601
1918.311 603
1918.411 612
1918.510 614
1918.609 603
1918.708 608
1918.808 609
1918.907 613
1919.006 627
1919.105 635
1919.205 626
1919.304 617
1919.403 614
1919.503 607
1919.602 622
1919.701 633
1919.800 636
1919.900 645
1919.999 654
1920.098 666
1920.198 693
1920.297 720
1920.396 755
1920.495 788
1920.595 822
1920.694 846
1920.793 857
1920.893 880
1920.992 895
1921.091 911
1921.191 920
1921.290 931
1921.389 925
1921.489 920
1921.588 923
1921.687 921
1921.787 913
1921.886 930
1921.985 948
1922.085 971
1922.184 1002
1922.283 1029
1922.383 1027
1922.482 1019
1922.582 1012
1922.681 1001
1922.780 1014
1922.880 1025
1922.979 1034
1923.078 1039
1923.178 1035
1923.277 1039
1923.376 1040
1923.476 1043
1923.575 1043
1923.675 1043
1923.774 1040
1923.873 1030
1923.973 1011
1924.072 995
1924.172 982
1924.271 978
1924.370 964
1924.470 956
1924.569 948
1924.669 939
1924.768 958
1924.868 975
1924.967 985
1925.066 988
1925.166 974
1925.265 953
1925.365 923
1925.464 889
1925.564 858
1925.663 831
1925.762 815
1925.862 805
1925.961 788
1926.061 787
1926.160 783
1926.260 781
1926.359 777
1926.459 760
1926.558 748
1926.658 731
1926.757 731
1926.857 727
1926.956 725
1927.055 715
1927.155 697
1927.254 686
1927.354 678
1927.453 671
1927.553 662
1927.652 651
1927.752 649
1927.851 648
1927.951 657
1928.050 664
1928.150 660
1928.249 664
1928.349 666
1928.448 659
1928.548 654
1928.647 655
1928.747 653
1928.847 656
1928.946 677
1929.046 692
1929.145 689
1929.245 684
1929.344 672
1929.444 647
1929.543 638
1929.643 634
1929.742 634
1929.842 638
1929.941 641
1930.041 651
1930.141 648
1930.240 653
1930.340 655
1930.439 652
1930.539 646
1930.638 640
1930.738 642
1930.838 640
1930.937 650
1931.037 654
1931.136 647
1931.236 641
1931.336 634
1931.435 623
1931.535 606
1931.634 582
1931.734 566
1931.834 547
1931.933 543
1932.033 546
1932.132 550
1932.232 553
1932.332 563
1932.431 560
1932.531 561
1932.630 564
1932.730 557
1932.830 554
1932.929 550
1933.029 546
1933.129 561
1933.228 570
1933.328 578
1933.428 586
1933.527 579
1933.627 586
1933.727 587
1933.826 578
1933.926 568
1934.026 563
1934.125 554
1934.225 549
1934.325 551
1934.424 543
1934.524 539
1934.624 528
1934.723 521
1934.823 517
1934.923 515
1935.022 513
1935.122 511
1935.222 510
1935.321 513
1935.421 512
1935.521 516
1935.620 516
1935.720 517
1935.820 531
1935.920 536
1936.019 545
1936.119 565
1936.219 581
1936.318 589
1936.418 595
1936.518 591
1936.618 580
1936.717 572
1936.817 562
1936.917 558
1937.017 554
1937.116 553
1937.216 558
1937.316 561
1937.416 567
1937.515 578
1937.615 576
1937.715 569
1937.815 567
1937.914 556
1938.014 551
1938.114 551
1938.214 550
1938.313 551
1938.413 557
1938.513 563
1938.613 561
1938.713 561
1938.812 561
1938.912 569
1939.012 576
1939.112 597
1939.212 616
1939.311 628
1939.411 638
1939.511 642
1939.611 633
1939.711 618
1939.810 609
1939.910 594
1940.010 584
1940.110 592
1940.210 592
1940.309 592
1940.409 590
1940.509 592
1940.609 600
1940.709 605
1940.809 614
1940.909 616
1941.008 609
1941.108 610
1941.208 606
1941.308 602
1941.408 595
1941.508 589
1941.607 587
1941.707 586
1941.807 588
1941.907 585
1942.007 574
1942.107 567
1942.207 559
1942.307 558
1942.406 564
1942.506 581
1942.606 600
1942.706 609
1942.806 619
1942.906 630
1943.006 639
1943.106 656
1943.206 665
1943.306 659
1943.405 654
1943.505 647
1943.605 645
1943.705 638
1943.805 631
1943.905 613
1944.005 601
1944.105 598
1944.205 601
1944.305 621
1944.405 637
1944.505 665
1944.605 695
1944.704 727
1944.804 764
1944.904 799
1945.004 838
1945.104 858
1945.204 878
1945.304 891
1945.404 904
1945.504 921
1945.604 935
1945.704 945
1945.804 948
1945.904 946
1946.004 949
1946.104 952
1946.204 962
1946.304 980
1946.404 988
1946.504 1001
1946.604 1014
1946.704 1001
1946.804 991
1946.904 982
1947.004 969
1947.104 947
1947.204 929
1947.304 910
1947.404 898
1947.504 910
1947.604 922
1947.704 930
1947.804 950
1947.904 967
1948.004 973
1948.104 981
1948.204 979
1948.304 973
1948.404 976
1948.504 983
1948.604 979
1948.704 973
1948.804 967
1948.904 964
1949.004 970
1949.105 960
1949.205 952
1949.305 940
1949.405 920
1949.505 911
1949.605 900
1949.705 872
1949.805 845
1949.905 829
1950.005 817
1950.105 816
1950.205 816
1950.305 809
1950.406 793
1950.506 776
1950.606 758
1950.706 741
1950.806 733
1950.906 722
1951.006 706
1951.106 703
1951.206 693
1951.306 673
1951.407 657
1951.507 647
1951.607 634
1951.707 631
1951.807 630
1951.907 633
1952.007 633
1952.108 642
1952.208 651
1952.308 645
1952.408 641
1952.508 640
1952.608 639
1952.708 640
1952.809 639
1952.909 642
1953.009 643
1953.109 652
1953.209 651
1953.309 641
1953.410 641
1953.510 621
1953.610 608
1953.710 592
1953.810 589
1953.910 592
1954.011 597
1954.111 609
1954.211 616
1954.311 618
1954.411 618
1954.512 613
1954.612 612
1954.712 613
1954.812 607
1954.912 598
1955.013 590
1955.113 579
1955.213 578
1955.313 583
1955.413 593
1955.514 585
1955.614 574
1955.714 566
1955.814 554
1955.915 546
1956.015 541
1956.115 516
1956.215 500
1956.316 497
1956.416 492
1956.516 506
1956.616 521
1956.717 530
1956.817 547
1956.917 555
1957.017 556
1957.118 564
1957.218 566
1957.318 570
1957.418 574
1957.519 570
1957.619 565
1957.719 569
1957.820 561
1957.920 566
1958.020 573
1958.120 579
1958.221 574
1958.321 561
1958.421 555
1958.522 546
1958.622 547
1958.722 551
1958.823 545
1958.923 551
1959.023 555
1959.124 552
1959.224 550
1959.324 539
1959.425 522
1959.525 514
1959.625 503
1959.726 498
1959.826 499
1959.926 499
1960.027 510
1960.127 523
1960.227 537
1960.328 547
1960.428 553
1960.528 546
1960.629 537
1960.729 540
1960.829 549
1960.930 563
1961.030 580
1961.131 585
1961.231 583
1961.331 588
1961.432 587
1961.532 590
1961.632 587
1961.733 578
1961.833 573
1961.934 557
1962.034 549
1962.134 537
1962.235 534
1962.335 547
1962.436 559
1962.536 574
1962.636 584
1962.737 581
1962.837 575
1962.938 564
1963.038 559
1963.138 550
1963.239 536
1963.339 530
1963.440 520
1963.540 518
1963.641 519
1963.741 517
1963.842 521
1963.942 523
1964.042 522
1964.143 526
1964.243 540
1964.344 547
1964.444 550
1964.545 548
1964.645 544
1964.746 531
1964.846 512
1964.947 511
1965.047 507
1965.148 519
1965.248 541
1965.348 554
1965.449 567
1965.549 579
1965.650 589
1965.750 601
1965.851 605
1965.951 598
1966.052 593
1966.152 593
1966.253 609
1966.353 624
1966.454 636
1966.554 644
1966.655 635
1966.756 624
1966.856 613
1966.957 597
1967.057 594
1967.158 603
1967.258 607
1967.359 622
1967.459 636
1967.560 641
1967.660 646
1967.761 644
1967.861 636
1967.962 629
1968.063 622
1968.163 616
1968.264 622
1968.364 625
1968.465 629
1968.565 639
1968.666 651
1968.766 670
1968.867 692
1968.968 712
1969.068 732
1969.169 749
1969.269 769
1969.370 788
1969.471 806
1969.571 826
1969.672 844
1969.772 855
1969.873 863
1969.974 883
1970.074 905
1970.175 928
1970.275 944
1970.376 941
1970.477 935
1970.577 932
1970.678 950
1970.778 966
1970.879 980
1970.980 992
1971.080 982
1971.181 980
1971.282 970
1971.382 960
1971.483 953
1971.584 944
1971.684 949
1971.785 950
1971.885 955
1971.986 968
1972.087 973
1972.187 980
1972.288 977
1972.389 974
1972.489 970
1972.590 965
1972.691 960
1972.791 933
1972.892 915
1972.993 897
1973.093 888
1973.194 891
1973.295 885
1973.396 891
1973.496 887
1973.597 868
1973.698 853
1973.798 819
1973.899 788
1974.000 782
1974.100 776
1974.201 777
1974.302 777
1974.403 770
1974.503 758
1974.604 746
1974.705 734
1974.806 723
1974.906 715
1975.007 715
1975.108 714
1975.208 710
1975.309 713
1975.410 701
1975.511 687
1975.611 666
1975.712 649
1975.813 636
1975.914 629
1976.014 628
1976.115 627
1976.216 626
1976.317 624
1976.418 630
1976.518 622
1976.619 628
1976.720 630
1976.821 627
1976.921 630
1977.022 628
1977.123 621
1977.224 608
1977.325 593
1977.425 583
1977.526 577
1977.627 582
1977.728 595
1977.829 590
1977.929 589
1978.030 584
1978.131 576
1978.232 572
1978.333 579
1978.433 591
1978.534 600
1978.635 613
1978.736 628
1978.837 622
1978.938 610
1979.038 612
1979.139 607
1979.240 601
1979.341 603
1979.442 595
1979.543 591
1979.644 583
1979.744 582
1979.845 566
1979.946 554
1980.047 545
1980.148 533
1980.249 526
1980.350 518
1980.451 518
1980.551 515
1980.652 520
1980.753 530
1980.854 535
1980.955 540
1981.056 543
1981.157 535
1981.258 537
1981.359 539
1981.459 542
1981.560 553
1981.661 551
1981.762 551
1981.863 545
1981.964 548
1982.065 545
1982.166 541
1982.267 543
1982.368 549
1982.469 558
1982.569 557
1982.670 559
1982.771 549
1982.872 544
1982.973 553
1983.074 561
1983.175 563
1983.276 567
1983.377 563
1983.478 561
1983.579 559
1983.680 563
1983.781 565
1983.882 564
1983.983 567
1984.084 562
1984.185 553
1984.286 547
1984.387 544
1984.488 548
1984.589 553
1984.690 558
1984.791 552
1984.892 544
1984.993 537
1985.094 523
1985.195 518
1985.296 512
1985.397 508
1985.498 508
1985.599 514
1985.700 523
1985.801 528
1985.902 530
1986.003 530
1986.104 535
1986.205 539
1986.306 542
1986.407 540
1986.508 530
1986.609 521
1986.710 523
1986.811 525
1986.912 524
1987.013 525
1987.114 529
1987.215 533
1987.316 545
1987.417 555
1987.518 559
1987.619 563
1987.720 555
1987.821 549
1987.923 541
1988.024 527
1988.125 532
1988.226 539
1988.327 555
1988.428 569
1988.529 594
1988.630 615
1988.731 635
1988.832 651
1988.933 643
1989.034 639
1989.136 625
1989.237 607
1989.338 591
1989.439 582
1989.540 569
1989.641 562
1989.742 559
1989.843 545
1989.944 541
1990.046 545
1990.147 547
1990.248 550
1990.349 562
1990.450 578
1990.551 602
1990.652 624
1990.754 635
1990.855 640
1990.956 642
1991.057 642
1991.158 637
1991.259 627
1991.360 626
1991.462 626
1991.563 646
1991.664 661
1991.765 666
1991.866 666
1991.967 656
1992.069 665
1992.170 679
1992.271 696
1992.372 713
1992.473 710
1992.575 722
1992.676 741
1992.777 768
1992.878 788
1992.979 805
1993.081 808
1993.182 798
1993.283 806
1993.384 808
1993.485 819
1993.587 826
1993.688 840
1993.789 853
1993.890 865
1993.992 888
1994.093 903
1994.194 913
1994.295 913
1994.396 908
1994.498 896
1994.599 894
1994.700 900
1994.801 903
1994.903 924
1995.004 928
1995.105 937
1995.206 950
1995.308 951
1995.409 967
1995.510 976
1995.611 984
1995.713 986
1995.814 1001
1995.915 1010
1996.017 1021
1996.118 1028
1996.219 1009
1996.320 989
1996.422 962
1996.523 950
1996.624 947
1996.726 949
1996.827 940
1996.928 924
1997.030 902
1997.131 884
1997.232 884
1997.333 884
1997.435 873
1997.536 869
1997.637 864
1997.739 852
1997.840 844
1997.941 835
1998.043 821
1998.144 798
1998.245 790
1998.347 788
1998.448 778
1998.549 762
1998.651 742
1998.752 718
1998.853 694
1998.955 684
1999.056 679
1999.158 669
1999.259 672
1999.360 667
1999.462 668
1999.563 672
1999.664 674
1999.766 681
1999.867 680
1999.969 683
2000.070 676
2000.171 678
2000.273 687
2000.374 691
2000.475 696
2000.577 687
2000.678 675
2000.780 660
2000.881 643
2000.982 636
2001.084 644
2001.185 649
2001.287 650
2001.388 654
2001.490 645
2001.591 630
2001.692 618
2001.794 604
2001.895 596
2001.997 593
2002.098 598
2002.200 599
2002.301 605
2002.402 621
2002.504 616
2002.605 616
2002.707 612
2002.808 600
2002.910 599
2003.011 599
2003.113 604
2003.214 611
2003.316 620
2003.417 630
2003.519 625
2003.620 627
2003.721 610
2003.823 589
2003.924 575
2004.026 562
2004.127 556
2004.229 554
2004.330 560
2004.432 563
2004.533 560
2004.635 570
2004.736 575
2004.838 581
2004.939 585
2005.041 576
2005.142 567
2005.244 563
2005.345 566
2005.447 567
2005.549 564
2005.650 556
2005.752 553
2005.853 559
2005.955 562
2006.056 561
2006.158 549
2006.259 536
2006.361 536
2006.462 533
2006.564 530
2006.665 522
2006.767 514
2006.869 512
2006.970 515
2007.072 524
2007.173 521
2007.275 521
2007.376 526
2007.478 530
2007.580 538
2007.681 549
2007.783 558
2007.884 559
2007.986 569
2008.088 569
2008.189 564
2008.291 562
2008.392 557
2008.494 549
2008.595 546
2008.697 540
2008.799 539
2008.900 553
2009.002 573
2009.104 597
2009.205 612
2009.307 616
2009.408 612
2009.510 610
2009.612 605
2009.713 595
2009.815 582
2009.917 571
2010.018 571
2010.120 576
2010.222 597
2010.323 606
2010.425 601
2010.526 599
2010.628 581
2010.730 569
2010.831 554
2010.933 545
2011.035 538
2011.136 528
2011.238 527
2011.340 527
2011.441 524
2011.543 518
2011.645 512
2011.747 501
2011.848 504
2011.950 511
2012.052 528
2012.153 539
2012.255 546
2012.357 558
2012.458 553
2012.560 557
2012.662 562
2012.764 560
2012.865 556
2012.967 556
2013.069 547
2013.170 529
2013.272 527
2013.374 522
2013.476 520
2013.577 526
2013.679 538
2013.781 554
2013.883 570
2013.984 587
2014.086 598
2014.188 599
2014.290 595
2014.391 593
2014.493 583
2014.595 574
2014.697 568
2014.798 560
2014.900 552
2015.002 553
2015.104 556
2015.205 546
2015.307 546
2015.409 542
2015.511 547
2015.613 562
2015.714 571
2015.816 575
2015.918 585
2016.020 604
2016.121 629
2016.223 647
2016.325 658
2016.427 665
2016.529 677
2016.631 692
2016.732 711
2016.834 734
2016.936 747
2017.038 764
2017.140 770
2017.241 781
2017.343 790
2017.445 794
2017.547 800
2017.649 804
2017.751 811
2017.852 824
2017.954 838
2018.056 843
2018.158 863
2018.260 879
2018.362 896
2018.464 915
2018.565 923
2018.667 932
2018.769 940
2018.871 943
2018.973 949
2019.075 951
2019.177 953
2019.279 958
2019.380 952
2019.482 951
2019.584 954
2019.686 955
2019.788 960
2019.890 950
2019.992 941
2020.094 939
2020.196 950
2020.297 959
2020.399 969
2020.501 976
2020.603 962
2020.705 953
2020.807 941
2020.909 923
2021.011 914
2021.113 912
2021.215 893
2021.317 885
2021.419 867
2021.521 847
2021.622 839
2021.724 826
2021.826 815
2021.928 802
2022.030 781
2022.132 756
2022.234 758
2022.336 746
2022.438 734
2022.540 722
2022.642 699
2022.744 691
2022.846 697
2022.948 693
2023.050 702
2023.152 705
2023.254 700
2023.356 707
2023.458 696
2023.560 690
2023.662 684
2023.764 680
2023.866 670
2023.968 667
2024.070 659
2024.172 651
2024.274 656
2024.376 653
2024.478 656
2024.580 663
2024.682 653
2024.784 646
2024.886 642
2024.988 625
2025.090 618
2025.192 615
2025.294 612
2025.396 619
2025.498 626
2025.600 622
2025.702 628
2025.804 624
2025.906 609
2026.008 594
2026.110 576
2026.212 560
2026.315 550
2026.417 546
2026.519 547
2026.621 540
2026.723 548
2026.825 553
2026.927 564
2027.029 574
2027.131 583
2027.233 585
2027.335 581
2027.437 586
2027.539 578
2027.642 571
2027.744 568
2027.846 559
2027.948 569
2028.050 578
2028.152 597
2028.254 607
2028.356 607
2028.458 603
2028.561 588
2028.663 582
2028.765 575
2028.867 569
2028.969 568
2029.071 552
2029.173 557
2029.275 563
2029.378 561
2029.480 561
2029.582 567
2029.684 574
2029.786 586
2029.888 601
2029.990 601
2030.093 592
2030.195 583
2030.297 573
2030.399 555
2030.501 541
2030.603 528
2030.706 517
2030.808 523
2030.910 533
2031.012 540
2031.114 544
2031.217 545
2031.319 546
2031.421 547
2031.523 547
2031.625 540
2031.727 531
2031.830 523
2031.932 521
2032.034 525
2032.136 528
2032.239 545
2032.341 555
2032.443 545
2032.545 552
2032.647 547
2032.750 541
2032.852 545
2032.954 548
2033.056 546
2033.159 559
2033.261 569
2033.363 571
2033.465 572
2033.568 563
2033.670 545
2033.772 543
2033.874 535
2033.977 520
2034.079 512
2034.181 501
2034.283 489
2034.386 491
2034.488 492
2034.590 499
2034.692 505
2034.795 514
2034.897 521
2034.999 525
2035.102 531
2035.204 528
2035.306 515
2035.408 508
2035.511 516
2035.613 517
2035.715 515
2035.818 519
2035.920 512
2036.022 499
2036.125 503
2036.227 504
2036.329 510
2036.431 516
2036.534 523
2036.636 532
2036.738 543
2036.841 561
2036.943 573
2037.045 576
2037.148 586
2037.250 593
2037.352 604
2037.455 615
2037.557 621
2037.660 636
2037.762 632
2037.864 633
2037.967 625
2038.069 605
2038.171 591
2038.274 575
2038.376 569
2038.478 562
2038.581 559
2038.683 550
2038.786 547
2038.888 538
2038.990 545
2039.093 559
2039.195 570
2039.298 587
2039.400 600
2039.502 615
2039.605 619
2039.707 623
2039.810 637
2039.912 644
2040.014 645
2040.117 648
2040.219 647
2040.322 644
2040.424 657
2040.526 672
2040.629 682
2040.731 686
2040.834 696
2040.936 699
2041.039 713
2041.141 735
2041.244 748
2041.346 770
2041.448 788
2041.551 805
2041.653 827
2041.756 849
2041.858 873
2041.961 888
2042.063 897
2042.166 904
2042.268 893
2042.371 890
2042.473 885
2042.576 876
2042.678 890
2042.780 900
2042.883 915
2042.985 935
2043.088 948
2043.190 963
2043.293 980
2043.395 998
2043.498 1023
2043.600 1043
2043.703 1069
2043.805 1090
2043.908 1077
2044.010 1059
2044.113 1039
2044.216 1009
2044.318 986
2044.421 970
2044.523 953
2044.626 941
2044.728 938
2044.831 930
2044.933 921
2045.036 911
2045.138 904
2045.241 902
2045.343 907
2045.446 894
2045.548 887
2045.651 871
2045.754 842
2045.856 822
2045.959 809
2046.061 796
2046.164 786
2046.266 787
2046.369 762
2046.472 743
2046.574 730
2046.677 702
2046.779 690
2046.882 677
2046.985 666
2047.087 659
2047.190 649
2047.292 639
2047.395 634
2047.498 635
2047.600 649
2047.703 660
2047.805 664
2047.908 655
2048.011 640
2048.113 630
2048.216 628
2048.318 631
2048.421 633
2048.524 631
2048.626 629
2048.729 624
2048.832 617
2048.934 609
2049.037 597
2049.140 580
2049.242 581
2049.345 593
2049.447 604
2049.550 620
2049.653 623
2049.755 621
2049.858 616
2049.961 613
2050.063 617
2050.166 615
2050.269 610
2050.371 605
2050.474 584
2050.577 567
2050.680 553
2050.782 541
2050.885 542
2050.988 557
2051.090 571
2051.193 587
2051.296 593
2051.398 599
2051.501 606
2051.604 606
2051.707 615
2051.809 619
2051.912 621
2052.015 620
2052.117 612
2052.220 591
2052.323 568
2052.426 545
2052.528 528
2052.631 521
2052.734 520
2052.837 526
2052.939 538
2053.042 550
2053.145 561
2053.247 575
2053.350 575
2053.453 576
2053.556 579
2053.659 578
2053.761 564
2053.864 558
2053.967 544
2054.070 532
2054.172 538
2054.275 542
2054.378 554
2054.481 566
2054.583 580
2054.686 581
2054.789 582
2054.892 582
2054.995 580
2055.097 584
2055.200 580
2055.303 579
2055.406 577
2055.509 574
2055.611 574
2055.714 581
2055.817 582
2055.920 585
2056.023 591
2056.126 594
2056.228 592
2056.331 593
2056.434 585
2056.537 580
2056.640 572
2056.743 574
2056.845 570
2056.948 564
2057.051 564
2057.154 563
2057.257 555
2057.360 550
2057.463 541
2057.565 525
2057.668 517
2057.771 507
2057.874 499
2057.977 503
2058.080 505
2058.183 507
2058.285 512
2058.388 519
2058.491 531
2058.594 538
2058.697 539
2058.800 541
2058.903 548
2059.006 544
2059.109 545
2059.212 554
2059.314 543
2059.417 538
2059.520 530
2059.623 512
2059.726 502
2059.829 496
2059.932 502
2060.035 512
2060.138 528
2060.241 544
2060.344 546
2060.447 539
2060.549 527
2060.652 519
2060.755 522
2060.858 526
2060.961 526
2061.064 528
2061.167 527
2061.270 525
2061.373 528
2061.476 530
2061.579 531
2061.682 536
2061.785 552
2061.888 572
2061.991 599
2062.094 615
2062.197 618
2062.300 613
2062.403 594
2062.506 573
2062.609 565
2062.712 562
2062.815 558
2062.918 565
2063.021 574
2063.124 583
2063.227 597
2063.330 609
2063.433 612
2063.536 608
2063.639 606
2063.742 600
2063.845 610
2063.948 625
2064.051 629
2064.154 635
2064.257 631
2064.360 622
2064.463 633
2064.566 647
2064.669 651
2064.772 663
2064.875 675
2064.978 685
2065.081 710
2065.184 731
2065.287 738
2065.390 745
2065.494 736
2065.597 745
2065.700 747
2065.803 752
2065.906 769
2066.009 774
2066.112 807
2066.215 829
2066.318 853
2066.421 880
2066.524 897
2066.627 909
2066.730 917
2066.834 935
2066.937 936
2067.040 939
2067.143 941
2067.246 933
2067.349 940
2067.452 936
2067.555 934
2067.658 933
2067.762 931
2067.865 941
2067.968 958
2068.071 970
2068.174 962
2068.277 959
2068.380 947
2068.483 943
2068.587 959
2068.690 961
2068.793 965
2068.896 962
2068.999 950
2069.102 940
2069.206 933
2069.309 931
2069.412 921
2069.515 914
2069.618 902
2069.721 890
2069.825 871
2069.928 859
2070.031 846
2070.134 838
2070.237 832
2070.340 819
2070.444 810
2070.547 793
2070.650 786
2070.753 774
2070.856 759
2070.960 755
2071.063 743
2071.166 735
2071.269 724
2071.372 713
2071.476 694
2071.579 675
2071.682 665
2071.785 642
2071.889 631
2071.992 625
2072.095 622
2072.198 616
2072.301 609
2072.405 598
2072.508 589
2072.611 586
2072.714 578
2072.818 568
2072.921 559
2073.024 552
2073.127 544
2073.231 542
2073.334 548
2073.437 563
2073.540 562
2073.644 570
2073.747 575
2073.850 580
2073.954 580
2074.057 577
2074.160 564
2074.263 555
2074.367 553
2074.470 547
2074.573 546
2074.677 536
2074.780 543
2074.883 550
2074.987 545
2075.090 544
2075.193 527
2075.296 511
2075.400 497
2075.503 495
2075.606 489
2075.710 490
2075.813 488
2075.916 487
2076.020 490
2076.123 487
2076.226 497
2076.330 502
2076.433 511
2076.536 527
2076.640 536
2076.743 551
2076.846 544
2076.950 539
2077.053 528
2077.156 514
2077.260 521
2077.363 525
2077.467 528
2077.570 539
2077.673 536
2077.777 536
2077.880 543
2077.983 544
2078.087 534
2078.190 524
2078.294 513
2078.397 498
2078.500 503
2078.604 500
2078.707 497
2078.811 504
2078.914 504
2079.017 504
2079.121 505
2079.224 506
2079.328 494
2079.431 492
2079.534 483
2079.638 475
2079.741 487
2079.845 501
2079.948 516
2080.052 527
2080.155 524
2080.258 518
2080.362 515
2080.465 501
2080.569 493
2080.672 481
2080.776 480
2080.879 489
2080.983 504
2081.086 527
2081.190 543
2081.293 560
2081.396 557
2081.500 548
2081.603 538
2081.707 520
2081.810 522
2081.914 528
2082.017 533
2082.121 547
2082.224 553
2082.328 564
2082.431 568
2082.535 571
2082.638 564
2082.742 561
2082.845 561
2082.949 552
2083.052 545
2083.156 524
2083.259 518
2083.363 511
2083.466 507
2083.570 511
2083.673 506
2083.777 505
2083.880 507
2083.984 517
2084.088 530
2084.191 542
2084.295 557
2084.398 568
2084.502 571
2084.605 562
2084.709 553
2084.812 543
2084.916 534
2085.019 541
2085.123 543
2085.227 543
2085.330 551
2085.434 556
2085.537 558
2085.641 557
2085.744 540
2085.848 514
2085.952 500
2086.055 493
2086.159 501
2086.262 509
2086.366 523
2086.470 530
2086.573 538
2086.677 547
2086.780 551
2086.884 551
2086.988 542
2087.091 530
2087.195 522
2087.298 513
2087.402 513
2087.506 516
2087.609 534
2087.713 558
2087.817 583
2087.920 609
2088.024 612
2088.127 622
2088.231 624
2088.335 611
2088.438 605
2088.542 595
2088.646 589
2088.749 585
2088.853 595
2088.957 611
2089.060 642
2089.164 677
2089.268 708
2089.371 729
2089.475 759
2089.579 779
2089.682 796
2089.786 816
2089.890 817
2089.993 837
2090.097 851
2090.201 860
2090.304 873
2090.408 876
2090.512 887
2090.616 898
2090.719 905
2090.823 917
2090.927 921
2091.030 929
2091.134 930
2091.238 926
2091.342 930
2091.445 931
2091.549 934
2091.653 944
2091.756 945
2091.860 950
2091.964 951
2092.068 948
2092.171 938
2092.275 929
2092.379 913
2092.483 895
2092.586 882
2092.690 868
2092.794 867
2092.898 864
2093.001 885
2093.105 896
2093.209 900
2093.313 900
2093.416 887
2093.520 876
2093.624 871
2093.728 864
2093.832 844
2093.935 834
2094.039 814
2094.143 796
2094.247 788
2094.351 784
2094.454 782
2094.558 785
2094.662 783
2094.766 769
2094.870 762
2094.973 747
2095.077 745
2095.181 744
2095.285 740
2095.389 739
2095.492 729
2095.596 726
2095.700 721
2095.804 707
2095.908 694
2096.012 682
2096.115 672
2096.219 657
2096.323 639
2096.427 627
2096.531 611
2096.635 599
2096.739 591
2096.842 578
2096.946 569
2097.050 558
2097.154 554
2097.258 551
2097.362 547
2097.466 539
2097.569 542
2097.673 534
2097.777 536
2097.881 545
2097.985 530
2098.089 522
2098.193 503
2098.297 486
2098.401 472
2098.504 461
2098.608 455
2098.712 445
2098.816 451
2098.920 450
2099.024 466
2099.128 482
2099.232 492
2099.336 507
2099.440 515
2099.544 522
2099.648 521
2099.751 527
2099.855 524
2099.959 529
2100.063 519
2100.167 508
2100.271 508
2100.375 508
2100.479 514
2100.583 522
2100.687 518
2100.791 507
2100.895 514
2100.999 525
2101.103 542
2101.207 569
2101.311 574
2101.415 574
2101.519 578
2101.623 578
2101.727 573
2101.831 557
2101.935 537
2102.039 520
2102.143 506
2102.247 502
2102.351 506
2102.455 506
2102.559 513
2102.663 522
2102.767 530
2102.871 537
2102.975 526
2103.079 514
2103.183 497
2103.287 483
2103.391 475
2103.495 473
2103.599 484
2103.703 491
2103.807 502
2103.911 518
2104.015 529
2104.119 538
2104.223 529
2104.327 517
2104.431 508
2104.535 504
2104.639 507
2104.743 512
2104.847 500
2104.951 492
2105.055 492
2105.160 490
2105.264 498
2105.368 506
2105.472 516
2105.576 524
2105.680 538
2105.784 552
2105.888 550
2105.992 553
2106.096 551
2106.200 555
2106.304 564
2106.409 568
2106.513 567
2106.617 558
2106.721 547
2106.825 541
2106.929 550
2107.033 561
2107.137 560
2107.241 554
2107.346 556
2107.450 547
2107.554 540
2107.658 536
2107.762 513
2107.866 489
2107.970 484
2108.075 479
2108.179 483
2108.283 494
2108.387 514
2108.491 536
2108.595 557
2108.699 571
2108.804 569
2108.908 574
2109.012 568
2109.116 554
2109.220 555
2109.324 548
2109.429 538
2109.533 537
2109.637 531
2109.741 524
2109.845 530
2109.949 531
2110.054 534
2110.158 532
2110.262 533
2110.366 547
2110.470 545
2110.575 551
2110.679 557
2110.783 558
2110.887 559
2110.992 564
2111.096 560
2111.200 562
2111.304 565
2111.408 568
2111.513 582
2111.617 598
2111.721 600
2111.825 605
2111.930 604
2112.034 598
2112.138 604
2112.242 618
2112.347 625
2112.451 633
2112.555 641
2112.659 646
2112.764 653
2112.868 671
2112.972 680
2113.076 685
2113.181 705
2113.285 718
2113.389 736
2113.493 744
2113.598 749
2113.702 753
2113.806 773
2113.911 800
2114.015 813
2114.119 825
2114.224 829
2114.328 838
2114.432 852
2114.536 872
2114.641 882
2114.745 890
2114.849 900
2114.954 911
2115.058 918
2115.162 924
2115.267 932
2115.371 938
2115.475 923
2115.580 914
2115.684 910
2115.788 900
2115.893 900
2115.997 902
2116.101 900
2116.206 896
2116.310 897
2116.414 891
2116.519 887
2116.623 880
2116.727 878
2116.832 883
2116.936 884
2117.041 895
2117.145 899
2117.249 894
2117.354 889
2117.458 885
2117.562 872
2117.667 866
2117.771 865
2117.876 855
2117.980 839
2118.084 818
2118.189 801
2118.293 775
2118.398 768
2118.502 767
2118.606 753
2118.711 748
2118.815 743
2118.920 740
2119.024 733
2119.128 724
2119.233 717
2119.337 706
2119.442 695
2119.546 696
2119.651 690
2119.755 681
2119.859 676
2119.964 657
2120.068 640
2120.173 621
2120.277 610
2120.382 603
2120.486 609
2120.591 620
2120.695 626
2120.799 633
2120.904 629
2121.008 622
2121.113 617
2121.217 624
2121.322 631
2121.426 631
2121.531 627
2121.635 619
2121.740 604
2121.844 593
2121.949 582
2122.053 582
2122.158 580
2122.262 584
2122.367 589
2122.471 588
2122.576 583
2122.680 581
2122.785 579
2122.889 573
2122.994 574
2123.098 567
2123.203 554
2123.307 543
2123.412 533
2123.516 530
2123.621 526
2123.725 522
2123.830 524
2123.935 520
2124.039 510
2124.144 502
2124.248 498
2124.353 497
2124.457 499
2124.562 507
2124.666 510
2124.771 512
2124.876 521
2124.980 531
2125.085 536
2125.189 540
2125.294 539
2125.398 521
2125.503 494
2125.608 476
2125.712 463
2125.817 462
2125.921 466
2126.026 476
2126.131 486
2126.235 500
2126.340 514
2126.444 520
2126.549 516
2126.654 514
2126.758 512
2126.863 504
2126.967 503
2127.072 508
2127.177 503
2127.281 504
2127.386 515
2127.491 523
2127.595 525
2127.700 533
2127.804 528
2127.909 525
2128.014 529
2128.118 523
2128.223 522
2128.328 518
2128.432 514
2128.537 508
2128.642 513
2128.746 519
2128.851 515
2128.956 514
2129.060 510
2129.165 521
2129.270 533
2129.374 546
2129.479 556
2129.584 554
2129.688 551
2129.793 546
2129.898 548
2130.002 542
2130.107 534
2130.212 528
2130.317 517
2130.421 515
2130.526 522
2130.631 521
2130.735 520
2130.840 523
2130.945 518
2131.049 520
2131.154 518
2131.259 512
2131.364 521
2131.468 529
2131.573 543
2131.678 552
2131.783 558
2131.887 562
2131.992 556
2132.097 547
2132.202 539
2132.306 532
2132.411 511
2132.516 496
2132.621 490
2132.725 488
2132.830 498
2132.935 506
2133.040 508
2133.144 510
2133.249 513
2133.354 522
2133.459 535
2133.564 546
2133.668 544
2133.773 544
2133.878 540
2133.983 550
2134.088 552
2134.192 550
2134.297 558
2134.402 559
2134.507 572
2134.612 588
2134.716 592
2134.821 589
2134.926 603
2135.031 602
2135.136 604
2135.240 616
2135.345 617
2135.450 614
2135.555 619
2135.660 618
2135.765 604
2135.869 608
2135.974 614
2136.079 615
2136.184 627
2136.289 634
2136.394 638
2136.499 646
2136.603 653
2136.708 660
2136.813 660
2136.918 666
2137.023 668
2137.128 661
2137.233 652
2137.337 650
2137.442 657
2137.547 670
2137.652 692
2137.757 714
2137.862 734
2137.967 754
2138.072 778
2138.177 796
2138.281 809
2138.386 826
2138.491 834
2138.596 845
2138.701 862
2138.806 873
2138.911 902
2139.016 915
2139.121 924
2139.226 940
2139.331 925
2139.436 921
2139.540 919
2139.645 910
2139.750 898
2139.855 887
2139.960 876
2140.065 866
2140.170 849
2140.275 842
2140.380 831
2140.485 818
2140.590 822
2140.695 818
2140.800 810
2140.905 803
2141.010 809
2141.115 815
2141.220 812
2141.325 828
2141.430 813
2141.535 799
2141.640 807
2141.745 796
2141.850 805
2141.955 804
2142.060 802
2142.165 805
2142.270 794
2142.375 801
2142.480 799
2142.585 801
2142.690 795
2142.795 773
2142.900 756
2143.005 731
2143.110 719
2143.215 713
2143.320 710
2143.425 700
2143.530 692
2143.635 683
2143.740 669
2143.845 650
2143.950 631
2144.055 613
2144.160 606
2144.265 595
2144.370 594
2144.475 590
2144.580 591
2144.685 597
2144.790 598
2144.896 594
2145.001 586
2145.106 579
2145.211 557
2145.316 546
2145.421 538
2145.526 533
2145.631 541
2145.736 545
2145.841 540
2145.946 529
2146.051 528
2146.157 527
2146.262 529
2146.367 526
2146.472 529
2146.577 529
2146.682 545
2146.787 551
2146.892 552
2146.997 558
2147.103 553
2147.208 554
2147.313 550
2147.418 546
2147.523 532
2147.628 526
2147.733 517
2147.838 506
2147.944 505
2148.049 504
2148.154 498
2148.259 491
2148.364 485
2148.469 483
2148.574 481
2148.680 477
2148.785 479
2148.890 479
2148.995 488
2149.100 498
2149.206 506
2149.311 509
2149.416 499
2149.521 486
2149.626 477
2149.731 471
2149.837 476
2149.942 490
2150.047 486
2150.152 484
2150.257 484
2150.363 481
2150.468 489
2150.573 495
2150.678 502
2150.783 499
2150.889 493
2150.994 500
2151.099 509
2151.204 513
2151.310 520
2151.415 522
2151.520 503
2151.625 484
2151.730 475
2151.836 465
2151.941 465
2152.046 466
2152.151 465
2152.257 470
2152.362 474
2152.467 483
2152.572 482
2152.678 481
2152.783 490
2152.888 494
2152.994 500
2153.099 510
2153.204 506
2153.309 509
2153.415 509
2153.520 506
2153.625 501
2153.730 492
2153.836 489
2153.941 481
2154.046 477
2154.152 480
2154.257 486
2154.362 483
2154.468 491
2154.573 497
2154.678 490
2154.783 489
2154.889 491
2154.994 487
2155.099 483
2155.205 483
2155.310 474
2155.415 465
2155.521 471
2155.626 477
2155.731 487
2155.837 495
2155.942 495
2156.047 488
2156.153 488
2156.258 481
2156.363 474
2156.469 459
2156.574 460
2156.680 464
2156.785 470
2156.890 488
2156.996 511
2157.101 533
2157.206 562
2157.312 585
2157.417 596
2157.523 603
2157.628 600
2157.733 597
2157.839 588
2157.944 571
2158.049 560
2158.155 541
2158.260 536
2158.366 543
2158.471 538
2158.577 549
2158.682 552
2158.787 548
2158.893 541
2158.998 536
2159.104 540
2159.209 538
2159.314 546
2159.420 562
2159.525 567
2159.631 579
2159.736 593
2159.842 612
2159.947 634
2160.052 652
2160.158 662
2160.263 660
2160.369 659
2160.474 658
2160.580 651
2160.685 648
2160.791 656
2160.896 667
2161.002 671
2161.107 689
2161.213 696
2161.318 706
2161.424 720
2161.529 738
2161.634 749
2161.740 759
2161.845 769
2161.951 765
2162.056 772
2162.162 779
2162.267 777
2162.373 785
2162.478 794
2162.584 801
2162.689 815
2162.795 831
2162.900 840
2163.006 856
2163.112 870
2163.217 881
2163.323 900
2163.428 911
2163.534 919
2163.639 924
2163.745 913
2163.850 907
2163.956 906
2164.061 903
2164.167 894
2164.272 885
2164.378 873
2164.484 871
2164.589 862
2164.695 860
2164.800 864
2164.906 859
2165.011 853
2165.117 850
2165.222 833
2165.328 796
2165.434 787
2165.539 763
2165.645 752
2165.750 763
2165.856 762
2165.962 768
2166.067 769
2166.173 762
2166.278 752
2166.384 742
2166.490 730
2166.595 712
2166.701 705
2166.806 696
2166.912 686
2167.018 684
2167.123 668
2167.229 664
2167.335 663
2167.440 647
2167.546 648
2167.651 637
2167.757 631
2167.863 637
2167.968 635
2168.074 640
2168.180 645
2168.285 647
2168.391 644
2168.497 637
2168.602 631
2168.708 609
2168.814 593
2168.919 578
2169.025 563
2169.131 549
2169.236 551
2169.342 548
2169.448 547
2169.553 548
2169.659 551
2169.765 552
2169.870 548
2169.976 554
2170.082 550
2170.187 547
2170.293 552
2170.399 554
2170.505 548
2170.610 542
2170.716 542
2170.822 539
2170.927 544
2171.033 550
2171.139 558
2171.245 563
2171.350 560
2171.456 563
2171.562 563
2171.667 570
2171.773 585
2171.879 595
2171.985 596
2172.090 583
2172.196 562
2172.302 540
2172.408 527
2172.513 514
2172.619 513
2172.725 515
2172.831 503
2172.936 505
2173.042 497
2173.148 490
2173.254 493
2173.360 484
2173.465 487
2173.571 494
2173.677 501
2173.783 508
2173.888 511
2173.994 513
2174.100 509
2174.206 510
2174.312 511
2174.417 505
2174.523 512
2174.629 517
2174.735 523
2174.841 523
2174.946 515
2175.052 502
2175.158 489
2175.264 482
2175.370 472
2175.476 465
2175.581 470
2175.687 471
2175.793 474
2175.899 486
2176.005 483
2176.111 477
2176.216 466
2176.322 456
2176.428 453
2176.534 460
2176.640 463
2176.746 472
2176.852 477
2176.957 482
2177.063 503
2177.169 509
2177.275 512
2177.381 513
2177.487 497
2177.593 492
2177.699 491
2177.804 492
2177.910 487
2178.016 489
2178.122 485
2178.228 483
2178.334 493
2178.440 507
2178.546 526
2178.652 542
2178.758 555
2178.864 562
2178.969 563
2179.075 557
2179.181 551
2179.287 542
2179.393 526
2179.499 512
2179.605 507
2179.711 491
2179.817 491
2179.923 492
2180.029 484
2180.135 490
2180.241 479
2180.347 473
2180.453 462
2180.558 441
2180.664 437
2180.770 433
2180.876 437
2180.982 447
2181.088 452
2181.194 461
2181.300 475
2181.406 491
2181.512 512
2181.618 530
2181.724 541
2181.830 550
2181.936 546
2182.042 535
2182.148 528
2182.254 512
2182.360 511
2182.466 506
2182.572 504
2182.678 500
2182.784 503
2182.890 502
2182.996 490
2183.102 484
2183.208 476
2183.314 479
2183.420 484
2183.526 485
2183.632 487
2183.738 484
2183.844 482
2183.950 482
2184.056 496
2184.162 507
2184.269 520
2184.375 542
2184.481 563
2184.587 590
2184.693 612
2184.799 634
2184.905 644
2185.011 655
2185.117 667
2185.223 678
2185.329 691
2185.435 697
2185.541 710
2185.647 724
2185.753 744
2185.860 761
2185.966 770
2186.072 779
2186.178 785
2186.284 802
2186.390 824
2186.496 841
2186.602 852
2186.708 861
2186.814 864
2186.921 867
2187.027 873
2187.133 869
2187.239 861
2187.345 849
2187.451 845
2187.557 834
2187.663 816
2187.770 806
2187.876 794
2187.982 785
2188.088 779
2188.194 787
2188.300 792
2188.406 807
2188.513 822
2188.619 835
2188.725 838
2188.831 844
2188.937 845
2189.043 843
2189.150 848
2189.256 853
2189.362 857
2189.468 854
2189.574 851
2189.680 838
2189.787 821
2189.893 806
2189.999 782
2190.105 757
2190.211 740
2190.318 727
2190.424 711
2190.530 699
2190.636 687
2190.742 670
2190.849 663
2190.955 654
2191.061 647
2191.167 638
2191.273 612
2191.380 594
2191.486 577
2191.592 559
2191.698 560
2191.805 553
2191.911 543
2192.017 540
2192.123 539
2192.230 535
2192.336 538
2192.442 544
2192.548 547
2192.655 551
2192.761 562
2192.867 578
2192.973 568
2193.080 566
2193.186 550
2193.292 539
2193.398 539
2193.505 535
2193.611 529
2193.717 518
2193.823 518
2193.930 513
2194.036 505
2194.142 507
2194.249 492
2194.355 483
2194.461 476
2194.568 464
2194.674 461
2194.780 453
2194.886 463
2194.993 467
2195.099 474
2195.205 479
2195.312 480
2195.418 492
2195.524 503
2195.631 505
2195.737 503
2195.843 505
2195.950 514
2196.056 522
2196.162 523
2196.269 516
2196.375 504
2196.481 500
2196.588 496
2196.694 502
2196.800 507
2196.907 516
2197.013 528
2197.120 539
2197.226 545
2197.332 550
2197.439 549
2197.545 540
2197.651 530
2197.758 519
2197.864 509
2197.971 503
2198.077 498
2198.183 481
2198.290 468
2198.396 451
2198.503 439
2198.609 435
2198.715 427
2198.822 428
2198.928 436
2199.035 442
2199.141 456
2199.247 455
2199.354 462
2199.460 474
2199.567 480
2199.673 491
2199.780 508
2199.886 525
2199.992 534
2200.099 549
2200.205 535
2200.312 523
2200.418 511
2200.525 498
2200.631 489
2200.738 476
2200.844 466
2200.950 452
2201.057 452
2201.163 451
2201.270 454
2201.376 453
2201.483 460
2201.589 470
2201.696 473
2201.802 470
2201.909 476
2202.015 480
2202.122 481
2202.228 488
2202.335 486
2202.441 482
2202.548 486
2202.654 495
2202.761 495
2202.867 492
2202.974 486
2203.080 478
2203.187 476
2203.293 476
2203.400 471
2203.506 471
2203.613 466
2203.719 469
2203.826 473
2203.932 475
2204.039 477
2204.145 483
2204.252 488
2204.359 487
2204.465 486
2204.572 483
2204.678 476
2204.785 472
2204.891 476
2204.998 474
2205.104 476
2205.211 472
2205.318 464
2205.424 458
2205.531 453
2205.637 446
2205.744 447
2205.850 444
2205.957 460
2206.064 476
2206.170 495
2206.277 509
2206.383 516
2206.490 519
2206.597 518
2206.703 529
2206.810 529
2206.916 529
2207.023 534
2207.130 530
2207.236 530
2207.343 523
2207.449 514
2207.556 506
2207.663 500
2207.769 495
2207.876 489
2207.983 481
2208.089 478
2208.196 477
2208.302 479
2208.409 491
2208.516 501
2208.622 511
2208.729 537
2208.836 566
2208.942 617
2209.049 664
2209.156 690
2209.262 714
2209.369 723
2209.476 724
2209.582 724
2209.689 731
2209.796 733
2209.902 732
2210.009 737
2210.116 742
2210.222 755
2210.329 766
2210.436 762
2210.543 766
2210.649 770
2210.756 768
2210.863 790
2210.969 802
2211.076 811
2211.183 821
2211.290 825
2211.396 841
2211.503 853
2211.610 867
2211.716 876
2211.823 881
2211.930 885
2212.037 892
2212.143 896
2212.250 899
2212.357 900
2212.464 901
2212.570 882
2212.677 862
2212.784 844
2212.891 824
2212.997 815
2213.104 811
2213.211 795
2213.318 774
2213.424 758
2213.531 750
2213.638 746
2213.745 753
2213.851 751
2213.958 746
2214.065 742
2214.172 746
2214.279 742
2214.385 733
2214.492 723
2214.599 716
2214.706 694
2214.813 677
2214.919 676
2215.026 665
2215.133 664
2215.240 666
2215.347 661
2215.453 649
2215.560 637
2215.667 616
2215.774 595
2215.881 576
2215.988 565
2216.094 556
2216.201 540
2216.308 532
2216.415 525
2216.522 523
2216.629 525
2216.735 528
2216.842 530
2216.949 532
2217.056 533
2217.163 529
2217.270 525
2217.377 520
2217.483 516
2217.590 516
2217.697 516
2217.804 521
2217.911 515
2218.018 511
2218.125 507
2218.232 496
2218.338 493
2218.445 491
2218.552 487
2218.659 489
2218.766 507
2218.873 517
2218.980 518
2219.087 518
2219.194 506
2219.301 500
2219.407 501
2219.514 500
2219.621 495
2219.728 486
2219.835 481
2219.942 475
2220.049 481
2220.156 481
2220.263 484
2220.370 495
2220.477 493
2220.584 493
2220.691 496
2220.798 499
2220.905 492
2221.012 497
2221.118 485
2221.225 474
2221.332 469
2221.439 469
2221.546 471
2221.653 472
2221.760 474
2221.867 473
2221.974 471
2222.081 460
2222.188 452
2222.295 438
2222.402 429
2222.509 425
2222.616 428
2222.723 430
2222.830 443
2222.937 452
2223.044 456
2223.151 464
2223.258 468
2223.365 472
2223.472 470
2223.579 466
2223.686 468
2223.793 477
2223.900 497
2224.007 518
2224.114 529
2224.221 533
2224.328 527
2224.435 516
2224.542 500
2224.650 484
2224.757 473
2224.864 459
2224.971 436
2225.078 422
2225.185 413
2225.292 405
2225.399 418
2225.506 434
2225.613 447
2225.720 458
2225.827 465
2225.934 469
2226.041 476
2226.148 480
2226.255 486
2226.363 492
2226.470 492
2226.577 489
2226.684 483
2226.791 475
2226.898 467
2227.005 450
2227.112 445
2227.219 446
2227.326 443
2227.434 451
2227.541 464
2227.648 472
2227.755 478
2227.862 477
2227.969 468
2228.076 461
2228.183 457
2228.291 459
2228.398 467
2228.505 471
2228.612 483
2228.719 503
2228.826 504
2228.933 509
2229.041 508
2229.148 502
2229.255 496
2229.362 487
2229.469 474
2229.576 467
2229.684 456
2229.791 445
2229.898 441
2230.005 441
2230.112 440
2230.219 435
2230.327 440
2230.434 448
2230.541 461
2230.648 477
2230.755 490
2230.863 492
2230.970 492
2231.077 490
2231.184 482
2231.291 467
2231.399 471
2231.506 474
2231.613 478
2231.720 493
2231.827 503
2231.935 518
2232.042 530
2232.149 537
2232.256 544
2232.364 541
2232.471 542
2232.578 551
2232.685 565
2232.793 587
2232.900 612
2233.007 627
2233.114 628
2233.222 641
2233.329 664
2233.436 686
2233.543 703
2233.651 714
2233.758 718
2233.865 718
2233.972 721
2234.080 726
2234.187 728
2234.294 724
2234.401 738
2234.509 757
2234.616 758
2234.723 781
2234.831 792
2234.938 795
2235.045 810
2235.153 822
2235.260 836
2235.367 842
2235.474 849
2235.582 856
2235.689 861
2235.796 866
2235.904 872
2236.011 875
2236.118 878
2236.226 878
2236.333 874
2236.440 874
2236.548 853
2236.655 834
2236.762 826
2236.870 820
2236.977 821
2237.084 817
2237.192 806
2237.299 790
2237.406 778
2237.514 781
2237.621 792
2237.729 792
2237.836 790
2237.943 783
2238.051 773
2238.158 768
2238.265 759
2238.373 756
2238.480 742
2238.588 728
2238.695 728
2238.802 717
2238.910 706
2239.017 697
2239.125 674
2239.232 655
2239.339 653
2239.447 649
2239.554 646
2239.662 645
2239.769 631
2239.876 612
2239.984 608
2240.091 598
2240.199 593
2240.306 592
2240.413 589
2240.521 597
2240.628 604
2240.736 618
2240.843 625
2240.951 636
2241.058 641
2241.166 644
2241.273 642
2241.380 635
2241.488 619
2241.595 600
2241.703 580
2241.810 561
2241.918 553
2242.025 546
2242.133 540
2242.240 531
2242.348 521
2242.455 512
2242.563 513
2242.670 519
2242.778 520
2242.885 525
2242.993 524
2243.100 518
2243.208 518
2243.315 526
2243.423 516
2243.530 503
2243.638 486
2243.745 449
2243.853 433
2243.960 423
2244.068 419
2244.175 421
2244.283 424
2244.390 426
2244.498 425
2244.605 428
2244.713 433
2244.820 443
2244.928 449
2245.035 454
2245.143 452
2245.251 455
2245.358 459
2245.466 460
2245.573 472
2245.681 480
2245.788 497
2245.896 508
2246.003 514
2246.111 514
2246.219 507
2246.326 503
2246.434 490
2246.541 482
2246.649 470
2246.757 457
2246.864 452
2246.972 450
2247.079 444
2247.187 441
2247.294 443
2247.402 446
2247.510 447
2247.617 452
2247.725 455
2247.833 451
2247.940 444
2248.048 445
2248.155 435
2248.263 433
2248.371 439
2248.478 435
2248.586 432
2248.694 425
2248.801 423
2248.909 418
2249.016 428
2249.124 438
2249.232 443
2249.339 451
2249.447 470
2249.555 478
2249.662 493
2249.770 505
2249.878 503
2249.985 510
2250.093 512
2250.201 503
2250.308 496
2250.416 481
2250.524 469
2250.631 453
2250.739 448
2250.847 447
2250.954 448
2251.062 453
2251.170 466
2251.277 477
2251.385 482
2251.493 482
2251.601 494
2251.708 501
2251.816 515
2251.924 528
2252.031 523
2252.139 519
2252.247 502
2252.355 492
2252.462 476
2252.570 462
2252.678 453
2252.785 450
2252.893 449
2253.001 445
2253.109 443
2253.216 435
2253.324 435
2253.432 433
2253.540 442
2253.647 462
2253.755 475
2253.863 484
2253.971 484
2254.078 480
2254.186 487
2254.294 490
2254.402 490
2254.510 497
2254.617 498
2254.725 497
2254.833 499
2254.941 501
2255.048 488
2255.156 472
2255.264 466
2255.372 460
2255.480 471
2255.587 479
2255.695 486
2255.803 493
2255.911 511
2256.019 522
2256.127 525
2256.234 532
2256.342 531
2256.450 536
2256.558 551
2256.666 568
2256.773 574
2256.881 587
2256.989 601
2257.097 606
2257.205 617
2257.313 617
2257.420 616
2257.528 613
2257.636 615
2257.744 629
2257.852 652
2257.960 678
2258.068 714
2258.175 746
2258.283 766
2258.391 799
2258.499 811
2258.607 821
2258.715 830
2258.823 822
2258.931 825
2259.038 820
2259.146 811
2259.254 798
2259.362 795
2259.470 797
2259.578 795
2259.686 803
2259.794 814
2259.902 828
2260.010 845
2260.117 852
2260.225 863
2260.333 877
2260.441 895
2260.549 906
2260.657 910
2260.765 906
2260.873 898
2260.981 893
2261.089 892
2261.197 872
2261.305 857
2261.413 835
2261.521 820
2261.629 823
2261.736 815
2261.844 819
2261.952 801
2262.060 786
2262.168 768
2262.276 735
2262.384 720
2262.492 704
2262.600 703
2262.708 704
2262.816 701
2262.924 699
2263.032 692
2263.140 685
2263.248 673
2263.356 660
2263.464 649
2263.572 634
2263.680 626
2263.788 617
2263.896 604
2264.004 600
2264.112 599
2264.220 595
2264.328 591
2264.436 583
2264.544 563
2264.652 550
2264.760 540
2264.868 534
2264.976 530
2265.084 522
2265.192 521
2265.300 511
2265.408 517
2265.516 529
2265.624 539
2265.733 542
2265.841 531
2265.949 519
2266.057 513
2266.165 511
2266.273 520
2266.381 519
2266.489 512
2266.597 509
2266.705 504
2266.813 500
2266.921 491
2267.029 486
2267.137 478
2267.245 472
2267.354 473
2267.462 470
2267.570 469
2267.678 469
2267.786 482
2267.894 490
2268.002 494
2268.110 495
2268.218 492
2268.326 485
2268.435 497
2268.543 511
2268.651 524
2268.759 539
2268.867 529
2268.975 515
2269.083 497
2269.191 478
2269.300 455
2269.408 434
2269.516 425
2269.624 417
2269.732 422
2269.840 431
2269.948 435
2270.057 442
2270.165 441
2270.273 443
2270.381 444
2270.489 442
2270.597 447
2270.706 456
2270.814 474
2270.922 478
2271.030 477
2271.138 474
2271.246 477
2271.355 480
2271.463 496
2271.571 510
2271.679 512
2271.787 514
2271.896 515
2272.004 515
2272.112 513
2272.220 518
2272.328 514
2272.437 516
2272.545 519
2272.653 530
2272.761 538
2272.870 530
2272.978 527
2273.086 518
2273.194 501
2273.302 493
2273.411 476
2273.519 476
2273.627 463
2273.735 454
2273.844 450
2273.952 434
2274.060 438
2274.168 440
2274.277 448
2274.385 456
2274.493 448
2274.601 449
2274.710 446
2274.818 446
2274.926 435
2275.035 426
2275.143 408
2275.251 395
2275.359 398
2275.468 400
2275.576 404
2275.684 409
2275.793 407
2275.901 404
2276.009 414
2276.117 416
2276.226 420
2276.334 424
2276.442 423
2276.551 420
2276.659 432
2276.767 446
2276.876 462
2276.984 480
2277.092 499
2277.201 505
2277.309 502
2277.417 507
2277.526 496
2277.634 484
2277.742 477
2277.851 461
2277.959 443
2278.067 433
2278.176 428
2278.284 431
2278.392 436
2278.501 440
2278.609 442
2278.717 439
2278.826 436
2278.934 432
2279.043 436
2279.151 437
2279.259 442
2279.368 457
2279.476 457
2279.584 461
2279.693 465
2279.801 462
2279.910 461
2280.018 461
2280.126 458
2280.235 456
2280.343 469
2280.452 481
2280.560 505
2280.668 522
2280.777 529
2280.885 529
2280.994 534
2281.102 543
2281.211 543
2281.319 555
2281.427 575
2281.536 598
2281.644 628
2281.753 648
2281.861 666
2281.970 678
2282.078 695
2282.186 715
2282.295 712
2282.403 726
2282.512 729
2282.620 736
2282.729 752
2282.837 758
2282.946 768
2283.054 780
2283.163 793
2283.271 809
2283.380 827
2283.488 832
2283.597 831
2283.705 825
2283.814 819
2283.922 819
2284.030 819
2284.139 828
2284.247 835
2284.356 837
2284.464 840
2284.573 836
2284.682 836
2284.790 828
2284.899 821
2285.007 818
2285.116 821
2285.224 829
2285.333 818
2285.441 812
2285.550 792
2285.658 776
2285.767 757
2285.875 734
2285.984 725
2286.092 715
2286.201 736
2286.309 750
2286.418 754
2286.527 755
2286.635 743
2286.744 732
2286.852 726
2286.961 724
2287.069 713
2287.178 705
2287.287 692
2287.395 682
2287.504 678
2287.612 676
2287.721 672
2287.829 668
2287.938 658
2288.047 646
2288.155 624
2288.264 597
2288.372 573
2288.481 554
2288.590 550
2288.698 540
2288.807 546
2288.915 552
2289.024 556
2289.133 555
2289.241 554
2289.350 552
2289.459 550
2289.567 557
2289.676 549
2289.784 547
2289.893 542
2290.002 539
2290.110 536
2290.219 532
2290.328 522
2290.436 512
2290.545 492
2290.654 480
2290.762 468
2290.871 461
2290.980 454
2291.088 447
2291.197 458
2291.306 464
2291.414 472
2291.523 479
2291.632 474
2291.740 451
2291.849 437
2291.958 425
2292.066 417
2292.175 426
2292.284 427
2292.392 430
2292.501 446
2292.610 457
2292.718 473
2292.827 484
2292.936 487
2293.045 497
2293.153 502
2293.262 503
2293.371 506
2293.479 511
2293.588 504
2293.697 497
2293.806 485
2293.914 472
2294.023 460
2294.132 456
2294.241 448
2294.349 440
2294.458 442
2294.567 443
2294.676 450
2294.784 452
2294.893 463
2295.002 468
2295.111 479
2295.219 501
2295.328 517
2295.437 527
2295.546 530
2295.654 521
2295.763 501
2295.872 491
2295.981 477
2296.090 459
2296.198 444
2296.307 429
2296.416 423
2296.525 420
2296.634 435
2296.742 443
2296.851 458
2296.960 481
2297.069 490
2297.178 507
2297.286 508
2297.395 499
2297.504 500
2297.613 496
2297.722 492
2297.831 485
2297.939 477
2298.048 463
2298.157 450
2298.266 443
2298.375 434
2298.484 430
2298.592 437
2298.701 437
2298.810 438
2298.919 443
2299.028 444
2299.137 443
2299.246 444
2299.354 446
2299.463 442
2299.572 444
2299.681 440
2299.790 434
2299.899 427
2300.008 432
2300.117 449
2300.225 459
2300.334 477
2300.443 496
2300.552 505
2300.661 521
2300.770 531
2300.879 537
2300.988 525
2301.097 517
2301.206 497
2301.314 475
2301.423 463
2301.532 453
2301.641 452
2301.750 453
2301.859 457
2301.968 468
2302.077 474
2302.186 472
2302.295 472
2302.404 464
2302.513 459
2302.622 457
2302.731 460
2302.839 466
2302.948 474
2303.057 485
2303.166 485
2303.275 480
2303.384 471
2303.493 458
2303.602 450
2303.711 444
2303.820 432
2303.929 419
2304.038 426
2304.147 434
2304.256 455
2304.365 483
2304.474 492
2304.583 503
2304.692 516
2304.801 512
2304.910 526
2305.019 535
2305.128 541
2305.237 560
2305.346 571
2305.455 588
2305.564 590
2305.673 604
2305.782 618
2305.891 635
2306.000 653
2306.109 668
2306.218 678
2306.327 693
2306.436 717
2306.545 735
2306.654 754
2306.763 763
2306.872 759
2306.981 758
2307.091 758
2307.200 754
2307.309 750
2307.418 748
2307.527 746
2307.636 752
2307.745 766
2307.854 780
2307.963 781
2308.072 781
2308.181 763
2308.290 745
2308.399 735
2308.508 733
2308.618 753
2308.727 776
2308.836 802
2308.945 818
2309.054 838
2309.163 849
2309.272 851
2309.381 848
2309.490 825
2309.599 803
2309.709 788
2309.818 780
2309.927 768
2310.036 767
2310.145 738
2310.254 716
2310.363 697
2310.472 673
2310.582 663
2310.691 647
2310.800 639
2310.909 633
2311.018 654
2311.127 669
2311.236 677
2311.346 677
2311.455 661
2311.564 649
2311.673 634
2311.782 630
2311.891 610
2312.001 594
2312.110 576
2312.219 555
2312.328 547
2312.437 544
2312.546 547
2312.656 538
2312.765 547
2312.874 553
2312.983 558
2313.092 571
2313.202 575
2313.311 582
2313.420 580
2313.529 575
2313.638 557
2313.748 541
2313.857 529
2313.966 503
2314.075 492
2314.185 478
2314.294 470
2314.403 463
2314.512 470
2314.621 482
2314.731 496
2314.840 510
2314.949 501
2315.058 494
2315.168 478
2315.277 456
2315.386 455
2315.495 451
2315.605 448
2315.714 450
2315.823 457
2315.932 463
2316.042 473
2316.151 484
2316.260 480
2316.370 474
2316.479 466
2316.588 464
2316.697 462
2316.807 450
2316.916 444
2317.025 433
2317.135 435
2317.244 444
2317.353 448
2317.462 454
2317.572 454
2317.681 449
2317.790 448
2317.900 445
2318.009 450
2318.118 450
2318.228 448
2318.337 448
2318.446 444
2318.556 452
2318.665 454
2318.774 461
2318.884 453
2318.993 439
2319.102 432
2319.212 420
2319.321 419
2319.430 426
2319.540 424
2319.649 428
2319.758 433
2319.868 448
2319.977 456
2320.086 457
2320.196 458
2320.305 451
2320.415 453
2320.524 453
2320.633 458
2320.743 459
2320.852 460
2320.961 467
2321.071 471
2321.180 484
2321.290 483
2321.399 484
2321.508 467
2321.618 446
2321.727 428
2321.837 416
2321.946 413
2322.055 411
2322.165 406
2322.274 408
2322.384 394
2322.493 385
2322.603 391
2322.712 389
2322.821 396
2322.931 401
2323.040 414
2323.150 432
2323.259 433
2323.369 440
2323.478 440
2323.588 438
2323.697 448
2323.806 454
2323.916 457
2324.025 454
2324.135 452
2324.244 454
2324.354 457
2324.463 459
2324.573 454
2324.682 457
2324.792 446
2324.901 438
2325.011 448
2325.120 447
2325.230 455
2325.339 462
2325.449 467
2325.558 467
2325.668 471
2325.777 472
2325.887 475
2325.996 480
2326.106 483
2326.215 489
2326.325 489
2326.434 490
2326.544 485
2326.653 473
2326.763 471
2326.872 470
2326.982 464
2327.091 455
2327.201 450
2327.310 446
2327.420 453
2327.529 467
2327.639 464
2327.749 452
2327.858 449
2327.968 445
2328.077 446
2328.187 451
2328.296 456
2328.406 450
2328.515 464
2328.625 477
2328.735 483
2328.844 486
2328.954 489
2329.063 491
2329.173 489
2329.283 499
2329.392 494
2329.502 482
2329.611 484
2329.721 472
2329.830 485
2329.940 498
2330.050 516
2330.159 538
2330.269 561
2330.379 584
2330.488 614
2330.598 650
2330.707 685
2330.817 726
2330.927 747
2331.036 768
2331.146 783
2331.256 797
2331.365 811
2331.475 829
2331.584 829
2331.694 825
2331.804 812
2331.913 802
2332.023 793
2332.133 789
2332.242 783
2332.352 778
2332.462 792
2332.571 807
2332.681 820
2332.791 814
2332.900 800
2333.010 786
2333.120 775
2333.229 778
2333.339 775
2333.449 767
2333.558 756
2333.668 742
2333.778 735
2333.888 728
2333.997 721
2334.107 712
2334.217 723
2334.326 735
2334.436 732
2334.546 732
2334.655 721
2334.765 706
2334.875 697
2334.985 690
2335.094 672
2335.204 656
2335.314 645
2335.424 633
2335.533 625
2335.643 614
2335.753 596
2335.863 579
2335.972 562
2336.082 548
2336.192 538
2336.302 540
2336.411 539
2336.521 544
2336.631 545
2336.741 541
2336.850 539
2336.960 537
2337.070 538
2337.180 536
2337.289 541
2337.399 539
2337.509 540
2337.619 539
2337.729 542
2337.838 545
2337.948 548
2338.058 552
2338.168 547
2338.278 535
2338.387 517
2338.497 507
2338.607 499
2338.717 486
2338.827 486
2338.936 479
2339.046 489
2339.156 498
2339.266 496
2339.376 500
2339.486 497
2339.595 496
2339.705 492
2339.815 488
2339.925 484
2340.035 482
2340.145 478
2340.254 471
2340.364 469
2340.474 466
2340.584 475
2340.694 481
2340.804 482
2340.914 478
2341.023 467
2341.133 456
2341.243 460
2341.353 461
2341.463 462
2341.573 463
2341.683 452
2341.793 437
2341.903 431
2342.012 423
2342.122 422
2342.232 427
2342.342 425
2342.452 427
2342.562 425
2342.672 417
2342.782 421
2342.892 421
2343.002 420
2343.111 422
2343.221 431
2343.331 439
2343.441 443
2343.551 454
2343.661 452
2343.771 459
2343.881 461
2343.991 457
2344.101 449
2344.211 431
2344.321 421
2344.431 409
2344.541 402
2344.651 390
2344.761 396
2344.871 400
2344.980 407
2345.090 413
2345.200 407
2345.310 411
2345.420 407
2345.530 414
2345.640 416
2345.750 419
2345.860 417
2345.970 422
2346.080 426
2346.190 434
2346.300 439
2346.410 436
2346.520 434
2346.630 431
2346.740 426
2346.850 426
2346.960 426
2347.070 432
2347.180 445
2347.290 458
2347.400 461
2347.510 461
2347.620 460
2347.730 459
2347.840 465
2347.950 472
2348.061 479
2348.171 489
2348.281 498
2348.391 508
2348.501 515
2348.611 520
2348.721 507
2348.831 487
2348.941 475
2349.051 458
2349.161 452
2349.271 446
2349.381 443
2349.491 444
2349.601 445
2349.711 453
2349.821 465
2349.932 473
2350.042 474
2350.152 479
2350.262 471
2350.372 456
2350.482 446
2350.592 424
2350.702 409
2350.812 402
2350.922 403
2351.032 406
2351.143 403
2351.253 401
2351.363 401
2351.473 409
2351.583 423
2351.693 437
2351.803 451
2351.913 462
2352.024 461
2352.134 465
2352.244 473
2352.354 481
2352.464 486
2352.574 494
2352.684 498
2352.795 490
2352.905 490
2353.015 491
2353.125 492
2353.235 500
2353.345 509
2353.456 503
2353.566 514
2353.676 528
2353.786 550
2353.896 577
2354.006 600
2354.117 622
2354.227 642
2354.337 673
2354.447 685
2354.557 702
2354.668 708
2354.778 707
2354.888 710
2354.998 711
2355.108 726
2355.219 741
2355.329 757
2355.439 768
2355.549 771
2355.659 771
2355.770 779
2355.880 779
2355.990 785
2356.100 790
2356.211 780
2356.321 774
2356.431 758
2356.541 745
2356.651 726
2356.762 713
2356.872 700
2356.982 682
2357.092 683
2357.203 678
2357.313 689
2357.423 710
2357.534 722
2357.644 741
2357.754 753
2357.864 759
2357.975 755
2358.085 745
2358.195 736
2358.305 722
2358.416 712
2358.526 704
2358.636 703
2358.747 690
2358.857 678
2358.967 664
2359.077 648
2359.188 632
2359.298 621
2359.408 607
2359.519 601
2359.629 604
2359.739 604
2359.850 599
2359.960 591
2360.070 581
2360.181 569
2360.291 556
2360.401 541
2360.512 523
2360.622 507
2360.732 496
2360.843 491
2360.953 496
2361.063 503
2361.174 510
2361.284 517
2361.394 524
2361.505 526
2361.615 523
2361.725 510
2361.836 501
2361.946 492
2362.057 478
2362.167 479
2362.277 471
2362.388 472
2362.498 480
2362.608 480
2362.719 483
2362.829 483
2362.940 478
2363.050 475
2363.160 469
2363.271 468
2363.381 472
2363.492 480
2363.602 483
2363.712 495
2363.823 507
2363.933 509
2364.044 501
2364.154 474
2364.265 445
2364.375 425
2364.485 412
2364.596 413
2364.706 419
2364.817 425
2364.927 430
2365.038 430
2365.148 435
2365.259 440
2365.369 443
2365.479 442
2365.590 434
2365.700 441
2365.811 446
2365.921 452
2366.032 455
2366.142 445
2366.253 436
2366.363 430
2366.474 422
2366.584 413
2366.695 409
2366.805 403
2366.916 397
2367.026 397
2367.137 402
2367.247 402
2367.358 407
2367.468 406
2367.579 406
2367.689 413
2367.800 411
2367.910 418
2368.021 423
2368.131 426
2368.242 424
2368.352 431
2368.463 436
2368.573 435
2368.684 431
2368.794 422
2368.905 410
2369.015 422
2369.126 432
2369.236 437
2369.347 446
2369.457 448
2369.568 452
2369.679 454
2369.789 452
2369.900 445
2370.010 434
2370.121 420
2370.231 399
2370.342 393
2370.453 379
2370.563 373
2370.674 378
2370.784 377
2370.895 377
2371.005 380
2371.116 375
2371.227 384
2371.337 392
2371.448 401
2371.558 422
2371.669 427
2371.780 434
2371.890 436
2372.001 429
2372.111 422
2372.222 420
2372.333 409
2372.443 406
2372.554 413
2372.665 416
2372.775 418
2372.886 430
2372.996 433
2373.107 437
2373.218 445
2373.328 447
2373.439 440
2373.550 440
2373.660 432
2373.771 422
2373.882 435
2373.992 437
2374.103 437
2374.214 435
2374.324 425
2374.435 411
2374.546 417
2374.656 414
2374.767 415
2374.878 424
2374.988 423
2375.099 416
2375.210 430
2375.320 438
2375.431 458
2375.542 467
2375.652 471
2375.763 470
2375.874 471
2375.984 477
2376.095 471
2376.206 465
2376.317 452
2376.427 442
2376.538 438
2376.649 451
2376.759 455
2376.870 461
2376.981 470
2377.092 477
2377.202 495
2377.313 517
2377.424 538
2377.535 553
2377.645 566
2377.756 588
2377.867 596
2377.978 611
2378.088 623
2378.199 640
2378.310 669
2378.421 682
2378.531 706
2378.642 731
2378.753 741
2378.864 755
2378.974 753
2379.085 752
2379.196 739
2379.307 742
2379.418 742
2379.528 738
2379.639 737
2379.750 741
2379.861 732
2379.972 731
2380.082 735
2380.193 723
2380.304 723
2380.415 717
2380.526 714
2380.636 710
2380.747 716
2380.858 716
2380.969 715
2381.080 714
2381.191 707
2381.301 704
2381.412 696
2381.523 688
2381.634 680
2381.745 673
2381.856 664
2381.966 654
2382.077 653
2382.188 652
2382.299 661
2382.410 668
2382.521 667
2382.632 668
2382.742 665
2382.853 667
2382.964 672
2383.075 682
2383.186 668
2383.297 661
2383.408 649
2383.519 634
2383.629 638
2383.740 647
2383.851 649
2383.962 650
2384.073 640
2384.184 621
2384.295 601
2384.406 584
2384.517 567
2384.628 545
2384.738 538
2384.849 535
2384.960 527
2385.071 526
2385.182 520
2385.293 512
2385.404 503
2385.515 492
2385.626 483
2385.737 463
2385.848 462
2385.959 465
2386.070 460
2386.181 457
2386.291 447
2386.402 440
2386.513 435
2386.624 434
2386.735 438
2386.846 433
2386.957 447
2387.068 468
2387.179 477
2387.290 494
2387.401 500
2387.512 505
2387.623 498
2387.734 490
2387.845 482
2387.956 454
2388.067 444
2388.178 430
2388.289 423
2388.400 428
2388.511 427
2388.622 431
2388.733 435
2388.844 426
2388.955 415
2389.066 401
2389.177 391
2389.288 383
2389.399 383
2389.510 387
2389.621 385
2389.732 393
2389.843 398
2389.954 400
2390.065 400
2390.176 388
2390.287 394
2390.398 401
2390.509 412
2390.621 426
2390.732 418
2390.843 409
2390.954 398
2391.065 392
2391.176 395
2391.287 394
2391.398 398
2391.509 399
2391.620 396
2391.731 403
2391.842 411
2391.953 408
2392.064 415
2392.176 421
2392.287 436
2392.398 456
2392.509 456
2392.620 463
2392.731 458
2392.842 448
2392.953 430
2393.064 417
2393.175 398
2393.287 385
2393.398 392
2393.509 391
2393.620 402
2393.731 408
2393.842 400
2393.953 389
2394.064 383
2394.176 378
2394.287 381
2394.398 381
2394.509 377
2394.620 384
2394.731 386
2394.842 382
2394.954 379
2395.065 371
2395.176 369
2395.287 370
2395.398 378
2395.509 382
2395.621 392
2395.732 399
2395.843 408
2395.954 422
2396.065 416
2396.176 415
2396.288 412
2396.399 410
2396.510 412
2396.621 415
2396.732 415
2396.844 418
2396.955 419
2397.066 421
2397.177 419
2397.288 410
2397.400 412
2397.511 404
2397.622 404
2397.733 406
2397.845 414
2397.956 430
2398.067 437
2398.178 447
2398.289 453
2398.401 451
2398.512 456
2398.623 468
2398.734 459
2398.846 459
2398.957 458
2399.068 452
2399.179 445
2399.291 444
2399.402 440
2399.513 431
2399.624 437
2399.736 442
2399.847 448
2399.958 457
2400.070 465
2400.181 476
2400.292 484
2400.403 492
2400.515 494
2400.626 489
2400.737 484
2400.849 478
2400.960 480
2401.071 483
2401.182 498
2401.294 503
2401.405 522
2401.516 532
2401.628 541
2401.739 549
2401.850 550
2401.962 557
2402.073 561
2402.184 573
2402.296 576
2402.407 584
2402.518 584
2402.630 595
2402.741 612
2402.852 634
2402.964 652
2403.075 661
2403.186 670
2403.298 674
2403.409 684
2403.520 699
2403.632 701
2403.743 709
2403.854 714
2403.966 720
2404.077 722
2404.189 733
2404.300 726
2404.411 723
2404.523 716
2404.634 698
2404.746 693
2404.857 691
2404.968 696
2405.080 710
2405.191 721
2405.302 741
2405.414 767
2405.525 783
2405.637 791
2405.748 790
2405.860 773
2405.971 756
2406.082 734
2406.194 711
2406.305 684
2406.417 657
2406.528 639
2406.639 610
2406.751 609
2406.862 609
2406.974 597
2407.085 597
2407.197 588
2407.308 585
2407.420 588
2407.531 587
2407.642 585
2407.754 578
2407.865 580
2407.977 573
2408.088 583
2408.200 584
2408.311 578
2408.423 568
2408.534 540
2408.646 522
2408.757 506
2408.869 484
2408.980 478
2409.092 469
2409.203 467
2409.315 470
2409.426 472
2409.538 471
2409.649 464
2409.761 469
2409.872 462
2409.984 462
2410.095 468
2410.207 467
2410.318 470
2410.430 476
2410.541 470
2410.653 465
2410.764 463
2410.876 464
2410.987 460
2411.099 462
2411.210 468
2411.322 473
2411.434 472
2411.545 472
2411.657 466
2411.768 463
2411.880 457
2411.991 460
2412.103 440
2412.214 424
2412.326 418
2412.438 409
2412.549 420
2412.661 424
2412.772 427
2412.884 432
2412.995 430
2413.107 430
2413.219 436
2413.330 443
2413.442 451
2413.553 457
2413.665 449
2413.777 443
2413.888 445
2414.000 445
2414.111 457
2414.223 466
2414.335 462
2414.446 462
2414.558 449
2414.669 440
2414.781 425
2414.893 411
2415.004 399
2415.116 389
2415.228 382
2415.339 371
2415.451 367
2415.563 364
2415.674 373
2415.786 376
2415.897 389
2416.009 407
2416.121 416
2416.232 429
2416.344 436
2416.456 447
2416.567 456
2416.679 468
2416.791 469
2416.902 471
2417.014 471
2417.126 463
2417.237 454
2417.349 444
2417.461 437
2417.573 432
2417.684 443
2417.796 458
2417.908 466
2418.019 477
2418.131 477
2418.243 482
2418.354 469
2418.466 457
2418.578 457
2418.690 442
2418.801 448
2418.913 454
2419.025 446
2419.136 443
2419.248 435
2419.360 430
2419.472 427
2419.583 426
2419.695 424
2419.807 421
2419.919 412
2420.030 411
2420.142 402
2420.254 395
2420.366 406
2420.477 417
2420.589 422
2420.701 433
2420.813 433
2420.924 439
2421.036 437
2421.148 435
2421.260 425
2421.372 414
2421.483 411
2421.595 407
2421.707 407
2421.819 416
2421.931 422
2422.042 426
2422.154 430
2422.266 438
2422.378 431
2422.490 426
2422.601 433
2422.713 432
2422.825 438
2422.937 448
2423.049 449
2423.160 447
2423.272 445
2423.384 449
2423.496 452
2423.608 450
2423.720 444
2423.831 437
2423.943 432
2424.055 430
2424.167 423
2424.279 417
2424.391 422
2424.502 436
2424.614 459
2424.726 480
2424.838 498
2424.950 515
2425.062 516
2425.174 514
2425.286 517
2425.397 512
2425.509 527
2425.621 542
2425.733 548
2425.845 564
2425.957 575
2426.069 577
2426.181 586
2426.292 589
2426.404 586
2426.516 595
2426.628 597
2426.740 603
2426.852 619
2426.964 634
2427.076 653
2427.188 669
2427.300 694
2427.412 709
2427.524 718
2427.635 727
2427.747 720
2427.859 721
2427.971 728
2428.083 732
2428.195 732
2428.307 730
2428.419 720
2428.531 699
2428.643 699
2428.755 698
2428.867 697
2428.979 707
2429.091 715
2429.203 726
2429.315 745
2429.427 762
2429.539 774
2429.651 774
2429.763 765
2429.875 748
2429.987 729
2430.099 708
2430.210 697
2430.322 691
2430.434 693
2430.546 699
2430.658 704
2430.770 703
2430.882 699
2430.994 697
2431.106 684
2431.219 670
2431.331 657
2431.443 641
2431.555 624
2431.667 613
2431.779 602
2431.891 593
2432.003 594
2432.115 601
2432.227 600
2432.339 605
2432.451 607
2432.563 597
2432.675 603
2432.787 599
2432.899 580
2433.011 568
2433.123 550
2433.235 530
2433.347 519
2433.459 513
2433.571 501
2433.683 497
2433.796 498
2433.908 491
2434.020 482
2434.132 472
2434.244 470
2434.356 460
2434.468 446
2434.580 434
2434.692 424
2434.804 421
2434.916 430
2435.028 435
2435.141 439
2435.253 441
2435.365 442
2435.477 452
2435.589 457
2435.701 458
2435.813 457
2435.925 448
2436.038 441
2436.150 428
2436.262 420
2436.374 417
2436.486 412
2436.598 419
2436.710 407
2436.822 396
2436.935 394
2437.047 384
2437.159 378
2437.271 378
2437.383 387
2437.495 388
2437.608 395
2437.720 405
2437.832 399
2437.944 402
2438.056 415
2438.168 427
2438.281 435
2438.393 439
2438.505 437
2438.617 430
2438.729 430
2438.841 420
2438.954 422
2439.066 413
2439.178 415
2439.290 413
2439.402 408
2439.515 411
2439.627 409
2439.739 410
2439.851 421
2439.964 425
2440.076 428
2440.188 429
2440.300 435
2440.412 443
2440.525 451
2440.637 465
2440.749 462
2440.861 453
2440.974 433
2441.086 421
2441.198 408
2441.310 395
2441.423 390
2441.535 381
2441.647 376
2441.759 386
2441.872 397
2441.984 406
2442.096 407
2442.208 408
2442.321 398
2442.433 392
2442.545 386
2442.658 386
2442.770 393
2442.882 402
2442.994 404
2443.107 408
2443.219 411
2443.331 406
2443.444 405
2443.556 407
2443.668 404
2443.781 407
2443.893 408
2444.005 413
2444.117 418
2444.230 422
2444.342 428
2444.454 420
2444.567 423
2444.679 424
2444.791 413
2444.904 415
2445.016 408
2445.128 402
2445.241 410
2445.353 423
2445.465 426
2445.578 439
2445.690 444
2445.802 438
2445.915 440
2446.027 444
2446.140 434
2446.252 431
2446.364 425
2446.477 411
2446.589 408
2446.701 410
2446.814 416
2446.926 417
2447.039 424
2447.151 432
2447.263 438
2447.376 442
2447.488 445
2447.601 439
2447.713 426
2447.825 417
2447.938 415
2448.050 418
2448.163 431
2448.275 440
2448.387 444
2448.500 449
2448.612 458
2448.725 474
2448.837 483
2448.949 494
2449.062 505
2449.174 507
2449.287 505
2449.399 504
2449.512 492
2449.624 489
2449.737 493
2449.849 493
2449.961 501
2450.074 515
2450.186 530
2450.299 556
2450.411 571
2450.524 584
2450.636 588
2450.749 580
2450.861 588
2450.974 591
2451.086 611
2451.199 636
2451.311 650
2451.424 668
2451.536 673
2451.649 683
2451.761 681
2451.874 690
2451.986 708
2452.099 714
2452.211 725
2452.324 742
2452.436 750
2452.549 748
2452.661 743
2452.774 725
2452.886 705
2452.999 677
2453.111 666
2453.224 663
2453.336 667
2453.449 677
2453.561 681
2453.674 682
2453.786 677
2453.899 683
2454.012 687
2454.124 689
2454.237 680
2454.349 669
2454.462 661
2454.574 656
2454.687 648
2454.799 634
2454.912 629
2455.025 628
2455.137 623
2455.250 625
2455.362 615
2455.475 602
2455.587 596
2455.700 593
2455.813 587
2455.925 583
2456.038 572
2456.150 559
2456.263 550
2456.376 542
2456.488 529
2456.601 514
2456.713 506
2456.826 499
2456.939 493
2457.051 494
2457.164 491
2457.277 476
2457.389 477
2457.502 474
2457.614 473
2457.727 476
2457.840 481
2457.952 475
2458.065 469
2458.178 469
2458.290 462
2458.403 462
2458.516 453
2458.628 441
2458.741 438
2458.854 433
2458.966 433
2459.079 437
2459.192 431
2459.304 423
2459.417 422
2459.530 433
2459.642 443
2459.755 454
2459.868 456
2459.980 448
2460.093 441
2460.206 428
2460.318 426
2460.431 430
2460.544 429
2460.656 430
2460.769 433
2460.882 434
2460.995 434
2461.107 438
2461.220 429
2461.333 416
2461.445 419
2461.558 417
2461.671 415
2461.784 420
2461.896 410
2462.009 404
2462.122 410
2462.235 421
2462.347 441
2462.460 451
2462.573 455
2462.686 451
2462.798 437
2462.911 426
2463.024 423
2463.137 416
2463.249 412
2463.362 413
2463.475 401
2463.588 392
2463.700 377
2463.813 364
2463.926 367
2464.039 366
2464.152 376
2464.264 379
2464.377 372
2464.490 373
2464.603 377
2464.716 378
2464.828 379
2464.941 378
2465.054 375
2465.167 370
2465.280 370
2465.392 379
2465.505 386
2465.618 394
2465.731 406
2465.844 419
2465.956 433
2466.069 441
2466.182 442
2466.295 450
2466.408 448
2466.521 455
2466.634 454
2466.746 454
2466.859 447
2466.972 428
2467.085 418
2467.198 407
2467.311 401
2467.423 390
2467.536 389
2467.649 389
2467.762 394
2467.875 409
2467.988 418
2468.101 423
2468.214 432
2468.326 439
2468.439 439
2468.552 439
2468.665 444
2468.778 436
2468.891 435
2469.004 426
2469.117 413
2469.230 409
2469.343 415
2469.455 429
2469.568 437
2469.681 440
2469.794 435
2469.907 420
2470.020 413
2470.133 409
2470.246 407
2470.359 408
2470.472 412
2470.585 416
2470.698 416
2470.811 425
2470.923 422
2471.036 428
2471.149 437
2471.262 437
2471.375 445
2471.488 447
2471.601 456
2471.714 461
2471.827 475
2471.940 479
2472.053 470
2472.166 469
2472.279 463
2472.392 461
2472.505 467
2472.618 467
2472.731 474
2472.844 487
2472.957 485
2473.070 490
2473.183 495
2473.296 496
2473.409 508
2473.522 509
2473.635 503
2473.748 500
2473.861 512
2473.974 527
2474.087 545
2474.200 555
2474.313 564
2474.426 575
2474.539 589
2474.652 609
2474.765 620
2474.878 628
2474.991 635
2475.104 644
2475.217 643
2475.330 646
2475.443 642
2475.556 641
2475.669 643
2475.783 649
2475.896 658
2476.009 667
2476.122 684
2476.235 701
2476.348 711
2476.461 720
2476.574 724
2476.687 722
2476.800 715
2476.913 722
2477.026 723
2477.139 732
2477.253 753
2477.366 770
2477.479 786
2477.592 806
2477.705 804
2477.818 799
2477.931 783
2478.044 770
2478.157 756
2478.270 735
2478.384 714
2478.497 678
2478.610 651
2478.723 624
2478.836 619
2478.949 606
2479.062 599
2479.175 602
2479.289 602
2479.402 597
2479.515 597
2479.628 598
2479.741 589
2479.854 587
2479.968 571
2480.081 553
2480.194 539
2480.307 521
2480.420 511
2480.533 504
2480.646 494
2480.760 486
2480.873 475
2480.986 461
2481.099 452
2481.212 444
2481.326 450
2481.439 452
2481.552 455
2481.665 461
2481.778 455
2481.892 447
2482.005 450
2482.118 455
2482.231 464
2482.344 465
2482.458 454
2482.571 444
2482.684 428
2482.797 419
2482.910 410
2483.024 396
2483.137 394
2483.250 392
2483.363 401
2483.477 410
2483.590 418
2483.703 424
2483.816 427
2483.930 429
2484.043 429
2484.156 424
2484.269 425
2484.383 419
2484.496 414
2484.609 405
2484.722 401
2484.836 398
2484.949 392
2485.062 390
2485.175 378
2485.289 365
2485.402 370
2485.515 367
2485.629 374
2485.742 382
2485.855 384
2485.968 390
2486.082 387
2486.195 386
2486.308 370
2486.422 361
2486.535 355
2486.648 348
2486.762 364
2486.875 372
2486.988 380
2487.102 380
2487.215 377
2487.328 375
2487.442 376
2487.555 395
2487.668 400
2487.782 405
2487.895 412
2488.008 420
2488.122 420
2488.235 422
2488.348 426
2488.462 417
2488.575 417
2488.688 416
2488.802 406
2488.915 391
2489.028 382
2489.142 374
2489.255 364
2489.369 359
2489.482 351
2489.595 344
2489.709 350
2489.822 354
2489.935 363
2490.049 371
2490.162 375
2490.276 372
2490.389 383
2490.502 391
2490.616 397
2490.729 406
2490.843 394
2490.956 397
2491.069 397
2491.183 394
2491.296 389
2491.410 383
2491.523 384
2491.637 374
2491.750 372
2491.863 366
2491.977 362
2492.090 360
2492.204 371
2492.317 381
2492.431 383
2492.544 389
2492.658 380
2492.771 373
2492.884 370
2492.998 370
2493.111 371
2493.225 368
2493.338 365
2493.452 363
2493.565 358
2493.679 354
2493.792 353
2493.906 348
2494.019 358
2494.133 370
2494.246 369
2494.360 374
2494.473 372
2494.587 370
2494.700 377
2494.814 376
2494.927 377
2495.041 383
2495.154 385
2495.268 394
2495.381 404
2495.495 401
2495.608 411
2495.722 414
2495.835 420
2495.949 433
2496.062 438
2496.176 451
2496.289 455
2496.403 459
2496.516 451
2496.630 445
2496.743 446
2496.857 448
2496.971 459
2497.084 468
2497.198 467
2497.311 465
2497.425 469
2497.538 473
2497.652 486
2497.765 491
2497.879 505
2497.993 514
2498.106 517
2498.220 520
2498.333 530
2498.447 545
2498.561 571
2498.674 602
2498.788 625
2498.901 657
2499.015 664
2499.129 671
2499.242 653
2499.356 633
2499.469 625
2499.583 616
2499.697 618
2499.810 617
2499.924 621
2500.037 623
2500.151 630
2500.265 641
2500.378 648
2500.492 654
2500.606 656
2500.719 652
2500.833 653
2500.946 656
2501.060 672
2501.174 684
2501.287 704
2501.401 719
2501.515 721
2501.628 726
2501.742 732
2501.856 735
2501.969 743
2502.083 749
2502.197 742
2502.310 735
2502.424 729
2502.538 723
2502.651 719
2502.765 715
2502.879 698
2502.993 682
2503.106 664
2503.220 642
2503.334 628
2503.447 617
2503.561 605
2503.675 588
2503.788 568
2503.902 549
2504.016 531
2504.130 517
2504.243 511
2504.357 499
2504.471 494
2504.584 487
2504.698 489
2504.812 490
2504.926 495
2505.039 514
2505.153 522
2505.267 536
2505.381 542
2505.494 539
2505.608 526
2505.722 512
2505.836 490
2505.949 467
2506.063 445
2506.177 426
2506.291 405
2506.404 390
2506.518 389
2506.632 395
2506.746 409
2506.860 429
2506.973 436
2507.087 443
2507.201 447
2507.315 442
2507.429 444
2507.542 450
2507.656 439
2507.770 436
2507.884 428
2507.998 422
2508.111 417
2508.225 420
2508.339 420
2508.453 408
2508.567 416
2508.680 418
2508.794 415
2508.908 425
2509.022 422
2509.136 416
2509.250 412
2509.363 413
2509.477 405
2509.591 399
2509.705 402
2509.819 400
2509.933 398
2510.046 398
2510.160 392
2510.274 381
2510.388 378
2510.502 373
2510.616 351
2510.730 329
2510.844 316
2510.957 308
2511.071 319
2511.185 328
2511.299 334
2511.413 335
2511.527 341
2511.641 353
2511.755 368
2511.869 374
2511.982 391
2512.096 412
2512.210 433
2512.324 459
2512.438 457
2512.552 459
2512.666 438
2512.780 420
2512.894 409
2513.008 388
2513.122 373
2513.235 358
2513.349 355
2513.463 348
2513.577 347
2513.691 351
2513.805 347
2513.919 342
2514.033 345
2514.147 339
2514.261 336
2514.375 339
2514.489 334
2514.603 329
2514.717 333
2514.831 335
2514.945 334
2515.059 333
2515.173 335
2515.287 341
2515.401 351
2515.515 357
2515.629 361
2515.743 358
2515.857 371
2515.971 383
2516.085 380
2516.199 384
2516.313 377
2516.427 377
2516.541 378
2516.655 390
2516.769 388
2516.883 387
2516.997 390
2517.111 393
2517.225 403
2517.339 402
2517.453 404
2517.567 410
2517.681 404
2517.795 407
2517.909 416
2518.023 420
2518.137 430
2518.251 435
2518.365 433
2518.479 432
2518.593 422
2518.707 414
2518.821 410
2518.935 409
2519.049 405
2519.163 402
2519.277 401
2519.392 395
2519.506 403
2519.620 410
2519.734 412
2519.848 412
2519.962 418
2520.076 426
2520.190 434
2520.304 449
2520.418 460
2520.532 470
2520.646 474
2520.761 476
2520.875 478
2520.989 473
2521.103 477
2521.217 480
2521.331 480
2521.445 479
2521.559 465
2521.673 458
2521.788 452
2521.902 440
2522.016 436
2522.130 435
2522.244 445
2522.358 454
2522.472 480
2522.587 508
2522.701 523
2522.815 538
2522.929 539
2523.043 541
2523.157 557
2523.271 568
2523.386 573
2523.500 589
2523.614 583
2523.728 584
2523.842 590
2523.957 582
2524.071 588
2524.185 593
2524.299 596
2524.413 594
2524.527 602
2524.642 614
2524.756 623
2524.870 642
2524.984 645
2525.098 642
2525.213 639
2525.327 632
2525.441 617
2525.555 600
2525.669 589
2525.784 577
2525.898 565
2526.012 565
2526.126 581
2526.241 601
2526.355 618
2526.469 623
2526.583 607
2526.698 590
2526.812 581
2526.926 580
2527.040 581
2527.155 588
2527.269 586
2527.383 577
2527.497 577
2527.612 575
2527.726 567
2527.840 559
2527.954 551
2528.069 546
2528.183 549
2528.297 547
2528.411 537
2528.526 531
2528.640 525
2528.754 526
2528.869 520
2528.983 503
2529.097 488
2529.211 476
2529.326 472
2529.440 464
2529.554 463
2529.669 455
2529.783 445
2529.897 443
2530.012 455
2530.126 460
2530.240 472
2530.355 485
2530.469 483
2530.583 479
2530.698 468
2530.812 454
2530.926 446
2531.041 442
2531.155 442
2531.269 438
2531.384 440
2531.498 436
2531.612 441
2531.727 442
2531.841 431
2531.955 423
2532.070 408
2532.184 391
2532.299 382
2532.413 379
2532.527 369
2532.642 369
2532.756 370
2532.870 372
2532.985 385
2533.099 399
2533.214 415
2533.328 426
2533.442 433
2533.557 435
2533.671 430
2533.786 431
2533.900 424
2534.014 422
2534.129 409
2534.243 395
2534.358 382
2534.472 366
2534.586 359
2534.701 355
2534.815 366
2534.930 370
2535.044 377
2535.159 378
2535.273 382
2535.387 385
2535.502 394
2535.616 399
2535.731 396
2535.845 397
2535.960 399
2536.074 391
2536.189 382
2536.303 378
2536.418 377
2536.532 376
2536.647 374
2536.761 369
2536.875 356
2536.990 343
2537.104 344
2537.219 339
2537.333 342
2537.448 347
2537.562 350
2537.677 347
2537.791 343
2537.906 342
2538.020 333
2538.135 318
2538.249 321
2538.364 320
2538.478 327
2538.593 339
2538.707 346
2538.822 352
2538.936 357
2539.051 358
2539.166 361
2539.280 359
2539.395 367
2539.509 375
2539.624 378
2539.738 388
2539.853 395
2539.967 397
2540.082 399
2540.196 400
2540.311 394
2540.425 394
2540.540 389
2540.655 389
2540.769 392
2540.884 397
2540.998 401
2541.113 403
2541.227 404
2541.342 409
2541.457 410
2541.571 407
2541.686 399
2541.800 386
2541.915 371
2542.030 361
2542.144 347
2542.259 334
2542.373 331
2542.488 329
2542.603 337
2542.717 342
2542.832 350
2542.946 355
2543.061 351
2543.176 354
2543.290 352
2543.405 348
2543.520 347
2543.634 350
2543.749 352
2543.863 355
2543.978 354
2544.093 357
2544.207 360
2544.322 360
2544.437 358
2544.551 345
2544.666 340
2544.781 338
2544.895 338
2545.010 344
2545.125 355
2545.239 370
2545.354 391
2545.469 414
2545.583 422
2545.698 422
2545.813 424
2545.927 432
2546.042 438
2546.157 457
2546.271 475
2546.386 485
2546.501 514
2546.615 538
2546.730 559
2546.845 578
2546.960 575
2547.074 574
2547.189 576
2547.304 580
2547.418 599
2547.533 623
2547.648 627
2547.763 640
2547.877 637
2547.992 623
2548.107 602
2548.222 586
2548.336 589
2548.451 602
2548.566 632
2548.681 654
2548.795 676
2548.910 689
2549.025 704
2549.140 718
2549.254 717
2549.369 712
2549.484 696
2549.599 686
2549.713 687
2549.828 691
2549.943 700
2550.058 700
2550.172 686
2550.287 677
2550.402 674
2550.517 665
2550.632 667
2550.746 668
2550.861 657
2550.976 655
2551.091 648
2551.206 637
2551.320 633
2551.435 620
2551.550 600
2551.665 586
2551.780 576
2551.895 566
2552.009 564
2552.124 554
2552.239 545
2552.354 544
2552.469 543
2552.584 543
2552.698 541
2552.813 532
2552.928 510
2553.043 495
2553.158 475
2553.273 456
2553.387 442
2553.502 429
2553.617 425
2553.732 421
2553.847 416
2553.962 415
2554.077 414
2554.191 406
2554.306 413
2554.421 413
2554.536 409
2554.651 407
2554.766 414
2554.881 418
2554.996 416
2555.111 418
2555.225 419
2555.340 424
2555.455 433
2555.570 446
2555.685 446
2555.800 445
2555.915 435
2556.030 424
2556.145 422
2556.260 424
2556.375 423
2556.490 425
2556.604 430
2556.719 427
2556.834 419
2556.949 417
2557.064 401
2557.179 390
2557.294 385
2557.409 379
2557.524 389
2557.639 398
2557.754 397
2557.869 379
2557.984 374
2558.099 361
2558.214 358
2558.329 363
2558.444 355
2558.559 358
2558.674 355
2558.789 353
2558.904 355
2559.019 356
2559.134 365
2559.249 371
2559.364 380
2559.479 390
2559.594 395
2559.709 403
2559.824 403
2559.939 401
2560.054 401
2560.169 393
2560.284 385
2560.399 376
2560.514 373
2560.629 371
2560.744 369
2560.859 377
2560.974 373
2561.089 368
2561.204 370
2561.319 363
2561.434 366
2561.549 362
2561.664 348
2561.779 339
2561.894 339
2562.009 342
2562.124 356
2562.239 372
2562.354 380
2562.469 383
2562.584 397
2562.699 396
2562.815 396
2562.930 402
2563.045 392
2563.160 388
2563.275 377
2563.390 366
2563.505 363
2563.620 355
2563.735 360
2563.850 360
2563.965 366
2564.081 373
2564.196 368
2564.311 373
2564.426 375
2564.541 375
2564.656 387
2564.771 396
2564.886 405
2565.001 416
2565.117 426
2565.232 431
2565.347 430
2565.462 428
2565.577 409
2565.692 394
2565.807 376
2565.923 360
2566.038 356
2566.153 352
2566.268 358
2566.383 366
2566.498 370
2566.613 381
2566.729 382
2566.844 384
2566.959 392
2567.074 393
2567.189 398
2567.304 404
2567.420 407
2567.535 414
2567.650 413
2567.765 416
2567.880 410
2567.996 407
2568.111 406
2568.226 404
2568.341 404
2568.456 396
2568.572 397
2568.687 396
2568.802 394
2568.917 402
2569.032 402
2569.148 407
2569.263 418
2569.378 430
2569.493 440
2569.609 445
2569.724 444
2569.839 449
2569.954 472
2570.069 490
2570.185 503
2570.300 505
2570.415 501
2570.530 495
2570.646 490
2570.761 490
2570.876 491
2570.991 490
2571.107 486
2571.222 482
2571.337 481
2571.453 491
2571.568 502
2571.683 520
2571.798 542
2571.914 553
2572.029 567
2572.144 583
2572.259 582
2572.375 592
2572.490 594
2572.605 603
2572.721 620
2572.836 632
2572.951 630
2573.067 639
2573.182 648
2573.297 652
2573.413 663
2573.528 664
2573.643 667
2573.758 671
2573.874 670
2573.989 677
2574.104 679
2574.220 684
2574.335 684
2574.450 681
2574.566 680
2574.681 672
2574.797 661
2574.912 643
2575.027 620
2575.143 586
2575.258 567
2575.373 554
2575.489 557
2575.604 566
2575.719 565
2575.835 563
2575.950 550
2576.065 540
2576.181 540
2576.296 534
2576.412 525
2576.527 521
2576.642 507
2576.758 495
2576.873 493
2576.989 481
2577.104 477
2577.219 474
2577.335 461
2577.450 441
2577.566 426
2577.681 417
2577.796 404
2577.912 400
2578.027 395
2578.143 391
2578.258 394
2578.374 407
2578.489 416
2578.604 425
2578.720 433
2578.835 437
2578.951 436
2579.066 435
2579.182 428
2579.297 421
2579.413 421
2579.528 419
2579.643 405
2579.759 395
2579.874 387
2579.990 385
2580.105 392
2580.221 394
2580.336 390
2580.452 389
2580.567 393
2580.683 402
2580.798 408
2580.914 414
2581.029 420
2581.145 426
2581.260 425
2581.376 433
2581.491 433
2581.607 426
2581.722 426
2581.838 418
2581.953 407
2582.069 396
2582.184 386
2582.300 378
2582.415 376
2582.531 366
2582.646 364
2582.762 361
2582.877 357
2582.993 360
2583.108 359
2583.224 357
2583.340 359
2583.455 361
2583.571 359
2583.686 360
2583.802 356
2583.917 355
2584.033 366
2584.148 368
2584.264 370
2584.380 365
2584.495 367
2584.611 365
2584.726 378
2584.842 393
2584.957 402
2585.073 408
2585.189 404
2585.304 402
2585.420 399
2585.535 405
2585.651 411
2585.767 406
2585.882 404
2585.998 396
2586.113 398
2586.229 409
2586.345 419
2586.460 426
2586.576 414
2586.691 401
2586.807 388
2586.923 380
2587.038 378
2587.154 375
2587.270 369
2587.385 357
2587.501 358
2587.616 355
2587.732 358
2587.848 359
2587.963 350
2588.079 347
2588.195 347
2588.310 347
2588.426 368
2588.542 378
2588.657 376
2588.773 378
2588.889 376
2589.004 370
2589.120 366
2589.236 362
2589.351 355
2589.467 351
2589.583 351
2589.698 346
2589.814 348
2589.930 358
2590.046 361
2590.161 377
2590.277 380
2590.393 377
2590.508 379
2590.624 373
2590.740 368
2590.855 370
2590.971 359
2591.087 352
2591.203 347
2591.318 347
2591.434 351
2591.550 354
2591.666 359
2591.781 353
2591.897 360
2592.013 368
2592.128 372
2592.244 381
2592.360 383
2592.476 376
2592.591 362
2592.707 350
2592.823 345
2592.939 342
2593.055 350
2593.170 358
2593.286 367
2593.402 373
2593.518 378
2593.633 382
2593.749 385
2593.865 396
2593.981 408
2594.097 418
2594.212 424
2594.328 429
2594.444 432
2594.560 438
2594.676 447
2594.791 449
2594.907 454
2595.023 451
2595.139 459
2595.255 465
2595.370 485
2595.486 513
2595.602 532
2595.718 562
2595.834 584
2595.950 607
2596.065 621
2596.181 625
2596.297 631
2596.413 624
2596.529 637
2596.645 651
2596.760 650
2596.876 653
2596.992 643
2597.108 647
2597.224 648
2597.340 648
2597.456 644
2597.571 633
2597.687 628
2597.803 626
2597.919 624
2598.035 632
2598.151 623
2598.267 615
2598.383 616
2598.498 614
2598.614 600
2598.730 594
2598.846 579
2598.962 562
2599.078 551
2599.194 537
2599.310 530
2599.426 522
2599.542 526
2599.658 528
2599.773 528
2599.889 533
2600.005 529
2600.121 525
2600.237 519
2600.353 510
2600.469 495
2600.585 481
2600.701 469
2600.817 453
2600.933 451
2601.049 451
2601.165 460
2601.281 466
2601.397 461
2601.513 452
2601.628 448
2601.744 440
2601.860 435
2601.976 426
2602.092 420
2602.208 417
2602.324 420
2602.440 418
2602.556 425
2602.672 417
2602.788 423
2602.904 429
2603.020 429
2603.136 439
2603.252 430
2603.368 426
2603.484 417
2603.600 414
2603.716 409
2603.832 405
2603.948 402
2604.064 400
2604.180 398
2604.296 395
2604.412 388
2604.528 381
2604.644 374
2604.760 361
2604.876 361
2604.992 360
2605.109 354
2605.225 352
2605.341 343
2605.457 340
2605.573 346
2605.689 352
2605.805 343
2605.921 335
2606.037 333
2606.153 331
2606.269 338
2606.385 344
2606.501 343
2606.617 342
2606.733 343
2606.849 350
2606.966 357
2607.082 366
2607.198 370
2607.314 370
2607.430 374
2607.546 363
2607.662 363
2607.778 361
2607.894 347
2608.010 344
2608.126 336
2608.243 328
2608.359 319
2608.475 317
2608.591 311
2608.707 298
2608.823 302
2608.939 312
2609.055 329
2609.172 349
2609.288 361
2609.404 369
2609.520 377
2609.636 386
2609.752 388
2609.868 388
2609.985 383
2610.101 381
2610.217 377
2610.333 367
2610.449 359
2610.565 358
2610.682 358
2610.798 363
2610.914 368
2611.030 373
2611.146 372
2611.262 376
2611.379 376
2611.495 359
2611.611 349
2611.727 346
2611.843 346
2611.960 347
2612.076 354
2612.192 364
2612.308 364
2612.424 368
2612.541 368
2612.657 359
2612.773 358
2612.889 357
2613.005 353
2613.122 351
2613.238 350
2613.354 343
2613.470 343
2613.587 337
2613.703 337
2613.819 334
2613.935 334
2614.052 338
2614.168 348
2614.284 363
2614.400 378
2614.517 397
2614.633 401
2614.749 404
2614.865 404
2614.982 398
2615.098 400
2615.214 403
2615.330 397
2615.447 398
2615.563 399
2615.679 398
2615.795 394
2615.912 393
2616.028 388
2616.144 379
2616.261 375
2616.377 363
2616.493 371
2616.610 373
2616.726 382
2616.842 395
2616.958 397
2617.075 406
2617.191 417
2617.307 430
2617.424 432
2617.540 443
2617.656 445
2617.773 443
2617.889 452
2618.005 454
2618.122 457
2618.238 462
2618.354 466
2618.471 468
2618.587 477
2618.703 479
2618.820 482
2618.936 492
2619.052 505
2619.169 515
2619.285 526
2619.402 538
2619.518 537
2619.634 534
2619.751 515
2619.867 496
2619.983 492
2620.100 488
2620.216 492
2620.333 489
2620.449 504
2620.565 518
2620.682 534
2620.798 559
2620.915 558
2621.031 563
2621.147 567
2621.264 574
2621.380 587
2621.497 594
2621.613 612
2621.729 628
2621.846 644
2621.962 661
2622.079 666
2622.195 660
2622.312 637
2622.428 614
2622.544 591
2622.661 567
2622.777 556
2622.894 541
2623.010 536
2623.127 538
2623.243 541
2623.360 540
2623.476 537
2623.592 532
2623.709 523
2623.825 509
2623.942 502
2624.058 496
2624.175 489
2624.291 495
2624.408 498
2624.524 496
2624.641 501
2624.757 506
2624.874 500
2624.990 497
2625.107 495
2625.223 488
2625.340 481
2625.456 470
2625.573 460
2625.689 440
2625.806 432
2625.922 426
2626.039 417
2626.155 421
2626.272 413
2626.388 407
2626.505 404
2626.621 399
2626.738 400
2626.854 401
2626.971 403
2627.088 409
2627.204 414
2627.321 414
2627.437 408
2627.554 393
2627.670 376
2627.787 363
2627.903 361
2628.020 361
2628.136 365
2628.253 369
2628.370 371
2628.486 366
2628.603 373
2628.719 372
2628.836 375
2628.953 390
2629.069 398
2629.186 403
2629.302 401
2629.419 395
2629.535 385
2629.652 386
2629.769 391
2629.885 388
2630.002 387
2630.118 377
2630.235 378
2630.352 373
2630.468 370
2630.585 370
2630.702 371
2630.818 377
2630.935 378
2631.051 374
2631.168 370
2631.285 362
2631.401 353
2631.518 347
2631.635 342
2631.751 343
2631.868 352
2631.985 356
2632.101 363
2632.218 368
2632.335 365
2632.451 372
2632.568 373
2632.685 376
2632.801 377
2632.918 368
2633.035 363
2633.151 357
2633.268 362
2633.385 371
2633.501 365
2633.618 359
2633.735 348
2633.851 329
2633.968 327
2634.085 324
2634.201 316
2634.318 314
2634.435 317
2634.552 322
2634.668 329
2634.785 331
2634.902 329
2635.018 325
2635.135 323
2635.252 326
2635.369 328
2635.485 325
2635.602 330
2635.719 328
2635.836 339
2635.952 347
2636.069 341
2636.186 341
2636.302 334
2636.419 326
2636.536 335
2636.653 343
2636.770 354
2636.886 364
2637.003 358
2637.120 355
2637.237 351
2637.353 344
2637.470 341
2637.587 344
2637.704 337
2637.820 337
2637.937 339
2638.054 336
2638.171 337
2638.288 331
2638.404 324
2638.521 308
2638.638 303
2638.755 301
2638.872 302
2638.988 313
2639.105 325
2639.222 330
2639.339 330
2639.456 334
2639.573 332
2639.689 332
2639.806 329
2639.923 329
2640.040 327
2640.157 330
2640.274 340
2640.390 345
2640.507 357
2640.624 368
2640.741 368
2640.858 372
2640.975 367
2641.091 363
2641.208 360
2641.325 358
2641.442 356
2641.559 349
2641.676 348
2641.793 343
2641.910 349
2642.026 361
2642.143 381
2642.260 402
2642.377 429
2642.494 451
2642.611 477
2642.728 504
2642.845 516
2642.962 525
2643.078 525
2643.195 535
2643.312 542
2643.429 559
2643.546 569
2643.663 569
2643.780 566
2643.897 562
2644.014 559
2644.131 560
2644.248 559
2644.365 557
2644.481 565
2644.598 583
2644.715 598
2644.832 612
2644.949 621
2645.066 629
2645.183 634
2645.300 644
2645.417 647
2645.534 647
2645.651 644
2645.768 642
2645.885 638
2646.002 630
2646.119 628
2646.236 619
2646.353 617
2646.470 619
2646.587 620
2646.704 621
2646.821 615
2646.938 601
2647.055 596
2647.172 594
2647.289 589
2647.406 590
2647.523 574
2647.640 554
2647.757 539
2647.874 525
2647.991 505
2648.108 495
2648.225 486
2648.342 468
2648.459 454
2648.576 435
2648.693 419
2648.810 414
2648.927 411
2649.044 409
2649.161 419
2649.278 436
2649.395 439
2649.512 444
2649.629 444
2649.746 438
2649.863 440
2649.980 439
2650.097 438
2650.214 431
2650.332 426
2650.449 418
2650.566 419
2650.683 426
2650.800 433
2650.917 436
2651.034 435
2651.151 426
2651.268 433
2651.385 430
2651.502 425
2651.619 420
2651.737 407
2651.854 395
2651.971 388
2652.088 387
2652.205 386
2652.322 392
2652.439 390
2652.556 381
2652.673 377
2652.791 374
2652.908 374
2653.025 381
2653.142 383
2653.259 383
2653.376 383
2653.493 378
2653.610 377
2653.728 373
2653.845 369
2653.962 363
2654.079 353
2654.196 348
2654.313 338
2654.431 331
2654.548 323
2654.665 318
2654.782 318
2654.899 315
2655.016 322
2655.134 331
2655.251 339
2655.368 350
2655.485 355
2655.602 361
2655.719 357
2655.837 343
2655.954 340
2656.071 330
2656.188 323
2656.305 317
2656.423 315
2656.540 313
2656.657 320
2656.774 316
2656.891 318
2657.009 318
2657.126 318
2657.243 329
2657.360 337
2657.478 348
2657.595 353
2657.712 354
2657.829 349
2657.947 348
2658.064 347
2658.181 352
2658.298 357
2658.415 354
2658.533 347
2658.650 343
2658.767 344
2658.885 339
2659.002 343
2659.119 348
2659.236 345
2659.354 347
2659.471 345
2659.588 344
2659.705 346
2659.823 346
2659.940 338
2660.057 340
2660.175 341
2660.292 337
2660.409 341
2660.526 342
2660.644 341
2660.761 347
2660.878 345
2660.996 342
2661.113 340
2661.230 336
2661.348 341
2661.465 338
2661.582 334
2661.700 334
2661.817 336
2661.934 341
2662.052 352
2662.169 361
2662.286 359
2662.404 365
2662.521 369
2662.638 373
2662.756 370
2662.873 366
2662.990 362
2663.108 355
2663.225 358
2663.342 359
2663.460 367
2663.577 368
2663.694 369
2663.812 361
2663.929 364
2664.047 370
2664.164 375
2664.281 385
2664.399 382
2664.516 386
2664.633 374
2664.751 358
2664.868 346
2664.986 327
2665.103 322
2665.220 319
2665.338 337
2665.455 347
2665.573 356
2665.690 375
2665.807 380
2665.925 388
2666.042 394
2666.160 392
2666.277 401
2666.395 413
2666.512 431
2666.629 448
2666.747 464
2666.864 467
2666.982 469
2667.099 472
2667.217 468
2667.334 479
2667.452 489
2667.569 495
2667.686 503
2667.804 504
2667.921 504
2668.039 511
2668.156 534
2668.274 556
2668.391 573
2668.509 591
2668.626 598
2668.744 598
2668.861 607
2668.979 623
2669.096 630
2669.214 642
2669.331 634
2669.449 624
2669.566 613
2669.684 611
2669.801 612
2669.919 626
2670.036 630
2670.154 626
2670.271 623
2670.389 622
2670.506 618
2670.624 613
2670.741 616
2670.859 611
2670.976 603
2671.094 605
2671.211 604
2671.329 596
2671.447 595
2671.564 587
2671.682 586
2671.799 581
2671.917 563
2672.034 545
2672.152 526
2672.269 508
2672.387 496
2672.505 490
2672.622 489
2672.740 480
2672.857 477
2672.975 477
2673.092 470
2673.210 464
2673.328 476
2673.445 477
2673.563 475
2673.680 476
2673.798 462
2673.916 447
2674.033 439
2674.151 431
2674.268 423
2674.386 417
2674.504 422
2674.621 415
2674.739 408
2674.856 397
2674.974 381
2675.092 366
2675.209 352
2675.327 344
2675.445 328
2675.562 322
2675.680 323
2675.797 325
2675.915 333
2676.033 338
2676.150 344
2676.268 355
2676.386 363
2676.503 375
2676.621 384
2676.739 391
2676.856 392
2676.974 382
2677.092 366
2677.209 355
2677.327 346
2677.445 343
2677.562 339
2677.680 338
2677.798 339
2677.915 338
2678.033 349
2678.151 356
2678.269 354
2678.386 347
2678.504 348
2678.622 347
2678.739 345
2678.857 351
2678.975 351
2679.092 351
2679.210 352
2679.328 354
2679.446 345
2679.563 333
2679.681 327
2679.799 315
2679.917 320
2680.034 325
2680.152 325
2680.270 329
2680.388 332
2680.505 340
2680.623 351
2680.741 356
2680.859 350
2680.976 349
2681.094 346
2681.212 333
2681.330 333
2681.447 332
2681.565 341
2681.683 353
2681.801 365
2681.918 374
2682.036 368
2682.154 358
2682.272 348
2682.390 343
2682.507 336
2682.625 332
2682.743 329
2682.861 325
2682.979 329
2683.096 338
2683.214 349
2683.332 360
2683.450 361
2683.568 367
2683.685 353
2683.803 344
2683.921 327
2684.039 317
2684.157 313
2684.275 304
2684.392 304
2684.510 298
2684.628 309
2684.746 317
2684.864 326
2684.982 333
2685.099 333
2685.217 335
2685.335 334
2685.453 334
2685.571 333
2685.689 330
2685.807 327
2685.924 330
2686.042 330
2686.160 330
2686.278 337
2686.396 340
2686.514 347
2686.632 348
2686.750 347
2686.867 349
2686.985 354
2687.103 363
2687.221 358
2687.339 355
2687.457 342
2687.575 329
2687.693 334
2687.811 327
2687.929 327
2688.047 329
2688.164 323
2688.282 312
2688.400 314
2688.518 318
2688.636 328
2688.754 342
2688.872 355
2688.990 376
2689.108 394
2689.226 408
2689.344 420
2689.462 427
2689.580 429
2689.698 427
2689.816 430
2689.934 429
2690.052 428
2690.169 434
2690.287 441
2690.405 445
2690.523 455
2690.641 471
2690.759 470
2690.877 474
2690.995 481
2691.113 478
2691.231 482
2691.349 493
2691.467 494
2691.585 499
2691.703 507
2691.821 513
2691.939 515
2692.057 521
2692.175 517
2692.293 510
2692.411 521
2692.529 522
2692.647 545
2692.765 560
2692.883 571
2693.001 581
2693.119 580
2693.237 582
2693.355 588
2693.474 584
2693.592 571
2693.710 563
2693.828 560
2693.946 557
2694.064 567
2694.182 575
2694.300 572
2694.418 584
2694.536 588
2694.654 594
2694.772 575
2694.890 564
2695.008 545
2695.126 525
2695.244 517
2695.362 497
2695.481 494
2695.599 488
2695.717 486
2695.835 486
2695.953 482
2696.071 480
2696.189 476
2696.307 481
2696.425 476
2696.543 475
2696.662 478
2696.780 464
2696.898 460
2697.016 455
2697.134 448
2697.252 446
2697.370 442
2697.488 435
2697.606 429
2697.725 429
2697.843 424
2697.961 423
2698.079 430
2698.197 423
2698.315 419
2698.433 411
2698.552 398
2698.670 390
2698.788 387
2698.906 375
2699.024 370
2699.142 366
2699.261 370
2699.379 381
2699.497 387
2699.615 399
2699.733 400
2699.851 405
2699.970 409
2700.088 408
2700.206 414
2700.324 411
2700.442 409
2700.561 405
2700.679 397
2700.797 397
2700.915 388
2701.033 380
2701.152 369
2701.270 356
2701.388 341
2701.506 326
2701.624 322
2701.743 314
2701.861 314
2701.979 325
2702.097 325
2702.216 333
2702.334 337
2702.452 334
2702.570 334
2702.689 337
2702.807 341
2702.925 349
2703.043 358
2703.162 369
2703.280 375
2703.398 375
2703.516 370
2703.635 368
2703.753 370
2703.871 371
2703.989 378
2704.108 382
2704.226 388
2704.344 400
2704.463 401
2704.581 397
2704.699 388
2704.817 380
2704.936 373
2705.054 368
2705.172 360
2705.291 352
2705.409 349
2705.527 352
2705.646 358
2705.764 358
2705.882 354
2706.001 354
2706.119 360
2706.237 360
2706.355 359
2706.474 353
2706.592 332
2706.710 315
2706.829 315
2706.947 308
2707.065 304
2707.184 306
2707.302 303
2707.421 310
2707.539 307
2707.657 310
2707.776 319
2707.894 315
2708.012 318
2708.131 322
2708.249 312
2708.367 306
2708.486 315
2708.604 314
2708.723 327
2708.841 339
2708.959 348
2709.078 352
2709.196 358
2709.314 368
2709.433 370
2709.551 381
2709.670 378
2709.788 366
2709.906 366
2710.025 352
2710.143 356
2710.262 357
2710.380 350
2710.499 346
2710.617 342
2710.735 349
2710.854 346
2710.972 351
2711.091 344
2711.209 340
2711.328 336
2711.446 333
2711.564 332
2711.683 335
2711.801 338
2711.920 339
2712.038 340
2712.157 335
2712.275 328
2712.394 327
2712.512 328
2712.631 333
2712.749 348
2712.867 364
2712.986 374
2713.104 390
2713.223 397
2713.341 393
2713.460 409
2713.578 419
2713.697 423
2713.815 431
2713.934 430
2714.052 430
2714.171 433
2714.289 448
2714.408 450
2714.526 450
2714.645 449
2714.763 438
2714.882 442
2715.000 447
2715.119 458
2715.237 457
2715.356 470
2715.475 492
2715.593 499
2715.712 512
2715.830 515
2715.949 510
2716.067 514
2716.186 522
2716.304 518
2716.423 522
2716.541 528
2716.660 529
2716.779 524
2716.897 529
2717.016 531
2717.134 540
2717.253 560
2717.371 581
2717.490 596
2717.609 598
2717.727 594
2717.846 576
2717.964 573
2718.083 586
2718.201 586
2718.320 591
2718.439 594
2718.557 587
2718.676 592
2718.794 597
2718.913 597
2719.032 591
2719.150 574
2719.269 564
2719.388 550
2719.506 542
2719.625 538
2719.743 530
2719.862 527
2719.981 520
2720.099 520
2720.218 510
2720.337 504
2720.455 501
2720.574 498
2720.692 498
2720.811 504
2720.930 489
2721.048 493
2721.167 485
2721.286 474
2721.404 462
2721.523 451
2721.642 446
2721.760 438
2721.879 439
2721.998 434
2722.116 438
2722.235 438
2722.354 437
2722.472 437
2722.591 428
2722.710 419
2722.829 412
2722.947 416
2723.066 418
2723.185 424
2723.303 429
2723.422 419
2723.541 415
2723.660 400
2723.778 384
2723.897 373
2724.016 361
2724.134 357
2724.253 353
2724.372 352
2724.491 346
2724.609 344
2724.728 340
2724.847 342
2724.966 345
2725.084 345
2725.203 347
2725.322 358
2725.441 362
2725.559 363
2725.678 365
2725.797 355
2725.916 350
2726.034 353
2726.153 347
2726.272 344
2726.391 337
2726.509 321
2726.628 304
2726.747 297
2726.866 294
2726.985 291
2727.103 290
2727.222 284
2727.341 277
2727.460 285
2727.579 298
2727.697 304
2727.816 315
2727.935 307
2728.054 302
2728.173 307
2728.291 310
2728.410 320
2728.529 330
2728.648 342
2728.767 355
2728.885 361
2729.004 358
2729.123 357
2729.242 349
2729.361 345
2729.480 346
2729.599 339
2729.717 336
2729.836 338
2729.955 338
2730.074 333
2730.193 327
2730.312 324
2730.431 314
2730.549 305
2730.668 302
2730.787 301
2730.906 299
2731.025 306
2731.144 312
2731.263 311
2731.382 316
2731.500 318
2731.619 317
2731.738 323
2731.857 331
2731.976 330
2732.095 333
2732.214 339
2732.333 338
2732.452 337
2732.571 331
2732.689 332
2732.808 322
2732.927 324
2733.046 325
2733.165 322
2733.284 320
2733.403 320
2733.522 311
2733.641 308
2733.760 311
2733.879 313
2733.998 317
2734.117 327
2734.236 334
2734.354 324
2734.473 325
2734.592 319
2734.711 319
2734.830 327
2734.949 327
2735.068 325
2735.187 325
2735.306 333
2735.425 340
2735.544 346
2735.663 345
2735.782 348
2735.901 354
2736.020 357
2736.139 364
2736.258 361
2736.377 363
2736.496 365
2736.615 372
2736.734 374
2736.853 383
2736.972 382
2737.091 381
2737.210 380
2737.329 373
2737.448 371
2737.567 360
2737.686 359
2737.805 361
2737.924 373
2738.043 383
2738.162 402
2738.281 411
2738.400 410
2738.519 415
2738.639 409
2738.758 407
2738.877 406
2738.996 407
2739.115 405
2739.234 408
2739.353 412
2739.472 417
2739.591 431
2739.710 453
2739.829 469
2739.948 489
2740.067 491
2740.186 491
2740.305 486
2740.425 480
2740.544 488
2740.663 483
2740.782 492
2740.901 499
2741.020 513
2741.139 526
2741.258 537
2741.377 549
2741.496 549
2741.616 550
2741.735 553
2741.854 559
2741.973 565
2742.092 574
2742.211 569
2742.330 568
2742.449 561
2742.569 550
2742.688 538
2742.807 530
2742.926 526
2743.045 521
2743.164 524
2743.283 528
2743.403 520
2743.522 517
2743.641 518
2743.760 519
2743.879 523
2743.998 531
2744.118 537
2744.237 542
2744.356 544
2744.475 541
2744.594 544
2744.713 538
2744.833 522
2744.952 510
2745.071 497
2745.190 477
2745.309 468
2745.429 454
2745.548 440
2745.667 431
2745.786 424
2745.905 421
2746.025 429
2746.144 431
2746.263 430
2746.382 426
2746.501 410
2746.621 400
2746.740 388
2746.859 380
2746.978 382
2747.098 386
2747.217 396
2747.336 405
2747.455 409
2747.575 408
2747.694 399
2747.813 390
2747.932 383
2748.052 370
2748.171 363
2748.290 360
2748.409 353
2748.529 345
2748.648 342
2748.767 333
2748.886 327
2749.006 330
2749.125 334
2749.244 339
2749.364 352
2749.483 366
2749.602 374
2749.721 381
2749.841 386
2749.960 388
2750.079 388
2750.199 388
2750.318 377
2750.437 369
2750.557 349
2750.676 340
2750.795 331
2750.914 322
2751.034 323
2751.153 321
2751.272 334
2751.392 342
2751.511 343
2751.630 344
2751.750 340
2751.869 338
2751.988 339
2752.108 341
2752.227 343
2752.347 341
2752.466 332
2752.585 320
2752.705 315
2752.824 306
2752.943 303
2753.063 301
2753.182 297
2753.301 302
2753.421 305
2753.540 313
2753.660 318
2753.779 317
2753.898 322
2754.018 327
2754.137 331
2754.257 341
2754.376 342
2754.495 339
2754.615 341
2754.734 334
2754.854 332
2754.973 322
2755.092 314
2755.212 309
2755.331 310
2755.451 314
2755.570 316
2755.689 313
2755.809 309
2755.928 309
2756.048 306
2756.167 304
2756.287 315
2756.406 331
2756.525 351
2756.645 369
2756.764 367
2756.884 360
2757.003 358
2757.123 354
2757.242 342
2757.362 334
2757.481 324
2757.601 303
2757.720 302
2757.840 298
2757.959 300
2758.078 301
2758.198 316
2758.317 328
2758.437 327
2758.556 339
2758.676 337
2758.795 332
2758.915 337
2759.034 340
2759.154 338
2759.273 342
2759.393 339
2759.512 340
2759.632 347
2759.751 348
2759.871 355
2759.991 357
2760.110 354
2760.230 348
2760.349 350
2760.469 348
2760.588 351
2760.708 358
2760.827 368
2760.947 379
2761.066 383
2761.186 395
2761.305 396
2761.425 399
2761.545 404
2761.664 403
2761.784 405
2761.903 403
2762.023 399
2762.142 390
2762.262 396
2762.381 405
2762.501 416
2762.621 426
2762.740 424
2762.860 424
2762.979 422
2763.099 423
2763.219 431
2763.338 434
2763.458 442
2763.577 439
2763.697 445
2763.817 453
2763.936 455
2764.056 459
2764.175 458
2764.295 461
2764.415 462
2764.534 468
2764.654 467
2764.774 473
2764.893 487
2765.013 503
2765.132 512
2765.252 518
2765.372 512
2765.491 513
2765.611 519
2765.731 537
2765.850 541
2765.970 544
2766.090 548
2766.209 552
2766.329 563
2766.449 573
2766.568 587
2766.688 602
2766.808 594
2766.927 594
2767.047 589
2767.167 577
2767.286 564
2767.406 549
2767.526 530
2767.645 508
2767.765 507
2767.885 499
2768.004 493
2768.124 489
2768.244 480
2768.364 467
2768.483 459
2768.603 456
2768.723 462
2768.842 469
2768.962 464
2769.082 460
2769.202 443
2769.321 430
2769.441 424
2769.561 423
2769.680 424
2769.800 421
2769.920 421
2770.040 415
2770.159 402
2770.279 399
2770.399 384
2770.519 369
2770.638 357
2770.758 350
2770.878 352
2770.998 363
2771.118 369
2771.237 369
2771.357 363
2771.477 359
2771.597 360
2771.716 356
2771.836 360
2771.956 360
2772.076 354
2772.196 363
2772.315 367
2772.435 369
2772.555 375
2772.675 375
2772.795 370
2772.914 366
2773.034 367
2773.154 360
2773.274 360
2773.394 358
2773.513 354
2773.633 358
2773.753 358
2773.873 355
2773.993 349
2774.113 343
2774.232 340
2774.352 342
2774.472 331
2774.592 322
2774.712 313
2774.832 299
2774.951 297
2775.071 297
2775.191 302
2775.311 308
2775.431 321
2775.551 332
2775.671 344
2775.791 359
2775.910 362
2776.030 357
2776.150 351
2776.270 347
2776.390 349
2776.510 352
2776.630 362
2776.750 360
2776.869 355
2776.989 356
2777.109 346
2777.229 338
2777.349 340
2777.469 336
2777.589 330
2777.709 322
2777.829 319
2777.949 314
2778.069 319
2778.188 325
2778.308 322
2778.428 321
2778.548 320
2778.668 320
2778.788 331
2778.908 345
2779.028 353
2779.148 366
2779.268 365
2779.388 364
2779.508 362
2779.628 355
2779.748 344
2779.868 336
2779.988 334
2780.108 327
2780.228 328
2780.348 330
2780.468 337
2780.588 337
2780.707 343
2780.827 345
2780.947 343
2781.067 347
2781.187 344
2781.307 347
2781.427 333
2781.547 324
2781.667 321
2781.787 321
2781.907 332
2782.027 347
2782.147 358
2782.267 365
2782.387 353
2782.507 351
2782.628 343
2782.748 333
2782.868 331
2782.988 328
2783.108 335
2783.228 342
2783.348 350
2783.468 368
2783.588 371
2783.708 377
2783.828 380
2783.948 376
2784.068 380
2784.188 383
2784.308 376
2784.428 372
2784.548 364
2784.668 353
2784.788 351
2784.908 341
2785.029 328
2785.149 320
2785.269 313
2785.389 308
2785.509 318
2785.629 332
2785.749 348
2785.869 361
2785.989 364
2786.109 366
2786.229 365
2786.350 366
2786.470 378
2786.590 386
2786.710 402
2786.830 412
2786.950 423
2787.070 437
2787.190 449
2787.310 467
2787.431 482
2787.551 487
2787.671 497
2787.791 503
2787.911 510
2788.031 522
2788.151 530
2788.272 529
2788.392 529
2788.512 527
2788.632 509
2788.752 506
2788.872 509
2788.992 522
2789.113 542
2789.233 558
2789.353 553
2789.473 548
2789.593 550
2789.713 554
2789.834 556
2789.954 549
2790.074 534
2790.194 526
2790.314 521
2790.435 523
2790.555 527
2790.675 531
2790.795 527
2790.915 520
2791.036 511
2791.156 503
2791.276 485
2791.396 468
2791.516 461
2791.637 445
2791.757 446
2791.877 449
2791.997 445
2792.118 446
2792.238 452
2792.358 455
2792.478 455
2792.599 455
2792.719 452
2792.839 448
2792.959 451
2793.080 450
2793.200 447
2793.320 444
2793.440 434
2793.561 426
2793.681 426
2793.801 424
2793.921 425
2794.042 420
2794.162 413
2794.282 410
2794.403 404
2794.523 402
2794.643 393
2794.763 388
2794.884 385
2795.004 380
2795.124 378
2795.245 367
2795.365 356
2795.485 342
2795.605 332
2795.726 321
2795.846 315
2795.966 316
2796.087 318
2796.207 319
2796.327 322
2796.448 328
2796.568 334
2796.688 337
2796.809 343
2796.929 348
2797.049 342
2797.170 335
2797.290 323
2797.410 308
2797.531 311
2797.651 310
2797.771 307
2797.892 309
2798.012 306
2798.133 306
2798.253 305
2798.373 315
2798.494 315
2798.614 315
2798.734 316
2798.855 322
2798.975 316
2799.096 313
2799.216 309
2799.336 294
2799.457 292
2799.577 299
2799.698 300
2799.818 304
2799.938 305
2800.059 296
2800.179 293
2800.300 296
2800.420 290
2800.540 289
2800.661 289
2800.781 292
2800.902 302
2801.022 320
2801.142 325
2801.263 330
2801.383 321
2801.504 316
2801.624 315
2801.745 311
2801.865 318
2801.986 312
2802.106 310
2802.226 301
2802.347 293
2802.467 289
2802.588 292
2802.708 291
2802.829 299
2802.949 308
2803.070 307
2803.190 310
2803.311 304
2803.431 304
2803.552 303
2803.672 304
2803.793 301
2803.913 297
2804.034 293
2804.154 287
2804.275 284
2804.395 277
2804.516 277
2804.636 272
2804.757 278
2804.877 284
2804.998 291
2805.118 290
2805.239 295
2805.359 298
2805.480 296
2805.600 299
2805.721 302
2805.841 301
2805.962 305
2806.082 310
2806.203 313
2806.323 320
2806.444 328
2806.565 334
2806.685 328
2806.806 327
2806.926 327
2807.047 319
2807.167 334
2807.288 344
2807.409 349
2807.529 362
2807.650 358
2807.770 353
2807.891 352
2808.011 349
2808.132 338
2808.253 338
2808.373 339
2808.494 344
2808.614 352
2808.735 361
2808.856 361
2808.976 355
2809.097 353
2809.217 341
2809.338 335
2809.459 333
2809.579 337
2809.700 348
2809.820 357
2809.941 373
2810.062 377
2810.182 381
2810.303 400
2810.424 408
2810.544 425
2810.665 439
2810.785 447
2810.906 453
2811.027 454
2811.147 457
2811.268 448
2811.389 442
2811.509 444
2811.630 446
2811.751 449
2811.871 456
2811.992 458
2812.113 451
2812.233 449
2812.354 453
2812.475 451
2812.595 451
2812.716 455
2812.837 448
2812.957 450
2813.078 461
2813.199 473
2813.320 493
2813.440 519
2813.561 540
2813.682 551
2813.802 564
2813.923 563
2814.044 552
2814.165 540
2814.285 529
2814.406 523
2814.527 523
2814.647 528
2814.768 531
2814.889 539
2815.010 544
2815.130 546
2815.251 553
2815.372 557
2815.493 556
2815.613 563
2815.734 563
2815.855 552
2815.976 529
2816.096 515
2816.217 505
2816.338 494
2816.459 492
2816.579 478
2816.700 465
2816.821 456
2816.942 447
2817.063 445
2817.183 435
2817.304 433
2817.425 434
2817.546 426
2817.666 421
2817.787 421
2817.908 415
2818.029 417
2818.150 419
2818.270 412
2818.391 418
2818.512 411
2818.633 406
2818.754 389
2818.875 376
2818.995 360
2819.116 347
2819.237 348
2819.358 342
2819.479 350
2819.600 351
2819.720 350
2819.841 352
2819.962 360
2820.083 372
2820.204 379
2820.325 391
2820.445 399
2820.566 408
2820.687 406
2820.808 402
2820.929 385
2821.050 369
2821.171 359
2821.291 343
2821.412 330
2821.533 326
2821.654 327
2821.775 323
2821.896 330
2822.017 326
2822.138 326
2822.259 334
2822.379 337
2822.500 335
2822.621 338
2822.742 338
2822.863 329
2822.984 326
2823.105 316
2823.226 313
2823.347 325
2823.468 317
2823.589 315
2823.710 306
2823.830 296
2823.951 296
2824.072 287
2824.193 279
2824.314 272
2824.435 270
2824.556 272
2824.677 276
2824.798 279
2824.919 287
2825.040 289
2825.161 298
2825.282 293
2825.403 297
2825.524 298
2825.645 284
2825.766 291
2825.887 295
2826.008 310
2826.129 328
2826.250 338
2826.371 345
2826.492 341
2826.613 336
2826.734 328
2826.855 330
2826.976 333
2827.097 338
2827.218 347
2827.339 338
2827.460 332
2827.581 325
2827.702 316
2827.823 317
2827.944 318
2828.065 311
2828.186 316
2828.307 314
2828.428 322
2828.549 338
2828.670 343
2828.791 348
2828.912 353
2829.033 344
2829.154 332
2829.275 323
2829.396 311
2829.517 305
2829.638 296
2829.759 294
2829.880 288
2830.001 283
2830.122 289
2830.243 298
2830.365 298
2830.486 299
2830.607 296
2830.728 297
2830.849 301
2830.970 305
2831.091 320
2831.212 321
2831.333 325
2831.454 324
2831.575 319
2831.696 315
2831.818 311
2831.939 315
2832.060 314
2832.181 324
2832.302 342
2832.423 358
2832.544 373
2832.665 387
2832.786 392
2832.908 389
2833.029 373
2833.150 368
2833.271 351
2833.392 334
2833.513 327
2833.634 314
2833.756 304
2833.877 300
2833.998 304
2834.119 303
2834.240 316
2834.361 330
2834.483 343
2834.604 354
2834.725 354
2834.846 360
2834.967 359
2835.088 361
2835.210 371
2835.331 382
2835.452 397
2835.573 420
2835.694 446
2835.815 464
2835.937 476
2836.058 481
2836.179 482
2836.300 485
2836.421 492
2836.543 488
2836.664 481
2836.785 480
2836.906 481
2837.028 492
2837.149 506
2837.270 521
2837.391 525
2837.512 526
2837.634 520
2837.755 518
2837.876 515
2837.997 513
2838.119 508
2838.240 498
2838.361 493
2838.482 485
2838.604 483
2838.725 480
2838.846 484
2838.967 492
2839.089 494
2839.210 499
2839.331 496
2839.452 493
2839.574 495
2839.695 487
2839.816 482
2839.938 480
2840.059 477
2840.180 473
2840.301 468
2840.423 462
2840.544 447
2840.665 432
2840.787 424
2840.908 418
2841.029 411
2841.151 410
2841.272 405
2841.393 400
2841.514 400
2841.636 399
2841.757 393
2841.878 386
2842.000 387
2842.121 390
2842.242 401
2842.364 412
2842.485 405
2842.606 402
2842.728 390
2842.849 375
2842.970 370
2843.092 360
2843.213 352
2843.335 350
2843.456 350
2843.577 343
2843.699 348
2843.820 346
2843.941 359
2844.063 367
2844.184 371
2844.305 373
2844.427 362
2844.548 360
2844.670 348
2844.791 345
2844.912 336
2845.034 326
2845.155 324
2845.277 318
2845.398 314
2845.519 310
2845.641 301
2845.762 285
2845.884 281
2846.005 275
2846.126 281
2846.248 286
2846.369 295
2846.491 296
2846.612 289
2846.734 284
2846.855 282
2846.976 284
2847.098 291
2847.219 306
2847.341 304
2847.462 316
2847.584 313
2847.705 306
2847.827 301
2847.948 289
2848.069 288
2848.191 282
2848.312 289
2848.434 297
2848.555 302
2848.677 311
2848.798 310
2848.920 311
2849.041 312
2849.163 303
2849.284 287
2849.406 274
2849.527 261
2849.649 256
2849.770 268
2849.892 278
2850.013 281
2850.135 290
2850.256 294
2850.378 298
2850.499 307
2850.621 310
2850.742 310
2850.864 311
2850.985 308
2851.107 302
2851.228 306
2851.350 310
2851.471 313
2851.593 311
2851.714 316
2851.836 317
2851.958 323
2852.079 314
2852.201 306
2852.322 304
2852.444 300
2852.565 301
2852.687 304
2852.808 308
2852.930 302
2853.052 297
2853.173 293
2853.295 290
2853.416 293
2853.538 291
2853.659 303
2853.781 307
2853.903 309
2854.024 309
2854.146 310
2854.267 312
2854.389 307
2854.511 307
2854.632 302
2854.754 306
2854.875 320
2854.997 323
2855.119 317
2855.240 306
2855.362 298
2855.483 288
2855.605 295
2855.727 300
2855.848 300
2855.970 296
2856.092 298
2856.213 300
2856.335 302
2856.457 309
2856.578 313
2856.700 319
2856.821 322
2856.943 326
2857.065 319
2857.186 314
2857.308 318
2857.430 317
2857.551 323
2857.673 330
2857.795 329
2857.916 334
2858.038 332
2858.160 336
2858.281 337
2858.403 344
2858.525 354
2858.647 352
2858.768 348
2858.890 343
2859.012 340
2859.133 343
2859.255 347
2859.377 353
2859.498 364
2859.620 373
2859.742 387
2859.864 404
2859.985 406
2860.107 424
2860.229 432
2860.350 442
2860.472 453
2860.594 460
2860.716 480
2860.837 498
2860.959 521
2861.081 534
2861.203 553
2861.324 575
2861.446 582
2861.568 596
2861.690 579
2861.811 564
2861.933 557
2862.055 543
2862.177 537
2862.298 531
2862.420 528
2862.542 526
2862.664 530
2862.786 532
2862.907 524
2863.029 503
2863.151 483
2863.273 455
2863.394 444
2863.516 440
2863.638 440
2863.760 451
2863.882 455
2864.003 468
2864.125 476
2864.247 480
2864.369 477
2864.491 472
2864.613 474
2864.734 480
2864.856 490
2864.978 497
2865.100 507
2865.222 506
2865.344 500
2865.465 490
2865.587 473
2865.709 455
2865.831 443
2865.953 429
2866.075 414
2866.196 401
2866.318 388
2866.440 377
2866.562 371
2866.684 366
2866.806 350
2866.928 335
2867.050 321
2867.171 312
2867.293 312
2867.415 318
2867.537 323
2867.659 327
2867.781 326
2867.903 329
2868.025 318
2868.146 316
2868.268 310
2868.390 309
2868.512 313
2868.634 320
2868.756 315
2868.878 305
2869.000 296
2869.122 291
2869.244 296
2869.366 301
2869.488 303
2869.609 302
2869.731 306
2869.853 314
2869.975 328
2870.097 335
2870.219 326
2870.341 325
2870.463 316
2870.585 308
2870.707 302
2870.829 295
2870.951 291
2871.073 290
2871.195 297
2871.317 299
2871.439 309
2871.561 320
2871.683 332
2871.805 337
2871.927 334
2872.049 330
2872.171 325
2872.293 320
2872.415 315
2872.537 315
2872.659 301
2872.781 290
2872.903 284
2873.025 278
2873.147 280
2873.269 287
2873.391 292
2873.513 288
2873.635 289
2873.757 288
2873.879 283
2874.001 278
2874.123 282
2874.245 285
2874.367 281
2874.489 276
2874.611 269
2874.733 263
2874.855 266
2874.977 273
2875.099 271
2875.221 273
2875.343 278
2875.465 291
2875.587 301
2875.709 311
2875.831 318
2875.953 320
2876.075 315
2876.198 313
2876.320 308
2876.442 296
2876.564 288
2876.686 279
2876.808 275
2876.930 269
2877.052 281
2877.174 292
2877.296 298
2877.418 304
2877.541 311
2877.663 316
2877.785 321
2877.907 338
2878.029 339
2878.151 331
2878.273 331
2878.395 321
2878.517 313
2878.640 314
2878.762 304
2878.884 291
2879.006 286
2879.128 278
2879.250 277
2879.372 275
2879.494 279
2879.617 279
2879.739 287
2879.861 294
2879.983 299
2880.105 304
2880.227 305
2880.350 312
2880.472 316
2880.594 325
2880.716 324
2880.838 330
2880.960 319
2881.083 311
2881.205 312
2881.327 314
2881.449 320
2881.571 327
2881.694 320
2881.816 315
2881.938 324
2882.060 324
2882.182 328
2882.305 334
2882.427 333
2882.549 326
2882.671 324
2882.793 322
2882.916 320
2883.038 328
2883.160 335
2883.282 334
2883.404 344
2883.527 355
2883.649 364
2883.771 381
2883.893 394
2884.016 399
2884.138 404
2884.260 416
2884.382 429
2884.505 445
2884.627 461
2884.749 475
2884.871 490
2884.994 502
2885.116 508
2885.238 511
2885.360 506
2885.483 508
2885.605 509
2885.727 509
2885.850 508
2885.972 515
2886.094 521
2886.216 521
2886.339 530
2886.461 533
2886.583 528
2886.706 524
2886.828 524
2886.950 525
2887.073 529
2887.195 534
2887.317 532
2887.440 534
2887.562 537
2887.684 538
2887.806 535
2887.929 522
2888.051 511
2888.173 506
2888.296 489
2888.418 485
2888.540 476
2888.663 461
2888.785 478
2888.908 483
2889.030 493
2889.152 499
2889.275 492
2889.397 480
2889.519 472
2889.642 468
2889.764 453
2889.886 441
2890.009 425
2890.131 409
2890.254 405
2890.376 399
2890.498 395
2890.621 392
2890.743 381
2890.865 375
2890.988 361
2891.110 346
2891.233 338
2891.355 332
2891.477 332
2891.600 332
2891.722 340
2891.845 340
2891.967 335
2892.089 330
2892.212 324
2892.334 322
2892.457 318
2892.579 317
2892.702 310
2892.824 297
2892.946 292
2893.069 285
2893.191 281
2893.314 288
2893.436 297
2893.559 307
2893.681 316
2893.804 322
2893.926 315
2894.049 307
2894.171 302
2894.293 298
2894.416 300
2894.538 302
2894.661 303
2894.783 307
2894.906 310
2895.028 309
2895.151 307
2895.273 303
2895.396 301
2895.518 302
2895.641 297
2895.763 294
2895.886 294
2896.008 290
2896.131 287
2896.253 287
2896.376 284
2896.498 283
2896.621 284
2896.743 289
2896.866 289
2896.988 296
2897.111 299
2897.233 296
2897.356 293
2897.478 292
2897.601 296
2897.724 299
2897.846 300
2897.969 306
2898.091 297
2898.214 294
2898.336 300
2898.459 298
2898.581 309
2898.704 316
2898.827 318
2898.949 324
2899.072 322
2899.194 317
2899.317 310
2899.439 306
2899.562 300
2899.685 292
2899.807 290
2899.930 290
2900.052 293
2900.175 298
2900.297 306
2900.420 316
2900.543 316
2900.665 312
2900.788 310
2900.910 303
2901.033 297
2901.156 296
2901.278 298
2901.401 313
2901.524 323
2901.646 329
2901.769 330
2901.891 325
2902.014 319
2902.137 319
2902.259 312
2902.382 303
2902.505 300
2902.627 297
2902.750 296
2902.873 306
2902.995 304
2903.118 303
2903.241 298
2903.363 290
2903.486 284
2903.609 278
2903.731 287
2903.854 290
2903.977 308
2904.099 323
2904.222 332
2904.345 350
2904.467 366
2904.590 383
2904.713 387
2904.835 383
2904.958 361
2905.081 340
2905.203 328
2905.326 319
2905.449 316
2905.572 318
2905.694 315
2905.817 315
2905.940 318
2906.062 314
2906.185 306
2906.308 300
2906.431 302
2906.553 309
2906.676 326
2906.799 346
2906.922 364
2907.044 384
2907.167 396
2907.290 407
2907.413 410
2907.535 407
2907.658 399
2907.781 393
2907.904 389
2908.026 394
2908.149 401
2908.272 407
2908.395 415
2908.517 419
2908.640 437
2908.763 443
2908.886 440
2909.008 436
2909.131 431
2909.254 425
2909.377 430
2909.500 436
2909.622 433
2909.745 431
2909.868 437
2909.991 443
2910.114 450
2910.236 454
2910.359 464
2910.482 483
2910.605 492
2910.728 510
2910.851 520
2910.973 521
2911.096 519
2911.219 510
2911.342 507
2911.465 511
2911.588 509
2911.710 508
2911.833 498
2911.956 488
2912.079 486
2912.202 490
2912.325 482
2912.447 469
2912.570 444
2912.693 427
2912.816 416
2912.939 414
2913.062 422
2913.185 426
2913.308 437
2913.430 441
2913.553 446
2913.676 447
2913.799 430
2913.922 422
2914.045 409
2914.168 393
2914.291 395
2914.414 395
2914.536 404
2914.659 424
2914.782 418
2914.905 418
2915.028 407
2915.151 388
2915.274 375
2915.397 360
2915.520 347
2915.643 328
2915.766 322
2915.889 315
2916.012 313
2916.134 317
2916.257 318
2916.380 323
2916.503 332
2916.626 339
2916.749 346
2916.872 349
2916.995 347
2917.118 349
2917.241 356
2917.364 364
2917.487 363
2917.610 363
2917.733 349
2917.856 339
2917.979 333
2918.102 333
2918.225 325
2918.348 314
2918.471 301
2918.594 291
2918.717 294
2918.840 293
2918.963 301
2919.086 300
2919.209 293
2919.332 289
2919.455 277
2919.578 264
2919.701 264
2919.824 266
2919.947 261
2920.070 266
2920.193 273
2920.316 278
2920.439 289
2920.562 299
2920.685 299
2920.808 300
2920.931 298
2921.054 300
2921.177 298
2921.300 292
2921.423 286
2921.546 285
2921.669 271
2921.792 264
2921.915 264
2922.039 261
2922.162 268
2922.285 273
2922.408 267
2922.531 265
2922.654 265
2922.777 257
2922.900 261
2923.023 264
2923.146 277
2923.269 287
2923.392 280
2923.516 280
2923.639 280
2923.762 271
2923.885 274
2924.008 277
2924.131 269
2924.254 274
2924.377 271
2924.500 255
2924.624 250
2924.747 246
2924.870 246
2924.993 254
2925.116 265
2925.239 271
2925.362 284
2925.485 290
2925.609 299
2925.732 302
2925.855 299
2925.978 292
2926.101 285
2926.224 281
2926.348 279
2926.471 276
2926.594 282
2926.717 298
2926.840 305
2926.963 309
2927.087 309
2927.210 309
2927.333 308
2927.456 310
2927.579 307
2927.702 291
2927.826 285
2927.949 284
2928.072 274
2928.195 272
2928.318 269
2928.442 268
2928.565 280
2928.688 297
2928.811 309
2928.934 319
2929.058 326
2929.181 326
2929.304 326
2929.427 335
2929.551 334
2929.674 332
2929.797 326
2929.920 324
2930.043 327
2930.167 328
2930.290 334
2930.413 338
2930.536 343
2930.660 357
2930.783 370
2930.906 380
2931.029 391
2931.153 392
2931.276 394
2931.399 387
2931.523 386
2931.646 385
2931.769 375
2931.892 362
2932.016 351
2932.139 348
2932.262 345
2932.385 350
2932.509 336
2932.632 329
2932.755 338
2932.879 352
2933.002 372
2933.125 384
2933.249 400
2933.372 408
2933.495 421
2933.619 429
2933.742 421
2933.865 415
2933.988 414
2934.112 418
2934.235 419
2934.358 432
2934.482 441
2934.605 447
2934.728 453
2934.852 468
2934.975 478
2935.098 485
2935.222 487
2935.345 483
2935.469 471
2935.592 460
2935.715 459
2935.839 453
2935.962 444
2936.085 440
2936.209 435
2936.332 436
2936.455 447
2936.579 452
2936.702 467
2936.826 472
2936.949 473
2937.072 475
2937.196 470
2937.319 460
2937.443 455
2937.566 449
2937.689 438
2937.813 427
2937.936 410
2938.060 403
2938.183 391
2938.306 388
2938.430 382
2938.553 369
2938.677 369
2938.800 368
2938.924 368
2939.047 367
2939.170 360
2939.294 339
2939.417 327
2939.541 323
2939.664 323
2939.788 326
2939.911 323
2940.035 320
2940.158 319
2940.281 321
2940.405 328
2940.528 333
2940.652 334
2940.775 331
2940.899 329
2941.022 330
2941.146 334
2941.269 337
2941.393 331
2941.516 327
2941.640 324
2941.763 323
2941.887 319
2942.010 315
2942.134 311
2942.257 303
2942.381 308
2942.504 305
2942.628 302
2942.751 300
2942.875 293
2942.998 286
2943.122 281
2943.245 280
2943.369 277
2943.492 280
2943.616 287
2943.739 291
2943.863 291
2943.986 279
2944.110 271
2944.233 264
2944.357 265
2944.481 265
2944.604 263
2944.728 274
2944.851 273
2944.975 279
2945.098 286
2945.222 295
2945.345 300
2945.469 306
2945.593 305
2945.716 298
2945.840 295
2945.963 295
2946.087 282
2946.211 266
2946.334 259
2946.458 250
2946.581 248
2946.705 253
2946.828 266
2946.952 273
2947.076 286
2947.199 293
2947.323 293
2947.447 296
2947.570 289
2947.694 277
2947.817 255
2947.941 238
2948.065 231
2948.188 228
2948.312 234
2948.436 239
2948.559 241
2948.683 246
2948.806 248
2948.930 252
2949.054 253
2949.177 247
2949.301 245
2949.425 246
2949.548 247
2949.672 247
2949.796 257
2949.919 254
2950.043 255
2950.167 262
2950.290 273
2950.414 287
2950.538 302
2950.661 313
2950.785 313
2950.909 315
2951.032 311
2951.156 306
2951.280 307
2951.403 302
2951.527 300
2951.651 298
2951.775 290
2951.898 292
2952.022 291
2952.146 281
2952.269 278
2952.393 272
2952.517 262
2952.641 256
2952.764 256
2952.888 254
2953.012 265
2953.136 278
2953.259 283
2953.383 288
2953.507 285
2953.630 270
2953.754 270
2953.878 267
2954.002 268
2954.125 285
2954.249 295
2954.373 300
2954.497 303
2954.621 303
2954.744 298
2954.868 303
2954.992 302
2955.116 301
2955.239 304
2955.363 307
2955.487 317
2955.611 326
2955.735 325
2955.858 330
2955.982 340
2956.106 348
2956.230 354
2956.354 365
2956.477 368
2956.601 375
2956.725 397
2956.849 406
2956.973 407
2957.096 410
2957.220 409
2957.344 405
2957.468 419
2957.592 428
2957.716 425
2957.839 429
2957.963 435
2958.087 441
2958.211 446
2958.335 448
2958.459 452
2958.582 444
2958.706 444
2958.830 448
2958.954 444
2959.078 441
2959.202 448
2959.326 446
2959.449 442
2959.573 434
2959.697 429
2959.821 422
2959.945 419
2960.069 417
2960.193 417
2960.317 417
2960.441 407
2960.564 401
2960.688 400
2960.812 394
2960.936 395
2961.060 388
2961.184 385
2961.308 382
2961.432 387
2961.556 386
2961.680 378
2961.804 372
2961.927 363
2962.051 360
2962.175 358
2962.299 362
2962.423 368
2962.547 369
2962.671 374
2962.795 377
2962.919 370
2963.043 357
2963.167 346
2963.291 328
2963.415 313
2963.539 296
2963.663 292
2963.787 290
2963.911 300
2964.035 311
2964.158 313
2964.282 316
2964.406 317
2964.530 307
2964.654 306
2964.778 306
2964.902 316
2965.026 328
2965.150 346
2965.274 360
2965.398 352
2965.522 348
2965.646 336
2965.770 320
2965.894 315
2966.018 309
2966.142 304
2966.266 303
2966.390 305
2966.514 305
2966.638 307
2966.762 308
2966.887 309
2967.011 301
2967.135 298
2967.259 300
2967.383 297
2967.507 296
2967.631 299
2967.755 299
2967.879 298
2968.003 302
2968.127 293
2968.251 284
2968.375 284
2968.499 277
2968.623 279
2968.747 288
2968.871 286
2968.995 290
2969.119 298
2969.244 304
2969.368 306
2969.492 309
2969.616 307
2969.740 300
2969.864 309
2969.988 305
2970.112 291
2970.236 281
2970.360 263
2970.485 249
2970.609 249
2970.733 251
2970.857 263
2970.981 271
2971.105 283
2971.229 294
2971.353 299
2971.477 312
2971.602 313
2971.726 318
2971.850 322
2971.974 315
2972.098 319
2972.222 317
2972.346 322
2972.471 323
2972.595 325
2972.719 323
2972.843 316
2972.967 303
2973.091 290
2973.216 281
2973.340 267
2973.464 252
2973.588 239
2973.712 234
2973.836 239
2973.961 251
2974.085 256
2974.209 268
2974.333 277
2974.457 283
2974.581 290
2974.706 298
2974.830 302
2974.954 307
2975.078 309
2975.203 303
2975.327 298
2975.451 297
2975.575 292
2975.699 287
2975.824 284
2975.948 285
2976.072 281
2976.196 280
2976.320 279
2976.445 277
2976.569 288
2976.693 293
2976.817 291
2976.942 292
2977.066 282
2977.190 277
2977.314 283
2977.439 280
2977.563 281
2977.687 286
2977.811 291
2977.936 302
2978.060 310
2978.184 322
2978.309 327
2978.433 333
2978.557 322
2978.681 321
2978.806 315
2978.930 308
2979.054 314
2979.179 315
2979.303 319
2979.427 325
2979.551 333
2979.676 331
2979.800 334
2979.924 331
2980.049 331
2980.173 334
2980.297 341
2980.422 356
2980.546 367
2980.670 384
2980.795 392
2980.919 405
2981.043 415
2981.168 423
2981.292 417
2981.416 414
2981.541 412
2981.665 405
2981.789 422
2981.914 438
2982.038 439
2982.162 450
2982.287 449
2982.411 457
2982.535 467
2982.660 471
2982.784 478
2982.909 471
2983.033 463
2983.157 464
2983.282 457
2983.406 458
2983.530 465
2983.655 466
2983.779 461
2983.904 461
2984.028 445
2984.152 435
2984.277 421
2984.401 405
2984.526 395
2984.650 386
2984.774 393
2984.899 399
2985.023 412
2985.148 412
2985.272 411
2985.397 415
2985.521 401
2985.645 392
2985.770 390
2985.894 381
2986.019 372
2986.143 369
2986.268 354
2986.392 339
2986.516 330
2986.641 324
2986.765 325
2986.890 333
2987.014 337
2987.139 341
2987.263 349
2987.388 343
2987.512 333
2987.637 327
2987.761 318
2987.886 318
2988.010 315
2988.135 308
2988.259 298
2988.384 294
2988.508 291
2988.632 284
2988.757 282
2988.881 283
2989.006 280
2989.130 286
2989.255 288
2989.380 285
2989.504 283
2989.629 278
2989.753 278
2989.878 282
2990.002 290
2990.127 301
2990.251 304
2990.376 307
2990.500 300
2990.625 288
2990.749 290
2990.874 288
2990.998 280
2991.123 279
2991.247 281
2991.372 277
2991.497 280
2991.621 277
2991.746 270
2991.870 275
2991.995 279
2992.119 288
2992.244 288
2992.369 281
2992.493 278
2992.618 269
2992.742 267
2992.867 256
2992.991 249
2993.116 246
2993.241 242
2993.365 250
2993.490 251
2993.614 253
2993.739 250
2993.864 251
2993.988 244
2994.113 244
2994.237 236
2994.362 224
2994.487 224
2994.611 218
2994.736 225
2994.861 232
2994.985 243
2995.110 253
2995.234 258
2995.359 265
2995.484 261
2995.608 255
2995.733 256
2995.858 255
2995.982 265
2996.107 272
2996.232 279
2996.356 284
2996.481 283
2996.606 282
2996.730 288
2996.855 293
2996.980 296
2997.104 307
2997.229 299
2997.354 300
2997.478 301
2997.603 294
2997.728 295
2997.852 283
2997.977 281
2998.102 277
2998.227 269
2998.351 263
2998.476 259
2998.601 256
2998.725 256
2998.850 254
2998.975 250
2999.099 250
2999.224 258
2999.349 264
2999.474 272
2999.598 276
2999.723 274
2999.848 287
2999.973 289
3000.097 293
3000.222 298
3000.347 311
3000.472 304
3000.596 293
3000.721 293
3000.846 276
3000.971 278
3001.095 279
3001.220 271
3001.345 278
3001.470 289
3001.594 297
3001.719 311
3001.844 328
3001.969 313
3002.093 305
3002.218 295
3002.343 284
3002.468 287
3002.593 286
3002.717 289
3002.842 286
3002.967 289
3003.092 291
3003.217 291
3003.341 291
3003.466 293
3003.591 294
3003.716 297
3003.841 296
3003.966 316
3004.090 332
3004.215 340
3004.340 348
3004.465 357
3004.590 367
3004.714 376
3004.839 391
3004.964 399
3005.089 402
3005.214 423
3005.339 435
3005.464 437
3005.588 439
3005.713 432
3005.838 425
3005.963 421
3006.088 419
3006.213 418
3006.338 425
3006.462 427
3006.587 442
3006.712 452
3006.837 471
3006.962 483
3007.087 492
3007.212 490
3007.337 489
3007.462 478
3007.586 472
3007.711 471
3007.836 460
3007.961 458
3008.086 456
3008.211 455
3008.336 458
3008.461 448
3008.586 435
3008.711 424
3008.836 406
3008.961 396
3009.085 381
3009.210 374
3009.335 360
3009.460 354
3009.585 355
3009.710 353
3009.835 356
3009.960 353
3010.085 354
3010.210 357
3010.335 358
3010.460 360
3010.585 356
3010.710 352
3010.835 346
3010.960 345
3011.085 345
3011.210 346
3011.335 351
3011.460 347
3011.585 338
3011.710 333
3011.835 329
3011.960 334
3012.085 340
3012.210 335
3012.335 340
3012.460 335
3012.585 327
3012.710 324
3012.835 316
3012.960 314
3013.085 309
3013.210 307
3013.335 304
3013.460 312
3013.585 314
3013.710 321
3013.835 320
3013.960 313
3014.085 306
3014.210 299
3014.335 295
3014.460 292
3014.585 296
3014.710 290
3014.835 287
3014.960 277
3015.085 267
3015.210 273
3015.335 272
3015.460 271
3015.585 279
3015.711 280
3015.836 277
3015.961 282
3016.086 282
3016.211 286
3016.336 295
3016.461 296
3016.586 292
3016.711 282
3016.836 272
3016.961 261
3017.086 262
3017.212 263
3017.337 263
3017.462 264
3017.587 260
3017.712 262
3017.837 264
3017.962 266
3018.087 259
3018.213 252
3018.338 249
3018.463 252
3018.588 262
3018.713 267
3018.838 273
3018.963 279
3019.088 281
3019.214 288
3019.339 294
3019.464 292
3019.589 290
3019.714 287
3019.839 285
3019.965 281
3020.090 276
3020.215 273
3020.340 262
3020.465 246
3020.590 243
3020.716 241
3020.841 244
3020.966 257
3021.091 265
3021.216 278
3021.341 297
3021.467 300
3021.592 300
3021.717 299
3021.842 291
3021.967 286
3022.093 279
3022.218 276
3022.343 270
3022.468 271
3022.594 274
3022.719 274
3022.844 273
3022.969 265
3023.094 257
3023.220 253
3023.345 252
3023.470 252
3023.595 253
3023.721 256
3023.846 261
3023.971 266
3024.096 266
3024.222 266
3024.347 271
3024.472 271
3024.597 272
3024.723 276
3024.848 277
3024.973 277
3025.098 280
3025.224 280
3025.349 277
3025.474 282
3025.600 287
3025.725 291
3025.850 304
3025.975 312
3026.101 311
3026.226 308
3026.351 306
3026.477 297
3026.602 292
3026.727 296
3026.852 305
3026.978 308
3027.103 321
3027.228 324
3027.354 311
3027.479 323
3027.604 330
3027.730 337
3027.855 352
3027.980 357
3028.106 360
3028.231 373
3028.356 376
3028.482 379
3028.607 382
3028.732 375
3028.858 372
3028.983 374
3029.108 373
3029.234 380
3029.359 393
3029.485 406
3029.610 422
3029.735 425
3029.861 429
3029.986 426
3030.111 422
3030.237 429
3030.362 435
3030.488 449
3030.613 458
3030.738 472
3030.864 484
3030.989 496
3031.115 507
3031.240 502
3031.365 497
3031.491 489
3031.616 483
3031.742 477
3031.867 466
3031.992 461
3032.118 452
3032.243 448
3032.369 443
3032.494 428
3032.619 421
3032.745 405
3032.870 399
3032.996 396
3033.121 395
3033.247 401
3033.372 406
3033.498 402
3033.623 403
3033.748 403
3033.874 406
3033.999 411
3034.125 411
3034.250 411
3034.376 414
3034.501 417
3034.627 414
3034.752 397
3034.878 381
3035.003 361
3035.129 349
3035.254 340
3035.380 328
3035.505 326
3035.631 324
3035.756 329
3035.882 332
3036.007 328
3036.133 320
3036.258 303
3036.384 285
3036.509 277
3036.635 270
3036.760 272
3036.886 270
3037.011 273
3037.137 277
3037.262 270
3037.388 257
3037.513 251
3037.639 244
3037.764 246
3037.890 248
3038.015 258
3038.141 266
3038.267 268
3038.392 285
3038.518 283
3038.643 283
3038.769 295
3038.894 291
3039.020 299
3039.145 303
3039.271 297
3039.397 290
3039.522 288
3039.648 286
3039.773 286
3039.899 289
3040.025 284
3040.150 278
3040.276 280
3040.401 284
3040.527 283
3040.653 278
3040.778 279
3040.904 277
3041.029 279
3041.155 282
3041.281 283
3041.406 281
3041.532 286
3041.657 296
3041.783 302
3041.909 309
3042.034 310
3042.160 303
3042.286 305
3042.411 302
3042.537 295
3042.662 293
3042.788 291
3042.914 277
3043.039 272
3043.165 267
3043.291 266
3043.416 267
3043.542 269
3043.668 265
3043.793 258
3043.919 258
3044.045 265
3044.170 265
3044.296 267
3044.422 263
3044.547 265
3044.673 269
3044.799 281
3044.924 295
3045.050 295
3045.176 293
3045.302 285
3045.427 274
3045.553 274
3045.679 271
3045.804 272
3045.930 266
3046.056 262
3046.182 265
3046.307 267
3046.433 277
3046.559 282
3046.684 291
3046.810 291
3046.936 298
3047.062 290
3047.187 280
3047.313 274
3047.439 272
3047.565 271
3047.690 269
3047.816 272
3047.942 268
3048.068 268
3048.193 269
3048.319 263
3048.445 254
3048.571 247
3048.696 240
3048.822 240
3048.948 243
3049.074 257
3049.200 275
3049.325 294
3049.451 313
3049.577 320
3049.703 327
3049.828 322
3049.954 315
3050.080 310
3050.206 298
3050.332 294
3050.457 286
3050.583 275
3050.709 268
3050.835 259
3050.961 249
3051.087 259
3051.212 252
3051.338 255
3051.464 265
3051.590 275
3051.716 298
3051.842 323
3051.967 340
3052.093 353
3052.219 360
3052.345 364
3052.471 371
3052.597 374
3052.722 378
3052.848 379
3052.974 379
3053.100 374
3053.226 376
3053.352 374
3053.478 363
3053.604 356
3053.729 351
3053.855 348
3053.981 351
3054.107 351
3054.233 363
3054.359 368
3054.485 367
3054.611 378
3054.737 379
3054.862 383
3054.988 400
3055.114 395
3055.240 393
3055.366 404
3055.492 399
3055.618 403
3055.744 408
3055.870 414
3055.996 412
3056.122 416
3056.248 429
3056.373 435
3056.499 444
3056.625 456
3056.751 464
3056.877 459
3057.003 465
3057.129 459
3057.255 459
3057.381 463
3057.507 459
3057.633 446
3057.759 422
3057.885 402
3058.011 383
3058.137 365
3058.263 359
3058.389 348
3058.515 350
3058.641 348
3058.767 345
3058.893 349
3059.019 349
3059.145 341
3059.271 331
3059.397 323
3059.523 311
3059.649 305
3059.775 299
3059.901 292
3060.027 280
3060.153 278
3060.279 275
3060.405 274
3060.531 282
3060.657 285
3060.783 290
3060.909 294
3061.035 300
3061.161 302
3061.287 307
3061.413 312
3061.539 315
3061.665 315
3061.791 314
3061.917 313
3062.043 311
3062.169 302
3062.295 296
3062.421 281
3062.547 268
3062.673 257
3062.800 250
3062.926 249
3063.052 245
3063.178 254
3063.304 263
3063.430 274
3063.556 286
3063.682 288
3063.808 286
3063.934 279
3064.060 281
3064.186 288
3064.313 293
3064.439 301
3064.565 296
3064.691 287
3064.817 282
3064.943 281
3065.069 292
3065.195 285
3065.321 279
3065.448 274
3065.574 273
3065.700 276
3065.826 281
3065.952 284
3066.078 277
3066.204 284
3066.330 282
3066.457 277
3066.583 282
3066.709 274
3066.835 269
3066.961 271
3067.087 272
3067.214 268
3067.340 266
3067.466 266
3067.592 255
3067.718 256
3067.844 257
3067.971 255
3068.097 252
3068.223 256
3068.349 257
3068.475 257
3068.602 256
3068.728 258
3068.854 261
3068.980 268
3069.106 282
3069.233 281
3069.359 281
3069.485 277
3069.611 270
3069.737 267
3069.864 265
3069.990 257
3070.116 251
3070.242 245
3070.368 239
3070.495 234
3070.621 232
3070.747 224
3070.873 216
3071.000 219
3071.126 221
3071.252 235
3071.378 249
3071.505 261
3071.631 274
3071.757 279
3071.883 286
3072.010 294
3072.136 302
3072.262 309
3072.388 306
3072.515 298
3072.641 297
3072.767 283
3072.894 282
3073.020 283
3073.146 275
3073.272 269
3073.399 267
3073.525 260
3073.651 268
3073.778 271
3073.904 269
3074.030 269
3074.157 265
3074.283 268
3074.409 276
3074.535 284
3074.662 286
3074.788 286
3074.914 284
3075.041 278
3075.167 272
3075.293 279
3075.420 278
3075.546 284
3075.672 292
3075.799 294
3075.925 300
3076.051 301
3076.178 299
3076.304 311
3076.431 322
3076.557 332
3076.683 345
3076.810 366
3076.936 381
3077.062 385
3077.189 394
3077.315 392
3077.441 383
3077.568 378
3077.694 368
3077.821 362
3077.947 356
3078.073 359
3078.200 357
3078.326 361
3078.453 374
3078.579 390
3078.705 402
3078.832 410
3078.958 420
3079.085 418
3079.211 418
3079.337 418
3079.464 415
3079.590 419
3079.717 430
3079.843 430
3079.970 433
3080.096 435
3080.222 427
3080.349 433
3080.475 426
3080.602 420
3080.728 415
3080.855 406
3080.981 407
3081.108 397
3081.234 390
3081.360 380
3081.487 368
3081.613 363
3081.740 362
3081.866 352
3081.993 346
3082.119 341
3082.246 332
3082.372 331
3082.499 330
3082.625 335
3082.752 337
3082.878 338
3083.005 342
3083.131 343
3083.258 340
3083.384 349
3083.511 353
3083.637 353
3083.764 349
3083.890 340
3084.017 333
3084.143 325
3084.270 326
3084.396 318
3084.523 311
3084.649 305
3084.776 293
3084.902 288
3085.029 284
3085.155 287
3085.282 290
3085.409 297
3085.535 299
3085.662 303
3085.788 307
3085.915 311
3086.041 310
3086.168 309
3086.294 309
3086.421 300
3086.548 292
3086.674 286
3086.801 293
3086.927 282
3087.054 281
3087.180 271
3087.307 256
3087.434 252
3087.560 243
3087.687 247
3087.813 250
3087.940 252
3088.067 247
3088.193 246
3088.320 238
3088.446 238
3088.573 242
3088.700 244
3088.826 254
3088.953 258
3089.079 263
3089.206 262
3089.333 257
3089.459 251
3089.586 245
3089.713 244
3089.839 242
3089.966 243
3090.093 244
3090.219 241
3090.346 235
3090.472 232
3090.599 230
3090.726 236
3090.852 243
3090.979 244
3091.106 247
3091.232 254
3091.359 259
3091.486 256
3091.612 253
3091.739 250
3091.866 241
3091.992 246
3092.119 249
3092.246 246
3092.373 244
3092.499 249
3092.626 253
3092.753 262
3092.879 271
3093.006 266
3093.133 266
3093.259 264
3093.386 262
3093.513 261
3093.640 267
3093.766 262
3093.893 255
3094.020 256
3094.147 243
3094.273 248
3094.400 255
3094.527 263
3094.653 267
3094.780 264
3094.907 261
3095.034 257
3095.160 258
3095.287 260
3095.414 267
3095.541 263
3095.667 255
3095.794 250
3095.921 245
3096.048 241
3096.175 239
3096.301 246
3096.428 245
3096.555 252
3096.682 252
3096.808 263
3096.935 270
3097.062 281
3097.189 294
3097.316 294
3097.442 288
3097.569 291
3097.696 290
3097.823 281
3097.950 277
3098.076 277
3098.203 275
3098.330 280
3098.457 279
3098.584 275
3098.710 268
3098.837 268
3098.964 269
3099.091 268
3099.218 275
3099.345 276
3099.471 283
3099.598 293
3099.725 298
3099.852 297
3099.979 293
3100.106 282
3100.233 272
3100.359 268
3100.486 260
3100.613 265
3100.740 270
3100.867 278
3100.994 298
3101.121 315
3101.248 333
3101.374 347
3101.501 357
3101.628 369
3101.755 378
3101.882 385
3102.009 387
3102.136 382
3102.263 373
3102.390 359
3102.516 351
3102.643 346
3102.770 345
3102.897 348
3103.024 350
3103.151 358
3103.278 365
3103.405 374
3103.532 388
3103.659 390
3103.786 392
3103.913 399
3104.039 408
3104.166 412
3104.293 417
3104.420 421
3104.547 423
3104.674 412
3104.801 405
3104.928 392
3105.055 383
3105.182 385
3105.309 392
3105.436 400
3105.563 400
3105.690 406
3105.817 403
3105.944 398
3106.071 398
3106.198 391
3106.325 381
3106.452 379
3106.579 372
3106.706 371
3106.833 375
3106.960 379
3107.087 383
3107.214 386
3107.341 384
3107.468 375
3107.595 356
3107.722 339
3107.849 327
3107.976 324
3108.103 329
3108.230 329
3108.357 328
3108.484 323
3108.611 316
3108.738 306
3108.865 288
3108.992 275
3109.119 261
3109.246 254
3109.373 253
3109.500 250
3109.627 245
3109.754 245
3109.881 255
3110.008 261
3110.135 269
3110.263 269
3110.390 272
3110.517 274
3110.644 275
3110.771 280
3110.898 278
3111.025 281
3111.152 276
3111.279 271
3111.406 269
3111.533 271
3111.660 276
3111.788 270
3111.915 261
3112.042 254
3112.169 244
3112.296 244
3112.423 250
3112.550 256
3112.677 261
3112.804 264
3112.932 265
3113.059 268
3113.186 282
3113.313 282
3113.440 283
3113.567 289
3113.694 284
3113.821 295
3113.949 306
3114.076 305
3114.203 304
3114.330 286
3114.457 267
3114.584 257
3114.712 244
3114.839 237
3114.966 236
3115.093 234
3115.220 230
3115.347 235
3115.475 239
3115.602 239
3115.729 242
3115.856 249
3115.983 255
3116.110 263
3116.238 273
3116.365 273
3116.492 272
3116.619 267
3116.746 258
3116.874 246
3117.001 232
3117.128 228
3117.255 220
3117.382 230
3117.510 240
3117.637 243
3117.764 252
3117.891 255
3118.019 261
3118.146 263
3118.273 270
3118.400 276
3118.528 279
3118.655 289
3118.782 291
3118.909 286
3119.037 283
3119.164 276
3119.291 267
3119.418 265
3119.546 253
3119.673 251
3119.800 247
3119.927 250
3120.055 263
3120.182 265
3120.309 278
3120.436 281
3120.564 281
3120.691 281
3120.818 273
3120.946 274
3121.073 277
3121.200 270
3121.327 269
3121.455 262
3121.582 251
3121.709 249
3121.837 253
3121.964 258
3122.091 264
3122.219 273
3122.346 283
3122.473 293
3122.601 301
3122.728 306
3122.855 306
3122.983 302
3123.110 297
3123.237 291
3123.365 288
3123.492 280
3123.619 277
3123.747 272
3123.874 271
3124.001 271
3124.129 280
3124.256 284
3124.383 300
3124.511 307
3124.638 314
3124.766 322
3124.893 322
3125.020 327
3125.148 319
3125.275 324
3125.402 320
3125.530 328
3125.657 337
3125.785 337
3125.912 344
3126.039 342
3126.167 348
3126.294 352
3126.422 365
3126.549 373
3126.676 380
3126.804 392
3126.931 402
3127.059 410
3127.186 423
3127.313 425
3127.441 425
3127.568 432
3127.696 433
3127.823 424
3127.951 422
3128.078 415
3128.205 408
3128.333 413
3128.460 414
3128.588 405
3128.715 402
3128.843 395
3128.970 389
3129.098 383
3129.225 383
3129.353 378
3129.480 379
3129.608 375
3129.735 369
3129.862 361
3129.990 359
3130.117 360
3130.245 354
3130.372 360
3130.500 366
3130.627 366
3130.755 370
3130.882 368
3131.010 363
3131.137 359
3131.265 358
3131.392 352
3131.520 343
3131.647 330
3131.775 316
3131.902 302
3132.030 287
3132.157 285
3132.285 276
3132.413 271
3132.540 269
3132.668 262
3132.795 255
3132.923 267
3133.050 266
3133.178 268
3133.305 266
3133.433 256
3133.560 247
3133.688 244
3133.816 247
3133.943 245
3134.071 246
3134.198 246
3134.326 236
3134.453 235
3134.581 227
3134.709 226
3134.836 226
3134.964 227
3135.091 230
3135.219 239
3135.346 249
3135.474 254
3135.602 258
3135.729 252
3135.857 249
3135.984 248
3136.112 253
3136.240 251
3136.367 255
3136.495 257
3136.622 255
3136.750 253
3136.878 255
3137.005 253
3137.133 262
3137.261 267
3137.388 269
3137.516 274
3137.644 273
3137.771 266
3137.899 262
3138.026 259
3138.154 245
3138.282 248
3138.409 247
3138.537 250
3138.665 251
3138.792 248
3138.920 246
3139.048 245
3139.175 247
3139.303 251
3139.431 249
3139.558 243
3139.686 242
3139.814 241
3139.941 237
3140.069 236
3140.197 226
3140.325 231
3140.452 238
3140.580 243
3140.708 251
3140.835 255
3140.963 253
3141.091 252
3141.218 250
3141.346 239
3141.474 233
3141.602 228
3141.729 229
3141.857 226
3141.985 217
3142.113 214
3142.240 207
3142.368 209
3142.496 216
3142.623 224
3142.751 233
3142.879 235
3143.007 240
3143.134 241
3143.262 237
3143.390 234
3143.518 234
3143.646 235
3143.773 238
3143.901 241
3144.029 246
3144.157 240
3144.284 235
3144.412 227
3144.540 221
3144.668 225
3144.795 235
3144.923 244
3145.051 255
3145.179 260
3145.307 262
3145.434 261
3145.562 251
3145.690 246
3145.818 239
3145.946 244
3146.074 245
3146.201 252
3146.329 255
3146.457 252
3146.585 258
3146.713 261
3146.840 264
3146.968 259
3147.096 259
3147.224 262
3147.352 267
3147.480 279
3147.607 288
3147.735 290
3147.863 290
3147.991 293
3148.119 290
3148.247 295
3148.375 303
3148.502 306
3148.630 306
3148.758 302
3148.886 303
3149.014 300
3149.142 306
3149.270 307
3149.398 311
3149.525 322
3149.653 327
3149.781 344
3149.909 361
3150.037 368
3150.165 377
3150.293 372
3150.421 374
3150.549 371
3150.677 370
3150.804 365
3150.932 363
3151.060 371
3151.188 374
3151.316 377
3151.444 379
3151.572 386
3151.700 391
3151.828 400
3151.956 405
3152.084 401
3152.212 401
3152.340 396
3152.468 387
3152.596 380
3152.723 373
3152.851 374
3152.979 384
3153.107 391
3153.235 400
3153.363 396
3153.491 385
3153.619 376
3153.747 367
3153.875 361
3154.003 363
3154.131 356
3154.259 342
3154.387 327
3154.515 309
3154.643 301
3154.771 291
3154.899 298
3155.027 297
3155.155 312
3155.283 323
3155.411 328
3155.539 346
3155.667 343
3155.795 345
3155.923 336
3156.051 323
3156.179 315
3156.307 310
3156.435 311
3156.563 308
3156.691 311
3156.819 302
3156.947 302
3157.075 292
3157.204 289
3157.332 281
3157.460 279
3157.588 279
3157.716 276
3157.844 279
3157.972 280
3158.100 290
3158.228 293
3158.356 304
3158.484 301
3158.612 291
3158.740 285
3158.868 276
3158.996 276
3159.125 275
3159.253 285
3159.381 289
3159.509 297
3159.637 311
3159.765 313
3159.893 313
3160.021 317
3160.149 313
3160.277 311
3160.406 308
3160.534 296
3160.662 286
3160.790 282
3160.918 284
3161.046 274
3161.174 264
3161.302 245
3161.431 233
3161.559 223
3161.687 216
3161.815 210
3161.943 205
3162.071 218
3162.199 228
3162.328 242
3162.456 255
3162.584 261
3162.712 261
3162.840 271
3162.968 278
3163.096 273
3163.225 265
3163.353 258
3163.481 242
3163.609 239
3163.737 238
3163.866 228
3163.994 233
3164.122 230
3164.250 223
3164.378 225
3164.507 234
3164.635 238
3164.763 249
3164.891 255
3165.019 259
3165.148 264
3165.276 265
3165.404 264
3165.532 263
3165.660 266
3165.789 262
3165.917 265
3166.045 267
3166.173 271
3166.302 278
3166.430 272
3166.558 265
3166.686 254
3166.815 248
3166.943 250
3167.071 242
3167.199 251
3167.328 250
3167.456 254
3167.584 263
3167.712 264
3167.841 264
3167.969 258
3168.097 254
3168.225 252
3168.354 263
3168.482 269
3168.610 274
3168.739 277
3168.867 271
3168.995 271
3169.123 272
3169.252 268
3169.380 252
3169.508 249
3169.637 242
3169.765 240
3169.893 245
3170.022 253
3170.150 259
3170.278 264
3170.406 273
3170.535 275
3170.663 273
3170.791 272
3170.920 271
3171.048 262
3171.176 253
3171.305 247
3171.433 240
3171.561 242
3171.690 243
3171.818 241
3171.947 241
3172.075 247
3172.203 253
3172.332 263
3172.460 269
3172.588 269
3172.717 279
3172.845 286
3172.973 289
3173.102 291
3173.230 286
3173.359 284
3173.487 282
3173.615 292
3173.744 299
3173.872 302
3174.000 320
3174.129 328
3174.257 337
3174.386 343
3174.514 347
3174.643 353
3174.771 360
3174.899 365
3175.028 367
3175.156 375
3175.285 381
3175.413 385
3175.541 393
3175.670 396
3175.798 390
3175.927 390
3176.055 391
3176.184 386
3176.312 385
3176.440 383
3176.569 385
3176.697 381
3176.826 382
3176.954 381
3177.083 373
3177.211 371
3177.340 371
3177.468 372
3177.597 369
3177.725 364
3177.854 364
3177.982 364
3178.111 359
3178.239 372
3178.367 380
3178.496 373
3178.624 370
3178.753 357
3178.881 340
3179.010 328
3179.138 312
3179.267 306
3179.395 302
3179.524 304
3179.652 300
3179.781 301
3179.910 301
3180.038 302
3180.167 303
3180.295 302
3180.424 301
3180.552 306
3180.681 313
3180.809 322
3180.938 323
3181.066 323
3181.195 315
3181.323 312
3181.452 316
3181.580 310
3181.709 298
3181.838 286
3181.966 272
3182.095 264
3182.223 266
3182.352 263
3182.480 259
3182.609 257
3182.738 252
3182.866 248
3182.995 242
3183.123 245
3183.252 254
3183.380 245
3183.509 247
3183.638 243
3183.766 241
3183.895 233
3184.023 226
3184.152 225
3184.281 220
3184.409 219
3184.538 222
3184.667 222
3184.795 225
3184.924 228
3185.052 229
3185.181 233
3185.310 241
3185.438 253
3185.567 265
3185.696 273
3185.824 275
3185.953 269
3186.081 263
3186.210 257
3186.339 253
3186.467 247
3186.596 240
3186.725 231
3186.853 225
3186.982 224
3187.111 223
3187.239 225
3187.368 225
3187.497 226
3187.625 224
3187.754 218
3187.883 213
3188.011 211
3188.140 209
3188.269 217
3188.398 219
3188.526 227
3188.655 233
3188.784 231
3188.912 231
3189.041 234
3189.170 237
3189.298 240
3189.427 235
3189.556 240
3189.685 247
3189.813 256
3189.942 269
3190.071 283
3190.200 291
3190.328 293
3190.457 293
3190.586 294
3190.714 295
3190.843 301
3190.972 306
3191.101 297
3191.229 287
3191.358 276
3191.487 263
3191.616 248
3191.744 236
3191.873 223
3192.002 214
3192.131 217
3192.260 221
3192.388 230
3192.517 237
3192.646 234
3192.775 230
3192.903 227
3193.032 229
3193.161 240
3193.290 248
3193.419 248
3193.547 239
3193.676 239
3193.805 237
3193.934 244
3194.063 250
3194.191 257
3194.320 265
3194.449 268
3194.578 281
3194.707 289
3194.836 294
3194.964 286
3195.093 281
3195.222 273
3195.351 267
3195.480 272
3195.609 271
3195.737 269
3195.866 260
3195.995 256
3196.124 257
3196.253 268
3196.382 281
3196.511 300
3196.639 314
3196.768 310
3196.897 310
3197.026 317
3197.155 323
3197.284 330
3197.413 340
3197.542 326
3197.670 310
3197.799 305
3197.928 298
3198.057 300
3198.186 300
3198.315 314
3198.444 325
3198.573 335
3198.702 345
3198.830 355
3198.959 367
3199.088 383
3199.217 401
3199.346 403
3199.475 403
3199.604 405
3199.733 409
3199.862 418
3199.991 430
3200.120 425
3200.249 414
3200.378 406
3200.507 386
3200.635 373
3200.764 370
3200.893 358
3201.022 353
3201.151 360
3201.280 359
3201.409 353
3201.538 356
3201.667 351
3201.796 350
3201.925 354
3202.054 347
3202.183 347
3202.312 355
3202.441 354
3202.570 357
3202.699 359
3202.828 357
3202.957 354
3203.086 349
3203.215 333
3203.344 315
3203.473 300
3203.602 290
3203.731 278
3203.860 269
3203.989 261
3204.118 254
3204.247 255
3204.376 252
3204.505 257
3204.634 254
3204.763 265
3204.892 277
3205.021 279
3205.150 290
3205.279 294
3205.408 291
3205.537 288
3205.666 286
3205.796 280
3205.925 278
3206.054 274
3206.183 274
3206.312 273
3206.441 276
3206.570 285
3206.699 287
3206.828 292
3206.957 296
3207.086 279
3207.215 261
3207.344 246
3207.473 230
3207.603 226
3207.732 226
3207.861 226
3207.990 225
3208.119 225
3208.248 234
3208.377 237
3208.506 245
3208.635 252
3208.764 252
3208.894 259
3209.023 256
3209.152 257
3209.281 256
3209.410 254
3209.539 258
3209.668 260
3209.797 260
3209.927 263
3210.056 273
3210.185 271
3210.314 272
3210.443 260
3210.572 245
3210.701 239
3210.831 243
3210.960 251
3211.089 264
3211.218 259
3211.347 251
3211.476 252
3211.606 249
3211.735 244
3211.864 242
3211.993 241
3212.122 230
3212.252 232
3212.381 228
3212.510 223
3212.639 222
3212.768 221
3212.898 225
3213.027 227
3213.156 237
3213.285 239
3213.414 242
3213.544 245
3213.673 239
3213.802 227
3213.931 221
3214.060 220
3214.190 215
3214.319 218
3214.448 218
3214.577 217
3214.707 214
3214.836 211
3214.965 208
3215.094 211
3215.224 214
3215.353 221
3215.482 231
3215.611 238
3215.741 247
3215.870 251
3215.999 259
3216.128 256
3216.258 255
3216.387 247
3216.516 238
3216.645 236
3216.775 228
3216.904 232
3217.033 230
3217.163 239
3217.292 239
3217.421 238
3217.550 247
3217.680 251
3217.809 258
3217.938 266
3218.068 277
3218.197 279
3218.326 293
3218.456 297
3218.585 294
3218.714 302
3218.844 305
3218.973 304
3219.102 304
3219.232 306
3219.361 288
3219.490 279
3219.620 268
3219.749 250
3219.878 244
3220.008 242
3220.137 244
3220.266 248
3220.396 261
3220.525 281
3220.654 289
3220.784 299
3220.913 305
3221.042 308
3221.172 317
3221.301 325
3221.431 337
3221.560 336
3221.689 332
3221.819 328
3221.948 317
3222.077 315
3222.207 319
3222.336 334
3222.466 338
3222.595 344
3222.724 354
3222.854 348
3222.983 347
3223.113 347
3223.242 342
3223.371 338
3223.501 339
3223.630 336
3223.760 348
3223.889 365
3224.019 381
3224.148 393
3224.277 397
3224.407 388
3224.536 382
3224.666 379
3224.795 384
3224.925 384
3225.054 390
3225.184 390
3225.313 381
3225.442 376
3225.572 360
3225.701 350
3225.831 335
3225.960 330
3226.090 332
3226.219 335
3226.349 341
3226.478 343
3226.608 344
3226.737 338
3226.867 334
3226.996 320
3227.126 308
3227.255 301
3227.385 292
3227.514 291
3227.644 285
3227.773 282
3227.903 281
3228.032 287
3228.162 289
3228.291 291
3228.421 294
3228.550 290
3228.680 280
3228.809 280
3228.939 282
3229.068 277
3229.198 286
3229.327 284
3229.457 285
3229.587 294
3229.716 312
3229.846 316
3229.975 314
3230.105 309
3230.234 304
3230.364 300
3230.493 298
3230.623 301
3230.753 290
3230.882 280
3231.012 269
3231.141 262
3231.271 255
3231.400 255
3231.530 252
3231.660 250
3231.789 254
3231.919 260
3232.048 263
3232.178 264
3232.308 262
3232.437 263
3232.567 259
3232.696 261
3232.826 259
3232.956 256
3233.085 260
3233.215 259
3233.344 252
3233.474 252
3233.604 258
3233.733 254
3233.863 241
3233.993 228
3234.122 216
3234.252 212
3234.381 205
3234.511 210
3234.641 219
3234.770 224
3234.900 229
3235.030 236
3235.159 237
3235.289 235
3235.419 233
3235.548 224
3235.678 220
3235.808 224
3235.937 221
3236.067 227
3236.197 231
3236.326 234
3236.456 237
3236.586 241
3236.715 239
3236.845 229
3236.975 220
3237.105 213
3237.234 201
3237.364 196
3237.494 194
3237.623 190
3237.753 190
3237.883 192
3238.013 190
3238.142 187
3238.272 191
3238.402 187
3238.531 185
3238.661 195
3238.791 198
3238.921 205
3239.050 210
3239.180 212
3239.310 216
3239.440 218
3239.569 219
3239.699 226
3239.829 231
3239.959 231
3240.088 243
3240.218 237
3240.348 230
3240.478 235
3240.607 234
3240.737 245
3240.867 255
3240.997 253
3241.127 255
3241.256 261
3241.386 260
3241.516 256
3241.646 261
3241.775 261
3241.905 256
3242.035 260
3242.165 255
3242.295 242
3242.424 234
3242.554 232
3242.684 221
3242.814 220
3242.944 223
3243.074 224
3243.203 228
3243.333 232
3243.463 238
3243.593 234
3243.723 243
3243.853 249
3243.982 249
3244.112 255
3244.242 257
3244.372 259
3244.502 267
3244.632 275
3244.761 282
3244.891 279
3245.021 281
3245.151 277
3245.281 284
3245.411 295
3245.541 306
3245.671 315
3245.800 314
3245.930 328
3246.060 339
3246.190 344
3246.320 359
3246.450 366
3246.580 374
3246.710 378
3246.839 385
3246.969 387
3247.099 381
3247.229 381
3247.359 371
3247.489 366
3247.619 365
3247.749 361
3247.879 363
3248.009 369
3248.139 375
3248.269 370
3248.398 362
3248.528 360
3248.658 354
3248.788 343
3248.918 345
3249.048 342
3249.178 341
3249.308 345
3249.438 354
3249.568 351
3249.698 349
3249.828 342
3249.958 338
3250.088 344
3250.218 345
3250.348 353
3250.478 355
3250.608 351
3250.738 351
3250.868 347
3250.998 340
3251.128 332
3251.258 322
3251.388 312
3251.518 302
3251.648 293
3251.778 285
3251.908 283
3252.038 280
3252.168 283
3252.298 279
3252.428 275
3252.558 270
3252.688 266
3252.818 270
3252.948 277
3253.078 280
3253.208 288
3253.338 295
3253.468 293
3253.598 288
3253.728 283
3253.858 272
3253.988 260
3254.118 248
3254.248 240
3254.378 233
3254.508 228
3254.638 220
3254.768 216
3254.898 213
3255.028 212
3255.158 204
3255.289 204
3255.419 206
3255.549 202
3255.679 204
3255.809 207
3255.939 213
3256.069 219
3256.199 222
3256.329 226
3256.459 226
3256.589 225
3256.719 222
3256.850 215
3256.980 211
3257.110 208
3257.240 214
3257.370 216
3257.500 223
3257.630 227
3257.760 226
3257.891 233
3258.021 231
3258.151 225
3258.281 214
3258.411 204
3258.541 202
3258.671 202
3258.801 201
3258.932 208
3259.062 212
3259.192 223
3259.322 232
3259.452 235
3259.582 237
3259.713 241
3259.843 241
3259.973 240
3260.103 240
3260.233 232
3260.363 220
3260.494 210
3260.624 201
3260.754 187
3260.884 179
3261.014 177
3261.144 178
3261.275 185
3261.405 193
3261.535 200
3261.665 205
3261.795 213
3261.926 223
3262.056 232
3262.186 236
3262.316 233
3262.447 236
3262.577 229
3262.707 227
3262.837 232
3262.967 236
3263.098 233
3263.228 230
3263.358 222
3263.488 218
3263.619 213
3263.749 203
3263.879 198
3264.009 188
3264.140 184
3264.270 187
3264.400 201
3264.530 207
3264.661 224
3264.791 243
3264.921 250
3265.051 255
3265.182 250
3265.312 243
3265.442 240
3265.573 243
3265.703 237
3265.833 231
3265.963 229
3266.094 225
3266.224 225
3266.354 228
3266.485 230
3266.615 230
3266.745 233
3266.876 226
3267.006 223
3267.136 223
3267.266 229
3267.397 238
3267.527 246
3267.657 247
3267.788 252
3267.918 256
3268.048 246
3268.179 249
3268.309 243
3268.439 239
3268.570 241
3268.700 235
3268.830 238
3268.961 237
3269.091 236
3269.222 240
3269.352 244
3269.482 251
3269.613 250
3269.743 251
3269.873 259
3270.004 260
3270.134 265
3270.264 275
3270.395 278
3270.525 282
3270.656 288
3270.786 289
3270.916 298
3271.047 308
3271.177 319
3271.308 323
3271.438 330
3271.568 332
3271.699 327
3271.829 321
3271.960 321
3272.090 317
3272.220 321
3272.351 327
3272.481 333
3272.612 345
3272.742 357
3272.873 371
3273.003 370
3273.133 366
3273.264 355
3273.394 341
3273.525 331
3273.655 323
3273.786 317
3273.916 310
3274.047 311
3274.177 310
3274.307 313
3274.438 318
3274.568 324
3274.699 328
3274.829 329
3274.960 335
3275.090 324
3275.221 316
3275.351 310
3275.482 295
3275.612 282
3275.743 271
3275.873 266
3276.004 266
3276.134 270
3276.265 283
3276.395 289
3276.526 301
3276.656 311
3276.787 311
3276.917 314
3277.048 313
3277.178 307
3277.309 300
3277.439 288
3277.570 278
3277.700 266
3277.831 257
3277.961 260
3278.092 261
3278.223 269
3278.353 274
3278.484 279
3278.614 283
3278.745 286
3278.875 285
3279.006 278
3279.136 277
3279.267 275
3279.397 275
3279.528 273
3279.659 265
3279.789 259
3279.920 251
3280.050 246
3280.181 243
3280.312 248
3280.442 239
3280.573 235
3280.703 232
3280.834 225
3280.964 226
3281.095 224
3281.226 226
3281.356 228
3281.487 234
3281.617 238
3281.748 244
3281.879 249
3282.009 252
3282.140 260
3282.271 258
3282.401 256
3282.532 247
3282.662 245
3282.793 252
3282.924 258
3283.054 258
3283.185 249
3283.316 238
3283.446 229
3283.577 225
3283.708 223
3283.838 220
3283.969 216
3284.100 212
3284.230 212
3284.361 214
3284.492 217
3284.622 217
3284.753 218
3284.884 223
3285.014 219
3285.145 207
3285.276 200
3285.406 196
3285.537 194
3285.668 193
3285.798 194
3285.929 198
3286.060 204
3286.191 212
3286.321 223
3286.452 223
3286.583 226
3286.713 227
3286.844 224
3286.975 230
3287.105 231
3287.236 233
3287.367 236
3287.498 247
3287.628 247
3287.759 251
3287.890 252
3288.021 241
3288.151 239
3288.282 233
3288.413 225
3288.544 221
3288.674 227
3288.805 228
3288.936 238
3289.067 247
3289.197 249
3289.328 254
3289.459 245
3289.590 239
3289.720 236
3289.851 226
3289.982 225
3290.113 221
3290.244 218
3290.374 216
3290.505 218
3290.636 219
3290.767 219
3290.898 226
3291.028 221
3291.159 224
3291.290 228
3291.421 228
3291.552 233
3291.682 239
3291.813 239
3291.944 238
3292.075 242
3292.206 243
3292.337 241
3292.467 237
3292.598 237
3292.729 231
3292.860 237
3292.991 238
3293.122 242
3293.252 257
3293.383 265
3293.514 272
3293.645 276
3293.776 278
3293.907 281
3294.038 288
3294.168 296
3294.299 293
3294.430 296
3294.561 294
3294.692 289
3294.823 292
3294.954 292
3295.085 297
3295.215 299
3295.346 305
3295.477 300
3295.608 300
3295.739 299
3295.870 306
3296.001 308
3296.132 309
3296.263 311
3296.394 321
3296.524 325
3296.655 330
3296.786 334
3296.917 329
3297.048 322
3297.179 313
3297.310 307
3297.441 305
3297.572 302
3297.703 309
3297.834 315
3297.965 326
3298.096 331
3298.227 336
3298.358 332
3298.488 325
3298.619 331
3298.750 333
3298.881 338
3299.012 345
3299.143 350
3299.274 347
3299.405 343
3299.536 336
3299.667 328
3299.798 316
3299.929 312
3300.060 314
3300.191 305
3300.322 302
3300.453 293
3300.584 274
3300.715 265
3300.846 254
3300.977 254
3301.108 253
3301.239 254
3301.370 246
3301.501 239
3301.632 234
3301.763 232
3301.894 242
3302.025 237
3302.156 236
3302.287 228
3302.418 217
3302.549 212
3302.680 214
3302.811 211
3302.942 208
3303.074 212
3303.205 215
3303.336 217
3303.467 218
3303.598 226
3303.729 222
3303.860 224
3303.991 222
3304.122 217
3304.253 213
3304.384 212
3304.515 217
3304.646 214
3304.777 219
3304.908 217
3305.040 223
3305.171 223
3305.302 224
3305.433 222
3305.564 218
3305.695 217
3305.826 219
3305.957 222
3306.088 222
3306.219 224
3306.351 225
3306.482 222
3306.613 218
3306.744 214
3306.875 210
3307.006 204
3307.137 201
3307.268 206
3307.400 206
3307.531 212
3307.662 219
3307.793 220
3307.924 221
3308.055 224
3308.186 223
3308.318 224
3308.449 227
3308.580 233
3308.711 235
3308.842 232
3308.973 234
3309.105 229
3309.236 219
3309.367 211
3309.498 201
3309.629 196
3309.760 198
3309.892 201
3310.023 200
3310.154 206
3310.285 200
3310.416 201
3310.548 212
3310.679 208
3310.810 211
3310.941 213
3311.072 212
3311.204 208
3311.335 202
3311.466 196
3311.597 191
3311.729 196
3311.860 201
3311.991 206
3312.122 208
3312.253 211
3312.385 216
3312.516 209
3312.647 214
3312.778 213
3312.910 207
3313.041 214
3313.172 213
3313.303 220
3313.435 221
3313.566 226
3313.697 225
3313.828 228
3313.960 234
3314.091 229
3314.222 233
3314.354 236
3314.485 237
3314.616 233
3314.747 233
3314.879 227
3315.010 230
3315.141 230
3315.273 230
3315.404 228
3315.535 230
3315.666 236
3315.798 247
3315.929 251
3316.060 258
3316.192 260
3316.323 267
3316.454 264
3316.586 257
3316.717 258
3316.848 255
3316.980 259
3317.111 266
3317.242 261
3317.374 258
3317.505 252
3317.636 248
3317.768 251
3317.899 251
3318.030 250
3318.162 254
3318.293 263
3318.424 264
3318.556 276
3318.687 288
3318.819 295
3318.950 307
3319.081 311
3319.213 318
3319.344 322
3319.475 328
3319.607 325
3319.738 325
3319.870 318
3320.001 303
3320.132 302
3320.264 298
3320.395 299
3320.527 299
3320.658 304
3320.789 315
3320.921 330
3321.052 343
3321.184 340
3321.315 334
3321.446 329
3321.578 326
3321.709 335
3321.841 341
3321.972 339
3322.104 339
3322.235 339
3322.366 339
3322.498 338
3322.629 343
3322.761 337
3322.892 322
3323.024 315
3323.155 298
3323.287 282
3323.418 273
3323.550 266
3323.681 262
3323.812 267
3323.944 274
3324.075 281
3324.207 290
3324.338 293
3324.470 292
3324.601 292
3324.733 294
3324.864 293
3324.996 293
3325.127 285
3325.259 271
3325.390 258
3325.522 244
3325.653 237
3325.785 236
3325.916 230
3326.048 226
3326.179 229
3326.311 225
3326.442 229
3326.574 231
3326.705 223
3326.837 221
3326.968 224
3327.100 223
3327.232 221
3327.363 225
3327.495 218
3327.626 213
3327.758 211
3327.889 207
3328.021 207
3328.152 208
3328.284 212
3328.416 214
3328.547 212
3328.679 215
3328.810 217
3328.942 219
3329.073 225
3329.205 224
3329.337 226
3329.468 231
3329.600 229
3329.731 233
3329.863 230
3329.994 223
3330.126 223
3330.258 217
3330.389 219
3330.521 215
3330.652 221
3330.784 220
3330.916 224
3331.047 229
3331.179 231
3331.311 235
3331.442 238
3331.574 234
3331.705 232
3331.837 227
3331.969 219
3332.100 212
3332.232 218
3332.364 217
3332.495 219
3332.627 226
3332.759 235
3332.890 245
3333.022 252
3333.154 255
3333.285 245
3333.417 240
3333.549 236
3333.680 228
3333.812 217
3333.944 214
3334.075 203
3334.207 196
3334.339 191
3334.470 183
3334.602 185
3334.734 181
3334.865 180
3334.997 176
3335.129 176
3335.260 179
3335.392 188
3335.524 197
3335.656 197
3335.787 197
3335.919 195
3336.051 199
3336.182 196
3336.314 198
3336.446 193
3336.578 187
3336.709 196
3336.841 198
3336.973 197
3337.104 204
3337.236 203
3337.368 202
3337.500 197
3337.631 191
3337.763 176
3337.895 167
3338.027 167
3338.158 168
3338.290 173
3338.422 178
3338.554 178
3338.686 177
3338.817 181
3338.949 189
3339.081 192
3339.213 198
3339.344 201
3339.476 204
3339.608 204
3339.740 208
3339.872 211
3340.003 209
3340.135 214
3340.267 220
3340.399 236
3340.531 249
3340.662 257
3340.794 265
3340.926 259
3341.058 258
3341.190 262
3341.322 264
3341.453 260
3341.585 255
3341.717 255
3341.849 249
3341.981 256
3342.113 260
3342.244 264
3342.376 271
3342.508 278
3342.640 284
3342.772 289
3342.904 298
3343.035 304
3343.167 314
3343.299 316
3343.431 321
3343.563 324
3343.695 326
3343.827 324
3343.959 326
3344.090 324
3344.222 317
3344.354 323
3344.486 326
3344.618 332
3344.750 338
3344.882 348
3345.014 353
3345.146 359
3345.277 370
3345.409 371
3345.541 376
3345.673 366
3345.805 357
3345.937 343
3346.069 325
3346.201 320
3346.333 320
3346.465 312
3346.597 309
3346.729 303
3346.861 299
3346.992 291
3347.124 282
3347.256 279
3347.388 285
3347.520 285
3347.652 291
3347.784 295
3347.916 293
3348.048 298
3348.180 306
3348.312 302
3348.444 294
3348.576 300
3348.708 292
3348.840 292
3348.972 298
3349.104 295
3349.236 293
3349.368 291
3349.500 291
3349.632 286
3349.764 287
3349.896 287
3350.028 284
3350.160 276
3350.292 270
3350.424 265
3350.556 258
3350.688 252
3350.820 248
3350.952 246
3351.084 246
3351.216 246
3351.348 241
3351.480 242
3351.612 231
3351.744 226
3351.876 221
3352.008 219
3352.140 215
3352.272 221
3352.404 229
3352.536 230
3352.668 229
3352.800 226
3352.932 226
3353.064 229
3353.197 236
3353.329 244
3353.461 251
3353.593 253
3353.725 259
3353.857 257
3353.989 249
3354.121 238
3354.253 228
3354.385 223
3354.517 219
3354.649 214
3354.782 205
3354.914 195
3355.046 188
3355.178 188
3355.310 188
3355.442 187
3355.574 196
3355.706 201
3355.838 206
3355.971 209
3356.103 211
3356.235 218
3356.367 221
3356.499 220
3356.631 215
3356.763 213
3356.895 214
3357.028 217
3357.160 227
3357.292 223
3357.424 224
3357.556 222
3357.688 217
3357.820 221
3357.953 218
3358.085 222
3358.217 222
3358.349 222
3358.481 219
3358.613 223
3358.746 232
3358.878 242
3359.010 253
3359.142 252
3359.274 258
3359.407 253
3359.539 251
3359.671 241
3359.803 227
3359.935 223
3360.068 219
3360.200 237
3360.332 248
3360.464 254
3360.596 254
3360.729 253
3360.861 248
3360.993 246
3361.125 248
3361.257 252
3361.390 257
3361.522 255
3361.654 256
3361.786 242
3361.919 238
3362.051 239
3362.183 236
3362.315 238
3362.448 232
3362.580 234
3362.712 233
3362.844 232
3362.977 228
3363.109 217
3363.241 210
3363.373 211
3363.506 214
3363.638 221
3363.770 228
3363.903 227
3364.035 233
3364.167 235
3364.299 239
3364.432 239
3364.564 240
3364.696 245
3364.829 243
3364.961 247
3365.093 250
3365.226 250
3365.358 257
3365.490 270
3365.622 281
3365.755 284
3365.887 285
3366.019 284
3366.152 278
3366.284 282
3366.416 286
3366.549 283
3366.681 282
3366.813 276
3366.946 273
3367.078 276
3367.210 286
3367.343 295
3367.475 314
3367.607 334
3367.740 341
3367.872 352
3368.005 351
3368.137 341
3368.269 333
3368.402 322
3368.534 322
3368.666 311
3368.799 313
3368.931 309
3369.064 303
3369.196 307
3369.328 313
3369.461 311
3369.593 310
3369.726 313
3369.858 309
3369.990 312
3370.123 317
3370.255 328
3370.388 330
3370.520 334
3370.652 337
3370.785 322
3370.917 314
3371.050 308
3371.182 302
3371.315 308
3371.447 317
3371.579 316
3371.712 312
3371.844 308
3371.977 305
3372.109 309
3372.242 317
3372.374 317
3372.506 312
3372.639 298
3372.771 280
3372.904 269
3373.036 266
3373.169 259
3373.301 253
3373.434 248
3373.566 240
3373.699 240
3373.831 240
3373.964 242
3374.096 245
3374.229 244
3374.361 233
3374.494 235
3374.626 240
3374.759 242
3374.891 250
3375.024 242
3375.156 230
3375.289 227
3375.421 226
3375.554 223
3375.686 223
3375.819 218
3375.951 208
3376.084 213
3376.216 214
3376.349 214
3376.481 217
3376.614 211
3376.746 217
3376.879 224
3377.011 230
3377.144 239
3377.277 242
3377.409 247
3377.542 245
3377.674 247
3377.807 243
3377.939 237
3378.072 237
3378.205 235
3378.337 246
3378.470 251
3378.602 256
3378.735 261
3378.867 260
3379.000 259
3379.133 267
3379.265 261
3379.398 258
3379.530 253
3379.663 239
3379.796 232
3379.928 223
3380.061 219
3380.193 222
3380.326 218
3380.459 212
3380.591 204
3380.724 195
3380.856 190
3380.989 185
3381.122 177
3381.254 171
3381.387 169
3381.520 166
3381.652 169
3381.785 177
3381.918 186
3382.050 196
3382.183 202
3382.315 212
3382.448 219
3382.581 224
3382.713 232
3382.846 236
3382.979 226
3383.111 215
3383.244 204
3383.377 197
3383.509 199
3383.642 200
3383.775 199
3383.907 202
3384.040 204
3384.173 205
3384.306 204
3384.438 201
3384.571 196
3384.704 190
3384.836 193
3384.969 198
3385.102 202
3385.234 210
3385.367 212
3385.500 209
3385.633 218
3385.765 218
3385.898 218
3386.031 214
3386.163 212
3386.296 218
3386.429 228
3386.562 237
3386.694 245
3386.827 250
3386.960 251
3387.093 261
3387.225 252
3387.358 247
3387.491 240
3387.624 224
3387.756 221
3387.889 222
3388.022 220
3388.155 217
3388.288 218
3388.420 215
3388.553 213
3388.686 204
3388.819 202
3388.951 203
3389.084 207
3389.217 218
3389.350 233
3389.483 247
3389.615 258
3389.748 265
3389.881 256
3390.014 244
3390.147 240
3390.279 241
3390.412 250
3390.545 266
3390.678 274
3390.811 279
3390.943 288
3391.076 294
3391.209 300
3391.342 304
3391.475 304
3391.608 308
3391.740 305
3391.873 304
3392.006 295
3392.139 294
3392.272 285
3392.405 283
3392.538 282
3392.670 282
3392.803 288
3392.936 297
3393.069 302
3393.202 299
3393.335 303
3393.468 309
3393.601 310
3393.733 311
3393.866 312
3393.999 311
3394.132 310
3394.265 318
3394.398 330
3394.531 324
3394.664 322
3394.797 319
3394.929 308
3395.062 315
3395.195 318
3395.328 320
3395.461 329
3395.594 336
3395.727 331
3395.860 322
3395.993 325
3396.126 321
3396.259 322
3396.392 330
3396.525 322
3396.657 320
3396.790 312
3396.923 303
3397.056 300
3397.189 284
3397.322 269
3397.455 258
3397.588 252
3397.721 253
3397.854 256
3397.987 257
3398.120 256
3398.253 261
3398.386 265
3398.519 268
3398.652 267
3398.785 262
3398.918 262
3399.051 262
3399.184 270
3399.317 276
3399.450 271
3399.583 263
3399.716 250
3399.849 236
3399.982 230
3400.115 224
3400.248 217
3400.381 217
3400.514 215
3400.647 208
3400.780 208
3400.913 204
3401.046 211
3401.179 212
3401.312 215
3401.445 219
3401.578 209
3401.711 210
3401.844 212
3401.977 213
3402.110 207
3402.243 204
3402.376 203
3402.509 199
3402.643 214
3402.776 217
3402.909 215
3403.042 210
3403.175 200
3403.308 197
3403.441 195
3403.574 196
3403.707 186
3403.840 182
3403.973 175
3404.106 172
3404.239 176
3404.373 175
3404.506 175
3404.639 183
3404.772 186
3404.905 186
3405.038 192
3405.171 192
3405.304 186
3405.437 180
3405.571 175
3405.704 172
3405.837 175
3405.970 177
3406.103 184
3406.236 193
3406.369 202
3406.502 209
3406.636 203
3406.769 198
3406.902 195
3407.035 190
3407.168 186
3407.301 193
3407.434 197
3407.568 206
3407.701 218
3407.834 224
3407.967 223
3408.100 224
3408.233 224
3408.367 216
3408.500 226
3408.633 223
3408.766 219
3408.899 221
3409.033 215
3409.166 213
3409.299 211
3409.432 201
3409.565 196
3409.698 186
3409.832 185
3409.965 177
3410.098 175
3410.231 180
3410.365 182
3410.498 190
3410.631 185
3410.764 186
3410.897 187
3411.031 188
3411.164 188
3411.297 185
3411.430 185
3411.564 195
3411.697 198
3411.830 198
3411.963 200
3412.097 200
3412.230 203
3412.363 209
3412.496 215
3412.630 217
3412.763 222
3412.896 218
3413.029 219
3413.163 216
3413.296 215
3413.429 223
3413.562 219
3413.696 221
3413.829 226
3413.962 234
3414.096 248
3414.229 265
3414.362 277
3414.496 280
3414.629 282
3414.762 278
3414.895 272
3415.029 272
3415.162 271
3415.295 271
3415.429 272
3415.562 269
3415.695 264
3415.829 264
3415.962 268
3416.095 275
3416.229 272
3416.362 277
3416.495 273
3416.629 272
3416.762 281
3416.895 294
3417.029 302
3417.162 308
3417.295 317
3417.429 319
3417.562 323
3417.695 328
3417.829 320
3417.962 316
3418.096 309
3418.229 298
3418.362 290
3418.496 278
3418.629 274
3418.762 275
3418.896 276
3419.029 271
3419.163 274
3419.296 271
3419.429 273
3419.563 283
3419.696 281
3419.830 283
3419.963 278
3420.096 279
3420.230 278
3420.363 272
3420.497 270
3420.630 264
3420.764 259
3420.897 252
3421.030 242
3421.164 225
3421.297 215
3421.431 208
3421.564 212
3421.698 212
3421.831 214
3421.964 219
3422.098 217
3422.231 216
3422.365 219
3422.498 222
3422.632 221
3422.765 221
3422.899 220
3423.032 220
3423.166 219
3423.299 221
3423.433 217
3423.566 217
3423.699 222
3423.833 228
3423.966 235
3424.100 234
3424.233 243
3424.367 248
3424.500 242
3424.634 240
3424.767 230
3424.901 218
3425.034 215
3425.168 212
3425.301 209
3425.435 211
3425.569 210
3425.702 206
3425.836 201
3425.969 195
3426.103 185
3426.236 175
3426.370 174
3426.503 182
3426.637 187
3426.770 193
3426.904 198
3427.037 207
3427.171 214
3427.305 217
3427.438 217
3427.572 214
3427.705 213
3427.839 217
3427.972 219
3428.106 212
3428.239 206
3428.373 199
3428.507 193
3428.640 197
3428.774 194
3428.907 189
3429.041 187
3429.175 187
3429.308 193
3429.442 199
3429.575 202
3429.709 199
3429.843 203
3429.976 199
3430.110 204
3430.243 206
3430.377 207
3430.511 205
3430.644 212
3430.778 212
3430.911 210
3431.045 210
3431.179 204
3431.312 202
3431.446 198
3431.580 197
3431.713 198
3431.847 197
3431.981 198
3432.114 208
3432.248 208
3432.382 217
3432.515 225
3432.649 226
3432.783 220
3432.916 220
3433.050 206
3433.184 187
3433.317 183
3433.451 177
3433.585 180
3433.718 186
3433.852 189
3433.986 188
3434.119 198
3434.253 210
3434.387 214
3434.520 219
3434.654 223
3434.788 227
3434.921 234
3435.055 247
3435.189 252
3435.323 244
3435.456 238
3435.590 234
3435.724 232
3435.858 239
3435.991 244
3436.125 252
3436.259 255
3436.392 261
3436.526 266
3436.660 260
3436.794 247
3436.927 237
3437.061 233
3437.195 223
3437.329 222
3437.462 220
3437.596 214
3437.730 212
3437.864 223
3437.997 229
3438.131 234
3438.265 248
3438.399 246
3438.533 257
3438.666 274
3438.800 285
3438.934 296
3439.068 299
3439.201 297
3439.335 295
3439.469 292
3439.603 295
3439.737 291
3439.870 295
3440.004 293
3440.138 294
3440.272 288
3440.406 280
3440.540 270
3440.673 262
3440.807 264
3440.941 268
3441.075 276
3441.209 282
3441.343 278
3441.476 278
3441.610 274
3441.744 273
3441.878 284
3442.012 294
3442.146 303
3442.279 307
3442.413 308
3442.547 302
3442.681 302
3442.815 299
3442.949 303
3443.083 300
3443.216 293
3443.350 294
3443.484 287
3443.618 285
3443.752 285
3443.886 278
3444.020 271
3444.154 263
3444.288 252
3444.421 243
3444.555 247
3444.689 247
3444.823 246
3444.957 252
3445.091 257
3445.225 254
3445.359 255
3445.493 251
3445.627 241
3445.761 236
3445.894 235
3446.028 233
3446.162 234
3446.296 236
3446.430 236
3446.564 235
3446.698 246
3446.832 252
3446.966 258
3447.100 268
3447.234 275
3447.368 284
3447.502 277
3447.636 270
3447.770 255
3447.904 241
3448.038 230
3448.172 224
3448.306 218
3448.440 211
3448.574 207
3448.708 202
3448.842 199
3448.975 190
3449.109 189
3449.243 192
3449.377 188
3449.511 193
3449.645 193
3449.779 191
3449.913 194
3450.047 202
3450.181 205
3450.316 210
3450.450 212
3450.584 213
3450.718 208
3450.852 206
3450.986 200
3451.120 198
3451.254 194
3451.388 189
3451.522 189
3451.656 186
3451.790 179
3451.924 178
3452.058 183
3452.192 189
3452.326 186
3452.460 191
3452.594 185
3452.728 186
3452.862 193
3452.996 189
3453.130 196
3453.264 202
3453.399 206
3453.533 211
3453.667 210
3453.801 212
3453.935 206
3454.069 202
3454.203 197
3454.337 187
3454.471 181
3454.605 172
3454.739 174
3454.874 178
3455.008 181
3455.142 186
3455.276 185
3455.410 187
3455.544 183
3455.678 187
3455.812 189
3455.946 188
3456.081 194
3456.215 197
3456.349 203
3456.483 207
3456.617 211
3456.751 208
3456.885 207
3457.020 204
3457.154 195
3457.288 190
3457.422 186
3457.556 192
3457.690 191
3457.825 188
3457.959 187
3458.093 186
3458.227 191
3458.361 192
3458.495 190
3458.630 180
3458.764 183
3458.898 187
3459.032 191
3459.166 200
3459.300 213
3459.435 224
3459.569 230
3459.703 244
3459.837 243
3459.971 236
3460.106 224
3460.240 219
3460.374 221
3460.508 228
3460.643 242
3460.777 247
3460.911 253
3461.045 257
3461.179 261
3461.314 258
3461.448 257
3461.582 252
3461.716 245
3461.851 234
3461.985 230
3462.119 235
3462.253 238
3462.388 241
3462.522 235
3462.656 235
3462.790 239
3462.925 243
3463.059 255
3463.193 256
3463.328 256
3463.462 263
3463.596 274
3463.730 283
3463.865 290
3463.999 295
3464.133 288
3464.267 289
3464.402 287
3464.536 285
3464.670 289
3464.805 293
3464.939 296
3465.073 302
3465.208 309
3465.342 314
3465.476 317
3465.611 329
3465.745 335
3465.879 338
3466.014 340
3466.148 339
3466.282 335
3466.417 333
3466.551 322
3466.685 308
3466.820 294
3466.954 280
3467.088 273
3467.223 267
3467.357 268
3467.491 270
3467.626 274
3467.760 282
3467.894 288
3468.029 296
3468.163 304
3468.297 303
3468.432 310
3468.566 311
3468.701 317
3468.835 327
3468.969 316
3469.104 313
3469.238 300
3469.373 290
3469.507 287
3469.641 274
3469.776 261
3469.910 248
3470.045 243
3470.179 236
3470.313 229
3470.448 223
3470.582 221
3470.717 221
3470.851 229
3470.985 232
3471.120 235
3471.254 240
3471.389 246
3471.523 249
3471.658 251
3471.792 252
3471.927 253
3472.061 257
3472.195 257
3472.330 260
3472.464 255
3472.599 249
3472.733 248
3472.868 243
3473.002 241
3473.137 235
3473.271 232
3473.406 235
3473.540 228
3473.675 225
3473.809 222
3473.943 215
3474.078 213
3474.212 210
3474.347 204
3474.481 199
3474.616 206
3474.750 213
3474.885 217
3475.019 223
3475.154 222
3475.288 212
3475.423 203
3475.558 194
3475.692 188
3475.827 183
3475.961 183
3476.096 179
3476.230 180
3476.365 176
3476.499 174
3476.634 174
3476.768 183
3476.903 188
3477.037 192
3477.172 199
3477.306 203
3477.441 212
3477.576 220
3477.710 223
3477.845 225
3477.979 218
3478.114 216
3478.248 211
3478.383 203
3478.518 200
3478.652 195
3478.787 195
3478.921 188
3479.056 179
3479.190 176
3479.325 172
3479.460 172
3479.594 174
3479.729 196
3479.863 211
3479.998 229
3480.133 243
3480.267 246
3480.402 254
3480.536 260
3480.671 258
3480.806 249
3480.940 237
3481.075 218
3481.210 203
3481.344 190
3481.479 177
3481.613 173
3481.748 171
3481.883 182
3482.017 192
3482.152 197
3482.287 200
3482.421 205
3482.556 205
3482.691 206
3482.825 209
3482.960 210
3483.095 208
3483.229 208
3483.364 208
3483.499 201
3483.633 195
3483.768 199
3483.903 197
3484.037 199
3484.172 205
3484.307 203
3484.441 209
3484.576 213
3484.711 223
3484.846 231
3484.980 238
3485.115 236
3485.250 236
3485.384 235
3485.519 232
3485.654 234
3485.789 232
3485.923 234
3486.058 225
3486.193 228
3486.327 227
3486.462 221
3486.597 222
3486.732 222
3486.866 227
3487.001 230
3487.136 233
3487.271 226
3487.405 223
3487.540 227
3487.675 227
3487.810 235
3487.944 243
3488.079 250
3488.214 265
3488.349 274
3488.483 278
3488.618 282
3488.753 291
3488.888 293
3489.023 298
3489.157 307
3489.292 309
3489.427 315
3489.562 320
3489.697 319
3489.831 319
3489.966 319
3490.101 322
3490.236 319
3490.371 316
3490.505 307
3490.640 298
3490.775 289
3490.910 289
3491.045 285
3491.179 280
3491.314 280
3491.449 272
3491.584 276
3491.719 276
3491.854 279
3491.989 282
3492.123 275
3492.258 272
3492.393 264
3492.528 259
3492.663 249
3492.798 242
3492.932 236
3493.067 228
3493.202 226
3493.337 216
3493.472 208
3493.607 204
3493.742 200
3493.877 204
3494.011 208
3494.146 206
3494.281 212
3494.416 217
3494.551 218
3494.686 227
3494.821 233
3494.956 237
3495.091 235
3495.226 233
3495.360 231
3495.495 222
3495.630 216
3495.765 217
3495.900 211
3496.035 211
3496.170 216
3496.305 221
3496.440 221
3496.575 230
3496.710 233
3496.845 229
3496.980 227
3497.114 220
3497.249 210
3497.384 198
3497.519 198
3497.654 187
3497.789 187
3497.924 182
3498.059 184
3498.194 193
3498.329 203
3498.464 209
3498.599 217
3498.734 222
3498.869 219
3499.004 220
3499.139 214
3499.274 208
3499.409 206
3499.544 207
3499.679 204
3499.814 203
3499.949 204
3500.084 203
3500.219 206
3500.354 202
3500.489 199
3500.624 200
3500.759 188
3500.894 184
3501.029 181
3501.164 179
3501.299 179
3501.434 177
3501.569 184
3501.704 192
3501.839 198
3501.974 203
3502.109 208
3502.244 209
3502.379 212
3502.514 216
3502.649 213
3502.785 206
3502.920 202
3503.055 196
3503.190 201
3503.325 197
3503.460 199
3503.595 196
3503.730 189
3503.865 189
3504.000 197
3504.135 199
3504.270 205
3504.405 208
3504.541 202
3504.676 202
3504.811 200
3504.946 198
3505.081 198
3505.216 199
3505.351 201
3505.486 207
3505.621 212
3505.756 214
3505.892 220
3506.027 221
3506.162 223
3506.297 222
3506.432 212
3506.567 208
3506.702 215
3506.837 215
3506.973 219
3507.108 213
3507.243 210
3507.378 202
3507.513 200
3507.648 200
3507.783 194
3507.919 195
3508.054 192
3508.189 190
3508.324 188
3508.459 189
3508.594 190
3508.730 181
3508.865 179
3509.000 174
3509.135 176
3509.270 174
3509.406 173
3509.541 176
3509.676 180
3509.811 186
3509.946 196
3510.082 203
3510.217 210
3510.352 216
3510.487 226
3510.622 238
3510.758 247
3510.893 263
3511.028 273
3511.163 275
3511.298 273
3511.434 273
3511.569 265
3511.704 264
3511.839 265
3511.975 255
3512.110 257
3512.245 262
3512.380 272
3512.516 289
3512.651 292
3512.786 297
3512.921 302
3513.057 303
3513.192 309
3513.327 313
3513.462 304
3513.598 296
3513.733 297
3513.868 290
3514.004 292
3514.139 291
3514.274 285
3514.409 288
3514.545 292
3514.680 294
3514.815 297
3514.951 303
3515.086 300
3515.221 295
3515.356 293
3515.492 283
3515.627 275
3515.762 271
3515.898 263
3516.033 260
3516.168 262
3516.304 252
3516.439 251
3516.574 245
3516.710 242
3516.845 242
3516.980 235
3517.116 233
3517.251 227
3517.386 219
3517.522 221
3517.657 225
3517.792 224
3517.928 221
3518.063 214
3518.198 210
3518.334 205
3518.469 200
3518.605 196
3518.740 194
3518.875 190
3519.011 190
3519.146 190
3519.281 189
3519.417 190
3519.552 185
3519.688 192
3519.823 191
3519.958 197
3520.094 205
3520.229 206
3520.365 207
3520.500 213
3520.635 217
3520.771 221
3520.906 226
3521.042 224
3521.177 218
3521.312 214
3521.448 213
3521.583 214
3521.719 220
3521.854 228
3521.990 236
3522.125 229
3522.261 228
3522.396 219
3522.531 211
3522.667 210
3522.802 202
3522.938 201
3523.073 200
3523.209 199
3523.344 195
3523.480 197
3523.615 197
3523.751 196
3523.886 204
3524.021 205
3524.157 209
3524.292 209
3524.428 210
3524.563 207
3524.699 194
3524.834 179
3524.970 159
3525.105 150
3525.241 145
3525.376 146
3525.512 148
3525.647 159
3525.783 169
3525.918 171
3526.054 184
3526.189 184
3526.325 189
3526.461 197
3526.596 200
3526.732 196
3526.867 201
3527.003 206
3527.138 207
3527.274 208
3527.409 206
3527.545 202
3527.680 192
3527.816 191
3527.951 192
3528.087 196
3528.223 202
3528.358 215
3528.494 220
3528.629 217
3528.765 209
3528.900 205
3529.036 197
3529.172 195
3529.307 199
3529.443 200
3529.578 200
3529.714 202
3529.849 202
3529.985 206
3530.121 213
3530.256 208
3530.392 211
3530.527 206
3530.663 195
3530.799 198
3530.934 197
3531.070 200
3531.206 210
3531.341 213
3531.477 211
3531.612 207
3531.748 204
3531.884 201
3532.019 209
3532.155 210
3532.291 208
3532.426 205
3532.562 194
3532.698 184
3532.833 180
3532.969 179
3533.104 186
3533.240 190
3533.376 187
3533.511 191
3533.647 195
3533.783 203
3533.918 208
3534.054 211
3534.190 215
3534.325 217
3534.461 227
3534.597 225
3534.733 233
3534.868 235
3535.004 236
3535.140 245
3535.275 250
3535.411 253
3535.547 245
3535.682 238
3535.818 227
3535.954 227
3536.090 239
3536.225 245
3536.361 247
3536.497 252
3536.632 249
3536.768 250
3536.904 258
3537.040 262
3537.175 272
3537.311 278
3537.447 285
3537.583 296
3537.718 309
3537.854 321
3537.990 325
3538.126 321
3538.261 308
3538.397 298
3538.533 298
3538.669 293
3538.804 286
3538.940 276
3539.076 264
3539.212 258
3539.348 257
3539.483 259
3539.619 260
3539.755 255
3539.891 251
3540.026 246
3540.162 246
3540.298 249
3540.434 251
3540.570 257
3540.705 264
3540.841 260
3540.977 262
3541.113 267
3541.249 270
3541.384 271
3541.520 274
3541.656 269
3541.792 262
3541.928 263
3542.064 257
3542.199 250
3542.335 240
3542.471 242
3542.607 232
3542.743 231
3542.879 224
3543.015 221
3543.150 226
3543.286 228
3543.422 229
3543.558 234
3543.694 231
3543.830 222
3543.966 217
3544.101 203
3544.237 197
3544.373 198
3544.509 189
3544.645 181
3544.781 179
3544.917 175
3545.053 173
3545.188 174
3545.324 174
3545.460 171
3545.596 168
3545.732 169
3545.868 166
3546.004 171
3546.140 175
3546.276 184
3546.412 188
3546.548 186
3546.683 189
3546.819 184
3546.955 188
3547.091 178
3547.227 174
3547.363 175
3547.499 169
3547.635 176
3547.771 178
3547.907 184
3548.043 190
3548.179 190
3548.315 190
3548.451 198
3548.587 204
3548.723 204
3548.859 213
3548.995 203
3549.131 200
3549.267 197
3549.403 198
3549.538 193
3549.674 187
3549.810 183
3549.946 172
3550.082 168
3550.218 163
3550.354 160
3550.490 161
3550.626 164
3550.762 169
3550.898 169
3551.034 175
3551.170 176
3551.306 180
3551.442 181
3551.578 184
3551.715 189
3551.851 185
3551.987 180
3552.123 173
3552.259 169
3552.395 167
3552.531 170
3552.667 176
3552.803 179
3552.939 184
3553.075 188
3553.211 196
3553.347 206
3553.483 212
3553.619 213
3553.755 212
3553.891 202
3554.027 193
3554.163 194
3554.299 187
3554.436 190
3554.572 190
3554.708 186
3554.844 179
3554.980 180
3555.116 186
3555.252 193
3555.388 195
3555.524 202
3555.660 204
3555.796 204
3555.933 213
3556.069 205
3556.205 199
3556.341 201
3556.477 204
3556.613 215
3556.749 225
3556.885 222
3557.021 218
3557.158 219
3557.294 219
3557.430 227
3557.566 237
3557.702 238
3557.838 239
3557.974 235
3558.111 233
3558.247 223
3558.383 222
3558.519 217
3558.655 209
3558.791 206
3558.927 200
3559.064 198
3559.200 198
3559.336 204
3559.472 220
3559.608 230
3559.745 244
3559.881 253
3560.017 252
3560.153 252
3560.289 252
3560.425 254
3560.562 250
3560.698 253
3560.834 261
3560.970 256
3561.106 258
3561.243 257
3561.379 250
3561.515 255
3561.651 263
3561.788 268
3561.924 283
3562.060 283
3562.196 289
3562.332 289
3562.469 287
3562.605 283
3562.741 278
3562.877 275
3563.014 274
3563.150 272
3563.286 264
3563.422 259
3563.559 263
3563.695 257
3563.831 261
3563.967 265
3564.104 257
3564.240 258
3564.376 260
3564.512 253
3564.649 252
3564.785 255
3564.921 256
3565.058 257
3565.194 262
3565.330 262
3565.466 263
3565.603 268
3565.739 268
3565.875 272
3566.012 273
3566.148 270
3566.284 270
3566.421 253
3566.557 240
3566.693 233
3566.830 221
3566.966 223
3567.102 226
3567.239 220
3567.375 211
3567.511 207
3567.648 200
3567.784 197
3567.920 196
3568.057 191
3568.193 190
3568.329 199
3568.466 212
3568.602 223
3568.738 230
3568.875 231
3569.011 226
3569.147 220
3569.284 219
3569.420 220
3569.556 214
3569.693 211
3569.829 206
3569.966 206
3570.102 209
3570.238 205
3570.375 203
3570.511 205
3570.648 207
3570.784 206
3570.920 206
3571.057 200
3571.193 201
3571.330 205
3571.466 207
3571.602 201
3571.739 194
3571.875 197
3572.012 192
3572.148 194
3572.284 189
3572.421 178
3572.557 170
3572.694 170
3572.830 170
3572.967 183
3573.103 192
3573.240 203
3573.376 211
3573.512 212
3573.649 216
3573.785 214
3573.922 212
3574.058 207
3574.195 205
3574.331 198
3574.468 182
3574.604 171
3574.741 161
3574.877 156
3575.014 150
3575.150 147
3575.287 152
3575.423 159
3575.560 163
3575.696 173
3575.832 177
3575.969 178
3576.105 175
3576.242 177
3576.378 182
3576.515 187
3576.652 189
3576.788 192
3576.925 201
3577.061 206
3577.198 216
3577.334 222
3577.471 227
3577.607 230
3577.744 227
3577.880 225
3578.017 216
3578.153 206
3578.290 202
3578.426 193
3578.563 184
3578.700 177
3578.836 168
3578.973 164
3579.109 167
3579.246 168
3579.382 171
3579.519 175
3579.655 173
3579.792 176
3579.929 186
3580.065 189
3580.202 191
3580.338 192
3580.475 192
3580.612 189
3580.748 182
3580.885 181
3581.021 172
3581.158 172
3581.294 167
3581.431 172
3581.568 170
3581.704 182
3581.841 187
3581.978 187
3582.114 193
3582.251 197
3582.387 202
3582.524 211
3582.661 221
3582.797 221
3582.934 219
3583.071 220
3583.207 221
3583.344 227
3583.480 238
3583.617 243
3583.754 243
3583.890 259
3584.027 259
3584.164 255
3584.300 254
3584.437 245
3584.574 246
3584.710 250
3584.847 254
3584.984 262
3585.120 271
3585.257 275
3585.394 273
3585.530 266
3585.667 259
3585.804 260
3585.941 265
3586.077 276
3586.214 288
3586.351 285
3586.487 280
3586.624 265
3586.761 250
3586.897 246
3587.034 245
3587.171 257
3587.308 264
3587.444 276
3587.581 285
3587.718 295
3587.855 303
3587.991 305
3588.128 309
3588.265 304
3588.402 305
3588.538 308
3588.675 313
3588.812 312
3588.948 314
3589.085 313
3589.222 305
3589.359 297
3589.496 285
3589.632 278
3589.769 270
3589.906 265
3590.043 263
3590.179 262
3590.316 252
3590.453 246
3590.590 244
3590.727 237
3590.863 237
3591.000 241
3591.137 236
3591.274 234
3591.410 232
3591.547 222
3591.684 218
3591.821 218
3591.958 218
3592.095 216
3592.231 219
3592.368 216
3592.505 213
3592.642 217
3592.779 219
3592.915 229
3593.052 234
3593.189 235
3593.326 237
3593.463 234
3593.600 228
3593.737 225
3593.873 217
3594.010 208
3594.147 205
3594.284 202
3594.421 203
3594.558 198
3594.695 194
3594.831 193
3594.968 187
3595.105 184
3595.242 187
3595.379 189
3595.516 188
3595.653 190
3595.790 186
3595.926 185
3596.063 186
3596.200 186
3596.337 186
3596.474 178
3596.611 177
3596.748 179
3596.885 179
3597.022 188
3597.159 186
3597.295 191
3597.432 203
3597.569 209
3597.706 222
3597.843 234
3597.980 241
3598.117 247
3598.254 245
3598.391 229
3598.528 219
3598.665 207
3598.802 199
3598.939 191
3599.076 181
3599.213 173
3599.349 167
3599.486 166
3599.623 163
3599.760 166
3599.897 160
3600.034 164
3600.171 166
3600.308 171
3600.445 179
3600.582 182
3600.719 182
3600.856 183
3600.993 183
3601.130 174
3601.267 163
3601.404 160
3601.541 157
3601.678 157
3601.815 162
3601.952 164
3602.089 163
3602.226 167
3602.363 171
3602.500 167
3602.637 170
3602.774 165
3602.911 160
3603.048 164
3603.185 164
3603.322 168
3603.459 170
3603.596 170
3603.733 176
3603.871 175
3604.008 173
3604.145 169
3604.282 163
3604.419 162
3604.556 158
3604.693 167
3604.830 166
3604.967 171
3605.104 188
3605.241 195
3605.378 204
3605.515 209
3605.652 217
3605.789 221
3605.927 224
3606.064 229
3606.201 227
3606.338 221
3606.475 225
3606.612 229
3606.749 239
3606.886 241
3607.023 245
3607.160 243
3607.298 239
3607.435 238
3607.572 228
3607.709 220
3607.846 218
3607.983 219
3608.120 231
3608.257 252
3608.394 279
3608.532 295
3608.669 310
3608.806 307
3608.943 298
3609.080 296
3609.217 292
3609.354 292
3609.492 292
3609.629 291
3609.766 282
3609.903 290
3610.040 289
3610.177 282
3610.315 282
3610.452 273
3610.589 275
3610.726 286
3610.863 292
3611.001 294
3611.138 290
3611.275 281
3611.412 270
3611.549 263
3611.686 261
3611.824 263
3611.961 263
3612.098 265
3612.235 269
3612.372 266
3612.510 262
3612.647 259
3612.784 249
3612.921 242
3613.059 241
3613.196 238
3613.333 233
3613.470 234
3613.608 224
3613.745 215
3613.882 210
3614.019 208
3614.156 200
3614.294 196
3614.431 197
3614.568 191
3614.705 192
3614.843 192
3614.980 184
3615.117 187
3615.255 186
3615.392 192
3615.529 201
3615.666 212
3615.804 213
3615.941 207
3616.078 206
3616.215 207
3616.353 210
3616.490 207
3616.627 203
3616.765 195
3616.902 191
3617.039 188
3617.177 189
3617.314 185
3617.451 181
3617.588 183
3617.726 186
3617.863 191
3618.000 193
3618.138 187
3618.275 185
3618.412 181
3618.550 182
3618.687 180
3618.824 179
3618.962 178
3619.099 177
3619.236 179
3619.374 191
3619.511 189
3619.648 184
3619.786 180
3619.923 172
3620.061 170
3620.198 164
3620.335 162
3620.473 152
3620.610 153
3620.747 154
3620.885 154
3621.022 158
3621.159 167
3621.297 172
3621.434 178
3621.572 184
3621.709 178
3621.846 182
3621.984 180
3622.121 185
3622.259 183
3622.396 179
3622.533 178
3622.671 180
3622.808 180
3622.946 177
3623.083 179
3623.221 176
3623.358 179
3623.495 182
3623.633 193
3623.770 193
3623.908 197
3624.045 195
3624.183 188
3624.320 186
3624.457 179
3624.595 183
3624.732 182
3624.870 184
3625.007 193
3625.145 201
3625.282 216
3625.420 230
3625.557 230
3625.695 228
3625.832 219
3625.970 221
3626.107 215
3626.244 209
3626.382 208
3626.519 200
3626.657 200
3626.794 202
3626.932 206
3627.069 211
3627.207 218
3627.344 217
3627.482 215
3627.619 214
3627.757 209
3627.894 206
3628.032 211
3628.169 210
3628.307 210
3628.445 222
3628.582 225
3628.720 222
3628.857 224
3628.995 219
3629.132 220
3629.270 213
3629.407 204
3629.545 197
3629.682 191
3629.820 188
3629.957 188
3630.095 187
3630.233 190
3630.370 190
3630.508 195
3630.645 206
3630.783 216
3630.920 223
3631.058 234
3631.196 236
3631.333 232
3631.471 230
3631.608 227
3631.746 227
3631.883 231
3632.021 236
3632.159 241
3632.296 247
3632.434 257
3632.571 267
3632.709 268
3632.847 274
3632.984 284
3633.122 291
3633.260 300
3633.397 310
3633.535 305
3633.672 300
3633.810 296
3633.948 284
3634.085 275
3634.223 269
3634.361 265
3634.498 263
3634.636 266
3634.774 264
3634.911 256
3635.049 255
3635.186 254
3635.324 261
3635.462 262
3635.599 261
3635.737 261
3635.875 256
3636.012 259
3636.150 263
3636.288 264
3636.425 269
3636.563 267
3636.701 265
3636.839 256
3636.976 244
3637.114 245
3637.252 243
3637.389 241
3637.527 240
3637.665 235
3637.802 230
3637.940 235
3638.078 239
3638.216 235
3638.353 233
3638.491 227
3638.629 216
3638.766 219
3638.904 218
3639.042 215
3639.180 218
3639.317 216
3639.455 222
3639.593 217
3639.731 215
3639.868 209
3640.006 202
3640.144 195
3640.282 189
3640.419 187
3640.557 180
3640.695 177
3640.833 166
3640.970 166
3641.108 164
3641.246 168
3641.384 169
3641.521 171
3641.659 175
3641.797 182
3641.935 183
3642.073 180
3642.210 179
3642.348 173
3642.486 172
3642.624 172
3642.762 169
3642.899 167
3643.037 166
3643.175 163
3643.313 163
3643.451 164
3643.588 160
3643.726 160
3643.864 156
3644.002 155
3644.140 160
3644.278 166
3644.415 170
3644.553 167
3644.691 165
3644.829 166
3644.967 170
3645.105 164
3645.242 168
3645.380 164
3645.518 161
3645.656 167
3645.794 176
3645.932 180
3646.070 186
3646.208 189
3646.345 190
3646.483 184
3646.621 177
3646.759 175
3646.897 172
3647.035 178
3647.173 183
3647.311 183
3647.448 183
3647.586 186
3647.724 189
3647.862 190
3648.000 196
3648.138 193
3648.276 190
3648.414 195
3648.552 202
3648.690 201
3648.828 201
3648.965 202
3649.103 199
3649.241 194
3649.379 190
3649.517 186
3649.655 187
3649.793 189
3649.931 191
3650.069 193
3650.207 188
3650.345 186
3650.483 184
3650.621 185
3650.759 187
3650.897 191
3651.035 190
3651.173 187
3651.311 183
3651.449 185
3651.586 187
3651.724 185
3651.862 188
3652.000 185
3652.138 188
3652.276 199
3652.414 205
3652.552 199
3652.690 197
3652.828 195
3652.966 197
3653.104 196
3653.242 201
3653.380 203
3653.518 204
3653.656 212
3653.794 208
3653.932 206
3654.070 208
3654.208 208
3654.347 213
3654.485 219
3654.623 230
3654.761 232
3654.899 239
3655.037 235
3655.175 231
3655.313 228
3655.451 225
3655.589 225
3655.727 226
3655.865 215
3656.003 211
3656.141 211
3656.279 207
3656.417 226
3656.555 237
3656.693 248
3656.831 263
3656.970 264
3657.108 272
3657.246 264
3657.384 269
3657.522 264
3657.660 261
3657.798 271
3657.936 274
3658.074 280
3658.212 287
3658.350 285
3658.489 278
3658.627 271
3658.765 272
3658.903 272
3659.041 271
3659.179 275
3659.317 274
3659.455 269
3659.594 260
3659.732 256
3659.870 243
3660.008 242
3660.146 241
3660.284 236
3660.422 229
3660.560 224
3660.699 222
3660.837 225
3660.975 231
3661.113 235
3661.251 241
3661.389 234
3661.528 229
3661.666 219
3661.804 206
3661.942 200
3662.080 197
3662.218 190
3662.357 183
3662.495 194
3662.633 196
3662.771 204
3662.909 211
3663.048 207
3663.186 201
3663.324 199
3663.462 197
3663.600 189
3663.739 190
3663.877 188
3664.015 183
3664.153 183
3664.291 189
3664.430 194
3664.568 195
3664.706 197
3664.844 194
3664.983 187
3665.121 179
3665.259 184
3665.397 179
3665.536 185
3665.674 182
3665.812 179
3665.950 182
3666.089 185
3666.227 193
3666.365 191
3666.503 191
3666.642 179
3666.780 170
3666.918 163
3667.056 158
3667.195 164
3667.333 167
3667.471 169
3667.610 171
3667.748 167
3667.886 160
3668.024 158
3668.163 162
3668.301 163
3668.439 165
3668.578 165
3668.716 162
3668.854 160
3668.993 154
3669.131 152
3669.269 149
3669.407 150
3669.546 158
3669.684 162
3669.822 169
3669.961 176
3670.099 183
3670.237 177
3670.376 181
3670.514 181
3670.652 185
3670.791 191
3670.929 195
3671.068 194
3671.206 200
3671.344 198
3671.483 198
3671.621 195
3671.759 184
3671.898 187
3672.036 183
3672.174 181
3672.313 174
3672.451 166
3672.590 156
3672.728 148
3672.866 144
3673.005 143
3673.143 139
3673.282 139
3673.420 139
3673.558 136
3673.697 140
3673.835 143
3673.974 152
3674.112 152
3674.250 155
3674.389 153
3674.527 151
3674.666 157
3674.804 160
3674.942 167
3675.081 175
3675.219 181
3675.358 182
3675.496 185
3675.635 191
3675.773 182
3675.911 181
3676.050 173
3676.188 163
3676.327 166
3676.465 166
3676.604 168
3676.742 172
3676.881 172
3677.019 172
3677.158 169
3677.296 168
3677.435 168
3677.573 165
3677.712 167
3677.850 177
3677.988 179
3678.127 182
3678.265 188
3678.404 192
3678.542 197
3678.681 205
3678.819 203
3678.958 205
3679.096 209
3679.235 211
3679.373 217
3679.512 224
3679.651 225
3679.789 222
3679.928 222
3680.066 217
3680.205 216
3680.343 210
3680.482 205
3680.620 206
3680.759 205
3680.897 211
3681.036 219
3681.174 220
3681.313 229
3681.451 240
3681.590 244
3681.729 257
3681.867 255
3682.006 257
3682.144 259
3682.283 261
3682.421 257
3682.560 250
3682.699 249
3682.837 241
3682.976 249
3683.114 254
3683.253 261
3683.391 267
3683.530 271
3683.669 275
3683.807 280
3683.946 287
3684.084 290
3684.223 294
3684.362 288
3684.500 287
3684.639 283
3684.778 277
3684.916 282
3685.055 283
3685.193 290
3685.332 297
3685.471 301
3685.609 300
3685.748 296
3685.887 287
3686.025 279
3686.164 272
3686.302 259
3686.441 249
3686.580 239
3686.718 232
3686.857 220
3686.996 208
3687.134 195
3687.273 182
3687.412 181
3687.550 181
3687.689 181
3687.828 186
3687.966 184
3688.105 184
3688.244 180
3688.382 174
3688.521 172
3688.660 168
3688.799 171
3688.937 166
3689.076 166
3689.215 167
3689.353 163
3689.492 159
3689.631 159
3689.769 160
3689.908 160
3690.047 162
3690.186 159
3690.324 157
3690.463 156
3690.602 161
3690.741 157
3690.879 150
3691.018 148
3691.157 143
3691.296 153
3691.434 164
3691.573 170
3691.712 178
3691.851 172
3691.989 167
3692.128 170
3692.267 167
3692.406 160
3692.544 163
3692.683 163
3692.822 162
3692.961 165
3693.099 167
3693.238 164
3693.377 156
3693.516 154
3693.655 151
3693.793 154
3693.932 153
3694.071 156
3694.210 164
3694.349 166
3694.487 169
3694.626 171
3694.765 172
3694.904 178
3695.043 189
3695.181 193
3695.320 195
3695.459 193
3695.598 185
3695.737 181
3695.876 182
3696.014 183
3696.153 184
3696.292 182
3696.431 178
3696.570 175
3696.709 173
3696.847 177
3696.986 178
3697.125 180
3697.264 176
3697.403 177
3697.542 183
3697.681 180
3697.819 182
3697.958 181
3698.097 180
3698.236 183
3698.375 177
3698.514 176
3698.653 172
3698.792 167
3698.930 162
3699.069 163
3699.208 159
3699.347 158
3699.486 160
3699.625 159
3699.764 156
3699.903 152
3700.042 157
3700.181 157
3700.320 163
3700.458 166
3700.597 172
3700.736 170
3700.875 169
3701.014 166
3701.153 159
3701.292 160
3701.431 158
3701.570 155
3701.709 151
3701.848 152
3701.987 156
3702.126 160
3702.265 171
3702.404 174
3702.543 175
3702.681 178
3702.820 175
3702.959 174
3703.098 172
3703.237 171
3703.376 166
3703.515 168
3703.654 176
3703.793 182
3703.932 189
3704.071 196
3704.210 203
3704.349 208
3704.488 211
3704.627 217
3704.766 219
3704.905 219
3705.044 226
3705.183 234
3705.322 246
3705.461 261
3705.600 273
3705.739 286
3705.878 292
3706.017 291
3706.156 289
3706.295 284
3706.434 277
3706.574 273
3706.713 270
3706.852 262
3706.991 264
3707.130 265
3707.269 272
3707.408 271
3707.547 269
3707.686 262
3707.825 260
3707.964 262
3708.103 261
3708.242 261
3708.381 263
3708.520 258
3708.659 251
3708.798 249
3708.938 243
3709.077 246
3709.216 250
3709.355 260
3709.494 273
3709.633 272
3709.772 272
3709.911 258
3710.050 243
3710.189 226
3710.329 214
3710.468 209
3710.607 199
3710.746 198
3710.885 193
3711.024 192
3711.163 196
3711.302 201
3711.442 209
3711.581 208
3711.720 203
3711.859 197
3711.998 192
3712.137 193
3712.276 190
3712.415 194
3712.555 195
3712.694 196
3712.833 194
3712.972 208
3713.111 221
3713.250 225
3713.390 230
3713.529 217
3713.668 206
3713.807 199
3713.946 188
3714.085 184
3714.225 176
3714.364 170
3714.503 162
3714.642 165
3714.781 164
3714.921 162
3715.060 163
3715.199 164
3715.338 170
3715.477 171
3715.617 165
3715.756 167
3715.895 166
3716.034 166
3716.174 163
3716.313 163
3716.452 157
3716.591 153
3716.730 152
3716.870 149
3717.009 149
3717.148 152
3717.287 159
3717.427 160
3717.566 159
3717.705 162
3717.844 165
3717.984 171
3718.123 182
3718.262 179
3718.401 179
3718.541 171
3718.680 163
3718.819 162
3718.959 161
3719.098 157
3719.237 155
3719.376 162
3719.516 164
3719.655 174
3719.794 187
3719.934 183
3720.073 180
3720.212 179
3720.351 170
3720.491 171
3720.630 170
3720.769 168
3720.909 169
3721.048 167
3721.187 163
3721.327 161
3721.466 166
3721.605 164
3721.745 167
3721.884 169
3722.023 163
3722.163 168
3722.302 167
3722.441 173
3722.581 184
3722.720 187
3722.859 187
3722.999 178
3723.138 171
3723.277 170
3723.417 170
3723.556 176
3723.696 174
3723.835 174
3723.974 171
3724.114 170
3724.253 169
3724.392 166
3724.532 172
3724.671 172
3724.811 170
3724.950 173
3725.089 172
3725.229 177
3725.368 181
3725.508 185
3725.647 180
3725.786 189
3725.926 196
3726.065 199
3726.205 207
3726.344 199
3726.483 197
3726.623 198
3726.762 197
3726.902 200
3727.041 207
3727.181 205
3727.320 209
3727.459 212
3727.599 211
3727.738 208
3727.878 211
3728.017 203
3728.157 195
3728.296 200
3728.436 204
3728.575 205
3728.714 203
3728.854 198
3728.993 196
3729.133 195
3729.272 201
3729.412 202
3729.551 209
3729.691 207
3729.830 205
3729.970 207
3730.109 208
3730.249 214
3730.388 218
3730.528 227
3730.667 234
3730.807 231
3730.946 235
3731.086 231
3731.225 218
3731.365 216
3731.504 213
3731.644 212
3731.783 214
3731.923 215
3732.062 217
3732.202 221
3732.341 222
3732.481 226
3732.621 223
3732.760 224
3732.900 229
3733.039 231
3733.179 229
3733.318 241
3733.458 251
3733.597 254
3733.737 266
3733.877 265
3734.016 258
3734.156 255
3734.295 243
3734.435 239
3734.574 234
3734.714 235
3734.854 236
3734.993 226
3735.133 215
3735.272 213
3735.412 206
3735.551 200
3735.691 198
3735.831 186
3735.970 180
3736.110 182
3736.249 186
3736.389 193
3736.529 203
3736.668 204
3736.808 202
3736.948 193
3737.087 185
3737.227 175
3737.366 169
3737.506 161
3737.646 155
3737.785 152
3737.925 149
3738.065 157
3738.204 161
3738.344 168
3738.484 176
3738.623 177
3738.763 180
3738.903 180
3739.042 176
3739.182 169
3739.322 164
3739.461 163
3739.601 161
3739.741 166
3739.880 162
3740.020 161
3740.160 154
3740.299 159
3740.439 165
3740.579 172
3740.718 179
3740.858 172
3740.998 178
3741.137 175
3741.277 176
3741.417 174
3741.557 164
3741.696 157
3741.836 147
3741.976 143
3742.115 134
3742.255 135
3742.395 129
3742.535 128
3742.674 133
3742.814 131
3742.954 126
3743.094 125
3743.233 122
3743.373 124
3743.513 130
3743.653 137
3743.792 143
3743.932 141
3744.072 142
3744.212 138
3744.351 133
3744.491 132
3744.631 138
3744.771 141
3744.910 152
3745.050 163
3745.190 167
3745.330 167
3745.470 165
3745.609 163
3745.749 172
3745.889 171
3746.029 170
3746.169 163
3746.308 161
3746.448 158
3746.588 153
3746.728 152
3746.868 151
3747.007 160
3747.147 165
3747.287 171
3747.427 176
3747.567 180
3747.706 186
3747.846 184
3747.986 185
3748.126 184
3748.266 181
3748.406 186
3748.545 192
3748.685 193
3748.825 197
3748.965 198
3749.105 191
3749.245 187
3749.385 187
3749.524 179
3749.664 173
3749.804 169
3749.944 166
3750.084 170
3750.224 180
3750.364 180
3750.504 182
3750.643 178
3750.783 175
3750.923 172
3751.063 172
3751.203 174
3751.343 171
3751.483 173
3751.623 173
3751.763 179
3751.903 183
3752.042 184
3752.182 185
3752.322 182
3752.462 185
3752.602 186
3752.742 189
3752.882 189
3753.022 195
3753.162 201
3753.302 199
3753.442 201
3753.582 208
3753.722 211
3753.862 213
3754.002 225
3754.141 234
3754.281 238
3754.421 248
3754.561 247
3754.701 246
3754.841 247
3754.981 247
3755.121 247
3755.261 244
3755.401 247
3755.541 241
3755.681 236
3755.821 227
3755.961 224
3756.101 230
3756.241 233
3756.381 239
3756.521 239
3756.661 249
3756.801 249
3756.941 250
3757.081 238
3757.221 220
3757.361 209
3757.501 197
3757.641 203
3757.781 210
3757.921 218
3758.061 220
3758.201 215
3758.341 210
3758.481 215
3758.621 220
3758.761 231
3758.901 238
3759.041 237
3759.181 232
3759.322 230
3759.462 221
3759.602 209
3759.742 204
3759.882 195
3760.022 195
3760.162 195
3760.302 193
3760.442 189
3760.582 184
3760.722 180
3760.862 180
3761.002 183
3761.142 185
3761.283 190
3761.423 193
3761.563 198
3761.703 200
3761.843 198
3761.983 198
3762.123 194
3762.263 188
3762.403 182
3762.543 175
3762.684 167
3762.824 168
3762.964 166
3763.104 165
3763.244 164
3763.384 153
3763.524 149
3763.664 150
3763.805 157
3763.945 156
3764.085 158
3764.225 156
3764.365 152
3764.505 151
3764.645 150
3764.786 148
3764.926 146
3765.066 147
3765.206 149
3765.346 160
3765.486 163
3765.627 163
3765.767 165
3765.907 170
3766.047 168
3766.187 171
3766.327 170
3766.468 165
3766.608 168
3766.748 173
3766.888 175
3767.028 178
3767.169 176
3767.309 172
3767.449 165
3767.589 159
3767.729 163
3767.870 161
3768.010 163
3768.150 168
3768.290 165
3768.431 168
3768.571 172
3768.711 172
3768.851 172
3768.991 171
3769.132 161
3769.272 160
3769.412 151
3769.552 145
3769.693 144
3769.833 137
3769.973 134
3770.113 139
3770.254 142
3770.394 141
3770.534 152
3770.675 162
3770.815 172
3770.955 181
3771.095 182
3771.236 180
3771.376 170
3771.516 174
3771.656 169
3771.797 171
3771.937 177
3772.077 178
3772.218 176
3772.358 172
3772.498 167
3772.639 156
3772.779 155
3772.919 147
3773.059 146
3773.200 147
3773.340 148
3773.480 152
3773.621 152
3773.761 151
3773.901 151
3774.042 155
3774.182 158
3774.322 161
3774.463 168
3774.603 172
3774.743 175
3774.884 176
3775.024 187
3775.165 189
3775.305 191
3775.445 190
3775.586 186
3775.726 187
3775.866 189
3776.007 195
3776.147 200
3776.287 208
3776.428 213
3776.568 218
3776.709 224
3776.849 226
3776.989 225
3777.130 235
3777.270 232
3777.411 235
3777.551 237
3777.691 232
3777.832 231
3777.972 234
3778.113 227
3778.253 227
3778.393 224
3778.534 223
3778.674 222
3778.815 230
3778.955 231
3779.096 231
3779.236 235
3779.376 237
3779.517 237
3779.657 235
3779.798 240
3779.938 247
3780.079 247
3780.219 249
3780.359 253
3780.500 251
3780.640 252
3780.781 259
3780.921 259
3781.062 265
3781.202 264
3781.343 261
3781.483 251
3781.624 249
3781.764 245
3781.905 241
3782.045 237
3782.186 227
3782.326 223
3782.467 223
3782.607 230
3782.748 235
3782.888 239
3783.029 241
3783.169 246
3783.310 248
3783.450 242
3783.591 235
3783.731 229
3783.872 225
3784.012 226
3784.153 230
3784.293 225
3784.434 222
3784.574 210
3784.715 196
3784.855 191
3784.996 187
3785.136 185
3785.277 188
3785.418 193
3785.558 190
3785.699 191
3785.839 193
3785.980 193
3786.120 194
3786.261 195
3786.401 189
3786.542 181
3786.683 176
3786.823 168
3786.964 164
3787.104 165
3787.245 164
3787.386 155
3787.526 150
3787.667 144
3787.807 142
3787.948 150
3788.089 155
3788.229 161
3788.370 166
3788.510 174
3788.651 182
3788.792 191
3788.932 198
3789.073 194
3789.213 189
3789.354 182
3789.495 177
3789.635 171
3789.776 175
3789.917 176
3790.057 173
3790.198 170
3790.338 167
3790.479 163
3790.620 164
3790.760 158
3790.901 147
3791.042 145
3791.182 132
3791.323 129
3791.464 124
3791.604 119
3791.745 121
3791.886 124
3792.026 127
3792.167 125
3792.308 132
3792.448 136
3792.589 140
3792.730 149
3792.871 152
3793.011 156
3793.152 163
3793.293 161
3793.433 162
3793.574 158
3793.715 153
3793.855 148
3793.996 148
3794.137 158
3794.278 168
3794.418 178
3794.559 186
3794.700 186
3794.840 182
3794.981 185
3795.122 191
3795.263 191
3795.403 189
3795.544 181
3795.685 169
3795.826 170
3795.966 166
3796.107 164
3796.248 156
3796.389 150
3796.529 145
3796.670 145
3796.811 143
3796.952 149
3797.093 155
3797.233 158
3797.374 162
3797.515 164
3797.656 166
3797.796 166
3797.937 168
3798.078 165
3798.219 161
3798.360 161
3798.500 161
3798.641 162
3798.782 161
3798.923 166
3799.064 171
3799.204 179
3799.345 181
3799.486 187
3799.627 186
3799.768 188
3799.909 194
3800.049 191
3800.190 183
3800.331 191
3800.472 187
3800.613 190
3800.754 189
3800.894 185
3801.035 180
3801.176 179
3801.317 188
3801.458 196
3801.599 201
3801.740 205
3801.880 207
3802.021 205
3802.162 203
3802.303 208
3802.444 213
3802.585 211
3802.726 213
3802.866 217
3803.007 218
3803.148 228
3803.289 232
3803.430 237
3803.571 240
3803.712 239
3803.853 247
3803.994 246
3804.135 246
3804.275 245
3804.416 235
3804.557 227
3804.698 226
3804.839 218
3804.980 214
3805.121 217
3805.262 217
3805.403 222
3805.544 229
3805.685 231
3805.826 233
3805.967 234
3806.108 227
3806.248 231
3806.389 225
3806.530 223
3806.671 226
3806.812 225
3806.953 227
3807.094 227
3807.235 227
3807.376 216
3807.517 201
3807.658 191
3807.799 187
3807.940 179
3808.081 175
3808.222 171
3808.363 163
3808.504 166
3808.645 174
3808.786 183
3808.927 185
3809.068 186
3809.209 178
3809.350 173
3809.491 173
3809.632 171
3809.773 174
3809.914 177
3810.055 173
3810.196 175
3810.337 172
3810.478 170
3810.619 172
3810.760 173
3810.901 172
3811.042 168
3811.183 167
3811.324 173
3811.465 178
3811.606 183
3811.747 186
3811.889 191
3812.030 185
3812.171 188
3812.312 194
3812.453 191
3812.594 191
3812.735 183
3812.876 176
3813.017 174
3813.158 165
3813.299 160
3813.440 153
3813.581 147
3813.722 147
3813.864 144
3814.005 145
3814.146 147
3814.287 153
3814.428 151
3814.569 150
3814.710 159
3814.851 160
3814.992 168
3815.133 175
3815.275 170
3815.416 166
3815.557 163
3815.698 158
3815.839 159
3815.980 157
3816.121 153
3816.263 148
3816.404 141
3816.545 136
3816.686 131
3816.827 130
3816.968 130
3817.109 128
3817.251 133
3817.392 134
3817.533 145
3817.674 149
3817.815 153
3817.956 164
3818.098 165
3818.239 173
3818.380 169
3818.521 161
3818.662 156
3818.803 152
3818.945 148
3819.086 141
3819.227 136
3819.368 129
3819.509 132
3819.651 134
3819.792 138
3819.933 139
3820.074 131
3820.215 119
3820.357 117
3820.498 108
3820.639 111
3820.780 120
3820.922 121
3821.063 129
3821.204 141
3821.345 149
3821.486 161
3821.628 170
3821.769 176
3821.910 178
3822.051 179
3822.193 181
3822.334 178
3822.475 183
3822.616 181
3822.758 177
3822.899 178
3823.040 175
3823.182 178
3823.323 176
3823.464 180
3823.605 181
3823.747 180
3823.888 186
3824.029 185
3824.170 183
3824.312 181
3824.453 180
3824.594 179
3824.736 177
3824.877 176
3825.018 176
3825.160 177
3825.301 171
3825.442 171
3825.583 170
3825.725 175
3825.866 186
3826.007 200
3826.149 217
3826.290 226
3826.431 235
3826.573 232
3826.714 232
3826.855 238
3826.997 235
3827.138 235
3827.279 235
3827.421 234
3827.562 233
3827.704 241
3827.845 237
3827.986 227
3828.128 224
3828.269 224
3828.410 230
3828.552 226
3828.693 217
3828.834 203
3828.976 189
3829.117 195
3829.259 199
3829.400 207
3829.541 216
3829.683 223
3829.824 235
3829.966 242
3830.107 242
3830.248 235
3830.390 233
3830.531 234
3830.673 226
3830.814 224
3830.955 215
3831.097 208
3831.238 206
3831.380 208
3831.521 204
3831.663 206
3831.804 203
3831.945 204
3832.087 206
3832.228 201
3832.370 202
3832.511 198
3832.653 194
3832.794 190
3832.936 183
3833.077 179
3833.218 176
3833.360 174
3833.501 166
3833.643 162
3833.784 157
3833.926 156
3834.067 156
3834.209 159
3834.350 164
3834.492 165
3834.633 168
3834.775 170
3834.916 167
3835.058 166
3835.199 171
3835.341 177
3835.482 177
3835.624 177
3835.765 175
3835.907 171
3836.048 170
3836.190 173
3836.331 168
3836.473 166
3836.614 159
3836.756 154
3836.897 148
3837.039 151
3837.180 149
3837.322 149
3837.463 146
3837.605 141
3837.747 139
3837.888 144
3838.030 147
3838.171 152
3838.313 155
3838.454 153
3838.596 152
3838.737 152
3838.879 154
3839.021 151
3839.162 153
3839.304 149
3839.445 149
3839.587 148
3839.728 148
3839.870 149
3840.012 147
3840.153 155
3840.295 160
3840.436 168
3840.578 168
3840.720 163
3840.861 156
3841.003 151
3841.144 149
3841.286 150
3841.428 148
3841.569 146
3841.711 149
3841.853 149
3841.994 151
3842.136 155
3842.277 151
3842.419 153
3842.561 153
3842.702 151
3842.844 153
3842.986 149
3843.127 146
3843.269 152
3843.411 157
3843.552 158
3843.694 161
3843.836 151
3843.977 146
3844.119 145
3844.261 142
3844.402 141
3844.544 144
3844.686 147
3844.827 152
3844.969 160
3845.111 166
3845.252 166
3845.394 169
3845.536 171
3845.677 170
3845.819 165
3845.961 162
3846.102 156
3846.244 158
3846.386 160
3846.528 167
3846.669 176
3846.811 174
3846.953 184
3847.094 192
3847.236 202
3847.378 210
3847.520 216
3847.661 221
3847.803 216
3847.945 214
3848.087 213
3848.228 213
3848.370 220
3848.512 224
3848.654 225
3848.795 223
3848.937 218
3849.079 217
3849.221 217
3849.362 218
3849.504 215
3849.646 207
3849.788 200
3849.929 197
3850.071 194
3850.213 189
3850.355 188
3850.497 194
3850.638 198
3850.780 202
3850.922 206
3851.064 203
3851.206 205
3851.347 214
3851.489 223
3851.631 235
3851.773 246
3851.915 247
3852.056 256
3852.198 253
3852.340 250
3852.482 244
3852.624 232
3852.766 229
3852.907 223
3853.049 221
3853.191 220
3853.333 223
3853.475 226
3853.617 225
3853.758 222
3853.900 209
3854.042 203
3854.184 197
3854.326 192
3854.468 193
3854.610 193
3854.751 193
3854.893 196
3855.035 205
3855.177 200
3855.319 203
3855.461 208
3855.603 200
3855.745 200
3855.886 206
3856.028 206
3856.170 210
3856.312 216
3856.454 220
3856.596 218
3856.738 214
3856.880 209
3857.022 197
3857.164 188
3857.305 177
3857.447 167
3857.589 164
3857.731 165
3857.873 165
3858.015 161
3858.157 161
3858.299 162
3858.441 159
3858.583 160
3858.725 166
3858.867 163
3859.009 165
3859.151 173
3859.293 178
3859.435 183
3859.577 195
3859.718 197
3859.860 189
3860.002 185
3860.144 173
3860.286 167
3860.428 164
3860.570 161
3860.712 158
3860.854 154
3860.996 149
3861.138 154
3861.280 153
3861.422 151
3861.564 158
3861.706 163
3861.848 172
3861.990 174
3862.132 172
3862.274 161
3862.416 159
3862.558 161
3862.700 152
3862.842 153
3862.984 145
3863.126 145
3863.268 147
3863.410 148
3863.552 153
3863.694 150
3863.837 146
3863.979 150
3864.121 152
3864.263 162
3864.405 166
3864.547 163
3864.689 169
3864.831 168
3864.973 172
3865.115 165
3865.257 164
3865.399 156
3865.541 146
3865.683 141
3865.825 133
3865.967 133
3866.109 133
3866.252 135
3866.394 140
3866.536 141
3866.678 147
3866.820 152
3866.962 154
3867.104 157
3867.246 159
3867.388 157
3867.530 151
3867.673 143
3867.815 136
3867.957 129
3868.099 128
3868.241 128
3868.383 129
3868.525 125
3868.667 126
3868.810 133
3868.952 145
3869.094 156
3869.236 155
3869.378 159
3869.520 159
3869.662 169
3869.805 170
3869.947 165
3870.089 164
3870.231 158
3870.373 164
3870.515 168
3870.658 173
3870.800 175
3870.942 176
3871.084 183
3871.226 180
3871.368 173
3871.511 177
3871.653 174
3871.795 173
3871.937 175
3872.079 172
3872.222 172
3872.364 176
3872.506 195
3872.648 206
3872.790 202
3872.933 203
3873.075 188
3873.217 182
3873.359 183
3873.501 176
3873.644 177
3873.786 175
3873.928 186
3874.070 198
3874.213 214
3874.355 228
3874.497 234
3874.639 243
3874.782 247
3874.924 249
3875.066 247
3875.208 248
3875.351 235
3875.493 226
3875.635 218
3875.777 209
3875.920 209
3876.062 208
3876.204 213
3876.346 205
3876.489 200
3876.631 190
3876.773 185
3876.916 185
3877.058 187
3877.200 193
3877.342 195
3877.485 194
3877.627 200
3877.769 202
3877.912 202
3878.054 208
3878.196 203
3878.339 197
3878.481 194
3878.623 191
3878.766 192
3878.908 197
3879.050 193
3879.193 195
3879.335 190
3879.477 185
3879.620 188
3879.762 185
3879.904 188
3880.047 184
3880.189 184
3880.331 185
3880.474 187
3880.616 191
3880.758 185
3880.901 183
3881.043 180
3881.185 180
3881.328 175
3881.470 174
3881.613 166
3881.755 157
3881.897 156
3882.040 159
3882.182 168
3882.324 188
3882.467 198
3882.609 209
3882.752 213
3882.894 208
3883.036 198
3883.179 189
3883.321 183
3883.464 175
3883.606 178
3883.748 181
3883.891 177
3884.033 183
3884.176 181
3884.318 176
3884.461 168
3884.603 154
3884.745 142
3884.888 134
3885.030 132
3885.173 133
3885.315 136
3885.458 137
3885.600 136
3885.743 137
3885.885 134
3886.027 134
3886.170 129
3886.312 126
3886.455 128
3886.597 135
3886.740 137
3886.882 142
3887.025 147
3887.167 146
3887.310 146
3887.452 150
3887.595 153
3887.737 154
3887.880 159
3888.022 155
3888.165 161
3888.307 160
3888.450 164
3888.592 171
3888.735 171
3888.877 176
3889.020 179
3889.162 186
3889.305 186
3889.447 187
3889.590 186
3889.732 183
3889.875 169
3890.017 155
3890.160 145
3890.302 134
3890.445 134
3890.588 136
3890.730 134
3890.873 131
3891.015 138
3891.158 145
3891.300 149
3891.443 162
3891.585 160
3891.728 161
3891.871 162
3892.013 155
3892.156 148
3892.298 147
3892.441 149
3892.583 147
3892.726 154
3892.869 160
3893.011 158
3893.154 156
3893.296 150
3893.439 145
3893.582 142
3893.724 142
3893.867 141
3894.009 139
3894.152 142
3894.295 139
3894.437 148
3894.580 153
3894.722 159
3894.865 164
3895.008 163
3895.150 165
3895.293 169
3895.436 170
3895.578 170
3895.721 169
3895.864 159
3896.006 150
3896.149 147
3896.291 148
3896.434 157
3896.577 162
3896.719 171
3896.862 179
3897.005 181
3897.147 194
3897.290 196
3897.433 195
3897.575 204
3897.718 212
3897.861 214
3898.004 213
3898.146 205
3898.289 197
3898.432 198
3898.574 198
3898.717 199
3898.860 210
3899.002 215
3899.145 225
3899.288 234
3899.430 234
3899.573 236
3899.716 237
3899.859 239
3900.001 235
3900.144 240
3900.287 240
3900.430 238
3900.572 237
3900.715 235
3900.858 234
3901.000 226
3901.143 221
3901.286 211
3901.429 198
3901.571 185
3901.714 175
3901.857 179
3902.000 175
3902.142 180
3902.285 185
3902.428 191
3902.571 197
3902.714 202
3902.856 204
3902.999 203
3903.142 203
3903.285 207
3903.427 208
3903.570 206
3903.713 201
3903.856 197
3903.999 194
3904.141 194
3904.284 190
3904.427 189
3904.570 190
3904.713 187
3904.855 182
3904.998 179
3905.141 168
3905.284 167
3905.427 168
3905.570 166
3905.712 168
3905.855 159
3905.998 152
3906.141 150
3906.284 155
3906.427 159
3906.569 157
3906.712 152
3906.855 152
3906.998 152
3907.141 150
3907.284 152
3907.427 154
3907.569 151
3907.712 155
3907.855 154
3907.998 151
3908.141 149
3908.284 143
3908.427 138
3908.570 132
3908.712 129
3908.855 131
3908.998 138
3909.141 145
3909.284 158
3909.427 162
3909.570 162
3909.713 171
3909.856 169
3909.999 170
3910.141 173
3910.284 175
3910.427 172
3910.570 168
3910.713 161
3910.856 149
3910.999 146
3911.142 149
3911.285 147
3911.428 151
3911.571 149
3911.714 152
3911.857 155
3912.000 160
3912.142 161
3912.285 153
3912.428 152
3912.571 152
3912.714 157
3912.857 158
3913.000 150
3913.143 148
3913.286 140
3913.429 138
3913.572 144
3913.715 148
3913.858 152
3914.001 160
3914.144 161
3914.287 159
3914.430 163
3914.573 161
3914.716 163
3914.859 165
3915.002 165
3915.145 161
3915.288 159
3915.431 160
3915.574 158
3915.717 161
3915.860 161
3916.003 162
3916.146 171
3916.289 179
3916.432 182
3916.575 189
3916.718 179
3916.861 169
3917.004 166
3917.147 154
3917.290 153
3917.433 153
3917.577 148
3917.720 148
3917.863 149
3918.006 143
3918.149 139
3918.292 134
3918.435 135
3918.578 138
3918.721 147
3918.864 155
3919.007 161
3919.150 169
3919.293 169
3919.436 173
3919.580 170
3919.723 170
3919.866 173
3920.009 178
3920.152 180
3920.295 177
3920.438 184
3920.581 191
3920.724 195
3920.867 201
3921.011 203
3921.154 190
3921.297 192
3921.440 193
3921.583 196
3921.726 200
3921.869 202
3922.012 208
3922.156 210
3922.299 208
3922.442 217
3922.585 218
3922.728 224
3922.871 236
3923.014 234
3923.158 241
3923.301 235
3923.444 223
3923.587 218
3923.730 212
3923.873 220
3924.017 225
3924.160 230
3924.303 226
3924.446 214
3924.589 207
3924.733 205
3924.876 208
3925.019 210
3925.162 207
3925.305 203
3925.449 199
3925.592 200
3925.735 203
3925.878 204
3926.021 203
3926.165 204
3926.308 207
3926.451 202
3926.594 205
3926.737 202
3926.881 203
3927.024 201
3927.167 197
3927.310 197
3927.454 187
3927.597 183
3927.740 172
3927.883 163
3928.027 161
3928.170 163
3928.313 164
3928.456 167
3928.600 172
3928.743 175
3928.886 173
3929.029 167
3929.173 163
3929.316 162
3929.459 156
3929.602 154
3929.746 153
3929.889 146
3930.032 145
3930.176 139
3930.319 136
3930.462 131
3930.605 130
3930.749 132
3930.892 134
3931.035 136
3931.179 135
3931.322 139
3931.465 147
3931.609 145
3931.752 146
3931.895 146
3932.039 145
3932.182 150
3932.325 156
3932.469 158
3932.612 157
3932.755 159
3932.899 157
3933.042 156
3933.185 158
3933.329 162
3933.472 159
3933.615 157
3933.759 154
3933.902 157
3934.045 152
3934.189 156
3934.332 152
3934.475 147
3934.619 148
3934.762 150
3934.906 150
3935.049 154
3935.192 162
3935.336 165
3935.479 168
3935.623 167
3935.766 162
3935.909 159
3936.053 156
3936.196 151
3936.340 150
3936.483 143
3936.626 137
3936.770 137
3936.913 134
3937.057 134
3937.200 134
3937.343 132
3937.487 135
3937.630 133
3937.774 126
3937.917 127
3938.061 123
3938.204 124
3938.347 132
3938.491 131
3938.634 130
3938.778 133
3938.921 133
3939.065 129
3939.208 131
3939.352 133
3939.495 134
3939.639 136
3939.782 137
3939.925 139
3940.069 144
3940.212 155
3940.356 166
3940.499 169
3940.643 177
3940.786 174
3940.930 172
3941.073 173
3941.217 172
3941.360 165
3941.504 162
3941.647 164
3941.791 159
3941.934 169
3942.078 178
3942.221 183
3942.365 193
3942.508 197
3942.652 202
3942.795 201
3942.939 201
3943.083 195
3943.226 189
3943.370 186
3943.513 175
3943.657 166
3943.800 160
3943.944 158
3944.087 160
3944.231 169
3944.374 177
3944.518 186
3944.662 193
3944.805 195
3944.949 198
3945.092 196
3945.236 189
3945.379 189
3945.523 188
3945.666 194
3945.810 190
3945.954 191
3946.097 190
3946.241 189
3946.384 195
3946.528 191
3946.672 191
3946.815 199
3946.959 208
3947.102 215
3947.246 216
3947.390 210
3947.533 207
3947.677 204
3947.820 202
3947.964 201
3948.108 196
3948.251 197
3948.395 195
3948.539 200
3948.682 206
3948.826 205
3948.970 211
3949.113 214
3949.257 212
3949.400 204
3949.544 202
3949.688 189
3949.831 177
3949.975 179
3950.119 176
3950.262 184
3950.406 190
3950.550 199
3950.693 200
3950.837 208
3950.981 206
3951.124 200
3951.268 194
3951.412 189
3951.556 185
3951.699 180
3951.843 179
3951.987 179
3952.130 174
3952.274 182
3952.418 186
3952.561 180
3952.705 182
3952.849 178
3952.993 174
3953.136 172
3953.280 169
3953.424 168
3953.567 166
3953.711 168
3953.855 173
3953.999 176
3954.142 175
3954.286 181
3954.430 186
3954.574 181
3954.717 183
3954.861 171
3955.005 159
3955.149 154
3955.292 149
3955.436 148
3955.580 142
3955.724 145
3955.867 138
3956.011 136
3956.155 141
3956.299 144
3956.443 149
3956.586 154
3956.730 171
3956.874 175
3957.018 183
3957.161 184
3957.305 180
3957.449 180
3957.593 172
3957.737 160
3957.880 151
3958.024 147
3958.168 143
3958.312 141
3958.456 139
3958.600 142
3958.743 144
3958.887 143
3959.031 144
3959.175 144
3959.319 146
3959.463 149
3959.606 154
3959.750 150
3959.894 149
3960.038 156
3960.182 152
3960.326 146
3960.469 136
3960.613 130
3960.757 127
3960.901 131
3961.045 132
3961.189 128
3961.333 122
3961.477 121
3961.620 123
3961.764 123
3961.908 127
3962.052 124
3962.196 121
3962.340 120
3962.484 114
3962.628 115
3962.771 116
3962.915 124
3963.059 135
3963.203 140
3963.347 144
3963.491 147
3963.635 143
3963.779 145
3963.923 143
3964.067 142
3964.211 149
3964.355 152
3964.498 160
3964.642 168
3964.786 176
3964.930 174
3965.074 173
3965.218 168
3965.362 155
3965.506 151
3965.650 143
3965.794 134
3965.938 123
3966.082 119
3966.226 117
3966.370 128
3966.514 134
3966.658 141
3966.802 144
3966.946 143
3967.090 152
3967.234 150
3967.378 148
3967.522 141
3967.666 136
3967.810 136
3967.954 140
3968.098 149
3968.242 155
3968.386 161
3968.530 169
3968.674 175
3968.818 177
3968.962 185
3969.106 187
3969.250 189
3969.394 193
3969.538 197
3969.682 201
3969.826 205
3969.970 207
3970.114 202
3970.258 197
3970.402 194
3970.546 181
3970.690 173
3970.834 163
3970.978 155
3971.122 151
3971.266 155
3971.410 163
3971.554 171
3971.698 185
3971.842 196
3971.987 200
3972.131 199
3972.275 196
3972.419 188
3972.563 184
3972.707 185
3972.851 192
3972.995 190
3973.139 190
3973.283 193
3973.427 194
3973.571 201
3973.716 207
3973.860 198
3974.004 186
3974.148 178
3974.292 171
3974.436 174
3974.580 176
3974.724 184
3974.869 189
3975.013 193
3975.157 201
3975.301 199
3975.445 199
3975.589 191
3975.733 179
3975.877 178
3976.022 176
3976.166 176
3976.310 177
3976.454 182
3976.598 183
3976.742 181
3976.887 174
3977.031 173
3977.175 173
3977.319 176
3977.463 184
3977.607 186
3977.752 187
3977.896 188
3978.040 193
3978.184 198
3978.328 195
3978.472 183
3978.617 170
3978.761 160
3978.905 151
3979.049 153
3979.193 145
3979.338 140
3979.482 135
3979.626 131
3979.770 126
3979.915 131
3980.059 133
3980.203 144
3980.347 156
3980.491 168
3980.636 179
3980.780 178
3980.924 188
3981.068 183
3981.213 178
3981.357 172
3981.501 168
3981.645 168
3981.790 159
3981.934 158
3982.078 152
3982.222 144
3982.367 145
3982.511 136
3982.655 130
3982.799 126
3982.944 118
3983.088 116
3983.232 116
3983.377 117
3983.521 123
3983.665 132
3983.809 145
3983.954 150
3984.098 156
3984.242 154
3984.387 152
3984.531 151
3984.675 151
3984.820 150
3984.964 145
3985.108 144
3985.252 136
3985.397 133
3985.541 133
3985.685 126
3985.830 125
3985.974 124
3986.118 114
3986.263 109
3986.407 111
3986.551 109
3986.696 116
3986.840 116
3986.985 114
3987.129 110
3987.273 111
3987.418 117
3987.562 117
3987.706 122
3987.851 130
3987.995 130
3988.139 134
3988.284 134
3988.428 126
3988.573 134
3988.717 137
3988.861 145
3989.006 154
3989.150 165
3989.294 167
3989.439 172
3989.583 176
3989.728 167
3989.872 159
3990.016 154
3990.161 145
3990.305 145
3990.450 150
3990.594 152
3990.739 157
3990.883 156
3991.027 152
3991.172 143
3991.316 130
3991.461 134
3991.605 139
3991.750 141
3991.894 148
3992.038 150
3992.183 160
3992.327 172
3992.472 184
3992.616 185
3992.761 185
3992.905 190
3993.050 190
3993.194 185
3993.339 182
3993.483 169
3993.627 157
3993.772 160
3993.916 159
3994.061 163
3994.205 167
3994.350 171
3994.494 171
3994.639 178
3994.783 183
3994.928 190
3995.072 196
3995.217 202
3995.361 204
3995.506 204
3995.650 206
3995.795 203
3995.939 201
3996.084 210
3996.228 212
3996.373 210
3996.518 212
3996.662 202
3996.807 194
3996.951 191
3997.096 186
3997.240 188
3997.385 191
3997.529 195
3997.674 201
3997.818 198
3997.963 203
3998.108 200
3998.252 202
3998.397 206
3998.541 208
3998.686 209
3998.830 201
3998.975 202
3999.119 195
3999.264 192
3999.409 186
3999.553 184
3999.698 185
3999.842 186
3999.987 187
