600.046 1654
600.101 1654
600.156 1654
600.211 1654
600.266 1654
600.321 1653
600.376 1666
600.431 1675
600.486 1699
600.541 1727
600.596 1755
600.651 1773
600.706 1786
600.761 1819
600.816 1833
600.871 1831
600.927 1811
600.982 1759
601.037 1719
601.092 1682
601.147 1644
601.202 1634
601.257 1626
601.312 1639
601.367 1663
601.422 1666
601.477 1669
601.532 1684
601.588 1699
601.643 1718
601.698 1727
601.753 1718
601.808 1709
601.863 1704
601.918 1688
601.973 1665
602.028 1646
602.083 1625
602.139 1612
602.194 1608
602.249 1603
602.304 1610
602.359 1614
602.414 1626
602.469 1640
602.525 1656
602.580 1668
602.635 1683
602.690 1695
602.745 1706
602.800 1708
602.855 1707
602.911 1696
602.966 1672
603.021 1667
603.076 1656
603.131 1649
603.186 1649
603.242 1638
603.297 1640
603.352 1650
603.407 1659
603.462 1670
603.518 1685
603.573 1694
603.628 1706
603.683 1723
603.738 1728
603.793 1722
603.849 1714
603.904 1712
603.959 1690
604.014 1673
604.070 1669
604.125 1661
604.180 1657
604.235 1663
604.290 1662
604.346 1651
604.401 1652
604.456 1655
604.511 1646
604.567 1644
604.622 1643
604.677 1649
604.732 1669
604.788 1679
604.843 1676
604.898 1661
604.953 1645
605.009 1634
605.064 1619
605.119 1613
605.174 1611
605.230 1620
605.285 1631
605.340 1645
605.395 1643
605.451 1634
605.506 1624
605.561 1603
605.616 1585
605.672 1574
605.727 1561
605.782 1547
605.838 1549
605.893 1547
605.948 1550
606.004 1548
606.059 1551
606.114 1547
606.169 1546
606.225 1548
606.280 1552
606.335 1561
606.391 1576
606.446 1595
606.501 1598
606.557 1600
606.612 1585
606.667 1569
606.723 1564
606.778 1554
606.833 1557
606.889 1560
606.944 1565
606.999 1578
607.055 1584
607.110 1596
607.165 1601
607.221 1611
607.276 1619
607.332 1627
607.387 1636
607.442 1651
607.498 1660
607.553 1676
607.608 1693
607.664 1710
607.719 1713
607.775 1700
607.830 1684
607.885 1660
607.941 1631
607.996 1617
608.051 1607
608.107 1591
608.162 1605
608.218 1614
608.273 1630
608.329 1648
608.384 1658
608.439 1670
608.495 1667
608.550 1671
608.606 1689
608.661 1693
608.716 1689
608.772 1689
608.827 1663
608.883 1628
608.938 1596
608.994 1573
609.049 1550
609.104 1525
609.160 1532
609.215 1544
609.271 1578
609.326 1614
609.382 1634
609.437 1655
609.493 1662
609.548 1650
609.604 1652
609.659 1641
609.715 1646
609.770 1651
609.825 1657
609.881 1663
609.936 1651
609.992 1645
610.047 1626
610.103 1617
610.158 1614
610.214 1610
610.269 1606
610.325 1603
610.380 1626
610.436 1645
610.491 1662
610.547 1677
610.602 1678
610.658 1669
610.713 1671
610.769 1662
610.825 1636
610.880 1624
610.936 1592
610.991 1575
611.047 1572
611.102 1571
611.158 1580
611.213 1600
611.269 1610
611.324 1622
611.380 1639
611.435 1655
611.491 1666
611.547 1678
611.602 1682
611.658 1680
611.713 1668
611.769 1647
611.824 1634
611.880 1623
611.936 1631
611.991 1632
612.047 1630
612.102 1626
612.158 1619
612.213 1622
612.269 1643
612.325 1679
612.380 1738
612.436 1789
612.491 1817
612.547 1835
612.603 1829
612.658 1808
612.714 1756
612.769 1711
612.825 1689
612.881 1663
612.936 1657
612.992 1655
613.048 1631
613.103 1626
613.159 1624
613.214 1636
613.270 1662
613.326 1705
613.381 1736
613.437 1767
613.493 1788
613.548 1797
613.604 1799
613.660 1802
613.715 1802
613.771 1801
613.827 1803
613.882 1808
613.938 1787
613.994 1768
614.049 1733
614.105 1691
614.161 1657
614.216 1637
614.272 1620
614.328 1611
614.383 1628
614.439 1657
614.495 1679
614.550 1699
614.606 1708
614.662 1721
614.717 1732
614.773 1736
614.829 1713
614.885 1679
614.940 1646
614.996 1615
615.052 1594
615.107 1583
615.163 1569
615.219 1563
615.275 1568
615.330 1582
615.386 1603
615.442 1625
615.498 1645
615.553 1655
615.609 1663
615.665 1668
615.721 1669
615.776 1675
615.832 1683
615.888 1689
615.944 1674
615.999 1661
616.055 1645
616.111 1629
616.167 1632
616.222 1647
616.278 1647
616.334 1648
616.390 1652
616.446 1653
616.501 1651
616.557 1648
616.613 1648
616.669 1641
616.724 1644
616.780 1652
616.836 1640
616.892 1616
616.948 1595
617.003 1561
617.059 1544
617.115 1544
617.171 1544
617.227 1548
617.283 1555
617.338 1558
617.394 1560
617.450 1569
617.506 1570
617.562 1567
617.618 1583
617.673 1584
617.729 1578
617.785 1582
617.841 1585
617.897 1599
617.953 1613
618.008 1634
618.064 1657
618.120 1676
618.176 1677
618.232 1677
618.288 1674
618.344 1662
618.399 1641
618.455 1623
618.511 1616
618.567 1611
618.623 1625
618.679 1629
618.735 1627
618.791 1620
618.847 1616
618.902 1602
618.958 1594
619.014 1585
619.070 1570
619.126 1569
619.182 1568
619.238 1567
619.294 1563
619.350 1558
619.406 1551
619.461 1544
619.517 1558
619.573 1574
619.629 1582
619.685 1598
619.741 1603
619.797 1597
619.853 1602
619.909 1600
619.965 1591
620.021 1583
620.077 1579
620.133 1572
620.189 1576
620.245 1589
620.301 1592
620.357 1602
620.412 1617
620.468 1630
620.524 1629
620.580 1630
620.636 1616
620.692 1601
620.748 1601
620.804 1584
620.860 1570
620.916 1561
620.972 1551
621.028 1548
621.084 1569
621.140 1588
621.196 1602
621.252 1622
621.308 1633
621.364 1653
621.420 1667
621.476 1686
621.532 1686
621.588 1691
621.644 1688
621.700 1673
621.756 1668
621.812 1651
621.868 1639
621.924 1631
621.980 1603
622.037 1578
622.093 1564
622.149 1555
622.205 1558
622.261 1563
622.317 1566
622.373 1562
622.429 1581
622.485 1601
622.541 1611
622.597 1630
622.653 1624
622.709 1617
622.765 1615
622.821 1613
622.877 1601
622.933 1595
622.990 1577
623.046 1553
623.102 1544
623.158 1533
623.214 1547
623.270 1563
623.326 1582
623.382 1602
623.438 1624
623.494 1646
623.550 1654
623.607 1651
623.663 1633
623.719 1595
623.775 1579
623.831 1573
623.887 1569
623.943 1570
623.999 1556
624.056 1542
624.112 1541
624.168 1544
624.224 1550
624.280 1552
624.336 1549
624.392 1537
624.448 1548
624.505 1568
624.561 1577
624.617 1596
624.673 1589
624.729 1578
624.785 1569
624.842 1561
624.898 1567
624.954 1574
625.010 1583
625.066 1611
625.122 1607
625.179 1618
625.235 1621
625.291 1623
625.347 1635
625.403 1645
625.460 1637
625.516 1627
625.572 1620
625.628 1616
625.684 1619
625.741 1611
625.797 1599
625.853 1586
625.909 1569
625.965 1552
626.022 1553
626.078 1551
626.134 1555
626.190 1554
626.246 1547
626.303 1540
626.359 1552
626.415 1553
626.471 1570
626.528 1590
626.584 1599
626.640 1620
626.696 1638
626.753 1643
626.809 1644
626.865 1643
626.921 1627
626.978 1612
627.034 1608
627.090 1605
627.146 1606
627.203 1621
627.259 1633
627.315 1651
627.372 1653
627.428 1654
627.484 1644
627.540 1633
627.597 1631
627.653 1616
627.709 1609
627.766 1592
627.822 1582
627.878 1569
627.935 1567
627.991 1549
628.047 1536
628.103 1519
628.160 1509
628.216 1516
628.272 1545
628.329 1582
628.385 1616
628.441 1646
628.498 1651
628.554 1642
628.610 1635
628.667 1620
628.723 1610
628.779 1598
628.836 1600
628.892 1588
628.948 1577
629.005 1578
629.061 1559
629.117 1552
629.174 1563
629.230 1578
629.287 1593
629.343 1610
629.399 1635
629.456 1654
629.512 1683
629.568 1700
629.625 1695
629.681 1677
629.738 1650
629.794 1633
629.850 1615
629.907 1597
629.963 1566
630.020 1533
630.076 1516
630.132 1519
630.189 1512
630.245 1527
630.302 1530
630.358 1519
630.414 1524
630.471 1516
630.527 1509
630.584 1504
630.640 1499
630.697 1475
630.753 1485
630.809 1490
630.866 1505
630.922 1526
630.979 1529
631.035 1539
631.092 1538
631.148 1539
631.205 1557
631.261 1573
631.317 1587
631.374 1605
631.430 1602
631.487 1605
631.543 1602
631.600 1596
631.656 1587
631.713 1579
631.769 1570
631.826 1558
631.882 1541
631.939 1524
631.995 1506
632.052 1495
632.108 1485
632.165 1476
632.221 1474
632.278 1465
632.334 1474
632.391 1483
632.447 1488
632.504 1499
632.560 1533
632.617 1561
632.673 1587
632.730 1614
632.786 1603
632.843 1589
632.899 1581
632.956 1558
633.012 1562
633.069 1566
633.125 1560
633.182 1559
633.239 1558
633.295 1574
633.352 1589
633.408 1620
633.465 1650
633.521 1680
633.578 1694
633.634 1708
633.691 1683
633.748 1652
633.804 1628
633.861 1597
633.917 1598
633.974 1587
634.030 1579
634.087 1573
634.144 1568
634.200 1572
634.257 1566
634.313 1548
634.370 1536
634.427 1525
634.483 1522
634.540 1519
634.596 1514
634.653 1520
634.710 1522
634.766 1520
634.823 1517
634.879 1516
634.936 1514
634.993 1511
635.049 1514
635.106 1515
635.163 1521
635.219 1522
635.276 1535
635.332 1548
635.389 1547
635.446 1550
635.502 1551
635.559 1547
635.616 1556
635.672 1569
635.729 1593
635.786 1608
635.842 1626
635.899 1647
635.956 1652
636.012 1651
636.069 1655
636.126 1664
636.182 1652
636.239 1644
636.296 1635
636.352 1620
636.409 1615
636.466 1620
636.522 1613
636.579 1597
636.636 1594
636.693 1578
636.749 1568
636.806 1556
636.863 1563
636.919 1562
636.976 1550
637.033 1545
637.090 1530
637.146 1515
637.203 1512
637.260 1517
637.316 1524
637.373 1534
637.430 1534
637.487 1541
637.543 1557
637.600 1575
637.657 1574
637.714 1567
637.770 1546
637.827 1527
637.884 1511
637.941 1494
637.997 1497
638.054 1497
638.111 1509
638.168 1530
638.224 1553
638.281 1575
638.338 1589
638.395 1609
638.451 1613
638.508 1614
638.565 1626
638.622 1632
638.679 1627
638.735 1609
638.792 1597
638.849 1571
638.906 1567
638.963 1567
639.019 1570
639.076 1584
639.133 1578
639.190 1582
639.247 1572
639.303 1565
639.360 1585
639.417 1596
639.474 1599
639.531 1607
639.588 1602
639.644 1597
639.701 1598
639.758 1592
639.815 1573
639.872 1556
639.929 1559
639.985 1544
640.042 1539
640.099 1536
640.156 1549
640.213 1567
640.270 1584
640.327 1611
640.384 1603
640.440 1593
640.497 1593
640.554 1585
640.611 1597
640.668 1603
640.725 1601
640.782 1601
640.839 1600
640.895 1600
640.952 1585
641.009 1565
641.066 1544
641.123 1516
641.180 1517
641.237 1512
641.294 1509
641.351 1506
641.408 1500
641.464 1496
641.521 1495
641.578 1493
641.635 1508
641.692 1518
641.749 1525
641.806 1531
641.863 1524
641.920 1520
641.977 1526
642.034 1531
642.091 1539
642.148 1551
642.205 1563
642.262 1576
642.318 1577
642.375 1578
642.432 1570
642.489 1561
642.546 1555
642.603 1543
642.660 1546
642.717 1550
642.774 1572
642.831 1583
642.888 1587
642.945 1598
643.002 1590
643.059 1579
643.116 1563
643.173 1551
643.230 1559
643.287 1577
643.344 1587
643.401 1598
643.458 1608
643.515 1615
643.572 1632
643.629 1651
643.686 1635
643.743 1629
643.800 1616
643.857 1601
643.914 1593
643.971 1575
644.028 1558
644.085 1538
644.142 1542
644.199 1549
644.256 1553
644.313 1562
644.370 1580
644.428 1602
644.485 1612
644.542 1615
644.599 1600
644.656 1582
644.713 1573
644.770 1568
644.827 1546
644.884 1524
644.941 1506
644.998 1483
645.055 1499
645.112 1516
645.169 1529
645.226 1556
645.284 1565
645.341 1578
645.398 1587
645.455 1600
645.512 1577
645.569 1549
645.626 1514
645.683 1469
645.740 1478
645.797 1482
645.855 1497
645.912 1517
645.969 1510
646.026 1505
646.083 1506
646.140 1511
646.197 1514
646.254 1522
646.312 1517
646.369 1527
646.426 1543
646.483 1562
646.540 1580
646.597 1584
646.654 1582
646.711 1574
646.769 1569
646.826 1561
646.883 1552
646.940 1538
646.997 1529
647.054 1527
647.112 1525
647.169 1524
647.226 1542
647.283 1557
647.340 1559
647.397 1574
647.455 1576
647.512 1572
647.569 1587
647.626 1598
647.683 1599
647.741 1613
647.798 1600
647.855 1582
647.912 1577
647.969 1569
648.027 1581
648.084 1588
648.141 1580
648.198 1580
648.256 1589
648.313 1600
648.370 1622
648.427 1643
648.484 1652
648.542 1659
648.599 1660
648.656 1657
648.713 1632
648.771 1613
648.828 1602
648.885 1598
648.942 1605
649.000 1608
649.057 1615
649.114 1626
649.171 1639
649.229 1653
649.286 1650
649.343 1652
649.400 1650
649.458 1649
649.515 1643
649.572 1644
649.630 1630
649.687 1611
649.744 1604
649.801 1602
649.859 1591
649.916 1583
649.973 1584
650.031 1579
650.088 1591
650.145 1598
650.202 1592
650.260 1585
650.317 1578
650.374 1569
650.432 1553
650.489 1542
650.546 1537
650.604 1534
650.661 1543
650.718 1538
650.776 1520
650.833 1506
650.890 1486
650.948 1468
651.005 1470
651.062 1478
651.120 1485
651.177 1491
651.234 1511
651.292 1530
651.349 1561
651.406 1586
651.464 1610
651.521 1627
651.579 1624
651.636 1636
651.693 1633
651.751 1634
651.808 1632
651.865 1627
651.923 1615
651.980 1600
652.038 1584
652.095 1575
652.152 1561
652.210 1548
652.267 1535
652.325 1527
652.382 1516
652.439 1512
652.497 1504
652.554 1485
652.612 1484
652.669 1487
652.726 1497
652.784 1507
652.841 1507
652.899 1503
652.956 1503
653.014 1505
653.071 1512
653.128 1523
653.186 1531
653.243 1552
653.301 1569
653.358 1589
653.416 1607
653.473 1627
653.531 1622
653.588 1613
653.645 1604
653.703 1585
653.760 1571
653.818 1546
653.875 1522
653.933 1493
653.990 1486
654.048 1472
654.105 1471
654.163 1476
654.220 1474
654.278 1474
654.335 1476
654.393 1475
654.450 1494
654.508 1510
654.565 1523
654.623 1532
654.680 1533
654.738 1545
654.795 1553
654.853 1575
654.910 1593
654.968 1608
655.025 1623
655.083 1636
655.140 1607
655.198 1588
655.255 1568
655.313 1554
655.370 1564
655.428 1572
655.485 1574
655.543 1573
655.601 1583
655.658 1587
655.716 1603
655.773 1615
655.831 1618
655.888 1617
655.946 1617
656.003 1621
656.061 1603
656.119 1587
656.176 1568
656.234 1551
656.291 1561
656.349 1571
656.406 1582
656.464 1579
656.522 1556
656.579 1540
656.637 1513
656.694 1491
656.752 1498
656.810 1489
656.867 1498
656.925 1494
656.982 1499
657.040 1515
657.098 1529
657.155 1541
657.213 1545
657.270 1551
657.328 1564
657.386 1582
657.443 1597
657.501 1604
657.559 1616
657.616 1638
657.674 1648
657.732 1658
657.789 1660
657.847 1662
657.904 1676
657.962 1668
658.020 1672
658.077 1676
658.135 1667
658.193 1671
658.250 1673
658.308 1665
658.366 1666
658.423 1672
658.481 1674
658.539 1684
658.596 1666
658.654 1640
658.712 1613
658.769 1588
658.827 1581
658.885 1563
658.943 1560
659.000 1550
659.058 1548
659.116 1555
659.173 1572
659.231 1580
659.289 1585
659.346 1589
659.404 1585
659.462 1580
659.520 1578
659.577 1573
659.635 1564
659.693 1566
659.751 1568
659.808 1566
659.866 1569
659.924 1578
659.981 1580
660.039 1578
660.097 1583
660.155 1590
660.212 1605
660.270 1634
660.328 1658
660.386 1674
660.443 1669
660.501 1665
660.559 1656
660.617 1638
660.675 1617
660.732 1592
660.790 1557
660.848 1520
660.906 1501
660.963 1482
661.021 1472
661.079 1467
661.137 1468
661.195 1469
661.252 1475
661.310 1479
661.368 1496
661.426 1508
661.484 1528
661.541 1544
661.599 1548
661.657 1543
661.715 1546
661.773 1548
661.830 1558
661.888 1566
661.946 1560
662.004 1555
662.062 1545
662.120 1539
662.177 1534
662.235 1528
662.293 1539
662.351 1557
662.409 1570
662.467 1593
662.525 1594
662.582 1587
662.640 1589
662.698 1587
662.756 1585
662.814 1577
662.872 1566
662.930 1543
662.987 1527
663.045 1516
663.103 1508
663.161 1495
663.219 1488
663.277 1481
663.335 1485
663.393 1490
663.451 1520
663.508 1549
663.566 1553
663.624 1575
663.682 1581
663.740 1591
663.798 1602
663.856 1611
663.914 1587
663.972 1555
664.030 1542
664.088 1528
664.145 1527
664.203 1526
664.261 1522
664.319 1516
664.377 1537
664.435 1560
664.493 1568
664.551 1580
664.609 1553
664.667 1525
664.725 1508
664.783 1490
664.841 1492
664.899 1502
664.957 1506
665.015 1514
665.073 1520
665.131 1524
665.188 1521
665.246 1507
665.304 1503
665.362 1499
665.420 1497
665.478 1489
665.536 1505
665.594 1523
665.652 1543
665.710 1578
665.768 1590
665.826 1588
665.884 1577
665.942 1576
666.000 1565
666.058 1551
666.116 1555
666.174 1555
666.232 1546
666.290 1547
666.348 1545
666.406 1543
666.464 1545
666.522 1554
666.581 1555
666.639 1557
666.697 1554
666.755 1552
666.813 1564
666.871 1550
666.929 1548
666.987 1541
667.045 1529
667.103 1527
667.161 1523
667.219 1522
667.277 1518
667.335 1517
667.393 1521
667.451 1522
667.509 1533
667.567 1537
667.626 1529
667.684 1520
667.742 1509
667.800 1500
667.858 1509
667.916 1510
667.974 1513
668.032 1520
668.090 1519
668.148 1526
668.206 1532
668.265 1546
668.323 1556
668.381 1571
668.439 1582
668.497 1585
668.555 1594
668.613 1591
668.671 1584
668.729 1576
668.788 1574
668.846 1584
668.904 1585
668.962 1590
669.020 1577
669.078 1556
669.136 1552
669.195 1546
669.253 1555
669.311 1573
669.369 1581
669.427 1589
669.485 1576
669.543 1560
669.602 1548
669.660 1530
669.718 1517
669.776 1514
669.834 1522
669.893 1526
669.951 1542
670.009 1551
670.067 1569
670.125 1584
670.183 1591
670.242 1606
670.300 1607
670.358 1597
670.416 1610
670.474 1620
670.533 1636
670.591 1651
670.649 1641
670.707 1623
670.765 1604
670.824 1580
670.882 1568
670.940 1558
670.998 1555
671.057 1557
671.115 1546
671.173 1529
671.231 1510
671.290 1494
671.348 1516
671.406 1530
671.464 1543
671.522 1555
671.581 1562
671.639 1565
671.697 1574
671.756 1591
671.814 1608
671.872 1622
671.930 1625
671.989 1626
672.047 1617
672.105 1618
672.163 1628
672.222 1640
672.280 1630
672.338 1622
672.397 1610
672.455 1585
672.513 1592
672.571 1602
672.630 1607
672.688 1626
672.746 1641
672.805 1645
672.863 1633
672.921 1619
672.980 1598
673.038 1575
673.096 1565
673.154 1568
673.213 1596
673.271 1619
673.329 1642
673.388 1676
673.446 1684
673.504 1698
673.563 1692
673.621 1680
673.679 1656
673.738 1642
673.796 1620
673.855 1598
673.913 1592
673.971 1561
674.030 1539
674.088 1510
674.146 1498
674.205 1491
674.263 1495
674.321 1508
674.380 1500
674.438 1494
674.497 1497
674.555 1500
674.613 1511
674.672 1528
674.730 1535
674.788 1544
674.847 1545
674.905 1542
674.964 1541
675.022 1539
675.080 1543
675.139 1545
675.197 1556
675.256 1564
675.314 1569
675.373 1575
675.431 1559
675.489 1561
675.548 1550
675.606 1538
675.665 1532
675.723 1525
675.781 1538
675.840 1546
675.898 1557
675.957 1550
676.015 1530
676.074 1517
676.132 1502
676.191 1495
676.249 1514
676.308 1529
676.366 1540
676.424 1560
676.483 1546
676.541 1534
676.600 1519
676.658 1500
676.717 1475
676.775 1454
676.834 1443
676.892 1428
676.951 1433
677.009 1439
677.068 1442
677.126 1447
677.185 1466
677.243 1482
677.302 1500
677.360 1533
677.419 1554
677.477 1576
677.536 1577
677.594 1568
677.653 1540
677.711 1507
677.770 1486
677.828 1479
677.887 1466
677.945 1448
678.004 1437
678.062 1426
678.121 1432
678.180 1436
678.238 1439
678.297 1426
678.355 1431
678.414 1439
678.472 1445
678.531 1450
678.589 1459
678.648 1466
678.706 1471
678.765 1465
678.824 1468
678.882 1458
678.941 1465
678.999 1476
679.058 1469
679.116 1469
679.175 1464
679.234 1467
679.292 1481
679.351 1496
679.409 1503
679.468 1508
679.527 1519
679.585 1531
679.644 1553
679.702 1567
679.761 1567
679.820 1559
679.878 1543
679.937 1525
679.996 1511
680.054 1494
680.113 1481
680.171 1480
680.230 1482
680.289 1488
680.347 1493
680.406 1502
680.465 1491
680.523 1493
680.582 1492
680.640 1486
680.699 1500
680.758 1514
680.816 1527
680.875 1539
680.934 1537
680.992 1530
681.051 1520
681.110 1514
681.168 1510
681.227 1510
681.286 1509
681.344 1511
681.403 1520
681.462 1531
681.520 1543
681.579 1551
681.638 1561
681.697 1562
681.755 1559
681.814 1557
681.873 1537
681.931 1520
681.990 1499
682.049 1485
682.107 1473
682.166 1463
682.225 1466
682.284 1467
682.342 1483
682.401 1499
682.460 1508
682.519 1513
682.577 1515
682.636 1513
682.695 1517
682.753 1520
682.812 1512
682.871 1508
682.930 1504
682.988 1502
683.047 1503
683.106 1494
683.165 1488
683.223 1479
683.282 1495
683.341 1510
683.400 1515
683.459 1525
683.517 1513
683.576 1503
683.635 1501
683.694 1492
683.752 1495
683.811 1498
683.870 1505
683.929 1506
683.988 1499
684.046 1481
684.105 1471
684.164 1470
684.223 1481
684.282 1492
684.340 1493
684.399 1487
684.458 1478
684.517 1470
684.576 1470
684.634 1456
684.693 1460
684.752 1464
684.811 1480
684.870 1495
684.929 1500
684.987 1511
685.046 1502
685.105 1506
685.164 1504
685.223 1502
685.282 1504
685.341 1509
685.399 1504
685.458 1504
685.517 1498
685.576 1498
685.635 1488
685.694 1480
685.753 1467
685.811 1453
685.870 1453
685.929 1448
685.988 1450
686.047 1455
686.106 1483
686.165 1515
686.224 1556
686.282 1594
686.341 1598
686.400 1604
686.459 1599
686.518 1592
686.577 1581
686.636 1573
686.695 1561
686.754 1542
686.813 1548
686.872 1548
686.930 1553
686.989 1557
687.048 1537
687.107 1517
687.166 1504
687.225 1486
687.284 1489
687.343 1506
687.402 1520
687.461 1546
687.520 1549
687.579 1556
687.638 1543
687.697 1518
687.756 1509
687.815 1497
687.874 1499
687.933 1497
687.991 1472
688.050 1454
688.109 1440
688.168 1445
688.227 1455
688.286 1462
688.345 1470
688.404 1469
688.463 1485
688.522 1509
688.581 1511
688.640 1518
688.699 1511
688.758 1495
688.817 1503
688.876 1495
688.935 1504
688.994 1504
689.053 1502
689.112 1504
689.171 1504
689.230 1515
689.289 1528
689.348 1532
689.407 1548
689.466 1561
689.525 1561
689.585 1555
689.644 1542
689.703 1530
689.762 1522
689.821 1513
689.880 1497
689.939 1479
689.998 1459
690.057 1453
690.116 1449
690.175 1447
690.234 1450
690.293 1456
690.352 1477
690.411 1493
690.470 1509
690.529 1522
690.589 1528
690.648 1534
690.707 1524
690.766 1514
690.825 1495
690.884 1479
690.943 1476
691.002 1464
691.061 1455
691.120 1449
691.179 1465
691.239 1472
691.298 1474
691.357 1476
691.416 1457
691.475 1440
691.534 1444
691.593 1452
691.652 1455
691.712 1466
691.771 1445
691.830 1414
691.889 1399
691.948 1382
692.007 1363
692.066 1351
692.125 1344
692.185 1334
692.244 1364
692.303 1396
692.362 1427
692.421 1465
692.480 1475
692.540 1485
692.599 1478
692.658 1479
692.717 1465
692.776 1453
692.835 1453
692.895 1433
692.954 1440
693.013 1447
693.072 1453
693.131 1472
693.191 1476
693.250 1485
693.309 1487
693.368 1499
693.427 1518
693.487 1535
693.546 1550
693.605 1565
693.664 1579
693.723 1595
693.783 1610
693.842 1626
693.901 1598
693.960 1564
694.019 1527
694.079 1488
694.138 1475
694.197 1462
694.256 1454
694.316 1451
694.375 1466
694.434 1480
694.493 1497
694.553 1525
694.612 1518
694.671 1514
694.730 1509
694.790 1491
694.849 1487
694.908 1484
694.967 1470
695.027 1467
695.086 1462
695.145 1458
695.205 1472
695.264 1477
695.323 1491
695.382 1504
695.442 1512
695.501 1512
695.560 1515
695.620 1520
695.679 1525
695.738 1529
695.797 1529
695.857 1530
695.916 1540
695.975 1540
696.035 1545
696.094 1545
696.153 1544
696.213 1547
696.272 1545
696.331 1557
696.391 1562
696.450 1564
696.509 1592
696.569 1609
696.628 1619
696.687 1631
696.747 1599
696.806 1559
696.865 1535
696.925 1504
696.984 1508
697.043 1510
697.103 1505
697.162 1503
697.222 1514
697.281 1528
697.340 1550
697.400 1563
697.459 1556
697.518 1552
697.578 1550
697.637 1531
697.697 1525
697.756 1510
697.815 1489
697.875 1482
697.934 1477
697.994 1473
698.053 1470
698.112 1468
698.172 1467
698.231 1471
698.291 1478
698.350 1478
698.409 1487
698.469 1495
698.528 1495
698.588 1496
698.647 1513
698.707 1512
698.766 1532
698.825 1546
698.885 1526
698.944 1502
699.004 1477
699.063 1452
699.123 1455
699.182 1465
699.241 1476
699.301 1498
699.360 1519
699.420 1546
699.479 1549
699.539 1553
699.598 1552
699.658 1539
699.717 1532
699.777 1519
699.836 1494
699.896 1475
699.955 1470
700.015 1457
700.074 1449
700.134 1440
700.193 1422
700.253 1415
700.312 1433
700.372 1450
700.431 1459
700.491 1460
700.550 1457
700.610 1467
700.669 1459
700.729 1446
700.788 1435
700.848 1423
700.907 1420
700.967 1424
701.026 1427
701.086 1435
701.145 1448
701.205 1462
701.264 1492
701.324 1520
701.383 1539
701.443 1561
701.503 1557
701.562 1550
701.622 1534
701.681 1521
701.741 1500
701.800 1473
701.860 1457
701.919 1434
701.979 1441
702.039 1453
702.098 1446
702.158 1443
702.217 1442
702.277 1434
702.337 1438
702.396 1445
702.456 1439
702.515 1438
702.575 1433
702.634 1426
702.694 1431
702.754 1438
702.813 1456
702.873 1453
702.933 1446
702.992 1431
703.052 1425
703.111 1429
703.171 1436
703.231 1443
703.290 1447
703.350 1460
703.409 1472
703.469 1488
703.529 1500
703.588 1506
703.648 1502
703.708 1494
703.767 1485
703.827 1463
703.887 1426
703.946 1398
704.006 1379
704.066 1369
704.125 1388
704.185 1410
704.245 1422
704.304 1440
704.364 1449
704.424 1449
704.483 1449
704.543 1438
704.603 1436
704.662 1433
704.722 1443
704.782 1449
704.841 1452
704.901 1453
704.961 1443
705.021 1443
705.080 1446
705.140 1458
705.200 1475
705.259 1498
705.319 1507
705.379 1515
705.438 1509
705.498 1502
705.558 1488
705.618 1470
705.677 1455
705.737 1449
705.797 1462
705.857 1470
705.916 1489
705.976 1505
706.036 1505
706.096 1513
706.155 1518
706.215 1517
706.275 1508
706.335 1504
706.394 1498
706.454 1506
706.514 1496
706.574 1483
706.633 1466
706.693 1448
706.753 1458
706.813 1464
706.872 1468
706.932 1468
706.992 1474
707.052 1471
707.112 1474
707.171 1488
707.231 1499
707.291 1523
707.351 1546
707.411 1565
707.470 1557
707.530 1551
707.590 1550
707.650 1539
707.710 1520
707.769 1501
707.829 1485
707.889 1468
707.949 1461
708.009 1444
708.069 1418
708.128 1398
708.188 1380
708.248 1367
708.308 1362
708.368 1348
708.428 1342
708.488 1347
708.547 1351
708.607 1367
708.667 1391
708.727 1411
708.787 1435
708.847 1454
708.907 1447
708.966 1447
709.026 1448
709.086 1448
709.146 1450
709.206 1454
709.266 1457
709.326 1465
709.386 1480
709.445 1495
709.505 1502
709.565 1502
709.625 1495
709.685 1491
709.745 1489
709.805 1478
709.865 1468
709.925 1462
709.985 1458
710.044 1454
710.104 1451
710.164 1457
710.224 1461
710.284 1473
710.344 1489
710.404 1496
710.464 1502
710.524 1513
710.584 1507
710.644 1498
710.704 1493
710.764 1474
710.824 1478
710.884 1478
710.944 1474
711.003 1485
711.063 1472
711.123 1456
711.183 1448
711.243 1445
711.303 1470
711.363 1494
711.423 1515
711.483 1537
711.543 1543
711.603 1547
711.663 1547
711.723 1544
711.783 1533
711.843 1512
711.903 1501
711.963 1482
712.023 1487
712.083 1489
712.143 1489
712.203 1490
712.263 1475
712.323 1464
712.383 1454
712.443 1448
712.503 1460
712.563 1472
712.623 1469
712.683 1470
712.743 1481
712.803 1487
712.863 1506
712.923 1525
712.983 1517
713.044 1502
713.104 1496
713.164 1501
713.224 1515
713.284 1540
713.344 1555
713.404 1575
713.464 1564
713.524 1546
713.584 1523
713.644 1489
713.704 1481
713.764 1474
713.824 1470
713.884 1479
713.944 1479
714.005 1486
714.065 1496
714.125 1496
714.185 1498
714.245 1504
714.305 1506
714.365 1508
714.425 1526
714.485 1545
714.545 1557
714.606 1573
714.666 1570
714.726 1553
714.786 1540
714.846 1524
714.906 1495
714.966 1474
715.026 1451
715.086 1425
715.147 1425
715.207 1433
715.267 1439
715.327 1440
715.387 1464
715.447 1484
715.507 1505
715.568 1532
715.628 1523
715.688 1510
715.748 1499
715.808 1509
715.868 1506
715.929 1503
715.989 1497
716.049 1479
716.109 1485
716.169 1488
716.229 1505
716.290 1527
716.350 1546
716.410 1569
716.470 1577
716.530 1584
716.591 1591
716.651 1584
716.711 1579
716.771 1569
716.831 1552
716.892 1535
716.952 1528
717.012 1520
717.072 1506
717.132 1500
717.193 1490
717.253 1489
717.313 1504
717.373 1524
717.434 1526
717.494 1534
717.554 1525
717.614 1507
717.675 1507
717.735 1502
717.795 1495
717.855 1487
717.915 1470
717.976 1457
718.036 1462
718.096 1464
718.157 1484
718.217 1516
718.277 1530
718.337 1549
718.398 1572
718.458 1583
718.518 1587
718.578 1600
718.639 1586
718.699 1582
718.759 1577
718.820 1566
718.880 1564
718.940 1564
719.000 1558
719.061 1545
719.121 1538
719.181 1538
719.242 1538
719.302 1544
719.362 1552
719.423 1561
719.483 1587
719.543 1620
719.604 1645
719.664 1662
719.724 1669
719.785 1673
719.845 1683
719.905 1703
719.966 1707
720.026 1697
720.086 1710
720.147 1732
720.207 1765
720.267 1797
720.328 1810
720.388 1828
720.448 1820
720.509 1827
720.569 1809
720.629 1773
720.690 1748
720.750 1725
720.811 1716
720.871 1715
720.931 1744
720.992 1770
721.052 1800
721.112 1839
721.173 1859
721.233 1874
721.294 1869
721.354 1869
721.414 1850
721.475 1834
721.535 1829
721.596 1811
721.656 1797
721.716 1792
721.777 1777
721.837 1753
721.898 1731
721.958 1704
722.019 1680
722.079 1669
722.139 1677
722.200 1682
722.260 1712
722.321 1740
722.381 1758
722.442 1763
722.502 1757
722.562 1749
722.623 1730
722.683 1715
722.744 1710
722.804 1701
722.865 1701
722.925 1689
722.986 1670
723.046 1655
723.107 1649
723.167 1658
723.228 1666
723.288 1658
723.349 1658
723.409 1663
723.469 1661
723.530 1644
723.590 1639
723.651 1626
723.711 1613
723.772 1600
723.832 1593
723.893 1588
723.953 1583
724.014 1574
724.074 1570
724.135 1558
724.196 1547
724.256 1544
724.317 1536
724.377 1534
724.438 1539
724.498 1539
724.559 1556
724.619 1573
724.680 1588
724.740 1609
724.801 1598
724.861 1578
724.922 1561
724.982 1548
725.043 1535
725.104 1520
725.164 1514
725.225 1503
725.285 1496
725.346 1498
725.406 1492
725.467 1482
725.528 1493
725.588 1495
725.649 1494
725.709 1485
725.770 1479
725.830 1480
725.891 1480
725.952 1488
726.012 1472
726.073 1452
726.133 1444
726.194 1434
726.255 1456
726.315 1485
726.376 1512
726.436 1538
726.497 1563
726.558 1584
726.618 1601
726.679 1608
726.740 1599
726.800 1588
726.861 1578
726.921 1577
726.982 1571
727.043 1567
727.103 1564
727.164 1561
727.225 1559
727.285 1555
727.346 1549
727.407 1534
727.467 1525
727.528 1515
727.589 1494
727.649 1464
727.710 1470
727.771 1472
727.831 1480
727.892 1493
727.953 1493
728.013 1487
728.074 1498
728.135 1507
728.195 1521
728.256 1541
728.317 1540
728.377 1544
728.438 1540
728.499 1538
728.559 1543
728.620 1551
728.681 1563
728.742 1570
728.802 1585
728.863 1597
728.924 1575
728.984 1562
729.045 1541
729.106 1520
729.167 1516
729.227 1516
729.288 1517
729.349 1510
729.410 1500
729.470 1501
729.531 1486
729.592 1478
729.652 1489
729.713 1498
729.774 1505
729.835 1523
729.896 1495
729.956 1455
730.017 1427
730.078 1380
730.139 1376
730.199 1378
730.260 1379
730.321 1390
730.382 1418
730.442 1442
730.503 1459
730.564 1477
730.625 1470
730.686 1468
730.746 1467
730.807 1476
730.868 1462
730.929 1439
730.990 1437
731.050 1414
731.111 1426
731.172 1440
731.233 1438
731.294 1453
731.354 1459
731.415 1469
731.476 1481
731.537 1486
731.598 1492
731.659 1493
731.719 1487
731.780 1488
731.841 1495
731.902 1497
731.963 1514
732.024 1535
732.084 1519
732.145 1508
732.206 1495
732.267 1482
732.328 1482
732.389 1495
732.450 1491
732.510 1499
732.571 1514
732.632 1528
732.693 1545
732.754 1559
732.815 1525
732.876 1486
732.937 1455
732.998 1425
733.058 1456
733.119 1484
733.180 1516
733.241 1536
733.302 1537
733.363 1545
733.424 1533
733.485 1531
733.546 1506
733.607 1491
733.667 1475
733.728 1441
733.789 1440
733.850 1429
733.911 1420
733.972 1419
734.033 1429
734.094 1439
734.155 1444
734.216 1456
734.277 1469
734.338 1496
734.399 1520
734.460 1553
734.521 1555
734.581 1552
734.642 1542
734.703 1527
734.764 1494
734.825 1465
734.886 1446
734.947 1421
735.008 1425
735.069 1433
735.130 1445
735.191 1461
735.252 1463
735.313 1465
735.374 1472
735.435 1478
735.496 1500
735.557 1523
735.618 1544
735.679 1556
735.740 1555
735.801 1554
735.862 1545
735.923 1535
735.984 1510
736.045 1485
736.106 1462
736.167 1448
736.228 1448
736.289 1439
736.350 1452
736.411 1461
736.472 1480
736.533 1498
736.594 1499
736.655 1490
736.717 1478
736.778 1472
736.839 1455
736.900 1445
736.961 1431
737.022 1419
737.083 1423
737.144 1417
737.205 1433
737.266 1450
737.327 1464
737.388 1483
737.449 1499
737.510 1511
737.571 1511
737.632 1514
737.694 1505
737.755 1505
737.816 1507
737.877 1501
737.938 1478
737.999 1461
738.060 1445
738.121 1436
738.182 1449
738.243 1465
738.305 1475
738.366 1479
738.427 1482
738.488 1482
738.549 1483
738.610 1479
738.671 1479
738.732 1481
738.794 1485
738.855 1488
738.916 1489
738.977 1479
739.038 1474
739.099 1467
739.160 1465
739.222 1477
739.283 1485
739.344 1494
739.405 1494
739.466 1495
739.527 1496
739.588 1484
739.650 1477
739.711 1471
739.772 1459
739.833 1443
739.894 1440
739.955 1436
740.017 1429
740.078 1431
740.139 1434
740.200 1425
740.261 1427
740.323 1439
740.384 1456
740.445 1473
740.506 1486
740.567 1494
740.629 1488
740.690 1483
740.751 1468
740.812 1438
740.873 1445
740.935 1445
740.996 1455
741.057 1481
741.118 1480
741.180 1481
741.241 1482
741.302 1462
741.363 1490
741.425 1514
741.486 1522
741.547 1526
741.608 1511
741.670 1490
741.731 1466
741.792 1445
741.853 1413
741.915 1388
741.976 1369
742.037 1360
742.098 1357
742.160 1353
742.221 1350
742.282 1345
742.343 1363
742.405 1385
742.466 1401
742.527 1408
742.589 1404
742.650 1403
742.711 1405
742.773 1407
742.834 1417
742.895 1433
742.956 1452
743.018 1468
743.079 1463
743.140 1456
743.202 1451
743.263 1451
743.324 1458
743.386 1461
743.447 1462
743.508 1449
743.570 1456
743.631 1477
743.692 1481
743.754 1495
743.815 1490
743.876 1479
743.938 1484
743.999 1483
744.060 1493
744.122 1502
744.183 1500
744.244 1514
744.306 1520
744.367 1524
744.429 1517
744.490 1497
744.551 1493
744.613 1471
744.674 1459
744.735 1443
744.797 1427
744.858 1413
744.920 1415
744.981 1417
745.042 1435
745.104 1460
745.165 1482
745.227 1506
745.288 1518
745.349 1532
745.411 1543
745.472 1556
745.534 1553
745.595 1553
745.656 1538
745.718 1520
745.779 1496
745.841 1470
745.902 1455
745.964 1441
746.025 1433
746.086 1436
746.148 1443
746.209 1456
746.271 1461
746.332 1458
746.394 1453
746.455 1453
746.516 1464
746.578 1489
746.639 1507
746.701 1524
746.762 1510
746.824 1490
746.885 1476
746.947 1465
747.008 1454
747.070 1449
747.131 1433
747.193 1420
747.254 1435
747.316 1444
747.377 1455
747.439 1468
747.500 1466
747.562 1459
747.623 1452
747.685 1444
747.746 1447
747.808 1458
747.869 1454
747.931 1453
747.992 1425
748.054 1402
748.115 1396
748.177 1385
748.238 1415
748.300 1439
748.361 1462
748.423 1480
748.484 1484
748.546 1485
748.607 1483
748.669 1484
748.731 1471
748.792 1455
748.854 1447
748.915 1443
748.977 1440
749.038 1436
749.100 1435
749.161 1429
749.223 1414
749.285 1403
749.346 1399
749.408 1385
749.469 1403
749.531 1422
749.592 1438
749.654 1452
749.716 1462
749.777 1473
749.839 1479
749.900 1476
749.962 1474
750.024 1464
750.085 1464
750.147 1468
750.208 1473
750.270 1482
750.332 1491
750.393 1501
750.455 1504
750.516 1511
750.578 1516
750.640 1511
750.701 1516
750.763 1523
750.825 1527
750.886 1534
750.948 1514
751.010 1486
751.071 1464
751.133 1445
751.194 1456
751.256 1467
751.318 1483
751.379 1500
751.441 1508
751.503 1515
751.564 1517
751.626 1506
751.688 1506
751.749 1504
751.811 1493
751.873 1487
751.934 1453
751.996 1431
752.058 1406
752.119 1383
752.181 1372
752.243 1356
752.305 1358
752.366 1356
752.428 1369
752.490 1389
752.551 1391
752.613 1393
752.675 1400
752.736 1397
752.798 1404
752.860 1413
752.922 1410
752.983 1402
753.045 1404
753.107 1408
753.169 1418
753.230 1435
753.292 1452
753.354 1467
753.415 1469
753.477 1480
753.539 1473
753.601 1466
753.662 1451
753.724 1432
753.786 1426
753.848 1402
753.910 1403
753.971 1400
754.033 1400
754.095 1403
754.157 1405
754.218 1400
754.280 1407
754.342 1410
754.404 1405
754.465 1405
754.527 1391
754.589 1369
754.651 1370
754.713 1369
754.774 1377
754.836 1397
754.898 1396
754.960 1397
755.022 1406
755.083 1401
755.145 1407
755.207 1420
755.269 1416
755.331 1434
755.393 1437
755.454 1440
755.516 1436
755.578 1424
755.640 1416
755.702 1409
755.764 1404
755.825 1398
755.887 1400
755.949 1405
756.011 1415
756.073 1424
756.135 1437
756.196 1449
756.258 1450
756.320 1465
756.382 1483
756.444 1508
756.506 1531
756.568 1553
756.630 1543
756.691 1523
756.753 1505
756.815 1492
756.877 1480
756.939 1460
757.001 1444
757.063 1439
757.125 1423
757.187 1407
757.248 1388
757.310 1362
757.372 1383
757.434 1401
757.496 1409
757.558 1421
757.620 1416
757.682 1419
757.744 1431
757.806 1445
757.868 1431
757.929 1416
757.991 1391
758.053 1375
758.115 1380
758.177 1379
758.239 1389
758.301 1399
758.363 1411
758.425 1430
758.487 1442
758.549 1460
758.611 1451
758.673 1437
758.735 1422
758.797 1402
758.859 1390
758.921 1381
758.983 1369
759.045 1353
759.107 1355
759.169 1347
759.231 1345
759.293 1352
759.354 1369
759.416 1394
759.478 1419
759.540 1441
759.602 1430
759.664 1428
759.726 1410
759.788 1398
759.850 1412
759.912 1412
759.974 1428
760.037 1443
760.099 1455
760.161 1478
760.223 1494
760.285 1520
760.347 1541
760.409 1564
760.471 1579
760.533 1585
760.595 1568
760.657 1544
760.719 1528
760.781 1504
760.843 1495
760.905 1488
760.967 1461
761.029 1439
761.091 1412
761.153 1389
761.215 1382
761.277 1378
761.339 1409
761.401 1436
761.464 1469
761.526 1505
761.588 1509
761.650 1508
761.712 1506
761.774 1507
761.836 1494
761.898 1484
761.960 1478
762.022 1467
762.084 1462
762.147 1454
762.209 1454
762.271 1447
762.333 1448
762.395 1455
762.457 1458
762.519 1459
762.581 1454
762.643 1447
762.706 1439
762.768 1429
762.830 1416
762.892 1404
762.954 1400
763.016 1393
763.078 1400
763.140 1403
763.203 1407
763.265 1415
763.327 1435
763.389 1454
763.451 1474
763.513 1493
763.576 1494
763.638 1501
763.700 1502
763.762 1491
763.824 1481
763.886 1466
763.949 1451
764.011 1433
764.073 1431
764.135 1428
764.197 1431
764.260 1443
764.322 1461
764.384 1479
764.446 1489
764.508 1504
764.570 1497
764.633 1491
764.695 1489
764.757 1485
764.819 1479
764.882 1471
764.944 1459
765.006 1449
765.068 1448
765.130 1441
765.193 1435
765.255 1436
765.317 1434
765.379 1438
765.442 1443
765.504 1443
765.566 1440
765.628 1442
765.691 1437
765.753 1429
765.815 1413
765.877 1399
765.940 1397
766.002 1383
766.064 1375
766.126 1366
766.189 1354
766.251 1356
766.313 1370
766.375 1389
766.438 1405
766.500 1418
766.562 1433
766.625 1447
766.687 1462
766.749 1467
766.811 1464
766.874 1451
766.936 1440
766.998 1430
767.061 1418
767.123 1406
767.185 1396
767.248 1387
767.310 1400
767.372 1419
767.435 1420
767.497 1421
767.559 1415
767.621 1414
767.684 1414
767.746 1423
767.808 1420
767.871 1418
767.933 1438
767.996 1461
768.058 1479
768.120 1504
768.183 1513
768.245 1520
768.307 1514
768.370 1517
768.432 1513
768.494 1507
768.557 1507
768.619 1507
768.681 1494
768.744 1488
768.806 1471
768.869 1454
768.931 1452
768.993 1440
769.056 1459
769.118 1463
769.180 1473
769.243 1482
769.305 1496
769.368 1513
769.430 1528
769.492 1548
769.555 1540
769.617 1524
769.680 1508
769.742 1486
769.805 1460
769.867 1436
769.929 1427
769.992 1417
770.054 1430
770.117 1453
770.179 1465
770.242 1479
770.304 1479
770.366 1478
770.429 1475
770.491 1472
770.554 1446
770.616 1422
770.679 1401
770.741 1375
770.804 1368
770.866 1357
770.928 1344
770.991 1327
771.053 1329
771.116 1324
771.178 1325
771.241 1338
771.303 1356
771.366 1381
771.428 1412
771.491 1452
771.553 1461
771.616 1473
771.678 1468
771.741 1461
771.803 1467
771.866 1464
771.928 1463
771.991 1462
772.053 1446
772.116 1437
772.178 1426
772.241 1410
772.303 1405
772.366 1402
772.428 1410
772.491 1418
772.553 1433
772.616 1445
772.678 1445
772.741 1450
772.804 1447
772.866 1445
772.929 1442
772.991 1439
773.054 1433
773.116 1425
773.179 1436
773.241 1436
773.304 1449
773.367 1461
773.429 1457
773.492 1451
773.554 1452
773.617 1444
773.679 1436
773.742 1428
773.805 1423
773.867 1417
773.930 1421
773.992 1427
774.055 1431
774.117 1430
774.180 1412
774.243 1400
774.305 1388
774.368 1385
774.430 1387
774.493 1390
774.556 1393
774.618 1402
774.681 1408
774.744 1412
774.806 1413
774.869 1418
774.931 1421
774.994 1431
775.057 1423
775.119 1409
775.182 1390
775.245 1368
775.307 1378
775.370 1384
775.433 1392
775.495 1403
775.558 1412
775.620 1424
775.683 1438
775.746 1452
775.808 1440
775.871 1429
775.934 1420
775.996 1407
776.059 1384
776.122 1364
776.184 1345
776.247 1322
776.310 1342
776.373 1358
776.435 1370
776.498 1383
776.561 1402
776.623 1410
776.686 1418
776.749 1425
776.811 1413
776.874 1398
776.937 1389
777.000 1379
777.062 1379
777.125 1381
777.188 1395
777.250 1408
777.313 1429
777.376 1449
777.439 1458
777.501 1464
777.564 1433
777.627 1409
777.690 1377
777.752 1349
777.815 1340
777.878 1332
777.941 1329
778.003 1334
778.066 1347
778.129 1356
778.192 1363
778.254 1359
778.317 1345
778.380 1342
778.443 1332
778.505 1322
778.568 1335
778.631 1347
778.694 1373
778.757 1397
778.819 1403
778.882 1408
778.945 1410
779.008 1429
779.070 1432
779.133 1435
779.196 1428
779.259 1418
779.322 1409
779.384 1408
779.447 1406
779.510 1391
779.573 1399
779.636 1404
779.699 1425
779.761 1445
779.824 1464
779.887 1475
779.950 1484
780.013 1486
780.076 1482
780.138 1476
780.201 1468
780.264 1469
780.327 1430
780.390 1398
780.453 1367
780.515 1337
780.578 1333
780.641 1329
780.704 1323
780.767 1307
780.830 1336
780.893 1364
780.956 1388
781.018 1418
781.081 1430
781.144 1432
781.207 1440
781.270 1444
781.333 1437
781.396 1439
781.459 1429
781.521 1425
781.584 1411
781.647 1396
781.710 1392
781.773 1389
781.836 1389
781.899 1392
781.962 1388
782.025 1380
782.088 1369
782.151 1347
782.214 1342
782.276 1331
782.339 1365
782.402 1401
782.465 1428
782.528 1451
782.591 1445
782.654 1440
782.717 1425
782.780 1418
782.843 1409
782.906 1400
782.969 1401
783.032 1392
783.095 1380
783.158 1377
783.221 1363
783.284 1368
783.347 1395
783.410 1421
783.473 1434
783.536 1443
783.598 1455
783.661 1468
783.724 1478
783.787 1493
783.850 1484
783.913 1466
783.976 1446
784.039 1429
784.102 1403
784.165 1374
784.228 1368
784.291 1353
784.354 1357
784.417 1378
784.480 1382
784.544 1386
784.607 1386
784.670 1386
784.733 1382
784.796 1380
784.859 1384
784.922 1393
784.985 1406
785.048 1421
785.111 1416
785.174 1408
785.237 1407
785.300 1406
785.363 1375
785.426 1350
785.489 1327
785.552 1297
785.615 1301
785.678 1306
785.741 1308
785.804 1310
785.867 1331
785.931 1353
785.994 1369
786.057 1394
786.120 1382
786.183 1369
786.246 1367
786.309 1371
786.372 1401
786.435 1418
786.498 1434
786.561 1453
786.625 1450
786.688 1453
786.751 1452
786.814 1447
786.877 1417
786.940 1391
787.003 1367
787.066 1344
787.129 1346
787.193 1346
787.256 1336
787.319 1335
787.382 1336
787.445 1338
787.508 1347
787.571 1348
787.635 1355
787.698 1353
787.761 1347
787.824 1335
787.887 1346
787.950 1359
788.013 1379
788.077 1408
788.140 1400
788.203 1391
788.266 1399
788.329 1400
788.392 1422
788.456 1445
788.519 1457
788.582 1473
788.645 1485
788.708 1493
788.772 1486
788.835 1472
788.898 1454
788.961 1440
789.024 1428
789.088 1416
789.151 1388
789.214 1363
789.277 1355
789.340 1339
789.404 1350
789.467 1362
789.530 1365
789.593 1373
789.657 1378
789.720 1378
789.783 1377
789.846 1383
789.909 1393
789.973 1405
790.036 1421
790.099 1440
790.162 1439
790.226 1434
790.289 1438
790.352 1452
790.415 1452
790.479 1464
790.542 1464
790.605 1450
790.669 1430
790.732 1406
790.795 1371
790.858 1322
790.922 1317
790.985 1318
791.048 1333
791.111 1357
791.175 1345
791.238 1330
791.301 1332
791.365 1342
791.428 1360
791.491 1377
791.555 1390
791.618 1398
791.681 1396
791.744 1399
791.808 1388
791.871 1384
791.934 1381
791.998 1370
792.061 1371
792.124 1384
792.188 1392
792.251 1399
792.314 1403
792.378 1409
792.441 1411
792.504 1418
792.568 1423
792.631 1419
792.694 1420
792.758 1416
792.821 1418
792.884 1413
792.948 1389
793.011 1374
793.075 1363
793.138 1353
793.201 1361
793.265 1356
793.328 1361
793.391 1362
793.455 1367
793.518 1367
793.582 1359
793.645 1351
793.708 1354
793.772 1364
793.835 1361
793.899 1356
793.962 1342
794.025 1333
794.089 1333
794.152 1336
794.216 1323
794.279 1315
794.342 1307
794.406 1307
794.469 1316
794.533 1323
794.596 1323
794.660 1328
794.723 1324
794.786 1324
794.850 1324
794.913 1321
794.977 1305
795.040 1291
795.104 1276
795.167 1265
795.231 1274
795.294 1277
795.357 1284
795.421 1292
795.484 1294
795.548 1300
795.611 1310
795.675 1316
795.738 1332
795.802 1343
795.865 1345
795.929 1350
795.992 1343
796.056 1334
796.119 1336
796.183 1338
796.246 1348
796.310 1358
796.373 1376
796.437 1406
796.500 1420
796.564 1440
796.627 1436
796.691 1436
796.754 1405
796.818 1366
796.881 1342
796.945 1315
797.008 1313
797.072 1320
797.135 1323
797.199 1329
797.262 1350
797.326 1367
797.389 1381
797.453 1407
797.516 1407
797.580 1408
797.644 1404
797.707 1405
797.771 1409
797.834 1408
797.898 1410
797.961 1411
798.025 1412
798.088 1409
798.152 1406
798.216 1414
798.279 1415
798.343 1423
798.406 1423
798.470 1415
798.534 1397
798.597 1379
798.661 1360
798.724 1342
798.788 1349
798.852 1353
798.915 1376
798.979 1380
799.042 1377
799.106 1377
799.170 1358
799.233 1349
799.297 1336
799.360 1317
799.424 1323
799.488 1332
799.551 1341
799.615 1351
799.679 1342
799.742 1333
799.806 1321
799.869 1307
799.933 1300
799.997 1299
800.060 1288
800.124 1276
800.188 1263
800.251 1260
800.315 1278
800.379 1295
800.442 1309
800.506 1338
800.570 1337
800.633 1341
800.697 1346
800.761 1350
800.824 1357
800.888 1362
800.952 1357
801.015 1336
801.079 1334
801.143 1329
801.206 1342
801.270 1355
801.334 1360
801.398 1374
801.461 1382
801.525 1394
801.589 1396
801.652 1397
801.716 1395
801.780 1392
801.844 1384
801.907 1369
801.971 1364
802.035 1353
802.098 1351
802.162 1359
802.226 1361
802.290 1368
802.353 1363
802.417 1357
802.481 1347
802.545 1332
802.608 1336
802.672 1335
802.736 1334
802.800 1340
802.863 1338
802.927 1346
802.991 1349
803.055 1351
803.118 1332
803.182 1320
803.246 1312
803.310 1298
803.374 1316
803.437 1333
803.501 1351
803.565 1366
803.629 1361
803.692 1350
803.756 1335
803.820 1312
803.884 1294
803.948 1279
804.011 1270
804.075 1260
804.139 1256
804.203 1263
804.267 1267
804.331 1282
804.394 1297
804.458 1310
804.522 1318
804.586 1321
804.650 1314
804.714 1307
804.777 1311
804.841 1312
804.905 1307
804.969 1299
805.033 1293
805.097 1282
805.160 1275
805.224 1277
805.288 1276
805.352 1267
805.416 1294
805.480 1319
805.544 1341
805.607 1372
805.671 1359
805.735 1345
805.799 1326
805.863 1299
805.927 1282
805.991 1263
806.055 1254
806.119 1245
806.182 1269
806.246 1295
806.310 1328
806.374 1362
806.438 1364
806.502 1366
806.566 1369
806.630 1372
806.694 1378
806.758 1390
806.821 1383
806.885 1375
806.949 1359
807.013 1340
807.077 1320
807.141 1294
807.205 1292
807.269 1294
807.333 1302
807.397 1312
807.461 1322
807.525 1333
807.589 1340
807.653 1349
807.717 1347
807.781 1341
807.845 1331
807.908 1317
807.972 1309
808.036 1299
808.100 1294
808.164 1307
808.228 1329
808.292 1348
808.356 1369
808.420 1389
808.484 1399
808.548 1412
808.612 1422
808.676 1429
808.740 1423
808.804 1425
808.868 1410
808.932 1396
808.996 1375
809.060 1347
809.124 1329
809.188 1304
809.252 1303
809.316 1303
809.380 1304
809.444 1307
809.508 1314
809.572 1324
809.636 1333
809.700 1346
809.765 1359
809.829 1368
809.893 1378
809.957 1383
810.021 1365
810.085 1351
810.149 1338
810.213 1316
810.277 1319
810.341 1321
810.405 1325
810.469 1346
810.533 1346
810.597 1342
810.661 1337
810.725 1322
810.789 1320
810.854 1311
810.918 1314
810.982 1310
811.046 1296
811.110 1292
811.174 1285
811.238 1288
811.302 1303
811.366 1320
811.430 1326
811.494 1339
811.559 1341
811.623 1324
811.687 1322
811.751 1317
811.815 1320
811.879 1327
811.943 1325
812.007 1326
812.072 1319
812.136 1325
812.200 1328
812.264 1339
812.328 1340
812.392 1357
812.456 1362
812.521 1361
812.585 1373
812.649 1378
812.713 1383
812.777 1394
812.841 1376
812.905 1362
812.970 1354
813.034 1339
813.098 1346
813.162 1352
813.226 1353
813.290 1357
813.355 1360
813.419 1374
813.483 1382
813.547 1387
813.611 1380
813.676 1379
813.740 1374
813.804 1364
813.868 1348
813.932 1328
813.997 1316
814.061 1311
814.125 1311
814.189 1306
814.253 1306
814.318 1310
814.382 1313
814.446 1321
814.510 1326
814.575 1332
814.639 1326
814.703 1323
814.767 1327
814.832 1324
814.896 1314
814.960 1308
815.024 1306
815.088 1314
815.153 1343
815.217 1375
815.281 1392
815.346 1416
815.410 1409
815.474 1395
815.538 1382
815.603 1372
815.667 1369
815.731 1362
815.795 1360
815.860 1349
815.924 1353
815.988 1355
816.053 1363
816.117 1373
816.181 1381
816.245 1388
816.310 1403
816.374 1428
816.438 1453
816.503 1478
816.567 1485
816.631 1480
816.696 1474
816.760 1464
816.824 1457
816.889 1459
816.953 1466
817.017 1471
817.081 1483
817.146 1505
817.210 1500
817.274 1491
817.339 1470
817.403 1448
817.468 1441
817.532 1437
817.596 1446
817.661 1455
817.725 1451
817.789 1453
817.854 1436
817.918 1415
817.982 1393
818.047 1364
818.111 1351
818.175 1345
818.240 1345
818.304 1353
818.369 1367
818.433 1382
818.497 1400
818.562 1414
818.626 1419
818.691 1418
818.755 1411
818.819 1401
818.884 1384
818.948 1366
819.013 1348
819.077 1329
819.141 1307
819.206 1285
819.270 1284
819.335 1288
819.399 1301
819.463 1307
819.528 1310
819.592 1314
819.657 1312
819.721 1304
819.786 1312
819.850 1307
819.915 1300
819.979 1319
820.043 1315
820.108 1320
820.172 1329
820.237 1335
820.301 1335
820.366 1335
820.430 1334
820.495 1333
820.559 1356
820.624 1379
820.688 1397
820.752 1412
820.817 1411
820.881 1408
820.946 1401
821.010 1393
821.075 1378
821.139 1371
821.204 1363
821.268 1347
821.333 1360
821.397 1367
821.462 1375
821.526 1379
821.591 1378
821.655 1380
821.720 1370
821.784 1372
821.849 1362
821.913 1354
821.978 1352
822.043 1346
822.107 1335
822.172 1325
822.236 1321
822.301 1324
822.365 1344
822.430 1365
822.494 1389
822.559 1414
822.623 1429
822.688 1442
822.752 1450
822.817 1453
822.882 1422
822.946 1384
823.011 1351
823.075 1321
823.140 1308
823.204 1291
823.269 1277
823.334 1260
823.398 1280
823.463 1301
823.527 1326
823.592 1353
823.657 1372
823.721 1388
823.786 1391
823.850 1393
823.915 1361
823.980 1334
824.044 1310
824.109 1280
824.173 1268
824.238 1254
824.303 1256
824.367 1264
824.432 1279
824.496 1301
824.561 1304
824.626 1312
824.690 1307
824.755 1295
824.820 1299
824.884 1303
824.949 1307
825.014 1310
825.078 1309
825.143 1312
825.207 1336
825.272 1363
825.337 1386
825.401 1424
825.466 1436
825.531 1450
825.595 1449
825.660 1437
825.725 1404
825.789 1365
825.854 1334
825.919 1300
825.984 1302
826.048 1300
826.113 1306
826.178 1310
826.242 1299
826.307 1304
826.372 1302
826.436 1310
826.501 1329
826.566 1346
826.630 1356
826.695 1360
826.760 1352
826.825 1358
826.889 1375
826.954 1397
827.019 1401
827.084 1400
827.148 1384
827.213 1366
827.278 1356
827.342 1342
827.407 1330
827.472 1322
827.537 1325
827.601 1339
827.666 1352
827.731 1360
827.796 1356
827.860 1346
827.925 1346
827.990 1343
828.055 1315
828.119 1289
828.184 1265
828.249 1243
828.314 1236
828.379 1237
828.443 1234
828.508 1229
828.573 1252
828.638 1271
828.703 1286
828.767 1296
828.832 1291
828.897 1289
828.962 1290
829.026 1288
829.091 1295
829.156 1290
829.221 1289
829.286 1287
829.351 1293
829.415 1310
829.480 1328
829.545 1344
829.610 1347
829.675 1350
829.740 1344
829.804 1326
829.869 1319
829.934 1311
829.999 1308
830.064 1310
830.129 1300
830.193 1289
830.258 1286
830.323 1286
830.388 1298
830.453 1312
830.518 1319
830.583 1321
830.647 1335
830.712 1352
830.777 1353
830.842 1357
830.907 1352
830.972 1341
831.037 1337
831.102 1336
831.166 1330
831.231 1324
831.296 1323
831.361 1325
831.426 1342
831.491 1352
831.556 1363
831.621 1374
831.686 1366
831.751 1359
831.815 1350
831.880 1344
831.945 1360
832.010 1370
832.075 1384
832.140 1399
832.205 1383
832.270 1376
832.335 1367
832.400 1356
832.465 1369
832.530 1381
832.595 1382
832.660 1386
832.725 1389
832.789 1388
832.854 1396
832.919 1390
832.984 1383
833.049 1381
833.114 1366
833.179 1356
833.244 1351
833.309 1346
833.374 1352
833.439 1364
833.504 1359
833.569 1350
833.634 1340
833.699 1336
833.764 1332
833.829 1330
833.894 1333
833.959 1342
834.024 1338
834.089 1340
834.154 1338
834.219 1328
834.284 1319
834.349 1311
834.414 1306
834.479 1301
834.544 1303
834.609 1310
834.674 1312
834.739 1308
834.804 1322
834.869 1332
834.934 1338
834.999 1355
835.064 1363
835.129 1367
835.195 1380
835.260 1394
835.325 1383
835.390 1375
835.455 1366
835.520 1346
835.585 1323
835.650 1312
835.715 1293
835.780 1265
835.845 1276
835.910 1282
835.975 1290
836.040 1302
836.105 1271
836.171 1247
836.236 1216
836.301 1191
836.366 1185
836.431 1180
836.496 1184
836.561 1180
836.626 1194
836.691 1210
836.756 1220
836.822 1232
836.887 1231
836.952 1231
837.017 1233
837.082 1232
837.147 1228
837.212 1226
837.277 1229
837.343 1241
837.408 1269
837.473 1296
837.538 1314
837.603 1326
837.668 1329
837.733 1330
837.799 1327
837.864 1326
837.929 1314
837.994 1298
838.059 1289
838.124 1276
838.189 1268
838.255 1259
838.320 1257
838.385 1259
838.450 1262
838.515 1267
838.581 1269
838.646 1272
838.711 1270
838.776 1267
838.841 1255
838.906 1251
838.972 1253
839.037 1258
839.102 1266
839.167 1273
839.232 1271
839.298 1268
839.363 1271
839.428 1277
839.493 1287
839.559 1297
839.624 1302
839.689 1308
839.754 1319
839.819 1332
839.885 1339
839.950 1343
840.015 1350
840.080 1351
840.146 1362
840.211 1374
840.276 1386
840.341 1404
840.407 1418
840.472 1439
840.537 1447
840.602 1456
840.668 1479
840.733 1499
840.798 1493
840.863 1489
840.929 1470
840.994 1437
841.059 1435
841.125 1423
841.190 1423
841.255 1432
841.320 1444
841.386 1452
841.451 1453
841.516 1455
841.582 1457
841.647 1455
841.712 1440
841.778 1418
841.843 1414
841.908 1414
841.973 1428
842.039 1448
842.104 1434
842.169 1425
842.235 1426
842.300 1425
842.365 1441
842.431 1452
842.496 1440
842.561 1431
842.627 1437
842.692 1432
842.757 1432
842.823 1433
842.888 1417
842.954 1408
843.019 1411
843.084 1406
843.150 1400
843.215 1392
843.280 1398
843.346 1401
843.411 1414
843.476 1440
843.542 1428
843.607 1414
843.673 1390
843.738 1355
843.803 1326
843.869 1293
843.934 1259
843.999 1229
844.065 1220
844.130 1208
844.196 1228
844.261 1254
844.327 1272
844.392 1290
844.457 1303
844.523 1319
844.588 1327
844.654 1349
844.719 1353
844.784 1357
844.850 1355
844.915 1348
844.981 1320
845.046 1291
845.112 1279
845.177 1265
845.242 1263
845.308 1266
845.373 1256
845.439 1246
845.504 1251
845.570 1258
845.635 1251
845.701 1240
845.766 1243
845.832 1237
845.897 1246
845.963 1264
846.028 1261
846.093 1261
846.159 1257
846.224 1262
846.290 1255
846.355 1248
846.421 1247
846.486 1248
846.552 1255
846.617 1265
846.683 1269
846.748 1262
846.814 1270
846.879 1275
846.945 1278
847.010 1298
847.076 1284
847.141 1271
847.207 1265
847.272 1246
847.338 1269
847.404 1296
847.469 1320
847.535 1343
847.600 1344
847.666 1340
847.731 1344
847.797 1340
847.862 1322
847.928 1293
847.993 1260
848.059 1238
848.124 1220
848.190 1205
848.256 1196
848.321 1181
848.387 1204
848.452 1233
848.518 1257
848.583 1297
848.649 1326
848.715 1358
848.780 1381
848.846 1411
848.911 1410
848.977 1410
849.043 1408
849.108 1395
849.174 1372
849.239 1345
849.305 1325
849.371 1314
849.436 1321
849.502 1335
849.567 1347
849.633 1356
849.699 1357
849.764 1350
849.830 1350
849.895 1336
849.961 1331
850.027 1327
850.092 1328
850.158 1323
850.224 1307
850.289 1293
850.355 1266
850.421 1251
850.486 1259
850.552 1267
850.618 1280
850.683 1291
850.749 1306
850.814 1316
850.880 1332
850.946 1344
851.011 1332
851.077 1322
851.143 1306
851.208 1293
851.274 1289
851.340 1285
851.406 1281
851.471 1273
851.537 1275
851.603 1275
851.668 1279
851.734 1280
851.800 1277
851.865 1270
851.931 1265
851.997 1259
852.063 1248
852.128 1244
852.194 1234
852.260 1225
852.325 1241
852.391 1252
852.457 1269
852.523 1295
852.588 1289
852.654 1285
852.720 1283
852.785 1272
852.851 1276
852.917 1289
852.983 1301
853.048 1322
853.114 1316
853.180 1313
853.246 1307
853.311 1301
853.377 1308
853.443 1315
853.509 1313
853.575 1307
853.640 1309
853.706 1305
853.772 1307
853.838 1315
853.903 1314
853.969 1312
854.035 1324
854.101 1333
854.167 1315
854.232 1302
854.298 1277
854.364 1261
854.430 1265
854.496 1275
854.561 1274
854.627 1269
854.693 1278
854.759 1276
854.825 1273
854.890 1273
854.956 1254
855.022 1234
855.088 1228
855.154 1223
855.220 1234
855.285 1250
855.351 1262
855.417 1279
855.483 1286
855.549 1299
855.615 1302
855.680 1318
855.746 1334
855.812 1337
855.878 1342
855.944 1356
856.010 1363
856.076 1364
856.142 1364
856.207 1369
856.273 1341
856.339 1322
856.405 1306
856.471 1290
856.537 1313
856.603 1333
856.669 1351
856.734 1357
856.800 1352
856.866 1349
856.932 1343
856.998 1346
857.064 1332
857.130 1319
857.196 1308
857.262 1297
857.328 1316
857.394 1328
857.459 1327
857.525 1344
857.591 1341
857.657 1345
857.723 1351
857.789 1337
857.855 1322
857.921 1312
857.987 1306
858.053 1298
858.119 1313
858.185 1326
858.251 1341
858.317 1370
858.383 1378
858.449 1387
858.515 1398
858.580 1413
858.646 1403
858.712 1399
858.778 1379
858.844 1359
858.910 1361
858.976 1360
859.042 1367
859.108 1372
859.174 1350
859.240 1332
859.306 1320
859.372 1298
859.438 1297
859.504 1298
859.570 1289
859.636 1271
859.702 1293
859.768 1304
859.834 1310
859.900 1325
859.966 1310
860.032 1294
860.098 1284
860.164 1268
860.230 1260
860.296 1251
860.362 1253
860.429 1255
860.495 1288
860.561 1318
860.627 1339
860.693 1364
860.759 1366
860.825 1370
860.891 1376
860.957 1376
861.023 1372
861.089 1363
861.155 1350
861.221 1330
861.287 1327
861.353 1323
861.419 1320
861.485 1329
861.552 1341
861.618 1350
861.684 1360
861.750 1370
861.816 1382
861.882 1389
861.948 1390
862.014 1398
862.080 1396
862.146 1401
862.212 1407
862.279 1403
862.345 1407
862.411 1408
862.477 1413
862.543 1417
862.609 1395
862.675 1383
862.741 1360
862.807 1334
862.874 1326
862.940 1308
863.006 1296
863.072 1278
863.138 1283
863.204 1284
863.270 1282
863.337 1286
863.403 1290
863.469 1300
863.535 1314
863.601 1332
863.667 1325
863.734 1318
863.800 1311
863.866 1305
863.932 1311
863.998 1310
864.064 1327
864.131 1354
864.197 1369
864.263 1383
864.329 1397
864.395 1399
864.462 1404
864.528 1414
864.594 1417
864.660 1428
864.726 1406
864.793 1388
864.859 1377
864.925 1359
864.991 1370
865.057 1382
865.124 1380
865.190 1389
865.256 1394
865.322 1408
865.388 1412
865.455 1417
865.521 1417
865.587 1412
865.653 1406
865.720 1383
865.786 1349
865.852 1313
865.918 1286
865.985 1266
866.051 1271
866.117 1279
866.183 1281
866.250 1298
866.316 1303
866.382 1309
866.448 1328
866.515 1341
866.581 1350
866.647 1361
866.714 1351
866.780 1351
866.846 1337
866.912 1326
866.979 1324
867.045 1327
867.111 1338
867.178 1342
867.244 1348
867.310 1352
867.377 1352
867.443 1344
867.509 1334
867.575 1325
867.642 1322
867.708 1325
867.774 1333
867.841 1339
867.907 1347
867.973 1360
868.040 1369
868.106 1380
868.172 1374
868.239 1367
868.305 1360
868.371 1343
868.438 1345
868.504 1347
868.570 1339
868.637 1342
868.703 1333
868.770 1318
868.836 1315
868.902 1319
868.969 1303
869.035 1288
869.101 1278
869.168 1261
869.234 1253
869.301 1250
869.367 1260
869.433 1261
869.500 1293
869.566 1323
869.632 1337
869.699 1349
869.765 1345
869.832 1347
869.898 1340
869.964 1331
870.031 1328
870.097 1324
870.164 1332
870.230 1344
870.297 1360
870.363 1359
870.429 1354
870.496 1350
870.562 1331
870.629 1328
870.695 1324
870.762 1311
870.828 1301
870.894 1300
870.961 1301
871.027 1299
871.094 1296
871.160 1285
871.227 1281
871.293 1282
871.360 1290
871.426 1296
871.492 1299
871.559 1313
871.625 1309
871.692 1303
871.758 1300
871.825 1289
871.891 1289
871.958 1287
872.024 1291
872.091 1294
872.157 1290
872.224 1279
872.290 1269
872.357 1273
872.423 1278
872.490 1289
872.556 1299
872.623 1301
872.689 1293
872.756 1288
872.822 1277
872.889 1266
872.955 1248
873.022 1239
873.088 1223
873.155 1207
873.221 1223
873.288 1236
873.355 1254
873.421 1277
873.488 1295
873.554 1314
873.621 1338
873.687 1364
873.754 1357
873.820 1348
873.887 1337
873.953 1322
874.020 1307
874.087 1295
874.153 1278
874.220 1277
874.286 1282
874.353 1292
874.419 1305
874.486 1304
874.553 1296
874.619 1287
874.686 1272
874.752 1259
874.819 1239
874.886 1222
874.952 1208
875.019 1196
875.085 1221
875.152 1239
875.219 1260
875.285 1274
875.352 1278
875.418 1282
875.485 1279
875.552 1277
875.618 1273
875.685 1269
875.752 1278
875.818 1288
875.885 1297
875.951 1306
876.018 1312
876.085 1325
876.151 1312
876.218 1296
876.285 1272
876.351 1249
876.418 1238
876.485 1233
876.551 1233
876.618 1225
876.685 1232
876.751 1234
876.818 1225
876.885 1218
876.951 1222
877.018 1229
877.085 1235
877.151 1256
877.218 1268
877.285 1276
877.351 1295
877.418 1311
877.485 1321
877.551 1334
877.618 1348
877.685 1357
877.752 1344
877.818 1333
877.885 1304
877.952 1287
878.018 1276
878.085 1260
878.152 1252
878.219 1249
878.285 1253
878.352 1252
878.419 1266
878.486 1283
878.552 1284
878.619 1284
878.686 1259
878.753 1225
878.819 1217
878.886 1215
878.953 1216
879.020 1212
879.086 1212
879.153 1208
879.220 1205
879.287 1200
879.353 1190
879.420 1177
879.487 1182
879.554 1181
879.620 1195
879.687 1207
879.754 1206
879.821 1207
879.888 1209
879.954 1218
880.021 1224
880.088 1226
880.155 1234
880.222 1236
880.288 1246
880.355 1261
880.422 1256
880.489 1257
880.556 1254
880.622 1257
880.689 1256
880.756 1263
880.823 1269
880.890 1266
880.957 1255
881.023 1248
881.090 1230
881.157 1217
881.224 1219
881.291 1220
881.358 1235
881.424 1251
881.491 1254
881.558 1261
881.625 1248
881.692 1234
881.759 1241
881.826 1247
881.892 1250
881.959 1253
882.026 1250
882.093 1236
882.160 1238
882.227 1246
882.294 1248
882.361 1253
882.427 1261
882.494 1261
882.561 1276
882.628 1293
882.695 1294
882.762 1301
882.829 1288
882.896 1266
882.963 1261
883.029 1247
883.096 1232
883.163 1224
883.230 1217
883.297 1204
883.364 1216
883.431 1227
883.498 1234
883.565 1242
883.632 1249
883.699 1259
883.766 1265
883.833 1276
883.900 1263
883.966 1247
884.033 1236
884.100 1226
884.167 1219
884.234 1207
884.301 1206
884.368 1205
884.435 1226
884.502 1249
884.569 1250
884.636 1246
884.703 1232
884.770 1214
884.837 1215
884.904 1206
884.971 1198
885.038 1194
885.105 1182
885.172 1173
885.239 1176
885.306 1183
885.373 1194
885.440 1210
885.507 1208
885.574 1207
885.641 1213
885.708 1213
885.775 1223
885.842 1234
885.909 1231
885.976 1224
886.043 1221
886.110 1216
886.177 1221
886.244 1232
886.311 1228
886.378 1222
886.445 1220
886.512 1222
886.579 1233
886.646 1251
886.713 1262
886.780 1259
886.848 1249
886.915 1239
886.982 1230
887.049 1238
887.116 1238
887.183 1237
887.250 1236
887.317 1232
887.384 1255
887.451 1288
887.518 1316
887.585 1342
887.652 1340
887.719 1339
887.787 1326
887.854 1312
887.921 1314
887.988 1304
888.055 1312
888.122 1327
888.189 1339
888.256 1358
888.323 1375
888.391 1394
888.458 1380
888.525 1366
888.592 1354
888.659 1343
888.726 1334
888.793 1322
888.860 1314
888.928 1307
888.995 1315
889.062 1332
889.129 1338
889.196 1352
889.263 1374
889.330 1398
889.398 1412
889.465 1421
889.532 1415
889.599 1408
889.666 1395
889.733 1374
889.801 1338
889.868 1300
889.935 1258
890.002 1208
890.069 1184
890.136 1161
890.204 1158
890.271 1168
890.338 1189
890.405 1218
890.472 1236
890.540 1253
890.607 1267
890.674 1284
890.741 1294
890.808 1304
890.876 1300
890.943 1293
891.010 1284
891.077 1272
891.144 1259
891.212 1254
891.279 1258
891.346 1253
891.413 1271
891.481 1286
891.548 1296
891.615 1299
891.682 1298
891.750 1289
891.817 1282
891.884 1277
891.951 1246
892.019 1217
892.086 1193
892.153 1176
892.220 1171
892.288 1173
892.355 1187
892.422 1204
892.489 1237
892.557 1263
892.624 1280
892.691 1294
892.758 1286
892.826 1278
892.893 1263
892.960 1246
893.028 1247
893.095 1248
893.162 1249
893.230 1251
893.297 1257
893.364 1259
893.431 1262
893.499 1270
893.566 1274
893.633 1282
893.701 1307
893.768 1336
893.835 1348
893.903 1354
893.970 1346
894.037 1339
894.105 1320
894.172 1303
894.239 1294
894.307 1270
894.374 1274
894.441 1286
894.509 1279
894.576 1280
894.643 1284
894.711 1284
894.778 1288
894.845 1296
894.913 1293
894.980 1293
895.048 1290
895.115 1296
895.182 1278
895.250 1262
895.317 1241
895.384 1222
895.452 1234
895.519 1242
895.587 1254
895.654 1267
895.721 1261
895.789 1254
895.856 1248
895.924 1232
895.991 1222
896.058 1212
896.126 1216
896.193 1218
896.261 1212
896.328 1201
896.395 1204
896.463 1210
896.530 1230
896.598 1268
896.665 1277
896.733 1282
896.800 1256
896.867 1219
896.935 1192
897.002 1164
897.070 1171
897.137 1181
897.205 1185
897.272 1188
897.340 1217
897.407 1248
897.475 1283
897.542 1313
897.609 1297
897.677 1286
897.744 1272
897.812 1257
897.879 1243
897.947 1228
898.014 1217
898.082 1201
898.149 1188
898.217 1173
898.284 1163
898.352 1147
898.419 1156
898.487 1174
898.554 1178
898.622 1189
898.689 1191
898.757 1192
898.824 1201
898.892 1222
898.959 1224
899.027 1225
899.094 1218
899.162 1216
899.229 1219
899.297 1220
899.365 1229
899.432 1238
899.500 1244
899.567 1254
899.635 1255
899.702 1250
899.770 1242
899.837 1240
899.905 1234
899.972 1226
900.040 1227
900.108 1216
900.175 1211
900.243 1213
900.310 1214
900.378 1221
900.445 1247
900.513 1268
900.581 1288
900.648 1306
900.716 1297
900.783 1280
900.851 1262
900.918 1246
900.986 1236
901.054 1230
901.121 1204
901.189 1188
901.256 1178
901.324 1164
901.392 1169
901.459 1171
901.527 1162
901.595 1147
901.662 1154
901.730 1163
901.797 1178
901.865 1195
901.933 1189
902.000 1185
902.068 1180
902.136 1169
902.203 1170
902.271 1174
902.339 1175
902.406 1179
902.474 1192
902.541 1204
902.609 1227
902.677 1247
902.744 1233
902.812 1227
902.880 1216
902.947 1199
903.015 1198
903.083 1201
903.150 1204
903.218 1211
903.286 1221
903.354 1231
903.421 1243
903.489 1256
903.557 1276
903.624 1302
903.692 1305
903.760 1312
903.827 1293
903.895 1265
903.963 1246
904.031 1231
904.098 1214
904.166 1194
904.234 1196
904.301 1188
904.369 1206
904.437 1230
904.505 1243
904.572 1259
904.640 1273
904.708 1282
904.775 1274
904.843 1271
904.911 1249
904.979 1223
905.046 1216
905.114 1200
905.182 1219
905.250 1239
905.318 1255
905.385 1275
905.453 1268
905.521 1256
905.589 1250
905.656 1234
905.724 1222
905.792 1214
905.860 1210
905.927 1207
905.995 1200
906.063 1180
906.131 1174
906.199 1164
906.266 1168
906.334 1182
906.402 1183
906.470 1198
906.538 1207
906.605 1211
906.673 1222
906.741 1221
906.809 1218
906.877 1218
906.944 1224
907.012 1234
907.080 1245
907.148 1254
907.216 1257
907.284 1270
907.351 1269
907.419 1268
907.487 1263
907.555 1257
907.623 1251
907.691 1242
907.759 1239
907.826 1223
907.894 1208
907.962 1197
908.030 1185
908.098 1188
908.166 1170
908.234 1157
908.301 1148
908.369 1147
908.437 1176
908.505 1201
908.573 1218
908.641 1231
908.709 1241
908.777 1249
908.845 1253
908.912 1260
908.980 1236
909.048 1214
909.116 1206
909.184 1196
909.252 1188
909.320 1182
909.388 1162
909.456 1144
909.524 1130
909.592 1117
909.659 1106
909.727 1091
909.795 1091
909.863 1090
909.931 1107
909.999 1128
910.067 1139
910.135 1149
910.203 1151
910.271 1142
910.339 1134
910.407 1129
910.475 1140
910.543 1145
910.611 1166
910.679 1195
910.747 1195
910.815 1209
910.883 1198
910.950 1188
911.018 1184
911.086 1182
911.154 1188
911.222 1200
911.290 1206
911.358 1205
911.426 1212
911.494 1222
911.562 1219
911.630 1211
911.698 1211
911.766 1206
911.834 1211
911.902 1225
911.970 1219
912.038 1207
912.106 1210
912.174 1209
912.242 1227
912.310 1245
912.379 1252
912.447 1259
912.515 1272
912.583 1292
912.651 1298
912.719 1303
912.787 1303
912.855 1292
912.923 1298
912.991 1310
913.059 1282
913.127 1269
913.195 1262
913.263 1242
913.331 1264
913.399 1275
913.467 1279
913.535 1284
913.603 1282
913.672 1286
913.740 1291
913.808 1299
913.876 1284
913.944 1262
914.012 1248
914.080 1229
914.148 1230
914.216 1230
914.284 1234
914.352 1233
914.421 1242
914.489 1258
914.557 1259
914.625 1268
914.693 1280
914.761 1291
914.829 1314
914.897 1334
914.965 1316
915.034 1289
915.102 1260
915.170 1240
915.238 1249
915.306 1257
915.374 1275
915.442 1298
915.511 1307
915.579 1314
915.647 1303
915.715 1293
915.783 1266
915.851 1233
915.919 1212
915.988 1192
916.056 1213
916.124 1235
916.192 1257
916.260 1277
916.328 1265
916.397 1256
916.465 1249
916.533 1239
916.601 1250
916.669 1256
916.738 1259
916.806 1257
916.874 1234
916.942 1214
917.010 1194
917.079 1170
917.147 1160
917.215 1149
917.283 1151
917.351 1153
917.420 1158
917.488 1167
917.556 1185
917.624 1202
917.693 1214
917.761 1223
917.829 1213
917.897 1198
917.965 1187
918.034 1166
918.102 1151
918.170 1142
918.238 1144
918.307 1145
918.375 1165
918.443 1185
918.511 1193
918.580 1201
918.648 1201
918.716 1195
918.785 1204
918.853 1207
918.921 1208
918.989 1210
919.058 1187
919.126 1163
919.194 1147
919.262 1139
919.331 1134
919.399 1136
919.467 1144
919.536 1148
919.604 1165
919.672 1177
919.741 1188
919.809 1199
919.877 1196
919.945 1200
920.014 1201
920.082 1197
920.150 1196
920.219 1197
920.287 1199
920.355 1193
920.424 1181
920.492 1168
920.560 1152
920.629 1130
920.697 1139
920.765 1140
920.834 1149
920.902 1161
920.970 1147
921.039 1136
921.107 1124
921.176 1114
921.244 1120
921.312 1122
921.381 1139
921.449 1153
921.517 1172
921.586 1196
921.654 1207
921.722 1224
921.791 1227
921.859 1228
921.928 1213
921.996 1198
922.064 1183
922.133 1165
922.201 1160
922.270 1151
922.338 1169
922.406 1189
922.475 1197
922.543 1213
922.612 1204
922.680 1196
922.748 1194
922.817 1184
922.885 1183
922.954 1177
923.022 1166
923.091 1158
923.159 1159
923.227 1154
923.296 1164
923.364 1182
923.433 1191
923.501 1205
923.570 1205
923.638 1200
923.707 1196
923.775 1191
923.844 1199
923.912 1202
923.980 1187
924.049 1169
924.117 1143
924.186 1116
924.254 1116
924.323 1113
924.391 1119
924.460 1134
924.528 1140
924.597 1153
924.665 1147
924.734 1142
924.802 1133
924.871 1120
924.939 1120
925.008 1110
925.076 1123
925.145 1139
925.213 1162
925.282 1193
925.350 1212
925.419 1234
925.487 1235
925.556 1249
925.624 1233
925.693 1214
925.761 1202
925.830 1188
925.898 1187
925.967 1187
926.036 1191
926.104 1186
926.173 1185
926.241 1173
926.310 1161
926.378 1152
926.447 1154
926.515 1158
926.584 1167
926.653 1177
926.721 1170
926.790 1166
926.858 1168
926.927 1170
926.995 1180
927.064 1184
927.133 1187
927.201 1176
927.270 1180
927.338 1184
927.407 1190
927.475 1184
927.544 1184
927.613 1184
927.681 1183
927.750 1176
927.819 1180
927.887 1178
927.956 1183
928.024 1182
928.093 1181
928.162 1184
928.230 1186
928.299 1199
928.367 1204
928.436 1213
928.505 1210
928.573 1199
928.642 1199
928.711 1209
928.779 1207
928.848 1204
928.917 1172
928.985 1135
929.054 1119
929.123 1097
929.191 1113
929.260 1130
929.329 1146
929.397 1166
929.466 1182
929.535 1195
929.603 1192
929.672 1187
929.741 1189
929.809 1183
929.878 1173
929.947 1167
930.015 1152
930.084 1145
930.153 1152
930.221 1172
930.290 1158
930.359 1136
930.428 1127
930.496 1109
930.565 1123
930.634 1143
930.702 1141
930.771 1133
930.840 1127
930.909 1115
930.977 1105
931.046 1102
931.115 1091
931.183 1090
931.252 1097
931.321 1102
931.390 1112
931.458 1110
931.527 1115
931.596 1123
931.665 1134
931.733 1152
931.802 1168
931.871 1174
931.940 1173
932.008 1162
932.077 1164
932.146 1166
932.215 1162
932.284 1161
932.352 1149
932.421 1138
932.490 1136
932.559 1133
932.627 1139
932.696 1137
932.765 1136
932.834 1133
932.903 1130
932.971 1131
933.040 1131
933.109 1135
933.178 1134
933.247 1136
933.315 1133
933.384 1137
933.453 1134
933.522 1134
933.591 1151
933.660 1163
933.728 1168
933.797 1174
933.866 1179
933.935 1187
934.004 1198
934.073 1203
934.141 1185
934.210 1168
934.279 1159
934.348 1158
934.417 1184
934.486 1208
934.555 1221
934.623 1238
934.692 1221
934.761 1204
934.830 1190
934.899 1170
934.968 1160
935.037 1142
935.106 1139
935.174 1131
935.243 1138
935.312 1146
935.381 1136
935.450 1130
935.519 1149
935.588 1170
935.657 1191
935.726 1213
935.794 1194
935.863 1172
935.932 1161
936.001 1142
936.070 1153
936.139 1166
936.208 1174
936.277 1195
936.346 1209
936.415 1230
936.484 1246
936.553 1269
936.622 1253
936.690 1233
936.759 1217
936.828 1200
936.897 1188
936.966 1182
937.035 1166
937.104 1140
937.173 1142
937.242 1144
937.311 1161
937.380 1189
937.449 1208
937.518 1223
937.587 1222
937.656 1221
937.725 1215
937.794 1210
937.863 1195
937.932 1185
938.001 1171
938.070 1156
938.139 1159
938.208 1158
938.277 1159
938.346 1166
938.415 1169
938.484 1173
938.553 1180
938.622 1186
938.691 1182
938.760 1186
938.829 1179
938.898 1169
938.967 1167
939.036 1168
939.105 1182
939.174 1199
939.243 1215
939.312 1229
939.381 1236
939.450 1246
939.519 1239
939.588 1235
939.657 1219
939.726 1201
939.795 1190
939.864 1181
939.934 1174
940.003 1160
940.072 1154
940.141 1150
940.210 1155
940.279 1163
940.348 1175
940.417 1195
940.486 1223
940.555 1253
940.624 1273
940.693 1295
940.762 1293
940.832 1286
940.901 1281
940.970 1265
941.039 1246
941.108 1227
941.177 1216
941.246 1206
941.315 1205
941.384 1204
941.454 1203
941.523 1202
941.592 1196
941.661 1188
941.730 1184
941.799 1189
941.868 1195
941.937 1201
942.007 1211
942.076 1210
942.145 1195
942.214 1176
942.283 1154
942.352 1135
942.421 1127
942.491 1126
942.560 1111
942.629 1100
942.698 1107
942.767 1111
942.836 1128
942.906 1144
942.975 1157
943.044 1168
943.113 1171
943.182 1179
943.251 1176
943.321 1169
943.390 1166
943.459 1168
943.528 1157
943.597 1154
943.667 1135
943.736 1112
943.805 1111
943.874 1110
943.943 1123
944.013 1140
944.082 1135
944.151 1130
944.220 1120
944.290 1108
944.359 1091
944.428 1079
944.497 1075
944.566 1065
944.636 1077
944.705 1093
944.774 1104
944.843 1113
944.913 1121
944.982 1120
945.051 1122
945.120 1141
945.190 1130
945.259 1120
945.328 1122
945.397 1115
945.467 1113
945.536 1126
945.605 1127
945.675 1131
945.744 1131
945.813 1133
945.882 1121
945.952 1108
946.021 1104
946.090 1100
946.160 1106
946.229 1113
946.298 1121
946.367 1129
946.437 1150
946.506 1168
946.575 1182
946.645 1196
946.714 1194
946.783 1195
946.853 1185
946.922 1174
946.991 1168
947.061 1157
947.130 1154
947.199 1152
947.269 1161
947.338 1160
947.407 1159
947.477 1153
947.546 1156
947.615 1166
947.685 1181
947.754 1201
947.823 1194
947.893 1187
947.962 1172
948.031 1155
948.101 1157
948.170 1153
948.239 1170
948.309 1179
948.378 1192
948.448 1210
948.517 1220
948.586 1240
948.656 1244
948.725 1245
948.795 1237
948.864 1225
948.933 1219
949.003 1216
949.072 1201
949.141 1184
949.211 1175
949.280 1158
949.350 1162
949.419 1169
949.489 1174
949.558 1184
949.627 1197
949.697 1216
949.766 1217
949.836 1219
949.905 1199
949.975 1178
950.044 1169
950.113 1155
950.183 1149
950.252 1137
950.322 1137
950.391 1137
950.461 1160
950.530 1189
950.600 1199
950.669 1218
950.738 1209
950.808 1197
950.877 1191
950.947 1181
951.016 1168
951.086 1142
951.155 1126
951.225 1114
951.294 1118
951.364 1126
951.433 1131
951.503 1139
951.572 1139
951.642 1135
951.711 1138
951.781 1140
951.850 1144
951.920 1151
951.989 1160
952.059 1181
952.128 1196
952.198 1214
952.267 1213
952.337 1224
952.406 1227
952.476 1223
952.545 1222
952.615 1216
952.684 1218
952.754 1210
952.824 1208
952.893 1208
952.963 1209
953.032 1212
953.102 1209
953.171 1216
953.241 1196
953.310 1184
953.380 1173
953.449 1153
953.519 1160
953.589 1172
953.658 1177
953.728 1174
953.797 1172
953.867 1159
953.936 1155
954.006 1160
954.076 1150
954.145 1152
954.215 1141
954.284 1137
954.354 1136
954.424 1130
954.493 1128
954.563 1125
954.632 1123
954.702 1121
954.772 1120
954.841 1110
954.911 1097
954.980 1078
955.050 1067
955.120 1059
955.189 1060
955.259 1059
955.329 1065
955.398 1072
955.468 1074
955.538 1090
955.607 1100
955.677 1108
955.746 1127
955.816 1144
955.886 1159
955.955 1177
956.025 1169
956.095 1166
956.164 1156
956.234 1130
956.304 1124
956.373 1115
956.443 1106
956.513 1107
956.582 1115
956.652 1121
956.722 1140
956.791 1148
956.861 1136
956.931 1131
957.001 1100
957.070 1075
957.140 1072
957.210 1059
957.279 1058
957.349 1051
957.419 1067
957.488 1094
957.558 1115
957.628 1130
957.698 1133
957.767 1140
957.837 1143
957.907 1146
957.977 1135
958.046 1121
958.116 1109
958.186 1098
958.255 1102
958.325 1108
958.395 1104
958.465 1098
958.534 1105
958.604 1104
958.674 1108
958.744 1118
958.813 1118
958.883 1115
958.953 1117
959.023 1117
959.093 1121
959.162 1124
959.232 1134
959.302 1134
959.372 1130
959.441 1132
959.511 1122
959.581 1117
959.651 1141
959.721 1160
959.790 1188
959.860 1225
959.930 1225
960.000 1233
960.070 1257
960.139 1273
960.209 1286
960.279 1308
960.349 1314
960.419 1316
960.489 1302
960.558 1285
960.628 1262
960.698 1234
960.768 1220
960.838 1207
960.907 1195
960.977 1189
961.047 1178
961.117 1166
961.187 1174
961.257 1172
961.327 1200
961.396 1231
961.466 1248
961.536 1270
961.606 1274
961.676 1278
961.746 1253
961.816 1221
961.885 1201
961.955 1171
962.025 1159
962.095 1158
962.165 1158
962.235 1164
962.305 1179
962.375 1198
962.445 1210
962.514 1223
962.584 1218
962.654 1199
962.724 1199
962.794 1199
962.864 1207
962.934 1221
963.004 1197
963.074 1169
963.144 1138
963.214 1100
963.283 1092
963.353 1082
963.423 1074
963.493 1066
963.563 1078
963.633 1086
963.703 1098
963.773 1121
963.843 1122
963.913 1128
963.983 1133
964.053 1142
964.123 1133
964.193 1125
964.263 1128
964.333 1129
964.403 1160
964.473 1190
964.543 1205
964.613 1220
964.683 1212
964.753 1207
964.822 1195
964.892 1176
964.962 1150
965.032 1127
965.102 1114
965.172 1104
965.242 1102
965.312 1104
965.382 1115
965.452 1129
965.522 1148
965.592 1173
965.662 1175
965.732 1174
965.803 1168
965.873 1157
965.943 1155
966.013 1150
966.083 1138
966.153 1123
966.223 1109
966.293 1102
966.363 1119
966.433 1131
966.503 1133
966.573 1127
966.643 1113
966.713 1094
966.783 1089
966.853 1077
966.923 1076
966.993 1077
967.063 1081
967.133 1086
967.203 1094
967.273 1099
967.344 1105
967.414 1105
967.484 1114
967.554 1121
967.624 1116
967.694 1116
967.764 1116
967.834 1112
967.904 1109
967.974 1110
968.044 1092
968.115 1080
968.185 1072
968.255 1067
968.325 1075
968.395 1088
968.465 1093
968.535 1098
968.605 1104
968.675 1109
968.746 1114
968.816 1117
968.886 1095
968.956 1069
969.026 1060
969.096 1045
969.166 1066
969.237 1088
969.307 1099
969.377 1113
969.447 1105
969.517 1103
969.587 1099
969.657 1089
969.728 1094
969.798 1099
969.868 1101
969.938 1099
970.008 1096
970.078 1086
970.149 1099
970.219 1105
970.289 1099
970.359 1097
970.429 1083
970.500 1072
970.570 1085
970.640 1108
970.710 1125
970.780 1156
970.851 1154
970.921 1151
970.991 1138
971.061 1125
971.131 1124
971.202 1122
971.272 1114
971.342 1104
971.412 1109
971.482 1109
971.553 1114
971.623 1126
971.693 1130
971.763 1132
971.834 1139
971.904 1145
971.974 1140
972.044 1130
972.115 1119
972.185 1106
972.255 1085
972.325 1063
972.396 1055
972.466 1042
972.536 1059
972.606 1078
972.677 1084
972.747 1092
972.817 1101
972.888 1103
972.958 1101
973.028 1105
973.098 1086
973.169 1069
973.239 1070
973.309 1074
973.380 1090
973.450 1109
973.520 1114
973.590 1105
973.661 1108
973.731 1105
973.801 1095
973.872 1095
973.942 1089
974.012 1078
974.083 1081
974.153 1090
974.223 1074
974.294 1062
974.364 1038
974.434 1019
974.505 1023
974.575 1026
974.645 1030
974.716 1032
974.786 1036
974.856 1038
974.927 1038
974.997 1042
975.067 1028
975.138 1010
975.208 1004
975.279 996
975.349 997
975.419 1002
975.490 1013
975.560 1022
975.630 1054
975.701 1083
975.771 1100
975.842 1116
975.912 1103
975.982 1089
976.053 1082
976.123 1061
976.193 1056
976.264 1053
976.334 1043
976.405 1036
976.475 1035
976.546 1042
976.616 1045
976.686 1058
976.757 1069
976.827 1078
976.898 1083
976.968 1094
977.038 1080
977.109 1069
977.179 1060
977.250 1051
977.320 1050
977.391 1044
977.461 1044
977.532 1034
977.602 1042
977.672 1054
977.743 1059
977.813 1065
977.884 1060
977.954 1059
978.025 1057
978.095 1048
978.166 1056
978.236 1071
978.307 1083
978.377 1106
978.448 1119
978.518 1131
978.589 1151
978.659 1166
978.730 1165
978.800 1163
978.871 1146
978.941 1131
979.012 1109
979.082 1083
979.153 1075
979.223 1067
979.294 1078
979.364 1094
979.435 1110
979.505 1132
979.576 1144
979.646 1164
979.717 1154
979.787 1144
979.858 1135
979.928 1117
979.999 1113
980.069 1106
980.140 1098
980.210 1088
980.281 1094
980.352 1106
980.422 1105
980.493 1111
980.563 1108
980.634 1105
980.704 1108
980.775 1110
980.845 1109
980.916 1105
980.987 1107
981.057 1108
981.128 1105
981.198 1094
981.269 1084
981.340 1080
981.410 1072
981.481 1058
981.551 1046
981.622 1031
981.693 1016
981.763 998
981.834 1005
981.904 1008
981.975 1030
982.046 1053
982.116 1058
982.187 1066
982.257 1071
982.328 1084
982.399 1113
982.469 1142
982.540 1160
982.611 1175
982.681 1157
982.752 1147
982.822 1131
982.893 1118
982.964 1105
983.034 1093
983.105 1093
983.176 1085
983.246 1078
983.317 1074
983.388 1074
983.458 1070
983.529 1088
983.600 1101
983.670 1108
983.741 1111
983.812 1113
983.882 1119
983.953 1114
984.024 1108
984.094 1117
984.165 1126
984.236 1142
984.306 1172
984.377 1179
984.448 1181
984.519 1191
984.589 1200
984.660 1191
984.731 1186
984.801 1163
984.872 1131
984.943 1125
985.014 1118
985.084 1124
985.155 1133
985.226 1135
985.296 1139
985.367 1146
985.438 1159
985.509 1170
985.579 1184
985.650 1188
985.721 1187
985.792 1168
985.862 1143
985.933 1127
986.004 1104
986.075 1098
986.145 1096
986.216 1102
986.287 1115
986.358 1137
986.429 1157
986.499 1169
986.570 1191
986.641 1209
986.712 1220
986.782 1212
986.853 1198
986.924 1174
986.995 1149
987.066 1140
987.136 1129
987.207 1122
987.278 1117
987.349 1124
987.420 1134
987.490 1150
987.561 1168
987.632 1170
987.703 1185
987.774 1183
987.845 1178
987.915 1168
987.986 1148
988.057 1130
988.128 1112
988.199 1111
988.270 1116
988.340 1123
988.411 1123
988.482 1117
988.553 1120
988.624 1108
988.695 1095
988.765 1088
988.836 1067
988.907 1075
988.978 1086
989.049 1100
989.120 1117
989.191 1116
989.262 1117
989.332 1114
989.403 1106
989.474 1110
989.545 1119
989.616 1129
989.687 1133
989.758 1136
989.829 1136
989.900 1141
989.970 1148
990.041 1136
990.112 1122
990.183 1097
990.254 1069
990.325 1061
990.396 1052
990.467 1061
990.538 1071
990.609 1090
990.680 1111
990.750 1130
990.821 1141
990.892 1147
990.963 1152
991.034 1149
991.105 1145
991.176 1134
991.247 1124
991.318 1110
991.389 1097
991.460 1095
991.531 1094
991.602 1098
991.673 1102
991.744 1107
991.815 1107
991.886 1107
991.957 1110
992.028 1101
992.099 1096
992.170 1087
992.241 1075
992.312 1084
992.383 1099
992.454 1113
992.525 1125
992.596 1128
992.667 1135
992.738 1141
992.809 1134
992.880 1121
992.951 1108
993.022 1093
993.093 1087
993.164 1075
993.235 1061
993.306 1059
993.377 1054
993.448 1072
993.519 1092
993.590 1108
993.661 1124
993.732 1125
993.803 1126
993.874 1118
993.945 1118
994.016 1109
994.087 1086
994.158 1085
994.229 1085
994.300 1081
994.371 1086
994.442 1079
994.513 1069
994.584 1071
994.656 1072
994.727 1066
994.798 1062
994.869 1049
994.940 1040
995.011 1036
995.082 1034
995.153 1035
995.224 1033
995.295 1027
995.366 1027
995.437 1036
995.509 1049
995.580 1070
995.651 1100
995.722 1118
995.793 1140
995.864 1158
995.935 1184
996.006 1173
996.077 1158
996.149 1144
996.220 1117
996.291 1108
996.362 1108
996.433 1098
996.504 1100
996.575 1109
996.647 1114
996.718 1122
996.789 1118
996.860 1105
996.931 1093
997.002 1086
997.073 1077
997.145 1077
997.216 1070
997.287 1065
997.358 1064
997.429 1070
997.500 1076
997.572 1079
997.643 1083
997.714 1087
997.785 1092
997.856 1092
997.928 1089
997.999 1086
998.070 1083
998.141 1091
998.212 1103
998.284 1092
998.355 1081
998.426 1075
998.497 1065
998.568 1080
998.640 1096
998.711 1097
998.782 1106
998.853 1110
998.924 1107
998.996 1105
999.067 1097
999.138 1080
999.209 1060
999.281 1053
999.352 1045
999.423 1047
999.494 1048
999.566 1057
999.637 1071
999.708 1080
999.779 1095
999.851 1098
999.922 1099
999.993 1087
1000.064 1070
1000.136 1060
1000.207 1044
1000.278 1042
1000.350 1045
1000.421 1041
1000.492 1045
1000.563 1063
1000.635 1070
1000.706 1072
1000.777 1077
1000.849 1088
1000.920 1098
1000.991 1116
1001.062 1137
1001.134 1113
1001.205 1095
1001.276 1083
1001.348 1065
1001.419 1075
1001.490 1084
1001.562 1079
1001.633 1084
1001.704 1089
1001.776 1092
1001.847 1091
1001.918 1082
1001.990 1070
1002.061 1061
1002.132 1058
1002.204 1059
1002.275 1062
1002.346 1066
1002.418 1072
1002.489 1086
1002.560 1105
1002.632 1122
1002.703 1134
1002.774 1147
1002.846 1134
1002.917 1117
1002.989 1095
1003.060 1076
1003.131 1050
1003.203 1028
1003.274 1015
1003.345 985
1003.417 993
1003.488 994
1003.560 1005
1003.631 1006
1003.702 1033
1003.774 1061
1003.845 1076
1003.917 1110
1003.988 1100
1004.059 1090
1004.131 1081
1004.202 1071
1004.274 1065
1004.345 1059
1004.417 1064
1004.488 1067
1004.559 1084
1004.631 1100
1004.702 1101
1004.774 1100
1004.845 1098
1004.917 1090
1004.988 1082
1005.059 1074
1005.131 1072
1005.202 1064
1005.274 1060
1005.345 1063
1005.417 1058
1005.488 1052
1005.560 1056
1005.631 1069
1005.703 1080
1005.774 1092
1005.846 1104
1005.917 1101
1005.989 1107
1006.060 1107
1006.131 1095
1006.203 1081
1006.274 1093
1006.346 1101
1006.417 1102
1006.489 1109
1006.560 1103
1006.632 1098
1006.703 1106
1006.775 1107
1006.846 1091
1006.918 1074
1006.990 1059
1007.061 1046
1007.133 1035
1007.204 1031
1007.276 1019
1007.347 1009
1007.419 1013
1007.490 1008
1007.562 1023
1007.633 1032
1007.705 1060
1007.776 1091
1007.848 1090
1007.919 1090
1007.991 1089
1008.063 1081
1008.134 1090
1008.206 1100
1008.277 1107
1008.349 1123
1008.420 1135
1008.492 1146
1008.564 1152
1008.635 1159
1008.707 1161
1008.778 1167
1008.850 1165
1008.921 1162
1008.993 1157
1009.065 1150
1009.136 1160
1009.208 1164
1009.279 1183
1009.351 1200
1009.423 1223
1009.494 1256
1009.566 1270
1009.637 1281
1009.709 1280
1009.781 1275
1009.852 1276
1009.924 1278
1009.996 1259
1010.067 1239
1010.139 1231
1010.210 1220
1010.282 1221
1010.354 1221
1010.425 1212
1010.497 1204
1010.569 1200
1010.640 1197
1010.712 1179
1010.784 1160
1010.855 1159
1010.927 1149
1010.999 1140
1011.070 1140
1011.142 1116
1011.214 1097
1011.285 1097
1011.357 1099
1011.429 1109
1011.500 1123
1011.572 1125
1011.644 1120
1011.715 1110
1011.787 1088
1011.859 1076
1011.930 1062
1012.002 1048
1012.074 1049
1012.145 1043
1012.217 1040
1012.289 1052
1012.361 1064
1012.432 1069
1012.504 1076
1012.576 1081
1012.647 1092
1012.719 1096
1012.791 1096
1012.863 1093
1012.934 1083
1013.006 1082
1013.078 1093
1013.150 1092
1013.221 1083
1013.293 1082
1013.365 1085
1013.437 1089
1013.508 1096
1013.580 1096
1013.652 1082
1013.724 1083
1013.795 1090
1013.867 1096
1013.939 1109
1014.011 1099
1014.082 1090
1014.154 1077
1014.226 1068
1014.298 1073
1014.369 1078
1014.441 1094
1014.513 1102
1014.585 1107
1014.657 1108
1014.728 1108
1014.800 1111
1014.872 1111
1014.944 1111
1015.016 1096
1015.087 1089
1015.159 1087
1015.231 1086
1015.303 1095
1015.375 1102
1015.447 1098
1015.518 1088
1015.590 1090
1015.662 1092
1015.734 1086
1015.806 1083
1015.877 1070
1015.949 1064
1016.021 1077
1016.093 1097
1016.165 1099
1016.237 1113
1016.309 1107
1016.380 1092
1016.452 1094
1016.524 1092
1016.596 1098
1016.668 1112
1016.740 1112
1016.812 1113
1016.883 1096
1016.955 1078
1017.027 1072
1017.099 1062
1017.171 1070
1017.243 1079
1017.315 1080
1017.387 1078
1017.459 1088
1017.530 1098
1017.602 1106
1017.674 1124
1017.746 1108
1017.818 1091
1017.890 1076
1017.962 1053
1018.034 1036
1018.106 1018
1018.178 1012
1018.249 1004
1018.321 1022
1018.393 1038
1018.465 1046
1018.537 1054
1018.609 1056
1018.681 1062
1018.753 1066
1018.825 1074
1018.897 1080
1018.969 1083
1019.041 1085
1019.113 1083
1019.185 1081
1019.257 1079
1019.329 1077
1019.401 1081
1019.473 1068
1019.545 1054
1019.616 1036
1019.688 1020
1019.760 1033
1019.832 1037
1019.904 1047
1019.976 1057
1020.048 1057
1020.120 1056
1020.192 1057
1020.264 1061
1020.336 1059
1020.408 1058
1020.480 1060
1020.552 1059
1020.624 1053
1020.696 1042
1020.768 1021
1020.840 996
1020.912 980
1020.984 965
1021.056 965
1021.128 974
1021.200 977
1021.272 982
1021.345 981
1021.417 982
1021.489 981
1021.561 988
1021.633 989
1021.705 993
1021.777 984
1021.849 981
1021.921 974
1021.993 956
1022.065 958
1022.137 950
1022.209 943
1022.281 949
1022.353 954
1022.425 962
1022.497 976
1022.569 996
1022.642 1023
1022.714 1046
1022.786 1057
1022.858 1056
1022.930 1040
1023.002 1025
1023.074 1001
1023.146 975
1023.218 972
1023.290 969
1023.362 980
1023.435 991
1023.507 1002
1023.579 1013
1023.651 1016
1023.723 1015
1023.795 1010
1023.867 1009
1023.939 1013
1024.011 1013
1024.084 1011
1024.156 1014
1024.228 1022
1024.300 1034
1024.372 1040
1024.444 1043
1024.516 1053
1024.589 1063
1024.661 1073
1024.733 1088
1024.805 1078
1024.877 1072
1024.949 1056
1025.022 1042
1025.094 1026
1025.166 1010
1025.238 1000
1025.310 983
1025.382 982
1025.455 981
1025.527 997
1025.599 1012
1025.671 1021
1025.743 1032
1025.816 1033
1025.888 1037
1025.960 1033
1026.032 1029
1026.104 1006
1026.176 984
1026.249 975
1026.321 955
1026.393 979
1026.465 1004
1026.538 1019
1026.610 1045
1026.682 1056
1026.754 1064
1026.826 1071
1026.899 1079
1026.971 1079
1027.043 1080
1027.115 1085
1027.188 1084
1027.260 1061
1027.332 1041
1027.404 1009
1027.477 974
1027.549 967
1027.621 959
1027.693 968
1027.766 980
1027.838 995
1027.910 1016
1027.982 1026
1028.055 1037
1028.127 1038
1028.199 1046
1028.272 1053
1028.344 1061
1028.416 1059
1028.488 1053
1028.561 1046
1028.633 1032
1028.705 1039
1028.778 1052
1028.850 1065
1028.922 1076
1028.994 1077
1029.067 1076
1029.139 1076
1029.211 1077
1029.284 1081
1029.356 1085
1029.428 1083
1029.501 1089
1029.573 1105
1029.645 1128
1029.718 1137
1029.790 1146
1029.862 1128
1029.935 1102
1030.007 1093
1030.079 1086
1030.152 1079
1030.224 1070
1030.296 1073
1030.369 1069
1030.441 1069
1030.513 1071
1030.586 1072
1030.658 1074
1030.731 1083
1030.803 1090
1030.875 1097
1030.948 1100
1031.020 1081
1031.092 1062
1031.165 1044
1031.237 1025
1031.310 1013
1031.382 1002
1031.454 998
1031.527 990
1031.599 1003
1031.672 1013
1031.744 1027
1031.816 1037
1031.889 1050
1031.961 1076
1032.034 1089
1032.106 1109
1032.178 1117
1032.251 1116
1032.323 1128
1032.396 1145
1032.468 1135
1032.541 1126
1032.613 1122
1032.685 1118
1032.758 1101
1032.830 1084
1032.903 1060
1032.975 1025
1033.048 1037
1033.120 1044
1033.193 1055
1033.265 1084
1033.337 1115
1033.410 1141
1033.482 1166
1033.555 1199
1033.627 1201
1033.700 1203
1033.772 1212
1033.845 1212
1033.917 1202
1033.990 1192
1034.062 1175
1034.135 1153
1034.207 1142
1034.280 1129
1034.352 1123
1034.425 1121
1034.497 1125
1034.570 1135
1034.642 1137
1034.715 1133
1034.787 1121
1034.860 1109
1034.932 1098
1035.005 1083
1035.077 1085
1035.150 1080
1035.222 1085
1035.295 1099
1035.367 1102
1035.440 1105
1035.512 1109
1035.585 1107
1035.658 1097
1035.730 1093
1035.803 1078
1035.875 1063
1035.948 1042
1036.020 1020
1036.093 999
1036.165 976
1036.238 1000
1036.311 1017
1036.383 1054
1036.456 1102
1036.528 1120
1036.601 1139
1036.673 1155
1036.746 1158
1036.819 1147
1036.891 1137
1036.964 1118
1037.036 1100
1037.109 1088
1037.181 1073
1037.254 1065
1037.327 1048
1037.399 1038
1037.472 1026
1037.544 1016
1037.617 1006
1037.690 1008
1037.762 1015
1037.835 1010
1037.908 1011
1037.980 999
1038.053 981
1038.125 973
1038.198 970
1038.271 981
1038.343 984
1038.416 996
1038.489 1008
1038.561 1009
1038.634 1007
1038.707 1005
1038.779 1000
1038.852 998
1038.925 996
1038.997 999
1039.070 993
1039.143 1008
1039.215 1026
1039.288 1032
1039.361 1047
1039.433 1034
1039.506 1021
1039.579 1012
1039.651 1002
1039.724 999
1039.797 993
1039.869 987
1039.942 991
1040.015 992
1040.087 992
1040.160 997
1040.233 1005
1040.306 1011
1040.378 1011
1040.451 1019
1040.524 1017
1040.596 1017
1040.669 1022
1040.742 1021
1040.815 1022
1040.887 1008
1040.960 996
1041.033 972
1041.105 948
1041.178 938
1041.251 933
1041.324 934
1041.396 935
1041.469 945
1041.542 956
1041.615 974
1041.687 988
1041.760 1008
1041.833 1032
1041.906 1046
1041.979 1054
1042.051 1058
1042.124 1049
1042.197 1042
1042.270 1035
1042.342 1031
1042.415 1022
1042.488 1026
1042.561 1036
1042.634 1046
1042.706 1058
1042.779 1058
1042.852 1055
1042.925 1041
1042.997 1023
1043.070 1017
1043.143 1018
1043.216 995
1043.289 989
1043.362 970
1043.434 951
1043.507 964
1043.580 980
1043.653 988
1043.726 986
1043.798 1006
1043.871 1010
1043.944 1025
1044.017 1044
1044.090 1023
1044.163 1009
1044.236 992
1044.308 982
1044.381 986
1044.454 992
1044.527 995
1044.600 1000
1044.673 1008
1044.746 1015
1044.818 1006
1044.891 997
1044.964 985
1045.037 970
1045.110 979
1045.183 984
1045.256 979
1045.329 975
1045.401 975
1045.474 982
1045.547 1011
1045.620 1035
1045.693 1048
1045.766 1064
1045.839 1068
1045.912 1069
1045.985 1063
1046.058 1065
1046.130 1025
1046.203 990
1046.276 970
1046.349 942
1046.422 945
1046.495 956
1046.568 950
1046.641 943
1046.714 949
1046.787 953
1046.860 972
1046.933 989
1047.006 993
1047.079 998
1047.151 1001
1047.224 996
1047.297 1000
1047.370 1007
1047.443 992
1047.516 985
1047.589 984
1047.662 973
1047.735 972
1047.808 966
1047.881 957
1047.954 949
1048.027 946
1048.100 954
1048.173 954
1048.246 957
1048.319 952
1048.392 940
1048.465 950
1048.538 947
1048.611 970
1048.684 998
1048.757 1017
1048.830 1031
1048.903 1042
1048.976 1053
1049.049 1047
1049.122 1042
1049.195 1046
1049.268 1042
1049.341 1038
1049.414 1039
1049.487 1032
1049.560 1024
1049.633 1026
1049.706 1028
1049.779 1024
1049.852 1026
1049.925 1018
1049.998 1009
1050.072 1006
1050.145 994
1050.218 989
1050.291 983
1050.364 984
1050.437 983
1050.510 998
1050.583 1010
1050.656 1023
1050.729 1036
1050.802 1017
1050.875 1006
1050.948 985
1051.021 963
1051.095 962
1051.168 959
1051.241 947
1051.314 938
1051.387 943
1051.460 944
1051.533 966
1051.606 987
1051.679 988
1051.752 992
1051.826 987
1051.899 973
1051.972 968
1052.045 968
1052.118 965
1052.191 970
1052.264 962
1052.337 949
1052.411 949
1052.484 953
1052.557 961
1052.630 981
1052.703 991
1052.776 1000
1052.849 1006
1052.923 1013
1052.996 1014
1053.069 1017
1053.142 1007
1053.215 995
1053.288 990
1053.362 985
1053.435 987
1053.508 992
1053.581 1002
1053.654 1010
1053.727 1032
1053.801 1057
1053.874 1064
1053.947 1077
1054.020 1059
1054.093 1047
1054.167 1049
1054.240 1055
1054.313 1051
1054.386 1047
1054.459 1043
1054.533 1028
1054.606 1036
1054.679 1047
1054.752 1047
1054.825 1053
1054.899 1050
1054.972 1042
1055.045 1031
1055.118 1015
1055.192 1009
1055.265 995
1055.338 997
1055.411 1000
1055.485 1000
1055.558 1001
1055.631 1008
1055.704 1017
1055.778 1024
1055.851 1040
1055.924 1034
1055.997 1020
1056.071 1017
1056.144 1009
1056.217 1008
1056.290 1011
1056.364 1024
1056.437 1031
1056.510 1044
1056.584 1068
1056.657 1069
1056.730 1071
1056.803 1083
1056.877 1085
1056.950 1099
1057.023 1114
1057.097 1124
1057.170 1148
1057.243 1164
1057.316 1176
1057.390 1177
1057.463 1178
1057.536 1173
1057.610 1165
1057.683 1160
1057.756 1155
1057.830 1138
1057.903 1128
1057.976 1114
1058.050 1097
1058.123 1094
1058.196 1088
1058.270 1093
1058.343 1088
1058.416 1089
1058.490 1099
1058.563 1100
1058.636 1107
1058.710 1118
1058.783 1120
1058.857 1123
1058.930 1121
1059.003 1116
1059.077 1106
1059.150 1106
1059.223 1102
1059.297 1101
1059.370 1093
1059.444 1090
1059.517 1080
1059.590 1074
1059.664 1071
1059.737 1058
1059.810 1058
1059.884 1049
1059.957 1043
1060.031 1035
1060.104 1029
1060.177 1031
1060.251 1030
1060.324 1034
1060.398 1041
1060.471 1037
1060.545 1031
1060.618 1030
1060.691 1043
1060.765 1046
1060.838 1067
1060.912 1069
1060.985 1067
1061.059 1070
1061.132 1069
1061.205 1073
1061.279 1078
1061.352 1079
1061.426 1076
1061.499 1073
1061.573 1071
1061.646 1051
1061.720 1038
1061.793 1017
1061.867 988
1061.940 990
1062.014 990
1062.087 993
1062.160 999
1062.234 1004
1062.307 1003
1062.381 1002
1062.454 1002
1062.528 1000
1062.601 993
1062.675 995
1062.748 1011
1062.822 1010
1062.895 1015
1062.969 1016
1063.042 1009
1063.116 996
1063.189 981
1063.263 972
1063.336 955
1063.410 955
1063.484 962
1063.557 961
1063.631 958
1063.704 976
1063.778 991
1063.851 1007
1063.925 1026
1063.998 1018
1064.072 1012
1064.145 1008
1064.219 1013
1064.292 1013
1064.366 1010
1064.440 1000
1064.513 992
1064.587 998
1064.660 1005
1064.734 1018
1064.807 1030
1064.881 1020
1064.955 1006
1065.028 1001
1065.102 988
1065.175 984
1065.249 978
1065.322 967
1065.396 959
1065.470 962
1065.543 973
1065.617 982
1065.690 991
1065.764 998
1065.838 998
1065.911 1005
1065.985 1008
1066.058 993
1066.132 987
1066.206 964
1066.279 950
1066.353 942
1066.427 933
1066.500 943
1066.574 954
1066.647 954
1066.721 954
1066.795 952
1066.868 947
1066.942 950
1067.016 948
1067.089 946
1067.163 942
1067.237 940
1067.310 938
1067.384 937
1067.458 938
1067.531 949
1067.605 955
1067.679 959
1067.752 969
1067.826 960
1067.900 947
1067.973 936
1068.047 922
1068.121 910
1068.194 898
1068.268 901
1068.342 917
1068.415 927
1068.489 941
1068.563 945
1068.637 937
1068.710 927
1068.784 917
1068.858 912
1068.931 909
1069.005 911
1069.079 909
1069.153 902
1069.226 907
1069.300 904
1069.374 900
1069.448 904
1069.521 908
1069.595 920
1069.669 936
1069.742 955
1069.816 965
1069.890 971
1069.964 976
1070.037 977
1070.111 984
1070.185 968
1070.259 947
1070.333 941
1070.406 939
1070.480 955
1070.554 974
1070.628 980
1070.701 987
1070.775 981
1070.849 975
1070.923 962
1070.997 961
1071.070 958
1071.144 956
1071.218 957
1071.292 959
1071.365 957
1071.439 952
1071.513 951
1071.587 949
1071.661 949
1071.735 947
1071.808 947
1071.882 945
1071.956 934
1072.030 913
1072.104 900
1072.177 892
1072.251 894
1072.325 903
1072.399 909
1072.473 917
1072.547 935
1072.620 951
1072.694 967
1072.768 982
1072.842 1001
1072.916 1021
1072.990 1026
1073.064 1035
1073.137 1023
1073.211 1021
1073.285 1010
1073.359 1008
1073.433 1003
1073.507 993
1073.581 992
1073.655 982
1073.728 973
1073.802 967
1073.876 967
1073.950 965
1074.024 965
1074.098 961
1074.172 959
1074.246 954
1074.320 956
1074.393 957
1074.467 955
1074.541 955
1074.615 966
1074.689 981
1074.763 986
1074.837 997
1074.911 992
1074.985 980
1075.059 983
1075.133 987
1075.207 980
1075.281 983
1075.355 974
1075.428 958
1075.502 965
1075.576 975
1075.650 981
1075.724 999
1075.798 1005
1075.872 1004
1075.946 1003
1076.020 988
1076.094 986
1076.168 984
1076.242 989
1076.316 1003
1076.390 986
1076.464 966
1076.538 950
1076.612 931
1076.686 938
1076.760 943
1076.834 945
1076.908 946
1076.982 936
1077.056 931
1077.130 919
1077.204 914
1077.278 919
1077.352 929
1077.426 935
1077.500 943
1077.574 941
1077.648 942
1077.722 942
1077.796 937
1077.870 948
1077.944 955
1078.018 955
1078.092 959
1078.166 950
1078.240 938
1078.314 936
1078.388 939
1078.462 953
1078.536 973
1078.610 989
1078.684 1003
1078.759 1021
1078.833 1041
1078.907 1055
1078.981 1061
1079.055 1049
1079.129 1033
1079.203 1014
1079.277 994
1079.351 998
1079.425 1001
1079.499 1012
1079.573 1026
1079.647 1035
1079.721 1045
1079.796 1067
1079.870 1086
1079.944 1089
1080.018 1099
1080.092 1092
1080.166 1089
1080.240 1091
1080.314 1096
1080.388 1085
1080.463 1071
1080.537 1075
1080.611 1076
1080.685 1081
1080.759 1087
1080.833 1089
1080.907 1088
1080.981 1097
1081.056 1099
1081.130 1085
1081.204 1073
1081.278 1075
1081.352 1081
1081.426 1107
1081.500 1136
1081.575 1143
1081.649 1149
1081.723 1129
1081.797 1101
1081.871 1087
1081.945 1065
1082.020 1053
1082.094 1045
1082.168 1046
1082.242 1042
1082.316 1047
1082.391 1058
1082.465 1052
1082.539 1049
1082.613 1051
1082.687 1050
1082.761 1047
1082.836 1045
1082.910 1030
1082.984 1016
1083.058 1010
1083.132 1006
1083.207 1007
1083.281 1005
1083.355 1001
1083.429 991
1083.504 1000
1083.578 1010
1083.652 1023
1083.726 1035
1083.800 1028
1083.875 1021
1083.949 1009
1084.023 1004
1084.097 1003
1084.172 998
1084.246 1003
1084.320 1013
1084.394 1014
1084.469 1023
1084.543 1021
1084.617 1017
1084.691 1012
1084.766 1006
1084.840 996
1084.914 980
1084.989 977
1085.063 974
1085.137 988
1085.211 992
1085.286 1012
1085.360 1032
1085.434 1043
1085.509 1055
1085.583 1053
1085.657 1054
1085.731 1044
1085.806 1040
1085.880 1045
1085.954 1042
1086.029 1039
1086.103 1040
1086.177 1021
1086.252 1001
1086.326 993
1086.400 976
1086.475 973
1086.549 972
1086.623 965
1086.698 955
1086.772 942
1086.846 931
1086.921 919
1086.995 901
1087.069 904
1087.144 903
1087.218 905
1087.292 915
1087.367 931
1087.441 948
1087.515 970
1087.590 991
1087.664 991
1087.739 997
1087.813 1003
1087.887 1003
1087.962 998
1088.036 998
1088.110 990
1088.185 976
1088.259 972
1088.334 958
1088.408 948
1088.482 940
1088.557 969
1088.631 995
1088.706 1007
1088.780 1026
1088.854 1013
1088.929 1005
1089.003 1005
1089.078 1002
1089.152 992
1089.227 982
1089.301 978
1089.375 975
1089.450 986
1089.524 1003
1089.599 1011
1089.673 1019
1089.748 1023
1089.822 1023
1089.896 1029
1089.971 1037
1090.045 1018
1090.120 996
1090.194 968
1090.269 934
1090.343 933
1090.418 934
1090.492 941
1090.567 953
1090.641 972
1090.715 995
1090.790 1009
1090.864 1020
1090.939 1009
1091.013 998
1091.088 989
1091.162 978
1091.237 962
1091.311 947
1091.386 943
1091.460 938
1091.535 946
1091.609 949
1091.684 935
1091.758 914
1091.833 905
1091.907 901
1091.982 906
1092.056 915
1092.131 923
1092.205 932
1092.280 941
1092.355 955
1092.429 966
1092.504 986
1092.578 1010
1092.653 1033
1092.727 1037
1092.802 1036
1092.876 1028
1092.951 1015
1093.025 993
1093.100 975
1093.175 966
1093.249 955
1093.324 963
1093.398 974
1093.473 980
1093.547 997
1093.622 1002
1093.697 994
1093.771 987
1093.846 967
1093.920 962
1093.995 961
1094.069 964
1094.144 974
1094.219 970
1094.293 958
1094.368 940
1094.442 925
1094.517 912
1094.592 903
1094.666 900
1094.741 897
1094.815 908
1094.890 914
1094.965 921
1095.039 926
1095.114 931
1095.189 940
1095.263 946
1095.338 949
1095.413 964
1095.487 987
1095.562 999
1095.636 1018
1095.711 1016
1095.786 1014
1095.860 1007
1095.935 1002
1096.010 1004
1096.084 1002
1096.159 1003
1096.234 1008
1096.308 985
1096.383 963
1096.458 952
1096.532 936
1096.607 930
1096.682 922
1096.756 916
1096.831 907
1096.906 906
1096.980 911
1097.055 900
1097.130 895
1097.205 892
1097.279 886
1097.354 901
1097.429 924
1097.503 947
1097.578 970
1097.653 988
1097.728 1010
1097.802 1010
1097.877 1016
1097.952 1002
1098.026 984
1098.101 972
1098.176 957
1098.251 940
1098.325 920
1098.400 908
1098.475 895
1098.550 888
1098.624 884
1098.699 885
1098.774 885
1098.849 890
1098.923 904
1098.998 910
1099.073 921
1099.148 931
1099.222 939
1099.297 925
1099.372 920
1099.447 924
1099.521 921
1099.596 941
1099.671 958
1099.746 955
1099.821 953
1099.895 941
1099.970 939
1100.045 942
1100.120 945
1100.195 956
1100.269 963
1100.344 971
1100.419 971
1100.494 983
1100.569 996
1100.643 1003
1100.718 1016
1100.793 1004
1100.868 992
1100.943 983
1101.018 968
1101.092 960
1101.167 951
1101.242 937
1101.317 925
1101.392 911
1101.467 901
1101.541 896
1101.616 896
1101.691 904
1101.766 912
1101.841 924
1101.916 938
1101.991 946
1102.065 954
1102.140 954
1102.215 951
1102.290 942
1102.365 925
1102.440 919
1102.515 908
1102.590 922
1102.664 941
1102.739 950
1102.814 967
1102.889 968
1102.964 971
1103.039 977
1103.114 982
1103.189 981
1103.264 979
1103.339 980
1103.413 982
1103.488 989
1103.563 997
1103.638 996
1103.713 988
1103.788 982
1103.863 970
1103.938 966
1104.013 960
1104.088 954
1104.163 952
1104.238 963
1104.313 985
1104.388 1018
1104.463 1051
1104.537 1061
1104.612 1074
1104.687 1080
1104.762 1087
1104.837 1085
1104.912 1073
1104.987 1050
1105.062 1023
1105.137 1029
1105.212 1036
1105.287 1054
1105.362 1076
1105.437 1085
1105.512 1095
1105.587 1109
1105.662 1126
1105.737 1137
1105.812 1141
1105.887 1130
1105.962 1118
1106.037 1113
1106.112 1105
1106.187 1100
1106.262 1093
1106.337 1083
1106.412 1078
1106.487 1080
1106.562 1085
1106.637 1092
1106.712 1089
1106.787 1080
1106.862 1075
1106.937 1065
1107.012 1053
1107.087 1043
1107.162 1026
1107.237 1016
1107.312 1005
1107.388 986
1107.463 974
1107.538 973
1107.613 976
1107.688 1001
1107.763 1026
1107.838 1036
1107.913 1051
1107.988 1050
1108.063 1049
1108.138 1045
1108.213 1041
1108.288 1040
1108.363 1028
1108.438 1029
1108.514 1031
1108.589 1025
1108.664 1030
1108.739 1029
1108.814 1022
1108.889 1019
1108.964 1012
1109.039 1002
1109.114 1000
1109.189 999
1109.265 994
1109.340 989
1109.415 967
1109.490 967
1109.565 972
1109.640 981
1109.715 1000
1109.790 975
1109.866 948
1109.941 920
1110.016 884
1110.091 879
1110.166 878
1110.241 876
1110.316 872
1110.392 874
1110.467 880
1110.542 896
1110.617 915
1110.692 917
1110.767 915
1110.843 909
1110.918 909
1110.993 908
1111.068 906
1111.143 904
1111.218 902
1111.294 908
1111.369 909
1111.444 916
1111.519 924
1111.594 939
1111.670 957
1111.745 975
1111.820 999
1111.895 997
1111.970 1002
1112.046 992
1112.121 981
1112.196 958
1112.271 935
1112.346 922
1112.422 915
1112.497 919
1112.572 924
1112.647 930
1112.723 931
1112.798 929
1112.873 925
1112.948 922
1113.024 919
1113.099 915
1113.174 901
1113.249 891
1113.325 890
1113.400 881
1113.475 876
1113.550 881
1113.626 881
1113.701 890
1113.776 900
1113.851 897
1113.927 895
1114.002 901
1114.077 904
1114.152 908
1114.228 924
1114.303 922
1114.378 919
1114.454 915
1114.529 908
1114.604 919
1114.680 926
1114.755 947
1114.830 968
1114.905 968
1114.981 965
1115.056 955
1115.131 950
1115.207 940
1115.282 932
1115.357 929
1115.433 922
1115.508 936
1115.583 950
1115.659 955
1115.734 966
1115.809 964
1115.885 963
1115.960 960
1116.035 965
1116.111 965
1116.186 969
1116.261 966
1116.337 954
1116.412 945
1116.487 933
1116.563 937
1116.638 935
1116.714 950
1116.789 963
1116.864 960
1116.940 954
1117.015 944
1117.090 927
1117.166 923
1117.241 925
1117.317 916
1117.392 910
1117.467 911
1117.543 914
1117.618 923
1117.694 933
1117.769 931
1117.844 933
1117.920 944
1117.995 951
1118.071 959
1118.146 970
1118.221 963
1118.297 955
1118.372 962
1118.448 955
1118.523 966
1118.599 974
1118.674 969
1118.750 969
1118.825 960
1118.900 953
1118.976 952
1119.051 941
1119.127 945
1119.202 940
1119.278 938
1119.353 941
1119.429 949
1119.504 960
1119.580 969
1119.655 979
1119.730 963
1119.806 954
1119.881 947
1119.957 938
1120.032 927
1120.108 912
1120.183 897
1120.259 887
1120.334 891
1120.410 897
1120.485 908
1120.561 920
1120.636 934
1120.712 952
1120.787 953
1120.863 955
1120.938 948
1121.014 940
1121.089 934
1121.165 920
1121.240 922
1121.316 919
1121.391 928
1121.467 934
1121.543 932
1121.618 937
1121.694 945
1121.769 960
1121.845 960
1121.920 958
1121.996 946
1122.071 937
1122.147 925
1122.222 907
1122.298 896
1122.374 871
1122.449 873
1122.525 874
1122.600 884
1122.676 898
1122.751 902
1122.827 909
1122.903 908
1122.978 896
1123.054 896
1123.129 896
1123.205 895
1123.281 887
1123.356 896
1123.432 902
1123.507 905
1123.583 913
1123.659 909
1123.734 910
1123.810 905
1123.885 893
1123.961 894
1124.037 891
1124.112 897
1124.188 903
1124.264 901
1124.339 902
1124.415 902
1124.490 905
1124.566 911
1124.642 918
1124.717 937
1124.793 955
1124.869 966
1124.944 982
1125.020 979
1125.096 975
1125.171 963
1125.247 952
1125.323 950
1125.398 954
1125.474 964
1125.550 978
1125.625 980
1125.701 978
1125.777 979
1125.852 982
1125.928 978
1126.004 970
1126.079 957
1126.155 940
1126.231 931
1126.306 924
1126.382 924
1126.458 923
1126.534 930
1126.609 937
1126.685 937
1126.761 941
1126.836 940
1126.912 925
1126.988 914
1127.064 900
1127.139 878
1127.215 856
1127.291 852
1127.366 852
1127.442 874
1127.518 899
1127.594 908
1127.669 920
1127.745 925
1127.821 924
1127.897 934
1127.972 945
1128.048 951
1128.124 958
1128.200 973
1128.275 985
1128.351 989
1128.427 995
1128.503 995
1128.579 1001
1128.654 1003
1128.730 1005
1128.806 1007
1128.882 1012
1128.957 1013
1129.033 1027
1129.109 1035
1129.185 1041
1129.261 1057
1129.336 1066
1129.412 1064
1129.488 1066
1129.564 1058
1129.640 1050
1129.715 1037
1129.791 1027
1129.867 1015
1129.943 1004
1130.019 1007
1130.095 1005
1130.170 1006
1130.246 1013
1130.322 1018
1130.398 1020
1130.474 1026
1130.550 1034
1130.625 1037
1130.701 1045
1130.777 1045
1130.853 1038
1130.929 1023
1131.005 1007
1131.081 988
1131.156 975
1131.232 960
1131.308 945
1131.384 948
1131.460 946
1131.536 954
1131.612 962
1131.688 961
1131.763 954
1131.839 964
1131.915 968
1131.991 976
1132.067 985
1132.143 964
1132.219 948
1132.295 941
1132.371 923
1132.446 936
1132.522 944
1132.598 962
1132.674 980
1132.750 989
1132.826 996
1132.902 989
1132.978 986
1133.054 987
1133.130 985
1133.206 988
1133.282 988
1133.358 988
1133.433 994
1133.509 995
1133.585 998
1133.661 984
1133.737 964
1133.813 948
1133.889 940
1133.965 938
1134.041 936
1134.117 937
1134.193 931
1134.269 930
1134.345 928
1134.421 931
1134.497 939
1134.573 952
1134.649 971
1134.725 978
1134.801 988
1134.877 991
1134.953 990
1135.029 1000
1135.105 1012
1135.181 1000
1135.257 991
1135.333 974
1135.409 953
1135.485 952
1135.561 947
1135.637 932
1135.713 908
1135.789 888
1135.865 855
1135.941 837
1136.017 814
1136.093 814
1136.169 819
1136.245 827
1136.321 844
1136.397 857
1136.473 868
1136.549 887
1136.625 910
1136.701 920
1136.777 937
1136.853 928
1136.929 926
1137.006 908
1137.082 890
1137.158 884
1137.234 880
1137.310 889
1137.386 891
1137.462 902
1137.538 918
1137.614 931
1137.690 941
1137.766 945
1137.842 953
1137.918 949
1137.995 951
1138.071 945
1138.147 934
1138.223 915
1138.299 897
1138.375 879
1138.451 860
1138.527 862
1138.603 864
1138.680 880
1138.756 895
1138.832 911
1138.908 926
1138.984 937
1139.060 957
1139.136 962
1139.212 968
1139.289 982
1139.365 987
1139.441 990
1139.517 998
1139.593 988
1139.669 982
1139.745 974
1139.822 959
1139.898 950
1139.974 941
1140.050 931
1140.126 919
1140.202 920
1140.279 914
1140.355 918
1140.431 927
1140.507 930
1140.583 930
1140.660 930
1140.736 924
1140.812 911
1140.888 897
1140.964 896
1141.040 891
1141.117 887
1141.193 884
1141.269 869
1141.345 861
1141.422 855
1141.498 850
1141.574 866
1141.650 878
1141.726 890
1141.803 900
1141.879 909
1141.955 914
1142.031 929
1142.108 941
1142.184 935
1142.260 936
1142.336 928
1142.412 924
1142.489 925
1142.565 921
1142.641 919
1142.718 921
1142.794 918
1142.870 915
1142.946 914
1143.023 901
1143.099 901
1143.175 899
1143.251 890
1143.328 885
1143.404 884
1143.480 881
1143.556 887
1143.633 898
1143.709 918
1143.785 939
1143.862 959
1143.938 980
1144.014 968
1144.091 952
1144.167 932
1144.243 917
1144.319 906
1144.396 888
1144.472 886
1144.548 874
1144.625 870
1144.701 875
1144.777 872
1144.854 870
1144.930 862
1145.006 852
1145.083 846
1145.159 830
1145.235 831
1145.312 835
1145.388 833
1145.464 834
1145.541 849
1145.617 865
1145.693 888
1145.770 917
1145.846 926
1145.923 934
1145.999 938
1146.075 933
1146.152 921
1146.228 904
1146.304 893
1146.381 884
1146.457 874
1146.534 869
1146.610 860
1146.686 855
1146.763 870
1146.839 878
1146.915 888
1146.992 908
1147.068 923
1147.145 943
1147.221 970
1147.298 991
1147.374 988
1147.450 988
1147.527 970
1147.603 954
1147.680 939
1147.756 926
1147.832 913
1147.909 894
1147.985 894
1148.062 893
1148.138 902
1148.215 920
1148.291 923
1148.368 919
1148.444 906
1148.520 900
1148.597 908
1148.673 910
1148.750 923
1148.826 926
1148.903 912
1148.979 902
1149.056 889
1149.132 878
1149.209 881
1149.285 884
1149.362 886
1149.438 886
1149.515 896
1149.591 913
1149.668 927
1149.744 946
1149.820 937
1149.897 923
1149.973 920
1150.050 916
1150.126 922
1150.203 924
1150.280 918
1150.356 897
1150.433 888
1150.509 878
1150.586 887
1150.662 903
1150.739 914
1150.815 926
1150.892 922
1150.968 909
1151.045 902
1151.121 893
1151.198 896
1151.274 894
1151.351 896
1151.427 902
1151.504 910
1151.581 927
1151.657 930
1151.734 935
1151.810 934
1151.887 923
1151.963 934
1152.040 940
1152.117 947
1152.193 963
1152.270 963
1152.346 953
1152.423 952
1152.499 950
1152.576 954
1152.653 959
1152.729 952
1152.806 938
1152.882 924
1152.959 912
1153.036 905
1153.112 901
1153.189 917
1153.265 931
1153.342 950
1153.419 976
1153.495 989
1153.572 1002
1153.649 1010
1153.725 1020
1153.802 1009
1153.878 996
1153.955 975
1154.032 952
1154.108 938
1154.185 923
1154.262 927
1154.338 928
1154.415 946
1154.492 970
1154.568 985
1154.645 1004
1154.722 1021
1154.798 1039
1154.875 1044
1154.952 1052
1155.028 1030
1155.105 1005
1155.182 985
1155.258 963
1155.335 942
1155.412 926
1155.488 909
1155.565 894
1155.642 901
1155.718 902
1155.795 908
1155.872 910
1155.948 904
1156.025 902
1156.102 906
1156.179 908
1156.255 918
1156.332 930
1156.409 928
1156.485 928
1156.562 934
1156.639 939
1156.716 952
1156.792 969
1156.869 959
1156.946 946
1157.023 937
1157.099 927
1157.176 917
1157.253 908
1157.330 900
1157.406 898
1157.483 907
1157.560 923
1157.637 931
1157.713 940
1157.790 953
1157.867 960
1157.944 974
1158.020 984
1158.097 977
1158.174 965
1158.251 959
1158.328 961
1158.404 956
1158.481 960
1158.558 964
1158.635 962
1158.711 960
1158.788 957
1158.865 948
1158.942 933
1159.019 912
1159.095 896
1159.172 877
1159.249 859
1159.326 866
1159.403 872
1159.480 877
1159.556 873
1159.633 880
1159.710 881
1159.787 878
1159.864 877
1159.941 876
1160.017 873
1160.094 875
1160.171 882
1160.248 873
1160.325 859
1160.402 841
1160.478 824
1160.555 816
1160.632 811
1160.709 809
1160.786 811
1160.863 818
1160.940 823
1161.017 836
1161.093 853
1161.170 858
1161.247 866
1161.324 876
1161.401 890
1161.478 906
1161.555 918
1161.632 921
1161.708 936
1161.785 935
1161.862 933
1161.939 929
1162.016 914
1162.093 893
1162.170 864
1162.247 835
1162.324 812
1162.401 832
1162.478 854
1162.554 882
1162.631 921
1162.708 931
1162.785 942
1162.862 964
1162.939 983
1163.016 978
1163.093 973
1163.170 953
1163.247 930
1163.324 930
1163.401 928
1163.478 923
1163.555 921
1163.632 914
1163.709 904
1163.786 903
1163.863 904
1163.940 900
1164.017 897
1164.094 885
1164.170 875
1164.247 859
1164.324 845
1164.401 844
1164.478 833
1164.555 844
1164.632 853
1164.709 858
1164.786 868
1164.863 882
1164.940 894
1165.017 901
1165.094 912
1165.171 915
1165.248 911
1165.325 913
1165.403 924
1165.480 918
1165.557 917
1165.634 913
1165.711 907
1165.788 908
1165.865 908
1165.942 917
1166.019 926
1166.096 921
1166.173 921
1166.250 913
1166.327 903
1166.404 907
1166.481 909
1166.558 912
1166.635 914
1166.712 915
1166.789 913
1166.866 905
1166.943 889
1167.021 897
1167.098 899
1167.175 900
1167.252 908
1167.329 895
1167.406 876
1167.483 871
1167.560 866
1167.637 861
1167.714 865
1167.791 859
1167.868 853
1167.946 846
1168.023 841
1168.100 843
1168.177 844
1168.254 857
1168.331 869
1168.408 878
1168.485 889
1168.563 904
1168.640 919
1168.717 925
1168.794 942
1168.871 938
1168.948 932
1169.025 923
1169.102 916
1169.180 906
1169.257 890
1169.334 887
1169.411 880
1169.488 880
1169.565 873
1169.643 877
1169.720 883
1169.797 898
1169.874 918
1169.951 927
1170.028 931
1170.106 933
1170.183 938
1170.260 934
1170.337 925
1170.414 925
1170.492 920
1170.569 928
1170.646 939
1170.723 935
1170.800 933
1170.878 930
1170.955 921
1171.032 906
1171.109 893
1171.186 877
1171.264 859
1171.341 865
1171.418 868
1171.495 872
1171.572 886
1171.650 879
1171.727 878
1171.804 877
1171.881 876
1171.959 873
1172.036 871
1172.113 867
1172.190 859
1172.268 864
1172.345 869
1172.422 875
1172.499 891
1172.577 893
1172.654 890
1172.731 891
1172.808 893
1172.886 890
1172.963 889
1173.040 886
1173.118 887
1173.195 887
1173.272 887
1173.349 885
1173.427 882
1173.504 893
1173.581 899
1173.659 894
1173.736 887
1173.813 882
1173.890 873
1173.968 872
1174.045 862
1174.122 849
1174.200 839
1174.277 844
1174.354 852
1174.432 856
1174.509 858
1174.586 854
1174.664 845
1174.741 844
1174.818 843
1174.896 855
1174.973 862
1175.050 869
1175.128 879
1175.205 891
1175.282 897
1175.360 904
1175.437 916
1175.514 906
1175.592 898
1175.669 906
1175.747 907
1175.824 904
1175.901 910
1175.979 904
1176.056 890
1176.133 892
1176.211 893
1176.288 883
1176.366 885
1176.443 881
1176.520 878
1176.598 899
1176.675 922
1176.753 934
1176.830 950
1176.907 952
1176.985 955
1177.062 968
1177.140 987
1177.217 987
1177.294 992
1177.372 1003
1177.449 1011
1177.527 1027
1177.604 1048
1177.682 1048
1177.759 1051
1177.836 1059
1177.914 1058
1177.991 1058
1178.069 1068
1178.146 1043
1178.224 1012
1178.301 998
1178.378 980
1178.456 974
1178.533 973
1178.611 978
1178.688 982
1178.766 992
1178.843 1000
1178.921 995
1178.998 993
1179.076 990
1179.153 985
1179.231 982
1179.308 976
1179.386 972
1179.463 969
1179.541 969
1179.618 953
1179.696 943
1179.773 925
1179.851 913
1179.928 902
1180.006 896
1180.083 888
1180.161 886
1180.238 880
1180.316 887
1180.393 900
1180.471 908
1180.548 907
1180.626 920
1180.703 928
1180.781 928
1180.858 936
1180.936 923
1181.013 912
1181.091 914
1181.169 921
1181.246 929
1181.324 931
1181.401 930
1181.479 931
1181.556 913
1181.634 906
1181.711 890
1181.789 872
1181.867 858
1181.944 837
1182.022 826
1182.099 812
1182.177 824
1182.254 842
1182.332 859
1182.410 876
1182.487 883
1182.565 888
1182.642 886
1182.720 886
1182.798 879
1182.875 868
1182.953 865
1183.030 857
1183.108 855
1183.186 854
1183.263 842
1183.341 836
1183.419 841
1183.496 846
1183.574 861
1183.651 880
1183.729 884
1183.807 888
1183.884 898
1183.962 916
1184.040 917
1184.117 921
1184.195 910
1184.273 895
1184.350 886
1184.428 869
1184.506 858
1184.583 849
1184.661 845
1184.739 841
1184.816 846
1184.894 858
1184.972 870
1185.049 885
1185.127 882
1185.205 888
1185.282 871
1185.360 856
1185.438 851
1185.515 842
1185.593 841
1185.671 846
1185.748 851
1185.826 846
1185.904 861
1185.982 863
1186.059 874
1186.137 892
1186.215 883
1186.292 881
1186.370 865
1186.448 859
1186.526 854
1186.603 856
1186.681 861
1186.759 863
1186.836 863
1186.914 864
1186.992 864
1187.070 862
1187.147 854
1187.225 846
1187.303 835
1187.381 827
1187.458 842
1187.536 859
1187.614 871
1187.692 885
1187.769 893
1187.847 902
1187.925 903
1188.003 896
1188.081 876
1188.158 852
1188.236 843
1188.314 838
1188.392 854
1188.470 870
1188.547 880
1188.625 890
1188.703 889
1188.781 887
1188.858 891
1188.936 892
1189.014 877
1189.092 858
1189.170 845
1189.248 836
1189.325 839
1189.403 847
1189.481 845
1189.559 849
1189.637 851
1189.715 852
1189.792 851
1189.870 841
1189.948 834
1190.026 834
1190.104 838
1190.182 840
1190.259 838
1190.337 830
1190.415 830
1190.493 826
1190.571 837
1190.649 850
1190.727 869
1190.804 891
1190.882 895
1190.960 903
1191.038 902
1191.116 895
1191.194 884
1191.272 872
1191.350 865
1191.427 864
1191.505 877
1191.583 894
1191.661 897
1191.739 894
1191.817 894
1191.895 892
1191.973 890
1192.051 877
1192.129 857
1192.206 833
1192.284 820
1192.362 809
1192.440 805
1192.518 806
1192.596 805
1192.674 814
1192.752 827
1192.830 839
1192.908 852
1192.986 859
1193.064 856
1193.142 853
1193.220 844
1193.298 839
1193.375 842
1193.453 852
1193.531 860
1193.609 869
1193.687 867
1193.765 862
1193.843 865
1193.921 869
1193.999 860
1194.077 847
1194.155 830
1194.233 812
1194.311 812
1194.389 816
1194.467 821
1194.545 834
1194.623 843
1194.701 853
1194.779 864
1194.857 878
1194.935 873
1195.013 876
1195.091 862
1195.169 850
1195.247 844
1195.325 832
1195.403 841
1195.481 847
1195.559 850
1195.637 860
1195.715 858
1195.793 853
1195.871 856
1195.949 854
1196.027 863
1196.105 870
1196.184 865
1196.262 856
1196.340 861
1196.418 852
1196.496 862
1196.574 877
1196.652 876
1196.730 885
1196.808 881
1196.886 880
1196.964 872
1197.042 871
1197.120 871
1197.198 868
1197.276 884
1197.355 897
1197.433 901
1197.511 911
1197.589 911
1197.667 908
1197.745 911
1197.823 915
1197.901 916
1197.979 916
1198.057 903
1198.136 886
1198.214 870
1198.292 853
1198.370 855
1198.448 858
1198.526 873
1198.604 894
1198.682 889
1198.760 889
1198.839 871
1198.917 844
1198.995 846
1199.073 846
1199.151 846
1199.229 855
1199.307 864
1199.386 875
1199.464 886
1199.542 898
1199.620 896
1199.698 898
1199.776 899
1199.855 893
1199.933 898
1200.011 898
1200.089 906
1200.167 920
1200.245 936
1200.324 955
1200.402 980
1200.480 1003
1200.558 1009
1200.636 1016
1200.715 1008
1200.793 1000
1200.871 997
1200.949 996
1201.027 996
1201.106 989
1201.184 986
1201.262 984
1201.340 982
1201.418 987
1201.497 985
1201.575 985
1201.653 989
1201.731 987
1201.810 985
1201.888 981
1201.966 975
1202.044 970
1202.123 978
1202.201 981
1202.279 987
1202.357 990
1202.436 1002
1202.514 1012
1202.592 1016
1202.670 1020
1202.749 1014
1202.827 1002
1202.905 993
1202.983 981
1203.062 977
1203.140 977
1203.218 983
1203.297 987
1203.375 986
1203.453 984
1203.531 978
1203.610 974
1203.688 975
1203.766 981
1203.845 992
1203.923 1009
1204.001 1011
1204.079 1007
1204.158 998
1204.236 978
1204.314 963
1204.393 941
1204.471 933
1204.549 920
1204.628 927
1204.706 933
1204.784 942
1204.863 961
1204.941 965
1205.019 971
1205.098 955
1205.176 946
1205.254 934
1205.333 923
1205.411 930
1205.489 947
1205.568 962
1205.646 976
1205.725 977
1205.803 977
1205.881 967
1205.960 955
1206.038 950
1206.116 933
1206.195 920
1206.273 909
1206.352 901
1206.430 892
1206.508 877
1206.587 862
1206.665 855
1206.743 847
1206.822 846
1206.900 843
1206.979 846
1207.057 854
1207.135 863
1207.214 872
1207.292 866
1207.371 867
1207.449 874
1207.528 878
1207.606 889
1207.684 901
1207.763 912
1207.841 922
1207.920 941
1207.998 958
1208.077 953
1208.155 948
1208.233 933
1208.312 907
1208.390 894
1208.469 884
1208.547 872
1208.626 860
1208.704 863
1208.783 870
1208.861 879
1208.940 894
1209.018 894
1209.097 894
1209.175 884
1209.253 866
1209.332 865
1209.410 866
1209.489 870
1209.567 875
1209.646 874
1209.724 869
1209.803 872
1209.881 868
1209.960 865
1210.038 869
1210.117 866
1210.195 859
1210.274 850
1210.352 842
1210.431 831
1210.509 818
1210.588 824
1210.667 825
1210.745 833
1210.824 845
1210.902 845
1210.981 843
1211.059 856
1211.138 866
1211.216 863
1211.295 862
1211.373 849
1211.452 832
1211.530 836
1211.609 844
1211.688 843
1211.766 841
1211.845 837
1211.923 832
1212.002 846
1212.080 852
1212.159 848
1212.238 844
1212.316 826
1212.395 805
1212.473 799
1212.552 790
1212.630 791
1212.709 790
1212.788 796
1212.866 804
1212.945 810
1213.023 816
1213.102 823
1213.181 825
1213.259 836
1213.338 845
1213.416 841
1213.495 837
1213.574 842
1213.652 851
1213.731 866
1213.810 885
1213.888 891
1213.967 907
1214.046 895
1214.124 888
1214.203 878
1214.281 863
1214.360 876
1214.439 885
1214.517 890
1214.596 894
1214.675 889
1214.753 880
1214.832 882
1214.911 885
1214.989 880
1215.068 870
1215.147 868
1215.225 861
1215.304 864
1215.383 867
1215.461 854
1215.540 851
1215.619 852
1215.697 854
1215.776 864
1215.855 862
1215.934 857
1216.012 859
1216.091 850
1216.170 842
1216.248 845
1216.327 847
1216.406 856
1216.485 877
1216.563 887
1216.642 894
1216.721 904
1216.799 904
1216.878 888
1216.957 879
1217.036 860
1217.114 838
1217.193 848
1217.272 860
1217.351 871
1217.429 888
1217.508 882
1217.587 877
1217.666 867
1217.744 854
1217.823 842
1217.902 825
1217.981 818
1218.059 816
1218.138 808
1218.217 800
1218.296 799
1218.374 794
1218.453 801
1218.532 813
1218.611 816
1218.690 822
1218.768 832
1218.847 845
1218.926 857
1219.005 876
1219.084 877
1219.162 880
1219.241 877
1219.320 874
1219.399 869
1219.478 869
1219.556 872
1219.635 870
1219.714 871
1219.793 874
1219.872 872
1219.951 876
1220.029 867
1220.108 853
1220.187 848
1220.266 827
1220.345 826
1220.424 821
1220.502 814
1220.581 817
1220.660 820
1220.739 824
1220.818 832
1220.897 834
1220.976 838
1221.054 843
1221.133 841
1221.212 834
1221.291 818
1221.370 799
1221.449 785
1221.528 772
1221.607 763
1221.685 755
1221.764 752
1221.843 743
1221.922 757
1222.001 777
1222.080 796
1222.159 819
1222.238 827
1222.317 831
1222.396 836
1222.474 841
1222.553 845
1222.632 854
1222.711 852
1222.790 861
1222.869 864
1222.948 870
1223.027 882
1223.106 887
1223.185 894
1223.264 897
1223.343 893
1223.422 889
1223.501 881
1223.580 877
1223.658 886
1223.737 886
1223.816 888
1223.895 896
1223.974 889
1224.053 883
1224.132 888
1224.211 885
1224.290 895
1224.369 918
1224.448 947
1224.527 972
1224.606 985
1224.685 1002
1224.764 995
1224.843 991
1224.922 990
1225.001 989
1225.080 978
1225.159 966
1225.238 965
1225.317 958
1225.396 965
1225.475 973
1225.554 975
1225.633 979
1225.712 977
1225.791 974
1225.870 964
1225.949 946
1226.028 944
1226.107 938
1226.186 931
1226.265 922
1226.344 925
1226.423 931
1226.502 938
1226.581 956
1226.661 971
1226.740 978
1226.819 988
1226.898 995
1226.977 993
1227.056 992
1227.135 995
1227.214 982
1227.293 978
1227.372 972
1227.451 964
1227.530 959
1227.609 961
1227.688 965
1227.768 966
1227.847 963
1227.926 944
1228.005 924
1228.084 906
1228.163 888
1228.242 874
1228.321 859
1228.400 851
1228.479 851
1228.559 850
1228.638 847
1228.717 852
1228.796 865
1228.875 867
1228.954 873
1229.033 869
1229.112 866
1229.191 871
1229.271 871
1229.350 862
1229.429 858
1229.508 852
1229.587 849
1229.666 856
1229.745 860
1229.825 872
1229.904 881
1229.983 896
1230.062 910
1230.141 911
1230.220 908
1230.300 898
1230.379 888
1230.458 869
1230.537 849
1230.616 836
1230.696 815
1230.775 814
1230.854 813
1230.933 813
1231.012 809
1231.091 812
1231.171 820
1231.250 827
1231.329 831
1231.408 838
1231.487 843
1231.567 856
1231.646 865
1231.725 875
1231.804 886
1231.884 880
1231.963 879
1232.042 871
1232.121 863
1232.200 854
1232.280 840
1232.359 840
1232.438 835
1232.517 838
1232.597 850
1232.676 859
1232.755 869
1232.834 877
1232.914 877
1232.993 865
1233.072 849
1233.151 843
1233.231 832
1233.310 826
1233.389 827
1233.468 821
1233.548 810
1233.627 824
1233.706 834
1233.786 836
1233.865 844
1233.944 851
1234.023 850
1234.103 859
1234.182 876
1234.261 859
1234.341 847
1234.420 836
1234.499 822
1234.579 819
1234.658 817
1234.737 809
1234.817 799
1234.896 796
1234.975 788
1235.054 787
1235.134 783
1235.213 791
1235.292 794
1235.372 807
1235.451 834
1235.530 842
1235.610 847
1235.689 847
1235.769 850
1235.848 857
1235.927 865
1236.007 856
1236.086 849
1236.165 837
1236.245 826
1236.324 830
1236.403 829
1236.483 846
1236.562 858
1236.641 864
1236.721 875
1236.800 872
1236.880 872
1236.959 874
1237.038 883
1237.118 879
1237.197 872
1237.277 865
1237.356 863
1237.435 857
1237.515 855
1237.594 849
1237.674 835
1237.753 830
1237.832 827
1237.912 828
1237.991 826
1238.071 822
1238.150 811
1238.230 804
1238.309 806
1238.388 796
1238.468 788
1238.547 782
1238.627 762
1238.706 770
1238.786 773
1238.865 781
1238.945 791
1239.024 793
1239.103 797
1239.183 798
1239.262 803
1239.342 811
1239.421 823
1239.501 836
1239.580 849
1239.660 856
1239.739 865
1239.819 865
1239.898 870
1239.978 856
1240.057 838
1240.137 825
1240.216 807
1240.296 811
1240.375 816
1240.455 818
1240.534 815
1240.614 827
1240.693 837
1240.773 850
1240.852 869
1240.932 869
1241.011 868
1241.091 863
1241.170 859
1241.250 852
1241.329 853
1241.409 862
1241.488 862
1241.568 881
1241.647 905
1241.727 900
1241.806 903
1241.886 904
1241.966 906
1242.045 909
1242.125 921
1242.204 911
1242.284 894
1242.363 890
1242.443 886
1242.522 876
1242.602 871
1242.682 871
1242.761 859
1242.841 851
1242.920 842
1243.000 830
1243.080 812
1243.159 806
1243.239 798
1243.318 789
1243.398 780
1243.477 788
1243.557 797
1243.637 809
1243.716 817
1243.796 822
1243.876 830
1243.955 834
1244.035 841
1244.114 836
1244.194 830
1244.274 817
1244.353 805
1244.433 801
1244.512 792
1244.592 799
1244.672 809
1244.751 818
1244.831 828
1244.911 828
1244.990 838
1245.070 829
1245.150 816
1245.229 805
1245.309 799
1245.389 800
1245.468 800
1245.548 819
1245.628 837
1245.707 849
1245.787 866
1245.867 871
1245.946 872
1246.026 871
1246.106 869
1246.185 860
1246.265 844
1246.345 831
1246.424 816
1246.504 815
1246.584 821
1246.664 832
1246.743 843
1246.823 837
1246.903 830
1246.982 826
1247.062 826
1247.142 835
1247.222 850
1247.301 854
1247.381 858
1247.461 866
1247.540 876
1247.620 881
1247.700 885
1247.780 882
1247.859 876
1247.939 872
1248.019 870
1248.099 869
1248.178 871
1248.258 885
1248.338 906
1248.418 916
1248.497 925
1248.577 922
1248.657 916
1248.737 920
1248.816 914
1248.896 906
1248.976 895
1249.056 886
1249.136 880
1249.215 890
1249.295 900
1249.375 915
1249.455 931
1249.535 957
1249.614 987
1249.694 1007
1249.774 1039
1249.854 1045
1249.934 1050
1250.013 1058
1250.093 1065
1250.173 1052
1250.253 1038
1250.333 1017
1250.412 992
1250.492 986
1250.572 981
1250.652 972
1250.732 952
1250.812 948
1250.891 933
1250.971 929
1251.051 930
1251.131 917
1251.211 907
1251.291 897
1251.371 882
1251.450 891
1251.530 897
1251.610 899
1251.690 898
1251.770 905
1251.850 910
1251.930 922
1252.009 939
1252.089 928
1252.169 921
1252.249 919
1252.329 912
1252.409 904
1252.489 899
1252.569 888
1252.649 884
1252.728 879
1252.808 875
1252.888 866
1252.968 848
1253.048 848
1253.128 847
1253.208 849
1253.288 857
1253.368 850
1253.448 842
1253.528 835
1253.607 824
1253.687 823
1253.767 826
1253.847 827
1253.927 841
1254.007 832
1254.087 819
1254.167 806
1254.247 794
1254.327 804
1254.407 815
1254.487 818
1254.567 825
1254.647 826
1254.727 826
1254.807 824
1254.887 824
1254.967 823
1255.047 825
1255.127 828
1255.207 817
1255.287 815
1255.367 813
1255.447 812
1255.527 817
1255.607 824
1255.687 828
1255.767 833
1255.847 846
1255.927 840
1256.007 829
1256.087 827
1256.167 822
1256.247 812
1256.327 804
1256.407 804
1256.487 810
1256.567 823
1256.647 839
1256.727 858
1256.807 856
1256.887 868
1256.967 879
1257.047 870
1257.127 868
1257.207 865
1257.287 860
1257.367 849
1257.447 839
1257.527 839
1257.607 833
1257.687 831
1257.767 828
1257.847 815
1257.927 808
1258.007 802
1258.088 796
1258.168 789
1258.248 779
1258.328 770
1258.408 759
1258.488 765
1258.568 767
1258.648 778
1258.728 788
1258.808 789
1258.888 788
1258.969 786
1259.049 776
1259.129 773
1259.209 765
1259.289 763
1259.369 759
1259.449 764
1259.529 773
1259.609 776
1259.690 788
1259.770 792
1259.850 799
1259.930 804
1260.010 809
1260.090 805
1260.170 799
1260.250 789
1260.331 772
1260.411 775
1260.491 778
1260.571 789
1260.651 805
1260.731 814
1260.812 823
1260.892 829
1260.972 836
1261.052 823
1261.132 814
1261.212 807
1261.293 808
1261.373 816
1261.453 826
1261.533 828
1261.613 835
1261.693 832
1261.774 830
1261.854 829
1261.934 816
1262.014 810
1262.094 798
1262.175 787
1262.255 774
1262.335 776
1262.415 779
1262.495 780
1262.576 785
1262.656 778
1262.736 778
1262.816 778
1262.897 779
1262.977 793
1263.057 810
1263.137 814
1263.218 819
1263.298 811
1263.378 811
1263.458 809
1263.539 813
1263.619 839
1263.699 861
1263.779 879
1263.860 899
1263.940 884
1264.020 871
1264.100 862
1264.181 864
1264.261 848
1264.341 836
1264.421 827
1264.502 819
1264.582 824
1264.662 832
1264.743 837
1264.823 835
1264.903 833
1264.983 824
1265.064 807
1265.144 792
1265.224 778
1265.305 768
1265.385 772
1265.465 766
1265.546 768
1265.626 772
1265.706 766
1265.787 766
1265.867 771
1265.947 771
1266.027 772
1266.108 772
1266.188 772
1266.268 779
1266.349 781
1266.429 790
1266.510 793
1266.590 789
1266.670 796
1266.751 800
1266.831 814
1266.911 827
1266.992 836
1267.072 844
1267.152 834
1267.233 820
1267.313 803
1267.393 793
1267.474 805
1267.554 810
1267.635 829
1267.715 841
1267.795 835
1267.876 828
1267.956 830
1268.037 826
1268.117 833
1268.197 842
1268.278 832
1268.358 823
1268.439 813
1268.519 801
1268.599 805
1268.680 803
1268.760 808
1268.841 811
1268.921 818
1269.001 813
1269.082 814
1269.162 814
1269.243 807
1269.323 797
1269.404 796
1269.484 795
1269.564 795
1269.645 795
1269.725 794
1269.806 797
1269.886 798
1269.967 807
1270.047 809
1270.128 810
1270.208 813
1270.289 806
1270.369 824
1270.450 838
1270.530 855
1270.610 869
1270.691 879
1270.771 890
1270.852 896
1270.932 906
1271.013 878
1271.093 847
1271.174 832
1271.254 811
1271.335 818
1271.415 822
1271.496 821
1271.576 815
1271.657 829
1271.737 842
1271.818 858
1271.898 877
1271.979 886
1272.059 895
1272.140 905
1272.221 925
1272.301 931
1272.382 938
1272.462 942
1272.543 944
1272.623 941
1272.704 939
1272.784 937
1272.865 928
1272.945 917
1273.026 909
1273.107 906
1273.187 906
1273.268 921
1273.348 933
1273.429 938
1273.509 946
1273.590 946
1273.670 941
1273.751 939
1273.832 932
1273.912 934
1273.993 934
1274.073 937
1274.154 947
1274.235 939
1274.315 936
1274.396 943
1274.476 950
1274.557 955
1274.638 963
1274.718 958
1274.799 947
1274.879 937
1274.960 923
1275.041 909
1275.121 893
1275.202 878
1275.283 863
1275.363 845
1275.444 825
1275.524 830
1275.605 834
1275.686 842
1275.766 843
1275.847 846
1275.928 850
1276.008 846
1276.089 852
1276.170 836
1276.250 823
1276.331 822
1276.412 814
1276.492 813
1276.573 819
1276.654 822
1276.734 820
1276.815 829
1276.896 840
1276.976 838
1277.057 846
1277.138 851
1277.218 856
1277.299 861
1277.380 866
1277.460 853
1277.541 840
1277.622 829
1277.702 805
1277.783 827
1277.864 852
1277.945 871
1278.025 893
1278.106 895
1278.187 897
1278.267 892
1278.348 897
1278.429 892
1278.510 877
1278.590 883
1278.671 887
1278.752 872
1278.833 868
1278.913 851
1278.994 828
1279.075 820
1279.156 819
1279.236 817
1279.317 821
1279.398 804
1279.479 789
1279.559 769
1279.640 754
1279.721 757
1279.802 755
1279.882 756
1279.963 761
1280.044 764
1280.125 763
1280.206 768
1280.286 784
1280.367 790
1280.448 793
1280.529 805
1280.610 812
1280.690 820
1280.771 828
1280.852 819
1280.933 811
1281.014 804
1281.094 797
1281.175 793
1281.256 792
1281.337 784
1281.418 778
1281.499 773
1281.579 767
1281.660 783
1281.741 794
1281.822 809
1281.903 827
1281.984 833
1282.064 839
1282.145 841
1282.226 841
1282.307 833
1282.388 831
1282.469 812
1282.549 788
1282.630 774
1282.711 757
1282.792 752
1282.873 748
1282.954 760
1283.035 770
1283.116 779
1283.196 785
1283.277 786
1283.358 791
1283.439 801
1283.520 812
1283.601 806
1283.682 804
1283.763 799
1283.844 788
1283.924 787
1284.005 782
1284.086 770
1284.167 756
1284.248 753
1284.329 751
1284.410 759
1284.491 761
1284.572 771
1284.653 783
1284.734 783
1284.815 787
1284.896 787
1284.976 781
1285.057 779
1285.138 782
1285.219 781
1285.300 777
1285.381 770
1285.462 765
1285.543 761
1285.624 759
1285.705 767
1285.786 773
1285.867 774
1285.948 779
1286.029 790
1286.110 796
1286.191 816
1286.272 841
1286.353 847
1286.434 850
1286.515 843
1286.596 828
1286.677 821
1286.758 811
1286.839 803
1286.920 800
1287.001 794
1287.082 791
1287.163 789
1287.244 787
1287.325 782
1287.406 775
1287.487 755
1287.568 736
1287.649 728
1287.730 706
1287.811 715
1287.892 715
1287.973 725
1288.054 737
1288.135 755
1288.216 771
1288.297 791
1288.378 824
1288.459 824
1288.540 825
1288.621 817
1288.702 809
1288.783 802
1288.864 786
1288.946 765
1289.027 745
1289.108 734
1289.189 726
1289.270 720
1289.351 710
1289.432 711
1289.513 709
1289.594 726
1289.675 746
1289.756 760
1289.837 776
1289.919 785
1290.000 796
1290.081 789
1290.162 788
1290.243 779
1290.324 777
1290.405 759
1290.486 747
1290.567 725
1290.648 703
1290.730 712
1290.811 716
1290.892 716
1290.973 716
1291.054 714
1291.135 713
1291.216 718
1291.298 722
1291.379 719
1291.460 719
1291.541 722
1291.622 727
1291.703 733
1291.784 742
1291.866 744
1291.947 753
1292.028 758
1292.109 765
1292.190 776
1292.271 785
1292.353 793
1292.434 799
1292.515 800
1292.596 803
1292.677 796
1292.758 785
1292.840 780
1292.921 779
1293.002 775
1293.083 776
1293.164 767
1293.246 755
1293.327 741
1293.408 726
1293.489 718
1293.570 698
1293.652 702
1293.733 703
1293.814 715
1293.895 730
1293.977 717
1294.058 711
1294.139 691
1294.220 669
1294.301 672
1294.383 672
1294.464 674
1294.545 684
1294.626 700
1294.708 712
1294.789 727
1294.870 750
1294.951 757
1295.033 762
1295.114 763
1295.195 762
1295.276 752
1295.358 738
1295.439 732
1295.520 722
1295.602 724
1295.683 728
1295.764 731
1295.845 729
1295.927 738
1296.008 742
1296.089 756
1296.171 780
1296.252 795
1296.333 813
1296.414 828
1296.496 844
1296.577 863
1296.658 888
1296.740 898
1296.821 907
1296.902 921
1296.984 936
1297.065 952
1297.146 973
1297.228 957
1297.309 945
1297.390 938
1297.472 929
1297.553 935
1297.634 944
1297.716 942
1297.797 947
1297.878 942
1297.960 931
1298.041 924
1298.122 915
1298.204 917
1298.285 914
1298.367 920
1298.448 927
1298.529 928
1298.611 934
1298.692 923
1298.773 908
1298.855 895
1298.936 881
1299.018 873
1299.099 869
1299.180 873
1299.262 872
1299.343 875
1299.424 878
1299.506 877
1299.587 880
1299.669 882
1299.750 881
1299.832 879
1299.913 879
1299.994 880
1300.076 880
1300.157 886
1300.239 889
1300.320 890
1300.401 892
1300.483 895
1300.564 899
1300.646 906
1300.727 908
1300.809 904
1300.890 899
1300.972 892
1301.053 887
1301.134 873
1301.216 856
1301.297 846
1301.379 836
1301.460 832
1301.542 826
1301.623 826
1301.705 812
1301.786 805
1301.868 801
1301.949 797
1302.031 792
1302.112 791
1302.194 792
1302.275 778
1302.357 767
1302.438 759
1302.520 749
1302.601 756
1302.683 765
1302.764 774
1302.846 782
1302.927 795
1303.009 803
1303.090 803
1303.172 797
1303.253 781
1303.335 763
1303.416 757
1303.498 757
1303.579 769
1303.661 781
1303.742 782
1303.824 786
1303.905 790
1303.987 791
1304.068 785
1304.150 780
1304.232 768
1304.313 751
1304.395 746
1304.476 736
1304.558 728
1304.639 708
1304.721 717
1304.802 718
1304.884 718
1304.966 726
1305.047 722
1305.129 726
1305.210 740
1305.292 751
1305.374 754
1305.455 759
1305.537 756
1305.618 749
1305.700 756
1305.782 759
1305.863 769
1305.945 780
1306.026 772
1306.108 765
1306.190 754
1306.271 744
1306.353 754
1306.434 767
1306.516 783
1306.598 809
1306.679 816
1306.761 827
1306.843 838
1306.924 843
1307.006 840
1307.087 837
1307.169 822
1307.251 810
1307.332 806
1307.414 801
1307.496 788
1307.577 784
1307.659 779
1307.741 774
1307.822 774
1307.904 771
1307.986 745
1308.067 717
1308.149 703
1308.231 687
1308.312 697
1308.394 709
1308.476 714
1308.557 715
1308.639 735
1308.721 753
1308.803 777
1308.884 803
1308.966 818
1309.048 835
1309.129 837
1309.211 836
1309.293 811
1309.375 785
1309.456 763
1309.538 749
1309.620 748
1309.701 752
1309.783 758
1309.865 761
1309.947 767
1310.028 771
1310.110 769
1310.192 771
1310.274 771
1310.355 767
1310.437 774
1310.519 783
1310.601 786
1310.682 787
1310.764 788
1310.846 794
1310.928 800
1311.009 804
1311.091 806
1311.173 805
1311.255 793
1311.336 782
1311.418 760
1311.500 740
1311.582 732
1311.664 722
1311.745 727
1311.827 735
1311.909 742
1311.991 754
1312.073 765
1312.154 775
1312.236 772
1312.318 767
1312.400 755
1312.482 738
1312.563 737
1312.645 739
1312.727 742
1312.809 744
1312.891 742
1312.972 738
1313.054 734
1313.136 732
1313.218 729
1313.300 722
1313.382 714
1313.464 706
1313.545 716
1313.627 726
1313.709 734
1313.791 741
1313.873 751
1313.955 755
1314.036 769
1314.118 791
1314.200 798
1314.282 808
1314.364 821
1314.446 831
1314.528 844
1314.610 859
1314.691 851
1314.773 843
1314.855 822
1314.937 801
1315.019 787
1315.101 763
1315.183 760
1315.265 751
1315.347 761
1315.429 765
1315.510 773
1315.592 783
1315.674 783
1315.756 790
1315.838 800
1315.920 809
1316.002 798
1316.084 778
1316.166 767
1316.248 759
1316.330 766
1316.412 780
1316.494 770
1316.576 756
1316.657 750
1316.739 748
1316.821 755
1316.903 767
1316.985 771
1317.067 777
1317.149 776
1317.231 774
1317.313 771
1317.395 761
1317.477 761
1317.559 760
1317.641 751
1317.723 752
1317.805 759
1317.887 762
1317.969 764
1318.051 768
1318.133 781
1318.215 788
1318.297 804
1318.379 821
1318.461 819
1318.543 823
1318.625 817
1318.707 809
1318.789 796
1318.871 786
1318.953 784
1319.035 771
1319.117 774
1319.199 780
1319.281 781
1319.363 772
1319.445 776
1319.527 785
1319.609 783
1319.691 784
1319.773 780
1319.855 774
1319.937 774
1320.019 784
1320.101 796
1320.184 806
1320.266 816
1320.348 816
1320.430 837
1320.512 852
1320.594 876
1320.676 899
1320.758 897
1320.840 901
1320.922 898
1321.004 895
1321.086 893
1321.168 900
1321.250 890
1321.333 882
1321.415 888
1321.497 888
1321.579 898
1321.661 904
1321.743 918
1321.825 939
1321.907 951
1321.989 970
1322.072 956
1322.154 941
1322.236 926
1322.318 903
1322.400 897
1322.482 895
1322.564 901
1322.646 898
1322.729 911
1322.811 930
1322.893 942
1322.975 941
1323.057 932
1323.139 919
1323.221 909
1323.304 901
1323.386 894
1323.468 889
1323.550 886
1323.632 884
1323.714 879
1323.797 871
1323.879 866
1323.961 858
1324.043 852
1324.125 851
1324.207 845
1324.290 835
1324.372 823
1324.454 800
1324.536 790
1324.618 776
1324.701 787
1324.783 796
1324.865 813
1324.947 820
1325.029 815
1325.112 812
1325.194 807
1325.276 810
1325.358 816
1325.441 819
1325.523 811
1325.605 798
1325.687 791
1325.769 789
1325.852 791
1325.934 793
1326.016 795
1326.098 793
1326.181 795
1326.263 792
1326.345 796
1326.427 809
1326.510 811
1326.592 823
1326.674 809
1326.756 796
1326.839 782
1326.921 763
1327.003 757
1327.086 749
1327.168 756
1327.250 755
1327.332 741
1327.415 727
1327.497 726
1327.579 712
1327.662 714
1327.744 720
1327.826 709
1327.908 706
1327.991 701
1328.073 701
1328.155 696
1328.238 687
1328.320 691
1328.402 690
1328.485 691
1328.567 689
1328.649 701
1328.732 720
1328.814 737
1328.896 750
1328.979 743
1329.061 734
1329.143 722
1329.226 713
1329.308 710
1329.390 702
1329.473 701
1329.555 706
1329.637 715
1329.720 723
1329.802 733
1329.884 742
1329.967 753
1330.049 768
1330.131 770
1330.214 770
1330.296 758
1330.379 743
1330.461 738
1330.543 723
1330.626 731
1330.708 740
1330.791 757
1330.873 770
1330.955 757
1331.038 745
1331.120 725
1331.203 700
1331.285 707
1331.367 709
1331.450 711
1331.532 722
1331.615 731
1331.697 740
1331.779 749
1331.862 760
1331.944 752
1332.027 745
1332.109 743
1332.192 746
1332.274 750
1332.356 754
1332.439 760
1332.521 760
1332.604 752
1332.686 746
1332.769 738
1332.851 724
1332.934 728
1333.016 731
1333.099 722
1333.181 717
1333.263 705
1333.346 695
1333.428 692
1333.511 686
1333.593 677
1333.676 663
1333.758 662
1333.841 658
1333.923 674
1334.006 690
1334.088 707
1334.171 718
1334.253 707
1334.336 696
1334.418 686
1334.501 667
1334.583 682
1334.666 695
1334.748 701
1334.831 725
1334.913 720
1334.996 717
1335.078 712
1335.161 707
1335.243 700
1335.326 693
1335.409 690
1335.491 686
1335.574 699
1335.656 710
1335.739 721
1335.821 734
1335.904 722
1335.986 707
1336.069 703
1336.151 699
1336.234 707
1336.317 718
1336.399 723
1336.482 732
1336.564 739
1336.647 745
1336.729 741
1336.812 734
1336.895 736
1336.977 738
1337.060 747
1337.142 755
1337.225 757
1337.308 752
1337.390 748
1337.473 749
1337.555 750
1337.638 758
1337.721 755
1337.803 743
1337.886 738
1337.968 730
1338.051 740
1338.134 744
1338.216 751
1338.299 758
1338.382 765
1338.464 776
1338.547 782
1338.629 800
1338.712 794
1338.795 791
1338.877 778
1338.960 759
1339.043 751
1339.125 736
1339.208 732
1339.291 724
1339.373 725
1339.456 727
1339.539 730
1339.621 741
1339.704 740
1339.787 740
1339.869 731
1339.952 717
1340.035 714
1340.117 707
1340.200 723
1340.283 745
1340.365 757
1340.448 771
1340.531 771
1340.614 770
1340.696 772
1340.779 777
1340.862 775
1340.944 773
1341.027 769
1341.110 764
1341.193 767
1341.275 763
1341.358 757
1341.441 751
1341.523 749
1341.606 747
1341.689 750
1341.772 757
1341.854 749
1341.937 742
1342.020 735
1342.103 721
1342.185 713
1342.268 699
1342.351 691
1342.434 680
1342.516 690
1342.599 703
1342.682 708
1342.765 715
1342.847 706
1342.930 693
1343.013 689
1343.096 686
1343.179 684
1343.261 684
1343.344 681
1343.427 681
1343.510 685
1343.592 691
1343.675 700
1343.758 696
1343.841 698
1343.924 699
1344.006 699
1344.089 705
1344.172 718
1344.255 732
1344.338 749
1344.421 773
1344.503 790
1344.586 813
1344.669 830
1344.752 834
1344.835 834
1344.917 836
1345.000 840
1345.083 857
1345.166 867
1345.249 878
1345.332 886
1345.415 895
1345.497 912
1345.580 929
1345.663 939
1345.746 952
1345.829 948
1345.912 951
1345.995 938
1346.077 928
1346.160 908
1346.243 883
1346.326 878
1346.409 864
1346.492 875
1346.575 891
1346.658 898
1346.740 908
1346.823 910
1346.906 914
1346.989 903
1347.072 893
1347.155 882
1347.238 869
1347.321 860
1347.404 847
1347.487 843
1347.570 839
1347.652 850
1347.735 854
1347.818 861
1347.901 870
1347.984 857
1348.067 843
1348.150 832
1348.233 824
1348.316 826
1348.399 823
1348.482 822
1348.565 827
1348.648 822
1348.731 815
1348.814 816
1348.897 819
1348.980 814
1349.062 809
1349.145 799
1349.228 787
1349.311 784
1349.394 780
1349.477 770
1349.560 763
1349.643 756
1349.726 753
1349.809 755
1349.892 756
1349.975 747
1350.058 735
1350.141 728
1350.224 724
1350.307 723
1350.390 733
1350.473 733
1350.556 732
1350.639 727
1350.722 730
1350.805 746
1350.888 763
1350.971 773
1351.054 782
1351.137 772
1351.220 753
1351.304 747
1351.387 736
1351.470 726
1351.553 724
1351.636 720
1351.719 714
1351.802 723
1351.885 734
1351.968 740
1352.051 743
1352.134 739
1352.217 734
1352.300 731
1352.383 735
1352.466 741
1352.549 745
1352.632 740
1352.715 735
1352.799 741
1352.882 742
1352.965 747
1353.048 752
1353.131 746
1353.214 741
1353.297 743
1353.380 743
1353.463 746
1353.546 750
1353.630 747
1353.713 756
1353.796 752
1353.879 748
1353.962 742
1354.045 740
1354.128 741
1354.211 738
1354.294 738
1354.378 730
1354.461 729
1354.544 732
1354.627 734
1354.710 737
1354.793 741
1354.876 746
1354.960 753
1355.043 766
1355.126 755
1355.209 743
1355.292 734
1355.375 714
1355.459 713
1355.542 713
1355.625 703
1355.708 689
1355.791 690
1355.874 685
1355.958 693
1356.041 704
1356.124 708
1356.207 717
1356.290 712
1356.373 714
1356.457 709
1356.540 705
1356.623 701
1356.706 696
1356.789 698
1356.873 698
1356.956 703
1357.039 704
1357.122 705
1357.206 708
1357.289 714
1357.372 717
1357.455 729
1357.538 739
1357.622 750
1357.705 761
1357.788 760
1357.871 759
1357.955 751
1358.038 745
1358.121 752
1358.204 755
1358.288 763
1358.371 768
1358.454 768
1358.537 768
1358.621 776
1358.704 784
1358.787 784
1358.870 792
1358.954 781
1359.037 772
1359.120 769
1359.204 763
1359.287 759
1359.370 768
1359.453 765
1359.537 762
1359.620 764
1359.703 765
1359.787 771
1359.870 779
1359.953 783
1360.036 783
1360.120 765
1360.203 747
1360.286 724
1360.370 698
1360.453 709
1360.536 718
1360.620 741
1360.703 768
1360.786 754
1360.870 741
1360.953 729
1361.036 704
1361.120 693
1361.203 686
1361.286 678
1361.370 668
1361.453 682
1361.536 692
1361.620 697
1361.703 709
1361.787 711
1361.870 714
1361.953 708
1362.037 695
1362.120 684
1362.203 670
1362.287 672
1362.370 675
1362.453 690
1362.537 705
1362.620 715
1362.704 734
1362.787 733
1362.870 727
1362.954 723
1363.037 719
1363.121 708
1363.204 697
1363.287 685
1363.371 685
1363.454 697
1363.538 713
1363.621 734
1363.705 757
1363.788 765
1363.871 777
1363.955 774
1364.038 773
1364.122 753
1364.205 732
1364.289 720
1364.372 700
1364.455 702
1364.539 700
1364.622 693
1364.706 692
1364.789 695
1364.873 687
1364.956 691
1365.040 686
1365.123 679
1365.207 675
1365.290 664
1365.373 653
1365.457 659
1365.540 662
1365.624 671
1365.707 685
1365.791 702
1365.874 717
1365.958 737
1366.041 752
1366.125 740
1366.208 723
1366.292 713
1366.375 710
1366.459 713
1366.542 722
1366.626 719
1366.709 717
1366.793 710
1366.876 704
1366.960 710
1367.043 717
1367.127 711
1367.211 706
1367.294 702
1367.378 698
1367.461 718
1367.545 734
1367.628 732
1367.712 738
1367.795 732
1367.879 728
1367.962 728
1368.046 731
1368.130 733
1368.213 739
1368.297 748
1368.380 759
1368.464 773
1368.547 792
1368.631 802
1368.714 816
1368.798 820
1368.882 822
1368.965 833
1369.049 842
1369.132 851
1369.216 867
1369.300 881
1369.383 889
1369.467 909
1369.550 930
1369.634 941
1369.718 954
1369.801 954
1369.885 953
1369.968 950
1370.052 946
1370.136 934
1370.219 918
1370.303 912
1370.387 912
1370.470 913
1370.554 913
1370.637 912
1370.721 905
1370.805 889
1370.888 876
1370.972 860
1371.056 839
1371.139 841
1371.223 846
1371.307 847
1371.390 849
1371.474 843
1371.558 840
1371.641 840
1371.725 829
1371.809 839
1371.892 853
1371.976 854
1372.060 847
1372.143 840
1372.227 829
1372.311 826
1372.394 829
1372.478 819
1372.562 805
1372.645 799
1372.729 798
1372.813 811
1372.897 823
1372.980 830
1373.064 836
1373.148 821
1373.231 814
1373.315 798
1373.399 780
1373.483 789
1373.566 792
1373.650 803
1373.734 813
1373.818 797
1373.901 784
1373.985 767
1374.069 743
1374.153 743
1374.236 748
1374.320 750
1374.404 749
1374.488 750
1374.571 744
1374.655 744
1374.739 752
1374.823 752
1374.906 746
1374.990 746
1375.074 736
1375.158 725
1375.241 715
1375.325 706
1375.409 695
1375.493 691
1375.577 686
1375.660 681
1375.744 668
1375.828 679
1375.912 693
1375.996 697
1376.079 689
1376.163 682
1376.247 669
1376.331 669
1376.415 678
1376.498 672
1376.582 671
1376.666 666
1376.750 659
1376.834 657
1376.918 659
1377.001 657
1377.085 656
1377.169 660
1377.253 657
1377.337 667
1377.421 679
1377.504 679
1377.588 684
1377.672 691
1377.756 693
1377.840 702
1377.924 708
1378.008 704
1378.091 703
1378.175 720
1378.259 735
1378.343 758
1378.427 792
1378.511 782
1378.595 774
1378.679 758
1378.762 726
1378.846 720
1378.930 714
1379.014 710
1379.098 703
1379.182 703
1379.266 707
1379.350 709
1379.434 717
1379.518 716
1379.601 715
1379.685 719
1379.769 725
1379.853 721
1379.937 710
1380.021 705
1380.105 701
1380.189 705
1380.273 713
1380.357 709
1380.441 712
1380.525 710
1380.609 704
1380.693 710
1380.777 718
1380.860 724
1380.944 724
1381.028 719
1381.112 717
1381.196 696
1381.280 680
1381.364 669
1381.448 655
1381.532 662
1381.616 675
1381.700 676
1381.784 682
1381.868 701
1381.952 723
1382.036 752
1382.120 768
1382.204 758
1382.288 749
1382.372 729
1382.456 707
1382.540 702
1382.624 692
1382.708 690
1382.792 686
1382.876 685
1382.960 688
1383.044 689
1383.128 695
1383.212 692
1383.296 687
1383.380 681
1383.464 674
1383.548 685
1383.632 697
1383.716 711
1383.800 723
1383.884 713
1383.969 702
1384.053 692
1384.137 673
1384.221 684
1384.305 698
1384.389 709
1384.473 733
1384.557 745
1384.641 753
1384.725 755
1384.809 760
1384.893 742
1384.977 722
1385.061 712
1385.145 695
1385.230 688
1385.314 680
1385.398 672
1385.482 659
1385.566 671
1385.650 679
1385.734 693
1385.818 713
1385.902 722
1385.986 730
1386.071 731
1386.155 735
1386.239 737
1386.323 734
1386.407 734
1386.491 735
1386.575 724
1386.659 708
1386.744 704
1386.828 697
1386.912 691
1386.996 683
1387.080 688
1387.164 684
1387.248 687
1387.333 697
1387.417 693
1387.501 694
1387.585 677
1387.669 663
1387.753 658
1387.838 651
1387.922 666
1388.006 683
1388.090 684
1388.174 690
1388.258 698
1388.343 699
1388.427 716
1388.511 729
1388.595 734
1388.679 737
1388.764 739
1388.848 747
1388.932 738
1389.016 733
1389.100 724
1389.185 719
1389.269 710
1389.353 703
1389.437 702
1389.521 697
1389.606 702
1389.690 705
1389.774 706
1389.858 710
1389.943 705
1390.027 703
1390.111 695
1390.195 680
1390.280 676
1390.364 672
1390.448 670
1390.532 666
1390.617 674
1390.701 676
1390.785 686
1390.869 701
1390.954 691
1391.038 682
1391.122 676
1391.206 673
1391.291 681
1391.375 694
1391.459 700
1391.544 709
1391.628 736
1391.712 756
1391.796 778
1391.881 789
1391.965 787
1392.049 791
1392.134 797
1392.218 814
1392.302 810
1392.386 811
1392.471 809
1392.555 811
1392.639 821
1392.724 828
1392.808 828
1392.892 832
1392.977 846
1393.061 857
1393.145 869
1393.230 888
1393.314 895
1393.398 905
1393.483 910
1393.567 916
1393.651 903
1393.736 889
1393.820 880
1393.904 863
1393.989 856
1394.073 847
1394.158 853
1394.242 865
1394.326 870
1394.411 875
1394.495 875
1394.579 865
1394.664 854
1394.748 848
1394.833 824
1394.917 798
1395.001 809
1395.086 815
1395.170 840
1395.254 870
1395.339 881
1395.423 892
1395.508 887
1395.592 876
1395.676 861
1395.761 844
1395.845 839
1395.930 825
1396.014 806
1396.099 785
1396.183 775
1396.267 758
1396.352 769
1396.436 785
1396.521 792
1396.605 804
1396.690 801
1396.774 796
1396.858 800
1396.943 805
1397.027 812
1397.112 817
1397.196 805
1397.281 791
1397.365 777
1397.450 762
1397.534 765
1397.619 763
1397.703 769
1397.788 780
1397.872 784
1397.957 783
1398.041 774
1398.125 767
1398.210 747
1398.294 715
1398.379 712
1398.463 710
1398.548 714
1398.632 721
1398.717 714
1398.801 704
1398.886 702
1398.970 704
1399.055 702
1399.139 700
1399.224 692
1399.309 682
1399.393 682
1399.478 688
1399.562 695
1399.647 706
1399.731 716
1399.816 726
1399.900 731
1399.985 742
1400.069 742
1400.154 742
1400.238 736
1400.323 725
1400.408 718
1400.492 711
1400.577 711
1400.661 718
1400.746 715
1400.830 714
1400.915 722
1400.999 722
1401.084 722
1401.169 725
1401.253 713
1401.338 710
1401.422 703
1401.507 695
1401.592 691
1401.676 685
1401.761 687
1401.845 687
1401.930 689
1402.015 691
1402.099 684
1402.184 679
1402.268 670
1402.353 661
1402.438 653
1402.522 643
1402.607 636
1402.691 629
1402.776 634
1402.861 644
1402.945 647
1403.030 651
1403.115 648
1403.199 645
1403.284 638
1403.369 639
1403.453 633
1403.538 623
1403.623 628
1403.707 624
1403.792 625
1403.877 626
1403.961 623
1404.046 615
1404.131 625
1404.215 634
1404.300 639
1404.385 647
1404.469 646
1404.554 641
1404.639 637
1404.723 639
1404.808 641
1404.893 645
1404.977 651
1405.062 655
1405.147 652
1405.231 648
1405.316 643
1405.401 634
1405.486 637
1405.570 633
1405.655 632
1405.740 637
1405.824 640
1405.909 639
1405.994 645
1406.079 657
1406.163 660
1406.248 663
1406.333 663
1406.418 665
1406.502 664
1406.587 666
1406.672 664
1406.757 657
1406.841 657
1406.926 656
1407.011 656
1407.096 666
1407.180 671
1407.265 681
1407.350 688
1407.435 700
1407.519 688
1407.604 674
1407.689 665
1407.774 654
1407.858 653
1407.943 650
1408.028 643
1408.113 635
1408.198 648
1408.282 666
1408.367 679
1408.452 692
1408.537 698
1408.622 709
1408.706 720
1408.791 740
1408.876 722
1408.961 705
1409.046 689
1409.131 660
1409.215 658
1409.300 658
1409.385 656
1409.470 651
1409.555 656
1409.640 660
1409.724 671
1409.809 682
1409.894 681
1409.979 684
1410.064 684
1410.149 683
1410.233 683
1410.318 681
1410.403 675
1410.488 675
1410.573 684
1410.658 687
1410.743 696
1410.828 706
1410.912 709
1410.997 711
1411.082 700
1411.167 696
1411.252 681
1411.337 670
1411.422 670
1411.507 673
1411.592 672
1411.676 674
1411.761 677
1411.846 670
1411.931 688
1412.016 709
1412.101 720
1412.186 732
1412.271 722
1412.356 709
1412.441 697
1412.526 683
1412.610 672
1412.695 660
1412.780 654
1412.865 647
1412.950 656
1413.035 673
1413.120 688
1413.205 706
1413.290 708
1413.375 705
1413.460 684
1413.545 661
1413.630 642
1413.715 623
1413.800 625
1413.885 630
1413.970 662
1414.055 690
1414.140 709
1414.225 731
1414.310 718
1414.395 709
1414.480 696
1414.565 682
1414.650 686
1414.735 698
1414.820 719
1414.905 739
1414.990 726
1415.075 717
1415.160 701
1415.245 682
1415.330 685
1415.415 687
1415.500 687
1415.585 673
1415.670 678
1415.755 682
1415.840 688
1415.925 701
1416.010 702
1416.095 698
1416.180 699
1416.265 690
1416.350 692
1416.435 696
1416.520 702
1416.605 706
1416.690 715
1416.775 728
1416.860 743
1416.945 760
1417.030 773
1417.115 787
1417.200 803
1417.286 821
1417.371 840
1417.456 858
1417.541 869
1417.626 887
1417.711 899
1417.796 909
1417.881 921
1417.966 933
1418.051 932
1418.136 932
1418.221 923
1418.307 907
1418.392 889
1418.477 870
1418.562 859
1418.647 852
1418.732 865
1418.817 876
1418.902 869
1418.987 856
1419.073 836
1419.158 815
1419.243 809
1419.328 800
1419.413 790
1419.498 777
1419.583 775
1419.669 777
1419.754 788
1419.839 801
1419.924 795
1420.009 792
1420.094 791
1420.179 791
1420.265 803
1420.350 820
1420.435 809
1420.520 801
1420.605 782
1420.690 753
1420.776 736
1420.861 716
1420.946 698
1421.031 681
1421.116 676
1421.202 664
1421.287 672
1421.372 675
1421.457 676
1421.542 679
1421.628 682
1421.713 687
1421.798 691
1421.883 701
1421.968 698
1422.054 701
1422.139 694
1422.224 686
1422.309 681
1422.395 674
1422.480 665
1422.565 658
1422.650 656
1422.735 648
1422.821 667
1422.906 689
1422.991 705
1423.076 717
1423.162 713
1423.247 709
1423.332 704
1423.417 701
1423.503 695
1423.588 689
1423.673 689
1423.759 685
1423.844 695
1423.929 705
1424.014 714
1424.100 723
1424.185 715
1424.270 710
1424.355 697
1424.441 678
1424.526 667
1424.611 648
1424.697 640
1424.782 627
1424.867 632
1424.953 639
1425.038 641
1425.123 644
1425.208 648
1425.294 650
1425.379 661
1425.464 672
1425.550 671
1425.635 673
1425.720 675
1425.806 678
1425.891 682
1425.976 689
1426.062 692
1426.147 692
1426.232 700
1426.318 707
1426.403 725
1426.488 744
1426.574 742
1426.659 741
1426.745 733
1426.830 721
1426.915 728
1427.001 737
1427.086 731
1427.171 728
1427.257 715
1427.342 702
1427.428 698
1427.513 697
1427.598 703
1427.684 709
1427.769 706
1427.854 700
1427.940 685
1428.025 671
1428.111 661
1428.196 653
1428.281 649
1428.367 642
1428.452 644
1428.538 647
1428.623 653
1428.709 663
1428.794 670
1428.879 677
1428.965 677
1429.050 676
1429.136 666
1429.221 649
1429.307 640
1429.392 627
1429.477 626
1429.563 627
1429.648 641
1429.734 656
1429.819 666
1429.905 677
1429.990 676
1430.076 676
1430.161 679
1430.247 687
1430.332 676
1430.417 664
1430.503 650
1430.588 632
1430.674 638
1430.759 640
1430.845 657
1430.930 676
1431.016 696
1431.101 715
1431.187 734
1431.272 748
1431.358 750
1431.443 751
1431.529 738
1431.614 722
1431.700 702
1431.785 681
1431.871 658
1431.956 630
1432.042 629
1432.127 625
1432.213 635
1432.298 637
1432.384 633
1432.470 629
1432.555 631
1432.641 641
1432.726 657
1432.812 678
1432.897 685
1432.983 691
1433.068 691
1433.154 683
1433.239 684
1433.325 684
1433.411 669
1433.496 656
1433.582 639
1433.667 625
1433.753 623
1433.838 620
1433.924 623
1434.010 625
1434.095 641
1434.181 656
1434.266 664
1434.352 670
1434.438 671
1434.523 673
1434.609 680
1434.694 693
1434.780 685
1434.866 668
1434.951 664
1435.037 648
1435.122 642
1435.208 636
1435.294 627
1435.379 613
1435.465 620
1435.550 629
1435.636 629
1435.722 634
1435.807 634
1435.893 633
1435.979 645
1436.064 665
1436.150 671
1436.236 682
1436.321 691
1436.407 691
1436.493 687
1436.578 685
1436.664 675
1436.750 659
1436.835 651
1436.921 640
1437.007 637
1437.092 633
1437.178 639
1437.264 647
1437.349 649
1437.435 654
1437.521 654
1437.606 654
1437.692 652
1437.778 655
1437.863 643
1437.949 631
1438.035 620
1438.120 609
1438.206 605
1438.292 608
1438.378 604
1438.463 594
1438.549 595
1438.635 594
1438.720 597
1438.806 605
1438.892 627
1438.978 651
1439.063 671
1439.149 689
1439.235 681
1439.321 672
1439.406 657
1439.492 638
1439.578 638
1439.664 636
1439.749 642
1439.835 654
1439.921 667
1440.007 690
1440.092 703
1440.178 714
1440.264 719
1440.350 718
1440.435 727
1440.521 741
1440.607 752
1440.693 764
1440.779 770
1440.864 787
1440.950 798
1441.036 806
1441.122 812
1441.208 815
1441.293 801
1441.379 793
1441.465 792
1441.551 780
1441.637 801
1441.722 823
1441.808 834
1441.894 851
1441.980 854
1442.066 855
1442.152 860
1442.237 873
1442.323 858
1442.409 844
1442.495 837
1442.581 823
1442.667 824
1442.752 829
1442.838 814
1442.924 807
1443.010 810
1443.096 814
1443.182 831
1443.268 848
1443.353 841
1443.439 833
1443.525 828
1443.611 823
1443.697 822
1443.783 818
1443.869 808
1443.954 789
1444.040 781
1444.126 771
1444.212 777
1444.298 778
1444.384 772
1444.470 770
1444.556 754
1444.642 731
1444.728 709
1444.813 686
1444.899 672
1444.985 647
1445.071 659
1445.157 669
1445.243 685
1445.329 711
1445.415 719
1445.501 730
1445.587 735
1445.673 745
1445.759 745
1445.845 750
1445.930 746
1446.016 734
1446.102 723
1446.188 710
1446.274 708
1446.360 702
1446.446 698
1446.532 697
1446.618 691
1446.704 675
1446.790 672
1446.876 672
1446.962 671
1447.048 668
1447.134 677
1447.220 684
1447.306 690
1447.392 710
1447.478 710
1447.564 706
1447.650 706
1447.736 699
1447.822 690
1447.908 680
1447.994 676
1448.080 665
1448.166 678
1448.252 693
1448.338 704
1448.424 723
1448.510 712
1448.596 712
1448.682 714
1448.768 706
1448.854 702
1448.940 694
1449.026 685
1449.112 668
1449.198 660
1449.284 652
1449.370 639
1449.456 632
1449.542 635
1449.628 641
1449.714 642
1449.801 646
1449.887 637
1449.973 628
1450.059 623
1450.145 613
1450.231 612
1450.317 607
1450.403 606
1450.489 608
1450.575 614
1450.661 614
1450.747 609
1450.833 605
1450.920 618
1451.006 631
1451.092 650
1451.178 677
1451.264 670
1451.350 662
1451.436 652
1451.522 641
1451.608 643
1451.694 644
1451.781 649
1451.867 663
1451.953 659
1452.039 660
1452.125 655
1452.211 653
1452.297 646
1452.383 638
1452.470 632
1452.556 617
1452.642 623
1452.728 633
1452.814 635
1452.900 643
1452.986 654
1453.073 661
1453.159 674
1453.245 687
1453.331 671
1453.417 652
1453.503 640
1453.590 619
1453.676 611
1453.762 613
1453.848 613
1453.934 615
1454.021 627
1454.107 640
1454.193 650
1454.279 660
1454.365 661
1454.452 660
1454.538 657
1454.624 656
1454.710 663
1454.796 667
1454.883 670
1454.969 669
1455.055 663
1455.141 658
1455.227 651
1455.314 647
1455.400 625
1455.486 609
1455.572 594
1455.659 573
1455.745 577
1455.831 581
1455.917 582
1456.004 590
1456.090 595
1456.176 599
1456.262 603
1456.349 610
1456.435 614
1456.521 620
1456.607 626
1456.694 636
1456.780 636
1456.866 640
1456.952 640
1457.039 642
1457.125 641
1457.211 641
1457.298 637
1457.384 635
1457.470 626
1457.556 615
1457.643 608
1457.729 592
1457.815 594
1457.902 596
1457.988 596
1458.074 597
1458.161 606
1458.247 612
1458.333 624
1458.419 634
1458.506 626
1458.592 619
1458.678 612
1458.765 606
1458.851 614
1458.937 625
1459.024 629
1459.110 635
1459.196 638
1459.283 637
1459.369 639
1459.455 643
1459.542 654
1459.628 663
1459.715 665
1459.801 672
1459.887 665
1459.974 660
1460.060 663
1460.146 670
1460.233 669
1460.319 666
1460.405 667
1460.492 665
1460.578 660
1460.665 654
1460.751 639
1460.837 626
1460.924 640
1461.010 654
1461.097 671
1461.183 690
1461.269 683
1461.356 676
1461.442 663
1461.529 655
1461.615 644
1461.701 629
1461.788 626
1461.874 627
1461.961 632
1462.047 634
1462.134 646
1462.220 653
1462.306 665
1462.393 676
1462.479 682
1462.566 694
1462.652 696
1462.739 708
1462.825 716
1462.912 722
1462.998 719
1463.084 720
1463.171 712
1463.257 705
1463.344 697
1463.430 685
1463.517 680
1463.603 682
1463.690 687
1463.776 685
1463.863 685
1463.949 692
1464.036 691
1464.122 698
1464.209 712
1464.295 720
1464.382 735
1464.468 751
1464.555 757
1464.641 766
1464.728 758
1464.814 754
1464.901 739
1464.987 725
1465.074 721
1465.160 711
1465.247 714
1465.333 716
1465.420 734
1465.506 755
1465.593 778
1465.679 796
1465.766 791
1465.853 788
1465.939 772
1466.026 753
1466.112 769
1466.199 778
1466.285 790
1466.372 810
1466.458 806
1466.545 804
1466.632 808
1466.718 809
1466.805 808
1466.891 810
1466.978 815
1467.064 813
1467.151 826
1467.238 838
1467.324 839
1467.411 850
1467.497 848
1467.584 840
1467.670 840
1467.757 845
1467.844 837
1467.930 832
1468.017 823
1468.104 817
1468.190 800
1468.277 786
1468.363 767
1468.450 745
1468.537 739
1468.623 740
1468.710 742
1468.796 744
1468.883 735
1468.970 720
1469.056 704
1469.143 680
1469.230 691
1469.316 703
1469.403 718
1469.490 733
1469.576 743
1469.663 758
1469.750 758
1469.836 771
1469.923 733
1470.010 692
1470.096 661
1470.183 623
1470.270 631
1470.356 639
1470.443 656
1470.530 675
1470.616 700
1470.703 720
1470.790 733
1470.876 742
1470.963 728
1471.050 722
1471.136 713
1471.223 703
1471.310 686
1471.397 669
1471.483 657
1471.570 637
1471.657 632
1471.743 619
1471.830 622
1471.917 631
1472.004 638
1472.090 650
1472.177 659
1472.264 671
1472.351 674
1472.437 672
1472.524 673
1472.611 675
1472.697 663
1472.784 661
1472.871 643
1472.958 623
1473.045 607
1473.131 587
1473.218 579
1473.305 573
1473.392 582
1473.478 588
1473.565 602
1473.652 607
1473.739 612
1473.825 618
1473.912 611
1473.999 605
1474.086 603
1474.173 603
1474.259 617
1474.346 636
1474.433 644
1474.520 656
1474.607 657
1474.693 663
1474.780 655
1474.867 652
1474.954 639
1475.041 618
1475.127 605
1475.214 592
1475.301 581
1475.388 571
1475.475 562
1475.562 550
1475.648 558
1475.735 562
1475.822 586
1475.909 613
1475.996 627
1476.083 639
1476.169 645
1476.256 653
1476.343 654
1476.430 664
1476.517 661
1476.604 659
1476.691 661
1476.778 647
1476.864 652
1476.951 659
1477.038 654
1477.125 658
1477.212 649
1477.299 636
1477.386 629
1477.473 624
1477.559 640
1477.646 654
1477.733 669
1477.820 687
1477.907 674
1477.994 663
1478.081 639
1478.168 619
1478.255 611
1478.342 594
1478.429 590
1478.515 589
1478.602 593
1478.689 600
1478.776 601
1478.863 602
1478.950 604
1479.037 602
1479.124 606
1479.211 618
1479.298 606
1479.385 595
1479.472 585
1479.559 573
1479.646 575
1479.733 577
1479.820 581
1479.907 589
1479.994 603
1480.080 614
1480.167 628
1480.254 645
1480.341 642
1480.428 639
1480.515 639
1480.602 645
1480.689 644
1480.776 644
1480.863 638
1480.950 626
1481.037 628
1481.124 630
1481.211 641
1481.298 657
1481.385 655
1481.472 653
1481.559 647
1481.646 636
1481.733 628
1481.820 620
1481.907 612
1481.994 601
1482.081 601
1482.168 596
1482.256 594
1482.343 604
1482.430 600
1482.517 600
1482.604 597
1482.691 586
1482.778 596
1482.865 604
1482.952 613
1483.039 622
1483.126 625
1483.213 628
1483.300 627
1483.387 626
1483.474 617
1483.561 609
1483.648 600
1483.735 585
1483.823 573
1483.910 566
1483.997 563
1484.084 566
1484.171 568
1484.258 570
1484.345 576
1484.432 579
1484.519 600
1484.606 620
1484.693 632
1484.781 652
1484.868 643
1484.955 635
1485.042 633
1485.129 627
1485.216 642
1485.303 658
1485.390 673
1485.478 683
1485.565 686
1485.652 691
1485.739 676
1485.826 668
1485.913 649
1486.000 632
1486.088 621
1486.175 603
1486.262 607
1486.349 609
1486.436 616
1486.523 624
1486.610 623
1486.698 620
1486.785 614
1486.872 601
1486.959 592
1487.046 583
1487.133 583
1487.221 584
1487.308 598
1487.395 611
1487.482 624
1487.569 646
1487.657 644
1487.744 645
1487.831 640
1487.918 635
1488.005 647
1488.093 661
1488.180 679
1488.267 691
1488.354 698
1488.441 703
1488.529 708
1488.616 704
1488.703 714
1488.790 725
1488.878 731
1488.965 741
1489.052 744
1489.139 740
1489.227 746
1489.314 752
1489.401 768
1489.488 781
1489.576 804
1489.663 829
1489.750 841
1489.837 855
1489.925 858
1490.012 862
1490.099 839
1490.186 819
1490.274 794
1490.361 759
1490.448 767
1490.535 774
1490.623 786
1490.710 800
1490.797 800
1490.885 800
1490.972 805
1491.059 821
1491.146 820
1491.234 818
1491.321 812
1491.408 808
1491.496 805
1491.583 809
1491.670 809
1491.758 813
1491.845 818
1491.932 827
1492.020 827
1492.107 810
1492.194 805
1492.282 798
1492.369 790
1492.456 788
1492.544 762
1492.631 736
1492.718 719
1492.806 697
1492.893 707
1492.980 716
1493.068 727
1493.155 740
1493.242 736
1493.330 729
1493.417 722
1493.505 714
1493.592 716
1493.679 720
1493.767 717
1493.854 711
1493.941 704
1494.029 696
1494.116 691
1494.204 683
1494.291 669
1494.378 655
1494.466 645
1494.553 645
1494.641 645
1494.728 648
1494.815 648
1494.903 640
1494.990 629
1495.078 613
1495.165 599
1495.252 581
1495.340 574
1495.427 567
1495.515 564
1495.602 565
1495.690 563
1495.777 559
1495.864 557
1495.952 556
1496.039 562
1496.127 564
1496.214 570
1496.302 573
1496.389 576
1496.477 582
1496.564 593
1496.652 605
1496.739 614
1496.826 627
1496.914 633
1497.001 644
1497.089 640
1497.176 632
1497.264 620
1497.351 609
1497.439 611
1497.526 611
1497.614 613
1497.701 619
1497.789 627
1497.876 630
1497.964 634
1498.051 640
1498.139 638
1498.226 634
1498.314 637
1498.401 634
1498.489 626
1498.576 616
1498.664 611
1498.751 602
1498.839 593
1498.926 583
1499.014 572
1499.101 563
1499.189 563
1499.277 565
1499.364 569
1499.452 571
1499.539 561
1499.627 549
1499.714 545
1499.802 544
1499.889 540
1499.977 537
1500.065 530
1500.152 529
1500.240 542
1500.327 559
1500.415 571
1500.502 587
1500.590 593
1500.678 601
1500.765 600
1500.853 594
1500.940 588
1501.028 577
1501.115 572
1501.203 567
1501.291 571
1501.378 572
1501.466 576
1501.554 590
1501.641 598
1501.729 605
1501.816 613
1501.904 619
1501.992 623
1502.079 622
1502.167 620
1502.254 616
1502.342 629
1502.430 645
1502.517 653
1502.605 664
1502.693 652
1502.780 637
1502.868 627
1502.956 611
1503.043 604
1503.131 593
1503.219 590
1503.306 592
1503.394 590
1503.482 584
1503.569 578
1503.657 569
1503.745 576
1503.832 585
1503.920 594
1504.008 613
1504.095 606
1504.183 593
1504.271 585
1504.358 569
1504.446 571
1504.534 578
1504.621 581
1504.709 584
1504.797 594
1504.885 608
1504.972 622
1505.060 639
1505.148 629
1505.235 622
1505.323 606
1505.411 578
1505.499 564
1505.586 550
1505.674 543
1505.762 528
1505.849 536
1505.937 545
1506.025 547
1506.113 552
1506.200 546
1506.288 539
1506.376 541
1506.464 547
1506.551 559
1506.639 576
1506.727 584
1506.815 599
1506.902 609
1506.990 613
1507.078 620
1507.166 627
1507.254 619
1507.341 609
1507.429 610
1507.517 609
1507.605 615
1507.692 625
1507.780 630
1507.868 629
1507.956 626
1508.044 624
1508.131 610
1508.219 597
1508.307 589
1508.395 580
1508.483 580
1508.571 582
1508.658 589
1508.746 594
1508.834 601
1508.922 613
1509.010 610
1509.097 608
1509.185 604
1509.273 594
1509.361 604
1509.449 616
1509.537 633
1509.625 642
1509.712 656
1509.800 673
1509.888 679
1509.976 695
1510.064 689
1510.152 678
1510.240 667
1510.327 657
1510.415 646
1510.503 632
1510.591 634
1510.679 625
1510.767 607
1510.855 594
1510.943 577
1511.030 562
1511.118 572
1511.206 582
1511.294 600
1511.382 616
1511.470 637
1511.558 662
1511.646 679
1511.734 699
1511.822 699
1511.909 694
1511.997 694
1512.085 696
1512.173 679
1512.261 660
1512.349 647
1512.437 623
1512.525 637
1512.613 652
1512.701 667
1512.789 684
1512.877 693
1512.965 705
1513.053 713
1513.141 726
1513.228 732
1513.316 736
1513.404 746
1513.492 752
1513.580 762
1513.668 777
1513.756 786
1513.844 807
1513.932 804
1514.020 800
1514.108 794
1514.196 769
1514.284 765
1514.372 762
1514.460 763
1514.548 778
1514.636 794
1514.724 806
1514.812 824
1514.900 846
1514.988 847
1515.076 853
1515.164 864
1515.252 863
1515.340 856
1515.428 853
1515.516 841
1515.604 830
1515.692 817
1515.780 801
1515.868 781
1515.956 754
1516.044 741
1516.132 728
1516.220 716
1516.308 705
1516.397 711
1516.485 716
1516.573 726
1516.661 742
1516.749 746
1516.837 750
1516.925 753
1517.013 744
1517.101 751
1517.189 755
1517.277 754
1517.365 755
1517.453 738
1517.541 719
1517.629 712
1517.718 710
1517.806 695
1517.894 680
1517.982 671
1518.070 664
1518.158 659
1518.246 659
1518.334 654
1518.422 651
1518.510 666
1518.599 683
1518.687 677
1518.775 672
1518.863 659
1518.951 646
1519.039 647
1519.127 659
1519.215 647
1519.304 637
1519.392 627
1519.480 614
1519.568 615
1519.656 619
1519.744 616
1519.832 608
1519.921 617
1520.009 619
1520.097 632
1520.185 652
1520.273 649
1520.361 643
1520.449 633
1520.538 614
1520.626 609
1520.714 597
1520.802 598
1520.890 603
1520.979 615
1521.067 628
1521.155 621
1521.243 613
1521.331 601
1521.419 588
1521.508 582
1521.596 572
1521.684 566
1521.772 569
1521.860 572
1521.949 569
1522.037 567
1522.125 570
1522.213 571
1522.302 568
1522.390 564
1522.478 564
1522.566 557
1522.654 548
1522.743 550
1522.831 549
1522.919 558
1523.007 574
1523.096 586
1523.184 601
1523.272 605
1523.360 616
1523.449 618
1523.537 619
1523.625 616
1523.713 619
1523.802 618
1523.890 610
1523.978 614
1524.067 616
1524.155 613
1524.243 611
1524.331 604
1524.420 599
1524.508 594
1524.596 589
1524.685 588
1524.773 584
1524.861 586
1524.949 589
1525.038 582
1525.126 579
1525.214 586
1525.303 590
1525.391 599
1525.479 616
1525.568 617
1525.656 616
1525.744 617
1525.833 625
1525.921 617
1526.009 608
1526.098 600
1526.186 582
1526.274 577
1526.363 569
1526.451 574
1526.539 593
1526.628 597
1526.716 604
1526.804 604
1526.893 607
1526.981 607
1527.069 608
1527.158 606
1527.246 612
1527.334 607
1527.423 600
1527.511 597
1527.600 592
1527.688 591
1527.776 589
1527.865 582
1527.953 572
1528.042 568
1528.130 556
1528.218 549
1528.307 536
1528.395 535
1528.484 535
1528.572 542
1528.660 551
1528.749 560
1528.837 567
1528.926 569
1529.014 572
1529.102 567
1529.191 563
1529.279 555
1529.368 550
1529.456 552
1529.545 550
1529.633 555
1529.721 556
1529.810 558
1529.898 556
1529.987 566
1530.075 574
1530.164 580
1530.252 591
1530.341 583
1530.429 581
1530.518 586
1530.606 594
1530.694 604
1530.783 609
1530.871 627
1530.960 642
1531.048 653
1531.137 670
1531.225 660
1531.314 645
1531.402 636
1531.491 620
1531.579 622
1531.668 625
1531.756 623
1531.845 629
1531.933 626
1532.022 621
1532.110 618
1532.199 611
1532.287 599
1532.376 584
1532.464 580
1532.553 567
1532.641 576
1532.730 586
1532.818 598
1532.907 615
1532.996 633
1533.084 653
1533.173 652
1533.261 653
1533.350 646
1533.438 633
1533.527 628
1533.615 611
1533.704 605
1533.792 599
1533.881 599
1533.970 600
1534.058 602
1534.147 603
1534.235 599
1534.324 598
1534.412 595
1534.501 592
1534.590 582
1534.678 577
1534.767 579
1534.855 578
1534.944 595
1535.033 607
1535.121 612
1535.210 626
1535.298 630
1535.387 641
1535.476 639
1535.564 638
1535.653 641
1535.741 647
1535.830 651
1535.919 658
1536.007 663
1536.096 669
1536.185 681
1536.273 695
1536.362 705
1536.450 714
1536.539 712
1536.628 708
1536.716 707
1536.805 702
1536.894 716
1536.982 734
1537.071 745
1537.160 759
1537.248 774
1537.337 790
1537.426 805
1537.514 815
1537.603 832
1537.692 845
1537.780 868
1537.869 886
1537.958 885
1538.046 892
1538.135 884
1538.224 876
1538.312 863
1538.401 848
1538.490 840
1538.579 829
1538.667 847
1538.756 863
1538.845 867
1538.933 865
1539.022 854
1539.111 838
1539.200 829
1539.288 829
1539.377 820
1539.466 811
1539.554 803
1539.643 792
1539.732 795
1539.821 798
1539.909 803
1539.998 804
1540.087 809
1540.176 811
1540.264 809
1540.353 807
1540.442 781
1540.531 758
1540.619 743
1540.708 722
1540.797 715
1540.886 705
1540.974 688
1541.063 665
1541.152 665
1541.241 663
1541.330 664
1541.418 670
1541.507 665
1541.596 660
1541.685 654
1541.773 651
1541.862 648
1541.951 645
1542.040 644
1542.129 655
1542.217 647
1542.306 636
1542.395 631
1542.484 624
1542.573 621
1542.662 623
1542.750 623
1542.839 629
1542.928 634
1543.017 638
1543.106 643
1543.195 635
1543.283 629
1543.372 625
1543.461 611
1543.550 598
1543.639 598
1543.728 598
1543.816 607
1543.905 620
1543.994 611
1544.083 603
1544.172 598
1544.261 586
1544.350 593
1544.438 600
1544.527 599
1544.616 591
1544.705 600
1544.794 604
1544.883 609
1544.972 615
1545.061 600
1545.150 591
1545.238 584
1545.327 563
1545.416 570
1545.505 571
1545.594 570
1545.683 586
1545.772 585
1545.861 584
1545.950 583
1546.039 583
1546.128 582
1546.216 589
1546.305 593
1546.394 600
1546.483 595
1546.572 594
1546.661 593
1546.750 586
1546.839 582
1546.928 575
1547.017 573
1547.106 567
1547.195 564
1547.284 558
1547.373 550
1547.462 556
1547.551 562
1547.640 564
1547.729 567
1547.818 577
1547.907 573
1547.995 563
1548.084 560
1548.173 550
1548.262 545
1548.351 542
1548.440 539
1548.529 541
1548.618 555
1548.707 572
1548.796 588
1548.885 605
1548.974 603
1549.063 595
1549.152 581
1549.241 562
1549.330 567
1549.419 568
1549.508 578
1549.598 597
1549.687 588
1549.776 586
1549.865 572
1549.954 552
1550.043 543
1550.132 532
1550.221 522
1550.310 508
1550.399 516
1550.488 523
1550.577 535
1550.666 544
1550.755 553
1550.844 559
1550.933 562
1551.022 573
1551.111 573
1551.200 569
1551.289 565
1551.379 560
1551.468 545
1551.557 534
1551.646 531
1551.735 529
1551.824 531
1551.913 536
1552.002 537
1552.091 531
1552.180 550
1552.269 566
1552.358 578
1552.448 591
1552.537 589
1552.626 586
1552.715 585
1552.804 581
1552.893 580
1552.982 577
1553.071 576
1553.161 580
1553.250 589
1553.339 598
1553.428 607
1553.517 609
1553.606 601
1553.695 594
1553.785 584
1553.874 572
1553.963 574
1554.052 578
1554.141 583
1554.230 589
1554.319 595
1554.409 604
1554.498 607
1554.587 604
1554.676 595
1554.765 585
1554.854 576
1554.944 567
1555.033 563
1555.122 553
1555.211 548
1555.300 545
1555.390 550
1555.479 552
1555.568 561
1555.657 575
1555.746 580
1555.836 586
1555.925 590
1556.014 588
1556.103 578
1556.192 571
1556.282 558
1556.371 549
1556.460 549
1556.549 550
1556.639 558
1556.728 560
1556.817 554
1556.906 554
1556.995 544
1557.085 527
1557.174 536
1557.263 546
1557.352 550
1557.442 560
1557.531 549
1557.620 533
1557.709 526
1557.799 516
1557.888 512
1557.977 512
1558.067 508
1558.156 496
1558.245 506
1558.334 512
1558.424 523
1558.513 542
1558.602 547
1558.691 551
1558.781 557
1558.870 558
1558.959 561
1559.049 565
1559.138 570
1559.227 578
1559.317 575
1559.406 577
1559.495 578
1559.585 575
1559.674 578
1559.763 584
1559.852 587
1559.942 596
1560.031 618
1560.120 635
1560.210 645
1560.299 654
1560.388 656
1560.478 665
1560.567 681
1560.656 695
1560.746 712
1560.835 723
1560.925 739
1561.014 760
1561.103 755
1561.193 756
1561.282 751
1561.371 750
1561.461 754
1561.550 760
1561.639 767
1561.729 767
1561.818 769
1561.908 771
1561.997 764
1562.086 763
1562.176 745
1562.265 727
1562.355 718
1562.444 709
1562.533 727
1562.623 745
1562.712 761
1562.802 783
1562.891 791
1562.980 803
1563.070 812
1563.159 814
1563.249 799
1563.338 783
1563.427 770
1563.517 754
1563.606 765
1563.696 776
1563.785 778
1563.875 794
1563.964 788
1564.054 779
1564.143 766
1564.232 742
1564.322 732
1564.411 720
1564.501 722
1564.590 728
1564.680 734
1564.769 743
1564.859 739
1564.948 731
1565.038 713
1565.127 694
1565.217 682
1565.306 669
1565.396 661
1565.485 655
1565.574 643
1565.664 637
1565.753 632
1565.843 622
1565.932 621
1566.022 622
1566.111 624
1566.201 626
1566.290 633
1566.380 640
1566.470 646
1566.559 653
1566.649 656
1566.738 659
1566.828 646
1566.917 632
1567.007 610
1567.096 592
1567.186 598
1567.275 598
1567.365 608
1567.454 617
1567.544 615
1567.633 610
1567.723 601
1567.813 595
1567.902 595
1567.992 594
1568.081 595
1568.171 593
1568.260 585
1568.350 579
1568.439 575
1568.529 565
1568.619 559
1568.708 558
1568.798 563
1568.887 574
1568.977 581
1569.067 591
1569.156 595
1569.246 598
1569.335 595
1569.425 596
1569.515 585
1569.604 567
1569.694 553
1569.783 535
1569.873 532
1569.963 527
1570.052 532
1570.142 537
1570.231 528
1570.321 523
1570.411 515
1570.500 504
1570.590 510
1570.680 523
1570.769 543
1570.859 566
1570.949 579
1571.038 602
1571.128 607
1571.218 617
1571.307 615
1571.397 608
1571.486 583
1571.576 552
1571.666 523
1571.755 500
1571.845 501
1571.935 502
1572.025 512
1572.114 519
1572.204 532
1572.294 551
1572.383 570
1572.473 586
1572.563 584
1572.652 577
1572.742 566
1572.832 565
1572.921 570
1573.011 575
1573.101 583
1573.191 585
1573.280 578
1573.370 568
1573.460 562
1573.549 555
1573.639 553
1573.729 554
1573.819 557
1573.908 557
1573.998 556
1574.088 556
1574.178 547
1574.267 535
1574.357 531
1574.447 528
1574.536 531
1574.626 533
1574.716 525
1574.806 521
1574.896 508
1574.985 492
1575.075 497
1575.165 501
1575.255 516
1575.344 521
1575.434 523
1575.524 523
1575.614 525
1575.703 531
1575.793 548
1575.883 570
1575.973 580
1576.063 597
1576.152 590
1576.242 580
1576.332 576
1576.422 569
1576.512 569
1576.601 567
1576.691 565
1576.781 568
1576.871 568
1576.961 570
1577.051 572
1577.140 572
1577.230 561
1577.320 553
1577.410 539
1577.500 522
1577.590 525
1577.679 524
1577.769 532
1577.859 542
1577.949 546
1578.039 550
1578.129 553
1578.218 551
1578.308 548
1578.398 548
1578.488 546
1578.578 547
1578.668 550
1578.758 548
1578.848 550
1578.937 551
1579.027 548
1579.117 544
1579.207 540
1579.297 539
1579.387 547
1579.477 557
1579.567 553
1579.656 549
1579.746 547
1579.836 543
1579.926 547
1580.016 555
1580.106 547
1580.196 536
1580.286 535
1580.376 526
1580.466 527
1580.556 533
1580.646 538
1580.735 542
1580.825 562
1580.915 586
1581.005 605
1581.095 623
1581.185 634
1581.275 641
1581.365 643
1581.455 646
1581.545 631
1581.635 621
1581.725 607
1581.815 591
1581.905 579
1581.995 560
1582.085 555
1582.175 546
1582.265 555
1582.355 567
1582.445 570
1582.535 572
1582.625 563
1582.715 551
1582.805 545
1582.895 546
1582.985 551
1583.075 556
1583.165 562
1583.255 574
1583.345 579
1583.435 585
1583.525 593
1583.615 593
1583.705 597
1583.795 591
1583.885 596
1583.975 605
1584.065 607
1584.155 618
1584.245 615
1584.335 612
1584.425 627
1584.515 638
1584.605 647
1584.695 653
1584.785 674
1584.875 693
1584.965 721
1585.055 751
1585.145 754
1585.235 766
1585.325 777
1585.415 783
1585.505 788
1585.595 789
1585.686 790
1585.776 802
1585.866 806
1585.956 811
1586.046 813
1586.136 818
1586.226 807
1586.316 796
1586.406 781
1586.496 758
1586.586 767
1586.677 774
1586.767 791
1586.857 811
1586.947 804
1587.037 806
1587.127 789
1587.217 769
1587.307 752
1587.397 739
1587.488 733
1587.578 727
1587.668 738
1587.758 750
1587.848 753
1587.938 768
1588.028 751
1588.118 730
1588.209 716
1588.299 694
1588.389 689
1588.479 688
1588.569 682
1588.659 675
1588.750 678
1588.840 679
1588.930 671
1589.020 661
1589.110 656
1589.200 649
1589.291 646
1589.381 643
1589.471 641
1589.561 643
1589.651 643
1589.741 646
1589.832 649
1589.922 644
1590.012 645
1590.102 645
1590.192 636
1590.283 628
1590.373 623
1590.463 618
1590.553 612
1590.644 611
1590.734 611
1590.824 604
1590.914 611
1591.004 617
1591.095 621
1591.185 618
1591.275 616
1591.365 613
1591.456 615
1591.546 621
1591.636 619
1591.726 623
1591.817 618
1591.907 614
1591.997 619
1592.087 622
1592.178 630
1592.268 637
1592.358 636
1592.448 636
1592.539 632
1592.629 627
1592.719 625
1592.809 631
1592.900 620
1592.990 610
1593.080 610
1593.171 609
1593.261 602
1593.351 599
1593.441 580
1593.532 561
1593.622 554
1593.712 537
1593.803 536
1593.893 534
1593.983 533
1594.074 529
1594.164 537
1594.254 544
1594.345 562
1594.435 580
1594.525 581
1594.616 578
1594.706 576
1594.796 574
1594.887 570
1594.977 567
1595.067 560
1595.158 553
1595.248 551
1595.338 554
1595.429 544
1595.519 534
1595.609 530
1595.700 524
1595.790 519
1595.880 517
1595.971 500
1596.061 481
1596.152 472
1596.242 460
1596.332 457
1596.423 458
1596.513 463
1596.603 470
1596.694 485
1596.784 502
1596.875 513
1596.965 536
1597.055 548
1597.146 566
1597.236 576
1597.327 591
1597.417 594
1597.507 597
1597.598 602
1597.688 601
1597.779 600
1597.869 597
1597.960 588
1598.050 584
1598.140 562
1598.231 541
1598.321 534
1598.412 514
1598.502 518
1598.593 520
1598.683 515
1598.774 510
1598.864 511
1598.954 511
1599.045 516
1599.135 527
1599.226 525
1599.316 522
1599.407 529
1599.497 532
1599.588 529
1599.678 531
1599.769 527
1599.859 528
1599.950 531
1600.040 536
1600.131 535
1600.221 535
1600.312 526
1600.402 514
1600.493 510
1600.583 515
1600.674 524
1600.764 537
1600.855 553
1600.945 567
1601.036 576
1601.126 588
1601.217 588
1601.307 576
1601.398 566
1601.488 553
1601.579 544
1601.669 533
1601.760 520
1601.850 504
1601.941 496
1602.031 486
1602.122 488
1602.213 489
1602.303 484
1602.394 478
1602.484 493
1602.575 510
1602.665 520
1602.756 541
1602.846 539
1602.937 534
1603.028 538
1603.118 548
1603.209 547
1603.299 550
1603.390 545
1603.481 533
1603.571 531
1603.662 527
1603.752 524
1603.843 522
1603.933 524
1604.024 527
1604.115 531
1604.205 531
1604.296 538
1604.386 547
1604.477 559
1604.568 572
1604.658 569
1604.749 569
1604.840 559
1604.930 547
1605.021 555
1605.111 566
1605.202 570
1605.293 574
1605.383 556
1605.474 538
1605.565 529
1605.655 525
1605.746 525
1605.837 529
1605.927 520
1606.018 515
1606.109 514
1606.199 510
1606.290 502
1606.381 497
1606.471 490
1606.562 486
1606.653 489
1606.743 496
1606.834 502
1606.925 509
1607.015 520
1607.106 530
1607.197 536
1607.287 548
1607.378 554
1607.469 555
1607.560 557
1607.650 561
1607.741 562
1607.832 565
1607.922 563
1608.013 566
1608.104 570
1608.195 574
1608.285 588
1608.376 600
1608.467 610
1608.557 620
1608.648 628
1608.739 636
1608.830 642
1608.920 654
1609.011 660
1609.102 665
1609.193 675
1609.283 691
1609.374 698
1609.465 707
1609.556 713
1609.646 731
1609.737 731
1609.828 733
1609.919 728
1610.009 723
1610.100 725
1610.191 727
1610.282 736
1610.373 746
1610.463 756
1610.554 770
1610.645 783
1610.736 798
1610.827 804
1610.917 807
1611.008 798
1611.099 794
1611.190 791
1611.281 785
1611.371 783
1611.462 782
1611.553 779
1611.644 774
1611.735 765
1611.825 760
1611.916 752
1612.007 745
1612.098 744
1612.189 745
1612.280 745
1612.370 749
1612.461 765
1612.552 780
1612.643 770
1612.734 764
1612.825 742
1612.916 721
1613.006 708
1613.097 692
1613.188 683
1613.279 667
1613.370 673
1613.461 676
1613.552 678
1613.643 671
1613.733 659
1613.824 645
1613.915 632
1614.006 617
1614.097 617
1614.188 617
1614.279 620
1614.370 618
1614.461 625
1614.551 625
1614.642 636
1614.733 650
1614.824 636
1614.915 629
1615.006 610
1615.097 594
1615.188 584
1615.279 572
1615.370 568
1615.461 565
1615.552 564
1615.642 560
1615.733 559
1615.824 557
1615.915 557
1616.006 554
1616.097 542
1616.188 528
1616.279 529
1616.370 524
1616.461 531
1616.552 542
1616.643 544
1616.734 547
1616.825 547
1616.916 547
1617.007 542
1617.098 533
1617.189 535
1617.280 538
1617.371 543
1617.462 548
1617.553 542
1617.644 531
1617.735 521
1617.826 515
1617.917 509
1618.008 511
1618.099 505
1618.190 501
1618.281 505
1618.372 509
1618.463 524
1618.554 545
1618.645 556
1618.736 580
1618.827 583
1618.918 589
1619.009 590
1619.100 592
1619.191 582
1619.282 564
1619.373 554
1619.464 539
1619.555 527
1619.646 516
1619.737 508
1619.828 491
1619.919 498
1620.010 503
1620.101 510
1620.192 520
1620.284 519
1620.375 522
1620.466 518
1620.557 516
1620.648 520
1620.739 528
1620.830 535
1620.921 547
1621.012 543
1621.103 530
1621.194 526
1621.285 525
1621.377 532
1621.468 542
1621.559 553
1621.650 568
1621.741 570
1621.832 574
1621.923 567
1622.014 566
1622.105 552
1622.197 535
1622.288 530
1622.379 518
1622.470 517
1622.561 518
1622.652 515
1622.743 519
1622.834 516
1622.926 508
1623.017 509
1623.108 508
1623.199 512
1623.290 511
1623.381 515
1623.473 520
1623.564 529
1623.655 539
1623.746 539
1623.837 547
1623.928 539
1624.020 531
1624.111 527
1624.202 507
1624.293 506
1624.384 500
1624.475 497
1624.567 487
1624.658 480
1624.749 475
1624.840 470
1624.931 473
1625.023 493
1625.114 514
1625.205 532
1625.296 547
1625.387 547
1625.479 546
1625.570 543
1625.661 549
1625.752 540
1625.844 536
1625.935 536
1626.026 529
1626.117 526
1626.209 526
1626.300 514
1626.391 506
1626.482 499
1626.573 492
1626.665 496
1626.756 503
1626.847 506
1626.938 506
1627.030 514
1627.121 517
1627.212 527
1627.304 538
1627.395 539
1627.486 553
1627.577 560
1627.669 571
1627.760 575
1627.851 578
1627.942 576
1628.034 574
1628.125 575
1628.216 568
1628.308 556
1628.399 537
1628.490 530
1628.582 519
1628.673 516
1628.764 516
1628.855 516
1628.947 517
1629.038 526
1629.129 540
1629.221 538
1629.312 549
1629.403 543
1629.495 534
1629.586 538
1629.677 537
1629.769 536
1629.860 530
1629.951 530
1630.043 529
1630.134 529
1630.225 532
1630.317 529
1630.408 521
1630.500 525
1630.591 526
1630.682 524
1630.774 533
1630.865 538
1630.956 543
1631.048 556
1631.139 564
1631.231 560
1631.322 561
1631.413 557
1631.505 544
1631.596 542
1631.687 541
1631.779 540
1631.870 542
1631.962 549
1632.053 545
1632.144 553
1632.236 565
1632.327 572
1632.419 582
1632.510 587
1632.602 590
1632.693 609
1632.784 629
1632.876 643
1632.967 664
1633.059 666
1633.150 668
1633.242 665
1633.333 671
1633.424 677
1633.516 680
1633.607 701
1633.699 725
1633.790 729
1633.882 733
1633.973 726
1634.065 720
1634.156 734
1634.248 747
1634.339 762
1634.430 778
1634.522 795
1634.613 817
1634.705 824
1634.796 825
1634.888 808
1634.979 785
1635.071 775
1635.162 762
1635.254 747
1635.345 734
1635.437 718
1635.528 703
1635.620 693
1635.711 681
1635.803 675
1635.894 668
1635.986 660
1636.077 651
1636.169 638
1636.260 630
1636.352 640
1636.443 648
1636.535 664
1636.627 687
1636.718 698
1636.810 707
1636.901 709
1636.993 703
1637.084 684
1637.176 670
1637.267 651
1637.359 640
1637.450 632
1637.542 623
1637.634 618
1637.725 608
1637.817 613
1637.908 616
1638.000 624
1638.091 628
1638.183 632
1638.275 636
1638.366 627
1638.458 624
1638.549 615
1638.641 603
1638.733 607
1638.824 600
1638.916 597
1639.007 595
1639.099 584
1639.191 576
1639.282 570
1639.374 560
1639.465 550
1639.557 545
1639.649 544
1639.740 541
1639.832 553
1639.923 561
1640.015 559
1640.107 559
1640.198 540
1640.290 517
1640.382 521
1640.473 522
1640.565 540
1640.657 557
1640.748 561
1640.840 567
1640.932 570
1641.023 574
1641.115 574
1641.207 577
1641.298 563
1641.390 552
1641.482 556
1641.573 557
1641.665 561
1641.757 560
1641.848 555
1641.940 546
1642.032 545
1642.123 545
1642.215 541
1642.307 538
1642.398 533
1642.490 526
1642.582 533
1642.674 531
1642.765 525
1642.857 516
1642.949 510
1643.040 509
1643.132 505
1643.224 504
1643.316 519
1643.407 530
1643.499 555
1643.591 580
1643.682 578
1643.774 574
1643.866 576
1643.958 582
1644.049 575
1644.141 569
1644.233 562
1644.325 542
1644.416 543
1644.508 545
1644.600 538
1644.692 535
1644.783 532
1644.875 526
1644.967 524
1645.059 513
1645.151 506
1645.242 498
1645.334 494
1645.426 499
1645.518 503
1645.609 508
1645.701 519
1645.793 528
1645.885 526
1645.977 524
1646.068 511
1646.160 494
1646.252 492
1646.344 487
1646.436 490
1646.528 495
1646.619 507
1646.711 514
1646.803 517
1646.895 524
1646.987 525
1647.078 527
1647.170 528
1647.262 531
1647.354 516
1647.446 503
1647.538 496
1647.629 480
1647.721 484
1647.813 485
1647.905 483
1647.997 485
1648.089 478
1648.181 472
1648.272 471
1648.364 468
1648.456 481
1648.548 495
1648.640 509
1648.732 520
1648.824 522
1648.916 524
1649.007 530
1649.099 534
1649.191 534
1649.283 540
1649.375 530
1649.467 523
1649.559 517
1649.651 511
1649.743 518
1649.835 518
1649.926 529
1650.018 537
1650.110 546
1650.202 560
1650.294 562
1650.386 570
1650.478 574
1650.570 581
1650.662 575
1650.754 570
1650.846 550
1650.938 538
1651.030 524
1651.122 508
1651.214 505
1651.305 501
1651.397 497
1651.489 496
1651.581 492
1651.673 484
1651.765 488
1651.857 484
1651.949 491
1652.041 503
1652.133 511
1652.225 518
1652.317 525
1652.409 534
1652.501 539
1652.593 550
1652.685 563
1652.777 575
1652.869 566
1652.961 562
1653.053 544
1653.145 531
1653.237 532
1653.329 533
1653.421 534
1653.513 537
1653.605 535
1653.697 533
1653.789 535
1653.881 537
1653.973 539
1654.065 542
1654.157 551
1654.249 559
1654.341 561
1654.433 561
1654.525 549
1654.617 536
1654.709 529
1654.802 520
1654.894 524
1654.986 531
1655.078 538
1655.170 544
1655.262 548
1655.354 548
1655.446 541
1655.538 537
1655.630 537
1655.722 534
1655.814 542
1655.906 551
1655.998 556
1656.091 565
1656.183 567
1656.275 571
1656.367 565
1656.459 565
1656.551 567
1656.643 569
1656.735 588
1656.827 615
1656.919 637
1657.012 664
1657.104 677
1657.196 685
1657.288 699
1657.380 708
1657.472 724
1657.564 741
1657.656 744
1657.749 752
1657.841 756
1657.933 762
1658.025 768
1658.117 773
1658.209 785
1658.301 801
1658.394 797
1658.486 795
1658.578 783
1658.670 780
1658.762 781
1658.854 784
1658.946 785
1659.039 785
1659.131 780
1659.223 766
1659.315 765
1659.407 762
1659.500 756
1659.592 753
1659.684 745
1659.776 739
1659.868 743
1659.960 748
1660.053 750
1660.145 745
1660.237 730
1660.329 706
1660.422 692
1660.514 677
1660.606 673
1660.698 669
1660.790 674
1660.883 673
1660.975 675
1661.067 680
1661.159 676
1661.252 677
1661.344 676
1661.436 678
1661.528 672
1661.620 661
1661.713 646
1661.805 625
1661.897 607
1661.989 593
1662.082 586
1662.174 572
1662.266 570
1662.358 564
1662.451 573
1662.543 584
1662.635 593
1662.728 609
1662.820 616
1662.912 621
1663.004 627
1663.097 626
1663.189 617
1663.281 607
1663.374 602
1663.466 599
1663.558 585
1663.650 576
1663.743 559
1663.835 547
1663.927 547
1664.020 547
1664.112 548
1664.204 553
1664.297 563
1664.389 571
1664.481 565
1664.574 561
1664.666 546
1664.758 534
1664.851 536
1664.943 537
1665.035 523
1665.128 506
1665.220 494
1665.312 475
1665.405 476
1665.497 480
1665.589 478
1665.682 484
1665.774 499
1665.866 514
1665.959 526
1666.051 543
1666.144 545
1666.236 547
1666.328 549
1666.421 554
1666.513 545
1666.605 535
1666.698 523
1666.790 505
1666.883 494
1666.975 484
1667.067 481
1667.160 470
1667.252 473
1667.345 473
1667.437 472
1667.529 472
1667.622 482
1667.714 497
1667.807 507
1667.899 518
1667.991 526
1668.084 535
1668.176 538
1668.269 550
1668.361 552
1668.454 553
1668.546 554
1668.639 550
1668.731 534
1668.823 522
1668.916 517
1669.008 510
1669.101 506
1669.193 504
1669.286 494
1669.378 478
1669.471 477
1669.563 477
1669.656 478
1669.748 471
1669.841 469
1669.933 471
1670.025 474
1670.118 487
1670.210 495
1670.303 507
1670.395 513
1670.488 515
1670.580 517
1670.673 516
1670.765 512
1670.858 512
1670.950 502
1671.043 489
1671.135 486
1671.228 479
1671.320 469
1671.413 461
1671.505 454
1671.598 453
1671.691 443
1671.783 439
1671.876 432
1671.968 429
1672.061 437
1672.153 442
1672.246 439
1672.338 431
1672.431 434
1672.523 439
1672.616 455
1672.709 477
1672.801 475
1672.894 471
1672.986 468
1673.079 466
1673.171 459
1673.264 450
1673.356 441
1673.449 427
1673.542 430
1673.634 434
1673.727 444
1673.819 451
1673.912 462
1674.005 480
1674.097 480
1674.190 473
1674.282 468
1674.375 458
1674.468 450
1674.560 445
1674.653 453
1674.745 460
1674.838 478
1674.931 501
1675.023 492
1675.116 484
1675.209 487
1675.301 482
1675.394 501
1675.486 522
1675.579 530
1675.672 546
1675.764 541
1675.857 535
1675.950 521
1676.042 501
1676.135 489
1676.228 475
1676.320 474
1676.413 469
1676.506 477
1676.598 480
1676.691 487
1676.784 490
1676.876 493
1676.969 497
1677.062 497
1677.154 496
1677.247 487
1677.340 477
1677.432 468
1677.525 457
1677.618 453
1677.710 450
1677.803 458
1677.896 466
1677.988 474
1678.081 478
1678.174 482
1678.267 475
1678.359 484
1678.452 491
1678.545 495
1678.637 502
1678.730 494
1678.823 490
1678.916 486
1679.008 485
1679.101 492
1679.194 500
1679.287 519
1679.379 530
1679.472 543
1679.565 562
1679.658 565
1679.750 564
1679.843 561
1679.936 568
1680.029 565
1680.121 570
1680.214 576
1680.307 579
1680.400 597
1680.492 616
1680.585 627
1680.678 639
1680.771 656
1680.864 676
1680.956 670
1681.049 665
1681.142 645
1681.235 623
1681.328 633
1681.420 642
1681.513 649
1681.606 647
1681.699 653
1681.792 655
1681.884 667
1681.977 685
1682.070 684
1682.163 686
1682.256 682
1682.349 677
1682.441 682
1682.534 688
1682.627 692
1682.720 708
1682.813 716
1682.906 731
1682.998 736
1683.091 738
1683.184 742
1683.277 743
1683.370 741
1683.463 739
1683.556 725
1683.648 713
1683.741 698
1683.834 684
1683.927 675
1684.020 669
1684.113 657
1684.206 645
1684.299 634
1684.391 620
1684.484 615
1684.577 618
1684.670 629
1684.763 639
1684.856 649
1684.949 670
1685.042 681
1685.135 691
1685.227 695
1685.320 693
1685.413 675
1685.506 654
1685.599 635
1685.692 617
1685.785 607
1685.878 598
1685.971 588
1686.064 583
1686.157 574
1686.250 564
1686.343 554
1686.436 541
1686.528 549
1686.621 543
1686.714 549
1686.807 556
1686.900 554
1686.993 558
1687.086 558
1687.179 560
1687.272 564
1687.365 566
1687.458 567
1687.551 564
1687.644 554
1687.737 541
1687.830 536
1687.923 529
1688.016 527
1688.109 525
1688.202 515
1688.295 501
1688.388 494
1688.481 490
1688.574 490
1688.667 488
1688.760 502
1688.853 513
1688.946 521
1689.039 526
1689.132 517
1689.225 507
1689.318 500
1689.411 497
1689.504 490
1689.597 485
1689.690 483
1689.783 476
1689.876 478
1689.969 476
1690.062 474
1690.155 475
1690.248 476
1690.341 479
1690.434 497
1690.528 513
1690.621 524
1690.714 537
1690.807 540
1690.900 542
1690.993 543
1691.086 548
1691.179 551
1691.272 547
1691.365 539
1691.458 529
1691.551 523
1691.644 517
1691.737 516
1691.831 512
1691.924 511
1692.017 515
1692.110 515
1692.203 515
1692.296 514
1692.389 510
1692.482 510
1692.575 510
1692.669 508
1692.762 512
1692.855 511
1692.948 510
1693.041 509
1693.134 514
1693.227 510
1693.320 507
1693.414 513
1693.507 522
1693.600 523
1693.693 526
1693.786 516
1693.879 505
1693.972 501
1694.066 496
1694.159 493
1694.252 490
1694.345 492
1694.438 490
1694.531 491
1694.625 497
1694.718 493
1694.811 487
1694.904 482
1694.997 481
1695.090 473
1695.184 464
1695.277 467
1695.370 459
1695.463 460
1695.556 467
1695.650 458
1695.743 465
1695.836 478
1695.929 490
1696.022 510
1696.116 527
1696.209 531
1696.302 530
1696.395 524
1696.489 525
1696.582 510
1696.675 493
1696.768 480
1696.861 470
1696.955 468
1697.048 474
1697.141 479
1697.234 491
1697.328 494
1697.421 497
1697.514 497
1697.607 496
1697.701 501
1697.794 508
1697.887 521
1697.981 531
1698.074 534
1698.167 539
1698.260 538
1698.354 538
1698.447 535
1698.540 535
1698.633 529
1698.727 513
1698.820 503
1698.913 490
1699.007 485
1699.100 470
1699.193 460
1699.286 449
1699.380 441
1699.473 434
1699.566 438
1699.660 445
1699.753 450
1699.846 458
1699.940 464
1700.033 471
1700.126 482
1700.220 489
1700.313 502
1700.406 515
1700.500 529
1700.593 538
1700.686 539
1700.780 538
1700.873 527
1700.966 525
1701.060 519
1701.153 515
1701.246 518
1701.340 511
1701.433 512
1701.527 513
1701.620 511
1701.713 512
1701.807 501
1701.900 488
1701.993 471
1702.087 454
1702.180 453
1702.274 447
1702.367 451
1702.460 459
1702.554 455
1702.647 448
1702.740 446
1702.834 434
1702.927 434
1703.021 432
1703.114 426
1703.208 413
1703.301 409
1703.394 405
1703.488 405
1703.581 409
1703.675 421
1703.768 432
1703.861 451
1703.955 473
1704.048 500
1704.142 530
1704.235 558
1704.329 591
1704.422 593
1704.516 595
1704.609 586
1704.702 578
1704.796 570
1704.889 563
1704.983 560
1705.076 559
1705.170 583
1705.263 608
1705.357 629
1705.450 647
1705.544 652
1705.637 657
1705.731 660
1705.824 663
1705.918 656
1706.011 644
1706.105 643
1706.198 642
1706.292 645
1706.385 652
1706.479 648
1706.572 650
1706.666 650
1706.759 650
1706.853 652
1706.946 656
1707.040 654
1707.133 651
1707.227 647
1707.320 647
1707.414 648
1707.507 646
1707.601 645
1707.694 640
1707.788 643
1707.881 647
1707.975 653
1708.069 664
1708.162 663
1708.256 664
1708.349 668
1708.443 679
1708.536 675
1708.630 674
1708.723 659
1708.817 634
1708.911 634
1709.004 635
1709.098 635
1709.191 633
1709.285 613
1709.378 588
1709.472 573
1709.566 548
1709.659 560
1709.753 574
1709.846 586
1709.940 610
1710.034 612
1710.127 613
1710.221 610
1710.314 603
1710.408 599
1710.502 589
1710.595 586
1710.689 580
1710.783 565
1710.876 556
1710.970 549
1711.063 539
1711.157 528
1711.251 521
1711.344 510
1711.438 488
1711.532 494
1711.625 501
1711.719 503
1711.813 512
1711.906 513
1712.000 506
1712.093 507
1712.187 517
1712.281 514
1712.374 515
1712.468 516
1712.562 511
1712.656 497
1712.749 484
1712.843 471
1712.937 443
1713.030 458
1713.124 474
1713.218 491
1713.311 512
1713.405 514
1713.499 516
1713.592 516
1713.686 519
1713.780 524
1713.874 527
1713.967 533
1714.061 540
1714.155 543
1714.248 542
1714.342 527
1714.436 514
1714.530 509
1714.623 506
1714.717 516
1714.811 530
1714.904 527
1714.998 526
1715.092 531
1715.186 532
1715.279 532
1715.373 533
1715.467 528
1715.561 518
1715.654 510
1715.748 504
1715.842 494
1715.936 483
1716.030 480
1716.123 472
1716.217 470
1716.311 466
1716.405 476
1716.498 482
1716.592 488
1716.686 493
1716.780 481
1716.874 474
1716.967 468
1717.061 464
1717.155 456
1717.249 446
1717.343 441
1717.436 441
1717.530 451
1717.624 463
1717.718 473
1717.812 487
1717.905 484
1717.999 473
1718.093 455
1718.187 438
1718.281 431
1718.375 425
1718.468 434
1718.562 444
1718.656 452
1718.750 466
1718.844 475
1718.938 481
1719.032 479
1719.125 477
1719.219 461
1719.313 444
1719.407 450
1719.501 454
1719.595 462
1719.689 474
1719.782 475
1719.876 469
1719.970 474
1720.064 477
1720.158 488
1720.252 502
1720.346 506
1720.440 511
1720.534 500
1720.627 497
1720.721 488
1720.815 487
1720.909 489
1721.003 488
1721.097 493
1721.191 495
1721.285 485
1721.379 475
1721.473 469
1721.567 457
1721.660 452
1721.754 450
1721.848 438
1721.942 420
1722.036 429
1722.130 432
1722.224 440
1722.318 448
1722.412 445
1722.506 447
1722.600 444
1722.694 443
1722.788 449
1722.882 459
1722.976 462
1723.070 463
1723.164 455
1723.258 448
1723.352 446
1723.446 443
1723.540 444
1723.633 445
1723.727 442
1723.821 441
1723.915 441
1724.009 443
1724.103 448
1724.197 449
1724.291 456
1724.385 462
1724.479 461
1724.573 465
1724.667 464
1724.761 462
1724.855 465
1724.949 470
1725.044 474
1725.138 479
1725.232 482
1725.326 480
1725.420 476
1725.514 473
1725.608 472
1725.702 478
1725.796 478
1725.890 480
1725.984 485
1726.078 485
1726.172 482
1726.266 478
1726.360 469
1726.454 458
1726.548 446
1726.642 429
1726.736 418
1726.830 407
1726.924 419
1727.019 428
1727.113 441
1727.207 453
1727.301 460
1727.395 474
1727.489 482
1727.583 491
1727.677 493
1727.771 497
1727.865 496
1727.959 496
1728.054 503
1728.148 509
1728.242 517
1728.336 539
1728.430 545
1728.524 554
1728.618 568
1728.712 578
1728.806 593
1728.901 608
1728.995 614
1729.089 629
1729.183 631
1729.277 631
1729.371 631
1729.465 625
1729.560 621
1729.654 618
1729.748 618
1729.842 620
1729.936 632
1730.030 643
1730.124 658
1730.219 673
1730.313 675
1730.407 681
1730.501 669
1730.595 665
1730.689 668
1730.784 665
1730.878 685
1730.972 699
1731.066 712
1731.160 730
1731.255 735
1731.349 731
1731.443 726
1731.537 722
1731.631 715
1731.726 711
1731.820 704
1731.914 702
1732.008 702
1732.102 700
1732.197 705
1732.291 714
1732.385 713
1732.479 714
1732.574 706
1732.668 696
1732.762 690
1732.856 681
1732.950 672
1733.045 659
1733.139 646
1733.233 638
1733.327 637
1733.422 632
1733.516 626
1733.610 622
1733.704 617
1733.799 608
1733.893 601
1733.987 601
1734.082 599
1734.176 591
1734.270 595
1734.364 597
1734.459 589
1734.553 575
1734.647 558
1734.742 536
1734.836 534
1734.930 534
1735.024 528
1735.119 527
1735.213 528
1735.307 524
1735.402 533
1735.496 542
1735.590 532
1735.685 524
1735.779 515
1735.873 500
1735.967 512
1736.062 520
1736.156 523
1736.250 521
1736.345 518
1736.439 513
1736.533 509
1736.628 506
1736.722 492
1736.817 482
1736.911 476
1737.005 475
1737.100 484
1737.194 494
1737.288 500
1737.383 509
1737.477 511
1737.571 514
1737.666 511
1737.760 513
1737.854 504
1737.949 499
1738.043 490
1738.138 485
1738.232 482
1738.326 477
1738.421 484
1738.515 486
1738.610 481
1738.704 477
1738.798 464
1738.893 450
1738.987 456
1739.082 461
1739.176 475
1739.270 492
1739.365 499
1739.459 506
1739.554 513
1739.648 520
1739.743 524
1739.837 526
1739.931 522
1740.026 524
1740.120 522
1740.215 521
1740.309 523
1740.404 517
1740.498 508
1740.592 499
1740.687 487
1740.781 471
1740.876 469
1740.970 468
1741.065 464
1741.159 461
1741.254 467
1741.348 471
1741.443 478
1741.537 484
1741.632 478
1741.726 475
1741.821 473
1741.915 467
1742.010 464
1742.104 455
1742.199 453
1742.293 447
1742.388 447
1742.482 443
1742.577 442
1742.671 444
1742.766 439
1742.860 437
1742.955 434
1743.049 432
1743.144 429
1743.238 430
1743.333 431
1743.427 429
1743.522 442
1743.616 449
1743.711 455
1743.805 466
1743.900 472
1743.994 483
1744.089 492
1744.184 498
1744.278 480
1744.373 463
1744.467 445
1744.562 432
1744.656 434
1744.751 432
1744.845 434
1744.940 436
1745.035 437
1745.129 442
1745.224 439
1745.318 440
1745.413 435
1745.507 425
1745.602 427
1745.697 432
1745.791 440
1745.886 445
1745.980 448
1746.075 457
1746.170 464
1746.264 477
1746.359 480
1746.453 486
1746.548 500
1746.643 513
1746.737 528
1746.832 541
1746.927 511
1747.021 483
1747.116 458
1747.210 429
1747.305 420
1747.400 410
1747.494 402
1747.589 389
1747.684 409
1747.778 421
1747.873 439
1747.968 458
1748.062 467
1748.157 480
1748.252 482
1748.346 489
1748.441 494
1748.536 495
1748.630 495
1748.725 499
1748.820 491
1748.914 482
1749.009 481
1749.104 482
1749.198 481
1749.293 480
1749.388 479
1749.482 472
1749.577 473
1749.672 472
1749.767 471
1749.861 469
1749.956 468
1750.051 466
1750.145 469
1750.240 460
1750.335 457
1750.430 455
1750.524 448
1750.619 444
1750.714 435
1750.808 426
1750.903 418
1750.998 408
1751.093 418
1751.187 429
1751.282 440
1751.377 453
1751.472 472
1751.566 491
1751.661 501
1751.756 521
1751.851 526
1751.945 528
1752.040 531
1752.135 524
1752.230 527
1752.325 530
1752.419 536
1752.514 554
1752.609 559
1752.704 566
1752.798 574
1752.893 585
1752.988 597
1753.083 616
1753.178 637
1753.272 656
1753.367 666
1753.462 680
1753.557 682
1753.652 686
1753.746 697
1753.841 703
1753.936 703
1754.031 721
1754.126 706
1754.221 690
1754.315 683
1754.410 670
1754.505 671
1754.600 672
1754.695 686
1754.790 686
1754.884 698
1754.979 717
1755.074 720
1755.169 722
1755.264 723
1755.359 723
1755.454 725
1755.548 736
1755.643 727
1755.738 718
1755.833 710
1755.928 689
1756.023 683
1756.118 671
1756.213 662
1756.307 652
1756.402 645
1756.497 640
1756.592 637
1756.687 637
1756.782 633
1756.877 634
1756.972 623
1757.067 608
1757.161 608
1757.256 608
1757.351 610
1757.446 604
1757.541 588
1757.636 573
1757.731 564
1757.826 543
1757.921 545
1758.016 546
1758.111 542
1758.206 540
1758.301 535
1758.396 531
1758.490 528
1758.585 524
1758.680 527
1758.775 532
1758.870 533
1758.965 529
1759.060 531
1759.155 528
1759.250 524
1759.345 524
1759.440 513
1759.535 508
1759.630 498
1759.725 489
1759.820 490
1759.915 480
1760.010 479
1760.105 474
1760.200 471
1760.295 469
1760.390 466
1760.485 466
1760.580 468
1760.675 469
1760.770 474
1760.865 477
1760.960 472
1761.055 471
1761.150 467
1761.245 456
1761.340 456
1761.435 459
1761.530 458
1761.625 455
1761.720 457
1761.815 456
1761.910 451
1762.005 446
1762.100 434
1762.195 422
1762.290 423
1762.385 423
1762.480 437
1762.576 453
1762.671 466
1762.766 485
1762.861 478
1762.956 476
1763.051 462
1763.146 448
1763.241 447
1763.336 442
1763.431 447
1763.526 458
1763.621 456
1763.716 456
1763.811 459
1763.907 460
1764.002 470
1764.097 481
1764.192 487
1764.287 505
1764.382 497
1764.477 490
1764.572 484
1764.667 473
1764.763 474
1764.858 474
1764.953 476
1765.048 472
1765.143 459
1765.238 448
1765.333 433
1765.428 413
1765.524 418
1765.619 417
1765.714 421
1765.809 434
1765.904 439
1765.999 448
1766.094 452
1766.190 449
1766.285 441
1766.380 433
1766.475 432
1766.570 417
1766.665 425
1766.761 437
1766.856 448
1766.951 464
1767.046 478
1767.141 494
1767.236 488
1767.332 485
1767.427 464
1767.522 439
1767.617 430
1767.712 419
1767.808 420
1767.903 422
1767.998 426
1768.093 430
1768.188 430
1768.284 435
1768.379 431
1768.474 422
1768.569 423
1768.665 426
1768.760 425
1768.855 424
1768.950 420
1769.045 413
1769.141 412
1769.236 417
1769.331 417
1769.426 415
1769.522 421
1769.617 422
1769.712 426
1769.807 433
1769.903 428
1769.998 424
1770.093 428
1770.188 432
1770.284 441
1770.379 441
1770.474 434
1770.570 425
1770.665 419
1770.760 408
1770.855 412
1770.951 417
1771.046 423
1771.141 426
1771.237 425
1771.332 422
1771.427 412
1771.522 401
1771.618 400
1771.713 401
1771.808 405
1771.904 406
1771.999 411
1772.094 410
1772.190 426
1772.285 439
1772.380 439
1772.476 443
1772.571 432
1772.666 417
1772.762 413
1772.857 409
1772.952 406
1773.048 408
1773.143 417
1773.238 428
1773.334 436
1773.429 447
1773.524 448
1773.620 447
1773.715 446
1773.810 446
1773.906 458
1774.001 472
1774.097 480
1774.192 488
1774.287 477
1774.383 467
1774.478 460
1774.573 449
1774.669 449
1774.764 453
1774.860 452
1774.955 447
1775.050 453
1775.146 454
1775.241 461
1775.337 471
1775.432 466
1775.527 465
1775.623 469
1775.718 474
1775.814 475
1775.909 478
1776.005 481
1776.100 481
1776.195 487
1776.291 494
1776.386 503
1776.482 510
1776.577 514
1776.673 519
1776.768 519
1776.864 526
1776.959 523
1777.054 521
1777.150 522
1777.245 525
1777.341 536
1777.436 549
1777.532 559
1777.627 574
1777.723 590
1777.818 605
1777.914 619
1778.009 635
1778.105 636
1778.200 637
1778.296 645
1778.391 658
1778.487 675
1778.582 691
1778.678 699
1778.773 714
1778.869 714
1778.964 711
1779.060 706
1779.155 703
1779.251 691
1779.346 680
1779.442 676
1779.537 671
1779.633 668
1779.728 666
1779.824 674
1779.919 682
1780.015 694
1780.110 709
1780.206 710
1780.301 712
1780.397 709
1780.492 705
1780.588 704
1780.684 701
1780.779 690
1780.875 681
1780.970 673
1781.066 661
1781.161 656
1781.257 653
1781.353 653
1781.448 651
1781.544 640
1781.639 630
1781.735 616
1781.830 606
1781.926 593
1782.022 582
1782.117 568
1782.213 545
1782.308 552
1782.404 552
1782.500 544
1782.595 536
1782.691 519
1782.786 505
1782.882 502
1782.978 494
1783.073 492
1783.169 487
1783.264 488
1783.360 498
1783.456 507
1783.551 513
1783.647 520
1783.743 529
1783.838 517
1783.934 506
1784.030 491
1784.125 467
1784.221 453
1784.317 442
1784.412 437
1784.508 433
1784.603 447
1784.699 466
1784.795 474
1784.890 484
1784.986 488
1785.082 491
1785.178 492
1785.273 494
1785.369 490
1785.465 481
1785.560 482
1785.656 473
1785.752 466
1785.847 463
1785.943 461
1786.039 464
1786.134 472
1786.230 484
1786.326 481
1786.422 485
1786.517 476
1786.613 467
1786.709 462
1786.804 456
1786.900 458
1786.996 451
1787.092 448
1787.187 447
1787.283 442
1787.379 440
1787.474 444
1787.570 449
1787.666 451
1787.762 459
1787.857 460
1787.953 458
1788.049 458
1788.145 454
1788.240 448
1788.336 443
1788.432 438
1788.528 428
1788.624 419
1788.719 405
1788.815 407
1788.911 408
1789.007 427
1789.102 433
1789.198 433
1789.294 438
1789.390 428
1789.486 420
1789.581 426
1789.677 435
1789.773 442
1789.869 447
1789.965 442
1790.060 433
1790.156 432
1790.252 430
1790.348 435
1790.444 438
1790.539 442
1790.635 442
1790.731 437
1790.827 432
1790.923 426
1791.019 419
1791.114 423
1791.210 430
1791.306 435
1791.402 437
1791.498 446
1791.594 458
1791.690 447
1791.785 432
1791.881 421
1791.977 408
1792.073 405
1792.169 398
1792.265 401
1792.361 406
1792.456 418
1792.552 431
1792.648 443
1792.744 457
1792.840 465
1792.936 479
1793.032 475
1793.128 467
1793.224 456
1793.319 448
1793.415 443
1793.511 437
1793.607 441
1793.703 439
1793.799 440
1793.895 444
1793.991 436
1794.087 430
1794.183 438
1794.279 440
1794.375 443
1794.470 458
1794.566 456
1794.662 456
1794.758 462
1794.854 463
1794.950 460
1795.046 456
1795.142 456
1795.238 448
1795.334 452
1795.430 457
1795.526 457
1795.622 458
1795.718 456
1795.814 457
1795.910 448
1796.006 439
1796.102 439
1796.198 438
1796.294 442
1796.390 453
1796.486 456
1796.582 459
1796.678 462
1796.774 460
1796.870 449
1796.965 442
1797.061 433
1797.158 419
1797.254 410
1797.350 404
1797.446 399
1797.542 391
1797.638 396
1797.734 400
1797.830 413
1797.926 432
1798.022 444
1798.118 461
1798.214 464
1798.310 474
1798.406 479
1798.502 481
1798.598 482
1798.694 489
1798.790 479
1798.886 466
1798.982 459
1799.078 448
1799.174 454
1799.270 460
1799.366 462
1799.462 473
1799.558 477
1799.654 483
1799.751 483
1799.847 490
1799.943 484
1800.039 476
1800.135 480
1800.231 472
1800.327 464
1800.423 458
1800.519 452
1800.615 442
1800.711 459
1800.808 477
1800.904 491
1801.000 519
1801.096 537
1801.192 554
1801.288 577
1801.384 604
1801.480 607
1801.576 614
1801.673 615
1801.769 612
1801.865 632
1801.961 646
1802.057 660
1802.153 685
1802.249 681
1802.345 681
1802.442 680
1802.538 678
1802.634 683
1802.730 688
1802.826 694
1802.922 705
1803.019 700
1803.115 694
1803.211 687
1803.307 676
1803.403 679
1803.499 681
1803.596 686
1803.692 695
1803.788 695
1803.884 695
1803.980 702
1804.077 711
1804.173 708
1804.269 709
1804.365 696
1804.461 674
1804.558 671
1804.654 667
1804.750 666
1804.846 674
1804.942 668
1805.039 666
1805.135 660
1805.231 652
1805.327 640
1805.423 622
1805.520 600
1805.616 575
1805.712 573
1805.808 566
1805.905 565
1806.001 571
1806.097 558
1806.193 537
1806.290 530
1806.386 524
1806.482 515
1806.578 510
1806.675 500
1806.771 493
1806.867 497
1806.963 500
1807.060 500
1807.156 498
1807.252 499
1807.349 500
1807.445 499
1807.541 501
1807.637 496
1807.734 494
1807.830 488
1807.926 490
1808.023 497
1808.119 507
1808.215 515
1808.311 517
1808.408 512
1808.504 502
1808.600 492
1808.697 478
1808.793 468
1808.889 460
1808.986 451
1809.082 444
1809.178 443
1809.275 441
1809.371 443
1809.467 455
1809.564 461
1809.660 467
1809.756 458
1809.853 454
1809.949 443
1810.045 432
1810.142 434
1810.238 434
1810.334 434
1810.431 430
1810.527 428
1810.624 427
1810.720 419
1810.816 414
1810.913 413
1811.009 405
1811.105 414
1811.202 427
1811.298 440
1811.395 448
1811.491 445
1811.587 445
1811.684 437
1811.780 427
1811.877 431
1811.973 429
1812.069 429
1812.166 430
1812.262 425
1812.359 417
1812.455 415
1812.551 416
1812.648 416
1812.744 413
1812.841 424
1812.937 439
1813.034 443
1813.130 447
1813.226 445
1813.323 434
1813.419 426
1813.516 423
1813.612 420
1813.709 428
1813.805 426
1813.902 428
1813.998 423
1814.095 422
1814.191 418
1814.287 410
1814.384 410
1814.480 405
1814.577 403
1814.673 404
1814.770 405
1814.866 401
1814.963 421
1815.059 442
1815.156 450
1815.252 470
1815.349 469
1815.445 463
1815.542 469
1815.638 474
1815.735 477
1815.831 482
1815.928 491
1816.024 503
1816.121 504
1816.217 506
1816.314 498
1816.410 486
1816.507 485
1816.603 483
1816.700 479
1816.797 473
1816.893 460
1816.990 444
1817.086 433
1817.183 419
1817.279 416
1817.376 412
1817.472 410
1817.569 408
1817.665 413
1817.762 420
1817.859 424
1817.955 421
1818.052 425
1818.148 432
1818.245 436
1818.341 442
1818.438 432
1818.535 419
1818.631 414
1818.728 409
1818.824 407
1818.921 401
1819.018 392
1819.114 388
1819.211 392
1819.307 399
1819.404 412
1819.501 417
1819.597 416
1819.694 417
1819.790 408
1819.887 394
1819.984 388
1820.080 380
1820.177 376
1820.274 367
1820.370 374
1820.467 383
1820.563 392
1820.660 409
1820.757 417
1820.853 422
1820.950 423
1821.047 423
1821.143 426
1821.240 432
1821.337 438
1821.433 451
1821.530 455
1821.627 459
1821.723 464
1821.820 474
1821.917 469
1822.013 461
1822.110 463
1822.207 467
1822.303 467
1822.400 469
1822.497 466
1822.593 458
1822.690 470
1822.787 486
1822.884 496
1822.980 507
1823.077 494
1823.174 482
1823.270 474
1823.367 462
1823.464 455
1823.561 445
1823.657 436
1823.754 428
1823.851 432
1823.947 435
1824.044 441
1824.141 454
1824.238 462
1824.334 469
1824.431 478
1824.528 491
1824.625 503
1824.721 517
1824.818 532
1824.915 553
1825.012 549
1825.108 549
1825.205 545
1825.302 534
1825.399 543
1825.495 552
1825.592 566
1825.689 586
1825.786 608
1825.883 632
1825.979 640
1826.076 651
1826.173 653
1826.270 654
1826.366 667
1826.463 679
1826.560 684
1826.657 693
1826.754 695
1826.850 699
1826.947 703
1827.044 711
1827.141 715
1827.238 712
1827.335 704
1827.431 696
1827.528 695
1827.625 688
1827.722 686
1827.819 682
1827.916 672
1828.012 651
1828.109 647
1828.206 648
1828.303 644
1828.400 641
1828.497 639
1828.593 631
1828.690 630
1828.787 635
1828.884 637
1828.981 639
1829.078 627
1829.175 615
1829.272 598
1829.368 579
1829.465 577
1829.562 567
1829.659 562
1829.756 559
1829.853 552
1829.950 542
1830.047 554
1830.143 565
1830.240 562
1830.337 562
1830.434 540
1830.531 514
1830.628 513
1830.725 508
1830.822 521
1830.919 535
1831.016 537
1831.113 536
1831.210 540
1831.306 540
1831.403 543
1831.500 545
1831.597 536
1831.694 523
1831.791 507
1831.888 499
1831.985 492
1832.082 487
1832.179 487
1832.276 494
1832.373 489
1832.470 475
1832.567 464
1832.664 444
1832.761 438
1832.858 440
1832.955 437
1833.052 429
1833.149 429
1833.246 424
1833.343 428
1833.440 431
1833.536 428
1833.633 431
1833.730 427
1833.827 420
1833.924 425
1834.021 431
1834.118 440
1834.215 454
1834.312 458
1834.410 459
1834.507 456
1834.604 457
1834.701 449
1834.798 437
1834.895 430
1834.992 421
1835.089 422
1835.186 427
1835.283 429
1835.380 432
1835.477 436
1835.574 442
1835.671 444
1835.768 443
1835.865 438
1835.962 434
1836.059 428
1836.156 432
1836.253 436
1836.350 442
1836.447 443
1836.544 433
1836.641 427
1836.739 415
1836.836 413
1836.933 404
1837.030 408
1837.127 414
1837.224 417
1837.321 424
1837.418 432
1837.515 440
1837.612 439
1837.709 444
1837.807 436
1837.904 425
1838.001 417
1838.098 416
1838.195 416
1838.292 413
1838.389 416
1838.486 423
1838.583 437
1838.681 452
1838.778 464
1838.875 475
1838.972 465
1839.069 452
1839.166 441
1839.263 423
1839.361 415
1839.458 407
1839.555 396
1839.652 382
1839.749 382
1839.846 390
1839.943 400
1840.041 410
1840.138 419
1840.235 431
1840.332 429
1840.429 435
1840.526 435
1840.624 433
1840.721 438
1840.818 446
1840.915 450
1841.012 456
1841.110 459
1841.207 450
1841.304 451
1841.401 447
1841.498 446
1841.596 447
1841.693 444
1841.790 441
1841.887 442
1841.984 442
1842.082 438
1842.179 434
1842.276 432
1842.373 423
1842.471 428
1842.568 429
1842.665 432
1842.762 435
1842.859 429
1842.957 425
1843.054 417
1843.151 413
1843.248 416
1843.346 419
1843.443 422
1843.540 427
1843.637 433
1843.735 439
1843.832 446
1843.929 448
1844.027 444
1844.124 437
1844.221 436
1844.318 438
1844.416 439
1844.513 446
1844.610 450
1844.708 449
1844.805 464
1844.902 479
1844.999 484
1845.097 495
1845.194 483
1845.291 470
1845.389 462
1845.486 453
1845.583 449
1845.681 447
1845.778 445
1845.875 444
1845.972 448
1846.070 445
1846.167 445
1846.264 448
1846.362 450
1846.459 449
1846.556 448
1846.654 443
1846.751 439
1846.849 437
1846.946 438
1847.043 439
1847.141 447
1847.238 455
1847.335 460
1847.433 466
1847.530 478
1847.627 489
1847.725 494
1847.822 504
1847.919 499
1848.017 493
1848.114 496
1848.212 490
1848.309 487
1848.406 488
1848.504 488
1848.601 499
1848.699 506
1848.796 512
1848.893 520
1848.991 530
1849.088 531
1849.186 535
1849.283 538
1849.380 539
1849.478 552
1849.575 565
1849.673 576
1849.770 587
1849.868 598
1849.965 610
1850.062 623
1850.160 640
1850.257 648
1850.355 658
1850.452 660
1850.550 659
1850.647 659
1850.744 653
1850.842 662
1850.939 670
1851.037 677
1851.134 688
1851.232 691
1851.329 691
1851.427 682
1851.524 674
1851.622 660
1851.719 641
1851.817 631
1851.914 624
1852.012 613
1852.109 603
1852.207 597
1852.304 583
1852.402 582
1852.499 581
1852.597 573
1852.694 561
1852.792 551
1852.889 542
1852.987 536
1853.084 531
1853.182 537
1853.279 536
1853.377 545
1853.474 557
1853.572 562
1853.669 567
1853.767 566
1853.864 564
1853.962 560
1854.059 552
1854.157 551
1854.254 552
1854.352 551
1854.450 553
1854.547 553
1854.645 550
1854.742 543
1854.840 532
1854.937 517
1855.035 497
1855.132 496
1855.230 496
1855.328 498
1855.425 501
1855.523 501
1855.620 495
1855.718 494
1855.816 491
1855.913 492
1856.011 489
1856.108 495
1856.206 498
1856.303 498
1856.401 502
1856.499 498
1856.596 495
1856.694 487
1856.792 477
1856.889 471
1856.987 462
1857.084 456
1857.182 445
1857.280 445
1857.377 442
1857.475 444
1857.573 455
1857.670 461
1857.768 474
1857.865 484
1857.963 492
1858.061 486
1858.158 481
1858.256 472
1858.354 459
1858.451 446
1858.549 434
1858.647 424
1858.744 407
1858.842 401
1858.940 393
1859.037 384
1859.135 368
1859.233 371
1859.330 375
1859.428 385
1859.526 392
1859.623 396
1859.721 395
1859.819 403
1859.917 413
1860.014 411
1860.112 412
1860.210 407
1860.307 403
1860.405 409
1860.503 414
1860.600 418
1860.698 430
1860.796 431
1860.894 429
1860.991 428
1861.089 428
1861.187 429
1861.285 434
1861.382 439
1861.480 446
1861.578 443
1861.675 444
1861.773 437
1861.871 420
1861.969 416
1862.066 409
1862.164 402
1862.262 394
1862.360 394
1862.458 397
1862.555 400
1862.653 397
1862.751 404
1862.849 410
1862.946 418
1863.044 429
1863.142 433
1863.240 437
1863.338 438
1863.435 449
1863.533 447
1863.631 446
1863.729 443
1863.827 441
1863.924 444
1864.022 449
1864.120 448
1864.218 453
1864.316 457
1864.413 462
1864.511 469
1864.609 466
1864.707 459
1864.805 451
1864.903 447
1865.000 440
1865.098 437
1865.196 431
1865.294 428
1865.392 428
1865.490 420
1865.587 418
1865.685 407
1865.783 389
1865.881 384
1865.979 379
1866.077 375
1866.175 371
1866.272 378
1866.370 386
1866.468 389
1866.566 396
1866.664 408
1866.762 412
1866.860 421
1866.958 437
1867.055 433
1867.153 429
1867.251 431
1867.349 435
1867.447 436
1867.545 436
1867.643 431
1867.741 419
1867.839 427
1867.937 436
1868.034 444
1868.132 457
1868.230 467
1868.328 473
1868.426 482
1868.524 497
1868.622 494
1868.720 493
1868.818 488
1868.916 476
1869.014 467
1869.112 453
1869.210 441
1869.308 433
1869.406 426
1869.503 420
1869.601 417
1869.699 395
1869.797 392
1869.895 384
1869.993 380
1870.091 384
1870.189 394
1870.287 403
1870.385 413
1870.483 429
1870.581 439
1870.679 447
1870.777 452
1870.875 457
1870.973 453
1871.071 449
1871.169 448
1871.267 445
1871.365 440
1871.463 439
1871.561 447
1871.659 455
1871.757 462
1871.855 471
1871.953 475
1872.051 474
1872.149 486
1872.247 495
1872.345 500
1872.443 513
1872.541 523
1872.639 525
1872.737 532
1872.835 533
1872.933 528
1873.031 522
1873.130 531
1873.228 531
1873.326 531
1873.424 539
1873.522 532
1873.620 529
1873.718 539
1873.816 545
1873.914 561
1874.012 575
1874.110 594
1874.208 615
1874.306 634
1874.404 655
1874.503 663
1874.601 667
1874.699 678
1874.797 686
1874.895 700
1874.993 713
1875.091 714
1875.189 726
1875.287 708
1875.385 694
1875.484 677
1875.582 661
1875.680 653
1875.778 643
1875.876 640
1875.974 633
1876.072 638
1876.170 642
1876.269 646
1876.367 654
1876.465 650
1876.563 651
1876.661 651
1876.759 646
1876.857 640
1876.956 635
1877.054 623
1877.152 614
1877.250 604
1877.348 596
1877.446 588
1877.544 579
1877.643 573
1877.741 560
1877.839 554
1877.937 550
1878.035 547
1878.134 542
1878.232 538
1878.330 544
1878.428 540
1878.526 543
1878.624 542
1878.723 540
1878.821 541
1878.919 543
1879.017 546
1879.116 542
1879.214 544
1879.312 543
1879.410 535
1879.508 527
1879.607 517
1879.705 506
1879.803 502
1879.901 496
1880.000 489
1880.098 480
1880.196 475
1880.294 472
1880.392 476
1880.491 480
1880.589 481
1880.687 481
1880.785 481
1880.884 481
1880.982 481
1881.080 477
1881.179 466
1881.277 454
1881.375 443
1881.473 438
1881.572 446
1881.670 455
1881.768 457
1881.866 449
1881.965 449
1882.063 454
1882.161 461
1882.260 467
1882.358 461
1882.456 461
1882.554 455
1882.653 448
1882.751 444
1882.849 441
1882.948 439
1883.046 430
1883.144 434
1883.243 441
1883.341 443
1883.439 445
1883.538 452
1883.636 454
1883.734 453
1883.833 455
1883.931 449
1884.029 445
1884.128 432
1884.226 422
1884.324 417
1884.423 411
1884.521 410
1884.619 411
1884.718 407
1884.816 407
1884.914 406
1885.013 403
1885.111 409
1885.210 409
1885.308 416
1885.406 428
1885.505 421
1885.603 421
1885.701 411
1885.800 393
1885.898 393
1885.997 394
1886.095 394
1886.193 392
1886.292 400
1886.390 406
1886.489 416
1886.587 438
1886.685 439
1886.784 440
1886.882 436
1886.981 422
1887.079 422
1887.178 420
1887.276 419
1887.374 428
1887.473 422
1887.571 416
1887.670 420
1887.768 420
1887.867 429
1887.965 437
1888.064 436
1888.162 423
1888.260 416
1888.359 409
1888.457 406
1888.556 409
1888.654 411
1888.753 414
1888.851 417
1888.950 427
1889.048 425
1889.147 424
1889.245 420
1889.344 404
1889.442 400
1889.541 389
1889.639 385
1889.738 389
1889.836 393
1889.935 400
1890.033 402
1890.132 407
1890.230 410
1890.329 408
1890.427 413
1890.526 418
1890.624 418
1890.723 418
1890.821 419
1890.920 427
1891.018 421
1891.117 419
1891.215 408
1891.314 383
1891.412 385
1891.511 387
1891.609 391
1891.708 394
1891.806 392
1891.905 389
1892.004 388
1892.102 391
1892.201 395
1892.299 398
1892.398 406
1892.496 419
1892.595 426
1892.693 435
1892.792 442
1892.891 446
1892.989 435
1893.088 429
1893.186 415
1893.285 401
1893.384 396
1893.482 387
1893.581 382
1893.679 373
1893.778 377
1893.877 382
1893.975 384
1894.074 390
1894.172 393
1894.271 393
1894.370 397
1894.468 401
1894.567 403
1894.665 404
1894.764 406
1894.863 402
1894.961 410
1895.060 413
1895.159 423
1895.257 432
1895.356 432
1895.455 430
1895.553 434
1895.652 434
1895.750 447
1895.849 461
1895.948 462
1896.046 475
1896.145 479
1896.244 485
1896.342 493
1896.441 501
1896.540 491
1896.638 487
1896.737 484
1896.836 470
1896.934 473
1897.033 478
1897.132 476
1897.231 480
1897.329 498
1897.428 512
1897.527 542
1897.625 580
1897.724 589
1897.823 604
1897.921 606
1898.020 611
1898.119 619
1898.218 626
1898.316 639
1898.415 659
1898.514 681
1898.612 703
1898.711 712
1898.810 722
1898.909 709
1899.007 696
1899.106 696
1899.205 687
1899.304 684
1899.402 681
1899.501 681
1899.600 683
1899.699 691
1899.797 699
1899.896 701
1899.995 700
1900.094 697
1900.192 692
1900.291 678
1900.390 672
1900.489 655
1900.588 634
1900.686 626
1900.785 612
1900.884 603
1900.983 590
1901.082 581
1901.180 561
1901.279 544
1901.378 527
1901.477 510
1901.576 496
1901.674 492
1901.773 486
1901.872 487
1901.971 482
1902.070 483
1902.168 485
1902.267 496
1902.366 499
1902.465 507
1902.564 517
1902.663 513
1902.761 511
1902.860 505
1902.959 493
1903.058 488
1903.157 490
1903.256 484
1903.354 479
1903.453 475
1903.552 466
1903.651 471
1903.750 479
1903.849 485
1903.948 487
1904.047 485
1904.145 481
1904.244 480
1904.343 478
1904.442 479
1904.541 482
1904.640 479
1904.739 478
1904.838 485
1904.937 490
1905.035 500
1905.134 515
1905.233 505
1905.332 489
1905.431 478
1905.530 467
1905.629 453
1905.728 438
1905.827 436
1905.926 432
1906.025 440
1906.123 451
1906.222 442
1906.321 431
1906.420 428
1906.519 417
1906.618 413
1906.717 415
1906.816 421
1906.915 432
1907.014 451
1907.113 477
1907.212 474
1907.311 475
1907.410 468
1907.509 452
1907.608 439
1907.707 429
1907.806 410
1907.905 390
1908.004 377
1908.103 360
1908.202 357
1908.300 350
1908.399 347
1908.498 351
1908.597 356
1908.696 356
1908.795 366
1908.894 379
1908.993 381
1909.092 379
1909.191 392
1909.290 406
1909.389 417
1909.488 438
1909.588 433
1909.687 431
1909.786 434
1909.885 424
1909.984 426
1910.083 425
1910.182 423
1910.281 424
1910.380 425
1910.479 422
1910.578 419
1910.677 415
1910.776 410
1910.875 403
1910.974 402
1911.073 390
1911.172 385
1911.271 385
1911.370 378
1911.469 368
1911.568 369
1911.667 368
1911.767 378
1911.866 390
1911.965 400
1912.064 418
1912.163 430
1912.262 443
1912.361 446
1912.460 453
1912.559 448
1912.658 438
1912.757 425
1912.857 411
1912.956 407
1913.055 410
1913.154 411
1913.253 419
1913.352 422
1913.451 429
1913.550 437
1913.650 445
1913.749 449
1913.848 446
1913.947 434
1914.046 424
1914.145 410
1914.244 391
1914.343 390
1914.443 386
1914.542 385
1914.641 393
1914.740 392
1914.839 388
1914.938 391
1915.038 389
1915.137 388
1915.236 384
1915.335 380
1915.434 375
1915.533 373
1915.633 370
1915.732 375
1915.831 379
1915.930 388
1916.029 397
1916.128 405
1916.228 412
1916.327 413
1916.426 418
1916.525 416
1916.624 417
1916.724 412
1916.823 404
1916.922 404
1917.021 399
1917.121 409
1917.220 417
1917.319 425
1917.418 437
1917.517 428
1917.617 424
1917.716 413
1917.815 406
1917.914 401
1918.014 396
1918.113 393
1918.212 389
1918.311 394
1918.411 402
1918.510 406
1918.609 417
1918.708 431
1918.808 442
1918.907 450
1919.006 460
1919.105 456
1919.205 455
1919.304 458
1919.403 473
1919.503 468
1919.602 463
1919.701 459
1919.800 445
1919.900 449
1919.999 455
1920.098 457
1920.198 457
1920.297 467
1920.396 472
1920.495 487
1920.595 496
1920.694 491
1920.793 488
1920.893 487
1920.992 491
1921.091 500
1921.191 508
1921.290 528
1921.389 550
1921.489 571
1921.588 592
1921.687 594
1921.787 595
1921.886 592
1921.985 595
1922.085 591
1922.184 591
1922.283 588
1922.383 579
1922.482 586
1922.582 589
1922.681 595
1922.780 599
1922.880 600
1922.979 600
1923.078 612
1923.178 624
1923.277 627
1923.376 638
1923.476 637
1923.575 633
1923.675 641
1923.774 652
1923.873 656
1923.973 659
1924.072 661
1924.172 656
1924.271 649
1924.370 642
1924.470 633
1924.569 614
1924.669 601
1924.768 588
1924.868 584
1924.967 580
1925.066 587
1925.166 598
1925.265 602
1925.365 608
1925.464 601
1925.564 593
1925.663 575
1925.762 557
1925.862 557
1925.961 555
1926.061 556
1926.160 562
1926.260 548
1926.359 532
1926.459 524
1926.558 513
1926.658 496
1926.757 475
1926.857 454
1926.956 428
1927.055 429
1927.155 431
1927.254 432
1927.354 446
1927.453 449
1927.553 452
1927.652 463
1927.752 473
1927.851 477
1927.951 483
1928.050 481
1928.150 475
1928.249 474
1928.349 474
1928.448 472
1928.548 472
1928.647 461
1928.747 443
1928.847 433
1928.946 419
1929.046 417
1929.145 413
1929.245 411
1929.344 407
1929.444 414
1929.543 430
1929.643 437
1929.742 442
1929.842 444
1929.941 443
1930.041 448
1930.141 461
1930.240 455
1930.340 446
1930.439 433
1930.539 424
1930.638 411
1930.738 398
1930.838 393
1930.937 388
1931.037 391
1931.136 398
1931.236 396
1931.336 389
1931.435 385
1931.535 376
1931.634 378
1931.734 385
1931.834 378
1931.933 376
1932.033 366
1932.132 356
1932.232 370
1932.332 385
1932.431 396
1932.531 416
1932.630 419
1932.730 417
1932.830 415
1932.929 415
1933.029 414
1933.129 414
1933.228 418
1933.328 419
1933.428 417
1933.527 412
1933.627 407
1933.727 397
1933.826 402
1933.926 409
1934.026 422
1934.125 431
1934.225 424
1934.325 415
1934.424 406
1934.524 396
1934.624 396
1934.723 396
1934.823 396
1934.923 394
1935.022 395
1935.122 400
1935.222 396
1935.321 397
1935.421 397
1935.521 395
1935.620 392
1935.720 380
1935.820 376
1935.920 371
1936.019 377
1936.119 381
1936.219 376
1936.318 377
1936.418 376
1936.518 374
1936.618 385
1936.717 401
1936.817 404
1936.917 403
1937.017 395
1937.116 383
1937.216 375
1937.316 373
1937.416 367
1937.515 365
1937.615 363
1937.715 364
1937.815 366
1937.914 366
1938.014 371
1938.114 375
1938.214 382
1938.313 390
1938.413 388
1938.513 389
1938.613 395
1938.713 398
1938.812 402
1938.912 409
1939.012 411
1939.112 411
1939.212 415
1939.311 423
1939.411 416
1939.511 406
1939.611 400
1939.711 397
1939.810 400
1939.910 403
1940.010 393
1940.110 380
1940.210 380
1940.309 379
1940.409 386
1940.509 402
1940.609 409
1940.709 420
1940.809 429
1940.909 434
1941.008 431
1941.108 431
1941.208 423
1941.308 408
1941.408 403
1941.508 399
1941.607 399
1941.707 404
1941.807 398
1941.907 393
1942.007 384
1942.107 362
1942.207 365
1942.307 366
1942.406 380
1942.506 403
1942.606 414
1942.706 425
1942.806 431
1942.906 432
1943.006 432
1943.106 436
1943.206 437
1943.306 434
1943.405 438
1943.505 443
1943.605 448
1943.705 450
1943.805 454
1943.905 454
1944.005 459
1944.105 464
1944.205 468
1944.305 470
1944.405 464
1944.505 454
1944.605 447
1944.704 439
1944.804 441
1944.904 450
1945.004 466
1945.104 492
1945.204 518
1945.304 541
1945.404 553
1945.504 562
1945.604 558
1945.704 557
1945.804 556
1945.904 556
1946.004 546
1946.104 540
1946.204 531
1946.304 524
1946.404 533
1946.504 550
1946.604 580
1946.704 612
1946.804 634
1946.904 662
1947.004 654
1947.104 644
1947.204 635
1947.304 623
1947.404 616
1947.504 612
1947.604 608
1947.704 600
1947.804 600
1947.904 604
1948.004 601
1948.104 606
1948.204 598
1948.304 591
1948.404 591
1948.504 588
1948.604 588
1948.704 590
1948.804 591
1948.904 589
1949.004 594
1949.105 594
1949.205 594
1949.305 604
1949.405 599
1949.505 596
1949.605 589
1949.705 581
1949.805 574
1949.905 565
1950.005 559
1950.105 559
1950.205 546
1950.305 535
1950.406 528
1950.506 520
1950.606 517
1950.706 515
1950.806 503
1950.906 490
1951.006 488
1951.106 484
1951.206 479
1951.306 476
1951.407 464
1951.507 449
1951.607 433
1951.707 412
1951.807 400
1951.907 386
1952.007 382
1952.108 384
1952.208 388
1952.308 388
1952.408 397
1952.508 407
1952.608 425
1952.708 449
1952.809 459
1952.909 465
1953.009 454
1953.109 441
1953.209 431
1953.309 422
1953.410 422
1953.510 421
1953.610 419
1953.710 417
1953.810 420
1953.910 423
1954.011 426
1954.111 426
1954.211 411
1954.311 395
1954.411 394
1954.512 387
1954.612 398
1954.712 413
1954.812 410
1954.912 413
1955.013 423
1955.113 428
1955.213 438
1955.313 454
1955.413 448
1955.514 444
1955.614 441
1955.714 443
1955.814 426
1955.915 414
1956.015 396
1956.115 382
1956.215 380
1956.316 380
1956.416 379
1956.516 376
1956.616 377
1956.717 370
1956.817 368
1956.917 360
1957.017 354
1957.118 347
1957.218 344
1957.318 345
1957.418 352
1957.519 362
1957.619 366
1957.719 370
1957.820 376
1957.920 381
1958.020 394
1958.120 409
1958.221 414
1958.321 423
1958.421 427
1958.522 443
1958.622 444
1958.722 447
1958.823 442
1958.923 426
1959.023 416
1959.124 402
1959.224 400
1959.324 387
1959.425 385
1959.525 377
1959.625 373
1959.726 380
1959.826 384
1959.926 386
1960.027 389
1960.127 389
1960.227 373
1960.328 355
1960.428 344
1960.528 329
1960.629 330
1960.729 337
1960.829 335
1960.930 335
1961.030 340
1961.131 342
1961.231 349
1961.331 358
1961.432 354
1961.532 350
1961.632 341
1961.733 333
1961.833 337
1961.934 343
1962.034 344
1962.134 350
1962.235 357
1962.335 354
1962.436 367
1962.536 373
1962.636 376
1962.737 386
1962.837 386
1962.938 380
1963.038 381
1963.138 378
1963.239 378
1963.339 381
1963.440 385
1963.540 387
1963.641 388
1963.741 392
1963.842 393
1963.942 391
1964.042 399
1964.143 413
1964.243 410
1964.344 414
1964.444 410
1964.545 405
1964.645 397
1964.746 397
1964.846 390
1964.947 383
1965.047 383
1965.148 378
1965.248 374
1965.348 364
1965.449 365
1965.549 368
1965.650 373
1965.750 371
1965.851 371
1965.951 374
1966.052 379
1966.152 383
1966.253 389
1966.353 399
1966.454 395
1966.554 398
1966.655 394
1966.756 390
1966.856 389
1966.957 394
1967.057 390
1967.158 387
1967.258 388
1967.359 384
1967.459 391
1967.560 400
1967.660 404
1967.761 410
1967.861 416
1967.962 419
1968.063 427
1968.163 437
1968.264 447
1968.364 460
1968.465 460
1968.565 472
1968.666 465
1968.766 457
1968.867 453
1968.968 442
1969.068 452
1969.169 455
1969.269 479
1969.370 505
1969.471 524
1969.571 538
1969.672 540
1969.772 550
1969.873 554
1969.974 559
1970.074 562
1970.175 564
1970.275 576
1970.376 588
1970.477 603
1970.577 618
1970.678 620
1970.778 627
1970.879 627
1970.980 627
1971.080 613
1971.181 595
1971.282 588
1971.382 577
1971.483 583
1971.584 589
1971.684 594
1971.785 593
1971.885 599
1971.986 606
1972.087 619
1972.187 631
1972.288 635
1972.389 645
1972.489 640
1972.590 622
1972.691 616
1972.791 613
1972.892 595
1972.993 571
1973.093 555
1973.194 536
1973.295 524
1973.396 513
1973.496 517
1973.597 522
1973.698 530
1973.798 528
1973.899 518
1974.000 503
1974.100 492
1974.201 485
1974.302 480
1974.403 472
1974.503 471
1974.604 470
1974.705 467
1974.806 468
1974.906 460
1975.007 451
1975.108 453
1975.208 450
1975.309 448
1975.410 453
1975.511 456
1975.611 458
1975.712 460
1975.813 470
1975.914 458
1976.014 447
1976.115 447
1976.216 444
1976.317 439
1976.418 433
1976.518 419
1976.619 406
1976.720 396
1976.821 383
1976.921 381
1977.022 369
1977.123 382
1977.224 394
1977.325 407
1977.425 426
1977.526 429
1977.627 434
1977.728 429
1977.829 423
1977.929 425
1978.030 429
1978.131 431
1978.232 441
1978.333 445
1978.433 442
1978.534 447
1978.635 451
1978.736 447
1978.837 444
1978.938 435
1979.038 423
1979.139 415
1979.240 409
1979.341 410
1979.442 407
1979.543 413
1979.644 416
1979.744 416
1979.845 423
1979.946 420
1980.047 424
1980.148 420
1980.249 419
1980.350 416
1980.451 412
1980.551 411
1980.652 406
1980.753 411
1980.854 420
1980.955 417
1981.056 424
1981.157 424
1981.258 421
1981.359 430
1981.459 439
1981.560 429
1981.661 421
1981.762 411
1981.863 401
1981.964 396
1982.065 391
1982.166 383
1982.267 373
1982.368 370
1982.469 364
1982.569 370
1982.670 377
1982.771 381
1982.872 385
1982.973 390
1983.074 392
1983.175 405
1983.276 417
1983.377 427
1983.478 444
1983.579 432
1983.680 415
1983.781 403
1983.882 390
1983.983 388
1984.084 389
1984.185 392
1984.286 392
1984.387 393
1984.488 395
1984.589 390
1984.690 381
1984.791 392
1984.892 402
1984.993 406
1985.094 417
1985.195 415
1985.296 412
1985.397 414
1985.498 417
1985.599 408
1985.700 400
1985.801 398
1985.902 392
1986.003 389
1986.104 389
1986.205 378
1986.306 362
1986.407 357
1986.508 352
1986.609 350
1986.710 346
1986.811 341
1986.912 338
1987.013 330
1987.114 326
1987.215 330
1987.316 333
1987.417 335
1987.518 343
1987.619 355
1987.720 365
1987.821 378
1987.923 393
1988.024 398
1988.125 399
1988.226 405
1988.327 413
1988.428 409
1988.529 405
1988.630 393
1988.731 382
1988.832 377
1988.933 370
1989.034 373
1989.136 382
1989.237 373
1989.338 367
1989.439 359
1989.540 348
1989.641 356
1989.742 367
1989.843 376
1989.944 385
1990.046 384
1990.147 383
1990.248 376
1990.349 371
1990.450 379
1990.551 389
1990.652 397
1990.754 413
1990.855 413
1990.956 410
1991.057 410
1991.158 405
1991.259 400
1991.360 394
1991.462 390
1991.563 380
1991.664 380
1991.765 376
1991.866 379
1991.967 390
1992.069 393
1992.170 391
1992.271 389
1992.372 392
1992.473 392
1992.575 393
1992.676 398
1992.777 401
1992.878 419
1992.979 438
1993.081 451
1993.182 469
1993.283 474
1993.384 486
1993.485 503
1993.587 510
1993.688 528
1993.789 549
1993.890 561
1993.992 588
1994.093 584
1994.194 579
1994.295 575
1994.396 564
1994.498 572
1994.599 576
1994.700 584
1994.801 600
1994.903 584
1995.004 570
1995.105 559
1995.206 548
1995.308 557
1995.409 566
1995.510 566
1995.611 574
1995.713 585
1995.814 592
1995.915 605
1996.017 633
1996.118 632
1996.219 632
1996.320 629
1996.422 624
1996.523 616
1996.624 611
1996.726 610
1996.827 605
1996.928 591
1997.030 583
1997.131 566
1997.232 541
1997.333 537
1997.435 531
1997.536 515
1997.637 503
1997.739 498
1997.840 488
1997.941 493
1998.043 500
1998.144 499
1998.245 493
1998.347 488
1998.448 493
1998.549 494
1998.651 494
1998.752 493
1998.853 492
1998.955 479
1999.056 467
1999.158 458
1999.259 446
1999.360 453
1999.462 459
1999.563 463
1999.664 471
1999.766 476
1999.867 481
1999.969 490
2000.070 494
2000.171 484
2000.273 481
2000.374 473
2000.475 461
2000.577 451
2000.678 442
2000.780 424
2000.881 401
2000.982 399
2001.084 392
2001.185 390
2001.287 394
2001.388 395
2001.490 396
2001.591 408
2001.692 417
2001.794 423
2001.895 430
2001.997 439
2002.098 452
2002.200 451
2002.301 450
2002.402 436
2002.504 424
2002.605 416
2002.707 410
2002.808 407
2002.910 399
2003.011 404
2003.113 404
2003.214 408
2003.316 413
2003.417 408
2003.519 398
2003.620 391
2003.721 387
2003.823 387
2003.924 393
2004.026 385
2004.127 376
2004.229 365
2004.330 352
2004.432 343
2004.533 332
2004.635 334
2004.736 336
2004.838 340
2004.939 357
2005.041 371
2005.142 385
2005.244 395
2005.345 405
2005.447 392
2005.549 376
2005.650 370
2005.752 372
2005.853 384
2005.955 396
2006.056 406
2006.158 424
2006.259 426
2006.361 432
2006.462 431
2006.564 426
2006.665 429
2006.767 432
2006.869 433
2006.970 434
2007.072 426
2007.173 416
2007.275 408
2007.376 400
2007.478 396
2007.580 389
2007.681 388
2007.783 393
2007.884 388
2007.986 386
2008.088 380
2008.189 368
2008.291 361
2008.392 354
2008.494 348
2008.595 346
2008.697 353
2008.799 361
2008.900 370
2009.002 379
2009.104 384
2009.205 389
2009.307 393
2009.408 404
2009.510 406
2009.612 412
2009.713 415
2009.815 422
2009.917 421
2010.018 425
2010.120 420
2010.222 416
2010.323 402
2010.425 387
2010.526 375
2010.628 362
2010.730 367
2010.831 367
2010.933 366
2011.035 363
2011.136 355
2011.238 349
2011.340 350
2011.441 350
2011.543 348
2011.645 347
2011.747 346
2011.848 344
2011.950 340
2012.052 337
2012.153 330
2012.255 325
2012.357 330
2012.458 334
2012.560 340
2012.662 348
2012.764 349
2012.865 346
2012.967 338
2013.069 329
2013.170 324
2013.272 316
2013.374 320
2013.476 321
2013.577 320
2013.679 323
2013.781 323
2013.883 322
2013.984 338
2014.086 356
2014.188 371
2014.290 387
2014.391 387
2014.493 383
2014.595 383
2014.697 382
2014.798 381
2014.900 382
2015.002 385
2015.104 384
2015.205 397
2015.307 406
2015.409 409
2015.511 411
2015.613 403
2015.714 398
2015.816 394
2015.918 386
2016.020 395
2016.121 401
2016.223 407
2016.325 414
2016.427 409
2016.529 402
2016.631 405
2016.732 423
2016.834 433
2016.936 440
2017.038 438
2017.140 436
2017.241 441
2017.343 440
2017.445 443
2017.547 455
2017.649 462
2017.751 474
2017.852 489
2017.954 508
2018.056 522
2018.158 538
2018.260 546
2018.362 552
2018.464 559
2018.565 571
2018.667 581
2018.769 590
2018.871 591
2018.973 593
2019.075 600
2019.177 608
2019.279 607
2019.380 609
2019.482 602
2019.584 598
2019.686 585
2019.788 571
2019.890 558
2019.992 545
2020.094 545
2020.196 548
2020.297 548
2020.399 548
2020.501 551
2020.603 554
2020.705 555
2020.807 555
2020.909 550
2021.011 543
2021.113 543
2021.215 546
2021.317 553
2021.419 559
2021.521 556
2021.622 553
2021.724 543
2021.826 530
2021.928 523
2022.030 518
2022.132 513
2022.234 508
2022.336 502
2022.438 497
2022.540 491
2022.642 486
2022.744 484
2022.846 477
2022.948 472
2023.050 463
2023.152 464
2023.254 451
2023.356 458
2023.458 468
2023.560 468
2023.662 459
2023.764 454
2023.866 445
2023.968 437
2024.070 439
2024.172 435
2024.274 424
2024.376 420
2024.478 419
2024.580 421
2024.682 416
2024.784 427
2024.886 431
2024.988 430
2025.090 436
2025.192 430
2025.294 425
2025.396 421
2025.498 417
2025.600 412
2025.702 401
2025.804 402
2025.906 407
2026.008 406
2026.110 408
2026.212 402
2026.315 396
2026.417 388
2026.519 379
2026.621 377
2026.723 376
2026.825 375
2026.927 369
2027.029 373
2027.131 371
2027.233 370
2027.335 365
2027.437 364
2027.539 362
2027.642 362
2027.744 368
2027.846 363
2027.948 362
2028.050 362
2028.152 377
2028.254 372
2028.356 369
2028.458 363
2028.561 355
2028.663 358
2028.765 362
2028.867 366
2028.969 368
2029.071 380
2029.173 392
2029.275 396
2029.378 402
2029.480 393
2029.582 381
2029.684 373
2029.786 362
2029.888 356
2029.990 349
2030.093 351
2030.195 354
2030.297 365
2030.399 370
2030.501 376
2030.603 383
2030.706 378
2030.808 375
2030.910 373
2031.012 360
2031.114 358
2031.217 358
2031.319 359
2031.421 362
2031.523 374
2031.625 387
2031.727 397
2031.830 410
2031.932 407
2032.034 407
2032.136 393
2032.239 376
2032.341 365
2032.443 353
2032.545 349
2032.647 345
2032.750 347
2032.852 352
2032.954 356
2033.056 360
2033.159 353
2033.261 346
2033.363 343
2033.465 333
2033.568 345
2033.670 360
2033.772 367
2033.874 375
2033.977 379
2034.079 380
2034.181 377
2034.283 375
2034.386 368
2034.488 364
2034.590 367
2034.692 367
2034.795 367
2034.897 373
2034.999 367
2035.102 359
2035.204 349
2035.306 338
2035.408 335
2035.511 327
2035.613 341
2035.715 349
2035.818 352
2035.920 371
2036.022 371
2036.125 376
2036.227 378
2036.329 388
2036.431 384
2036.534 375
2036.636 371
2036.738 362
2036.841 364
2036.943 367
2037.045 375
2037.148 386
2037.250 396
2037.352 407
2037.455 414
2037.557 419
2037.660 408
2037.762 397
2037.864 389
2037.967 376
2038.069 380
2038.171 382
2038.274 388
2038.376 392
2038.478 389
2038.581 384
2038.683 379
2038.786 376
2038.888 377
2038.990 381
2039.093 375
2039.195 363
2039.298 360
2039.400 357
2039.502 363
2039.605 376
2039.707 381
2039.810 389
2039.912 392
2040.014 397
2040.117 406
2040.219 418
2040.322 421
2040.424 424
2040.526 419
2040.629 414
2040.731 413
2040.834 415
2040.936 417
2041.039 419
2041.141 425
2041.244 425
2041.346 432
2041.448 448
2041.551 450
2041.653 451
2041.756 454
2041.858 456
2041.961 462
2042.063 470
2042.166 476
2042.268 485
2042.371 496
2042.473 514
2042.576 524
2042.678 536
2042.780 551
2042.883 557
2042.985 565
2043.088 569
2043.190 566
2043.293 569
2043.395 570
2043.498 574
2043.600 583
2043.703 584
2043.805 587
2043.908 600
2044.010 606
2044.113 622
2044.216 615
2044.318 609
2044.421 599
2044.523 581
2044.626 567
2044.728 558
2044.831 552
2044.933 541
2045.036 546
2045.138 545
2045.241 547
2045.343 556
2045.446 556
2045.548 559
2045.651 558
2045.754 554
2045.856 547
2045.959 535
2046.061 530
2046.164 518
2046.266 509
2046.369 497
2046.472 493
2046.574 486
2046.677 496
2046.779 506
2046.882 501
2046.985 496
2047.087 475
2047.190 448
2047.292 433
2047.395 406
2047.498 395
2047.600 385
2047.703 383
2047.805 368
2047.908 370
2048.011 368
2048.113 375
2048.216 386
2048.318 386
2048.421 382
2048.524 376
2048.626 375
2048.729 392
2048.832 407
2048.934 422
2049.037 436
2049.140 431
2049.242 428
2049.345 421
2049.447 404
2049.550 404
2049.653 403
2049.755 407
2049.858 418
2049.961 415
2050.063 410
2050.166 400
2050.269 387
2050.371 386
2050.474 390
2050.577 396
2050.680 402
2050.782 408
2050.885 416
2050.988 421
2051.090 431
2051.193 436
2051.296 437
2051.398 434
2051.501 426
2051.604 420
2051.707 415
2051.809 414
2051.912 413
2052.015 410
2052.117 413
2052.220 409
2052.323 412
2052.426 401
2052.528 395
2052.631 382
2052.734 367
2052.837 376
2052.939 383
2053.042 392
2053.145 396
2053.247 394
2053.350 392
2053.453 387
2053.556 386
2053.659 372
2053.761 357
2053.864 344
2053.967 332
2054.070 330
2054.172 322
2054.275 322
2054.378 324
2054.481 338
2054.583 348
2054.686 360
2054.789 365
2054.892 361
2054.995 357
2055.097 357
2055.200 369
2055.303 377
2055.406 385
2055.509 390
2055.611 395
2055.714 388
2055.817 378
2055.920 376
2056.023 373
2056.126 372
2056.228 368
2056.331 368
2056.434 357
2056.537 354
2056.640 353
2056.743 346
2056.845 336
2056.948 330
2057.051 324
2057.154 323
2057.257 330
2057.360 331
2057.463 337
2057.565 329
2057.668 332
2057.771 332
2057.874 329
2057.977 332
2058.080 335
2058.183 345
2058.285 345
2058.388 353
2058.491 357
2058.594 353
2058.697 352
2058.800 348
2058.903 341
2059.006 345
2059.109 352
2059.212 354
2059.314 362
2059.417 362
2059.520 363
2059.623 371
2059.726 378
2059.829 376
2059.932 377
2060.035 377
2060.138 362
2060.241 354
2060.344 342
2060.447 332
2060.549 332
2060.652 340
2060.755 348
2060.858 358
2060.961 365
2061.064 368
2061.167 370
2061.270 370
2061.373 366
2061.476 364
2061.579 362
2061.682 362
2061.785 357
2061.888 341
2061.991 326
2062.094 311
2062.197 293
2062.300 295
2062.403 295
2062.506 303
2062.609 313
2062.712 329
2062.815 347
2062.918 360
2063.021 384
2063.124 381
2063.227 381
2063.330 377
2063.433 363
2063.536 366
2063.639 369
2063.742 365
2063.845 367
2063.948 363
2064.051 354
2064.154 361
2064.257 361
2064.360 376
2064.463 395
2064.566 403
2064.669 419
2064.772 425
2064.875 439
2064.978 450
2065.081 460
2065.184 467
2065.287 479
2065.390 489
2065.494 497
2065.597 502
2065.700 505
2065.803 503
2065.906 510
2066.009 500
2066.112 491
2066.215 491
2066.318 490
2066.421 493
2066.524 497
2066.627 488
2066.730 478
2066.834 487
2066.937 496
2067.040 506
2067.143 523
2067.246 536
2067.349 553
2067.452 572
2067.555 597
2067.658 589
2067.762 583
2067.865 571
2067.968 554
2068.071 551
2068.174 542
2068.277 540
2068.380 541
2068.483 536
2068.587 529
2068.690 524
2068.793 519
2068.896 521
2068.999 523
2069.102 521
2069.206 503
2069.309 513
2069.412 521
2069.515 532
2069.618 551
2069.721 543
2069.825 534
2069.928 529
2070.031 510
2070.134 510
2070.237 511
2070.340 507
2070.444 507
2070.547 508
2070.650 509
2070.753 505
2070.856 497
2070.960 486
2071.063 476
2071.166 468
2071.269 456
2071.372 462
2071.476 465
2071.579 468
2071.682 471
2071.785 465
2071.889 461
2071.992 448
2072.095 436
2072.198 431
2072.301 420
2072.405 416
2072.508 413
2072.611 408
2072.714 408
2072.818 413
2072.921 412
2073.024 418
2073.127 419
2073.231 415
2073.334 411
2073.437 407
2073.540 405
2073.644 411
2073.747 415
2073.850 408
2073.954 405
2074.057 400
2074.160 387
2074.263 385
2074.367 384
2074.470 373
2074.573 356
2074.677 360
2074.780 358
2074.883 368
2074.987 382
2075.090 380
2075.193 381
2075.296 379
2075.400 369
2075.503 377
2075.606 385
2075.710 389
2075.813 392
2075.916 381
2076.020 372
2076.123 367
2076.226 362
2076.330 363
2076.433 367
2076.536 369
2076.640 370
2076.743 369
2076.846 368
2076.950 366
2077.053 360
2077.156 351
2077.260 338
2077.363 331
2077.467 326
2077.570 331
2077.673 338
2077.777 344
2077.880 347
2077.983 346
2078.087 348
2078.190 345
2078.294 348
2078.397 347
2078.500 348
2078.604 348
2078.707 343
2078.811 350
2078.914 354
2079.017 353
2079.121 356
2079.224 360
2079.328 362
2079.431 368
2079.534 382
2079.638 382
2079.741 380
2079.845 382
2079.948 383
2080.052 376
2080.155 375
2080.258 367
2080.362 357
2080.465 361
2080.569 366
2080.672 361
2080.776 361
2080.879 352
2080.983 344
2081.086 346
2081.190 346
2081.293 348
2081.396 350
2081.500 350
2081.603 353
2081.707 356
2081.810 355
2081.914 361
2082.017 364
2082.121 365
2082.224 367
2082.328 371
2082.431 381
2082.535 384
2082.638 386
2082.742 387
2082.845 386
2082.949 390
2083.052 397
2083.156 401
2083.259 401
2083.363 397
2083.466 384
2083.570 374
2083.673 365
2083.777 352
2083.880 342
2083.984 332
2084.088 322
2084.191 327
2084.295 334
2084.398 341
2084.502 344
2084.605 350
2084.709 352
2084.812 359
2084.916 368
2085.019 363
2085.123 361
2085.227 353
2085.330 341
2085.434 342
2085.537 344
2085.641 347
2085.744 351
2085.848 353
2085.952 360
2086.055 361
2086.159 359
2086.262 361
2086.366 363
2086.470 368
2086.573 368
2086.677 367
2086.780 360
2086.884 359
2086.988 359
2087.091 356
2087.195 357
2087.298 348
2087.402 345
2087.506 346
2087.609 350
2087.713 351
2087.817 355
2087.920 362
2088.024 365
2088.127 379
2088.231 407
2088.335 410
2088.438 413
2088.542 412
2088.646 417
2088.749 417
2088.853 420
2088.957 424
2089.060 421
2089.164 423
2089.268 425
2089.371 426
2089.475 431
2089.579 438
2089.682 445
2089.786 452
2089.890 461
2089.993 489
2090.097 520
2090.201 546
2090.304 580
2090.408 566
2090.512 554
2090.616 540
2090.719 527
2090.823 535
2090.927 538
2091.030 540
2091.134 538
2091.238 539
2091.342 537
2091.445 545
2091.549 566
2091.653 578
2091.756 590
2091.860 600
2091.964 611
2092.068 605
2092.171 596
2092.275 593
2092.379 589
2092.483 580
2092.586 574
2092.690 563
2092.794 552
2092.898 551
2093.001 543
2093.105 537
2093.209 530
2093.313 526
2093.416 521
2093.520 524
2093.624 530
2093.728 524
2093.832 515
2093.935 502
2094.039 479
2094.143 482
2094.247 483
2094.351 486
2094.454 489
2094.558 481
2094.662 469
2094.766 467
2094.870 469
2094.973 470
2095.077 465
2095.181 458
2095.285 450
2095.389 444
2095.492 434
2095.596 433
2095.700 422
2095.804 412
2095.908 406
2096.012 398
2096.115 394
2096.219 395
2096.323 396
2096.427 394
2096.531 396
2096.635 387
2096.739 380
2096.842 371
2096.946 366
2097.050 387
2097.154 410
2097.258 432
2097.362 462
2097.466 457
2097.569 455
2097.673 446
2097.777 432
2097.881 433
2097.985 430
2098.089 428
2098.193 429
2098.297 419
2098.401 403
2098.504 397
2098.608 390
2098.712 391
2098.816 388
2098.920 381
2099.024 373
2099.128 362
2099.232 351
2099.336 341
2099.440 338
2099.544 337
2099.648 340
2099.751 344
2099.855 349
2099.959 353
2100.063 353
2100.167 352
2100.271 347
2100.375 349
2100.479 356
2100.583 356
2100.687 356
2100.791 351
2100.895 339
2100.999 328
2101.103 323
2101.207 310
2101.311 295
2101.415 293
2101.519 291
2101.623 309
2101.727 327
2101.831 349
2101.935 365
2102.039 379
2102.143 395
2102.247 397
2102.351 402
2102.455 392
2102.559 381
2102.663 379
2102.767 367
2102.871 360
2102.975 351
2103.079 339
2103.183 324
2103.287 322
2103.391 324
2103.495 321
2103.599 316
2103.703 313
2103.807 311
2103.911 310
2104.015 313
2104.119 317
2104.223 323
2104.327 327
2104.431 337
2104.535 344
2104.639 347
2104.743 355
2104.847 358
2104.951 353
2105.055 347
2105.160 341
2105.264 343
2105.368 340
2105.472 335
2105.576 331
2105.680 327
2105.784 327
2105.888 329
2105.992 336
2106.096 338
2106.200 334
2106.304 331
2106.409 325
2106.513 325
2106.617 323
2106.721 321
2106.825 317
2106.929 318
2107.033 317
2107.137 321
2107.241 323
2107.346 338
2107.450 341
2107.554 349
2107.658 351
2107.762 351
2107.866 356
2107.970 361
2108.075 359
2108.179 362
2108.283 360
2108.387 358
2108.491 359
2108.595 362
2108.699 351
2108.804 341
2108.908 335
2109.012 326
2109.116 334
2109.220 338
2109.324 342
2109.429 334
2109.533 342
2109.637 356
2109.741 358
2109.845 368
2109.949 366
2110.054 365
2110.158 367
2110.262 365
2110.366 356
2110.470 346
2110.575 343
2110.679 342
2110.783 356
2110.887 375
2110.992 379
2111.096 387
2111.200 384
2111.304 382
2111.408 373
2111.513 362
2111.617 348
2111.721 333
2111.825 333
2111.930 334
2112.034 348
2112.138 359
2112.242 365
2112.347 370
2112.451 375
2112.555 375
2112.659 386
2112.764 390
2112.868 392
2112.972 398
2113.076 399
2113.181 403
2113.285 419
2113.389 435
2113.493 448
2113.598 460
2113.702 477
2113.806 494
2113.911 504
2114.015 517
2114.119 514
2114.224 508
2114.328 510
2114.432 514
2114.536 523
2114.641 533
2114.745 546
2114.849 566
2114.954 583
2115.058 600
2115.162 605
2115.267 603
2115.371 591
2115.475 582
2115.580 571
2115.684 561
2115.788 562
2115.893 561
2115.997 560
2116.101 564
2116.206 564
2116.310 566
2116.414 568
2116.519 580
2116.623 566
2116.727 553
2116.832 542
2116.936 529
2117.041 522
2117.145 515
2117.249 509
2117.354 502
2117.458 501
2117.562 500
2117.667 495
2117.771 486
2117.876 490
2117.980 488
2118.084 493
2118.189 501
2118.293 500
2118.398 501
2118.502 493
2118.606 479
2118.711 466
2118.815 447
2118.920 443
2119.024 441
2119.128 434
2119.233 434
2119.337 426
2119.442 411
2119.546 412
2119.651 413
2119.755 414
2119.859 415
2119.964 409
2120.068 401
2120.173 388
2120.277 383
2120.382 382
2120.486 377
2120.591 383
2120.695 388
2120.799 383
2120.904 381
2121.008 369
2121.113 359
2121.217 349
2121.322 330
2121.426 319
2121.531 306
2121.635 310
2121.740 320
2121.844 337
2121.949 349
2122.053 365
2122.158 385
2122.262 390
2122.367 400
2122.471 392
2122.576 381
2122.680 379
2122.785 369
2122.889 373
2122.994 374
2123.098 378
2123.203 379
2123.307 381
2123.412 385
2123.516 386
2123.621 385
2123.725 383
2123.830 384
2123.935 381
2124.039 374
2124.144 377
2124.248 377
2124.353 376
2124.457 374
2124.562 374
2124.666 371
2124.771 369
2124.876 371
2124.980 369
2125.085 369
2125.189 366
2125.294 365
2125.398 362
2125.503 357
2125.608 357
2125.712 356
2125.817 342
2125.921 330
2126.026 318
2126.131 300
2126.235 301
2126.340 299
2126.444 302
2126.549 306
2126.654 318
2126.758 329
2126.863 343
2126.967 358
2127.072 355
2127.177 349
2127.281 337
2127.386 320
2127.491 315
2127.595 307
2127.700 308
2127.804 312
2127.909 312
2128.014 308
2128.118 306
2128.223 304
2128.328 305
2128.432 306
2128.537 305
2128.642 310
2128.746 309
2128.851 307
2128.956 312
2129.060 318
2129.165 328
2129.270 336
2129.374 337
2129.479 337
2129.584 338
2129.688 337
2129.793 340
2129.898 338
2130.002 336
2130.107 332
2130.212 323
2130.317 314
2130.421 310
2130.526 309
2130.631 310
2130.735 304
2130.840 306
2130.945 310
2131.049 319
2131.154 339
2131.259 345
2131.364 357
2131.468 361
2131.573 363
2131.678 362
2131.783 358
2131.887 362
2131.992 351
2132.097 344
2132.202 335
2132.306 335
2132.411 342
2132.516 344
2132.621 347
2132.725 347
2132.830 341
2132.935 347
2133.040 357
2133.144 368
2133.249 380
2133.354 389
2133.459 401
2133.564 399
2133.668 402
2133.773 393
2133.878 378
2133.983 375
2134.088 374
2134.192 366
2134.297 355
2134.402 350
2134.507 347
2134.612 356
2134.716 366
2134.821 377
2134.926 394
2135.031 387
2135.136 384
2135.240 378
2135.345 368
2135.450 377
2135.555 383
2135.660 389
2135.765 409
2135.869 410
2135.974 413
2136.079 410
2136.184 407
2136.289 407
2136.394 406
2136.499 396
2136.603 387
2136.708 389
2136.813 388
2136.918 398
2137.023 408
2137.128 402
2137.233 397
2137.337 398
2137.442 397
2137.547 404
2137.652 414
2137.757 415
2137.862 411
2137.967 420
2138.072 426
2138.177 437
2138.281 448
2138.386 450
2138.491 457
2138.596 463
2138.701 468
2138.806 474
2138.911 481
2139.016 488
2139.121 498
2139.226 504
2139.331 511
2139.436 521
2139.540 530
2139.645 534
2139.750 543
2139.855 543
2139.960 540
2140.065 531
2140.170 523
2140.275 516
2140.380 511
2140.485 512
2140.590 516
2140.695 523
2140.800 538
2140.905 550
2141.010 561
2141.115 564
2141.220 562
2141.325 550
2141.430 532
2141.535 526
2141.640 528
2141.745 514
2141.850 502
2141.955 486
2142.060 465
2142.165 474
2142.270 481
2142.375 488
2142.480 494
2142.585 495
2142.690 492
2142.795 494
2142.900 499
2143.005 500
2143.110 501
2143.215 495
2143.320 481
2143.425 474
2143.530 466
2143.635 465
2143.740 452
2143.845 443
2143.950 431
2144.055 417
2144.160 409
2144.265 407
2144.370 404
2144.475 399
2144.580 403
2144.685 398
2144.790 391
2144.896 391
2145.001 391
2145.106 389
2145.211 385
2145.316 383
2145.421 376
2145.526 365
2145.631 354
2145.736 348
2145.841 337
2145.946 344
2146.051 345
2146.157 340
2146.262 345
2146.367 355
2146.472 361
2146.577 371
2146.682 379
2146.787 368
2146.892 366
2146.997 362
2147.103 348
2147.208 343
2147.313 334
2147.418 327
2147.523 317
2147.628 317
2147.733 315
2147.838 313
2147.944 313
2148.049 311
2148.154 311
2148.259 312
2148.364 312
2148.469 308
2148.574 308
2148.680 301
2148.785 298
2148.890 296
2148.995 290
2149.100 286
2149.206 278
2149.311 288
2149.416 300
2149.521 315
2149.626 330
2149.731 335
2149.837 341
2149.942 339
2150.047 346
2150.152 340
2150.257 331
2150.363 331
2150.468 329
2150.573 334
2150.678 342
2150.783 349
2150.889 348
2150.994 345
2151.099 341
2151.204 334
2151.310 322
2151.415 320
2151.520 317
2151.625 318
2151.730 319
2151.836 320
2151.941 323
2152.046 324
2152.151 326
2152.257 320
2152.362 315
2152.467 313
2152.572 300
2152.678 301
2152.783 299
2152.888 296
2152.994 304
2153.099 312
2153.204 317
2153.309 327
2153.415 335
2153.520 339
2153.625 347
2153.730 351
2153.836 356
2153.941 349
2154.046 344
2154.152 341
2154.257 336
2154.362 337
2154.468 337
2154.573 336
2154.678 333
2154.783 322
2154.889 311
2154.994 305
2155.099 295
2155.205 308
2155.310 321
2155.415 334
2155.521 342
2155.626 350
2155.731 355
2155.837 352
2155.942 349
2156.047 343
2156.153 343
2156.258 336
2156.363 334
2156.469 329
2156.574 324
2156.680 326
2156.785 333
2156.890 335
2156.996 339
2157.101 338
2157.206 333
2157.312 330
2157.417 327
2157.523 329
2157.628 334
2157.733 334
2157.839 337
2157.944 333
2158.049 337
2158.155 341
2158.260 346
2158.366 349
2158.471 348
2158.577 344
2158.682 337
2158.787 339
2158.893 332
2158.998 341
2159.104 350
2159.209 353
2159.314 364
2159.420 362
2159.525 360
2159.631 359
2159.736 359
2159.842 368
2159.947 384
2160.052 394
2160.158 410
2160.263 411
2160.369 413
2160.474 403
2160.580 387
2160.685 385
2160.791 381
2160.896 380
2161.002 384
2161.107 384
2161.213 377
2161.318 379
2161.424 386
2161.529 396
2161.634 405
2161.740 413
2161.845 421
2161.951 436
2162.056 457
2162.162 472
2162.267 495
2162.373 494
2162.478 495
2162.584 505
2162.689 511
2162.795 515
2162.900 521
2163.006 514
2163.112 495
2163.217 491
2163.323 492
2163.428 486
2163.534 486
2163.639 494
2163.745 497
2163.850 506
2163.956 519
2164.061 510
2164.167 501
2164.272 496
2164.378 491
2164.484 483
2164.589 481
2164.695 481
2164.800 485
2164.906 491
2165.011 493
2165.117 502
2165.222 502
2165.328 504
2165.434 509
2165.539 502
2165.645 501
2165.750 490
2165.856 478
2165.962 469
2166.067 462
2166.173 459
2166.278 455
2166.384 455
2166.490 453
2166.595 447
2166.701 435
2166.806 428
2166.912 425
2167.018 413
2167.123 403
2167.229 396
2167.335 388
2167.440 390
2167.546 395
2167.651 392
2167.757 383
2167.863 381
2167.968 378
2168.074 384
2168.180 385
2168.285 381
2168.391 379
2168.497 374
2168.602 371
2168.708 368
2168.814 363
2168.919 358
2169.025 347
2169.131 350
2169.236 353
2169.342 353
2169.448 357
2169.553 355
2169.659 353
2169.765 357
2169.870 355
2169.976 350
2170.082 345
2170.187 341
2170.293 331
2170.399 338
2170.505 339
2170.610 339
2170.716 340
2170.822 334
2170.927 329
2171.033 331
2171.139 321
2171.245 321
2171.350 325
2171.456 325
2171.562 330
2171.667 330
2171.773 328
2171.879 326
2171.985 334
2172.090 337
2172.196 338
2172.302 344
2172.408 337
2172.513 341
2172.619 346
2172.725 344
2172.831 347
2172.936 342
2173.042 341
2173.148 335
2173.254 335
2173.360 335
2173.465 330
2173.571 336
2173.677 335
2173.783 330
2173.888 324
2173.994 323
2174.100 325
2174.206 325
2174.312 325
2174.417 323
2174.523 319
2174.629 321
2174.735 326
2174.841 324
2174.946 317
2175.052 310
2175.158 302
2175.264 299
2175.370 287
2175.476 295
2175.581 303
2175.687 307
2175.793 322
2175.899 319
2176.005 318
2176.111 319
2176.216 325
2176.322 319
2176.428 312
2176.534 302
2176.640 286
2176.746 282
2176.852 273
2176.957 271
2177.063 267
2177.169 274
2177.275 289
2177.381 295
2177.487 302
2177.593 309
2177.699 315
2177.804 315
2177.910 318
2178.016 315
2178.122 314
2178.228 313
2178.334 317
2178.440 321
2178.546 321
2178.652 330
2178.758 341
2178.864 347
2178.969 354
2179.075 356
2179.181 362
2179.287 371
2179.393 385
2179.499 388
2179.605 395
2179.711 388
2179.817 379
2179.923 375
2180.029 372
2180.135 369
2180.241 366
2180.347 362
2180.453 359
2180.558 353
2180.664 345
2180.770 341
2180.876 338
2180.982 336
2181.088 328
2181.194 325
2181.300 319
2181.406 319
2181.512 318
2181.618 319
2181.724 315
2181.830 318
2181.936 327
2182.042 333
2182.148 339
2182.254 343
2182.360 346
2182.466 350
2182.572 358
2182.678 355
2182.784 354
2182.890 354
2182.996 351
2183.102 353
2183.208 356
2183.314 364
2183.420 368
2183.526 374
2183.632 381
2183.738 378
2183.844 364
2183.950 362
2184.056 355
2184.162 352
2184.269 351
2184.375 355
2184.481 356
2184.587 360
2184.693 368
2184.799 376
2184.905 385
2185.011 406
2185.117 427
2185.223 438
2185.329 448
2185.435 460
2185.541 462
2185.647 458
2185.753 457
2185.860 448
2185.966 442
2186.072 438
2186.178 433
2186.284 432
2186.390 428
2186.496 432
2186.602 435
2186.708 435
2186.814 439
2186.921 447
2187.027 454
2187.133 462
2187.239 472
2187.345 472
2187.451 471
2187.557 474
2187.663 472
2187.770 480
2187.876 487
2187.982 499
2188.088 517
2188.194 510
2188.300 509
2188.406 503
2188.513 495
2188.619 502
2188.725 515
2188.831 524
2188.937 531
2189.043 540
2189.150 550
2189.256 550
2189.362 552
2189.468 541
2189.574 528
2189.680 522
2189.787 513
2189.893 499
2189.999 484
2190.105 476
2190.211 462
2190.318 478
2190.424 491
2190.530 500
2190.636 508
2190.742 501
2190.849 492
2190.955 491
2191.061 485
2191.167 479
2191.273 476
2191.380 463
2191.486 442
2191.592 432
2191.698 420
2191.805 415
2191.911 406
2192.017 396
2192.123 382
2192.230 374
2192.336 355
2192.442 346
2192.548 334
2192.655 326
2192.761 326
2192.867 340
2192.973 350
2193.080 362
2193.186 377
2193.292 362
2193.398 352
2193.505 334
2193.611 310
2193.717 302
2193.823 293
2193.930 286
2194.036 274
2194.142 275
2194.249 272
2194.355 272
2194.461 274
2194.568 283
2194.674 293
2194.780 302
2194.886 316
2194.993 310
2195.099 300
2195.205 297
2195.312 285
2195.418 280
2195.524 277
2195.631 274
2195.737 270
2195.843 274
2195.950 281
2196.056 292
2196.162 306
2196.269 310
2196.375 315
2196.481 310
2196.588 314
2196.694 314
2196.800 315
2196.907 316
2197.013 315
2197.120 319
2197.226 323
2197.332 336
2197.439 345
2197.545 344
2197.651 341
2197.758 330
2197.864 320
2197.971 313
2198.077 305
2198.183 300
2198.290 298
2198.396 292
2198.503 289
2198.609 284
2198.715 275
2198.822 282
2198.928 290
2199.035 299
2199.141 313
2199.247 317
2199.354 321
2199.460 315
2199.567 314
2199.673 304
2199.780 292
2199.886 283
2199.992 276
2200.099 284
2200.205 287
2200.312 298
2200.418 304
2200.525 305
2200.631 311
2200.738 310
2200.844 315
2200.950 309
2201.057 302
2201.163 294
2201.270 286
2201.376 287
2201.483 285
2201.589 291
2201.696 300
2201.802 315
2201.909 329
2202.015 338
2202.122 351
2202.228 344
2202.335 342
2202.441 326
2202.548 313
2202.654 307
2202.761 299
2202.867 303
2202.974 311
2203.080 320
2203.187 332
2203.293 339
2203.400 345
2203.506 342
2203.613 342
2203.719 336
2203.826 335
2203.932 333
2204.039 333
2204.145 326
2204.252 309
2204.359 307
2204.465 300
2204.572 301
2204.678 304
2204.785 312
2204.891 322
2204.998 339
2205.104 352
2205.211 348
2205.318 345
2205.424 335
2205.531 322
2205.637 320
2205.744 318
2205.850 319
2205.957 325
2206.064 339
2206.170 353
2206.277 361
2206.383 368
2206.490 364
2206.597 356
2206.703 346
2206.810 340
2206.916 333
2207.023 326
2207.130 322
2207.236 321
2207.343 329
2207.449 333
2207.556 347
2207.663 370
2207.769 364
2207.876 358
2207.983 350
2208.089 340
2208.196 343
2208.302 345
2208.409 346
2208.516 342
2208.622 350
2208.729 361
2208.836 369
2208.942 382
2209.049 385
2209.156 387
2209.262 386
2209.369 387
2209.476 386
2209.582 382
2209.689 390
2209.796 391
2209.902 411
2210.009 429
2210.116 442
2210.222 459
2210.329 478
2210.436 497
2210.543 501
2210.649 511
2210.756 506
2210.863 500
2210.969 504
2211.076 504
2211.183 515
2211.290 522
2211.396 531
2211.503 542
2211.610 549
2211.716 558
2211.823 567
2211.930 584
2212.037 581
2212.143 579
2212.250 575
2212.357 568
2212.464 568
2212.570 570
2212.677 566
2212.784 567
2212.891 549
2212.997 529
2213.104 515
2213.211 494
2213.318 492
2213.424 494
2213.531 480
2213.638 463
2213.745 457
2213.851 451
2213.958 455
2214.065 453
2214.172 452
2214.279 453
2214.385 452
2214.492 457
2214.599 464
2214.706 469
2214.813 471
2214.919 472
2215.026 454
2215.133 433
2215.240 412
2215.347 393
2215.453 393
2215.560 390
2215.667 392
2215.774 390
2215.881 397
2215.988 399
2216.094 408
2216.201 416
2216.308 403
2216.415 392
2216.522 379
2216.629 360
2216.735 358
2216.842 356
2216.949 351
2217.056 350
2217.163 345
2217.270 338
2217.377 333
2217.483 328
2217.590 330
2217.697 331
2217.804 338
2217.911 343
2218.018 338
2218.125 333
2218.232 328
2218.338 317
2218.445 318
2218.552 315
2218.659 314
2218.766 316
2218.873 306
2218.980 295
2219.087 290
2219.194 279
2219.301 292
2219.407 303
2219.514 317
2219.621 332
2219.728 338
2219.835 347
2219.942 353
2220.049 369
2220.156 370
2220.263 374
2220.370 372
2220.477 368
2220.584 358
2220.691 348
2220.798 338
2220.905 321
2221.012 316
2221.118 309
2221.225 314
2221.332 305
2221.439 304
2221.546 304
2221.653 304
2221.760 303
2221.867 314
2221.974 325
2222.081 326
2222.188 332
2222.295 333
2222.402 332
2222.509 328
2222.616 323
2222.723 320
2222.830 317
2222.937 321
2223.044 328
2223.151 332
2223.258 339
2223.365 342
2223.472 350
2223.579 339
2223.686 330
2223.793 322
2223.900 311
2224.007 309
2224.114 310
2224.221 306
2224.328 303
2224.435 301
2224.542 296
2224.650 296
2224.757 297
2224.864 304
2224.971 314
2225.078 314
2225.185 322
2225.292 326
2225.399 330
2225.506 336
2225.613 340
2225.720 335
2225.827 327
2225.934 327
2226.041 323
2226.148 337
2226.255 350
2226.363 360
2226.470 376
2226.577 374
2226.684 377
2226.791 373
2226.898 365
2227.005 351
2227.112 334
2227.219 324
2227.326 305
2227.434 307
2227.541 305
2227.648 305
2227.755 312
2227.862 318
2227.969 322
2228.076 329
2228.183 340
2228.291 334
2228.398 329
2228.505 323
2228.612 317
2228.719 317
2228.826 318
2228.933 321
2229.041 318
2229.148 327
2229.255 339
2229.362 341
2229.469 345
2229.576 335
2229.684 322
2229.791 319
2229.898 310
2230.005 318
2230.112 323
2230.219 333
2230.327 346
2230.434 349
2230.541 355
2230.648 352
2230.755 353
2230.863 342
2230.970 327
2231.077 321
2231.184 312
2231.291 313
2231.399 314
2231.506 315
2231.613 312
2231.720 327
2231.827 344
2231.935 353
2232.042 369
2232.149 369
2232.256 363
2232.364 366
2232.471 369
2232.578 366
2232.685 359
2232.793 356
2232.900 347
2233.007 358
2233.114 371
2233.222 380
2233.329 394
2233.436 403
2233.543 416
2233.651 423
2233.758 431
2233.865 433
2233.972 441
2234.080 451
2234.187 460
2234.294 470
2234.401 479
2234.509 478
2234.616 477
2234.723 467
2234.831 452
2234.938 450
2235.045 443
2235.153 452
2235.260 459
2235.367 471
2235.474 484
2235.582 485
2235.689 487
2235.796 493
2235.904 497
2236.011 492
2236.118 483
2236.226 478
2236.333 477
2236.440 482
2236.548 492
2236.655 492
2236.762 496
2236.870 495
2236.977 490
2237.084 486
2237.192 477
2237.299 477
2237.406 476
2237.514 483
2237.621 491
2237.729 491
2237.836 488
2237.943 477
2238.051 470
2238.158 466
2238.265 461
2238.373 463
2238.480 457
2238.588 454
2238.695 453
2238.802 447
2238.910 434
2239.017 431
2239.125 425
2239.232 426
2239.339 423
2239.447 419
2239.554 410
2239.662 399
2239.769 377
2239.876 376
2239.984 378
2240.091 386
2240.199 393
2240.306 396
2240.413 403
2240.521 402
2240.628 402
2240.736 397
2240.843 394
2240.951 390
2241.058 395
2241.166 404
2241.273 414
2241.380 425
2241.488 439
2241.595 434
2241.703 432
2241.810 419
2241.918 399
2242.025 390
2242.133 380
2242.240 374
2242.348 369
2242.455 364
2242.563 360
2242.670 362
2242.778 353
2242.885 351
2242.993 355
2243.100 351
2243.208 344
2243.315 347
2243.423 351
2243.530 343
2243.638 334
2243.745 328
2243.853 318
2243.960 318
2244.068 319
2244.175 317
2244.283 317
2244.390 320
2244.498 318
2244.605 325
2244.713 335
2244.820 339
2244.928 340
2245.035 344
2245.143 349
2245.251 354
2245.358 359
2245.466 354
2245.573 353
2245.681 342
2245.788 335
2245.896 328
2246.003 320
2246.111 321
2246.219 307
2246.326 304
2246.434 301
2246.541 300
2246.649 303
2246.757 296
2246.864 288
2246.972 283
2247.079 273
2247.187 283
2247.294 295
2247.402 303
2247.510 317
2247.617 321
2247.725 319
2247.833 322
2247.940 315
2248.048 322
2248.155 332
2248.263 342
2248.371 358
2248.478 351
2248.586 345
2248.694 340
2248.801 330
2248.909 331
2249.016 331
2249.124 321
2249.232 323
2249.339 315
2249.447 307
2249.555 311
2249.662 317
2249.770 321
2249.878 325
2249.985 333
2250.093 345
2250.201 350
2250.308 352
2250.416 350
2250.524 351
2250.631 341
2250.739 334
2250.847 325
2250.954 319
2251.062 317
2251.170 317
2251.277 312
2251.385 305
2251.493 305
2251.601 300
2251.708 298
2251.816 290
2251.924 292
2252.031 291
2252.139 294
2252.247 290
2252.355 289
2252.462 290
2252.570 296
2252.678 312
2252.785 314
2252.893 323
2253.001 317
2253.109 316
2253.216 316
2253.324 314
2253.432 314
2253.540 314
2253.647 318
2253.755 318
2253.863 324
2253.971 331
2254.078 327
2254.186 328
2254.294 319
2254.402 305
2254.510 300
2254.617 293
2254.725 287
2254.833 278
2254.941 280
2255.048 285
2255.156 291
2255.264 300
2255.372 303
2255.480 310
2255.587 310
2255.695 310
2255.803 315
2255.911 321
2256.019 326
2256.127 329
2256.234 331
2256.342 327
2256.450 327
2256.558 331
2256.666 324
2256.773 324
2256.881 320
2256.989 321
2257.097 330
2257.205 343
2257.313 352
2257.420 365
2257.528 388
2257.636 408
2257.744 426
2257.852 445
2257.960 434
2258.068 423
2258.175 411
2258.283 405
2258.391 400
2258.499 399
2258.607 400
2258.715 403
2258.823 419
2258.931 442
2259.038 456
2259.146 472
2259.254 479
2259.362 481
2259.470 490
2259.578 503
2259.686 504
2259.794 503
2259.902 505
2260.010 502
2260.117 498
2260.225 499
2260.333 488
2260.441 479
2260.549 477
2260.657 473
2260.765 476
2260.873 471
2260.981 467
2261.089 466
2261.197 472
2261.305 482
2261.413 487
2261.521 496
2261.629 494
2261.736 488
2261.844 482
2261.952 478
2262.060 476
2262.168 471
2262.276 471
2262.384 471
2262.492 471
2262.600 474
2262.708 469
2262.816 463
2262.924 457
2263.032 438
2263.140 433
2263.248 428
2263.356 420
2263.464 414
2263.572 413
2263.680 412
2263.788 411
2263.896 410
2264.004 396
2264.112 383
2264.220 370
2264.328 354
2264.436 357
2264.544 356
2264.652 357
2264.760 370
2264.868 364
2264.976 360
2265.084 357
2265.192 350
2265.300 358
2265.408 362
2265.516 367
2265.624 370
2265.733 361
2265.841 356
2265.949 351
2266.057 347
2266.165 345
2266.273 335
2266.381 333
2266.489 332
2266.597 335
2266.705 336
2266.813 343
2266.921 345
2267.029 358
2267.137 367
2267.245 373
2267.354 374
2267.462 372
2267.570 375
2267.678 380
2267.786 386
2267.894 375
2268.002 360
2268.110 349
2268.218 334
2268.326 331
2268.435 327
2268.543 324
2268.651 320
2268.759 329
2268.867 342
2268.975 345
2269.083 351
2269.191 343
2269.300 334
2269.408 332
2269.516 325
2269.624 327
2269.732 334
2269.840 331
2269.948 327
2270.057 322
2270.165 315
2270.273 313
2270.381 309
2270.489 308
2270.597 307
2270.706 307
2270.814 294
2270.922 296
2271.030 299
2271.138 302
2271.246 307
2271.355 310
2271.463 311
2271.571 311
2271.679 320
2271.787 324
2271.896 325
2272.004 328
2272.112 328
2272.220 334
2272.328 342
2272.437 343
2272.545 340
2272.653 333
2272.761 326
2272.870 322
2272.978 318
2273.086 312
2273.194 302
2273.302 301
2273.411 292
2273.519 282
2273.627 275
2273.735 261
2273.844 242
2273.952 247
2274.060 252
2274.168 253
2274.277 259
2274.385 265
2274.493 271
2274.601 281
2274.710 295
2274.818 293
2274.926 290
2275.035 294
2275.143 293
2275.251 296
2275.359 304
2275.468 303
2275.576 302
2275.684 308
2275.793 313
2275.901 314
2276.009 324
2276.117 324
2276.226 319
2276.334 324
2276.442 327
2276.551 326
2276.659 326
2276.767 324
2276.876 329
2276.984 330
2277.092 329
2277.201 325
2277.309 326
2277.417 318
2277.526 305
2277.634 298
2277.742 287
2277.851 292
2277.959 296
2278.067 305
2278.176 310
2278.284 309
2278.392 310
2278.501 307
2278.609 299
2278.717 294
2278.826 285
2278.934 280
2279.043 269
2279.151 277
2279.259 283
2279.368 292
2279.476 309
2279.584 309
2279.693 307
2279.801 307
2279.910 320
2280.018 325
2280.126 336
2280.235 336
2280.343 337
2280.452 344
2280.560 347
2280.668 355
2280.777 368
2280.885 369
2280.994 373
2281.102 376
2281.211 377
2281.319 375
2281.427 381
2281.536 386
2281.644 391
2281.753 392
2281.861 395
2281.970 403
2282.078 398
2282.186 404
2282.295 410
2282.403 413
2282.512 419
2282.620 433
2282.729 443
2282.837 447
2282.946 456
2283.054 454
2283.163 454
2283.271 455
2283.380 457
2283.488 459
2283.597 465
2283.705 464
2283.814 458
2283.922 443
2284.030 431
2284.139 421
2284.247 419
2284.356 432
2284.464 446
2284.573 463
2284.682 481
2284.790 484
2284.899 490
2285.007 487
2285.116 484
2285.224 487
2285.333 492
2285.441 494
2285.550 492
2285.658 486
2285.767 480
2285.875 482
2285.984 487
2286.092 476
2286.201 466
2286.309 443
2286.418 418
2286.527 418
2286.635 419
2286.744 419
2286.852 428
2286.961 425
2287.069 421
2287.178 421
2287.287 410
2287.395 401
2287.504 388
2287.612 381
2287.721 372
2287.829 376
2287.938 380
2288.047 389
2288.155 402
2288.264 399
2288.372 399
2288.481 388
2288.590 378
2288.698 379
2288.807 382
2288.915 378
2289.024 371
2289.133 366
2289.241 361
2289.350 366
2289.459 375
2289.567 370
2289.676 364
2289.784 346
2289.893 326
2290.002 326
2290.110 323
2290.219 333
2290.328 340
2290.436 339
2290.545 334
2290.654 334
2290.762 342
2290.871 343
2290.980 346
2291.088 347
2291.197 347
2291.306 347
2291.414 345
2291.523 347
2291.632 342
2291.740 343
2291.849 341
2291.958 340
2292.066 338
2292.175 333
2292.284 333
2292.392 327
2292.501 318
2292.610 318
2292.718 311
2292.827 305
2292.936 309
2293.045 308
2293.153 302
2293.262 302
2293.371 309
2293.479 305
2293.588 303
2293.697 302
2293.806 299
2293.914 297
2294.023 294
2294.132 291
2294.241 288
2294.349 301
2294.458 314
2294.567 328
2294.676 339
2294.784 333
2294.893 326
2295.002 322
2295.111 310
2295.219 314
2295.328 314
2295.437 310
2295.546 305
2295.654 298
2295.763 294
2295.872 295
2295.981 306
2296.090 311
2296.198 317
2296.307 323
2296.416 328
2296.525 326
2296.634 321
2296.742 315
2296.851 308
2296.960 306
2297.069 305
2297.178 302
2297.286 300
2297.395 301
2297.504 296
2297.613 298
2297.722 301
2297.831 295
2297.939 293
2298.048 289
2298.157 293
2298.266 294
2298.375 298
2298.484 295
2298.592 285
2298.701 288
2298.810 291
2298.919 291
2299.028 288
2299.137 286
2299.246 279
2299.354 277
2299.463 279
2299.572 282
2299.681 284
2299.790 288
2299.899 298
2300.008 298
2300.117 297
2300.225 306
2300.334 308
2300.443 312
2300.552 316
2300.661 310
2300.770 302
2300.879 304
2300.988 304
2301.097 307
2301.206 314
2301.314 317
2301.423 320
2301.532 330
2301.641 345
2301.750 345
2301.859 346
2301.968 340
2302.077 338
2302.186 334
2302.295 325
2302.404 321
2302.513 319
2302.622 321
2302.731 326
2302.839 334
2302.948 340
2303.057 337
2303.166 340
2303.275 340
2303.384 341
2303.493 345
2303.602 351
2303.711 350
2303.820 352
2303.929 348
2304.038 345
2304.147 338
2304.256 325
2304.365 328
2304.474 330
2304.583 337
2304.692 351
2304.801 352
2304.910 353
2305.019 351
2305.128 357
2305.237 361
2305.346 364
2305.455 369
2305.564 373
2305.673 370
2305.782 364
2305.891 368
2306.000 370
2306.109 379
2306.218 392
2306.327 395
2306.436 399
2306.545 413
2306.654 427
2306.763 444
2306.872 463
2306.981 461
2307.091 459
2307.200 459
2307.309 459
2307.418 467
2307.527 474
2307.636 481
2307.745 494
2307.854 497
2307.963 505
2308.072 516
2308.181 518
2308.290 518
2308.399 520
2308.508 509
2308.618 498
2308.727 490
2308.836 481
2308.945 476
2309.054 468
2309.163 474
2309.272 476
2309.381 479
2309.490 485
2309.599 483
2309.709 480
2309.818 478
2309.927 475
2310.036 468
2310.145 452
2310.254 449
2310.363 448
2310.472 444
2310.582 445
2310.691 435
2310.800 418
2310.909 427
2311.018 440
2311.127 450
2311.236 466
2311.346 462
2311.455 453
2311.564 451
2311.673 445
2311.782 442
2311.891 439
2312.001 425
2312.110 412
2312.219 408
2312.328 405
2312.437 406
2312.546 401
2312.656 397
2312.765 388
2312.874 384
2312.983 371
2313.092 363
2313.202 351
2313.311 348
2313.420 337
2313.529 332
2313.638 328
2313.748 322
2313.857 316
2313.966 315
2314.075 313
2314.185 312
2314.294 311
2314.403 308
2314.512 307
2314.621 300
2314.731 292
2314.840 300
2314.949 301
2315.058 316
2315.168 325
2315.277 320
2315.386 325
2315.495 321
2315.605 310
2315.714 307
2315.823 299
2315.932 292
2316.042 291
2316.151 297
2316.260 303
2316.370 310
2316.479 320
2316.588 313
2316.697 305
2316.807 303
2316.916 292
2317.025 296
2317.135 303
2317.244 302
2317.353 301
2317.462 299
2317.572 298
2317.681 294
2317.790 298
2317.900 299
2318.009 300
2318.118 302
2318.228 301
2318.337 304
2318.446 307
2318.556 309
2318.665 308
2318.774 315
2318.884 322
2318.993 326
2319.102 327
2319.212 315
2319.321 303
2319.430 293
2319.540 287
2319.649 288
2319.758 285
2319.868 283
2319.977 281
2320.086 284
2320.196 286
2320.305 294
2320.415 304
2320.524 302
2320.633 301
2320.743 301
2320.852 306
2320.961 304
2321.071 308
2321.180 307
2321.290 301
2321.399 297
2321.508 297
2321.618 292
2321.727 283
2321.837 278
2321.946 270
2322.055 264
2322.165 250
2322.274 260
2322.384 266
2322.493 286
2322.603 312
2322.712 318
2322.821 325
2322.931 322
2323.040 314
2323.150 308
2323.259 298
2323.369 291
2323.478 288
2323.588 277
2323.697 266
2323.806 259
2323.916 252
2324.025 256
2324.135 266
2324.244 270
2324.354 277
2324.463 275
2324.573 276
2324.682 276
2324.792 273
2324.901 280
2325.011 285
2325.120 292
2325.230 299
2325.339 304
2325.449 307
2325.558 308
2325.668 309
2325.777 300
2325.887 290
2325.996 287
2326.106 286
2326.215 288
2326.325 288
2326.434 289
2326.544 285
2326.653 283
2326.763 280
2326.872 280
2326.982 277
2327.091 280
2327.201 279
2327.310 279
2327.420 283
2327.529 286
2327.639 289
2327.749 292
2327.858 296
2327.968 292
2328.077 291
2328.187 291
2328.296 289
2328.406 292
2328.515 298
2328.625 295
2328.735 294
2328.844 295
2328.954 290
2329.063 293
2329.173 298
2329.283 308
2329.392 325
2329.502 349
2329.611 373
2329.721 391
2329.830 412
2329.940 412
2330.050 418
2330.159 412
2330.269 404
2330.379 405
2330.488 400
2330.598 403
2330.707 403
2330.817 402
2330.927 410
2331.036 422
2331.146 433
2331.256 451
2331.365 458
2331.475 462
2331.584 472
2331.694 473
2331.804 477
2331.913 468
2332.023 458
2332.133 451
2332.242 444
2332.352 454
2332.462 461
2332.571 465
2332.681 467
2332.791 463
2332.900 461
2333.010 458
2333.120 464
2333.229 452
2333.339 443
2333.449 436
2333.558 418
2333.668 422
2333.778 429
2333.888 428
2333.997 424
2334.107 417
2334.217 406
2334.326 401
2334.436 390
2334.546 394
2334.655 397
2334.765 398
2334.875 399
2334.985 391
2335.094 381
2335.204 376
2335.314 362
2335.424 366
2335.533 366
2335.643 372
2335.753 379
2335.863 382
2335.972 388
2336.082 387
2336.192 386
2336.302 378
2336.411 368
2336.521 360
2336.631 361
2336.741 360
2336.850 359
2336.960 358
2337.070 352
2337.180 356
2337.289 359
2337.399 358
2337.509 356
2337.619 352
2337.729 349
2337.838 350
2337.948 346
2338.058 348
2338.168 353
2338.278 354
2338.387 354
2338.497 344
2338.607 334
2338.717 320
2338.827 312
2338.936 308
2339.046 303
2339.156 297
2339.266 288
2339.376 285
2339.486 282
2339.595 287
2339.705 300
2339.815 299
2339.925 301
2340.035 296
2340.145 287
2340.254 293
2340.364 299
2340.474 308
2340.584 318
2340.694 321
2340.804 321
2340.914 325
2341.023 332
2341.133 332
2341.243 336
2341.353 336
2341.463 337
2341.573 322
2341.683 311
2341.793 294
2341.903 273
2342.012 279
2342.122 281
2342.232 288
2342.342 306
2342.452 313
2342.562 314
2342.672 321
2342.782 333
2342.892 325
2343.002 312
2343.111 301
2343.221 289
2343.331 290
2343.441 288
2343.551 289
2343.661 288
2343.771 285
2343.881 284
2343.991 283
2344.101 271
2344.211 268
2344.321 266
2344.431 268
2344.541 264
2344.651 261
2344.761 255
2344.871 256
2344.980 265
2345.090 276
2345.200 287
2345.310 291
2345.420 293
2345.530 285
2345.640 271
2345.750 262
2345.860 252
2345.970 252
2346.080 251
2346.190 255
2346.300 259
2346.410 261
2346.520 266
2346.630 270
2346.740 274
2346.850 289
2346.960 306
2347.070 321
2347.180 335
2347.290 329
2347.400 321
2347.510 313
2347.620 304
2347.730 297
2347.840 294
2347.950 291
2348.061 281
2348.171 280
2348.281 281
2348.391 284
2348.501 277
2348.611 278
2348.721 279
2348.831 277
2348.941 278
2349.051 280
2349.161 282
2349.271 285
2349.381 286
2349.491 292
2349.601 294
2349.711 290
2349.821 294
2349.932 285
2350.042 283
2350.152 281
2350.262 282
2350.372 277
2350.482 272
2350.592 274
2350.702 264
2350.812 265
2350.922 262
2351.032 253
2351.143 249
2351.253 247
2351.363 250
2351.473 253
2351.583 255
2351.693 259
2351.803 261
2351.913 265
2352.024 270
2352.134 263
2352.244 259
2352.354 255
2352.464 239
2352.574 246
2352.684 254
2352.795 263
2352.905 285
2353.015 295
2353.125 308
2353.235 317
2353.345 327
2353.456 324
2353.566 318
2353.676 317
2353.786 310
2353.896 323
2354.006 337
2354.117 346
2354.227 360
2354.337 370
2354.447 374
2354.557 385
2354.668 406
2354.778 418
2354.888 436
2354.998 443
2355.108 459
2355.219 461
2355.329 462
2355.439 457
2355.549 444
2355.659 432
2355.770 422
2355.880 413
2355.990 401
2356.100 404
2356.211 404
2356.321 412
2356.431 427
2356.541 435
2356.651 443
2356.762 454
2356.872 466
2356.982 471
2357.092 475
2357.203 469
2357.313 457
2357.423 450
2357.534 444
2357.644 443
2357.754 440
2357.864 432
2357.975 425
2358.085 416
2358.195 400
2358.305 387
2358.416 373
2358.526 371
2358.636 363
2358.747 368
2358.857 369
2358.967 372
2359.077 379
2359.188 379
2359.298 381
2359.408 374
2359.519 365
2359.629 369
2359.739 374
2359.850 380
2359.960 378
2360.070 379
2360.181 371
2360.291 363
2360.401 360
2360.512 349
2360.622 342
2360.732 343
2360.843 340
2360.953 336
2361.063 334
2361.174 332
2361.284 327
2361.394 324
2361.505 319
2361.615 319
2361.725 319
2361.836 314
2361.946 310
2362.057 309
2362.167 303
2362.277 299
2362.388 294
2362.498 277
2362.608 256
2362.719 260
2362.829 260
2362.940 266
2363.050 282
2363.160 289
2363.271 300
2363.381 309
2363.492 316
2363.602 322
2363.712 328
2363.823 327
2363.933 329
2364.044 321
2364.154 315
2364.265 313
2364.375 312
2364.485 316
2364.596 323
2364.706 324
2364.817 325
2364.927 321
2365.038 318
2365.148 310
2365.259 292
2365.369 285
2365.479 276
2365.590 271
2365.700 267
2365.811 268
2365.921 261
2366.032 266
2366.142 263
2366.253 259
2366.363 259
2366.474 251
2366.584 247
2366.695 257
2366.805 261
2366.916 273
2367.026 288
2367.137 288
2367.247 288
2367.358 299
2367.468 305
2367.579 306
2367.689 309
2367.800 304
2367.910 295
2368.021 295
2368.131 295
2368.242 297
2368.352 290
2368.463 294
2368.573 301
2368.684 303
2368.794 307
2368.905 308
2369.015 308
2369.126 306
2369.236 313
2369.347 304
2369.457 290
2369.568 284
2369.679 285
2369.789 283
2369.900 279
2370.010 273
2370.121 265
2370.231 267
2370.342 267
2370.453 275
2370.563 279
2370.674 285
2370.784 295
2370.895 300
2371.005 307
2371.116 313
2371.227 323
2371.337 321
2371.448 317
2371.558 315
2371.669 308
2371.780 309
2371.890 311
2372.001 308
2372.111 305
2372.222 303
2372.333 307
2372.443 313
2372.554 319
2372.665 318
2372.775 310
2372.886 300
2372.996 289
2373.107 282
2373.218 264
2373.328 261
2373.439 257
2373.550 257
2373.660 262
2373.771 264
2373.882 265
2373.992 272
2374.103 277
2374.214 278
2374.324 283
2374.435 278
2374.546 271
2374.656 279
2374.767 284
2374.878 295
2374.988 318
2375.099 319
2375.210 325
2375.320 320
2375.431 312
2375.542 299
2375.652 290
2375.763 285
2375.874 279
2375.984 275
2376.095 272
2376.206 266
2376.317 254
2376.427 263
2376.538 271
2376.649 276
2376.759 286
2376.870 285
2376.981 275
2377.092 276
2377.202 278
2377.313 290
2377.424 304
2377.535 313
2377.645 327
2377.756 330
2377.867 341
2377.978 349
2378.088 356
2378.199 361
2378.310 366
2378.421 368
2378.531 366
2378.642 370
2378.753 374
2378.864 375
2378.974 373
2379.085 383
2379.196 389
2379.307 403
2379.418 424
2379.528 430
2379.639 438
2379.750 440
2379.861 446
2379.972 448
2380.082 451
2380.193 455
2380.304 450
2380.415 455
2380.526 463
2380.636 453
2380.747 441
2380.858 435
2380.969 425
2381.080 421
2381.191 418
2381.301 417
2381.412 422
2381.523 432
2381.634 436
2381.745 437
2381.856 442
2381.966 438
2382.077 428
2382.188 416
2382.299 406
2382.410 390
2382.521 363
2382.632 362
2382.742 358
2382.853 362
2382.964 369
2383.075 371
2383.186 375
2383.297 381
2383.408 384
2383.519 386
2383.629 382
2383.740 381
2383.851 390
2383.962 383
2384.073 376
2384.184 370
2384.295 357
2384.406 355
2384.517 350
2384.628 347
2384.738 347
2384.849 343
2384.960 338
2385.071 338
2385.182 332
2385.293 336
2385.404 342
2385.515 340
2385.626 336
2385.737 336
2385.848 333
2385.959 336
2386.070 345
2386.181 344
2386.291 347
2386.402 348
2386.513 349
2386.624 347
2386.735 342
2386.846 333
2386.957 318
2387.068 307
2387.179 293
2387.290 288
2387.401 280
2387.512 283
2387.623 287
2387.734 291
2387.845 294
2387.956 292
2388.067 294
2388.178 295
2388.289 291
2388.400 287
2388.511 287
2388.622 276
2388.733 263
2388.844 265
2388.955 261
2389.066 264
2389.177 271
2389.288 276
2389.399 284
2389.510 286
2389.621 292
2389.732 291
2389.843 289
2389.954 288
2390.065 290
2390.176 284
2390.287 280
2390.398 275
2390.509 269
2390.621 266
2390.732 262
2390.843 265
2390.954 259
2391.065 266
2391.176 271
2391.287 274
2391.398 276
2391.509 278
2391.620 277
2391.731 278
2391.842 280
2391.953 277
2392.064 273
2392.176 271
2392.287 270
2392.398 271
2392.509 277
2392.620 278
2392.731 277
2392.842 276
2392.953 274
2393.064 276
2393.175 286
2393.287 285
2393.398 286
2393.509 281
2393.620 273
2393.731 275
2393.842 272
2393.953 279
2394.064 288
2394.176 285
2394.287 284
2394.398 282
2394.509 269
2394.620 271
2394.731 275
2394.842 269
2394.954 261
2395.065 249
2395.176 235
2395.287 226
2395.398 204
2395.509 208
2395.621 207
2395.732 225
2395.843 246
2395.954 257
2396.065 273
2396.176 275
2396.288 284
2396.399 285
2396.510 285
2396.621 289
2396.732 287
2396.844 292
2396.955 302
2397.066 306
2397.177 311
2397.288 320
2397.400 331
2397.511 332
2397.622 337
2397.733 332
2397.845 327
2397.956 324
2398.067 317
2398.178 302
2398.289 285
2398.401 277
2398.512 271
2398.623 281
2398.734 294
2398.846 301
2398.957 308
2399.068 306
2399.179 303
2399.291 301
2399.402 294
2399.513 289
2399.624 285
2399.736 282
2399.847 278
2399.958 278
2400.070 278
2400.181 281
2400.292 284
2400.403 292
2400.515 305
2400.626 309
2400.737 302
2400.849 304
2400.960 303
2401.071 308
2401.182 309
2401.294 314
2401.405 320
2401.516 322
2401.628 330
2401.739 327
2401.850 326
2401.962 327
2402.073 331
2402.184 342
2402.296 355
2402.407 363
2402.518 376
2402.630 382
2402.741 390
2402.852 391
2402.964 400
2403.075 401
2403.186 399
2403.298 411
2403.409 419
2403.520 428
2403.632 440
2403.743 445
2403.854 450
2403.966 454
2404.077 456
2404.189 463
2404.300 472
2404.411 467
2404.523 461
2404.634 457
2404.746 455
2404.857 449
2404.968 444
2405.080 439
2405.191 433
2405.302 442
2405.414 453
2405.525 448
2405.637 445
2405.748 441
2405.860 437
2405.971 442
2406.082 439
2406.194 446
2406.305 457
2406.417 460
2406.528 461
2406.639 444
2406.751 428
2406.862 407
2406.974 385
2407.085 368
2407.197 349
2407.308 338
2407.420 327
2407.531 325
2407.642 322
2407.754 318
2407.865 313
2407.977 311
2408.088 311
2408.200 315
2408.311 316
2408.423 322
2408.534 326
2408.646 325
2408.757 327
2408.869 333
2408.980 341
2409.092 349
2409.203 368
2409.315 372
2409.426 380
2409.538 383
2409.649 385
2409.761 371
2409.872 357
2409.984 341
2410.095 326
2410.207 318
2410.318 305
2410.430 292
2410.541 273
2410.653 263
2410.764 254
2410.876 257
2410.987 254
2411.099 253
2411.210 254
2411.322 252
2411.434 248
2411.545 255
2411.657 261
2411.768 260
2411.880 272
2411.991 273
2412.103 278
2412.214 284
2412.326 282
2412.438 287
2412.549 294
2412.661 295
2412.772 299
2412.884 302
2412.995 306
2413.107 311
2413.219 318
2413.330 319
2413.442 322
2413.553 323
2413.665 319
2413.777 323
2413.888 330
2414.000 333
2414.111 335
2414.223 326
2414.335 318
2414.446 310
2414.558 294
2414.669 294
2414.781 290
2414.893 283
2415.004 274
2415.116 271
2415.228 268
2415.339 268
2415.451 274
2415.563 271
2415.674 271
2415.786 272
2415.897 265
2416.009 263
2416.121 257
2416.232 250
2416.344 237
2416.456 249
2416.567 262
2416.679 273
2416.791 290
2416.902 292
2417.014 292
2417.126 299
2417.237 294
2417.349 294
2417.461 305
2417.573 304
2417.684 300
2417.796 291
2417.908 281
2418.019 274
2418.131 260
2418.243 251
2418.354 239
2418.466 236
2418.578 229
2418.690 247
2418.801 266
2418.913 277
2419.025 293
2419.136 291
2419.248 292
2419.360 290
2419.472 289
2419.583 277
2419.695 260
2419.807 259
2419.919 255
2420.030 259
2420.142 260
2420.254 260
2420.366 261
2420.477 268
2420.589 280
2420.701 281
2420.813 280
2420.924 281
2421.036 281
2421.148 277
2421.260 277
2421.372 268
2421.483 260
2421.595 263
2421.707 265
2421.819 273
2421.931 278
2422.042 281
2422.154 281
2422.266 279
2422.378 285
2422.490 286
2422.601 292
2422.713 292
2422.825 296
2422.937 296
2423.049 293
2423.160 298
2423.272 303
2423.384 310
2423.496 317
2423.608 325
2423.720 328
2423.831 329
2423.943 335
2424.055 327
2424.167 323
2424.279 318
2424.391 313
2424.502 310
2424.614 302
2424.726 308
2424.838 306
2424.950 307
2425.062 310
2425.174 311
2425.286 309
2425.397 309
2425.509 311
2425.621 306
2425.733 304
2425.845 314
2425.957 322
2426.069 332
2426.181 352
2426.292 361
2426.404 370
2426.516 372
2426.628 372
2426.740 364
2426.852 354
2426.964 360
2427.076 362
2427.188 373
2427.300 384
2427.412 397
2427.524 418
2427.635 425
2427.747 434
2427.859 430
2427.971 436
2428.083 441
2428.195 441
2428.307 455
2428.419 474
2428.531 472
2428.643 471
2428.755 464
2428.867 444
2428.979 442
2429.091 440
2429.203 431
2429.315 432
2429.427 435
2429.539 435
2429.651 440
2429.763 453
2429.875 447
2429.987 441
2430.099 437
2430.210 430
2430.322 424
2430.434 420
2430.546 407
2430.658 398
2430.770 394
2430.882 392
2430.994 387
2431.106 381
2431.219 379
2431.331 376
2431.443 377
2431.555 383
2431.667 376
2431.779 367
2431.891 363
2432.003 357
2432.115 354
2432.227 351
2432.339 351
2432.451 344
2432.563 353
2432.675 356
2432.787 357
2432.899 361
2433.011 348
2433.123 340
2433.235 333
2433.347 325
2433.459 325
2433.571 325
2433.683 328
2433.796 316
2433.908 319
2434.020 322
2434.132 323
2434.244 331
2434.356 326
2434.468 318
2434.580 311
2434.692 310
2434.804 310
2434.916 303
2435.028 301
2435.141 289
2435.253 291
2435.365 286
2435.477 293
2435.589 298
2435.701 300
2435.813 307
2435.925 300
2436.038 298
2436.150 293
2436.262 285
2436.374 283
2436.486 279
2436.598 278
2436.710 276
2436.822 280
2436.935 281
2437.047 278
2437.159 276
2437.271 270
2437.383 261
2437.495 250
2437.608 240
2437.720 232
2437.832 221
2437.944 224
2438.056 225
2438.168 230
2438.281 235
2438.393 245
2438.505 255
2438.617 267
2438.729 280
2438.841 278
2438.954 277
2439.066 268
2439.178 261
2439.290 266
2439.402 264
2439.515 274
2439.627 284
2439.739 280
2439.851 274
2439.964 272
2440.076 269
2440.188 263
2440.300 257
2440.412 250
2440.525 245
2440.637 245
2440.749 242
2440.861 240
2440.974 235
2441.086 231
2441.198 232
2441.310 228
2441.423 231
2441.535 237
2441.647 243
2441.759 252
2441.872 270
2441.984 277
2442.096 285
2442.208 292
2442.321 296
2442.433 292
2442.545 286
2442.658 277
2442.770 266
2442.882 263
2442.994 262
2443.107 259
2443.219 258
2443.331 260
2443.444 261
2443.556 271
2443.668 275
2443.781 279
2443.893 280
2444.005 280
2444.117 276
2444.230 272
2444.342 269
2444.454 266
2444.567 267
2444.679 271
2444.791 273
2444.904 278
2445.016 279
2445.128 274
2445.241 267
2445.353 269
2445.465 271
2445.578 264
2445.690 261
2445.802 260
2445.915 256
2446.027 261
2446.140 269
2446.252 270
2446.364 278
2446.477 290
2446.589 303
2446.701 303
2446.814 307
2446.926 304
2447.039 302
2447.151 304
2447.263 303
2447.376 296
2447.488 291
2447.601 291
2447.713 276
2447.825 278
2447.938 272
2448.050 269
2448.163 270
2448.275 273
2448.387 280
2448.500 284
2448.612 293
2448.725 289
2448.837 287
2448.949 288
2449.062 280
2449.174 283
2449.287 282
2449.399 287
2449.512 287
2449.624 306
2449.737 321
2449.849 330
2449.961 348
2450.074 347
2450.186 346
2450.299 344
2450.411 339
2450.524 336
2450.636 331
2450.749 338
2450.861 345
2450.974 353
2451.086 365
2451.199 376
2451.311 391
2451.424 399
2451.536 406
2451.649 414
2451.761 427
2451.874 419
2451.986 412
2452.099 402
2452.211 389
2452.324 405
2452.436 426
2452.549 443
2452.661 463
2452.774 470
2452.886 471
2452.999 473
2453.111 474
2453.224 459
2453.336 451
2453.449 440
2453.561 432
2453.674 428
2453.786 427
2453.899 422
2454.012 414
2454.124 415
2454.237 413
2454.349 413
2454.462 415
2454.574 411
2454.687 404
2454.799 396
2454.912 386
2455.025 385
2455.137 389
2455.250 389
2455.362 392
2455.475 384
2455.587 375
2455.700 367
2455.813 347
2455.925 361
2456.038 373
2456.150 377
2456.263 389
2456.376 373
2456.488 356
2456.601 345
2456.713 340
2456.826 331
2456.939 326
2457.051 330
2457.164 326
2457.277 334
2457.389 341
2457.502 345
2457.614 352
2457.727 349
2457.840 351
2457.952 346
2458.065 343
2458.178 335
2458.290 325
2458.403 316
2458.516 300
2458.628 304
2458.741 304
2458.854 314
2458.966 321
2459.079 317
2459.192 311
2459.304 307
2459.417 307
2459.530 308
2459.642 311
2459.755 310
2459.868 302
2459.980 303
2460.093 302
2460.206 304
2460.318 311
2460.431 306
2460.544 301
2460.656 296
2460.769 288
2460.882 278
2460.995 274
2461.107 260
2461.220 246
2461.333 249
2461.445 248
2461.558 251
2461.671 252
2461.784 252
2461.896 255
2462.009 254
2462.122 254
2462.235 252
2462.347 248
2462.460 251
2462.573 257
2462.686 264
2462.798 266
2462.911 267
2463.024 279
2463.137 272
2463.249 271
2463.362 265
2463.475 259
2463.588 258
2463.700 256
2463.813 259
2463.926 262
2464.039 263
2464.152 265
2464.264 264
2464.377 263
2464.490 260
2464.603 260
2464.716 259
2464.828 262
2464.941 264
2465.054 268
2465.167 260
2465.280 255
2465.392 263
2465.505 265
2465.618 275
2465.731 290
2465.844 294
2465.956 291
2466.069 294
2466.182 301
2466.295 296
2466.408 293
2466.521 286
2466.634 278
2466.746 277
2466.859 279
2466.972 282
2467.085 281
2467.198 277
2467.311 268
2467.423 263
2467.536 254
2467.649 256
2467.762 256
2467.875 255
2467.988 258
2468.101 256
2468.214 253
2468.326 250
2468.439 248
2468.552 252
2468.665 256
2468.778 260
2468.891 266
2469.004 269
2469.117 276
2469.230 277
2469.343 284
2469.455 282
2469.568 282
2469.681 280
2469.794 273
2469.907 269
2470.020 265
2470.133 256
2470.246 244
2470.359 249
2470.472 251
2470.585 260
2470.698 264
2470.811 257
2470.923 250
2471.036 243
2471.149 239
2471.262 243
2471.375 248
2471.488 248
2471.601 246
2471.714 254
2471.827 256
2471.940 269
2472.053 283
2472.166 286
2472.279 289
2472.392 289
2472.505 287
2472.618 288
2472.731 292
2472.844 292
2472.957 291
2473.070 293
2473.183 288
2473.296 284
2473.409 279
2473.522 280
2473.635 278
2473.748 287
2473.861 299
2473.974 312
2474.087 325
2474.200 340
2474.313 359
2474.426 369
2474.539 383
2474.652 388
2474.765 386
2474.878 381
2474.991 384
2475.104 377
2475.217 364
2475.330 354
2475.443 339
2475.556 338
2475.669 339
2475.783 361
2475.896 389
2476.009 407
2476.122 422
2476.235 427
2476.348 429
2476.461 433
2476.574 441
2476.687 444
2476.800 445
2476.913 446
2477.026 449
2477.139 456
2477.253 458
2477.366 467
2477.479 475
2477.592 466
2477.705 461
2477.818 442
2477.931 428
2478.044 422
2478.157 415
2478.270 417
2478.384 414
2478.497 407
2478.610 400
2478.723 391
2478.836 378
2478.949 377
2479.062 377
2479.175 385
2479.289 391
2479.402 393
2479.515 396
2479.628 390
2479.741 381
2479.854 380
2479.968 376
2480.081 376
2480.194 366
2480.307 360
2480.420 350
2480.533 339
2480.646 332
2480.760 333
2480.873 328
2480.986 321
2481.099 317
2481.212 314
2481.326 311
2481.439 313
2481.552 328
2481.665 319
2481.778 315
2481.892 305
2482.005 291
2482.118 295
2482.231 298
2482.344 307
2482.458 320
2482.571 321
2482.684 324
2482.797 316
2482.910 304
2483.024 295
2483.137 285
2483.250 282
2483.363 272
2483.477 274
2483.590 272
2483.703 267
2483.816 267
2483.930 262
2484.043 258
2484.156 257
2484.269 245
2484.383 252
2484.496 259
2484.609 265
2484.722 278
2484.836 276
2484.949 273
2485.062 272
2485.175 276
2485.289 277
2485.402 279
2485.515 286
2485.629 284
2485.742 292
2485.855 299
2485.968 294
2486.082 291
2486.195 286
2486.308 278
2486.422 276
2486.535 272
2486.648 274
2486.762 272
2486.875 272
2486.988 268
2487.102 269
2487.215 266
2487.328 262
2487.442 257
2487.555 257
2487.668 254
2487.782 262
2487.895 271
2488.008 275
2488.122 279
2488.235 283
2488.348 295
2488.462 284
2488.575 275
2488.688 260
2488.802 236
2488.915 232
2489.028 227
2489.142 225
2489.255 220
2489.369 220
2489.482 222
2489.595 224
2489.709 228
2489.822 236
2489.935 243
2490.049 248
2490.162 261
2490.276 253
2490.389 253
2490.502 246
2490.616 237
2490.729 237
2490.843 239
2490.956 237
2491.069 230
2491.183 234
2491.296 240
2491.410 240
2491.523 239
2491.637 247
2491.750 252
2491.863 269
2491.977 286
2492.090 289
2492.204 293
2492.317 290
2492.431 289
2492.544 287
2492.658 292
2492.771 286
2492.884 277
2492.998 270
2493.111 256
2493.225 260
2493.338 262
2493.452 261
2493.565 263
2493.679 259
2493.792 253
2493.906 254
2494.019 258
2494.133 261
2494.246 260
2494.360 258
2494.473 259
2494.587 257
2494.700 246
2494.814 240
2494.927 231
2495.041 230
2495.154 230
2495.268 236
2495.381 243
2495.495 244
2495.608 250
2495.722 248
2495.835 245
2495.949 241
2496.062 244
2496.176 252
2496.289 260
2496.403 270
2496.516 280
2496.630 277
2496.743 273
2496.857 268
2496.971 267
2497.084 268
2497.198 269
2497.311 272
2497.425 278
2497.538 279
2497.652 282
2497.765 284
2497.879 285
2497.993 288
2498.106 291
2498.220 290
2498.333 293
2498.447 296
2498.561 299
2498.674 300
2498.788 307
2498.901 319
2499.015 332
2499.129 349
2499.242 369
2499.356 375
2499.469 381
2499.583 383
2499.697 376
2499.810 369
2499.924 366
2500.037 362
2500.151 366
2500.265 368
2500.378 368
2500.492 368
2500.606 378
2500.719 386
2500.833 390
2500.946 389
2501.060 390
2501.174 394
2501.287 400
2501.401 397
2501.515 400
2501.628 399
2501.742 399
2501.856 405
2501.969 404
2502.083 402
2502.197 398
2502.310 400
2502.424 406
2502.538 403
2502.651 402
2502.765 399
2502.879 392
2502.993 392
2503.106 394
2503.220 393
2503.334 387
2503.447 380
2503.561 368
2503.675 365
2503.788 363
2503.902 354
2504.016 344
2504.130 335
2504.243 323
2504.357 318
2504.471 311
2504.584 305
2504.698 295
2504.812 296
2504.926 293
2505.039 292
2505.153 294
2505.267 298
2505.381 303
2505.494 305
2505.608 311
2505.722 308
2505.836 305
2505.949 307
2506.063 315
2506.177 321
2506.291 330
2506.404 339
2506.518 344
2506.632 343
2506.746 340
2506.860 323
2506.973 311
2507.087 302
2507.201 292
2507.315 293
2507.429 296
2507.542 294
2507.656 288
2507.770 283
2507.884 273
2507.998 277
2508.111 280
2508.225 289
2508.339 286
2508.453 283
2508.567 284
2508.680 279
2508.794 282
2508.908 286
2509.022 288
2509.136 293
2509.250 292
2509.363 290
2509.477 288
2509.591 286
2509.705 282
2509.819 282
2509.933 276
2510.046 274
2510.160 267
2510.274 262
2510.388 259
2510.502 256
2510.616 260
2510.730 261
2510.844 261
2510.957 264
2511.071 274
2511.185 267
2511.299 261
2511.413 252
2511.527 237
2511.641 244
2511.755 244
2511.869 249
2511.982 254
2512.096 246
2512.210 239
2512.324 239
2512.438 237
2512.552 238
2512.666 239
2512.780 238
2512.894 233
2513.008 237
2513.122 241
2513.235 244
2513.349 249
2513.463 250
2513.577 251
2513.691 249
2513.805 253
2513.919 250
2514.033 243
2514.147 240
2514.261 233
2514.375 230
2514.489 231
2514.603 231
2514.717 233
2514.831 236
2514.945 238
2515.059 241
2515.173 241
2515.287 241
2515.401 243
2515.515 239
2515.629 235
2515.743 242
2515.857 249
2515.971 256
2516.085 266
2516.199 261
2516.313 254
2516.427 253
2516.541 247
2516.655 252
2516.769 263
2516.883 261
2516.997 256
2517.111 247
2517.225 237
2517.339 232
2517.453 232
2517.567 228
2517.681 224
2517.795 220
2517.909 219
2518.023 224
2518.137 228
2518.251 234
2518.365 241
2518.479 253
2518.593 266
2518.707 281
2518.821 293
2518.935 294
2519.049 297
2519.163 295
2519.277 284
2519.392 281
2519.506 276
2519.620 274
2519.734 281
2519.848 274
2519.962 270
2520.076 261
2520.190 254
2520.304 259
2520.418 261
2520.532 265
2520.646 272
2520.761 279
2520.875 287
2520.989 295
2521.103 295
2521.217 294
2521.331 291
2521.445 294
2521.559 305
2521.673 309
2521.788 315
2521.902 317
2522.016 321
2522.130 316
2522.244 314
2522.358 304
2522.472 287
2522.587 286
2522.701 282
2522.815 287
2522.929 298
2523.043 302
2523.157 305
2523.271 306
2523.386 316
2523.500 335
2523.614 358
2523.728 378
2523.842 398
2523.957 402
2524.071 410
2524.185 416
2524.299 426
2524.413 427
2524.527 428
2524.642 428
2524.756 425
2524.870 422
2524.984 423
2525.098 413
2525.213 405
2525.327 407
2525.441 408
2525.555 397
2525.669 376
2525.784 366
2525.898 357
2526.012 358
2526.126 370
2526.241 368
2526.355 373
2526.469 377
2526.583 387
2526.698 376
2526.812 367
2526.926 361
2527.040 346
2527.155 355
2527.269 367
2527.383 370
2527.497 380
2527.612 373
2527.726 366
2527.840 355
2527.954 346
2528.069 346
2528.183 346
2528.297 357
2528.411 365
2528.526 361
2528.640 362
2528.754 352
2528.869 346
2528.983 346
2529.097 343
2529.211 327
2529.326 314
2529.440 300
2529.554 286
2529.669 284
2529.783 286
2529.897 285
2530.012 279
2530.126 283
2530.240 292
2530.355 294
2530.469 300
2530.583 300
2530.698 303
2530.812 295
2530.926 285
2531.041 276
2531.155 262
2531.269 266
2531.384 265
2531.498 274
2531.612 283
2531.727 285
2531.841 290
2531.955 288
2532.070 283
2532.184 275
2532.299 266
2532.413 262
2532.527 254
2532.642 256
2532.756 261
2532.870 257
2532.985 251
2533.099 248
2533.214 243
2533.328 245
2533.442 246
2533.557 248
2533.671 251
2533.786 256
2533.900 254
2534.014 249
2534.129 243
2534.243 236
2534.358 227
2534.472 236
2534.586 244
2534.701 250
2534.815 254
2534.930 246
2535.044 240
2535.159 236
2535.273 223
2535.387 230
2535.502 240
2535.616 249
2535.731 263
2535.845 261
2535.960 256
2536.074 254
2536.189 244
2536.303 244
2536.418 242
2536.532 242
2536.647 250
2536.761 252
2536.875 254
2536.990 253
2537.104 257
2537.219 248
2537.333 239
2537.448 228
2537.562 214
2537.677 211
2537.791 209
2537.906 209
2538.020 218
2538.135 220
2538.249 226
2538.364 230
2538.478 242
2538.593 255
2538.707 273
2538.822 275
2538.936 279
2539.051 274
2539.166 267
2539.280 267
2539.395 266
2539.509 267
2539.624 267
2539.738 268
2539.853 269
2539.967 261
2540.082 252
2540.196 246
2540.311 236
2540.425 231
2540.540 226
2540.655 216
2540.769 197
2540.884 200
2540.998 205
2541.113 213
2541.227 231
2541.342 239
2541.457 245
2541.571 254
2541.686 264
2541.800 270
2541.915 276
2542.030 277
2542.144 282
2542.259 277
2542.373 272
2542.488 265
2542.603 259
2542.717 259
2542.832 257
2542.946 255
2543.061 254
2543.176 249
2543.290 245
2543.405 245
2543.520 236
2543.634 234
2543.749 233
2543.863 233
2543.978 245
2544.093 253
2544.207 263
2544.322 266
2544.437 257
2544.551 262
2544.666 270
2544.781 276
2544.895 294
2545.010 296
2545.125 298
2545.239 298
2545.354 304
2545.469 306
2545.583 312
2545.698 314
2545.813 319
2545.927 319
2546.042 317
2546.157 318
2546.271 322
2546.386 328
2546.501 338
2546.615 342
2546.730 348
2546.845 350
2546.960 352
2547.074 354
2547.189 353
2547.304 357
2547.418 364
2547.533 367
2547.648 374
2547.763 367
2547.877 362
2547.992 354
2548.107 352
2548.222 354
2548.336 354
2548.451 357
2548.566 361
2548.681 379
2548.795 402
2548.910 412
2549.025 428
2549.140 420
2549.254 408
2549.369 408
2549.484 401
2549.599 391
2549.713 380
2549.828 370
2549.943 364
2550.058 364
2550.172 367
2550.287 366
2550.402 367
2550.517 376
2550.632 388
2550.746 395
2550.861 403
2550.976 400
2551.091 396
2551.206 388
2551.320 379
2551.435 381
2551.550 382
2551.665 386
2551.780 395
2551.895 383
2552.009 373
2552.124 366
2552.239 354
2552.354 350
2552.469 348
2552.584 345
2552.698 343
2552.813 349
2552.928 355
2553.043 357
2553.158 352
2553.273 338
2553.387 326
2553.502 317
2553.617 301
2553.732 296
2553.847 293
2553.962 289
2554.077 276
2554.191 280
2554.306 283
2554.421 283
2554.536 284
2554.651 274
2554.766 263
2554.881 255
2554.996 244
2555.111 246
2555.225 244
2555.340 251
2555.455 264
2555.570 264
2555.685 262
2555.800 256
2555.915 253
2556.030 251
2556.145 247
2556.260 246
2556.375 242
2556.490 244
2556.604 241
2556.719 238
2556.834 223
2556.949 217
2557.064 211
2557.179 212
2557.294 214
2557.409 215
2557.524 218
2557.639 218
2557.754 218
2557.869 226
2557.984 235
2558.099 240
2558.214 246
2558.329 246
2558.444 247
2558.559 252
2558.674 256
2558.789 261
2558.904 269
2559.019 270
2559.134 269
2559.249 267
2559.364 268
2559.479 268
2559.594 274
2559.709 271
2559.824 263
2559.939 256
2560.054 255
2560.169 259
2560.284 258
2560.399 259
2560.514 258
2560.629 252
2560.744 248
2560.859 254
2560.974 257
2561.089 257
2561.204 258
2561.319 264
2561.434 261
2561.549 264
2561.664 268
2561.779 260
2561.894 249
2562.009 246
2562.124 241
2562.239 239
2562.354 240
2562.469 237
2562.584 231
2562.699 230
2562.815 224
2562.930 225
2563.045 231
2563.160 232
2563.275 233
2563.390 223
2563.505 210
2563.620 207
2563.735 201
2563.850 213
2563.965 225
2564.081 235
2564.196 251
2564.311 255
2564.426 250
2564.541 255
2564.656 258
2564.771 254
2564.886 258
2565.001 255
2565.117 254
2565.232 250
2565.347 248
2565.462 239
2565.577 232
2565.692 231
2565.807 228
2565.923 230
2566.038 234
2566.153 234
2566.268 237
2566.383 235
2566.498 234
2566.613 242
2566.729 247
2566.844 256
2566.959 268
2567.074 269
2567.189 267
2567.304 264
2567.420 263
2567.535 258
2567.650 259
2567.765 260
2567.880 264
2567.996 265
2568.111 267
2568.226 264
2568.341 258
2568.456 259
2568.572 261
2568.687 258
2568.802 267
2568.917 266
2569.032 264
2569.148 269
2569.263 275
2569.378 280
2569.493 288
2569.609 290
2569.724 290
2569.839 286
2569.954 285
2570.069 277
2570.185 264
2570.300 277
2570.415 286
2570.530 299
2570.646 313
2570.761 311
2570.876 305
2570.991 302
2571.107 299
2571.222 300
2571.337 310
2571.453 318
2571.568 324
2571.683 330
2571.798 340
2571.914 339
2572.029 338
2572.144 342
2572.259 345
2572.375 351
2572.490 358
2572.605 359
2572.721 360
2572.836 363
2572.951 360
2573.067 357
2573.182 353
2573.297 349
2573.413 347
2573.528 354
2573.643 361
2573.758 361
2573.874 361
2573.989 357
2574.104 353
2574.220 359
2574.335 372
2574.450 376
2574.566 381
2574.681 386
2574.797 386
2574.912 382
2575.027 379
2575.143 373
2575.258 369
2575.373 368
2575.489 368
2575.604 363
2575.719 356
2575.835 349
2575.950 339
2576.065 331
2576.181 323
2576.296 319
2576.412 313
2576.527 314
2576.642 320
2576.758 321
2576.873 323
2576.989 323
2577.104 318
2577.219 304
2577.335 291
2577.450 278
2577.566 265
2577.681 272
2577.796 283
2577.912 287
2578.027 295
2578.143 298
2578.258 301
2578.374 298
2578.489 298
2578.604 290
2578.720 278
2578.835 272
2578.951 272
2579.066 271
2579.182 272
2579.297 271
2579.413 272
2579.528 275
2579.643 274
2579.759 280
2579.874 280
2579.990 282
2580.105 289
2580.221 291
2580.336 294
2580.452 297
2580.567 295
2580.683 296
2580.798 294
2580.914 285
2581.029 280
2581.145 271
2581.260 253
2581.376 251
2581.491 248
2581.607 244
2581.722 239
2581.838 241
2581.953 240
2582.069 242
2582.184 244
2582.300 246
2582.415 252
2582.531 253
2582.646 252
2582.762 253
2582.877 256
2582.993 257
2583.108 258
2583.224 251
2583.340 244
2583.455 241
2583.571 230
2583.686 231
2583.802 229
2583.917 227
2584.033 238
2584.148 237
2584.264 241
2584.380 236
2584.495 232
2584.611 228
2584.726 225
2584.842 220
2584.957 214
2585.073 214
2585.189 208
2585.304 212
2585.420 221
2585.535 218
2585.651 214
2585.767 213
2585.882 212
2585.998 214
2586.113 214
2586.229 212
2586.345 209
2586.460 207
2586.576 205
2586.691 211
2586.807 220
2586.923 224
2587.038 232
2587.154 232
2587.270 223
2587.385 229
2587.501 233
2587.616 240
2587.732 256
2587.848 258
2587.963 259
2588.079 261
2588.195 256
2588.310 256
2588.426 259
2588.542 257
2588.657 253
2588.773 250
2588.889 242
2589.004 234
2589.120 228
2589.236 215
2589.351 207
2589.467 199
2589.583 189
2589.698 190
2589.814 192
2589.930 195
2590.046 202
2590.161 209
2590.277 217
2590.393 228
2590.508 233
2590.624 233
2590.740 235
2590.855 232
2590.971 236
2591.087 232
2591.203 231
2591.318 227
2591.434 220
2591.550 226
2591.666 228
2591.781 232
2591.897 236
2592.013 239
2592.128 248
2592.244 254
2592.360 264
2592.476 261
2592.591 263
2592.707 259
2592.823 249
2592.939 250
2593.055 244
2593.170 249
2593.286 245
2593.402 250
2593.518 255
2593.633 259
2593.749 260
2593.865 256
2593.981 250
2594.097 249
2594.212 255
2594.328 262
2594.444 266
2594.560 273
2594.676 282
2594.791 289
2594.907 298
2595.023 307
2595.139 309
2595.255 315
2595.370 324
2595.486 333
2595.602 340
2595.718 347
2595.834 354
2595.950 360
2596.065 371
2596.181 370
2596.297 370
2596.413 374
2596.529 375
2596.645 383
2596.760 395
2596.876 398
2596.992 393
2597.108 391
2597.224 393
2597.340 382
2597.456 372
2597.571 366
2597.687 363
2597.803 362
2597.919 375
2598.035 373
2598.151 371
2598.267 370
2598.383 375
2598.498 370
2598.614 364
2598.730 366
2598.846 370
2598.962 374
2599.078 381
2599.194 377
2599.310 371
2599.426 359
2599.542 342
2599.658 333
2599.773 318
2599.889 322
2600.005 329
2600.121 334
2600.237 336
2600.353 326
2600.469 319
2600.585 311
2600.701 297
2600.817 299
2600.933 303
2601.049 297
2601.165 287
2601.281 285
2601.397 283
2601.513 289
2601.628 301
2601.744 301
2601.860 299
2601.976 298
2602.092 287
2602.208 282
2602.324 279
2602.440 274
2602.556 272
2602.672 267
2602.788 263
2602.904 264
2603.020 258
2603.136 259
2603.252 263
2603.368 255
2603.484 251
2603.600 245
2603.716 236
2603.832 231
2603.948 229
2604.064 229
2604.180 229
2604.296 232
2604.412 235
2604.528 237
2604.644 238
2604.760 241
2604.876 248
2604.992 248
2605.109 252
2605.225 253
2605.341 245
2605.457 243
2605.573 240
2605.689 240
2605.805 235
2605.921 235
2606.037 238
2606.153 239
2606.269 239
2606.385 243
2606.501 248
2606.617 249
2606.733 244
2606.849 244
2606.966 246
2607.082 244
2607.198 239
2607.314 234
2607.430 227
2607.546 221
2607.662 223
2607.778 221
2607.894 221
2608.010 221
2608.126 223
2608.243 230
2608.359 236
2608.475 240
2608.591 247
2608.707 247
2608.823 252
2608.939 254
2609.055 253
2609.172 248
2609.288 243
2609.404 237
2609.520 228
2609.636 222
2609.752 213
2609.868 216
2609.985 213
2610.101 212
2610.217 214
2610.333 205
2610.449 194
2610.565 195
2610.682 194
2610.798 195
2610.914 202
2611.030 201
2611.146 201
2611.262 208
2611.379 214
2611.495 222
2611.611 231
2611.727 230
2611.843 230
2611.960 235
2612.076 240
2612.192 243
2612.308 244
2612.424 238
2612.541 230
2612.657 231
2612.773 232
2612.889 232
2613.005 231
2613.122 232
2613.238 231
2613.354 235
2613.470 239
2613.587 241
2613.703 247
2613.819 246
2613.935 244
2614.052 243
2614.168 246
2614.284 242
2614.400 238
2614.517 235
2614.633 231
2614.749 239
2614.865 251
2614.982 263
2615.098 273
2615.214 281
2615.330 292
2615.447 296
2615.563 296
2615.679 294
2615.795 289
2615.912 287
2616.028 284
2616.144 280
2616.261 275
2616.377 275
2616.493 274
2616.610 266
2616.726 256
2616.842 247
2616.958 233
2617.075 234
2617.191 236
2617.307 244
2617.424 251
2617.540 259
2617.656 267
2617.773 268
2617.889 272
2618.005 274
2618.122 274
2618.238 279
2618.354 281
2618.471 288
2618.587 295
2618.703 306
2618.820 319
2618.936 329
2619.052 337
2619.169 348
2619.285 368
2619.402 373
2619.518 380
2619.634 384
2619.751 383
2619.867 381
2619.983 379
2620.100 377
2620.216 365
2620.333 370
2620.449 370
2620.565 373
2620.682 381
2620.798 389
2620.915 395
2621.031 398
2621.147 402
2621.264 398
2621.380 397
2621.497 395
2621.613 391
2621.729 380
2621.846 368
2621.962 357
2622.079 353
2622.195 353
2622.312 352
2622.428 352
2622.544 349
2622.661 360
2622.777 370
2622.894 378
2623.010 392
2623.127 385
2623.243 381
2623.360 377
2623.476 368
2623.592 362
2623.709 357
2623.825 347
2623.942 336
2624.058 335
2624.175 331
2624.291 333
2624.408 335
2624.524 332
2624.641 326
2624.757 324
2624.874 312
2624.990 306
2625.107 299
2625.223 290
2625.340 289
2625.456 290
2625.573 292
2625.689 286
2625.806 284
2625.922 278
2626.039 270
2626.155 269
2626.272 268
2626.388 259
2626.505 247
2626.621 239
2626.738 231
2626.854 232
2626.971 241
2627.088 246
2627.204 258
2627.321 262
2627.437 268
2627.554 268
2627.670 266
2627.787 267
2627.903 265
2628.020 267
2628.136 271
2628.253 267
2628.370 261
2628.486 259
2628.603 266
2628.719 270
2628.836 277
2628.953 280
2629.069 271
2629.186 269
2629.302 267
2629.419 259
2629.535 251
2629.652 247
2629.769 241
2629.885 246
2630.002 244
2630.118 252
2630.235 257
2630.352 261
2630.468 271
2630.585 271
2630.702 269
2630.818 264
2630.935 255
2631.051 254
2631.168 249
2631.285 252
2631.401 254
2631.518 255
2631.635 259
2631.751 260
2631.868 267
2631.985 267
2632.101 270
2632.218 271
2632.335 266
2632.451 266
2632.568 263
2632.685 260
2632.801 259
2632.918 259
2633.035 259
2633.151 259
2633.268 261
2633.385 263
2633.501 260
2633.618 266
2633.735 271
2633.851 268
2633.968 269
2634.085 264
2634.201 257
2634.318 255
2634.435 249
2634.552 247
2634.668 245
2634.785 248
2634.902 251
2635.018 252
2635.135 248
2635.252 248
2635.369 245
2635.485 246
2635.602 255
2635.719 252
2635.836 253
2635.952 257
2636.069 254
2636.186 254
2636.302 256
2636.419 244
2636.536 229
2636.653 220
2636.770 209
2636.886 204
2637.003 197
2637.120 191
2637.237 183
2637.353 187
2637.470 198
2637.587 210
2637.704 225
2637.820 225
2637.937 223
2638.054 225
2638.171 223
2638.288 229
2638.404 243
2638.521 245
2638.638 244
2638.755 244
2638.872 251
2638.988 246
2639.105 245
2639.222 243
2639.339 237
2639.456 234
2639.573 230
2639.689 222
2639.806 211
2639.923 215
2640.040 219
2640.157 226
2640.274 238
2640.390 241
2640.507 245
2640.624 245
2640.741 246
2640.858 251
2640.975 260
2641.091 266
2641.208 278
2641.325 284
2641.442 289
2641.559 292
2641.676 282
2641.793 278
2641.910 278
2642.026 275
2642.143 272
2642.260 271
2642.377 267
2642.494 268
2642.611 267
2642.728 275
2642.845 282
2642.962 284
2643.078 288
2643.195 293
2643.312 306
2643.429 306
2643.546 313
2643.663 325
2643.780 328
2643.897 344
2644.014 360
2644.131 359
2644.248 358
2644.365 358
2644.481 355
2644.598 352
2644.715 344
2644.832 344
2644.949 340
2645.066 352
2645.183 367
2645.300 379
2645.417 402
2645.534 401
2645.651 403
2645.768 396
2645.885 386
2646.002 380
2646.119 374
2646.236 373
2646.353 374
2646.470 377
2646.587 377
2646.704 367
2646.821 364
2646.938 343
2647.055 321
2647.172 308
2647.289 291
2647.406 289
2647.523 288
2647.640 292
2647.757 296
2647.874 298
2647.991 303
2648.108 306
2648.225 315
2648.342 313
2648.459 315
2648.576 311
2648.693 306
2648.810 309
2648.927 310
2649.044 313
2649.161 307
2649.278 298
2649.395 291
2649.512 286
2649.629 282
2649.746 284
2649.863 285
2649.980 287
2650.097 286
2650.214 290
2650.332 295
2650.449 293
2650.566 297
2650.683 300
2650.800 302
2650.917 309
2651.034 323
2651.151 322
2651.268 321
2651.385 312
2651.502 304
2651.619 289
2651.737 275
2651.854 269
2651.971 254
2652.088 254
2652.205 251
2652.322 254
2652.439 252
2652.556 253
2652.673 256
2652.791 260
2652.908 265
2653.025 263
2653.142 261
2653.259 250
2653.376 246
2653.493 240
2653.610 229
2653.728 224
2653.845 217
2653.962 218
2654.079 220
2654.196 222
2654.313 226
2654.431 227
2654.548 231
2654.665 237
2654.782 245
2654.899 242
2655.016 239
2655.134 237
2655.251 235
2655.368 236
2655.485 241
2655.602 237
2655.719 236
2655.837 241
2655.954 245
2656.071 249
2656.188 262
2656.305 256
2656.423 252
2656.540 244
2656.657 239
2656.774 239
2656.891 239
2657.009 247
2657.126 250
2657.243 248
2657.360 250
2657.478 248
2657.595 238
2657.712 242
2657.829 244
2657.947 244
2658.064 242
2658.181 241
2658.298 240
2658.415 240
2658.533 246
2658.650 240
2658.767 237
2658.885 236
2659.002 224
2659.119 226
2659.236 226
2659.354 231
2659.471 236
2659.588 236
2659.705 235
2659.823 237
2659.940 229
2660.057 221
2660.175 216
2660.292 201
2660.409 192
2660.526 192
2660.644 189
2660.761 193
2660.878 194
2660.996 198
2661.113 205
2661.230 213
2661.348 221
2661.465 226
2661.582 232
2661.700 231
2661.817 235
2661.934 230
2662.052 223
2662.169 220
2662.286 216
2662.404 215
2662.521 213
2662.638 214
2662.756 220
2662.873 233
2662.990 249
2663.108 259
2663.225 270
2663.342 262
2663.460 251
2663.577 250
2663.694 244
2663.812 237
2663.929 233
2664.047 235
2664.164 223
2664.281 228
2664.399 236
2664.516 237
2664.633 240
2664.751 239
2664.868 239
2664.986 236
2665.103 235
2665.220 244
2665.338 253
2665.455 259
2665.573 271
2665.690 273
2665.807 274
2665.925 274
2666.042 267
2666.160 259
2666.277 251
2666.395 244
2666.512 238
2666.629 248
2666.747 260
2666.864 270
2666.982 284
2667.099 287
2667.217 291
2667.334 302
2667.452 314
2667.569 315
2667.686 318
2667.804 320
2667.921 315
2668.039 318
2668.156 320
2668.274 323
2668.391 327
2668.509 333
2668.626 339
2668.744 336
2668.861 338
2668.979 349
2669.096 360
2669.214 374
2669.331 395
2669.449 397
2669.566 399
2669.684 395
2669.801 403
2669.919 394
2670.036 380
2670.154 372
2670.271 359
2670.389 346
2670.506 332
2670.624 322
2670.741 296
2670.859 296
2670.976 297
2671.094 303
2671.211 314
2671.329 320
2671.447 331
2671.564 326
2671.682 326
2671.799 322
2671.917 320
2672.034 317
2672.152 308
2672.269 306
2672.387 302
2672.505 303
2672.622 303
2672.740 305
2672.857 304
2672.975 305
2673.092 309
2673.210 304
2673.328 291
2673.445 283
2673.563 280
2673.680 274
2673.798 269
2673.916 266
2674.033 264
2674.151 272
2674.268 282
2674.386 288
2674.504 292
2674.621 293
2674.739 294
2674.856 291
2674.974 288
2675.092 284
2675.209 280
2675.327 281
2675.445 278
2675.562 275
2675.680 271
2675.797 267
2675.915 261
2676.033 255
2676.150 245
2676.268 239
2676.386 234
2676.503 234
2676.621 239
2676.739 240
2676.856 237
2676.974 228
2677.092 214
2677.209 205
2677.327 196
2677.445 201
2677.562 204
2677.680 208
2677.798 209
2677.915 214
2678.033 222
2678.151 229
2678.269 234
2678.386 244
2678.504 253
2678.622 260
2678.739 265
2678.857 264
2678.975 261
2679.092 255
2679.210 247
2679.328 241
2679.446 238
2679.563 239
2679.681 233
2679.799 236
2679.917 234
2680.034 233
2680.152 240
2680.270 234
2680.388 231
2680.505 227
2680.623 219
2680.741 223
2680.859 223
2680.976 229
2681.094 232
2681.212 232
2681.330 234
2681.447 225
2681.565 218
2681.683 211
2681.801 206
2681.918 206
2682.036 202
2682.154 199
2682.272 192
2682.390 192
2682.507 191
2682.625 198
2682.743 208
2682.861 216
2682.979 225
2683.096 231
2683.214 237
2683.332 238
2683.450 240
2683.568 242
2683.685 243
2683.803 246
2683.921 248
2684.039 249
2684.157 249
2684.275 246
2684.392 248
2684.510 244
2684.628 240
2684.746 241
2684.864 237
2684.982 240
2685.099 240
2685.217 239
2685.335 241
2685.453 245
2685.571 249
2685.689 249
2685.807 255
2685.924 253
2686.042 251
2686.160 260
2686.278 266
2686.396 274
2686.514 285
2686.632 289
2686.750 293
2686.867 290
2686.985 291
2687.103 282
2687.221 266
2687.339 257
2687.457 247
2687.575 245
2687.693 247
2687.811 251
2687.929 258
2688.047 259
2688.164 264
2688.282 261
2688.400 254
2688.518 253
2688.636 248
2688.754 251
2688.872 256
2688.990 259
2689.108 265
2689.226 266
2689.344 262
2689.462 258
2689.580 260
2689.698 264
2689.816 268
2689.934 265
2690.052 256
2690.169 252
2690.287 255
2690.405 261
2690.523 266
2690.641 281
2690.759 300
2690.877 312
2690.995 324
2691.113 324
2691.231 324
2691.349 323
2691.467 323
2691.585 325
2691.703 328
2691.821 328
2691.939 323
2692.057 320
2692.175 319
2692.293 322
2692.411 326
2692.529 328
2692.647 330
2692.765 320
2692.883 317
2693.001 319
2693.119 317
2693.237 328
2693.355 339
2693.474 336
2693.592 333
2693.710 329
2693.828 322
2693.946 322
2694.064 322
2694.182 323
2694.300 322
2694.418 326
2694.536 332
2694.654 336
2694.772 348
2694.890 348
2695.008 346
2695.126 346
2695.244 347
2695.362 342
2695.481 337
2695.599 332
2695.717 328
2695.835 339
2695.953 351
2696.071 356
2696.189 363
2696.307 345
2696.425 321
2696.543 306
2696.662 282
2696.780 277
2696.898 277
2697.016 273
2697.134 267
2697.252 269
2697.370 272
2697.488 272
2697.606 264
2697.725 259
2697.843 253
2697.961 243
2698.079 231
2698.197 227
2698.315 223
2698.433 224
2698.552 225
2698.670 227
2698.788 235
2698.906 238
2699.024 239
2699.142 233
2699.261 228
2699.379 222
2699.497 208
2699.615 214
2699.733 220
2699.851 231
2699.970 245
2700.088 252
2700.206 255
2700.324 255
2700.442 263
2700.561 263
2700.679 263
2700.797 262
2700.915 253
2701.033 253
2701.152 254
2701.270 251
2701.388 248
2701.506 241
2701.624 233
2701.743 228
2701.861 224
2701.979 226
2702.097 227
2702.216 235
2702.334 237
2702.452 240
2702.570 245
2702.689 240
2702.807 239
2702.925 234
2703.043 230
2703.162 230
2703.280 228
2703.398 228
2703.516 222
2703.635 223
2703.753 223
2703.871 225
2703.989 230
2704.108 237
2704.226 241
2704.344 237
2704.463 231
2704.581 220
2704.699 210
2704.817 210
2704.936 209
2705.054 212
2705.172 208
2705.291 209
2705.409 207
2705.527 209
2705.646 210
2705.764 209
2705.882 211
2706.001 210
2706.119 209
2706.237 208
2706.355 208
2706.474 203
2706.592 201
2706.710 194
2706.829 187
2706.947 177
2707.065 172
2707.184 172
2707.302 175
2707.421 179
2707.539 191
2707.657 194
2707.776 197
2707.894 206
2708.012 215
2708.131 225
2708.249 239
2708.367 238
2708.486 242
2708.604 241
2708.723 242
2708.841 244
2708.959 244
2709.078 240
2709.196 236
2709.314 236
2709.433 227
2709.551 231
2709.670 236
2709.788 237
2709.906 241
2710.025 245
2710.143 251
2710.262 246
2710.380 244
2710.499 241
2710.617 236
2710.735 234
2710.854 225
2710.972 217
2711.091 204
2711.209 195
2711.328 183
2711.446 182
2711.564 176
2711.683 184
2711.801 196
2711.920 203
2712.038 216
2712.157 219
2712.275 223
2712.394 219
2712.512 214
2712.631 212
2712.749 207
2712.867 215
2712.986 223
2713.104 234
2713.223 245
2713.341 254
2713.460 270
2713.578 271
2713.697 280
2713.815 271
2713.934 261
2714.052 255
2714.171 246
2714.289 248
2714.408 254
2714.526 261
2714.645 273
2714.763 285
2714.882 294
2715.000 306
2715.119 314
2715.237 314
2715.356 316
2715.475 309
2715.593 308
2715.712 321
2715.830 332
2715.949 344
2716.067 369
2716.186 373
2716.304 380
2716.423 388
2716.541 394
2716.660 382
2716.779 367
2716.897 346
2717.016 325
2717.134 316
2717.253 301
2717.371 294
2717.490 287
2717.609 286
2717.727 284
2717.846 289
2717.964 294
2718.083 296
2718.201 300
2718.320 299
2718.439 295
2718.557 291
2718.676 294
2718.794 291
2718.913 281
2719.032 292
2719.150 304
2719.269 313
2719.388 325
2719.506 318
2719.625 307
2719.743 305
2719.862 306
2719.981 301
2720.099 297
2720.218 295
2720.337 288
2720.455 290
2720.574 291
2720.692 290
2720.811 296
2720.930 294
2721.048 286
2721.167 286
2721.286 279
2721.404 277
2721.523 282
2721.642 286
2721.760 290
2721.879 293
2721.998 295
2722.116 282
2722.235 273
2722.354 274
2722.472 273
2722.591 280
2722.710 289
2722.829 279
2722.947 272
2723.066 268
2723.185 261
2723.303 258
2723.422 255
2723.541 249
2723.660 239
2723.778 235
2723.897 231
2724.016 231
2724.134 238
2724.253 233
2724.372 222
2724.491 216
2724.609 203
2724.728 196
2724.847 196
2724.966 194
2725.084 195
2725.203 201
2725.322 211
2725.441 214
2725.559 212
2725.678 214
2725.797 217
2725.916 218
2726.034 220
2726.153 223
2726.272 226
2726.391 225
2726.509 236
2726.628 235
2726.747 234
2726.866 234
2726.985 232
2727.103 231
2727.222 227
2727.341 233
2727.460 237
2727.579 238
2727.697 239
2727.816 234
2727.935 220
2728.054 222
2728.173 222
2728.291 227
2728.410 228
2728.529 233
2728.648 241
2728.767 240
2728.885 244
2729.004 240
2729.123 237
2729.242 231
2729.361 223
2729.480 221
2729.599 218
2729.717 223
2729.836 217
2729.955 223
2730.074 228
2730.193 235
2730.312 238
2730.431 236
2730.549 236
2730.668 226
2730.787 225
2730.906 221
2731.025 216
2731.144 217
2731.263 212
2731.382 218
2731.500 223
2731.619 233
2731.738 242
2731.857 251
2731.976 260
2732.095 263
2732.214 272
2732.333 276
2732.452 276
2732.571 278
2732.689 280
2732.808 273
2732.927 267
2733.046 261
2733.165 257
2733.284 257
2733.403 250
2733.522 249
2733.641 257
2733.760 249
2733.879 243
2733.998 235
2734.117 225
2734.236 222
2734.354 224
2734.473 216
2734.592 206
2734.711 211
2734.830 214
2734.949 223
2735.068 232
2735.187 230
2735.306 228
2735.425 224
2735.544 224
2735.663 223
2735.782 219
2735.901 217
2736.020 214
2736.139 219
2736.258 225
2736.377 226
2736.496 232
2736.615 232
2736.734 232
2736.853 236
2736.972 234
2737.091 235
2737.210 235
2737.329 239
2737.448 240
2737.567 234
2737.686 232
2737.805 226
2737.924 222
2738.043 231
2738.162 243
2738.281 249
2738.400 258
2738.519 258
2738.639 257
2738.758 258
2738.877 262
2738.996 263
2739.115 259
2739.234 261
2739.353 264
2739.472 271
2739.591 282
2739.710 295
2739.829 303
2739.948 311
2740.067 323
2740.186 322
2740.305 317
2740.425 316
2740.544 311
2740.663 311
2740.782 314
2740.901 307
2741.020 301
2741.139 296
2741.258 291
2741.377 295
2741.496 304
2741.616 305
2741.735 305
2741.854 306
2741.973 305
2742.092 308
2742.211 308
2742.330 306
2742.449 304
2742.569 303
2742.688 303
2742.807 306
2742.926 309
2743.045 314
2743.164 319
2743.283 314
2743.403 307
2743.522 299
2743.641 288
2743.760 300
2743.879 308
2743.998 316
2744.118 327
2744.237 319
2744.356 321
2744.475 321
2744.594 317
2744.713 318
2744.833 321
2744.952 312
2745.071 299
2745.190 287
2745.309 276
2745.429 271
2745.548 256
2745.667 259
2745.786 267
2745.905 262
2746.025 249
2746.144 237
2746.263 223
2746.382 215
2746.501 212
2746.621 215
2746.740 214
2746.859 218
2746.978 226
2747.098 228
2747.217 233
2747.336 242
2747.455 245
2747.575 246
2747.694 248
2747.813 244
2747.932 246
2748.052 246
2748.171 247
2748.290 242
2748.409 230
2748.529 229
2748.648 229
2748.767 234
2748.886 242
2749.006 243
2749.125 249
2749.244 246
2749.364 242
2749.483 242
2749.602 241
2749.721 244
2749.841 244
2749.960 250
2750.079 259
2750.199 262
2750.318 263
2750.437 251
2750.557 238
2750.676 221
2750.795 206
2750.914 199
2751.034 190
2751.153 193
2751.272 199
2751.392 205
2751.511 216
2751.630 224
2751.750 229
2751.869 233
2751.988 239
2752.108 238
2752.227 240
2752.347 240
2752.466 234
2752.585 229
2752.705 227
2752.824 221
2752.943 216
2753.063 215
2753.182 208
2753.301 205
2753.421 203
2753.540 207
2753.660 203
2753.779 210
2753.898 217
2754.018 218
2754.137 221
2754.257 221
2754.376 215
2754.495 212
2754.615 206
2754.734 199
2754.854 188
2754.973 190
2755.092 192
2755.212 198
2755.331 206
2755.451 211
2755.570 211
2755.689 211
2755.809 211
2755.928 214
2756.048 219
2756.167 218
2756.287 217
2756.406 209
2756.525 202
2756.645 205
2756.764 205
2756.884 206
2757.003 208
2757.123 205
2757.242 205
2757.362 214
2757.481 223
2757.601 230
2757.720 240
2757.840 234
2757.959 233
2758.078 231
2758.198 231
2758.317 232
2758.437 239
2758.556 240
2758.676 240
2758.795 238
2758.915 242
2759.034 237
2759.154 236
2759.273 228
2759.393 220
2759.512 222
2759.632 220
2759.751 222
2759.871 231
2759.991 233
2760.110 227
2760.230 225
2760.349 220
2760.469 221
2760.588 227
2760.708 235
2760.827 249
2760.947 254
2761.066 257
2761.186 260
2761.305 271
2761.425 267
2761.545 265
2761.664 262
2761.784 254
2761.903 255
2762.023 252
2762.142 261
2762.262 272
2762.381 275
2762.501 281
2762.621 281
2762.740 276
2762.860 272
2762.979 270
2763.099 261
2763.219 255
2763.338 253
2763.458 248
2763.577 251
2763.697 261
2763.817 280
2763.936 303
2764.056 318
2764.175 336
2764.295 336
2764.415 334
2764.534 341
2764.654 342
2764.774 340
2764.893 341
2765.013 335
2765.132 326
2765.252 331
2765.372 336
2765.491 342
2765.611 347
2765.731 343
2765.850 341
2765.970 342
2766.090 342
2766.209 336
2766.329 333
2766.449 327
2766.568 320
2766.688 324
2766.808 324
2766.927 322
2767.047 325
2767.167 322
2767.286 321
2767.406 320
2767.526 313
2767.645 312
2767.765 315
2767.885 314
2768.004 299
2768.124 295
2768.244 292
2768.364 292
2768.483 287
2768.603 290
2768.723 291
2768.842 291
2768.962 291
2769.082 290
2769.202 290
2769.321 279
2769.441 264
2769.561 259
2769.680 249
2769.800 247
2769.920 251
2770.040 251
2770.159 246
2770.279 242
2770.399 239
2770.519 239
2770.638 247
2770.758 252
2770.878 258
2770.998 259
2771.118 259
2771.237 261
2771.357 263
2771.477 263
2771.597 265
2771.716 258
2771.836 251
2771.956 237
2772.076 221
2772.196 212
2772.315 205
2772.435 205
2772.555 204
2772.675 205
2772.795 207
2772.914 208
2773.034 208
2773.154 212
2773.274 214
2773.394 218
2773.513 224
2773.633 221
2773.753 212
2773.873 207
2773.993 200
2774.113 199
2774.232 204
2774.352 202
2774.472 201
2774.592 204
2774.712 201
2774.832 217
2774.951 235
2775.071 243
2775.191 251
2775.311 252
2775.431 252
2775.551 256
2775.671 269
2775.791 261
2775.910 251
2776.030 240
2776.150 226
2776.270 218
2776.390 213
2776.510 210
2776.630 208
2776.750 206
2776.869 201
2776.989 195
2777.109 187
2777.229 185
2777.349 181
2777.469 177
2777.589 178
2777.709 183
2777.829 192
2777.949 197
2778.069 200
2778.188 195
2778.308 189
2778.428 182
2778.548 178
2778.668 179
2778.788 182
2778.908 182
2779.028 188
2779.148 192
2779.268 192
2779.388 201
2779.508 212
2779.628 218
2779.748 226
2779.868 238
2779.988 247
2780.108 253
2780.228 263
2780.348 260
2780.468 260
2780.588 257
2780.707 251
2780.827 248
2780.947 239
2781.067 228
2781.187 212
2781.307 206
2781.427 197
2781.547 198
2781.667 203
2781.787 201
2781.907 189
2782.027 187
2782.147 183
2782.267 189
2782.387 193
2782.507 196
2782.628 202
2782.748 198
2782.868 202
2782.988 200
2783.108 198
2783.228 202
2783.348 208
2783.468 208
2783.588 211
2783.708 208
2783.828 198
2783.948 202
2784.068 201
2784.188 206
2784.308 210
2784.428 214
2784.548 216
2784.668 231
2784.788 241
2784.908 245
2785.029 249
2785.149 240
2785.269 235
2785.389 240
2785.509 240
2785.629 247
2785.749 255
2785.869 253
2785.989 252
2786.109 253
2786.229 258
2786.350 259
2786.470 260
2786.590 257
2786.710 264
2786.830 271
2786.950 280
2787.070 294
2787.190 310
2787.310 311
2787.431 309
2787.551 314
2787.671 318
2787.791 319
2787.911 318
2788.031 313
2788.151 306
2788.272 299
2788.392 294
2788.512 289
2788.632 283
2788.752 285
2788.872 288
2788.992 288
2789.113 292
2789.233 295
2789.353 297
2789.473 296
2789.593 294
2789.713 294
2789.834 298
2789.954 309
2790.074 319
2790.194 326
2790.314 336
2790.435 338
2790.555 332
2790.675 336
2790.795 337
2790.915 338
2791.036 338
2791.156 331
2791.276 326
2791.396 318
2791.516 297
2791.637 299
2791.757 302
2791.877 309
2791.997 314
2792.118 309
2792.238 298
2792.358 290
2792.478 280
2792.599 272
2792.719 259
2792.839 255
2792.959 248
2793.080 248
2793.200 253
2793.320 257
2793.440 261
2793.561 270
2793.681 280
2793.801 276
2793.921 272
2794.042 260
2794.162 247
2794.282 236
2794.403 232
2794.523 228
2794.643 223
2794.763 224
2794.884 225
2795.004 228
2795.124 228
2795.245 226
2795.365 224
2795.485 223
2795.605 223
2795.726 230
2795.846 233
2795.966 239
2796.087 250
2796.207 254
2796.327 259
2796.448 262
2796.568 264
2796.688 255
2796.809 245
2796.929 231
2797.049 217
2797.170 211
2797.290 203
2797.410 196
2797.531 189
2797.651 189
2797.771 186
2797.892 187
2798.012 184
2798.133 184
2798.253 190
2798.373 193
2798.494 196
2798.614 197
2798.734 202
2798.855 201
2798.975 203
2799.096 198
2799.216 185
2799.336 188
2799.457 189
2799.577 196
2799.698 211
2799.818 217
2799.938 227
2800.059 231
2800.179 231
2800.300 230
2800.420 225
2800.540 226
2800.661 227
2800.781 225
2800.902 223
2801.022 217
2801.142 207
2801.263 199
2801.383 186
2801.504 181
2801.624 174
2801.745 178
2801.865 182
2801.986 188
2802.106 196
2802.226 198
2802.347 203
2802.467 205
2802.588 209
2802.708 217
2802.829 227
2802.949 237
2803.070 249
2803.190 245
2803.311 240
2803.431 234
2803.552 220
2803.672 216
2803.793 213
2803.913 206
2804.034 194
2804.154 194
2804.275 189
2804.395 183
2804.516 179
2804.636 180
2804.757 180
2804.877 185
2804.998 195
2805.118 190
2805.239 188
2805.359 191
2805.480 186
2805.600 192
2805.721 195
2805.841 202
2805.962 207
2806.082 203
2806.203 200
2806.323 196
2806.444 198
2806.565 209
2806.685 222
2806.806 230
2806.926 244
2807.047 246
2807.167 241
2807.288 243
2807.409 245
2807.529 238
2807.650 233
2807.770 232
2807.891 226
2808.011 228
2808.132 235
2808.253 236
2808.373 233
2808.494 222
2808.614 207
2808.735 199
2808.856 189
2808.976 188
2809.097 183
2809.217 185
2809.338 197
2809.459 204
2809.579 214
2809.700 214
2809.820 208
2809.941 210
2810.062 209
2810.182 213
2810.303 232
2810.424 232
2810.544 230
2810.665 237
2810.785 241
2810.906 248
2811.027 256
2811.147 263
2811.268 276
2811.389 288
2811.509 302
2811.630 302
2811.751 306
2811.871 299
2811.992 288
2812.113 284
2812.233 277
2812.354 288
2812.475 297
2812.595 297
2812.716 296
2812.837 291
2812.957 286
2813.078 281
2813.199 278
2813.320 278
2813.440 275
2813.561 283
2813.682 300
2813.802 304
2813.923 307
2814.044 309
2814.165 310
2814.285 304
2814.406 296
2814.527 292
2814.647 283
2814.768 283
2814.889 286
2815.010 285
2815.130 287
2815.251 285
2815.372 281
2815.493 278
2815.613 277
2815.734 277
2815.855 281
2815.976 281
2816.096 284
2816.217 283
2816.338 283
2816.459 281
2816.579 273
2816.700 268
2816.821 258
2816.942 257
2817.063 251
2817.183 260
2817.304 274
2817.425 276
2817.546 283
2817.666 279
2817.787 273
2817.908 275
2818.029 274
2818.150 277
2818.270 280
2818.391 279
2818.512 281
2818.633 282
2818.754 280
2818.875 276
2818.995 286
2819.116 278
2819.237 277
2819.358 269
2819.479 262
2819.600 259
2819.720 252
2819.841 244
2819.962 238
2820.083 233
2820.204 226
2820.325 229
2820.445 231
2820.566 225
2820.687 218
2820.808 217
2820.929 221
2821.050 224
2821.171 229
2821.291 224
2821.412 226
2821.533 228
2821.654 234
2821.775 239
2821.896 243
2822.017 249
2822.138 252
2822.259 256
2822.379 262
2822.500 255
2822.621 247
2822.742 243
2822.863 237
2822.984 241
2823.105 240
2823.226 233
2823.347 219
2823.468 210
2823.589 204
2823.710 204
2823.830 203
2823.951 205
2824.072 207
2824.193 210
2824.314 220
2824.435 221
2824.556 221
2824.677 219
2824.798 213
2824.919 209
2825.040 202
2825.161 199
2825.282 192
2825.403 194
2825.524 194
2825.645 199
2825.766 204
2825.887 208
2826.008 217
2826.129 210
2826.250 212
2826.371 204
2826.492 195
2826.613 184
2826.734 178
2826.855 182
2826.976 184
2827.097 193
2827.218 209
2827.339 212
2827.460 212
2827.581 220
2827.702 232
2827.823 235
2827.944 233
2828.065 226
2828.186 222
2828.307 214
2828.428 202
2828.549 200
2828.670 203
2828.791 208
2828.912 215
2829.033 219
2829.154 211
2829.275 220
2829.396 227
2829.517 233
2829.638 245
2829.759 238
2829.880 235
2830.001 231
2830.122 225
2830.243 229
2830.365 237
2830.486 241
2830.607 252
2830.728 252
2830.849 254
2830.970 253
2831.091 249
2831.212 245
2831.333 239
2831.454 235
2831.575 229
2831.696 226
2831.818 226
2831.939 219
2832.060 216
2832.181 204
2832.302 188
2832.423 180
2832.544 167
2832.665 167
2832.786 166
2832.908 169
2833.029 177
2833.150 186
2833.271 199
2833.392 206
2833.513 225
2833.634 223
2833.756 225
2833.877 222
2833.998 227
2834.119 228
2834.240 223
2834.361 223
2834.483 222
2834.604 225
2834.725 232
2834.846 233
2834.967 231
2835.088 235
2835.210 233
2835.331 241
2835.452 253
2835.573 269
2835.694 284
2835.815 297
2835.937 308
2836.058 311
2836.179 317
2836.300 318
2836.421 328
2836.543 320
2836.664 314
2836.785 309
2836.906 297
2837.028 295
2837.149 293
2837.270 287
2837.391 277
2837.512 275
2837.634 275
2837.755 277
2837.876 277
2837.997 280
2838.119 285
2838.240 286
2838.361 301
2838.482 306
2838.604 311
2838.725 317
2838.846 329
2838.967 328
2839.089 323
2839.210 317
2839.331 308
2839.452 305
2839.574 304
2839.695 303
2839.816 300
2839.938 293
2840.059 290
2840.180 288
2840.301 285
2840.423 282
2840.544 281
2840.665 280
2840.787 269
2840.908 274
2841.029 284
2841.151 285
2841.272 290
2841.393 285
2841.514 277
2841.636 277
2841.757 279
2841.878 275
2842.000 270
2842.121 263
2842.242 255
2842.364 255
2842.485 253
2842.606 253
2842.728 256
2842.849 253
2842.970 252
2843.092 251
2843.213 246
2843.335 248
2843.456 246
2843.577 245
2843.699 246
2843.820 252
2843.941 258
2844.063 258
2844.184 268
2844.305 265
2844.427 264
2844.548 265
2844.670 259
2844.791 258
2844.912 258
2845.034 256
2845.155 252
2845.277 243
2845.398 231
2845.519 220
2845.641 210
2845.762 206
2845.884 200
2846.005 205
2846.126 208
2846.248 212
2846.369 219
2846.491 221
2846.612 215
2846.734 215
2846.855 212
2846.976 212
2847.098 212
2847.219 207
2847.341 199
2847.462 194
2847.584 181
2847.705 182
2847.827 179
2847.948 184
2848.069 187
2848.191 189
2848.312 195
2848.434 196
2848.555 191
2848.677 186
2848.798 184
2848.920 175
2849.041 174
2849.163 172
2849.284 164
2849.406 167
2849.527 167
2849.649 170
2849.770 176
2849.892 186
2850.013 194
2850.135 201
2850.256 211
2850.378 211
2850.499 214
2850.621 206
2850.742 197
2850.864 193
2850.985 186
2851.107 184
2851.228 185
2851.350 184
2851.471 175
2851.593 181
2851.714 193
2851.836 198
2851.958 196
2852.079 194
2852.201 193
2852.322 192
2852.444 187
2852.565 183
2852.687 177
2852.808 179
2852.930 173
2853.052 181
2853.173 194
2853.295 198
2853.416 208
2853.538 217
2853.659 226
2853.781 234
2853.903 247
2854.024 242
2854.146 234
2854.267 229
2854.389 228
2854.511 221
2854.632 212
2854.754 208
2854.875 199
2854.997 205
2855.119 212
2855.240 212
2855.362 212
2855.483 216
2855.605 220
2855.727 227
2855.848 239
2855.970 237
2856.092 234
2856.213 234
2856.335 233
2856.457 232
2856.578 231
2856.700 229
2856.821 231
2856.943 238
2857.065 246
2857.186 249
2857.308 250
2857.430 246
2857.551 240
2857.673 230
2857.795 217
2857.916 216
2858.038 212
2858.160 218
2858.281 224
2858.403 225
2858.525 230
2858.647 236
2858.768 241
2858.890 242
2859.012 242
2859.133 245
2859.255 249
2859.377 253
2859.498 258
2859.620 261
2859.742 267
2859.864 275
2859.985 288
2860.107 291
2860.229 301
2860.350 302
2860.472 299
2860.594 293
2860.716 285
2860.837 287
2860.959 288
2861.081 289
2861.203 291
2861.324 290
2861.446 287
2861.568 298
2861.690 307
2861.811 316
2861.933 329
2862.055 338
2862.177 353
2862.298 349
2862.420 348
2862.542 344
2862.664 327
2862.786 319
2862.907 310
2863.029 309
2863.151 307
2863.273 304
2863.394 304
2863.516 300
2863.638 294
2863.760 300
2863.882 306
2864.003 305
2864.125 304
2864.247 300
2864.369 294
2864.491 287
2864.613 288
2864.734 284
2864.856 279
2864.978 281
2865.100 284
2865.222 290
2865.344 293
2865.465 297
2865.587 306
2865.709 303
2865.831 304
2865.953 307
2866.075 314
2866.196 309
2866.318 303
2866.440 284
2866.562 266
2866.684 256
2866.806 243
2866.928 238
2867.050 232
2867.171 230
2867.293 231
2867.415 228
2867.537 233
2867.659 229
2867.781 227
2867.903 228
2868.025 229
2868.146 225
2868.268 224
2868.390 217
2868.512 205
2868.634 204
2868.756 198
2868.878 199
2869.000 198
2869.122 202
2869.244 207
2869.366 209
2869.488 213
2869.609 214
2869.731 213
2869.853 214
2869.975 215
2870.097 217
2870.219 216
2870.341 218
2870.463 212
2870.585 206
2870.707 199
2870.829 200
2870.951 202
2871.073 202
2871.195 203
2871.317 195
2871.439 190
2871.561 189
2871.683 190
2871.805 194
2871.927 198
2872.049 202
2872.171 207
2872.293 206
2872.415 203
2872.537 195
2872.659 187
2872.781 183
2872.903 174
2873.025 178
2873.147 188
2873.269 189
2873.391 193
2873.513 193
2873.635 190
2873.757 194
2873.879 198
2874.001 195
2874.123 192
2874.245 184
2874.367 173
2874.489 171
2874.611 167
2874.733 168
2874.855 167
2874.977 170
2875.099 172
2875.221 175
2875.343 186
2875.465 188
2875.587 190
2875.709 194
2875.831 196
2875.953 191
2876.075 184
2876.198 179
2876.320 173
2876.442 174
2876.564 173
2876.686 175
2876.808 175
2876.930 171
2877.052 165
2877.174 159
2877.296 152
2877.418 158
2877.541 161
2877.663 169
2877.785 179
2877.907 183
2878.029 191
2878.151 189
2878.273 193
2878.395 195
2878.517 193
2878.640 198
2878.762 200
2878.884 194
2879.006 190
2879.128 183
2879.250 178
2879.372 178
2879.494 177
2879.617 177
2879.739 174
2879.861 174
2879.983 173
2880.105 176
2880.227 181
2880.350 190
2880.472 205
2880.594 211
2880.716 218
2880.838 218
2880.960 217
2881.083 216
2881.205 218
2881.327 218
2881.449 216
2881.571 218
2881.694 215
2881.816 215
2881.938 217
2882.060 213
2882.182 204
2882.305 207
2882.427 206
2882.549 211
2882.671 224
2882.793 230
2882.916 236
2883.038 238
2883.160 239
2883.282 241
2883.404 246
2883.527 244
2883.649 242
2883.771 237
2883.893 228
2884.016 226
2884.138 234
2884.260 232
2884.382 230
2884.505 230
2884.627 221
2884.749 233
2884.871 244
2884.994 259
2885.116 275
2885.238 286
2885.360 299
2885.483 309
2885.605 321
2885.727 326
2885.850 331
2885.972 328
2886.094 333
2886.216 327
2886.339 319
2886.461 313
2886.583 307
2886.706 308
2886.828 309
2886.950 317
2887.073 325
2887.195 326
2887.317 327
2887.440 321
2887.562 315
2887.684 311
2887.806 308
2887.929 301
2888.051 288
2888.173 289
2888.296 286
2888.418 287
2888.540 293
2888.663 290
2888.785 287
2888.908 292
2889.030 289
2889.152 291
2889.275 294
2889.397 291
2889.519 282
2889.642 281
2889.764 281
2889.886 278
2890.009 276
2890.131 264
2890.254 256
2890.376 246
2890.498 229
2890.621 228
2890.743 225
2890.865 224
2890.988 225
2891.110 226
2891.233 227
2891.355 232
2891.477 238
2891.600 241
2891.722 247
2891.845 246
2891.967 240
2892.089 240
2892.212 237
2892.334 242
2892.457 244
2892.579 250
2892.702 262
2892.824 264
2892.946 269
2893.069 263
2893.191 259
2893.314 250
2893.436 235
2893.559 233
2893.681 226
2893.804 230
2893.926 228
2894.049 224
2894.171 214
2894.293 206
2894.416 198
2894.538 199
2894.661 203
2894.783 203
2894.906 212
2895.028 207
2895.151 199
2895.273 199
2895.396 197
2895.518 196
2895.641 195
2895.763 191
2895.886 189
2896.008 191
2896.131 190
2896.253 194
2896.376 200
2896.498 198
2896.621 193
2896.743 192
2896.866 192
2896.988 195
2897.111 197
2897.233 200
2897.356 205
2897.478 207
2897.601 214
2897.724 211
2897.846 217
2897.969 213
2898.091 211
2898.214 207
2898.336 194
2898.459 194
2898.581 191
2898.704 192
2898.827 187
2898.949 190
2899.072 188
2899.194 190
2899.317 192
2899.439 194
2899.562 200
2899.685 202
2899.807 202
2899.930 198
2900.052 195
2900.175 193
2900.297 184
2900.420 184
2900.543 185
2900.665 181
2900.788 177
2900.910 178
2901.033 175
2901.156 178
2901.278 182
2901.401 179
2901.524 175
2901.646 171
2901.769 168
2901.891 179
2902.014 185
2902.137 195
2902.259 217
2902.382 220
2902.505 227
2902.627 228
2902.750 225
2902.873 221
2902.995 217
2903.118 211
2903.241 206
2903.363 203
2903.486 194
2903.609 196
2903.731 200
2903.854 209
2903.977 221
2904.099 225
2904.222 233
2904.345 225
2904.467 220
2904.590 216
2904.713 197
2904.835 193
2904.958 188
2905.081 189
2905.203 179
2905.326 190
2905.449 202
2905.572 210
2905.694 218
2905.817 222
2905.940 229
2906.062 233
2906.185 239
2906.308 235
2906.431 232
2906.553 231
2906.676 229
2906.799 224
2906.922 222
2907.044 216
2907.167 214
2907.290 218
2907.413 220
2907.535 229
2907.658 232
2907.781 234
2907.904 238
2908.026 237
2908.149 236
2908.272 233
2908.395 232
2908.517 233
2908.640 228
2908.763 238
2908.886 250
2909.008 264
2909.131 280
2909.254 286
2909.377 295
2909.500 298
2909.622 305
2909.745 303
2909.868 297
2909.991 293
2910.114 286
2910.236 280
2910.359 276
2910.482 278
2910.605 283
2910.728 290
2910.851 300
2910.973 307
2911.096 307
2911.219 311
2911.342 319
2911.465 318
2911.588 325
2911.710 324
2911.833 319
2911.956 316
2912.079 310
2912.202 302
2912.325 292
2912.447 289
2912.570 278
2912.693 270
2912.816 262
2912.939 252
2913.062 243
2913.185 248
2913.308 253
2913.430 257
2913.553 266
2913.676 263
2913.799 262
2913.922 256
2914.045 252
2914.168 246
2914.291 238
2914.414 236
2914.536 230
2914.659 230
2914.782 230
2914.905 231
2915.028 236
2915.151 231
2915.274 224
2915.397 220
2915.520 211
2915.643 213
2915.766 213
2915.889 215
2916.012 219
2916.134 223
2916.257 229
2916.380 236
2916.503 243
2916.626 237
2916.749 230
2916.872 221
2916.995 211
2917.118 215
2917.241 216
2917.364 221
2917.487 229
2917.610 228
2917.733 226
2917.856 226
2917.979 227
2918.102 221
2918.225 213
2918.348 211
2918.471 206
2918.594 205
2918.717 204
2918.840 199
2918.963 194
2919.086 191
2919.209 189
2919.332 181
2919.455 177
2919.578 176
2919.701 169
2919.824 171
2919.947 174
2920.070 179
2920.193 185
2920.316 191
2920.439 206
2920.562 205
2920.685 209
2920.808 205
2920.931 194
2921.054 189
2921.177 182
2921.300 176
2921.423 167
2921.546 171
2921.669 171
2921.792 174
2921.915 183
2922.039 187
2922.162 188
2922.285 193
2922.408 194
2922.531 196
2922.654 197
2922.777 193
2922.900 181
2923.023 170
2923.146 158
2923.269 153
2923.392 155
2923.516 157
2923.639 164
2923.762 167
2923.885 161
2924.008 164
2924.131 165
2924.254 167
2924.377 164
2924.500 167
2924.624 169
2924.747 170
2924.870 177
2924.993 178
2925.116 179
2925.239 179
2925.362 176
2925.485 169
2925.609 164
2925.732 162
2925.855 157
2925.978 160
2926.101 164
2926.224 169
2926.348 168
2926.471 174
2926.594 183
2926.717 189
2926.840 197
2926.963 205
2927.087 214
2927.210 225
2927.333 229
2927.456 225
2927.579 220
2927.702 213
2927.826 206
2927.949 198
2928.072 192
2928.195 188
2928.318 176
2928.442 185
2928.565 192
2928.688 204
2928.811 219
2928.934 218
2929.058 219
2929.181 215
2929.304 210
2929.427 207
2929.551 202
2929.674 199
2929.797 197
2929.920 203
2930.043 211
2930.167 223
2930.290 230
2930.413 228
2930.536 228
2930.660 228
2930.783 234
2930.906 229
2931.029 229
2931.153 222
2931.276 215
2931.399 210
2931.523 206
2931.646 202
2931.769 201
2931.892 213
2932.016 220
2932.139 227
2932.262 237
2932.385 238
2932.509 242
2932.632 247
2932.755 254
2932.879 254
2933.002 252
2933.125 256
2933.249 259
2933.372 264
2933.495 273
2933.619 271
2933.742 271
2933.865 272
2933.988 270
2934.112 273
2934.235 278
2934.358 278
2934.482 275
2934.605 277
2934.728 271
2934.852 276
2934.975 286
2935.098 288
2935.222 297
2935.345 298
2935.469 303
2935.592 301
2935.715 295
2935.839 284
2935.962 274
2936.085 265
2936.209 243
2936.332 247
2936.455 248
2936.579 252
2936.702 259
2936.826 262
2936.949 264
2937.072 266
2937.196 276
2937.319 281
2937.443 288
2937.566 293
2937.689 295
2937.813 285
2937.936 278
2938.060 265
2938.183 249
2938.306 242
2938.430 233
2938.553 230
2938.677 225
2938.800 224
2938.924 221
2939.047 217
2939.170 216
2939.294 221
2939.417 224
2939.541 231
2939.664 235
2939.788 237
2939.911 245
2940.035 247
2940.158 237
2940.281 233
2940.405 227
2940.528 225
2940.652 226
2940.775 214
2940.899 202
2941.022 190
2941.146 175
2941.269 180
2941.393 186
2941.516 192
2941.640 195
2941.763 196
2941.887 194
2942.010 194
2942.134 196
2942.257 203
2942.381 208
2942.504 209
2942.628 213
2942.751 206
2942.875 194
2942.998 190
2943.122 190
2943.245 188
2943.369 180
2943.492 176
2943.616 174
2943.739 172
2943.863 172
2943.986 173
2944.110 171
2944.233 173
2944.357 178
2944.481 176
2944.604 168
2944.728 167
2944.851 166
2944.975 169
2945.098 173
2945.222 179
2945.345 188
2945.469 194
2945.593 195
2945.716 199
2945.840 204
2945.963 198
2946.087 187
2946.211 178
2946.334 169
2946.458 165
2946.581 171
2946.705 172
2946.828 175
2946.952 178
2947.076 188
2947.199 186
2947.323 189
2947.447 191
2947.570 187
2947.694 194
2947.817 201
2947.941 203
2948.065 206
2948.188 197
2948.312 190
2948.436 179
2948.559 162
2948.683 160
2948.806 157
2948.930 161
2949.054 167
2949.177 170
2949.301 173
2949.425 179
2949.548 186
2949.672 184
2949.796 183
2949.919 182
2950.043 175
2950.167 174
2950.290 177
2950.414 175
2950.538 174
2950.661 180
2950.785 186
2950.909 189
2951.032 200
2951.156 200
2951.280 202
2951.403 202
2951.527 204
2951.651 207
2951.775 211
2951.898 212
2952.022 214
2952.146 209
2952.269 205
2952.393 202
2952.517 193
2952.641 192
2952.764 187
2952.888 183
2953.012 185
2953.136 180
2953.259 178
2953.383 178
2953.507 172
2953.630 179
2953.754 190
2953.878 197
2954.002 212
2954.125 212
2954.249 213
2954.373 212
2954.497 209
2954.621 210
2954.744 209
2954.868 205
2954.992 203
2955.116 199
2955.239 200
2955.363 198
2955.487 201
2955.611 201
2955.735 198
2955.858 203
2955.982 208
2956.106 209
2956.230 209
2956.354 200
2956.477 194
2956.601 194
2956.725 195
2956.849 205
2956.973 216
2957.096 222
2957.220 232
2957.344 240
2957.468 246
2957.592 261
2957.716 280
2957.839 291
2957.963 306
2958.087 298
2958.211 289
2958.335 280
2958.459 271
2958.582 265
2958.706 257
2958.830 254
2958.954 244
2959.078 244
2959.202 246
2959.326 248
2959.449 246
2959.573 258
2959.697 267
2959.821 274
2959.945 288
2960.069 280
2960.193 269
2960.317 261
2960.441 249
2960.564 244
2960.688 236
2960.812 236
2960.936 238
2961.060 242
2961.184 248
2961.308 253
2961.432 251
2961.556 256
2961.680 265
2961.804 267
2961.927 260
2962.051 256
2962.175 247
2962.299 243
2962.423 253
2962.547 250
2962.671 248
2962.795 246
2962.919 235
2963.043 235
2963.167 234
2963.291 229
2963.415 225
2963.539 223
2963.663 222
2963.787 224
2963.911 222
2964.035 217
2964.158 214
2964.282 211
2964.406 206
2964.530 206
2964.654 210
2964.778 208
2964.902 200
2965.026 198
2965.150 190
2965.274 189
2965.398 186
2965.522 194
2965.646 204
2965.770 211
2965.894 226
2966.018 228
2966.142 230
2966.266 230
2966.390 228
2966.514 225
2966.638 222
2966.762 218
2966.887 214
2967.011 214
2967.135 215
2967.259 219
2967.383 225
2967.507 225
2967.631 225
2967.755 217
2967.879 206
2968.003 200
2968.127 191
2968.251 183
2968.375 180
2968.499 185
2968.623 188
2968.747 197
2968.871 205
2968.995 203
2969.119 199
2969.244 195
2969.368 192
2969.492 195
2969.616 196
2969.740 193
2969.864 191
2969.988 187
2970.112 181
2970.236 178
2970.360 177
2970.485 166
2970.609 154
2970.733 150
2970.857 150
2970.981 156
2971.105 168
2971.229 171
2971.353 175
2971.477 177
2971.602 179
2971.726 175
2971.850 167
2971.974 163
2972.098 159
2972.222 159
2972.346 156
2972.471 153
2972.595 151
2972.719 147
2972.843 150
2972.967 148
2973.091 146
2973.216 142
2973.340 137
2973.464 143
2973.588 144
2973.712 156
2973.836 176
2973.961 179
2974.085 184
2974.209 189
2974.333 185
2974.457 191
2974.581 196
2974.706 196
2974.830 194
2974.954 193
2975.078 192
2975.203 195
2975.327 193
2975.451 193
2975.575 191
2975.699 193
2975.824 194
2975.948 199
2976.072 206
2976.196 210
2976.320 218
2976.445 216
2976.569 215
2976.693 215
2976.817 204
2976.942 198
2977.066 187
2977.190 178
2977.314 172
2977.439 169
2977.563 171
2977.687 169
2977.811 167
2977.936 176
2978.060 186
2978.184 195
2978.309 207
2978.433 216
2978.557 219
2978.681 233
2978.806 248
2978.930 252
2979.054 260
2979.179 258
2979.303 263
2979.427 263
2979.551 264
2979.676 260
2979.800 260
2979.924 264
2980.049 268
2980.173 275
2980.297 282
2980.422 282
2980.546 282
2980.670 279
2980.795 286
2980.919 285
2981.043 282
2981.168 279
2981.292 277
2981.416 279
2981.541 281
2981.665 290
2981.789 299
2981.914 299
2982.038 299
2982.162 305
2982.287 306
2982.411 306
2982.535 309
2982.660 300
2982.784 289
2982.909 280
2983.033 271
2983.157 268
2983.282 273
2983.406 276
2983.530 284
2983.655 287
2983.779 285
2983.904 283
2984.028 280
2984.152 277
2984.277 273
2984.401 267
2984.526 266
2984.650 257
2984.774 247
2984.899 248
2985.023 251
2985.148 247
2985.272 243
2985.397 247
2985.521 250
2985.645 255
2985.770 269
2985.894 268
2986.019 266
2986.143 268
2986.268 264
2986.392 267
2986.516 268
2986.641 266
2986.765 269
2986.890 261
2987.014 255
2987.139 250
2987.263 237
2987.388 230
2987.512 222
2987.637 216
2987.761 206
2987.886 203
2988.010 196
2988.135 195
2988.259 192
2988.384 196
2988.508 205
2988.632 207
2988.757 216
2988.881 219
2989.006 223
2989.130 220
2989.255 211
2989.380 211
2989.504 207
2989.629 212
2989.753 210
2989.878 211
2990.002 213
2990.127 215
2990.251 211
2990.376 211
2990.500 209
2990.625 200
2990.749 193
2990.874 185
2990.998 176
2991.123 174
2991.247 168
2991.372 167
2991.497 170
2991.621 175
2991.746 177
2991.870 184
2991.995 194
2992.119 198
2992.244 199
2992.369 193
2992.493 185
2992.618 180
2992.742 174
2992.867 180
2992.991 188
2993.116 192
2993.241 203
2993.365 202
2993.490 201
2993.614 203
2993.739 192
2993.864 191
2993.988 191
2994.113 189
2994.237 183
2994.362 185
2994.487 184
2994.611 187
2994.736 188
2994.861 190
2994.985 195
2995.110 196
2995.234 213
2995.359 217
2995.484 221
2995.608 220
2995.733 217
2995.858 214
2995.982 215
2996.107 212
2996.232 214
2996.356 206
2996.481 197
2996.606 192
2996.730 190
2996.855 192
2996.980 194
2997.104 190
2997.229 179
2997.354 177
2997.478 168
2997.603 171
2997.728 175
2997.852 167
2997.977 163
2998.102 158
2998.227 155
2998.351 163
2998.476 174
2998.601 185
2998.725 193
2998.850 193
2998.975 192
2999.099 186
2999.224 175
2999.349 173
2999.474 175
2999.598 171
2999.723 170
2999.848 166
2999.973 161
3000.097 160
3000.222 160
3000.347 157
3000.472 159
3000.596 164
3000.721 167
3000.846 172
3000.971 179
3001.095 178
3001.220 187
3001.345 187
3001.470 190
3001.594 189
3001.719 189
3001.844 187
3001.969 186
3002.093 185
3002.218 186
3002.343 198
3002.468 207
3002.593 220
3002.717 232
3002.842 225
3002.967 222
3003.092 215
3003.217 206
3003.341 209
3003.466 217
3003.591 222
3003.716 225
3003.841 230
3003.966 233
3004.090 241
3004.215 250
3004.340 253
3004.465 257
3004.590 260
3004.714 266
3004.839 271
3004.964 276
3005.089 274
3005.214 278
3005.339 273
3005.464 269
3005.588 268
3005.713 269
3005.838 273
3005.963 281
3006.088 284
3006.213 291
3006.338 292
3006.462 292
3006.587 293
3006.712 295
3006.837 294
3006.962 292
3007.087 284
3007.212 274
3007.337 281
3007.462 289
3007.586 295
3007.711 302
3007.836 292
3007.961 285
3008.086 281
3008.211 271
3008.336 269
3008.461 269
3008.586 263
3008.711 255
3008.836 254
3008.961 253
3009.085 250
3009.210 253
3009.335 256
3009.460 258
3009.585 259
3009.710 268
3009.835 262
3009.960 256
3010.085 248
3010.210 237
3010.335 233
3010.460 226
3010.585 224
3010.710 222
3010.835 222
3010.960 223
3011.085 222
3011.210 217
3011.335 217
3011.460 217
3011.585 215
3011.710 209
3011.835 201
3011.960 195
3012.085 196
3012.210 189
3012.335 195
3012.460 202
3012.585 201
3012.710 208
3012.835 207
3012.960 200
3013.085 200
3013.210 197
3013.335 201
3013.460 205
3013.585 215
3013.710 228
3013.835 225
3013.960 225
3014.085 220
3014.210 214
3014.335 215
3014.460 216
3014.585 217
3014.710 221
3014.835 218
3014.960 210
3015.085 211
3015.210 204
3015.335 207
3015.460 208
3015.585 207
3015.711 214
3015.836 214
3015.961 207
3016.086 208
3016.211 206
3016.336 206
3016.461 213
3016.586 213
3016.711 210
3016.836 204
3016.961 193
3017.086 188
3017.212 175
3017.337 173
3017.462 173
3017.587 171
3017.712 179
3017.837 178
3017.962 174
3018.087 174
3018.213 171
3018.338 177
3018.463 186
3018.588 193
3018.713 204
3018.838 203
3018.963 201
3019.088 198
3019.214 187
3019.339 184
3019.464 179
3019.589 172
3019.714 167
3019.839 173
3019.965 178
3020.090 191
3020.215 207
3020.340 207
3020.465 204
3020.590 202
3020.716 199
3020.841 198
3020.966 201
3021.091 195
3021.216 189
3021.341 182
3021.467 175
3021.592 168
3021.717 152
3021.842 156
3021.967 163
3022.093 166
3022.218 178
3022.343 179
3022.468 176
3022.594 179
3022.719 179
3022.844 181
3022.969 179
3023.094 177
3023.220 176
3023.345 175
3023.470 180
3023.595 189
3023.721 194
3023.846 198
3023.971 204
3024.096 201
3024.222 201
3024.347 196
3024.472 190
3024.597 187
3024.723 186
3024.848 190
3024.973 192
3025.098 201
3025.224 210
3025.349 215
3025.474 219
3025.600 220
3025.725 222
3025.850 216
3025.975 210
3026.101 205
3026.226 196
3026.351 194
3026.477 192
3026.602 192
3026.727 183
3026.852 183
3026.978 181
3027.103 181
3027.228 186
3027.354 197
3027.479 211
3027.604 225
3027.730 242
3027.855 245
3027.980 247
3028.106 251
3028.231 255
3028.356 255
3028.482 258
3028.607 252
3028.732 247
3028.858 245
3028.983 244
3029.108 246
3029.234 252
3029.359 255
3029.485 259
3029.610 259
3029.735 254
3029.861 251
3029.986 246
3030.111 246
3030.237 239
3030.362 235
3030.488 228
3030.613 225
3030.738 220
3030.864 218
3030.989 217
3031.115 215
3031.240 212
3031.365 219
3031.491 226
3031.616 234
3031.742 241
3031.867 240
3031.992 242
3032.118 242
3032.243 239
3032.369 243
3032.494 245
3032.619 249
3032.745 251
3032.870 252
3032.996 249
3033.121 249
3033.247 250
3033.372 252
3033.498 254
3033.623 253
3033.748 242
3033.874 238
3033.999 229
3034.125 226
3034.250 222
3034.376 216
3034.501 209
3034.627 203
3034.752 193
3034.878 194
3035.003 194
3035.129 190
3035.254 181
3035.380 181
3035.505 176
3035.631 178
3035.756 179
3035.882 179
3036.007 177
3036.133 179
3036.258 177
3036.384 175
3036.509 177
3036.635 175
3036.760 178
3036.886 179
3037.011 179
3037.137 179
3037.262 179
3037.388 179
3037.513 181
3037.639 184
3037.764 185
3037.890 189
3038.015 196
3038.141 200
3038.267 203
3038.392 196
3038.518 188
3038.643 181
3038.769 172
3038.894 167
3039.020 161
3039.145 155
3039.271 149
3039.397 150
3039.522 152
3039.648 154
3039.773 161
3039.899 163
3040.025 164
3040.150 170
3040.276 172
3040.401 183
3040.527 193
3040.653 191
3040.778 196
3040.904 192
3041.029 185
3041.155 187
3041.281 189
3041.406 190
3041.532 191
3041.657 192
3041.783 185
3041.909 185
3042.034 182
3042.160 181
3042.286 179
3042.411 183
3042.537 182
3042.662 186
3042.788 197
3042.914 201
3043.039 208
3043.165 214
3043.291 214
3043.416 213
3043.542 210
3043.668 208
3043.793 197
3043.919 190
3044.045 185
3044.170 183
3044.296 177
3044.422 176
3044.547 181
3044.673 176
3044.799 170
3044.924 170
3045.050 168
3045.176 167
3045.302 160
3045.427 161
3045.553 158
3045.679 155
3045.804 157
3045.930 156
3046.056 149
3046.182 150
3046.307 148
3046.433 149
3046.559 154
3046.684 158
3046.810 166
3046.936 170
3047.062 175
3047.187 180
3047.313 191
3047.439 196
3047.565 204
3047.690 202
3047.816 199
3047.942 194
3048.068 187
3048.193 184
3048.319 183
3048.445 176
3048.571 169
3048.696 165
3048.822 155
3048.948 156
3049.074 159
3049.200 157
3049.325 153
3049.451 160
3049.577 165
3049.703 170
3049.828 179
3049.954 183
3050.080 184
3050.206 196
3050.332 205
3050.457 209
3050.583 220
3050.709 218
3050.835 216
3050.961 220
3051.087 222
3051.212 227
3051.338 245
3051.464 241
3051.590 239
3051.716 234
3051.842 220
3051.967 217
3052.093 211
3052.219 206
3052.345 189
3052.471 188
3052.597 185
3052.722 187
3052.848 195
3052.974 195
3053.100 199
3053.226 201
3053.352 203
3053.478 208
3053.604 215
3053.729 225
3053.855 239
3053.981 245
3054.107 248
3054.233 253
3054.359 247
3054.485 245
3054.611 241
3054.737 235
3054.862 229
3054.988 234
3055.114 241
3055.240 247
3055.366 260
3055.492 266
3055.618 268
3055.744 270
3055.870 278
3055.996 272
3056.122 262
3056.248 255
3056.373 237
3056.499 237
3056.625 237
3056.751 235
3056.877 229
3057.003 230
3057.129 226
3057.255 226
3057.381 230
3057.507 221
3057.633 210
3057.759 204
3057.885 202
3058.011 199
3058.137 195
3058.263 194
3058.389 192
3058.515 199
3058.641 204
3058.767 210
3058.893 215
3059.019 219
3059.145 228
3059.271 227
3059.397 228
3059.523 223
3059.649 217
3059.775 220
3059.901 217
3060.027 221
3060.153 224
3060.279 228
3060.405 236
3060.531 232
3060.657 230
3060.783 227
3060.909 212
3061.035 208
3061.161 205
3061.287 203
3061.413 200
3061.539 202
3061.665 204
3061.791 196
3061.917 196
3062.043 188
3062.169 177
3062.295 175
3062.421 170
3062.547 166
3062.673 159
3062.800 161
3062.926 158
3063.052 154
3063.178 157
3063.304 151
3063.430 148
3063.556 150
3063.682 150
3063.808 153
3063.934 159
3064.060 159
3064.186 158
3064.313 158
3064.439 164
3064.565 167
3064.691 174
3064.817 176
3064.943 179
3065.069 181
3065.195 183
3065.321 180
3065.448 173
3065.574 166
3065.700 157
3065.826 153
3065.952 147
3066.078 147
3066.204 146
3066.330 152
3066.457 159
3066.583 165
3066.709 170
3066.835 169
3066.961 172
3067.087 174
3067.214 178
3067.340 180
3067.466 181
3067.592 178
3067.718 171
3067.844 170
3067.971 172
3068.097 177
3068.223 183
3068.349 184
3068.475 192
3068.602 185
3068.728 182
3068.854 175
3068.980 165
3069.106 166
3069.233 174
3069.359 176
3069.485 172
3069.611 173
3069.737 170
3069.864 171
3069.990 175
3070.116 172
3070.242 165
3070.368 162
3070.495 162
3070.621 168
3070.747 174
3070.873 179
3071.000 180
3071.126 183
3071.252 188
3071.378 193
3071.505 195
3071.631 190
3071.757 185
3071.883 181
3072.010 178
3072.136 181
3072.262 186
3072.388 183
3072.515 179
3072.641 182
3072.767 182
3072.894 188
3073.020 192
3073.146 186
3073.272 180
3073.399 179
3073.525 171
3073.651 175
3073.778 181
3073.904 180
3074.030 184
3074.157 191
3074.283 199
3074.409 203
3074.535 213
3074.662 210
3074.788 206
3074.914 205
3075.041 204
3075.167 204
3075.293 200
3075.420 200
3075.546 201
3075.672 196
3075.799 193
3075.925 188
3076.051 176
3076.178 178
3076.304 180
3076.431 187
3076.557 198
3076.683 197
3076.810 202
3076.936 201
3077.062 203
3077.189 209
3077.315 214
3077.441 217
3077.568 221
3077.694 233
3077.821 246
3077.947 257
3078.073 262
3078.200 259
3078.326 256
3078.453 253
3078.579 257
3078.705 253
3078.832 250
3078.958 250
3079.085 246
3079.211 248
3079.337 252
3079.464 253
3079.590 256
3079.717 262
3079.843 267
3079.970 267
3080.096 267
3080.222 261
3080.349 256
3080.475 252
3080.602 249
3080.728 248
3080.855 249
3080.981 249
3081.108 250
3081.234 247
3081.360 243
3081.487 239
3081.613 234
3081.740 235
3081.866 237
3081.993 243
3082.119 256
3082.246 264
3082.372 271
3082.499 267
3082.625 268
3082.752 253
3082.878 236
3083.005 224
3083.131 203
3083.258 196
3083.384 190
3083.511 190
3083.637 186
3083.764 185
3083.890 179
3084.017 175
3084.143 166
3084.270 167
3084.396 174
3084.523 178
3084.649 182
3084.776 181
3084.902 177
3085.029 174
3085.155 166
3085.282 170
3085.409 174
3085.535 177
3085.662 183
3085.788 184
3085.915 190
3086.041 190
3086.168 191
3086.294 187
3086.421 178
3086.548 175
3086.674 164
3086.801 164
3086.927 163
3087.054 165
3087.180 166
3087.307 166
3087.434 169
3087.560 167
3087.687 169
3087.813 166
3087.940 164
3088.067 164
3088.193 154
3088.320 156
3088.446 155
3088.573 158
3088.700 163
3088.826 162
3088.953 163
3089.079 158
3089.206 153
3089.333 153
3089.459 151
3089.586 156
3089.713 160
3089.839 159
3089.966 157
3090.093 150
3090.219 140
3090.346 139
3090.472 135
3090.599 136
3090.726 146
3090.852 148
3090.979 154
3091.106 156
3091.232 157
3091.359 159
3091.486 164
3091.612 165
3091.739 171
3091.866 170
3091.992 169
3092.119 169
3092.246 167
3092.373 160
3092.499 150
3092.626 147
3092.753 144
3092.879 153
3093.006 164
3093.133 165
3093.259 169
3093.386 177
3093.513 184
3093.640 192
3093.766 208
3093.893 203
3094.020 193
3094.147 191
3094.273 181
3094.400 177
3094.527 175
3094.653 175
3094.780 165
3094.907 164
3095.034 159
3095.160 154
3095.287 148
3095.414 153
3095.541 160
3095.667 165
3095.794 159
3095.921 160
3096.048 161
3096.175 161
3096.301 160
3096.428 158
3096.555 154
3096.682 151
3096.808 150
3096.935 152
3097.062 157
3097.189 161
3097.316 166
3097.442 166
3097.569 169
3097.696 167
3097.823 169
3097.950 169
3098.076 173
3098.203 173
3098.330 166
3098.457 168
3098.584 172
3098.710 172
3098.837 174
3098.964 175
3099.091 180
3099.218 184
3099.345 190
3099.471 189
3099.598 190
3099.725 184
3099.852 180
3099.979 184
3100.106 184
3100.233 189
3100.359 201
3100.486 205
3100.613 205
3100.740 211
3100.867 214
3100.994 211
3101.121 212
3101.248 216
3101.374 217
3101.501 223
3101.628 228
3101.755 233
3101.882 239
3102.009 246
3102.136 251
3102.263 249
3102.390 245
3102.516 244
3102.643 244
3102.770 251
3102.897 250
3103.024 250
3103.151 251
3103.278 250
3103.405 255
3103.532 257
3103.659 261
3103.786 260
3103.913 259
3104.039 254
3104.166 249
3104.293 241
3104.420 231
3104.547 231
3104.674 226
3104.801 222
3104.928 213
3105.055 216
3105.182 215
3105.309 226
3105.436 235
3105.563 240
3105.690 245
3105.817 249
3105.944 255
3106.071 249
3106.198 244
3106.325 239
3106.452 230
3106.579 232
3106.706 236
3106.833 236
3106.960 243
3107.087 238
3107.214 236
3107.341 231
3107.468 224
3107.595 223
3107.722 220
3107.849 220
3107.976 218
3108.103 210
3108.230 203
3108.357 196
3108.484 188
3108.611 188
3108.738 192
3108.865 187
3108.992 180
3109.119 185
3109.246 187
3109.373 192
3109.500 194
3109.627 192
3109.754 188
3109.881 188
3110.008 197
3110.135 200
3110.263 208
3110.390 209
3110.517 204
3110.644 201
3110.771 197
3110.898 198
3111.025 201
3111.152 201
3111.279 200
3111.406 196
3111.533 192
3111.660 191
3111.788 190
3111.915 185
3112.042 193
3112.169 192
3112.296 190
3112.423 192
3112.550 181
3112.677 180
3112.804 173
3112.932 176
3113.059 170
3113.186 178
3113.313 185
3113.440 189
3113.567 193
3113.694 194
3113.821 199
3113.949 197
3114.076 194
3114.203 190
3114.330 181
3114.457 176
3114.584 168
3114.712 160
3114.839 154
3114.966 149
3115.093 145
3115.220 146
3115.347 151
3115.475 157
3115.602 164
3115.729 165
3115.856 170
3115.983 170
3116.110 176
3116.238 179
3116.365 181
3116.492 177
3116.619 180
3116.746 174
3116.874 164
3117.001 162
3117.128 162
3117.255 163
3117.382 164
3117.510 168
3117.637 158
3117.764 157
3117.891 153
3118.019 151
3118.146 149
3118.273 156
3118.400 160
3118.528 162
3118.655 168
3118.782 161
3118.909 161
3119.037 157
3119.164 152
3119.291 154
3119.418 159
3119.546 162
3119.673 167
3119.800 170
3119.927 173
3120.055 179
3120.182 186
3120.309 192
3120.436 197
3120.564 195
3120.691 200
3120.818 196
3120.946 191
3121.073 188
3121.200 187
3121.327 187
3121.455 188
3121.582 190
3121.709 190
3121.837 187
3121.964 183
3122.091 182
3122.219 173
3122.346 174
3122.473 178
3122.601 176
3122.728 176
3122.855 181
3122.983 183
3123.110 188
3123.237 191
3123.365 189
3123.492 185
3123.619 189
3123.747 203
3123.874 206
3124.001 213
3124.129 215
3124.256 213
3124.383 212
3124.511 217
3124.638 211
3124.766 209
3124.893 208
3125.020 206
3125.148 204
3125.275 206
3125.402 204
3125.530 201
3125.657 203
3125.785 211
3125.912 219
3126.039 226
3126.167 231
3126.294 236
3126.422 232
3126.549 228
3126.676 228
3126.804 234
3126.931 235
3127.059 235
3127.186 233
3127.313 231
3127.441 236
3127.568 241
3127.696 249
3127.823 254
3127.951 257
3128.078 264
3128.205 263
3128.333 266
3128.460 266
3128.588 266
3128.715 265
3128.843 264
3128.970 258
3129.098 249
3129.225 244
3129.353 235
3129.480 235
3129.608 237
3129.735 239
3129.862 243
3129.990 249
3130.117 256
3130.245 252
3130.372 250
3130.500 238
3130.627 222
3130.755 218
3130.882 212
3131.010 210
3131.137 208
3131.265 200
3131.392 192
3131.520 186
3131.647 182
3131.775 180
3131.902 175
3132.030 177
3132.157 182
3132.285 186
3132.413 195
3132.540 192
3132.668 190
3132.795 186
3132.923 178
3133.050 185
3133.178 187
3133.305 188
3133.433 186
3133.560 180
3133.688 178
3133.816 173
3133.943 167
3134.071 170
3134.198 174
3134.326 178
3134.453 186
3134.581 186
3134.709 183
3134.836 189
3134.964 193
3135.091 189
3135.219 186
3135.346 180
3135.474 175
3135.602 172
3135.729 168
3135.857 161
3135.984 148
3136.112 147
3136.240 144
3136.367 147
3136.495 157
3136.622 163
3136.750 175
3136.878 182
3137.005 185
3137.133 179
3137.261 172
3137.388 165
3137.516 156
3137.644 158
3137.771 162
3137.899 161
3138.026 171
3138.154 172
3138.282 175
3138.409 179
3138.537 178
3138.665 178
3138.792 182
3138.920 173
3139.048 159
3139.175 157
3139.303 150
3139.431 157
3139.558 169
3139.686 168
3139.814 167
3139.941 162
3140.069 157
3140.197 161
3140.325 167
3140.452 174
3140.580 191
3140.708 197
3140.835 200
3140.963 200
3141.091 199
3141.218 195
3141.346 196
3141.474 191
3141.602 183
3141.729 182
3141.857 181
3141.985 181
3142.113 180
3142.240 177
3142.368 176
3142.496 175
3142.623 175
3142.751 171
3142.879 164
3143.007 163
3143.134 160
3143.262 166
3143.390 174
3143.518 177
3143.646 180
3143.773 175
3143.901 170
3144.029 164
3144.157 151
3144.284 153
3144.412 158
3144.540 157
3144.668 156
3144.795 155
3144.923 149
3145.051 151
3145.179 159
3145.307 155
3145.434 153
3145.562 149
3145.690 145
3145.818 149
3145.946 153
3146.074 159
3146.201 176
3146.329 179
3146.457 183
3146.585 180
3146.713 174
3146.840 179
3146.968 185
3147.096 194
3147.224 204
3147.352 210
3147.480 223
3147.607 228
3147.735 223
3147.863 218
3147.991 211
3148.119 209
3148.247 207
3148.375 200
3148.502 192
3148.630 184
3148.758 172
3148.886 173
3149.014 173
3149.142 172
3149.270 178
3149.398 181
3149.525 187
3149.653 190
3149.781 205
3149.909 210
3150.037 213
3150.165 216
3150.293 222
3150.421 226
3150.549 234
3150.677 240
3150.804 245
3150.932 247
3151.060 247
3151.188 252
3151.316 257
3151.444 255
3151.572 256
3151.700 251
3151.828 244
3151.956 243
3152.084 240
3152.212 243
3152.340 246
3152.468 241
3152.596 235
3152.723 234
3152.851 231
3152.979 231
3153.107 236
3153.235 237
3153.363 247
3153.491 246
3153.619 245
3153.747 243
3153.875 239
3154.003 235
3154.131 232
3154.259 233
3154.387 236
3154.515 242
3154.643 251
3154.771 251
3154.899 246
3155.027 232
3155.155 212
3155.283 207
3155.411 196
3155.539 195
3155.667 197
3155.795 196
3155.923 187
3156.051 185
3156.179 178
3156.307 176
3156.435 171
3156.563 171
3156.691 174
3156.819 174
3156.947 180
3157.075 184
3157.204 189
3157.332 188
3157.460 190
3157.588 187
3157.716 180
3157.844 179
3157.972 180
3158.100 182
3158.228 182
3158.356 187
3158.484 188
3158.612 186
3158.740 184
3158.868 179
3158.996 176
3159.125 170
3159.253 163
3159.381 161
3159.509 152
3159.637 157
3159.765 166
3159.893 166
3160.021 173
3160.149 172
3160.277 170
3160.406 164
3160.534 159
3160.662 158
3160.790 153
3160.918 156
3161.046 149
3161.174 156
3161.302 165
3161.431 169
3161.559 175
3161.687 174
3161.815 168
3161.943 170
3162.071 174
3162.199 168
3162.328 160
3162.456 156
3162.584 144
3162.712 148
3162.840 154
3162.968 154
3163.096 161
3163.225 161
3163.353 163
3163.481 162
3163.609 166
3163.737 172
3163.866 180
3163.994 185
3164.122 192
3164.250 188
3164.378 182
3164.507 185
3164.635 177
3164.763 171
3164.891 170
3165.019 161
3165.148 151
3165.276 152
3165.404 151
3165.532 152
3165.660 149
3165.789 150
3165.917 146
3166.045 143
3166.173 138
3166.302 134
3166.430 132
3166.558 131
3166.686 135
3166.815 144
3166.943 155
3167.071 165
3167.199 172
3167.328 169
3167.456 170
3167.584 164
3167.712 163
3167.841 162
3167.969 162
3168.097 158
3168.225 160
3168.354 168
3168.482 178
3168.610 191
3168.739 205
3168.867 200
3168.995 200
3169.123 190
3169.252 176
3169.380 171
3169.508 165
3169.637 171
3169.765 177
3169.893 184
3170.022 192
3170.150 191
3170.278 187
3170.406 186
3170.535 187
3170.663 183
3170.791 183
3170.920 180
3171.048 173
3171.176 181
3171.305 184
3171.433 188
3171.561 193
3171.690 191
3171.818 189
3171.947 194
3172.075 202
3172.203 209
3172.332 220
3172.460 216
3172.588 214
3172.717 213
3172.845 201
3172.973 198
3173.102 193
3173.230 189
3173.359 187
3173.487 198
3173.615 213
3173.744 223
3173.872 243
3174.000 240
3174.129 240
3174.257 237
3174.386 238
3174.514 242
3174.643 245
3174.771 246
3174.899 251
3175.028 243
3175.156 231
3175.285 227
3175.413 221
3175.541 221
3175.670 222
3175.798 219
3175.927 218
3176.055 223
3176.184 225
3176.312 228
3176.440 227
3176.569 225
3176.697 222
3176.826 225
3176.954 227
3177.083 231
3177.211 235
3177.340 234
3177.468 237
3177.597 230
3177.725 222
3177.854 215
3177.982 203
3178.111 203
3178.239 201
3178.367 205
3178.496 206
3178.624 219
3178.753 230
3178.881 240
3179.010 254
3179.138 251
3179.267 246
3179.395 245
3179.524 238
3179.652 240
3179.781 237
3179.910 231
3180.038 234
3180.167 224
3180.295 213
3180.424 210
3180.552 196
3180.681 198
3180.809 198
3180.938 200
3181.066 210
3181.195 212
3181.323 215
3181.452 217
3181.580 220
3181.709 216
3181.838 208
3181.966 198
3182.095 182
3182.223 176
3182.352 169
3182.480 172
3182.609 173
3182.738 172
3182.866 174
3182.995 169
3183.123 163
3183.252 167
3183.380 170
3183.509 173
3183.638 181
3183.766 177
3183.895 173
3184.023 168
3184.152 163
3184.281 158
3184.409 151
3184.538 150
3184.667 144
3184.795 148
3184.924 149
3185.052 151
3185.181 149
3185.310 158
3185.438 166
3185.567 172
3185.696 182
3185.824 182
3185.953 180
3186.081 184
3186.210 178
3186.339 171
3186.467 163
3186.596 162
3186.725 158
3186.853 162
3186.982 171
3187.111 173
3187.239 178
3187.368 183
3187.497 191
3187.625 185
3187.754 181
3187.883 181
3188.011 181
3188.140 188
3188.269 199
3188.398 197
3188.526 198
3188.655 193
3188.784 184
3188.912 179
3189.041 174
3189.170 171
3189.298 168
3189.427 166
3189.556 166
3189.685 162
3189.813 151
3189.942 150
3190.071 153
3190.200 157
3190.328 147
3190.457 149
3190.586 156
3190.714 156
3190.843 151
3190.972 147
3191.101 140
3191.229 134
3191.358 133
3191.487 131
3191.616 128
3191.744 135
3191.873 141
3192.002 146
3192.131 156
3192.260 153
3192.388 155
3192.517 156
3192.646 156
3192.775 155
3192.903 151
3193.032 152
3193.161 150
3193.290 155
3193.419 166
3193.547 165
3193.676 167
3193.805 165
3193.934 162
3194.063 163
3194.191 164
3194.320 166
3194.449 167
3194.578 172
3194.707 172
3194.836 172
3194.964 161
3195.093 162
3195.222 167
3195.351 173
3195.480 181
3195.609 188
3195.737 190
3195.866 197
3195.995 204
3196.124 199
3196.253 197
3196.382 195
3196.511 190
3196.639 186
3196.768 185
3196.897 181
3197.026 174
3197.155 177
3197.284 178
3197.413 179
3197.542 183
3197.670 181
3197.799 175
3197.928 181
3198.057 186
3198.186 195
3198.315 208
3198.444 212
3198.573 218
3198.702 226
3198.830 225
3198.959 228
3199.088 233
3199.217 232
3199.346 233
3199.475 239
3199.604 248
3199.733 247
3199.862 242
3199.991 243
3200.120 237
3200.249 232
3200.378 230
3200.507 223
3200.635 217
3200.764 218
3200.893 218
3201.022 215
3201.151 213
3201.280 217
3201.409 224
3201.538 230
3201.667 234
3201.796 225
3201.925 215
3202.054 206
3202.183 199
3202.312 197
3202.441 195
3202.570 194
3202.699 193
3202.828 195
3202.957 200
3203.086 203
3203.215 212
3203.344 213
3203.473 217
3203.602 210
3203.731 203
3203.860 195
3203.989 186
3204.118 180
3204.247 170
3204.376 172
3204.505 173
3204.634 176
3204.763 181
3204.892 176
3205.021 170
3205.150 165
3205.279 163
3205.408 166
3205.537 173
3205.666 178
3205.796 178
3205.925 178
3206.054 178
3206.183 177
3206.312 176
3206.441 182
3206.570 186
3206.699 192
3206.828 196
3206.957 192
3207.086 196
3207.215 188
3207.344 176
3207.473 167
3207.603 155
3207.732 149
3207.861 148
3207.990 152
3208.119 156
3208.248 162
3208.377 171
3208.506 169
3208.635 173
3208.764 172
3208.894 157
3209.023 155
3209.152 151
3209.281 142
3209.410 149
3209.539 154
3209.668 157
3209.797 161
3209.927 168
3210.056 162
3210.185 155
3210.314 155
3210.443 144
3210.572 145
3210.701 149
3210.831 154
3210.960 151
3211.089 152
3211.218 153
3211.347 152
3211.476 152
3211.606 154
3211.735 158
3211.864 158
3211.993 153
3212.122 155
3212.252 156
3212.381 157
3212.510 163
3212.639 163
3212.768 163
3212.898 155
3213.027 147
3213.156 142
3213.285 133
3213.414 137
3213.544 134
3213.673 135
3213.802 137
3213.931 132
3214.060 128
3214.190 136
3214.319 147
3214.448 150
3214.577 160
3214.707 159
3214.836 158
3214.965 157
3215.094 161
3215.224 156
3215.353 149
3215.482 147
3215.611 136
3215.741 138
3215.870 137
3215.999 138
3216.128 141
3216.258 142
3216.387 148
3216.516 148
3216.645 147
3216.775 148
3216.904 147
3217.033 148
3217.163 148
3217.292 153
3217.421 157
3217.550 166
3217.680 178
3217.809 178
3217.938 178
3218.068 176
3218.197 174
3218.326 172
3218.456 174
3218.585 169
3218.714 159
3218.844 152
3218.973 142
3219.102 135
3219.232 126
3219.361 131
3219.490 135
3219.620 141
3219.749 156
3219.878 157
3220.008 158
3220.137 165
3220.266 176
3220.396 188
3220.525 199
3220.654 209
3220.784 217
3220.913 217
3221.042 216
3221.172 215
3221.301 208
3221.431 202
3221.560 194
3221.689 186
3221.819 182
3221.948 187
3222.077 192
3222.207 197
3222.336 212
3222.466 220
3222.595 227
3222.724 234
3222.854 236
3222.983 224
3223.113 209
3223.242 202
3223.371 196
3223.501 198
3223.630 200
3223.760 197
3223.889 202
3224.019 207
3224.148 209
3224.277 215
3224.407 221
3224.536 214
3224.666 211
3224.795 203
3224.925 200
3225.054 197
3225.184 194
3225.313 191
3225.442 177
3225.572 179
3225.701 183
3225.831 185
3225.960 189
3226.090 188
3226.219 186
3226.349 187
3226.478 187
3226.608 187
3226.737 192
3226.867 190
3226.996 185
3227.126 189
3227.255 188
3227.385 192
3227.514 200
3227.644 202
3227.773 206
3227.903 205
3228.032 215
3228.162 216
3228.291 218
3228.421 221
3228.550 216
3228.680 214
3228.809 207
3228.939 205
3229.068 203
3229.198 195
3229.327 181
3229.457 175
3229.587 169
3229.716 169
3229.846 172
3229.975 173
3230.105 167
3230.234 169
3230.364 168
3230.493 168
3230.623 171
3230.753 173
3230.882 172
3231.012 181
3231.141 196
3231.271 195
3231.400 200
3231.530 189
3231.660 176
3231.789 169
3231.919 160
3232.048 153
3232.178 145
3232.308 148
3232.437 149
3232.567 153
3232.696 158
3232.826 163
3232.956 171
3233.085 178
3233.215 185
3233.344 183
3233.474 181
3233.604 177
3233.733 183
3233.863 173
3233.993 158
3234.122 146
3234.252 127
3234.381 131
3234.511 142
3234.641 147
3234.770 149
3234.900 143
3235.030 134
3235.159 131
3235.289 136
3235.419 136
3235.548 139
3235.678 137
3235.808 133
3235.937 131
3236.067 129
3236.197 122
3236.326 119
3236.456 120
3236.586 119
3236.715 118
3236.845 117
3236.975 118
3237.105 121
3237.234 125
3237.364 135
3237.494 138
3237.623 138
3237.753 141
3237.883 148
3238.013 142
3238.142 139
3238.272 136
3238.402 127
3238.531 130
3238.661 136
3238.791 135
3238.921 133
3239.050 135
3239.180 138
3239.310 140
3239.440 145
3239.569 147
3239.699 150
3239.829 155
3239.959 169
3240.088 165
3240.218 166
3240.348 161
3240.478 152
3240.607 157
3240.737 164
3240.867 169
3240.997 163
3241.127 165
3241.256 163
3241.386 162
3241.516 168
3241.646 168
3241.775 166
3241.905 165
3242.035 171
3242.165 172
3242.295 175
3242.424 174
3242.554 171
3242.684 170
3242.814 176
3242.944 173
3243.074 182
3243.203 174
3243.333 165
3243.463 162
3243.593 155
3243.723 159
3243.853 166
3243.982 168
3244.112 167
3244.242 166
3244.372 166
3244.502 166
3244.632 157
3244.761 161
3244.891 165
3245.021 172
3245.151 179
3245.281 184
3245.411 192
3245.541 196
3245.671 199
3245.800 205
3245.930 211
3246.060 214
3246.190 223
3246.320 221
3246.450 217
3246.580 223
3246.710 224
3246.839 223
3246.969 222
3247.099 214
3247.229 207
3247.359 210
3247.489 211
3247.619 221
3247.749 234
3247.879 239
3248.009 248
3248.139 247
3248.269 249
3248.398 241
3248.528 237
3248.658 225
3248.788 213
3248.918 207
3249.048 199
3249.178 194
3249.308 181
3249.438 180
3249.568 178
3249.698 183
3249.828 186
3249.958 189
3250.088 195
3250.218 192
3250.348 198
3250.478 196
3250.608 197
3250.738 192
3250.868 178
3250.998 177
3251.128 179
3251.258 177
3251.388 179
3251.518 178
3251.648 180
3251.778 176
3251.908 173
3252.038 173
3252.168 169
3252.298 177
3252.428 193
3252.558 196
3252.688 200
3252.818 203
3252.948 205
3253.078 203
3253.208 205
3253.338 202
3253.468 199
3253.598 195
3253.728 189
3253.858 186
3253.988 177
3254.118 175
3254.248 174
3254.378 171
3254.508 162
3254.638 164
3254.768 166
3254.898 173
3255.028 177
3255.158 179
3255.289 180
3255.419 178
3255.549 180
3255.679 174
3255.809 168
3255.939 164
3256.069 158
3256.199 154
3256.329 153
3256.459 147
3256.589 139
3256.719 144
3256.850 153
3256.980 154
3257.110 160
3257.240 156
3257.370 151
3257.500 150
3257.630 143
3257.760 143
3257.891 144
3258.021 144
3258.151 144
3258.281 137
3258.411 131
3258.541 128
3258.671 125
3258.801 127
3258.932 130
3259.062 130
3259.192 142
3259.322 146
3259.452 152
3259.582 156
3259.713 158
3259.843 161
3259.973 164
3260.103 166
3260.233 160
3260.363 158
3260.494 154
3260.624 155
3260.754 160
3260.884 164
3261.014 172
3261.144 173
3261.275 181
3261.405 174
3261.535 169
3261.665 162
3261.795 150
3261.926 149
3262.056 149
3262.186 150
3262.316 149
3262.447 150
3262.577 150
3262.707 150
3262.837 156
3262.967 159
3263.098 162
3263.228 163
3263.358 161
3263.488 160
3263.619 159
3263.749 165
3263.879 176
3264.009 180
3264.140 182
3264.270 184
3264.400 188
3264.530 184
3264.661 180
3264.791 174
3264.921 165
3265.051 171
3265.182 178
3265.312 176
3265.442 177
3265.573 173
3265.703 169
3265.833 171
3265.963 174
3266.094 181
3266.224 189
3266.354 193
3266.485 202
3266.615 197
3266.745 191
3266.876 187
3267.006 176
3267.136 172
3267.266 170
3267.397 164
3267.527 155
3267.657 156
3267.788 157
3267.918 161
3268.048 164
3268.179 170
3268.309 175
3268.439 179
3268.570 186
3268.700 189
3268.830 185
3268.961 185
3269.091 187
3269.222 187
3269.352 187
3269.482 192
3269.613 192
3269.743 194
3269.873 203
3270.004 209
3270.134 216
3270.264 219
3270.395 219
3270.525 219
3270.656 209
3270.786 211
3270.916 211
3271.047 211
3271.177 212
3271.308 207
3271.438 206
3271.568 202
3271.699 199
3271.829 203
3271.960 204
3272.090 205
3272.220 200
3272.351 199
3272.481 194
3272.612 197
3272.742 197
3272.873 197
3273.003 203
3273.133 204
3273.264 209
3273.394 213
3273.525 219
3273.655 225
3273.786 223
3273.916 230
3274.047 239
3274.177 241
3274.307 243
3274.438 243
3274.568 238
3274.699 241
3274.829 241
3274.960 241
3275.090 241
3275.221 238
3275.351 233
3275.482 228
3275.612 221
3275.743 217
3275.873 208
3276.004 202
3276.134 194
3276.265 192
3276.395 187
3276.526 183
3276.656 179
3276.787 172
3276.917 160
3277.048 156
3277.178 148
3277.309 146
3277.439 148
3277.570 151
3277.700 155
3277.831 157
3277.961 158
3278.092 166
3278.223 173
3278.353 184
3278.484 195
3278.614 196
3278.745 199
3278.875 200
3279.006 201
3279.136 194
3279.267 188
3279.397 180
3279.528 168
3279.659 169
3279.789 168
3279.920 169
3280.050 168
3280.181 161
3280.312 153
3280.442 147
3280.573 149
3280.703 159
3280.834 169
3280.964 180
3281.095 195
3281.226 189
3281.356 185
3281.487 175
3281.617 165
3281.748 160
3281.879 151
3282.009 151
3282.140 146
3282.271 145
3282.401 146
3282.532 143
3282.662 135
3282.793 131
3282.924 124
3283.054 122
3283.185 120
3283.316 124
3283.446 131
3283.577 138
3283.708 144
3283.838 145
3283.969 148
3284.100 150
3284.230 157
3284.361 161
3284.492 165
3284.622 165
3284.753 168
3284.884 165
3285.014 160
3285.145 156
3285.276 149
3285.406 149
3285.537 144
3285.668 145
3285.798 136
3285.929 134
3286.060 131
3286.191 133
3286.321 143
3286.452 150
3286.583 155
3286.713 153
3286.844 157
3286.975 152
3287.105 145
3287.236 143
3287.367 138
3287.498 142
3287.628 143
3287.759 146
3287.890 154
3288.021 159
3288.151 165
3288.282 171
3288.413 182
3288.544 174
3288.674 171
3288.805 162
3288.936 149
3289.067 148
3289.197 149
3289.328 154
3289.459 157
3289.590 155
3289.720 150
3289.851 144
3289.982 137
3290.113 143
3290.244 151
3290.374 153
3290.505 157
3290.636 160
3290.767 162
3290.898 170
3291.028 179
3291.159 180
3291.290 186
3291.421 185
3291.552 173
3291.682 172
3291.813 174
3291.944 173
3292.075 177
3292.206 180
3292.337 181
3292.467 187
3292.598 188
3292.729 192
3292.860 196
3292.991 194
3293.122 202
3293.252 197
3293.383 194
3293.514 190
3293.645 189
3293.776 185
3293.907 182
3294.038 181
3294.168 173
3294.299 177
3294.430 178
3294.561 178
3294.692 182
3294.823 190
3294.954 197
3295.085 206
3295.215 220
3295.346 221
3295.477 222
3295.608 220
3295.739 222
3295.870 224
3296.001 225
3296.132 222
3296.263 217
3296.394 217
3296.524 215
3296.655 215
3296.786 220
3296.917 219
3297.048 219
3297.179 222
3297.310 224
3297.441 221
3297.572 215
3297.703 210
3297.834 204
3297.965 209
3298.096 218
3298.227 218
3298.358 218
3298.488 211
3298.619 207
3298.750 200
3298.881 198
3299.012 188
3299.143 178
3299.274 175
3299.405 166
3299.536 168
3299.667 168
3299.798 173
3299.929 173
3300.060 179
3300.191 189
3300.322 190
3300.453 191
3300.584 188
3300.715 183
3300.846 185
3300.977 183
3301.108 181
3301.239 180
3301.370 175
3301.501 175
3301.632 176
3301.763 170
3301.894 170
3302.025 171
3302.156 165
3302.287 161
3302.418 154
3302.549 147
3302.680 146
3302.811 145
3302.942 151
3303.074 157
3303.205 163
3303.336 170
3303.467 176
3303.598 180
3303.729 178
3303.860 174
3303.991 167
3304.122 163
3304.253 163
3304.384 160
3304.515 162
3304.646 161
3304.777 165
3304.908 172
3305.040 175
3305.171 182
3305.302 175
3305.433 162
3305.564 149
3305.695 133
3305.826 133
3305.957 131
3306.088 133
3306.219 141
3306.351 142
3306.482 143
3306.613 144
3306.744 145
3306.875 145
3307.006 148
3307.137 148
3307.268 147
3307.400 144
3307.531 139
3307.662 136
3307.793 131
3307.924 132
3308.055 133
3308.186 129
3308.318 123
3308.449 122
3308.580 122
3308.711 123
3308.842 125
3308.973 131
3309.105 139
3309.236 140
3309.367 143
3309.498 146
3309.629 145
3309.760 151
3309.892 156
3310.023 153
3310.154 146
3310.285 144
3310.416 136
3310.548 139
3310.679 145
3310.810 144
3310.941 142
3311.072 139
3311.204 137
3311.335 135
3311.466 138
3311.597 136
3311.729 134
3311.860 131
3311.991 133
3312.122 135
3312.253 137
3312.385 140
3312.516 148
3312.647 148
3312.778 149
3312.910 148
3313.041 144
3313.172 142
3313.303 140
3313.435 137
3313.566 129
3313.697 130
3313.828 136
3313.960 143
3314.091 152
3314.222 160
3314.354 170
3314.485 171
3314.616 179
3314.747 175
3314.879 167
3315.010 166
3315.141 167
3315.273 165
3315.404 158
3315.535 151
3315.666 144
3315.798 141
3315.929 136
3316.060 137
3316.192 140
3316.323 144
3316.454 147
3316.586 155
3316.717 165
3316.848 170
3316.980 177
3317.111 183
3317.242 197
3317.374 201
3317.505 209
3317.636 212
3317.768 223
3317.899 224
3318.030 226
3318.162 228
3318.293 221
3318.424 217
3318.556 215
3318.687 211
3318.819 211
3318.950 208
3319.081 204
3319.213 201
3319.344 196
3319.475 206
3319.607 211
3319.738 219
3319.870 233
3320.001 227
3320.132 229
3320.264 221
3320.395 210
3320.527 211
3320.658 215
3320.789 221
3320.921 226
3321.052 224
3321.184 223
3321.315 216
3321.446 213
3321.578 216
3321.709 214
3321.841 217
3321.972 217
3322.104 210
3322.235 202
3322.366 203
3322.498 198
3322.629 198
3322.761 201
3322.892 194
3323.024 181
3323.155 179
3323.287 177
3323.418 178
3323.550 179
3323.681 179
3323.812 175
3323.944 173
3324.075 172
3324.207 165
3324.338 160
3324.470 156
3324.601 151
3324.733 150
3324.864 146
3324.996 148
3325.127 146
3325.259 150
3325.390 158
3325.522 159
3325.653 157
3325.785 154
3325.916 151
3326.048 148
3326.179 146
3326.311 146
3326.442 147
3326.574 147
3326.705 152
3326.837 149
3326.968 149
3327.100 146
3327.232 138
3327.363 145
3327.495 149
3327.626 156
3327.758 167
3327.889 168
3328.021 171
3328.152 172
3328.284 168
3328.416 173
3328.547 182
3328.679 185
3328.810 188
3328.942 186
3329.073 183
3329.205 178
3329.337 172
3329.468 166
3329.600 157
3329.731 154
3329.863 146
3329.994 146
3330.126 147
3330.258 147
3330.389 150
3330.521 142
3330.652 132
3330.784 125
3330.916 110
3331.047 119
3331.179 126
3331.311 130
3331.442 140
3331.574 138
3331.705 141
3331.837 144
3331.969 145
3332.100 145
3332.232 145
3332.364 143
3332.495 140
3332.627 136
3332.759 131
3332.890 128
3333.022 119
3333.154 125
3333.285 130
3333.417 135
3333.549 140
3333.680 141
3333.812 149
3333.944 149
3334.075 152
3334.207 145
3334.339 138
3334.470 134
3334.602 131
3334.734 129
3334.865 125
3334.997 128
3335.129 130
3335.260 135
3335.392 136
3335.524 134
3335.656 138
3335.787 137
3335.919 133
3336.051 129
3336.182 122
3336.314 119
3336.446 120
3336.578 122
3336.709 126
3336.841 131
3336.973 138
3337.104 137
3337.236 142
3337.368 137
3337.500 129
3337.631 125
3337.763 123
3337.895 127
3338.027 134
3338.158 146
3338.290 157
3338.422 160
3338.554 162
3338.686 162
3338.817 161
3338.949 158
3339.081 157
3339.213 156
3339.344 145
3339.476 146
3339.608 152
3339.740 152
3339.872 156
3340.003 153
3340.135 145
3340.267 141
3340.399 138
3340.531 142
3340.662 138
3340.794 145
3340.926 146
3341.058 153
3341.190 164
3341.322 174
3341.453 184
3341.585 187
3341.717 190
3341.849 193
3341.981 199
3342.113 195
3342.244 193
3342.376 185
3342.508 174
3342.640 186
3342.772 197
3342.904 208
3343.035 222
3343.167 219
3343.299 213
3343.431 208
3343.563 203
3343.695 198
3343.827 191
3343.959 189
3344.090 180
3344.222 180
3344.354 176
3344.486 174
3344.618 171
3344.750 169
3344.882 166
3345.014 164
3345.146 169
3345.277 171
3345.409 179
3345.541 182
3345.673 188
3345.805 187
3345.937 183
3346.069 185
3346.201 182
3346.333 178
3346.465 174
3346.597 170
3346.729 166
3346.861 177
3346.992 185
3347.124 195
3347.256 213
3347.388 208
3347.520 205
3347.652 199
3347.784 187
3347.916 183
3348.048 176
3348.180 170
3348.312 160
3348.444 164
3348.576 167
3348.708 172
3348.840 181
3348.972 182
3349.104 184
3349.236 189
3349.368 188
3349.500 192
3349.632 192
3349.764 191
3349.896 186
3350.028 183
3350.160 184
3350.292 178
3350.424 174
3350.556 169
3350.688 166
3350.820 164
3350.952 164
3351.084 161
3351.216 157
3351.348 154
3351.480 148
3351.612 151
3351.744 153
3351.876 153
3352.008 157
3352.140 156
3352.272 156
3352.404 155
3352.536 152
3352.668 145
3352.800 138
3352.932 135
3353.064 129
3353.197 135
3353.329 139
3353.461 143
3353.593 151
3353.725 153
3353.857 156
3353.989 157
3354.121 160
3354.253 157
3354.385 153
3354.517 149
3354.649 134
3354.782 131
3354.914 124
3355.046 120
3355.178 124
3355.310 119
3355.442 114
3355.574 115
3355.706 112
3355.838 111
3355.971 107
3356.103 107
3356.235 106
3356.367 107
3356.499 110
3356.631 110
3356.763 117
3356.895 119
3357.028 123
3357.160 127
3357.292 134
3357.424 140
3357.556 145
3357.688 149
3357.820 153
3357.953 153
3358.085 154
3358.217 151
3358.349 150
3358.481 148
3358.613 143
3358.746 144
3358.878 147
3359.010 146
3359.142 146
3359.274 145
3359.407 141
3359.539 139
3359.671 135
3359.803 133
3359.935 127
3360.068 124
3360.200 121
3360.332 118
3360.464 117
3360.596 118
3360.729 124
3360.861 124
3360.993 131
3361.125 129
3361.257 129
3361.390 123
3361.522 113
3361.654 114
3361.786 114
3361.919 121
3362.051 131
3362.183 131
3362.315 129
3362.448 127
3362.580 126
3362.712 124
3362.844 122
3362.977 118
3363.109 119
3363.241 120
3363.373 122
3363.506 124
3363.638 128
3363.770 125
3363.903 126
3364.035 129
3364.167 127
3364.299 134
3364.432 138
3364.564 139
3364.696 145
3364.829 144
3364.961 141
3365.093 143
3365.226 144
3365.358 148
3365.490 151
3365.622 157
3365.755 160
3365.887 173
3366.019 187
3366.152 190
3366.284 194
3366.416 196
3366.549 198
3366.681 207
3366.813 213
3366.946 224
3367.078 238
3367.210 247
3367.343 260
3367.475 259
3367.607 254
3367.740 254
3367.872 237
3368.005 229
3368.137 225
3368.269 215
3368.402 211
3368.534 209
3368.666 208
3368.799 207
3368.931 198
3369.064 200
3369.196 198
3369.328 199
3369.461 207
3369.593 210
3369.726 211
3369.858 208
3369.990 208
3370.123 203
3370.255 199
3370.388 201
3370.520 198
3370.652 196
3370.785 193
3370.917 190
3371.050 192
3371.182 190
3371.315 192
3371.447 181
3371.579 163
3371.712 158
3371.844 150
3371.977 154
3372.109 165
3372.242 163
3372.374 162
3372.506 157
3372.639 155
3372.771 149
3372.904 143
3373.036 137
3373.169 129
3373.301 131
3373.434 129
3373.566 136
3373.699 138
3373.831 142
3373.964 147
3374.096 148
3374.229 149
3374.361 154
3374.494 163
3374.626 167
3374.759 172
3374.891 171
3375.024 171
3375.156 168
3375.289 168
3375.421 168
3375.554 159
3375.686 151
3375.819 144
3375.951 143
3376.084 140
3376.216 144
3376.349 156
3376.481 155
3376.614 159
3376.746 158
3376.879 153
3377.011 159
3377.144 166
3377.277 169
3377.409 178
3377.542 180
3377.674 175
3377.807 178
3377.939 175
3378.072 164
3378.205 153
3378.337 144
3378.470 136
3378.602 137
3378.735 138
3378.867 137
3379.000 134
3379.133 133
3379.265 138
3379.398 134
3379.530 128
3379.663 132
3379.796 133
3379.928 137
3380.061 142
3380.193 141
3380.326 140
3380.459 141
3380.591 139
3380.724 135
3380.856 131
3380.989 128
3381.122 128
3381.254 135
3381.387 145
3381.520 152
3381.652 162
3381.785 165
3381.918 169
3382.050 171
3382.183 179
3382.315 176
3382.448 175
3382.581 169
3382.713 165
3382.846 161
3382.979 155
3383.111 149
3383.244 140
3383.377 140
3383.509 137
3383.642 141
3383.775 153
3383.907 151
3384.040 150
3384.173 146
3384.306 143
3384.438 140
3384.571 138
3384.704 140
3384.836 140
3384.969 143
3385.102 146
3385.234 148
3385.367 154
3385.500 158
3385.633 164
3385.765 169
3385.898 179
3386.031 175
3386.163 171
3386.296 167
3386.429 165
3386.562 166
3386.694 167
3386.827 160
3386.960 146
3387.093 135
3387.225 125
3387.358 118
3387.491 115
3387.624 121
3387.756 123
3387.889 133
3388.022 148
3388.155 150
3388.288 156
3388.420 159
3388.553 166
3388.686 171
3388.819 177
3388.951 183
3389.084 187
3389.217 183
3389.350 187
3389.483 182
3389.615 176
3389.748 173
3389.881 171
3390.014 162
3390.147 157
3390.279 159
3390.412 161
3390.545 162
3390.678 169
3390.811 176
3390.943 177
3391.076 186
3391.209 201
3391.342 202
3391.475 202
3391.608 205
3391.740 211
3391.873 209
3392.006 213
3392.139 210
3392.272 206
3392.405 202
3392.538 198
3392.670 191
3392.803 183
3392.936 182
3393.069 181
3393.202 180
3393.335 179
3393.468 181
3393.601 180
3393.733 189
3393.866 200
3393.999 204
3394.132 210
3394.265 213
3394.398 214
3394.531 213
3394.664 210
3394.797 203
3394.929 198
3395.062 191
3395.195 179
3395.328 172
3395.461 163
3395.594 162
3395.727 161
3395.860 166
3395.993 157
3396.126 165
3396.259 174
3396.392 173
3396.525 175
3396.657 171
3396.790 166
3396.923 164
3397.056 169
3397.189 170
3397.322 171
3397.455 171
3397.588 175
3397.721 171
3397.854 168
3397.987 165
3398.120 152
3398.253 156
3398.386 159
3398.519 166
3398.652 172
3398.785 170
3398.918 167
3399.051 166
3399.184 162
3399.317 158
3399.450 152
3399.583 151
3399.716 143
3399.849 145
3399.982 148
3400.115 147
3400.248 146
3400.381 150
3400.514 149
3400.647 152
3400.780 157
3400.913 155
3401.046 154
3401.179 152
3401.312 148
3401.445 145
3401.578 138
3401.711 137
3401.844 132
3401.977 135
3402.110 137
3402.243 138
3402.376 140
3402.509 141
3402.643 140
3402.776 139
3402.909 139
3403.042 135
3403.175 133
3403.308 131
3403.441 127
3403.574 125
3403.707 122
3403.840 120
3403.973 118
3404.106 123
3404.239 128
3404.373 138
3404.506 148
3404.639 152
3404.772 160
3404.905 156
3405.038 153
3405.171 151
3405.304 147
3405.437 141
3405.571 131
3405.704 126
3405.837 119
3405.970 119
3406.103 124
3406.236 128
3406.369 135
3406.502 140
3406.636 146
3406.769 146
3406.902 150
3407.035 149
3407.168 148
3407.301 145
3407.434 141
3407.568 137
3407.701 135
3407.834 129
3407.967 124
3408.100 123
3408.233 114
3408.367 121
3408.500 130
3408.633 133
3408.766 142
3408.899 139
3409.033 133
3409.166 136
3409.299 138
3409.432 140
3409.565 145
3409.698 141
3409.832 141
3409.965 144
3410.098 142
3410.231 145
3410.365 147
3410.498 152
3410.631 160
3410.764 165
3410.897 169
3411.031 169
3411.164 168
3411.297 166
3411.430 168
3411.564 164
3411.697 158
3411.830 156
3411.963 149
3412.097 148
3412.230 146
3412.363 142
3412.496 138
3412.630 140
3412.763 143
3412.896 149
3413.029 155
3413.163 155
3413.296 161
3413.429 159
3413.562 152
3413.696 154
3413.829 154
3413.962 155
3414.096 160
3414.229 164
3414.362 167
3414.496 173
3414.629 178
3414.762 183
3414.895 191
3415.029 192
3415.162 193
3415.295 192
3415.429 191
3415.562 194
3415.695 188
3415.829 189
3415.962 193
3416.095 194
3416.229 195
3416.362 198
3416.495 206
3416.629 205
3416.762 207
3416.895 200
3417.029 190
3417.162 184
3417.295 175
3417.429 173
3417.562 178
3417.695 179
3417.829 175
3417.962 177
3418.096 180
3418.229 183
3418.362 195
3418.496 201
3418.629 207
3418.762 207
3418.896 209
3419.029 206
3419.163 198
3419.296 198
3419.429 193
3419.563 188
3419.696 184
3419.830 183
3419.963 175
3420.096 174
3420.230 170
3420.363 170
3420.497 176
3420.630 176
3420.764 174
3420.897 173
3421.030 173
3421.164 175
3421.297 178
3421.431 175
3421.564 180
3421.698 189
3421.831 197
3421.964 205
3422.098 221
3422.231 212
3422.365 204
3422.498 190
3422.632 171
3422.765 165
3422.899 153
3423.032 151
3423.166 143
3423.299 143
3423.433 145
3423.566 144
3423.699 138
3423.833 134
3423.966 130
3424.100 129
3424.233 136
3424.367 140
3424.500 141
3424.634 148
3424.767 151
3424.901 152
3425.034 151
3425.168 149
3425.301 146
3425.435 148
3425.569 153
3425.702 150
3425.836 150
3425.969 142
3426.103 133
3426.236 125
3426.370 113
3426.503 112
3426.637 109
3426.770 114
3426.904 122
3427.037 130
3427.171 142
3427.305 144
3427.438 144
3427.572 143
3427.705 142
3427.839 141
3427.972 139
3428.106 136
3428.239 130
3428.373 132
3428.507 130
3428.640 135
3428.774 139
3428.907 140
3429.041 140
3429.175 137
3429.308 137
3429.442 135
3429.575 132
3429.709 137
3429.843 145
3429.976 151
3430.110 159
3430.243 153
3430.377 147
3430.511 141
3430.644 134
3430.778 141
3430.911 148
3431.045 152
3431.179 163
3431.312 163
3431.446 162
3431.580 164
3431.713 163
3431.847 164
3431.981 162
3432.114 164
3432.248 170
3432.382 168
3432.515 165
3432.649 166
3432.783 163
3432.916 159
3433.050 158
3433.184 151
3433.317 134
3433.451 130
3433.585 124
3433.718 118
3433.852 113
3433.986 119
3434.119 124
3434.253 131
3434.387 144
3434.520 143
3434.654 140
3434.788 138
3434.921 128
3435.055 127
3435.189 120
3435.323 116
3435.456 109
3435.590 114
3435.724 119
3435.858 129
3435.991 146
3436.125 143
3436.259 143
3436.392 140
3436.526 129
3436.660 131
3436.794 132
3436.927 134
3437.061 145
3437.195 148
3437.329 152
3437.462 154
3437.596 154
3437.730 154
3437.864 152
3437.997 161
3438.131 173
3438.265 183
3438.399 196
3438.533 200
3438.666 201
3438.800 197
3438.934 194
3439.068 193
3439.201 197
3439.335 196
3439.469 196
3439.603 194
3439.737 188
3439.870 195
3440.004 203
3440.138 210
3440.272 219
3440.406 214
3440.540 208
3440.673 199
3440.807 188
3440.941 186
3441.075 184
3441.209 189
3441.343 195
3441.476 196
3441.610 196
3441.744 197
3441.878 198
3442.012 193
3442.146 189
3442.279 179
3442.413 168
3442.547 165
3442.681 158
3442.815 155
3442.949 150
3443.083 151
3443.216 152
3443.350 154
3443.484 157
3443.618 154
3443.752 149
3443.886 152
3444.020 145
3444.154 145
3444.288 145
3444.421 144
3444.555 144
3444.689 142
3444.823 141
3444.957 141
3445.091 143
3445.225 149
3445.359 155
3445.493 157
3445.627 166
3445.761 164
3445.894 156
3446.028 153
3446.162 146
3446.296 142
3446.430 142
3446.564 142
3446.698 130
3446.832 132
3446.966 134
3447.100 134
3447.234 142
3447.368 140
3447.502 138
3447.636 136
3447.770 131
3447.904 133
3448.038 138
3448.172 144
3448.306 149
3448.440 152
3448.574 152
3448.708 154
3448.842 154
3448.975 150
3449.109 149
3449.243 145
3449.377 139
3449.511 138
3449.645 135
3449.779 132
3449.913 129
3450.047 129
3450.181 130
3450.316 126
3450.450 131
3450.584 130
3450.718 133
3450.852 134
3450.986 133
3451.120 134
3451.254 138
3451.388 140
3451.522 147
3451.656 151
3451.790 158
3451.924 157
3452.058 157
3452.192 154
3452.326 148
3452.460 143
3452.594 139
3452.728 131
3452.862 119
3452.996 115
3453.130 110
3453.264 112
3453.399 116
3453.533 121
3453.667 123
3453.801 125
3453.935 124
3454.069 124
3454.203 130
3454.337 138
3454.471 149
3454.605 155
3454.739 162
3454.874 159
3455.008 153
3455.142 158
3455.276 153
3455.410 152
3455.544 149
3455.678 144
3455.812 134
3455.946 130
3456.081 126
3456.215 120
3456.349 109
3456.483 107
3456.617 105
3456.751 105
3456.885 108
3457.020 112
3457.154 121
3457.288 126
3457.422 123
3457.556 123
3457.690 119
3457.825 119
3457.959 121
3458.093 115
3458.227 108
3458.361 102
3458.495 103
3458.630 109
3458.764 114
3458.898 117
3459.032 130
3459.166 125
3459.300 125
3459.435 117
3459.569 104
3459.703 103
3459.837 104
3459.971 106
3460.106 108
3460.240 115
3460.374 127
3460.508 135
3460.643 144
3460.777 144
3460.911 140
3461.045 139
3461.179 133
3461.314 134
3461.448 139
3461.582 137
3461.716 142
3461.851 142
3461.985 141
3462.119 143
3462.253 143
3462.388 145
3462.522 146
3462.656 147
3462.790 157
3462.925 162
3463.059 171
3463.193 179
3463.328 190
3463.462 192
3463.596 191
3463.730 191
3463.865 194
3463.999 193
3464.133 190
3464.267 190
3464.402 190
3464.536 189
3464.670 185
3464.805 181
3464.939 174
3465.073 176
3465.208 180
3465.342 181
3465.476 183
3465.611 181
3465.745 173
3465.879 172
3466.014 169
3466.148 172
3466.282 174
3466.417 179
3466.551 186
3466.685 187
3466.820 192
3466.954 195
3467.088 191
3467.223 191
3467.357 190
3467.491 192
3467.626 186
3467.760 186
3467.894 187
3468.029 184
3468.163 189
3468.297 188
3468.432 185
3468.566 182
3468.701 191
3468.835 187
3468.969 181
3469.104 182
3469.238 185
3469.373 184
3469.507 186
3469.641 179
3469.776 161
3469.910 167
3470.045 173
3470.179 175
3470.313 186
3470.448 182
3470.582 176
3470.717 171
3470.851 170
3470.985 164
3471.120 153
3471.254 153
3471.389 147
3471.523 146
3471.658 147
3471.792 142
3471.927 132
3472.061 132
3472.195 135
3472.330 136
3472.464 138
3472.599 141
3472.733 144
3472.868 144
3473.002 149
3473.137 149
3473.271 144
3473.406 146
3473.540 143
3473.675 137
3473.809 131
3473.943 124
3474.078 111
3474.212 112
3474.347 116
3474.481 119
3474.616 123
3474.750 124
3474.885 119
3475.019 124
3475.154 128
3475.288 132
3475.423 136
3475.558 140
3475.692 139
3475.827 134
3475.961 128
3476.096 124
3476.230 117
3476.365 123
3476.499 128
3476.634 136
3476.768 150
3476.903 156
3477.037 161
3477.172 157
3477.306 140
3477.441 134
3477.576 129
3477.710 128
3477.845 131
3477.979 129
3478.114 128
3478.248 123
3478.383 121
3478.518 119
3478.652 116
3478.787 115
3478.921 115
3479.056 117
3479.190 121
3479.325 124
3479.460 131
3479.594 130
3479.729 127
3479.863 125
3479.998 125
3480.133 125
3480.267 124
3480.402 123
3480.536 128
3480.671 129
3480.806 136
3480.940 137
3481.075 139
3481.210 136
3481.344 128
3481.479 126
3481.613 115
3481.748 117
3481.883 123
3482.017 125
3482.152 134
3482.287 138
3482.421 137
3482.556 138
3482.691 140
3482.825 133
3482.960 126
3483.095 122
3483.229 110
3483.364 108
3483.499 106
3483.633 103
3483.768 105
3483.903 109
3484.037 111
3484.172 116
3484.307 118
3484.441 126
3484.576 135
3484.711 142
3484.846 152
3484.980 150
3485.115 147
3485.250 150
3485.384 150
3485.519 150
3485.654 156
3485.789 156
3485.923 156
3486.058 161
3486.193 164
3486.327 163
3486.462 169
3486.597 166
3486.732 162
3486.866 164
3487.001 164
3487.136 162
3487.271 160
3487.405 149
3487.540 134
3487.675 129
3487.810 125
3487.944 126
3488.079 126
3488.214 134
3488.349 141
3488.483 151
3488.618 165
3488.753 171
3488.888 176
3489.023 182
3489.157 189
3489.292 190
3489.427 189
3489.562 188
3489.697 186
3489.831 186
3489.966 184
3490.101 182
3490.236 179
3490.371 181
3490.505 178
3490.640 180
3490.775 173
3490.910 165
3491.045 156
3491.179 149
3491.314 137
3491.449 138
3491.584 139
3491.719 143
3491.854 147
3491.989 151
3492.123 155
3492.258 150
3492.393 146
3492.528 146
3492.663 145
3492.798 151
3492.932 156
3493.067 157
3493.202 157
3493.337 161
3493.472 160
3493.607 162
3493.742 166
3493.877 160
3494.011 152
3494.146 153
3494.281 151
3494.416 150
3494.551 148
3494.686 141
3494.821 133
3494.956 130
3495.091 129
3495.226 128
3495.360 126
3495.495 130
3495.630 130
3495.765 138
3495.900 149
3496.035 149
3496.170 148
3496.305 148
3496.440 148
3496.575 154
3496.710 160
3496.845 159
3496.980 155
3497.114 153
3497.249 149
3497.384 147
3497.519 146
3497.654 146
3497.789 142
3497.924 143
3498.059 145
3498.194 143
3498.329 149
3498.464 148
3498.599 140
3498.734 136
3498.869 138
3499.004 134
3499.139 126
3499.274 124
3499.409 113
3499.544 114
3499.679 115
3499.814 120
3499.949 122
3500.084 130
3500.219 138
3500.354 140
3500.489 147
3500.624 141
3500.759 140
3500.894 135
3501.029 127
3501.164 127
3501.299 130
3501.434 130
3501.569 131
3501.704 130
3501.839 130
3501.974 130
3502.109 131
3502.244 131
3502.379 130
3502.514 136
3502.649 127
3502.785 126
3502.920 124
3503.055 120
3503.190 127
3503.325 126
3503.460 128
3503.595 124
3503.730 119
3503.865 119
3504.000 119
3504.135 120
3504.270 129
3504.405 131
3504.541 136
3504.676 132
3504.811 135
3504.946 130
3505.081 126
3505.216 124
3505.351 120
3505.486 122
3505.621 124
3505.756 128
3505.892 130
3506.027 129
3506.162 127
3506.297 124
3506.432 118
3506.567 114
3506.702 108
3506.837 105
3506.973 99
3507.108 105
3507.243 114
3507.378 124
3507.513 138
3507.648 134
3507.783 127
3507.919 126
3508.054 120
3508.189 121
3508.324 125
3508.459 126
3508.594 126
3508.730 124
3508.865 119
3509.000 114
3509.135 109
3509.270 111
3509.406 114
3509.541 118
3509.676 121
3509.811 126
3509.946 130
3510.082 132
3510.217 138
3510.352 140
3510.487 138
3510.622 147
3510.758 156
3510.893 163
3511.028 172
3511.163 179
3511.298 182
3511.434 184
3511.569 189
3511.704 189
3511.839 193
3511.975 190
3512.110 186
3512.245 187
3512.380 191
3512.516 194
3512.651 196
3512.786 196
3512.921 194
3513.057 195
3513.192 193
3513.327 194
3513.462 196
3513.598 201
3513.733 204
3513.868 208
3514.004 207
3514.139 197
3514.274 188
3514.409 184
3514.545 173
3514.680 171
3514.815 167
3514.951 164
3515.086 164
3515.221 175
3515.356 188
3515.492 196
3515.627 204
3515.762 205
3515.898 202
3516.033 196
3516.168 190
3516.304 191
3516.439 186
3516.574 187
3516.710 183
3516.845 180
3516.980 181
3517.116 180
3517.251 173
3517.386 167
3517.522 165
3517.657 160
3517.792 148
3517.928 144
3518.063 141
3518.198 140
3518.334 130
3518.469 125
3518.605 116
3518.740 108
3518.875 106
3519.011 112
3519.146 118
3519.281 125
3519.417 141
3519.552 139
3519.688 135
3519.823 130
3519.958 121
3520.094 121
3520.229 118
3520.365 119
3520.500 123
3520.635 125
3520.771 129
3520.906 132
3521.042 132
3521.177 142
3521.312 154
3521.448 167
3521.583 184
3521.719 184
3521.854 187
3521.990 181
3522.125 172
3522.261 160
3522.396 146
3522.531 135
3522.667 122
3522.802 118
3522.938 110
3523.073 106
3523.209 96
3523.344 98
3523.480 104
3523.615 104
3523.751 109
3523.886 111
3524.021 114
3524.157 120
3524.292 129
3524.428 129
3524.563 126
3524.699 125
3524.834 127
3524.970 123
3525.105 122
3525.241 117
3525.376 103
3525.512 99
3525.647 96
3525.783 93
3525.918 87
3526.054 92
3526.189 97
3526.325 104
3526.461 107
3526.596 109
3526.732 108
3526.867 107
3527.003 117
3527.138 112
3527.274 111
3527.409 105
3527.545 103
3527.680 100
3527.816 97
3527.951 93
3528.087 86
3528.223 88
3528.358 92
3528.494 98
3528.629 104
3528.765 109
3528.900 117
3529.036 119
3529.172 128
3529.307 123
3529.443 117
3529.578 116
3529.714 112
3529.849 116
3529.985 118
3530.121 120
3530.256 118
3530.392 119
3530.527 121
3530.663 121
3530.799 125
3530.934 125
3531.070 122
3531.206 123
3531.341 128
3531.477 126
3531.612 118
3531.748 115
3531.884 105
3532.019 104
3532.155 106
3532.291 107
3532.426 108
3532.562 110
3532.698 114
3532.833 113
3532.969 111
3533.104 111
3533.240 108
3533.376 115
3533.511 118
3533.647 126
3533.783 135
3533.918 138
3534.054 148
3534.190 147
3534.325 144
3534.461 141
3534.597 145
3534.733 142
3534.868 144
3535.004 144
3535.140 130
3535.275 135
3535.411 144
3535.547 148
3535.682 158
3535.818 165
3535.954 169
3536.090 176
3536.225 188
3536.361 192
3536.497 197
3536.632 197
3536.768 200
3536.904 193
3537.040 190
3537.175 186
3537.311 183
3537.447 186
3537.583 190
3537.718 190
3537.854 183
3537.990 181
3538.126 176
3538.261 176
3538.397 168
3538.533 170
3538.669 173
3538.804 175
3538.940 186
3539.076 187
3539.212 188
3539.348 188
3539.483 191
3539.619 187
3539.755 181
3539.891 176
3540.026 164
3540.162 163
3540.298 161
3540.434 156
3540.570 157
3540.705 158
3540.841 158
3540.977 162
3541.113 166
3541.249 164
3541.384 162
3541.520 161
3541.656 156
3541.792 156
3541.928 155
3542.064 159
3542.199 167
3542.335 166
3542.471 167
3542.607 161
3542.743 151
3542.879 149
3543.015 146
3543.150 143
3543.286 138
3543.422 139
3543.558 136
3543.694 136
3543.830 132
3543.966 132
3544.101 134
3544.237 137
3544.373 146
3544.509 150
3544.645 154
3544.781 157
3544.917 156
3545.053 148
3545.188 138
3545.324 130
3545.460 110
3545.596 107
3545.732 103
3545.868 104
3546.004 107
3546.140 108
3546.276 106
3546.412 108
3546.548 116
3546.683 118
3546.819 123
3546.955 130
3547.091 133
3547.227 135
3547.363 141
3547.499 139
3547.635 136
3547.771 140
3547.907 143
3548.043 144
3548.179 148
3548.315 145
3548.451 144
3548.587 137
3548.723 127
3548.859 122
3548.995 116
3549.131 117
3549.267 117
3549.403 123
3549.538 129
3549.674 134
3549.810 139
3549.946 139
3550.082 138
3550.218 139
3550.354 141
3550.490 141
3550.626 139
3550.762 135
3550.898 130
3551.034 123
3551.170 117
3551.306 113
3551.442 105
3551.578 107
3551.715 108
3551.851 110
3551.987 114
3552.123 115
3552.259 116
3552.395 116
3552.531 115
3552.667 117
3552.803 122
3552.939 128
3553.075 127
3553.211 128
3553.347 125
3553.483 122
3553.619 123
3553.755 131
3553.891 139
3554.027 145
3554.163 155
3554.299 154
3554.436 152
3554.572 150
3554.708 151
3554.844 147
3554.980 149
3555.116 144
3555.252 134
3555.388 129
3555.524 121
3555.660 126
3555.796 127
3555.933 128
3556.069 131
3556.205 131
3556.341 135
3556.477 135
3556.613 135
3556.749 131
3556.885 135
3557.021 137
3557.158 141
3557.294 148
3557.430 155
3557.566 155
3557.702 158
3557.838 158
3557.974 152
3558.111 150
3558.247 151
3558.383 147
3558.519 141
3558.655 141
3558.791 138
3558.927 140
3559.064 143
3559.200 150
3559.336 155
3559.472 165
3559.608 181
3559.745 181
3559.881 186
3560.017 178
3560.153 166
3560.289 162
3560.425 153
3560.562 152
3560.698 160
3560.834 161
3560.970 158
3561.106 159
3561.243 168
3561.379 166
3561.515 167
3561.651 161
3561.788 155
3561.924 155
3562.060 149
3562.196 150
3562.332 151
3562.469 151
3562.605 148
3562.741 152
3562.877 150
3563.014 154
3563.150 158
3563.286 161
3563.422 160
3563.559 163
3563.695 168
3563.831 170
3563.967 170
3564.104 173
3564.240 181
3564.376 177
3564.512 177
3564.649 173
3564.785 167
3564.921 168
3565.058 176
3565.194 179
3565.330 183
3565.466 187
3565.603 186
3565.739 184
3565.875 180
3566.012 177
3566.148 171
3566.284 166
3566.421 165
3566.557 162
3566.693 159
3566.830 161
3566.966 161
3567.102 156
3567.239 147
3567.375 144
3567.511 135
3567.648 135
3567.784 135
3567.920 131
3568.057 126
3568.193 124
3568.329 125
3568.466 121
3568.602 120
3568.738 117
3568.875 109
3569.011 107
3569.147 100
3569.284 96
3569.420 92
3569.556 94
3569.693 96
3569.829 101
3569.966 102
3570.102 103
3570.238 107
3570.375 111
3570.511 120
3570.648 124
3570.784 128
3570.920 125
3571.057 129
3571.193 126
3571.330 119
3571.466 117
3571.602 110
3571.739 112
3571.875 114
3572.012 120
3572.148 124
3572.284 118
3572.421 108
3572.557 105
3572.694 97
3572.830 103
3572.967 112
3573.103 114
3573.240 123
3573.376 118
3573.512 114
3573.649 115
3573.785 112
3573.922 116
3574.058 119
3574.195 119
3574.331 112
3574.468 119
3574.604 127
3574.741 133
3574.877 137
3575.014 135
3575.150 129
3575.287 129
3575.423 133
3575.560 135
3575.696 139
3575.832 142
3575.969 143
3576.105 145
3576.242 146
3576.378 144
3576.515 150
3576.652 146
3576.788 137
3576.925 134
3577.061 123
3577.198 122
3577.334 122
3577.471 124
3577.607 126
3577.744 125
3577.880 125
3578.017 126
3578.153 120
3578.290 128
3578.426 136
3578.563 139
3578.700 144
3578.836 143
3578.973 144
3579.109 138
3579.246 129
3579.382 121
3579.519 112
3579.655 107
3579.792 101
3579.929 104
3580.065 110
3580.202 117
3580.338 125
3580.475 130
3580.612 136
3580.748 135
3580.885 133
3581.021 138
3581.158 144
3581.294 148
3581.431 158
3581.568 154
3581.704 150
3581.841 149
3581.978 150
3582.114 147
3582.251 143
3582.387 141
3582.524 133
3582.661 138
3582.797 144
3582.934 148
3583.071 152
3583.207 151
3583.344 150
3583.480 149
3583.617 159
3583.754 160
3583.890 161
3584.027 161
3584.164 166
3584.300 165
3584.437 164
3584.574 162
3584.710 157
3584.847 159
3584.984 165
3585.120 164
3585.257 173
3585.394 178
3585.530 183
3585.667 192
3585.804 199
3585.941 191
3586.077 183
3586.214 175
3586.351 159
3586.487 157
3586.624 152
3586.761 157
3586.897 159
3587.034 166
3587.171 174
3587.308 175
3587.444 180
3587.581 182
3587.718 180
3587.855 186
3587.991 188
3588.128 183
3588.265 180
3588.402 174
3588.538 162
3588.675 162
3588.812 156
3588.948 157
3589.085 163
3589.222 158
3589.359 156
3589.496 153
3589.632 141
3589.769 137
3589.906 139
3590.043 134
3590.179 128
3590.316 128
3590.453 127
3590.590 123
3590.727 120
3590.863 120
3591.000 120
3591.137 125
3591.274 130
3591.410 134
3591.547 138
3591.684 140
3591.821 140
3591.958 146
3592.095 152
3592.231 157
3592.368 161
3592.505 153
3592.642 144
3592.779 133
3592.915 114
3593.052 112
3593.189 107
3593.326 108
3593.463 107
3593.600 109
3593.737 118
3593.873 122
3594.010 123
3594.147 131
3594.284 142
3594.421 143
3594.558 140
3594.695 129
3594.831 116
3594.968 110
3595.105 105
3595.242 105
3595.379 106
3595.516 108
3595.653 108
3595.790 117
3595.926 127
3596.063 136
3596.200 148
3596.337 150
3596.474 151
3596.611 152
3596.748 150
3596.885 147
3597.022 146
3597.159 142
3597.295 141
3597.432 140
3597.569 134
3597.706 134
3597.843 127
3597.980 126
3598.117 123
3598.254 127
3598.391 125
3598.528 127
3598.665 130
3598.802 129
3598.939 124
3599.076 119
3599.213 112
3599.349 111
3599.486 101
3599.623 107
3599.760 111
3599.897 119
3600.034 124
3600.171 125
3600.308 124
3600.445 125
3600.582 127
3600.719 131
3600.856 137
3600.993 136
3601.130 139
3601.267 141
3601.404 137
3601.541 141
3601.678 146
3601.815 144
3601.952 146
3602.089 142
3602.226 132
3602.363 131
3602.500 129
3602.637 127
3602.774 124
3602.911 121
3603.048 118
3603.185 117
3603.322 117
3603.459 120
3603.596 122
3603.733 124
3603.871 120
3604.008 122
3604.145 118
3604.282 123
3604.419 128
3604.556 127
3604.693 127
3604.830 130
3604.967 128
3605.104 131
3605.241 139
3605.378 142
3605.515 143
3605.652 139
3605.789 138
3605.927 132
3606.064 130
3606.201 134
3606.338 144
3606.475 147
3606.612 153
3606.749 153
3606.886 154
3607.023 153
3607.160 151
3607.298 154
3607.435 154
3607.572 156
3607.709 162
3607.846 165
3607.983 165
3608.120 170
3608.257 174
3608.394 166
3608.532 160
3608.669 162
3608.806 156
3608.943 167
3609.080 178
3609.217 187
3609.354 197
3609.492 202
3609.629 204
3609.766 194
3609.903 182
3610.040 167
3610.177 153
3610.315 149
3610.452 142
3610.589 142
3610.726 139
3610.863 140
3611.001 142
3611.138 141
3611.275 140
3611.412 140
3611.549 138
3611.686 140
3611.824 144
3611.961 142
3612.098 138
3612.235 133
3612.372 128
3612.510 126
3612.647 130
3612.784 131
3612.921 130
3613.059 132
3613.196 125
3613.333 125
3613.470 126
3613.608 128
3613.745 129
3613.882 132
3614.019 138
3614.156 139
3614.294 146
3614.431 146
3614.568 149
3614.705 149
3614.843 152
3614.980 153
3615.117 148
3615.255 153
3615.392 159
3615.529 160
3615.666 164
3615.804 164
3615.941 159
3616.078 154
3616.215 145
3616.353 136
3616.490 128
3616.627 123
3616.765 113
3616.902 111
3617.039 103
3617.177 104
3617.314 104
3617.451 106
3617.588 110
3617.726 117
3617.863 122
3618.000 131
3618.138 142
3618.275 149
3618.412 158
3618.550 163
3618.687 170
3618.824 162
3618.962 156
3619.099 147
3619.236 135
3619.374 129
3619.511 119
3619.648 113
3619.786 107
3619.923 105
3620.061 98
3620.198 97
3620.335 89
3620.473 92
3620.610 100
3620.747 103
3620.885 99
3621.022 99
3621.159 100
3621.297 96
3621.434 96
3621.572 97
3621.709 96
3621.846 103
3621.984 113
3622.121 117
3622.259 121
3622.396 122
3622.533 127
3622.671 127
3622.808 128
3622.946 121
3623.083 114
3623.221 110
3623.358 108
3623.495 111
3623.633 115
3623.770 116
3623.908 118
3624.045 115
3624.183 114
3624.320 116
3624.457 114
3624.595 119
3624.732 126
3624.870 125
3625.007 122
3625.145 122
3625.282 124
3625.420 125
3625.557 128
3625.695 127
3625.832 121
3625.970 121
3626.107 118
3626.244 121
3626.382 114
3626.519 114
3626.657 115
3626.794 113
3626.932 110
3627.069 112
3627.207 112
3627.344 113
3627.482 119
3627.619 115
3627.757 112
3627.894 112
3628.032 106
3628.169 107
3628.307 110
3628.445 113
3628.582 113
3628.720 116
3628.857 121
3628.995 119
3629.132 125
3629.270 121
3629.407 120
3629.545 116
3629.682 115
3629.820 112
3629.957 110
3630.095 111
3630.233 114
3630.370 119
3630.508 123
3630.645 133
3630.783 147
3630.920 149
3631.058 153
3631.196 147
3631.333 145
3631.471 143
3631.608 141
3631.746 141
3631.883 138
3632.021 136
3632.159 133
3632.296 133
3632.434 129
3632.571 127
3632.709 126
3632.847 124
3632.984 125
3633.122 127
3633.260 132
3633.397 132
3633.535 130
3633.672 132
3633.810 139
3633.948 143
3634.085 141
3634.223 136
3634.361 127
3634.498 122
3634.636 115
3634.774 114
3634.911 110
3635.049 110
3635.186 115
3635.324 116
3635.462 116
3635.599 118
3635.737 121
3635.875 132
3636.012 141
3636.150 148
3636.288 151
3636.425 154
3636.563 161
3636.701 168
3636.839 175
3636.976 175
3637.114 177
3637.252 180
3637.389 182
3637.527 182
3637.665 185
3637.802 182
3637.940 177
3638.078 175
3638.216 173
3638.353 168
3638.491 164
3638.629 164
3638.766 161
3638.904 163
3639.042 163
3639.180 153
3639.317 140
3639.455 131
3639.593 118
3639.731 114
3639.868 110
3640.006 109
3640.144 106
3640.282 108
3640.419 111
3640.557 109
3640.695 112
3640.833 109
3640.970 109
3641.108 103
3641.246 95
3641.384 96
3641.521 97
3641.659 104
3641.797 107
3641.935 112
3642.073 117
3642.210 122
3642.348 122
3642.486 124
3642.624 122
3642.762 119
3642.899 116
3643.037 114
3643.175 113
3643.313 114
3643.451 116
3643.588 115
3643.726 113
3643.864 113
3644.002 116
3644.140 120
3644.278 120
3644.415 122
3644.553 118
3644.691 117
3644.829 116
3644.967 118
3645.105 124
3645.242 130
3645.380 141
3645.518 147
3645.656 149
3645.794 147
3645.932 145
3646.070 134
3646.208 117
3646.345 112
3646.483 102
3646.621 103
3646.759 110
3646.897 112
3647.035 111
3647.173 111
3647.311 109
3647.448 108
3647.586 104
3647.724 105
3647.862 102
3648.000 102
3648.138 102
3648.276 102
3648.414 100
3648.552 103
3648.690 110
3648.828 112
3648.965 118
3649.103 120
3649.241 120
3649.379 122
3649.517 130
3649.655 129
3649.793 129
3649.931 129
3650.069 131
3650.207 130
3650.345 128
3650.483 131
3650.621 133
3650.759 136
3650.897 136
3651.035 136
3651.173 134
3651.311 130
3651.449 124
3651.586 120
3651.724 114
3651.862 114
3652.000 117
3652.138 116
3652.276 116
3652.414 118
3652.552 119
3652.690 122
3652.828 123
3652.966 128
3653.104 132
3653.242 138
3653.380 144
3653.518 141
3653.656 135
3653.794 132
3653.932 126
3654.070 126
3654.208 129
3654.347 128
3654.485 129
3654.623 131
3654.761 138
3654.899 137
3655.037 143
3655.175 145
3655.313 148
3655.451 153
3655.589 158
3655.727 156
3655.865 149
3656.003 151
3656.141 147
3656.279 150
3656.417 152
3656.555 155
3656.693 159
3656.831 160
3656.970 164
3657.108 162
3657.246 166
3657.384 161
3657.522 154
3657.660 149
3657.798 143
3657.936 144
3658.074 147
3658.212 154
3658.350 167
3658.489 176
3658.627 188
3658.765 188
3658.903 194
3659.041 193
3659.179 190
3659.317 185
3659.455 175
3659.594 169
3659.732 163
3659.870 161
3660.008 155
3660.146 150
3660.284 146
3660.422 145
3660.560 141
3660.699 142
3660.837 140
3660.975 134
3661.113 127
3661.251 128
3661.389 131
3661.528 127
3661.666 127
3661.804 122
3661.942 114
3662.080 116
3662.218 111
3662.357 114
3662.495 120
3662.633 122
3662.771 128
3662.909 133
3663.048 138
3663.186 141
3663.324 147
3663.462 139
3663.600 131
3663.739 129
3663.877 122
3664.015 124
3664.153 131
3664.291 133
3664.430 132
3664.568 136
3664.706 138
3664.844 137
3664.983 144
3665.121 141
3665.259 134
3665.397 130
3665.536 123
3665.674 115
3665.812 106
3665.950 98
3666.089 85
3666.227 85
3666.365 89
3666.503 89
3666.642 92
3666.780 98
3666.918 103
3667.056 105
3667.195 98
3667.333 91
3667.471 90
3667.610 92
3667.748 94
3667.886 95
3668.024 97
3668.163 98
3668.301 105
3668.439 109
3668.578 115
3668.716 115
3668.854 116
3668.993 120
3669.131 122
3669.269 123
3669.407 126
3669.546 132
3669.684 135
3669.822 138
3669.961 149
3670.099 146
3670.237 144
3670.376 142
3670.514 134
3670.652 126
3670.791 116
3670.929 110
3671.068 95
3671.206 92
3671.344 93
3671.483 90
3671.621 88
3671.759 92
3671.898 98
3672.036 101
3672.174 100
3672.313 103
3672.451 105
3672.590 107
3672.728 108
3672.866 108
3673.005 106
3673.143 108
3673.282 108
3673.420 109
3673.558 110
3673.697 108
3673.835 102
3673.974 101
3674.112 103
3674.250 105
3674.389 107
3674.527 108
3674.666 105
3674.804 104
3674.942 100
3675.081 103
3675.219 106
3675.358 110
3675.496 123
3675.635 124
3675.773 125
3675.911 124
3676.050 120
3676.188 117
3676.327 117
3676.465 116
3676.604 117
3676.742 121
3676.881 121
3677.019 127
3677.158 138
3677.296 142
3677.435 149
3677.573 151
3677.712 155
3677.850 149
3677.988 142
3678.127 136
3678.265 129
3678.404 128
3678.542 129
3678.681 129
3678.819 128
3678.958 133
3679.096 136
3679.235 139
3679.373 141
3679.512 143
3679.651 144
3679.789 146
3679.928 153
3680.066 149
3680.205 148
3680.343 142
3680.482 131
3680.620 127
3680.759 123
3680.897 121
3681.036 114
3681.174 121
3681.313 128
3681.451 136
3681.590 146
3681.729 150
3681.867 152
3682.006 159
3682.144 172
3682.283 171
3682.421 169
3682.560 165
3682.699 169
3682.837 161
3682.976 151
3683.114 146
3683.253 140
3683.391 144
3683.530 154
3683.669 161
3683.807 160
3683.946 162
3684.084 166
3684.223 165
3684.362 163
3684.500 161
3684.639 156
3684.778 158
3684.916 157
3685.055 154
3685.193 150
3685.332 143
3685.471 138
3685.609 140
3685.748 142
3685.887 142
3686.025 145
3686.164 148
3686.302 148
3686.441 153
3686.580 154
3686.718 158
3686.857 159
3686.996 158
3687.134 156
3687.273 145
3687.412 138
3687.550 131
3687.689 124
3687.828 122
3687.966 120
3688.105 118
3688.244 116
3688.382 114
3688.521 113
3688.660 109
3688.799 105
3688.937 108
3689.076 116
3689.215 118
3689.353 124
3689.492 122
3689.631 117
3689.769 113
3689.908 108
3690.047 107
3690.186 102
3690.324 102
3690.463 102
3690.602 101
3690.741 100
3690.879 102
3691.018 104
3691.157 103
3691.296 104
3691.434 101
3691.573 95
3691.712 93
3691.851 87
3691.989 88
3692.128 91
3692.267 95
3692.406 101
3692.544 101
3692.683 102
3692.822 103
3692.961 104
3693.099 107
3693.238 110
3693.377 107
3693.516 102
3693.655 104
3693.793 99
3693.932 99
3694.071 100
3694.210 99
3694.349 98
3694.487 101
3694.626 107
3694.765 103
3694.904 99
3695.043 102
3695.181 105
3695.320 111
3695.459 117
3695.598 122
3695.737 124
3695.876 128
3696.014 141
3696.153 140
3696.292 138
3696.431 137
3696.570 143
3696.709 138
3696.847 135
3696.986 132
3697.125 118
3697.264 115
3697.403 106
3697.542 104
3697.681 97
3697.819 96
3697.958 97
3698.097 96
3698.236 98
3698.375 99
3698.514 103
3698.653 104
3698.792 114
3698.930 122
3699.069 133
3699.208 141
3699.347 149
3699.486 146
3699.625 137
3699.764 138
3699.903 133
3700.042 133
3700.181 132
3700.320 127
3700.458 121
3700.597 117
3700.736 110
3700.875 108
3701.014 107
3701.153 106
3701.292 100
3701.431 99
3701.570 101
3701.709 106
3701.848 115
3701.987 124
3702.126 129
3702.265 136
3702.404 141
3702.543 145
3702.681 157
3702.820 153
3702.959 151
3703.098 142
3703.237 129
3703.376 125
3703.515 122
3703.654 118
3703.793 117
3703.932 120
3704.071 121
3704.210 128
3704.349 135
3704.488 145
3704.627 158
3704.766 166
3704.905 180
3705.044 181
3705.183 180
3705.322 179
3705.461 185
3705.600 176
3705.739 169
3705.878 163
3706.017 146
3706.156 141
3706.295 136
3706.434 129
3706.574 127
3706.713 132
3706.852 138
3706.991 146
3707.130 157
3707.269 154
3707.408 152
3707.547 153
3707.686 154
3707.825 161
3707.964 168
3708.103 171
3708.242 173
3708.381 173
3708.520 170
3708.659 174
3708.798 173
3708.938 176
3709.077 183
3709.216 186
3709.355 191
3709.494 183
3709.633 175
3709.772 164
3709.911 147
3710.050 143
3710.189 141
3710.329 134
3710.468 130
3710.607 126
3710.746 117
3710.885 115
3711.024 119
3711.163 117
3711.302 115
3711.442 114
3711.581 116
3711.720 116
3711.859 115
3711.998 114
3712.137 114
3712.276 118
3712.415 122
3712.555 127
3712.694 135
3712.833 135
3712.972 137
3713.111 134
3713.250 135
3713.390 128
3713.529 123
3713.668 116
3713.807 111
3713.946 118
3714.085 123
3714.225 134
3714.364 142
3714.503 146
3714.642 150
3714.781 148
3714.921 141
3715.060 139
3715.199 136
3715.338 137
3715.477 146
3715.617 143
3715.756 143
3715.895 134
3716.034 123
3716.174 122
3716.313 112
3716.452 110
3716.591 100
3716.730 96
3716.870 91
3717.009 89
3717.148 90
3717.287 93
3717.427 93
3717.566 101
3717.705 110
3717.844 117
3717.984 125
3718.123 126
3718.262 132
3718.401 130
3718.541 131
3718.680 127
3718.819 122
3718.959 116
3719.098 111
3719.237 106
3719.376 103
3719.516 102
3719.655 98
3719.794 101
3719.934 97
3720.073 105
3720.212 114
3720.351 120
3720.491 131
3720.630 134
3720.769 141
3720.909 141
3721.048 142
3721.187 135
3721.327 130
3721.466 129
3721.605 115
3721.745 114
3721.884 113
3722.023 110
3722.163 108
3722.302 104
3722.441 102
3722.581 96
3722.720 95
3722.859 92
3722.999 87
3723.138 89
3723.277 92
3723.417 97
3723.556 105
3723.696 108
3723.835 111
3723.974 112
3724.114 114
3724.253 115
3724.392 118
3724.532 121
3724.671 123
3724.811 124
3724.950 130
3725.089 129
3725.229 129
3725.368 130
3725.508 130
3725.647 132
3725.786 134
3725.926 136
3726.065 145
3726.205 141
3726.344 142
3726.483 138
3726.623 131
3726.762 126
3726.902 120
3727.041 114
3727.181 104
3727.320 106
3727.459 107
3727.599 113
3727.738 126
3727.878 131
3728.017 139
3728.157 143
3728.296 152
3728.436 149
3728.575 147
3728.714 144
3728.854 136
3728.993 139
3729.133 142
3729.272 152
3729.412 161
3729.551 158
3729.691 156
3729.830 149
3729.970 143
3730.109 148
3730.249 151
3730.388 152
3730.528 150
3730.667 156
3730.807 158
3730.946 168
3731.086 177
3731.225 173
3731.365 170
3731.504 170
3731.644 156
3731.783 155
3731.923 159
3732.062 160
3732.202 159
3732.341 162
3732.481 168
3732.621 166
3732.760 156
3732.900 151
3733.039 146
3733.179 145
3733.318 136
3733.458 138
3733.597 140
3733.737 141
3733.877 150
3734.016 147
3734.156 142
3734.295 141
3734.435 143
3734.574 147
3734.714 156
3734.854 153
3734.993 152
3735.133 145
3735.272 137
3735.412 134
3735.551 133
3735.691 128
3735.831 119
3735.970 116
3736.110 113
3736.249 113
3736.389 118
3736.529 117
3736.668 118
3736.808 119
3736.948 123
3737.087 122
3737.227 118
3737.366 117
3737.506 114
3737.646 114
3737.785 113
3737.925 112
3738.065 108
3738.204 109
3738.344 112
3738.484 112
3738.623 114
3738.763 114
3738.903 107
3739.042 108
3739.182 103
3739.322 103
3739.461 115
3739.601 115
3739.741 110
3739.880 114
3740.020 117
3740.160 121
3740.299 128
3740.439 126
3740.579 115
3740.718 111
3740.858 103
3740.998 97
3741.137 92
3741.277 92
3741.417 94
3741.557 93
3741.696 98
3741.836 100
3741.976 106
3742.115 109
3742.255 117
3742.395 117
3742.535 112
3742.674 112
3742.814 117
3742.954 115
3743.094 110
3743.233 107
3743.373 103
3743.513 103
3743.653 100
3743.792 100
3743.932 96
3744.072 96
3744.212 95
3744.351 97
3744.491 96
3744.631 96
3744.771 102
3744.910 101
3745.050 98
3745.190 96
3745.330 98
3745.470 95
3745.609 92
3745.749 94
3745.889 96
3746.029 100
3746.169 104
3746.308 107
3746.448 107
3746.588 110
3746.728 114
3746.868 111
3747.007 108
3747.147 107
3747.287 101
3747.427 103
3747.567 106
3747.706 101
3747.846 101
3747.986 99
3748.126 93
3748.266 94
3748.406 99
3748.545 99
3748.685 101
3748.825 106
3748.965 109
3749.105 108
3749.245 110
3749.385 109
3749.524 108
3749.664 109
3749.804 109
3749.944 110
3750.084 110
3750.224 111
3750.364 114
3750.504 112
3750.643 107
3750.783 113
3750.923 119
3751.063 124
3751.203 136
3751.343 131
3751.483 123
3751.623 120
3751.763 119
3751.903 119
3752.042 115
3752.182 116
3752.322 115
3752.462 115
3752.602 119
3752.742 121
3752.882 130
3753.022 137
3753.162 146
3753.302 146
3753.442 153
3753.582 147
3753.722 138
3753.862 134
3754.002 128
3754.141 124
3754.281 119
3754.421 121
3754.561 121
3754.701 131
3754.841 142
3754.981 144
3755.121 147
3755.261 142
3755.401 136
3755.541 129
3755.681 120
3755.821 121
3755.961 123
3756.101 127
3756.241 130
3756.381 133
3756.521 140
3756.661 142
3756.801 143
3756.941 144
3757.081 145
3757.221 142
3757.361 142
3757.501 145
3757.641 145
3757.781 149
3757.921 154
3758.061 155
3758.201 152
3758.341 152
3758.481 155
3758.621 152
3758.761 150
3758.901 148
3759.041 145
3759.181 136
3759.322 130
3759.462 120
3759.602 105
3759.742 99
3759.882 92
3760.022 88
3760.162 79
3760.302 81
3760.442 83
3760.582 83
3760.722 81
3760.862 83
3761.002 86
3761.142 93
3761.283 99
3761.423 105
3761.563 111
3761.703 114
3761.843 112
3761.983 110
3762.123 105
3762.263 105
3762.403 103
3762.543 104
3762.684 107
3762.824 105
3762.964 110
3763.104 105
3763.244 98
3763.384 96
3763.524 95
3763.664 98
3763.805 103
3763.945 107
3764.085 115
3764.225 118
3764.365 121
3764.505 122
3764.645 119
3764.786 119
3764.926 111
3765.066 107
3765.206 108
3765.346 110
3765.486 112
3765.627 116
3765.767 123
3765.907 119
3766.047 117
3766.187 114
3766.327 108
3766.468 111
3766.608 111
3766.748 115
3766.888 120
3767.028 121
3767.169 122
3767.309 119
3767.449 123
3767.589 120
3767.729 117
3767.870 115
3768.010 115
3768.150 115
3768.290 115
3768.431 120
3768.571 126
3768.711 131
3768.851 140
3768.991 143
3769.132 140
3769.272 140
3769.412 138
3769.552 137
3769.693 139
3769.833 137
3769.973 135
3770.113 126
3770.254 120
3770.394 116
3770.534 109
3770.675 108
3770.815 105
3770.955 106
3771.095 106
3771.236 105
3771.376 107
3771.516 107
3771.656 103
3771.797 106
3771.937 103
3772.077 102
3772.218 102
3772.358 102
3772.498 102
3772.639 104
3772.779 105
3772.919 102
3773.059 106
3773.200 106
3773.340 107
3773.480 109
3773.621 112
3773.761 109
3773.901 103
3774.042 104
3774.182 106
3774.322 113
3774.463 125
3774.603 128
3774.743 121
3774.884 121
3775.024 118
3775.165 116
3775.305 119
3775.445 119
3775.586 118
3775.726 119
3775.866 112
3776.007 111
3776.147 104
3776.287 105
3776.428 108
3776.568 111
3776.709 112
3776.849 110
3776.989 103
3777.130 102
3777.270 101
3777.411 102
3777.551 104
3777.691 110
3777.832 116
3777.972 125
3778.113 136
3778.253 140
3778.393 144
3778.534 147
3778.674 159
3778.815 160
3778.955 161
3779.096 160
3779.236 158
3779.376 159
3779.517 158
3779.657 163
3779.798 173
3779.938 174
3780.079 177
3780.219 176
3780.359 170
3780.500 171
3780.640 166
3780.781 166
3780.921 172
3781.062 173
3781.202 175
3781.343 172
3781.483 166
3781.624 166
3781.764 163
3781.905 162
3782.045 153
3782.186 146
3782.326 143
3782.467 136
3782.607 124
3782.748 123
3782.888 120
3783.029 120
3783.169 122
3783.310 117
3783.450 107
3783.591 103
3783.731 96
3783.872 97
3784.012 93
3784.153 93
3784.293 91
3784.434 95
3784.574 95
3784.715 99
3784.855 102
3784.996 103
3785.136 100
3785.277 100
3785.418 104
3785.558 105
3785.699 108
3785.839 110
3785.980 118
3786.120 117
3786.261 112
3786.401 114
3786.542 109
3786.683 111
3786.823 111
3786.964 110
3787.104 109
3787.245 106
3787.386 105
3787.526 102
3787.667 98
3787.807 100
3787.948 101
3788.089 102
3788.229 101
3788.370 105
3788.510 109
3788.651 119
3788.792 127
3788.932 123
3789.073 125
3789.213 117
3789.354 108
3789.495 108
3789.635 103
3789.776 100
3789.917 98
3790.057 100
3790.198 102
3790.338 106
3790.479 106
3790.620 108
3790.760 111
3790.901 117
3791.042 119
3791.182 115
3791.323 111
3791.464 107
3791.604 100
3791.745 104
3791.886 111
3792.026 116
3792.167 121
3792.308 123
3792.448 126
3792.589 123
3792.730 116
3792.871 115
3793.011 114
3793.152 114
3793.293 112
3793.433 114
3793.574 113
3793.715 110
3793.855 109
3793.996 111
3794.137 114
3794.278 120
3794.418 126
3794.559 125
3794.700 125
3794.840 118
3794.981 123
3795.122 116
3795.263 106
3795.403 102
3795.544 99
3795.685 99
3795.826 97
3795.966 99
3796.107 101
3796.248 105
3796.389 110
3796.529 110
3796.670 113
3796.811 109
3796.952 103
3797.093 98
3797.233 86
3797.374 89
3797.515 94
3797.656 103
3797.796 113
3797.937 114
3798.078 118
3798.219 113
3798.360 116
3798.500 117
3798.641 121
3798.782 121
3798.923 120
3799.064 121
3799.204 117
3799.345 118
3799.486 124
3799.627 121
3799.768 115
3799.909 112
3800.049 117
3800.190 122
3800.331 133
3800.472 135
3800.613 138
3800.754 136
3800.894 132
3801.035 129
3801.176 123
3801.317 129
3801.458 132
3801.599 138
3801.740 141
3801.880 142
3802.021 142
3802.162 146
3802.303 149
3802.444 147
3802.585 150
3802.726 153
3802.866 152
3803.007 157
3803.148 165
3803.289 162
3803.430 155
3803.571 150
3803.712 146
3803.853 138
3803.994 131
3804.135 127
3804.275 121
3804.416 119
3804.557 123
3804.698 123
3804.839 121
3804.980 122
3805.121 116
3805.262 111
3805.403 108
3805.544 109
3805.685 109
3805.826 118
3805.967 128
3806.108 130
3806.248 144
3806.389 145
3806.530 151
3806.671 152
3806.812 153
3806.953 147
3807.094 136
3807.235 130
3807.376 115
3807.517 119
3807.658 124
3807.799 129
3807.940 135
3808.081 133
3808.222 134
3808.363 133
3808.504 129
3808.645 127
3808.786 122
3808.927 118
3809.068 117
3809.209 116
3809.350 113
3809.491 111
3809.632 108
3809.773 105
3809.914 105
3810.055 102
3810.196 93
3810.337 91
3810.478 85
3810.619 90
3810.760 96
3810.901 98
3811.042 103
3811.183 103
3811.324 107
3811.465 109
3811.606 110
3811.747 105
3811.889 103
3812.030 100
3812.171 95
3812.312 96
3812.453 105
3812.594 100
3812.735 95
3812.876 89
3813.017 77
3813.158 77
3813.299 76
3813.440 76
3813.581 77
3813.722 78
3813.864 77
3814.005 82
3814.146 83
3814.287 86
3814.428 92
3814.569 92
3814.710 99
3814.851 99
3814.992 102
3815.133 101
3815.275 105
3815.416 101
3815.557 99
3815.698 96
3815.839 86
3815.980 87
3816.121 87
3816.263 89
3816.404 87
3816.545 85
3816.686 85
3816.827 80
3816.968 81
3817.109 80
3817.251 79
3817.392 79
3817.533 71
3817.674 74
3817.815 82
3817.956 85
3818.098 97
3818.239 95
3818.380 97
3818.521 90
3818.662 85
3818.803 87
3818.945 83
3819.086 83
3819.227 83
3819.368 82
3819.509 80
3819.651 87
3819.792 93
3819.933 95
3820.074 96
3820.215 96
3820.357 103
3820.498 103
3820.639 105
3820.780 106
3820.922 109
3821.063 115
3821.204 125
3821.345 123
3821.486 123
3821.628 118
3821.769 111
3821.910 106
3822.051 109
3822.193 109
3822.334 111
3822.475 114
3822.616 115
3822.758 112
3822.899 106
3823.040 110
3823.182 113
3823.323 119
3823.464 127
3823.605 126
3823.747 119
3823.888 119
3824.029 114
3824.170 109
3824.312 110
3824.453 111
3824.594 112
3824.736 121
3824.877 132
3825.018 136
3825.160 140
3825.301 142
3825.442 143
3825.583 143
3825.725 148
3825.866 143
3826.007 136
3826.149 133
3826.290 127
3826.431 122
3826.573 119
3826.714 118
3826.855 123
3826.997 122
3827.138 118
3827.279 118
3827.421 113
3827.562 115
3827.704 114
3827.845 118
3827.986 124
3828.128 129
3828.269 129
3828.410 133
3828.552 141
3828.693 144
3828.834 152
3828.976 156
3829.117 159
3829.259 155
3829.400 154
3829.541 144
3829.683 138
3829.824 133
3829.966 131
3830.107 131
3830.248 129
3830.390 137
3830.531 143
3830.673 144
3830.814 149
3830.955 143
3831.097 134
3831.238 141
3831.380 141
3831.521 147
3831.663 153
3831.804 159
3831.945 170
3832.087 177
3832.228 188
3832.370 184
3832.511 179
3832.653 172
3832.794 165
3832.936 157
3833.077 150
3833.218 141
3833.360 128
3833.501 120
3833.643 109
3833.784 105
3833.926 99
3834.067 105
3834.209 108
3834.350 118
3834.492 130
3834.633 131
3834.775 133
3834.916 130
3835.058 128
3835.199 127
3835.341 123
3835.482 120
3835.624 118
3835.765 118
3835.907 117
3836.048 119
3836.190 116
3836.331 110
3836.473 101
3836.614 94
3836.756 84
3836.897 83
3837.039 81
3837.180 91
3837.322 98
3837.463 107
3837.605 118
3837.747 116
3837.888 110
3838.030 113
3838.171 110
3838.313 110
3838.454 118
3838.596 118
3838.737 118
3838.879 119
3839.021 123
3839.162 126
3839.304 129
3839.445 136
3839.587 142
3839.728 142
3839.870 144
3840.012 136
3840.153 126
3840.295 120
3840.436 112
3840.578 108
3840.720 108
3840.861 102
3841.003 93
3841.144 95
3841.286 90
3841.428 96
3841.569 102
3841.711 105
3841.853 111
3841.994 114
3842.136 117
3842.277 116
3842.419 121
3842.561 114
3842.702 108
3842.844 105
3842.986 103
3843.127 105
3843.269 105
3843.411 106
3843.552 103
3843.694 98
3843.836 94
3843.977 95
3844.119 94
3844.261 93
3844.402 92
3844.544 90
3844.686 89
3844.827 91
3844.969 92
3845.111 87
3845.252 85
3845.394 87
3845.536 87
3845.677 92
3845.819 94
3845.961 99
3846.102 99
3846.244 104
3846.386 108
3846.528 116
3846.669 125
3846.811 135
3846.953 156
3847.094 154
3847.236 153
3847.378 155
3847.520 156
3847.661 154
3847.803 153
3847.945 152
3848.087 147
3848.228 154
3848.370 161
3848.512 159
3848.654 156
3848.795 154
3848.937 148
3849.079 149
3849.221 148
3849.362 147
3849.504 146
3849.646 141
3849.788 137
3849.929 135
3850.071 129
3850.213 130
3850.355 131
3850.497 127
3850.638 126
3850.780 122
3850.922 121
3851.064 124
3851.206 125
3851.347 128
3851.489 130
3851.631 126
3851.773 119
3851.915 116
3852.056 108
3852.198 111
3852.340 108
3852.482 113
3852.624 119
3852.766 121
3852.907 125
3853.049 126
3853.191 121
3853.333 121
3853.475 122
3853.617 124
3853.758 125
3853.900 124
3854.042 125
3854.184 120
3854.326 114
3854.468 116
3854.610 120
3854.751 119
3854.893 119
3855.035 113
3855.177 108
3855.319 103
3855.461 103
3855.603 103
3855.745 102
3855.886 103
3856.028 101
3856.170 107
3856.312 110
3856.454 114
3856.596 129
3856.738 131
3856.880 137
3857.022 136
3857.164 134
3857.305 131
3857.447 126
3857.589 120
3857.731 109
3857.873 104
3858.015 98
3858.157 94
3858.299 87
3858.441 87
3858.583 86
3858.725 92
3858.867 94
3859.009 97
3859.151 103
3859.293 101
3859.435 100
3859.577 98
3859.718 96
3859.860 91
3860.002 89
3860.144 89
3860.286 91
3860.428 92
3860.570 93
3860.712 93
3860.854 93
3860.996 94
3861.138 103
3861.280 107
3861.422 111
3861.564 115
3861.706 116
3861.848 117
3861.990 119
3862.132 124
3862.274 131
3862.416 133
3862.558 136
3862.700 135
3862.842 134
3862.984 129
3863.126 121
3863.268 111
3863.410 103
3863.552 94
3863.694 86
3863.837 83
3863.979 77
3864.121 79
3864.263 84
3864.405 85
3864.547 86
3864.689 89
3864.831 93
3864.973 98
3865.115 100
3865.257 99
3865.399 99
3865.541 96
3865.683 96
3865.825 97
3865.967 96
3866.109 96
3866.252 101
3866.394 101
3866.536 97
3866.678 99
3866.820 102
3866.962 100
3867.104 101
3867.246 99
3867.388 94
3867.530 94
3867.673 95
3867.815 94
3867.957 86
3868.099 90
3868.241 96
3868.383 103
3868.525 113
3868.667 116
3868.810 123
3868.952 123
3869.094 124
3869.236 128
3869.378 135
3869.520 138
3869.662 139
3869.805 138
3869.947 131
3870.089 128
3870.231 124
3870.373 119
3870.515 112
3870.658 113
3870.800 107
3870.942 112
3871.084 116
3871.226 118
3871.368 123
3871.511 121
3871.653 120
3871.795 121
3871.937 114
3872.079 114
3872.222 110
3872.364 110
3872.506 109
3872.648 112
3872.790 116
3872.933 116
3873.075 115
3873.217 115
3873.359 117
3873.501 120
3873.644 128
3873.786 129
3873.928 132
3874.070 133
3874.213 135
3874.355 135
3874.497 136
3874.639 134
3874.782 135
3874.924 129
3875.066 129
3875.208 123
3875.351 118
3875.493 122
3875.635 123
3875.777 129
3875.920 138
3876.062 139
3876.204 140
3876.346 142
3876.489 154
3876.631 154
3876.773 155
3876.916 153
3877.058 146
3877.200 144
3877.342 143
3877.485 139
3877.627 130
3877.769 130
3877.912 130
3878.054 127
3878.196 123
3878.339 120
3878.481 114
3878.623 113
3878.766 110
3878.908 110
3879.050 109
3879.193 110
3879.335 107
3879.477 111
3879.620 117
3879.762 124
3879.904 131
3880.047 137
3880.189 145
3880.331 146
3880.474 147
3880.616 141
3880.758 132
3880.901 129
3881.043 130
3881.185 132
3881.328 131
3881.470 132
3881.613 130
3881.755 131
3881.897 128
3882.040 128
3882.182 132
3882.324 126
3882.467 119
3882.609 117
3882.752 106
3882.894 108
3883.036 114
3883.179 113
3883.321 112
3883.464 112
3883.606 114
3883.748 112
3883.891 113
3884.033 108
3884.176 100
3884.318 99
3884.461 94
3884.603 101
3884.745 108
3884.888 114
3885.030 124
3885.173 123
3885.315 125
3885.458 124
3885.600 118
3885.743 120
3885.885 122
3886.027 121
3886.170 125
3886.312 126
3886.455 128
3886.597 130
3886.740 128
3886.882 125
3887.025 125
3887.167 121
3887.310 111
3887.452 107
3887.595 100
3887.737 96
3887.880 91
3888.022 96
3888.165 99
3888.307 109
3888.450 115
3888.592 115
3888.735 118
3888.877 119
3889.020 113
3889.162 111
3889.305 111
3889.447 107
3889.590 99
3889.732 98
3889.875 94
3890.017 95
3890.160 104
3890.302 107
3890.445 111
3890.588 107
3890.730 108
3890.873 107
3891.015 107
3891.158 102
3891.300 94
3891.443 88
3891.585 82
3891.728 81
3891.871 79
3892.013 77
3892.156 75
3892.298 74
3892.441 67
3892.583 67
3892.726 70
3892.869 68
3893.011 66
3893.154 74
3893.296 84
3893.439 90
3893.582 102
3893.724 104
3893.867 112
3894.009 114
3894.152 116
3894.295 114
3894.437 115
3894.580 117
3894.722 116
3894.865 115
3895.008 111
3895.150 112
3895.293 112
3895.436 113
3895.578 114
3895.721 111
3895.864 112
3896.006 109
3896.149 107
3896.291 103
3896.434 97
3896.577 96
3896.719 97
3896.862 100
3897.005 101
3897.147 102
3897.290 107
3897.433 103
3897.575 92
3897.718 92
3897.861 91
3898.004 92
3898.146 99
3898.289 98
3898.432 97
3898.574 99
3898.717 100
3898.860 100
3899.002 96
3899.145 95
3899.288 105
3899.430 112
3899.573 114
3899.716 125
3899.859 142
3900.001 145
3900.144 148
3900.287 143
3900.430 144
3900.572 142
3900.715 142
3900.858 142
3901.000 138
3901.143 134
3901.286 126
3901.429 123
3901.571 113
3901.714 113
3901.857 112
3902.000 108
3902.142 107
3902.285 106
3902.428 103
3902.571 105
3902.714 100
3902.856 99
3902.999 96
3903.142 98
3903.285 99
3903.427 105
3903.570 112
3903.713 119
3903.856 130
3903.999 127
3904.141 122
3904.284 120
3904.427 119
3904.570 120
3904.713 121
3904.855 116
3904.998 109
3905.141 107
3905.284 106
3905.427 105
3905.570 104
3905.712 105
3905.855 106
3905.998 104
3906.141 102
3906.284 97
3906.427 93
3906.569 90
3906.712 80
3906.855 80
3906.998 82
3907.141 84
3907.284 83
3907.427 88
3907.569 90
3907.712 93
3907.855 105
3907.998 104
3908.141 108
3908.284 110
3908.427 110
3908.570 115
3908.712 121
3908.855 127
3908.998 125
3909.141 122
3909.284 121
3909.427 116
3909.570 117
3909.713 115
3909.856 112
3909.999 107
3910.141 99
3910.284 95
3910.427 92
3910.570 87
3910.713 72
3910.856 74
3910.999 73
3911.142 77
3911.285 87
3911.428 87
3911.571 82
3911.714 83
3911.857 82
3912.000 86
3912.142 91
3912.285 98
3912.428 105
3912.571 105
3912.714 106
3912.857 103
3913.000 99
3913.143 101
3913.286 102
3913.429 102
3913.572 109
3913.715 107
3913.858 102
3914.001 102
3914.144 99
3914.287 92
3914.430 89
3914.573 80
3914.716 67
3914.859 67
3915.002 65
3915.145 66
3915.288 62
3915.431 64
3915.574 67
3915.717 72
3915.860 80
3916.003 83
3916.146 89
3916.289 88
3916.432 84
3916.575 82
3916.718 79
3916.861 79
3917.004 78
3917.147 78
3917.290 76
3917.433 80
3917.577 83
3917.720 91
3917.863 103
3918.006 109
3918.149 115
3918.292 116
3918.435 117
3918.578 114
3918.721 118
3918.864 115
3919.007 106
3919.150 104
3919.293 106
3919.436 103
3919.580 105
3919.723 102
3919.866 96
3920.009 93
3920.152 95
3920.295 92
3920.438 88
3920.581 91
3920.724 96
3920.867 101
3921.011 106
3921.154 108
3921.297 111
3921.440 117
3921.583 130
3921.726 131
3921.869 136
3922.012 133
3922.156 129
3922.299 129
3922.442 129
3922.585 128
3922.728 123
3922.871 122
3923.014 122
3923.158 122
3923.301 122
3923.444 126
3923.587 127
3923.730 133
3923.873 141
3924.017 144
3924.160 149
3924.303 158
3924.446 168
3924.589 172
3924.733 178
3924.876 175
3925.019 172
3925.162 167
3925.305 158
3925.449 152
3925.592 136
3925.735 131
3925.878 126
3926.021 121
3926.165 118
3926.308 116
3926.451 111
3926.594 108
3926.737 108
3926.881 104
3927.024 103
3927.167 101
3927.310 104
3927.454 107
3927.597 114
3927.740 113
3927.883 109
3928.027 111
3928.170 113
3928.313 116
3928.456 123
3928.600 123
3928.743 122
3928.886 119
3929.029 125
3929.173 124
3929.316 120
3929.459 123
3929.602 117
3929.746 118
3929.889 114
3930.032 114
3930.176 113
3930.319 117
3930.462 120
3930.605 123
3930.749 134
3930.892 134
3931.035 139
3931.179 134
3931.322 131
3931.465 126
3931.609 118
3931.752 116
3931.895 113
3932.039 110
3932.182 105
3932.325 103
3932.469 89
3932.612 88
3932.755 87
3932.899 86
3933.042 81
3933.185 82
3933.329 81
3933.472 83
3933.615 86
3933.759 87
3933.902 94
3934.045 94
3934.189 96
3934.332 96
3934.475 94
3934.619 92
3934.762 95
3934.906 94
3935.049 93
3935.192 96
3935.336 97
3935.479 95
3935.623 92
3935.766 90
3935.909 92
3936.053 93
3936.196 90
3936.340 90
3936.483 90
3936.626 89
3936.770 88
3936.913 85
3937.057 94
3937.200 97
3937.343 100
3937.487 100
3937.630 108
3937.774 108
3937.917 103
3938.061 106
3938.204 110
3938.347 110
3938.491 107
3938.634 107
3938.778 94
3938.921 93
3939.065 92
3939.208 91
3939.352 94
3939.495 92
3939.639 92
3939.782 91
3939.925 88
3940.069 91
3940.212 97
3940.356 95
3940.499 90
3940.643 87
3940.786 85
3940.930 85
3941.073 85
3941.217 83
3941.360 82
3941.504 84
3941.647 86
3941.791 90
3941.934 100
3942.078 99
3942.221 104
3942.365 104
3942.508 103
3942.652 107
3942.795 109
3942.939 113
3943.083 111
3943.226 113
3943.370 119
3943.513 115
3943.657 110
3943.800 106
3943.944 97
3944.087 96
3944.231 98
3944.374 96
3944.518 91
3944.662 95
3944.805 94
3944.949 98
3945.092 109
3945.236 114
3945.379 119
3945.523 123
3945.666 127
3945.810 127
3945.954 125
3946.097 125
3946.241 125
3946.384 122
3946.528 124
3946.672 129
3946.815 127
3946.959 136
3947.102 144
3947.246 145
3947.390 146
3947.533 146
3947.677 143
3947.820 142
3947.964 135
3948.108 134
3948.251 131
3948.395 133
3948.539 137
3948.682 139
3948.826 138
3948.970 141
3949.113 144
3949.257 142
3949.400 140
3949.544 135
3949.688 129
3949.831 127
3949.975 128
3950.119 124
3950.262 121
3950.406 119
3950.550 112
3950.693 111
3950.837 112
3950.981 112
3951.124 110
3951.268 111
3951.412 111
3951.556 116
3951.699 119
3951.843 123
3951.987 138
3952.130 134
3952.274 128
3952.418 122
3952.561 113
3952.705 117
3952.849 121
3952.993 126
3953.136 131
3953.280 132
3953.424 135
3953.567 136
3953.711 136
3953.855 133
3953.999 125
3954.142 119
3954.286 108
3954.430 111
3954.574 110
3954.717 106
3954.861 106
3955.005 98
3955.149 88
3955.292 83
3955.436 84
3955.580 84
3955.724 86
3955.867 91
3956.011 87
3956.155 90
3956.299 99
3956.443 100
3956.586 107
3956.730 107
3956.874 109
3957.018 108
3957.161 107
3957.305 104
3957.449 97
3957.593 97
3957.737 95
3957.880 96
3958.024 102
3958.168 97
3958.312 86
3958.456 88
3958.600 87
3958.743 91
3958.887 95
3959.031 91
3959.175 86
3959.319 83
3959.463 76
3959.606 76
3959.750 75
3959.894 77
3960.038 78
3960.182 83
3960.326 87
3960.469 90
3960.613 100
3960.757 97
3960.901 93
3961.045 91
3961.189 85
3961.333 85
3961.477 84
3961.620 84
3961.764 79
3961.908 80
3962.052 85
3962.196 87
3962.340 90
3962.484 89
3962.628 88
3962.771 86
3962.915 84
3963.059 85
3963.203 84
3963.347 86
3963.491 92
3963.635 92
3963.779 97
3963.923 93
3964.067 92
3964.211 93
3964.355 91
3964.498 97
3964.642 105
3964.786 104
3964.930 101
3965.074 97
3965.218 92
3965.362 87
3965.506 84
3965.650 80
3965.794 74
3965.938 75
3966.082 77
3966.226 77
3966.370 83
3966.514 87
3966.658 88
3966.802 92
3966.946 99
3967.090 98
3967.234 96
3967.378 94
3967.522 86
3967.666 88
3967.810 89
3967.954 93
3968.098 105
3968.242 106
3968.386 108
3968.530 109
3968.674 114
3968.818 109
3968.962 107
3969.106 101
3969.250 93
3969.394 93
3969.538 93
3969.682 97
3969.826 99
3969.970 104
3970.114 107
3970.258 112
3970.402 113
3970.546 117
3970.690 122
3970.834 122
3970.978 122
3971.122 120
3971.266 113
3971.410 112
3971.554 112
3971.698 109
3971.842 103
3971.987 100
3972.131 106
3972.275 106
3972.419 108
3972.563 108
3972.707 114
3972.851 110
3972.995 106
3973.139 104
3973.283 94
3973.427 97
3973.571 101
3973.716 103
3973.860 109
3974.004 109
3974.148 109
3974.292 108
3974.436 109
3974.580 112
3974.724 116
3974.869 116
3975.013 121
3975.157 121
3975.301 123
3975.445 125
3975.589 130
3975.733 129
3975.877 128
3976.022 122
3976.166 110
3976.310 110
3976.454 110
3976.598 111
3976.742 112
3976.887 114
3977.031 113
3977.175 118
3977.319 129
3977.463 130
3977.607 132
3977.752 131
3977.896 135
3978.040 132
3978.184 129
3978.328 123
3978.472 114
3978.617 111
3978.761 109
3978.905 110
3979.049 108
3979.193 109
3979.338 110
3979.482 110
3979.626 108
3979.770 108
3979.915 109
3980.059 111
3980.203 122
3980.347 122
3980.491 121
3980.636 120
3980.780 118
3980.924 117
3981.068 114
3981.213 112
3981.357 111
3981.501 106
3981.645 98
3981.790 97
3981.934 101
3982.078 105
3982.222 109
3982.367 110
3982.511 110
3982.655 117
3982.799 125
3982.944 126
3983.088 126
3983.232 121
3983.377 114
3983.521 113
3983.665 110
3983.809 107
3983.954 103
3984.098 98
3984.242 83
3984.387 82
3984.531 83
3984.675 80
3984.820 88
3984.964 89
3985.108 90
3985.252 90
3985.397 88
3985.541 87
3985.685 86
3985.830 86
3985.974 91
3986.118 92
3986.263 91
3986.407 95
3986.551 98
3986.696 97
3986.840 98
3986.985 93
3987.129 85
3987.273 82
3987.418 80
3987.562 79
3987.706 78
3987.851 81
3987.995 87
3988.139 88
3988.284 90
3988.428 91
3988.573 89
3988.717 98
3988.861 107
3989.006 109
3989.150 114
3989.294 111
3989.439 111
3989.583 110
3989.728 105
3989.872 104
3990.016 98
3990.161 97
3990.305 92
3990.450 89
3990.594 80
3990.739 77
3990.883 74
3991.027 74
3991.172 69
3991.316 80
3991.461 91
3991.605 102
3991.750 111
3991.894 109
3992.038 108
3992.183 106
3992.327 97
3992.472 98
3992.616 98
3992.761 99
3992.905 96
3993.050 94
3993.194 94
3993.339 92
3993.483 92
3993.627 87
3993.772 82
3993.916 77
3994.061 72
3994.205 81
3994.350 93
3994.494 98
3994.639 106
3994.783 107
3994.928 106
3995.072 108
3995.217 110
3995.361 109
3995.506 106
3995.650 106
3995.795 109
3995.939 110
3996.084 114
3996.228 116
3996.373 117
3996.518 118
3996.662 113
3996.807 111
3996.951 119
3997.096 117
3997.240 119
3997.385 121
3997.529 117
3997.674 112
3997.818 109
3997.963 104
3998.108 96
3998.252 92
3998.397 83
3998.541 82
3998.686 83
3998.830 86
3998.975 88
3999.119 95
3999.264 100
3999.409 103
3999.553 110
3999.698 113
3999.842 114
3999.987 117
