600.046 733
600.101 733
600.156 733
600.211 733
600.266 733
600.321 715
600.376 717
600.431 726
600.486 738
600.541 762
600.596 785
600.651 806
600.706 844
600.761 868
600.816 885
600.871 885
600.927 868
600.982 848
601.037 819
601.092 806
601.147 780
601.202 752
601.257 733
601.312 720
601.367 715
601.422 707
601.477 722
601.532 748
601.588 778
601.643 825
601.698 849
601.753 868
601.808 862
601.863 855
601.918 834
601.973 799
602.028 770
602.083 736
602.139 719
602.194 707
602.249 705
602.304 709
602.359 704
602.414 704
602.469 712
602.525 724
602.580 748
602.635 774
602.690 797
602.745 825
602.800 839
602.855 832
602.911 819
602.966 801
603.021 772
603.076 752
603.131 740
603.186 725
603.242 709
603.297 702
603.352 696
603.407 695
603.462 717
603.518 743
603.573 761
603.628 805
603.683 829
603.738 839
603.793 859
603.849 863
603.904 847
603.959 835
604.014 814
604.070 783
604.125 758
604.180 744
604.235 732
604.290 725
604.346 719
604.401 718
604.456 707
604.511 708
604.567 728
604.622 750
604.677 784
604.732 814
604.788 836
604.843 844
604.898 827
604.953 802
605.009 769
605.064 744
605.119 725
605.174 707
605.230 695
605.285 683
605.340 677
605.395 667
605.451 672
605.506 684
605.561 687
605.616 713
605.672 723
605.727 734
605.782 751
605.838 751
605.893 741
605.948 733
606.004 708
606.059 697
606.114 694
606.169 688
606.225 681
606.280 673
606.335 670
606.391 669
606.446 666
606.501 665
606.557 682
606.612 697
606.667 714
606.723 731
606.778 724
606.833 719
606.889 710
606.944 700
606.999 696
607.055 685
607.110 683
607.165 682
607.221 682
607.276 686
607.332 689
607.387 704
607.442 709
607.498 717
607.553 718
607.608 727
607.664 735
607.719 750
607.775 755
607.830 752
607.885 749
607.941 728
607.996 720
608.051 713
608.107 708
608.162 702
608.218 696
608.273 687
608.329 690
608.384 692
608.439 698
608.495 703
608.550 720
608.606 742
608.661 759
608.716 769
608.772 779
608.827 780
608.883 781
608.938 760
608.994 730
609.049 724
609.104 706
609.160 707
609.215 714
609.271 711
609.326 713
609.382 722
609.437 721
609.493 727
609.548 732
609.604 745
609.659 747
609.715 756
609.770 766
609.825 768
609.881 758
609.936 737
609.992 716
610.047 688
610.103 684
610.158 685
610.214 682
610.269 683
610.325 694
610.380 706
610.436 722
610.491 749
610.547 758
610.602 769
610.658 781
610.713 795
610.769 795
610.825 785
610.880 759
610.936 732
610.991 729
611.047 720
611.102 714
611.158 707
611.213 696
611.269 700
611.324 702
611.380 700
611.435 706
611.491 709
611.547 726
611.602 743
611.658 744
611.713 748
611.769 746
611.824 742
611.880 739
611.936 732
611.991 721
612.047 697
612.102 687
612.158 687
612.213 692
612.269 720
612.325 762
612.380 799
612.436 833
612.491 866
612.547 883
612.603 887
612.658 889
612.714 887
612.769 872
612.825 853
612.881 834
612.936 803
612.992 778
613.048 745
613.103 723
613.159 693
613.214 695
613.270 705
613.326 717
613.381 745
613.437 775
613.493 788
613.548 824
613.604 873
613.660 926
613.715 972
613.771 983
613.827 979
613.882 940
613.938 907
613.994 872
614.049 823
614.105 786
614.161 754
614.216 741
614.272 728
614.328 727
614.383 737
614.439 747
614.495 770
614.550 808
614.606 844
614.662 877
614.717 911
614.773 943
614.829 944
614.885 936
614.940 912
614.996 880
615.052 850
615.107 813
615.163 773
615.219 750
615.275 741
615.330 736
615.386 743
615.442 745
615.498 751
615.553 763
615.609 785
615.665 812
615.721 842
615.776 860
615.832 874
615.888 863
615.944 834
615.999 806
616.055 766
616.111 738
616.167 717
616.222 699
616.278 691
616.334 697
616.390 706
616.446 720
616.501 745
616.557 774
616.613 814
616.669 845
616.724 890
616.780 902
616.836 898
616.892 886
616.948 845
617.003 824
617.059 806
617.115 793
617.171 768
617.227 762
617.283 759
617.338 760
617.394 770
617.450 770
617.506 781
617.562 793
617.618 817
617.673 847
617.729 885
617.785 892
617.841 910
617.897 902
617.953 890
618.008 876
618.064 842
618.120 818
618.176 790
618.232 776
618.288 770
618.344 757
618.399 750
618.455 754
618.511 757
618.567 781
618.623 799
618.679 816
618.735 838
618.791 845
618.847 852
618.902 852
618.958 834
619.014 811
619.070 792
619.126 772
619.182 752
619.238 741
619.294 728
619.350 717
619.406 697
619.461 705
619.517 699
619.573 706
619.629 714
619.685 720
619.741 736
619.797 747
619.853 755
619.909 745
619.965 741
620.021 727
620.077 709
620.133 698
620.189 689
620.245 681
620.301 676
620.357 677
620.412 680
620.468 683
620.524 691
620.580 717
620.636 746
620.692 775
620.748 805
620.804 794
620.860 779
620.916 766
620.972 734
621.028 719
621.084 705
621.140 688
621.196 673
621.252 673
621.308 676
621.364 682
621.420 691
621.476 695
621.532 705
621.588 716
621.644 743
621.700 755
621.756 768
621.812 776
621.868 777
621.924 763
621.980 744
622.037 728
622.093 706
622.149 688
622.205 673
622.261 659
622.317 645
622.373 652
622.429 665
622.485 676
622.541 688
622.597 703
622.653 717
622.709 729
622.765 748
622.821 744
622.877 738
622.933 733
622.990 718
623.046 709
623.102 696
623.158 682
623.214 665
623.270 660
623.326 662
623.382 658
623.438 661
623.494 680
623.550 698
623.607 719
623.663 754
623.719 777
623.775 787
623.831 796
623.887 799
623.943 770
623.999 753
624.056 733
624.112 705
624.168 701
624.224 688
624.280 680
624.336 681
624.392 685
624.448 686
624.505 695
624.561 713
624.617 729
624.673 752
624.729 778
624.785 792
624.842 799
624.898 789
624.954 774
625.010 749
625.066 714
625.122 691
625.179 674
625.235 667
625.291 663
625.347 670
625.403 671
625.460 668
625.516 695
625.572 726
625.628 751
625.684 784
625.741 798
625.797 808
625.853 811
625.909 809
625.965 798
626.022 781
626.078 760
626.134 738
626.190 725
626.246 716
626.303 711
626.359 713
626.415 703
626.471 701
626.528 705
626.584 708
626.640 716
626.696 736
626.753 745
626.809 757
626.865 759
626.921 747
626.978 734
627.034 714
627.090 706
627.146 690
627.203 681
627.259 673
627.315 662
627.372 661
627.428 667
627.484 666
627.540 686
627.597 703
627.653 730
627.709 761
627.766 790
627.822 803
627.878 798
627.935 801
627.991 786
628.047 778
628.103 760
628.160 744
628.216 730
628.272 720
628.329 716
628.385 721
628.441 730
628.498 744
628.554 758
628.610 784
628.667 804
628.723 831
628.779 837
628.836 842
628.892 822
628.948 795
629.005 771
629.061 745
629.117 715
629.174 696
629.230 685
629.287 672
629.343 674
629.399 690
629.456 709
629.512 720
629.568 730
629.625 737
629.681 736
629.738 757
629.794 770
629.850 773
629.907 776
629.963 772
630.020 763
630.076 751
630.132 740
630.189 724
630.245 723
630.302 717
630.358 717
630.414 715
630.471 722
630.527 723
630.584 737
630.640 759
630.697 772
630.753 785
630.809 796
630.866 818
630.922 818
630.979 820
631.035 807
631.092 790
631.148 775
631.205 760
631.261 741
631.317 722
631.374 726
631.430 727
631.487 733
631.543 743
631.600 749
631.656 760
631.713 769
631.769 775
631.826 770
631.882 767
631.939 761
631.995 744
632.052 727
632.108 718
632.165 706
632.221 694
632.278 695
632.334 692
632.391 698
632.447 714
632.504 721
632.560 732
632.617 741
632.673 766
632.730 786
632.786 810
632.843 836
632.899 838
632.956 832
633.012 820
633.069 800
633.125 790
633.182 783
633.239 771
633.295 765
633.352 776
633.408 768
633.465 764
633.521 761
633.578 750
633.634 764
633.691 768
633.748 774
633.804 790
633.861 775
633.917 757
633.974 752
634.030 728
634.087 713
634.144 699
634.200 687
634.257 664
634.313 660
634.370 663
634.427 656
634.483 652
634.540 658
634.596 669
634.653 685
634.710 715
634.766 725
634.823 733
634.879 738
634.936 729
634.993 722
635.049 702
635.106 686
635.163 667
635.219 656
635.276 652
635.332 653
635.389 661
635.446 671
635.502 686
635.559 707
635.616 730
635.672 745
635.729 750
635.786 758
635.842 760
635.899 753
635.956 747
636.012 729
636.069 720
636.126 705
636.182 690
636.239 680
636.296 672
636.352 671
636.409 677
636.466 684
636.522 691
636.579 700
636.636 710
636.693 719
636.749 719
636.806 734
636.863 743
636.919 740
636.976 735
637.033 718
637.090 711
637.146 699
637.203 692
637.260 693
637.316 692
637.373 699
637.430 708
637.487 718
637.543 731
637.600 737
637.657 745
637.714 759
637.770 767
637.827 762
637.884 765
637.941 742
637.997 728
638.054 719
638.111 704
638.168 698
638.224 691
638.281 690
638.338 691
638.395 697
638.451 696
638.508 702
638.565 716
638.622 722
638.679 729
638.735 745
638.792 754
638.849 759
638.906 762
638.963 736
639.019 702
639.076 680
639.133 665
639.190 668
639.247 676
639.303 672
639.360 671
639.417 673
639.474 663
639.531 670
639.588 681
639.644 693
639.701 716
639.758 746
639.815 760
639.872 763
639.929 766
639.985 747
640.042 740
640.099 730
640.156 718
640.213 707
640.270 694
640.327 695
640.384 688
640.440 703
640.497 720
640.554 737
640.611 766
640.668 784
640.725 800
640.782 816
640.839 832
640.895 829
640.952 808
641.009 789
641.066 741
641.123 720
641.180 707
641.237 692
641.294 678
641.351 664
641.408 662
641.464 665
641.521 690
641.578 718
641.635 758
641.692 802
641.749 839
641.806 850
641.863 857
641.920 848
641.977 836
642.034 817
642.091 803
642.148 777
642.205 750
642.262 748
642.318 746
642.375 739
642.432 732
642.489 731
642.546 727
642.603 740
642.660 775
642.717 803
642.774 833
642.831 860
642.888 868
642.945 849
643.002 831
643.059 806
643.116 767
643.173 740
643.230 729
643.287 716
643.344 708
643.401 711
643.458 715
643.515 723
643.572 741
643.629 749
643.686 753
643.743 761
643.800 765
643.857 764
643.914 752
643.971 736
644.028 715
644.085 697
644.142 685
644.199 679
644.256 670
644.313 673
644.370 671
644.428 680
644.485 693
644.542 707
644.599 717
644.656 724
644.713 730
644.770 742
644.827 749
644.884 762
644.941 759
644.998 745
645.055 729
645.112 712
645.169 689
645.226 681
645.284 676
645.341 667
645.398 665
645.455 667
645.512 668
645.569 669
645.626 665
645.683 663
645.740 661
645.797 663
645.855 674
645.912 689
645.969 702
646.026 703
646.083 691
646.140 688
646.197 687
646.254 681
646.312 674
646.369 676
646.426 684
646.483 698
646.540 722
646.597 734
646.654 748
646.711 770
646.769 788
646.826 793
646.883 789
646.940 779
646.997 764
647.054 752
647.112 744
647.169 734
647.226 722
647.283 712
647.340 714
647.397 701
647.455 687
647.512 687
647.569 684
647.626 690
647.683 700
647.741 720
647.798 737
647.855 745
647.912 761
647.969 748
648.027 739
648.084 723
648.141 698
648.198 686
648.256 672
648.313 672
648.370 664
648.427 671
648.484 688
648.542 694
648.599 710
648.656 721
648.713 725
648.771 725
648.828 732
648.885 738
648.942 738
649.000 735
649.057 737
649.114 720
649.171 703
649.229 696
649.286 675
649.343 668
649.400 665
649.458 663
649.515 662
649.572 678
649.630 702
649.687 719
649.744 738
649.801 744
649.859 751
649.916 746
649.973 741
650.031 727
650.088 716
650.145 701
650.202 676
650.260 671
650.317 663
650.374 663
650.432 665
650.489 663
650.546 663
650.604 666
650.661 684
650.718 699
650.776 716
650.833 734
650.890 753
650.948 747
651.005 733
651.062 714
651.120 689
651.177 683
651.234 677
651.292 670
651.349 662
651.406 669
651.464 680
651.521 708
651.579 736
651.636 766
651.693 795
651.751 819
651.808 849
651.865 845
651.923 836
651.980 812
652.038 785
652.095 761
652.152 742
652.210 724
652.267 705
652.325 697
652.382 682
652.439 666
652.497 652
652.554 655
652.612 663
652.669 675
652.726 693
652.784 703
652.841 718
652.899 725
652.956 720
653.014 706
653.071 695
653.128 680
653.186 665
653.243 670
653.301 678
653.358 691
653.416 692
653.473 690
653.531 696
653.588 697
653.645 704
653.703 699
653.760 698
653.818 702
653.875 698
653.933 694
653.990 686
654.048 675
654.105 663
654.163 661
654.220 660
654.278 663
654.335 665
654.393 666
654.450 670
654.508 673
654.565 684
654.623 688
654.680 687
654.738 695
654.795 712
654.853 714
654.910 720
654.968 725
655.025 709
655.083 695
655.140 693
655.198 675
655.255 660
655.313 648
655.370 632
655.428 633
655.485 634
655.543 645
655.601 658
655.658 673
655.716 696
655.773 706
655.831 715
655.888 725
655.946 740
656.003 734
656.061 725
656.119 702
656.176 681
656.234 678
656.291 680
656.349 679
656.406 681
656.464 683
656.522 689
656.579 698
656.637 706
656.694 715
656.752 726
656.810 723
656.867 732
656.925 720
656.982 704
657.040 685
657.098 664
657.155 658
657.213 651
657.270 660
657.328 668
657.386 675
657.443 689
657.501 700
657.559 709
657.616 719
657.674 731
657.732 748
657.789 763
657.847 760
657.904 752
657.962 747
658.020 744
658.077 732
658.135 718
658.193 704
658.250 681
658.308 671
658.366 661
658.423 656
658.481 651
658.539 659
658.596 666
658.654 676
658.712 695
658.769 710
658.827 723
658.885 738
658.943 755
659.000 745
659.058 735
659.116 724
659.173 700
659.231 693
659.289 677
659.346 664
659.404 655
659.462 655
659.520 660
659.577 676
659.635 700
659.693 717
659.751 732
659.808 743
659.866 746
659.924 740
659.981 734
660.039 725
660.097 713
660.155 695
660.212 683
660.270 677
660.328 670
660.386 675
660.443 680
660.501 677
660.559 683
660.617 690
660.675 703
660.732 724
660.790 746
660.848 751
660.906 747
660.963 739
661.021 719
661.079 701
661.137 680
661.195 670
661.252 650
661.310 649
661.368 651
661.426 651
661.484 645
661.541 648
661.599 654
661.657 670
661.715 688
661.773 700
661.830 708
661.888 711
661.946 709
662.004 703
662.062 697
662.120 692
662.177 685
662.235 675
662.293 664
662.351 653
662.409 645
662.467 649
662.525 662
662.582 672
662.640 687
662.698 711
662.756 737
662.814 749
662.872 772
662.930 761
662.987 739
663.045 730
663.103 712
663.161 689
663.219 671
663.277 653
663.335 635
663.393 637
663.451 642
663.508 647
663.566 654
663.624 675
663.682 694
663.740 719
663.798 750
663.856 756
663.914 769
663.972 769
664.030 767
664.088 755
664.145 746
664.203 722
664.261 700
664.319 684
664.377 662
664.435 659
664.493 649
664.551 660
664.609 684
664.667 695
664.725 716
664.783 727
664.841 728
664.899 733
664.957 743
665.015 725
665.073 709
665.131 699
665.188 683
665.246 671
665.304 663
665.362 660
665.420 662
665.478 677
665.536 697
665.594 721
665.652 750
665.710 764
665.768 779
665.826 776
665.884 781
665.942 778
666.000 765
666.058 757
666.116 740
666.174 728
666.232 714
666.290 702
666.348 680
666.406 674
666.464 673
666.522 668
666.581 670
666.639 680
666.697 694
666.755 715
666.813 745
666.871 751
666.929 751
666.987 750
667.045 737
667.103 722
667.161 718
667.219 699
667.277 678
667.335 676
667.393 667
667.451 672
667.509 674
667.567 673
667.626 682
667.684 680
667.742 702
667.800 717
667.858 724
667.916 737
667.974 730
668.032 724
668.090 717
668.148 701
668.206 676
668.265 668
668.323 662
668.381 663
668.439 669
668.497 671
668.555 684
668.613 689
668.671 703
668.729 713
668.788 723
668.846 738
668.904 734
668.962 731
669.020 718
669.078 701
669.136 684
669.195 667
669.253 655
669.311 641
669.369 637
669.427 638
669.485 640
669.543 650
669.602 649
669.660 667
669.718 686
669.776 710
669.834 750
669.893 747
669.951 743
670.009 739
670.067 714
670.125 702
670.183 686
670.242 667
670.300 645
670.358 652
670.416 662
670.474 671
670.533 691
670.591 712
670.649 740
670.707 771
670.765 810
670.824 822
670.882 830
670.940 827
670.998 826
671.057 806
671.115 780
671.173 763
671.231 725
671.290 707
671.348 696
671.406 690
671.464 698
671.522 710
671.581 717
671.639 724
671.697 744
671.756 782
671.814 812
671.872 828
671.930 826
671.989 824
672.047 830
672.105 816
672.163 797
672.222 782
672.280 770
672.338 767
672.397 770
672.455 772
672.513 788
672.571 820
672.630 870
672.688 937
672.746 987
672.805 1021
672.863 1063
672.921 1036
672.980 980
673.038 923
673.096 855
673.154 817
673.213 809
673.271 798
673.329 772
673.388 764
673.446 752
673.504 754
673.563 757
673.621 783
673.679 819
673.738 849
673.796 883
673.855 880
673.913 860
673.971 829
674.030 781
674.088 758
674.146 741
674.205 728
674.263 715
674.321 697
674.380 681
674.438 678
674.497 663
674.555 667
674.613 676
674.672 693
674.730 705
674.788 721
674.847 729
674.905 728
674.964 726
675.022 712
675.080 697
675.139 682
675.197 667
675.256 655
675.314 651
675.373 642
675.431 639
675.489 643
675.548 650
675.606 665
675.665 690
675.723 707
675.781 729
675.840 735
675.898 735
675.957 728
676.015 716
676.074 706
676.132 690
676.191 682
676.249 673
676.308 668
676.366 659
676.424 663
676.483 666
676.541 672
676.600 691
676.658 704
676.717 723
676.775 738
676.834 751
676.892 746
676.951 737
677.009 720
677.068 697
677.126 684
677.185 667
677.243 656
677.302 649
677.360 655
677.419 658
677.477 670
677.536 671
677.594 672
677.653 684
677.711 683
677.770 679
677.828 681
677.887 675
677.945 673
678.004 672
678.062 660
678.121 665
678.180 652
678.238 649
678.297 641
678.355 627
678.414 631
678.472 625
678.531 636
678.589 639
678.648 649
678.706 657
678.765 671
678.824 681
678.882 681
678.941 689
678.999 685
679.058 686
679.116 680
679.175 669
679.234 654
679.292 645
679.351 635
679.409 645
679.468 652
679.527 667
679.585 681
679.644 689
679.702 713
679.761 734
679.820 753
679.878 767
679.937 750
679.996 728
680.054 700
680.113 684
680.171 668
680.230 661
680.289 659
680.347 645
680.406 649
680.465 648
680.523 656
680.582 662
680.640 679
680.699 694
680.758 709
680.816 730
680.875 733
680.934 732
680.992 730
681.051 715
681.110 710
681.168 699
681.227 690
681.286 691
681.344 690
681.403 683
681.462 682
681.520 687
681.579 696
681.638 712
681.697 715
681.755 728
681.814 732
681.873 738
681.931 734
681.990 731
682.049 713
682.107 691
682.166 676
682.225 653
682.284 644
682.342 633
682.401 632
682.460 630
682.519 640
682.577 648
682.636 651
682.695 672
682.753 677
682.812 682
682.871 685
682.930 691
682.988 690
683.047 674
683.106 666
683.165 659
683.223 663
683.282 666
683.341 675
683.400 670
683.459 674
683.517 684
683.576 700
683.635 699
683.694 700
683.752 693
683.811 694
683.870 702
683.929 698
683.988 698
684.046 696
684.105 690
684.164 674
684.223 667
684.282 654
684.340 639
684.399 638
684.458 636
684.517 641
684.576 649
684.634 676
684.693 705
684.752 733
684.811 775
684.870 788
684.929 795
684.987 791
685.046 786
685.105 759
685.164 728
685.223 706
685.282 682
685.341 677
685.399 670
685.458 663
685.517 654
685.576 661
685.635 679
685.694 697
685.753 734
685.811 755
685.870 767
685.929 780
685.988 765
686.047 746
686.106 738
686.165 720
686.224 695
686.282 675
686.341 662
686.400 651
686.459 642
686.518 651
686.577 660
686.636 673
686.695 705
686.754 722
686.813 739
686.872 751
686.930 756
686.989 747
687.048 728
687.107 715
687.166 696
687.225 684
687.284 675
687.343 668
687.402 654
687.461 644
687.520 642
687.579 645
687.638 649
687.697 656
687.756 663
687.815 665
687.874 674
687.933 684
687.991 685
688.050 684
688.109 678
688.168 667
688.227 663
688.286 657
688.345 651
688.404 641
688.463 634
688.522 621
688.581 614
688.640 616
688.699 621
688.758 629
688.817 652
688.876 650
688.935 639
688.994 633
689.053 624
689.112 629
689.171 628
689.230 625
689.289 624
689.348 621
689.407 627
689.466 631
689.525 640
689.585 652
689.644 662
689.703 672
689.762 680
689.821 681
689.880 687
689.939 682
689.998 678
690.057 671
690.116 665
690.175 664
690.234 656
690.293 654
690.352 655
690.411 659
690.470 657
690.529 663
690.589 668
690.648 670
690.707 672
690.766 676
690.825 675
690.884 672
690.943 670
691.002 664
691.061 649
691.120 641
691.179 632
691.239 627
691.298 620
691.357 623
691.416 620
691.475 625
691.534 636
691.593 643
691.652 659
691.712 663
691.771 664
691.830 662
691.889 680
691.948 674
692.007 669
692.066 665
692.125 639
692.185 630
692.244 621
692.303 616
692.362 610
692.421 610
692.480 615
692.540 612
692.599 612
692.658 607
692.717 609
692.776 608
692.835 618
692.895 619
692.954 613
693.013 595
693.072 597
693.131 595
693.191 597
693.250 594
693.309 598
693.368 602
693.427 602
693.487 602
693.546 591
693.605 587
693.664 588
693.723 586
693.783 600
693.842 618
693.901 629
693.960 636
694.019 652
694.079 647
694.138 643
694.197 640
694.256 628
694.316 627
694.375 620
694.434 627
694.493 621
694.553 613
694.612 614
694.671 614
694.730 629
694.790 643
694.849 664
694.908 680
694.967 682
695.027 674
695.086 659
695.145 640
695.205 630
695.264 633
695.323 633
695.382 642
695.442 658
695.501 672
695.560 687
695.620 705
695.679 734
695.738 753
695.797 765
695.857 774
695.916 798
695.975 800
696.035 808
696.094 815
696.153 802
696.213 811
696.272 823
696.331 815
696.391 810
696.450 800
696.509 791
696.569 781
696.628 778
696.687 773
696.747 770
696.806 779
696.865 787
696.925 790
696.984 788
697.043 780
697.103 776
697.162 771
697.222 767
697.281 768
697.340 762
697.400 762
697.459 767
697.518 762
697.578 760
697.637 765
697.697 769
697.756 781
697.815 798
697.875 800
697.934 800
697.994 797
698.053 781
698.112 770
698.172 753
698.231 743
698.291 734
698.350 727
698.409 719
698.469 709
698.528 709
698.588 712
698.647 720
698.707 729
698.766 741
698.825 743
698.885 745
698.944 735
699.004 734
699.063 730
699.123 717
699.182 713
699.241 702
699.301 694
699.360 693
699.420 691
699.479 693
699.539 694
699.598 696
699.658 700
699.717 710
699.777 710
699.836 716
699.896 719
699.955 711
700.015 702
700.074 682
700.134 665
700.193 646
700.253 641
700.312 639
700.372 635
700.431 627
700.491 620
700.550 618
700.610 618
700.669 626
700.729 637
700.788 636
700.848 652
700.907 667
700.967 670
701.026 673
701.086 671
701.145 666
701.205 665
701.264 663
701.324 664
701.383 656
701.443 654
701.503 661
701.562 676
701.622 695
701.681 721
701.741 754
701.800 778
701.860 802
701.919 805
701.979 801
702.039 772
702.098 753
702.158 737
702.217 732
702.277 725
702.337 721
702.396 705
702.456 684
702.515 678
702.575 667
702.634 674
702.694 689
702.754 698
702.813 707
702.873 719
702.933 726
702.992 733
703.052 733
703.111 727
703.171 713
703.231 710
703.290 696
703.350 685
703.409 675
703.469 673
703.529 662
703.588 665
703.648 665
703.708 666
703.767 670
703.827 682
703.887 696
703.946 699
704.006 691
704.066 665
704.125 642
704.185 618
704.245 616
704.304 622
704.364 626
704.424 633
704.483 638
704.543 641
704.603 646
704.662 651
704.722 645
704.782 643
704.841 639
704.901 638
704.961 642
705.021 641
705.080 637
705.140 628
705.200 626
705.259 631
705.319 646
705.379 656
705.438 649
705.498 640
705.558 632
705.618 628
705.677 622
705.737 626
705.797 627
705.857 630
705.916 637
705.976 634
706.036 633
706.096 635
706.155 634
706.215 636
706.275 638
706.335 638
706.394 632
706.454 630
706.514 628
706.574 629
706.633 632
706.693 644
706.753 662
706.813 679
706.872 710
706.932 722
706.992 727
707.052 710
707.112 682
707.171 662
707.231 648
707.291 639
707.351 626
707.411 631
707.470 638
707.530 644
707.590 655
707.650 659
707.710 665
707.769 671
707.829 687
707.889 696
707.949 704
708.009 707
708.069 716
708.128 707
708.188 700
708.248 688
708.308 664
708.368 653
708.428 643
708.488 635
708.547 632
708.607 629
708.667 628
708.727 636
708.787 639
708.847 646
708.907 658
708.966 663
709.026 670
709.086 669
709.146 660
709.206 649
709.266 640
709.326 627
709.386 618
709.445 616
709.505 613
709.565 622
709.625 631
709.685 642
709.745 653
709.805 652
709.865 643
709.925 642
709.985 644
710.044 649
710.104 648
710.164 655
710.224 641
710.284 629
710.344 618
710.404 610
710.464 604
710.524 609
710.584 618
710.644 616
710.704 638
710.764 649
710.824 663
710.884 679
710.944 676
711.003 674
711.063 664
711.123 658
711.183 655
711.243 645
711.303 635
711.363 624
711.423 612
711.483 610
711.543 609
711.603 620
711.663 634
711.723 644
711.783 653
711.843 666
711.903 677
711.963 674
712.023 679
712.083 671
712.143 649
712.203 650
712.263 646
712.323 638
712.383 634
712.443 628
712.503 626
712.563 624
712.623 632
712.683 644
712.743 659
712.803 680
712.863 690
712.923 690
712.983 677
713.044 666
713.104 646
713.164 644
713.224 643
713.284 636
713.344 643
713.404 631
713.464 631
713.524 624
713.584 616
713.644 624
713.704 632
713.764 648
713.824 683
713.884 700
713.944 712
714.005 724
714.065 730
714.125 723
714.185 709
714.245 696
714.305 670
714.365 659
714.425 649
714.485 647
714.545 646
714.606 645
714.666 645
714.726 648
714.786 667
714.846 686
714.906 707
714.966 714
715.026 714
715.086 698
715.147 681
715.207 659
715.267 643
715.327 635
715.387 629
715.447 628
715.507 623
715.568 632
715.628 636
715.688 642
715.748 651
715.808 653
715.868 658
715.929 656
715.989 671
716.049 675
716.109 683
716.169 682
716.229 669
716.290 661
716.350 645
716.410 643
716.470 634
716.530 633
716.591 630
716.651 629
716.711 631
716.771 637
716.831 645
716.892 658
716.952 664
717.012 664
717.072 664
717.132 657
717.193 665
717.253 663
717.313 670
717.373 669
717.434 666
717.494 663
717.554 666
717.614 671
717.675 680
717.735 688
717.795 695
717.855 701
717.915 703
717.976 702
718.036 690
718.096 678
718.157 679
718.217 670
718.277 665
718.337 655
718.398 637
718.458 637
718.518 644
718.578 652
718.639 654
718.699 659
718.759 674
718.820 686
718.880 702
718.940 711
719.000 709
719.061 710
719.121 707
719.181 715
719.242 713
719.302 724
719.362 738
719.423 751
719.483 772
719.543 807
719.604 846
719.664 898
719.724 958
719.785 1020
719.845 1091
719.905 1135
719.966 1180
720.026 1222
720.086 1264
720.147 1309
720.207 1356
720.267 1369
720.328 1383
720.388 1378
720.448 1378
720.509 1355
720.569 1326
720.629 1305
720.690 1274
720.750 1255
720.811 1241
720.871 1223
720.931 1212
720.992 1219
721.052 1225
721.112 1242
721.173 1265
721.233 1278
721.294 1292
721.354 1289
721.414 1288
721.475 1275
721.535 1255
721.596 1252
721.656 1239
721.716 1211
721.777 1189
721.837 1168
721.898 1140
721.958 1150
722.019 1143
722.079 1146
722.139 1154
722.200 1151
722.260 1150
722.321 1139
722.381 1131
722.442 1096
722.502 1065
722.562 1032
722.623 998
722.683 996
722.744 1005
722.804 1012
722.865 1007
722.925 1023
722.986 1010
723.046 998
723.107 993
723.167 993
723.228 996
723.288 1003
723.349 1020
723.409 1007
723.469 1011
723.530 1002
723.590 986
723.651 975
723.711 964
723.772 947
723.832 928
723.893 917
723.953 899
724.014 888
724.074 873
724.135 863
724.196 847
724.256 843
724.317 836
724.377 832
724.438 824
724.498 832
724.559 842
724.619 861
724.680 879
724.740 879
724.801 878
724.861 879
724.922 889
724.982 879
725.043 865
725.104 844
725.164 825
725.225 813
725.285 811
725.346 799
725.406 784
725.467 775
725.528 763
725.588 763
725.649 762
725.709 776
725.770 788
725.830 803
725.891 821
725.952 824
726.012 825
726.073 830
726.133 833
726.194 825
726.255 814
726.315 795
726.376 777
726.436 775
726.497 769
726.558 766
726.618 761
726.679 761
726.740 760
726.800 766
726.861 765
726.921 766
726.982 761
727.043 760
727.103 751
727.164 746
727.225 748
727.285 745
727.346 742
727.407 747
727.467 751
727.528 751
727.589 755
727.649 753
727.710 754
727.771 754
727.831 753
727.892 746
727.953 745
728.013 739
728.074 737
728.135 738
728.195 733
728.256 740
728.317 738
728.377 731
728.438 727
728.499 716
728.559 707
728.620 713
728.681 717
728.742 721
728.802 745
728.863 765
728.924 784
728.984 798
729.045 812
729.106 796
729.167 782
729.227 763
729.288 733
729.349 720
729.410 715
729.470 711
729.531 701
729.592 708
729.652 721
729.713 727
729.774 741
729.835 760
729.896 779
729.956 794
730.017 808
730.078 795
730.139 783
730.199 772
730.260 759
730.321 750
730.382 741
730.442 724
730.503 712
730.564 704
730.625 700
730.686 691
730.746 687
730.807 694
730.868 699
730.929 711
730.990 722
731.050 720
731.111 723
731.172 715
731.233 703
731.294 696
731.354 689
731.415 685
731.476 686
731.537 690
731.598 693
731.659 694
731.719 697
731.780 698
731.841 701
731.902 705
731.963 705
732.024 712
732.084 717
732.145 716
732.206 714
732.267 715
732.328 709
732.389 710
732.450 708
732.510 706
732.571 708
732.632 709
732.693 711
732.754 711
732.815 714
732.876 717
732.937 722
732.998 724
733.058 725
733.119 723
733.180 723
733.241 716
733.302 713
733.363 709
733.424 707
733.485 709
733.546 714
733.607 712
733.667 712
733.728 713
733.789 717
733.850 718
733.911 712
733.972 720
734.033 716
734.094 716
734.155 713
734.216 710
734.277 716
734.338 718
734.399 727
734.460 729
734.521 732
734.581 733
734.642 745
734.703 744
734.764 739
734.825 746
734.886 743
734.947 742
735.008 743
735.069 741
735.130 736
735.191 733
735.252 731
735.313 725
735.374 722
735.435 721
735.496 723
735.557 712
735.618 705
735.679 703
735.740 697
735.801 708
735.862 712
735.923 719
735.984 724
736.045 729
736.106 737
736.167 733
736.228 736
736.289 727
736.350 720
736.411 717
736.472 712
736.533 713
736.594 710
736.655 704
736.717 703
736.778 703
736.839 710
736.900 720
736.961 712
737.022 709
737.083 702
737.144 695
737.205 696
737.266 695
737.327 699
737.388 698
737.449 701
737.510 711
737.571 729
737.632 743
737.694 755
737.755 765
737.816 779
737.877 786
737.938 788
737.999 785
738.060 779
738.121 766
738.182 759
738.243 747
738.305 739
738.366 736
738.427 733
738.488 728
738.549 724
738.610 719
738.671 716
738.732 721
738.794 725
738.855 737
738.916 755
738.977 768
739.038 767
739.099 754
739.160 737
739.222 727
739.283 715
739.344 703
739.405 697
739.466 691
739.527 683
739.588 688
739.650 693
739.711 699
739.772 710
739.833 716
739.894 708
739.955 710
740.017 717
740.078 722
740.139 731
740.200 731
740.261 726
740.323 725
740.384 724
740.445 726
740.506 733
740.567 733
740.629 735
740.690 733
740.751 743
740.812 751
740.873 759
740.935 761
740.996 770
741.057 760
741.118 738
741.180 732
741.241 719
741.302 717
741.363 714
741.425 702
741.486 682
741.547 676
741.608 675
741.670 681
741.731 700
741.792 711
741.853 726
741.915 738
741.976 764
742.037 770
742.098 765
742.160 762
742.221 747
742.282 725
742.343 710
742.405 699
742.466 674
742.527 670
742.589 668
742.650 675
742.711 679
742.773 701
742.834 710
742.895 721
742.956 737
743.018 741
743.079 739
743.140 738
743.202 735
743.263 717
743.324 707
743.386 694
743.447 679
743.508 684
743.570 685
743.631 695
743.692 703
743.754 703
743.815 704
743.876 700
743.938 705
743.999 697
744.060 687
744.122 685
744.183 684
744.244 678
744.306 673
744.367 676
744.429 673
744.490 683
744.551 689
744.613 691
744.674 694
744.735 698
744.797 701
744.858 697
744.920 709
744.981 698
745.042 691
745.104 690
745.165 680
745.227 687
745.288 695
745.349 706
745.411 713
745.472 714
745.534 719
745.595 712
745.656 713
745.718 719
745.779 723
745.841 730
745.902 740
745.964 740
746.025 735
746.086 732
746.148 728
746.209 729
746.271 729
746.332 725
746.394 712
746.455 704
746.516 688
746.578 677
746.639 663
746.701 657
746.762 657
746.824 663
746.885 675
746.947 680
747.008 676
747.070 669
747.131 654
747.193 644
747.254 632
747.316 629
747.377 621
747.439 629
747.500 639
747.562 646
747.623 663
747.685 670
747.746 679
747.808 685
747.869 696
747.931 700
747.992 702
748.054 693
748.115 682
748.177 671
748.238 658
748.300 655
748.361 654
748.423 651
748.484 650
748.546 651
748.607 656
748.669 660
748.731 662
748.792 670
748.854 681
748.915 685
748.977 682
749.038 681
749.100 672
749.161 663
749.223 662
749.285 658
749.346 659
749.408 667
749.469 678
749.531 681
749.592 681
749.654 684
749.716 682
749.777 687
749.839 689
749.900 693
749.962 693
750.024 694
750.085 697
750.147 693
750.208 690
750.270 693
750.332 701
750.393 706
750.455 713
750.516 723
750.578 729
750.640 727
750.701 727
750.763 710
750.825 718
750.886 724
750.948 728
751.010 736
751.071 749
751.133 731
751.194 717
751.256 699
751.318 671
751.379 664
751.441 657
751.503 662
751.564 666
751.626 681
751.688 702
751.749 717
751.811 739
751.873 751
751.934 757
751.996 756
752.058 756
752.119 746
752.181 734
752.243 723
752.305 706
752.366 692
752.428 680
752.490 666
752.551 660
752.613 659
752.675 660
752.736 665
752.798 671
752.860 669
752.922 663
752.983 655
753.045 654
753.107 655
753.169 661
753.230 670
753.292 664
753.354 661
753.415 662
753.477 658
753.539 660
753.601 669
753.662 684
753.724 700
753.786 712
753.848 716
753.910 710
753.971 708
754.033 708
754.095 698
754.157 689
754.218 669
754.280 650
754.342 646
754.404 640
754.465 641
754.527 647
754.589 651
754.651 657
754.713 666
754.774 680
754.836 687
754.898 694
754.960 699
755.022 712
755.083 717
755.145 725
755.207 727
755.269 728
755.331 717
755.393 703
755.454 690
755.516 676
755.578 678
755.640 672
755.702 678
755.764 681
755.825 684
755.887 693
755.949 698
756.011 710
756.073 710
756.135 710
756.196 715
756.258 722
756.320 725
756.382 724
756.444 722
756.506 707
756.568 712
756.630 719
756.691 711
756.753 714
756.815 717
756.877 719
756.939 732
757.001 747
757.063 743
757.125 735
757.187 732
757.248 716
757.310 709
757.372 710
757.434 701
757.496 693
757.558 690
757.620 686
757.682 693
757.744 697
757.806 709
757.868 714
757.929 713
757.991 718
758.053 708
758.115 699
758.177 686
758.239 668
758.301 663
758.363 668
758.425 673
758.487 668
758.549 666
758.611 661
758.673 660
758.735 660
758.797 663
758.859 659
758.921 663
758.983 690
759.045 694
759.107 697
759.169 706
759.231 685
759.293 682
759.354 682
759.416 679
759.478 680
759.540 682
759.602 688
759.664 689
759.726 689
759.788 694
759.850 696
759.912 694
759.974 687
760.037 685
760.099 678
760.161 677
760.223 670
760.285 662
760.347 658
760.409 659
760.471 665
760.533 680
760.595 696
760.657 708
760.719 724
760.781 734
760.843 740
760.905 743
760.967 744
761.029 726
761.091 710
761.153 696
761.215 685
761.277 683
761.339 682
761.401 682
761.464 673
761.526 676
761.588 681
761.650 682
761.712 683
761.774 682
761.836 679
761.898 676
761.960 679
762.022 670
762.084 666
762.147 663
762.209 659
762.271 659
762.333 657
762.395 661
762.457 660
762.519 666
762.581 670
762.643 672
762.706 678
762.768 679
762.830 678
762.892 676
762.954 672
763.016 660
763.078 642
763.140 636
763.203 624
763.265 623
763.327 633
763.389 633
763.451 641
763.513 653
763.576 661
763.638 670
763.700 686
763.762 678
763.824 666
763.886 672
763.949 670
764.011 680
764.073 687
764.135 676
764.197 668
764.260 664
764.322 655
764.384 656
764.446 663
764.508 660
764.570 666
764.633 666
764.695 680
764.757 690
764.819 696
764.882 708
764.944 712
765.006 710
765.068 705
765.130 703
765.193 698
765.255 688
765.317 681
765.379 668
765.442 653
765.504 644
765.566 636
765.628 627
765.691 625
765.753 634
765.815 646
765.877 658
765.940 681
766.002 682
766.064 683
766.126 684
766.189 664
766.251 657
766.313 648
766.375 641
766.438 639
766.500 637
766.562 632
766.625 634
766.687 639
766.749 653
766.811 663
766.874 666
766.936 668
766.998 675
767.061 675
767.123 681
767.185 688
767.248 683
767.310 692
767.372 696
767.435 690
767.497 679
767.559 681
767.621 669
767.684 666
767.746 684
767.808 706
767.871 715
767.933 737
767.996 750
768.058 749
768.120 761
768.183 754
768.245 739
768.307 721
768.370 714
768.432 703
768.494 692
768.557 677
768.619 668
768.681 651
768.744 655
768.806 661
768.869 665
768.931 668
768.993 678
769.056 690
769.118 692
769.180 694
769.243 683
769.305 675
769.368 667
769.430 654
769.492 660
769.555 669
769.617 681
769.680 698
769.742 703
769.805 709
769.867 716
769.929 723
769.992 727
770.054 731
770.117 728
770.179 714
770.242 706
770.304 699
770.366 695
770.429 699
770.491 697
770.554 695
770.616 697
770.679 704
770.741 709
770.804 712
770.866 724
770.928 724
770.991 723
771.053 715
771.116 703
771.178 693
771.241 673
771.303 662
771.366 653
771.428 647
771.491 649
771.553 651
771.616 651
771.678 657
771.741 666
771.803 677
771.866 686
771.928 691
771.991 690
772.053 680
772.116 669
772.178 657
772.241 650
772.303 641
772.366 637
772.428 633
772.491 632
772.553 637
772.616 642
772.678 652
772.741 664
772.804 676
772.866 681
772.929 692
772.991 689
773.054 687
773.116 683
773.179 678
773.241 667
773.304 658
773.367 657
773.429 649
773.492 643
773.554 633
773.617 625
773.679 626
773.742 641
773.805 661
773.867 673
773.930 672
773.992 669
774.055 663
774.117 662
774.180 657
774.243 647
774.305 638
774.368 636
774.430 633
774.493 640
774.556 649
774.618 655
774.681 668
774.744 673
774.806 675
774.869 677
774.931 669
774.994 664
775.057 665
775.119 666
775.182 671
775.245 670
775.307 669
775.370 668
775.433 665
775.495 660
775.558 656
775.620 651
775.683 653
775.746 662
775.808 676
775.871 685
775.934 691
775.996 682
776.059 667
776.122 666
776.184 656
776.247 654
776.310 650
776.373 645
776.435 641
776.498 641
776.561 641
776.623 637
776.686 633
776.749 631
776.811 625
776.874 633
776.937 647
777.000 660
777.062 671
777.125 669
777.188 667
777.250 662
777.313 659
777.376 649
777.439 642
777.501 641
777.564 643
777.627 648
777.690 656
777.752 656
777.815 660
777.878 661
777.941 661
778.003 667
778.066 664
778.129 655
778.192 642
778.254 636
778.317 633
778.380 640
778.443 641
778.505 638
778.568 635
778.631 641
778.694 646
778.757 658
778.819 669
778.882 676
778.945 673
779.008 661
779.070 649
779.133 632
779.196 615
779.259 601
779.322 588
779.384 576
779.447 587
779.510 601
779.573 622
779.636 637
779.699 643
779.761 653
779.824 670
779.887 679
779.950 683
780.013 671
780.076 650
780.138 636
780.201 634
780.264 633
780.327 639
780.390 640
780.453 625
780.515 620
780.578 617
780.641 616
780.704 619
780.767 624
780.830 630
780.893 638
780.956 649
781.018 658
781.081 652
781.144 645
781.207 636
781.270 614
781.333 601
781.396 597
781.459 602
781.521 617
781.584 630
781.647 637
781.710 643
781.773 646
781.836 648
781.899 654
781.962 668
782.025 672
782.088 665
782.151 658
782.214 650
782.276 644
782.339 636
782.402 630
782.465 625
782.528 621
782.591 624
782.654 626
782.717 617
782.780 615
782.843 623
782.906 620
782.969 628
783.032 641
783.095 638
783.158 632
783.221 623
783.284 618
783.347 613
783.410 616
783.473 631
783.536 640
783.598 649
783.661 669
783.724 678
783.787 689
783.850 690
783.913 693
783.976 677
784.039 655
784.102 639
784.165 623
784.228 596
784.291 586
784.354 578
784.417 565
784.480 578
784.544 594
784.607 603
784.670 624
784.733 642
784.796 657
784.859 679
784.922 683
784.985 691
785.048 687
785.111 667
785.174 665
785.237 656
785.300 652
785.363 645
785.426 642
785.489 639
785.552 636
785.615 633
785.678 633
785.741 648
785.804 657
785.867 668
785.931 675
785.994 672
786.057 674
786.120 671
786.183 664
786.246 659
786.309 648
786.372 643
786.435 634
786.498 631
786.561 625
786.625 621
786.688 613
786.751 611
786.814 616
786.877 619
786.940 612
787.003 611
787.066 623
787.129 623
787.193 638
787.256 634
787.319 634
787.382 641
787.445 651
787.508 657
787.571 650
787.635 640
787.698 632
787.761 636
787.824 636
787.887 638
787.950 633
788.013 628
788.077 632
788.140 628
788.203 629
788.266 623
788.329 611
788.392 600
788.456 596
788.519 600
788.582 609
788.645 615
788.708 623
788.772 629
788.835 626
788.898 626
788.961 625
789.024 628
789.088 626
789.151 617
789.214 614
789.277 621
789.340 625
789.404 624
789.467 625
789.530 615
789.593 614
789.657 617
789.720 624
789.783 619
789.846 623
789.909 629
789.973 628
790.036 631
790.099 629
790.162 621
790.226 618
790.289 620
790.352 624
790.415 628
790.479 631
790.542 624
790.605 620
790.669 619
790.732 622
790.795 633
790.858 647
790.922 667
790.985 672
791.048 676
791.111 663
791.175 647
791.238 632
791.301 642
791.365 643
791.428 640
791.491 653
791.555 658
791.618 670
791.681 682
791.744 692
791.808 703
791.871 704
791.934 708
791.998 701
792.061 684
792.124 670
792.188 653
792.251 635
792.314 634
792.378 637
792.441 636
792.504 640
792.568 641
792.631 638
792.694 640
792.758 647
792.821 665
792.884 667
792.948 667
793.011 663
793.075 649
793.138 644
793.201 640
793.265 635
793.328 627
793.391 631
793.455 627
793.518 628
793.582 630
793.645 629
793.708 637
793.772 633
793.835 640
793.899 640
793.962 636
794.025 630
794.089 635
794.152 628
794.216 614
794.279 600
794.342 592
794.406 591
794.469 594
794.533 611
794.596 611
794.660 616
794.723 623
794.786 631
794.850 637
794.913 644
794.977 656
795.040 654
795.104 645
795.167 642
795.231 632
795.294 622
795.357 610
795.421 607
795.484 602
795.548 608
795.611 611
795.675 616
795.738 625
795.802 629
795.865 644
795.929 651
795.992 657
796.056 657
796.119 651
796.183 646
796.246 638
796.310 634
796.373 632
796.437 639
796.500 646
796.564 657
796.627 655
796.691 649
796.754 640
796.818 635
796.881 635
796.945 636
797.008 640
797.072 643
797.135 654
797.199 658
797.262 657
797.326 653
797.389 633
797.453 637
797.516 646
797.580 647
797.644 663
797.707 673
797.771 684
797.834 695
797.898 719
797.961 728
798.025 728
798.088 730
798.152 720
798.216 712
798.279 706
798.343 700
798.406 686
798.470 679
798.534 677
798.597 679
798.661 687
798.724 691
798.788 706
798.852 710
798.915 711
798.979 716
799.042 723
799.106 725
799.170 720
799.233 715
799.297 703
799.360 689
799.424 673
799.488 664
799.551 658
799.615 652
799.679 654
799.742 661
799.806 662
799.869 667
799.933 675
799.997 668
800.060 669
800.124 669
800.188 661
800.251 660
800.315 654
800.379 646
800.442 643
800.506 637
800.570 630
800.633 636
800.697 642
800.761 656
800.824 668
800.888 673
800.952 681
801.015 680
801.079 675
801.143 672
801.206 662
801.270 643
801.334 626
801.398 610
801.461 600
801.525 602
801.589 608
801.652 617
801.716 616
801.780 613
801.844 613
801.907 615
801.971 606
802.035 600
802.098 596
802.162 584
802.226 588
802.290 593
802.353 594
802.417 604
802.481 607
802.545 609
802.608 614
802.672 616
802.736 609
802.800 607
802.863 605
802.927 607
802.991 611
803.055 619
803.118 626
803.182 626
803.246 621
803.310 610
803.374 599
803.437 589
803.501 596
803.565 605
803.629 618
803.692 635
803.756 651
803.820 659
803.884 667
803.948 665
804.011 657
804.075 649
804.139 637
804.203 630
804.267 626
804.331 625
804.394 619
804.458 613
804.522 601
804.586 594
804.650 590
804.714 587
804.777 589
804.841 593
804.905 595
804.969 592
805.033 602
805.097 599
805.160 602
805.224 603
805.288 594
805.352 593
805.416 586
805.480 584
805.544 595
805.607 607
805.671 624
805.735 639
805.799 650
805.863 644
805.927 644
805.991 629
806.055 634
806.119 627
806.182 610
806.246 592
806.310 575
806.374 577
806.438 585
806.502 592
806.566 601
806.630 607
806.694 614
806.758 615
806.821 608
806.885 604
806.949 602
807.013 600
807.077 599
807.141 603
807.205 610
807.269 617
807.333 621
807.397 619
807.461 613
807.525 606
807.589 597
807.653 593
807.717 594
807.781 592
807.845 598
807.908 612
807.972 621
808.036 620
808.100 623
808.164 610
808.228 602
808.292 597
808.356 592
808.420 586
808.484 581
808.548 575
808.612 579
808.676 591
808.740 603
808.804 620
808.868 625
808.932 624
808.996 628
809.060 620
809.124 614
809.188 607
809.252 595
809.316 594
809.380 586
809.444 583
809.508 576
809.572 577
809.636 573
809.700 582
809.765 596
809.829 598
809.893 621
809.957 627
810.021 630
810.085 647
810.149 637
810.213 621
810.277 606
810.341 581
810.405 570
810.469 574
810.533 578
810.597 586
810.661 586
810.725 590
810.789 597
810.854 595
810.918 597
810.982 596
811.046 587
811.110 584
811.174 577
811.238 571
811.302 565
811.366 564
811.430 568
811.494 575
811.559 591
811.623 601
811.687 605
811.751 605
811.815 611
811.879 609
811.943 609
812.007 605
812.072 594
812.136 586
812.200 588
812.264 593
812.328 597
812.392 609
812.456 593
812.521 601
812.585 610
812.649 616
812.713 630
812.777 631
812.841 635
812.905 639
812.970 649
813.034 654
813.098 663
813.162 665
813.226 660
813.290 651
813.355 644
813.419 640
813.483 636
813.547 634
813.611 631
813.676 622
813.740 625
813.804 637
813.868 641
813.932 643
813.997 637
814.061 627
814.125 617
814.189 608
814.253 608
814.318 607
814.382 605
814.446 609
814.510 604
814.575 600
814.639 598
814.703 598
814.767 594
814.832 600
814.896 600
814.960 605
815.024 605
815.088 600
815.153 597
815.217 596
815.281 588
815.346 589
815.410 591
815.474 582
815.538 579
815.603 577
815.667 569
815.731 569
815.795 574
815.860 580
815.924 589
815.988 596
816.053 597
816.117 593
816.181 595
816.245 595
816.310 607
816.374 622
816.438 640
816.503 651
816.567 656
816.631 654
816.696 648
816.760 647
816.824 650
816.889 647
816.953 652
817.017 640
817.081 638
817.146 635
817.210 625
817.274 624
817.339 620
817.403 621
817.468 622
817.532 630
817.596 637
817.661 623
817.725 610
817.789 606
817.854 598
817.918 601
817.982 603
818.047 597
818.111 598
818.175 599
818.240 595
818.304 602
818.369 604
818.433 604
818.497 606
818.562 602
818.626 606
818.691 612
818.755 622
818.819 634
818.884 642
818.948 644
819.013 647
819.077 647
819.141 646
819.206 643
819.270 639
819.335 632
819.399 610
819.463 609
819.528 613
819.592 611
819.657 606
819.721 606
819.786 605
819.850 606
819.915 628
819.979 638
820.043 644
820.108 645
820.172 640
820.237 631
820.301 621
820.366 625
820.430 618
820.495 625
820.559 630
820.624 634
820.688 633
820.752 626
820.817 623
820.881 617
820.946 621
821.010 631
821.075 628
821.139 626
821.204 617
821.268 612
821.333 605
821.397 608
821.462 618
821.526 618
821.591 621
821.655 626
821.720 619
821.784 618
821.849 616
821.913 609
821.978 612
822.043 612
822.107 607
822.172 608
822.236 619
822.301 622
822.365 627
822.430 625
822.494 615
822.559 619
822.623 618
822.688 623
822.752 625
822.817 624
822.882 622
822.946 629
823.011 622
823.075 607
823.140 595
823.204 577
823.269 576
823.334 589
823.398 604
823.463 615
823.527 626
823.592 623
823.657 619
823.721 615
823.786 621
823.850 611
823.915 605
823.980 596
824.044 584
824.109 589
824.173 584
824.238 580
824.303 570
824.367 567
824.432 576
824.496 580
824.561 592
824.626 602
824.690 610
824.755 620
824.820 622
824.884 622
824.949 622
825.014 622
825.078 613
825.143 610
825.207 604
825.272 599
825.337 583
825.401 573
825.466 570
825.531 566
825.595 572
825.660 574
825.725 577
825.789 584
825.854 604
825.919 626
825.984 646
826.048 666
826.113 675
826.178 660
826.242 641
826.307 615
826.372 593
826.436 585
826.501 567
826.566 567
826.630 572
826.695 571
826.760 570
826.825 569
826.889 567
826.954 568
827.019 576
827.084 579
827.148 576
827.213 578
827.278 574
827.342 578
827.407 578
827.472 575
827.537 579
827.601 579
827.666 591
827.731 600
827.796 607
827.860 610
827.925 618
827.990 616
828.055 612
828.119 609
828.184 611
828.249 597
828.314 589
828.379 577
828.443 564
828.508 563
828.573 559
828.638 559
828.703 562
828.767 570
828.832 572
828.897 576
828.962 598
829.026 606
829.091 617
829.156 621
829.221 616
829.286 613
829.351 614
829.415 622
829.480 614
829.545 611
829.610 609
829.675 608
829.740 609
829.804 614
829.869 622
829.934 617
829.999 617
830.064 614
830.129 602
830.193 602
830.258 604
830.323 595
830.388 590
830.453 581
830.518 575
830.583 577
830.647 583
830.712 584
830.777 594
830.842 602
830.907 609
830.972 618
831.037 598
831.102 581
831.166 562
831.231 544
831.296 549
831.361 553
831.426 555
831.491 556
831.556 568
831.621 578
831.686 593
831.751 611
831.815 599
831.880 590
831.945 583
832.010 568
832.075 561
832.140 562
832.205 560
832.270 564
832.335 572
832.400 570
832.465 565
832.530 565
832.595 565
832.660 567
832.725 569
832.789 576
832.854 581
832.919 587
832.984 593
833.049 597
833.114 599
833.179 597
833.244 596
833.309 588
833.374 583
833.439 570
833.504 563
833.569 551
833.634 534
833.699 527
833.764 520
833.829 516
833.894 534
833.959 551
834.024 567
834.089 574
834.154 580
834.219 575
834.284 572
834.349 571
834.414 571
834.479 576
834.544 576
834.609 584
834.674 580
834.739 581
834.804 585
834.869 586
834.934 591
834.999 584
835.064 578
835.129 567
835.195 553
835.260 557
835.325 555
835.390 561
835.455 568
835.520 573
835.585 582
835.650 603
835.715 607
835.780 614
835.845 623
835.910 626
835.975 630
836.040 616
836.105 598
836.171 570
836.236 562
836.301 551
836.366 542
836.431 538
836.496 543
836.561 556
836.626 569
836.691 585
836.756 598
836.822 604
836.887 612
836.952 617
837.017 636
837.082 644
837.147 647
837.212 649
837.277 647
837.343 638
837.408 631
837.473 620
837.538 603
837.603 602
837.668 598
837.733 592
837.799 588
837.864 594
837.929 606
837.994 610
838.059 623
838.124 612
838.189 606
838.255 595
838.320 590
838.385 589
838.450 585
838.515 581
838.581 567
838.646 569
838.711 573
838.776 577
838.841 588
838.906 586
838.972 591
839.037 597
839.102 608
839.167 622
839.232 627
839.298 627
839.363 618
839.428 611
839.493 611
839.559 616
839.624 612
839.689 625
839.754 647
839.819 676
839.885 704
839.950 742
840.015 773
840.080 804
840.146 840
840.211 859
840.276 872
840.341 868
840.407 865
840.472 855
840.537 851
840.602 840
840.668 827
840.733 813
840.798 799
840.863 797
840.929 800
840.994 809
841.059 812
841.125 826
841.190 838
841.255 861
841.320 890
841.386 888
841.451 896
841.516 873
841.582 854
841.647 832
841.712 810
841.778 782
841.843 748
841.908 732
841.973 725
842.039 726
842.104 724
842.169 723
842.235 714
842.300 710
842.365 713
842.431 710
842.496 698
842.561 707
842.627 711
842.692 716
842.757 725
842.823 719
842.888 709
842.954 698
843.019 684
843.084 677
843.150 668
843.215 669
843.280 670
843.346 668
843.411 667
843.476 665
843.542 656
843.607 654
843.673 656
843.738 657
843.803 653
843.869 656
843.934 654
843.999 655
844.065 660
844.130 657
844.196 650
844.261 645
844.327 642
844.392 648
844.457 654
844.523 656
844.588 659
844.654 655
844.719 650
844.784 650
844.850 648
844.915 648
844.981 647
845.046 644
845.112 637
845.177 635
845.242 632
845.308 638
845.373 640
845.439 639
845.504 645
845.570 641
845.635 632
845.701 620
845.766 604
845.832 592
845.897 585
845.963 584
846.028 579
846.093 575
846.159 578
846.224 581
846.290 589
846.355 586
846.421 581
846.486 578
846.552 577
846.617 586
846.683 593
846.748 603
846.814 612
846.879 618
846.945 623
847.010 619
847.076 609
847.141 604
847.207 607
847.272 608
847.338 604
847.404 593
847.469 585
847.535 582
847.600 583
847.666 579
847.731 575
847.797 571
847.862 570
847.928 567
847.993 575
848.059 578
848.124 573
848.190 577
848.256 568
848.321 559
848.387 554
848.452 551
848.518 546
848.583 544
848.649 546
848.715 546
848.780 547
848.846 553
848.911 559
848.977 556
849.043 553
849.108 555
849.174 556
849.239 563
849.305 562
849.371 560
849.436 557
849.502 555
849.567 540
849.633 530
849.699 517
849.764 505
849.830 499
849.895 491
849.961 487
850.027 474
850.092 499
850.158 521
850.224 538
850.289 560
850.355 559
850.421 562
850.486 573
850.552 582
850.618 582
850.683 586
850.749 583
850.814 587
850.880 590
850.946 591
851.011 594
851.077 593
851.143 593
851.208 588
851.274 582
851.340 571
851.406 572
851.471 574
851.537 571
851.603 572
851.668 563
851.734 557
851.800 549
851.865 545
851.931 552
851.997 549
852.063 550
852.128 551
852.194 554
852.260 557
852.325 557
852.391 560
852.457 546
852.523 542
852.588 538
852.654 537
852.720 554
852.785 557
852.851 564
852.917 566
852.983 569
853.048 571
853.114 568
853.180 561
853.246 551
853.311 546
853.377 539
853.443 540
853.509 540
853.575 546
853.640 553
853.706 560
853.772 563
853.838 572
853.903 573
853.969 570
854.035 585
854.101 591
854.167 603
854.232 612
854.298 613
854.364 603
854.430 597
854.496 597
854.561 585
854.627 582
854.693 582
854.759 584
854.825 590
854.890 602
854.956 611
855.022 611
855.088 632
855.154 647
855.220 667
855.285 674
855.351 652
855.417 633
855.483 614
855.549 604
855.615 605
855.680 604
855.746 598
855.812 594
855.878 595
855.944 595
856.010 606
856.076 615
856.142 618
856.207 617
856.273 609
856.339 611
856.405 602
856.471 597
856.537 599
856.603 588
856.669 584
856.734 585
856.800 582
856.866 586
856.932 594
856.998 601
857.064 599
857.130 604
857.196 589
857.262 586
857.328 586
857.394 576
857.459 574
857.525 566
857.591 568
857.657 566
857.723 586
857.789 604
857.855 623
857.921 645
857.987 654
858.053 655
858.119 651
858.185 651
858.251 629
858.317 621
858.383 612
858.449 598
858.515 595
858.580 587
858.646 582
858.712 577
858.778 583
858.844 581
858.910 576
858.976 573
859.042 569
859.108 576
859.174 582
859.240 588
859.306 578
859.372 571
859.438 565
859.504 557
859.570 556
859.636 553
859.702 550
859.768 543
859.834 538
859.900 546
859.966 547
860.032 555
860.098 568
860.164 572
860.230 584
860.296 587
860.362 587
860.429 589
860.495 592
860.561 595
860.627 586
860.693 567
860.759 550
860.825 532
860.891 532
860.957 531
861.023 530
861.089 528
861.155 523
861.221 530
861.287 538
861.353 548
861.419 558
861.485 550
861.552 546
861.618 544
861.684 547
861.750 548
861.816 547
861.882 541
861.948 534
862.014 536
862.080 536
862.146 545
862.212 547
862.279 547
862.345 548
862.411 547
862.477 540
862.543 545
862.609 554
862.675 550
862.741 560
862.807 570
862.874 579
862.940 605
863.006 617
863.072 614
863.138 608
863.204 603
863.270 585
863.337 577
863.403 567
863.469 558
863.535 550
863.601 545
863.667 544
863.734 550
863.800 555
863.866 563
863.932 575
863.998 581
864.064 582
864.131 590
864.197 589
864.263 588
864.329 590
864.395 585
864.462 584
864.528 579
864.594 587
864.660 596
864.726 605
864.793 622
864.859 625
864.925 618
864.991 616
865.057 603
865.124 598
865.190 583
865.256 562
865.322 547
865.388 531
865.455 530
865.521 528
865.587 522
865.653 516
865.720 516
865.786 521
865.852 532
865.918 541
865.985 546
866.051 551
866.117 549
866.183 555
866.250 560
866.316 561
866.382 566
866.448 564
866.515 556
866.581 561
866.647 567
866.714 561
866.780 551
866.846 544
866.912 539
866.979 553
867.045 561
867.111 562
867.178 569
867.244 562
867.310 543
867.377 526
867.443 518
867.509 505
867.575 506
867.642 512
867.708 515
867.774 527
867.841 553
867.907 581
867.973 604
868.040 626
868.106 641
868.172 654
868.239 661
868.305 664
868.371 655
868.438 645
868.504 632
868.570 613
868.637 596
868.703 580
868.770 576
868.836 579
868.902 583
868.969 593
869.035 581
869.101 577
869.168 577
869.234 563
869.301 557
869.367 552
869.433 544
869.500 537
869.566 539
869.632 529
869.699 527
869.765 534
869.832 532
869.898 528
869.964 535
870.031 542
870.097 546
870.164 557
870.230 555
870.297 549
870.363 545
870.429 531
870.496 521
870.562 511
870.629 507
870.695 524
870.762 532
870.828 539
870.894 545
870.961 539
871.027 533
871.094 521
871.160 518
871.227 509
871.293 510
871.360 514
871.426 516
871.492 513
871.559 513
871.625 514
871.692 513
871.758 529
871.825 535
871.891 541
871.958 536
872.024 536
872.091 526
872.157 518
872.224 510
872.290 498
872.357 492
872.423 486
872.490 495
872.556 495
872.623 497
872.689 501
872.756 491
872.822 495
872.889 492
872.955 486
873.022 481
873.088 475
873.155 483
873.221 491
873.288 505
873.355 513
873.421 516
873.488 521
873.554 528
873.621 545
873.687 553
873.754 562
873.820 570
873.887 558
873.953 550
874.020 548
874.087 545
874.153 539
874.220 531
874.286 518
874.353 494
874.419 495
874.486 504
874.553 522
874.619 546
874.686 559
874.752 559
874.819 556
874.886 550
874.952 554
875.019 553
875.085 549
875.152 540
875.219 530
875.285 534
875.352 540
875.418 552
875.485 558
875.552 562
875.618 570
875.685 564
875.752 550
875.818 538
875.885 530
875.951 528
876.018 519
876.085 521
876.151 513
876.218 506
876.285 507
876.351 500
876.418 493
876.485 490
876.551 491
876.618 494
876.685 494
876.751 487
876.818 492
876.885 492
876.951 497
877.018 504
877.085 512
877.151 525
877.218 532
877.285 540
877.351 542
877.418 535
877.485 531
877.551 525
877.618 514
877.685 512
877.752 506
877.818 506
877.885 498
877.952 501
878.018 503
878.085 501
878.152 533
878.219 538
878.285 543
878.352 554
878.419 529
878.486 521
878.552 521
878.619 517
878.686 493
878.753 484
878.819 472
878.886 460
878.953 462
879.020 458
879.086 457
879.153 449
879.220 467
879.287 478
879.353 482
879.420 496
879.487 499
879.554 509
879.620 515
879.687 527
879.754 532
879.821 536
879.888 535
879.954 535
880.021 539
880.088 538
880.155 534
880.222 535
880.288 522
880.355 516
880.422 516
880.489 513
880.556 504
880.622 508
880.689 521
880.756 523
880.823 535
880.890 548
880.957 552
881.023 562
881.090 566
881.157 556
881.224 555
881.291 541
881.358 525
881.424 512
881.491 502
881.558 485
881.625 494
881.692 497
881.759 498
881.826 511
881.892 520
881.959 524
882.026 527
882.093 537
882.160 531
882.227 539
882.294 543
882.361 538
882.427 536
882.494 535
882.561 538
882.628 547
882.695 538
882.762 531
882.829 529
882.896 509
882.963 522
883.029 526
883.096 533
883.163 548
883.230 550
883.297 544
883.364 535
883.431 528
883.498 515
883.565 513
883.632 518
883.699 513
883.766 511
883.833 514
883.900 507
883.966 509
884.033 504
884.100 497
884.167 493
884.234 490
884.301 490
884.368 486
884.435 481
884.502 477
884.569 479
884.636 478
884.703 477
884.770 475
884.837 485
884.904 492
884.971 506
885.038 519
885.105 519
885.172 516
885.239 509
885.306 509
885.373 497
885.440 496
885.507 494
885.574 486
885.641 491
885.708 493
885.775 492
885.842 495
885.909 485
885.976 482
886.043 481
886.110 469
886.177 472
886.244 468
886.311 465
886.378 458
886.445 461
886.512 463
886.579 464
886.646 471
886.713 469
886.780 465
886.848 464
886.915 464
886.982 476
887.049 482
887.116 491
887.183 495
887.250 494
887.317 496
887.384 499
887.451 497
887.518 494
887.585 492
887.652 493
887.719 488
887.787 484
887.854 479
887.921 475
887.988 468
888.055 477
888.122 478
888.189 479
888.256 484
888.323 486
888.391 489
888.458 495
888.525 504
888.592 503
888.659 499
888.726 496
888.793 498
888.860 492
888.928 489
888.995 488
889.062 489
889.129 490
889.196 494
889.263 499
889.330 502
889.398 490
889.465 480
889.532 473
889.599 454
889.666 464
889.733 471
889.801 474
889.868 482
889.935 488
890.002 489
890.069 489
890.136 486
890.204 485
890.271 489
890.338 499
890.405 503
890.472 491
890.540 486
890.607 480
890.674 475
890.741 477
890.808 480
890.876 485
890.943 486
891.010 495
891.077 504
891.144 511
891.212 515
891.279 514
891.346 504
891.413 493
891.481 486
891.548 493
891.615 502
891.682 513
891.750 527
891.817 536
891.884 531
891.951 528
892.019 523
892.086 512
892.153 510
892.220 502
892.288 488
892.355 488
892.422 487
892.489 491
892.557 490
892.624 491
892.691 501
892.758 509
892.826 518
892.893 523
892.960 520
893.028 517
893.095 515
893.162 525
893.230 522
893.297 518
893.364 513
893.431 494
893.499 491
893.566 488
893.633 486
893.701 492
893.768 500
893.835 512
893.903 525
893.970 531
894.037 530
894.105 524
894.172 524
894.239 512
894.307 507
894.374 507
894.441 498
894.509 496
894.576 490
894.643 479
894.711 476
894.778 476
894.845 479
894.913 476
894.980 485
895.048 500
895.115 506
895.182 500
895.250 500
895.317 494
895.384 496
895.452 511
895.519 514
895.587 518
895.654 521
895.721 529
895.789 538
895.856 532
895.924 525
895.991 516
896.058 512
896.126 527
896.193 527
896.261 519
896.328 511
896.395 501
896.463 496
896.530 490
896.598 493
896.665 490
896.733 494
896.800 496
896.867 489
896.935 489
897.002 495
897.070 492
897.137 494
897.205 501
897.272 507
897.340 507
897.407 510
897.475 519
897.542 516
897.609 523
897.677 530
897.744 531
897.812 519
897.879 509
897.947 497
898.014 490
898.082 501
898.149 496
898.217 493
898.284 489
898.352 480
898.419 480
898.487 480
898.554 477
898.622 478
898.689 482
898.757 486
898.824 478
898.892 483
898.959 477
899.027 476
899.094 475
899.162 468
899.229 461
899.297 450
899.365 463
899.432 466
899.500 471
899.567 487
899.635 482
899.702 486
899.770 493
899.837 502
899.905 495
899.972 492
900.040 486
900.108 472
900.175 463
900.243 452
900.310 441
900.378 427
900.445 413
900.513 403
900.581 391
900.648 391
900.716 389
900.783 394
900.851 405
900.918 411
900.986 421
901.054 429
901.121 435
901.189 432
901.256 439
901.324 441
901.392 440
901.459 449
901.527 444
901.595 440
901.662 436
901.730 432
901.797 439
901.865 447
901.933 452
902.000 450
902.068 465
902.136 466
902.203 466
902.271 470
902.339 464
902.406 469
902.474 479
902.541 484
902.609 478
902.677 470
902.744 463
902.812 454
902.880 446
902.947 441
903.015 432
903.083 426
903.150 429
903.218 442
903.286 449
903.354 463
903.421 465
903.489 459
903.557 461
903.624 464
903.692 458
903.760 451
903.827 448
903.895 437
903.963 447
904.031 449
904.098 451
904.166 455
904.234 462
904.301 472
904.369 479
904.437 484
904.505 476
904.572 479
904.640 483
904.708 481
904.775 466
904.843 447
904.911 426
904.979 412
905.046 415
905.114 416
905.182 419
905.250 430
905.318 436
905.385 436
905.453 431
905.521 417
905.589 422
905.656 425
905.724 433
905.792 439
905.860 438
905.927 442
905.995 439
906.063 449
906.131 453
906.199 454
906.266 456
906.334 451
906.402 450
906.470 452
906.538 458
906.605 460
906.673 457
906.741 454
906.809 448
906.877 446
906.944 448
907.012 455
907.080 464
907.148 467
907.216 485
907.284 502
907.351 516
907.419 520
907.487 509
907.555 494
907.623 483
907.691 480
907.759 467
907.826 464
907.894 462
907.962 458
908.030 460
908.098 455
908.166 446
908.234 430
908.301 427
908.369 424
908.437 421
908.505 421
908.573 420
908.641 424
908.709 434
908.777 440
908.845 444
908.912 441
908.980 439
909.048 438
909.116 438
909.184 444
909.252 444
909.320 446
909.388 460
909.456 465
909.524 469
909.592 472
909.659 467
909.727 471
909.795 480
909.863 489
909.931 483
909.999 476
910.067 464
910.135 454
910.203 455
910.271 460
910.339 460
910.407 451
910.475 447
910.543 441
910.611 439
910.679 439
910.747 442
910.815 440
910.883 442
910.950 446
911.018 451
911.086 456
911.154 461
911.222 462
911.290 459
911.358 457
911.426 451
911.494 442
911.562 444
911.630 441
911.698 443
911.766 448
911.834 453
911.902 460
911.970 469
912.038 485
912.106 503
912.174 517
912.242 530
912.310 532
912.379 532
912.447 534
912.515 543
912.583 556
912.651 561
912.719 577
912.787 594
912.855 603
912.923 609
912.991 604
913.059 594
913.127 596
913.195 593
913.263 588
913.331 585
913.399 580
913.467 576
913.535 575
913.603 571
913.672 565
913.740 561
913.808 542
913.876 531
913.944 518
914.012 520
914.080 531
914.148 545
914.216 555
914.284 558
914.352 563
914.421 565
914.489 571
914.557 562
914.625 549
914.693 539
914.761 524
914.829 520
914.897 515
914.965 510
915.034 508
915.102 502
915.170 508
915.238 509
915.306 506
915.374 506
915.442 501
915.511 492
915.579 486
915.647 474
915.715 467
915.783 465
915.851 460
915.919 459
915.988 465
916.056 469
916.124 470
916.192 467
916.260 457
916.328 453
916.397 444
916.465 438
916.533 441
916.601 440
916.669 446
916.738 455
916.806 461
916.874 478
916.942 484
917.010 487
917.079 478
917.147 470
917.215 465
917.283 455
917.351 456
917.420 453
917.488 453
917.556 462
917.624 477
917.693 489
917.761 498
917.829 482
917.897 460
917.965 437
918.034 416
918.102 416
918.170 412
918.238 405
918.307 408
918.375 406
918.443 416
918.511 426
918.580 436
918.648 452
918.716 458
918.785 463
918.853 468
918.921 465
918.989 464
919.058 466
919.126 457
919.194 446
919.262 436
919.331 426
919.399 421
919.467 417
919.536 416
919.604 419
919.672 416
919.741 414
919.809 417
919.877 414
919.945 422
920.014 435
920.082 447
920.150 459
920.219 468
920.287 461
920.355 458
920.424 454
920.492 449
920.560 451
920.629 447
920.697 438
920.765 437
920.834 448
920.902 455
920.970 469
921.039 479
921.107 486
921.176 486
921.244 487
921.312 487
921.381 479
921.449 470
921.517 457
921.586 442
921.654 434
921.722 440
921.791 450
921.859 455
921.928 455
921.996 466
922.064 476
922.133 484
922.201 491
922.270 483
922.338 472
922.406 465
922.475 453
922.543 441
922.612 427
922.680 420
922.748 420
922.817 426
922.885 437
922.954 447
923.022 457
923.091 460
923.159 455
923.227 451
923.296 444
923.364 439
923.433 440
923.501 438
923.570 446
923.638 457
923.707 472
923.775 480
923.844 486
923.912 483
923.980 481
924.049 479
924.117 477
924.186 468
924.254 451
924.323 434
924.391 429
924.460 429
924.528 433
924.597 434
924.665 441
924.734 445
924.802 448
924.871 459
924.939 451
925.008 451
925.076 454
925.145 449
925.213 445
925.282 439
925.350 428
925.419 425
925.487 435
925.556 440
925.624 450
925.693 460
925.761 451
925.830 444
925.898 436
925.967 429
926.036 423
926.104 418
926.173 411
926.241 402
926.310 398
926.378 400
926.447 396
926.515 403
926.584 413
926.653 425
926.721 434
926.790 446
926.858 452
926.927 453
926.995 449
927.064 440
927.133 428
927.201 425
927.270 431
927.338 429
927.407 421
927.475 408
927.544 393
927.613 382
927.681 377
927.750 375
927.819 374
927.887 375
927.956 388
928.024 399
928.093 411
928.162 424
928.230 434
928.299 445
928.367 452
928.436 466
928.505 463
928.573 465
928.642 469
928.711 470
928.779 462
928.848 457
928.917 459
928.985 453
929.054 451
929.123 443
929.191 434
929.260 422
929.329 435
929.397 440
929.466 440
929.535 445
929.603 449
929.672 450
929.741 451
929.809 452
929.878 445
929.947 440
930.015 432
930.084 428
930.153 429
930.221 438
930.290 449
930.359 458
930.428 457
930.496 451
930.565 444
930.634 432
930.702 423
930.771 418
930.840 412
930.909 416
930.977 418
931.046 415
931.115 409
931.183 402
931.252 400
931.321 398
931.390 394
931.458 385
931.527 384
931.596 387
931.665 390
931.733 395
931.802 392
931.871 394
931.940 395
932.008 391
932.077 412
932.146 418
932.215 426
932.284 439
932.352 454
932.421 474
932.490 495
932.559 519
932.627 513
932.696 507
932.765 501
932.834 496
932.903 483
932.971 477
933.040 473
933.109 460
933.178 451
933.247 442
933.315 427
933.384 417
933.453 409
933.522 408
933.591 403
933.660 396
933.728 403
933.797 408
933.866 413
933.935 421
934.004 439
934.073 442
934.141 450
934.210 457
934.279 453
934.348 459
934.417 464
934.486 473
934.555 463
934.623 460
934.692 453
934.761 449
934.830 445
934.899 443
934.968 447
935.037 447
935.106 463
935.174 465
935.243 465
935.312 482
935.381 476
935.450 473
935.519 467
935.588 454
935.657 438
935.726 429
935.794 422
935.863 416
935.932 434
936.001 441
936.070 451
936.139 459
936.208 468
936.277 474
936.346 480
936.415 487
936.484 481
936.553 486
936.622 490
936.690 502
936.759 505
936.828 497
936.897 494
936.966 483
937.035 470
937.104 470
937.173 462
937.242 465
937.311 480
937.380 482
937.449 490
937.518 498
937.587 490
937.656 485
937.725 480
937.794 481
937.863 485
937.932 488
938.001 492
938.070 496
938.139 498
938.208 506
938.277 505
938.346 504
938.415 501
938.484 503
938.553 500
938.622 499
938.691 493
938.760 486
938.829 483
938.898 472
938.967 465
939.036 463
939.105 458
939.174 448
939.243 451
939.312 449
939.381 445
939.450 446
939.519 440
939.588 442
939.657 446
939.726 444
939.795 450
939.864 451
939.934 454
940.003 459
940.072 472
940.141 476
940.210 482
940.279 484
940.348 463
940.417 456
940.486 449
940.555 435
940.624 437
940.693 440
940.762 441
940.832 447
940.901 443
940.970 442
941.039 438
941.108 428
941.177 422
941.246 417
941.315 412
941.384 403
941.454 404
941.523 399
941.592 395
941.661 403
941.730 410
941.799 416
941.868 420
941.937 425
942.007 434
942.076 435
942.145 443
942.214 444
942.283 443
942.352 430
942.421 409
942.491 397
942.560 395
942.629 401
942.698 406
942.767 414
942.836 409
942.906 419
942.975 430
943.044 440
943.113 450
943.182 451
943.251 450
943.321 450
943.390 444
943.459 438
943.528 435
943.597 427
943.667 412
943.736 403
943.805 396
943.874 387
943.943 389
944.013 394
944.082 398
944.151 398
944.220 395
944.290 391
944.359 385
944.428 381
944.497 384
944.566 380
944.636 374
944.705 370
944.774 367
944.843 373
944.913 378
944.982 388
945.051 393
945.120 394
945.190 395
945.259 398
945.328 404
945.397 410
945.467 417
945.536 420
945.605 417
945.675 420
945.744 422
945.813 422
945.882 431
945.952 440
946.021 447
946.090 462
946.160 467
946.229 462
946.298 455
946.367 446
946.437 429
946.506 419
946.575 416
946.645 416
946.714 407
946.783 400
946.853 396
946.922 387
946.991 392
947.061 392
947.130 394
947.199 396
947.269 403
947.338 410
947.407 413
947.477 421
947.546 423
947.615 426
947.685 427
947.754 432
947.823 430
947.893 422
947.962 414
948.031 402
948.101 405
948.170 409
948.239 415
948.309 428
948.378 428
948.448 426
948.517 424
948.586 417
948.656 421
948.725 423
948.795 423
948.864 422
948.933 416
949.003 409
949.072 403
949.141 399
949.211 399
949.280 401
949.350 405
949.419 401
949.489 403
949.558 407
949.627 418
949.697 436
949.766 431
949.836 424
949.905 411
949.975 400
950.044 391
950.113 384
950.183 377
950.252 365
950.322 372
950.391 376
950.461 381
950.530 381
950.600 380
950.669 383
950.738 384
950.808 394
950.877 395
950.947 399
951.016 406
951.086 413
951.155 420
951.225 412
951.294 401
951.364 381
951.433 378
951.503 382
951.572 378
951.642 379
951.711 380
951.781 381
951.850 377
951.920 375
951.989 378
952.059 379
952.128 382
952.198 387
952.267 394
952.337 391
952.406 389
952.476 399
952.545 401
952.615 406
952.684 413
952.754 405
952.824 385
952.893 375
952.963 365
953.032 364
953.102 375
953.171 377
953.241 370
953.310 371
953.380 371
953.449 379
953.519 391
953.589 401
953.658 399
953.728 399
953.797 402
953.867 409
953.936 412
954.006 411
954.076 409
954.145 408
954.215 401
954.284 397
954.354 388
954.424 379
954.493 386
954.563 397
954.632 411
954.702 421
954.772 437
954.841 439
954.911 444
954.980 445
955.050 443
955.120 430
955.189 410
955.259 401
955.329 393
955.398 401
955.468 410
955.538 413
955.607 417
955.677 419
955.746 416
955.816 421
955.886 420
955.955 415
956.025 410
956.095 405
956.164 392
956.234 381
956.304 376
956.373 361
956.443 368
956.513 377
956.582 384
956.652 393
956.722 405
956.791 412
956.861 423
956.931 426
957.001 412
957.070 404
957.140 394
957.210 387
957.279 380
957.349 381
957.419 383
957.488 388
957.558 409
957.628 422
957.698 435
957.767 446
957.837 435
957.907 428
957.977 418
958.046 408
958.116 404
958.186 401
958.255 399
958.325 397
958.395 385
958.465 379
958.534 377
958.604 378
958.674 377
958.744 376
958.813 381
958.883 378
958.953 380
959.023 383
959.093 380
959.162 380
959.232 375
959.302 364
959.372 353
959.441 342
959.511 353
959.581 363
959.651 377
959.721 387
959.790 395
959.860 404
959.930 413
960.000 429
960.070 433
960.139 426
960.209 420
960.279 412
960.349 411
960.419 413
960.489 416
960.558 416
960.628 417
960.698 417
960.768 418
960.838 423
960.907 429
960.977 430
961.047 433
961.117 438
961.187 447
961.257 444
961.327 438
961.396 437
961.466 435
961.536 431
961.606 424
961.676 420
961.746 416
961.816 423
961.885 430
961.955 433
962.025 430
962.095 425
962.165 425
962.235 419
962.305 420
962.375 414
962.445 405
962.514 403
962.584 400
962.654 396
962.724 391
962.794 384
962.864 378
962.934 376
963.004 372
963.074 371
963.144 382
963.214 392
963.283 399
963.353 398
963.423 396
963.493 387
963.563 377
963.633 368
963.703 358
963.773 360
963.843 365
963.913 361
963.983 363
964.053 359
964.123 356
964.193 359
964.263 371
964.333 371
964.403 369
964.473 362
964.543 360
964.613 371
964.683 385
964.753 401
964.822 412
964.892 416
964.962 413
965.032 419
965.102 411
965.172 408
965.242 404
965.312 407
965.382 396
965.452 391
965.522 394
965.592 390
965.662 387
965.732 382
965.803 367
965.873 364
965.943 358
966.013 358
966.083 360
966.153 359
966.223 365
966.293 373
966.363 388
966.433 393
966.503 392
966.573 391
966.643 386
966.713 383
966.783 388
966.853 390
966.923 398
966.993 406
967.063 405
967.133 397
967.203 387
967.273 371
967.344 368
967.414 364
967.484 352
967.554 351
967.624 347
967.694 349
967.764 354
967.834 360
967.904 357
967.974 367
968.044 377
968.115 385
968.185 396
968.255 394
968.325 396
968.395 394
968.465 396
968.535 391
968.605 384
968.675 388
968.746 378
968.816 373
968.886 366
968.956 354
969.026 355
969.096 363
969.166 380
969.237 391
969.307 396
969.377 396
969.447 396
969.517 400
969.587 402
969.657 403
969.728 408
969.798 404
969.868 412
969.938 418
970.008 419
970.078 422
970.149 418
970.219 410
970.289 405
970.359 403
970.429 413
970.500 420
970.570 433
970.640 441
970.710 426
970.780 420
970.851 412
970.921 403
970.991 396
971.061 393
971.131 391
971.202 389
971.272 385
971.342 378
971.412 369
971.482 359
971.553 366
971.623 372
971.693 381
971.763 383
971.834 388
971.904 395
971.974 401
972.044 411
972.115 407
972.185 398
972.255 386
972.325 375
972.396 369
972.466 364
972.536 359
972.606 353
972.677 359
972.747 353
972.817 347
972.888 346
972.958 351
973.028 358
973.098 366
973.169 373
973.239 372
973.309 386
973.380 395
973.450 406
973.520 410
973.590 401
973.661 397
973.731 386
973.801 381
973.872 377
973.942 371
974.012 372
974.083 370
974.153 364
974.223 359
974.294 353
974.364 345
974.434 346
974.505 346
974.575 345
974.645 358
974.716 364
974.786 371
974.856 376
974.927 375
974.997 373
975.067 367
975.138 365
975.208 350
975.279 343
975.349 342
975.419 343
975.490 330
975.560 321
975.630 311
975.701 296
975.771 308
975.842 320
975.912 331
975.982 343
976.053 362
976.123 368
976.193 379
976.264 393
976.334 392
976.405 400
976.475 402
976.546 410
976.616 399
976.686 393
976.757 383
976.827 370
976.898 357
976.968 353
977.038 352
977.109 353
977.179 358
977.250 353
977.320 355
977.391 343
977.461 337
977.532 336
977.602 335
977.672 332
977.743 334
977.813 331
977.884 332
977.954 324
978.025 327
978.095 328
978.166 330
978.236 333
978.307 352
978.377 364
978.448 373
978.518 384
978.589 385
978.659 387
978.730 389
978.800 402
978.871 391
978.941 396
979.012 397
979.082 393
979.153 398
979.223 386
979.294 375
979.364 363
979.435 356
979.505 360
979.576 369
979.646 379
979.717 375
979.787 380
979.858 383
979.928 384
979.999 382
980.069 373
980.140 372
980.210 361
980.281 368
980.352 360
980.422 348
980.493 343
980.563 338
980.634 348
980.704 359
980.775 372
980.845 368
980.916 362
980.987 360
981.057 351
981.128 347
981.198 348
981.269 347
981.340 348
981.410 351
981.481 353
981.551 352
981.622 358
981.693 361
981.763 356
981.834 351
981.904 340
981.975 329
982.046 321
982.116 311
982.187 306
982.257 312
982.328 320
982.399 326
982.469 337
982.540 352
982.611 363
982.681 379
982.752 394
982.822 391
982.893 389
982.964 381
983.034 372
983.105 373
983.176 373
983.246 369
983.317 371
983.388 375
983.458 376
983.529 380
983.600 386
983.670 376
983.741 374
983.812 370
983.882 366
983.953 364
984.024 362
984.094 365
984.165 364
984.236 386
984.306 399
984.377 410
984.448 425
984.519 429
984.589 438
984.660 443
984.731 448
984.801 463
984.872 466
984.943 466
985.014 475
985.084 476
985.155 480
985.226 484
985.296 484
985.367 481
985.438 479
985.509 476
985.579 470
985.650 456
985.721 452
985.792 445
985.862 445
985.933 438
986.004 431
986.075 421
986.145 405
986.216 402
986.287 393
986.358 395
986.429 392
986.499 389
986.570 385
986.641 382
986.712 383
986.782 387
986.853 393
986.924 396
986.995 406
987.066 412
987.136 414
987.207 413
987.278 414
987.349 408
987.420 405
987.490 408
987.561 401
987.632 386
987.703 377
987.774 368
987.845 358
987.915 368
987.986 362
988.057 359
988.128 358
988.199 353
988.270 354
988.340 355
988.411 363
988.482 363
988.553 366
988.624 373
988.695 374
988.765 382
988.836 390
988.907 394
988.978 397
989.049 399
989.120 396
989.191 391
989.262 392
989.332 384
989.403 374
989.474 368
989.545 358
989.616 350
989.687 352
989.758 356
989.829 356
989.900 357
989.970 355
990.041 352
990.112 350
990.183 354
990.254 358
990.325 355
990.396 363
990.467 369
990.538 369
990.609 368
990.680 368
990.750 355
990.821 347
990.892 342
990.963 339
991.034 346
991.105 349
991.176 354
991.247 357
991.318 359
991.389 353
991.460 346
991.531 337
991.602 334
991.673 332
991.744 326
991.815 322
991.886 318
991.957 317
992.028 317
992.099 313
992.170 322
992.241 329
992.312 339
992.383 351
992.454 337
992.525 327
992.596 312
992.667 300
992.738 299
992.809 299
992.880 300
992.951 304
993.022 322
993.093 343
993.164 360
993.235 375
993.306 372
993.377 367
993.448 362
993.519 359
993.590 365
993.661 375
993.732 381
993.803 394
993.874 401
993.945 400
994.016 401
994.087 400
994.158 391
994.229 386
994.300 382
994.371 378
994.442 370
994.513 361
994.584 354
994.656 342
994.727 344
994.798 354
994.869 361
994.940 368
995.011 378
995.082 377
995.153 392
995.224 395
995.295 383
995.366 385
995.437 379
995.509 379
995.580 392
995.651 401
995.722 412
995.793 422
995.864 404
995.935 382
996.006 362
996.077 341
996.149 323
996.220 315
996.291 308
996.362 297
996.433 298
996.504 299
996.575 300
996.647 304
996.718 303
996.789 300
996.860 299
996.931 299
997.002 309
997.073 323
997.145 327
997.216 336
997.287 331
997.358 328
997.429 329
997.500 328
997.572 329
997.643 324
997.714 322
997.785 319
997.856 323
997.928 323
997.999 326
998.070 324
998.141 326
998.212 336
998.284 350
998.355 363
998.426 360
998.497 361
998.568 362
998.640 356
998.711 354
998.782 351
998.853 347
998.924 347
998.996 358
999.067 359
999.138 360
999.209 365
999.281 369
999.352 370
999.423 368
999.494 366
999.566 346
999.637 341
999.708 336
999.779 333
999.851 336
999.922 332
999.993 322
1000.064 326
1000.136 336
1000.207 343
1000.278 350
1000.350 350
1000.421 353
1000.492 357
1000.563 360
1000.635 369
1000.706 370
1000.777 377
1000.849 389
1000.920 400
1000.991 395
1001.062 385
1001.134 376
1001.205 365
1001.276 365
1001.348 365
1001.419 360
1001.490 366
1001.562 366
1001.633 367
1001.704 370
1001.776 371
1001.847 375
1001.918 372
1001.990 372
1002.061 371
1002.132 362
1002.204 358
1002.275 356
1002.346 343
1002.418 334
1002.489 335
1002.560 336
1002.632 337
1002.703 348
1002.774 353
1002.846 356
1002.917 364
1002.989 367
1003.060 362
1003.131 358
1003.203 352
1003.274 337
1003.345 333
1003.417 333
1003.488 325
1003.560 324
1003.631 329
1003.702 334
1003.774 339
1003.845 339
1003.917 325
1003.988 309
1004.059 298
1004.131 310
1004.202 321
1004.274 328
1004.345 332
1004.417 324
1004.488 321
1004.559 321
1004.631 321
1004.702 315
1004.774 314
1004.845 311
1004.917 313
1004.988 316
1005.059 316
1005.131 326
1005.202 327
1005.274 326
1005.345 330
1005.417 334
1005.488 341
1005.560 341
1005.631 344
1005.703 346
1005.774 348
1005.846 354
1005.917 359
1005.989 370
1006.060 380
1006.131 379
1006.203 371
1006.274 361
1006.346 349
1006.417 343
1006.489 344
1006.560 342
1006.632 340
1006.703 345
1006.775 351
1006.846 365
1006.918 378
1006.990 382
1007.061 381
1007.133 376
1007.204 367
1007.276 359
1007.347 354
1007.419 350
1007.490 348
1007.562 341
1007.633 352
1007.705 355
1007.776 363
1007.848 361
1007.919 360
1007.991 362
1008.063 361
1008.134 374
1008.206 378
1008.277 385
1008.349 387
1008.420 378
1008.492 368
1008.564 363
1008.635 350
1008.707 344
1008.778 346
1008.850 350
1008.921 353
1008.993 365
1009.065 377
1009.136 388
1009.208 405
1009.279 404
1009.351 402
1009.423 391
1009.494 384
1009.566 382
1009.637 382
1009.709 389
1009.781 395
1009.852 395
1009.924 406
1009.996 413
1010.067 416
1010.139 426
1010.210 424
1010.282 427
1010.354 435
1010.425 440
1010.497 433
1010.569 423
1010.640 411
1010.712 398
1010.784 401
1010.855 404
1010.927 398
1010.999 402
1011.070 399
1011.142 395
1011.214 397
1011.285 389
1011.357 386
1011.429 380
1011.500 372
1011.572 359
1011.644 349
1011.715 339
1011.787 337
1011.859 356
1011.930 366
1012.002 379
1012.074 388
1012.145 377
1012.217 375
1012.289 374
1012.361 363
1012.432 358
1012.504 357
1012.576 354
1012.647 356
1012.719 365
1012.791 365
1012.863 367
1012.934 370
1013.006 366
1013.078 366
1013.150 367
1013.221 367
1013.293 357
1013.365 356
1013.437 351
1013.508 346
1013.580 359
1013.652 363
1013.724 364
1013.795 368
1013.867 360
1013.939 348
1014.011 339
1014.082 327
1014.154 331
1014.226 336
1014.298 337
1014.369 346
1014.441 354
1014.513 366
1014.585 382
1014.657 398
1014.728 405
1014.800 404
1014.872 404
1014.944 404
1015.016 391
1015.087 384
1015.159 372
1015.231 358
1015.303 357
1015.375 355
1015.447 353
1015.518 346
1015.590 340
1015.662 332
1015.734 322
1015.806 311
1015.877 313
1015.949 311
1016.021 307
1016.093 315
1016.165 318
1016.237 323
1016.309 325
1016.380 336
1016.452 348
1016.524 347
1016.596 351
1016.668 346
1016.740 342
1016.812 345
1016.883 347
1016.955 354
1017.027 348
1017.099 344
1017.171 341
1017.243 340
1017.315 337
1017.387 340
1017.459 344
1017.530 345
1017.602 356
1017.674 362
1017.746 372
1017.818 372
1017.890 360
1017.962 353
1018.034 342
1018.106 335
1018.178 331
1018.249 328
1018.321 321
1018.393 317
1018.465 318
1018.537 316
1018.609 312
1018.681 309
1018.753 305
1018.825 303
1018.897 304
1018.969 304
1019.041 301
1019.113 312
1019.185 324
1019.257 332
1019.329 343
1019.401 336
1019.473 331
1019.545 323
1019.616 328
1019.688 334
1019.760 341
1019.832 351
1019.904 353
1019.976 362
1020.048 370
1020.120 379
1020.192 368
1020.264 361
1020.336 350
1020.408 343
1020.480 355
1020.552 355
1020.624 354
1020.696 357
1020.768 349
1020.840 352
1020.912 357
1020.984 360
1021.056 374
1021.128 382
1021.200 390
1021.272 397
1021.345 383
1021.417 374
1021.489 367
1021.561 357
1021.633 353
1021.705 350
1021.777 347
1021.849 346
1021.921 349
1021.993 351
1022.065 356
1022.137 358
1022.209 360
1022.281 356
1022.353 349
1022.425 346
1022.497 347
1022.569 344
1022.642 347
1022.714 344
1022.786 338
1022.858 332
1022.930 333
1023.002 323
1023.074 317
1023.146 317
1023.218 321
1023.290 321
1023.362 331
1023.435 343
1023.507 344
1023.579 352
1023.651 360
1023.723 358
1023.795 352
1023.867 352
1023.939 349
1024.011 341
1024.084 330
1024.156 319
1024.228 313
1024.300 307
1024.372 299
1024.444 290
1024.516 293
1024.589 295
1024.661 296
1024.733 297
1024.805 302
1024.877 307
1024.949 309
1025.022 314
1025.094 314
1025.166 321
1025.238 325
1025.310 337
1025.382 350
1025.455 355
1025.527 359
1025.599 358
1025.671 341
1025.743 328
1025.816 319
1025.888 307
1025.960 309
1026.032 313
1026.104 318
1026.176 319
1026.249 329
1026.321 333
1026.393 339
1026.465 348
1026.538 346
1026.610 343
1026.682 337
1026.754 328
1026.826 322
1026.899 315
1026.971 308
1027.043 305
1027.115 302
1027.188 307
1027.260 316
1027.332 313
1027.404 306
1027.477 308
1027.549 306
1027.621 309
1027.693 316
1027.766 312
1027.838 310
1027.910 308
1027.982 309
1028.055 315
1028.127 321
1028.199 333
1028.272 333
1028.344 333
1028.416 333
1028.488 330
1028.561 338
1028.633 343
1028.705 353
1028.778 352
1028.850 340
1028.922 334
1028.994 325
1029.067 325
1029.139 324
1029.211 325
1029.284 327
1029.356 331
1029.428 321
1029.501 312
1029.573 303
1029.645 292
1029.718 300
1029.790 305
1029.862 313
1029.935 322
1030.007 324
1030.079 332
1030.152 338
1030.224 343
1030.296 350
1030.369 347
1030.441 345
1030.513 343
1030.586 345
1030.658 346
1030.731 348
1030.803 347
1030.875 341
1030.948 337
1031.020 330
1031.092 324
1031.165 323
1031.237 313
1031.310 302
1031.382 290
1031.454 290
1031.527 300
1031.599 312
1031.672 330
1031.744 341
1031.816 351
1031.889 360
1031.961 362
1032.034 357
1032.106 359
1032.178 362
1032.251 368
1032.323 379
1032.396 372
1032.468 368
1032.541 359
1032.613 356
1032.685 357
1032.758 356
1032.830 365
1032.903 354
1032.975 357
1033.048 359
1033.120 358
1033.193 360
1033.265 365
1033.337 366
1033.410 367
1033.482 371
1033.555 370
1033.627 367
1033.700 371
1033.772 361
1033.845 354
1033.917 349
1033.990 344
1034.062 346
1034.135 347
1034.207 339
1034.280 340
1034.352 336
1034.425 337
1034.497 337
1034.570 341
1034.642 332
1034.715 323
1034.787 319
1034.860 306
1034.932 304
1035.005 311
1035.077 318
1035.150 322
1035.222 333
1035.295 345
1035.367 354
1035.440 367
1035.512 373
1035.585 370
1035.658 371
1035.730 379
1035.803 368
1035.875 356
1035.948 341
1036.020 316
1036.093 312
1036.165 311
1036.238 310
1036.311 316
1036.383 311
1036.456 319
1036.528 332
1036.601 339
1036.673 342
1036.746 344
1036.819 345
1036.891 349
1036.964 358
1037.036 348
1037.109 340
1037.181 330
1037.254 319
1037.327 318
1037.399 314
1037.472 307
1037.544 314
1037.617 320
1037.690 322
1037.762 340
1037.835 338
1037.908 337
1037.980 334
1038.053 332
1038.125 324
1038.198 322
1038.271 324
1038.343 326
1038.416 325
1038.489 328
1038.561 330
1038.634 329
1038.707 335
1038.779 336
1038.852 338
1038.925 340
1038.997 345
1039.070 343
1039.143 340
1039.215 342
1039.288 338
1039.361 329
1039.433 323
1039.506 305
1039.579 303
1039.651 303
1039.724 304
1039.797 306
1039.869 311
1039.942 318
1040.015 323
1040.087 325
1040.160 329
1040.233 332
1040.306 331
1040.378 332
1040.451 325
1040.524 313
1040.596 301
1040.669 287
1040.742 287
1040.815 293
1040.887 306
1040.960 317
1041.033 323
1041.105 326
1041.178 331
1041.251 338
1041.324 337
1041.396 333
1041.469 328
1041.542 324
1041.615 328
1041.687 332
1041.760 338
1041.833 345
1041.906 339
1041.979 332
1042.051 320
1042.124 308
1042.197 307
1042.270 309
1042.342 305
1042.415 309
1042.488 310
1042.561 310
1042.634 308
1042.706 309
1042.779 302
1042.852 293
1042.925 285
1042.997 279
1043.070 283
1043.143 290
1043.216 295
1043.289 301
1043.362 299
1043.434 298
1043.507 294
1043.580 291
1043.653 303
1043.726 303
1043.798 301
1043.871 302
1043.944 299
1044.017 304
1044.090 306
1044.163 317
1044.236 321
1044.308 321
1044.381 319
1044.454 317
1044.527 317
1044.600 313
1044.673 309
1044.746 303
1044.818 296
1044.891 298
1044.964 302
1045.037 304
1045.110 307
1045.183 300
1045.256 298
1045.329 289
1045.401 294
1045.474 301
1045.547 310
1045.620 321
1045.693 324
1045.766 335
1045.839 344
1045.912 360
1045.985 365
1046.058 361
1046.130 356
1046.203 353
1046.276 342
1046.349 333
1046.422 321
1046.495 310
1046.568 309
1046.641 304
1046.714 298
1046.787 293
1046.860 295
1046.933 303
1047.006 313
1047.079 325
1047.151 329
1047.224 323
1047.297 318
1047.370 313
1047.443 309
1047.516 314
1047.589 320
1047.662 324
1047.735 319
1047.808 317
1047.881 311
1047.954 306
1048.027 300
1048.100 290
1048.173 281
1048.246 271
1048.319 281
1048.392 286
1048.465 294
1048.538 299
1048.611 294
1048.684 289
1048.757 279
1048.830 279
1048.903 293
1048.976 305
1049.049 319
1049.122 329
1049.195 329
1049.268 332
1049.341 336
1049.414 348
1049.487 344
1049.560 336
1049.633 328
1049.706 322
1049.779 316
1049.852 321
1049.925 331
1049.998 331
1050.072 320
1050.145 307
1050.218 289
1050.291 270
1050.364 271
1050.437 272
1050.510 268
1050.583 269
1050.656 272
1050.729 278
1050.802 284
1050.875 291
1050.948 294
1051.021 301
1051.095 308
1051.168 319
1051.241 322
1051.314 319
1051.387 313
1051.460 311
1051.533 313
1051.606 311
1051.679 314
1051.752 310
1051.826 313
1051.899 324
1051.972 335
1052.045 351
1052.118 354
1052.191 355
1052.264 360
1052.337 358
1052.411 354
1052.484 356
1052.557 359
1052.630 358
1052.703 349
1052.776 331
1052.849 312
1052.923 298
1052.996 291
1053.069 282
1053.142 275
1053.215 271
1053.288 267
1053.362 276
1053.435 288
1053.508 294
1053.581 304
1053.654 308
1053.727 311
1053.801 319
1053.874 317
1053.947 318
1054.020 319
1054.093 319
1054.167 318
1054.240 306
1054.313 298
1054.386 286
1054.459 288
1054.533 298
1054.606 305
1054.679 314
1054.752 324
1054.825 333
1054.899 340
1054.972 352
1055.045 350
1055.118 344
1055.192 338
1055.265 328
1055.338 322
1055.411 319
1055.485 311
1055.558 308
1055.631 316
1055.704 317
1055.778 317
1055.851 319
1055.924 311
1055.997 306
1056.071 300
1056.144 290
1056.217 305
1056.290 316
1056.364 328
1056.437 340
1056.510 352
1056.584 357
1056.657 364
1056.730 369
1056.803 374
1056.877 383
1056.950 390
1057.023 406
1057.097 402
1057.170 402
1057.243 405
1057.316 407
1057.390 396
1057.463 386
1057.536 379
1057.610 363
1057.683 366
1057.756 363
1057.830 363
1057.903 364
1057.976 367
1058.050 365
1058.123 364
1058.196 361
1058.270 362
1058.343 366
1058.416 370
1058.490 382
1058.563 391
1058.636 397
1058.710 404
1058.783 408
1058.857 400
1058.930 393
1059.003 383
1059.077 374
1059.150 356
1059.223 344
1059.297 335
1059.370 318
1059.444 316
1059.517 311
1059.590 300
1059.664 294
1059.737 290
1059.810 290
1059.884 286
1059.957 288
1060.031 303
1060.104 309
1060.177 321
1060.251 327
1060.324 324
1060.398 321
1060.471 317
1060.545 317
1060.618 318
1060.691 323
1060.765 329
1060.838 338
1060.912 334
1060.985 336
1061.059 342
1061.132 341
1061.205 346
1061.279 346
1061.352 343
1061.426 343
1061.499 341
1061.573 341
1061.646 342
1061.720 337
1061.793 337
1061.867 337
1061.940 340
1062.014 344
1062.087 336
1062.160 329
1062.234 320
1062.307 308
1062.381 310
1062.454 309
1062.528 299
1062.601 291
1062.675 290
1062.748 285
1062.822 279
1062.895 276
1062.969 280
1063.042 286
1063.116 297
1063.189 298
1063.263 289
1063.336 294
1063.410 296
1063.484 303
1063.557 306
1063.631 299
1063.704 289
1063.778 282
1063.851 285
1063.925 285
1063.998 291
1064.072 294
1064.145 296
1064.219 295
1064.292 294
1064.366 295
1064.440 291
1064.513 292
1064.587 289
1064.660 282
1064.734 286
1064.807 292
1064.881 295
1064.955 305
1065.028 300
1065.102 294
1065.175 289
1065.249 281
1065.322 278
1065.396 276
1065.470 274
1065.543 267
1065.617 275
1065.690 275
1065.764 277
1065.838 281
1065.911 283
1065.985 286
1066.058 283
1066.132 290
1066.206 286
1066.279 284
1066.353 282
1066.427 282
1066.500 288
1066.574 292
1066.647 295
1066.721 302
1066.795 297
1066.868 296
1066.942 295
1067.016 296
1067.089 301
1067.163 300
1067.237 299
1067.310 289
1067.384 280
1067.458 281
1067.531 283
1067.605 283
1067.679 284
1067.752 288
1067.826 289
1067.900 296
1067.973 306
1068.047 306
1068.121 299
1068.194 297
1068.268 292
1068.342 290
1068.415 285
1068.489 281
1068.563 277
1068.637 284
1068.710 290
1068.784 302
1068.858 306
1068.931 301
1069.005 294
1069.079 291
1069.153 295
1069.226 296
1069.300 300
1069.374 296
1069.448 297
1069.521 307
1069.595 319
1069.669 334
1069.742 335
1069.816 338
1069.890 341
1069.964 340
1070.037 336
1070.111 328
1070.185 322
1070.259 308
1070.333 299
1070.406 291
1070.480 283
1070.554 276
1070.628 273
1070.701 276
1070.775 282
1070.849 282
1070.923 279
1070.997 280
1071.070 276
1071.144 272
1071.218 280
1071.292 278
1071.365 278
1071.439 280
1071.513 274
1071.587 272
1071.661 271
1071.735 269
1071.808 266
1071.882 264
1071.956 263
1072.030 255
1072.104 249
1072.177 247
1072.251 243
1072.325 245
1072.399 251
1072.473 260
1072.547 274
1072.620 280
1072.694 284
1072.768 279
1072.842 269
1072.916 261
1072.990 263
1073.064 266
1073.137 265
1073.211 265
1073.285 272
1073.359 276
1073.433 282
1073.507 292
1073.581 293
1073.655 305
1073.728 326
1073.802 343
1073.876 346
1073.950 338
1074.024 329
1074.098 318
1074.172 314
1074.246 312
1074.320 304
1074.393 301
1074.467 293
1074.541 289
1074.615 291
1074.689 280
1074.763 281
1074.837 272
1074.911 260
1074.985 252
1075.059 254
1075.133 265
1075.207 278
1075.281 286
1075.355 289
1075.428 294
1075.502 296
1075.576 296
1075.650 295
1075.724 288
1075.798 279
1075.872 270
1075.946 274
1076.020 278
1076.094 280
1076.168 284
1076.242 271
1076.316 272
1076.390 265
1076.464 262
1076.538 267
1076.612 268
1076.686 270
1076.760 271
1076.834 277
1076.908 272
1076.982 269
1077.056 265
1077.130 256
1077.204 258
1077.278 259
1077.352 263
1077.426 267
1077.500 265
1077.574 265
1077.648 265
1077.722 258
1077.796 263
1077.870 271
1077.944 276
1078.018 274
1078.092 280
1078.166 282
1078.240 288
1078.314 297
1078.388 294
1078.462 295
1078.536 287
1078.610 275
1078.684 271
1078.759 268
1078.833 263
1078.907 264
1078.981 269
1079.055 271
1079.129 282
1079.203 292
1079.277 299
1079.351 306
1079.425 324
1079.499 342
1079.573 363
1079.647 383
1079.721 398
1079.796 421
1079.870 435
1079.944 449
1080.018 474
1080.092 481
1080.166 491
1080.240 500
1080.314 512
1080.388 541
1080.463 566
1080.537 586
1080.611 602
1080.685 611
1080.759 610
1080.833 610
1080.907 618
1080.981 606
1081.056 607
1081.130 610
1081.204 617
1081.278 622
1081.352 627
1081.426 634
1081.500 631
1081.575 628
1081.649 625
1081.723 621
1081.797 621
1081.871 617
1081.945 618
1082.020 612
1082.094 610
1082.168 607
1082.242 605
1082.316 601
1082.391 599
1082.465 599
1082.539 597
1082.613 598
1082.687 597
1082.761 597
1082.836 599
1082.910 601
1082.984 603
1083.058 599
1083.132 596
1083.207 590
1083.281 591
1083.355 595
1083.429 599
1083.504 608
1083.578 606
1083.652 594
1083.726 574
1083.800 555
1083.875 532
1083.949 504
1084.023 483
1084.097 462
1084.172 441
1084.246 441
1084.320 438
1084.394 438
1084.469 433
1084.543 418
1084.617 413
1084.691 400
1084.766 391
1084.840 387
1084.914 379
1084.989 376
1085.063 365
1085.137 349
1085.211 344
1085.286 337
1085.360 336
1085.434 342
1085.509 344
1085.583 344
1085.657 345
1085.731 354
1085.806 364
1085.880 379
1085.954 390
1086.029 392
1086.103 393
1086.177 391
1086.252 397
1086.326 393
1086.400 386
1086.475 381
1086.549 368
1086.623 359
1086.698 349
1086.772 336
1086.846 322
1086.921 335
1086.995 351
1087.069 368
1087.144 385
1087.218 379
1087.292 367
1087.367 358
1087.441 337
1087.515 327
1087.590 322
1087.664 315
1087.739 315
1087.813 321
1087.887 326
1087.962 330
1088.036 331
1088.110 332
1088.185 332
1088.259 334
1088.334 332
1088.408 331
1088.482 320
1088.557 311
1088.631 300
1088.706 292
1088.780 289
1088.854 287
1088.929 281
1089.003 280
1089.078 282
1089.152 288
1089.227 296
1089.301 294
1089.375 297
1089.450 301
1089.524 300
1089.599 312
1089.673 315
1089.748 315
1089.822 325
1089.896 320
1089.971 315
1090.045 312
1090.120 311
1090.194 303
1090.269 299
1090.343 292
1090.418 282
1090.492 283
1090.567 283
1090.641 282
1090.715 283
1090.790 288
1090.864 287
1090.939 283
1091.013 277
1091.088 277
1091.162 280
1091.237 285
1091.311 289
1091.386 291
1091.460 299
1091.535 306
1091.609 315
1091.684 311
1091.758 314
1091.833 319
1091.907 324
1091.982 321
1092.056 310
1092.131 301
1092.205 289
1092.280 286
1092.355 286
1092.429 288
1092.504 288
1092.578 287
1092.653 288
1092.727 289
1092.802 283
1092.876 278
1092.951 277
1093.025 278
1093.100 283
1093.175 280
1093.249 279
1093.324 273
1093.398 273
1093.473 285
1093.547 296
1093.622 307
1093.697 324
1093.771 326
1093.846 325
1093.920 325
1093.995 316
1094.069 310
1094.144 307
1094.219 303
1094.293 304
1094.368 291
1094.442 284
1094.517 277
1094.592 266
1094.666 267
1094.741 264
1094.815 263
1094.890 261
1094.965 255
1095.039 256
1095.114 254
1095.189 253
1095.263 255
1095.338 251
1095.413 245
1095.487 243
1095.562 245
1095.636 250
1095.711 251
1095.786 257
1095.860 256
1095.935 259
1096.010 263
1096.084 268
1096.159 272
1096.234 279
1096.308 284
1096.383 291
1096.458 295
1096.532 296
1096.607 302
1096.682 304
1096.756 294
1096.831 292
1096.906 293
1096.980 287
1097.055 287
1097.130 286
1097.205 280
1097.279 275
1097.354 277
1097.429 277
1097.503 278
1097.578 282
1097.653 286
1097.728 292
1097.802 297
1097.877 303
1097.952 303
1098.026 303
1098.101 299
1098.176 302
1098.251 301
1098.325 294
1098.400 286
1098.475 275
1098.550 264
1098.624 253
1098.699 245
1098.774 235
1098.849 235
1098.923 246
1098.998 256
1099.073 266
1099.148 280
1099.222 289
1099.297 301
1099.372 313
1099.447 324
1099.521 322
1099.596 316
1099.671 314
1099.746 307
1099.821 300
1099.895 289
1099.970 278
1100.045 272
1100.120 272
1100.195 269
1100.269 271
1100.344 274
1100.419 275
1100.494 275
1100.569 281
1100.643 289
1100.718 292
1100.793 293
1100.868 290
1100.943 292
1101.018 297
1101.092 306
1101.167 313
1101.242 318
1101.317 310
1101.392 302
1101.467 292
1101.541 279
1101.616 270
1101.691 258
1101.766 245
1101.841 247
1101.916 247
1101.991 252
1102.065 254
1102.140 256
1102.215 260
1102.290 260
1102.365 263
1102.440 273
1102.515 274
1102.590 278
1102.664 280
1102.739 275
1102.814 275
1102.889 270
1102.964 268
1103.039 273
1103.114 272
1103.189 268
1103.264 273
1103.339 269
1103.413 264
1103.488 258
1103.563 251
1103.638 267
1103.713 284
1103.788 305
1103.863 323
1103.938 321
1104.013 315
1104.088 310
1104.163 309
1104.238 314
1104.313 319
1104.388 330
1104.463 327
1104.537 336
1104.612 343
1104.687 349
1104.762 359
1104.837 362
1104.912 369
1104.987 371
1105.062 376
1105.137 372
1105.212 366
1105.287 360
1105.362 354
1105.437 350
1105.512 354
1105.587 360
1105.662 368
1105.737 372
1105.812 365
1105.887 358
1105.962 347
1106.037 355
1106.112 361
1106.187 368
1106.262 377
1106.337 379
1106.412 390
1106.487 399
1106.562 410
1106.637 406
1106.712 395
1106.787 386
1106.862 375
1106.937 368
1107.012 357
1107.087 345
1107.162 332
1107.237 329
1107.312 327
1107.388 323
1107.463 324
1107.538 318
1107.613 313
1107.688 310
1107.763 307
1107.838 299
1107.913 299
1107.988 298
1108.063 296
1108.138 298
1108.213 295
1108.288 295
1108.363 292
1108.438 303
1108.514 314
1108.589 323
1108.664 338
1108.739 334
1108.814 330
1108.889 329
1108.964 325
1109.039 316
1109.114 305
1109.189 291
1109.265 281
1109.340 283
1109.415 288
1109.490 297
1109.565 295
1109.640 297
1109.715 297
1109.790 296
1109.866 304
1109.941 309
1110.016 310
1110.091 308
1110.166 310
1110.241 303
1110.316 299
1110.392 295
1110.467 289
1110.542 286
1110.617 290
1110.692 292
1110.767 293
1110.843 290
1110.918 290
1110.993 291
1111.068 293
1111.143 288
1111.218 288
1111.294 288
1111.369 293
1111.444 304
1111.519 307
1111.594 307
1111.670 310
1111.745 300
1111.820 295
1111.895 292
1111.970 278
1112.046 279
1112.121 275
1112.196 271
1112.271 270
1112.346 276
1112.422 278
1112.497 275
1112.572 280
1112.647 268
1112.723 266
1112.798 267
1112.873 266
1112.948 277
1113.024 284
1113.099 293
1113.174 302
1113.249 301
1113.325 301
1113.400 304
1113.475 301
1113.550 294
1113.626 292
1113.701 289
1113.776 286
1113.851 279
1113.927 277
1114.002 268
1114.077 260
1114.152 276
1114.228 286
1114.303 298
1114.378 309
1114.454 304
1114.529 308
1114.604 312
1114.680 314
1114.755 313
1114.830 305
1114.905 296
1114.981 289
1115.056 285
1115.131 286
1115.207 285
1115.282 290
1115.357 285
1115.433 281
1115.508 282
1115.583 279
1115.659 279
1115.734 275
1115.809 270
1115.885 260
1115.960 256
1116.035 256
1116.111 252
1116.186 259
1116.261 262
1116.337 269
1116.412 269
1116.487 274
1116.563 286
1116.638 292
1116.714 298
1116.789 309
1116.864 305
1116.940 301
1117.015 291
1117.090 286
1117.166 279
1117.241 271
1117.317 269
1117.392 257
1117.467 262
1117.543 268
1117.618 275
1117.694 280
1117.769 290
1117.844 293
1117.920 298
1117.995 302
1118.071 296
1118.146 299
1118.221 303
1118.297 304
1118.372 300
1118.448 286
1118.523 269
1118.599 258
1118.674 249
1118.750 248
1118.825 250
1118.900 248
1118.976 259
1119.051 274
1119.127 285
1119.202 300
1119.278 303
1119.353 299
1119.429 301
1119.504 303
1119.580 295
1119.655 288
1119.730 281
1119.806 272
1119.881 271
1119.957 269
1120.032 269
1120.108 266
1120.183 270
1120.259 270
1120.334 273
1120.410 274
1120.485 275
1120.561 281
1120.636 286
1120.712 296
1120.787 292
1120.863 292
1120.938 292
1121.014 291
1121.089 299
1121.165 298
1121.240 298
1121.316 298
1121.391 295
1121.467 290
1121.543 288
1121.618 282
1121.694 274
1121.769 270
1121.845 261
1121.920 258
1121.996 251
1122.071 250
1122.147 243
1122.222 239
1122.298 247
1122.374 249
1122.449 253
1122.525 257
1122.600 262
1122.676 267
1122.751 272
1122.827 278
1122.903 275
1122.978 278
1123.054 284
1123.129 291
1123.205 296
1123.281 300
1123.356 305
1123.432 310
1123.507 312
1123.583 318
1123.659 323
1123.734 329
1123.810 324
1123.885 314
1123.961 302
1124.037 291
1124.112 282
1124.188 281
1124.264 277
1124.339 275
1124.415 283
1124.490 284
1124.566 288
1124.642 291
1124.717 294
1124.793 297
1124.869 302
1124.944 308
1125.020 320
1125.096 330
1125.171 344
1125.247 356
1125.323 344
1125.398 332
1125.474 315
1125.550 299
1125.625 290
1125.701 289
1125.777 282
1125.852 281
1125.928 285
1126.004 286
1126.079 285
1126.155 286
1126.231 280
1126.306 272
1126.382 264
1126.458 258
1126.534 256
1126.609 260
1126.685 262
1126.761 269
1126.836 266
1126.912 267
1126.988 271
1127.064 276
1127.139 294
1127.215 298
1127.291 301
1127.366 309
1127.442 307
1127.518 307
1127.594 310
1127.669 308
1127.745 303
1127.821 304
1127.897 305
1127.972 307
1128.048 294
1128.124 287
1128.200 280
1128.275 276
1128.351 282
1128.427 286
1128.503 290
1128.579 290
1128.654 293
1128.730 294
1128.806 298
1128.882 299
1128.957 302
1129.033 306
1129.109 309
1129.185 313
1129.261 310
1129.336 312
1129.412 313
1129.488 314
1129.564 316
1129.640 313
1129.715 314
1129.791 309
1129.867 306
1129.943 306
1130.019 300
1130.095 304
1130.170 303
1130.246 304
1130.322 305
1130.398 303
1130.474 308
1130.550 309
1130.625 304
1130.701 306
1130.777 306
1130.853 304
1130.929 307
1131.005 304
1131.081 301
1131.156 295
1131.232 284
1131.308 275
1131.384 273
1131.460 277
1131.536 277
1131.612 285
1131.688 279
1131.763 270
1131.839 259
1131.915 251
1131.991 251
1132.067 250
1132.143 255
1132.219 250
1132.295 251
1132.371 254
1132.446 259
1132.522 260
1132.598 264
1132.674 272
1132.750 277
1132.826 287
1132.902 289
1132.978 292
1133.054 295
1133.130 299
1133.206 298
1133.282 294
1133.358 291
1133.433 281
1133.509 279
1133.585 272
1133.661 270
1133.737 263
1133.813 268
1133.889 269
1133.965 272
1134.041 275
1134.117 280
1134.193 284
1134.269 286
1134.345 299
1134.421 298
1134.497 303
1134.573 309
1134.649 307
1134.725 302
1134.801 297
1134.877 293
1134.953 286
1135.029 289
1135.105 290
1135.181 293
1135.257 297
1135.333 298
1135.409 298
1135.485 302
1135.561 298
1135.637 299
1135.713 299
1135.789 299
1135.865 300
1135.941 281
1136.017 268
1136.093 252
1136.169 233
1136.245 238
1136.321 241
1136.397 249
1136.473 252
1136.549 259
1136.625 263
1136.701 264
1136.777 270
1136.853 277
1136.929 284
1137.006 289
1137.082 296
1137.158 285
1137.234 275
1137.310 265
1137.386 253
1137.462 245
1137.538 239
1137.614 232
1137.690 225
1137.766 235
1137.842 244
1137.918 254
1137.995 264
1138.071 256
1138.147 254
1138.223 255
1138.299 253
1138.375 259
1138.451 258
1138.527 258
1138.603 251
1138.680 246
1138.756 246
1138.832 245
1138.908 247
1138.984 247
1139.060 251
1139.136 258
1139.212 259
1139.289 249
1139.365 245
1139.441 238
1139.517 237
1139.593 246
1139.669 254
1139.745 266
1139.822 276
1139.898 287
1139.974 296
1140.050 303
1140.126 318
1140.202 306
1140.279 296
1140.355 287
1140.431 271
1140.507 269
1140.583 266
1140.660 261
1140.736 256
1140.812 257
1140.888 259
1140.964 259
1141.040 267
1141.117 271
1141.193 269
1141.269 262
1141.345 256
1141.422 260
1141.498 261
1141.574 269
1141.650 276
1141.726 273
1141.803 272
1141.879 271
1141.955 269
1142.031 269
1142.108 266
1142.184 262
1142.260 258
1142.336 259
1142.412 259
1142.489 261
1142.565 263
1142.641 261
1142.718 261
1142.794 263
1142.870 258
1142.946 262
1143.023 260
1143.099 257
1143.175 257
1143.251 254
1143.328 257
1143.404 259
1143.480 262
1143.556 262
1143.633 259
1143.709 260
1143.785 257
1143.862 256
1143.938 262
1144.014 266
1144.091 274
1144.167 276
1144.243 273
1144.319 270
1144.396 270
1144.472 272
1144.548 275
1144.625 277
1144.701 282
1144.777 278
1144.854 272
1144.930 265
1145.006 254
1145.083 249
1145.159 243
1145.235 236
1145.312 226
1145.388 220
1145.464 219
1145.541 218
1145.617 218
1145.693 221
1145.770 226
1145.846 225
1145.923 234
1145.999 234
1146.075 234
1146.152 239
1146.228 242
1146.304 240
1146.381 234
1146.457 229
1146.534 220
1146.610 226
1146.686 227
1146.763 224
1146.839 227
1146.915 224
1146.992 229
1147.068 237
1147.145 244
1147.221 250
1147.298 251
1147.374 253
1147.450 253
1147.527 259
1147.603 262
1147.680 269
1147.756 272
1147.832 266
1147.909 266
1147.985 268
1148.062 262
1148.138 264
1148.215 260
1148.291 254
1148.368 249
1148.444 248
1148.520 250
1148.597 257
1148.673 258
1148.750 262
1148.826 272
1148.903 283
1148.979 294
1149.056 297
1149.132 300
1149.209 302
1149.285 305
1149.362 309
1149.438 303
1149.515 301
1149.591 295
1149.668 289
1149.744 277
1149.820 265
1149.897 252
1149.973 241
1150.050 238
1150.126 232
1150.203 220
1150.280 234
1150.356 244
1150.433 255
1150.509 273
1150.586 280
1150.662 283
1150.739 285
1150.815 284
1150.892 286
1150.968 283
1151.045 276
1151.121 276
1151.198 276
1151.274 276
1151.351 279
1151.427 281
1151.504 276
1151.581 272
1151.657 268
1151.734 264
1151.810 267
1151.887 268
1151.963 270
1152.040 269
1152.117 273
1152.193 282
1152.270 290
1152.346 304
1152.423 302
1152.499 299
1152.576 296
1152.653 290
1152.729 301
1152.806 307
1152.882 314
1152.959 318
1153.036 323
1153.112 327
1153.189 328
1153.265 333
1153.342 333
1153.419 338
1153.495 348
1153.572 356
1153.649 342
1153.725 329
1153.802 318
1153.878 301
1153.955 306
1154.032 306
1154.108 304
1154.185 307
1154.262 307
1154.338 314
1154.415 318
1154.492 319
1154.568 333
1154.645 345
1154.722 360
1154.798 372
1154.875 364
1154.952 359
1155.028 355
1155.105 352
1155.182 355
1155.258 344
1155.335 338
1155.412 329
1155.488 322
1155.565 324
1155.642 318
1155.718 323
1155.795 327
1155.872 323
1155.948 319
1156.025 314
1156.102 307
1156.179 300
1156.255 291
1156.332 283
1156.409 283
1156.485 283
1156.562 283
1156.639 278
1156.716 279
1156.792 276
1156.869 268
1156.946 265
1157.023 252
1157.099 249
1157.176 244
1157.253 239
1157.330 241
1157.406 242
1157.483 241
1157.560 237
1157.637 242
1157.713 244
1157.790 247
1157.867 255
1157.944 263
1158.020 268
1158.097 276
1158.174 275
1158.251 273
1158.328 268
1158.404 261
1158.481 261
1158.558 257
1158.635 253
1158.711 248
1158.788 243
1158.865 245
1158.942 247
1159.019 250
1159.095 252
1159.172 250
1159.249 248
1159.326 243
1159.403 237
1159.480 246
1159.556 249
1159.633 248
1159.710 257
1159.787 249
1159.864 245
1159.941 241
1160.017 234
1160.094 230
1160.171 233
1160.248 237
1160.325 247
1160.402 259
1160.478 267
1160.555 275
1160.632 282
1160.709 286
1160.786 291
1160.863 301
1160.940 308
1161.017 301
1161.093 297
1161.170 294
1161.247 291
1161.324 294
1161.401 289
1161.478 281
1161.555 269
1161.632 274
1161.708 281
1161.785 285
1161.862 288
1161.939 284
1162.016 280
1162.093 276
1162.170 271
1162.247 268
1162.324 268
1162.401 266
1162.478 270
1162.554 281
1162.631 277
1162.708 275
1162.785 267
1162.862 260
1162.939 256
1163.016 251
1163.093 252
1163.170 250
1163.247 255
1163.324 255
1163.401 257
1163.478 257
1163.555 257
1163.632 254
1163.709 256
1163.786 263
1163.863 257
1163.940 255
1164.017 253
1164.094 244
1164.170 244
1164.247 242
1164.324 246
1164.401 245
1164.478 242
1164.555 237
1164.632 230
1164.709 247
1164.786 260
1164.863 272
1164.940 288
1165.017 287
1165.094 288
1165.171 288
1165.248 288
1165.325 279
1165.403 279
1165.480 278
1165.557 277
1165.634 276
1165.711 272
1165.788 268
1165.865 262
1165.942 259
1166.019 259
1166.096 259
1166.173 256
1166.250 256
1166.327 251
1166.404 242
1166.481 234
1166.558 233
1166.635 233
1166.712 237
1166.789 236
1166.866 246
1166.943 252
1167.021 259
1167.098 267
1167.175 267
1167.252 267
1167.329 268
1167.406 269
1167.483 265
1167.560 265
1167.637 263
1167.714 258
1167.791 257
1167.868 252
1167.946 249
1168.023 247
1168.100 252
1168.177 256
1168.254 257
1168.331 264
1168.408 262
1168.485 266
1168.563 275
1168.640 276
1168.717 276
1168.794 271
1168.871 270
1168.948 263
1169.025 260
1169.102 253
1169.180 246
1169.257 238
1169.334 236
1169.411 237
1169.488 237
1169.565 243
1169.643 237
1169.720 235
1169.797 230
1169.874 230
1169.951 237
1170.028 237
1170.106 238
1170.183 234
1170.260 238
1170.337 240
1170.414 240
1170.492 245
1170.569 240
1170.646 240
1170.723 236
1170.800 232
1170.878 233
1170.955 232
1171.032 235
1171.109 235
1171.186 231
1171.264 232
1171.341 238
1171.418 235
1171.495 244
1171.572 246
1171.650 248
1171.727 254
1171.804 256
1171.881 261
1171.959 270
1172.036 274
1172.113 271
1172.190 270
1172.268 266
1172.345 258
1172.422 257
1172.499 250
1172.577 241
1172.654 241
1172.731 237
1172.808 235
1172.886 231
1172.963 229
1173.040 227
1173.118 228
1173.195 225
1173.272 223
1173.349 230
1173.427 231
1173.504 233
1173.581 236
1173.659 236
1173.736 237
1173.813 238
1173.890 242
1173.968 245
1174.045 246
1174.122 246
1174.200 250
1174.277 261
1174.354 264
1174.432 263
1174.509 263
1174.586 265
1174.664 269
1174.741 270
1174.818 278
1174.896 279
1174.973 274
1175.050 270
1175.128 264
1175.205 254
1175.282 248
1175.360 246
1175.437 238
1175.514 242
1175.592 245
1175.669 246
1175.747 248
1175.824 237
1175.901 234
1175.979 233
1176.056 226
1176.133 232
1176.211 234
1176.288 239
1176.366 246
1176.443 243
1176.520 239
1176.598 237
1176.675 234
1176.753 241
1176.830 245
1176.907 249
1176.985 256
1177.062 271
1177.140 282
1177.217 297
1177.294 312
1177.372 315
1177.449 323
1177.527 333
1177.604 334
1177.682 325
1177.759 309
1177.836 292
1177.914 281
1177.991 276
1178.069 275
1178.146 277
1178.224 271
1178.301 277
1178.378 280
1178.456 288
1178.533 289
1178.611 297
1178.688 301
1178.766 301
1178.843 310
1178.921 300
1178.998 295
1179.076 291
1179.153 286
1179.231 281
1179.308 279
1179.386 279
1179.463 275
1179.541 276
1179.618 274
1179.696 270
1179.773 271
1179.851 269
1179.928 265
1180.006 263
1180.083 254
1180.161 250
1180.238 252
1180.316 251
1180.393 257
1180.471 262
1180.548 260
1180.626 255
1180.703 247
1180.781 248
1180.858 246
1180.936 242
1181.013 238
1181.091 237
1181.169 240
1181.246 245
1181.324 251
1181.401 258
1181.479 263
1181.556 269
1181.634 280
1181.711 277
1181.789 276
1181.867 272
1181.944 270
1182.022 274
1182.099 277
1182.177 283
1182.254 278
1182.332 272
1182.410 262
1182.487 251
1182.565 245
1182.642 240
1182.720 238
1182.798 239
1182.875 235
1182.953 238
1183.030 246
1183.108 252
1183.186 257
1183.263 250
1183.341 240
1183.419 232
1183.496 223
1183.574 230
1183.651 236
1183.729 244
1183.807 247
1183.884 248
1183.962 243
1184.040 237
1184.117 236
1184.195 236
1184.273 241
1184.350 247
1184.428 252
1184.506 246
1184.583 244
1184.661 244
1184.739 245
1184.816 248
1184.894 249
1184.972 248
1185.049 244
1185.127 241
1185.205 242
1185.282 238
1185.360 247
1185.438 243
1185.515 243
1185.593 243
1185.671 236
1185.748 236
1185.826 235
1185.904 237
1185.982 231
1186.059 242
1186.137 252
1186.215 266
1186.292 270
1186.370 265
1186.448 264
1186.526 257
1186.603 258
1186.681 255
1186.759 242
1186.836 231
1186.914 218
1186.992 227
1187.070 239
1187.147 248
1187.225 262
1187.303 261
1187.381 263
1187.458 267
1187.536 268
1187.614 271
1187.692 268
1187.769 264
1187.847 256
1187.925 257
1188.003 263
1188.081 264
1188.158 272
1188.236 276
1188.314 276
1188.392 280
1188.470 285
1188.547 283
1188.625 278
1188.703 271
1188.781 264
1188.858 258
1188.936 251
1189.014 240
1189.092 227
1189.170 230
1189.248 231
1189.325 233
1189.403 232
1189.481 224
1189.559 223
1189.637 227
1189.715 225
1189.792 236
1189.870 238
1189.948 243
1190.026 248
1190.104 246
1190.182 249
1190.259 254
1190.337 257
1190.415 259
1190.493 251
1190.571 245
1190.649 236
1190.727 220
1190.804 214
1190.882 205
1190.960 198
1191.038 210
1191.116 219
1191.194 229
1191.272 240
1191.350 257
1191.427 268
1191.505 280
1191.583 294
1191.661 294
1191.739 286
1191.817 275
1191.895 265
1191.973 265
1192.051 263
1192.129 261
1192.206 260
1192.284 246
1192.362 245
1192.440 243
1192.518 240
1192.596 237
1192.674 235
1192.752 232
1192.830 223
1192.908 228
1192.986 231
1193.064 234
1193.142 243
1193.220 245
1193.298 244
1193.375 243
1193.453 241
1193.531 236
1193.609 236
1193.687 239
1193.765 241
1193.843 240
1193.921 239
1193.999 241
1194.077 233
1194.155 236
1194.233 234
1194.311 230
1194.389 232
1194.467 235
1194.545 242
1194.623 247
1194.701 253
1194.779 259
1194.857 264
1194.935 272
1195.013 277
1195.091 283
1195.169 279
1195.247 273
1195.325 269
1195.403 257
1195.481 252
1195.559 249
1195.637 239
1195.715 237
1195.793 235
1195.871 230
1195.949 229
1196.027 232
1196.105 236
1196.184 240
1196.262 248
1196.340 244
1196.418 242
1196.496 236
1196.574 230
1196.652 222
1196.730 218
1196.808 210
1196.886 211
1196.964 223
1197.042 236
1197.120 248
1197.198 259
1197.276 263
1197.355 265
1197.433 267
1197.511 270
1197.589 273
1197.667 267
1197.745 261
1197.823 252
1197.901 246
1197.979 246
1198.057 245
1198.136 245
1198.214 239
1198.292 233
1198.370 228
1198.448 223
1198.526 227
1198.604 234
1198.682 244
1198.760 250
1198.839 255
1198.917 254
1198.995 251
1199.073 250
1199.151 239
1199.229 234
1199.307 226
1199.386 221
1199.464 222
1199.542 222
1199.620 222
1199.698 222
1199.776 238
1199.855 256
1199.933 279
1200.011 298
1200.089 314
1200.167 329
1200.245 340
1200.324 363
1200.402 377
1200.480 390
1200.558 403
1200.636 417
1200.715 432
1200.793 443
1200.871 456
1200.949 470
1201.027 488
1201.106 506
1201.184 518
1201.262 547
1201.340 559
1201.418 578
1201.497 602
1201.575 616
1201.653 618
1201.731 609
1201.810 597
1201.888 590
1201.966 580
1202.044 571
1202.123 563
1202.201 555
1202.279 554
1202.357 562
1202.436 570
1202.514 573
1202.592 563
1202.670 549
1202.749 534
1202.827 521
1202.905 514
1202.983 508
1203.062 505
1203.140 492
1203.218 493
1203.297 496
1203.375 497
1203.453 504
1203.531 492
1203.610 476
1203.688 459
1203.766 441
1203.845 424
1203.923 402
1204.001 381
1204.079 354
1204.158 354
1204.236 363
1204.314 373
1204.393 383
1204.471 386
1204.549 388
1204.628 387
1204.706 392
1204.784 387
1204.863 380
1204.941 373
1205.019 359
1205.098 356
1205.176 355
1205.254 350
1205.333 351
1205.411 340
1205.489 336
1205.568 326
1205.646 312
1205.725 296
1205.803 286
1205.881 283
1205.960 276
1206.038 279
1206.116 279
1206.195 277
1206.273 279
1206.352 281
1206.430 288
1206.508 297
1206.587 301
1206.665 291
1206.743 284
1206.822 279
1206.900 268
1206.979 267
1207.057 270
1207.135 276
1207.214 281
1207.292 284
1207.371 280
1207.449 275
1207.528 267
1207.606 272
1207.684 276
1207.763 278
1207.841 278
1207.920 280
1207.998 282
1208.077 284
1208.155 290
1208.233 294
1208.312 300
1208.390 310
1208.469 319
1208.547 322
1208.626 317
1208.704 313
1208.783 303
1208.861 296
1208.940 298
1209.018 302
1209.097 300
1209.175 294
1209.253 288
1209.332 280
1209.410 271
1209.489 267
1209.567 258
1209.646 244
1209.724 232
1209.803 229
1209.881 226
1209.960 223
1210.038 221
1210.117 225
1210.195 227
1210.274 229
1210.352 234
1210.431 233
1210.509 236
1210.588 239
1210.667 242
1210.745 240
1210.824 234
1210.902 230
1210.981 227
1211.059 229
1211.138 232
1211.216 236
1211.295 242
1211.373 248
1211.452 253
1211.530 257
1211.609 260
1211.688 270
1211.766 278
1211.845 288
1211.923 299
1212.002 299
1212.080 293
1212.159 289
1212.238 278
1212.316 260
1212.395 252
1212.473 249
1212.552 239
1212.630 244
1212.709 241
1212.788 233
1212.866 232
1212.945 234
1213.023 242
1213.102 253
1213.181 259
1213.259 262
1213.338 259
1213.416 255
1213.495 255
1213.574 249
1213.652 249
1213.731 249
1213.810 247
1213.888 249
1213.967 245
1214.046 239
1214.124 241
1214.203 234
1214.281 229
1214.360 228
1214.439 214
1214.517 217
1214.596 220
1214.675 223
1214.753 225
1214.832 224
1214.911 228
1214.989 235
1215.068 238
1215.147 238
1215.225 231
1215.304 229
1215.383 224
1215.461 223
1215.540 223
1215.619 218
1215.697 224
1215.776 212
1215.855 208
1215.934 200
1216.012 202
1216.091 213
1216.170 224
1216.248 240
1216.327 250
1216.406 256
1216.485 258
1216.563 257
1216.642 260
1216.721 262
1216.799 260
1216.878 257
1216.957 253
1217.036 241
1217.114 235
1217.193 229
1217.272 225
1217.351 223
1217.429 217
1217.508 211
1217.587 201
1217.666 203
1217.744 207
1217.823 215
1217.902 221
1217.981 228
1218.059 232
1218.138 236
1218.217 242
1218.296 241
1218.374 245
1218.453 246
1218.532 254
1218.611 245
1218.690 229
1218.768 214
1218.847 196
1218.926 200
1219.005 207
1219.084 213
1219.162 225
1219.241 238
1219.320 241
1219.399 246
1219.478 247
1219.556 244
1219.635 248
1219.714 250
1219.793 256
1219.872 250
1219.951 245
1220.029 241
1220.108 237
1220.187 242
1220.266 242
1220.345 245
1220.424 244
1220.502 245
1220.581 249
1220.660 249
1220.739 251
1220.818 255
1220.897 255
1220.976 257
1221.054 261
1221.133 265
1221.212 265
1221.291 265
1221.370 266
1221.449 260
1221.528 260
1221.607 262
1221.685 253
1221.764 251
1221.843 249
1221.922 253
1222.001 252
1222.080 245
1222.159 243
1222.238 233
1222.317 230
1222.396 228
1222.474 223
1222.553 217
1222.632 217
1222.711 213
1222.790 210
1222.869 206
1222.948 201
1223.027 209
1223.106 216
1223.185 224
1223.264 228
1223.343 236
1223.422 241
1223.501 249
1223.580 261
1223.658 259
1223.737 258
1223.816 259
1223.895 254
1223.974 249
1224.053 238
1224.132 226
1224.211 213
1224.290 212
1224.369 210
1224.448 210
1224.527 209
1224.606 218
1224.685 226
1224.764 238
1224.843 246
1224.922 246
1225.001 247
1225.080 249
1225.159 248
1225.238 239
1225.317 244
1225.396 248
1225.475 261
1225.554 276
1225.633 275
1225.712 277
1225.791 268
1225.870 269
1225.949 272
1226.028 276
1226.107 277
1226.186 261
1226.265 258
1226.344 257
1226.423 249
1226.502 244
1226.581 238
1226.661 230
1226.740 225
1226.819 237
1226.898 248
1226.977 258
1227.056 266
1227.135 257
1227.214 252
1227.293 247
1227.372 240
1227.451 244
1227.530 246
1227.609 253
1227.688 259
1227.768 261
1227.847 266
1227.926 276
1228.005 277
1228.084 281
1228.163 279
1228.242 265
1228.321 261
1228.400 254
1228.479 251
1228.559 243
1228.638 243
1228.717 238
1228.796 239
1228.875 242
1228.954 244
1229.033 254
1229.112 253
1229.191 250
1229.271 246
1229.350 245
1229.429 252
1229.508 254
1229.587 263
1229.666 265
1229.745 265
1229.825 269
1229.904 276
1229.983 277
1230.062 272
1230.141 265
1230.220 258
1230.300 255
1230.379 257
1230.458 255
1230.537 259
1230.616 249
1230.696 242
1230.775 237
1230.854 229
1230.933 231
1231.012 234
1231.091 243
1231.171 247
1231.250 253
1231.329 258
1231.408 261
1231.487 269
1231.567 266
1231.646 262
1231.725 261
1231.804 263
1231.884 257
1231.963 256
1232.042 250
1232.121 243
1232.200 240
1232.280 234
1232.359 225
1232.438 217
1232.517 227
1232.597 235
1232.676 245
1232.755 256
1232.834 259
1232.914 258
1232.993 258
1233.072 252
1233.151 247
1233.231 241
1233.310 232
1233.389 224
1233.468 231
1233.548 234
1233.627 238
1233.706 245
1233.786 236
1233.865 234
1233.944 231
1234.023 227
1234.103 226
1234.182 229
1234.261 231
1234.341 231
1234.420 228
1234.499 225
1234.579 223
1234.658 225
1234.737 230
1234.817 227
1234.896 228
1234.975 219
1235.054 225
1235.134 227
1235.213 226
1235.292 235
1235.372 238
1235.451 240
1235.530 246
1235.610 252
1235.689 249
1235.769 250
1235.848 251
1235.927 249
1236.007 235
1236.086 233
1236.165 230
1236.245 222
1236.324 230
1236.403 231
1236.483 234
1236.562 239
1236.641 238
1236.721 235
1236.800 231
1236.880 231
1236.959 229
1237.038 232
1237.118 235
1237.197 235
1237.277 228
1237.356 223
1237.435 218
1237.515 215
1237.594 217
1237.674 219
1237.753 223
1237.832 230
1237.912 222
1237.991 215
1238.071 213
1238.150 203
1238.230 215
1238.309 223
1238.388 229
1238.468 241
1238.547 239
1238.627 237
1238.706 229
1238.786 223
1238.865 223
1238.945 221
1239.024 216
1239.103 212
1239.183 204
1239.262 206
1239.342 209
1239.421 211
1239.501 217
1239.580 216
1239.660 220
1239.739 221
1239.819 225
1239.898 229
1239.978 233
1240.057 234
1240.137 227
1240.216 222
1240.296 212
1240.375 206
1240.455 215
1240.534 219
1240.614 221
1240.693 228
1240.773 225
1240.852 225
1240.932 225
1241.011 223
1241.091 221
1241.170 220
1241.250 219
1241.329 225
1241.409 229
1241.488 231
1241.568 236
1241.647 229
1241.727 232
1241.806 228
1241.886 230
1241.966 226
1242.045 219
1242.125 213
1242.204 208
1242.284 206
1242.363 213
1242.443 215
1242.522 214
1242.602 211
1242.682 206
1242.761 207
1242.841 208
1242.920 212
1243.000 221
1243.080 225
1243.159 231
1243.239 241
1243.318 238
1243.398 235
1243.477 230
1243.557 224
1243.637 222
1243.716 222
1243.796 223
1243.876 224
1243.955 221
1244.035 222
1244.114 226
1244.194 227
1244.274 229
1244.353 229
1244.433 225
1244.512 222
1244.592 225
1244.672 230
1244.751 237
1244.831 242
1244.911 240
1244.990 233
1245.070 222
1245.150 215
1245.229 207
1245.309 204
1245.389 200
1245.468 196
1245.548 200
1245.628 207
1245.707 219
1245.787 226
1245.867 227
1245.946 224
1246.026 222
1246.106 221
1246.185 214
1246.265 211
1246.345 203
1246.424 202
1246.504 204
1246.584 203
1246.664 203
1246.743 203
1246.823 207
1246.903 213
1246.982 221
1247.062 229
1247.142 230
1247.222 228
1247.301 224
1247.381 222
1247.461 222
1247.540 222
1247.620 221
1247.700 216
1247.780 231
1247.859 241
1247.939 254
1248.019 264
1248.099 259
1248.178 254
1248.258 247
1248.338 237
1248.418 233
1248.497 234
1248.577 233
1248.657 232
1248.737 234
1248.816 237
1248.896 243
1248.976 250
1249.056 250
1249.136 245
1249.215 243
1249.295 237
1249.375 247
1249.455 253
1249.535 256
1249.614 261
1249.694 250
1249.774 246
1249.854 242
1249.934 238
1250.013 236
1250.093 230
1250.173 229
1250.253 223
1250.333 223
1250.412 224
1250.492 225
1250.572 232
1250.652 226
1250.732 223
1250.812 220
1250.891 217
1250.971 225
1251.051 227
1251.131 229
1251.211 235
1251.291 228
1251.371 227
1251.450 221
1251.530 222
1251.610 223
1251.690 224
1251.770 225
1251.850 222
1251.930 226
1252.009 225
1252.089 225
1252.169 226
1252.249 222
1252.329 218
1252.409 212
1252.489 209
1252.569 220
1252.649 222
1252.728 226
1252.808 227
1252.888 230
1252.968 231
1253.048 234
1253.128 239
1253.208 226
1253.288 223
1253.368 217
1253.448 216
1253.528 223
1253.607 226
1253.687 232
1253.767 240
1253.847 237
1253.927 237
1254.007 236
1254.087 241
1254.167 242
1254.247 242
1254.327 244
1254.407 235
1254.487 240
1254.567 242
1254.647 245
1254.727 245
1254.807 244
1254.887 248
1254.967 249
1255.047 261
1255.127 259
1255.207 254
1255.287 251
1255.367 244
1255.447 239
1255.527 237
1255.607 234
1255.687 228
1255.767 233
1255.847 235
1255.927 238
1256.007 242
1256.087 240
1256.167 233
1256.247 226
1256.327 221
1256.407 221
1256.487 225
1256.567 226
1256.647 231
1256.727 233
1256.807 234
1256.887 238
1256.967 236
1257.047 242
1257.127 238
1257.207 232
1257.287 230
1257.367 225
1257.447 229
1257.527 233
1257.607 234
1257.687 231
1257.767 228
1257.847 226
1257.927 225
1258.007 223
1258.088 223
1258.168 223
1258.248 228
1258.328 228
1258.408 232
1258.488 231
1258.568 236
1258.648 238
1258.728 238
1258.808 241
1258.888 238
1258.969 237
1259.049 233
1259.129 226
1259.209 224
1259.289 221
1259.369 218
1259.449 216
1259.529 213
1259.609 213
1259.690 215
1259.770 219
1259.850 222
1259.930 223
1260.010 223
1260.090 225
1260.170 228
1260.250 219
1260.331 217
1260.411 217
1260.491 212
1260.571 209
1260.651 204
1260.731 199
1260.812 194
1260.892 198
1260.972 201
1261.052 205
1261.132 207
1261.212 198
1261.293 191
1261.373 183
1261.453 175
1261.533 180
1261.613 186
1261.693 191
1261.774 198
1261.854 205
1261.934 214
1262.014 222
1262.094 233
1262.175 230
1262.255 230
1262.335 231
1262.415 231
1262.495 234
1262.576 230
1262.656 226
1262.736 223
1262.816 221
1262.897 224
1262.977 229
1263.057 229
1263.137 229
1263.218 221
1263.298 215
1263.378 208
1263.458 198
1263.539 192
1263.619 188
1263.699 185
1263.779 189
1263.860 194
1263.940 199
1264.020 203
1264.100 212
1264.181 213
1264.261 220
1264.341 222
1264.421 211
1264.502 209
1264.582 203
1264.662 202
1264.743 203
1264.823 201
1264.903 200
1264.983 193
1265.064 188
1265.144 184
1265.224 181
1265.305 178
1265.385 186
1265.465 197
1265.546 209
1265.626 221
1265.706 225
1265.787 228
1265.867 230
1265.947 234
1266.027 229
1266.108 223
1266.188 220
1266.268 209
1266.349 206
1266.429 206
1266.510 201
1266.590 203
1266.670 197
1266.751 199
1266.831 199
1266.911 203
1266.992 211
1267.072 208
1267.152 202
1267.233 197
1267.313 198
1267.393 203
1267.474 209
1267.554 211
1267.635 216
1267.715 217
1267.795 217
1267.876 222
1267.956 212
1268.037 213
1268.117 212
1268.197 211
1268.278 202
1268.358 197
1268.439 191
1268.519 181
1268.599 184
1268.680 188
1268.760 195
1268.841 207
1268.921 212
1269.001 212
1269.082 209
1269.162 208
1269.243 204
1269.323 202
1269.404 202
1269.484 195
1269.564 191
1269.645 188
1269.725 183
1269.806 182
1269.886 189
1269.967 195
1270.047 201
1270.128 206
1270.208 214
1270.289 217
1270.369 223
1270.450 230
1270.530 218
1270.610 214
1270.691 213
1270.771 207
1270.852 206
1270.932 204
1271.013 203
1271.093 203
1271.174 208
1271.254 207
1271.335 205
1271.415 205
1271.496 198
1271.576 197
1271.657 199
1271.737 199
1271.818 194
1271.898 192
1271.979 193
1272.059 191
1272.140 193
1272.221 192
1272.301 190
1272.382 186
1272.462 196
1272.543 202
1272.623 206
1272.704 211
1272.784 209
1272.865 212
1272.945 216
1273.026 226
1273.107 238
1273.187 241
1273.268 244
1273.348 248
1273.429 248
1273.509 248
1273.590 251
1273.670 251
1273.751 254
1273.832 260
1273.912 265
1273.993 270
1274.073 273
1274.154 271
1274.235 266
1274.315 260
1274.396 253
1274.476 246
1274.557 236
1274.638 227
1274.718 220
1274.799 215
1274.879 214
1274.960 211
1275.041 204
1275.121 202
1275.202 203
1275.283 203
1275.363 207
1275.444 210
1275.524 219
1275.605 215
1275.686 220
1275.766 223
1275.847 220
1275.928 226
1276.008 232
1276.089 229
1276.170 223
1276.250 219
1276.331 209
1276.412 200
1276.492 195
1276.573 181
1276.654 181
1276.734 184
1276.815 192
1276.896 195
1276.976 200
1277.057 205
1277.138 209
1277.218 213
1277.299 202
1277.380 200
1277.460 195
1277.541 195
1277.622 199
1277.702 198
1277.783 195
1277.864 201
1277.945 204
1278.025 209
1278.106 218
1278.187 221
1278.267 228
1278.348 231
1278.429 238
1278.510 235
1278.590 230
1278.671 222
1278.752 217
1278.833 210
1278.913 208
1278.994 206
1279.075 202
1279.156 201
1279.236 204
1279.317 204
1279.398 204
1279.479 212
1279.559 200
1279.640 199
1279.721 201
1279.802 192
1279.882 192
1279.963 190
1280.044 187
1280.125 189
1280.206 199
1280.286 207
1280.367 214
1280.448 219
1280.529 215
1280.610 211
1280.690 207
1280.771 202
1280.852 208
1280.933 214
1281.014 225
1281.094 227
1281.175 228
1281.256 227
1281.337 224
1281.418 222
1281.499 223
1281.579 224
1281.660 223
1281.741 223
1281.822 223
1281.903 228
1281.984 234
1282.064 245
1282.145 247
1282.226 245
1282.307 240
1282.388 237
1282.469 233
1282.549 228
1282.630 220
1282.711 212
1282.792 205
1282.873 202
1282.954 199
1283.035 195
1283.116 194
1283.196 196
1283.277 198
1283.358 197
1283.439 196
1283.520 193
1283.601 191
1283.682 185
1283.763 197
1283.844 202
1283.924 202
1284.005 213
1284.086 203
1284.167 198
1284.248 195
1284.329 191
1284.410 193
1284.491 201
1284.572 211
1284.653 216
1284.734 218
1284.815 212
1284.896 205
1284.976 196
1285.057 196
1285.138 201
1285.219 209
1285.300 214
1285.381 223
1285.462 223
1285.543 221
1285.624 225
1285.705 216
1285.786 210
1285.867 201
1285.948 196
1286.029 190
1286.110 191
1286.191 195
1286.272 195
1286.353 206
1286.434 215
1286.515 227
1286.596 231
1286.677 225
1286.758 222
1286.839 215
1286.920 216
1287.001 213
1287.082 211
1287.163 213
1287.244 211
1287.325 207
1287.406 207
1287.487 207
1287.568 211
1287.649 212
1287.730 215
1287.811 223
1287.892 223
1287.973 225
1288.054 224
1288.135 219
1288.216 213
1288.297 213
1288.378 210
1288.459 203
1288.540 199
1288.621 209
1288.702 212
1288.783 210
1288.864 213
1288.946 212
1289.027 210
1289.108 206
1289.189 204
1289.270 198
1289.351 194
1289.432 190
1289.513 182
1289.594 184
1289.675 190
1289.756 196
1289.837 202
1289.919 210
1290.000 211
1290.081 214
1290.162 216
1290.243 215
1290.324 216
1290.405 215
1290.486 216
1290.567 216
1290.648 216
1290.730 214
1290.811 208
1290.892 197
1290.973 193
1291.054 188
1291.135 182
1291.216 183
1291.298 181
1291.379 177
1291.460 172
1291.541 176
1291.622 179
1291.703 183
1291.784 187
1291.866 190
1291.947 191
1292.028 191
1292.109 195
1292.190 187
1292.271 183
1292.353 177
1292.434 173
1292.515 180
1292.596 189
1292.677 197
1292.758 206
1292.840 209
1292.921 206
1293.002 201
1293.083 197
1293.164 195
1293.246 200
1293.327 201
1293.408 203
1293.489 190
1293.570 177
1293.652 164
1293.733 152
1293.814 153
1293.895 153
1293.977 153
1294.058 151
1294.139 157
1294.220 167
1294.301 178
1294.383 189
1294.464 191
1294.545 186
1294.626 185
1294.708 177
1294.789 188
1294.870 200
1294.951 211
1295.033 225
1295.114 223
1295.195 222
1295.276 217
1295.358 214
1295.439 206
1295.520 204
1295.602 201
1295.683 197
1295.764 203
1295.845 204
1295.927 205
1296.008 208
1296.089 212
1296.171 210
1296.252 207
1296.333 208
1296.414 205
1296.496 208
1296.577 215
1296.658 213
1296.740 219
1296.821 222
1296.902 229
1296.984 238
1297.065 228
1297.146 222
1297.228 212
1297.309 199
1297.390 211
1297.472 219
1297.553 231
1297.634 244
1297.716 263
1297.797 275
1297.878 284
1297.960 299
1298.041 296
1298.122 296
1298.204 297
1298.285 290
1298.367 279
1298.448 278
1298.529 274
1298.611 276
1298.692 268
1298.773 264
1298.855 259
1298.936 245
1299.018 239
1299.099 233
1299.180 220
1299.262 214
1299.343 216
1299.424 214
1299.506 213
1299.587 207
1299.669 208
1299.750 213
1299.832 213
1299.913 222
1299.994 227
1300.076 229
1300.157 229
1300.239 230
1300.320 225
1300.401 226
1300.483 227
1300.564 226
1300.646 224
1300.727 215
1300.809 211
1300.890 198
1300.972 204
1301.053 214
1301.134 228
1301.216 239
1301.297 242
1301.379 244
1301.460 244
1301.542 244
1301.623 236
1301.705 225
1301.786 215
1301.868 202
1301.949 206
1302.031 204
1302.112 200
1302.194 201
1302.275 194
1302.357 195
1302.438 196
1302.520 199
1302.601 199
1302.683 198
1302.764 198
1302.846 190
1302.927 197
1303.009 201
1303.090 203
1303.172 207
1303.253 208
1303.335 211
1303.416 213
1303.498 221
1303.579 212
1303.661 202
1303.742 196
1303.824 184
1303.905 177
1303.987 177
1304.068 171
1304.150 168
1304.232 177
1304.313 186
1304.395 197
1304.476 208
1304.558 217
1304.639 218
1304.721 220
1304.802 215
1304.884 200
1304.966 195
1305.047 190
1305.129 187
1305.210 190
1305.292 191
1305.374 193
1305.455 192
1305.537 189
1305.618 187
1305.700 184
1305.782 189
1305.863 197
1305.945 197
1306.026 201
1306.108 201
1306.190 196
1306.271 198
1306.353 201
1306.434 203
1306.516 207
1306.598 209
1306.679 211
1306.761 212
1306.843 212
1306.924 206
1307.006 200
1307.087 192
1307.169 184
1307.251 176
1307.332 169
1307.414 159
1307.496 157
1307.577 163
1307.659 168
1307.741 178
1307.822 184
1307.904 191
1307.986 198
1308.067 205
1308.149 208
1308.231 207
1308.312 201
1308.394 200
1308.476 197
1308.557 194
1308.639 191
1308.721 191
1308.803 188
1308.884 187
1308.966 189
1309.048 188
1309.129 182
1309.211 181
1309.293 182
1309.375 177
1309.456 181
1309.538 186
1309.620 185
1309.701 193
1309.783 204
1309.865 211
1309.947 219
1310.028 225
1310.110 219
1310.192 213
1310.274 207
1310.355 204
1310.437 196
1310.519 195
1310.601 196
1310.682 188
1310.764 192
1310.846 195
1310.928 198
1311.009 207
1311.091 205
1311.173 202
1311.255 199
1311.336 190
1311.418 186
1311.500 179
1311.582 176
1311.664 170
1311.745 169
1311.827 172
1311.909 172
1311.991 173
1312.073 180
1312.154 182
1312.236 186
1312.318 193
1312.400 192
1312.482 193
1312.563 189
1312.645 184
1312.727 185
1312.809 183
1312.891 187
1312.972 188
1313.054 186
1313.136 187
1313.218 183
1313.300 189
1313.382 194
1313.464 192
1313.545 193
1313.627 195
1313.709 193
1313.791 195
1313.873 196
1313.955 192
1314.036 195
1314.118 195
1314.200 195
1314.282 197
1314.364 194
1314.446 198
1314.528 201
1314.610 208
1314.691 213
1314.773 215
1314.855 218
1314.937 219
1315.019 219
1315.101 214
1315.183 208
1315.265 201
1315.347 190
1315.429 185
1315.510 184
1315.592 178
1315.674 174
1315.756 173
1315.838 169
1315.920 165
1316.002 171
1316.084 172
1316.166 172
1316.248 177
1316.330 186
1316.412 196
1316.494 208
1316.576 218
1316.657 208
1316.739 204
1316.821 197
1316.903 193
1316.985 189
1317.067 186
1317.149 182
1317.231 182
1317.313 179
1317.395 173
1317.477 165
1317.559 162
1317.641 162
1317.723 164
1317.805 167
1317.887 172
1317.969 177
1318.051 185
1318.133 194
1318.215 203
1318.297 209
1318.379 208
1318.461 205
1318.543 206
1318.625 196
1318.707 189
1318.789 182
1318.871 177
1318.953 178
1319.035 181
1319.117 189
1319.199 194
1319.281 197
1319.363 202
1319.445 201
1319.527 212
1319.609 219
1319.691 220
1319.773 215
1319.855 218
1319.937 214
1320.019 211
1320.101 207
1320.184 203
1320.266 206
1320.348 207
1320.430 212
1320.512 212
1320.594 212
1320.676 212
1320.758 213
1320.840 210
1320.922 212
1321.004 212
1321.086 210
1321.168 212
1321.250 217
1321.333 220
1321.415 224
1321.497 230
1321.579 230
1321.661 229
1321.743 223
1321.825 217
1321.907 225
1321.989 227
1322.072 230
1322.154 234
1322.236 227
1322.318 231
1322.400 234
1322.482 236
1322.564 230
1322.646 221
1322.729 213
1322.811 205
1322.893 204
1322.975 203
1323.057 200
1323.139 203
1323.221 206
1323.304 211
1323.386 218
1323.468 221
1323.550 215
1323.632 213
1323.714 207
1323.797 205
1323.879 208
1323.961 204
1324.043 200
1324.125 195
1324.207 184
1324.290 179
1324.372 174
1324.454 160
1324.536 162
1324.618 164
1324.701 168
1324.783 170
1324.865 174
1324.947 180
1325.029 185
1325.112 195
1325.194 203
1325.276 203
1325.358 203
1325.441 197
1325.523 194
1325.605 191
1325.687 188
1325.769 192
1325.852 191
1325.934 196
1326.016 198
1326.098 205
1326.181 209
1326.263 205
1326.345 196
1326.427 193
1326.510 193
1326.592 194
1326.674 198
1326.756 201
1326.839 192
1326.921 188
1327.003 185
1327.086 177
1327.168 180
1327.250 178
1327.332 176
1327.415 170
1327.497 158
1327.579 155
1327.662 156
1327.744 151
1327.826 152
1327.908 156
1327.991 160
1328.073 165
1328.155 171
1328.238 175
1328.320 175
1328.402 182
1328.485 189
1328.567 193
1328.649 195
1328.732 199
1328.814 210
1328.896 218
1328.979 227
1329.061 236
1329.143 234
1329.226 228
1329.308 220
1329.390 213
1329.473 204
1329.555 202
1329.637 202
1329.720 195
1329.802 190
1329.884 185
1329.967 176
1330.049 168
1330.131 173
1330.214 176
1330.296 182
1330.379 188
1330.461 198
1330.543 203
1330.626 206
1330.708 211
1330.791 212
1330.873 210
1330.955 207
1331.038 202
1331.120 195
1331.203 195
1331.285 198
1331.367 191
1331.450 195
1331.532 191
1331.615 187
1331.697 189
1331.779 191
1331.862 189
1331.944 187
1332.027 185
1332.109 187
1332.192 187
1332.274 189
1332.356 189
1332.439 180
1332.521 179
1332.604 175
1332.686 173
1332.769 171
1332.851 167
1332.934 162
1333.016 156
1333.099 168
1333.181 174
1333.263 177
1333.346 187
1333.428 189
1333.511 194
1333.593 198
1333.676 206
1333.758 206
1333.841 200
1333.923 189
1334.006 184
1334.088 181
1334.171 181
1334.253 177
1334.336 177
1334.418 178
1334.501 180
1334.583 182
1334.666 184
1334.748 184
1334.831 177
1334.913 167
1334.996 163
1335.078 161
1335.161 165
1335.243 169
1335.326 178
1335.409 179
1335.491 186
1335.574 190
1335.656 195
1335.739 204
1335.821 214
1335.904 220
1335.986 234
1336.069 230
1336.151 221
1336.234 217
1336.317 207
1336.399 203
1336.482 197
1336.564 191
1336.647 179
1336.729 178
1336.812 174
1336.895 172
1336.977 166
1337.060 169
1337.142 174
1337.225 174
1337.308 177
1337.390 184
1337.473 186
1337.555 186
1337.638 191
1337.721 186
1337.803 194
1337.886 201
1337.968 208
1338.051 208
1338.134 207
1338.216 208
1338.299 203
1338.382 199
1338.464 192
1338.547 183
1338.629 167
1338.712 164
1338.795 169
1338.877 174
1338.960 187
1339.043 198
1339.125 206
1339.208 209
1339.291 222
1339.373 227
1339.456 230
1339.539 238
1339.621 247
1339.704 235
1339.787 228
1339.869 221
1339.952 205
1340.035 202
1340.117 198
1340.200 189
1340.283 186
1340.365 180
1340.448 178
1340.531 172
1340.614 168
1340.696 172
1340.779 176
1340.862 182
1340.944 188
1341.027 193
1341.110 193
1341.193 192
1341.275 194
1341.358 203
1341.441 205
1341.523 207
1341.606 209
1341.689 201
1341.772 201
1341.854 204
1341.937 200
1342.020 196
1342.103 193
1342.185 188
1342.268 184
1342.351 187
1342.434 190
1342.516 190
1342.599 194
1342.682 186
1342.765 177
1342.847 171
1342.930 157
1343.013 154
1343.096 155
1343.179 154
1343.261 154
1343.344 163
1343.427 165
1343.510 171
1343.592 172
1343.675 170
1343.758 165
1343.841 160
1343.924 159
1344.006 160
1344.089 167
1344.172 177
1344.255 183
1344.338 185
1344.421 189
1344.503 195
1344.586 204
1344.669 202
1344.752 201
1344.835 205
1344.917 202
1345.000 208
1345.083 210
1345.166 215
1345.249 219
1345.332 228
1345.415 232
1345.497 237
1345.580 247
1345.663 248
1345.746 251
1345.829 253
1345.912 254
1345.995 252
1346.077 248
1346.160 244
1346.243 238
1346.326 235
1346.409 233
1346.492 232
1346.575 235
1346.658 225
1346.740 221
1346.823 217
1346.906 211
1346.989 206
1347.072 202
1347.155 195
1347.238 187
1347.321 191
1347.404 192
1347.487 190
1347.570 196
1347.652 193
1347.735 192
1347.818 194
1347.901 191
1347.984 194
1348.067 197
1348.150 201
1348.233 201
1348.316 199
1348.399 201
1348.482 198
1348.565 201
1348.648 198
1348.731 197
1348.814 198
1348.897 193
1348.980 188
1349.062 180
1349.145 175
1349.228 166
1349.311 165
1349.394 167
1349.477 171
1349.560 173
1349.643 179
1349.726 181
1349.809 182
1349.892 183
1349.975 190
1350.058 194
1350.141 200
1350.224 206
1350.307 199
1350.390 200
1350.473 203
1350.556 201
1350.639 208
1350.722 209
1350.805 208
1350.888 212
1350.971 220
1351.054 221
1351.137 223
1351.220 229
1351.304 220
1351.387 214
1351.470 208
1351.553 203
1351.636 194
1351.719 192
1351.802 188
1351.885 187
1351.968 186
1352.051 183
1352.134 177
1352.217 171
1352.300 164
1352.383 154
1352.466 142
1352.549 132
1352.632 131
1352.715 137
1352.799 146
1352.882 156
1352.965 166
1353.048 170
1353.131 174
1353.214 175
1353.297 177
1353.380 179
1353.463 186
1353.546 189
1353.630 190
1353.713 186
1353.796 178
1353.879 171
1353.962 167
1354.045 172
1354.128 177
1354.211 188
1354.294 197
1354.378 202
1354.461 207
1354.544 209
1354.627 218
1354.710 227
1354.793 235
1354.876 244
1354.960 241
1355.043 240
1355.126 240
1355.209 232
1355.292 221
1355.375 209
1355.459 195
1355.542 180
1355.625 171
1355.708 167
1355.791 160
1355.874 152
1355.958 151
1356.041 156
1356.124 163
1356.207 169
1356.290 182
1356.373 187
1356.457 195
1356.540 201
1356.623 196
1356.706 195
1356.789 199
1356.873 197
1356.956 197
1357.039 196
1357.122 190
1357.206 190
1357.289 179
1357.372 171
1357.455 161
1357.538 150
1357.622 148
1357.705 146
1357.788 141
1357.871 141
1357.955 144
1358.038 145
1358.121 146
1358.204 143
1358.288 149
1358.371 152
1358.454 157
1358.537 159
1358.621 169
1358.704 175
1358.787 182
1358.870 190
1358.954 185
1359.037 180
1359.120 171
1359.204 162
1359.287 159
1359.370 160
1359.453 163
1359.537 164
1359.620 166
1359.703 174
1359.787 183
1359.870 191
1359.953 195
1360.036 197
1360.120 200
1360.203 202
1360.286 210
1360.370 210
1360.453 210
1360.536 208
1360.620 202
1360.703 201
1360.786 197
1360.870 194
1360.953 191
1361.036 186
1361.120 177
1361.203 173
1361.286 171
1361.370 172
1361.453 176
1361.536 171
1361.620 168
1361.703 164
1361.787 160
1361.870 152
1361.953 159
1362.037 168
1362.120 181
1362.203 193
1362.287 197
1362.370 203
1362.453 207
1362.537 211
1362.620 212
1362.704 206
1362.787 197
1362.870 195
1362.954 195
1363.037 190
1363.121 186
1363.204 175
1363.287 167
1363.371 158
1363.454 149
1363.538 144
1363.621 146
1363.705 155
1363.788 164
1363.871 176
1363.955 187
1364.038 193
1364.122 196
1364.205 204
1364.289 198
1364.372 195
1364.455 197
1364.539 189
1364.622 194
1364.706 198
1364.789 201
1364.873 214
1364.956 210
1365.040 207
1365.123 204
1365.207 197
1365.290 198
1365.373 192
1365.457 187
1365.540 179
1365.624 174
1365.707 174
1365.791 173
1365.874 174
1365.958 170
1366.041 167
1366.125 164
1366.208 158
1366.292 166
1366.375 172
1366.459 181
1366.542 193
1366.626 190
1366.709 191
1366.793 193
1366.876 194
1366.960 198
1367.043 198
1367.127 197
1367.211 196
1367.294 197
1367.378 200
1367.461 203
1367.545 202
1367.628 193
1367.712 185
1367.795 177
1367.879 168
1367.962 169
1368.046 170
1368.130 176
1368.213 176
1368.297 179
1368.380 182
1368.464 190
1368.547 194
1368.631 201
1368.714 210
1368.798 217
1368.882 222
1368.965 209
1369.049 204
1369.132 195
1369.216 184
1369.300 186
1369.383 183
1369.467 182
1369.550 184
1369.634 188
1369.718 194
1369.801 202
1369.885 213
1369.968 229
1370.052 241
1370.136 250
1370.219 265
1370.303 266
1370.387 266
1370.470 265
1370.554 265
1370.637 255
1370.721 247
1370.805 237
1370.888 227
1370.972 223
1371.056 217
1371.139 209
1371.223 203
1371.307 202
1371.390 202
1371.474 201
1371.558 204
1371.641 206
1371.725 207
1371.809 205
1371.892 209
1371.976 211
1372.060 211
1372.143 217
1372.227 215
1372.311 203
1372.394 199
1372.478 193
1372.562 187
1372.645 191
1372.729 194
1372.813 199
1372.897 203
1372.980 206
1373.064 210
1373.148 213
1373.231 212
1373.315 211
1373.399 206
1373.483 199
1373.566 190
1373.650 191
1373.734 189
1373.818 184
1373.901 183
1373.985 183
1374.069 182
1374.153 181
1374.236 179
1374.320 183
1374.404 191
1374.488 199
1374.571 209
1374.655 211
1374.739 208
1374.823 207
1374.906 205
1374.990 205
1375.074 208
1375.158 212
1375.241 207
1375.325 203
1375.409 195
1375.493 189
1375.577 184
1375.660 180
1375.744 176
1375.828 171
1375.912 165
1375.996 159
1376.079 156
1376.163 152
1376.247 149
1376.331 162
1376.415 172
1376.498 183
1376.582 200
1376.666 201
1376.750 202
1376.834 198
1376.918 202
1377.001 199
1377.085 199
1377.169 201
1377.253 202
1377.337 211
1377.421 222
1377.504 234
1377.588 244
1377.672 234
1377.756 223
1377.840 209
1377.924 197
1378.008 193
1378.091 191
1378.175 187
1378.259 184
1378.343 184
1378.427 186
1378.511 190
1378.595 185
1378.679 188
1378.762 190
1378.846 193
1378.930 195
1379.014 197
1379.098 195
1379.182 191
1379.266 197
1379.350 198
1379.434 199
1379.518 202
1379.601 201
1379.685 204
1379.769 203
1379.853 200
1379.937 199
1380.021 199
1380.105 198
1380.189 195
1380.273 192
1380.357 182
1380.441 171
1380.525 159
1380.609 151
1380.693 144
1380.777 144
1380.860 143
1380.944 139
1381.028 155
1381.112 163
1381.196 168
1381.280 180
1381.364 177
1381.448 178
1381.532 181
1381.616 181
1381.700 177
1381.784 172
1381.868 165
1381.952 158
1382.036 156
1382.120 157
1382.204 157
1382.288 150
1382.372 151
1382.456 152
1382.540 153
1382.624 156
1382.708 153
1382.792 152
1382.876 148
1382.960 146
1383.044 148
1383.128 150
1383.212 156
1383.296 157
1383.380 168
1383.464 179
1383.548 191
1383.632 203
1383.716 194
1383.800 182
1383.884 168
1383.969 160
1384.053 161
1384.137 163
1384.221 167
1384.305 164
1384.389 168
1384.473 167
1384.557 163
1384.641 158
1384.725 153
1384.809 151
1384.893 147
1384.977 148
1385.061 146
1385.145 150
1385.230 158
1385.314 166
1385.398 166
1385.482 169
1385.566 174
1385.650 177
1385.734 183
1385.818 183
1385.902 179
1385.986 181
1386.071 189
1386.155 197
1386.239 203
1386.323 210
1386.407 212
1386.491 201
1386.575 194
1386.659 190
1386.744 180
1386.828 181
1386.912 182
1386.996 177
1387.080 174
1387.164 169
1387.248 162
1387.333 159
1387.417 167
1387.501 174
1387.585 184
1387.669 193
1387.753 193
1387.838 193
1387.922 196
1388.006 196
1388.090 194
1388.174 191
1388.258 188
1388.343 189
1388.427 196
1388.511 199
1388.595 207
1388.679 209
1388.764 201
1388.848 193
1388.932 180
1389.016 173
1389.100 172
1389.185 175
1389.269 182
1389.353 186
1389.437 188
1389.521 191
1389.606 195
1389.690 196
1389.774 190
1389.858 187
1389.943 184
1390.027 186
1390.111 182
1390.195 181
1390.280 179
1390.364 174
1390.448 176
1390.532 175
1390.617 170
1390.701 172
1390.785 173
1390.869 172
1390.954 172
1391.038 169
1391.122 168
1391.206 171
1391.291 175
1391.375 172
1391.459 176
1391.544 176
1391.628 175
1391.712 175
1391.796 180
1391.881 180
1391.965 185
1392.049 187
1392.134 181
1392.218 179
1392.302 180
1392.386 176
1392.471 175
1392.555 172
1392.639 171
1392.724 167
1392.808 172
1392.892 175
1392.977 178
1393.061 182
1393.145 175
1393.230 174
1393.314 174
1393.398 172
1393.483 174
1393.567 173
1393.651 172
1393.736 167
1393.820 173
1393.904 178
1393.989 181
1394.073 191
1394.158 192
1394.242 192
1394.326 191
1394.411 191
1394.495 193
1394.579 195
1394.664 195
1394.748 190
1394.833 182
1394.917 178
1395.001 174
1395.086 165
1395.170 159
1395.254 155
1395.339 148
1395.423 148
1395.508 148
1395.592 148
1395.676 145
1395.761 141
1395.845 147
1395.930 151
1396.014 155
1396.099 157
1396.183 161
1396.267 161
1396.352 160
1396.436 167
1396.521 172
1396.605 181
1396.690 191
1396.774 204
1396.858 204
1396.943 200
1397.027 198
1397.112 189
1397.196 182
1397.281 181
1397.365 180
1397.450 178
1397.534 179
1397.619 177
1397.703 177
1397.788 176
1397.872 174
1397.957 167
1398.041 161
1398.125 152
1398.210 154
1398.294 157
1398.379 159
1398.463 165
1398.548 159
1398.632 159
1398.717 158
1398.801 161
1398.886 157
1398.970 152
1399.055 146
1399.139 143
1399.224 148
1399.309 153
1399.393 162
1399.478 170
1399.562 166
1399.647 166
1399.731 166
1399.816 162
1399.900 158
1399.985 155
1400.069 152
1400.154 147
1400.238 151
1400.323 155
1400.408 162
1400.492 172
1400.577 176
1400.661 173
1400.746 174
1400.830 167
1400.915 163
1400.999 163
1401.084 161
1401.169 158
1401.253 157
1401.338 155
1401.422 153
1401.507 153
1401.592 155
1401.676 156
1401.761 158
1401.845 155
1401.930 157
1402.015 160
1402.099 165
1402.184 175
1402.268 177
1402.353 179
1402.438 181
1402.522 187
1402.607 180
1402.691 173
1402.776 165
1402.861 155
1402.945 158
1403.030 159
1403.115 160
1403.199 161
1403.284 165
1403.369 168
1403.453 170
1403.538 179
1403.623 182
1403.707 180
1403.792 175
1403.877 172
1403.961 164
1404.046 160
1404.131 159
1404.215 151
1404.300 149
1404.385 150
1404.469 149
1404.554 151
1404.639 150
1404.723 150
1404.808 154
1404.893 154
1404.977 158
1405.062 162
1405.147 167
1405.231 170
1405.316 173
1405.401 177
1405.486 182
1405.570 188
1405.655 195
1405.740 199
1405.824 203
1405.909 203
1405.994 201
1406.079 191
1406.163 176
1406.248 164
1406.333 157
1406.418 158
1406.502 159
1406.587 160
1406.672 159
1406.757 151
1406.841 144
1406.926 136
1407.011 136
1407.096 143
1407.180 147
1407.265 155
1407.350 159
1407.435 166
1407.519 179
1407.604 188
1407.689 197
1407.774 198
1407.858 201
1407.943 202
1408.028 200
1408.113 193
1408.198 183
1408.282 178
1408.367 168
1408.452 165
1408.537 166
1408.622 161
1408.706 160
1408.791 164
1408.876 168
1408.961 178
1409.046 180
1409.131 175
1409.215 170
1409.300 165
1409.385 158
1409.470 153
1409.555 148
1409.640 140
1409.724 137
1409.809 140
1409.894 142
1409.979 144
1410.064 148
1410.149 150
1410.233 156
1410.318 156
1410.403 158
1410.488 159
1410.573 164
1410.658 164
1410.743 165
1410.828 170
1410.912 176
1410.997 186
1411.082 191
1411.167 193
1411.252 188
1411.337 196
1411.422 194
1411.507 194
1411.592 196
1411.676 195
1411.761 188
1411.846 184
1411.931 178
1412.016 173
1412.101 175
1412.186 175
1412.271 176
1412.356 172
1412.441 180
1412.526 182
1412.610 188
1412.695 195
1412.780 191
1412.865 188
1412.950 182
1413.035 181
1413.120 178
1413.205 179
1413.290 182
1413.375 180
1413.460 182
1413.545 184
1413.630 181
1413.715 186
1413.800 193
1413.885 193
1413.970 196
1414.055 195
1414.140 188
1414.225 186
1414.310 182
1414.395 181
1414.480 172
1414.565 169
1414.650 164
1414.735 160
1414.820 168
1414.905 172
1414.990 176
1415.075 185
1415.160 190
1415.245 192
1415.330 195
1415.415 197
1415.500 188
1415.585 184
1415.670 178
1415.755 173
1415.840 167
1415.925 163
1416.010 160
1416.095 155
1416.180 152
1416.265 151
1416.350 151
1416.435 151
1416.520 156
1416.605 164
1416.690 174
1416.775 180
1416.860 187
1416.945 186
1417.030 184
1417.115 188
1417.200 191
1417.286 194
1417.371 195
1417.456 200
1417.541 199
1417.626 201
1417.711 207
1417.796 206
1417.881 203
1417.966 198
1418.051 192
1418.136 180
1418.221 180
1418.307 175
1418.392 168
1418.477 164
1418.562 167
1418.647 174
1418.732 184
1418.817 196
1418.902 200
1418.987 205
1419.073 211
1419.158 209
1419.243 206
1419.328 198
1419.413 192
1419.498 192
1419.583 187
1419.669 184
1419.754 180
1419.839 170
1419.924 168
1420.009 166
1420.094 164
1420.179 161
1420.265 158
1420.350 157
1420.435 155
1420.520 158
1420.605 159
1420.690 161
1420.776 167
1420.861 167
1420.946 164
1421.031 157
1421.116 153
1421.202 147
1421.287 143
1421.372 140
1421.457 135
1421.542 130
1421.628 133
1421.713 139
1421.798 146
1421.883 157
1421.968 164
1422.054 164
1422.139 159
1422.224 155
1422.309 152
1422.395 153
1422.480 159
1422.565 157
1422.650 156
1422.735 159
1422.821 163
1422.906 169
1422.991 169
1423.076 168
1423.162 165
1423.247 166
1423.332 170
1423.417 168
1423.503 164
1423.588 160
1423.673 155
1423.759 155
1423.844 154
1423.929 149
1424.014 153
1424.100 159
1424.185 169
1424.270 180
1424.355 180
1424.441 178
1424.526 174
1424.611 171
1424.697 160
1424.782 154
1424.867 147
1424.953 142
1425.038 151
1425.123 154
1425.208 156
1425.294 164
1425.379 170
1425.464 175
1425.550 181
1425.635 188
1425.720 192
1425.806 198
1425.891 201
1425.976 210
1426.062 219
1426.147 224
1426.232 232
1426.318 237
1426.403 232
1426.488 228
1426.574 221
1426.659 215
1426.745 210
1426.830 211
1426.915 211
1427.001 204
1427.086 206
1427.171 207
1427.257 216
1427.342 217
1427.428 218
1427.513 210
1427.598 200
1427.684 189
1427.769 180
1427.854 174
1427.940 170
1428.025 162
1428.111 166
1428.196 172
1428.281 177
1428.367 186
1428.452 175
1428.538 168
1428.623 158
1428.709 149
1428.794 152
1428.879 152
1428.965 154
1429.050 155
1429.136 157
1429.221 160
1429.307 162
1429.392 167
1429.477 172
1429.563 171
1429.648 165
1429.734 162
1429.819 161
1429.905 160
1429.990 156
1430.076 156
1430.161 146
1430.247 141
1430.332 137
1430.417 135
1430.503 149
1430.588 157
1430.674 166
1430.759 172
1430.845 175
1430.930 173
1431.016 174
1431.101 170
1431.187 164
1431.272 163
1431.358 160
1431.443 163
1431.529 162
1431.614 163
1431.700 165
1431.785 163
1431.871 158
1431.956 160
1432.042 163
1432.127 170
1432.213 172
1432.298 171
1432.384 170
1432.470 171
1432.555 175
1432.641 176
1432.726 180
1432.812 181
1432.897 175
1432.983 173
1433.068 169
1433.154 171
1433.239 169
1433.325 168
1433.411 169
1433.496 162
1433.582 168
1433.667 168
1433.753 164
1433.838 174
1433.924 172
1434.010 177
1434.095 184
1434.181 188
1434.266 197
1434.352 199
1434.438 201
1434.523 203
1434.609 198
1434.694 190
1434.780 185
1434.866 173
1434.951 161
1435.037 154
1435.122 147
1435.208 139
1435.294 152
1435.379 159
1435.465 160
1435.550 173
1435.636 175
1435.722 175
1435.807 177
1435.893 169
1435.979 174
1436.064 175
1436.150 175
1436.236 180
1436.321 174
1436.407 172
1436.493 174
1436.578 165
1436.664 161
1436.750 155
1436.835 145
1436.921 139
1437.007 146
1437.092 148
1437.178 150
1437.264 152
1437.349 152
1437.435 158
1437.521 161
1437.606 162
1437.692 169
1437.778 173
1437.863 177
1437.949 191
1438.035 193
1438.120 189
1438.206 182
1438.292 172
1438.378 167
1438.463 163
1438.549 163
1438.635 161
1438.720 159
1438.806 163
1438.892 170
1438.978 174
1439.063 177
1439.149 175
1439.235 171
1439.321 166
1439.406 159
1439.492 153
1439.578 146
1439.664 135
1439.749 139
1439.835 144
1439.921 153
1440.007 159
1440.092 160
1440.178 163
1440.264 164
1440.350 176
1440.435 180
1440.521 186
1440.607 192
1440.693 192
1440.779 196
1440.864 198
1440.950 198
1441.036 203
1441.122 206
1441.208 201
1441.293 197
1441.379 194
1441.465 191
1441.551 195
1441.637 198
1441.722 201
1441.808 206
1441.894 209
1441.980 217
1442.066 219
1442.152 215
1442.237 213
1442.323 208
1442.409 199
1442.495 190
1442.581 183
1442.667 179
1442.752 171
1442.838 169
1442.924 164
1443.010 157
1443.096 151
1443.182 160
1443.268 163
1443.353 164
1443.439 170
1443.525 176
1443.611 186
1443.697 195
1443.783 207
1443.869 209
1443.954 205
1444.040 203
1444.126 206
1444.212 200
1444.298 198
1444.384 197
1444.470 186
1444.556 188
1444.642 190
1444.728 190
1444.813 196
1444.899 203
1444.985 206
1445.071 208
1445.157 216
1445.243 209
1445.329 208
1445.415 205
1445.501 213
1445.587 205
1445.673 197
1445.759 189
1445.845 173
1445.930 178
1446.016 182
1446.102 181
1446.188 187
1446.274 184
1446.360 181
1446.446 176
1446.532 175
1446.618 173
1446.704 171
1446.790 170
1446.876 163
1446.962 166
1447.048 162
1447.134 155
1447.220 150
1447.306 150
1447.392 156
1447.478 164
1447.564 175
1447.650 178
1447.736 180
1447.822 177
1447.908 171
1447.994 164
1448.080 157
1448.166 146
1448.252 138
1448.338 142
1448.424 144
1448.510 149
1448.596 156
1448.682 156
1448.768 151
1448.854 149
1448.940 143
1449.026 149
1449.112 156
1449.198 165
1449.284 171
1449.370 165
1449.456 160
1449.542 151
1449.628 148
1449.714 139
1449.801 133
1449.887 126
1449.973 118
1450.059 129
1450.145 136
1450.231 145
1450.317 156
1450.403 149
1450.489 147
1450.575 145
1450.661 136
1450.747 133
1450.833 134
1450.920 133
1451.006 137
1451.092 148
1451.178 151
1451.264 156
1451.350 160
1451.436 166
1451.522 171
1451.608 176
1451.694 180
1451.781 188
1451.867 191
1451.953 188
1452.039 199
1452.125 198
1452.211 203
1452.297 211
1452.383 212
1452.470 205
1452.556 195
1452.642 182
1452.728 170
1452.814 168
1452.900 168
1452.986 165
1453.073 165
1453.159 156
1453.245 152
1453.331 152
1453.417 145
1453.503 157
1453.590 165
1453.676 173
1453.762 179
1453.848 177
1453.934 176
1454.021 175
1454.107 181
1454.193 180
1454.279 177
1454.365 174
1454.452 166
1454.538 161
1454.624 157
1454.710 158
1454.796 151
1454.883 147
1454.969 147
1455.055 149
1455.141 152
1455.227 158
1455.314 160
1455.400 162
1455.486 164
1455.572 158
1455.659 152
1455.745 148
1455.831 138
1455.917 135
1456.004 137
1456.090 142
1456.176 149
1456.262 150
1456.349 147
1456.435 144
1456.521 135
1456.607 130
1456.694 129
1456.780 125
1456.866 129
1456.952 131
1457.039 133
1457.125 133
1457.211 141
1457.298 140
1457.384 143
1457.470 149
1457.556 153
1457.643 161
1457.729 163
1457.815 169
1457.902 170
1457.988 166
1458.074 165
1458.161 162
1458.247 152
1458.333 147
1458.419 144
1458.506 140
1458.592 137
1458.678 151
1458.765 159
1458.851 168
1458.937 184
1459.024 190
1459.110 190
1459.196 191
1459.283 191
1459.369 178
1459.455 174
1459.542 169
1459.628 161
1459.715 171
1459.801 175
1459.887 179
1459.974 187
1460.060 188
1460.146 186
1460.233 184
1460.319 181
1460.405 169
1460.492 164
1460.578 163
1460.665 159
1460.751 162
1460.837 166
1460.924 170
1461.010 176
1461.097 183
1461.183 189
1461.269 196
1461.356 202
1461.442 209
1461.529 209
1461.615 210
1461.701 211
1461.788 199
1461.874 194
1461.961 188
1462.047 181
1462.134 181
1462.220 179
1462.306 175
1462.393 166
1462.479 174
1462.566 176
1462.652 176
1462.739 186
1462.825 176
1462.912 171
1462.998 168
1463.084 166
1463.171 164
1463.257 164
1463.344 166
1463.430 164
1463.517 168
1463.603 168
1463.690 168
1463.776 165
1463.863 160
1463.949 158
1464.036 152
1464.122 154
1464.209 159
1464.295 164
1464.382 172
1464.468 179
1464.555 181
1464.641 179
1464.728 181
1464.814 180
1464.901 180
1464.987 181
1465.074 180
1465.160 189
1465.247 190
1465.333 194
1465.420 197
1465.506 199
1465.593 200
1465.679 201
1465.766 201
1465.853 201
1465.939 194
1466.026 186
1466.112 178
1466.199 170
1466.285 171
1466.372 176
1466.458 178
1466.545 180
1466.632 180
1466.718 181
1466.805 189
1466.891 190
1466.978 194
1467.064 195
1467.151 193
1467.238 198
1467.324 204
1467.411 206
1467.497 202
1467.584 204
1467.670 203
1467.757 202
1467.844 199
1467.930 203
1468.017 201
1468.104 205
1468.190 206
1468.277 215
1468.363 214
1468.450 208
1468.537 202
1468.623 189
1468.710 180
1468.796 177
1468.883 174
1468.970 167
1469.056 158
1469.143 153
1469.230 154
1469.316 152
1469.403 155
1469.490 156
1469.576 153
1469.663 161
1469.750 160
1469.836 162
1469.923 162
1470.010 170
1470.096 181
1470.183 189
1470.270 195
1470.356 202
1470.443 197
1470.530 189
1470.616 177
1470.703 168
1470.790 170
1470.876 168
1470.963 168
1471.050 163
1471.136 163
1471.223 157
1471.310 152
1471.397 146
1471.483 145
1471.570 147
1471.657 150
1471.743 159
1471.830 161
1471.917 161
1472.004 162
1472.090 157
1472.177 157
1472.264 158
1472.351 160
1472.437 159
1472.524 158
1472.611 156
1472.697 153
1472.784 154
1472.871 153
1472.958 152
1473.045 152
1473.131 147
1473.218 147
1473.305 150
1473.392 150
1473.478 150
1473.565 148
1473.652 148
1473.739 147
1473.825 147
1473.912 147
1473.999 148
1474.086 152
1474.173 155
1474.259 162
1474.346 166
1474.433 171
1474.520 170
1474.607 162
1474.693 159
1474.780 159
1474.867 153
1474.954 157
1475.041 155
1475.127 151
1475.214 152
1475.301 153
1475.388 153
1475.475 156
1475.562 150
1475.648 144
1475.735 148
1475.822 153
1475.909 157
1475.996 169
1476.083 172
1476.169 178
1476.256 182
1476.343 179
1476.430 180
1476.517 179
1476.604 183
1476.691 175
1476.778 172
1476.864 169
1476.951 165
1477.038 160
1477.125 156
1477.212 152
1477.299 147
1477.386 151
1477.473 152
1477.559 153
1477.646 156
1477.733 154
1477.820 154
1477.907 156
1477.994 152
1478.081 153
1478.168 151
1478.255 147
1478.342 147
1478.429 143
1478.515 137
1478.602 134
1478.689 125
1478.776 124
1478.863 123
1478.950 121
1479.037 121
1479.124 123
1479.211 131
1479.298 138
1479.385 150
1479.472 154
1479.559 157
1479.646 158
1479.733 163
1479.820 157
1479.907 151
1479.994 140
1480.080 126
1480.167 128
1480.254 129
1480.341 129
1480.428 131
1480.515 136
1480.602 141
1480.689 148
1480.776 154
1480.863 158
1480.950 162
1481.037 167
1481.124 166
1481.211 168
1481.298 172
1481.385 175
1481.472 178
1481.559 178
1481.646 176
1481.733 171
1481.820 169
1481.907 170
1481.994 167
1482.081 163
1482.168 163
1482.256 162
1482.343 163
1482.430 162
1482.517 164
1482.604 162
1482.691 163
1482.778 166
1482.865 163
1482.952 167
1483.039 162
1483.126 155
1483.213 148
1483.300 145
1483.387 144
1483.474 140
1483.561 140
1483.648 141
1483.735 139
1483.823 140
1483.910 138
1483.997 139
1484.084 143
1484.171 147
1484.258 151
1484.345 156
1484.432 161
1484.519 166
1484.606 174
1484.693 172
1484.781 166
1484.868 160
1484.955 150
1485.042 146
1485.129 143
1485.216 140
1485.303 138
1485.390 138
1485.478 140
1485.565 142
1485.652 143
1485.739 146
1485.826 145
1485.913 146
1486.000 149
1486.088 153
1486.175 156
1486.262 161
1486.349 166
1486.436 165
1486.523 169
1486.610 171
1486.698 178
1486.785 178
1486.872 179
1486.959 176
1487.046 182
1487.133 171
1487.221 162
1487.308 155
1487.395 143
1487.482 150
1487.569 155
1487.657 162
1487.744 173
1487.831 172
1487.918 171
1488.005 174
1488.093 170
1488.180 176
1488.267 181
1488.354 184
1488.441 184
1488.529 185
1488.616 184
1488.703 180
1488.790 180
1488.878 181
1488.965 181
1489.052 185
1489.139 186
1489.227 181
1489.314 179
1489.401 176
1489.488 170
1489.576 167
1489.663 167
1489.750 166
1489.837 162
1489.925 168
1490.012 174
1490.099 184
1490.186 192
1490.274 201
1490.361 208
1490.448 213
1490.535 218
1490.623 207
1490.710 202
1490.797 198
1490.885 193
1490.972 189
1491.059 184
1491.146 177
1491.234 167
1491.321 168
1491.408 167
1491.496 164
1491.583 165
1491.670 166
1491.758 169
1491.845 173
1491.932 181
1492.020 190
1492.107 196
1492.194 201
1492.282 199
1492.369 204
1492.456 206
1492.544 207
1492.631 214
1492.718 213
1492.806 210
1492.893 204
1492.980 196
1493.068 186
1493.155 178
1493.242 169
1493.330 162
1493.417 162
1493.505 163
1493.592 163
1493.679 165
1493.767 160
1493.854 158
1493.941 158
1494.029 150
1494.116 152
1494.204 152
1494.291 152
1494.378 153
1494.466 159
1494.553 163
1494.641 167
1494.728 170
1494.815 168
1494.903 166
1494.990 166
1495.078 164
1495.165 155
1495.252 152
1495.340 151
1495.427 143
1495.515 144
1495.602 144
1495.690 143
1495.777 141
1495.864 138
1495.952 139
1496.039 135
1496.127 133
1496.214 138
1496.302 140
1496.389 143
1496.477 150
1496.564 153
1496.652 151
1496.739 151
1496.826 149
1496.914 148
1497.001 149
1497.089 147
1497.176 145
1497.264 140
1497.351 137
1497.439 134
1497.526 133
1497.614 130
1497.701 131
1497.789 138
1497.876 142
1497.964 149
1498.051 153
1498.139 158
1498.226 158
1498.314 151
1498.401 146
1498.489 135
1498.576 129
1498.664 131
1498.751 131
1498.839 131
1498.926 136
1499.014 138
1499.101 142
1499.189 150
1499.277 148
1499.364 152
1499.452 157
1499.539 165
1499.627 176
1499.714 195
1499.802 211
1499.889 223
1499.977 239
1500.065 254
1500.152 263
1500.240 271
1500.327 288
1500.415 295
1500.502 301
1500.590 307
1500.678 318
1500.765 313
1500.853 302
1500.940 293
1501.028 282
1501.115 272
1501.203 268
1501.291 265
1501.378 258
1501.466 264
1501.554 277
1501.641 290
1501.729 307
1501.816 299
1501.904 293
1501.992 284
1502.079 272
1502.167 264
1502.254 252
1502.342 239
1502.430 227
1502.517 224
1502.605 228
1502.693 234
1502.780 238
1502.868 247
1502.956 244
1503.043 241
1503.131 233
1503.219 221
1503.306 217
1503.394 211
1503.482 206
1503.569 202
1503.657 204
1503.745 203
1503.832 206
1503.920 203
1504.008 198
1504.095 193
1504.183 187
1504.271 193
1504.358 190
1504.446 187
1504.534 184
1504.621 180
1504.709 175
1504.797 171
1504.885 160
1504.972 150
1505.060 147
1505.148 142
1505.235 133
1505.323 134
1505.411 136
1505.499 138
1505.586 148
1505.674 150
1505.762 151
1505.849 151
1505.937 153
1506.025 162
1506.113 166
1506.200 169
1506.288 179
1506.376 178
1506.464 173
1506.551 171
1506.639 167
1506.727 155
1506.815 151
1506.902 148
1506.990 136
1507.078 144
1507.166 151
1507.254 156
1507.341 164
1507.429 164
1507.517 162
1507.605 164
1507.692 163
1507.780 163
1507.868 167
1507.956 166
1508.044 174
1508.131 171
1508.219 169
1508.307 162
1508.395 160
1508.483 162
1508.571 166
1508.658 169
1508.746 174
1508.834 179
1508.922 177
1509.010 172
1509.097 168
1509.185 166
1509.273 170
1509.361 172
1509.449 178
1509.537 186
1509.625 183
1509.712 180
1509.800 176
1509.888 170
1509.976 165
1510.064 160
1510.152 153
1510.240 151
1510.327 151
1510.415 152
1510.503 153
1510.591 157
1510.679 156
1510.767 156
1510.855 150
1510.943 155
1511.030 155
1511.118 155
1511.206 154
1511.294 149
1511.382 147
1511.470 145
1511.558 139
1511.646 137
1511.734 135
1511.822 130
1511.909 125
1511.997 129
1512.085 130
1512.173 132
1512.261 134
1512.349 138
1512.437 136
1512.525 134
1512.613 132
1512.701 131
1512.789 129
1512.877 124
1512.965 126
1513.053 126
1513.141 133
1513.228 143
1513.316 149
1513.404 155
1513.492 160
1513.580 169
1513.668 176
1513.756 182
1513.844 183
1513.932 184
1514.020 189
1514.108 189
1514.196 195
1514.284 199
1514.372 201
1514.460 197
1514.548 193
1514.636 188
1514.724 191
1514.812 198
1514.900 203
1514.988 213
1515.076 217
1515.164 221
1515.252 219
1515.340 218
1515.428 222
1515.516 217
1515.604 215
1515.692 209
1515.780 205
1515.868 208
1515.956 206
1516.044 204
1516.132 202
1516.220 195
1516.308 190
1516.397 185
1516.485 175
1516.573 176
1516.661 176
1516.749 174
1516.837 179
1516.925 178
1517.013 176
1517.101 172
1517.189 168
1517.277 165
1517.365 162
1517.453 160
1517.541 158
1517.629 159
1517.718 162
1517.806 160
1517.894 162
1517.982 164
1518.070 165
1518.158 162
1518.246 167
1518.334 163
1518.422 159
1518.510 156
1518.599 151
1518.687 151
1518.775 148
1518.863 146
1518.951 139
1519.039 143
1519.127 141
1519.215 143
1519.304 142
1519.392 140
1519.480 141
1519.568 142
1519.656 148
1519.744 154
1519.832 157
1519.921 160
1520.009 168
1520.097 166
1520.185 164
1520.273 159
1520.361 152
1520.449 146
1520.538 142
1520.626 139
1520.714 133
1520.802 139
1520.890 144
1520.979 147
1521.067 152
1521.155 156
1521.243 158
1521.331 165
1521.419 167
1521.508 165
1521.596 169
1521.684 170
1521.772 181
1521.860 176
1521.949 169
1522.037 163
1522.125 153
1522.213 154
1522.302 156
1522.390 161
1522.478 161
1522.566 159
1522.654 155
1522.743 146
1522.831 148
1522.919 140
1523.007 136
1523.096 132
1523.184 122
1523.272 131
1523.360 135
1523.449 137
1523.537 146
1523.625 161
1523.713 173
1523.802 184
1523.890 202
1523.978 195
1524.067 193
1524.155 195
1524.243 188
1524.331 181
1524.420 173
1524.508 166
1524.596 153
1524.685 158
1524.773 158
1524.861 158
1524.949 151
1525.038 152
1525.126 153
1525.214 153
1525.303 150
1525.391 150
1525.479 146
1525.568 141
1525.656 138
1525.744 143
1525.833 146
1525.921 150
1526.009 156
1526.098 164
1526.186 167
1526.274 175
1526.363 176
1526.451 170
1526.539 163
1526.628 158
1526.716 152
1526.804 150
1526.893 150
1526.981 149
1527.069 146
1527.158 146
1527.246 143
1527.334 141
1527.423 134
1527.511 136
1527.600 139
1527.688 141
1527.776 148
1527.865 151
1527.953 156
1528.042 159
1528.130 163
1528.218 161
1528.307 159
1528.395 158
1528.484 157
1528.572 161
1528.660 160
1528.749 158
1528.837 160
1528.926 152
1529.014 149
1529.102 148
1529.191 144
1529.279 146
1529.368 145
1529.456 139
1529.545 140
1529.633 144
1529.721 144
1529.810 143
1529.898 140
1529.987 139
1530.075 138
1530.164 137
1530.252 140
1530.341 139
1530.429 139
1530.518 142
1530.606 140
1530.694 133
1530.783 131
1530.871 127
1530.960 126
1531.048 125
1531.137 125
1531.225 121
1531.314 123
1531.402 126
1531.491 125
1531.579 126
1531.668 126
1531.756 126
1531.845 127
1531.933 125
1532.022 124
1532.110 126
1532.199 129
1532.287 133
1532.376 129
1532.464 130
1532.553 128
1532.641 126
1532.730 131
1532.818 130
1532.907 130
1532.996 128
1533.084 125
1533.173 134
1533.261 138
1533.350 138
1533.438 146
1533.527 150
1533.615 144
1533.704 138
1533.792 130
1533.881 117
1533.970 115
1534.058 110
1534.147 110
1534.235 115
1534.324 121
1534.412 131
1534.501 140
1534.590 145
1534.678 151
1534.767 159
1534.855 165
1534.944 168
1535.033 169
1535.121 169
1535.210 178
1535.298 171
1535.387 163
1535.476 158
1535.564 146
1535.653 142
1535.741 140
1535.830 137
1535.919 135
1536.007 131
1536.096 137
1536.185 148
1536.273 159
1536.362 166
1536.450 170
1536.539 177
1536.628 178
1536.716 186
1536.805 182
1536.894 175
1536.982 173
1537.071 172
1537.160 179
1537.248 189
1537.337 195
1537.426 195
1537.514 193
1537.603 196
1537.692 185
1537.780 182
1537.869 182
1537.958 179
1538.046 178
1538.135 173
1538.224 170
1538.312 162
1538.401 166
1538.490 167
1538.579 168
1538.667 173
1538.756 171
1538.845 168
1538.933 170
1539.022 170
1539.111 168
1539.200 163
1539.288 154
1539.377 145
1539.466 140
1539.554 145
1539.643 145
1539.732 145
1539.821 149
1539.909 151
1539.998 155
1540.087 162
1540.176 164
1540.264 163
1540.353 158
1540.442 149
1540.531 143
1540.619 145
1540.708 148
1540.797 150
1540.886 157
1540.974 153
1541.063 151
1541.152 150
1541.241 151
1541.330 158
1541.418 161
1541.507 167
1541.596 167
1541.685 166
1541.773 166
1541.862 163
1541.951 168
1542.040 164
1542.129 163
1542.217 160
1542.306 163
1542.395 168
1542.484 172
1542.573 177
1542.662 176
1542.750 169
1542.839 161
1542.928 159
1543.017 150
1543.106 149
1543.195 149
1543.283 152
1543.372 152
1543.461 148
1543.550 146
1543.639 146
1543.728 143
1543.816 145
1543.905 143
1543.994 138
1544.083 138
1544.172 146
1544.261 155
1544.350 163
1544.438 169
1544.527 164
1544.616 158
1544.705 147
1544.794 144
1544.883 144
1544.972 146
1545.061 147
1545.150 151
1545.238 156
1545.327 160
1545.416 166
1545.505 168
1545.594 167
1545.683 163
1545.772 155
1545.861 151
1545.950 147
1546.039 145
1546.128 147
1546.216 145
1546.305 142
1546.394 140
1546.483 143
1546.572 133
1546.661 141
1546.750 148
1546.839 153
1546.928 162
1547.017 156
1547.106 157
1547.195 155
1547.284 160
1547.373 167
1547.462 167
1547.551 167
1547.640 162
1547.729 154
1547.818 152
1547.907 151
1547.995 145
1548.084 153
1548.173 155
1548.262 156
1548.351 160
1548.440 157
1548.529 159
1548.618 161
1548.707 168
1548.796 164
1548.885 159
1548.974 154
1549.063 144
1549.152 148
1549.241 150
1549.330 151
1549.419 153
1549.508 158
1549.598 163
1549.687 169
1549.776 180
1549.865 186
1549.954 187
1550.043 191
1550.132 189
1550.221 180
1550.310 181
1550.399 185
1550.488 180
1550.577 175
1550.666 171
1550.755 165
1550.844 164
1550.933 167
1551.022 168
1551.111 166
1551.200 165
1551.289 170
1551.379 173
1551.468 177
1551.557 181
1551.646 183
1551.735 182
1551.824 184
1551.913 185
1552.002 182
1552.091 184
1552.180 187
1552.269 186
1552.358 178
1552.448 172
1552.537 163
1552.626 159
1552.715 158
1552.804 153
1552.893 146
1552.982 140
1553.071 139
1553.161 141
1553.250 142
1553.339 143
1553.428 141
1553.517 138
1553.606 130
1553.695 128
1553.785 126
1553.874 126
1553.963 125
1554.052 122
1554.141 123
1554.230 122
1554.319 122
1554.409 122
1554.498 130
1554.587 132
1554.676 137
1554.765 142
1554.854 139
1554.944 138
1555.033 135
1555.122 132
1555.211 133
1555.300 135
1555.390 132
1555.479 136
1555.568 132
1555.657 131
1555.746 131
1555.836 127
1555.925 127
1556.014 126
1556.103 133
1556.192 133
1556.282 135
1556.371 135
1556.460 134
1556.549 132
1556.639 128
1556.728 131
1556.817 131
1556.906 132
1556.995 136
1557.085 137
1557.174 137
1557.263 144
1557.352 139
1557.442 139
1557.531 134
1557.620 132
1557.709 133
1557.799 132
1557.888 132
1557.977 134
1558.067 129
1558.156 132
1558.245 139
1558.334 141
1558.424 155
1558.513 161
1558.602 169
1558.691 174
1558.781 172
1558.870 176
1558.959 179
1559.049 181
1559.138 183
1559.227 179
1559.317 171
1559.406 166
1559.495 162
1559.585 159
1559.674 154
1559.763 150
1559.852 155
1559.942 162
1560.031 167
1560.120 179
1560.210 184
1560.299 181
1560.388 179
1560.478 175
1560.567 167
1560.656 167
1560.746 170
1560.835 163
1560.925 163
1561.014 162
1561.103 159
1561.193 153
1561.282 153
1561.371 154
1561.461 151
1561.550 157
1561.639 163
1561.729 165
1561.818 168
1561.908 172
1561.997 167
1562.086 162
1562.176 154
1562.265 150
1562.355 145
1562.444 143
1562.533 142
1562.623 137
1562.712 144
1562.802 155
1562.891 163
1562.980 175
1563.070 180
1563.159 177
1563.249 171
1563.338 172
1563.427 170
1563.517 171
1563.606 170
1563.696 165
1563.785 165
1563.875 165
1563.964 168
1564.054 170
1564.143 169
1564.232 165
1564.322 158
1564.411 151
1564.501 155
1564.590 162
1564.680 169
1564.769 179
1564.859 174
1564.948 170
1565.038 165
1565.127 161
1565.217 159
1565.306 155
1565.396 152
1565.485 145
1565.574 140
1565.664 140
1565.753 138
1565.843 134
1565.932 131
1566.022 127
1566.111 123
1566.201 127
1566.290 131
1566.380 130
1566.470 129
1566.559 126
1566.649 129
1566.738 130
1566.828 131
1566.917 133
1567.007 133
1567.096 134
1567.186 134
1567.275 130
1567.365 134
1567.454 138
1567.544 142
1567.633 150
1567.723 151
1567.813 152
1567.902 158
1567.992 159
1568.081 154
1568.171 151
1568.260 148
1568.350 146
1568.439 143
1568.529 142
1568.619 147
1568.708 141
1568.798 143
1568.887 140
1568.977 137
1569.067 135
1569.156 141
1569.246 147
1569.335 155
1569.425 162
1569.515 157
1569.604 158
1569.694 154
1569.783 157
1569.873 162
1569.963 163
1570.052 161
1570.142 166
1570.231 164
1570.321 161
1570.411 158
1570.500 156
1570.590 150
1570.680 142
1570.769 137
1570.859 126
1570.949 128
1571.038 130
1571.128 134
1571.218 135
1571.307 133
1571.397 129
1571.486 126
1571.576 122
1571.666 117
1571.755 115
1571.845 111
1571.935 107
1572.025 109
1572.114 112
1572.204 115
1572.294 121
1572.383 118
1572.473 114
1572.563 108
1572.652 106
1572.742 105
1572.832 106
1572.921 104
1573.011 106
1573.101 114
1573.191 125
1573.280 139
1573.370 150
1573.460 158
1573.549 158
1573.639 161
1573.729 159
1573.819 148
1573.908 140
1573.998 132
1574.088 127
1574.178 123
1574.267 123
1574.357 124
1574.447 120
1574.536 126
1574.626 133
1574.716 133
1574.806 137
1574.896 141
1574.985 137
1575.075 137
1575.165 134
1575.255 136
1575.344 138
1575.434 145
1575.524 147
1575.614 140
1575.703 138
1575.793 136
1575.883 136
1575.973 139
1576.063 137
1576.152 136
1576.242 136
1576.332 132
1576.422 129
1576.512 123
1576.601 124
1576.691 119
1576.781 115
1576.871 111
1576.961 106
1577.051 111
1577.140 116
1577.230 122
1577.320 122
1577.410 123
1577.500 123
1577.590 122
1577.679 123
1577.769 124
1577.859 128
1577.949 135
1578.039 141
1578.129 143
1578.218 141
1578.308 137
1578.398 136
1578.488 133
1578.578 132
1578.668 128
1578.758 129
1578.848 129
1578.937 128
1579.027 130
1579.117 129
1579.207 140
1579.297 148
1579.387 155
1579.477 156
1579.567 153
1579.656 146
1579.746 140
1579.836 133
1579.926 132
1580.016 132
1580.106 135
1580.196 132
1580.286 129
1580.376 130
1580.466 127
1580.556 128
1580.646 131
1580.735 128
1580.825 125
1580.915 123
1581.005 123
1581.095 121
1581.185 124
1581.275 122
1581.365 119
1581.455 122
1581.545 120
1581.635 126
1581.725 129
1581.815 128
1581.905 124
1581.995 123
1582.085 127
1582.175 132
1582.265 142
1582.355 147
1582.445 145
1582.535 140
1582.625 138
1582.715 131
1582.805 132
1582.895 132
1582.985 130
1583.075 131
1583.165 130
1583.255 130
1583.345 124
1583.435 124
1583.525 119
1583.615 118
1583.705 115
1583.795 114
1583.885 119
1583.975 118
1584.065 118
1584.155 119
1584.245 123
1584.335 128
1584.425 132
1584.515 135
1584.605 142
1584.695 148
1584.785 152
1584.875 158
1584.965 158
1585.055 158
1585.145 162
1585.235 167
1585.325 162
1585.415 157
1585.505 151
1585.595 141
1585.686 144
1585.776 143
1585.866 145
1585.956 144
1586.046 147
1586.136 149
1586.226 153
1586.316 153
1586.406 153
1586.496 155
1586.586 162
1586.677 162
1586.767 168
1586.857 164
1586.947 161
1587.037 158
1587.127 150
1587.217 148
1587.307 144
1587.397 148
1587.488 155
1587.578 164
1587.668 176
1587.758 184
1587.848 180
1587.938 179
1588.028 176
1588.118 164
1588.209 158
1588.299 153
1588.389 150
1588.479 155
1588.569 156
1588.659 154
1588.750 152
1588.840 151
1588.930 156
1589.020 163
1589.110 168
1589.200 168
1589.291 164
1589.381 159
1589.471 150
1589.561 144
1589.651 141
1589.741 138
1589.832 134
1589.922 135
1590.012 142
1590.102 144
1590.192 149
1590.283 153
1590.373 152
1590.463 156
1590.553 160
1590.644 161
1590.734 163
1590.824 163
1590.914 157
1591.004 159
1591.095 160
1591.185 159
1591.275 159
1591.365 157
1591.456 158
1591.546 157
1591.636 151
1591.726 154
1591.817 150
1591.907 144
1591.997 136
1592.087 127
1592.178 131
1592.268 132
1592.358 139
1592.448 137
1592.539 128
1592.629 125
1592.719 125
1592.809 125
1592.900 127
1592.990 130
1593.080 132
1593.171 131
1593.261 135
1593.351 138
1593.441 138
1593.532 148
1593.622 149
1593.712 148
1593.803 148
1593.893 150
1593.983 141
1594.074 134
1594.164 128
1594.254 114
1594.345 117
1594.435 120
1594.525 123
1594.616 132
1594.706 130
1594.796 131
1594.887 134
1594.977 138
1595.067 134
1595.158 133
1595.248 131
1595.338 130
1595.429 130
1595.519 128
1595.609 128
1595.700 125
1595.790 131
1595.880 132
1595.971 134
1596.061 138
1596.152 142
1596.242 147
1596.332 149
1596.423 155
1596.513 149
1596.603 147
1596.694 147
1596.784 138
1596.875 131
1596.965 126
1597.055 120
1597.146 116
1597.236 115
1597.327 114
1597.417 119
1597.507 119
1597.598 124
1597.688 126
1597.779 125
1597.869 129
1597.960 127
1598.050 125
1598.140 124
1598.231 125
1598.321 125
1598.412 129
1598.502 135
1598.593 143
1598.683 136
1598.774 133
1598.864 130
1598.954 126
1599.045 120
1599.135 118
1599.226 112
1599.316 111
1599.407 114
1599.497 113
1599.588 112
1599.678 115
1599.769 118
1599.859 123
1599.950 126
1600.040 132
1600.131 137
1600.221 139
1600.312 138
1600.402 140
1600.493 132
1600.583 123
1600.674 116
1600.764 103
1600.855 106
1600.945 112
1601.036 116
1601.126 121
1601.217 131
1601.307 140
1601.398 148
1601.488 158
1601.579 160
1601.669 159
1601.760 158
1601.850 158
1601.941 157
1602.031 159
1602.122 158
1602.213 164
1602.303 164
1602.394 159
1602.484 157
1602.575 155
1602.665 153
1602.756 153
1602.846 153
1602.937 147
1603.028 138
1603.118 135
1603.209 127
1603.299 126
1603.390 123
1603.481 121
1603.571 115
1603.662 114
1603.752 113
1603.843 113
1603.933 111
1604.024 111
1604.115 110
1604.205 114
1604.296 117
1604.386 122
1604.477 133
1604.568 138
1604.658 148
1604.749 151
1604.840 146
1604.930 145
1605.021 143
1605.111 144
1605.202 141
1605.293 137
1605.383 134
1605.474 130
1605.565 128
1605.655 127
1605.746 126
1605.837 122
1605.927 124
1606.018 125
1606.109 128
1606.199 129
1606.290 123
1606.381 120
1606.471 112
1606.562 110
1606.653 113
1606.743 119
1606.834 123
1606.925 132
1607.015 142
1607.106 145
1607.197 147
1607.287 155
1607.378 157
1607.469 160
1607.560 165
1607.650 165
1607.741 163
1607.832 159
1607.922 154
1608.013 156
1608.104 150
1608.195 152
1608.285 152
1608.376 152
1608.467 153
1608.557 153
1608.648 156
1608.739 158
1608.830 162
1608.920 165
1609.011 170
1609.102 171
1609.193 164
1609.283 161
1609.374 156
1609.465 146
1609.556 146
1609.646 145
1609.737 144
1609.828 146
1609.919 154
1610.009 157
1610.100 159
1610.191 166
1610.282 162
1610.373 164
1610.463 160
1610.554 162
1610.645 161
1610.736 158
1610.827 160
1610.917 150
1611.008 157
1611.099 159
1611.190 158
1611.281 156
1611.371 147
1611.462 138
1611.553 129
1611.644 125
1611.735 128
1611.825 133
1611.916 140
1612.007 145
1612.098 145
1612.189 143
1612.280 137
1612.370 135
1612.461 138
1612.552 136
1612.643 131
1612.734 127
1612.825 120
1612.916 121
1613.006 121
1613.097 123
1613.188 125
1613.279 128
1613.370 136
1613.461 134
1613.552 136
1613.643 136
1613.733 134
1613.824 137
1613.915 142
1614.006 141
1614.097 134
1614.188 136
1614.279 129
1614.370 128
1614.461 130
1614.551 125
1614.642 130
1614.733 130
1614.824 132
1614.915 132
1615.006 132
1615.097 131
1615.188 125
1615.279 120
1615.370 113
1615.461 112
1615.552 109
1615.642 110
1615.733 114
1615.824 116
1615.915 117
1616.006 126
1616.097 122
1616.188 120
1616.279 119
1616.370 114
1616.461 113
1616.552 110
1616.643 107
1616.734 105
1616.825 104
1616.916 107
1617.007 112
1617.098 119
1617.189 126
1617.280 129
1617.371 132
1617.462 137
1617.553 131
1617.644 126
1617.735 121
1617.826 112
1617.917 109
1618.008 110
1618.099 109
1618.190 109
1618.281 119
1618.372 126
1618.463 132
1618.554 141
1618.645 146
1618.736 149
1618.827 150
1618.918 156
1619.009 152
1619.100 149
1619.191 149
1619.282 145
1619.373 139
1619.464 136
1619.555 129
1619.646 131
1619.737 135
1619.828 137
1619.919 142
1620.010 140
1620.101 147
1620.192 148
1620.284 143
1620.375 142
1620.466 134
1620.557 131
1620.648 129
1620.739 124
1620.830 121
1620.921 118
1621.012 117
1621.103 114
1621.194 117
1621.285 118
1621.377 116
1621.468 115
1621.559 113
1621.650 109
1621.741 107
1621.832 109
1621.923 105
1622.014 110
1622.105 113
1622.197 115
1622.288 124
1622.379 125
1622.470 124
1622.561 120
1622.652 120
1622.743 122
1622.834 123
1622.926 130
1623.017 125
1623.108 121
1623.199 121
1623.290 116
1623.381 114
1623.473 116
1623.564 124
1623.655 121
1623.746 129
1623.837 134
1623.928 139
1624.020 147
1624.111 147
1624.202 147
1624.293 142
1624.384 145
1624.475 142
1624.567 137
1624.658 130
1624.749 121
1624.840 124
1624.931 125
1625.023 128
1625.114 132
1625.205 128
1625.296 132
1625.387 137
1625.479 145
1625.570 156
1625.661 158
1625.752 162
1625.844 157
1625.935 146
1626.026 139
1626.117 128
1626.209 122
1626.300 119
1626.391 120
1626.482 121
1626.573 131
1626.665 126
1626.756 125
1626.847 120
1626.938 119
1627.030 117
1627.121 116
1627.212 117
1627.304 115
1627.395 115
1627.486 113
1627.577 111
1627.669 112
1627.760 110
1627.851 113
1627.942 116
1628.034 114
1628.125 114
1628.216 112
1628.308 111
1628.399 112
1628.490 122
1628.582 123
1628.673 127
1628.764 129
1628.855 125
1628.947 127
1629.038 129
1629.129 135
1629.221 132
1629.312 132
1629.403 129
1629.495 135
1629.586 135
1629.677 132
1629.769 134
1629.860 124
1629.951 125
1630.043 126
1630.134 127
1630.225 134
1630.317 131
1630.408 129
1630.500 128
1630.591 127
1630.682 116
1630.774 112
1630.865 113
1630.956 111
1631.048 118
1631.139 124
1631.231 132
1631.322 137
1631.413 143
1631.505 144
1631.596 142
1631.687 147
1631.779 149
1631.870 147
1631.962 140
1632.053 130
1632.144 122
1632.236 117
1632.327 116
1632.419 111
1632.510 107
1632.602 108
1632.693 112
1632.784 112
1632.876 117
1632.967 117
1633.059 115
1633.150 114
1633.242 117
1633.333 123
1633.424 126
1633.516 136
1633.607 137
1633.699 135
1633.790 133
1633.882 129
1633.973 126
1634.065 125
1634.156 124
1634.248 125
1634.339 124
1634.430 128
1634.522 136
1634.613 146
1634.705 157
1634.796 164
1634.888 176
1634.979 183
1635.071 188
1635.162 190
1635.254 188
1635.345 186
1635.437 178
1635.528 175
1635.620 170
1635.711 169
1635.803 164
1635.894 158
1635.986 154
1636.077 146
1636.169 142
1636.260 141
1636.352 137
1636.443 140
1636.535 138
1636.627 137
1636.718 138
1636.810 141
1636.901 141
1636.993 139
1637.084 138
1637.176 123
1637.267 124
1637.359 122
1637.450 118
1637.542 118
1637.634 125
1637.725 125
1637.817 120
1637.908 122
1638.000 117
1638.091 117
1638.183 120
1638.275 121
1638.366 115
1638.458 111
1638.549 110
1638.641 105
1638.733 110
1638.824 112
1638.916 115
1639.007 114
1639.099 118
1639.191 116
1639.282 108
1639.374 107
1639.465 103
1639.557 102
1639.649 104
1639.740 101
1639.832 102
1639.923 107
1640.015 111
1640.107 114
1640.198 122
1640.290 130
1640.382 141
1640.473 147
1640.565 147
1640.657 145
1640.748 137
1640.840 128
1640.932 127
1641.023 121
1641.115 114
1641.207 110
1641.298 115
1641.390 121
1641.482 134
1641.573 143
1641.665 140
1641.757 136
1641.848 136
1641.940 132
1642.032 131
1642.123 134
1642.215 133
1642.307 135
1642.398 133
1642.490 128
1642.582 121
1642.674 118
1642.765 123
1642.857 131
1642.949 142
1643.040 150
1643.132 154
1643.224 154
1643.316 151
1643.407 150
1643.499 140
1643.591 131
1643.682 123
1643.774 114
1643.866 118
1643.958 122
1644.049 120
1644.141 125
1644.233 118
1644.325 113
1644.416 112
1644.508 111
1644.600 112
1644.692 114
1644.783 117
1644.875 118
1644.967 120
1645.059 119
1645.151 118
1645.242 113
1645.334 112
1645.426 114
1645.518 114
1645.609 118
1645.701 121
1645.793 125
1645.885 131
1645.977 134
1646.068 127
1646.160 122
1646.252 118
1646.344 109
1646.436 113
1646.528 119
1646.619 126
1646.711 140
1646.803 137
1646.895 134
1646.987 131
1647.078 130
1647.170 130
1647.262 134
1647.354 140
1647.446 139
1647.538 140
1647.629 140
1647.721 138
1647.813 138
1647.905 141
1647.997 138
1648.089 132
1648.181 133
1648.272 128
1648.364 122
1648.456 119
1648.548 113
1648.640 109
1648.732 110
1648.824 112
1648.916 114
1649.007 115
1649.099 121
1649.191 127
1649.283 132
1649.375 135
1649.467 134
1649.559 128
1649.651 128
1649.743 126
1649.835 123
1649.926 123
1650.018 124
1650.110 123
1650.202 125
1650.294 126
1650.386 128
1650.478 132
1650.570 134
1650.662 139
1650.754 139
1650.846 135
1650.938 133
1651.030 129
1651.122 127
1651.214 131
1651.305 136
1651.397 141
1651.489 147
1651.581 149
1651.673 147
1651.765 145
1651.857 141
1651.949 139
1652.041 140
1652.133 140
1652.225 141
1652.317 139
1652.409 133
1652.501 126
1652.593 116
1652.685 114
1652.777 118
1652.869 120
1652.961 125
1653.053 129
1653.145 127
1653.237 132
1653.329 135
1653.421 130
1653.513 130
1653.605 130
1653.697 127
1653.789 131
1653.881 134
1653.973 136
1654.065 138
1654.157 146
1654.249 148
1654.341 154
1654.433 156
1654.525 149
1654.617 144
1654.709 140
1654.802 134
1654.894 126
1654.986 123
1655.078 119
1655.170 117
1655.262 121
1655.354 123
1655.446 128
1655.538 135
1655.630 144
1655.722 145
1655.814 150
1655.906 152
1655.998 147
1656.091 145
1656.183 138
1656.275 135
1656.367 135
1656.459 137
1656.551 139
1656.643 140
1656.735 136
1656.827 132
1656.919 131
1657.012 135
1657.104 142
1657.196 148
1657.288 155
1657.380 150
1657.472 149
1657.564 145
1657.656 137
1657.749 127
1657.841 128
1657.933 130
1658.025 128
1658.117 134
1658.209 137
1658.301 139
1658.394 141
1658.486 148
1658.578 156
1658.670 160
1658.762 165
1658.854 164
1658.946 158
1659.039 159
1659.131 160
1659.223 155
1659.315 155
1659.407 154
1659.500 149
1659.592 154
1659.684 157
1659.776 156
1659.868 157
1659.960 157
1660.053 165
1660.145 171
1660.237 175
1660.329 173
1660.422 161
1660.514 150
1660.606 135
1660.698 129
1660.790 124
1660.883 117
1660.975 112
1661.067 104
1661.159 107
1661.252 109
1661.344 113
1661.436 119
1661.528 122
1661.620 125
1661.713 125
1661.805 129
1661.897 131
1661.989 131
1662.082 130
1662.174 130
1662.266 126
1662.358 123
1662.451 118
1662.543 117
1662.635 119
1662.728 121
1662.820 124
1662.912 127
1663.004 128
1663.097 127
1663.189 125
1663.281 128
1663.374 134
1663.466 139
1663.558 147
1663.650 149
1663.743 137
1663.835 132
1663.927 124
1664.020 117
1664.112 114
1664.204 112
1664.297 107
1664.389 109
1664.481 111
1664.574 109
1664.666 110
1664.758 108
1664.851 106
1664.943 107
1665.035 108
1665.128 113
1665.220 115
1665.312 121
1665.405 126
1665.497 132
1665.589 137
1665.682 139
1665.774 141
1665.866 140
1665.959 134
1666.051 126
1666.144 122
1666.236 117
1666.328 114
1666.421 115
1666.513 117
1666.605 110
1666.698 108
1666.790 107
1666.883 104
1666.975 108
1667.067 108
1667.160 108
1667.252 109
1667.345 111
1667.437 109
1667.529 110
1667.622 107
1667.714 102
1667.807 104
1667.899 105
1667.991 109
1668.084 108
1668.176 118
1668.269 123
1668.361 128
1668.454 133
1668.546 128
1668.639 126
1668.731 124
1668.823 121
1668.916 119
1669.008 124
1669.101 132
1669.193 135
1669.286 130
1669.378 125
1669.471 119
1669.563 118
1669.656 120
1669.748 118
1669.841 117
1669.933 112
1670.025 114
1670.118 117
1670.210 121
1670.303 127
1670.395 122
1670.488 120
1670.580 119
1670.673 114
1670.765 116
1670.858 115
1670.950 112
1671.043 114
1671.135 117
1671.228 121
1671.320 125
1671.413 128
1671.505 132
1671.598 134
1671.691 138
1671.783 142
1671.876 143
1671.968 138
1672.061 136
1672.153 133
1672.246 128
1672.338 130
1672.431 129
1672.523 126
1672.616 121
1672.709 114
1672.801 103
1672.894 97
1672.986 98
1673.079 100
1673.171 102
1673.264 106
1673.356 101
1673.449 100
1673.542 98
1673.634 99
1673.727 105
1673.819 106
1673.912 106
1674.005 109
1674.097 107
1674.190 108
1674.282 110
1674.375 115
1674.468 112
1674.560 111
1674.653 113
1674.745 107
1674.838 101
1674.931 95
1675.023 85
1675.116 82
1675.209 82
1675.301 81
1675.394 80
1675.486 80
1675.579 86
1675.672 89
1675.764 97
1675.857 100
1675.950 103
1676.042 108
1676.135 113
1676.228 121
1676.320 122
1676.413 124
1676.506 125
1676.598 130
1676.691 131
1676.784 132
1676.876 134
1676.969 131
1677.062 128
1677.154 120
1677.247 113
1677.340 103
1677.432 97
1677.525 98
1677.618 98
1677.710 101
1677.803 102
1677.896 99
1677.988 98
1678.081 92
1678.174 91
1678.267 94
1678.359 98
1678.452 103
1678.545 109
1678.637 110
1678.730 117
1678.823 120
1678.916 114
1679.008 115
1679.101 108
1679.194 107
1679.287 109
1679.379 108
1679.472 112
1679.565 117
1679.658 123
1679.750 125
1679.843 128
1679.936 128
1680.029 131
1680.121 131
1680.214 124
1680.307 126
1680.400 135
1680.492 144
1680.585 158
1680.678 169
1680.771 168
1680.864 164
1680.956 160
1681.049 151
1681.142 150
1681.235 149
1681.328 149
1681.420 152
1681.513 151
1681.606 154
1681.699 155
1681.792 155
1681.884 151
1681.977 146
1682.070 140
1682.163 134
1682.256 136
1682.349 139
1682.441 140
1682.534 149
1682.627 142
1682.720 138
1682.813 132
1682.906 128
1682.998 131
1683.091 136
1683.184 144
1683.277 141
1683.370 143
1683.463 142
1683.556 137
1683.648 143
1683.741 148
1683.834 152
1683.927 155
1684.020 161
1684.113 167
1684.206 173
1684.299 180
1684.391 180
1684.484 178
1684.577 173
1684.670 165
1684.763 157
1684.856 144
1684.949 134
1685.042 126
1685.135 118
1685.227 122
1685.320 126
1685.413 133
1685.506 138
1685.599 132
1685.692 130
1685.785 123
1685.878 124
1685.971 117
1686.064 116
1686.157 111
1686.250 105
1686.343 110
1686.436 114
1686.528 123
1686.621 133
1686.714 140
1686.807 139
1686.900 143
1686.993 140
1687.086 138
1687.179 138
1687.272 137
1687.365 138
1687.458 131
1687.551 123
1687.644 111
1687.737 103
1687.830 100
1687.923 99
1688.016 95
1688.109 94
1688.202 99
1688.295 99
1688.388 100
1688.481 97
1688.574 99
1688.667 104
1688.760 110
1688.853 119
1688.946 115
1689.039 114
1689.132 118
1689.225 113
1689.318 119
1689.411 120
1689.504 118
1689.597 123
1689.690 128
1689.783 130
1689.876 130
1689.969 130
1690.062 123
1690.155 116
1690.248 107
1690.341 98
1690.434 97
1690.528 97
1690.621 99
1690.714 99
1690.807 100
1690.900 104
1690.993 104
1691.086 108
1691.179 109
1691.272 110
1691.365 115
1691.458 115
1691.551 112
1691.644 105
1691.737 96
1691.831 87
1691.924 93
1692.017 98
1692.110 105
1692.203 116
1692.296 111
1692.389 112
1692.482 115
1692.575 113
1692.669 112
1692.762 109
1692.855 105
1692.948 103
1693.041 108
1693.134 110
1693.227 113
1693.320 119
1693.414 117
1693.507 113
1693.600 106
1693.693 97
1693.786 98
1693.879 99
1693.972 103
1694.066 107
1694.159 111
1694.252 116
1694.345 125
1694.438 131
1694.531 131
1694.625 132
1694.718 133
1694.811 139
1694.904 139
1694.997 138
1695.090 138
1695.184 131
1695.277 137
1695.370 139
1695.463 143
1695.556 148
1695.650 148
1695.743 146
1695.836 142
1695.929 135
1696.022 137
1696.116 131
1696.209 123
1696.302 119
1696.395 115
1696.489 118
1696.582 118
1696.675 126
1696.768 124
1696.861 116
1696.955 107
1697.048 98
1697.141 95
1697.234 95
1697.328 99
1697.421 103
1697.514 101
1697.607 103
1697.701 108
1697.794 111
1697.887 113
1697.981 111
1698.074 109
1698.167 106
1698.260 107
1698.354 104
1698.447 102
1698.540 101
1698.633 97
1698.727 98
1698.820 99
1698.913 93
1699.007 102
1699.100 109
1699.193 114
1699.286 127
1699.380 134
1699.473 138
1699.566 141
1699.660 147
1699.753 140
1699.846 138
1699.940 137
1700.033 132
1700.126 134
1700.220 128
1700.313 117
1700.406 111
1700.500 106
1700.593 106
1700.686 108
1700.780 107
1700.873 108
1700.966 109
1701.060 111
1701.153 114
1701.246 111
1701.340 107
1701.433 99
1701.527 97
1701.620 96
1701.713 98
1701.807 100
1701.900 100
1701.993 103
1702.087 105
1702.180 106
1702.274 109
1702.367 103
1702.460 99
1702.554 90
1702.647 85
1702.740 88
1702.834 90
1702.927 90
1703.021 93
1703.114 98
1703.208 102
1703.301 106
1703.394 116
1703.488 115
1703.581 112
1703.675 108
1703.768 104
1703.861 104
1703.955 102
1704.048 103
1704.142 99
1704.235 102
1704.329 104
1704.422 99
1704.516 103
1704.609 103
1704.702 105
1704.796 108
1704.889 109
1704.983 113
1705.076 115
1705.170 118
1705.263 123
1705.357 128
1705.450 131
1705.544 134
1705.637 139
1705.731 142
1705.824 143
1705.918 147
1706.011 151
1706.105 148
1706.198 147
1706.292 144
1706.385 146
1706.479 141
1706.572 136
1706.666 129
1706.759 125
1706.853 123
1706.946 119
1707.040 119
1707.133 111
1707.227 110
1707.320 110
1707.414 109
1707.507 104
1707.601 101
1707.694 103
1707.788 103
1707.881 109
1707.975 108
1708.069 106
1708.162 102
1708.256 98
1708.349 101
1708.443 100
1708.536 100
1708.630 100
1708.723 100
1708.817 105
1708.911 114
1709.004 122
1709.098 115
1709.191 111
1709.285 105
1709.378 97
1709.472 98
1709.566 101
1709.659 100
1709.753 109
1709.846 115
1709.940 118
1710.034 124
1710.127 129
1710.221 125
1710.314 125
1710.408 124
1710.502 119
1710.595 119
1710.689 114
1710.783 110
1710.876 104
1710.970 99
1711.063 95
1711.157 91
1711.251 88
1711.344 94
1711.438 99
1711.532 102
1711.625 112
1711.719 115
1711.813 119
1711.906 121
1712.000 122
1712.093 122
1712.187 124
1712.281 123
1712.374 123
1712.468 120
1712.562 117
1712.656 113
1712.749 115
1712.843 115
1712.937 115
1713.030 119
1713.124 113
1713.218 114
1713.311 114
1713.405 115
1713.499 116
1713.592 122
1713.686 122
1713.780 119
1713.874 127
1713.967 120
1714.061 119
1714.155 118
1714.248 116
1714.342 120
1714.436 121
1714.530 120
1714.623 118
1714.717 113
1714.811 107
1714.904 97
1714.998 91
1715.092 99
1715.186 100
1715.279 98
1715.373 97
1715.467 91
1715.561 92
1715.654 98
1715.748 100
1715.842 92
1715.936 91
1716.030 95
1716.123 93
1716.217 94
1716.311 92
1716.405 90
1716.498 94
1716.592 92
1716.686 92
1716.780 88
1716.874 84
1716.967 89
1717.061 92
1717.155 96
1717.249 100
1717.343 101
1717.436 103
1717.530 101
1717.624 104
1717.718 108
1717.812 109
1717.905 109
1717.999 104
1718.093 100
1718.187 100
1718.281 98
1718.375 101
1718.468 98
1718.562 98
1718.656 99
1718.750 104
1718.844 108
1718.938 110
1719.032 115
1719.125 122
1719.219 122
1719.313 121
1719.407 122
1719.501 123
1719.595 120
1719.689 119
1719.782 118
1719.876 112
1719.970 117
1720.064 116
1720.158 116
1720.252 116
1720.346 114
1720.440 114
1720.534 111
1720.627 114
1720.721 111
1720.815 113
1720.909 118
1721.003 120
1721.097 123
1721.191 120
1721.285 113
1721.379 106
1721.473 104
1721.567 106
1721.660 106
1721.754 114
1721.848 118
1721.942 120
1722.036 126
1722.130 125
1722.224 123
1722.318 122
1722.412 124
1722.506 121
1722.600 127
1722.694 130
1722.788 132
1722.882 133
1722.976 132
1723.070 129
1723.164 128
1723.258 122
1723.352 116
1723.446 111
1723.540 109
1723.633 98
1723.727 102
1723.821 102
1723.915 102
1724.009 108
1724.103 110
1724.197 111
1724.291 112
1724.385 116
1724.479 112
1724.573 113
1724.667 115
1724.761 114
1724.855 113
1724.949 111
1725.044 108
1725.138 99
1725.232 97
1725.326 94
1725.420 90
1725.514 88
1725.608 96
1725.702 102
1725.796 111
1725.890 121
1725.984 125
1726.078 126
1726.172 128
1726.266 132
1726.360 130
1726.454 131
1726.548 137
1726.642 135
1726.736 132
1726.830 129
1726.924 126
1727.019 126
1727.113 127
1727.207 129
1727.301 135
1727.395 137
1727.489 132
1727.583 130
1727.677 130
1727.771 124
1727.865 121
1727.959 121
1728.054 120
1728.148 125
1728.242 127
1728.336 130
1728.430 136
1728.524 138
1728.618 139
1728.712 141
1728.806 140
1728.901 146
1728.995 155
1729.089 158
1729.183 161
1729.277 163
1729.371 157
1729.465 156
1729.560 149
1729.654 148
1729.748 151
1729.842 145
1729.936 140
1730.030 138
1730.124 136
1730.219 136
1730.313 138
1730.407 148
1730.501 153
1730.595 160
1730.689 171
1730.784 163
1730.878 150
1730.972 139
1731.066 127
1731.160 121
1731.255 123
1731.349 129
1731.443 129
1731.537 134
1731.631 140
1731.726 141
1731.820 146
1731.914 146
1732.008 137
1732.102 131
1732.197 127
1732.291 119
1732.385 117
1732.479 119
1732.574 124
1732.668 131
1732.762 135
1732.856 140
1732.950 149
1733.045 147
1733.139 141
1733.233 134
1733.327 123
1733.422 117
1733.516 123
1733.610 129
1733.704 135
1733.799 145
1733.893 138
1733.987 136
1734.082 131
1734.176 127
1734.270 129
1734.364 128
1734.459 126
1734.553 126
1734.647 124
1734.742 125
1734.836 128
1734.930 130
1735.024 126
1735.119 119
1735.213 117
1735.307 112
1735.402 110
1735.496 105
1735.590 98
1735.685 90
1735.779 92
1735.873 93
1735.967 92
1736.062 100
1736.156 101
1736.250 101
1736.345 104
1736.439 105
1736.533 104
1736.628 104
1736.722 109
1736.817 105
1736.911 102
1737.005 103
1737.100 105
1737.194 105
1737.288 109
1737.383 114
1737.477 116
1737.571 120
1737.666 122
1737.760 122
1737.854 125
1737.949 128
1738.043 129
1738.138 135
1738.232 145
1738.326 151
1738.421 158
1738.515 162
1738.610 168
1738.704 175
1738.798 177
1738.893 172
1738.987 167
1739.082 156
1739.176 147
1739.270 144
1739.365 139
1739.459 140
1739.554 140
1739.648 136
1739.743 135
1739.837 127
1739.931 118
1740.026 116
1740.120 114
1740.215 109
1740.309 113
1740.404 114
1740.498 110
1740.592 113
1740.687 115
1740.781 115
1740.876 109
1740.970 107
1741.065 103
1741.159 101
1741.254 100
1741.348 102
1741.443 105
1741.537 104
1741.632 103
1741.726 105
1741.821 106
1741.915 109
1742.010 111
1742.104 111
1742.199 110
1742.293 108
1742.388 110
1742.482 107
1742.577 103
1742.671 98
1742.766 91
1742.860 91
1742.955 90
1743.049 91
1743.144 95
1743.238 97
1743.333 101
1743.427 109
1743.522 121
1743.616 128
1743.711 129
1743.805 124
1743.900 113
1743.994 109
1744.089 104
1744.184 101
1744.278 96
1744.373 92
1744.467 93
1744.562 93
1744.656 94
1744.751 93
1744.845 97
1744.940 101
1745.035 109
1745.129 116
1745.224 117
1745.318 120
1745.413 125
1745.507 123
1745.602 119
1745.697 117
1745.791 113
1745.886 108
1745.980 109
1746.075 114
1746.170 119
1746.264 130
1746.359 135
1746.453 139
1746.548 145
1746.643 149
1746.737 145
1746.832 139
1746.927 134
1747.021 127
1747.116 128
1747.210 128
1747.305 128
1747.400 126
1747.494 125
1747.589 126
1747.684 127
1747.778 126
1747.873 129
1747.968 127
1748.062 120
1748.157 118
1748.252 114
1748.346 111
1748.441 108
1748.536 102
1748.630 103
1748.725 105
1748.820 106
1748.914 107
1749.009 110
1749.104 109
1749.198 106
1749.293 109
1749.388 112
1749.482 111
1749.577 113
1749.672 114
1749.767 121
1749.861 126
1749.956 134
1750.051 138
1750.145 132
1750.240 125
1750.335 122
1750.430 116
1750.524 115
1750.619 118
1750.714 123
1750.808 129
1750.903 136
1750.998 137
1751.093 137
1751.187 132
1751.282 128
1751.377 128
1751.472 125
1751.566 128
1751.661 123
1751.756 119
1751.851 113
1751.945 108
1752.040 108
1752.135 107
1752.230 110
1752.325 107
1752.419 112
1752.514 115
1752.609 121
1752.704 124
1752.798 124
1752.893 120
1752.988 115
1753.083 113
1753.178 109
1753.272 111
1753.367 114
1753.462 114
1753.557 116
1753.652 118
1753.746 120
1753.841 125
1753.936 123
1754.031 115
1754.126 107
1754.221 98
1754.315 95
1754.410 97
1754.505 103
1754.600 102
1754.695 107
1754.790 109
1754.884 112
1754.979 119
1755.074 124
1755.169 125
1755.264 125
1755.359 134
1755.454 134
1755.548 136
1755.643 141
1755.738 135
1755.833 136
1755.928 132
1756.023 126
1756.118 118
1756.213 115
1756.307 114
1756.402 110
1756.497 108
1756.592 109
1756.687 116
1756.782 123
1756.877 127
1756.972 123
1757.067 117
1757.161 106
1757.256 103
1757.351 104
1757.446 107
1757.541 110
1757.636 115
1757.731 115
1757.826 117
1757.921 117
1758.016 118
1758.111 114
1758.206 115
1758.301 114
1758.396 112
1758.490 112
1758.585 109
1758.680 108
1758.775 100
1758.870 102
1758.965 102
1759.060 101
1759.155 106
1759.250 105
1759.345 106
1759.440 106
1759.535 110
1759.630 108
1759.725 105
1759.820 102
1759.915 94
1760.010 97
1760.105 98
1760.200 97
1760.295 103
1760.390 101
1760.485 100
1760.580 105
1760.675 105
1760.770 103
1760.865 103
1760.960 103
1761.055 103
1761.150 104
1761.245 107
1761.340 112
1761.435 114
1761.530 121
1761.625 120
1761.720 115
1761.815 119
1761.910 113
1762.005 108
1762.100 103
1762.195 96
1762.290 92
1762.385 91
1762.480 87
1762.576 86
1762.671 96
1762.766 102
1762.861 110
1762.956 116
1763.051 117
1763.146 118
1763.241 115
1763.336 119
1763.431 120
1763.526 118
1763.621 113
1763.716 112
1763.811 110
1763.907 104
1764.002 99
1764.097 92
1764.192 90
1764.287 93
1764.382 93
1764.477 98
1764.572 98
1764.667 101
1764.763 104
1764.858 103
1764.953 111
1765.048 108
1765.143 102
1765.238 98
1765.333 94
1765.428 95
1765.524 94
1765.619 96
1765.714 97
1765.809 99
1765.904 103
1765.999 107
1766.094 107
1766.190 108
1766.285 111
1766.380 107
1766.475 112
1766.570 113
1766.665 108
1766.761 112
1766.856 106
1766.951 102
1767.046 105
1767.141 105
1767.236 106
1767.332 107
1767.427 108
1767.522 107
1767.617 106
1767.712 106
1767.808 103
1767.903 107
1767.998 108
1768.093 108
1768.188 105
1768.284 111
1768.379 111
1768.474 112
1768.569 114
1768.665 115
1768.760 118
1768.855 121
1768.950 128
1769.045 130
1769.141 130
1769.236 133
1769.331 136
1769.426 140
1769.522 136
1769.617 134
1769.712 132
1769.807 129
1769.903 129
1769.998 122
1770.093 115
1770.188 104
1770.284 101
1770.379 98
1770.474 91
1770.570 87
1770.665 87
1770.760 88
1770.855 85
1770.951 87
1771.046 84
1771.141 84
1771.237 83
1771.332 85
1771.427 88
1771.522 92
1771.618 95
1771.713 96
1771.808 101
1771.904 105
1771.999 108
1772.094 118
1772.190 111
1772.285 110
1772.380 106
1772.476 106
1772.571 107
1772.666 105
1772.762 103
1772.857 97
1772.952 96
1773.048 97
1773.143 104
1773.238 108
1773.334 104
1773.429 104
1773.524 99
1773.620 98
1773.715 100
1773.810 101
1773.906 101
1774.001 110
1774.097 112
1774.192 110
1774.287 108
1774.383 105
1774.478 104
1774.573 102
1774.669 99
1774.764 95
1774.860 94
1774.955 96
1775.050 96
1775.146 97
1775.241 95
1775.337 94
1775.432 91
1775.527 88
1775.623 92
1775.718 93
1775.814 92
1775.909 94
1776.005 92
1776.100 94
1776.195 96
1776.291 104
1776.386 112
1776.482 116
1776.577 124
1776.673 117
1776.768 117
1776.864 111
1776.959 99
1777.054 97
1777.150 95
1777.245 98
1777.341 99
1777.436 106
1777.532 105
1777.627 110
1777.723 118
1777.818 117
1777.914 116
1778.009 116
1778.105 113
1778.200 112
1778.296 112
1778.391 113
1778.487 114
1778.582 121
1778.678 133
1778.773 137
1778.869 141
1778.964 139
1779.060 135
1779.155 130
1779.251 122
1779.346 121
1779.442 117
1779.537 118
1779.633 121
1779.728 118
1779.824 114
1779.919 111
1780.015 109
1780.110 109
1780.206 108
1780.301 107
1780.397 101
1780.492 103
1780.588 108
1780.684 112
1780.779 116
1780.875 123
1780.970 122
1781.066 122
1781.161 119
1781.257 118
1781.353 113
1781.448 111
1781.544 108
1781.639 110
1781.735 113
1781.830 114
1781.926 120
1782.022 116
1782.117 112
1782.213 108
1782.308 105
1782.404 102
1782.500 97
1782.595 95
1782.691 91
1782.786 86
1782.882 90
1782.978 92
1783.073 93
1783.169 94
1783.264 95
1783.360 95
1783.456 91
1783.551 97
1783.647 95
1783.743 95
1783.838 98
1783.934 93
1784.030 96
1784.125 98
1784.221 99
1784.317 103
1784.412 101
1784.508 103
1784.603 107
1784.699 108
1784.795 109
1784.890 109
1784.986 109
1785.082 108
1785.178 112
1785.273 111
1785.369 108
1785.465 107
1785.560 103
1785.656 103
1785.752 103
1785.847 105
1785.943 105
1786.039 104
1786.134 104
1786.230 100
1786.326 99
1786.422 101
1786.517 105
1786.613 113
1786.709 110
1786.804 107
1786.900 101
1786.996 100
1787.092 98
1787.187 100
1787.283 101
1787.379 103
1787.474 103
1787.570 104
1787.666 105
1787.762 108
1787.857 102
1787.953 98
1788.049 91
1788.145 83
1788.240 85
1788.336 88
1788.432 90
1788.528 100
1788.624 101
1788.719 102
1788.815 108
1788.911 107
1789.007 107
1789.102 110
1789.198 116
1789.294 119
1789.390 117
1789.486 113
1789.581 105
1789.677 102
1789.773 102
1789.869 100
1789.965 96
1790.060 87
1790.156 93
1790.252 96
1790.348 103
1790.444 109
1790.539 110
1790.635 110
1790.731 107
1790.827 109
1790.923 107
1791.019 112
1791.114 117
1791.210 124
1791.306 131
1791.402 132
1791.498 138
1791.594 136
1791.690 129
1791.785 126
1791.881 122
1791.977 118
1792.073 111
1792.169 105
1792.265 101
1792.361 92
1792.456 94
1792.552 98
1792.648 98
1792.744 103
1792.840 103
1792.936 101
1793.032 98
1793.128 99
1793.224 98
1793.319 99
1793.415 98
1793.511 98
1793.607 100
1793.703 96
1793.799 94
1793.895 84
1793.991 86
1794.087 87
1794.183 85
1794.279 88
1794.375 88
1794.470 87
1794.566 84
1794.662 88
1794.758 90
1794.854 95
1794.950 102
1795.046 109
1795.142 111
1795.238 111
1795.334 110
1795.430 104
1795.526 103
1795.622 105
1795.718 102
1795.814 108
1795.910 105
1796.006 101
1796.102 98
1796.198 93
1796.294 88
1796.390 87
1796.486 89
1796.582 89
1796.678 91
1796.774 93
1796.870 97
1796.965 99
1797.061 102
1797.158 104
1797.254 105
1797.350 104
1797.446 105
1797.542 103
1797.638 98
1797.734 97
1797.830 89
1797.926 86
1798.022 86
1798.118 82
1798.214 86
1798.310 88
1798.406 90
1798.502 94
1798.598 90
1798.694 85
1798.790 82
1798.886 76
1798.982 70
1799.078 71
1799.174 71
1799.270 71
1799.366 81
1799.462 88
1799.558 98
1799.654 106
1799.751 107
1799.847 104
1799.943 99
1800.039 100
1800.135 101
1800.231 103
1800.327 105
1800.423 105
1800.519 114
1800.615 114
1800.711 117
1800.808 121
1800.904 117
1801.000 118
1801.096 122
1801.192 117
1801.288 115
1801.384 117
1801.480 116
1801.576 110
1801.673 112
1801.769 108
1801.865 104
1801.961 102
1802.057 101
1802.153 103
1802.249 105
1802.345 107
1802.442 112
1802.538 116
1802.634 123
1802.730 124
1802.826 121
1802.922 120
1803.019 116
1803.115 122
1803.211 119
1803.307 118
1803.403 117
1803.499 111
1803.596 110
1803.692 111
1803.788 109
1803.884 116
1803.980 116
1804.077 117
1804.173 121
1804.269 117
1804.365 120
1804.461 124
1804.558 128
1804.654 134
1804.750 138
1804.846 136
1804.942 130
1805.039 120
1805.135 120
1805.231 117
1805.327 111
1805.423 106
1805.520 107
1805.616 110
1805.712 117
1805.808 126
1805.905 123
1806.001 124
1806.097 126
1806.193 129
1806.290 126
1806.386 124
1806.482 120
1806.578 115
1806.675 111
1806.771 111
1806.867 113
1806.963 118
1807.060 116
1807.156 110
1807.252 101
1807.349 91
1807.445 91
1807.541 93
1807.637 96
1807.734 104
1807.830 106
1807.926 107
1808.023 107
1808.119 111
1808.215 111
1808.311 110
1808.408 105
1808.504 100
1808.600 98
1808.697 98
1808.793 95
1808.889 93
1808.986 95
1809.082 97
1809.178 105
1809.275 105
1809.371 107
1809.467 107
1809.564 102
1809.660 101
1809.756 101
1809.853 98
1809.949 93
1810.045 91
1810.142 98
1810.238 108
1810.334 115
1810.431 122
1810.527 123
1810.624 120
1810.720 122
1810.816 118
1810.913 119
1811.009 122
1811.105 122
1811.202 124
1811.298 121
1811.395 117
1811.491 109
1811.587 105
1811.684 103
1811.780 102
1811.877 99
1811.973 99
1812.069 97
1812.166 101
1812.262 105
1812.359 111
1812.455 113
1812.551 112
1812.648 109
1812.744 109
1812.841 104
1812.937 102
1813.034 100
1813.130 95
1813.226 96
1813.323 100
1813.419 104
1813.516 112
1813.612 117
1813.709 118
1813.805 119
1813.902 117
1813.998 111
1814.095 116
1814.191 122
1814.287 126
1814.384 128
1814.480 123
1814.577 117
1814.673 110
1814.770 104
1814.866 103
1814.963 103
1815.059 108
1815.156 103
1815.252 101
1815.349 94
1815.445 90
1815.542 88
1815.638 87
1815.735 92
1815.831 90
1815.928 91
1816.024 91
1816.121 88
1816.217 89
1816.314 89
1816.410 88
1816.507 82
1816.603 79
1816.700 85
1816.797 89
1816.893 93
1816.990 101
1817.086 107
1817.183 109
1817.279 111
1817.376 114
1817.472 107
1817.569 102
1817.665 97
1817.762 89
1817.859 82
1817.955 79
1818.052 77
1818.148 75
1818.245 79
1818.341 83
1818.438 87
1818.535 92
1818.631 96
1818.728 99
1818.824 103
1818.921 108
1819.018 107
1819.114 105
1819.211 101
1819.307 94
1819.404 92
1819.501 91
1819.597 90
1819.694 88
1819.790 94
1819.887 102
1819.984 110
1820.080 117
1820.177 119
1820.274 119
1820.370 121
1820.467 124
1820.563 127
1820.660 129
1820.757 132
1820.853 129
1820.950 124
1821.047 121
1821.143 116
1821.240 107
1821.337 102
1821.433 95
1821.530 91
1821.627 84
1821.723 82
1821.820 82
1821.917 83
1822.013 79
1822.110 80
1822.207 83
1822.303 87
1822.400 94
1822.497 100
1822.593 102
1822.690 106
1822.787 108
1822.884 106
1822.980 107
1823.077 108
1823.174 115
1823.270 113
1823.367 114
1823.464 115
1823.561 115
1823.657 117
1823.754 116
1823.851 118
1823.947 118
1824.044 127
1824.141 131
1824.238 133
1824.334 137
1824.431 131
1824.528 126
1824.625 126
1824.721 128
1824.818 134
1824.915 139
1825.012 148
1825.108 144
1825.205 143
1825.302 140
1825.399 134
1825.495 134
1825.592 132
1825.689 132
1825.786 133
1825.883 136
1825.979 133
1826.076 130
1826.173 124
1826.270 123
1826.366 129
1826.463 132
1826.560 137
1826.657 137
1826.754 140
1826.850 144
1826.947 147
1827.044 151
1827.141 142
1827.238 134
1827.335 124
1827.431 124
1827.528 125
1827.625 128
1827.722 135
1827.819 136
1827.916 136
1828.012 134
1828.109 131
1828.206 129
1828.303 129
1828.400 128
1828.497 133
1828.593 125
1828.690 126
1828.787 121
1828.884 117
1828.981 106
1829.078 105
1829.175 107
1829.272 109
1829.368 111
1829.465 107
1829.562 108
1829.659 110
1829.756 114
1829.853 113
1829.950 110
1830.047 105
1830.143 101
1830.240 105
1830.337 106
1830.434 106
1830.531 109
1830.628 105
1830.725 105
1830.822 106
1830.919 100
1831.016 99
1831.113 98
1831.210 99
1831.306 101
1831.403 103
1831.500 102
1831.597 101
1831.694 105
1831.791 107
1831.888 107
1831.985 111
1832.082 110
1832.179 103
1832.276 104
1832.373 108
1832.470 104
1832.567 109
1832.664 112
1832.761 115
1832.858 119
1832.955 124
1833.052 119
1833.149 115
1833.246 113
1833.343 111
1833.440 110
1833.536 106
1833.633 107
1833.730 104
1833.827 107
1833.924 115
1834.021 115
1834.118 111
1834.215 107
1834.312 103
1834.410 103
1834.507 100
1834.604 93
1834.701 87
1834.798 77
1834.895 73
1834.992 74
1835.089 74
1835.186 78
1835.283 85
1835.380 87
1835.477 91
1835.574 97
1835.671 100
1835.768 100
1835.865 97
1835.962 97
1836.059 99
1836.156 103
1836.253 107
1836.350 113
1836.447 116
1836.544 118
1836.641 120
1836.739 123
1836.836 121
1836.933 124
1837.030 125
1837.127 122
1837.224 115
1837.321 107
1837.418 104
1837.515 96
1837.612 94
1837.709 94
1837.807 93
1837.904 92
1838.001 97
1838.098 99
1838.195 96
1838.292 99
1838.389 97
1838.486 95
1838.583 96
1838.681 91
1838.778 96
1838.875 96
1838.972 97
1839.069 98
1839.166 96
1839.263 94
1839.361 89
1839.458 83
1839.555 86
1839.652 86
1839.749 91
1839.846 95
1839.943 99
1840.041 106
1840.138 114
1840.235 121
1840.332 125
1840.429 124
1840.526 121
1840.624 125
1840.721 114
1840.818 110
1840.915 103
1841.012 98
1841.110 97
1841.207 94
1841.304 89
1841.401 88
1841.498 89
1841.596 91
1841.693 98
1841.790 102
1841.887 102
1841.984 104
1842.082 105
1842.179 103
1842.276 100
1842.373 99
1842.471 100
1842.568 99
1842.665 96
1842.762 97
1842.859 101
1842.957 107
1843.054 105
1843.151 101
1843.248 96
1843.346 95
1843.443 97
1843.540 97
1843.637 98
1843.735 94
1843.832 91
1843.929 95
1844.027 101
1844.124 104
1844.221 108
1844.318 109
1844.416 108
1844.513 105
1844.610 109
1844.708 108
1844.805 106
1844.902 106
1844.999 105
1845.097 105
1845.194 104
1845.291 104
1845.389 101
1845.486 100
1845.583 94
1845.681 93
1845.778 96
1845.875 97
1845.972 97
1846.070 100
1846.167 100
1846.264 102
1846.362 104
1846.459 105
1846.556 99
1846.654 97
1846.751 96
1846.849 89
1846.946 91
1847.043 87
1847.141 84
1847.238 90
1847.335 93
1847.433 95
1847.530 97
1847.627 98
1847.725 95
1847.822 89
1847.919 88
1848.017 82
1848.114 87
1848.212 87
1848.309 90
1848.406 93
1848.504 96
1848.601 98
1848.699 99
1848.796 102
1848.893 95
1848.991 95
1849.088 95
1849.186 97
1849.283 100
1849.380 101
1849.478 105
1849.575 97
1849.673 99
1849.770 103
1849.868 104
1849.965 110
1850.062 114
1850.160 113
1850.257 114
1850.355 118
1850.452 114
1850.550 115
1850.647 118
1850.744 115
1850.842 115
1850.939 116
1851.037 117
1851.134 118
1851.232 116
1851.329 114
1851.427 109
1851.524 107
1851.622 108
1851.719 108
1851.817 106
1851.914 108
1852.012 110
1852.109 109
1852.207 110
1852.304 104
1852.402 105
1852.499 104
1852.597 100
1852.694 103
1852.792 107
1852.889 105
1852.987 107
1853.084 109
1853.182 107
1853.279 110
1853.377 116
1853.474 120
1853.572 122
1853.669 123
1853.767 123
1853.864 120
1853.962 111
1854.059 105
1854.157 93
1854.254 93
1854.352 96
1854.450 100
1854.547 107
1854.645 104
1854.742 113
1854.840 117
1854.937 124
1855.035 131
1855.132 127
1855.230 129
1855.328 131
1855.425 129
1855.523 125
1855.620 120
1855.718 118
1855.816 113
1855.913 111
1856.011 108
1856.108 109
1856.206 106
1856.303 104
1856.401 99
1856.499 93
1856.596 94
1856.694 91
1856.792 90
1856.889 86
1856.987 81
1857.084 86
1857.182 89
1857.280 96
1857.377 98
1857.475 103
1857.573 107
1857.670 116
1857.768 121
1857.865 119
1857.963 117
1858.061 112
1858.158 109
1858.256 104
1858.354 101
1858.451 94
1858.549 96
1858.647 100
1858.744 103
1858.842 111
1858.940 113
1859.037 110
1859.135 106
1859.233 99
1859.330 93
1859.428 92
1859.526 95
1859.623 98
1859.721 105
1859.819 109
1859.917 111
1860.014 113
1860.112 114
1860.210 112
1860.307 104
1860.405 96
1860.503 88
1860.600 86
1860.698 87
1860.796 88
1860.894 89
1860.991 87
1861.089 88
1861.187 89
1861.285 89
1861.382 89
1861.480 90
1861.578 93
1861.675 97
1861.773 101
1861.871 102
1861.969 105
1862.066 105
1862.164 101
1862.262 100
1862.360 98
1862.458 93
1862.555 93
1862.653 92
1862.751 91
1862.849 87
1862.946 89
1863.044 89
1863.142 91
1863.240 85
1863.338 86
1863.435 88
1863.533 89
1863.631 94
1863.729 98
1863.827 99
1863.924 103
1864.022 108
1864.120 107
1864.218 109
1864.316 113
1864.413 112
1864.511 117
1864.609 118
1864.707 119
1864.805 121
1864.903 115
1865.000 117
1865.098 117
1865.196 119
1865.294 112
1865.392 105
1865.490 95
1865.587 86
1865.685 90
1865.783 91
1865.881 93
1865.979 93
1866.077 92
1866.175 96
1866.272 101
1866.370 102
1866.468 98
1866.566 92
1866.664 82
1866.762 80
1866.860 81
1866.958 83
1867.055 86
1867.153 87
1867.251 91
1867.349 93
1867.447 95
1867.545 96
1867.643 99
1867.741 98
1867.839 95
1867.937 93
1868.034 96
1868.132 100
1868.230 106
1868.328 107
1868.426 104
1868.524 104
1868.622 105
1868.720 108
1868.818 110
1868.916 113
1869.014 114
1869.112 116
1869.210 115
1869.308 111
1869.406 103
1869.503 94
1869.601 94
1869.699 90
1869.797 82
1869.895 78
1869.993 83
1870.091 90
1870.189 101
1870.287 110
1870.385 104
1870.483 104
1870.581 105
1870.679 100
1870.777 102
1870.875 102
1870.973 98
1871.071 99
1871.169 94
1871.267 91
1871.365 86
1871.463 86
1871.561 87
1871.659 88
1871.757 91
1871.855 90
1871.953 93
1872.051 94
1872.149 98
1872.247 96
1872.345 92
1872.443 93
1872.541 96
1872.639 95
1872.737 95
1872.835 97
1872.933 105
1873.031 109
1873.130 118
1873.228 118
1873.326 116
1873.424 116
1873.522 110
1873.620 109
1873.718 106
1873.816 104
1873.914 109
1874.012 113
1874.110 121
1874.208 121
1874.306 123
1874.404 122
1874.503 119
1874.601 125
1874.699 129
1874.797 130
1874.895 134
1874.993 132
1875.091 126
1875.189 124
1875.287 123
1875.385 116
1875.484 118
1875.582 121
1875.680 121
1875.778 129
1875.876 135
1875.974 138
1876.072 139
1876.170 140
1876.269 139
1876.367 136
1876.465 131
1876.563 124
1876.661 118
1876.759 117
1876.857 117
1876.956 114
1877.054 105
1877.152 100
1877.250 91
1877.348 89
1877.446 89
1877.544 91
1877.643 91
1877.741 94
1877.839 98
1877.937 97
1878.035 96
1878.134 91
1878.232 84
1878.330 80
1878.428 74
1878.526 70
1878.624 79
1878.723 88
1878.821 99
1878.919 112
1879.017 113
1879.116 111
1879.214 106
1879.312 101
1879.410 95
1879.508 92
1879.607 90
1879.705 87
1879.803 87
1879.901 87
1880.000 85
1880.098 85
1880.196 86
1880.294 87
1880.392 86
1880.491 88
1880.589 90
1880.687 94
1880.785 98
1880.884 103
1880.982 99
1881.080 99
1881.179 98
1881.277 103
1881.375 102
1881.473 99
1881.572 95
1881.670 92
1881.768 94
1881.866 96
1881.965 99
1882.063 101
1882.161 98
1882.260 99
1882.358 103
1882.456 102
1882.554 103
1882.653 102
1882.751 101
1882.849 99
1882.948 100
1883.046 101
1883.144 102
1883.243 106
1883.341 107
1883.439 105
1883.538 100
1883.636 98
1883.734 93
1883.833 93
1883.931 90
1884.029 91
1884.128 98
1884.226 102
1884.324 103
1884.423 104
1884.521 103
1884.619 103
1884.718 102
1884.816 100
1884.914 101
1885.013 100
1885.111 95
1885.210 98
1885.308 100
1885.406 98
1885.505 99
1885.603 103
1885.701 100
1885.800 99
1885.898 102
1885.997 93
1886.095 96
1886.193 99
1886.292 100
1886.390 109
1886.489 107
1886.587 106
1886.685 102
1886.784 103
1886.882 105
1886.981 107
1887.079 108
1887.178 109
1887.276 105
1887.374 105
1887.473 105
1887.571 101
1887.670 98
1887.768 93
1887.867 84
1887.965 82
1888.064 81
1888.162 80
1888.260 79
1888.359 78
1888.457 84
1888.556 88
1888.654 95
1888.753 94
1888.851 91
1888.950 92
1889.048 93
1889.147 100
1889.245 100
1889.344 97
1889.442 92
1889.541 94
1889.639 93
1889.738 94
1889.836 97
1889.935 100
1890.033 104
1890.132 109
1890.230 115
1890.329 116
1890.427 117
1890.526 115
1890.624 113
1890.723 109
1890.821 116
1890.920 123
1891.018 130
1891.117 141
1891.215 133
1891.314 128
1891.412 123
1891.511 114
1891.609 109
1891.708 109
1891.806 108
1891.905 103
1892.004 98
1892.102 92
1892.201 85
1892.299 81
1892.398 78
1892.496 77
1892.595 79
1892.693 78
1892.792 77
1892.891 78
1892.989 82
1893.088 83
1893.186 83
1893.285 83
1893.384 83
1893.482 81
1893.581 85
1893.679 88
1893.778 91
1893.877 91
1893.975 95
1894.074 94
1894.172 87
1894.271 85
1894.370 87
1894.468 90
1894.567 92
1894.665 98
1894.764 106
1894.863 112
1894.961 121
1895.060 126
1895.159 121
1895.257 120
1895.356 116
1895.455 114
1895.553 108
1895.652 102
1895.750 100
1895.849 94
1895.948 93
1896.046 93
1896.145 91
1896.244 94
1896.342 95
1896.441 97
1896.540 99
1896.638 100
1896.737 108
1896.836 114
1896.934 121
1897.033 133
1897.132 136
1897.231 143
1897.329 150
1897.428 158
1897.527 162
1897.625 161
1897.724 163
1897.823 153
1897.921 143
1898.020 137
1898.119 130
1898.218 123
1898.316 115
1898.415 116
1898.514 110
1898.612 115
1898.711 114
1898.810 110
1898.909 108
1899.007 108
1899.106 108
1899.205 110
1899.304 112
1899.402 113
1899.501 119
1899.600 121
1899.699 123
1899.797 125
1899.896 122
1899.995 117
1900.094 110
1900.192 106
1900.291 102
1900.390 105
1900.489 113
1900.588 123
1900.686 124
1900.785 121
1900.884 114
1900.983 108
1901.082 110
1901.180 110
1901.279 109
1901.378 110
1901.477 109
1901.576 111
1901.674 119
1901.773 116
1901.872 111
1901.971 109
1902.070 105
1902.168 105
1902.267 104
1902.366 101
1902.465 96
1902.564 94
1902.663 92
1902.761 95
1902.860 99
1902.959 101
1903.058 98
1903.157 95
1903.256 95
1903.354 98
1903.453 99
1903.552 97
1903.651 86
1903.750 82
1903.849 90
1903.948 94
1904.047 100
1904.145 102
1904.244 95
1904.343 92
1904.442 90
1904.541 83
1904.640 82
1904.739 83
1904.838 79
1904.937 84
1905.035 91
1905.134 95
1905.233 103
1905.332 111
1905.431 111
1905.530 109
1905.629 109
1905.728 112
1905.827 114
1905.926 112
1906.025 108
1906.123 104
1906.222 98
1906.321 98
1906.420 96
1906.519 95
1906.618 93
1906.717 93
1906.816 90
1906.915 88
1907.014 88
1907.113 88
1907.212 91
1907.311 86
1907.410 88
1907.509 89
1907.608 92
1907.707 92
1907.806 92
1907.905 90
1908.004 87
1908.103 85
1908.202 79
1908.300 78
1908.399 76
1908.498 74
1908.597 84
1908.696 88
1908.795 93
1908.894 96
1908.993 101
1909.092 106
1909.191 111
1909.290 117
1909.389 114
1909.488 111
1909.588 112
1909.687 106
1909.786 103
1909.885 100
1909.984 98
1910.083 91
1910.182 86
1910.281 86
1910.380 85
1910.479 85
1910.578 91
1910.677 95
1910.776 101
1910.875 102
1910.974 101
1911.073 99
1911.172 95
1911.271 92
1911.370 94
1911.469 92
1911.568 89
1911.667 87
1911.767 86
1911.866 84
1911.965 81
1912.064 80
1912.163 79
1912.262 79
1912.361 75
1912.460 74
1912.559 70
1912.658 70
1912.757 67
1912.857 68
1912.956 70
1913.055 72
1913.154 75
1913.253 83
1913.352 83
1913.451 80
1913.550 76
1913.650 71
1913.749 73
1913.848 75
1913.947 81
1914.046 83
1914.145 79
1914.244 79
1914.343 81
1914.443 78
1914.542 80
1914.641 80
1914.740 79
1914.839 81
1914.938 84
1915.038 84
1915.137 81
1915.236 87
1915.335 93
1915.434 98
1915.533 103
1915.633 104
1915.732 99
1915.831 97
1915.930 96
1916.029 97
1916.128 98
1916.228 96
1916.327 93
1916.426 83
1916.525 89
1916.624 90
1916.724 92
1916.823 97
1916.922 99
1917.021 104
1917.121 113
1917.220 119
1917.319 117
1917.418 119
1917.517 119
1917.617 115
1917.716 111
1917.815 103
1917.914 90
1918.014 85
1918.113 84
1918.212 82
1918.311 75
1918.411 69
1918.510 70
1918.609 71
1918.708 72
1918.808 77
1918.907 73
1919.006 75
1919.105 80
1919.205 79
1919.304 77
1919.403 79
1919.503 83
1919.602 83
1919.701 87
1919.800 86
1919.900 82
1919.999 86
1920.098 82
1920.198 81
1920.297 82
1920.396 77
1920.495 79
1920.595 78
1920.694 74
1920.793 76
1920.893 77
1920.992 82
1921.091 88
1921.191 91
1921.290 89
1921.389 91
1921.489 95
1921.588 95
1921.687 91
1921.787 90
1921.886 91
1921.985 97
1922.085 98
1922.184 99
1922.283 103
1922.383 103
1922.482 103
1922.582 102
1922.681 102
1922.780 94
1922.880 91
1922.979 89
1923.078 86
1923.178 89
1923.277 95
1923.376 100
1923.476 108
1923.575 113
1923.675 111
1923.774 112
1923.873 115
1923.973 113
1924.072 118
1924.172 114
1924.271 107
1924.370 98
1924.470 93
1924.569 95
1924.669 96
1924.768 103
1924.868 113
1924.967 117
1925.066 122
1925.166 127
1925.265 121
1925.365 121
1925.464 120
1925.564 119
1925.663 112
1925.762 110
1925.862 104
1925.961 94
1926.061 95
1926.160 88
1926.260 81
1926.359 78
1926.459 81
1926.558 86
1926.658 93
1926.757 97
1926.857 91
1926.956 88
1927.055 85
1927.155 81
1927.254 85
1927.354 87
1927.453 88
1927.553 97
1927.652 99
1927.752 101
1927.851 101
1927.951 102
1928.050 100
1928.150 98
1928.249 92
1928.349 90
1928.448 86
1928.548 83
1928.647 79
1928.747 78
1928.847 79
1928.946 81
1929.046 84
1929.145 81
1929.245 84
1929.344 87
1929.444 89
1929.543 92
1929.643 94
1929.742 94
1929.842 93
1929.941 92
1930.041 92
1930.141 92
1930.240 96
1930.340 99
1930.439 103
1930.539 105
1930.638 109
1930.738 108
1930.838 106
1930.937 102
1931.037 92
1931.136 87
1931.236 86
1931.336 88
1931.435 91
1931.535 93
1931.634 94
1931.734 93
1931.834 93
1931.933 91
1932.033 90
1932.132 95
1932.232 99
1932.332 109
1932.431 109
1932.531 109
1932.630 110
1932.730 109
1932.830 110
1932.929 109
1933.029 107
1933.129 112
1933.228 110
1933.328 111
1933.428 112
1933.527 112
1933.627 105
1933.727 100
1933.826 94
1933.926 88
1934.026 84
1934.125 79
1934.225 77
1934.325 69
1934.424 67
1934.524 68
1934.624 66
1934.723 68
1934.823 72
1934.923 72
1935.022 72
1935.122 77
1935.222 75
1935.321 77
1935.421 79
1935.521 81
1935.620 81
1935.720 82
1935.820 82
1935.920 79
1936.019 80
1936.119 79
1936.219 79
1936.318 78
1936.418 77
1936.518 77
1936.618 74
1936.717 76
1936.817 71
1936.917 72
1937.017 70
1937.116 73
1937.216 80
1937.316 88
1937.416 98
1937.515 107
1937.615 110
1937.715 109
1937.815 105
1937.914 102
1938.014 99
1938.114 98
1938.214 95
1938.313 91
1938.413 89
1938.513 86
1938.613 81
1938.713 77
1938.812 79
1938.912 77
1939.012 73
1939.112 74
1939.212 70
1939.311 72
1939.411 77
1939.511 79
1939.611 84
1939.711 85
1939.810 89
1939.910 94
1940.010 90
1940.110 90
1940.210 89
1940.309 90
1940.409 93
1940.509 94
1940.609 95
1940.709 96
1940.809 93
1940.909 92
1941.008 89
1941.108 87
1941.208 86
1941.308 86
1941.408 90
1941.508 86
1941.607 86
1941.707 87
1941.807 84
1941.907 82
1942.007 88
1942.107 92
1942.207 93
1942.307 100
1942.406 105
1942.506 104
1942.606 103
1942.706 101
1942.806 98
1942.906 92
1943.006 88
1943.106 81
1943.206 71
1943.306 72
1943.405 75
1943.505 74
1943.605 73
1943.705 70
1943.805 71
1943.905 71
1944.005 75
1944.105 83
1944.205 93
1944.305 97
1944.405 92
1944.505 89
1944.605 82
1944.704 82
1944.804 85
1944.904 85
1945.004 83
1945.104 81
1945.204 79
1945.304 78
1945.404 79
1945.504 82
1945.604 84
1945.704 84
1945.804 81
1945.904 84
1946.004 84
1946.104 88
1946.204 97
1946.304 109
1946.404 115
1946.504 120
1946.604 128
1946.704 127
1946.804 133
1946.904 134
1947.004 132
1947.104 140
1947.204 137
1947.304 140
1947.404 145
1947.504 146
1947.604 147
1947.704 145
1947.804 143
1947.904 135
1948.004 135
1948.104 132
1948.204 129
1948.304 123
1948.404 117
1948.504 115
1948.604 114
1948.704 119
1948.804 112
1948.904 111
1949.004 108
1949.105 107
1949.205 103
1949.305 101
1949.405 98
1949.505 91
1949.605 84
1949.705 79
1949.805 71
1949.905 72
1950.005 73
1950.105 75
1950.205 80
1950.305 79
1950.406 78
1950.506 77
1950.606 72
1950.706 76
1950.806 76
1950.906 76
1951.006 73
1951.106 77
1951.206 77
1951.306 81
1951.407 85
1951.507 89
1951.607 91
1951.707 91
1951.807 91
1951.907 93
1952.007 97
1952.108 98
1952.208 104
1952.308 104
1952.408 98
1952.508 95
1952.608 90
1952.708 91
1952.809 92
1952.909 89
1953.009 90
1953.109 85
1953.209 83
1953.309 82
1953.410 81
1953.510 78
1953.610 75
1953.710 73
1953.810 70
1953.910 69
1954.011 74
1954.111 75
1954.211 71
1954.311 78
1954.411 83
1954.512 92
1954.612 104
1954.712 121
1954.812 128
1954.912 132
1955.013 139
1955.113 127
1955.213 122
1955.313 119
1955.413 114
1955.514 109
1955.614 112
1955.714 107
1955.814 99
1955.915 94
1956.015 88
1956.115 86
1956.215 81
1956.316 80
1956.416 81
1956.516 82
1956.616 86
1956.717 84
1956.817 84
1956.917 86
1957.017 88
1957.118 90
1957.218 94
1957.318 95
1957.418 98
1957.519 98
1957.619 96
1957.719 98
1957.820 98
1957.920 96
1958.020 100
1958.120 105
1958.221 109
1958.321 115
1958.421 116
1958.522 113
1958.622 112
1958.722 109
1958.823 112
1958.923 109
1959.023 102
1959.124 97
1959.224 88
1959.324 83
1959.425 77
1959.525 69
1959.625 68
1959.726 67
1959.826 67
1959.926 60
1960.027 66
1960.127 70
1960.227 75
1960.328 80
1960.428 77
1960.528 77
1960.629 78
1960.729 82
1960.829 87
1960.930 89
1961.030 90
1961.131 93
1961.231 98
1961.331 99
1961.432 104
1961.532 101
1961.632 98
1961.733 98
1961.833 99
1961.934 99
1962.034 100
1962.134 104
1962.235 107
1962.335 109
1962.436 102
1962.536 95
1962.636 86
1962.737 80
1962.837 87
1962.938 92
1963.038 90
1963.138 95
1963.239 96
1963.339 95
1963.440 94
1963.540 98
1963.641 99
1963.741 100
1963.842 101
1963.942 100
1964.042 96
1964.143 95
1964.243 94
1964.344 86
1964.444 81
1964.545 75
1964.645 70
1964.746 61
1964.846 64
1964.947 64
1965.047 66
1965.148 64
1965.248 64
1965.348 67
1965.449 71
1965.549 76
1965.650 78
1965.750 82
1965.851 87
1965.951 88
1966.052 86
1966.152 83
1966.253 80
1966.353 78
1966.454 78
1966.554 77
1966.655 72
1966.756 68
1966.856 67
1966.957 66
1967.057 61
1967.158 60
1967.258 64
1967.359 70
1967.459 77
1967.560 82
1967.660 89
1967.761 94
1967.861 99
1967.962 104
1968.063 99
1968.163 97
1968.264 93
1968.364 91
1968.465 90
1968.565 90
1968.666 93
1968.766 90
1968.867 97
1968.968 102
1969.068 107
1969.169 113
1969.269 115
1969.370 110
1969.471 101
1969.571 91
1969.672 90
1969.772 93
1969.873 101
1969.974 105
1970.074 100
1970.175 99
1970.275 98
1970.376 96
1970.477 97
1970.577 96
1970.678 92
1970.778 93
1970.879 97
1970.980 101
1971.080 105
1971.181 108
1971.282 106
1971.382 107
1971.483 108
1971.584 114
1971.684 114
1971.785 116
1971.885 118
1971.986 114
1972.087 114
1972.187 113
1972.288 116
1972.389 113
1972.489 109
1972.590 108
1972.691 109
1972.791 109
1972.892 112
1972.993 112
1973.093 112
1973.194 105
1973.295 105
1973.396 104
1973.496 99
1973.597 96
1973.698 96
1973.798 97
1973.899 95
1974.000 95
1974.100 94
1974.201 94
1974.302 92
1974.403 92
1974.503 92
1974.604 93
1974.705 98
1974.806 93
1974.906 87
1975.007 83
1975.108 78
1975.208 77
1975.309 77
1975.410 77
1975.511 78
1975.611 77
1975.712 81
1975.813 81
1975.914 82
1976.014 84
1976.115 82
1976.216 84
1976.317 88
1976.418 93
1976.518 92
1976.619 90
1976.720 90
1976.821 90
1976.921 93
1977.022 94
1977.123 93
1977.224 95
1977.325 95
1977.425 95
1977.526 98
1977.627 99
1977.728 99
1977.829 97
1977.929 88
1978.030 81
1978.131 80
1978.232 76
1978.333 73
1978.433 68
1978.534 74
1978.635 83
1978.736 97
1978.837 108
1978.938 116
1979.038 115
1979.139 110
1979.240 107
1979.341 100
1979.442 94
1979.543 92
1979.644 83
1979.744 83
1979.845 88
1979.946 91
1980.047 100
1980.148 99
1980.249 97
1980.350 93
1980.451 95
1980.551 93
1980.652 92
1980.753 93
1980.854 88
1980.955 90
1981.056 91
1981.157 96
1981.258 94
1981.359 96
1981.459 98
1981.560 98
1981.661 100
1981.762 98
1981.863 93
1981.964 87
1982.065 78
1982.166 71
1982.267 68
1982.368 65
1982.469 65
1982.569 73
1982.670 78
1982.771 88
1982.872 96
1982.973 96
1983.074 95
1983.175 93
1983.276 92
1983.377 86
1983.478 83
1983.579 77
1983.680 73
1983.781 77
1983.882 79
1983.983 79
1984.084 80
1984.185 78
1984.286 77
1984.387 76
1984.488 75
1984.589 77
1984.690 78
1984.791 76
1984.892 79
1984.993 80
1985.094 81
1985.195 83
1985.296 84
1985.397 85
1985.498 84
1985.599 84
1985.700 80
1985.801 76
1985.902 72
1986.003 67
1986.104 62
1986.205 60
1986.306 61
1986.407 63
1986.508 62
1986.609 65
1986.710 68
1986.811 72
1986.912 81
1987.013 82
1987.114 82
1987.215 85
1987.316 80
1987.417 79
1987.518 75
1987.619 71
1987.720 71
1987.821 69
1987.923 69
1988.024 69
1988.125 67
1988.226 71
1988.327 77
1988.428 81
1988.529 87
1988.630 86
1988.731 82
1988.832 79
1988.933 76
1989.034 74
1989.136 74
1989.237 72
1989.338 69
1989.439 70
1989.540 70
1989.641 75
1989.742 77
1989.843 76
1989.944 76
1990.046 75
1990.147 74
1990.248 78
1990.349 81
1990.450 82
1990.551 85
1990.652 81
1990.754 82
1990.855 86
1990.956 89
1991.057 91
1991.158 92
1991.259 93
1991.360 98
1991.462 102
1991.563 102
1991.664 105
1991.765 101
1991.866 99
1991.967 99
1992.069 99
1992.170 94
1992.271 87
1992.372 81
1992.473 73
1992.575 73
1992.676 80
1992.777 85
1992.878 91
1992.979 98
1993.081 96
1993.182 98
1993.283 107
1993.384 106
1993.485 106
1993.587 106
1993.688 105
1993.789 103
1993.890 107
1993.992 106
1994.093 107
1994.194 111
1994.295 115
1994.396 116
1994.498 122
1994.599 119
1994.700 118
1994.801 110
1994.903 105
1995.004 95
1995.105 90
1995.206 93
1995.308 95
1995.409 102
1995.510 108
1995.611 107
1995.713 108
1995.814 107
1995.915 102
1996.017 100
1996.118 100
1996.219 101
1996.320 98
1996.422 96
1996.523 95
1996.624 87
1996.726 83
1996.827 82
1996.928 77
1997.030 77
1997.131 81
1997.232 87
1997.333 91
1997.435 99
1997.536 103
1997.637 104
1997.739 106
1997.840 102
1997.941 101
1998.043 100
1998.144 99
1998.245 92
1998.347 88
1998.448 87
1998.549 86
1998.651 85
1998.752 87
1998.853 91
1998.955 91
1999.056 102
1999.158 110
1999.259 117
1999.360 125
1999.462 129
1999.563 121
1999.664 113
1999.766 104
1999.867 97
1999.969 95
2000.070 96
2000.171 99
2000.273 92
2000.374 88
2000.475 83
2000.577 78
2000.678 74
2000.780 73
2000.881 72
2000.982 74
2001.084 75
2001.185 76
2001.287 75
2001.388 77
2001.490 80
2001.591 80
2001.692 80
2001.794 80
2001.895 78
2001.997 79
2002.098 77
2002.200 77
2002.301 80
2002.402 79
2002.504 82
2002.605 88
2002.707 84
2002.808 80
2002.910 78
2003.011 73
2003.113 71
2003.214 71
2003.316 68
2003.417 62
2003.519 62
2003.620 60
2003.721 58
2003.823 58
2003.924 60
2004.026 59
2004.127 60
2004.229 59
2004.330 62
2004.432 68
2004.533 69
2004.635 70
2004.736 69
2004.838 74
2004.939 78
2005.041 79
2005.142 86
2005.244 91
2005.345 92
2005.447 95
2005.549 98
2005.650 94
2005.752 92
2005.853 89
2005.955 84
2006.056 81
2006.158 78
2006.259 78
2006.361 77
2006.462 73
2006.564 72
2006.665 68
2006.767 63
2006.869 63
2006.970 62
2007.072 61
2007.173 62
2007.275 68
2007.376 74
2007.478 83
2007.580 87
2007.681 82
2007.783 82
2007.884 81
2007.986 83
2008.088 90
2008.189 93
2008.291 94
2008.392 99
2008.494 98
2008.595 95
2008.697 94
2008.799 89
2008.900 92
2009.002 94
2009.104 99
2009.205 101
2009.307 94
2009.408 91
2009.510 86
2009.612 80
2009.713 81
2009.815 82
2009.917 79
2010.018 77
2010.120 75
2010.222 72
2010.323 69
2010.425 73
2010.526 70
2010.628 69
2010.730 69
2010.831 66
2010.933 65
2011.035 66
2011.136 69
2011.238 70
2011.340 74
2011.441 74
2011.543 72
2011.645 75
2011.747 73
2011.848 73
2011.950 72
2012.052 76
2012.153 77
2012.255 80
2012.357 84
2012.458 83
2012.560 77
2012.662 76
2012.764 73
2012.865 72
2012.967 72
2013.069 71
2013.170 70
2013.272 73
2013.374 72
2013.476 75
2013.577 77
2013.679 84
2013.781 84
2013.883 82
2013.984 82
2014.086 76
2014.188 73
2014.290 69
2014.391 64
2014.493 60
2014.595 57
2014.697 57
2014.798 57
2014.900 56
2015.002 59
2015.104 61
2015.205 63
2015.307 68
2015.409 74
2015.511 78
2015.613 87
2015.714 90
2015.816 86
2015.918 85
2016.020 84
2016.121 80
2016.223 78
2016.325 75
2016.427 71
2016.529 79
2016.631 79
2016.732 79
2016.834 81
2016.936 80
2017.038 79
2017.140 79
2017.241 82
2017.343 78
2017.445 80
2017.547 80
2017.649 75
2017.751 74
2017.852 74
2017.954 73
2018.056 73
2018.158 79
2018.260 88
2018.362 95
2018.464 105
2018.565 112
2018.667 113
2018.769 113
2018.871 112
2018.973 105
2019.075 98
2019.177 94
2019.279 91
2019.380 83
2019.482 88
2019.584 92
2019.686 92
2019.788 100
2019.890 101
2019.992 97
2020.094 98
2020.196 98
2020.297 99
2020.399 103
2020.501 109
2020.603 107
2020.705 106
2020.807 103
2020.909 97
2021.011 97
2021.113 95
2021.215 94
2021.317 93
2021.419 94
2021.521 99
2021.622 100
2021.724 101
2021.826 102
2021.928 101
2022.030 104
2022.132 106
2022.234 110
2022.336 109
2022.438 107
2022.540 105
2022.642 94
2022.744 97
2022.846 98
2022.948 99
2023.050 99
2023.152 96
2023.254 95
2023.356 93
2023.458 95
2023.560 96
2023.662 92
2023.764 87
2023.866 82
2023.968 78
2024.070 78
2024.172 77
2024.274 76
2024.376 75
2024.478 76
2024.580 81
2024.682 84
2024.784 90
2024.886 91
2024.988 96
2025.090 96
2025.192 95
2025.294 98
2025.396 102
2025.498 107
2025.600 104
2025.702 99
2025.804 90
2025.906 84
2026.008 79
2026.110 76
2026.212 74
2026.315 71
2026.417 74
2026.519 78
2026.621 79
2026.723 84
2026.825 85
2026.927 83
2027.029 83
2027.131 84
2027.233 85
2027.335 85
2027.437 87
2027.539 88
2027.642 93
2027.744 92
2027.846 89
2027.948 92
2028.050 87
2028.152 90
2028.254 94
2028.356 91
2028.458 90
2028.561 83
2028.663 75
2028.765 72
2028.867 70
2028.969 70
2029.071 68
2029.173 69
2029.275 71
2029.378 75
2029.480 82
2029.582 88
2029.684 86
2029.786 85
2029.888 83
2029.990 85
2030.093 83
2030.195 82
2030.297 86
2030.399 86
2030.501 87
2030.603 85
2030.706 83
2030.808 76
2030.910 76
2031.012 75
2031.114 71
2031.217 66
2031.319 68
2031.421 70
2031.523 71
2031.625 76
2031.727 78
2031.830 76
2031.932 79
2032.034 82
2032.136 83
2032.239 85
2032.341 80
2032.443 79
2032.545 77
2032.647 76
2032.750 81
2032.852 81
2032.954 82
2033.056 81
2033.159 80
2033.261 77
2033.363 74
2033.465 76
2033.568 78
2033.670 81
2033.772 85
2033.874 84
2033.977 79
2034.079 77
2034.181 76
2034.283 71
2034.386 64
2034.488 59
2034.590 57
2034.692 57
2034.795 58
2034.897 54
2034.999 54
2035.102 58
2035.204 64
2035.306 72
2035.408 76
2035.511 75
2035.613 73
2035.715 72
2035.818 64
2035.920 63
2036.022 59
2036.125 61
2036.227 60
2036.329 60
2036.431 58
2036.534 61
2036.636 67
2036.738 70
2036.841 77
2036.943 83
2037.045 89
2037.148 91
2037.250 95
2037.352 96
2037.455 88
2037.557 82
2037.660 76
2037.762 71
2037.864 72
2037.967 70
2038.069 66
2038.171 65
2038.274 70
2038.376 74
2038.478 77
2038.581 79
2038.683 83
2038.786 89
2038.888 97
2038.990 100
2039.093 104
2039.195 105
2039.298 103
2039.400 102
2039.502 101
2039.605 100
2039.707 93
2039.810 87
2039.912 86
2040.014 85
2040.117 88
2040.219 86
2040.322 85
2040.424 86
2040.526 85
2040.629 87
2040.731 87
2040.834 86
2040.936 87
2041.039 84
2041.141 85
2041.244 88
2041.346 92
2041.448 94
2041.551 93
2041.653 92
2041.756 89
2041.858 92
2041.961 93
2042.063 93
2042.166 90
2042.268 95
2042.371 99
2042.473 102
2042.576 112
2042.678 112
2042.780 112
2042.883 111
2042.985 108
2043.088 110
2043.190 113
2043.293 112
2043.395 114
2043.498 109
2043.600 104
2043.703 100
2043.805 95
2043.908 87
2044.010 82
2044.113 79
2044.216 77
2044.318 74
2044.421 74
2044.523 74
2044.626 77
2044.728 80
2044.831 82
2044.933 82
2045.036 86
2045.138 87
2045.241 88
2045.343 91
2045.446 92
2045.548 94
2045.651 91
2045.754 90
2045.856 87
2045.959 88
2046.061 87
2046.164 86
2046.266 86
2046.369 84
2046.472 86
2046.574 89
2046.677 90
2046.779 97
2046.882 99
2046.985 99
2047.087 98
2047.190 101
2047.292 99
2047.395 97
2047.498 98
2047.600 97
2047.703 98
2047.805 97
2047.908 98
2048.011 93
2048.113 87
2048.216 82
2048.318 74
2048.421 74
2048.524 73
2048.626 74
2048.729 80
2048.832 78
2048.934 83
2049.037 86
2049.140 86
2049.242 87
2049.345 85
2049.447 84
2049.550 83
2049.653 83
2049.755 77
2049.858 74
2049.961 71
2050.063 65
2050.166 71
2050.269 74
2050.371 72
2050.474 80
2050.577 77
2050.680 75
2050.782 76
2050.885 70
2050.988 70
2051.090 68
2051.193 65
2051.296 70
2051.398 78
2051.501 81
2051.604 87
2051.707 88
2051.809 84
2051.912 84
2052.015 79
2052.117 78
2052.220 82
2052.323 88
2052.426 94
2052.528 101
2052.631 102
2052.734 99
2052.837 91
2052.939 92
2053.042 84
2053.145 80
2053.247 76
2053.350 69
2053.453 68
2053.556 66
2053.659 64
2053.761 64
2053.864 66
2053.967 64
2054.070 60
2054.172 58
2054.275 58
2054.378 60
2054.481 61
2054.583 65
2054.686 66
2054.789 67
2054.892 68
2054.995 68
2055.097 69
2055.200 73
2055.303 74
2055.406 81
2055.509 78
2055.611 71
2055.714 63
2055.817 54
2055.920 51
2056.023 53
2056.126 56
2056.228 57
2056.331 61
2056.434 62
2056.537 64
2056.640 66
2056.743 68
2056.845 69
2056.948 67
2057.051 66
2057.154 60
2057.257 59
2057.360 60
2057.463 61
2057.565 58
2057.668 59
2057.771 63
2057.874 68
2057.977 71
2058.080 73
2058.183 75
2058.285 76
2058.388 76
2058.491 74
2058.594 73
2058.697 71
2058.800 68
2058.903 69
2059.006 70
2059.109 74
2059.212 75
2059.314 73
2059.417 72
2059.520 71
2059.623 73
2059.726 75
2059.829 77
2059.932 81
2060.035 78
2060.138 78
2060.241 81
2060.344 81
2060.447 88
2060.549 90
2060.652 95
2060.755 90
2060.858 83
2060.961 81
2061.064 76
2061.167 73
2061.270 69
2061.373 66
2061.476 59
2061.579 55
2061.682 59
2061.785 62
2061.888 63
2061.991 71
2062.094 73
2062.197 73
2062.300 75
2062.403 77
2062.506 76
2062.609 73
2062.712 71
2062.815 69
2062.918 67
2063.021 67
2063.124 70
2063.227 68
2063.330 66
2063.433 66
2063.536 68
2063.639 65
2063.742 70
2063.845 72
2063.948 74
2064.051 70
2064.154 78
2064.257 83
2064.360 89
2064.463 104
2064.566 109
2064.669 115
2064.772 121
2064.875 117
2064.978 125
2065.081 124
2065.184 121
2065.287 122
2065.390 112
2065.494 110
2065.597 113
2065.700 108
2065.803 105
2065.906 105
2066.009 106
2066.112 104
2066.215 106
2066.318 106
2066.421 106
2066.524 104
2066.627 98
2066.730 95
2066.834 92
2066.937 90
2067.040 92
2067.143 91
2067.246 88
2067.349 87
2067.452 89
2067.555 92
2067.658 94
2067.762 104
2067.865 96
2067.968 91
2068.071 89
2068.174 82
2068.277 89
2068.380 93
2068.483 103
2068.587 99
2068.690 100
2068.793 103
2068.896 108
2068.999 118
2069.102 117
2069.206 115
2069.309 113
2069.412 111
2069.515 109
2069.618 109
2069.721 107
2069.825 103
2069.928 100
2070.031 98
2070.134 93
2070.237 97
2070.340 99
2070.444 99
2070.547 102
2070.650 103
2070.753 104
2070.856 104
2070.960 102
2071.063 99
2071.166 93
2071.269 88
2071.372 78
2071.476 75
2071.579 73
2071.682 73
2071.785 74
2071.889 71
2071.992 68
2072.095 64
2072.198 59
2072.301 59
2072.405 63
2072.508 68
2072.611 76
2072.714 80
2072.818 88
2072.921 93
2073.024 98
2073.127 101
2073.231 103
2073.334 100
2073.437 91
2073.540 87
2073.644 77
2073.747 72
2073.850 67
2073.954 63
2074.057 62
2074.160 62
2074.263 63
2074.367 64
2074.470 63
2074.573 62
2074.677 60
2074.780 60
2074.883 68
2074.987 72
2075.090 74
2075.193 82
2075.296 81
2075.400 82
2075.503 79
2075.606 84
2075.710 85
2075.813 86
2075.916 85
2076.020 83
2076.123 86
2076.226 86
2076.330 85
2076.433 84
2076.536 81
2076.640 82
2076.743 82
2076.846 81
2076.950 83
2077.053 80
2077.156 78
2077.260 70
2077.363 68
2077.467 68
2077.570 71
2077.673 74
2077.777 79
2077.880 84
2077.983 89
2078.087 100
2078.190 94
2078.294 90
2078.397 89
2078.500 85
2078.604 88
2078.707 85
2078.811 84
2078.914 79
2079.017 75
2079.121 69
2079.224 65
2079.328 60
2079.431 56
2079.534 58
2079.638 59
2079.741 66
2079.845 63
2079.948 59
2080.052 54
2080.155 52
2080.258 59
2080.362 61
2080.465 63
2080.569 64
2080.672 61
2080.776 61
2080.879 63
2080.983 65
2081.086 69
2081.190 71
2081.293 72
2081.396 74
2081.500 71
2081.603 73
2081.707 77
2081.810 78
2081.914 78
2082.017 78
2082.121 72
2082.224 68
2082.328 70
2082.431 70
2082.535 70
2082.638 74
2082.742 85
2082.845 89
2082.949 93
2083.052 98
2083.156 101
2083.259 104
2083.363 103
2083.466 107
2083.570 97
2083.673 93
2083.777 93
2083.880 84
2083.984 77
2084.088 74
2084.191 67
2084.295 63
2084.398 67
2084.502 65
2084.605 61
2084.709 59
2084.812 58
2084.916 58
2085.019 62
2085.123 64
2085.227 65
2085.330 68
2085.434 69
2085.537 74
2085.641 78
2085.744 79
2085.848 78
2085.952 80
2086.055 76
2086.159 78
2086.262 77
2086.366 82
2086.470 77
2086.573 76
2086.677 72
2086.780 69
2086.884 70
2086.988 69
2087.091 70
2087.195 64
2087.298 66
2087.402 68
2087.506 70
2087.609 73
2087.713 72
2087.817 73
2087.920 73
2088.024 70
2088.127 70
2088.231 73
2088.335 79
2088.438 84
2088.542 87
2088.646 88
2088.749 90
2088.853 94
2088.957 94
2089.060 96
2089.164 95
2089.268 99
2089.371 98
2089.475 97
2089.579 96
2089.682 96
2089.786 96
2089.890 93
2089.993 92
2090.097 87
2090.201 86
2090.304 86
2090.408 83
2090.512 87
2090.616 91
2090.719 99
2090.823 106
2090.927 112
2091.030 112
2091.134 108
2091.238 105
2091.342 107
2091.445 106
2091.549 106
2091.653 110
2091.756 101
2091.860 98
2091.964 95
2092.068 89
2092.171 89
2092.275 94
2092.379 95
2092.483 97
2092.586 94
2092.690 89
2092.794 88
2092.898 86
2093.001 86
2093.105 84
2093.209 82
2093.313 81
2093.416 79
2093.520 79
2093.624 79
2093.728 79
2093.832 79
2093.935 83
2094.039 86
2094.143 86
2094.247 93
2094.351 87
2094.454 86
2094.558 86
2094.662 87
2094.766 77
2094.870 72
2094.973 62
2095.077 60
2095.181 58
2095.285 58
2095.389 61
2095.492 64
2095.596 67
2095.700 68
2095.804 71
2095.908 70
2096.012 73
2096.115 74
2096.219 72
2096.323 79
2096.427 84
2096.531 84
2096.635 81
2096.739 79
2096.842 72
2096.946 72
2097.050 74
2097.154 68
2097.258 65
2097.362 64
2097.466 64
2097.569 64
2097.673 64
2097.777 64
2097.881 65
2097.985 68
2098.089 70
2098.193 72
2098.297 75
2098.401 73
2098.504 75
2098.608 76
2098.712 73
2098.816 76
2098.920 77
2099.024 76
2099.128 76
2099.232 71
2099.336 71
2099.440 70
2099.544 66
2099.648 68
2099.751 70
2099.855 70
2099.959 73
2100.063 69
2100.167 66
2100.271 66
2100.375 67
2100.479 70
2100.583 70
2100.687 69
2100.791 70
2100.895 68
2100.999 69
2101.103 69
2101.207 65
2101.311 65
2101.415 67
2101.519 67
2101.623 70
2101.727 68
2101.831 70
2101.935 72
2102.039 71
2102.143 76
2102.247 78
2102.351 78
2102.455 80
2102.559 80
2102.663 76
2102.767 75
2102.871 71
2102.975 66
2103.079 72
2103.183 75
2103.287 77
2103.391 82
2103.495 81
2103.599 84
2103.703 90
2103.807 88
2103.911 86
2104.015 83
2104.119 76
2104.223 70
2104.327 68
2104.431 67
2104.535 62
2104.639 59
2104.743 61
2104.847 65
2104.951 69
2105.055 76
2105.160 78
2105.264 76
2105.368 74
2105.472 70
2105.576 66
2105.680 65
2105.784 62
2105.888 58
2105.992 57
2106.096 58
2106.200 58
2106.304 59
2106.409 61
2106.513 62
2106.617 65
2106.721 65
2106.825 66
2106.929 64
2107.033 63
2107.137 57
2107.241 55
2107.346 56
2107.450 59
2107.554 59
2107.658 60
2107.762 62
2107.866 67
2107.970 71
2108.075 68
2108.179 68
2108.283 67
2108.387 70
2108.491 69
2108.595 67
2108.699 67
2108.804 64
2108.908 66
2109.012 66
2109.116 68
2109.220 71
2109.324 68
2109.429 68
2109.533 67
2109.637 61
2109.741 65
2109.845 62
2109.949 59
2110.054 59
2110.158 60
2110.262 65
2110.366 70
2110.470 78
2110.575 77
2110.679 77
2110.783 75
2110.887 73
2110.992 76
2111.096 75
2111.200 71
2111.304 72
2111.408 72
2111.513 77
2111.617 79
2111.721 85
2111.825 84
2111.930 83
2112.034 80
2112.138 79
2112.242 78
2112.347 80
2112.451 85
2112.555 84
2112.659 89
2112.764 91
2112.868 92
2112.972 95
2113.076 98
2113.181 100
2113.285 102
2113.389 100
2113.493 102
2113.598 100
2113.702 95
2113.806 93
2113.911 95
2114.015 96
2114.119 99
2114.224 102
2114.328 103
2114.432 104
2114.536 103
2114.641 103
2114.745 98
2114.849 91
2114.954 79
2115.058 75
2115.162 73
2115.267 72
2115.371 73
2115.475 73
2115.580 82
2115.684 87
2115.788 95
2115.893 93
2115.997 87
2116.101 82
2116.206 77
2116.310 79
2116.414 77
2116.519 79
2116.623 81
2116.727 85
2116.832 88
2116.936 90
2117.041 92
2117.145 94
2117.249 96
2117.354 93
2117.458 93
2117.562 91
2117.667 90
2117.771 91
2117.876 96
2117.980 94
2118.084 92
2118.189 90
2118.293 87
2118.398 83
2118.502 78
2118.606 75
2118.711 69
2118.815 60
2118.920 61
2119.024 60
2119.128 57
2119.233 56
2119.337 57
2119.442 61
2119.546 65
2119.651 73
2119.755 76
2119.859 78
2119.964 82
2120.068 83
2120.173 84
2120.277 84
2120.382 85
2120.486 82
2120.591 78
2120.695 78
2120.799 80
2120.904 78
2121.008 81
2121.113 79
2121.217 76
2121.322 75
2121.426 75
2121.531 76
2121.635 75
2121.740 76
2121.844 73
2121.949 71
2122.053 69
2122.158 68
2122.262 68
2122.367 69
2122.471 71
2122.576 77
2122.680 73
2122.785 72
2122.889 69
2122.994 68
2123.098 71
2123.203 72
2123.307 70
2123.412 73
2123.516 72
2123.621 70
2123.725 66
2123.830 65
2123.935 67
2124.039 73
2124.144 78
2124.248 88
2124.353 93
2124.457 93
2124.562 95
2124.666 89
2124.771 81
2124.876 77
2124.980 70
2125.085 64
2125.189 59
2125.294 56
2125.398 50
2125.503 46
2125.608 55
2125.712 63
2125.817 71
2125.921 73
2126.026 73
2126.131 74
2126.235 74
2126.340 81
2126.444 80
2126.549 80
2126.654 81
2126.758 77
2126.863 77
2126.967 74
2127.072 68
2127.177 64
2127.281 70
2127.386 73
2127.491 71
2127.595 77
2127.700 80
2127.804 82
2127.909 89
2128.014 90
2128.118 81
2128.223 74
2128.328 70
2128.432 64
2128.537 64
2128.642 68
2128.746 76
2128.851 80
2128.956 82
2129.060 81
2129.165 77
2129.270 72
2129.374 69
2129.479 67
2129.584 65
2129.688 70
2129.793 70
2129.898 73
2130.002 77
2130.107 84
2130.212 81
2130.317 80
2130.421 79
2130.526 77
2130.631 73
2130.735 68
2130.840 58
2130.945 53
2131.049 55
2131.154 55
2131.259 55
2131.364 60
2131.468 62
2131.573 64
2131.678 68
2131.783 75
2131.887 71
2131.992 68
2132.097 66
2132.202 61
2132.306 60
2132.411 61
2132.516 61
2132.621 66
2132.725 71
2132.830 73
2132.935 80
2133.040 79
2133.144 77
2133.249 74
2133.354 66
2133.459 65
2133.564 61
2133.668 60
2133.773 59
2133.878 59
2133.983 58
2134.088 57
2134.192 57
2134.297 58
2134.402 55
2134.507 56
2134.612 59
2134.716 60
2134.821 60
2134.926 62
2135.031 63
2135.136 61
2135.240 66
2135.345 64
2135.450 69
2135.555 70
2135.660 65
2135.765 65
2135.869 65
2135.974 68
2136.079 69
2136.184 70
2136.289 69
2136.394 68
2136.499 71
2136.603 71
2136.708 70
2136.813 68
2136.918 66
2137.023 65
2137.128 65
2137.233 66
2137.337 68
2137.442 70
2137.547 69
2137.652 66
2137.757 61
2137.862 60
2137.967 59
2138.072 64
2138.177 67
2138.281 70
2138.386 76
2138.491 82
2138.596 89
2138.701 95
2138.806 104
2138.911 108
2139.016 117
2139.121 119
2139.226 121
2139.331 114
2139.436 107
2139.540 100
2139.645 87
2139.750 85
2139.855 77
2139.960 75
2140.065 75
2140.170 73
2140.275 72
2140.380 75
2140.485 77
2140.590 77
2140.695 79
2140.800 80
2140.905 83
2141.010 87
2141.115 91
2141.220 91
2141.325 90
2141.430 90
2141.535 84
2141.640 80
2141.745 75
2141.850 70
2141.955 67
2142.060 68
2142.165 71
2142.270 70
2142.375 76
2142.480 79
2142.585 83
2142.690 84
2142.795 85
2142.900 82
2143.005 80
2143.110 78
2143.215 71
2143.320 70
2143.425 67
2143.530 66
2143.635 65
2143.740 68
2143.845 69
2143.950 73
2144.055 76
2144.160 79
2144.265 84
2144.370 87
2144.475 85
2144.580 81
2144.685 77
2144.790 68
2144.896 64
2145.001 61
2145.106 61
2145.211 60
2145.316 61
2145.421 60
2145.526 58
2145.631 63
2145.736 67
2145.841 69
2145.946 73
2146.051 68
2146.157 67
2146.262 69
2146.367 65
2146.472 65
2146.577 62
2146.682 62
2146.787 59
2146.892 62
2146.997 67
2147.103 68
2147.208 72
2147.313 69
2147.418 73
2147.523 73
2147.628 73
2147.733 76
2147.838 71
2147.944 68
2148.049 66
2148.154 62
2148.259 64
2148.364 69
2148.469 76
2148.574 83
2148.680 83
2148.785 80
2148.890 78
2148.995 71
2149.100 68
2149.206 62
2149.311 54
2149.416 44
2149.521 43
2149.626 42
2149.731 39
2149.837 40
2149.942 41
2150.047 43
2150.152 46
2150.257 48
2150.363 49
2150.468 47
2150.573 48
2150.678 44
2150.783 47
2150.889 49
2150.994 48
2151.099 49
2151.204 51
2151.310 56
2151.415 59
2151.520 64
2151.625 64
2151.730 63
2151.836 65
2151.941 63
2152.046 62
2152.151 62
2152.257 63
2152.362 62
2152.467 63
2152.572 62
2152.678 61
2152.783 56
2152.888 53
2152.994 50
2153.099 50
2153.204 46
2153.309 49
2153.415 53
2153.520 55
2153.625 62
2153.730 63
2153.836 69
2153.941 77
2154.046 86
2154.152 85
2154.257 81
2154.362 79
2154.468 75
2154.573 71
2154.678 71
2154.783 72
2154.889 64
2154.994 68
2155.099 67
2155.205 64
2155.310 65
2155.415 65
2155.521 64
2155.626 61
2155.731 60
2155.837 59
2155.942 61
2156.047 64
2156.153 71
2156.258 73
2156.363 71
2156.469 76
2156.574 77
2156.680 76
2156.785 75
2156.890 72
2156.996 72
2157.101 74
2157.206 76
2157.312 77
2157.417 87
2157.523 90
2157.628 93
2157.733 99
2157.839 91
2157.944 94
2158.049 97
2158.155 97
2158.260 89
2158.366 90
2158.471 85
2158.577 78
2158.682 77
2158.787 77
2158.893 78
2158.998 79
2159.104 85
2159.209 82
2159.314 81
2159.420 80
2159.525 73
2159.631 71
2159.736 69
2159.842 71
2159.947 67
2160.052 72
2160.158 77
2160.263 80
2160.369 82
2160.474 82
2160.580 83
2160.685 84
2160.791 87
2160.896 87
2161.002 86
2161.107 87
2161.213 86
2161.318 92
2161.424 93
2161.529 91
2161.634 85
2161.740 78
2161.845 77
2161.951 75
2162.056 73
2162.162 70
2162.267 69
2162.373 68
2162.478 59
2162.584 59
2162.689 60
2162.795 61
2162.900 64
2163.006 68
2163.112 72
2163.217 79
2163.323 86
2163.428 94
2163.534 96
2163.639 99
2163.745 96
2163.850 87
2163.956 85
2164.061 82
2164.167 83
2164.272 79
2164.378 78
2164.484 76
2164.589 72
2164.695 74
2164.800 72
2164.906 69
2165.011 71
2165.117 74
2165.222 75
2165.328 78
2165.434 81
2165.539 77
2165.645 77
2165.750 80
2165.856 82
2165.962 80
2166.067 83
2166.173 91
2166.278 92
2166.384 92
2166.490 89
2166.595 82
2166.701 76
2166.806 75
2166.912 76
2167.018 73
2167.123 69
2167.229 64
2167.335 62
2167.440 61
2167.546 60
2167.651 64
2167.757 65
2167.863 69
2167.968 75
2168.074 80
2168.180 82
2168.285 85
2168.391 89
2168.497 88
2168.602 86
2168.708 82
2168.814 80
2168.919 85
2169.025 87
2169.131 91
2169.236 93
2169.342 89
2169.448 88
2169.553 86
2169.659 82
2169.765 77
2169.870 77
2169.976 75
2170.082 75
2170.187 76
2170.293 72
2170.399 66
2170.505 62
2170.610 61
2170.716 59
2170.822 58
2170.927 56
2171.033 52
2171.139 51
2171.245 52
2171.350 55
2171.456 60
2171.562 63
2171.667 70
2171.773 72
2171.879 69
2171.985 68
2172.090 64
2172.196 64
2172.302 62
2172.408 61
2172.513 59
2172.619 57
2172.725 61
2172.831 61
2172.936 65
2173.042 63
2173.148 68
2173.254 70
2173.360 69
2173.465 71
2173.571 66
2173.677 62
2173.783 59
2173.888 51
2173.994 54
2174.100 56
2174.206 60
2174.312 64
2174.417 64
2174.523 65
2174.629 69
2174.735 75
2174.841 74
2174.946 71
2175.052 70
2175.158 70
2175.264 68
2175.370 67
2175.476 62
2175.581 61
2175.687 60
2175.793 60
2175.899 57
2176.005 60
2176.111 58
2176.216 60
2176.322 63
2176.428 58
2176.534 60
2176.640 58
2176.746 55
2176.852 62
2176.957 65
2177.063 65
2177.169 66
2177.275 64
2177.381 63
2177.487 64
2177.593 64
2177.699 61
2177.804 57
2177.910 56
2178.016 58
2178.122 59
2178.228 56
2178.334 55
2178.440 58
2178.546 54
2178.652 57
2178.758 57
2178.864 55
2178.969 54
2179.075 56
2179.181 56
2179.287 57
2179.393 55
2179.499 51
2179.605 50
2179.711 49
2179.817 51
2179.923 50
2180.029 51
2180.135 48
2180.241 47
2180.347 49
2180.453 48
2180.558 44
2180.664 44
2180.770 42
2180.876 41
2180.982 45
2181.088 45
2181.194 46
2181.300 47
2181.406 46
2181.512 41
2181.618 41
2181.724 41
2181.830 43
2181.936 45
2182.042 44
2182.148 45
2182.254 46
2182.360 45
2182.466 55
2182.572 59
2182.678 67
2182.784 73
2182.890 72
2182.996 75
2183.102 79
2183.208 81
2183.314 84
2183.420 84
2183.526 84
2183.632 86
2183.738 82
2183.844 81
2183.950 81
2184.056 70
2184.162 67
2184.269 63
2184.375 58
2184.481 56
2184.587 57
2184.693 60
2184.799 64
2184.905 69
2185.011 66
2185.117 61
2185.223 55
2185.329 47
2185.435 49
2185.541 50
2185.647 56
2185.753 56
2185.860 61
2185.966 69
2186.072 76
2186.178 85
2186.284 86
2186.390 83
2186.496 79
2186.602 76
2186.708 76
2186.814 79
2186.921 82
2187.027 84
2187.133 82
2187.239 79
2187.345 74
2187.451 73
2187.557 73
2187.663 76
2187.770 78
2187.876 73
2187.982 77
2188.088 78
2188.194 81
2188.300 85
2188.406 88
2188.513 87
2188.619 86
2188.725 85
2188.831 79
2188.937 78
2189.043 76
2189.150 78
2189.256 77
2189.362 74
2189.468 74
2189.574 68
2189.680 66
2189.787 68
2189.893 68
2189.999 69
2190.105 67
2190.211 64
2190.318 59
2190.424 63
2190.530 68
2190.636 69
2190.742 75
2190.849 73
2190.955 70
2191.061 70
2191.167 70
2191.273 71
2191.380 77
2191.486 79
2191.592 83
2191.698 85
2191.805 82
2191.911 81
2192.017 82
2192.123 80
2192.230 78
2192.336 80
2192.442 79
2192.548 81
2192.655 83
2192.761 81
2192.867 79
2192.973 76
2193.080 76
2193.186 75
2193.292 74
2193.398 68
2193.505 66
2193.611 68
2193.717 70
2193.823 76
2193.930 69
2194.036 65
2194.142 62
2194.249 57
2194.355 58
2194.461 60
2194.568 63
2194.674 64
2194.780 65
2194.886 64
2194.993 59
2195.099 64
2195.205 66
2195.312 65
2195.418 64
2195.524 59
2195.631 61
2195.737 63
2195.843 72
2195.950 77
2196.056 77
2196.162 76
2196.269 75
2196.375 73
2196.481 71
2196.588 70
2196.694 66
2196.800 68
2196.907 70
2197.013 71
2197.120 71
2197.226 71
2197.332 75
2197.439 75
2197.545 72
2197.651 69
2197.758 68
2197.864 66
2197.971 65
2198.077 59
2198.183 57
2198.290 57
2198.396 60
2198.503 63
2198.609 64
2198.715 64
2198.822 64
2198.928 63
2199.035 58
2199.141 56
2199.247 51
2199.354 47
2199.460 53
2199.567 56
2199.673 58
2199.780 66
2199.886 65
2199.992 65
2200.099 68
2200.205 67
2200.312 72
2200.418 71
2200.525 68
2200.631 66
2200.738 66
2200.844 66
2200.950 66
2201.057 64
2201.163 55
2201.270 54
2201.376 54
2201.483 52
2201.589 55
2201.696 57
2201.802 61
2201.909 64
2202.015 62
2202.122 62
2202.228 60
2202.335 63
2202.441 57
2202.548 52
2202.654 47
2202.761 41
2202.867 42
2202.974 43
2203.080 45
2203.187 47
2203.293 49
2203.400 48
2203.506 43
2203.613 45
2203.719 43
2203.826 43
2203.932 43
2204.039 44
2204.145 48
2204.252 49
2204.359 53
2204.465 55
2204.572 55
2204.678 55
2204.785 53
2204.891 49
2204.998 46
2205.104 47
2205.211 46
2205.318 46
2205.424 46
2205.531 46
2205.637 49
2205.744 54
2205.850 55
2205.957 56
2206.064 61
2206.170 66
2206.277 67
2206.383 66
2206.490 65
2206.597 62
2206.703 61
2206.810 60
2206.916 58
2207.023 54
2207.130 55
2207.236 54
2207.343 49
2207.449 54
2207.556 53
2207.663 53
2207.769 57
2207.876 49
2207.983 50
2208.089 50
2208.196 51
2208.302 55
2208.409 52
2208.516 52
2208.622 48
2208.729 52
2208.836 55
2208.942 58
2209.049 61
2209.156 60
2209.262 61
2209.369 61
2209.476 64
2209.582 65
2209.689 69
2209.796 72
2209.902 76
2210.009 73
2210.116 66
2210.222 65
2210.329 64
2210.436 63
2210.543 64
2210.649 63
2210.756 60
2210.863 66
2210.969 67
2211.076 70
2211.183 74
2211.290 77
2211.396 77
2211.503 76
2211.610 74
2211.716 76
2211.823 77
2211.930 79
2212.037 85
2212.143 88
2212.250 92
2212.357 94
2212.464 102
2212.570 99
2212.677 99
2212.784 99
2212.891 103
2212.997 100
2213.104 96
2213.211 93
2213.318 88
2213.424 82
2213.531 79
2213.638 76
2213.745 69
2213.851 70
2213.958 67
2214.065 64
2214.172 60
2214.279 55
2214.385 60
2214.492 61
2214.599 60
2214.706 64
2214.813 62
2214.919 65
2215.026 69
2215.133 77
2215.240 76
2215.347 75
2215.453 70
2215.560 66
2215.667 63
2215.774 60
2215.881 57
2215.988 57
2216.094 59
2216.201 63
2216.308 65
2216.415 74
2216.522 77
2216.629 80
2216.735 84
2216.842 78
2216.949 78
2217.056 75
2217.163 71
2217.270 71
2217.377 66
2217.483 64
2217.590 59
2217.697 57
2217.804 60
2217.911 64
2218.018 67
2218.125 71
2218.232 73
2218.338 74
2218.445 72
2218.552 69
2218.659 66
2218.766 62
2218.873 57
2218.980 54
2219.087 55
2219.194 55
2219.301 54
2219.407 53
2219.514 54
2219.621 57
2219.728 61
2219.835 67
2219.942 68
2220.049 68
2220.156 67
2220.263 66
2220.370 66
2220.477 68
2220.584 70
2220.691 64
2220.798 68
2220.905 67
2221.012 66
2221.118 67
2221.225 66
2221.332 64
2221.439 63
2221.546 59
2221.653 55
2221.760 55
2221.867 51
2221.974 51
2222.081 53
2222.188 56
2222.295 57
2222.402 64
2222.509 69
2222.616 73
2222.723 81
2222.830 84
2222.937 88
2223.044 84
2223.151 80
2223.258 77
2223.365 76
2223.472 73
2223.579 65
2223.686 63
2223.793 60
2223.900 61
2224.007 65
2224.114 65
2224.221 67
2224.328 69
2224.435 70
2224.542 72
2224.650 70
2224.757 71
2224.864 73
2224.971 68
2225.078 71
2225.185 70
2225.292 65
2225.399 65
2225.506 65
2225.613 68
2225.720 73
2225.827 81
2225.934 79
2226.041 73
2226.148 62
2226.255 53
2226.363 56
2226.470 59
2226.577 58
2226.684 63
2226.791 61
2226.898 59
2227.005 54
2227.112 47
2227.219 48
2227.326 47
2227.434 51
2227.541 50
2227.648 51
2227.755 54
2227.862 59
2227.969 64
2228.076 68
2228.183 71
2228.291 72
2228.398 70
2228.505 66
2228.612 62
2228.719 55
2228.826 53
2228.933 57
2229.041 60
2229.148 61
2229.255 66
2229.362 65
2229.469 70
2229.576 75
2229.684 71
2229.791 66
2229.898 60
2230.005 53
2230.112 54
2230.219 56
2230.327 57
2230.434 55
2230.541 55
2230.648 60
2230.755 59
2230.863 57
2230.970 50
2231.077 47
2231.184 47
2231.291 44
2231.399 50
2231.506 51
2231.613 54
2231.720 61
2231.827 66
2231.935 71
2232.042 71
2232.149 73
2232.256 74
2232.364 69
2232.471 69
2232.578 70
2232.685 63
2232.793 60
2232.900 58
2233.007 57
2233.114 54
2233.222 58
2233.329 57
2233.436 56
2233.543 54
2233.651 56
2233.758 59
2233.865 63
2233.972 69
2234.080 67
2234.187 65
2234.294 64
2234.401 67
2234.509 67
2234.616 68
2234.723 70
2234.831 73
2234.938 77
2235.045 78
2235.153 84
2235.260 78
2235.367 81
2235.474 81
2235.582 78
2235.689 79
2235.796 75
2235.904 74
2236.011 68
2236.118 65
2236.226 64
2236.333 64
2236.440 66
2236.548 68
2236.655 70
2236.762 72
2236.870 73
2236.977 79
2237.084 76
2237.192 74
2237.299 68
2237.406 68
2237.514 65
2237.621 64
2237.729 62
2237.836 59
2237.943 61
2238.051 60
2238.158 59
2238.265 59
2238.373 60
2238.480 62
2238.588 67
2238.695 70
2238.802 70
2238.910 71
2239.017 71
2239.125 72
2239.232 73
2239.339 71
2239.447 67
2239.554 67
2239.662 74
2239.769 75
2239.876 71
2239.984 72
2240.091 67
2240.199 66
2240.306 64
2240.413 62
2240.521 60
2240.628 60
2240.736 60
2240.843 57
2240.951 61
2241.058 66
2241.166 67
2241.273 76
2241.380 74
2241.488 69
2241.595 62
2241.703 61
2241.810 59
2241.918 59
2242.025 61
2242.133 55
2242.240 53
2242.348 55
2242.455 56
2242.563 62
2242.670 65
2242.778 66
2242.885 69
2242.993 70
2243.100 70
2243.208 65
2243.315 62
2243.423 54
2243.530 53
2243.638 55
2243.745 55
2243.853 61
2243.960 60
2244.068 60
2244.175 64
2244.283 63
2244.390 63
2244.498 66
2244.605 67
2244.713 64
2244.820 64
2244.928 62
2245.035 58
2245.143 55
2245.251 57
2245.358 58
2245.466 58
2245.573 58
2245.681 60
2245.788 61
2245.896 62
2246.003 63
2246.111 66
2246.219 70
2246.326 78
2246.434 84
2246.541 85
2246.649 83
2246.757 80
2246.864 76
2246.972 69
2247.079 67
2247.187 63
2247.294 57
2247.402 61
2247.510 61
2247.617 57
2247.725 62
2247.833 62
2247.940 62
2248.048 66
2248.155 64
2248.263 64
2248.371 66
2248.478 69
2248.586 68
2248.694 73
2248.801 77
2248.909 79
2249.016 86
2249.124 83
2249.232 81
2249.339 81
2249.447 76
2249.555 70
2249.662 65
2249.770 58
2249.878 56
2249.985 59
2250.093 62
2250.201 63
2250.308 68
2250.416 66
2250.524 66
2250.631 72
2250.739 72
2250.847 70
2250.954 67
2251.062 65
2251.170 59
2251.277 61
2251.385 64
2251.493 63
2251.601 66
2251.708 70
2251.816 72
2251.924 79
2252.031 79
2252.139 82
2252.247 85
2252.355 85
2252.462 91
2252.570 93
2252.678 93
2252.785 95
2252.893 97
2253.001 90
2253.109 89
2253.216 87
2253.324 85
2253.432 86
2253.540 84
2253.647 83
2253.755 78
2253.863 79
2253.971 76
2254.078 72
2254.186 68
2254.294 61
2254.402 60
2254.510 62
2254.617 64
2254.725 68
2254.833 68
2254.941 67
2255.048 68
2255.156 71
2255.264 74
2255.372 80
2255.480 82
2255.587 79
2255.695 77
2255.803 73
2255.911 69
2256.019 73
2256.127 70
2256.234 66
2256.342 63
2256.450 59
2256.558 59
2256.666 62
2256.773 61
2256.881 59
2256.989 62
2257.097 60
2257.205 61
2257.313 59
2257.420 55
2257.528 52
2257.636 47
2257.744 51
2257.852 55
2257.960 62
2258.068 62
2258.175 71
2258.283 73
2258.391 75
2258.499 83
2258.607 86
2258.715 88
2258.823 87
2258.931 86
2259.038 86
2259.146 86
2259.254 83
2259.362 87
2259.470 89
2259.578 88
2259.686 92
2259.794 89
2259.902 81
2260.010 77
2260.117 73
2260.225 70
2260.333 70
2260.441 71
2260.549 74
2260.657 79
2260.765 78
2260.873 78
2260.981 75
2261.089 77
2261.197 77
2261.305 73
2261.413 70
2261.521 61
2261.629 60
2261.736 60
2261.844 60
2261.952 60
2262.060 62
2262.168 66
2262.276 72
2262.384 75
2262.492 75
2262.600 73
2262.708 75
2262.816 69
2262.924 62
2263.032 57
2263.140 51
2263.248 49
2263.356 49
2263.464 47
2263.572 41
2263.680 41
2263.788 47
2263.896 49
2264.004 56
2264.112 55
2264.220 57
2264.328 58
2264.436 60
2264.544 64
2264.652 62
2264.760 61
2264.868 58
2264.976 59
2265.084 61
2265.192 62
2265.300 63
2265.408 66
2265.516 71
2265.624 71
2265.733 71
2265.841 75
2265.949 71
2266.057 69
2266.165 69
2266.273 65
2266.381 63
2266.489 62
2266.597 60
2266.705 59
2266.813 64
2266.921 66
2267.029 67
2267.137 73
2267.245 71
2267.354 68
2267.462 65
2267.570 60
2267.678 58
2267.786 56
2267.894 55
2268.002 51
2268.110 42
2268.218 40
2268.326 43
2268.435 44
2268.543 46
2268.651 47
2268.759 43
2268.867 47
2268.975 48
2269.083 48
2269.191 46
2269.300 47
2269.408 52
2269.516 56
2269.624 62
2269.732 71
2269.840 72
2269.948 74
2270.057 75
2270.165 76
2270.273 77
2270.381 72
2270.489 65
2270.597 56
2270.706 54
2270.814 56
2270.922 56
2271.030 57
2271.138 60
2271.246 61
2271.355 61
2271.463 68
2271.571 70
2271.679 70
2271.787 66
2271.896 64
2272.004 64
2272.112 62
2272.220 62
2272.328 57
2272.437 55
2272.545 54
2272.653 52
2272.761 48
2272.870 49
2272.978 51
2273.086 56
2273.194 55
2273.302 51
2273.411 49
2273.519 46
2273.627 48
2273.735 53
2273.844 55
2273.952 57
2274.060 59
2274.168 56
2274.277 54
2274.385 54
2274.493 52
2274.601 52
2274.710 55
2274.818 58
2274.926 65
2275.035 66
2275.143 65
2275.251 64
2275.359 67
2275.468 66
2275.576 64
2275.684 58
2275.793 50
2275.901 46
2276.009 48
2276.117 52
2276.226 51
2276.334 59
2276.442 58
2276.551 62
2276.659 68
2276.767 64
2276.876 63
2276.984 62
2277.092 61
2277.201 52
2277.309 48
2277.417 45
2277.526 42
2277.634 47
2277.742 49
2277.851 49
2277.959 50
2278.067 55
2278.176 55
2278.284 53
2278.392 58
2278.501 52
2278.609 52
2278.717 55
2278.826 52
2278.934 56
2279.043 58
2279.151 55
2279.259 60
2279.368 56
2279.476 53
2279.584 47
2279.693 44
2279.801 44
2279.910 46
2280.018 52
2280.126 54
2280.235 58
2280.343 58
2280.452 58
2280.560 59
2280.668 61
2280.777 61
2280.885 63
2280.994 61
2281.102 65
2281.211 69
2281.319 71
2281.427 81
2281.536 81
2281.644 84
2281.753 86
2281.861 89
2281.970 88
2282.078 85
2282.186 84
2282.295 78
2282.403 82
2282.512 84
2282.620 84
2282.729 87
2282.837 85
2282.946 85
2283.054 83
2283.163 78
2283.271 80
2283.380 80
2283.488 78
2283.597 74
2283.705 83
2283.814 86
2283.922 92
2284.030 98
2284.139 94
2284.247 94
2284.356 95
2284.464 86
2284.573 82
2284.682 79
2284.790 73
2284.899 71
2285.007 73
2285.116 73
2285.224 74
2285.333 77
2285.441 74
2285.550 73
2285.658 67
2285.767 66
2285.875 65
2285.984 63
2286.092 62
2286.201 61
2286.309 66
2286.418 68
2286.527 72
2286.635 70
2286.744 70
2286.852 69
2286.961 64
2287.069 67
2287.178 66
2287.287 66
2287.395 65
2287.504 66
2287.612 64
2287.721 65
2287.829 71
2287.938 73
2288.047 75
2288.155 75
2288.264 71
2288.372 73
2288.481 71
2288.590 67
2288.698 64
2288.807 55
2288.915 56
2289.024 57
2289.133 55
2289.241 59
2289.350 61
2289.459 62
2289.567 64
2289.676 71
2289.784 70
2289.893 69
2290.002 72
2290.110 67
2290.219 68
2290.328 68
2290.436 66
2290.545 64
2290.654 62
2290.762 63
2290.871 62
2290.980 59
2291.088 62
2291.197 62
2291.306 61
2291.414 60
2291.523 56
2291.632 56
2291.740 54
2291.849 60
2291.958 57
2292.066 55
2292.175 52
2292.284 46
2292.392 47
2292.501 48
2292.610 53
2292.718 56
2292.827 56
2292.936 58
2293.045 60
2293.153 62
2293.262 62
2293.371 60
2293.479 55
2293.588 52
2293.697 56
2293.806 57
2293.914 62
2294.023 60
2294.132 57
2294.241 56
2294.349 53
2294.458 56
2294.567 53
2294.676 53
2294.784 54
2294.893 54
2295.002 54
2295.111 56
2295.219 64
2295.328 66
2295.437 69
2295.546 70
2295.654 74
2295.763 71
2295.872 70
2295.981 72
2296.090 69
2296.198 69
2296.307 64
2296.416 62
2296.525 60
2296.634 53
2296.742 54
2296.851 55
2296.960 57
2297.069 55
2297.178 55
2297.286 52
2297.395 52
2297.504 50
2297.613 44
2297.722 42
2297.831 39
2297.939 38
2298.048 42
2298.157 48
2298.266 53
2298.375 59
2298.484 58
2298.592 55
2298.701 53
2298.810 50
2298.919 47
2299.028 48
2299.137 49
2299.246 52
2299.354 57
2299.463 61
2299.572 62
2299.681 61
2299.790 58
2299.899 56
2300.008 51
2300.117 51
2300.225 52
2300.334 52
2300.443 53
2300.552 54
2300.661 51
2300.770 49
2300.879 45
2300.988 46
2301.097 45
2301.206 45
2301.314 42
2301.423 43
2301.532 44
2301.641 43
2301.750 44
2301.859 40
2301.968 40
2302.077 41
2302.186 48
2302.295 46
2302.404 46
2302.513 49
2302.622 48
2302.731 56
2302.839 58
2302.948 59
2303.057 62
2303.166 66
2303.275 65
2303.384 65
2303.493 68
2303.602 63
2303.711 61
2303.820 61
2303.929 55
2304.038 61
2304.147 67
2304.256 74
2304.365 82
2304.474 88
2304.583 87
2304.692 85
2304.801 81
2304.910 78
2305.019 76
2305.128 74
2305.237 72
2305.346 68
2305.455 63
2305.564 63
2305.673 68
2305.782 67
2305.891 64
2306.000 63
2306.109 63
2306.218 63
2306.327 59
2306.436 57
2306.545 53
2306.654 52
2306.763 54
2306.872 56
2306.981 57
2307.091 64
2307.200 69
2307.309 72
2307.418 75
2307.527 73
2307.636 71
2307.745 69
2307.854 67
2307.963 68
2308.072 63
2308.181 60
2308.290 54
2308.399 52
2308.508 53
2308.618 55
2308.727 60
2308.836 58
2308.945 59
2309.054 61
2309.163 64
2309.272 63
2309.381 62
2309.490 60
2309.599 55
2309.709 52
2309.818 53
2309.927 53
2310.036 54
2310.145 59
2310.254 61
2310.363 62
2310.472 63
2310.582 61
2310.691 57
2310.800 58
2310.909 59
2311.018 61
2311.127 64
2311.236 63
2311.346 67
2311.455 65
2311.564 63
2311.673 62
2311.782 57
2311.891 58
2312.001 56
2312.110 59
2312.219 62
2312.328 63
2312.437 67
2312.546 66
2312.656 62
2312.765 61
2312.874 58
2312.983 57
2313.092 53
2313.202 53
2313.311 50
2313.420 50
2313.529 55
2313.638 62
2313.748 63
2313.857 66
2313.966 71
2314.075 74
2314.185 76
2314.294 76
2314.403 72
2314.512 74
2314.621 72
2314.731 71
2314.840 73
2314.949 73
2315.058 69
2315.168 67
2315.277 62
2315.386 59
2315.495 55
2315.605 55
2315.714 57
2315.823 54
2315.932 59
2316.042 62
2316.151 64
2316.260 65
2316.370 71
2316.479 74
2316.588 71
2316.697 78
2316.807 73
2316.916 73
2317.025 72
2317.135 70
2317.244 71
2317.353 68
2317.462 68
2317.572 61
2317.681 62
2317.790 63
2317.900 63
2318.009 66
2318.118 63
2318.228 60
2318.337 57
2318.446 50
2318.556 45
2318.665 45
2318.774 48
2318.884 53
2318.993 55
2319.102 57
2319.212 63
2319.321 61
2319.430 62
2319.540 60
2319.649 57
2319.758 59
2319.868 63
2319.977 67
2320.086 73
2320.196 73
2320.305 73
2320.415 72
2320.524 68
2320.633 70
2320.743 67
2320.852 67
2320.961 70
2321.071 67
2321.180 66
2321.290 63
2321.399 58
2321.508 53
2321.618 52
2321.727 51
2321.837 47
2321.946 51
2322.055 53
2322.165 52
2322.274 55
2322.384 51
2322.493 48
2322.603 48
2322.712 49
2322.821 49
2322.931 53
2323.040 57
2323.150 65
2323.259 69
2323.369 72
2323.478 72
2323.588 69
2323.697 71
2323.806 65
2323.916 64
2324.025 62
2324.135 58
2324.244 61
2324.354 61
2324.463 59
2324.573 58
2324.682 60
2324.792 59
2324.901 61
2325.011 57
2325.120 51
2325.230 49
2325.339 46
2325.449 46
2325.558 48
2325.668 52
2325.777 53
2325.887 55
2325.996 49
2326.106 46
2326.215 42
2326.325 39
2326.434 40
2326.544 40
2326.653 45
2326.763 43
2326.872 48
2326.982 50
2327.091 57
2327.201 58
2327.310 58
2327.420 57
2327.529 56
2327.639 56
2327.749 62
2327.858 63
2327.968 67
2328.077 71
2328.187 67
2328.296 66
2328.406 65
2328.515 64
2328.625 60
2328.735 60
2328.844 58
2328.954 59
2329.063 62
2329.173 63
2329.283 60
2329.392 56
2329.502 56
2329.611 58
2329.721 64
2329.830 69
2329.940 76
2330.050 84
2330.159 97
2330.269 105
2330.379 104
2330.488 101
2330.598 98
2330.707 96
2330.817 87
2330.927 81
2331.036 76
2331.146 68
2331.256 68
2331.365 71
2331.475 68
2331.584 75
2331.694 86
2331.804 88
2331.913 89
2332.023 89
2332.133 81
2332.242 77
2332.352 74
2332.462 67
2332.571 62
2332.681 62
2332.791 60
2332.900 62
2333.010 67
2333.120 71
2333.229 77
2333.339 82
2333.449 80
2333.558 77
2333.668 80
2333.778 76
2333.888 74
2333.997 75
2334.107 73
2334.217 71
2334.326 70
2334.436 68
2334.546 67
2334.655 66
2334.765 62
2334.875 61
2334.985 59
2335.094 53
2335.204 53
2335.314 51
2335.424 48
2335.533 43
2335.643 46
2335.753 47
2335.863 45
2335.972 42
2336.082 41
2336.192 42
2336.302 45
2336.411 54
2336.521 58
2336.631 61
2336.741 65
2336.850 64
2336.960 64
2337.070 64
2337.180 60
2337.289 61
2337.399 62
2337.509 60
2337.619 57
2337.729 57
2337.838 55
2337.948 57
2338.058 62
2338.168 62
2338.278 67
2338.387 71
2338.497 69
2338.607 69
2338.717 70
2338.827 68
2338.936 70
2339.046 72
2339.156 72
2339.266 71
2339.376 74
2339.486 68
2339.595 65
2339.705 67
2339.815 68
2339.925 68
2340.035 73
2340.145 72
2340.254 69
2340.364 67
2340.474 63
2340.584 61
2340.694 58
2340.804 61
2340.914 60
2341.023 59
2341.133 58
2341.243 60
2341.353 63
2341.463 67
2341.573 76
2341.683 82
2341.793 78
2341.903 74
2342.012 70
2342.122 65
2342.232 56
2342.342 49
2342.452 41
2342.562 36
2342.672 33
2342.782 33
2342.892 33
2343.002 30
2343.111 32
2343.221 34
2343.331 37
2343.441 40
2343.551 45
2343.661 47
2343.771 50
2343.881 56
2343.991 60
2344.101 60
2344.211 59
2344.321 59
2344.431 53
2344.541 53
2344.651 54
2344.761 51
2344.871 51
2344.980 50
2345.090 46
2345.200 40
2345.310 43
2345.420 43
2345.530 41
2345.640 41
2345.750 44
2345.860 48
2345.970 53
2346.080 56
2346.190 54
2346.300 55
2346.410 55
2346.520 51
2346.630 52
2346.740 54
2346.850 54
2346.960 58
2347.070 53
2347.180 51
2347.290 47
2347.400 43
2347.510 43
2347.620 43
2347.730 43
2347.840 39
2347.950 45
2348.061 48
2348.171 52
2348.281 62
2348.391 59
2348.501 60
2348.611 65
2348.721 64
2348.831 68
2348.941 67
2349.051 64
2349.161 58
2349.271 59
2349.381 57
2349.491 56
2349.601 60
2349.711 60
2349.821 64
2349.932 64
2350.042 72
2350.152 71
2350.262 70
2350.372 65
2350.482 60
2350.592 57
2350.702 56
2350.812 55
2350.922 52
2351.032 53
2351.143 53
2351.253 53
2351.363 54
2351.473 51
2351.583 50
2351.693 49
2351.803 50
2351.913 50
2352.024 54
2352.134 59
2352.244 62
2352.354 64
2352.464 62
2352.574 60
2352.684 57
2352.795 53
2352.905 52
2353.015 54
2353.125 53
2353.235 54
2353.345 54
2353.456 56
2353.566 54
2353.676 57
2353.786 61
2353.896 68
2354.006 75
2354.117 79
2354.227 82
2354.337 85
2354.447 79
2354.557 78
2354.668 79
2354.778 78
2354.888 80
2354.998 82
2355.108 78
2355.219 72
2355.329 70
2355.439 65
2355.549 64
2355.659 61
2355.770 62
2355.880 61
2355.990 60
2356.100 64
2356.211 59
2356.321 56
2356.431 54
2356.541 50
2356.651 52
2356.762 61
2356.872 66
2356.982 73
2357.092 80
2357.203 78
2357.313 77
2357.423 77
2357.534 72
2357.644 75
2357.754 75
2357.864 72
2357.975 77
2358.085 74
2358.195 71
2358.305 68
2358.416 63
2358.526 63
2358.636 63
2358.747 62
2358.857 60
2358.967 63
2359.077 63
2359.188 60
2359.298 58
2359.408 56
2359.519 55
2359.629 54
2359.739 56
2359.850 58
2359.960 58
2360.070 61
2360.181 60
2360.291 68
2360.401 74
2360.512 74
2360.622 82
2360.732 79
2360.843 78
2360.953 82
2361.063 76
2361.174 76
2361.284 75
2361.394 71
2361.505 72
2361.615 75
2361.725 71
2361.836 66
2361.946 61
2362.057 57
2362.167 58
2362.277 55
2362.388 65
2362.498 64
2362.608 66
2362.719 69
2362.829 66
2362.940 64
2363.050 66
2363.160 72
2363.271 69
2363.381 68
2363.492 65
2363.602 61
2363.712 63
2363.823 69
2363.933 72
2364.044 71
2364.154 76
2364.265 75
2364.375 76
2364.485 80
2364.596 82
2364.706 79
2364.817 75
2364.927 74
2365.038 68
2365.148 65
2365.259 64
2365.369 57
2365.479 51
2365.590 50
2365.700 50
2365.811 53
2365.921 52
2366.032 51
2366.142 53
2366.253 52
2366.363 56
2366.474 55
2366.584 54
2366.695 54
2366.805 55
2366.916 52
2367.026 50
2367.137 48
2367.247 42
2367.358 49
2367.468 48
2367.579 49
2367.689 52
2367.800 46
2367.910 46
2368.021 47
2368.131 48
2368.242 51
2368.352 54
2368.463 58
2368.573 60
2368.684 55
2368.794 52
2368.905 47
2369.015 45
2369.126 46
2369.236 47
2369.347 49
2369.457 49
2369.568 49
2369.679 48
2369.789 46
2369.900 44
2370.010 48
2370.121 49
2370.231 50
2370.342 49
2370.453 53
2370.563 54
2370.674 56
2370.784 53
2370.895 52
2371.005 50
2371.116 48
2371.227 49
2371.337 45
2371.448 47
2371.558 51
2371.669 51
2371.780 53
2371.890 52
2372.001 48
2372.111 48
2372.222 47
2372.333 46
2372.443 48
2372.554 50
2372.665 56
2372.775 64
2372.886 74
2372.996 79
2373.107 83
2373.218 80
2373.328 79
2373.439 73
2373.550 69
2373.660 69
2373.771 72
2373.882 74
2373.992 75
2374.103 77
2374.214 77
2374.324 80
2374.435 82
2374.546 77
2374.656 72
2374.767 69
2374.878 63
2374.988 64
2375.099 69
2375.210 68
2375.320 66
2375.431 66
2375.542 66
2375.652 67
2375.763 65
2375.874 66
2375.984 68
2376.095 63
2376.206 59
2376.317 57
2376.427 54
2376.538 56
2376.649 60
2376.759 57
2376.870 53
2376.981 55
2377.092 58
2377.202 62
2377.313 66
2377.424 70
2377.535 67
2377.645 68
2377.756 67
2377.867 63
2377.978 63
2378.088 59
2378.199 58
2378.310 56
2378.421 55
2378.531 54
2378.642 56
2378.753 58
2378.864 61
2378.974 60
2379.085 59
2379.196 52
2379.307 48
2379.418 48
2379.528 51
2379.639 55
2379.750 55
2379.861 57
2379.972 60
2380.082 63
2380.193 65
2380.304 64
2380.415 61
2380.526 56
2380.636 52
2380.747 48
2380.858 42
2380.969 40
2381.080 43
2381.191 45
2381.301 46
2381.412 50
2381.523 52
2381.634 57
2381.745 65
2381.856 70
2381.966 72
2382.077 76
2382.188 78
2382.299 79
2382.410 75
2382.521 74
2382.632 70
2382.742 65
2382.853 64
2382.964 61
2383.075 55
2383.186 54
2383.297 50
2383.408 49
2383.519 50
2383.629 49
2383.740 46
2383.851 48
2383.962 51
2384.073 56
2384.184 60
2384.295 62
2384.406 65
2384.517 65
2384.628 63
2384.738 63
2384.849 64
2384.960 62
2385.071 60
2385.182 57
2385.293 49
2385.404 49
2385.515 52
2385.626 50
2385.737 50
2385.848 50
2385.959 44
2386.070 43
2386.181 42
2386.291 42
2386.402 42
2386.513 43
2386.624 43
2386.735 45
2386.846 44
2386.957 43
2387.068 41
2387.179 38
2387.290 39
2387.401 42
2387.512 43
2387.623 47
2387.734 47
2387.845 46
2387.956 49
2388.067 47
2388.178 46
2388.289 45
2388.400 48
2388.511 43
2388.622 43
2388.733 43
2388.844 38
2388.955 43
2389.066 45
2389.177 47
2389.288 45
2389.399 49
2389.510 51
2389.621 49
2389.732 48
2389.843 46
2389.954 50
2390.065 50
2390.176 49
2390.287 47
2390.398 44
2390.509 43
2390.621 45
2390.732 43
2390.843 42
2390.954 44
2391.065 46
2391.176 49
2391.287 51
2391.398 53
2391.509 51
2391.620 55
2391.731 58
2391.842 59
2391.953 60
2392.064 62
2392.176 61
2392.287 62
2392.398 62
2392.509 58
2392.620 57
2392.731 56
2392.842 53
2392.953 51
2393.064 53
2393.175 54
2393.287 58
2393.398 60
2393.509 63
2393.620 63
2393.731 66
2393.842 62
2393.953 60
2394.064 61
2394.176 62
2394.287 65
2394.398 68
2394.509 67
2394.620 67
2394.731 69
2394.842 60
2394.954 55
2395.065 52
2395.176 47
2395.287 45
2395.398 44
2395.509 44
2395.621 45
2395.732 45
2395.843 45
2395.954 44
2396.065 47
2396.176 47
2396.288 49
2396.399 51
2396.510 56
2396.621 58
2396.732 58
2396.844 62
2396.955 58
2397.066 52
2397.177 50
2397.288 47
2397.400 43
2397.511 39
2397.622 39
2397.733 35
2397.845 36
2397.956 41
2398.067 41
2398.178 45
2398.289 42
2398.401 37
2398.512 37
2398.623 41
2398.734 39
2398.846 41
2398.957 41
2399.068 43
2399.179 43
2399.291 48
2399.402 49
2399.513 50
2399.624 56
2399.736 51
2399.847 51
2399.958 49
2400.070 48
2400.181 50
2400.292 52
2400.403 54
2400.515 58
2400.626 66
2400.737 67
2400.849 71
2400.960 70
2401.071 65
2401.182 65
2401.294 67
2401.405 72
2401.516 70
2401.628 71
2401.739 71
2401.850 64
2401.962 61
2402.073 59
2402.184 52
2402.296 48
2402.407 55
2402.518 59
2402.630 64
2402.741 69
2402.852 69
2402.964 70
2403.075 73
2403.186 71
2403.298 74
2403.409 74
2403.520 71
2403.632 69
2403.743 64
2403.854 67
2403.966 73
2404.077 78
2404.189 75
2404.300 72
2404.411 66
2404.523 61
2404.634 58
2404.746 58
2404.857 60
2404.968 57
2405.080 51
2405.191 52
2405.302 55
2405.414 57
2405.525 63
2405.637 65
2405.748 64
2405.860 64
2405.971 57
2406.082 52
2406.194 50
2406.305 48
2406.417 48
2406.528 47
2406.639 44
2406.751 47
2406.862 51
2406.974 55
2407.085 59
2407.197 61
2407.308 57
2407.420 54
2407.531 49
2407.642 44
2407.754 47
2407.865 47
2407.977 49
2408.088 47
2408.200 50
2408.311 51
2408.423 55
2408.534 57
2408.646 57
2408.757 54
2408.869 55
2408.980 54
2409.092 60
2409.203 65
2409.315 69
2409.426 73
2409.538 70
2409.649 68
2409.761 65
2409.872 66
2409.984 61
2410.095 59
2410.207 56
2410.318 53
2410.430 56
2410.541 55
2410.653 55
2410.764 57
2410.876 55
2410.987 55
2411.099 51
2411.210 51
2411.322 52
2411.434 53
2411.545 57
2411.657 56
2411.768 58
2411.880 61
2411.991 64
2412.103 66
2412.214 68
2412.326 65
2412.438 62
2412.549 56
2412.661 53
2412.772 53
2412.884 53
2412.995 51
2413.107 50
2413.219 52
2413.330 54
2413.442 52
2413.553 49
2413.665 48
2413.777 48
2413.888 42
2414.000 43
2414.111 45
2414.223 47
2414.335 52
2414.446 50
2414.558 50
2414.669 53
2414.781 51
2414.893 48
2415.004 48
2415.116 46
2415.228 42
2415.339 42
2415.451 43
2415.563 42
2415.674 44
2415.786 43
2415.897 45
2416.009 47
2416.121 51
2416.232 52
2416.344 52
2416.456 56
2416.567 60
2416.679 58
2416.791 55
2416.902 56
2417.014 49
2417.126 45
2417.237 43
2417.349 37
2417.461 31
2417.573 31
2417.684 31
2417.796 31
2417.908 32
2418.019 37
2418.131 40
2418.243 47
2418.354 50
2418.466 53
2418.578 53
2418.690 49
2418.801 51
2418.913 49
2419.025 48
2419.136 48
2419.248 48
2419.360 53
2419.472 55
2419.583 61
2419.695 64
2419.807 62
2419.919 63
2420.030 61
2420.142 63
2420.254 58
2420.366 55
2420.477 52
2420.589 50
2420.701 45
2420.813 43
2420.924 41
2421.036 36
2421.148 38
2421.260 38
2421.372 40
2421.483 40
2421.595 45
2421.707 44
2421.819 46
2421.931 48
2422.042 48
2422.154 51
2422.266 55
2422.378 58
2422.490 56
2422.601 53
2422.713 48
2422.825 45
2422.937 44
2423.049 42
2423.160 44
2423.272 41
2423.384 40
2423.496 41
2423.608 44
2423.720 48
2423.831 43
2423.943 44
2424.055 49
2424.167 54
2424.279 63
2424.391 65
2424.502 67
2424.614 70
2424.726 65
2424.838 62
2424.950 57
2425.062 50
2425.174 45
2425.286 42
2425.397 37
2425.509 36
2425.621 36
2425.733 37
2425.845 37
2425.957 42
2426.069 44
2426.181 45
2426.292 45
2426.404 42
2426.516 48
2426.628 51
2426.740 60
2426.852 67
2426.964 70
2427.076 72
2427.188 72
2427.300 72
2427.412 72
2427.524 70
2427.635 67
2427.747 65
2427.859 64
2427.971 66
2428.083 61
2428.195 61
2428.307 61
2428.419 62
2428.531 62
2428.643 61
2428.755 65
2428.867 68
2428.979 73
2429.091 84
2429.203 85
2429.315 84
2429.427 82
2429.539 77
2429.651 72
2429.763 71
2429.875 69
2429.987 61
2430.099 62
2430.210 59
2430.322 53
2430.434 50
2430.546 47
2430.658 46
2430.770 43
2430.882 48
2430.994 50
2431.106 51
2431.219 51
2431.331 49
2431.443 54
2431.555 57
2431.667 62
2431.779 66
2431.891 62
2432.003 62
2432.115 59
2432.227 61
2432.339 63
2432.451 64
2432.563 63
2432.675 68
2432.787 64
2432.899 60
2433.011 58
2433.123 52
2433.235 50
2433.347 51
2433.459 47
2433.571 48
2433.683 54
2433.796 59
2433.908 65
2434.020 71
2434.132 70
2434.244 66
2434.356 62
2434.468 55
2434.580 50
2434.692 50
2434.804 53
2434.916 55
2435.028 56
2435.141 51
2435.253 45
2435.365 38
2435.477 35
2435.589 34
2435.701 30
2435.813 26
2435.925 31
2436.038 34
2436.150 39
2436.262 41
2436.374 41
2436.486 42
2436.598 44
2436.710 46
2436.822 48
2436.935 51
2437.047 51
2437.159 55
2437.271 61
2437.383 59
2437.495 60
2437.608 55
2437.720 51
2437.832 48
2437.944 44
2438.056 40
2438.168 40
2438.281 42
2438.393 40
2438.505 41
2438.617 40
2438.729 44
2438.841 48
2438.954 55
2439.066 56
2439.178 55
2439.290 56
2439.402 51
2439.515 45
2439.627 43
2439.739 41
2439.851 33
2439.964 38
2440.076 38
2440.188 39
2440.300 46
2440.412 41
2440.525 41
2440.637 43
2440.749 43
2440.861 47
2440.974 49
2441.086 53
2441.198 51
2441.310 54
2441.423 55
2441.535 55
2441.647 60
2441.759 55
2441.872 55
2441.984 52
2442.096 51
2442.208 52
2442.321 51
2442.433 49
2442.545 46
2442.658 43
2442.770 44
2442.882 44
2442.994 44
2443.107 48
2443.219 51
2443.331 57
2443.444 63
2443.556 62
2443.668 59
2443.781 55
2443.893 53
2444.005 52
2444.117 49
2444.230 45
2444.342 40
2444.454 36
2444.567 37
2444.679 37
2444.791 42
2444.904 47
2445.016 50
2445.128 55
2445.241 60
2445.353 58
2445.465 60
2445.578 60
2445.690 58
2445.802 56
2445.915 54
2446.027 53
2446.140 49
2446.252 52
2446.364 54
2446.477 51
2446.589 50
2446.701 55
2446.814 55
2446.926 52
2447.039 46
2447.151 39
2447.263 38
2447.376 39
2447.488 35
2447.601 32
2447.713 33
2447.825 34
2447.938 37
2448.050 40
2448.163 41
2448.275 41
2448.387 43
2448.500 47
2448.612 50
2448.725 58
2448.837 62
2448.949 58
2449.062 55
2449.174 53
2449.287 45
2449.399 42
2449.512 41
2449.624 40
2449.737 38
2449.849 41
2449.961 42
2450.074 40
2450.186 45
2450.299 44
2450.411 45
2450.524 43
2450.636 50
2450.749 54
2450.861 57
2450.974 62
2451.086 64
2451.199 69
2451.311 71
2451.424 75
2451.536 75
2451.649 80
2451.761 80
2451.874 81
2451.986 85
2452.099 82
2452.211 81
2452.324 79
2452.436 72
2452.549 71
2452.661 66
2452.774 61
2452.886 58
2452.999 57
2453.111 59
2453.224 63
2453.336 64
2453.449 64
2453.561 65
2453.674 64
2453.786 65
2453.899 67
2454.012 68
2454.124 67
2454.237 69
2454.349 70
2454.462 66
2454.574 67
2454.687 60
2454.799 59
2454.912 58
2455.025 52
2455.137 50
2455.250 48
2455.362 49
2455.475 54
2455.587 53
2455.700 58
2455.813 55
2455.925 52
2456.038 47
2456.150 44
2456.263 43
2456.376 38
2456.488 41
2456.601 41
2456.713 44
2456.826 46
2456.939 48
2457.051 49
2457.164 50
2457.277 49
2457.389 49
2457.502 51
2457.614 49
2457.727 48
2457.840 45
2457.952 42
2458.065 41
2458.178 43
2458.290 44
2458.403 47
2458.516 49
2458.628 52
2458.741 53
2458.854 54
2458.966 53
2459.079 48
2459.192 50
2459.304 55
2459.417 57
2459.530 62
2459.642 65
2459.755 64
2459.868 62
2459.980 61
2460.093 54
2460.206 49
2460.318 49
2460.431 45
2460.544 46
2460.656 44
2460.769 42
2460.882 40
2460.995 42
2461.107 48
2461.220 52
2461.333 57
2461.445 62
2461.558 61
2461.671 60
2461.784 58
2461.896 55
2462.009 52
2462.122 50
2462.235 43
2462.347 37
2462.460 40
2462.573 43
2462.686 50
2462.798 56
2462.911 53
2463.024 51
2463.137 51
2463.249 50
2463.362 48
2463.475 47
2463.588 44
2463.700 40
2463.813 46
2463.926 49
2464.039 51
2464.152 57
2464.264 56
2464.377 57
2464.490 58
2464.603 61
2464.716 62
2464.828 61
2464.941 56
2465.054 53
2465.167 49
2465.280 46
2465.392 38
2465.505 35
2465.618 36
2465.731 36
2465.844 38
2465.956 38
2466.069 41
2466.182 43
2466.295 47
2466.408 46
2466.521 47
2466.634 47
2466.746 45
2466.859 47
2466.972 46
2467.085 46
2467.198 51
2467.311 55
2467.423 52
2467.536 50
2467.649 41
2467.762 38
2467.875 41
2467.988 41
2468.101 42
2468.214 40
2468.326 37
2468.439 36
2468.552 33
2468.665 32
2468.778 31
2468.891 31
2469.004 35
2469.117 40
2469.230 42
2469.343 42
2469.455 42
2469.568 40
2469.681 42
2469.794 43
2469.907 45
2470.020 45
2470.133 43
2470.246 44
2470.359 48
2470.472 46
2470.585 47
2470.698 46
2470.811 43
2470.923 40
2471.036 40
2471.149 41
2471.262 41
2471.375 44
2471.488 42
2471.601 40
2471.714 43
2471.827 39
2471.940 37
2472.053 36
2472.166 35
2472.279 33
2472.392 39
2472.505 43
2472.618 50
2472.731 52
2472.844 52
2472.957 51
2473.070 49
2473.183 53
2473.296 50
2473.409 49
2473.522 46
2473.635 43
2473.748 44
2473.861 45
2473.974 50
2474.087 51
2474.200 49
2474.313 45
2474.426 42
2474.539 39
2474.652 40
2474.765 43
2474.878 48
2474.991 48
2475.104 52
2475.217 56
2475.330 60
2475.443 59
2475.556 60
2475.669 60
2475.783 62
2475.896 66
2476.009 68
2476.122 66
2476.235 59
2476.348 55
2476.461 51
2476.574 50
2476.687 46
2476.800 44
2476.913 45
2477.026 47
2477.139 51
2477.253 49
2477.366 56
2477.479 60
2477.592 66
2477.705 67
2477.818 66
2477.931 68
2478.044 67
2478.157 67
2478.270 71
2478.384 70
2478.497 67
2478.610 67
2478.723 65
2478.836 66
2478.949 71
2479.062 74
2479.175 70
2479.289 68
2479.402 59
2479.515 55
2479.628 56
2479.741 57
2479.854 56
2479.968 55
2480.081 54
2480.194 55
2480.307 55
2480.420 51
2480.533 53
2480.646 51
2480.760 50
2480.873 51
2480.986 47
2481.099 45
2481.212 45
2481.326 38
2481.439 38
2481.552 37
2481.665 34
2481.778 30
2481.892 30
2482.005 33
2482.118 36
2482.231 41
2482.344 39
2482.458 39
2482.571 39
2482.684 44
2482.797 47
2482.910 47
2483.024 48
2483.137 43
2483.250 46
2483.363 44
2483.477 40
2483.590 39
2483.703 36
2483.816 37
2483.930 38
2484.043 39
2484.156 42
2484.269 42
2484.383 39
2484.496 39
2484.609 42
2484.722 44
2484.836 51
2484.949 53
2485.062 51
2485.175 50
2485.289 45
2485.402 43
2485.515 45
2485.629 49
2485.742 51
2485.855 54
2485.968 54
2486.082 52
2486.195 49
2486.308 45
2486.422 45
2486.535 46
2486.648 47
2486.762 53
2486.875 52
2486.988 52
2487.102 52
2487.215 53
2487.328 47
2487.442 46
2487.555 48
2487.668 44
2487.782 48
2487.895 49
2488.008 50
2488.122 51
2488.235 48
2488.348 48
2488.462 52
2488.575 55
2488.688 55
2488.802 55
2488.915 56
2489.028 55
2489.142 56
2489.255 58
2489.369 60
2489.482 65
2489.595 63
2489.709 59
2489.822 53
2489.935 48
2490.049 45
2490.162 45
2490.276 44
2490.389 43
2490.502 46
2490.616 47
2490.729 46
2490.843 51
2490.956 47
2491.069 44
2491.183 37
2491.296 34
2491.410 38
2491.523 39
2491.637 40
2491.750 40
2491.863 41
2491.977 43
2492.090 48
2492.204 54
2492.317 56
2492.431 59
2492.544 60
2492.658 69
2492.771 63
2492.884 58
2492.998 53
2493.111 47
2493.225 44
2493.338 43
2493.452 42
2493.565 41
2493.679 39
2493.792 41
2493.906 44
2494.019 47
2494.133 49
2494.246 48
2494.360 47
2494.473 49
2494.587 48
2494.700 49
2494.814 51
2494.927 47
2495.041 47
2495.154 44
2495.268 42
2495.381 37
2495.495 38
2495.608 39
2495.722 41
2495.835 43
2495.949 47
2496.062 49
2496.176 53
2496.289 58
2496.403 60
2496.516 59
2496.630 61
2496.743 59
2496.857 58
2496.971 58
2497.084 61
2497.198 59
2497.311 55
2497.425 54
2497.538 54
2497.652 55
2497.765 58
2497.879 59
2497.993 59
2498.106 65
2498.220 66
2498.333 66
2498.447 69
2498.561 64
2498.674 58
2498.788 54
2498.901 52
2499.015 48
2499.129 49
2499.242 48
2499.356 50
2499.469 46
2499.583 44
2499.697 46
2499.810 46
2499.924 42
2500.037 43
2500.151 42
2500.265 42
2500.378 41
2500.492 40
2500.606 38
2500.719 37
2500.833 41
2500.946 41
2501.060 42
2501.174 46
2501.287 48
2501.401 47
2501.515 52
2501.628 59
2501.742 62
2501.856 60
2501.969 56
2502.083 50
2502.197 46
2502.310 45
2502.424 44
2502.538 42
2502.651 40
2502.765 40
2502.879 41
2502.993 44
2503.106 41
2503.220 41
2503.334 38
2503.447 37
2503.561 36
2503.675 33
2503.788 33
2503.902 35
2504.016 35
2504.130 40
2504.243 41
2504.357 39
2504.471 40
2504.584 45
2504.698 47
2504.812 47
2504.926 52
2505.039 50
2505.153 52
2505.267 56
2505.381 57
2505.494 54
2505.608 51
2505.722 50
2505.836 45
2505.949 44
2506.063 42
2506.177 42
2506.291 41
2506.404 41
2506.518 42
2506.632 42
2506.746 38
2506.860 37
2506.973 37
2507.087 35
2507.201 37
2507.315 40
2507.429 39
2507.542 39
2507.656 41
2507.770 36
2507.884 34
2507.998 31
2508.111 34
2508.225 30
2508.339 30
2508.453 32
2508.567 33
2508.680 43
2508.794 45
2508.908 46
2509.022 44
2509.136 46
2509.250 49
2509.363 46
2509.477 55
2509.591 51
2509.705 49
2509.819 45
2509.933 39
2510.046 36
2510.160 36
2510.274 37
2510.388 38
2510.502 41
2510.616 41
2510.730 40
2510.844 40
2510.957 39
2511.071 39
2511.185 42
2511.299 40
2511.413 44
2511.527 45
2511.641 43
2511.755 47
2511.869 46
2511.982 45
2512.096 42
2512.210 43
2512.324 47
2512.438 52
2512.552 59
2512.666 66
2512.780 67
2512.894 64
2513.008 57
2513.122 51
2513.235 45
2513.349 42
2513.463 35
2513.577 33
2513.691 32
2513.805 36
2513.919 40
2514.033 47
2514.147 50
2514.261 53
2514.375 59
2514.489 63
2514.603 64
2514.717 64
2514.831 64
2514.945 65
2515.059 58
2515.173 51
2515.287 48
2515.401 40
2515.515 41
2515.629 40
2515.743 39
2515.857 40
2515.971 48
2516.085 48
2516.199 46
2516.313 52
2516.427 48
2516.541 50
2516.655 56
2516.769 59
2516.883 63
2516.997 60
2517.111 61
2517.225 59
2517.339 54
2517.453 52
2517.567 50
2517.681 46
2517.795 42
2517.909 40
2518.023 39
2518.137 35
2518.251 38
2518.365 38
2518.479 41
2518.593 41
2518.707 41
2518.821 41
2518.935 42
2519.049 41
2519.163 40
2519.277 41
2519.392 39
2519.506 47
2519.620 49
2519.734 50
2519.848 53
2519.962 53
2520.076 59
2520.190 62
2520.304 63
2520.418 63
2520.532 64
2520.646 62
2520.761 62
2520.875 60
2520.989 56
2521.103 54
2521.217 49
2521.331 47
2521.445 49
2521.559 49
2521.673 50
2521.788 50
2521.902 48
2522.016 49
2522.130 51
2522.244 53
2522.358 52
2522.472 52
2522.587 54
2522.701 55
2522.815 56
2522.929 55
2523.043 53
2523.157 47
2523.271 48
2523.386 50
2523.500 53
2523.614 51
2523.728 52
2523.842 50
2523.957 51
2524.071 48
2524.185 47
2524.299 45
2524.413 39
2524.527 40
2524.642 37
2524.756 36
2524.870 37
2524.984 34
2525.098 40
2525.213 43
2525.327 46
2525.441 47
2525.555 48
2525.669 47
2525.784 44
2525.898 49
2526.012 45
2526.126 44
2526.241 47
2526.355 47
2526.469 53
2526.583 55
2526.698 60
2526.812 64
2526.926 61
2527.040 59
2527.155 57
2527.269 54
2527.383 54
2527.497 53
2527.612 48
2527.726 49
2527.840 52
2527.954 56
2528.069 62
2528.183 70
2528.297 74
2528.411 72
2528.526 66
2528.640 64
2528.754 65
2528.869 66
2528.983 70
2529.097 67
2529.211 63
2529.326 62
2529.440 56
2529.554 57
2529.669 52
2529.783 54
2529.897 57
2530.012 61
2530.126 64
2530.240 63
2530.355 64
2530.469 67
2530.583 63
2530.698 62
2530.812 61
2530.926 58
2531.041 54
2531.155 53
2531.269 51
2531.384 46
2531.498 42
2531.612 40
2531.727 37
2531.841 34
2531.955 34
2532.070 33
2532.184 29
2532.299 31
2532.413 37
2532.527 42
2532.642 45
2532.756 49
2532.870 49
2532.985 47
2533.099 45
2533.214 43
2533.328 39
2533.442 34
2533.557 30
2533.671 28
2533.786 28
2533.900 27
2534.014 26
2534.129 24
2534.243 27
2534.358 27
2534.472 31
2534.586 29
2534.701 29
2534.815 29
2534.930 26
2535.044 28
2535.159 36
2535.273 41
2535.387 43
2535.502 50
2535.616 49
2535.731 50
2535.845 52
2535.960 55
2536.074 50
2536.189 45
2536.303 40
2536.418 33
2536.532 36
2536.647 37
2536.761 38
2536.875 42
2536.990 39
2537.104 38
2537.219 34
2537.333 35
2537.448 34
2537.562 34
2537.677 34
2537.791 34
2537.906 33
2538.020 33
2538.135 38
2538.249 38
2538.364 38
2538.478 38
2538.593 37
2538.707 42
2538.822 48
2538.936 49
2539.051 47
2539.166 53
2539.280 49
2539.395 50
2539.509 57
2539.624 55
2539.738 56
2539.853 56
2539.967 54
2540.082 53
2540.196 48
2540.311 47
2540.425 47
2540.540 46
2540.655 44
2540.769 44
2540.884 44
2540.998 41
2541.113 43
2541.227 39
2541.342 36
2541.457 30
2541.571 30
2541.686 32
2541.800 36
2541.915 37
2542.030 35
2542.144 35
2542.259 37
2542.373 40
2542.488 43
2542.603 42
2542.717 39
2542.832 43
2542.946 44
2543.061 46
2543.176 46
2543.290 47
2543.405 47
2543.520 46
2543.634 43
2543.749 39
2543.863 38
2543.978 39
2544.093 40
2544.207 38
2544.322 36
2544.437 35
2544.551 32
2544.666 27
2544.781 23
2544.895 24
2545.010 24
2545.125 25
2545.239 28
2545.354 33
2545.469 39
2545.583 46
2545.698 50
2545.813 50
2545.927 53
2546.042 54
2546.157 53
2546.271 53
2546.386 57
2546.501 52
2546.615 49
2546.730 49
2546.845 52
2546.960 53
2547.074 56
2547.189 58
2547.304 63
2547.418 67
2547.533 68
2547.648 72
2547.763 79
2547.877 79
2547.992 83
2548.107 80
2548.222 74
2548.336 70
2548.451 62
2548.566 58
2548.681 49
2548.795 45
2548.910 45
2549.025 42
2549.140 35
2549.254 29
2549.369 30
2549.484 31
2549.599 33
2549.713 37
2549.828 38
2549.943 40
2550.058 43
2550.172 47
2550.287 52
2550.402 52
2550.517 49
2550.632 52
2550.746 48
2550.861 48
2550.976 51
2551.091 56
2551.206 61
2551.320 62
2551.435 69
2551.550 65
2551.665 63
2551.780 63
2551.895 59
2552.009 59
2552.124 53
2552.239 48
2552.354 42
2552.469 41
2552.584 42
2552.698 44
2552.813 48
2552.928 49
2553.043 50
2553.158 50
2553.273 50
2553.387 48
2553.502 47
2553.617 46
2553.732 43
2553.847 42
2553.962 43
2554.077 42
2554.191 45
2554.306 43
2554.421 45
2554.536 44
2554.651 42
2554.766 43
2554.881 45
2554.996 48
2555.111 56
2555.225 60
2555.340 60
2555.455 57
2555.570 55
2555.685 52
2555.800 50
2555.915 49
2556.030 47
2556.145 51
2556.260 48
2556.375 47
2556.490 44
2556.604 42
2556.719 42
2556.834 42
2556.949 42
2557.064 36
2557.179 41
2557.294 46
2557.409 50
2557.524 55
2557.639 59
2557.754 59
2557.869 57
2557.984 58
2558.099 59
2558.214 56
2558.329 54
2558.444 46
2558.559 43
2558.674 43
2558.789 43
2558.904 45
2559.019 45
2559.134 47
2559.249 49
2559.364 53
2559.479 56
2559.594 57
2559.709 59
2559.824 63
2559.939 56
2560.054 53
2560.169 53
2560.284 46
2560.399 42
2560.514 37
2560.629 35
2560.744 34
2560.859 36
2560.974 37
2561.089 36
2561.204 37
2561.319 41
2561.434 43
2561.549 49
2561.664 52
2561.779 54
2561.894 53
2562.009 52
2562.124 53
2562.239 50
2562.354 49
2562.469 45
2562.584 47
2562.699 48
2562.815 46
2562.930 47
2563.045 44
2563.160 39
2563.275 36
2563.390 30
2563.505 27
2563.620 31
2563.735 32
2563.850 37
2563.965 38
2564.081 34
2564.196 33
2564.311 33
2564.426 36
2564.541 41
2564.656 43
2564.771 44
2564.886 42
2565.001 40
2565.117 41
2565.232 37
2565.347 40
2565.462 40
2565.577 36
2565.692 34
2565.807 30
2565.923 30
2566.038 31
2566.153 32
2566.268 33
2566.383 32
2566.498 33
2566.613 36
2566.729 37
2566.844 40
2566.959 40
2567.074 43
2567.189 42
2567.304 39
2567.420 39
2567.535 40
2567.650 33
2567.765 32
2567.880 32
2567.996 33
2568.111 31
2568.226 29
2568.341 30
2568.456 27
2568.572 31
2568.687 34
2568.802 35
2568.917 36
2569.032 41
2569.148 47
2569.263 51
2569.378 55
2569.493 64
2569.609 62
2569.724 63
2569.839 64
2569.954 59
2570.069 55
2570.185 52
2570.300 46
2570.415 40
2570.530 43
2570.646 43
2570.761 45
2570.876 47
2570.991 46
2571.107 46
2571.222 48
2571.337 50
2571.453 49
2571.568 50
2571.683 52
2571.798 54
2571.914 52
2572.029 54
2572.144 57
2572.259 60
2572.375 59
2572.490 56
2572.605 49
2572.721 47
2572.836 45
2572.951 44
2573.067 42
2573.182 40
2573.297 43
2573.413 43
2573.528 46
2573.643 48
2573.758 47
2573.874 49
2573.989 50
2574.104 58
2574.220 57
2574.335 59
2574.450 63
2574.566 60
2574.681 60
2574.797 56
2574.912 50
2575.027 50
2575.143 52
2575.258 53
2575.373 52
2575.489 51
2575.604 48
2575.719 47
2575.835 43
2575.950 45
2576.065 48
2576.181 48
2576.296 48
2576.412 48
2576.527 45
2576.642 46
2576.758 48
2576.873 52
2576.989 47
2577.104 46
2577.219 47
2577.335 41
2577.450 47
2577.566 49
2577.681 51
2577.796 55
2577.912 55
2578.027 54
2578.143 49
2578.258 45
2578.374 48
2578.489 49
2578.604 48
2578.720 50
2578.835 49
2578.951 53
2579.066 57
2579.182 62
2579.297 55
2579.413 48
2579.528 43
2579.643 32
2579.759 31
2579.874 32
2579.990 33
2580.105 35
2580.221 40
2580.336 44
2580.452 46
2580.567 50
2580.683 53
2580.798 54
2580.914 55
2581.029 59
2581.145 57
2581.260 53
2581.376 50
2581.491 46
2581.607 44
2581.722 45
2581.838 44
2581.953 45
2582.069 43
2582.184 41
2582.300 41
2582.415 41
2582.531 43
2582.646 45
2582.762 45
2582.877 52
2582.993 46
2583.108 43
2583.224 41
2583.340 35
2583.455 36
2583.571 38
2583.686 44
2583.802 51
2583.917 54
2584.033 55
2584.148 57
2584.264 57
2584.380 61
2584.495 60
2584.611 55
2584.726 63
2584.842 57
2584.957 56
2585.073 56
2585.189 49
2585.304 43
2585.420 40
2585.535 39
2585.651 37
2585.767 43
2585.882 44
2585.998 44
2586.113 52
2586.229 53
2586.345 53
2586.460 53
2586.576 47
2586.691 46
2586.807 49
2586.923 51
2587.038 55
2587.154 53
2587.270 48
2587.385 41
2587.501 37
2587.616 32
2587.732 29
2587.848 26
2587.963 22
2588.079 27
2588.195 28
2588.310 30
2588.426 35
2588.542 36
2588.657 38
2588.773 40
2588.889 45
2589.004 45
2589.120 45
2589.236 45
2589.351 44
2589.467 38
2589.583 37
2589.698 32
2589.814 28
2589.930 27
2590.046 30
2590.161 32
2590.277 36
2590.393 34
2590.508 33
2590.624 33
2590.740 33
2590.855 38
2590.971 39
2591.087 37
2591.203 36
2591.318 37
2591.434 37
2591.550 36
2591.666 34
2591.781 31
2591.897 32
2592.013 34
2592.128 35
2592.244 32
2592.360 31
2592.476 25
2592.591 18
2592.707 20
2592.823 22
2592.939 27
2593.055 30
2593.170 32
2593.286 34
2593.402 36
2593.518 41
2593.633 46
2593.749 49
2593.865 58
2593.981 57
2594.097 58
2594.212 56
2594.328 55
2594.444 53
2594.560 50
2594.676 48
2594.791 44
2594.907 43
2595.023 42
2595.139 43
2595.255 41
2595.370 42
2595.486 42
2595.602 43
2595.718 46
2595.834 51
2595.950 50
2596.065 48
2596.181 45
2596.297 45
2596.413 46
2596.529 45
2596.645 45
2596.760 41
2596.876 39
2596.992 40
2597.108 44
2597.224 46
2597.340 48
2597.456 52
2597.571 58
2597.687 63
2597.803 61
2597.919 58
2598.035 54
2598.151 51
2598.267 55
2598.383 59
2598.498 63
2598.614 71
2598.730 74
2598.846 75
2598.962 70
2599.078 71
2599.194 64
2599.310 60
2599.426 58
2599.542 50
2599.658 47
2599.773 46
2599.889 42
2600.005 37
2600.121 37
2600.237 39
2600.353 39
2600.469 43
2600.585 48
2600.701 50
2600.817 54
2600.933 54
2601.049 52
2601.165 52
2601.281 47
2601.397 46
2601.513 50
2601.628 47
2601.744 45
2601.860 37
2601.976 32
2602.092 31
2602.208 26
2602.324 26
2602.440 24
2602.556 23
2602.672 23
2602.788 22
2602.904 26
2603.020 29
2603.136 32
2603.252 41
2603.368 40
2603.484 38
2603.600 37
2603.716 33
2603.832 29
2603.948 28
2604.064 30
2604.180 26
2604.296 29
2604.412 30
2604.528 31
2604.644 32
2604.760 29
2604.876 29
2604.992 29
2605.109 31
2605.225 30
2605.341 29
2605.457 25
2605.573 24
2605.689 26
2605.805 30
2605.921 35
2606.037 38
2606.153 42
2606.269 41
2606.385 41
2606.501 40
2606.617 40
2606.733 43
2606.849 46
2606.966 49
2607.082 46
2607.198 42
2607.314 39
2607.430 39
2607.546 40
2607.662 41
2607.778 43
2607.894 34
2608.010 30
2608.126 29
2608.243 29
2608.359 30
2608.475 30
2608.591 30
2608.707 28
2608.823 29
2608.939 34
2609.055 36
2609.172 35
2609.288 41
2609.404 42
2609.520 41
2609.636 40
2609.752 37
2609.868 35
2609.985 34
2610.101 34
2610.217 34
2610.333 34
2610.449 36
2610.565 37
2610.682 45
2610.798 44
2610.914 45
2611.030 48
2611.146 45
2611.262 43
2611.379 42
2611.495 44
2611.611 42
2611.727 40
2611.843 37
2611.960 32
2612.076 23
2612.192 27
2612.308 30
2612.424 31
2612.541 34
2612.657 35
2612.773 35
2612.889 36
2613.005 37
2613.122 38
2613.238 40
2613.354 45
2613.470 48
2613.587 52
2613.703 51
2613.819 53
2613.935 50
2614.052 51
2614.168 54
2614.284 51
2614.400 56
2614.517 55
2614.633 54
2614.749 50
2614.865 50
2614.982 46
2615.098 43
2615.214 42
2615.330 39
2615.447 38
2615.563 35
2615.679 34
2615.795 28
2615.912 28
2616.028 26
2616.144 23
2616.261 25
2616.377 28
2616.493 32
2616.610 38
2616.726 38
2616.842 40
2616.958 41
2617.075 42
2617.191 44
2617.307 45
2617.424 45
2617.540 42
2617.656 35
2617.773 34
2617.889 33
2618.005 31
2618.122 36
2618.238 43
2618.354 46
2618.471 51
2618.587 54
2618.703 51
2618.820 48
2618.936 44
2619.052 43
2619.169 40
2619.285 41
2619.402 40
2619.518 37
2619.634 36
2619.751 37
2619.867 37
2619.983 40
2620.100 41
2620.216 43
2620.333 45
2620.449 46
2620.565 47
2620.682 47
2620.798 48
2620.915 48
2621.031 49
2621.147 49
2621.264 46
2621.380 50
2621.497 50
2621.613 51
2621.729 55
2621.846 55
2621.962 58
2622.079 62
2622.195 64
2622.312 69
2622.428 68
2622.544 63
2622.661 58
2622.777 53
2622.894 51
2623.010 49
2623.127 47
2623.243 44
2623.360 41
2623.476 41
2623.592 39
2623.709 37
2623.825 38
2623.942 39
2624.058 39
2624.175 40
2624.291 41
2624.408 42
2624.524 44
2624.641 48
2624.757 44
2624.874 44
2624.990 45
2625.107 42
2625.223 44
2625.340 44
2625.456 44
2625.573 48
2625.689 48
2625.806 46
2625.922 46
2626.039 47
2626.155 42
2626.272 43
2626.388 44
2626.505 44
2626.621 45
2626.738 42
2626.854 42
2626.971 40
2627.088 38
2627.204 39
2627.321 45
2627.437 47
2627.554 47
2627.670 46
2627.787 45
2627.903 46
2628.020 45
2628.136 45
2628.253 45
2628.370 47
2628.486 46
2628.603 47
2628.719 49
2628.836 49
2628.953 46
2629.069 46
2629.186 45
2629.302 45
2629.419 48
2629.535 46
2629.652 46
2629.769 44
2629.885 46
2630.002 48
2630.118 56
2630.235 55
2630.352 55
2630.468 53
2630.585 53
2630.702 52
2630.818 49
2630.935 47
2631.051 42
2631.168 38
2631.285 38
2631.401 37
2631.518 37
2631.635 34
2631.751 38
2631.868 41
2631.985 45
2632.101 49
2632.218 48
2632.335 48
2632.451 43
2632.568 45
2632.685 42
2632.801 43
2632.918 42
2633.035 42
2633.151 43
2633.268 42
2633.385 43
2633.501 45
2633.618 45
2633.735 47
2633.851 49
2633.968 45
2634.085 49
2634.201 48
2634.318 46
2634.435 40
2634.552 39
2634.668 38
2634.785 34
2634.902 38
2635.018 38
2635.135 39
2635.252 40
2635.369 42
2635.485 43
2635.602 45
2635.719 50
2635.836 55
2635.952 52
2636.069 52
2636.186 51
2636.302 50
2636.419 53
2636.536 50
2636.653 49
2636.770 42
2636.886 41
2637.003 41
2637.120 39
2637.237 37
2637.353 39
2637.470 41
2637.587 41
2637.704 46
2637.820 44
2637.937 43
2638.054 45
2638.171 45
2638.288 45
2638.404 43
2638.521 39
2638.638 35
2638.755 34
2638.872 37
2638.988 42
2639.105 42
2639.222 40
2639.339 38
2639.456 36
2639.573 36
2639.689 37
2639.806 36
2639.923 33
2640.040 38
2640.157 34
2640.274 32
2640.390 33
2640.507 30
2640.624 31
2640.741 32
2640.858 33
2640.975 36
2641.091 36
2641.208 36
2641.325 34
2641.442 35
2641.559 43
2641.676 48
2641.793 54
2641.910 57
2642.026 57
2642.143 56
2642.260 54
2642.377 51
2642.494 52
2642.611 51
2642.728 51
2642.845 47
2642.962 44
2643.078 43
2643.195 41
2643.312 43
2643.429 44
2643.546 46
2643.663 50
2643.780 54
2643.897 58
2644.014 61
2644.131 67
2644.248 68
2644.365 59
2644.481 55
2644.598 48
2644.715 42
2644.832 41
2644.949 38
2645.066 35
2645.183 38
2645.300 42
2645.417 44
2645.534 48
2645.651 48
2645.768 44
2645.885 43
2646.002 42
2646.119 42
2646.236 41
2646.353 41
2646.470 40
2646.587 36
2646.704 36
2646.821 38
2646.938 42
2647.055 45
2647.172 46
2647.289 45
2647.406 41
2647.523 42
2647.640 44
2647.757 42
2647.874 39
2647.991 39
2648.108 36
2648.225 39
2648.342 41
2648.459 45
2648.576 44
2648.693 42
2648.810 38
2648.927 41
2649.044 44
2649.161 46
2649.278 46
2649.395 43
2649.512 38
2649.629 34
2649.746 31
2649.863 31
2649.980 28
2650.097 27
2650.214 23
2650.332 24
2650.449 26
2650.566 26
2650.683 27
2650.800 28
2650.917 29
2651.034 31
2651.151 37
2651.268 41
2651.385 40
2651.502 38
2651.619 33
2651.737 34
2651.854 34
2651.971 34
2652.088 35
2652.205 38
2652.322 37
2652.439 38
2652.556 38
2652.673 40
2652.791 38
2652.908 38
2653.025 41
2653.142 36
2653.259 34
2653.376 34
2653.493 38
2653.610 39
2653.728 40
2653.845 39
2653.962 38
2654.079 38
2654.196 36
2654.313 37
2654.431 40
2654.548 37
2654.665 35
2654.782 34
2654.899 36
2655.016 43
2655.134 46
2655.251 47
2655.368 46
2655.485 48
2655.602 43
2655.719 43
2655.837 42
2655.954 43
2656.071 39
2656.188 37
2656.305 38
2656.423 33
2656.540 32
2656.657 31
2656.774 29
2656.891 28
2657.009 26
2657.126 27
2657.243 27
2657.360 31
2657.478 31
2657.595 30
2657.712 27
2657.829 24
2657.947 27
2658.064 25
2658.181 24
2658.298 22
2658.415 20
2658.533 21
2658.650 24
2658.767 26
2658.885 25
2659.002 29
2659.119 31
2659.236 39
2659.354 42
2659.471 39
2659.588 39
2659.705 42
2659.823 36
2659.940 33
2660.057 30
2660.175 31
2660.292 34
2660.409 34
2660.526 32
2660.644 35
2660.761 35
2660.878 36
2660.996 41
2661.113 46
2661.230 47
2661.348 47
2661.465 47
2661.582 47
2661.700 46
2661.817 47
2661.934 51
2662.052 58
2662.169 52
2662.286 47
2662.404 39
2662.521 34
2662.638 35
2662.756 35
2662.873 35
2662.990 35
2663.108 37
2663.225 37
2663.342 39
2663.460 38
2663.577 42
2663.694 45
2663.812 47
2663.929 53
2664.047 58
2664.164 60
2664.281 62
2664.399 65
2664.516 55
2664.633 50
2664.751 44
2664.868 36
2664.986 39
2665.103 36
2665.220 34
2665.338 35
2665.455 34
2665.573 37
2665.690 44
2665.807 51
2665.925 51
2666.042 53
2666.160 57
2666.277 55
2666.395 59
2666.512 56
2666.629 56
2666.747 52
2666.864 47
2666.982 47
2667.099 45
2667.217 50
2667.334 48
2667.452 49
2667.569 55
2667.686 51
2667.804 49
2667.921 47
2668.039 42
2668.156 40
2668.274 42
2668.391 41
2668.509 42
2668.626 41
2668.744 44
2668.861 46
2668.979 50
2669.096 51
2669.214 47
2669.331 48
2669.449 49
2669.566 51
2669.684 53
2669.801 55
2669.919 55
2670.036 58
2670.154 55
2670.271 51
2670.389 46
2670.506 41
2670.624 40
2670.741 37
2670.859 32
2670.976 26
2671.094 26
2671.211 27
2671.329 32
2671.447 38
2671.564 39
2671.682 39
2671.799 42
2671.917 39
2672.034 37
2672.152 37
2672.269 38
2672.387 37
2672.505 38
2672.622 41
2672.740 44
2672.857 41
2672.975 39
2673.092 36
2673.210 31
2673.328 30
2673.445 30
2673.563 32
2673.680 29
2673.798 34
2673.916 32
2674.033 31
2674.151 28
2674.268 29
2674.386 29
2674.504 30
2674.621 30
2674.739 29
2674.856 29
2674.974 28
2675.092 31
2675.209 26
2675.327 29
2675.445 31
2675.562 32
2675.680 33
2675.797 34
2675.915 39
2676.033 39
2676.150 41
2676.268 41
2676.386 42
2676.503 45
2676.621 44
2676.739 46
2676.856 49
2676.974 47
2677.092 49
2677.209 47
2677.327 45
2677.445 51
2677.562 51
2677.680 49
2677.798 48
2677.915 45
2678.033 37
2678.151 35
2678.269 34
2678.386 29
2678.504 31
2678.622 35
2678.739 38
2678.857 40
2678.975 43
2679.092 46
2679.210 48
2679.328 50
2679.446 52
2679.563 50
2679.681 46
2679.799 46
2679.917 39
2680.034 37
2680.152 36
2680.270 39
2680.388 36
2680.505 34
2680.623 34
2680.741 31
2680.859 33
2680.976 36
2681.094 37
2681.212 39
2681.330 35
2681.447 35
2681.565 36
2681.683 37
2681.801 40
2681.918 38
2682.036 36
2682.154 37
2682.272 40
2682.390 41
2682.507 43
2682.625 48
2682.743 50
2682.861 50
2682.979 49
2683.096 47
2683.214 47
2683.332 45
2683.450 46
2683.568 47
2683.685 43
2683.803 45
2683.921 42
2684.039 38
2684.157 32
2684.275 31
2684.392 32
2684.510 31
2684.628 36
2684.746 37
2684.864 37
2684.982 39
2685.099 39
2685.217 38
2685.335 38
2685.453 40
2685.571 36
2685.689 33
2685.807 31
2685.924 34
2686.042 30
2686.160 32
2686.278 31
2686.396 27
2686.514 28
2686.632 26
2686.750 26
2686.867 25
2686.985 24
2687.103 30
2687.221 29
2687.339 29
2687.457 30
2687.575 27
2687.693 29
2687.811 33
2687.929 33
2688.047 34
2688.164 35
2688.282 36
2688.400 40
2688.518 42
2688.636 42
2688.754 37
2688.872 42
2688.990 41
2689.108 43
2689.226 50
2689.344 44
2689.462 43
2689.580 43
2689.698 40
2689.816 40
2689.934 35
2690.052 33
2690.169 28
2690.287 29
2690.405 30
2690.523 32
2690.641 33
2690.759 36
2690.877 41
2690.995 40
2691.113 37
2691.231 35
2691.349 37
2691.467 42
2691.585 48
2691.703 50
2691.821 49
2691.939 42
2692.057 39
2692.175 38
2692.293 38
2692.411 39
2692.529 40
2692.647 44
2692.765 42
2692.883 44
2693.001 46
2693.119 51
2693.237 52
2693.355 48
2693.474 42
2693.592 40
2693.710 37
2693.828 36
2693.946 35
2694.064 35
2694.182 37
2694.300 39
2694.418 44
2694.536 43
2694.654 46
2694.772 45
2694.890 43
2695.008 42
2695.126 41
2695.244 40
2695.362 38
2695.481 33
2695.599 31
2695.717 29
2695.835 29
2695.953 27
2696.071 25
2696.189 25
2696.307 23
2696.425 23
2696.543 26
2696.662 27
2696.780 27
2696.898 32
2697.016 37
2697.134 40
2697.252 41
2697.370 46
2697.488 46
2697.606 47
2697.725 48
2697.843 46
2697.961 43
2698.079 40
2698.197 37
2698.315 40
2698.433 38
2698.552 37
2698.670 37
2698.788 39
2698.906 40
2699.024 38
2699.142 34
2699.261 32
2699.379 30
2699.497 31
2699.615 29
2699.733 35
2699.851 35
2699.970 33
2700.088 33
2700.206 28
2700.324 27
2700.442 27
2700.561 24
2700.679 26
2700.797 29
2700.915 31
2701.033 37
2701.152 40
2701.270 43
2701.388 44
2701.506 46
2701.624 50
2701.743 49
2701.861 49
2701.979 43
2702.097 43
2702.216 36
2702.334 37
2702.452 39
2702.570 40
2702.689 45
2702.807 46
2702.925 45
2703.043 49
2703.162 51
2703.280 51
2703.398 52
2703.516 56
2703.635 45
2703.753 41
2703.871 35
2703.989 30
2704.108 32
2704.226 33
2704.344 38
2704.463 39
2704.581 40
2704.699 39
2704.817 37
2704.936 39
2705.054 37
2705.172 36
2705.291 31
2705.409 35
2705.527 34
2705.646 33
2705.764 32
2705.882 29
2706.001 29
2706.119 29
2706.237 29
2706.355 28
2706.474 28
2706.592 28
2706.710 31
2706.829 29
2706.947 27
2707.065 27
2707.184 27
2707.302 27
2707.421 28
2707.539 27
2707.657 26
2707.776 23
2707.894 23
2708.012 26
2708.131 29
2708.249 31
2708.367 34
2708.486 34
2708.604 33
2708.723 33
2708.841 33
2708.959 33
2709.078 34
2709.196 33
2709.314 35
2709.433 34
2709.551 32
2709.670 31
2709.788 31
2709.906 31
2710.025 32
2710.143 32
2710.262 35
2710.380 34
2710.499 35
2710.617 37
2710.735 38
2710.854 40
2710.972 46
2711.091 47
2711.209 43
2711.328 42
2711.446 38
2711.564 33
2711.683 32
2711.801 31
2711.920 31
2712.038 27
2712.157 28
2712.275 28
2712.394 29
2712.512 29
2712.631 28
2712.749 27
2712.867 27
2712.986 23
2713.104 25
2713.223 27
2713.341 28
2713.460 29
2713.578 28
2713.697 27
2713.815 27
2713.934 31
2714.052 34
2714.171 39
2714.289 49
2714.408 49
2714.526 54
2714.645 54
2714.763 56
2714.882 55
2715.000 56
2715.119 56
2715.237 53
2715.356 54
2715.475 54
2715.593 57
2715.712 58
2715.830 59
2715.949 54
2716.067 48
2716.186 41
2716.304 35
2716.423 37
2716.541 37
2716.660 37
2716.779 40
2716.897 43
2717.016 44
2717.134 45
2717.253 47
2717.371 43
2717.490 44
2717.609 44
2717.727 43
2717.846 45
2717.964 45
2718.083 46
2718.201 48
2718.320 50
2718.439 48
2718.557 42
2718.676 43
2718.794 44
2718.913 43
2719.032 40
2719.150 38
2719.269 30
2719.388 28
2719.506 26
2719.625 26
2719.743 26
2719.862 26
2719.981 27
2720.099 24
2720.218 27
2720.337 28
2720.455 30
2720.574 29
2720.692 27
2720.811 27
2720.930 29
2721.048 30
2721.167 31
2721.286 30
2721.404 29
2721.523 32
2721.642 37
2721.760 40
2721.879 43
2721.998 46
2722.116 43
2722.235 41
2722.354 37
2722.472 34
2722.591 35
2722.710 33
2722.829 29
2722.947 22
2723.066 25
2723.185 27
2723.303 28
2723.422 35
2723.541 34
2723.660 34
2723.778 33
2723.897 30
2724.016 30
2724.134 32
2724.253 37
2724.372 42
2724.491 42
2724.609 40
2724.728 39
2724.847 38
2724.966 38
2725.084 38
2725.203 41
2725.322 40
2725.441 38
2725.559 36
2725.678 39
2725.797 37
2725.916 36
2726.034 36
2726.153 38
2726.272 33
2726.391 33
2726.509 32
2726.628 33
2726.747 31
2726.866 27
2726.985 26
2727.103 21
2727.222 24
2727.341 27
2727.460 27
2727.579 27
2727.697 24
2727.816 23
2727.935 23
2728.054 24
2728.173 21
2728.291 21
2728.410 22
2728.529 23
2728.648 24
2728.767 31
2728.885 36
2729.004 41
2729.123 48
2729.242 49
2729.361 48
2729.480 46
2729.599 41
2729.717 41
2729.836 41
2729.955 42
2730.074 39
2730.193 39
2730.312 41
2730.431 37
2730.549 39
2730.668 38
2730.787 35
2730.906 33
2731.025 28
2731.144 27
2731.263 29
2731.382 33
2731.500 36
2731.619 35
2731.738 34
2731.857 33
2731.976 32
2732.095 36
2732.214 37
2732.333 38
2732.452 39
2732.571 40
2732.689 40
2732.808 39
2732.927 40
2733.046 39
2733.165 38
2733.284 40
2733.403 41
2733.522 39
2733.641 40
2733.760 44
2733.879 46
2733.998 46
2734.117 47
2734.236 43
2734.354 41
2734.473 41
2734.592 40
2734.711 41
2734.830 39
2734.949 49
2735.068 54
2735.187 60
2735.306 66
2735.425 63
2735.544 60
2735.663 53
2735.782 47
2735.901 46
2736.020 41
2736.139 35
2736.258 28
2736.377 25
2736.496 25
2736.615 24
2736.734 26
2736.853 26
2736.972 28
2737.091 30
2737.210 27
2737.329 30
2737.448 32
2737.567 34
2737.686 30
2737.805 31
2737.924 32
2738.043 31
2738.162 35
2738.281 40
2738.400 40
2738.519 42
2738.639 44
2738.758 39
2738.877 38
2738.996 39
2739.115 36
2739.234 31
2739.353 30
2739.472 30
2739.591 28
2739.710 26
2739.829 26
2739.948 26
2740.067 30
2740.186 35
2740.305 37
2740.425 38
2740.544 40
2740.663 39
2740.782 37
2740.901 37
2741.020 33
2741.139 29
2741.258 29
2741.377 31
2741.496 33
2741.616 36
2741.735 39
2741.854 40
2741.973 39
2742.092 38
2742.211 37
2742.330 33
2742.449 36
2742.569 35
2742.688 35
2742.807 33
2742.926 34
2743.045 35
2743.164 37
2743.283 42
2743.403 45
2743.522 47
2743.641 48
2743.760 52
2743.879 50
2743.998 49
2744.118 46
2744.237 42
2744.356 36
2744.475 32
2744.594 29
2744.713 26
2744.833 27
2744.952 33
2745.071 36
2745.190 37
2745.309 36
2745.429 32
2745.548 33
2745.667 32
2745.786 33
2745.905 32
2746.025 32
2746.144 34
2746.263 33
2746.382 39
2746.501 39
2746.621 40
2746.740 43
2746.859 43
2746.978 42
2747.098 39
2747.217 37
2747.336 32
2747.455 30
2747.575 30
2747.694 26
2747.813 27
2747.932 29
2748.052 29
2748.171 24
2748.290 25
2748.409 22
2748.529 20
2748.648 19
2748.767 20
2748.886 22
2749.006 22
2749.125 23
2749.244 22
2749.364 22
2749.483 20
2749.602 17
2749.721 21
2749.841 22
2749.960 25
2750.079 25
2750.199 25
2750.318 25
2750.437 26
2750.557 24
2750.676 22
2750.795 21
2750.914 22
2751.034 24
2751.153 23
2751.272 24
2751.392 25
2751.511 29
2751.630 35
2751.750 37
2751.869 41
2751.988 44
2752.108 42
2752.227 41
2752.347 42
2752.466 37
2752.585 33
2752.705 33
2752.824 30
2752.943 31
2753.063 32
2753.182 32
2753.301 33
2753.421 34
2753.540 32
2753.660 32
2753.779 35
2753.898 33
2754.018 33
2754.137 32
2754.257 26
2754.376 34
2754.495 34
2754.615 34
2754.734 35
2754.854 30
2754.973 35
2755.092 39
2755.212 43
2755.331 45
2755.451 44
2755.570 39
2755.689 34
2755.809 28
2755.928 25
2756.048 26
2756.167 29
2756.287 26
2756.406 29
2756.525 30
2756.645 31
2756.764 36
2756.884 40
2757.003 41
2757.123 40
2757.242 42
2757.362 37
2757.481 35
2757.601 34
2757.720 32
2757.840 30
2757.959 30
2758.078 32
2758.198 31
2758.317 33
2758.437 33
2758.556 31
2758.676 34
2758.795 31
2758.915 31
2759.034 33
2759.154 31
2759.273 32
2759.393 33
2759.512 36
2759.632 35
2759.751 33
2759.871 33
2759.991 32
2760.110 31
2760.230 33
2760.349 33
2760.469 33
2760.588 35
2760.708 36
2760.827 35
2760.947 38
2761.066 34
2761.186 34
2761.305 34
2761.425 29
2761.545 29
2761.664 28
2761.784 27
2761.903 26
2762.023 27
2762.142 24
2762.262 23
2762.381 23
2762.501 20
2762.621 23
2762.740 26
2762.860 27
2762.979 37
2763.099 39
2763.219 39
2763.338 40
2763.458 43
2763.577 46
2763.697 47
2763.817 48
2763.936 46
2764.056 47
2764.175 45
2764.295 37
2764.415 29
2764.534 26
2764.654 26
2764.774 23
2764.893 27
2765.013 29
2765.132 32
2765.252 38
2765.372 46
2765.491 46
2765.611 44
2765.731 43
2765.850 36
2765.970 41
2766.090 43
2766.209 43
2766.329 46
2766.449 44
2766.568 46
2766.688 46
2766.808 51
2766.927 46
2767.047 45
2767.167 43
2767.286 37
2767.406 32
2767.526 29
2767.645 25
2767.765 18
2767.885 20
2768.004 20
2768.124 21
2768.244 27
2768.364 27
2768.483 29
2768.603 31
2768.723 32
2768.842 33
2768.962 32
2769.082 32
2769.202 30
2769.321 27
2769.441 27
2769.561 31
2769.680 33
2769.800 35
2769.920 37
2770.040 41
2770.159 44
2770.279 47
2770.399 47
2770.519 47
2770.638 39
2770.758 35
2770.878 31
2770.998 29
2771.118 28
2771.237 30
2771.357 34
2771.477 35
2771.597 34
2771.716 34
2771.836 33
2771.956 31
2772.076 31
2772.196 35
2772.315 38
2772.435 42
2772.555 47
2772.675 48
2772.795 48
2772.914 50
2773.034 48
2773.154 45
2773.274 43
2773.394 41
2773.513 39
2773.633 35
2773.753 32
2773.873 27
2773.993 25
2774.113 22
2774.232 22
2774.352 22
2774.472 24
2774.592 22
2774.712 24
2774.832 25
2774.951 28
2775.071 29
2775.191 28
2775.311 28
2775.431 24
2775.551 23
2775.671 24
2775.791 25
2775.910 26
2776.030 35
2776.150 40
2776.270 45
2776.390 50
2776.510 43
2776.630 40
2776.750 33
2776.869 32
2776.989 30
2777.109 30
2777.229 26
2777.349 22
2777.469 22
2777.589 23
2777.709 22
2777.829 26
2777.949 28
2778.069 28
2778.188 29
2778.308 29
2778.428 30
2778.548 30
2778.668 29
2778.788 25
2778.908 24
2779.028 24
2779.148 24
2779.268 23
2779.388 21
2779.508 21
2779.628 21
2779.748 18
2779.868 21
2779.988 21
2780.108 23
2780.228 28
2780.348 30
2780.468 30
2780.588 30
2780.707 27
2780.827 26
2780.947 27
2781.067 29
2781.187 35
2781.307 33
2781.427 33
2781.547 30
2781.667 30
2781.787 28
2781.907 25
2782.027 25
2782.147 19
2782.267 20
2782.387 20
2782.507 24
2782.628 30
2782.748 32
2782.868 34
2782.988 32
2783.108 39
2783.228 42
2783.348 44
2783.468 47
2783.588 47
2783.708 47
2783.828 48
2783.948 47
2784.068 48
2784.188 46
2784.308 42
2784.428 39
2784.548 34
2784.668 32
2784.788 32
2784.908 27
2785.029 27
2785.149 28
2785.269 30
2785.389 30
2785.509 38
2785.629 38
2785.749 39
2785.869 43
2785.989 45
2786.109 49
2786.229 49
2786.350 45
2786.470 44
2786.590 43
2786.710 42
2786.830 44
2786.950 40
2787.070 38
2787.190 36
2787.310 32
2787.431 26
2787.551 22
2787.671 21
2787.791 16
2787.911 23
2788.031 25
2788.151 26
2788.272 25
2788.392 24
2788.512 27
2788.632 29
2788.752 32
2788.872 35
2788.992 37
2789.113 39
2789.233 45
2789.353 51
2789.473 51
2789.593 54
2789.713 56
2789.834 53
2789.954 51
2790.074 46
2790.194 40
2790.314 36
2790.435 36
2790.555 38
2790.675 39
2790.795 44
2790.915 46
2791.036 45
2791.156 50
2791.276 47
2791.396 45
2791.516 45
2791.637 47
2791.757 47
2791.877 41
2791.997 39
2792.118 36
2792.238 38
2792.358 40
2792.478 39
2792.599 39
2792.719 39
2792.839 39
2792.959 40
2793.080 45
2793.200 49
2793.320 49
2793.440 49
2793.561 46
2793.681 48
2793.801 48
2793.921 48
2794.042 45
2794.162 44
2794.282 41
2794.403 40
2794.523 35
2794.643 32
2794.763 37
2794.884 38
2795.004 40
2795.124 42
2795.245 37
2795.365 35
2795.485 30
2795.605 26
2795.726 27
2795.846 26
2795.966 27
2796.087 24
2796.207 26
2796.327 29
2796.448 34
2796.568 41
2796.688 39
2796.809 38
2796.929 40
2797.049 36
2797.170 37
2797.290 38
2797.410 37
2797.531 39
2797.651 38
2797.771 36
2797.892 31
2798.012 25
2798.133 27
2798.253 28
2798.373 25
2798.494 27
2798.614 26
2798.734 27
2798.855 26
2798.975 30
2799.096 35
2799.216 36
2799.336 39
2799.457 37
2799.577 37
2799.698 35
2799.818 32
2799.938 30
2800.059 27
2800.179 27
2800.300 28
2800.420 26
2800.540 25
2800.661 25
2800.781 27
2800.902 23
2801.022 25
2801.142 27
2801.263 27
2801.383 26
2801.504 28
2801.624 28
2801.745 29
2801.865 30
2801.986 28
2802.106 26
2802.226 23
2802.347 20
2802.467 18
2802.588 18
2802.708 20
2802.829 20
2802.949 20
2803.070 21
2803.190 22
2803.311 25
2803.431 28
2803.552 29
2803.672 31
2803.793 34
2803.913 38
2804.034 38
2804.154 45
2804.275 47
2804.395 41
2804.516 39
2804.636 35
2804.757 30
2804.877 27
2804.998 26
2805.118 21
2805.239 19
2805.359 21
2805.480 23
2805.600 28
2805.721 36
2805.841 35
2805.962 35
2806.082 37
2806.203 37
2806.323 39
2806.444 41
2806.565 45
2806.685 46
2806.806 49
2806.926 48
2807.047 45
2807.167 47
2807.288 48
2807.409 45
2807.529 44
2807.650 43
2807.770 40
2807.891 40
2808.011 40
2808.132 41
2808.253 39
2808.373 37
2808.494 35
2808.614 35
2808.735 33
2808.856 34
2808.976 37
2809.097 33
2809.217 34
2809.338 36
2809.459 37
2809.579 43
2809.700 39
2809.820 35
2809.941 31
2810.062 26
2810.182 25
2810.303 25
2810.424 27
2810.544 29
2810.665 31
2810.785 31
2810.906 31
2811.027 35
2811.147 37
2811.268 38
2811.389 40
2811.509 40
2811.630 38
2811.751 37
2811.871 35
2811.992 31
2812.113 36
2812.233 38
2812.354 36
2812.475 40
2812.595 38
2812.716 36
2812.837 38
2812.957 39
2813.078 39
2813.199 41
2813.320 42
2813.440 44
2813.561 45
2813.682 43
2813.802 39
2813.923 35
2814.044 34
2814.165 34
2814.285 32
2814.406 34
2814.527 35
2814.647 35
2814.768 40
2814.889 33
2815.010 33
2815.130 33
2815.251 29
2815.372 28
2815.493 29
2815.613 29
2815.734 29
2815.855 30
2815.976 32
2816.096 32
2816.217 35
2816.338 39
2816.459 38
2816.579 37
2816.700 32
2816.821 33
2816.942 31
2817.063 31
2817.183 31
2817.304 31
2817.425 34
2817.546 36
2817.666 36
2817.787 41
2817.908 45
2818.029 45
2818.150 45
2818.270 39
2818.391 41
2818.512 44
2818.633 45
2818.754 50
2818.875 53
2818.995 55
2819.116 60
2819.237 60
2819.358 54
2819.479 50
2819.600 41
2819.720 31
2819.841 29
2819.962 29
2820.083 28
2820.204 29
2820.325 29
2820.445 29
2820.566 30
2820.687 28
2820.808 23
2820.929 21
2821.050 20
2821.171 18
2821.291 18
2821.412 18
2821.533 18
2821.654 19
2821.775 20
2821.896 21
2822.017 26
2822.138 24
2822.259 25
2822.379 25
2822.500 21
2822.621 23
2822.742 24
2822.863 25
2822.984 26
2823.105 25
2823.226 28
2823.347 30
2823.468 35
2823.589 38
2823.710 41
2823.830 40
2823.951 41
2824.072 38
2824.193 35
2824.314 32
2824.435 31
2824.556 22
2824.677 20
2824.798 20
2824.919 19
2825.040 19
2825.161 19
2825.282 19
2825.403 20
2825.524 17
2825.645 18
2825.766 19
2825.887 20
2826.008 25
2826.129 24
2826.250 24
2826.371 22
2826.492 20
2826.613 25
2826.734 27
2826.855 28
2826.976 28
2827.097 30
2827.218 31
2827.339 35
2827.460 38
2827.581 36
2827.702 36
2827.823 36
2827.944 36
2828.065 35
2828.186 33
2828.307 28
2828.428 23
2828.549 23
2828.670 23
2828.791 22
2828.912 25
2829.033 30
2829.154 34
2829.275 35
2829.396 38
2829.517 42
2829.638 42
2829.759 39
2829.880 39
2830.001 34
2830.122 33
2830.243 33
2830.365 29
2830.486 28
2830.607 28
2830.728 25
2830.849 19
2830.970 22
2831.091 23
2831.212 25
2831.333 26
2831.454 24
2831.575 24
2831.696 26
2831.818 26
2831.939 25
2832.060 26
2832.181 25
2832.302 24
2832.423 23
2832.544 23
2832.665 19
2832.786 22
2832.908 27
2833.029 28
2833.150 27
2833.271 30
2833.392 25
2833.513 27
2833.634 31
2833.756 33
2833.877 35
2833.998 36
2834.119 38
2834.240 39
2834.361 38
2834.483 37
2834.604 35
2834.725 31
2834.846 29
2834.967 30
2835.088 33
2835.210 32
2835.331 31
2835.452 33
2835.573 37
2835.694 37
2835.815 39
2835.937 39
2836.058 35
2836.179 34
2836.300 40
2836.421 39
2836.543 40
2836.664 39
2836.785 37
2836.906 38
2837.028 41
2837.149 39
2837.270 34
2837.391 31
2837.512 27
2837.634 25
2837.755 24
2837.876 23
2837.997 20
2838.119 21
2838.240 22
2838.361 23
2838.482 23
2838.604 23
2838.725 25
2838.846 26
2838.967 27
2839.089 33
2839.210 34
2839.331 37
2839.452 39
2839.574 42
2839.695 42
2839.816 43
2839.938 44
2840.059 41
2840.180 38
2840.301 34
2840.423 28
2840.544 28
2840.665 28
2840.787 29
2840.908 31
2841.029 31
2841.151 33
2841.272 35
2841.393 35
2841.514 30
2841.636 30
2841.757 28
2841.878 26
2842.000 28
2842.121 28
2842.242 30
2842.364 35
2842.485 31
2842.606 38
2842.728 35
2842.849 30
2842.970 33
2843.092 28
2843.213 30
2843.335 33
2843.456 40
2843.577 40
2843.699 41
2843.820 42
2843.941 39
2844.063 41
2844.184 41
2844.305 39
2844.427 38
2844.548 37
2844.670 38
2844.791 38
2844.912 41
2845.034 45
2845.155 48
2845.277 45
2845.398 48
2845.519 48
2845.641 48
2845.762 46
2845.884 48
2846.005 47
2846.126 47
2846.248 46
2846.369 43
2846.491 44
2846.612 40
2846.734 37
2846.855 32
2846.976 36
2847.098 40
2847.219 43
2847.341 47
2847.462 45
2847.584 43
2847.705 42
2847.827 39
2847.948 35
2848.069 34
2848.191 36
2848.312 29
2848.434 26
2848.555 26
2848.677 27
2848.798 24
2848.920 24
2849.041 23
2849.163 20
2849.284 25
2849.406 28
2849.527 28
2849.649 25
2849.770 22
2849.892 21
2850.013 21
2850.135 23
2850.256 17
2850.378 23
2850.499 25
2850.621 26
2850.742 29
2850.864 25
2850.985 25
2851.107 28
2851.228 28
2851.350 32
2851.471 33
2851.593 36
2851.714 36
2851.836 38
2851.958 39
2852.079 37
2852.201 40
2852.322 38
2852.444 36
2852.565 37
2852.687 35
2852.808 32
2852.930 31
2853.052 31
2853.173 31
2853.295 33
2853.416 32
2853.538 28
2853.659 24
2853.781 25
2853.903 25
2854.024 25
2854.146 27
2854.267 31
2854.389 31
2854.511 33
2854.632 34
2854.754 32
2854.875 33
2854.997 36
2855.119 35
2855.240 35
2855.362 35
2855.483 31
2855.605 29
2855.727 34
2855.848 33
2855.970 32
2856.092 30
2856.213 29
2856.335 30
2856.457 28
2856.578 33
2856.700 34
2856.821 35
2856.943 38
2857.065 37
2857.186 36
2857.308 35
2857.430 37
2857.551 32
2857.673 29
2857.795 28
2857.916 32
2858.038 30
2858.160 27
2858.281 27
2858.403 22
2858.525 22
2858.647 23
2858.768 26
2858.890 29
2859.012 31
2859.133 31
2859.255 31
2859.377 28
2859.498 28
2859.620 28
2859.742 30
2859.864 31
2859.985 37
2860.107 38
2860.229 38
2860.350 37
2860.472 36
2860.594 38
2860.716 39
2860.837 41
2860.959 40
2861.081 43
2861.203 43
2861.324 43
2861.446 44
2861.568 41
2861.690 43
2861.811 41
2861.933 40
2862.055 39
2862.177 38
2862.298 34
2862.420 33
2862.542 38
2862.664 39
2862.786 42
2862.907 44
2863.029 42
2863.151 43
2863.273 48
2863.394 48
2863.516 46
2863.638 43
2863.760 37
2863.882 36
2864.003 39
2864.125 38
2864.247 42
2864.369 42
2864.491 42
2864.613 42
2864.734 43
2864.856 44
2864.978 37
2865.100 35
2865.222 33
2865.344 28
2865.465 30
2865.587 31
2865.709 30
2865.831 31
2865.953 34
2866.075 34
2866.196 34
2866.318 35
2866.440 33
2866.562 33
2866.684 36
2866.806 35
2866.928 36
2867.050 36
2867.171 37
2867.293 31
2867.415 32
2867.537 32
2867.659 30
2867.781 35
2867.903 36
2868.025 39
2868.146 43
2868.268 43
2868.390 43
2868.512 42
2868.634 41
2868.756 43
2868.878 41
2869.000 39
2869.122 39
2869.244 34
2869.366 36
2869.488 34
2869.609 32
2869.731 28
2869.853 23
2869.975 24
2870.097 25
2870.219 29
2870.341 28
2870.463 28
2870.585 31
2870.707 26
2870.829 27
2870.951 28
2871.073 29
2871.195 30
2871.317 32
2871.439 31
2871.561 30
2871.683 28
2871.805 28
2871.927 27
2872.049 25
2872.171 25
2872.293 27
2872.415 26
2872.537 21
2872.659 18
2872.781 19
2872.903 20
2873.025 22
2873.147 24
2873.269 24
2873.391 23
2873.513 20
2873.635 13
2873.757 9
2873.879 10
2874.001 12
2874.123 14
2874.245 16
2874.367 17
2874.489 21
2874.611 23
2874.733 22
2874.855 23
2874.977 22
2875.099 24
2875.221 20
2875.343 19
2875.465 16
2875.587 11
2875.709 13
2875.831 12
2875.953 11
2876.075 13
2876.198 15
2876.320 19
2876.442 23
2876.564 29
2876.686 30
2876.808 29
2876.930 31
2877.052 30
2877.174 26
2877.296 25
2877.418 22
2877.541 20
2877.663 22
2877.785 22
2877.907 24
2878.029 25
2878.151 28
2878.273 29
2878.395 28
2878.517 28
2878.640 29
2878.762 27
2878.884 24
2879.006 25
2879.128 23
2879.250 23
2879.372 23
2879.494 25
2879.617 25
2879.739 25
2879.861 24
2879.983 28
2880.105 28
2880.227 29
2880.350 30
2880.472 32
2880.594 33
2880.716 33
2880.838 32
2880.960 26
2881.083 24
2881.205 25
2881.327 25
2881.449 25
2881.571 23
2881.694 22
2881.816 22
2881.938 21
2882.060 25
2882.182 26
2882.305 25
2882.427 24
2882.549 23
2882.671 23
2882.793 23
2882.916 26
2883.038 23
2883.160 22
2883.282 20
2883.404 21
2883.527 23
2883.649 23
2883.771 22
2883.893 18
2884.016 21
2884.138 21
2884.260 21
2884.382 19
2884.505 21
2884.627 23
2884.749 25
2884.871 27
2884.994 23
2885.116 21
2885.238 19
2885.360 20
2885.483 21
2885.605 21
2885.727 19
2885.850 18
2885.972 24
2886.094 31
2886.216 36
2886.339 39
2886.461 39
2886.583 36
2886.706 33
2886.828 34
2886.950 30
2887.073 28
2887.195 27
2887.317 27
2887.440 25
2887.562 24
2887.684 20
2887.806 18
2887.929 23
2888.051 24
2888.173 24
2888.296 25
2888.418 22
2888.540 22
2888.663 21
2888.785 25
2888.908 24
2889.030 25
2889.152 25
2889.275 30
2889.397 32
2889.519 34
2889.642 40
2889.764 46
2889.886 45
2890.009 43
2890.131 42
2890.254 39
2890.376 34
2890.498 32
2890.621 26
2890.743 23
2890.865 25
2890.988 26
2891.110 27
2891.233 27
2891.355 25
2891.477 25
2891.600 26
2891.722 24
2891.845 27
2891.967 29
2892.089 31
2892.212 32
2892.334 34
2892.457 36
2892.579 43
2892.702 40
2892.824 43
2892.946 40
2893.069 32
2893.191 31
2893.314 28
2893.436 29
2893.559 31
2893.681 34
2893.804 32
2893.926 30
2894.049 25
2894.171 26
2894.293 25
2894.416 26
2894.538 26
2894.661 26
2894.783 26
2894.906 26
2895.028 26
2895.151 27
2895.273 26
2895.396 26
2895.518 29
2895.641 26
2895.763 29
2895.886 29
2896.008 31
2896.131 29
2896.253 29
2896.376 29
2896.498 29
2896.621 29
2896.743 27
2896.866 27
2896.988 29
2897.111 29
2897.233 31
2897.356 31
2897.478 36
2897.601 30
2897.724 27
2897.846 24
2897.969 19
2898.091 19
2898.214 20
2898.336 20
2898.459 18
2898.581 23
2898.704 23
2898.827 22
2898.949 21
2899.072 17
2899.194 15
2899.317 15
2899.439 18
2899.562 17
2899.685 18
2899.807 20
2899.930 19
2900.052 24
2900.175 27
2900.297 30
2900.420 36
2900.543 35
2900.665 34
2900.788 34
2900.910 32
2901.033 33
2901.156 35
2901.278 34
2901.401 32
2901.524 27
2901.646 24
2901.769 23
2901.891 22
2902.014 27
2902.137 27
2902.259 28
2902.382 29
2902.505 32
2902.627 30
2902.750 30
2902.873 30
2902.995 31
2903.118 26
2903.241 24
2903.363 22
2903.486 18
2903.609 19
2903.731 19
2903.854 19
2903.977 20
2904.099 22
2904.222 20
2904.345 18
2904.467 17
2904.590 18
2904.713 19
2904.835 20
2904.958 24
2905.081 27
2905.203 30
2905.326 34
2905.449 35
2905.572 31
2905.694 27
2905.817 24
2905.940 20
2906.062 20
2906.185 21
2906.308 21
2906.431 22
2906.553 27
2906.676 30
2906.799 35
2906.922 37
2907.044 35
2907.167 33
2907.290 28
2907.413 25
2907.535 29
2907.658 32
2907.781 35
2907.904 39
2908.026 40
2908.149 39
2908.272 35
2908.395 32
2908.517 31
2908.640 31
2908.763 28
2908.886 26
2909.008 25
2909.131 22
2909.254 18
2909.377 16
2909.500 17
2909.622 19
2909.745 24
2909.868 29
2909.991 35
2910.114 38
2910.236 42
2910.359 43
2910.482 42
2910.605 39
2910.728 37
2910.851 34
2910.973 35
2911.096 36
2911.219 39
2911.342 40
2911.465 39
2911.588 40
2911.710 42
2911.833 42
2911.956 35
2912.079 32
2912.202 32
2912.325 27
2912.447 26
2912.570 25
2912.693 28
2912.816 27
2912.939 34
2913.062 38
2913.185 42
2913.308 46
2913.430 44
2913.553 41
2913.676 35
2913.799 33
2913.922 33
2914.045 34
2914.168 34
2914.291 35
2914.414 37
2914.536 38
2914.659 43
2914.782 39
2914.905 41
2915.028 42
2915.151 46
2915.274 45
2915.397 46
2915.520 44
2915.643 38
2915.766 35
2915.889 35
2916.012 34
2916.134 35
2916.257 33
2916.380 33
2916.503 33
2916.626 32
2916.749 38
2916.872 34
2916.995 34
2917.118 34
2917.241 33
2917.364 32
2917.487 32
2917.610 32
2917.733 34
2917.856 35
2917.979 35
2918.102 32
2918.225 33
2918.348 34
2918.471 34
2918.594 33
2918.717 29
2918.840 29
2918.963 29
2919.086 31
2919.209 26
2919.332 29
2919.455 31
2919.578 37
2919.701 40
2919.824 38
2919.947 38
2920.070 38
2920.193 39
2920.316 38
2920.439 38
2920.562 37
2920.685 37
2920.808 38
2920.931 39
2921.054 38
2921.177 33
2921.300 34
2921.423 31
2921.546 29
2921.669 28
2921.792 24
2921.915 23
2922.039 22
2922.162 17
2922.285 18
2922.408 17
2922.531 14
2922.654 16
2922.777 15
2922.900 15
2923.023 19
2923.146 24
2923.269 21
2923.392 21
2923.516 20
2923.639 18
2923.762 19
2923.885 19
2924.008 20
2924.131 24
2924.254 27
2924.377 30
2924.500 33
2924.624 32
2924.747 35
2924.870 34
2924.993 33
2925.116 34
2925.239 36
2925.362 35
2925.485 35
2925.609 28
2925.732 28
2925.855 30
2925.978 31
2926.101 36
2926.224 37
2926.348 36
2926.471 35
2926.594 33
2926.717 33
2926.840 32
2926.963 30
2927.087 25
2927.210 24
2927.333 25
2927.456 25
2927.579 26
2927.702 26
2927.826 28
2927.949 27
2928.072 25
2928.195 24
2928.318 22
2928.442 25
2928.565 25
2928.688 26
2928.811 26
2928.934 29
2929.058 32
2929.181 34
2929.304 36
2929.427 40
2929.551 41
2929.674 40
2929.797 41
2929.920 38
2930.043 38
2930.167 39
2930.290 39
2930.413 42
2930.536 43
2930.660 42
2930.783 41
2930.906 39
2931.029 34
2931.153 34
2931.276 33
2931.399 32
2931.523 32
2931.646 30
2931.769 29
2931.892 29
2932.016 24
2932.139 28
2932.262 29
2932.385 33
2932.509 37
2932.632 35
2932.755 34
2932.879 32
2933.002 27
2933.125 26
2933.249 26
2933.372 21
2933.495 22
2933.619 24
2933.742 23
2933.865 22
2933.988 21
2934.112 19
2934.235 20
2934.358 23
2934.482 22
2934.605 24
2934.728 24
2934.852 28
2934.975 31
2935.098 32
2935.222 30
2935.345 28
2935.469 26
2935.592 22
2935.715 22
2935.839 20
2935.962 21
2936.085 19
2936.209 20
2936.332 25
2936.455 29
2936.579 32
2936.702 31
2936.826 29
2936.949 26
2937.072 26
2937.196 26
2937.319 23
2937.443 25
2937.566 23
2937.689 25
2937.813 30
2937.936 31
2938.060 36
2938.183 37
2938.306 39
2938.430 39
2938.553 36
2938.677 35
2938.800 33
2938.924 29
2939.047 27
2939.170 28
2939.294 31
2939.417 33
2939.541 34
2939.664 35
2939.788 39
2939.911 42
2940.035 44
2940.158 43
2940.281 39
2940.405 41
2940.528 36
2940.652 33
2940.775 23
2940.899 23
2941.022 21
2941.146 21
2941.269 21
2941.393 26
2941.516 26
2941.640 27
2941.763 29
2941.887 30
2942.010 33
2942.134 32
2942.257 29
2942.381 25
2942.504 22
2942.628 22
2942.751 23
2942.875 18
2942.998 20
2943.122 22
2943.245 23
2943.369 27
2943.492 28
2943.616 28
2943.739 26
2943.863 28
2943.986 28
2944.110 32
2944.233 39
2944.357 36
2944.481 37
2944.604 34
2944.728 31
2944.851 32
2944.975 28
2945.098 27
2945.222 26
2945.345 27
2945.469 27
2945.593 28
2945.716 26
2945.840 24
2945.963 25
2946.087 24
2946.211 23
2946.334 26
2946.458 27
2946.581 28
2946.705 29
2946.828 30
2946.952 28
2947.076 28
2947.199 31
2947.323 31
2947.447 33
2947.570 34
2947.694 36
2947.817 34
2947.941 31
2948.065 29
2948.188 27
2948.312 28
2948.436 25
2948.559 25
2948.683 26
2948.806 27
2948.930 30
2949.054 30
2949.177 33
2949.301 31
2949.425 31
2949.548 32
2949.672 32
2949.796 33
2949.919 35
2950.043 35
2950.167 37
2950.290 33
2950.414 28
2950.538 26
2950.661 27
2950.785 21
2950.909 21
2951.032 20
2951.156 18
2951.280 16
2951.403 16
2951.527 17
2951.651 15
2951.775 19
2951.898 20
2952.022 20
2952.146 19
2952.269 18
2952.393 16
2952.517 17
2952.641 18
2952.764 18
2952.888 22
2953.012 22
2953.136 25
2953.259 21
2953.383 20
2953.507 21
2953.630 24
2953.754 28
2953.878 28
2954.002 29
2954.125 30
2954.249 36
2954.373 33
2954.497 33
2954.621 31
2954.744 31
2954.868 30
2954.992 30
2955.116 27
2955.239 22
2955.363 24
2955.487 24
2955.611 24
2955.735 22
2955.858 21
2955.982 21
2956.106 21
2956.230 25
2956.354 25
2956.477 26
2956.601 29
2956.725 30
2956.849 27
2956.973 27
2957.096 26
2957.220 28
2957.344 30
2957.468 30
2957.592 31
2957.716 28
2957.839 25
2957.963 23
2958.087 21
2958.211 23
2958.335 24
2958.459 24
2958.582 25
2958.706 28
2958.830 31
2958.954 32
2959.078 36
2959.202 34
2959.326 34
2959.449 38
2959.573 42
2959.697 46
2959.821 48
2959.945 48
2960.069 48
2960.193 49
2960.317 46
2960.441 44
2960.564 44
2960.688 37
2960.812 33
2960.936 33
2961.060 35
2961.184 36
2961.308 38
2961.432 38
2961.556 38
2961.680 38
2961.804 41
2961.927 40
2962.051 35
2962.175 33
2962.299 32
2962.423 31
2962.547 28
2962.671 30
2962.795 29
2962.919 28
2963.043 27
2963.167 22
2963.291 22
2963.415 22
2963.539 20
2963.663 20
2963.787 22
2963.911 24
2964.035 29
2964.158 37
2964.282 39
2964.406 41
2964.530 40
2964.654 41
2964.778 40
2964.902 37
2965.026 36
2965.150 29
2965.274 26
2965.398 26
2965.522 25
2965.646 25
2965.770 26
2965.894 25
2966.018 21
2966.142 26
2966.266 28
2966.390 28
2966.514 28
2966.638 29
2966.762 26
2966.887 25
2967.011 25
2967.135 26
2967.259 26
2967.383 25
2967.507 26
2967.631 24
2967.755 23
2967.879 23
2968.003 20
2968.127 18
2968.251 18
2968.375 19
2968.499 22
2968.623 25
2968.747 27
2968.871 27
2968.995 26
2969.119 20
2969.244 20
2969.368 21
2969.492 22
2969.616 28
2969.740 32
2969.864 33
2969.988 36
2970.112 37
2970.236 35
2970.360 34
2970.485 31
2970.609 30
2970.733 29
2970.857 29
2970.981 27
2971.105 27
2971.229 28
2971.353 28
2971.477 29
2971.602 26
2971.726 25
2971.850 26
2971.974 27
2972.098 26
2972.222 25
2972.346 25
2972.471 26
2972.595 25
2972.719 28
2972.843 32
2972.967 35
2973.091 42
2973.216 51
2973.340 54
2973.464 58
2973.588 66
2973.712 56
2973.836 52
2973.961 50
2974.085 42
2974.209 40
2974.333 37
2974.457 35
2974.581 28
2974.706 24
2974.830 22
2974.954 15
2975.078 12
2975.203 17
2975.327 18
2975.451 21
2975.575 25
2975.699 23
2975.824 22
2975.948 20
2976.072 17
2976.196 17
2976.320 17
2976.445 16
2976.569 18
2976.693 21
2976.817 22
2976.942 24
2977.066 30
2977.190 32
2977.314 33
2977.439 36
2977.563 36
2977.687 36
2977.811 36
2977.936 38
2978.060 38
2978.184 37
2978.309 35
2978.433 28
2978.557 27
2978.681 27
2978.806 28
2978.930 30
2979.054 31
2979.179 35
2979.303 37
2979.427 41
2979.551 41
2979.676 40
2979.800 42
2979.924 40
2980.049 40
2980.173 34
2980.297 31
2980.422 29
2980.546 23
2980.670 25
2980.795 27
2980.919 28
2981.043 34
2981.168 35
2981.292 35
2981.416 33
2981.541 34
2981.665 33
2981.789 31
2981.914 31
2982.038 29
2982.162 27
2982.287 27
2982.411 26
2982.535 25
2982.660 26
2982.784 27
2982.909 29
2983.033 34
2983.157 38
2983.282 39
2983.406 40
2983.530 35
2983.655 34
2983.779 33
2983.904 35
2984.028 31
2984.152 35
2984.277 32
2984.401 28
2984.526 30
2984.650 25
2984.774 26
2984.899 31
2985.023 33
2985.148 31
2985.272 31
2985.397 35
2985.521 34
2985.645 31
2985.770 30
2985.894 25
2986.019 24
2986.143 26
2986.268 26
2986.392 26
2986.516 22
2986.641 20
2986.765 20
2986.890 18
2987.014 15
2987.139 18
2987.263 20
2987.388 24
2987.512 24
2987.637 24
2987.761 24
2987.886 22
2988.010 22
2988.135 22
2988.259 22
2988.384 20
2988.508 19
2988.632 17
2988.757 17
2988.881 19
2989.006 17
2989.130 20
2989.255 20
2989.380 18
2989.504 21
2989.629 25
2989.753 26
2989.878 31
2990.002 30
2990.127 28
2990.251 28
2990.376 30
2990.500 31
2990.625 29
2990.749 26
2990.874 22
2990.998 18
2991.123 17
2991.247 17
2991.372 16
2991.497 16
2991.621 15
2991.746 16
2991.870 16
2991.995 20
2992.119 21
2992.244 21
2992.369 23
2992.493 24
2992.618 26
2992.742 27
2992.867 26
2992.991 26
2993.116 29
2993.241 27
2993.365 28
2993.490 24
2993.614 21
2993.739 21
2993.864 24
2993.988 26
2994.113 24
2994.237 24
2994.362 21
2994.487 20
2994.611 19
2994.736 19
2994.861 18
2994.985 23
2995.110 23
2995.234 24
2995.359 23
2995.484 28
2995.608 26
2995.733 25
2995.858 25
2995.982 19
2996.107 20
2996.232 21
2996.356 23
2996.481 25
2996.606 28
2996.730 28
2996.855 28
2996.980 30
2997.104 27
2997.229 26
2997.354 28
2997.478 26
2997.603 27
2997.728 27
2997.852 28
2997.977 29
2998.102 27
2998.227 27
2998.351 26
2998.476 25
2998.601 25
2998.725 24
2998.850 21
2998.975 17
2999.099 20
2999.224 19
2999.349 15
2999.474 15
2999.598 14
2999.723 14
2999.848 15
2999.973 20
3000.097 19
3000.222 19
3000.347 20
3000.472 22
3000.596 22
3000.721 24
3000.846 24
3000.971 27
3001.095 27
3001.220 26
3001.345 25
3001.470 21
3001.594 23
3001.719 22
3001.844 22
3001.969 19
3002.093 17
3002.218 18
3002.343 17
3002.468 18
3002.593 18
3002.717 19
3002.842 19
3002.967 25
3003.092 25
3003.217 27
3003.341 26
3003.466 25
3003.591 25
3003.716 23
3003.841 23
3003.966 23
3004.090 22
3004.215 21
3004.340 18
3004.465 17
3004.590 20
3004.714 22
3004.839 23
3004.964 23
3005.089 24
3005.214 22
3005.339 20
3005.464 22
3005.588 20
3005.713 20
3005.838 20
3005.963 18
3006.088 17
3006.213 19
3006.338 26
3006.462 27
3006.587 30
3006.712 31
3006.837 31
3006.962 34
3007.087 29
3007.212 25
3007.337 21
3007.462 20
3007.586 20
3007.711 20
3007.836 17
3007.961 14
3008.086 13
3008.211 13
3008.336 12
3008.461 11
3008.586 15
3008.711 17
3008.836 18
3008.961 21
3009.085 21
3009.210 21
3009.335 25
3009.460 23
3009.585 26
3009.710 28
3009.835 33
3009.960 32
3010.085 28
3010.210 26
3010.335 24
3010.460 19
3010.585 19
3010.710 19
3010.835 21
3010.960 22
3011.085 22
3011.210 24
3011.335 21
3011.460 25
3011.585 27
3011.710 26
3011.835 25
3011.960 22
3012.085 20
3012.210 22
3012.335 28
3012.460 29
3012.585 25
3012.710 24
3012.835 23
3012.960 22
3013.085 22
3013.210 23
3013.335 22
3013.460 25
3013.585 23
3013.710 22
3013.835 22
3013.960 22
3014.085 24
3014.210 25
3014.335 23
3014.460 27
3014.585 26
3014.710 24
3014.835 23
3014.960 21
3015.085 20
3015.210 22
3015.335 24
3015.460 23
3015.585 23
3015.711 23
3015.836 20
3015.961 18
3016.086 22
3016.211 24
3016.336 25
3016.461 29
3016.586 27
3016.711 29
3016.836 33
3016.961 29
3017.086 30
3017.212 29
3017.337 24
3017.462 25
3017.587 24
3017.712 25
3017.837 25
3017.962 29
3018.087 31
3018.213 31
3018.338 28
3018.463 25
3018.588 26
3018.713 25
3018.838 24
3018.963 22
3019.088 25
3019.214 24
3019.339 25
3019.464 20
3019.589 22
3019.714 25
3019.839 26
3019.965 33
3020.090 27
3020.215 24
3020.340 23
3020.465 19
3020.590 16
3020.716 15
3020.841 14
3020.966 11
3021.091 12
3021.216 14
3021.341 14
3021.467 21
3021.592 29
3021.717 34
3021.842 40
3021.967 48
3022.093 46
3022.218 41
3022.343 38
3022.468 32
3022.594 28
3022.719 27
3022.844 24
3022.969 20
3023.094 22
3023.220 23
3023.345 23
3023.470 25
3023.595 24
3023.721 24
3023.846 24
3023.971 24
3024.096 27
3024.222 26
3024.347 25
3024.472 25
3024.597 24
3024.723 24
3024.848 27
3024.973 27
3025.098 27
3025.224 27
3025.349 31
3025.474 30
3025.600 31
3025.725 32
3025.850 34
3025.975 30
3026.101 30
3026.226 28
3026.351 26
3026.477 22
3026.602 23
3026.727 25
3026.852 28
3026.978 30
3027.103 28
3027.228 27
3027.354 28
3027.479 28
3027.604 30
3027.730 31
3027.855 36
3027.980 41
3028.106 48
3028.231 50
3028.356 55
3028.482 56
3028.607 50
3028.732 48
3028.858 46
3028.983 41
3029.108 41
3029.234 38
3029.359 31
3029.485 29
3029.610 29
3029.735 30
3029.861 31
3029.986 31
3030.111 30
3030.237 30
3030.362 31
3030.488 30
3030.613 30
3030.738 29
3030.864 28
3030.989 24
3031.115 23
3031.240 25
3031.365 30
3031.491 30
3031.616 28
3031.742 27
3031.867 23
3031.992 24
3032.118 30
3032.243 31
3032.369 31
3032.494 35
3032.619 31
3032.745 30
3032.870 31
3032.996 23
3033.121 20
3033.247 21
3033.372 21
3033.498 27
3033.623 28
3033.748 26
3033.874 22
3033.999 21
3034.125 20
3034.250 21
3034.376 20
3034.501 20
3034.627 23
3034.752 25
3034.878 32
3035.003 32
3035.129 31
3035.254 31
3035.380 27
3035.505 28
3035.631 27
3035.756 27
3035.882 25
3036.007 24
3036.133 22
3036.258 23
3036.384 23
3036.509 23
3036.635 23
3036.760 22
3036.886 23
3037.011 20
3037.137 17
3037.262 15
3037.388 12
3037.513 12
3037.639 15
3037.764 16
3037.890 19
3038.015 14
3038.141 18
3038.267 17
3038.392 15
3038.518 17
3038.643 16
3038.769 19
3038.894 22
3039.020 28
3039.145 29
3039.271 28
3039.397 26
3039.522 24
3039.648 20
3039.773 20
3039.899 23
3040.025 20
3040.150 20
3040.276 20
3040.401 19
3040.527 19
3040.653 24
3040.778 26
3040.904 28
3041.029 30
3041.155 32
3041.281 33
3041.406 29
3041.532 27
3041.657 24
3041.783 24
3041.909 25
3042.034 29
3042.160 35
3042.286 38
3042.411 40
3042.537 41
3042.662 39
3042.788 36
3042.914 32
3043.039 30
3043.165 28
3043.291 27
3043.416 22
3043.542 23
3043.668 24
3043.793 25
3043.919 29
3044.045 29
3044.170 26
3044.296 26
3044.422 29
3044.547 30
3044.673 32
3044.799 32
3044.924 26
3045.050 24
3045.176 22
3045.302 21
3045.427 21
3045.553 21
3045.679 19
3045.804 18
3045.930 19
3046.056 16
3046.182 15
3046.307 15
3046.433 15
3046.559 14
3046.684 17
3046.810 18
3046.936 17
3047.062 22
3047.187 22
3047.313 24
3047.439 29
3047.565 33
3047.690 35
3047.816 33
3047.942 32
3048.068 28
3048.193 29
3048.319 29
3048.445 30
3048.571 27
3048.696 26
3048.822 25
3048.948 24
3049.074 22
3049.200 21
3049.325 20
3049.451 19
3049.577 15
3049.703 15
3049.828 16
3049.954 17
3050.080 18
3050.206 21
3050.332 22
3050.457 27
3050.583 26
3050.709 30
3050.835 31
3050.961 33
3051.087 32
3051.212 34
3051.338 32
3051.464 33
3051.590 29
3051.716 23
3051.842 21
3051.967 18
3052.093 19
3052.219 19
3052.345 20
3052.471 24
3052.597 23
3052.722 25
3052.848 27
3052.974 28
3053.100 35
3053.226 39
3053.352 45
3053.478 48
3053.604 55
3053.729 58
3053.855 52
3053.981 44
3054.107 36
3054.233 32
3054.359 32
3054.485 37
3054.611 37
3054.737 32
3054.862 31
3054.988 28
3055.114 25
3055.240 24
3055.366 25
3055.492 26
3055.618 30
3055.744 34
3055.870 34
3055.996 34
3056.122 34
3056.248 33
3056.373 32
3056.499 32
3056.625 26
3056.751 22
3056.877 22
3057.003 24
3057.129 27
3057.255 25
3057.381 26
3057.507 27
3057.633 29
3057.759 31
3057.885 31
3058.011 28
3058.137 32
3058.263 28
3058.389 28
3058.515 30
3058.641 25
3058.767 30
3058.893 31
3059.019 34
3059.145 36
3059.271 37
3059.397 36
3059.523 30
3059.649 31
3059.775 27
3059.901 26
3060.027 22
3060.153 16
3060.279 14
3060.405 12
3060.531 13
3060.657 12
3060.783 10
3060.909 10
3061.035 12
3061.161 14
3061.287 14
3061.413 16
3061.539 20
3061.665 26
3061.791 26
3061.917 26
3062.043 27
3062.169 30
3062.295 31
3062.421 29
3062.547 30
3062.673 33
3062.800 32
3062.926 31
3063.052 30
3063.178 24
3063.304 25
3063.430 26
3063.556 23
3063.682 23
3063.808 24
3063.934 25
3064.060 28
3064.186 28
3064.313 27
3064.439 27
3064.565 24
3064.691 20
3064.817 17
3064.943 16
3065.069 15
3065.195 17
3065.321 18
3065.448 18
3065.574 21
3065.700 19
3065.826 22
3065.952 23
3066.078 24
3066.204 26
3066.330 27
3066.457 27
3066.583 25
3066.709 26
3066.835 27
3066.961 27
3067.087 22
3067.214 21
3067.340 21
3067.466 19
3067.592 17
3067.718 12
3067.844 11
3067.971 13
3068.097 15
3068.223 16
3068.349 21
3068.475 21
3068.602 22
3068.728 24
3068.854 21
3068.980 22
3069.106 26
3069.233 25
3069.359 23
3069.485 23
3069.611 23
3069.737 22
3069.864 21
3069.990 21
3070.116 20
3070.242 21
3070.368 21
3070.495 23
3070.621 26
3070.747 27
3070.873 30
3071.000 33
3071.126 35
3071.252 39
3071.378 38
3071.505 38
3071.631 36
3071.757 34
3071.883 36
3072.010 32
3072.136 28
3072.262 27
3072.388 23
3072.515 23
3072.641 22
3072.767 22
3072.894 24
3073.020 23
3073.146 24
3073.272 25
3073.399 23
3073.525 21
3073.651 18
3073.778 15
3073.904 14
3074.030 15
3074.157 18
3074.283 18
3074.409 19
3074.535 19
3074.662 14
3074.788 14
3074.914 14
3075.041 14
3075.167 17
3075.293 20
3075.420 21
3075.546 22
3075.672 23
3075.799 24
3075.925 23
3076.051 24
3076.178 27
3076.304 23
3076.431 24
3076.557 24
3076.683 24
3076.810 31
3076.936 34
3077.062 33
3077.189 32
3077.315 27
3077.441 24
3077.568 24
3077.694 25
3077.821 29
3077.947 31
3078.073 32
3078.200 30
3078.326 27
3078.453 24
3078.579 25
3078.705 26
3078.832 27
3078.958 29
3079.085 31
3079.211 29
3079.337 32
3079.464 34
3079.590 33
3079.717 32
3079.843 30
3079.970 25
3080.096 24
3080.222 23
3080.349 19
3080.475 20
3080.602 22
3080.728 22
3080.855 22
3080.981 24
3081.108 23
3081.234 23
3081.360 22
3081.487 23
3081.613 23
3081.740 23
3081.866 23
3081.993 18
3082.119 19
3082.246 18
3082.372 18
3082.499 16
3082.625 17
3082.752 18
3082.878 20
3083.005 20
3083.131 20
3083.258 17
3083.384 20
3083.511 22
3083.637 21
3083.764 18
3083.890 14
3084.017 13
3084.143 14
3084.270 13
3084.396 15
3084.523 18
3084.649 19
3084.776 21
3084.902 25
3085.029 23
3085.155 23
3085.282 24
3085.409 19
3085.535 17
3085.662 17
3085.788 17
3085.915 21
3086.041 17
3086.168 17
3086.294 16
3086.421 17
3086.548 16
3086.674 15
3086.801 14
3086.927 13
3087.054 14
3087.180 14
3087.307 13
3087.434 10
3087.560 10
3087.687 10
3087.813 10
3087.940 14
3088.067 18
3088.193 20
3088.320 22
3088.446 26
3088.573 28
3088.700 25
3088.826 24
3088.953 20
3089.079 16
3089.206 15
3089.333 19
3089.459 15
3089.586 17
3089.713 18
3089.839 18
3089.966 24
3090.093 21
3090.219 20
3090.346 17
3090.472 15
3090.599 15
3090.726 15
3090.852 11
3090.979 5
3091.106 5
3091.232 5
3091.359 5
3091.486 7
3091.612 10
3091.739 10
3091.866 11
3091.992 10
3092.119 14
3092.246 14
3092.373 13
3092.499 14
3092.626 13
3092.753 13
3092.879 13
3093.006 14
3093.133 16
3093.259 17
3093.386 19
3093.513 18
3093.640 19
3093.766 18
3093.893 20
3094.020 20
3094.147 17
3094.273 16
3094.400 14
3094.527 14
3094.653 17
3094.780 17
3094.907 17
3095.034 18
3095.160 18
3095.287 19
3095.414 26
3095.541 32
3095.667 33
3095.794 32
3095.921 30
3096.048 26
3096.175 24
3096.301 23
3096.428 21
3096.555 23
3096.682 23
3096.808 24
3096.935 23
3097.062 27
3097.189 24
3097.316 24
3097.442 25
3097.569 24
3097.696 22
3097.823 20
3097.950 20
3098.076 21
3098.203 25
3098.330 26
3098.457 26
3098.584 27
3098.710 23
3098.837 23
3098.964 22
3099.091 22
3099.218 23
3099.345 24
3099.471 23
3099.598 27
3099.725 30
3099.852 30
3099.979 33
3100.106 35
3100.233 35
3100.359 34
3100.486 30
3100.613 24
3100.740 24
3100.867 24
3100.994 22
3101.121 24
3101.248 20
3101.374 19
3101.501 17
3101.628 16
3101.755 16
3101.882 16
3102.009 16
3102.136 17
3102.263 16
3102.390 17
3102.516 17
3102.643 18
3102.770 18
3102.897 16
3103.024 14
3103.151 15
3103.278 17
3103.405 17
3103.532 21
3103.659 24
3103.786 24
3103.913 26
3104.039 29
3104.166 32
3104.293 31
3104.420 29
3104.547 25
3104.674 25
3104.801 32
3104.928 32
3105.055 31
3105.182 29
3105.309 31
3105.436 30
3105.563 29
3105.690 25
3105.817 22
3105.944 22
3106.071 20
3106.198 21
3106.325 22
3106.452 22
3106.579 24
3106.706 23
3106.833 27
3106.960 29
3107.087 33
3107.214 35
3107.341 33
3107.468 33
3107.595 31
3107.722 34
3107.849 37
3107.976 38
3108.103 38
3108.230 35
3108.357 32
3108.484 31
3108.611 29
3108.738 28
3108.865 30
3108.992 30
3109.119 27
3109.246 30
3109.373 30
3109.500 31
3109.627 35
3109.754 33
3109.881 36
3110.008 35
3110.135 37
3110.263 32
3110.390 29
3110.517 29
3110.644 29
3110.771 35
3110.898 34
3111.025 34
3111.152 31
3111.279 29
3111.406 25
3111.533 23
3111.660 18
3111.788 14
3111.915 18
3112.042 19
3112.169 23
3112.296 26
3112.423 25
3112.550 25
3112.677 24
3112.804 24
3112.932 27
3113.059 27
3113.186 30
3113.313 26
3113.440 24
3113.567 23
3113.694 17
3113.821 19
3113.949 16
3114.076 16
3114.203 18
3114.330 20
3114.457 23
3114.584 24
3114.712 22
3114.839 22
3114.966 20
3115.093 19
3115.220 20
3115.347 17
3115.475 15
3115.602 15
3115.729 15
3115.856 18
3115.983 21
3116.110 21
3116.238 20
3116.365 18
3116.492 16
3116.619 19
3116.746 21
3116.874 26
3117.001 25
3117.128 23
3117.255 21
3117.382 19
3117.510 20
3117.637 20
3117.764 20
3117.891 21
3118.019 18
3118.146 19
3118.273 24
3118.400 21
3118.528 19
3118.655 18
3118.782 17
3118.909 16
3119.037 16
3119.164 17
3119.291 15
3119.418 21
3119.546 22
3119.673 22
3119.800 22
3119.927 19
3120.055 20
3120.182 19
3120.309 19
3120.436 18
3120.564 15
3120.691 15
3120.818 15
3120.946 13
3121.073 13
3121.200 13
3121.327 15
3121.455 16
3121.582 18
3121.709 19
3121.837 22
3121.964 24
3122.091 27
3122.219 28
3122.346 32
3122.473 30
3122.601 29
3122.728 29
3122.855 28
3122.983 29
3123.110 26
3123.237 25
3123.365 25
3123.492 23
3123.619 26
3123.747 29
3123.874 30
3124.001 34
3124.129 38
3124.256 37
3124.383 36
3124.511 33
3124.638 30
3124.766 31
3124.893 29
3125.020 29
3125.148 27
3125.275 28
3125.402 26
3125.530 30
3125.657 29
3125.785 30
3125.912 35
3126.039 31
3126.167 30
3126.294 32
3126.422 30
3126.549 24
3126.676 22
3126.804 17
3126.931 15
3127.059 14
3127.186 20
3127.313 23
3127.441 26
3127.568 32
3127.696 35
3127.823 35
3127.951 35
3128.078 33
3128.205 33
3128.333 33
3128.460 30
3128.588 28
3128.715 30
3128.843 28
3128.970 26
3129.098 20
3129.225 18
3129.353 18
3129.480 21
3129.608 21
3129.735 19
3129.862 21
3129.990 21
3130.117 26
3130.245 28
3130.372 27
3130.500 26
3130.627 25
3130.755 29
3130.882 29
3131.010 31
3131.137 34
3131.265 33
3131.392 33
3131.520 32
3131.647 35
3131.775 33
3131.902 30
3132.030 28
3132.157 21
3132.285 24
3132.413 24
3132.540 21
3132.668 20
3132.795 22
3132.923 25
3133.050 27
3133.178 32
3133.305 27
3133.433 25
3133.560 27
3133.688 22
3133.816 27
3133.943 28
3134.071 31
3134.198 30
3134.326 29
3134.453 29
3134.581 27
3134.709 30
3134.836 25
3134.964 25
3135.091 28
3135.219 28
3135.346 31
3135.474 30
3135.602 29
3135.729 25
3135.857 21
3135.984 21
3136.112 20
3136.240 18
3136.367 20
3136.495 23
3136.622 30
3136.750 33
3136.878 35
3137.005 35
3137.133 32
3137.261 32
3137.388 32
3137.516 32
3137.644 30
3137.771 29
3137.899 24
3138.026 23
3138.154 22
3138.282 22
3138.409 23
3138.537 24
3138.665 25
3138.792 25
3138.920 24
3139.048 24
3139.175 21
3139.303 24
3139.431 22
3139.558 21
3139.686 18
3139.814 13
3139.941 16
3140.069 18
3140.197 21
3140.325 23
3140.452 23
3140.580 23
3140.708 23
3140.835 23
3140.963 22
3141.091 24
3141.218 29
3141.346 33
3141.474 30
3141.602 27
3141.729 24
3141.857 25
3141.985 23
3142.113 23
3142.240 23
3142.368 24
3142.496 25
3142.623 29
3142.751 34
3142.879 31
3143.007 34
3143.134 33
3143.262 29
3143.390 28
3143.518 27
3143.646 26
3143.773 25
3143.901 21
3144.029 20
3144.157 22
3144.284 28
3144.412 25
3144.540 27
3144.668 28
3144.795 31
3144.923 29
3145.051 26
3145.179 24
3145.307 20
3145.434 22
3145.562 24
3145.690 25
3145.818 25
3145.946 26
3146.074 29
3146.201 28
3146.329 30
3146.457 26
3146.585 22
3146.713 22
3146.840 21
3146.968 19
3147.096 15
3147.224 14
3147.352 11
3147.480 12
3147.607 15
3147.735 16
3147.863 18
3147.991 22
3148.119 25
3148.247 27
3148.375 30
3148.502 34
3148.630 33
3148.758 32
3148.886 27
3149.014 23
3149.142 21
3149.270 20
3149.398 16
3149.525 15
3149.653 17
3149.781 17
3149.909 18
3150.037 23
3150.165 21
3150.293 22
3150.421 25
3150.549 24
3150.677 24
3150.804 25
3150.932 23
3151.060 24
3151.188 25
3151.316 25
3151.444 28
3151.572 28
3151.700 27
3151.828 28
3151.956 29
3152.084 31
3152.212 32
3152.340 31
3152.468 30
3152.596 27
3152.723 28
3152.851 29
3152.979 27
3153.107 26
3153.235 25
3153.363 26
3153.491 25
3153.619 21
3153.747 21
3153.875 19
3154.003 17
3154.131 18
3154.259 22
3154.387 23
3154.515 27
3154.643 28
3154.771 26
3154.899 26
3155.027 22
3155.155 19
3155.283 18
3155.411 18
3155.539 18
3155.667 18
3155.795 17
3155.923 16
3156.051 17
3156.179 17
3156.307 17
3156.435 16
3156.563 16
3156.691 13
3156.819 13
3156.947 14
3157.075 16
3157.204 18
3157.332 19
3157.460 20
3157.588 19
3157.716 25
3157.844 31
3157.972 33
3158.100 32
3158.228 40
3158.356 36
3158.484 33
3158.612 30
3158.740 25
3158.868 24
3158.996 24
3159.125 24
3159.253 21
3159.381 22
3159.509 23
3159.637 24
3159.765 24
3159.893 25
3160.021 24
3160.149 23
3160.277 19
3160.406 22
3160.534 22
3160.662 24
3160.790 23
3160.918 22
3161.046 24
3161.174 25
3161.302 30
3161.431 31
3161.559 30
3161.687 28
3161.815 26
3161.943 23
3162.071 22
3162.199 22
3162.328 21
3162.456 15
3162.584 13
3162.712 10
3162.840 11
3162.968 12
3163.096 12
3163.225 12
3163.353 14
3163.481 14
3163.609 13
3163.737 15
3163.866 16
3163.994 19
3164.122 20
3164.250 19
3164.378 20
3164.507 21
3164.635 22
3164.763 23
3164.891 25
3165.019 25
3165.148 25
3165.276 24
3165.404 28
3165.532 31
3165.660 31
3165.789 31
3165.917 34
3166.045 29
3166.173 27
3166.302 26
3166.430 21
3166.558 19
3166.686 19
3166.815 18
3166.943 21
3167.071 19
3167.199 20
3167.328 22
3167.456 25
3167.584 26
3167.712 26
3167.841 26
3167.969 22
3168.097 21
3168.225 21
3168.354 23
3168.482 23
3168.610 18
3168.739 16
3168.867 12
3168.995 13
3169.123 17
3169.252 18
3169.380 19
3169.508 24
3169.637 24
3169.765 24
3169.893 24
3170.022 23
3170.150 22
3170.278 22
3170.406 22
3170.535 22
3170.663 21
3170.791 20
3170.920 17
3171.048 18
3171.176 18
3171.305 19
3171.433 23
3171.561 21
3171.690 21
3171.818 20
3171.947 22
3172.075 20
3172.203 18
3172.332 17
3172.460 15
3172.588 16
3172.717 19
3172.845 19
3172.973 19
3173.102 22
3173.230 24
3173.359 26
3173.487 28
3173.615 27
3173.744 28
3173.872 27
3174.000 26
3174.129 24
3174.257 22
3174.386 21
3174.514 21
3174.643 24
3174.771 23
3174.899 23
3175.028 25
3175.156 22
3175.285 24
3175.413 24
3175.541 24
3175.670 25
3175.798 22
3175.927 21
3176.055 23
3176.184 18
3176.312 18
3176.440 18
3176.569 17
3176.697 15
3176.826 17
3176.954 19
3177.083 19
3177.211 22
3177.340 22
3177.468 22
3177.597 19
3177.725 19
3177.854 19
3177.982 18
3178.111 17
3178.239 15
3178.367 18
3178.496 19
3178.624 24
3178.753 26
3178.881 25
3179.010 27
3179.138 28
3179.267 29
3179.395 29
3179.524 29
3179.652 26
3179.781 27
3179.910 26
3180.038 25
3180.167 24
3180.295 21
3180.424 21
3180.552 21
3180.681 18
3180.809 16
3180.938 18
3181.066 19
3181.195 20
3181.323 20
3181.452 19
3181.580 18
3181.709 16
3181.838 13
3181.966 13
3182.095 14
3182.223 15
3182.352 14
3182.480 15
3182.609 15
3182.738 15
3182.866 18
3182.995 19
3183.123 17
3183.252 16
3183.380 14
3183.509 18
3183.638 19
3183.766 19
3183.895 23
3184.023 20
3184.152 21
3184.281 24
3184.409 26
3184.538 23
3184.667 23
3184.795 24
3184.924 20
3185.052 22
3185.181 23
3185.310 25
3185.438 23
3185.567 23
3185.696 24
3185.824 22
3185.953 24
3186.081 27
3186.210 26
3186.339 28
3186.467 28
3186.596 25
3186.725 26
3186.853 24
3186.982 24
3187.111 24
3187.239 24
3187.368 20
3187.497 24
3187.625 24
3187.754 24
3187.883 23
3188.011 23
3188.140 22
3188.269 21
3188.398 17
3188.526 13
3188.655 15
3188.784 17
3188.912 23
3189.041 21
3189.170 28
3189.298 30
3189.427 35
3189.556 38
3189.685 37
3189.813 36
3189.942 29
3190.071 29
3190.200 24
3190.328 22
3190.457 18
3190.586 19
3190.714 18
3190.843 19
3190.972 20
3191.101 18
3191.229 18
3191.358 19
3191.487 19
3191.616 20
3191.744 23
3191.873 27
3192.002 33
3192.131 40
3192.260 41
3192.388 38
3192.517 34
3192.646 33
3192.775 32
3192.903 31
3193.032 24
3193.161 22
3193.290 23
3193.419 22
3193.547 20
3193.676 18
3193.805 15
3193.934 18
3194.063 21
3194.191 22
3194.320 22
3194.449 20
3194.578 20
3194.707 17
3194.836 17
3194.964 18
3195.093 19
3195.222 23
3195.351 22
3195.480 22
3195.609 21
3195.737 20
3195.866 24
3195.995 24
3196.124 25
3196.253 21
3196.382 20
3196.511 21
3196.639 22
3196.768 25
3196.897 26
3197.026 26
3197.155 30
3197.284 31
3197.413 28
3197.542 26
3197.670 26
3197.799 20
3197.928 22
3198.057 21
3198.186 17
3198.315 18
3198.444 18
3198.573 18
3198.702 20
3198.830 15
3198.959 13
3199.088 12
3199.217 13
3199.346 15
3199.475 19
3199.604 21
3199.733 24
3199.862 27
3199.991 25
3200.120 23
3200.249 23
3200.378 20
3200.507 18
3200.635 17
3200.764 13
3200.893 14
3201.022 14
3201.151 14
3201.280 12
3201.409 12
3201.538 11
3201.667 13
3201.796 16
3201.925 17
3202.054 19
3202.183 19
3202.312 20
3202.441 17
3202.570 16
3202.699 17
3202.828 18
3202.957 18
3203.086 20
3203.215 19
3203.344 22
3203.473 23
3203.602 24
3203.731 24
3203.860 23
3203.989 24
3204.118 20
3204.247 21
3204.376 21
3204.505 22
3204.634 25
3204.763 24
3204.892 24
3205.021 21
3205.150 21
3205.279 21
3205.408 22
3205.537 22
3205.666 23
3205.796 23
3205.925 20
3206.054 18
3206.183 18
3206.312 17
3206.441 18
3206.570 14
3206.699 15
3206.828 16
3206.957 15
3207.086 17
3207.215 15
3207.344 15
3207.473 13
3207.603 13
3207.732 13
3207.861 14
3207.990 14
3208.119 23
3208.248 28
3208.377 29
3208.506 31
3208.635 31
3208.764 28
3208.894 27
3209.023 27
3209.152 23
3209.281 22
3209.410 22
3209.539 24
3209.668 22
3209.797 20
3209.927 17
3210.056 15
3210.185 13
3210.314 12
3210.443 12
3210.572 10
3210.701 14
3210.831 12
3210.960 12
3211.089 11
3211.218 14
3211.347 17
3211.476 18
3211.606 17
3211.735 18
3211.864 18
3211.993 18
3212.122 21
3212.252 17
3212.381 14
3212.510 13
3212.639 9
3212.768 10
3212.898 9
3213.027 9
3213.156 10
3213.285 13
3213.414 14
3213.544 15
3213.673 16
3213.802 19
3213.931 20
3214.060 19
3214.190 17
3214.319 13
3214.448 13
3214.577 13
3214.707 13
3214.836 13
3214.965 13
3215.094 14
3215.224 14
3215.353 15
3215.482 13
3215.611 11
3215.741 10
3215.870 7
3215.999 6
3216.128 6
3216.258 7
3216.387 10
3216.516 15
3216.645 16
3216.775 17
3216.904 22
3217.033 22
3217.163 21
3217.292 19
3217.421 18
3217.550 15
3217.680 16
3217.809 21
3217.938 20
3218.068 20
3218.197 21
3218.326 19
3218.456 22
3218.585 23
3218.714 24
3218.844 24
3218.973 22
3219.102 23
3219.232 21
3219.361 20
3219.490 17
3219.620 21
3219.749 23
3219.878 28
3220.008 32
3220.137 32
3220.266 31
3220.396 29
3220.525 24
3220.654 23
3220.784 25
3220.913 28
3221.042 32
3221.172 31
3221.301 30
3221.431 30
3221.560 28
3221.689 26
3221.819 22
3221.948 18
3222.077 16
3222.207 13
3222.336 14
3222.466 18
3222.595 17
3222.724 17
3222.854 17
3222.983 19
3223.113 17
3223.242 19
3223.371 18
3223.501 17
3223.630 18
3223.760 17
3223.889 16
3224.019 14
3224.148 13
3224.277 11
3224.407 11
3224.536 14
3224.666 14
3224.795 15
3224.925 15
3225.054 12
3225.184 13
3225.313 14
3225.442 15
3225.572 15
3225.701 13
3225.831 13
3225.960 14
3226.090 15
3226.219 17
3226.349 21
3226.478 24
3226.608 27
3226.737 31
3226.867 35
3226.996 33
3227.126 31
3227.255 28
3227.385 23
3227.514 24
3227.644 25
3227.773 25
3227.903 23
3228.032 23
3228.162 19
3228.291 19
3228.421 20
3228.550 18
3228.680 18
3228.809 18
3228.939 20
3229.068 20
3229.198 22
3229.327 18
3229.457 15
3229.587 14
3229.716 13
3229.846 13
3229.975 12
3230.105 13
3230.234 16
3230.364 21
3230.493 22
3230.623 23
3230.753 25
3230.882 22
3231.012 25
3231.141 25
3231.271 24
3231.400 22
3231.530 22
3231.660 22
3231.789 21
3231.919 23
3232.048 19
3232.178 18
3232.308 18
3232.437 14
3232.567 12
3232.696 12
3232.826 12
3232.956 17
3233.085 16
3233.215 15
3233.344 16
3233.474 16
3233.604 20
3233.733 21
3233.863 23
3233.993 23
3234.122 21
3234.252 21
3234.381 18
3234.511 16
3234.641 18
3234.770 20
3234.900 22
3235.030 25
3235.159 26
3235.289 27
3235.419 29
3235.548 32
3235.678 27
3235.808 23
3235.937 18
3236.067 12
3236.197 13
3236.326 13
3236.456 11
3236.586 8
3236.715 9
3236.845 10
3236.975 11
3237.105 15
3237.234 16
3237.364 16
3237.494 16
3237.623 17
3237.753 16
3237.883 16
3238.013 17
3238.142 17
3238.272 17
3238.402 18
3238.531 18
3238.661 21
3238.791 21
3238.921 21
3239.050 21
3239.180 16
3239.310 16
3239.440 15
3239.569 14
3239.699 14
3239.829 14
3239.959 13
3240.088 12
3240.218 10
3240.348 9
3240.478 9
3240.607 9
3240.737 8
3240.867 8
3240.997 9
3241.127 11
3241.256 12
3241.386 11
3241.516 10
3241.646 13
3241.775 14
3241.905 16
3242.035 15
3242.165 16
3242.295 21
3242.424 20
3242.554 21
3242.684 21
3242.814 20
3242.944 19
3243.074 20
3243.203 18
3243.333 18
3243.463 18
3243.593 17
3243.723 18
3243.853 20
3243.982 20
3244.112 19
3244.242 17
3244.372 15
3244.502 14
3244.632 14
3244.761 15
3244.891 13
3245.021 14
3245.151 15
3245.281 17
3245.411 15
3245.541 17
3245.671 18
3245.800 20
3245.930 23
3246.060 21
3246.190 22
3246.320 21
3246.450 23
3246.580 22
3246.710 22
3246.839 21
3246.969 17
3247.099 20
3247.229 20
3247.359 20
3247.489 18
3247.619 20
3247.749 23
3247.879 31
3248.009 35
3248.139 30
3248.269 29
3248.398 27
3248.528 21
3248.658 21
3248.788 23
3248.918 23
3249.048 25
3249.178 24
3249.308 20
3249.438 18
3249.568 16
3249.698 17
3249.828 17
3249.958 19
3250.088 17
3250.218 18
3250.348 18
3250.478 16
3250.608 16
3250.738 17
3250.868 19
3250.998 21
3251.128 27
3251.258 25
3251.388 24
3251.518 23
3251.648 18
3251.778 18
3251.908 18
3252.038 21
3252.168 15
3252.298 15
3252.428 15
3252.558 12
3252.688 6
3252.818 7
3252.948 6
3253.078 5
3253.208 8
3253.338 9
3253.468 11
3253.598 13
3253.728 17
3253.858 17
3253.988 18
3254.118 19
3254.248 21
3254.378 22
3254.508 21
3254.638 21
3254.768 23
3254.898 21
3255.028 20
3255.158 19
3255.289 17
3255.419 17
3255.549 16
3255.679 14
3255.809 13
3255.939 14
3256.069 16
3256.199 21
3256.329 26
3256.459 29
3256.589 30
3256.719 29
3256.850 28
3256.980 29
3257.110 26
3257.240 26
3257.370 17
3257.500 15
3257.630 15
3257.760 17
3257.891 20
3258.021 19
3258.151 18
3258.281 15
3258.411 21
3258.541 23
3258.671 23
3258.801 24
3258.932 23
3259.062 22
3259.192 22
3259.322 24
3259.452 22
3259.582 20
3259.713 20
3259.843 18
3259.973 13
3260.103 14
3260.233 14
3260.363 17
3260.494 15
3260.624 14
3260.754 15
3260.884 20
3261.014 22
3261.144 23
3261.275 22
3261.405 20
3261.535 20
3261.665 23
3261.795 23
3261.926 22
3262.056 25
3262.186 22
3262.316 20
3262.447 21
3262.577 14
3262.707 15
3262.837 15
3262.967 16
3263.098 16
3263.228 17
3263.358 20
3263.488 22
3263.619 29
3263.749 29
3263.879 30
3264.009 28
3264.140 22
3264.270 20
3264.400 20
3264.530 22
3264.661 28
3264.791 30
3264.921 30
3265.051 29
3265.182 28
3265.312 29
3265.442 26
3265.573 24
3265.703 24
3265.833 21
3265.963 21
3266.094 17
3266.224 14
3266.354 14
3266.485 15
3266.615 16
3266.745 14
3266.876 17
3267.006 18
3267.136 20
3267.266 22
3267.397 20
3267.527 20
3267.657 24
3267.788 25
3267.918 23
3268.048 21
3268.179 19
3268.309 19
3268.439 21
3268.570 21
3268.700 20
3268.830 20
3268.961 19
3269.091 18
3269.222 18
3269.352 15
3269.482 16
3269.613 16
3269.743 16
3269.873 20
3270.004 22
3270.134 24
3270.264 30
3270.395 30
3270.525 28
3270.656 28
3270.786 26
3270.916 26
3271.047 28
3271.177 27
3271.308 23
3271.438 22
3271.568 22
3271.699 22
3271.829 21
3271.960 17
3272.090 16
3272.220 15
3272.351 17
3272.481 17
3272.612 14
3272.742 14
3272.873 16
3273.003 20
3273.133 18
3273.264 19
3273.394 15
3273.525 14
3273.655 15
3273.786 14
3273.916 15
3274.047 12
3274.177 11
3274.307 11
3274.438 16
3274.568 19
3274.699 21
3274.829 22
3274.960 18
3275.090 23
3275.221 22
3275.351 23
3275.482 25
3275.612 24
3275.743 26
3275.873 25
3276.004 27
3276.134 26
3276.265 25
3276.395 25
3276.526 27
3276.656 22
3276.787 19
3276.917 17
3277.048 13
3277.178 11
3277.309 13
3277.439 12
3277.570 11
3277.700 8
3277.831 8
3277.961 9
3278.092 13
3278.223 17
3278.353 16
3278.484 16
3278.614 16
3278.745 16
3278.875 21
3279.006 22
3279.136 23
3279.267 28
3279.397 24
3279.528 26
3279.659 28
3279.789 27
3279.920 31
3280.050 30
3280.181 30
3280.312 31
3280.442 26
3280.573 22
3280.703 18
3280.834 12
3280.964 10
3281.095 10
3281.226 9
3281.356 8
3281.487 11
3281.617 14
3281.748 17
3281.879 21
3282.009 22
3282.140 23
3282.271 25
3282.401 25
3282.532 25
3282.662 24
3282.793 26
3282.924 21
3283.054 21
3283.185 21
3283.316 22
3283.446 24
3283.577 27
3283.708 28
3283.838 27
3283.969 31
3284.100 33
3284.230 33
3284.361 29
3284.492 29
3284.622 27
3284.753 27
3284.884 24
3285.014 22
3285.145 17
3285.276 16
3285.406 15
3285.537 11
3285.668 12
3285.798 12
3285.929 13
3286.060 16
3286.191 19
3286.321 20
3286.452 20
3286.583 20
3286.713 22
3286.844 22
3286.975 22
3287.105 22
3287.236 22
3287.367 24
3287.498 29
3287.628 32
3287.759 30
3287.890 30
3288.021 31
3288.151 29
3288.282 29
3288.413 28
3288.544 25
3288.674 18
3288.805 15
3288.936 15
3289.067 17
3289.197 18
3289.328 15
3289.459 14
3289.590 13
3289.720 16
3289.851 15
3289.982 15
3290.113 17
3290.244 16
3290.374 17
3290.505 17
3290.636 16
3290.767 16
3290.898 16
3291.028 16
3291.159 15
3291.290 14
3291.421 15
3291.552 15
3291.682 20
3291.813 22
3291.944 25
3292.075 29
3292.206 30
3292.337 33
3292.467 29
3292.598 27
3292.729 26
3292.860 24
3292.991 21
3293.122 21
3293.252 22
3293.383 20
3293.514 19
3293.645 18
3293.776 17
3293.907 15
3294.038 17
3294.168 17
3294.299 18
3294.430 21
3294.561 18
3294.692 19
3294.823 17
3294.954 20
3295.085 20
3295.215 18
3295.346 22
3295.477 18
3295.608 17
3295.739 16
3295.870 12
3296.001 11
3296.132 11
3296.263 12
3296.394 11
3296.524 13
3296.655 16
3296.786 17
3296.917 15
3297.048 15
3297.179 13
3297.310 13
3297.441 13
3297.572 19
3297.703 20
3297.834 19
3297.965 21
3298.096 19
3298.227 19
3298.358 19
3298.488 19
3298.619 20
3298.750 22
3298.881 23
3299.012 25
3299.143 25
3299.274 25
3299.405 25
3299.536 23
3299.667 23
3299.798 23
3299.929 23
3300.060 20
3300.191 22
3300.322 21
3300.453 19
3300.584 20
3300.715 23
3300.846 21
3300.977 20
3301.108 18
3301.239 15
3301.370 14
3301.501 15
3301.632 18
3301.763 16
3301.894 17
3302.025 16
3302.156 15
3302.287 14
3302.418 19
3302.549 24
3302.680 25
3302.811 30
3302.942 30
3303.074 28
3303.205 30
3303.336 30
3303.467 29
3303.598 28
3303.729 26
3303.860 20
3303.991 17
3304.122 17
3304.253 19
3304.384 19
3304.515 22
3304.646 23
3304.777 22
3304.908 24
3305.040 22
3305.171 24
3305.302 22
3305.433 22
3305.564 23
3305.695 21
3305.826 24
3305.957 19
3306.088 16
3306.219 16
3306.351 14
3306.482 15
3306.613 16
3306.744 15
3306.875 15
3307.006 14
3307.137 17
3307.268 18
3307.400 20
3307.531 19
3307.662 16
3307.793 15
3307.924 13
3308.055 10
3308.186 12
3308.318 12
3308.449 11
3308.580 15
3308.711 13
3308.842 15
3308.973 15
3309.105 20
3309.236 18
3309.367 15
3309.498 13
3309.629 5
3309.760 5
3309.892 6
3310.023 7
3310.154 7
3310.285 10
3310.416 12
3310.548 14
3310.679 16
3310.810 20
3310.941 20
3311.072 20
3311.204 23
3311.335 21
3311.466 20
3311.597 22
3311.729 22
3311.860 22
3311.991 23
3312.122 26
3312.253 28
3312.385 26
3312.516 25
3312.647 23
3312.778 23
3312.910 24
3313.041 24
3313.172 21
3313.303 17
3313.435 15
3313.566 14
3313.697 13
3313.828 13
3313.960 14
3314.091 13
3314.222 14
3314.354 15
3314.485 15
3314.616 15
3314.747 16
3314.879 9
3315.010 6
3315.141 6
3315.273 7
3315.404 12
3315.535 15
3315.666 16
3315.798 16
3315.929 19
3316.060 18
3316.192 18
3316.323 18
3316.454 20
3316.586 21
3316.717 22
3316.848 23
3316.980 17
3317.111 15
3317.242 14
3317.374 11
3317.505 8
3317.636 11
3317.768 12
3317.899 11
3318.030 12
3318.162 13
3318.293 14
3318.424 16
3318.556 22
3318.687 20
3318.819 20
3318.950 20
3319.081 16
3319.213 17
3319.344 16
3319.475 18
3319.607 18
3319.738 16
3319.870 15
3320.001 14
3320.132 13
3320.264 16
3320.395 17
3320.527 18
3320.658 15
3320.789 12
3320.921 11
3321.052 14
3321.184 14
3321.315 14
3321.446 11
3321.578 13
3321.709 16
3321.841 17
3321.972 18
3322.104 18
3322.235 21
3322.366 24
3322.498 25
3322.629 26
3322.761 23
3322.892 22
3323.024 23
3323.155 24
3323.287 24
3323.418 25
3323.550 23
3323.681 17
3323.812 18
3323.944 18
3324.075 17
3324.207 16
3324.338 17
3324.470 15
3324.601 17
3324.733 18
3324.864 22
3324.996 21
3325.127 20
3325.259 21
3325.390 21
3325.522 22
3325.653 23
3325.785 26
3325.916 25
3326.048 28
3326.179 28
3326.311 24
3326.442 24
3326.574 24
3326.705 25
3326.837 26
3326.968 19
3327.100 15
3327.232 13
3327.363 14
3327.495 16
3327.626 17
3327.758 18
3327.889 20
3328.021 24
3328.152 27
3328.284 28
3328.416 31
3328.547 34
3328.679 31
3328.810 29
3328.942 22
3329.073 18
3329.205 18
3329.337 19
3329.468 20
3329.600 21
3329.731 22
3329.863 24
3329.994 31
3330.126 26
3330.258 28
3330.389 25
3330.521 22
3330.652 22
3330.784 19
3330.916 20
3331.047 17
3331.179 19
3331.311 18
3331.442 18
3331.574 17
3331.705 13
3331.837 10
3331.969 10
3332.100 12
3332.232 9
3332.364 9
3332.495 9
3332.627 8
3332.759 9
3332.890 10
3333.022 11
3333.154 11
3333.285 13
3333.417 13
3333.549 13
3333.680 18
3333.812 23
3333.944 22
3334.075 21
3334.207 21
3334.339 17
3334.470 16
3334.602 15
3334.734 9
3334.865 6
3334.997 7
3335.129 8
3335.260 15
3335.392 14
3335.524 16
3335.656 16
3335.787 15
3335.919 14
3336.051 11
3336.182 10
3336.314 8
3336.446 6
3336.578 8
3336.709 8
3336.841 7
3336.973 10
3337.104 9
3337.236 9
3337.368 10
3337.500 8
3337.631 10
3337.763 10
3337.895 11
3338.027 14
3338.158 13
3338.290 14
3338.422 16
3338.554 17
3338.686 21
3338.817 21
3338.949 23
3339.081 21
3339.213 19
3339.344 19
3339.476 16
3339.608 18
3339.740 16
3339.872 15
3340.003 16
3340.135 15
3340.267 12
3340.399 11
3340.531 9
3340.662 5
3340.794 7
3340.926 8
3341.058 7
3341.190 9
3341.322 9
3341.453 10
3341.585 13
3341.717 16
3341.849 17
3341.981 17
3342.113 17
3342.244 17
3342.376 15
3342.508 14
3342.640 10
3342.772 9
3342.904 9
3343.035 9
3343.167 10
3343.299 12
3343.431 14
3343.563 17
3343.695 19
3343.827 25
3343.959 26
3344.090 24
3344.222 24
3344.354 23
3344.486 23
3344.618 22
3344.750 24
3344.882 20
3345.014 18
3345.146 18
3345.277 21
3345.409 21
3345.541 22
3345.673 25
3345.805 24
3345.937 23
3346.069 26
3346.201 23
3346.333 24
3346.465 20
3346.597 16
3346.729 16
3346.861 14
3346.992 13
3347.124 12
3347.256 12
3347.388 13
3347.520 12
3347.652 12
3347.784 13
3347.916 14
3348.048 15
3348.180 17
3348.312 16
3348.444 15
3348.576 17
3348.708 18
3348.840 17
3348.972 16
3349.104 16
3349.236 19
3349.368 20
3349.500 24
3349.632 26
3349.764 24
3349.896 25
3350.028 24
3350.160 27
3350.292 22
3350.424 21
3350.556 20
3350.688 22
3350.820 24
3350.952 23
3351.084 22
3351.216 21
3351.348 19
3351.480 18
3351.612 14
3351.744 13
3351.876 15
3352.008 15
3352.140 14
3352.272 13
3352.404 12
3352.536 12
3352.668 15
3352.800 16
3352.932 14
3353.064 14
3353.197 15
3353.329 10
3353.461 11
3353.593 12
3353.725 12
3353.857 15
3353.989 17
3354.121 18
3354.253 17
3354.385 15
3354.517 16
3354.649 16
3354.782 16
3354.914 19
3355.046 19
3355.178 20
3355.310 22
3355.442 24
3355.574 21
3355.706 18
3355.838 14
3355.971 14
3356.103 15
3356.235 13
3356.367 10
3356.499 8
3356.631 9
3356.763 11
3356.895 13
3357.028 14
3357.160 15
3357.292 17
3357.424 19
3357.556 22
3357.688 21
3357.820 18
3357.953 18
3358.085 19
3358.217 16
3358.349 16
3358.481 15
3358.613 15
3358.746 17
3358.878 17
3359.010 17
3359.142 16
3359.274 21
3359.407 20
3359.539 17
3359.671 17
3359.803 12
3359.935 11
3360.068 10
3360.200 7
3360.332 6
3360.464 6
3360.596 9
3360.729 12
3360.861 14
3360.993 15
3361.125 19
3361.257 20
3361.390 19
3361.522 19
3361.654 19
3361.786 17
3361.919 19
3362.051 18
3362.183 16
3362.315 13
3362.448 12
3362.580 13
3362.712 13
3362.844 16
3362.977 16
3363.109 16
3363.241 18
3363.373 17
3363.506 17
3363.638 17
3363.770 15
3363.903 12
3364.035 13
3364.167 14
3364.299 18
3364.432 20
3364.564 20
3364.696 20
3364.829 17
3364.961 15
3365.093 15
3365.226 14
3365.358 13
3365.490 8
3365.622 10
3365.755 10
3365.887 11
3366.019 14
3366.152 11
3366.284 10
3366.416 8
3366.549 8
3366.681 7
3366.813 8
3366.946 9
3367.078 11
3367.210 14
3367.343 15
3367.475 22
3367.607 22
3367.740 21
3367.872 21
3368.005 19
3368.137 16
3368.269 19
3368.402 21
3368.534 22
3368.666 28
3368.799 25
3368.931 23
3369.064 20
3369.196 16
3369.328 19
3369.461 19
3369.593 19
3369.726 17
3369.858 13
3369.990 12
3370.123 9
3370.255 5
3370.388 4
3370.520 4
3370.652 5
3370.785 3
3370.917 6
3371.050 9
3371.182 13
3371.315 16
3371.447 18
3371.579 16
3371.712 10
3371.844 14
3371.977 13
3372.109 13
3372.242 12
3372.374 14
3372.506 12
3372.639 11
3372.771 10
3372.904 8
3373.036 8
3373.169 9
3373.301 10
3373.434 10
3373.566 14
3373.699 14
3373.831 14
3373.964 19
3374.096 15
3374.229 15
3374.361 14
3374.494 13
3374.626 12
3374.759 12
3374.891 12
3375.024 16
3375.156 16
3375.289 16
3375.421 17
3375.554 20
3375.686 23
3375.819 24
3375.951 26
3376.084 21
3376.216 21
3376.349 20
3376.481 15
3376.614 14
3376.746 15
3376.879 17
3377.011 16
3377.144 17
3377.277 19
3377.409 18
3377.542 18
3377.674 19
3377.807 17
3377.939 17
3378.072 18
3378.205 20
3378.337 15
3378.470 13
3378.602 12
3378.735 9
3378.867 9
3379.000 9
3379.133 9
3379.265 7
3379.398 7
3379.530 7
3379.663 5
3379.796 3
3379.928 5
3380.061 7
3380.193 9
3380.326 14
3380.459 15
3380.591 15
3380.724 16
3380.856 15
3380.989 17
3381.122 16
3381.254 14
3381.387 12
3381.520 9
3381.652 9
3381.785 11
3381.918 12
3382.050 13
3382.183 14
3382.315 14
3382.448 20
3382.581 21
3382.713 20
3382.846 23
3382.979 19
3383.111 17
3383.244 16
3383.377 15
3383.509 14
3383.642 14
3383.775 15
3383.907 17
3384.040 17
3384.173 19
3384.306 19
3384.438 20
3384.571 15
3384.704 18
3384.836 18
3384.969 16
3385.102 11
3385.234 12
3385.367 12
3385.500 14
3385.633 17
3385.765 13
3385.898 15
3386.031 17
3386.163 21
3386.296 27
3386.429 27
3386.562 27
3386.694 25
3386.827 23
3386.960 22
3387.093 19
3387.225 19
3387.358 15
3387.491 16
3387.624 16
3387.756 17
3387.889 22
3388.022 25
3388.155 24
3388.288 25
3388.420 25
3388.553 24
3388.686 24
3388.819 22
3388.951 22
3389.084 21
3389.217 20
3389.350 16
3389.483 16
3389.615 17
3389.748 17
3389.881 21
3390.014 20
3390.147 20
3390.279 20
3390.412 14
3390.545 16
3390.678 14
3390.811 12
3390.943 12
3391.076 12
3391.209 13
3391.342 14
3391.475 15
3391.608 13
3391.740 12
3391.873 14
3392.006 13
3392.139 12
3392.272 12
3392.405 11
3392.538 10
3392.670 11
3392.803 13
3392.936 16
3393.069 18
3393.202 19
3393.335 18
3393.468 17
3393.601 18
3393.733 18
3393.866 22
3393.999 25
3394.132 26
3394.265 23
3394.398 21
3394.531 18
3394.664 23
3394.797 21
3394.929 19
3395.062 16
3395.195 13
3395.328 13
3395.461 13
3395.594 14
3395.727 15
3395.860 16
3395.993 18
3396.126 21
3396.259 24
3396.392 24
3396.525 23
3396.657 24
3396.790 20
3396.923 19
3397.056 16
3397.189 16
3397.322 13
3397.455 12
3397.588 12
3397.721 12
3397.854 15
3397.987 14
3398.120 14
3398.253 16
3398.386 16
3398.519 17
3398.652 17
3398.785 17
3398.918 17
3399.051 14
3399.184 14
3399.317 12
3399.450 12
3399.583 13
3399.716 16
3399.849 16
3399.982 22
3400.115 20
3400.248 18
3400.381 16
3400.514 11
3400.647 13
3400.780 14
3400.913 17
3401.046 14
3401.179 14
3401.312 15
3401.445 14
3401.578 17
3401.711 16
3401.844 15
3401.977 14
3402.110 14
3402.243 16
3402.376 16
3402.509 16
3402.643 16
3402.776 15
3402.909 15
3403.042 15
3403.175 18
3403.308 17
3403.441 18
3403.574 19
3403.707 18
3403.840 18
3403.973 17
3404.106 17
3404.239 16
3404.373 16
3404.506 16
3404.639 18
3404.772 18
3404.905 18
3405.038 18
3405.171 20
3405.304 16
3405.437 18
3405.571 17
3405.704 15
3405.837 13
3405.970 15
3406.103 15
3406.236 16
3406.369 20
3406.502 21
3406.636 22
3406.769 23
3406.902 24
3407.035 22
3407.168 22
3407.301 21
3407.434 15
3407.568 12
3407.701 11
3407.834 10
3407.967 9
3408.100 10
3408.233 12
3408.367 16
3408.500 16
3408.633 18
3408.766 18
3408.899 17
3409.033 21
3409.166 17
3409.299 15
3409.432 15
3409.565 14
3409.698 17
3409.832 16
3409.965 14
3410.098 10
3410.231 6
3410.365 7
3410.498 6
3410.631 8
3410.764 11
3410.897 12
3411.031 14
3411.164 20
3411.297 19
3411.430 19
3411.564 18
3411.697 17
3411.830 16
3411.963 16
3412.097 21
3412.230 21
3412.363 19
3412.496 20
3412.630 17
3412.763 18
3412.896 20
3413.029 20
3413.163 22
3413.296 19
3413.429 20
3413.562 20
3413.696 20
3413.829 17
3413.962 17
3414.096 19
3414.229 19
3414.362 20
3414.496 20
3414.629 20
3414.762 18
3414.895 20
3415.029 23
3415.162 23
3415.295 22
3415.429 26
3415.562 23
3415.695 23
3415.829 24
3415.962 23
3416.095 27
3416.229 28
3416.362 30
3416.495 31
3416.629 29
3416.762 28
3416.895 29
3417.029 25
3417.162 25
3417.295 25
3417.429 27
3417.562 27
3417.695 26
3417.829 28
3417.962 29
3418.096 30
3418.229 31
3418.362 32
3418.496 30
3418.629 29
3418.762 29
3418.896 27
3419.029 24
3419.163 20
3419.296 17
3419.429 17
3419.563 16
3419.696 14
3419.830 14
3419.963 14
3420.096 14
3420.230 18
3420.363 22
3420.497 23
3420.630 23
3420.764 24
3420.897 19
3421.030 19
3421.164 19
3421.297 14
3421.431 13
3421.564 13
3421.698 16
3421.831 18
3421.964 20
3422.098 19
3422.231 19
3422.365 14
3422.498 11
3422.632 11
3422.765 12
3422.899 16
3423.032 16
3423.166 17
3423.299 16
3423.433 11
3423.566 13
3423.699 12
3423.833 11
3423.966 10
3424.100 11
3424.233 12
3424.367 13
3424.500 16
3424.634 16
3424.767 16
3424.901 19
3425.034 16
3425.168 16
3425.301 16
3425.435 13
3425.569 14
3425.702 14
3425.836 14
3425.969 11
3426.103 12
3426.236 10
3426.370 10
3426.503 9
3426.637 11
3426.770 12
3426.904 12
3427.037 12
3427.171 13
3427.305 12
3427.438 11
3427.572 11
3427.705 9
3427.839 11
3427.972 11
3428.106 11
3428.239 9
3428.373 9
3428.507 10
3428.640 9
3428.774 8
3428.907 9
3429.041 8
3429.175 8
3429.308 9
3429.442 7
3429.575 7
3429.709 7
3429.843 12
3429.976 16
3430.110 18
3430.243 20
3430.377 24
3430.511 22
3430.644 22
3430.778 23
3430.911 20
3431.045 22
3431.179 22
3431.312 22
3431.446 24
3431.580 21
3431.713 19
3431.847 17
3431.981 14
3432.114 13
3432.248 14
3432.382 16
3432.515 15
3432.649 13
3432.783 12
3432.916 13
3433.050 14
3433.184 16
3433.317 15
3433.451 11
3433.585 10
3433.718 12
3433.852 13
3433.986 15
3434.119 15
3434.253 16
3434.387 16
3434.520 21
3434.654 25
3434.788 25
3434.921 24
3435.055 18
3435.189 17
3435.323 19
3435.456 20
3435.590 20
3435.724 23
3435.858 22
3435.991 23
3436.125 25
3436.259 26
3436.392 27
3436.526 28
3436.660 27
3436.794 28
3436.927 26
3437.061 26
3437.195 29
3437.329 29
3437.462 29
3437.596 28
3437.730 27
3437.864 24
3437.997 23
3438.131 23
3438.265 20
3438.399 18
3438.533 18
3438.666 17
3438.800 16
3438.934 17
3439.068 17
3439.201 16
3439.335 15
3439.469 18
3439.603 16
3439.737 16
3439.870 16
3440.004 14
3440.138 16
3440.272 17
3440.406 21
3440.540 21
3440.673 19
3440.807 19
3440.941 17
3441.075 20
3441.209 20
3441.343 20
3441.476 19
3441.610 17
3441.744 16
3441.878 16
3442.012 19
3442.146 19
3442.279 17
3442.413 16
3442.547 12
3442.681 8
3442.815 9
3442.949 8
3443.083 8
3443.216 4
3443.350 4
3443.484 4
3443.618 5
3443.752 7
3443.886 10
3444.020 11
3444.154 12
3444.288 14
3444.421 13
3444.555 14
3444.689 17
3444.823 20
3444.957 20
3445.091 20
3445.225 22
3445.359 23
3445.493 22
3445.627 22
3445.761 21
3445.894 24
3446.028 21
3446.162 17
3446.296 13
3446.430 8
3446.564 6
3446.698 6
3446.832 5
3446.966 5
3447.100 6
3447.234 7
3447.368 8
3447.502 15
3447.636 15
3447.770 13
3447.904 12
3448.038 13
3448.172 12
3448.306 11
3448.440 11
3448.574 12
3448.708 12
3448.842 12
3448.975 10
3449.109 14
3449.243 17
3449.377 18
3449.511 24
3449.645 21
3449.779 17
3449.913 16
3450.047 13
3450.181 14
3450.316 14
3450.450 15
3450.584 14
3450.718 14
3450.852 17
3450.986 17
3451.120 16
3451.254 17
3451.388 15
3451.522 16
3451.656 17
3451.790 20
3451.924 22
3452.058 22
3452.192 26
3452.326 21
3452.460 21
3452.594 21
3452.728 22
3452.862 19
3452.996 16
3453.130 14
3453.264 12
3453.399 12
3453.533 12
3453.667 13
3453.801 15
3453.935 17
3454.069 19
3454.203 21
3454.337 23
3454.471 22
3454.605 22
3454.739 23
3454.874 20
3455.008 23
3455.142 22
3455.276 20
3455.410 20
3455.544 22
3455.678 18
3455.812 17
3455.946 16
3456.081 11
3456.215 11
3456.349 12
3456.483 13
3456.617 19
3456.751 19
3456.885 21
3457.020 24
3457.154 24
3457.288 27
3457.422 26
3457.556 27
3457.690 26
3457.825 25
3457.959 24
3458.093 23
3458.227 21
3458.361 19
3458.495 20
3458.630 18
3458.764 15
3458.898 18
3459.032 19
3459.166 17
3459.300 21
3459.435 21
3459.569 22
3459.703 23
3459.837 22
3459.971 23
3460.106 24
3460.240 22
3460.374 22
3460.508 22
3460.643 21
3460.777 19
3460.911 18
3461.045 17
3461.179 17
3461.314 17
3461.448 15
3461.582 15
3461.716 16
3461.851 17
3461.985 19
3462.119 16
3462.253 17
3462.388 18
3462.522 16
3462.656 20
3462.790 20
3462.925 19
3463.059 20
3463.193 17
3463.328 17
3463.462 18
3463.596 17
3463.730 17
3463.865 17
3463.999 20
3464.133 18
3464.267 18
3464.402 19
3464.536 15
3464.670 15
3464.805 13
3464.939 14
3465.073 18
3465.208 20
3465.342 22
3465.476 21
3465.611 18
3465.745 13
3465.879 12
3466.014 11
3466.148 10
3466.282 10
3466.417 12
3466.551 14
3466.685 17
3466.820 14
3466.954 16
3467.088 16
3467.223 15
3467.357 18
3467.491 15
3467.626 16
3467.760 20
3467.894 23
3468.029 26
3468.163 27
3468.297 27
3468.432 30
3468.566 24
3468.701 21
3468.835 17
3468.969 13
3469.104 14
3469.238 14
3469.373 13
3469.507 17
3469.641 19
3469.776 19
3469.910 19
3470.045 17
3470.179 16
3470.313 16
3470.448 18
3470.582 13
3470.717 15
3470.851 16
3470.985 18
3471.120 14
3471.254 13
3471.389 11
3471.523 9
3471.658 9
3471.792 8
3471.927 10
3472.061 9
3472.195 12
3472.330 11
3472.464 11
3472.599 11
3472.733 16
3472.868 15
3473.002 14
3473.137 14
3473.271 11
3473.406 12
3473.540 13
3473.675 14
3473.809 17
3473.943 17
3474.078 17
3474.212 14
3474.347 16
3474.481 15
3474.616 14
3474.750 11
3474.885 13
3475.019 14
3475.154 14
3475.288 14
3475.423 14
3475.558 14
3475.692 14
3475.827 14
3475.961 14
3476.096 13
3476.230 13
3476.365 13
3476.499 12
3476.634 12
3476.768 12
3476.903 13
3477.037 18
3477.172 19
3477.306 19
3477.441 19
3477.576 21
3477.710 27
3477.845 25
3477.979 22
3478.114 23
3478.248 20
3478.383 21
3478.518 25
3478.652 20
3478.787 20
3478.921 20
3479.056 15
3479.190 17
3479.325 16
3479.460 16
3479.594 14
3479.729 13
3479.863 14
3479.998 14
3480.133 14
3480.267 14
3480.402 13
3480.536 14
3480.671 15
3480.806 17
3480.940 14
3481.075 14
3481.210 16
3481.344 16
3481.479 18
3481.613 20
3481.748 23
3481.883 24
3482.017 23
3482.152 22
3482.287 18
3482.421 12
3482.556 12
3482.691 13
3482.825 15
3482.960 20
3483.095 20
3483.229 19
3483.364 17
3483.499 16
3483.633 14
3483.768 14
3483.903 14
3484.037 14
3484.172 14
3484.307 14
3484.441 18
3484.576 16
3484.711 15
3484.846 14
3484.980 18
3485.115 18
3485.250 17
3485.384 16
3485.519 12
3485.654 13
3485.789 20
3485.923 20
3486.058 18
3486.193 18
3486.327 12
3486.462 11
3486.597 10
3486.732 14
3486.866 14
3487.001 14
3487.136 14
3487.271 12
3487.405 13
3487.540 12
3487.675 10
3487.810 7
3487.944 10
3488.079 12
3488.214 14
3488.349 16
3488.483 18
3488.618 18
3488.753 19
3488.888 23
3489.023 20
3489.157 21
3489.292 21
3489.427 20
3489.562 23
3489.697 21
3489.831 19
3489.966 20
3490.101 22
3490.236 23
3490.371 24
3490.505 21
3490.640 16
3490.775 17
3490.910 17
3491.045 18
3491.179 17
3491.314 15
3491.449 12
3491.584 10
3491.719 10
3491.854 11
3491.989 15
3492.123 16
3492.258 18
3492.393 18
3492.528 16
3492.663 19
3492.798 17
3492.932 17
3493.067 16
3493.202 17
3493.337 20
3493.472 19
3493.607 18
3493.742 15
3493.877 15
3494.011 18
3494.146 20
3494.281 21
3494.416 22
3494.551 21
3494.686 20
3494.821 17
3494.956 13
3495.091 13
3495.226 12
3495.360 11
3495.495 11
3495.630 11
3495.765 8
3495.900 9
3496.035 11
3496.170 12
3496.305 13
3496.440 12
3496.575 13
3496.710 12
3496.845 11
3496.980 15
3497.114 13
3497.249 13
3497.384 14
3497.519 11
3497.654 12
3497.789 12
3497.924 14
3498.059 19
3498.194 18
3498.329 18
3498.464 21
3498.599 21
3498.734 20
3498.869 18
3499.004 15
3499.139 10
3499.274 7
3499.409 6
3499.544 6
3499.679 10
3499.814 11
3499.949 11
3500.084 10
3500.219 9
3500.354 9
3500.489 9
3500.624 8
3500.759 8
3500.894 8
3501.029 9
3501.164 10
3501.299 11
3501.434 12
3501.569 11
3501.704 12
3501.839 10
3501.974 9
3502.109 9
3502.244 7
3502.379 7
3502.514 7
3502.649 8
3502.785 9
3502.920 12
3503.055 14
3503.190 14
3503.325 14
3503.460 16
3503.595 13
3503.730 12
3503.865 12
3504.000 11
3504.135 12
3504.270 13
3504.405 15
3504.541 19
3504.676 18
3504.811 17
3504.946 15
3505.081 17
3505.216 17
3505.351 16
3505.486 14
3505.621 11
3505.756 12
3505.892 12
3506.027 12
3506.162 12
3506.297 12
3506.432 12
3506.567 12
3506.702 9
3506.837 9
3506.973 10
3507.108 12
3507.243 19
3507.378 19
3507.513 20
3507.648 23
3507.783 20
3507.919 20
3508.054 21
3508.189 21
3508.324 26
3508.459 29
3508.594 29
3508.730 27
3508.865 24
3509.000 22
3509.135 21
3509.270 23
3509.406 24
3509.541 20
3509.676 20
3509.811 23
3509.946 17
3510.082 16
3510.217 15
3510.352 15
3510.487 16
3510.622 13
3510.758 11
3510.893 7
3511.028 4
3511.163 4
3511.298 4
3511.434 6
3511.569 10
3511.704 13
3511.839 13
3511.975 15
3512.110 14
3512.245 12
3512.380 13
3512.516 13
3512.651 14
3512.786 17
3512.921 18
3513.057 20
3513.192 17
3513.327 13
3513.462 11
3513.598 11
3513.733 9
3513.868 10
3514.004 10
3514.139 9
3514.274 12
3514.409 12
3514.545 12
3514.680 12
3514.815 13
3514.951 12
3515.086 13
3515.221 16
3515.356 18
3515.492 20
3515.627 20
3515.762 18
3515.898 16
3516.033 18
3516.168 18
3516.304 19
3516.439 19
3516.574 16
3516.710 15
3516.845 14
3516.980 14
3517.116 10
3517.251 9
3517.386 7
3517.522 9
3517.657 7
3517.792 7
3517.928 6
3518.063 5
3518.198 7
3518.334 8
3518.469 8
3518.605 10
3518.740 11
3518.875 11
3519.011 11
3519.146 9
3519.281 8
3519.417 8
3519.552 10
3519.688 16
3519.823 14
3519.958 13
3520.094 14
3520.229 12
3520.365 16
3520.500 17
3520.635 14
3520.771 15
3520.906 14
3521.042 14
3521.177 14
3521.312 11
3521.448 9
3521.583 8
3521.719 8
3521.854 8
3521.990 11
3522.125 12
3522.261 15
3522.396 15
3522.531 12
3522.667 11
3522.802 11
3522.938 14
3523.073 15
3523.209 14
3523.344 11
3523.480 9
3523.615 7
3523.751 7
3523.886 6
3524.021 4
3524.157 3
3524.292 3
3524.428 2
3524.563 4
3524.699 5
3524.834 5
3524.970 5
3525.105 7
3525.241 7
3525.376 7
3525.512 7
3525.647 6
3525.783 10
3525.918 11
3526.054 14
3526.189 15
3526.325 13
3526.461 14
3526.596 17
3526.732 13
3526.867 12
3527.003 12
3527.138 10
3527.274 12
3527.409 15
3527.545 15
3527.680 15
3527.816 14
3527.951 14
3528.087 14
3528.223 18
3528.358 21
3528.494 17
3528.629 16
3528.765 11
3528.900 10
3529.036 10
3529.172 10
3529.307 11
3529.443 12
3529.578 11
3529.714 10
3529.849 9
3529.985 7
3530.121 10
3530.256 11
3530.392 9
3530.527 9
3530.663 9
3530.799 9
3530.934 9
3531.070 7
3531.206 10
3531.341 11
3531.477 12
3531.612 15
3531.748 15
3531.884 14
3532.019 15
3532.155 13
3532.291 12
3532.426 12
3532.562 10
3532.698 11
3532.833 12
3532.969 13
3533.104 13
3533.240 17
3533.376 17
3533.511 17
3533.647 18
3533.783 15
3533.918 17
3534.054 16
3534.190 12
3534.325 11
3534.461 12
3534.597 12
3534.733 13
3534.868 18
3535.004 16
3535.140 16
3535.275 15
3535.411 15
3535.547 18
3535.682 19
3535.818 20
3535.954 21
3536.090 18
3536.225 18
3536.361 21
3536.497 20
3536.632 21
3536.768 20
3536.904 18
3537.040 18
3537.175 19
3537.311 19
3537.447 18
3537.583 17
3537.718 15
3537.854 15
3537.990 13
3538.126 12
3538.261 16
3538.397 19
3538.533 22
3538.669 26
3538.804 27
3538.940 28
3539.076 32
3539.212 34
3539.348 31
3539.483 30
3539.619 30
3539.755 28
3539.891 27
3540.026 25
3540.162 22
3540.298 17
3540.434 17
3540.570 17
3540.705 20
3540.841 19
3540.977 19
3541.113 19
3541.249 19
3541.384 23
3541.520 24
3541.656 23
3541.792 20
3541.928 16
3542.064 14
3542.199 15
3542.335 17
3542.471 17
3542.607 20
3542.743 20
3542.879 17
3543.015 17
3543.150 14
3543.286 14
3543.422 13
3543.558 15
3543.694 16
3543.830 18
3543.966 20
3544.101 25
3544.237 26
3544.373 25
3544.509 24
3544.645 17
3544.781 18
3544.917 18
3545.053 18
3545.188 20
3545.324 20
3545.460 21
3545.596 21
3545.732 18
3545.868 21
3546.004 20
3546.140 20
3546.276 17
3546.412 13
3546.548 13
3546.683 16
3546.819 19
3546.955 16
3547.091 15
3547.227 11
3547.363 12
3547.499 12
3547.635 12
3547.771 11
3547.907 9
3548.043 12
3548.179 13
3548.315 18
3548.451 18
3548.587 18
3548.723 18
3548.859 17
3548.995 17
3549.131 20
3549.267 20
3549.403 20
3549.538 18
3549.674 17
3549.810 17
3549.946 18
3550.082 17
3550.218 18
3550.354 18
3550.490 15
3550.626 17
3550.762 18
3550.898 19
3551.034 20
3551.170 19
3551.306 18
3551.442 19
3551.578 16
3551.715 16
3551.851 14
3551.987 15
3552.123 18
3552.259 23
3552.395 24
3552.531 24
3552.667 24
3552.803 18
3552.939 18
3553.075 17
3553.211 13
3553.347 9
3553.483 11
3553.619 11
3553.755 12
3553.891 12
3554.027 11
3554.163 12
3554.299 15
3554.436 16
3554.572 20
3554.708 22
3554.844 28
3554.980 26
3555.116 24
3555.252 23
3555.388 24
3555.524 21
3555.660 18
3555.796 17
3555.933 11
3556.069 14
3556.205 14
3556.341 15
3556.477 14
3556.613 16
3556.749 17
3556.885 18
3557.021 20
3557.158 19
3557.294 18
3557.430 17
3557.566 15
3557.702 13
3557.838 14
3557.974 14
3558.111 12
3558.247 11
3558.383 13
3558.519 14
3558.655 16
3558.791 15
3558.927 13
3559.064 14
3559.200 17
3559.336 15
3559.472 16
3559.608 17
3559.745 18
3559.881 17
3560.017 15
3560.153 14
3560.289 10
3560.425 14
3560.562 13
3560.698 14
3560.834 17
3560.970 21
3561.106 22
3561.243 23
3561.379 26
3561.515 28
3561.651 28
3561.788 28
3561.924 30
3562.060 29
3562.196 31
3562.332 31
3562.469 30
3562.605 30
3562.741 35
3562.877 36
3563.014 35
3563.150 32
3563.286 28
3563.422 27
3563.559 25
3563.695 24
3563.831 20
3563.967 18
3564.104 16
3564.240 12
3564.376 11
3564.512 11
3564.649 9
3564.785 6
3564.921 6
3565.058 6
3565.194 7
3565.330 8
3565.466 8
3565.603 8
3565.739 8
3565.875 9
3566.012 13
3566.148 14
3566.284 16
3566.421 19
3566.557 21
3566.693 21
3566.830 26
3566.966 24
3567.102 19
3567.239 19
3567.375 14
3567.511 12
3567.648 12
3567.784 12
3567.920 13
3568.057 9
3568.193 9
3568.329 9
3568.466 9
3568.602 12
3568.738 12
3568.875 12
3569.011 12
3569.147 16
3569.284 15
3569.420 14
3569.556 11
3569.693 13
3569.829 12
3569.966 11
3570.102 9
3570.238 6
3570.375 5
3570.511 4
3570.648 3
3570.784 5
3570.920 5
3571.057 6
3571.193 8
3571.330 14
3571.466 16
3571.602 16
3571.739 15
3571.875 15
3572.012 13
3572.148 13
3572.284 14
3572.421 15
3572.557 12
3572.694 12
3572.830 11
3572.967 8
3573.103 8
3573.240 7
3573.376 6
3573.512 3
3573.649 5
3573.785 6
3573.922 7
3574.058 7
3574.195 6
3574.331 7
3574.468 10
3574.604 16
3574.741 18
3574.877 17
3575.014 19
3575.150 18
3575.287 16
3575.423 16
3575.560 14
3575.696 10
3575.832 10
3575.969 10
3576.105 9
3576.242 11
3576.378 13
3576.515 13
3576.652 16
3576.788 18
3576.925 18
3577.061 19
3577.198 17
3577.334 16
3577.471 18
3577.607 18
3577.744 18
3577.880 22
3578.017 21
3578.153 21
3578.290 20
3578.426 17
3578.563 15
3578.700 15
3578.836 16
3578.973 12
3579.109 12
3579.246 12
3579.382 13
3579.519 14
3579.655 18
3579.792 19
3579.929 19
3580.065 18
3580.202 17
3580.338 17
3580.475 15
3580.612 16
3580.748 17
3580.885 17
3581.021 15
3581.158 11
3581.294 8
3581.431 9
3581.568 8
3581.704 12
3581.841 13
3581.978 14
3582.114 15
3582.251 17
3582.387 19
3582.524 20
3582.661 21
3582.797 22
3582.934 26
3583.071 28
3583.207 32
3583.344 34
3583.480 31
3583.617 30
3583.754 29
3583.890 29
3584.027 27
3584.164 26
3584.300 21
3584.437 18
3584.574 18
3584.710 18
3584.847 18
3584.984 16
3585.120 17
3585.257 18
3585.394 16
3585.530 15
3585.667 15
3585.804 15
3585.941 13
3586.077 10
3586.214 7
3586.351 7
3586.487 6
3586.624 3
3586.761 3
3586.897 4
3587.034 5
3587.171 5
3587.308 6
3587.444 6
3587.581 7
3587.718 11
3587.855 16
3587.991 17
3588.128 18
3588.265 16
3588.402 13
3588.538 13
3588.675 14
3588.812 13
3588.948 15
3589.085 15
3589.222 13
3589.359 13
3589.496 12
3589.632 13
3589.769 11
3589.906 13
3590.043 12
3590.179 12
3590.316 13
3590.453 13
3590.590 11
3590.727 10
3590.863 10
3591.000 8
3591.137 10
3591.274 11
3591.410 11
3591.547 11
3591.684 13
3591.821 13
3591.958 11
3592.095 15
3592.231 15
3592.368 15
3592.505 15
3592.642 15
3592.779 16
3592.915 16
3593.052 16
3593.189 17
3593.326 17
3593.463 19
3593.600 20
3593.737 20
3593.873 17
3594.010 16
3594.147 17
3594.284 13
3594.421 13
3594.558 13
3594.695 14
3594.831 13
3594.968 15
3595.105 15
3595.242 14
3595.379 17
3595.516 16
3595.653 15
3595.790 14
3595.926 12
3596.063 10
3596.200 10
3596.337 9
3596.474 12
3596.611 13
3596.748 13
3596.885 13
3597.022 13
3597.159 13
3597.295 14
3597.432 17
3597.569 16
3597.706 15
3597.843 14
3597.980 11
3598.117 11
3598.254 12
3598.391 12
3598.528 12
3598.665 10
3598.802 11
3598.939 12
3599.076 17
3599.213 20
3599.349 19
3599.486 19
3599.623 21
3599.760 15
3599.897 13
3600.034 10
3600.171 6
3600.308 7
3600.445 7
3600.582 8
3600.719 12
3600.856 11
3600.993 10
3601.130 9
3601.267 4
3601.404 5
3601.541 8
3601.678 9
3601.815 11
3601.952 14
3602.089 15
3602.226 15
3602.363 14
3602.500 18
3602.637 14
3602.774 12
3602.911 11
3603.048 10
3603.185 9
3603.322 9
3603.459 10
3603.596 7
3603.733 7
3603.871 7
3604.008 5
3604.145 6
3604.282 7
3604.419 10
3604.556 13
3604.693 18
3604.830 20
3604.967 18
3605.104 16
3605.241 15
3605.378 16
3605.515 16
3605.652 16
3605.789 12
3605.927 11
3606.064 12
3606.201 13
3606.338 14
3606.475 18
3606.612 18
3606.749 18
3606.886 21
3607.023 18
3607.160 18
3607.298 18
3607.435 18
3607.572 15
3607.709 13
3607.846 11
3607.983 8
3608.120 8
3608.257 8
3608.394 9
3608.532 6
3608.669 6
3608.806 7
3608.943 7
3609.080 12
3609.217 13
3609.354 13
3609.492 14
3609.629 10
3609.766 9
3609.903 8
3610.040 6
3610.177 10
3610.315 9
3610.452 9
3610.589 11
3610.726 10
3610.863 12
3611.001 14
3611.138 16
3611.275 17
3611.412 20
3611.549 19
3611.686 19
3611.824 14
3611.961 13
3612.098 13
3612.235 14
3612.372 15
3612.510 12
3612.647 12
3612.784 14
3612.921 19
3613.059 19
3613.196 19
3613.333 15
3613.470 13
3613.608 15
3613.745 15
3613.882 16
3614.019 15
3614.156 18
3614.294 19
3614.431 19
3614.568 25
3614.705 21
3614.843 20
3614.980 19
3615.117 21
3615.255 21
3615.392 21
3615.529 20
3615.666 17
3615.804 18
3615.941 18
3616.078 20
3616.215 17
3616.353 18
3616.490 18
3616.627 16
3616.765 18
3616.902 16
3617.039 17
3617.177 19
3617.314 16
3617.451 19
3617.588 20
3617.726 19
3617.863 20
3618.000 19
3618.138 18
3618.275 14
3618.412 15
3618.550 14
3618.687 15
3618.824 18
3618.962 20
3619.099 23
3619.236 25
3619.374 25
3619.511 31
3619.648 30
3619.786 27
3619.923 23
3620.061 20
3620.198 17
3620.335 16
3620.473 15
3620.610 14
3620.747 13
3620.885 12
3621.022 15
3621.159 16
3621.297 17
3621.434 17
3621.572 13
3621.709 12
3621.846 14
3621.984 14
3622.121 17
3622.259 16
3622.396 14
3622.533 13
3622.671 10
3622.808 8
3622.946 10
3623.083 9
3623.221 8
3623.358 7
3623.495 6
3623.633 7
3623.770 8
3623.908 9
3624.045 12
3624.183 12
3624.320 13
3624.457 11
3624.595 11
3624.732 12
3624.870 16
3625.007 14
3625.145 14
3625.282 14
3625.420 11
3625.557 6
3625.695 8
3625.832 9
3625.970 11
3626.107 12
3626.244 10
3626.382 10
3626.519 8
3626.657 12
3626.794 11
3626.932 11
3627.069 11
3627.207 10
3627.344 10
3627.482 10
3627.619 11
3627.757 11
3627.894 10
3628.032 9
3628.169 8
3628.307 10
3628.445 11
3628.582 13
3628.720 12
3628.857 11
3628.995 13
3629.132 12
3629.270 12
3629.407 9
3629.545 8
3629.682 8
3629.820 10
3629.957 12
3630.095 14
3630.233 14
3630.370 12
3630.508 10
3630.645 8
3630.783 8
3630.920 9
3631.058 7
3631.196 6
3631.333 7
3631.471 6
3631.608 7
3631.746 9
3631.883 8
3632.021 10
3632.159 8
3632.296 10
3632.434 11
3632.571 12
3632.709 18
3632.847 18
3632.984 18
3633.122 21
3633.260 19
3633.397 16
3633.535 16
3633.672 14
3633.810 12
3633.948 13
3634.085 14
3634.223 17
3634.361 20
3634.498 21
3634.636 19
3634.774 16
3634.911 16
3635.049 14
3635.186 14
3635.324 13
3635.462 10
3635.599 13
3635.737 13
3635.875 10
3636.012 9
3636.150 7
3636.288 6
3636.425 8
3636.563 11
3636.701 10
3636.839 11
3636.976 14
3637.114 12
3637.252 11
3637.389 10
3637.527 7
3637.665 9
3637.802 10
3637.940 10
3638.078 9
3638.216 12
3638.353 12
3638.491 12
3638.629 13
3638.766 13
3638.904 11
3639.042 11
3639.180 11
3639.317 10
3639.455 11
3639.593 13
3639.731 10
3639.868 10
3640.006 9
3640.144 7
3640.282 7
3640.419 8
3640.557 12
3640.695 13
3640.833 16
3640.970 18
3641.108 17
3641.246 17
3641.384 17
3641.521 13
3641.659 11
3641.797 11
3641.935 10
3642.073 12
3642.210 13
3642.348 14
3642.486 14
3642.624 12
3642.762 12
3642.899 12
3643.037 10
3643.175 13
3643.313 13
3643.451 12
3643.588 12
3643.726 17
3643.864 18
3644.002 19
3644.140 18
3644.278 21
3644.415 19
3644.553 18
3644.691 16
3644.829 14
3644.967 12
3645.105 11
3645.242 10
3645.380 10
3645.518 15
3645.656 17
3645.794 19
3645.932 24
3646.070 23
3646.208 22
3646.345 21
3646.483 17
3646.621 15
3646.759 14
3646.897 13
3647.035 9
3647.173 9
3647.311 10
3647.448 13
3647.586 12
3647.724 13
3647.862 14
3648.000 14
3648.138 15
3648.276 17
3648.414 18
3648.552 14
3648.690 13
3648.828 15
3648.965 15
3649.103 12
3649.241 15
3649.379 12
3649.517 12
3649.655 11
3649.793 5
3649.931 6
3650.069 7
3650.207 10
3650.345 13
3650.483 15
3650.621 14
3650.759 12
3650.897 9
3651.035 9
3651.173 10
3651.311 10
3651.449 12
3651.586 13
3651.724 13
3651.862 14
3652.000 11
3652.138 9
3652.276 8
3652.414 9
3652.552 11
3652.690 10
3652.828 11
3652.966 9
3653.104 10
3653.242 10
3653.380 11
3653.518 12
3653.656 10
3653.794 14
3653.932 14
3654.070 17
3654.208 14
3654.347 18
3654.485 18
3654.623 16
3654.761 17
3654.899 14
3655.037 13
3655.175 13
3655.313 13
3655.451 13
3655.589 14
3655.727 13
3655.865 11
3656.003 11
3656.141 10
3656.279 10
3656.417 7
3656.555 8
3656.693 9
3656.831 12
3656.970 15
3657.108 15
3657.246 16
3657.384 14
3657.522 14
3657.660 17
3657.798 17
3657.936 17
3658.074 15
3658.212 13
3658.350 12
3658.489 11
3658.627 12
3658.765 13
3658.903 14
3659.041 18
3659.179 19
3659.317 18
3659.455 18
3659.594 15
3659.732 15
3659.870 13
3660.008 13
3660.146 14
3660.284 11
3660.422 12
3660.560 12
3660.699 15
3660.837 17
3660.975 15
3661.113 15
3661.251 17
3661.389 15
3661.528 16
3661.666 16
3661.804 14
3661.942 10
3662.080 7
3662.218 7
3662.357 5
3662.495 6
3662.633 7
3662.771 8
3662.909 8
3663.048 8
3663.186 9
3663.324 9
3663.462 9
3663.600 12
3663.739 12
3663.877 12
3664.015 11
3664.153 12
3664.291 12
3664.430 12
3664.568 14
3664.706 12
3664.844 15
3664.983 16
3665.121 16
3665.259 13
3665.397 14
3665.536 16
3665.674 21
3665.812 24
3665.950 27
3666.089 27
3666.227 24
3666.365 26
3666.503 24
3666.642 26
3666.780 29
3666.918 31
3667.056 25
3667.195 20
3667.333 15
3667.471 9
3667.610 9
3667.748 9
3667.886 10
3668.024 9
3668.163 10
3668.301 10
3668.439 9
3668.578 12
3668.716 13
3668.854 15
3668.993 15
3669.131 17
3669.269 15
3669.407 14
3669.546 15
3669.684 14
3669.822 15
3669.961 14
3670.099 11
3670.237 7
3670.376 7
3670.514 7
3670.652 7
3670.791 9
3670.929 12
3671.068 13
3671.206 14
3671.344 15
3671.483 14
3671.621 15
3671.759 18
3671.898 18
3672.036 16
3672.174 17
3672.313 17
3672.451 17
3672.590 15
3672.728 12
3672.866 8
3673.005 5
3673.143 2
3673.282 2
3673.420 2
3673.558 4
3673.697 5
3673.835 6
3673.974 8
3674.112 8
3674.250 9
3674.389 10
3674.527 13
3674.666 15
3674.804 17
3674.942 17
3675.081 16
3675.219 17
3675.358 19
3675.496 17
3675.635 16
3675.773 12
3675.911 11
3676.050 11
3676.188 14
3676.327 13
3676.465 12
3676.604 12
3676.742 11
3676.881 13
3677.019 12
3677.158 11
3677.296 9
3677.435 10
3677.573 13
3677.712 13
3677.850 16
3677.988 13
3678.127 15
3678.265 15
3678.404 14
3678.542 17
3678.681 15
3678.819 15
3678.958 17
3679.096 15
3679.235 12
3679.373 13
3679.512 12
3679.651 14
3679.789 14
3679.928 13
3680.066 10
3680.205 11
3680.343 9
3680.482 10
3680.620 11
3680.759 12
3680.897 13
3681.036 12
3681.174 11
3681.313 7
3681.451 9
3681.590 9
3681.729 9
3681.867 11
3682.006 10
3682.144 10
3682.283 11
3682.421 10
3682.560 6
3682.699 6
3682.837 9
3682.976 9
3683.114 9
3683.253 9
3683.391 11
3683.530 11
3683.669 12
3683.807 12
3683.946 11
3684.084 15
3684.223 14
3684.362 14
3684.500 16
3684.639 18
3684.778 20
3684.916 22
3685.055 23
3685.193 26
3685.332 31
3685.471 31
3685.609 29
3685.748 29
3685.887 23
3686.025 21
3686.164 19
3686.302 15
3686.441 15
3686.580 14
3686.718 13
3686.857 9
3686.996 12
3687.134 14
3687.273 16
3687.412 17
3687.550 15
3687.689 15
3687.828 14
3687.966 17
3688.105 18
3688.244 17
3688.382 13
3688.521 11
3688.660 8
3688.799 8
3688.937 8
3689.076 6
3689.215 8
3689.353 9
3689.492 10
3689.631 12
3689.769 12
3689.908 12
3690.047 14
3690.186 14
3690.324 11
3690.463 9
3690.602 6
3690.741 5
3690.879 6
3691.018 7
3691.157 11
3691.296 15
3691.434 16
3691.573 16
3691.712 14
3691.851 10
3691.989 12
3692.128 12
3692.267 12
3692.406 11
3692.544 8
3692.683 8
3692.822 7
3692.961 11
3693.099 11
3693.238 11
3693.377 12
3693.516 10
3693.655 10
3693.793 10
3693.932 8
3694.071 7
3694.210 8
3694.349 8
3694.487 10
3694.626 14
3694.765 13
3694.904 13
3695.043 11
3695.181 8
3695.320 9
3695.459 10
3695.598 12
3695.737 13
3695.876 12
3696.014 11
3696.153 9
3696.292 7
3696.431 6
3696.570 5
3696.709 4
3696.847 1
3696.986 4
3697.125 4
3697.264 4
3697.403 7
3697.542 3
3697.681 2
3697.819 1
3697.958 1
3698.097 1
3698.236 1
3698.375 1
3698.514 5
3698.653 6
3698.792 7
3698.930 8
3699.069 11
3699.208 12
3699.347 12
3699.486 15
3699.625 18
3699.764 15
3699.903 16
3700.042 17
3700.181 17
3700.320 19
3700.458 18
3700.597 17
3700.736 17
3700.875 14
3701.014 15
3701.153 15
3701.292 17
3701.431 14
3701.570 14
3701.709 11
3701.848 8
3701.987 8
3702.126 9
3702.265 9
3702.404 14
3702.543 15
3702.681 16
3702.820 19
3702.959 20
3703.098 22
3703.237 24
3703.376 24
3703.515 28
3703.654 26
3703.793 24
3703.932 18
3704.071 14
3704.210 15
3704.349 14
3704.488 11
3704.627 10
3704.766 8
3704.905 8
3705.044 11
3705.183 8
3705.322 10
3705.461 12
3705.600 12
3705.739 16
3705.878 16
3706.017 16
3706.156 16
3706.295 17
3706.434 17
3706.574 16
3706.713 16
3706.852 16
3706.991 15
3707.130 15
3707.269 15
3707.408 15
3707.547 14
3707.686 13
3707.825 14
3707.964 14
3708.103 15
3708.242 15
3708.381 12
3708.520 14
3708.659 13
3708.798 13
3708.938 13
3709.077 11
3709.216 11
3709.355 11
3709.494 11
3709.633 9
3709.772 11
3709.911 10
3710.050 11
3710.189 12
3710.329 10
3710.468 10
3710.607 11
3710.746 11
3710.885 13
3711.024 13
3711.163 11
3711.302 8
3711.442 9
3711.581 9
3711.720 7
3711.859 9
3711.998 6
3712.137 6
3712.276 7
3712.415 9
3712.555 8
3712.694 8
3712.833 10
3712.972 10
3713.111 10
3713.250 10
3713.390 10
3713.529 7
3713.668 7
3713.807 7
3713.946 6
3714.085 6
3714.225 7
3714.364 8
3714.503 9
3714.642 11
3714.781 13
3714.921 13
3715.060 11
3715.199 12
3715.338 13
3715.477 13
3715.617 14
3715.756 13
3715.895 9
3716.034 9
3716.174 8
3716.313 11
3716.452 9
3716.591 9
3716.730 10
3716.870 6
3717.009 5
3717.148 5
3717.287 4
3717.427 4
3717.566 6
3717.705 6
3717.844 7
3717.984 5
3718.123 5
3718.262 6
3718.401 9
3718.541 9
3718.680 9
3718.819 10
3718.959 9
3719.098 11
3719.237 13
3719.376 13
3719.516 12
3719.655 11
3719.794 10
3719.934 11
3720.073 12
3720.212 11
3720.351 11
3720.491 11
3720.630 13
3720.769 14
3720.909 14
3721.048 14
3721.187 15
3721.327 20
3721.466 21
3721.605 22
3721.745 25
3721.884 28
3722.023 24
3722.163 20
3722.302 12
3722.441 7
3722.581 7
3722.720 7
3722.859 6
3722.999 7
3723.138 8
3723.277 9
3723.417 12
3723.556 15
3723.696 17
3723.835 18
3723.974 21
3724.114 22
3724.253 21
3724.392 19
3724.532 16
3724.671 14
3724.811 12
3724.950 12
3725.089 9
3725.229 7
3725.368 6
3725.508 5
3725.647 7
3725.786 6
3725.926 8
3726.065 10
3726.205 11
3726.344 16
3726.483 20
3726.623 24
3726.762 24
3726.902 24
3727.041 25
3727.181 23
3727.320 23
3727.459 22
3727.599 19
3727.738 18
3727.878 18
3728.017 18
3728.157 17
3728.296 17
3728.436 17
3728.575 15
3728.714 14
3728.854 13
3728.993 10
3729.133 10
3729.272 10
3729.412 11
3729.551 10
3729.691 12
3729.830 15
3729.970 16
3730.109 18
3730.249 16
3730.388 13
3730.528 13
3730.667 13
3730.807 13
3730.946 10
3731.086 9
3731.225 10
3731.365 12
3731.504 16
3731.644 18
3731.783 23
3731.923 27
3732.062 24
3732.202 23
3732.341 20
3732.481 14
3732.621 16
3732.760 16
3732.900 14
3733.039 13
3733.179 14
3733.318 14
3733.458 13
3733.597 16
3733.737 14
3733.877 15
3734.016 17
3734.156 15
3734.295 16
3734.435 16
3734.574 18
3734.714 19
3734.854 23
3734.993 24
3735.133 23
3735.272 17
3735.412 15
3735.551 15
3735.691 14
3735.831 14
3735.970 14
3736.110 13
3736.249 11
3736.389 9
3736.529 9
3736.668 9
3736.808 9
3736.948 7
3737.087 8
3737.227 8
3737.366 7
3737.506 10
3737.646 8
3737.785 8
3737.925 8
3738.065 11
3738.204 13
3738.344 12
3738.484 11
3738.623 13
3738.763 13
3738.903 13
3739.042 13
3739.182 12
3739.322 14
3739.461 16
3739.601 18
3739.741 17
3739.880 16
3740.020 16
3740.160 18
3740.299 20
3740.439 24
3740.579 25
3740.718 20
3740.858 19
3740.998 19
3741.137 19
3741.277 15
3741.417 11
3741.557 9
3741.696 9
3741.836 9
3741.976 11
3742.115 11
3742.255 11
3742.395 11
3742.535 10
3742.674 5
3742.814 4
3742.954 3
3743.094 2
3743.233 2
3743.373 2
3743.513 2
3743.653 4
3743.792 8
3743.932 8
3744.072 8
3744.212 9
3744.351 6
3744.491 6
3744.631 6
3744.771 11
3744.910 10
3745.050 10
3745.190 10
3745.330 9
3745.470 13
3745.609 12
3745.749 11
3745.889 11
3746.029 8
3746.169 8
3746.308 8
3746.448 7
3746.588 5
3746.728 5
3746.868 5
3747.007 8
3747.147 7
3747.287 7
3747.427 8
3747.567 6
3747.706 5
3747.846 4
3747.986 2
3748.126 4
3748.266 4
3748.406 4
3748.545 5
3748.685 11
3748.825 11
3748.965 11
3749.105 14
3749.245 15
3749.385 18
3749.524 19
3749.664 17
3749.804 17
3749.944 17
3750.084 17
3750.224 16
3750.364 15
3750.504 18
3750.643 19
3750.783 20
3750.923 20
3751.063 17
3751.203 16
3751.343 17
3751.483 15
3751.623 13
3751.763 12
3751.903 12
3752.042 6
3752.182 7
3752.322 7
3752.462 9
3752.602 11
3752.742 10
3752.882 11
3753.022 9
3753.162 15
3753.302 16
3753.442 16
3753.582 19
3753.722 15
3753.862 16
3754.002 16
3754.141 14
3754.281 10
3754.421 8
3754.561 8
3754.701 7
3754.841 8
3754.981 8
3755.121 8
3755.261 8
3755.401 6
3755.541 7
3755.681 8
3755.821 7
3755.961 10
3756.101 10
3756.241 11
3756.381 13
3756.521 13
3756.661 13
3756.801 12
3756.941 10
3757.081 9
3757.221 9
3757.361 9
3757.501 11
3757.641 12
3757.781 10
3757.921 11
3758.061 11
3758.201 14
3758.341 16
3758.481 16
3758.621 18
3758.761 16
3758.901 13
3759.041 13
3759.181 12
3759.322 11
3759.462 10
3759.602 9
3759.742 8
3759.882 6
3760.022 6
3760.162 6
3760.302 5
3760.442 3
3760.582 3
3760.722 4
3760.862 5
3761.002 10
3761.142 11
3761.283 11
3761.423 12
3761.563 13
3761.703 13
3761.843 13
3761.983 11
3762.123 11
3762.263 11
3762.403 10
3762.543 9
3762.684 8
3762.824 10
3762.964 9
3763.104 9
3763.244 6
3763.384 6
3763.524 8
3763.664 9
3763.805 11
3763.945 9
3764.085 9
3764.225 12
3764.365 18
3764.505 17
3764.645 16
3764.786 12
3764.926 13
3765.066 13
3765.206 13
3765.346 14
3765.486 15
3765.627 15
3765.767 15
3765.907 15
3766.047 18
3766.187 17
3766.327 15
3766.468 13
3766.608 9
3766.748 10
3766.888 10
3767.028 13
3767.169 14
3767.309 16
3767.449 15
3767.589 14
3767.729 16
3767.870 14
3768.010 15
3768.150 17
3768.290 18
3768.431 22
3768.571 24
3768.711 24
3768.851 25
3768.991 24
3769.132 24
3769.272 21
3769.412 17
3769.552 14
3769.693 12
3769.833 12
3769.973 10
3770.113 12
3770.254 12
3770.394 12
3770.534 10
3770.675 11
3770.815 11
3770.955 13
3771.095 19
3771.236 20
3771.376 20
3771.516 17
3771.656 16
3771.797 11
3771.937 11
3772.077 13
3772.218 11
3772.358 10
3772.498 10
3772.639 7
3772.779 6
3772.919 7
3773.059 7
3773.200 10
3773.340 9
3773.480 11
3773.621 11
3773.761 10
3773.901 12
3774.042 9
3774.182 9
3774.322 10
3774.463 7
3774.603 9
3774.743 10
3774.884 10
3775.024 10
3775.165 12
3775.305 13
3775.445 12
3775.586 10
3775.726 8
3775.866 8
3776.007 8
3776.147 5
3776.287 5
3776.428 5
3776.568 5
3776.709 5
3776.849 5
3776.989 5
3777.130 5
3777.270 6
3777.411 8
3777.551 9
3777.691 10
3777.832 9
3777.972 9
3778.113 9
3778.253 10
3778.393 10
3778.534 11
3778.674 11
3778.815 13
3778.955 13
3779.096 15
3779.236 17
3779.376 21
3779.517 20
3779.657 19
3779.798 17
3779.938 14
3780.079 10
3780.219 10
3780.359 11
3780.500 11
3780.640 14
3780.781 14
3780.921 13
3781.062 14
3781.202 15
3781.343 13
3781.483 14
3781.624 16
3781.764 12
3781.905 11
3782.045 10
3782.186 12
3782.326 14
3782.467 13
3782.607 12
3782.748 12
3782.888 10
3783.029 14
3783.169 15
3783.310 13
3783.450 14
3783.591 12
3783.731 11
3783.872 11
3784.012 7
3784.153 5
3784.293 5
3784.434 6
3784.574 5
3784.715 6
3784.855 6
3784.996 8
3785.136 11
3785.277 10
3785.418 10
3785.558 7
3785.699 3
3785.839 3
3785.980 3
3786.120 6
3786.261 5
3786.401 7
3786.542 8
3786.683 11
3786.823 13
3786.964 14
3787.104 13
3787.245 12
3787.386 12
3787.526 10
3787.667 10
3787.807 10
3787.948 17
3788.089 18
3788.229 19
3788.370 20
3788.510 18
3788.651 18
3788.792 17
3788.932 15
3789.073 13
3789.213 10
3789.354 9
3789.495 9
3789.635 4
3789.776 4
3789.917 5
3790.057 5
3790.198 5
3790.338 8
3790.479 9
3790.620 10
3790.760 13
3790.901 14
3791.042 14
3791.182 14
3791.323 13
3791.464 10
3791.604 10
3791.745 13
3791.886 12
3792.026 10
3792.167 10
3792.308 10
3792.448 9
3792.589 11
3792.730 11
3792.871 8
3793.011 5
3793.152 2
3793.293 3
3793.433 4
3793.574 9
3793.715 10
3793.855 10
3793.996 12
3794.137 15
3794.278 13
3794.418 12
3794.559 11
3794.700 9
3794.840 6
3794.981 7
3795.122 5
3795.263 3
3795.403 3
3795.544 2
3795.685 3
3795.826 1
3795.966 1
3796.107 1
3796.248 0
3796.389 3
3796.529 3
3796.670 3
3796.811 4
3796.952 10
3797.093 11
3797.233 12
3797.374 15
3797.515 18
3797.656 16
3797.796 14
3797.937 11
3798.078 9
3798.219 10
3798.360 10
3798.500 10
3798.641 6
3798.782 6
3798.923 7
3799.064 7
3799.204 6
3799.345 9
3799.486 9
3799.627 8
3799.768 12
3799.909 10
3800.049 11
3800.190 9
3800.331 8
3800.472 7
3800.613 6
3800.754 5
3800.894 7
3801.035 11
3801.176 12
3801.317 12
3801.458 19
3801.599 18
3801.740 18
3801.880 18
3802.021 16
3802.162 13
3802.303 12
3802.444 11
3802.585 6
3802.726 7
3802.866 8
3803.007 10
3803.148 10
3803.289 9
3803.430 9
3803.571 7
3803.712 4
3803.853 6
3803.994 5
3804.135 6
3804.275 8
3804.416 11
3804.557 11
3804.698 11
3804.839 10
3804.980 7
3805.121 7
3805.262 8
3805.403 6
3805.544 5
3805.685 5
3805.826 3
3805.967 3
3806.108 4
3806.248 4
3806.389 8
3806.530 9
3806.671 8
3806.812 8
3806.953 6
3807.094 8
3807.235 9
3807.376 10
3807.517 10
3807.658 9
3807.799 10
3807.940 10
3808.081 9
3808.222 8
3808.363 10
3808.504 10
3808.645 12
3808.786 17
3808.927 17
3809.068 17
3809.209 15
3809.350 15
3809.491 11
3809.632 10
3809.773 9
3809.914 10
3810.055 10
3810.196 11
3810.337 12
3810.478 6
3810.619 10
3810.760 11
3810.901 12
3811.042 12
3811.183 12
3811.324 11
3811.465 12
3811.606 17
3811.747 14
3811.889 14
3812.030 12
3812.171 9
3812.312 9
3812.453 10
3812.594 12
3812.735 15
3812.876 15
3813.017 15
3813.158 17
3813.299 14
3813.440 15
3813.581 16
3813.722 19
3813.864 17
3814.005 17
3814.146 15
3814.287 8
3814.428 6
3814.569 8
3814.710 9
3814.851 13
3814.992 17
3815.133 17
3815.275 17
3815.416 17
3815.557 16
3815.698 16
3815.839 16
3815.980 14
3816.121 11
3816.263 13
3816.404 12
3816.545 14
3816.686 11
3816.827 10
3816.968 12
3817.109 13
3817.251 18
3817.392 18
3817.533 18
3817.674 20
3817.815 17
3817.956 15
3818.098 14
3818.239 12
3818.380 13
3818.521 11
3818.662 11
3818.803 11
3818.945 12
3819.086 12
3819.227 12
3819.368 12
3819.509 11
3819.651 13
3819.792 12
3819.933 13
3820.074 14
3820.215 13
3820.357 13
3820.498 13
3820.639 15
3820.780 17
3820.922 17
3821.063 17
3821.204 14
3821.345 13
3821.486 13
3821.628 14
3821.769 13
3821.910 11
3822.051 11
3822.193 12
3822.334 10
3822.475 13
3822.616 13
3822.758 10
3822.899 8
3823.040 5
3823.182 6
3823.323 6
3823.464 11
3823.605 12
3823.747 12
3823.888 13
3824.029 10
3824.170 9
3824.312 9
3824.453 10
3824.594 9
3824.736 10
3824.877 10
3825.018 8
3825.160 10
3825.301 15
3825.442 16
3825.583 19
3825.725 17
3825.866 17
3826.007 15
3826.149 11
3826.290 6
3826.431 6
3826.573 6
3826.714 7
3826.855 10
3826.997 8
3827.138 8
3827.279 8
3827.421 8
3827.562 11
3827.704 12
3827.845 15
3827.986 18
3828.128 19
3828.269 18
3828.410 18
3828.552 17
3828.693 16
3828.834 16
3828.976 13
3829.117 15
3829.259 14
3829.400 14
3829.541 14
3829.683 16
3829.824 15
3829.966 15
3830.107 17
3830.248 12
3830.390 14
3830.531 15
3830.673 16
3830.814 16
3830.955 16
3831.097 16
3831.238 17
3831.380 15
3831.521 14
3831.663 15
3831.804 19
3831.945 23
3832.087 22
3832.228 22
3832.370 18
3832.511 14
3832.653 13
3832.794 12
3832.936 9
3833.077 7
3833.218 7
3833.360 7
3833.501 6
3833.643 3
3833.784 5
3833.926 5
3834.067 6
3834.209 9
3834.350 7
3834.492 7
3834.633 7
3834.775 3
3834.916 3
3835.058 3
3835.199 2
3835.341 7
3835.482 8
3835.624 8
3835.765 8
3835.907 7
3836.048 7
3836.190 7
3836.331 8
3836.473 5
3836.614 4
3836.756 4
3836.897 3
3837.039 0
3837.180 2
3837.322 2
3837.463 3
3837.605 3
3837.747 1
3837.888 1
3838.030 1
3838.171 3
3838.313 4
3838.454 5
3838.596 5
3838.737 10
3838.879 10
3839.021 10
3839.162 11
3839.304 13
3839.445 13
3839.587 13
3839.728 13
3839.870 10
3840.012 10
3840.153 10
3840.295 9
3840.436 4
3840.578 4
3840.720 4
3840.861 4
3841.003 6
3841.144 7
3841.286 9
3841.428 13
3841.569 15
3841.711 20
3841.853 20
3841.994 21
3842.136 16
3842.277 16
3842.419 15
3842.561 13
3842.702 13
3842.844 12
3842.986 13
3843.127 14
3843.269 16
3843.411 14
3843.552 15
3843.694 17
3843.836 19
3843.977 20
3844.119 21
3844.261 21
3844.402 23
3844.544 21
3844.686 21
3844.827 26
3844.969 21
3845.111 20
3845.252 20
3845.394 21
3845.536 18
3845.677 17
3845.819 16
3845.961 12
3846.102 9
3846.244 9
3846.386 10
3846.528 10
3846.669 11
3846.811 12
3846.953 12
3847.094 12
3847.236 12
3847.378 10
3847.520 10
3847.661 13
3847.803 14
3847.945 14
3848.087 13
3848.228 13
3848.370 12
3848.512 12
3848.654 12
3848.795 9
3848.937 10
3849.079 9
3849.221 8
3849.362 7
3849.504 6
3849.646 7
3849.788 7
3849.929 9
3850.071 14
3850.213 12
3850.355 11
3850.497 9
3850.638 9
3850.780 10
3850.922 11
3851.064 11
3851.206 12
3851.347 15
3851.489 14
3851.631 14
3851.773 11
3851.915 11
3852.056 11
3852.198 11
3852.340 9
3852.482 7
3852.624 7
3852.766 7
3852.907 6
3853.049 5
3853.191 5
3853.333 6
3853.475 6
3853.617 7
3853.758 8
3853.900 8
3854.042 9
3854.184 12
3854.326 12
3854.468 13
3854.610 14
3854.751 12
3854.893 13
3855.035 13
3855.177 13
3855.319 10
3855.461 8
3855.603 4
3855.745 6
3855.886 7
3856.028 7
3856.170 8
3856.312 9
3856.454 9
3856.596 11
3856.738 14
3856.880 18
3857.022 18
3857.164 17
3857.305 15
3857.447 13
3857.589 12
3857.731 11
3857.873 9
3858.015 6
3858.157 7
3858.299 7
3858.441 7
3858.583 7
3858.725 10
3858.867 11
3859.009 12
3859.151 11
3859.293 8
3859.435 8
3859.577 9
3859.718 11
3859.860 11
3860.002 11
3860.144 10
3860.286 9
3860.428 9
3860.570 9
3860.712 7
3860.854 6
3860.996 6
3861.138 7
3861.280 6
3861.422 12
3861.564 13
3861.706 11
3861.848 9
3861.990 4
3862.132 4
3862.274 5
3862.416 6
3862.558 8
3862.700 7
3862.842 7
3862.984 8
3863.126 7
3863.268 8
3863.410 8
3863.552 8
3863.694 6
3863.837 5
3863.979 5
3864.121 5
3864.263 8
3864.405 14
3864.547 15
3864.689 18
3864.831 19
3864.973 18
3865.115 18
3865.257 19
3865.399 19
3865.541 16
3865.683 16
3865.825 14
3865.967 14
3866.109 16
3866.252 17
3866.394 17
3866.536 14
3866.678 12
3866.820 11
3866.962 15
3867.104 14
3867.246 14
3867.388 14
3867.530 16
3867.673 16
3867.815 18
3867.957 20
3868.099 19
3868.241 24
3868.383 21
3868.525 19
3868.667 16
3868.810 10
3868.952 9
3869.094 8
3869.236 8
3869.378 4
3869.520 8
3869.662 8
3869.805 8
3869.947 7
3870.089 4
3870.231 4
3870.373 4
3870.515 7
3870.658 6
3870.800 6
3870.942 5
3871.084 8
3871.226 9
3871.368 10
3871.511 13
3871.653 13
3871.795 13
3871.937 13
3872.079 12
3872.222 12
3872.364 11
3872.506 10
3872.648 10
3872.790 6
3872.933 6
3873.075 7
3873.217 6
3873.359 4
3873.501 6
3873.644 7
3873.786 8
3873.928 15
3874.070 19
3874.213 22
3874.355 25
3874.497 27
3874.639 27
3874.782 24
3874.924 22
3875.066 17
3875.208 18
3875.351 18
3875.493 22
3875.635 19
3875.777 16
3875.920 15
3876.062 12
3876.204 8
3876.346 9
3876.489 10
3876.631 8
3876.773 13
3876.916 11
3877.058 10
3877.200 12
3877.342 11
3877.485 14
3877.627 14
3877.769 13
3877.912 13
3878.054 10
3878.196 10
3878.339 8
3878.481 8
3878.623 5
3878.766 4
3878.908 3
3879.050 4
3879.193 8
3879.335 9
3879.477 10
3879.620 15
3879.762 18
3879.904 18
3880.047 19
3880.189 19
3880.331 18
3880.474 18
3880.616 19
3880.758 14
3880.901 16
3881.043 16
3881.185 16
3881.328 12
3881.470 9
3881.613 9
3881.755 7
3881.897 5
3882.040 5
3882.182 5
3882.324 7
3882.467 7
3882.609 8
3882.752 9
3882.894 9
3883.036 10
3883.179 10
3883.321 10
3883.464 7
3883.606 7
3883.748 7
3883.891 7
3884.033 9
3884.176 8
3884.318 8
3884.461 8
3884.603 6
3884.745 9
3884.888 10
3885.030 10
3885.173 10
3885.315 9
3885.458 8
3885.600 8
3885.743 8
3885.885 8
3886.027 8
3886.170 8
3886.312 6
3886.455 5
3886.597 6
3886.740 6
3886.882 7
3887.025 9
3887.167 9
3887.310 8
3887.452 7
3887.595 6
3887.737 5
3887.880 5
3888.022 4
3888.165 7
3888.307 6
3888.450 6
3888.592 8
3888.735 9
3888.877 12
3889.020 12
3889.162 10
3889.305 11
3889.447 9
3889.590 9
3889.732 9
3889.875 9
3890.017 7
3890.160 7
3890.302 8
3890.445 6
3890.588 9
3890.730 9
3890.873 8
3891.015 9
3891.158 7
3891.300 7
3891.443 10
3891.585 10
3891.728 9
3891.871 9
3892.013 9
3892.156 13
3892.298 14
3892.441 14
3892.583 12
3892.726 10
3892.869 6
3893.011 6
3893.154 6
3893.296 7
3893.439 8
3893.582 8
3893.724 7
3893.867 6
3894.009 6
3894.152 7
3894.295 11
3894.437 7
3894.580 8
3894.722 9
3894.865 11
3895.008 12
3895.150 12
3895.293 12
3895.436 11
3895.578 13
3895.721 14
3895.864 14
3896.006 12
3896.149 13
3896.291 11
3896.434 11
3896.577 10
3896.719 6
3896.862 7
3897.005 7
3897.147 9
3897.290 10
3897.433 10
3897.575 10
3897.718 9
3897.861 11
3898.004 9
3898.146 9
3898.289 9
3898.432 9
3898.574 8
3898.717 8
3898.860 9
3899.002 6
3899.145 6
3899.288 6
3899.430 6
3899.573 7
3899.716 7
3899.859 9
3900.001 12
3900.144 15
3900.287 18
3900.430 18
3900.572 20
3900.715 19
3900.858 17
3901.000 16
3901.143 12
3901.286 10
3901.429 9
3901.571 9
3901.714 8
3901.857 8
3902.000 8
3902.142 8
3902.285 9
3902.428 9
3902.571 9
3902.714 10
3902.856 11
3902.999 16
3903.142 18
3903.285 17
3903.427 14
3903.570 15
3903.713 14
3903.856 14
3903.999 14
3904.141 11
3904.284 9
3904.427 8
3904.570 7
3904.713 3
3904.855 3
3904.998 4
3905.141 5
3905.284 6
3905.427 8
3905.570 9
3905.712 11
3905.855 14
3905.998 15
3906.141 15
3906.284 15
3906.427 11
3906.569 7
3906.712 6
3906.855 4
3906.998 6
3907.141 5
3907.284 5
3907.427 7
3907.569 6
3907.712 6
3907.855 7
3907.998 6
3908.141 9
3908.284 9
3908.427 9
3908.570 11
3908.712 8
3908.855 9
3908.998 9
3909.141 9
3909.284 10
3909.427 11
3909.570 12
3909.713 11
3909.856 11
3909.999 12
3910.141 12
3910.284 12
3910.427 12
3910.570 15
3910.713 14
3910.856 14
3910.999 12
3911.142 9
3911.285 8
3911.428 8
3911.571 6
3911.714 6
3911.857 6
3912.000 6
3912.142 4
3912.285 5
3912.428 5
3912.571 3
3912.714 8
3912.857 8
3913.000 8
3913.143 8
3913.286 8
3913.429 9
3913.572 9
3913.715 9
3913.858 8
3914.001 8
3914.144 8
3914.287 8
3914.430 7
3914.573 5
3914.716 4
3914.859 3
3915.002 1
3915.145 0
3915.288 0
3915.431 0
3915.574 1
3915.717 2
3915.860 2
3916.003 2
3916.146 7
3916.289 6
3916.432 6
3916.575 7
3916.718 7
3916.861 8
3917.004 9
3917.147 11
3917.290 15
3917.433 15
3917.577 15
3917.720 17
3917.863 15
3918.006 16
3918.149 17
3918.292 19
3918.435 17
3918.578 15
3918.721 13
3918.864 6
3919.007 6
3919.150 8
3919.293 8
3919.436 10
3919.580 12
3919.723 15
3919.866 14
3920.009 11
3920.152 9
3920.295 8
3920.438 8
3920.581 8
3920.724 4
3920.867 7
3921.011 7
3921.154 9
3921.297 12
3921.440 11
3921.583 11
3921.726 10
3921.869 10
3922.012 10
3922.156 12
3922.299 14
3922.442 21
3922.585 19
3922.728 17
3922.871 16
3923.014 16
3923.158 15
3923.301 15
3923.444 14
3923.587 8
3923.730 7
3923.873 6
3924.017 4
3924.160 4
3924.303 4
3924.446 4
3924.589 4
3924.733 5
3924.876 6
3925.019 7
3925.162 11
3925.305 16
3925.449 17
3925.592 17
3925.735 15
3925.878 13
3926.021 15
3926.165 17
3926.308 22
3926.451 29
3926.594 31
3926.737 31
3926.881 32
3927.024 28
3927.167 27
3927.310 25
3927.454 23
3927.597 22
3927.740 19
3927.883 19
3928.027 15
3928.170 12
3928.313 12
3928.456 12
3928.600 13
3928.743 7
3928.886 9
3929.029 9
3929.173 7
3929.316 6
3929.459 4
3929.602 4
3929.746 6
3929.889 7
3930.032 8
3930.176 8
3930.319 6
3930.462 12
3930.605 14
3930.749 15
3930.892 18
3931.035 19
3931.179 16
3931.322 16
3931.465 13
3931.609 12
3931.752 12
3931.895 12
3932.039 9
3932.182 10
3932.325 9
3932.469 8
3932.612 8
3932.755 5
3932.899 6
3933.042 7
3933.185 7
3933.329 10
3933.472 11
3933.615 11
3933.759 11
3933.902 11
3934.045 10
3934.189 10
3934.332 10
3934.475 12
3934.619 12
3934.762 11
3934.906 10
3935.049 6
3935.192 9
3935.336 9
3935.479 11
3935.623 11
3935.766 8
3935.909 8
3936.053 8
3936.196 8
3936.340 7
3936.483 7
3936.626 8
3936.770 11
3936.913 11
3937.057 11
3937.200 10
3937.343 9
3937.487 10
3937.630 10
3937.774 8
3937.917 4
3938.061 5
3938.204 5
3938.347 8
3938.491 8
3938.634 9
3938.778 10
3938.921 8
3939.065 10
3939.208 8
3939.352 8
3939.495 8
3939.639 7
3939.782 10
3939.925 11
3940.069 13
3940.212 15
3940.356 21
3940.499 21
3940.643 20
3940.786 21
3940.930 17
3941.073 15
3941.217 15
3941.360 12
3941.504 8
3941.647 8
3941.791 7
3941.934 10
3942.078 9
3942.221 9
3942.365 9
3942.508 8
3942.652 8
3942.795 8
3942.939 8
3943.083 11
3943.226 11
3943.370 11
3943.513 10
3943.657 13
3943.800 14
3943.944 15
3944.087 17
3944.231 17
3944.374 19
3944.518 18
3944.662 17
3944.805 13
3944.949 15
3945.092 15
3945.236 14
3945.379 14
3945.523 11
3945.666 11
3945.810 13
3945.954 15
3946.097 13
3946.241 13
3946.384 11
3946.528 13
3946.672 14
3946.815 15
3946.959 16
3947.102 15
3947.246 16
3947.390 15
3947.533 15
3947.677 19
3947.820 17
3947.964 17
3948.108 17
3948.251 17
3948.395 18
3948.539 17
3948.682 17
3948.826 18
3948.970 18
3949.113 18
3949.257 16
3949.400 13
3949.544 14
3949.688 11
3949.831 10
3949.975 10
3950.119 8
3950.262 8
3950.406 6
3950.550 9
3950.693 7
3950.837 6
3950.981 8
3951.124 5
3951.268 8
3951.412 8
3951.556 6
3951.699 5
3951.843 6
3951.987 7
3952.130 7
3952.274 12
3952.418 9
3952.561 9
3952.705 11
3952.849 11
3952.993 11
3953.136 11
3953.280 13
3953.424 14
3953.567 13
3953.711 12
3953.855 10
3953.999 11
3954.142 12
3954.286 12
3954.430 10
3954.574 8
3954.717 9
3954.861 9
3955.005 8
3955.149 8
3955.292 6
3955.436 6
3955.580 6
3955.724 3
3955.867 4
3956.011 5
3956.155 6
3956.299 6
3956.443 5
3956.586 4
3956.730 4
3956.874 6
3957.018 6
3957.161 6
3957.305 5
3957.449 6
3957.593 6
3957.737 6
3957.880 6
3958.024 12
3958.168 12
3958.312 11
3958.456 10
3958.600 6
3958.743 5
3958.887 5
3959.031 5
3959.175 7
3959.319 8
3959.463 8
3959.606 8
3959.750 12
3959.894 14
3960.038 14
3960.182 14
3960.326 15
3960.469 14
3960.613 14
3960.757 14
3960.901 10
3961.045 14
3961.189 15
3961.333 18
3961.477 17
3961.620 16
3961.764 15
3961.908 15
3962.052 14
3962.196 14
3962.340 13
3962.484 12
3962.628 10
3962.771 4
3962.915 4
3963.059 6
3963.203 6
3963.347 6
3963.491 7
3963.635 9
3963.779 13
3963.923 14
3964.067 14
3964.211 16
3964.355 12
3964.498 11
3964.642 11
3964.786 9
3964.930 6
3965.074 6
3965.218 7
3965.362 7
3965.506 12
3965.650 12
3965.794 13
3965.938 14
3966.082 13
3966.226 11
3966.370 10
3966.514 10
3966.658 12
3966.802 12
3966.946 12
3967.090 13
3967.234 13
3967.378 15
3967.522 15
3967.666 17
3967.810 11
3967.954 12
3968.098 12
3968.242 11
3968.386 9
3968.530 7
3968.674 8
3968.818 12
3968.962 15
3969.106 15
3969.250 16
3969.394 13
3969.538 10
3969.682 10
3969.826 9
3969.970 9
3970.114 12
3970.258 14
3970.402 15
3970.546 17
3970.690 18
3970.834 16
3970.978 16
3971.122 16
3971.266 14
3971.410 9
3971.554 8
3971.698 5
3971.842 3
3971.987 4
3972.131 5
3972.275 6
3972.419 8
3972.563 11
3972.707 11
3972.851 12
3972.995 12
3973.139 13
3973.283 13
3973.427 13
3973.571 12
3973.716 15
3973.860 16
3974.004 20
3974.148 16
3974.292 18
3974.436 20
3974.580 17
3974.724 17
3974.869 13
3975.013 10
3975.157 9
3975.301 10
3975.445 7
3975.589 7
3975.733 9
3975.877 9
3976.022 9
3976.166 10
3976.310 12
3976.454 12
3976.598 12
3976.742 12
3976.887 9
3977.031 11
3977.175 10
3977.319 10
3977.463 10
3977.607 9
3977.752 10
3977.896 10
3978.040 10
3978.184 12
3978.328 13
3978.472 14
3978.617 15
3978.761 19
3978.905 19
3979.049 19
3979.193 20
3979.338 18
3979.482 18
3979.626 19
3979.770 19
3979.915 17
3980.059 19
3980.203 19
3980.347 21
3980.491 17
3980.636 13
3980.780 11
3980.924 11
3981.068 11
3981.213 8
3981.357 8
3981.501 6
3981.645 9
3981.790 10
3981.934 10
3982.078 8
3982.222 10
3982.367 9
3982.511 9
3982.655 10
3982.799 8
3982.944 10
3983.088 12
3983.232 13
3983.377 11
3983.521 10
3983.665 9
3983.809 8
3983.954 3
3984.098 3
3984.242 3
3984.387 5
3984.531 7
3984.675 8
3984.820 9
3984.964 9
3985.108 7
3985.252 10
3985.397 10
3985.541 8
3985.685 10
3985.830 9
3985.974 10
3986.118 8
3986.263 6
3986.407 6
3986.551 7
3986.696 5
3986.840 7
3986.985 9
3987.129 9
3987.273 9
3987.418 12
3987.562 14
3987.706 14
3987.851 15
3987.995 13
3988.139 11
3988.284 11
3988.428 10
3988.573 9
3988.717 7
3988.861 7
3989.006 9
3989.150 10
3989.294 9
3989.439 8
3989.583 5
3989.728 7
3989.872 8
3990.016 8
3990.161 8
3990.305 8
3990.450 7
3990.594 7
3990.739 7
3990.883 7
3991.027 7
3991.172 7
3991.316 6
3991.461 7
3991.605 8
3991.750 8
3991.894 10
3992.038 9
3992.183 10
3992.327 10
3992.472 9
3992.616 6
3992.761 7
3992.905 7
3993.050 6
3993.194 8
3993.339 6
3993.483 6
3993.627 6
3993.772 6
3993.916 7
3994.061 7
3994.205 7
3994.350 8
3994.494 7
3994.639 7
3994.783 7
3994.928 2
3995.072 1
3995.217 1
3995.361 1
3995.506 0
3995.650 0
3995.795 0
3995.939 0
3996.084 4
3996.228 4
3996.373 4
3996.518 4
3996.662 2
3996.807 8
3996.951 11
3997.096 15
3997.240 19
3997.385 15
3997.529 14
3997.674 13
3997.818 10
3997.963 11
3998.108 12
3998.252 14
3998.397 11
3998.541 11
3998.686 11
3998.830 11
3998.975 8
3999.119 7
3999.264 6
3999.409 5
3999.553 10
3999.698 10
3999.842 10
3999.987 9
