299.644 18
299.683 18
299.722 18
299.761 18
299.800 18
299.839 26
299.877 32
299.916 30
299.955 28
299.994 24
300.033 19
300.072 16
300.111 12
300.149 9
300.188 5
300.227 8
300.266 12
300.305 13
300.344 13
300.383 17
300.421 14
300.460 13
300.499 13
300.538 10
300.577 10
300.616 13
300.655 16
300.694 18
300.733 26
300.771 29
300.810 35
300.849 39
300.888 37
300.927 34
300.966 28
301.005 34
301.044 26
301.083 25
301.122 30
301.161 26
301.200 22
301.238 22
301.277 22
301.316 19
301.355 17
301.394 15
301.433 7
301.472 9
301.511 10
301.550 13
301.589 16
301.628 16
301.667 18
301.706 28
301.745 32
301.784 45
301.823 60
301.862 63
301.901 72
301.940 77
301.979 68
302.018 61
302.057 55
302.096 45
302.135 36
302.174 33
302.213 28
302.252 22
302.291 19
302.330 18
302.369 15
302.408 18
302.447 20
302.486 22
302.525 25
302.564 25
302.603 22
302.642 19
302.681 16
302.720 14
302.759 18
302.798 23
302.837 30
302.876 42
302.915 53
302.954 57
302.993 66
303.032 70
303.071 58
303.110 50
303.149 35
303.188 22
303.227 16
303.266 15
303.305 13
303.344 9
303.384 7
303.423 6
303.462 5
303.501 8
303.540 15
303.579 19
303.618 23
303.657 33
303.696 34
303.735 39
303.774 46
303.813 55
303.853 73
303.892 87
303.931 108
303.970 105
304.009 92
304.048 78
304.087 58
304.126 46
304.165 40
304.205 32
304.244 23
304.283 20
304.322 19
304.361 19
304.400 14
304.439 12
304.478 11
304.518 11
304.557 11
304.596 10
304.635 15
304.674 20
304.713 26
304.753 44
304.792 71
304.831 100
304.870 139
304.909 162
304.948 165
304.988 157
305.027 133
305.066 122
305.105 107
305.144 86
305.183 68
305.223 45
305.262 30
305.301 25
305.340 26
305.379 26
305.419 20
305.458 17
305.497 19
305.536 19
305.575 19
305.615 21
305.654 16
305.693 12
305.732 16
305.772 23
305.811 35
305.850 54
305.889 76
305.928 94
305.968 113
306.007 113
306.046 110
306.085 96
306.125 80
306.164 65
306.203 52
306.242 46
306.282 35
306.321 29
306.360 21
306.399 15
306.439 10
306.478 10
306.517 12
306.557 11
306.596 11
306.635 12
306.674 12
306.714 22
306.753 36
306.792 62
306.832 98
306.871 129
306.910 153
306.949 165
306.989 177
307.028 167
307.067 158
307.107 136
307.146 101
307.185 78
307.225 56
307.264 37
307.303 24
307.343 19
307.382 10
307.421 11
307.461 10
307.500 11
307.539 13
307.579 9
307.618 8
307.657 9
307.697 12
307.736 18
307.775 33
307.815 45
307.854 61
307.893 88
307.933 114
307.972 123
308.012 128
308.051 124
308.090 107
308.130 87
308.169 63
308.208 42
308.248 30
308.287 25
308.327 25
308.366 19
308.405 13
308.445 10
308.484 8
308.524 12
308.563 16
308.602 21
308.642 21
308.681 25
308.721 26
308.760 27
308.799 32
308.839 37
308.878 42
308.918 46
308.957 60
308.997 53
309.036 46
309.075 38
309.115 28
309.154 28
309.194 24
309.233 21
309.273 12
309.312 11
309.352 13
309.391 16
309.430 20
309.470 20
309.509 22
309.549 22
309.588 21
309.628 25
309.667 27
309.707 30
309.746 30
309.786 37
309.825 53
309.865 75
309.904 100
309.944 118
309.983 125
310.023 115
310.062 117
310.102 103
310.141 84
310.181 77
310.220 70
310.260 62
310.299 57
310.339 49
310.378 35
310.418 34
310.457 31
310.497 30
310.536 28
310.576 25
310.615 23
310.655 25
310.695 27
310.734 29
310.774 36
310.813 44
310.853 56
310.892 68
310.932 69
310.971 73
311.011 70
311.051 63
311.090 55
311.130 43
311.169 28
311.209 18
311.248 17
311.288 18
311.328 15
311.367 12
311.407 9
311.446 8
311.486 8
311.525 11
311.565 13
311.605 13
311.644 14
311.684 13
311.724 14
311.763 19
311.803 26
311.842 36
311.882 44
311.922 51
311.961 53
312.001 52
312.040 55
312.080 45
312.120 40
312.159 32
312.199 21
312.239 16
312.278 9
312.318 8
312.358 7
312.397 7
312.437 2
312.477 5
312.516 7
312.556 10
312.595 17
312.635 17
312.675 17
312.714 18
312.754 17
312.794 18
312.834 28
312.873 31
312.913 39
312.953 50
312.992 53
313.032 49
313.072 45
313.111 36
313.151 27
313.191 22
313.230 17
313.270 15
313.310 13
313.350 11
313.389 11
313.429 9
313.469 12
313.508 14
313.548 19
313.588 19
313.628 20
313.667 19
313.707 16
313.747 25
313.787 36
313.826 50
313.866 68
313.906 83
313.946 90
313.985 92
314.025 95
314.065 75
314.105 66
314.144 52
314.184 38
314.224 25
314.264 15
314.303 13
314.343 12
314.383 16
314.423 17
314.463 21
314.502 28
314.542 28
314.582 32
314.622 32
314.661 33
314.701 38
314.741 40
314.781 50
314.821 65
314.860 85
314.900 100
314.940 105
314.980 119
315.020 105
315.060 91
315.099 77
315.139 54
315.179 35
315.219 27
315.259 20
315.299 19
315.338 17
315.378 16
315.418 16
315.458 15
315.498 17
315.538 13
315.577 13
315.617 9
315.657 13
315.697 18
315.737 24
315.777 34
315.817 44
315.856 57
315.896 67
315.936 81
315.976 80
316.016 74
316.056 66
316.096 53
316.136 46
316.176 42
316.215 41
316.255 34
316.295 32
316.335 37
316.375 31
316.415 27
316.455 30
316.495 28
316.535 30
316.575 34
316.614 34
316.654 25
316.694 23
316.734 19
316.774 22
316.814 29
316.854 42
316.894 60
316.934 74
316.974 90
317.014 94
317.054 94
317.094 79
317.134 59
317.174 43
317.214 31
317.254 34
317.293 33
317.333 31
317.373 27
317.413 23
317.453 20
317.493 16
317.533 18
317.573 18
317.613 15
317.653 14
317.693 15
317.733 28
317.773 40
317.813 55
317.853 74
317.893 96
317.933 113
317.973 127
318.013 144
318.053 145
318.093 130
318.133 111
318.173 81
318.213 59
318.253 47
318.293 34
318.333 28
318.373 28
318.413 26
318.453 29
318.494 35
318.534 36
318.574 32
318.614 31
318.654 28
318.694 27
318.734 29
318.774 34
318.814 35
318.854 46
318.894 63
318.934 86
318.974 113
319.014 118
319.054 128
319.094 123
319.134 117
319.175 97
319.215 78
319.255 57
319.295 37
319.335 33
319.375 31
319.415 34
319.455 35
319.495 32
319.535 29
319.576 25
319.616 21
319.656 20
319.696 16
319.736 18
319.776 20
319.816 21
319.856 32
319.896 47
319.937 60
319.977 86
320.017 106
320.057 109
320.097 103
320.137 90
320.177 69
320.218 50
320.258 43
320.298 27
320.338 16
320.378 10
320.418 5
320.458 2
320.499 2
320.539 6
320.579 12
320.619 16
320.659 21
320.700 24
320.740 34
320.780 39
320.820 59
320.860 80
320.900 96
320.941 120
320.981 122
321.021 121
321.061 118
321.101 109
321.142 94
321.182 80
321.222 63
321.262 44
321.302 34
321.343 31
321.383 27
321.423 27
321.463 25
321.504 23
321.544 18
321.584 14
321.624 18
321.665 20
321.705 26
321.745 30
321.785 32
321.826 44
321.866 55
321.906 69
321.946 87
321.987 100
322.027 101
322.067 102
322.107 94
322.148 77
322.188 64
322.228 50
322.268 29
322.309 20
322.349 21
322.389 17
322.430 13
322.470 11
322.510 6
322.550 6
322.591 6
322.631 7
322.671 11
322.712 19
322.752 27
322.792 38
322.833 49
322.873 60
322.913 73
322.954 88
322.994 100
323.034 99
323.074 91
323.115 80
323.155 72
323.195 61
323.236 52
323.276 41
323.316 29
323.357 27
323.397 25
323.438 23
323.478 25
323.518 21
323.559 16
323.599 13
323.639 7
323.680 10
323.720 14
323.760 21
323.801 29
323.841 42
323.882 52
323.922 68
323.962 91
324.003 96
324.043 91
324.083 90
324.124 83
324.164 64
324.205 59
324.245 44
324.285 21
324.326 17
324.366 12
324.407 14
324.447 14
324.488 14
324.528 13
324.568 11
324.609 10
324.649 13
324.690 18
324.730 21
324.771 27
324.811 38
324.851 43
324.892 51
324.932 56
324.973 60
325.013 63
325.054 67
325.094 79
325.135 71
325.175 69
325.215 60
325.256 51
325.296 45
325.337 41
325.377 41
325.418 37
325.458 36
325.499 30
325.539 27
325.580 21
325.620 19
325.661 19
325.701 17
325.742 16
325.782 23
325.823 30
325.863 40
325.904 63
325.944 68
325.985 77
326.025 87
326.066 87
326.106 74
326.147 64
326.187 45
326.228 25
326.268 25
326.309 26
326.349 24
326.390 26
326.430 33
326.471 32
326.512 31
326.552 37
326.593 35
326.633 38
326.674 41
326.714 48
326.755 49
326.795 53
326.836 57
326.877 60
326.917 72
326.958 66
326.998 62
327.039 53
327.079 44
327.120 38
327.161 31
327.201 22
327.242 11
327.282 9
327.323 6
327.364 2
327.404 0
327.445 1
327.485 2
327.526 6
327.567 8
327.607 11
327.648 11
327.688 15
327.729 28
327.770 38
327.810 56
327.851 71
327.892 70
327.932 74
327.973 78
328.013 85
328.054 76
328.095 73
328.135 56
328.176 38
328.217 28
328.257 20
328.298 18
328.339 15
328.379 11
328.420 7
328.461 6
328.501 5
328.542 4
328.583 3
328.623 2
328.664 2
328.705 8
328.745 14
328.786 20
328.827 34
328.867 45
328.908 54
328.949 62
328.989 73
329.030 71
329.071 61
329.112 49
329.152 30
329.193 23
329.234 22
329.274 19
329.315 14
329.356 13
329.397 13
329.437 13
329.478 12
329.519 12
329.559 11
329.600 13
329.641 11
329.682 14
329.722 17
329.763 17
329.804 21
329.845 25
329.885 28
329.926 34
329.967 46
330.008 50
330.048 55
330.089 56
330.130 64
330.171 55
330.212 44
330.252 37
330.293 25
330.334 23
330.375 19
330.415 18
330.456 10
330.497 10
330.538 10
330.579 10
330.619 9
330.660 9
330.701 12
330.742 12
330.783 12
330.823 25
330.864 42
330.905 67
330.946 85
330.987 97
331.028 103
331.068 90
331.109 76
331.150 66
331.191 54
331.232 46
331.273 37
331.313 28
331.354 19
331.395 16
331.436 12
331.477 10
331.518 9
331.558 7
331.599 10
331.640 10
331.681 10
331.722 12
331.763 23
331.804 40
331.845 70
331.885 103
331.926 126
331.967 147
332.008 154
332.049 150
332.090 141
332.131 119
332.172 99
332.213 74
332.253 55
332.294 35
332.335 22
332.376 16
332.417 22
332.458 25
332.499 28
332.540 33
332.581 38
332.622 38
332.663 38
332.704 38
332.744 33
332.785 36
332.826 43
332.867 52
332.908 74
332.949 95
332.990 108
333.031 100
333.072 102
333.113 87
333.154 67
333.195 54
333.236 44
333.277 32
333.318 17
333.359 13
333.400 6
333.441 7
333.482 8
333.523 8
333.564 5
333.605 13
333.646 19
333.687 25
333.728 31
333.769 35
333.810 40
333.851 52
333.892 69
333.933 91
333.974 118
334.015 146
334.056 167
334.097 172
334.138 155
334.179 130
334.220 102
334.261 78
334.302 71
334.343 61
334.384 52
334.425 43
334.466 42
334.507 45
334.548 47
334.589 49
334.630 45
334.671 45
334.712 43
334.753 47
334.794 53
334.835 63
334.876 80
334.917 93
334.958 119
335.000 133
335.041 142
335.082 145
335.123 144
335.164 121
335.205 92
335.246 69
335.287 49
335.328 39
335.369 30
335.410 27
335.451 23
335.493 21
335.534 20
335.575 17
335.616 17
335.657 19
335.698 23
335.739 23
335.780 30
335.821 38
335.863 46
335.904 56
335.945 68
335.986 82
336.027 92
336.068 89
336.109 81
336.151 72
336.192 69
336.233 64
336.274 59
336.315 50
336.356 39
336.397 33
336.439 31
336.480 32
336.521 28
336.562 22
336.603 21
336.644 16
336.686 14
336.727 16
336.768 18
336.809 30
336.850 48
336.892 64
336.933 83
336.974 91
337.015 102
337.056 96
337.097 83
337.139 66
337.180 45
337.221 33
337.262 19
337.304 15
337.345 10
337.386 9
337.427 7
337.468 8
337.510 6
337.551 8
337.592 13
337.633 19
337.675 26
337.716 29
337.757 31
337.798 26
337.840 23
337.881 24
337.922 29
337.963 39
338.005 49
338.046 57
338.087 54
338.128 49
338.170 50
338.211 38
338.252 32
338.293 29
338.335 19
338.376 18
338.417 18
338.458 16
338.500 21
338.541 22
338.582 22
338.624 23
338.665 29
338.706 31
338.748 34
338.789 38
338.830 40
338.871 51
338.913 62
338.954 68
338.995 76
339.037 65
339.078 50
339.119 41
339.161 28
339.202 25
339.243 21
339.285 18
339.326 7
339.367 7
339.409 8
339.450 11
339.491 10
339.533 11
339.574 11
339.615 12
339.657 11
339.698 11
339.740 13
339.781 10
339.822 11
339.864 18
339.905 28
339.946 44
339.988 64
340.029 75
340.071 83
340.112 84
340.153 79
340.195 65
340.236 51
340.277 43
340.319 35
340.360 27
340.402 18
340.443 9
340.484 5
340.526 5
340.567 4
340.609 4
340.650 5
340.692 7
340.733 9
340.774 13
340.816 16
340.857 27
340.899 41
340.940 56
340.982 74
341.023 89
341.064 92
341.106 82
341.147 79
341.189 62
341.230 50
341.272 40
341.313 29
341.355 15
341.396 9
341.438 7
341.479 4
341.521 4
341.562 6
341.603 6
341.645 4
341.686 5
341.728 9
341.769 14
341.811 27
341.852 36
341.894 49
341.935 63
341.977 72
342.018 79
342.060 73
342.101 58
342.143 47
342.184 45
342.226 37
342.267 37
342.309 41
342.350 29
342.392 23
342.434 22
342.475 19
342.517 16
342.558 13
342.600 12
342.641 14
342.683 45
342.724 122
342.766 239
342.807 393
342.849 556
342.890 699
342.932 793
342.974 832
343.015 808
343.057 681
343.098 530
343.140 378
343.181 255
343.223 179
343.265 130
343.306 91
343.348 62
343.389 45
343.431 46
343.473 45
343.514 39
343.556 33
343.597 28
343.639 26
343.681 41
343.722 67
343.764 100
343.805 149
343.847 197
343.889 243
343.930 286
343.972 298
344.013 286
344.055 255
344.097 208
344.138 168
344.180 126
344.222 95
344.263 69
344.305 49
344.346 35
344.388 25
344.430 20
344.471 20
344.513 18
344.555 17
344.596 19
344.638 17
344.680 18
344.721 29
344.763 42
344.805 63
344.846 107
344.888 162
344.930 222
344.971 279
345.013 318
345.055 328
345.097 310
345.138 280
345.180 233
345.222 194
345.263 152
345.305 112
345.347 82
345.388 55
345.430 41
345.472 30
345.514 21
345.555 13
345.597 12
345.639 8
345.680 8
345.722 9
345.764 13
345.806 24
345.847 36
345.889 61
345.931 84
345.973 111
346.014 130
346.056 145
346.098 148
346.140 137
346.181 118
346.223 97
346.265 75
346.307 57
346.348 42
346.390 32
346.432 25
346.474 17
346.515 20
346.557 15
346.599 15
346.641 23
346.683 21
346.724 20
346.766 19
346.808 23
346.850 36
346.892 49
346.933 69
346.975 91
347.017 110
347.059 133
347.101 151
347.142 138
347.184 120
347.226 95
347.268 73
347.310 66
347.352 70
347.393 68
347.435 59
347.477 52
347.519 39
347.561 31
347.603 29
347.644 29
347.686 28
347.728 28
347.770 30
347.812 33
347.854 35
347.895 48
347.937 67
347.979 84
348.021 104
348.063 113
348.105 105
348.147 98
348.189 92
348.230 79
348.272 64
348.314 46
348.356 22
348.398 9
348.440 10
348.482 9
348.524 14
348.566 17
348.607 23
348.649 31
348.691 35
348.733 42
348.775 42
348.817 47
348.859 49
348.901 47
348.943 59
348.985 76
349.027 86
349.069 97
349.111 89
349.152 87
349.194 69
349.236 49
349.278 38
349.320 25
349.362 24
349.404 18
349.446 17
349.488 18
349.530 18
349.572 16
349.614 16
349.656 13
349.698 13
349.740 16
349.782 21
349.824 30
349.866 38
349.908 59
349.950 77
349.992 97
350.034 118
350.076 130
350.118 127
350.160 112
350.202 92
350.244 72
350.286 51
350.328 35
350.370 21
350.412 11
350.454 7
350.496 3
350.538 3
350.580 3
350.622 7
350.664 8
350.706 12
350.748 21
350.790 30
350.832 40
350.874 48
350.916 63
350.958 67
351.000 76
351.042 74
351.084 67
351.126 64
351.168 57
351.210 47
351.252 32
351.295 22
351.337 13
351.379 8
351.421 6
351.463 8
351.505 14
351.547 16
351.589 18
351.631 22
351.673 24
351.715 23
351.757 23
351.800 17
351.842 12
351.884 23
351.926 34
351.968 50
352.010 71
352.052 78
352.094 81
352.136 74
352.178 68
352.221 59
352.263 46
352.305 43
352.347 37
352.389 26
352.431 20
352.473 19
352.516 15
352.558 16
352.600 22
352.642 26
352.684 26
352.726 32
352.768 37
352.811 47
352.853 65
352.895 76
352.937 88
352.979 97
353.021 103
353.064 94
353.106 84
353.148 72
353.190 64
353.232 58
353.274 51
353.317 45
353.359 33
353.401 30
353.443 25
353.485 22
353.528 14
353.570 13
353.612 13
353.654 13
353.696 16
353.739 17
353.781 18
353.823 23
353.865 31
353.908 45
353.950 69
353.992 93
354.034 99
354.076 105
354.119 93
354.161 79
354.203 77
354.245 70
354.288 55
354.330 36
354.372 20
354.414 10
354.457 11
354.499 10
354.541 9
354.583 7
354.626 7
354.668 5
354.710 3
354.753 4
354.795 6
354.837 12
354.879 30
354.922 55
354.964 82
355.006 102
355.048 114
355.091 105
355.133 94
355.175 78
355.218 59
355.260 45
355.302 31
355.345 22
355.387 12
355.429 12
355.472 11
355.514 12
355.556 11
355.599 12
355.641 16
355.683 23
355.725 34
355.768 40
355.810 47
355.852 62
355.895 76
355.937 101
355.980 124
356.022 133
356.064 136
356.107 126
356.149 109
356.191 95
356.234 82
356.276 62
356.318 51
356.361 41
356.403 33
356.446 35
356.488 30
356.530 31
356.573 30
356.615 31
356.657 39
356.700 49
356.742 55
356.785 59
356.827 76
356.869 92
356.912 122
356.954 144
356.997 162
357.039 166
357.081 157
357.124 133
357.166 97
357.209 68
357.251 47
357.294 36
357.336 26
357.378 22
357.421 16
357.463 14
357.506 13
357.548 12
357.591 10
357.633 8
357.675 11
357.718 15
357.760 15
357.803 28
357.845 33
357.888 37
357.930 45
357.973 54
358.015 64
358.058 74
358.100 90
358.143 91
358.185 83
358.228 75
358.270 63
358.313 51
358.355 44
358.397 37
358.440 21
358.482 15
358.525 18
358.567 21
358.610 25
358.653 28
358.695 25
358.738 20
358.780 14
358.823 16
358.865 29
358.908 47
358.950 68
358.993 90
359.035 106
359.078 122
359.120 127
359.163 119
359.205 98
359.248 78
359.290 57
359.333 48
359.376 43
359.418 32
359.461 27
359.503 22
359.546 19
359.588 18
359.631 20
359.673 20
359.716 19
359.759 20
359.801 22
359.844 27
359.886 34
359.929 49
359.971 65
360.014 88
360.057 116
360.099 130
360.142 140
360.184 130
360.227 112
360.270 93
360.312 75
360.355 61
360.397 44
360.440 34
360.483 22
360.525 17
360.568 15
360.611 10
360.653 5
360.696 8
360.738 9
360.781 14
360.824 20
360.866 28
360.909 46
360.952 67
360.994 90
361.037 113
361.080 126
361.122 132
361.165 130
361.208 110
361.250 91
361.293 68
361.336 56
361.378 39
361.421 32
361.464 26
361.506 18
361.549 20
361.592 23
361.634 21
361.677 21
361.720 24
361.762 29
361.805 38
361.848 46
361.890 54
361.933 56
361.976 65
362.019 79
362.061 83
362.104 96
362.147 90
362.189 82
362.232 72
362.275 65
362.318 59
362.360 57
362.403 50
362.446 37
362.489 30
362.531 24
362.574 21
362.617 19
362.659 20
362.702 18
362.745 17
362.788 19
362.830 22
362.873 33
362.916 44
362.959 59
363.002 76
363.044 95
363.087 104
363.130 113
363.173 115
363.215 107
363.258 95
363.301 79
363.344 61
363.387 43
363.429 35
363.472 32
363.515 28
363.558 34
363.601 30
363.643 29
363.686 29
363.729 27
363.772 29
363.815 25
363.857 28
363.900 30
363.943 40
363.986 61
364.029 73
364.072 92
364.114 106
364.157 108
364.200 107
364.243 101
364.286 78
364.329 58
364.371 43
364.414 28
364.457 19
364.500 16
364.543 17
364.586 11
364.629 12
364.671 14
364.714 11
364.757 14
364.800 19
364.843 22
364.886 23
364.929 31
364.972 35
365.014 43
365.057 48
365.100 49
365.143 43
365.186 41
365.229 42
365.272 38
365.315 33
365.358 31
365.400 32
365.443 25
365.486 23
365.529 22
365.572 16
365.615 7
365.658 7
365.701 6
365.744 7
365.787 9
365.830 18
365.873 28
365.916 38
365.959 55
366.001 58
366.044 57
366.087 59
366.130 58
366.173 52
366.216 42
366.259 34
366.302 23
366.345 15
366.388 17
366.431 18
366.474 16
366.517 17
366.560 19
366.603 18
366.646 18
366.689 20
366.732 20
366.775 26
366.818 36
366.861 42
366.904 54
366.947 71
366.990 85
367.033 104
367.076 116
367.119 101
367.162 92
367.205 76
367.248 50
367.291 39
367.334 33
367.377 25
367.420 18
367.463 18
367.506 14
367.549 12
367.592 12
367.635 13
367.678 16
367.721 14
367.764 17
367.807 18
367.850 27
367.893 40
367.937 52
367.980 74
368.023 97
368.066 114
368.109 126
368.152 117
368.195 103
368.238 85
368.281 67
368.324 57
368.367 47
368.410 42
368.453 30
368.497 29
368.540 32
368.583 30
368.626 29
368.669 23
368.712 17
368.755 21
368.798 26
368.841 36
368.884 56
368.928 87
368.971 114
369.014 141
369.057 168
369.100 167
369.143 158
369.186 138
369.229 115
369.273 96
369.316 82
369.359 59
369.402 36
369.445 28
369.488 24
369.531 24
369.575 19
369.618 27
369.661 32
369.704 31
369.747 36
369.790 33
369.834 38
369.877 51
369.920 61
369.963 76
370.006 82
370.049 87
370.093 95
370.136 99
370.179 98
370.222 85
370.265 74
370.309 57
370.352 48
370.395 44
370.438 38
370.481 34
370.525 30
370.568 29
370.611 21
370.654 22
370.698 23
370.741 22
370.784 22
370.827 33
370.870 46
370.914 59
370.957 83
371.000 90
371.043 99
371.087 101
371.130 99
371.173 89
371.216 78
371.260 66
371.303 45
371.346 35
371.389 27
371.433 25
371.476 21
371.519 23
371.562 28
371.606 32
371.649 31
371.692 37
371.736 30
371.779 29
371.822 27
371.865 27
371.909 31
371.952 47
371.995 69
372.039 99
372.082 133
372.125 150
372.169 154
372.212 139
372.255 124
372.298 98
372.342 77
372.385 55
372.428 38
372.472 30
372.515 22
372.558 24
372.602 16
372.645 15
372.688 14
372.732 16
372.775 19
372.818 24
372.862 28
372.905 29
372.948 40
372.992 51
373.035 63
373.079 76
373.122 86
373.165 89
373.209 80
373.252 71
373.295 54
373.339 40
373.382 34
373.426 27
373.469 24
373.512 18
373.556 18
373.599 19
373.642 18
373.686 19
373.729 17
373.773 15
373.816 16
373.859 18
373.903 25
373.946 31
373.990 53
374.033 64
374.077 70
374.120 74
374.163 70
374.207 56
374.250 55
374.294 45
374.337 30
374.381 23
374.424 21
374.467 17
374.511 18
374.554 17
374.598 21
374.641 21
374.685 17
374.728 18
374.772 15
374.815 18
374.859 25
374.902 41
374.945 59
374.989 75
375.032 92
375.076 96
375.119 111
375.163 111
375.206 105
375.250 98
375.293 91
375.337 72
375.380 56
375.424 44
375.467 26
375.511 25
375.554 21
375.598 23
375.641 25
375.685 25
375.728 21
375.772 22
375.815 20
375.859 23
375.902 28
375.946 35
375.989 48
376.033 67
376.077 89
376.120 99
376.164 105
376.207 86
376.251 65
376.294 48
376.338 28
376.381 27
376.425 25
376.468 23
376.512 14
376.556 15
376.599 13
376.643 13
376.686 16
376.730 16
376.773 16
376.817 18
376.861 23
376.904 27
376.948 38
376.991 51
377.035 60
377.079 81
377.122 100
377.166 97
377.209 96
377.253 84
377.297 71
377.340 65
377.384 55
377.427 45
377.471 38
377.515 41
377.558 45
377.602 40
377.646 32
377.689 27
377.733 18
377.776 25
377.820 31
377.864 45
377.907 60
377.951 82
377.995 105
378.038 128
378.082 154
378.126 155
378.169 156
378.213 138
378.257 112
378.300 92
378.344 64
378.388 48
378.431 28
378.475 25
378.519 26
378.562 28
378.606 23
378.650 24
378.693 21
378.737 22
378.781 31
378.824 36
378.868 38
378.912 51
378.955 64
378.999 80
379.043 99
379.087 98
379.130 96
379.174 93
379.218 80
379.261 75
379.305 69
379.349 57
379.393 44
379.436 39
379.480 34
379.524 22
379.568 19
379.611 16
379.655 9
379.699 11
379.743 13
379.786 14
379.830 16
379.874 34
379.918 49
379.961 66
380.005 91
380.049 88
380.093 92
380.136 87
380.180 78
380.224 65
380.268 54
380.312 45
380.355 30
380.399 30
380.443 26
380.487 24
380.530 21
380.574 22
380.618 22
380.662 19
380.706 20
380.750 19
380.793 14
380.837 14
380.881 19
380.925 35
380.969 51
381.012 71
381.056 92
381.100 89
381.144 87
381.188 86
381.232 80
381.275 75
381.319 68
381.363 53
381.407 32
381.451 27
381.495 21
381.538 21
381.582 21
381.626 21
381.670 17
381.714 16
381.758 15
381.802 17
381.846 16
381.889 23
381.933 34
381.977 50
382.021 73
382.065 96
382.109 113
382.153 117
382.197 124
382.240 112
382.284 103
382.328 87
382.372 63
382.416 55
382.460 43
382.504 40
382.548 35
382.592 32
382.636 26
382.680 26
382.723 19
382.767 14
382.811 11
382.855 16
382.899 17
382.943 28
382.987 43
383.031 53
383.075 70
383.119 76
383.163 77
383.207 71
383.251 64
383.295 50
383.339 38
383.383 30
383.427 21
383.471 19
383.514 14
383.558 13
383.602 15
383.646 16
383.690 19
383.734 13
383.778 10
383.822 8
383.866 7
383.910 16
383.954 23
383.998 31
384.042 48
384.086 65
384.130 75
384.174 88
384.218 98
384.262 87
384.306 80
384.350 67
384.394 45
384.438 36
384.482 31
384.526 31
384.570 24
384.614 24
384.659 22
384.703 25
384.747 21
384.791 18
384.835 17
384.879 25
384.923 37
384.967 54
385.011 73
385.055 90
385.099 105
385.143 108
385.187 100
385.231 85
385.275 72
385.319 60
385.363 54
385.407 43
385.452 29
385.496 24
385.540 25
385.584 28
385.628 31
385.672 28
385.716 23
385.760 21
385.804 22
385.848 30
385.892 42
385.937 62
385.981 78
386.025 97
386.069 118
386.113 129
386.157 152
386.201 144
386.245 127
386.290 101
386.334 71
386.378 62
386.422 47
386.466 41
386.510 36
386.554 28
386.599 25
386.643 22
386.687 16
386.731 15
386.775 14
386.819 14
386.863 14
386.908 24
386.952 42
386.996 68
387.040 96
387.084 118
387.128 135
387.173 140
387.217 137
387.261 122
387.305 100
387.349 70
387.394 49
387.438 38
387.482 27
387.526 23
387.570 17
387.615 13
387.659 13
387.703 13
387.747 12
387.791 17
387.836 24
387.880 33
387.924 47
387.968 64
388.013 95
388.057 107
388.101 125
388.145 134
388.189 135
388.234 129
388.278 120
388.322 108
388.366 76
388.411 62
388.455 43
388.499 27
388.543 26
388.588 27
388.632 19
388.676 19
388.720 19
388.765 21
388.809 25
388.853 24
388.898 26
388.942 25
388.986 28
389.030 41
389.075 63
389.119 89
389.163 110
389.208 118
389.252 123
389.296 112
389.340 88
389.385 75
389.429 61
389.473 49
389.518 33
389.562 17
389.606 13
389.651 13
389.695 11
389.739 18
389.784 23
389.828 31
389.872 39
389.917 49
389.961 74
390.005 94
390.050 119
390.094 144
390.138 141
390.183 141
390.227 121
390.271 104
390.316 84
390.360 72
390.405 61
390.449 46
390.493 37
390.538 29
390.582 21
390.626 17
390.671 14
390.715 11
390.760 4
390.804 8
390.848 12
390.893 18
390.937 31
390.981 43
391.026 58
391.070 76
391.115 98
391.159 103
391.203 99
391.248 84
391.292 67
391.337 51
391.381 38
391.426 28
391.470 22
391.514 26
391.559 24
391.603 28
391.648 30
391.692 29
391.737 29
391.781 23
391.825 26
391.870 30
391.914 38
391.959 44
392.003 62
392.048 79
392.092 96
392.137 128
392.181 151
392.226 152
392.270 135
392.315 110
392.359 74
392.404 53
392.448 41
392.492 32
392.537 23
392.581 19
392.626 13
392.670 11
392.715 11
392.759 9
392.804 12
392.848 17
392.893 24
392.937 29
392.982 39
393.026 42
393.071 50
393.116 52
393.160 49
393.205 46
393.249 44
393.294 39
393.338 36
393.383 34
393.427 30
393.472 26
393.516 20
393.561 17
393.605 17
393.650 18
393.694 17
393.739 18
393.784 18
393.828 19
393.873 26
393.917 36
393.962 49
394.006 78
394.051 109
394.096 131
394.140 152
394.185 154
394.229 132
394.274 102
394.318 72
394.363 58
394.408 39
394.452 35
394.497 30
394.541 24
394.586 30
394.631 34
394.675 28
394.720 23
394.764 17
394.809 13
394.854 19
394.898 30
394.943 51
394.988 72
395.032 105
395.077 118
395.121 115
395.166 110
395.211 106
395.255 88
395.300 72
395.345 57
395.389 46
395.434 30
395.479 27
395.523 24
395.568 11
395.613 13
395.657 12
395.702 11
395.747 9
395.791 8
395.836 14
395.881 22
395.925 37
395.970 57
396.015 75
396.059 101
396.104 127
396.149 131
396.193 134
396.238 121
396.283 94
396.328 73
396.372 58
396.417 36
396.462 30
396.506 26
396.551 22
396.596 23
396.641 23
396.685 20
396.730 17
396.775 14
396.819 8
396.864 10
396.909 18
396.954 38
396.998 57
397.043 82
397.088 99
397.133 113
397.177 122
397.222 138
397.267 126
397.312 99
397.356 77
397.401 51
397.446 37
397.491 35
397.535 26
397.580 20
397.625 10
397.670 10
397.715 7
397.759 9
397.804 9
397.849 11
397.894 15
397.939 33
397.983 56
398.028 91
398.073 131
398.118 156
398.163 180
398.207 165
398.252 159
398.297 123
398.342 90
398.387 64
398.431 42
398.476 27
398.521 20
398.566 23
398.611 22
398.656 22
398.700 17
398.745 12
398.790 10
398.835 6
398.880 9
398.925 19
398.969 30
399.014 49
399.059 74
399.104 95
399.149 121
399.194 126
399.239 134
399.283 110
399.328 79
399.373 57
399.418 31
399.463 25
399.508 23
399.553 22
399.598 24
399.643 27
399.687 29
399.732 27
399.777 27
399.822 26
399.867 25
399.912 30
399.957 40
400.002 54
400.047 72
400.092 92
400.137 101
400.181 108
400.226 107
400.271 100
400.316 89
400.361 71
400.406 61
400.451 40
400.496 26
400.541 21
400.586 14
400.631 14
400.676 10
400.721 11
400.766 12
400.811 13
400.856 14
400.901 20
400.945 33
400.990 55
401.035 81
401.080 106
401.125 133
401.170 151
401.215 146
401.260 137
401.305 124
401.350 99
401.395 74
401.440 55
401.485 33
401.530 20
401.575 20
401.620 18
401.665 13
401.710 15
401.755 16
401.800 18
401.845 20
401.890 22
401.935 30
401.980 40
402.025 56
402.070 64
402.115 78
402.160 90
402.205 95
402.251 95
402.296 83
402.341 68
402.386 60
402.431 45
402.476 35
402.521 31
402.566 21
402.611 14
402.656 13
402.701 12
402.746 9
402.791 8
402.836 9
402.881 16
402.926 21
402.971 32
403.017 56
403.062 88
403.107 124
403.152 171
403.197 179
403.242 165
403.287 141
403.332 115
403.377 91
403.422 77
403.467 65
403.513 47
403.558 41
403.603 38
403.648 34
403.693 29
403.738 25
403.783 25
403.828 27
403.874 27
403.919 33
403.964 39
404.009 52
404.054 76
404.099 105
404.144 135
404.190 163
404.235 167
404.280 148
404.325 120
404.370 91
404.415 80
404.460 65
404.506 61
404.551 46
404.596 36
404.641 31
404.686 26
404.731 28
404.777 29
404.822 30
404.867 32
404.912 40
404.957 51
405.003 61
405.048 74
405.093 94
405.138 98
405.183 106
405.229 104
405.274 97
405.319 80
405.364 60
405.409 47
405.455 27
405.500 22
405.545 18
405.590 18
405.636 17
405.681 15
405.726 10
405.771 9
405.817 7
405.862 13
405.907 24
405.952 49
405.997 75
406.043 104
406.088 142
406.133 164
406.179 190
406.224 196
406.269 182
406.314 154
406.360 120
406.405 99
406.450 69
406.495 54
406.541 38
406.586 26
406.631 25
406.677 24
406.722 20
406.767 22
406.812 21
406.858 21
406.903 22
406.948 32
406.994 51
407.039 75
407.084 97
407.130 114
407.175 117
407.220 116
407.265 107
407.311 94
407.356 78
407.401 60
407.447 50
407.492 32
407.537 26
407.583 25
407.628 22
407.673 19
407.719 23
407.764 25
407.810 26
407.855 35
407.900 39
407.946 46
407.991 56
408.036 75
408.082 97
408.127 120
408.172 146
408.218 148
408.263 138
408.309 126
408.354 100
408.399 78
408.445 68
408.490 58
408.535 44
408.581 47
408.626 37
408.672 37
408.717 41
408.762 36
408.808 31
408.853 27
408.899 20
408.944 24
408.990 36
409.035 59
409.080 85
409.126 112
409.171 137
409.217 139
409.262 134
409.308 124
409.353 104
409.398 93
409.444 83
409.489 74
409.535 56
409.580 55
409.626 47
409.671 39
409.717 37
409.762 31
409.807 24
409.853 23
409.898 29
409.944 46
409.989 75
410.035 119
410.080 151
410.126 186
410.171 214
410.217 215
410.262 201
410.308 170
410.353 137
410.399 100
410.444 73
410.490 51
410.535 37
410.581 25
410.626 19
410.672 15
410.717 15
410.763 16
410.808 13
410.854 21
410.899 33
410.945 42
410.990 54
411.036 83
411.081 103
411.127 126
411.173 149
411.218 162
411.264 158
411.309 155
411.355 126
411.400 99
411.446 83
411.491 59
411.537 43
411.582 28
411.628 21
411.674 13
411.719 11
411.765 10
411.810 5
411.856 7
411.901 15
411.947 30
411.993 49
412.038 72
412.084 108
412.129 130
412.175 157
412.221 181
412.266 170
412.312 146
412.357 129
412.403 105
412.449 73
412.494 67
412.540 51
412.585 27
412.631 23
412.677 18
412.722 14
412.768 16
412.814 23
412.859 28
412.905 33
412.950 37
412.996 56
413.042 77
413.087 110
413.133 145
413.179 151
413.224 153
413.270 140
413.316 130
413.361 107
413.407 85
413.453 72
413.498 48
413.544 41
413.590 33
413.635 32
413.681 27
413.727 25
413.772 22
413.818 12
413.864 22
413.909 34
413.955 48
414.001 69
414.047 82
414.092 94
414.138 108
414.184 116
414.229 116
414.275 108
414.321 89
414.367 64
414.412 46
414.458 33
414.504 21
414.549 18
414.595 18
414.641 18
414.687 22
414.732 23
414.778 35
414.824 38
414.870 39
414.915 44
414.961 48
415.007 70
415.053 100
415.098 130
415.144 159
415.190 172
415.236 167
415.281 162
415.327 148
415.373 123
415.419 99
415.464 72
415.510 48
415.556 36
415.602 35
415.648 27
415.693 24
415.739 21
415.785 16
415.831 20
415.877 25
415.922 34
415.968 54
416.014 83
416.060 106
416.106 135
416.151 144
416.197 155
416.243 145
416.289 130
416.335 98
416.381 70
416.426 52
416.472 29
416.518 22
416.564 9
416.610 14
416.656 19
416.701 24
416.747 36
416.793 38
416.839 37
416.885 39
416.931 40
416.977 47
417.022 70
417.068 96
417.114 131
417.160 175
417.206 195
417.252 200
417.298 192
417.344 176
417.389 147
417.435 124
417.481 93
417.527 65
417.573 53
417.619 43
417.665 31
417.711 23
417.757 21
417.803 21
417.848 25
417.894 32
417.940 44
417.986 59
418.032 86
418.078 110
418.124 131
418.170 153
418.216 177
418.262 195
418.308 188
418.354 159
418.400 114
418.445 76
418.491 53
418.537 49
418.583 26
418.629 14
418.675 12
418.721 15
418.767 20
418.813 23
418.859 27
418.905 34
418.951 46
418.997 64
419.043 87
419.089 111
419.135 134
419.181 153
419.227 161
419.273 169
419.319 168
419.365 152
419.411 138
419.457 107
419.503 80
419.549 59
419.595 49
419.641 48
419.687 44
419.733 47
419.779 50
419.825 53
419.871 56
419.917 49
419.963 49
420.009 56
420.055 70
420.101 94
420.147 107
420.193 113
420.239 116
420.285 105
420.331 97
420.377 80
420.423 61
420.469 37
420.516 25
420.562 17
420.608 9
420.654 8
420.700 6
420.746 8
420.792 11
420.838 17
420.884 24
420.930 37
420.976 49
421.022 69
421.068 87
421.115 105
421.161 126
421.207 127
421.253 124
421.299 109
421.345 88
421.391 72
421.437 56
421.483 45
421.529 26
421.576 19
421.622 12
421.668 11
421.714 11
421.760 11
421.806 16
421.852 18
421.898 20
421.945 31
421.991 40
422.037 73
422.083 100
422.129 134
422.175 165
422.221 186
422.268 197
422.314 179
422.360 142
422.406 103
422.452 75
422.498 57
422.545 47
422.591 43
422.637 34
422.683 33
422.729 31
422.775 30
422.822 25
422.868 21
422.914 28
422.960 35
423.006 43
423.053 59
423.099 77
423.145 97
423.191 105
423.237 119
423.284 117
423.330 97
423.376 83
423.422 58
423.469 40
423.515 36
423.561 31
423.607 30
423.653 31
423.700 32
423.746 35
423.792 32
423.838 33
423.885 27
423.931 24
423.977 33
424.023 55
424.070 88
424.116 130
424.162 176
424.208 215
424.255 217
424.301 212
424.347 185
424.393 138
424.440 112
424.486 80
424.532 52
424.579 34
424.625 27
424.671 20
424.717 17
424.764 19
424.810 20
424.856 24
424.903 29
424.949 41
424.995 68
425.042 106
425.088 144
425.134 183
425.180 210
425.227 220
425.273 219
425.319 196
425.366 153
425.412 119
425.458 80
425.505 53
425.551 41
425.597 28
425.644 19
425.690 24
425.736 26
425.783 22
425.829 23
425.875 21
425.922 22
425.968 30
426.015 52
426.061 82
426.107 116
426.154 151
426.200 170
426.246 184
426.293 166
426.339 139
426.386 109
426.432 74
426.478 57
426.525 46
426.571 36
426.617 31
426.664 26
426.710 23
426.757 18
426.803 14
426.849 14
426.896 15
426.942 12
426.989 22
427.035 48
427.082 77
427.128 119
427.174 166
427.221 181
427.267 209
427.314 205
427.360 174
427.407 141
427.453 107
427.499 73
427.546 55
427.592 47
427.639 32
427.685 21
427.732 18
427.778 19
427.825 21
427.871 26
427.917 32
427.964 41
428.010 63
428.057 95
428.103 140
428.150 184
428.196 210
428.243 227
428.289 218
428.336 188
428.382 165
428.429 128
428.475 91
428.522 64
428.568 37
428.615 27
428.661 24
428.708 23
428.754 16
428.801 20
428.847 19
428.894 23
428.940 27
428.987 38
429.033 51
429.080 78
429.126 114
429.173 142
429.220 170
429.266 181
429.313 187
429.359 170
429.406 142
429.452 110
429.499 75
429.545 51
429.592 34
429.638 31
429.685 26
429.732 29
429.778 27
429.825 26
429.871 25
429.918 26
429.964 31
430.011 47
430.058 63
430.104 92
430.151 130
430.197 156
430.244 186
430.291 201
430.337 180
430.384 165
430.430 139
430.477 100
430.524 65
430.570 44
430.617 21
430.663 12
430.710 10
430.757 11
430.803 10
430.850 9
430.897 16
430.943 22
430.990 28
431.036 45
431.083 79
431.130 121
431.176 164
431.223 204
431.270 224
431.316 222
431.363 197
431.410 158
431.456 110
431.503 80
431.550 55
431.596 36
431.643 23
431.690 16
431.736 17
431.783 14
431.830 14
431.876 16
431.923 18
431.970 25
432.016 42
432.063 69
432.110 108
432.156 149
432.203 191
432.250 224
432.297 236
432.343 211
432.390 180
432.437 137
432.483 99
432.530 76
432.577 51
432.624 35
432.670 22
432.717 22
432.764 14
432.810 12
432.857 5
432.904 7
432.951 19
432.997 32
433.044 55
433.091 82
433.138 119
433.184 151
433.231 181
433.278 198
433.325 192
433.371 173
433.418 141
433.465 102
433.512 74
433.558 58
433.605 44
433.652 27
433.699 20
433.746 17
433.792 16
433.839 21
433.886 27
433.933 45
433.980 70
434.026 106
434.073 152
434.120 192
434.167 221
434.214 242
434.260 256
434.307 228
434.354 191
434.401 152
434.448 104
434.494 79
434.541 60
434.588 49
434.635 39
434.682 41
434.729 37
434.775 35
434.822 33
434.869 32
434.916 36
434.963 46
435.010 65
435.057 90
435.103 111
435.150 131
435.197 154
435.244 158
435.291 158
435.338 140
435.385 108
435.431 84
435.478 57
435.525 46
435.572 30
435.619 22
435.666 13
435.713 12
435.760 10
435.807 12
435.853 11
435.900 23
435.947 46
435.994 73
436.041 109
436.088 158
436.135 201
436.182 230
436.229 254
436.276 235
436.323 206
436.369 170
436.416 131
436.463 105
436.510 87
436.557 75
436.604 58
436.651 47
436.698 44
436.745 42
436.792 45
436.839 35
436.886 32
436.933 30
436.980 33
437.027 40
437.074 62
437.121 85
437.168 110
437.215 121
437.262 121
437.309 116
437.355 101
437.402 77
437.449 58
437.496 46
437.543 30
437.590 23
437.637 18
437.684 16
437.731 15
437.778 11
437.825 10
437.872 12
437.919 17
437.966 26
438.013 47
438.060 79
438.107 114
438.155 164
438.202 195
438.249 213
438.296 229
438.343 206
438.390 173
438.437 140
438.484 106
438.531 78
438.578 57
438.625 47
438.672 33
438.719 30
438.766 24
438.813 23
438.860 18
438.907 19
438.954 24
439.001 27
439.048 40
439.095 69
439.143 91
439.190 120
439.237 147
439.284 154
439.331 145
439.378 140
439.425 125
439.472 98
439.519 78
439.566 54
439.613 32
439.661 23
439.708 26
439.755 29
439.802 36
439.849 38
439.896 48
439.943 57
439.990 71
440.037 92
440.085 121
440.132 155
440.179 191
440.226 197
440.273 187
440.320 165
440.367 143
440.415 129
440.462 109
440.509 87
440.556 65
440.603 48
440.650 40
440.697 38
440.745 40
440.792 42
440.839 42
440.886 44
440.933 45
440.980 52
441.028 70
441.075 90
441.122 129
441.169 175
441.216 193
441.264 204
441.311 216
441.358 194
441.405 164
441.452 133
441.500 99
441.547 70
441.594 63
441.641 49
441.688 35
441.736 31
441.783 28
441.830 27
441.877 29
441.925 32
441.972 39
442.019 51
442.066 68
442.113 86
442.161 126
442.208 168
442.255 190
442.302 214
442.350 200
442.397 169
442.444 147
442.491 108
442.539 87
442.586 70
442.633 52
442.680 31
442.728 21
442.775 19
442.822 14
442.870 7
442.917 6
442.964 11
443.011 25
443.059 45
443.106 77
443.153 112
443.201 142
443.248 171
443.295 178
443.342 173
443.390 159
443.437 125
443.484 98
443.532 78
443.579 57
443.626 43
443.674 36
443.721 33
443.768 37
443.816 38
443.863 38
443.910 36
443.958 33
444.005 42
444.052 57
444.100 92
444.147 150
444.194 201
444.242 236
444.289 257
444.336 259
444.384 233
444.431 197
444.478 147
444.526 106
444.573 74
444.621 49
444.668 46
444.715 36
444.763 35
444.810 27
444.857 23
444.905 28
444.952 29
445.000 32
445.047 48
445.094 75
445.142 110
445.189 162
445.237 200
445.284 232
445.331 245
445.379 243
445.426 206
445.474 155
445.521 122
445.569 82
445.616 64
445.663 33
445.711 20
445.758 17
445.806 16
445.853 15
445.901 21
445.948 32
445.995 44
446.043 67
446.090 110
446.138 164
446.185 213
446.233 278
446.280 298
446.328 310
446.375 282
446.423 238
446.470 192
446.517 142
446.565 114
446.612 73
446.660 57
446.707 49
446.755 44
446.802 44
446.850 40
446.897 42
446.945 36
446.992 41
447.040 53
447.087 76
447.135 111
447.182 136
447.230 168
447.277 188
447.325 195
447.372 205
447.420 169
447.467 141
447.515 105
447.563 74
447.610 57
447.658 52
447.705 48
447.753 34
447.800 35
447.848 36
447.895 38
447.943 35
447.990 38
448.038 40
448.086 51
448.133 67
448.181 89
448.228 116
448.276 135
448.323 149
448.371 135
448.418 117
448.466 98
448.514 71
448.561 55
448.609 39
448.656 30
448.704 22
448.752 22
448.799 19
448.847 16
448.894 14
448.942 23
448.990 30
449.037 49
449.085 70
449.132 92
449.180 118
449.228 135
449.275 154
449.323 150
449.371 144
449.418 125
449.466 113
449.513 104
449.561 81
449.609 71
449.656 60
449.704 52
449.752 45
449.799 36
449.847 27
449.895 26
449.942 31
449.990 43
450.038 53
450.085 81
450.133 111
450.181 143
450.228 160
450.276 179
450.324 173
450.371 153
450.419 136
450.467 99
450.514 70
450.562 50
450.610 34
450.657 21
450.705 19
450.753 23
450.800 26
450.848 32
450.896 40
450.944 53
450.991 62
451.039 80
451.087 117
451.134 139
451.182 183
451.230 197
451.278 195
451.325 185
451.373 168
451.421 139
451.469 96
451.516 73
451.564 52
451.612 40
451.660 36
451.707 36
451.755 28
451.803 31
451.851 36
451.898 42
451.946 54
451.994 64
452.042 87
452.089 123
452.137 170
452.185 216
452.233 265
452.280 298
452.328 299
452.376 284
452.424 249
452.472 199
452.519 145
452.567 110
452.615 82
452.663 61
452.711 52
452.758 50
452.806 54
452.854 50
452.902 43
452.950 43
452.997 42
453.045 53
453.093 71
453.141 102
453.189 130
453.237 154
453.284 181
453.332 167
453.380 146
453.428 118
453.476 90
453.524 71
453.571 56
453.619 48
453.667 32
453.715 34
453.763 28
453.811 27
453.859 23
453.907 25
453.954 26
454.002 35
454.050 48
454.098 79
454.146 116
454.194 160
454.242 193
454.290 221
454.337 223
454.385 207
454.433 189
454.481 139
454.529 102
454.577 70
454.625 46
454.673 33
454.721 32
454.769 33
454.816 35
454.864 41
454.912 47
454.960 54
455.008 58
455.056 69
455.104 85
455.152 111
455.200 131
455.248 152
455.296 168
455.344 159
455.392 148
455.440 123
455.488 96
455.536 72
455.583 54
455.631 45
455.679 34
455.727 29
455.775 25
455.823 21
455.871 17
455.919 18
455.967 23
456.015 36
456.063 58
456.111 89
456.159 114
456.207 150
456.255 181
456.303 191
456.351 212
456.399 195
456.447 157
456.495 128
456.543 92
456.591 65
456.639 46
456.687 38
456.735 26
456.783 23
456.831 25
456.879 29
456.927 30
456.975 39
457.023 48
457.071 63
457.119 90
457.167 113
457.215 155
457.264 179
457.312 210
457.360 205
457.408 184
457.456 153
457.504 118
457.552 96
457.600 75
457.648 70
457.696 57
457.744 52
457.792 37
457.840 27
457.888 19
457.936 12
457.985 13
458.033 22
458.081 35
458.129 66
458.177 105
458.225 139
458.273 171
458.321 193
458.369 205
458.417 187
458.466 159
458.514 115
458.562 79
458.610 65
458.658 45
458.706 43
458.754 34
458.802 29
458.850 31
458.899 28
458.947 30
458.995 36
459.043 41
459.091 46
459.139 63
459.187 84
459.236 108
459.284 129
459.332 139
459.380 133
459.428 124
459.476 98
459.525 75
459.573 61
459.621 43
459.669 38
459.717 36
459.765 39
459.814 47
459.862 53
459.910 46
459.958 45
460.006 44
460.055 53
460.103 76
460.151 109
460.199 150
460.247 200
460.296 236
460.344 248
460.392 266
460.440 236
460.488 197
460.537 156
460.585 111
460.633 77
460.681 53
460.730 44
460.778 31
460.826 27
460.874 32
460.922 36
460.971 40
461.019 45
461.067 56
461.115 75
461.164 101
461.212 128
461.260 164
461.308 180
461.357 191
461.405 201
461.453 186
461.502 153
461.550 123
461.598 88
461.646 70
461.695 62
461.743 47
461.791 38
461.839 33
461.888 30
461.936 27
461.984 27
462.033 44
462.081 74
462.129 101
462.178 133
462.226 165
462.274 181
462.322 192
462.371 180
462.419 151
462.467 128
462.516 94
462.564 76
462.612 54
462.661 42
462.709 30
462.757 18
462.806 13
462.854 14
462.902 17
462.951 21
462.999 23
463.047 33
463.096 40
463.144 58
463.193 81
463.241 112
463.289 133
463.338 143
463.386 148
463.434 128
463.483 114
463.531 108
463.580 88
463.628 73
463.676 60
463.725 49
463.773 41
463.821 43
463.870 40
463.918 38
463.967 39
464.015 41
464.063 42
464.112 67
464.160 99
464.209 140
464.257 185
464.306 202
464.354 215
464.402 189
464.451 143
464.499 102
464.548 73
464.596 54
464.645 47
464.693 47
464.741 45
464.790 49
464.838 52
464.887 53
464.935 52
464.984 53
465.032 64
465.081 83
465.129 95
465.177 112
465.226 126
465.274 139
465.323 145
465.371 134
465.420 120
465.468 97
465.517 80
465.565 57
465.614 40
465.662 30
465.711 19
465.759 12
465.808 8
465.856 8
465.905 6
465.953 7
466.002 11
466.050 22
466.099 37
466.147 78
466.196 113
466.244 161
466.293 202
466.341 195
466.390 187
466.438 169
466.487 134
466.535 104
466.584 78
466.633 50
466.681 32
466.730 32
466.778 27
466.827 21
466.875 22
466.924 23
466.972 27
467.021 32
467.070 40
467.118 63
467.167 91
467.215 124
467.264 141
467.312 147
467.361 133
467.410 104
467.458 87
467.507 69
467.555 54
467.604 38
467.652 28
467.701 26
467.750 26
467.798 25
467.847 19
467.895 15
467.944 6
467.993 8
468.041 15
468.090 30
468.139 54
468.187 94
468.236 139
468.284 192
468.333 237
468.382 234
468.430 220
468.479 172
468.528 121
468.576 86
468.625 59
468.674 50
468.722 35
468.771 29
468.819 20
468.868 24
468.917 22
468.965 34
469.014 40
469.063 53
469.111 75
469.160 103
469.209 119
469.257 137
469.306 155
469.355 143
469.404 124
469.452 93
469.501 64
469.550 50
469.598 36
469.647 28
469.696 13
469.744 12
469.793 12
469.842 16
469.890 20
469.939 22
469.988 24
470.037 31
470.085 39
470.134 57
470.183 85
470.232 112
470.280 143
470.329 161
470.378 152
470.426 142
470.475 123
470.524 100
470.573 90
470.621 78
470.670 64
470.719 53
470.768 49
470.816 50
470.865 55
470.914 59
470.963 63
471.012 66
471.060 69
471.109 83
471.158 102
471.207 137
471.255 178
471.304 189
471.353 188
471.402 169
471.451 148
471.499 123
471.548 94
471.597 79
471.646 46
471.695 36
471.743 25
471.792 20
471.841 13
471.890 12
471.939 15
471.987 20
472.036 28
472.085 44
472.134 65
472.183 88
472.232 117
472.280 166
472.329 175
472.378 186
472.427 182
472.476 149
472.525 117
472.573 93
472.622 68
472.671 38
472.720 36
472.769 32
472.818 28
472.867 29
472.916 28
472.964 27
473.013 27
473.062 38
473.111 55
473.160 84
473.209 118
473.258 159
473.307 190
473.355 218
473.404 217
473.453 198
473.502 168
473.551 123
473.600 91
473.649 58
473.698 36
473.747 25
473.796 17
473.844 17
473.893 15
473.942 21
473.991 25
474.040 27
474.089 46
474.138 72
474.187 108
474.236 142
474.285 181
474.334 194
474.383 209
474.432 189
474.481 152
474.530 119
474.579 90
474.628 73
474.676 61
474.725 61
474.774 53
474.823 50
474.872 43
474.921 42
474.970 38
475.019 36
475.068 40
475.117 47
475.166 76
475.215 117
475.264 152
475.313 190
475.362 213
475.411 197
475.460 183
475.509 147
475.558 106
475.607 79
475.656 52
475.705 39
475.754 27
475.803 25
475.852 21
475.901 18
475.950 17
475.999 15
476.048 15
476.097 19
476.146 34
476.195 51
476.245 81
476.294 105
476.343 127
476.392 147
476.441 145
476.490 127
476.539 109
476.588 91
476.637 71
476.686 56
476.735 45
476.784 30
476.833 22
476.882 17
476.931 18
476.980 13
477.030 15
477.079 19
477.128 25
477.177 36
477.226 46
477.275 68
477.324 92
477.373 97
477.422 102
477.471 92
477.521 78
477.570 67
477.619 53
477.668 42
477.717 27
477.766 18
477.815 16
477.864 15
477.913 18
477.963 23
478.012 34
478.061 47
478.110 75
478.159 99
478.208 124
478.257 151
478.307 175
478.356 179
478.405 177
478.454 172
478.503 139
478.552 107
478.602 80
478.651 49
478.700 33
478.749 35
478.798 32
478.847 31
478.897 31
478.946 31
478.995 38
479.044 53
479.093 77
479.142 93
479.192 107
479.241 120
479.290 133
479.339 130
479.388 134
479.438 121
479.487 96
479.536 70
479.585 57
479.635 40
479.684 27
479.733 31
479.782 29
479.831 35
479.881 39
479.930 41
479.979 43
480.028 46
480.078 55
480.127 72
480.176 95
480.225 123
480.275 157
480.324 182
480.373 200
480.422 184
480.472 162
480.521 126
480.570 89
480.619 71
480.669 51
480.718 31
480.767 18
480.817 19
480.866 21
480.915 21
480.964 15
481.014 12
481.063 14
481.112 22
481.162 37
481.211 68
481.260 97
481.309 108
481.359 127
481.408 129
481.457 120
481.507 108
481.556 89
481.605 65
481.655 45
481.704 38
481.753 37
481.803 34
481.852 36
481.901 31
481.951 28
482.000 33
482.049 39
482.099 59
482.148 87
482.197 112
482.247 143
482.296 156
482.345 169
482.395 153
482.444 143
482.494 133
482.543 102
482.592 79
482.642 44
482.691 30
482.740 20
482.790 19
482.839 15
482.889 11
482.938 16
482.987 19
483.037 27
483.086 35
483.136 54
483.185 78
483.234 103
483.284 131
483.333 143
483.383 149
483.432 148
483.481 125
483.531 101
483.580 72
483.630 44
483.679 31
483.728 27
483.778 28
483.827 28
483.877 31
483.926 29
483.976 29
484.025 28
484.075 39
484.124 51
484.173 68
484.223 88
484.272 118
484.322 143
484.371 149
484.421 156
484.470 132
484.520 116
484.569 100
484.619 81
484.668 56
484.718 43
484.767 36
484.817 22
484.866 20
484.916 19
484.965 20
485.015 29
485.064 38
485.114 48
485.163 64
485.213 94
485.262 112
485.312 136
485.361 143
485.411 158
485.460 148
485.510 124
485.559 98
485.609 56
485.658 43
485.708 34
485.757 35
485.807 33
485.856 31
485.906 25
485.955 22
486.005 17
486.055 26
486.104 51
486.154 81
486.203 125
486.253 175
486.302 204
486.352 230
486.401 252
486.451 238
486.501 202
486.550 164
486.600 120
486.649 91
486.699 79
486.748 60
486.798 50
486.848 38
486.897 34
486.947 32
486.996 27
487.046 32
487.096 52
487.145 77
487.195 115
487.244 160
487.294 192
487.344 224
487.393 239
487.443 218
487.493 179
487.542 137
487.592 93
487.641 64
487.691 59
487.741 45
487.790 36
487.840 35
487.890 30
487.939 27
487.989 22
488.039 24
488.088 38
488.138 63
488.188 91
488.237 123
488.287 164
488.337 185
488.386 204
488.436 199
488.486 181
488.535 152
488.585 134
488.635 98
488.684 70
488.734 52
488.784 37
488.833 29
488.883 24
488.933 22
488.982 19
489.032 20
489.082 25
489.132 29
489.181 42
489.231 65
489.281 100
489.330 128
489.380 153
489.430 153
489.480 133
489.529 116
489.579 96
489.629 77
489.678 61
489.728 42
489.778 36
489.828 25
489.877 23
489.927 23
489.977 24
490.027 22
490.076 28
490.126 41
490.176 56
490.226 89
490.275 129
490.325 163
490.375 186
490.425 185
490.475 172
490.524 151
490.574 117
490.624 98
490.674 78
490.723 59
490.773 47
490.823 39
490.873 34
490.923 32
490.972 24
491.022 20
491.072 18
491.122 23
491.172 27
491.222 39
491.271 55
491.321 74
491.371 89
491.421 98
491.471 98
491.520 88
491.570 71
491.620 55
491.670 40
491.720 32
491.770 22
491.819 19
491.869 22
491.919 25
491.969 27
492.019 24
492.069 22
492.119 31
492.168 50
492.218 74
492.268 103
492.318 124
492.368 125
492.418 128
492.468 109
492.518 98
492.567 84
492.617 63
492.667 53
492.717 39
492.767 40
492.817 33
492.867 31
492.917 30
492.967 34
493.017 30
493.066 28
493.116 32
493.166 37
493.216 53
493.266 71
493.316 93
493.366 110
493.416 117
493.466 108
493.516 95
493.566 76
493.616 60
493.666 48
493.715 39
493.765 30
493.815 24
493.865 24
493.915 21
493.965 20
494.015 26
494.065 37
494.115 57
494.165 82
494.215 119
494.265 154
494.315 187
494.365 219
494.415 230
494.465 220
494.515 179
494.565 140
494.615 100
494.665 72
494.715 54
494.765 42
494.815 31
494.865 24
494.915 20
494.965 10
495.015 12
495.065 22
495.115 33
495.165 44
495.215 57
495.265 81
495.315 98
495.365 111
495.415 138
495.465 132
495.515 120
495.565 110
495.615 82
495.665 65
495.715 58
495.765 49
495.815 39
495.865 36
495.915 30
495.965 24
496.016 24
496.066 22
496.116 22
496.166 29
496.216 42
496.266 61
496.316 77
496.366 106
496.416 128
496.466 128
496.516 125
496.566 107
496.616 86
496.667 62
496.717 48
496.767 40
496.817 34
496.867 32
496.917 31
496.967 33
497.017 30
497.067 31
497.117 39
497.168 47
497.218 64
497.268 88
497.318 107
497.368 117
497.418 116
497.468 111
497.518 95
497.569 86
497.619 73
497.669 59
497.719 42
497.769 29
497.819 24
497.869 26
497.920 24
497.970 23
498.020 24
498.070 33
498.120 46
498.170 74
498.221 106
498.271 128
498.321 163
498.371 185
498.421 194
498.472 173
498.522 143
498.572 118
498.622 85
498.672 70
498.722 58
498.773 43
498.823 31
498.873 28
498.923 23
498.973 19
499.024 23
499.074 27
499.124 39
499.174 51
499.225 68
499.275 92
499.325 122
499.375 145
499.425 170
499.476 171
499.526 150
499.576 123
499.626 87
499.677 61
499.727 49
499.777 41
499.827 41
499.878 43
499.928 51
499.978 60
500.028 58
500.079 64
500.129 67
500.179 76
500.230 82
500.280 100
500.330 113
500.380 120
500.431 130
500.481 136
500.531 130
500.582 112
500.632 83
500.682 59
500.732 43
500.783 33
500.833 39
500.883 31
500.934 34
500.984 33
501.034 32
501.085 37
501.135 46
501.185 60
501.236 77
501.286 83
501.336 92
501.387 103
501.437 114
501.487 123
501.538 110
501.588 88
501.638 81
501.689 68
501.739 60
501.789 54
501.840 40
501.890 30
501.940 32
501.991 39
502.041 37
502.091 43
502.142 60
502.192 85
502.243 112
502.293 158
502.343 193
502.394 211
502.444 241
502.494 234
502.545 205
502.595 164
502.646 121
502.696 80
502.746 54
502.797 42
502.847 26
502.898 24
502.948 24
502.998 29
503.049 30
503.099 35
503.150 41
503.200 57
503.251 77
503.301 97
503.351 108
503.402 127
503.452 127
503.503 115
503.553 96
503.604 75
503.654 56
503.705 40
503.755 38
503.805 32
503.856 23
503.906 18
503.957 19
504.007 17
504.058 26
504.108 31
504.159 41
504.209 57
504.260 76
504.310 112
504.361 141
504.411 161
504.462 150
504.512 139
504.563 112
504.613 83
504.664 77
504.714 66
504.765 55
504.815 54
504.866 58
504.916 48
504.967 46
505.017 44
505.068 44
505.118 51
505.169 66
505.219 89
505.270 109
505.320 126
505.371 133
505.421 138
505.472 126
505.522 108
505.573 85
505.623 58
505.674 39
505.725 32
505.775 25
505.826 16
505.876 14
505.927 15
505.977 17
506.028 17
506.078 32
506.129 55
506.180 80
506.230 112
506.281 137
506.331 159
506.382 175
506.433 183
506.483 166
506.534 142
506.584 110
506.635 74
506.686 51
506.736 30
506.787 24
506.837 17
506.888 18
506.939 15
506.989 19
507.040 27
507.090 35
507.141 55
507.192 70
507.242 81
507.293 96
507.344 94
507.394 100
507.445 104
507.495 107
507.546 96
507.597 83
507.647 55
507.698 35
507.749 26
507.799 22
507.850 18
507.901 23
507.951 25
508.002 36
508.053 42
508.103 55
508.154 73
508.205 98
508.255 129
508.306 163
508.357 193
508.407 216
508.458 239
508.509 216
508.559 183
508.610 142
508.661 90
508.712 64
508.762 54
508.813 48
508.864 33
508.914 24
508.965 20
509.016 15
509.067 10
509.117 12
509.168 20
509.219 30
509.269 54
509.320 65
509.371 75
509.422 73
509.472 75
509.523 64
509.574 52
509.625 43
509.675 25
509.726 19
509.777 13
509.828 12
509.878 11
509.929 9
509.980 11
510.031 11
510.081 12
510.132 16
510.183 28
510.234 47
510.285 69
510.335 101
510.386 120
510.437 123
510.488 123
510.539 118
510.589 91
510.640 78
510.691 57
510.742 41
510.793 32
510.843 32
510.894 28
510.945 25
510.996 24
511.047 24
511.097 24
511.148 23
511.199 27
511.250 37
511.301 49
511.352 66
511.402 77
511.453 81
511.504 79
511.555 76
511.606 59
511.657 45
511.707 33
511.758 20
511.809 13
511.860 11
511.911 12
511.962 16
512.013 20
512.064 30
512.114 40
512.165 59
512.216 90
512.267 131
512.318 175
512.369 208
512.420 221
512.471 216
512.521 217
512.572 191
512.623 148
512.674 111
512.725 63
512.776 38
512.827 26
512.878 23
512.929 16
512.980 12
513.031 12
513.081 18
513.132 24
513.183 36
513.234 53
513.285 69
513.336 88
513.387 108
513.438 113
513.489 109
513.540 106
513.591 90
513.642 58
513.693 44
513.744 28
513.795 19
513.846 14
513.897 18
513.947 18
513.998 21
514.049 32
514.100 42
514.151 60
514.202 87
514.253 124
514.304 156
514.355 193
514.406 204
514.457 198
514.508 175
514.559 153
514.610 121
514.661 91
514.712 71
514.763 51
514.814 37
514.865 30
514.916 26
514.967 25
515.018 22
515.069 23
515.120 27
515.171 30
515.222 37
515.273 62
515.324 86
515.376 100
515.427 125
515.478 138
515.529 133
515.580 125
515.631 121
515.682 89
515.733 65
515.784 51
515.835 29
515.886 22
515.937 24
515.988 32
516.039 30
516.090 35
516.141 38
516.192 48
516.243 76
516.295 109
516.346 156
516.397 195
516.448 220
516.499 222
516.550 191
516.601 153
516.652 122
516.703 89
516.754 63
516.806 43
516.857 31
516.908 21
516.959 20
517.010 19
517.061 12
517.112 14
517.163 20
517.214 38
517.266 57
517.317 85
517.368 109
517.419 131
517.470 147
517.521 145
517.572 124
517.624 87
517.675 63
517.726 39
517.777 35
517.828 31
517.879 26
517.931 18
517.982 16
518.033 15
518.084 28
518.135 47
518.186 70
518.238 103
518.289 130
518.340 166
518.391 202
518.442 228
518.493 249
518.545 239
518.596 202
518.647 154
518.698 97
518.749 71
518.801 56
518.852 42
518.903 34
518.954 26
519.006 19
519.057 19
519.108 18
519.159 22
519.210 37
519.262 61
519.313 85
519.364 113
519.415 143
519.467 166
519.518 157
519.569 136
519.620 102
519.672 67
519.723 52
519.774 40
519.825 32
519.877 25
519.928 18
519.979 22
520.030 20
520.082 18
520.133 18
520.184 22
520.236 37
520.287 56
520.338 78
520.389 93
520.441 104
520.492 117
520.543 112
520.595 105
520.646 81
520.697 62
520.748 41
520.800 23
520.851 20
520.902 15
520.954 16
521.005 11
521.056 12
521.108 12
521.159 19
521.210 41
521.262 63
521.313 77
521.364 95
521.416 106
521.467 109
521.518 122
521.570 115
521.621 92
521.672 76
521.724 53
521.775 37
521.826 27
521.878 22
521.929 14
521.980 9
522.032 11
522.083 11
522.135 15
522.186 30
522.237 43
522.289 64
522.340 87
522.391 97
522.443 112
522.494 114
522.546 111
522.597 102
522.648 91
522.700 72
522.751 50
522.803 40
522.854 25
522.905 29
522.957 25
523.008 24
523.060 28
523.111 27
523.163 34
523.214 47
523.265 60
523.317 76
523.368 92
523.420 94
523.471 93
523.523 87
523.574 68
523.625 57
523.677 49
523.728 39
523.780 31
523.831 25
523.883 23
523.934 23
523.986 23
524.037 24
524.089 26
524.140 32
524.192 38
524.243 54
524.295 74
524.346 91
524.397 100
524.449 102
524.500 111
524.552 108
524.603 98
524.655 86
524.706 67
524.758 54
524.809 51
524.861 51
524.912 39
524.964 34
525.015 35
525.067 34
525.119 35
525.170 37
525.222 48
525.273 66
525.325 90
525.376 116
525.428 126
525.479 124
525.531 116
525.582 90
525.634 62
525.685 45
525.737 32
525.789 20
525.840 9
525.892 6
525.943 7
525.995 8
526.046 12
526.098 16
526.149 20
526.201 28
526.253 36
526.304 46
526.356 69
526.407 87
526.459 94
526.511 107
526.562 103
526.614 90
526.665 79
526.717 63
526.769 45
526.820 39
526.872 35
526.923 28
526.975 22
527.027 21
527.078 18
527.130 22
527.181 27
527.233 35
527.285 47
527.336 68
527.388 75
527.440 75
527.491 69
527.543 52
527.595 46
527.646 38
527.698 32
527.749 24
527.801 15
527.853 16
527.904 14
527.956 13
528.008 16
528.059 14
528.111 18
528.163 28
528.214 53
528.266 83
528.318 119
528.369 147
528.421 151
528.473 157
528.525 146
528.576 127
528.628 104
528.680 76
528.731 51
528.783 33
528.835 25
528.886 20
528.938 14
528.990 11
529.042 13
529.093 18
529.145 23
529.197 34
529.248 49
529.300 66
529.352 91
529.404 116
529.455 138
529.507 142
529.559 145
529.611 131
529.662 95
529.714 78
529.766 56
529.818 39
529.869 27
529.921 26
529.973 23
530.025 22
530.076 19
530.128 18
530.180 23
530.232 31
530.283 52
530.335 84
530.387 121
530.439 153
530.491 172
530.542 164
530.594 155
530.646 128
530.698 107
530.750 83
530.801 70
530.853 52
530.905 40
530.957 36
531.009 31
531.060 32
531.112 29
531.164 38
531.216 49
531.268 62
531.319 77
531.371 87
531.423 94
531.475 109
531.527 108
531.579 96
531.631 82
531.682 63
531.734 56
531.786 56
531.838 61
531.890 53
531.942 54
531.993 50
532.045 49
532.097 45
532.149 43
532.201 46
532.253 62
532.305 85
532.357 109
532.408 115
532.460 131
532.512 130
532.564 106
532.616 88
532.668 58
532.720 40
532.772 28
532.824 27
532.875 23
532.927 26
532.979 35
533.031 39
533.083 42
533.135 37
533.187 36
533.239 41
533.291 49
533.343 69
533.395 79
533.447 85
533.499 83
533.550 84
533.602 85
533.654 71
533.706 70
533.758 54
533.810 45
533.862 36
533.914 30
533.966 29
534.018 33
534.070 29
534.122 29
534.174 31
534.226 44
534.278 60
534.330 80
534.382 93
534.434 107
534.486 120
534.538 121
534.590 117
534.642 100
534.694 74
534.746 51
534.798 42
534.850 36
534.902 32
534.954 36
535.006 31
535.058 29
535.110 28
535.162 24
535.214 31
535.266 44
535.318 61
535.370 75
535.422 90
535.474 98
535.526 91
535.578 84
535.630 85
535.682 76
535.734 63
535.786 54
535.838 39
535.890 37
535.942 32
535.994 23
536.046 20
536.098 17
536.151 20
536.203 22
536.255 32
536.307 54
536.359 77
536.411 97
536.463 111
536.515 116
536.567 104
536.619 94
536.671 74
536.723 59
536.775 50
536.828 36
536.880 26
536.932 16
536.984 14
537.036 12
537.088 14
537.140 20
537.192 28
537.244 40
537.297 56
537.349 72
537.401 86
537.453 107
537.505 113
537.557 108
537.609 92
537.661 68
537.714 50
537.766 37
537.818 33
537.870 23
537.922 17
537.974 17
538.027 20
538.079 23
538.131 25
538.183 29
538.235 34
538.287 54
538.340 76
538.392 92
538.444 108
538.496 110
538.548 100
538.600 88
538.653 65
538.705 42
538.757 38
538.809 32
538.861 22
538.914 20
538.966 11
539.018 10
539.070 11
539.122 7
539.175 13
539.227 20
539.279 33
539.331 50
539.383 66
539.436 83
539.488 89
539.540 89
539.592 89
539.645 83
539.697 77
539.749 74
539.801 58
539.854 42
539.906 34
539.958 29
540.010 23
540.063 17
540.115 19
540.167 17
540.219 24
540.272 41
540.324 64
540.376 90
540.428 113
540.481 145
540.533 153
540.585 159
540.638 150
540.690 113
540.742 88
540.794 60
540.847 46
540.899 36
540.951 39
541.004 41
541.056 38
541.108 36
541.161 39
541.213 47
541.265 49
541.317 61
541.370 76
541.422 88
541.474 114
541.527 122
541.579 125
541.631 121
541.684 96
541.736 81
541.788 66
541.841 45
541.893 38
541.945 40
541.998 37
542.050 30
542.103 25
542.155 23
542.207 26
542.260 34
542.312 48
542.364 67
542.417 83
542.469 101
542.521 99
542.574 93
542.626 81
542.679 63
542.731 50
542.783 35
542.836 36
542.888 30
542.941 34
542.993 38
543.045 34
543.098 28
543.150 28
543.203 30
543.255 48
543.307 77
543.360 109
543.412 140
543.465 156
543.517 164
543.570 171
543.622 149
543.674 126
543.727 99
543.779 66
543.832 56
543.884 46
543.937 39
543.989 29
544.041 26
544.094 28
544.146 37
544.199 42
544.251 54
544.304 79
544.356 101
544.409 129
544.461 157
544.514 163
544.566 165
544.619 162
544.671 125
544.724 99
544.776 72
544.829 45
544.881 34
544.933 31
544.986 25
545.038 19
545.091 15
545.143 16
545.196 20
545.248 29
545.301 39
545.354 55
545.406 78
545.459 85
545.511 90
545.564 85
545.616 78
545.669 64
545.721 51
545.774 40
545.826 22
545.879 22
545.931 23
545.984 23
546.036 26
546.089 28
546.142 30
546.194 29
546.247 34
546.299 38
546.352 40
546.404 43
546.457 49
546.509 55
546.562 54
546.615 50
546.667 43
546.720 37
546.772 26
546.825 24
546.878 21
546.930 16
546.983 15
547.035 16
547.088 13
547.140 14
547.193 16
547.246 16
547.298 20
547.351 29
547.404 45
547.456 52
547.509 66
547.561 71
547.614 67
547.667 56
547.719 42
547.772 32
547.825 18
547.877 17
547.930 11
547.982 7
548.035 7
548.088 6
548.140 4
548.193 12
548.246 22
548.298 34
548.351 46
548.404 72
548.456 81
548.509 83
548.562 80
548.614 81
548.667 72
548.720 63
548.772 57
548.825 40
548.878 37
548.930 32
548.983 23
549.036 17
549.088 19
549.141 22
549.194 23
549.247 25
549.299 35
549.352 44
549.405 64
549.457 73
549.510 80
549.563 81
549.616 73
549.668 56
549.721 41
549.774 31
549.826 20
549.879 18
549.932 16
549.985 15
550.037 12
550.090 13
550.143 18
550.196 30
550.248 51
550.301 71
550.354 88
550.407 106
550.459 119
550.512 120
550.565 123
550.618 109
550.671 98
550.723 79
550.776 63
550.829 46
550.882 38
550.934 31
550.987 22
551.040 21
551.093 18
551.146 17
551.198 17
551.251 23
551.304 28
551.357 35
551.410 40
551.462 44
551.515 49
551.568 52
551.621 51
551.674 45
551.726 33
551.779 26
551.832 26
551.885 24
551.938 30
551.991 33
552.043 34
552.096 39
552.149 43
552.202 51
552.255 61
552.308 78
552.361 95
552.413 110
552.466 122
552.519 123
552.572 117
552.625 119
552.678 94
552.731 82
552.783 57
552.836 33
552.889 23
552.942 20
552.995 15
553.048 12
553.101 13
553.154 13
553.207 16
553.259 27
553.312 36
553.365 49
553.418 70
553.471 93
553.524 96
553.577 88
553.630 82
553.683 60
553.736 48
553.789 41
553.841 30
553.894 17
553.947 10
554.000 12
554.053 8
554.106 10
554.159 12
554.212 14
554.265 28
554.318 42
554.371 68
554.424 92
554.477 123
554.530 138
554.583 144
554.636 133
554.689 123
554.742 105
554.795 86
554.847 68
554.900 45
554.953 36
555.006 28
555.059 29
555.112 29
555.165 31
555.218 36
555.271 49
555.324 63
555.377 81
555.430 102
555.483 113
555.536 124
555.589 114
555.642 90
555.695 70
555.748 52
555.801 45
555.854 31
555.907 25
555.961 23
556.014 16
556.067 13
556.120 12
556.173 20
556.226 34
556.279 49
556.332 67
556.385 78
556.438 93
556.491 96
556.544 104
556.597 103
556.650 93
556.703 84
556.756 58
556.809 45
556.862 31
556.915 29
556.968 24
557.022 21
557.075 21
557.128 21
557.181 27
557.234 31
557.287 44
557.340 54
557.393 64
557.446 75
557.499 75
557.552 78
557.606 72
557.659 69
557.712 59
557.765 46
557.818 31
557.871 19
557.924 15
557.977 11
558.031 11
558.084 10
558.137 9
558.190 18
558.243 29
558.296 39
558.349 61
558.402 78
558.456 86
558.509 99
558.562 104
558.615 99
558.668 91
558.721 80
558.775 60
558.828 45
558.881 35
558.934 25
558.987 25
559.040 22
559.094 26
559.147 23
559.200 26
559.253 31
559.306 40
559.360 56
559.413 79
559.466 100
559.519 110
559.572 115
559.626 101
559.679 81
559.732 75
559.785 56
559.838 48
559.892 42
559.945 39
559.998 39
560.051 35
560.104 30
560.158 24
560.211 23
560.264 31
560.317 42
560.371 63
560.424 84
560.477 97
560.530 113
560.584 111
560.637 111
560.690 99
560.743 82
560.797 72
560.850 66
560.903 48
560.956 34
561.010 23
561.063 8
561.116 8
561.169 6
561.223 8
561.276 12
561.329 20
561.383 38
561.436 54
561.489 70
561.543 77
561.596 80
561.649 68
561.702 50
561.756 40
561.809 31
561.862 25
561.916 17
561.969 8
562.022 5
562.076 7
562.129 10
562.182 18
562.236 25
562.289 36
562.342 49
562.396 59
562.449 77
562.502 88
562.556 93
562.609 89
562.662 83
562.716 66
562.769 51
562.822 41
562.876 26
562.929 28
562.982 25
563.036 23
563.089 25
563.143 25
563.196 32
563.249 47
563.303 61
563.356 80
563.409 104
563.463 112
563.516 127
563.570 122
563.623 127
563.676 101
563.730 78
563.783 57
563.837 34
563.890 34
563.943 25
563.997 28
564.050 27
564.104 34
564.157 43
564.210 51
564.264 61
564.317 78
564.371 98
564.424 120
564.478 137
564.531 119
564.585 102
564.638 82
564.691 56
564.745 48
564.798 38
564.852 28
564.905 16
564.959 23
565.012 21
565.066 20
565.119 18
565.173 14
565.226 14
565.279 21
565.333 28
565.386 33
565.440 42
565.493 45
565.547 48
565.600 50
565.654 50
565.707 43
565.761 30
565.814 24
565.868 18
565.921 18
565.975 18
566.028 16
566.082 15
566.135 14
566.189 14
566.242 21
566.296 33
566.349 48
566.403 73
566.457 85
566.510 100
566.564 112
566.617 102
566.671 99
566.724 93
566.778 75
566.831 59
566.885 50
566.938 34
566.992 31
567.046 29
567.099 19
567.153 12
567.206 14
567.260 21
567.313 27
567.367 42
567.421 60
567.474 71
567.528 81
567.581 84
567.635 79
567.688 69
567.742 63
567.796 52
567.849 42
567.903 41
567.956 32
568.010 20
568.064 17
568.117 11
568.171 14
568.224 20
568.278 31
568.332 39
568.385 49
568.439 69
568.493 77
568.546 79
568.600 76
568.653 73
568.707 58
568.761 49
568.814 43
568.868 33
568.922 31
568.975 30
569.029 29
569.083 23
569.136 20
569.190 14
569.244 15
569.297 22
569.351 28
569.405 38
569.458 59
569.512 68
569.566 79
569.619 83
569.673 81
569.727 65
569.780 52
569.834 39
569.888 19
569.941 17
569.995 14
570.049 13
570.103 9
570.156 9
570.210 13
570.264 22
570.317 35
570.371 59
570.425 81
570.479 91
570.532 99
570.586 108
570.640 96
570.693 85
570.747 64
570.801 47
570.855 38
570.908 32
570.962 29
571.016 24
571.070 24
571.123 23
571.177 30
571.231 35
571.285 37
571.338 49
571.392 47
571.446 53
571.500 56
571.554 56
571.607 58
571.661 55
571.715 49
571.769 34
571.822 32
571.876 25
571.930 26
571.984 27
572.038 23
572.091 25
572.145 24
572.199 23
572.253 25
572.307 33
572.360 47
572.414 75
572.468 108
572.522 122
572.576 141
572.629 151
572.683 147
572.737 126
572.791 97
572.845 69
572.899 51
572.952 49
573.006 43
573.060 38
573.114 28
573.168 17
573.222 17
573.276 25
573.329 32
573.383 43
573.437 56
573.491 60
573.545 70
573.599 84
573.653 85
573.707 85
573.760 72
573.814 60
573.868 48
573.922 38
573.976 40
574.030 36
574.084 37
574.138 29
574.191 30
574.245 31
574.299 36
574.353 49
574.407 67
574.461 87
574.515 107
574.569 119
574.623 114
574.677 97
574.731 81
574.785 57
574.838 42
574.892 35
574.946 24
575.000 19
575.054 15
575.108 15
575.162 15
575.216 13
575.270 21
575.324 36
575.378 51
575.432 70
575.486 75
575.540 78
575.594 76
575.648 62
575.702 57
575.756 45
575.810 34
575.864 25
575.918 19
575.972 11
576.026 9
576.080 9
576.134 9
576.187 10
576.241 14
576.295 21
576.349 28
576.403 33
576.457 42
576.512 53
576.566 63
576.620 66
576.674 60
576.728 49
576.782 36
576.836 27
576.890 21
576.944 18
576.998 20
577.052 22
577.106 18
577.160 18
577.214 19
577.268 23
577.322 31
577.376 39
577.430 48
577.484 58
577.538 56
577.592 50
577.646 56
577.700 46
577.754 40
577.808 33
577.863 27
577.917 22
577.971 25
578.025 31
578.079 20
578.133 22
578.187 17
578.241 17
578.295 26
578.349 35
578.403 44
578.457 51
578.512 53
578.566 50
578.620 49
578.674 47
578.728 34
578.782 23
578.836 10
578.890 7
578.944 7
578.999 8
579.053 7
579.107 5
579.161 7
579.215 8
579.269 12
579.323 22
579.378 39
579.432 57
579.486 73
579.540 87
579.594 89
579.648 84
579.702 70
579.757 55
579.811 41
579.865 29
579.919 25
579.973 13
580.027 9
580.082 7
580.136 8
580.190 9
580.244 13
580.298 19
580.353 29
580.407 40
580.461 53
580.515 63
580.569 72
580.624 79
580.678 82
580.732 72
580.786 58
580.840 47
580.895 32
580.949 25
581.003 22
581.057 11
581.111 4
581.166 4
581.220 6
581.274 14
581.328 26
581.383 38
581.437 53
581.491 67
581.545 72
581.600 80
581.654 81
581.708 72
581.762 65
581.817 50
581.871 38
581.925 27
581.979 22
582.034 19
582.088 17
582.142 16
582.197 21
582.251 27
582.305 36
582.359 56
582.414 70
582.468 100
582.522 112
582.577 125
582.631 123
582.685 107
582.739 83
582.794 48
582.848 31
582.902 18
582.957 15
583.011 11
583.065 12
583.120 15
583.174 21
583.228 30
583.283 44
583.337 44
583.391 48
583.446 49
583.500 48
583.554 60
583.609 57
583.663 48
583.717 41
583.772 25
583.826 21
583.880 19
583.935 16
583.989 18
584.043 19
584.098 18
584.152 23
584.207 23
584.261 28
584.315 37
584.370 48
584.424 56
584.478 67
584.533 79
584.587 77
584.642 72
584.696 62
584.750 54
584.805 53
584.859 47
584.914 38
584.968 41
585.022 40
585.077 39
585.131 42
585.186 39
585.240 33
585.294 40
585.349 47
585.403 56
585.458 74
585.512 86
585.567 80
585.621 78
585.675 75
585.730 59
585.784 54
585.839 53
585.893 36
585.948 31
586.002 27
586.057 22
586.111 20
586.166 21
586.220 25
586.274 24
586.329 29
586.383 33
586.438 49
586.492 58
586.547 75
586.601 92
586.656 74
586.710 61
586.765 44
586.819 22
586.874 17
586.928 15
586.983 15
587.037 16
587.092 20
587.146 25
587.201 24
587.255 24
587.310 25
587.364 29
587.419 37
587.473 41
587.528 49
587.582 59
587.637 59
587.692 63
587.746 56
587.801 46
587.855 33
587.910 21
587.964 15
588.019 8
588.073 8
588.128 6
588.182 7
588.237 7
588.292 16
588.346 27
588.401 35
588.455 48
588.510 60
588.564 75
588.619 79
588.674 76
588.728 70
588.783 53
588.837 45
588.892 35
588.947 33
589.001 29
589.056 25
589.110 18
589.165 13
589.220 11
589.274 12
589.329 14
589.383 21
589.438 31
589.493 38
589.547 46
589.602 54
589.656 52
589.711 46
589.766 40
589.820 27
589.875 19
589.930 18
589.984 21
590.039 20
590.094 21
590.148 19
590.203 16
590.258 18
590.312 24
590.367 33
590.421 41
590.476 45
590.531 44
590.585 44
590.640 40
590.695 32
590.750 29
590.804 21
590.859 14
590.914 13
590.968 12
591.023 10
591.078 7
591.132 7
591.187 5
591.242 7
591.296 10
591.351 21
591.406 32
591.461 43
591.515 55
591.570 64
591.625 63
591.679 58
591.734 53
591.789 43
591.844 34
591.898 25
591.953 16
592.008 6
592.063 6
592.117 6
592.172 8
592.227 9
592.282 11
592.336 15
592.391 21
592.446 32
592.501 39
592.555 45
592.610 53
592.665 60
592.720 56
592.774 46
592.829 34
592.884 20
592.939 17
592.993 15
593.048 16
593.103 14
593.158 11
593.213 13
593.267 17
593.322 25
593.377 32
593.432 39
593.487 41
593.541 49
593.596 52
593.651 49
593.706 43
593.761 35
593.816 27
593.870 23
593.925 17
593.980 18
594.035 15
594.090 15
594.144 16
594.199 17
594.254 21
594.309 28
594.364 38
594.419 51
594.474 69
594.528 76
594.583 85
594.638 87
594.693 75
594.748 63
594.803 44
594.858 34
594.912 26
594.967 28
595.022 27
595.077 24
595.132 27
595.187 33
595.242 37
595.297 47
595.352 55
595.406 60
595.461 70
595.516 77
595.571 81
595.626 73
595.681 58
595.736 52
595.791 36
595.846 26
595.901 23
595.955 20
596.010 16
596.065 14
596.120 12
596.175 9
596.230 10
596.285 12
596.340 19
596.395 34
596.450 53
596.505 71
596.560 89
596.615 96
596.670 86
596.725 74
596.780 62
596.835 46
596.890 41
596.944 34
596.999 27
597.054 19
597.109 25
597.164 31
597.219 33
597.274 36
597.329 36
597.384 44
597.439 59
597.494 80
597.549 94
597.604 101
597.659 108
597.714 93
597.769 75
597.824 63
597.879 46
597.934 32
597.989 21
598.044 15
598.099 6
598.154 8
598.209 14
598.264 20
598.319 28
598.375 39
598.430 57
598.485 72
598.540 87
598.595 102
598.650 108
598.705 104
598.760 87
598.815 63
598.870 45
598.925 31
598.980 22
599.035 16
599.090 13
599.145 8
599.200 8
599.255 12
599.310 22
599.366 28
599.421 39
599.476 54
599.531 64
599.586 78
599.641 87
599.696 84
599.751 67
599.806 48
599.861 34
599.916 24
599.972 20
600.027 17
600.082 10
600.137 10
600.192 9
600.247 10
600.302 13
600.357 20
600.412 35
600.468 46
600.523 65
600.578 66
600.633 62
600.688 53
600.743 38
600.798 31
600.854 29
600.909 25
600.964 16
601.019 15
601.074 13
601.129 15
601.185 15
601.240 13
601.295 15
601.350 17
601.405 26
601.460 38
601.516 48
601.571 48
601.626 49
601.681 42
601.736 40
601.792 36
601.847 27
601.902 17
601.957 15
602.012 17
602.068 19
602.123 19
602.178 20
602.233 23
602.288 22
602.344 25
602.399 30
602.454 44
602.509 58
602.564 67
602.620 77
602.675 74
602.730 69
602.785 53
602.841 40
602.896 28
602.951 18
603.006 16
603.062 13
603.117 14
603.172 14
603.227 16
603.283 11
603.338 15
603.393 20
603.448 28
603.504 45
603.559 51
603.614 58
603.670 57
603.725 52
603.780 48
603.835 36
603.891 33
603.946 18
604.001 12
604.057 9
604.112 6
604.167 7
604.222 9
604.278 16
604.333 20
604.388 33
604.444 40
604.499 47
604.554 58
604.610 56
604.665 52
604.720 49
604.776 38
604.831 28
604.886 25
604.942 19
604.997 19
605.052 17
605.108 17
605.163 15
605.218 20
605.274 20
605.329 24
605.384 29
605.440 37
605.495 46
605.550 42
605.606 45
605.661 43
605.717 32
605.772 33
605.827 28
605.883 22
605.938 20
605.994 19
606.049 19
606.104 21
606.160 25
606.215 24
606.270 25
606.326 26
606.381 29
606.437 32
606.492 33
606.547 34
606.603 34
606.658 29
606.714 27
606.769 21
606.825 17
606.880 15
606.935 12
606.991 10
607.046 10
607.102 11
607.157 9
607.213 8
607.268 11
607.324 18
607.379 22
607.434 37
607.490 52
607.545 64
607.601 76
607.656 72
607.712 61
607.767 45
607.823 26
607.878 18
607.934 13
607.989 13
608.045 12
608.100 11
608.156 10
608.211 11
608.267 14
608.322 14
608.377 18
608.433 30
608.488 37
608.544 46
608.600 64
608.655 58
608.711 54
608.766 44
608.822 30
608.877 26
608.933 21
608.988 23
609.044 20
609.099 22
609.155 28
609.210 28
609.266 29
609.321 39
609.377 45
609.432 53
609.488 64
609.543 68
609.599 66
609.655 64
609.710 66
609.766 58
609.821 53
609.877 40
609.932 26
609.988 18
610.044 10
610.099 11
610.155 11
610.210 15
610.266 21
610.321 22
610.377 28
610.433 35
610.488 42
610.544 52
610.599 59
610.655 66
610.711 63
610.766 59
610.822 45
610.877 35
610.933 28
610.989 16
611.044 12
611.100 10
611.156 7
611.211 6
611.267 9
611.322 12
611.378 18
611.434 31
611.489 44
611.545 59
611.601 73
611.656 74
611.712 67
611.768 59
611.823 46
611.879 37
611.935 31
611.990 23
612.046 15
612.102 8
612.157 9
612.213 14
612.269 17
612.324 21
612.380 32
612.436 48
612.491 56
612.547 63
612.603 73
612.658 64
612.714 56
612.770 46
612.825 36
612.881 25
612.937 17
612.993 11
613.048 7
613.104 8
613.160 13
613.215 19
613.271 27
613.327 35
613.383 45
613.438 48
613.494 54
613.550 58
613.605 60
613.661 62
613.717 57
613.773 48
613.828 39
613.884 33
613.940 28
613.996 29
614.051 25
614.107 29
614.163 31
614.219 32
614.275 34
614.330 26
614.386 26
614.442 33
614.498 46
614.553 60
614.609 75
614.665 70
614.721 64
614.777 55
614.832 38
614.888 32
614.944 19
615.000 14
615.056 4
615.111 4
615.167 0
615.223 3
615.279 5
615.335 7
615.390 16
615.446 20
615.502 28
615.558 33
615.614 40
615.669 46
615.725 55
615.781 54
615.837 44
615.893 44
615.949 38
616.005 31
616.060 29
616.116 23
616.172 18
616.228 14
616.284 12
616.340 10
616.396 13
616.451 20
616.507 29
616.563 40
616.619 51
616.675 51
616.731 52
616.787 49
616.843 42
616.898 39
616.954 36
617.010 35
617.066 30
617.122 28
617.178 29
617.234 32
617.290 35
617.346 41
617.402 50
617.457 53
617.513 54
617.569 51
617.625 52
617.681 54
617.737 55
617.793 51
617.849 41
617.905 32
617.961 20
618.017 21
618.073 16
618.129 16
618.185 16
618.240 15
618.296 18
618.352 24
618.408 27
618.464 37
618.520 45
618.576 37
618.632 35
618.688 28
618.744 23
618.800 25
618.856 25
618.912 22
618.968 17
619.024 17
619.080 13
619.136 14
619.192 19
619.248 20
619.304 22
619.360 25
619.416 24
619.472 27
619.528 29
619.584 31
619.640 29
619.696 29
619.752 28
619.808 28
619.864 24
619.920 25
619.976 21
620.032 20
620.088 15
620.144 17
620.200 21
620.256 27
620.312 40
620.368 44
620.424 49
620.480 59
620.537 60
620.593 61
620.649 66
620.705 60
620.761 49
620.817 44
620.873 35
620.929 23
620.985 17
621.041 15
621.097 8
621.153 9
621.209 9
621.265 11
621.322 15
621.378 20
621.434 26
621.490 37
621.546 39
621.602 34
621.658 27
621.714 17
621.770 11
621.826 9
621.883 11
621.939 10
621.995 11
622.051 11
622.107 14
622.163 13
622.219 12
622.275 12
622.332 11
622.388 20
622.444 27
622.500 41
622.556 49
622.612 62
622.668 67
622.725 63
622.781 59
622.837 52
622.893 44
622.949 33
623.005 20
623.062 15
623.118 13
623.174 15
623.230 16
623.286 17
623.342 24
623.399 28
623.455 35
623.511 42
623.567 42
623.623 40
623.680 41
623.736 38
623.792 29
623.848 25
623.904 11
623.961 7
624.017 5
624.073 7
624.129 12
624.185 17
624.242 21
624.298 28
624.354 37
624.410 38
624.467 42
624.523 41
624.579 44
624.635 54
624.692 58
624.748 61
624.804 60
624.860 53
624.917 42
624.973 35
625.029 25
625.085 20
625.142 16
625.198 13
625.254 11
625.310 13
625.367 20
625.423 26
625.479 34
625.535 44
625.592 50
625.648 52
625.704 47
625.761 45
625.817 39
625.873 29
625.930 25
625.986 16
626.042 12
626.098 9
626.155 5
626.211 4
626.267 4
626.324 8
626.380 16
626.436 29
626.493 40
626.549 51
626.605 60
626.662 66
626.718 65
626.774 64
626.831 60
626.887 51
626.943 45
627.000 32
627.056 24
627.112 18
627.169 17
627.225 15
627.281 15
627.338 16
627.394 11
627.451 14
627.507 16
627.563 21
627.620 27
627.676 29
627.732 29
627.789 24
627.845 19
627.902 19
627.958 20
628.014 16
628.071 11
628.127 8
628.184 4
628.240 4
628.296 9
628.353 13
628.409 18
628.466 26
628.522 29
628.578 30
628.635 32
628.691 29
628.748 31
628.804 27
628.861 19
628.917 17
628.973 10
629.030 9
629.086 7
629.143 6
629.199 11
629.256 10
629.312 13
629.369 13
629.425 12
629.481 17
629.538 22
629.594 28
629.651 35
629.707 36
629.764 36
629.820 28
629.877 20
629.933 13
629.990 11
630.046 6
630.103 5
630.159 7
630.216 11
630.272 14
630.329 16
630.385 22
630.442 26
630.498 34
630.555 37
630.611 41
630.668 50
630.724 45
630.781 46
630.837 41
630.894 32
630.950 28
631.007 22
631.063 18
631.120 11
631.176 10
631.233 9
631.290 9
631.346 14
631.403 19
631.459 25
631.516 32
631.572 43
631.629 41
631.685 40
631.742 38
631.799 27
631.855 26
631.912 23
631.968 18
632.025 21
632.081 24
632.138 24
632.195 27
632.251 22
632.308 24
632.364 25
632.421 26
632.478 24
632.534 29
632.591 39
632.647 41
632.704 48
632.761 41
632.817 43
632.874 37
632.930 28
632.987 28
633.044 23
633.100 23
633.157 18
633.213 11
633.270 9
633.327 9
633.383 5
633.440 7
633.497 12
633.553 19
633.610 30
633.667 36
633.723 39
633.780 39
633.837 40
633.893 32
633.950 27
634.007 21
634.063 12
634.120 12
634.177 13
634.233 11
634.290 12
634.347 11
634.403 15
634.460 26
634.517 35
634.573 45
634.630 47
634.687 47
634.743 39
634.800 36
634.857 30
634.914 21
634.970 18
635.027 14
635.084 19
635.140 17
635.197 18
635.254 14
635.311 12
635.367 14
635.424 18
635.481 24
635.537 30
635.594 42
635.651 55
635.708 60
635.764 60
635.821 47
635.878 33
635.935 25
635.991 21
636.048 20
636.105 18
636.162 24
636.218 17
636.275 19
636.332 19
636.389 24
636.446 36
636.502 48
636.559 62
636.616 67
636.673 69
636.729 64
636.786 56
636.843 44
636.900 34
636.957 30
637.013 24
637.070 15
637.127 10
637.184 9
637.241 8
637.297 7
637.354 8
637.411 8
637.468 10
637.525 14
637.582 20
637.638 26
637.695 35
637.752 34
637.809 33
637.866 30
637.923 25
637.979 24
638.036 23
638.093 21
638.150 21
638.207 19
638.264 14
638.321 14
638.377 12
638.434 14
638.491 22
638.548 31
638.605 35
638.662 42
638.719 43
638.776 40
638.832 33
638.889 26
638.946 22
639.003 18
639.060 14
639.117 13
639.174 12
639.231 13
639.288 16
639.344 20
639.401 25
639.458 36
639.515 43
639.572 41
639.629 39
639.686 33
639.743 25
639.800 21
639.857 15
639.914 9
639.971 4
640.028 5
640.084 5
640.141 6
640.198 9
640.255 9
640.312 10
640.369 14
640.426 20
640.483 25
640.540 33
640.597 38
640.654 41
640.711 45
640.768 44
640.825 36
640.882 31
640.939 23
640.996 18
641.053 17
641.110 16
641.167 15
641.224 12
641.281 13
641.338 10
641.395 17
641.452 23
641.509 29
641.566 37
641.623 47
641.680 50
641.737 51
641.794 46
641.851 42
641.908 34
641.965 25
642.022 20
642.079 7
642.136 5
642.193 2
642.250 3
642.307 4
642.364 6
642.421 10
642.478 14
642.535 21
642.592 31
642.649 34
642.706 37
642.763 35
642.820 26
642.878 22
642.935 18
642.992 16
643.049 12
643.106 11
643.163 9
643.220 10
643.277 14
643.334 17
643.391 20
643.448 22
643.505 23
643.563 30
643.620 31
643.677 34
643.734 32
643.791 28
643.848 28
643.905 20
643.962 16
644.019 11
644.076 9
644.134 7
644.191 5
644.248 6
644.305 8
644.362 8
644.419 10
644.476 12
644.534 14
644.591 20
644.648 25
644.705 31
644.762 27
644.819 26
644.876 21
644.934 12
644.991 10
645.048 7
645.105 7
645.162 6
645.219 8
645.277 8
645.334 12
645.391 15
645.448 17
645.505 22
645.562 25
645.620 25
645.677 27
645.734 24
645.791 24
645.848 25
645.906 27
645.963 23
646.020 19
646.077 14
646.134 9
646.192 8
646.249 7
646.306 9
646.363 19
646.421 25
646.478 32
646.535 47
646.592 52
646.649 62
646.707 73
646.764 68
646.821 69
646.878 61
646.936 47
646.993 33
647.050 24
647.107 21
647.165 12
647.222 10
647.279 8
647.336 11
647.394 19
647.451 25
647.508 33
647.565 38
647.623 46
647.680 51
647.737 57
647.795 55
647.852 47
647.909 42
647.966 32
648.024 28
648.081 32
648.138 33
648.196 34
648.253 29
648.310 21
648.368 18
648.425 11
648.482 12
648.540 11
648.597 12
648.654 15
648.712 18
648.769 19
648.826 19
648.883 17
648.941 16
648.998 18
649.056 23
649.113 29
649.170 31
649.228 34
649.285 38
649.342 42
649.400 46
649.457 55
649.514 54
649.572 48
649.629 46
649.686 37
649.744 41
649.801 36
649.859 27
649.916 16
649.973 9
650.031 6
650.088 10
650.145 12
650.203 16
650.260 27
650.318 31
650.375 33
650.432 38
650.490 40
650.547 46
650.605 53
650.662 52
650.719 50
650.777 47
650.834 35
650.892 26
650.949 16
651.007 8
651.064 3
651.121 3
651.179 2
651.236 3
651.294 6
651.351 7
651.409 11
651.466 19
651.524 24
651.581 33
651.638 46
651.696 63
651.753 60
651.811 57
651.868 47
651.926 37
651.983 34
652.041 27
652.098 18
652.156 9
652.213 9
652.271 7
652.328 7
652.386 14
652.443 22
652.501 32
652.558 45
652.616 49
652.673 50
652.731 52
652.788 50
652.846 46
652.903 39
652.961 30
653.018 19
653.076 20
653.133 20
653.191 22
653.248 20
653.306 22
653.363 26
653.421 28
653.478 29
653.536 31
653.593 32
653.651 36
653.709 30
653.766 25
653.824 23
653.881 22
653.939 24
653.996 23
654.054 23
654.111 21
654.169 19
654.227 17
654.284 19
654.342 17
654.399 20
654.457 32
654.515 40
654.572 48
654.630 66
654.687 63
654.745 56
654.802 53
654.860 44
654.918 35
654.975 34
655.033 29
655.090 19
655.148 21
655.206 21
655.263 20
655.321 18
655.379 14
655.436 10
655.494 16
655.551 23
655.609 25
655.667 35
655.724 40
655.782 42
655.840 37
655.897 34
655.955 25
656.013 20
656.070 18
656.128 14
656.186 16
656.243 16
656.301 18
656.359 26
656.416 36
656.474 49
656.532 63
656.589 74
656.647 69
656.705 69
656.762 76
656.820 65
656.878 58
656.935 49
656.993 41
657.051 36
657.108 35
657.166 29
657.224 23
657.282 23
657.339 26
657.397 23
657.455 26
657.512 25
657.570 23
657.628 28
657.686 28
657.743 31
657.801 27
657.859 23
657.916 16
657.974 14
658.032 16
658.090 13
658.147 13
658.205 14
658.263 13
658.321 15
658.378 19
658.436 19
658.494 29
658.552 35
658.609 39
658.667 38
658.725 36
658.783 30
658.841 24
658.898 20
658.956 14
659.014 9
659.072 5
659.129 4
659.187 3
659.245 4
659.303 5
659.361 5
659.418 6
659.476 8
659.534 9
659.592 13
659.650 16
659.707 20
659.765 20
659.823 18
659.881 16
659.939 12
659.997 13
660.054 14
660.112 13
660.170 14
660.228 13
660.286 11
660.344 12
660.401 15
660.459 22
660.517 24
660.575 29
660.633 42
660.691 51
660.749 49
660.806 46
660.864 42
660.922 32
660.980 31
661.038 26
661.096 18
661.154 12
661.212 7
661.269 7
661.327 5
661.385 8
661.443 16
661.501 19
661.559 22
661.617 26
661.675 28
661.733 24
661.791 21
661.848 16
661.906 9
661.964 9
662.022 6
662.080 4
662.138 3
662.196 2
662.254 1
662.312 4
662.370 13
662.428 19
662.486 26
662.544 35
662.601 46
662.659 49
662.717 51
662.775 49
662.833 38
662.891 34
662.949 33
663.007 29
663.065 26
663.123 27
663.181 28
663.239 23
663.297 26
663.355 23
663.413 22
663.471 23
663.529 28
663.587 28
663.645 28
663.703 31
663.761 18
663.819 16
663.877 12
663.935 4
663.993 4
664.051 4
664.109 8
664.167 8
664.225 9
664.283 12
664.341 12
664.399 14
664.457 16
664.515 16
664.573 19
664.631 17
664.689 17
664.747 17
664.805 18
664.863 13
664.921 15
664.979 15
665.037 11
665.095 6
665.153 4
665.211 1
665.270 1
665.328 1
665.386 4
665.444 4
665.502 8
665.560 17
665.618 20
665.676 22
665.734 26
665.792 27
665.850 26
665.908 28
665.966 22
666.025 12
666.083 9
666.141 4
666.199 7
666.257 7
666.315 5
666.373 5
666.431 5
666.489 13
666.548 19
666.606 25
666.664 28
666.722 31
666.780 31
666.838 31
666.896 34
666.954 32
667.013 31
667.071 31
667.129 34
667.187 27
667.245 25
667.303 21
667.361 18
667.420 23
667.478 26
667.536 35
667.594 47
667.652 60
667.710 63
667.769 63
667.827 61
667.885 52
667.943 40
668.001 32
668.059 19
668.118 9
668.176 9
668.234 9
668.292 8
668.350 9
668.409 11
668.467 16
668.525 19
668.583 28
668.641 34
668.700 39
668.758 43
668.816 36
668.874 29
668.932 22
668.991 13
669.049 9
669.107 7
669.165 5
669.224 3
669.282 2
669.340 1
669.398 2
669.457 4
669.515 12
669.573 27
669.631 36
669.690 51
669.748 55
669.806 54
669.864 51
669.923 50
669.981 38
670.039 28
670.097 22
670.156 12
670.214 9
670.272 9
670.331 9
670.389 9
670.447 15
670.505 20
670.564 21
670.622 24
670.680 23
670.739 22
670.797 24
670.855 28
670.914 23
670.972 21
671.030 19
671.088 17
671.147 16
671.205 15
671.263 14
671.322 9
671.380 5
671.438 6
671.497 7
671.555 8
671.613 15
671.672 20
671.730 21
671.788 25
671.847 32
671.905 38
671.964 35
672.022 32
672.080 24
672.139 18
672.197 22
672.255 22
672.314 27
672.372 29
672.430 32
672.489 37
672.547 40
672.606 44
672.664 52
672.722 49
672.781 53
672.839 58
672.898 45
672.956 41
673.014 29
673.073 18
673.131 17
673.190 20
673.248 13
673.306 9
673.365 8
673.423 6
673.482 11
673.540 14
673.598 20
673.657 23
673.715 32
673.774 43
673.832 35
673.891 31
673.949 24
674.008 15
674.066 16
674.124 17
674.183 14
674.241 9
674.300 12
674.358 9
674.417 10
674.475 16
674.534 26
674.592 39
674.651 51
674.709 63
674.768 60
674.826 63
674.884 54
674.943 37
675.001 28
675.060 17
675.118 15
675.177 11
675.235 13
675.294 16
675.352 14
675.411 13
675.469 13
675.528 14
675.586 16
675.645 13
675.704 10
675.762 7
675.821 6
675.879 7
675.938 8
675.996 10
676.055 10
676.113 12
676.172 14
676.230 17
676.289 16
676.347 17
676.406 18
676.464 21
676.523 20
676.582 18
676.640 17
676.699 14
676.757 17
676.816 17
676.874 19
676.933 17
676.992 12
677.050 11
677.109 8
677.167 10
677.226 11
677.284 12
677.343 13
677.402 15
677.460 17
677.519 21
677.577 24
677.636 30
677.695 31
677.753 26
677.812 24
677.870 24
677.929 20
677.988 24
678.046 22
678.105 18
678.164 19
678.222 11
678.281 10
678.339 8
678.398 8
678.457 18
678.515 29
678.574 49
678.633 60
678.691 69
678.750 70
678.809 63
678.867 51
678.926 37
678.985 25
679.043 14
679.102 8
679.161 4
679.219 1
679.278 0
679.337 1
679.395 1
679.454 5
679.513 9
679.571 15
679.630 24
679.689 27
679.747 33
679.806 32
679.865 26
679.924 20
679.982 13
680.041 7
680.100 5
680.158 6
680.217 5
680.276 3
680.335 4
680.393 3
680.452 2
680.511 1
680.569 4
680.628 5
680.687 6
680.746 7
680.804 7
680.863 6
680.922 5
680.981 6
681.039 4
681.098 5
681.157 9
681.216 12
681.274 15
681.333 18
681.392 21
681.451 17
681.510 18
681.568 16
681.627 13
681.686 13
681.745 14
681.803 12
681.862 9
681.921 9
681.980 7
682.039 10
682.097 11
682.156 11
682.215 7
682.274 5
682.333 5
682.391 8
682.450 11
682.509 14
682.568 20
682.627 19
682.685 21
682.744 23
682.803 22
682.862 25
682.921 25
682.980 23
683.038 20
683.097 17
683.156 16
683.215 15
683.274 17
683.333 16
683.392 16
683.450 16
683.509 17
683.568 14
683.627 14
683.686 19
683.745 22
683.804 27
683.862 29
683.921 28
683.980 23
684.039 15
684.098 11
684.157 7
684.216 6
684.275 5
684.334 6
684.392 7
684.451 11
684.510 17
684.569 23
684.628 26
684.687 37
684.746 34
684.805 29
684.864 27
684.923 23
684.982 25
685.041 22
685.099 19
685.158 16
685.217 17
685.276 21
685.335 24
685.394 29
685.453 29
685.512 37
685.571 37
685.630 37
685.689 38
685.748 40
685.807 38
685.866 32
685.925 27
685.984 21
686.043 19
686.102 9
686.161 9
686.220 8
686.279 8
686.338 5
686.396 8
686.455 10
686.514 15
686.573 20
686.632 22
686.691 26
686.750 30
686.809 27
686.868 25
686.927 24
686.986 16
687.045 12
687.105 9
687.164 4
687.223 3
687.282 0
687.341 3
687.400 7
687.459 13
687.518 22
687.577 36
687.636 45
687.695 49
687.754 55
687.813 55
687.872 47
687.931 41
687.990 30
688.049 20
688.108 14
688.167 12
688.226 12
688.285 10
688.344 6
688.403 6
688.463 5
688.522 7
688.581 13
688.640 13
688.699 14
688.758 13
688.817 9
688.876 7
688.935 8
688.994 6
689.053 5
689.113 5
689.172 7
689.231 6
689.290 5
689.349 4
689.408 2
689.467 5
689.526 11
689.585 15
689.645 18
689.704 26
689.763 24
689.822 21
689.881 17
689.940 8
689.999 9
690.059 11
690.118 13
690.177 13
690.236 14
690.295 11
690.354 10
690.413 10
690.473 8
690.532 11
690.591 14
690.650 17
690.709 23
690.768 21
690.828 19
690.887 21
690.946 11
691.005 9
691.064 5
691.124 4
691.183 5
691.242 8
691.301 12
691.360 13
691.420 17
691.479 18
691.538 20
691.597 21
691.656 21
691.716 26
691.775 28
691.834 26
691.893 23
691.952 21
692.012 15
692.071 16
692.130 14
692.189 12
692.249 5
692.308 7
692.367 7
692.426 7
692.486 12
692.545 14
692.604 21
692.663 31
692.723 34
692.782 33
692.841 30
692.900 21
692.960 13
693.019 11
693.078 11
693.138 10
693.197 14
693.256 13
693.315 13
693.375 16
693.434 13
693.493 21
693.553 25
693.612 31
693.671 38
693.730 38
693.790 38
693.849 32
693.908 24
693.968 21
694.027 15
694.086 13
694.146 11
694.205 6
694.264 5
694.324 10
694.383 12
694.442 14
694.502 16
694.561 13
694.620 10
694.680 7
694.739 4
694.798 4
694.858 4
694.917 1
694.976 0
695.036 0
695.095 4
695.154 5
695.214 8
695.273 10
695.333 11
695.392 12
695.451 16
695.511 16
695.570 20
695.629 26
695.689 30
695.748 39
695.808 36
695.867 36
695.926 34
695.986 27
696.045 29
696.105 25
696.164 23
696.223 18
696.283 21
696.342 19
696.402 18
696.461 18
696.521 16
696.580 19
696.639 24
696.699 30
696.758 41
696.818 45
696.877 43
696.937 37
696.996 25
697.055 20
697.115 16
697.174 16
697.234 13
697.293 11
697.353 11
697.412 13
697.472 18
697.531 16
697.591 14
697.650 13
697.710 11
697.769 13
697.828 16
697.888 19
697.947 21
698.007 21
698.066 17
698.126 12
698.185 7
698.245 4
698.304 4
698.364 4
698.423 4
698.483 5
698.542 7
698.602 9
698.661 13
698.721 20
698.781 23
698.840 22
698.900 21
698.959 17
699.019 14
699.078 13
699.138 12
699.197 11
699.257 8
699.316 8
699.376 10
699.435 17
699.495 27
699.555 41
699.614 58
699.674 70
699.733 78
699.793 81
699.852 77
699.912 70
699.971 61
700.031 47
700.091 32
700.150 26
700.210 22
700.269 21
700.329 27
700.389 34
700.448 33
700.508 33
700.567 36
700.627 32
700.687 31
700.746 31
700.806 32
700.865 26
700.925 21
700.985 17
701.044 8
701.104 7
701.163 6
701.223 6
701.283 2
701.342 6
701.402 9
701.462 15
701.521 22
701.581 30
701.640 33
701.700 33
701.760 35
701.819 26
701.879 19
701.939 14
701.998 8
702.058 7
702.118 7
702.177 7
702.237 5
702.297 4
702.356 6
702.416 6
702.476 7
702.535 10
702.595 12
702.655 19
702.715 28
702.774 29
702.834 33
702.894 32
702.953 29
703.013 32
703.073 25
703.132 21
703.192 16
703.252 14
703.312 14
703.371 14
703.431 17
703.491 20
703.550 25
703.610 34
703.670 43
703.730 52
703.789 57
703.849 48
703.909 42
703.969 32
704.028 23
704.088 21
704.148 13
704.208 10
704.267 0
704.327 0
704.387 3
704.447 5
704.506 6
704.566 8
704.626 12
704.686 15
704.745 14
704.805 12
704.865 10
704.925 11
704.985 10
705.044 10
705.104 12
705.164 12
705.224 11
705.284 15
705.343 18
705.403 20
705.463 19
705.523 14
705.583 10
705.642 8
705.702 8
705.762 8
705.822 6
705.882 9
705.942 11
706.001 11
706.061 14
706.121 12
706.181 8
706.241 7
706.301 4
706.360 5
706.420 7
706.480 11
706.540 16
706.600 20
706.660 26
706.720 28
706.779 31
706.839 32
706.899 32
706.959 30
707.019 23
707.079 17
707.139 11
707.199 10
707.258 10
707.318 9
707.378 10
707.438 10
707.498 11
707.558 10
707.618 10
707.678 10
707.738 11
707.797 11
707.857 11
707.917 10
707.977 5
708.037 6
708.097 5
708.157 7
708.217 6
708.277 6
708.337 5
708.397 5
708.457 4
708.517 3
708.577 4
708.636 2
708.696 3
708.756 9
708.816 10
708.876 12
708.936 17
708.996 15
709.056 14
709.116 16
709.176 15
709.236 13
709.296 11
709.356 9
709.416 6
709.476 9
709.536 13
709.596 14
709.656 17
709.716 19
709.776 23
709.836 24
709.896 19
709.956 19
710.016 16
710.076 12
710.136 15
710.196 12
710.256 10
710.316 11
710.376 15
710.436 16
710.496 21
710.556 28
710.616 34
710.676 40
710.736 44
710.796 40
710.856 34
710.916 28
710.976 20
711.036 18
711.096 16
711.156 12
711.216 8
711.276 9
711.337 9
711.397 12
711.457 14
711.517 19
711.577 24
711.637 26
711.697 28
711.757 33
711.817 36
711.877 33
711.937 30
711.997 26
712.057 16
712.118 16
712.178 15
712.238 16
712.298 20
712.358 18
712.418 14
712.478 11
712.538 10
712.598 12
712.658 13
712.719 17
712.779 19
712.839 22
712.899 23
712.959 17
713.019 12
713.079 11
713.139 8
713.200 9
713.260 11
713.320 9
713.380 9
713.440 9
713.500 16
713.561 18
713.621 21
713.681 30
713.741 30
713.801 27
713.861 25
713.921 26
713.982 19
714.042 16
714.102 13
714.162 6
714.222 3
714.283 4
714.343 5
714.403 5
714.463 6
714.523 7
714.584 12
714.644 18
714.704 28
714.764 34
714.824 40
714.885 37
714.945 30
715.005 26
715.065 22
715.125 20
715.186 16
715.246 9
715.306 7
715.366 5
715.427 7
715.487 9
715.547 10
715.607 16
715.667 22
715.728 27
715.788 27
715.848 24
715.908 20
715.969 15
716.029 12
716.089 9
716.150 7
716.210 5
716.270 5
716.330 7
716.391 10
716.451 15
716.511 19
716.571 22
716.632 30
716.692 28
716.752 23
716.813 21
716.873 17
716.933 15
716.993 14
717.054 13
717.114 7
717.174 7
717.235 8
717.295 9
717.355 7
717.416 9
717.476 10
717.536 12
717.597 13
717.657 16
717.717 16
717.778 14
717.838 10
717.898 8
717.959 10
718.019 13
718.079 17
718.140 14
718.200 16
718.260 17
718.321 18
718.381 19
718.441 24
718.502 23
718.562 22
718.623 24
718.683 18
718.743 17
718.804 19
718.864 15
718.924 14
718.985 14
719.045 12
719.106 11
719.166 9
719.226 8
719.287 6
719.347 8
719.408 10
719.468 12
719.528 16
719.589 17
719.649 19
719.710 21
719.770 23
719.830 34
719.891 47
719.951 65
720.012 81
720.072 126
720.133 170
720.193 209
720.253 243
720.314 227
720.374 208
720.435 164
720.495 116
720.556 85
720.616 61
720.677 52
720.737 42
720.798 49
720.858 53
720.918 67
720.979 80
721.039 125
721.100 172
721.160 223
721.221 278
721.281 281
721.342 275
721.402 239
721.463 201
721.523 160
721.584 120
721.644 92
721.705 59
721.765 51
721.826 46
721.886 48
721.947 52
722.007 72
722.068 94
722.128 112
722.189 131
722.249 129
722.310 119
722.370 112
722.431 106
722.491 91
722.552 72
722.613 57
722.673 37
722.734 37
722.794 35
722.855 33
722.915 29
722.976 36
723.036 38
723.097 41
723.158 43
723.218 49
723.279 53
723.339 64
723.400 75
723.460 67
723.521 58
723.582 48
723.642 35
723.703 29
723.763 27
723.824 25
723.884 19
723.945 18
724.006 18
724.066 23
724.127 27
724.187 30
724.248 37
724.309 35
724.369 30
724.430 26
724.491 22
724.551 20
724.612 18
724.672 17
724.733 17
724.794 17
724.854 19
724.915 18
724.976 14
725.036 13
725.097 12
725.157 10
725.218 11
725.279 10
725.339 9
725.400 10
725.461 8
725.521 9
725.582 12
725.643 16
725.703 21
725.764 26
725.825 32
725.885 33
725.946 32
726.007 29
726.067 26
726.128 32
726.189 28
726.250 26
726.310 23
726.371 23
726.432 21
726.492 22
726.553 23
726.614 23
726.674 27
726.735 33
726.796 36
726.857 36
726.917 34
726.978 25
727.039 20
727.099 15
727.160 10
727.221 10
727.282 10
727.342 10
727.403 12
727.464 14
727.525 19
727.585 26
727.646 26
727.707 27
727.768 24
727.828 24
727.889 20
727.950 14
728.011 8
728.071 4
728.132 5
728.193 4
728.254 6
728.315 7
728.375 10
728.436 10
728.497 14
728.558 14
728.619 14
728.679 14
728.740 14
728.801 14
728.862 13
728.923 14
728.983 15
729.044 15
729.105 12
729.166 10
729.227 5
729.287 4
729.348 4
729.409 5
729.470 5
729.531 5
729.592 8
729.652 7
729.713 6
729.774 6
729.835 6
729.896 5
729.957 4
730.017 3
730.078 0
730.139 1
730.200 1
730.261 1
730.322 2
730.383 1
730.443 3
730.504 7
730.565 14
730.626 21
730.687 28
730.748 30
730.809 32
730.870 32
730.931 30
730.991 25
731.052 22
731.113 14
731.174 6
731.235 5
731.296 3
731.357 5
731.418 8
731.479 7
731.540 7
731.600 6
731.661 7
731.722 8
731.783 9
731.844 9
731.905 7
731.966 6
732.027 3
732.088 2
732.149 0
732.210 1
732.271 1
732.332 1
732.393 5
732.454 6
732.515 10
732.576 16
732.636 24
732.697 29
732.758 30
732.819 29
732.880 28
732.941 26
733.002 25
733.063 21
733.124 20
733.185 17
733.246 11
733.307 8
733.368 4
733.429 3
733.490 10
733.551 13
733.612 19
733.673 29
733.734 23
733.795 23
733.856 20
733.917 17
733.978 16
734.039 13
734.100 13
734.161 10
734.222 11
734.283 11
734.344 13
734.405 11
734.466 12
734.528 13
734.589 12
734.650 14
734.711 16
734.772 19
734.833 21
734.894 25
734.955 26
735.016 22
735.077 19
735.138 14
735.199 13
735.260 11
735.321 15
735.382 15
735.443 14
735.505 15
735.566 18
735.627 22
735.688 23
735.749 24
735.810 24
735.871 24
735.932 23
735.993 22
736.054 21
736.116 16
736.177 14
736.238 12
736.299 8
736.360 9
736.421 8
736.482 7
736.543 3
736.604 5
736.666 10
736.727 14
736.788 19
736.849 23
736.910 27
736.971 31
737.032 33
737.094 31
737.155 29
737.216 32
737.277 30
737.338 25
737.399 22
737.461 18
737.522 14
737.583 18
737.644 21
737.705 26
737.766 34
737.828 33
737.889 37
737.950 33
738.011 31
738.072 32
738.133 33
738.195 33
738.256 30
738.317 31
738.378 28
738.439 29
738.501 29
738.562 31
738.623 29
738.684 26
738.746 27
738.807 25
738.868 24
738.929 27
738.990 27
739.052 22
739.113 17
739.174 14
739.235 13
739.297 13
739.358 13
739.419 12
739.480 14
739.542 14
739.603 16
739.664 22
739.725 28
739.787 39
739.848 45
739.909 43
739.970 44
740.032 37
740.093 34
740.154 32
740.216 30
740.277 28
740.338 23
740.399 21
740.461 21
740.522 22
740.583 23
740.645 25
740.706 31
740.767 27
740.828 25
740.890 23
740.951 13
741.012 12
741.074 11
741.135 10
741.196 7
741.258 11
741.319 16
741.380 19
741.442 24
741.503 27
741.564 30
741.626 34
741.687 46
741.748 46
741.810 43
741.871 40
741.932 38
741.994 29
742.055 23
742.116 18
742.178 12
742.239 9
742.301 10
742.362 10
742.423 12
742.485 13
742.546 15
742.607 19
742.669 25
742.730 30
742.792 31
742.853 34
742.914 32
742.976 30
743.037 25
743.099 16
743.160 9
743.221 4
743.283 4
743.344 4
743.406 3
743.467 5
743.528 7
743.590 9
743.651 13
743.713 17
743.774 19
743.836 22
743.897 24
743.958 25
744.020 24
744.081 23
744.143 25
744.204 20
744.266 22
744.327 19
744.389 16
744.450 16
744.511 13
744.573 13
744.634 14
744.696 16
744.757 18
744.819 21
744.880 24
744.942 22
745.003 20
745.065 18
745.126 14
745.188 12
745.249 11
745.311 11
745.372 8
745.434 10
745.495 15
745.557 14
745.618 16
745.680 20
745.741 18
745.803 22
745.864 24
745.926 20
745.987 19
746.049 17
746.110 19
746.172 18
746.233 21
746.295 19
746.356 18
746.418 18
746.480 21
746.541 19
746.603 17
746.664 17
746.726 18
746.787 21
746.849 23
746.910 21
746.972 18
747.034 15
747.095 9
747.157 9
747.218 10
747.280 13
747.341 13
747.403 13
747.465 12
747.526 10
747.588 13
747.649 12
747.711 12
747.772 11
747.834 9
747.896 10
747.957 10
748.019 9
748.080 9
748.142 8
748.204 7
748.265 7
748.327 7
748.389 7
748.450 7
748.512 7
748.573 5
748.635 5
748.697 5
748.758 5
748.820 6
748.882 8
748.943 10
749.005 12
749.067 18
749.128 16
749.190 15
749.252 14
749.313 9
749.375 9
749.437 11
749.498 10
749.560 8
749.622 10
749.683 9
749.745 12
749.807 18
749.868 18
749.930 20
749.992 19
750.053 15
750.115 15
750.177 15
750.238 16
750.300 17
750.362 19
750.423 22
750.485 24
750.547 31
750.609 33
750.670 33
750.732 36
750.794 37
750.856 31
750.917 24
750.979 17
751.041 10
751.102 12
751.164 17
751.226 16
751.288 9
751.349 11
751.411 9
751.473 9
751.535 7
751.596 9
751.658 8
751.720 11
751.782 17
751.843 16
751.905 16
751.967 13
752.029 13
752.091 12
752.152 12
752.214 12
752.276 9
752.338 8
752.399 6
752.461 5
752.523 9
752.585 12
752.647 14
752.708 19
752.770 24
752.832 27
752.894 30
752.956 29
753.017 24
753.079 21
753.141 18
753.203 17
753.265 15
753.327 16
753.388 18
753.450 22
753.512 26
753.574 28
753.636 30
753.698 29
753.759 27
753.821 29
753.883 28
753.945 29
754.007 29
754.069 28
754.131 25
754.192 24
754.254 22
754.316 21
754.378 23
754.440 23
754.502 22
754.564 20
754.625 22
754.687 24
754.749 24
754.811 28
754.873 33
754.935 29
754.997 24
755.059 23
755.121 16
755.183 16
755.244 13
755.306 9
755.368 4
755.430 6
755.492 7
755.554 9
755.616 14
755.678 12
755.740 11
755.802 10
755.864 10
755.926 9
755.987 9
756.049 8
756.111 3
756.173 3
756.235 6
756.297 8
756.359 8
756.421 10
756.483 14
756.545 15
756.607 20
756.669 21
756.731 23
756.793 21
756.855 20
756.917 22
756.979 18
757.041 17
757.103 13
757.165 12
757.227 12
757.289 14
757.351 16
757.413 18
757.475 22
757.537 23
757.599 23
757.661 24
757.723 27
757.785 26
757.847 22
757.909 18
757.971 10
758.033 9
758.095 11
758.157 12
758.219 11
758.281 11
758.343 15
758.405 16
758.467 17
758.529 16
758.591 13
758.653 11
758.715 7
758.777 6
758.839 4
758.901 6
758.963 10
759.026 11
759.088 11
759.150 10
759.212 13
759.274 15
759.336 16
759.398 18
759.460 20
759.522 19
759.584 22
759.646 25
759.708 28
759.770 30
759.833 28
759.895 24
759.957 21
760.019 16
760.081 13
760.143 9
760.205 5
760.267 4
760.329 4
760.392 4
760.454 2
760.516 3
760.578 1
760.640 1
760.702 2
760.764 1
760.826 1
760.889 3
760.951 6
761.013 6
761.075 6
761.137 4
761.199 1
761.261 1
761.324 1
761.386 3
761.448 8
761.510 10
761.572 13
761.634 16
761.697 20
761.759 23
761.821 26
761.883 22
761.945 17
762.008 12
762.070 5
762.132 4
762.194 8
762.256 7
762.318 3
762.381 2
762.443 0
762.505 0
762.567 0
762.630 0
762.692 3
762.754 7
762.816 8
762.878 11
762.941 10
763.003 14
763.065 14
763.127 11
763.190 11
763.252 8
763.314 8
763.376 5
763.438 2
763.501 2
763.563 2
763.625 2
763.687 0
763.750 0
763.812 1
763.874 5
763.937 7
763.999 10
764.061 10
764.123 7
764.186 9
764.248 7
764.310 7
764.372 7
764.435 6
764.497 10
764.559 14
764.622 19
764.684 29
764.746 32
764.809 32
764.871 33
764.933 30
764.995 27
765.058 26
765.120 26
765.182 23
765.245 20
765.307 18
765.369 11
765.432 9
765.494 8
765.556 10
765.619 7
765.681 5
765.743 8
765.806 11
765.868 13
765.930 18
765.993 16
766.055 17
766.117 15
766.180 9
766.242 10
766.305 10
766.367 11
766.429 12
766.492 13
766.554 13
766.616 15
766.679 18
766.741 24
766.803 27
766.866 33
766.928 34
766.991 30
767.053 27
767.115 21
767.178 16
767.240 13
767.303 12
767.365 10
767.427 8
767.490 6
767.552 4
767.615 4
767.677 1
767.740 1
767.802 1
767.864 1
767.927 3
767.989 7
768.052 11
768.114 10
768.177 8
768.239 6
768.301 2
768.364 3
768.426 3
768.489 1
768.551 1
768.614 0
768.676 3
768.739 4
768.801 5
768.864 7
768.926 10
768.989 12
769.051 14
769.113 16
769.176 19
769.238 18
769.301 20
769.363 17
769.426 10
769.488 12
769.551 12
769.613 15
769.676 20
769.738 19
769.801 18
769.863 17
769.926 12
769.988 10
770.051 7
770.113 5
770.176 0
770.239 0
770.301 0
770.364 1
770.426 1
770.489 1
770.551 1
770.614 3
770.676 5
770.739 9
770.801 12
770.864 11
770.926 10
770.989 13
771.052 12
771.114 10
771.177 11
771.239 9
771.302 12
771.364 13
771.427 15
771.490 20
771.552 23
771.615 24
771.677 24
771.740 20
771.802 18
771.865 19
771.928 19
771.990 17
772.053 19
772.115 20
772.178 22
772.241 22
772.303 21
772.366 20
772.428 25
772.491 20
772.554 17
772.616 15
772.679 14
772.742 16
772.804 18
772.867 18
772.929 19
772.992 17
773.055 13
773.117 10
773.180 8
773.243 7
773.305 7
773.368 7
773.431 1
773.493 1
773.556 3
773.619 5
773.681 8
773.744 12
773.807 13
773.869 15
773.932 18
773.995 16
774.057 14
774.120 12
774.183 9
774.245 8
774.308 7
774.371 5
774.433 2
774.496 1
774.559 6
774.622 6
774.684 6
774.747 7
774.810 10
774.872 10
774.935 9
774.998 12
775.061 10
775.123 11
775.186 12
775.249 12
775.311 10
775.374 11
775.437 8
775.500 7
775.562 9
775.625 10
775.688 15
775.751 14
775.813 16
775.876 15
775.939 12
776.002 12
776.064 12
776.127 13
776.190 17
776.253 18
776.316 17
776.378 17
776.441 19
776.504 15
776.567 13
776.629 10
776.692 5
776.755 5
776.818 8
776.881 6
776.943 4
777.006 4
777.069 3
777.132 4
777.195 8
777.257 11
777.320 13
777.383 17
777.446 24
777.509 24
777.572 26
777.634 26
777.697 22
777.760 23
777.823 23
777.886 24
777.949 17
778.011 13
778.074 10
778.137 7
778.200 11
778.263 12
778.326 12
778.389 10
778.451 7
778.514 3
778.577 3
778.640 3
778.703 4
778.766 5
778.829 6
778.891 8
778.954 11
779.017 9
779.080 7
779.143 5
779.206 1
779.269 3
779.332 6
779.395 9
779.458 11
779.520 13
779.583 15
779.646 17
779.709 22
779.772 25
779.835 28
779.898 27
779.961 25
780.024 20
780.087 14
780.150 15
780.213 15
780.275 18
780.338 24
780.401 22
780.464 17
780.527 15
780.590 7
780.653 8
780.716 7
780.779 9
780.842 8
780.905 8
780.968 8
781.031 11
781.094 11
781.157 11
781.220 12
781.283 13
781.346 12
781.409 17
781.472 20
781.535 19
781.598 20
781.661 24
781.724 22
781.787 23
781.850 23
781.913 20
781.976 19
782.039 14
782.102 11
782.165 5
782.228 1
782.291 1
782.354 1
782.417 1
782.480 0
782.543 0
782.606 0
782.669 0
782.732 0
782.795 0
782.858 0
782.921 0
782.984 3
783.047 6
783.110 9
783.173 12
783.236 17
783.299 16
783.362 15
783.425 14
783.489 8
783.552 8
783.615 9
783.678 9
783.741 7
783.804 7
783.867 6
783.930 6
783.993 5
784.056 6
784.119 7
784.182 8
784.246 10
784.309 8
784.372 8
784.435 9
784.498 8
784.561 11
784.624 11
784.687 13
784.750 14
784.814 15
784.877 15
784.940 17
785.003 14
785.066 16
785.129 18
785.192 15
785.255 20
785.319 20
785.382 18
785.445 16
785.508 12
785.571 10
785.634 15
785.697 18
785.761 18
785.824 24
785.887 30
785.950 33
786.013 36
786.076 34
786.140 28
786.203 27
786.266 28
786.329 21
786.392 15
786.456 9
786.519 4
786.582 8
786.645 8
786.708 11
786.772 10
786.835 8
786.898 9
786.961 7
787.024 10
787.088 9
787.151 9
787.214 9
787.277 9
787.340 9
787.404 9
787.467 9
787.530 11
787.593 11
787.657 11
787.720 12
787.783 11
787.846 11
787.910 11
787.973 10
788.036 9
788.099 10
788.163 11
788.226 12
788.289 13
788.352 12
788.416 11
788.479 11
788.542 6
788.605 6
788.669 8
788.732 8
788.795 8
788.859 9
788.922 9
788.985 9
789.048 10
789.112 11
789.175 6
789.238 6
789.302 6
789.365 5
789.428 5
789.492 5
789.555 7
789.618 8
789.681 10
789.745 16
789.808 13
789.871 13
789.935 12
789.998 9
790.061 10
790.125 13
790.188 13
790.251 12
790.315 15
790.378 12
790.441 11
790.505 11
790.568 13
790.632 15
790.695 22
790.758 23
790.822 22
790.885 23
790.948 26
791.012 31
791.075 31
791.138 30
791.202 25
791.265 21
791.329 21
791.392 19
791.455 14
791.519 10
791.582 8
791.646 10
791.709 12
791.772 14
791.836 12
791.899 10
791.963 7
792.026 4
792.089 6
792.153 5
792.216 6
792.280 7
792.343 9
792.407 10
792.470 11
792.533 13
792.597 17
792.660 19
792.724 21
792.787 25
792.851 22
792.914 18
792.978 14
793.041 9
793.104 4
793.168 4
793.231 4
793.295 2
793.358 1
793.422 1
793.485 1
793.549 1
793.612 0
793.676 3
793.739 5
793.803 6
793.866 7
793.930 11
793.993 11
794.057 13
794.120 16
794.184 16
794.247 18
794.311 15
794.374 9
794.438 7
794.501 4
794.565 5
794.628 7
794.692 11
794.755 12
794.819 14
794.882 17
794.946 14
795.009 14
795.073 14
795.136 10
795.200 8
795.263 6
795.327 4
795.391 1
795.454 1
795.518 3
795.581 3
795.645 4
795.708 6
795.772 7
795.836 7
795.899 9
795.963 7
796.026 5
796.090 4
796.153 2
796.217 3
796.281 2
796.344 2
796.408 1
796.471 0
796.535 1
796.599 1
796.662 4
796.726 5
796.789 5
796.853 6
796.917 7
796.980 6
797.044 5
797.107 4
797.171 1
797.235 1
797.298 1
797.362 1
797.426 2
797.489 6
797.553 9
797.616 12
797.680 15
797.744 17
797.807 15
797.871 14
797.935 11
797.998 7
798.062 8
798.126 8
798.189 12
798.253 10
798.317 8
798.380 6
798.444 2
798.508 3
798.571 3
798.635 3
798.699 1
798.762 2
798.826 2
798.890 2
798.953 2
799.017 0
799.081 0
799.145 0
799.208 1
799.272 1
799.336 1
799.399 1
799.463 1
799.527 1
799.591 1
799.654 1
799.718 1
799.782 3
799.845 6
799.909 8
799.973 10
800.037 12
800.100 13
800.164 15
800.228 21
800.292 24
800.355 26
800.419 29
800.483 30
800.547 28
800.610 26
800.674 22
800.738 19
800.802 18
800.865 18
800.929 15
800.993 17
801.057 17
801.121 17
801.184 17
801.248 19
801.312 18
801.376 17
801.439 17
801.503 14
801.567 13
801.631 13
801.695 13
801.758 14
801.822 16
801.886 14
801.950 13
802.014 8
802.078 8
802.141 11
802.205 11
802.269 14
802.333 13
802.397 9
802.460 8
802.524 6
802.588 5
802.652 3
802.716 3
802.780 6
802.844 10
802.907 11
802.971 13
803.035 18
803.099 15
803.163 15
803.227 14
803.291 13
803.354 13
803.418 16
803.482 15
803.546 15
803.610 13
803.674 8
803.738 7
803.802 6
803.865 5
803.929 4
803.993 3
804.057 3
804.121 5
804.185 6
804.249 7
804.313 11
804.377 13
804.441 14
804.505 17
804.568 16
804.632 17
804.696 25
804.760 28
804.824 29
804.888 33
804.952 35
805.016 36
805.080 39
805.144 36
805.208 35
805.272 30
805.336 26
805.400 21
805.464 13
805.528 12
805.592 10
805.655 11
805.719 13
805.783 14
805.847 15
805.911 19
805.975 21
806.039 18
806.103 15
806.167 11
806.231 10
806.295 13
806.359 17
806.423 17
806.487 18
806.551 14
806.615 10
806.679 7
806.743 8
806.807 12
806.871 14
806.935 23
806.999 20
807.063 21
807.127 21
807.191 16
807.255 16
807.319 16
807.383 17
807.447 10
807.512 9
807.576 6
807.640 5
807.704 7
807.768 7
807.832 7
807.896 8
807.960 8
808.024 11
808.088 14
808.152 19
808.216 23
808.280 21
808.344 18
808.408 14
808.472 12
808.536 14
808.601 15
808.665 15
808.729 14
808.793 14
808.857 15
808.921 20
808.985 19
809.049 18
809.113 18
809.177 15
809.241 14
809.306 14
809.370 10
809.434 6
809.498 4
809.562 3
809.626 5
809.690 5
809.754 10
809.819 11
809.883 13
809.947 15
810.011 17
810.075 15
810.139 12
810.203 10
810.268 7
810.332 6
810.396 5
810.460 3
810.524 3
810.588 3
810.652 4
810.717 4
810.781 12
810.845 19
810.909 25
810.973 24
811.038 25
811.102 19
811.166 14
811.230 12
811.294 7
811.358 5
811.423 3
811.487 4
811.551 4
811.615 8
811.679 15
811.744 15
811.808 16
811.872 21
811.936 19
812.000 19
812.065 19
812.129 14
812.193 14
812.257 18
812.322 18
812.386 19
812.450 16
812.514 10
812.579 7
812.643 5
812.707 4
812.771 2
812.836 1
812.900 0
812.964 0
813.028 1
813.093 1
813.157 1
813.221 1
813.285 2
813.350 2
813.414 2
813.478 2
813.542 0
813.607 0
813.671 1
813.735 2
813.800 3
813.864 7
813.928 6
813.992 5
814.057 4
814.121 1
814.185 1
814.250 4
814.314 5
814.378 5
814.443 6
814.507 4
814.571 8
814.636 7
814.700 8
814.764 8
814.829 5
814.893 5
814.957 3
815.022 6
815.086 6
815.150 5
815.215 7
815.279 6
815.343 5
815.408 6
815.472 7
815.536 6
815.601 3
815.665 4
815.729 3
815.794 3
815.858 3
815.923 0
815.987 0
816.051 0
816.116 0
816.180 1
816.244 3
816.309 4
816.373 6
816.438 7
816.502 5
816.566 4
816.631 2
816.695 1
816.760 1
816.824 1
816.888 3
816.953 4
817.017 9
817.082 12
817.146 18
817.211 20
817.275 20
817.339 19
817.404 20
817.468 17
817.533 14
817.597 14
817.662 12
817.726 15
817.791 17
817.855 17
817.919 16
817.984 21
818.048 20
818.113 23
818.177 27
818.242 28
818.306 36
818.371 38
818.435 38
818.500 34
818.564 26
818.629 20
818.693 15
818.758 14
818.822 12
818.887 12
818.951 9
819.016 10
819.080 11
819.145 12
819.209 15
819.274 15
819.338 13
819.403 11
819.467 8
819.532 5
819.596 4
819.661 3
819.725 2
819.790 5
819.854 8
819.919 11
819.983 13
820.048 15
820.112 17
820.177 19
820.241 24
820.306 20
820.371 16
820.435 13
820.500 9
820.564 11
820.629 11
820.693 12
820.758 14
820.823 16
820.887 20
820.952 22
821.016 18
821.081 17
821.145 17
821.210 18
821.275 26
821.339 24
821.404 24
821.468 20
821.533 15
821.598 14
821.662 13
821.727 14
821.791 13
821.856 13
821.921 9
821.985 7
822.050 9
822.114 9
822.179 10
822.244 9
822.308 7
822.373 6
822.438 6
822.502 5
822.567 4
822.631 3
822.696 1
822.761 1
822.825 2
822.890 3
822.955 3
823.019 3
823.084 1
823.149 0
823.213 0
823.278 2
823.343 3
823.407 6
823.472 10
823.537 11
823.601 16
823.666 15
823.731 13
823.795 14
823.860 11
823.925 11
823.990 11
824.054 10
824.119 9
824.184 10
824.248 8
824.313 5
824.378 3
824.442 2
824.507 5
824.572 8
824.637 11
824.701 14
824.766 13
824.831 12
824.896 11
824.960 4
825.025 4
825.090 4
825.154 7
825.219 6
825.284 9
825.349 12
825.413 18
825.478 21
825.543 24
825.608 26
825.673 31
825.737 36
825.802 34
825.867 34
825.932 31
825.996 26
826.061 23
826.126 18
826.191 15
826.255 16
826.320 18
826.385 18
826.450 24
826.515 22
826.579 20
826.644 17
826.709 12
826.774 15
826.839 17
826.903 19
826.968 22
827.033 22
827.098 22
827.163 22
827.228 19
827.292 19
827.357 19
827.422 19
827.487 21
827.552 19
827.617 19
827.681 18
827.746 15
827.811 16
827.876 20
827.941 21
828.006 24
828.071 24
828.135 19
828.200 16
828.265 12
828.330 9
828.395 6
828.460 6
828.525 2
828.589 3
828.654 3
828.719 2
828.784 2
828.849 3
828.914 6
828.979 11
829.044 16
829.109 21
829.173 27
829.238 29
829.303 34
829.368 29
829.433 21
829.498 17
829.563 12
829.628 12
829.693 11
829.758 9
829.823 7
829.888 5
829.952 10
830.017 10
830.082 7
830.147 6
830.212 5
830.277 4
830.342 3
830.407 2
830.472 1
830.537 0
830.602 1
830.667 2
830.732 3
830.797 7
830.862 10
830.927 11
830.992 13
831.057 10
831.122 9
831.187 7
831.252 8
831.317 7
831.382 10
831.447 11
831.512 14
831.577 14
831.642 14
831.707 15
831.772 16
831.837 18
831.902 25
831.967 25
832.032 23
832.097 23
832.162 21
832.227 21
832.292 21
832.357 21
832.422 18
832.487 16
832.552 16
832.617 14
832.682 10
832.747 12
832.812 13
832.877 18
832.942 22
833.007 26
833.072 29
833.137 27
833.202 29
833.267 26
833.332 23
833.398 22
833.463 22
833.528 19
833.593 17
833.658 14
833.723 11
833.788 17
833.853 19
833.918 19
833.983 22
834.048 28
834.113 26
834.179 24
834.244 24
834.309 15
834.374 15
834.439 16
834.504 17
834.569 17
834.634 21
834.699 20
834.765 20
834.830 20
834.895 17
834.960 17
835.025 18
835.090 19
835.155 21
835.220 24
835.286 24
835.351 30
835.416 36
835.481 43
835.546 50
835.611 42
835.677 34
835.742 25
835.807 16
835.872 15
835.937 14
836.002 13
836.068 11
836.133 17
836.198 23
836.263 29
836.328 36
836.393 33
836.459 30
836.524 27
836.589 22
836.654 22
836.719 22
836.785 22
836.850 18
836.915 17
836.980 18
837.045 17
837.111 16
837.176 16
837.241 14
837.306 14
837.372 12
837.437 20
837.502 24
837.567 28
837.632 33
837.698 26
837.763 23
837.828 20
837.893 18
837.959 15
838.024 12
838.089 9
838.154 5
838.220 5
838.285 5
838.350 5
838.415 5
838.481 7
838.546 9
838.611 11
838.677 15
838.742 15
838.807 15
838.872 15
838.938 16
839.003 17
839.068 18
839.134 18
839.199 16
839.264 17
839.329 17
839.395 16
839.460 11
839.525 10
839.591 9
839.656 9
839.721 10
839.787 17
839.852 21
839.917 34
839.983 46
840.048 79
840.113 119
840.179 164
840.244 217
840.309 222
840.375 225
840.440 197
840.505 169
840.571 134
840.636 98
840.701 78
840.767 54
840.832 69
840.897 82
840.963 108
841.028 133
841.094 187
841.159 235
841.224 282
841.290 331
841.355 308
841.420 280
841.486 234
841.551 188
841.617 149
841.682 117
841.747 92
841.813 64
841.878 75
841.944 83
842.009 98
842.074 115
842.140 153
842.205 195
842.271 236
842.336 278
842.402 246
842.467 215
842.532 176
842.598 135
842.663 112
842.729 95
842.794 79
842.860 62
842.925 66
842.990 77
843.056 83
843.121 88
843.187 100
843.252 107
843.318 115
843.383 124
843.449 105
843.514 92
843.580 79
843.645 65
843.711 63
843.776 58
843.842 51
843.907 45
843.972 45
844.038 43
844.103 45
844.169 47
844.234 48
844.300 49
844.365 55
844.431 64
844.496 58
844.562 52
844.627 46
844.693 37
844.758 41
844.824 42
844.890 41
844.955 39
845.021 41
845.086 39
845.152 36
845.217 30
845.283 27
845.348 23
845.414 22
845.479 21
845.545 21
845.610 20
845.676 22
845.742 26
845.807 27
845.873 29
845.938 31
846.004 32
846.069 34
846.135 33
846.200 31
846.266 31
846.332 29
846.397 34
846.463 33
846.528 36
846.594 36
846.660 33
846.725 35
846.791 36
846.856 33
846.922 28
846.988 26
847.053 21
847.119 21
847.184 24
847.250 24
847.316 21
847.381 21
847.447 22
847.512 20
847.578 19
847.644 19
847.709 17
847.775 19
847.841 24
847.906 23
847.972 21
848.038 19
848.103 17
848.169 20
848.234 24
848.300 28
848.366 35
848.431 32
848.497 30
848.563 28
848.628 22
848.694 23
848.760 23
848.825 20
848.891 17
848.957 13
849.022 10
849.088 8
849.154 5
849.220 6
849.285 9
849.351 11
849.417 15
849.482 15
849.548 18
849.614 15
849.679 15
849.745 16
849.811 17
849.877 21
849.942 27
850.008 28
850.074 23
850.139 17
850.205 8
850.271 9
850.337 12
850.402 17
850.468 19
850.534 20
850.600 21
850.665 18
850.731 15
850.797 14
850.863 12
850.928 13
850.994 12
851.060 11
851.126 11
851.191 10
851.257 7
851.323 11
851.389 13
851.455 15
851.520 20
851.586 19
851.652 20
851.718 21
851.783 25
851.849 20
851.915 15
851.981 10
852.047 5
852.112 4
852.178 3
852.244 2
852.310 1
852.376 1
852.442 1
852.507 2
852.573 3
852.639 4
852.705 7
852.771 8
852.836 10
852.902 12
852.968 10
853.034 9
853.100 9
853.166 7
853.232 8
853.297 10
853.363 8
853.429 14
853.495 15
853.561 15
853.627 16
853.693 18
853.758 18
853.824 20
853.890 25
853.956 20
854.022 17
854.088 15
854.154 14
854.220 19
854.285 24
854.351 31
854.417 38
854.483 36
854.549 36
854.615 33
854.681 31
854.747 32
854.813 35
854.879 34
854.944 35
855.010 31
855.076 27
855.142 25
855.208 23
855.274 21
855.340 21
855.406 19
855.472 14
855.538 13
855.604 11
855.670 10
855.736 8
855.802 10
855.868 11
855.933 13
855.999 16
856.065 28
856.131 40
856.197 52
856.263 65
856.329 60
856.395 55
856.461 50
856.527 42
856.593 39
856.659 34
856.725 29
856.791 22
856.857 25
856.923 24
856.989 23
857.055 21
857.121 26
857.187 31
857.253 37
857.319 44
857.385 41
857.451 42
857.517 41
857.583 38
857.649 43
857.715 48
857.781 53
857.847 61
857.913 63
857.979 69
858.045 70
858.111 71
858.177 76
858.243 73
858.309 69
858.376 67
858.442 56
858.508 49
858.574 43
858.640 33
858.706 26
858.772 21
858.838 17
858.904 13
858.970 10
859.036 10
859.102 9
859.168 8
859.234 13
859.300 12
859.367 11
859.433 10
859.499 8
859.565 8
859.631 9
859.697 12
859.763 11
859.829 11
859.895 13
859.961 14
860.028 17
860.094 22
860.160 24
860.226 26
860.292 27
860.358 25
860.424 25
860.490 22
860.557 19
860.623 13
860.689 11
860.755 7
860.821 8
860.887 9
860.953 11
861.020 10
861.086 17
861.152 24
861.218 27
861.284 33
861.350 28
861.416 24
861.483 22
861.549 19
861.615 19
861.681 18
861.747 19
861.814 16
861.880 17
861.946 18
862.012 18
862.078 19
862.144 17
862.211 15
862.277 13
862.343 10
862.409 11
862.475 15
862.542 18
862.608 19
862.674 19
862.740 18
862.807 18
862.873 17
862.939 17
863.005 16
863.071 14
863.138 12
863.204 13
863.270 13
863.336 14
863.403 19
863.469 19
863.535 15
863.601 15
863.668 13
863.734 13
863.800 13
863.866 18
863.933 15
863.999 14
864.065 13
864.132 8
864.198 9
864.264 8
864.330 8
864.397 6
864.463 5
864.529 5
864.595 5
864.662 6
864.728 4
864.794 6
864.861 9
864.927 11
864.993 12
865.060 14
865.126 12
865.192 11
865.259 11
865.325 10
865.391 11
865.457 12
865.524 16
865.590 15
865.656 14
865.723 13
865.789 6
865.855 5
865.922 5
865.988 6
866.054 4
866.121 4
866.187 6
866.254 4
866.320 4
866.386 4
866.453 1
866.519 3
866.585 3
866.652 4
866.718 6
866.784 6
866.851 6
866.917 7
866.984 9
867.050 7
867.116 8
867.183 7
867.249 6
867.316 7
867.382 8
867.448 11
867.515 14
867.581 17
867.648 21
867.714 19
867.780 26
867.847 24
867.913 22
867.980 23
868.046 28
868.112 26
868.179 25
868.245 20
868.312 16
868.378 14
868.445 10
868.511 9
868.578 6
868.644 5
868.710 3
868.777 4
868.843 3
868.910 4
868.976 6
869.043 9
869.109 15
869.176 21
869.242 25
869.309 24
869.375 21
869.442 16
869.508 9
869.575 8
869.641 5
869.707 4
869.774 1
869.840 4
869.907 5
869.973 6
870.040 10
870.106 12
870.173 15
870.239 20
870.306 27
870.373 22
870.439 20
870.506 15
870.572 7
870.639 6
870.705 5
870.772 5
870.838 3
870.905 3
870.971 2
871.038 1
871.104 2
871.171 5
871.237 9
871.304 17
871.371 24
871.437 27
871.504 31
871.570 29
871.637 26
871.703 23
871.770 20
871.836 16
871.903 12
871.970 12
872.036 12
872.103 13
872.169 15
872.236 15
872.303 14
872.369 14
872.436 12
872.502 11
872.569 9
872.635 8
872.702 6
872.769 6
872.835 6
872.902 6
872.969 8
873.035 9
873.102 10
873.168 11
873.235 12
873.302 11
873.368 10
873.435 9
873.502 8
873.568 9
873.635 9
873.701 9
873.768 13
873.835 13
873.901 14
873.968 15
874.035 16
874.101 14
874.168 12
874.235 11
874.301 7
874.368 6
874.435 6
874.501 4
874.568 2
874.635 2
874.701 3
874.768 3
874.835 6
874.901 7
874.968 8
875.035 12
875.102 18
875.168 26
875.235 34
875.302 35
875.368 37
875.435 42
875.502 40
875.568 37
875.635 34
875.702 30
875.769 28
875.835 28
875.902 25
875.969 24
876.036 23
876.102 21
876.169 19
876.236 18
876.303 16
876.369 16
876.436 18
876.503 15
876.569 15
876.636 15
876.703 15
876.770 21
876.837 27
876.903 27
876.970 30
877.037 29
877.104 24
877.170 22
877.237 20
877.304 16
877.371 12
877.438 11
877.504 11
877.571 11
877.638 12
877.705 12
877.771 9
877.838 7
877.905 7
877.972 6
878.039 3
878.106 3
878.172 1
878.239 1
878.306 3
878.373 3
878.440 3
878.506 5
878.573 5
878.640 10
878.707 15
878.774 19
878.841 21
878.907 21
878.974 20
879.041 19
879.108 28
879.175 27
879.242 24
879.309 23
879.375 21
879.442 20
879.509 17
879.576 15
879.643 11
879.710 10
879.777 10
879.844 10
879.910 11
879.977 12
880.044 15
880.111 16
880.178 17
880.245 15
880.312 12
880.379 10
880.446 5
880.512 5
880.579 4
880.646 5
880.713 4
880.780 6
880.847 8
880.914 9
880.981 12
881.048 12
881.115 12
881.182 12
881.249 12
881.316 10
881.382 8
881.449 7
881.516 5
881.583 7
881.650 10
881.717 10
881.784 9
881.851 11
881.918 16
881.985 19
882.052 23
882.119 21
882.186 17
882.253 15
882.320 13
882.387 13
882.454 11
882.521 11
882.588 9
882.655 9
882.722 9
882.789 9
882.856 7
882.923 7
882.990 7
883.057 7
883.124 7
883.191 9
883.258 12
883.325 17
883.392 23
883.459 26
883.526 26
883.593 24
883.660 23
883.727 21
883.794 17
883.861 17
883.928 17
883.995 17
884.062 19
884.129 20
884.196 19
884.263 24
884.330 30
884.397 30
884.464 32
884.531 32
884.599 25
884.666 21
884.733 18
884.800 12
884.867 10
884.934 10
885.001 12
885.068 11
885.135 10
885.202 11
885.269 15
885.336 14
885.403 14
885.471 13
885.538 8
885.605 9
885.672 9
885.739 10
885.806 14
885.873 13
885.940 13
886.007 13
886.075 12
886.142 15
886.209 16
886.276 17
886.343 19
886.410 14
886.477 10
886.544 6
886.612 2
886.679 2
886.746 2
886.813 3
886.880 3
886.947 6
887.014 8
887.082 10
887.149 16
887.216 18
887.283 23
887.350 26
887.417 30
887.485 30
887.552 29
887.619 27
887.686 23
887.753 24
887.820 28
887.888 31
887.955 40
888.022 36
888.089 36
888.156 30
888.224 22
888.291 22
888.358 19
888.425 22
888.492 26
888.560 35
888.627 41
888.694 46
888.761 51
888.829 45
888.896 44
888.963 42
889.030 35
889.097 30
889.165 26
889.232 28
889.299 20
889.366 19
889.434 18
889.501 17
889.568 18
889.635 21
889.703 26
889.770 28
889.837 32
889.904 30
889.972 32
890.039 28
890.106 24
890.174 26
890.241 22
890.308 20
890.375 18
890.443 14
890.510 13
890.577 13
890.645 15
890.712 13
890.779 12
890.846 13
890.914 14
890.981 14
891.048 14
891.116 13
891.183 12
891.250 11
891.318 11
891.385 10
891.452 11
891.520 14
891.587 14
891.654 14
891.722 17
891.789 22
891.856 22
891.924 23
891.991 24
892.058 19
892.126 17
892.193 15
892.260 13
892.328 11
892.395 9
892.462 7
892.530 5
892.597 6
892.665 7
892.732 7
892.799 4
892.867 3
892.934 3
893.001 3
893.069 3
893.136 4
893.204 4
893.271 5
893.338 10
893.406 10
893.473 10
893.541 11
893.608 8
893.675 10
893.743 9
893.810 7
893.878 5
893.945 6
894.013 10
894.080 15
894.147 19
894.215 18
894.282 17
894.350 15
894.417 13
894.485 11
894.552 9
894.619 7
894.687 5
894.754 6
894.822 6
894.889 6
894.957 6
895.024 10
895.092 14
895.159 18
895.227 23
895.294 26
895.362 30
895.429 34
895.496 41
895.564 40
895.631 37
895.699 35
895.766 31
895.834 25
895.901 21
895.969 16
896.036 11
896.104 10
896.171 9
896.239 8
896.306 4
896.374 4
896.441 4
896.509 4
896.576 7
896.644 8
896.712 8
896.779 8
896.847 11
896.914 9
896.982 8
897.049 7
897.117 5
897.184 6
897.252 7
897.319 8
897.387 8
897.454 8
897.522 9
897.590 10
897.657 10
897.725 11
897.792 15
897.860 15
897.927 15
897.995 16
898.063 14
898.130 15
898.198 16
898.265 14
898.333 11
898.400 10
898.468 8
898.536 9
898.603 10
898.671 10
898.738 12
898.806 12
898.874 12
898.941 13
899.009 12
899.077 13
899.144 17
899.212 17
899.279 18
899.347 18
899.415 15
899.482 16
899.550 17
899.618 17
899.685 20
899.753 19
899.820 15
899.888 15
899.956 17
900.023 16
900.091 18
900.159 17
900.226 13
900.294 13
900.362 15
900.429 15
900.497 13
900.565 14
900.632 13
900.700 13
900.768 13
900.835 12
900.903 10
900.971 11
901.038 11
901.106 11
901.174 8
901.242 7
901.309 7
901.377 9
901.445 11
901.512 12
901.580 14
901.648 13
901.715 10
901.783 10
901.851 9
901.919 10
901.986 11
902.054 12
902.122 10
902.190 8
902.257 7
902.325 8
902.393 6
902.461 7
902.528 10
902.596 7
902.664 8
902.732 7
902.799 5
902.867 5
902.935 6
903.003 6
903.070 6
903.138 6
903.206 3
903.274 3
903.341 6
903.409 6
903.477 6
903.545 6
903.613 4
903.680 7
903.748 10
903.816 14
903.884 23
903.952 20
904.019 17
904.087 13
904.155 8
904.223 9
904.291 10
904.358 11
904.426 11
904.494 10
904.562 9
904.630 8
904.698 5
904.765 5
904.833 5
904.901 5
904.969 5
905.037 6
905.105 7
905.172 8
905.240 11
905.308 11
905.376 12
905.444 14
905.512 17
905.580 19
905.647 26
905.715 25
905.783 25
905.851 24
905.919 23
905.987 21
906.055 22
906.123 18
906.190 13
906.258 12
906.326 10
906.394 10
906.462 10
906.530 11
906.598 10
906.666 15
906.734 17
906.801 15
906.869 14
906.937 11
907.005 9
907.073 8
907.141 7
907.209 4
907.277 2
907.345 4
907.413 6
907.481 9
907.549 13
907.617 16
907.685 20
907.752 21
907.820 18
907.888 16
907.956 16
908.024 15
908.092 12
908.160 11
908.228 11
908.296 10
908.364 10
908.432 11
908.500 8
908.568 10
908.636 11
908.704 11
908.772 13
908.840 13
908.908 14
908.976 15
909.044 16
909.112 15
909.180 14
909.248 14
909.316 10
909.384 12
909.452 13
909.520 13
909.588 15
909.656 15
909.724 17
909.792 20
909.860 26
909.928 25
909.996 24
910.064 20
910.132 13
910.200 13
910.268 16
910.336 17
910.404 18
910.472 18
910.540 17
910.608 16
910.677 14
910.745 13
910.813 9
910.881 9
910.949 7
911.017 13
911.085 19
911.153 29
911.221 35
911.289 41
911.357 46
911.425 48
911.493 56
911.561 58
911.630 60
911.698 60
911.766 60
911.834 54
911.902 46
911.970 39
912.038 31
912.106 30
912.174 30
912.243 30
912.311 27
912.379 28
912.447 29
912.515 32
912.583 33
912.651 33
912.719 35
912.788 35
912.856 38
912.924 36
912.992 35
913.060 35
913.128 34
913.196 39
913.265 42
913.333 41
913.401 43
913.469 38
913.537 31
913.605 24
913.674 16
913.742 15
913.810 14
913.878 17
913.946 20
914.014 27
914.083 29
914.151 30
914.219 32
914.287 26
914.355 27
914.424 25
914.492 21
914.560 21
914.628 24
914.696 21
914.765 16
914.833 20
914.901 23
914.969 29
915.037 39
915.106 38
915.174 33
915.242 32
915.310 28
915.379 28
915.447 26
915.515 22
915.583 20
915.652 23
915.720 24
915.788 24
915.856 27
915.925 23
915.993 20
916.061 18
916.129 13
916.198 11
916.266 11
916.334 11
916.402 9
916.471 10
916.539 11
916.607 12
916.675 11
916.744 13
916.812 15
916.880 18
916.949 20
917.017 19
917.085 18
917.154 16
917.222 10
917.290 13
917.358 16
917.427 19
917.495 26
917.563 30
917.632 31
917.700 32
917.768 32
917.837 26
917.905 22
917.973 18
918.042 13
918.110 14
918.178 14
918.247 15
918.315 16
918.383 17
918.452 20
918.520 18
918.588 13
918.657 9
918.725 5
918.794 4
918.862 6
918.930 6
918.999 7
919.067 8
919.135 9
919.204 10
919.272 10
919.341 11
919.409 15
919.477 15
919.546 16
919.614 16
919.682 15
919.751 13
919.819 12
919.888 11
919.956 8
920.024 12
920.093 12
920.161 12
920.230 15
920.298 14
920.367 18
920.435 20
920.503 23
920.572 20
920.640 15
920.709 12
920.777 9
920.846 8
920.914 6
920.982 6
921.051 5
921.119 7
921.188 9
921.256 10
921.325 12
921.393 12
921.462 12
921.530 12
921.599 14
921.667 15
921.736 17
921.804 19
921.872 18
921.941 21
922.009 27
922.078 27
922.146 26
922.215 26
922.283 26
922.352 28
922.420 30
922.489 31
922.557 33
922.626 35
922.694 38
922.763 45
922.831 47
922.900 51
922.968 55
923.037 50
923.106 46
923.174 40
923.243 31
923.311 27
923.380 26
923.448 25
923.517 21
923.585 22
923.654 27
923.722 30
923.791 29
923.859 34
923.928 38
923.997 43
924.065 45
924.134 53
924.202 61
924.271 65
924.339 70
924.408 61
924.477 49
924.545 40
924.614 31
924.682 24
924.751 17
924.819 12
924.888 7
924.957 12
925.025 20
925.094 26
925.162 34
925.231 38
925.300 42
925.368 44
925.437 49
925.505 42
925.574 31
925.643 24
925.711 18
925.780 17
925.849 17
925.917 17
925.986 17
926.054 16
926.123 15
926.192 14
926.260 14
926.329 15
926.398 17
926.466 18
926.535 23
926.604 22
926.672 20
926.741 19
926.810 15
926.878 17
926.947 19
927.016 21
927.084 24
927.153 24
927.222 25
927.290 28
927.359 29
927.428 31
927.496 36
927.565 32
927.634 28
927.702 23
927.771 16
927.840 15
927.909 11
927.977 15
928.046 17
928.115 20
928.183 24
928.252 23
928.321 22
928.390 22
928.458 20
928.527 18
928.596 16
928.665 13
928.733 11
928.802 11
928.871 11
928.939 11
929.008 11
929.077 14
929.146 17
929.214 20
929.283 24
929.352 23
929.421 23
929.490 23
929.558 21
929.627 21
929.696 20
929.765 21
929.833 17
929.902 18
929.971 20
930.040 17
930.108 18
930.177 20
930.246 20
930.315 19
930.384 20
930.452 18
930.521 17
930.590 17
930.659 14
930.728 15
930.797 19
930.865 21
930.934 24
931.003 22
931.072 18
931.141 15
931.209 9
931.278 13
931.347 18
931.416 19
931.485 23
931.554 22
931.622 19
931.691 20
931.760 24
931.829 23
931.898 22
931.967 24
932.036 21
932.104 27
932.173 27
932.242 28
932.311 29
932.380 28
932.449 27
932.518 22
932.587 23
932.655 30
932.724 39
932.793 51
932.862 61
932.931 59
933.000 54
933.069 46
933.138 38
933.207 35
933.275 39
933.344 36
933.413 32
933.482 27
933.551 22
933.620 20
933.689 16
933.758 13
933.827 10
933.896 8
933.965 5
934.034 5
934.103 8
934.171 11
934.240 12
934.309 17
934.378 19
934.447 22
934.516 28
934.585 36
934.654 42
934.723 45
934.792 45
934.861 41
934.930 43
934.999 42
935.068 42
935.137 36
935.206 32
935.275 34
935.344 34
935.413 41
935.482 50
935.551 45
935.620 45
935.689 41
935.758 32
935.827 31
935.896 32
935.965 31
936.034 31
936.103 33
936.172 38
936.241 44
936.310 51
936.379 54
936.448 58
936.517 56
936.586 52
936.655 46
936.724 39
936.793 35
936.862 33
936.931 36
937.000 43
937.069 93
937.138 145
937.207 213
937.276 292
937.345 329
937.415 359
937.484 367
937.553 367
937.622 317
937.691 265
937.760 212
937.829 156
937.898 144
937.967 134
938.036 143
938.105 154
938.174 197
938.243 246
938.313 290
938.382 335
938.451 327
938.520 322
938.589 295
938.658 261
938.727 220
938.796 182
938.865 150
938.934 114
939.004 124
939.073 133
939.142 164
939.211 199
939.280 227
939.349 250
939.418 259
939.488 268
939.557 238
939.626 211
939.695 175
939.764 134
939.833 109
939.902 83
939.972 73
940.041 61
940.110 62
940.179 68
940.248 75
940.317 88
940.387 93
940.456 97
940.525 95
940.594 88
940.663 74
940.732 60
940.802 49
940.871 38
940.940 38
941.009 39
941.078 43
941.148 51
941.217 52
941.286 56
941.355 59
941.424 59
941.494 60
941.563 60
941.632 56
941.701 51
941.770 48
941.840 42
941.909 41
941.978 36
942.047 40
942.117 44
942.186 48
942.255 56
942.324 57
942.394 58
942.463 59
942.532 59
942.601 55
942.671 48
942.740 44
942.809 38
942.878 38
942.948 37
943.017 36
943.086 35
943.155 32
943.225 30
943.294 28
943.363 25
943.433 25
943.502 28
943.571 29
943.640 32
943.710 31
943.779 30
943.848 27
943.918 22
943.987 20
944.056 17
944.126 18
944.195 16
944.264 18
944.334 19
944.403 20
944.472 24
944.542 27
944.611 28
944.680 29
944.749 34
944.819 35
944.888 34
944.958 36
945.027 38
945.096 35
945.166 34
945.235 32
945.304 29
945.374 32
945.443 34
945.512 34
945.582 36
945.651 30
945.720 25
945.790 21
945.859 17
945.929 19
945.998 21
946.067 23
946.137 26
946.206 27
946.275 26
946.345 25
946.414 22
946.484 20
946.553 20
946.622 20
946.692 17
946.761 17
946.831 18
946.900 18
946.970 21
947.039 20
947.108 18
947.178 17
947.247 14
947.317 13
947.386 12
947.455 11
947.525 8
947.594 11
947.664 14
947.733 17
947.803 21
947.872 26
947.942 34
948.011 39
948.081 46
948.150 42
948.219 34
948.289 27
948.358 18
948.428 15
948.497 13
948.567 13
948.636 15
948.706 19
948.775 26
948.845 30
948.914 35
948.984 37
949.053 42
949.123 43
949.192 46
949.262 40
949.331 32
949.401 27
949.470 22
949.540 21
949.609 20
949.679 19
949.748 16
949.818 16
949.887 18
949.957 22
950.026 27
950.096 38
950.165 45
950.235 49
950.304 57
950.374 51
950.444 43
950.513 38
950.583 34
950.652 32
950.722 28
950.791 27
950.861 20
950.930 24
951.000 29
951.070 35
951.139 38
951.209 42
951.278 43
951.348 47
951.417 51
951.487 47
951.557 43
951.626 38
951.696 34
951.765 33
951.835 32
951.905 31
951.974 29
952.044 32
952.113 38
952.183 41
952.253 49
952.322 54
952.392 62
952.461 68
952.531 72
952.601 68
952.670 65
952.740 60
952.810 52
952.879 52
952.949 49
953.019 53
953.088 55
953.158 74
953.227 97
953.297 114
953.367 134
953.436 127
953.506 115
953.576 100
953.645 84
953.715 72
953.785 62
953.854 58
953.924 53
953.994 61
954.063 73
954.133 85
954.203 95
954.273 106
954.342 116
954.412 122
954.482 130
954.551 123
954.621 111
954.691 96
954.760 81
954.830 73
954.900 62
954.970 56
955.039 49
955.109 55
955.179 60
955.248 71
955.318 81
955.388 81
955.458 80
955.527 74
955.597 76
955.667 71
955.737 69
955.806 67
955.876 65
955.946 64
956.015 62
956.085 57
956.155 51
956.225 52
956.295 50
956.364 49
956.434 50
956.504 45
956.574 41
956.643 39
956.713 35
956.783 36
956.853 39
956.922 42
956.992 45
957.062 43
957.132 41
957.202 41
957.271 37
957.341 34
957.411 31
957.481 28
957.551 23
957.620 25
957.690 28
957.760 26
957.830 27
957.900 28
957.970 27
958.039 29
958.109 33
958.179 31
958.249 23
958.319 19
958.389 15
958.458 15
958.528 14
958.598 13
958.668 9
958.738 10
958.808 11
958.877 11
958.947 11
959.017 15
959.087 15
959.157 16
959.227 18
959.297 21
959.367 26
959.436 31
959.506 37
959.576 32
959.646 30
959.716 27
959.786 24
959.856 23
959.926 20
959.996 19
960.065 16
960.135 16
960.205 13
960.275 14
960.345 15
960.415 16
960.485 20
960.555 20
960.625 19
960.695 21
960.765 21
960.835 23
960.904 25
960.974 28
961.044 31
961.114 30
961.184 32
961.254 28
961.324 24
961.394 22
961.464 16
961.534 18
961.604 20
961.674 24
961.744 29
961.814 29
961.884 28
961.954 28
962.024 31
962.094 35
962.164 36
962.234 37
962.304 38
962.374 33
962.444 29
962.514 26
962.584 24
962.654 22
962.724 24
962.794 25
962.864 27
962.934 29
963.004 33
963.074 32
963.144 32
963.214 33
963.284 33
963.354 36
963.424 40
963.494 33
963.564 27
963.634 22
963.704 16
963.774 14
963.844 11
963.914 9
963.984 7
964.054 7
964.124 8
964.194 9
964.264 12
964.334 14
964.404 16
964.474 18
964.544 22
964.614 21
964.685 20
964.755 20
964.825 20
964.895 22
964.965 23
965.035 23
965.105 25
965.175 25
965.245 25
965.315 25
965.385 26
965.456 27
965.526 31
965.596 33
965.666 33
965.736 32
965.806 29
965.876 28
965.946 24
966.016 24
966.087 25
966.157 25
966.227 27
966.297 35
966.367 42
966.437 50
966.507 61
966.577 60
966.648 58
966.718 54
966.788 48
966.858 45
966.928 42
966.998 41
967.068 36
967.139 45
967.209 58
967.279 66
967.349 78
967.419 79
967.489 77
967.560 79
967.630 80
967.700 70
967.770 62
967.840 51
967.911 39
967.981 48
968.051 52
968.121 60
968.191 72
968.262 81
968.332 96
968.402 109
968.472 122
968.542 113
968.613 104
968.683 93
968.753 80
968.823 73
968.894 65
968.964 59
969.034 50
969.104 52
969.174 53
969.245 53
969.315 57
969.385 55
969.455 52
969.526 53
969.596 58
969.666 56
969.736 54
969.807 51
969.877 43
969.947 43
970.017 40
970.088 41
970.158 38
970.228 42
970.299 46
970.369 51
970.439 59
970.509 53
970.580 46
970.650 37
970.720 28
970.791 24
970.861 20
970.931 17
971.001 15
971.072 18
971.142 19
971.212 22
971.283 26
971.353 31
971.423 34
971.494 39
971.564 43
971.634 40
971.705 37
971.775 35
971.845 29
971.916 29
971.986 31
972.056 30
972.127 33
972.197 34
972.267 33
972.338 34
972.408 38
972.478 39
972.549 40
972.619 42
972.689 38
972.760 33
972.830 28
972.901 22
972.971 19
973.041 17
973.112 15
973.182 13
973.253 9
973.323 11
973.393 14
973.464 16
973.534 18
973.604 18
973.675 17
973.745 17
973.816 18
973.886 19
973.956 22
974.027 26
974.097 29
974.168 32
974.238 33
974.309 32
974.379 33
974.449 31
974.520 33
974.590 34
974.661 35
974.731 33
974.802 31
974.872 31
974.943 34
975.013 33
975.083 29
975.154 25
975.224 19
975.295 22
975.365 21
975.436 20
975.506 19
975.577 17
975.647 17
975.718 18
975.788 21
975.859 22
975.929 27
976.000 28
976.070 30
976.141 29
976.211 26
976.281 25
976.352 21
976.422 22
976.493 20
976.564 21
976.634 23
976.705 28
976.775 32
976.846 37
976.916 43
976.987 38
977.057 32
977.128 27
977.198 21
977.269 24
977.339 27
977.410 30
977.480 33
977.551 32
977.621 32
977.692 33
977.763 31
977.833 31
977.904 30
977.974 27
978.045 21
978.115 27
978.186 33
978.256 40
978.327 49
978.398 53
978.468 52
978.539 56
978.609 60
978.680 55
978.750 51
978.821 47
978.892 42
978.962 41
979.033 41
979.103 37
979.174 33
979.245 35
979.315 34
979.386 36
979.456 41
979.527 42
979.598 39
979.668 34
979.739 27
979.810 23
979.880 21
979.951 21
980.021 17
980.092 22
980.163 27
980.233 32
980.304 41
980.375 46
980.445 51
980.516 59
980.587 66
980.657 61
980.728 57
980.799 49
980.869 40
980.940 39
981.011 42
981.081 40
981.152 38
981.223 37
981.293 36
981.364 33
981.435 29
981.505 25
981.576 25
981.647 25
981.717 21
981.788 20
981.859 15
981.930 14
982.000 11
982.071 17
982.142 18
982.212 19
982.283 20
982.354 16
982.425 15
982.495 14
982.566 10
982.637 9
982.707 9
982.778 9
982.849 11
982.920 12
982.990 12
983.061 13
983.132 11
983.203 13
983.273 15
983.344 15
983.415 17
983.486 13
983.556 11
983.627 9
983.698 6
983.769 6
983.839 6
983.910 6
983.981 5
984.052 11
984.123 15
984.193 20
984.264 27
984.335 26
984.406 27
984.477 28
984.547 30
984.618 30
984.689 28
984.760 28
984.831 26
984.901 28
984.972 31
985.043 33
985.114 36
985.185 39
985.255 44
985.326 44
985.397 49
985.468 45
985.539 43
985.610 37
985.680 33
985.751 34
985.822 35
985.893 38
985.964 41
986.035 42
986.106 43
986.176 44
986.247 41
986.318 38
986.389 35
986.460 31
986.531 29
986.602 32
986.672 36
986.743 38
986.814 40
986.885 41
986.956 45
987.027 44
987.098 44
987.169 37
987.240 30
987.310 25
987.381 19
987.452 16
987.523 14
987.594 11
987.665 7
987.736 8
987.807 10
987.878 11
987.949 13
988.020 19
988.090 24
988.161 30
988.232 37
988.303 34
988.374 30
988.445 26
988.516 20
988.587 15
988.658 15
988.729 10
988.800 7
988.871 8
988.942 9
989.013 11
989.084 15
989.155 20
989.226 24
989.297 29
989.368 35
989.439 34
989.510 31
989.581 28
989.652 22
989.723 18
989.793 16
989.864 14
989.935 10
990.006 11
990.077 12
990.148 13
990.219 16
990.290 15
990.361 17
990.433 16
990.504 11
990.575 11
990.646 12
990.717 11
990.788 11
990.859 14
990.930 17
991.001 22
991.072 26
991.143 25
991.214 24
991.285 22
991.356 19
991.427 19
991.498 20
991.569 22
991.640 23
991.711 23
991.782 19
991.853 14
991.924 10
991.995 15
992.066 22
992.138 29
992.209 38
992.280 44
992.351 50
992.422 56
992.493 64
992.564 55
992.635 46
992.706 37
992.777 26
992.848 26
992.920 27
992.991 30
993.062 29
993.133 28
993.204 27
993.275 24
993.346 18
993.417 17
993.488 17
993.560 16
993.631 12
993.702 14
993.773 17
993.844 21
993.915 25
993.986 35
994.058 40
994.129 47
994.200 53
994.271 49
994.342 47
994.413 44
994.484 46
994.556 38
994.627 31
994.698 24
994.769 18
994.840 18
994.911 17
994.983 16
995.054 16
995.125 15
995.196 17
995.267 17
995.339 19
995.410 21
995.481 22
995.552 20
995.623 18
995.695 21
995.766 22
995.837 27
995.908 33
995.979 31
996.051 30
996.122 30
996.193 29
996.264 30
996.335 31
996.407 33
996.478 32
996.549 32
996.620 30
996.692 28
996.763 27
996.834 30
996.905 30
996.977 31
997.048 30
997.119 32
997.190 30
997.262 30
997.333 26
997.404 22
997.475 22
997.547 21
997.618 18
997.689 18
997.761 18
997.832 18
997.903 16
997.974 18
998.046 22
998.117 25
998.188 29
998.260 33
998.331 38
998.402 42
998.473 47
998.545 44
998.616 38
998.687 34
998.759 27
998.830 23
998.901 22
998.973 20
999.044 15
999.115 19
999.187 20
999.258 27
999.329 32
999.401 33
999.472 36
999.543 32
999.615 33
999.686 32
999.757 31
999.829 30
999.900 26
999.971 25
1000.043 22
1000.114 22
1000.185 17
1000.257 20
1000.328 22
1000.400 20
1000.471 24
1000.542 19
1000.614 16
1000.685 12
1000.757 9
1000.828 11
1000.899 13
1000.971 16
1001.042 15
1001.113 19
1001.185 24
1001.256 29
1001.328 38
1001.399 35
1001.471 31
1001.542 26
1001.613 17
1001.685 15
1001.756 13
1001.828 11
1001.899 8
1001.970 12
1002.042 16
1002.113 20
1002.185 25
1002.256 31
1002.328 37
1002.399 43
1002.471 50
1002.542 49
1002.613 49
1002.685 49
1002.756 47
1002.828 48
1002.899 46
1002.971 44
1003.042 38
1003.114 38
1003.185 31
1003.257 25
1003.328 15
1003.400 13
1003.471 14
1003.543 14
1003.614 15
1003.686 11
1003.757 10
1003.829 10
1003.900 6
1003.972 6
1004.043 6
1004.115 4
1004.186 8
1004.258 10
1004.329 10
1004.401 12
1004.472 14
1004.544 14
1004.615 17
1004.687 19
1004.758 25
1004.830 29
1004.901 33
1004.973 31
1005.044 26
1005.116 26
1005.187 21
1005.259 20
1005.331 19
1005.402 22
1005.474 24
1005.545 28
1005.617 33
1005.688 29
1005.760 25
1005.831 21
1005.903 12
1005.975 17
1006.046 23
1006.118 29
1006.189 35
1006.261 36
1006.333 40
1006.404 40
1006.476 42
1006.547 35
1006.619 25
1006.691 18
1006.762 10
1006.834 11
1006.905 10
1006.977 11
1007.049 14
1007.120 13
1007.192 13
1007.263 12
1007.335 14
1007.407 15
1007.478 16
1007.550 17
1007.622 19
1007.693 19
1007.765 19
1007.836 19
1007.908 20
1007.980 18
1008.051 17
1008.123 17
1008.195 15
1008.266 19
1008.338 23
1008.410 25
1008.481 31
1008.553 30
1008.625 29
1008.696 28
1008.768 26
1008.840 29
1008.911 31
1008.983 34
1009.055 38
1009.126 33
1009.198 28
1009.270 23
1009.342 17
1009.413 15
1009.485 12
1009.557 11
1009.628 8
1009.700 11
1009.772 11
1009.843 9
1009.915 5
1009.987 3
1010.059 6
1010.130 8
1010.202 11
1010.274 13
1010.346 13
1010.417 14
1010.489 17
1010.561 15
1010.632 14
1010.704 13
1010.776 9
1010.848 11
1010.919 13
1010.991 16
1011.063 19
1011.135 19
1011.207 19
1011.278 21
1011.350 21
1011.422 23
1011.494 27
1011.565 27
1011.637 32
1011.709 34
1011.781 37
1011.853 35
1011.924 36
1011.996 31
1012.068 23
1012.140 21
1012.211 16
1012.283 15
1012.355 15
1012.427 14
1012.499 11
1012.571 10
1012.642 7
1012.714 6
1012.786 4
1012.858 4
1012.930 4
1013.001 3
1013.073 2
1013.145 2
1013.217 3
1013.289 4
1013.361 6
1013.432 7
1013.504 8
1013.576 9
1013.648 12
1013.720 12
1013.792 12
1013.864 12
1013.935 14
1014.007 15
1014.079 15
1014.151 15
1014.223 16
1014.295 18
1014.367 18
1014.439 18
1014.510 18
1014.582 16
1014.654 17
1014.726 18
1014.798 21
1014.870 17
1014.942 13
1015.014 9
1015.086 5
1015.157 5
1015.229 5
1015.301 5
1015.373 3
1015.445 3
1015.517 3
1015.589 4
1015.661 2
1015.733 6
1015.805 8
1015.877 9
1015.949 13
1016.020 16
1016.092 14
1016.164 12
1016.236 7
1016.308 5
1016.380 5
1016.452 5
1016.524 3
1016.596 3
1016.668 7
1016.740 8
1016.812 12
1016.884 12
1016.956 11
1017.028 11
1017.100 12
1017.172 10
1017.244 6
1017.316 4
1017.388 1
1017.460 2
1017.532 3
1017.604 4
1017.676 8
1017.748 8
1017.820 10
1017.892 13
1017.964 13
1018.036 15
1018.108 18
1018.180 19
1018.252 17
1018.324 16
1018.396 14
1018.468 10
1018.540 8
1018.612 9
1018.684 8
1018.756 10
1018.828 13
1018.900 14
1018.972 15
1019.044 17
1019.116 19
1019.188 21
1019.260 23
1019.332 24
1019.404 27
1019.476 28
1019.548 29
1019.621 30
1019.693 32
1019.765 27
1019.837 23
1019.909 19
1019.981 13
1020.053 13
1020.125 12
1020.197 11
1020.269 10
1020.341 10
1020.413 13
1020.486 16
1020.558 21
1020.630 17
1020.702 14
1020.774 11
1020.846 7
1020.918 7
1020.990 7
1021.062 7
1021.135 8
1021.207 8
1021.279 8
1021.351 9
1021.423 8
1021.495 8
1021.567 8
1021.639 7
1021.712 9
1021.784 11
1021.856 13
1021.928 16
1022.000 17
1022.072 20
1022.144 24
1022.217 26
1022.289 32
1022.361 33
1022.433 33
1022.505 34
1022.577 34
1022.650 29
1022.722 24
1022.794 21
1022.866 14
1022.938 12
1023.011 10
1023.083 6
1023.155 2
1023.227 3
1023.299 5
1023.371 6
1023.444 4
1023.516 3
1023.588 3
1023.660 2
1023.733 3
1023.805 3
1023.877 1
1023.949 1
1024.021 1
1024.094 1
1024.166 1
1024.238 1
1024.310 3
1024.383 3
1024.455 3
1024.527 4
1024.599 2
1024.671 2
1024.744 2
1024.816 2
1024.888 3
1024.960 6
1025.033 9
1025.105 11
1025.177 15
1025.250 13
1025.322 12
1025.394 10
1025.466 6
1025.539 7
1025.611 7
1025.683 8
1025.755 10
1025.828 10
1025.900 11
1025.972 12
1026.045 14
1026.117 17
1026.189 16
1026.262 15
1026.334 15
1026.406 12
1026.478 12
1026.551 12
1026.623 14
1026.695 13
1026.768 12
1026.840 11
1026.912 7
1026.985 9
1027.057 11
1027.129 13
1027.202 16
1027.274 15
1027.346 17
1027.419 17
1027.491 12
1027.563 12
1027.636 9
1027.708 10
1027.780 12
1027.853 14
1027.925 15
1027.998 14
1028.070 16
1028.142 18
1028.215 19
1028.287 20
1028.359 22
1028.432 23
1028.504 23
1028.577 22
1028.649 19
1028.721 16
1028.794 13
1028.866 11
1028.939 5
1029.011 2
1029.083 2
1029.156 3
1029.228 6
1029.301 7
1029.373 8
1029.445 8
1029.518 9
1029.590 7
1029.663 5
1029.735 3
1029.807 1
1029.880 1
1029.952 2
1030.025 3
1030.097 5
1030.170 9
1030.242 9
1030.315 9
1030.387 11
1030.459 9
1030.532 8
1030.604 7
1030.677 4
1030.749 2
1030.822 4
1030.894 6
1030.967 9
1031.039 14
1031.112 16
1031.184 17
1031.257 19
1031.329 17
1031.402 16
1031.474 16
1031.547 15
1031.619 13
1031.692 11
1031.764 9
1031.837 8
1031.909 8
1031.982 8
1032.054 9
1032.127 11
1032.199 15
1032.272 17
1032.344 19
1032.417 24
1032.489 29
1032.562 28
1032.634 23
1032.707 15
1032.779 10
1032.852 7
1032.924 7
1032.997 9
1033.069 8
1033.142 9
1033.215 10
1033.287 12
1033.360 16
1033.432 19
1033.505 23
1033.577 27
1033.650 23
1033.722 19
1033.795 16
1033.868 14
1033.940 13
1034.013 13
1034.085 11
1034.158 8
1034.231 11
1034.303 17
1034.376 19
1034.448 22
1034.521 20
1034.593 14
1034.666 12
1034.739 9
1034.811 7
1034.884 6
1034.957 7
1035.029 5
1035.102 9
1035.174 13
1035.247 14
1035.320 18
1035.392 18
1035.465 17
1035.537 18
1035.610 18
1035.683 15
1035.755 9
1035.828 6
1035.901 3
1035.973 6
1036.046 8
1036.119 9
1036.191 13
1036.264 9
1036.337 6
1036.409 4
1036.482 2
1036.555 2
1036.627 2
1036.700 2
1036.773 2
1036.845 4
1036.918 6
1036.991 8
1037.063 11
1037.136 14
1037.209 17
1037.281 20
1037.354 26
1037.427 26
1037.500 26
1037.572 26
1037.645 27
1037.718 24
1037.790 21
1037.863 18
1037.936 12
1038.009 13
1038.081 14
1038.154 15
1038.227 17
1038.299 17
1038.372 17
1038.445 17
1038.518 20
1038.590 18
1038.663 16
1038.736 14
1038.809 12
1038.881 10
1038.954 9
1039.027 7
1039.100 4
1039.172 4
1039.245 3
1039.318 3
1039.391 2
1039.463 2
1039.536 2
1039.609 2
1039.682 3
1039.755 4
1039.827 5
1039.900 6
1039.973 6
1040.046 10
1040.119 14
1040.191 18
1040.264 23
1040.337 21
1040.410 19
1040.483 17
1040.555 11
1040.628 13
1040.701 15
1040.774 17
1040.847 20
1040.919 20
1040.992 20
1041.065 20
1041.138 22
1041.211 28
1041.284 34
1041.356 40
1041.429 48
1041.502 46
1041.575 44
1041.648 42
1041.721 40
1041.794 35
1041.866 30
1041.939 25
1042.012 18
1042.085 18
1042.158 19
1042.231 21
1042.304 21
1042.376 22
1042.449 26
1042.522 23
1042.595 19
1042.668 20
1042.741 18
1042.814 20
1042.887 23
1042.960 21
1043.032 22
1043.105 21
1043.178 19
1043.251 24
1043.324 31
1043.397 36
1043.470 42
1043.543 43
1043.616 39
1043.689 36
1043.762 31
1043.835 25
1043.907 22
1043.980 20
1044.053 15
1044.126 16
1044.199 16
1044.272 16
1044.345 14
1044.418 16
1044.491 16
1044.564 16
1044.637 18
1044.710 15
1044.783 15
1044.856 15
1044.929 13
1045.002 13
1045.075 13
1045.148 13
1045.221 12
1045.294 12
1045.367 12
1045.440 12
1045.513 9
1045.586 9
1045.659 10
1045.732 11
1045.805 11
1045.878 13
1045.951 13
1046.024 12
1046.097 12
1046.170 8
1046.243 5
1046.316 3
1046.389 2
1046.462 2
1046.535 2
1046.608 2
1046.681 3
1046.754 7
1046.827 11
1046.900 15
1046.973 21
1047.046 19
1047.119 18
1047.192 17
1047.265 11
1047.338 12
1047.411 11
1047.484 10
1047.557 7
1047.630 6
1047.703 11
1047.776 13
1047.849 17
1047.923 19
1047.996 19
1048.069 17
1048.142 14
1048.215 16
1048.288 16
1048.361 17
1048.434 19
1048.507 13
1048.580 14
1048.653 15
1048.726 15
1048.800 16
1048.873 17
1048.946 17
1049.019 15
1049.092 15
1049.165 13
1049.238 12
1049.311 11
1049.385 9
1049.458 9
1049.531 9
1049.604 10
1049.677 11
1049.750 13
1049.823 15
1049.896 20
1049.970 25
1050.043 24
1050.116 23
1050.189 18
1050.262 16
1050.335 19
1050.409 21
1050.482 23
1050.555 26
1050.628 26
1050.701 27
1050.774 29
1050.848 24
1050.921 21
1050.994 18
1051.067 12
1051.140 10
1051.213 9
1051.287 8
1051.360 7
1051.433 12
1051.506 16
1051.579 19
1051.653 25
1051.726 23
1051.799 21
1051.872 20
1051.945 18
1052.019 14
1052.092 11
1052.165 8
1052.238 2
1052.312 3
1052.385 3
1052.458 3
1052.531 6
1052.604 6
1052.678 7
1052.751 8
1052.824 8
1052.897 8
1052.971 8
1053.044 9
1053.117 10
1053.190 10
1053.264 10
1053.337 9
1053.410 9
1053.484 8
1053.557 7
1053.630 6
1053.703 4
1053.777 4
1053.850 4
1053.923 4
1053.996 1
1054.070 2
1054.143 4
1054.216 5
1054.290 8
1054.363 8
1054.436 7
1054.510 8
1054.583 11
1054.656 10
1054.729 9
1054.803 7
1054.876 7
1054.949 7
1055.023 7
1055.096 7
1055.169 11
1055.243 10
1055.316 8
1055.389 7
1055.463 3
1055.536 2
1055.609 2
1055.683 1
1055.756 3
1055.829 3
1055.903 6
1055.976 6
1056.050 8
1056.123 8
1056.196 9
1056.270 8
1056.343 5
1056.416 4
1056.490 3
1056.563 3
1056.636 2
1056.710 3
1056.783 5
1056.857 6
1056.930 8
1057.003 15
1057.077 21
1057.150 28
1057.224 35
1057.297 35
1057.370 35
1057.444 35
1057.517 32
1057.591 28
1057.664 24
1057.737 20
1057.811 15
1057.884 14
1057.958 13
1058.031 12
1058.105 9
1058.178 8
1058.251 7
1058.325 6
1058.398 3
1058.472 6
1058.545 9
1058.619 12
1058.692 15
1058.766 14
1058.839 14
1058.913 14
1058.986 10
1059.059 12
1059.133 14
1059.206 16
1059.280 21
1059.353 20
1059.427 18
1059.500 16
1059.574 14
1059.647 13
1059.721 8
1059.794 6
1059.868 3
1059.941 2
1060.015 1
1060.088 2
1060.162 3
1060.235 5
1060.309 7
1060.382 8
1060.456 13
1060.529 17
1060.603 21
1060.676 25
1060.750 31
1060.823 28
1060.897 24
1060.970 19
1061.044 14
1061.117 14
1061.191 15
1061.265 13
1061.338 11
1061.412 8
1061.485 5
1061.559 6
1061.632 8
1061.706 9
1061.779 11
1061.853 12
1061.927 14
1062.000 15
1062.074 15
1062.147 16
1062.221 20
1062.294 19
1062.368 19
1062.442 19
1062.515 19
1062.589 21
1062.662 22
1062.736 22
1062.810 21
1062.883 24
1062.957 24
1063.030 22
1063.104 17
1063.178 13
1063.251 16
1063.325 16
1063.398 13
1063.472 11
1063.546 7
1063.619 7
1063.693 7
1063.766 7
1063.840 5
1063.914 6
1063.987 7
1064.061 9
1064.135 13
1064.208 12
1064.282 9
1064.356 9
1064.429 7
1064.503 9
1064.577 11
1064.650 10
1064.724 11
1064.798 10
1064.871 6
1064.945 7
1065.019 6
1065.092 7
1065.166 10
1065.240 9
1065.313 11
1065.387 10
1065.461 7
1065.534 9
1065.608 6
1065.682 6
1065.755 4
1065.829 5
1065.903 7
1065.977 8
1066.050 8
1066.124 6
1066.198 5
1066.271 5
1066.345 7
1066.419 6
1066.493 5
1066.566 4
1066.640 3
1066.714 3
1066.788 3
1066.861 3
1066.935 1
1067.009 2
1067.082 3
1067.156 5
1067.230 9
1067.304 10
1067.377 13
1067.451 13
1067.525 12
1067.599 11
1067.673 10
1067.746 8
1067.820 4
1067.894 3
1067.968 0
1068.041 0
1068.115 2
1068.189 6
1068.263 9
1068.337 13
1068.410 17
1068.484 17
1068.558 17
1068.632 17
1068.706 20
1068.779 18
1068.853 17
1068.927 17
1069.001 16
1069.075 17
1069.148 18
1069.222 17
1069.296 16
1069.370 14
1069.444 13
1069.518 12
1069.591 9
1069.665 11
1069.739 15
1069.813 18
1069.887 19
1069.961 23
1070.034 18
1070.108 16
1070.182 14
1070.256 9
1070.330 6
1070.404 6
1070.478 5
1070.551 3
1070.625 4
1070.699 4
1070.773 8
1070.847 12
1070.921 17
1070.995 22
1071.069 27
1071.142 25
1071.216 23
1071.290 21
1071.364 18
1071.438 17
1071.512 16
1071.586 15
1071.660 11
1071.734 12
1071.808 13
1071.881 14
1071.955 17
1072.029 19
1072.103 20
1072.177 18
1072.251 13
1072.325 9
1072.399 10
1072.473 8
1072.547 4
1072.621 5
1072.695 6
1072.769 11
1072.843 16
1072.917 17
1072.991 18
1073.064 18
1073.138 20
1073.212 18
1073.286 18
1073.360 15
1073.434 13
1073.508 14
1073.582 16
1073.656 19
1073.730 24
1073.804 25
1073.878 25
1073.952 22
1074.026 17
1074.100 20
1074.174 21
1074.248 24
1074.322 27
1074.396 33
1074.470 29
1074.544 27
1074.618 26
1074.692 17
1074.766 14
1074.840 11
1074.914 8
1074.988 7
1075.062 8
1075.136 8
1075.210 5
1075.284 7
1075.358 10
1075.432 9
1075.506 7
1075.580 5
1075.655 4
1075.729 4
1075.803 7
1075.877 12
1075.951 10
1076.025 12
1076.099 16
1076.173 17
1076.247 21
1076.321 25
1076.395 29
1076.469 31
1076.543 30
1076.617 28
1076.691 24
1076.765 23
1076.840 26
1076.914 28
1076.988 28
1077.062 26
1077.136 20
1077.210 15
1077.284 8
1077.358 5
1077.432 5
1077.506 5
1077.581 3
1077.655 2
1077.729 2
1077.803 3
1077.877 5
1077.951 7
1078.025 7
1078.099 7
1078.174 6
1078.248 8
1078.322 8
1078.396 8
1078.470 8
1078.544 7
1078.618 10
1078.693 11
1078.767 13
1078.841 11
1078.915 8
1078.989 8
1079.063 6
1079.138 7
1079.212 8
1079.286 8
1079.360 9
1079.434 8
1079.508 7
1079.583 7
1079.657 5
1079.731 12
1079.805 21
1079.879 29
1079.954 39
1080.028 102
1080.102 166
1080.176 245
1080.250 326
1080.325 354
1080.399 368
1080.473 357
1080.547 346
1080.621 286
1080.696 229
1080.770 171
1080.844 109
1080.918 116
1080.993 127
1081.067 154
1081.141 183
1081.215 213
1081.290 243
1081.364 269
1081.438 293
1081.512 270
1081.586 248
1081.661 214
1081.735 184
1081.809 155
1081.884 127
1081.958 108
1082.032 90
1082.106 133
1082.181 176
1082.255 221
1082.329 269
1082.403 261
1082.478 252
1082.552 230
1082.626 207
1082.701 168
1082.775 131
1082.849 100
1082.923 67
1082.998 62
1083.072 59
1083.146 53
1083.221 46
1083.295 49
1083.369 51
1083.444 54
1083.518 58
1083.592 59
1083.667 58
1083.741 61
1083.815 65
1083.890 63
1083.964 57
1084.038 52
1084.113 46
1084.187 48
1084.261 53
1084.336 59
1084.410 65
1084.484 59
1084.559 60
1084.633 54
1084.707 46
1084.782 41
1084.856 34
1084.931 31
1085.005 27
1085.079 29
1085.154 33
1085.228 36
1085.302 39
1085.377 39
1085.451 40
1085.526 39
1085.600 35
1085.674 33
1085.749 26
1085.823 21
1085.898 13
1085.972 10
1086.046 9
1086.121 9
1086.195 10
1086.270 10
1086.344 9
1086.418 9
1086.493 9
1086.567 9
1086.642 8
1086.716 8
1086.791 6
1086.865 9
1086.939 13
1087.014 16
1087.088 19
1087.163 19
1087.237 19
1087.312 19
1087.386 20
1087.461 21
1087.535 21
1087.609 23
1087.684 26
1087.758 24
1087.833 22
1087.907 20
1087.982 17
1088.056 15
1088.131 13
1088.205 10
1088.280 10
1088.354 11
1088.429 12
1088.503 13
1088.578 11
1088.652 11
1088.727 14
1088.801 14
1088.876 13
1088.950 12
1089.025 8
1089.099 7
1089.174 6
1089.248 7
1089.323 8
1089.397 9
1089.472 11
1089.546 12
1089.621 11
1089.695 10
1089.770 9
1089.845 6
1089.919 5
1089.994 4
1090.068 2
1090.143 2
1090.217 5
1090.292 5
1090.366 3
1090.441 4
1090.516 7
1090.590 7
1090.665 10
1090.739 9
1090.814 7
1090.888 8
1090.963 6
1091.038 8
1091.112 10
1091.187 11
1091.261 15
1091.336 13
1091.410 11
1091.485 9
1091.560 6
1091.634 12
1091.709 15
1091.783 14
1091.858 16
1091.933 13
1092.007 10
1092.082 12
1092.157 12
1092.231 15
1092.306 17
1092.380 17
1092.455 19
1092.530 18
1092.604 18
1092.679 18
1092.754 15
1092.828 14
1092.903 8
1092.978 7
1093.052 5
1093.127 4
1093.201 3
1093.276 3
1093.351 2
1093.425 3
1093.500 4
1093.575 4
1093.649 6
1093.724 7
1093.799 7
1093.873 7
1093.948 6
1094.023 5
1094.098 7
1094.172 8
1094.247 9
1094.322 15
1094.396 22
1094.471 24
1094.546 28
1094.620 22
1094.695 17
1094.770 14
1094.845 8
1094.919 8
1094.994 8
1095.069 8
1095.143 6
1095.218 6
1095.293 6
1095.368 7
1095.442 8
1095.517 7
1095.592 6
1095.667 4
1095.741 2
1095.816 7
1095.891 15
1095.966 20
1096.040 25
1096.115 27
1096.190 26
1096.265 28
1096.339 31
1096.414 25
1096.489 19
1096.564 13
1096.638 8
1096.713 8
1096.788 8
1096.863 8
1096.938 10
1097.012 16
1097.087 22
1097.162 28
1097.237 36
1097.311 39
1097.386 42
1097.461 45
1097.536 47
1097.611 41
1097.686 35
1097.760 29
1097.835 20
1097.910 19
1097.985 16
1098.060 13
1098.134 8
1098.209 11
1098.284 9
1098.359 7
1098.434 5
1098.509 5
1098.583 5
1098.658 5
1098.733 4
1098.808 1
1098.883 1
1098.958 1
1099.033 1
1099.107 6
1099.182 11
1099.257 16
1099.332 24
1099.407 21
1099.482 18
1099.557 15
1099.631 10
1099.706 10
1099.781 12
1099.856 13
1099.931 10
1100.006 10
1100.081 8
1100.156 7
1100.231 6
1100.305 5
1100.380 4
1100.455 3
1100.530 2
1100.605 2
1100.680 2
1100.755 2
1100.830 0
1100.905 0
1100.980 0
1101.055 1
1101.130 2
1101.205 3
1101.279 4
1101.354 4
1101.429 6
1101.504 11
1101.579 13
1101.654 15
1101.729 18
1101.804 15
1101.879 14
1101.954 13
1102.029 12
1102.104 10
1102.179 9
1102.254 8
1102.329 7
1102.404 8
1102.479 9
1102.554 10
1102.629 12
1102.704 11
1102.779 9
1102.854 7
1102.929 4
1103.004 6
1103.079 7
1103.154 8
1103.229 7
1103.304 5
1103.379 5
1103.454 5
1103.529 7
1103.604 7
1103.679 7
1103.754 7
1103.829 7
1103.904 7
1103.979 7
1104.054 7
1104.129 5
1104.204 9
1104.279 13
1104.354 17
1104.429 21
1104.504 18
1104.579 15
1104.654 12
1104.729 7
1104.804 7
1104.879 10
1104.954 10
1105.029 8
1105.105 13
1105.180 15
1105.255 20
1105.330 28
1105.405 27
1105.480 26
1105.555 25
1105.630 22
1105.705 18
1105.780 14
1105.855 10
1105.930 5
1106.006 5
1106.081 5
1106.156 5
1106.231 4
1106.306 6
1106.381 8
1106.456 10
1106.531 13
1106.606 13
1106.682 13
1106.757 13
1106.832 14
1106.907 14
1106.982 14
1107.057 14
1107.132 16
1107.207 16
1107.283 16
1107.358 16
1107.433 14
1107.508 12
1107.583 10
1107.658 8
1107.733 6
1107.809 6
1107.884 6
1107.959 5
1108.034 2
1108.109 1
1108.184 5
1108.260 5
1108.335 5
1108.410 4
1108.485 2
1108.560 1
1108.636 1
1108.711 1
1108.786 2
1108.861 2
1108.936 3
1109.012 3
1109.087 2
1109.162 2
1109.237 2
1109.312 4
1109.388 6
1109.463 8
1109.538 11
1109.613 10
1109.688 9
1109.764 9
1109.839 7
1109.914 9
1109.989 12
1110.065 13
1110.140 16
1110.215 17
1110.290 15
1110.366 16
1110.441 17
1110.516 15
1110.591 11
1110.667 9
1110.742 8
1110.817 8
1110.892 8
1110.968 8
1111.043 5
1111.118 6
1111.193 7
1111.269 7
1111.344 5
1111.419 7
1111.495 6
1111.570 6
1111.645 4
1111.720 2
1111.796 2
1111.871 3
1111.946 5
1112.022 6
1112.097 14
1112.172 15
1112.248 19
1112.323 18
1112.398 14
1112.474 12
1112.549 7
1112.624 6
1112.700 2
1112.775 2
1112.850 1
1112.926 1
1113.001 2
1113.076 3
1113.152 3
1113.227 4
1113.302 4
1113.378 4
1113.453 4
1113.528 4
1113.604 2
1113.679 2
1113.754 3
1113.830 4
1113.905 8
1113.980 10
1114.056 12
1114.131 14
1114.207 10
1114.282 9
1114.357 8
1114.433 5
1114.508 4
1114.584 4
1114.659 3
1114.734 0
1114.810 0
1114.885 0
1114.961 0
1115.036 1
1115.111 3
1115.187 4
1115.262 6
1115.338 8
1115.413 10
1115.488 12
1115.564 18
1115.639 16
1115.715 13
1115.790 11
1115.866 6
1115.941 9
1116.016 10
1116.092 11
1116.167 15
1116.243 17
1116.318 14
1116.394 12
1116.469 8
1116.545 6
1116.620 6
1116.696 5
1116.771 3
1116.847 2
1116.922 2
1116.997 2
1117.073 0
1117.148 0
1117.224 1
1117.299 1
1117.375 2
1117.450 2
1117.526 1
1117.601 1
1117.677 1
1117.752 1
1117.828 1
1117.903 2
1117.979 2
1118.054 2
1118.130 2
1118.205 1
1118.281 3
1118.356 4
1118.432 4
1118.507 4
1118.583 5
1118.659 4
1118.734 4
1118.810 4
1118.885 5
1118.961 5
1119.036 5
1119.112 5
1119.187 2
1119.263 2
1119.338 2
1119.414 2
1119.490 4
1119.565 5
1119.641 6
1119.716 7
1119.792 12
1119.867 14
1119.943 16
1120.019 18
1120.094 22
1120.170 20
1120.245 18
1120.321 16
1120.396 15
1120.472 12
1120.548 9
1120.623 6
1120.699 2
1120.774 2
1120.850 3
1120.926 5
1121.001 7
1121.077 13
1121.153 14
1121.228 14
1121.304 17
1121.379 12
1121.455 11
1121.531 10
1121.606 6
1121.682 8
1121.758 8
1121.833 8
1121.909 12
1121.985 10
1122.060 11
1122.136 12
1122.211 14
1122.287 11
1122.363 11
1122.438 11
1122.514 10
1122.590 8
1122.665 6
1122.741 4
1122.817 2
1122.892 4
1122.968 4
1123.044 4
1123.120 3
1123.195 1
1123.271 1
1123.347 1
1123.422 3
1123.498 5
1123.574 6
1123.649 7
1123.725 8
1123.801 6
1123.876 5
1123.952 4
1124.028 2
1124.104 6
1124.179 10
1124.255 14
1124.331 23
1124.407 21
1124.482 19
1124.558 17
1124.634 14
1124.709 17
1124.785 18
1124.861 19
1124.937 14
1125.012 15
1125.088 13
1125.164 11
1125.240 9
1125.315 10
1125.391 15
1125.467 17
1125.543 20
1125.619 21
1125.694 25
1125.770 25
1125.846 26
1125.922 23
1125.997 18
1126.073 16
1126.149 16
1126.225 15
1126.301 14
1126.376 15
1126.452 13
1126.528 14
1126.604 16
1126.680 15
1126.755 14
1126.831 13
1126.907 11
1126.983 9
1127.059 6
1127.134 7
1127.210 8
1127.286 10
1127.362 15
1127.438 15
1127.514 15
1127.589 15
1127.665 18
1127.741 15
1127.817 12
1127.893 9
1127.969 5
1128.045 5
1128.120 6
1128.196 6
1128.272 7
1128.348 8
1128.424 7
1128.500 7
1128.576 6
1128.651 5
1128.727 5
1128.803 5
1128.879 4
1128.955 5
1129.031 7
1129.107 8
1129.183 9
1129.259 12
1129.334 13
1129.410 15
1129.486 17
1129.562 16
1129.638 17
1129.714 14
1129.790 12
1129.866 15
1129.942 16
1130.018 18
1130.094 21
1130.169 18
1130.245 16
1130.321 13
1130.397 9
1130.473 8
1130.549 7
1130.625 6
1130.701 2
1130.777 2
1130.853 2
1130.929 2
1131.005 2
1131.081 3
1131.157 4
1131.233 5
1131.309 6
1131.385 8
1131.461 9
1131.537 10
1131.613 10
1131.688 12
1131.764 10
1131.840 8
1131.916 8
1131.992 3
1132.068 4
1132.144 5
1132.220 3
1132.296 3
1132.372 2
1132.448 2
1132.524 3
1132.600 3
1132.676 3
1132.752 2
1132.828 4
1132.904 4
1132.980 4
1133.056 4
1133.133 1
1133.209 5
1133.285 7
1133.361 9
1133.437 13
1133.513 12
1133.589 12
1133.665 12
1133.741 12
1133.817 10
1133.893 9
1133.969 8
1134.045 7
1134.121 7
1134.197 7
1134.273 7
1134.349 6
1134.425 6
1134.501 6
1134.578 6
1134.654 5
1134.730 5
1134.806 5
1134.882 5
1134.958 3
1135.034 3
1135.110 3
1135.186 5
1135.262 9
1135.338 11
1135.414 13
1135.491 13
1135.567 14
1135.643 14
1135.719 14
1135.795 13
1135.871 13
1135.947 11
1136.023 6
1136.100 7
1136.176 5
1136.252 8
1136.328 13
1136.404 12
1136.480 15
1136.556 13
1136.632 12
1136.709 12
1136.785 14
1136.861 12
1136.937 11
1137.013 9
1137.089 5
1137.166 6
1137.242 6
1137.318 6
1137.394 4
1137.470 3
1137.546 2
1137.623 2
1137.699 1
1137.775 1
1137.851 1
1137.927 1
1138.004 3
1138.080 3
1138.156 5
1138.232 5
1138.308 6
1138.385 6
1138.461 5
1138.537 5
1138.613 2
1138.689 2
1138.766 1
1138.842 2
1138.918 2
1138.994 2
1139.070 2
1139.147 1
1139.223 0
1139.299 3
1139.375 5
1139.452 7
1139.528 10
1139.604 10
1139.680 14
1139.757 15
1139.833 17
1139.909 18
1139.985 18
1140.062 20
1140.138 23
1140.214 22
1140.290 19
1140.367 17
1140.443 17
1140.519 16
1140.596 15
1140.672 17
1140.748 16
1140.824 17
1140.901 19
1140.977 17
1141.053 13
1141.130 13
1141.206 13
1141.282 10
1141.359 8
1141.435 7
1141.511 6
1141.587 8
1141.664 13
1141.740 12
1141.816 9
1141.893 7
1141.969 6
1142.045 5
1142.122 5
1142.198 6
1142.274 3
1142.351 3
1142.427 4
1142.503 3
1142.580 2
1142.656 2
1142.732 1
1142.809 1
1142.885 1
1142.962 1
1143.038 2
1143.114 2
1143.191 5
1143.267 7
1143.343 7
1143.420 8
1143.496 11
1143.572 15
1143.649 24
1143.725 29
1143.802 34
1143.878 28
1143.954 18
1144.031 13
1144.107 7
1144.184 6
1144.260 5
1144.336 3
1144.413 1
1144.489 2
1144.566 5
1144.642 6
1144.719 8
1144.795 9
1144.871 7
1144.948 7
1145.024 5
1145.101 4
1145.177 4
1145.254 4
1145.330 6
1145.406 6
1145.483 6
1145.559 6
1145.636 4
1145.712 4
1145.789 5
1145.865 5
1145.942 8
1146.018 12
1146.094 15
1146.171 19
1146.247 25
1146.324 21
1146.400 17
1146.477 13
1146.553 9
1146.630 9
1146.706 9
1146.783 10
1146.859 9
1146.936 11
1147.012 13
1147.089 15
1147.165 19
1147.242 18
1147.318 19
1147.395 17
1147.471 13
1147.548 12
1147.624 10
1147.701 9
1147.777 7
1147.854 7
1147.930 7
1148.007 8
1148.083 10
1148.160 9
1148.237 7
1148.313 6
1148.390 3
1148.466 3
1148.543 3
1148.619 2
1148.696 1
1148.772 2
1148.849 3
1148.926 4
1149.002 5
1149.079 5
1149.155 5
1149.232 5
1149.308 2
1149.385 2
1149.462 2
1149.538 2
1149.615 0
1149.691 0
1149.768 0
1149.844 0
1149.921 4
1149.998 4
1150.074 4
1150.151 4
1150.227 5
1150.304 6
1150.381 6
1150.457 6
1150.534 3
1150.611 3
1150.687 3
1150.764 3
1150.840 2
1150.917 1
1150.994 1
1151.070 1
1151.147 1
1151.224 1
1151.300 1
1151.377 2
1151.453 3
1151.530 4
1151.607 5
1151.683 6
1151.760 9
1151.837 10
1151.913 11
1151.990 12
1152.067 14
1152.143 25
1152.220 38
1152.297 50
1152.373 65
1152.450 61
1152.527 57
1152.604 50
1152.680 40
1152.757 36
1152.834 30
1152.910 26
1152.987 20
1153.064 31
1153.140 39
1153.217 51
1153.294 66
1153.371 66
1153.447 64
1153.524 63
1153.601 61
1153.677 54
1153.754 49
1153.831 43
1153.908 36
1153.984 31
1154.061 25
1154.138 20
1154.214 14
1154.291 13
1154.368 14
1154.445 13
1154.521 8
1154.598 11
1154.675 10
1154.752 10
1154.829 9
1154.905 12
1154.982 11
1155.059 11
1155.136 13
1155.212 12
1155.289 13
1155.366 14
1155.443 15
1155.519 15
1155.596 15
1155.673 15
1155.750 18
1155.827 17
1155.903 19
1155.980 18
1156.057 14
1156.134 16
1156.211 16
1156.287 19
1156.364 23
1156.441 23
1156.518 21
1156.595 20
1156.672 18
1156.748 16
1156.825 17
1156.902 16
1156.979 14
1157.056 10
1157.133 8
1157.209 7
1157.286 5
1157.363 5
1157.440 5
1157.517 5
1157.594 2
1157.670 2
1157.747 2
1157.824 2
1157.901 1
1157.978 1
1158.055 2
1158.132 4
1158.209 6
1158.285 8
1158.362 13
1158.439 11
1158.516 10
1158.593 8
1158.670 4
1158.747 4
1158.824 4
1158.901 4
1158.977 2
1159.054 4
1159.131 5
1159.208 7
1159.285 11
1159.362 10
1159.439 10
1159.516 12
1159.593 13
1159.670 16
1159.747 20
1159.823 18
1159.900 16
1159.977 15
1160.054 11
1160.131 12
1160.208 13
1160.285 12
1160.362 7
1160.439 6
1160.516 3
1160.593 3
1160.670 3
1160.747 3
1160.824 2
1160.901 2
1160.978 2
1161.055 3
1161.132 3
1161.209 3
1161.286 7
1161.363 8
1161.440 8
1161.517 10
1161.594 12
1161.671 10
1161.748 8
1161.825 6
1161.902 1
1161.979 1
1162.056 1
1162.133 1
1162.210 0
1162.287 0
1162.364 0
1162.441 0
1162.518 0
1162.595 0
1162.672 0
1162.749 1
1162.826 2
1162.903 2
1162.980 2
1163.057 1
1163.134 1
1163.211 4
1163.288 7
1163.365 10
1163.442 16
1163.519 16
1163.596 16
1163.673 16
1163.750 17
1163.827 16
1163.904 15
1163.981 15
1164.059 13
1164.136 15
1164.213 17
1164.290 17
1164.367 16
1164.444 15
1164.521 15
1164.598 15
1164.675 13
1164.752 11
1164.829 8
1164.907 6
1164.984 6
1165.061 7
1165.138 9
1165.215 10
1165.292 8
1165.369 9
1165.446 10
1165.523 11
1165.601 13
1165.678 11
1165.755 8
1165.832 6
1165.909 3
1165.986 3
1166.063 3
1166.140 3
1166.218 1
1166.295 1
1166.372 1
1166.449 2
1166.526 2
1166.603 3
1166.681 4
1166.758 4
1166.835 7
1166.912 7
1166.989 6
1167.066 6
1167.144 9
1167.221 10
1167.298 8
1167.375 9
1167.452 9
1167.529 9
1167.607 9
1167.684 9
1167.761 7
1167.838 6
1167.915 5
1167.993 4
1168.070 0
1168.147 1
1168.224 2
1168.301 3
1168.379 5
1168.456 5
1168.533 5
1168.610 5
1168.688 2
1168.765 2
1168.842 2
1168.919 3
1168.996 2
1169.074 2
1169.151 2
1169.228 1
1169.305 0
1169.383 0
1169.460 3
1169.537 3
1169.614 3
1169.692 3
1169.769 2
1169.846 3
1169.924 6
1170.001 9
1170.078 10
1170.155 12
1170.233 16
1170.310 19
1170.387 22
1170.464 26
1170.542 27
1170.619 25
1170.696 23
1170.774 20
1170.851 17
1170.928 16
1171.006 14
1171.083 13
1171.160 11
1171.237 10
1171.315 10
1171.392 9
1171.469 8
1171.547 10
1171.624 12
1171.701 14
1171.779 16
1171.856 15
1171.933 14
1172.011 13
1172.088 9
1172.165 12
1172.243 18
1172.320 21
1172.397 25
1172.475 22
1172.552 18
1172.630 15
1172.707 10
1172.784 9
1172.862 6
1172.939 5
1173.016 1
1173.094 1
1173.171 1
1173.248 2
1173.326 3
1173.403 3
1173.481 3
1173.558 2
1173.635 4
1173.713 3
1173.790 2
1173.868 1
1173.945 0
1174.022 0
1174.100 0
1174.177 0
1174.255 0
1174.332 0
1174.409 0
1174.487 0
1174.564 0
1174.642 1
1174.719 2
1174.797 3
1174.874 7
1174.951 7
1175.029 7
1175.106 7
1175.184 8
1175.261 7
1175.339 6
1175.416 5
1175.494 3
1175.571 3
1175.649 3
1175.726 3
1175.803 6
1175.881 8
1175.958 11
1176.036 14
1176.113 19
1176.191 17
1176.268 16
1176.346 12
1176.423 8
1176.501 7
1176.578 5
1176.656 5
1176.733 3
1176.811 4
1176.888 5
1176.966 6
1177.043 9
1177.121 8
1177.198 10
1177.276 9
1177.353 6
1177.431 6
1177.508 9
1177.586 9
1177.663 9
1177.741 10
1177.818 9
1177.896 11
1177.973 11
1178.051 11
1178.129 10
1178.206 8
1178.284 9
1178.361 8
1178.439 7
1178.516 7
1178.594 10
1178.671 10
1178.749 10
1178.827 10
1178.904 12
1178.982 10
1179.059 9
1179.137 9
1179.214 5
1179.292 9
1179.370 9
1179.447 8
1179.525 8
1179.602 10
1179.680 9
1179.758 8
1179.835 6
1179.913 4
1179.990 7
1180.068 10
1180.146 13
1180.223 12
1180.301 12
1180.378 12
1180.456 9
1180.534 9
1180.611 9
1180.689 9
1180.767 12
1180.844 11
1180.922 10
1180.999 9
1181.077 8
1181.155 8
1181.232 7
1181.310 7
1181.388 4
1181.465 6
1181.543 9
1181.621 11
1181.698 15
1181.776 15
1181.854 17
1181.931 16
1182.009 12
1182.087 13
1182.164 12
1182.242 16
1182.320 19
1182.397 19
1182.475 19
1182.553 18
1182.630 19
1182.708 18
1182.786 16
1182.864 12
1182.941 9
1183.019 8
1183.097 6
1183.174 5
1183.252 4
1183.330 3
1183.408 4
1183.485 5
1183.563 6
1183.641 6
1183.718 6
1183.796 7
1183.874 10
1183.952 8
1184.029 6
1184.107 4
1184.185 2
1184.263 3
1184.340 3
1184.418 2
1184.496 2
1184.574 3
1184.651 5
1184.729 7
1184.807 11
1184.885 10
1184.962 9
1185.040 8
1185.118 4
1185.196 4
1185.274 4
1185.351 5
1185.429 5
1185.507 5
1185.585 5
1185.662 6
1185.740 4
1185.818 4
1185.896 4
1185.974 2
1186.051 4
1186.129 4
1186.207 4
1186.285 4
1186.363 1
1186.441 1
1186.518 1
1186.596 1
1186.674 0
1186.752 0
1186.830 0
1186.908 2
1186.985 4
1187.063 4
1187.141 4
1187.219 3
1187.297 6
1187.375 5
1187.452 4
1187.530 2
1187.608 0
1187.686 0
1187.764 2
1187.842 3
1187.920 5
1187.997 7
1188.075 11
1188.153 10
1188.231 11
1188.309 9
1188.387 7
1188.465 7
1188.543 10
1188.621 9
1188.698 9
1188.776 9
1188.854 6
1188.932 8
1189.010 9
1189.088 10
1189.166 14
1189.244 13
1189.322 12
1189.400 10
1189.478 5
1189.555 6
1189.633 5
1189.711 5
1189.789 2
1189.867 2
1189.945 2
1190.023 2
1190.101 4
1190.179 3
1190.257 4
1190.335 5
1190.413 6
1190.491 6
1190.569 5
1190.647 4
1190.725 2
1190.803 1
1190.881 1
1190.958 1
1191.036 2
1191.114 3
1191.192 3
1191.270 4
1191.348 2
1191.426 1
1191.504 1
1191.582 0
1191.660 2
1191.738 3
1191.816 4
1191.894 5
1191.972 8
1192.050 6
1192.128 4
1192.206 2
1192.284 0
1192.362 0
1192.440 0
1192.518 0
1192.596 1
1192.674 2
1192.752 3
1192.831 5
1192.909 6
1192.987 7
1193.065 8
1193.143 8
1193.221 11
1193.299 10
1193.377 9
1193.455 8
1193.533 4
1193.611 3
1193.689 2
1193.767 1
1193.845 0
1193.923 0
1194.001 0
1194.079 1
1194.157 2
1194.236 2
1194.314 2
1194.392 2
1194.470 3
1194.548 4
1194.626 5
1194.704 6
1194.782 7
1194.860 7
1194.938 7
1195.016 6
1195.095 4
1195.173 7
1195.251 10
1195.329 13
1195.407 18
1195.485 17
1195.563 16
1195.641 15
1195.720 13
1195.798 12
1195.876 11
1195.954 10
1196.032 9
1196.110 11
1196.188 13
1196.266 15
1196.345 17
1196.423 15
1196.501 13
1196.579 11
1196.657 6
1196.735 6
1196.814 8
1196.892 11
1196.970 16
1197.048 21
1197.126 24
1197.204 26
1197.283 26
1197.361 23
1197.439 24
1197.517 22
1197.595 19
1197.674 13
1197.752 11
1197.830 11
1197.908 15
1197.986 14
1198.065 13
1198.143 13
1198.221 11
1198.299 9
1198.377 7
1198.456 6
1198.534 3
1198.612 4
1198.690 5
1198.769 5
1198.847 5
1198.925 6
1199.003 7
1199.081 8
1199.160 10
1199.238 9
1199.316 8
1199.394 10
1199.473 10
1199.551 12
1199.629 17
1199.707 14
1199.786 13
1199.864 51
1199.942 90
1200.021 135
1200.099 185
1200.177 215
1200.255 242
1200.334 278
1200.412 312
1200.490 322
1200.568 328
1200.647 315
1200.725 301
1200.803 262
1200.882 234
1200.960 217
1201.038 202
1201.117 239
1201.195 271
1201.273 311
1201.351 351
1201.430 360
1201.508 370
1201.586 352
1201.665 334
1201.743 296
1201.821 263
1201.900 239
1201.978 215
1202.056 227
1202.135 243
1202.213 276
1202.291 311
1202.370 322
1202.448 326
1202.527 313
1202.605 298
1202.683 253
1202.762 213
1202.840 178
1202.918 141
1202.997 140
1203.075 144
1203.153 150
1203.232 156
1203.310 162
1203.389 169
1203.467 171
1203.545 175
1203.624 153
1203.702 128
1203.781 107
1203.859 86
1203.937 82
1204.016 75
1204.094 73
1204.173 67
1204.251 76
1204.329 87
1204.408 97
1204.486 110
1204.565 107
1204.643 106
1204.721 97
1204.800 87
1204.878 78
1204.957 66
1205.035 59
1205.114 49
1205.192 50
1205.270 52
1205.349 56
1205.427 62
1205.506 58
1205.584 54
1205.663 49
1205.741 44
1205.820 40
1205.898 36
1205.977 32
1206.055 27
1206.134 27
1206.212 26
1206.290 26
1206.369 26
1206.447 25
1206.526 25
1206.604 26
1206.683 27
1206.761 27
1206.840 29
1206.918 26
1206.997 20
1207.075 19
1207.154 15
1207.232 14
1207.311 12
1207.389 14
1207.468 16
1207.546 18
1207.625 24
1207.704 28
1207.782 29
1207.861 30
1207.939 31
1208.018 27
1208.096 25
1208.175 24
1208.253 21
1208.332 17
1208.410 14
1208.489 11
1208.567 5
1208.646 5
1208.725 5
1208.803 5
1208.882 9
1208.960 10
1209.039 11
1209.117 12
1209.196 15
1209.275 14
1209.353 12
1209.432 10
1209.510 7
1209.589 6
1209.667 6
1209.746 6
1209.825 10
1209.903 11
1209.982 12
1210.060 13
1210.139 18
1210.218 17
1210.296 16
1210.375 15
1210.453 11
1210.532 9
1210.611 7
1210.689 5
1210.768 2
1210.847 3
1210.925 3
1211.004 3
1211.082 5
1211.161 5
1211.240 6
1211.318 7
1211.397 13
1211.476 13
1211.554 13
1211.633 13
1211.712 12
1211.790 13
1211.869 14
1211.948 15
1212.026 17
1212.105 16
1212.184 15
1212.262 15
1212.341 14
1212.420 14
1212.498 16
1212.577 14
1212.656 6
1212.734 5
1212.813 2
1212.892 2
1212.970 1
1213.049 1
1213.128 1
1213.207 1
1213.285 0
1213.364 0
1213.443 1
1213.521 2
1213.600 4
1213.679 5
1213.758 8
1213.836 7
1213.915 9
1213.994 12
1214.073 13
1214.151 17
1214.230 22
1214.309 20
1214.387 18
1214.466 17
1214.545 13
1214.624 14
1214.702 13
1214.781 12
1214.860 8
1214.939 10
1215.018 11
1215.096 12
1215.175 16
1215.254 15
1215.333 19
1215.411 23
1215.490 28
1215.569 22
1215.648 17
1215.727 12
1215.805 8
1215.884 9
1215.963 9
1216.042 9
1216.120 5
1216.199 7
1216.278 11
1216.357 16
1216.436 21
1216.515 24
1216.593 24
1216.672 20
1216.751 13
1216.830 10
1216.909 8
1216.987 8
1217.066 11
1217.145 17
1217.224 26
1217.303 37
1217.382 50
1217.461 51
1217.539 53
1217.618 50
1217.697 47
1217.776 43
1217.855 38
1217.934 36
1218.012 30
1218.091 28
1218.170 27
1218.249 24
1218.328 26
1218.407 27
1218.486 26
1218.565 26
1218.643 28
1218.722 25
1218.801 20
1218.880 16
1218.959 11
1219.038 9
1219.117 8
1219.196 8
1219.275 10
1219.354 10
1219.432 10
1219.511 10
1219.590 13
1219.669 16
1219.748 19
1219.827 22
1219.906 26
1219.985 26
1220.064 29
1220.143 31
1220.222 31
1220.301 36
1220.380 37
1220.459 34
1220.537 31
1220.616 27
1220.695 23
1220.774 23
1220.853 21
1220.932 16
1221.011 12
1221.090 9
1221.169 4
1221.248 5
1221.327 6
1221.406 8
1221.485 10
1221.564 10
1221.643 10
1221.722 9
1221.801 7
1221.880 8
1221.959 8
1222.038 8
1222.117 8
1222.196 6
1222.275 5
1222.354 4
1222.433 4
1222.512 5
1222.591 6
1222.670 7
1222.749 13
1222.828 12
1222.907 11
1222.986 10
1223.065 10
1223.144 9
1223.223 8
1223.302 7
1223.381 6
1223.460 8
1223.539 9
1223.618 10
1223.697 9
1223.776 9
1223.856 9
1223.935 9
1224.014 10
1224.093 8
1224.172 10
1224.251 9
1224.330 8
1224.409 8
1224.488 6
1224.567 6
1224.646 8
1224.725 8
1224.804 7
1224.883 7
1224.963 4
1225.042 4
1225.121 6
1225.200 6
1225.279 3
1225.358 3
1225.437 1
1225.516 1
1225.595 0
1225.675 0
1225.754 2
1225.833 2
1225.912 2
1225.991 2
1226.070 0
1226.149 0
1226.228 3
1226.308 3
1226.387 3
1226.466 3
1226.545 1
1226.624 2
1226.703 2
1226.782 2
1226.862 1
1226.941 0
1227.020 0
1227.099 0
1227.178 0
1227.257 0
1227.337 1
1227.416 1
1227.495 4
1227.574 4
1227.653 3
1227.732 3
1227.812 0
1227.891 0
1227.970 0
1228.049 0
1228.128 1
1228.208 1
1228.287 1
1228.366 1
1228.445 2
1228.524 2
1228.604 3
1228.683 3
1228.762 2
1228.841 2
1228.920 1
1229.000 1
1229.079 0
1229.158 0
1229.237 0
1229.317 1
1229.396 2
1229.475 3
1229.554 4
1229.634 4
1229.713 7
1229.792 9
1229.871 12
1229.951 14
1230.030 18
1230.109 19
1230.188 17
1230.268 16
1230.347 14
1230.426 10
1230.505 10
1230.585 8
1230.664 3
1230.743 3
1230.823 1
1230.902 1
1230.981 0
1231.060 0
1231.140 1
1231.219 1
1231.298 2
1231.378 2
1231.457 1
1231.536 1
1231.615 3
1231.695 5
1231.774 7
1231.853 11
1231.933 15
1232.012 16
1232.091 17
1232.171 16
1232.250 18
1232.329 18
1232.409 18
1232.488 18
1232.567 14
1232.647 12
1232.726 10
1232.805 8
1232.885 3
1232.964 3
1233.043 3
1233.123 3
1233.202 6
1233.282 7
1233.361 8
1233.440 9
1233.520 10
1233.599 9
1233.678 8
1233.758 7
1233.837 2
1233.917 3
1233.996 4
1234.075 5
1234.155 10
1234.234 10
1234.314 10
1234.393 10
1234.472 11
1234.552 11
1234.631 11
1234.711 11
1234.790 9
1234.869 9
1234.949 9
1235.028 9
1235.108 10
1235.187 9
1235.266 8
1235.346 8
1235.425 5
1235.505 6
1235.584 8
1235.664 8
1235.743 5
1235.823 5
1235.902 3
1235.981 3
1236.061 3
1236.140 3
1236.220 0
1236.299 1
1236.379 3
1236.458 3
1236.538 3
1236.617 2
1236.697 2
1236.776 2
1236.856 3
1236.935 3
1237.015 3
1237.094 6
1237.174 7
1237.253 9
1237.333 11
1237.412 9
1237.492 8
1237.571 7
1237.651 7
1237.730 7
1237.810 7
1237.889 7
1237.969 3
1238.048 3
1238.128 3
1238.207 5
1238.287 8
1238.366 10
1238.446 13
1238.525 13
1238.605 14
1238.684 13
1238.764 11
1238.843 9
1238.923 10
1239.003 8
1239.082 6
1239.162 5
1239.241 1
1239.321 1
1239.400 1
1239.480 1
1239.559 0
1239.639 0
1239.719 1
1239.798 2
1239.878 6
1239.957 7
1240.037 7
1240.116 7
1240.196 9
1240.276 7
1240.355 8
1240.435 8
1240.514 7
1240.594 5
1240.674 4
1240.753 4
1240.833 4
1240.912 4
1240.992 4
1241.072 4
1241.151 2
1241.231 5
1241.311 8
1241.390 11
1241.470 15
1241.549 13
1241.629 11
1241.709 9
1241.788 7
1241.868 6
1241.948 5
1242.027 4
1242.107 2
1242.187 2
1242.266 2
1242.346 2
1242.426 0
1242.505 1
1242.585 1
1242.665 1
1242.744 3
1242.824 4
1242.904 6
1242.983 8
1243.063 13
1243.143 14
1243.222 14
1243.302 14
1243.382 11
1243.461 12
1243.541 9
1243.621 7
1243.701 4
1243.780 3
1243.860 3
1243.940 2
1244.019 0
1244.099 0
1244.179 0
1244.259 0
1244.338 1
1244.418 4
1244.498 6
1244.577 8
1244.657 10
1244.737 10
1244.817 8
1244.896 6
1244.976 4
1245.056 1
1245.136 1
1245.215 1
1245.295 4
1245.375 5
1245.455 6
1245.534 7
1245.614 11
1245.694 9
1245.774 7
1245.853 5
1245.933 2
1246.013 5
1246.093 5
1246.173 5
1246.252 5
1246.332 4
1246.412 5
1246.492 6
1246.572 8
1246.651 7
1246.731 7
1246.811 7
1246.891 5
1246.971 4
1247.050 5
1247.130 4
1247.210 2
1247.290 2
1247.370 3
1247.449 3
1247.529 3
1247.609 3
1247.689 0
1247.769 0
1247.849 2
1247.928 2
1248.008 2
1248.088 2
1248.168 4
1248.248 4
1248.328 4
1248.408 5
1248.487 4
1248.567 7
1248.647 10
1248.727 12
1248.807 15
1248.887 13
1248.967 12
1249.047 10
1249.126 7
1249.206 6
1249.286 4
1249.366 3
1249.446 1
1249.526 2
1249.606 2
1249.686 2
1249.766 2
1249.845 1
1249.925 1
1250.005 1
1250.085 0
1250.165 1
1250.245 2
1250.325 3
1250.405 4
1250.485 5
1250.565 6
1250.645 7
1250.725 9
1250.804 9
1250.884 10
1250.964 10
1251.044 7
1251.124 7
1251.204 6
1251.284 6
1251.364 6
1251.444 5
1251.524 4
1251.604 3
1251.684 2
1251.764 2
1251.844 2
1251.924 3
1252.004 2
1252.084 2
1252.164 5
1252.244 6
1252.324 7
1252.404 9
1252.484 13
1252.564 11
1252.644 10
1252.724 8
1252.804 3
1252.884 3
1252.964 2
1253.044 2
1253.124 0
1253.204 0
1253.284 2
1253.364 2
1253.444 2
1253.524 2
1253.604 2
1253.684 2
1253.764 4
1253.844 4
1253.924 2
1254.004 3
1254.084 2
1254.164 3
1254.244 8
1254.324 8
1254.404 8
1254.484 8
1254.564 4
1254.644 4
1254.724 4
1254.804 4
1254.884 5
1254.965 5
1255.045 5
1255.125 5
1255.205 3
1255.285 4
1255.365 5
1255.445 6
1255.525 8
1255.605 8
1255.685 9
1255.765 9
1255.845 10
1255.926 8
1256.006 6
1256.086 4
1256.166 1
1256.246 1
1256.326 1
1256.406 1
1256.486 2
1256.566 3
1256.647 3
1256.727 5
1256.807 7
1256.887 11
1256.967 12
1257.047 12
1257.127 13
1257.207 8
1257.288 7
1257.368 5
1257.448 3
1257.528 3
1257.608 2
1257.688 2
1257.769 0
1257.849 0
1257.929 0
1258.009 0
1258.089 0
1258.169 0
1258.250 0
1258.330 0
1258.410 3
1258.490 3
1258.570 4
1258.650 5
1258.731 7
1258.811 6
1258.891 4
1258.971 2
1259.051 0
1259.132 1
1259.212 1
1259.292 1
1259.372 2
1259.452 4
1259.533 7
1259.613 10
1259.693 15
1259.773 15
1259.854 15
1259.934 16
1260.014 16
1260.094 13
1260.175 11
1260.255 7
1260.335 3
1260.415 3
1260.496 2
1260.576 3
1260.656 3
1260.736 3
1260.817 3
1260.897 2
1260.977 0
1261.057 2
1261.138 4
1261.218 6
1261.298 10
1261.378 9
1261.459 8
1261.539 7
1261.619 6
1261.700 5
1261.780 4
1261.860 3
1261.940 3
1262.021 5
1262.101 7
1262.181 9
1262.262 13
1262.342 12
1262.422 11
1262.503 10
1262.583 5
1262.663 5
1262.743 5
1262.824 5
1262.904 3
1262.984 3
1263.065 3
1263.145 3
1263.225 1
1263.306 2
1263.386 2
1263.466 2
1263.547 1
1263.627 0
1263.708 1
1263.788 2
1263.868 2
1263.949 2
1264.029 1
1264.109 0
1264.190 0
1264.270 0
1264.350 1
1264.431 1
1264.511 1
1264.592 3
1264.672 6
1264.752 8
1264.833 10
1264.913 11
1264.993 11
1265.074 11
1265.154 10
1265.235 9
1265.315 10
1265.395 9
1265.476 5
1265.556 3
1265.637 2
1265.717 1
1265.798 1
1265.878 1
1265.958 3
1266.039 4
1266.119 6
1266.200 6
1266.280 6
1266.361 5
1266.441 2
1266.521 3
1266.602 1
1266.682 1
1266.763 4
1266.843 5
1266.924 8
1267.004 11
1267.085 15
1267.165 13
1267.246 10
1267.326 7
1267.406 5
1267.487 5
1267.567 5
1267.648 5
1267.728 2
1267.809 5
1267.889 8
1267.970 11
1268.050 16
1268.131 15
1268.211 14
1268.292 13
1268.372 11
1268.453 11
1268.533 11
1268.614 10
1268.694 10
1268.775 9
1268.855 8
1268.936 8
1269.016 10
1269.097 11
1269.177 12
1269.258 11
1269.338 7
1269.419 6
1269.500 7
1269.580 9
1269.661 8
1269.741 8
1269.822 7
1269.902 7
1269.983 9
1270.063 11
1270.144 13
1270.225 11
1270.305 7
1270.386 4
1270.466 2
1270.547 3
1270.627 4
1270.708 4
1270.789 4
1270.869 3
1270.950 4
1271.030 8
1271.111 8
1271.191 10
1271.272 16
1271.353 12
1271.433 12
1271.514 10
1271.594 7
1271.675 7
1271.756 5
1271.836 5
1271.917 1
1271.998 1
1272.078 1
1272.159 1
1272.239 1
1272.320 1
1272.401 1
1272.481 1
1272.562 2
1272.643 3
1272.723 4
1272.804 5
1272.884 10
1272.965 9
1273.046 8
1273.126 7
1273.207 5
1273.288 4
1273.368 3
1273.449 2
1273.530 2
1273.610 3
1273.691 4
1273.772 5
1273.852 5
1273.933 6
1274.014 7
1274.094 8
1274.175 9
1274.256 7
1274.337 6
1274.417 4
1274.498 3
1274.579 3
1274.659 2
1274.740 2
1274.821 0
1274.901 1
1274.982 3
1275.063 4
1275.144 7
1275.224 8
1275.305 8
1275.386 9
1275.467 13
1275.547 12
1275.628 11
1275.709 12
1275.789 9
1275.870 10
1275.951 11
1276.032 11
1276.112 15
1276.193 16
1276.274 16
1276.355 15
1276.435 16
1276.516 14
1276.597 14
1276.678 13
1276.759 9
1276.839 10
1276.920 10
1277.001 12
1277.082 14
1277.162 14
1277.243 15
1277.324 16
1277.405 19
1277.486 21
1277.566 18
1277.647 15
1277.728 11
1277.809 9
1277.890 9
1277.970 8
1278.051 6
1278.132 4
1278.213 4
1278.294 4
1278.375 7
1278.455 7
1278.536 7
1278.617 7
1278.698 4
1278.779 4
1278.860 4
1278.940 4
1279.021 4
1279.102 4
1279.183 5
1279.264 5
1279.345 8
1279.425 7
1279.506 6
1279.587 5
1279.668 2
1279.749 3
1279.830 5
1279.911 6
1279.992 8
1280.072 8
1280.153 6
1280.234 6
1280.315 8
1280.396 7
1280.477 6
1280.558 5
1280.639 2
1280.720 3
1280.800 5
1280.881 6
1280.962 7
1281.043 7
1281.124 6
1281.205 6
1281.286 3
1281.367 3
1281.448 3
1281.529 3
1281.610 1
1281.690 1
1281.771 1
1281.852 2
1281.933 4
1282.014 5
1282.095 9
1282.176 8
1282.257 6
1282.338 6
1282.419 5
1282.500 6
1282.581 9
1282.662 8
1282.743 6
1282.824 5
1282.905 4
1282.986 4
1283.067 3
1283.148 3
1283.229 1
1283.310 2
1283.391 3
1283.472 5
1283.553 7
1283.634 7
1283.715 7
1283.796 6
1283.877 3
1283.958 3
1284.039 4
1284.120 6
1284.201 6
1284.282 8
1284.363 10
1284.444 9
1284.525 6
1284.606 5
1284.687 5
1284.768 6
1284.849 10
1284.930 15
1285.011 15
1285.092 16
1285.173 18
1285.254 13
1285.335 10
1285.416 7
1285.497 3
1285.578 2
1285.659 2
1285.740 2
1285.821 1
1285.902 1
1285.983 1
1286.065 1
1286.146 1
1286.227 1
1286.308 1
1286.389 1
1286.470 1
1286.551 4
1286.632 7
1286.713 10
1286.794 14
1286.875 12
1286.956 10
1287.038 8
1287.119 5
1287.200 5
1287.281 5
1287.362 5
1287.443 2
1287.524 2
1287.605 2
1287.686 2
1287.768 0
1287.849 0
1287.930 0
1288.011 0
1288.092 2
1288.173 2
1288.254 2
1288.335 2
1288.417 3
1288.498 5
1288.579 10
1288.660 12
1288.741 14
1288.822 12
1288.904 10
1288.985 8
1289.066 7
1289.147 7
1289.228 4
1289.309 4
1289.391 1
1289.472 1
1289.553 1
1289.634 1
1289.715 0
1289.796 1
1289.878 2
1289.959 3
1290.040 6
1290.121 10
1290.202 15
1290.284 19
1290.365 23
1290.446 20
1290.527 16
1290.609 12
1290.690 12
1290.771 10
1290.852 8
1290.933 7
1291.015 0
1291.096 0
1291.177 0
1291.258 1
1291.340 1
1291.421 1
1291.502 1
1291.583 1
1291.665 1
1291.746 1
1291.827 1
1291.908 1
1291.990 1
1292.071 1
1292.152 2
1292.233 1
1292.315 1
1292.396 1
1292.477 0
1292.558 0
1292.640 0
1292.721 0
1292.802 0
1292.884 0
1292.965 0
1293.046 1
1293.127 3
1293.209 5
1293.290 8
1293.371 12
1293.453 13
1293.534 13
1293.615 16
1293.697 14
1293.778 13
1293.859 13
1293.941 14
1294.022 13
1294.103 12
1294.185 11
1294.266 7
1294.347 5
1294.429 4
1294.510 3
1294.591 1
1294.673 1
1294.754 2
1294.835 2
1294.917 1
1294.998 1
1295.079 0
1295.161 0
1295.242 3
1295.323 3
1295.405 3
1295.486 3
1295.567 0
1295.649 0
1295.730 1
1295.812 1
1295.893 3
1295.974 5
1296.056 9
1296.137 11
1296.219 16
1296.300 14
1296.381 12
1296.463 11
1296.544 8
1296.626 10
1296.707 12
1296.788 11
1296.870 7
1296.951 5
1297.033 0
1297.114 0
1297.195 3
1297.277 4
1297.358 4
1297.440 4
1297.521 3
1297.603 2
1297.684 2
1297.766 2
1297.847 0
1297.928 0
1298.010 0
1298.091 0
1298.173 1
1298.254 1
1298.336 1
1298.417 1
1298.499 2
1298.580 2
1298.662 3
1298.743 3
1298.825 1
1298.906 1
1298.987 0
1299.069 0
1299.150 0
1299.232 1
1299.313 1
1299.395 1
1299.476 1
1299.558 0
1299.639 1
1299.721 1
1299.802 1
1299.884 1
1299.965 0
1300.047 0
1300.129 0
1300.210 0
1300.292 1
1300.373 1
1300.455 1
1300.536 1
1300.618 0
1300.699 0
1300.781 0
1300.862 1
1300.944 1
1301.025 1
1301.107 3
1301.188 3
1301.270 7
1301.352 8
1301.433 11
1301.515 10
1301.596 7
1301.678 6
1301.759 4
1301.841 4
1301.923 4
1302.004 5
1302.086 5
1302.167 9
1302.249 9
1302.330 9
1302.412 9
1302.494 8
1302.575 7
1302.657 6
1302.738 6
1302.820 3
1302.902 3
1302.983 3
1303.065 2
1303.146 2
1303.228 2
1303.310 2
1303.391 3
1303.473 3
1303.555 4
1303.636 4
1303.718 1
1303.799 1
1303.881 1
1303.963 1
1304.044 4
1304.126 5
1304.208 4
1304.289 4
1304.371 4
1304.453 3
1304.534 3
1304.616 3
1304.698 1
1304.779 3
1304.861 7
1304.943 9
1305.024 11
1305.106 12
1305.188 12
1305.269 14
1305.351 15
1305.433 13
1305.514 10
1305.596 7
1305.678 4
1305.760 7
1305.841 7
1305.923 7
1306.005 10
1306.086 7
1306.168 6
1306.250 5
1306.331 3
1306.413 2
1306.495 2
1306.577 2
1306.658 2
1306.740 2
1306.822 2
1306.904 2
1306.985 4
1307.067 3
1307.149 3
1307.230 3
1307.312 3
1307.394 5
1307.476 4
1307.557 3
1307.639 3
1307.721 3
1307.803 4
1307.885 6
1307.966 10
1308.048 10
1308.130 13
1308.212 11
1308.293 6
1308.375 4
1308.457 2
1308.539 2
1308.621 4
1308.702 4
1308.784 2
1308.866 2
1308.948 1
1309.030 3
1309.111 5
1309.193 9
1309.275 13
1309.357 13
1309.439 13
1309.520 11
1309.602 13
1309.684 12
1309.766 11
1309.848 10
1309.929 6
1310.011 5
1310.093 4
1310.175 3
1310.257 2
1310.339 2
1310.421 3
1310.502 3
1310.584 1
1310.666 3
1310.748 4
1310.830 6
1310.912 11
1310.994 13
1311.075 15
1311.157 17
1311.239 22
1311.321 18
1311.403 14
1311.485 10
1311.567 5
1311.649 4
1311.730 3
1311.812 2
1311.894 0
1311.976 0
1312.058 1
1312.140 2
1312.222 5
1312.304 9
1312.386 12
1312.467 16
1312.549 20
1312.631 16
1312.713 14
1312.795 11
1312.877 9
1312.959 6
1313.041 5
1313.123 4
1313.205 2
1313.287 4
1313.369 9
1313.451 12
1313.533 20
1313.614 20
1313.696 22
1313.778 19
1313.860 12
1313.942 10
1314.024 8
1314.106 8
1314.188 5
1314.270 8
1314.352 10
1314.434 13
1314.516 17
1314.598 14
1314.680 11
1314.762 8
1314.844 2
1314.926 2
1315.008 3
1315.090 3
1315.172 1
1315.254 1
1315.336 0
1315.418 0
1315.500 0
1315.582 0
1315.664 0
1315.746 0
1315.828 3
1315.910 4
1315.992 5
1316.074 6
1316.156 10
1316.238 9
1316.320 8
1316.402 7
1316.484 3
1316.566 3
1316.648 3
1316.730 4
1316.812 4
1316.894 4
1316.977 4
1317.059 3
1317.141 0
1317.223 1
1317.305 2
1317.387 3
1317.469 6
1317.551 8
1317.633 10
1317.715 12
1317.797 15
1317.879 22
1317.961 22
1318.043 21
1318.126 21
1318.208 15
1318.290 15
1318.372 16
1318.454 18
1318.536 14
1318.618 11
1318.700 9
1318.782 5
1318.864 6
1318.947 6
1319.029 5
1319.111 3
1319.193 2
1319.275 2
1319.357 2
1319.439 0
1319.521 0
1319.604 0
1319.686 0
1319.768 0
1319.850 0
1319.932 0
1320.014 0
1320.096 2
1320.179 3
1320.261 5
1320.343 6
1320.425 10
1320.507 13
1320.589 15
1320.672 19
1320.754 24
1320.836 20
1320.918 16
1321.000 11
1321.082 5
1321.165 4
1321.247 3
1321.329 3
1321.411 2
1321.493 2
1321.576 2
1321.658 3
1321.740 2
1321.822 2
1321.904 2
1321.987 0
1322.069 0
1322.151 1
1322.233 1
1322.315 3
1322.398 3
1322.480 4
1322.562 6
1322.644 6
1322.727 8
1322.809 9
1322.891 11
1322.973 12
1323.056 14
1323.138 13
1323.220 11
1323.302 10
1323.385 8
1323.467 7
1323.549 6
1323.631 5
1323.714 2
1323.796 2
1323.878 2
1323.960 2
1324.043 1
1324.125 1
1324.207 1
1324.290 1
1324.372 1
1324.454 1
1324.536 2
1324.619 2
1324.701 2
1324.783 2
1324.866 1
1324.948 1
1325.030 0
1325.113 0
1325.195 0
1325.277 1
1325.360 4
1325.442 4
1325.524 4
1325.606 3
1325.689 5
1325.771 4
1325.853 3
1325.936 2
1326.018 1
1326.100 1
1326.183 5
1326.265 6
1326.348 6
1326.430 6
1326.512 2
1326.595 1
1326.677 1
1326.759 2
1326.842 3
1326.924 6
1327.006 8
1327.089 8
1327.171 9
1327.254 7
1327.336 7
1327.418 6
1327.501 5
1327.583 4
1327.665 2
1327.748 3
1327.830 4
1327.913 5
1327.995 6
1328.077 7
1328.160 7
1328.242 8
1328.325 10
1328.407 10
1328.489 10
1328.572 10
1328.654 8
1328.737 7
1328.819 7
1328.902 6
1328.984 4
1329.066 4
1329.149 4
1329.231 4
1329.314 2
1329.396 2
1329.479 1
1329.561 1
1329.644 0
1329.726 0
1329.808 0
1329.891 0
1329.973 2
1330.056 2
1330.138 2
1330.221 2
1330.303 0
1330.386 0
1330.468 0
1330.551 0
1330.633 0
1330.716 0
1330.798 0
1330.881 0
1330.963 0
1331.046 0
1331.128 1
1331.211 2
1331.293 7
1331.376 9
1331.458 13
1331.541 13
1331.623 12
1331.706 11
1331.788 8
1331.871 8
1331.953 7
1332.036 7
1332.118 6
1332.201 7
1332.283 8
1332.366 8
1332.449 8
1332.531 7
1332.614 5
1332.696 5
1332.779 5
1332.861 5
1332.944 3
1333.026 3
1333.109 3
1333.191 3
1333.274 3
1333.357 3
1333.439 3
1333.522 3
1333.604 3
1333.687 3
1333.770 5
1333.852 5
1333.935 2
1334.017 2
1334.100 2
1334.182 2
1334.265 3
1334.348 7
1334.430 7
1334.513 9
1334.595 13
1334.678 12
1334.761 13
1334.843 13
1334.926 16
1335.009 14
1335.091 12
1335.174 11
1335.256 10
1335.339 9
1335.422 8
1335.504 7
1335.587 3
1335.670 3
1335.752 3
1335.835 3
1335.918 1
1336.000 1
1336.083 4
1336.166 4
1336.248 7
1336.331 7
1336.413 4
1336.496 4
1336.579 1
1336.662 2
1336.744 2
1336.827 2
1336.910 1
1336.992 0
1337.075 0
1337.158 0
1337.240 0
1337.323 0
1337.406 0
1337.488 1
1337.571 2
1337.654 3
1337.736 5
1337.819 5
1337.902 6
1337.985 7
1338.067 6
1338.150 7
1338.233 8
1338.316 8
1338.398 5
1338.481 5
1338.564 5
1338.646 5
1338.729 5
1338.812 5
1338.895 2
1338.977 2
1339.060 2
1339.143 2
1339.226 0
1339.308 0
1339.391 0
1339.474 0
1339.557 0
1339.639 0
1339.722 0
1339.805 0
1339.888 0
1339.971 3
1340.053 5
1340.136 7
1340.219 9
1340.302 8
1340.384 8
1340.467 8
1340.550 9
1340.633 7
1340.716 5
1340.798 3
1340.881 1
1340.964 1
1341.047 1
1341.130 1
1341.213 0
1341.295 0
1341.378 0
1341.461 0
1341.544 0
1341.627 2
1341.709 2
1341.792 2
1341.875 2
1341.958 0
1342.041 0
1342.124 0
1342.207 0
1342.289 0
1342.372 0
1342.455 0
1342.538 1
1342.621 1
1342.704 1
1342.787 1
1342.869 2
1342.952 2
1343.035 2
1343.118 2
1343.201 0
1343.284 1
1343.367 2
1343.450 2
1343.532 2
1343.615 2
1343.698 3
1343.781 3
1343.864 3
1343.947 2
1344.030 2
1344.113 2
1344.196 2
1344.279 3
1344.361 1
1344.444 1
1344.527 1
1344.610 0
1344.693 0
1344.776 0
1344.859 0
1344.942 3
1345.025 6
1345.108 10
1345.191 14
1345.274 17
1345.357 20
1345.440 22
1345.523 26
1345.605 22
1345.688 18
1345.771 14
1345.854 9
1345.937 7
1346.020 5
1346.103 3
1346.186 1
1346.269 4
1346.352 4
1346.435 4
1346.518 7
1346.601 5
1346.684 5
1346.767 5
1346.850 7
1346.933 6
1347.016 6
1347.099 9
1347.182 9
1347.265 8
1347.348 7
1347.431 4
1347.514 2
1347.597 3
1347.680 5
1347.763 6
1347.846 6
1347.929 6
1348.012 4
1348.095 5
1348.178 6
1348.261 7
1348.344 5
1348.427 10
1348.510 13
1348.594 12
1348.677 10
1348.760 7
1348.843 6
1348.926 4
1349.009 3
1349.092 1
1349.175 1
1349.258 3
1349.341 4
1349.424 6
1349.507 6
1349.590 8
1349.673 8
1349.756 6
1349.840 6
1349.923 3
1350.006 2
1350.089 2
1350.172 1
1350.255 0
1350.338 0
1350.421 0
1350.504 0
1350.587 1
1350.671 2
1350.754 3
1350.837 10
1350.920 10
1351.003 10
1351.086 10
1351.169 4
1351.252 4
1351.336 4
1351.419 6
1351.502 8
1351.585 9
1351.668 10
1351.751 9
1351.834 11
1351.918 9
1352.001 7
1352.084 5
1352.167 0
1352.250 0
1352.333 0
1352.416 0
1352.500 2
1352.583 2
1352.666 2
1352.749 3
1352.832 4
1352.916 5
1352.999 6
1353.082 6
1353.165 7
1353.248 6
1353.331 5
1353.415 4
1353.498 1
1353.581 1
1353.664 1
1353.747 2
1353.831 4
1353.914 7
1353.997 9
1354.080 10
1354.164 10
1354.247 8
1354.330 5
1354.413 4
1354.496 3
1354.580 4
1354.663 2
1354.746 2
1354.829 1
1354.913 0
1354.996 0
1355.079 1
1355.162 1
1355.246 1
1355.329 1
1355.412 1
1355.495 1
1355.579 1
1355.662 1
1355.745 0
1355.829 0
1355.912 0
1355.995 0
1356.078 1
1356.162 1
1356.245 3
1356.328 5
1356.412 6
1356.495 10
1356.578 10
1356.661 11
1356.745 11
1356.828 13
1356.911 11
1356.995 8
1357.078 6
1357.161 2
1357.245 4
1357.328 6
1357.411 8
1357.495 12
1357.578 14
1357.661 13
1357.745 12
1357.828 14
1357.911 9
1357.995 9
1358.078 7
1358.161 3
1358.245 3
1358.328 1
1358.411 1
1358.495 5
1358.578 6
1358.661 8
1358.745 9
1358.828 11
1358.911 12
1358.995 11
1359.078 11
1359.162 10
1359.245 9
1359.328 9
1359.412 9
1359.495 11
1359.578 9
1359.662 7
1359.745 6
1359.829 2
1359.912 2
1359.995 2
1360.079 1
1360.162 2
1360.246 2
1360.329 3
1360.413 3
1360.496 5
1360.579 5
1360.663 4
1360.746 4
1360.830 3
1360.913 3
1360.997 3
1361.080 3
1361.163 2
1361.247 2
1361.330 2
1361.414 2
1361.497 0
1361.581 0
1361.664 1
1361.748 1
1361.831 1
1361.914 1
1361.998 1
1362.081 1
1362.165 1
1362.248 1
1362.332 0
1362.415 0
1362.499 1
1362.582 1
1362.666 1
1362.749 1
1362.833 1
1362.916 1
1363.000 1
1363.083 1
1363.167 0
1363.250 0
1363.334 0
1363.417 0
1363.501 0
1363.584 0
1363.668 0
1363.751 0
1363.835 0
1363.918 0
1364.002 0
1364.085 0
1364.169 2
1364.252 2
1364.336 2
1364.420 2
1364.503 4
1364.587 4
1364.670 4
1364.754 4
1364.837 1
1364.921 1
1365.004 2
1365.088 2
1365.172 6
1365.255 6
1365.339 5
1365.422 5
1365.506 4
1365.589 5
1365.673 6
1365.757 7
1365.840 8
1365.924 8
1366.007 8
1366.091 8
1366.174 8
1366.258 7
1366.342 8
1366.425 9
1366.509 8
1366.592 10
1366.676 12
1366.760 10
1366.843 6
1366.927 5
1367.011 3
1367.094 3
1367.178 3
1367.261 3
1367.345 3
1367.429 4
1367.512 6
1367.596 6
1367.680 8
1367.763 8
1367.847 6
1367.931 6
1368.014 4
1368.098 4
1368.182 5
1368.265 5
1368.349 5
1368.433 5
1368.516 7
1368.600 7
1368.684 6
1368.767 7
1368.851 4
1368.935 7
1369.018 9
1369.102 10
1369.186 14
1369.269 11
1369.353 9
1369.437 7
1369.520 3
1369.604 3
1369.688 3
1369.772 3
1369.855 1
1369.939 1
1370.023 1
1370.106 2
1370.190 2
1370.274 3
1370.358 5
1370.441 4
1370.525 3
1370.609 2
1370.692 1
1370.776 1
1370.860 3
1370.944 3
1371.027 2
1371.111 3
1371.195 2
1371.279 2
1371.362 2
1371.446 1
1371.530 1
1371.614 1
1371.697 2
1371.781 2
1371.865 5
1371.949 5
1372.033 4
1372.116 4
1372.200 6
1372.284 9
1372.368 12
1372.451 15
1372.535 19
1372.619 17
1372.703 15
1372.787 14
1372.870 11
1372.954 10
1373.038 9
1373.122 7
1373.206 5
1373.290 5
1373.373 6
1373.457 6
1373.541 8
1373.625 8
1373.709 7
1373.792 8
1373.876 8
1373.960 7
1374.044 6
1374.128 4
1374.212 0
1374.296 0
1374.379 0
1374.463 0
1374.547 0
1374.631 0
1374.715 0
1374.799 0
1374.883 0
1374.966 1
1375.050 2
1375.134 3
1375.218 6
1375.302 9
1375.386 12
1375.470 15
1375.554 21
1375.637 19
1375.721 17
1375.805 15
1375.889 13
1375.973 11
1376.057 9
1376.141 7
1376.225 3
1376.309 5
1376.393 7
1376.476 9
1376.560 13
1376.644 13
1376.728 13
1376.812 13
1376.896 11
1376.980 11
1377.064 11
1377.148 11
1377.232 11
1377.316 9
1377.400 7
1377.484 6
1377.568 4
1377.652 4
1377.735 4
1377.819 3
1377.903 2
1377.987 5
1378.071 8
1378.155 13
1378.239 16
1378.323 18
1378.407 20
1378.491 20
1378.575 22
1378.659 19
1378.743 15
1378.827 13
1378.911 8
1378.995 8
1379.079 5
1379.163 4
1379.247 3
1379.331 4
1379.415 8
1379.499 9
1379.583 11
1379.667 10
1379.751 12
1379.835 10
1379.919 7
1380.003 6
1380.087 3
1380.171 3
1380.255 1
1380.339 2
1380.423 2
1380.507 2
1380.591 1
1380.675 2
1380.760 3
1380.844 4
1380.928 7
1381.012 6
1381.096 8
1381.180 8
1381.264 8
1381.348 7
1381.432 4
1381.516 3
1381.600 0
1381.684 0
1381.768 0
1381.852 0
1381.936 3
1382.021 3
1382.105 3
1382.189 3
1382.273 9
1382.357 10
1382.441 9
1382.525 9
1382.609 5
1382.693 3
1382.777 3
1382.862 2
1382.946 0
1383.030 1
1383.114 2
1383.198 4
1383.282 7
1383.366 8
1383.450 12
1383.535 13
1383.619 11
1383.703 10
1383.787 8
1383.871 6
1383.955 6
1384.039 7
1384.124 5
1384.208 5
1384.292 6
1384.376 6
1384.460 6
1384.544 6
1384.628 6
1384.713 4
1384.797 3
1384.881 2
1384.965 1
1385.049 1
1385.134 1
1385.218 1
1385.302 0
1385.386 0
1385.470 0
1385.554 0
1385.639 1
1385.723 2
1385.807 2
1385.891 2
1385.976 1
1386.060 1
1386.144 1
1386.228 1
1386.312 3
1386.397 4
1386.481 6
1386.565 8
1386.649 10
1386.733 10
1386.818 10
1386.902 9
1386.986 5
1387.070 9
1387.155 13
1387.239 18
1387.323 25
1387.407 27
1387.492 27
1387.576 27
1387.660 24
1387.744 21
1387.829 20
1387.913 19
1387.997 16
1388.082 16
1388.166 16
1388.250 16
1388.334 16
1388.419 14
1388.503 12
1388.587 10
1388.672 5
1388.756 5
1388.840 5
1388.924 5
1389.009 5
1389.093 4
1389.177 3
1389.262 2
1389.346 0
1389.430 0
1389.515 1
1389.599 2
1389.683 2
1389.768 3
1389.852 2
1389.936 1
1390.021 1
1390.105 0
1390.189 0
1390.274 0
1390.358 0
1390.442 0
1390.527 0
1390.611 0
1390.695 1
1390.780 1
1390.864 1
1390.948 1
1391.033 0
1391.117 0
1391.201 0
1391.286 2
1391.370 3
1391.455 3
1391.539 4
1391.623 2
1391.708 1
1391.792 1
1391.877 1
1391.961 1
1392.045 1
1392.130 2
1392.214 2
1392.299 3
1392.383 9
1392.467 8
1392.552 7
1392.636 6
1392.721 1
1392.805 1
1392.889 2
1392.974 2
1393.058 3
1393.143 3
1393.227 2
1393.312 3
1393.396 3
1393.480 3
1393.565 3
1393.649 2
1393.734 2
1393.818 3
1393.903 4
1393.987 5
1394.072 9
1394.156 9
1394.240 9
1394.325 9
1394.409 9
1394.494 9
1394.578 9
1394.663 9
1394.747 6
1394.832 5
1394.916 4
1395.001 3
1395.085 1
1395.170 4
1395.254 4
1395.339 4
1395.423 3
1395.508 5
1395.592 5
1395.677 5
1395.761 8
1395.846 6
1395.930 5
1396.015 4
1396.099 2
1396.184 4
1396.268 6
1396.353 8
1396.437 12
1396.522 12
1396.606 12
1396.691 12
1396.776 11
1396.860 10
1396.945 9
1397.029 11
1397.114 6
1397.198 6
1397.283 6
1397.367 3
1397.452 7
1397.537 6
1397.621 6
1397.706 5
1397.790 2
1397.875 2
1397.959 1
1398.044 1
1398.129 3
1398.213 3
1398.298 3
1398.382 5
1398.467 3
1398.552 5
1398.636 8
1398.721 7
1398.805 8
1398.890 7
1398.975 5
1399.059 5
1399.144 4
1399.228 5
1399.313 7
1399.398 8
1399.482 9
1399.567 9
1399.651 8
1399.736 8
1399.821 11
1399.905 9
1399.990 7
1400.075 5
1400.159 0
1400.244 0
1400.329 0
1400.413 1
1400.498 4
1400.583 6
1400.667 7
1400.752 7
1400.837 7
1400.921 5
1401.006 4
1401.091 3
1401.175 2
1401.260 2
1401.345 2
1401.429 2
1401.514 2
1401.599 2
1401.683 2
1401.768 2
1401.853 1
1401.937 1
1402.022 2
1402.107 2
1402.192 1
1402.276 1
1402.361 0
1402.446 0
1402.530 1
1402.615 3
1402.700 3
1402.785 3
1402.869 2
1402.954 0
1403.039 0
1403.124 0
1403.208 0
1403.293 0
1403.378 0
1403.462 0
1403.547 3
1403.632 3
1403.717 3
1403.802 3
1403.886 2
1403.971 2
1404.056 2
1404.141 2
1404.225 0
1404.310 1
1404.395 1
1404.480 1
1404.564 3
1404.649 2
1404.734 3
1404.819 4
1404.904 6
1404.988 10
1405.073 9
1405.158 8
1405.243 5
1405.328 4
1405.412 4
1405.497 4
1405.582 3
1405.667 0
1405.752 0
1405.836 0
1405.921 1
1406.006 3
1406.091 5
1406.176 8
1406.261 13
1406.345 12
1406.430 14
1406.515 11
1406.600 8
1406.685 7
1406.770 4
1406.854 4
1406.939 4
1407.024 5
1407.109 6
1407.194 7
1407.279 10
1407.364 9
1407.448 7
1407.533 6
1407.618 2
1407.703 2
1407.788 3
1407.873 4
1407.958 3
1408.043 6
1408.128 5
1408.212 4
1408.297 5
1408.382 5
1408.467 7
1408.552 9
1408.637 13
1408.722 12
1408.807 12
1408.892 12
1408.977 10
1409.061 12
1409.146 13
1409.231 13
1409.316 11
1409.401 8
1409.486 6
1409.571 5
1409.656 2
1409.741 2
1409.826 2
1409.911 2
1409.996 4
1410.081 4
1410.166 4
1410.251 4
1410.336 8
1410.421 7
1410.505 6
1410.590 5
1410.675 1
1410.760 2
1410.845 2
1410.930 2
1411.015 1
1411.100 1
1411.185 2
1411.270 3
1411.355 5
1411.440 7
1411.525 8
1411.610 9
1411.695 10
1411.780 8
1411.865 7
1411.950 6
1412.035 4
1412.120 5
1412.205 4
1412.290 3
1412.375 2
1412.460 1
1412.545 1
1412.630 1
1412.715 1
1412.800 2
1412.885 3
1412.970 4
1413.056 5
1413.141 3
1413.226 4
1413.311 5
1413.396 7
1413.481 10
1413.566 9
1413.651 8
1413.736 6
1413.821 2
1413.906 2
1413.991 2
1414.076 3
1414.161 4
1414.246 6
1414.331 8
1414.417 10
1414.502 8
1414.587 10
1414.672 8
1414.757 6
1414.842 5
1414.927 3
1415.012 3
1415.097 6
1415.182 6
1415.267 4
1415.353 5
1415.438 2
1415.523 2
1415.608 2
1415.693 1
1415.778 0
1415.863 1
1415.948 1
1416.034 1
1416.119 4
1416.204 3
1416.289 3
1416.374 3
1416.459 4
1416.544 3
1416.630 3
1416.715 2
1416.800 1
1416.885 1
1416.970 0
1417.055 0
1417.140 3
1417.226 3
1417.311 4
1417.396 4
1417.481 3
1417.566 4
1417.652 4
1417.737 5
1417.822 7
1417.907 11
1417.992 14
1418.077 17
1418.163 23
1418.248 18
1418.333 14
1418.418 10
1418.503 6
1418.589 6
1418.674 6
1418.759 6
1418.844 4
1418.930 5
1419.015 6
1419.100 7
1419.185 8
1419.270 8
1419.356 8
1419.441 9
1419.526 7
1419.611 8
1419.697 9
1419.782 9
1419.867 6
1419.952 6
1420.038 8
1420.123 7
1420.208 5
1420.293 4
1420.379 1
1420.464 2
1420.549 1
1420.634 1
1420.720 1
1420.805 0
1420.890 0
1420.976 1
1421.061 1
1421.146 1
1421.231 1
1421.317 0
1421.402 0
1421.487 0
1421.573 0
1421.658 0
1421.743 0
1421.829 0
1421.914 2
1421.999 2
1422.084 3
1422.170 3
1422.255 1
1422.340 1
1422.426 0
1422.511 0
1422.596 0
1422.682 0
1422.767 0
1422.852 0
1422.938 2
1423.023 3
1423.108 4
1423.194 5
1423.279 9
1423.365 7
1423.450 5
1423.535 3
1423.621 1
1423.706 2
1423.791 3
1423.877 4
1423.962 6
1424.047 5
1424.133 4
1424.218 4
1424.304 3
1424.389 3
1424.474 4
1424.560 3
1424.645 7
1424.731 9
1424.816 10
1424.901 12
1424.987 17
1425.072 14
1425.158 11
1425.243 8
1425.328 3
1425.414 3
1425.499 6
1425.585 6
1425.670 3
1425.755 3
1425.841 0
1425.926 1
1426.012 2
1426.097 2
1426.183 2
1426.268 1
1426.354 2
1426.439 3
1426.524 6
1426.610 8
1426.695 11
1426.781 11
1426.866 9
1426.952 8
1427.037 4
1427.123 1
1427.208 1
1427.294 1
1427.379 1
1427.465 0
1427.550 0
1427.636 0
1427.721 2
1427.807 2
1427.892 2
1427.978 4
1428.063 2
1428.148 2
1428.234 4
1428.320 6
1428.405 5
1428.491 4
1428.576 1
1428.662 1
1428.747 2
1428.833 3
1428.918 4
1429.004 4
1429.089 6
1429.175 7
1429.260 7
1429.346 7
1429.431 7
1429.517 5
1429.602 4
1429.688 3
1429.773 2
1429.859 3
1429.945 5
1430.030 6
1430.116 7
1430.201 6
1430.287 4
1430.372 3
1430.458 3
1430.544 3
1430.629 3
1430.715 3
1430.800 3
1430.886 3
1430.971 3
1431.057 3
1431.143 0
1431.228 0
1431.314 0
1431.399 0
1431.485 0
1431.571 0
1431.656 0
1431.742 0
1431.827 1
1431.913 1
1431.999 2
1432.084 2
1432.170 2
1432.256 2
1432.341 1
1432.427 1
1432.512 1
1432.598 1
1432.684 1
1432.769 1
1432.855 1
1432.941 1
1433.026 1
1433.112 1
1433.198 1
1433.283 1
1433.369 1
1433.455 1
1433.540 0
1433.626 0
1433.712 0
1433.797 0
1433.883 2
1433.969 2
1434.054 2
1434.140 2
1434.226 1
1434.311 2
1434.397 5
1434.483 6
1434.568 8
1434.654 8
1434.740 11
1434.826 10
1434.911 6
1434.997 5
1435.083 3
1435.168 4
1435.254 6
1435.340 6
1435.425 6
1435.511 5
1435.597 1
1435.683 1
1435.768 1
1435.854 1
1435.940 0
1436.026 1
1436.111 2
1436.197 3
1436.283 4
1436.369 4
1436.454 4
1436.540 4
1436.626 3
1436.712 3
1436.797 4
1436.883 5
1436.969 3
1437.055 3
1437.140 2
1437.226 2
1437.312 1
1437.398 1
1437.484 2
1437.569 1
1437.655 1
1437.741 1
1437.827 1
1437.913 1
1437.998 1
1438.084 1
1438.170 0
1438.256 0
1438.342 0
1438.427 0
1438.513 0
1438.599 1
1438.685 1
1438.771 1
1438.856 1
1438.942 0
1439.028 0
1439.114 1
1439.200 2
1439.286 3
1439.371 8
1439.457 8
1439.543 7
1439.629 6
1439.715 4
1439.801 3
1439.887 3
1439.972 3
1440.058 0
1440.144 1
1440.230 2
1440.316 3
1440.402 5
1440.488 5
1440.574 5
1440.659 5
1440.745 8
1440.831 8
1440.917 8
1441.003 8
1441.089 8
1441.175 15
1441.261 22
1441.347 29
1441.432 38
1441.518 36
1441.604 34
1441.690 33
1441.776 29
1441.862 31
1441.948 36
1442.034 37
1442.120 38
1442.206 46
1442.292 50
1442.378 59
1442.463 68
1442.549 60
1442.635 49
1442.721 40
1442.807 30
1442.893 30
1442.979 30
1443.065 30
1443.151 29
1443.237 29
1443.323 30
1443.409 31
1443.495 33
1443.581 29
1443.667 24
1443.753 20
1443.839 15
1443.925 18
1444.011 21
1444.097 23
1444.183 26
1444.269 22
1444.355 18
1444.441 14
1444.527 5
1444.613 5
1444.699 5
1444.785 5
1444.871 5
1444.957 6
1445.043 6
1445.129 7
1445.215 8
1445.301 10
1445.387 12
1445.473 12
1445.559 13
1445.645 12
1445.731 12
1445.817 12
1445.903 9
1445.989 12
1446.075 9
1446.161 7
1446.247 5
1446.333 3
1446.419 3
1446.505 3
1446.591 2
1446.677 3
1446.763 4
1446.850 5
1446.936 8
1447.022 8
1447.108 8
1447.194 8
1447.280 6
1447.366 6
1447.452 5
1447.538 4
1447.624 2
1447.710 1
1447.796 1
1447.883 1
1447.969 2
1448.055 2
1448.141 2
1448.227 2
1448.313 0
1448.399 0
1448.485 0
1448.571 1
1448.658 2
1448.744 4
1448.830 7
1448.916 8
1449.002 10
1449.088 10
1449.174 7
1449.260 7
1449.347 7
1449.433 7
1449.519 5
1449.605 5
1449.691 3
1449.777 3
1449.864 5
1449.950 5
1450.036 6
1450.122 7
1450.208 5
1450.294 5
1450.381 1
1450.467 0
1450.553 0
1450.639 0
1450.725 1
1450.811 1
1450.898 1
1450.984 1
1451.070 2
1451.156 2
1451.242 3
1451.329 3
1451.415 2
1451.501 2
1451.587 1
1451.673 1
1451.760 0
1451.846 0
1451.932 0
1452.018 0
1452.105 0
1452.191 0
1452.277 0
1452.363 0
1452.449 0
1452.536 0
1452.622 0
1452.708 0
1452.794 3
1452.881 3
1452.967 3
1453.053 4
1453.139 4
1453.226 6
1453.312 8
1453.398 9
1453.485 11
1453.571 9
1453.657 7
1453.743 5
1453.830 3
1453.916 3
1454.002 3
1454.088 3
1454.175 0
1454.261 1
1454.347 2
1454.434 3
1454.520 4
1454.606 4
1454.693 4
1454.779 4
1454.865 3
1454.951 3
1455.038 3
1455.124 3
1455.210 4
1455.297 5
1455.383 6
1455.469 7
1455.556 12
1455.642 11
1455.728 10
1455.815 9
1455.901 6
1455.987 6
1456.074 6
1456.160 6
1456.246 2
1456.333 2
1456.419 2
1456.505 4
1456.592 3
1456.678 3
1456.765 3
1456.851 1
1456.937 1
1457.024 2
1457.110 3
1457.196 4
1457.283 8
1457.369 7
1457.456 6
1457.542 5
1457.628 5
1457.715 8
1457.801 8
1457.888 9
1457.974 6
1458.060 3
1458.147 3
1458.233 2
1458.320 1
1458.406 1
1458.492 1
1458.579 1
1458.665 0
1458.752 0
1458.838 0
1458.925 0
1459.011 1
1459.097 1
1459.184 1
1459.270 1
1459.357 0
1459.443 0
1459.530 0
1459.616 0
1459.703 1
1459.789 2
1459.875 3
1459.962 4
1460.048 7
1460.135 7
1460.221 7
1460.308 7
1460.394 6
1460.481 6
1460.567 6
1460.654 6
1460.740 4
1460.827 3
1460.913 2
1461.000 1
1461.086 0
1461.173 0
1461.259 0
1461.346 0
1461.432 2
1461.519 2
1461.605 2
1461.692 2
1461.778 4
1461.865 3
1461.951 2
1462.038 1
1462.124 0
1462.211 2
1462.297 5
1462.384 7
1462.470 11
1462.557 9
1462.644 6
1462.730 4
1462.817 0
1462.903 0
1462.990 0
1463.076 0
1463.163 1
1463.249 2
1463.336 3
1463.423 4
1463.509 8
1463.596 8
1463.682 8
1463.769 8
1463.855 4
1463.942 3
1464.029 2
1464.115 1
1464.202 0
1464.288 1
1464.375 2
1464.462 3
1464.548 6
1464.635 8
1464.721 10
1464.808 13
1464.895 15
1464.981 15
1465.068 15
1465.154 14
1465.241 12
1465.328 11
1465.414 10
1465.501 9
1465.588 6
1465.674 6
1465.761 6
1465.847 7
1465.934 4
1466.021 4
1466.107 4
1466.194 3
1466.281 0
1466.367 1
1466.454 2
1466.541 3
1466.627 5
1466.714 6
1466.801 7
1466.887 8
1466.974 12
1467.061 11
1467.147 10
1467.234 9
1467.321 5
1467.407 5
1467.494 5
1467.581 5
1467.668 2
1467.754 2
1467.841 3
1467.928 3
1468.014 1
1468.101 1
1468.188 0
1468.274 0
1468.361 0
1468.448 0
1468.535 0
1468.621 0
1468.708 1
1468.795 2
1468.882 3
1468.968 4
1469.055 6
1469.142 5
1469.228 4
1469.315 3
1469.402 2
1469.489 2
1469.575 2
1469.662 2
1469.749 0
1469.836 0
1469.922 0
1470.009 0
1470.096 0
1470.183 1
1470.270 2
1470.356 3
1470.443 7
1470.530 7
1470.617 7
1470.703 7
1470.790 9
1470.877 7
1470.964 5
1471.051 4
1471.137 2
1471.224 2
1471.311 2
1471.398 1
1471.485 2
1471.571 4
1471.658 6
1471.745 10
1471.832 17
1471.919 17
1472.006 21
1472.092 18
1472.179 15
1472.266 13
1472.353 10
1472.440 9
1472.527 7
1472.613 8
1472.700 4
1472.787 3
1472.874 3
1472.961 2
1473.048 3
1473.134 4
1473.221 7
1473.308 7
1473.395 7
1473.482 7
1473.569 6
1473.656 5
1473.743 4
1473.829 3
1473.916 1
1474.003 1
1474.090 1
1474.177 1
1474.264 0
1474.351 1
1474.438 2
1474.525 3
1474.611 5
1474.698 4
1474.785 3
1474.872 2
1474.959 1
1475.046 1
1475.133 2
1475.220 2
1475.307 1
1475.394 3
1475.481 4
1475.568 6
1475.654 9
1475.741 9
1475.828 9
1475.915 9
1476.002 5
1476.089 5
1476.176 5
1476.263 5
1476.350 3
1476.437 3
1476.524 3
1476.611 4
1476.698 3
1476.785 3
1476.872 3
1476.959 2
1477.046 0
1477.133 1
1477.220 4
1477.307 4
1477.394 5
1477.481 4
1477.568 2
1477.655 2
1477.742 2
1477.829 3
1477.916 3
1478.003 4
1478.090 8
1478.177 7
1478.264 6
1478.351 5
1478.438 2
1478.525 2
1478.612 2
1478.699 2
1478.786 1
1478.873 2
1478.960 3
1479.047 4
1479.134 6
1479.221 7
1479.308 9
1479.395 10
1479.482 13
1479.569 11
1479.656 8
1479.743 6
1479.830 4
1479.917 4
1480.004 4
1480.092 4
1480.179 1
1480.266 3
1480.353 5
1480.440 7
1480.527 12
1480.614 12
1480.701 11
1480.788 10
1480.875 5
1480.962 9
1481.049 14
1481.137 19
1481.224 26
1481.311 25
1481.398 24
1481.485 23
1481.572 20
1481.659 18
1481.746 16
1481.833 14
1481.921 9
1482.008 8
1482.095 8
1482.182 7
1482.269 6
1482.356 6
1482.443 5
1482.530 5
1482.618 6
1482.705 5
1482.792 4
1482.879 3
1482.966 2
1483.053 3
1483.140 4
1483.228 5
1483.315 6
1483.402 6
1483.489 8
1483.576 8
1483.663 6
1483.751 6
1483.838 4
1483.925 4
1484.012 1
1484.099 1
1484.187 1
1484.274 1
1484.361 0
1484.448 0
1484.535 0
1484.623 0
1484.710 0
1484.797 0
1484.884 0
1484.971 0
1485.059 1
1485.146 1
1485.233 1
1485.320 1
1485.407 0
1485.495 1
1485.582 2
1485.669 3
1485.756 5
1485.844 5
1485.931 5
1486.018 5
1486.105 6
1486.193 6
1486.280 5
1486.367 4
1486.454 1
1486.542 0
1486.629 0
1486.716 0
1486.803 0
1486.891 0
1486.978 0
1487.065 0
1487.153 0
1487.240 0
1487.327 1
1487.414 2
1487.502 3
1487.589 5
1487.676 4
1487.764 3
1487.851 2
1487.938 1
1488.025 1
1488.113 1
1488.200 1
1488.287 1
1488.375 2
1488.462 3
1488.549 6
1488.637 5
1488.724 4
1488.811 3
1488.899 0
1488.986 0
1489.073 0
1489.161 0
1489.248 1
1489.335 1
1489.423 1
1489.510 1
1489.597 0
1489.685 0
1489.772 0
1489.859 0
1489.947 0
1490.034 0
1490.121 2
1490.209 3
1490.296 4
1490.384 4
1490.471 3
1490.558 2
1490.646 1
1490.733 1
1490.820 0
1490.908 0
1490.995 2
1491.083 5
1491.170 8
1491.257 11
1491.345 14
1491.432 13
1491.520 12
1491.607 11
1491.694 8
1491.782 7
1491.869 5
1491.957 3
1492.044 1
1492.132 0
1492.219 0
1492.306 0
1492.394 0
1492.481 0
1492.569 0
1492.656 0
1492.744 0
1492.831 0
1492.919 0
1493.006 0
1493.093 3
1493.181 6
1493.268 9
1493.356 12
1493.443 18
1493.531 17
1493.618 16
1493.706 15
1493.793 11
1493.881 9
1493.968 7
1494.056 5
1494.143 0
1494.231 2
1494.318 4
1494.406 6
1494.493 8
1494.581 8
1494.668 8
1494.756 9
1494.843 7
1494.931 6
1495.018 6
1495.106 4
1495.193 6
1495.281 6
1495.368 5
1495.456 5
1495.543 0
1495.631 1
1495.718 1
1495.806 1
1495.893 1
1495.981 0
1496.068 0
1496.156 0
1496.244 1
1496.331 2
1496.419 4
1496.506 5
1496.594 9
1496.681 8
1496.769 6
1496.856 5
1496.944 1
1497.032 2
1497.119 2
1497.207 2
1497.294 1
1497.382 1
1497.469 2
1497.557 3
1497.645 4
1497.732 4
1497.820 4
1497.907 4
1497.995 3
1498.083 3
1498.170 3
1498.258 3
1498.345 0
1498.433 0
1498.521 0
1498.608 0
1498.696 0
1498.784 1
1498.871 1
1498.959 2
1499.046 2
1499.134 1
1499.222 2
1499.309 1
1499.397 1
1499.485 1
1499.572 0
1499.660 0
1499.748 2
1499.835 2
1499.923 2
1500.011 2
1500.098 3
1500.186 3
1500.274 4
1500.361 4
1500.449 1
1500.537 1
1500.624 0
1500.712 0
1500.800 0
1500.887 1
1500.975 1
1501.063 1
1501.150 1
1501.238 0
1501.326 0
1501.413 1
1501.501 4
1501.589 4
1501.677 4
1501.764 5
1501.852 3
1501.940 3
1502.027 3
1502.115 1
1502.203 1
1502.291 1
1502.378 1
1502.466 1
1502.554 0
1502.642 0
1502.729 0
1502.817 0
1502.905 0
1502.992 0
1503.080 0
1503.168 0
1503.256 0
1503.343 2
1503.431 3
1503.519 5
1503.607 8
1503.695 8
1503.782 9
1503.870 9
1503.958 9
1504.046 8
1504.133 7
1504.221 7
1504.309 6
1504.397 7
1504.485 9
1504.572 9
1504.660 7
1504.748 7
1504.836 8
1504.924 8
1505.011 5
1505.099 4
1505.187 1
1505.275 0
1505.363 1
1505.450 1
1505.538 1
1505.626 1
1505.714 0
1505.802 0
1505.890 0
1505.977 0
1506.065 0
1506.153 0
1506.241 1
1506.329 1
1506.417 2
1506.505 4
1506.592 5
1506.680 7
1506.768 9
1506.856 9
1506.944 9
1507.032 9
1507.120 11
1507.207 11
1507.295 11
1507.383 11
1507.471 10
1507.559 12
1507.647 11
1507.735 11
1507.823 10
1507.911 13
1507.998 12
1508.086 10
1508.174 9
1508.262 7
1508.350 8
1508.438 9
1508.526 13
1508.614 11
1508.702 9
1508.790 7
1508.878 3
1508.965 3
1509.053 3
1509.141 3
1509.229 0
1509.317 0
1509.405 0
1509.493 0
1509.581 0
1509.669 0
1509.757 0
1509.845 0
1509.933 0
1510.021 0
1510.109 0
1510.197 0
1510.285 1
1510.373 2
1510.461 3
1510.549 4
1510.637 7
1510.724 7
1510.812 7
1510.900 7
1510.988 9
1511.076 9
1511.164 9
1511.252 9
1511.340 7
1511.428 6
1511.516 5
1511.604 4
1511.692 1
1511.780 1
1511.868 1
1511.956 1
1512.044 0
1512.132 0
1512.221 0
1512.309 0
1512.397 2
1512.485 3
1512.573 4
1512.661 5
1512.749 5
1512.837 8
1512.925 10
1513.013 11
1513.101 15
1513.189 12
1513.277 10
1513.365 5
1513.453 2
1513.541 2
1513.629 2
1513.717 2
1513.805 0
1513.893 0
1513.981 0
1514.070 0
1514.158 0
1514.246 0
1514.334 0
1514.422 0
1514.510 0
1514.598 0
1514.686 0
1514.774 0
1514.862 0
1514.950 0
1515.039 0
1515.127 1
1515.215 2
1515.303 2
1515.391 2
1515.479 2
1515.567 4
1515.655 4
1515.743 6
1515.832 5
1515.920 4
1516.008 4
1516.096 7
1516.184 6
1516.272 3
1516.360 2
1516.449 0
1516.537 0
1516.625 0
1516.713 0
1516.801 0
1516.889 0
1516.978 1
1517.066 3
1517.154 5
1517.242 7
1517.330 9
1517.418 8
1517.507 8
1517.595 7
1517.683 4
1517.771 4
1517.859 3
1517.947 3
1518.036 0
1518.124 0
1518.212 0
1518.300 0
1518.388 0
1518.477 1
1518.565 2
1518.653 3
1518.741 4
1518.830 5
1518.918 6
1519.006 7
1519.094 10
1519.182 8
1519.271 7
1519.359 5
1519.447 3
1519.535 3
1519.624 2
1519.712 2
1519.800 0
1519.888 0
1519.977 3
1520.065 5
1520.153 7
1520.241 9
1520.330 13
1520.418 10
1520.506 7
1520.594 4
1520.683 4
1520.771 4
1520.859 7
1520.948 10
1521.036 9
1521.124 12
1521.212 17
1521.301 15
1521.389 12
1521.477 9
1521.566 6
1521.654 6
1521.742 7
1521.830 8
1521.919 9
1522.007 9
1522.095 9
1522.184 9
1522.272 6
1522.360 5
1522.449 4
1522.537 3
1522.625 2
1522.714 2
1522.802 2
1522.890 2
1522.979 0
1523.067 1
1523.155 2
1523.244 3
1523.332 4
1523.420 4
1523.509 4
1523.597 4
1523.685 6
1523.774 8
1523.862 10
1523.951 12
1524.039 17
1524.127 15
1524.216 13
1524.304 11
1524.392 9
1524.481 7
1524.569 5
1524.658 3
1524.746 1
1524.834 1
1524.923 1
1525.011 1
1525.100 0
1525.188 0
1525.276 0
1525.365 1
1525.453 5
1525.542 6
1525.630 10
1525.718 9
1525.807 6
1525.895 5
1525.984 1
1526.072 1
1526.161 2
1526.249 2
1526.337 2
1526.426 2
1526.514 0
1526.603 1
1526.691 1
1526.780 1
1526.868 1
1526.957 0
1527.045 0
1527.134 0
1527.222 2
1527.310 3
1527.399 4
1527.487 5
1527.576 9
1527.664 8
1527.753 7
1527.841 6
1527.930 1
1528.018 1
1528.107 1
1528.195 1
1528.284 0
1528.372 1
1528.461 1
1528.549 1
1528.638 1
1528.726 0
1528.815 0
1528.903 0
1528.992 1
1529.080 1
1529.169 3
1529.257 3
1529.346 2
1529.434 4
1529.523 5
1529.611 7
1529.700 11
1529.789 10
1529.877 7
1529.966 5
1530.054 3
1530.143 3
1530.231 3
1530.320 3
1530.408 1
1530.497 0
1530.586 1
1530.674 2
1530.763 3
1530.851 3
1530.940 2
1531.028 1
1531.117 0
1531.206 0
1531.294 0
1531.383 1
1531.471 4
1531.560 4
1531.649 4
1531.737 3
1531.826 3
1531.914 3
1532.003 3
1532.092 3
1532.180 0
1532.269 0
1532.357 0
1532.446 0
1532.535 0
1532.623 0
1532.712 3
1532.800 3
1532.889 3
1532.978 3
1533.066 3
1533.155 3
1533.244 3
1533.332 3
1533.421 0
1533.510 0
1533.598 3
1533.687 3
1533.776 3
1533.864 3
1533.953 4
1534.042 4
1534.130 4
1534.219 5
1534.308 7
1534.396 8
1534.485 10
1534.574 9
1534.662 11
1534.751 9
1534.840 6
1534.928 5
1535.017 3
1535.106 3
1535.194 3
1535.283 3
1535.372 2
1535.461 2
1535.549 2
1535.638 2
1535.727 0
1535.815 0
1535.904 0
1535.993 0
1536.082 1
1536.170 3
1536.259 5
1536.348 7
1536.436 12
1536.525 12
1536.614 12
1536.703 12
1536.791 12
1536.880 11
1536.969 10
1537.058 9
1537.146 5
1537.235 4
1537.324 3
1537.413 2
1537.501 0
1537.590 0
1537.679 0
1537.768 0
1537.857 0
1537.945 0
1538.034 0
1538.123 0
1538.212 0
1538.301 0
1538.389 0
1538.478 0
1538.567 1
1538.656 2
1538.744 3
1538.833 3
1538.922 2
1539.011 1
1539.100 0
1539.189 0
1539.277 0
1539.366 0
1539.455 1
1539.544 2
1539.633 3
1539.721 4
1539.810 4
1539.899 4
1539.988 4
1540.077 6
1540.166 7
1540.255 9
1540.343 10
1540.432 11
1540.521 13
1540.610 15
1540.699 17
1540.788 14
1540.877 11
1540.965 9
1541.054 8
1541.143 10
1541.232 15
1541.321 14
1541.410 10
1541.499 9
1541.588 5
1541.676 4
1541.765 2
1541.854 1
1541.943 2
1542.032 2
1542.121 2
1542.210 2
1542.299 0
1542.388 0
1542.477 0
1542.565 0
1542.654 0
1542.743 0
1542.832 0
1542.921 0
1543.010 1
1543.099 1
1543.188 1
1543.277 1
1543.366 0
1543.455 0
1543.544 0
1543.633 0
1543.722 0
1543.811 1
1543.900 4
1543.988 4
1544.077 4
1544.166 5
1544.255 5
1544.344 5
1544.433 5
1544.522 3
1544.611 1
1544.700 1
1544.789 1
1544.878 1
1544.967 0
1545.056 0
1545.145 0
1545.234 0
1545.323 0
1545.412 0
1545.501 0
1545.590 0
1545.679 0
1545.768 0
1545.857 0
1545.946 1
1546.035 1
1546.124 1
1546.213 1
1546.302 0
1546.391 1
1546.480 1
1546.569 1
1546.658 1
1546.747 2
1546.836 2
1546.925 2
1547.015 2
1547.104 0
1547.193 2
1547.282 4
1547.371 7
1547.460 9
1547.549 9
1547.638 9
1547.727 9
1547.816 12
1547.905 10
1547.994 8
1548.083 5
1548.172 1
1548.261 2
1548.351 3
1548.440 4
1548.529 5
1548.618 5
1548.707 5
1548.796 5
1548.885 8
1548.974 6
1549.063 4
1549.152 2
1549.242 0
1549.331 0
1549.420 0
1549.509 0
1549.598 0
1549.687 0
1549.776 1
1549.865 1
1549.954 2
1550.044 3
1550.133 2
1550.222 2
1550.311 1
1550.400 0
1550.489 1
1550.578 1
1550.668 1
1550.757 1
1550.846 0
1550.935 0
1551.024 0
1551.113 0
1551.203 0
1551.292 1
1551.381 1
1551.470 1
1551.559 2
1551.648 1
1551.738 2
1551.827 3
1551.916 3
1552.005 4
1552.094 5
1552.184 5
1552.273 5
1552.362 6
1552.451 7
1552.540 6
1552.630 5
1552.719 3
1552.808 0
1552.897 0
1552.986 0
1553.076 0
1553.165 0
1553.254 0
1553.343 0
1553.433 0
1553.522 0
1553.611 1
1553.700 2
1553.790 3
1553.879 5
1553.968 8
1554.057 11
1554.147 14
1554.236 18
1554.325 16
1554.414 13
1554.504 10
1554.593 5
1554.682 4
1554.771 4
1554.861 4
1554.950 2
1555.039 3
1555.129 4
1555.218 5
1555.307 7
1555.396 8
1555.486 9
1555.575 10
1555.664 8
1555.754 9
1555.843 10
1555.932 11
1556.021 10
1556.111 10
1556.200 9
1556.289 8
1556.379 3
1556.468 2
1556.557 2
1556.647 2
1556.736 0
1556.825 0
1556.915 0
1557.004 0
1557.093 0
1557.183 0
1557.272 0
1557.361 0
1557.451 0
1557.540 0
1557.629 0
1557.719 0
1557.808 0
1557.898 0
1557.987 0
1558.076 0
1558.166 0
1558.255 0
1558.344 0
1558.434 0
1558.523 0
1558.613 1
1558.702 1
1558.791 1
1558.881 3
1558.970 4
1559.060 7
1559.149 9
1559.238 14
1559.328 13
1559.417 11
1559.507 10
1559.596 5
1559.685 4
1559.775 3
1559.864 2
1559.954 0
1560.043 0
1560.132 0
1560.222 0
1560.311 0
1560.401 1
1560.490 1
1560.580 1
1560.669 1
1560.759 1
1560.848 3
1560.937 4
1561.027 8
1561.116 8
1561.206 9
1561.295 9
1561.385 11
1561.474 10
1561.564 7
1561.653 6
1561.743 3
1561.832 3
1561.922 3
1562.011 3
1562.101 1
1562.190 1
1562.280 1
1562.369 1
1562.459 0
1562.548 0
1562.638 0
1562.727 0
1562.817 0
1562.906 0
1562.996 0
1563.085 0
1563.175 0
1563.264 0
1563.354 0
1563.443 0
1563.533 0
1563.622 0
1563.712 0
1563.801 0
1563.891 3
1563.980 3
1564.070 3
1564.159 3
1564.249 1
1564.339 1
1564.428 2
1564.518 2
1564.607 1
1564.697 1
1564.786 0
1564.876 0
1564.965 0
1565.055 0
1565.145 0
1565.234 0
1565.324 0
1565.413 0
1565.503 0
1565.593 0
1565.682 0
1565.772 1
1565.861 1
1565.951 1
1566.041 1
1566.130 3
1566.220 5
1566.309 7
1566.399 9
1566.489 7
1566.578 6
1566.668 5
1566.757 1
1566.847 1
1566.937 1
1567.026 1
1567.116 1
1567.206 2
1567.295 3
1567.385 4
1567.474 8
1567.564 8
1567.654 9
1567.743 9
1567.833 7
1567.923 6
1568.012 4
1568.102 4
1568.192 2
1568.281 2
1568.371 2
1568.461 1
1568.550 0
1568.640 1
1568.730 2
1568.819 3
1568.909 6
1568.999 7
1569.088 7
1569.178 7
1569.268 5
1569.358 7
1569.447 6
1569.537 5
1569.627 4
1569.716 0
1569.806 0
1569.896 0
1569.985 0
1570.075 0
1570.165 0
1570.255 0
1570.344 0
1570.434 0
1570.524 0
1570.614 0
1570.703 1
1570.793 1
1570.883 1
1570.973 1
1571.062 0
1571.152 1
1571.242 1
1571.332 1
1571.421 1
1571.511 0
1571.601 0
1571.691 0
1571.780 0
1571.870 0
1571.960 0
1572.050 0
1572.139 0
1572.229 0
1572.319 0
1572.409 0
1572.499 0
1572.588 1
1572.678 2
1572.768 3
1572.858 7
1572.948 6
1573.037 5
1573.127 4
1573.217 3
1573.307 3
1573.397 3
1573.486 3
1573.576 5
1573.666 4
1573.756 3
1573.846 2
1573.936 1
1574.025 1
1574.115 1
1574.205 1
1574.295 1
1574.385 1
1574.475 1
1574.564 1
1574.654 0
1574.744 0
1574.834 0
1574.924 0
1575.014 1
1575.104 1
1575.193 1
1575.283 1
1575.373 3
1575.463 3
1575.553 3
1575.643 3
1575.733 0
1575.823 0
1575.912 0
1576.002 0
1576.092 0
1576.182 0
1576.272 0
1576.362 0
1576.452 0
1576.542 0
1576.632 0
1576.722 0
1576.811 0
1576.901 0
1576.991 2
1577.081 2
1577.171 2
1577.261 2
1577.351 6
1577.441 5
1577.531 4
1577.621 3
1577.711 0
1577.801 0
1577.891 0
1577.981 0
1578.070 0
1578.160 0
1578.250 3
1578.340 3
1578.430 3
1578.520 3
1578.610 0
1578.700 0
1578.790 0
1578.880 0
1578.970 0
1579.060 0
1579.150 0
1579.240 0
1579.330 1
1579.420 1
1579.510 2
1579.600 2
1579.690 1
1579.780 1
1579.870 0
1579.960 0
1580.050 2
1580.140 2
1580.230 3
1580.320 3
1580.410 6
1580.500 7
1580.590 6
1580.680 6
1580.770 4
1580.860 3
1580.950 3
1581.040 3
1581.130 1
1581.220 1
1581.310 1
1581.400 1
1581.490 0
1581.581 1
1581.671 2
1581.761 3
1581.851 4
1581.941 4
1582.031 4
1582.121 4
1582.211 2
1582.301 2
1582.391 2
1582.481 2
1582.571 0
1582.661 0
1582.751 0
1582.842 0
1582.932 3
1583.022 4
1583.112 6
1583.202 9
1583.292 12
1583.382 14
1583.472 16
1583.562 14
1583.652 11
1583.743 9
1583.833 7
1583.923 7
1584.013 5
1584.103 5
1584.193 4
1584.283 6
1584.373 7
1584.464 8
1584.554 9
1584.644 9
1584.734 10
1584.824 16
1584.914 22
1585.004 27
1585.095 33
1585.185 38
1585.275 43
1585.365 48
1585.455 55
1585.545 56
1585.636 56
1585.726 56
1585.816 55
1585.906 49
1585.996 44
1586.086 39
1586.177 31
1586.267 34
1586.357 37
1586.447 40
1586.537 45
1586.628 40
1586.718 35
1586.808 30
1586.898 24
1586.988 25
1587.079 25
1587.169 25
1587.259 27
1587.349 27
1587.439 28
1587.530 29
1587.620 30
1587.710 26
1587.800 22
1587.891 18
1587.981 11
1588.071 9
1588.161 7
1588.252 5
1588.342 3
1588.432 3
1588.522 3
1588.613 3
1588.703 1
1588.793 2
1588.883 3
1588.974 4
1589.064 7
1589.154 6
1589.244 5
1589.335 4
1589.425 1
1589.515 2
1589.606 3
1589.696 4
1589.786 6
1589.876 6
1589.967 6
1590.057 6
1590.147 9
1590.238 10
1590.328 11
1590.418 13
1590.508 15
1590.599 14
1590.689 13
1590.779 11
1590.870 9
1590.960 9
1591.050 9
1591.141 9
1591.231 4
1591.321 3
1591.412 2
1591.502 1
1591.592 0
1591.683 0
1591.773 0
1591.863 0
1591.954 1
1592.044 3
1592.134 5
1592.225 7
1592.315 10
1592.406 10
1592.496 11
1592.586 11
1592.677 12
1592.767 12
1592.857 10
1592.948 10
1593.038 8
1593.129 7
1593.219 8
1593.309 7
1593.400 9
1593.490 9
1593.581 8
1593.671 8
1593.761 11
1593.852 10
1593.942 12
1594.033 11
1594.123 10
1594.213 10
1594.304 10
1594.394 10
1594.485 8
1594.575 8
1594.666 5
1594.756 5
1594.846 3
1594.937 3
1595.027 3
1595.118 3
1595.208 5
1595.299 5
1595.389 5
1595.480 5
1595.570 7
1595.660 6
1595.751 5
1595.841 4
1595.932 0
1596.022 1
1596.113 2
1596.203 3
1596.294 8
1596.384 10
1596.475 14
1596.565 17
1596.656 22
1596.746 21
1596.837 20
1596.927 17
1597.018 11
1597.108 9
1597.199 5
1597.289 4
1597.380 3
1597.470 3
1597.561 3
1597.651 3
1597.742 5
1597.832 5
1597.923 5
1598.013 5
1598.104 6
1598.194 6
1598.285 5
1598.375 4
1598.466 3
1598.556 2
1598.647 2
1598.738 2
1598.828 1
1598.919 2
1599.009 3
1599.100 4
1599.190 5
1599.281 4
1599.371 3
1599.462 2
1599.553 2
1599.643 2
1599.734 2
1599.824 2
1599.915 1
1600.005 1
1600.096 1
1600.187 2
1600.277 3
1600.368 6
1600.458 9
1600.549 11
1600.640 15
1600.730 13
1600.821 11
1600.911 9
1601.002 6
1601.093 6
1601.183 6
1601.274 6
1601.365 3
1601.455 3
1601.546 3
1601.636 3
1601.727 1
1601.818 2
1601.908 3
1601.999 4
1602.090 5
1602.180 8
1602.271 11
1602.362 13
1602.452 16
1602.543 15
1602.633 14
1602.724 14
1602.815 11
1602.905 9
1602.996 7
1603.087 5
1603.177 2
1603.268 2
1603.359 2
1603.450 2
1603.540 1
1603.631 2
1603.722 3
1603.812 5
1603.903 7
1603.994 7
1604.084 7
1604.175 5
1604.266 4
1604.356 3
1604.447 2
1604.538 3
1604.629 2
1604.719 2
1604.810 3
1604.901 2
1604.992 2
1605.082 2
1605.173 1
1605.264 1
1605.354 1
1605.445 2
1605.536 3
1605.627 4
1605.717 5
1605.808 5
1605.899 5
1605.990 6
1606.080 6
1606.171 7
1606.262 7
1606.353 6
1606.444 6
1606.534 5
1606.625 5
1606.716 5
1606.807 7
1606.897 7
1606.988 7
1607.079 7
1607.170 4
1607.261 4
1607.351 4
1607.442 4
1607.533 1
1607.624 2
1607.715 3
1607.805 4
1607.896 5
1607.987 5
1608.078 5
1608.169 5
1608.259 7
1608.350 7
1608.441 7
1608.532 7
1608.623 8
1608.714 7
1608.804 6
1608.895 5
1608.986 2
1609.077 2
1609.168 2
1609.259 3
1609.349 1
1609.440 2
1609.531 2
1609.622 1
1609.713 1
1609.804 1
1609.895 1
1609.985 1
1610.076 1
1610.167 0
1610.258 0
1610.349 0
1610.440 0
1610.531 0
1610.622 0
1610.713 0
1610.803 2
1610.894 3
1610.985 4
1611.076 5
1611.167 4
1611.258 4
1611.349 4
1611.440 5
1611.531 4
1611.622 5
1611.713 6
1611.803 6
1611.894 5
1611.985 6
1612.076 8
1612.167 9
1612.258 13
1612.349 11
1612.440 8
1612.531 6
1612.622 2
1612.713 2
1612.804 2
1612.895 2
1612.986 1
1613.077 1
1613.168 1
1613.259 1
1613.349 0
1613.440 0
1613.531 0
1613.622 0
1613.713 0
1613.804 0
1613.895 0
1613.986 0
1614.077 2
1614.168 2
1614.259 2
1614.350 2
1614.441 0
1614.532 0
1614.623 0
1614.714 0
1614.805 2
1614.896 4
1614.987 6
1615.078 8
1615.169 11
1615.260 9
1615.351 7
1615.442 5
1615.533 3
1615.625 3
1615.716 3
1615.807 3
1615.898 0
1615.989 0
1616.080 0
1616.171 0
1616.262 1
1616.353 3
1616.444 5
1616.535 7
1616.626 8
1616.717 8
1616.808 7
1616.899 6
1616.990 5
1617.081 4
1617.172 4
1617.264 4
1617.355 0
1617.446 1
1617.537 2
1617.628 3
1617.719 8
1617.810 10
1617.901 16
1617.992 19
1618.083 24
1618.174 26
1618.266 27
1618.357 25
1618.448 23
1618.539 18
1618.630 13
1618.721 13
1618.812 13
1618.903 13
1618.994 18
1619.086 16
1619.177 17
1619.268 13
1619.359 9
1619.450 10
1619.541 8
1619.632 8
1619.724 4
1619.815 3
1619.906 2
1619.997 2
1620.088 3
1620.179 4
1620.271 3
1620.362 4
1620.453 5
1620.544 4
1620.635 3
1620.726 3
1620.818 2
1620.909 2
1621.000 2
1621.091 1
1621.182 0
1621.274 0
1621.365 1
1621.456 1
1621.547 2
1621.638 3
1621.730 3
1621.821 4
1621.912 4
1622.003 3
1622.094 2
1622.186 1
1622.277 0
1622.368 0
1622.459 0
1622.551 0
1622.642 0
1622.733 0
1622.824 1
1622.915 1
1623.007 1
1623.098 1
1623.189 1
1623.280 1
1623.372 1
1623.463 1
1623.554 1
1623.645 2
1623.737 2
1623.828 2
1623.919 1
1624.011 0
1624.102 0
1624.193 0
1624.284 0
1624.376 0
1624.467 0
1624.558 0
1624.650 2
1624.741 2
1624.832 2
1624.923 3
1625.015 2
1625.106 3
1625.197 5
1625.289 4
1625.380 3
1625.471 2
1625.563 0
1625.654 0
1625.745 0
1625.837 0
1625.928 0
1626.019 0
1626.111 1
1626.202 2
1626.293 3
1626.385 4
1626.476 5
1626.567 4
1626.659 3
1626.750 2
1626.841 0
1626.933 0
1627.024 1
1627.115 3
1627.207 4
1627.298 5
1627.389 7
1627.481 5
1627.572 5
1627.664 4
1627.755 1
1627.846 1
1627.938 3
1628.029 3
1628.120 3
1628.212 3
1628.303 3
1628.395 3
1628.486 3
1628.577 3
1628.669 0
1628.760 1
1628.852 2
1628.943 3
1629.034 3
1629.126 3
1629.217 3
1629.309 3
1629.400 5
1629.492 5
1629.583 5
1629.674 5
1629.766 2
1629.857 3
1629.949 3
1630.040 4
1630.132 2
1630.223 1
1630.315 2
1630.406 1
1630.497 1
1630.589 2
1630.680 1
1630.772 2
1630.863 3
1630.955 2
1631.046 2
1631.138 1
1631.229 0
1631.321 0
1631.412 0
1631.504 0
1631.595 0
1631.687 0
1631.778 0
1631.870 0
1631.961 0
1632.053 0
1632.144 1
1632.236 1
1632.327 1
1632.419 1
1632.510 1
1632.602 2
1632.693 4
1632.785 4
1632.876 3
1632.968 2
1633.059 3
1633.151 3
1633.242 5
1633.334 5
1633.425 5
1633.517 5
1633.609 3
1633.700 3
1633.792 5
1633.883 4
1633.975 4
1634.066 5
1634.158 6
1634.249 6
1634.341 5
1634.433 3
1634.524 0
1634.616 1
1634.707 1
1634.799 1
1634.890 2
1634.982 1
1635.074 1
1635.165 1
1635.257 5
1635.348 5
1635.440 5
1635.532 5
1635.623 5
1635.715 4
1635.806 3
1635.898 2
1635.990 0
1636.081 0
1636.173 0
1636.265 1
1636.356 4
1636.448 4
1636.539 4
1636.631 3
1636.723 0
1636.814 0
1636.906 0
1636.998 0
1637.089 0
1637.181 0
1637.273 0
1637.364 0
1637.456 0
1637.547 0
1637.639 0
1637.731 0
1637.822 0
1637.914 0
1638.006 0
1638.097 0
1638.189 0
1638.281 0
1638.373 0
1638.464 0
1638.556 0
1638.648 0
1638.739 0
1638.831 0
1638.923 0
1639.014 0
1639.106 0
1639.198 0
1639.289 1
1639.381 1
1639.473 1
1639.565 1
1639.656 0
1639.748 0
1639.840 0
1639.931 1
1640.023 4
1640.115 4
1640.207 4
1640.298 5
1640.390 6
1640.482 7
1640.574 8
1640.665 7
1640.757 9
1640.849 9
1640.941 9
1641.032 8
1641.124 4
1641.216 3
1641.308 2
1641.399 2
1641.491 4
1641.583 4
1641.675 4
1641.767 4
1641.858 1
1641.950 1
1642.042 1
1642.134 1
1642.225 0
1642.317 0
1642.409 0
1642.501 0
1642.593 0
1642.684 0
1642.776 0
1642.868 0
1642.960 0
1643.052 0
1643.144 0
1643.235 0
1643.327 0
1643.419 0
1643.511 0
1643.603 0
1643.694 0
1643.786 0
1643.878 0
1643.970 0
1644.062 0
1644.154 1
1644.246 3
1644.337 4
1644.429 6
1644.521 8
1644.613 9
1644.705 11
1644.797 14
1644.889 13
1644.980 11
1645.072 9
1645.164 7
1645.256 5
1645.348 4
1645.440 3
1645.532 1
1645.624 1
1645.715 1
1645.807 1
1645.899 0
1645.991 0
1646.083 0
1646.175 1
1646.267 2
1646.359 2
1646.451 2
1646.543 1
1646.634 0
1646.726 1
1646.818 1
1646.910 1
1647.002 2
1647.094 2
1647.186 2
1647.278 2
1647.370 1
1647.462 0
1647.554 0
1647.646 0
1647.738 0
1647.830 1
1647.922 1
1648.014 1
1648.106 1
1648.197 0
1648.289 0
1648.381 0
1648.473 0
1648.565 2
1648.657 3
1648.749 5
1648.841 8
1648.933 7
1649.025 6
1649.117 4
1649.209 2
1649.301 2
1649.393 2
1649.485 2
1649.577 1
1649.669 3
1649.761 3
1649.853 3
1649.945 4
1650.037 3
1650.129 5
1650.221 7
1650.313 11
1650.405 12
1650.497 13
1650.589 14
1650.681 12
1650.773 10
1650.865 8
1650.957 6
1651.050 2
1651.142 2
1651.234 5
1651.326 5
1651.418 6
1651.510 6
1651.602 3
1651.694 3
1651.786 2
1651.878 2
1651.970 2
1652.062 2
1652.154 2
1652.246 4
1652.338 4
1652.430 4
1652.523 3
1652.615 2
1652.707 2
1652.799 2
1652.891 3
1652.983 2
1653.075 2
1653.167 2
1653.259 0
1653.351 0
1653.444 0
1653.536 0
1653.628 0
1653.720 0
1653.812 0
1653.904 0
1653.996 0
1654.088 0
1654.180 0
1654.273 0
1654.365 0
1654.457 0
1654.549 0
1654.641 0
1654.733 1
1654.825 2
1654.918 3
1655.010 4
1655.102 6
1655.194 6
1655.286 6
1655.378 6
1655.471 3
1655.563 3
1655.655 3
1655.747 3
1655.839 4
1655.931 4
1656.024 4
1656.116 4
1656.208 5
1656.300 4
1656.392 3
1656.485 2
1656.577 1
1656.669 1
1656.761 1
1656.853 1
1656.946 0
1657.038 0
1657.130 0
1657.222 0
1657.314 0
1657.407 0
1657.499 0
1657.591 0
1657.683 0
1657.776 0
1657.868 0
1657.960 0
1658.052 1
1658.145 1
1658.237 1
1658.329 1
1658.421 0
1658.514 0
1658.606 0
1658.698 0
1658.790 1
1658.883 1
1658.975 4
1659.067 4
1659.159 3
1659.252 3
1659.344 0
1659.436 1
1659.528 2
1659.621 3
1659.713 7
1659.805 6
1659.898 5
1659.990 5
1660.082 4
1660.175 5
1660.267 6
1660.359 5
1660.451 2
1660.544 1
1660.636 0
1660.728 0
1660.821 0
1660.913 0
1661.005 0
1661.098 1
1661.190 2
1661.282 3
1661.375 4
1661.467 4
1661.559 5
1661.652 5
1661.744 4
1661.836 4
1661.929 3
1662.021 3
1662.113 4
1662.206 4
1662.298 4
1662.390 4
1662.483 5
1662.575 4
1662.668 3
1662.760 2
1662.852 0
1662.945 0
1663.037 0
1663.129 0
1663.222 0
1663.314 0
1663.407 0
1663.499 0
1663.591 0
1663.684 0
1663.776 0
1663.869 0
1663.961 1
1664.053 1
1664.146 1
1664.238 1
1664.331 0
1664.423 0
1664.516 0
1664.608 0
1664.700 0
1664.793 0
1664.885 0
1664.978 0
1665.070 3
1665.163 4
1665.255 5
1665.347 6
1665.440 10
1665.532 8
1665.625 6
1665.717 4
1665.810 1
1665.902 1
1665.995 1
1666.087 1
1666.180 0
1666.272 1
1666.365 2
1666.457 3
1666.549 4
1666.642 7
1666.734 10
1666.827 13
1666.919 18
1667.012 16
1667.104 14
1667.197 12
1667.289 9
1667.382 8
1667.474 7
1667.567 6
1667.659 1
1667.752 1
1667.844 1
1667.937 1
1668.030 1
1668.122 1
1668.215 1
1668.307 2
1668.400 1
1668.492 1
1668.585 1
1668.677 0
1668.770 0
1668.862 0
1668.955 0
1669.047 1
1669.140 1
1669.233 1
1669.325 2
1669.418 1
1669.510 4
1669.603 5
1669.695 5
1669.788 6
1669.880 9
1669.973 8
1670.066 7
1670.158 6
1670.251 2
1670.343 2
1670.436 2
1670.529 2
1670.621 0
1670.714 0
1670.806 0
1670.899 0
1670.992 0
1671.084 1
1671.177 1
1671.269 3
1671.362 4
1671.455 3
1671.547 3
1671.640 2
1671.733 1
1671.825 1
1671.918 1
1672.010 2
1672.103 2
1672.196 2
1672.288 2
1672.381 0
1672.474 0
1672.566 0
1672.659 1
1672.752 2
1672.844 3
1672.937 7
1673.030 6
1673.122 5
1673.215 4
1673.308 0
1673.400 0
1673.493 0
1673.586 0
1673.678 0
1673.771 0
1673.864 0
1673.956 0
1674.049 0
1674.142 0
1674.234 0
1674.327 0
1674.420 1
1674.512 1
1674.605 2
1674.698 3
1674.791 2
1674.883 2
1674.976 1
1675.069 1
1675.162 1
1675.254 2
1675.347 2
1675.440 1
1675.532 1
1675.625 0
1675.718 1
1675.811 1
1675.903 2
1675.996 3
1676.089 3
1676.182 7
1676.274 6
1676.367 5
1676.460 5
1676.553 3
1676.645 4
1676.738 4
1676.831 4
1676.924 2
1677.016 1
1677.109 1
1677.202 0
1677.295 3
1677.388 3
1677.480 3
1677.573 4
1677.666 1
1677.759 1
1677.852 1
1677.944 0
1678.037 0
1678.130 0
1678.223 0
1678.316 0
1678.408 0
1678.501 0
1678.594 0
1678.687 1
1678.780 2
1678.873 2
1678.965 2
1679.058 1
1679.151 1
1679.244 2
1679.337 2
1679.430 2
1679.522 5
1679.615 3
1679.708 2
1679.801 1
1679.894 0
1679.987 0
1680.080 0
1680.172 0
1680.265 0
1680.358 0
1680.451 1
1680.544 1
1680.637 1
1680.730 1
1680.823 0
1680.915 1
1681.008 1
1681.101 1
1681.194 1
1681.287 0
1681.380 0
1681.473 0
1681.566 0
1681.659 1
1681.751 1
1681.844 1
1681.937 1
1682.030 0
1682.123 0
1682.216 0
1682.309 0
1682.402 0
1682.495 0
1682.588 0
1682.681 0
1682.774 0
1682.867 0
1682.960 0
1683.052 0
1683.145 2
1683.238 2
1683.331 2
1683.424 2
1683.517 0
1683.610 3
1683.703 3
1683.796 5
1683.889 6
1683.982 3
1684.075 3
1684.168 1
1684.261 0
1684.354 0
1684.447 0
1684.540 0
1684.633 0
1684.726 0
1684.819 0
1684.912 0
1685.005 0
1685.098 1
1685.191 1
1685.284 1
1685.377 1
1685.470 0
1685.563 0
1685.656 0
1685.749 0
1685.842 0
1685.935 0
1686.028 0
1686.121 0
1686.214 1
1686.307 1
1686.400 1
1686.493 1
1686.586 0
1686.679 1
1686.772 1
1686.865 1
1686.958 1
1687.052 1
1687.145 1
1687.238 1
1687.331 1
1687.424 0
1687.517 0
1687.610 0
1687.703 3
1687.796 3
1687.889 3
1687.982 3
1688.075 5
1688.168 8
1688.261 8
1688.355 8
1688.448 6
1688.541 3
1688.634 5
1688.727 5
1688.820 2
1688.913 2
1689.006 0
1689.099 0
1689.193 0
1689.286 0
1689.379 0
1689.472 0
1689.565 0
1689.658 0
1689.751 0
1689.844 0
1689.938 1
1690.031 2
1690.124 2
1690.217 2
1690.310 2
1690.403 2
1690.496 3
1690.590 4
1690.683 5
1690.776 4
1690.869 3
1690.962 2
1691.055 2
1691.149 2
1691.242 2
1691.335 2
1691.428 1
1691.521 1
1691.614 1
1691.708 1
1691.801 2
1691.894 2
1691.987 2
1692.080 2
1692.174 3
1692.267 3
1692.360 3
1692.453 3
1692.546 1
1692.640 1
1692.733 1
1692.826 1
1692.919 0
1693.013 0
1693.106 2
1693.199 2
1693.292 2
1693.385 3
1693.479 1
1693.572 1
1693.665 1
1693.758 0
1693.852 1
1693.945 1
1694.038 1
1694.131 1
1694.225 0
1694.318 0
1694.411 0
1694.505 0
1694.598 0
1694.691 0
1694.784 0
1694.878 0
1694.971 0
1695.064 0
1695.157 0
1695.251 0
1695.344 0
1695.437 0
1695.531 0
1695.624 0
1695.717 1
1695.811 1
1695.904 1
1695.997 1
1696.090 0
1696.184 0
1696.277 0
1696.370 0
1696.464 1
1696.557 1
1696.650 1
1696.744 1
1696.837 0
1696.930 0
1697.024 0
1697.117 0
1697.210 0
1697.304 0
1697.397 0
1697.490 0
1697.584 0
1697.677 0
1697.770 1
1697.864 2
1697.957 3
1698.051 4
1698.144 7
1698.237 9
1698.331 11
1698.424 12
1698.517 13
1698.611 10
1698.704 7
1698.798 5
1698.891 1
1698.984 1
1699.078 1
1699.171 1
1699.265 0
1699.358 0
1699.451 0
1699.545 0
1699.638 2
1699.732 2
1699.825 2
1699.918 3
1700.012 1
1700.105 1
1700.199 1
1700.292 0
1700.386 2
1700.479 3
1700.572 4
1700.666 6
1700.759 11
1700.853 10
1700.946 9
1701.040 8
1701.133 7
1701.226 8
1701.320 9
1701.413 9
1701.507 13
1701.600 10
1701.694 7
1701.787 4
1701.881 0
1701.974 0
1702.068 0
1702.161 0
1702.255 0
1702.348 0
1702.442 0
1702.535 2
1702.629 3
1702.722 3
1702.816 3
1702.909 1
1703.003 0
1703.096 1
1703.190 1
1703.283 1
1703.377 2
1703.470 2
1703.564 2
1703.657 2
1703.751 1
1703.844 0
1703.938 0
1704.031 0
1704.125 0
1704.218 0
1704.312 0
1704.405 0
1704.499 0
1704.593 1
1704.686 2
1704.780 3
1704.873 5
1704.967 6
1705.060 6
1705.154 6
1705.247 5
1705.341 4
1705.435 4
1705.528 4
1705.622 9
1705.715 8
1705.809 7
1705.902 6
1705.996 0
1706.090 0
1706.183 3
1706.277 4
1706.370 4
1706.464 4
1706.558 3
1706.651 2
1706.745 2
1706.838 2
1706.932 0
1707.026 0
1707.119 1
1707.213 3
1707.307 5
1707.400 6
1707.494 9
1707.587 7
1707.681 6
1707.775 6
1707.868 3
1707.962 3
1708.056 5
1708.149 5
1708.243 5
1708.337 6
1708.430 4
1708.524 5
1708.618 5
1708.711 5
1708.805 5
1708.899 4
1708.992 5
1709.086 6
1709.180 8
1709.273 5
1709.367 7
1709.461 7
1709.554 7
1709.648 7
1709.742 5
1709.835 5
1709.929 4
1710.023 5
1710.116 2
1710.210 3
1710.304 3
1710.398 3
1710.491 4
1710.585 3
1710.679 3
1710.772 2
1710.866 0
1710.960 0
1711.054 0
1711.147 0
1711.241 0
1711.335 1
1711.429 1
1711.522 1
1711.616 1
1711.710 0
1711.804 0
1711.897 0
1711.991 0
1712.085 2
1712.179 3
1712.272 6
1712.366 7
1712.460 7
1712.554 8
1712.647 7
1712.741 11
1712.835 9
1712.929 7
1713.023 5
1713.116 1
1713.210 2
1713.304 4
1713.398 4
1713.491 3
1713.585 2
1713.679 0
1713.773 0
1713.867 0
1713.961 0
1714.054 0
1714.148 0
1714.242 1
1714.336 2
1714.430 2
1714.523 2
1714.617 1
1714.711 0
1714.805 0
1714.899 0
1714.993 1
1715.086 1
1715.180 1
1715.274 1
1715.368 0
1715.462 0
1715.556 0
1715.650 0
1715.743 0
1715.837 0
1715.931 1
1716.025 1
1716.119 2
1716.213 2
1716.307 1
1716.400 1
1716.494 0
1716.588 0
1716.682 1
1716.776 1
1716.870 2
1716.964 2
1717.058 1
1717.152 1
1717.245 0
1717.339 0
1717.433 1
1717.527 1
1717.621 1
1717.715 2
1717.809 2
1717.903 3
1717.997 5
1718.091 5
1718.185 5
1718.279 6
1718.372 7
1718.466 6
1718.560 5
1718.654 3
1718.748 1
1718.842 1
1718.936 1
1719.030 1
1719.124 0
1719.218 0
1719.312 0
1719.406 0
1719.500 0
1719.594 0
1719.688 0
1719.782 0
1719.876 0
1719.970 0
1720.064 1
1720.158 2
1720.252 2
1720.346 2
1720.440 1
1720.534 0
1720.628 1
1720.722 1
1720.816 1
1720.910 1
1721.004 0
1721.098 0
1721.192 0
1721.286 0
1721.380 0
1721.474 0
1721.568 0
1721.662 0
1721.756 0
1721.850 0
1721.944 0
1722.038 0
1722.132 0
1722.226 0
1722.320 0
1722.414 0
1722.508 1
1722.602 2
1722.696 2
1722.790 2
1722.884 1
1722.978 0
1723.072 0
1723.166 0
1723.261 0
1723.355 0
1723.449 0
1723.543 0
1723.637 1
1723.731 1
1723.825 1
1723.919 1
1724.013 1
1724.107 1
1724.201 1
1724.295 1
1724.390 0
1724.484 0
1724.578 0
1724.672 0
1724.766 2
1724.860 2
1724.954 2
1725.048 3
1725.142 4
1725.237 4
1725.331 4
1725.425 3
1725.519 4
1725.613 4
1725.707 4
1725.801 4
1725.895 1
1725.990 1
1726.084 1
1726.178 1
1726.272 0
1726.366 0
1726.460 0
1726.555 0
1726.649 1
1726.743 1
1726.837 1
1726.931 1
1727.025 4
1727.120 3
1727.214 2
1727.308 1
1727.402 0
1727.496 0
1727.590 0
1727.685 0
1727.779 1
1727.873 3
1727.967 6
1728.061 10
1728.156 12
1728.250 14
1728.344 13
1728.438 11
1728.532 10
1728.627 6
1728.721 4
1728.815 2
1728.909 1
1729.004 1
1729.098 2
1729.192 3
1729.286 4
1729.380 5
1729.475 6
1729.569 5
1729.663 5
1729.757 4
1729.852 2
1729.946 2
1730.040 4
1730.134 6
1730.229 9
1730.323 12
1730.417 15
1730.512 16
1730.606 20
1730.700 19
1730.794 21
1730.889 19
1730.983 16
1731.077 15
1731.171 14
1731.266 13
1731.360 9
1731.454 8
1731.549 5
1731.643 4
1731.737 3
1731.832 2
1731.926 0
1732.020 1
1732.115 2
1732.209 3
1732.303 4
1732.397 5
1732.492 6
1732.586 7
1732.680 9
1732.775 8
1732.869 7
1732.963 6
1733.058 3
1733.152 3
1733.246 3
1733.341 3
1733.435 1
1733.530 2
1733.624 3
1733.718 5
1733.813 7
1733.907 7
1734.001 7
1734.096 7
1734.190 6
1734.284 6
1734.379 7
1734.473 5
1734.568 6
1734.662 7
1734.756 7
1734.851 5
1734.945 6
1735.040 7
1735.134 8
1735.228 9
1735.323 9
1735.417 8
1735.512 8
1735.606 6
1735.700 4
1735.795 4
1735.889 3
1735.984 4
1736.078 7
1736.172 8
1736.267 9
1736.361 10
1736.456 13
1736.550 11
1736.645 9
1736.739 7
1736.833 4
1736.928 3
1737.022 2
1737.117 2
1737.211 2
1737.306 3
1737.400 4
1737.495 4
1737.589 6
1737.684 5
1737.778 4
1737.873 3
1737.967 2
1738.061 5
1738.156 5
1738.250 5
1738.345 5
1738.439 4
1738.534 6
1738.628 7
1738.723 11
1738.817 8
1738.912 6
1739.006 4
1739.101 2
1739.195 2
1739.290 1
1739.384 1
1739.479 5
1739.573 4
1739.668 3
1739.763 2
1739.857 0
1739.952 0
1740.046 0
1740.141 0
1740.235 2
1740.330 2
1740.424 2
1740.519 2
1740.613 1
1740.708 1
1740.802 3
1740.897 4
1740.992 3
1741.086 3
1741.181 1
1741.275 0
1741.370 0
1741.464 1
1741.559 2
1741.654 3
1741.748 4
1741.843 4
1741.937 5
1742.032 7
1742.127 11
1742.221 12
1742.316 15
1742.410 13
1742.505 11
1742.599 10
1742.694 7
1742.789 8
1742.883 6
1742.978 7
1743.073 6
1743.167 4
1743.262 3
1743.356 1
1743.451 0
1743.546 1
1743.640 1
1743.735 1
1743.830 1
1743.924 0
1744.019 1
1744.114 1
1744.208 1
1744.303 1
1744.397 0
1744.492 0
1744.587 0
1744.681 1
1744.776 2
1744.871 2
1744.965 2
1745.060 2
1745.155 1
1745.249 1
1745.344 1
1745.439 0
1745.533 0
1745.628 1
1745.723 2
1745.818 2
1745.912 3
1746.007 2
1746.102 1
1746.196 3
1746.291 4
1746.386 4
1746.480 6
1746.575 5
1746.670 3
1746.765 3
1746.859 1
1746.954 0
1747.049 0
1747.144 0
1747.238 0
1747.333 0
1747.428 3
1747.522 4
1747.617 4
1747.712 4
1747.807 5
1747.901 4
1747.996 5
1748.091 5
1748.186 2
1748.280 3
1748.375 3
1748.470 3
1748.565 2
1748.660 1
1748.754 0
1748.849 0
1748.944 0
1749.039 0
1749.133 3
1749.228 3
1749.323 4
1749.418 5
1749.513 3
1749.607 3
1749.702 4
1749.797 3
1749.892 2
1749.987 3
1750.081 1
1750.176 1
1750.271 1
1750.366 0
1750.461 0
1750.555 0
1750.650 0
1750.745 0
1750.840 0
1750.935 0
1751.030 0
1751.124 0
1751.219 0
1751.314 0
1751.409 1
1751.504 2
1751.599 3
1751.694 4
1751.788 4
1751.883 5
1751.978 7
1752.073 7
1752.168 10
1752.263 9
1752.358 9
1752.452 8
1752.547 5
1752.642 4
1752.737 2
1752.832 2
1752.927 2
1753.022 2
1753.117 2
1753.212 3
1753.306 5
1753.401 6
1753.496 8
1753.591 8
1753.686 6
1753.781 6
1753.876 4
1753.971 4
1754.066 4
1754.161 4
1754.256 0
1754.351 1
1754.445 2
1754.540 3
1754.635 6
1754.730 6
1754.825 8
1754.920 9
1755.015 8
1755.110 9
1755.205 12
1755.300 11
1755.395 9
1755.490 8
1755.585 5
1755.680 5
1755.775 8
1755.870 8
1755.965 6
1756.060 7
1756.155 9
1756.250 8
1756.345 7
1756.440 5
1756.535 3
1756.630 3
1756.725 3
1756.820 3
1756.915 0
1757.010 0
1757.105 1
1757.200 1
1757.295 2
1757.390 2
1757.485 1
1757.580 2
1757.675 6
1757.770 5
1757.865 4
1757.960 2
1758.055 0
1758.150 0
1758.245 0
1758.340 1
1758.435 1
1758.530 1
1758.625 2
1758.720 2
1758.815 2
1758.910 2
1759.005 1
1759.100 0
1759.195 0
1759.290 1
1759.385 1
1759.480 1
1759.576 1
1759.671 0
1759.766 0
1759.861 1
1759.956 1
1760.051 1
1760.146 1
1760.241 0
1760.336 0
1760.431 0
1760.526 0
1760.622 0
1760.717 1
1760.812 2
1760.907 3
1761.002 4
1761.097 3
1761.192 2
1761.287 2
1761.382 2
1761.478 2
1761.573 5
1761.668 7
1761.763 7
1761.858 10
1761.953 10
1762.048 7
1762.143 6
1762.239 3
1762.334 0
1762.429 0
1762.524 0
1762.619 0
1762.714 0
1762.810 1
1762.905 1
1763.000 1
1763.095 2
1763.190 2
1763.285 3
1763.381 4
1763.476 5
1763.571 6
1763.666 7
1763.761 9
1763.856 8
1763.952 7
1764.047 7
1764.142 4
1764.237 6
1764.332 8
1764.428 9
1764.523 14
1764.618 11
1764.713 8
1764.808 5
1764.904 1
1764.999 2
1765.094 2
1765.189 2
1765.285 1
1765.380 0
1765.475 1
1765.570 2
1765.666 2
1765.761 2
1765.856 1
1765.951 0
1766.047 0
1766.142 0
1766.237 0
1766.332 0
1766.428 1
1766.523 2
1766.618 2
1766.713 2
1766.809 1
1766.904 0
1766.999 0
1767.094 0
1767.190 1
1767.285 1
1767.380 1
1767.476 2
1767.571 3
1767.666 3
1767.761 3
1767.857 2
1767.952 0
1768.047 0
1768.143 0
1768.238 0
1768.333 0
1768.429 0
1768.524 1
1768.619 1
1768.715 2
1768.810 2
1768.905 1
1769.001 1
1769.096 0
1769.191 1
1769.287 2
1769.382 3
1769.477 7
1769.573 7
1769.668 7
1769.763 8
1769.859 6
1769.954 6
1770.049 6
1770.145 5
1770.240 3
1770.335 3
1770.431 3
1770.526 3
1770.622 0
1770.717 0
1770.812 0
1770.908 0
1771.003 0
1771.098 0
1771.194 0
1771.289 0
1771.385 2
1771.480 3
1771.575 4
1771.671 5
1771.766 9
1771.862 8
1771.957 8
1772.052 7
1772.148 3
1772.243 4
1772.339 4
1772.434 6
1772.530 9
1772.625 9
1772.720 9
1772.816 8
1772.911 10
1773.007 8
1773.102 6
1773.198 4
1773.293 0
1773.389 0
1773.484 1
1773.579 1
1773.675 2
1773.770 2
1773.866 1
1773.961 2
1774.057 3
1774.152 3
1774.248 4
1774.343 3
1774.439 2
1774.534 2
1774.630 2
1774.725 2
1774.821 3
1774.916 4
1775.012 5
1775.107 6
1775.203 7
1775.298 6
1775.394 4
1775.489 3
1775.585 1
1775.680 1
1775.776 1
1775.871 1
1775.967 1
1776.062 1
1776.158 1
1776.253 1
1776.349 0
1776.444 0
1776.540 0
1776.635 0
1776.731 1
1776.826 1
1776.922 1
1777.018 1
1777.113 0
1777.209 1
1777.304 2
1777.400 3
1777.495 6
1777.591 6
1777.686 7
1777.782 7
1777.878 4
1777.973 4
1778.069 3
1778.164 3
1778.260 3
1778.356 4
1778.451 5
1778.547 5
1778.642 2
1778.738 1
1778.833 0
1778.929 0
1779.025 1
1779.120 2
1779.216 3
1779.312 4
1779.407 6
1779.503 6
1779.598 6
1779.694 7
1779.790 4
1779.885 6
1779.981 8
1780.077 9
1780.172 13
1780.268 11
1780.363 9
1780.459 7
1780.555 5
1780.650 4
1780.746 3
1780.842 2
1780.937 0
1781.033 0
1781.129 0
1781.224 0
1781.320 1
1781.416 1
1781.511 1
1781.607 1
1781.703 0
1781.798 0
1781.894 0
1781.990 0
1782.085 1
1782.181 1
1782.277 1
1782.372 1
1782.468 0
1782.564 1
1782.660 1
1782.755 1
1782.851 1
1782.947 0
1783.042 0
1783.138 0
1783.234 2
1783.330 2
1783.425 2
1783.521 2
1783.617 1
1783.713 1
1783.808 1
1783.904 1
1784.000 1
1784.095 1
1784.191 1
1784.287 1
1784.383 3
1784.478 3
1784.574 3
1784.670 3
1784.766 1
1784.862 1
1784.957 1
1785.053 1
1785.149 3
1785.245 3
1785.340 3
1785.436 3
1785.532 1
1785.628 1
1785.723 1
1785.819 1
1785.915 1
1786.011 2
1786.107 4
1786.202 7
1786.298 10
1786.394 12
1786.490 14
1786.586 12
1786.682 12
1786.777 9
1786.873 5
1786.969 4
1787.065 0
1787.161 0
1787.256 0
1787.352 0
1787.448 1
1787.544 1
1787.640 2
1787.736 2
1787.831 1
1787.927 1
1788.023 0
1788.119 0
1788.215 0
1788.311 1
1788.407 1
1788.502 1
1788.598 1
1788.694 0
1788.790 0
1788.886 0
1788.982 1
1789.078 1
1789.174 2
1789.269 2
1789.365 2
1789.461 2
1789.557 1
1789.653 1
1789.749 2
1789.845 2
1789.941 4
1790.037 4
1790.133 2
1790.228 3
1790.324 2
1790.420 3
1790.516 4
1790.612 4
1790.708 4
1790.804 4
1790.900 3
1790.996 3
1791.092 3
1791.188 3
1791.284 0
1791.380 0
1791.476 0
1791.571 0
1791.667 2
1791.763 2
1791.859 2
1791.955 2
1792.051 0
1792.147 0
1792.243 1
1792.339 3
1792.435 6
1792.531 8
1792.627 13
1792.723 12
1792.819 11
1792.915 10
1793.011 6
1793.107 5
1793.203 6
1793.299 5
1793.395 3
1793.491 4
1793.587 1
1793.683 1
1793.779 4
1793.875 3
1793.971 5
1794.067 5
1794.163 7
1794.259 6
1794.355 4
1794.451 3
1794.547 1
1794.643 1
1794.739 0
1794.835 0
1794.931 0
1795.027 0
1795.123 0
1795.219 0
1795.315 1
1795.411 1
1795.508 4
1795.604 4
1795.700 3
1795.796 4
1795.892 5
1795.988 5
1796.084 5
1796.180 4
1796.276 5
1796.372 5
1796.468 5
1796.564 5
1796.660 2
1796.756 2
1796.853 2
1796.949 2
1797.045 4
1797.141 6
1797.237 7
1797.333 8
1797.429 11
1797.525 14
1797.621 13
1797.718 13
1797.814 10
1797.910 8
1798.006 7
1798.102 5
1798.198 1
1798.294 1
1798.390 1
1798.487 1
1798.583 1
1798.679 1
1798.775 1
1798.871 1
1798.967 0
1799.063 0
1799.160 0
1799.256 1
1799.352 1
1799.448 1
1799.544 1
1799.640 2
1799.737 2
1799.833 2
1799.929 2
1800.025 0
1800.121 2
1800.217 4
1800.314 6
1800.410 9
1800.506 12
1800.602 10
1800.698 8
1800.795 5
1800.891 4
1800.987 7
1801.083 10
1801.179 15
1801.276 18
1801.372 20
1801.468 22
1801.564 22
1801.660 25
1801.757 29
1801.853 36
1801.949 41
1802.045 46
1802.142 45
1802.238 44
1802.334 42
1802.430 38
1802.527 37
1802.623 35
1802.719 33
1802.815 28
1802.912 24
1803.008 18
1803.104 15
1803.200 9
1803.297 11
1803.393 13
1803.489 15
1803.585 19
1803.682 16
1803.778 14
1803.874 12
1803.971 9
1804.067 10
1804.163 12
1804.259 11
1804.356 10
1804.452 14
1804.548 17
1804.645 22
1804.741 28
1804.837 25
1804.934 21
1805.030 18
1805.126 14
1805.222 15
1805.319 17
1805.415 18
1805.511 17
1805.608 17
1805.704 16
1805.800 16
1805.897 12
1805.993 10
1806.089 8
1806.186 7
1806.282 3
1806.379 3
1806.475 3
1806.571 2
1806.668 2
1806.764 2
1806.860 2
1806.957 2
1807.053 1
1807.149 1
1807.246 1
1807.342 1
1807.439 3
1807.535 3
1807.631 5
1807.728 5
1807.824 2
1807.920 2
1808.017 0
1808.113 0
1808.210 2
1808.306 2
1808.402 2
1808.499 4
1808.595 8
1808.692 13
1808.788 18
1808.885 21
1808.981 25
1809.077 23
1809.174 23
1809.270 19
1809.367 14
1809.463 11
1809.560 7
1809.656 6
1809.752 3
1809.849 3
1809.945 2
1810.042 2
1810.138 1
1810.235 1
1810.331 1
1810.428 1
1810.524 0
1810.620 0
1810.717 0
1810.813 0
1810.910 0
1811.006 0
1811.103 0
1811.199 0
1811.296 0
1811.392 0
1811.489 0
1811.585 0
1811.682 0
1811.778 0
1811.875 0
1811.971 0
1812.068 0
1812.164 0
1812.261 0
1812.357 0
1812.454 0
1812.550 0
1812.647 0
1812.743 0
1812.840 0
1812.936 0
1813.033 1
1813.129 1
1813.226 1
1813.323 1
1813.419 0
1813.516 0
1813.612 0
1813.709 0
1813.805 1
1813.902 1
1813.998 2
1814.095 2
1814.192 2
1814.288 2
1814.385 1
1814.481 1
1814.578 0
1814.674 0
1814.771 0
1814.868 1
1814.964 1
1815.061 2
1815.157 4
1815.254 4
1815.350 4
1815.447 4
1815.544 2
1815.640 1
1815.737 2
1815.833 1
1815.930 1
1816.027 1
1816.123 2
1816.220 3
1816.317 3
1816.413 6
1816.510 8
1816.606 11
1816.703 17
1816.800 20
1816.896 24
1816.993 26
1817.090 32
1817.186 28
1817.283 22
1817.380 18
1817.476 12
1817.573 11
1817.669 10
1817.766 9
1817.863 7
1817.959 7
1818.056 8
1818.153 8
1818.249 7
1818.346 6
1818.443 4
1818.540 3
1818.636 0
1818.733 1
1818.830 1
1818.926 1
1819.023 1
1819.120 0
1819.216 0
1819.313 0
1819.410 1
1819.506 2
1819.603 4
1819.700 6
1819.797 7
1819.893 6
1819.990 4
1820.087 3
1820.183 4
1820.280 6
1820.377 8
1820.474 9
1820.570 12
1820.667 12
1820.764 12
1820.861 12
1820.957 15
1821.054 14
1821.151 13
1821.248 12
1821.344 8
1821.441 7
1821.538 6
1821.635 5
1821.731 1
1821.828 1
1821.925 1
1822.022 1
1822.118 0
1822.215 0
1822.312 0
1822.409 0
1822.506 2
1822.602 2
1822.699 3
1822.796 3
1822.893 2
1822.990 2
1823.086 1
1823.183 1
1823.280 1
1823.377 1
1823.474 1
1823.570 1
1823.667 2
1823.764 3
1823.861 4
1823.958 5
1824.055 8
1824.151 7
1824.248 6
1824.345 5
1824.442 4
1824.539 4
1824.636 4
1824.732 4
1824.829 0
1824.926 0
1825.023 0
1825.120 0
1825.217 0
1825.314 0
1825.410 0
1825.507 0
1825.604 3
1825.701 3
1825.798 3
1825.895 4
1825.992 4
1826.089 4
1826.185 5
1826.282 4
1826.379 1
1826.476 3
1826.573 7
1826.670 9
1826.767 14
1826.864 14
1826.961 12
1827.058 12
1827.154 9
1827.251 7
1827.348 4
1827.445 2
1827.542 0
1827.639 0
1827.736 0
1827.833 0
1827.930 0
1828.027 0
1828.124 0
1828.221 1
1828.318 1
1828.415 1
1828.511 1
1828.608 0
1828.705 0
1828.802 0
1828.899 0
1828.996 0
1829.093 0
1829.190 3
1829.287 3
1829.384 3
1829.481 4
1829.578 3
1829.675 4
1829.772 5
1829.869 8
1829.966 6
1830.063 5
1830.160 4
1830.257 5
1830.354 5
1830.451 5
1830.548 5
1830.645 7
1830.742 7
1830.839 7
1830.936 7
1831.033 4
1831.130 4
1831.227 4
1831.324 4
1831.421 1
1831.518 1
1831.615 1
1831.712 2
1831.809 1
1831.906 1
1832.003 1
1832.100 0
1832.197 1
1832.295 1
1832.392 1
1832.489 1
1832.586 0
1832.683 1
1832.780 2
1832.877 3
1832.974 4
1833.071 4
1833.168 4
1833.265 4
1833.362 7
1833.459 6
1833.556 5
1833.654 5
1833.751 4
1833.848 6
1833.945 6
1834.042 5
1834.139 3
1834.236 1
1834.333 1
1834.430 1
1834.527 0
1834.625 0
1834.722 0
1834.819 0
1834.916 0
1835.013 0
1835.110 0
1835.207 0
1835.304 0
1835.402 0
1835.499 0
1835.596 1
1835.693 1
1835.790 1
1835.887 2
1835.984 1
1836.082 2
1836.179 2
1836.276 1
1836.373 2
1836.470 1
1836.567 1
1836.665 1
1836.762 0
1836.859 1
1836.956 2
1837.053 3
1837.150 5
1837.248 9
1837.345 8
1837.442 7
1837.539 5
1837.636 0
1837.734 2
1837.831 4
1837.928 5
1838.025 8
1838.122 9
1838.220 8
1838.317 8
1838.414 9
1838.511 7
1838.608 7
1838.706 7
1838.803 7
1838.900 7
1838.997 7
1839.095 7
1839.192 8
1839.289 7
1839.386 6
1839.484 5
1839.581 1
1839.678 1
1839.775 1
1839.873 1
1839.970 0
1840.067 0
1840.164 0
1840.262 0
1840.359 0
1840.456 0
1840.553 0
1840.651 0
1840.748 0
1840.845 0
1840.943 0
1841.040 0
1841.137 1
1841.234 1
1841.332 1
1841.429 1
1841.526 4
1841.624 5
1841.721 6
1841.818 7
1841.916 10
1842.013 10
1842.110 10
1842.207 10
1842.305 8
1842.402 7
1842.499 6
1842.597 5
1842.694 3
1842.791 4
1842.889 6
1842.986 7
1843.083 9
1843.181 8
1843.278 6
1843.376 5
1843.473 2
1843.570 3
1843.668 3
1843.765 3
1843.862 6
1843.960 5
1844.057 5
1844.154 6
1844.252 9
1844.349 9
1844.447 11
1844.544 12
1844.641 13
1844.739 15
1844.836 12
1844.933 9
1845.031 3
1845.128 0
1845.226 0
1845.323 0
1845.420 0
1845.518 1
1845.615 2
1845.713 3
1845.810 7
1845.908 9
1846.005 10
1846.102 11
1846.200 14
1846.297 11
1846.395 9
1846.492 8
1846.589 5
1846.687 5
1846.784 5
1846.882 4
1846.979 0
1847.077 0
1847.174 0
1847.272 0
1847.369 1
1847.467 1
1847.564 1
1847.661 1
1847.759 3
1847.856 3
1847.954 3
1848.051 3
1848.149 1
1848.246 1
1848.344 1
1848.441 1
1848.539 0
1848.636 0
1848.734 0
1848.831 0
1848.929 0
1849.026 0
1849.124 0
1849.221 1
1849.319 1
1849.416 1
1849.514 1
1849.611 0
1849.709 0
1849.806 1
1849.904 2
1850.001 3
1850.099 6
1850.196 5
1850.294 5
1850.392 4
1850.489 3
1850.587 3
1850.684 2
1850.782 2
1850.879 0
1850.977 0
1851.074 0
1851.172 0
1851.269 0
1851.367 0
1851.465 0
1851.562 1
1851.660 2
1851.757 3
1851.855 4
1851.952 4
1852.050 7
1852.148 6
1852.245 6
1852.343 5
1852.440 1
1852.538 2
1852.636 2
1852.733 3
1852.831 6
1852.928 5
1853.026 4
1853.124 3
1853.221 2
1853.319 2
1853.416 2
1853.514 2
1853.612 5
1853.709 4
1853.807 5
1853.905 4
1854.002 2
1854.100 2
1854.198 3
1854.295 3
1854.393 4
1854.490 4
1854.588 2
1854.686 2
1854.783 2
1854.881 2
1854.979 1
1855.076 1
1855.174 0
1855.272 0
1855.369 0
1855.467 1
1855.565 3
1855.662 3
1855.760 3
1855.858 2
1855.956 0
1856.053 0
1856.151 0
1856.249 0
1856.346 0
1856.444 0
1856.542 0
1856.639 0
1856.737 0
1856.835 0
1856.933 0
1857.030 1
1857.128 2
1857.226 3
1857.323 4
1857.421 3
1857.519 2
1857.617 1
1857.714 0
1857.812 0
1857.910 0
1858.008 0
1858.105 1
1858.203 1
1858.301 1
1858.399 2
1858.496 1
1858.594 1
1858.692 2
1858.790 1
1858.887 1
1858.985 1
1859.083 0
1859.181 1
1859.278 1
1859.376 1
1859.474 1
1859.572 0
1859.670 0
1859.767 0
1859.865 1
1859.963 1
1860.061 1
1860.159 1
1860.256 0
1860.354 0
1860.452 1
1860.550 1
1860.648 3
1860.745 4
1860.843 4
1860.941 5
1861.039 6
1861.137 7
1861.234 8
1861.332 9
1861.430 11
1861.528 11
1861.626 11
1861.724 11
1861.822 13
1861.919 12
1862.017 11
1862.115 9
1862.213 4
1862.311 3
1862.409 3
1862.506 3
1862.604 6
1862.702 6
1862.800 5
1862.898 5
1862.996 4
1863.094 4
1863.192 4
1863.289 4
1863.387 3
1863.485 3
1863.583 3
1863.681 3
1863.779 1
1863.877 2
1863.975 2
1864.073 2
1864.171 2
1864.268 1
1864.366 1
1864.464 1
1864.562 0
1864.660 0
1864.758 0
1864.856 0
1864.954 0
1865.052 0
1865.150 0
1865.248 0
1865.346 0
1865.444 0
1865.542 0
1865.639 0
1865.737 0
1865.835 0
1865.933 0
1866.031 0
1866.129 0
1866.227 1
1866.325 2
1866.423 3
1866.521 7
1866.619 7
1866.717 7
1866.815 7
1866.913 4
1867.011 4
1867.109 4
1867.207 4
1867.305 6
1867.403 5
1867.501 4
1867.599 3
1867.697 0
1867.795 0
1867.893 0
1867.991 0
1868.089 0
1868.187 0
1868.285 0
1868.383 0
1868.481 0
1868.579 0
1868.677 0
1868.775 0
1868.873 0
1868.971 1
1869.069 2
1869.167 3
1869.265 5
1869.363 4
1869.461 3
1869.559 2
1869.658 1
1869.756 1
1869.854 1
1869.952 1
1870.050 0
1870.148 1
1870.246 1
1870.344 2
1870.442 3
1870.540 3
1870.638 4
1870.736 4
1870.834 4
1870.932 4
1871.031 1
1871.129 1
1871.227 1
1871.325 1
1871.423 1
1871.521 1
1871.619 2
1871.717 2
1871.815 1
1871.913 1
1872.012 0
1872.110 0
1872.208 0
1872.306 0
1872.404 0
1872.502 1
1872.600 2
1872.698 3
1872.797 4
1872.895 5
1872.993 6
1873.091 6
1873.189 9
1873.287 7
1873.385 5
1873.484 4
1873.582 2
1873.680 3
1873.778 4
1873.876 5
1873.974 6
1874.073 5
1874.171 4
1874.269 3
1874.367 1
1874.465 3
1874.564 4
1874.662 5
1874.760 6
1874.858 5
1874.956 5
1875.054 5
1875.153 5
1875.251 6
1875.349 6
1875.447 6
1875.546 1
1875.644 1
1875.742 2
1875.840 3
1875.938 6
1876.037 7
1876.135 8
1876.233 9
1876.331 10
1876.430 8
1876.528 6
1876.626 4
1876.724 2
1876.822 2
1876.921 2
1877.019 2
1877.117 0
1877.216 0
1877.314 0
1877.412 0
1877.510 1
1877.609 2
1877.707 2
1877.805 2
1877.903 1
1878.002 0
1878.100 0
1878.198 0
1878.296 2
1878.395 3
1878.493 4
1878.591 5
1878.690 6
1878.788 6
1878.886 7
1878.985 7
1879.083 6
1879.181 5
1879.279 3
1879.378 2
1879.476 0
1879.574 0
1879.673 0
1879.771 0
1879.869 0
1879.968 0
1880.066 0
1880.164 0
1880.263 2
1880.361 3
1880.459 3
1880.558 3
1880.656 5
1880.754 5
1880.853 6
1880.951 6
1881.049 4
1881.148 5
1881.246 6
1881.345 9
1881.443 14
1881.541 13
1881.640 12
1881.738 10
1881.836 6
1881.935 5
1882.033 4
1882.132 3
1882.230 0
1882.328 1
1882.427 1
1882.525 2
1882.624 2
1882.722 2
1882.820 2
1882.919 1
1883.017 1
1883.116 1
1883.214 1
1883.312 1
1883.411 1
1883.509 0
1883.608 0
1883.706 0
1883.805 3
1883.903 3
1884.001 3
1884.100 3
1884.198 1
1884.297 1
1884.395 1
1884.494 2
1884.592 3
1884.691 3
1884.789 3
1884.887 2
1884.986 1
1885.084 1
1885.183 2
1885.281 2
1885.380 2
1885.478 2
1885.577 1
1885.675 1
1885.774 0
1885.872 1
1885.971 2
1886.069 3
1886.168 6
1886.266 5
1886.365 4
1886.463 3
1886.562 2
1886.660 2
1886.759 2
1886.857 2
1886.956 5
1887.054 5
1887.153 5
1887.251 5
1887.350 6
1887.448 6
1887.547 6
1887.645 6
1887.744 7
1887.842 6
1887.941 5
1888.040 4
1888.138 2
1888.237 2
1888.335 2
1888.434 2
1888.532 3
1888.631 4
1888.729 5
1888.828 6
1888.927 8
1889.025 7
1889.124 6
1889.222 5
1889.321 2
1889.419 2
1889.518 2
1889.617 2
1889.715 2
1889.814 3
1889.912 4
1890.011 5
1890.110 10
1890.208 9
1890.307 8
1890.405 8
1890.504 5
1890.603 6
1890.701 6
1890.800 5
1890.898 1
1890.997 0
1891.096 0
1891.194 0
1891.293 1
1891.392 1
1891.490 1
1891.589 1
1891.687 3
1891.786 3
1891.885 3
1891.983 3
1892.082 0
1892.181 1
1892.279 2
1892.378 3
1892.477 5
1892.575 5
1892.674 5
1892.773 5
1892.871 3
1892.970 3
1893.069 3
1893.167 3
1893.266 0
1893.365 0
1893.463 0
1893.562 0
1893.661 1
1893.760 1
1893.858 1
1893.957 1
1894.056 0
1894.154 0
1894.253 3
1894.352 3
1894.450 4
1894.549 4
1894.648 4
1894.747 4
1894.845 3
1894.944 3
1895.043 0
1895.142 0
1895.240 0
1895.339 0
1895.438 0
1895.537 0
1895.635 1
1895.734 1
1895.833 1
1895.931 1
1896.030 4
1896.129 4
1896.228 4
1896.327 4
1896.425 3
1896.524 4
1896.623 5
1896.722 6
1896.820 7
1896.919 7
1897.018 7
1897.117 7
1897.216 9
1897.314 9
1897.413 9
1897.512 8
1897.611 4
1897.709 3
1897.808 2
1897.907 3
1898.006 4
1898.105 4
1898.204 4
1898.302 3
1898.401 0
1898.500 0
1898.599 0
1898.698 0
1898.796 0
1898.895 0
1898.994 0
1899.093 0
1899.192 0
1899.291 0
1899.389 0
1899.488 0
1899.587 0
1899.686 0
1899.785 0
1899.884 0
1899.983 2
1900.081 2
1900.180 2
1900.279 2
1900.378 0
1900.477 0
1900.576 1
1900.675 2
1900.774 3
1900.872 4
1900.971 4
1901.070 4
1901.169 4
1901.268 4
1901.367 6
1901.466 8
1901.565 11
1901.664 8
1901.763 7
1901.861 6
1901.960 4
1902.059 4
1902.158 4
1902.257 4
1902.356 5
1902.455 5
1902.554 5
1902.653 5
1902.752 6
1902.851 6
1902.950 6
1903.049 7
1903.148 4
1903.246 4
1903.345 4
1903.444 3
1903.543 6
1903.642 5
1903.741 4
1903.840 3
1903.939 2
1904.038 2
1904.137 2
1904.236 2
1904.335 0
1904.434 0
1904.533 0
1904.632 0
1904.731 1
1904.830 1
1904.929 1
1905.028 1
1905.127 0
1905.226 1
1905.325 2
1905.424 3
1905.523 5
1905.622 4
1905.721 4
1905.820 3
1905.919 2
1906.018 2
1906.117 1
1906.216 1
1906.315 0
1906.414 0
1906.513 1
1906.612 1
1906.711 1
1906.810 1
1906.909 0
1907.008 0
1907.107 0
1907.206 0
1907.306 0
1907.405 0
1907.504 0
1907.603 0
1907.702 0
1907.801 1
1907.900 1
1907.999 1
1908.098 1
1908.197 0
1908.296 1
1908.395 2
1908.494 3
1908.593 4
1908.693 7
1908.792 9
1908.891 11
1908.990 13
1909.089 17
1909.188 14
1909.287 11
1909.386 9
1909.485 5
1909.585 4
1909.684 3
1909.783 1
1909.882 0
1909.981 0
1910.080 0
1910.179 0
1910.278 0
1910.378 0
1910.477 0
1910.576 0
1910.675 0
1910.774 0
1910.873 0
1910.972 0
1911.072 1
1911.171 2
1911.270 3
1911.369 4
1911.468 7
1911.567 7
1911.667 6
1911.766 5
1911.865 2
1911.964 2
1912.063 3
1912.162 4
1912.262 5
1912.361 4
1912.460 3
1912.559 2
1912.658 1
1912.758 1
1912.857 1
1912.956 1
1913.055 0
1913.154 0
1913.254 0
1913.353 0
1913.452 0
1913.551 0
1913.650 0
1913.750 1
1913.849 1
1913.948 1
1914.047 1
1914.147 0
1914.246 0
1914.345 0
1914.444 0
1914.544 1
1914.643 2
1914.742 3
1914.841 3
1914.941 3
1915.040 2
1915.139 1
1915.238 1
1915.338 0
1915.437 0
1915.536 2
1915.635 4
1915.735 6
1915.834 9
1915.933 8
1916.033 7
1916.132 6
1916.231 4
1916.330 3
1916.430 2
1916.529 1
1916.628 0
1916.728 0
1916.827 0
1916.926 0
1917.026 0
1917.125 0
1917.224 0
1917.323 0
1917.423 0
1917.522 0
1917.621 1
1917.721 1
1917.820 1
1917.919 1
1918.019 0
1918.118 0
1918.217 0
1918.317 0
1918.416 0
1918.516 0
1918.615 0
1918.714 0
1918.814 0
1918.913 2
1919.012 2
1919.112 2
1919.211 2
1919.310 0
1919.410 0
1919.509 0
1919.609 0
1919.708 1
1919.807 1
1919.907 1
1920.006 1
1920.105 0
1920.205 0
1920.304 1
1920.404 2
1920.503 4
1920.602 6
1920.702 6
1920.801 6
1920.901 5
1921.000 2
1921.100 2
1921.199 2
1921.298 2
1921.398 0
1921.497 0
1921.597 0
1921.696 0
1921.796 0
1921.895 0
1921.994 1
1922.094 1
1922.193 1
1922.293 1
1922.392 1
1922.492 2
1922.591 2
1922.691 2
1922.790 1
1922.890 0
1922.989 0
1923.088 1
1923.188 2
1923.287 3
1923.387 6
1923.486 5
1923.586 4
1923.685 3
1923.785 1
1923.884 1
1923.984 1
1924.083 1
1924.183 0
1924.282 0
1924.382 0
1924.481 0
1924.581 0
1924.680 1
1924.780 1
1924.879 3
1924.979 3
1925.078 2
1925.178 2
1925.277 0
1925.377 0
1925.477 0
1925.576 0
1925.676 0
1925.775 0
1925.875 0
1925.974 0
1926.074 0
1926.173 0
1926.273 2
1926.372 5
1926.472 7
1926.572 10
1926.671 10
1926.771 8
1926.870 8
1926.970 6
1927.069 5
1927.169 5
1927.269 4
1927.368 0
1927.468 0
1927.567 0
1927.667 0
1927.767 0
1927.866 0
1927.966 0
1928.065 0
1928.165 0
1928.265 0
1928.364 0
1928.464 0
1928.563 2
1928.663 3
1928.763 3
1928.862 3
1928.962 6
1929.061 6
1929.161 6
1929.261 6
1929.360 6
1929.460 8
1929.560 8
1929.659 8
1929.759 9
1929.859 5
1929.958 5
1930.058 4
1930.158 3
1930.257 3
1930.357 2
1930.457 3
1930.556 2
1930.656 3
1930.756 5
1930.855 5
1930.955 6
1931.055 6
1931.154 4
1931.254 4
1931.354 4
1931.453 4
1931.553 2
1931.653 2
1931.752 2
1931.852 2
1931.952 1
1932.052 1
1932.151 1
1932.251 1
1932.351 1
1932.450 1
1932.550 0
1932.650 0
1932.750 0
1932.849 1
1932.949 1
1933.049 2
1933.148 3
1933.248 3
1933.348 4
1933.448 4
1933.547 4
1933.647 4
1933.747 1
1933.847 2
1933.946 2
1934.046 2
1934.146 1
1934.246 0
1934.346 0
1934.445 0
1934.545 0
1934.645 0
1934.745 0
1934.844 0
1934.944 0
1935.044 0
1935.144 1
1935.244 1
1935.343 4
1935.443 5
1935.543 5
1935.643 6
1935.743 8
1935.842 9
1935.942 10
1936.042 11
1936.142 12
1936.242 11
1936.341 10
1936.441 9
1936.541 8
1936.641 9
1936.741 10
1936.841 11
1936.940 15
1937.040 17
1937.140 19
1937.240 21
1937.340 22
1937.440 17
1937.539 12
1937.639 7
1937.739 2
1937.839 2
1937.939 2
1938.039 2
1938.139 6
1938.238 7
1938.338 8
1938.438 9
1938.538 9
1938.638 7
1938.738 5
1938.838 3
1938.938 1
1939.038 1
1939.137 1
1939.237 1
1939.337 0
1939.437 0
1939.537 0
1939.637 0
1939.737 1
1939.837 1
1939.937 1
1940.037 1
1940.136 1
1940.236 2
1940.336 3
1940.436 4
1940.536 6
1940.636 6
1940.736 6
1940.836 7
1940.936 4
1941.036 4
1941.136 4
1941.236 3
1941.336 1
1941.436 1
1941.536 1
1941.636 2
1941.736 4
1941.835 4
1941.935 4
1942.035 3
1942.135 0
1942.235 0
1942.335 0
1942.435 0
1942.535 0
1942.635 0
1942.735 0
1942.835 0
1942.935 1
1943.035 1
1943.135 2
1943.235 2
1943.335 1
1943.435 1
1943.535 0
1943.635 0
1943.735 1
1943.835 1
1943.935 1
1944.035 1
1944.135 0
1944.235 2
1944.335 2
1944.435 2
1944.535 4
1944.636 2
1944.736 2
1944.836 3
1944.936 2
1945.036 2
1945.136 2
1945.236 2
1945.336 1
1945.436 1
1945.536 1
1945.636 1
1945.736 1
1945.836 1
1945.936 1
1946.036 0
1946.136 2
1946.236 3
1946.337 3
1946.437 3
1946.537 6
1946.637 4
1946.737 3
1946.837 2
1946.937 0
1947.037 0
1947.137 0
1947.237 1
1947.338 3
1947.438 3
1947.538 3
1947.638 2
1947.738 4
1947.838 4
1947.938 4
1948.038 4
1948.138 1
1948.239 1
1948.339 1
1948.439 1
1948.539 0
1948.639 0
1948.739 0
1948.839 0
1948.940 0
1949.040 1
1949.140 1
1949.240 1
1949.340 2
1949.440 1
1949.541 1
1949.641 1
1949.741 4
1949.841 4
1949.941 4
1950.041 4
1950.142 5
1950.242 5
1950.342 5
1950.442 5
1950.542 8
1950.643 9
1950.743 10
1950.843 11
1950.943 12
1951.043 10
1951.144 8
1951.244 7
1951.344 2
1951.444 2
1951.544 2
1951.645 1
1951.745 0
1951.845 0
1951.945 0
1952.046 0
1952.146 1
1952.246 1
1952.346 1
1952.446 1
1952.547 1
1952.647 1
1952.747 1
1952.847 1
1952.948 0
1953.048 0
1953.148 0
1953.248 1
1953.349 1
1953.449 1
1953.549 1
1953.650 0
1953.750 0
1953.850 2
1953.950 4
1954.051 6
1954.151 10
1954.251 9
1954.352 8
1954.452 7
1954.552 5
1954.652 4
1954.753 3
1954.853 2
1954.953 1
1955.054 1
1955.154 1
1955.254 1
1955.355 0
1955.455 0
1955.555 0
1955.656 0
1955.756 0
1955.856 0
1955.957 0
1956.057 1
1956.157 2
1956.258 3
1956.358 4
1956.458 4
1956.559 3
1956.659 2
1956.759 1
1956.860 0
1956.960 0
1957.060 0
1957.161 0
1957.261 0
1957.361 2
1957.462 2
1957.562 2
1957.663 2
1957.763 1
1957.863 1
1957.964 1
1958.064 1
1958.165 0
1958.265 0
1958.365 0
1958.466 0
1958.566 3
1958.667 4
1958.767 5
1958.867 7
1958.968 10
1959.068 9
1959.169 8
1959.269 6
1959.369 5
1959.470 5
1959.570 4
1959.671 3
1959.771 3
1959.872 2
1959.972 2
1960.072 2
1960.173 0
1960.273 0
1960.374 0
1960.474 0
1960.575 0
1960.675 0
1960.776 0
1960.876 1
1960.977 1
1961.077 2
1961.177 2
1961.278 1
1961.378 1
1961.479 1
1961.579 1
1961.680 2
1961.780 2
1961.881 2
1961.981 3
1962.082 3
1962.182 4
1962.283 4
1962.383 4
1962.484 4
1962.584 1
1962.685 1
1962.785 1
1962.886 1
1962.986 1
1963.087 1
1963.187 1
1963.288 1
1963.388 0
1963.489 1
1963.590 1
1963.690 1
1963.791 1
1963.891 0
1963.992 0
1964.092 0
1964.193 0
1964.293 0
1964.394 0
1964.494 0
1964.595 1
1964.696 1
1964.796 1
1964.897 1
1964.997 0
1965.098 0
1965.198 0
1965.299 0
1965.400 0
1965.500 0
1965.601 1
1965.701 1
1965.802 1
1965.902 1
1966.003 0
1966.104 0
1966.204 0
1966.305 4
1966.405 6
1966.506 8
1966.607 10
1966.707 8
1966.808 8
1966.909 8
1967.009 7
1967.110 6
1967.210 5
1967.311 4
1967.412 1
1967.512 1
1967.613 1
1967.714 1
1967.814 0
1967.915 0
1968.016 0
1968.116 1
1968.217 3
1968.318 3
1968.418 3
1968.519 2
1968.619 1
1968.720 1
1968.821 4
1968.921 4
1969.022 3
1969.123 3
1969.224 6
1969.324 5
1969.425 4
1969.526 3
1969.626 0
1969.727 0
1969.828 0
1969.928 0
1970.029 0
1970.130 0
1970.230 0
1970.331 0
1970.432 0
1970.533 0
1970.633 1
1970.734 1
1970.835 3
1970.935 3
1971.036 5
1971.137 5
1971.238 4
1971.338 4
1971.439 6
1971.540 5
1971.641 5
1971.741 4
1971.842 2
1971.943 2
1972.044 1
1972.144 1
1972.245 2
1972.346 3
1972.447 3
1972.547 5
1972.648 8
1972.749 8
1972.850 9
1972.950 8
1973.051 7
1973.152 7
1973.253 5
1973.354 4
1973.454 3
1973.555 2
1973.656 2
1973.757 2
1973.858 1
1973.958 1
1974.059 1
1974.160 1
1974.261 0
1974.362 0
1974.462 0
1974.563 0
1974.664 1
1974.765 1
1974.866 1
1974.967 1
1975.067 1
1975.168 2
1975.269 3
1975.370 4
1975.471 4
1975.572 4
1975.672 4
1975.773 4
1975.874 1
1975.975 1
1976.076 1
1976.177 1
1976.278 0
1976.378 0
1976.479 0
1976.580 1
1976.681 1
1976.782 1
1976.883 1
1976.984 0
1977.085 3
1977.185 3
1977.286 3
1977.387 3
1977.488 0
1977.589 0
1977.690 0
1977.791 0
1977.892 1
1977.993 2
1978.094 2
1978.194 2
1978.295 1
1978.396 0
1978.497 1
1978.598 2
1978.699 2
1978.800 2
1978.901 1
1979.002 0
1979.103 0
1979.204 0
1979.305 0
1979.406 0
1979.507 2
1979.608 2
1979.708 2
1979.809 2
1979.910 1
1980.011 1
1980.112 1
1980.213 1
1980.314 2
1980.415 2
1980.516 3
1980.617 3
1980.718 3
1980.819 5
1980.920 6
1981.021 8
1981.122 12
1981.223 10
1981.324 8
1981.425 6
1981.526 5
1981.627 4
1981.728 3
1981.829 2
1981.930 0
1982.031 0
1982.132 0
1982.233 0
1982.334 0
1982.435 0
1982.536 0
1982.637 0
1982.738 0
1982.839 0
1982.940 0
1983.041 0
1983.142 2
1983.243 5
1983.344 7
1983.446 9
1983.547 11
1983.648 8
1983.749 6
1983.850 4
1983.951 1
1984.052 1
1984.153 1
1984.254 1
1984.355 0
1984.456 1
1984.557 2
1984.658 3
1984.759 4
1984.860 6
1984.962 5
1985.063 4
1985.164 3
1985.265 0
1985.366 0
1985.467 0
1985.568 1
1985.669 1
1985.770 1
1985.871 1
1985.973 0
1986.074 0
1986.175 0
1986.276 0
1986.377 3
1986.478 4
1986.579 4
1986.680 4
1986.782 5
1986.883 4
1986.984 4
1987.085 4
1987.186 5
1987.287 5
1987.388 5
1987.490 5
1987.591 2
1987.692 2
1987.793 2
1987.894 2
1987.995 1
1988.097 1
1988.198 1
1988.299 1
1988.400 0
1988.501 0
1988.602 0
1988.704 0
1988.805 0
1988.906 0
1989.007 0
1989.108 0
1989.210 0
1989.311 0
1989.412 0
1989.513 1
1989.614 1
1989.716 2
1989.817 3
1989.918 3
1990.019 6
1990.121 6
1990.222 6
1990.323 6
1990.424 3
1990.525 4
1990.627 4
1990.728 5
1990.829 2
1990.930 1
1991.032 1
1991.133 0
1991.234 2
1991.335 2
1991.437 2
1991.538 2
1991.639 0
1991.740 0
1991.842 0
1991.943 0
1992.044 2
1992.146 2
1992.247 2
1992.348 2
1992.449 0
1992.551 0
1992.652 1
1992.753 2
1992.855 3
1992.956 5
1993.057 4
1993.158 3
1993.260 2
1993.361 1
1993.462 1
1993.564 1
1993.665 1
1993.766 0
1993.868 0
1993.969 0
1994.070 0
1994.172 0
1994.273 1
1994.374 1
1994.476 2
1994.577 2
1994.678 1
1994.780 1
1994.881 0
1994.982 0
1995.084 0
1995.185 0
1995.286 0
1995.388 0
1995.489 0
1995.590 0
1995.692 1
1995.793 2
1995.895 3
1995.996 4
1996.097 6
1996.199 6
1996.300 6
1996.401 6
1996.503 7
1996.604 7
1996.706 7
1996.807 8
1996.908 9
1997.010 7
1997.111 5
1997.213 2
1997.314 1
1997.415 1
1997.517 1
1997.618 1
1997.720 0
1997.821 0
1997.923 0
1998.024 1
1998.125 1
1998.227 1
1998.328 1
1998.430 0
1998.531 0
1998.633 0
1998.734 0
1998.835 0
1998.937 0
1999.038 0
1999.140 0
1999.241 0
1999.343 1
1999.444 2
1999.546 4
1999.647 5
1999.749 6
1999.850 6
1999.952 4
2000.053 3
2000.154 3
2000.256 2
2000.357 2
2000.459 2
2000.560 0
2000.662 0
2000.763 0
2000.865 0
2000.966 0
2001.068 1
2001.169 2
2001.271 3
2001.372 4
2001.474 4
2001.576 6
2001.677 6
2001.779 6
2001.880 5
2001.982 2
2002.083 1
2002.185 0
2002.286 0
2002.388 0
2002.489 0
2002.591 2
2002.692 4
2002.794 6
2002.895 9
2002.997 13
2003.099 11
2003.200 9
2003.302 6
2003.403 3
2003.505 3
2003.606 3
2003.708 3
2003.810 3
2003.911 4
2004.013 5
2004.114 6
2004.216 5
2004.317 4
2004.419 3
2004.521 2
2004.622 0
2004.724 0
2004.825 0
2004.927 1
2005.029 2
2005.130 2
2005.232 2
2005.334 1
2005.435 0
2005.537 0
2005.638 0
2005.740 0
2005.842 0
2005.943 0
2006.045 0
2006.147 0
2006.248 0
2006.350 1
2006.451 2
2006.553 4
2006.655 5
2006.756 7
2006.858 6
2006.960 4
2007.061 3
2007.163 2
2007.265 3
2007.366 4
2007.468 5
2007.570 4
2007.671 4
2007.773 4
2007.875 1
2007.976 2
2008.078 2
2008.180 2
2008.282 1
2008.383 0
2008.485 0
2008.587 0
2008.688 0
2008.790 0
2008.892 0
2008.993 0
2009.095 0
2009.197 0
2009.299 0
2009.400 0
2009.502 0
2009.604 0
2009.705 0
2009.807 0
2009.909 0
2010.011 0
2010.112 0
2010.214 2
2010.316 4
2010.418 8
2010.519 15
2010.621 15
2010.723 17
2010.825 14
2010.926 10
2011.028 9
2011.130 7
2011.232 6
2011.333 3
2011.435 2
2011.537 0
2011.639 0
2011.741 0
2011.842 0
2011.944 0
2012.046 0
2012.148 0
2012.250 0
2012.351 0
2012.453 0
2012.555 0
2012.657 1
2012.759 1
2012.860 1
2012.962 1
2013.064 0
2013.166 0
2013.268 0
2013.369 0
2013.471 0
2013.573 0
2013.675 0
2013.777 0
2013.879 0
2013.980 0
2014.082 1
2014.184 1
2014.286 1
2014.388 1
2014.490 2
2014.592 5
2014.693 7
2014.795 9
2014.897 9
2014.999 8
2015.101 8
2015.203 8
2015.305 7
2015.406 6
2015.508 5
2015.610 2
2015.712 5
2015.814 5
2015.916 5
2016.018 3
2016.120 1
2016.222 1
2016.323 2
2016.425 3
2016.527 3
2016.629 4
2016.731 4
2016.833 6
2016.935 6
2017.037 7
2017.139 7
2017.241 10
2017.343 10
2017.445 9
2017.546 9
2017.648 8
2017.750 12
2017.852 15
2017.954 18
2018.056 21
2018.158 20
2018.260 18
2018.362 16
2018.464 12
2018.566 11
2018.668 13
2018.770 14
2018.872 18
2018.974 18
2019.076 17
2019.178 17
2019.280 21
2019.382 19
2019.484 17
2019.586 15
2019.688 11
2019.790 10
2019.892 9
2019.994 8
2020.096 7
2020.198 7
2020.300 6
2020.402 5
2020.504 2
2020.606 3
2020.708 5
2020.810 7
2020.912 11
2021.014 11
2021.116 11
2021.218 11
2021.320 10
2021.422 8
2021.524 6
2021.626 4
2021.728 2
2021.830 3
2021.932 4
2022.034 5
2022.136 6
2022.238 5
2022.340 4
2022.442 3
2022.544 1
2022.646 2
2022.748 3
2022.850 4
2022.952 8
2023.055 8
2023.157 8
2023.259 8
2023.361 9
2023.463 7
2023.565 5
2023.667 3
2023.769 1
2023.871 1
2023.973 1
2024.075 1
2024.178 0
2024.280 0
2024.382 0
2024.484 0
2024.586 0
2024.688 0
2024.790 0
2024.892 0
2024.994 0
2025.097 0
2025.199 0
2025.301 0
2025.403 0
2025.505 0
2025.607 0
2025.709 1
2025.811 1
2025.914 2
2026.016 2
2026.118 1
2026.220 2
2026.322 3
2026.424 5
2026.527 7
2026.629 10
2026.731 9
2026.833 8
2026.935 7
2027.037 3
2027.140 4
2027.242 4
2027.344 4
2027.446 2
2027.548 1
2027.651 1
2027.753 2
2027.855 2
2027.957 2
2028.059 2
2028.162 1
2028.264 1
2028.366 1
2028.468 1
2028.570 1
2028.673 2
2028.775 2
2028.877 2
2028.979 2
2029.081 1
2029.184 1
2029.286 2
2029.388 2
2029.490 5
2029.593 5
2029.695 5
2029.797 6
2029.899 3
2030.002 3
2030.104 2
2030.206 1
2030.308 1
2030.411 1
2030.513 1
2030.615 1
2030.717 3
2030.820 3
2030.922 3
2031.024 3
2031.127 1
2031.229 2
2031.331 2
2031.433 2
2031.536 5
2031.638 4
2031.740 4
2031.843 5
2031.945 7
2032.047 7
2032.149 7
2032.252 6
2032.354 5
2032.456 6
2032.559 7
2032.661 8
2032.763 11
2032.866 10
2032.968 9
2033.070 8
2033.173 5
2033.275 4
2033.377 3
2033.480 2
2033.582 0
2033.684 0
2033.787 0
2033.889 1
2033.991 1
2034.094 1
2034.196 1
2034.299 0
2034.401 0
2034.503 0
2034.606 0
2034.708 0
2034.810 1
2034.913 1
2035.015 1
2035.117 1
2035.220 4
2035.322 5
2035.425 7
2035.527 8
2035.629 10
2035.732 8
2035.834 5
2035.937 4
2036.039 2
2036.141 2
2036.244 3
2036.346 3
2036.449 2
2036.551 2
2036.654 1
2036.756 0
2036.858 1
2036.961 1
2037.063 1
2037.166 1
2037.268 0
2037.371 0
2037.473 1
2037.575 1
2037.678 1
2037.780 1
2037.883 0
2037.985 0
2038.088 0
2038.190 0
2038.293 0
2038.395 0
2038.498 0
2038.600 0
2038.702 0
2038.805 0
2038.907 0
2039.010 0
2039.112 0
2039.215 0
2039.317 0
2039.420 0
2039.522 0
2039.625 0
2039.727 0
2039.830 0
2039.932 0
2040.035 0
2040.137 0
2040.240 0
2040.342 0
2040.445 0
2040.547 0
2040.650 1
2040.753 3
2040.855 4
2040.958 5
2041.060 6
2041.163 6
2041.265 7
2041.368 9
2041.470 7
2041.573 5
2041.675 4
2041.778 2
2041.880 3
2041.983 4
2042.086 4
2042.188 5
2042.291 5
2042.393 5
2042.496 5
2042.598 2
2042.701 2
2042.804 2
2042.906 2
2043.009 1
2043.111 1
2043.214 1
2043.317 1
2043.419 0
2043.522 0
2043.624 0
2043.727 0
2043.830 0
2043.932 0
2044.035 0
2044.137 0
2044.240 0
2044.343 2
2044.445 3
2044.548 3
2044.650 3
2044.753 4
2044.856 4
2044.958 5
2045.061 8
2045.164 6
2045.266 9
2045.369 8
2045.472 5
2045.574 4
2045.677 2
2045.780 2
2045.882 2
2045.985 2
2046.087 0
2046.190 0
2046.293 0
2046.395 0
2046.498 0
2046.601 0
2046.704 0
2046.806 2
2046.909 4
2047.012 7
2047.114 10
2047.217 12
2047.320 14
2047.422 15
2047.525 17
2047.628 15
2047.730 13
2047.833 11
2047.936 7
2048.039 6
2048.141 5
2048.244 4
2048.347 0
2048.449 1
2048.552 2
2048.655 3
2048.758 4
2048.860 4
2048.963 5
2049.066 5
2049.169 8
2049.271 7
2049.374 5
2049.477 4
2049.580 0
2049.682 0
2049.785 0
2049.888 0
2049.991 1
2050.093 3
2050.196 4
2050.299 5
2050.402 7
2050.504 5
2050.607 4
2050.710 3
2050.813 2
2050.916 2
2051.018 2
2051.121 2
2051.224 0
2051.327 0
2051.430 0
2051.532 0
2051.635 0
2051.738 1
2051.841 1
2051.944 1
2052.046 1
2052.149 0
2052.252 0
2052.355 0
2052.458 0
2052.561 0
2052.663 0
2052.766 0
2052.869 0
2052.972 0
2053.075 0
2053.178 1
2053.280 4
2053.383 4
2053.486 4
2053.589 3
2053.692 3
2053.795 3
2053.898 3
2054.000 3
2054.103 3
2054.206 4
2054.309 5
2054.412 6
2054.515 7
2054.618 6
2054.721 5
2054.823 4
2054.926 1
2055.029 1
2055.132 2
2055.235 2
2055.338 1
2055.441 1
2055.544 0
2055.647 0
2055.749 2
2055.852 4
2055.955 6
2056.058 8
2056.161 10
2056.264 8
2056.367 6
2056.470 4
2056.573 2
2056.676 2
2056.779 2
2056.882 2
2056.985 0
2057.088 0
2057.190 0
2057.293 0
2057.396 1
2057.499 3
2057.602 4
2057.705 5
2057.808 7
2057.911 6
2058.014 6
2058.117 6
2058.220 3
2058.323 4
2058.426 5
2058.529 6
2058.632 9
2058.735 7
2058.838 6
2058.941 4
2059.044 1
2059.147 1
2059.250 0
2059.353 0
2059.456 1
2059.559 1
2059.662 2
2059.765 4
2059.868 7
2059.971 8
2060.074 8
2060.177 8
2060.280 8
2060.383 8
2060.486 10
2060.589 9
2060.692 7
2060.795 3
2060.898 1
2061.001 1
2061.104 0
2061.207 1
2061.310 1
2061.414 1
2061.517 1
2061.620 0
2061.723 0
2061.826 0
2061.929 0
2062.032 0
2062.135 0
2062.238 0
2062.341 0
2062.444 1
2062.547 2
2062.650 3
2062.753 7
2062.857 7
2062.960 7
2063.063 7
2063.166 4
2063.269 3
2063.372 2
2063.475 1
2063.578 3
2063.681 3
2063.784 6
2063.888 6
2063.991 7
2064.094 7
2064.197 5
2064.300 5
2064.403 7
2064.506 7
2064.610 6
2064.713 6
2064.816 6
2064.919 6
2065.022 6
2065.125 6
2065.228 3
2065.332 3
2065.435 3
2065.538 3
2065.641 0
2065.744 0
2065.847 0
2065.950 0
2066.054 0
2066.157 0
2066.260 0
2066.363 0
2066.466 1
2066.570 2
2066.673 3
2066.776 4
2066.879 6
2066.982 6
2067.086 6
2067.189 5
2067.292 3
2067.395 5
2067.498 7
2067.602 9
2067.705 11
2067.808 10
2067.911 10
2068.014 10
2068.118 8
2068.221 7
2068.324 5
2068.427 4
2068.531 1
2068.634 3
2068.737 5
2068.840 7
2068.944 9
2069.047 10
2069.150 10
2069.253 10
2069.357 8
2069.460 8
2069.563 8
2069.666 8
2069.770 4
2069.873 3
2069.976 3
2070.079 3
2070.183 0
2070.286 0
2070.389 0
2070.493 0
2070.596 0
2070.699 1
2070.802 1
2070.906 1
2071.009 2
2071.112 1
2071.216 1
2071.319 1
2071.422 1
2071.526 1
2071.629 1
2071.732 1
2071.835 0
2071.939 0
2072.042 0
2072.145 0
2072.249 0
2072.352 0
2072.455 1
2072.559 1
2072.662 1
2072.765 1
2072.869 0
2072.972 0
2073.076 0
2073.179 0
2073.282 0
2073.386 0
2073.489 1
2073.592 1
2073.696 1
2073.799 2
2073.902 3
2074.006 3
2074.109 4
2074.213 3
2074.316 5
2074.419 4
2074.523 2
2074.626 2
2074.729 1
2074.833 2
2074.936 2
2075.040 1
2075.143 1
2075.246 0
2075.350 0
2075.453 0
2075.557 1
2075.660 1
2075.764 1
2075.867 1
2075.970 2
2076.074 2
2076.177 3
2076.281 3
2076.384 2
2076.488 2
2076.591 3
2076.694 4
2076.798 3
2076.901 3
2077.005 1
2077.108 0
2077.212 0
2077.315 0
2077.419 0
2077.522 0
2077.626 0
2077.729 0
2077.832 0
2077.936 0
2078.039 1
2078.143 1
2078.246 1
2078.350 1
2078.453 0
2078.557 0
2078.660 1
2078.764 2
2078.867 2
2078.971 3
2079.074 3
2079.178 2
2079.281 3
2079.385 2
2079.488 2
2079.592 2
2079.695 2
2079.799 2
2079.902 1
2080.006 1
2080.110 0
2080.213 0
2080.317 0
2080.420 0
2080.524 0
2080.627 0
2080.731 1
2080.834 1
2080.938 1
2081.041 1
2081.145 0
2081.248 0
2081.352 0
2081.456 2
2081.559 3
2081.663 4
2081.766 7
2081.870 8
2081.973 10
2082.077 12
2082.181 15
2082.284 14
2082.388 13
2082.491 12
2082.595 9
2082.699 8
2082.802 8
2082.906 7
2083.009 3
2083.113 3
2083.217 3
2083.320 3
2083.424 3
2083.527 3
2083.631 2
2083.735 2
2083.838 1
2083.942 1
2084.046 1
2084.149 1
2084.253 0
2084.356 1
2084.460 2
2084.564 3
2084.667 4
2084.771 6
2084.875 8
2084.978 11
2085.082 14
2085.186 13
2085.289 13
2085.393 11
2085.497 6
2085.600 6
2085.704 5
2085.808 7
2085.911 5
2086.015 5
2086.119 5
2086.222 3
2086.326 4
2086.430 4
2086.533 6
2086.637 6
2086.741 3
2086.845 3
2086.948 1
2087.052 1
2087.156 0
2087.259 0
2087.363 1
2087.467 1
2087.570 3
2087.674 3
2087.778 2
2087.882 2
2087.985 3
2088.089 3
2088.193 3
2088.297 3
2088.400 4
2088.504 4
2088.608 7
2088.712 7
2088.815 6
2088.919 6
2089.023 3
2089.127 4
2089.230 5
2089.334 7
2089.438 10
2089.542 11
2089.645 14
2089.749 13
2089.853 11
2089.957 10
2090.061 7
2090.164 11
2090.268 14
2090.372 18
2090.476 21
2090.579 18
2090.683 17
2090.787 15
2090.891 11
2090.995 10
2091.098 12
2091.202 9
2091.306 4
2091.410 3
2091.514 2
2091.618 2
2091.721 1
2091.825 2
2091.929 3
2092.033 4
2092.137 5
2092.241 4
2092.344 4
2092.448 3
2092.552 3
2092.656 3
2092.760 2
2092.864 2
2092.967 0
2093.071 0
2093.175 0
2093.279 0
2093.383 3
2093.487 5
2093.591 7
2093.695 9
2093.798 11
2093.902 12
2094.006 13
2094.110 14
2094.214 15
2094.318 15
2094.422 15
2094.526 15
2094.629 18
2094.733 15
2094.837 12
2094.941 9
2095.045 3
2095.149 3
2095.253 3
2095.357 3
2095.461 1
2095.565 1
2095.669 1
2095.773 1
2095.876 0
2095.980 1
2096.084 1
2096.188 1
2096.292 1
2096.396 1
2096.500 1
2096.604 1
2096.708 3
2096.812 2
2096.916 2
2097.020 2
2097.124 0
2097.228 0
2097.332 0
2097.436 0
2097.540 1
2097.644 1
2097.748 1
2097.852 1
2097.956 1
2098.060 1
2098.164 2
2098.268 2
2098.372 2
2098.476 2
2098.580 1
2098.684 1
2098.788 0
2098.892 0
2098.996 0
2099.100 0
2099.204 0
2099.308 1
2099.412 2
2099.516 3
2099.620 5
2099.724 4
2099.828 3
2099.932 2
2100.036 2
2100.140 2
2100.244 3
2100.348 3
2100.452 5
2100.556 5
2100.660 6
2100.764 6
2100.868 3
2100.972 3
2101.076 1
2101.180 1
2101.284 4
2101.388 6
2101.492 8
2101.597 11
2101.701 13
2101.805 11
2101.909 9
2102.013 6
2102.117 3
2102.221 3
2102.325 3
2102.429 3
2102.533 0
2102.637 0
2102.742 0
2102.846 0
2102.950 2
2103.054 2
2103.158 2
2103.262 3
2103.366 3
2103.470 3
2103.574 3
2103.679 2
2103.783 5
2103.887 5
2103.991 5
2104.095 5
2104.199 2
2104.303 2
2104.408 2
2104.512 2
2104.616 1
2104.720 1
2104.824 1
2104.928 1
2105.032 2
2105.137 2
2105.241 2
2105.345 2
2105.449 0
2105.553 0
2105.657 1
2105.762 1
2105.866 1
2105.970 1
2106.074 0
2106.178 0
2106.283 4
2106.387 4
2106.491 4
2106.595 4
2106.699 0
2106.804 0
2106.908 0
2107.012 0
2107.116 0
2107.220 0
2107.325 0
2107.429 0
2107.533 0
2107.637 0
2107.741 0
2107.846 0
2107.950 0
2108.054 0
2108.158 0
2108.263 0
2108.367 1
2108.471 1
2108.575 4
2108.680 4
2108.784 5
2108.888 5
2108.992 6
2109.097 5
2109.201 3
2109.305 2
2109.409 1
2109.514 1
2109.618 0
2109.722 0
2109.827 0
2109.931 0
2110.035 0
2110.139 0
2110.244 1
2110.348 1
2110.452 2
2110.557 2
2110.661 2
2110.765 2
2110.870 1
2110.974 1
2111.078 0
2111.182 0
2111.287 2
2111.391 2
2111.495 3
2111.600 3
2111.704 1
2111.808 1
2111.913 1
2112.017 1
2112.121 1
2112.226 1
2112.330 0
2112.434 0
2112.539 0
2112.643 0
2112.748 0
2112.852 0
2112.956 0
2113.061 0
2113.165 0
2113.269 0
2113.374 0
2113.478 3
2113.582 6
2113.687 9
2113.791 12
2113.896 11
2114.000 10
2114.104 9
2114.209 8
2114.313 6
2114.418 4
2114.522 3
2114.626 1
2114.731 3
2114.835 6
2114.940 6
2115.044 10
2115.148 9
2115.253 10
2115.357 11
2115.462 11
2115.566 11
2115.670 8
2115.775 7
2115.879 3
2115.984 3
2116.088 3
2116.193 4
2116.297 4
2116.402 4
2116.506 4
2116.610 3
2116.715 0
2116.819 0
2116.924 1
2117.028 1
2117.133 1
2117.237 1
2117.342 0
2117.446 0
2117.551 0
2117.655 0
2117.760 1
2117.864 1
2117.969 1
2118.073 1
2118.178 0
2118.282 0
2118.387 0
2118.491 0
2118.596 0
2118.700 0
2118.805 0
2118.909 0
2119.014 1
2119.118 1
2119.223 2
2119.327 3
2119.432 3
2119.536 4
2119.641 5
2119.745 4
2119.850 3
2119.954 2
2120.059 0
2120.163 1
2120.268 2
2120.372 3
2120.477 6
2120.582 6
2120.686 6
2120.791 7
2120.895 5
2121.000 5
2121.104 5
2121.209 4
2121.313 3
2121.418 3
2121.523 3
2121.627 3
2121.732 5
2121.836 4
2121.941 3
2122.046 2
2122.150 1
2122.255 1
2122.359 1
2122.464 2
2122.569 4
2122.673 4
2122.778 4
2122.882 3
2122.987 1
2123.092 1
2123.196 2
2123.301 2
2123.405 1
2123.510 2
2123.615 1
2123.719 1
2123.824 1
2123.929 0
2124.033 0
2124.138 0
2124.242 0
2124.347 0
2124.452 0
2124.556 0
2124.661 0
2124.766 0
2124.870 0
2124.975 0
2125.080 0
2125.184 0
2125.289 0
2125.394 0
2125.498 0
2125.603 0
2125.708 0
2125.812 0
2125.917 0
2126.022 0
2126.127 0
2126.231 0
2126.336 0
2126.441 0
2126.545 0
2126.650 0
2126.755 0
2126.859 0
2126.964 0
2127.069 0
2127.174 0
2127.278 0
2127.383 0
2127.488 0
2127.592 0
2127.697 0
2127.802 0
2127.907 0
2128.011 2
2128.116 2
2128.221 2
2128.326 2
2128.430 3
2128.535 3
2128.640 4
2128.745 4
2128.849 4
2128.954 4
2129.059 3
2129.164 3
2129.268 1
2129.373 1
2129.478 2
2129.583 2
2129.688 1
2129.792 1
2129.897 0
2130.002 0
2130.107 0
2130.211 0
2130.316 0
2130.421 0
2130.526 0
2130.631 0
2130.735 0
2130.840 0
2130.945 0
2131.050 0
2131.155 0
2131.260 1
2131.364 1
2131.469 1
2131.574 1
2131.679 0
2131.784 0
2131.889 0
2131.993 0
2132.098 0
2132.203 0
2132.308 0
2132.413 0
2132.518 0
2132.622 0
2132.727 0
2132.832 0
2132.937 0
2133.042 0
2133.147 0
2133.252 0
2133.356 1
2133.461 3
2133.566 3
2133.671 3
2133.776 2
2133.881 2
2133.986 3
2134.091 3
2134.196 3
2134.300 1
2134.405 0
2134.510 0
2134.615 0
2134.720 1
2134.825 1
2134.930 1
2135.035 1
2135.140 0
2135.245 0
2135.350 0
2135.454 0
2135.559 4
2135.664 6
2135.769 6
2135.874 6
2135.979 4
2136.084 2
2136.189 2
2136.294 2
2136.399 0
2136.504 0
2136.609 0
2136.714 0
2136.819 0
2136.924 0
2137.029 0
2137.134 0
2137.239 0
2137.344 0
2137.449 0
2137.553 0
2137.658 2
2137.763 4
2137.868 4
2137.973 5
2138.078 3
2138.183 2
2138.288 2
2138.393 1
2138.498 4
2138.603 3
2138.708 4
2138.813 4
2138.918 5
2139.023 4
2139.128 3
2139.233 2
2139.338 1
2139.444 1
2139.549 0
2139.654 0
2139.759 0
2139.864 1
2139.969 2
2140.074 3
2140.179 6
2140.284 6
2140.389 6
2140.494 6
2140.599 6
2140.704 5
2140.809 4
2140.914 3
2141.019 2
2141.124 2
2141.229 2
2141.334 2
2141.439 0
2141.545 0
2141.650 0
2141.755 0
2141.860 2
2141.965 3
2142.070 5
2142.175 7
2142.280 9
2142.385 9
2142.490 8
2142.595 7
2142.701 6
2142.806 6
2142.911 6
2143.016 6
2143.121 8
2143.226 8
2143.331 7
2143.436 6
2143.542 2
2143.647 2
2143.752 2
2143.857 2
2143.962 1
2144.067 1
2144.172 1
2144.277 2
2144.383 2
2144.488 2
2144.593 2
2144.698 1
2144.803 1
2144.908 0
2145.014 0
2145.119 0
2145.224 1
2145.329 1
2145.434 1
2145.539 1
2145.645 3
2145.750 3
2145.855 3
2145.960 3
2146.065 2
2146.171 2
2146.276 2
2146.381 3
2146.486 1
2146.591 2
2146.697 3
2146.802 4
2146.907 7
2147.012 7
2147.117 7
2147.223 6
2147.328 3
2147.433 3
2147.538 3
2147.643 3
2147.749 0
2147.854 0
2147.959 0
2148.064 1
2148.170 1
2148.275 2
2148.380 2
2148.485 1
2148.591 1
2148.696 2
2148.801 4
2148.906 6
2149.012 9
2149.117 8
2149.222 7
2149.328 6
2149.433 10
2149.538 8
2149.643 6
2149.749 4
2149.854 0
2149.959 0
2150.064 0
2150.170 0
2150.275 0
2150.380 1
2150.486 3
2150.591 3
2150.696 3
2150.802 2
2150.907 1
2151.012 1
2151.118 1
2151.223 1
2151.328 0
2151.433 0
2151.539 1
2151.644 1
2151.749 1
2151.855 1
2151.960 0
2152.065 1
2152.171 1
2152.276 1
2152.382 1
2152.487 0
2152.592 0
2152.698 0
2152.803 0
2152.908 0
2153.014 1
2153.119 1
2153.224 1
2153.330 1
2153.435 0
2153.541 1
2153.646 2
2153.751 2
2153.857 2
2153.962 1
2154.067 1
2154.173 1
2154.278 1
2154.384 1
2154.489 0
2154.594 1
2154.700 1
2154.805 1
2154.911 1
2155.016 0
2155.121 1
2155.227 1
2155.332 1
2155.438 1
2155.543 0
2155.649 0
2155.754 0
2155.859 0
2155.965 1
2156.070 2
2156.176 3
2156.281 6
2156.387 6
2156.492 6
2156.598 6
2156.703 3
2156.808 3
2156.914 3
2157.019 3
2157.125 0
2157.230 0
2157.336 0
2157.441 0
2157.547 0
2157.652 0
2157.758 0
2157.863 0
2157.969 0
2158.074 0
2158.180 1
2158.285 1
2158.391 2
2158.496 3
2158.602 4
2158.707 8
2158.813 8
2158.918 7
2159.024 5
2159.129 1
2159.235 0
2159.340 0
2159.446 0
2159.551 0
2159.657 0
2159.762 0
2159.868 0
2159.973 0
2160.079 0
2160.185 1
2160.290 1
2160.396 1
2160.501 1
2160.607 1
2160.712 1
2160.818 1
2160.923 1
2161.029 2
2161.135 3
2161.240 4
2161.346 6
2161.451 8
2161.557 8
2161.662 10
2161.768 9
2161.874 8
2161.979 8
2162.085 7
2162.190 9
2162.296 9
2162.401 11
2162.507 16
2162.613 19
2162.718 22
2162.824 25
2162.930 30
2163.035 24
2163.141 18
2163.246 12
2163.352 6
2163.458 6
2163.563 6
2163.669 7
2163.774 4
2163.880 5
2163.986 6
2164.091 6
2164.197 8
2164.303 9
2164.408 9
2164.514 9
2164.620 13
2164.725 11
2164.831 10
2164.937 10
2165.042 5
2165.148 4
2165.254 3
2165.359 1
2165.465 0
2165.571 0
2165.676 0
2165.782 0
2165.888 0
2165.993 0
2166.099 0
2166.205 0
2166.310 0
2166.416 1
2166.522 1
2166.628 1
2166.733 1
2166.839 0
2166.945 0
2167.050 0
2167.156 0
2167.262 0
2167.368 1
2167.473 1
2167.579 1
2167.685 1
2167.790 0
2167.896 0
2168.002 3
2168.108 3
2168.213 3
2168.319 3
2168.425 3
2168.531 3
2168.636 3
2168.742 5
2168.848 3
2168.954 4
2169.059 4
2169.165 5
2169.271 4
2169.377 3
2169.482 3
2169.588 0
2169.694 0
2169.800 0
2169.906 0
2170.011 0
2170.117 1
2170.223 1
2170.329 1
2170.435 1
2170.540 0
2170.646 0
2170.752 0
2170.858 0
2170.964 0
2171.069 0
2171.175 0
2171.281 0
2171.387 0
2171.493 0
2171.599 0
2171.704 0
2171.810 0
2171.916 1
2172.022 1
2172.128 1
2172.234 1
2172.339 0
2172.445 0
2172.551 0
2172.657 0
2172.763 0
2172.869 2
2172.974 3
2173.080 6
2173.186 6
2173.292 4
2173.398 3
2173.504 2
2173.610 2
2173.716 2
2173.821 2
2173.927 0
2174.033 0
2174.139 0
2174.245 0
2174.351 0
2174.457 1
2174.563 1
2174.669 1
2174.775 1
2174.880 0
2174.986 1
2175.092 2
2175.198 5
2175.304 6
2175.410 8
2175.516 7
2175.622 7
2175.728 6
2175.834 3
2175.940 3
2176.046 0
2176.152 0
2176.257 0
2176.363 0
2176.469 0
2176.575 4
2176.681 4
2176.787 4
2176.893 4
2176.999 1
2177.105 1
2177.211 1
2177.317 1
2177.423 0
2177.529 0
2177.635 1
2177.741 1
2177.847 1
2177.953 1
2178.059 0
2178.165 1
2178.271 2
2178.377 3
2178.483 4
2178.589 8
2178.695 7
2178.801 6
2178.907 5
2179.013 1
2179.119 1
2179.225 1
2179.331 1
2179.437 1
2179.543 1
2179.649 1
2179.755 3
2179.861 4
2179.967 4
2180.073 4
2180.179 3
2180.285 1
2180.391 2
2180.497 2
2180.603 2
2180.709 2
2180.815 2
2180.921 2
2181.028 1
2181.134 1
2181.240 0
2181.346 0
2181.452 2
2181.558 3
2181.664 4
2181.770 7
2181.876 7
2181.982 8
2182.088 8
2182.194 11
2182.300 8
2182.407 6
2182.513 5
2182.619 2
2182.725 2
2182.831 1
2182.937 2
2183.043 7
2183.149 8
2183.255 9
2183.362 8
2183.468 7
2183.574 7
2183.680 5
2183.786 9
2183.892 9
2183.998 12
2184.104 15
2184.211 12
2184.317 10
2184.423 8
2184.529 3
2184.635 3
2184.741 3
2184.847 4
2184.954 1
2185.060 1
2185.166 1
2185.272 0
2185.378 0
2185.484 0
2185.591 1
2185.697 1
2185.803 1
2185.909 1
2186.015 1
2186.122 1
2186.228 1
2186.334 3
2186.440 2
2186.546 2
2186.652 2
2186.759 2
2186.865 4
2186.971 6
2187.077 12
2187.184 11
2187.290 10
2187.396 9
2187.502 6
2187.608 5
2187.715 4
2187.821 3
2187.927 0
2188.033 0
2188.140 0
2188.246 0
2188.352 0
2188.458 0
2188.565 0
2188.671 1
2188.777 1
2188.883 1
2188.990 1
2189.096 0
2189.202 2
2189.308 2
2189.415 2
2189.521 2
2189.627 5
2189.733 4
2189.840 3
2189.946 2
2190.052 0
2190.159 0
2190.265 1
2190.371 1
2190.477 1
2190.584 1
2190.690 0
2190.796 0
2190.903 0
2191.009 0
2191.115 0
2191.222 1
2191.328 1
2191.434 1
2191.540 1
2191.647 1
2191.753 1
2191.859 1
2191.966 1
2192.072 0
2192.178 0
2192.285 0
2192.391 0
2192.497 0
2192.604 0
2192.710 0
2192.817 0
2192.923 0
2193.029 0
2193.136 0
2193.242 1
2193.348 1
2193.455 1
2193.561 1
2193.667 0
2193.774 0
2193.880 0
2193.987 0
2194.093 0
2194.199 0
2194.306 0
2194.412 0
2194.519 0
2194.625 0
2194.731 0
2194.838 0
2194.944 0
2195.051 0
2195.157 0
2195.263 0
2195.370 0
2195.476 0
2195.583 0
2195.689 0
2195.795 0
2195.902 0
2196.008 0
2196.115 0
2196.221 0
2196.328 0
2196.434 0
2196.541 0
2196.647 0
2196.753 0
2196.860 0
2196.966 0
2197.073 0
2197.179 0
2197.286 0
2197.392 0
2197.499 0
2197.605 0
2197.712 1
2197.818 1
2197.925 1
2198.031 1
2198.137 4
2198.244 3
2198.350 2
2198.457 1
2198.563 0
2198.670 0
2198.776 0
2198.883 0
2198.989 0
2199.096 0
2199.202 0
2199.309 0
2199.415 0
2199.522 0
2199.629 0
2199.735 0
2199.842 0
2199.948 0
2200.055 0
2200.161 0
2200.268 0
2200.374 0
2200.481 0
2200.587 0
2200.694 0
2200.800 1
2200.907 2
2201.014 3
2201.120 4
2201.227 4
2201.333 4
2201.440 4
2201.546 3
2201.653 3
2201.759 3
2201.866 3
2201.973 0
2202.079 0
2202.186 0
2202.292 0
2202.399 0
2202.506 0
2202.612 0
2202.719 0
2202.825 1
2202.932 1
2203.039 1
2203.145 1
2203.252 0
2203.358 0
2203.465 1
2203.572 2
2203.678 3
2203.785 4
2203.891 8
2203.998 6
2204.105 4
2204.211 2
2204.318 0
2204.425 1
2204.531 1
2204.638 1
2204.745 1
2204.851 0
2204.958 2
2205.065 2
2205.171 2
2205.278 2
2205.385 0
2205.491 0
2205.598 0
2205.705 0
2205.811 0
2205.918 1
2206.025 1
2206.131 1
2206.238 1
2206.345 1
2206.451 2
2206.558 4
2206.665 8
2206.771 8
2206.878 8
2206.985 7
2207.091 5
2207.198 4
2207.305 3
2207.412 2
2207.518 1
2207.625 2
2207.732 2
2207.838 2
2207.945 2
2208.052 1
2208.159 1
2208.265 1
2208.372 0
2208.479 1
2208.586 1
2208.692 1
2208.799 1
2208.906 0
2209.013 0
2209.119 0
2209.226 0
2209.333 0
2209.440 0
2209.546 0
2209.653 0
2209.760 0
2209.867 0
2209.973 0
2210.080 0
2210.187 0
2210.294 0
2210.401 0
2210.507 0
2210.614 0
2210.721 0
2210.828 1
2210.935 1
2211.041 1
2211.148 1
2211.255 0
2211.362 0
2211.469 0
2211.575 0
2211.682 0
2211.789 0
2211.896 1
2212.003 2
2212.110 3
2212.216 5
2212.323 4
2212.430 3
2212.537 2
2212.644 0
2212.751 0
2212.857 1
2212.964 2
2213.071 2
2213.178 2
2213.285 1
2213.392 0
2213.499 0
2213.605 0
2213.712 0
2213.819 0
2213.926 0
2214.033 0
2214.140 0
2214.247 1
2214.354 1
2214.460 1
2214.567 1
2214.674 0
2214.781 0
2214.888 1
2214.995 1
2215.102 1
2215.209 1
2215.316 0
2215.423 0
2215.529 1
2215.636 2
2215.743 2
2215.850 2
2215.957 1
2216.064 0
2216.171 0
2216.278 0
2216.385 0
2216.492 0
2216.599 0
2216.706 0
2216.813 0
2216.920 1
2217.026 1
2217.133 1
2217.240 3
2217.347 5
2217.454 5
2217.561 6
2217.668 4
2217.775 5
2217.882 5
2217.989 4
2218.096 4
2218.203 0
2218.310 0
2218.417 0
2218.524 0
2218.631 0
2218.738 1
2218.845 1
2218.952 2
2219.059 2
2219.166 1
2219.273 1
2219.380 0
2219.487 0
2219.594 0
2219.701 0
2219.808 0
2219.915 0
2220.022 0
2220.129 0
2220.236 0
2220.343 1
2220.450 1
2220.557 1
2220.664 1
2220.771 0
2220.878 0
2220.985 0
2221.093 0
2221.200 0
2221.307 0
2221.414 0
2221.521 0
2221.628 0
2221.735 0
2221.842 0
2221.949 0
2222.056 0
2222.163 0
2222.270 0
2222.377 0
2222.484 1
2222.591 1
2222.699 1
2222.806 1
2222.913 1
2223.020 1
2223.127 3
2223.234 4
2223.341 3
2223.448 3
2223.555 1
2223.662 0
2223.770 2
2223.877 2
2223.984 2
2224.091 2
2224.198 2
2224.305 2
2224.412 2
2224.519 2
2224.627 5
2224.734 5
2224.841 5
2224.948 6
2225.055 5
2225.162 4
2225.269 3
2225.377 1
2225.484 2
2225.591 5
2225.698 8
2225.805 13
2225.912 13
2226.020 12
2226.127 11
2226.234 10
2226.341 7
2226.448 7
2226.555 7
2226.663 5
2226.770 6
2226.877 7
2226.984 8
2227.091 9
2227.199 13
2227.306 11
2227.413 9
2227.520 7
2227.627 4
2227.735 4
2227.842 4
2227.949 4
2228.056 5
2228.164 5
2228.271 4
2228.378 3
2228.485 5
2228.592 4
2228.700 3
2228.807 2
2228.914 1
2229.021 0
2229.129 0
2229.236 0
2229.343 1
2229.450 1
2229.558 1
2229.665 1
2229.772 0
2229.879 1
2229.987 2
2230.094 3
2230.201 4
2230.309 4
2230.416 4
2230.523 5
2230.630 3
2230.738 3
2230.845 3
2230.952 2
2231.060 0
2231.167 0
2231.274 0
2231.381 0
2231.489 0
2231.596 0
2231.703 0
2231.811 0
2231.918 0
2232.025 0
2232.133 0
2232.240 2
2232.347 2
2232.455 2
2232.562 2
2232.669 0
2232.777 0
2232.884 0
2232.991 0
2233.099 0
2233.206 0
2233.313 3
2233.421 3
2233.528 3
2233.635 4
2233.743 2
2233.850 2
2233.957 2
2234.065 5
2234.172 4
2234.280 5
2234.387 5
2234.494 7
2234.602 7
2234.709 5
2234.817 4
2234.924 1
2235.031 0
2235.139 0
2235.246 0
2235.353 3
2235.461 3
2235.568 3
2235.676 3
2235.783 4
2235.891 4
2235.998 4
2236.105 4
2236.213 2
2236.320 2
2236.428 2
2236.535 2
2236.642 5
2236.750 5
2236.857 4
2236.965 3
2237.072 1
2237.180 1
2237.287 1
2237.395 1
2237.502 1
2237.609 0
2237.717 0
2237.824 0
2237.932 0
2238.039 0
2238.147 0
2238.254 1
2238.362 1
2238.469 1
2238.577 1
2238.684 0
2238.792 0
2238.899 1
2239.007 1
2239.114 1
2239.222 1
2239.329 0
2239.437 0
2239.544 0
2239.652 0
2239.759 0
2239.867 0
2239.974 1
2240.082 1
2240.189 1
2240.297 1
2240.404 0
2240.512 0
2240.619 0
2240.727 0
2240.834 0
2240.942 0
2241.049 1
2241.157 2
2241.264 3
2241.372 3
2241.480 2
2241.587 1
2241.695 0
2241.802 0
2241.910 0
2242.017 0
2242.125 0
2242.232 0
2242.340 0
2242.448 0
2242.555 0
2242.663 1
2242.770 1
2242.878 1
2242.986 1
2243.093 0
2243.201 0
2243.308 0
2243.416 0
2243.524 0
2243.631 0
2243.739 0
2243.846 0
2243.954 0
2244.062 0
2244.169 0
2244.277 0
2244.384 0
2244.492 0
2244.600 0
2244.707 0
2244.815 1
2244.923 2
2245.030 3
2245.138 4
2245.245 4
2245.353 4
2245.461 4
2245.568 4
2245.676 1
2245.784 2
2245.891 3
2245.999 4
2246.107 6
2246.214 5
2246.322 4
2246.430 3
2246.537 0
2246.645 1
2246.753 1
2246.860 1
2246.968 1
2247.076 0
2247.183 0
2247.291 0
2247.399 0
2247.507 0
2247.614 0
2247.722 0
2247.830 0
2247.937 0
2248.045 0
2248.153 0
2248.260 0
2248.368 1
2248.476 1
2248.584 1
2248.691 1
2248.799 0
2248.907 0
2249.015 1
2249.122 1
2249.230 2
2249.338 3
2249.446 4
2249.553 5
2249.661 5
2249.769 5
2249.877 4
2249.984 2
2250.092 2
2250.200 2
2250.308 2
2250.415 0
2250.523 0
2250.631 1
2250.739 1
2250.846 2
2250.954 3
2251.062 2
2251.170 2
2251.278 2
2251.385 1
2251.493 1
2251.601 1
2251.709 1
2251.817 1
2251.924 1
2252.032 2
2252.140 2
2252.248 2
2252.356 2
2252.463 1
2252.571 0
2252.679 0
2252.787 1
2252.895 1
2253.003 2
2253.110 2
2253.218 1
2253.326 1
2253.434 0
2253.542 0
2253.650 0
2253.757 1
2253.865 1
2253.973 1
2254.081 1
2254.189 1
2254.297 1
2254.405 1
2254.512 1
2254.620 0
2254.728 0
2254.836 0
2254.944 0
2255.052 0
2255.160 0
2255.268 0
2255.375 0
2255.483 0
2255.591 0
2255.699 0
2255.807 0
2255.915 2
2256.023 2
2256.131 2
2256.239 3
2256.347 2
2256.455 3
2256.562 3
2256.670 2
2256.778 2
2256.886 1
2256.994 1
2257.102 1
2257.210 0
2257.318 0
2257.426 0
2257.534 0
2257.642 0
2257.750 0
2257.858 0
2257.966 1
2258.074 1
2258.182 1
2258.289 1
2258.397 0
2258.505 0
2258.613 0
2258.721 2
2258.829 4
2258.937 6
2259.045 10
2259.153 10
2259.261 10
2259.369 11
2259.477 11
2259.585 9
2259.693 7
2259.801 4
2259.909 1
2260.017 3
2260.125 3
2260.233 3
2260.341 2
2260.449 0
2260.557 1
2260.665 1
2260.773 1
2260.881 1
2260.989 0
2261.097 1
2261.205 4
2261.313 4
2261.421 4
2261.529 3
2261.638 3
2261.746 3
2261.854 3
2261.962 4
2262.070 7
2262.178 6
2262.286 5
2262.394 4
2262.502 1
2262.610 1
2262.718 1
2262.826 0
2262.934 2
2263.042 2
2263.150 2
2263.258 2
2263.367 0
2263.475 0
2263.583 0
2263.691 0
2263.799 1
2263.907 2
2264.015 2
2264.123 2
2264.231 1
2264.339 0
2264.448 0
2264.556 0
2264.664 0
2264.772 0
2264.880 0
2264.988 0
2265.096 1
2265.204 1
2265.312 1
2265.421 1
2265.529 0
2265.637 0
2265.745 0
2265.853 0
2265.961 0
2266.069 0
2266.178 0
2266.286 1
2266.394 1
2266.502 1
2266.610 1
2266.718 0
2266.827 0
2266.935 0
2267.043 0
2267.151 0
2267.259 1
2267.367 1
2267.476 1
2267.584 2
2267.692 3
2267.800 3
2267.908 6
2268.017 5
2268.125 5
2268.233 5
2268.341 2
2268.449 2
2268.558 0
2268.666 0
2268.774 0
2268.882 0
2268.991 0
2269.099 0
2269.207 0
2269.315 0
2269.423 2
2269.532 3
2269.640 4
2269.748 5
2269.856 6
2269.965 5
2270.073 4
2270.181 3
2270.289 0
2270.398 0
2270.506 0
2270.614 2
2270.722 3
2270.831 4
2270.939 6
2271.047 4
2271.155 3
2271.264 2
2271.372 1
2271.480 1
2271.589 1
2271.697 1
2271.805 0
2271.913 0
2272.022 0
2272.130 0
2272.238 0
2272.347 0
2272.455 1
2272.563 1
2272.672 1
2272.780 2
2272.888 3
2272.997 3
2273.105 3
2273.213 2
2273.321 1
2273.430 1
2273.538 1
2273.646 1
2273.755 0
2273.863 1
2273.971 1
2274.080 1
2274.188 1
2274.297 0
2274.405 0
2274.513 0
2274.622 2
2274.730 2
2274.838 2
2274.947 2
2275.055 0
2275.163 0
2275.272 0
2275.380 1
2275.489 1
2275.597 2
2275.705 2
2275.814 1
2275.922 2
2276.030 1
2276.139 1
2276.247 2
2276.356 1
2276.464 2
2276.572 3
2276.681 3
2276.789 4
2276.898 4
2277.006 4
2277.115 4
2277.223 3
2277.331 3
2277.440 3
2277.548 3
2277.657 5
2277.765 5
2277.874 5
2277.982 5
2278.090 5
2278.199 4
2278.307 3
2278.416 2
2278.524 0
2278.633 0
2278.741 0
2278.850 1
2278.958 4
2279.067 4
2279.175 4
2279.283 3
2279.392 2
2279.500 2
2279.609 2
2279.717 2
2279.826 4
2279.934 4
2280.043 4
2280.151 4
2280.260 3
2280.368 3
2280.477 3
2280.585 3
2280.694 0
2280.802 0
2280.911 0
2281.019 0
2281.128 0
2281.236 0
2281.345 0
2281.453 0
2281.562 0
2281.670 0
2281.779 0
2281.888 0
2281.996 0
2282.105 0
2282.213 2
2282.322 2
2282.430 2
2282.539 2
2282.647 0
2282.756 0
2282.864 1
2282.973 1
2283.082 1
2283.190 2
2283.299 1
2283.407 1
2283.516 1
2283.624 0
2283.733 0
2283.842 0
2283.950 0
2284.059 0
2284.167 0
2284.276 0
2284.385 0
2284.493 0
2284.602 3
2284.710 3
2284.819 3
2284.928 3
2285.036 2
2285.145 3
2285.253 3
2285.362 4
2285.471 2
2285.579 1
2285.688 2
2285.797 1
2285.905 1
2286.014 1
2286.122 0
2286.231 0
2286.340 0
2286.448 0
2286.557 0
2286.666 0
2286.774 1
2286.883 2
2286.992 3
2287.100 4
2287.209 5
2287.318 4
2287.426 3
2287.535 2
2287.644 0
2287.752 0
2287.861 0
2287.970 0
2288.078 0
2288.187 0
2288.296 0
2288.404 0
2288.513 0
2288.622 0
2288.730 0
2288.839 1
2288.948 1
2289.057 1
2289.165 1
2289.274 0
2289.383 0
2289.491 0
2289.600 0
2289.709 0
2289.818 0
2289.926 0
2290.035 0
2290.144 0
2290.253 0
2290.361 0
2290.470 0
2290.579 0
2290.688 1
2290.796 1
2290.905 2
2291.014 2
2291.123 1
2291.231 1
2291.340 0
2291.449 0
2291.558 1
2291.666 2
2291.775 2
2291.884 2
2291.993 4
2292.101 3
2292.210 4
2292.319 4
2292.428 2
2292.537 3
2292.645 3
2292.754 4
2292.863 5
2292.972 4
2293.081 4
2293.189 3
2293.298 1
2293.407 1
2293.516 0
2293.625 0
2293.734 3
2293.842 4
2293.951 4
2294.060 4
2294.169 2
2294.278 1
2294.386 1
2294.495 1
2294.604 1
2294.713 1
2294.822 1
2294.931 1
2295.040 1
2295.148 1
2295.257 1
2295.366 1
2295.475 0
2295.584 0
2295.693 0
2295.802 0
2295.910 0
2296.019 0
2296.128 0
2296.237 0
2296.346 0
2296.455 0
2296.564 0
2296.673 0
2296.782 0
2296.890 0
2296.999 0
2297.108 0
2297.217 2
2297.326 2
2297.435 3
2297.544 3
2297.653 4
2297.762 4
2297.871 3
2297.980 3
2298.089 0
2298.197 0
2298.306 0
2298.415 0
2298.524 0
2298.633 0
2298.742 1
2298.851 1
2298.960 1
2299.069 1
2299.178 0
2299.287 0
2299.396 0
2299.505 1
2299.614 1
2299.723 1
2299.832 1
2299.941 0
2300.050 1
2300.159 1
2300.268 1
2300.377 1
2300.486 1
2300.595 1
2300.704 1
2300.813 1
2300.922 0
2301.031 0
2301.140 0
2301.249 1
2301.358 3
2301.467 4
2301.576 7
2301.685 7
2301.794 6
2301.903 9
2302.012 6
2302.121 6
2302.230 6
2302.339 3
2302.448 0
2302.557 1
2302.666 2
2302.775 3
2302.884 5
2302.993 5
2303.102 5
2303.211 5
2303.320 2
2303.429 3
2303.538 3
2303.647 3
2303.756 1
2303.865 0
2303.974 0
2304.084 0
2304.193 1
2304.302 1
2304.411 1
2304.520 1
2304.629 0
2304.738 0
2304.847 4
2304.956 4
2305.065 4
2305.174 4
2305.283 5
2305.393 4
2305.502 3
2305.611 3
2305.720 3
2305.829 4
2305.938 5
2306.047 6
2306.156 5
2306.265 5
2306.375 7
2306.484 6
2306.593 6
2306.702 6
2306.811 5
2306.920 5
2307.029 5
2307.139 5
2307.248 5
2307.357 5
2307.466 5
2307.575 5
2307.684 4
2307.793 4
2307.903 4
2308.012 4
2308.121 1
2308.230 4
2308.339 6
2308.449 8
2308.558 10
2308.667 11
2308.776 13
2308.885 15
2308.994 18
2309.104 17
2309.213 16
2309.322 15
2309.431 11
2309.540 10
2309.650 9
2309.759 8
2309.868 7
2309.977 6
2310.086 6
2310.196 5
2310.305 3
2310.414 3
2310.523 2
2310.633 2
2310.742 1
2310.851 1
2310.960 1
2311.070 1
2311.179 3
2311.288 3
2311.397 3
2311.507 3
2311.616 0
2311.725 0
2311.834 0
2311.944 0
2312.053 0
2312.162 0
2312.271 2
2312.381 2
2312.490 2
2312.599 3
2312.708 2
2312.818 3
2312.927 5
2313.036 4
2313.146 3
2313.255 2
2313.364 0
2313.473 0
2313.583 0
2313.692 0
2313.801 0
2313.911 0
2314.020 0
2314.129 0
2314.239 1
2314.348 1
2314.457 1
2314.567 1
2314.676 0
2314.785 0
2314.895 1
2315.004 1
2315.113 1
2315.223 1
2315.332 0
2315.441 0
2315.551 0
2315.660 0
2315.769 0
2315.879 0
2315.988 2
2316.097 4
2316.207 4
2316.316 4
2316.426 2
2316.535 0
2316.644 0
2316.754 0
2316.863 0
2316.972 0
2317.082 0
2317.191 0
2317.301 0
2317.410 0
2317.519 0
2317.629 0
2317.738 3
2317.848 3
2317.957 3
2318.066 3
2318.176 0
2318.285 0
2318.395 0
2318.504 0
2318.613 0
2318.723 0
2318.832 1
2318.942 1
2319.051 1
2319.161 1
2319.270 0
2319.379 1
2319.489 1
2319.598 1
2319.708 1
2319.817 1
2319.927 1
2320.036 2
2320.146 2
2320.255 1
2320.365 1
2320.474 0
2320.583 0
2320.693 0
2320.802 0
2320.912 0
2321.021 0
2321.131 0
2321.240 0
2321.350 0
2321.459 1
2321.569 1
2321.678 1
2321.788 1
2321.897 0
2322.007 0
2322.116 0
2322.226 1
2322.335 2
2322.445 2
2322.554 3
2322.664 2
2322.773 2
2322.883 2
2322.992 1
2323.102 1
2323.212 0
2323.321 0
2323.431 0
2323.540 0
2323.650 1
2323.759 1
2323.869 1
2323.978 1
2324.088 0
2324.197 0
2324.307 0
2324.417 0
2324.526 0
2324.636 1
2324.745 1
2324.855 1
2324.964 1
2325.074 0
2325.184 0
2325.293 0
2325.403 0
2325.512 0
2325.622 0
2325.731 0
2325.841 0
2325.951 0
2326.060 0
2326.170 0
2326.279 0
2326.389 0
2326.499 0
2326.608 0
2326.718 0
2326.828 0
2326.937 0
2327.047 0
2327.156 0
2327.266 0
2327.376 0
2327.485 0
2327.595 0
2327.705 0
2327.814 0
2327.924 0
2328.034 0
2328.143 0
2328.253 0
2328.363 0
2328.472 0
2328.582 0
2328.691 0
2328.801 0
2328.911 0
2329.020 0
2329.130 0
2329.240 0
2329.350 0
2329.459 0
2329.569 0
2329.679 0
2329.788 0
2329.898 0
2330.008 0
2330.117 0
2330.227 0
2330.337 0
2330.446 0
2330.556 0
2330.666 0
2330.776 0
2330.885 0
2330.995 0
2331.105 0
2331.214 1
2331.324 1
2331.434 1
2331.544 1
2331.653 0
2331.763 0
2331.873 1
2331.983 1
2332.092 1
2332.202 1
2332.312 0
2332.422 0
2332.531 0
2332.641 0
2332.751 0
2332.861 0
2332.970 0
2333.080 0
2333.190 0
2333.300 2
2333.410 2
2333.519 2
2333.629 2
2333.739 0
2333.849 0
2333.958 0
2334.068 0
2334.178 0
2334.288 0
2334.398 0
2334.507 0
2334.617 0
2334.727 0
2334.837 0
2334.947 0
2335.057 2
2335.166 3
2335.276 4
2335.386 5
2335.496 4
2335.606 3
2335.715 3
2335.825 3
2335.935 3
2336.045 4
2336.155 5
2336.265 5
2336.375 5
2336.484 5
2336.594 2
2336.704 2
2336.814 2
2336.924 2
2337.034 0
2337.144 0
2337.253 1
2337.363 1
2337.473 1
2337.583 2
2337.693 3
2337.803 3
2337.913 3
2338.023 2
2338.132 0
2338.242 0
2338.352 0
2338.462 0
2338.572 0
2338.682 0
2338.792 0
2338.902 2
2339.012 2
2339.122 2
2339.231 4
2339.341 2
2339.451 5
2339.561 5
2339.671 7
2339.781 6
2339.891 4
2340.001 3
2340.111 2
2340.221 2
2340.331 0
2340.441 0
2340.551 0
2340.661 0
2340.771 0
2340.881 0
2340.991 0
2341.100 0
2341.210 0
2341.320 0
2341.430 1
2341.540 1
2341.650 1
2341.760 1
2341.870 1
2341.980 1
2342.090 1
2342.200 1
2342.310 0
2342.420 0
2342.530 0
2342.640 1
2342.750 1
2342.860 1
2342.970 2
2343.080 1
2343.190 1
2343.300 1
2343.410 0
2343.520 0
2343.630 0
2343.740 0
2343.850 0
2343.960 0
2344.070 0
2344.180 1
2344.291 2
2344.401 2
2344.511 2
2344.621 1
2344.731 0
2344.841 0
2344.951 0
2345.061 0
2345.171 0
2345.281 0
2345.391 0
2345.501 0
2345.611 0
2345.721 0
2345.831 0
2345.941 0
2346.051 0
2346.162 0
2346.272 1
2346.382 1
2346.492 2
2346.602 3
2346.712 2
2346.822 2
2346.932 1
2347.042 1
2347.152 1
2347.263 1
2347.373 1
2347.483 0
2347.593 0
2347.703 0
2347.813 0
2347.923 0
2348.033 2
2348.144 2
2348.254 2
2348.364 3
2348.474 2
2348.584 2
2348.694 2
2348.804 1
2348.915 0
2349.025 0
2349.135 0
2349.245 1
2349.355 1
2349.465 1
2349.575 1
2349.686 1
2349.796 1
2349.906 1
2350.016 1
2350.126 0
2350.236 0
2350.347 0
2350.457 0
2350.567 0
2350.677 0
2350.787 0
2350.898 0
2351.008 0
2351.118 0
2351.228 0
2351.338 0
2351.449 0
2351.559 0
2351.669 0
2351.779 0
2351.890 1
2352.000 1
2352.110 1
2352.220 1
2352.330 0
2352.441 0
2352.551 0
2352.661 0
2352.771 0
2352.882 1
2352.992 3
2353.102 5
2353.212 7
2353.323 10
2353.433 8
2353.543 6
2353.653 5
2353.764 2
2353.874 2
2353.984 2
2354.094 1
2354.205 0
2354.315 0
2354.425 0
2354.536 0
2354.646 1
2354.756 2
2354.866 3
2354.977 4
2355.087 5
2355.197 4
2355.308 3
2355.418 2
2355.528 0
2355.639 0
2355.749 0
2355.859 0
2355.970 0
2356.080 1
2356.190 2
2356.300 3
2356.411 4
2356.521 4
2356.631 4
2356.742 4
2356.852 4
2356.962 3
2357.073 2
2357.183 1
2357.294 0
2357.404 1
2357.514 1
2357.625 1
2357.735 1
2357.845 0
2357.956 0
2358.066 0
2358.176 1
2358.287 1
2358.397 1
2358.508 1
2358.618 1
2358.728 1
2358.839 1
2358.949 1
2359.059 0
2359.170 0
2359.280 0
2359.391 0
2359.501 0
2359.611 1
2359.722 1
2359.832 1
2359.943 1
2360.053 0
2360.164 0
2360.274 0
2360.384 0
2360.495 0
2360.605 1
2360.716 1
2360.826 1
2360.937 1
2361.047 1
2361.157 2
2361.268 2
2361.378 2
2361.489 1
2361.599 0
2361.710 0
2361.820 0
2361.931 0
2362.041 0
2362.152 0
2362.262 0
2362.372 0
2362.483 0
2362.593 0
2362.704 0
2362.814 0
2362.925 0
2363.035 0
2363.146 0
2363.256 1
2363.367 1
2363.477 1
2363.588 2
2363.698 1
2363.809 1
2363.919 1
2364.030 1
2364.140 1
2364.251 1
2364.361 1
2364.472 1
2364.582 1
2364.693 1
2364.803 1
2364.914 0
2365.025 0
2365.135 0
2365.246 0
2365.356 0
2365.467 0
2365.577 0
2365.688 0
2365.798 1
2365.909 2
2366.019 2
2366.130 2
2366.241 1
2366.351 0
2366.462 0
2366.572 0
2366.683 0
2366.793 0
2366.904 0
2367.015 0
2367.125 0
2367.236 0
2367.346 0
2367.457 0
2367.568 0
2367.678 0
2367.789 0
2367.899 0
2368.010 0
2368.121 0
2368.231 1
2368.342 1
2368.452 1
2368.563 1
2368.674 0
2368.784 0
2368.895 0
2369.005 0
2369.116 0
2369.227 0
2369.337 0
2369.448 0
2369.559 0
2369.669 1
2369.780 1
2369.891 1
2370.001 1
2370.112 3
2370.223 3
2370.333 3
2370.444 3
2370.555 0
2370.665 2
2370.776 3
2370.887 4
2370.997 5
2371.108 4
2371.219 4
2371.329 4
2371.440 4
2371.551 3
2371.661 2
2371.772 1
2371.883 0
2371.993 0
2372.104 0
2372.215 0
2372.326 0
2372.436 0
2372.547 0
2372.658 0
2372.768 0
2372.879 0
2372.990 0
2373.101 0
2373.211 0
2373.322 0
2373.433 0
2373.544 0
2373.654 0
2373.765 0
2373.876 0
2373.987 0
2374.097 0
2374.208 0
2374.319 0
2374.430 1
2374.540 2
2374.651 2
2374.762 2
2374.873 1
2374.983 0
2375.094 2
2375.205 3
2375.316 3
2375.426 3
2375.537 1
2375.648 0
2375.759 0
2375.870 0
2375.980 0
2376.091 0
2376.202 0
2376.313 0
2376.424 0
2376.534 0
2376.645 0
2376.756 0
2376.867 0
2376.978 1
2377.089 1
2377.199 1
2377.310 4
2377.421 6
2377.532 8
2377.643 13
2377.753 10
2377.864 7
2377.975 5
2378.086 2
2378.197 2
2378.308 2
2378.419 2
2378.529 2
2378.640 2
2378.751 2
2378.862 4
2378.973 5
2379.084 5
2379.195 6
2379.305 4
2379.416 1
2379.527 1
2379.638 1
2379.749 1
2379.860 1
2379.971 1
2380.082 0
2380.193 1
2380.303 3
2380.414 4
2380.525 5
2380.636 5
2380.747 8
2380.858 8
2380.969 5
2381.080 6
2381.191 6
2381.302 5
2381.413 4
2381.524 3
2381.634 2
2381.745 2
2381.856 1
2381.967 0
2382.078 0
2382.189 0
2382.300 0
2382.411 0
2382.522 0
2382.633 0
2382.744 0
2382.855 0
2382.966 0
2383.077 0
2383.188 0
2383.299 0
2383.410 0
2383.521 0
2383.632 0
2383.743 0
2383.854 0
2383.965 0
2384.076 0
2384.187 0
2384.298 0
2384.409 0
2384.520 0
2384.631 0
2384.742 0
2384.853 0
2384.964 0
2385.075 0
2385.186 0
2385.297 1
2385.408 2
2385.519 2
2385.630 2
2385.741 1
2385.852 0
2385.963 0
2386.074 0
2386.185 0
2386.296 0
2386.407 0
2386.518 1
2386.629 1
2386.740 1
2386.851 1
2386.962 3
2387.073 3
2387.184 3
2387.295 4
2387.406 2
2387.517 2
2387.629 2
2387.740 2
2387.851 1
2387.962 1
2388.073 1
2388.184 0
2388.295 0
2388.406 0
2388.517 2
2388.628 2
2388.739 2
2388.851 3
2388.962 3
2389.073 4
2389.184 7
2389.295 8
2389.406 7
2389.517 7
2389.628 3
2389.739 2
2389.851 2
2389.962 2
2390.073 0
2390.184 0
2390.295 0
2390.406 0
2390.517 0
2390.628 0
2390.740 0
2390.851 0
2390.962 0
2391.073 0
2391.184 0
2391.295 0
2391.407 0
2391.518 0
2391.629 0
2391.740 0
2391.851 0
2391.962 0
2392.074 0
2392.185 1
2392.296 1
2392.407 1
2392.518 1
2392.629 0
2392.741 0
2392.852 0
2392.963 0
2393.074 0
2393.185 0
2393.297 0
2393.408 0
2393.519 0
2393.630 0
2393.742 1
2393.853 2
2393.964 3
2394.075 6
2394.186 5
2394.298 4
2394.409 4
2394.520 3
2394.631 3
2394.743 4
2394.854 3
2394.965 2
2395.076 2
2395.188 1
2395.299 1
2395.410 0
2395.521 1
2395.633 2
2395.744 3
2395.855 5
2395.966 4
2396.078 4
2396.189 3
2396.300 1
2396.412 1
2396.523 0
2396.634 0
2396.745 0
2396.857 0
2396.968 0
2397.079 0
2397.191 0
2397.302 0
2397.413 0
2397.524 0
2397.636 0
2397.747 0
2397.858 1
2397.970 1
2398.081 1
2398.192 1
2398.304 1
2398.415 1
2398.526 1
2398.638 2
2398.749 1
2398.860 1
2398.972 2
2399.083 1
2399.194 1
2399.306 1
2399.417 0
2399.528 0
2399.640 0
2399.751 0
2399.863 2
2399.974 2
2400.085 2
2400.197 2
2400.308 0
2400.419 0
2400.531 0
2400.642 0
2400.754 0
2400.865 0
2400.976 0
2401.088 0
2401.199 3
2401.310 5
2401.422 7
2401.533 9
2401.645 14
2401.756 12
2401.867 10
2401.979 8
2402.090 3
2402.202 3
2402.313 3
2402.425 3
2402.536 6
2402.647 7
2402.759 8
2402.870 9
2402.982 11
2403.093 9
2403.205 8
2403.316 6
2403.427 2
2403.539 3
2403.650 2
2403.762 2
2403.873 4
2403.985 4
2404.096 4
2404.208 4
2404.319 9
2404.431 14
2404.542 20
2404.654 26
2404.765 33
2404.877 29
2404.988 25
2405.100 21
2405.211 15
2405.322 12
2405.434 9
2405.545 7
2405.657 2
2405.768 2
2405.880 2
2405.991 1
2406.103 1
2406.215 2
2406.326 2
2406.438 2
2406.549 1
2406.661 0
2406.772 0
2406.884 0
2406.995 0
2407.107 1
2407.218 2
2407.330 4
2407.441 5
2407.553 5
2407.664 5
2407.776 4
2407.888 1
2407.999 2
2408.111 2
2408.222 2
2408.334 1
2408.445 0
2408.557 0
2408.668 0
2408.780 0
2408.892 0
2409.003 1
2409.115 1
2409.226 1
2409.338 1
2409.450 0
2409.561 0
2409.673 0
2409.784 0
2409.896 0
2410.007 0
2410.119 0
2410.231 0
2410.342 0
2410.454 0
2410.566 0
2410.677 0
2410.789 0
2410.900 0
2411.012 0
2411.124 0
2411.235 0
2411.347 0
2411.459 0
2411.570 0
2411.682 0
2411.793 0
2411.905 0
2412.017 0
2412.128 0
2412.240 0
2412.352 0
2412.463 0
2412.575 0
2412.687 0
2412.798 0
2412.910 0
2413.022 0
2413.133 0
2413.245 0
2413.357 0
2413.468 0
2413.580 0
2413.692 0
2413.804 0
2413.915 0
2414.027 0
2414.139 0
2414.250 0
2414.362 0
2414.474 1
2414.585 1
2414.697 1
2414.809 1
2414.921 0
2415.032 0
2415.144 0
2415.256 0
2415.367 0
2415.479 0
2415.591 1
2415.703 1
2415.814 1
2415.926 1
2416.038 0
2416.150 0
2416.261 0
2416.373 0
2416.485 0
2416.597 0
2416.708 0
2416.820 0
2416.932 1
2417.044 2
2417.155 3
2417.267 6
2417.379 5
2417.491 5
2417.603 4
2417.714 1
2417.826 1
2417.938 0
2418.050 0
2418.162 1
2418.273 1
2418.385 1
2418.497 1
2418.609 0
2418.721 0
2418.832 0
2418.944 0
2419.056 1
2419.168 2
2419.280 2
2419.391 2
2419.503 1
2419.615 0
2419.727 1
2419.839 1
2419.951 1
2420.062 1
2420.174 0
2420.286 0
2420.398 0
2420.510 0
2420.622 0
2420.734 0
2420.845 2
2420.957 2
2421.069 2
2421.181 2
2421.293 2
2421.405 2
2421.517 2
2421.628 2
2421.740 0
2421.852 0
2421.964 0
2422.076 0
2422.188 1
2422.300 1
2422.412 2
2422.524 2
2422.635 1
2422.747 1
2422.859 2
2422.971 2
2423.083 2
2423.195 2
2423.307 4
2423.419 4
2423.531 4
2423.643 4
2423.755 0
2423.867 0
2423.978 0
2424.090 1
2424.202 1
2424.314 1
2424.426 1
2424.538 0
2424.650 0
2424.762 0
2424.874 0
2424.986 0
2425.098 0
2425.210 0
2425.322 0
2425.434 0
2425.546 0
2425.658 1
2425.770 2
2425.882 2
2425.994 2
2426.106 1
2426.218 0
2426.330 0
2426.442 0
2426.554 0
2426.666 0
2426.778 0
2426.890 0
2427.002 0
2427.114 0
2427.226 0
2427.338 0
2427.450 0
2427.562 0
2427.674 0
2427.786 0
2427.898 0
2428.010 0
2428.122 0
2428.234 1
2428.346 1
2428.458 1
2428.570 1
2428.682 0
2428.794 0
2428.906 0
2429.018 2
2429.130 2
2429.242 2
2429.354 2
2429.466 3
2429.578 3
2429.691 3
2429.803 3
2429.915 0
2430.027 0
2430.139 0
2430.251 1
2430.363 1
2430.475 1
2430.587 1
2430.699 0
2430.811 0
2430.923 0
2431.036 0
2431.148 0
2431.260 1
2431.372 1
2431.484 1
2431.596 1
2431.708 2
2431.820 2
2431.932 3
2432.045 3
2432.157 1
2432.269 1
2432.381 1
2432.493 1
2432.605 1
2432.717 1
2432.829 0
2432.942 0
2433.054 0
2433.166 0
2433.278 0
2433.390 0
2433.502 0
2433.614 1
2433.727 1
2433.839 1
2433.951 1
2434.063 0
2434.175 0
2434.287 0
2434.400 0
2434.512 0
2434.624 0
2434.736 0
2434.848 0
2434.961 0
2435.073 0
2435.185 0
2435.297 0
2435.409 0
2435.522 0
2435.634 0
2435.746 1
2435.858 1
2435.970 1
2436.083 1
2436.195 0
2436.307 0
2436.419 0
2436.532 0
2436.644 0
2436.756 0
2436.868 0
2436.980 0
2437.093 0
2437.205 0
2437.317 0
2437.429 0
2437.542 0
2437.654 0
2437.766 0
2437.878 0
2437.991 0
2438.103 0
2438.215 0
2438.328 0
2438.440 0
2438.552 0
2438.664 0
2438.777 0
2438.889 0
2439.001 0
2439.113 0
2439.226 0
2439.338 0
2439.450 1
2439.563 2
2439.675 5
2439.787 6
2439.900 10
2440.012 9
2440.124 8
2440.237 7
2440.349 5
2440.461 5
2440.573 3
2440.686 4
2440.798 1
2440.910 1
2441.023 1
2441.135 0
2441.247 0
2441.360 1
2441.472 1
2441.584 1
2441.697 1
2441.809 0
2441.922 0
2442.034 0
2442.146 0
2442.259 0
2442.371 0
2442.483 0
2442.596 0
2442.708 0
2442.820 0
2442.933 0
2443.045 1
2443.158 1
2443.270 1
2443.382 2
2443.495 1
2443.607 1
2443.720 1
2443.832 0
2443.944 0
2444.057 0
2444.169 5
2444.282 5
2444.394 5
2444.506 5
2444.619 2
2444.731 2
2444.844 2
2444.956 2
2445.069 0
2445.181 0
2445.293 0
2445.406 0
2445.518 0
2445.631 1
2445.743 1
2445.856 1
2445.968 1
2446.080 0
2446.193 0
2446.305 0
2446.418 0
2446.530 0
2446.643 0
2446.755 1
2446.868 2
2446.980 2
2447.093 2
2447.205 1
2447.318 0
2447.430 1
2447.543 1
2447.655 1
2447.768 1
2447.880 1
2447.993 1
2448.105 1
2448.218 1
2448.330 0
2448.443 0
2448.555 0
2448.668 0
2448.780 0
2448.893 0
2449.005 0
2449.118 1
2449.230 2
2449.343 3
2449.455 5
2449.568 6
2449.680 5
2449.793 4
2449.905 2
2450.018 0
2450.130 1
2450.243 1
2450.356 1
2450.468 1
2450.581 3
2450.693 3
2450.806 3
2450.918 3
2451.031 1
2451.144 1
2451.256 1
2451.369 1
2451.481 0
2451.594 0
2451.706 0
2451.819 0
2451.932 0
2452.044 0
2452.157 0
2452.269 0
2452.382 1
2452.495 1
2452.607 1
2452.720 1
2452.832 0
2452.945 0
2453.058 0
2453.170 1
2453.283 2
2453.395 2
2453.508 2
2453.621 2
2453.733 1
2453.846 1
2453.959 1
2454.071 1
2454.184 1
2454.297 1
2454.409 1
2454.522 0
2454.635 0
2454.747 1
2454.860 1
2454.972 3
2455.085 4
2455.198 4
2455.310 5
2455.423 7
2455.536 6
2455.649 5
2455.761 4
2455.874 1
2455.987 1
2456.099 1
2456.212 2
2456.325 2
2456.437 3
2456.550 4
2456.663 4
2456.775 7
2456.888 6
2457.001 5
2457.114 4
2457.226 1
2457.339 1
2457.452 1
2457.564 1
2457.677 0
2457.790 2
2457.903 2
2458.015 2
2458.128 2
2458.241 0
2458.354 0
2458.466 0
2458.579 1
2458.692 1
2458.804 1
2458.917 1
2459.030 1
2459.143 1
2459.256 1
2459.368 1
2459.481 2
2459.594 2
2459.707 2
2459.819 2
2459.932 5
2460.045 6
2460.158 6
2460.270 6
2460.383 5
2460.496 4
2460.609 4
2460.722 5
2460.834 2
2460.947 2
2461.060 2
2461.173 1
2461.286 0
2461.398 0
2461.511 0
2461.624 0
2461.737 0
2461.850 0
2461.963 0
2462.075 0
2462.188 1
2462.301 1
2462.414 1
2462.527 1
2462.640 0
2462.752 0
2462.865 0
2462.978 0
2463.091 3
2463.204 4
2463.317 5
2463.430 5
2463.542 2
2463.655 1
2463.768 1
2463.881 1
2463.994 1
2464.107 1
2464.220 0
2464.332 0
2464.445 1
2464.558 1
2464.671 1
2464.784 1
2464.897 0
2465.010 1
2465.123 1
2465.236 1
2465.348 1
2465.461 0
2465.574 0
2465.687 0
2465.800 0
2465.913 0
2466.026 0
2466.139 0
2466.252 0
2466.365 0
2466.478 0
2466.591 0
2466.704 1
2466.816 1
2466.929 1
2467.042 1
2467.155 0
2467.268 0
2467.381 0
2467.494 1
2467.607 1
2467.720 1
2467.833 1
2467.946 1
2468.059 1
2468.172 1
2468.285 3
2468.398 2
2468.511 2
2468.624 2
2468.737 0
2468.850 0
2468.963 1
2469.076 1
2469.189 2
2469.302 2
2469.415 1
2469.528 1
2469.641 0
2469.754 0
2469.867 0
2469.980 0
2470.093 0
2470.206 0
2470.319 0
2470.432 0
2470.545 0
2470.658 0
2470.771 0
2470.884 0
2470.997 0
2471.110 0
2471.223 1
2471.336 4
2471.449 5
2471.562 6
2471.675 7
2471.788 4
2471.901 3
2472.014 2
2472.127 1
2472.241 1
2472.354 1
2472.467 2
2472.580 1
2472.693 1
2472.806 1
2472.919 0
2473.032 0
2473.145 0
2473.258 0
2473.371 0
2473.484 0
2473.598 1
2473.711 2
2473.824 2
2473.937 2
2474.050 1
2474.163 4
2474.276 3
2474.389 2
2474.502 2
2474.616 2
2474.729 3
2474.842 5
2474.955 5
2475.068 6
2475.181 6
2475.294 6
2475.407 6
2475.521 5
2475.634 5
2475.747 3
2475.860 3
2475.973 3
2476.086 3
2476.199 0
2476.313 0
2476.426 0
2476.539 0
2476.652 0
2476.765 0
2476.878 0
2476.992 0
2477.105 0
2477.218 2
2477.331 5
2477.444 7
2477.558 12
2477.671 10
2477.784 7
2477.897 5
2478.010 3
2478.124 3
2478.237 3
2478.350 3
2478.463 0
2478.576 1
2478.690 1
2478.803 1
2478.916 1
2479.029 1
2479.142 2
2479.256 3
2479.369 5
2479.482 5
2479.595 5
2479.709 5
2479.822 3
2479.935 3
2480.048 3
2480.162 4
2480.275 2
2480.388 2
2480.501 2
2480.615 1
2480.728 4
2480.841 3
2480.954 2
2481.068 1
2481.181 0
2481.294 0
2481.408 0
2481.521 0
2481.634 0
2481.747 0
2481.861 1
2481.974 1
2482.087 1
2482.201 1
2482.314 0
2482.427 0
2482.540 0
2482.654 1
2482.767 1
2482.880 1
2482.994 1
2483.107 0
2483.220 0
2483.334 0
2483.447 0
2483.560 0
2483.674 0
2483.787 0
2483.900 2
2484.014 2
2484.127 2
2484.240 3
2484.354 1
2484.467 1
2484.580 1
2484.694 0
2484.807 0
2484.920 0
2485.034 0
2485.147 0
2485.261 0
2485.374 0
2485.487 0
2485.601 0
2485.714 0
2485.827 1
2485.941 1
2486.054 1
2486.168 1
2486.281 0
2486.394 0
2486.508 0
2486.621 0
2486.735 0
2486.848 0
2486.961 0
2487.075 1
2487.188 1
2487.302 1
2487.415 1
2487.528 0
2487.642 0
2487.755 0
2487.869 0
2487.982 0
2488.096 0
2488.209 0
2488.322 0
2488.436 0
2488.549 0
2488.663 0
2488.776 0
2488.890 1
2489.003 1
2489.117 1
2489.230 1
2489.344 0
2489.457 0
2489.570 0
2489.684 0
2489.797 0
2489.911 0
2490.024 0
2490.138 1
2490.251 1
2490.365 1
2490.478 1
2490.592 0
2490.705 1
2490.819 1
2490.932 1
2491.046 2
2491.159 1
2491.273 1
2491.386 1
2491.500 0
2491.613 0
2491.727 0
2491.840 1
2491.954 1
2492.067 2
2492.181 3
2492.294 2
2492.408 2
2492.522 2
2492.635 1
2492.749 1
2492.862 1
2492.976 1
2493.089 1
2493.203 1
2493.316 1
2493.430 0
2493.543 0
2493.657 0
2493.771 0
2493.884 0
2493.998 0
2494.111 0
2494.225 1
2494.338 1
2494.452 1
2494.566 1
2494.679 1
2494.793 1
2494.906 1
2495.020 1
2495.134 0
2495.247 0
2495.361 0
2495.474 0
2495.588 1
2495.702 1
2495.815 1
2495.929 1
2496.042 0
2496.156 0
2496.270 0
2496.383 0
2496.497 1
2496.611 1
2496.724 1
2496.838 1
2496.952 0
2497.065 1
2497.179 1
2497.292 1
2497.406 1
2497.520 0
2497.633 0
2497.747 0
2497.861 0
2497.974 0
2498.088 0
2498.202 0
2498.315 0
2498.429 0
2498.543 0
2498.656 0
2498.770 0
2498.884 1
2498.997 2
2499.111 2
2499.225 4
2499.339 7
2499.452 7
2499.566 8
2499.680 8
2499.793 9
2499.907 8
2500.021 7
2500.134 5
2500.248 3
2500.362 3
2500.476 3
2500.589 3
2500.703 3
2500.817 3
2500.931 3
2501.044 3
2501.158 2
2501.272 2
2501.386 2
2501.499 3
2501.613 4
2501.727 4
2501.841 4
2501.954 3
2502.068 1
2502.182 1
2502.296 2
2502.409 2
2502.523 1
2502.637 1
2502.751 0
2502.864 0
2502.978 0
2503.092 0
2503.206 0
2503.320 0
2503.433 0
2503.547 1
2503.661 1
2503.775 1
2503.889 1
2504.002 0
2504.116 0
2504.230 0
2504.344 2
2504.458 4
2504.571 6
2504.685 8
2504.799 10
2504.913 10
2505.027 10
2505.140 10
2505.254 8
2505.368 7
2505.482 6
2505.596 6
2505.710 1
2505.824 1
2505.937 1
2506.051 1
2506.165 1
2506.279 1
2506.393 1
2506.507 0
2506.621 1
2506.734 1
2506.848 1
2506.962 1
2507.076 0
2507.190 1
2507.304 1
2507.418 1
2507.532 1
2507.645 0
2507.759 0
2507.873 0
2507.987 0
2508.101 0
2508.215 0
2508.329 0
2508.443 0
2508.557 0
2508.671 0
2508.784 0
2508.898 0
2509.012 0
2509.126 0
2509.240 0
2509.354 0
2509.468 0
2509.582 1
2509.696 2
2509.810 4
2509.924 4
2510.038 3
2510.152 2
2510.266 0
2510.380 0
2510.493 0
2510.607 0
2510.721 0
2510.835 0
2510.949 0
2511.063 0
2511.177 0
2511.291 0
2511.405 0
2511.519 0
2511.633 0
2511.747 1
2511.861 2
2511.975 3
2512.089 4
2512.203 4
2512.317 3
2512.431 2
2512.545 1
2512.659 1
2512.773 1
2512.887 2
2513.001 3
2513.115 2
2513.229 2
2513.343 1
2513.457 1
2513.571 1
2513.685 1
2513.799 1
2513.913 5
2514.027 6
2514.141 7
2514.255 8
2514.369 10
2514.484 9
2514.598 7
2514.712 5
2514.826 2
2514.940 1
2515.054 1
2515.168 1
2515.282 0
2515.396 0
2515.510 1
2515.624 1
2515.738 1
2515.852 1
2515.966 0
2516.080 0
2516.195 0
2516.309 1
2516.423 1
2516.537 1
2516.651 2
2516.765 1
2516.879 1
2516.993 1
2517.107 0
2517.221 0
2517.336 0
2517.450 0
2517.564 0
2517.678 1
2517.792 2
2517.906 3
2518.020 5
2518.134 5
2518.249 5
2518.363 5
2518.477 8
2518.591 7
2518.705 6
2518.819 6
2518.933 2
2519.048 4
2519.162 4
2519.276 3
2519.390 2
2519.504 0
2519.618 0
2519.733 0
2519.847 0
2519.961 1
2520.075 1
2520.189 1
2520.303 1
2520.418 0
2520.532 1
2520.646 1
2520.760 1
2520.874 1
2520.989 0
2521.103 1
2521.217 1
2521.331 1
2521.445 1
2521.560 0
2521.674 0
2521.788 1
2521.902 2
2522.016 3
2522.131 4
2522.245 3
2522.359 2
2522.473 1
2522.588 0
2522.702 0
2522.816 1
2522.930 1
2523.045 1
2523.159 2
2523.273 1
2523.387 1
2523.502 4
2523.616 3
2523.730 3
2523.844 3
2523.959 5
2524.073 4
2524.187 3
2524.301 2
2524.416 0
2524.530 0
2524.644 1
2524.759 1
2524.873 1
2524.987 1
2525.101 0
2525.216 0
2525.330 1
2525.444 2
2525.559 3
2525.673 4
2525.787 7
2525.901 7
2526.016 6
2526.130 5
2526.244 1
2526.359 0
2526.473 0
2526.587 0
2526.702 0
2526.816 0
2526.930 1
2527.045 1
2527.159 1
2527.273 1
2527.388 1
2527.502 1
2527.616 1
2527.731 1
2527.845 0
2527.960 0
2528.074 0
2528.188 0
2528.303 0
2528.417 0
2528.531 0
2528.646 0
2528.760 0
2528.874 0
2528.989 0
2529.103 0
2529.218 0
2529.332 0
2529.446 0
2529.561 0
2529.675 1
2529.790 1
2529.904 2
2530.018 3
2530.133 2
2530.247 2
2530.362 2
2530.476 1
2530.590 1
2530.705 1
2530.819 1
2530.934 1
2531.048 1
2531.163 1
2531.277 0
2531.391 0
2531.506 0
2531.620 0
2531.735 0
2531.849 0
2531.964 0
2532.078 1
2532.193 2
2532.307 2
2532.422 2
2532.536 1
2532.650 0
2532.765 0
2532.879 0
2532.994 0
2533.108 0
2533.223 0
2533.337 0
2533.452 0
2533.566 1
2533.681 1
2533.795 1
2533.910 1
2534.024 3
2534.139 3
2534.253 3
2534.368 3
2534.482 0
2534.597 0
2534.711 0
2534.826 0
2534.940 1
2535.055 1
2535.169 1
2535.284 1
2535.398 0
2535.513 0
2535.628 0
2535.742 0
2535.857 0
2535.971 0
2536.086 0
2536.200 0
2536.315 0
2536.429 0
2536.544 0
2536.658 1
2536.773 1
2536.888 1
2537.002 2
2537.117 1
2537.231 1
2537.346 1
2537.460 0
2537.575 0
2537.690 0
2537.804 0
2537.919 0
2538.033 0
2538.148 0
2538.263 0
2538.377 0
2538.492 0
2538.606 0
2538.721 0
2538.836 0
2538.950 0
2539.065 0
2539.179 0
2539.294 0
2539.409 0
2539.523 0
2539.638 1
2539.753 1
2539.867 1
2539.982 2
2540.096 2
2540.211 2
2540.326 2
2540.440 1
2540.555 1
2540.670 2
2540.784 2
2540.899 2
2541.014 1
2541.128 0
2541.243 0
2541.358 0
2541.472 0
2541.587 0
2541.702 0
2541.816 0
2541.931 0
2542.046 0
2542.160 0
2542.275 0
2542.390 1
2542.504 1
2542.619 1
2542.734 2
2542.849 1
2542.963 1
2543.078 1
2543.193 3
2543.307 3
2543.422 3
2543.537 3
2543.652 3
2543.766 4
2543.881 4
2543.996 4
2544.110 1
2544.225 0
2544.340 0
2544.455 0
2544.569 0
2544.684 0
2544.799 0
2544.914 0
2545.028 0
2545.143 0
2545.258 0
2545.373 0
2545.487 0
2545.602 0
2545.717 0
2545.832 1
2545.947 1
2546.061 1
2546.176 1
2546.291 0
2546.406 1
2546.520 1
2546.635 1
2546.750 2
2546.865 1
2546.980 1
2547.094 1
2547.209 0
2547.324 0
2547.439 0
2547.554 0
2547.668 0
2547.783 1
2547.898 2
2548.013 3
2548.128 4
2548.243 8
2548.357 7
2548.472 6
2548.587 5
2548.702 1
2548.817 1
2548.932 2
2549.046 3
2549.161 2
2549.276 3
2549.391 3
2549.506 3
2549.621 4
2549.735 5
2549.850 6
2549.965 7
2550.080 10
2550.195 9
2550.310 8
2550.425 7
2550.540 5
2550.654 4
2550.769 3
2550.884 2
2550.999 0
2551.114 1
2551.229 1
2551.344 1
2551.459 1
2551.574 0
2551.689 0
2551.803 0
2551.918 1
2552.033 1
2552.148 1
2552.263 1
2552.378 0
2552.493 0
2552.608 0
2552.723 0
2552.838 0
2552.953 0
2553.068 0
2553.183 0
2553.297 0
2553.412 1
2553.527 1
2553.642 1
2553.757 1
2553.872 1
2553.987 2
2554.102 3
2554.217 6
2554.332 5
2554.447 4
2554.562 3
2554.677 1
2554.792 1
2554.907 1
2555.022 1
2555.137 0
2555.252 0
2555.367 0
2555.482 0
2555.597 0
2555.712 0
2555.827 0
2555.942 0
2556.057 0
2556.172 0
2556.287 0
2556.402 0
2556.517 0
2556.632 0
2556.747 0
2556.862 0
2556.977 1
2557.092 2
2557.207 3
2557.322 4
2557.437 6
2557.552 5
2557.667 4
2557.782 3
2557.897 1
2558.012 1
2558.127 1
2558.242 1
2558.358 0
2558.473 0
2558.588 0
2558.703 0
2558.818 0
2558.933 0
2559.048 0
2559.163 0
2559.278 0
2559.393 1
2559.508 1
2559.623 1
2559.738 1
2559.854 0
2559.969 0
2560.084 0
2560.199 0
2560.314 1
2560.429 1
2560.544 1
2560.659 1
2560.774 0
2560.889 1
2561.005 1
2561.120 1
2561.235 1
2561.350 0
2561.465 0
2561.580 0
2561.695 0
2561.811 0
2561.926 0
2562.041 0
2562.156 0
2562.271 0
2562.386 0
2562.501 0
2562.617 0
2562.732 0
2562.847 0
2562.962 0
2563.077 0
2563.192 0
2563.308 0
2563.423 2
2563.538 2
2563.653 2
2563.768 2
2563.883 3
2563.999 3
2564.114 3
2564.229 3
2564.344 0
2564.459 0
2564.575 0
2564.690 0
2564.805 0
2564.920 0
2565.035 2
2565.151 2
2565.266 2
2565.381 2
2565.496 0
2565.612 0
2565.727 0
2565.842 0
2565.957 0
2566.072 0
2566.188 0
2566.303 0
2566.418 0
2566.533 0
2566.649 0
2566.764 0
2566.879 0
2566.994 0
2567.110 0
2567.225 0
2567.340 0
2567.455 0
2567.571 0
2567.686 0
2567.801 0
2567.917 0
2568.032 3
2568.147 3
2568.262 3
2568.378 3
2568.493 2
2568.608 3
2568.724 4
2568.839 5
2568.954 4
2569.069 4
2569.185 4
2569.300 5
2569.415 3
2569.531 3
2569.646 3
2569.761 2
2569.877 2
2569.992 2
2570.107 2
2570.223 2
2570.338 0
2570.453 0
2570.569 0
2570.684 0
2570.799 0
2570.915 0
2571.030 0
2571.145 0
2571.261 2
2571.376 2
2571.491 2
2571.607 2
2571.722 0
2571.838 0
2571.953 0
2572.068 0
2572.184 0
2572.299 0
2572.414 0
2572.530 0
2572.645 0
2572.761 0
2572.876 0
2572.991 0
2573.107 0
2573.222 0
2573.338 0
2573.453 1
2573.568 1
2573.684 1
2573.799 1
2573.915 0
2574.030 1
2574.145 1
2574.261 1
2574.376 1
2574.492 0
2574.607 0
2574.723 0
2574.838 1
2574.954 1
2575.069 1
2575.184 1
2575.300 0
2575.415 0
2575.531 0
2575.646 0
2575.762 0
2575.877 0
2575.993 0
2576.108 0
2576.224 1
2576.339 1
2576.454 1
2576.570 1
2576.685 0
2576.801 0
2576.916 0
2577.032 1
2577.147 1
2577.263 2
2577.378 2
2577.494 1
2577.609 1
2577.725 0
2577.840 0
2577.956 0
2578.071 0
2578.187 0
2578.302 1
2578.418 1
2578.533 1
2578.649 1
2578.764 0
2578.880 0
2578.996 0
2579.111 0
2579.227 0
2579.342 0
2579.458 0
2579.573 0
2579.689 0
2579.804 0
2579.920 0
2580.035 0
2580.151 0
2580.267 1
2580.382 1
2580.498 1
2580.613 1
2580.729 0
2580.844 0
2580.960 0
2581.076 0
2581.191 0
2581.307 0
2581.422 0
2581.538 0
2581.653 0
2581.769 0
2581.885 0
2582.000 0
2582.116 0
2582.231 0
2582.347 0
2582.463 0
2582.578 0
2582.694 0
2582.810 0
2582.925 0
2583.041 0
2583.156 1
2583.272 1
2583.388 1
2583.503 1
2583.619 0
2583.735 0
2583.850 0
2583.966 0
2584.082 0
2584.197 0
2584.313 0
2584.428 0
2584.544 0
2584.660 0
2584.775 0
2584.891 0
2585.007 0
2585.122 0
2585.238 0
2585.354 0
2585.470 0
2585.585 0
2585.701 0
2585.817 0
2585.932 0
2586.048 0
2586.164 0
2586.279 0
2586.395 0
2586.511 0
2586.626 0
2586.742 0
2586.858 0
2586.974 0
2587.089 0
2587.205 0
2587.321 0
2587.436 1
2587.552 1
2587.668 1
2587.784 1
2587.899 0
2588.015 0
2588.131 0
2588.247 0
2588.362 1
2588.478 1
2588.594 1
2588.710 1
2588.825 1
2588.941 1
2589.057 1
2589.173 1
2589.288 0
2589.404 0
2589.520 0
2589.636 1
2589.752 1
2589.867 1
2589.983 2
2590.099 2
2590.215 2
2590.330 2
2590.446 1
2590.562 0
2590.678 0
2590.794 0
2590.909 0
2591.025 0
2591.141 1
2591.257 1
2591.373 1
2591.488 1
2591.604 0
2591.720 1
2591.836 1
2591.952 1
2592.068 1
2592.183 0
2592.299 0
2592.415 0
2592.531 0
2592.647 0
2592.763 0
2592.879 0
2592.994 0
2593.110 0
2593.226 0
2593.342 0
2593.458 1
2593.574 1
2593.690 1
2593.805 1
2593.921 0
2594.037 0
2594.153 0
2594.269 0
2594.385 0
2594.501 0
2594.617 0
2594.732 0
2594.848 0
2594.964 0
2595.080 0
2595.196 0
2595.312 0
2595.428 0
2595.544 0
2595.660 0
2595.776 0
2595.891 0
2596.007 0
2596.123 0
2596.239 0
2596.355 0
2596.471 0
2596.587 0
2596.703 0
2596.819 0
2596.935 0
2597.051 0
2597.167 0
2597.283 0
2597.399 0
2597.515 0
2597.631 0
2597.747 0
2597.862 1
2597.978 1
2598.094 1
2598.210 1
2598.326 0
2598.442 1
2598.558 1
2598.674 1
2598.790 1
2598.906 1
2599.022 1
2599.138 1
2599.254 1
2599.370 0
2599.486 0
2599.602 1
2599.718 1
2599.834 1
2599.950 1
2600.066 1
2600.182 1
2600.298 1
2600.414 3
2600.530 2
2600.646 2
2600.762 3
2600.878 2
2600.994 2
2601.111 2
2601.227 1
2601.343 0
2601.459 0
2601.575 0
2601.691 0
2601.807 0
2601.923 0
2602.039 1
2602.155 1
2602.271 1
2602.387 1
2602.503 0
2602.619 0
2602.735 0
2602.851 2
2602.967 2
2603.084 2
2603.200 2
2603.316 0
2603.432 0
2603.548 0
2603.664 0
2603.780 0
2603.896 0
2604.012 0
2604.128 0
2604.245 1
2604.361 2
2604.477 3
2604.593 6
2604.709 6
2604.825 7
2604.941 9
2605.057 12
2605.173 10
2605.290 7
2605.406 3
2605.522 0
2605.638 0
2605.754 0
2605.870 1
2605.986 1
2606.103 1
2606.219 1
2606.335 0
2606.451 0
2606.567 0
2606.683 0
2606.800 0
2606.916 0
2607.032 1
2607.148 3
2607.264 4
2607.380 5
2607.497 5
2607.613 6
2607.729 5
2607.845 4
2607.961 3
2608.078 0
2608.194 0
2608.310 0
2608.426 0
2608.542 0
2608.659 1
2608.775 1
2608.891 1
2609.007 1
2609.123 1
2609.240 1
2609.356 2
2609.472 2
2609.588 1
2609.705 2
2609.821 1
2609.937 1
2610.053 1
2610.170 1
2610.286 1
2610.402 1
2610.518 1
2610.635 0
2610.751 0
2610.867 0
2610.983 0
2611.100 0
2611.216 0
2611.332 0
2611.448 0
2611.565 2
2611.681 2
2611.797 2
2611.913 2
2612.030 1
2612.146 1
2612.262 1
2612.379 1
2612.495 0
2612.611 0
2612.728 0
2612.844 0
2612.960 0
2613.076 0
2613.193 0
2613.309 0
2613.425 0
2613.542 0
2613.658 0
2613.774 0
2613.891 0
2614.007 0
2614.123 0
2614.240 0
2614.356 1
2614.472 2
2614.589 3
2614.705 4
2614.821 5
2614.938 5
2615.054 5
2615.170 5
2615.287 2
2615.403 2
2615.520 2
2615.636 2
2615.752 0
2615.869 0
2615.985 1
2616.101 1
2616.218 1
2616.334 1
2616.451 0
2616.567 0
2616.683 0
2616.800 0
2616.916 0
2617.033 0
2617.149 0
2617.265 0
2617.382 0
2617.498 0
2617.615 0
2617.731 0
2617.847 0
2617.964 0
2618.080 0
2618.197 0
2618.313 0
2618.430 0
2618.546 0
2618.662 1
2618.779 2
2618.895 3
2619.012 5
2619.128 6
2619.245 6
2619.361 6
2619.477 3
2619.594 2
2619.710 2
2619.827 2
2619.943 3
2620.060 3
2620.176 3
2620.293 3
2620.409 0
2620.526 0
2620.642 0
2620.759 0
2620.875 0
2620.992 0
2621.108 0
2621.225 0
2621.341 0
2621.458 0
2621.574 0
2621.691 0
2621.807 0
2621.924 0
2622.040 0
2622.157 0
2622.273 0
2622.390 0
2622.506 0
2622.623 0
2622.739 0
2622.856 0
2622.972 0
2623.089 0
2623.205 0
2623.322 1
2623.439 1
2623.555 1
2623.672 1
2623.788 0
2623.905 0
2624.021 0
2624.138 0
2624.254 0
2624.371 0
2624.488 0
2624.604 0
2624.721 1
2624.837 2
2624.954 3
2625.070 6
2625.187 6
2625.304 6
2625.420 6
2625.537 6
2625.653 5
2625.770 4
2625.887 3
2626.003 0
2626.120 0
2626.236 0
2626.353 1
2626.470 1
2626.586 1
2626.703 1
2626.819 0
2626.936 0
2627.053 0
2627.169 0
2627.286 0
2627.403 0
2627.519 0
2627.636 0
2627.753 0
2627.869 0
2627.986 0
2628.102 0
2628.219 0
2628.336 0
2628.452 0
2628.569 0
2628.686 0
2628.802 0
2628.919 0
2629.036 0
2629.152 0
2629.269 0
2629.386 0
2629.502 0
2629.619 0
2629.736 0
2629.853 2
2629.969 4
2630.086 6
2630.203 9
2630.319 8
2630.436 7
2630.553 6
2630.669 3
2630.786 4
2630.903 4
2631.020 4
2631.136 1
2631.253 0
2631.370 0
2631.486 0
2631.603 0
2631.720 0
2631.837 0
2631.953 0
2632.070 0
2632.187 0
2632.304 0
2632.420 0
2632.537 0
2632.654 0
2632.771 0
2632.887 1
2633.004 1
2633.121 1
2633.238 1
2633.354 0
2633.471 0
2633.588 0
2633.705 0
2633.822 0
2633.938 0
2634.055 0
2634.172 0
2634.289 0
2634.405 2
2634.522 2
2634.639 2
2634.756 2
2634.873 0
2634.989 0
2635.106 1
2635.223 1
2635.340 1
2635.457 1
2635.574 0
2635.690 0
2635.807 0
2635.924 0
2636.041 2
2636.158 3
2636.275 3
2636.391 3
2636.508 1
2636.625 0
2636.742 0
2636.859 0
2636.976 0
2637.092 0
2637.209 0
2637.326 1
2637.443 1
2637.560 1
2637.677 1
2637.794 1
2637.911 1
2638.027 1
2638.144 1
2638.261 0
2638.378 0
2638.495 0
2638.612 0
2638.729 0
2638.846 0
2638.962 0
2639.079 3
2639.196 3
2639.313 3
2639.430 3
2639.547 0
2639.664 0
2639.781 0
2639.898 0
2640.015 0
2640.132 0
2640.249 0
2640.365 0
2640.482 0
2640.599 0
2640.716 0
2640.833 0
2640.950 0
2641.067 0
2641.184 0
2641.301 0
2641.418 0
2641.535 0
2641.652 0
2641.769 0
2641.886 0
2642.003 0
2642.120 0
2642.237 0
2642.354 0
2642.471 0
2642.588 0
2642.705 0
2642.822 0
2642.939 0
2643.056 0
2643.172 0
2643.289 0
2643.406 1
2643.523 1
2643.640 1
2643.757 2
2643.874 2
2643.992 2
2644.109 2
2644.226 1
2644.343 0
2644.460 0
2644.577 0
2644.694 0
2644.811 1
2644.928 1
2645.045 1
2645.162 1
2645.279 0
2645.396 0
2645.513 0
2645.630 0
2645.747 1
2645.864 1
2645.981 1
2646.098 1
2646.215 0
2646.332 0
2646.449 0
2646.566 0
2646.683 0
2646.801 0
2646.918 0
2647.035 0
2647.152 0
2647.269 0
2647.386 0
2647.503 0
2647.620 0
2647.737 2
2647.854 2
2647.971 2
2648.089 3
2648.206 1
2648.323 1
2648.440 1
2648.557 0
2648.674 0
2648.791 0
2648.908 0
2649.025 1
2649.143 2
2649.260 3
2649.377 4
2649.494 4
2649.611 4
2649.728 4
2649.845 3
2649.963 3
2650.080 3
2650.197 3
2650.314 4
2650.431 4
2650.548 3
2650.665 3
2650.783 2
2650.900 1
2651.017 1
2651.134 0
2651.251 0
2651.368 0
2651.486 1
2651.603 2
2651.720 3
2651.837 4
2651.954 4
2652.072 4
2652.189 4
2652.306 5
2652.423 4
2652.540 3
2652.658 2
2652.775 0
2652.892 0
2653.009 0
2653.126 0
2653.244 0
2653.361 0
2653.478 0
2653.595 0
2653.713 0
2653.830 0
2653.947 0
2654.064 0
2654.181 0
2654.299 0
2654.416 0
2654.533 0
2654.650 0
2654.768 0
2654.885 0
2655.002 0
2655.120 1
2655.237 1
2655.354 2
2655.471 2
2655.589 1
2655.706 1
2655.823 0
2655.940 0
2656.058 0
2656.175 0
2656.292 1
2656.410 1
2656.527 1
2656.644 1
2656.761 0
2656.879 0
2656.996 0
2657.113 0
2657.231 0
2657.348 0
2657.465 0
2657.583 0
2657.700 0
2657.817 0
2657.935 1
2658.052 1
2658.169 1
2658.287 1
2658.404 0
2658.521 0
2658.639 0
2658.756 0
2658.873 0
2658.991 0
2659.108 0
2659.225 0
2659.343 0
2659.460 0
2659.577 1
2659.695 1
2659.812 1
2659.929 1
2660.047 0
2660.164 0
2660.282 0
2660.399 0
2660.516 0
2660.634 0
2660.751 0
2660.869 1
2660.986 2
2661.103 3
2661.221 3
2661.338 2
2661.456 1
2661.573 0
2661.690 0
2661.808 0
2661.925 1
2662.043 1
2662.160 1
2662.277 1
2662.395 0
2662.512 0
2662.630 0
2662.747 1
2662.865 2
2662.982 3
2663.099 4
2663.217 4
2663.334 5
2663.452 5
2663.569 3
2663.687 3
2663.804 2
2663.922 2
2664.039 0
2664.157 0
2664.274 0
2664.392 0
2664.509 0
2664.626 0
2664.744 1
2664.861 1
2664.979 2
2665.096 2
2665.214 1
2665.331 1
2665.449 0
2665.566 0
2665.684 0
2665.801 0
2665.919 0
2666.036 0
2666.154 0
2666.271 0
2666.389 0
2666.506 0
2666.624 0
2666.741 0
2666.859 0
2666.977 0
2667.094 0
2667.212 0
2667.329 0
2667.447 0
2667.564 0
2667.682 0
2667.799 0
2667.917 0
2668.034 0
2668.152 0
2668.270 0
2668.387 0
2668.505 0
2668.622 0
2668.740 0
2668.857 1
2668.975 1
2669.092 1
2669.210 1
2669.328 0
2669.445 0
2669.563 0
2669.680 0
2669.798 0
2669.916 0
2670.033 0
2670.151 0
2670.268 0
2670.386 0
2670.504 0
2670.621 0
2670.739 0
2670.856 0
2670.974 0
2671.092 0
2671.209 0
2671.327 0
2671.445 0
2671.562 0
2671.680 0
2671.797 0
2671.915 0
2672.033 0
2672.150 0
2672.268 0
2672.386 1
2672.503 1
2672.621 1
2672.739 1
2672.856 0
2672.974 0
2673.092 0
2673.209 0
2673.327 0
2673.445 0
2673.562 0
2673.680 0
2673.798 0
2673.915 0
2674.033 0
2674.151 0
2674.268 0
2674.386 0
2674.504 0
2674.622 0
2674.739 0
2674.857 1
2674.975 1
2675.092 1
2675.210 1
2675.328 0
2675.446 0
2675.563 0
2675.681 1
2675.799 1
2675.916 1
2676.034 1
2676.152 2
2676.270 2
2676.387 2
2676.505 2
2676.623 0
2676.741 0
2676.858 0
2676.976 0
2677.094 0
2677.212 0
2677.329 0
2677.447 0
2677.565 0
2677.683 0
2677.800 0
2677.918 0
2678.036 2
2678.154 2
2678.272 2
2678.389 3
2678.507 1
2678.625 1
2678.743 1
2678.861 0
2678.978 0
2679.096 1
2679.214 1
2679.332 1
2679.450 1
2679.567 0
2679.685 0
2679.803 0
2679.921 0
2680.039 0
2680.156 0
2680.274 0
2680.392 0
2680.510 0
2680.628 0
2680.746 0
2680.863 1
2680.981 2
2681.099 2
2681.217 2
2681.335 2
2681.453 1
2681.571 1
2681.688 1
2681.806 0
2681.924 0
2682.042 0
2682.160 0
2682.278 0
2682.396 1
2682.514 1
2682.631 1
2682.749 1
2682.867 2
2682.985 4
2683.103 6
2683.221 8
2683.339 7
2683.457 6
2683.575 5
2683.692 1
2683.810 1
2683.928 1
2684.046 1
2684.164 0
2684.282 0
2684.400 0
2684.518 0
2684.636 0
2684.754 0
2684.872 0
2684.990 0
2685.108 0
2685.225 0
2685.343 1
2685.461 1
2685.579 1
2685.697 1
2685.815 0
2685.933 0
2686.051 0
2686.169 0
2686.287 0
2686.405 0
2686.523 0
2686.641 0
2686.759 0
2686.877 0
2686.995 0
2687.113 0
2687.231 0
2687.349 0
2687.467 0
2687.585 1
2687.703 2
2687.821 2
2687.939 2
2688.057 2
2688.175 2
2688.293 2
2688.411 2
2688.529 1
2688.647 0
2688.765 0
2688.883 0
2689.001 0
2689.119 0
2689.237 0
2689.355 0
2689.473 0
2689.591 0
2689.709 0
2689.827 0
2689.945 2
2690.063 5
2690.181 7
2690.299 10
2690.417 11
2690.535 12
2690.653 13
2690.772 14
2690.890 12
2691.008 9
2691.126 7
2691.244 5
2691.362 5
2691.480 5
2691.598 5
2691.716 6
2691.834 5
2691.952 4
2692.070 3
2692.189 1
2692.307 1
2692.425 1
2692.543 1
2692.661 0
2692.779 0
2692.897 0
2693.015 0
2693.133 0
2693.251 0
2693.370 0
2693.488 0
2693.606 1
2693.724 2
2693.842 3
2693.960 4
2694.078 6
2694.197 6
2694.315 6
2694.433 6
2694.551 8
2694.669 6
2694.787 5
2694.905 3
2695.024 1
2695.142 1
2695.260 1
2695.378 2
2695.496 2
2695.614 2
2695.733 1
2695.851 0
2695.969 0
2696.087 0
2696.205 0
2696.324 0
2696.442 0
2696.560 0
2696.678 0
2696.796 0
2696.914 0
2697.033 0
2697.151 1
2697.269 1
2697.387 1
2697.506 1
2697.624 0
2697.742 0
2697.860 0
2697.978 0
2698.097 0
2698.215 0
2698.333 0
2698.451 0
2698.570 0
2698.688 0
2698.806 0
2698.924 0
2699.043 0
2699.161 0
2699.279 0
2699.397 0
2699.516 0
2699.634 0
2699.752 0
2699.870 0
2699.989 0
2700.107 0
2700.225 2
2700.343 2
2700.462 2
2700.580 2
2700.698 2
2700.817 2
2700.935 2
2701.053 3
2701.171 1
2701.290 1
2701.408 1
2701.526 0
2701.645 1
2701.763 1
2701.881 1
2702.000 1
2702.118 0
2702.236 1
2702.355 2
2702.473 2
2702.591 3
2702.710 2
2702.828 1
2702.946 1
2703.065 0
2703.183 0
2703.301 0
2703.420 0
2703.538 0
2703.656 1
2703.775 3
2703.893 4
2704.011 5
2704.130 5
2704.248 3
2704.366 2
2704.485 1
2704.603 0
2704.722 1
2704.840 1
2704.958 1
2705.077 1
2705.195 0
2705.314 0
2705.432 0
2705.550 0
2705.669 0
2705.787 0
2705.906 0
2706.024 0
2706.142 0
2706.261 0
2706.379 0
2706.498 0
2706.616 0
2706.734 0
2706.853 1
2706.971 1
2707.090 1
2707.208 1
2707.327 0
2707.445 0
2707.563 0
2707.682 0
2707.800 0
2707.919 2
2708.037 4
2708.156 6
2708.274 8
2708.393 8
2708.511 8
2708.629 8
2708.748 5
2708.866 5
2708.985 4
2709.103 3
2709.222 1
2709.340 0
2709.459 0
2709.577 0
2709.696 1
2709.814 1
2709.933 1
2710.051 1
2710.170 0
2710.288 0
2710.407 0
2710.525 0
2710.644 0
2710.762 0
2710.881 0
2710.999 0
2711.118 0
2711.236 0
2711.355 0
2711.473 0
2711.592 1
2711.710 3
2711.829 4
2711.948 5
2712.066 11
2712.185 8
2712.303 6
2712.422 4
2712.540 0
2712.659 0
2712.777 0
2712.896 0
2713.014 0
2713.133 0
2713.252 0
2713.370 0
2713.489 0
2713.607 1
2713.726 1
2713.844 2
2713.963 2
2714.082 3
2714.200 5
2714.319 6
2714.437 9
2714.556 7
2714.675 8
2714.793 6
2714.912 4
2715.030 4
2715.149 3
2715.268 3
2715.386 2
2715.505 2
2715.623 0
2715.742 0
2715.861 0
2715.979 0
2716.098 0
2716.217 0
2716.335 0
2716.454 0
2716.573 0
2716.691 0
2716.810 0
2716.928 0
2717.047 0
2717.166 0
2717.284 0
2717.403 0
2717.522 1
2717.640 2
2717.759 2
2717.878 2
2717.996 1
2718.115 0
2718.234 0
2718.352 0
2718.471 0
2718.590 0
2718.709 0
2718.827 0
2718.946 0
2719.065 0
2719.183 1
2719.302 1
2719.421 1
2719.539 2
2719.658 1
2719.777 2
2719.896 6
2720.014 7
2720.133 10
2720.252 11
2720.370 9
2720.489 8
2720.608 4
2720.727 3
2720.845 2
2720.964 2
2721.083 0
2721.202 0
2721.320 0
2721.439 0
2721.558 0
2721.677 0
2721.795 0
2721.914 0
2722.033 0
2722.152 0
2722.270 2
2722.389 2
2722.508 2
2722.627 2
2722.745 0
2722.864 0
2722.983 0
2723.102 0
2723.221 0
2723.339 0
2723.458 1
2723.577 2
2723.696 3
2723.815 4
2723.933 4
2724.052 5
2724.171 5
2724.290 5
2724.409 3
2724.527 2
2724.646 2
2724.765 2
2724.884 0
2725.003 0
2725.122 0
2725.240 1
2725.359 1
2725.478 1
2725.597 1
2725.716 0
2725.835 0
2725.954 0
2726.072 0
2726.191 0
2726.310 0
2726.429 0
2726.548 0
2726.667 0
2726.786 0
2726.904 0
2727.023 0
2727.142 0
2727.261 0
2727.380 0
2727.499 0
2727.618 0
2727.737 0
2727.855 1
2727.974 1
2728.093 1
2728.212 1
2728.331 0
2728.450 0
2728.569 0
2728.688 0
2728.807 0
2728.926 0
2729.045 0
2729.163 0
2729.282 0
2729.401 2
2729.520 2
2729.639 2
2729.758 2
2729.877 0
2729.996 0
2730.115 2
2730.234 2
2730.353 2
2730.472 3
2730.591 1
2730.710 1
2730.829 1
2730.948 0
2731.067 0
2731.186 0
2731.304 0
2731.423 0
2731.542 0
2731.661 1
2731.780 1
2731.899 1
2732.018 2
2732.137 1
2732.256 1
2732.375 1
2732.494 0
2732.613 0
2732.732 0
2732.851 0
2732.970 0
2733.089 0
2733.208 0
2733.327 0
2733.446 0
2733.565 0
2733.684 0
2733.803 0
2733.922 0
2734.041 0
2734.161 0
2734.280 0
2734.399 0
2734.518 1
2734.637 2
2734.756 3
2734.875 4
2734.994 3
2735.113 2
2735.232 1
2735.351 0
2735.470 0
2735.589 0
2735.708 0
2735.827 0
2735.946 1
2736.065 1
2736.184 1
2736.304 1
2736.423 0
2736.542 0
2736.661 0
2736.780 0
2736.899 0
2737.018 0
2737.137 0
2737.256 0
2737.375 1
2737.495 1
2737.614 1
2737.733 1
2737.852 0
2737.971 0
2738.090 0
2738.209 0
2738.328 0
2738.447 0
2738.567 0
2738.686 0
2738.805 1
2738.924 1
2739.043 1
2739.162 1
2739.281 1
2739.401 1
2739.520 1
2739.639 2
2739.758 1
2739.877 1
2739.996 1
2740.116 0
2740.235 0
2740.354 0
2740.473 0
2740.592 3
2740.711 3
2740.831 3
2740.950 3
2741.069 0
2741.188 0
2741.307 0
2741.427 0
2741.546 0
2741.665 0
2741.784 0
2741.903 0
2742.023 0
2742.142 2
2742.261 3
2742.380 4
2742.499 5
2742.619 4
2742.738 4
2742.857 4
2742.976 5
2743.096 5
2743.215 4
2743.334 3
2743.453 1
2743.572 0
2743.692 0
2743.811 0
2743.930 0
2744.049 2
2744.169 3
2744.288 4
2744.407 6
2744.526 5
2744.646 4
2744.765 3
2744.884 2
2745.004 1
2745.123 1
2745.242 1
2745.361 2
2745.481 2
2745.600 2
2745.719 2
2745.839 0
2745.958 0
2746.077 0
2746.196 0
2746.316 0
2746.435 0
2746.554 0
2746.674 0
2746.793 1
2746.912 4
2747.032 4
2747.151 4
2747.270 3
2747.390 0
2747.509 0
2747.628 0
2747.748 0
2747.867 0
2747.986 0
2748.106 0
2748.225 0
2748.344 0
2748.464 0
2748.583 0
2748.702 0
2748.822 0
2748.941 0
2749.060 0
2749.180 0
2749.299 2
2749.419 2
2749.538 2
2749.657 2
2749.777 1
2749.896 2
2750.015 4
2750.135 6
2750.254 7
2750.374 8
2750.493 11
2750.612 7
2750.732 6
2750.851 5
2750.971 2
2751.090 4
2751.209 4
2751.329 4
2751.448 3
2751.568 0
2751.687 1
2751.807 1
2751.926 1
2752.045 1
2752.165 0
2752.284 0
2752.404 0
2752.523 0
2752.643 0
2752.762 0
2752.881 0
2753.001 0
2753.120 2
2753.240 3
2753.359 4
2753.479 7
2753.598 5
2753.718 4
2753.837 3
2753.957 2
2754.076 2
2754.196 2
2754.315 2
2754.435 0
2754.554 2
2754.674 2
2754.793 2
2754.912 2
2755.032 0
2755.151 0
2755.271 0
2755.390 0
2755.510 1
2755.630 1
2755.749 1
2755.869 1
2755.988 0
2756.108 0
2756.227 0
2756.347 1
2756.466 2
2756.586 2
2756.705 2
2756.825 2
2756.944 1
2757.064 1
2757.183 1
2757.303 3
2757.422 5
2757.542 6
2757.662 8
2757.781 9
2757.901 13
2758.020 11
2758.140 8
2758.259 3
2758.379 0
2758.499 0
2758.618 0
2758.738 2
2758.857 2
2758.977 2
2759.096 2
2759.216 1
2759.336 1
2759.455 1
2759.575 2
2759.694 3
2759.814 3
2759.934 3
2760.053 3
2760.173 1
2760.292 1
2760.412 1
2760.532 0
2760.651 0
2760.771 0
2760.891 0
2761.010 1
2761.130 2
2761.249 2
2761.369 2
2761.489 1
2761.608 1
2761.728 1
2761.848 1
2761.967 1
2762.087 0
2762.207 0
2762.326 0
2762.446 1
2762.566 1
2762.685 1
2762.805 1
2762.925 1
2763.044 1
2763.164 2
2763.284 3
2763.403 3
2763.523 4
2763.643 4
2763.762 4
2763.882 4
2764.002 2
2764.121 2
2764.241 2
2764.361 2
2764.481 4
2764.600 4
2764.720 6
2764.840 6
2764.959 8
2765.079 7
2765.199 4
2765.319 3
2765.438 0
2765.558 0
2765.678 0
2765.797 0
2765.917 1
2766.037 1
2766.157 1
2766.276 1
2766.396 0
2766.516 0
2766.636 0
2766.755 0
2766.875 0
2766.995 0
2767.115 0
2767.235 0
2767.354 0
2767.474 0
2767.594 0
2767.714 1
2767.833 1
2767.953 1
2768.073 1
2768.193 0
2768.313 0
2768.432 1
2768.552 2
2768.672 2
2768.792 2
2768.912 2
2769.031 1
2769.151 1
2769.271 1
2769.391 0
2769.511 0
2769.630 0
2769.750 0
2769.870 0
2769.990 0
2770.110 0
2770.230 0
2770.349 0
2770.469 0
2770.589 0
2770.709 0
2770.829 0
2770.949 0
2771.068 0
2771.188 1
2771.308 2
2771.428 4
2771.548 4
2771.668 3
2771.788 3
2771.907 4
2772.027 4
2772.147 4
2772.267 4
2772.387 2
2772.507 3
2772.627 4
2772.747 4
2772.867 4
2772.986 4
2773.106 2
2773.226 2
2773.346 2
2773.466 2
2773.586 0
2773.706 0
2773.826 0
2773.946 1
2774.066 1
2774.185 1
2774.305 1
2774.425 0
2774.545 0
2774.665 1
2774.785 2
2774.905 2
2775.025 2
2775.145 1
2775.265 0
2775.385 0
2775.505 2
2775.625 2
2775.745 2
2775.865 2
2775.985 0
2776.105 0
2776.225 0
2776.344 0
2776.464 0
2776.584 1
2776.704 1
2776.824 1
2776.944 1
2777.064 1
2777.184 1
2777.304 1
2777.424 1
2777.544 0
2777.664 0
2777.784 0
2777.904 0
2778.024 0
2778.144 0
2778.264 0
2778.384 0
2778.504 0
2778.624 0
2778.744 0
2778.864 0
2778.984 0
2779.104 0
2779.225 0
2779.345 1
2779.465 4
2779.585 5
2779.705 6
2779.825 7
2779.945 4
2780.065 3
2780.185 2
2780.305 0
2780.425 0
2780.545 1
2780.665 1
2780.785 1
2780.905 1
2781.025 0
2781.145 0
2781.265 0
2781.386 0
2781.506 0
2781.626 0
2781.746 0
2781.866 0
2781.986 0
2782.106 0
2782.226 1
2782.346 3
2782.466 5
2782.586 7
2782.707 10
2782.827 9
2782.947 8
2783.067 7
2783.187 2
2783.307 2
2783.427 2
2783.547 3
2783.668 1
2783.788 1
2783.908 1
2784.028 0
2784.148 0
2784.268 0
2784.388 0
2784.509 0
2784.629 1
2784.749 1
2784.869 2
2784.989 2
2785.109 1
2785.229 1
2785.350 0
2785.470 0
2785.590 0
2785.710 0
2785.830 0
2785.950 0
2786.071 0
2786.191 0
2786.311 0
2786.431 1
2786.551 1
2786.672 1
2786.792 1
2786.912 0
2787.032 0
2787.152 0
2787.273 1
2787.393 1
2787.513 1
2787.633 1
2787.754 1
2787.874 1
2787.994 1
2788.114 1
2788.234 0
2788.355 0
2788.475 0
2788.595 0
2788.715 0
2788.836 0
2788.956 0
2789.076 0
2789.196 0
2789.317 0
2789.437 0
2789.557 0
2789.677 0
2789.798 0
2789.918 1
2790.038 2
2790.158 2
2790.279 3
2790.399 4
2790.519 3
2790.640 3
2790.760 2
2790.880 1
2791.000 1
2791.121 1
2791.241 1
2791.361 0
2791.482 0
2791.602 0
2791.722 0
2791.843 0
2791.963 0
2792.083 0
2792.203 0
2792.324 0
2792.444 0
2792.564 0
2792.685 0
2792.805 2
2792.925 2
2793.046 2
2793.166 2
2793.286 2
2793.407 2
2793.527 2
2793.648 2
2793.768 1
2793.888 1
2794.009 1
2794.129 1
2794.249 0
2794.370 0
2794.490 0
2794.610 0
2794.731 0
2794.851 0
2794.972 0
2795.092 0
2795.212 0
2795.333 0
2795.453 0
2795.573 1
2795.694 1
2795.814 1
2795.935 1
2796.055 0
2796.175 2
2796.296 2
2796.416 2
2796.537 2
2796.657 0
2796.778 0
2796.898 0
2797.018 0
2797.139 0
2797.259 0
2797.380 1
2797.500 1
2797.621 1
2797.741 1
2797.861 0
2797.982 0
2798.102 0
2798.223 0
2798.343 0
2798.464 0
2798.584 0
2798.705 0
2798.825 0
2798.946 0
2799.066 0
2799.186 0
2799.307 0
2799.427 1
2799.548 1
2799.668 1
2799.789 1
2799.909 0
2800.030 0
2800.150 0
2800.271 0
2800.391 0
2800.512 0
2800.632 0
2800.753 0
2800.873 0
2800.994 0
2801.114 0
2801.235 0
2801.355 0
2801.476 1
2801.596 1
2801.717 1
2801.837 1
2801.958 3
2802.079 3
2802.199 3
2802.320 3
2802.440 2
2802.561 2
2802.681 3
2802.802 3
2802.922 4
2803.043 4
2803.163 4
2803.284 4
2803.405 1
2803.525 1
2803.646 0
2803.766 0
2803.887 0
2804.007 0
2804.128 0
2804.249 0
2804.369 0
2804.490 0
2804.610 1
2804.731 1
2804.852 1
2804.972 1
2805.093 0
2805.213 0
2805.334 0
2805.455 0
2805.575 0
2805.696 0
2805.816 0
2805.937 0
2806.058 0
2806.178 0
2806.299 0
2806.420 0
2806.540 0
2806.661 0
2806.781 0
2806.902 0
2807.023 0
2807.143 0
2807.264 0
2807.385 0
2807.505 0
2807.626 0
2807.747 0
2807.867 0
2807.988 0
2808.109 0
2808.229 0
2808.350 0
2808.471 0
2808.591 0
2808.712 0
2808.833 0
2808.953 0
2809.074 0
2809.195 0
2809.315 0
2809.436 0
2809.557 1
2809.678 1
2809.798 1
2809.919 1
2810.040 1
2810.160 1
2810.281 1
2810.402 1
2810.523 0
2810.643 0
2810.764 0
2810.885 0
2811.005 0
2811.126 0
2811.247 0
2811.368 0
2811.488 0
2811.609 1
2811.730 1
2811.851 1
2811.971 1
2812.092 0
2812.213 0
2812.334 0
2812.454 0
2812.575 2
2812.696 3
2812.817 3
2812.938 3
2813.058 3
2813.179 2
2813.300 2
2813.421 2
2813.541 0
2813.662 0
2813.783 0
2813.904 1
2814.025 2
2814.145 3
2814.266 4
2814.387 4
2814.508 7
2814.629 6
2814.749 6
2814.870 5
2814.991 2
2815.112 2
2815.233 1
2815.354 1
2815.474 0
2815.595 1
2815.716 1
2815.837 1
2815.958 4
2816.079 4
2816.199 4
2816.320 4
2816.441 1
2816.562 0
2816.683 0
2816.804 0
2816.925 0
2817.045 0
2817.166 0
2817.287 0
2817.408 0
2817.529 0
2817.650 0
2817.771 0
2817.892 0
2818.012 0
2818.133 0
2818.254 0
2818.375 0
2818.496 0
2818.617 0
2818.738 1
2818.859 1
2818.980 1
2819.101 1
2819.221 0
2819.342 0
2819.463 0
2819.584 0
2819.705 1
2819.826 1
2819.947 1
2820.068 1
2820.189 0
2820.310 0
2820.431 0
2820.552 0
2820.673 0
2820.794 0
2820.914 0
2821.035 0
2821.156 0
2821.277 1
2821.398 1
2821.519 1
2821.640 1
2821.761 0
2821.882 0
2822.003 0
2822.124 0
2822.245 0
2822.366 0
2822.487 0
2822.608 0
2822.729 0
2822.850 0
2822.971 0
2823.092 0
2823.213 0
2823.334 0
2823.455 0
2823.576 0
2823.697 0
2823.818 0
2823.939 0
2824.060 0
2824.181 0
2824.302 2
2824.423 2
2824.544 2
2824.665 2
2824.786 0
2824.907 0
2825.028 0
2825.149 0
2825.270 0
2825.391 0
2825.512 0
2825.634 0
2825.755 0
2825.876 0
2825.997 0
2826.118 0
2826.239 0
2826.360 0
2826.481 0
2826.602 0
2826.723 0
2826.844 0
2826.965 0
2827.086 0
2827.207 0
2827.329 0
2827.450 0
2827.571 0
2827.692 0
2827.813 0
2827.934 0
2828.055 0
2828.176 0
2828.297 0
2828.418 0
2828.540 0
2828.661 0
2828.782 0
2828.903 0
2829.024 0
2829.145 0
2829.266 0
2829.387 0
2829.509 0
2829.630 0
2829.751 0
2829.872 0
2829.993 0
2830.114 1
2830.235 2
2830.357 3
2830.478 4
2830.599 4
2830.720 4
2830.841 4
2830.962 5
2831.084 4
2831.205 3
2831.326 2
2831.447 0
2831.568 0
2831.689 0
2831.811 0
2831.932 0
2832.053 0
2832.174 0
2832.295 0
2832.417 0
2832.538 1
2832.659 2
2832.780 3
2832.901 5
2833.023 4
2833.144 3
2833.265 2
2833.386 1
2833.508 1
2833.629 1
2833.750 1
2833.871 1
2833.993 1
2834.114 1
2834.235 1
2834.356 0
2834.477 0
2834.599 0
2834.720 0
2834.841 0
2834.962 0
2835.084 1
2835.205 1
2835.326 3
2835.448 3
2835.569 2
2835.690 2
2835.811 1
2835.933 1
2836.054 1
2836.175 1
2836.296 0
2836.418 1
2836.539 1
2836.660 1
2836.782 1
2836.903 1
2837.024 1
2837.146 1
2837.267 1
2837.388 1
2837.509 1
2837.631 1
2837.752 1
2837.873 0
2837.995 0
2838.116 0
2838.237 2
2838.359 2
2838.480 2
2838.601 2
2838.723 3
2838.844 3
2838.965 3
2839.087 3
2839.208 0
2839.329 0
2839.451 0
2839.572 0
2839.694 1
2839.815 1
2839.936 2
2840.058 2
2840.179 1
2840.300 1
2840.422 0
2840.543 2
2840.665 2
2840.786 2
2840.907 2
2841.029 0
2841.150 0
2841.271 0
2841.393 0
2841.514 0
2841.636 0
2841.757 0
2841.878 0
2842.000 0
2842.121 0
2842.243 0
2842.364 0
2842.486 0
2842.607 0
2842.728 0
2842.850 0
2842.971 0
2843.093 0
2843.214 0
2843.336 0
2843.457 0
2843.578 0
2843.700 0
2843.821 0
2843.943 0
2844.064 0
2844.186 0
2844.307 0
2844.429 0
2844.550 0
2844.672 0
2844.793 0
2844.915 0
2845.036 1
2845.157 1
2845.279 1
2845.400 1
2845.522 0
2845.643 0
2845.765 0
2845.886 0
2846.008 0
2846.129 1
2846.251 2
2846.372 3
2846.494 6
2846.615 6
2846.737 6
2846.858 6
2846.980 4
2847.101 3
2847.223 2
2847.345 1
2847.466 0
2847.588 0
2847.709 0
2847.831 2
2847.952 2
2848.074 2
2848.195 3
2848.317 2
2848.438 2
2848.560 2
2848.682 1
2848.803 0
2848.925 2
2849.046 2
2849.168 2
2849.289 2
2849.411 5
2849.532 5
2849.654 5
2849.776 5
2849.897 4
2850.019 4
2850.140 4
2850.262 4
2850.384 3
2850.505 3
2850.627 3
2850.748 4
2850.870 1
2850.992 1
2851.113 1
2851.235 0
2851.356 0
2851.478 0
2851.600 0
2851.721 0
2851.843 0
2851.965 0
2852.086 0
2852.208 0
2852.329 0
2852.451 0
2852.573 0
2852.694 0
2852.816 0
2852.938 0
2853.059 0
2853.181 0
2853.303 0
2853.424 0
2853.546 0
2853.668 0
2853.789 0
2853.911 0
2854.033 0
2854.154 0
2854.276 0
2854.398 0
2854.519 0
2854.641 0
2854.763 1
2854.884 1
2855.006 1
2855.128 1
2855.249 0
2855.371 0
2855.493 0
2855.615 0
2855.736 0
2855.858 0
2855.980 0
2856.101 0
2856.223 2
2856.345 3
2856.467 3
2856.588 3
2856.710 1
2856.832 0
2856.954 0
2857.075 1
2857.197 2
2857.319 3
2857.440 4
2857.562 4
2857.684 4
2857.806 4
2857.928 3
2858.049 3
2858.171 3
2858.293 3
2858.415 0
2858.536 0
2858.658 0
2858.780 0
2858.902 0
2859.023 0
2859.145 0
2859.267 0
2859.389 0
2859.511 1
2859.632 2
2859.754 3
2859.876 4
2859.998 4
2860.120 6
2860.241 5
2860.363 4
2860.485 3
2860.607 2
2860.729 2
2860.850 2
2860.972 3
2861.094 1
2861.216 1
2861.338 1
2861.460 0
2861.581 0
2861.703 0
2861.825 0
2861.947 0
2862.069 0
2862.191 0
2862.313 0
2862.434 0
2862.556 0
2862.678 0
2862.800 0
2862.922 0
2863.044 0
2863.166 0
2863.287 0
2863.409 1
2863.531 2
2863.653 2
2863.775 2
2863.897 1
2864.019 0
2864.141 0
2864.263 0
2864.384 0
2864.506 0
2864.628 0
2864.750 0
2864.872 0
2864.994 0
2865.116 0
2865.238 0
2865.360 0
2865.482 0
2865.604 0
2865.726 0
2865.847 1
2865.969 1
2866.091 1
2866.213 1
2866.335 0
2866.457 0
2866.579 0
2866.701 0
2866.823 0
2866.945 0
2867.067 0
2867.189 0
2867.311 1
2867.433 1
2867.555 1
2867.677 1
2867.799 0
2867.921 0
2868.043 0
2868.165 0
2868.287 1
2868.409 5
2868.531 5
2868.653 5
2868.775 4
2868.897 2
2869.019 2
2869.141 2
2869.263 2
2869.385 0
2869.507 0
2869.629 0
2869.751 0
2869.873 0
2869.995 0
2870.117 0
2870.239 0
2870.361 0
2870.483 0
2870.605 0
2870.727 1
2870.849 1
2870.971 1
2871.093 1
2871.215 0
2871.337 0
2871.459 0
2871.581 0
2871.703 1
2871.825 1
2871.947 1
2872.069 1
2872.191 0
2872.314 1
2872.436 1
2872.558 1
2872.680 1
2872.802 0
2872.924 0
2873.046 0
2873.168 1
2873.290 1
2873.412 2
2873.534 2
2873.656 1
2873.779 1
2873.901 0
2874.023 0
2874.145 1
2874.267 2
2874.389 2
2874.511 2
2874.633 2
2874.755 2
2874.878 2
2875.000 2
2875.122 1
2875.244 0
2875.366 0
2875.488 0
2875.610 0
2875.733 0
2875.855 0
2875.977 0
2876.099 0
2876.221 0
2876.343 0
2876.465 0
2876.588 1
2876.710 1
2876.832 1
2876.954 1
2877.076 2
2877.199 3
2877.321 3
2877.443 3
2877.565 1
2877.687 0
2877.809 0
2877.932 0
2878.054 0
2878.176 0
2878.298 0
2878.420 0
2878.543 0
2878.665 0
2878.787 0
2878.909 0
2879.031 0
2879.154 0
2879.276 0
2879.398 0
2879.520 0
2879.643 1
2879.765 2
2879.887 5
2880.009 6
2880.132 5
2880.254 6
2880.376 8
2880.498 9
2880.621 13
2880.743 11
2880.865 6
2880.987 4
2881.110 2
2881.232 2
2881.354 2
2881.476 2
2881.599 0
2881.721 0
2881.843 0
2881.965 0
2882.088 0
2882.210 0
2882.332 0
2882.455 0
2882.577 0
2882.699 0
2882.821 0
2882.944 0
2883.066 0
2883.188 0
2883.311 0
2883.433 0
2883.555 1
2883.678 1
2883.800 1
2883.922 2
2884.045 1
2884.167 1
2884.289 1
2884.412 0
2884.534 0
2884.656 0
2884.779 1
2884.901 1
2885.023 1
2885.146 1
2885.268 0
2885.390 0
2885.513 0
2885.635 0
2885.757 0
2885.880 0
2886.002 0
2886.125 2
2886.247 4
2886.369 6
2886.492 10
2886.614 10
2886.736 10
2886.859 10
2886.981 8
2887.104 7
2887.226 6
2887.348 5
2887.471 2
2887.593 2
2887.716 2
2887.838 2
2887.960 1
2888.083 2
2888.205 2
2888.328 2
2888.450 1
2888.573 0
2888.695 0
2888.817 0
2888.940 0
2889.062 0
2889.185 0
2889.307 0
2889.430 3
2889.552 3
2889.674 3
2889.797 4
2889.919 4
2890.042 5
2890.164 6
2890.287 6
2890.409 8
2890.532 7
2890.654 5
2890.777 3
2890.899 1
2891.022 0
2891.144 0
2891.267 0
2891.389 1
2891.511 2
2891.634 3
2891.756 4
2891.879 5
2892.001 7
2892.124 10
2892.246 12
2892.369 14
2892.491 11
2892.614 7
2892.737 4
2892.859 1
2892.982 1
2893.104 1
2893.227 1
2893.349 0
2893.472 0
2893.594 0
2893.717 0
2893.839 1
2893.962 1
2894.084 1
2894.207 1
2894.329 0
2894.452 0
2894.575 0
2894.697 0
2894.820 0
2894.942 0
2895.065 0
2895.187 0
2895.310 0
2895.432 1
2895.555 2
2895.678 2
2895.800 2
2895.923 1
2896.045 0
2896.168 0
2896.291 0
2896.413 0
2896.536 0
2896.658 1
2896.781 1
2896.904 1
2897.026 1
2897.149 0
2897.271 0
2897.394 0
2897.517 0
2897.639 0
2897.762 0
2897.884 1
2898.007 1
2898.130 1
2898.252 1
2898.375 0
2898.498 0
2898.620 0
2898.743 0
2898.866 0
2898.988 0
2899.111 0
2899.234 0
2899.356 0
2899.479 0
2899.602 0
2899.724 0
2899.847 0
2899.970 0
2900.092 0
2900.215 0
2900.338 1
2900.460 1
2900.583 1
2900.706 2
2900.828 1
2900.951 1
2901.074 1
2901.196 0
2901.319 0
2901.442 0
2901.564 0
2901.687 0
2901.810 0
2901.933 0
2902.055 0
2902.178 0
2902.301 0
2902.423 0
2902.546 0
2902.669 0
2902.792 1
2902.914 1
2903.037 1
2903.160 1
2903.283 1
2903.405 1
2903.528 1
2903.651 1
2903.774 0
2903.896 0
2904.019 0
2904.142 0
2904.265 0
2904.387 0
2904.510 0
2904.633 0
2904.756 0
2904.878 0
2905.001 0
2905.124 0
2905.247 0
2905.370 0
2905.492 0
2905.615 0
2905.738 0
2905.861 0
2905.984 0
2906.106 0
2906.229 0
2906.352 0
2906.475 0
2906.598 0
2906.720 0
2906.843 0
2906.966 0
2907.089 0
2907.212 0
2907.335 0
2907.457 0
2907.580 0
2907.703 0
2907.826 0
2907.949 0
2908.072 0
2908.194 0
2908.317 0
2908.440 0
2908.563 0
2908.686 1
2908.809 1
2908.932 1
2909.054 1
2909.177 0
2909.300 0
2909.423 1
2909.546 1
2909.669 1
2909.792 1
2909.915 0
2910.037 0
2910.160 0
2910.283 0
2910.406 0
2910.529 1
2910.652 1
2910.775 2
2910.898 2
2911.021 1
2911.144 1
2911.267 0
2911.389 0
2911.512 0
2911.635 0
2911.758 0
2911.881 0
2912.004 0
2912.127 1
2912.250 1
2912.373 2
2912.496 2
2912.619 1
2912.742 2
2912.865 2
2912.988 4
2913.111 6
2913.234 5
2913.356 4
2913.479 2
2913.602 0
2913.725 0
2913.848 0
2913.971 0
2914.094 0
2914.217 0
2914.340 1
2914.463 1
2914.586 1
2914.709 1
2914.832 0
2914.955 1
2915.078 2
2915.201 2
2915.324 2
2915.447 2
2915.570 1
2915.693 2
2915.816 2
2915.939 1
2916.062 1
2916.185 0
2916.308 0
2916.431 0
2916.554 0
2916.677 0
2916.800 1
2916.923 1
2917.046 1
2917.170 1
2917.293 0
2917.416 0
2917.539 0
2917.662 0
2917.785 0
2917.908 0
2918.031 0
2918.154 1
2918.277 1
2918.400 1
2918.523 1
2918.646 1
2918.769 1
2918.892 1
2919.015 1
2919.139 0
2919.262 1
2919.385 2
2919.508 2
2919.631 2
2919.754 2
2919.877 5
2920.000 5
2920.123 5
2920.246 4
2920.370 0
2920.493 0
2920.616 0
2920.739 0
2920.862 3
2920.985 3
2921.108 3
2921.231 3
2921.355 0
2921.478 0
2921.601 0
2921.724 0
2921.847 0
2921.970 0
2922.093 0
2922.217 0
2922.340 0
2922.463 1
2922.586 1
2922.709 1
2922.832 1
2922.955 0
2923.079 0
2923.202 0
2923.325 1
2923.448 1
2923.571 1
2923.695 1
2923.818 0
2923.941 0
2924.064 0
2924.187 0
2924.310 0
2924.434 0
2924.557 1
2924.680 1
2924.803 2
2924.927 2
2925.050 1
2925.173 1
2925.296 0
2925.419 0
2925.543 1
2925.666 1
2925.789 2
2925.912 3
2926.036 2
2926.159 2
2926.282 1
2926.405 0
2926.528 0
2926.652 0
2926.775 0
2926.898 0
2927.021 0
2927.145 1
2927.268 2
2927.391 2
2927.515 2
2927.638 1
2927.761 0
2927.884 0
2928.008 0
2928.131 0
2928.254 2
2928.377 2
2928.501 2
2928.624 2
2928.747 5
2928.871 6
2928.994 6
2929.117 6
2929.241 6
2929.364 5
2929.487 5
2929.610 5
2929.734 6
2929.857 6
2929.980 6
2930.104 7
2930.227 5
2930.350 5
2930.474 5
2930.597 4
2930.720 6
2930.844 5
2930.967 4
2931.090 3
2931.214 0
2931.337 0
2931.460 0
2931.584 0
2931.707 0
2931.830 0
2931.954 0
2932.077 0
2932.201 0
2932.324 0
2932.447 1
2932.571 2
2932.694 2
2932.817 2
2932.941 1
2933.064 0
2933.188 1
2933.311 1
2933.434 1
2933.558 1
2933.681 0
2933.805 0
2933.928 0
2934.051 0
2934.175 0
2934.298 0
2934.422 0
2934.545 0
2934.668 2
2934.792 2
2934.915 2
2935.039 2
2935.162 1
2935.286 1
2935.409 1
2935.532 1
2935.656 0
2935.779 0
2935.903 0
2936.026 0
2936.150 0
2936.273 0
2936.397 0
2936.520 0
2936.643 0
2936.767 0
2936.890 0
2937.014 0
2937.137 0
2937.261 0
2937.384 0
2937.508 0
2937.631 0
2937.755 0
2937.878 2
2938.002 2
2938.125 2
2938.249 2
2938.372 0
2938.496 0
2938.619 0
2938.743 0
2938.866 0
2938.990 0
2939.113 0
2939.237 1
2939.360 2
2939.484 4
2939.607 5
2939.731 5
2939.854 5
2939.978 4
2940.101 2
2940.225 2
2940.349 2
2940.472 2
2940.596 0
2940.719 0
2940.843 0
2940.966 0
2941.090 0
2941.213 0
2941.337 0
2941.461 0
2941.584 1
2941.708 2
2941.831 3
2941.955 4
2942.078 4
2942.202 3
2942.326 2
2942.449 1
2942.573 0
2942.696 0
2942.820 0
2942.944 0
2943.067 0
2943.191 0
2943.314 0
2943.438 0
2943.562 1
2943.685 1
2943.809 1
2943.932 1
2944.056 1
2944.180 1
2944.303 1
2944.427 1
2944.551 0
2944.674 0
2944.798 0
2944.921 0
2945.045 0
2945.169 0
2945.292 0
2945.416 0
2945.540 0
2945.663 0
2945.787 0
2945.911 0
2946.034 0
2946.158 1
2946.282 2
2946.405 3
2946.529 7
2946.653 6
2946.776 5
2946.900 4
2947.024 0
2947.147 0
2947.271 0
2947.395 0
2947.518 0
2947.642 0
2947.766 0
2947.890 1
2948.013 1
2948.137 1
2948.261 1
2948.384 0
2948.508 0
2948.632 1
2948.756 2
2948.879 3
2949.003 4
2949.127 3
2949.250 2
2949.374 1
2949.498 0
2949.622 0
2949.745 0
2949.869 0
2949.993 0
2950.117 0
2950.240 0
2950.364 0
2950.488 0
2950.612 0
2950.735 0
2950.859 0
2950.983 0
2951.107 1
2951.231 1
2951.354 1
2951.478 1
2951.602 0
2951.726 0
2951.849 0
2951.973 0
2952.097 1
2952.221 1
2952.345 1
2952.468 1
2952.592 0
2952.716 0
2952.840 0
2952.964 0
2953.087 0
2953.211 0
2953.335 0
2953.459 0
2953.583 0
2953.707 0
2953.830 0
2953.954 1
2954.078 1
2954.202 1
2954.326 1
2954.450 0
2954.573 0
2954.697 0
2954.821 0
2954.945 0
2955.069 0
2955.193 0
2955.317 1
2955.440 1
2955.564 1
2955.688 1
2955.812 0
2955.936 0
2956.060 0
2956.184 0
2956.308 0
2956.431 0
2956.555 0
2956.679 0
2956.803 0
2956.927 1
2957.051 1
2957.175 1
2957.299 1
2957.423 0
2957.547 1
2957.670 1
2957.794 1
2957.918 1
2958.042 0
2958.166 0
2958.290 1
2958.414 1
2958.538 1
2958.662 1
2958.786 0
2958.910 1
2959.034 1
2959.158 1
2959.282 1
2959.406 1
2959.530 1
2959.653 2
2959.777 2
2959.901 1
2960.025 1
2960.149 0
2960.273 0
2960.397 0
2960.521 0
2960.645 0
2960.769 0
2960.893 0
2961.017 0
2961.141 1
2961.265 1
2961.389 3
2961.513 3
2961.637 2
2961.761 2
2961.885 0
2962.009 0
2962.133 0
2962.257 0
2962.381 0
2962.505 0
2962.629 0
2962.753 0
2962.877 0
2963.001 0
2963.125 1
2963.249 1
2963.373 1
2963.497 1
2963.621 0
2963.745 2
2963.870 2
2963.994 2
2964.118 2
2964.242 0
2964.366 0
2964.490 0
2964.614 0
2964.738 0
2964.862 0
2964.986 0
2965.110 0
2965.234 0
2965.358 0
2965.482 0
2965.606 0
2965.731 0
2965.855 0
2965.979 0
2966.103 1
2966.227 1
2966.351 2
2966.475 2
2966.599 1
2966.723 1
2966.847 1
2966.972 1
2967.096 1
2967.220 1
2967.344 0
2967.468 0
2967.592 0
2967.716 0
2967.840 0
2967.965 0
2968.089 0
2968.213 0
2968.337 0
2968.461 0
2968.585 0
2968.709 0
2968.834 0
2968.958 0
2969.082 0
2969.206 0
2969.330 0
2969.454 0
2969.578 0
2969.703 0
2969.827 0
2969.951 0
2970.075 0
2970.199 0
2970.324 0
2970.448 0
2970.572 1
2970.696 1
2970.820 2
2970.945 2
2971.069 1
2971.193 2
2971.317 4
2971.441 6
2971.566 7
2971.690 9
2971.814 7
2971.938 5
2972.062 4
2972.187 2
2972.311 1
2972.435 1
2972.559 1
2972.684 0
2972.808 1
2972.932 1
2973.056 1
2973.181 1
2973.305 2
2973.429 2
2973.553 2
2973.678 3
2973.802 1
2973.926 1
2974.050 1
2974.175 0
2974.299 0
2974.423 0
2974.547 0
2974.672 0
2974.796 0
2974.920 0
2975.044 0
2975.169 0
2975.293 0
2975.417 0
2975.542 0
2975.666 0
2975.790 0
2975.915 0
2976.039 0
2976.163 0
2976.287 0
2976.412 0
2976.536 0
2976.660 0
2976.785 0
2976.909 0
2977.033 0
2977.158 0
2977.282 0
2977.406 2
2977.531 4
2977.655 6
2977.779 8
2977.904 7
2978.028 6
2978.152 5
2978.277 1
2978.401 1
2978.526 1
2978.650 2
2978.774 1
2978.899 1
2979.023 1
2979.147 1
2979.272 1
2979.396 1
2979.521 1
2979.645 1
2979.769 1
2979.894 1
2980.018 1
2980.142 0
2980.267 0
2980.391 0
2980.516 0
2980.640 0
2980.764 0
2980.889 0
2981.013 0
2981.138 0
2981.262 0
2981.387 0
2981.511 0
2981.635 0
2981.760 0
2981.884 0
2982.009 0
2982.133 0
2982.258 0
2982.382 0
2982.506 0
2982.631 0
2982.755 0
2982.880 0
2983.004 0
2983.129 0
2983.253 0
2983.378 0
2983.502 0
2983.627 0
2983.751 0
2983.875 0
2984.000 0
2984.124 0
2984.249 0
2984.373 0
2984.498 0
2984.622 1
2984.747 3
2984.871 3
2984.996 3
2985.120 2
2985.245 0
2985.369 0
2985.494 0
2985.618 0
2985.743 0
2985.867 0
2985.992 0
2986.116 0
2986.241 0
2986.366 2
2986.490 4
2986.615 7
2986.739 9
2986.864 8
2986.988 7
2987.113 6
2987.237 2
2987.362 2
2987.486 2
2987.611 1
2987.735 1
2987.860 1
2987.985 1
2988.109 1
2988.234 0
2988.358 0
2988.483 0
2988.607 0
2988.732 0
2988.857 0
2988.981 0
2989.106 0
2989.230 0
2989.355 0
2989.480 1
2989.604 1
2989.729 2
2989.853 2
2989.978 1
2990.103 1
2990.227 0
2990.352 0
2990.476 1
2990.601 2
2990.726 3
2990.850 6
2990.975 5
2991.099 4
2991.224 3
2991.349 0
2991.473 0
2991.598 0
2991.723 2
2991.847 2
2991.972 2
2992.097 2
2992.221 0
2992.346 0
2992.471 0
2992.595 0
2992.720 0
2992.845 0
2992.969 0
2993.094 0
2993.219 1
2993.343 1
2993.468 1
2993.593 1
2993.717 1
2993.842 2
2993.967 2
2994.091 2
2994.216 1
2994.341 1
2994.465 1
2994.590 1
2994.715 1
2994.840 0
2994.964 0
2995.089 0
2995.214 0
2995.338 0
2995.463 0
2995.588 0
2995.713 0
2995.837 0
2995.962 0
2996.087 0
2996.211 0
2996.336 0
2996.461 0
2996.586 0
2996.710 1
2996.835 1
2996.960 1
2997.085 1
2997.209 0
2997.334 0
2997.459 0
2997.584 0
2997.709 0
2997.833 0
2997.958 0
2998.083 0
2998.208 0
2998.332 0
2998.457 0
2998.582 0
2998.707 0
2998.832 0
2998.956 0
2999.081 0
2999.206 0
2999.331 0
2999.456 0
2999.580 0
2999.705 0
2999.830 0
2999.955 0
3000.080 0
3000.204 0
3000.329 0
3000.454 0
3000.579 0
3000.704 0
3000.829 0
3000.953 0
3001.078 0
3001.203 0
3001.328 0
3001.453 0
3001.578 0
3001.703 0
3001.827 0
3001.952 0
3002.077 0
3002.202 0
3002.327 0
3002.452 0
3002.577 0
3002.701 0
3002.826 0
3002.951 0
3003.076 0
3003.201 0
3003.326 0
3003.451 0
3003.576 0
3003.701 0
3003.825 0
3003.950 0
3004.075 0
3004.200 0
3004.325 0
3004.450 0
3004.575 0
3004.700 0
3004.825 0
3004.950 0
3005.075 0
3005.199 0
3005.324 0
3005.449 0
3005.574 1
3005.699 1
3005.824 2
3005.949 2
3006.074 1
3006.199 1
3006.324 0
3006.449 0
3006.574 0
3006.699 0
3006.824 0
3006.949 0
3007.074 1
3007.199 1
3007.324 1
3007.449 1
3007.574 0
3007.699 0
3007.824 0
3007.949 0
3008.074 0
3008.199 0
3008.324 0
3008.449 0
3008.574 1
3008.699 1
3008.824 1
3008.949 1
3009.074 0
3009.199 0
3009.324 0
3009.449 0
3009.574 0
3009.699 0
3009.824 0
3009.949 0
3010.074 0
3010.199 0
3010.324 1
3010.449 2
3010.574 4
3010.699 6
3010.824 6
3010.949 6
3011.074 5
3011.199 3
3011.324 3
3011.449 3
3011.574 3
3011.699 2
3011.824 2
3011.950 2
3012.075 2
3012.200 3
3012.325 3
3012.450 3
3012.575 3
3012.700 0
3012.825 1
3012.950 2
3013.075 3
3013.200 4
3013.325 6
3013.451 8
3013.576 10
3013.701 16
3013.826 13
3013.951 10
3014.076 7
3014.201 3
3014.326 3
3014.452 3
3014.577 3
3014.702 0
3014.827 1
3014.952 1
3015.077 1
3015.202 1
3015.327 0
3015.453 0
3015.578 0
3015.703 0
3015.828 0
3015.953 0
3016.078 0
3016.204 0
3016.329 0
3016.454 0
3016.579 0
3016.704 0
3016.829 0
3016.955 0
3017.080 0
3017.205 0
3017.330 0
3017.455 0
3017.580 0
3017.706 1
3017.831 1
3017.956 1
3018.081 1
3018.206 0
3018.332 0
3018.457 0
3018.582 1
3018.707 1
