599.572 25
599.627 25
599.682 25
599.737 27
599.792 29
599.847 26
599.902 29
599.957 27
600.012 28
600.067 33
600.122 33
600.177 35
600.232 34
600.287 29
600.342 28
600.397 30
600.452 26
600.507 24
600.562 20
600.618 19
600.673 21
600.728 21
600.783 19
600.838 19
600.893 18
600.948 16
601.003 20
601.058 23
601.113 27
601.168 37
601.223 45
601.278 49
601.333 53
601.388 54
601.443 49
601.498 47
601.553 39
601.609 39
601.664 41
601.719 38
601.774 34
601.829 29
601.884 28
601.939 32
601.994 31
602.049 34
602.104 31
602.159 30
602.215 26
602.270 25
602.325 25
602.380 21
602.435 22
602.490 18
602.545 20
602.600 20
602.655 22
602.711 21
602.766 17
602.821 14
602.876 14
602.931 13
602.986 14
603.041 14
603.097 13
603.152 14
603.207 21
603.262 23
603.317 22
603.372 23
603.427 17
603.483 16
603.538 15
603.593 14
603.648 11
603.703 12
603.758 14
603.814 12
603.869 12
603.924 10
603.979 8
604.034 12
604.090 20
604.145 20
604.200 20
604.255 20
604.310 19
604.366 23
604.421 19
604.476 18
604.531 20
604.586 16
604.642 19
604.697 19
604.752 18
604.807 20
604.863 20
604.918 25
604.973 24
605.028 23
605.083 24
605.139 23
605.194 23
605.249 24
605.304 26
605.360 24
605.415 20
605.470 21
605.525 22
605.581 23
605.636 26
605.691 27
605.747 32
605.802 29
605.857 30
605.912 31
605.968 26
606.023 29
606.078 34
606.133 35
606.189 35
606.244 33
606.299 27
606.355 22
606.410 17
606.465 20
606.521 22
606.576 26
606.631 33
606.686 39
606.742 45
606.797 46
606.852 46
606.908 45
606.963 40
607.018 38
607.074 34
607.129 32
607.184 32
607.240 32
607.295 31
607.350 32
607.406 30
607.461 32
607.516 33
607.572 31
607.627 25
607.682 25
607.738 21
607.793 18
607.849 24
607.904 25
607.959 30
608.015 33
608.070 39
608.125 39
608.181 39
608.236 40
608.292 42
608.347 41
608.402 47
608.458 44
608.513 42
608.569 41
608.624 32
608.679 29
608.735 32
608.790 29
608.846 25
608.901 25
608.956 17
609.012 20
609.067 22
609.123 28
609.178 32
609.234 43
609.289 49
609.344 59
609.400 68
609.455 67
609.511 66
609.566 63
609.622 57
609.677 46
609.732 37
609.788 31
609.843 29
609.899 26
609.954 27
610.010 26
610.065 26
610.121 30
610.176 32
610.232 34
610.287 34
610.343 40
610.398 35
610.454 33
610.509 33
610.565 30
610.620 29
610.676 28
610.731 35
610.787 34
610.842 39
610.898 38
610.953 38
611.009 39
611.064 38
611.120 41
611.175 35
611.231 35
611.286 33
611.342 29
611.397 27
611.453 26
611.508 24
611.564 23
611.619 21
611.675 19
611.730 19
611.786 24
611.842 20
611.897 23
611.953 22
612.008 23
612.064 24
612.119 22
612.175 25
612.230 21
612.286 20
612.342 19
612.397 20
612.453 19
612.508 26
612.564 31
612.619 34
612.675 42
612.731 37
612.786 33
612.842 27
612.897 27
612.953 22
613.009 22
613.064 22
613.120 25
613.175 26
613.231 30
613.287 34
613.342 40
613.398 38
613.454 40
613.509 40
613.565 36
613.620 39
613.676 37
613.732 34
613.787 33
613.843 29
613.899 29
613.954 29
614.010 26
614.066 26
614.121 26
614.177 21
614.232 24
614.288 27
614.344 27
614.399 28
614.455 30
614.511 30
614.566 29
614.622 27
614.678 21
614.734 14
614.789 14
614.845 12
614.901 12
614.956 13
615.012 17
615.068 22
615.123 23
615.179 18
615.235 18
615.290 16
615.346 21
615.402 20
615.458 21
615.513 23
615.569 26
615.625 27
615.680 25
615.736 23
615.792 24
615.848 28
615.903 28
615.959 30
616.015 29
616.071 32
616.126 30
616.182 28
616.238 24
616.294 19
616.349 22
616.405 28
616.461 25
616.517 26
616.572 30
616.628 31
616.684 31
616.740 30
616.795 28
616.851 21
616.907 19
616.963 20
617.019 20
617.074 20
617.130 20
617.186 21
617.242 22
617.298 24
617.353 27
617.409 27
617.465 26
617.521 29
617.577 28
617.632 26
617.688 24
617.744 29
617.800 27
617.856 26
617.912 27
617.967 25
618.023 29
618.079 36
618.135 43
618.191 36
618.247 36
618.302 36
618.358 34
618.414 33
618.470 30
618.526 27
618.582 26
618.637 26
618.693 25
618.749 23
618.805 22
618.861 22
618.917 18
618.973 15
619.029 16
619.084 19
619.140 20
619.196 23
619.252 24
619.308 21
619.364 26
619.420 28
619.476 26
619.532 29
619.587 29
619.643 25
619.699 25
619.755 26
619.811 20
619.867 24
619.923 24
619.979 22
620.035 26
620.091 33
620.147 30
620.203 27
620.259 25
620.314 24
620.370 25
620.426 22
620.482 22
620.538 25
620.594 26
620.650 30
620.706 28
620.762 35
620.818 34
620.874 32
620.930 28
620.986 22
621.042 23
621.098 19
621.154 20
621.210 24
621.266 20
621.322 20
621.378 20
621.434 22
621.490 22
621.546 26
621.602 30
621.658 30
621.714 33
621.770 30
621.826 29
621.882 26
621.938 26
621.994 24
622.050 23
622.106 23
622.162 19
622.218 19
622.274 16
622.330 11
622.386 11
622.442 11
622.498 13
622.554 20
622.610 20
622.666 21
622.722 21
622.778 20
622.834 23
622.890 24
622.946 21
623.002 21
623.058 19
623.114 19
623.171 16
623.227 14
623.283 17
623.339 18
623.395 22
623.451 24
623.507 24
623.563 25
623.619 24
623.675 26
623.731 25
623.787 25
623.844 23
623.900 20
623.956 20
624.012 16
624.068 15
624.124 17
624.180 25
624.236 33
624.292 36
624.349 36
624.405 37
624.461 42
624.517 42
624.573 40
624.629 32
624.685 28
624.741 29
624.798 29
624.854 25
624.910 20
624.966 20
625.022 14
625.078 15
625.134 16
625.191 16
625.247 15
625.303 17
625.359 18
625.415 20
625.471 24
625.528 26
625.584 22
625.640 25
625.696 31
625.752 30
625.809 33
625.865 36
625.921 33
625.977 31
626.033 30
626.089 23
626.146 22
626.202 24
626.258 27
626.314 28
626.371 26
626.427 26
626.483 25
626.539 26
626.595 27
626.652 31
626.708 29
626.764 27
626.820 27
626.877 25
626.933 26
626.989 29
627.045 30
627.101 27
627.158 26
627.214 21
627.270 20
627.326 18
627.383 17
627.439 17
627.495 14
627.552 15
627.608 15
627.664 16
627.720 14
627.777 13
627.833 11
627.889 11
627.945 12
628.002 15
628.058 18
628.114 20
628.171 20
628.227 22
628.283 23
628.340 24
628.396 23
628.452 20
628.508 22
628.565 21
628.621 19
628.677 18
628.734 17
628.790 15
628.846 18
628.903 18
628.959 21
629.015 22
629.072 21
629.128 20
629.184 20
629.241 23
629.297 23
629.353 23
629.410 27
629.466 32
629.522 35
629.579 32
629.635 31
629.691 29
629.748 26
629.804 26
629.861 20
629.917 19
629.973 20
630.030 23
630.086 24
630.142 24
630.199 26
630.255 28
630.312 30
630.368 28
630.424 30
630.481 29
630.537 31
630.594 32
630.650 36
630.706 37
630.763 35
630.819 30
630.876 26
630.932 25
630.989 22
631.045 22
631.101 23
631.158 22
631.214 23
631.271 24
631.327 27
631.384 24
631.440 22
631.496 18
631.553 17
631.609 16
631.666 17
631.722 15
631.779 17
631.835 18
631.892 19
631.948 22
632.005 20
632.061 21
632.117 22
632.174 25
632.230 22
632.287 22
632.343 23
632.400 22
632.456 19
632.513 23
632.569 29
632.626 32
632.682 39
632.739 41
632.795 42
632.852 39
632.908 32
632.965 27
633.021 21
633.078 20
633.134 17
633.191 16
633.247 12
633.304 14
633.360 14
633.417 17
633.474 19
633.530 23
633.587 26
633.643 25
633.700 26
633.756 25
633.813 22
633.869 28
633.926 27
633.982 24
634.039 22
634.096 18
634.152 14
634.209 15
634.265 14
634.322 13
634.378 18
634.435 26
634.492 29
634.548 30
634.605 32
634.661 25
634.718 23
634.774 22
634.831 19
634.888 16
634.944 14
635.001 14
635.057 12
635.114 14
635.171 23
635.227 30
635.284 37
635.341 44
635.397 50
635.454 44
635.510 38
635.567 33
635.624 28
635.680 27
635.737 27
635.794 22
635.850 19
635.907 20
635.963 27
636.020 27
636.077 27
636.133 20
636.190 12
636.247 13
636.303 18
636.360 22
636.417 23
636.473 26
636.530 29
636.587 32
636.643 30
636.700 29
636.757 25
636.813 23
636.870 24
636.927 29
636.984 31
637.040 30
637.097 33
637.154 31
637.210 31
637.267 33
637.324 33
637.380 35
637.437 37
637.494 32
637.551 28
637.607 24
637.664 17
637.721 17
637.777 17
637.834 18
637.891 18
637.948 19
638.004 22
638.061 22
638.118 21
638.175 22
638.231 22
638.288 23
638.345 25
638.402 29
638.458 27
638.515 25
638.572 22
638.629 20
638.685 16
638.742 16
638.799 15
638.856 13
638.913 17
638.969 16
639.026 15
639.083 12
639.140 10
639.196 12
639.253 13
639.310 16
639.367 19
639.424 22
639.480 22
639.537 21
639.594 31
639.651 31
639.708 30
639.764 29
639.821 22
639.878 23
639.935 31
639.992 35
640.049 39
640.105 42
640.162 37
640.219 34
640.276 36
640.333 32
640.390 25
640.446 24
640.503 21
640.560 19
640.617 18
640.674 17
640.731 12
640.788 13
640.844 14
640.901 15
640.958 16
641.015 19
641.072 14
641.129 12
641.186 11
641.243 9
641.299 9
641.356 11
641.413 10
641.470 13
641.527 17
641.584 17
641.641 17
641.698 18
641.755 16
641.812 16
641.868 16
641.925 15
641.982 17
642.039 18
642.096 23
642.153 22
642.210 23
642.267 22
642.324 19
642.381 18
642.438 16
642.495 16
642.552 14
642.609 13
642.665 13
642.722 14
642.779 11
642.836 12
642.893 15
642.950 18
643.007 17
643.064 18
643.121 18
643.178 21
643.235 23
643.292 25
643.349 24
643.406 22
643.463 24
643.520 24
643.577 25
643.634 26
643.691 27
643.748 26
643.805 22
643.862 20
643.919 18
643.976 19
644.033 20
644.090 23
644.147 18
644.204 15
644.261 14
644.318 14
644.375 20
644.432 25
644.489 30
644.546 34
644.603 29
644.660 25
644.717 26
644.774 28
644.831 27
644.888 28
644.945 24
645.002 21
645.060 23
645.117 25
645.174 28
645.231 27
645.288 31
645.345 35
645.402 34
645.459 33
645.516 36
645.573 35
645.630 39
645.687 44
645.744 42
645.801 40
645.859 39
645.916 37
645.973 36
646.030 34
646.087 36
646.144 32
646.201 34
646.258 36
646.315 39
646.372 41
646.430 41
646.487 37
646.544 35
646.601 35
646.658 37
646.715 39
646.772 38
646.829 42
646.887 38
646.944 39
647.001 39
647.058 40
647.115 48
647.172 61
647.229 74
647.287 84
647.344 92
647.401 94
647.458 98
647.515 90
647.572 87
647.630 78
647.687 73
647.744 62
647.801 53
647.858 48
647.915 40
647.973 40
648.030 44
648.087 48
648.144 51
648.201 56
648.259 54
648.316 53
648.373 61
648.430 58
648.487 63
648.545 66
648.602 67
648.659 66
648.716 61
648.773 57
648.831 52
648.888 44
648.945 38
649.002 36
649.060 34
649.117 38
649.174 39
649.231 40
649.289 45
649.346 49
649.403 55
649.460 54
649.518 52
649.575 44
649.632 44
649.689 46
649.747 45
649.804 41
649.861 35
649.918 31
649.976 28
650.033 30
650.090 30
650.147 34
650.205 38
650.262 40
650.319 45
650.377 44
650.434 53
650.491 62
650.548 61
650.606 60
650.663 56
650.720 43
650.778 39
650.835 41
650.892 34
650.950 37
651.007 37
651.064 33
651.122 31
651.179 25
651.236 21
651.294 18
651.351 18
651.408 19
651.466 25
651.523 28
651.580 25
651.638 29
651.695 32
651.752 30
651.810 29
651.867 27
651.924 25
651.982 27
652.039 27
652.096 21
652.154 20
652.211 18
652.269 23
652.326 23
652.383 25
652.441 23
652.498 24
652.556 24
652.613 22
652.670 23
652.728 22
652.785 25
652.842 24
652.900 25
652.957 26
653.015 22
653.072 27
653.130 28
653.187 30
653.244 33
653.302 38
653.359 40
653.417 38
653.474 35
653.531 34
653.589 25
653.646 24
653.704 20
653.761 16
653.819 17
653.876 19
653.934 24
653.991 28
654.048 30
654.106 29
654.163 32
654.221 38
654.278 41
654.336 43
654.393 45
654.451 43
654.508 40
654.566 35
654.623 30
654.681 27
654.738 27
654.796 24
654.853 23
654.911 20
654.968 19
655.026 17
655.083 14
655.141 16
655.198 13
655.256 18
655.313 15
655.371 21
655.428 22
655.486 24
655.543 23
655.601 16
655.658 13
655.716 7
655.773 6
655.831 7
655.888 7
655.946 11
656.003 10
656.061 12
656.119 14
656.176 16
656.234 20
656.291 21
656.349 21
656.406 18
656.464 22
656.521 26
656.579 29
656.637 30
656.694 23
656.752 24
656.809 22
656.867 18
656.924 17
656.982 18
657.040 15
657.097 12
657.155 11
657.212 8
657.270 10
657.328 10
657.385 14
657.443 17
657.500 16
657.558 11
657.616 9
657.673 9
657.731 8
657.788 11
657.846 13
657.904 14
657.961 19
658.019 25
658.077 30
658.134 36
658.192 40
658.250 40
658.307 43
658.365 36
658.422 28
658.480 24
658.538 21
658.595 21
658.653 23
658.711 24
658.768 24
658.826 24
658.884 24
658.941 25
658.999 21
659.057 22
659.114 19
659.172 16
659.230 14
659.287 12
659.345 14
659.403 14
659.461 14
659.518 15
659.576 13
659.634 16
659.691 18
659.749 14
659.807 17
659.864 19
659.922 20
659.980 22
660.038 29
660.095 33
660.153 32
660.211 35
660.269 33
660.326 31
660.384 29
660.442 33
660.499 31
660.557 33
660.615 33
660.673 32
660.730 31
660.788 31
660.846 30
660.904 21
660.961 22
661.019 21
661.077 22
661.135 24
661.193 26
661.250 28
661.308 32
661.366 37
661.424 35
661.481 33
661.539 35
661.597 34
661.655 33
661.713 33
661.770 31
661.828 32
661.886 36
661.944 35
662.002 39
662.059 39
662.117 39
662.175 40
662.233 42
662.291 39
662.348 36
662.406 29
662.464 26
662.522 26
662.580 24
662.638 28
662.695 28
662.753 32
662.811 30
662.869 28
662.927 30
662.985 31
663.043 29
663.100 30
663.158 29
663.216 26
663.274 26
663.332 22
663.390 20
663.448 18
663.505 21
663.563 26
663.621 29
663.679 30
663.737 31
663.795 33
663.853 32
663.911 26
663.969 23
664.026 17
664.084 16
664.142 14
664.200 13
664.258 16
664.316 18
664.374 19
664.432 21
664.490 24
664.548 24
664.605 26
664.663 26
664.721 29
664.779 30
664.837 29
664.895 24
664.953 23
665.011 23
665.069 27
665.127 31
665.185 34
665.243 30
665.301 28
665.359 30
665.417 35
665.475 39
665.533 40
665.591 37
665.649 35
665.706 37
665.764 38
665.822 35
665.880 29
665.938 30
665.996 27
666.054 24
666.112 23
666.170 24
666.228 21
666.286 19
666.344 22
666.402 19
666.460 18
666.518 19
666.576 23
666.634 19
666.692 20
666.750 18
666.808 13
666.866 13
666.924 13
666.982 11
667.040 9
667.099 9
667.157 9
667.215 12
667.273 15
667.331 14
667.389 15
667.447 15
667.505 18
667.563 17
667.621 19
667.679 15
667.737 10
667.795 8
667.853 8
667.911 11
667.969 11
668.027 15
668.085 20
668.144 22
668.202 25
668.260 24
668.318 22
668.376 25
668.434 23
668.492 23
668.550 27
668.608 28
668.666 32
668.724 34
668.783 35
668.841 35
668.899 30
668.957 26
669.015 25
669.073 20
669.131 17
669.189 18
669.247 17
669.306 15
669.364 21
669.422 21
669.480 21
669.538 25
669.596 26
669.654 29
669.713 30
669.771 31
669.829 29
669.887 25
669.945 21
670.003 15
670.061 16
670.120 16
670.178 16
670.236 17
670.294 18
670.352 19
670.410 22
670.469 26
670.527 31
670.585 38
670.643 39
670.701 39
670.760 36
670.818 35
670.876 32
670.934 31
670.992 29
671.051 29
671.109 31
671.167 37
671.225 38
671.283 37
671.342 31
671.400 31
671.458 27
671.516 22
671.575 24
671.633 23
671.691 25
671.749 28
671.807 32
671.866 34
671.924 35
671.982 39
672.040 42
672.099 43
672.157 43
672.215 39
672.273 35
672.332 32
672.390 32
672.448 28
672.507 24
672.565 20
672.623 19
672.681 17
672.740 14
672.798 15
672.856 15
672.914 19
672.973 26
673.031 33
673.089 34
673.148 36
673.206 36
673.264 36
673.323 38
673.381 35
673.439 36
673.497 31
673.556 28
673.614 30
673.672 31
673.731 33
673.789 31
673.847 32
673.906 33
673.964 32
674.022 27
674.081 24
674.139 19
674.197 15
674.256 15
674.314 17
674.372 19
674.431 22
674.489 23
674.548 25
674.606 29
674.664 27
674.723 30
674.781 31
674.839 29
674.898 33
674.956 32
675.014 33
675.073 34
675.131 36
675.190 35
675.248 29
675.306 29
675.365 29
675.423 26
675.482 29
675.540 28
675.598 28
675.657 32
675.715 29
675.774 27
675.832 23
675.890 19
675.949 18
676.007 19
676.066 23
676.124 22
676.183 25
676.241 23
676.299 25
676.358 25
676.416 21
676.475 21
676.533 23
676.592 19
676.650 19
676.709 20
676.767 23
676.825 22
676.884 20
676.942 16
677.001 15
677.059 14
677.118 15
677.176 16
677.235 16
677.293 17
677.352 18
677.410 19
677.469 22
677.527 23
677.586 26
677.644 30
677.703 27
677.761 29
677.820 29
677.878 22
677.937 24
677.995 25
678.054 19
678.112 20
678.171 18
678.229 15
678.288 18
678.346 22
678.405 19
678.463 23
678.522 25
678.580 24
678.639 22
678.697 20
678.756 20
678.815 16
678.873 16
678.932 14
678.990 9
679.049 7
679.107 6
679.166 13
679.224 11
679.283 13
679.342 14
679.400 7
679.459 7
679.517 6
679.576 5
679.634 4
679.693 4
679.752 3
679.810 4
679.869 8
679.927 8
679.986 13
680.045 11
680.103 12
680.162 18
680.220 22
680.279 23
680.338 28
680.396 27
680.455 23
680.513 23
680.572 18
680.631 15
680.689 17
680.748 21
680.807 17
680.865 18
680.924 19
680.982 15
681.041 18
681.100 19
681.158 15
681.217 16
681.276 22
681.334 21
681.393 22
681.452 25
681.510 23
681.569 23
681.628 23
681.686 25
681.745 17
681.804 15
681.862 12
681.921 8
681.980 11
682.038 12
682.097 10
682.156 8
682.214 8
682.273 11
682.332 15
682.391 17
682.449 21
682.508 22
682.567 19
682.625 21
682.684 21
682.743 26
682.802 26
682.860 27
682.919 24
682.978 20
683.036 18
683.095 20
683.154 19
683.213 16
683.271 20
683.330 17
683.389 18
683.448 19
683.506 24
683.565 24
683.624 24
683.683 23
683.741 20
683.800 22
683.859 27
683.918 29
683.976 29
684.035 28
684.094 27
684.153 29
684.212 29
684.270 32
684.329 33
684.388 29
684.447 25
684.505 26
684.564 27
684.623 32
684.682 31
684.741 28
684.799 28
684.858 23
684.917 23
684.976 23
685.035 26
685.094 23
685.152 25
685.211 24
685.270 21
685.329 22
685.388 18
685.446 26
685.505 27
685.564 33
685.623 40
685.682 38
685.741 36
685.800 32
685.858 29
685.917 25
685.976 24
686.035 29
686.094 22
686.153 20
686.212 19
686.270 22
686.329 24
686.388 24
686.447 22
686.506 17
686.565 16
686.624 15
686.683 14
686.741 17
686.800 21
686.859 19
686.918 22
686.977 23
687.036 24
687.095 26
687.154 29
687.213 27
687.272 26
687.330 27
687.389 25
687.448 28
687.507 27
687.566 25
687.625 25
687.684 22
687.743 24
687.802 19
687.861 22
687.920 23
687.979 25
688.038 22
688.097 22
688.156 26
688.214 25
688.273 26
688.332 23
688.391 24
688.450 25
688.509 25
688.568 25
688.627 23
688.686 24
688.745 22
688.804 19
688.863 16
688.922 19
688.981 19
689.040 20
689.099 26
689.158 25
689.217 31
689.276 29
689.335 26
689.394 29
689.453 28
689.512 29
689.571 27
689.630 28
689.689 26
689.748 25
689.807 29
689.866 25
689.925 26
689.984 30
690.043 30
690.102 30
690.161 30
690.220 33
690.279 33
690.338 36
690.398 39
690.457 37
690.516 35
690.575 33
690.634 31
690.693 33
690.752 28
690.811 30
690.870 30
690.929 26
690.988 24
691.047 20
691.106 20
691.165 15
691.224 13
691.284 12
691.343 12
691.402 13
691.461 16
691.520 21
691.579 26
691.638 34
691.697 32
691.756 32
691.815 29
691.875 27
691.934 28
691.993 25
692.052 23
692.111 17
692.170 14
692.229 13
692.288 14
692.348 18
692.407 22
692.466 30
692.525 34
692.584 32
692.643 30
692.702 32
692.762 31
692.821 28
692.880 28
692.939 29
692.998 26
693.057 21
693.116 19
693.176 17
693.235 20
693.294 22
693.353 25
693.412 26
693.472 22
693.531 23
693.590 22
693.649 18
693.708 13
693.767 10
693.827 8
693.886 6
693.945 10
694.004 11
694.063 14
694.123 15
694.182 12
694.241 11
694.300 14
694.360 15
694.419 17
694.478 18
694.537 17
694.596 21
694.656 26
694.715 24
694.774 23
694.833 21
694.893 15
694.952 10
695.011 9
695.070 9
695.130 9
695.189 14
695.248 17
695.307 18
695.367 26
695.426 30
695.485 27
695.544 33
695.604 41
695.663 56
695.722 88
695.782 121
695.841 161
695.900 214
695.959 237
696.019 255
696.078 254
696.137 236
696.197 208
696.256 178
696.315 150
696.374 128
696.434 113
696.493 98
696.552 88
696.612 81
696.671 98
696.730 116
696.790 149
696.849 184
696.908 211
696.968 233
697.027 246
697.086 249
697.146 228
697.205 203
697.264 162
697.324 127
697.383 99
697.442 80
697.502 71
697.561 63
697.620 64
697.680 61
697.739 61
697.799 72
697.858 80
697.917 87
697.977 92
698.036 99
698.095 94
698.155 92
698.214 86
698.274 76
698.333 72
698.392 68
698.452 61
698.511 54
698.571 48
698.630 38
698.689 34
698.749 37
698.808 42
698.868 48
698.927 53
698.986 54
699.046 50
699.105 51
699.165 49
699.224 45
699.284 48
699.343 51
699.402 52
699.462 54
699.521 59
699.581 62
699.640 60
699.700 57
699.759 55
699.819 49
699.878 48
699.937 46
699.997 47
700.056 53
700.116 50
700.175 47
700.235 45
700.294 37
700.354 39
700.413 38
700.473 37
700.532 42
700.592 39
700.651 38
700.711 41
700.770 37
700.830 37
700.889 34
700.949 26
701.008 21
701.068 20
701.127 21
701.187 21
701.246 22
701.306 21
701.365 24
701.425 21
701.484 17
701.544 19
701.603 16
701.663 21
701.722 28
701.782 31
701.842 33
701.901 32
701.961 33
702.020 30
702.080 34
702.139 29
702.199 26
702.258 25
702.318 21
702.377 25
702.437 28
702.497 31
702.556 37
702.616 39
702.675 41
702.735 40
702.794 34
702.854 37
702.914 37
702.973 34
703.033 29
703.092 25
703.152 23
703.212 21
703.271 23
703.331 19
703.390 17
703.450 17
703.510 14
703.569 17
703.629 19
703.689 16
703.748 17
703.808 17
703.867 17
703.927 24
703.987 30
704.046 32
704.106 33
704.166 36
704.225 37
704.285 39
704.345 41
704.404 43
704.464 50
704.523 57
704.583 62
704.643 61
704.702 51
704.762 42
704.822 36
704.881 34
704.941 32
705.001 28
705.060 26
705.120 26
705.180 25
705.240 29
705.299 29
705.359 31
705.419 31
705.478 32
705.538 32
705.598 31
705.657 33
705.717 37
705.777 40
705.837 37
705.896 39
705.956 37
706.016 37
706.075 36
706.135 36
706.195 33
706.255 28
706.314 28
706.374 27
706.434 24
706.494 22
706.553 22
706.613 25
706.673 26
706.733 25
706.792 23
706.852 21
706.912 20
706.972 20
707.031 19
707.091 17
707.151 16
707.211 18
707.270 20
707.330 16
707.390 20
707.450 22
707.510 22
707.569 25
707.629 22
707.689 26
707.749 26
707.808 26
707.868 29
707.928 28
707.988 32
708.048 40
708.107 39
708.167 38
708.227 34
708.287 32
708.347 32
708.407 30
708.466 33
708.526 30
708.586 33
708.646 37
708.706 36
708.766 34
708.825 38
708.885 37
708.945 41
709.005 43
709.065 39
709.125 37
709.184 41
709.244 38
709.304 36
709.364 38
709.424 35
709.484 32
709.544 33
709.604 38
709.663 35
709.723 34
709.783 35
709.843 30
709.903 29
709.963 28
710.023 26
710.083 23
710.143 27
710.202 33
710.262 35
710.322 38
710.382 32
710.442 28
710.502 27
710.562 24
710.622 23
710.682 26
710.742 24
710.802 27
710.861 25
710.921 22
710.981 22
711.041 18
711.101 19
711.161 16
711.221 18
711.281 18
711.341 23
711.401 25
711.461 28
711.521 34
711.581 35
711.641 43
711.701 56
711.761 72
711.821 87
711.881 102
711.941 109
712.001 112
712.061 102
712.120 89
712.180 77
712.240 65
712.300 58
712.360 52
712.420 46
712.480 42
712.540 44
712.600 51
712.660 64
712.720 73
712.780 87
712.840 100
712.900 107
712.960 115
713.021 117
713.081 115
713.141 105
713.201 96
713.261 85
713.321 78
713.381 71
713.441 65
713.501 57
713.561 47
713.621 50
713.681 51
713.741 59
713.801 68
713.861 74
713.921 84
713.981 83
714.041 80
714.101 80
714.161 72
714.221 67
714.281 60
714.342 50
714.402 43
714.462 38
714.522 31
714.582 36
714.642 39
714.702 39
714.762 42
714.822 42
714.882 44
714.942 44
715.003 43
715.063 40
715.123 43
715.183 41
715.243 35
715.303 33
715.363 30
715.423 30
715.483 29
715.544 35
715.604 41
715.664 41
715.724 42
715.784 45
715.844 48
715.904 53
715.965 54
716.025 55
716.085 50
716.145 42
716.205 34
716.265 30
716.325 30
716.386 33
716.446 36
716.506 35
716.566 33
716.626 35
716.686 36
716.747 44
716.807 51
716.867 57
716.927 60
716.987 65
717.048 69
717.108 73
717.168 71
717.228 66
717.288 63
717.349 61
717.409 58
717.469 58
717.529 55
717.589 57
717.650 54
717.710 55
717.770 51
717.830 49
717.890 41
717.951 38
718.011 40
718.071 36
718.131 36
718.192 31
718.252 28
718.312 30
718.372 28
718.433 28
718.493 29
718.553 31
718.613 32
718.674 34
718.734 32
718.794 29
718.854 30
718.915 34
718.975 32
719.035 35
719.096 40
719.156 70
719.216 110
719.276 158
719.337 243
719.397 391
719.457 603
719.518 915
719.578 1247
719.638 1543
719.698 1828
719.759 2009
719.819 2202
719.879 2338
719.940 2413
720.000 2484
720.060 2434
720.121 2323
720.181 2175
720.241 2030
720.302 1909
720.362 1831
720.422 1781
720.483 1728
720.543 1709
720.603 1728
720.664 1811
720.724 1902
720.784 2040
720.845 2175
720.905 2268
720.965 2351
721.026 2369
721.086 2307
721.146 2193
721.207 2073
721.267 1939
721.328 1842
721.388 1774
721.448 1711
721.509 1674
721.569 1661
721.629 1663
721.690 1672
721.750 1694
721.811 1725
721.871 1763
721.931 1802
721.992 1823
722.052 1824
722.113 1798
722.173 1747
722.233 1690
722.294 1636
722.354 1590
722.415 1538
722.475 1496
722.536 1463
722.596 1421
722.656 1389
722.717 1365
722.777 1342
722.838 1350
722.898 1399
722.959 1447
723.019 1497
723.079 1503
723.140 1462
723.200 1410
723.261 1343
723.321 1269
723.382 1189
723.442 1102
723.503 1011
723.563 936
723.624 898
723.684 874
723.745 848
723.805 835
723.865 813
723.926 792
723.986 776
724.047 756
724.107 727
724.168 693
724.228 659
724.289 621
724.349 586
724.410 545
724.470 511
724.531 493
724.591 484
724.652 478
724.712 479
724.773 474
724.833 476
724.894 471
724.955 479
725.015 477
725.076 469
725.136 462
725.197 447
725.257 431
725.318 419
725.378 397
725.439 388
725.499 383
725.560 380
725.620 387
725.681 384
725.742 382
725.802 385
725.863 376
725.923 360
725.984 334
726.044 296
726.105 253
726.166 223
726.226 189
726.287 165
726.347 141
726.408 121
726.468 107
726.529 103
726.590 95
726.650 101
726.711 106
726.771 112
726.832 120
726.893 127
726.953 130
727.014 130
727.075 117
727.135 107
727.196 95
727.256 78
727.317 65
727.378 50
727.438 35
727.499 26
727.560 17
727.620 17
727.681 19
727.741 23
727.802 34
727.863 48
727.923 64
727.984 77
728.045 85
728.105 86
728.166 79
728.227 77
728.287 68
728.348 59
728.409 46
728.469 38
728.530 34
728.591 29
728.651 36
728.712 38
728.773 41
728.833 50
728.894 55
728.955 61
729.016 67
729.076 73
729.137 75
729.198 79
729.258 81
729.319 72
729.380 66
729.440 57
729.501 52
729.562 50
729.623 46
729.683 47
729.744 50
729.805 54
729.866 56
729.926 63
729.987 66
730.048 71
730.108 72
730.169 74
730.230 78
730.291 80
730.351 85
730.412 83
730.473 81
730.534 77
730.595 67
730.655 66
730.716 68
730.777 72
730.838 74
730.898 74
730.959 74
731.020 67
731.081 63
731.141 58
731.202 50
731.263 50
731.324 51
731.385 50
731.445 50
731.506 54
731.567 56
731.628 61
731.689 59
731.749 51
731.810 42
731.871 36
731.932 38
731.993 47
732.054 47
732.114 56
732.175 64
732.236 62
732.297 67
732.358 67
732.419 72
732.479 82
732.540 89
732.601 96
732.662 95
732.723 93
732.784 89
732.845 88
732.905 87
732.966 90
733.027 93
733.088 86
733.149 94
733.210 91
733.271 84
733.331 81
733.392 75
733.453 69
733.514 64
733.575 66
733.636 69
733.697 75
733.758 81
733.819 83
733.879 83
733.940 86
734.001 88
734.062 91
734.123 95
734.184 100
734.245 98
734.306 99
734.367 99
734.428 101
734.489 97
734.550 99
734.611 99
734.671 94
734.732 88
734.793 87
734.854 83
734.915 79
734.976 74
735.037 67
735.098 70
735.159 71
735.220 72
735.281 77
735.342 78
735.403 87
735.464 94
735.525 106
735.586 126
735.647 148
735.708 184
735.769 238
735.830 309
735.891 379
735.952 448
736.013 506
736.074 546
736.135 563
736.196 558
736.257 519
736.318 477
736.379 421
736.440 373
736.501 340
736.562 318
736.623 309
736.684 313
736.745 330
736.806 361
736.867 419
736.928 465
736.989 500
737.050 530
737.111 520
737.172 511
737.233 486
737.294 447
737.355 394
737.416 345
737.477 304
737.538 271
737.599 262
737.660 252
737.721 255
737.782 260
737.844 274
737.905 293
737.966 298
738.027 306
738.088 298
738.149 286
738.210 270
738.271 263
738.332 242
738.393 221
738.454 201
738.515 183
738.577 173
738.638 161
738.699 153
738.760 147
738.821 145
738.882 143
738.943 142
739.004 140
739.065 137
739.127 136
739.188 128
739.249 124
739.310 120
739.371 120
739.432 120
739.493 111
739.554 109
739.616 110
739.677 107
739.738 102
739.799 100
739.860 99
739.921 93
739.982 105
740.044 106
740.105 108
740.166 109
740.227 105
740.288 101
740.349 100
740.411 99
740.472 90
740.533 88
740.594 87
740.655 87
740.717 88
740.778 95
740.839 98
740.900 99
740.961 97
741.023 99
741.084 101
741.145 102
741.206 106
741.267 110
741.329 118
741.390 118
741.451 118
741.512 112
741.573 103
741.635 99
741.696 99
741.757 99
741.818 95
741.880 96
741.941 98
742.002 98
742.063 92
742.125 91
742.186 83
742.247 76
742.308 76
742.370 70
742.431 69
742.492 69
742.553 65
742.615 66
742.676 64
742.737 70
742.798 75
742.860 75
742.921 70
742.982 66
743.044 59
743.105 58
743.166 54
743.227 48
743.289 47
743.350 44
743.411 43
743.473 42
743.534 41
743.595 42
743.657 42
743.718 43
743.779 42
743.841 41
743.902 47
743.963 48
744.024 52
744.086 56
744.147 51
744.208 51
744.270 53
744.331 55
744.392 57
744.454 61
744.515 62
744.577 62
744.638 67
744.699 66
744.761 70
744.822 64
744.883 60
744.945 59
745.006 60
745.067 65
745.129 64
745.190 63
745.252 60
745.313 56
745.374 59
745.436 57
745.497 53
745.558 55
745.620 62
745.681 62
745.743 62
745.804 61
745.865 50
745.927 48
745.988 47
746.050 45
746.111 47
746.172 52
746.234 58
746.295 56
746.357 57
746.418 57
746.480 55
746.541 55
746.602 51
746.664 52
746.725 57
746.787 57
746.848 58
746.910 54
746.971 53
747.033 50
747.094 52
747.155 51
747.217 43
747.278 42
747.340 40
747.401 43
747.463 51
747.524 55
747.586 61
747.647 57
747.709 53
747.770 47
747.832 39
747.893 42
747.955 42
748.016 41
748.078 43
748.139 43
748.201 37
748.262 35
748.324 36
748.385 40
748.447 35
748.508 35
748.570 31
748.631 29
748.693 34
748.754 33
748.816 30
748.877 27
748.939 25
749.000 26
749.062 27
749.123 29
749.185 31
749.246 37
749.308 37
749.370 42
749.431 50
749.493 53
749.554 55
749.616 56
749.677 52
749.739 46
749.800 43
749.862 45
749.924 51
749.985 54
750.047 61
750.108 57
750.170 56
750.232 52
750.293 49
750.355 51
750.416 44
750.478 42
750.539 43
750.601 46
750.663 45
750.724 50
750.786 49
750.847 51
750.909 51
750.971 52
751.032 50
751.094 51
751.156 46
751.217 46
751.279 49
751.340 48
751.402 49
751.464 48
751.525 45
751.587 52
751.649 51
751.710 52
751.772 58
751.834 56
751.895 56
751.957 58
752.019 60
752.080 60
752.142 61
752.204 57
752.265 51
752.327 50
752.389 47
752.450 43
752.512 41
752.574 34
752.635 33
752.697 32
752.759 32
752.820 38
752.882 43
752.944 52
753.005 62
753.067 63
753.129 67
753.191 65
753.252 55
753.314 55
753.376 49
753.437 50
753.499 45
753.561 41
753.623 46
753.684 46
753.746 46
753.808 47
753.869 52
753.931 56
753.993 66
754.055 71
754.116 75
754.178 82
754.240 89
754.302 91
754.363 96
754.425 97
754.487 87
754.549 84
754.611 80
754.672 79
754.734 76
754.796 76
754.858 70
754.919 65
754.981 67
755.043 67
755.105 74
755.167 74
755.228 71
755.290 64
755.352 56
755.414 54
755.475 52
755.537 59
755.599 59
755.661 53
755.723 50
755.785 45
755.846 44
755.908 46
755.970 44
756.032 44
756.094 42
756.155 47
756.217 44
756.279 44
756.341 47
756.403 45
756.465 46
756.527 46
756.588 48
756.650 48
756.712 49
756.774 41
756.836 37
756.898 32
756.959 31
757.021 32
757.083 36
757.145 36
757.207 39
757.269 40
757.331 37
757.393 37
757.454 35
757.516 33
757.578 33
757.640 36
757.702 37
757.764 42
757.826 41
757.888 39
757.950 44
758.012 43
758.073 45
758.135 47
758.197 47
758.259 52
758.321 57
758.383 56
758.445 57
758.507 56
758.569 55
758.631 62
758.693 59
758.755 60
758.817 56
758.879 52
758.940 46
759.002 44
759.064 43
759.126 42
759.188 46
759.250 47
759.312 47
759.374 44
759.436 41
759.498 40
759.560 39
759.622 38
759.684 46
759.746 52
759.808 53
759.870 54
759.932 53
759.994 47
760.056 46
760.118 47
760.180 45
760.242 42
760.304 41
760.366 39
760.428 38
760.490 41
760.552 42
760.614 40
760.676 44
760.738 51
760.800 58
760.862 62
760.924 67
760.986 66
761.048 60
761.110 57
761.172 53
761.234 51
761.296 51
761.358 54
761.420 57
761.482 59
761.544 60
761.606 59
761.669 50
761.731 43
761.793 38
761.855 35
761.917 35
761.979 33
762.041 32
762.103 31
762.165 33
762.227 32
762.289 32
762.351 31
762.413 27
762.476 25
762.538 26
762.600 28
762.662 23
762.724 32
762.786 32
762.848 34
762.910 33
762.972 29
763.034 36
763.097 40
763.159 41
763.221 44
763.283 44
763.345 42
763.407 44
763.469 48
763.531 46
763.594 47
763.656 47
763.718 45
763.780 47
763.842 48
763.904 51
763.966 52
764.029 52
764.091 48
764.153 46
764.215 38
764.277 34
764.339 36
764.402 34
764.464 32
764.526 31
764.588 29
764.650 26
764.712 25
764.775 22
764.837 26
764.899 27
764.961 26
765.023 24
765.086 24
765.148 20
765.210 23
765.272 24
765.334 22
765.397 24
765.459 25
765.521 24
765.583 24
765.646 22
765.708 24
765.770 28
765.832 26
765.894 28
765.957 25
766.019 26
766.081 25
766.143 27
766.206 27
766.268 24
766.330 28
766.392 28
766.455 27
766.517 31
766.579 33
766.641 36
766.704 38
766.766 43
766.828 41
766.890 42
766.953 44
767.015 45
767.077 46
767.140 49
767.202 46
767.264 45
767.326 43
767.389 40
767.451 42
767.513 39
767.576 34
767.638 28
767.700 31
767.763 30
767.825 35
767.887 39
767.950 46
768.012 51
768.074 56
768.136 59
768.199 58
768.261 57
768.323 57
768.386 48
768.448 44
768.510 40
768.573 32
768.635 30
768.698 32
768.760 34
768.822 41
768.885 49
768.947 54
769.009 56
769.072 58
769.134 59
769.196 57
769.259 57
769.321 55
769.383 48
769.446 44
769.508 38
769.571 36
769.633 33
769.695 38
769.758 39
769.820 46
769.883 49
769.945 51
770.007 55
770.070 56
770.132 56
770.195 56
770.257 51
770.319 51
770.382 46
770.444 40
770.507 37
770.569 35
770.632 35
770.694 34
770.756 35
770.819 36
770.881 39
770.944 42
771.006 45
771.069 51
771.131 50
771.193 47
771.256 41
771.318 37
771.381 36
771.443 40
771.506 43
771.568 44
771.631 50
771.693 49
771.756 49
771.818 54
771.881 64
771.943 67
772.006 70
772.068 66
772.131 58
772.193 56
772.255 49
772.318 44
772.380 37
772.443 36
772.505 38
772.568 42
772.630 45
772.693 52
772.756 52
772.818 55
772.881 52
772.943 48
773.006 45
773.068 41
773.131 41
773.193 38
773.256 43
773.318 48
773.381 49
773.443 49
773.506 52
773.568 52
773.631 54
773.694 50
773.756 52
773.819 50
773.881 43
773.944 45
774.006 40
774.069 37
774.131 39
774.194 33
774.257 31
774.319 33
774.382 37
774.444 39
774.507 35
774.570 32
774.632 31
774.695 36
774.757 42
774.820 42
774.882 43
774.945 38
775.008 35
775.070 34
775.133 33
775.196 31
775.258 29
775.321 32
775.383 40
775.446 42
775.509 40
775.571 39
775.634 36
775.697 35
775.759 39
775.822 38
775.884 37
775.947 38
776.010 41
776.072 43
776.135 44
776.198 43
776.260 34
776.323 32
776.386 25
776.448 22
776.511 19
776.574 18
776.636 16
776.699 21
776.762 24
776.824 26
776.887 28
776.950 24
777.012 26
777.075 27
777.138 29
777.200 35
777.263 39
777.326 40
777.389 43
777.451 39
777.514 36
777.577 37
777.639 31
777.702 28
777.765 29
777.828 30
777.890 25
777.953 24
778.016 24
778.078 22
778.141 25
778.204 30
778.267 33
778.329 32
778.392 33
778.455 30
778.518 24
778.580 24
778.643 21
778.706 19
778.769 23
778.831 21
778.894 20
778.957 24
779.020 25
779.083 26
779.145 32
779.208 31
779.271 29
779.334 31
779.396 29
779.459 31
779.522 28
779.585 30
779.648 34
779.710 31
779.773 32
779.836 30
779.899 30
779.962 29
780.024 27
780.087 25
780.150 24
780.213 24
780.276 25
780.338 28
780.401 37
780.464 39
780.527 40
780.590 43
780.653 38
780.715 35
780.778 37
780.841 43
780.904 45
780.967 47
781.030 48
781.093 44
781.155 41
781.218 41
781.281 42
781.344 39
781.407 42
781.470 44
781.533 42
781.595 43
781.658 42
781.721 43
781.784 45
781.847 44
781.910 40
781.973 41
782.036 38
782.099 40
782.161 36
782.224 27
782.287 24
782.350 21
782.413 20
782.476 22
782.539 22
782.602 22
782.665 17
782.728 19
782.791 21
782.853 29
782.916 33
782.979 36
783.042 38
783.105 44
783.168 55
783.231 53
783.294 53
783.357 48
783.420 47
783.483 43
783.546 39
783.609 34
783.672 35
783.735 41
783.798 43
783.861 52
783.924 61
783.987 69
784.050 75
784.113 77
784.176 76
784.238 68
784.301 67
784.364 61
784.427 55
784.490 58
784.553 55
784.616 56
784.679 61
784.742 61
784.805 60
784.868 56
784.931 55
784.994 53
785.057 54
785.120 56
785.184 57
785.247 56
785.310 58
785.373 51
785.436 47
785.499 47
785.562 44
785.625 45
785.688 41
785.751 43
785.814 39
785.877 39
785.940 43
786.003 42
786.066 46
786.129 44
786.192 44
786.255 42
786.318 37
786.381 36
786.444 35
786.508 35
786.571 34
786.634 36
786.697 35
786.760 34
786.823 29
786.886 29
786.949 31
787.012 35
787.075 41
787.138 39
787.202 44
787.265 44
787.328 40
787.391 41
787.454 42
787.517 42
787.580 40
787.643 40
787.706 42
787.770 40
787.833 41
787.896 40
787.959 38
788.022 38
788.085 42
788.148 39
788.211 38
788.275 40
788.338 38
788.401 35
788.464 29
788.527 20
788.590 16
788.654 23
788.717 27
788.780 31
788.843 39
788.906 42
788.969 43
789.033 48
789.096 46
789.159 40
789.222 39
789.285 37
789.348 34
789.412 32
789.475 30
789.538 25
789.601 26
789.664 30
789.728 30
789.791 31
789.854 37
789.917 41
789.981 46
790.044 48
790.107 40
790.170 37
790.233 36
790.297 33
790.360 36
790.423 35
790.486 38
790.550 37
790.613 39
790.676 40
790.739 40
790.803 39
790.866 39
790.929 41
790.992 40
791.056 41
791.119 44
791.182 46
791.245 47
791.309 49
791.372 48
791.435 46
791.498 41
791.562 40
791.625 39
791.688 39
791.752 40
791.815 41
791.878 38
791.941 38
792.005 36
792.068 34
792.131 35
792.195 35
792.258 39
792.321 37
792.385 38
792.448 38
792.511 40
792.575 40
792.638 41
792.701 43
792.765 38
792.828 36
792.891 29
792.955 25
793.018 22
793.081 21
793.145 26
793.208 30
793.271 31
793.335 29
793.398 27
793.461 22
793.525 25
793.588 27
793.651 25
793.715 24
793.778 25
793.841 33
793.905 40
793.968 45
794.032 47
794.095 43
794.158 36
794.222 34
794.285 31
794.349 29
794.412 29
794.475 30
794.539 30
794.602 31
794.666 30
794.729 31
794.792 32
794.856 32
794.919 35
794.983 36
795.046 40
795.109 37
795.173 39
795.236 36
795.300 37
795.363 33
795.427 28
795.490 29
795.553 32
795.617 29
795.680 35
795.744 37
795.807 34
795.871 35
795.934 37
795.998 42
796.061 42
796.125 48
796.188 47
796.251 46
796.315 44
796.378 41
796.442 39
796.505 38
796.569 40
796.632 42
796.696 41
796.759 42
796.823 46
796.886 48
796.950 47
797.013 45
797.077 42
797.140 36
797.204 34
797.267 35
797.331 32
797.394 33
797.458 33
797.521 35
797.585 38
797.648 41
797.712 39
797.775 38
797.839 34
797.903 35
797.966 36
798.030 39
798.093 42
798.157 41
798.220 43
798.284 46
798.347 45
798.411 43
798.474 51
798.538 49
798.602 51
798.665 52
798.729 48
798.792 47
798.856 44
798.919 47
798.983 43
799.047 48
799.110 46
799.174 47
799.237 45
799.301 38
799.365 32
799.428 27
799.492 27
799.555 31
799.619 32
799.683 31
799.746 30
799.810 25
799.873 29
799.937 27
800.001 30
800.064 33
800.128 36
800.191 34
800.255 29
800.319 29
800.382 32
800.446 30
800.510 30
800.573 28
800.637 30
800.701 35
800.764 39
800.828 38
800.892 32
800.955 33
801.019 29
801.083 32
801.146 35
801.210 34
801.274 33
801.337 32
801.401 28
801.465 25
801.528 20
801.592 22
801.656 24
801.719 27
801.783 29
801.847 28
801.910 30
801.974 33
802.038 30
802.101 34
802.165 32
802.229 28
802.293 27
802.356 23
802.420 24
802.484 25
802.547 28
802.611 27
802.675 21
802.739 18
802.802 15
802.866 13
802.930 14
802.994 15
803.057 18
803.121 19
803.185 20
803.249 24
803.312 25
803.376 25
803.440 28
803.504 22
803.567 23
803.631 26
803.695 30
803.759 27
803.822 28
803.886 27
803.950 23
804.014 24
804.078 20
804.141 19
804.205 18
804.269 20
804.333 19
804.397 17
804.460 15
804.524 14
804.588 13
804.652 14
804.716 15
804.779 18
804.843 24
804.907 25
804.971 26
805.035 23
805.098 21
805.162 26
805.226 23
805.290 27
805.354 31
805.418 32
805.481 36
805.545 41
805.609 39
805.673 36
805.737 36
805.801 32
805.865 35
805.928 34
805.992 34
806.056 39
806.120 42
806.184 41
806.248 41
806.312 36
806.375 34
806.439 29
806.503 22
806.567 18
806.631 17
806.695 18
806.759 17
806.823 21
806.887 20
806.950 24
807.014 28
807.078 31
807.142 31
807.206 31
807.270 30
807.334 33
807.398 40
807.462 44
807.526 48
807.590 50
807.654 56
807.717 55
807.781 48
807.845 45
807.909 43
807.973 43
808.037 44
808.101 40
808.165 37
808.229 36
808.293 36
808.357 36
808.421 37
808.485 37
808.549 37
808.613 39
808.677 35
808.741 36
808.805 37
808.869 37
808.933 36
808.997 37
809.061 37
809.125 35
809.189 40
809.253 37
809.317 40
809.381 37
809.445 34
809.509 34
809.573 36
809.637 35
809.701 35
809.765 35
809.829 35
809.893 38
809.957 44
810.021 53
810.085 56
810.149 55
810.213 57
810.277 50
810.341 49
810.405 49
810.469 53
810.533 50
810.597 44
810.661 40
810.725 33
810.789 29
810.853 33
810.917 31
810.981 32
811.045 33
811.109 28
811.173 30
811.238 31
811.302 31
811.366 29
811.430 25
811.494 21
811.558 19
811.622 20
811.686 24
811.750 26
811.814 29
811.878 36
811.942 36
812.007 37
812.071 37
812.135 39
812.199 37
812.263 35
812.327 35
812.391 28
812.455 27
812.519 25
812.584 27
812.648 29
812.712 30
812.776 34
812.840 40
812.904 39
812.968 40
813.033 43
813.097 42
813.161 39
813.225 37
813.289 36
813.353 35
813.417 38
813.482 42
813.546 41
813.610 43
813.674 44
813.738 42
813.802 38
813.867 37
813.931 38
813.995 34
814.059 35
814.123 35
814.188 31
814.252 32
814.316 28
814.380 29
814.444 26
814.508 28
814.573 27
814.637 30
814.701 24
814.765 22
814.830 23
814.894 21
814.958 22
815.022 23
815.086 26
815.151 26
815.215 32
815.279 34
815.343 36
815.408 37
815.472 40
815.536 43
815.600 51
815.665 66
815.729 82
815.793 111
815.857 141
815.922 165
815.986 187
816.050 190
816.114 181
816.179 161
816.243 139
816.307 117
816.371 99
816.436 90
816.500 81
816.564 85
816.629 95
816.693 107
816.757 122
816.821 139
816.886 152
816.950 167
817.014 180
817.079 182
817.143 175
817.207 158
817.272 141
817.336 119
817.400 104
817.465 93
817.529 81
817.593 74
817.657 65
817.722 63
817.786 66
817.850 72
817.915 81
817.979 81
818.043 75
818.108 71
818.172 65
818.237 63
818.301 60
818.365 54
818.430 45
818.494 43
818.558 36
818.623 40
818.687 49
818.751 55
818.816 61
818.880 69
818.945 75
819.009 74
819.073 76
819.138 69
819.202 67
819.266 63
819.331 59
819.395 55
819.460 57
819.524 51
819.588 45
819.653 43
819.717 36
819.782 36
819.846 36
819.911 37
819.975 33
820.039 31
820.104 30
820.168 30
820.233 27
820.297 28
820.362 31
820.426 32
820.490 33
820.555 34
820.619 34
820.684 31
820.748 29
820.813 28
820.877 28
820.942 26
821.006 25
821.070 28
821.135 23
821.199 24
821.264 27
821.328 27
821.393 26
821.457 25
821.522 21
821.586 19
821.651 27
821.715 28
821.780 32
821.844 36
821.909 37
821.973 42
822.038 47
822.102 48
822.167 46
822.231 47
822.296 48
822.360 46
822.425 46
822.489 44
822.554 43
822.618 41
822.683 42
822.747 42
822.812 46
822.876 44
822.941 43
823.006 43
823.070 37
823.135 37
823.199 29
823.264 23
823.328 21
823.393 26
823.457 25
823.522 30
823.586 32
823.651 34
823.716 36
823.780 42
823.845 45
823.909 46
823.974 46
824.038 43
824.103 41
824.168 39
824.232 43
824.297 37
824.361 36
824.426 35
824.491 37
824.555 40
824.620 40
824.684 41
824.749 42
824.814 42
824.878 40
824.943 45
825.008 51
825.072 52
825.137 50
825.201 52
825.266 45
825.331 41
825.395 40
825.460 36
825.525 30
825.589 29
825.654 29
825.718 32
825.783 36
825.848 39
825.912 43
825.977 48
826.042 48
826.106 50
826.171 46
826.236 44
826.300 39
826.365 35
826.430 30
826.494 28
826.559 28
826.624 31
826.689 41
826.753 42
826.818 44
826.883 42
826.947 41
827.012 45
827.077 41
827.141 38
827.206 39
827.271 38
827.335 35
827.400 39
827.465 35
827.530 37
827.594 40
827.659 45
827.724 45
827.789 48
827.853 51
827.918 51
827.983 55
828.047 59
828.112 58
828.177 51
828.242 48
828.306 44
828.371 41
828.436 44
828.501 45
828.565 47
828.630 52
828.695 51
828.760 50
828.825 51
828.889 58
828.954 60
829.019 68
829.084 71
829.148 66
829.213 62
829.278 59
829.343 50
829.408 42
829.472 38
829.537 31
829.602 33
829.667 32
829.732 29
829.796 24
829.861 24
829.926 28
829.991 34
830.056 39
830.120 38
830.185 40
830.250 35
830.315 33
830.380 31
830.445 27
830.509 32
830.574 34
830.639 35
830.704 32
830.769 31
830.834 35
830.899 38
830.963 43
831.028 42
831.093 44
831.158 40
831.223 37
831.288 38
831.353 36
831.417 33
831.482 33
831.547 31
831.612 32
831.677 36
831.742 38
831.807 46
831.872 56
831.937 60
832.001 65
832.066 65
832.131 64
832.196 63
832.261 57
832.326 56
832.391 51
832.456 53
832.521 55
832.586 57
832.651 61
832.715 66
832.780 70
832.845 78
832.910 84
832.975 86
833.040 80
833.105 76
833.170 71
833.235 69
833.300 62
833.365 63
833.430 60
833.495 59
833.560 59
833.625 57
833.690 58
833.755 62
833.820 68
833.885 65
833.949 58
834.014 58
834.079 56
834.144 54
834.209 53
834.274 50
834.339 45
834.404 46
834.469 46
834.534 44
834.599 48
834.664 48
834.729 44
834.794 49
834.859 53
834.924 52
834.989 59
835.054 60
835.119 60
835.184 56
835.249 56
835.315 49
835.380 48
835.445 48
835.510 47
835.575 49
835.640 45
835.705 47
835.770 45
835.835 53
835.900 53
835.965 55
836.030 54
836.095 52
836.160 53
836.225 54
836.290 60
836.355 58
836.420 54
836.485 51
836.550 45
836.616 40
836.681 38
836.746 39
836.811 37
836.876 39
836.941 45
837.006 47
837.071 51
837.136 53
837.201 53
837.266 54
837.332 56
837.397 57
837.462 53
837.527 53
837.592 50
837.657 53
837.722 58
837.787 62
837.853 66
837.918 67
837.983 68
838.048 62
838.113 58
838.178 51
838.243 40
838.308 37
838.374 35
838.439 36
838.504 37
838.569 38
838.634 34
838.699 31
838.765 35
838.830 33
838.895 37
838.960 41
839.025 37
839.090 41
839.156 44
839.221 51
839.286 67
839.351 165
839.416 324
839.482 585
839.547 905
839.612 1215
839.677 1505
839.742 1706
839.808 1872
839.873 1962
839.938 2007
840.003 2031
840.068 1984
840.134 1920
840.199 1836
840.264 1723
840.329 1626
840.394 1558
840.460 1516
840.525 1531
840.590 1565
840.655 1634
840.721 1735
840.786 1811
840.851 1899
840.916 1959
840.982 1949
841.047 1940
841.112 1883
841.177 1817
841.243 1751
841.308 1656
841.373 1579
841.438 1516
841.504 1481
841.569 1483
841.634 1499
841.700 1528
841.765 1572
841.830 1624
841.895 1675
841.961 1707
842.026 1715
842.091 1670
842.157 1614
842.222 1560
842.287 1484
842.352 1398
842.418 1301
842.483 1201
842.548 1123
842.614 1091
842.679 1082
842.744 1086
842.810 1116
842.875 1141
842.940 1155
843.006 1160
843.071 1126
843.136 1062
843.202 997
843.267 910
843.332 828
843.398 761
843.463 693
843.528 623
843.594 565
843.659 524
843.724 493
843.790 484
843.855 476
843.921 471
843.986 460
844.051 468
844.117 469
844.182 462
844.247 449
844.313 409
844.378 372
844.444 340
844.509 314
844.574 292
844.640 271
844.705 245
844.770 223
844.836 217
844.901 216
844.967 228
845.032 233
845.098 243
845.163 247
845.228 252
845.294 258
845.359 250
845.425 248
845.490 236
845.555 222
845.621 212
845.686 200
845.752 191
845.817 186
845.883 185
845.948 187
846.014 187
846.079 183
846.144 183
846.210 184
846.275 194
846.341 206
846.406 208
846.472 197
846.537 177
846.603 150
846.668 125
846.734 98
846.799 76
846.865 56
846.930 48
846.996 43
847.061 44
847.127 53
847.192 65
847.258 78
847.323 97
847.389 115
847.454 117
847.520 115
847.585 97
847.651 77
847.716 57
847.782 38
847.847 32
847.913 29
847.978 39
848.044 46
848.109 50
848.175 53
848.240 59
848.306 60
848.371 70
848.437 75
848.502 76
848.568 76
848.634 67
848.699 64
848.765 57
848.830 57
848.896 51
848.961 46
849.027 42
849.092 42
849.158 43
849.224 43
849.289 46
849.355 45
849.420 42
849.486 38
849.551 31
849.617 28
849.683 24
849.748 21
849.814 25
849.879 31
849.945 34
850.011 36
850.076 40
850.142 39
850.207 37
850.273 35
850.339 32
850.404 29
850.470 32
850.536 33
850.601 35
850.667 33
850.732 33
850.798 34
850.864 39
850.929 42
850.995 48
851.061 52
851.126 54
851.192 53
851.258 55
851.323 60
851.389 60
851.455 64
851.520 60
851.586 54
851.652 54
851.717 49
851.783 49
851.849 53
851.914 62
851.980 71
852.046 72
852.111 74
852.177 65
852.243 60
852.308 56
852.374 56
852.440 61
852.505 63
852.571 65
852.637 65
852.703 70
852.768 65
852.834 63
852.900 64
852.965 61
853.031 65
853.097 64
853.163 58
853.228 54
853.294 52
853.360 51
853.426 47
853.491 45
853.557 38
853.623 36
853.689 36
853.754 36
853.820 38
853.886 42
853.952 48
854.017 49
854.083 54
854.149 52
854.215 58
854.280 58
854.346 54
854.412 52
854.478 53
854.543 55
854.609 55
854.675 62
854.741 62
854.807 68
854.872 72
854.938 70
855.004 82
855.070 83
855.136 78
855.201 75
855.267 67
855.333 63
855.399 61
855.465 59
855.530 57
855.596 66
855.662 75
855.728 99
855.794 124
855.860 159
855.925 194
855.991 216
856.057 231
856.123 228
856.189 218
856.255 204
856.321 191
856.386 175
856.452 167
856.518 161
856.584 152
856.650 161
856.716 177
856.782 203
856.847 233
856.913 260
856.979 271
857.045 264
857.111 256
857.177 232
857.243 215
857.309 196
857.374 176
857.440 157
857.506 152
857.572 147
857.638 141
857.704 145
857.770 145
857.836 145
857.902 147
857.968 153
858.034 149
858.099 143
858.165 139
858.231 125
858.297 111
858.363 106
858.429 91
858.495 81
858.561 80
858.627 76
858.693 70
858.759 74
858.825 80
858.891 89
858.957 90
859.023 99
859.089 95
859.154 88
859.220 87
859.286 77
859.352 72
859.418 70
859.484 72
859.550 67
859.616 61
859.682 61
859.748 52
859.814 54
859.880 55
859.946 56
860.012 61
860.078 64
860.144 68
860.210 69
860.276 73
860.342 70
860.408 73
860.474 70
860.540 64
860.606 62
860.672 58
860.738 63
860.804 65
860.870 73
860.936 82
861.002 80
861.068 75
861.134 73
861.201 65
861.267 61
861.333 56
861.399 53
861.465 47
861.531 46
861.597 47
861.663 46
861.729 52
861.795 54
861.861 52
861.927 51
861.993 49
862.059 49
862.125 49
862.191 55
862.257 49
862.324 50
862.390 51
862.456 43
862.522 44
862.588 43
862.654 41
862.720 42
862.786 44
862.852 48
862.918 56
862.985 63
863.051 68
863.117 70
863.183 74
863.249 71
863.315 70
863.381 70
863.447 66
863.514 69
863.580 71
863.646 71
863.712 72
863.778 70
863.844 74
863.910 74
863.976 69
864.043 69
864.109 69
864.175 65
864.241 63
864.307 66
864.373 62
864.440 60
864.506 57
864.572 54
864.638 57
864.704 59
864.770 64
864.837 69
864.903 76
864.969 78
865.035 85
865.101 79
865.168 73
865.234 67
865.300 59
865.366 55
865.432 53
865.499 53
865.565 53
865.631 53
865.697 52
865.763 48
865.830 45
865.896 46
865.962 51
866.028 55
866.095 54
866.161 55
866.227 56
866.293 56
866.360 59
866.426 61
866.492 64
866.558 65
866.624 61
866.691 59
866.757 55
866.823 47
866.890 44
866.956 41
867.022 46
867.088 47
867.155 50
867.221 56
867.287 60
867.353 63
867.420 65
867.486 61
867.552 58
867.619 52
867.685 49
867.751 45
867.817 43
867.884 41
867.950 42
868.016 45
868.083 43
868.149 42
868.215 42
868.282 42
868.348 45
868.414 48
868.481 50
868.547 47
868.613 48
868.680 50
868.746 50
868.812 46
868.879 47
868.945 44
869.011 48
869.078 53
869.144 52
869.210 52
869.277 52
869.343 51
869.409 50
869.476 50
869.542 47
869.608 47
869.675 47
869.741 49
869.808 45
869.874 48
869.940 43
870.007 40
870.073 44
870.139 41
870.206 35
870.272 31
870.339 28
870.405 25
870.471 27
870.538 28
870.604 31
870.671 33
870.737 33
870.803 30
870.870 29
870.936 28
871.003 32
871.069 32
871.136 32
871.202 34
871.268 40
871.335 40
871.401 42
871.468 45
871.534 42
871.601 45
871.667 45
871.733 46
871.800 47
871.866 48
871.933 55
871.999 61
872.066 67
872.132 68
872.199 68
872.265 66
872.332 61
872.398 58
872.465 58
872.531 52
872.597 49
872.664 52
872.730 53
872.797 58
872.863 64
872.930 65
872.996 62
873.063 68
873.129 70
873.196 69
873.262 65
873.329 62
873.395 60
873.462 62
873.528 70
873.595 69
873.662 67
873.728 66
873.795 66
873.861 68
873.928 73
873.994 68
874.061 64
874.127 56
874.194 49
874.260 49
874.327 47
874.393 47
874.460 49
874.527 53
874.593 50
874.660 50
874.726 52
874.793 57
874.859 57
874.926 63
874.993 64
875.059 61
875.126 64
875.192 60
875.259 54
875.325 50
875.392 43
875.459 45
875.525 50
875.592 56
875.658 62
875.725 66
875.792 68
875.858 77
875.925 85
875.991 87
876.058 88
876.125 85
876.191 87
876.258 80
876.325 70
876.391 63
876.458 56
876.524 55
876.591 55
876.658 51
876.724 53
876.791 53
876.858 60
876.924 66
876.991 69
877.058 76
877.124 83
877.191 80
877.258 83
877.324 79
877.391 69
877.458 60
877.524 51
877.591 42
877.658 37
877.724 33
877.791 33
877.858 36
877.924 38
877.991 43
878.058 45
878.124 46
878.191 47
878.258 49
878.324 50
878.391 51
878.458 50
878.525 47
878.591 47
878.658 42
878.725 41
878.791 44
878.858 51
878.925 50
878.992 55
879.058 52
879.125 43
879.192 42
879.259 42
879.325 40
879.392 37
879.459 36
879.526 29
879.592 32
879.659 36
879.726 35
879.793 29
879.859 29
879.926 25
879.993 27
880.060 31
880.126 30
880.193 36
880.260 41
880.327 47
880.393 47
880.460 49
880.527 43
880.594 41
880.661 38
880.727 39
880.794 41
880.861 40
880.928 39
880.995 43
881.061 41
881.128 40
881.195 41
881.262 40
881.329 43
881.395 47
881.462 47
881.529 42
881.596 43
881.663 42
881.730 40
881.796 33
881.863 31
881.930 32
881.997 35
882.064 40
882.131 40
882.198 39
882.264 39
882.331 38
882.398 43
882.465 43
882.532 42
882.599 42
882.666 38
882.732 37
882.799 40
882.866 43
882.933 44
883.000 42
883.067 38
883.134 36
883.201 30
883.267 28
883.334 28
883.401 33
883.468 35
883.535 41
883.602 42
883.669 33
883.736 33
883.803 28
883.870 29
883.937 29
884.003 28
884.070 27
884.137 29
884.204 30
884.271 34
884.338 38
884.405 37
884.472 37
884.539 39
884.606 37
884.673 38
884.740 39
884.807 37
884.874 34
884.941 35
885.008 36
885.075 39
885.141 43
885.208 41
885.275 44
885.342 44
885.409 44
885.476 43
885.543 38
885.610 38
885.677 40
885.744 42
885.811 47
885.878 54
885.945 54
886.012 56
886.079 57
886.146 52
886.213 46
886.280 43
886.347 40
886.414 40
886.481 41
886.548 42
886.615 37
886.682 40
886.749 42
886.816 47
886.883 48
886.950 46
887.018 45
887.085 42
887.152 39
887.219 36
887.286 27
887.353 32
887.420 33
887.487 38
887.554 39
887.621 43
887.688 49
887.755 57
887.822 61
887.889 64
887.956 67
888.023 65
888.090 63
888.158 62
888.225 63
888.292 58
888.359 55
888.426 61
888.493 57
888.560 61
888.627 64
888.694 64
888.761 67
888.828 81
888.896 94
888.963 96
889.030 106
889.097 98
889.164 92
889.231 83
889.298 65
889.365 55
889.432 42
889.500 39
889.567 36
889.634 44
889.701 53
889.768 61
889.835 64
889.902 70
889.970 73
890.037 68
890.104 68
890.171 63
890.238 65
890.305 69
890.373 71
890.440 68
890.507 70
890.574 74
890.641 73
890.708 69
890.776 67
890.843 66
890.910 58
890.977 56
891.044 56
891.112 62
891.179 64
891.246 61
891.313 60
891.380 52
891.448 50
891.515 44
891.582 36
891.649 37
891.716 35
891.784 40
891.851 46
891.918 45
891.985 51
892.052 54
892.120 51
892.187 53
892.254 51
892.321 51
892.389 47
892.456 53
892.523 54
892.590 55
892.658 57
892.725 55
892.792 54
892.859 50
892.927 52
892.994 47
893.061 43
893.128 41
893.196 32
893.263 30
893.330 33
893.398 36
893.465 36
893.532 37
893.599 33
893.667 35
893.734 40
893.801 42
893.869 43
893.936 43
894.003 36
894.071 35
894.138 33
894.205 33
894.272 36
894.340 35
894.407 34
894.474 32
894.542 36
894.609 36
894.676 38
894.744 37
894.811 39
894.878 42
894.946 44
895.013 45
895.080 43
895.148 47
895.215 47
895.282 48
895.350 46
895.417 43
895.484 40
895.552 39
895.619 43
895.687 40
895.754 35
895.821 33
895.889 40
895.956 37
896.023 35
896.091 35
896.158 36
896.226 40
896.293 38
896.360 39
896.428 39
896.495 35
896.563 37
896.630 41
896.697 38
896.765 39
896.832 40
896.900 36
896.967 32
897.034 31
897.102 29
897.169 27
897.237 28
897.304 29
897.372 31
897.439 31
897.506 35
897.574 35
897.641 41
897.709 47
897.776 55
897.844 54
897.911 58
897.979 56
898.046 47
898.113 47
898.181 39
898.248 35
898.316 29
898.383 30
898.451 27
898.518 26
898.586 28
898.653 27
898.721 28
898.788 33
898.856 33
898.923 36
898.991 42
899.058 46
899.126 48
899.193 49
899.261 48
899.328 48
899.396 49
899.463 46
899.531 44
899.598 40
899.666 32
899.733 28
899.801 25
899.868 24
899.936 25
900.003 27
900.071 29
900.138 29
900.206 30
900.274 31
900.341 31
900.409 33
900.476 28
900.544 31
900.611 35
900.679 39
900.746 41
900.814 40
900.882 41
900.949 37
901.017 38
901.084 39
901.152 35
901.219 37
901.287 36
901.355 37
901.422 40
901.490 44
901.557 43
901.625 44
901.692 44
901.760 41
901.828 38
901.895 44
901.963 49
902.031 54
902.098 65
902.166 66
902.233 66
902.301 59
902.369 50
902.436 44
902.504 41
902.571 42
902.639 38
902.707 40
902.774 42
902.842 45
902.910 47
902.977 48
903.045 55
903.113 53
903.180 57
903.248 54
903.316 55
903.383 53
903.451 49
903.519 55
903.586 58
903.654 63
903.722 68
903.789 73
903.857 70
903.925 70
903.992 67
904.060 64
904.128 62
904.195 64
904.263 60
904.331 58
904.398 63
904.466 58
904.534 58
904.602 55
904.669 56
904.737 62
904.805 66
904.872 73
904.940 73
905.008 72
905.076 77
905.143 75
905.211 72
905.279 63
905.346 55
905.414 51
905.482 49
905.550 51
905.617 51
905.685 50
905.753 51
905.821 58
905.888 62
905.956 64
906.024 67
906.092 65
906.159 64
906.227 63
906.295 56
906.363 51
906.431 45
906.498 41
906.566 34
906.634 36
906.702 36
906.769 33
906.837 34
906.905 36
906.973 37
907.041 36
907.108 42
907.176 40
907.244 39
907.312 43
907.380 48
907.447 46
907.515 46
907.583 45
907.651 43
907.719 46
907.787 52
907.854 56
907.922 57
907.990 60
908.058 61
908.126 58
908.194 60
908.261 56
908.329 49
908.397 52
908.465 47
908.533 47
908.601 45
908.669 46
908.736 52
908.804 54
908.872 53
908.940 50
909.008 46
909.076 42
909.144 40
909.212 43
909.279 34
909.347 31
909.415 29
909.483 27
909.551 29
909.619 32
909.687 34
909.755 33
909.823 39
909.890 43
909.958 46
910.026 46
910.094 48
910.162 49
910.230 45
910.298 44
910.366 39
910.434 35
910.502 35
910.570 36
910.638 39
910.706 42
910.773 43
910.841 44
910.909 47
910.977 45
911.045 44
911.113 40
911.181 37
911.249 39
911.317 43
911.385 71
911.453 112
911.521 208
911.589 355
911.657 574
911.725 834
911.793 1097
911.861 1312
911.929 1411
911.997 1432
912.065 1370
912.133 1250
912.201 1105
912.269 957
912.337 786
912.405 655
912.473 577
912.541 531
912.609 583
912.677 676
912.745 832
912.813 1007
912.881 1155
912.949 1255
913.017 1264
913.085 1221
913.153 1125
913.221 1016
913.289 900
913.357 795
913.425 684
913.493 597
913.561 551
913.629 522
913.697 546
913.765 581
913.833 618
913.901 657
913.969 688
914.038 686
914.106 655
914.174 602
914.242 520
914.310 449
914.378 397
914.446 360
914.514 340
914.582 327
914.650 322
914.718 323
914.786 343
914.855 367
914.923 378
914.991 377
915.059 364
915.127 341
915.195 313
915.263 279
915.331 247
915.399 218
915.467 192
915.536 174
915.604 164
915.672 153
915.740 147
915.808 147
915.876 150
915.944 157
916.012 161
916.081 163
916.149 160
916.217 149
916.285 144
916.353 135
916.421 127
916.490 121
916.558 111
916.626 105
916.694 104
916.762 105
916.830 103
916.898 99
916.967 93
917.035 88
917.103 92
917.171 95
917.239 98
917.308 99
917.376 101
917.444 98
917.512 102
917.580 101
917.649 100
917.717 99
917.785 102
917.853 105
917.921 104
917.990 108
918.058 102
918.126 107
918.194 102
918.262 95
918.331 90
918.399 81
918.467 77
918.535 73
918.604 73
918.672 72
918.740 71
918.808 72
918.877 70
918.945 65
919.013 61
919.081 56
919.150 56
919.218 57
919.286 60
919.354 63
919.423 60
919.491 63
919.559 67
919.627 68
919.696 67
919.764 71
919.832 67
919.901 66
919.969 62
920.037 54
920.105 44
920.174 37
920.242 30
920.310 25
920.379 26
920.447 27
920.515 31
920.584 41
920.652 44
920.720 52
920.788 54
920.857 53
920.925 54
920.993 57
921.062 55
921.130 58
921.198 52
921.267 44
921.335 48
921.403 49
921.472 57
921.540 67
921.608 69
921.677 72
921.745 72
921.814 70
921.882 69
921.950 65
922.019 61
922.087 65
922.155 61
922.224 54
922.292 50
922.360 46
922.429 44
922.497 48
922.566 49
922.634 43
922.702 41
922.771 38
922.839 39
922.908 35
922.976 35
923.044 39
923.113 37
923.181 37
923.250 43
923.318 46
923.386 49
923.455 44
923.523 38
923.592 41
923.660 42
923.729 43
923.797 45
923.865 39
923.934 38
924.002 41
924.071 40
924.139 41
924.208 38
924.276 33
924.344 30
924.413 33
924.481 33
924.550 30
924.618 32
924.687 33
924.755 33
924.824 38
924.892 36
924.961 34
925.029 35
925.098 39
925.166 42
925.235 42
925.303 40
925.372 36
925.440 38
925.509 38
925.577 36
925.646 39
925.714 42
925.783 44
925.851 47
925.920 52
925.988 56
926.057 54
926.125 56
926.194 54
926.262 51
926.331 45
926.399 46
926.468 44
926.536 42
926.605 39
926.673 34
926.742 36
926.810 38
926.879 39
926.947 45
927.016 48
927.085 52
927.153 56
927.222 59
927.290 58
927.359 56
927.427 61
927.496 60
927.565 63
927.633 73
927.702 81
927.770 99
927.839 116
927.907 131
927.976 144
928.045 142
928.113 143
928.182 124
928.250 105
928.319 91
928.388 77
928.456 76
928.525 73
928.593 81
928.662 88
928.731 104
928.799 120
928.868 131
928.936 141
929.005 148
929.074 150
929.142 147
929.211 140
929.280 129
929.348 120
929.417 113
929.486 103
929.554 104
929.623 101
929.692 105
929.760 106
929.829 106
929.897 107
929.966 99
930.035 95
930.103 86
930.172 77
930.241 69
930.309 60
930.378 59
930.447 58
930.516 65
930.584 72
930.653 77
930.722 78
930.790 75
930.859 75
930.928 74
930.996 72
931.065 68
931.134 63
931.202 62
931.271 60
931.340 57
931.409 54
931.477 53
931.546 49
931.615 51
931.684 53
931.752 56
931.821 54
931.890 60
931.958 67
932.027 70
932.096 74
932.165 68
932.233 61
932.302 57
932.371 53
932.440 53
932.508 48
932.577 50
932.646 47
932.715 52
932.783 54
932.852 58
932.921 72
932.990 74
933.059 78
933.127 74
933.196 68
933.265 63
933.334 62
933.402 65
933.471 58
933.540 57
933.609 50
933.678 53
933.746 60
933.815 66
933.884 73
933.953 74
934.022 80
934.091 76
934.159 74
934.228 67
934.297 61
934.366 61
934.435 59
934.503 62
934.572 56
934.641 58
934.710 57
934.779 56
934.848 61
934.916 57
934.985 51
935.054 53
935.123 52
935.192 62
935.261 71
935.330 103
935.398 165
935.467 301
935.536 491
935.605 770
935.674 1059
935.743 1312
935.812 1519
935.881 1611
935.949 1649
936.018 1630
936.087 1585
936.156 1526
936.225 1447
936.294 1349
936.363 1241
936.432 1142
936.501 1108
936.570 1176
936.638 1290
936.707 1430
936.776 1538
936.845 1591
936.914 1614
936.983 1611
937.052 1597
937.121 1540
937.190 1470
937.259 1376
937.328 1257
937.397 1147
937.466 1034
937.535 951
937.603 930
937.672 993
937.741 1097
937.810 1222
937.879 1333
937.948 1366
938.017 1362
938.086 1308
938.155 1209
938.224 1090
938.293 961
938.362 841
938.431 745
938.500 690
938.569 659
938.638 641
938.707 635
938.776 647
938.845 660
938.914 671
938.983 673
939.052 644
939.121 609
939.190 543
939.259 477
939.328 421
939.397 371
939.466 341
939.535 315
939.604 303
939.673 286
939.742 287
939.811 291
939.880 289
939.949 292
940.018 282
940.087 269
940.156 246
940.225 218
940.294 193
940.363 169
940.433 155
940.502 141
940.571 139
940.640 136
940.709 137
940.778 136
940.847 138
940.916 140
940.985 140
941.054 138
941.123 132
941.192 130
941.261 128
941.330 128
941.399 132
941.469 134
941.538 132
941.607 131
941.676 128
941.745 126
941.814 126
941.883 129
941.952 132
942.021 132
942.091 132
942.160 133
942.229 134
942.298 132
942.367 136
942.436 139
942.505 134
942.574 130
942.644 129
942.713 124
942.782 119
942.851 117
942.920 106
942.989 91
943.058 82
943.128 74
943.197 70
943.266 75
943.335 70
943.404 65
943.473 62
943.542 54
943.612 60
943.681 69
943.750 75
943.819 80
943.888 84
943.958 86
944.027 81
944.096 79
944.165 73
944.234 63
944.304 57
944.373 45
944.442 39
944.511 35
944.580 35
944.650 40
944.719 39
944.788 42
944.857 45
944.926 53
944.996 53
945.065 56
945.134 54
945.203 49
945.273 47
945.342 39
945.411 40
945.480 34
945.549 32
945.619 33
945.688 30
945.757 37
945.826 41
945.896 49
945.965 54
946.034 65
946.103 73
946.173 79
946.242 82
946.311 82
946.381 70
946.450 60
946.519 55
946.588 48
946.658 48
946.727 50
946.796 47
946.866 48
946.935 50
947.004 46
947.073 49
947.143 51
947.212 48
947.281 43
947.351 41
947.420 38
947.489 39
947.559 39
947.628 43
947.697 44
947.767 46
947.836 50
947.905 52
947.975 51
948.044 51
948.113 52
948.183 54
948.252 58
948.321 61
948.391 60
948.460 64
948.529 69
948.599 73
948.668 73
948.737 71
948.807 75
948.876 75
948.945 75
949.015 74
949.084 63
949.154 55
949.223 56
949.292 59
949.362 63
949.431 64
949.501 69
949.570 67
949.639 68
949.709 70
949.778 72
949.847 71
949.917 74
949.986 73
950.056 70
950.125 69
950.195 68
950.264 63
950.333 60
950.403 53
950.472 46
950.542 51
950.611 50
950.680 56
950.750 63
950.819 60
950.889 56
950.958 56
951.028 60
951.097 65
951.167 68
951.236 70
951.306 61
951.375 59
951.444 60
951.514 67
951.583 79
951.653 99
951.722 123
951.792 148
951.861 172
951.931 184
952.000 197
952.070 189
952.139 173
952.209 154
952.278 135
952.348 125
952.417 125
952.487 126
952.556 129
952.626 140
952.695 150
952.765 157
952.834 167
952.904 167
952.973 160
953.043 147
953.112 128
953.182 112
953.251 101
953.321 92
953.390 77
953.460 70
953.529 64
953.599 71
953.669 79
953.738 91
953.808 101
953.877 109
953.947 116
954.016 116
954.086 121
954.155 108
954.225 95
954.295 82
954.364 69
954.434 67
954.503 66
954.573 68
954.642 72
954.712 80
954.782 84
954.851 84
954.921 83
954.990 83
955.060 81
955.130 80
955.199 74
955.269 65
955.338 58
955.408 57
955.478 51
955.547 49
955.617 53
955.686 51
955.756 56
955.826 59
955.895 62
955.965 67
956.034 71
956.104 68
956.174 70
956.243 69
956.313 66
956.383 66
956.452 63
956.522 59
956.592 63
956.661 61
956.731 56
956.801 55
956.870 53
956.940 54
957.010 56
957.079 54
957.149 50
957.219 47
957.288 46
957.358 48
957.428 48
957.497 48
957.567 43
957.637 42
957.706 45
957.776 47
957.846 51
957.915 54
957.985 54
958.055 54
958.125 49
958.194 49
958.264 48
958.334 46
958.403 48
958.473 46
958.543 43
958.613 41
958.682 35
958.752 33
958.822 31
958.892 31
958.961 27
959.031 28
959.101 32
959.171 31
959.240 37
959.310 39
959.380 44
959.450 54
959.519 70
959.589 95
959.659 124
959.729 171
959.798 221
959.868 268
959.938 310
960.008 325
960.077 316
960.147 288
960.217 256
960.287 207
960.357 166
960.426 142
960.496 131
960.566 147
960.636 180
960.706 219
960.775 268
960.845 324
960.915 371
960.985 398
961.055 406
961.124 378
961.194 340
961.264 298
961.334 256
961.404 224
961.474 195
961.543 175
961.613 157
961.683 156
961.753 160
961.823 175
961.893 190
961.962 203
962.032 207
962.102 197
962.172 188
962.242 166
962.312 144
962.382 126
962.451 109
962.521 98
962.591 91
962.661 90
962.731 91
962.801 94
962.871 103
962.941 107
963.010 113
963.080 114
963.150 113
963.220 112
963.290 103
963.360 102
963.430 95
963.500 87
963.570 76
963.640 69
963.710 66
963.779 63
963.849 65
963.919 65
963.989 67
964.059 66
964.129 66
964.199 63
964.269 62
964.339 65
964.409 65
964.479 69
964.549 73
964.619 75
964.689 78
964.759 76
964.828 75
964.898 69
964.968 67
965.038 63
965.108 58
965.178 53
965.248 51
965.318 52
965.388 54
965.458 57
965.528 59
965.598 57
965.668 50
965.738 46
965.808 46
965.878 48
965.948 50
966.018 51
966.088 55
966.158 52
966.228 54
966.298 53
966.368 48
966.438 50
966.508 47
966.578 52
966.648 54
966.718 53
966.788 54
966.858 51
966.928 54
966.998 50
967.068 49
967.138 47
967.208 43
967.278 40
967.349 36
967.419 35
967.489 34
967.559 35
967.629 37
967.699 38
967.769 33
967.839 34
967.909 32
967.979 33
968.049 34
968.119 35
968.189 36
968.259 33
968.329 32
968.400 30
968.470 35
968.540 39
968.610 48
968.680 56
968.750 68
968.820 71
968.890 73
968.960 73
969.030 62
969.101 57
969.171 51
969.241 45
969.311 41
969.381 39
969.451 38
969.521 38
969.591 39
969.662 41
969.732 43
969.802 51
969.872 60
969.942 65
970.012 73
970.082 73
970.152 71
970.223 70
970.293 70
970.363 69
970.433 66
970.503 67
970.573 62
970.644 62
970.714 58
970.784 57
970.854 53
970.924 49
970.994 44
971.065 44
971.135 48
971.205 47
971.275 43
971.345 41
971.416 36
971.486 35
971.556 36
971.626 35
971.696 35
971.767 38
971.837 32
971.907 32
971.977 31
972.048 36
972.118 44
972.188 52
972.258 55
972.328 57
972.399 54
972.469 55
972.539 52
972.609 48
972.680 44
972.750 39
972.820 36
972.890 38
972.961 43
973.031 42
973.101 46
973.171 47
973.242 47
973.312 47
973.382 46
973.452 43
973.523 38
973.593 40
973.663 38
973.734 36
973.804 39
973.874 42
973.944 45
974.015 44
974.085 49
974.155 45
974.226 45
974.296 49
974.366 50
974.436 54
974.507 55
974.577 56
974.647 54
974.718 54
974.788 62
974.858 58
974.929 57
974.999 56
975.069 46
975.140 45
975.210 36
975.280 32
975.351 31
975.421 30
975.491 30
975.562 34
975.632 38
975.702 48
975.773 62
975.843 74
975.914 88
975.984 96
976.054 98
976.125 96
976.195 96
976.265 87
976.336 80
976.406 77
976.476 66
976.547 61
976.617 58
976.688 60
976.758 66
976.828 74
976.899 80
976.969 82
977.040 81
977.110 86
977.180 82
977.251 76
977.321 74
977.392 67
977.462 62
977.533 58
977.603 56
977.673 47
977.744 39
977.814 37
977.885 32
977.955 32
978.026 32
978.096 30
978.166 30
978.237 33
978.307 30
978.378 28
978.448 28
978.519 30
978.589 28
978.660 30
978.730 28
978.801 32
978.871 39
978.941 43
979.012 51
979.082 47
979.153 47
979.223 46
979.294 42
979.364 42
979.435 41
979.505 45
979.576 48
979.646 52
979.717 51
979.787 50
979.858 49
979.928 53
979.999 55
980.069 60
980.140 63
980.210 58
980.281 55
980.351 49
980.422 44
980.492 40
980.563 44
980.634 41
980.704 35
980.775 38
980.845 38
980.916 45
980.986 49
981.057 51
981.127 51
981.198 52
981.268 51
981.339 46
981.410 42
981.480 39
981.551 35
981.621 34
981.692 35
981.762 35
981.833 35
981.904 38
981.974 39
982.045 40
982.115 41
982.186 39
982.256 33
982.327 30
982.398 31
982.468 29
982.539 29
982.609 31
982.680 28
982.751 30
982.821 31
982.892 33
982.963 34
983.033 36
983.104 33
983.174 36
983.245 37
983.316 52
983.386 81
983.457 153
983.528 255
983.598 433
983.669 647
983.740 889
983.810 1129
983.881 1300
983.951 1388
984.022 1346
984.093 1239
984.163 1083
984.234 944
984.305 832
984.375 735
984.446 666
984.517 647
984.587 724
984.658 847
984.729 1016
984.800 1177
984.870 1259
984.941 1310
985.012 1300
985.082 1233
985.153 1123
985.224 992
985.294 844
985.365 728
985.436 669
985.506 631
985.577 623
985.648 637
985.719 667
985.789 714
985.860 774
985.931 807
986.002 800
986.072 770
986.143 700
986.214 630
986.284 553
986.355 482
986.426 429
986.497 385
986.567 376
986.638 373
986.709 381
986.780 401
986.850 412
986.921 419
986.992 411
987.063 392
987.134 362
987.204 328
987.275 286
987.346 249
987.417 222
987.487 197
987.558 193
987.629 194
987.700 188
987.771 191
987.841 188
987.912 180
987.983 174
988.054 163
988.125 145
988.195 128
988.266 117
988.337 108
988.408 105
988.479 104
988.549 102
988.620 100
988.691 100
988.762 96
988.833 92
988.904 83
988.974 79
989.045 75
989.116 70
989.187 68
989.258 72
989.329 78
989.400 78
989.470 75
989.541 84
989.612 86
989.683 91
989.754 90
989.825 86
989.896 84
989.966 80
990.037 82
990.108 78
990.179 73
990.250 75
990.321 75
990.392 79
990.463 85
990.534 88
990.604 89
990.675 87
990.746 87
990.817 89
990.888 85
990.959 85
991.030 79
991.101 76
991.172 75
991.243 71
991.313 62
991.384 51
991.455 42
991.526 43
991.597 45
991.668 51
991.739 62
991.810 64
991.881 66
991.952 68
992.023 65
992.094 62
992.165 54
992.236 52
992.307 48
992.378 43
992.449 39
992.520 34
992.591 33
992.661 40
992.732 51
992.803 53
992.874 60
992.945 62
993.016 66
993.087 70
993.158 71
993.229 68
993.300 59
993.371 56
993.442 48
993.513 45
993.584 44
993.655 45
993.726 45
993.797 50
993.868 55
993.939 55
994.010 61
994.081 64
994.152 63
994.223 67
994.295 64
994.366 64
994.437 65
994.508 68
994.579 67
994.650 62
994.721 56
994.792 56
994.863 52
994.934 50
995.005 50
995.076 48
995.147 43
995.218 42
995.289 41
995.360 42
995.431 46
995.502 49
995.573 48
995.645 45
995.716 48
995.787 50
995.858 46
995.929 46
996.000 46
996.071 44
996.142 42
996.213 45
996.284 41
996.355 42
996.427 40
996.498 37
996.569 32
996.640 31
996.711 34
996.782 37
996.853 41
996.924 42
996.996 42
997.067 47
997.138 50
997.209 52
997.280 46
997.351 44
997.422 42
997.493 45
997.565 48
997.636 52
997.707 49
997.778 46
997.849 39
997.920 34
997.992 35
998.063 32
998.134 30
998.205 31
998.276 35
998.347 35
998.419 32
998.490 31
998.561 34
998.632 37
998.703 37
998.775 37
998.846 33
998.917 32
998.988 34
999.059 35
999.131 38
999.202 36
999.273 38
999.344 36
999.415 38
999.487 43
999.558 52
999.629 66
999.700 80
999.771 98
999.843 112
999.914 111
999.985 118
1000.056 120
1000.128 116
1000.199 114
1000.270 105
1000.341 93
1000.413 83
1000.484 88
1000.555 91
1000.626 92
1000.698 104
1000.769 113
1000.840 130
1000.911 146
1000.983 156
1001.054 153
1001.125 153
1001.197 145
1001.268 133
1001.339 126
1001.410 117
1001.482 104
1001.553 96
1001.624 88
1001.696 77
1001.767 77
1001.838 84
1001.910 83
1001.981 82
1002.052 76
1002.123 70
1002.195 67
1002.266 61
1002.337 61
1002.409 57
1002.480 62
1002.551 66
1002.623 71
1002.694 73
1002.765 71
1002.837 74
1002.908 71
1002.979 72
1003.051 72
1003.122 71
1003.193 66
1003.265 58
1003.336 56
1003.408 53
1003.479 52
1003.550 57
1003.622 56
1003.693 55
1003.764 54
1003.836 56
1003.907 54
1003.978 54
1004.050 57
1004.121 59
1004.193 57
1004.264 56
1004.335 52
1004.407 52
1004.478 51
1004.550 48
1004.621 47
1004.692 50
1004.764 50
1004.835 54
1004.907 56
1004.978 57
1005.049 58
1005.121 58
1005.192 56
1005.264 54
1005.335 55
1005.407 53
1005.478 55
1005.549 54
1005.621 48
1005.692 41
1005.764 42
1005.835 44
1005.907 47
1005.978 51
1006.050 50
1006.121 53
1006.193 54
1006.264 59
1006.335 62
1006.407 56
1006.478 54
1006.550 53
1006.621 51
1006.693 53
1006.764 57
1006.836 52
1006.907 55
1006.979 61
1007.050 61
1007.122 59
1007.193 58
1007.265 67
1007.336 113
1007.408 184
1007.479 329
1007.551 522
1007.622 765
1007.694 1032
1007.765 1271
1007.837 1451
1007.908 1529
1007.980 1570
1008.051 1536
1008.123 1462
1008.194 1344
1008.266 1189
1008.337 1036
1008.409 924
1008.481 921
1008.552 990
1008.624 1127
1008.695 1285
1008.767 1412
1008.838 1505
1008.910 1556
1008.981 1569
1009.053 1529
1009.125 1461
1009.196 1361
1009.268 1240
1009.339 1119
1009.411 1015
1009.482 935
1009.554 894
1009.626 917
1009.697 971
1009.769 1067
1009.840 1153
1009.912 1198
1009.984 1198
1010.055 1159
1010.127 1087
1010.198 986
1010.270 882
1010.342 774
1010.413 690
1010.485 629
1010.556 591
1010.628 568
1010.700 559
1010.771 569
1010.843 573
1010.915 593
1010.986 601
1011.058 582
1011.129 557
1011.201 496
1011.273 436
1011.344 383
1011.416 340
1011.488 316
1011.559 294
1011.631 292
1011.703 293
1011.774 299
1011.846 305
1011.918 302
1011.989 284
1012.061 271
1012.133 257
1012.204 239
1012.276 220
1012.348 202
1012.419 186
1012.491 177
1012.563 174
1012.634 166
1012.706 154
1012.778 148
1012.849 139
1012.921 136
1012.993 125
1013.065 117
1013.136 109
1013.208 100
1013.280 98
1013.351 100
1013.423 94
1013.495 97
1013.567 102
1013.638 104
1013.710 110
1013.782 111
1013.854 116
1013.925 110
1013.997 109
1014.069 108
1014.140 98
1014.212 98
1014.284 97
1014.356 98
1014.427 102
1014.499 102
1014.571 97
1014.643 95
1014.715 97
1014.786 100
1014.858 99
1014.930 99
1015.002 96
1015.073 90
1015.145 90
1015.217 77
1015.289 65
1015.361 57
1015.432 50
1015.504 46
1015.576 43
1015.648 47
1015.720 50
1015.791 64
1015.863 77
1015.935 85
1016.007 95
1016.079 97
1016.150 101
1016.222 98
1016.294 92
1016.366 80
1016.438 71
1016.510 61
1016.581 51
1016.653 50
1016.725 47
1016.797 51
1016.869 56
1016.941 65
1017.012 72
1017.084 74
1017.156 73
1017.228 69
1017.300 66
1017.372 68
1017.444 69
1017.515 65
1017.587 64
1017.659 58
1017.731 54
1017.803 55
1017.875 59
1017.947 61
1018.019 64
1018.090 69
1018.162 72
1018.234 72
1018.306 73
1018.378 67
1018.450 61
1018.522 57
1018.594 48
1018.666 48
1018.738 44
1018.809 46
1018.881 49
1018.953 53
1019.025 51
1019.097 55
1019.169 63
1019.241 67
1019.313 71
1019.385 67
1019.457 65
1019.529 65
1019.601 61
1019.673 65
1019.745 68
1019.816 67
1019.888 67
1019.960 67
1020.032 64
1020.104 66
1020.176 67
1020.248 63
1020.320 62
1020.392 57
1020.464 49
1020.536 46
1020.608 45
1020.680 47
1020.752 47
1020.824 51
1020.896 56
1020.968 58
1021.040 60
1021.112 59
1021.184 57
1021.256 61
1021.328 56
1021.400 51
1021.472 45
1021.544 46
1021.616 40
1021.688 43
1021.760 48
1021.832 50
1021.904 57
1021.976 60
1022.048 60
1022.120 54
1022.192 47
1022.264 41
1022.336 42
1022.408 42
1022.480 44
1022.552 44
1022.624 48
1022.696 51
1022.769 54
1022.841 55
1022.913 54
1022.985 56
1023.057 59
1023.129 58
1023.201 58
1023.273 56
1023.345 61
1023.417 62
1023.489 62
1023.561 75
1023.633 90
1023.705 104
1023.778 122
1023.850 131
1023.922 138
1023.994 140
1024.066 143
1024.138 132
1024.210 120
1024.282 114
1024.354 95
1024.426 88
1024.499 90
1024.571 92
1024.643 98
1024.715 109
1024.787 114
1024.859 118
1024.931 122
1025.003 127
1025.076 124
1025.148 118
1025.220 113
1025.292 97
1025.364 86
1025.436 82
1025.509 77
1025.581 78
1025.653 83
1025.725 84
1025.797 83
1025.869 91
1025.941 96
1026.014 103
1026.086 107
1026.158 100
1026.230 91
1026.302 87
1026.375 81
1026.447 77
1026.519 73
1026.591 67
1026.663 60
1026.735 61
1026.808 64
1026.880 68
1026.952 69
1027.024 71
1027.096 66
1027.169 66
1027.241 67
1027.313 61
1027.385 59
1027.458 56
1027.530 53
1027.602 47
1027.674 39
1027.746 34
1027.819 30
1027.891 31
1027.963 35
1028.035 33
1028.108 33
1028.180 33
1028.252 34
1028.324 34
1028.397 43
1028.469 43
1028.541 46
1028.613 51
1028.686 54
1028.758 54
1028.830 51
1028.903 54
1028.975 50
1029.047 55
1029.119 60
1029.192 61
1029.264 57
1029.336 53
1029.409 49
1029.481 45
1029.553 46
1029.625 44
1029.698 45
1029.770 49
1029.842 53
1029.915 54
1029.987 55
1030.059 51
1030.132 51
1030.204 51
1030.276 46
1030.349 42
1030.421 38
1030.493 36
1030.566 31
1030.638 33
1030.710 34
1030.783 31
1030.855 32
1030.927 33
1031.000 33
1031.072 33
1031.144 35
1031.217 42
1031.289 53
1031.361 56
1031.434 72
1031.506 108
1031.578 151
1031.651 222
1031.723 301
1031.796 366
1031.868 429
1031.940 475
1032.013 492
1032.085 478
1032.157 448
1032.230 374
1032.302 313
1032.375 278
1032.447 259
1032.519 267
1032.592 289
1032.664 337
1032.737 391
1032.809 467
1032.881 527
1032.954 545
1033.026 555
1033.099 529
1033.171 502
1033.244 471
1033.316 429
1033.388 382
1033.461 339
1033.533 317
1033.606 306
1033.678 322
1033.751 341
1033.823 352
1033.896 362
1033.968 361
1034.040 350
1034.113 342
1034.185 318
1034.258 283
1034.330 250
1034.403 221
1034.475 195
1034.548 183
1034.620 174
1034.693 177
1034.765 185
1034.838 198
1034.910 209
1034.983 209
1035.055 206
1035.128 195
1035.200 180
1035.273 165
1035.345 150
1035.418 141
1035.490 136
1035.563 134
1035.635 136
1035.708 134
1035.780 133
1035.853 130
1035.925 119
1035.998 109
1036.070 100
1036.143 95
1036.215 91
1036.288 86
1036.360 83
1036.433 78
1036.505 73
1036.578 75
1036.651 81
1036.723 81
1036.796 83
1036.868 89
1036.941 85
1037.013 91
1037.086 99
1037.159 99
1037.231 99
1037.304 92
1037.376 86
1037.449 87
1037.521 86
1037.594 84
1037.667 81
1037.739 84
1037.812 79
1037.884 78
1037.957 81
1038.029 80
1038.102 75
1038.175 75
1038.247 75
1038.320 74
1038.393 68
1038.465 70
1038.538 70
1038.610 70
1038.683 77
1038.756 79
1038.828 74
1038.901 78
1038.973 80
1039.046 77
1039.119 76
1039.191 68
1039.264 57
1039.337 57
1039.409 51
1039.482 50
1039.555 52
1039.627 51
1039.700 55
1039.773 60
1039.845 62
1039.918 66
1039.991 72
1040.063 75
1040.136 80
1040.209 75
1040.281 70
1040.354 64
1040.427 59
1040.499 61
1040.572 58
1040.645 59
1040.717 58
1040.790 66
1040.863 77
1040.935 82
1041.008 89
1041.081 84
1041.154 77
1041.226 74
1041.299 65
1041.372 61
1041.444 58
1041.517 61
1041.590 63
1041.663 65
1041.735 68
1041.808 71
1041.881 66
1041.954 64
1042.026 63
1042.099 61
1042.172 59
1042.245 51
1042.317 50
1042.390 48
1042.463 50
1042.536 59
1042.608 61
1042.681 59
1042.754 61
1042.827 57
1042.899 59
1042.972 63
1043.045 68
1043.118 70
1043.190 69
1043.263 67
1043.336 58
1043.409 58
1043.482 53
1043.554 46
1043.627 43
1043.700 37
1043.773 34
1043.846 32
1043.918 31
1043.991 36
1044.064 41
1044.137 44
1044.210 43
1044.282 41
1044.355 41
1044.428 37
1044.501 36
1044.574 36
1044.647 32
1044.719 31
1044.792 33
1044.865 35
1044.938 34
1045.011 37
1045.084 39
1045.157 36
1045.229 39
1045.302 38
1045.375 36
1045.448 40
1045.521 40
1045.594 45
1045.667 41
1045.739 45
1045.812 51
1045.885 51
1045.958 56
1046.031 54
1046.104 53
1046.177 50
1046.250 48
1046.322 51
1046.395 48
1046.468 56
1046.541 55
1046.614 50
1046.687 46
1046.760 41
1046.833 40
1046.906 36
1046.979 40
1047.052 35
1047.124 31
1047.197 34
1047.270 37
1047.343 37
1047.416 44
1047.489 48
1047.562 50
1047.635 57
1047.708 62
1047.781 64
1047.854 65
1047.927 70
1048.000 73
1048.073 73
1048.146 77
1048.219 73
1048.291 70
1048.364 67
1048.437 69
1048.510 69
1048.583 70
1048.656 83
1048.729 99
1048.802 122
1048.875 146
1048.948 162
1049.021 176
1049.094 183
1049.167 177
1049.240 171
1049.313 160
1049.386 148
1049.459 132
1049.532 119
1049.605 105
1049.678 102
1049.751 112
1049.824 123
1049.897 144
1049.970 158
1050.043 163
1050.116 169
1050.189 168
1050.262 162
1050.335 155
1050.408 146
1050.481 135
1050.555 124
1050.628 119
1050.701 117
1050.774 115
1050.847 117
1050.920 119
1050.993 121
1051.066 127
1051.139 127
1051.212 127
1051.285 119
1051.358 115
1051.431 107
1051.504 96
1051.577 89
1051.650 79
1051.724 76
1051.797 79
1051.870 80
1051.943 85
1052.016 86
1052.089 83
1052.162 81
1052.235 82
1052.308 78
1052.381 72
1052.454 73
1052.528 74
1052.601 73
1052.674 75
1052.747 78
1052.820 76
1052.893 83
1052.966 86
1053.039 82
1053.113 86
1053.186 82
1053.259 74
1053.332 67
1053.405 61
1053.478 54
1053.551 51
1053.625 52
1053.698 47
1053.771 48
1053.844 56
1053.917 64
1053.990 70
1054.063 70
1054.137 72
1054.210 67
1054.283 59
1054.356 53
1054.429 46
1054.503 44
1054.576 51
1054.649 54
1054.722 59
1054.795 60
1054.868 57
1054.942 58
1055.015 58
1055.088 57
1055.161 56
1055.234 59
1055.308 62
1055.381 82
1055.454 113
1055.527 161
1055.601 222
1055.674 296
1055.747 373
1055.820 453
1055.893 520
1055.967 539
1056.040 539
1056.113 481
1056.186 422
1056.260 374
1056.333 321
1056.406 294
1056.479 285
1056.553 307
1056.626 340
1056.699 407
1056.772 471
1056.846 521
1056.919 560
1056.992 569
1057.065 554
1057.139 508
1057.212 460
1057.285 392
1057.359 337
1057.432 303
1057.505 276
1057.578 273
1057.652 278
1057.725 285
1057.798 297
1057.872 315
1057.945 325
1058.018 323
1058.091 316
1058.165 288
1058.238 264
1058.311 243
1058.385 221
1058.458 206
1058.531 189
1058.605 183
1058.678 172
1058.751 179
1058.825 187
1058.898 184
1058.971 187
1059.045 177
1059.118 167
1059.191 156
1059.265 144
1059.338 134
1059.411 122
1059.485 115
1059.558 107
1059.631 109
1059.705 112
1059.778 110
1059.852 113
1059.925 108
1059.998 103
1060.072 99
1060.145 97
1060.218 90
1060.292 89
1060.365 87
1060.439 77
1060.512 72
1060.585 64
1060.659 60
1060.732 58
1060.806 60
1060.879 60
1060.952 61
1061.026 63
1061.099 61
1061.173 55
1061.246 56
1061.319 59
1061.393 59
1061.466 62
1061.540 60
1061.613 59
1061.687 58
1061.760 65
1061.833 59
1061.907 49
1061.980 49
1062.054 43
1062.127 46
1062.201 51
1062.274 51
1062.348 55
1062.421 61
1062.495 68
1062.568 70
1062.641 68
1062.715 66
1062.788 65
1062.862 60
1062.935 60
1063.009 57
1063.082 51
1063.156 48
1063.229 45
1063.303 48
1063.376 50
1063.450 47
1063.523 42
1063.597 36
1063.670 34
1063.744 38
1063.817 44
1063.891 46
1063.964 48
1064.038 53
1064.111 61
1064.185 65
1064.258 66
1064.332 65
1064.405 56
1064.479 50
1064.552 45
1064.626 44
1064.700 46
1064.773 52
1064.847 56
1064.920 63
1064.994 72
1065.067 69
1065.141 70
1065.214 70
1065.288 65
1065.361 67
1065.435 69
1065.509 69
1065.582 63
1065.656 60
1065.729 61
1065.803 62
1065.876 65
1065.950 70
1066.024 75
1066.097 78
1066.171 78
1066.244 78
1066.318 74
1066.392 75
1066.465 71
1066.539 74
1066.612 85
1066.686 86
1066.760 92
1066.833 90
1066.907 83
1066.980 78
1067.054 77
1067.128 71
1067.201 63
1067.275 57
1067.349 51
1067.422 51
1067.496 43
1067.570 42
1067.643 39
1067.717 41
1067.790 48
1067.864 51
1067.938 50
1068.011 51
1068.085 49
1068.159 53
1068.232 60
1068.306 62
1068.380 65
1068.453 59
1068.527 54
1068.601 49
1068.674 47
1068.748 47
1068.822 42
1068.895 43
1068.969 43
1069.043 45
1069.117 48
1069.190 46
1069.264 44
1069.338 43
1069.411 40
1069.485 38
1069.559 35
1069.632 29
1069.706 24
1069.780 27
1069.854 25
1069.927 25
1070.001 22
1070.075 22
1070.148 22
1070.222 25
1070.296 27
1070.370 29
1070.443 33
1070.517 38
1070.591 48
1070.665 53
1070.738 59
1070.812 63
1070.886 64
1070.960 62
1071.033 58
1071.107 59
1071.181 56
1071.255 54
1071.328 55
1071.402 55
1071.476 59
1071.550 59
1071.624 61
1071.697 60
1071.771 53
1071.845 54
1071.919 49
1071.993 55
1072.066 57
1072.140 66
1072.214 75
1072.288 73
1072.362 75
1072.435 75
1072.509 69
1072.583 66
1072.657 67
1072.731 65
1072.804 63
1072.878 69
1072.952 72
1073.026 74
1073.100 79
1073.174 79
1073.247 79
1073.321 74
1073.395 72
1073.469 69
1073.543 66
1073.617 66
1073.690 61
1073.764 64
1073.838 78
1073.912 86
1073.986 96
1074.060 99
1074.134 98
1074.207 91
1074.281 85
1074.355 77
1074.429 70
1074.503 69
1074.577 62
1074.651 62
1074.725 62
1074.799 58
1074.872 62
1074.946 62
1075.020 60
1075.094 62
1075.168 59
1075.242 56
1075.316 56
1075.390 52
1075.464 48
1075.538 46
1075.612 48
1075.685 50
1075.759 54
1075.833 54
1075.907 51
1075.981 51
1076.055 48
1076.129 46
1076.203 40
1076.277 41
1076.351 40
1076.425 36
1076.499 40
1076.573 39
1076.647 38
1076.721 48
1076.795 58
1076.869 66
1076.942 72
1077.016 70
1077.090 65
1077.164 60
1077.238 52
1077.312 47
1077.386 43
1077.460 42
1077.534 35
1077.608 38
1077.682 36
1077.756 31
1077.830 28
1077.904 26
1077.978 24
1078.052 27
1078.126 30
1078.200 28
1078.274 33
1078.348 32
1078.422 31
1078.496 31
1078.570 30
1078.644 25
1078.718 24
1078.792 21
1078.866 18
1078.941 20
1079.015 21
1079.089 22
1079.163 25
1079.237 32
1079.311 40
1079.385 68
1079.459 118
1079.533 200
1079.607 309
1079.681 457
1079.755 592
1079.829 691
1079.903 759
1079.977 760
1080.051 713
1080.125 639
1080.200 570
1080.274 474
1080.348 413
1080.422 399
1080.496 406
1080.570 491
1080.644 595
1080.718 710
1080.792 827
1080.866 907
1080.940 950
1081.015 912
1081.089 841
1081.163 719
1081.237 608
1081.311 531
1081.385 467
1081.459 447
1081.533 438
1081.608 450
1081.682 483
1081.756 519
1081.830 550
1081.904 552
1081.978 539
1082.052 498
1082.126 445
1082.201 397
1082.275 347
1082.349 295
1082.423 258
1082.497 240
1082.571 220
1082.646 231
1082.720 240
1082.794 244
1082.868 252
1082.942 265
1083.016 270
1083.091 259
1083.165 247
1083.239 224
1083.313 197
1083.387 176
1083.462 156
1083.536 137
1083.610 124
1083.684 120
1083.758 121
1083.833 126
1083.907 133
1083.981 136
1084.055 136
1084.129 131
1084.204 124
1084.278 115
1084.352 107
1084.426 100
1084.500 91
1084.575 87
1084.649 81
1084.723 83
1084.797 81
1084.872 79
1084.946 80
1085.020 75
1085.094 70
1085.169 72
1085.243 65
1085.317 65
1085.391 67
1085.466 67
1085.540 69
1085.614 67
1085.689 69
1085.763 65
1085.837 67
1085.911 73
1085.986 71
1086.060 70
1086.134 71
1086.208 66
1086.283 62
1086.357 60
1086.431 57
1086.506 51
1086.580 52
1086.654 48
1086.729 44
1086.803 43
1086.877 42
1086.951 41
1087.026 40
1087.100 40
1087.174 39
1087.249 39
1087.323 38
1087.397 37
1087.472 32
1087.546 30
1087.620 30
1087.695 32
1087.769 33
1087.843 37
1087.918 45
1087.992 46
1088.066 47
1088.141 49
1088.215 45
1088.290 42
1088.364 40
1088.438 37
1088.513 34
1088.587 32
1088.661 28
1088.736 28
1088.810 24
1088.885 24
1088.959 31
1089.033 29
1089.108 28
1089.182 29
1089.256 28
1089.331 26
1089.405 22
1089.480 17
1089.554 16
1089.628 14
1089.703 19
1089.777 16
1089.852 14
1089.926 17
1090.001 24
1090.075 30
1090.149 34
1090.224 36
1090.298 37
1090.373 43
1090.447 46
1090.522 47
1090.596 48
1090.670 44
1090.745 42
1090.819 45
1090.894 45
1090.968 47
1091.043 46
1091.117 47
1091.192 48
1091.266 42
1091.341 38
1091.415 30
1091.489 30
1091.564 32
1091.638 33
1091.713 33
1091.787 31
1091.862 36
1091.936 37
1092.011 38
1092.085 40
1092.160 38
1092.234 36
1092.309 36
1092.383 36
1092.458 34
1092.532 35
1092.607 31
1092.681 22
1092.756 18
1092.830 15
1092.905 11
1092.979 11
1093.054 13
1093.128 18
1093.203 18
1093.278 19
1093.352 21
1093.427 18
1093.501 19
1093.576 20
1093.650 17
1093.725 21
1093.799 24
1093.874 30
1093.948 35
1094.023 39
1094.098 40
1094.172 39
1094.247 37
1094.321 31
1094.396 29
1094.470 30
1094.545 31
1094.620 36
1094.694 38
1094.769 39
1094.843 40
1094.918 37
1094.993 39
1095.067 44
1095.142 41
1095.216 33
1095.291 32
1095.366 30
1095.440 35
1095.515 36
1095.589 40
1095.664 42
1095.739 44
1095.813 46
1095.888 46
1095.962 43
1096.037 40
1096.112 45
1096.186 40
1096.261 42
1096.336 37
1096.410 35
1096.485 38
1096.560 39
1096.634 46
1096.709 57
1096.783 64
1096.858 74
1096.933 78
1097.007 82
1097.082 80
1097.157 77
1097.231 75
1097.306 64
1097.381 66
1097.455 68
1097.530 64
1097.605 68
1097.680 66
1097.754 66
1097.829 70
1097.904 71
1097.978 69
1098.053 62
1098.128 59
1098.202 57
1098.277 54
1098.352 53
1098.427 51
1098.501 45
1098.576 47
1098.651 42
1098.725 39
1098.800 40
1098.875 39
1098.950 39
1099.024 39
1099.099 40
1099.174 35
1099.249 36
1099.323 31
1099.398 27
1099.473 25
1099.547 23
1099.622 20
1099.697 22
1099.772 24
1099.847 22
1099.921 24
1099.996 25
1100.071 24
1100.146 24
1100.220 27
1100.295 26
1100.370 27
1100.445 30
1100.519 32
1100.594 28
1100.669 30
1100.744 28
1100.819 26
1100.893 26
1100.968 26
1101.043 27
1101.118 26
1101.193 24
1101.267 23
1101.342 25
1101.417 25
1101.492 25
1101.567 25
1101.642 24
1101.716 24
1101.791 26
1101.866 26
1101.941 25
1102.016 24
1102.090 25
1102.165 26
1102.240 28
1102.315 28
1102.390 32
1102.465 31
1102.540 27
1102.614 29
1102.689 26
1102.764 29
1102.839 33
1102.914 36
1102.989 36
1103.064 33
1103.138 34
1103.213 33
1103.288 39
1103.363 68
1103.438 110
1103.513 190
1103.588 290
1103.663 400
1103.738 509
1103.812 617
1103.887 688
1103.962 707
1104.037 694
1104.112 619
1104.187 547
1104.262 493
1104.337 454
1104.412 434
1104.487 453
1104.562 510
1104.636 577
1104.711 691
1104.786 782
1104.861 817
1104.936 826
1105.011 791
1105.086 730
1105.161 661
1105.236 584
1105.311 482
1105.386 401
1105.461 357
1105.536 333
1105.611 356
1105.686 385
1105.761 411
1105.836 435
1105.911 456
1105.986 468
1106.061 460
1106.136 439
1106.210 385
1106.285 332
1106.360 286
1106.435 248
1106.510 228
1106.585 215
1106.660 208
1106.735 204
1106.810 213
1106.885 221
1106.960 216
1107.035 209
1107.110 196
1107.185 179
1107.260 169
1107.335 157
1107.411 145
1107.486 144
1107.561 144
1107.636 137
1107.711 139
1107.786 143
1107.861 141
1107.936 138
1108.011 130
1108.086 122
1108.161 109
1108.236 100
1108.311 92
1108.386 82
1108.461 77
1108.536 72
1108.611 75
1108.686 80
1108.761 80
1108.836 86
1108.911 85
1108.987 79
1109.062 75
1109.137 71
1109.212 63
1109.287 56
1109.362 55
1109.437 48
1109.512 44
1109.587 46
1109.662 45
1109.737 45
1109.813 47
1109.888 48
1109.963 47
1110.038 47
1110.113 44
1110.188 40
1110.263 38
1110.338 34
1110.413 34
1110.489 37
1110.564 39
1110.639 44
1110.714 49
1110.789 49
1110.864 52
1110.939 48
1111.014 45
1111.090 46
1111.165 43
1111.240 44
1111.315 42
1111.390 38
1111.465 39
1111.541 34
1111.616 29
1111.691 24
1111.766 20
1111.841 21
1111.916 23
1111.992 26
1112.067 26
1112.142 27
1112.217 25
1112.292 25
1112.368 28
1112.443 29
1112.518 27
1112.593 28
1112.668 28
1112.744 23
1112.819 24
1112.894 21
1112.969 24
1113.044 23
1113.120 22
1113.195 23
1113.270 22
1113.345 21
1113.420 22
1113.496 24
1113.571 28
1113.646 28
1113.721 32
1113.797 33
1113.872 35
1113.947 40
1114.022 35
1114.098 34
1114.173 34
1114.248 35
1114.323 33
1114.399 32
1114.474 28
1114.549 25
1114.624 27
1114.700 33
1114.775 33
1114.850 37
1114.926 36
1115.001 39
1115.076 40
1115.151 37
1115.227 35
1115.302 30
1115.377 33
1115.453 29
1115.528 27
1115.603 21
1115.678 18
1115.754 18
1115.829 17
1115.904 16
1115.980 14
1116.055 16
1116.130 16
1116.206 18
1116.281 20
1116.356 22
1116.432 23
1116.507 26
1116.582 23
1116.658 20
1116.733 20
1116.808 16
1116.884 18
1116.959 17
1117.034 18
1117.110 20
1117.185 18
1117.260 15
1117.336 16
1117.411 13
1117.487 13
1117.562 15
1117.637 14
1117.713 15
1117.788 15
1117.863 20
1117.939 20
1118.014 24
1118.090 23
1118.165 21
1118.240 22
1118.316 17
1118.391 22
1118.466 25
1118.542 29
1118.617 33
1118.693 35
1118.768 31
1118.844 26
1118.919 20
1118.994 17
1119.070 14
1119.145 15
1119.221 16
1119.296 14
1119.371 16
1119.447 16
1119.522 22
1119.598 29
1119.673 38
1119.749 43
1119.824 44
1119.900 47
1119.975 48
1120.050 45
1120.126 42
1120.201 40
1120.277 34
1120.352 37
1120.428 42
1120.503 49
1120.579 57
1120.654 70
1120.730 85
1120.805 97
1120.881 103
1120.956 99
1121.032 88
1121.107 81
1121.183 69
1121.258 61
1121.334 57
1121.409 50
1121.485 47
1121.560 44
1121.636 47
1121.711 45
1121.787 42
1121.862 42
1121.938 46
1122.013 50
1122.089 52
1122.164 52
1122.240 53
1122.315 50
1122.391 49
1122.466 51
1122.542 51
1122.617 47
1122.693 43
1122.769 42
1122.844 35
1122.920 36
1122.995 37
1123.071 36
1123.146 34
1123.222 33
1123.297 31
1123.373 27
1123.449 25
1123.524 25
1123.600 25
1123.675 26
1123.751 29
1123.826 31
1123.902 30
1123.978 31
1124.053 33
1124.129 34
1124.204 34
1124.280 32
1124.356 31
1124.431 28
1124.507 34
1124.582 32
1124.658 30
1124.734 31
1124.809 26
1124.885 25
1124.960 22
1125.036 21
1125.112 17
1125.187 18
1125.263 18
1125.339 19
1125.414 21
1125.490 18
1125.566 22
1125.641 21
1125.717 23
1125.792 24
1125.868 23
1125.944 23
1126.019 23
1126.095 25
1126.171 24
1126.246 27
1126.322 22
1126.398 22
1126.473 18
1126.549 19
1126.625 17
1126.700 17
1126.776 19
1126.852 21
1126.928 23
1127.003 22
1127.079 25
1127.155 35
1127.230 48
1127.306 84
1127.382 146
1127.457 267
1127.533 422
1127.609 623
1127.685 821
1127.760 956
1127.836 1060
1127.912 1087
1127.987 1056
1128.063 968
1128.139 856
1128.215 725
1128.290 636
1128.366 632
1128.442 659
1128.518 744
1128.593 862
1128.669 984
1128.745 1111
1128.821 1219
1128.896 1265
1128.972 1233
1129.048 1143
1129.124 1028
1129.199 918
1129.275 827
1129.351 767
1129.427 719
1129.502 704
1129.578 732
1129.654 780
1129.730 846
1129.806 893
1129.881 890
1129.957 853
1130.033 795
1130.109 729
1130.185 658
1130.260 594
1130.336 517
1130.412 455
1130.488 428
1130.564 417
1130.639 428
1130.715 444
1130.791 453
1130.867 448
1130.943 448
1131.019 435
1131.094 415
1131.170 386
1131.246 326
1131.322 270
1131.398 228
1131.474 198
1131.549 190
1131.625 186
1131.701 188
1131.777 187
1131.853 193
1131.929 194
1132.005 200
1132.080 204
1132.156 188
1132.232 176
1132.308 160
1132.384 142
1132.460 136
1132.536 134
1132.612 126
1132.687 116
1132.763 113
1132.839 109
1132.915 108
1132.991 110
1133.067 106
1133.143 99
1133.219 97
1133.295 91
1133.370 87
1133.446 83
1133.522 81
1133.598 75
1133.674 74
1133.750 78
1133.826 76
1133.902 73
1133.978 68
1134.054 58
1134.130 59
1134.206 60
1134.282 54
1134.357 50
1134.433 43
1134.509 43
1134.585 50
1134.661 55
1134.737 62
1134.813 63
1134.889 63
1134.965 59
1135.041 57
1135.117 58
1135.193 57
1135.269 61
1135.345 61
1135.421 60
1135.497 58
1135.573 51
1135.649 49
1135.725 48
1135.801 43
1135.877 37
1135.953 36
1136.029 33
1136.105 35
1136.181 43
1136.257 50
1136.333 52
1136.409 51
1136.485 54
1136.561 44
1136.637 40
1136.713 34
1136.789 28
1136.865 22
1136.941 17
1137.017 19
1137.093 19
1137.169 20
1137.245 21
1137.321 21
1137.397 23
1137.473 26
1137.549 23
1137.625 24
1137.701 29
1137.778 28
1137.854 23
1137.930 23
1138.006 20
1138.082 16
1138.158 15
1138.234 12
1138.310 14
1138.386 12
1138.462 17
1138.538 21
1138.614 18
1138.690 20
1138.766 22
1138.843 20
1138.919 25
1138.995 24
1139.071 23
1139.147 24
1139.223 26
1139.299 25
1139.375 23
1139.451 20
1139.528 16
1139.604 18
1139.680 22
1139.756 29
1139.832 31
1139.908 31
1139.984 35
1140.060 34
1140.137 32
1140.213 33
1140.289 33
1140.365 30
1140.441 27
1140.517 25
1140.593 24
1140.670 24
1140.746 26
1140.822 25
1140.898 22
1140.974 23
1141.050 20
1141.127 21
1141.203 23
1141.279 21
1141.355 26
1141.431 26
1141.507 26
1141.584 27
1141.660 28
1141.736 29
1141.812 31
1141.888 30
1141.965 29
1142.041 29
1142.117 26
1142.193 31
1142.269 38
1142.346 43
1142.422 47
1142.498 47
1142.574 42
1142.651 37
1142.727 33
1142.803 29
1142.879 25
1142.955 25
1143.032 21
1143.108 21
1143.184 23
1143.260 24
1143.337 26
1143.413 28
1143.489 33
1143.565 38
1143.642 47
1143.718 63
1143.794 75
1143.870 81
1143.947 85
1144.023 86
1144.099 83
1144.176 83
1144.252 83
1144.328 78
1144.404 76
1144.481 82
1144.557 84
1144.633 95
1144.710 102
1144.786 100
1144.862 102
1144.938 102
1145.015 95
1145.091 86
1145.167 78
1145.244 68
1145.320 63
1145.396 65
1145.473 63
1145.549 68
1145.625 78
1145.702 89
1145.778 96
1145.854 102
1145.931 102
1146.007 91
1146.083 81
1146.160 72
1146.236 63
1146.312 58
1146.389 52
1146.465 54
1146.541 53
1146.618 56
1146.694 62
1146.770 58
1146.847 60
1146.923 58
1146.999 57
1147.076 54
1147.152 48
1147.229 44
1147.305 39
1147.381 37
1147.458 35
1147.534 32
1147.611 31
1147.687 34
1147.763 42
1147.840 49
1147.916 56
1147.993 49
1148.069 44
1148.145 38
1148.222 32
1148.298 32
1148.375 33
1148.451 30
1148.527 25
1148.604 28
1148.680 24
1148.757 25
1148.833 24
1148.910 29
1148.986 32
1149.062 35
1149.139 34
1149.215 29
1149.292 24
1149.368 27
1149.445 28
1149.521 30
1149.598 31
1149.674 33
1149.751 30
1149.827 31
1149.903 27
1149.980 25
1150.056 27
1150.133 29
1150.209 24
1150.286 23
1150.362 21
1150.439 17
1150.515 18
1150.592 16
1150.668 17
1150.745 17
1150.821 23
1150.898 27
1150.974 28
1151.051 29
1151.127 30
1151.204 55
1151.280 90
1151.357 178
1151.433 302
1151.510 493
1151.586 718
1151.663 947
1151.739 1145
1151.816 1241
1151.892 1282
1151.969 1229
1152.046 1133
1152.122 1016
1152.199 898
1152.275 805
1152.352 756
1152.428 808
1152.505 913
1152.581 1046
1152.658 1197
1152.735 1290
1152.811 1346
1152.888 1379
1152.964 1351
1153.041 1279
1153.117 1166
1153.194 1055
1153.271 954
1153.347 885
1153.424 855
1153.500 839
1153.577 869
1153.654 954
1153.730 1040
1153.807 1126
1153.883 1157
1153.960 1110
1154.037 1033
1154.113 943
1154.190 854
1154.266 770
1154.343 695
1154.420 612
1154.496 553
1154.573 547
1154.649 552
1154.726 601
1154.803 632
1154.879 639
1154.956 637
1155.033 600
1155.109 561
1155.186 505
1155.263 446
1155.339 384
1155.416 330
1155.493 300
1155.569 279
1155.646 276
1155.723 281
1155.799 286
1155.876 285
1155.953 287
1156.029 277
1156.106 258
1156.183 235
1156.259 209
1156.336 183
1156.413 163
1156.489 147
1156.566 135
1156.643 125
1156.719 117
1156.796 112
1156.873 112
1156.949 107
1157.026 105
1157.103 104
1157.180 97
1157.256 85
1157.333 78
1157.410 73
1157.487 68
1157.563 69
1157.640 74
1157.717 71
1157.793 80
1157.870 90
1157.947 91
1158.024 95
1158.100 93
1158.177 86
1158.254 81
1158.331 78
1158.407 77
1158.484 76
1158.561 78
1158.638 80
1158.714 83
1158.791 90
1158.868 91
1158.945 90
1159.022 91
1159.098 86
1159.175 85
1159.252 80
1159.329 80
1159.405 77
1159.482 76
1159.559 72
1159.636 65
1159.713 59
1159.789 52
1159.866 46
1159.943 45
1160.020 45
1160.097 50
1160.173 54
1160.250 55
1160.327 61
1160.404 62
1160.481 66
1160.558 67
1160.634 63
1160.711 65
1160.788 65
1160.865 71
1160.942 69
1161.019 63
1161.095 59
1161.172 50
1161.249 42
1161.326 37
1161.403 34
1161.480 30
1161.557 34
1161.633 39
1161.710 38
1161.787 39
1161.864 42
1161.941 41
1162.018 36
1162.095 34
1162.172 30
1162.248 24
1162.325 21
1162.402 22
1162.479 21
1162.556 21
1162.633 21
1162.710 20
1162.787 21
1162.864 20
1162.940 15
1163.017 15
1163.094 12
1163.171 13
1163.248 13
1163.325 16
1163.402 13
1163.479 15
1163.556 21
1163.633 23
1163.710 24
1163.787 25
1163.864 29
1163.940 26
1164.017 28
1164.094 26
1164.171 23
1164.248 23
1164.325 19
1164.402 18
1164.479 17
1164.556 20
1164.633 25
1164.710 28
1164.787 27
1164.864 28
1164.941 25
1165.018 28
1165.095 29
1165.172 26
1165.249 25
1165.326 25
1165.403 24
1165.480 24
1165.557 24
1165.634 23
1165.711 20
1165.788 16
1165.865 16
1165.942 16
1166.019 15
1166.096 16
1166.173 17
1166.250 14
1166.327 16
1166.404 16
1166.481 18
1166.558 19
1166.635 22
1166.712 25
1166.789 26
1166.866 25
1166.943 21
1167.020 19
1167.097 14
1167.174 15
1167.251 19
1167.328 19
1167.405 24
1167.483 26
1167.560 28
1167.637 36
1167.714 48
1167.791 55
1167.868 60
1167.945 65
1168.022 60
1168.099 57
1168.176 58
1168.253 52
1168.330 48
1168.407 47
1168.485 52
1168.562 57
1168.639 75
1168.716 86
1168.793 97
1168.870 111
1168.947 126
1169.024 130
1169.101 131
1169.178 115
1169.256 95
1169.333 82
1169.410 74
1169.487 69
1169.564 66
1169.641 71
1169.718 72
1169.795 79
1169.873 85
1169.950 85
1170.027 84
1170.104 81
1170.181 76
1170.258 68
1170.336 62
1170.413 54
1170.490 49
1170.567 45
1170.644 39
1170.721 39
1170.798 32
1170.876 32
1170.953 32
1171.030 28
1171.107 32
1171.184 35
1171.262 36
1171.339 34
1171.416 34
1171.493 36
1171.570 41
1171.648 50
1171.725 54
1171.802 59
1171.879 66
1171.956 61
1172.034 65
1172.111 61
1172.188 54
1172.265 50
1172.342 44
1172.420 37
1172.497 32
1172.574 27
1172.651 21
1172.729 19
1172.806 16
1172.883 16
1172.960 18
1173.038 22
1173.115 25
1173.192 28
1173.269 31
1173.347 30
1173.424 27
1173.501 28
1173.578 26
1173.656 22
1173.733 21
1173.810 18
1173.887 17
1173.965 21
1174.042 26
1174.119 27
1174.197 29
1174.274 29
1174.351 31
1174.428 31
1174.506 28
1174.583 30
1174.660 27
1174.738 26
1174.815 27
1174.892 25
1174.969 25
1175.047 24
1175.124 28
1175.201 37
1175.279 56
1175.356 81
1175.433 125
1175.511 193
1175.588 269
1175.665 372
1175.743 458
1175.820 505
1175.897 534
1175.975 519
1176.052 485
1176.129 441
1176.207 401
1176.284 350
1176.362 319
1176.439 339
1176.516 383
1176.594 474
1176.671 572
1176.748 637
1176.826 679
1176.903 700
1176.980 688
1177.058 637
1177.135 577
1177.213 473
1177.290 385
1177.367 343
1177.445 320
1177.522 347
1177.600 380
1177.677 427
1177.754 477
1177.832 521
1177.909 550
1177.987 543
1178.064 512
1178.141 453
1178.219 396
1178.296 348
1178.374 312
1178.451 291
1178.529 272
1178.606 263
1178.683 257
1178.761 264
1178.838 261
1178.916 260
1178.993 254
1179.071 235
1179.148 207
1179.225 180
1179.303 151
1179.380 134
1179.458 120
1179.535 114
1179.613 106
1179.690 105
1179.768 113
1179.845 118
1179.923 126
1180.000 132
1180.078 130
1180.155 123
1180.233 117
1180.310 99
1180.388 83
1180.465 70
1180.543 56
1180.620 53
1180.698 50
1180.775 53
1180.853 55
1180.930 59
1181.008 61
1181.085 62
1181.163 62
1181.240 62
1181.318 62
1181.395 57
1181.473 54
1181.550 52
1181.628 52
1181.705 50
1181.783 52
1181.860 55
1181.938 56
1182.015 55
1182.093 48
1182.171 42
1182.248 33
1182.326 34
1182.403 33
1182.481 33
1182.558 32
1182.636 28
1182.713 25
1182.791 23
1182.869 27
1182.946 29
1183.024 31
1183.101 30
1183.179 29
1183.257 32
1183.334 35
1183.412 39
1183.489 39
1183.567 40
1183.644 41
1183.722 40
1183.800 40
1183.877 43
1183.955 38
1184.033 35
1184.110 35
1184.188 33
1184.265 36
1184.343 37
1184.421 39
1184.498 36
1184.576 35
1184.654 36
1184.731 34
1184.809 37
1184.886 37
1184.964 34
1185.042 29
1185.119 28
1185.197 31
1185.275 32
1185.352 35
1185.430 38
1185.508 42
1185.585 43
1185.663 43
1185.741 42
1185.818 40
1185.896 40
1185.974 33
1186.051 31
1186.129 32
1186.207 33
1186.284 32
1186.362 35
1186.440 35
1186.517 33
1186.595 29
1186.673 25
1186.751 23
1186.828 18
1186.906 11
1186.984 9
1187.061 9
1187.139 13
1187.217 19
1187.295 21
1187.372 27
1187.450 28
1187.528 24
1187.605 24
1187.683 19
1187.761 20
1187.839 19
1187.916 24
1187.994 25
1188.072 25
1188.150 26
1188.227 24
1188.305 24
1188.383 21
1188.461 20
1188.538 17
1188.616 18
1188.694 20
1188.772 18
1188.849 20
1188.927 23
1189.005 20
1189.083 21
1189.161 22
1189.238 21
1189.316 23
1189.394 20
1189.472 20
1189.550 24
1189.627 21
1189.705 22
1189.783 22
1189.861 23
1189.939 24
1190.016 20
1190.094 20
1190.172 18
1190.250 17
1190.328 17
1190.405 16
1190.483 14
1190.561 17
1190.639 15
1190.717 16
1190.795 15
1190.872 13
1190.950 13
1191.028 12
1191.106 12
1191.184 14
1191.262 16
1191.340 17
1191.417 19
1191.495 20
1191.573 27
1191.651 33
1191.729 41
1191.807 46
1191.885 54
1191.962 56
1192.040 54
1192.118 52
1192.196 42
1192.274 35
1192.352 29
1192.430 25
1192.508 26
1192.586 29
1192.663 37
1192.741 44
1192.819 47
1192.897 46
1192.975 48
1193.053 46
1193.131 41
1193.209 40
1193.287 37
1193.365 38
1193.443 37
1193.521 37
1193.598 33
1193.676 32
1193.754 37
1193.832 38
1193.910 37
1193.988 36
1194.066 35
1194.144 33
1194.222 34
1194.300 34
1194.378 31
1194.456 28
1194.534 28
1194.612 26
1194.690 25
1194.768 27
1194.846 28
1194.924 28
1195.002 28
1195.080 25
1195.158 22
1195.236 22
1195.314 25
1195.392 25
1195.470 25
1195.548 29
1195.626 30
1195.704 33
1195.782 31
1195.860 31
1195.938 33
1196.016 28
1196.094 22
1196.172 16
1196.250 13
1196.328 11
1196.406 13
1196.484 15
1196.562 17
1196.640 17
1196.718 18
1196.796 15
1196.874 15
1196.952 16
1197.030 18
1197.108 17
1197.186 20
1197.264 20
1197.342 25
1197.420 25
1197.498 21
1197.576 27
1197.654 30
1197.732 32
1197.810 33
1197.889 29
1197.967 25
1198.045 21
1198.123 17
1198.201 14
1198.279 18
1198.357 20
1198.435 17
1198.513 19
1198.591 22
1198.669 22
1198.747 26
1198.826 24
1198.904 27
1198.982 26
1199.060 26
1199.138 30
1199.216 35
1199.294 47
1199.372 73
1199.451 128
1199.529 197
1199.607 297
1199.685 396
1199.763 463
1199.841 519
1199.919 540
1199.997 529
1200.076 490
1200.154 450
1200.232 380
1200.310 327
1200.388 318
1200.466 326
1200.545 382
1200.623 453
1200.701 527
1200.779 589
1200.857 639
1200.935 661
1201.014 631
1201.092 595
1201.170 513
1201.248 441
1201.326 388
1201.404 348
1201.483 325
1201.561 309
1201.639 313
1201.717 326
1201.795 359
1201.874 373
1201.952 379
1202.030 374
1202.108 345
1202.186 318
1202.265 298
1202.343 273
1202.421 245
1202.499 223
1202.578 207
1202.656 203
1202.734 222
1202.812 240
1202.890 246
1202.969 242
1203.047 224
1203.125 205
1203.203 186
1203.282 164
1203.360 147
1203.438 128
1203.516 116
1203.595 108
1203.673 105
1203.751 109
1203.830 102
1203.908 100
1203.986 96
1204.064 91
1204.143 84
1204.221 74
1204.299 66
1204.377 61
1204.456 58
1204.534 62
1204.612 58
1204.691 56
1204.769 56
1204.847 51
1204.926 52
1205.004 48
1205.082 48
1205.160 42
1205.239 42
1205.317 42
1205.395 39
1205.474 44
1205.552 37
1205.630 33
1205.709 31
1205.787 25
1205.865 24
1205.944 23
1206.022 27
1206.100 29
1206.179 29
1206.257 31
1206.335 29
1206.414 30
1206.492 30
1206.571 30
1206.649 29
1206.727 27
1206.806 29
1206.884 28
1206.962 31
1207.041 31
1207.119 30
1207.197 29
1207.276 29
1207.354 27
1207.433 25
1207.511 23
1207.589 25
1207.668 31
1207.746 34
1207.825 34
1207.903 32
1207.981 31
1208.060 31
1208.138 29
1208.217 29
1208.295 28
1208.373 25
1208.452 24
1208.530 25
1208.609 25
1208.687 26
1208.766 27
1208.844 27
1208.922 27
1209.001 24
1209.079 21
1209.158 21
1209.236 20
1209.315 20
1209.393 22
1209.472 22
1209.550 19
1209.629 20
1209.707 27
1209.785 26
1209.864 29
1209.942 30
1210.021 23
1210.099 25
1210.178 25
1210.256 28
1210.335 30
1210.413 31
1210.492 28
1210.570 28
1210.649 25
1210.727 21
1210.806 22
1210.884 21
1210.963 27
1211.041 24
1211.120 25
1211.198 23
1211.277 24
1211.355 21
1211.434 22
1211.512 24
1211.591 21
1211.669 23
1211.748 30
1211.826 26
1211.905 25
1211.984 25
1212.062 24
1212.141 21
1212.219 21
1212.298 20
1212.376 22
1212.455 26
1212.533 30
1212.612 31
1212.690 29
1212.769 30
1212.848 34
1212.926 29
1213.005 26
1213.083 20
1213.162 15
1213.240 15
1213.319 16
1213.398 16
1213.476 13
1213.555 18
1213.633 18
1213.712 20
1213.791 25
1213.869 27
1213.948 29
1214.026 31
1214.105 33
1214.184 33
1214.262 32
1214.341 29
1214.419 26
1214.498 25
1214.577 22
1214.655 20
1214.734 21
1214.813 17
1214.891 15
1214.970 12
1215.048 8
1215.127 13
1215.206 12
1215.284 16
1215.363 18
1215.442 20
1215.520 24
1215.599 27
1215.678 31
1215.756 31
1215.835 37
1215.914 34
1215.992 33
1216.071 36
1216.150 38
1216.228 36
1216.307 31
1216.386 29
1216.464 29
1216.543 32
1216.622 41
1216.700 45
1216.779 51
1216.858 53
1216.937 53
1217.015 52
1217.094 50
1217.173 48
1217.251 44
1217.330 45
1217.409 38
1217.487 39
1217.566 41
1217.645 40
1217.724 39
1217.802 36
1217.881 33
1217.960 33
1218.039 30
1218.117 32
1218.196 30
1218.275 30
1218.354 33
1218.432 31
1218.511 26
1218.590 22
1218.669 18
1218.747 19
1218.826 18
1218.905 19
1218.984 19
1219.062 16
1219.141 17
1219.220 15
1219.299 13
1219.377 15
1219.456 22
1219.535 23
1219.614 27
1219.693 27
1219.771 24
1219.850 24
1219.929 20
1220.008 19
1220.087 15
1220.165 15
1220.244 9
1220.323 10
1220.402 12
1220.481 15
1220.559 19
1220.638 20
1220.717 22
1220.796 22
1220.875 24
1220.954 22
1221.032 15
1221.111 13
1221.190 11
1221.269 11
1221.348 13
1221.427 13
1221.506 12
1221.584 16
1221.663 13
1221.742 16
1221.821 16
1221.900 17
1221.979 13
1222.058 14
1222.136 14
1222.215 13
1222.294 13
1222.373 10
1222.452 7
1222.531 6
1222.610 6
1222.689 3
1222.767 2
1222.846 2
1222.925 4
1223.004 7
1223.083 10
1223.162 15
1223.241 29
1223.320 65
1223.399 111
1223.478 179
1223.557 255
1223.635 321
1223.714 393
1223.793 456
1223.872 500
1223.951 495
1224.030 472
1224.109 410
1224.188 351
1224.267 323
1224.346 311
1224.425 317
1224.504 343
1224.583 388
1224.662 432
1224.741 498
1224.820 547
1224.898 557
1224.977 553
1225.056 502
1225.135 447
1225.214 398
1225.293 352
1225.372 313
1225.451 287
1225.530 289
1225.609 302
1225.688 325
1225.767 343
1225.846 339
1225.925 328
1226.004 312
1226.083 287
1226.162 264
1226.241 247
1226.320 227
1226.399 209
1226.478 213
1226.557 215
1226.636 219
1226.715 223
1226.794 219
1226.873 206
1226.952 205
1227.031 194
1227.110 182
1227.189 169
1227.269 148
1227.348 128
1227.427 114
1227.506 98
1227.585 89
1227.664 85
1227.743 78
1227.822 75
1227.901 77
1227.980 76
1228.059 79
1228.138 81
1228.217 76
1228.296 66
1228.375 59
1228.454 51
1228.533 45
1228.613 43
1228.692 37
1228.771 35
1228.850 36
1228.929 42
1229.008 42
1229.087 45
1229.166 44
1229.245 42
1229.324 42
1229.404 46
1229.483 41
1229.562 40
1229.641 36
1229.720 35
1229.799 37
1229.878 35
1229.957 34
1230.036 33
1230.116 36
1230.195 34
1230.274 33
1230.353 37
1230.432 37
1230.511 32
1230.590 30
1230.670 26
1230.749 26
1230.828 26
1230.907 28
1230.986 29
1231.065 26
1231.145 28
1231.224 29
1231.303 30
1231.382 30
1231.461 32
1231.540 33
1231.620 34
1231.699 35
1231.778 31
1231.857 29
1231.936 30
1232.016 27
1232.095 26
1232.174 23
1232.253 22
1232.332 21
1232.412 22
1232.491 22
1232.570 25
1232.649 24
1232.728 20
1232.808 19
1232.887 15
1232.966 11
1233.045 8
1233.125 7
1233.204 6
1233.283 6
1233.362 9
1233.441 13
1233.521 20
1233.600 27
1233.679 35
1233.758 34
1233.838 31
1233.917 30
1233.996 26
1234.075 30
1234.155 28
1234.234 23
1234.313 22
1234.393 16
1234.472 19
1234.551 19
1234.630 22
1234.710 21
1234.789 16
1234.868 16
1234.948 14
1235.027 15
1235.106 15
1235.185 16
1235.265 13
1235.344 11
1235.423 15
1235.503 18
1235.582 20
1235.661 19
1235.741 17
1235.820 14
1235.899 18
1235.978 17
1236.058 12
1236.137 11
1236.216 11
1236.296 11
1236.375 13
1236.454 13
1236.534 11
1236.613 14
1236.693 15
1236.772 16
1236.851 16
1236.931 19
1237.010 21
1237.089 21
1237.169 22
1237.248 19
1237.327 17
1237.407 17
1237.486 16
1237.565 15
1237.645 18
1237.724 17
1237.804 20
1237.883 23
1237.962 22
1238.042 27
1238.121 27
1238.201 28
1238.280 24
1238.359 19
1238.439 16
1238.518 14
1238.598 15
1238.677 16
1238.756 16
1238.836 17
1238.915 21
1238.995 21
1239.074 22
1239.154 22
1239.233 18
1239.312 19
1239.392 18
1239.471 19
1239.551 17
1239.630 20
1239.710 23
1239.789 26
1239.868 31
1239.948 35
1240.027 40
1240.107 45
1240.186 51
1240.266 46
1240.345 51
1240.425 49
1240.504 47
1240.584 49
1240.663 44
1240.743 43
1240.822 41
1240.902 41
1240.981 39
1241.061 39
1241.140 36
1241.220 36
1241.299 32
1241.378 28
1241.458 26
1241.538 24
1241.617 26
1241.697 28
1241.776 29
1241.856 33
1241.935 33
1242.015 35
1242.094 36
1242.174 32
1242.253 29
1242.333 25
1242.412 25
1242.492 24
1242.571 23
1242.651 25
1242.730 27
1242.810 31
1242.889 33
1242.969 35
1243.049 33
1243.128 32
1243.208 32
1243.287 29
1243.367 27
1243.446 25
1243.526 26
1243.606 25
1243.685 24
1243.765 24
1243.844 23
1243.924 20
1244.003 19
1244.083 16
1244.163 12
1244.242 11
1244.322 12
1244.401 10
1244.481 10
1244.561 11
1244.640 7
1244.720 8
1244.799 9
1244.879 11
1244.959 15
1245.038 14
1245.118 13
1245.197 12
1245.277 10
1245.357 13
1245.436 16
1245.516 18
1245.596 21
1245.675 23
1245.755 26
1245.835 24
1245.914 23
1245.994 22
1246.073 21
1246.153 20
1246.233 16
1246.312 14
1246.392 10
1246.472 12
1246.551 14
1246.631 15
1246.711 12
1246.790 9
1246.870 8
1246.950 8
1247.029 15
1247.109 20
1247.189 28
1247.269 42
1247.348 69
1247.428 119
1247.508 180
1247.587 266
1247.667 346
1247.747 397
1247.826 429
1247.906 421
1247.986 397
1248.066 363
1248.145 334
1248.225 294
1248.305 270
1248.384 277
1248.464 296
1248.544 360
1248.624 423
1248.703 471
1248.783 512
1248.863 528
1248.943 531
1249.022 516
1249.102 502
1249.182 440
1249.262 386
1249.341 358
1249.421 340
1249.501 355
1249.581 372
1249.660 387
1249.740 393
1249.820 412
1249.900 421
1249.980 405
1250.059 385
1250.139 339
1250.219 298
1250.299 277
1250.378 266
1250.458 248
1250.538 244
1250.618 240
1250.698 237
1250.777 239
1250.857 239
1250.937 218
1251.017 198
1251.097 176
1251.177 151
1251.256 139
1251.336 123
1251.416 120
1251.496 116
1251.576 116
1251.655 118
1251.735 112
1251.815 108
1251.895 98
1251.975 86
1252.055 81
1252.135 76
1252.214 72
1252.294 68
1252.374 64
1252.454 61
1252.534 57
1252.614 58
1252.694 62
1252.773 56
1252.853 54
1252.933 48
1253.013 47
1253.093 40
1253.173 36
1253.253 32
1253.333 28
1253.412 23
1253.492 23
1253.572 26
1253.652 24
1253.732 25
1253.812 25
1253.892 23
1253.972 22
1254.052 26
1254.132 27
1254.211 27
1254.291 28
1254.371 27
1254.451 30
1254.531 31
1254.611 33
1254.691 33
1254.771 31
1254.851 31
1254.931 34
1255.011 31
1255.091 29
1255.171 31
1255.251 27
1255.331 29
1255.411 27
1255.490 28
1255.570 28
1255.650 31
1255.730 31
1255.810 35
1255.890 35
1255.970 29
1256.050 26
1256.130 21
1256.210 18
1256.290 16
1256.370 17
1256.450 16
1256.530 17
1256.610 19
1256.690 19
1256.770 20
1256.850 20
1256.930 19
1257.010 18
1257.090 14
1257.170 13
1257.250 10
1257.330 14
1257.410 15
1257.490 23
1257.570 26
1257.650 29
1257.730 29
1257.810 31
1257.890 29
1257.970 25
1258.050 22
1258.130 18
1258.211 15
1258.291 13
1258.371 16
1258.451 13
1258.531 15
1258.611 16
1258.691 19
1258.771 18
1258.851 18
1258.931 17
1259.011 19
1259.091 21
1259.171 21
1259.251 22
1259.331 16
1259.411 16
1259.492 19
1259.572 16
1259.652 13
1259.732 10
1259.812 6
1259.892 3
1259.972 3
1260.052 4
1260.132 3
1260.212 4
1260.293 3
1260.373 3
1260.453 6
1260.533 9
1260.613 11
1260.693 10
1260.773 10
1260.853 7
1260.934 5
1261.014 8
1261.094 12
1261.174 13
1261.254 14
1261.334 15
1261.414 12
1261.495 15
1261.575 21
1261.655 20
1261.735 22
1261.815 20
1261.895 17
1261.976 16
1262.056 16
1262.136 17
1262.216 20
1262.296 20
1262.376 19
1262.457 18
1262.537 19
1262.617 19
1262.697 19
1262.777 19
1262.858 17
1262.938 19
1263.018 20
1263.098 22
1263.178 27
1263.259 30
1263.339 33
1263.419 37
1263.499 36
1263.579 39
1263.660 36
1263.740 38
1263.820 37
1263.900 34
1263.980 37
1264.061 37
1264.141 38
1264.221 34
1264.301 36
1264.382 32
1264.462 30
1264.542 34
1264.622 33
1264.703 36
1264.783 40
1264.863 46
1264.943 43
1265.024 48
1265.104 47
1265.184 40
1265.265 38
1265.345 35
1265.425 34
1265.505 38
1265.586 42
1265.666 47
1265.746 51
1265.827 52
1265.907 50
1265.987 45
1266.067 38
1266.148 39
1266.228 38
1266.308 37
1266.389 41
1266.469 42
1266.549 47
1266.630 48
1266.710 46
1266.790 47
1266.871 43
1266.951 43
1267.031 42
1267.112 37
1267.192 32
1267.272 31
1267.353 30
1267.433 30
1267.513 34
1267.594 31
1267.674 30
1267.754 30
1267.835 24
1267.915 24
1267.995 24
1268.076 21
1268.156 14
1268.236 15
1268.317 12
1268.397 14
1268.478 17
1268.558 19
1268.638 21
1268.719 22
1268.799 28
1268.879 27
1268.960 29
1269.040 29
1269.121 28
1269.201 30
1269.281 31
1269.362 32
1269.442 28
1269.523 28
1269.603 28
1269.683 24
1269.764 21
1269.844 19
1269.925 15
1270.005 16
1270.086 13
1270.166 19
1270.246 22
1270.327 21
1270.407 23
1270.488 23
1270.568 22
1270.649 20
1270.729 20
1270.810 17
1270.890 16
1270.970 19
1271.051 21
1271.131 34
1271.212 52
1271.292 69
1271.373 100
1271.453 146
1271.534 202
1271.614 281
1271.695 342
1271.775 377
1271.856 390
1271.936 379
1272.017 362
1272.097 340
1272.178 329
1272.258 300
1272.339 290
1272.419 321
1272.500 370
1272.580 460
1272.661 542
1272.741 580
1272.822 600
1272.902 573
1272.983 524
1273.063 470
1273.144 412
1273.224 361
1273.305 324
1273.385 318
1273.466 321
1273.546 346
1273.627 372
1273.707 392
1273.788 401
1273.869 411
1273.949 405
1274.030 383
1274.110 365
1274.191 322
1274.271 282
1274.352 257
1274.432 235
1274.513 224
1274.594 217
1274.674 215
1274.755 209
1274.835 207
1274.916 209
1274.997 201
1275.077 193
1275.158 178
1275.238 158
1275.319 144
1275.399 133
1275.480 121
1275.561 112
1275.641 107
1275.722 97
1275.803 96
1275.883 96
1275.964 91
1276.044 87
1276.125 85
1276.206 82
1276.286 78
1276.367 74
1276.448 65
1276.528 59
1276.609 52
1276.689 46
1276.770 43
1276.851 42
1276.931 41
1277.012 43
1277.093 45
1277.173 51
1277.254 49
1277.335 51
1277.415 44
1277.496 36
1277.577 31
1277.657 27
1277.738 25
1277.819 25
1277.899 29
1277.980 30
1278.061 34
1278.141 34
1278.222 34
1278.303 30
1278.383 27
1278.464 27
1278.545 25
1278.626 24
1278.706 22
1278.787 23
1278.868 24
1278.948 27
1279.029 25
1279.110 27
1279.191 25
1279.271 23
1279.352 24
1279.433 25
1279.513 25
1279.594 24
1279.675 26
1279.756 23
1279.836 25
1279.917 28
1279.998 24
1280.079 23
1280.159 25
1280.240 26
1280.321 31
1280.402 33
1280.482 35
1280.563 32
1280.644 35
1280.725 36
1280.805 31
1280.886 23
1280.967 18
1281.048 15
1281.129 12
1281.209 11
1281.290 11
1281.371 7
1281.452 6
1281.533 7
1281.613 9
1281.694 13
1281.775 15
1281.856 17
1281.937 22
1282.017 24
1282.098 25
1282.179 28
1282.260 26
1282.341 24
1282.421 26
1282.502 26
1282.583 26
1282.664 26
1282.745 23
1282.826 18
1282.906 15
1282.987 9
1283.068 6
1283.149 5
1283.230 7
1283.311 4
1283.391 5
1283.472 8
1283.553 11
1283.634 13
1283.715 15
1283.796 16
1283.877 14
1283.958 12
1284.038 10
1284.119 13
1284.200 16
1284.281 18
1284.362 17
1284.443 17
1284.524 15
1284.605 10
1284.686 10
1284.766 9
1284.847 10
1284.928 9
1285.009 11
1285.090 12
1285.171 13
1285.252 16
1285.333 18
1285.414 13
1285.495 13
1285.576 13
1285.656 9
1285.737 9
1285.818 9
1285.899 12
1285.980 12
1286.061 12
1286.142 14
1286.223 11
1286.304 10
1286.385 11
1286.466 11
1286.547 11
1286.628 9
1286.709 7
1286.790 4
1286.871 2
1286.952 2
1287.033 5
1287.114 5
1287.195 5
1287.276 7
1287.357 10
1287.438 13
1287.518 19
1287.599 20
1287.680 24
1287.761 24
1287.842 23
1287.923 22
1288.004 24
1288.085 30
1288.166 26
1288.247 28
1288.328 37
1288.410 38
1288.491 43
1288.572 44
1288.653 43
1288.734 42
1288.815 45
1288.896 47
1288.977 42
1289.058 42
1289.139 40
1289.220 39
1289.301 35
1289.382 34
1289.463 36
1289.544 41
1289.625 42
1289.706 45
1289.787 43
1289.868 37
1289.949 38
1290.030 33
1290.111 26
1290.192 28
1290.274 26
1290.355 30
1290.436 31
1290.517 32
1290.598 35
1290.679 36
1290.760 39
1290.841 35
1290.922 33
1291.003 28
1291.084 19
1291.166 17
1291.247 15
1291.328 12
1291.409 10
1291.490 6
1291.571 4
1291.652 4
1291.733 8
1291.814 11
1291.896 11
1291.977 13
1292.058 14
1292.139 13
1292.220 11
1292.301 9
1292.382 6
1292.464 4
1292.545 7
1292.626 6
1292.707 7
1292.788 8
1292.869 13
1292.950 13
1293.032 16
1293.113 15
1293.194 13
1293.275 15
1293.356 11
1293.437 11
1293.519 7
1293.600 4
1293.681 7
1293.762 9
1293.843 13
1293.925 13
1294.006 10
1294.087 7
1294.168 6
1294.249 7
1294.331 9
1294.412 9
1294.493 10
1294.574 11
1294.655 14
1294.737 13
1294.818 10
1294.899 7
1294.980 8
1295.062 12
1295.143 19
1295.224 36
1295.305 58
1295.386 101
1295.468 157
1295.549 233
1295.630 308
1295.711 365
1295.793 400
1295.874 411
1295.955 408
1296.036 389
1296.118 368
1296.199 324
1296.280 291
1296.361 287
1296.443 297
1296.524 343
1296.605 394
1296.687 430
1296.768 470
1296.849 500
1296.930 511
1297.012 497
1297.093 465
1297.174 393
1297.256 330
1297.337 297
1297.418 281
1297.500 287
1297.581 294
1297.662 304
1297.743 301
1297.825 311
1297.906 320
1297.987 314
1298.069 307
1298.150 277
1298.231 242
1298.313 218
1298.394 203
1298.475 198
1298.557 200
1298.638 200
1298.719 198
1298.801 196
1298.882 189
1298.963 180
1299.045 169
1299.126 148
1299.208 134
1299.289 129
1299.370 123
1299.452 121
1299.533 116
1299.614 108
1299.696 100
1299.777 96
1299.858 96
1299.940 86
1300.021 74
1300.103 70
1300.184 62
1300.265 56
1300.347 56
1300.428 52
1300.510 51
1300.591 49
1300.672 45
1300.754 42
1300.835 38
1300.917 38
1300.998 38
1301.079 37
1301.161 36
1301.242 38
1301.324 35
1301.405 34
1301.487 31
1301.568 32
1301.649 30
1301.731 32
1301.812 35
1301.894 34
1301.975 38
1302.057 39
1302.138 35
1302.220 38
1302.301 41
1302.383 43
1302.464 39
1302.545 38
1302.627 33
1302.708 33
1302.790 38
1302.871 40
1302.953 38
1303.034 36
1303.116 37
1303.197 32
1303.279 30
1303.360 29
1303.442 25
1303.523 25
1303.605 25
1303.686 22
1303.768 21
1303.849 22
1303.931 21
1304.012 24
1304.094 26
1304.175 26
1304.257 29
1304.338 27
1304.420 24
1304.501 25
1304.583 25
1304.664 26
1304.746 29
1304.828 27
1304.909 20
1304.991 19
1305.072 18
1305.154 15
1305.235 15
1305.317 15
1305.398 15
1305.480 13
1305.561 12
1305.643 12
1305.725 13
1305.806 17
1305.888 18
1305.969 22
1306.051 26
1306.132 21
1306.214 19
1306.296 17
1306.377 14
1306.459 14
1306.540 19
1306.622 19
1306.704 17
1306.785 19
1306.867 19
1306.948 20
1307.030 17
1307.112 20
1307.193 17
1307.275 19
1307.356 22
1307.438 20
1307.520 18
1307.601 19
1307.683 17
1307.765 15
1307.846 12
1307.928 10
1308.010 11
1308.091 10
1308.173 9
1308.254 10
1308.336 7
1308.418 7
1308.499 6
1308.581 5
1308.663 2
1308.744 3
1308.826 5
1308.908 6
1308.989 12
1309.071 13
1309.153 15
1309.234 13
1309.316 10
1309.398 9
1309.479 7
1309.561 8
1309.643 9
1309.725 11
1309.806 17
1309.888 22
1309.970 24
1310.051 24
1310.133 22
1310.215 22
1310.296 31
1310.378 34
1310.460 36
1310.542 36
1310.623 29
1310.705 28
1310.787 27
1310.868 32
1310.950 30
1311.032 28
1311.114 29
1311.195 28
1311.277 33
1311.359 30
1311.441 30
1311.522 32
1311.604 32
1311.686 37
1311.768 34
1311.849 37
1311.931 34
1312.013 31
1312.095 32
1312.177 31
1312.258 28
1312.340 29
1312.422 29
1312.504 30
1312.585 35
1312.667 42
1312.749 51
1312.831 53
1312.913 57
1312.994 56
1313.076 54
1313.158 51
1313.240 46
1313.322 38
1313.403 31
1313.485 27
1313.567 21
1313.649 19
1313.731 20
1313.812 23
1313.894 28
1313.976 33
1314.058 32
1314.140 33
1314.222 32
1314.303 30
1314.385 31
1314.467 32
1314.549 31
1314.631 30
1314.713 29
1314.795 30
1314.876 31
1314.958 31
1315.040 33
1315.122 34
1315.204 37
1315.286 34
1315.368 33
1315.449 31
1315.531 27
1315.613 26
1315.695 22
1315.777 20
1315.859 17
1315.941 14
1316.023 15
1316.105 17
1316.186 16
1316.268 16
1316.350 13
1316.432 11
1316.514 15
1316.596 17
1316.678 22
1316.760 24
1316.842 28
1316.924 28
1317.006 28
1317.087 30
1317.169 28
1317.251 28
1317.333 24
1317.415 18
1317.497 14
1317.579 16
1317.661 18
1317.743 20
1317.825 23
1317.907 19
1317.989 19
1318.071 16
1318.153 15
1318.235 14
1318.317 13
1318.399 11
1318.481 11
1318.563 10
1318.645 15
1318.727 13
1318.809 10
1318.891 11
1318.973 9
1319.054 10
1319.136 14
1319.218 30
1319.300 53
1319.382 85
1319.464 134
1319.546 183
1319.628 236
1319.710 301
1319.792 348
1319.875 366
1319.957 367
1320.039 332
1320.121 303
1320.203 293
1320.285 287
1320.367 304
1320.449 334
1320.531 377
1320.613 433
1320.695 487
1320.777 523
1320.859 519
1320.941 498
1321.023 438
1321.105 375
1321.187 339
1321.269 308
1321.351 289
1321.433 284
1321.515 293
1321.597 307
1321.679 341
1321.762 374
1321.844 383
1321.926 382
1322.008 352
1322.090 310
1322.172 270
1322.254 236
1322.336 210
1322.418 195
1322.500 192
1322.582 186
1322.665 200
1322.747 211
1322.829 207
1322.911 206
1322.993 193
1323.075 178
1323.157 169
1323.239 162
1323.321 149
1323.404 133
1323.486 134
1323.568 128
1323.650 127
1323.732 128
1323.814 118
1323.896 106
1323.979 100
1324.061 98
1324.143 91
1324.225 90
1324.307 86
1324.389 79
1324.471 73
1324.554 71
1324.636 67
1324.718 64
1324.800 62
1324.882 61
1324.964 58
1325.047 62
1325.129 59
1325.211 58
1325.293 57
1325.375 52
1325.458 52
1325.540 50
1325.622 51
1325.704 46
1325.786 43
1325.869 39
1325.951 37
1326.033 34
1326.115 32
1326.197 30
1326.280 36
1326.362 36
1326.444 40
1326.526 42
1326.608 38
1326.691 36
1326.773 37
1326.855 33
1326.937 30
1327.020 26
1327.102 25
1327.184 24
1327.266 23
1327.349 22
1327.431 21
1327.513 24
1327.595 26
1327.678 27
1327.760 26
1327.842 24
1327.924 26
1328.007 25
1328.089 24
1328.171 26
1328.254 25
1328.336 23
1328.418 23
1328.500 22
1328.583 20
1328.665 27
1328.747 27
1328.830 26
1328.912 30
1328.994 29
1329.076 31
1329.159 33
1329.241 27
1329.323 20
1329.406 17
1329.488 11
1329.570 14
1329.653 18
1329.735 18
1329.817 18
1329.900 20
1329.982 24
1330.064 22
1330.147 23
1330.229 19
1330.311 18
1330.394 23
1330.476 22
1330.558 27
1330.641 25
1330.723 28
1330.805 29
1330.888 33
1330.970 31
1331.053 29
1331.135 32
1331.217 27
1331.300 24
1331.382 20
1331.464 15
1331.547 13
1331.629 14
1331.712 13
1331.794 12
1331.876 14
1331.959 12
1332.041 12
1332.124 10
1332.206 8
1332.288 8
1332.371 8
1332.453 9
1332.536 10
1332.618 12
1332.700 14
1332.783 15
1332.865 13
1332.948 10
1333.030 8
1333.113 8
1333.195 9
1333.277 7
1333.360 8
1333.442 11
1333.525 12
1333.607 16
1333.690 16
1333.772 16
1333.855 12
1333.937 12
1334.019 9
1334.102 5
1334.184 6
1334.267 5
1334.349 5
1334.432 4
1334.514 6
1334.597 4
1334.679 5
1334.762 5
1334.844 5
1334.927 8
1335.009 7
1335.092 12
1335.174 13
1335.257 14
1335.339 15
1335.422 13
1335.504 15
1335.587 14
1335.669 17
1335.752 20
1335.834 22
1335.917 24
1335.999 28
1336.082 26
1336.164 32
1336.247 39
1336.329 40
1336.412 44
1336.494 47
1336.577 51
1336.660 55
1336.742 61
1336.825 61
1336.907 58
1336.990 51
1337.072 43
1337.155 40
1337.237 35
1337.320 33
1337.403 31
1337.485 29
1337.568 31
1337.650 32
1337.733 29
1337.815 32
1337.898 34
1337.981 35
1338.063 37
1338.146 36
1338.228 31
1338.311 28
1338.394 30
1338.476 26
1338.559 25
1338.641 23
1338.724 18
1338.807 17
1338.889 21
1338.972 22
1339.054 24
1339.137 24
1339.220 24
1339.302 27
1339.385 29
1339.468 33
1339.550 33
1339.633 33
1339.715 32
1339.798 33
1339.881 34
1339.963 33
1340.046 31
1340.129 27
1340.211 30
1340.294 28
1340.377 29
1340.459 29
1340.542 25
1340.625 25
1340.707 20
1340.790 16
1340.873 13
1340.955 15
1341.038 16
1341.121 19
1341.203 18
1341.286 13
1341.369 13
1341.451 10
1341.534 12
1341.617 14
1341.700 12
1341.782 9
1341.865 9
1341.948 7
1342.030 9
1342.113 9
1342.196 10
1342.279 11
1342.361 15
1342.444 13
1342.527 12
1342.609 11
1342.692 10
1342.775 11
1342.858 13
1342.940 15
1343.023 22
1343.106 29
1343.189 44
1343.271 75
1343.354 112
1343.437 166
1343.520 229
1343.602 281
1343.685 333
1343.768 381
1343.851 404
1343.933 399
1344.016 384
1344.099 329
1344.182 283
1344.265 269
1344.347 264
1344.430 287
1344.513 327
1344.596 355
1344.678 390
1344.761 421
1344.844 433
1344.927 419
1345.010 389
1345.092 347
1345.175 309
1345.258 301
1345.341 302
1345.424 311
1345.507 326
1345.589 334
1345.672 348
1345.755 363
1345.838 380
1345.921 379
1346.004 360
1346.086 309
1346.169 262
1346.252 225
1346.335 192
1346.418 187
1346.501 184
1346.583 191
1346.666 206
1346.749 228
1346.832 239
1346.915 237
1346.998 227
1347.081 202
1347.163 180
1347.246 162
1347.329 144
1347.412 129
1347.495 114
1347.578 103
1347.661 94
1347.744 93
1347.827 88
1347.909 85
1347.992 83
1348.075 79
1348.158 73
1348.241 69
1348.324 66
1348.407 68
1348.490 65
1348.573 60
1348.656 56
1348.739 47
1348.821 37
1348.904 32
1348.987 27
1349.070 27
1349.153 30
1349.236 32
1349.319 34
1349.402 35
1349.485 34
1349.568 31
1349.651 32
1349.734 27
1349.817 23
1349.900 21
1349.983 18
1350.066 18
1350.149 22
1350.232 24
1350.315 24
1350.398 25
1350.480 26
1350.563 26
1350.646 25
1350.729 23
1350.812 21
1350.895 19
1350.978 20
1351.061 20
1351.144 19
1351.227 20
1351.310 23
1351.393 24
1351.476 21
1351.559 21
1351.642 20
1351.725 18
1351.808 17
1351.891 19
1351.974 23
1352.058 20
1352.141 22
1352.224 20
1352.307 19
1352.390 21
1352.473 21
1352.556 20
1352.639 22
1352.722 19
1352.805 19
1352.888 19
1352.971 16
1353.054 17
1353.137 13
1353.220 13
1353.303 10
1353.386 10
1353.469 7
1353.552 7
1353.635 13
1353.719 13
1353.802 12
1353.885 12
1353.968 9
1354.051 10
1354.134 10
1354.217 12
1354.300 11
1354.383 9
1354.466 10
1354.549 13
1354.633 12
1354.716 12
1354.799 14
1354.882 12
1354.965 11
1355.048 10
1355.131 9
1355.214 6
1355.297 7
1355.381 9
1355.464 13
1355.547 13
1355.630 10
1355.713 9
1355.796 5
1355.879 5
1355.963 8
1356.046 4
1356.129 4
1356.212 4
1356.295 7
1356.378 8
1356.462 11
1356.545 13
1356.628 13
1356.711 13
1356.794 16
1356.877 15
1356.961 13
1357.044 12
1357.127 10
1357.210 12
1357.293 10
1357.376 12
1357.460 15
1357.543 17
1357.626 17
1357.709 23
1357.792 30
1357.876 32
1357.959 33
1358.042 34
1358.125 31
1358.209 27
1358.292 24
1358.375 23
1358.458 20
1358.541 22
1358.625 26
1358.708 25
1358.791 29
1358.874 26
1358.958 23
1359.041 21
1359.124 16
1359.207 16
1359.291 14
1359.374 19
1359.457 21
1359.540 20
1359.624 22
1359.707 21
1359.790 24
1359.873 28
1359.957 30
1360.040 28
1360.123 26
1360.206 30
1360.290 36
1360.373 36
1360.456 34
1360.540 34
1360.623 30
1360.706 32
1360.789 34
1360.873 37
1360.956 36
1361.039 35
1361.123 37
1361.206 35
1361.289 35
1361.373 33
1361.456 35
1361.539 36
1361.623 40
1361.706 47
1361.789 50
1361.873 50
1361.956 48
1362.039 44
1362.123 42
1362.206 44
1362.289 40
1362.373 38
1362.456 39
1362.539 38
1362.623 38
1362.706 43
1362.789 47
1362.873 44
1362.956 41
1363.039 41
1363.123 39
1363.206 36
1363.290 36
1363.373 31
1363.456 25
1363.540 22
1363.623 18
1363.707 20
1363.790 17
1363.873 17
1363.957 18
1364.040 15
1364.123 14
1364.207 14
1364.290 13
1364.374 14
1364.457 11
1364.541 13
1364.624 11
1364.707 9
1364.791 12
1364.874 10
1364.958 14
1365.041 13
1365.124 15
1365.208 15
1365.291 11
1365.375 15
1365.458 18
1365.542 18
1365.625 20
1365.709 16
1365.792 13
1365.875 14
1365.959 16
1366.042 15
1366.126 13
1366.209 12
1366.293 9
1366.376 10
1366.460 12
1366.543 12
1366.627 12
1366.710 12
1366.794 12
1366.877 12
1366.961 14
1367.044 17
1367.128 22
1367.211 34
1367.295 52
1367.378 84
1367.462 123
1367.545 169
1367.629 219
1367.712 258
1367.796 289
1367.879 302
1367.963 297
1368.046 260
1368.130 232
1368.213 215
1368.297 210
1368.380 233
1368.464 257
1368.547 283
1368.631 311
1368.714 354
1368.798 384
1368.882 387
1368.965 369
1369.049 330
1369.132 295
1369.216 271
1369.299 255
1369.383 245
1369.466 246
1369.550 256
1369.634 275
1369.717 301
1369.801 320
1369.884 316
1369.968 305
1370.052 275
1370.135 245
1370.219 225
1370.302 206
1370.386 184
1370.469 170
1370.553 160
1370.637 153
1370.720 162
1370.804 173
1370.888 177
1370.971 178
1371.055 171
1371.138 156
1371.222 144
1371.306 136
1371.389 124
1371.473 112
1371.556 99
1371.640 89
1371.724 88
1371.807 88
1371.891 88
1371.975 83
1372.058 82
1372.142 76
1372.226 80
1372.309 77
1372.393 80
1372.477 75
1372.560 68
1372.644 64
1372.728 59
1372.811 55
1372.895 57
1372.979 59
1373.062 57
1373.146 62
1373.230 59
1373.313 55
1373.397 54
1373.481 52
1373.564 51
1373.648 46
1373.732 48
1373.816 49
1373.899 48
1373.983 51
1374.067 49
1374.150 42
1374.234 38
1374.318 33
1374.401 27
1374.485 24
1374.569 24
1374.653 21
1374.736 19
1374.820 21
1374.904 22
1374.988 23
1375.071 23
1375.155 18
1375.239 21
1375.323 18
1375.406 17
1375.490 20
1375.574 21
1375.658 21
1375.741 22
1375.825 24
1375.909 25
1375.993 25
1376.076 25
1376.160 25
1376.244 24
1376.328 23
1376.412 22
1376.495 25
1376.579 21
1376.663 18
1376.747 19
1376.830 18
1376.914 17
1376.998 19
1377.082 18
1377.166 16
1377.249 15
1377.333 13
1377.417 11
1377.501 14
1377.585 14
1377.669 17
1377.752 22
1377.836 28
1377.920 29
1378.004 29
1378.088 24
1378.172 19
1378.255 17
1378.339 14
1378.423 13
1378.507 13
1378.591 12
1378.675 14
1378.758 16
1378.842 15
1378.926 15
1379.010 17
1379.094 16
1379.178 11
1379.262 7
1379.345 7
1379.429 7
1379.513 7
1379.597 8
1379.681 9
1379.765 9
1379.849 12
1379.933 11
1380.017 7
1380.100 9
1380.184 7
1380.268 7
1380.352 11
1380.436 9
1380.520 11
1380.604 11
1380.688 11
1380.772 14
1380.856 19
1380.940 25
1381.023 28
1381.107 28
1381.191 28
1381.275 26
1381.359 28
1381.443 28
1381.527 22
1381.611 20
1381.695 16
1381.779 16
1381.863 15
1381.947 20
1382.031 22
1382.115 20
1382.199 20
1382.283 17
1382.367 18
1382.451 16
1382.535 18
1382.619 18
1382.703 18
1382.786 18
1382.870 20
1382.954 22
1383.038 20
1383.122 20
1383.206 19
1383.290 16
1383.374 13
1383.458 14
1383.542 15
1383.626 15
1383.710 16
1383.794 20
1383.878 24
1383.962 28
1384.046 32
1384.130 32
1384.215 34
1384.299 33
1384.383 33
1384.467 35
1384.551 37
1384.635 41
1384.719 45
1384.803 47
1384.887 46
1384.971 43
1385.055 38
1385.139 35
1385.223 32
1385.307 29
1385.391 31
1385.475 28
1385.559 23
1385.643 27
1385.727 29
1385.811 34
1385.896 42
1385.980 43
1386.064 44
1386.148 41
1386.232 42
1386.316 41
1386.400 35
1386.484 30
1386.568 26
1386.652 20
1386.736 17
1386.820 17
1386.905 16
1386.989 17
1387.073 21
1387.157 21
1387.241 17
1387.325 18
1387.409 16
1387.493 17
1387.578 18
1387.662 20
1387.746 20
1387.830 21
1387.914 21
1387.998 23
1388.082 22
1388.166 24
1388.251 25
1388.335 20
1388.419 19
1388.503 19
1388.587 18
1388.671 15
1388.756 17
1388.840 20
1388.924 21
1389.008 23
1389.092 23
1389.176 25
1389.261 26
1389.345 24
1389.429 20
1389.513 18
1389.597 14
1389.682 13
1389.766 10
1389.850 9
1389.934 14
1390.018 17
1390.103 18
1390.187 24
1390.271 25
1390.355 23
1390.439 25
1390.524 19
1390.608 16
1390.692 17
1390.776 19
1390.860 21
1390.945 21
1391.029 24
1391.113 30
1391.197 40
1391.282 57
1391.366 88
1391.450 126
1391.534 180
1391.619 237
1391.703 269
1391.787 293
1391.871 289
1391.956 278
1392.040 270
1392.124 256
1392.208 233
1392.293 224
1392.377 238
1392.461 269
1392.546 329
1392.630 387
1392.714 415
1392.798 434
1392.883 430
1392.967 408
1393.051 378
1393.136 350
1393.220 315
1393.304 286
1393.389 281
1393.473 283
1393.557 309
1393.641 341
1393.726 361
1393.810 370
1393.894 350
1393.979 327
1394.063 296
1394.147 269
1394.232 240
1394.316 216
1394.400 205
1394.485 194
1394.569 205
1394.653 211
1394.738 207
1394.822 201
1394.906 185
1394.991 163
1395.075 141
1395.160 122
1395.244 110
1395.328 101
1395.413 94
1395.497 91
1395.581 86
1395.666 81
1395.750 82
1395.834 77
1395.919 84
1396.003 88
1396.088 87
1396.172 85
1396.256 77
1396.341 73
1396.425 70
1396.510 65
1396.594 60
1396.678 57
1396.763 56
1396.847 56
1396.932 57
1397.016 55
1397.101 56
1397.185 59
1397.269 59
1397.354 51
1397.438 44
1397.523 38
1397.607 36
1397.692 36
1397.776 36
1397.860 35
1397.945 34
1398.029 39
1398.114 36
1398.198 33
1398.283 30
1398.367 30
1398.452 32
1398.536 34
1398.620 34
1398.705 36
1398.789 34
1398.874 31
1398.958 33
1399.043 28
1399.127 27
1399.212 27
1399.296 26
1399.381 24
1399.465 24
1399.550 28
1399.634 29
1399.719 32
1399.803 34
1399.888 33
1399.972 32
1400.057 33
1400.141 32
1400.226 31
1400.310 33
1400.395 26
1400.479 23
1400.564 22
1400.648 20
1400.733 23
1400.818 26
1400.902 30
1400.987 29
1401.071 27
1401.156 27
1401.240 26
1401.325 23
1401.409 19
1401.494 17
1401.578 16
1401.663 15
1401.748 14
1401.832 15
1401.917 11
1402.001 10
1402.086 12
1402.170 12
1402.255 13
1402.340 13
1402.424 15
1402.509 14
1402.593 11
1402.678 11
1402.763 14
1402.847 13
1402.932 12
1403.016 14
1403.101 14
1403.186 15
1403.270 17
1403.355 17
1403.439 19
1403.524 15
1403.609 14
1403.693 10
1403.778 9
1403.862 13
1403.947 16
1404.032 16
1404.116 16
1404.201 12
1404.286 10
1404.370 10
1404.455 10
1404.540 13
1404.624 18
1404.709 22
1404.794 23
1404.878 23
1404.963 24
1405.047 25
1405.132 27
1405.217 25
1405.302 25
1405.386 24
1405.471 24
1405.556 25
1405.640 23
1405.725 20
1405.810 18
1405.894 15
1405.979 8
1406.064 7
1406.148 3
1406.233 4
1406.318 8
1406.402 13
1406.487 16
1406.572 20
1406.657 23
1406.741 24
1406.826 27
1406.911 22
1406.995 20
1407.080 18
1407.165 13
1407.250 15
1407.334 15
1407.419 19
1407.504 25
1407.589 24
1407.673 27
1407.758 28
1407.843 29
1407.928 27
1408.012 25
1408.097 21
1408.182 18
1408.267 21
1408.351 18
1408.436 24
1408.521 34
1408.606 44
1408.690 57
1408.775 65
1408.860 70
1408.945 69
1409.030 64
1409.114 60
1409.199 53
1409.284 47
1409.369 47
1409.454 44
1409.538 42
1409.623 47
1409.708 48
1409.793 48
1409.878 49
1409.962 50
1410.047 51
1410.132 47
1410.217 43
1410.302 40
1410.387 37
1410.471 37
1410.556 31
1410.641 32
1410.726 29
1410.811 30
1410.896 30
1410.980 30
1411.065 34
1411.150 38
1411.235 43
1411.320 44
1411.405 45
1411.489 42
1411.574 35
1411.659 30
1411.744 25
1411.829 29
1411.914 25
1411.999 24
1412.084 24
1412.168 21
1412.253 25
1412.338 27
1412.423 21
1412.508 19
1412.593 19
1412.678 22
1412.763 25
1412.848 24
1412.933 18
1413.017 16
1413.102 12
1413.187 13
1413.272 12
1413.357 12
1413.442 14
1413.527 19
1413.612 21
1413.697 24
1413.782 26
1413.867 22
1413.952 25
1414.036 23
1414.121 18
1414.206 16
1414.291 14
1414.376 13
1414.461 14
1414.546 14
1414.631 17
1414.716 17
1414.801 13
1414.886 16
1414.971 11
1415.056 16
1415.141 25
1415.226 36
1415.311 54
1415.396 79
1415.481 103
1415.566 144
1415.651 185
1415.736 207
1415.821 224
1415.906 217
1415.991 208
1416.076 200
1416.161 194
1416.246 191
1416.331 189
1416.416 201
1416.501 216
1416.586 241
1416.671 264
1416.756 267
1416.841 267
1416.926 254
1417.011 235
1417.096 221
1417.181 210
1417.266 199
1417.351 190
1417.436 198
1417.521 208
1417.606 226
1417.691 238
1417.776 237
1417.861 231
1417.946 208
1418.032 189
1418.117 175
1418.202 158
1418.287 150
1418.372 147
1418.457 145
1418.542 141
1418.627 149
1418.712 148
1418.797 151
1418.882 152
1418.967 137
1419.052 121
1419.138 111
1419.223 96
1419.308 89
1419.393 87
1419.478 79
1419.563 69
1419.648 71
1419.733 66
1419.818 67
1419.903 68
1419.989 63
1420.074 60
1420.159 60
1420.244 53
1420.329 51
1420.414 46
1420.499 41
1420.585 39
1420.670 38
1420.755 40
1420.840 44
1420.925 52
1421.010 48
1421.095 46
1421.181 43
1421.266 33
1421.351 31
1421.436 38
1421.521 34
1421.606 27
1421.692 22
1421.777 19
1421.862 21
1421.947 19
1422.032 22
1422.117 26
1422.203 22
1422.288 19
1422.373 20
1422.458 20
1422.543 24
1422.629 28
1422.714 30
1422.799 32
1422.884 31
1422.969 31
1423.055 29
1423.140 29
1423.225 32
1423.310 30
1423.396 27
1423.481 29
1423.566 29
1423.651 29
1423.736 33
1423.822 34
1423.907 33
1423.992 35
1424.077 34
1424.163 34
1424.248 30
1424.333 34
1424.418 35
1424.504 33
1424.589 38
1424.674 40
1424.759 38
1424.845 38
1424.930 37
1425.015 38
1425.101 36
1425.186 35
1425.271 30
1425.356 27
1425.442 25
1425.527 23
1425.612 22
1425.698 26
1425.783 30
1425.868 29
1425.953 32
1426.039 33
1426.124 30
1426.209 25
1426.295 27
1426.380 26
1426.465 24
1426.551 29
1426.636 28
1426.721 25
1426.807 24
1426.892 24
1426.977 24
1427.063 22
1427.148 24
1427.233 23
1427.319 22
1427.404 27
1427.489 31
1427.575 31
1427.660 33
1427.745 36
1427.831 41
1427.916 47
1428.001 52
1428.087 55
1428.172 47
1428.258 39
1428.343 36
1428.428 33
1428.514 31
1428.599 26
1428.684 27
1428.770 26
1428.855 27
1428.941 27
1429.026 22
1429.111 20
1429.197 17
1429.282 19
1429.368 16
1429.453 16
1429.538 16
1429.624 15
1429.709 18
1429.795 22
1429.880 22
1429.966 27
1430.051 27
1430.136 29
1430.222 29
1430.307 27
1430.393 26
1430.478 28
1430.564 29
1430.649 30
1430.734 26
1430.820 25
1430.905 25
1430.991 24
1431.076 25
1431.162 21
1431.247 17
1431.333 17
1431.418 20
1431.504 22
1431.589 20
1431.675 17
1431.760 18
1431.845 17
1431.931 17
1432.016 20
1432.102 19
1432.187 19
1432.273 19
1432.358 17
1432.444 19
1432.529 20
1432.615 23
1432.700 20
1432.786 19
1432.871 19
1432.957 19
1433.042 23
1433.128 26
1433.214 28
1433.299 29
1433.385 28
1433.470 24
1433.556 19
1433.641 15
1433.727 15
1433.812 17
1433.898 20
1433.983 23
1434.069 21
1434.154 20
1434.240 22
1434.326 23
1434.411 23
1434.497 21
1434.582 19
1434.668 15
1434.753 17
1434.839 20
1434.925 18
1435.010 21
1435.096 23
1435.181 22
1435.267 26
1435.352 29
1435.438 32
1435.524 32
1435.609 30
1435.695 28
1435.780 31
1435.866 33
1435.952 33
1436.037 31
1436.123 27
1436.208 27
1436.294 25
1436.380 29
1436.465 27
1436.551 29
1436.637 27
1436.722 25
1436.808 25
1436.893 21
1436.979 19
1437.065 17
1437.150 16
1437.236 16
1437.322 20
1437.407 23
1437.493 22
1437.579 25
1437.664 28
1437.750 28
1437.836 27
1437.921 25
1438.007 23
1438.093 25
1438.178 27
1438.264 25
1438.350 29
1438.435 30
1438.521 28
1438.607 27
1438.692 22
1438.778 24
1438.864 25
1438.949 25
1439.035 31
1439.121 35
1439.207 45
1439.292 68
1439.378 99
1439.464 141
1439.549 187
1439.635 215
1439.721 235
1439.807 241
1439.892 234
1439.978 217
1440.064 204
1440.149 186
1440.235 176
1440.321 194
1440.407 216
1440.492 244
1440.578 269
1440.664 283
1440.750 288
1440.835 292
1440.921 281
1441.007 263
1441.093 250
1441.178 232
1441.264 219
1441.350 216
1441.436 215
1441.522 224
1441.607 237
1441.693 252
1441.779 262
1441.865 254
1441.950 235
1442.036 215
1442.122 194
1442.208 171
1442.294 155
1442.379 153
1442.465 148
1442.551 157
1442.637 161
1442.723 156
1442.808 146
1442.894 140
1442.980 137
1443.066 132
1443.152 135
1443.238 127
1443.323 115
1443.409 106
1443.495 94
1443.581 89
1443.667 85
1443.753 82
1443.838 71
1443.924 69
1444.010 63
1444.096 59
1444.182 56
1444.268 57
1444.353 53
1444.439 48
1444.525 46
1444.611 44
1444.697 45
1444.783 46
1444.869 49
1444.955 46
1445.040 40
1445.126 35
1445.212 30
1445.298 29
1445.384 30
1445.470 34
1445.556 39
1445.642 37
1445.728 40
1445.813 39
1445.899 41
1445.985 40
1446.071 42
1446.157 39
1446.243 37
1446.329 35
1446.415 34
1446.501 33
1446.587 32
1446.673 32
1446.759 31
1446.845 26
1446.930 22
1447.016 20
1447.102 16
1447.188 20
1447.274 20
1447.360 21
1447.446 20
1447.532 20
1447.618 23
1447.704 27
1447.790 31
1447.876 29
1447.962 30
1448.048 31
1448.134 28
1448.220 28
1448.306 26
1448.392 25
1448.478 28
1448.564 31
1448.650 31
1448.736 30
1448.822 34
1448.908 33
1448.994 32
1449.080 32
1449.166 28
1449.252 27
1449.338 25
1449.424 21
1449.510 22
1449.596 25
1449.682 29
1449.768 30
1449.854 32
1449.940 33
1450.026 36
1450.112 36
1450.198 30
1450.284 26
1450.370 22
1450.456 20
1450.542 21
1450.628 18
1450.714 14
1450.800 14
1450.886 16
1450.972 17
1451.059 19
1451.145 19
1451.231 16
1451.317 17
1451.403 16
1451.489 20
1451.575 19
1451.661 19
1451.747 23
1451.833 23
1451.919 22
1452.005 23
1452.091 29
1452.178 24
1452.264 28
1452.350 28
1452.436 27
1452.522 31
1452.608 35
1452.694 33
1452.780 30
1452.866 29
1452.953 25
1453.039 22
1453.125 20
1453.211 20
1453.297 16
1453.383 18
1453.469 19
1453.555 22
1453.642 27
1453.728 29
1453.814 30
1453.900 30
1453.986 28
1454.072 31
1454.158 24
1454.245 20
1454.331 14
1454.417 14
1454.503 15
1454.589 22
1454.675 29
1454.762 28
1454.848 27
1454.934 30
1455.020 26
1455.106 26
1455.193 28
1455.279 27
1455.365 30
1455.451 34
1455.537 33
1455.624 35
1455.710 38
1455.796 36
1455.882 36
1455.968 34
1456.055 33
1456.141 33
1456.227 33
1456.313 35
1456.399 32
1456.486 33
1456.572 38
1456.658 41
1456.744 41
1456.831 39
1456.917 36
1457.003 32
1457.089 30
1457.176 31
1457.262 34
1457.348 34
1457.434 32
1457.521 32
1457.607 32
1457.693 32
1457.779 34
1457.866 30
1457.952 34
1458.038 29
1458.124 25
1458.211 24
1458.297 19
1458.383 16
1458.470 18
1458.556 19
1458.642 15
1458.728 15
1458.815 16
1458.901 18
1458.987 17
1459.074 16
1459.160 18
1459.246 17
1459.333 15
1459.419 14
1459.505 12
1459.591 9
1459.678 11
1459.764 13
1459.850 14
1459.937 18
1460.023 25
1460.109 27
1460.196 31
1460.282 30
1460.368 28
1460.455 27
1460.541 23
1460.628 23
1460.714 20
1460.800 20
1460.887 20
1460.973 20
1461.059 19
1461.146 18
1461.232 14
1461.318 13
1461.405 8
1461.491 8
1461.578 11
1461.664 11
1461.750 11
1461.837 11
1461.923 14
1462.009 14
1462.096 13
1462.182 13
1462.269 11
1462.355 14
1462.441 17
1462.528 21
1462.614 28
1462.701 31
1462.787 30
1462.874 29
1462.960 26
1463.046 28
1463.133 37
1463.219 47
1463.306 63
1463.392 78
1463.479 104
1463.565 133
1463.651 155
1463.738 169
1463.824 173
1463.911 161
1463.997 146
1464.084 142
1464.170 143
1464.257 151
1464.343 176
1464.429 202
1464.516 226
1464.602 263
1464.689 290
1464.775 291
1464.862 287
1464.948 261
1465.035 235
1465.121 219
1465.208 203
1465.294 196
1465.381 196
1465.467 205
1465.554 207
1465.640 219
1465.727 227
1465.813 225
1465.900 222
1465.986 201
1466.073 178
1466.159 165
1466.246 146
1466.332 136
1466.419 127
1466.505 122
1466.592 121
1466.678 129
1466.765 138
1466.852 139
1466.938 139
1467.025 129
1467.111 122
1467.198 121
1467.284 121
1467.371 114
1467.457 109
1467.544 107
1467.631 99
1467.717 97
1467.804 95
1467.890 90
1467.977 85
1468.063 75
1468.150 67
1468.236 59
1468.323 55
1468.410 56
1468.496 53
1468.583 48
1468.669 44
1468.756 45
1468.843 38
1468.929 40
1469.016 42
1469.102 46
1469.189 50
1469.276 50
1469.362 52
1469.449 50
1469.535 48
1469.622 40
1469.709 34
1469.795 31
1469.882 31
1469.969 32
1470.055 35
1470.142 34
1470.229 32
1470.315 31
1470.402 33
1470.488 32
1470.575 35
1470.662 36
1470.748 38
1470.835 36
1470.922 31
1471.008 30
1471.095 26
1471.182 29
1471.268 31
1471.355 29
1471.442 28
1471.528 28
1471.615 26
1471.702 23
1471.788 22
1471.875 23
1471.962 26
1472.049 25
1472.135 26
1472.222 22
1472.309 17
1472.395 18
1472.482 16
1472.569 17
1472.655 16
1472.742 16
1472.829 15
1472.916 19
1473.002 21
1473.089 22
1473.176 24
1473.262 23
1473.349 26
1473.436 24
1473.523 25
1473.609 20
1473.696 16
1473.783 14
1473.870 18
1473.956 17
1474.043 17
1474.130 17
1474.217 19
1474.303 18
1474.390 18
1474.477 18
1474.564 18
1474.651 16
1474.737 23
1474.824 24
1474.911 24
1474.998 29
1475.084 31
1475.171 32
1475.258 32
1475.345 36
1475.432 39
1475.518 45
1475.605 50
1475.692 46
1475.779 44
1475.866 34
1475.952 28
1476.039 25
1476.126 19
1476.213 17
1476.300 13
1476.386 17
1476.473 16
1476.560 17
1476.647 18
1476.734 15
1476.821 18
1476.907 19
1476.994 17
1477.081 16
1477.168 16
1477.255 18
1477.342 20
1477.429 24
1477.515 30
1477.602 29
1477.689 28
1477.776 25
1477.863 22
1477.950 22
1478.037 22
1478.123 20
1478.210 17
1478.297 16
1478.384 14
1478.471 14
1478.558 13
1478.645 15
1478.732 13
1478.819 14
1478.905 15
1478.992 19
1479.079 22
1479.166 24
1479.253 30
1479.340 32
1479.427 38
1479.514 41
1479.601 41
1479.688 40
1479.775 38
1479.862 38
1479.948 35
1480.035 33
1480.122 27
1480.209 25
1480.296 26
1480.383 28
1480.470 31
1480.557 34
1480.644 35
1480.731 35
1480.818 35
1480.905 35
1480.992 35
1481.079 35
1481.166 39
1481.253 40
1481.340 38
1481.427 45
1481.514 49
1481.601 51
1481.688 55
1481.775 53
1481.862 50
1481.949 46
1482.036 42
1482.123 42
1482.210 48
1482.297 53
1482.384 54
1482.471 54
1482.558 52
1482.645 50
1482.732 51
1482.819 50
1482.906 41
1482.993 36
1483.080 29
1483.167 27
1483.254 28
1483.341 27
1483.428 23
1483.515 21
1483.602 23
1483.689 23
1483.776 16
1483.863 12
1483.950 8
1484.037 7
1484.124 9
1484.211 10
1484.298 13
1484.385 15
1484.472 13
1484.559 14
1484.646 15
1484.734 15
1484.821 17
1484.908 19
1484.995 22
1485.082 21
1485.169 22
1485.256 22
1485.343 21
1485.430 25
1485.517 29
1485.604 30
1485.692 30
1485.779 24
1485.866 20
1485.953 21
1486.040 17
1486.127 16
1486.214 17
1486.301 15
1486.388 16
1486.476 20
1486.563 27
1486.650 25
1486.737 28
1486.824 27
1486.911 21
1486.998 23
1487.085 23
1487.173 28
1487.260 32
1487.347 43
1487.434 57
1487.521 79
1487.608 103
1487.696 118
1487.783 129
1487.870 131
1487.957 129
1488.044 123
1488.131 125
1488.219 119
1488.306 123
1488.393 138
1488.480 151
1488.567 183
1488.654 205
1488.742 208
1488.829 205
1488.916 183
1489.003 160
1489.090 145
1489.178 135
1489.265 135
1489.352 142
1489.439 155
1489.527 168
1489.614 175
1489.701 172
1489.788 170
1489.875 160
1489.963 152
1490.050 142
1490.137 134
1490.224 131
1490.312 123
1490.399 117
1490.486 113
1490.573 108
1490.661 104
1490.748 106
1490.835 111
1490.922 104
1491.010 95
1491.097 86
1491.184 77
1491.271 74
1491.359 79
1491.446 83
1491.533 85
1491.620 92
1491.708 98
1491.795 104
1491.882 105
1491.970 103
1492.057 91
1492.144 76
1492.231 68
1492.319 57
1492.406 57
1492.493 53
1492.581 52
1492.668 49
1492.755 51
1492.843 47
1492.930 47
1493.017 44
1493.105 41
1493.192 43
1493.279 41
1493.367 42
1493.454 37
1493.541 34
1493.629 32
1493.716 31
1493.803 28
1493.891 25
1493.978 20
1494.065 15
1494.153 15
1494.240 13
1494.327 13
1494.415 15
1494.502 14
1494.589 17
1494.677 20
1494.764 19
1494.852 22
1494.939 27
1495.026 25
1495.114 20
1495.201 19
1495.288 17
1495.376 19
1495.463 27
1495.551 34
1495.638 39
1495.725 38
1495.813 33
1495.900 30
1495.988 28
1496.075 29
1496.162 30
1496.250 27
1496.337 27
1496.425 26
1496.512 28
1496.600 26
1496.687 24
1496.774 24
1496.862 28
1496.949 28
1497.037 26
1497.124 24
1497.212 21
1497.299 22
1497.387 20
1497.474 19
1497.561 21
1497.649 21
1497.736 22
1497.824 25
1497.911 22
1497.999 18
1498.086 17
1498.174 13
1498.261 17
1498.349 18
1498.436 20
1498.524 20
1498.611 20
1498.699 21
1498.786 18
1498.874 19
1498.961 21
1499.049 19
1499.136 18
1499.224 16
1499.311 12
1499.399 13
1499.486 13
1499.574 14
1499.661 15
1499.749 15
1499.836 14
1499.924 15
1500.011 16
1500.099 17
1500.186 17
1500.274 16
1500.361 13
1500.449 13
1500.536 13
1500.624 14
1500.711 16
1500.799 16
1500.887 18
1500.974 20
1501.062 17
1501.149 20
1501.237 23
1501.324 22
1501.412 24
1501.500 27
1501.587 25
1501.675 25
1501.762 29
1501.850 33
1501.937 34
1502.025 34
1502.113 30
1502.200 28
1502.288 31
1502.375 31
1502.463 32
1502.551 36
1502.638 38
1502.726 40
1502.813 43
1502.901 45
1502.989 37
1503.076 35
1503.164 28
1503.251 22
1503.339 19
1503.427 17
1503.514 13
1503.602 12
1503.690 15
1503.777 14
1503.865 13
1503.953 14
1504.040 14
1504.128 16
1504.216 19
1504.303 21
1504.391 27
1504.478 30
1504.566 32
1504.654 33
1504.741 31
1504.829 34
1504.917 29
1505.004 29
1505.092 26
1505.180 27
1505.268 27
1505.355 27
1505.443 27
1505.531 26
1505.618 27
1505.706 29
1505.794 31
1505.881 32
1505.969 29
1506.057 25
1506.145 20
1506.232 20
1506.320 23
1506.408 24
1506.495 25
1506.583 25
1506.671 28
1506.759 28
1506.846 27
1506.934 25
1507.022 24
1507.109 24
1507.197 24
1507.285 21
1507.373 18
1507.460 21
1507.548 19
1507.636 22
1507.724 27
1507.811 28
1507.899 27
1507.987 25
1508.075 24
1508.163 21
1508.250 24
1508.338 26
1508.426 24
1508.514 23
1508.601 20
1508.689 18
1508.777 16
1508.865 14
1508.953 12
1509.040 12
1509.128 11
1509.216 12
1509.304 13
1509.392 13
1509.479 14
1509.567 17
1509.655 18
1509.743 18
1509.831 19
1509.918 23
1510.006 28
1510.094 27
1510.182 22
1510.270 20
1510.358 21
1510.445 20
1510.533 15
1510.621 10
1510.709 7
1510.797 6
1510.885 8
1510.972 7
1511.060 9
1511.148 16
1511.236 24
1511.324 37
1511.412 53
1511.500 65
1511.588 75
1511.675 91
1511.763 103
1511.851 108
1511.939 112
1512.027 102
1512.115 91
1512.203 94
1512.291 97
1512.378 111
1512.466 129
1512.554 139
1512.642 154
1512.730 167
1512.818 175
1512.906 177
1512.994 176
1513.082 159
1513.170 145
1513.258 137
1513.345 134
1513.433 139
1513.521 146
1513.609 148
1513.697 145
1513.785 149
1513.873 146
1513.961 142
1514.049 140
1514.137 131
1514.225 123
1514.313 119
1514.401 114
1514.489 113
1514.577 118
1514.665 108
1514.753 100
1514.841 91
1514.928 81
1515.016 75
1515.104 67
1515.192 63
1515.280 60
1515.368 57
1515.456 53
1515.544 51
1515.632 54
1515.720 57
1515.808 54
1515.896 58
1515.984 56
1516.072 52
1516.160 55
1516.248 49
1516.336 38
1516.424 31
1516.512 25
1516.600 24
1516.688 22
1516.776 24
1516.864 22
1516.952 23
1517.041 28
1517.129 30
1517.217 33
1517.305 36
1517.393 43
1517.481 45
1517.569 44
1517.657 41
1517.745 32
1517.833 30
1517.921 24
1518.009 21
1518.097 19
1518.185 19
1518.273 17
1518.361 18
1518.449 20
1518.537 24
1518.626 29
1518.714 28
1518.802 28
1518.890 27
1518.978 23
1519.066 21
1519.154 25
1519.242 25
1519.330 18
1519.418 20
1519.506 18
1519.595 19
1519.683 25
1519.771 24
1519.859 20
1519.947 18
1520.035 16
1520.123 14
1520.211 18
1520.299 17
1520.388 18
1520.476 18
1520.564 19
1520.652 20
1520.740 19
1520.828 19
1520.916 24
1521.005 19
1521.093 14
1521.181 12
1521.269 13
1521.357 16
1521.445 15
1521.534 17
1521.622 18
1521.710 21
1521.798 24
1521.886 28
1521.974 33
1522.063 35
1522.151 31
1522.239 30
1522.327 26
1522.415 22
1522.504 25
1522.592 24
1522.680 31
1522.768 27
1522.856 29
1522.945 24
1523.033 19
1523.121 20
1523.209 19
1523.297 19
1523.386 19
1523.474 22
1523.562 23
1523.650 21
1523.738 20
1523.827 24
1523.915 21
1524.003 20
1524.091 21
1524.180 21
1524.268 19
1524.356 18
1524.444 18
1524.533 14
1524.621 14
1524.709 13
1524.797 12
1524.886 13
1524.974 15
1525.062 17
1525.150 14
1525.239 17
1525.327 20
1525.415 17
1525.504 18
1525.592 18
1525.680 22
1525.768 19
1525.857 16
1525.945 18
1526.033 21
1526.122 23
1526.210 22
1526.298 20
1526.387 15
1526.475 13
1526.563 19
1526.651 19
1526.740 15
1526.828 17
1526.916 15
1527.005 15
1527.093 22
1527.181 25
1527.270 24
1527.358 29
1527.446 31
1527.535 30
1527.623 35
1527.711 36
1527.800 33
1527.888 32
1527.977 30
1528.065 30
1528.153 24
1528.242 26
1528.330 23
1528.418 20
1528.507 19
1528.595 20
1528.683 22
1528.772 24
1528.860 25
1528.949 26
1529.037 30
1529.125 30
1529.214 33
1529.302 31
1529.391 30
1529.479 30
1529.567 29
1529.656 29
1529.744 25
1529.833 23
1529.921 18
1530.009 17
1530.098 19
1530.186 23
1530.275 24
1530.363 26
1530.451 31
1530.540 31
1530.628 32
1530.717 32
1530.805 30
1530.894 28
1530.982 25
1531.071 22
1531.159 18
1531.247 18
1531.336 14
1531.424 12
1531.513 10
1531.601 11
1531.690 15
1531.778 17
1531.867 18
1531.955 18
1532.044 19
1532.132 21
1532.221 23
1532.309 26
1532.397 26
1532.486 26
1532.574 28
1532.663 31
1532.751 28
1532.840 28
1532.928 24
1533.017 23
1533.105 21
1533.194 20
1533.282 19
1533.371 19
1533.459 18
1533.548 18
1533.637 21
1533.725 24
1533.814 23
1533.902 22
1533.991 22
1534.079 21
1534.168 26
1534.256 28
1534.345 28
1534.433 25
1534.522 26
1534.610 26
1534.699 27
1534.788 30
1534.876 32
1534.965 33
1535.053 33
1535.142 35
1535.230 38
1535.319 42
1535.407 50
1535.496 52
1535.585 57
1535.673 63
1535.762 64
1535.850 68
1535.939 66
1536.028 62
1536.116 61
1536.205 71
1536.293 85
1536.382 98
1536.471 111
1536.559 119
1536.648 129
1536.736 140
1536.825 146
1536.914 149
1537.002 144
1537.091 129
1537.179 116
1537.268 114
1537.357 118
1537.445 121
1537.534 123
1537.623 127
1537.711 119
1537.800 122
1537.889 121
1537.977 117
1538.066 124
1538.154 111
1538.243 98
1538.332 86
1538.420 71
1538.509 69
1538.598 65
1538.686 64
1538.775 65
1538.864 61
1538.952 58
1539.041 53
1539.130 44
1539.218 40
1539.307 41
1539.396 43
1539.485 41
1539.573 39
1539.662 39
1539.751 35
1539.839 30
1539.928 28
1540.017 33
1540.105 32
1540.194 32
1540.283 31
1540.372 29
1540.460 26
1540.549 27
1540.638 31
1540.727 29
1540.815 29
1540.904 29
1540.993 26
1541.081 30
1541.170 31
1541.259 29
1541.348 29
1541.436 26
1541.525 25
1541.614 20
1541.703 22
1541.791 22
1541.880 18
1541.969 20
1542.058 21
1542.147 17
1542.235 17
1542.324 21
1542.413 17
1542.502 16
1542.590 18
1542.679 18
1542.768 19
1542.857 18
1542.946 18
1543.034 20
1543.123 19
1543.212 22
1543.301 23
1543.390 23
1543.478 24
1543.567 26
1543.656 24
1543.745 22
1543.834 21
1543.922 18
1544.011 17
1544.100 17
1544.189 17
1544.278 16
1544.367 19
1544.455 21
1544.544 26
1544.633 32
1544.722 33
1544.811 34
1544.900 34
1544.988 35
1545.077 34
1545.166 33
1545.255 30
1545.344 24
1545.433 21
1545.522 20
1545.611 18
1545.699 20
1545.788 18
1545.877 17
1545.966 16
1546.055 13
1546.144 16
1546.233 13
1546.322 13
1546.410 15
1546.499 14
1546.588 11
1546.677 13
1546.766 18
1546.855 18
1546.944 18
1547.033 20
1547.122 19
1547.211 24
1547.300 29
1547.388 28
1547.477 26
1547.566 21
1547.655 19
1547.744 22
1547.833 22
1547.922 22
1548.011 20
1548.100 19
1548.189 25
1548.278 26
1548.367 30
1548.456 32
1548.545 32
1548.634 34
1548.723 29
1548.812 31
1548.901 32
1548.990 28
1549.079 31
1549.167 28
1549.256 23
1549.345 25
1549.434 26
1549.523 27
1549.612 34
1549.701 33
1549.790 34
1549.879 37
1549.968 39
1550.057 41
1550.146 43
1550.235 38
1550.324 32
1550.413 30
1550.502 27
1550.591 28
1550.680 29
1550.769 24
1550.859 19
1550.948 16
1551.037 14
1551.126 14
1551.215 15
1551.304 15
1551.393 12
1551.482 11
1551.571 12
1551.660 15
1551.749 18
1551.838 19
1551.927 14
1552.016 17
1552.105 20
1552.194 20
1552.283 23
1552.372 21
1552.461 21
1552.550 23
1552.640 33
1552.729 34
1552.818 33
1552.907 32
1552.996 27
1553.085 24
1553.174 27
1553.263 29
1553.352 29
1553.441 31
1553.530 35
1553.620 37
1553.709 35
1553.798 35
1553.887 36
1553.976 33
1554.065 35
1554.154 32
1554.243 35
1554.332 33
1554.422 32
1554.511 31
1554.600 29
1554.689 33
1554.778 34
1554.867 33
1554.956 31
1555.046 28
1555.135 29
1555.224 27
1555.313 27
1555.402 24
1555.491 24
1555.581 20
1555.670 23
1555.759 22
1555.848 22
1555.937 24
1556.026 19
1556.116 18
1556.205 19
1556.294 16
1556.383 14
1556.472 16
1556.561 12
1556.651 16
1556.740 22
1556.829 22
1556.918 24
1557.007 24
1557.097 24
1557.186 25
1557.275 23
1557.364 20
1557.454 15
1557.543 14
1557.632 15
1557.721 19
1557.810 20
1557.900 20
1557.989 20
1558.078 23
1558.167 25
1558.257 29
1558.346 30
1558.435 28
1558.524 26
1558.614 23
1558.703 23
1558.792 20
1558.881 17
1558.971 16
1559.060 15
1559.149 16
1559.238 21
1559.328 26
1559.417 32
1559.506 41
1559.595 55
1559.685 64
1559.774 74
1559.863 76
1559.953 78
1560.042 79
1560.131 77
1560.221 77
1560.310 77
1560.399 77
1560.488 77
1560.578 89
1560.667 90
1560.756 90
1560.846 88
1560.935 78
1561.024 73
1561.114 73
1561.203 70
1561.292 70
1561.382 67
1561.471 64
1561.560 69
1561.650 73
1561.739 74
1561.828 69
1561.918 66
1562.007 56
1562.096 48
1562.186 47
1562.275 42
1562.364 45
1562.454 41
1562.543 42
1562.633 39
1562.722 39
1562.811 40
1562.901 35
1562.990 36
1563.079 35
1563.169 36
1563.258 38
1563.348 39
1563.437 41
1563.526 47
1563.616 52
1563.705 50
1563.795 52
1563.884 47
1563.973 43
1564.063 44
1564.152 43
1564.242 41
1564.331 44
1564.420 47
1564.510 44
1564.599 44
1564.689 40
1564.778 36
1564.868 32
1564.957 23
1565.046 20
1565.136 18
1565.225 16
1565.315 16
1565.404 18
1565.494 20
1565.583 22
1565.673 25
1565.762 24
1565.851 22
1565.941 22
1566.030 19
1566.120 20
1566.209 20
1566.299 22
1566.388 26
1566.478 27
1566.567 26
1566.657 27
1566.746 27
1566.836 26
1566.925 27
1567.015 24
1567.104 23
1567.194 24
1567.283 22
1567.373 24
1567.462 29
1567.552 28
1567.641 26
1567.731 28
1567.820 30
1567.910 32
1567.999 33
1568.089 34
1568.178 30
1568.268 28
1568.357 24
1568.447 22
1568.537 20
1568.626 23
1568.716 25
1568.805 23
1568.895 25
1568.984 23
1569.074 21
1569.163 21
1569.253 16
1569.342 14
1569.432 12
1569.522 15
1569.611 14
1569.701 14
1569.790 16
1569.880 18
1569.970 20
1570.059 22
1570.149 26
1570.238 25
1570.328 26
1570.417 27
1570.507 27
1570.597 28
1570.686 25
1570.776 26
1570.865 20
1570.955 18
1571.045 15
1571.134 17
1571.224 16
1571.314 20
1571.403 22
1571.493 18
1571.582 18
1571.672 16
1571.762 14
1571.851 12
1571.941 15
1572.031 14
1572.120 15
1572.210 16
1572.300 19
1572.389 20
1572.479 22
1572.568 24
1572.658 25
1572.748 25
1572.837 22
1572.927 20
1573.017 15
1573.106 12
1573.196 9
1573.286 9
1573.376 9
1573.465 8
1573.555 6
1573.645 8
1573.734 14
1573.824 16
1573.914 22
1574.003 23
1574.093 20
1574.183 17
1574.272 10
1574.362 10
1574.452 8
1574.542 8
1574.631 7
1574.721 10
1574.811 12
1574.900 14
1574.990 14
1575.080 15
1575.170 16
1575.259 15
1575.349 21
1575.439 19
1575.529 18
1575.618 19
1575.708 21
1575.798 25
1575.888 27
1575.977 31
1576.067 29
1576.157 27
1576.247 30
1576.336 25
1576.426 24
1576.516 22
1576.606 20
1576.695 22
1576.785 19
1576.875 20
1576.965 15
1577.055 14
1577.144 11
1577.234 9
1577.324 8
1577.414 7
1577.504 8
1577.593 12
1577.683 15
1577.773 15
1577.863 20
1577.953 20
1578.042 28
1578.132 30
1578.222 27
1578.312 27
1578.402 22
1578.492 18
1578.581 20
1578.671 17
1578.761 16
1578.851 12
1578.941 10
1579.031 9
1579.120 5
1579.210 6
1579.300 10
1579.390 12
1579.480 14
1579.570 16
1579.660 13
1579.749 11
1579.839 10
1579.929 8
1580.019 7
1580.109 8
1580.199 3
1580.289 6
1580.379 7
1580.468 7
1580.558 8
1580.648 6
1580.738 7
1580.828 7
1580.918 5
1581.008 4
1581.098 6
1581.188 10
1581.278 14
1581.367 16
1581.457 15
1581.547 14
1581.637 20
1581.727 22
1581.817 23
1581.907 20
1581.997 15
1582.087 12
1582.177 13
1582.267 15
1582.357 16
1582.447 17
1582.536 16
1582.626 18
1582.716 14
1582.806 12
1582.896 12
1582.986 15
1583.076 13
1583.166 21
1583.256 30
1583.346 38
1583.436 45
1583.526 52
1583.616 54
1583.706 53
1583.796 58
1583.886 56
1583.976 55
1584.066 55
1584.156 56
1584.246 60
1584.336 59
1584.426 68
1584.516 75
1584.606 82
1584.696 89
1584.786 91
1584.876 90
1584.966 82
1585.056 72
1585.146 69
1585.236 64
1585.326 67
1585.416 68
1585.506 71
1585.596 75
1585.686 83
1585.776 93
1585.866 99
1585.956 100
1586.046 89
1586.136 76
1586.226 69
1586.317 62
1586.407 58
1586.497 51
1586.587 45
1586.677 39
1586.767 41
1586.857 40
1586.947 41
1587.037 42
1587.127 44
1587.217 48
1587.307 47
1587.397 46
1587.487 50
1587.578 54
1587.668 57
1587.758 58
1587.848 55
1587.938 54
1588.028 47
1588.118 37
1588.208 31
1588.298 26
1588.389 28
1588.479 28
1588.569 27
1588.659 23
1588.749 23
1588.839 23
1588.929 26
1589.019 33
1589.110 31
1589.200 34
1589.290 31
1589.380 27
1589.470 30
1589.560 29
1589.650 33
1589.741 40
1589.831 38
1589.921 38
1590.011 35
1590.101 32
1590.191 33
1590.282 38
1590.372 38
1590.462 33
1590.552 33
1590.642 27
1590.732 23
1590.823 21
1590.913 17
1591.003 10
1591.093 9
1591.183 8
1591.274 6
1591.364 2
1591.454 4
1591.544 10
1591.634 9
1591.725 8
1591.815 9
1591.905 7
1591.995 9
1592.085 17
1592.176 21
1592.266 21
1592.356 22
1592.446 21
1592.537 23
1592.627 27
1592.717 28
1592.807 28
1592.898 26
1592.988 22
1593.078 23
1593.168 21
1593.259 18
1593.349 16
1593.439 17
1593.529 14
1593.620 15
1593.710 20
1593.800 21
1593.890 21
1593.981 25
1594.071 27
1594.161 30
1594.252 33
1594.342 32
1594.432 31
1594.522 28
1594.613 26
1594.703 26
1594.793 27
1594.884 27
1594.974 30
1595.064 27
1595.154 22
1595.245 19
1595.335 21
1595.425 23
1595.516 18
1595.606 16
1595.696 10
1595.787 10
1595.877 14
1595.967 18
1596.058 18
1596.148 17
1596.238 20
1596.329 17
1596.419 14
1596.509 13
1596.600 14
1596.690 15
1596.780 13
1596.871 15
1596.961 18
1597.052 20
1597.142 23
1597.232 26
1597.323 24
1597.413 23
1597.503 24
1597.594 22
1597.684 21
1597.775 22
1597.865 20
1597.955 20
1598.046 17
1598.136 16
1598.227 16
1598.317 18
1598.407 19
1598.498 19
1598.588 24
1598.679 22
1598.769 23
1598.859 25
1598.950 24
1599.040 24
1599.131 21
1599.221 19
1599.312 21
1599.402 21
1599.492 24
1599.583 25
1599.673 22
1599.764 24
1599.854 24
1599.945 24
1600.035 26
1600.126 26
1600.216 25
1600.306 20
1600.397 20
1600.487 19
1600.578 14
1600.668 14
1600.759 16
1600.849 15
1600.940 17
1601.030 17
1601.121 16
1601.211 17
1601.302 18
1601.392 19
1601.483 17
1601.573 17
1601.664 15
1601.754 14
1601.845 12
1601.935 12
1602.026 12
1602.116 16
1602.207 18
1602.297 21
1602.388 24
1602.478 24
1602.569 24
1602.659 24
1602.750 22
1602.840 21
1602.931 20
1603.021 22
1603.112 20
1603.202 15
1603.293 13
1603.384 11
1603.474 12
1603.565 10
1603.655 8
1603.746 5
1603.836 6
1603.927 6
1604.017 5
1604.108 8
1604.199 5
1604.289 4
1604.380 6
1604.470 5
1604.561 4
1604.651 4
1604.742 7
1604.833 7
1604.923 7
1605.014 7
1605.104 4
1605.195 4
1605.286 6
1605.376 7
1605.467 11
1605.557 13
1605.648 16
1605.739 16
1605.829 17
1605.920 16
1606.011 13
1606.101 12
1606.192 9
1606.282 10
1606.373 10
1606.464 11
1606.554 14
1606.645 13
1606.736 13
1606.826 13
1606.917 16
1607.008 17
1607.098 18
1607.189 22
1607.279 22
1607.370 26
1607.461 34
1607.551 41
1607.642 41
1607.733 41
1607.823 40
1607.914 38
1608.005 38
1608.096 38
1608.186 38
1608.277 42
1608.368 47
1608.458 51
1608.549 57
1608.640 65
1608.730 66
1608.821 66
1608.912 71
1609.002 65
1609.093 62
1609.184 62
1609.275 62
1609.365 65
1609.456 64
1609.547 64
1609.638 67
1609.728 70
1609.819 74
1609.910 68
1610.000 66
1610.091 59
1610.182 54
1610.273 52
1610.363 49
1610.454 46
1610.545 43
1610.636 45
1610.726 46
1610.817 50
1610.908 52
1610.999 50
1611.089 49
1611.180 51
1611.271 48
1611.362 52
1611.453 51
1611.543 48
1611.634 46
1611.725 41
1611.816 41
1611.906 39
1611.997 37
1612.088 34
1612.179 35
1612.270 36
1612.360 32
1612.451 28
1612.542 26
1612.633 25
1612.724 27
1612.815 27
1612.905 23
1612.996 20
1613.087 18
1613.178 18
1613.269 15
1613.360 13
1613.450 14
1613.541 17
1613.632 18
1613.723 21
1613.814 20
1613.905 19
1613.995 18
1614.086 19
1614.177 17
1614.268 15
1614.359 17
1614.450 17
1614.541 17
1614.631 17
1614.722 18
1614.813 14
1614.904 12
1614.995 11
1615.086 10
1615.177 6
1615.268 3
1615.358 4
1615.449 6
1615.540 10
1615.631 13
1615.722 15
1615.813 21
1615.904 19
1615.995 17
1616.086 13
1616.177 12
1616.268 10
1616.358 10
1616.449 12
1616.540 13
1616.631 11
1616.722 10
1616.813 12
1616.904 10
1616.995 10
1617.086 11
1617.177 11
1617.268 12
1617.359 15
1617.450 16
1617.541 21
1617.632 24
1617.723 23
1617.813 27
1617.904 24
1617.995 27
1618.086 25
1618.177 24
1618.268 20
1618.359 16
1618.450 14
1618.541 12
1618.632 12
1618.723 14
1618.814 14
1618.905 17
1618.996 21
1619.087 20
1619.178 22
1619.269 24
1619.360 23
1619.451 27
1619.542 26
1619.633 26
1619.724 24
1619.815 18
1619.906 19
1619.997 21
1620.088 21
1620.179 25
1620.270 25
1620.361 23
1620.452 24
1620.544 22
1620.635 23
1620.726 20
1620.817 22
1620.908 24
1620.999 20
1621.090 21
1621.181 22
1621.272 19
1621.363 18
1621.454 21
1621.545 21
1621.636 19
1621.727 16
1621.818 14
1621.909 12
1622.000 12
1622.092 14
1622.183 15
1622.274 17
1622.365 19
1622.456 23
1622.547 24
1622.638 24
1622.729 22
1622.820 21
1622.911 19
1623.003 18
1623.094 19
1623.185 19
1623.276 21
1623.367 19
1623.458 18
1623.549 17
1623.640 17
1623.731 20
1623.823 24
1623.914 26
1624.005 31
1624.096 30
1624.187 32
1624.278 29
1624.369 24
1624.461 23
1624.552 17
1624.643 17
1624.734 16
1624.825 15
1624.916 12
1625.008 14
1625.099 15
1625.190 17
1625.281 17
1625.372 19
1625.463 19
1625.555 18
1625.646 20
1625.737 24
1625.828 22
1625.919 19
1626.011 20
1626.102 16
1626.193 14
1626.284 15
1626.375 12
1626.467 11
1626.558 16
1626.649 14
1626.740 20
1626.831 18
1626.923 17
1627.014 17
1627.105 14
1627.196 15
1627.288 15
1627.379 14
1627.470 19
1627.561 19
1627.653 18
1627.744 18
1627.835 12
1627.926 11
1628.018 12
1628.109 13
1628.200 14
1628.291 18
1628.383 21
1628.474 22
1628.565 21
1628.656 23
1628.748 24
1628.839 22
1628.930 21
1629.021 19
1629.113 15
1629.204 15
1629.295 17
1629.387 18
1629.478 23
1629.569 23
1629.660 23
1629.752 22
1629.843 17
1629.934 17
1630.026 18
1630.117 17
1630.208 18
1630.300 18
1630.391 24
1630.482 25
1630.574 26
1630.665 24
1630.756 21
1630.848 20
1630.939 16
1631.030 17
1631.122 15
1631.213 17
1631.304 19
1631.396 24
1631.487 30
1631.578 35
1631.670 37
1631.761 39
1631.852 38
1631.944 42
1632.035 45
1632.127 45
1632.218 49
1632.309 49
1632.401 51
1632.492 60
1632.583 63
1632.675 67
1632.766 72
1632.858 76
1632.949 73
1633.040 73
1633.132 73
1633.223 66
1633.315 64
1633.406 60
1633.497 60
1633.589 63
1633.680 66
1633.772 61
1633.863 59
1633.954 53
1634.046 49
1634.137 47
1634.229 47
1634.320 47
1634.412 50
1634.503 49
1634.594 46
1634.686 46
1634.777 47
1634.869 47
1634.960 45
1635.052 44
1635.143 43
1635.235 45
1635.326 47
1635.418 43
1635.509 41
1635.600 38
1635.692 33
1635.783 35
1635.875 37
1635.966 36
1636.058 35
1636.149 31
1636.241 34
1636.332 34
1636.424 32
1636.515 30
1636.607 25
1636.698 28
1636.790 27
1636.881 27
1636.973 28
1637.064 23
1637.156 21
1637.247 19
1637.339 18
1637.430 21
1637.522 23
1637.613 24
1637.705 27
1637.797 25
1637.888 24
1637.980 21
1638.071 15
1638.163 13
1638.254 11
1638.346 10
1638.437 13
1638.529 12
1638.620 13
1638.712 13
1638.804 14
1638.895 14
1638.987 16
1639.078 15
1639.170 14
1639.261 13
1639.353 9
1639.444 8
1639.536 6
1639.628 5
1639.719 3
1639.811 3
1639.902 1
1639.994 4
1640.086 7
1640.177 9
1640.269 11
1640.360 13
1640.452 17
1640.544 16
1640.635 15
1640.727 14
1640.818 17
1640.910 17
1641.002 18
1641.093 20
1641.185 18
1641.277 17
1641.368 17
1641.460 16
1641.551 16
1641.643 15
1641.735 12
1641.826 12
1641.918 7
1642.010 7
1642.101 11
1642.193 10
1642.285 7
1642.376 8
1642.468 9
1642.560 10
1642.651 10
1642.743 9
1642.835 7
1642.926 8
1643.018 9
1643.110 10
1643.201 14
1643.293 15
1643.385 19
1643.476 20
1643.568 22
1643.660 21
1643.752 27
1643.843 27
1643.935 27
1644.027 24
1644.118 19
1644.210 19
1644.302 17
1644.394 19
1644.485 18
1644.577 21
1644.669 20
1644.760 19
1644.852 20
1644.944 18
1645.036 13
1645.127 14
1645.219 11
1645.311 8
1645.403 11
1645.494 11
1645.586 8
1645.678 10
1645.770 11
1645.861 12
1645.953 14
1646.045 19
1646.137 21
1646.228 21
1646.320 19
1646.412 17
1646.504 15
1646.596 14
1646.687 11
1646.779 11
1646.871 11
1646.963 14
1647.054 17
1647.146 19
1647.238 19
1647.330 15
1647.422 21
1647.514 19
1647.605 18
1647.697 16
1647.789 16
1647.881 14
1647.973 15
1648.064 15
1648.156 13
1648.248 13
1648.340 14
1648.432 15
1648.524 15
1648.615 18
1648.707 22
1648.799 20
1648.891 20
1648.983 20
1649.075 22
1649.166 19
1649.258 18
1649.350 16
1649.442 14
1649.534 15
1649.626 16
1649.718 17
1649.810 17
1649.901 18
1649.993 15
1650.085 15
1650.177 16
1650.269 15
1650.361 19
1650.453 23
1650.545 23
1650.636 25
1650.728 28
1650.820 26
1650.912 21
1651.004 17
1651.096 15
1651.188 13
1651.280 11
1651.372 11
1651.464 8
1651.556 10
1651.647 11
1651.739 14
1651.831 16
1651.923 14
1652.015 13
1652.107 14
1652.199 13
1652.291 11
1652.383 12
1652.475 11
1652.567 14
1652.659 15
1652.751 13
1652.843 12
1652.935 12
1653.027 15
1653.119 15
1653.211 17
1653.303 15
1653.395 16
1653.487 16
1653.578 13
1653.670 15
1653.762 13
1653.854 11
1653.946 10
1654.038 13
1654.130 12
1654.222 13
1654.314 12
1654.406 12
1654.498 12
1654.590 14
1654.682 14
1654.774 17
1654.866 17
1654.958 13
1655.051 12
1655.143 10
1655.235 10
1655.327 8
1655.419 9
1655.511 11
1655.603 16
1655.695 21
1655.787 23
1655.879 26
1655.971 27
1656.063 32
1656.155 33
1656.247 36
1656.339 35
1656.431 36
1656.523 34
1656.615 34
1656.707 36
1656.799 36
1656.891 38
1656.984 38
1657.076 40
1657.168 38
1657.260 42
1657.352 48
1657.444 55
1657.536 65
1657.628 66
1657.720 69
1657.812 64
1657.904 59
1657.997 58
1658.089 53
1658.181 46
1658.273 38
1658.365 39
1658.457 34
1658.549 36
1658.641 38
1658.733 41
1658.826 42
1658.918 36
1659.010 28
1659.102 20
1659.194 20
1659.286 19
1659.378 19
1659.471 17
1659.563 17
1659.655 17
1659.747 15
1659.839 16
1659.931 19
1660.023 20
1660.116 24
1660.208 28
1660.300 29
1660.392 32
1660.484 35
1660.576 31
1660.669 29
1660.761 29
1660.853 30
1660.945 30
1661.037 26
1661.130 23
1661.222 21
1661.314 19
1661.406 19
1661.498 18
1661.591 15
1661.683 17
1661.775 21
1661.867 20
1661.959 17
1662.052 15
1662.144 10
1662.236 11
1662.328 14
1662.421 13
1662.513 12
1662.605 11
1662.697 10
1662.790 11
1662.882 10
1662.974 10
1663.066 13
1663.158 15
1663.251 17
1663.343 19
1663.435 17
1663.528 19
1663.620 19
1663.712 18
1663.804 15
1663.897 14
1663.989 19
1664.081 21
1664.173 21
1664.266 18
1664.358 21
1664.450 18
1664.543 18
1664.635 16
1664.727 14
1664.819 15
1664.912 18
1665.004 19
1665.096 19
1665.189 18
1665.281 19
1665.373 16
1665.466 16
1665.558 16
1665.650 10
1665.743 7
1665.835 7
1665.927 8
1666.020 9
1666.112 12
1666.204 9
1666.297 9
1666.389 9
1666.481 8
1666.574 9
1666.666 11
1666.758 13
1666.851 14
1666.943 16
1667.035 13
1667.128 17
1667.220 21
1667.312 25
1667.405 29
1667.497 28
1667.590 30
1667.682 26
1667.774 26
1667.867 23
1667.959 20
1668.051 21
1668.144 21
1668.236 22
1668.329 27
1668.421 34
1668.513 33
1668.606 35
1668.698 35
1668.791 31
1668.883 27
1668.975 27
1669.068 27
1669.160 26
1669.253 27
1669.345 24
1669.438 25
1669.530 26
1669.622 29
1669.715 32
1669.807 33
1669.900 31
1669.992 29
1670.085 27
1670.177 24
1670.270 22
1670.362 24
1670.454 19
1670.547 17
1670.639 22
1670.732 19
1670.824 19
1670.917 18
1671.009 14
1671.102 14
1671.194 17
1671.287 18
1671.379 14
1671.472 14
1671.564 14
1671.657 15
1671.749 15
1671.842 12
1671.934 8
1672.027 5
1672.119 8
1672.212 10
1672.304 13
1672.397 16
1672.489 19
1672.582 22
1672.674 26
1672.767 28
1672.859 24
1672.952 22
1673.044 17
1673.137 16
1673.229 19
1673.322 16
1673.414 12
1673.507 14
1673.599 15
1673.692 17
1673.785 19
1673.877 17
1673.970 16
1674.062 16
1674.155 19
1674.247 16
1674.340 14
1674.432 15
1674.525 16
1674.618 18
1674.710 21
1674.803 19
1674.895 18
1674.988 22
1675.081 20
1675.173 18
1675.266 17
1675.358 13
1675.451 12
1675.543 15
1675.636 18
1675.729 17
1675.821 19
1675.914 21
1676.007 21
1676.099 22
1676.192 25
1676.284 24
1676.377 19
1676.470 19
1676.562 14
1676.655 13
1676.748 12
1676.840 11
1676.933 13
1677.025 13
1677.118 11
1677.211 10
1677.303 12
1677.396 13
1677.489 13
1677.581 17
1677.674 23
1677.767 26
1677.859 23
1677.952 24
1678.045 23
1678.137 21
1678.230 23
1678.323 20
1678.415 17
1678.508 15
1678.601 12
1678.693 10
1678.786 7
1678.879 6
1678.971 8
1679.064 10
1679.157 13
1679.250 15
1679.342 19
1679.435 23
1679.528 28
1679.620 33
1679.713 38
1679.806 42
1679.899 41
1679.991 43
1680.084 46
1680.177 45
1680.269 48
1680.362 51
1680.455 51
1680.548 49
1680.640 46
1680.733 44
1680.826 43
1680.919 49
1681.011 56
1681.104 55
1681.197 61
1681.290 59
1681.382 59
1681.475 65
1681.568 66
1681.661 67
1681.754 63
1681.846 58
1681.939 52
1682.032 49
1682.125 46
1682.217 42
1682.310 33
1682.403 28
1682.496 25
1682.589 25
1682.681 29
1682.774 28
1682.867 29
1682.960 28
1683.053 25
1683.145 27
1683.238 30
1683.331 28
1683.424 28
1683.517 30
1683.610 27
1683.702 25
1683.795 23
1683.888 24
1683.981 22
1684.074 22
1684.167 17
1684.259 13
1684.352 12
1684.445 16
1684.538 16
1684.631 21
1684.724 25
1684.817 25
1684.909 27
1685.002 25
1685.095 24
1685.188 22
1685.281 21
1685.374 20
1685.467 19
1685.559 16
1685.652 15
1685.745 13
1685.838 12
1685.931 11
1686.024 8
1686.117 8
1686.210 7
1686.303 9
1686.396 10
1686.488 12
1686.581 11
1686.674 11
1686.767 16
1686.860 19
1686.953 23
1687.046 19
1687.139 18
1687.232 16
1687.325 19
1687.418 20
1687.511 25
1687.604 23
1687.696 20
1687.789 21
1687.882 16
1687.975 18
1688.068 17
1688.161 17
1688.254 14
1688.347 13
1688.440 14
1688.533 13
1688.626 13
1688.719 13
1688.812 14
1688.905 15
1688.998 15
1689.091 14
1689.184 15
1689.277 15
1689.370 19
1689.463 23
1689.556 19
1689.649 18
1689.742 20
1689.835 23
1689.928 29
1690.021 30
1690.114 37
1690.207 32
1690.300 27
1690.393 25
1690.486 19
1690.579 22
1690.672 16
1690.765 16
1690.858 13
1690.951 13
1691.044 12
1691.137 16
1691.230 21
1691.323 24
1691.416 27
1691.509 23
1691.602 20
1691.695 16
1691.788 12
1691.881 8
1691.975 5
1692.068 7
1692.161 9
1692.254 11
1692.347 20
1692.440 22
1692.533 20
1692.626 25
1692.719 30
1692.812 29
1692.905 28
1692.998 26
1693.091 23
1693.185 22
1693.278 24
1693.371 26
1693.464 21
1693.557 20
1693.650 23
1693.743 24
1693.836 26
1693.929 28
1694.023 31
1694.116 26
1694.209 24
1694.302 21
1694.395 17
1694.488 17
1694.581 16
1694.674 20
1694.768 21
1694.861 20
1694.954 26
1695.047 25
1695.140 22
1695.233 19
1695.326 14
1695.420 9
1695.513 8
1695.606 9
1695.699 10
1695.792 13
1695.885 22
1695.979 22
1696.072 22
1696.165 21
1696.258 17
1696.351 19
1696.444 22
1696.538 24
1696.631 24
1696.724 23
1696.817 22
1696.910 29
1697.004 27
1697.097 26
1697.190 24
1697.283 19
1697.376 15
1697.470 14
1697.563 13
1697.656 12
1697.749 11
1697.843 14
1697.936 15
1698.029 16
1698.122 18
1698.215 18
1698.309 17
1698.402 18
1698.495 15
1698.588 20
1698.682 19
1698.775 25
1698.868 27
1698.961 25
1699.055 26
1699.148 21
1699.241 18
1699.335 17
1699.428 14
1699.521 17
1699.614 14
1699.708 12
1699.801 13
1699.894 12
1699.987 11
1700.081 13
1700.174 17
1700.267 19
1700.361 20
1700.454 17
1700.547 19
1700.641 20
1700.734 24
1700.827 27
1700.920 25
1701.014 23
1701.107 21
1701.200 19
1701.294 16
1701.387 16
1701.480 13
1701.574 12
1701.667 13
1701.760 12
1701.854 9
1701.947 12
1702.040 15
1702.134 16
1702.227 20
1702.320 20
1702.414 16
1702.507 19
1702.600 21
1702.694 20
1702.787 20
1702.881 23
1702.974 24
1703.067 27
1703.161 32
1703.254 32
1703.347 33
1703.441 35
1703.534 39
1703.628 39
1703.721 40
1703.814 35
1703.908 29
1704.001 30
1704.095 33
1704.188 37
1704.281 40
1704.375 43
1704.468 45
1704.562 46
1704.655 39
1704.748 36
1704.842 40
1704.935 38
1705.029 36
1705.122 40
1705.216 37
1705.309 44
1705.402 52
1705.496 55
1705.589 58
1705.683 58
1705.776 52
1705.870 52
1705.963 55
1706.057 51
1706.150 49
1706.243 45
1706.337 42
1706.430 42
1706.524 43
1706.617 44
1706.711 42
1706.804 41
1706.898 43
1706.991 38
1707.085 34
1707.178 30
1707.272 30
1707.365 28
1707.459 26
1707.552 25
1707.646 18
1707.739 20
1707.833 21
1707.926 22
1708.020 23
1708.113 27
1708.207 27
1708.300 31
1708.394 34
1708.487 32
1708.581 32
1708.674 35
1708.768 29
1708.861 25
1708.955 25
1709.048 22
1709.142 21
1709.235 18
1709.329 17
1709.423 16
1709.516 18
1709.610 20
1709.703 22
1709.797 22
1709.890 22
1709.984 22
1710.077 19
1710.171 16
1710.265 13
1710.358 12
1710.452 12
1710.545 12
1710.639 10
1710.733 9
1710.826 10
1710.920 8
1711.013 6
1711.107 6
1711.200 5
1711.294 7
1711.388 9
1711.481 12
1711.575 16
1711.669 19
1711.762 21
1711.856 21
1711.949 21
1712.043 20
1712.137 19
1712.230 20
1712.324 17
1712.417 17
1712.511 18
1712.605 18
1712.698 18
1712.792 22
1712.886 25
1712.979 23
1713.073 30
1713.167 29
1713.260 27
1713.354 26
1713.448 21
1713.541 18
1713.635 20
1713.729 23
1713.822 19
1713.916 18
1714.010 17
1714.103 20
1714.197 16
1714.291 15
1714.384 11
1714.478 8
1714.572 10
1714.665 10
1714.759 8
1714.853 9
1714.947 11
1715.040 15
1715.134 16
1715.228 19
1715.321 24
1715.415 26
1715.509 29
1715.602 32
1715.696 29
1715.790 24
1715.884 20
1715.977 19
1716.071 21
1716.165 26
1716.259 30
1716.352 27
1716.446 27
1716.540 25
1716.634 24
1716.727 26
1716.821 24
1716.915 24
1717.009 19
1717.102 18
1717.196 15
1717.290 12
1717.384 12
1717.477 10
1717.571 8
1717.665 7
1717.759 9
1717.853 12
1717.946 14
1718.040 18
1718.134 15
1718.228 12
1718.321 12
1718.415 10
1718.509 12
1718.603 14
1718.697 17
1718.791 16
1718.884 15
1718.978 15
1719.072 17
1719.166 15
1719.260 16
1719.353 17
1719.447 11
1719.541 10
1719.635 8
1719.729 9
1719.823 11
1719.916 13
1720.010 14
1720.104 15
1720.198 17
1720.292 20
1720.386 21
1720.480 20
1720.573 18
1720.667 16
1720.761 14
1720.855 15
1720.949 11
1721.043 10
1721.137 16
1721.230 14
1721.324 17
1721.418 18
1721.512 21
1721.606 24
1721.700 27
1721.794 25
1721.888 18
1721.982 21
1722.075 19
1722.169 19
1722.263 16
1722.357 12
1722.451 13
1722.545 12
1722.639 15
1722.733 12
1722.827 9
1722.921 9
1723.015 8
1723.109 8
1723.202 8
1723.296 11
1723.390 10
1723.484 11
1723.578 14
1723.672 17
1723.766 20
1723.860 21
1723.954 23
1724.048 19
1724.142 15
1724.236 14
1724.330 9
1724.424 9
1724.518 9
1724.612 7
1724.706 6
1724.800 7
1724.894 7
1724.988 13
1725.082 19
1725.176 22
1725.270 23
1725.364 24
1725.458 22
1725.552 23
1725.646 20
1725.740 20
1725.834 21
1725.928 21
1726.022 25
1726.116 26
1726.210 24
1726.304 22
1726.398 17
1726.492 12
1726.586 9
1726.680 9
1726.774 6
1726.868 5
1726.962 5
1727.056 5
1727.150 7
1727.244 10
1727.338 14
1727.432 18
1727.526 22
1727.620 25
1727.714 26
1727.808 25
1727.902 30
1727.996 32
1728.090 34
1728.185 31
1728.279 29
1728.373 30
1728.467 25
1728.561 24
1728.655 23
1728.749 22
1728.843 29
1728.937 28
1729.031 28
1729.125 31
1729.219 32
1729.314 37
1729.408 41
1729.502 45
1729.596 48
1729.690 51
1729.784 52
1729.878 48
1729.972 46
1730.066 40
1730.161 33
1730.255 32
1730.349 29
1730.443 28
1730.537 23
1730.631 24
1730.725 25
1730.820 23
1730.914 20
1731.008 18
1731.102 18
1731.196 21
1731.290 23
1731.384 25
1731.479 24
1731.573 21
1731.667 18
1731.761 17
1731.855 19
1731.949 17
1732.044 18
1732.138 19
1732.232 20
1732.326 18
1732.420 17
1732.515 19
1732.609 15
1732.703 16
1732.797 16
1732.891 13
1732.986 15
1733.080 19
1733.174 17
1733.268 13
1733.362 15
1733.457 13
1733.551 13
1733.645 13
1733.739 11
1733.833 11
1733.928 15
1734.022 13
1734.116 14
1734.210 13
1734.305 16
1734.399 15
1734.493 13
1734.587 13
1734.682 11
1734.776 12
1734.870 11
1734.964 11
1735.059 13
1735.153 16
1735.247 17
1735.341 14
1735.436 14
1735.530 11
1735.624 13
1735.719 13
1735.813 10
1735.907 9
1736.001 6
1736.096 6
1736.190 8
1736.284 9
1736.379 10
1736.473 9
1736.567 10
1736.661 9
1736.756 6
1736.850 10
1736.944 8
1737.039 9
1737.133 9
1737.227 9
1737.322 12
1737.416 15
1737.510 21
1737.605 21
1737.699 23
1737.793 23
1737.888 20
1737.982 20
1738.076 16
1738.171 16
1738.265 14
1738.359 19
1738.454 22
1738.548 24
1738.642 27
1738.737 26
1738.831 25
1738.926 23
1739.020 18
1739.114 15
1739.209 14
1739.303 14
1739.397 14
1739.492 15
1739.586 17
1739.681 17
1739.775 13
1739.869 12
1739.964 9
1740.058 9
1740.153 11
1740.247 13
1740.341 16
1740.436 17
1740.530 19
1740.625 22
1740.719 21
1740.813 23
1740.908 24
1741.002 22
1741.097 20
1741.191 20
1741.286 20
1741.380 18
1741.474 20
1741.569 19
1741.663 18
1741.758 20
1741.852 20
1741.947 20
1742.041 18
1742.136 16
1742.230 15
1742.324 15
1742.419 14
1742.513 15
1742.608 17
1742.702 22
1742.797 27
1742.891 28
1742.986 27
1743.080 29
1743.175 27
1743.269 25
1743.364 20
1743.458 18
1743.553 19
1743.647 17
1743.742 16
1743.836 15
1743.931 12
1744.025 10
1744.120 11
1744.214 12
1744.309 13
1744.403 14
1744.498 14
1744.592 15
1744.687 13
1744.781 10
1744.876 9
1744.970 8
1745.065 8
1745.159 10
1745.254 11
1745.349 10
1745.443 9
1745.538 12
1745.632 16
1745.727 18
1745.821 21
1745.916 19
1746.010 21
1746.105 20
1746.200 19
1746.294 15
1746.389 11
1746.483 12
1746.578 10
1746.672 11
1746.767 13
1746.862 15
1746.956 14
1747.051 15
1747.145 14
1747.240 15
1747.335 16
1747.429 18
1747.524 20
1747.618 19
1747.713 19
1747.808 22
1747.902 22
1747.997 22
1748.091 21
1748.186 20
1748.281 19
1748.375 18
1748.470 19
1748.565 22
1748.659 20
1748.754 21
1748.849 16
1748.943 12
1749.038 8
1749.132 7
1749.227 7
1749.322 7
1749.416 6
1749.511 7
1749.606 9
1749.700 9
1749.795 10
1749.890 12
1749.984 12
1750.079 12
1750.174 13
1750.268 11
1750.363 9
1750.458 12
1750.553 11
1750.647 14
1750.742 16
1750.837 16
1750.931 12
1751.026 11
1751.121 16
1751.215 24
1751.310 30
1751.405 32
1751.500 39
1751.594 37
1751.689 35
1751.784 35
1751.878 32
1751.973 29
1752.068 33
1752.163 33
1752.257 28
1752.352 30
1752.447 31
1752.542 31
1752.636 31
1752.731 35
1752.826 30
1752.921 29
1753.015 30
1753.110 29
1753.205 30
1753.300 31
1753.394 27
1753.489 29
1753.584 34
1753.679 36
1753.773 38
1753.868 35
1753.963 33
1754.058 32
1754.153 33
1754.247 32
1754.342 34
1754.437 36
1754.532 35
1754.627 37
1754.721 39
1754.816 40
1754.911 43
1755.006 45
1755.101 45
1755.195 45
1755.290 45
1755.385 37
1755.480 31
1755.575 32
1755.670 24
1755.764 23
1755.859 29
1755.954 25
1756.049 25
1756.144 26
1756.239 28
1756.333 27
1756.428 28
1756.523 29
1756.618 25
1756.713 25
1756.808 21
1756.903 19
1756.997 16
1757.092 18
1757.187 18
1757.282 17
1757.377 18
1757.472 17
1757.567 20
1757.662 23
1757.756 28
1757.851 25
1757.946 32
1758.041 30
1758.136 24
1758.231 23
1758.326 17
1758.421 17
1758.516 22
1758.610 20
1758.705 21
1758.800 19
1758.895 15
1758.990 16
1759.085 15
1759.180 17
1759.275 21
1759.370 20
1759.465 13
1759.560 10
1759.655 7
1759.750 7
1759.845 7
1759.939 7
1760.034 6
1760.129 6
1760.224 9
1760.319 9
1760.414 10
1760.509 11
1760.604 13
1760.699 17
1760.794 20
1760.889 19
1760.984 17
1761.079 14
1761.174 12
1761.269 12
1761.364 10
1761.459 9
1761.554 5
1761.649 5
1761.744 9
1761.839 9
1761.934 6
1762.029 9
1762.124 10
1762.219 12
1762.314 12
1762.409 8
1762.504 6
1762.599 9
1762.694 10
1762.789 13
1762.884 15
1762.979 19
1763.074 20
1763.169 18
1763.264 15
1763.359 13
1763.454 13
1763.549 13
1763.644 14
1763.739 13
1763.835 17
1763.930 19
1764.025 21
1764.120 23
1764.215 29
1764.310 28
1764.405 25
1764.500 25
1764.595 23
1764.690 25
1764.785 23
1764.880 20
1764.975 16
1765.070 14
1765.166 13
1765.261 10
1765.356 7
1765.451 4
1765.546 2
1765.641 3
1765.736 4
1765.831 5
1765.926 9
1766.021 9
1766.117 11
1766.212 17
1766.307 20
1766.402 23
1766.497 26
1766.592 25
1766.687 25
1766.782 24
1766.878 20
1766.973 16
1767.068 10
1767.163 9
1767.258 7
1767.353 8
1767.448 11
1767.544 12
1767.639 16
1767.734 18
1767.829 21
1767.924 25
1768.019 27
1768.115 27
1768.210 26
1768.305 23
1768.400 22
1768.495 19
1768.591 17
1768.686 14
1768.781 11
1768.876 9
1768.971 9
1769.066 8
1769.162 7
1769.257 11
1769.352 13
1769.447 13
1769.542 15
1769.638 14
1769.733 13
1769.828 13
1769.923 12
1770.019 11
1770.114 9
1770.209 12
1770.304 9
1770.399 7
1770.495 7
1770.590 4
1770.685 5
1770.780 6
1770.876 6
1770.971 8
1771.066 10
1771.161 10
1771.257 11
1771.352 12
1771.447 13
1771.542 14
1771.638 15
1771.733 16
1771.828 17
1771.924 18
1772.019 23
1772.114 23
1772.209 25
1772.305 21
1772.400 13
1772.495 9
1772.591 6
1772.686 7
1772.781 11
1772.876 10
1772.972 7
1773.067 7
1773.162 4
1773.258 5
1773.353 4
1773.448 5
1773.544 8
1773.639 6
1773.734 9
1773.830 13
1773.925 15
1774.020 16
1774.116 21
1774.211 19
1774.306 22
1774.402 21
1774.497 24
1774.592 21
1774.688 18
1774.783 17
1774.878 15
1774.974 16
1775.069 14
1775.164 16
1775.260 17
1775.355 17
1775.451 17
1775.546 16
1775.641 14
1775.737 14
1775.832 19
1775.927 18
1776.023 21
1776.118 25
1776.214 29
1776.309 34
1776.404 33
1776.500 36
1776.595 32
1776.691 29
1776.786 27
1776.881 23
1776.977 21
1777.072 17
1777.168 20
1777.263 23
1777.359 22
1777.454 23
1777.549 26
1777.645 24
1777.740 24
1777.836 22
1777.931 23
1778.027 27
1778.122 32
1778.217 33
1778.313 32
1778.408 33
1778.504 37
1778.599 36
1778.695 31
1778.790 26
1778.886 24
1778.981 20
1779.077 14
1779.172 13
1779.268 13
1779.363 12
1779.459 9
1779.554 9
1779.649 8
1779.745 8
1779.840 10
1779.936 14
1780.031 17
1780.127 16
1780.222 13
1780.318 16
1780.413 15
1780.509 19
1780.604 25
1780.700 26
1780.796 32
1780.891 31
1780.987 28
1781.082 27
1781.178 22
1781.273 20
1781.369 16
1781.464 14
1781.560 12
1781.655 13
1781.751 13
1781.846 14
1781.942 12
1782.037 16
1782.133 16
1782.229 17
1782.324 16
1782.420 13
1782.515 15
1782.611 19
1782.706 17
1782.802 17
1782.898 17
1782.993 14
1783.089 14
1783.184 11
1783.280 9
1783.375 12
1783.471 18
1783.567 18
1783.662 19
1783.758 19
1783.853 19
1783.949 22
1784.045 25
1784.140 23
1784.236 20
1784.332 19
1784.427 16
1784.523 14
1784.618 11
1784.714 10
1784.810 15
1784.905 16
1785.001 17
1785.097 19
1785.192 16
1785.288 19
1785.383 18
1785.479 21
1785.575 23
1785.670 22
1785.766 20
1785.862 20
1785.957 22
1786.053 22
1786.149 23
1786.244 19
1786.340 15
1786.436 15
1786.531 13
1786.627 15
1786.723 15
1786.818 17
1786.914 19
1787.010 19
1787.105 19
1787.201 21
1787.297 21
1787.393 20
1787.488 23
1787.584 20
1787.680 16
1787.775 16
1787.871 15
1787.967 17
1788.063 18
1788.158 21
1788.254 20
1788.350 19
1788.445 17
1788.541 16
1788.637 13
1788.733 12
1788.828 14
1788.924 11
1789.020 14
1789.116 14
1789.211 14
1789.307 13
1789.403 16
1789.499 16
1789.594 12
1789.690 10
1789.786 14
1789.882 14
1789.977 15
1790.073 16
1790.169 12
1790.265 11
1790.360 9
1790.456 7
1790.552 6
1790.648 6
1790.744 11
1790.839 14
1790.935 15
1791.031 14
1791.127 10
1791.223 8
1791.318 9
1791.414 13
1791.510 15
1791.606 15
1791.702 13
1791.797 11
1791.893 11
1791.989 12
1792.085 15
1792.181 16
1792.277 19
1792.372 18
1792.468 20
1792.564 20
1792.660 17
1792.756 17
1792.852 13
1792.947 14
1793.043 11
1793.139 9
1793.235 6
1793.331 2
1793.427 2
1793.523 2
1793.619 3
1793.714 4
1793.810 6
1793.906 7
1794.002 6
1794.098 5
1794.194 8
1794.290 9
1794.386 9
1794.481 10
1794.577 9
1794.673 12
1794.769 13
1794.865 16
1794.961 17
1795.057 17
1795.153 18
1795.249 15
1795.345 16
1795.440 18
1795.536 15
1795.632 15
1795.728 15
1795.824 13
1795.920 14
1796.016 15
1796.112 15
1796.208 14
1796.304 11
1796.400 11
1796.496 12
1796.592 13
1796.688 13
1796.784 12
1796.880 10
1796.976 14
1797.071 14
1797.167 14
1797.263 12
1797.359 8
1797.455 7
1797.551 6
1797.647 6
1797.743 5
1797.839 7
1797.935 7
1798.031 7
1798.127 7
1798.223 8
1798.319 8
1798.415 9
1798.511 10
1798.607 9
1798.703 12
1798.799 9
1798.895 10
1798.991 10
1799.087 10
1799.183 14
1799.279 16
1799.375 16
1799.471 16
1799.567 19
1799.663 21
1799.759 22
1799.855 23
1799.952 24
1800.048 25
1800.144 25
1800.240 28
1800.336 28
1800.432 23
1800.528 19
1800.624 17
1800.720 17
1800.816 21
1800.912 24
1801.008 25
1801.104 26
1801.200 26
1801.296 24
1801.392 25
1801.489 32
1801.585 29
1801.681 27
1801.777 27
1801.873 21
1801.969 19
1802.065 25
1802.161 24
1802.257 24
1802.353 26
1802.449 27
1802.546 25
1802.642 26
1802.738 24
1802.834 23
1802.930 26
1803.026 27
1803.122 23
1803.218 23
1803.315 20
1803.411 18
1803.507 17
1803.603 16
1803.699 13
1803.795 9
1803.891 7
1803.988 11
1804.084 13
1804.180 15
1804.276 16
1804.372 18
1804.468 21
1804.565 20
1804.661 20
1804.757 21
1804.853 20
1804.949 22
1805.045 24
1805.142 22
1805.238 22
1805.334 19
1805.430 18
1805.526 14
1805.622 13
1805.719 10
1805.815 11
1805.911 12
1806.007 11
1806.104 13
1806.200 12
1806.296 9
1806.392 11
1806.488 10
1806.585 8
1806.681 8
1806.777 7
1806.873 4
1806.969 1
1807.066 1
1807.162 0
1807.258 1
1807.354 3
1807.451 5
1807.547 6
1807.643 9
1807.739 8
1807.836 8
1807.932 8
1808.028 8
1808.124 8
1808.221 8
1808.317 11
1808.413 10
1808.510 12
1808.606 15
1808.702 13
1808.798 14
1808.895 12
1808.991 11
1809.087 14
1809.184 15
1809.280 15
1809.376 14
1809.472 16
1809.569 16
1809.665 14
1809.761 14
1809.858 14
1809.954 12
1810.050 12
1810.147 14
1810.243 12
1810.339 9
1810.436 5
1810.532 5
1810.628 3
1810.725 3
1810.821 3
1810.917 5
1811.014 5
1811.110 6
1811.206 6
1811.303 6
1811.399 7
1811.495 11
1811.592 14
1811.688 15
1811.784 16
1811.881 12
1811.977 10
1812.073 8
1812.170 9
1812.266 11
1812.363 15
1812.459 24
1812.555 28
1812.652 31
1812.748 31
1812.844 30
1812.941 30
1813.037 27
1813.134 25
1813.230 20
1813.326 18
1813.423 17
1813.519 17
1813.616 14
1813.712 14
1813.809 13
1813.905 12
1814.001 7
1814.098 5
1814.194 5
1814.291 7
1814.387 7
1814.484 7
1814.580 7
1814.676 6
1814.773 8
1814.869 7
1814.966 9
1815.062 10
1815.159 11
1815.255 8
1815.352 7
1815.448 8
1815.544 10
1815.641 10
1815.737 9
1815.834 10
1815.930 11
1816.027 10
1816.123 12
1816.220 9
1816.316 11
1816.413 11
1816.509 14
1816.606 12
1816.702 9
1816.799 9
1816.895 7
1816.992 7
1817.088 8
1817.185 10
1817.281 13
1817.378 18
1817.474 24
1817.571 23
1817.667 26
1817.764 31
1817.860 30
1817.957 32
1818.053 33
1818.150 30
1818.246 28
1818.343 24
1818.440 18
1818.536 17
1818.633 14
1818.729 12
1818.826 13
1818.922 13
1819.019 10
1819.115 10
1819.212 9
1819.309 11
1819.405 9
1819.502 9
1819.598 9
1819.695 13
1819.791 13
1819.888 11
1819.985 9
1820.081 6
1820.178 5
1820.274 5
1820.371 5
1820.468 7
1820.564 6
1820.661 9
1820.757 6
1820.854 6
1820.951 7
1821.047 6
1821.144 7
1821.240 10
1821.337 11
1821.434 11
1821.530 12
1821.627 12
1821.724 15
1821.820 16
1821.917 20
1822.013 17
1822.110 13
1822.207 11
1822.303 10
1822.400 8
1822.497 8
1822.593 8
1822.690 5
1822.787 6
1822.883 7
1822.980 9
1823.077 11
1823.173 11
1823.270 15
1823.367 14
1823.463 12
1823.560 11
1823.657 8
1823.753 9
1823.850 9
1823.947 13
1824.043 17
1824.140 17
1824.237 18
1824.334 20
1824.430 22
1824.527 22
1824.624 25
1824.720 25
1824.817 23
1824.914 24
1825.010 20
1825.107 22
1825.204 18
1825.301 18
1825.397 21
1825.494 19
1825.591 25
1825.688 26
1825.784 27
1825.881 23
1825.978 19
1826.075 16
1826.171 16
1826.268 17
1826.365 17
1826.462 15
1826.558 15
1826.655 16
1826.752 15
1826.849 16
1826.945 15
1827.042 15
1827.139 18
1827.236 22
1827.333 18
1827.429 15
1827.526 18
1827.623 15
1827.720 16
1827.816 16
1827.913 14
1828.010 13
1828.107 13
1828.204 13
1828.300 11
1828.397 12
1828.494 13
1828.591 15
1828.688 18
1828.785 21
1828.881 20
1828.978 20
1829.075 19
1829.172 21
1829.269 23
1829.366 24
1829.462 17
1829.559 16
1829.656 13
1829.753 13
1829.850 14
1829.947 11
1830.043 11
1830.140 10
1830.237 10
1830.334 9
1830.431 12
1830.528 13
1830.625 16
1830.722 15
1830.818 17
1830.915 13
1831.012 10
1831.109 10
1831.206 7
1831.303 6
1831.400 7
1831.497 9
1831.594 8
1831.690 8
1831.787 9
1831.884 8
1831.981 14
1832.078 17
1832.175 15
1832.272 14
1832.369 12
1832.466 11
1832.563 15
1832.660 16
1832.756 20
1832.853 20
1832.950 16
1833.047 16
1833.144 14
1833.241 11
1833.338 11
1833.435 11
1833.532 11
1833.629 11
1833.726 13
1833.823 14
1833.920 11
1834.017 13
1834.114 18
1834.211 18
1834.308 18
1834.405 17
1834.502 16
1834.599 16
1834.696 13
1834.793 13
1834.890 8
1834.987 8
1835.084 10
1835.181 9
1835.278 5
1835.375 5
1835.472 5
1835.569 5
1835.666 8
1835.763 9
1835.860 12
1835.957 11
1836.054 11
1836.151 10
1836.248 9
1836.345 10
1836.442 9
1836.539 11
1836.636 13
1836.733 15
1836.830 13
1836.927 13
1837.024 14
1837.121 12
1837.218 11
1837.315 12
1837.412 11
1837.509 10
1837.606 13
1837.703 11
1837.800 14
1837.897 13
1837.994 17
1838.092 16
1838.189 12
1838.286 12
1838.383 10
1838.480 12
1838.577 12
1838.674 10
1838.771 8
1838.868 6
1838.965 6
1839.062 5
1839.159 4
1839.257 3
1839.354 2
1839.451 4
1839.548 5
1839.645 5
1839.742 5
1839.839 4
1839.936 3
1840.034 5
1840.131 7
1840.228 8
1840.325 9
1840.422 10
1840.519 12
1840.616 14
1840.713 14
1840.811 13
1840.908 9
1841.005 5
1841.102 3
1841.199 4
1841.296 7
1841.394 7
1841.491 6
1841.588 3
1841.685 0
1841.782 0
1841.879 0
1841.977 2
1842.074 5
1842.171 5
1842.268 7
1842.365 7
1842.462 9
1842.560 9
1842.657 10
1842.754 9
1842.851 5
1842.948 6
1843.046 7
1843.143 7
1843.240 9
1843.337 12
1843.434 11
1843.532 10
1843.629 9
1843.726 6
1843.823 3
1843.921 3
1844.018 2
1844.115 1
1844.212 1
1844.310 3
1844.407 2
1844.504 2
1844.601 6
1844.699 7
1844.796 8
1844.893 12
1844.990 8
1845.088 8
1845.185 8
1845.282 7
1845.379 9
1845.477 10
1845.574 10
1845.671 8
1845.768 9
1845.866 10
1845.963 12
1846.060 12
1846.158 10
1846.255 6
1846.352 4
1846.449 4
1846.547 3
1846.644 3
1846.741 6
1846.839 6
1846.936 5
1847.033 7
1847.131 8
1847.228 8
1847.325 13
1847.423 11
1847.520 10
1847.617 10
1847.715 10
1847.812 9
1847.909 8
1848.007 7
1848.104 3
1848.201 4
1848.299 2
1848.396 5
1848.493 10
1848.591 13
1848.688 13
1848.785 12
1848.883 12
1848.980 10
1849.077 14
1849.175 18
1849.272 21
1849.370 18
1849.467 15
1849.564 15
1849.662 11
1849.759 11
1849.856 9
1849.954 7
1850.051 5
1850.149 4
1850.246 3
1850.343 4
1850.441 8
1850.538 10
1850.636 11
1850.733 15
1850.831 18
1850.928 20
1851.025 19
1851.123 15
1851.220 13
1851.318 13
1851.415 15
1851.512 14
1851.610 11
1851.707 8
1851.805 8
1851.902 7
1852.000 8
1852.097 9
1852.195 8
1852.292 9
1852.389 11
1852.487 12
1852.584 9
1852.682 9
1852.779 8
1852.877 9
1852.974 9
1853.072 9
1853.169 9
1853.267 7
1853.364 7
1853.462 6
1853.559 5
1853.657 6
1853.754 8
1853.852 8
1853.949 6
1854.047 5
1854.144 4
1854.242 7
1854.339 8
1854.437 10
1854.534 10
1854.632 9
1854.729 10
1854.827 10
1854.924 9
1855.022 12
1855.119 10
1855.217 9
1855.314 8
1855.412 6
1855.509 4
1855.607 3
1855.705 3
1855.802 1
1855.900 3
1855.997 3
1856.095 4
1856.192 5
1856.290 8
1856.387 9
1856.485 10
1856.583 9
1856.680 11
1856.778 10
1856.875 8
1856.973 8
1857.070 3
1857.168 3
1857.266 3
1857.363 3
1857.461 2
1857.558 2
1857.656 2
1857.754 2
1857.851 3
1857.949 3
1858.046 3
1858.144 3
1858.242 1
1858.339 4
1858.437 5
1858.534 5
1858.632 4
1858.730 3
1858.827 3
1858.925 3
1859.023 4
1859.120 2
1859.218 1
1859.316 1
1859.413 3
1859.511 3
1859.608 4
1859.706 4
1859.804 3
1859.901 4
1859.999 4
1860.097 5
1860.194 10
1860.292 9
1860.390 9
1860.487 8
1860.585 3
1860.683 3
1860.780 4
1860.878 6
1860.976 10
1861.074 12
1861.171 13
1861.269 13
1861.367 12
1861.464 9
1861.562 7
1861.660 5
1861.757 4
1861.855 5
1861.953 10
1862.051 10
1862.148 10
1862.246 10
1862.344 6
1862.441 6
1862.539 7
1862.637 10
1862.735 8
1862.832 9
1862.930 11
1863.028 10
1863.126 11
1863.223 11
1863.321 14
1863.419 12
1863.517 10
1863.614 9
1863.712 9
1863.810 10
1863.908 13
1864.005 15
1864.103 11
1864.201 12
1864.299 12
1864.396 11
1864.494 13
1864.592 13
1864.690 16
1864.788 18
1864.885 18
1864.983 17
1865.081 14
1865.179 12
1865.277 13
1865.374 13
1865.472 9
1865.570 10
1865.668 9
1865.766 10
1865.863 8
1865.961 6
1866.059 5
1866.157 5
1866.255 8
1866.353 8
1866.450 8
1866.548 9
1866.646 11
1866.744 14
1866.842 15
1866.940 17
1867.037 19
1867.135 15
1867.233 19
1867.331 18
1867.429 15
1867.527 15
1867.625 10
1867.722 8
1867.820 7
1867.918 7
1868.016 6
1868.114 4
1868.212 4
1868.310 4
1868.408 3
1868.506 5
1868.603 5
1868.701 5
1868.799 9
1868.897 9
1868.995 11
1869.093 11
1869.191 8
1869.289 5
1869.387 5
1869.485 5
1869.582 4
1869.680 4
1869.778 7
1869.876 8
1869.974 10
1870.072 11
1870.170 10
1870.268 11
1870.366 11
1870.464 12
1870.562 15
1870.660 13
1870.758 11
1870.856 9
1870.954 7
1871.051 7
1871.149 6
1871.247 6
1871.345 7
1871.443 11
1871.541 12
1871.639 13
1871.737 13
1871.835 16
1871.933 15
1872.031 14
1872.129 16
1872.227 17
1872.325 13
1872.423 12
1872.521 10
1872.619 9
1872.717 8
1872.815 8
1872.913 10
1873.011 12
1873.109 11
1873.207 12
1873.305 16
1873.403 14
1873.501 11
1873.599 10
1873.697 10
1873.795 10
1873.893 8
1873.991 8
1874.089 5
1874.187 9
1874.285 10
1874.384 8
1874.482 6
1874.580 4
1874.678 2
1874.776 3
1874.874 6
1874.972 6
1875.070 8
1875.168 9
1875.266 8
1875.364 9
1875.462 10
1875.560 9
1875.658 12
1875.756 14
1875.854 12
1875.953 13
1876.051 10
1876.149 13
1876.247 15
1876.345 14
1876.443 16
1876.541 13
1876.639 12
1876.737 11
1876.835 8
1876.934 6
1877.032 5
1877.130 5
1877.228 3
1877.326 2
1877.424 2
1877.522 2
1877.620 3
1877.719 4
1877.817 5
1877.915 5
1878.013 4
1878.111 3
1878.209 7
1878.307 8
1878.406 8
1878.504 8
1878.602 9
1878.700 8
1878.798 9
1878.896 9
1878.995 7
1879.093 9
1879.191 12
1879.289 11
1879.387 10
1879.485 9
1879.584 7
1879.682 8
1879.780 9
1879.878 9
1879.976 6
1880.075 4
1880.173 6
1880.271 5
1880.369 6
1880.467 4
1880.566 4
1880.664 4
1880.762 4
1880.860 5
1880.958 3
1881.057 3
1881.155 6
1881.253 5
1881.351 6
1881.450 7
1881.548 9
1881.646 8
1881.744 8
1881.843 9
1881.941 8
1882.039 11
1882.137 11
1882.236 12
1882.334 15
1882.432 16
1882.530 16
1882.629 15
1882.727 16
1882.825 12
1882.923 14
1883.022 12
1883.120 12
1883.218 12
1883.316 8
1883.415 6
1883.513 5
1883.611 4
1883.710 7
1883.808 7
1883.906 6
1884.005 6
1884.103 2
1884.201 3
1884.299 7
1884.398 8
1884.496 11
1884.594 11
1884.693 10
1884.791 9
1884.889 8
1884.988 8
1885.086 6
1885.184 7
1885.283 7
1885.381 7
1885.479 7
1885.578 7
1885.676 6
1885.774 5
1885.873 5
1885.971 5
1886.069 4
1886.168 4
1886.266 2
1886.365 1
1886.463 2
1886.561 3
1886.660 6
1886.758 8
1886.856 7
1886.955 7
1887.053 6
1887.152 6
1887.250 5
1887.348 4
1887.447 2
1887.545 1
1887.643 1
1887.742 1
1887.840 1
1887.939 0
1888.037 2
1888.135 3
1888.234 4
1888.332 5
1888.431 9
1888.529 8
1888.628 7
1888.726 9
1888.824 6
1888.923 9
1889.021 9
1889.120 10
1889.218 9
1889.317 9
1889.415 10
1889.514 11
1889.612 13
1889.710 10
1889.809 12
1889.907 11
1890.006 8
1890.104 8
1890.203 5
1890.301 8
1890.400 10
1890.498 12
1890.597 15
1890.695 14
1890.794 14
1890.892 14
1890.991 16
1891.089 16
1891.187 14
1891.286 14
1891.384 11
1891.483 13
1891.581 12
1891.680 11
1891.778 10
1891.877 7
1891.976 7
1892.074 7
1892.173 7
1892.271 7
1892.370 5
1892.468 5
1892.567 6
1892.665 6
1892.764 5
1892.862 6
1892.961 6
1893.059 5
1893.158 6
1893.256 6
1893.355 6
1893.454 6
1893.552 7
1893.651 6
1893.749 6
1893.848 7
1893.946 6
1894.045 7
1894.143 8
1894.242 7
1894.341 5
1894.439 3
1894.538 0
1894.636 0
1894.735 1
1894.834 1
1894.932 2
1895.031 2
1895.129 4
1895.228 5
1895.326 9
1895.425 12
1895.524 14
1895.622 19
1895.721 20
1895.820 19
1895.918 22
1896.017 18
1896.115 17
1896.214 16
1896.313 11
1896.411 11
1896.510 5
1896.609 6
1896.707 6
1896.806 6
1896.904 7
1897.003 7
1897.102 5
1897.200 4
1897.299 3
1897.398 2
1897.496 2
1897.595 2
1897.694 2
1897.792 3
1897.891 3
1897.990 3
1898.088 8
1898.187 13
1898.286 15
1898.384 20
1898.483 20
1898.582 18
1898.680 19
1898.779 17
1898.878 19
1898.977 17
1899.075 16
1899.174 15
1899.273 11
1899.371 9
1899.470 8
1899.569 8
1899.668 7
1899.766 7
1899.865 6
1899.964 5
1900.062 6
1900.161 6
1900.260 6
1900.359 5
1900.457 8
1900.556 9
1900.655 12
1900.754 13
1900.852 12
1900.951 13
1901.050 12
1901.149 11
1901.247 11
1901.346 9
1901.445 8
1901.544 9
1901.642 8
1901.741 8
1901.840 7
1901.939 6
1902.037 4
1902.136 3
1902.235 9
1902.334 10
1902.433 15
1902.531 14
1902.630 9
1902.729 9
1902.828 7
1902.927 5
1903.025 4
1903.124 5
1903.223 7
1903.322 9
1903.421 12
1903.519 17
1903.618 24
1903.717 29
1903.816 34
1903.915 31
1904.014 21
1904.112 18
1904.211 14
1904.310 12
1904.409 8
1904.508 6
1904.607 6
1904.706 6
1904.804 9
1904.903 10
1905.002 6
1905.101 8
1905.200 9
1905.299 8
1905.398 6
1905.496 5
1905.595 5
1905.694 4
1905.793 3
1905.892 1
1905.991 0
1906.090 0
1906.189 0
1906.287 0
1906.386 0
1906.485 0
1906.584 0
1906.683 1
1906.782 4
1906.881 4
1906.980 4
1907.079 7
1907.178 9
1907.277 9
1907.375 12
1907.474 9
1907.573 6
1907.672 6
1907.771 4
1907.870 3
1907.969 2
1908.068 2
1908.167 5
1908.266 4
1908.365 3
1908.464 5
1908.563 6
1908.662 6
1908.761 8
1908.860 6
1908.959 5
1909.057 7
1909.156 9
1909.255 10
1909.354 9
1909.453 8
1909.552 6
1909.651 4
1909.750 7
1909.849 8
1909.948 7
1910.047 8
1910.146 11
1910.245 10
1910.344 11
1910.443 11
1910.542 8
1910.641 8
1910.740 10
1910.839 9
1910.938 6
1911.037 6
1911.136 4
1911.235 4
1911.334 6
1911.433 6
1911.532 10
1911.631 12
1911.731 12
1911.830 14
1911.929 17
1912.028 15
1912.127 14
1912.226 12
1912.325 7
1912.424 7
1912.523 11
1912.622 10
1912.721 13
1912.820 13
1912.919 11
1913.018 10
1913.117 15
1913.216 16
1913.315 17
1913.415 20
1913.514 19
1913.613 18
1913.712 16
1913.811 12
1913.910 8
1914.009 7
1914.108 5
1914.207 2
1914.306 1
1914.405 1
1914.505 3
1914.604 3
1914.703 5
1914.802 5
1914.901 5
1915.000 8
1915.099 8
1915.198 9
1915.298 9
1915.397 9
1915.496 9
1915.595 6
1915.694 10
1915.793 7
1915.892 5
1915.992 3
1916.091 1
1916.190 1
1916.289 2
1916.388 2
1916.487 4
1916.586 4
1916.686 5
1916.785 5
1916.884 2
1916.983 5
1917.082 6
1917.181 7
1917.281 7
1917.380 4
1917.479 7
1917.578 8
1917.677 10
1917.777 12
1917.876 10
1917.975 8
1918.074 7
1918.173 6
1918.273 6
1918.372 8
1918.471 8
1918.570 8
1918.669 7
1918.769 4
1918.868 4
1918.967 6
1919.066 4
1919.166 2
1919.265 3
1919.364 1
1919.463 2
1919.563 2
1919.662 2
1919.761 2
1919.860 3
1919.960 3
1920.059 2
1920.158 2
1920.257 4
1920.357 8
1920.456 10
1920.555 11
1920.654 12
1920.754 13
1920.853 12
1920.952 15
1921.052 17
1921.151 16
1921.250 19
1921.349 16
1921.449 15
1921.548 14
1921.647 14
1921.747 17
1921.846 14
1921.945 12
1922.044 13
1922.144 11
1922.243 7
1922.342 7
1922.442 8
1922.541 8
1922.640 9
1922.740 12
1922.839 16
1922.938 16
1923.038 17
1923.137 15
1923.236 13
1923.336 14
1923.435 17
1923.534 13
1923.634 12
1923.733 12
1923.832 10
1923.932 11
1924.031 14
1924.131 14
1924.230 12
1924.329 12
1924.429 15
1924.528 16
1924.627 16
1924.727 14
1924.826 10
1924.926 9
1925.025 5
1925.124 4
1925.224 4
1925.323 4
1925.422 3
1925.522 2
1925.621 3
1925.721 3
1925.820 3
1925.919 4
1926.019 2
1926.118 2
1926.218 4
1926.317 4
1926.417 6
1926.516 6
1926.615 5
1926.715 6
1926.814 8
1926.914 9
1927.013 8
1927.113 6
1927.212 5
1927.311 4
1927.411 4
1927.510 4
1927.610 8
1927.709 8
1927.809 8
1927.908 9
1928.008 5
1928.107 5
1928.207 5
1928.306 4
1928.406 7
1928.505 7
1928.605 7
1928.704 8
1928.803 9
1928.903 8
1929.002 8
1929.102 7
1929.201 3
1929.301 5
1929.400 7
1929.500 6
1929.599 5
1929.699 5
1929.798 5
1929.898 5
1929.998 7
1930.097 6
1930.197 5
1930.296 6
1930.396 5
1930.495 6
1930.595 6
1930.694 6
1930.794 7
1930.893 9
1930.993 10
1931.092 9
1931.192 8
1931.291 5
1931.391 5
1931.491 6
1931.590 7
1931.690 7
1931.789 8
1931.889 8
1931.988 6
1932.088 6
1932.188 7
1932.287 7
1932.387 7
1932.486 7
1932.586 8
1932.685 8
1932.785 7
1932.885 7
1932.984 4
1933.084 4
1933.183 2
1933.283 2
1933.383 0
1933.482 2
1933.582 2
1933.681 2
1933.781 2
1933.881 3
1933.980 3
1934.080 3
1934.180 5
1934.279 5
1934.379 5
1934.478 5
1934.578 8
1934.678 7
1934.777 10
1934.877 11
1934.977 12
1935.076 11
1935.176 10
1935.276 10
1935.375 10
1935.475 10
1935.575 11
1935.674 10
1935.774 6
1935.874 6
1935.973 7
1936.073 6
1936.173 6
1936.272 8
1936.372 7
1936.472 7
1936.571 5
1936.671 4
1936.771 4
1936.870 5
1936.970 5
1937.070 3
1937.170 7
1937.269 8
1937.369 11
1937.469 13
1937.568 15
1937.668 18
1937.768 19
1937.868 16
1937.967 14
1938.067 12
1938.167 14
1938.267 11
1938.366 8
1938.466 6
1938.566 3
1938.665 3
1938.765 3
1938.865 4
1938.965 5
1939.064 7
1939.164 8
1939.264 8
1939.364 8
1939.464 8
1939.563 10
1939.663 9
1939.763 5
1939.863 3
1939.962 1
1940.062 1
1940.162 3
1940.262 3
1940.362 2
1940.461 2
1940.561 2
1940.661 4
1940.761 4
1940.861 4
1940.960 4
1941.060 2
1941.160 2
1941.260 2
1941.360 0
1941.459 0
1941.559 1
1941.659 1
1941.759 1
1941.859 1
1941.959 2
1942.058 2
1942.158 2
1942.258 2
1942.358 0
1942.458 0
1942.558 0
1942.657 0
1942.757 0
1942.857 3
1942.957 3
1943.057 5
1943.157 7
1943.257 9
1943.356 11
1943.456 8
1943.556 7
1943.656 6
1943.756 9
1943.856 11
1943.956 10
1944.056 11
1944.155 13
1944.255 11
1944.355 10
1944.455 12
1944.555 11
1944.655 13
1944.755 17
1944.855 14
1944.955 15
1945.055 17
1945.154 19
1945.254 22
1945.354 22
1945.454 22
1945.554 21
1945.654 19
1945.754 14
1945.854 15
1945.954 12
1946.054 11
1946.154 10
1946.254 6
1946.354 5
1946.454 6
1946.554 8
1946.654 7
1946.753 9
1946.853 7
1946.953 6
1947.053 6
1947.153 6
1947.253 7
1947.353 6
1947.453 8
1947.553 9
1947.653 11
1947.753 14
1947.853 18
1947.953 17
1948.053 19
1948.153 18
1948.253 14
1948.353 16
1948.453 14
1948.553 11
1948.653 11
1948.753 7
1948.853 6
1948.953 7
1949.053 7
1949.153 4
1949.253 4
1949.353 3
1949.453 3
1949.553 3
1949.653 3
1949.753 2
1949.853 4
1949.953 5
1950.054 5
1950.154 6
1950.254 6
1950.354 5
1950.454 5
1950.554 7
1950.654 5
1950.754 6
1950.854 10
1950.954 10
1951.054 10
1951.154 9
1951.254 9
1951.354 10
1951.454 15
1951.554 19
1951.655 16
1951.755 11
1951.855 12
1951.955 10
1952.055 9
1952.155 10
1952.255 6
1952.355 5
1952.455 6
1952.555 9
1952.656 6
1952.756 5
1952.856 3
1952.956 1
1953.056 1
1953.156 0
1953.256 1
1953.356 2
1953.457 2
1953.557 2
1953.657 1
1953.757 0
1953.857 0
1953.957 0
1954.057 1
1954.158 4
1954.258 4
1954.358 4
1954.458 3
1954.558 2
1954.658 2
1954.758 4
1954.859 5
1954.959 6
1955.059 8
1955.159 8
1955.259 11
1955.360 12
1955.460 12
1955.560 12
1955.660 11
1955.760 9
1955.860 11
1955.961 8
1956.061 8
1956.161 7
1956.261 7
1956.361 8
1956.462 8
1956.562 6
1956.662 5
1956.762 7
1956.863 6
1956.963 7
1957.063 6
1957.163 6
1957.263 6
1957.364 6
1957.464 6
1957.564 3
1957.664 4
1957.765 4
1957.865 4
1957.965 3
1958.065 3
1958.166 3
1958.266 3
1958.366 6
1958.466 5
1958.567 3
1958.667 3
1958.767 0
1958.868 0
1958.968 2
1959.068 3
1959.168 4
1959.269 5
1959.369 4
1959.469 4
1959.570 5
1959.670 6
1959.770 6
1959.870 7
1959.971 11
1960.071 11
1960.171 14
1960.272 14
1960.372 9
1960.472 9
1960.573 8
1960.673 7
1960.773 4
1960.874 4
1960.974 3
1961.074 4
1961.175 3
1961.275 2
1961.375 4
1961.476 3
1961.576 7
1961.676 8
1961.777 10
1961.877 11
1961.977 16
1962.078 14
1962.178 10
1962.278 9
1962.379 7
1962.479 8
1962.579 10
1962.680 13
1962.780 12
1962.881 14
1962.981 18
1963.081 15
1963.182 15
1963.282 12
1963.383 9
1963.483 8
1963.583 5
1963.684 5
1963.784 4
1963.885 4
1963.985 2
1964.085 2
1964.186 2
1964.286 4
1964.387 8
1964.487 11
1964.587 14
1964.688 13
1964.788 15
1964.889 13
1964.989 11
1965.090 11
1965.190 10
1965.290 10
1965.391 10
1965.491 10
1965.592 5
1965.692 5
1965.793 3
1965.893 3
1965.994 6
1966.094 6
1966.195 10
1966.295 13
1966.395 13
1966.496 16
1966.596 14
1966.697 12
1966.797 9
1966.898 7
1966.998 7
1967.099 5
1967.199 8
1967.300 11
1967.400 14
1967.501 14
1967.601 17
1967.702 15
1967.802 12
1967.903 12
1968.003 10
1968.104 14
1968.204 20
1968.305 20
1968.405 18
1968.506 18
1968.606 13
1968.707 14
1968.808 13
1968.908 10
1969.009 8
1969.109 7
1969.210 12
1969.310 14
1969.411 14
1969.511 16
1969.612 13
1969.712 12
1969.813 12
1969.914 11
1970.014 7
1970.115 7
1970.215 10
1970.316 11
1970.416 13
1970.517 12
1970.618 9
1970.718 7
1970.819 8
1970.919 8
1971.020 8
1971.120 8
1971.221 5
1971.322 5
1971.422 2
1971.523 4
1971.623 7
1971.724 7
1971.825 6
1971.925 8
1972.026 13
1972.127 15
1972.227 17
1972.328 14
1972.428 9
1972.529 11
1972.630 9
1972.730 9
1972.831 8
1972.932 5
1973.032 3
1973.133 4
1973.234 3
1973.334 4
1973.435 5
1973.535 5
1973.636 5
1973.737 7
1973.837 6
1973.938 6
1974.039 10
1974.139 9
1974.240 13
1974.341 14
1974.442 12
1974.542 12
1974.643 9
1974.744 9
1974.844 9
1974.945 9
1975.046 6
1975.146 6
1975.247 5
1975.348 5
1975.448 5
1975.549 5
1975.650 3
1975.751 3
1975.851 3
1975.952 3
1976.053 1
1976.153 2
1976.254 5
1976.355 5
1976.456 8
1976.556 10
1976.657 10
1976.758 12
1976.859 17
1976.959 14
1977.060 10
1977.161 9
1977.262 9
1977.362 10
1977.463 12
1977.564 12
1977.665 11
1977.765 13
1977.866 14
1977.967 10
1978.068 8
1978.168 5
1978.269 4
1978.370 3
1978.471 2
1978.572 2
1978.672 2
1978.773 2
1978.874 5
1978.975 6
1979.076 4
1979.176 4
1979.277 4
1979.378 4
1979.479 4
1979.580 5
1979.680 2
1979.781 1
1979.882 1
1979.983 0
1980.084 0
1980.185 0
1980.285 0
1980.386 1
1980.487 2
1980.588 3
1980.689 4
1980.790 3
1980.890 3
1980.991 3
1981.092 3
1981.193 4
1981.294 7
1981.395 9
1981.496 8
1981.596 7
1981.697 3
1981.798 0
1981.899 0
1982.000 3
1982.101 3
1982.202 3
1982.303 6
1982.403 3
1982.504 3
1982.605 3
1982.706 5
1982.807 5
1982.908 7
1983.009 7
1983.110 4
1983.211 4
1983.312 2
1983.412 2
1983.513 4
1983.614 5
1983.715 5
1983.816 5
1983.917 6
1984.018 4
1984.119 3
1984.220 2
1984.321 1
1984.422 5
1984.523 6
1984.624 7
1984.725 8
1984.825 5
1984.926 6
1985.027 6
1985.128 7
1985.229 7
1985.330 7
1985.431 7
1985.532 7
1985.633 7
1985.734 9
1985.835 9
1985.936 8
1986.037 8
1986.138 9
1986.239 9
1986.340 9
1986.441 9
1986.542 6
1986.643 7
1986.744 2
1986.845 2
1986.946 4
1987.047 3
1987.148 3
1987.249 3
1987.350 5
1987.451 5
1987.552 5
1987.653 5
1987.754 5
1987.855 4
1987.956 4
1988.057 4
1988.158 4
1988.259 5
1988.360 5
1988.461 8
1988.562 7
1988.663 7
1988.765 7
1988.866 5
1988.967 7
1989.068 7
1989.169 7
1989.270 6
1989.371 3
1989.472 3
1989.573 3
1989.674 5
1989.775 2
1989.876 2
1989.977 3
1990.078 4
1990.179 9
1990.281 12
1990.382 17
1990.483 15
1990.584 11
1990.685 9
1990.786 6
1990.887 5
1990.988 4
1991.089 4
1991.191 1
1991.292 1
1991.393 2
1991.494 2
1991.595 2
1991.696 2
1991.797 2
1991.898 1
1992.000 3
1992.101 3
1992.202 2
1992.303 5
1992.404 10
1992.505 11
1992.606 15
1992.708 15
1992.809 12
1992.910 11
1993.011 10
1993.112 6
1993.213 5
1993.315 8
1993.416 6
1993.517 6
1993.618 9
1993.719 9
1993.820 11
1993.922 11
1994.023 14
1994.124 13
1994.225 20
1994.326 21
1994.428 23
1994.529 22
1994.630 16
1994.731 13
1994.832 8
1994.934 6
1995.035 5
1995.136 5
1995.237 4
1995.338 4
1995.440 7
1995.541 8
1995.642 8
1995.743 5
1995.845 3
1995.946 1
1996.047 2
1996.148 3
1996.250 5
1996.351 5
1996.452 3
1996.553 2
1996.655 5
1996.756 5
1996.857 5
1996.958 5
1997.060 1
1997.161 4
1997.262 9
1997.363 10
1997.465 10
1997.566 7
1997.667 3
1997.769 4
1997.870 4
1997.971 4
1998.072 5
1998.174 3
1998.275 3
1998.376 3
1998.478 4
1998.579 4
1998.680 6
1998.782 6
1998.883 7
1998.984 6
1999.085 3
1999.187 2
1999.288 2
1999.389 3
1999.491 2
1999.592 3
1999.693 2
1999.795 1
1999.896 2
1999.997 1
2000.099 4
2000.200 6
2000.301 7
2000.403 7
2000.504 10
2000.606 13
2000.707 10
2000.808 9
2000.910 3
2001.011 1
2001.112 1
2001.214 1
2001.315 0
2001.416 0
2001.518 0
2001.619 0
2001.721 3
2001.822 3
2001.923 3
2002.025 3
2002.126 3
2002.228 5
2002.329 7
2002.430 7
2002.532 4
2002.633 6
2002.735 5
2002.836 4
2002.937 3
2003.039 2
2003.140 1
2003.242 2
2003.343 3
2003.445 4
2003.546 6
2003.647 5
2003.749 7
2003.850 7
2003.952 6
2004.053 7
2004.155 8
2004.256 7
2004.358 5
2004.459 4
2004.561 2
2004.662 5
2004.763 5
2004.865 5
2004.966 4
2005.068 6
2005.169 11
2005.271 14
2005.372 15
2005.474 12
2005.575 8
2005.677 7
2005.778 7
2005.880 6
2005.981 6
2006.083 5
2006.184 2
2006.286 2
2006.387 3
2006.489 3
2006.590 6
2006.692 6
2006.793 7
2006.895 9
2006.996 9
2007.098 14
2007.199 16
2007.301 15
2007.402 12
2007.504 9
2007.606 6
2007.707 8
2007.809 7
2007.910 7
2008.012 9
2008.113 9
2008.215 11
2008.316 11
2008.418 11
2008.519 13
2008.621 13
2008.723 12
2008.824 11
2008.926 8
2009.027 7
2009.129 6
2009.230 6
2009.332 5
2009.434 6
2009.535 7
2009.637 6
2009.738 6
2009.840 5
2009.942 3
2010.043 3
2010.145 3
2010.246 3
2010.348 2
2010.450 2
2010.551 3
2010.653 3
2010.755 7
2010.856 8
2010.958 6
2011.059 5
2011.161 3
2011.263 1
2011.364 1
2011.466 0
2011.568 1
2011.669 2
2011.771 3
2011.872 4
2011.974 4
2012.076 4
2012.177 4
2012.279 3
2012.381 3
2012.482 5
2012.584 5
2012.686 4
2012.787 5
2012.889 6
2012.991 7
2013.092 6
2013.194 6
2013.296 4
2013.398 2
2013.499 2
2013.601 2
2013.703 2
2013.804 0
2013.906 0
2014.008 0
2014.109 0
2014.211 0
2014.313 1
2014.415 1
2014.516 1
2014.618 2
2014.720 1
2014.821 1
2014.923 2
2015.025 1
2015.127 4
2015.228 4
2015.330 5
2015.432 5
2015.534 3
2015.635 3
2015.737 5
2015.839 6
2015.941 9
2016.042 9
2016.144 9
2016.246 10
2016.348 12
2016.449 12
2016.551 10
2016.653 13
2016.755 11
2016.856 10
2016.958 11
2017.060 10
2017.162 11
2017.264 13
2017.365 15
2017.467 15
2017.569 16
2017.671 16
2017.773 16
2017.874 15
2017.976 13
2018.078 11
2018.180 8
2018.282 9
2018.383 6
2018.485 7
2018.587 11
2018.689 9
2018.791 7
2018.893 5
2018.994 2
2019.096 2
2019.198 1
2019.300 1
2019.402 0
2019.504 0
2019.605 0
2019.707 0
2019.809 0
2019.911 2
2020.013 2
2020.115 2
2020.217 3
2020.318 6
2020.420 5
2020.522 4
2020.624 2
2020.726 0
2020.828 2
2020.930 2
2021.032 4
2021.133 5
2021.235 6
2021.337 7
2021.439 7
2021.541 6
2021.643 4
2021.745 3
2021.847 1
2021.949 1
2022.051 2
2022.152 2
2022.254 5
2022.356 5
2022.458 8
2022.560 8
2022.662 10
2022.764 11
2022.866 11
2022.968 11
2023.070 9
2023.172 8
2023.274 3
2023.376 3
2023.478 2
2023.580 4
2023.681 4
2023.783 4
2023.885 3
2023.987 4
2024.089 4
2024.191 4
2024.293 7
2024.395 4
2024.497 4
2024.599 4
2024.701 5
2024.803 5
2024.905 7
2025.007 7
2025.109 4
2025.211 4
2025.313 3
2025.415 3
2025.517 2
2025.619 2
2025.721 1
2025.823 2
2025.925 1
2026.027 1
2026.129 2
2026.231 1
2026.333 1
2026.435 1
2026.537 0
2026.639 0
2026.741 0
2026.843 0
2026.945 1
2027.047 2
2027.149 4
2027.251 5
2027.353 7
2027.456 7
2027.558 8
2027.660 9
2027.762 8
2027.864 9
2027.966 8
2028.068 7
2028.170 7
2028.272 5
2028.374 4
2028.476 6
2028.578 9
2028.680 10
2028.782 11
2028.884 9
2028.987 6
2029.089 5
2029.191 6
2029.293 8
2029.395 9
2029.497 9
2029.599 7
2029.701 10
2029.803 9
2029.905 9
2030.008 10
2030.110 8
2030.212 5
2030.314 5
2030.416 3
2030.518 2
2030.620 2
2030.722 1
2030.825 0
2030.927 0
2031.029 1
2031.131 1
2031.233 2
2031.335 2
2031.437 3
2031.540 4
2031.642 5
2031.744 6
2031.846 4
2031.948 3
2032.050 1
2032.153 0
2032.255 0
2032.357 1
2032.459 2
2032.561 3
2032.664 4
2032.766 4
2032.868 4
2032.970 4
2033.072 9
2033.174 9
2033.277 9
2033.379 10
2033.481 6
2033.583 7
2033.685 8
2033.788 10
2033.890 8
2033.992 7
2034.094 6
2034.197 5
2034.299 7
2034.401 10
2034.503 10
2034.605 8
2034.708 5
2034.810 7
2034.912 9
2035.014 9
2035.117 7
2035.219 7
2035.321 6
2035.423 7
2035.526 11
2035.628 7
2035.730 6
2035.832 6
2035.935 2
2036.037 4
2036.139 7
2036.242 6
2036.344 6
2036.446 3
2036.548 0
2036.651 1
2036.753 2
2036.855 3
2036.958 4
2037.060 4
2037.162 6
2037.264 6
2037.367 3
2037.469 3
2037.571 2
2037.674 4
2037.776 4
2037.878 8
2037.981 7
2038.083 7
2038.185 6
2038.288 3
2038.390 3
2038.492 1
2038.595 1
2038.697 0
2038.799 0
2038.902 3
2039.004 5
2039.106 5
2039.209 7
2039.311 8
2039.413 6
2039.516 6
2039.618 6
2039.720 5
2039.823 6
2039.925 9
2040.028 9
2040.130 8
2040.232 10
2040.335 10
2040.437 11
2040.539 15
2040.642 16
2040.744 19
2040.847 22
2040.949 20
2041.051 16
2041.154 13
2041.256 11
2041.359 10
2041.461 8
2041.563 8
2041.666 5
2041.768 6
2041.871 6
2041.973 7
2042.076 10
2042.178 10
2042.280 10
2042.383 10
2042.485 10
2042.588 7
2042.690 11
2042.793 8
2042.895 5
2042.997 5
2043.100 4
2043.202 3
2043.305 8
2043.407 7
2043.510 6
2043.612 6
2043.715 4
2043.817 6
2043.920 7
2044.022 7
2044.125 3
2044.227 1
2044.330 2
2044.432 2
2044.534 3
2044.637 3
2044.739 4
2044.842 4
2044.944 7
2045.047 8
2045.149 13
2045.252 14
2045.354 14
2045.457 14
2045.560 15
2045.662 15
2045.765 13
2045.867 14
2045.970 15
2046.072 14
2046.175 10
2046.277 12
2046.380 10
2046.482 10
2046.585 11
2046.687 9
2046.790 10
2046.892 9
2046.995 11
2047.098 9
2047.200 8
2047.303 7
2047.405 7
2047.508 5
2047.610 4
2047.713 4
2047.815 4
2047.918 4
2048.021 4
2048.123 4
2048.226 2
2048.328 4
2048.431 6
2048.534 6
2048.636 8
2048.739 6
2048.841 8
2048.944 10
2049.047 9
2049.149 9
2049.252 4
2049.354 2
2049.457 2
2049.560 2
2049.662 2
2049.765 2
2049.867 0
2049.970 0
2050.073 0
2050.175 2
2050.278 3
2050.381 3
2050.483 6
2050.586 4
2050.688 7
2050.791 8
2050.894 6
2050.996 7
2051.099 8
2051.202 8
2051.304 10
2051.407 10
2051.510 11
2051.612 13
2051.715 13
2051.818 11
2051.920 10
2052.023 9
2052.126 9
2052.228 9
2052.331 8
2052.434 5
2052.537 5
2052.639 5
2052.742 7
2052.845 7
2052.947 7
2053.050 10
2053.153 9
2053.255 10
2053.358 14
2053.461 11
2053.564 5
2053.666 6
2053.769 3
2053.872 3
2053.974 5
2054.077 3
2054.180 2
2054.283 2
2054.385 2
2054.488 2
2054.591 2
2054.694 2
2054.796 0
2054.899 0
2055.002 0
2055.105 1
2055.207 1
2055.310 1
2055.413 1
2055.516 2
2055.618 2
2055.721 5
2055.824 5
2055.927 3
2056.030 3
2056.132 3
2056.235 3
2056.338 4
2056.441 5
2056.544 5
2056.646 6
2056.749 5
2056.852 4
2056.955 2
2057.058 1
2057.160 1
2057.263 2
2057.366 1
2057.469 1
2057.572 1
2057.674 0
2057.777 0
2057.880 0
2057.983 0
2058.086 0
2058.189 0
2058.291 0
2058.394 0
2058.497 3
2058.600 3
2058.703 3
2058.806 6
2058.909 8
2059.011 8
2059.114 8
2059.217 8
2059.320 4
2059.423 4
2059.526 6
2059.629 3
2059.731 6
2059.834 6
2059.937 4
2060.040 4
2060.143 3
2060.246 3
2060.349 3
2060.452 3
2060.555 2
2060.657 3
2060.760 3
2060.863 3
2060.966 2
2061.069 2
2061.172 4
2061.275 4
2061.378 4
2061.481 5
2061.584 4
2061.687 4
2061.789 6
2061.892 4
2061.995 5
2062.098 5
2062.201 3
2062.304 5
2062.407 3
2062.510 3
2062.613 2
2062.716 1
2062.819 4
2062.922 5
2063.025 6
2063.128 6
2063.231 7
2063.334 6
2063.437 6
2063.540 6
2063.643 6
2063.746 8
2063.849 12
2063.952 11
2064.055 8
2064.158 8
2064.261 8
2064.364 8
2064.467 9
2064.570 7
2064.673 7
2064.776 8
2064.879 11
2064.982 13
2065.085 15
2065.188 13
2065.291 8
2065.394 8
2065.497 7
2065.600 8
2065.703 10
2065.806 9
2065.909 10
2066.012 11
2066.115 11
2066.218 9
2066.321 10
2066.424 9
2066.527 9
2066.630 10
2066.733 12
2066.836 13
2066.939 11
2067.042 10
2067.145 5
2067.248 3
2067.351 5
2067.455 5
2067.558 5
2067.661 5
2067.764 6
2067.867 6
2067.970 7
2068.073 7
2068.176 7
2068.279 6
2068.382 6
2068.485 7
2068.588 7
2068.692 8
2068.795 9
2068.898 7
2069.001 6
2069.104 5
2069.207 3
2069.310 5
2069.413 6
2069.517 7
2069.620 9
2069.723 10
2069.826 11
2069.929 12
2070.032 11
2070.135 9
2070.238 11
2070.342 10
2070.445 10
2070.548 10
2070.651 8
2070.754 8
2070.857 6
2070.961 5
2071.064 3
2071.167 3
2071.270 1
2071.373 1
2071.476 2
2071.580 3
2071.683 3
2071.786 5
2071.889 5
2071.992 4
2072.095 4
2072.199 3
2072.302 2
2072.405 1
2072.508 1
2072.611 2
2072.715 2
2072.818 3
2072.921 4
2073.024 7
2073.127 11
2073.231 11
2073.334 12
2073.437 9
2073.540 8
2073.644 8
2073.747 7
2073.850 7
2073.953 9
2074.057 10
2074.160 12
2074.263 14
2074.366 14
2074.470 15
2074.573 17
2074.676 15
2074.779 15
2074.883 15
2074.986 13
2075.089 12
2075.192 11
2075.296 8
2075.399 7
2075.502 7
2075.605 5
2075.709 2
2075.812 2
2075.915 2
2076.019 1
2076.122 1
2076.225 0
2076.328 0
2076.432 0
2076.535 0
2076.638 1
2076.742 1
2076.845 2
2076.948 4
2077.052 4
2077.155 5
2077.258 6
2077.362 5
2077.465 6
2077.568 4
2077.672 8
2077.775 10
2077.878 12
2077.982 13
2078.085 16
2078.188 15
2078.292 13
2078.395 11
2078.498 9
2078.602 9
2078.705 5
2078.808 5
2078.912 4
2079.015 4
2079.118 1
2079.222 1
2079.325 2
2079.429 2
2079.532 1
2079.635 2
2079.739 1
2079.842 1
2079.946 4
2080.049 5
2080.152 8
2080.256 8
2080.359 7
2080.463 5
2080.566 3
2080.669 3
2080.773 2
2080.876 2
2080.980 3
2081.083 3
2081.186 3
2081.290 4
2081.393 7
2081.497 6
2081.600 7
2081.704 5
2081.807 3
2081.910 4
2082.014 3
2082.117 4
2082.221 6
2082.324 5
2082.428 8
2082.531 6
2082.635 3
2082.738 2
2082.841 1
2082.945 1
2083.048 3
2083.152 3
2083.255 2
2083.359 4
2083.462 3
2083.566 5
2083.669 5
2083.773 4
2083.876 3
2083.980 1
2084.083 5
2084.187 5
2084.290 9
2084.394 11
2084.497 10
2084.601 9
2084.704 7
2084.808 8
2084.911 6
2085.015 10
2085.118 9
2085.222 8
2085.325 7
2085.429 4
2085.532 5
2085.636 4
2085.739 4
2085.843 4
2085.947 5
2086.050 4
2086.154 7
2086.257 7
2086.361 7
2086.464 7
2086.568 8
2086.671 10
2086.775 5
2086.879 3
2086.982 1
2087.086 0
2087.189 0
2087.293 0
2087.396 0
2087.500 1
2087.604 2
2087.707 2
2087.811 3
2087.914 2
2088.018 1
2088.122 2
2088.225 2
2088.329 3
2088.432 6
2088.536 5
2088.640 4
2088.743 4
2088.847 1
2088.950 1
2089.054 1
2089.158 4
2089.261 4
2089.365 7
2089.469 7
2089.572 4
2089.676 10
2089.779 9
2089.883 9
2089.987 8
2090.090 6
2090.194 5
2090.298 9
2090.401 10
2090.505 12
2090.609 12
2090.712 8
2090.816 7
2090.920 4
2091.023 5
2091.127 4
2091.231 3
2091.334 3
2091.438 3
2091.542 6
2091.645 6
2091.749 8
2091.853 8
2091.956 8
2092.060 8
2092.164 8
2092.268 5
2092.371 2
2092.475 2
2092.579 0
2092.682 0
2092.786 1
2092.890 2
2092.994 3
2093.097 4
2093.201 5
2093.305 8
2093.408 8
2093.512 5
2093.616 7
2093.720 4
2093.823 4
2093.927 3
2094.031 8
2094.135 7
2094.238 6
2094.342 5
2094.446 5
2094.550 7
2094.653 8
2094.757 8
2094.861 4
2094.965 2
2095.068 1
2095.172 1
2095.276 0
2095.380 0
2095.484 2
2095.587 2
2095.691 5
2095.795 5
2095.899 6
2096.003 6
2096.106 3
2096.210 4
2096.314 6
2096.418 6
2096.522 7
2096.625 6
2096.729 2
2096.833 2
2096.937 2
2097.041 2
2097.144 1
2097.248 1
2097.352 0
2097.456 1
2097.560 4
2097.664 6
2097.767 7
2097.871 7
2097.975 7
2098.079 6
2098.183 7
2098.287 7
2098.391 6
2098.494 6
2098.598 6
2098.702 5
2098.806 3
2098.910 4
2099.014 4
2099.118 4
2099.221 4
2099.325 3
2099.429 2
2099.533 3
2099.637 6
2099.741 5
2099.845 7
2099.949 7
2100.053 6
2100.156 7
2100.260 5
2100.364 6
2100.468 6
2100.572 10
2100.676 10
2100.780 11
2100.884 11
2100.988 8
2101.092 10
2101.196 8
2101.300 8
2101.403 10
2101.507 8
2101.611 7
2101.715 8
2101.819 7
2101.923 4
2102.027 3
2102.131 3
2102.235 3
2102.339 7
2102.443 8
2102.547 7
2102.651 6
2102.755 4
2102.859 5
2102.963 5
2103.067 5
2103.171 6
2103.275 4
2103.379 4
2103.483 4
2103.587 6
2103.691 5
2103.795 4
2103.899 3
2104.003 1
2104.107 0
2104.211 0
2104.315 1
2104.419 4
2104.523 4
2104.627 7
2104.731 6
2104.835 8
2104.939 8
2105.043 6
2105.147 6
2105.251 2
2105.355 2
2105.459 2
2105.563 2
2105.667 1
2105.771 4
2105.875 3
2105.979 5
2106.083 6
2106.187 9
2106.291 11
2106.395 9
2106.499 10
2106.603 7
2106.707 4
2106.812 3
2106.916 4
2107.020 4
2107.124 4
2107.228 4
2107.332 3
2107.436 3
2107.540 3
2107.644 3
2107.748 2
2107.852 5
2107.956 6
2108.061 7
2108.165 5
2108.269 3
2108.373 2
2108.477 1
2108.581 1
2108.685 3
2108.789 3
2108.893 3
2108.998 6
2109.102 3
2109.206 3
2109.310 4
2109.414 4
2109.518 5
2109.622 7
2109.727 7
2109.831 8
2109.935 9
2110.039 10
2110.143 10
2110.247 10
2110.351 8
2110.456 5
2110.560 6
2110.664 5
2110.768 5
2110.872 5
2110.976 3
2111.081 2
2111.185 3
2111.289 6
2111.393 6
2111.497 5
2111.602 4
2111.706 1
2111.810 3
2111.914 4
2112.018 6
2112.123 9
2112.227 7
2112.331 5
2112.435 4
2112.539 2
2112.644 2
2112.748 2
2112.852 2
2112.956 6
2113.060 7
2113.165 8
2113.269 9
2113.373 6
2113.477 6
2113.582 5
2113.686 5
2113.790 4
2113.894 4
2113.999 7
2114.103 6
2114.207 6
2114.311 6
2114.416 6
2114.520 6
2114.624 8
2114.728 10
2114.833 11
2114.937 15
2115.041 15
2115.146 18
2115.250 14
2115.354 10
2115.458 9
2115.563 6
2115.667 7
2115.771 4
2115.876 6
2115.980 6
2116.084 3
2116.188 3
2116.293 1
2116.397 0
2116.501 3
2116.606 3
2116.710 3
2116.814 3
2116.919 4
2117.023 7
2117.127 8
2117.232 8
2117.336 6
2117.440 4
2117.545 6
2117.649 6
2117.753 5
2117.858 4
2117.962 4
2118.066 4
2118.171 3
2118.275 3
2118.379 1
2118.484 2
2118.588 2
2118.693 3
2118.797 3
2118.901 2
2119.006 2
2119.110 1
2119.214 0
2119.319 0
2119.423 1
2119.528 1
2119.632 2
2119.736 3
2119.841 6
2119.945 7
2120.050 10
2120.154 9
2120.258 6
2120.363 8
2120.467 6
2120.572 7
2120.676 9
2120.780 7
2120.885 7
2120.989 8
2121.094 7
2121.198 6
2121.303 5
2121.407 3
2121.511 1
2121.616 1
2121.720 1
2121.825 3
2121.929 6
2122.034 6
2122.138 8
2122.243 6
2122.347 4
2122.452 5
2122.556 8
2122.660 8
2122.765 11
2122.869 14
2122.974 9
2123.078 9
2123.183 8
2123.287 6
2123.392 5
2123.496 5
2123.601 2
2123.705 0
2123.810 0
2123.914 0
2124.019 0
2124.123 2
2124.228 4
2124.332 4
2124.437 6
2124.541 4
2124.646 2
2124.750 3
2124.855 2
2124.959 3
2125.064 5
2125.168 5
2125.273 8
2125.378 10
2125.482 13
2125.587 15
2125.691 20
2125.796 19
2125.900 14
2126.005 13
2126.109 9
2126.214 8
2126.318 5
2126.423 5
2126.528 3
2126.632 3
2126.737 7
2126.841 7
2126.946 7
2127.050 8
2127.155 14
2127.260 13
2127.364 11
2127.469 10
2127.573 6
2127.678 7
2127.783 7
2127.887 7
2127.992 3
2128.096 3
2128.201 3
2128.306 3
2128.410 2
2128.515 1
2128.619 1
2128.724 1
2128.829 1
2128.933 1
2129.038 1
2129.143 1
2129.247 0
2129.352 1
2129.456 1
2129.561 1
2129.666 1
2129.770 2
2129.875 2
2129.980 3
2130.084 4
2130.189 4
2130.294 5
2130.398 4
2130.503 3
2130.608 1
2130.712 0
2130.817 0
2130.922 0
2131.026 0
2131.131 0
2131.236 0
2131.340 0
2131.445 0
2131.550 2
2131.654 2
2131.759 3
2131.864 3
2131.969 3
2132.073 3
2132.178 5
2132.283 5
2132.387 6
2132.492 7
2132.597 5
2132.702 6
2132.806 6
2132.911 6
2133.016 8
2133.120 8
2133.225 10
2133.330 9
2133.435 7
2133.539 8
2133.644 10
2133.749 9
2133.854 7
2133.958 4
2134.063 4
2134.168 4
2134.273 5
2134.377 5
2134.482 1
2134.587 1
2134.692 0
2134.796 0
2134.901 0
2135.006 0
2135.111 0
2135.216 0
2135.320 1
2135.425 1
2135.530 1
2135.635 1
2135.740 2
2135.844 2
2135.949 2
2136.054 3
2136.159 1
2136.264 1
2136.368 2
2136.473 1
2136.578 1
2136.683 1
2136.788 0
2136.892 0
2136.997 2
2137.102 2
2137.207 2
2137.312 2
2137.417 1
2137.521 1
2137.626 4
2137.731 4
2137.836 3
2137.941 5
2138.046 2
2138.151 3
2138.255 3
2138.360 1
2138.465 2
2138.570 2
2138.675 6
2138.780 7
2138.885 9
2138.989 9
2139.094 6
2139.199 3
2139.304 2
2139.409 2
2139.514 2
2139.619 2
2139.724 1
2139.829 2
2139.933 2
2140.038 1
2140.143 2
2140.248 1
2140.353 3
2140.458 3
2140.563 3
2140.668 3
2140.773 3
2140.878 3
2140.983 5
2141.088 6
2141.192 8
2141.297 9
2141.402 11
2141.507 13
2141.612 9
2141.717 9
2141.822 8
2141.927 6
2142.032 7
2142.137 8
2142.242 5
2142.347 5
2142.452 7
2142.557 5
2142.662 5
2142.767 5
2142.872 5
2142.977 2
2143.082 2
2143.187 2
2143.292 2
2143.397 4
2143.502 5
2143.607 6
2143.712 5
2143.817 4
2143.922 4
2144.027 4
2144.132 5
2144.237 5
2144.342 5
2144.447 5
2144.552 6
2144.657 5
2144.762 4
2144.867 3
2144.972 2
2145.077 2
2145.182 2
2145.287 4
2145.392 2
2145.497 2
2145.602 2
2145.707 0
2145.812 0
2145.917 1
2146.022 3
2146.127 6
2146.232 8
2146.337 8
2146.442 10
2146.547 8
2146.653 5
2146.758 5
2146.863 2
2146.968 2
2147.073 1
2147.178 1
2147.283 1
2147.388 1
2147.493 1
2147.598 1
2147.703 1
2147.808 1
2147.914 2
2148.019 3
2148.124 3
2148.229 3
2148.334 2
2148.439 1
2148.544 1
2148.649 1
2148.754 0
2148.860 0
2148.965 0
2149.070 0
2149.175 2
2149.280 4
2149.385 4
2149.490 5
2149.596 5
2149.701 5
2149.806 8
2149.911 7
2150.016 7
2150.121 7
2150.226 4
2150.332 4
2150.437 2
2150.542 2
2150.647 4
2150.752 6
2150.857 6
2150.963 5
2151.068 5
2151.173 5
2151.278 5
2151.383 4
2151.489 5
2151.594 3
2151.699 3
2151.804 3
2151.909 1
2152.015 3
2152.120 4
2152.225 5
2152.330 5
2152.435 4
2152.541 6
2152.646 6
2152.751 6
2152.856 6
2152.961 3
2153.067 5
2153.172 5
2153.277 5
2153.382 2
2153.488 2
2153.593 5
2153.698 7
2153.803 9
2153.909 13
2154.014 15
2154.119 13
2154.224 11
2154.330 6
2154.435 2
2154.540 2
2154.645 5
2154.751 4
2154.856 6
2154.961 7
2155.067 6
2155.172 6
2155.277 3
2155.382 6
2155.488 4
2155.593 3
2155.698 3
2155.804 3
2155.909 5
2156.014 6
2156.119 6
2156.225 5
2156.330 2
2156.435 1
2156.541 0
2156.646 0
2156.751 0
2156.857 0
2156.962 0
2157.067 0
2157.173 3
2157.278 3
2157.383 3
2157.489 3
2157.594 0
2157.699 0
2157.805 0
2157.910 0
2158.015 3
2158.121 4
2158.226 4
2158.331 4
2158.437 1
2158.542 0
2158.648 0
2158.753 0
2158.858 1
2158.964 1
2159.069 1
2159.174 1
2159.280 1
2159.385 1
2159.491 1
2159.596 1
2159.701 0
2159.807 0
2159.912 2
2160.018 3
2160.123 4
2160.228 4
2160.334 2
2160.439 1
2160.545 2
2160.650 3
2160.755 6
2160.861 7
2160.966 10
2161.072 11
2161.177 9
2161.283 9
2161.388 9
2161.493 11
2161.599 14
2161.704 16
2161.810 12
2161.915 12
2162.021 11
2162.126 10
2162.232 10
2162.337 11
2162.443 12
2162.548 8
2162.653 9
2162.759 6
2162.864 3
2162.970 2
2163.075 3
2163.181 5
2163.286 5
2163.392 5
2163.497 3
2163.603 1
2163.708 3
2163.814 5
2163.919 6
2164.025 7
2164.130 5
2164.236 3
2164.341 6
2164.447 5
2164.552 5
2164.658 5
2164.763 8
2164.869 6
2164.974 5
2165.080 4
2165.185 0
2165.291 1
2165.397 2
2165.502 3
2165.608 5
2165.713 4
2165.819 3
2165.924 2
2166.030 1
2166.135 1
2166.241 1
2166.346 1
2166.452 0
2166.558 0
2166.663 1
2166.769 2
2166.874 3
2166.980 4
2167.085 3
2167.191 2
2167.297 1
2167.402 1
2167.508 1
2167.613 1
2167.719 1
2167.825 0
2167.930 1
2168.036 1
2168.141 4
2168.247 4
2168.353 6
2168.458 6
2168.564 6
2168.669 6
2168.775 8
2168.881 8
2168.986 7
2169.092 8
2169.198 7
2169.303 7
2169.409 5
2169.514 9
2169.620 6
2169.726 10
2169.831 11
2169.937 12
2170.043 15
2170.148 15
2170.254 15
2170.360 11
2170.465 10
2170.571 7
2170.677 6
2170.782 5
2170.888 4
2170.994 4
2171.099 3
2171.205 3
2171.311 5
2171.416 5
2171.522 4
2171.628 4
2171.733 4
2171.839 4
2171.945 5
2172.051 8
2172.156 8
2172.262 12
2172.368 17
2172.473 17
2172.579 17
2172.685 16
2172.791 12
2172.896 12
2173.002 10
2173.108 10
2173.213 10
2173.319 14
2173.425 13
2173.531 13
2173.636 12
2173.742 9
2173.848 12
2173.954 12
2174.059 10
2174.165 12
2174.271 15
2174.377 16
2174.482 18
2174.588 15
2174.694 11
2174.800 10
2174.905 7
2175.011 4
2175.117 4
2175.223 5
2175.329 5
2175.434 11
2175.540 8
2175.646 6
2175.752 5
2175.858 1
2175.963 1
2176.069 1
2176.175 1
2176.281 1
2176.387 0
2176.492 3
2176.598 4
2176.704 6
2176.810 7
2176.916 10
2177.021 11
2177.127 9
2177.233 8
2177.339 6
2177.445 6
2177.551 5
2177.656 7
2177.762 6
2177.868 4
2177.974 4
2178.080 2
2178.186 2
2178.292 1
2178.397 1
2178.503 0
2178.609 0
2178.715 0
2178.821 0
2178.927 0
2179.033 0
2179.139 0
2179.244 0
2179.350 3
2179.456 5
2179.562 5
2179.668 5
2179.774 2
2179.880 0
2179.986 0
2180.092 2
2180.197 2
2180.303 2
2180.409 4
2180.515 4
2180.621 5
2180.727 6
2180.833 13
2180.939 14
2181.045 15
2181.151 16
2181.257 15
2181.363 11
2181.468 8
2181.574 6
2181.680 2
2181.786 2
2181.892 2
2181.998 1
2182.104 6
2182.210 6
2182.316 6
2182.422 6
2182.528 3
2182.634 5
2182.740 8
2182.846 10
2182.952 10
2183.058 11
2183.164 13
2183.270 13
2183.376 12
2183.482 14
2183.588 10
2183.694 9
2183.800 8
2183.906 6
2184.012 8
2184.118 9
2184.224 10
2184.330 7
2184.436 9
2184.542 9
2184.648 7
2184.754 7
2184.860 4
2184.966 4
2185.072 4
2185.178 5
2185.284 6
2185.390 7
2185.496 9
2185.602 9
2185.708 14
2185.814 17
2185.920 17
2186.026 20
2186.132 16
2186.238 13
2186.344 10
2186.450 5
2186.556 4
2186.663 4
2186.769 4
2186.875 5
2186.981 6
2187.087 6
2187.193 9
2187.299 6
2187.405 5
2187.511 5
2187.617 5
2187.723 6
2187.829 6
2187.935 7
2188.042 4
2188.148 3
2188.254 4
2188.360 3
2188.466 4
2188.572 3
2188.678 4
2188.784 5
2188.890 6
2188.997 6
2189.103 8
2189.209 8
2189.315 5
2189.421 5
2189.527 3
2189.633 3
2189.740 1
2189.846 1
2189.952 0
2190.058 0
2190.164 0
2190.270 1
2190.376 1
2190.483 1
2190.589 1
2190.695 1
2190.801 1
2190.907 2
2191.013 3
2191.120 3
2191.226 5
2191.332 5
2191.438 5
2191.544 6
2191.650 10
2191.757 9
2191.863 11
2191.969 11
2192.075 11
2192.181 12
2192.288 9
2192.394 8
2192.500 10
2192.606 9
2192.712 9
2192.819 8
2192.925 5
2193.031 6
2193.137 6
2193.244 7
2193.350 5
2193.456 4
2193.562 5
2193.669 4
2193.775 1
2193.881 1
2193.987 3
2194.093 3
2194.200 3
2194.306 3
2194.412 4
2194.519 6
2194.625 5
2194.731 4
2194.837 3
2194.944 0
2195.050 1
2195.156 3
2195.262 5
2195.369 6
2195.475 7
2195.581 6
2195.688 7
2195.794 9
2195.900 10
2196.006 10
2196.113 10
2196.219 7
2196.325 4
2196.432 3
2196.538 3
2196.644 3
2196.751 3
2196.857 5
2196.963 5
2197.069 8
2197.176 12
2197.282 16
2197.388 22
2197.495 25
2197.601 24
2197.707 20
2197.814 14
2197.920 10
2198.027 3
2198.133 3
2198.239 2
2198.346 2
2198.452 0
2198.558 0
2198.665 1
2198.771 1
2198.877 1
2198.984 1
2199.090 0
2199.196 0
2199.303 0
2199.409 0
2199.516 0
2199.622 1
2199.728 1
2199.835 3
2199.941 3
2200.048 3
2200.154 4
2200.260 2
2200.367 2
2200.473 1
2200.580 3
2200.686 3
2200.792 4
2200.899 5
2201.005 4
2201.112 5
2201.218 6
2201.324 5
2201.431 6
2201.537 6
2201.644 6
2201.750 7
2201.857 11
2201.963 11
2202.070 11
2202.176 13
2202.282 10
2202.389 11
2202.495 13
2202.602 11
2202.708 9
2202.815 9
2202.921 8
2203.028 8
2203.134 10
2203.241 9
2203.347 6
2203.454 7
2203.560 6
2203.667 6
2203.773 9
2203.880 8
2203.986 10
2204.092 10
2204.199 7
2204.305 7
2204.412 3
2204.518 6
2204.625 3
2204.732 5
2204.838 6
2204.945 9
2205.051 12
2205.158 9
2205.264 8
2205.371 7
2205.477 10
2205.584 14
2205.690 14
2205.797 14
2205.903 16
2206.010 13
2206.116 16
2206.223 14
2206.329 16
2206.436 14
2206.543 9
2206.649 7
2206.756 4
2206.862 5
2206.969 4
2207.075 4
2207.182 2
2207.289 1
2207.395 3
2207.502 4
2207.608 5
2207.715 5
2207.821 4
2207.928 4
2208.035 2
2208.141 2
2208.248 2
2208.354 2
2208.461 0
2208.568 0
2208.674 0
2208.781 1
2208.887 1
2208.994 1
2209.101 1
2209.207 0
2209.314 0
2209.421 1
2209.527 1
2209.634 1
2209.740 1
2209.847 2
2209.954 2
2210.060 4
2210.167 4
2210.274 2
2210.380 2
2210.487 0
2210.594 0
2210.700 3
2210.807 4
2210.914 4
2211.020 4
2211.127 1
2211.234 0
2211.340 0
2211.447 0
2211.554 1
2211.660 1
2211.767 1
2211.874 1
2211.980 0
2212.087 1
2212.194 1
2212.300 2
2212.407 2
2212.514 2
2212.621 2
2212.727 1
2212.834 2
2212.941 3
2213.047 4
2213.154 5
2213.261 5
2213.368 3
2213.474 2
2213.581 3
2213.688 2
2213.794 3
2213.901 3
2214.008 2
2214.115 2
2214.221 1
2214.328 1
2214.435 1
2214.542 1
2214.648 1
2214.755 1
2214.862 1
2214.969 1
2215.076 1
2215.182 1
2215.289 1
2215.396 1
2215.503 2
2215.609 3
2215.716 5
2215.823 6
2215.930 6
2216.037 6
2216.143 8
2216.250 8
2216.357 9
2216.464 9
2216.570 8
2216.677 8
2216.784 8
2216.891 8
2216.998 8
2217.105 8
2217.211 6
2217.318 6
2217.425 6
2217.532 6
2217.639 3
2217.745 3
2217.852 1
2217.959 1
2218.066 1
2218.173 1
2218.280 0
2218.387 0
2218.493 0
2218.600 0
2218.707 3
2218.814 3
2218.921 4
2219.028 4
2219.135 5
2219.241 5
2219.348 4
2219.455 5
2219.562 2
2219.669 2
2219.776 2
2219.883 3
2219.990 4
2220.096 5
2220.203 5
2220.310 3
2220.417 3
2220.524 2
2220.631 2
2220.738 2
2220.845 1
2220.952 1
2221.059 3
2221.165 3
2221.272 4
2221.379 4
2221.486 5
2221.593 5
2221.700 5
2221.807 5
2221.914 5
2222.021 5
2222.128 3
2222.235 5
2222.342 6
2222.449 6
2222.556 7
2222.663 5
2222.769 3
2222.876 3
2222.983 4
2223.090 5
2223.197 3
2223.304 5
2223.411 3
2223.518 2
2223.625 2
2223.732 2
2223.839 4
2223.946 6
2224.053 8
2224.160 7
2224.267 6
2224.374 6
2224.481 7
2224.588 6
2224.695 5
2224.802 5
2224.909 7
2225.016 7
2225.123 7
2225.230 5
2225.337 5
2225.444 5
2225.551 5
2225.658 5
2225.765 0
2225.872 0
2225.979 2
2226.086 2
2226.193 2
2226.300 2
2226.408 3
2226.515 4
2226.622 4
2226.729 6
2226.836 7
2226.943 7
2227.050 8
2227.157 7
2227.264 11
2227.371 11
2227.478 9
2227.585 9
2227.692 10
2227.799 9
2227.906 6
2228.013 5
2228.121 0
2228.228 0
2228.335 0
2228.442 0
2228.549 0
2228.656 0
2228.763 0
2228.870 0
2228.977 0
2229.084 0
2229.192 0
2229.299 0
2229.406 0
2229.513 0
2229.620 0
2229.727 0
2229.834 0
2229.941 5
2230.049 7
2230.156 10
2230.263 16
2230.370 16
2230.477 17
2230.584 16
2230.691 15
2230.799 13
2230.906 10
2231.013 9
2231.120 6
2231.227 8
2231.334 11
2231.442 9
2231.549 6
2231.656 4
2231.763 3
2231.870 4
2231.977 5
2232.085 6
2232.192 8
2232.299 6
2232.406 4
2232.513 2
2232.621 1
2232.728 1
2232.835 1
2232.942 1
2233.049 1
2233.157 1
2233.264 3
2233.371 3
2233.478 2
2233.585 2
2233.693 2
2233.800 2
2233.907 3
2234.014 4
2234.122 2
2234.229 4
2234.336 7
2234.443 7
2234.551 9
2234.658 8
2234.765 5
2234.872 5
2234.980 5
2235.087 5
2235.194 5
2235.301 5
2235.409 6
2235.516 5
2235.623 4
2235.730 3
2235.838 1
2235.945 1
2236.052 2
2236.159 2
2236.267 2
2236.374 3
2236.481 2
2236.589 2
2236.696 4
2236.803 3
2236.911 3
2237.018 7
2237.125 6
2237.232 8
2237.340 8
2237.447 4
2237.554 3
2237.662 2
2237.769 4
2237.876 4
2237.984 3
2238.091 3
2238.198 3
2238.306 3
2238.413 3
2238.520 2
2238.628 0
2238.735 1
2238.842 3
2238.950 4
2239.057 9
2239.164 9
2239.272 8
2239.379 8
2239.487 5
2239.594 4
2239.701 6
2239.809 6
2239.916 6
2240.023 8
2240.131 11
2240.238 13
2240.346 12
2240.453 11
2240.560 11
2240.668 10
2240.775 10
2240.883 10
2240.990 7
2241.097 9
2241.205 9
2241.312 10
2241.420 8
2241.527 5
2241.634 6
2241.742 5
2241.849 5
2241.957 7
2242.064 7
2242.172 7
2242.279 4
2242.386 2
2242.494 1
2242.601 1
2242.709 0
2242.816 0
2242.924 0
2243.031 0
2243.139 3
2243.246 5
2243.353 5
2243.461 6
2243.568 4
2243.676 2
2243.783 7
2243.891 6
2243.998 8
2244.106 8
2244.213 5
2244.321 5
2244.428 2
2244.536 3
2244.643 4
2244.751 5
2244.858 7
2244.966 8
2245.073 6
2245.181 6
2245.288 4
2245.396 4
2245.503 4
2245.611 6
2245.718 6
2245.826 7
2245.933 9
2246.041 8
2246.148 9
2246.256 10
2246.363 8
2246.471 7
2246.578 11
2246.686 7
2246.794 7
2246.901 6
2247.009 1
2247.116 2
2247.224 1
2247.331 1
2247.439 2
2247.546 5
2247.654 6
2247.762 7
2247.869 10
2247.977 8
2248.084 7
2248.192 6
2248.299 6
2248.407 3
2248.515 2
2248.622 1
2248.730 0
2248.837 0
2248.945 0
2249.053 0
2249.160 0
2249.268 1
2249.375 3
2249.483 4
2249.591 6
2249.698 6
2249.806 6
2249.913 6
2250.021 6
2250.129 5
2250.236 3
2250.344 2
2250.452 1
2250.559 1
2250.667 1
2250.774 4
2250.882 4
2250.990 5
2251.097 6
2251.205 8
2251.313 6
2251.420 4
2251.528 2
2251.636 0
2251.743 3
2251.851 3
2251.959 3
2252.066 3
2252.174 2
2252.282 3
2252.389 4
2252.497 7
2252.605 7
2252.712 6
2252.820 5
2252.928 3
2253.036 4
2253.143 4
2253.251 4
2253.359 3
2253.466 3
2253.574 3
2253.682 3
2253.789 3
2253.897 2
2254.005 2
2254.113 2
2254.220 2
2254.328 0
2254.436 0
2254.544 0
2254.651 0
2254.759 0
2254.867 0
2254.974 2
2255.082 2
2255.190 3
2255.298 3
2255.405 5
2255.513 6
2255.621 5
2255.729 5
2255.837 2
2255.944 1
2256.052 1
2256.160 3
2256.268 4
2256.375 4
2256.483 4
2256.591 2
2256.699 1
2256.807 2
2256.914 2
2257.022 2
2257.130 1
2257.238 5
2257.346 6
2257.453 8
2257.561 8
2257.669 8
2257.777 11
2257.885 9
2257.992 8
2258.100 7
2258.208 5
2258.316 8
2258.424 6
2258.531 9
2258.639 11
2258.747 10
2258.855 11
2258.963 8
2259.071 8
2259.179 6
2259.286 4
2259.394 4
2259.502 1
2259.610 1
2259.718 1
2259.826 2
2259.934 2
2260.041 2
2260.149 2
2260.257 1
2260.365 3
2260.473 5
2260.581 6
2260.689 7
2260.797 10
2260.904 8
2261.012 8
2261.120 7
2261.228 6
2261.336 6
2261.444 5
2261.552 5
2261.660 2
2261.768 2
2261.876 6
2261.983 6
2262.091 6
2262.199 7
2262.307 3
2262.415 3
2262.523 6
2262.631 5
2262.739 5
2262.847 5
2262.955 3
2263.063 3
2263.171 5
2263.279 5
2263.387 3
2263.495 3
2263.602 3
2263.710 4
2263.818 3
2263.926 3
2264.034 1
2264.142 0
2264.250 0
2264.358 1
2264.466 2
2264.574 3
2264.682 7
2264.790 6
2264.898 6
2265.006 5
2265.114 4
2265.222 4
2265.330 3
2265.438 3
2265.546 0
2265.654 0
2265.762 1
2265.870 1
2265.978 1
2266.086 1
2266.194 3
2266.302 4
2266.410 5
2266.518 7
2266.626 6
2266.734 7
2266.842 9
2266.950 8
2267.058 7
2267.166 6
2267.274 2
2267.382 2
2267.491 2
2267.599 2
2267.707 0
2267.815 1
2267.923 2
2268.031 3
2268.139 5
2268.247 6
2268.355 7
2268.463 9
2268.571 12
2268.679 11
2268.787 10
2268.895 8
2269.003 4
2269.112 3
2269.220 2
2269.328 2
2269.436 2
2269.544 3
2269.652 4
2269.760 4
2269.868 4
2269.976 6
2270.084 4
2270.193 5
2270.301 5
2270.409 4
2270.517 3
2270.625 3
2270.733 6
2270.841 5
2270.949 7
2271.058 6
2271.166 6
2271.274 6
2271.382 3
2271.490 3
2271.598 0
2271.706 0
2271.815 1
2271.923 2
2272.031 4
2272.139 7
2272.247 8
2272.355 9
2272.464 7
2272.572 5
2272.680 3
2272.788 2
2272.896 2
2273.004 1
2273.113 1
2273.221 0
2273.329 2
2273.437 5
2273.545 5
2273.654 6
2273.762 7
2273.870 6
2273.978 7
2274.086 6
2274.195 3
2274.303 2
2274.411 2
2274.519 2
2274.628 3
2274.736 2
2274.844 1
2274.952 1
2275.060 1
2275.169 1
2275.277 1
2275.385 1
2275.493 2
2275.602 5
2275.710 5
2275.818 6
2275.926 6
2276.035 8
2276.143 8
2276.251 6
2276.359 6
2276.468 4
2276.576 3
2276.684 3
2276.793 5
2276.901 6
2277.009 8
2277.117 9
2277.226 12
2277.334 11
2277.442 9
2277.551 8
2277.659 3
2277.767 3
2277.875 3
2277.984 4
2278.092 4
2278.200 4
2278.309 7
2278.417 6
2278.525 5
2278.634 8
2278.742 5
2278.850 5
2278.959 4
2279.067 2
2279.175 4
2279.284 4
2279.392 3
2279.500 2
2279.609 0
2279.717 3
2279.825 6
2279.934 9
2280.042 10
2280.150 8
2280.259 8
2280.367 8
2280.475 9
2280.584 9
2280.692 10
2280.801 6
2280.909 3
2281.017 1
2281.126 0
2281.234 2
2281.342 4
2281.451 6
2281.559 9
2281.668 12
2281.776 13
2281.884 14
2281.993 15
2282.101 12
2282.210 14
2282.318 13
2282.426 7
2282.535 7
2282.643 6
2282.752 6
2282.860 2
2282.969 2
2283.077 0
2283.185 0
2283.294 0
2283.402 0
2283.511 0
2283.619 0
2283.728 1
2283.836 3
2283.944 3
2284.053 3
2284.161 3
2284.270 1
2284.378 1
2284.487 2
2284.595 4
2284.704 4
2284.812 4
2284.921 5
2285.029 7
2285.138 9
2285.246 11
2285.355 15
2285.463 17
2285.571 18
2285.680 17
2285.788 14
2285.897 12
2286.005 11
2286.114 10
2286.222 8
2286.331 7
2286.439 5
2286.548 5
2286.656 4
2286.765 5
2286.874 4
2286.982 4
2287.091 3
2287.199 2
2287.308 2
2287.416 1
2287.525 1
2287.633 0
2287.742 0
2287.850 0
2287.959 0
2288.067 1
2288.176 2
2288.285 5
2288.393 5
2288.502 4
2288.610 3
2288.719 3
2288.827 4
2288.936 4
2289.044 4
2289.153 3
2289.262 2
2289.370 4
2289.479 4
2289.587 2
2289.696 2
2289.805 0
2289.913 1
2290.022 1
2290.130 1
2290.239 1
2290.348 1
2290.456 1
2290.565 2
2290.673 3
2290.782 3
2290.891 4
2290.999 4
2291.108 5
2291.216 6
2291.325 9
2291.434 12
2291.542 12
2291.651 12
2291.760 11
2291.868 7
2291.977 6
2292.086 7
2292.194 6
2292.303 3
2292.411 3
2292.520 2
2292.629 2
2292.737 3
2292.846 4
2292.955 4
2293.063 4
2293.172 4
2293.281 3
2293.389 3
2293.498 5
2293.607 5
2293.716 6
2293.824 6
2293.933 5
2294.042 5
2294.150 6
2294.259 6
2294.368 7
2294.476 6
2294.585 5
2294.694 6
2294.803 5
2294.911 5
2295.020 9
2295.129 8
2295.237 10
2295.346 11
2295.455 13
2295.564 12
2295.672 8
2295.781 6
2295.890 3
2295.999 4
2296.107 6
2296.216 8
2296.325 11
2296.433 13
2296.542 13
2296.651 10
2296.760 7
2296.869 6
2296.977 8
2297.086 8
2297.195 6
2297.304 6
2297.412 7
2297.521 6
2297.630 6
2297.739 5
2297.847 1
2297.956 1
2298.065 0
2298.174 0
2298.283 0
2298.391 0
2298.500 1
2298.609 1
2298.718 4
2298.827 5
2298.935 7
2299.044 8
2299.153 6
2299.262 6
2299.371 4
2299.480 3
2299.588 3
2299.697 5
2299.806 6
2299.915 6
2300.024 5
2300.133 8
2300.241 11
2300.350 11
2300.459 14
2300.568 11
2300.677 11
2300.786 11
2300.895 8
2301.003 5
2301.112 4
2301.221 4
2301.330 7
2301.439 7
2301.548 5
2301.657 6
2301.765 4
2301.874 5
2301.983 5
2302.092 5
2302.201 5
2302.310 4
2302.419 3
2302.528 3
2302.637 3
2302.746 0
2302.854 1
2302.963 3
2303.072 3
2303.181 3
2303.290 3
2303.399 1
2303.508 4
2303.617 5
2303.726 7
2303.835 7
2303.944 7
2304.053 7
2304.162 10
2304.270 13
2304.379 10
2304.488 9
2304.597 10
2304.706 9
2304.815 9
2304.924 9
2305.033 9
2305.142 9
2305.251 12
2305.360 12
2305.469 11
2305.578 10
2305.687 11
2305.796 8
2305.905 11
2306.014 11
2306.123 8
2306.232 8
2306.341 8
2306.450 7
2306.559 4
2306.668 3
2306.777 2
2306.886 3
2306.995 1
2307.104 1
2307.213 2
2307.322 1
2307.431 1
2307.540 1
2307.649 1
2307.758 1
2307.867 1
2307.976 1
2308.085 0
2308.194 0
2308.303 0
2308.412 0
2308.521 0
2308.630 1
2308.739 1
2308.848 2
2308.957 4
2309.066 6
2309.175 14
2309.285 16
2309.394 18
2309.503 18
2309.612 17
2309.721 15
2309.830 13
2309.939 11
2310.048 8
2310.157 8
2310.266 6
2310.375 7
2310.484 10
2310.593 9
2310.703 5
2310.812 4
2310.921 1
2311.030 2
2311.139 2
2311.248 2
2311.357 2
2311.466 2
2311.575 2
2311.685 5
2311.794 7
2311.903 7
2312.012 8
2312.121 7
2312.230 7
2312.339 10
2312.448 7
2312.558 6
2312.667 6
2312.776 5
2312.885 5
2312.994 5
2313.103 8
2313.212 7
2313.322 7
2313.431 7
2313.540 7
2313.649 7
2313.758 8
2313.867 8
2313.977 8
2314.086 11
2314.195 13
2314.304 16
2314.413 20
2314.523 18
2314.632 16
2314.741 14
2314.850 9
2314.959 10
2315.069 11
2315.178 13
2315.287 11
2315.396 11
2315.505 8
2315.615 6
2315.724 4
2315.833 4
2315.942 5
2316.051 3
2316.161 4
2316.270 4
2316.379 7
2316.488 6
2316.598 5
2316.707 5
2316.816 0
2316.925 0
2317.035 3
2317.144 3
2317.253 3
2317.362 3
2317.472 1
2317.581 1
2317.690 1
2317.799 2
2317.909 1
2318.018 1
2318.127 4
2318.236 3
2318.346 4
2318.455 5
2318.564 5
2318.674 6
2318.783 7
2318.892 6
2319.001 4
2319.111 3
2319.220 2
2319.329 2
2319.439 2
2319.548 2
2319.657 1
2319.767 1
2319.876 0
2319.985 2
2320.095 2
2320.204 2
2320.313 3
2320.423 2
2320.532 3
2320.641 4
2320.751 4
2320.860 3
2320.969 2
2321.079 2
2321.188 2
2321.297 2
2321.407 2
2321.516 1
2321.625 4
2321.735 4
2321.844 4
2321.953 6
2322.063 3
2322.172 3
2322.282 3
2322.391 1
2322.500 0
2322.610 0
2322.719 1
2322.828 1
2322.938 3
2323.047 3
2323.157 7
2323.266 9
2323.375 12
2323.485 16
2323.594 16
2323.704 14
2323.813 12
2323.923 8
2324.032 6
2324.141 5
2324.251 1
2324.360 0
2324.470 0
2324.579 0
2324.688 0
2324.798 0
2324.907 2
2325.017 2
2325.126 4
2325.236 5
2325.345 6
2325.455 7
2325.564 6
2325.673 7
2325.783 7
2325.892 8
2326.002 9
2326.111 9
2326.221 10
2326.330 9
2326.440 9
2326.549 9
2326.659 9
2326.768 10
2326.878 8
2326.987 9
2327.097 6
2327.206 4
2327.316 6
2327.425 3
2327.535 3
2327.644 3
2327.754 1
2327.863 1
2327.973 3
2328.082 5
2328.192 5
2328.301 6
2328.411 6
2328.520 6
2328.630 7
2328.739 7
2328.849 5
2328.958 4
2329.068 2
2329.177 2
2329.287 3
2329.397 3
2329.506 5
2329.616 8
2329.725 10
2329.835 13
2329.944 13
2330.054 11
2330.163 9
2330.273 7
2330.383 6
2330.492 5
2330.602 4
2330.711 3
2330.821 1
2330.930 1
2331.040 1
2331.150 4
2331.259 5
2331.369 8
2331.478 8
2331.588 5
2331.698 7
2331.807 3
2331.917 2
2332.026 1
2332.136 0
2332.246 0
2332.355 2
2332.465 2
2332.575 4
2332.684 5
2332.794 3
2332.903 3
2333.013 1
2333.123 0
2333.232 1
2333.342 1
2333.452 1
2333.561 3
2333.671 4
2333.781 4
2333.890 7
2334.000 5
2334.109 3
2334.219 5
2334.329 6
2334.438 8
2334.548 12
2334.658 12
2334.767 14
2334.877 13
2334.987 10
2335.097 8
2335.206 9
2335.316 8
2335.426 9
2335.535 9
2335.645 9
2335.755 11
2335.864 7
2335.974 7
2336.084 8
2336.193 7
2336.303 5
2336.413 5
2336.523 3
2336.632 2
2336.742 3
2336.852 5
2336.962 5
2337.071 9
2337.181 10
2337.291 9
2337.400 8
2337.510 6
2337.620 6
2337.730 5
2337.839 5
2337.949 3
2338.059 2
2338.169 2
2338.278 1
2338.388 1
2338.498 0
2338.608 0
2338.718 0
2338.827 0
2338.937 0
2339.047 0
2339.157 1
2339.266 1
2339.376 1
2339.486 3
2339.596 2
2339.706 2
2339.815 3
2339.925 1
2340.035 1
2340.145 1
2340.255 1
2340.364 1
2340.474 1
2340.584 1
2340.694 0
2340.804 0
2340.913 1
2341.023 1
2341.133 1
2341.243 1
2341.353 0
2341.463 0
2341.572 0
2341.682 0
2341.792 1
2341.902 2
2342.012 3
2342.122 4
2342.232 6
2342.341 6
2342.451 6
2342.561 6
2342.671 2
2342.781 2
2342.891 2
2343.001 2
2343.110 0
2343.220 0
2343.330 1
2343.440 2
2343.550 3
2343.660 4
2343.770 9
2343.880 9
2343.990 9
2344.099 9
2344.209 6
2344.319 7
2344.429 8
2344.539 10
2344.649 9
2344.759 11
2344.869 13
2344.979 14
2345.089 15
2345.199 13
2345.308 9
2345.418 7
2345.528 5
2345.638 5
2345.748 4
2345.858 5
2345.968 3
2346.078 4
2346.188 6
2346.298 7
2346.408 9
2346.518 9
2346.628 7
2346.738 5
2346.848 3
2346.958 2
2347.068 1
2347.178 1
2347.288 0
2347.398 0
2347.508 0
2347.618 1
2347.728 2
2347.838 5
2347.948 7
2348.058 7
2348.168 11
2348.278 9
2348.388 10
2348.498 9
2348.608 5
2348.718 4
2348.828 1
2348.938 1
2349.048 0
2349.158 0
2349.268 0
2349.378 1
2349.488 2
2349.598 3
2349.708 5
2349.818 5
2349.928 7
2350.038 7
2350.148 9
2350.258 8
2350.368 5
2350.478 4
2350.588 1
2350.698 1
2350.808 2
2350.918 2
2351.028 1
2351.138 1
2351.248 2
2351.359 2
2351.469 3
2351.579 3
2351.689 3
2351.799 4
2351.909 6
2352.019 7
2352.129 6
2352.239 6
2352.349 4
2352.459 2
2352.569 2
2352.680 5
2352.790 6
2352.900 4
2353.010 5
2353.120 3
2353.230 2
2353.340 2
2353.450 2
2353.561 3
2353.671 3
2353.781 5
2353.891 4
2354.001 4
2354.111 4
2354.221 3
2354.331 4
2354.442 2
2354.552 2
2354.662 2
2354.772 1
2354.882 1
2354.992 1
2355.103 0
2355.213 3
2355.323 3
2355.433 3
2355.543 3
2355.653 3
2355.764 4
2355.874 4
2355.984 4
2356.094 3
2356.204 5
2356.314 6
2356.425 6
2356.535 6
2356.645 3
2356.755 5
2356.865 6
2356.976 6
2357.086 7
2357.196 6
2357.306 5
2357.417 4
2357.527 6
2357.637 10
2357.747 11
2357.857 13
2357.968 13
2358.078 13
2358.188 13
2358.298 13
2358.409 12
2358.519 10
2358.629 8
2358.739 4
2358.850 1
2358.960 2
2359.070 2
2359.180 2
2359.291 4
2359.401 3
2359.511 3
2359.621 4
2359.732 3
2359.842 3
2359.952 3
2360.063 2
2360.173 1
2360.283 1
2360.393 1
2360.504 1
2360.614 1
2360.724 0
2360.835 2
2360.945 2
2361.055 2
2361.165 2
2361.276 2
2361.386 2
2361.496 2
2361.607 3
2361.717 2
2361.827 4
2361.938 6
2362.048 6
2362.158 6
2362.269 7
2362.379 4
2362.489 4
2362.600 4
2362.710 5
2362.820 4
2362.931 6
2363.041 7
2363.151 7
2363.262 7
2363.372 9
2363.482 9
2363.593 7
2363.703 7
2363.814 10
2363.924 9
2364.034 6
2364.145 5
2364.255 4
2364.365 4
2364.476 2
2364.586 2
2364.697 4
2364.807 4
2364.917 5
2365.028 5
2365.138 2
2365.249 2
2365.359 2
2365.469 2
2365.580 1
2365.690 1
2365.801 1
2365.911 1
2366.022 1
2366.132 1
2366.242 3
2366.353 3
2366.463 3
2366.574 4
2366.684 4
2366.795 4
2366.905 7
2367.015 6
2367.126 3
2367.236 4
2367.347 2
2367.457 3
2367.568 4
2367.678 4
2367.789 8
2367.899 9
2368.010 6
2368.120 6
2368.231 3
2368.341 2
2368.451 4
2368.562 5
2368.672 5
2368.783 6
2368.893 7
2369.004 6
2369.114 5
2369.225 4
2369.335 2
2369.446 2
2369.556 2
2369.667 4
2369.777 4
2369.888 5
2369.998 6
2370.109 5
2370.220 5
2370.330 6
2370.441 5
2370.551 4
2370.662 2
2370.772 0
2370.883 0
2370.993 0
2371.104 2
2371.214 2
2371.325 2
2371.435 2
2371.546 3
2371.657 3
2371.767 3
2371.878 4
2371.988 3
2372.099 3
2372.209 3
2372.320 3
2372.431 6
2372.541 6
2372.652 7
2372.762 7
2372.873 6
2372.983 6
2373.094 5
2373.205 5
2373.315 4
2373.426 4
2373.536 4
2373.647 3
2373.758 1
2373.868 1
2373.979 2
2374.089 3
2374.200 3
2374.311 5
2374.421 4
2374.532 4
2374.643 3
2374.753 2
2374.864 2
2374.974 3
2375.085 5
2375.196 5
2375.306 8
2375.417 6
2375.528 6
2375.638 7
2375.749 5
2375.860 5
2375.970 8
2376.081 5
2376.192 3
2376.302 3
2376.413 2
2376.524 2
2376.634 2
2376.745 2
2376.856 1
2376.966 1
2377.077 1
2377.188 2
2377.298 2
2377.409 2
2377.520 2
2377.631 1
2377.741 1
2377.852 1
2377.963 3
2378.073 2
2378.184 2
2378.295 2
2378.405 2
2378.516 2
2378.627 2
2378.738 5
2378.848 3
2378.959 3
2379.070 3
2379.181 0
2379.291 0
2379.402 0
2379.513 0
2379.624 1
2379.734 1
2379.845 1
2379.956 2
2380.067 1
2380.177 3
2380.288 6
2380.399 7
2380.510 8
2380.620 9
2380.731 6
2380.842 7
2380.953 6
2381.063 5
2381.174 5
2381.285 4
2381.396 4
2381.507 3
2381.617 5
2381.728 5
2381.839 5
2381.950 4
2382.061 2
2382.171 1
2382.282 1
2382.393 1
2382.504 3
2382.615 4
2382.725 6
2382.836 10
2382.947 9
2383.058 8
2383.169 7
2383.280 2
2383.390 3
2383.501 3
2383.612 5
2383.723 3
2383.834 2
2383.945 2
2384.056 0
2384.166 0
2384.277 0
2384.388 1
2384.499 1
2384.610 4
2384.721 4
2384.832 7
2384.942 8
2385.053 8
2385.164 10
2385.275 8
2385.386 8
2385.497 5
2385.608 3
2385.719 1
2385.830 0
2385.940 0
2386.051 0
2386.162 1
2386.273 1
2386.384 3
2386.495 3
2386.606 2
2386.717 2
2386.828 2
2386.939 2
2387.050 2
2387.160 2
2387.271 2
2387.382 2
2387.493 2
2387.604 2
2387.715 1
2387.826 3
2387.937 3
2388.048 3
2388.159 4
2388.270 4
2388.381 4
2388.492 5
2388.603 3
2388.714 1
2388.825 1
2388.936 0
2389.047 0
2389.158 1
2389.269 3
2389.380 3
2389.490 3
2389.601 2
2389.712 6
2389.823 5
2389.934 4
2390.045 3
2390.156 2
2390.267 2
2390.378 2
2390.489 2
2390.600 1
2390.711 1
2390.822 1
2390.933 1
2391.044 1
2391.156 2
2391.267 2
2391.378 4
2391.489 3
2391.600 4
2391.711 7
2391.822 6
2391.933 7
2392.044 8
2392.155 6
2392.266 7
2392.377 8
2392.488 6
2392.599 7
2392.710 7
2392.821 9
2392.932 5
2393.043 4
2393.154 3
2393.265 2
2393.376 2
2393.488 2
2393.599 2
2393.710 0
2393.821 0
2393.932 4
2394.043 4
2394.154 4
2394.265 4
2394.376 9
2394.487 8
2394.598 7
2394.710 6
2394.821 1
2394.932 1
2395.043 1
2395.154 1
2395.265 0
2395.376 0
2395.487 0
2395.598 0
2395.710 0
2395.821 0
2395.932 1
2396.043 1
2396.154 2
2396.265 2
2396.376 3
2396.488 3
2396.599 2
2396.710 2
2396.821 0
2396.932 0
2397.043 0
2397.155 0
2397.266 0
2397.377 1
2397.488 2
2397.599 3
2397.710 4
2397.822 3
2397.933 2
2398.044 1
2398.155 0
2398.266 1
2398.377 1
2398.489 1
2398.600 2
2398.711 2
2398.822 6
2398.933 7
2399.045 7
2399.156 7
2399.267 6
2399.378 5
2399.490 5
2399.601 5
2399.712 4
2399.823 1
2399.934 2
2400.046 3
2400.157 3
2400.268 4
2400.379 6
2400.491 5
2400.602 4
2400.713 3
2400.824 0
2400.936 0
2401.047 2
2401.158 2
2401.269 5
2401.381 5
2401.492 3
2401.603 4
2401.714 1
2401.826 1
2401.937 1
2402.048 0
2402.160 0
2402.271 0
2402.382 2
2402.493 3
2402.605 6
2402.716 6
2402.827 7
2402.939 7
2403.050 5
2403.161 5
2403.272 5
2403.384 4
2403.495 5
2403.606 6
2403.718 6
2403.829 7
2403.940 7
2404.052 7
2404.163 10
2404.274 9
2404.386 6
2404.497 7
2404.608 6
2404.720 9
2404.831 8
2404.942 9
2405.054 10
2405.165 7
2405.276 5
2405.388 2
2405.499 1
2405.611 2
2405.722 3
2405.833 4
2405.945 5
2406.056 6
2406.167 6
2406.279 6
2406.390 4
2406.502 5
2406.613 6
2406.724 6
2406.836 6
2406.947 5
2407.059 5
2407.170 6
2407.281 8
2407.393 9
2407.504 10
2407.616 11
2407.727 9
2407.838 8
2407.950 6
2408.061 4
2408.173 1
2408.284 0
2408.395 0
2408.507 0
2408.618 2
2408.730 2
2408.841 3
2408.953 3
2409.064 5
2409.176 7
2409.287 5
2409.398 4
2409.510 3
2409.621 1
2409.733 3
2409.844 3
2409.956 5
2410.067 4
2410.179 2
2410.290 3
2410.402 2
2410.513 4
2410.625 6
2410.736 7
2410.848 9
2410.959 9
2411.071 7
2411.182 7
2411.294 5
2411.405 5
2411.517 3
2411.628 3
2411.740 1
2411.851 2
2411.963 4
2412.074 4
2412.186 4
2412.297 3
2412.409 1
2412.520 1
2412.632 0
2412.743 3
2412.855 3
2412.966 3
2413.078 3
2413.189 0
2413.301 0
2413.412 0
2413.524 2
2413.636 2
2413.747 5
2413.859 7
2413.970 9
2414.082 12
2414.193 13
2414.305 15
2414.417 11
2414.528 9
2414.640 6
2414.751 5
2414.863 6
2414.974 6
2415.086 7
2415.198 8
2415.309 6
2415.421 6
2415.532 6
2415.644 7
2415.756 7
2415.867 7
2415.979 8
2416.090 5
2416.202 5
2416.314 5
2416.425 3
2416.537 3
2416.648 1
2416.760 1
2416.872 1
2416.983 0
2417.095 0
2417.207 3
2417.318 3
2417.430 3
2417.542 3
2417.653 0
2417.765 0
2417.877 1
2417.988 3
2418.100 3
2418.211 3
2418.323 2
2418.435 4
2418.546 4
2418.658 4
2418.770 4
2418.882 2
2418.993 2
2419.105 2
2419.217 4
2419.328 4
2419.440 5
2419.552 6
2419.663 7
2419.775 6
2419.887 6
2419.998 8
2420.110 6
2420.222 8
2420.334 8
2420.445 7
2420.557 7
2420.669 5
2420.780 4
2420.892 2
2421.004 1
2421.116 0
2421.227 2
2421.339 2
2421.451 2
2421.563 2
2421.674 0
2421.786 0
2421.898 0
2422.010 0
2422.121 1
2422.233 2
2422.345 2
2422.457 2
2422.568 1
2422.680 0
2422.792 0
2422.904 1
2423.015 1
2423.127 1
2423.239 1
2423.351 0
2423.463 0
2423.574 0
2423.686 0
2423.798 3
2423.910 4
2424.021 5
2424.133 6
2424.245 6
2424.357 5
2424.469 4
2424.580 3
2424.692 1
2424.804 1
2424.916 1
2425.028 1
2425.140 2
2425.251 2
2425.363 2
2425.475 2
2425.587 0
2425.699 3
2425.811 3
2425.922 3
2426.034 3
2426.146 1
2426.258 2
2426.370 2
2426.482 2
2426.594 1
2426.705 1
2426.817 2
2426.929 2
2427.041 3
2427.153 2
2427.265 2
2427.377 3
2427.488 2
2427.600 2
2427.712 1
2427.824 0
2427.936 0
2428.048 2
2428.160 2
2428.272 3
2428.384 3
2428.496 4
2428.607 4
2428.719 6
2428.831 6
2428.943 3
2429.055 4
2429.167 1
2429.279 1
2429.391 1
2429.503 2
2429.615 4
2429.727 5
2429.839 5
2429.950 9
2430.062 6
2430.174 4
2430.286 3
2430.398 0
2430.510 0
2430.622 0
2430.734 0
2430.846 0
2430.958 1
2431.070 1
2431.182 1
2431.294 1
2431.406 3
2431.518 3
2431.630 5
2431.742 8
2431.854 6
2431.966 6
2432.078 4
2432.190 3
2432.302 6
2432.414 8
2432.526 8
2432.638 6
2432.750 2
2432.862 0
2432.974 0
2433.086 0
2433.198 0
2433.310 0
2433.422 0
2433.534 0
2433.646 1
2433.758 2
2433.870 3
2433.982 4
2434.094 6
2434.206 5
2434.318 5
2434.430 8
2434.542 7
2434.654 9
2434.766 11
2434.878 7
2434.990 8
2435.102 6
2435.215 4
2435.327 4
2435.439 8
2435.551 7
2435.663 7
2435.775 6
2435.887 2
2435.999 2
2436.111 0
2436.223 0
2436.335 0
2436.447 1
2436.559 1
2436.672 1
2436.784 2
2436.896 1
2437.008 4
2437.120 4
2437.232 4
2437.344 4
2437.456 4
2437.568 4
2437.681 3
2437.793 6
2437.905 8
2438.017 9
2438.129 11
2438.241 9
2438.353 5
2438.465 5
2438.578 4
2438.690 4
2438.802 4
2438.914 4
2439.026 2
2439.138 2
2439.250 2
2439.363 2
2439.475 2
2439.587 2
2439.699 3
2439.811 3
2439.923 1
2440.036 1
2440.148 5
2440.260 5
2440.372 6
2440.484 9
2440.597 4
2440.709 4
2440.821 7
2440.933 3
2441.045 3
2441.158 2
2441.270 1
2441.382 1
2441.494 0
2441.606 0
2441.719 1
2441.831 1
2441.943 2
2442.055 2
2442.167 1
2442.280 1
2442.392 3
2442.504 3
2442.616 3
2442.729 4
2442.841 1
2442.953 1
2443.065 2
2443.178 3
2443.290 3
2443.402 3
2443.514 2
2443.627 0
2443.739 0
2443.851 1
2443.963 1
2444.076 1
2444.188 1
2444.300 0
2444.412 0
2444.525 0
2444.637 3
2444.749 3
2444.862 3
2444.974 4
2445.086 5
2445.199 7
2445.311 7
2445.423 8
2445.535 5
2445.648 6
2445.760 6
2445.872 4
2445.985 4
2446.097 1
2446.209 1
2446.322 1
2446.434 1
2446.546 2
2446.659 3
2446.771 3
2446.883 3
2446.996 2
2447.108 1
2447.220 1
2447.333 3
2447.445 4
2447.557 7
2447.670 8
2447.782 12
2447.894 11
2448.007 8
2448.119 8
2448.231 5
2448.344 6
2448.456 8
2448.569 9
2448.681 9
2448.793 9
2448.906 9
2449.018 9
2449.131 7
2449.243 8
2449.355 4
2449.468 3
2449.580 2
2449.692 1
2449.805 4
2449.917 4
2450.030 4
2450.142 4
2450.255 2
2450.367 2
2450.479 3
2450.592 3
2450.704 3
2450.817 3
2450.929 2
2451.042 5
2451.154 6
2451.266 6
2451.379 7
2451.491 4
2451.604 2
2451.716 4
2451.829 3
2451.941 3
2452.054 2
2452.166 2
2452.278 2
2452.391 2
2452.503 4
2452.616 4
2452.728 4
2452.841 4
2452.953 2
2453.066 0
2453.178 0
2453.291 0
2453.403 0
2453.516 0
2453.628 0
2453.741 0
2453.853 1
2453.966 1
2454.078 1
2454.191 1
2454.303 0
2454.416 0
2454.528 2
2454.641 2
2454.753 2
2454.866 4
2454.978 3
2455.091 3
2455.203 3
2455.316 2
2455.428 1
2455.541 1
2455.654 2
2455.766 1
2455.879 1
2455.991 1
2456.104 3
2456.216 4
2456.329 4
2456.441 4
2456.554 1
2456.667 1
2456.779 1
2456.892 1
2457.004 3
2457.117 2
2457.229 2
2457.342 2
2457.455 0
2457.567 0
2457.680 0
2457.792 0
2457.905 4
2458.017 6
2458.130 7
2458.243 7
2458.355 4
2458.468 3
2458.581 2
2458.693 2
2458.806 1
2458.918 1
2459.031 1
2459.144 1
2459.256 2
2459.369 1
2459.481 1
2459.594 1
2459.707 1
2459.819 1
2459.932 1
2460.045 1
2460.157 2
2460.270 2
2460.383 2
2460.495 2
2460.608 0
2460.721 0
2460.833 1
2460.946 4
2461.059 4
2461.171 4
2461.284 5
2461.397 3
2461.509 3
2461.622 3
2461.735 1
2461.847 0
2461.960 0
2462.073 0
2462.185 0
2462.298 0
2462.411 3
2462.524 3
2462.636 3
2462.749 3
2462.862 1
2462.974 1
2463.087 2
2463.200 2
2463.312 1
2463.425 1
2463.538 1
2463.651 1
2463.763 3
2463.876 3
2463.989 5
2464.102 5
2464.214 6
2464.327 6
2464.440 8
2464.553 8
2464.665 6
2464.778 7
2464.891 8
2465.004 9
2465.116 10
2465.229 10
2465.342 8
2465.455 8
2465.567 10
2465.680 12
2465.793 10
2465.906 10
2466.019 7
2466.131 5
2466.244 4
2466.357 4
2466.470 2
2466.583 2
2466.695 3
2466.808 3
2466.921 1
2467.034 1
2467.147 1
2467.259 1
2467.372 1
2467.485 2
2467.598 2
2467.711 3
2467.823 5
2467.936 4
2468.049 3
2468.162 2
2468.275 2
2468.388 2
2468.500 3
2468.613 3
2468.726 1
2468.839 1
2468.952 1
2469.065 1
2469.178 2
2469.290 3
2469.403 4
2469.516 5
2469.629 6
2469.742 6
2469.855 8
2469.968 8
2470.081 5
2470.193 5
2470.306 2
2470.419 2
2470.532 1
2470.645 1
2470.758 1
2470.871 2
2470.984 4
2471.097 6
2471.209 8
2471.322 8
2471.435 6
2471.548 6
2471.661 6
2471.774 7
2471.887 8
2472.000 8
2472.113 8
2472.226 8
2472.339 5
2472.452 4
2472.565 3
2472.677 2
2472.790 0
2472.903 0
2473.016 0
2473.129 0
2473.242 4
2473.355 4
2473.468 4
2473.581 4
2473.694 4
2473.807 5
2473.920 6
2474.033 7
2474.146 8
2474.259 7
2474.372 6
2474.485 5
2474.598 1
2474.711 1
2474.824 1
2474.937 1
2475.050 0
2475.163 0
2475.276 0
2475.389 0
2475.502 0
2475.615 0
2475.728 0
2475.841 0
2475.954 0
2476.067 0
2476.180 0
2476.293 0
2476.406 0
2476.519 1
2476.632 1
2476.745 1
2476.858 1
2476.971 0
2477.084 0
2477.197 0
2477.310 0
2477.423 0
2477.536 0
2477.649 0
2477.762 1
2477.876 2
2477.989 3
2478.102 5
2478.215 5
2478.328 6
2478.441 5
2478.554 3
2478.667 2
2478.780 0
2478.893 0
2479.006 0
2479.119 1
2479.232 2
2479.346 4
2479.459 6
2479.572 5
2479.685 4
2479.798 3
2479.911 1
2480.024 1
2480.137 1
2480.250 1
2480.364 1
2480.477 1
2480.590 1
2480.703 0
2480.816 0
2480.929 2
2481.042 2
2481.155 3
2481.269 3
2481.382 1
2481.495 1
2481.608 3
2481.721 4
2481.834 4
2481.947 4
2482.061 5
2482.174 4
2482.287 4
2482.400 4
2482.513 2
2482.626 2
2482.740 2
2482.853 3
2482.966 2
2483.079 2
2483.192 2
2483.306 2
2483.419 1
2483.532 2
2483.645 2
2483.758 1
2483.871 2
2483.985 1
2484.098 1
2484.211 1
2484.324 0
2484.438 0
2484.551 1
2484.664 1
2484.777 1
2484.890 1
2485.004 0
2485.117 0
2485.230 0
2485.343 0
2485.457 0
2485.570 0
2485.683 0
2485.796 2
2485.910 3
2486.023 3
2486.136 3
2486.249 3
2486.363 2
2486.476 2
2486.589 2
2486.702 0
2486.816 2
2486.929 2
2487.042 2
2487.155 2
2487.269 5
2487.382 4
2487.495 3
2487.609 2
2487.722 1
2487.835 1
2487.948 2
2488.062 2
2488.175 2
2488.288 2
2488.402 1
2488.515 1
2488.628 5
2488.742 4
2488.855 4
2488.968 3
2489.082 3
2489.195 3
2489.308 3
2489.422 3
2489.535 1
2489.648 1
2489.762 0
2489.875 0
2489.988 0
2490.102 0
2490.215 2
2490.328 4
2490.442 5
2490.555 6
2490.668 6
2490.782 7
2490.895 7
2491.008 6
2491.122 4
2491.235 1
2491.349 0
2491.462 1
2491.575 1
2491.689 1
2491.802 1
2491.915 0
2492.029 0
2492.142 1
2492.256 1
2492.369 1
2492.482 3
2492.596 3
2492.709 3
2492.823 3
2492.936 2
2493.049 2
2493.163 4
2493.276 5
2493.390 6
2493.503 6
2493.617 6
2493.730 6
2493.843 6
2493.957 4
2494.070 3
2494.184 3
2494.297 2
2494.411 0
2494.524 1
2494.638 1
2494.751 1
2494.864 2
2494.978 4
2495.091 5
2495.205 7
2495.318 7
2495.432 7
2495.545 7
2495.659 6
2495.772 5
2495.886 2
2495.999 4
2496.113 5
2496.226 6
2496.340 8
2496.453 5
2496.567 3
2496.680 3
2496.794 1
2496.907 1
2497.021 1
2497.134 0
2497.248 0
2497.361 0
2497.475 0
2497.588 0
2497.702 0
2497.815 0
2497.929 0
2498.042 0
2498.156 0
2498.269 6
2498.383 6
2498.496 7
2498.610 8
2498.724 5
2498.837 10
2498.951 11
2499.064 10
2499.178 7
2499.291 6
2499.405 7
2499.518 7
2499.632 8
2499.746 6
2499.859 6
2499.973 7
2500.086 7
2500.200 6
2500.313 6
2500.427 5
2500.541 5
2500.654 7
2500.768 6
2500.881 4
2500.995 5
2501.109 7
2501.222 8
2501.336 8
2501.449 7
2501.563 5
2501.677 5
2501.790 6
2501.904 6
2502.018 5
2502.131 5
2502.245 3
2502.358 3
2502.472 6
2502.586 7
2502.699 7
2502.813 10
2502.927 9
2503.040 8
2503.154 10
2503.268 8
2503.381 7
2503.495 6
2503.609 8
2503.722 8
2503.836 7
2503.950 7
2504.063 4
2504.177 4
2504.291 4
2504.404 4
2504.518 2
2504.632 2
2504.745 2
2504.859 2
2504.973 0
2505.086 0
2505.200 0
2505.314 0
2505.427 0
2505.541 0
2505.655 0
2505.769 0
2505.882 0
2505.996 0
2506.110 0
2506.223 0
2506.337 0
2506.451 0
2506.565 0
2506.678 0
2506.792 0
2506.906 0
2507.020 0
2507.133 0
2507.247 0
2507.361 0
2507.475 0
2507.588 0
2507.702 3
2507.816 7
2507.930 7
2508.043 7
2508.157 5
2508.271 3
2508.385 4
2508.498 5
2508.612 9
2508.726 7
2508.840 6
2508.953 5
2509.067 4
2509.181 4
2509.295 4
2509.409 4
2509.522 3
2509.636 3
2509.750 3
2509.864 3
2509.978 1
2510.091 1
2510.205 1
2510.319 3
2510.433 3
2510.547 4
2510.661 7
2510.774 6
2510.888 5
2511.002 4
2511.116 1
2511.230 0
2511.344 0
2511.457 1
2511.571 1
2511.685 1
2511.799 1
2511.913 0
2512.027 0
2512.140 0
2512.254 2
2512.368 2
2512.482 2
2512.596 2
2512.710 0
2512.824 0
2512.938 0
2513.051 0
2513.165 0
2513.279 0
2513.393 0
2513.507 1
2513.621 1
2513.735 1
2513.849 1
2513.963 0
2514.076 0
2514.190 0
2514.304 0
2514.418 0
2514.532 0
2514.646 0
2514.760 0
2514.874 0
2514.988 0
2515.102 2
2515.216 2
2515.330 2
2515.443 2
2515.557 0
2515.671 0
2515.785 0
2515.899 0
2516.013 0
2516.127 2
2516.241 2
2516.355 2
2516.469 2
2516.583 0
2516.697 1
2516.811 1
2516.925 1
2517.039 1
2517.153 0
2517.267 0
2517.381 1
2517.495 4
2517.609 5
2517.723 6
2517.837 6
2517.951 5
2518.065 5
2518.179 3
2518.293 3
2518.407 2
2518.521 2
2518.635 2
2518.749 2
2518.863 2
2518.977 2
2519.091 1
2519.205 1
2519.319 2
2519.433 3
2519.547 2
2519.661 2
2519.775 1
2519.889 1
2520.003 1
2520.117 1
2520.231 1
2520.345 1
2520.459 1
2520.573 1
2520.687 2
2520.801 2
2520.915 2
2521.029 2
2521.144 2
2521.258 1
2521.372 1
2521.486 1
2521.600 0
2521.714 1
2521.828 1
2521.942 1
2522.056 1
2522.170 0
2522.284 0
2522.398 0
2522.513 0
2522.627 0
2522.741 3
2522.855 3
2522.969 4
2523.083 4
2523.197 3
2523.311 4
2523.425 4
2523.540 4
2523.654 2
2523.768 2
2523.882 3
2523.996 3
2524.110 3
2524.224 4
2524.338 3
2524.453 3
2524.567 3
2524.681 3
2524.795 2
2524.909 2
2525.023 5
2525.138 3
2525.252 3
2525.366 3
2525.480 5
2525.594 4
2525.708 3
2525.823 3
2525.937 3
2526.051 3
2526.165 5
2526.279 5
2526.393 3
2526.508 3
2526.622 1
2526.736 0
2526.850 1
2526.964 1
2527.079 1
2527.193 1
2527.307 0
2527.421 0
2527.535 0
2527.650 0
2527.764 0
2527.878 0
2527.992 0
2528.107 0
2528.221 0
2528.335 0
2528.449 1
2528.563 4
2528.678 4
2528.792 4
2528.906 3
2529.020 2
2529.135 4
2529.249 4
2529.363 6
2529.477 4
2529.592 3
2529.706 3
2529.820 1
2529.935 1
2530.049 0
2530.163 0
2530.277 0
2530.392 0
2530.506 3
2530.620 3
2530.734 3
2530.849 6
2530.963 3
2531.077 3
2531.192 3
2531.306 0
2531.420 1
2531.535 3
2531.649 4
2531.763 4
2531.878 5
2531.992 5
2532.106 5
2532.220 5
2532.335 7
2532.449 5
2532.563 4
2532.678 4
2532.792 2
2532.906 2
2533.021 2
2533.135 3
2533.249 4
2533.364 4
2533.478 4
2533.593 4
2533.707 4
2533.821 4
2533.936 6
2534.050 7
2534.164 5
2534.279 5
2534.393 5
2534.507 3
2534.622 3
2534.736 3
2534.851 2
2534.965 2
2535.079 1
2535.194 1
2535.308 0
2535.423 0
2535.537 0
2535.651 0
2535.766 3
2535.880 3
2535.995 4
2536.109 5
2536.223 2
2536.338 4
2536.452 4
2536.567 6
2536.681 9
2536.796 10
2536.910 13
2537.024 11
2537.139 9
2537.253 7
2537.368 2
2537.482 2
2537.597 2
2537.711 2
2537.825 0
2537.940 0
2538.054 0
2538.169 0
2538.283 1
2538.398 3
2538.512 3
2538.627 4
2538.741 3
2538.856 2
2538.970 2
2539.085 1
2539.199 1
2539.314 0
2539.428 0
2539.543 0
2539.657 0
2539.772 0
2539.886 0
2540.001 0
2540.115 0
2540.230 0
2540.344 0
2540.459 0
2540.573 0
2540.688 0
2540.802 2
2540.917 3
2541.031 3
2541.146 4
2541.260 2
2541.375 2
2541.489 2
2541.604 1
2541.718 1
2541.833 0
2541.947 0
2542.062 0
2542.177 0
2542.291 0
2542.406 1
2542.520 1
2542.635 1
2542.749 1
2542.864 3
2542.979 5
2543.093 6
2543.208 7
2543.322 6
2543.437 5
2543.551 5
2543.666 5
2543.781 4
2543.895 4
2544.010 4
2544.124 4
2544.239 1
2544.354 2
2544.468 2
2544.583 2
2544.697 3
2544.812 2
2544.927 2
2545.041 2
2545.156 0
2545.270 0
2545.385 3
2545.500 3
2545.614 3
2545.729 3
2545.844 0
2545.958 0
2546.073 0
2546.188 2
2546.302 2
2546.417 4
2546.531 4
2546.646 4
2546.761 5
2546.875 4
2546.990 4
2547.105 2
2547.219 1
2547.334 0
2547.449 0
2547.563 0
2547.678 0
2547.793 0
2547.908 0
2548.022 0
2548.137 0
2548.252 0
2548.366 2
2548.481 4
2548.596 4
2548.710 5
2548.825 4
2548.940 2
2549.054 2
2549.169 6
2549.284 7
2549.399 8
2549.513 11
2549.628 8
2549.743 6
2549.858 6
2549.972 4
2550.087 4
2550.202 6
2550.316 8
2550.431 9
2550.546 9
2550.661 8
2550.775 7
2550.890 4
2551.005 4
2551.120 1
2551.234 1
2551.349 1
2551.464 2
2551.579 3
2551.694 5
2551.808 6
2551.923 7
2552.038 10
2552.153 6
2552.267 5
2552.382 4
2552.497 3
2552.612 4
2552.727 6
2552.841 6
2552.956 4
2553.071 2
2553.186 0
2553.301 0
2553.415 2
2553.530 3
2553.645 3
2553.760 3
2553.875 1
2553.990 1
2554.104 1
2554.219 4
2554.334 4
2554.449 4
2554.564 7
2554.679 4
2554.793 4
2554.908 5
2555.023 4
2555.138 4
2555.253 4
2555.368 3
2555.482 1
2555.597 1
2555.712 4
2555.827 5
2555.942 6
2556.057 6
2556.172 3
2556.287 1
2556.401 4
2556.516 3
2556.631 2
2556.746 1
2556.861 0
2556.976 0
2557.091 3
2557.206 3
2557.321 3
2557.435 4
2557.550 2
2557.665 2
2557.780 2
2557.895 1
2558.010 0
2558.125 0
2558.240 0
2558.355 0
2558.470 0
2558.585 0
2558.700 1
2558.814 1
2558.929 1
2559.044 1
2559.159 3
2559.274 3
2559.389 3
2559.504 3
2559.619 2
2559.734 2
2559.849 2
2559.964 2
2560.079 0
2560.194 1
2560.309 1
2560.424 1
2560.539 3
2560.654 4
2560.769 5
2560.884 5
2560.999 3
2561.114 3
2561.229 6
2561.344 5
2561.459 4
2561.574 1
2561.689 0
2561.804 0
2561.919 0
2562.034 0
2562.149 0
2562.264 0
2562.379 0
2562.494 1
2562.609 2
2562.724 2
2562.839 5
2562.954 6
2563.069 5
2563.184 5
2563.299 3
2563.414 1
2563.529 4
2563.644 5
2563.759 6
2563.874 7
2563.989 5
2564.104 5
2564.219 4
2564.334 3
2564.450 3
2564.565 3
2564.680 3
2564.795 0
2564.910 0
2565.025 0
2565.140 0
2565.255 0
2565.370 1
2565.485 1
2565.600 1
2565.715 1
2565.830 0
2565.946 1
2566.061 2
2566.176 2
2566.291 2
2566.406 1
2566.521 0
2566.636 0
2566.751 2
2566.866 3
2566.982 5
2567.097 6
2567.212 7
2567.327 6
2567.442 4
2567.557 3
2567.672 4
2567.787 4
2567.903 4
2568.018 4
2568.133 0
2568.248 0
2568.363 0
2568.478 2
2568.594 2
2568.709 2
2568.824 3
2568.939 3
2569.054 6
2569.169 6
2569.285 5
2569.400 3
2569.515 0
2569.630 0
2569.745 0
2569.860 0
2569.976 1
2570.091 4
2570.206 4
2570.321 4
2570.436 3
2570.552 1
2570.667 2
2570.782 2
2570.897 3
2571.012 2
2571.128 2
2571.243 2
2571.358 1
2571.473 1
2571.589 1
2571.704 1
2571.819 2
2571.934 2
2572.050 1
2572.165 1
2572.280 4
2572.395 4
2572.511 4
2572.626 4
2572.741 0
2572.856 0
2572.972 1
2573.087 1
2573.202 2
2573.317 2
2573.433 2
2573.548 2
2573.663 2
2573.778 2
2573.894 1
2574.009 1
2574.124 1
2574.240 1
2574.355 2
2574.470 2
2574.585 3
2574.701 3
2574.816 5
2574.931 5
2575.047 6
2575.162 7
2575.277 4
2575.393 4
2575.508 1
2575.623 3
2575.739 3
2575.854 3
2575.969 5
2576.085 4
2576.200 4
2576.315 4
2576.431 2
2576.546 2
2576.661 4
2576.777 4
2576.892 5
2577.007 4
2577.123 4
2577.238 4
2577.353 7
2577.469 6
2577.584 5
2577.699 5
2577.815 2
2577.930 4
2578.046 3
2578.161 3
2578.276 2
2578.392 1
2578.507 1
2578.622 1
2578.738 1
2578.853 0
2578.969 0
2579.084 0
2579.199 0
2579.315 0
2579.430 0
2579.546 0
2579.661 0
2579.777 0
2579.892 0
2580.007 0
2580.123 0
2580.238 0
2580.354 0
2580.469 1
2580.584 2
2580.700 3
2580.815 8
2580.931 8
2581.046 8
2581.162 8
2581.277 5
2581.393 5
2581.508 6
2581.624 7
2581.739 4
2581.854 6
2581.970 6
2582.085 5
2582.201 4
2582.316 2
2582.432 3
2582.547 3
2582.663 2
2582.778 2
2582.894 2
2583.009 2
2583.125 5
2583.240 5
2583.356 3
2583.471 3
2583.587 0
2583.702 0
2583.818 0
2583.933 1
2584.049 1
2584.164 1
2584.280 2
2584.395 1
2584.511 1
2584.626 1
2584.742 0
2584.857 0
2584.973 0
2585.088 0
2585.204 0
2585.320 1
2585.435 1
2585.551 1
2585.666 1
2585.782 6
2585.897 6
2586.013 6
2586.128 6
2586.244 2
2586.360 2
2586.475 2
2586.591 2
2586.706 2
2586.822 2
2586.937 3
2587.053 4
2587.169 4
2587.284 7
2587.400 6
2587.515 5
2587.631 3
2587.747 0
2587.862 0
2587.978 0
2588.093 3
2588.209 3
2588.325 3
2588.440 3
2588.556 0
2588.671 0
2588.787 0
2588.903 0
2589.018 0
2589.134 1
2589.250 1
2589.365 4
2589.481 4
2589.596 5
2589.712 5
2589.828 4
2589.943 4
2590.059 2
2590.175 2
2590.290 0
2590.406 0
2590.522 1
2590.637 1
2590.753 1
2590.869 1
2590.984 0
2591.100 0
2591.216 0
2591.331 0
2591.447 3
2591.563 3
2591.678 3
2591.794 3
2591.910 2
2592.025 2
2592.141 4
2592.257 4
2592.373 2
2592.488 2
2592.604 0
2592.720 0
2592.835 1
2592.951 1
2593.067 1
2593.183 2
2593.298 1
2593.414 1
2593.530 1
2593.645 0
2593.761 1
2593.877 2
2593.993 3
2594.108 3
2594.224 4
2594.340 3
2594.456 4
2594.571 4
2594.687 2
2594.803 2
2594.919 0
2595.034 0
2595.150 1
2595.266 1
2595.382 1
2595.498 1
2595.613 0
2595.729 0
2595.845 0
2595.961 0
2596.076 2
2596.192 2
2596.308 2
2596.424 2
2596.540 1
2596.655 1
2596.771 4
2596.887 4
2597.003 3
2597.119 6
2597.234 4
2597.350 4
2597.466 5
2597.582 2
2597.698 1
2597.814 1
2597.929 3
2598.045 3
2598.161 3
2598.277 3
2598.393 4
2598.509 3
2598.624 2
2598.740 1
2598.856 1
2598.972 1
2599.088 2
2599.204 2
2599.320 1
2599.435 1
2599.551 0
2599.667 0
2599.783 0
2599.899 0
2600.015 0
2600.131 0
2600.247 0
2600.362 0
2600.478 0
2600.594 0
2600.710 4
2600.826 4
2600.942 7
2601.058 7
2601.174 6
2601.290 6
2601.406 4
2601.521 4
2601.637 1
2601.753 1
2601.869 2
2601.985 3
2602.101 4
2602.217 4
2602.333 4
2602.449 3
2602.565 3
2602.681 3
2602.797 1
2602.913 1
2603.029 3
2603.145 3
2603.260 3
2603.376 4
2603.492 2
2603.608 3
2603.724 4
2603.840 4
2603.956 5
2604.072 4
2604.188 3
2604.304 2
2604.420 1
2604.536 1
2604.652 1
2604.768 1
2604.884 0
2605.000 0
2605.116 0
2605.232 0
2605.348 0
2605.464 0
2605.580 0
2605.696 0
2605.812 1
2605.928 2
2606.044 6
2606.160 7
2606.276 10
2606.392 10
2606.508 7
2606.624 7
2606.740 4
2606.856 4
2606.972 5
2607.088 6
2607.204 4
2607.320 4
2607.436 4
2607.553 3
2607.669 1
2607.785 1
2607.901 0
2608.017 1
2608.133 1
2608.249 1
2608.365 1
2608.481 1
2608.597 1
2608.713 1
2608.829 3
2608.945 4
2609.061 6
2609.177 8
2609.294 11
2609.410 12
2609.526 12
2609.642 12
2609.758 12
2609.874 9
2609.990 7
2610.106 5
2610.222 1
2610.338 1
2610.455 1
2610.571 1
2610.687 1
2610.803 2
2610.919 5
2611.035 5
2611.151 4
2611.267 3
2611.384 2
2611.500 2
2611.616 2
2611.732 2
2611.848 2
2611.964 2
2612.080 3
2612.197 3
2612.313 2
2612.429 2
2612.545 1
2612.661 1
2612.777 0
2612.894 0
2613.010 0
2613.126 0
2613.242 1
2613.358 1
2613.475 1
2613.591 1
2613.707 0
2613.823 0
2613.939 0
2614.055 0
2614.172 0
2614.288 0
2614.404 1
2614.520 2
2614.637 2
2614.753 2
2614.869 1
2614.985 3
2615.101 3
2615.218 5
2615.334 5
2615.450 2
2615.566 2
2615.683 0
2615.799 2
2615.915 2
2616.031 3
2616.147 4
2616.264 2
2616.380 2
2616.496 2
2616.612 1
2616.729 1
2616.845 1
2616.961 0
2617.078 1
2617.194 3
2617.310 3
2617.426 3
2617.543 2
2617.659 0
2617.775 0
2617.891 0
2618.008 0
2618.124 0
2618.240 0
2618.357 0
2618.473 0
2618.589 2
2618.706 2
2618.822 2
2618.938 2
2619.054 3
2619.171 3
2619.287 3
2619.403 6
2619.520 3
2619.636 3
2619.752 3
2619.869 0
2619.985 0
2620.101 0
2620.218 0
2620.334 2
2620.450 2
2620.567 2
2620.683 2
2620.799 2
2620.916 2
2621.032 2
2621.148 2
2621.265 0
2621.381 0
2621.498 0
2621.614 0
2621.730 0
2621.847 0
2621.963 1
2622.079 1
2622.196 1
2622.312 1
2622.429 0
2622.545 0
2622.661 0
2622.778 0
2622.894 0
2623.011 1
2623.127 1
2623.243 2
2623.360 2
2623.476 1
2623.593 1
2623.709 0
2623.825 0
2623.942 0
2624.058 0
2624.175 0
2624.291 2
2624.408 2
2624.524 2
2624.640 2
2624.757 0
2624.873 0
2624.990 0
2625.106 0
2625.223 0
2625.339 0
2625.456 0
2625.572 2
2625.689 2
2625.805 2
2625.921 2
2626.038 1
2626.154 1
2626.271 1
2626.387 1
2626.504 0
2626.620 0
2626.737 0
2626.853 0
2626.970 0
2627.086 0
2627.203 0
2627.319 0
2627.436 0
2627.552 0
2627.669 0
2627.785 0
2627.902 0
2628.018 0
2628.135 0
2628.251 0
2628.368 0
2628.484 2
2628.601 3
2628.717 3
2628.834 3
2628.951 1
2629.067 0
2629.184 0
2629.300 0
2629.417 1
2629.533 1
2629.650 1
2629.766 1
2629.883 2
2629.999 2
2630.116 2
2630.233 2
2630.349 5
2630.466 6
2630.582 7
2630.699 13
2630.815 10
2630.932 10
2631.049 12
2631.165 7
2631.282 5
2631.398 4
2631.515 1
2631.632 0
2631.748 0
2631.865 0
2631.981 0
2632.098 0
2632.215 0
2632.331 0
2632.448 0
2632.564 1
2632.681 1
2632.798 6
2632.914 6
2633.031 5
2633.148 5
2633.264 2
2633.381 2
2633.497 2
2633.614 2
2633.731 2
2633.847 2
2633.964 2
2634.081 2
2634.197 0
2634.314 0
2634.431 0
2634.547 0
2634.664 3
2634.781 3
2634.897 3
2635.014 3
2635.131 2
2635.247 3
2635.364 4
2635.481 7
2635.597 6
2635.714 6
2635.831 6
2635.947 5
2636.064 5
2636.181 5
2636.298 5
2636.414 4
2636.531 0
2636.648 0
2636.764 0
2636.881 0
2636.998 2
2637.115 2
2637.231 2
2637.348 2
2637.465 3
2637.581 3
2637.698 3
2637.815 3
2637.932 1
2638.048 1
2638.165 1
2638.282 1
2638.399 0
2638.515 0
2638.632 2
2638.749 2
2638.866 2
2638.982 2
2639.099 0
2639.216 0
2639.333 0
2639.450 0
2639.566 0
2639.683 0
2639.800 0
2639.917 0
2640.033 0
2640.150 0
2640.267 0
2640.384 0
2640.501 0
2640.617 0
2640.734 1
2640.851 2
2640.968 3
2641.085 4
2641.201 4
2641.318 4
2641.435 4
2641.552 7
2641.669 6
2641.786 7
2641.902 6
2642.019 4
2642.136 4
2642.253 2
2642.370 2
2642.487 0
2642.603 1
2642.720 1
2642.837 1
2642.954 1
2643.071 0
2643.188 0
2643.305 0
2643.421 0
2643.538 0
2643.655 0
2643.772 2
2643.889 2
2644.006 2
2644.123 2
2644.240 2
2644.356 2
2644.473 2
2644.590 4
2644.707 3
2644.824 3
2644.941 3
2645.058 3
2645.175 2
2645.292 2
2645.408 4
2645.525 2
2645.642 2
2645.759 2
2645.876 0
2645.993 1
2646.110 3
2646.227 3
2646.344 3
2646.461 2
2646.578 2
2646.695 2
2646.812 2
2646.929 2
2647.045 0
2647.162 0
2647.279 0
2647.396 1
2647.513 1
2647.630 1
2647.747 1
2647.864 0
2647.981 0
2648.098 0
2648.215 0
2648.332 1
2648.449 1
2648.566 1
2648.683 1
2648.800 0
2648.917 0
2649.034 0
2649.151 1
2649.268 1
2649.385 1
2649.502 1
2649.619 0
2649.736 0
2649.853 0
2649.970 1
2650.087 2
2650.204 2
2650.321 2
2650.438 1
2650.555 1
2650.672 2
2650.789 2
2650.906 2
2651.023 2
2651.140 1
2651.257 3
2651.374 3
2651.491 2
2651.608 2
2651.725 6
2651.842 5
2651.960 4
2652.077 3
2652.194 2
2652.311 2
2652.428 3
2652.545 3
2652.662 2
2652.779 2
2652.896 4
2653.013 4
2653.130 3
2653.247 4
2653.364 1
2653.482 1
2653.599 1
2653.716 2
2653.833 4
2653.950 4
2654.067 4
2654.184 2
2654.301 1
2654.418 1
2654.535 1
2654.653 1
2654.770 0
2654.887 0
2655.004 2
2655.121 2
2655.238 2
2655.355 2
2655.472 0
2655.590 0
2655.707 0
2655.824 0
2655.941 0
2656.058 0
2656.175 0
2656.292 0
2656.410 2
2656.527 2
2656.644 2
2656.761 2
2656.878 0
2656.995 1
2657.113 1
2657.230 1
2657.347 2
2657.464 3
2657.581 3
2657.699 3
2657.816 2
2657.933 0
2658.050 2
2658.167 2
2658.284 3
2658.402 5
2658.519 5
2658.636 7
2658.753 9
2658.871 8
2658.988 6
2659.105 4
2659.222 1
2659.339 1
2659.457 1
2659.574 1
2659.691 1
2659.808 0
2659.926 0
2660.043 0
2660.160 0
2660.277 0
2660.395 0
2660.512 0
2660.629 0
2660.746 2
2660.864 2
2660.981 2
2661.098 2
2661.215 0
2661.333 1
2661.450 1
2661.567 4
2661.684 4
2661.802 3
2661.919 3
2662.036 1
2662.154 1
2662.271 1
2662.388 1
2662.505 0
2662.623 0
2662.740 0
2662.857 0
2662.975 0
2663.092 0
2663.209 0
2663.327 0
2663.444 0
2663.561 2
2663.679 7
2663.796 11
2663.913 15
2664.030 14
2664.148 9
2664.265 6
2664.382 2
2664.500 1
2664.617 2
2664.735 1
2664.852 1
2664.969 1
2665.087 2
2665.204 3
2665.321 3
2665.439 4
2665.556 2
2665.673 1
2665.791 1
2665.908 0
2666.025 0
2666.143 0
2666.260 1
2666.378 1
2666.495 1
2666.612 1
2666.730 3
2666.847 3
2666.965 3
2667.082 3
2667.199 0
2667.317 0
2667.434 0
2667.552 0
2667.669 0
2667.786 0
2667.904 0
2668.021 0
2668.139 0
2668.256 0
2668.373 0
2668.491 0
2668.608 0
2668.726 1
2668.843 1
2668.961 1
2669.078 1
2669.196 2
2669.313 2
2669.430 2
2669.548 2
2669.665 2
2669.783 4
2669.900 4
2670.018 4
2670.135 2
2670.253 0
2670.370 0
2670.488 0
2670.605 0
2670.723 0
2670.840 0
2670.958 0
2671.075 1
2671.193 1
2671.310 1
2671.428 1
2671.545 1
2671.663 2
2671.780 2
2671.898 2
2672.015 1
2672.133 2
2672.250 8
2672.368 9
2672.485 11
2672.603 10
2672.720 7
2672.838 7
2672.955 8
2673.073 7
2673.190 4
2673.308 3
2673.425 0
2673.543 0
2673.660 0
2673.778 0
2673.896 1
2674.013 3
2674.131 4
2674.248 7
2674.366 7
2674.483 9
2674.601 8
2674.718 6
2674.836 6
2674.954 5
2675.071 5
2675.189 5
2675.306 4
2675.424 2
2675.541 2
2675.659 1
2675.777 1
2675.894 0
2676.012 0
2676.129 0
2676.247 2
2676.365 3
2676.482 3
2676.600 3
2676.718 1
2676.835 0
2676.953 0
2677.070 0
2677.188 1
2677.306 1
2677.423 3
2677.541 3
2677.659 2
2677.776 2
2677.894 0
2678.011 0
2678.129 1
2678.247 1
2678.364 3
2678.482 3
2678.600 3
2678.717 3
2678.835 4
2678.953 4
2679.070 3
2679.188 3
2679.306 3
2679.423 3
2679.541 3
2679.659 4
2679.776 5
2679.894 6
2680.012 7
2680.129 7
2680.247 4
2680.365 4
2680.483 4
2680.600 2
2680.718 2
2680.836 2
2680.953 3
2681.071 1
2681.189 1
2681.307 3
2681.424 2
2681.542 2
2681.660 2
2681.777 0
2681.895 0
2682.013 0
2682.131 0
2682.248 0
2682.366 0
2682.484 0
2682.602 0
2682.719 0
2682.837 0
2682.955 3
2683.073 3
2683.190 3
2683.308 3
2683.426 4
2683.544 4
2683.661 4
2683.779 4
2683.897 3
2684.015 3
2684.133 3
2684.250 3
2684.368 0
2684.486 0
2684.604 0
2684.721 0
2684.839 0
2684.957 0
2685.075 2
2685.193 2
2685.310 3
2685.428 3
2685.546 2
2685.664 2
2685.782 1
2685.900 1
2686.017 1
2686.135 1
2686.253 1
2686.371 1
2686.489 0
2686.607 0
2686.724 0
2686.842 0
2686.960 0
2687.078 0
2687.196 0
2687.314 0
2687.431 0
2687.549 1
2687.667 2
2687.785 2
2687.903 2
2688.021 4
2688.139 3
2688.257 3
2688.374 3
2688.492 0
2688.610 0
2688.728 0
2688.846 0
2688.964 1
2689.082 1
2689.200 1
2689.318 1
2689.435 0
2689.553 0
2689.671 0
2689.789 0
2689.907 0
2690.025 0
2690.143 0
2690.261 1
2690.379 1
2690.497 1
2690.615 1
2690.732 3
2690.850 3
2690.968 3
2691.086 3
2691.204 1
2691.322 2
2691.440 2
2691.558 2
2691.676 1
2691.794 0
2691.912 0
2692.030 0
2692.148 1
2692.266 1
2692.384 1
2692.502 1
2692.620 0
2692.738 0
2692.856 0
2692.974 0
2693.092 0
2693.210 0
2693.328 0
2693.446 0
2693.564 2
2693.682 2
2693.800 2
2693.918 2
2694.036 0
2694.154 0
2694.272 1
2694.390 1
2694.508 2
2694.626 2
2694.744 1
2694.862 1
2694.980 0
2695.098 0
2695.216 0
2695.334 0
2695.452 0
2695.570 0
2695.688 0
2695.806 0
2695.924 1
2696.042 2
2696.160 2
2696.278 2
2696.396 1
2696.514 0
2696.632 0
2696.750 0
2696.868 0
2696.987 0
2697.105 0
2697.223 0
2697.341 0
2697.459 0
2697.577 0
2697.695 0
2697.813 0
2697.931 0
2698.049 0
2698.167 0
2698.285 0
2698.404 0
2698.522 2
2698.640 2
2698.758 3
2698.876 3
2698.994 1
2699.112 1
2699.230 0
2699.348 0
2699.467 0
2699.585 0
2699.703 0
2699.821 0
2699.939 3
2700.057 3
2700.175 3
2700.294 3
2700.412 0
2700.530 0
2700.648 0
2700.766 0
2700.884 0
2701.002 0
2701.121 0
2701.239 1
2701.357 1
2701.475 3
2701.593 3
2701.711 2
2701.830 2
2701.948 0
2702.066 0
2702.184 0
2702.302 0
2702.421 0
2702.539 2
2702.657 2
2702.775 3
2702.893 3
2703.012 2
2703.130 2
2703.248 5
2703.366 5
2703.484 4
2703.603 5
2703.721 2
2703.839 2
2703.957 2
2704.075 2
2704.194 2
2704.312 3
2704.430 6
2704.548 5
2704.667 5
2704.785 4
2704.903 1
2705.021 1
2705.140 3
2705.258 3
2705.376 4
2705.494 4
2705.613 3
2705.731 3
2705.849 2
2705.967 2
2706.086 1
2706.204 1
2706.322 1
2706.441 1
2706.559 1
2706.677 1
2706.795 1
2706.914 1
2707.032 1
2707.150 1
2707.269 1
2707.387 1
2707.505 0
2707.624 0
2707.742 0
2707.860 0
2707.978 0
2708.097 0
2708.215 1
2708.333 1
2708.452 1
2708.570 1
2708.688 0
2708.807 1
2708.925 1
2709.043 1
2709.162 1
2709.280 0
2709.398 0
2709.517 0
2709.635 0
2709.754 0
2709.872 0
2709.990 0
2710.109 0
2710.227 0
2710.345 0
2710.464 0
2710.582 0
2710.700 0
2710.819 0
2710.937 0
2711.056 0
2711.174 0
2711.292 0
2711.411 0
2711.529 0
2711.648 0
2711.766 0
2711.884 0
2712.003 0
2712.121 0
2712.240 0
2712.358 1
2712.476 2
2712.595 3
2712.713 4
2712.832 4
2712.950 5
2713.069 8
2713.187 5
2713.305 5
2713.424 7
2713.542 4
2713.661 3
2713.779 3
2713.898 1
2714.016 1
2714.135 1
2714.253 1
2714.371 0
2714.490 0
2714.608 2
2714.727 2
2714.845 2
2714.964 3
2715.082 2
2715.201 3
2715.319 6
2715.438 5
2715.556 6
2715.675 5
2715.793 2
2715.912 2
2716.030 0
2716.149 0
2716.267 0
2716.386 0
2716.504 0
2716.623 0
2716.741 1
2716.860 1
2716.978 1
2717.097 1
2717.215 0
2717.334 0
2717.452 1
2717.571 1
2717.689 1
2717.808 1
2717.926 0
2718.045 0
2718.163 0
2718.282 0
2718.401 0
2718.519 1
2718.638 2
2718.756 3
2718.875 4
2718.993 5
2719.112 6
2719.230 6
2719.349 6
2719.468 4
2719.586 4
2719.705 4
2719.823 4
2719.942 1
2720.061 0
2720.179 0
2720.298 0
2720.416 0
2720.535 0
2720.653 0
2720.772 0
2720.891 0
2721.009 0
2721.128 0
2721.247 0
2721.365 0
2721.484 0
2721.602 0
2721.721 0
2721.840 0
2721.958 1
2722.077 1
2722.196 1
2722.314 1
2722.433 0
2722.551 0
2722.670 0
2722.789 0
2722.907 0
2723.026 0
2723.145 0
2723.263 0
2723.382 0
2723.501 0
2723.619 0
2723.738 0
2723.857 0
2723.975 0
2724.094 0
2724.213 0
2724.331 3
2724.450 3
2724.569 3
2724.687 3
2724.806 0
2724.925 0
2725.043 0
2725.162 0
2725.281 0
2725.400 0
2725.518 0
2725.637 0
2725.756 0
2725.874 1
2725.993 1
2726.112 1
2726.231 1
2726.349 0
2726.468 0
2726.587 0
2726.706 2
2726.824 2
2726.943 2
2727.062 3
2727.180 1
2727.299 1
2727.418 2
2727.537 1
2727.655 3
2727.774 3
2727.893 2
2728.012 2
2728.131 1
2728.249 1
2728.368 2
2728.487 4
2728.606 3
2728.724 3
2728.843 2
2728.962 6
2729.081 6
2729.200 6
2729.318 6
2729.437 2
2729.556 2
2729.675 2
2729.794 2
2729.912 0
2730.031 1
2730.150 1
2730.269 1
2730.388 1
2730.506 0
2730.625 0
2730.744 0
2730.863 0
2730.982 0
2731.101 1
2731.219 2
2731.338 3
2731.457 4
2731.576 5
2731.695 6
2731.814 7
2731.932 6
2732.051 8
2732.170 8
2732.289 8
2732.408 6
2732.527 7
2732.646 6
2732.764 5
2732.883 4
2733.002 0
2733.121 2
2733.240 2
2733.359 2
2733.478 2
2733.597 1
2733.715 1
2733.834 3
2733.953 3
2734.072 3
2734.191 3
2734.310 7
2734.429 6
2734.548 4
2734.667 3
2734.786 4
2734.905 4
2735.023 4
2735.142 4
2735.261 2
2735.380 2
2735.499 2
2735.618 2
2735.737 1
2735.856 1
2735.975 3
2736.094 3
2736.213 4
2736.332 4
2736.451 2
2736.570 2
2736.689 0
2736.808 0
2736.926 1
2737.045 1
2737.164 3
2737.283 3
2737.402 2
2737.521 2
2737.640 2
2737.759 2
2737.878 3
2737.997 3
2738.116 1
2738.235 1
2738.354 2
2738.473 2
2738.592 3
2738.711 3
2738.830 5
2738.949 5
2739.068 4
2739.187 4
2739.306 7
2739.425 6
2739.544 5
2739.663 4
2739.782 4
2739.901 4
2740.020 4
2740.139 4
2740.258 0
2740.377 0
2740.497 0
2740.616 0
2740.735 0
2740.854 0
2740.973 0
2741.092 0
2741.211 0
2741.330 0
2741.449 2
2741.568 2
2741.687 2
2741.806 2
2741.925 0
2742.044 0
2742.163 0
2742.282 0
2742.402 0
2742.521 0
2742.640 0
2742.759 0
2742.878 0
2742.997 0
2743.116 0
2743.235 0
2743.354 3
2743.473 4
2743.593 5
2743.712 7
2743.831 6
2743.950 5
2744.069 4
2744.188 3
2744.307 4
2744.426 4
2744.545 4
2744.665 3
2744.784 3
2744.903 3
2745.022 4
2745.141 4
2745.260 5
2745.379 6
2745.499 6
2745.618 7
2745.737 8
2745.856 8
2745.975 7
2746.094 6
2746.214 2
2746.333 3
2746.452 3
2746.571 3
2746.690 2
2746.809 0
2746.929 0
2747.048 1
2747.167 1
2747.286 1
2747.405 1
2747.525 0
2747.644 0
2747.763 1
2747.882 2
2748.001 3
2748.121 4
2748.240 4
2748.359 4
2748.478 6
2748.597 4
2748.717 4
2748.836 5
2748.955 5
2749.074 3
2749.194 3
2749.313 3
2749.432 2
2749.551 2
2749.671 2
2749.790 1
2749.909 0
2750.028 1
2750.148 1
2750.267 1
2750.386 1
2750.505 2
2750.625 2
2750.744 2
2750.863 2
2750.982 2
2751.102 2
2751.221 2
2751.340 2
2751.460 2
2751.579 2
2751.698 2
2751.817 2
2751.937 0
2752.056 0
2752.175 0
2752.295 1
2752.414 2
2752.533 3
2752.653 4
2752.772 3
2752.891 2
2753.010 1
2753.130 0
2753.249 0
2753.368 2
2753.488 3
2753.607 3
2753.726 3
2753.846 1
2753.965 0
2754.084 0
2754.204 0
2754.323 0
2754.443 0
2754.562 2
2754.681 2
2754.801 2
2754.920 2
2755.039 3
2755.159 3
2755.278 3
2755.397 3
2755.517 0
2755.636 0
2755.756 0
2755.875 0
2755.994 0
2756.114 0
2756.233 0
2756.352 0
2756.472 2
2756.591 2
2756.711 2
2756.830 2
2756.949 1
2757.069 1
2757.188 1
2757.308 1
2757.427 0
2757.547 0
2757.666 0
2757.785 0
2757.905 0
2758.024 0
2758.144 0
2758.263 0
2758.383 2
2758.502 2
2758.621 2
2758.741 2
2758.860 2
2758.980 2
2759.099 2
2759.219 2
2759.338 0
2759.458 0
2759.577 0
2759.697 2
2759.816 4
2759.935 4
2760.055 4
2760.174 2
2760.294 0
2760.413 0
2760.533 0
2760.652 0
2760.772 0
2760.891 0
2761.011 0
2761.130 0
2761.250 0
2761.369 0
2761.489 0
2761.608 1
2761.728 1
2761.847 2
2761.967 2
2762.086 1
2762.206 2
2762.325 1
2762.445 1
2762.565 1
2762.684 0
2762.804 0
2762.923 0
2763.043 0
2763.162 0
2763.282 0
2763.401 0
2763.521 0
2763.640 0
2763.760 0
2763.880 0
2763.999 0
2764.119 0
2764.238 1
2764.358 2
2764.477 3
2764.597 5
2764.717 5
2764.836 5
2764.956 5
2765.075 2
2765.195 2
2765.314 2
2765.434 2
2765.554 0
2765.673 0
2765.793 0
2765.912 1
2766.032 1
2766.152 1
2766.271 1
2766.391 0
2766.511 0
2766.630 0
2766.750 0
2766.869 0
2766.989 0
2767.109 0
2767.228 0
2767.348 0
2767.468 0
2767.587 0
2767.707 1
2767.826 1
2767.946 1
2768.066 1
2768.185 0
2768.305 0
2768.425 2
2768.544 3
2768.664 3
2768.784 3
2768.903 1
2769.023 0
2769.143 0
2769.262 3
2769.382 3
2769.502 3
2769.621 3
2769.741 1
2769.861 1
2769.981 1
2770.100 1
2770.220 0
2770.340 0
2770.459 0
2770.579 0
2770.699 0
2770.819 0
2770.938 0
2771.058 2
2771.178 2
2771.297 2
2771.417 2
2771.537 0
2771.657 0
2771.776 0
2771.896 0
2772.016 0
2772.136 0
2772.255 0
2772.375 2
2772.495 2
2772.615 2
2772.734 2
2772.854 0
2772.974 0
2773.094 0
2773.213 0
2773.333 0
2773.453 0
2773.573 0
2773.692 2
2773.812 2
2773.932 2
2774.052 2
2774.172 0
2774.291 0
2774.411 0
2774.531 0
2774.651 0
2774.771 0
2774.890 0
2775.010 0
2775.130 0
2775.250 0
2775.370 2
2775.489 3
2775.609 5
2775.729 5
2775.849 3
2775.969 2
2776.088 2
2776.208 2
2776.328 2
2776.448 2
2776.568 1
2776.688 1
2776.808 3
2776.927 5
2777.047 8
2777.167 9
2777.287 11
2777.407 9
2777.527 5
2777.647 4
2777.766 2
2777.886 2
2778.006 2
2778.126 2
2778.246 0
2778.366 0
2778.486 0
2778.606 0
2778.725 0
2778.845 0
2778.965 1
2779.085 1
2779.205 1
2779.325 1
2779.445 1
2779.565 1
2779.685 2
2779.805 2
2779.924 1
2780.044 1
2780.164 0
2780.284 0
2780.404 0
2780.524 0
2780.644 0
2780.764 0
2780.884 0
2781.004 0
2781.124 0
2781.244 0
2781.364 0
2781.484 0
2781.603 0
2781.723 0
2781.843 0
2781.963 0
2782.083 0
2782.203 0
2782.323 0
2782.443 1
2782.563 2
2782.683 3
2782.803 5
2782.923 7
2783.043 6
2783.163 5
2783.283 3
2783.403 1
2783.523 1
2783.643 1
2783.763 3
2783.883 2
2784.003 5
2784.123 7
2784.243 9
2784.363 10
2784.483 11
2784.603 9
2784.723 7
2784.843 6
2784.963 2
2785.083 2
2785.203 0
2785.323 0
2785.443 1
2785.563 1
2785.683 1
2785.803 1
2785.924 0
2786.044 0
2786.164 0
2786.284 0
2786.404 0
2786.524 1
2786.644 1
2786.764 1
2786.884 1
2787.004 0
2787.124 0
2787.244 0
2787.364 0
2787.484 0
2787.604 0
2787.725 0
2787.845 0
2787.965 0
2788.085 0
2788.205 0
2788.325 2
2788.445 3
2788.565 5
2788.685 6
2788.805 6
2788.926 5
2789.046 4
2789.166 4
2789.286 3
2789.406 4
2789.526 3
2789.646 2
2789.766 3
2789.887 4
2790.007 4
2790.127 4
2790.247 5
2790.367 5
2790.487 6
2790.607 6
2790.728 4
2790.848 4
2790.968 3
2791.088 3
2791.208 5
2791.328 4
2791.449 4
2791.569 4
2791.689 1
2791.809 0
2791.929 0
2792.049 1
2792.170 1
2792.290 1
2792.410 1
2792.530 0
2792.650 0
2792.771 0
2792.891 0
2793.011 0
2793.131 0
2793.251 0
2793.372 1
2793.492 2
2793.612 2
2793.732 2
2793.852 1
2793.973 1
2794.093 1
2794.213 1
2794.333 2
2794.454 2
2794.574 2
2794.694 2
2794.814 2
2794.935 1
2795.055 1
2795.175 1
2795.295 0
2795.416 0
2795.536 0
2795.656 0
2795.776 0
2795.897 0
2796.017 1
2796.137 1
2796.257 1
2796.378 1
2796.498 0
2796.618 0
2796.739 0
2796.859 2
2796.979 2
2797.099 2
2797.220 2
2797.340 0
2797.460 0
2797.581 0
2797.701 0
2797.821 0
2797.942 0
2798.062 1
2798.182 2
2798.302 2
2798.423 2
2798.543 1
2798.663 0
2798.784 0
2798.904 0
2799.024 0
2799.145 0
2799.265 1
2799.385 1
2799.506 1
2799.626 1
2799.747 0
2799.867 0
2799.987 0
2800.108 0
2800.228 1
2800.348 1
2800.469 1
2800.589 1
2800.709 0
2800.830 0
2800.950 1
2801.071 1
2801.191 1
2801.311 1
2801.432 0
2801.552 1
2801.672 1
2801.793 1
2801.913 1
2802.034 2
2802.154 2
2802.274 2
2802.395 2
2802.515 0
2802.636 0
2802.756 0
2802.877 0
2802.997 0
2803.117 0
2803.238 0
2803.358 0
2803.479 0
2803.599 0
2803.720 0
2803.840 0
2803.960 1
2804.081 3
2804.201 3
2804.322 3
2804.442 3
2804.563 1
2804.683 1
2804.804 1
2804.924 0
2805.045 0
2805.165 0
2805.286 2
2805.406 3
2805.526 5
2805.647 5
2805.767 4
2805.888 6
2806.008 5
2806.129 6
2806.249 5
2806.370 4
2806.490 3
2806.611 2
2806.731 2
2806.852 2
2806.972 2
2807.093 2
2807.213 4
2807.334 2
2807.454 2
2807.575 3
2807.696 1
2807.816 2
2807.937 3
2808.057 2
2808.178 2
2808.298 1
2808.419 0
2808.539 0
2808.660 0
2808.780 0
2808.901 0
2809.021 0
2809.142 0
2809.263 0
2809.383 0
2809.504 0
2809.624 0
2809.745 1
2809.865 1
2809.986 1
2810.107 1
2810.227 1
2810.348 1
2810.468 1
2810.589 1
2810.710 0
2810.830 0
2810.951 0
2811.071 3
2811.192 6
2811.313 6
2811.433 6
2811.554 3
2811.674 0
2811.795 1
2811.916 2
2812.036 3
2812.157 6
2812.277 5
2812.398 4
2812.519 3
2812.639 3
2812.760 3
2812.881 3
2813.001 3
2813.122 0
2813.243 0
2813.363 0
2813.484 0
2813.605 1
2813.725 1
2813.846 1
2813.967 1
2814.087 3
2814.208 3
2814.329 3
2814.449 3
2814.570 6
2814.691 5
2814.811 4
2814.932 5
2815.053 3
2815.173 3
2815.294 3
2815.415 1
2815.535 0
2815.656 0
2815.777 0
2815.898 0
2816.018 3
2816.139 3
2816.260 3
2816.380 5
2816.501 3
2816.622 3
2816.743 3
2816.863 1
2816.984 0
2817.105 0
2817.225 0
2817.346 0
2817.467 0
2817.588 1
2817.708 1
2817.829 1
2817.950 1
2818.071 0
2818.191 0
2818.312 1
2818.433 2
2818.554 4
2818.674 7
2818.795 7
2818.916 8
2819.037 7
2819.158 7
2819.278 8
2819.399 4
2819.520 4
2819.641 2
2819.762 2
2819.882 1
2820.003 1
2820.124 1
2820.245 0
2820.366 1
2820.486 1
2820.607 2
2820.728 2
2820.849 1
2820.970 1
2821.090 0
2821.211 0
2821.332 0
2821.453 0
2821.574 0
2821.695 0
2821.815 0
2821.936 0
2822.057 0
2822.178 0
2822.299 0
2822.420 0
2822.540 0
2822.661 0
2822.782 1
2822.903 1
2823.024 1
2823.145 1
2823.266 0
2823.386 0
2823.507 0
2823.628 0
2823.749 0
2823.870 0
2823.991 1
2824.112 1
2824.233 1
2824.354 1
2824.474 3
2824.595 3
2824.716 3
2824.837 3
2824.958 3
2825.079 6
2825.200 6
2825.321 6
2825.442 4
2825.563 1
2825.684 1
2825.804 1
2825.925 0
2826.046 0
2826.167 3
2826.288 3
2826.409 3
2826.530 4
2826.651 2
2826.772 2
2826.893 2
2827.014 4
2827.135 3
2827.256 6
2827.377 6
2827.498 3
2827.619 3
2827.740 0
2827.861 0
2827.982 0
2828.102 0
2828.223 0
2828.344 4
2828.465 4
2828.586 4
2828.707 4
2828.828 3
2828.949 3
2829.070 3
2829.191 3
2829.312 0
2829.433 0
2829.554 0
2829.675 0
2829.796 0
2829.917 0
2830.038 0
2830.159 0
2830.280 0
2830.401 0
2830.523 0
2830.644 0
2830.765 0
2830.886 0
2831.007 0
2831.128 0
2831.249 2
2831.370 2
2831.491 2
2831.612 2
2831.733 1
2831.854 2
2831.975 3
2832.096 3
2832.217 3
2832.338 2
2832.459 1
2832.580 1
2832.701 2
2832.823 2
2832.944 2
2833.065 2
2833.186 0
2833.307 0
2833.428 0
2833.549 0
2833.670 1
2833.791 1
2833.912 1
2834.033 1
2834.155 0
2834.276 0
2834.397 0
2834.518 0
2834.639 0
2834.760 0
2834.881 0
2835.002 0
2835.123 3
2835.245 3
2835.366 3
2835.487 3
2835.608 0
2835.729 0
2835.850 0
2835.971 0
2836.093 0
2836.214 0
2836.335 0
2836.456 0
2836.577 0
2836.698 2
2836.820 3
2836.941 3
2837.062 3
2837.183 3
2837.304 2
2837.425 2
2837.547 2
2837.668 2
2837.789 2
2837.910 2
2838.031 2
2838.153 0
2838.274 0
2838.395 0
2838.516 0
2838.637 0
2838.759 0
2838.880 0
2839.001 1
2839.122 1
2839.243 4
2839.365 4
2839.486 3
2839.607 3
2839.728 0
2839.850 0
2839.971 0
2840.092 0
2840.213 0
2840.334 0
2840.456 1
2840.577 1
2840.698 1
2840.819 1
2840.941 3
2841.062 5
2841.183 7
2841.305 9
2841.426 9
2841.547 8
2841.668 9
2841.790 6
2841.911 4
2842.032 4
2842.153 3
2842.275 1
2842.396 1
2842.517 1
2842.639 0
2842.760 0
2842.881 0
2843.002 0
2843.124 0
2843.245 2
2843.366 2
2843.488 2
2843.609 2
2843.730 1
2843.852 5
2843.973 6
2844.094 10
2844.216 9
2844.337 5
2844.458 4
2844.580 1
2844.701 1
2844.822 1
2844.944 1
2845.065 0
2845.186 0
2845.308 0
2845.429 0
2845.550 0
2845.672 0
2845.793 0
2845.914 2
2846.036 2
2846.157 2
2846.279 2
2846.400 0
2846.521 1
2846.643 1
2846.764 1
2846.885 1
2847.007 0
2847.128 0
2847.250 3
2847.371 4
2847.492 7
2847.614 7
2847.735 4
2847.857 4
2847.978 1
2848.099 1
2848.221 1
2848.342 0
2848.464 0
2848.585 0
2848.707 0
2848.828 0
2848.949 0
2849.071 0
2849.192 1
2849.314 1
2849.435 1
2849.557 1
2849.678 0
2849.799 0
2849.921 1
2850.042 1
2850.164 2
2850.285 3
2850.407 3
2850.528 4
2850.650 4
2850.771 4
2850.893 4
2851.014 1
2851.136 1
2851.257 1
2851.379 1
2851.500 0
2851.622 0
2851.743 0
2851.865 0
2851.986 0
2852.107 0
2852.229 0
2852.351 0
2852.472 1
2852.594 3
2852.715 3
2852.837 3
2852.958 4
2853.080 2
2853.201 2
2853.323 2
2853.444 0
2853.566 0
2853.687 2
2853.809 3
2853.930 3
2854.052 3
2854.173 2
2854.295 1
2854.416 3
2854.538 4
2854.660 4
2854.781 4
2854.903 3
2855.024 2
2855.146 1
2855.267 1
2855.389 0
2855.511 0
2855.632 0
2855.754 0
2855.875 0
2855.997 0
2856.118 1
2856.240 1
2856.362 1
2856.483 1
2856.605 0
2856.726 2
2856.848 2
2856.970 2
2857.091 2
2857.213 1
2857.334 1
2857.456 1
2857.578 1
2857.699 4
2857.821 3
2857.943 3
2858.064 2
2858.186 1
2858.307 1
2858.429 0
2858.551 0
2858.672 0
2858.794 0
2858.916 3
2859.037 3
2859.159 3
2859.281 3
2859.402 1
2859.524 1
2859.646 1
2859.767 1
2859.889 0
2860.011 0
2860.132 0
2860.254 0
2860.376 0
2860.497 0
2860.619 0
2860.741 0
2860.862 0
2860.984 0
2861.106 0
2861.227 0
2861.349 0
2861.471 0
2861.593 2
2861.714 2
2861.836 2
2861.958 2
2862.079 1
2862.201 2
2862.323 2
2862.445 2
2862.566 1
2862.688 0
2862.810 1
2862.931 1
2863.053 1
2863.175 1
2863.297 3
2863.418 5
2863.540 5
2863.662 5
2863.784 3
2863.905 1
2864.027 1
2864.149 1
2864.271 0
2864.393 0
2864.514 0
2864.636 0
2864.758 0
2864.880 1
2865.001 1
2865.123 1
2865.245 1
2865.367 0
2865.489 0
2865.610 0
2865.732 0
2865.854 0
2865.976 0
2866.098 0
2866.219 1
2866.341 1
2866.463 2
2866.585 2
2866.707 3
2866.828 3
2866.950 2
2867.072 2
2867.194 0
2867.316 0
2867.438 0
2867.559 0
2867.681 0
2867.803 0
2867.925 1
2868.047 1
2868.169 1
2868.290 1
2868.412 0
2868.534 0
2868.656 0
2868.778 1
2868.900 2
2869.022 2
2869.143 3
2869.265 3
2869.387 3
2869.509 4
2869.631 6
2869.753 5
2869.875 4
2869.997 3
2870.119 2
2870.240 2
2870.362 2
2870.484 3
2870.606 1
2870.728 1
2870.850 2
2870.972 1
2871.094 1
2871.216 1
2871.338 0
2871.459 1
2871.581 1
2871.703 1
2871.825 1
2871.947 0
2872.069 0
2872.191 0
2872.313 0
2872.435 0
2872.557 0
2872.679 0
2872.801 1
2872.923 1
2873.045 2
2873.167 2
2873.289 8
2873.411 8
2873.533 9
2873.654 9
2873.776 2
2873.898 3
2874.020 1
2874.142 2
2874.264 2
2874.386 2
2874.508 2
2874.630 1
2874.752 1
2874.874 0
2874.996 0
2875.118 1
2875.240 1
2875.362 1
2875.484 1
2875.606 0
2875.728 0
2875.850 0
2875.972 2
2876.094 2
2876.216 2
2876.338 2
2876.460 0
2876.583 0
2876.705 1
2876.827 1
2876.949 1
2877.071 1
2877.193 0
2877.315 1
2877.437 2
2877.559 2
2877.681 2
2877.803 1
2877.925 0
2878.047 1
2878.169 1
2878.291 1
2878.413 1
2878.535 1
2878.657 1
2878.780 2
2878.902 2
2879.024 1
2879.146 1
2879.268 0
2879.390 1
2879.512 1
2879.634 1
2879.756 1
2879.878 0
2880.000 0
2880.123 1
2880.245 1
2880.367 1
2880.489 1
2880.611 2
2880.733 2
2880.855 3
2880.977 3
2881.100 2
2881.222 2
2881.344 1
2881.466 1
2881.588 0
2881.710 0
2881.832 0
2881.955 0
2882.077 0
2882.199 0
2882.321 0
2882.443 0
2882.565 0
2882.687 0
2882.810 0
2882.932 0
2883.054 2
2883.176 2
2883.298 2
2883.421 2
2883.543 1
2883.665 1
2883.787 1
2883.909 1
2884.031 0
2884.154 0
2884.276 1
2884.398 1
2884.520 2
2884.642 2
2884.765 2
2884.887 2
2885.009 1
2885.131 1
2885.254 1
2885.376 1
2885.498 1
2885.620 1
2885.742 0
2885.865 1
2885.987 1
2886.109 1
2886.231 1
2886.354 0
2886.476 1
2886.598 1
2886.720 3
2886.843 3
2886.965 2
2887.087 5
2887.209 3
2887.332 3
2887.454 3
2887.576 2
2887.698 2
2887.821 2
2887.943 2
2888.065 0
2888.188 0
2888.310 0
2888.432 1
2888.554 2
2888.677 3
2888.799 4
2888.921 3
2889.044 3
2889.166 2
2889.288 1
2889.411 2
2889.533 3
2889.655 3
2889.778 3
2889.900 2
2890.022 2
2890.144 2
2890.267 2
2890.389 4
2890.511 2
2890.634 3
2890.756 3
2890.879 1
2891.001 1
2891.123 4
2891.246 4
2891.368 4
2891.490 4
2891.613 1
2891.735 1
2891.857 3
2891.980 4
2892.102 3
2892.224 4
2892.347 2
2892.469 2
2892.592 3
2892.714 3
2892.836 3
2892.959 2
2893.081 1
2893.204 0
2893.326 0
2893.448 0
2893.571 0
2893.693 1
2893.816 1
2893.938 1
2894.060 1
2894.183 0
2894.305 0
2894.428 2
2894.550 2
2894.672 2
2894.795 2
2894.917 2
2895.040 2
2895.162 2
2895.285 2
2895.407 1
2895.529 1
2895.652 1
2895.774 1
2895.897 0
2896.019 0
2896.142 0
2896.264 0
2896.387 0
2896.509 2
2896.632 4
2896.754 6
2896.876 7
2896.999 9
2897.121 11
2897.244 11
2897.366 12
2897.489 9
2897.611 7
2897.734 5
2897.856 6
2897.979 5
2898.101 4
2898.224 4
2898.346 1
2898.469 1
2898.591 2
2898.714 2
2898.836 2
2898.959 3
2899.081 2
2899.204 2
2899.326 2
2899.449 1
2899.572 0
2899.694 0
2899.817 1
2899.939 1
2900.062 1
2900.184 1
2900.307 0
2900.429 0
2900.552 0
2900.674 0
2900.797 0
2900.920 0
2901.042 0
2901.165 0
2901.287 0
2901.410 0
2901.532 1
2901.655 1
2901.778 1
2901.900 1
2902.023 0
2902.145 0
2902.268 0
2902.390 0
2902.513 0
2902.636 0
2902.758 0
2902.881 2
2903.003 4
2903.126 4
2903.249 4
2903.371 6
2903.494 9
2903.617 7
2903.739 5
2903.862 5
2903.984 3
2904.107 3
2904.230 3
2904.352 1
2904.475 1
2904.598 1
2904.720 1
2904.843 1
2904.965 0
2905.088 0
2905.211 0
2905.333 0
2905.456 2
2905.579 4
2905.701 4
2905.824 4
2905.947 2
2906.069 4
2906.192 3
2906.315 5
2906.437 4
2906.560 3
2906.683 3
2906.806 1
2906.928 1
2907.051 1
2907.174 1
2907.296 0
2907.419 0
2907.542 2
2907.664 2
2907.787 2
2907.910 2
2908.033 1
2908.155 2
2908.278 2
2908.401 2
2908.523 2
2908.646 1
2908.769 2
2908.892 2
2909.014 1
2909.137 1
2909.260 0
2909.383 0
2909.505 0
2909.628 0
2909.751 0
2909.874 0
2909.996 2
2910.119 2
2910.242 2
2910.365 2
2910.487 3
2910.610 3
2910.733 3
2910.856 3
2910.978 2
2911.101 2
2911.224 2
2911.347 2
2911.470 1
2911.592 2
2911.715 3
2911.838 4
2911.961 5
2912.084 6
2912.206 7
2912.329 8
2912.452 7
2912.575 6
2912.698 5
2912.820 2
2912.943 2
2913.066 2
2913.189 2
2913.312 3
2913.435 4
2913.557 4
2913.680 4
2913.803 1
2913.926 1
2914.049 1
2914.172 1
2914.294 1
2914.417 0
2914.540 0
2914.663 0
2914.786 0
2914.909 0
2915.032 0
2915.154 0
2915.277 0
2915.400 0
2915.523 0
2915.646 0
2915.769 1
2915.892 1
2916.015 1
2916.137 4
2916.260 3
2916.383 4
2916.506 4
2916.629 1
2916.752 1
2916.875 0
2916.998 0
2917.121 0
2917.244 0
2917.366 3
2917.489 3
2917.612 3
2917.735 3
2917.858 2
2917.981 2
2918.104 2
2918.227 3
2918.350 3
2918.473 3
2918.596 3
2918.719 2
2918.842 5
2918.965 4
2919.088 3
2919.211 2
2919.333 1
2919.456 1
2919.579 1
2919.702 4
2919.825 3
2919.948 4
2920.071 5
2920.194 5
2920.317 7
2920.440 7
2920.563 7
2920.686 5
2920.809 2
2920.932 2
2921.055 2
2921.178 2
2921.301 0
2921.424 3
2921.547 3
2921.670 3
2921.793 3
2921.916 2
2922.039 2
2922.162 2
2922.285 6
2922.408 5
2922.531 5
2922.654 6
2922.777 2
2922.900 1
2923.023 1
2923.146 2
2923.270 2
2923.393 2
2923.516 4
2923.639 2
2923.762 3
2923.885 3
2924.008 1
2924.131 1
2924.254 0
2924.377 0
2924.500 0
2924.623 0
2924.746 0
2924.869 0
2924.992 0
2925.115 1
2925.239 1
2925.362 1
2925.485 2
2925.608 2
2925.731 5
2925.854 5
2925.977 7
2926.100 7
2926.223 6
2926.346 7
2926.470 6
2926.593 5
2926.716 3
2926.839 2
2926.962 0
2927.085 0
2927.208 0
2927.331 0
2927.455 0
2927.578 1
2927.701 1
2927.824 2
2927.947 2
2928.070 2
2928.193 2
2928.317 1
2928.440 1
2928.563 0
2928.686 0
2928.809 0
2928.932 3
2929.055 3
2929.179 4
2929.302 4
2929.425 1
2929.548 1
2929.671 2
2929.795 2
2929.918 2
2930.041 5
2930.164 3
2930.287 3
2930.410 3
2930.534 3
2930.657 3
2930.780 3
2930.903 3
2931.027 0
2931.150 1
2931.273 1
2931.396 1
2931.519 1
2931.643 0
2931.766 0
2931.889 3
2932.012 3
2932.136 3
2932.259 3
2932.382 0
2932.505 1
2932.628 1
2932.752 1
2932.875 1
2932.998 1
2933.121 1
2933.245 1
2933.368 1
2933.491 0
2933.615 0
2933.738 0
2933.861 0
2933.984 0
2934.108 1
2934.231 1
2934.354 1
2934.477 1
2934.601 2
2934.724 2
2934.847 2
2934.971 2
2935.094 0
2935.217 0
2935.340 0
2935.464 0
2935.587 0
2935.710 0
2935.834 1
2935.957 1
2936.080 4
2936.204 4
2936.327 3
2936.450 3
2936.574 4
2936.697 4
2936.820 4
2936.944 4
2937.067 3
2937.190 3
2937.314 3
2937.437 3
2937.560 0
2937.684 0
2937.807 0
2937.930 0
2938.054 0
2938.177 0
2938.301 0
2938.424 1
2938.547 1
2938.671 1
2938.794 1
2938.917 0
2939.041 0
2939.164 3
2939.288 3
2939.411 3
2939.534 3
2939.658 0
2939.781 0
2939.905 0
2940.028 0
2940.151 0
2940.275 0
2940.398 1
2940.522 1
2940.645 1
2940.768 1
2940.892 0
2941.015 0
2941.139 0
2941.262 0
2941.386 0
2941.509 0
2941.632 0
2941.756 0
2941.879 0
2942.003 0
2942.126 0
2942.250 0
2942.373 1
2942.497 1
2942.620 1
2942.743 1
2942.867 1
2942.990 1
2943.114 1
2943.237 1
2943.361 0
2943.484 0
2943.608 0
2943.731 0
2943.855 0
2943.978 0
2944.102 0
2944.225 2
2944.349 2
2944.472 2
2944.596 3
2944.719 4
2944.843 4
2944.966 4
2945.090 3
2945.213 0
2945.337 1
2945.460 1
2945.584 1
2945.707 2
2945.831 1
2945.954 1
2946.078 1
2946.201 0
2946.325 2
2946.449 2
2946.572 2
2946.696 2
2946.819 0
2946.943 0
2947.066 0
2947.190 1
2947.313 2
2947.437 3
2947.561 5
2947.684 5
2947.808 5
2947.931 5
2948.055 5
2948.178 4
2948.302 3
2948.426 3
2948.549 1
2948.673 1
2948.796 2
2948.920 1
2949.044 1
2949.167 1
2949.291 0
2949.414 0
2949.538 0
2949.662 0
2949.785 1
2949.909 1
2950.032 1
2950.156 3
2950.280 3
2950.403 3
2950.527 3
2950.651 2
2950.774 1
2950.898 1
2951.021 1
2951.145 0
2951.269 0
2951.392 0
2951.516 3
2951.640 3
2951.763 3
2951.887 3
2952.011 0
2952.134 0
2952.258 0
2952.382 1
2952.505 1
2952.629 2
2952.753 2
2952.876 4
2953.000 4
2953.124 3
2953.247 4
2953.371 1
2953.495 2
2953.618 2
2953.742 1
2953.866 1
2953.990 0
2954.113 0
2954.237 0
2954.361 0
2954.484 0
2954.608 0
2954.732 0
2954.856 0
2954.979 2
2955.103 2
2955.227 2
2955.350 3
2955.474 1
2955.598 1
2955.722 1
2955.845 0
2955.969 0
2956.093 0
2956.217 0
2956.340 0
2956.464 0
2956.588 2
2956.712 2
2956.835 2
2956.959 2
2957.083 1
2957.207 1
2957.331 1
2957.454 1
2957.578 0
2957.702 0
2957.826 0
2957.949 0
2958.073 1
2958.197 1
2958.321 1
2958.445 2
2958.568 1
2958.692 1
2958.816 1
2958.940 3
2959.064 3
2959.187 3
2959.311 7
2959.435 7
2959.559 8
2959.683 8
2959.807 5
2959.930 3
2960.054 2
2960.178 2
2960.302 1
2960.426 0
2960.550 0
2960.673 0
2960.797 0
2960.921 0
2961.045 1
2961.169 1
2961.293 1
2961.417 1
2961.540 0
2961.664 0
2961.788 0
2961.912 0
2962.036 0
2962.160 3
2962.284 4
2962.408 4
2962.531 4
2962.655 1
2962.779 0
2962.903 0
2963.027 0
2963.151 0
2963.275 0
2963.399 0
2963.523 0
2963.647 0
2963.770 1
2963.894 2
2964.018 3
2964.142 4
2964.266 3
2964.390 2
2964.514 1
2964.638 0
2964.762 1
2964.886 1
2965.010 4
2965.134 4
2965.258 3
2965.382 3
2965.506 0
2965.629 0
2965.753 0
2965.877 0
2966.001 0
2966.125 1
2966.249 2
2966.373 2
2966.497 2
2966.621 1
2966.745 2
2966.869 3
2966.993 3
2967.117 3
2967.241 2
2967.365 1
2967.489 1
2967.613 1
2967.737 0
2967.861 0
2967.985 0
2968.109 0
2968.233 0
2968.357 0
2968.481 0
2968.605 0
2968.729 0
2968.853 0
2968.977 0
2969.101 0
2969.225 0
2969.349 0
2969.473 0
2969.597 0
2969.721 0
2969.845 0
2969.969 0
2970.094 0
2970.218 0
2970.342 0
2970.466 0
2970.590 0
2970.714 0
2970.838 1
2970.962 1
2971.086 1
2971.210 1
2971.334 0
2971.458 0
2971.582 1
2971.706 2
2971.830 3
2971.955 4
2972.079 3
2972.203 2
2972.327 1
2972.451 0
2972.575 1
2972.699 1
2972.823 1
2972.947 1
2973.071 0
2973.196 0
2973.320 0
2973.444 0
2973.568 0
2973.692 0
2973.816 0
2973.940 0
2974.064 0
2974.189 0
2974.313 0
2974.437 0
2974.561 0
2974.685 0
2974.809 0
2974.933 0
2975.058 0
2975.182 0
2975.306 0
2975.430 0
2975.554 0
2975.678 3
2975.803 3
2975.927 3
2976.051 3
2976.175 0
2976.299 0
2976.424 0
2976.548 0
2976.672 0
2976.796 1
2976.920 1
2977.044 1
2977.169 4
2977.293 3
2977.417 3
2977.541 3
2977.665 0
2977.790 0
2977.914 0
2978.038 0
2978.162 0
2978.287 0
2978.411 0
2978.535 0
2978.659 0
2978.783 0
2978.908 1
2979.032 1
2979.156 1
2979.280 1
2979.405 0
2979.529 0
2979.653 1
2979.777 3
2979.902 3
2980.026 3
2980.150 2
2980.275 0
2980.399 0
2980.523 0
2980.647 0
2980.772 0
2980.896 0
2981.020 1
2981.144 5
2981.269 6
2981.393 8
2981.517 11
2981.642 11
2981.766 11
2981.890 11
2982.015 8
2982.139 4
2982.263 3
2982.387 1
2982.512 0
2982.636 0
2982.760 0
2982.885 0
2983.009 0
2983.133 1
2983.258 1
2983.382 1
2983.506 1
2983.631 0
2983.755 1
2983.879 3
2984.004 4
2984.128 5
2984.252 5
2984.377 7
2984.501 5
2984.625 3
2984.750 1
2984.874 0
2984.999 0
2985.123 0
2985.247 0
2985.372 0
2985.496 0
2985.620 0
2985.745 0
2985.869 0
2985.994 0
2986.118 0
2986.242 0
2986.367 1
2986.491 1
2986.616 1
2986.740 1
2986.864 0
2986.989 0
2987.113 0
2987.238 0
2987.362 0
2987.486 0
2987.611 0
2987.735 0
2987.860 0
2987.984 0
2988.109 0
2988.233 0
2988.357 0
2988.482 0
2988.606 0
2988.731 0
2988.855 0
2988.980 0
2989.104 0
2989.229 0
2989.353 0
2989.478 0
2989.602 0
2989.726 0
2989.851 0
2989.975 0
2990.100 0
2990.224 0
2990.349 1
2990.473 1
2990.598 1
2990.722 1
2990.847 1
2990.971 1
2991.096 1
2991.220 1
2991.345 0
2991.469 2
2991.594 2
2991.718 2
2991.843 2
2991.967 0
2992.092 0
2992.216 0
2992.341 0
2992.465 0
2992.590 1
2992.714 1
2992.839 1
2992.964 1
2993.088 1
2993.213 1
2993.337 1
2993.462 1
2993.586 0
2993.711 0
2993.835 0
2993.960 0
2994.085 1
2994.209 1
2994.334 1
2994.458 1
2994.583 0
2994.707 0
2994.832 0
2994.956 0
2995.081 2
2995.206 2
2995.330 2
2995.455 2
2995.579 1
2995.704 1
2995.829 1
2995.953 1
2996.078 0
2996.202 0
2996.327 0
2996.452 0
2996.576 2
2996.701 3
2996.826 4
2996.950 5
2997.075 5
2997.199 5
2997.324 5
2997.449 4
2997.573 5
2997.698 5
2997.823 5
2997.947 2
2998.072 0
2998.196 0
2998.321 0
2998.446 0
2998.570 0
2998.695 0
2998.820 0
2998.944 0
2999.069 3
2999.194 3
2999.318 3
2999.443 3
2999.568 0
2999.692 0
2999.817 0
2999.942 1
3000.067 2
3000.191 2
3000.316 5
3000.441 4
3000.565 3
3000.690 3
3000.815 0
3000.939 0
3001.064 0
3001.189 0
3001.314 0
3001.438 1
3001.563 1
3001.688 1
3001.812 1
3001.937 1
3002.062 2
3002.187 2
3002.311 2
3002.436 2
3002.561 1
3002.686 2
3002.810 2
3002.935 2
3003.060 3
3003.185 2
3003.309 4
3003.434 3
3003.559 4
3003.684 4
3003.808 2
3003.933 2
3004.058 1
3004.183 1
3004.307 1
3004.432 1
3004.557 0
3004.682 0
3004.807 0
3004.931 1
3005.056 3
3005.181 3
3005.306 3
3005.431 3
3005.555 3
3005.680 3
3005.805 5
3005.930 4
3006.055 5
3006.179 5
3006.304 3
3006.429 3
3006.554 1
3006.679 2
3006.804 2
3006.928 2
3007.053 1
3007.178 0
3007.303 0
3007.428 1
3007.553 3
3007.678 3
3007.802 3
3007.927 2
3008.052 2
3008.177 2
3008.302 2
3008.427 2
3008.552 0
3008.676 0
3008.801 0
3008.926 0
3009.051 0
3009.176 0
3009.301 0
3009.426 1
3009.551 2
3009.675 3
3009.800 4
3009.925 5
3010.050 6
3010.175 7
3010.300 11
3010.425 9
3010.550 8
3010.675 6
3010.800 1
3010.925 1
3011.049 2
3011.174 2
3011.299 2
3011.424 2
3011.549 1
3011.674 1
3011.799 2
3011.924 3
3012.049 2
3012.174 2
3012.299 4
3012.424 5
3012.549 5
3012.674 5
3012.799 5
3012.924 4
3013.049 4
3013.174 7
3013.298 4
3013.423 3
3013.548 3
3013.673 0
3013.798 0
3013.923 0
3014.048 3
3014.173 4
3014.298 4
3014.423 5
3014.548 7
3014.673 5
3014.798 4
3014.923 2
3015.048 1
3015.173 1
3015.298 1
3015.423 1
3015.548 0
3015.673 0
3015.798 1
3015.923 1
3016.048 3
3016.174 3
3016.299 2
3016.424 2
3016.549 3
3016.674 3
3016.799 3
3016.924 6
3017.049 3
3017.174 3
3017.299 3
3017.424 1
3017.549 1
3017.674 1
3017.799 1
3017.924 0
3018.049 0
3018.174 0
3018.299 0
3018.425 0
3018.550 0
3018.675 0
3018.800 0
3018.925 0
3019.050 1
3019.175 1
3019.300 1
3019.425 3
3019.550 2
3019.675 2
3019.801 2
3019.926 0
3020.051 0
3020.176 0
3020.301 0
3020.426 0
3020.551 0
3020.676 0
3020.802 0
3020.927 0
3021.052 0
3021.177 0
3021.302 0
3021.427 0
3021.552 0
3021.678 0
3021.803 0
3021.928 0
3022.053 3
3022.178 3
3022.303 3
3022.428 3
3022.554 4
3022.679 6
3022.804 8
3022.929 10
3023.054 12
3023.179 10
3023.305 8
3023.430 8
3023.555 4
3023.680 4
3023.805 5
3023.931 3
3024.056 1
3024.181 1
3024.306 0
3024.431 1
3024.557 1
3024.682 1
3024.807 1
3024.932 0
3025.057 1
3025.183 1
3025.308 2
3025.433 3
3025.558 3
3025.684 3
3025.809 2
3025.934 4
3026.059 3
3026.185 3
3026.310 3
3026.435 0
3026.560 0
3026.686 0
3026.811 0
3026.936 0
3027.061 2
3027.187 2
3027.312 2
3027.437 4
3027.562 3
3027.688 3
3027.813 3
3027.938 3
3028.064 2
3028.189 2
3028.314 2
3028.439 1
3028.565 1
3028.690 1
3028.815 1
3028.941 0
3029.066 2
3029.191 2
3029.317 2
3029.442 4
3029.567 2
3029.692 2
3029.818 2
3029.943 0
3030.068 0
3030.194 0
3030.319 0
3030.444 0
3030.570 0
3030.695 0
3030.820 0
3030.946 0
3031.071 0
3031.196 0
3031.322 1
3031.447 1
3031.573 1
3031.698 1
3031.823 0
3031.949 2
3032.074 2
3032.199 2
3032.325 2
3032.450 1
3032.575 1
3032.701 2
3032.826 3
3032.952 3
3033.077 4
3033.202 3
3033.328 2
3033.453 4
3033.579 3
3033.704 3
3033.829 3
3033.955 0
3034.080 0
3034.206 2
3034.331 2
3034.456 2
3034.582 2
3034.707 2
3034.833 2
3034.958 2
3035.084 3
3035.209 1
3035.334 1
3035.460 1
3035.585 1
3035.711 1
3035.836 2
3035.962 2
3036.087 1
3036.213 1
3036.338 0
3036.464 1
3036.589 2
3036.714 6
3036.840 7
3036.965 7
3037.091 7
3037.216 4
3037.342 2
3037.467 2
3037.593 2
3037.718 3
3037.844 2
3037.969 3
3038.095 3
3038.220 5
3038.346 4
3038.471 3
3038.597 3
3038.722 1
3038.848 1
3038.973 1
3039.099 1
3039.224 0
3039.350 0
3039.475 0
3039.601 2
3039.726 3
3039.852 4
3039.978 6
3040.103 6
3040.229 6
3040.354 9
3040.480 6
3040.605 5
3040.731 5
3040.856 2
3040.982 2
3041.107 2
3041.233 2
3041.359 4
3041.484 3
3041.610 5
3041.735 5
3041.861 3
3041.986 3
3042.112 2
3042.238 2
3042.363 2
3042.489 1
3042.614 0
3042.740 0
3042.866 3
3042.991 4
3043.117 4
3043.242 4
3043.368 1
3043.494 0
3043.619 0
3043.745 0
3043.870 0
3043.996 0
3044.122 0
3044.247 0
3044.373 0
3044.499 0
3044.624 0
3044.750 0
3044.875 0
3045.001 0
3045.127 0
3045.252 0
3045.378 1
3045.504 2
3045.629 2
3045.755 2
3045.881 1
3046.006 0
3046.132 0
3046.258 0
3046.383 0
3046.509 0
3046.635 0
3046.760 0
3046.886 0
3047.012 0
3047.137 0
3047.263 0
3047.389 1
3047.515 1
3047.640 1
3047.766 1
3047.892 1
3048.017 1
3048.143 1
3048.269 1
3048.394 0
3048.520 0
3048.646 0
3048.772 2
3048.897 2
3049.023 2
3049.149 2
3049.275 2
3049.400 3
3049.526 4
3049.652 7
3049.777 5
3049.903 4
3050.029 4
3050.155 4
3050.280 4
3050.406 5
3050.532 4
3050.658 1
3050.784 1
3050.909 0
3051.035 0
3051.161 0
3051.287 0
3051.412 1
3051.538 1
3051.664 2
3051.790 2
3051.916 1
3052.041 1
3052.167 0
3052.293 0
3052.419 0
3052.544 1
3052.670 1
3052.796 1
3052.922 2
3053.048 1
3053.174 1
3053.299 3
3053.425 4
3053.551 4
3053.677 4
3053.803 2
3053.928 1
3054.054 1
3054.180 4
3054.306 4
3054.432 3
3054.558 3
3054.684 1
3054.809 1
3054.935 2
3055.061 3
3055.187 3
3055.313 3
3055.439 3
3055.565 2
3055.690 2
3055.816 2
3055.942 1
3056.068 2
3056.194 1
3056.320 1
3056.446 1
3056.572 1
3056.697 1
3056.823 1
3056.949 1
3057.075 0
3057.201 0
3057.327 0
3057.453 0
3057.579 0
3057.705 0
3057.831 0
3057.956 0
3058.082 0
3058.208 0
3058.334 0
3058.460 0
3058.586 0
3058.712 0
3058.838 0
3058.964 0
3059.090 0
3059.216 0
3059.342 0
3059.468 0
3059.594 0
3059.720 0
3059.845 0
3059.971 0
3060.097 1
3060.223 1
3060.349 1
3060.475 2
3060.601 1
3060.727 1
3060.853 1
3060.979 3
3061.105 3
3061.231 3
3061.357 3
3061.483 1
3061.609 1
3061.735 1
3061.861 1
3061.987 2
3062.113 2
3062.239 2
3062.365 2
3062.491 5
3062.617 4
3062.743 3
3062.869 2
3062.995 0
3063.121 0
3063.247 0
3063.373 0
3063.499 0
3063.625 1
3063.751 1
3063.877 1
3064.004 1
3064.130 0
3064.256 1
3064.382 1
3064.508 2
3064.634 2
3064.760 2
3064.886 2
3065.012 1
3065.138 1
3065.264 0
3065.390 0
3065.516 0
3065.642 0
3065.768 0
3065.894 0
3066.021 0
3066.147 0
3066.273 0
3066.399 0
3066.525 1
3066.651 1
3066.777 2
3066.903 2
3067.029 1
3067.155 1
3067.282 0
3067.408 0
3067.534 0
3067.660 0
3067.786 0
3067.912 0
3068.038 0
3068.164 0
3068.291 0
3068.417 0
3068.543 0
3068.669 0
3068.795 3
3068.921 3
3069.047 3
3069.174 3
3069.300 2
3069.426 2
3069.552 2
3069.678 4
3069.804 2
3069.931 2
3070.057 2
3070.183 0
3070.309 0
3070.435 0
3070.561 0
3070.688 0
3070.814 0
3070.940 0
3071.066 0
3071.192 0
3071.319 0
3071.445 3
3071.571 3
3071.697 3
3071.823 3
3071.950 3
3072.076 3
3072.202 3
3072.328 3
3072.454 0
3072.581 0
3072.707 0
3072.833 0
3072.959 0
3073.086 0
3073.212 0
3073.338 0
3073.464 0
3073.591 0
3073.717 1
3073.843 2
3073.969 4
3074.096 6
3074.222 7
3074.348 12
3074.474 11
3074.601 10
3074.727 9
3074.853 5
3074.979 5
3075.106 5
3075.232 5
3075.358 2
3075.485 2
3075.611 2
3075.737 2
3075.863 2
3075.990 4
3076.116 4
3076.242 4
3076.369 5
3076.495 3
3076.621 3
3076.748 3
3076.874 0
3077.000 0
3077.126 0
3077.253 1
3077.379 1
3077.505 1
3077.632 1
3077.758 0
3077.884 0
3078.011 0
3078.137 0
3078.263 0
3078.390 0
3078.516 0
3078.643 0
3078.769 0
3078.895 0
3079.022 0
3079.148 0
3079.274 0
3079.401 0
3079.527 0
3079.653 0
3079.780 0
3079.906 0
3080.033 0
3080.159 0
3080.285 2
3080.412 2
3080.538 2
3080.664 2
3080.791 2
3080.917 2
3081.044 2
3081.170 2
3081.297 0
3081.423 0
3081.549 0
3081.676 0
3081.802 0
3081.929 1
3082.055 1
3082.181 1
3082.308 1
3082.434 0
3082.561 0
3082.687 0
3082.814 0
3082.940 0
3083.066 0
3083.193 0
3083.319 0
3083.446 0
3083.572 0
3083.699 0
3083.825 0
3083.952 0
3084.078 0
3084.205 0
3084.331 0
3084.458 0
3084.584 1
3084.711 1
3084.837 1
3084.963 1
3085.090 0
3085.216 0
3085.343 0
3085.469 0
3085.596 0
3085.722 0
3085.849 0
3085.975 0
3086.102 2
3086.228 3
3086.355 4
3086.481 4
3086.608 2
3086.735 1
3086.861 0
3086.988 0
3087.114 0
3087.241 0
3087.367 0
3087.494 0
3087.620 0
3087.747 0
3087.873 0
3088.000 0
3088.126 1
3088.253 1
3088.380 1
3088.506 1
3088.633 0
3088.759 0
3088.886 0
3089.012 0
3089.139 0
3089.266 0
3089.392 2
3089.519 2
3089.645 2
3089.772 2
3089.898 0
3090.025 0
3090.152 0
3090.278 0
3090.405 1
3090.531 1
3090.658 1
3090.785 1
3090.911 0
3091.038 0
3091.164 0
3091.291 0
3091.418 1
3091.544 1
3091.671 1
3091.798 1
3091.924 1
3092.051 2
3092.177 2
3092.304 2
3092.431 1
3092.557 0
3092.684 0
3092.811 0
3092.937 0
3093.064 0
3093.191 0
3093.317 0
3093.444 0
3093.571 0
3093.697 0
3093.824 0
3093.951 1
3094.077 1
3094.204 1
3094.331 1
3094.457 1
3094.584 3
3094.711 3
3094.837 3
3094.964 3
3095.091 6
3095.218 6
3095.344 6
3095.471 5
3095.598 5
3095.724 4
3095.851 3
3095.978 2
3096.104 1
3096.231 1
3096.358 1
3096.485 1
3096.611 3
3096.738 3
3096.865 3
3096.992 3
3097.118 2
3097.245 2
3097.372 4
3097.499 4
3097.625 2
3097.752 2
3097.879 1
3098.006 3
3098.132 3
3098.259 3
3098.386 3
3098.513 1
3098.639 1
3098.766 1
3098.893 0
3099.020 0
3099.147 0
3099.273 0
3099.400 1
3099.527 1
3099.654 3
3099.780 3
3099.907 3
3100.034 3
3100.161 2
3100.288 2
3100.414 1
3100.541 2
3100.668 1
3100.795 1
3100.922 1
3101.049 0
3101.175 0
3101.302 1
3101.429 1
3101.556 1
3101.683 1
3101.810 0
3101.936 0
3102.063 0
3102.190 0
3102.317 0
3102.444 0
3102.571 0
3102.697 0
3102.824 0
3102.951 0
3103.078 0
3103.205 0
3103.332 0
3103.459 0
3103.586 0
3103.712 0
3103.839 1
3103.966 1
3104.093 1
3104.220 1
3104.347 0
3104.474 0
3104.601 0
3104.728 0
3104.854 0
3104.981 0
3105.108 0
3105.235 0
3105.362 0
3105.489 0
3105.616 0
3105.743 0
3105.870 0
3105.997 0
3106.124 0
3106.251 0
3106.377 0
3106.504 0
3106.631 0
3106.758 1
3106.885 1
3107.012 1
3107.139 1
3107.266 1
3107.393 1
3107.520 1
3107.647 1
3107.774 0
3107.901 0
3108.028 0
3108.155 0
3108.282 0
3108.409 0
3108.536 0
3108.663 0
3108.790 0
3108.917 2
3109.044 2
3109.171 2
3109.298 2
3109.425 0
3109.552 0
3109.679 0
3109.806 0
3109.933 0
3110.060 0
3110.187 0
3110.314 0
3110.441 0
3110.568 0
3110.695 0
3110.822 0
3110.949 0
3111.076 0
3111.203 0
3111.330 0
3111.457 1
3111.584 1
3111.711 1
3111.838 2
3111.965 1
3112.092 1
3112.219 1
3112.346 0
3112.473 0
3112.600 0
3112.728 0
3112.855 0
3112.982 0
3113.109 0
3113.236 0
3113.363 0
3113.490 0
3113.617 0
3113.744 0
3113.871 2
3113.998 2
3114.125 2
3114.253 2
3114.380 0
3114.507 0
3114.634 1
3114.761 1
3114.888 1
3115.015 1
3115.142 1
3115.269 1
3115.397 1
3115.524 1
3115.651 0
3115.778 0
3115.905 0
3116.032 0
3116.159 0
3116.286 1
3116.414 1
3116.541 2
3116.668 2
3116.795 1
3116.922 1
3117.049 1
3117.177 1
3117.304 1
3117.431 4
3117.558 3
3117.685 3
3117.812 3
3117.940 2
3118.067 2
3118.194 2
3118.321 2
3118.448 0
3118.575 0
3118.703 0
3118.830 0
3118.957 1
3119.084 1
3119.211 3
3119.339 3
3119.466 4
3119.593 4
3119.720 2
3119.848 3
3119.975 2
3120.102 3
3120.229 4
3120.356 6
3120.484 5
3120.611 5
3120.738 5
3120.865 5
3120.993 7
3121.120 6
3121.247 5
3121.374 3
3121.502 1
3121.629 4
3121.756 7
3121.883 6
3122.011 6
3122.138 4
3122.265 1
3122.392 2
3122.520 3
3122.647 2
3122.774 2
3122.901 1
3123.029 0
3123.156 0
3123.283 0
3123.411 0
3123.538 0
3123.665 0
3123.793 0
3123.920 0
3124.047 0
3124.174 0
3124.302 0
3124.429 2
3124.556 5
3124.684 5
3124.811 6
3124.938 5
3125.066 6
3125.193 9
3125.320 9
3125.448 10
3125.575 7
3125.702 4
3125.830 4
3125.957 3
3126.084 3
3126.212 0
3126.339 0
3126.466 0
3126.594 0
3126.721 0
3126.848 0
3126.976 0
3127.103 0
3127.231 0
3127.358 0
3127.485 2
3127.613 2
3127.740 2
3127.867 2
3127.995 0
3128.122 0
3128.250 0
3128.377 0
3128.504 0
3128.632 1
3128.759 1
3128.887 1
3129.014 1
3129.141 2
3129.269 2
3129.396 2
3129.524 2
3129.651 0
3129.779 0
3129.906 0
3130.033 0
3130.161 2
3130.288 2
3130.416 2
3130.543 2
3130.671 5
3130.798 4
3130.925 3
3131.053 2
3131.180 0
3131.308 0
3131.435 0
3131.563 0
3131.690 0
3131.818 0
3131.945 0
3132.073 0
3132.200 0
3132.328 0
3132.455 0
3132.583 0
3132.710 0
3132.837 0
3132.965 0
3133.092 0
3133.220 0
3133.347 0
3133.475 0
3133.602 0
3133.730 0
3133.857 0
3133.985 0
3134.112 0
3134.240 0
3134.368 1
3134.495 1
3134.623 1
3134.750 1
3134.878 0
3135.005 0
3135.133 0
3135.260 1
3135.388 1
3135.515 1
3135.643 1
3135.770 1
3135.898 2
3136.026 2
3136.153 2
3136.281 2
3136.408 1
3136.536 3
3136.663 3
3136.791 2
3136.918 3
3137.046 1
3137.174 1
3137.301 1
3137.429 0
3137.556 0
3137.684 0
3137.812 0
3137.939 0
3138.067 0
3138.194 0
3138.322 0
3138.450 0
3138.577 0
3138.705 0
3138.832 0
3138.960 0
3139.088 0
3139.215 0
3139.343 0
3139.470 0
3139.598 0
3139.726 0
3139.853 0
3139.981 2
3140.109 2
3140.236 2
3140.364 2
3140.492 2
3140.619 2
3140.747 2
3140.875 2
3141.002 0
3141.130 2
3141.257 2
3141.385 2
3141.513 2
3141.640 1
3141.768 1
3141.896 1
3142.024 1
3142.151 1
3142.279 1
3142.407 1
3142.534 1
3142.662 0
3142.790 0
3142.917 0
3143.045 0
3143.173 1
3143.300 1
3143.428 1
3143.556 1
3143.684 3
3143.811 5
3143.939 5
3144.067 5
3144.194 2
3144.322 0
3144.450 0
3144.578 0
3144.705 0
3144.833 0
3144.961 0
3145.089 0
3145.216 0
3145.344 0
3145.472 2
3145.600 2
3145.727 2
3145.855 2
3145.983 0
3146.111 0
3146.238 0
3146.366 0
3146.494 0
3146.622 0
3146.749 0
3146.877 0
3147.005 0
3147.133 0
3147.261 0
3147.388 0
3147.516 0
3147.644 0
3147.772 0
3147.900 1
3148.027 1
3148.155 1
3148.283 1
3148.411 0
3148.539 0
3148.666 0
3148.794 0
3148.922 0
3149.050 0
3149.178 0
3149.306 0
3149.433 0
3149.561 0
3149.689 0
3149.817 0
3149.945 0
3150.073 0
3150.200 0
3150.328 0
3150.456 0
3150.584 2
3150.712 2
3150.840 2
3150.968 2
3151.095 0
3151.223 0
3151.351 0
3151.479 0
3151.607 0
3151.735 0
3151.863 0
3151.991 0
3152.119 0
3152.246 0
3152.374 0
3152.502 0
3152.630 0
3152.758 0
3152.886 0
3153.014 0
3153.142 0
3153.270 1
3153.398 2
3153.525 3
3153.653 6
3153.781 6
3153.909 6
3154.037 6
3154.165 7
3154.293 6
3154.421 5
3154.549 4
3154.677 0
3154.805 0
3154.933 0
3155.061 0
3155.189 0
3155.317 0
3155.445 0
3155.573 0
3155.700 1
3155.828 1
3155.956 1
3156.084 1
3156.212 0
3156.340 0
3156.468 0
3156.596 0
3156.724 0
3156.852 0
3156.980 1
3157.108 1
3157.236 3
3157.364 4
3157.492 3
3157.620 3
3157.748 1
3157.876 0
3158.004 0
3158.132 0
3158.260 0
3158.388 0
3158.516 0
3158.644 0
3158.772 0
3158.900 0
3159.028 0
3159.156 0
3159.285 0
3159.413 0
3159.541 1
3159.669 1
3159.797 1
3159.925 2
3160.053 1
3160.181 1
3160.309 1
3160.437 0
3160.565 0
3160.693 0
3160.821 0
3160.949 0
3161.077 0
3161.205 0
3161.333 0
3161.462 0
3161.590 0
3161.718 0
3161.846 0
3161.974 1
3162.102 1
3162.230 1
3162.358 2
3162.486 1
3162.614 1
3162.743 1
3162.871 1
3162.999 1
3163.127 1
3163.255 1
3163.383 0
3163.511 0
3163.639 0
3163.768 0
3163.896 0
3164.024 0
3164.152 0
3164.280 0
3164.408 0
3164.536 1
3164.664 1
3164.793 1
3164.921 1
3165.049 0
3165.177 1
3165.305 1
3165.433 1
3165.562 1
3165.690 2
3165.818 2
3165.946 2
3166.074 2
3166.202 0
3166.331 0
3166.459 0
3166.587 0
3166.715 0
3166.843 0
3166.972 0
3167.100 0
3167.228 0
3167.356 0
3167.484 0
3167.613 0
3167.741 0
3167.869 0
3167.997 3
3168.126 3
3168.254 3
3168.382 3
3168.510 0
3168.638 0
3168.767 1
3168.895 1
3169.023 1
3169.151 1
3169.280 0
3169.408 0
3169.536 0
3169.664 0
3169.793 1
3169.921 1
3170.049 1
3170.177 1
3170.306 0
3170.434 0
3170.562 1
3170.691 1
3170.819 1
3170.947 1
3171.075 0
3171.204 0
3171.332 0
3171.460 0
3171.589 0
3171.717 0
3171.845 0
3171.973 0
3172.102 0
3172.230 0
3172.358 0
3172.487 0
3172.615 0
3172.743 0
3172.872 0
3173.000 0
3173.128 0
3173.257 0
3173.385 0
3173.513 0
3173.642 0
3173.770 0
3173.898 0
3174.027 0
3174.155 0
3174.283 0
3174.412 0
3174.540 0
3174.668 0
3174.797 0
3174.925 0
3175.053 0
3175.182 0
3175.310 0
3175.439 0
3175.567 0
3175.695 0
3175.824 0
3175.952 0
3176.080 0
3176.209 0
3176.337 0
3176.466 0
3176.594 0
3176.722 0
3176.851 0
3176.979 0
3177.108 0
3177.236 0
3177.364 0
3177.493 0
3177.621 0
3177.750 0
3177.878 0
3178.007 0
3178.135 0
3178.263 0
3178.392 0
3178.520 0
3178.649 0
3178.777 0
3178.906 0
3179.034 0
3179.163 0
3179.291 0
3179.419 0
3179.548 0
3179.676 0
3179.805 0
3179.933 0
3180.062 0
3180.190 0
3180.319 0
3180.447 0
3180.576 0
3180.704 0
3180.833 0
3180.961 0
3181.090 0
3181.218 0
3181.347 1
3181.475 2
3181.604 2
3181.732 2
3181.861 3
3181.989 2
3182.118 2
3182.246 2
3182.375 0
3182.503 0
3182.632 1
3182.760 1
3182.889 1
3183.017 1
3183.146 0
3183.274 0
3183.403 0
3183.531 0
3183.660 0
3183.788 0
3183.917 0
3184.046 0
3184.174 0
3184.303 0
3184.431 0
3184.560 0
3184.688 0
3184.817 0
3184.946 0
3185.074 0
3185.203 0
3185.331 0
3185.460 0
3185.588 0
3185.717 1
3185.846 1
3185.974 1
3186.103 1
3186.231 1
3186.360 2
3186.489 2
3186.617 2
3186.746 1
3186.874 1
3187.003 1
3187.132 1
3187.260 1
3187.389 2
3187.517 3
3187.646 3
3187.775 4
3187.903 3
3188.032 2
3188.161 2
3188.289 1
3188.418 0
3188.547 0
3188.675 0
3188.804 0
3188.932 0
3189.061 0
3189.190 0
3189.318 1
3189.447 1
3189.576 1
3189.704 1
3189.833 0
3189.962 0
3190.090 0
3190.219 0
3190.348 0
3190.477 0
3190.605 0
3190.734 1
3190.863 1
3190.991 1
3191.120 1
3191.249 1
3191.377 1
3191.506 1
3191.635 1
3191.764 1
3191.892 1
3192.021 1
3192.150 1
3192.278 0
3192.407 0
3192.536 0
3192.665 0
3192.793 1
3192.922 3
3193.051 3
3193.180 3
3193.308 2
3193.437 1
3193.566 1
3193.695 1
3193.823 2
3193.952 1
3194.081 1
3194.210 3
3194.338 2
3194.467 2
3194.596 2
3194.725 3
3194.853 3
3194.982 5
3195.111 8
3195.240 5
3195.369 5
3195.497 3
3195.626 1
3195.755 1
3195.884 1
3196.012 1
3196.141 0
3196.270 0
3196.399 1
3196.528 1
3196.657 1
3196.785 1
3196.914 1
3197.043 1
3197.172 1
3197.301 1
3197.429 0
3197.558 0
3197.687 0
3197.816 1
3197.945 1
3198.074 1
3198.202 1
3198.331 0
3198.460 0
3198.589 0
3198.718 0
3198.847 0
3198.976 1
3199.104 1
3199.233 2
3199.362 2
3199.491 1
3199.620 1
3199.749 0
3199.878 0
3200.007 0
3200.135 0
3200.264 0
3200.393 0
3200.522 0
3200.651 0
3200.780 0
3200.909 0
3201.038 0
3201.167 0
3201.296 0
3201.424 0
3201.553 1
3201.682 1
3201.811 2
3201.940 3
3202.069 2
3202.198 2
3202.327 1
3202.456 0
3202.585 0
3202.714 0
3202.843 0
3202.972 0
3203.101 0
3203.229 0
3203.358 0
3203.487 0
3203.616 0
3203.745 0
3203.874 0
3204.003 0
3204.132 1
3204.261 1
3204.390 1
3204.519 1
3204.648 1
3204.777 1
3204.906 1
3205.035 1
3205.164 0
3205.293 0
3205.422 2
3205.551 2
3205.680 2
3205.809 2
3205.938 1
3206.067 2
3206.196 2
3206.325 2
3206.454 1
3206.583 0
3206.712 0
3206.841 0
3206.970 0
3207.099 0
3207.228 0
3207.357 1
3207.486 1
3207.615 1
3207.744 1
3207.873 2
3208.002 3
3208.131 3
3208.260 3
3208.390 1
3208.519 0
3208.648 0
3208.777 1
3208.906 1
3209.035 1
3209.164 1
3209.293 0
3209.422 0
3209.551 0
3209.680 1
3209.809 1
3209.938 1
3210.067 2
3210.197 1
3210.326 1
3210.455 2
3210.584 3
3210.713 3
3210.842 5
3210.971 4
3211.100 2
3211.229 2
3211.359 1
3211.488 1
3211.617 1
3211.746 1
3211.875 0
3212.004 0
3212.133 0
3212.262 0
3212.392 0
3212.521 1
3212.650 1
3212.779 1
3212.908 1
3213.037 0
3213.166 0
3213.296 0
3213.425 0
3213.554 0
3213.683 0
3213.812 0
3213.941 0
3214.071 0
3214.200 0
3214.329 0
3214.458 0
3214.587 0
3214.716 0
3214.846 0
3214.975 0
3215.104 0
3215.233 0
3215.362 0
3215.492 0
3215.621 1
3215.750 2
3215.879 2
3216.008 2
3216.138 1
3216.267 0
3216.396 0
3216.525 0
3216.655 0
3216.784 0
3216.913 0
3217.042 0
3217.171 0
3217.301 0
3217.430 0
3217.559 0
3217.688 0
3217.818 0
3217.947 0
3218.076 0
3218.205 0
3218.335 1
3218.464 1
3218.593 1
3218.723 1
3218.852 0
3218.981 0
3219.110 0
3219.240 0
3219.369 0
3219.498 0
3219.627 1
3219.757 1
3219.886 1
3220.015 1
3220.145 0
3220.274 0
3220.403 0
3220.533 0
3220.662 0
3220.791 1
3220.920 1
3221.050 1
3221.179 1
3221.308 0
3221.438 0
3221.567 1
3221.696 1
3221.826 1
3221.955 1
3222.084 1
3222.214 1
3222.343 1
3222.472 2
3222.602 3
3222.731 3
3222.860 3
3222.990 2
3223.119 0
3223.249 0
3223.378 0
3223.507 0
3223.637 1
3223.766 1
3223.895 2
3224.025 2
3224.154 1
3224.284 1
3224.413 0
3224.542 0
3224.672 0
3224.801 0
3224.930 0
3225.060 0
3225.189 0
3225.319 0
3225.448 0
3225.578 0
3225.707 0
3225.836 0
3225.966 0
3226.095 0
3226.225 0
3226.354 0
3226.483 0
3226.613 0
3226.742 0
3226.872 0
3227.001 0
3227.131 0
3227.260 2
3227.390 6
3227.519 7
3227.648 8
3227.778 12
3227.907 8
3228.037 6
3228.166 4
3228.296 1
3228.425 0
3228.555 0
3228.684 0
3228.814 0
3228.943 0
3229.073 2
3229.202 2
3229.332 2
3229.461 2
3229.590 3
3229.720 3
3229.849 3
3229.979 3
3230.108 2
3230.238 2
3230.367 3
3230.497 4
3230.627 2
3230.756 2
3230.886 2
3231.015 1
3231.145 1
3231.274 1
3231.404 0
3231.533 1
3231.663 1
3231.792 1
3231.922 1
3232.051 0
3232.181 0
3232.310 0
3232.440 2
3232.570 2
3232.699 2
3232.829 2
3232.958 0
3233.088 0
3233.217 0
3233.347 0
3233.476 0
3233.606 0
3233.736 0
3233.865 0
3233.995 0
3234.124 0
3234.254 0
3234.384 0
3234.513 0
3234.643 0
3234.772 0
3234.902 0
3235.032 0
3235.161 2
3235.291 7
3235.420 9
3235.550 14
3235.680 13
3235.809 9
3235.939 8
3236.068 6
3236.198 5
3236.328 4
3236.457 3
3236.587 0
3236.717 0
3236.846 0
3236.976 0
3237.106 0
3237.235 1
3237.365 1
3237.494 3
3237.624 3
3237.754 2
3237.883 3
3238.013 1
3238.143 1
3238.272 1
3238.402 2
3238.532 2
3238.661 2
3238.791 2
3238.921 1
3239.051 1
3239.180 1
3239.310 1
3239.440 0
3239.569 0
3239.699 0
3239.829 0
3239.958 0
3240.088 0
3240.218 2
3240.348 2
3240.477 6
3240.607 6
3240.737 4
3240.866 4
3240.996 0
3241.126 2
3241.256 2
3241.385 2
3241.515 2
3241.645 0
3241.775 0
3241.904 1
3242.034 1
3242.164 1
3242.294 1
3242.423 1
3242.553 1
3242.683 1
3242.813 1
3242.942 0
3243.072 1
3243.202 1
3243.332 1
3243.461 1
3243.591 0
3243.721 0
3243.851 0
3243.981 0
3244.110 0
3244.240 0
3244.370 0
3244.500 0
3244.630 0
3244.759 0
3244.889 0
3245.019 0
3245.149 0
3245.279 0
3245.408 0
3245.538 1
3245.668 2
3245.798 2
3245.928 2
3246.058 1
3246.187 0
3246.317 0
3246.447 1
3246.577 1
3246.707 1
3246.837 1
3246.966 3
3247.096 3
3247.226 3
3247.356 3
3247.486 0
3247.616 0
3247.746 0
3247.875 0
3248.005 0
3248.135 0
3248.265 1
3248.395 1
3248.525 1
3248.655 1
3248.785 0
3248.914 1
3249.044 1
3249.174 1
3249.304 1
3249.434 0
3249.564 0
3249.694 0
3249.824 0
3249.954 0
3250.084 0
3250.213 0
3250.343 0
3250.473 0
3250.603 0
3250.733 0
3250.863 0
3250.993 0
3251.123 0
3251.253 0
3251.383 0
3251.513 1
3251.643 1
3251.773 1
3251.903 1
3252.033 0
3252.162 0
3252.292 0
3252.422 0
3252.552 0
3252.682 1
3252.812 1
3252.942 1
3253.072 1
3253.202 0
3253.332 0
3253.462 0
3253.592 0
3253.722 0
3253.852 0
3253.982 0
3254.112 1
3254.242 1
3254.372 1
3254.502 1
3254.632 0
3254.762 0
3254.892 0
3255.022 0
3255.152 0
3255.282 0
3255.412 0
3255.542 0
3255.672 0
3255.802 0
3255.932 1
3256.062 2
3256.192 3
3256.322 6
3256.452 5
3256.583 5
3256.713 6
3256.843 4
3256.973 4
3257.103 3
3257.233 1
3257.363 1
3257.493 1
3257.623 1
3257.753 1
3257.883 0
3258.013 0
3258.143 0
3258.273 0
3258.403 0
3258.534 0
3258.664 0
3258.794 0
3258.924 0
3259.054 0
3259.184 0
3259.314 0
3259.444 0
3259.574 0
3259.704 0
3259.835 0
3259.965 0
3260.095 0
3260.225 1
3260.355 2
3260.485 2
3260.615 2
3260.745 1
3260.876 1
3261.006 1
3261.136 1
3261.266 1
3261.396 0
3261.526 0
3261.656 0
3261.787 0
3261.917 1
3262.047 1
3262.177 1
3262.307 1
3262.437 0
3262.567 0
3262.698 0
3262.828 0
3262.958 0
3263.088 0
3263.218 0
3263.349 0
3263.479 0
3263.609 0
3263.739 1
3263.869 1
3264.000 1
3264.130 1
3264.260 0
3264.390 0
3264.520 1
3264.651 1
3264.781 1
3264.911 1
3265.041 0
3265.171 0
3265.302 0
3265.432 0
3265.562 0
3265.692 0
3265.823 0
3265.953 0
3266.083 0
3266.213 0
3266.344 0
3266.474 0
3266.604 0
3266.734 0
3266.865 1
3266.995 1
3267.125 1
3267.255 1
3267.386 0
3267.516 0
3267.646 0
3267.776 0
3267.907 0
3268.037 0
3268.167 1
3268.298 2
3268.428 2
3268.558 2
3268.688 1
3268.819 1
3268.949 2
3269.079 3
3269.210 4
3269.340 4
3269.470 4
3269.601 4
3269.731 3
3269.861 3
3269.991 3
3270.122 3
3270.252 0
3270.382 0
3270.513 0
3270.643 0
3270.773 0
3270.904 1
3271.034 1
3271.164 1
3271.295 1
3271.425 0
3271.555 0
3271.686 0
3271.816 1
3271.947 1
3272.077 1
3272.207 1
3272.338 0
3272.468 0
3272.598 0
3272.729 0
3272.859 0
3272.990 1
3273.120 1
3273.250 1
3273.381 1
3273.511 1
3273.641 1
3273.772 1
3273.902 1
3274.033 0
3274.163 0
3274.293 0
3274.424 0
3274.554 0
3274.685 0
3274.815 1
3274.946 1
3275.076 1
3275.206 2
3275.337 3
3275.467 4
3275.598 6
3275.728 6
3275.859 5
3275.989 5
3276.119 6
3276.250 5
3276.380 4
3276.511 3
3276.641 0
3276.772 0
3276.902 0
3277.033 0
3277.163 0
3277.294 0
3277.424 0
3277.555 0
3277.685 0
3277.816 1
3277.946 1
3278.076 1
3278.207 1
3278.337 0
3278.468 0
3278.598 0
3278.729 0
3278.859 0
3278.990 0
3279.120 0
3279.251 0
3279.381 0
3279.512 3
3279.642 3
3279.773 3
3279.904 3
3280.034 4
3280.165 3
3280.295 2
3280.426 1
3280.556 0
3280.687 0
3280.817 1
3280.948 1
3281.078 1
3281.209 4
3281.339 3
3281.470 3
3281.601 3
3281.731 1
3281.862 1
3281.992 1
3282.123 3
3282.253 2
3282.384 2
3282.515 2
3282.645 0
3282.776 0
3282.906 1
3283.037 1
3283.167 1
3283.298 1
3283.429 1
3283.559 1
3283.690 1
3283.820 1
3283.951 0
3284.082 1
3284.212 1
3284.343 2
3284.473 2
3284.604 1
3284.735 1
3284.865 0
3284.996 0
3285.127 0
3285.257 0
3285.388 0
3285.519 0
3285.649 0
3285.780 2
3285.910 2
3286.041 2
3286.172 2
3286.302 0
3286.433 0
3286.564 0
3286.694 0
3286.825 0
3286.956 0
3287.086 0
3287.217 0
3287.348 0
3287.478 0
3287.609 1
3287.740 1
3287.870 1
3288.001 1
3288.132 2
3288.262 2
3288.393 2
3288.524 2
3288.655 0
3288.785 0
3288.916 0
3289.047 0
3289.177 0
3289.308 0
3289.439 0
3289.570 0
3289.700 0
3289.831 0
3289.962 0
3290.092 0
3290.223 0
3290.354 0
3290.485 0
3290.615 0
3290.746 0
3290.877 0
3291.008 0
3291.138 0
3291.269 0
3291.400 0
3291.531 0
3291.661 0
3291.792 0
3291.923 0
3292.054 1
3292.185 1
3292.315 1
3292.446 1
3292.577 0
3292.708 0
3292.838 0
3292.969 0
3293.100 0
3293.231 0
3293.362 0
3293.492 1
3293.623 2
3293.754 2
3293.885 2
3294.016 1
3294.146 0
3294.277 1
3294.408 1
3294.539 1
3294.670 4
3294.801 3
3294.931 3
3295.062 3
3295.193 0
3295.324 0
3295.455 0
3295.586 1
3295.716 1
3295.847 1
3295.978 1
3296.109 0
3296.240 0
3296.371 0
3296.502 1
3296.632 3
3296.763 3
3296.894 3
3297.025 3
3297.156 5
3297.287 5
3297.418 5
3297.548 4
3297.679 1
3297.810 1
3297.941 1
3298.072 3
3298.203 3
3298.334 3
3298.465 3
3298.596 5
3298.727 3
3298.857 2
3298.988 2
3299.119 1
3299.250 1
3299.381 1
3299.512 0
3299.643 0
3299.774 0
3299.905 0
3300.036 0
3300.167 0
3300.298 0
3300.429 0
3300.560 3
3300.690 3
3300.821 3
3300.952 3
3301.083 0
3301.214 0
3301.345 0
3301.476 1
3301.607 1
3301.738 1
3301.869 1
3302.000 0
3302.131 0
3302.262 0
3302.393 0
3302.524 3
3302.655 3
3302.786 5
3302.917 5
3303.048 2
3303.179 2
3303.310 0
3303.441 0
3303.572 1
3303.703 1
3303.834 1
3303.965 1
3304.096 0
3304.227 0
3304.358 0
3304.489 0
3304.620 0
3304.751 1
3304.882 1
3305.013 1
3305.144 1
3305.275 0
3305.406 0
3305.537 0
3305.668 0
3305.799 0
3305.930 0
3306.062 0
3306.193 0
3306.324 0
3306.455 0
3306.586 0
3306.717 0
3306.848 0
3306.979 1
3307.110 1
3307.241 3
3307.372 3
3307.503 3
3307.634 3
3307.765 1
3307.897 1
3308.028 0
3308.159 0
3308.290 0
3308.421 0
3308.552 0
3308.683 0
3308.814 0
3308.945 0
3309.077 0
3309.208 0
3309.339 0
3309.470 0
3309.601 0
3309.732 0
3309.863 0
3309.994 0
3310.126 0
3310.257 0
3310.388 0
3310.519 0
3310.650 0
3310.781 0
3310.912 0
3311.044 0
3311.175 1
3311.306 1
3311.437 1
3311.568 1
3311.699 3
3311.831 3
3311.962 3
3312.093 3
3312.224 0
3312.355 0
3312.487 0
3312.618 0
3312.749 1
3312.880 1
3313.011 1
3313.142 1
3313.274 0
3313.405 0
3313.536 0
3313.667 0
3313.799 1
3313.930 1
3314.061 1
3314.192 1
3314.323 2
3314.455 2
3314.586 2
3314.717 2
3314.848 0
3314.980 0
3315.111 0
3315.242 0
3315.373 0
3315.505 0
3315.636 0
3315.767 0
3315.898 0
3316.030 0
3316.161 0
3316.292 0
3316.423 0
3316.555 0
3316.686 1
3316.817 1
3316.948 1
3317.080 1
3317.211 0
3317.342 0
3317.474 0
3317.605 1
3317.736 1
3317.867 1
3317.999 3
3318.130 2
3318.261 2
3318.393 2
3318.524 0
3318.655 1
3318.787 1
3318.918 1
3319.049 1
3319.181 0
3319.312 0
3319.443 0
3319.574 0
3319.706 1
3319.837 2
3319.969 3
3320.100 4
3320.231 4
3320.363 4
3320.494 4
3320.625 5
3320.757 4
3320.888 3
3321.019 2
3321.151 0
3321.282 1
3321.413 1
3321.545 1
3321.676 1
3321.808 0
3321.939 0
3322.070 0
3322.202 0
3322.333 0
3322.464 0
3322.596 0
3322.727 0
3322.859 0
3322.990 0
3323.121 1
3323.253 1
3323.384 1
3323.516 1
3323.647 0
3323.778 0
3323.910 0
3324.041 1
3324.173 1
3324.304 1
3324.436 1
3324.567 0
3324.698 0
3324.830 3
3324.961 4
3325.093 5
3325.224 6
3325.356 7
3325.487 6
3325.619 5
3325.750 4
3325.881 1
3326.013 1
3326.144 1
3326.276 1
3326.407 0
3326.539 0
3326.670 0
3326.802 0
3326.933 3
3327.065 3
3327.196 3
3327.328 3
3327.459 0
3327.591 0
3327.722 1
3327.854 1
3327.985 1
3328.117 1
3328.248 0
3328.380 1
3328.511 1
3328.643 2
3328.774 2
3328.906 2
3329.037 2
3329.169 1
3329.300 1
3329.432 0
3329.563 0
3329.695 0
3329.826 0
3329.958 0
3330.090 0
3330.221 0
3330.353 0
3330.484 0
3330.616 2
3330.747 2
3330.879 2
3331.010 2
3331.142 0
3331.274 0
3331.405 1
3331.537 1
3331.668 1
3331.800 1
3331.931 0
3332.063 0
3332.195 0
3332.326 0
3332.458 0
3332.589 0
3332.721 1
3332.853 1
3332.984 1
3333.116 3
3333.247 2
3333.379 2
3333.511 2
3333.642 3
3333.774 3
3333.905 3
3334.037 6
3334.169 3
3334.300 3
3334.432 3
3334.564 0
3334.695 0
3334.827 0
3334.958 0
3335.090 0
3335.222 0
3335.353 0
3335.485 0
3335.617 0
3335.748 0
3335.880 1
3336.012 1
3336.143 1
3336.275 1
3336.407 0
3336.538 0
3336.670 2
3336.802 2
3336.933 2
3337.065 2
3337.197 0
3337.328 0
3337.460 0
3337.592 1
3337.724 2
3337.855 3
3337.987 4
3338.119 4
3338.250 5
3338.382 4
3338.514 3
3338.646 2
3338.777 1
3338.909 1
3339.041 1
3339.172 1
3339.304 0
3339.436 1
3339.568 1
3339.699 1
3339.831 1
3339.963 0
3340.095 1
3340.226 1
3340.358 1
3340.490 1
3340.622 0
3340.753 0
3340.885 0
3341.017 0
3341.149 0
3341.280 0
3341.412 0
3341.544 0
3341.676 0
3341.808 1
3341.939 1
3342.071 1
3342.203 1
3342.335 0
3342.466 0
3342.598 0
3342.730 1
3342.862 1
3342.994 4
3343.125 4
3343.257 3
3343.389 3
3343.521 3
3343.653 3
3343.785 3
3343.916 3
3344.048 0
3344.180 1
3344.312 2
3344.444 4
3344.576 5
3344.707 4
3344.839 3
3344.971 1
3345.103 0
3345.235 0
3345.367 0
3345.498 0
3345.630 0
3345.762 0
3345.894 0
3346.026 0
3346.158 2
3346.290 2
3346.422 2
3346.553 2
3346.685 0
3346.817 0
3346.949 0
3347.081 0
3347.213 0
3347.345 0
3347.477 0
3347.609 0
3347.740 0
3347.872 0
3348.004 0
3348.136 0
3348.268 0
3348.400 1
3348.532 1
3348.664 1
3348.796 1
3348.928 0
3349.060 2
3349.191 2
3349.323 3
3349.455 4
3349.587 6
3349.719 8
3349.851 7
3349.983 6
3350.115 5
3350.247 3
3350.379 3
3350.511 3
3350.643 0
3350.775 0
3350.907 1
3351.039 1
3351.171 1
3351.303 1
3351.435 0
3351.567 0
3351.699 1
3351.831 1
3351.963 1
3352.095 1
3352.227 2
3352.359 2
3352.491 2
3352.623 2
3352.755 0
3352.887 0
3353.019 0
3353.151 1
3353.283 1
3353.415 1
3353.547 1
3353.679 0
3353.811 0
3353.943 0
3354.075 1
3354.207 1
3354.339 1
3354.471 1
3354.603 2
3354.735 3
3354.867 3
3354.999 3
3355.131 1
3355.263 0
3355.395 0
3355.527 0
3355.659 0
3355.791 0
3355.923 0
3356.056 0
3356.188 0
3356.320 0
3356.452 0
3356.584 0
3356.716 0
3356.848 0
3356.980 0
3357.112 0
3357.244 0
3357.376 0
3357.508 0
3357.641 0
3357.773 0
3357.905 0
3358.037 0
3358.169 0
3358.301 0
3358.433 0
3358.565 1
3358.697 1
3358.830 1
3358.962 1
3359.094 0
3359.226 0
3359.358 0
3359.490 0
3359.622 0
3359.755 0
3359.887 0
3360.019 1
3360.151 2
3360.283 3
3360.415 4
3360.547 3
3360.680 2
3360.812 1
3360.944 0
3361.076 0
3361.208 0
3361.340 0
3361.473 0
3361.605 0
3361.737 0
3361.869 0
3362.001 0
3362.134 0
3362.266 2
3362.398 2
3362.530 2
3362.662 2
3362.795 0
3362.927 0
3363.059 0
3363.191 0
3363.323 0
3363.456 0
3363.588 0
3363.720 0
3363.852 3
3363.985 3
3364.117 3
3364.249 3
3364.381 0
3364.513 0
3364.646 0
3364.778 0
3364.910 0
3365.042 0
3365.175 1
3365.307 1
3365.439 1
3365.571 1
3365.704 0
3365.836 0
3365.968 1
3366.101 1
3366.233 1
3366.365 1
3366.497 1
3366.630 1
3366.762 1
3366.894 1
3367.026 0
3367.159 0
3367.291 0
3367.423 0
3367.556 0
3367.688 0
3367.820 0
3367.953 1
3368.085 1
3368.217 1
3368.350 1
3368.482 0
3368.614 0
3368.747 0
3368.879 0
3369.011 0
3369.143 0
3369.276 0
3369.408 0
3369.541 0
3369.673 0
3369.805 0
3369.938 0
3370.070 1
3370.202 1
3370.335 1
3370.467 1
3370.599 1
3370.732 1
3370.864 1
3370.996 1
3371.129 0
3371.261 0
3371.394 0
3371.526 0
3371.658 0
3371.791 0
3371.923 0
3372.055 0
3372.188 1
3372.320 1
3372.453 1
3372.585 1
3372.717 1
3372.850 1
3372.982 1
3373.115 1
3373.247 0
3373.380 0
3373.512 0
3373.644 0
3373.777 0
3373.909 1
3374.042 1
3374.174 1
3374.307 1
3374.439 2
3374.571 2
3374.704 2
3374.836 2
3374.969 0
3375.101 0
3375.234 0
3375.366 0
3375.499 0
3375.631 0
3375.764 0
3375.896 1
3376.028 2
3376.161 3
3376.293 6
3376.426 5
3376.558 4
3376.691 3
3376.823 0
3376.956 0
3377.088 0
3377.221 0
3377.353 0
3377.486 0
3377.618 0
3377.751 0
3377.883 0
3378.016 4
3378.148 4
3378.281 4
3378.413 4
3378.546 0
3378.678 0
3378.811 0
3378.944 0
3379.076 0
3379.209 0
3379.341 0
3379.474 0
3379.606 0
3379.739 0
3379.871 0
3380.004 0
3380.136 0
3380.269 1
3380.402 1
3380.534 1
3380.667 2
3380.799 1
3380.932 1
3381.064 1
3381.197 0
3381.330 1
3381.462 1
3381.595 1
3381.727 1
3381.860 0
3381.992 0
3382.125 0
3382.258 0
3382.390 1
3382.523 1
3382.655 1
3382.788 1
3382.921 0
3383.053 0
3383.186 0
3383.318 1
3383.451 1
3383.584 1
3383.716 1
3383.849 1
3383.982 1
3384.114 1
3384.247 1
3384.380 0
3384.512 0
3384.645 0
3384.777 0
3384.910 3
3385.043 4
3385.175 5
3385.308 5
3385.441 3
3385.573 3
3385.706 2
3385.839 2
3385.971 1
3386.104 0
3386.237 0
3386.369 0
3386.502 0
3386.635 3
3386.768 3
3386.900 3
3387.033 3
3387.166 0
3387.298 0
3387.431 0
3387.564 0
3387.696 0
3387.829 0
3387.962 0
3388.095 0
3388.227 0
3388.360 0
3388.493 0
3388.625 0
3388.758 0
3388.891 0
3389.024 0
3389.156 1
3389.289 1
3389.422 1
3389.555 1
3389.687 1
3389.820 1
3389.953 1
3390.086 1
3390.218 0
3390.351 0
3390.484 0
3390.617 0
3390.749 0
3390.882 0
3391.015 0
3391.148 0
3391.280 0
3391.413 0
3391.546 0
3391.679 0
3391.812 0
3391.944 0
3392.077 0
3392.210 0
3392.343 1
3392.476 1
3392.608 3
3392.741 4
3392.874 4
3393.007 7
3393.140 6
3393.272 6
3393.405 6
3393.538 4
3393.671 3
3393.804 2
3393.937 1
3394.069 0
3394.202 0
3394.335 0
3394.468 0
3394.601 1
3394.734 1
3394.866 4
3394.999 4
3395.132 5
3395.265 5
3395.398 2
3395.531 2
3395.664 0
3395.797 0
3395.929 0
3396.062 0
3396.195 0
3396.328 0
3396.461 0
3396.594 0
3396.727 0
3396.860 0
3396.992 0
3397.125 0
3397.258 0
3397.391 0
3397.524 0
3397.657 0
3397.790 0
3397.923 1
3398.056 1
3398.189 1
3398.322 1
3398.454 0
3398.587 0
3398.720 0
3398.853 0
3398.986 0
3399.119 0
3399.252 0
3399.385 0
3399.518 0
3399.651 0
3399.784 0
3399.917 0
3400.050 0
3400.183 0
3400.316 0
3400.449 0
3400.582 0
3400.715 0
3400.847 0
3400.980 1
3401.113 1
3401.246 1
3401.379 1
3401.512 0
3401.645 2
3401.778 2
3401.911 2
3402.044 2
3402.177 0
3402.310 0
3402.443 0
3402.576 0
3402.709 0
3402.842 0
3402.975 0
3403.108 0
3403.241 0
3403.374 0
3403.507 0
3403.640 0
3403.774 0
3403.907 0
3404.040 0
3404.173 0
3404.306 0
3404.439 0
3404.572 0
3404.705 0
3404.838 0
3404.971 2
3405.104 2
3405.237 2
3405.370 2
3405.503 0
3405.636 0
3405.769 0
3405.902 0
3406.035 0
3406.168 0
3406.302 0
3406.435 0
3406.568 0
3406.701 0
3406.834 0
3406.967 0
3407.100 0
3407.233 0
3407.366 0
3407.499 0
3407.633 0
3407.766 0
3407.899 0
3408.032 0
3408.165 0
3408.298 0
3408.431 0
3408.564 0
3408.697 0
3408.831 0
3408.964 0
3409.097 0
3409.230 0
3409.363 0
3409.496 1
3409.629 1
3409.763 1
3409.896 1
3410.029 0
3410.162 0
3410.295 0
3410.428 0
3410.562 0
3410.695 0
3410.828 0
3410.961 0
3411.094 0
3411.227 0
3411.361 0
3411.494 0
3411.627 0
3411.760 0
3411.893 0
3412.027 0
3412.160 0
3412.293 0
3412.426 0
3412.559 0
3412.693 0
3412.826 0
3412.959 0
3413.092 0
3413.225 0
3413.359 0
3413.492 1
3413.625 1
3413.758 1
3413.892 1
3414.025 0
3414.158 0
3414.291 0
3414.424 0
3414.558 3
3414.691 3
3414.824 3
3414.957 3
3415.091 0
3415.224 0
3415.357 0
3415.491 0
3415.624 0
3415.757 0
3415.890 0
3416.024 0
3416.157 1
3416.290 2
3416.423 3
3416.557 4
3416.690 4
3416.823 5
3416.957 4
3417.090 3
3417.223 2
3417.356 0
3417.490 0
3417.623 0
3417.756 2
3417.890 2
3418.023 2
3418.156 2
3418.290 2
3418.423 2
3418.556 2
3418.690 2
3418.823 1
3418.956 1
3419.090 1
3419.223 3
3419.356 2
3419.490 2
3419.623 3
3419.756 1
3419.890 2
3420.023 2
3420.156 1
3420.290 1
3420.423 0
3420.557 0
3420.690 0
3420.823 0
3420.957 0
3421.090 0
3421.223 0
3421.357 0
3421.490 0
3421.624 0
3421.757 0
3421.890 0
3422.024 0
3422.157 0
3422.291 0
3422.424 0
3422.557 0
3422.691 0
3422.824 0
3422.958 0
3423.091 0
3423.224 0
3423.358 0
3423.491 0
3423.625 0
3423.758 0
3423.892 0
3424.025 0
3424.158 0
3424.292 1
3424.425 1
3424.559 1
3424.692 1
3424.826 0
3424.959 0
3425.093 0
3425.226 0
3425.359 0
3425.493 0
3425.626 1
3425.760 2
3425.893 3
3426.027 5
3426.160 4
3426.294 3
3426.427 2
3426.561 1
3426.694 1
3426.828 1
3426.961 1
3427.095 0
3427.228 0
3427.362 1
3427.495 1
3427.629 1
3427.762 1
3427.896 0
3428.029 0
3428.163 0
3428.296 0
3428.430 0
3428.563 0
3428.697 0
3428.830 0
3428.964 0
3429.097 0
3429.231 0
3429.365 0
3429.498 0
3429.632 0
3429.765 0
3429.899 0
3430.032 0
3430.166 0
3430.299 0
3430.433 0
3430.567 0
3430.700 0
3430.834 0
3430.967 0
3431.101 0
3431.234 0
3431.368 0
3431.502 0
3431.635 0
3431.769 1
3431.902 1
3432.036 1
3432.170 1
3432.303 0
3432.437 0
3432.570 0
3432.704 0
3432.838 0
3432.971 0
3433.105 0
3433.238 0
3433.372 0
3433.506 0
3433.639 0
3433.773 0
3433.907 0
3434.040 0
3434.174 2
3434.307 2
3434.441 2
3434.575 3
3434.708 1
3434.842 1
3434.976 1
3435.109 0
3435.243 0
3435.377 2
3435.510 2
3435.644 2
3435.778 2
3435.911 0
3436.045 2
3436.179 2
3436.312 2
3436.446 2
3436.580 0
3436.713 0
3436.847 0
3436.981 1
3437.115 2
3437.248 2
3437.382 2
3437.516 1
3437.649 0
3437.783 0
3437.917 0
3438.050 0
3438.184 0
3438.318 0
3438.452 0
3438.585 0
3438.719 0
3438.853 0
3438.987 0
3439.120 0
3439.254 0
3439.388 0
3439.522 0
3439.655 0
3439.789 0
3439.923 0
3440.057 0
3440.190 0
3440.324 0
3440.458 0
3440.592 0
3440.725 0
3440.859 0
3440.993 0
3441.127 0
3441.260 0
3441.394 0
3441.528 2
3441.662 2
3441.796 2
3441.929 2
3442.063 0
3442.197 0
3442.331 0
3442.465 0
3442.598 0
3442.732 1
3442.866 1
3443.000 1
3443.134 2
3443.267 1
3443.401 1
3443.535 1
3443.669 0
3443.803 0
3443.937 0
3444.070 0
3444.204 0
3444.338 0
3444.472 0
3444.606 0
3444.740 0
3444.873 0
3445.007 0
3445.141 0
3445.275 0
3445.409 0
3445.543 0
3445.677 0
3445.811 0
3445.944 0
3446.078 0
3446.212 0
3446.346 0
3446.480 0
3446.614 0
3446.748 0
3446.882 0
3447.015 0
3447.149 0
3447.283 0
3447.417 0
3447.551 0
3447.685 0
3447.819 0
3447.953 0
3448.087 0
3448.221 0
3448.355 0
3448.488 0
3448.622 0
3448.756 0
3448.890 0
3449.024 0
3449.158 1
3449.292 2
3449.426 3
3449.560 4
3449.694 4
3449.828 4
3449.962 4
3450.096 1
3450.230 1
3450.364 4
3450.498 4
3450.632 3
3450.766 3
3450.900 0
3451.034 0
3451.167 0
3451.301 0
3451.435 0
3451.569 0
3451.703 0
3451.837 0
3451.971 0
3452.105 0
3452.239 0
3452.373 0
3452.507 0
3452.641 1
3452.775 1
3452.909 1
3453.043 1
3453.177 0
3453.311 0
3453.445 0
3453.580 0
3453.714 0
3453.848 1
3453.982 1
3454.116 1
3454.250 1
3454.384 0
3454.518 0
3454.652 0
3454.786 0
3454.920 1
3455.054 1
3455.188 1
3455.322 1
3455.456 0
3455.590 0
3455.724 0
3455.858 0
3455.992 0
3456.126 0
3456.261 0
3456.395 0
3456.529 0
3456.663 0
3456.797 0
3456.931 0
3457.065 0
3457.199 1
3457.333 1
3457.467 1
3457.602 1
3457.736 0
3457.870 0
3458.004 0
3458.138 0
3458.272 0
3458.406 0
3458.540 0
3458.674 0
3458.809 0
3458.943 0
3459.077 0
3459.211 0
3459.345 0
3459.479 1
3459.613 2
3459.748 3
3459.882 5
3460.016 4
3460.150 3
3460.284 2
3460.418 0
3460.552 0
3460.687 1
3460.821 2
3460.955 2
3461.089 2
3461.223 1
3461.358 3
3461.492 3
3461.626 3
3461.760 3
3461.894 0
3462.028 0
3462.163 1
3462.297 1
3462.431 1
3462.565 1
3462.699 1
3462.834 1
3462.968 1
3463.102 1
3463.236 0
3463.371 0
3463.505 0
3463.639 0
3463.773 0
3463.907 0
3464.042 0
3464.176 0
3464.310 0
3464.444 0
3464.579 0
3464.713 0
3464.847 0
3464.981 1
3465.116 1
3465.250 1
3465.384 2
3465.518 2
3465.653 3
3465.787 4
3465.921 8
3466.055 7
3466.190 6
3466.324 5
3466.458 2
3466.593 2
3466.727 2
3466.861 2
3466.995 0
3467.130 0
3467.264 0
3467.398 0
3467.533 0
3467.667 0
3467.801 0
3467.936 0
3468.070 0
3468.204 0
3468.339 0
3468.473 0
3468.607 0
3468.742 0
3468.876 2
3469.010 2
3469.145 3
3469.279 3
3469.413 1
3469.548 1
3469.682 0
3469.816 0
3469.951 0
3470.085 0
3470.219 0
3470.354 0
3470.488 2
3470.622 3
3470.757 3
3470.891 3
3471.025 2
3471.160 1
3471.294 1
3471.429 1
3471.563 1
3471.697 1
3471.832 1
3471.966 1
3472.101 0
3472.235 0
3472.369 0
3472.504 0
3472.638 0
3472.773 0
3472.907 0
3473.041 0
3473.176 1
3473.310 1
3473.445 1
3473.579 1
3473.713 0
3473.848 0
3473.982 0
3474.117 0
3474.251 0
3474.386 0
3474.520 0
3474.655 0
3474.789 0
3474.923 0
3475.058 0
3475.192 1
3475.327 1
3475.461 1
3475.596 1
3475.730 0
3475.865 1
3475.999 1
3476.134 1
3476.268 1
3476.403 3
3476.537 3
3476.672 3
3476.806 3
3476.940 0
3477.075 0
3477.209 0
3477.344 0
3477.478 3
3477.613 3
3477.747 3
3477.882 3
3478.017 3
3478.151 3
3478.286 3
3478.420 3
3478.555 0
3478.689 0
3478.824 0
3478.958 0
3479.093 0
3479.227 0
3479.362 0
3479.496 0
3479.631 0
3479.765 0
3479.900 0
3480.034 0
3480.169 2
3480.304 2
3480.438 2
3480.573 2
3480.707 0
3480.842 0
3480.976 0
3481.111 0
3481.246 0
3481.380 0
3481.515 0
3481.649 0
3481.784 0
3481.918 0
3482.053 0
3482.188 0
3482.322 0
3482.457 0
3482.591 0
3482.726 0
3482.861 2
3482.995 2
3483.130 2
3483.265 2
3483.399 2
3483.534 2
3483.668 2
3483.803 2
3483.938 2
3484.072 3
3484.207 4
3484.342 6
3484.476 6
3484.611 6
3484.745 6
3484.880 3
3485.015 2
3485.149 2
3485.284 2
3485.419 0
3485.553 0
3485.688 0
3485.823 0
3485.957 0
3486.092 0
3486.227 0
3486.361 0
3486.496 0
3486.631 0
3486.765 0
3486.900 0
3487.035 0
3487.170 0
3487.304 0
3487.439 0
3487.574 0
3487.708 0
3487.843 0
3487.978 0
3488.112 0
3488.247 1
3488.382 1
3488.517 3
3488.651 6
3488.786 5
3488.921 5
3489.055 3
3489.190 0
3489.325 0
3489.460 0
3489.594 0
3489.729 0
3489.864 0
3489.999 1
3490.133 1
3490.268 1
3490.403 1
3490.538 0
3490.672 0
3490.807 0
3490.942 0
3491.077 0
3491.212 0
3491.346 0
3491.481 0
3491.616 0
3491.751 0
3491.885 2
3492.020 2
3492.155 2
3492.290 2
3492.425 2
3492.559 2
3492.694 2
3492.829 2
3492.964 0
3493.099 0
3493.233 0
3493.368 0
3493.503 0
3493.638 0
3493.773 0
3493.908 0
3494.042 1
3494.177 1
3494.312 1
3494.447 1
3494.582 0
3494.717 0
3494.851 1
3494.986 1
3495.121 1
3495.256 1
3495.391 0
3495.526 4
3495.661 5
3495.795 5
3495.930 5
3496.065 1
3496.200 0
3496.335 0
3496.470 0
3496.605 1
3496.740 1
3496.874 1
3497.009 1
3497.144 1
3497.279 1
3497.414 1
3497.549 1
3497.684 1
3497.819 1
3497.954 1
3498.088 3
3498.223 2
3498.358 3
3498.493 3
3498.628 1
3498.763 1
3498.898 0
3499.033 0
3499.168 0
3499.303 0
3499.438 1
3499.573 1
3499.708 2
3499.843 2
3499.977 1
3500.112 1
3500.247 0
3500.382 0
3500.517 0
3500.652 0
3500.787 0
3500.922 0
3501.057 0
3501.192 0
3501.327 0
3501.462 0
3501.597 0
3501.732 0
3501.867 0
3502.002 0
3502.137 0
3502.272 0
3502.407 0
3502.542 0
3502.677 0
3502.812 0
3502.947 0
3503.082 0
3503.217 0
3503.352 0
3503.487 0
3503.622 0
3503.757 0
3503.892 0
3504.027 0
3504.162 0
3504.297 0
3504.432 0
3504.567 0
3504.702 0
3504.837 0
3504.972 0
3505.107 0
3505.242 0
3505.378 0
3505.513 0
3505.648 0
3505.783 0
3505.918 0
3506.053 0
3506.188 0
3506.323 0
3506.458 0
3506.593 0
3506.728 0
3506.863 0
3506.998 0
3507.133 0
3507.269 0
3507.404 0
3507.539 0
3507.674 0
3507.809 0
3507.944 0
3508.079 0
3508.214 2
3508.349 3
3508.484 3
3508.620 4
3508.755 2
3508.890 1
3509.025 1
3509.160 0
3509.295 0
3509.430 0
3509.565 0
3509.701 0
3509.836 0
3509.971 0
3510.106 0
3510.241 0
3510.376 1
3510.512 1
3510.647 1
3510.782 1
3510.917 0
3511.052 0
3511.187 0
3511.323 0
3511.458 0
3511.593 0
3511.728 0
3511.863 0
3511.998 0
3512.134 0
3512.269 0
3512.404 0
3512.539 0
3512.674 1
3512.810 1
3512.945 1
3513.080 1
3513.215 0
3513.350 0
3513.486 0
3513.621 0
3513.756 1
3513.891 1
3514.026 1
3514.162 3
3514.297 2
3514.432 2
3514.567 2
3514.703 1
3514.838 1
3514.973 1
3515.108 1
3515.244 0
3515.379 0
3515.514 0
3515.649 0
3515.785 3
3515.920 3
3516.055 5
3516.190 5
3516.326 2
3516.461 2
3516.596 0
3516.732 0
3516.867 0
3517.002 0
3517.137 0
3517.273 0
3517.408 0
3517.543 0
3517.679 0
3517.814 0
3517.949 0
3518.084 0
3518.220 0
3518.355 0
3518.490 1
3518.626 1
3518.761 1
3518.896 1
3519.032 0
3519.167 0
3519.302 3
3519.438 3
3519.573 3
3519.708 3
3519.844 0
3519.979 0
3520.114 0
3520.250 3
3520.385 3
3520.520 3
3520.656 4
3520.791 1
3520.926 1
3521.062 1
3521.197 0
3521.333 0
3521.468 0
3521.603 0
3521.739 0
3521.874 0
3522.009 0
3522.145 0
3522.280 0
3522.416 0
3522.551 0
3522.686 1
3522.822 1
3522.957 1
3523.093 1
3523.228 0
3523.363 0
3523.499 1
3523.634 1
3523.770 1
3523.905 5
3524.040 6
3524.176 6
3524.311 6
3524.447 2
3524.582 0
3524.718 0
3524.853 0
3524.989 0
3525.124 0
3525.259 0
3525.395 0
3525.530 0
3525.666 0
3525.801 0
3525.937 0
3526.072 0
3526.208 0
3526.343 0
3526.479 0
3526.614 0
3526.749 0
3526.885 0
3527.020 0
3527.156 0
3527.291 0
3527.427 0
3527.562 0
3527.698 0
3527.833 0
3527.969 0
3528.104 0
3528.240 0
3528.375 0
3528.511 2
3528.646 2
3528.782 2
3528.917 3
3529.053 1
3529.188 1
3529.324 1
3529.460 0
3529.595 0
3529.731 0
3529.866 0
3530.002 0
3530.137 2
3530.273 2
3530.408 2
3530.544 2
3530.679 1
3530.815 1
3530.951 1
3531.086 1
3531.222 0
3531.357 0
3531.493 0
3531.628 0
3531.764 0
3531.900 0
3532.035 0
3532.171 0
3532.306 1
3532.442 1
3532.577 1
3532.713 1
3532.849 0
3532.984 0
3533.120 0
3533.255 0
3533.391 0
3533.527 0
3533.662 0
3533.798 0
3533.934 0
3534.069 0
3534.205 0
3534.340 0
3534.476 0
3534.612 0
3534.747 0
3534.883 0
3535.019 0
3535.154 0
3535.290 0
3535.425 0
3535.561 0
3535.697 0
3535.832 1
3535.968 1
3536.104 1
3536.239 1
3536.375 0
3536.511 0
3536.646 0
3536.782 0
3536.918 0
3537.053 0
3537.189 0
3537.325 0
3537.460 2
3537.596 2
3537.732 2
3537.868 4
3538.003 3
3538.139 3
3538.275 3
3538.410 1
3538.546 0
3538.682 0
3538.817 0
3538.953 0
3539.089 1
3539.225 1
3539.360 1
3539.496 2
3539.632 1
3539.768 1
3539.903 1
3540.039 0
3540.175 0
3540.311 0
3540.446 0
3540.582 0
3540.718 0
3540.854 1
3540.989 1
3541.125 2
3541.261 4
3541.397 3
3541.532 3
3541.668 2
3541.804 0
3541.940 0
3542.075 0
3542.211 0
3542.347 0
3542.483 2
3542.619 4
3542.754 6
3542.890 8
3543.026 7
3543.162 6
3543.298 5
3543.433 2
3543.569 2
3543.705 2
3543.841 2
3543.977 0
3544.112 0
3544.248 0
3544.384 0
3544.520 0
3544.656 0
3544.792 0
3544.927 0
3545.063 0
3545.199 0
3545.335 0
3545.471 0
3545.607 1
3545.742 1
3545.878 1
3546.014 1
3546.150 0
3546.286 0
3546.422 0
3546.558 0
3546.693 0
3546.829 0
3546.965 0
3547.101 0
3547.237 0
3547.373 0
3547.509 1
3547.645 1
3547.780 1
3547.916 2
3548.052 1
3548.188 1
3548.324 2
3548.460 2
3548.596 2
3548.732 2
3548.868 2
3549.004 1
3549.140 1
3549.275 1
3549.411 0
3549.547 0
3549.683 0
3549.819 0
3549.955 0
3550.091 2
3550.227 2
3550.363 3
3550.499 3
3550.635 1
3550.771 1
3550.907 0
3551.043 0
3551.179 0
3551.315 0
3551.451 0
3551.586 0
3551.722 0
3551.858 0
3551.994 0
3552.130 0
3552.266 0
3552.402 0
3552.538 0
3552.674 0
3552.810 0
3552.946 0
3553.082 0
3553.218 0
3553.354 0
3553.490 0
3553.626 0
3553.762 0
3553.898 1
3554.034 3
3554.170 4
3554.306 5
3554.442 5
3554.578 4
3554.714 4
3554.850 5
3554.986 4
3555.122 3
3555.259 2
3555.395 0
3555.531 0
3555.667 0
3555.803 0
3555.939 0
3556.075 0
3556.211 3
3556.347 3
3556.483 5
3556.619 5
3556.755 2
3556.891 2
3557.027 2
3557.163 2
3557.299 2
3557.435 2
3557.572 0
3557.708 0
3557.844 0
3557.980 0
3558.116 0
3558.252 0
3558.388 0
3558.524 0
3558.660 0
3558.796 0
3558.933 0
3559.069 0
3559.205 0
3559.341 0
3559.477 0
3559.613 0
3559.749 0
3559.885 0
3560.022 1
3560.158 1
3560.294 1
3560.430 1
3560.566 0
3560.702 0
3560.838 0
3560.974 0
3561.111 0
3561.247 0
3561.383 0
3561.519 0
3561.655 0
3561.791 0
3561.928 0
3562.064 0
3562.200 0
3562.336 0
3562.472 1
3562.608 1
3562.745 1
3562.881 1
3563.017 0
3563.153 0
3563.289 0
3563.426 0
3563.562 0
3563.698 0
3563.834 0
3563.970 0
3564.107 0
3564.243 0
3564.379 0
3564.515 0
3564.652 0
3564.788 0
3564.924 0
3565.060 1
3565.196 1
3565.333 1
3565.469 1
3565.605 1
3565.741 1
3565.878 1
3566.014 1
3566.150 0
3566.286 0
3566.423 0
3566.559 0
3566.695 0
3566.831 0
3566.968 0
3567.104 0
3567.240 0
3567.377 0
3567.513 0
3567.649 0
3567.785 1
3567.922 1
3568.058 1
3568.194 1
3568.331 0
3568.467 0
3568.603 0
3568.739 0
3568.876 0
3569.012 0
3569.148 0
3569.285 0
3569.421 0
3569.557 0
3569.694 0
3569.830 0
3569.966 0
3570.103 0
3570.239 0
3570.375 0
3570.512 1
3570.648 1
3570.784 1
3570.921 1
3571.057 1
3571.193 1
3571.330 1
3571.466 1
3571.602 0
3571.739 0
3571.875 0
3572.011 0
3572.148 0
3572.284 0
3572.421 0
3572.557 0
3572.693 0
3572.830 0
3572.966 0
3573.102 0
3573.239 2
3573.375 2
3573.512 2
3573.648 2
3573.784 0
3573.921 0
3574.057 0
3574.194 0
3574.330 1
3574.466 1
3574.603 1
3574.739 1
3574.876 0
3575.012 0
3575.149 0
3575.285 0
3575.421 0
3575.558 0
3575.694 0
3575.831 0
3575.967 0
3576.104 1
3576.240 1
3576.377 1
3576.513 1
3576.649 0
3576.786 0
3576.922 0
3577.059 0
3577.195 0
3577.332 0
3577.468 0
3577.605 0
3577.741 0
3577.878 1
3578.014 1
3578.151 1
3578.287 1
3578.424 0
3578.560 1
3578.697 2
3578.833 2
3578.970 2
3579.106 1
3579.243 0
3579.379 0
3579.516 0
3579.652 2
3579.789 2
3579.925 3
3580.062 3
3580.198 2
3580.335 3
3580.471 2
3580.608 2
3580.744 1
3580.881 0
3581.017 0
3581.154 0
3581.291 3
3581.427 4
3581.564 4
3581.700 4
3581.837 3
3581.973 2
3582.110 2
3582.246 2
3582.383 0
3582.520 0
3582.656 0
3582.793 0
3582.929 0
3583.066 0
3583.203 0
3583.339 0
3583.476 0
3583.612 0
3583.749 0
3583.885 0
3584.022 0
3584.159 1
3584.295 1
3584.432 1
3584.569 1
3584.705 0
3584.842 0
3584.978 0
3585.115 0
3585.252 0
3585.388 0
3585.525 0
3585.662 0
3585.798 0
3585.935 0
3586.071 1
3586.208 3
3586.345 3
3586.481 3
3586.618 2
3586.755 0
3586.891 0
3587.028 0
3587.165 0
3587.301 0
3587.438 0
3587.575 0
3587.711 0
3587.848 1
3587.985 1
3588.121 1
3588.258 1
3588.395 0
3588.531 0
3588.668 0
3588.805 0
3588.942 0
3589.078 0
3589.215 0
3589.352 0
3589.488 0
3589.625 0
3589.762 0
3589.898 0
3590.035 0
3590.172 0
3590.309 0
3590.445 0
3590.582 0
3590.719 0
3590.856 1
3590.992 1
3591.129 1
3591.266 1
3591.403 0
3591.539 0
3591.676 0
3591.813 0
3591.950 0
3592.086 0
3592.223 0
3592.360 0
3592.497 0
3592.633 0
3592.770 0
3592.907 0
3593.044 1
3593.180 1
3593.317 1
3593.454 1
3593.591 1
3593.728 1
3593.864 1
3594.001 1
3594.138 0
3594.275 0
3594.412 0
3594.548 0
3594.685 0
3594.822 0
3594.959 0
3595.096 0
3595.232 0
3595.369 0
3595.506 0
3595.643 0
3595.780 0
3595.917 0
3596.053 1
3596.190 2
3596.327 3
3596.464 4
3596.601 4
3596.738 4
3596.875 4
3597.011 1
3597.148 1
3597.285 3
3597.422 3
3597.559 2
3597.696 2
3597.833 0
3597.969 0
3598.106 0
3598.243 0
3598.380 0
3598.517 0
3598.654 0
3598.791 0
3598.928 0
3599.065 0
3599.201 0
3599.338 0
3599.475 0
3599.612 0
3599.749 1
3599.886 1
3600.023 1
3600.160 1
3600.297 0
3600.434 0
3600.571 0
3600.707 0
3600.844 0
3600.981 0
3601.118 0
3601.255 1
3601.392 1
3601.529 1
3601.666 1
3601.803 0
3601.940 0
3602.077 0
3602.214 0
3602.351 0
3602.488 1
3602.625 1
3602.762 1
3602.899 1
3603.036 0
3603.173 0
3603.310 0
3603.447 0
3603.584 0
3603.721 0
3603.858 0
3603.995 1
3604.132 1
3604.269 1
3604.406 1
3604.543 0
3604.680 0
3604.817 0
3604.954 0
3605.091 0
3605.228 0
3605.365 0
3605.502 0
3605.639 0
3605.776 0
3605.913 0
3606.050 0
3606.187 0
3606.324 0
3606.461 0
3606.598 0
3606.735 0
3606.872 0
3607.009 0
3607.146 0
3607.283 1
3607.420 1
3607.557 1
3607.694 1
3607.831 0
3607.968 0
3608.106 0
3608.243 0
3608.380 3
3608.517 3
3608.654 3
3608.791 3
3608.928 4
3609.065 3
3609.202 2
3609.339 1
3609.476 0
3609.613 0
3609.751 1
3609.888 1
3610.025 1
3610.162 1
3610.299 0
3610.436 1
3610.573 1
3610.710 1
3610.848 1
3610.985 0
3611.122 0
3611.259 0
3611.396 0
3611.533 0
3611.670 0
3611.807 0
3611.945 1
3612.082 1
3612.219 1
3612.356 2
3612.493 3
3612.630 4
3612.768 8
3612.905 7
3613.042 5
3613.179 4
3613.316 2
3613.453 3
3613.591 4
3613.728 6
3613.865 4
3614.002 3
3614.139 2
3614.277 1
3614.414 1
3614.551 2
3614.688 4
3614.825 5
3614.963 6
3615.100 6
3615.237 7
3615.374 6
3615.511 3
3615.649 3
3615.786 1
3615.923 1
3616.060 0
3616.197 0
3616.335 0
3616.472 0
3616.609 0
3616.746 0
3616.884 0
3617.021 0
3617.158 0
3617.295 0
3617.433 0
3617.570 2
3617.707 2
3617.844 2
3617.982 3
3618.119 3
3618.256 3
3618.394 3
3618.531 2
3618.668 1
3618.805 1
3618.943 1
3619.080 1
3619.217 0
3619.355 4
3619.492 4
3619.629 4
3619.766 5
3619.904 2
3620.041 3
3620.178 3
3620.316 2
3620.453 1
3620.590 2
3620.728 2
3620.865 2
3621.002 2
3621.140 0
3621.277 0
3621.414 0
3621.552 0
3621.689 0
3621.826 0
3621.964 0
3622.101 0
3622.238 0
3622.376 0
3622.513 0
3622.650 0
3622.788 0
3622.925 0
3623.062 0
3623.200 0
3623.337 0
3623.474 0
3623.612 0
3623.749 0
3623.887 0
3624.024 2
3624.161 2
3624.299 2
3624.436 2
3624.574 2
3624.711 2
3624.848 2
3624.986 2
3625.123 0
3625.261 0
3625.398 1
3625.535 1
3625.673 1
3625.810 1
3625.948 2
3626.085 2
3626.222 2
3626.360 2
3626.497 3
3626.635 3
3626.772 3
3626.910 3
3627.047 0
3627.185 0
3627.322 0
3627.459 0
3627.597 1
3627.734 1
3627.872 1
3628.009 1
3628.147 1
3628.284 1
3628.422 1
3628.559 1
3628.697 1
3628.834 2
3628.972 3
3629.109 4
3629.247 5
3629.384 4
3629.521 3
3629.659 3
3629.796 1
3629.934 1
3630.071 1
3630.209 0
3630.346 1
3630.484 1
3630.621 1
3630.759 1
3630.897 0
3631.034 0
3631.172 0
3631.309 0
3631.447 0
3631.584 1
3631.722 1
3631.859 1
3631.997 1
3632.134 1
3632.272 1
3632.409 1
3632.547 1
3632.684 0
3632.822 0
3632.960 0
3633.097 0
3633.235 0
3633.372 0
3633.510 0
3633.647 2
3633.785 2
3633.923 2
3634.060 2
3634.198 0
3634.335 0
3634.473 0
3634.610 3
3634.748 3
3634.886 3
3635.023 3
3635.161 3
3635.298 3
3635.436 3
3635.574 5
3635.711 2
3635.849 2
3635.986 2
3636.124 0
3636.262 0
3636.399 1
3636.537 1
3636.675 1
3636.812 1
3636.950 0
3637.087 0
3637.225 0
3637.363 0
3637.500 0
3637.638 0
3637.776 1
3637.913 3
3638.051 4
3638.189 5
3638.326 7
3638.464 6
3638.602 5
3638.739 4
3638.877 2
3639.015 1
3639.152 1
3639.290 1
3639.428 0
3639.565 1
3639.703 2
3639.841 2
3639.978 2
3640.116 1
3640.254 0
3640.392 0
3640.529 0
3640.667 0
3640.805 0
3640.942 0
3641.080 0
3641.218 0
3641.356 0
3641.493 0
3641.631 0
3641.769 0
3641.906 1
3642.044 1
3642.182 1
3642.320 1
3642.457 0
3642.595 0
3642.733 0
3642.871 0
3643.008 0
3643.146 0
3643.284 0
3643.422 0
3643.559 0
3643.697 0
3643.835 0
3643.973 0
3644.110 0
3644.248 0
3644.386 0
3644.524 0
3644.662 0
3644.799 0
3644.937 0
3645.075 0
3645.213 0
3645.351 0
3645.488 1
3645.626 1
3645.764 1
3645.902 2
3646.040 2
3646.177 3
3646.315 5
3646.453 5
3646.591 5
3646.729 5
3646.867 3
3647.004 3
3647.142 3
3647.280 3
3647.418 0
3647.556 0
3647.694 0
3647.831 1
3647.969 1
3648.107 1
3648.245 1
3648.383 0
3648.521 0
3648.658 0
3648.796 2
3648.934 2
3649.072 2
3649.210 2
3649.348 0
3649.486 0
3649.624 0
3649.761 0
3649.899 0
3650.037 0
3650.175 0
3650.313 0
3650.451 0
3650.589 0
3650.727 0
3650.865 0
3651.003 0
3651.140 0
3651.278 2
3651.416 2
3651.554 3
3651.692 3
3651.830 1
3651.968 1
3652.106 0
3652.244 0
3652.382 0
3652.520 0
3652.658 0
3652.796 1
3652.934 1
3653.071 1
3653.209 1
3653.347 0
3653.485 0
3653.623 0
3653.761 0
3653.899 0
3654.037 0
3654.175 0
3654.313 0
3654.451 0
3654.589 0
3654.727 0
3654.865 0
3655.003 0
3655.141 0
3655.279 0
3655.417 0
3655.555 0
3655.693 0
3655.831 0
3655.969 0
3656.107 0
3656.245 0
3656.383 0
3656.521 0
3656.659 0
3656.797 0
3656.935 0
3657.073 0
3657.211 0
3657.349 1
3657.487 1
3657.625 1
3657.763 1
3657.901 4
3658.039 3
3658.177 2
3658.315 1
3658.453 0
3658.592 0
3658.730 0
3658.868 0
3659.006 0
3659.144 0
3659.282 2
3659.420 2
3659.558 2
3659.696 2
3659.834 2
3659.972 2
3660.110 2
3660.248 2
3660.386 0
3660.525 0
3660.663 0
3660.801 0
3660.939 0
3661.077 0
3661.215 1
3661.353 1
3661.491 1
3661.629 1
3661.768 0
3661.906 0
3662.044 0
3662.182 1
3662.320 1
3662.458 1
3662.596 1
3662.734 0
3662.873 0
3663.011 0
3663.149 0
3663.287 0
3663.425 0
3663.563 0
3663.701 0
3663.840 0
3663.978 0
3664.116 0
3664.254 0
3664.392 1
3664.530 2
3664.669 2
3664.807 2
3664.945 1
3665.083 2
3665.221 2
3665.359 2
3665.498 2
3665.636 0
3665.774 0
3665.912 2
3666.050 2
3666.189 2
3666.327 2
3666.465 0
3666.603 0
3666.741 0
3666.880 0
3667.018 0
3667.156 0
3667.294 0
3667.433 0
3667.571 0
3667.709 3
3667.847 3
3667.985 3
3668.124 3
3668.262 0
3668.400 0
3668.538 0
3668.677 0
3668.815 0
3668.953 0
3669.091 0
3669.230 0
3669.368 0
3669.506 0
3669.645 0
3669.783 0
3669.921 1
3670.059 1
3670.198 1
3670.336 1
3670.474 0
3670.612 0
3670.751 0
3670.889 0
3671.027 0
3671.166 1
3671.304 1
3671.442 3
3671.581 4
3671.719 3
3671.857 3
3671.995 2
3672.134 1
3672.272 1
3672.410 3
3672.549 2
3672.687 4
3672.825 4
3672.964 2
3673.102 2
3673.240 0
3673.379 0
3673.517 0
3673.655 0
3673.794 0
3673.932 0
3674.070 0
3674.209 0
3674.347 0
3674.486 1
3674.624 1
3674.762 2
3674.901 2
3675.039 1
3675.177 1
3675.316 0
3675.454 0
3675.593 0
3675.731 0
3675.869 0
3676.008 0
3676.146 0
3676.285 0
3676.423 1
3676.561 1
3676.700 1
3676.838 1
3676.977 3
3677.115 3
3677.253 3
3677.392 4
3677.530 1
3677.669 1
3677.807 2
3677.945 4
3678.084 4
3678.222 4
3678.361 3
3678.499 0
3678.638 0
3678.776 0
3678.915 0
3679.053 0
3679.191 0
3679.330 1
3679.468 1
3679.607 1
3679.745 1
3679.884 0
3680.022 0
3680.161 1
3680.299 4
3680.438 5
3680.576 6
3680.715 6
3680.853 3
3680.992 2
3681.130 1
3681.269 0
3681.407 0
3681.546 0
3681.684 0
3681.823 0
3681.961 1
3682.100 2
3682.238 2
3682.377 2
3682.515 1
3682.654 0
3682.792 0
3682.931 0
3683.069 0
3683.208 0
3683.346 0
3683.485 0
3683.623 0
3683.762 0
3683.900 0
3684.039 0
3684.178 0
3684.316 0
3684.455 0
3684.593 0
3684.732 0
3684.870 0
3685.009 0
3685.147 0
3685.286 0
3685.425 0
3685.563 0
3685.702 0
3685.840 0
3685.979 0
3686.118 1
3686.256 1
3686.395 1
3686.533 1
3686.672 0
3686.810 0
3686.949 0
3687.088 0
3687.226 0
3687.365 0
3687.504 0
3687.642 0
3687.781 0
3687.919 0
3688.058 0
3688.197 0
3688.335 0
3688.474 0
3688.613 0
3688.751 2
3688.890 2
3689.028 2
3689.167 2
3689.306 0
3689.444 1
3689.583 1
3689.722 1
3689.860 1
3689.999 4
3690.138 3
3690.276 2
3690.415 1
3690.554 0
3690.692 0
3690.831 0
3690.970 0
3691.108 0
3691.247 0
3691.386 0
3691.524 0
3691.663 0
3691.802 0
3691.941 0
3692.079 0
3692.218 0
3692.357 0
3692.495 0
3692.634 0
3692.773 1
3692.912 1
3693.050 1
3693.189 4
3693.328 4
3693.466 4
3693.605 4
3693.744 1
3693.883 0
3694.021 0
3694.160 0
3694.299 0
3694.438 0
3694.576 0
3694.715 0
3694.854 0
3694.993 0
3695.131 0
3695.270 0
3695.409 0
3695.548 0
3695.686 0
3695.825 0
3695.964 0
3696.103 0
3696.242 0
3696.380 0
3696.519 0
3696.658 1
3696.797 1
3696.936 1
3697.074 1
3697.213 2
3697.352 2
3697.491 2
3697.630 2
3697.768 0
3697.907 0
3698.046 0
3698.185 0
3698.324 2
3698.462 4
3698.601 6
3698.740 8
3698.879 7
3699.018 6
3699.157 5
3699.295 2
3699.434 2
3699.573 2
3699.712 2
3699.851 0
3699.990 2
3700.129 2
3700.267 2
3700.406 2
3700.545 0
3700.684 0
3700.823 0
3700.962 0
3701.101 0
3701.239 0
3701.378 0
3701.517 0
3701.656 0
3701.795 0
3701.934 0
3702.073 0
3702.212 0
3702.351 0
3702.490 0
3702.628 0
3702.767 0
3702.906 0
3703.045 0
3703.184 0
3703.323 0
3703.462 0
3703.601 0
3703.740 0
3703.879 0
3704.018 0
3704.157 0
3704.295 0
3704.434 0
3704.573 0
3704.712 0
3704.851 0
3704.990 0
3705.129 0
3705.268 0
3705.407 0
3705.546 0
3705.685 0
3705.824 0
3705.963 0
3706.102 0
3706.241 0
3706.380 0
3706.519 1
3706.658 1
3706.797 1
3706.936 1
3707.075 0
3707.214 0
3707.353 0
3707.492 0
3707.631 0
3707.770 0
3707.909 0
3708.048 0
3708.187 1
3708.326 1
3708.465 1
3708.604 2
3708.743 1
3708.882 1
3709.021 1
3709.160 0
3709.299 0
3709.438 0
3709.577 0
3709.716 0
3709.855 0
3709.994 0
3710.133 0
3710.272 3
3710.411 3
3710.550 3
3710.690 3
3710.829 0
3710.968 0
3711.107 3
3711.246 4
3711.385 4
3711.524 4
3711.663 3
3711.802 2
3711.941 2
3712.080 2
3712.219 0
3712.358 0
3712.498 0
3712.637 0
3712.776 0
3712.915 0
3713.054 0
3713.193 0
3713.332 0
3713.471 0
3713.610 0
3713.750 0
3713.889 0
3714.028 0
3714.167 0
3714.306 1
3714.445 1
3714.584 1
3714.723 1
3714.863 0
3715.002 0
3715.141 0
3715.280 0
3715.419 1
3715.558 1
3715.697 1
3715.837 1
3715.976 0
3716.115 1
3716.254 1
3716.393 1
3716.532 1
3716.672 1
3716.811 1
3716.950 1
3717.089 1
3717.228 2
3717.368 2
3717.507 2
3717.646 2
3717.785 0
3717.924 0
3718.064 0
3718.203 0
3718.342 0
3718.481 0
3718.620 0
3718.760 0
3718.899 0
3719.038 0
3719.177 0
3719.316 0
3719.456 0
3719.595 0
3719.734 0
3719.873 0
3720.013 0
3720.152 0
3720.291 0
3720.430 0
3720.570 0
3720.709 0
3720.848 0
3720.987 0
3721.127 0
3721.266 0
3721.405 0
3721.544 0
3721.684 0
3721.823 0
3721.962 0
3722.102 0
3722.241 1
3722.380 1
3722.519 1
3722.659 1
3722.798 0
3722.937 0
3723.077 0
3723.216 0
3723.355 0
3723.495 0
3723.634 0
3723.773 0
3723.912 0
3724.052 0
3724.191 0
3724.330 0
3724.470 0
3724.609 0
3724.748 0
3724.888 0
3725.027 0
3725.166 0
3725.306 0
3725.445 0
3725.584 0
3725.724 0
3725.863 0
3726.003 0
3726.142 0
3726.281 0
3726.421 0
3726.560 0
3726.699 0
3726.839 0
3726.978 0
3727.117 0
3727.257 0
3727.396 0
3727.536 0
3727.675 0
3727.814 0
3727.954 0
3728.093 0
3728.233 0
3728.372 0
3728.511 0
3728.651 0
3728.790 0
3728.930 0
3729.069 0
3729.208 0
3729.348 0
3729.487 2
3729.627 2
3729.766 2
3729.906 2
3730.045 1
3730.184 1
3730.324 1
3730.463 1
3730.603 0
3730.742 0
3730.882 0
3731.021 0
3731.161 1
3731.300 1
3731.439 1
3731.579 1
3731.718 0
3731.858 0
3731.997 0
3732.137 0
3732.276 0
3732.416 0
3732.555 0
3732.695 1
3732.834 1
3732.974 1
3733.113 1
3733.253 0
3733.392 0
3733.532 0
3733.671 0
3733.811 0
3733.950 0
3734.090 0
3734.229 0
3734.369 3
3734.508 6
3734.648 9
3734.787 13
3734.927 12
3735.066 10
3735.206 8
3735.345 3
3735.485 2
3735.624 3
3735.764 3
3735.904 1
3736.043 1
3736.183 0
3736.322 0
3736.462 0
3736.601 1
3736.741 5
3736.880 6
3737.020 8
3737.160 8
3737.299 8
3737.439 8
3737.578 5
3737.718 5
3737.858 2
3737.997 2
3738.137 0
3738.276 0
3738.416 0
3738.555 0
3738.695 0
3738.835 0
3738.974 0
3739.114 0
3739.253 0
3739.393 0
3739.533 0
3739.672 0
3739.812 0
3739.952 0
3740.091 0
3740.231 0
3740.370 0
3740.510 0
3740.650 0
3740.789 0
3740.929 0
3741.069 1
3741.208 2
3741.348 2
3741.488 2
3741.627 1
3741.767 0
3741.907 0
3742.046 1
3742.186 1
3742.326 1
3742.465 1
3742.605 0
3742.745 0
3742.884 0
3743.024 0
3743.164 0
3743.303 1
3743.443 3
3743.583 3
3743.722 5
3743.862 5
3744.002 3
3744.142 3
3744.281 1
3744.421 0
3744.561 0
3744.700 0
3744.840 0
3744.980 1
3745.120 1
3745.259 1
3745.399 1
3745.539 0
3745.678 0
3745.818 0
3745.958 0
3746.098 0
3746.237 0
3746.377 0
3746.517 0
3746.657 1
3746.796 1
3746.936 1
3747.076 1
3747.216 0
3747.355 0
3747.495 0
3747.635 0
3747.775 0
3747.915 0
3748.054 0
3748.194 0
3748.334 1
3748.474 1
3748.613 1
3748.753 1
3748.893 0
3749.033 0
3749.173 0
3749.312 0
3749.452 0
3749.592 0
3749.732 0
3749.872 0
3750.011 0
3750.151 0
3750.291 0
3750.431 1
3750.571 2
3750.711 2
3750.850 2
3750.990 1
3751.130 0
3751.270 0
3751.410 0
3751.550 0
3751.689 0
3751.829 0
3751.969 0
3752.109 1
3752.249 1
3752.389 1
3752.529 1
3752.668 0
3752.808 0
3752.948 1
3753.088 2
3753.228 3
3753.368 6
3753.508 5
3753.648 4
3753.788 3
3753.927 0
3754.067 0
3754.207 0
3754.347 0
3754.487 0
3754.627 1
3754.767 1
3754.907 1
3755.047 1
3755.187 1
3755.326 1
3755.466 1
3755.606 1
3755.746 2
3755.886 2
3756.026 2
3756.166 2
3756.306 0
3756.446 0
3756.586 0
3756.726 1
3756.866 1
3757.006 1
3757.146 1
3757.286 0
3757.426 0
3757.566 0
3757.705 0
3757.845 0
3757.985 0
3758.125 0
3758.265 0
3758.405 0
3758.545 0
3758.685 0
3758.825 0
3758.965 0
3759.105 0
3759.245 0
3759.385 0
3759.525 1
3759.665 1
3759.805 1
3759.945 1
3760.085 0
3760.225 0
3760.365 0
3760.505 0
3760.645 0
3760.785 0
3760.925 0
3761.065 0
3761.205 0
3761.345 0
3761.485 0
3761.626 0
3761.766 0
3761.906 1
3762.046 1
3762.186 1
3762.326 1
3762.466 0
3762.606 0
3762.746 0
3762.886 1
3763.026 1
3763.166 1
3763.306 1
3763.446 0
3763.586 0
3763.726 0
3763.867 0
3764.007 0
3764.147 0
3764.287 0
3764.427 0
3764.567 1
3764.707 3
3764.847 3
3764.987 3
3765.127 2
3765.267 1
3765.408 1
3765.548 1
3765.688 1
3765.828 0
3765.968 0
3766.108 0
3766.248 0
3766.388 2
3766.529 2
3766.669 2
3766.809 2
3766.949 0
3767.089 0
3767.229 0
3767.369 1
3767.510 2
3767.650 2
3767.790 2
3767.930 1
3768.070 0
3768.210 0
3768.351 0
3768.491 0
3768.631 0
3768.771 0
3768.911 0
3769.051 0
3769.192 0
3769.332 0
3769.472 0
3769.612 0
3769.752 3
3769.893 3
3770.033 3
3770.173 3
3770.313 0
3770.453 0
3770.594 0
3770.734 0
3770.874 0
3771.014 0
3771.154 0
3771.295 0
3771.435 0
3771.575 0
3771.715 0
3771.856 0
3771.996 0
3772.136 0
3772.276 0
3772.417 0
3772.557 0
3772.697 0
3772.837 0
3772.978 1
3773.118 1
3773.258 1
3773.398 1
3773.539 0
3773.679 0
3773.819 0
3773.959 0
3774.100 0
3774.240 0
3774.380 0
3774.521 0
3774.661 0
3774.801 0
3774.941 0
3775.082 2
3775.222 2
3775.362 2
3775.503 2
3775.643 0
3775.783 0
3775.924 0
3776.064 0
3776.204 1
3776.344 1
3776.485 1
3776.625 1
3776.765 0
3776.906 0
3777.046 0
3777.186 0
3777.327 1
3777.467 1
3777.607 1
3777.748 1
3777.888 1
3778.029 1
3778.169 1
3778.309 2
3778.450 1
3778.590 1
3778.730 1
3778.871 0
3779.011 0
3779.151 0
3779.292 0
3779.432 0
3779.573 0
3779.713 0
3779.853 0
3779.994 0
3780.134 0
3780.275 0
3780.415 2
3780.555 2
3780.696 2
3780.836 2
3780.977 0
3781.117 0
3781.257 0
3781.398 1
3781.538 1
3781.679 1
3781.819 3
3781.959 3
3782.100 3
3782.240 3
3782.381 1
3782.521 0
3782.662 0
3782.802 0
3782.943 0
3783.083 0
3783.223 1
3783.364 1
3783.504 1
3783.645 1
3783.785 0
3783.926 0
3784.066 0
3784.207 0
3784.347 0
3784.488 0
3784.628 0
3784.769 0
3784.909 0
3785.050 1
3785.190 2
3785.331 3
3785.471 4
3785.612 4
3785.752 4
3785.893 4
3786.033 4
3786.174 3
3786.314 2
3786.455 1
3786.595 0
3786.736 0
3786.876 2
3787.017 2
3787.157 2
3787.298 2
3787.438 0
3787.579 0
3787.719 0
3787.860 0
3788.000 0
3788.141 0
3788.281 0
3788.422 0
3788.563 0
3788.703 0
3788.844 1
3788.984 1
3789.125 1
3789.265 1
3789.406 0
3789.547 0
3789.687 0
3789.828 0
3789.968 0
3790.109 0
3790.249 0
3790.390 0
3790.531 0
3790.671 0
3790.812 0
3790.952 0
3791.093 0
3791.234 0
3791.374 0
3791.515 0
3791.655 0
3791.796 0
3791.937 0
3792.077 0
3792.218 0
3792.359 0
3792.499 0
3792.640 0
3792.780 0
3792.921 0
3793.062 0
3793.202 0
3793.343 0
3793.484 0
3793.624 0
3793.765 0
3793.906 0
3794.046 0
3794.187 0
3794.328 0
3794.468 0
3794.609 0
3794.750 0
3794.890 0
3795.031 0
3795.172 0
3795.312 0
3795.453 0
3795.594 0
3795.734 0
3795.875 0
3796.016 0
3796.156 2
3796.297 2
3796.438 2
3796.579 2
3796.719 1
3796.860 1
3797.001 2
3797.141 2
3797.282 1
3797.423 1
3797.564 0
3797.704 1
3797.845 1
3797.986 1
3798.126 1
3798.267 0
3798.408 0
3798.549 0
3798.689 0
3798.830 0
3798.971 0
3799.112 0
3799.252 1
3799.393 1
3799.534 1
3799.675 2
3799.815 1
3799.956 1
3800.097 1
3800.238 0
3800.379 0
3800.519 0
3800.660 0
3800.801 0
3800.942 0
3801.083 0
3801.223 0
3801.364 1
3801.505 2
3801.646 3
3801.787 5
3801.927 4
3802.068 3
3802.209 2
3802.350 0
3802.491 0
3802.631 0
3802.772 0
3802.913 0
3803.054 0
3803.195 0
3803.336 0
3803.476 0
3803.617 0
3803.758 0
3803.899 0
3804.040 0
3804.181 0
3804.321 0
3804.462 0
3804.603 1
3804.744 1
3804.885 1
3805.026 1
3805.167 0
3805.308 0
3805.448 0
3805.589 0
3805.730 0
3805.871 0
3806.012 0
3806.153 0
3806.294 0
3806.435 0
3806.575 0
3806.716 0
3806.857 0
3806.998 0
3807.139 0
3807.280 0
3807.421 1
3807.562 1
3807.703 1
3807.844 1
3807.985 0
3808.126 0
3808.266 0
3808.407 0
3808.548 0
3808.689 0
3808.830 0
3808.971 0
3809.112 0
3809.253 0
3809.394 0
3809.535 0
3809.676 0
3809.817 0
3809.958 0
3810.099 0
3810.240 1
3810.381 1
3810.522 1
3810.663 1
3810.804 0
3810.945 0
3811.086 0
3811.227 0
3811.368 0
3811.509 0
3811.650 0
3811.791 0
3811.932 0
3812.073 0
3812.214 0
3812.355 0
3812.496 0
3812.637 0
3812.778 0
3812.919 0
3813.060 0
3813.201 0
3813.342 0
3813.483 0
3813.624 0
3813.765 0
3813.906 0
3814.047 0
3814.188 0
3814.329 0
3814.470 0
3814.611 0
3814.752 0
3814.893 0
3815.034 0
3815.175 0
3815.316 0
3815.457 0
3815.598 0
3815.739 0
3815.881 1
3816.022 1
3816.163 1
3816.304 1
3816.445 4
3816.586 3
3816.727 2
3816.868 1
3817.009 0
3817.150 0
3817.291 0
3817.433 0
3817.574 1
3817.715 1
3817.856 1
3817.997 1
3818.138 0
3818.279 0
3818.420 0
3818.561 0
3818.703 1
3818.844 1
3818.985 1
3819.126 1
3819.267 0
3819.408 0
3819.549 0
3819.691 0
3819.832 0
3819.973 0
3820.114 0
3820.255 0
3820.396 0
3820.537 0
3820.679 0
3820.820 0
3820.961 0
3821.102 0
3821.243 0
3821.384 0
3821.526 0
3821.667 0
3821.808 0
3821.949 0
3822.090 1
3822.232 1
3822.373 1
3822.514 1
3822.655 0
3822.796 0
3822.938 1
3823.079 1
3823.220 1
3823.361 1
3823.502 0
3823.644 0
3823.785 0
3823.926 0
3824.067 0
3824.209 0
3824.350 0
3824.491 0
3824.632 0
3824.774 1
3824.915 1
3825.056 1
3825.197 1
3825.339 0
3825.480 0
3825.621 0
3825.762 0
3825.904 0
3826.045 0
3826.186 0
3826.327 1
3826.469 1
3826.610 1
3826.751 1
3826.893 0
3827.034 0
3827.175 0
3827.316 0
3827.458 0
3827.599 1
3827.740 1
3827.882 1
3828.023 1
3828.164 1
3828.305 1
3828.447 2
3828.588 2
3828.729 1
3828.871 1
3829.012 1
3829.153 1
3829.295 1
3829.436 1
3829.577 0
3829.719 0
3829.860 0
3830.001 0
3830.143 0
3830.284 0
3830.425 0
3830.567 0
3830.708 1
3830.850 1
3830.991 1
3831.132 1
3831.274 0
3831.415 0
3831.556 0
3831.698 3
3831.839 3
3831.980 3
3832.122 3
3832.263 1
3832.405 1
3832.546 1
3832.687 1
3832.829 0
3832.970 0
3833.112 0
3833.253 0
3833.394 0
3833.536 0
3833.677 0
3833.819 0
3833.960 0
3834.101 0
3834.243 0
3834.384 0
3834.526 0
3834.667 0
3834.809 1
3834.950 1
3835.091 1
3835.233 1
3835.374 0
3835.516 0
3835.657 0
3835.799 0
3835.940 0
3836.082 0
3836.223 0
3836.365 0
3836.506 0
3836.647 0
3836.789 0
3836.930 0
3837.072 1
3837.213 1
3837.355 1
3837.496 1
3837.638 3
3837.779 3
3837.921 3
3838.062 3
3838.204 0
3838.345 0
3838.487 0
3838.628 0
3838.770 0
3838.911 0
3839.053 1
3839.194 1
3839.336 1
3839.477 1
3839.619 1
3839.760 1
3839.902 1
3840.043 1
3840.185 0
3840.327 0
3840.468 0
3840.610 0
3840.751 0
3840.893 0
3841.034 2
3841.176 2
3841.317 2
3841.459 2
3841.601 0
3841.742 0
3841.884 0
3842.025 0
3842.167 0
3842.308 0
3842.450 0
3842.592 0
3842.733 0
3842.875 0
3843.016 0
3843.158 0
3843.299 0
3843.441 0
3843.583 0
3843.724 0
3843.866 0
3844.007 0
3844.149 1
3844.291 1
3844.432 1
3844.574 1
3844.716 0
3844.857 0
3844.999 0
3845.140 0
3845.282 0
3845.424 0
3845.565 0
3845.707 0
3845.849 0
3845.990 0
3846.132 0
3846.274 0
3846.415 0
3846.557 0
3846.698 0
3846.840 0
3846.982 0
3847.123 0
3847.265 0
3847.407 0
3847.548 0
3847.690 0
3847.832 0
3847.974 0
3848.115 0
3848.257 0
3848.399 0
3848.540 0
3848.682 0
3848.824 0
3848.965 0
3849.107 0
3849.249 0
3849.391 0
3849.532 0
3849.674 0
3849.816 0
3849.957 0
3850.099 0
3850.241 0
3850.383 0
3850.524 0
3850.666 0
3850.808 0
3850.949 0
3851.091 0
3851.233 0
3851.375 0
3851.516 0
3851.658 0
3851.800 0
3851.942 0
3852.083 0
3852.225 0
3852.367 0
3852.509 0
3852.651 0
3852.792 0
3852.934 0
3853.076 1
3853.218 1
3853.359 3
3853.501 3
3853.643 2
3853.785 2
3853.927 0
3854.068 0
3854.210 0
3854.352 0
3854.494 0
3854.636 0
3854.777 0
3854.919 0
3855.061 0
3855.203 0
3855.345 1
3855.487 1
3855.628 1
3855.770 1
3855.912 0
3856.054 0
3856.196 0
3856.338 0
3856.479 0
3856.621 0
3856.763 0
3856.905 0
3857.047 0
3857.189 0
3857.330 0
3857.472 0
3857.614 0
3857.756 0
3857.898 0
3858.040 0
3858.182 1
3858.324 2
3858.465 2
3858.607 2
3858.749 1
3858.891 1
3859.033 1
3859.175 1
3859.317 1
3859.459 0
3859.601 0
3859.742 0
3859.884 0
3860.026 0
3860.168 0
3860.310 0
3860.452 0
3860.594 0
3860.736 0
3860.878 0
3861.020 2
3861.162 2
3861.304 2
3861.446 2
3861.587 0
3861.729 1
3861.871 1
3862.013 1
3862.155 1
3862.297 0
3862.439 0
3862.581 0
3862.723 0
3862.865 0
3863.007 0
3863.149 1
3863.291 1
3863.433 1
3863.575 1
3863.717 0
3863.859 0
3864.001 0
3864.143 0
3864.285 0
3864.427 0
3864.569 0
3864.711 0
3864.853 0
3864.995 0
3865.137 0
3865.279 0
3865.421 0
3865.563 0
3865.705 0
3865.847 1
3865.989 1
3866.131 1
3866.273 1
3866.415 0
3866.557 0
3866.699 0
3866.841 0
3866.983 0
3867.125 0
3867.267 0
3867.409 0
3867.551 0
3867.693 0
3867.835 0
3867.978 0
3868.120 1
3868.262 1
3868.404 1
3868.546 1
3868.688 0
3868.830 0
3868.972 0
3869.114 0
3869.256 0
3869.398 0
3869.540 1
3869.682 1
3869.825 1
3869.967 1
3870.109 0
3870.251 0
3870.393 0
3870.535 0
3870.677 0
3870.819 0
3870.961 0
3871.104 0
3871.246 0
3871.388 1
3871.530 1
3871.672 1
3871.814 1
3871.956 0
3872.098 0
3872.241 0
3872.383 0
3872.525 0
3872.667 0
3872.809 0
3872.951 0
3873.093 0
3873.236 0
3873.378 0
3873.520 0
3873.662 0
3873.804 0
3873.946 0
3874.089 0
3874.231 0
3874.373 0
3874.515 0
3874.657 0
3874.800 0
3874.942 1
3875.084 3
3875.226 4
3875.368 5
3875.511 5
3875.653 7
3875.795 6
3875.937 5
3876.079 4
3876.222 0
3876.364 0
3876.506 0
3876.648 0
3876.791 0
3876.933 0
3877.075 0
3877.217 0
3877.359 0
3877.502 0
3877.644 0
3877.786 1
3877.928 3
3878.071 4
3878.213 4
3878.355 3
3878.497 1
3878.640 0
3878.782 0
3878.924 0
3879.066 0
3879.209 0
3879.351 0
3879.493 0
3879.636 0
3879.778 0
3879.920 0
3880.062 0
3880.205 0
3880.347 0
3880.489 1
3880.632 1
3880.774 1
3880.916 1
3881.059 0
3881.201 0
3881.343 0
3881.485 0
3881.628 0
3881.770 0
3881.912 0
3882.055 0
3882.197 0
3882.339 0
3882.482 0
3882.624 0
3882.766 0
3882.909 0
3883.051 2
3883.193 2
3883.336 3
3883.478 3
3883.621 3
3883.763 4
3883.905 3
3884.048 3
3884.190 1
3884.332 0
3884.475 0
3884.617 0
3884.759 0
3884.902 0
3885.044 0
3885.187 0
3885.329 0
3885.471 0
3885.614 2
3885.756 2
3885.899 2
3886.041 2
3886.183 0
3886.326 0
3886.468 0
3886.611 1
3886.753 1
3886.895 1
3887.038 1
3887.180 0
3887.323 0
3887.465 0
3887.608 0
3887.750 0
3887.892 0
3888.035 0
3888.177 0
3888.320 2
3888.462 2
3888.605 2
3888.747 2
3888.890 0
3889.032 0
3889.174 0
3889.317 0
3889.459 0
3889.602 0
3889.744 0
3889.887 0
3890.029 0
3890.172 0
3890.314 0
3890.457 0
3890.599 0
3890.742 0
3890.884 0
3891.027 0
3891.169 1
3891.312 1
3891.454 1
3891.597 1
3891.739 0
3891.882 0
3892.024 0
3892.167 0
3892.309 0
3892.452 0
3892.594 0
3892.737 0
3892.879 0
3893.022 0
3893.164 0
3893.307 0
3893.450 0
3893.592 0
3893.735 0
3893.877 0
3894.020 0
3894.162 0
3894.305 0
3894.447 0
3894.590 0
3894.733 0
3894.875 0
3895.018 0
3895.160 0
3895.303 0
3895.445 0
3895.588 0
3895.731 0
3895.873 0
3896.016 0
3896.158 0
3896.301 0
3896.444 0
3896.586 0
3896.729 2
3896.871 2
3897.014 2
3897.157 2
3897.299 3
3897.442 4
3897.584 4
3897.727 4
3897.870 1
3898.012 0
3898.155 0
3898.298 0
3898.440 2
3898.583 2
3898.725 2
3898.868 2
3899.011 0
3899.153 0
3899.296 0
3899.439 0
3899.581 1
3899.724 1
3899.867 1
3900.009 1
3900.152 2
3900.295 2
3900.437 2
3900.580 2
3900.723 3
3900.865 3
3901.008 3
3901.151 3
3901.293 0
3901.436 0
3901.579 0
3901.721 0
3901.864 0
3902.007 2
3902.150 2
3902.292 2
3902.435 2
3902.578 0
3902.720 0
3902.863 0
3903.006 0
3903.149 0
3903.291 0
3903.434 0
3903.577 0
3903.719 0
3903.862 0
3904.005 0
3904.148 0
3904.290 0
3904.433 0
3904.576 0
3904.719 0
3904.861 0
3905.004 0
3905.147 0
3905.290 0
3905.433 0
3905.575 0
3905.718 0
3905.861 0
3906.004 0
3906.146 0
3906.289 0
3906.432 0
3906.575 0
3906.718 2
3906.860 2
3907.003 2
3907.146 2
3907.289 2
3907.432 2
3907.574 2
3907.717 2
3907.860 1
3908.003 1
3908.146 1
3908.288 1
3908.431 0
3908.574 0
3908.717 0
3908.860 1
3909.003 1
3909.145 1
3909.288 1
3909.431 0
3909.574 0
3909.717 0
3909.860 0
3910.002 0
3910.145 0
3910.288 0
3910.431 0
3910.574 0
3910.717 0
3910.860 0
3911.002 0
3911.145 0
3911.288 1
3911.431 1
3911.574 1
3911.717 1
3911.860 0
3912.003 0
3912.146 0
3912.288 0
3912.431 0
3912.574 0
3912.717 0
3912.860 0
3913.003 0
3913.146 0
3913.289 0
3913.432 0
3913.575 3
3913.718 3
3913.860 3
3914.003 3
3914.146 0
3914.289 0
3914.432 0
3914.575 0
3914.718 0
3914.861 0
3915.004 0
3915.147 0
3915.290 0
3915.433 0
3915.576 0
3915.719 0
3915.862 0
3916.005 0
3916.148 2
3916.291 2
3916.434 2
3916.577 2
3916.720 1
3916.862 2
3917.005 2
3917.148 2
3917.291 1
3917.434 0
3917.577 0
3917.720 0
3917.863 0
3918.006 0
3918.149 0
3918.292 0
3918.435 0
3918.578 0
3918.721 0
3918.864 0
3919.008 0
3919.151 0
3919.294 0
3919.437 0
3919.580 0
3919.723 0
3919.866 0
3920.009 0
3920.152 0
3920.295 0
3920.438 0
3920.581 0
3920.724 0
3920.867 0
3921.010 3
3921.153 3
3921.296 3
3921.439 3
3921.582 1
3921.725 1
3921.868 1
3922.012 1
3922.155 3
3922.298 3
3922.441 3
3922.584 3
3922.727 0
3922.870 0
3923.013 0
3923.156 0
3923.299 0
3923.442 0
3923.586 0
3923.729 0
3923.872 0
3924.015 0
3924.158 0
3924.301 1
3924.444 1
3924.587 1
3924.731 1
3924.874 0
3925.017 0
3925.160 0
3925.303 0
3925.446 0
3925.589 0
3925.733 0
3925.876 1
3926.019 1
3926.162 1
3926.305 1
3926.448 0
3926.591 0
3926.735 0
3926.878 0
3927.021 0
3927.164 0
3927.307 0
3927.450 0
3927.594 0
3927.737 0
3927.880 0
3928.023 0
3928.166 0
3928.310 0
3928.453 0
3928.596 0
3928.739 0
3928.882 0
3929.026 0
3929.169 0
3929.312 0
3929.455 0
3929.599 0
3929.742 0
3929.885 0
3930.028 0
3930.171 0
3930.315 0
3930.458 2
3930.601 2
3930.744 2
3930.888 2
3931.031 0
3931.174 0
3931.317 1
3931.461 1
3931.604 1
3931.747 1
3931.890 0
3932.034 0
3932.177 0
3932.320 0
3932.463 0
3932.607 0
3932.750 0
3932.893 0
3933.037 0
3933.180 0
3933.323 0
3933.466 0
3933.610 0
3933.753 1
3933.896 1
3934.040 1
3934.183 1
3934.326 0
3934.470 0
3934.613 0
3934.756 1
3934.900 1
3935.043 1
3935.186 1
3935.329 0
3935.473 0
3935.616 0
3935.759 0
3935.903 0
3936.046 0
3936.190 0
3936.333 0
3936.476 0
3936.620 0
3936.763 1
3936.906 1
3937.050 1
3937.193 1
3937.336 0
3937.480 0
3937.623 0
3937.766 0
3937.910 0
3938.053 0
3938.197 0
3938.340 1
3938.483 1
3938.627 1
3938.770 1
3938.914 0
3939.057 0
3939.200 1
3939.344 2
3939.487 3
3939.631 6
3939.774 5
3939.917 4
3940.061 3
3940.204 0
3940.348 0
3940.491 0
3940.634 0
3940.778 0
3940.921 0
3941.065 1
3941.208 2
3941.352 3
3941.495 3
3941.639 2
3941.782 1
3941.925 0
3942.069 0
3942.212 0
3942.356 0
3942.499 0
3942.643 0
3942.786 0
3942.930 0
3943.073 0
3943.217 0
3943.360 0
3943.504 0
3943.647 0
3943.791 0
3943.934 0
3944.078 2
3944.221 2
3944.365 2
3944.508 2
3944.652 0
3944.795 0
3944.939 1
3945.082 1
3945.226 2
3945.369 2
3945.513 1
3945.656 1
3945.800 0
3945.943 0
3946.087 0
3946.230 0
3946.374 0
3946.517 0
3946.661 0
3946.804 0
3946.948 1
3947.091 1
3947.235 1
3947.379 1
3947.522 2
3947.666 2
3947.809 2
3947.953 2
3948.096 0
3948.240 0
3948.383 0
3948.527 2
3948.671 2
3948.814 2
3948.958 2
3949.101 0
3949.245 0
3949.389 0
3949.532 0
3949.676 0
3949.819 0
3949.963 0
3950.107 0
3950.250 1
3950.394 3
3950.537 3
3950.681 3
3950.825 2
3950.968 0
3951.112 0
3951.255 0
3951.399 0
3951.543 0
3951.686 0
3951.830 0
3951.974 0
3952.117 0
3952.261 0
3952.405 0
3952.548 3
3952.692 3
3952.836 3
3952.979 3
3953.123 3
3953.267 4
3953.410 4
3953.554 4
3953.698 1
3953.841 0
3953.985 0
3954.129 1
3954.272 1
3954.416 1
3954.560 1
3954.703 0
3954.847 0
3954.991 0
3955.134 0
3955.278 0
3955.422 0
3955.565 0
3955.709 0
3955.853 0
3955.997 0
3956.140 1
3956.284 1
3956.428 1
3956.571 1
3956.715 0
3956.859 0
3957.003 0
3957.146 0
3957.290 0
3957.434 0
3957.578 0
3957.721 0
3957.865 0
3958.009 0
3958.153 0
3958.296 0
3958.440 0
3958.584 0
3958.728 0
3958.871 0
3959.015 0
3959.159 0
3959.303 0
3959.447 0
3959.590 0
3959.734 0
3959.878 0
3960.022 0
3960.165 0
3960.309 0
3960.453 0
3960.597 0
3960.741 0
3960.884 0
3961.028 1
3961.172 1
3961.316 1
3961.460 1
3961.604 0
3961.747 0
3961.891 0
3962.035 0
3962.179 0
3962.323 2
3962.467 2
3962.610 2
3962.754 2
3962.898 0
3963.042 0
3963.186 0
3963.330 0
3963.473 0
3963.617 0
3963.761 0
3963.905 0
3964.049 0
3964.193 0
3964.337 0
3964.480 0
3964.624 0
3964.768 1
3964.912 1
3965.056 1
3965.200 1
3965.344 0
3965.488 0
3965.632 0
3965.775 0
3965.919 0
3966.063 0
3966.207 0
3966.351 0
3966.495 0
3966.639 0
3966.783 0
3966.927 0
3967.071 0
3967.215 0
3967.358 0
3967.502 0
3967.646 0
3967.790 0
3967.934 0
3968.078 0
3968.222 0
3968.366 0
3968.510 0
3968.654 0
3968.798 1
3968.942 1
3969.086 1
3969.230 1
3969.374 0
3969.518 2
3969.662 2
3969.806 2
3969.950 2
3970.094 0
3970.238 0
3970.382 0
3970.526 0
3970.670 0
3970.814 0
3970.957 0
3971.101 0
3971.245 0
3971.389 0
3971.533 0
3971.678 0
3971.822 0
3971.966 0
3972.110 0
3972.254 0
3972.398 0
3972.542 0
3972.686 0
3972.830 0
3972.974 0
3973.118 0
3973.262 0
3973.406 0
3973.550 0
3973.694 0
3973.838 0
3973.982 0
3974.126 0
3974.270 0
3974.414 0
3974.558 0
3974.702 0
3974.846 0
3974.990 1
3975.134 1
3975.279 3
3975.423 3
3975.567 2
3975.711 2
3975.855 0
3975.999 0
3976.143 0
3976.287 0
3976.431 0
3976.575 0
3976.719 0
3976.864 0
3977.008 2
3977.152 2
3977.296 2
3977.440 2
3977.584 0
3977.728 0
3977.872 0
3978.016 0
3978.161 1
3978.305 1
3978.449 1
3978.593 1
3978.737 0
3978.881 0
3979.025 0
3979.170 0
3979.314 0
3979.458 0
3979.602 0
3979.746 0
3979.890 0
3980.034 0
3980.179 1
3980.323 1
3980.467 1
3980.611 1
3980.755 0
3980.900 0
3981.044 1
3981.188 1
3981.332 1
3981.476 1
3981.620 0
3981.765 0
3981.909 0
3982.053 0
3982.197 0
3982.341 0
3982.486 0
3982.630 0
3982.774 0
3982.918 0
3983.062 0
3983.207 0
3983.351 0
3983.495 0
3983.639 0
3983.784 0
3983.928 1
3984.072 1
3984.216 1
3984.361 1
3984.505 0
3984.649 0
3984.793 0
3984.938 0
3985.082 0
3985.226 0
3985.370 0
3985.515 0
3985.659 0
3985.803 0
3985.947 0
3986.092 0
3986.236 0
3986.380 0
3986.525 0
3986.669 0
3986.813 1
3986.957 1
3987.102 2
3987.246 2
3987.390 1
3987.535 1
3987.679 0
3987.823 0
3987.968 0
3988.112 0
3988.256 0
3988.400 0
3988.545 0
3988.689 0
3988.833 0
3988.978 0
3989.122 0
3989.266 0
3989.411 0
3989.555 0
3989.699 1
3989.844 1
3989.988 1
3990.133 1
3990.277 0
3990.421 0
3990.566 0
3990.710 0
3990.854 1
3990.999 1
3991.143 1
3991.287 1
3991.432 1
3991.576 1
3991.721 1
3991.865 1
3992.009 0
3992.154 0
3992.298 0
3992.442 0
3992.587 0
3992.731 0
3992.876 0
3993.020 1
3993.164 3
3993.309 3
3993.453 3
3993.598 2
3993.742 1
3993.887 1
3994.031 1
3994.175 1
3994.320 0
3994.464 0
3994.609 0
3994.753 0
3994.898 0
3995.042 0
3995.186 0
3995.331 0
3995.475 0
3995.620 0
3995.764 0
3995.909 0
3996.053 1
3996.198 1
3996.342 1
3996.487 1
3996.631 0
3996.776 0
