499.910 127
499.960 127
500.010 127
500.060 127
500.110 127
500.161 124
500.211 142
500.261 150
500.311 151
500.362 157
500.412 155
500.462 156
500.512 156
500.562 153
500.613 141
500.663 144
500.713 152
500.763 146
500.814 148
500.864 137
500.914 128
500.964 130
501.015 126
501.065 127
501.115 131
501.166 142
501.216 153
501.266 150
501.316 150
501.367 146
501.417 142
501.467 147
501.517 146
501.568 152
501.618 153
501.668 146
501.719 151
501.769 150
501.819 146
501.870 143
501.920 137
501.970 132
502.020 127
502.071 129
502.121 134
502.171 136
502.222 137
502.272 136
502.322 122
502.373 124
502.423 119
502.473 123
502.524 128
502.574 121
502.624 116
502.675 115
502.725 110
502.775 111
502.826 115
502.876 108
502.926 106
502.977 116
503.027 113
503.078 118
503.128 112
503.178 100
503.229 100
503.279 99
503.329 93
503.380 87
503.430 77
503.481 66
503.531 66
503.581 69
503.632 72
503.682 73
503.733 87
503.783 92
503.833 88
503.884 93
503.934 88
503.985 86
504.035 91
504.085 93
504.136 93
504.186 99
504.237 100
504.287 100
504.338 101
504.388 102
504.438 115
504.489 113
504.539 108
504.590 109
504.640 97
504.691 95
504.741 92
504.791 91
504.842 90
504.892 83
504.943 85
504.993 83
505.044 87
505.094 90
505.145 84
505.195 84
505.246 85
505.296 88
505.347 86
505.397 91
505.448 85
505.498 85
505.549 85
505.599 81
505.650 89
505.700 86
505.751 90
505.801 89
505.852 87
505.902 97
505.953 106
506.003 114
506.054 118
506.104 120
506.155 124
506.205 123
506.256 123
506.306 131
506.357 123
506.407 122
506.458 119
506.508 113
506.559 113
506.609 112
506.660 112
506.711 111
506.761 113
506.812 118
506.862 116
506.913 111
506.963 106
507.014 101
507.064 96
507.115 103
507.166 101
507.216 102
507.267 106
507.317 105
507.368 102
507.418 105
507.469 105
507.520 106
507.570 109
507.621 108
507.671 112
507.722 107
507.773 104
507.823 101
507.874 97
507.924 94
507.975 97
508.026 101
508.076 108
508.127 109
508.177 109
508.228 105
508.279 101
508.329 100
508.380 100
508.431 103
508.481 97
508.532 101
508.583 102
508.633 101
508.684 100
508.734 106
508.785 107
508.836 102
508.886 100
508.937 99
508.988 102
509.038 102
509.089 114
509.140 127
509.190 137
509.241 157
509.292 174
509.342 170
509.393 175
509.444 176
509.495 164
509.545 159
509.596 153
509.647 142
509.697 128
509.748 124
509.799 112
509.849 108
509.900 114
509.951 113
510.002 113
510.052 124
510.103 126
510.154 130
510.204 136
510.255 136
510.306 133
510.357 138
510.407 133
510.458 131
510.509 137
510.560 131
510.610 127
510.661 123
510.712 115
510.763 115
510.813 126
510.864 124
510.915 125
510.966 129
511.016 152
511.067 206
511.118 289
511.169 410
511.219 519
511.270 611
511.321 685
511.372 687
511.423 658
511.473 586
511.524 493
511.575 402
511.626 332
511.676 277
511.727 227
511.778 201
511.829 177
511.880 164
511.931 152
511.981 150
512.032 153
512.083 171
512.134 190
512.185 223
512.235 263
512.286 289
512.337 317
512.388 315
512.439 292
512.490 263
512.540 227
512.591 199
512.642 170
512.693 157
512.744 155
512.795 156
512.846 156
512.896 157
512.947 156
512.998 154
513.049 157
513.100 166
513.151 178
513.202 191
513.252 204
513.303 214
513.354 216
513.405 205
513.456 196
513.507 180
513.558 170
513.609 162
513.660 159
513.710 148
513.761 137
513.812 133
513.863 127
513.914 131
513.965 129
514.016 132
514.067 130
514.118 141
514.169 148
514.220 147
514.270 148
514.321 141
514.372 146
514.423 143
514.474 144
514.525 148
514.576 148
514.627 153
514.678 161
514.729 169
514.780 168
514.831 162
514.882 161
514.933 155
514.984 165
515.035 176
515.086 179
515.137 207
515.188 233
515.239 263
515.290 286
515.341 292
515.391 294
515.442 284
515.493 261
515.544 232
515.595 212
515.646 193
515.697 174
515.748 162
515.799 149
515.850 137
515.901 133
515.952 128
516.003 135
516.054 136
516.106 137
516.157 140
516.208 148
516.259 153
516.310 158
516.361 156
516.412 152
516.463 156
516.514 150
516.565 144
516.616 142
516.667 127
516.718 122
516.769 123
516.820 117
516.871 112
516.922 106
516.973 102
517.024 102
517.075 108
517.126 114
517.177 119
517.229 126
517.280 132
517.331 143
517.382 145
517.433 144
517.484 149
517.535 145
517.586 139
517.637 137
517.688 134
517.739 130
517.791 131
517.842 135
517.893 123
517.944 111
517.995 105
518.046 102
518.097 112
518.148 117
518.199 125
518.251 126
518.302 124
518.353 135
518.404 138
518.455 152
518.506 154
518.557 149
518.608 133
518.660 120
518.711 107
518.762 105
518.813 101
518.864 101
518.915 99
518.967 104
519.018 109
519.069 113
519.120 120
519.171 120
519.222 118
519.274 126
519.325 128
519.376 130
519.427 135
519.478 129
519.529 132
519.581 129
519.632 128
519.683 128
519.734 120
519.785 114
519.837 109
519.888 119
519.939 126
519.990 134
520.041 132
520.093 133
520.144 132
520.195 137
520.246 147
520.298 153
520.349 169
520.400 172
520.451 175
520.503 172
520.554 168
520.605 167
520.656 161
520.707 164
520.759 156
520.810 145
520.861 138
520.912 124
520.964 114
521.015 104
521.066 99
521.118 95
521.169 98
521.220 104
521.271 112
521.323 113
521.374 121
521.425 127
521.476 129
521.528 126
521.579 122
521.630 118
521.682 116
521.733 118
521.784 118
521.836 114
521.887 119
521.938 111
521.989 108
522.041 115
522.092 113
522.143 128
522.195 152
522.246 179
522.297 225
522.349 304
522.400 431
522.451 559
522.503 684
522.554 806
522.605 843
522.657 811
522.708 736
522.759 618
522.811 514
522.862 417
522.913 330
522.965 270
523.016 242
523.068 233
523.119 224
523.170 230
523.222 250
523.273 267
523.324 297
523.376 337
523.427 383
523.479 418
523.530 444
523.581 473
523.633 474
523.684 446
523.735 402
523.787 338
523.838 294
523.890 266
523.941 243
523.993 228
524.044 215
524.095 201
524.147 189
524.198 181
524.250 177
524.301 169
524.352 161
524.404 155
524.455 162
524.507 174
524.558 181
524.610 183
524.661 184
524.713 172
524.764 169
524.815 162
524.867 156
524.918 154
524.970 166
525.021 187
525.073 242
525.124 319
525.176 394
525.227 490
525.279 576
525.330 624
525.382 632
525.433 625
525.484 555
525.536 484
525.587 431
525.639 370
525.690 330
525.742 296
525.793 276
525.845 266
525.896 253
525.948 251
525.999 264
526.051 265
526.102 280
526.154 299
526.205 308
526.257 327
526.309 341
526.360 346
526.412 348
526.463 348
526.515 322
526.566 301
526.618 291
526.669 286
526.721 278
526.772 268
526.824 261
526.875 237
526.927 238
526.979 238
527.030 232
527.082 235
527.133 235
527.185 236
527.236 243
527.288 264
527.340 271
527.391 277
527.443 259
527.494 240
527.546 220
527.597 210
527.649 216
527.701 214
527.752 212
527.804 211
527.855 209
527.907 209
527.959 211
528.010 210
528.062 217
528.113 214
528.165 219
528.217 223
528.268 221
528.320 232
528.372 231
528.423 230
528.475 225
528.526 219
528.578 199
528.630 185
528.681 184
528.733 186
528.785 185
528.836 184
528.888 173
528.940 168
528.991 162
529.043 165
529.095 181
529.146 185
529.198 204
529.250 216
529.301 220
529.353 222
529.405 205
529.456 203
529.508 198
529.560 193
529.611 186
529.663 158
529.715 145
529.766 145
529.818 153
529.870 154
529.921 161
529.973 161
530.025 159
530.077 158
530.128 162
530.180 166
530.232 161
530.283 168
530.335 166
530.387 187
530.439 193
530.490 192
530.542 185
530.594 170
530.646 158
530.697 151
530.749 146
530.801 130
530.853 119
530.904 106
530.956 101
531.008 96
531.060 95
531.111 111
531.163 121
531.215 125
531.267 142
531.318 153
531.370 155
531.422 164
531.474 165
531.525 149
531.577 148
531.629 136
531.681 127
531.733 123
531.784 116
531.836 117
531.888 109
531.940 110
531.992 112
532.043 117
532.095 118
532.147 128
532.199 137
532.251 135
532.302 139
532.354 131
532.406 122
532.458 122
532.510 113
532.562 107
532.613 98
532.665 90
532.717 92
532.769 96
532.821 100
532.873 97
532.924 94
532.976 89
533.028 87
533.080 90
533.132 90
533.184 91
533.236 98
533.287 103
533.339 109
533.391 116
533.443 123
533.495 129
533.547 128
533.599 118
533.651 112
533.703 100
533.754 98
533.806 99
533.858 108
533.910 112
533.962 110
534.014 115
534.066 115
534.118 115
534.170 118
534.222 116
534.273 113
534.325 112
534.377 109
534.429 101
534.481 94
534.533 93
534.585 96
534.637 95
534.689 94
534.741 90
534.793 89
534.845 92
534.897 96
534.949 96
535.000 100
535.052 98
535.104 90
535.156 95
535.208 100
535.260 105
535.312 108
535.364 99
535.416 92
535.468 88
535.520 86
535.572 89
535.624 87
535.676 82
535.728 84
535.780 74
535.832 82
535.884 86
535.936 83
535.988 81
536.040 78
536.092 75
536.144 74
536.196 74
536.248 74
536.300 78
536.352 79
536.404 80
536.456 87
536.508 94
536.560 100
536.612 97
536.664 96
536.716 100
536.768 95
536.820 95
536.872 89
536.924 87
536.976 84
537.029 82
537.081 83
537.133 80
537.185 80
537.237 83
537.289 89
537.341 87
537.393 93
537.445 94
537.497 84
537.549 83
537.601 75
537.653 71
537.705 74
537.757 70
537.810 77
537.862 71
537.914 72
537.966 74
538.018 73
538.070 75
538.122 78
538.174 79
538.226 80
538.278 85
538.331 88
538.383 100
538.435 109
538.487 121
538.539 126
538.591 123
538.643 120
538.695 104
538.748 96
538.800 85
538.852 80
538.904 73
538.956 70
539.008 67
539.060 69
539.113 72
539.165 100
539.217 137
539.269 170
539.321 202
539.373 222
539.426 218
539.478 193
539.530 171
539.582 144
539.634 124
539.686 116
539.739 104
539.791 94
539.843 87
539.895 91
539.947 85
540.000 81
540.052 80
540.104 80
540.156 85
540.208 99
540.261 108
540.313 124
540.365 137
540.417 134
540.469 123
540.522 103
540.574 99
540.626 89
540.678 92
540.731 86
540.783 84
540.835 87
540.887 85
540.939 83
540.992 85
541.044 92
541.096 91
541.148 101
541.201 119
541.253 146
541.305 166
541.357 186
541.410 191
541.462 178
541.514 166
541.567 150
541.619 132
541.671 121
541.723 112
541.776 99
541.828 87
541.880 81
541.933 77
541.985 79
542.037 80
542.089 85
542.142 91
542.194 99
542.246 98
542.299 104
542.351 109
542.403 115
542.456 113
542.508 102
542.560 92
542.612 84
542.665 84
542.717 82
542.769 89
542.822 87
542.874 79
542.926 78
542.979 77
543.031 83
543.083 78
543.136 79
543.188 82
543.241 74
543.293 82
543.345 93
543.398 98
543.450 103
543.502 107
543.555 107
543.607 100
543.659 91
543.712 84
543.764 79
543.817 84
543.869 91
543.921 94
543.974 95
544.026 99
544.079 104
544.131 107
544.183 109
544.236 111
544.288 113
544.341 111
544.393 118
544.445 119
544.498 116
544.550 111
544.603 104
544.655 99
544.707 93
544.760 98
544.812 100
544.865 91
544.917 80
544.970 77
545.022 72
545.074 70
545.127 69
545.179 63
545.232 65
545.284 67
545.337 75
545.389 82
545.442 98
545.494 120
545.547 130
545.599 137
545.651 141
545.704 131
545.756 124
545.809 119
545.861 102
545.914 92
545.966 80
546.019 74
546.071 72
546.124 69
546.176 72
546.229 73
546.281 75
546.334 82
546.386 90
546.439 94
546.491 102
546.544 102
546.596 98
546.649 95
546.701 93
546.754 92
546.806 90
546.859 84
546.911 86
546.964 88
547.017 91
547.069 93
547.122 90
547.174 101
547.227 106
547.279 104
547.332 109
547.384 109
547.437 113
547.489 121
547.542 125
547.595 128
547.647 121
547.700 110
547.752 101
547.805 86
547.857 87
547.910 88
547.963 87
548.015 91
548.068 94
548.120 97
548.173 105
548.226 104
548.278 93
548.331 91
548.383 86
548.436 84
548.489 83
548.541 82
548.594 84
548.646 87
548.699 94
548.752 93
548.804 91
548.857 99
548.909 99
548.962 104
549.015 104
549.067 101
549.120 99
549.173 98
549.225 98
549.278 97
549.331 99
549.383 98
549.436 96
549.489 101
549.541 102
549.594 99
549.647 104
549.699 97
549.752 89
549.805 86
549.857 83
549.910 77
549.963 77
550.015 70
550.068 70
550.121 76
550.173 83
550.226 93
550.279 111
550.331 133
550.384 172
550.437 228
550.489 299
550.542 370
550.595 433
550.648 470
550.700 456
550.753 417
550.806 371
550.858 312
550.911 259
550.964 213
551.017 186
551.069 158
551.122 142
551.175 134
551.228 127
551.280 132
551.333 143
551.386 170
551.439 186
551.491 209
551.544 240
551.597 279
551.650 313
551.702 341
551.755 321
551.808 281
551.861 245
551.913 202
551.966 185
552.019 162
552.072 147
552.124 145
552.177 146
552.230 146
552.283 151
552.336 144
552.388 139
552.441 159
552.494 172
552.547 184
552.600 182
552.652 178
552.705 161
552.758 151
552.811 143
552.864 126
552.917 116
552.969 114
553.022 110
553.075 104
553.128 108
553.181 117
553.233 126
553.286 136
553.339 154
553.392 170
553.445 178
553.498 184
553.551 170
553.603 151
553.656 151
553.709 144
553.762 134
553.815 135
553.868 137
553.921 130
553.973 126
554.026 126
554.079 123
554.132 129
554.185 141
554.238 145
554.291 154
554.344 165
554.396 174
554.449 183
554.502 185
554.555 190
554.608 191
554.661 187
554.714 180
554.767 169
554.820 165
554.873 163
554.926 164
554.978 175
555.031 184
555.084 206
555.137 249
555.190 304
555.243 366
555.296 439
555.349 510
555.402 547
555.455 545
555.508 505
555.561 434
555.614 371
555.667 329
555.720 280
555.773 253
555.825 218
555.878 196
555.931 183
555.984 171
556.037 170
556.090 164
556.143 168
556.196 179
556.249 201
556.302 223
556.355 243
556.408 249
556.461 240
556.514 232
556.567 211
556.620 196
556.673 184
556.726 170
556.779 145
556.832 136
556.885 128
556.938 121
556.991 123
557.044 124
557.097 123
557.150 121
557.203 128
557.256 133
557.309 138
557.362 137
557.415 144
557.468 142
557.522 144
557.575 146
557.628 134
557.681 125
557.734 111
557.787 109
557.840 102
557.893 99
557.946 98
557.999 87
558.052 91
558.105 84
558.158 80
558.211 84
558.264 81
558.317 94
558.371 98
558.424 99
558.477 99
558.530 97
558.583 94
558.636 93
558.689 91
558.742 94
558.795 86
558.848 88
558.901 89
558.955 90
559.008 97
559.061 106
559.114 118
559.167 131
559.220 151
559.273 171
559.326 181
559.380 200
559.433 214
559.486 208
559.539 198
559.592 178
559.645 161
559.698 145
559.752 139
559.805 124
559.858 113
559.911 109
559.964 103
560.017 103
560.070 108
560.124 115
560.177 117
560.230 124
560.283 132
560.336 136
560.389 144
560.443 146
560.496 152
560.549 146
560.602 132
560.655 124
560.709 114
560.762 109
560.815 107
560.868 101
560.921 92
560.975 93
561.028 82
561.081 82
561.134 73
561.187 71
561.241 74
561.294 72
561.347 76
561.400 78
561.454 84
561.507 90
561.560 98
561.613 101
561.667 100
561.720 100
561.773 99
561.826 96
561.880 95
561.933 91
561.986 84
562.039 81
562.093 77
562.146 71
562.199 68
562.252 71
562.306 77
562.359 89
562.412 99
562.465 94
562.519 96
562.572 89
562.625 89
562.679 81
562.732 81
562.785 79
562.838 74
562.892 75
562.945 73
562.998 74
563.052 81
563.105 81
563.158 85
563.212 80
563.265 79
563.318 85
563.372 83
563.425 87
563.478 84
563.531 84
563.585 92
563.638 90
563.691 96
563.745 88
563.798 79
563.852 78
563.905 72
563.958 70
564.012 65
564.065 65
564.118 70
564.172 77
564.225 82
564.278 90
564.332 89
564.385 87
564.438 82
564.492 76
564.545 60
564.599 57
564.652 58
564.705 54
564.759 60
564.812 55
564.866 55
564.919 55
564.972 55
565.026 53
565.079 57
565.133 62
565.186 66
565.239 71
565.293 74
565.346 80
565.400 87
565.453 91
565.506 85
565.560 82
565.613 86
565.667 83
565.720 80
565.774 80
565.827 75
565.880 71
565.934 69
565.987 64
566.041 68
566.094 67
566.148 58
566.201 59
566.255 55
566.308 50
566.362 55
566.415 65
566.468 70
566.522 80
566.575 87
566.629 90
566.682 94
566.736 95
566.789 99
566.843 91
566.896 81
566.950 70
567.003 64
567.057 62
567.110 60
567.164 65
567.217 68
567.271 73
567.324 79
567.378 87
567.431 90
567.485 99
567.538 97
567.592 87
567.645 84
567.699 81
567.752 80
567.806 80
567.860 76
567.913 74
567.967 71
568.020 71
568.074 72
568.127 72
568.181 70
568.234 74
568.288 82
568.341 83
568.395 87
568.449 90
568.502 81
568.556 80
568.609 75
568.663 66
568.716 59
568.770 56
568.824 49
568.877 48
568.931 52
568.984 51
569.038 62
569.091 70
569.145 97
569.199 138
569.252 181
569.306 227
569.359 273
569.413 299
569.467 313
569.520 304
569.574 267
569.628 215
569.681 176
569.735 152
569.788 129
569.842 124
569.896 111
569.949 104
570.003 100
570.057 101
570.110 108
570.164 120
570.218 137
570.271 152
570.325 167
570.378 171
570.432 183
570.486 164
570.539 147
570.593 133
570.647 111
570.700 102
570.754 92
570.808 93
570.861 93
570.915 94
570.969 89
571.023 91
571.076 88
571.130 95
571.184 97
571.237 105
571.291 118
571.345 126
571.398 132
571.452 132
571.506 131
571.559 124
571.613 113
571.667 98
571.721 89
571.774 95
571.828 90
571.882 89
571.936 89
571.989 82
572.043 77
572.097 70
572.150 66
572.204 71
572.258 78
572.312 78
572.365 80
572.419 90
572.473 88
572.527 89
572.580 91
572.634 90
572.688 96
572.742 96
572.796 96
572.849 84
572.903 81
572.957 76
573.011 66
573.064 64
573.118 67
573.172 73
573.226 81
573.280 100
573.333 116
573.387 135
573.441 155
573.495 168
573.549 158
573.602 153
573.656 139
573.710 120
573.764 112
573.818 113
573.871 103
573.925 97
573.979 102
574.033 97
574.087 92
574.141 99
574.194 99
574.248 99
574.302 103
574.356 110
574.410 111
574.464 114
574.517 116
574.571 111
574.625 110
574.679 108
574.733 103
574.787 96
574.841 90
574.894 93
574.948 99
575.002 98
575.056 103
575.110 97
575.164 96
575.218 97
575.272 96
575.325 97
575.379 100
575.433 99
575.487 103
575.541 105
575.595 102
575.649 101
575.703 93
575.757 87
575.811 79
575.864 75
575.918 73
575.972 69
576.026 67
576.080 69
576.134 72
576.188 76
576.242 76
576.296 69
576.350 65
576.404 64
576.458 65
576.512 66
576.566 64
576.620 60
576.673 61
576.727 63
576.781 62
576.835 64
576.889 63
576.943 65
576.997 68
577.051 74
577.105 75
577.159 73
577.213 75
577.267 75
577.321 73
577.375 74
577.429 79
577.483 88
577.537 95
577.591 93
577.645 92
577.699 83
577.753 69
577.807 63
577.861 52
577.915 49
577.969 52
578.023 51
578.077 51
578.131 53
578.185 52
578.239 51
578.293 53
578.347 54
578.401 53
578.455 61
578.509 66
578.563 72
578.617 83
578.671 75
578.726 70
578.780 63
578.834 55
578.888 54
578.942 52
578.996 51
579.050 50
579.104 54
579.158 58
579.212 64
579.266 73
579.320 78
579.374 82
579.428 85
579.482 84
579.537 83
579.591 82
579.645 79
579.699 76
579.753 67
579.807 61
579.861 55
579.915 52
579.969 52
580.023 50
580.078 47
580.132 49
580.186 53
580.240 57
580.294 59
580.348 59
580.402 62
580.456 56
580.511 61
580.565 59
580.619 58
580.673 63
580.727 62
580.781 56
580.835 58
580.890 55
580.944 53
580.998 62
581.052 59
581.106 59
581.160 68
581.214 72
581.269 75
581.323 81
581.377 83
581.431 87
581.485 82
581.540 80
581.594 77
581.648 69
581.702 70
581.756 72
581.810 72
581.865 69
581.919 64
581.973 58
582.027 57
582.081 59
582.136 58
582.190 65
582.244 67
582.298 61
582.353 60
582.407 60
582.461 59
582.515 70
582.569 68
582.624 66
582.678 64
582.732 52
582.786 56
582.841 54
582.895 58
582.949 60
583.003 66
583.058 74
583.112 78
583.166 98
583.220 117
583.275 144
583.329 175
583.383 205
583.437 226
583.492 238
583.546 218
583.600 186
583.655 152
583.709 128
583.763 111
583.817 90
583.872 79
583.926 72
583.980 70
584.035 70
584.089 72
584.143 77
584.197 83
584.252 85
584.306 91
584.360 97
584.415 102
584.469 97
584.523 101
584.578 100
584.632 95
584.686 93
584.741 77
584.795 70
584.849 67
584.904 64
584.958 65
585.012 65
585.067 61
585.121 61
585.175 67
585.230 72
585.284 81
585.338 96
585.393 102
585.447 104
585.502 104
585.556 102
585.610 94
585.665 86
585.719 85
585.773 76
585.828 72
585.882 72
585.937 70
585.991 67
586.045 73
586.100 65
586.154 58
586.209 58
586.263 61
586.317 74
586.372 78
586.426 83
586.481 85
586.535 77
586.589 70
586.644 68
586.698 67
586.753 69
586.807 67
586.862 73
586.916 68
586.970 69
587.025 74
587.079 66
587.134 70
587.188 72
587.243 70
587.297 76
587.351 81
587.406 94
587.460 104
587.515 116
587.569 116
587.624 116
587.678 112
587.733 109
587.787 98
587.842 92
587.896 88
587.951 80
588.005 84
588.060 75
588.114 70
588.169 74
588.223 80
588.278 85
588.332 90
588.387 88
588.441 92
588.496 92
588.550 93
588.605 86
588.659 76
588.714 77
588.768 78
588.823 77
588.877 76
588.932 71
588.986 70
589.041 72
589.095 79
589.150 80
589.204 80
589.259 85
589.313 91
589.368 96
589.423 96
589.477 95
589.532 86
589.586 85
589.641 84
589.695 80
589.750 74
589.804 74
589.859 66
589.914 57
589.968 54
590.023 57
590.077 61
590.132 58
590.187 57
590.241 57
590.296 62
590.350 65
590.405 65
590.459 62
590.514 54
590.569 54
590.623 52
590.678 54
590.732 50
590.787 49
590.842 48
590.896 45
590.951 48
591.006 49
591.060 50
591.115 56
591.169 57
591.224 65
591.279 64
591.333 66
591.388 66
591.443 66
591.497 72
591.552 67
591.607 65
591.661 58
591.716 56
591.771 58
591.825 58
591.880 58
591.935 59
591.989 54
592.044 59
592.099 57
592.153 55
592.208 54
592.263 51
592.317 51
592.372 48
592.427 47
592.481 50
592.536 54
592.591 59
592.645 60
592.700 60
592.755 55
592.810 56
592.864 55
592.919 59
592.974 58
593.028 58
593.083 60
593.138 56
593.193 59
593.247 63
593.302 60
593.357 55
593.412 62
593.466 61
593.521 61
593.576 64
593.630 63
593.685 59
593.740 56
593.795 60
593.849 54
593.904 47
593.959 53
594.014 55
594.069 54
594.123 55
594.178 56
594.233 56
594.288 56
594.342 54
594.397 47
594.452 47
594.507 45
594.562 50
594.616 48
594.671 48
594.726 47
594.781 49
594.836 54
594.890 57
594.945 60
595.000 60
595.055 56
595.110 55
595.164 55
595.219 59
595.274 61
595.329 63
595.384 63
595.438 63
595.493 66
595.548 63
595.603 66
595.658 61
595.713 59
595.768 58
595.822 56
595.877 62
595.932 57
595.987 55
596.042 56
596.097 52
596.151 54
596.206 52
596.261 48
596.316 42
596.371 40
596.426 42
596.481 45
596.536 45
596.590 47
596.645 49
596.700 50
596.755 49
596.810 48
596.865 47
596.920 44
596.975 47
597.030 53
597.085 53
597.139 50
597.194 47
597.249 48
597.304 52
597.359 59
597.414 69
597.469 75
597.524 77
597.579 77
597.634 67
597.689 63
597.744 57
597.799 52
597.853 55
597.908 54
597.963 57
598.018 56
598.073 57
598.128 55
598.183 55
598.238 57
598.293 61
598.348 62
598.403 68
598.458 61
598.513 58
598.568 57
598.623 53
598.678 60
598.733 57
598.788 49
598.843 50
598.898 53
598.953 55
599.008 58
599.063 59
599.118 46
599.173 48
599.228 56
599.283 63
599.338 80
599.393 99
599.448 110
599.503 120
599.558 122
599.613 114
599.668 105
599.723 103
599.778 91
599.833 74
599.888 57
599.943 53
599.998 50
600.053 53
600.108 55
600.163 61
600.218 65
600.273 72
600.328 85
600.384 90
600.439 95
600.494 90
600.549 90
600.604 80
600.659 70
600.714 65
600.769 54
600.824 56
600.879 58
600.934 56
600.989 54
601.044 53
601.099 50
601.155 50
601.210 48
601.265 54
601.320 47
601.375 46
601.430 52
601.485 49
601.540 48
601.595 54
601.651 50
601.706 47
601.761 50
601.816 45
601.871 42
601.926 46
601.981 43
602.036 44
602.092 46
602.147 51
602.202 57
602.257 55
602.312 63
602.367 59
602.422 53
602.478 57
602.533 55
602.588 57
602.643 60
602.698 60
602.753 51
602.809 45
602.864 40
602.919 41
602.974 39
603.029 38
603.084 42
603.140 43
603.195 48
603.250 49
603.305 50
603.360 54
603.416 53
603.471 55
603.526 56
603.581 58
603.636 55
603.692 51
603.747 49
603.802 46
603.857 48
603.913 47
603.968 48
604.023 46
604.078 47
604.133 48
604.189 54
604.244 60
604.299 60
604.354 64
604.410 63
604.465 62
604.520 66
604.575 67
604.631 68
604.686 66
604.741 63
604.796 60
604.852 58
604.907 57
604.962 59
605.017 56
605.073 51
605.128 51
605.183 57
605.239 59
605.294 60
605.349 68
605.404 69
605.460 72
605.515 75
605.570 70
605.626 70
605.681 71
605.736 71
605.792 64
605.847 55
605.902 47
605.957 44
606.013 41
606.068 38
606.123 41
606.179 43
606.234 43
606.289 43
606.345 42
606.400 44
606.455 43
606.511 54
606.566 54
606.621 55
606.677 60
606.732 51
606.787 49
606.843 47
606.898 40
606.954 41
607.009 44
607.064 47
607.120 51
607.175 57
607.230 63
607.286 61
607.341 63
607.397 63
607.452 62
607.507 59
607.563 59
607.618 58
607.673 60
607.729 63
607.784 57
607.840 56
607.895 48
607.951 47
608.006 48
608.061 47
608.117 50
608.172 54
608.228 52
608.283 55
608.338 60
608.394 60
608.449 60
608.505 65
608.560 66
608.616 64
608.671 64
608.726 60
608.782 57
608.837 56
608.893 56
608.948 51
609.004 47
609.059 44
609.115 43
609.170 47
609.226 54
609.281 59
609.336 59
609.392 58
609.447 60
609.503 66
609.558 63
609.614 63
609.669 55
609.725 44
609.780 47
609.836 51
609.891 50
609.947 53
610.002 52
610.058 46
610.113 45
610.169 45
610.224 44
610.280 44
610.335 46
610.391 44
610.446 52
610.502 56
610.557 59
610.613 63
610.669 58
610.724 57
610.780 64
610.835 66
610.891 59
610.946 56
611.002 46
611.057 41
611.113 42
611.168 42
611.224 45
611.280 45
611.335 49
611.391 55
611.446 63
611.502 73
611.557 75
611.613 69
611.669 59
611.724 55
611.780 49
611.835 50
611.891 52
611.946 53
612.002 57
612.058 56
612.113 56
612.169 50
612.224 49
612.280 49
612.336 52
612.391 52
612.447 56
612.503 53
612.558 56
612.614 58
612.669 53
612.725 53
612.781 50
612.836 49
612.892 52
612.948 51
613.003 50
613.059 42
613.114 49
613.170 56
613.226 72
613.281 100
613.337 154
613.393 192
613.448 219
613.504 249
613.560 240
613.615 221
613.671 200
613.727 168
613.782 134
613.838 116
613.894 95
613.949 76
614.005 73
614.061 71
614.116 68
614.172 72
614.228 80
614.284 88
614.339 102
614.395 121
614.451 136
614.506 145
614.562 146
614.618 143
614.673 135
614.729 113
614.785 96
614.841 80
614.896 64
614.952 56
615.008 56
615.064 50
615.119 46
615.175 48
615.231 49
615.287 61
615.342 71
615.398 82
615.454 96
615.510 102
615.565 96
615.621 92
615.677 88
615.733 71
615.788 63
615.844 55
615.900 45
615.956 46
616.011 50
616.067 55
616.123 54
616.179 55
616.235 57
616.290 58
616.346 55
616.402 61
616.458 58
616.514 60
616.569 65
616.625 70
616.681 74
616.737 79
616.793 80
616.848 71
616.904 69
616.960 66
617.016 70
617.072 76
617.127 72
617.183 76
617.239 78
617.295 88
617.351 92
617.407 104
617.462 115
617.518 122
617.574 122
617.630 113
617.686 98
617.742 86
617.798 81
617.853 70
617.909 71
617.965 85
618.021 86
618.077 89
618.133 91
618.189 88
618.245 94
618.300 98
618.356 99
618.412 98
618.468 93
618.524 82
618.580 85
618.636 88
618.692 83
618.748 83
618.803 73
618.859 62
618.915 62
618.971 63
619.027 66
619.083 64
619.139 64
619.195 60
619.251 63
619.307 54
619.363 69
619.419 70
619.474 67
619.530 74
619.586 62
619.642 57
619.698 61
619.754 65
619.810 64
619.866 69
619.922 65
619.978 57
620.034 66
620.090 60
620.146 59
620.202 66
620.258 70
620.314 84
620.370 96
620.426 96
620.482 89
620.538 83
620.594 76
620.650 73
620.706 66
620.762 56
620.818 45
620.874 40
620.930 41
620.986 40
621.042 41
621.098 40
621.154 46
621.210 48
621.266 53
621.322 58
621.378 71
621.434 80
621.490 82
621.546 85
621.602 74
621.658 64
621.714 62
621.770 54
621.826 55
621.882 51
621.938 52
621.994 52
622.050 51
622.106 53
622.162 59
622.218 57
622.274 50
622.330 50
622.387 47
622.443 45
622.499 48
622.555 52
622.611 52
622.667 66
622.723 70
622.779 73
622.835 72
622.891 64
622.947 63
623.003 56
623.060 52
623.116 45
623.172 43
623.228 44
623.284 44
623.340 45
623.396 40
623.452 49
623.508 50
623.565 50
623.621 52
623.677 41
623.733 40
623.789 34
623.845 44
623.901 43
623.957 35
624.014 43
624.070 41
624.126 43
624.182 51
624.238 55
624.294 56
624.350 59
624.407 61
624.463 64
624.519 66
624.575 69
624.631 73
624.687 73
624.744 66
624.800 63
624.856 57
624.912 55
624.968 56
625.025 55
625.081 51
625.137 48
625.193 47
625.249 46
625.305 45
625.362 49
625.418 51
625.474 58
625.530 61
625.587 60
625.643 62
625.699 60
625.755 57
625.811 56
625.868 49
625.924 45
625.980 42
626.036 41
626.093 39
626.149 37
626.205 39
626.261 39
626.317 45
626.374 49
626.430 47
626.486 48
626.542 48
626.599 47
626.655 52
626.711 56
626.768 50
626.824 49
626.880 41
626.936 33
626.993 33
627.049 29
627.105 32
627.161 39
627.218 43
627.274 53
627.330 70
627.387 89
627.443 120
627.499 133
627.555 141
627.612 142
627.668 121
627.724 106
627.781 83
627.837 68
627.893 55
627.950 51
628.006 47
628.062 44
628.119 48
628.175 58
628.231 68
628.288 77
628.344 91
628.400 102
628.457 117
628.513 120
628.569 113
628.626 101
628.682 80
628.738 65
628.795 58
628.851 47
628.907 45
628.964 49
629.020 49
629.077 47
629.133 50
629.189 50
629.246 52
629.302 57
629.358 55
629.415 59
629.471 65
629.528 78
629.584 82
629.640 82
629.697 82
629.753 70
629.810 69
629.866 69
629.922 65
629.979 67
630.035 67
630.092 67
630.148 69
630.204 69
630.261 67
630.317 66
630.374 64
630.430 66
630.487 65
630.543 68
630.599 70
630.656 70
630.712 75
630.769 82
630.825 81
630.882 84
630.938 91
630.995 94
631.051 89
631.108 74
631.164 61
631.220 55
631.277 61
631.333 71
631.390 75
631.446 86
631.503 94
631.559 98
631.616 101
631.672 87
631.729 81
631.785 73
631.842 71
631.898 69
631.955 67
632.011 65
632.068 65
632.124 73
632.181 75
632.237 73
632.294 77
632.350 72
632.407 75
632.463 77
632.520 78
632.576 81
632.633 85
632.689 85
632.746 82
632.803 83
632.859 75
632.916 76
632.972 79
633.029 72
633.085 75
633.142 68
633.198 63
633.255 67
633.312 72
633.368 69
633.425 66
633.481 64
633.538 61
633.594 63
633.651 65
633.707 57
633.764 61
633.821 63
633.877 59
633.934 60
633.990 57
634.047 52
634.104 49
634.160 46
634.217 48
634.273 49
634.330 51
634.387 54
634.443 51
634.500 46
634.556 48
634.613 46
634.670 54
634.726 55
634.783 57
634.840 52
634.896 47
634.953 53
635.009 51
635.066 50
635.123 51
635.179 51
635.236 52
635.293 52
635.349 49
635.406 51
635.463 50
635.519 53
635.576 57
635.633 58
635.689 58
635.746 65
635.803 66
635.859 68
635.916 73
635.973 71
636.029 64
636.086 61
636.143 56
636.199 48
636.256 49
636.313 50
636.370 50
636.426 54
636.483 56
636.540 56
636.596 52
636.653 55
636.710 52
636.766 48
636.823 50
636.880 47
636.937 47
636.993 46
637.050 43
637.107 39
637.164 39
637.220 43
637.277 45
637.334 46
637.391 50
637.447 55
637.504 54
637.561 55
637.618 55
637.674 47
637.731 49
637.788 47
637.845 47
637.901 56
637.958 53
638.015 52
638.072 49
638.128 47
638.185 45
638.242 44
638.299 47
638.356 44
638.412 47
638.469 53
638.526 49
638.583 49
638.640 52
638.696 51
638.753 50
638.810 44
638.867 38
638.924 32
638.980 35
639.037 33
639.094 31
639.151 37
639.208 40
639.264 43
639.321 40
639.378 35
639.435 38
639.492 39
639.549 43
639.605 47
639.662 43
639.719 41
639.776 43
639.833 48
639.890 51
639.947 55
640.003 61
640.060 57
640.117 52
640.174 47
640.231 45
640.288 43
640.345 42
640.402 43
640.458 40
640.515 44
640.572 46
640.629 43
640.686 41
640.743 43
640.800 47
640.857 47
640.914 51
640.970 55
641.027 54
641.084 53
641.141 53
641.198 51
641.255 52
641.312 65
641.369 79
641.426 94
641.483 105
641.540 110
641.597 106
641.654 101
641.710 89
641.767 84
641.824 80
641.881 67
641.938 65
641.995 57
642.052 55
642.109 53
642.166 51
642.223 58
642.280 59
642.337 63
642.394 68
642.451 69
642.508 65
642.565 69
642.622 65
642.679 58
642.736 57
642.793 47
642.850 49
642.907 47
642.964 51
643.021 48
643.078 45
643.135 40
643.192 36
643.249 32
643.306 35
643.363 46
643.420 47
643.477 54
643.534 62
643.591 66
643.648 73
643.705 76
643.762 68
643.819 57
643.876 48
643.933 43
643.990 40
644.047 39
644.104 38
644.161 34
644.218 42
644.275 49
644.332 55
644.389 64
644.446 60
644.503 61
644.561 66
644.618 70
644.675 72
644.732 75
644.789 74
644.846 74
644.903 75
644.960 68
645.017 61
645.074 55
645.131 56
645.188 58
645.246 59
645.303 61
645.360 63
645.417 60
645.474 59
645.531 59
645.588 57
645.645 57
645.702 52
645.759 46
645.817 45
645.874 41
645.931 41
645.988 43
646.045 43
646.102 44
646.159 42
646.217 41
646.274 40
646.331 47
646.388 51
646.445 55
646.502 56
646.559 59
646.617 55
646.674 52
646.731 48
646.788 46
646.845 44
646.902 40
646.960 33
647.017 33
647.074 29
647.131 25
647.188 31
647.245 33
647.303 39
647.360 41
647.417 44
647.474 49
647.531 49
647.589 54
647.646 54
647.703 47
647.760 37
647.817 38
647.875 36
647.932 38
647.989 40
648.046 40
648.104 38
648.161 36
648.218 38
648.275 38
648.332 43
648.390 52
648.447 57
648.504 58
648.561 56
648.619 53
648.676 54
648.733 54
648.790 50
648.848 51
648.905 50
648.962 48
649.019 53
649.077 51
649.134 49
649.191 45
649.248 41
649.306 43
649.363 43
649.420 45
649.478 49
649.535 57
649.592 68
649.649 75
649.707 69
649.764 61
649.821 55
649.879 46
649.936 42
649.993 46
650.051 41
650.108 39
650.165 39
650.223 34
650.280 40
650.337 37
650.394 44
650.452 45
650.509 41
650.566 40
650.624 36
650.681 37
650.738 34
650.796 34
650.853 31
650.911 27
650.968 31
651.025 32
651.083 37
651.140 33
651.197 32
651.255 32
651.312 34
651.369 34
651.427 33
651.484 33
651.542 36
651.599 39
651.656 44
651.714 46
651.771 44
651.828 44
651.886 42
651.943 36
652.001 37
652.058 36
652.115 36
652.173 40
652.230 38
652.288 40
652.345 41
652.402 46
652.460 47
652.517 48
652.575 51
652.632 53
652.690 47
652.747 42
652.804 34
652.862 32
652.919 34
652.977 33
653.034 36
653.092 34
653.149 33
653.207 31
653.264 31
653.321 33
653.379 33
653.436 35
653.494 39
653.551 41
653.609 46
653.666 46
653.724 47
653.781 55
653.839 50
653.896 48
653.954 41
654.011 29
654.069 28
654.126 26
654.184 22
654.241 28
654.299 29
654.356 34
654.414 42
654.471 46
654.529 48
654.586 51
654.644 52
654.701 54
654.759 54
654.816 52
654.874 54
654.931 52
654.989 50
655.046 49
655.104 55
655.161 52
655.219 58
655.276 57
655.334 50
655.391 50
655.449 52
655.507 58
655.564 58
655.622 59
655.679 57
655.737 53
655.794 54
655.852 52
655.909 48
655.967 53
656.025 50
656.082 57
656.140 57
656.197 51
656.255 47
656.313 47
656.370 52
656.428 50
656.485 59
656.543 68
656.601 70
656.658 73
656.716 69
656.773 65
656.831 64
656.889 64
656.946 56
657.004 49
657.061 46
657.119 47
657.177 46
657.234 46
657.292 53
657.350 58
657.407 65
657.465 65
657.522 74
657.580 77
657.638 77
657.695 88
657.753 86
657.811 83
657.868 73
657.926 66
657.984 58
658.041 59
658.099 55
658.157 44
658.214 46
658.272 41
658.330 43
658.387 40
658.445 43
658.503 43
658.560 48
658.618 54
658.676 55
658.733 50
658.791 46
658.849 46
658.907 37
658.964 38
659.022 37
659.080 33
659.137 35
659.195 35
659.253 37
659.311 36
659.368 35
659.426 39
659.484 37
659.541 38
659.599 35
659.657 32
659.715 35
659.772 36
659.830 42
659.888 40
659.946 42
660.003 44
660.061 40
660.119 39
660.177 39
660.234 35
660.292 35
660.350 41
660.408 44
660.465 39
660.523 43
660.581 41
660.639 36
660.697 38
660.754 30
660.812 28
660.870 30
660.928 29
660.986 33
661.043 32
661.101 30
661.159 31
661.217 33
661.275 39
661.332 46
661.390 53
661.448 59
661.506 64
661.564 65
661.621 59
661.679 55
661.737 53
661.795 55
661.853 55
661.911 56
661.968 52
662.026 51
662.084 46
662.142 41
662.200 43
662.258 42
662.315 47
662.373 50
662.431 50
662.489 45
662.547 45
662.605 48
662.663 49
662.720 54
662.778 56
662.836 52
662.894 51
662.952 54
663.010 49
663.068 48
663.126 50
663.184 48
663.241 44
663.299 46
663.357 61
663.415 59
663.473 67
663.531 63
663.589 56
663.647 56
663.705 48
663.763 46
663.820 38
663.878 34
663.936 35
663.994 45
664.052 51
664.110 55
664.168 61
664.226 55
664.284 50
664.342 51
664.400 51
664.458 50
664.516 49
664.574 52
664.632 47
664.690 43
664.748 39
664.805 35
664.863 35
664.921 35
664.979 31
665.037 26
665.095 20
665.153 19
665.211 26
665.269 23
665.327 24
665.385 24
665.443 27
665.501 28
665.559 33
665.617 40
665.675 44
665.733 46
665.791 45
665.849 42
665.907 36
665.965 30
666.023 29
666.081 34
666.139 36
666.197 36
666.255 35
666.313 33
666.371 34
666.429 30
666.487 32
666.545 33
666.604 38
666.662 37
666.720 37
666.778 31
666.836 29
666.894 31
666.952 38
667.010 41
667.068 43
667.126 46
667.184 49
667.242 53
667.300 54
667.358 55
667.416 49
667.474 48
667.533 46
667.591 45
667.649 39
667.707 37
667.765 33
667.823 29
667.881 30
667.939 29
667.997 28
668.055 27
668.113 33
668.172 36
668.230 37
668.288 38
668.346 38
668.404 34
668.462 38
668.520 39
668.578 40
668.637 41
668.695 41
668.753 41
668.811 37
668.869 41
668.927 38
668.985 39
669.044 36
669.102 33
669.160 29
669.218 28
669.276 27
669.334 31
669.392 36
669.451 39
669.509 39
669.567 40
669.625 41
669.683 41
669.741 42
669.800 40
669.858 39
669.916 31
669.974 31
670.032 27
670.091 25
670.149 27
670.207 22
670.265 24
670.323 29
670.382 33
670.440 39
670.498 46
670.556 48
670.614 50
670.673 58
670.731 56
670.789 63
670.847 61
670.906 62
670.964 58
671.022 48
671.080 41
671.139 31
671.197 31
671.255 38
671.313 45
671.371 62
671.430 77
671.488 89
671.546 96
671.605 95
671.663 92
671.721 82
671.779 72
671.838 66
671.896 58
671.954 49
672.012 38
672.071 26
672.129 27
672.187 29
672.246 33
672.304 35
672.362 33
672.420 37
672.479 42
672.537 46
672.595 48
672.654 49
672.712 52
672.770 47
672.829 44
672.887 39
672.945 33
673.003 27
673.062 23
673.120 21
673.178 18
673.237 18
673.295 28
673.353 35
673.412 44
673.470 54
673.528 62
673.587 68
673.645 75
673.704 82
673.762 70
673.820 65
673.879 55
673.937 44
673.995 43
674.054 38
674.112 40
674.170 44
674.229 52
674.287 53
674.346 55
674.404 58
674.462 52
674.521 51
674.579 50
674.638 47
674.696 45
674.754 45
674.813 43
674.871 39
674.930 39
674.988 39
675.046 39
675.105 43
675.163 43
675.222 42
675.280 41
675.338 40
675.397 40
675.455 40
675.514 41
675.572 43
675.631 43
675.689 43
675.747 47
675.806 38
675.864 38
675.923 38
675.981 35
676.040 39
676.098 41
676.157 42
676.215 42
676.274 49
676.332 51
676.390 52
676.449 53
676.507 50
676.566 48
676.624 45
676.683 43
676.741 41
676.800 39
676.858 36
676.917 32
676.975 28
677.034 26
677.092 26
677.151 29
677.209 28
677.268 35
677.326 43
677.385 51
677.443 57
677.502 63
677.560 59
677.619 51
677.677 48
677.736 42
677.794 34
677.853 31
677.912 26
677.970 33
678.029 33
678.087 39
678.146 39
678.204 43
678.263 48
678.321 43
678.380 47
678.438 51
678.497 48
678.556 50
678.614 48
678.673 43
678.731 44
678.790 43
678.848 40
678.907 35
678.966 34
679.024 36
679.083 35
679.141 37
679.200 44
679.259 41
679.317 40
679.376 39
679.434 34
679.493 34
679.552 29
679.610 32
679.669 32
679.727 32
679.786 35
679.845 36
679.903 36
679.962 36
680.020 35
680.079 33
680.138 37
680.196 40
680.255 45
680.314 40
680.372 38
680.431 40
680.490 36
680.548 36
680.607 33
680.666 30
680.724 31
680.783 33
680.841 36
680.900 40
680.959 38
681.017 38
681.076 35
681.135 32
681.194 26
681.252 27
681.311 30
681.370 30
681.428 32
681.487 35
681.546 30
681.604 31
681.663 33
681.722 29
681.780 27
681.839 23
681.898 23
681.957 20
682.015 21
682.074 23
682.133 31
682.191 31
682.250 33
682.309 34
682.368 35
682.426 34
682.485 32
682.544 33
682.603 26
682.661 31
682.720 34
682.779 35
682.838 37
682.896 36
682.955 37
683.014 40
683.073 37
683.131 38
683.190 33
683.249 31
683.308 33
683.366 28
683.425 32
683.484 36
683.543 36
683.601 37
683.660 29
683.719 24
683.778 19
683.837 19
683.895 21
683.954 22
684.013 27
684.072 28
684.131 30
684.189 30
684.248 26
684.307 27
684.366 36
684.425 37
684.484 42
684.542 40
684.601 32
684.660 38
684.719 41
684.778 42
684.836 44
684.895 44
684.954 38
685.013 35
685.072 34
685.131 32
685.190 26
685.248 28
685.307 29
685.366 30
685.425 36
685.484 43
685.543 40
685.602 42
685.660 39
685.719 39
685.778 38
685.837 33
685.896 34
685.955 31
686.014 31
686.073 32
686.132 29
686.190 36
686.249 35
686.308 39
686.367 43
686.426 46
686.485 51
686.544 54
686.603 51
686.662 46
686.721 45
686.779 40
686.838 41
686.897 38
686.956 35
687.015 30
687.074 28
687.133 26
687.192 25
687.251 25
687.310 23
687.369 25
687.428 28
687.487 33
687.546 38
687.605 43
687.664 44
687.723 45
687.782 44
687.840 41
687.899 41
687.958 35
688.017 30
688.076 30
688.135 31
688.194 30
688.253 33
688.312 30
688.371 25
688.430 26
688.489 25
688.548 23
688.607 23
688.666 28
688.725 22
688.784 32
688.843 31
688.902 28
688.961 32
689.020 29
689.079 32
689.138 30
689.197 27
689.256 27
689.315 26
689.374 26
689.433 27
689.493 32
689.552 34
689.611 36
689.670 34
689.729 28
689.788 25
689.847 27
689.906 29
689.965 28
690.024 33
690.083 34
690.142 34
690.201 43
690.260 39
690.319 41
690.378 41
690.437 33
690.497 30
690.556 34
690.615 38
690.674 34
690.733 34
690.792 32
690.851 34
690.910 35
690.969 38
691.028 44
691.087 47
691.147 49
691.206 53
691.265 49
691.324 45
691.383 50
691.442 51
691.501 53
691.560 54
691.620 47
691.679 41
691.738 42
691.797 41
691.856 38
691.915 38
691.974 31
692.034 30
692.093 30
692.152 36
692.211 38
692.270 41
692.329 42
692.388 39
692.448 41
692.507 37
692.566 35
692.625 32
692.684 27
692.743 25
692.803 25
692.862 26
692.921 27
692.980 30
693.039 31
693.099 31
693.158 31
693.217 30
693.276 28
693.335 27
693.395 30
693.454 32
693.513 43
693.572 53
693.631 59
693.691 64
693.750 62
693.809 59
693.868 55
693.928 47
693.987 44
694.046 41
694.105 39
694.164 40
694.224 38
694.283 39
694.342 41
694.401 48
694.461 47
694.520 44
694.579 42
694.638 31
694.698 30
694.757 32
694.816 36
694.876 38
694.935 44
694.994 44
695.053 47
695.113 46
695.172 41
695.231 37
695.290 32
695.350 31
695.409 32
695.468 41
695.528 48
695.587 59
695.646 61
695.706 64
695.765 66
695.824 58
695.884 62
695.943 58
696.002 66
696.061 70
696.121 79
696.180 84
696.239 83
696.299 82
696.358 81
696.417 75
696.477 66
696.536 58
696.595 49
696.655 43
696.714 42
696.773 35
696.833 39
696.892 39
696.952 42
697.011 48
697.070 53
697.130 57
697.189 52
697.248 51
697.308 47
697.367 45
697.427 47
697.486 45
697.545 48
697.605 44
697.664 39
697.723 40
697.783 42
697.842 44
697.902 43
697.961 46
698.020 42
698.080 41
698.139 39
698.199 41
698.258 43
698.317 47
698.377 51
698.436 51
698.496 49
698.555 52
698.615 45
698.674 41
698.733 43
698.793 34
698.852 34
698.912 31
698.971 33
699.031 35
699.090 35
699.150 41
699.209 43
699.269 44
699.328 44
699.387 42
699.447 42
699.506 39
699.566 40
699.625 39
699.685 43
699.744 37
699.804 40
699.863 41
699.923 40
699.982 40
700.042 42
700.101 39
700.161 41
700.220 40
700.280 35
700.339 36
700.399 37
700.458 36
700.518 36
700.577 32
700.637 29
700.696 32
700.756 34
700.815 32
700.875 33
700.934 32
700.994 31
701.053 32
701.113 26
701.172 27
701.232 25
701.292 26
701.351 27
701.411 26
701.470 29
701.530 31
701.589 35
701.649 34
701.708 31
701.768 30
701.828 29
701.887 31
701.947 35
702.006 39
702.066 40
702.125 36
702.185 34
702.245 31
702.304 30
702.364 30
702.423 29
702.483 29
702.543 30
702.602 38
702.662 41
702.721 40
702.781 42
702.841 41
702.900 43
702.960 39
703.019 40
703.079 44
703.139 48
703.198 48
703.258 46
703.318 47
703.377 47
703.437 48
703.497 45
703.556 41
703.616 39
703.675 33
703.735 32
703.795 34
703.854 32
703.914 30
703.974 32
704.033 28
704.093 30
704.153 33
704.212 32
704.272 40
704.332 43
704.391 43
704.451 39
704.511 38
704.570 35
704.630 38
704.690 40
704.750 39
704.809 39
704.869 46
704.929 46
704.988 43
705.048 41
705.108 32
705.167 31
705.227 27
705.287 26
705.347 26
705.406 27
705.466 28
705.526 30
705.585 31
705.645 32
705.705 35
705.765 37
705.824 42
705.884 44
705.944 42
706.004 43
706.063 48
706.123 43
706.183 42
706.243 44
706.302 40
706.362 39
706.422 35
706.482 35
706.541 27
706.601 30
706.661 30
706.721 27
706.781 29
706.840 24
706.900 22
706.960 24
707.020 20
707.079 18
707.139 23
707.199 21
707.259 20
707.319 23
707.378 22
707.438 23
707.498 27
707.558 29
707.618 30
707.678 30
707.737 29
707.797 26
707.857 26
707.917 28
707.977 27
708.036 29
708.096 25
708.156 27
708.216 27
708.276 27
708.336 28
708.396 32
708.455 32
708.515 29
708.575 30
708.635 33
708.695 35
708.755 35
708.815 39
708.874 42
708.934 51
708.994 53
709.054 58
709.114 53
709.174 48
709.234 45
709.294 43
709.353 41
709.413 42
709.473 46
709.533 43
709.593 40
709.653 44
709.713 43
709.773 43
709.833 42
709.893 36
709.952 39
710.012 38
710.072 37
710.132 28
710.192 21
710.252 20
710.312 20
710.372 21
710.432 17
710.492 24
710.552 24
710.612 24
710.672 27
710.732 22
710.792 22
710.851 24
710.911 23
710.971 25
711.031 31
711.091 34
711.151 35
711.211 38
711.271 35
711.331 33
711.391 40
711.451 45
711.511 52
711.571 53
711.631 55
711.691 48
711.751 49
711.811 48
711.871 53
711.931 55
711.991 53
712.051 58
712.111 57
712.171 59
712.231 54
712.291 50
712.351 45
712.411 46
712.471 48
712.531 49
712.591 45
712.651 46
712.711 43
712.771 46
712.831 49
712.891 45
712.951 43
713.011 44
713.072 46
713.132 46
713.192 48
713.252 47
713.312 50
713.372 59
713.432 60
713.492 69
713.552 73
713.612 71
713.672 66
713.732 63
713.792 58
713.852 50
713.912 44
713.973 41
714.033 45
714.093 45
714.153 47
714.213 45
714.273 46
714.333 47
714.393 49
714.453 55
714.513 60
714.573 60
714.634 61
714.694 53
714.754 50
714.814 52
714.874 57
714.934 66
714.994 64
715.054 66
715.115 58
715.175 54
715.235 49
715.295 45
715.355 43
715.415 42
715.475 50
715.536 56
715.596 61
715.656 68
715.716 67
715.776 69
715.836 66
715.897 65
715.957 57
716.017 56
716.077 56
716.137 55
716.197 55
716.258 51
716.318 50
716.378 43
716.438 43
716.498 46
716.559 47
716.619 47
716.679 49
716.739 50
716.799 50
716.860 50
716.920 50
716.980 48
717.040 45
717.100 41
717.161 41
717.221 44
717.281 44
717.341 47
717.402 45
717.462 47
717.522 49
717.582 47
717.643 49
717.703 45
717.763 43
717.823 41
717.883 38
717.944 38
718.004 39
718.064 43
718.125 45
718.185 51
718.245 58
718.305 64
718.366 62
718.426 62
718.486 57
718.546 54
718.607 52
718.667 47
718.727 41
718.788 42
718.848 38
718.908 37
718.968 37
719.029 35
719.089 41
719.149 42
719.210 44
719.270 46
719.330 47
719.391 51
719.451 55
719.511 68
719.572 100
719.632 169
719.692 322
719.753 574
719.813 927
719.873 1362
719.934 1753
719.994 2076
720.054 2274
720.115 2326
720.175 2246
720.235 2098
720.296 1910
720.356 1701
720.416 1544
720.477 1388
720.537 1195
720.597 1066
720.658 984
720.718 986
720.779 1127
720.839 1391
720.899 1696
720.960 2013
721.020 2264
721.080 2375
721.141 2368
721.201 2278
721.262 2133
721.322 1936
721.382 1777
721.443 1582
721.503 1372
721.564 1227
721.624 1104
721.684 1020
721.745 992
721.805 1006
721.866 1071
721.926 1206
721.987 1367
722.047 1518
722.107 1614
722.168 1645
722.228 1587
722.289 1468
722.349 1322
722.410 1135
722.470 944
722.530 782
722.591 654
722.651 562
722.712 501
722.772 469
722.833 464
722.893 472
722.954 515
723.014 544
723.075 587
723.135 618
723.196 617
723.256 584
723.316 534
723.377 462
723.437 397
723.498 348
723.558 306
723.619 270
723.679 249
723.740 228
723.800 210
723.861 207
723.921 218
723.982 231
724.042 239
724.103 248
724.163 246
724.224 246
724.285 248
724.345 240
724.406 232
724.466 217
724.527 193
724.587 180
724.648 160
724.708 144
724.769 136
724.829 126
724.890 131
724.950 134
725.011 138
725.072 147
725.132 156
725.193 162
725.253 169
725.314 169
725.374 161
725.435 157
725.495 145
725.556 135
725.617 132
725.677 130
725.738 132
725.798 138
725.859 141
725.920 140
725.980 138
726.041 144
726.101 143
726.162 136
726.223 124
726.283 110
726.344 85
726.404 59
726.465 43
726.526 34
726.586 33
726.647 33
726.707 36
726.768 35
726.829 40
726.889 48
726.950 57
727.011 68
727.071 72
727.132 72
727.193 68
727.253 54
727.314 44
727.374 34
727.435 26
727.496 23
727.556 24
727.617 28
727.678 32
727.738 33
727.799 39
727.860 49
727.920 51
727.981 56
728.042 61
728.102 58
728.163 54
728.224 51
728.285 41
728.345 32
728.406 25
728.467 17
728.527 13
728.588 13
728.649 16
728.709 21
728.770 27
728.831 35
728.892 38
728.952 45
729.013 52
729.074 53
729.134 53
729.195 49
729.256 37
729.317 32
729.377 30
729.438 34
729.499 35
729.560 41
729.620 46
729.681 51
729.742 53
729.803 59
729.863 63
729.924 59
729.985 60
730.046 51
730.106 49
730.167 57
730.228 54
730.289 55
730.350 63
730.410 61
730.471 66
730.532 67
730.593 57
730.653 48
730.714 41
730.775 37
730.836 36
730.897 40
730.957 42
731.018 45
731.079 46
731.140 46
731.201 41
731.261 41
731.322 39
731.383 40
731.444 44
731.505 45
731.566 47
731.626 46
731.687 41
731.748 38
731.809 38
731.870 33
731.931 37
731.991 39
732.052 37
732.113 46
732.174 46
732.235 46
732.296 49
732.357 52
732.417 49
732.478 46
732.539 45
732.600 41
732.661 43
732.722 39
732.783 41
732.844 37
732.904 35
732.965 39
733.026 34
733.087 39
733.148 35
733.209 39
733.270 38
733.331 42
733.392 47
733.452 45
733.513 50
733.574 51
733.635 49
733.696 49
733.757 46
733.818 48
733.879 53
733.940 54
734.001 54
734.062 52
734.123 50
734.184 43
734.244 41
734.305 40
734.366 37
734.427 41
734.488 45
734.549 49
734.610 49
734.671 50
734.732 47
734.793 47
734.854 48
734.915 51
734.976 49
735.037 49
735.098 46
735.159 45
735.220 50
735.281 52
735.342 56
735.403 56
735.464 54
735.525 60
735.586 65
735.647 73
735.708 84
735.769 100
735.830 114
735.891 136
735.952 164
736.013 199
736.074 242
736.135 262
736.196 267
736.257 245
736.318 213
736.379 184
736.440 164
736.501 144
736.562 131
736.623 121
736.684 116
736.745 119
736.806 121
736.867 131
736.928 146
736.989 166
737.050 192
737.112 205
737.173 217
737.234 223
737.295 215
737.356 205
737.417 196
737.478 184
737.539 168
737.600 161
737.661 146
737.722 131
737.783 124
737.844 121
737.906 128
737.967 147
738.028 163
738.089 169
738.150 176
738.211 175
738.272 164
738.333 161
738.394 148
738.455 145
738.517 131
738.578 122
738.639 121
738.700 118
738.761 107
738.822 106
738.883 105
738.944 99
739.006 107
739.067 109
739.128 113
739.189 114
739.250 110
739.311 104
739.372 98
739.434 96
739.495 91
739.556 85
739.617 82
739.678 79
739.739 78
739.801 76
739.862 75
739.923 69
739.984 70
740.045 69
740.107 67
740.168 66
740.229 62
740.290 61
740.351 58
740.413 57
740.474 54
740.535 52
740.596 55
740.657 48
740.719 53
740.780 55
740.841 56
740.902 57
740.963 56
741.025 54
741.086 57
741.147 51
741.208 49
741.270 50
741.331 55
741.392 59
741.453 58
741.514 62
741.576 63
741.637 67
741.698 70
741.759 68
741.821 68
741.882 69
741.943 71
742.005 68
742.066 62
742.127 63
742.188 57
742.250 54
742.311 54
742.372 49
742.433 53
742.495 54
742.556 55
742.617 54
742.679 56
742.740 58
742.801 61
742.862 65
742.924 64
742.985 64
743.046 68
743.108 72
743.169 64
743.230 56
743.292 50
743.353 50
743.414 51
743.476 52
743.537 47
743.598 43
743.660 43
743.721 39
743.782 41
743.844 44
743.905 42
743.966 41
744.028 37
744.089 30
744.150 28
744.212 26
744.273 28
744.334 32
744.396 31
744.457 31
744.519 29
744.580 33
744.641 32
744.703 31
744.764 32
744.825 33
744.887 37
744.948 45
745.010 49
745.071 46
745.132 51
745.194 50
745.255 48
745.317 53
745.378 50
745.439 48
745.501 47
745.562 52
745.624 50
745.685 48
745.746 43
745.808 38
745.869 38
745.931 40
745.992 39
746.054 36
746.115 36
746.176 36
746.238 33
746.299 36
746.361 34
746.422 32
746.484 33
746.545 29
746.607 26
746.668 27
746.729 24
746.791 24
746.852 30
746.914 31
746.975 36
747.037 35
747.098 35
747.160 39
747.221 47
747.283 50
747.344 49
747.406 49
747.467 45
747.529 42
747.590 42
747.652 43
747.713 47
747.775 51
747.836 52
747.898 47
747.959 40
748.021 35
748.082 30
748.144 31
748.205 31
748.267 37
748.328 45
748.390 50
748.451 53
748.513 52
748.574 49
748.636 49
748.698 44
748.759 42
748.821 36
748.882 35
748.944 31
749.005 29
749.067 32
749.128 36
749.190 33
749.252 36
749.313 40
749.375 41
749.436 42
749.498 41
749.559 41
749.621 37
749.683 37
749.744 39
749.806 36
749.867 34
749.929 32
749.991 28
750.052 29
750.114 33
750.175 36
750.237 35
750.299 40
750.360 46
750.422 53
750.483 58
750.545 56
750.607 58
750.668 59
750.730 61
750.791 61
750.853 61
750.915 57
750.976 52
751.038 47
751.100 37
751.161 31
751.223 27
751.285 28
751.346 32
751.408 36
751.470 37
751.531 37
751.593 34
751.655 32
751.716 34
751.778 37
751.840 37
751.901 39
751.963 40
752.025 42
752.086 43
752.148 46
752.210 50
752.271 53
752.333 50
752.395 52
752.456 52
752.518 51
752.580 48
752.642 46
752.703 48
752.765 44
752.827 47
752.888 47
752.950 51
753.012 63
753.074 82
753.135 99
753.197 113
753.259 126
753.320 125
753.382 124
753.444 112
753.506 97
753.567 87
753.629 76
753.691 70
753.753 66
753.814 62
753.876 55
753.938 59
754.000 55
754.061 48
754.123 49
754.185 46
754.247 49
754.309 51
754.370 52
754.432 55
754.494 50
754.556 42
754.617 39
754.679 34
754.741 34
754.803 32
754.865 29
754.926 31
754.988 33
755.050 35
755.112 36
755.174 36
755.235 40
755.297 47
755.359 49
755.421 49
755.483 55
755.545 52
755.606 49
755.668 49
755.730 45
755.792 41
755.854 42
755.916 39
755.977 40
756.039 43
756.101 47
756.163 47
756.225 49
756.287 49
756.348 49
756.410 50
756.472 51
756.534 49
756.596 49
756.658 53
756.720 48
756.782 44
756.843 43
756.905 36
756.967 38
757.029 35
757.091 33
757.153 34
757.215 37
757.277 37
757.339 35
757.400 30
757.462 32
757.524 34
757.586 36
757.648 37
757.710 38
757.772 39
757.834 41
757.896 36
757.958 37
758.020 38
758.082 46
758.143 47
758.205 40
758.267 40
758.329 37
758.391 42
758.453 41
758.515 43
758.577 46
758.639 46
758.701 48
758.763 44
758.825 37
758.887 30
758.949 31
759.011 32
759.073 36
759.135 40
759.197 42
759.259 42
759.321 43
759.383 41
759.445 39
759.507 40
759.569 35
759.631 33
759.693 32
759.755 36
759.817 38
759.879 44
759.941 44
760.003 42
760.065 45
760.127 39
760.189 38
760.251 34
760.313 30
760.375 30
760.437 31
760.499 31
760.561 27
760.623 28
760.685 27
760.747 25
760.809 24
760.871 24
760.933 29
760.995 32
761.057 35
761.119 42
761.181 46
761.243 43
761.305 42
761.367 40
761.430 40
761.492 46
761.554 52
761.616 48
761.678 43
761.740 38
761.802 33
761.864 36
761.926 35
761.988 39
762.050 42
762.112 45
762.175 42
762.237 39
762.299 40
762.361 36
762.423 42
762.485 46
762.547 46
762.609 52
762.671 53
762.734 52
762.796 46
762.858 37
762.920 30
762.982 27
763.044 23
763.106 24
763.168 24
763.231 25
763.293 27
763.355 30
763.417 35
763.479 37
763.541 43
763.604 49
763.666 51
763.728 53
763.790 51
763.852 53
763.914 48
763.977 48
764.039 46
764.101 37
764.163 39
764.225 40
764.287 36
764.350 33
764.412 32
764.474 25
764.536 24
764.598 25
764.661 25
764.723 25
764.785 25
764.847 18
764.909 20
764.972 18
765.034 17
765.096 22
765.158 26
765.220 30
765.283 40
765.345 40
765.407 43
765.469 43
765.532 42
765.594 39
765.656 35
765.718 34
765.781 31
765.843 31
765.905 31
765.967 33
766.030 39
766.092 40
766.154 39
766.216 35
766.279 33
766.341 35
766.403 31
766.465 32
766.528 29
766.590 24
766.652 25
766.715 27
766.777 30
766.839 29
766.901 30
766.964 29
767.026 28
767.088 28
767.151 30
767.213 32
767.275 39
767.338 46
767.400 50
767.462 60
767.525 62
767.587 61
767.649 59
767.712 53
767.774 48
767.836 46
767.898 46
767.961 41
768.023 41
768.086 37
768.148 39
768.210 38
768.273 34
768.335 36
768.397 36
768.460 39
768.522 48
768.584 45
768.647 46
768.709 43
768.771 37
768.834 42
768.896 36
768.959 34
769.021 34
769.083 35
769.146 37
769.208 36
769.270 38
769.333 37
769.395 40
769.458 41
769.520 43
769.582 41
769.645 37
769.707 39
769.770 34
769.832 30
769.894 30
769.957 27
770.019 24
770.082 27
770.144 35
770.207 41
770.269 45
770.331 48
770.394 51
770.456 47
770.519 42
770.581 40
770.644 32
770.706 30
770.769 25
770.831 25
770.893 29
770.956 32
771.018 32
771.081 30
771.143 26
771.206 27
771.268 28
771.331 21
771.393 23
771.456 21
771.518 19
771.581 23
771.643 23
771.706 24
771.768 26
771.831 27
771.893 26
771.956 24
772.018 21
772.081 23
772.143 23
772.206 22
772.268 18
772.331 17
772.393 18
772.456 18
772.518 17
772.581 22
772.643 23
772.706 30
772.768 30
772.831 35
772.893 35
772.956 29
773.018 23
773.081 19
773.144 18
773.206 20
773.269 20
773.331 22
773.394 22
773.456 26
773.519 33
773.581 42
773.644 47
773.707 51
773.769 52
773.832 48
773.894 43
773.957 38
774.020 38
774.082 38
774.145 42
774.207 44
774.270 40
774.332 40
774.395 38
774.458 38
774.520 36
774.583 35
774.645 41
774.708 42
774.771 40
774.833 36
774.896 31
774.959 27
775.021 28
775.084 29
775.146 27
775.209 22
775.272 24
775.334 24
775.397 25
775.460 24
775.522 31
775.585 30
775.648 30
775.710 32
775.773 27
775.836 30
775.898 36
775.961 38
776.024 38
776.086 41
776.149 39
776.212 39
776.274 35
776.337 36
776.400 35
776.462 29
776.525 26
776.588 21
776.650 23
776.713 24
776.776 22
776.838 25
776.901 22
776.964 24
777.027 25
777.089 26
777.152 27
777.215 30
777.277 32
777.340 36
777.403 37
777.466 34
777.528 35
777.591 37
777.654 36
777.716 35
777.779 33
777.842 33
777.905 35
777.967 35
778.030 34
778.093 29
778.156 28
778.218 25
778.281 22
778.344 25
778.407 25
778.469 25
778.532 25
778.595 22
778.658 23
778.721 22
778.783 25
778.846 25
778.909 26
778.972 27
779.034 25
779.097 28
779.160 25
779.223 22
779.286 18
779.348 13
779.411 13
779.474 10
779.537 11
779.600 10
779.662 13
779.725 15
779.788 19
779.851 21
779.914 20
779.977 23
780.039 25
780.102 20
780.165 20
780.228 20
780.291 17
780.354 17
780.416 20
780.479 20
780.542 20
780.605 25
780.668 25
780.731 25
780.794 26
780.856 20
780.919 21
780.982 23
781.045 26
781.108 26
781.171 26
781.234 21
781.296 21
781.359 24
781.422 25
781.485 27
781.548 32
781.611 33
781.674 35
781.737 37
781.800 35
781.863 34
781.925 33
781.988 31
782.051 32
782.114 30
782.177 30
782.240 32
782.303 36
782.366 31
782.429 28
782.492 23
782.555 21
782.618 27
782.680 26
782.743 26
782.806 24
782.869 20
782.932 21
782.995 18
783.058 20
783.121 20
783.184 23
783.247 24
783.310 29
783.373 34
783.436 39
783.499 45
783.562 47
783.625 49
783.688 46
783.751 42
783.814 41
783.877 42
783.940 40
784.003 40
784.066 36
784.129 34
784.192 31
784.255 30
784.318 27
784.381 25
784.444 26
784.507 21
784.570 21
784.633 24
784.696 25
784.759 26
784.822 24
784.885 26
784.948 26
785.011 31
785.074 33
785.137 35
785.200 35
785.263 33
785.326 31
785.389 29
785.452 30
785.515 30
785.578 31
785.641 25
785.704 23
785.767 20
785.831 15
785.894 22
785.957 24
786.020 30
786.083 32
786.146 27
786.209 27
786.272 28
786.335 32
786.398 35
786.461 37
786.524 38
786.587 41
786.651 45
786.714 42
786.777 38
786.840 35
786.903 34
786.966 30
787.029 29
787.092 28
787.155 26
787.219 30
787.282 31
787.345 35
787.408 36
787.471 36
787.534 39
787.597 40
787.660 41
787.724 40
787.787 37
787.850 35
787.913 35
787.976 36
788.039 39
788.102 37
788.166 39
788.229 38
788.292 37
788.355 36
788.418 41
788.481 42
788.545 39
788.608 39
788.671 36
788.734 37
788.797 34
788.861 27
788.924 24
788.987 24
789.050 28
789.113 32
789.177 36
789.240 35
789.303 31
789.366 28
789.429 28
789.493 31
789.556 35
789.619 34
789.682 35
789.745 34
789.809 35
789.872 39
789.935 39
789.998 43
790.062 40
790.125 39
790.188 37
790.251 39
790.315 37
790.378 36
790.441 32
790.504 25
790.568 22
790.631 21
790.694 25
790.757 23
790.821 28
790.884 31
790.947 29
791.010 29
791.074 27
791.137 30
791.200 31
791.264 34
791.327 35
791.390 34
791.453 33
791.517 29
791.580 28
791.643 29
791.707 27
791.770 26
791.833 25
791.896 21
791.960 21
792.023 27
792.086 34
792.150 36
792.213 36
792.276 30
792.340 27
792.403 30
792.466 29
792.530 32
792.593 33
792.656 35
792.720 36
792.783 31
792.846 27
792.910 23
792.973 23
793.036 24
793.100 23
793.163 21
793.227 19
793.290 18
793.353 18
793.417 19
793.480 18
793.543 21
793.607 18
793.670 20
793.734 25
793.797 23
793.860 26
793.924 28
793.987 27
794.050 28
794.114 30
794.177 35
794.241 37
794.304 40
794.368 39
794.431 38
794.494 37
794.558 36
794.621 33
794.685 34
794.748 35
794.811 33
794.875 32
794.938 24
795.002 22
795.065 23
795.129 24
795.192 25
795.255 29
795.319 33
795.382 33
795.446 27
795.509 25
795.573 24
795.636 20
795.700 16
795.763 13
795.827 12
795.890 13
795.954 17
796.017 20
796.080 22
796.144 23
796.207 25
796.271 24
796.334 23
796.398 23
796.461 23
796.525 27
796.588 26
796.652 28
796.715 27
796.779 26
796.842 25
796.906 28
796.969 30
797.033 29
797.096 30
797.160 27
797.224 28
797.287 29
797.351 28
797.414 28
797.478 24
797.541 19
797.605 21
797.668 25
797.732 26
797.795 27
797.859 26
797.922 21
797.986 19
798.050 20
798.113 22
798.177 23
798.240 25
798.304 26
798.367 30
798.431 36
798.495 42
798.558 48
798.622 43
798.685 42
798.749 39
798.812 29
798.876 31
798.940 28
799.003 23
799.067 21
799.130 20
799.194 17
799.258 19
799.321 18
799.385 17
799.448 16
799.512 20
799.576 24
799.639 22
799.703 21
799.767 20
799.830 18
799.894 18
799.957 19
800.021 19
800.085 14
800.148 19
800.212 22
800.276 23
800.339 25
800.403 24
800.467 23
800.530 22
800.594 21
800.658 23
800.721 26
800.785 32
800.849 30
800.912 34
800.976 36
801.040 38
801.103 44
801.167 46
801.231 47
801.294 47
801.358 39
801.422 40
801.485 37
801.549 34
801.613 36
801.676 32
801.740 31
801.804 30
801.868 36
801.931 40
801.995 43
802.059 46
802.122 38
802.186 35
802.250 32
802.314 31
802.377 31
802.441 32
802.505 34
802.569 31
802.632 30
802.696 38
802.760 38
802.824 36
802.887 36
802.951 24
803.015 22
803.079 21
803.142 16
803.206 19
803.270 18
803.334 18
803.397 21
803.461 25
803.525 24
803.589 28
803.652 30
803.716 30
803.780 35
803.844 36
803.908 32
803.971 24
804.035 23
804.099 20
804.163 19
804.227 18
804.290 17
804.354 16
804.418 22
804.482 28
804.546 32
804.610 35
804.673 38
804.737 34
804.801 32
804.865 31
804.929 29
804.992 33
805.056 32
805.120 30
805.184 30
805.248 31
805.312 31
805.376 32
805.439 34
805.503 30
805.567 31
805.631 33
805.695 32
805.759 36
805.823 36
805.886 36
805.950 35
806.014 33
806.078 29
806.142 30
806.206 26
806.270 30
806.334 31
806.397 27
806.461 31
806.525 30
806.589 35
806.653 38
806.717 30
806.781 27
806.845 22
806.909 20
806.973 20
807.037 21
807.100 23
807.164 28
807.228 35
807.292 44
807.356 49
807.420 58
807.484 65
807.548 57
807.612 57
807.676 51
807.740 43
807.804 41
807.868 36
807.932 34
807.996 28
808.060 26
808.124 24
808.187 22
808.251 25
808.315 25
808.379 25
808.443 24
808.507 22
808.571 22
808.635 22
808.699 26
808.763 25
808.827 24
808.891 23
808.955 17
809.019 16
809.083 23
809.147 28
809.211 35
809.275 37
809.339 34
809.403 36
809.467 33
809.531 34
809.595 36
809.659 33
809.723 34
809.787 34
809.851 35
809.915 31
809.979 30
810.044 25
810.108 28
810.172 27
810.236 32
810.300 35
810.364 36
810.428 36
810.492 37
810.556 36
810.620 35
810.684 36
810.748 31
810.812 32
810.876 30
810.940 28
811.004 30
811.068 30
811.133 25
811.197 23
811.261 25
811.325 24
811.389 27
811.453 33
811.517 38
811.581 42
811.645 38
811.709 34
811.773 29
811.838 27
811.902 24
811.966 20
812.030 17
812.094 14
812.158 14
812.222 19
812.286 17
812.351 16
812.415 18
812.479 20
812.543 20
812.607 24
812.671 28
812.735 28
812.799 27
812.864 31
812.928 31
812.992 28
813.056 32
813.120 23
813.184 21
813.249 24
813.313 28
813.377 24
813.441 22
813.505 18
813.569 17
813.634 19
813.698 24
813.762 27
813.826 33
813.890 33
813.955 31
814.019 29
814.083 24
814.147 22
814.211 21
814.276 22
814.340 19
814.404 22
814.468 22
814.532 25
814.597 23
814.661 26
814.725 27
814.789 24
814.854 22
814.918 20
814.982 20
815.046 20
815.110 24
815.175 25
815.239 25
815.303 26
815.367 21
815.432 21
815.496 19
815.560 17
815.624 15
815.689 17
815.753 15
815.817 16
815.882 14
815.946 20
816.010 23
816.074 32
816.139 37
816.203 37
816.267 34
816.331 27
816.396 24
816.460 24
816.524 21
816.589 17
816.653 16
816.717 20
816.782 19
816.846 19
816.910 20
816.974 24
817.039 27
817.103 32
817.167 39
817.232 37
817.296 44
817.360 46
817.425 44
817.489 34
817.553 31
817.618 30
817.682 28
817.746 30
817.811 31
817.875 31
817.939 36
818.004 41
818.068 43
818.133 45
818.197 45
818.261 48
818.326 52
818.390 48
818.454 49
818.519 42
818.583 40
818.648 44
818.712 43
818.776 39
818.841 39
818.905 30
818.969 25
819.034 24
819.098 21
819.163 24
819.227 30
819.291 32
819.356 32
819.420 31
819.485 28
819.549 23
819.613 26
819.678 30
819.742 32
819.807 37
819.871 35
819.936 36
820.000 38
820.064 36
820.129 38
820.193 34
820.258 35
820.322 32
820.387 28
820.451 28
820.516 23
820.580 21
820.645 19
820.709 20
820.773 24
820.838 24
820.902 23
820.967 18
821.031 19
821.096 21
821.160 22
821.225 25
821.289 23
821.354 23
821.418 24
821.483 28
821.547 31
821.612 34
821.676 32
821.741 30
821.805 30
821.870 27
821.934 26
821.999 24
822.063 22
822.128 20
822.192 21
822.257 21
822.321 23
822.386 24
822.450 22
822.515 23
822.579 22
822.644 28
822.709 29
822.773 32
822.838 30
822.902 28
822.967 29
823.031 32
823.096 33
823.160 30
823.225 28
823.290 25
823.354 22
823.419 16
823.483 18
823.548 16
823.612 18
823.677 17
823.742 19
823.806 15
823.871 16
823.935 20
824.000 19
824.064 22
824.129 24
824.194 27
824.258 25
824.323 27
824.387 30
824.452 25
824.517 23
824.581 19
824.646 14
824.711 17
824.775 19
824.840 24
824.904 27
824.969 28
825.034 32
825.098 33
825.163 39
825.228 37
825.292 38
825.357 35
825.422 35
825.486 32
825.551 30
825.615 33
825.680 28
825.745 28
825.809 30
825.874 27
825.939 25
826.003 30
826.068 33
826.133 32
826.197 30
826.262 31
826.327 27
826.392 28
826.456 27
826.521 25
826.586 23
826.650 26
826.715 29
826.780 34
826.844 39
826.909 44
826.974 48
827.039 46
827.103 47
827.168 42
827.233 34
827.297 26
827.362 20
827.427 22
827.492 21
827.556 19
827.621 20
827.686 23
827.751 25
827.815 26
827.880 26
827.945 28
828.009 27
828.074 25
828.139 26
828.204 24
828.269 24
828.333 24
828.398 24
828.463 27
828.528 25
828.592 24
828.657 23
828.722 24
828.787 25
828.851 24
828.916 23
828.981 26
829.046 25
829.111 23
829.175 29
829.240 25
829.305 26
829.370 30
829.435 29
829.499 30
829.564 33
829.629 32
829.694 28
829.759 24
829.824 25
829.888 21
829.953 19
830.018 19
830.083 16
830.148 18
830.213 20
830.277 21
830.342 19
830.407 20
830.472 18
830.537 18
830.602 19
830.666 22
830.731 24
830.796 24
830.861 24
830.926 21
830.991 22
831.056 20
831.120 22
831.185 19
831.250 16
831.315 19
831.380 19
831.445 19
831.510 18
831.575 17
831.640 15
831.704 11
831.769 15
831.834 13
831.899 10
831.964 11
832.029 11
832.094 16
832.159 23
832.224 28
832.289 30
832.354 30
832.418 28
832.483 27
832.548 26
832.613 24
832.678 22
832.743 24
832.808 28
832.873 30
832.938 29
833.003 33
833.068 31
833.133 31
833.198 31
833.263 32
833.328 30
833.393 28
833.458 28
833.523 29
833.588 30
833.652 30
833.717 32
833.782 30
833.847 32
833.912 32
833.977 29
834.042 22
834.107 25
834.172 24
834.237 29
834.302 33
834.367 29
834.432 32
834.497 37
834.562 36
834.627 33
834.692 30
834.757 26
834.822 24
834.887 29
834.952 30
835.017 35
835.083 30
835.148 27
835.213 27
835.278 24
835.343 27
835.408 24
835.473 25
835.538 24
835.603 19
835.668 21
835.733 19
835.798 18
835.863 18
835.928 24
835.993 23
836.058 25
836.123 22
836.188 17
836.253 16
836.319 13
836.384 13
836.449 13
836.514 15
836.579 16
836.644 23
836.709 27
836.774 31
836.839 34
836.904 38
836.969 37
837.035 37
837.100 37
837.165 37
837.230 33
837.295 27
837.360 20
837.425 20
837.490 19
837.555 20
837.621 18
837.686 21
837.751 22
837.816 25
837.881 26
837.946 25
838.011 28
838.077 26
838.142 23
838.207 25
838.272 26
838.337 25
838.402 25
838.467 24
838.533 21
838.598 24
838.663 23
838.728 22
838.793 17
838.859 14
838.924 10
838.989 7
839.054 8
839.119 11
839.184 13
839.250 16
839.315 20
839.380 27
839.445 31
839.510 42
839.576 57
839.641 96
839.706 203
839.771 375
839.836 647
839.902 969
839.967 1255
840.032 1514
840.097 1684
840.163 1721
840.228 1699
840.293 1573
840.358 1353
840.424 1150
840.489 935
840.554 752
840.619 643
840.684 606
840.750 671
840.815 836
840.880 1102
840.946 1400
841.011 1634
841.076 1813
841.141 1888
841.207 1844
841.272 1750
841.337 1588
841.402 1376
841.468 1183
841.533 1008
841.598 847
841.664 713
841.729 638
841.794 638
841.859 692
841.925 817
841.990 950
842.055 1056
842.121 1146
842.186 1164
842.251 1113
842.317 1011
842.382 853
842.447 688
842.512 552
842.578 459
842.643 391
842.708 350
842.774 320
842.839 314
842.904 332
842.970 368
843.035 405
843.100 426
843.166 444
843.231 440
843.297 426
843.362 396
843.427 357
843.493 318
843.558 283
843.623 259
843.689 236
843.754 214
843.819 193
843.885 176
843.950 170
844.016 175
844.081 184
844.146 178
844.212 176
844.277 168
844.342 158
844.408 158
844.473 145
844.539 131
844.604 127
844.669 119
844.735 117
844.800 113
844.866 105
844.931 101
844.997 94
845.062 93
845.127 94
845.193 93
845.258 94
845.324 91
845.389 92
845.454 91
845.520 88
845.585 84
845.651 81
845.716 77
845.782 71
845.847 68
845.913 62
845.978 60
846.044 55
846.109 57
846.174 63
846.240 64
846.305 64
846.371 68
846.436 70
846.502 67
846.567 69
846.633 71
846.698 66
846.764 59
846.829 59
846.895 47
846.960 41
847.026 38
847.091 30
847.157 33
847.222 38
847.288 42
847.353 41
847.419 43
847.484 39
847.550 39
847.615 41
847.681 42
847.746 41
847.812 34
847.877 27
847.943 17
848.008 12
848.074 7
848.140 3
848.205 3
848.271 3
848.336 6
848.402 5
848.467 6
848.533 8
848.598 9
848.664 12
848.729 14
848.795 14
848.861 15
848.926 12
848.992 9
849.057 7
849.123 8
849.188 14
849.254 18
849.320 18
849.385 18
849.451 19
849.516 20
849.582 23
849.648 25
849.713 23
849.779 21
849.844 22
849.910 20
849.976 20
850.041 18
850.107 14
850.173 17
850.238 15
850.304 15
850.369 16
850.435 16
850.501 17
850.566 18
850.632 19
850.698 24
850.763 25
850.829 33
850.894 36
850.960 41
851.026 39
851.091 38
851.157 34
851.223 29
851.288 27
851.354 20
851.420 21
851.485 18
851.551 18
851.617 20
851.682 22
851.748 25
851.814 22
851.879 27
851.945 28
852.011 26
852.077 33
852.142 31
852.208 28
852.274 24
852.339 17
852.405 12
852.471 14
852.536 12
852.602 11
852.668 12
852.734 13
852.799 17
852.865 20
852.931 26
852.997 25
853.062 29
853.128 32
853.194 28
853.259 28
853.325 24
853.391 20
853.457 24
853.522 25
853.588 29
853.654 34
853.720 32
853.785 30
853.851 33
853.917 30
853.983 31
854.049 32
854.114 31
854.180 29
854.246 25
854.312 22
854.377 23
854.443 21
854.509 23
854.575 26
854.641 30
854.706 31
854.772 31
854.838 27
854.904 26
854.970 25
855.035 24
855.101 22
855.167 24
855.233 18
855.299 21
855.364 24
855.430 29
855.496 36
855.562 40
855.628 46
855.694 46
855.759 51
855.825 56
855.891 59
855.957 69
856.023 79
856.089 95
856.154 103
856.220 111
856.286 108
856.352 97
856.418 87
856.484 78
856.550 76
856.616 70
856.681 67
856.747 63
856.813 61
856.879 65
856.945 78
857.011 92
857.077 106
857.143 116
857.208 115
857.274 114
857.340 107
857.406 90
857.472 86
857.538 83
857.604 75
857.670 77
857.736 69
857.802 62
857.868 62
857.933 60
857.999 63
858.065 67
858.131 64
858.197 64
858.263 66
858.329 61
858.395 55
858.461 47
858.527 39
858.593 36
858.659 35
858.725 34
858.791 33
858.857 33
858.923 32
858.989 36
859.054 35
859.120 40
859.186 40
859.252 38
859.318 41
859.384 36
859.450 33
859.516 32
859.582 34
859.648 34
859.714 33
859.780 36
859.846 37
859.912 36
859.978 40
860.044 37
860.110 37
860.176 38
860.242 37
860.308 35
860.374 31
860.440 34
860.506 31
860.572 34
860.638 39
860.704 37
860.770 36
860.836 31
860.903 33
860.969 34
861.035 39
861.101 38
861.167 33
861.233 34
861.299 34
861.365 33
861.431 38
861.497 39
861.563 41
861.629 47
861.695 49
861.761 55
861.827 62
861.893 62
861.959 60
862.026 50
862.092 46
862.158 45
862.224 41
862.290 39
862.356 34
862.422 31
862.488 33
862.554 30
862.620 34
862.686 36
862.753 37
862.819 38
862.885 39
862.951 38
863.017 36
863.083 34
863.149 37
863.215 35
863.281 33
863.348 34
863.414 33
863.480 40
863.546 44
863.612 49
863.678 50
863.744 47
863.811 45
863.877 45
863.943 45
864.009 39
864.075 33
864.141 32
864.208 24
864.274 26
864.340 31
864.406 32
864.472 35
864.538 36
864.605 36
864.671 33
864.737 25
864.803 28
864.869 27
864.936 27
865.002 29
865.068 24
865.134 22
865.200 18
865.267 22
865.333 19
865.399 18
865.465 20
865.531 19
865.598 19
865.664 18
865.730 18
865.796 18
865.862 23
865.929 27
865.995 32
866.061 41
866.127 40
866.194 42
866.260 38
866.326 34
866.392 38
866.459 38
866.525 38
866.591 31
866.657 24
866.724 24
866.790 21
866.856 21
866.922 21
866.989 20
867.055 22
867.121 21
867.188 22
867.254 17
867.320 19
867.386 21
867.453 24
867.519 23
867.585 23
867.652 28
867.718 33
867.784 40
867.850 47
867.917 49
867.983 47
868.049 48
868.116 45
868.182 45
868.248 45
868.315 44
868.381 42
868.447 37
868.514 38
868.580 35
868.646 36
868.713 33
868.779 27
868.845 24
868.912 16
868.978 16
869.044 17
869.111 19
869.177 21
869.243 20
869.310 20
869.376 23
869.443 28
869.509 30
869.575 34
869.642 38
869.708 30
869.774 31
869.841 29
869.907 23
869.974 17
870.040 17
870.106 18
870.173 16
870.239 19
870.306 16
870.372 17
870.438 15
870.505 18
870.571 21
870.638 25
870.704 27
870.770 25
870.837 25
870.903 21
870.970 21
871.036 22
871.102 25
871.169 25
871.235 25
871.302 26
871.368 24
871.435 25
871.501 24
871.568 25
871.634 26
871.700 27
871.767 27
871.833 26
871.900 32
871.966 33
872.033 31
872.099 38
872.166 41
872.232 41
872.299 45
872.365 44
872.432 39
872.498 34
872.565 31
872.631 24
872.698 23
872.764 26
872.831 29
872.897 34
872.964 42
873.030 47
873.097 50
873.163 55
873.230 48
873.296 46
873.363 43
873.429 40
873.496 38
873.562 34
873.629 32
873.695 32
873.762 37
873.828 38
873.895 37
873.961 36
874.028 30
874.094 32
874.161 32
874.228 34
874.294 36
874.361 30
874.427 27
874.494 28
874.560 25
874.627 29
874.693 33
874.760 32
874.827 31
874.893 29
874.960 28
875.026 26
875.093 22
875.160 21
875.226 21
875.293 20
875.359 16
875.426 16
875.492 14
875.559 18
875.626 20
875.692 21
875.759 21
875.826 18
875.892 18
875.959 19
876.025 22
876.092 26
876.159 29
876.225 32
876.292 31
876.358 32
876.425 32
876.492 31
876.558 31
876.625 29
876.692 31
876.758 29
876.825 29
876.892 28
876.958 28
877.025 25
877.092 26
877.158 23
877.225 18
877.292 16
877.358 18
877.425 23
877.492 21
877.558 24
877.625 22
877.692 23
877.758 26
877.825 28
877.892 27
877.958 28
878.025 30
878.092 31
878.158 32
878.225 32
878.292 29
878.359 27
878.425 26
878.492 30
878.559 28
878.625 30
878.692 32
878.759 28
878.826 31
878.892 31
878.959 29
879.026 27
879.093 24
879.159 24
879.226 30
879.293 32
879.360 34
879.426 28
879.493 24
879.560 24
879.627 20
879.693 17
879.760 15
879.827 13
879.894 16
879.960 18
880.027 21
880.094 23
880.161 29
880.227 26
880.294 29
880.361 26
880.428 22
880.495 24
880.561 23
880.628 27
880.695 33
880.762 32
880.829 33
880.895 37
880.962 35
881.029 37
881.096 40
881.163 39
881.229 41
881.296 38
881.363 35
881.430 36
881.497 35
881.564 34
881.630 33
881.697 29
881.764 27
881.831 27
881.898 27
881.965 26
882.031 26
882.098 25
882.165 23
882.232 23
882.299 22
882.366 18
882.433 18
882.500 18
882.566 23
882.633 25
882.700 28
882.767 28
882.834 31
882.901 30
882.968 27
883.035 24
883.101 18
883.168 16
883.235 16
883.302 20
883.369 17
883.436 17
883.503 21
883.570 20
883.637 25
883.704 27
883.770 22
883.837 25
883.904 26
883.971 24
884.038 22
884.105 18
884.172 19
884.239 21
884.306 22
884.373 20
884.440 18
884.507 21
884.574 18
884.641 16
884.708 22
884.774 27
884.841 24
884.908 25
884.975 26
885.042 20
885.109 18
885.176 19
885.243 20
885.310 25
885.377 27
885.444 32
885.511 31
885.578 30
885.645 32
885.712 33
885.779 27
885.846 23
885.913 24
885.980 23
886.047 26
886.114 27
886.181 26
886.248 27
886.315 22
886.382 24
886.449 23
886.516 25
886.583 23
886.650 22
886.717 20
886.784 16
886.851 18
886.918 19
886.985 19
887.052 17
887.119 17
887.187 15
887.254 16
887.321 14
887.388 15
887.455 14
887.522 15
887.589 16
887.656 19
887.723 20
887.790 17
887.857 17
887.924 18
887.991 17
888.058 19
888.125 22
888.193 16
888.260 17
888.327 12
888.394 10
888.461 6
888.528 5
888.595 11
888.662 13
888.729 17
888.796 20
888.864 19
888.931 23
888.998 26
889.065 27
889.132 27
889.199 23
889.266 20
889.333 16
889.400 14
889.468 15
889.535 14
889.602 15
889.669 15
889.736 17
889.803 18
889.870 18
889.938 22
890.005 22
890.072 26
890.139 27
890.206 26
890.273 25
890.341 22
890.408 18
890.475 17
890.542 13
890.609 11
890.676 10
890.744 12
890.811 12
890.878 9
890.945 10
891.012 7
891.080 10
891.147 15
891.214 17
891.281 20
891.348 23
891.416 20
891.483 23
891.550 25
891.617 22
891.684 23
891.752 21
891.819 17
891.886 13
891.953 12
892.021 11
892.088 12
892.155 14
892.222 14
892.289 20
892.357 19
892.424 21
892.491 24
892.558 25
892.626 24
892.693 21
892.760 22
892.828 16
892.895 16
892.962 16
893.029 13
893.097 15
893.164 15
893.231 14
893.298 18
893.366 18
893.433 20
893.500 22
893.568 29
893.635 32
893.702 30
893.769 31
893.837 26
893.904 23
893.971 21
894.039 19
894.106 19
894.173 18
894.241 23
894.308 26
894.375 26
894.443 26
894.510 26
894.577 26
894.645 25
894.712 20
894.779 19
894.847 15
894.914 12
894.981 13
895.049 14
895.116 16
895.183 14
895.251 13
895.318 14
895.385 19
895.453 17
895.520 15
895.587 15
895.655 13
895.722 13
895.790 16
895.857 16
895.924 14
895.992 16
896.059 13
896.126 9
896.194 10
896.261 15
896.329 17
896.396 20
896.463 20
896.531 22
896.598 23
896.666 17
896.733 17
896.800 16
896.868 14
896.935 14
897.003 16
897.070 15
897.138 14
897.205 11
897.272 9
897.340 8
897.407 10
897.475 12
897.542 13
897.610 16
897.677 15
897.744 13
897.812 15
897.879 12
897.947 13
898.014 16
898.082 16
898.149 16
898.217 17
898.284 18
898.352 21
898.419 24
898.487 22
898.554 20
898.621 17
898.689 16
898.756 18
898.824 20
898.891 20
898.959 18
899.026 18
899.094 16
899.161 17
899.229 19
899.296 18
899.364 19
899.431 20
899.499 22
899.566 22
899.634 26
899.702 34
899.769 35
899.837 36
899.904 35
899.972 28
900.039 24
900.107 22
900.174 20
900.242 20
900.309 22
900.377 26
900.444 29
900.512 31
900.580 34
900.647 31
900.715 25
900.782 20
900.850 16
900.917 15
900.985 14
901.052 18
901.120 21
901.188 23
901.255 23
901.323 26
901.390 28
901.458 26
901.526 26
901.593 25
901.661 23
901.728 25
901.796 25
901.864 21
901.931 23
901.999 20
902.066 23
902.134 23
902.202 18
902.269 17
902.337 17
902.404 18
902.472 19
902.540 20
902.607 19
902.675 20
902.743 22
902.810 20
902.878 20
902.946 20
903.013 17
903.081 17
903.149 18
903.216 23
903.284 28
903.351 30
903.419 29
903.487 26
903.554 27
903.622 23
903.690 25
903.758 27
903.825 25
903.893 23
903.961 18
904.028 16
904.096 14
904.164 15
904.231 19
904.299 19
904.367 19
904.434 21
904.502 21
904.570 19
904.638 16
904.705 18
904.773 20
904.841 18
904.908 18
904.976 18
905.044 15
905.112 19
905.179 23
905.247 27
905.315 32
905.382 33
905.450 29
905.518 25
905.586 26
905.653 27
905.721 25
905.789 28
905.857 28
905.924 25
905.992 30
906.060 30
906.128 33
906.196 35
906.263 29
906.331 27
906.399 23
906.467 21
906.534 21
906.602 21
906.670 22
906.738 21
906.806 22
906.873 22
906.941 24
907.009 26
907.077 26
907.145 27
907.212 25
907.280 28
907.348 23
907.416 18
907.484 16
907.551 16
907.619 18
907.687 17
907.755 19
907.823 18
907.891 16
907.958 20
908.026 19
908.094 20
908.162 18
908.230 16
908.298 20
908.365 18
908.433 20
908.501 20
908.569 19
908.637 19
908.705 18
908.773 17
908.840 15
908.908 17
908.976 12
909.044 14
909.112 14
909.180 14
909.248 16
909.316 16
909.383 17
909.451 15
909.519 18
909.587 18
909.655 22
909.723 28
909.791 26
909.859 31
909.927 33
909.995 38
910.062 35
910.130 30
910.198 21
910.266 13
910.334 12
910.402 16
910.470 19
910.538 19
910.606 19
910.674 15
910.742 11
910.810 9
910.878 8
910.946 9
911.014 13
911.081 16
911.149 16
911.217 16
911.285 13
911.353 13
911.421 16
911.489 16
911.557 18
911.625 25
911.693 36
911.761 52
911.829 72
911.897 95
911.965 123
912.033 150
912.101 177
912.169 195
912.237 190
912.305 167
912.373 140
912.441 111
912.509 92
912.577 81
912.645 79
912.713 77
912.781 78
912.849 88
912.917 100
912.985 110
913.053 129
913.121 141
913.189 137
913.257 130
913.325 116
913.393 96
913.461 82
913.529 72
913.597 61
913.666 51
913.734 49
913.802 47
913.870 58
913.938 78
914.006 97
914.074 113
914.142 120
914.210 120
914.278 108
914.346 101
914.414 85
914.482 69
914.550 59
914.618 47
914.687 39
914.755 39
914.823 39
914.891 39
914.959 40
915.027 50
915.095 60
915.163 66
915.231 63
915.299 56
915.368 45
915.436 39
915.504 33
915.572 35
915.640 36
915.708 38
915.776 39
915.844 39
915.913 42
915.981 40
916.049 45
916.117 43
916.185 40
916.253 43
916.321 37
916.390 34
916.458 33
916.526 30
916.594 26
916.662 25
916.730 29
916.799 31
916.867 34
916.935 34
917.003 35
917.071 34
917.139 32
917.208 31
917.276 27
917.344 27
917.412 24
917.480 21
917.549 19
917.617 18
917.685 21
917.753 21
917.821 19
917.890 19
917.958 17
918.026 20
918.094 22
918.162 24
918.231 29
918.299 30
918.367 35
918.435 35
918.504 36
918.572 32
918.640 29
918.708 24
918.777 22
918.845 21
918.913 18
918.981 20
919.049 19
919.118 23
919.186 27
919.254 26
919.323 27
919.391 24
919.459 22
919.527 22
919.596 20
919.664 23
919.732 23
919.800 23
919.869 30
919.937 29
920.005 24
920.074 27
920.142 23
920.210 25
920.278 26
920.347 24
920.415 26
920.483 22
920.552 19
920.620 17
920.688 13
920.757 14
920.825 18
920.893 20
920.962 18
921.030 19
921.098 22
921.167 23
921.235 21
921.303 19
921.372 13
921.440 12
921.508 17
921.577 18
921.645 21
921.713 23
921.782 21
921.850 22
921.918 21
921.987 23
922.055 20
922.123 21
922.192 19
922.260 14
922.329 17
922.397 14
922.465 14
922.534 15
922.602 14
922.670 13
922.739 18
922.807 19
922.876 19
922.944 16
923.012 13
923.081 10
923.149 7
923.218 8
923.286 10
923.354 14
923.423 16
923.491 17
923.560 21
923.628 18
923.697 24
923.765 22
923.833 21
923.902 22
923.970 19
924.039 20
924.107 20
924.176 22
924.244 19
924.313 19
924.381 19
924.449 19
924.518 19
924.586 22
924.655 20
924.723 20
924.792 22
924.860 23
924.929 27
924.997 24
925.066 27
925.134 28
925.203 26
925.271 30
925.340 29
925.408 27
925.477 28
925.545 29
925.614 22
925.682 22
925.751 21
925.819 23
925.888 21
925.956 22
926.025 22
926.093 18
926.162 16
926.230 18
926.299 17
926.367 15
926.436 16
926.504 14
926.573 10
926.641 13
926.710 19
926.778 22
926.847 25
926.915 23
926.984 19
927.053 16
927.121 14
927.190 15
927.258 19
927.327 22
927.395 23
927.464 22
927.532 22
927.601 20
927.670 23
927.738 21
927.807 23
927.875 23
927.944 22
928.013 27
928.081 26
928.150 28
928.218 31
928.287 30
928.355 27
928.424 25
928.493 21
928.561 18
928.630 19
928.699 18
928.767 20
928.836 20
928.904 23
928.973 28
929.042 31
929.110 35
929.179 40
929.248 37
929.316 35
929.385 37
929.453 31
929.522 28
929.591 27
929.659 24
929.728 26
929.797 28
929.865 30
929.934 32
930.003 34
930.071 34
930.140 42
930.209 46
930.277 46
930.346 44
930.415 40
930.483 36
930.552 33
930.621 31
930.689 29
930.758 23
930.827 19
930.895 21
930.964 20
931.033 20
931.102 20
931.170 21
931.239 19
931.308 21
931.376 23
931.445 20
931.514 19
931.583 20
931.651 16
931.720 15
931.789 16
931.857 18
931.926 22
931.995 25
932.064 22
932.132 19
932.201 18
932.270 18
932.339 19
932.407 26
932.476 28
932.545 30
932.614 32
932.682 34
932.751 37
932.820 32
932.889 27
932.957 23
933.026 19
933.095 18
933.164 20
933.233 18
933.301 16
933.370 17
933.439 15
933.508 18
933.577 21
933.645 23
933.714 23
933.783 23
933.852 21
933.921 21
933.989 21
934.058 20
934.127 17
934.196 18
934.265 22
934.333 26
934.402 25
934.471 22
934.540 18
934.609 16
934.678 19
934.746 18
934.815 21
934.884 20
934.953 24
935.022 22
935.091 20
935.159 21
935.228 16
935.297 19
935.366 20
935.435 21
935.504 25
935.573 32
935.642 55
935.710 81
935.779 149
935.848 238
935.917 335
935.986 440
936.055 516
936.124 562
936.193 555
936.261 527
936.330 444
936.399 356
936.468 295
936.537 239
936.606 222
936.675 221
936.744 249
936.813 297
936.882 380
936.951 477
937.019 551
937.088 611
937.157 625
937.226 589
937.295 532
937.364 468
937.433 383
937.502 315
937.571 259
937.640 217
937.709 212
937.778 218
937.847 232
937.916 251
937.985 283
938.054 326
938.123 351
938.192 374
938.260 355
938.329 308
938.398 270
938.467 229
938.536 195
938.605 168
938.674 150
938.743 131
938.812 127
938.881 135
938.950 145
939.019 152
939.088 167
939.157 175
939.226 173
939.295 168
939.364 145
939.433 126
939.502 108
939.571 91
939.640 82
939.709 73
939.778 72
939.847 73
939.916 73
939.986 72
940.055 71
940.124 74
940.193 70
940.262 71
940.331 68
940.400 61
940.469 64
940.538 61
940.607 59
940.676 58
940.745 54
940.814 51
940.883 51
940.952 52
941.021 53
941.090 54
941.159 53
941.229 58
941.298 53
941.367 50
941.436 43
941.505 39
941.574 37
941.643 34
941.712 37
941.781 34
941.850 38
941.919 38
941.989 41
942.058 45
942.127 47
942.196 49
942.265 46
942.334 47
942.403 47
942.472 46
942.541 44
942.611 41
942.680 37
942.749 36
942.818 36
942.887 39
942.956 42
943.025 44
943.095 44
943.164 36
943.233 37
943.302 33
943.371 33
943.440 30
943.510 35
943.579 36
943.648 37
943.717 39
943.786 41
943.855 41
943.925 37
943.994 36
944.063 28
944.132 25
944.201 22
944.270 20
944.340 17
944.409 16
944.478 17
944.547 13
944.616 17
944.686 19
944.755 17
944.824 16
944.893 20
944.963 24
945.032 28
945.101 32
945.170 31
945.239 27
945.309 25
945.378 22
945.447 19
945.516 20
945.586 21
945.655 20
945.724 20
945.793 19
945.863 23
945.932 22
946.001 20
946.070 16
946.140 15
946.209 15
946.278 12
946.347 16
946.417 16
946.486 19
946.555 25
946.625 23
946.694 25
946.763 24
946.832 17
946.902 13
946.971 10
947.040 7
947.110 7
947.179 6
947.248 7
947.317 6
947.387 6
947.456 7
947.525 6
947.595 7
947.664 7
947.733 8
947.803 8
947.872 9
947.941 13
948.011 19
948.080 20
948.149 22
948.219 22
948.288 21
948.357 23
948.427 26
948.496 25
948.565 26
948.635 27
948.704 21
948.773 17
948.843 15
948.912 11
948.981 8
949.051 8
949.120 11
949.190 15
949.259 17
949.328 22
949.398 25
949.467 26
949.536 28
949.606 24
949.675 29
949.745 30
949.814 29
949.883 30
949.953 28
950.022 25
950.092 22
950.161 14
950.230 11
950.300 12
950.369 11
950.439 10
950.508 10
950.578 7
950.647 6
950.716 9
950.786 6
950.855 7
950.925 9
950.994 9
951.064 9
951.133 10
951.202 11
951.272 8
951.341 10
951.411 10
951.480 8
951.550 12
951.619 14
951.689 18
951.758 22
951.828 27
951.897 37
951.967 43
952.036 55
952.106 58
952.175 64
952.245 64
952.314 59
952.383 58
952.453 49
952.522 46
952.592 37
952.661 37
952.731 43
952.800 48
952.870 56
952.939 60
953.009 64
953.079 68
953.148 73
953.218 72
953.287 66
953.357 62
953.426 51
953.496 50
953.565 47
953.635 50
953.704 49
953.774 45
953.843 46
953.913 45
953.982 47
954.052 49
954.122 54
954.191 55
954.261 57
954.330 52
954.400 46
954.469 47
954.539 42
954.609 38
954.678 34
954.748 29
954.817 25
954.887 27
954.956 28
955.026 31
955.096 32
955.165 35
955.235 33
955.304 30
955.374 26
955.444 28
955.513 25
955.583 24
955.652 22
955.722 23
955.792 25
955.861 27
955.931 27
956.001 23
956.070 22
956.140 20
956.209 24
956.279 25
956.349 22
956.418 22
956.488 16
956.558 19
956.627 21
956.697 22
956.767 21
956.836 25
956.906 28
956.975 30
957.045 30
957.115 33
957.184 31
957.254 31
957.324 31
957.394 30
957.463 26
957.533 27
957.603 29
957.672 27
957.742 25
957.812 24
957.881 24
957.951 23
958.021 26
958.090 25
958.160 26
958.230 24
958.300 25
958.369 24
958.439 25
958.509 26
958.578 27
958.648 25
958.718 23
958.788 30
958.857 28
958.927 26
958.997 25
959.066 22
959.136 21
959.206 22
959.276 20
959.345 18
959.415 18
959.485 17
959.555 23
959.624 23
959.694 22
959.764 22
959.834 19
959.904 17
959.973 21
960.043 22
960.113 20
960.183 22
960.252 19
960.322 19
960.392 21
960.462 20
960.532 23
960.601 27
960.671 26
960.741 23
960.811 19
960.881 16
960.950 16
961.020 18
961.090 20
961.160 22
961.230 23
961.299 24
961.369 22
961.439 20
961.509 16
961.579 15
961.649 12
961.718 13
961.788 13
961.858 16
961.928 18
961.998 19
962.068 18
962.137 23
962.207 24
962.277 23
962.347 23
962.417 20
962.487 18
962.557 19
962.626 18
962.696 16
962.766 14
962.836 17
962.906 22
962.976 24
963.046 27
963.116 25
963.185 26
963.255 30
963.325 31
963.395 32
963.465 31
963.535 29
963.605 31
963.675 31
963.745 27
963.815 22
963.884 20
963.954 18
964.024 16
964.094 17
964.164 14
964.234 16
964.304 15
964.374 13
964.444 19
964.514 24
964.584 26
964.654 28
964.724 25
964.794 22
964.863 18
964.933 22
965.003 18
965.073 18
965.143 18
965.213 19
965.283 21
965.353 20
965.423 18
965.493 15
965.563 17
965.633 20
965.703 24
965.773 21
965.843 21
965.913 24
965.983 25
966.053 24
966.123 22
966.193 19
966.263 19
966.333 20
966.403 21
966.473 22
966.543 22
966.613 21
966.683 24
966.753 24
966.823 24
966.893 24
966.963 23
967.033 23
967.103 27
967.173 26
967.243 25
967.313 22
967.383 17
967.453 20
967.523 22
967.593 27
967.664 26
967.734 29
967.804 28
967.874 28
967.944 26
968.014 30
968.084 31
968.154 31
968.224 34
968.294 29
968.364 27
968.434 29
968.504 26
968.574 24
968.645 28
968.715 29
968.785 34
968.855 48
968.925 58
968.995 63
969.065 69
969.135 68
969.205 60
969.275 52
969.346 49
969.416 43
969.486 38
969.556 36
969.626 30
969.696 30
969.766 34
969.836 35
969.907 38
969.977 48
970.047 52
970.117 52
970.187 57
970.257 57
970.327 52
970.398 51
970.468 47
970.538 40
970.608 39
970.678 36
970.748 35
970.819 32
970.889 32
970.959 30
971.029 31
971.099 32
971.169 36
971.240 40
971.310 46
971.380 45
971.450 44
971.520 43
971.591 36
971.661 34
971.731 34
971.801 33
971.871 32
971.942 29
972.012 32
972.082 31
972.152 33
972.222 36
972.293 36
972.363 34
972.433 32
972.503 36
972.573 38
972.644 41
972.714 39
972.784 39
972.854 38
972.925 38
972.995 37
973.065 39
973.135 32
973.206 29
973.276 27
973.346 26
973.416 26
973.487 24
973.557 26
973.627 22
973.698 20
973.768 18
973.838 16
973.908 14
973.979 17
974.049 19
974.119 21
974.190 24
974.260 25
974.330 23
974.400 20
974.471 14
974.541 12
974.611 12
974.682 13
974.752 16
974.822 17
974.893 20
974.963 22
975.033 23
975.104 23
975.174 25
975.244 30
975.314 27
975.385 25
975.455 22
975.525 17
975.596 12
975.666 13
975.737 10
975.807 9
975.877 14
975.948 15
976.018 17
976.088 21
976.159 15
976.229 13
976.299 13
976.370 12
976.440 15
976.510 16
976.581 15
976.651 13
976.722 15
976.792 15
976.862 16
976.933 18
977.003 23
977.074 22
977.144 21
977.214 22
977.285 20
977.355 23
977.426 25
977.496 23
977.566 20
977.637 18
977.707 21
977.778 21
977.848 24
977.919 24
977.989 23
978.059 17
978.130 14
978.200 12
978.271 10
978.341 8
978.412 5
978.482 4
978.552 5
978.623 6
978.693 9
978.764 14
978.834 15
978.905 21
978.975 20
979.046 19
979.116 19
979.187 16
979.257 15
979.328 12
979.398 14
979.469 12
979.539 14
979.609 14
979.680 12
979.750 15
979.821 10
979.891 12
979.962 10
980.032 13
980.103 12
980.173 15
980.244 14
980.314 14
980.385 13
980.456 10
980.526 10
980.597 6
980.667 8
980.738 9
980.808 10
980.879 14
980.949 14
981.020 14
981.090 13
981.161 14
981.231 15
981.302 17
981.372 19
981.443 18
981.514 23
981.584 23
981.655 21
981.725 20
981.796 20
981.866 20
981.937 20
982.008 15
982.078 12
982.149 7
982.219 8
982.290 14
982.360 17
982.431 19
982.502 21
982.572 19
982.643 20
982.713 19
982.784 16
982.855 16
982.925 18
982.996 20
983.066 19
983.137 21
983.208 23
983.278 20
983.349 19
983.420 17
983.490 19
983.561 22
983.631 35
983.702 52
983.773 84
983.843 120
983.914 162
983.985 199
984.055 217
984.126 221
984.197 203
984.267 188
984.338 165
984.409 146
984.479 135
984.550 121
984.621 119
984.691 117
984.762 125
984.833 141
984.903 175
984.974 218
985.045 250
985.115 279
985.186 265
985.257 235
985.327 205
985.398 175
985.469 148
985.540 125
985.610 110
985.681 92
985.752 97
985.822 106
985.893 119
985.964 134
986.035 148
986.105 152
986.176 153
986.247 152
986.317 132
986.388 109
986.459 84
986.530 63
986.600 52
986.671 47
986.742 46
986.813 44
986.883 48
986.954 60
987.025 66
987.096 77
987.166 84
987.237 82
987.308 80
987.379 80
987.449 75
987.520 65
987.591 56
987.662 46
987.733 38
987.803 34
987.874 35
987.945 33
988.016 31
988.086 32
988.157 35
988.228 32
988.299 32
988.370 33
988.441 26
988.511 24
988.582 25
988.653 26
988.724 28
988.795 27
988.865 27
988.936 27
989.007 28
989.078 29
989.149 27
989.220 26
989.290 24
989.361 28
989.432 26
989.503 22
989.574 23
989.645 27
989.715 26
989.786 24
989.857 24
989.928 19
989.999 17
990.070 24
990.141 23
990.212 24
990.282 28
990.353 27
990.424 28
990.495 34
990.566 34
990.637 29
990.708 27
990.779 29
990.849 27
990.920 31
990.991 36
991.062 35
991.133 37
991.204 35
991.275 31
991.346 27
991.417 24
991.488 26
991.559 25
991.629 24
991.700 25
991.771 22
991.842 21
991.913 19
991.984 18
992.055 23
992.126 27
992.197 27
992.268 27
992.339 26
992.410 26
992.481 27
992.552 29
992.623 28
992.694 26
992.765 25
992.836 25
992.907 26
992.977 24
993.048 24
993.119 21
993.190 20
993.261 21
993.332 21
993.403 22
993.474 23
993.545 23
993.616 20
993.687 19
993.758 18
993.829 18
993.900 17
993.971 18
994.042 14
994.113 15
994.184 17
994.255 17
994.326 17
994.397 14
994.468 15
994.539 13
994.611 12
994.682 15
994.753 19
994.824 18
994.895 18
994.966 17
995.037 16
995.108 20
995.179 20
995.250 20
995.321 20
995.392 21
995.463 23
995.534 24
995.605 24
995.676 22
995.747 19
995.818 17
995.890 16
995.961 17
996.032 18
996.103 16
996.174 15
996.245 13
996.316 12
996.387 14
996.458 12
996.529 9
996.600 9
996.672 10
996.743 11
996.814 16
996.885 16
996.956 17
997.027 21
997.098 23
997.169 23
997.240 24
997.312 23
997.383 23
997.454 24
997.525 20
997.596 19
997.667 20
997.738 21
997.810 22
997.881 24
997.952 24
998.023 25
998.094 25
998.165 25
998.236 26
998.308 27
998.379 29
998.450 30
998.521 25
998.592 26
998.663 23
998.735 19
998.806 14
998.877 9
998.948 8
999.019 9
999.091 10
999.162 12
999.233 14
999.304 19
999.375 22
999.447 27
999.518 28
999.589 29
999.660 26
999.731 30
999.803 32
999.874 34
999.945 38
1000.016 38
1000.088 43
1000.159 44
1000.230 36
1000.301 29
1000.372 22
1000.444 18
1000.515 21
1000.586 21
1000.657 23
1000.729 26
1000.800 31
1000.871 33
1000.942 31
1001.014 31
1001.085 33
1001.156 30
1001.228 31
1001.299 37
1001.370 38
1001.441 37
1001.513 38
1001.584 37
1001.655 29
1001.726 25
1001.798 21
1001.869 20
1001.940 21
1002.012 27
1002.083 26
1002.154 29
1002.226 28
1002.297 28
1002.368 24
1002.439 16
1002.511 15
1002.582 14
1002.653 16
1002.725 15
1002.796 18
1002.867 20
1002.939 22
1003.010 25
1003.081 26
1003.153 26
1003.224 23
1003.295 21
1003.367 18
1003.438 18
1003.509 18
1003.581 16
1003.652 17
1003.724 14
1003.795 15
1003.866 15
1003.938 14
1004.009 10
1004.080 7
1004.152 12
1004.223 13
1004.294 12
1004.366 13
1004.437 13
1004.509 13
1004.580 16
1004.651 19
1004.723 21
1004.794 26
1004.866 30
1004.937 30
1005.008 31
1005.080 33
1005.151 30
1005.223 28
1005.294 25
1005.365 22
1005.437 20
1005.508 21
1005.580 22
1005.651 19
1005.723 19
1005.794 20
1005.865 22
1005.937 27
1006.008 26
1006.080 29
1006.151 26
1006.223 24
1006.294 24
1006.366 23
1006.437 21
1006.508 22
1006.580 22
1006.651 28
1006.723 30
1006.794 26
1006.866 26
1006.937 21
1007.009 24
1007.080 23
1007.152 25
1007.223 23
1007.295 21
1007.366 19
1007.438 21
1007.509 41
1007.581 60
1007.652 125
1007.724 212
1007.795 331
1007.867 461
1007.938 590
1008.010 700
1008.081 744
1008.153 748
1008.224 691
1008.296 590
1008.367 491
1008.439 410
1008.510 347
1008.582 321
1008.653 348
1008.725 391
1008.796 484
1008.868 590
1008.940 676
1009.011 746
1009.083 772
1009.154 746
1009.226 697
1009.297 637
1009.369 545
1009.440 461
1009.512 396
1009.584 347
1009.655 336
1009.727 355
1009.798 402
1009.870 456
1009.941 537
1010.013 601
1010.085 618
1010.156 624
1010.228 570
1010.299 492
1010.371 421
1010.443 351
1010.514 292
1010.586 246
1010.657 222
1010.729 195
1010.801 199
1010.872 210
1010.944 222
1011.016 237
1011.087 241
1011.159 238
1011.230 223
1011.302 214
1011.374 189
1011.445 167
1011.517 150
1011.589 133
1011.660 127
1011.732 123
1011.803 123
1011.875 120
1011.947 124
1012.018 130
1012.090 136
1012.162 143
1012.233 129
1012.305 117
1012.377 104
1012.448 91
1012.520 82
1012.592 75
1012.663 74
1012.735 64
1012.807 67
1012.879 64
1012.950 60
1013.022 60
1013.094 61
1013.165 57
1013.237 58
1013.309 59
1013.380 56
1013.452 58
1013.524 58
1013.596 54
1013.667 54
1013.739 55
1013.811 50
1013.882 51
1013.954 45
1014.026 45
1014.098 42
1014.169 40
1014.241 39
1014.313 38
1014.385 35
1014.456 33
1014.528 37
1014.600 37
1014.672 40
1014.743 43
1014.815 51
1014.887 54
1014.959 59
1015.030 67
1015.102 67
1015.174 62
1015.246 63
1015.317 61
1015.389 50
1015.461 43
1015.533 32
1015.604 23
1015.676 25
1015.748 26
1015.820 27
1015.892 27
1015.963 34
1016.035 39
1016.107 43
1016.179 47
1016.251 44
1016.322 43
1016.394 42
1016.466 38
1016.538 33
1016.610 27
1016.682 23
1016.753 19
1016.825 16
1016.897 18
1016.969 17
1017.041 19
1017.113 20
1017.184 21
1017.256 24
1017.328 31
1017.400 31
1017.472 31
1017.544 31
1017.615 24
1017.687 21
1017.759 22
1017.831 24
1017.903 28
1017.975 27
1018.047 26
1018.119 24
1018.190 21
1018.262 20
1018.334 21
1018.406 18
1018.478 19
1018.550 19
1018.622 21
1018.694 24
1018.766 27
1018.837 27
1018.909 27
1018.981 28
1019.053 29
1019.125 26
1019.197 21
1019.269 17
1019.341 15
1019.413 16
1019.485 17
1019.557 16
1019.628 15
1019.700 17
1019.772 17
1019.844 15
1019.916 13
1019.988 7
1020.060 7
1020.132 8
1020.204 10
1020.276 11
1020.348 15
1020.420 17
1020.492 16
1020.564 21
1020.636 17
1020.708 16
1020.780 18
1020.852 15
1020.924 18
1020.996 19
1021.068 18
1021.140 18
1021.212 19
1021.283 17
1021.355 16
1021.427 17
1021.499 15
1021.571 17
1021.643 18
1021.715 23
1021.787 26
1021.859 27
1021.931 27
1022.003 33
1022.076 30
1022.148 31
1022.220 30
1022.292 20
1022.364 19
1022.436 17
1022.508 13
1022.580 13
1022.652 14
1022.724 14
1022.796 11
1022.868 12
1022.940 14
1023.012 15
1023.084 23
1023.156 29
1023.228 31
1023.300 31
1023.372 30
1023.444 28
1023.516 26
1023.588 23
1023.660 18
1023.733 19
1023.805 23
1023.877 26
1023.949 32
1024.021 41
1024.093 46
1024.165 51
1024.237 53
1024.309 48
1024.381 45
1024.453 38
1024.526 34
1024.598 34
1024.670 33
1024.742 33
1024.814 39
1024.886 49
1024.958 55
1025.030 60
1025.102 64
1025.175 61
1025.247 60
1025.319 55
1025.391 48
1025.463 44
1025.535 39
1025.607 35
1025.679 36
1025.752 39
1025.824 44
1025.896 50
1025.968 58
1026.040 61
1026.112 67
1026.185 69
1026.257 66
1026.329 64
1026.401 54
1026.473 44
1026.545 36
1026.618 35
1026.690 36
1026.762 42
1026.834 45
1026.906 47
1026.978 50
1027.051 49
1027.123 52
1027.195 44
1027.267 40
1027.339 36
1027.412 30
1027.484 26
1027.556 26
1027.628 26
1027.701 24
1027.773 26
1027.845 29
1027.917 28
1027.989 30
1028.062 34
1028.134 34
1028.206 32
1028.278 30
1028.351 28
1028.423 26
1028.495 26
1028.567 25
1028.640 23
1028.712 22
1028.784 22
1028.856 25
1028.929 28
1029.001 32
1029.073 33
1029.145 30
1029.218 23
1029.290 20
1029.362 20
1029.434 19
1029.507 23
1029.579 27
1029.651 28
1029.724 30
1029.796 30
1029.868 33
1029.940 35
1030.013 34
1030.085 31
1030.157 27
1030.230 27
1030.302 24
1030.374 25
1030.447 26
1030.519 25
1030.591 24
1030.664 27
1030.736 26
1030.808 25
1030.880 23
1030.953 18
1031.025 17
1031.097 19
1031.170 21
1031.242 22
1031.315 24
1031.387 25
1031.459 23
1031.532 20
1031.604 21
1031.676 24
1031.749 31
1031.821 40
1031.893 53
1031.966 60
1032.038 68
1032.110 75
1032.183 76
1032.255 72
1032.328 63
1032.400 53
1032.472 45
1032.545 43
1032.617 39
1032.690 41
1032.762 48
1032.834 53
1032.907 63
1032.979 73
1033.052 82
1033.124 90
1033.196 95
1033.269 93
1033.341 80
1033.414 68
1033.486 55
1033.558 47
1033.631 44
1033.703 41
1033.776 40
1033.848 42
1033.921 50
1033.993 58
1034.065 64
1034.138 62
1034.210 59
1034.283 56
1034.355 53
1034.428 50
1034.500 47
1034.573 46
1034.645 46
1034.718 47
1034.790 47
1034.862 50
1034.935 46
1035.007 49
1035.080 48
1035.152 48
1035.225 45
1035.297 38
1035.370 35
1035.442 34
1035.515 31
1035.587 24
1035.660 28
1035.732 29
1035.805 34
1035.877 39
1035.950 34
1036.022 33
1036.095 33
1036.167 29
1036.240 29
1036.312 27
1036.385 26
1036.457 26
1036.530 27
1036.602 27
1036.675 29
1036.748 27
1036.820 30
1036.893 35
1036.965 41
1037.038 39
1037.110 40
1037.183 40
1037.255 36
1037.328 40
1037.400 36
1037.473 31
1037.546 26
1037.618 27
1037.691 24
1037.763 23
1037.836 24
1037.908 22
1037.981 25
1038.054 24
1038.126 24
1038.199 23
1038.271 21
1038.344 21
1038.417 19
1038.489 18
1038.562 20
1038.634 21
1038.707 26
1038.780 33
1038.852 35
1038.925 42
1038.997 45
1039.070 40
1039.143 34
1039.215 30
1039.288 22
1039.360 20
1039.433 21
1039.506 18
1039.578 20
1039.651 17
1039.724 19
1039.796 22
1039.869 22
1039.942 25
1040.014 25
1040.087 24
1040.160 25
1040.232 26
1040.305 24
1040.378 24
1040.450 23
1040.523 19
1040.596 21
1040.668 21
1040.741 20
1040.814 20
1040.886 24
1040.959 30
1041.032 35
1041.104 37
1041.177 35
1041.250 35
1041.322 38
1041.395 37
1041.468 36
1041.540 34
1041.613 32
1041.686 31
1041.759 34
1041.831 36
1041.904 40
1041.977 44
1042.049 47
1042.122 48
1042.195 47
1042.268 45
1042.340 40
1042.413 33
1042.486 29
1042.559 28
1042.631 28
1042.704 30
1042.777 27
1042.850 30
1042.922 35
1042.995 34
1043.068 37
1043.141 34
1043.213 33
1043.286 33
1043.359 34
1043.432 32
1043.504 27
1043.577 28
1043.650 25
1043.723 23
1043.796 24
1043.868 24
1043.941 25
1044.014 28
1044.087 29
1044.160 29
1044.232 28
1044.305 28
1044.378 24
1044.451 23
1044.524 22
1044.596 20
1044.669 21
1044.742 22
1044.815 19
1044.888 19
1044.960 13
1045.033 11
1045.106 11
1045.179 9
1045.252 11
1045.325 14
1045.397 16
1045.470 19
1045.543 23
1045.616 23
1045.689 19
1045.762 20
1045.835 17
1045.907 19
1045.980 24
1046.053 21
1046.126 21
1046.199 21
1046.272 20
1046.345 22
1046.417 21
1046.490 20
1046.563 22
1046.636 17
1046.709 17
1046.782 17
1046.855 17
1046.928 20
1047.001 20
1047.073 21
1047.146 24
1047.219 24
1047.292 23
1047.365 17
1047.438 15
1047.511 17
1047.584 17
1047.657 19
1047.730 17
1047.803 19
1047.876 20
1047.948 28
1048.021 32
1048.094 31
1048.167 33
1048.240 29
1048.313 27
1048.386 28
1048.459 27
1048.532 26
1048.605 24
1048.678 20
1048.751 20
1048.824 21
1048.897 26
1048.970 35
1049.043 44
1049.116 56
1049.189 60
1049.262 68
1049.335 72
1049.408 68
1049.481 70
1049.554 60
1049.627 49
1049.700 43
1049.773 34
1049.846 34
1049.919 34
1049.992 35
1050.065 36
1050.138 41
1050.211 49
1050.284 47
1050.357 46
1050.430 48
1050.503 46
1050.576 44
1050.649 44
1050.722 42
1050.795 40
1050.868 40
1050.941 37
1051.014 35
1051.087 38
1051.160 39
1051.233 38
1051.306 44
1051.379 48
1051.452 47
1051.525 47
1051.598 39
1051.671 35
1051.744 36
1051.817 34
1051.890 36
1051.964 35
1052.037 35
1052.110 36
1052.183 39
1052.256 39
1052.329 40
1052.402 39
1052.475 30
1052.548 26
1052.621 22
1052.694 20
1052.768 21
1052.841 25
1052.914 26
1052.987 22
1053.060 18
1053.133 18
1053.206 15
1053.279 15
1053.352 18
1053.426 16
1053.499 16
1053.572 18
1053.645 18
1053.718 20
1053.791 20
1053.864 20
1053.937 20
1054.011 22
1054.084 23
1054.157 30
1054.230 32
1054.303 30
1054.376 31
1054.450 27
1054.523 31
1054.596 27
1054.669 28
1054.742 24
1054.815 22
1054.889 25
1054.962 24
1055.035 25
1055.108 23
1055.181 19
1055.254 17
1055.328 19
1055.401 21
1055.474 20
1055.547 22
1055.620 22
1055.694 27
1055.767 33
1055.840 38
1055.913 41
1055.986 39
1056.060 39
1056.133 34
1056.206 33
1056.279 28
1056.353 25
1056.426 26
1056.499 23
1056.572 24
1056.645 29
1056.719 37
1056.792 46
1056.865 54
1056.938 59
1057.012 59
1057.085 66
1057.158 61
1057.231 59
1057.305 57
1057.378 57
1057.451 58
1057.524 54
1057.598 49
1057.671 44
1057.744 38
1057.818 43
1057.891 44
1057.964 47
1058.037 47
1058.111 48
1058.184 46
1058.257 44
1058.331 43
1058.404 45
1058.477 47
1058.550 46
1058.624 44
1058.697 45
1058.770 44
1058.844 42
1058.917 37
1058.990 28
1059.064 28
1059.137 24
1059.210 26
1059.284 29
1059.357 30
1059.430 29
1059.504 26
1059.577 22
1059.650 23
1059.724 20
1059.797 24
1059.870 23
1059.944 23
1060.017 27
1060.090 23
1060.164 21
1060.237 21
1060.310 22
1060.384 19
1060.457 21
1060.531 20
1060.604 17
1060.677 20
1060.751 19
1060.824 21
1060.897 16
1060.971 17
1061.044 16
1061.118 14
1061.191 15
1061.264 16
1061.338 14
1061.411 17
1061.485 14
1061.558 16
1061.631 15
1061.705 14
1061.778 18
1061.852 14
1061.925 17
1061.999 16
1062.072 17
1062.145 14
1062.219 15
1062.292 13
1062.366 13
1062.439 15
1062.513 16
1062.586 17
1062.659 18
1062.733 18
1062.806 17
1062.880 18
1062.953 17
1063.027 19
1063.100 19
1063.174 21
1063.247 22
1063.321 19
1063.394 22
1063.468 20
1063.541 16
1063.614 16
1063.688 13
1063.761 10
1063.835 12
1063.908 14
1063.982 13
1064.055 16
1064.129 17
1064.202 18
1064.276 17
1064.349 23
1064.423 24
1064.496 23
1064.570 22
1064.643 19
1064.717 15
1064.790 17
1064.864 14
1064.938 18
1065.011 20
1065.085 23
1065.158 23
1065.232 19
1065.305 23
1065.379 21
1065.452 22
1065.526 20
1065.599 16
1065.673 18
1065.746 22
1065.820 22
1065.894 23
1065.967 21
1066.041 19
1066.114 22
1066.188 25
1066.261 24
1066.335 23
1066.409 22
1066.482 18
1066.556 13
1066.629 10
1066.703 8
1066.776 9
1066.850 10
1066.924 11
1066.997 13
1067.071 15
1067.144 21
1067.218 22
1067.292 23
1067.365 19
1067.439 17
1067.513 19
1067.586 20
1067.660 16
1067.733 14
1067.807 11
1067.881 12
1067.954 17
1068.028 22
1068.102 26
1068.175 32
1068.249 39
1068.322 38
1068.396 37
1068.470 35
1068.543 29
1068.617 27
1068.691 24
1068.764 21
1068.838 17
1068.912 20
1068.985 22
1069.059 22
1069.133 22
1069.206 21
1069.280 24
1069.354 26
1069.427 28
1069.501 22
1069.575 18
1069.648 14
1069.722 10
1069.796 10
1069.870 9
1069.943 8
1070.017 5
1070.091 5
1070.164 7
1070.238 9
1070.312 12
1070.385 12
1070.459 12
1070.533 14
1070.607 12
1070.680 13
1070.754 12
1070.828 10
1070.902 10
1070.975 7
1071.049 10
1071.123 11
1071.197 13
1071.270 18
1071.344 16
1071.418 15
1071.492 13
1071.565 10
1071.639 10
1071.713 11
1071.787 9
1071.860 12
1071.934 12
1072.008 12
1072.082 11
1072.155 12
1072.229 14
1072.303 15
1072.377 17
1072.451 12
1072.524 10
1072.598 11
1072.672 13
1072.746 15
1072.820 19
1072.893 21
1072.967 25
1073.041 26
1073.115 28
1073.189 27
1073.262 30
1073.336 30
1073.410 28
1073.484 28
1073.558 32
1073.631 32
1073.705 29
1073.779 30
1073.853 25
1073.927 25
1074.001 26
1074.075 26
1074.148 25
1074.222 25
1074.296 25
1074.370 25
1074.444 25
1074.518 24
1074.591 21
1074.665 20
1074.739 22
1074.813 26
1074.887 27
1074.961 29
1075.035 32
1075.109 34
1075.182 37
1075.256 42
1075.330 46
1075.404 43
1075.478 37
1075.552 34
1075.626 27
1075.700 27
1075.774 24
1075.848 23
1075.921 23
1075.995 25
1076.069 27
1076.143 26
1076.217 27
1076.291 27
1076.365 25
1076.439 20
1076.513 16
1076.587 15
1076.661 16
1076.735 16
1076.808 15
1076.882 18
1076.956 18
1077.030 20
1077.104 22
1077.178 20
1077.252 18
1077.326 17
1077.400 17
1077.474 11
1077.548 10
1077.622 10
1077.696 9
1077.770 13
1077.844 17
1077.918 17
1077.992 15
1078.066 13
1078.140 11
1078.214 11
1078.288 11
1078.362 14
1078.436 14
1078.510 16
1078.584 20
1078.658 25
1078.732 24
1078.806 24
1078.880 24
1078.954 21
1079.028 22
1079.102 22
1079.176 19
1079.250 19
1079.324 19
1079.398 22
1079.472 26
1079.546 26
1079.620 27
1079.694 27
1079.768 32
1079.842 44
1079.916 57
1079.990 65
1080.064 74
1080.138 71
1080.212 63
1080.286 57
1080.361 47
1080.435 39
1080.509 32
1080.583 31
1080.657 32
1080.731 36
1080.805 48
1080.879 57
1080.953 65
1081.027 76
1081.101 76
1081.175 80
1081.249 86
1081.324 80
1081.398 70
1081.472 60
1081.546 46
1081.620 42
1081.694 40
1081.768 43
1081.842 47
1081.916 47
1081.991 51
1082.065 51
1082.139 54
1082.213 53
1082.287 53
1082.361 50
1082.435 46
1082.509 44
1082.584 40
1082.658 35
1082.732 30
1082.806 32
1082.880 30
1082.954 29
1083.028 26
1083.103 28
1083.177 28
1083.251 29
1083.325 31
1083.399 25
1083.473 22
1083.548 20
1083.622 17
1083.696 17
1083.770 15
1083.844 14
1083.918 11
1083.993 15
1084.067 18
1084.141 19
1084.215 21
1084.289 20
1084.364 22
1084.438 21
1084.512 18
1084.586 19
1084.660 19
1084.735 17
1084.809 12
1084.883 10
1084.957 8
1085.032 11
1085.106 16
1085.180 22
1085.254 23
1085.328 22
1085.403 23
1085.477 22
1085.551 23
1085.625 26
1085.700 28
1085.774 26
1085.848 27
1085.922 27
1085.997 26
1086.071 26
1086.145 23
1086.219 20
1086.294 18
1086.368 13
1086.442 11
1086.517 16
1086.591 14
1086.665 12
1086.739 11
1086.814 7
1086.888 11
1086.962 9
1087.037 13
1087.111 15
1087.185 18
1087.259 21
1087.334 22
1087.408 18
1087.482 13
1087.557 15
1087.631 13
1087.705 14
1087.780 16
1087.854 16
1087.928 14
1088.003 14
1088.077 16
1088.151 19
1088.226 20
1088.300 21
1088.374 23
1088.449 17
1088.523 21
1088.597 17
1088.672 14
1088.746 14
1088.820 12
1088.895 11
1088.969 15
1089.043 21
1089.118 22
1089.192 25
1089.267 29
1089.341 28
1089.415 27
1089.490 26
1089.564 26
1089.638 25
1089.713 24
1089.787 24
1089.862 25
1089.936 28
1090.010 28
1090.085 29
1090.159 32
1090.234 29
1090.308 32
1090.382 31
1090.457 28
1090.531 24
1090.606 21
1090.680 22
1090.754 19
1090.829 19
1090.903 20
1090.978 19
1091.052 16
1091.127 14
1091.201 15
1091.275 13
1091.350 11
1091.424 13
1091.499 13
1091.573 14
1091.648 17
1091.722 23
1091.797 24
1091.871 23
1091.946 26
1092.020 23
1092.094 23
1092.169 25
1092.243 26
1092.318 28
1092.392 29
1092.467 29
1092.541 26
1092.616 21
1092.690 26
1092.765 28
1092.839 28
1092.914 24
1092.988 20
1093.063 21
1093.137 23
1093.212 24
1093.286 20
1093.361 18
1093.435 17
1093.510 17
1093.584 16
1093.659 16
1093.733 14
1093.808 14
1093.882 14
1093.957 15
1094.031 17
1094.106 16
1094.181 17
1094.255 18
1094.330 19
1094.404 20
1094.479 20
1094.553 16
1094.628 13
1094.702 12
1094.777 9
1094.852 9
1094.926 10
1095.001 9
1095.075 11
1095.150 11
1095.224 10
1095.299 13
1095.374 12
1095.448 16
1095.523 17
1095.597 17
1095.672 17
1095.746 15
1095.821 14
1095.896 12
1095.970 14
1096.045 15
1096.119 13
1096.194 15
1096.269 12
1096.343 12
1096.418 8
1096.493 8
1096.567 10
1096.642 9
1096.716 11
1096.791 17
1096.866 17
1096.940 17
1097.015 20
1097.090 22
1097.164 26
1097.239 29
1097.313 34
1097.388 35
1097.463 32
1097.537 31
1097.612 26
1097.687 21
1097.761 22
1097.836 26
1097.911 24
1097.985 27
1098.060 29
1098.135 25
1098.209 27
1098.284 24
1098.359 26
1098.433 27
1098.508 28
1098.583 23
1098.658 20
1098.732 15
1098.807 13
1098.882 10
1098.956 8
1099.031 7
1099.106 8
1099.180 8
1099.255 10
1099.330 9
1099.405 9
1099.479 11
1099.554 10
1099.629 11
1099.704 13
1099.778 14
1099.853 12
1099.928 11
1100.002 11
1100.077 6
1100.152 7
1100.227 7
1100.301 6
1100.376 9
1100.451 8
1100.526 8
1100.600 9
1100.675 10
1100.750 10
1100.825 10
1100.900 8
1100.974 10
1101.049 10
1101.124 10
1101.199 10
1101.273 11
1101.348 11
1101.423 11
1101.498 9
1101.573 6
1101.647 10
1101.722 11
1101.797 15
1101.872 16
1101.947 13
1102.021 15
1102.096 14
1102.171 14
1102.246 14
1102.321 17
1102.395 17
1102.470 19
1102.545 20
1102.620 15
1102.695 14
1102.770 14
1102.844 15
1102.919 15
1102.994 15
1103.069 14
1103.144 11
1103.219 12
1103.294 10
1103.368 11
1103.443 12
1103.518 12
1103.593 15
1103.668 21
1103.743 31
1103.818 40
1103.892 52
1103.967 62
1104.042 71
1104.117 76
1104.192 80
1104.267 64
1104.342 51
1104.417 39
1104.491 31
1104.566 37
1104.641 39
1104.716 42
1104.791 50
1104.866 58
1104.941 68
1105.016 75
1105.091 82
1105.166 84
1105.241 81
1105.315 82
1105.390 77
1105.465 75
1105.540 69
1105.615 64
1105.690 65
1105.765 68
1105.840 72
1105.915 71
1105.990 73
1106.065 66
1106.140 56
1106.215 48
1106.290 39
1106.365 34
1106.440 33
1106.515 33
1106.590 31
1106.665 28
1106.739 22
1106.814 23
1106.889 25
1106.964 22
1107.039 24
1107.114 22
1107.189 18
1107.264 18
1107.339 15
1107.414 15
1107.489 14
1107.564 16
1107.639 19
1107.714 21
1107.789 20
1107.864 19
1107.939 20
1108.014 18
1108.089 15
1108.164 11
1108.239 11
1108.314 12
1108.389 12
1108.464 13
1108.540 13
1108.615 15
1108.690 15
1108.765 19
1108.840 17
1108.915 16
1108.990 13
1109.065 12
1109.140 14
1109.215 20
1109.290 25
1109.365 26
1109.440 29
1109.515 24
1109.590 20
1109.665 22
1109.740 18
1109.815 16
1109.891 14
1109.966 10
1110.041 7
1110.116 7
1110.191 4
1110.266 8
1110.341 10
1110.416 9
1110.491 9
1110.566 7
1110.641 6
1110.717 9
1110.792 10
1110.867 13
1110.942 20
1111.017 21
1111.092 21
1111.167 19
1111.242 16
1111.317 17
1111.393 19
1111.468 23
1111.543 19
1111.618 15
1111.693 10
1111.768 6
1111.843 7
1111.919 7
1111.994 8
1112.069 10
1112.144 12
1112.219 13
1112.294 16
1112.370 11
1112.445 10
1112.520 10
1112.595 9
1112.670 9
1112.745 11
1112.821 13
1112.896 16
1112.971 17
1113.046 14
1113.121 12
1113.196 14
1113.272 11
1113.347 13
1113.422 13
1113.497 8
1113.572 10
1113.648 8
1113.723 12
1113.798 16
1113.873 14
1113.949 17
1114.024 19
1114.099 16
1114.174 18
1114.249 17
1114.325 12
1114.400 13
1114.475 15
1114.550 11
1114.626 11
1114.701 13
1114.776 11
1114.851 11
1114.927 12
1115.002 13
1115.077 11
1115.152 9
1115.228 7
1115.303 5
1115.378 3
1115.453 4
1115.529 6
1115.604 5
1115.679 6
1115.754 8
1115.830 12
1115.905 19
1115.980 24
1116.056 27
1116.131 26
1116.206 29
1116.282 32
1116.357 27
1116.432 24
1116.507 22
1116.583 17
1116.658 21
1116.733 22
1116.809 19
1116.884 19
1116.959 16
1117.035 16
1117.110 14
1117.185 13
1117.261 9
1117.336 8
1117.411 9
1117.487 5
1117.562 8
1117.637 8
1117.713 11
1117.788 12
1117.863 10
1117.939 9
1118.014 7
1118.089 6
1118.165 4
1118.240 4
1118.315 6
1118.391 6
1118.466 9
1118.542 10
1118.617 8
1118.692 11
1118.768 13
1118.843 14
1118.918 16
1118.994 16
1119.069 13
1119.145 12
1119.220 9
1119.295 9
1119.371 14
1119.446 14
1119.522 11
1119.597 11
1119.672 7
1119.748 8
1119.823 9
1119.899 9
1119.974 9
1120.050 10
1120.125 10
1120.200 10
1120.276 9
1120.351 11
1120.427 11
1120.502 14
1120.578 14
1120.653 11
1120.729 11
1120.804 5
1120.879 5
1120.955 5
1121.030 4
1121.106 6
1121.181 6
1121.257 6
1121.332 4
1121.408 5
1121.483 5
1121.559 5
1121.634 5
1121.710 9
1121.785 11
1121.861 13
1121.936 14
1122.012 10
1122.087 11
1122.162 9
1122.238 9
1122.313 5
1122.389 3
1122.465 5
1122.540 7
1122.616 7
1122.691 6
1122.767 5
1122.842 5
1122.918 7
1122.993 9
1123.069 8
1123.144 5
1123.220 7
1123.295 9
1123.371 10
1123.446 12
1123.522 13
1123.597 11
1123.673 11
1123.749 13
1123.824 13
1123.900 12
1123.975 13
1124.051 15
1124.126 12
1124.202 12
1124.277 11
1124.353 9
1124.429 13
1124.504 12
1124.580 14
1124.655 13
1124.731 15
1124.806 13
1124.882 11
1124.958 9
1125.033 3
1125.109 3
1125.184 0
1125.260 1
1125.336 4
1125.411 4
1125.487 5
1125.562 7
1125.638 12
1125.714 12
1125.789 11
1125.865 12
1125.941 11
1126.016 11
1126.092 12
1126.167 11
1126.243 9
1126.319 7
1126.394 6
1126.470 5
1126.546 5
1126.621 5
1126.697 3
1126.773 3
1126.848 3
1126.924 4
1127.000 5
1127.075 9
1127.151 8
1127.227 8
1127.302 11
1127.378 6
1127.454 9
1127.529 17
1127.605 26
1127.681 37
1127.756 64
1127.832 90
1127.908 111
1127.983 130
1128.059 132
1128.135 126
1128.211 111
1128.286 95
1128.362 82
1128.438 69
1128.513 63
1128.589 58
1128.665 65
1128.740 76
1128.816 82
1128.892 90
1128.968 89
1129.043 83
1129.119 84
1129.195 78
1129.271 68
1129.346 61
1129.422 55
1129.498 53
1129.574 52
1129.649 56
1129.725 57
1129.801 62
1129.877 73
1129.952 76
1130.028 80
1130.104 80
1130.180 69
1130.255 58
1130.331 45
1130.407 37
1130.483 28
1130.559 24
1130.634 23
1130.710 22
1130.786 26
1130.862 28
1130.937 28
1131.013 34
1131.089 34
1131.165 28
1131.241 28
1131.316 28
1131.392 24
1131.468 20
1131.544 17
1131.620 15
1131.696 11
1131.771 11
1131.847 12
1131.923 11
1131.999 12
1132.075 13
1132.151 13
1132.226 16
1132.302 19
1132.378 22
1132.454 22
1132.530 18
1132.606 23
1132.681 22
1132.757 24
1132.833 28
1132.909 25
1132.985 26
1133.061 26
1133.137 31
1133.212 25
1133.288 22
1133.364 21
1133.440 14
1133.516 16
1133.592 15
1133.668 16
1133.744 18
1133.820 16
1133.895 16
1133.971 18
1134.047 20
1134.123 23
1134.199 25
1134.275 21
1134.351 15
1134.427 16
1134.503 11
1134.579 11
1134.655 10
1134.730 12
1134.806 16
1134.882 17
1134.958 21
1135.034 22
1135.110 15
1135.186 13
1135.262 12
1135.338 9
1135.414 7
1135.490 7
1135.566 6
1135.642 5
1135.718 5
1135.794 5
1135.870 8
1135.946 9
1136.022 8
1136.097 8
1136.173 6
1136.249 6
1136.325 6
1136.401 5
1136.477 10
1136.553 10
1136.629 10
1136.705 11
1136.781 6
1136.857 7
1136.933 9
1137.009 9
1137.085 6
1137.161 6
1137.237 4
1137.313 3
1137.389 6
1137.465 8
1137.541 10
1137.617 12
1137.693 12
1137.769 15
1137.845 16
1137.922 17
1137.998 18
1138.074 18
1138.150 16
1138.226 15
1138.302 11
1138.378 7
1138.454 8
1138.530 11
1138.606 10
1138.682 8
1138.758 7
1138.834 3
1138.910 1
1138.986 0
1139.062 0
1139.138 0
1139.214 2
1139.290 6
1139.367 6
1139.443 8
1139.519 7
1139.595 7
1139.671 8
1139.747 7
1139.823 7
1139.899 8
1139.975 7
1140.051 6
1140.128 7
1140.204 4
1140.280 5
1140.356 5
1140.432 3
1140.508 2
1140.584 2
1140.660 4
1140.736 5
1140.813 6
1140.889 9
1140.965 8
1141.041 6
1141.117 8
1141.193 5
1141.269 7
1141.346 6
1141.422 5
1141.498 5
1141.574 3
1141.650 2
1141.726 0
1141.802 1
1141.879 3
1141.955 4
1142.031 6
1142.107 6
1142.183 5
1142.259 5
1142.336 4
1142.412 7
1142.488 8
1142.564 9
1142.640 10
1142.717 9
1142.793 10
1142.869 11
1142.945 10
1143.021 8
1143.098 5
1143.174 6
1143.250 6
1143.326 6
1143.402 4
1143.479 4
1143.555 4
1143.631 6
1143.707 6
1143.784 8
1143.860 12
1143.936 18
1144.012 21
1144.088 29
1144.165 29
1144.241 30
1144.317 28
1144.393 22
1144.470 20
1144.546 18
1144.622 18
1144.698 16
1144.775 12
1144.851 13
1144.927 12
1145.004 9
1145.080 8
1145.156 10
1145.232 10
1145.309 7
1145.385 11
1145.461 10
1145.538 13
1145.614 15
1145.690 16
1145.766 17
1145.843 18
1145.919 18
1145.995 17
1146.072 20
1146.148 18
1146.224 16
1146.301 14
1146.377 9
1146.453 9
1146.529 9
1146.606 7
1146.682 2
1146.758 2
1146.835 2
1146.911 3
1146.987 8
1147.064 12
1147.140 16
1147.216 22
1147.293 22
1147.369 20
1147.446 17
1147.522 13
1147.598 13
1147.675 11
1147.751 10
1147.827 9
1147.904 7
1147.980 7
1148.056 5
1148.133 10
1148.209 8
1148.286 9
1148.362 8
1148.438 9
1148.515 14
1148.591 15
1148.667 14
1148.744 14
1148.820 13
1148.897 10
1148.973 9
1149.049 6
1149.126 4
1149.202 5
1149.279 6
1149.355 6
1149.432 6
1149.508 5
1149.584 6
1149.661 4
1149.737 4
1149.814 5
1149.890 4
1149.967 3
1150.043 5
1150.119 6
1150.196 9
1150.272 11
1150.349 8
1150.425 8
1150.502 7
1150.578 5
1150.655 7
1150.731 7
1150.808 6
1150.884 6
1150.960 5
1151.037 6
1151.113 11
1151.190 12
1151.266 11
1151.343 12
1151.419 13
1151.496 15
1151.572 27
1151.649 39
1151.725 50
1151.802 75
1151.878 93
1151.955 103
1152.031 117
1152.108 116
1152.184 101
1152.261 90
1152.337 80
1152.414 73
1152.490 71
1152.567 81
1152.643 91
1152.720 117
1152.797 148
1152.873 172
1152.950 192
1153.026 187
1153.103 173
1153.179 152
1153.256 130
1153.332 109
1153.409 94
1153.485 84
1153.562 77
1153.639 84
1153.715 99
1153.792 117
1153.868 135
1153.945 139
1154.021 133
1154.098 118
1154.175 102
1154.251 90
1154.328 74
1154.404 63
1154.481 51
1154.557 45
1154.634 47
1154.711 47
1154.787 47
1154.864 53
1154.940 58
1155.017 60
1155.094 62
1155.170 59
1155.247 53
1155.323 45
1155.400 37
1155.477 29
1155.553 27
1155.630 28
1155.707 29
1155.783 26
1155.860 26
1155.936 27
1156.013 28
1156.090 30
1156.166 29
1156.243 28
1156.320 25
1156.396 22
1156.473 22
1156.550 20
1156.626 16
1156.703 15
1156.780 13
1156.856 12
1156.933 11
1157.010 7
1157.086 8
1157.163 8
1157.240 12
1157.316 11
1157.393 13
1157.470 13
1157.546 12
1157.623 13
1157.700 12
1157.777 13
1157.853 14
1157.930 16
1158.007 15
1158.083 16
1158.160 16
1158.237 20
1158.314 18
1158.390 16
1158.467 16
1158.544 14
1158.620 14
1158.697 14
1158.774 13
1158.851 13
1158.927 15
1159.004 16
1159.081 19
1159.158 13
1159.234 18
1159.311 18
1159.388 15
1159.465 13
1159.541 10
1159.618 10
1159.695 10
1159.772 12
1159.848 10
1159.925 11
1160.002 8
1160.079 7
1160.155 10
1160.232 9
1160.309 10
1160.386 12
1160.463 10
1160.539 10
1160.616 10
1160.693 9
1160.770 10
1160.847 11
1160.923 12
1161.000 12
1161.077 11
1161.154 11
1161.231 12
1161.307 11
1161.384 9
1161.461 8
1161.538 4
1161.615 8
1161.692 9
1161.768 9
1161.845 9
1161.922 10
1161.999 10
1162.076 11
1162.153 12
1162.229 10
1162.306 9
1162.383 8
1162.460 10
1162.537 12
1162.614 13
1162.691 14
1162.767 15
1162.844 15
1162.921 13
1162.998 11
1163.075 8
1163.152 9
1163.229 9
1163.306 9
1163.382 10
1163.459 9
1163.536 10
1163.613 10
1163.690 7
1163.767 10
1163.844 11
1163.921 12
1163.998 13
1164.075 10
1164.151 8
1164.228 6
1164.305 3
1164.382 7
1164.459 6
1164.536 8
1164.613 7
1164.690 3
1164.767 4
1164.844 4
1164.921 9
1164.998 13
1165.075 14
1165.152 17
1165.228 17
1165.305 14
1165.382 12
1165.459 9
1165.536 6
1165.613 9
1165.690 9
1165.767 11
1165.844 9
1165.921 11
1165.998 10
1166.075 9
1166.152 8
1166.229 5
1166.306 4
1166.383 4
1166.460 3
1166.537 2
1166.614 2
1166.691 5
1166.768 5
1166.845 5
1166.922 7
1166.999 10
1167.076 12
1167.153 10
1167.230 7
1167.307 5
1167.384 6
1167.461 6
1167.538 6
1167.615 4
1167.692 7
1167.769 7
1167.846 9
1167.923 10
1168.000 11
1168.077 12
1168.154 12
1168.231 11
1168.308 7
1168.386 8
1168.463 8
1168.540 8
1168.617 8
1168.694 9
1168.771 9
1168.848 13
1168.925 18
1169.002 22
1169.079 29
1169.156 32
1169.233 34
1169.310 30
1169.387 25
1169.465 22
1169.542 20
1169.619 25
1169.696 26
1169.773 28
1169.850 28
1169.927 34
1170.004 34
1170.081 33
1170.158 28
1170.236 25
1170.313 24
1170.390 21
1170.467 20
1170.544 12
1170.621 11
1170.698 13
1170.775 15
1170.853 13
1170.930 16
1171.007 16
1171.084 20
1171.161 24
1171.238 25
1171.315 25
1171.393 22
1171.470 19
1171.547 15
1171.624 14
1171.701 13
1171.778 10
1171.856 12
1171.933 15
1172.010 15
1172.087 12
1172.164 10
1172.241 8
1172.319 9
1172.396 10
1172.473 10
1172.550 10
1172.627 8
1172.705 9
1172.782 9
1172.859 11
1172.936 15
1173.013 13
1173.091 14
1173.168 12
1173.245 15
1173.322 14
1173.399 10
1173.477 12
1173.554 11
1173.631 10
1173.708 12
1173.786 9
1173.863 7
1173.940 4
1174.017 2
1174.095 2
1174.172 1
1174.249 2
1174.326 1
1174.404 2
1174.481 3
1174.558 7
1174.635 9
1174.713 9
1174.790 10
1174.867 9
1174.944 9
1175.022 9
1175.099 11
1175.176 10
1175.254 10
1175.331 11
1175.408 12
1175.485 12
1175.563 16
1175.640 16
1175.717 14
1175.795 18
1175.872 19
1175.949 18
1176.026 18
1176.104 17
1176.181 16
1176.258 17
1176.336 13
1176.413 10
1176.490 9
1176.568 9
1176.645 15
1176.722 16
1176.800 21
1176.877 24
1176.954 25
1177.032 28
1177.109 24
1177.186 24
1177.264 22
1177.341 20
1177.418 21
1177.496 21
1177.573 18
1177.651 16
1177.728 14
1177.805 13
1177.883 11
1177.960 15
1178.037 14
1178.115 14
1178.192 17
1178.270 16
1178.347 16
1178.424 17
1178.502 16
1178.579 17
1178.656 18
1178.734 17
1178.811 15
1178.889 15
1178.966 15
1179.043 16
1179.121 20
1179.198 22
1179.276 23
1179.353 24
1179.431 26
1179.508 22
1179.585 21
1179.663 18
1179.740 14
1179.818 15
1179.895 13
1179.973 13
1180.050 12
1180.127 10
1180.205 10
1180.282 10
1180.360 7
1180.437 9
1180.515 9
1180.592 9
1180.670 10
1180.747 6
1180.825 8
1180.902 8
1180.979 7
1181.057 9
1181.134 9
1181.212 11
1181.289 10
1181.367 7
1181.444 5
1181.522 4
1181.599 3
1181.677 1
1181.754 1
1181.832 0
1181.909 0
1181.987 3
1182.064 3
1182.142 3
1182.219 3
1182.297 2
1182.374 3
1182.452 4
1182.529 5
1182.607 6
1182.685 6
1182.762 6
1182.840 6
1182.917 8
1182.995 8
1183.072 8
1183.150 5
1183.227 6
1183.305 6
1183.382 7
1183.460 7
1183.537 10
1183.615 12
1183.693 11
1183.770 11
1183.848 8
1183.925 6
1184.003 7
1184.080 9
1184.158 9
1184.236 9
1184.313 12
1184.391 9
1184.468 7
1184.546 7
1184.624 5
1184.701 7
1184.779 7
1184.856 7
1184.934 5
1185.012 4
1185.089 5
1185.167 6
1185.244 7
1185.322 10
1185.400 7
1185.477 7
1185.555 7
1185.632 5
1185.710 5
1185.788 4
1185.865 3
1185.943 2
1186.021 1
1186.098 2
1186.176 4
1186.254 4
1186.331 8
1186.409 9
1186.487 9
1186.564 9
1186.642 7
1186.720 8
1186.797 7
1186.875 8
1186.953 8
1187.030 6
1187.108 6
1187.186 6
1187.263 5
1187.341 5
1187.419 5
1187.496 6
1187.574 7
1187.652 8
1187.729 9
1187.807 10
1187.885 8
1187.962 11
1188.040 12
1188.118 11
1188.196 10
1188.273 13
1188.351 12
1188.429 12
1188.506 11
1188.584 7
1188.662 8
1188.740 4
1188.817 4
1188.895 2
1188.973 1
1189.051 0
1189.128 0
1189.206 0
1189.284 0
1189.362 0
1189.439 0
1189.517 1
1189.595 1
1189.673 3
1189.750 3
1189.828 4
1189.906 7
1189.984 12
1190.061 13
1190.139 11
1190.217 8
1190.295 6
1190.373 8
1190.450 7
1190.528 6
1190.606 4
1190.684 4
1190.761 6
1190.839 7
1190.917 8
1190.995 11
1191.073 11
1191.150 10
1191.228 11
1191.306 10
1191.384 9
1191.462 11
1191.540 11
1191.617 6
1191.695 5
1191.773 5
1191.851 7
1191.929 9
1192.007 12
1192.084 12
1192.162 13
1192.240 16
1192.318 11
1192.396 9
1192.474 6
1192.551 4
1192.629 5
1192.707 3
1192.785 6
1192.863 6
1192.941 6
1193.019 7
1193.097 8
1193.174 7
1193.252 7
1193.330 8
1193.408 5
1193.486 6
1193.564 6
1193.642 5
1193.720 5
1193.797 7
1193.875 7
1193.953 8
1194.031 9
1194.109 5
1194.187 8
1194.265 10
1194.343 12
1194.421 15
1194.499 12
1194.577 10
1194.655 12
1194.732 11
1194.810 14
1194.888 17
1194.966 15
1195.044 14
1195.122 15
1195.200 11
1195.278 14
1195.356 15
1195.434 12
1195.512 9
1195.590 4
1195.668 2
1195.746 5
1195.824 7
1195.902 10
1195.980 12
1196.058 13
1196.136 13
1196.214 13
1196.292 10
1196.369 8
1196.447 9
1196.525 12
1196.603 13
1196.681 13
1196.759 13
1196.837 9
1196.915 7
1196.993 9
1197.071 8
1197.149 4
1197.227 2
1197.305 0
1197.383 0
1197.461 3
1197.540 8
1197.618 8
1197.696 8
1197.774 6
1197.852 4
1197.930 5
1198.008 6
1198.086 8
1198.164 11
1198.242 14
1198.320 13
1198.398 14
1198.476 13
1198.554 10
1198.632 10
1198.710 10
1198.788 9
1198.866 10
1198.944 12
1199.022 10
1199.100 12
1199.179 11
1199.257 9
1199.335 12
1199.413 7
1199.491 8
1199.569 9
1199.647 9
1199.725 14
1199.803 16
1199.881 19
1199.959 24
1200.037 22
1200.116 21
1200.194 23
1200.272 19
1200.350 16
1200.428 17
1200.506 16
1200.584 13
1200.662 13
1200.741 16
1200.819 15
1200.897 17
1200.975 22
1201.053 21
1201.131 20
1201.209 16
1201.287 11
1201.366 10
1201.444 12
1201.522 13
1201.600 12
1201.678 13
1201.756 12
1201.835 13
1201.913 16
1201.991 17
1202.069 17
1202.147 20
1202.225 23
1202.304 18
1202.382 16
1202.460 15
1202.538 14
1202.616 13
1202.694 14
1202.773 10
1202.851 7
1202.929 8
1203.007 10
1203.085 9
1203.164 12
1203.242 12
1203.320 12
1203.398 11
1203.476 11
1203.555 12
1203.633 12
1203.711 13
1203.789 16
1203.868 15
1203.946 12
1204.024 11
1204.102 10
1204.181 9
1204.259 8
1204.337 6
1204.415 6
1204.494 6
1204.572 6
1204.650 6
1204.728 8
1204.807 9
1204.885 11
1204.963 12
1205.041 12
1205.120 12
1205.198 11
1205.276 13
1205.354 12
1205.433 11
1205.511 10
1205.589 7
1205.668 4
1205.746 4
1205.824 4
1205.902 1
1205.981 4
1206.059 6
1206.137 7
1206.216 8
1206.294 5
1206.372 3
1206.451 2
1206.529 2
1206.607 2
1206.685 2
1206.764 3
1206.842 2
1206.920 6
1206.999 9
1207.077 9
1207.155 9
1207.234 8
1207.312 7
1207.390 8
1207.469 11
1207.547 11
1207.626 9
1207.704 9
1207.782 7
1207.861 6
1207.939 7
1208.017 7
1208.096 8
1208.174 10
1208.252 7
1208.331 7
1208.409 6
1208.488 1
1208.566 1
1208.644 1
1208.723 1
1208.801 0
1208.879 0
1208.958 0
1209.036 0
1209.115 1
1209.193 1
1209.271 1
1209.350 3
1209.428 4
1209.507 4
1209.585 4
1209.664 3
1209.742 7
1209.820 7
1209.899 7
1209.977 7
1210.056 1
1210.134 1
1210.213 1
1210.291 4
1210.369 4
1210.448 5
1210.526 7
1210.605 7
1210.683 8
1210.762 8
1210.840 6
1210.919 5
1210.997 4
1211.076 3
1211.154 3
1211.232 1
1211.311 1
1211.389 2
1211.468 4
1211.546 6
1211.625 8
1211.703 8
1211.782 9
1211.860 8
1211.939 5
1212.017 5
1212.096 3
1212.174 3
1212.253 4
1212.331 5
1212.410 6
1212.488 7
1212.567 5
1212.645 6
1212.724 7
1212.802 6
1212.881 7
1212.959 13
1213.038 13
1213.116 10
1213.195 10
1213.274 3
1213.352 2
1213.431 1
1213.509 1
1213.588 1
1213.666 3
1213.745 3
1213.823 4
1213.902 4
1213.980 4
1214.059 6
1214.138 7
1214.216 7
1214.295 5
1214.373 4
1214.452 7
1214.530 7
1214.609 7
1214.688 9
1214.766 8
1214.845 7
1214.923 8
1215.002 8
1215.081 7
1215.159 8
1215.238 9
1215.316 6
1215.395 6
1215.474 8
1215.552 8
1215.631 7
1215.709 10
1215.788 8
1215.867 6
1215.945 8
1216.024 8
1216.103 8
1216.181 8
1216.260 7
1216.338 7
1216.417 7
1216.496 7
1216.574 8
1216.653 6
1216.732 6
1216.810 6
1216.889 2
1216.968 5
1217.046 5
1217.125 8
1217.204 11
1217.282 8
1217.361 10
1217.440 7
1217.518 5
1217.597 6
1217.676 4
1217.754 4
1217.833 4
1217.912 4
1217.990 6
1218.069 11
1218.148 13
1218.226 13
1218.305 12
1218.384 9
1218.463 6
1218.541 5
1218.620 5
1218.699 4
1218.777 4
1218.856 4
1218.935 4
1219.014 4
1219.092 6
1219.171 7
1219.250 6
1219.329 5
1219.407 2
1219.486 1
1219.565 2
1219.643 2
1219.722 2
1219.801 1
1219.880 0
1219.958 0
1220.037 1
1220.116 2
1220.195 6
1220.274 6
1220.352 5
1220.431 7
1220.510 4
1220.589 4
1220.667 4
1220.746 4
1220.825 3
1220.904 3
1220.983 3
1221.061 0
1221.140 0
1221.219 0
1221.298 0
1221.376 2
1221.455 3
1221.534 6
1221.613 7
1221.692 12
1221.771 11
1221.849 8
1221.928 7
1222.007 7
1222.086 6
1222.165 6
1222.243 5
1222.322 4
1222.401 4
1222.480 7
1222.559 9
1222.638 7
1222.717 7
1222.795 7
1222.874 11
1222.953 11
1223.032 10
1223.111 11
1223.190 7
1223.268 5
1223.347 5
1223.426 3
1223.505 4
1223.584 6
1223.663 7
1223.742 9
1223.821 11
1223.899 13
1223.978 16
1224.057 19
1224.136 21
1224.215 23
1224.294 22
1224.373 20
1224.452 19
1224.531 15
1224.610 15
1224.688 15
1224.767 13
1224.846 11
1224.925 11
1225.004 11
1225.083 9
1225.162 9
1225.241 11
1225.320 11
1225.399 11
1225.478 7
1225.557 5
1225.636 6
1225.714 7
1225.793 10
1225.872 15
1225.951 16
1226.030 19
1226.109 20
1226.188 20
1226.267 17
1226.346 13
1226.425 10
1226.504 6
1226.583 6
1226.662 5
1226.741 5
1226.820 6
1226.899 6
1226.978 8
1227.057 7
1227.136 8
1227.215 8
1227.294 10
1227.373 8
1227.452 5
1227.531 5
1227.610 4
1227.689 7
1227.768 6
1227.847 8
1227.926 7
1228.005 9
1228.084 10
1228.163 11
1228.242 12
1228.321 14
1228.400 16
1228.479 16
1228.558 17
1228.637 16
1228.716 16
1228.795 13
1228.874 12
1228.953 6
1229.032 4
1229.111 4
1229.190 4
1229.270 4
1229.349 4
1229.428 4
1229.507 2
1229.586 2
1229.665 5
1229.744 5
1229.823 6
1229.902 7
1229.981 6
1230.060 7
1230.139 8
1230.218 11
1230.298 9
1230.377 10
1230.456 11
1230.535 14
1230.614 13
1230.693 11
1230.772 8
1230.851 5
1230.930 5
1231.009 5
1231.089 5
1231.168 2
1231.247 3
1231.326 4
1231.405 6
1231.484 7
1231.563 7
1231.642 7
1231.722 6
1231.801 5
1231.880 5
1231.959 5
1232.038 5
1232.117 4
1232.196 4
1232.276 4
1232.355 3
1232.434 3
1232.513 3
1232.592 3
1232.671 7
1232.751 10
1232.830 11
1232.909 10
1232.988 6
1233.067 4
1233.147 2
1233.226 2
1233.305 1
1233.384 1
1233.463 2
1233.542 2
1233.622 2
1233.701 6
1233.780 5
1233.859 6
1233.939 8
1234.018 4
1234.097 6
1234.176 7
1234.255 9
1234.335 12
1234.414 11
1234.493 11
1234.572 10
1234.652 11
1234.731 11
1234.810 8
1234.889 6
1234.968 5
1235.048 4
1235.127 5
1235.206 5
1235.285 5
1235.365 7
1235.444 6
1235.523 4
1235.603 4
1235.682 3
1235.761 6
1235.840 8
1235.920 8
1235.999 7
1236.078 5
1236.157 5
1236.237 7
1236.316 7
1236.395 9
1236.475 9
1236.554 7
1236.633 7
1236.712 5
1236.792 4
1236.871 5
1236.950 6
1237.030 7
1237.109 8
1237.188 7
1237.268 7
1237.347 7
1237.426 7
1237.506 7
1237.585 7
1237.664 10
1237.744 8
1237.823 8
1237.902 8
1237.982 8
1238.061 6
1238.140 6
1238.220 7
1238.299 5
1238.378 6
1238.458 10
1238.537 9
1238.616 8
1238.696 7
1238.775 4
1238.855 4
1238.934 4
1239.013 5
1239.093 2
1239.172 3
1239.251 4
1239.331 7
1239.410 8
1239.490 8
1239.569 8
1239.648 10
1239.728 11
1239.807 11
1239.887 11
1239.966 11
1240.045 7
1240.125 6
1240.204 5
1240.284 3
1240.363 5
1240.442 7
1240.522 8
1240.601 10
1240.681 10
1240.760 9
1240.840 9
1240.919 8
1240.998 8
1241.078 8
1241.157 9
1241.237 12
1241.316 9
1241.396 12
1241.475 12
1241.555 13
1241.634 13
1241.714 11
1241.793 10
1241.872 11
1241.952 9
1242.031 11
1242.111 14
1242.190 12
1242.270 11
1242.349 9
1242.429 6
1242.508 7
1242.588 7
1242.667 6
1242.747 6
1242.826 6
1242.906 7
1242.985 6
1243.065 4
1243.144 3
1243.224 8
1243.303 7
1243.383 7
1243.462 9
1243.542 6
1243.621 6
1243.701 6
1243.780 4
1243.860 4
1243.940 4
1244.019 4
1244.099 6
1244.178 7
1244.258 8
1244.337 10
1244.417 7
1244.496 3
1244.576 2
1244.655 3
1244.735 3
1244.815 6
1244.894 9
1244.974 6
1245.053 6
1245.133 4
1245.212 3
1245.292 4
1245.372 5
1245.451 9
1245.531 8
1245.610 8
1245.690 10
1245.769 7
1245.849 7
1245.929 8
1246.008 13
1246.088 11
1246.167 11
1246.247 10
1246.327 5
1246.406 4
1246.486 4
1246.566 4
1246.645 2
1246.725 5
1246.804 5
1246.884 5
1246.964 5
1247.043 11
1247.123 9
1247.203 7
1247.282 5
1247.362 0
1247.442 0
1247.521 0
1247.601 0
1247.680 1
1247.760 2
1247.840 3
1247.919 5
1247.999 7
1248.079 8
1248.158 8
1248.238 9
1248.318 10
1248.397 8
1248.477 9
1248.557 9
1248.637 7
1248.716 8
1248.796 6
1248.876 6
1248.955 5
1249.035 4
1249.115 4
1249.194 3
1249.274 2
1249.354 3
1249.434 4
1249.513 3
1249.593 3
1249.673 6
1249.752 4
1249.832 3
1249.912 2
1249.992 1
1250.071 1
1250.151 1
1250.231 5
1250.311 6
1250.390 7
1250.470 8
1250.550 8
1250.630 8
1250.709 8
1250.789 9
1250.869 5
1250.949 4
1251.028 3
1251.108 2
1251.188 2
1251.268 3
1251.347 4
1251.427 3
1251.507 4
1251.587 4
1251.666 4
1251.746 6
1251.826 12
1251.906 12
1251.986 12
1252.065 11
1252.145 5
1252.225 4
1252.305 3
1252.385 3
1252.464 5
1252.544 5
1252.624 5
1252.704 3
1252.784 3
1252.864 3
1252.943 4
1253.023 7
1253.103 9
1253.183 10
1253.263 11
1253.343 14
1253.422 17
1253.502 18
1253.582 16
1253.662 11
1253.742 13
1253.822 10
1253.901 9
1253.981 10
1254.061 8
1254.141 8
1254.221 8
1254.301 11
1254.381 11
1254.461 10
1254.540 10
1254.620 5
1254.700 7
1254.780 9
1254.860 10
1254.940 8
1255.020 4
1255.100 3
1255.180 1
1255.259 1
1255.339 2
1255.419 4
1255.499 4
1255.579 5
1255.659 4
1255.739 3
1255.819 3
1255.899 2
1255.979 3
1256.059 3
1256.138 3
1256.218 3
1256.298 6
1256.378 6
1256.458 6
1256.538 9
1256.618 10
1256.698 9
1256.778 11
1256.858 12
1256.938 8
1257.018 9
1257.098 7
1257.178 6
1257.258 9
1257.338 9
1257.418 9
1257.498 9
1257.578 5
1257.658 4
1257.738 5
1257.818 8
1257.898 12
1257.977 11
1258.057 10
1258.137 9
1258.217 7
1258.297 11
1258.377 12
1258.457 12
1258.537 15
1258.617 10
1258.697 8
1258.778 9
1258.858 5
1258.938 8
1259.018 8
1259.098 7
1259.178 5
1259.258 2
1259.338 2
1259.418 0
1259.498 1
1259.578 2
1259.658 2
1259.738 4
1259.818 6
1259.898 5
1259.978 12
1260.058 10
1260.138 10
1260.218 12
1260.298 5
1260.378 5
1260.458 2
1260.538 0
1260.618 0
1260.699 0
1260.779 4
1260.859 4
1260.939 4
1261.019 4
1261.099 1
1261.179 1
1261.259 1
1261.339 1
1261.419 0
1261.499 0
1261.580 0
1261.660 1
1261.740 1
1261.820 1
1261.900 1
1261.980 0
1262.060 1
1262.140 1
1262.220 2
1262.301 2
1262.381 1
1262.461 1
1262.541 0
1262.621 1
1262.701 2
1262.781 2
1262.862 2
1262.942 1
1263.022 1
1263.102 2
1263.182 6
1263.262 7
1263.342 8
1263.423 8
1263.503 6
1263.583 6
1263.663 6
1263.743 6
1263.823 7
1263.904 9
1263.984 8
1264.064 8
1264.144 6
1264.224 7
1264.305 6
1264.385 7
1264.465 6
1264.545 5
1264.625 7
1264.706 10
1264.786 10
1264.866 7
1264.946 9
1265.026 7
1265.107 7
1265.187 7
1265.267 4
1265.347 2
1265.427 3
1265.508 4
1265.588 4
1265.668 3
1265.748 2
1265.829 1
1265.909 0
1265.989 1
1266.069 2
1266.150 3
1266.230 5
1266.310 5
1266.390 5
1266.471 5
1266.551 2
1266.631 2
1266.711 2
1266.792 2
1266.872 0
1266.952 3
1267.033 3
1267.113 5
1267.193 7
1267.273 4
1267.354 4
1267.434 3
1267.514 1
1267.595 3
1267.675 3
1267.755 2
1267.835 3
1267.916 1
1267.996 1
1268.076 3
1268.157 3
1268.237 3
1268.317 3
1268.398 5
1268.478 4
1268.558 4
1268.639 4
1268.719 1
1268.799 1
1268.880 2
1268.960 2
1269.040 3
1269.121 4
1269.201 3
1269.281 3
1269.362 2
1269.442 4
1269.522 5
1269.603 6
1269.683 10
1269.763 8
1269.844 10
1269.924 9
1270.005 8
1270.085 5
1270.165 5
1270.246 5
1270.326 5
1270.406 4
1270.487 1
1270.567 4
1270.648 4
1270.728 3
1270.808 3
1270.889 2
1270.969 2
1271.050 3
1271.130 4
1271.210 4
1271.291 5
1271.371 5
1271.452 8
1271.532 10
1271.613 13
1271.693 15
1271.773 15
1271.854 14
1271.934 15
1272.015 12
1272.095 8
1272.176 9
1272.256 9
1272.337 10
1272.417 8
1272.497 6
1272.578 4
1272.658 5
1272.739 6
1272.819 8
1272.900 11
1272.980 10
1273.061 9
1273.141 10
1273.222 9
1273.302 7
1273.383 6
1273.463 2
1273.544 2
1273.624 5
1273.705 5
1273.785 5
1273.865 7
1273.946 6
1274.026 9
1274.107 10
1274.188 9
1274.268 8
1274.349 6
1274.429 6
1274.510 5
1274.590 2
1274.671 1
1274.751 0
1274.832 0
1274.912 0
1274.993 0
1275.073 0
1275.154 1
1275.234 5
1275.315 6
1275.395 7
1275.476 6
1275.557 2
1275.637 1
1275.718 1
1275.798 2
1275.879 3
1275.959 5
1276.040 6
1276.120 6
1276.201 6
1276.282 4
1276.362 3
1276.443 4
1276.523 4
1276.604 1
1276.684 1
1276.765 0
1276.846 0
1276.926 0
1277.007 0
1277.087 0
1277.168 0
1277.249 0
1277.329 0
1277.410 0
1277.490 2
1277.571 3
1277.652 5
1277.732 6
1277.813 6
1277.894 6
1277.974 5
1278.055 6
1278.135 6
1278.216 6
1278.297 6
1278.377 7
1278.458 6
1278.539 7
1278.619 9
1278.700 7
1278.781 5
1278.861 5
1278.942 4
1279.023 5
1279.103 6
1279.184 6
1279.265 6
1279.345 4
1279.426 5
1279.507 6
1279.587 6
1279.668 6
1279.749 9
1279.829 11
1279.910 12
1279.991 12
1280.071 14
1280.152 12
1280.233 12
1280.314 9
1280.394 7
1280.475 7
1280.556 7
1280.636 8
1280.717 10
1280.798 10
1280.878 10
1280.959 8
1281.040 3
1281.121 3
1281.201 3
1281.282 4
1281.363 2
1281.444 2
1281.524 2
1281.605 4
1281.686 4
1281.767 4
1281.847 7
1281.928 7
1282.009 9
1282.090 9
1282.170 6
1282.251 3
1282.332 2
1282.413 2
1282.493 2
1282.574 3
1282.655 5
1282.736 5
1282.817 5
1282.897 3
1282.978 1
1283.059 1
1283.140 1
1283.220 1
1283.301 0
1283.382 1
1283.463 2
1283.544 5
1283.624 7
1283.705 6
1283.786 6
1283.867 6
1283.948 5
1284.029 5
1284.109 4
1284.190 1
1284.271 2
1284.352 3
1284.433 4
1284.514 7
1284.594 10
1284.675 10
1284.756 10
1284.837 7
1284.918 4
1284.999 4
1285.079 4
1285.160 5
1285.241 6
1285.322 8
1285.403 8
1285.484 7
1285.565 6
1285.646 6
1285.726 6
1285.807 3
1285.888 3
1285.969 2
1286.050 2
1286.131 2
1286.212 2
1286.293 1
1286.373 2
1286.454 3
1286.535 5
1286.616 10
1286.697 9
1286.778 8
1286.859 7
1286.940 3
1287.021 4
1287.102 6
1287.183 7
1287.263 7
1287.344 7
1287.425 5
1287.506 9
1287.587 9
1287.668 7
1287.749 7
1287.830 6
1287.911 5
1287.992 7
1288.073 7
1288.154 10
1288.235 12
1288.316 11
1288.397 9
1288.478 6
1288.559 4
1288.640 3
1288.721 5
1288.802 5
1288.882 7
1288.963 5
1289.044 5
1289.125 4
1289.206 4
1289.287 6
1289.368 7
1289.449 10
1289.530 10
1289.611 9
1289.692 7
1289.773 6
1289.854 6
1289.935 6
1290.016 6
1290.097 2
1290.178 2
1290.259 2
1290.340 1
1290.421 1
1290.503 1
1290.584 1
1290.665 1
1290.746 1
1290.827 1
1290.908 1
1290.989 2
1291.070 1
1291.151 1
1291.232 1
1291.313 1
1291.394 6
1291.475 7
1291.556 7
1291.637 6
1291.718 3
1291.799 2
1291.880 2
1291.961 3
1292.043 1
1292.124 1
1292.205 1
1292.286 1
1292.367 4
1292.448 5
1292.529 6
1292.610 7
1292.691 8
1292.772 6
1292.853 5
1292.935 2
1293.016 1
1293.097 1
1293.178 0
1293.259 0
1293.340 1
1293.421 1
1293.502 1
1293.583 1
1293.665 5
1293.746 5
1293.827 6
1293.908 6
1293.989 2
1294.070 2
1294.151 1
1294.233 1
1294.314 3
1294.395 4
1294.476 4
1294.557 5
1294.638 7
1294.719 7
1294.801 7
1294.882 7
1294.963 6
1295.044 6
1295.125 7
1295.206 9
1295.288 13
1295.369 14
1295.450 15
1295.531 17
1295.612 16
1295.694 17
1295.775 17
1295.856 18
1295.937 14
1296.018 12
1296.100 11
1296.181 11
1296.262 7
1296.343 7
1296.424 7
1296.506 4
1296.587 3
1296.668 4
1296.749 6
1296.830 9
1296.912 13
1296.993 13
1297.074 13
1297.155 11
1297.237 10
1297.318 9
1297.399 7
1297.480 7
1297.562 5
1297.643 7
1297.724 7
1297.805 12
1297.887 17
1297.968 17
1298.049 17
1298.130 16
1298.212 9
1298.293 8
1298.374 9
1298.456 8
1298.537 8
1298.618 8
1298.699 8
1298.781 6
1298.862 7
1298.943 7
1299.025 7
1299.106 4
1299.187 2
1299.268 3
1299.350 4
1299.431 4
1299.512 3
1299.594 3
1299.675 5
1299.756 5
1299.838 8
1299.919 10
1300.000 8
1300.082 9
1300.163 8
1300.244 6
1300.326 6
1300.407 6
1300.488 6
1300.570 6
1300.651 6
1300.732 6
1300.814 8
1300.895 8
1300.976 8
1301.058 8
1301.139 7
1301.221 6
1301.302 5
1301.383 4
1301.465 5
1301.546 4
1301.627 4
1301.709 4
1301.790 3
1301.872 6
1301.953 7
1302.034 7
1302.116 8
1302.197 6
1302.279 5
1302.360 5
1302.441 2
1302.523 2
1302.604 4
1302.686 5
1302.767 3
1302.848 3
1302.930 1
1303.011 2
1303.093 2
1303.174 3
1303.256 4
1303.337 5
1303.418 7
1303.500 6
1303.581 7
1303.663 4
1303.744 3
1303.826 3
1303.907 1
1303.989 1
1304.070 1
1304.151 1
1304.233 1
1304.314 1
1304.396 0
1304.477 0
1304.559 0
1304.640 0
1304.722 2
1304.803 2
1304.885 2
1304.966 2
1305.048 3
1305.129 3
1305.211 3
1305.292 3
1305.374 2
1305.455 2
1305.537 2
1305.618 2
1305.700 2
1305.781 3
1305.863 4
1305.944 6
1306.026 8
1306.107 8
1306.189 8
1306.270 5
1306.352 2
1306.433 2
1306.515 2
1306.596 0
1306.678 3
1306.759 3
1306.841 3
1306.923 3
1307.004 3
1307.086 3
1307.167 3
1307.249 5
1307.330 4
1307.412 4
1307.493 5
1307.575 5
1307.657 7
1307.738 8
1307.820 8
1307.901 9
1307.983 7
1308.064 7
1308.146 7
1308.228 6
1308.309 5
1308.391 4
1308.472 3
1308.554 1
1308.636 1
1308.717 2
1308.799 3
1308.880 4
1308.962 4
1309.044 5
1309.125 5
1309.207 3
1309.289 6
1309.370 6
1309.452 7
1309.533 11
1309.615 13
1309.697 12
1309.778 11
1309.860 11
1309.942 8
1310.023 8
1310.105 8
1310.187 5
1310.268 5
1310.350 5
1310.431 5
1310.513 6
1310.595 7
1310.676 7
1310.758 7
1310.840 7
1310.921 5
1311.003 4
1311.085 3
1311.167 2
1311.248 1
1311.330 1
1311.412 1
1311.493 2
1311.575 3
1311.657 5
1311.738 5
1311.820 9
1311.902 12
1311.983 14
1312.065 13
1312.147 9
1312.229 7
1312.310 6
1312.392 6
1312.474 4
1312.555 6
1312.637 7
1312.719 8
1312.801 11
1312.882 9
1312.964 8
1313.046 9
1313.128 8
1313.209 4
1313.291 5
1313.373 4
1313.455 2
1313.536 3
1313.618 2
1313.700 2
1313.782 3
1313.863 3
1313.945 5
1314.027 6
1314.109 5
1314.190 6
1314.272 5
1314.354 3
1314.436 5
1314.518 4
1314.599 7
1314.681 11
1314.763 14
1314.845 17
1314.927 16
1315.008 14
1315.090 15
1315.172 14
1315.254 13
1315.336 13
1315.417 8
1315.499 5
1315.581 5
1315.663 6
1315.745 6
1315.827 5
1315.908 7
1315.990 6
1316.072 6
1316.154 5
1316.236 3
1316.318 3
1316.399 3
1316.481 3
1316.563 3
1316.645 3
1316.727 3
1316.809 4
1316.891 5
1316.972 5
1317.054 2
1317.136 2
1317.218 2
1317.300 3
1317.382 4
1317.464 4
1317.545 3
1317.627 2
1317.709 1
1317.791 0
1317.873 4
1317.955 4
1318.037 4
1318.119 4
1318.201 2
1318.283 2
1318.364 2
1318.446 2
1318.528 0
1318.610 0
1318.692 0
1318.774 0
1318.856 0
1318.938 0
1319.020 0
1319.102 0
1319.184 3
1319.266 4
1319.348 5
1319.429 7
1319.511 8
1319.593 7
1319.675 8
1319.757 6
1319.839 2
1319.921 2
1320.003 2
1320.085 3
1320.167 4
1320.249 5
1320.331 5
1320.413 6
1320.495 6
1320.577 3
1320.659 5
1320.741 10
1320.823 11
1320.905 11
1320.987 14
1321.069 16
1321.151 16
1321.233 16
1321.315 14
1321.397 11
1321.479 12
1321.561 13
1321.643 14
1321.725 14
1321.807 14
1321.889 15
1321.971 12
1322.053 11
1322.135 11
1322.217 10
1322.299 10
1322.381 6
1322.463 9
1322.545 11
1322.627 12
1322.709 11
1322.791 9
1322.873 11
1322.955 10
1323.037 5
1323.119 3
1323.201 4
1323.284 4
1323.366 4
1323.448 5
1323.530 5
1323.612 5
1323.694 5
1323.776 4
1323.858 4
1323.940 4
1324.022 7
1324.104 4
1324.186 3
1324.268 4
1324.351 1
1324.433 1
1324.515 2
1324.597 3
1324.679 4
1324.761 4
1324.843 4
1324.925 2
1325.007 6
1325.090 6
1325.172 5
1325.254 7
1325.336 8
1325.418 8
1325.500 8
1325.582 11
1325.664 7
1325.747 5
1325.829 3
1325.911 1
1325.993 1
1326.075 1
1326.157 1
1326.239 0
1326.322 6
1326.404 6
1326.486 6
1326.568 7
1326.650 3
1326.732 3
1326.815 4
1326.897 6
1326.979 5
1327.061 6
1327.143 6
1327.225 7
1327.308 7
1327.390 4
1327.472 4
1327.554 3
1327.636 3
1327.719 3
1327.801 4
1327.883 5
1327.965 9
1328.047 11
1328.130 11
1328.212 9
1328.294 8
1328.376 7
1328.459 6
1328.541 5
1328.623 3
1328.705 1
1328.787 1
1328.870 1
1328.952 0
1329.034 1
1329.116 1
1329.199 1
1329.281 1
1329.363 1
1329.445 1
1329.528 1
1329.610 1
1329.692 0
1329.774 1
1329.857 2
1329.939 4
1330.021 4
1330.104 3
1330.186 3
1330.268 4
1330.350 5
1330.433 6
1330.515 8
1330.597 7
1330.680 7
1330.762 7
1330.844 9
1330.926 6
1331.009 4
1331.091 2
1331.173 0
1331.256 0
1331.338 0
1331.420 0
1331.503 0
1331.585 1
1331.667 1
1331.750 1
1331.832 1
1331.914 3
1331.997 3
1332.079 5
1332.161 5
1332.244 2
1332.326 3
1332.408 1
1332.491 1
1332.573 2
1332.655 1
1332.738 2
1332.820 3
1332.902 2
1332.985 2
1333.067 1
1333.150 0
1333.232 1
1333.314 1
1333.397 1
1333.479 3
1333.561 4
1333.644 4
1333.726 5
1333.809 4
1333.891 2
1333.973 2
1334.056 2
1334.138 4
1334.221 4
1334.303 6
1334.385 5
1334.468 6
1334.550 7
1334.633 6
1334.715 7
1334.798 10
1334.880 11
1334.962 10
1335.045 9
1335.127 5
1335.210 3
1335.292 4
1335.375 5
1335.457 2
1335.539 2
1335.622 1
1335.704 1
1335.787 1
1335.869 1
1335.952 1
1336.034 0
1336.117 0
1336.199 0
1336.282 1
1336.364 3
1336.446 5
1336.529 9
1336.611 10
1336.694 10
1336.776 11
1336.859 8
1336.941 5
1337.024 5
1337.106 4
1337.189 2
1337.271 1
1337.354 2
1337.436 2
1337.519 2
1337.601 2
1337.684 1
1337.766 1
1337.849 0
1337.931 3
1338.014 3
1338.096 3
1338.179 3
1338.262 1
1338.344 1
1338.427 1
1338.509 6
1338.592 6
1338.674 6
1338.757 6
1338.839 4
1338.922 6
1339.004 8
1339.087 9
1339.170 10
1339.252 8
1339.335 8
1339.417 8
1339.500 5
1339.582 6
1339.665 5
1339.748 8
1339.830 9
1339.913 7
1339.995 6
1340.078 8
1340.160 8
1340.243 7
1340.326 6
1340.408 3
1340.491 4
1340.573 4
1340.656 6
1340.739 8
1340.821 5
1340.904 5
1340.986 4
1341.069 5
1341.152 5
1341.234 5
1341.317 4
1341.400 5
1341.482 5
1341.565 5
1341.647 5
1341.730 6
1341.813 9
1341.895 11
1341.978 13
1342.061 14
1342.143 12
1342.226 10
1342.309 9
1342.391 7
1342.474 6
1342.557 5
1342.639 5
1342.722 5
1342.805 3
1342.887 3
1342.970 4
1343.053 3
1343.135 3
1343.218 3
1343.301 1
1343.383 1
1343.466 6
1343.549 7
1343.631 9
1343.714 12
1343.797 15
1343.880 14
1343.962 12
1344.045 16
1344.128 12
1344.210 12
1344.293 11
1344.376 10
1344.459 8
1344.541 11
1344.624 11
1344.707 11
1344.790 13
1344.872 12
1344.955 11
1345.038 10
1345.120 9
1345.203 7
1345.286 7
1345.369 6
1345.451 6
1345.534 5
1345.617 7
1345.700 9
1345.783 9
1345.865 9
1345.948 8
1346.031 6
1346.114 8
1346.196 9
1346.279 7
1346.362 9
1346.445 10
1346.528 11
1346.610 10
1346.693 13
1346.776 11
1346.859 10
1346.941 10
1347.024 7
1347.107 11
1347.190 12
1347.273 12
1347.356 12
1347.438 14
1347.521 12
1347.604 10
1347.687 12
1347.770 8
1347.852 8
1347.935 8
1348.018 4
1348.101 1
1348.184 1
1348.267 1
1348.349 2
1348.432 5
1348.515 5
1348.598 5
1348.681 3
1348.764 2
1348.847 2
1348.929 2
1349.012 4
1349.095 7
1349.178 6
1349.261 5
1349.344 6
1349.427 4
1349.510 5
1349.592 5
1349.675 1
1349.758 2
1349.841 1
1349.924 2
1350.007 2
1350.090 4
1350.173 4
1350.256 4
1350.339 7
1350.421 7
1350.504 7
1350.587 7
1350.670 6
1350.753 5
1350.836 7
1350.919 8
1351.002 11
1351.085 15
1351.168 16
1351.251 17
1351.334 15
1351.417 15
1351.499 13
1351.582 11
1351.665 10
1351.748 9
1351.831 9
1351.914 8
1351.997 7
1352.080 3
1352.163 3
1352.246 3
1352.329 4
1352.412 3
1352.495 2
1352.578 2
1352.661 4
1352.744 4
1352.827 5
1352.910 5
1352.993 4
1353.076 4
1353.159 3
1353.242 3
1353.325 2
1353.408 5
1353.491 6
1353.574 7
1353.657 9
1353.740 9
1353.823 9
1353.906 9
1353.989 9
1354.072 6
1354.155 6
1354.238 6
1354.321 4
1354.404 4
1354.487 4
1354.570 4
1354.653 4
1354.736 2
1354.819 3
1354.902 3
1354.985 2
1355.068 2
1355.151 1
1355.235 1
1355.318 2
1355.401 2
1355.484 2
1355.567 3
1355.650 3
1355.733 3
1355.816 4
1355.899 4
1355.982 5
1356.065 5
1356.148 3
1356.231 3
1356.315 2
1356.398 5
1356.481 3
1356.564 3
1356.647 7
1356.730 6
1356.813 6
1356.896 6
1356.979 4
1357.062 4
1357.146 4
1357.229 4
1357.312 2
1357.395 1
1357.478 1
1357.561 1
1357.644 2
1357.727 2
1357.811 2
1357.894 2
1357.977 3
1358.060 3
1358.143 3
1358.226 3
1358.309 1
1358.393 1
1358.476 5
1358.559 6
1358.642 7
1358.725 8
1358.808 5
1358.892 5
1358.975 5
1359.058 2
1359.141 2
1359.224 2
1359.308 2
1359.391 2
1359.474 2
1359.557 2
1359.640 5
1359.723 7
1359.807 8
1359.890 9
1359.973 11
1360.056 9
1360.139 8
1360.223 7
1360.306 3
1360.389 2
1360.472 2
1360.556 2
1360.639 5
1360.722 6
1360.805 6
1360.888 6
1360.972 4
1361.055 7
1361.138 7
1361.221 7
1361.305 5
1361.388 2
1361.471 3
1361.554 4
1361.638 5
1361.721 7
1361.804 8
1361.887 8
1361.971 9
1362.054 11
1362.137 9
1362.221 8
1362.304 9
1362.387 4
1362.470 4
1362.554 4
1362.637 5
1362.720 3
1362.804 2
1362.887 1
1362.970 0
1363.053 1
1363.137 1
1363.220 2
1363.303 3
1363.387 6
1363.470 7
1363.553 11
1363.637 11
1363.720 10
1363.803 9
1363.887 8
1363.970 5
1364.053 5
1364.137 7
1364.220 8
1364.303 7
1364.387 10
1364.470 9
1364.553 9
1364.637 10
1364.720 5
1364.803 4
1364.887 3
1364.970 2
1365.053 1
1365.137 1
1365.220 1
1365.304 0
1365.387 0
1365.470 0
1365.554 0
1365.637 0
1365.720 0
1365.804 0
1365.887 0
1365.971 1
1366.054 4
1366.137 5
1366.221 5
1366.304 5
1366.388 4
1366.471 3
1366.554 3
1366.638 6
1366.721 4
1366.805 4
1366.888 4
1366.971 4
1367.055 3
1367.138 5
1367.222 4
1367.305 3
1367.389 4
1367.472 4
1367.555 9
1367.639 14
1367.722 21
1367.806 22
1367.889 20
1367.973 21
1368.056 16
1368.140 16
1368.223 16
1368.307 16
1368.390 18
1368.473 24
1368.557 30
1368.640 35
1368.724 36
1368.807 35
1368.891 31
1368.974 27
1369.058 25
1369.141 23
1369.225 22
1369.308 19
1369.392 25
1369.475 28
1369.559 32
1369.642 40
1369.726 40
1369.809 35
1369.893 33
1369.976 26
1370.060 18
1370.143 16
1370.227 12
1370.310 8
1370.394 7
1370.477 11
1370.561 13
1370.645 12
1370.728 15
1370.812 13
1370.895 15
1370.979 16
1371.062 12
1371.146 11
1371.229 7
1371.313 9
1371.396 8
1371.480 6
1371.564 7
1371.647 4
1371.731 4
1371.814 6
1371.898 7
1371.981 9
1372.065 10
1372.149 7
1372.232 9
1372.316 11
1372.399 10
1372.483 7
1372.567 5
1372.650 4
1372.734 3
1372.817 3
1372.901 1
1372.985 0
1373.068 4
1373.152 5
1373.235 7
1373.319 9
1373.403 10
1373.486 10
1373.570 10
1373.654 9
1373.737 7
1373.821 7
1373.904 7
1373.988 8
1374.072 6
1374.155 8
1374.239 8
1374.323 7
1374.406 7
1374.490 7
1374.574 8
1374.657 5
1374.741 6
1374.825 4
1374.908 2
1374.992 2
1375.076 2
1375.159 2
1375.243 2
1375.327 4
1375.410 4
1375.494 4
1375.578 4
1375.661 4
1375.745 3
1375.829 3
1375.912 6
1375.996 6
1376.080 6
1376.164 6
1376.247 10
1376.331 6
1376.415 8
1376.498 8
1376.582 4
1376.666 4
1376.750 2
1376.833 1
1376.917 1
1377.001 3
1377.084 4
1377.168 4
1377.252 4
1377.336 5
1377.419 5
1377.503 5
1377.587 5
1377.671 4
1377.754 4
1377.838 4
1377.922 5
1378.006 3
1378.089 5
1378.173 7
1378.257 6
1378.341 6
1378.425 3
1378.508 1
1378.592 1
1378.676 2
1378.760 4
1378.843 4
1378.927 4
1379.011 3
1379.095 0
1379.179 0
1379.262 1
1379.346 1
1379.430 4
1379.514 4
1379.598 4
1379.681 4
1379.765 3
1379.849 3
1379.933 2
1380.017 2
1380.101 2
1380.184 2
1380.268 2
1380.352 2
1380.436 5
1380.520 5
1380.604 5
1380.687 8
1380.771 5
1380.855 5
1380.939 5
1381.023 5
1381.107 3
1381.191 3
1381.274 3
1381.358 0
1381.442 0
1381.526 0
1381.610 0
1381.694 3
1381.778 6
1381.861 7
1381.945 7
1382.029 4
1382.113 1
1382.197 0
1382.281 0
1382.365 2
1382.449 4
1382.533 4
1382.617 4
1382.700 4
1382.784 2
1382.868 3
1382.952 3
1383.036 1
1383.120 2
1383.204 1
1383.288 1
1383.372 1
1383.456 1
1383.540 1
1383.624 1
1383.707 2
1383.791 1
1383.875 2
1383.959 3
1384.043 3
1384.127 5
1384.211 6
1384.295 10
1384.379 12
1384.463 12
1384.547 15
1384.631 18
1384.715 21
1384.799 24
1384.883 23
1384.967 19
1385.051 13
1385.135 7
1385.219 6
1385.303 8
1385.387 11
1385.471 11
1385.555 9
1385.639 5
1385.723 3
1385.807 1
1385.891 3
1385.975 2
1386.059 3
1386.143 3
1386.227 2
1386.311 4
1386.395 4
1386.479 5
1386.563 6
1386.647 6
1386.731 9
1386.815 7
1386.899 7
1386.983 7
1387.067 8
1387.151 5
1387.235 7
1387.319 9
1387.403 9
1387.487 13
1387.571 13
1387.655 14
1387.739 13
1387.824 9
1387.908 10
1387.992 7
1388.076 6
1388.160 4
1388.244 2
1388.328 2
1388.412 2
1388.496 2
1388.580 1
1388.664 1
1388.748 0
1388.832 2
1388.917 2
1389.001 2
1389.085 2
1389.169 5
1389.253 5
1389.337 5
1389.421 6
1389.505 8
1389.589 10
1389.674 10
1389.758 9
1389.842 7
1389.926 8
1390.010 11
1390.094 16
1390.178 19
1390.262 17
1390.347 17
1390.431 13
1390.515 9
1390.599 9
1390.683 6
1390.767 5
1390.852 2
1390.936 4
1391.020 4
1391.104 6
1391.188 6
1391.272 6
1391.356 7
1391.441 9
1391.525 13
1391.609 10
1391.693 9
1391.777 9
1391.862 9
1391.946 9
1392.030 9
1392.114 7
1392.198 10
1392.283 9
1392.367 8
1392.451 8
1392.535 5
1392.619 5
1392.704 8
1392.788 7
1392.872 5
1392.956 5
1393.040 3
1393.125 3
1393.209 4
1393.293 6
1393.377 9
1393.462 9
1393.546 12
1393.630 13
1393.714 16
1393.799 17
1393.883 12
1393.967 10
1394.051 9
1394.136 7
1394.220 6
1394.304 5
1394.388 6
1394.473 5
1394.557 4
1394.641 4
1394.725 1
1394.810 6
1394.894 6
1394.978 7
1395.063 10
1395.147 10
1395.231 10
1395.315 10
1395.400 7
1395.484 5
1395.568 5
1395.653 5
1395.737 7
1395.821 8
1395.906 8
1395.990 7
1396.074 5
1396.158 5
1396.243 7
1396.327 6
1396.411 7
1396.496 6
1396.580 7
1396.664 6
1396.749 3
1396.833 2
1396.917 2
1397.002 2
1397.086 2
1397.171 2
1397.255 4
1397.339 4
1397.424 6
1397.508 7
1397.592 10
1397.677 9
1397.761 8
1397.845 11
1397.930 7
1398.014 7
1398.099 7
1398.183 6
1398.267 6
1398.352 6
1398.436 6
1398.520 5
1398.605 4
1398.689 3
1398.774 1
1398.858 1
1398.942 7
1399.027 7
1399.111 6
1399.196 6
1399.280 4
1399.364 5
1399.449 6
1399.533 8
1399.618 6
1399.702 5
1399.787 4
1399.871 2
1399.955 4
1400.040 4
1400.124 4
1400.209 4
1400.293 3
1400.378 3
1400.462 3
1400.547 4
1400.631 6
1400.715 6
1400.800 7
1400.884 6
1400.969 3
1401.053 5
1401.138 6
1401.222 8
1401.307 12
1401.391 11
1401.476 11
1401.560 9
1401.645 4
1401.729 3
1401.814 1
1401.898 1
1401.983 1
1402.067 2
1402.152 2
1402.236 2
1402.321 1
1402.405 0
1402.490 0
1402.574 0
1402.659 4
1402.743 4
1402.828 4
1402.912 4
1402.997 4
1403.081 4
1403.166 4
1403.250 4
1403.335 5
1403.419 5
1403.504 7
1403.589 7
1403.673 5
1403.758 5
1403.842 8
1403.927 8
1404.011 5
1404.096 5
1404.180 3
1404.265 3
1404.350 4
1404.434 5
1404.519 2
1404.603 2
1404.688 2
1404.772 3
1404.857 4
1404.942 5
1405.026 7
1405.111 6
1405.195 6
1405.280 6
1405.365 5
1405.449 5
1405.534 7
1405.618 6
1405.703 4
1405.788 3
1405.872 0
1405.957 0
1406.041 0
1406.126 0
1406.211 0
1406.295 1
1406.380 4
1406.465 4
1406.549 4
1406.634 4
1406.719 5
1406.803 5
1406.888 5
1406.972 4
1407.057 2
1407.142 2
1407.226 2
1407.311 2
1407.396 6
1407.480 7
1407.565 10
1407.650 11
1407.734 9
1407.819 9
1407.904 8
1407.988 5
1408.073 3
1408.158 3
1408.243 4
1408.327 3
1408.412 2
1408.497 5
1408.581 11
1408.666 15
1408.751 19
1408.835 19
1408.920 12
1409.005 11
1409.090 6
1409.174 5
1409.259 6
1409.344 6
1409.428 12
1409.513 12
1409.598 12
1409.683 12
1409.767 13
1409.852 12
1409.937 11
1410.022 9
1410.106 7
1410.191 6
1410.276 5
1410.361 5
1410.445 3
1410.530 3
1410.615 3
1410.700 5
1410.784 5
1410.869 5
1410.954 5
1411.039 2
1411.123 1
1411.208 1
1411.293 1
1411.378 2
1411.463 3
1411.547 3
1411.632 3
1411.717 2
1411.802 1
1411.886 1
1411.971 1
1412.056 2
1412.141 2
1412.226 2
1412.310 2
1412.395 3
1412.480 7
1412.565 7
1412.650 7
1412.735 6
1412.819 8
1412.904 8
1412.989 8
1413.074 10
1413.159 9
1413.244 9
1413.328 9
1413.413 7
1413.498 6
1413.583 6
1413.668 6
1413.753 6
1413.838 7
1413.922 6
1414.007 5
1414.092 4
1414.177 1
1414.262 1
1414.347 1
1414.432 1
1414.516 3
1414.601 4
1414.686 5
1414.771 6
1414.856 4
1414.941 4
1415.026 3
1415.111 2
1415.196 2
1415.280 1
1415.365 1
1415.450 4
1415.535 10
1415.620 10
1415.705 10
1415.790 13
1415.875 13
1415.960 12
1416.045 11
1416.130 10
1416.215 10
1416.299 15
1416.384 18
1416.469 21
1416.554 19
1416.639 18
1416.724 20
1416.809 18
1416.894 22
1416.979 18
1417.064 15
1417.149 12
1417.234 13
1417.319 14
1417.404 12
1417.489 13
1417.574 11
1417.659 13
1417.744 13
1417.829 16
1417.914 11
1417.999 7
1418.084 7
1418.169 5
1418.254 7
1418.339 9
1418.424 13
1418.509 12
1418.594 14
1418.679 13
1418.764 10
1418.849 11
1418.934 9
1419.019 10
1419.104 9
1419.189 7
1419.274 5
1419.359 4
1419.444 6
1419.529 6
1419.614 8
1419.699 10
1419.784 11
1419.869 11
1419.954 11
1420.039 11
1420.124 8
1420.209 8
1420.294 7
1420.379 2
1420.464 2
1420.549 3
1420.634 5
1420.719 4
1420.805 4
1420.890 7
1420.975 6
1421.060 6
1421.145 6
1421.230 5
1421.315 6
1421.400 6
1421.485 5
1421.570 4
1421.655 1
1421.740 1
1421.826 1
1421.911 1
1421.996 1
1422.081 0
1422.166 0
1422.251 0
1422.336 0
1422.421 0
1422.506 0
1422.592 0
1422.677 0
1422.762 0
1422.847 0
1422.932 3
1423.017 3
1423.102 3
1423.188 3
1423.273 6
1423.358 5
1423.443 4
1423.528 6
1423.613 3
1423.698 5
1423.784 5
1423.869 2
1423.954 5
1424.039 6
1424.124 9
1424.209 10
1424.295 11
1424.380 12
1424.465 10
1424.550 10
1424.635 9
1424.720 7
1424.806 7
1424.891 7
1424.976 4
1425.061 3
1425.146 3
1425.232 3
1425.317 0
1425.402 1
1425.487 2
1425.572 2
1425.658 3
1425.743 3
1425.828 2
1425.913 2
1425.999 1
1426.084 2
1426.169 4
1426.254 6
1426.340 8
1426.425 9
1426.510 8
1426.595 7
1426.680 7
1426.766 3
1426.851 3
1426.936 3
1427.021 6
1427.107 7
1427.192 16
1427.277 28
1427.363 42
1427.448 58
1427.533 69
1427.618 76
1427.704 88
1427.789 88
1427.874 86
1427.959 80
1428.045 76
1428.130 83
1428.215 93
1428.301 113
1428.386 129
1428.471 146
1428.557 162
1428.642 166
1428.727 166
1428.812 146
1428.898 123
1428.983 106
1429.068 88
1429.154 81
1429.239 81
1429.324 85
1429.410 92
1429.495 104
1429.580 110
1429.666 111
1429.751 114
1429.836 102
1429.922 87
1430.007 72
1430.092 57
1430.178 49
1430.263 45
1430.348 42
1430.434 43
1430.519 45
1430.605 49
1430.690 50
1430.775 45
1430.861 44
1430.946 44
1431.031 39
1431.117 35
1431.202 32
1431.288 26
1431.373 27
1431.458 30
1431.544 32
1431.629 26
1431.715 24
1431.800 18
1431.885 20
1431.971 18
1432.056 18
1432.142 19
1432.227 22
1432.312 22
1432.398 23
1432.483 25
1432.569 27
1432.654 29
1432.740 26
1432.825 24
1432.910 17
1432.996 13
1433.081 12
1433.167 11
1433.252 11
1433.338 10
1433.423 8
1433.509 8
1433.594 10
1433.679 8
1433.765 8
1433.850 8
1433.936 6
1434.021 6
1434.107 7
1434.192 6
1434.278 5
1434.363 7
1434.449 7
1434.534 6
1434.620 8
1434.705 5
1434.791 5
1434.876 5
1434.962 6
1435.047 5
1435.133 7
1435.218 10
1435.304 13
1435.389 14
1435.475 11
1435.560 10
1435.646 8
1435.731 6
1435.817 6
1435.902 4
1435.988 5
1436.073 6
1436.159 7
1436.244 8
1436.330 7
1436.415 8
1436.501 9
1436.587 9
1436.672 8
1436.758 7
1436.843 7
1436.929 8
1437.014 10
1437.100 10
1437.185 10
1437.271 10
1437.357 9
1437.442 8
1437.528 7
1437.613 6
1437.699 1
1437.784 2
1437.870 2
1437.956 1
1438.041 1
1438.127 0
1438.212 0
1438.298 3
1438.384 6
1438.469 7
1438.555 7
1438.640 9
1438.726 7
1438.812 5
1438.897 4
1438.983 2
1439.068 1
1439.154 2
1439.240 2
1439.325 2
1439.411 3
1439.497 2
1439.582 2
1439.668 2
1439.754 0
1439.839 0
1439.925 0
1440.010 0
1440.096 1
1440.182 4
1440.267 5
1440.353 6
1440.439 10
1440.524 12
1440.610 10
1440.696 8
1440.781 5
1440.867 3
1440.953 3
1441.038 3
1441.124 2
1441.210 2
1441.295 4
1441.381 4
1441.467 5
1441.553 8
1441.638 10
1441.724 11
1441.810 11
1441.895 13
1441.981 10
1442.067 8
1442.152 8
1442.238 7
1442.324 9
1442.410 8
1442.495 7
1442.581 5
1442.667 4
1442.753 4
1442.838 3
1442.924 2
1443.010 1
1443.096 0
1443.181 1
1443.267 3
1443.353 4
1443.438 5
1443.524 9
1443.610 8
1443.696 8
1443.782 9
1443.867 8
1443.953 9
1444.039 10
1444.125 11
1444.210 12
1444.296 14
1444.382 15
1444.468 16
1444.554 16
1444.639 16
1444.725 17
1444.811 15
1444.897 14
1444.982 14
1445.068 14
1445.154 14
1445.240 7
1445.326 7
1445.411 6
1445.497 4
1445.583 3
1445.669 3
1445.755 4
1445.841 6
1445.926 6
1446.012 6
1446.098 6
1446.184 5
1446.270 8
1446.356 8
1446.441 11
1446.527 9
1446.613 11
1446.699 11
1446.785 11
1446.871 11
1446.957 9
1447.042 10
1447.128 9
1447.214 13
1447.300 12
1447.386 13
1447.472 12
1447.558 11
1447.643 10
1447.729 13
1447.815 12
1447.901 9
1447.987 8
1448.073 5
1448.159 7
1448.245 4
1448.331 4
1448.417 4
1448.502 3
1448.588 5
1448.674 5
1448.760 5
1448.846 5
1448.932 6
1449.018 11
1449.104 12
1449.190 12
1449.276 12
1449.362 11
1449.448 11
1449.533 11
1449.619 12
1449.705 7
1449.791 5
1449.877 6
1449.963 6
1450.049 5
1450.135 8
1450.221 7
1450.307 8
1450.393 6
1450.479 7
1450.565 5
1450.651 3
1450.737 3
1450.823 3
1450.909 3
1450.995 3
1451.081 5
1451.167 3
1451.253 3
1451.339 3
1451.425 2
1451.511 6
1451.597 7
1451.683 8
1451.769 7
1451.855 7
1451.941 9
1452.027 11
1452.113 10
1452.199 7
1452.285 12
1452.371 11
1452.457 11
1452.543 10
1452.629 5
1452.715 4
1452.801 8
1452.887 9
1452.973 7
1453.059 9
1453.145 9
1453.231 9
1453.317 14
1453.403 11
1453.489 12
1453.575 15
1453.661 15
1453.747 11
1453.833 6
1453.920 7
1454.006 6
1454.092 6
1454.178 6
1454.264 4
1454.350 3
1454.436 4
1454.522 5
1454.608 3
1454.694 4
1454.780 6
1454.866 5
1454.953 5
1455.039 4
1455.125 3
1455.211 3
1455.297 5
1455.383 5
1455.469 4
1455.555 5
1455.641 2
1455.728 4
1455.814 8
1455.900 10
1455.986 12
1456.072 12
1456.158 9
1456.244 9
1456.330 7
1456.417 8
1456.503 7
1456.589 6
1456.675 3
1456.761 2
1456.847 4
1456.933 3
1457.020 3
1457.106 2
1457.192 2
1457.278 2
1457.364 4
1457.450 6
1457.537 9
1457.623 9
1457.709 12
1457.795 12
1457.881 12
1457.968 13
1458.054 11
1458.140 9
1458.226 7
1458.312 7
1458.399 6
1458.485 6
1458.571 6
1458.657 9
1458.743 9
1458.830 9
1458.916 11
1459.002 11
1459.088 9
1459.174 9
1459.261 9
1459.347 6
1459.433 7
1459.519 8
1459.606 5
1459.692 7
1459.778 7
1459.864 7
1459.951 9
1460.037 6
1460.123 7
1460.209 7
1460.296 7
1460.382 5
1460.468 7
1460.554 7
1460.641 6
1460.727 5
1460.813 3
1460.899 3
1460.986 2
1461.072 2
1461.158 4
1461.245 4
1461.331 5
1461.417 6
1461.503 6
1461.590 10
1461.676 12
1461.762 11
1461.849 9
1461.935 5
1462.021 5
1462.108 6
1462.194 7
1462.280 8
1462.367 6
1462.453 6
1462.539 5
1462.626 5
1462.712 5
1462.798 5
1462.885 6
1462.971 6
1463.057 7
1463.144 9
1463.230 7
1463.316 6
1463.403 5
1463.489 5
1463.575 9
1463.662 9
1463.748 12
1463.834 9
1463.921 5
1464.007 5
1464.093 4
1464.180 4
1464.266 4
1464.353 4
1464.439 6
1464.525 6
1464.612 7
1464.698 6
1464.785 5
1464.871 4
1464.957 5
1465.044 8
1465.130 8
1465.217 11
1465.303 13
1465.389 13
1465.476 18
1465.562 21
1465.649 17
1465.735 14
1465.821 11
1465.908 10
1465.994 9
1466.081 9
1466.167 12
1466.254 11
1466.340 11
1466.426 11
1466.513 11
1466.599 6
1466.686 6
1466.772 6
1466.859 6
1466.945 8
1467.032 9
1467.118 9
1467.205 8
1467.291 8
1467.377 9
1467.464 9
1467.550 11
1467.637 9
1467.723 10
1467.810 11
1467.896 14
1467.983 14
1468.069 10
1468.156 8
1468.242 6
1468.329 4
1468.415 8
1468.502 10
1468.588 8
1468.675 14
1468.761 13
1468.848 12
1468.934 13
1469.021 9
1469.107 12
1469.194 12
1469.280 13
1469.367 12
1469.453 9
1469.540 10
1469.627 11
1469.713 9
1469.800 7
1469.886 6
1469.973 3
1470.059 5
1470.146 6
1470.232 8
1470.319 8
1470.405 9
1470.492 8
1470.579 6
1470.665 5
1470.752 3
1470.838 3
1470.925 3
1471.011 3
1471.098 6
1471.185 7
1471.271 9
1471.358 11
1471.444 11
1471.531 13
1471.618 13
1471.704 15
1471.791 13
1471.877 10
1471.964 8
1472.051 5
1472.137 5
1472.224 5
1472.310 5
1472.397 3
1472.484 1
1472.570 1
1472.657 1
1472.744 0
1472.830 3
1472.917 3
1473.003 6
1473.090 9
1473.177 12
1473.263 12
1473.350 10
1473.437 12
1473.523 6
1473.610 5
1473.697 4
1473.783 6
1473.870 7
1473.957 9
1474.043 9
1474.130 7
1474.217 9
1474.303 6
1474.390 6
1474.477 5
1474.563 4
1474.650 3
1474.737 3
1474.823 6
1474.910 9
1474.997 8
1475.084 11
1475.170 15
1475.257 15
1475.344 18
1475.430 22
1475.517 29
1475.604 31
1475.690 35
1475.777 34
1475.864 30
1475.951 36
1476.037 35
1476.124 41
1476.211 54
1476.298 73
1476.384 97
1476.471 110
1476.558 121
1476.645 115
1476.731 102
1476.818 89
1476.905 79
1476.992 78
1477.078 83
1477.165 101
1477.252 118
1477.339 136
1477.425 151
1477.512 153
1477.599 151
1477.686 144
1477.772 129
1477.859 116
1477.946 103
1478.033 94
1478.120 93
1478.206 98
1478.293 99
1478.380 110
1478.467 124
1478.554 127
1478.640 126
1478.727 119
1478.814 108
1478.901 108
1478.988 98
1479.074 89
1479.161 83
1479.248 83
1479.335 84
1479.422 85
1479.509 90
1479.595 85
1479.682 86
1479.769 80
1479.856 73
1479.943 69
1480.030 60
1480.116 57
1480.203 54
1480.290 55
1480.377 57
1480.464 54
1480.551 50
1480.638 44
1480.724 42
1480.811 37
1480.898 33
1480.985 27
1481.072 21
1481.159 19
1481.246 22
1481.333 24
1481.419 27
1481.506 32
1481.593 35
1481.680 37
1481.767 38
1481.854 39
1481.941 34
1482.028 31
1482.115 29
1482.202 26
1482.288 25
1482.375 27
1482.462 25
1482.549 25
1482.636 29
1482.723 27
1482.810 23
1482.897 18
1482.984 14
1483.071 13
1483.158 10
1483.245 10
1483.332 9
1483.419 10
1483.506 13
1483.592 17
1483.679 15
1483.766 13
1483.853 10
1483.940 14
1484.027 15
1484.114 18
1484.201 17
1484.288 16
1484.375 18
1484.462 17
1484.549 15
1484.636 10
1484.723 12
1484.810 11
1484.897 10
1484.984 10
1485.071 10
1485.158 10
1485.245 10
1485.332 11
1485.419 10
1485.506 9
1485.593 11
1485.680 11
1485.767 10
1485.854 10
1485.941 11
1486.028 8
1486.115 7
1486.202 8
1486.289 6
1486.376 7
1486.463 6
1486.550 6
1486.637 6
1486.724 5
1486.811 5
1486.899 6
1486.986 8
1487.073 7
1487.160 9
1487.247 10
1487.334 13
1487.421 18
1487.508 22
1487.595 23
1487.682 24
1487.769 27
1487.856 22
1487.943 20
1488.030 19
1488.117 15
1488.205 15
1488.292 15
1488.379 17
1488.466 14
1488.553 17
1488.640 19
1488.727 20
1488.814 20
1488.901 17
1488.988 14
1489.076 12
1489.163 12
1489.250 14
1489.337 17
1489.424 20
1489.511 23
1489.598 23
1489.685 25
1489.773 22
1489.860 20
1489.947 23
1490.034 19
1490.121 23
1490.208 24
1490.295 23
1490.383 21
1490.470 21
1490.557 22
1490.644 19
1490.731 17
1490.818 17
1490.906 13
1490.993 11
1491.080 13
1491.167 11
1491.254 10
1491.341 10
1491.429 10
1491.516 13
1491.603 16
1491.690 17
1491.777 15
1491.865 13
1491.952 14
1492.039 12
1492.126 11
1492.213 13
1492.301 19
1492.388 21
1492.475 23
1492.562 24
1492.649 27
1492.737 26
1492.824 26
1492.911 29
1492.998 25
1493.086 24
1493.173 25
1493.260 26
1493.347 22
1493.435 24
1493.522 25
1493.609 26
1493.696 26
1493.784 28
1493.871 25
1493.958 22
1494.045 19
1494.133 18
1494.220 22
1494.307 20
1494.394 19
1494.482 20
1494.569 19
1494.656 17
1494.744 19
1494.831 18
1494.918 17
1495.005 16
1495.093 14
1495.180 15
1495.267 17
1495.355 20
1495.442 19
1495.529 23
1495.616 25
1495.704 27
1495.791 25
1495.878 21
1495.966 16
1496.053 12
1496.140 8
1496.228 9
1496.315 9
1496.402 12
1496.490 13
1496.577 11
1496.664 11
1496.752 10
1496.839 13
1496.926 14
1497.014 13
1497.101 14
1497.188 9
1497.276 11
1497.363 12
1497.451 9
1497.538 9
1497.625 7
1497.713 9
1497.800 7
1497.887 9
1497.975 12
1498.062 10
1498.150 13
1498.237 14
1498.324 12
1498.412 13
1498.499 10
1498.586 7
1498.674 5
1498.761 4
1498.849 6
1498.936 6
1499.023 7
1499.111 7
1499.198 7
1499.286 6
1499.373 7
1499.461 8
1499.548 8
1499.635 10
1499.723 10
1499.810 12
1499.898 16
1499.985 16
1500.073 17
1500.160 16
1500.247 19
1500.335 25
1500.422 26
1500.510 26
1500.597 25
1500.685 24
1500.772 21
1500.860 20
1500.947 17
1501.035 14
1501.122 16
1501.210 15
1501.297 17
1501.384 21
1501.472 25
1501.559 30
1501.647 33
1501.734 35
1501.822 33
1501.909 30
1501.997 25
1502.084 21
1502.172 22
1502.259 24
1502.347 22
1502.434 19
1502.522 20
1502.609 20
1502.697 16
1502.784 16
1502.872 19
1502.960 16
1503.047 12
1503.135 15
1503.222 17
1503.310 19
1503.397 25
1503.485 27
1503.572 23
1503.660 22
1503.747 18
1503.835 19
1503.922 18
1504.010 16
1504.098 13
1504.185 12
1504.273 13
1504.360 12
1504.448 14
1504.535 15
1504.623 17
1504.711 16
1504.798 15
1504.886 17
1504.973 17
1505.061 21
1505.148 24
1505.236 23
1505.324 24
1505.411 20
1505.499 19
1505.586 21
1505.674 16
1505.762 15
1505.849 12
1505.937 11
1506.024 10
1506.112 10
1506.200 10
1506.287 7
1506.375 8
1506.463 8
1506.550 8
1506.638 7
1506.726 10
1506.813 10
1506.901 8
1506.988 7
1507.076 7
1507.164 6
1507.251 9
1507.339 11
1507.427 10
1507.514 10
1507.602 10
1507.690 12
1507.777 12
1507.865 11
1507.953 10
1508.040 8
1508.128 9
1508.216 9
1508.303 10
1508.391 8
1508.479 11
1508.566 11
1508.654 8
1508.742 10
1508.830 8
1508.917 13
1509.005 15
1509.093 19
1509.180 19
1509.268 15
1509.356 15
1509.443 13
1509.531 13
1509.619 14
1509.707 18
1509.794 13
1509.882 11
1509.970 10
1510.058 6
1510.145 7
1510.233 10
1510.321 12
1510.409 13
1510.496 17
1510.584 16
1510.672 16
1510.760 18
1510.847 17
1510.935 16
1511.023 14
1511.111 12
1511.198 14
1511.286 14
1511.374 14
1511.462 13
1511.549 12
1511.637 11
1511.725 11
1511.813 8
1511.901 7
1511.988 8
1512.076 10
1512.164 9
1512.252 13
1512.340 20
1512.427 22
1512.515 24
1512.603 22
1512.691 19
1512.779 19
1512.866 16
1512.954 13
1513.042 14
1513.130 9
1513.218 6
1513.306 6
1513.393 3
1513.481 3
1513.569 3
1513.657 3
1513.745 4
1513.833 5
1513.920 5
1514.008 9
1514.096 13
1514.184 16
1514.272 17
1514.360 19
1514.448 20
1514.535 20
1514.623 17
1514.711 17
1514.799 18
1514.887 16
1514.975 21
1515.063 20
1515.151 19
1515.238 19
1515.326 17
1515.414 15
1515.502 13
1515.590 10
1515.678 7
1515.766 5
1515.854 6
1515.942 7
1516.029 6
1516.117 7
1516.205 5
1516.293 4
1516.381 7
1516.469 6
1516.557 6
1516.645 6
1516.733 6
1516.821 8
1516.909 7
1516.997 6
1517.085 5
1517.173 4
1517.260 5
1517.348 7
1517.436 7
1517.524 7
1517.612 8
1517.700 8
1517.788 10
1517.876 10
1517.964 9
1518.052 8
1518.140 9
1518.228 3
1518.316 3
1518.404 3
1518.492 2
1518.580 4
1518.668 5
1518.756 5
1518.844 6
1518.932 8
1519.020 8
1519.108 12
1519.196 13
1519.284 14
1519.372 17
1519.460 17
1519.548 20
1519.636 18
1519.724 14
1519.812 12
1519.900 7
1519.988 7
1520.076 7
1520.164 7
1520.252 8
1520.340 8
1520.428 9
1520.516 8
1520.604 9
1520.692 12
1520.780 11
1520.868 12
1520.956 15
1521.045 16
1521.133 18
1521.221 21
1521.309 21
1521.397 21
1521.485 19
1521.573 16
1521.661 16
1521.749 13
1521.837 11
1521.925 12
1522.013 9
1522.101 6
1522.190 6
1522.278 4
1522.366 3
1522.454 3
1522.542 2
1522.630 2
1522.718 1
1522.806 1
1522.894 4
1522.982 6
1523.071 9
1523.159 9
1523.247 13
1523.335 14
1523.423 19
1523.511 22
1523.599 16
1523.687 13
1523.776 11
1523.864 5
1523.952 5
1524.040 6
1524.128 6
1524.216 6
1524.304 9
1524.393 12
1524.481 12
1524.569 12
1524.657 9
1524.745 8
1524.833 7
1524.922 8
1525.010 7
1525.098 7
1525.186 7
1525.274 7
1525.362 9
1525.451 14
1525.539 18
1525.627 18
1525.715 16
1525.803 13
1525.892 11
1525.980 10
1526.068 9
1526.156 9
1526.244 6
1526.333 5
1526.421 5
1526.509 6
1526.597 6
1526.685 6
1526.774 5
1526.862 5
1526.950 6
1527.038 9
1527.127 9
1527.215 9
1527.303 8
1527.391 11
1527.480 12
1527.568 12
1527.656 13
1527.744 10
1527.833 12
1527.921 12
1528.009 9
1528.097 4
1528.186 6
1528.274 5
1528.362 5
1528.450 4
1528.539 2
1528.627 2
1528.715 5
1528.804 4
1528.892 4
1528.980 4
1529.068 2
1529.157 4
1529.245 4
1529.333 6
1529.422 5
1529.510 4
1529.598 8
1529.687 7
1529.775 8
1529.863 8
1529.951 5
1530.040 5
1530.128 4
1530.216 4
1530.305 5
1530.393 8
1530.481 7
1530.570 7
1530.658 11
1530.746 10
1530.835 8
1530.923 10
1531.012 6
1531.100 4
1531.188 4
1531.277 3
1531.365 2
1531.453 2
1531.542 4
1531.630 7
1531.718 10
1531.807 12
1531.895 14
1531.983 12
1532.072 13
1532.160 13
1532.249 11
1532.337 12
1532.425 10
1532.514 12
1532.602 11
1532.691 9
1532.779 8
1532.867 5
1532.956 5
1533.044 5
1533.133 4
1533.221 3
1533.309 3
1533.398 3
1533.486 3
1533.575 3
1533.663 4
1533.752 5
1533.840 5
1533.928 5
1534.017 2
1534.105 0
1534.194 0
1534.282 0
1534.371 0
1534.459 0
1534.548 0
1534.636 2
1534.724 4
1534.813 6
1534.901 9
1534.990 11
1535.078 14
1535.167 15
1535.255 20
1535.344 18
1535.432 19
1535.521 21
1535.609 19
1535.698 16
1535.786 15
1535.875 13
1535.963 13
1536.052 14
1536.140 13
1536.229 17
1536.317 17
1536.406 16
1536.494 20
1536.583 21
1536.671 20
1536.760 18
1536.848 12
1536.937 12
1537.025 11
1537.114 10
1537.202 6
1537.291 5
1537.379 6
1537.468 10
1537.556 12
1537.645 12
1537.733 12
1537.822 9
1537.911 9
1537.999 8
1538.088 10
1538.176 7
1538.265 4
1538.353 4
1538.442 8
1538.530 9
1538.619 11
1538.708 11
1538.796 8
1538.885 7
1538.973 6
1539.062 6
1539.151 6
1539.239 8
1539.328 9
1539.416 12
1539.505 10
1539.594 10
1539.682 10
1539.771 12
1539.859 11
1539.948 8
1540.037 7
1540.125 4
1540.214 4
1540.302 4
1540.391 6
1540.480 5
1540.568 7
1540.657 9
1540.746 12
1540.834 13
1540.923 12
1541.011 11
1541.100 7
1541.189 4
1541.277 3
1541.366 2
1541.455 1
1541.543 2
1541.632 5
1541.721 5
1541.809 5
1541.898 4
1541.987 2
1542.075 4
1542.164 3
1542.253 4
1542.341 6
1542.430 4
1542.519 4
1542.607 7
1542.696 5
1542.785 6
1542.873 7
1542.962 9
1543.051 9
1543.140 9
1543.228 6
1543.317 4
1543.406 4
1543.494 4
1543.583 4
1543.672 5
1543.761 5
1543.849 6
1543.938 8
1544.027 4
1544.115 4
1544.204 3
1544.293 3
1544.382 4
1544.470 4
1544.559 4
1544.648 3
1544.737 4
1544.825 5
1544.914 6
1545.003 7
1545.092 9
1545.180 12
1545.269 13
1545.358 14
1545.447 14
1545.535 10
1545.624 8
1545.713 4
1545.802 2
1545.891 3
1545.979 3
1546.068 3
1546.157 2
1546.246 3
1546.335 4
1546.423 4
1546.512 6
1546.601 6
1546.690 6
1546.779 7
1546.867 13
1546.956 18
1547.045 23
1547.134 27
1547.223 30
1547.311 35
1547.400 39
1547.489 45
1547.578 41
1547.667 39
1547.756 36
1547.844 35
1547.933 43
1548.022 53
1548.111 70
1548.200 87
1548.289 99
1548.378 108
1548.466 109
1548.555 111
1548.644 100
1548.733 89
1548.822 81
1548.911 71
1549.000 70
1549.088 73
1549.177 76
1549.266 82
1549.355 87
1549.444 96
1549.533 102
1549.622 103
1549.711 93
1549.800 81
1549.888 69
1549.977 64
1550.066 66
1550.155 67
1550.244 70
1550.333 75
1550.422 71
1550.511 66
1550.600 57
1550.689 50
1550.778 48
1550.866 45
1550.955 45
1551.044 38
1551.133 35
1551.222 29
1551.311 26
1551.400 31
1551.489 28
1551.578 29
1551.667 27
1551.756 20
1551.845 20
1551.934 19
1552.023 22
1552.112 22
1552.201 24
1552.290 24
1552.379 26
1552.468 28
1552.557 28
1552.646 24
1552.735 20
1552.824 17
1552.912 13
1553.001 12
1553.090 11
1553.179 11
1553.268 10
1553.357 13
1553.446 12
1553.535 8
1553.624 5
1553.713 4
1553.802 4
1553.892 4
1553.981 5
1554.070 7
1554.159 8
1554.248 10
1554.337 8
1554.426 6
1554.515 5
1554.604 4
1554.693 4
1554.782 5
1554.871 5
1554.960 5
1555.049 6
1555.138 5
1555.227 5
1555.316 8
1555.405 4
1555.494 4
1555.583 4
1555.672 5
1555.761 4
1555.850 6
1555.940 6
1556.029 5
1556.118 5
1556.207 8
1556.296 8
1556.385 6
1556.474 6
1556.563 5
1556.652 4
1556.741 2
1556.830 1
1556.920 0
1557.009 0
1557.098 0
1557.187 1
1557.276 2
1557.365 2
1557.454 4
1557.543 9
1557.632 9
1557.722 9
1557.811 7
1557.900 2
1557.989 2
1558.078 2
1558.167 2
1558.256 1
1558.345 0
1558.435 0
1558.524 0
1558.613 1
1558.702 2
1558.791 3
1558.880 7
1558.970 9
1559.059 9
1559.148 9
1559.237 9
1559.326 12
1559.415 13
1559.505 12
1559.594 8
1559.683 7
1559.772 4
1559.861 3
1559.951 2
1560.040 0
1560.129 0
1560.218 0
1560.307 1
1560.397 1
1560.486 4
1560.575 4
1560.664 3
1560.753 6
1560.843 5
1560.932 6
1561.021 10
1561.110 15
1561.199 17
1561.289 19
1561.378 24
1561.467 16
1561.556 14
1561.646 13
1561.735 11
1561.824 11
1561.913 9
1562.003 7
1562.092 5
1562.181 5
1562.270 6
1562.360 6
1562.449 5
1562.538 4
1562.627 5
1562.717 5
1562.806 8
1562.895 6
1562.985 7
1563.074 7
1563.163 10
1563.252 13
1563.342 10
1563.431 11
1563.520 12
1563.610 10
1563.699 10
1563.788 8
1563.877 5
1563.967 9
1564.056 9
1564.145 10
1564.235 12
1564.324 11
1564.413 10
1564.503 9
1564.592 8
1564.681 6
1564.771 8
1564.860 9
1564.949 7
1565.039 10
1565.128 12
1565.217 11
1565.307 12
1565.396 11
1565.485 8
1565.575 8
1565.664 5
1565.753 6
1565.843 5
1565.932 5
1566.021 3
1566.111 2
1566.200 2
1566.290 2
1566.379 3
1566.468 5
1566.558 8
1566.647 11
1566.736 10
1566.826 11
1566.915 9
1567.005 9
1567.094 13
1567.183 12
1567.273 14
1567.362 13
1567.452 13
1567.541 7
1567.630 6
1567.720 7
1567.809 8
1567.899 11
1567.988 13
1568.078 17
1568.167 17
1568.256 18
1568.346 16
1568.435 14
1568.525 15
1568.614 12
1568.704 14
1568.793 14
1568.883 17
1568.972 15
1569.061 12
1569.151 11
1569.240 9
1569.330 8
1569.419 7
1569.509 6
1569.598 5
1569.688 7
1569.777 6
1569.867 7
1569.956 6
1570.046 7
1570.135 9
1570.225 8
1570.314 7
1570.404 4
1570.493 3
1570.583 3
1570.672 4
1570.762 4
1570.851 4
1570.941 7
1571.030 7
1571.120 8
1571.209 11
1571.299 9
1571.388 8
1571.478 10
1571.567 11
1571.657 12
1571.746 13
1571.836 14
1571.925 14
1572.015 11
1572.104 9
1572.194 8
1572.283 8
1572.373 7
1572.463 5
1572.552 5
1572.642 4
1572.731 6
1572.821 10
1572.910 8
1573.000 6
1573.089 4
1573.179 2
1573.269 2
1573.358 3
1573.448 3
1573.537 1
1573.627 2
1573.717 3
1573.806 3
1573.896 5
1573.985 4
1574.075 2
1574.165 2
1574.254 4
1574.344 4
1574.433 5
1574.523 5
1574.613 6
1574.702 5
1574.792 5
1574.881 7
1574.971 6
1575.061 7
1575.150 11
1575.240 10
1575.330 10
1575.419 10
1575.509 10
1575.598 10
1575.688 9
1575.778 8
1575.867 7
1575.957 4
1576.047 6
1576.136 5
1576.226 4
1576.316 6
1576.405 3
1576.495 3
1576.585 2
1576.674 3
1576.764 3
1576.854 3
1576.943 3
1577.033 3
1577.123 3
1577.212 3
1577.302 4
1577.392 1
1577.482 1
1577.571 1
1577.661 1
1577.751 1
1577.840 1
1577.930 1
1578.020 0
1578.110 2
1578.199 4
1578.289 7
1578.379 7
1578.468 6
1578.558 4
1578.648 4
1578.738 6
1578.827 5
1578.917 6
1579.007 6
1579.097 5
1579.186 5
1579.276 6
1579.366 4
1579.456 7
1579.545 7
1579.635 8
1579.725 9
1579.815 9
1579.904 9
1579.994 7
1580.084 5
1580.174 5
1580.263 7
1580.353 10
1580.443 11
1580.533 12
1580.623 12
1580.712 10
1580.802 9
1580.892 8
1580.982 5
1581.072 3
1581.161 4
1581.251 5
1581.341 3
1581.431 6
1581.521 9
1581.610 11
1581.700 13
1581.790 16
1581.880 15
1581.970 14
1582.059 14
1582.149 10
1582.239 11
1582.329 11
1582.419 9
1582.509 5
1582.599 3
1582.688 3
1582.778 3
1582.868 5
1582.958 4
1583.048 3
1583.138 4
1583.227 5
1583.317 5
1583.407 5
1583.497 7
1583.587 9
1583.677 9
1583.767 9
1583.857 11
1583.946 12
1584.036 14
1584.126 13
1584.216 7
1584.306 3
1584.396 1
1584.486 2
1584.576 5
1584.666 7
1584.756 8
1584.845 8
1584.935 8
1585.025 6
1585.115 6
1585.205 7
1585.295 5
1585.385 4
1585.475 4
1585.565 4
1585.655 4
1585.745 4
1585.835 3
1585.925 4
1586.014 4
1586.104 4
1586.194 4
1586.284 3
1586.374 3
1586.464 1
1586.554 4
1586.644 6
1586.734 6
1586.824 7
1586.914 5
1587.004 2
1587.094 3
1587.184 3
1587.274 3
1587.364 6
1587.454 6
1587.544 6
1587.634 8
1587.724 7
1587.814 7
1587.904 8
1587.994 8
1588.084 13
1588.174 14
1588.264 15
1588.354 13
1588.444 8
1588.534 7
1588.624 5
1588.714 2
1588.804 5
1588.894 5
1588.984 6
1589.074 6
1589.164 6
1589.254 8
1589.344 10
1589.434 10
1589.524 7
1589.614 5
1589.704 4
1589.794 3
1589.884 2
1589.974 2
1590.065 2
1590.155 3
1590.245 4
1590.335 5
1590.425 6
1590.515 5
1590.605 6
1590.695 5
1590.785 4
1590.875 4
1590.965 2
1591.055 3
1591.145 1
1591.235 6
1591.326 9
1591.416 10
1591.506 13
1591.596 15
1591.686 15
1591.776 16
1591.866 13
1591.956 14
1592.046 16
1592.137 15
1592.227 14
1592.317 9
1592.407 8
1592.497 7
1592.587 5
1592.677 4
1592.767 7
1592.858 7
1592.948 9
1593.038 10
1593.128 7
1593.218 7
1593.308 10
1593.398 13
1593.489 10
1593.579 10
1593.669 9
1593.759 11
1593.849 11
1593.939 11
1594.030 8
1594.120 9
1594.210 10
1594.300 10
1594.390 13
1594.481 11
1594.571 12
1594.661 12
1594.751 10
1594.841 4
1594.931 3
1595.022 3
1595.112 3
1595.202 4
1595.292 3
1595.382 3
1595.473 1
1595.563 2
1595.653 2
1595.743 4
1595.834 7
1595.924 7
1596.014 8
1596.104 11
1596.195 12
1596.285 14
1596.375 14
1596.465 14
1596.555 18
1596.646 17
1596.736 16
1596.826 20
1596.916 22
1597.007 24
1597.097 27
1597.187 29
1597.278 27
1597.368 30
1597.458 27
1597.548 27
1597.639 22
1597.729 18
1597.819 16
1597.909 15
1598.000 16
1598.090 23
1598.180 28
1598.271 30
1598.361 34
1598.451 32
1598.541 29
1598.632 33
1598.722 31
1598.812 31
1598.903 33
1598.993 28
1599.083 23
1599.174 22
1599.264 19
1599.354 21
1599.445 22
1599.535 21
1599.625 20
1599.716 20
1599.806 17
1599.896 14
1599.987 15
1600.077 15
1600.167 16
1600.258 19
1600.348 20
1600.438 23
1600.529 25
1600.619 25
1600.709 22
1600.800 18
1600.890 15
1600.981 11
1601.071 8
1601.161 11
1601.252 16
1601.342 17
1601.432 17
1601.523 15
1601.613 10
1601.704 8
1601.794 7
1601.884 7
1601.975 7
1602.065 7
1602.156 9
1602.246 9
1602.336 6
1602.427 5
1602.517 4
1602.608 5
1602.698 3
1602.789 5
1602.879 4
1602.969 3
1603.060 3
1603.150 7
1603.241 10
1603.331 11
1603.422 12
1603.512 10
1603.602 9
1603.693 10
1603.783 8
1603.874 10
1603.964 11
1604.055 11
1604.145 9
1604.236 11
1604.326 10
1604.417 10
1604.507 10
1604.598 10
1604.688 9
1604.778 8
1604.869 7
1604.959 7
1605.050 7
1605.140 7
1605.231 7
1605.321 10
1605.412 13
1605.502 14
1605.593 16
1605.683 12
1605.774 10
1605.864 9
1605.955 6
1606.045 6
1606.136 5
1606.226 5
1606.317 3
1606.408 3
1606.498 4
1606.589 5
1606.679 7
1606.770 10
1606.860 11
1606.951 14
1607.041 16
1607.132 18
1607.222 20
1607.313 19
1607.403 20
1607.494 26
1607.585 25
1607.675 27
1607.766 23
1607.856 20
1607.947 17
1608.037 16
1608.128 16
1608.219 14
1608.309 11
1608.400 8
1608.490 10
1608.581 9
1608.672 11
1608.762 12
1608.853 15
1608.943 13
1609.034 14
1609.125 14
1609.215 14
1609.306 17
1609.396 20
1609.487 18
1609.578 14
1609.668 13
1609.759 11
1609.849 11
1609.940 11
1610.031 6
1610.121 5
1610.212 5
1610.303 5
1610.393 3
1610.484 3
1610.575 3
1610.665 5
1610.756 5
1610.846 4
1610.937 3
1611.028 1
1611.118 1
1611.209 1
1611.300 1
1611.390 3
1611.481 3
1611.572 3
1611.662 3
1611.753 6
1611.844 5
1611.934 5
1612.025 5
1612.116 2
1612.207 4
1612.297 5
1612.388 6
1612.479 8
1612.569 7
1612.660 8
1612.751 9
1612.841 7
1612.932 11
1613.023 11
1613.114 11
1613.204 9
1613.295 6
1613.386 8
1613.476 9
1613.567 10
1613.658 7
1613.749 7
1613.839 7
1613.930 7
1614.021 7
1614.112 11
1614.202 11
1614.293 15
1614.384 15
1614.475 15
1614.565 18
1614.656 20
1614.747 21
1614.838 20
1614.928 18
1615.019 15
1615.110 19
1615.201 16
1615.292 15
1615.382 13
1615.473 10
1615.564 9
1615.655 9
1615.746 9
1615.836 6
1615.927 6
1616.018 6
1616.109 9
1616.200 9
1616.290 10
1616.381 12
1616.472 11
1616.563 9
1616.654 7
1616.744 4
1616.835 3
1616.926 3
1617.017 4
1617.108 5
1617.199 6
1617.289 8
1617.380 8
1617.471 8
1617.562 11
1617.653 11
1617.744 10
1617.834 9
1617.925 6
1618.016 4
1618.107 4
1618.198 4
1618.289 3
1618.380 3
1618.470 5
1618.561 7
1618.652 9
1618.743 8
1618.834 7
1618.925 6
1619.016 3
1619.107 3
1619.198 3
1619.288 3
1619.379 3
1619.470 3
1619.561 3
1619.652 3
1619.743 2
1619.834 2
1619.925 3
1620.016 3
1620.107 4
1620.197 8
1620.288 10
1620.379 14
1620.470 18
1620.561 16
1620.652 14
1620.743 12
1620.834 10
1620.925 9
1621.016 9
1621.107 9
1621.198 7
1621.289 7
1621.380 7
1621.471 6
1621.562 7
1621.653 8
1621.743 8
1621.834 9
1621.925 10
1622.016 9
1622.107 11
1622.198 11
1622.289 15
1622.380 15
1622.471 15
1622.562 13
1622.653 10
1622.744 8
1622.835 5
1622.926 4
1623.017 2
1623.108 2
1623.199 1
1623.290 1
1623.381 0
1623.472 0
1623.563 0
1623.654 0
1623.745 1
1623.836 1
1623.927 1
1624.018 2
1624.109 3
1624.200 5
1624.291 8
1624.383 7
1624.474 7
1624.565 7
1624.656 7
1624.747 8
1624.838 7
1624.929 7
1625.020 5
1625.111 4
1625.202 5
1625.293 4
1625.384 4
1625.475 4
1625.566 7
1625.657 7
1625.748 7
1625.839 7
1625.931 8
1626.022 9
1626.113 8
1626.204 8
1626.295 11
1626.386 13
1626.477 12
1626.568 11
1626.659 10
1626.750 7
1626.841 8
1626.933 8
1627.024 8
1627.115 5
1627.206 3
1627.297 5
1627.388 4
1627.479 4
1627.570 4
1627.662 2
1627.753 1
1627.844 1
1627.935 1
1628.026 0
1628.117 2
1628.208 2
1628.300 2
1628.391 2
1628.482 1
1628.573 3
1628.664 3
1628.755 3
1628.847 3
1628.938 3
1629.029 4
1629.120 4
1629.211 4
1629.302 2
1629.394 1
1629.485 1
1629.576 0
1629.667 0
1629.758 0
1629.849 0
1629.941 0
1630.032 0
1630.123 0
1630.214 0
1630.305 1
1630.397 2
1630.488 2
1630.579 2
1630.670 3
1630.762 3
1630.853 3
1630.944 3
1631.035 8
1631.126 10
1631.218 9
1631.309 9
1631.400 7
1631.491 4
1631.583 5
1631.674 5
1631.765 4
1631.856 7
1631.948 7
1632.039 9
1632.130 14
1632.221 15
1632.313 14
1632.404 13
1632.495 10
1632.586 9
1632.678 7
1632.769 7
1632.860 5
1632.952 4
1633.043 4
1633.134 4
1633.225 3
1633.317 3
1633.408 4
1633.499 5
1633.591 6
1633.682 7
1633.773 9
1633.865 11
1633.956 12
1634.047 14
1634.138 14
1634.230 13
1634.321 11
1634.412 10
1634.504 10
1634.595 10
1634.686 7
1634.778 9
1634.869 7
1634.960 6
1635.052 4
1635.143 2
1635.234 2
1635.326 2
1635.417 3
1635.508 1
1635.600 1
1635.691 3
1635.783 3
1635.874 3
1635.965 3
1636.057 2
1636.148 1
1636.239 4
1636.331 4
1636.422 3
1636.514 7
1636.605 10
1636.696 11
1636.788 13
1636.879 11
1636.970 14
1637.062 15
1637.153 14
1637.245 15
1637.336 16
1637.427 14
1637.519 9
1637.610 6
1637.702 3
1637.793 3
1637.885 4
1637.976 4
1638.067 7
1638.159 8
1638.250 7
1638.342 9
1638.433 7
1638.525 7
1638.616 8
1638.707 11
1638.799 13
1638.890 12
1638.982 11
1639.073 8
1639.165 8
1639.256 7
1639.348 6
1639.439 3
1639.531 0
1639.622 1
1639.713 2
1639.805 3
1639.896 7
1639.988 11
1640.079 13
1640.171 15
1640.262 13
1640.354 13
1640.445 13
1640.537 13
1640.628 10
1640.720 7
1640.811 7
1640.903 5
1640.994 6
1641.086 8
1641.177 9
1641.269 7
1641.360 9
1641.452 11
1641.543 9
1641.635 8
1641.727 6
1641.818 6
1641.910 7
1642.001 9
1642.093 9
1642.184 6
1642.276 6
1642.367 4
1642.459 7
1642.550 6
1642.642 5
1642.734 3
1642.825 3
1642.917 4
1643.008 6
1643.100 9
1643.191 10
1643.283 11
1643.374 11
1643.466 13
1643.558 13
1643.649 11
1643.741 9
1643.832 4
1643.924 2
1644.016 4
1644.107 4
1644.199 4
1644.290 7
1644.382 6
1644.474 6
1644.565 7
1644.657 10
1644.748 10
1644.840 11
1644.932 12
1645.023 13
1645.115 13
1645.207 13
1645.298 14
1645.390 19
1645.481 19
1645.573 18
1645.665 14
1645.756 10
1645.848 8
1645.940 7
1646.031 6
1646.123 1
1646.215 1
1646.306 1
1646.398 2
1646.490 3
1646.581 3
1646.673 3
1646.765 3
1646.856 6
1646.948 6
1647.040 6
1647.131 5
1647.223 3
1647.315 3
1647.406 3
1647.498 6
1647.590 5
1647.681 5
1647.773 5
1647.865 4
1647.957 4
1648.048 4
1648.140 4
1648.232 4
1648.323 5
1648.415 6
1648.507 6
1648.599 3
1648.690 3
1648.782 2
1648.874 4
1648.965 4
1649.057 4
1649.149 5
1649.241 3
1649.332 3
1649.424 3
1649.516 4
1649.608 6
1649.699 13
1649.791 11
1649.883 11
1649.975 9
1650.066 6
1650.158 9
1650.250 9
1650.342 11
1650.434 13
1650.525 14
1650.617 12
1650.709 11
1650.801 7
1650.892 3
1650.984 4
1651.076 3
1651.168 6
1651.260 7
1651.351 9
1651.443 9
1651.535 12
1651.627 11
1651.719 9
1651.810 9
1651.902 7
1651.994 7
1652.086 7
1652.178 7
1652.270 5
1652.361 8
1652.453 9
1652.545 9
1652.637 10
1652.729 10
1652.821 8
1652.912 10
1653.004 8
1653.096 6
1653.188 6
1653.280 6
1653.372 5
1653.464 6
1653.555 6
1653.647 5
1653.739 4
1653.831 3
1653.923 3
1654.015 2
1654.107 1
1654.198 0
1654.290 0
1654.382 0
1654.474 0
1654.566 5
1654.658 7
1654.750 9
1654.842 11
1654.934 9
1655.026 9
1655.117 9
1655.209 7
1655.301 7
1655.393 7
1655.485 7
1655.577 11
1655.669 12
1655.761 11
1655.853 11
1655.945 9
1656.037 11
1656.129 13
1656.221 13
1656.312 9
1656.404 6
1656.496 4
1656.588 3
1656.680 6
1656.772 7
1656.864 8
1656.956 8
1657.048 5
1657.140 4
1657.232 3
1657.324 3
1657.416 2
1657.508 4
1657.600 4
1657.692 4
1657.784 5
1657.876 7
1657.968 7
1658.060 7
1658.152 7
1658.244 4
1658.336 4
1658.428 4
1658.520 3
1658.612 1
1658.704 2
1658.796 3
1658.888 5
1658.980 5
1659.072 5
1659.164 5
1659.256 2
1659.348 5
1659.440 6
1659.532 7
1659.624 7
1659.716 6
1659.808 6
1659.900 7
1659.992 9
1660.084 10
1660.176 11
1660.268 12
1660.360 13
1660.452 12
1660.544 11
1660.637 10
1660.729 10
1660.821 11
1660.913 13
1661.005 15
1661.097 14
1661.189 14
1661.281 12
1661.373 8
1661.465 5
1661.557 3
1661.649 2
1661.741 2
1661.834 2
1661.926 1
1662.018 1
1662.110 1
1662.202 0
1662.294 0
1662.386 0
1662.478 0
1662.570 0
1662.663 0
1662.755 0
1662.847 0
1662.939 3
1663.031 6
1663.123 6
1663.215 7
1663.307 8
1663.400 7
1663.492 8
1663.584 7
1663.676 6
1663.768 4
1663.860 3
1663.952 3
1664.045 0
1664.137 0
1664.229 0
1664.321 0
1664.413 0
1664.505 0
1664.598 0
1664.690 2
1664.782 4
1664.874 4
1664.966 6
1665.059 4
1665.151 3
1665.243 5
1665.335 4
1665.427 4
1665.519 9
1665.612 8
1665.704 7
1665.796 7
1665.888 4
1665.981 3
1666.073 3
1666.165 3
1666.257 4
1666.349 5
1666.442 5
1666.534 4
1666.626 3
1666.718 7
1666.811 14
1666.903 17
1666.995 24
1667.087 26
1667.179 29
1667.272 30
1667.364 34
1667.456 31
1667.549 24
1667.641 20
1667.733 13
1667.825 13
1667.918 18
1668.010 26
1668.102 32
1668.194 34
1668.287 36
1668.379 33
1668.471 34
1668.563 33
1668.656 31
1668.748 29
1668.840 29
1668.933 29
1669.025 31
1669.117 33
1669.210 36
1669.302 34
1669.394 31
1669.486 31
1669.579 28
1669.671 22
1669.763 20
1669.856 22
1669.948 20
1670.040 25
1670.133 30
1670.225 31
1670.317 31
1670.410 30
1670.502 23
1670.594 21
1670.687 23
1670.779 20
1670.871 21
1670.964 19
1671.056 23
1671.148 18
1671.241 14
1671.333 12
1671.426 7
1671.518 8
1671.610 5
1671.703 5
1671.795 5
1671.887 4
1671.980 7
1672.072 7
1672.165 5
1672.257 7
1672.349 6
1672.442 7
1672.534 5
1672.627 7
1672.719 7
1672.811 7
1672.904 8
1672.996 8
1673.089 8
1673.181 9
1673.273 13
1673.366 11
1673.458 11
1673.551 10
1673.643 7
1673.736 11
1673.828 13
1673.920 12
1674.013 8
1674.105 6
1674.198 3
1674.290 4
1674.383 5
1674.475 8
1674.567 10
1674.660 10
1674.752 10
1674.845 9
1674.937 9
1675.030 9
1675.122 9
1675.215 13
1675.307 12
1675.400 13
1675.492 14
1675.585 18
1675.677 16
1675.770 14
1675.862 9
1675.955 4
1676.047 4
1676.140 4
1676.232 2
1676.325 1
1676.417 1
1676.510 1
1676.602 4
1676.695 4
1676.787 4
1676.880 4
1676.972 6
1677.065 7
1677.157 7
1677.250 7
1677.342 6
1677.435 4
1677.527 3
1677.620 2
1677.712 0
1677.805 0
1677.897 0
1677.990 2
1678.083 2
1678.175 2
1678.268 2
1678.360 0
1678.453 1
1678.545 1
1678.638 1
1678.730 2
1678.823 1
1678.916 2
1679.008 2
1679.101 3
1679.193 3
1679.286 6
1679.379 6
1679.471 4
1679.564 6
1679.656 6
1679.749 7
1679.842 8
1679.934 7
1680.027 7
1680.119 9
1680.212 11
1680.305 15
1680.397 16
1680.490 15
1680.582 14
1680.675 11
1680.768 9
1680.860 12
1680.953 15
1681.046 18
1681.138 21
1681.231 21
1681.323 21
1681.416 19
1681.509 13
1681.601 10
1681.694 9
1681.787 5
1681.879 5
1681.972 7
1682.065 8
1682.157 10
1682.250 14
1682.343 15
1682.435 18
1682.528 22
1682.621 22
1682.713 22
1682.806 18
1682.899 14
1682.991 11
1683.084 9
1683.177 8
1683.269 8
1683.362 5
1683.455 5
1683.548 4
1683.640 3
1683.733 3
1683.826 4
1683.918 5
1684.011 6
1684.104 11
1684.197 11
1684.289 11
1684.382 13
1684.475 11
1684.568 10
1684.660 10
1684.753 9
1684.846 5
1684.938 5
1685.031 6
1685.124 4
1685.217 3
1685.309 3
1685.402 2
1685.495 1
1685.588 0
1685.680 0
1685.773 0
1685.866 0
1685.959 1
1686.052 1
1686.144 1
1686.237 4
1686.330 7
1686.423 8
1686.515 9
1686.608 10
1686.701 6
1686.794 5
1686.887 4
1686.979 2
1687.072 2
1687.165 2
1687.258 5
1687.351 3
1687.443 3
1687.536 3
1687.629 2
1687.722 5
1687.815 5
1687.908 5
1688.000 4
1688.093 1
1688.186 3
1688.279 3
1688.372 2
1688.465 5
1688.557 3
1688.650 4
1688.743 4
1688.836 2
1688.929 2
1689.022 1
1689.115 2
1689.207 1
1689.300 3
1689.393 3
1689.486 2
1689.579 2
1689.672 4
1689.765 4
1689.857 4
1689.950 5
1690.043 6
1690.136 7
1690.229 8
1690.322 7
1690.415 4
1690.508 3
1690.601 2
1690.693 2
1690.786 4
1690.879 4
1690.972 4
1691.065 4
1691.158 2
1691.251 2
1691.344 2
1691.437 2
1691.530 1
1691.623 1
1691.716 3
1691.809 5
1691.901 11
1691.994 13
1692.087 14
1692.180 13
1692.273 11
1692.366 9
1692.459 7
1692.552 7
1692.645 3
1692.738 0
1692.831 1
1692.924 3
1693.017 4
1693.110 4
1693.203 4
1693.296 4
1693.389 10
1693.482 10
1693.575 9
1693.668 7
1693.761 3
1693.854 4
1693.947 4
1694.040 7
1694.133 6
1694.226 8
1694.319 8
1694.412 7
1694.505 6
1694.598 3
1694.691 4
1694.784 2
1694.877 1
1694.970 1
1695.063 0
1695.156 1
1695.249 2
1695.342 2
1695.435 2
1695.528 4
1695.621 4
1695.714 5
1695.807 6
1695.900 6
1695.993 6
1696.086 6
1696.179 6
1696.272 4
1696.365 4
1696.458 3
1696.552 2
1696.645 1
1696.738 0
1696.831 3
1696.924 3
1697.017 5
1697.110 6
1697.203 3
1697.296 3
1697.389 6
1697.482 5
1697.575 4
1697.669 3
1697.762 1
1697.855 2
1697.948 5
1698.041 5
1698.134 5
1698.227 9
1698.320 10
1698.413 12
1698.506 13
1698.600 8
1698.693 6
1698.786 5
1698.879 5
1698.972 4
1699.065 2
1699.158 1
1699.252 0
1699.345 0
1699.438 1
1699.531 1
1699.624 1
1699.717 1
1699.810 0
1699.904 0
1699.997 0
1700.090 2
1700.183 2
1700.276 2
1700.369 2
1700.463 0
1700.556 2
1700.649 3
1700.742 4
1700.835 4
1700.929 3
1701.022 2
1701.115 4
1701.208 4
1701.301 4
1701.394 5
1701.488 6
1701.581 7
1701.674 6
1701.767 5
1701.861 7
1701.954 9
1702.047 9
1702.140 9
1702.233 6
1702.327 3
1702.420 3
1702.513 3
1702.606 3
1702.700 3
1702.793 5
1702.886 6
1702.979 9
1703.073 9
1703.166 10
1703.259 9
1703.352 7
1703.446 7
1703.539 7
1703.632 8
1703.725 10
1703.819 7
1703.912 6
1704.005 8
1704.098 14
1704.192 17
1704.285 17
1704.378 16
1704.472 16
1704.565 13
1704.658 11
1704.751 10
1704.845 6
1704.938 8
1705.031 11
1705.125 13
1705.218 14
1705.311 16
1705.405 15
1705.498 17
1705.591 19
1705.684 19
1705.778 16
1705.871 15
1705.964 12
1706.058 10
1706.151 9
1706.244 8
1706.338 7
1706.431 3
1706.524 4
1706.618 4
1706.711 7
1706.804 6
1706.898 5
1706.991 4
1707.085 0
1707.178 0
1707.271 2
1707.365 2
1707.458 3
1707.551 3
1707.645 1
1707.738 1
1707.831 1
1707.925 2
1708.018 4
1708.112 6
1708.205 7
1708.298 7
1708.392 7
1708.485 6
1708.579 9
1708.672 13
1708.765 11
1708.859 11
1708.952 10
1709.046 11
1709.139 10
1709.232 8
1709.326 8
1709.419 5
1709.513 4
1709.606 3
1709.700 1
1709.793 1
1709.886 1
1709.980 1
1710.073 2
1710.167 2
1710.260 2
1710.354 2
1710.447 2
1710.541 4
1710.634 4
1710.727 4
1710.821 6
1710.914 6
1711.008 7
1711.101 8
1711.195 7
1711.288 9
1711.382 9
1711.475 9
1711.569 8
1711.662 5
1711.756 4
1711.849 4
1711.943 4
1712.036 3
1712.130 3
1712.223 2
1712.317 3
1712.410 3
1712.504 3
1712.597 4
1712.691 2
1712.784 1
1712.878 4
1712.971 6
1713.065 6
1713.158 6
1713.252 5
1713.345 5
1713.439 7
1713.532 8
1713.626 9
1713.720 8
1713.813 10
1713.907 11
1714.000 10
1714.094 9
1714.187 11
1714.281 10
1714.374 8
1714.468 7
1714.562 3
1714.655 2
1714.749 2
1714.842 2
1714.936 0
1715.029 0
1715.123 1
1715.217 1
1715.310 2
1715.404 2
1715.497 1
1715.591 1
1715.684 2
1715.778 2
1715.872 2
1715.965 2
1716.059 1
1716.153 3
1716.246 4
1716.340 4
1716.433 3
1716.527 3
1716.621 2
1716.714 2
1716.808 2
1716.901 1
1716.995 1
1717.089 1
1717.182 1
1717.276 1
1717.370 1
1717.463 2
1717.557 4
1717.651 4
1717.744 4
1717.838 3
1717.932 5
1718.025 5
1718.119 5
1718.213 5
1718.306 6
1718.400 8
1718.494 7
1718.587 6
1718.681 4
1718.775 2
1718.868 2
1718.962 2
1719.056 3
1719.149 1
1719.243 1
1719.337 1
1719.430 1
1719.524 4
1719.618 4
1719.712 4
1719.805 3
1719.899 3
1719.993 4
1720.086 6
1720.180 8
1720.274 9
1720.368 8
1720.461 6
1720.555 4
1720.649 2
1720.742 3
1720.836 3
1720.930 7
1721.024 7
1721.117 6
1721.211 6
1721.305 6
1721.399 4
1721.492 5
1721.586 4
1721.680 3
1721.774 2
1721.868 0
1721.961 0
1722.055 2
1722.149 2
1722.243 5
1722.336 5
1722.430 8
1722.524 8
1722.618 6
1722.712 6
1722.805 4
1722.899 4
1722.993 3
1723.087 3
1723.181 4
1723.274 4
1723.368 4
1723.462 4
1723.556 7
1723.650 6
1723.743 6
1723.837 6
1723.931 7
1724.025 8
1724.119 8
1724.213 8
1724.306 4
1724.400 3
1724.494 3
1724.588 3
1724.682 3
1724.776 0
1724.869 0
1724.963 0
1725.057 1
1725.151 3
1725.245 3
1725.339 3
1725.433 4
1725.526 2
1725.620 2
1725.714 2
1725.808 1
1725.902 1
1725.996 1
1726.090 1
1726.184 1
1726.277 1
1726.371 1
1726.465 1
1726.559 1
1726.653 3
1726.747 4
1726.841 5
1726.935 6
1727.029 7
1727.123 7
1727.216 7
1727.310 7
1727.404 7
1727.498 7
1727.592 6
1727.686 5
1727.780 4
1727.874 4
1727.968 5
1728.062 7
1728.156 7
1728.250 9
1728.344 9
1728.438 9
1728.532 12
1728.625 10
1728.719 13
1728.813 13
1728.907 14
1729.001 15
1729.095 13
1729.189 18
1729.283 18
1729.377 16
1729.471 14
1729.565 12
1729.659 9
1729.753 9
1729.847 9
1729.941 7
1730.035 4
1730.129 4
1730.223 4
1730.317 3
1730.411 5
1730.505 5
1730.599 6
1730.693 4
1730.787 4
1730.881 8
1730.975 8
1731.069 9
1731.163 8
1731.257 5
1731.351 4
1731.445 2
1731.539 3
1731.633 2
1731.727 2
1731.821 4
1731.915 3
1732.010 3
1732.104 3
1732.198 6
1732.292 8
1732.386 11
1732.480 11
1732.574 12
1732.668 14
1732.762 12
1732.856 12
1732.950 12
1733.044 7
1733.138 6
1733.232 6
1733.326 6
1733.421 7
1733.515 10
1733.609 10
1733.703 9
1733.797 6
1733.891 5
1733.985 5
1734.079 4
1734.173 4
1734.267 3
1734.361 4
1734.456 5
1734.550 6
1734.644 6
1734.738 6
1734.832 6
1734.926 4
1735.020 4
1735.114 4
1735.209 4
1735.303 2
1735.397 2
1735.491 2
1735.585 2
1735.679 3
1735.773 5
1735.868 6
1735.962 8
1736.056 6
1736.150 4
1736.244 3
1736.338 1
1736.433 0
1736.527 0
1736.621 0
1736.715 0
1736.809 1
1736.903 3
1736.998 5
1737.092 10
1737.186 13
1737.280 15
1737.374 15
1737.469 17
1737.563 15
1737.657 11
1737.751 10
1737.845 6
1737.940 5
1738.034 4
1738.128 4
1738.222 5
1738.316 5
1738.411 6
1738.505 6
1738.599 3
1738.693 4
1738.788 3
1738.882 4
1738.976 7
1739.070 8
1739.165 7
1739.259 7
1739.353 4
1739.447 4
1739.542 5
1739.636 5
1739.730 7
1739.824 6
1739.919 5
1740.013 5
1740.107 3
1740.201 4
1740.296 4
1740.390 4
1740.484 5
1740.579 4
1740.673 4
1740.767 4
1740.861 4
1740.956 8
1741.050 10
1741.144 11
1741.239 11
1741.333 9
1741.427 7
1741.521 6
1741.616 6
1741.710 5
1741.804 5
1741.899 5
1741.993 5
1742.087 4
1742.182 4
1742.276 3
1742.370 2
1742.465 1
1742.559 3
1742.653 3
1742.748 4
1742.842 4
1742.936 3
1743.031 4
1743.125 4
1743.219 4
1743.314 2
1743.408 1
1743.503 0
1743.597 0
1743.691 0
1743.786 0
1743.880 1
1743.974 1
1744.069 1
1744.163 1
1744.258 1
1744.352 1
1744.446 2
1744.541 2
1744.635 1
1744.729 3
1744.824 4
1744.918 4
1745.013 4
1745.107 4
1745.201 3
1745.296 3
1745.390 5
1745.485 3
1745.579 2
1745.674 2
1745.768 3
1745.862 3
1745.957 3
1746.051 3
1746.146 1
1746.240 1
1746.335 1
1746.429 1
1746.523 0
1746.618 0
1746.712 2
1746.807 2
1746.901 2
1746.996 2
1747.090 1
1747.185 1
1747.279 1
1747.374 2
1747.468 2
1747.563 2
1747.657 3
1747.751 5
1747.846 4
1747.940 4
1748.035 4
1748.129 6
1748.224 6
1748.318 6
1748.413 6
1748.507 6
1748.602 6
1748.696 6
1748.791 7
1748.885 5
1748.980 5
1749.074 5
1749.169 8
1749.263 4
1749.358 4
1749.453 3
1749.547 2
1749.642 3
1749.736 2
1749.831 2
1749.925 1
1750.020 0
1750.114 0
1750.209 0
1750.303 0
1750.398 1
1750.492 1
1750.587 1
1750.682 1
1750.776 2
1750.871 2
1750.965 2
1751.060 5
1751.154 4
1751.249 5
1751.344 6
1751.438 7
1751.533 11
1751.627 12
1751.722 12
1751.816 13
1751.911 9
1752.006 8
1752.100 8
1752.195 8
1752.289 8
1752.384 5
1752.479 5
1752.573 3
1752.668 3
1752.763 4
1752.857 4
1752.952 3
1753.046 3
1753.141 6
1753.236 6
1753.330 5
1753.425 7
1753.520 3
1753.614 3
1753.709 3
1753.803 1
1753.898 0
1753.993 0
1754.087 0
1754.182 0
1754.277 3
1754.371 5
1754.466 6
1754.561 7
1754.655 7
1754.750 7
1754.845 9
1754.939 9
1755.034 11
1755.129 10
1755.223 10
1755.318 6
1755.413 3
1755.508 3
1755.602 1
1755.697 2
1755.792 2
1755.886 3
1755.981 6
1756.076 8
1756.170 10
1756.265 12
1756.360 12
1756.455 14
1756.549 14
1756.644 12
1756.739 8
1756.833 5
1756.928 3
1757.023 3
1757.118 1
1757.212 2
1757.307 2
1757.402 2
1757.497 2
1757.591 1
1757.686 1
1757.781 2
1757.876 4
1757.970 4
1758.065 4
1758.160 3
1758.255 2
1758.349 1
1758.444 1
1758.539 1
1758.634 0
1758.729 0
1758.823 0
1758.918 0
1759.013 0
1759.108 1
1759.202 2
1759.297 2
1759.392 2
1759.487 3
1759.582 2
1759.676 2
1759.771 2
1759.866 0
1759.961 0
1760.056 0
1760.151 2
1760.245 5
1760.340 6
1760.435 7
1760.530 8
1760.625 5
1760.719 4
1760.814 3
1760.909 1
1761.004 3
1761.099 3
1761.194 3
1761.289 6
1761.383 7
1761.478 7
1761.573 7
1761.668 4
1761.763 2
1761.858 3
1761.953 3
1762.047 2
1762.142 5
1762.237 3
1762.332 2
1762.427 4
1762.522 5
1762.617 6
1762.712 7
1762.806 5
1762.901 7
1762.996 7
1763.091 7
1763.186 7
1763.281 3
1763.376 5
1763.471 7
1763.566 10
1763.661 7
1763.755 5
1763.850 3
1763.945 1
1764.040 1
1764.135 1
1764.230 1
1764.325 0
1764.420 0
1764.515 0
1764.610 0
1764.705 0
1764.800 0
1764.895 0
1764.990 0
1765.085 1
1765.180 3
1765.274 5
1765.369 5
1765.464 4
1765.559 4
1765.654 4
1765.749 4
1765.844 4
1765.939 2
1766.034 0
1766.129 0
1766.224 1
1766.319 1
1766.414 2
1766.509 2
1766.604 1
1766.699 3
1766.794 4
1766.889 5
1766.984 6
1767.079 5
1767.174 4
1767.269 4
1767.364 5
1767.459 8
1767.554 8
1767.649 8
1767.744 6
1767.839 3
1767.934 4
1768.029 5
1768.124 6
1768.219 9
1768.314 10
1768.410 12
1768.505 15
1768.600 13
1768.695 13
1768.790 12
1768.885 13
1768.980 12
1769.075 11
1769.170 10
1769.265 11
1769.360 8
1769.455 7
1769.550 6
1769.645 2
1769.740 1
1769.835 3
1769.931 3
1770.026 3
1770.121 3
1770.216 4
1770.311 4
1770.406 3
1770.501 4
1770.596 1
1770.691 1
1770.786 2
1770.882 2
1770.977 2
1771.072 2
1771.167 1
1771.262 1
1771.357 2
1771.452 3
1771.547 4
1771.643 3
1771.738 2
1771.833 4
1771.928 3
1772.023 3
1772.118 3
1772.213 1
1772.309 1
1772.404 2
1772.499 2
1772.594 1
1772.689 1
1772.784 3
1772.879 3
1772.975 3
1773.070 3
1773.165 1
1773.260 1
1773.355 1
1773.451 1
1773.546 0
1773.641 1
1773.736 1
1773.831 1
1773.926 1
1774.022 0
1774.117 1
1774.212 1
1774.307 7
1774.402 8
1774.498 8
1774.593 9
1774.688 10
1774.783 10
1774.879 9
1774.974 6
1775.069 6
1775.164 5
1775.259 5
1775.355 3
1775.450 2
1775.545 2
1775.640 2
1775.736 2
1775.831 5
1775.926 6
1776.021 6
1776.117 6
1776.212 10
1776.307 9
1776.402 9
1776.498 9
1776.593 6
1776.688 6
1776.783 6
1776.879 9
1776.974 10
1777.069 9
1777.165 8
1777.260 6
1777.355 4
1777.450 4
1777.546 4
1777.641 2
1777.736 1
1777.832 1
1777.927 2
1778.022 3
1778.117 2
1778.213 2
1778.308 1
1778.403 0
1778.499 0
1778.594 0
1778.689 0
1778.785 0
1778.880 3
1778.975 5
1779.071 6
1779.166 7
1779.261 7
1779.357 6
1779.452 6
1779.547 5
1779.643 9
1779.738 10
1779.833 11
1779.929 12
1780.024 11
1780.120 9
1780.215 7
1780.310 2
1780.406 2
1780.501 2
1780.596 2
1780.692 2
1780.787 3
1780.883 6
1780.978 6
1781.073 7
1781.169 5
1781.264 2
1781.359 2
1781.455 3
1781.550 4
1781.646 4
1781.741 4
1781.836 3
1781.932 4
1782.027 4
1782.123 4
1782.218 5
1782.314 2
1782.409 2
1782.504 2
1782.600 1
1782.695 6
1782.791 8
1782.886 8
1782.982 8
1783.077 10
1783.172 8
1783.268 7
1783.363 5
1783.459 4
1783.554 3
1783.650 4
1783.745 4
1783.841 6
1783.936 6
1784.032 5
1784.127 5
1784.223 0
1784.318 0
1784.413 0
1784.509 2
1784.604 5
1784.700 5
1784.795 5
1784.891 4
1784.986 4
1785.082 4
1785.177 4
1785.273 4
1785.368 3
1785.464 3
1785.559 3
1785.655 4
1785.750 3
1785.846 3
1785.941 3
1786.037 3
1786.133 3
1786.228 5
1786.324 7
1786.419 6
1786.515 9
1786.610 11
1786.706 13
1786.801 13
1786.897 11
1786.992 8
1787.088 5
1787.183 7
1787.279 7
1787.375 6
1787.470 5
1787.566 4
1787.661 3
1787.757 4
1787.852 4
1787.948 3
1788.044 2
1788.139 1
1788.235 1
1788.330 2
1788.426 4
1788.521 6
1788.617 7
1788.713 8
1788.808 8
1788.904 8
1788.999 8
1789.095 7
1789.191 6
1789.286 5
1789.382 5
1789.477 3
1789.573 4
1789.669 4
1789.764 5
1789.860 5
1789.956 4
1790.051 4
1790.147 3
1790.243 0
1790.338 0
1790.434 0
1790.529 1
1790.625 5
1790.721 7
1790.816 10
1790.912 9
1791.008 5
1791.103 7
1791.199 7
1791.295 8
1791.390 9
1791.486 11
1791.582 9
1791.677 10
1791.773 10
1791.869 8
1791.964 7
1792.060 5
1792.156 4
1792.251 3
1792.347 5
1792.443 5
1792.539 5
1792.634 9
1792.730 7
1792.826 7
1792.921 7
1793.017 7
1793.113 7
1793.209 7
1793.304 7
1793.400 5
1793.496 5
1793.591 5
1793.687 6
1793.783 4
1793.879 5
1793.974 6
1794.070 7
1794.166 5
1794.262 4
1794.357 3
1794.453 2
1794.549 2
1794.645 5
1794.740 5
1794.836 7
1794.932 6
1795.028 7
1795.123 6
1795.219 8
1795.315 6
1795.411 4
1795.506 3
1795.602 1
1795.698 1
1795.794 2
1795.890 2
1795.985 5
1796.081 6
1796.177 7
1796.273 7
1796.369 5
1796.464 5
1796.560 3
1796.656 3
1796.752 1
1796.848 0
1796.943 0
1797.039 0
1797.135 2
1797.231 3
1797.327 3
1797.423 4
1797.518 3
1797.614 2
1797.710 2
1797.806 1
1797.902 1
1797.998 1
1798.093 4
1798.189 7
1798.285 13
1798.381 17
1798.477 19
1798.573 20
1798.669 21
1798.764 15
1798.860 13
1798.956 12
1799.052 11
1799.148 9
1799.244 7
1799.340 5
1799.436 3
1799.531 2
1799.627 2
1799.723 2
1799.819 2
1799.915 0
1800.011 0
1800.107 0
1800.203 0
1800.299 2
1800.395 6
1800.491 7
1800.586 8
1800.682 8
1800.778 9
1800.874 10
1800.970 8
1801.066 7
1801.162 7
1801.258 7
1801.354 4
1801.450 5
1801.546 4
1801.642 2
1801.738 3
1801.834 1
1801.930 1
1802.025 1
1802.121 0
1802.217 0
1802.313 0
1802.409 0
1802.505 0
1802.601 2
1802.697 2
1802.793 3
1802.889 4
1802.985 3
1803.081 3
1803.177 2
1803.273 5
1803.369 4
1803.465 4
1803.561 4
1803.657 5
1803.753 5
1803.849 8
1803.945 8
1804.041 7
1804.137 9
1804.233 5
1804.329 4
1804.425 3
1804.521 2
1804.617 2
1804.713 2
1804.809 2
1804.905 0
1805.001 0
1805.097 0
1805.193 2
1805.289 2
1805.386 2
1805.482 2
1805.578 1
1805.674 1
1805.770 2
1805.866 2
1805.962 1
1806.058 2
1806.154 1
1806.250 1
1806.346 1
1806.442 3
1806.538 4
1806.634 4
1806.730 4
1806.826 3
1806.923 4
1807.019 5
1807.115 8
1807.211 8
1807.307 7
1807.403 8
1807.499 6
1807.595 4
1807.691 4
1807.787 2
1807.884 1
1807.980 1
1808.076 0
1808.172 0
1808.268 0
1808.364 0
1808.460 0
1808.556 0
1808.653 0
1808.749 1
1808.845 1
1808.941 1
1809.037 2
1809.133 2
1809.229 2
1809.326 2
1809.422 1
1809.518 0
1809.614 0
1809.710 0
1809.806 1
1809.903 1
1809.999 1
1810.095 1
1810.191 4
1810.287 3
1810.383 2
1810.480 1
1810.576 0
1810.672 0
1810.768 0
1810.864 0
1810.961 0
1811.057 1
1811.153 1
1811.249 1
1811.345 1
1811.442 1
1811.538 1
1811.634 1
1811.730 1
1811.826 3
1811.923 3
1812.019 6
1812.115 8
1812.211 6
1812.308 6
1812.404 3
1812.500 2
1812.596 1
1812.693 1
1812.789 1
1812.885 1
1812.981 1
1813.078 1
1813.174 1
1813.270 4
1813.366 4
1813.463 4
1813.559 4
1813.655 4
1813.751 4
1813.848 4
1813.944 4
1814.040 4
1814.136 6
1814.233 7
1814.329 7
1814.425 7
1814.522 6
1814.618 6
1814.714 6
1814.810 5
1814.907 6
1815.003 5
1815.099 6
1815.196 8
1815.292 6
1815.388 6
1815.485 5
1815.581 1
1815.677 3
1815.774 3
1815.870 3
1815.966 2
1816.063 3
1816.159 4
1816.255 5
1816.352 6
1816.448 7
1816.544 10
1816.641 13
1816.737 16
1816.833 21
1816.930 21
1817.026 21
1817.122 25
1817.219 20
1817.315 19
1817.412 17
1817.508 13
1817.604 8
1817.701 7
1817.797 7
1817.893 5
1817.990 5
1818.086 5
1818.183 5
1818.279 4
1818.375 6
1818.472 6
1818.568 6
1818.665 6
1818.761 3
1818.857 4
1818.954 5
1819.050 8
1819.147 10
1819.243 8
1819.339 6
1819.436 4
1819.532 3
1819.629 4
1819.725 5
1819.822 8
1819.918 6
1820.014 5
1820.111 4
1820.207 1
1820.304 2
1820.400 2
1820.497 2
1820.593 2
1820.690 2
1820.786 2
1820.883 3
1820.979 5
1821.075 4
1821.172 4
1821.268 4
1821.365 1
1821.461 1
1821.558 2
1821.654 1
1821.751 1
1821.847 1
1821.944 2
1822.040 2
1822.137 2
1822.233 4
1822.330 3
1822.426 4
1822.523 5
1822.619 4
1822.716 4
1822.812 4
1822.909 7
1823.005 8
1823.102 7
1823.198 6
1823.295 8
1823.391 6
1823.488 5
1823.585 4
1823.681 3
1823.778 2
1823.874 2
1823.971 2
1824.067 3
1824.164 5
1824.260 6
1824.357 6
1824.453 4
1824.550 2
1824.647 1
1824.743 3
1824.840 6
1824.936 6
1825.033 6
1825.129 4
1825.226 6
1825.323 8
1825.419 7
1825.516 6
1825.612 4
1825.709 2
1825.806 4
1825.902 4
1825.999 3
1826.095 4
1826.192 2
1826.289 2
1826.385 2
1826.482 4
1826.578 5
1826.675 6
1826.772 8
1826.868 6
1826.965 6
1827.062 6
1827.158 4
1827.255 5
1827.351 5
1827.448 5
1827.545 6
1827.641 4
1827.738 5
1827.835 5
1827.931 2
1828.028 3
1828.125 2
1828.221 2
1828.318 1
1828.415 0
1828.511 1
1828.608 1
1828.705 4
1828.801 4
1828.898 3
1828.995 3
1829.091 4
1829.188 6
1829.285 7
1829.381 8
1829.478 9
1829.575 7
1829.671 6
1829.768 5
1829.865 2
1829.962 2
1830.058 2
1830.155 4
1830.252 2
1830.348 4
1830.445 4
1830.542 2
1830.639 2
1830.735 1
1830.832 2
1830.929 2
1831.026 2
1831.122 2
1831.219 1
1831.316 1
1831.412 3
1831.509 4
1831.606 4
1831.703 4
1831.799 2
1831.896 1
1831.993 2
1832.090 3
1832.187 6
1832.283 9
1832.380 10
1832.477 10
1832.574 8
1832.670 4
1832.767 7
1832.864 7
1832.961 7
1833.058 9
1833.154 6
1833.251 6
1833.348 6
1833.445 5
1833.542 3
1833.638 2
1833.735 1
1833.832 0
1833.929 0
1834.026 0
1834.122 0
1834.219 0
1834.316 0
1834.413 0
1834.510 0
1834.606 0
1834.703 0
1834.800 0
1834.897 2
1834.994 2
1835.091 3
1835.188 3
1835.284 2
1835.381 2
1835.478 1
1835.575 1
1835.672 0
1835.769 1
1835.866 1
1835.962 1
1836.059 2
1836.156 3
1836.253 3
1836.350 3
1836.447 2
1836.544 0
1836.641 0
1836.737 0
1836.834 0
1836.931 2
1837.028 2
1837.125 2
1837.222 5
1837.319 6
1837.416 6
1837.513 6
1837.610 6
1837.706 6
1837.803 6
1837.900 7
1837.997 4
1838.094 1
1838.191 1
1838.288 0
1838.385 0
1838.482 0
1838.579 0
1838.676 0
1838.773 0
1838.870 0
1838.967 0
1839.063 0
1839.160 0
1839.257 0
1839.354 0
1839.451 0
1839.548 0
1839.645 0
1839.742 0
1839.839 0
1839.936 0
1840.033 0
1840.130 0
1840.227 0
1840.324 0
1840.421 0
1840.518 0
1840.615 0
1840.712 0
1840.809 0
1840.906 0
1841.003 0
1841.100 1
1841.197 1
1841.294 2
1841.391 2
1841.488 1
1841.585 4
1841.682 3
1841.779 3
1841.876 4
1841.973 3
1842.070 3
1842.167 3
1842.264 2
1842.361 0
1842.458 0
1842.555 0
1842.652 0
1842.749 0
1842.847 1
1842.944 1
1843.041 1
1843.138 2
1843.235 1
1843.332 1
1843.429 2
1843.526 1
1843.623 1
1843.720 1
1843.817 1
1843.914 1
1844.011 1
1844.108 1
1844.206 0
1844.303 0
1844.400 3
1844.497 3
1844.594 3
1844.691 3
1844.788 1
1844.885 1
1844.982 1
1845.079 1
1845.177 0
1845.274 0
1845.371 0
1845.468 2
1845.565 4
1845.662 5
1845.759 6
1845.856 5
1845.954 6
1846.051 5
1846.148 4
1846.245 3
1846.342 2
1846.439 2
1846.536 2
1846.634 2
1846.731 0
1846.828 0
1846.925 0
1847.022 1
1847.119 2
1847.216 2
1847.314 2
1847.411 3
1847.508 2
1847.605 2
1847.702 2
1847.800 1
1847.897 3
1847.994 3
1848.091 3
1848.188 3
1848.286 3
1848.383 5
1848.480 5
1848.577 6
1848.674 4
1848.772 2
1848.869 3
1848.966 1
1849.063 1
1849.160 1
1849.258 2
1849.355 5
1849.452 5
1849.549 5
1849.647 4
1849.744 3
1849.841 5
1849.938 5
1850.035 4
1850.133 5
1850.230 8
1850.327 10
1850.424 13
1850.522 15
1850.619 11
1850.716 11
1850.813 9
1850.911 6
1851.008 6
1851.105 5
1851.203 5
1851.300 5
1851.397 5
1851.494 5
1851.592 5
1851.689 3
1851.786 3
1851.884 3
1851.981 3
1852.078 0
1852.175 0
1852.273 0
1852.370 0
1852.467 1
1852.565 2
1852.662 3
1852.759 4
1852.857 5
1852.954 6
1853.051 7
1853.149 5
1853.246 5
1853.343 4
1853.441 3
1853.538 1
1853.635 0
1853.733 0
1853.830 0
1853.927 0
1854.025 0
1854.122 0
1854.219 0
1854.317 0
1854.414 0
1854.511 0
1854.609 0
1854.706 0
1854.804 1
1854.901 1
1854.998 1
1855.096 1
1855.193 0
1855.290 0
1855.388 0
1855.485 0
1855.583 1
1855.680 1
1855.777 1
1855.875 1
1855.972 2
1856.070 2
1856.167 4
1856.264 4
1856.362 2
1856.459 2
1856.557 0
1856.654 0
1856.751 0
1856.849 0
1856.946 0
1857.044 0
1857.141 1
1857.239 1
1857.336 1
1857.433 1
1857.531 0
1857.628 0
1857.726 0
1857.823 0
1857.921 0
1858.018 0
1858.116 0
1858.213 1
1858.311 1
1858.408 1
1858.505 1
1858.603 3
1858.700 5
1858.798 5
1858.895 5
1858.993 2
1859.090 1
1859.188 1
1859.285 1
1859.383 1
1859.480 0
1859.578 3
1859.675 4
1859.773 5
1859.870 5
1859.968 3
1860.065 2
1860.163 1
1860.260 1
1860.358 0
1860.455 0
1860.553 0
1860.650 0
1860.748 0
1860.845 0
1860.943 1
1861.041 1
1861.138 1
1861.236 1
1861.333 1
1861.431 1
1861.528 2
1861.626 3
1861.723 3
1861.821 5
1861.918 5
1862.016 5
1862.114 5
1862.211 6
1862.309 6
1862.406 6
1862.504 5
1862.601 3
1862.699 2
1862.797 3
1862.894 5
1862.992 8
1863.089 8
1863.187 6
1863.285 5
1863.382 6
1863.480 5
1863.577 4
1863.675 3
1863.773 2
1863.870 3
1863.968 4
1864.065 6
1864.163 6
1864.261 6
1864.358 6
1864.456 5
1864.554 4
1864.651 3
1864.749 2
1864.846 0
1864.944 0
1865.042 0
1865.139 0
1865.237 0
1865.335 2
1865.432 3
1865.530 3
1865.628 4
1865.725 5
1865.823 4
1865.921 4
1866.018 4
1866.116 4
1866.214 4
1866.311 4
1866.409 3
1866.507 2
1866.604 3
1866.702 3
1866.800 3
1866.897 2
1866.995 2
1867.093 2
1867.190 3
1867.288 3
1867.386 2
1867.484 3
1867.581 5
1867.679 8
1867.777 12
1867.874 12
1867.972 10
1868.070 8
1868.168 4
1868.265 3
1868.363 2
1868.461 0
1868.559 0
1868.656 0
1868.754 0
1868.852 2
1868.950 3
1869.047 4
1869.145 6
1869.243 5
1869.341 5
1869.438 6
1869.536 2
1869.634 6
1869.732 6
1869.829 5
1869.927 4
1870.025 0
1870.123 0
1870.220 0
1870.318 0
1870.416 1
1870.514 3
1870.612 3
1870.709 3
1870.807 3
1870.905 3
1871.003 3
1871.101 3
1871.198 2
1871.296 0
1871.394 2
1871.492 2
1871.590 2
1871.687 2
1871.785 0
1871.883 0
1871.981 0
1872.079 1
1872.177 2
1872.274 3
1872.372 5
1872.470 4
1872.568 3
1872.666 2
1872.764 0
1872.861 0
1872.959 0
1873.057 0
1873.155 0
1873.253 0
1873.351 4
1873.449 4
1873.546 7
1873.644 8
1873.742 5
1873.840 6
1873.938 8
1874.036 7
1874.134 6
1874.232 2
1874.329 1
1874.427 1
1874.525 1
1874.623 1
1874.721 1
1874.819 2
1874.917 2
1875.015 3
1875.113 3
1875.211 2
1875.309 2
1875.406 0
1875.504 0
1875.602 0
1875.700 0
1875.798 0
1875.896 2
1875.994 2
1876.092 2
1876.190 2
1876.288 0
1876.386 1
1876.484 1
1876.582 2
1876.680 3
1876.778 5
1876.875 6
1876.973 8
1877.071 7
1877.169 5
1877.267 4
1877.365 1
1877.463 1
1877.561 0
1877.659 0
1877.757 0
1877.855 0
1877.953 0
1878.051 1
1878.149 1
1878.247 1
1878.345 1
1878.443 0
1878.541 0
1878.639 0
1878.737 0
1878.835 0
1878.933 0
1879.031 1
1879.129 1
1879.227 3
1879.325 3
1879.423 2
1879.521 2
1879.619 1
1879.717 1
1879.815 1
1879.913 1
1880.011 0
1880.109 1
1880.208 1
1880.306 1
1880.404 1
1880.502 0
1880.600 0
1880.698 2
1880.796 2
1880.894 2
1880.992 2
1881.090 0
1881.188 1
1881.286 1
1881.384 1
1881.482 1
1881.580 0
1881.678 0
1881.777 1
1881.875 3
1881.973 3
1882.071 3
1882.169 4
1882.267 2
1882.365 2
1882.463 2
1882.561 1
1882.659 1
1882.758 1
1882.856 1
1882.954 0
1883.052 0
1883.150 0
1883.248 1
1883.346 1
1883.444 1
1883.543 1
1883.641 0
1883.739 0
1883.837 0
1883.935 2
1884.033 4
1884.131 4
1884.230 4
1884.328 2
1884.426 3
1884.524 3
1884.622 3
1884.720 3
1884.818 0
1884.917 0
1885.015 0
1885.113 0
1885.211 0
1885.309 1
1885.408 3
1885.506 4
1885.604 7
1885.702 8
1885.800 8
1885.898 7
1885.997 7
1886.095 6
1886.193 5
1886.291 5
1886.389 3
1886.488 6
1886.586 5
1886.684 5
1886.782 6
1886.881 2
1886.979 2
1887.077 2
1887.175 0
1887.273 0
1887.372 0
1887.470 0
1887.568 0
1887.666 0
1887.765 0
1887.863 0
1887.961 0
1888.059 1
1888.158 2
1888.256 2
1888.354 2
1888.452 3
1888.551 2
1888.649 2
1888.747 2
1888.845 0
1888.944 0
1889.042 0
1889.140 0
1889.239 0
1889.337 0
1889.435 1
1889.533 1
1889.632 1
1889.730 1
1889.828 0
1889.927 1
1890.025 1
1890.123 1
1890.222 1
1890.320 0
1890.418 3
1890.517 3
1890.615 3
1890.713 3
1890.811 0
1890.910 0
1891.008 0
1891.106 1
1891.205 1
1891.303 1
1891.401 1
1891.500 0
1891.598 0
1891.696 0
1891.795 0
1891.893 0
1891.992 2
1892.090 2
1892.188 2
1892.287 4
1892.385 2
1892.483 2
1892.582 2
1892.680 4
1892.778 4
1892.877 4
1892.975 4
1893.074 5
1893.172 5
1893.270 6
1893.369 6
1893.467 3
1893.566 3
1893.664 2
1893.762 2
1893.861 0
1893.959 0
1894.058 0
1894.156 0
1894.254 0
1894.353 0
1894.451 1
1894.550 1
1894.648 1
1894.747 1
1894.845 0
1894.943 0
1895.042 0
1895.140 0
1895.239 1
1895.337 1
1895.436 1
1895.534 1
1895.632 2
1895.731 2
1895.829 2
1895.928 2
1896.026 0
1896.125 0
1896.223 0
1896.322 0
1896.420 2
1896.519 3
1896.617 4
1896.716 5
1896.814 4
1896.913 4
1897.011 4
1897.110 2
1897.208 2
1897.307 2
1897.405 2
1897.504 0
1897.602 0
1897.701 0
1897.799 2
1897.898 3
1897.996 3
1898.095 3
1898.193 1
1898.292 2
1898.390 3
1898.489 4
1898.587 6
1898.686 5
1898.784 5
1898.883 5
1898.981 8
1899.080 8
1899.178 8
1899.277 8
1899.376 5
1899.474 4
1899.573 3
1899.671 2
1899.770 0
1899.868 0
1899.967 0
1900.065 0
1900.164 1
1900.263 1
1900.361 1
1900.460 1
1900.558 0
1900.657 0
1900.756 0
1900.854 0
1900.953 0
1901.051 0
1901.150 0
1901.248 0
1901.347 0
1901.446 0
1901.544 1
1901.643 2
1901.742 3
1901.840 5
1901.939 6
1902.037 5
1902.136 4
1902.235 2
1902.333 1
1902.432 1
1902.530 1
1902.629 1
1902.728 0
1902.826 1
1902.925 1
1903.024 1
1903.122 1
1903.221 0
1903.320 0
1903.418 1
1903.517 1
1903.616 1
1903.714 1
1903.813 0
1903.912 1
1904.010 2
1904.109 5
1904.208 6
1904.306 6
1904.405 6
1904.504 4
1904.602 4
1904.701 3
1904.800 2
1904.898 1
1904.997 0
1905.096 0
1905.195 0
1905.293 0
1905.392 0
1905.491 0
1905.589 0
1905.688 0
1905.787 0
1905.886 0
1905.984 0
1906.083 0
1906.182 2
1906.280 2
1906.379 2
1906.478 3
1906.577 1
1906.675 1
1906.774 1
1906.873 2
1906.972 3
1907.070 3
1907.169 3
1907.268 1
1907.367 0
1907.465 0
1907.564 0
1907.663 2
1907.762 3
1907.860 5
1907.959 5
1908.058 4
1908.157 3
1908.256 1
1908.354 1
1908.453 0
1908.552 0
1908.651 0
1908.750 0
1908.848 0
1908.947 0
1909.046 0
1909.145 0
1909.244 0
1909.342 0
1909.441 0
1909.540 0
1909.639 0
1909.738 0
1909.836 0
1909.935 0
1910.034 1
1910.133 1
1910.232 1
1910.331 1
1910.429 0
1910.528 1
1910.627 1
1910.726 1
1910.825 1
1910.924 1
1911.023 1
1911.121 2
1911.220 2
1911.319 1
1911.418 1
1911.517 0
1911.616 1
1911.715 1
1911.813 2
1911.912 2
1912.011 1
1912.110 3
1912.209 2
1912.308 3
1912.407 3
1912.506 1
1912.605 1
1912.703 0
1912.802 0
1912.901 0
1913.000 0
1913.099 0
1913.198 0
1913.297 0
1913.396 0
1913.495 0
1913.594 0
1913.693 0
1913.792 1
1913.890 1
1913.989 2
1914.088 2
1914.187 1
1914.286 1
1914.385 0
1914.484 0
1914.583 0
1914.682 0
1914.781 0
1914.880 0
1914.979 0
1915.078 0
1915.177 0
1915.276 0
1915.375 1
1915.474 1
1915.573 1
1915.672 1
1915.771 0
1915.870 0
1915.969 0
1916.068 0
1916.167 0
1916.266 0
1916.365 1
1916.464 2
1916.563 2
1916.662 2
1916.761 1
1916.860 0
1916.959 0
1917.058 0
1917.157 0
1917.256 1
1917.355 1
1917.454 1
1917.553 1
1917.652 0
1917.751 0
1917.850 0
1917.949 2
1918.048 3
1918.147 3
1918.246 3
1918.345 1
1918.444 2
1918.543 2
1918.642 3
1918.741 3
1918.840 4
1918.939 4
1919.038 3
1919.138 5
1919.237 2
1919.336 2
1919.435 2
1919.534 1
1919.633 2
1919.732 3
1919.831 4
1919.930 4
1920.029 5
1920.128 4
1920.227 3
1920.327 2
1920.426 1
1920.525 2
1920.624 3
1920.723 3
1920.822 2
1920.921 1
1921.020 0
1921.119 0
1921.219 0
1921.318 2
1921.417 2
1921.516 2
1921.615 2
1921.714 0
1921.813 0
1921.912 0
1922.012 0
1922.111 0
1922.210 0
1922.309 0
1922.408 1
1922.507 1
1922.607 2
1922.706 2
1922.805 5
1922.904 5
1923.003 4
1923.102 4
1923.202 2
1923.301 2
1923.400 2
1923.499 2
1923.598 0
1923.697 0
1923.797 0
1923.896 0
1923.995 0
1924.094 0
1924.193 0
1924.293 1
1924.392 1
1924.491 1
1924.590 2
1924.689 1
1924.789 1
1924.888 1
1924.987 0
1925.086 0
1925.186 4
1925.285 4
1925.384 4
1925.483 4
1925.582 1
1925.682 1
1925.781 1
1925.880 1
1925.979 1
1926.079 2
1926.178 3
1926.277 5
1926.376 4
1926.476 3
1926.575 2
1926.674 0
1926.774 0
1926.873 0
1926.972 0
1927.071 0
1927.171 1
1927.270 2
1927.369 2
1927.468 2
1927.568 1
1927.667 0
1927.766 1
1927.866 3
1927.965 3
1928.064 3
1928.164 4
1928.263 3
1928.362 3
1928.461 3
1928.561 1
1928.660 0
1928.759 1
1928.859 2
1928.958 3
1929.057 4
1929.157 5
1929.256 5
1929.355 6
1929.455 5
1929.554 3
1929.653 2
1929.753 1
1929.852 1
1929.951 1
1930.051 1
1930.150 0
1930.250 1
1930.349 1
1930.448 1
1930.548 1
1930.647 0
1930.746 0
1930.846 2
1930.945 7
1931.044 9
1931.144 12
1931.243 12
1931.343 8
1931.442 7
1931.541 5
1931.641 4
1931.740 4
1931.840 4
1931.939 2
1932.038 2
1932.138 2
1932.237 2
1932.337 0
1932.436 0
1932.535 0
1932.635 0
1932.734 0
1932.834 4
1932.933 4
1933.033 4
1933.132 4
1933.231 0
1933.331 0
1933.430 1
1933.530 1
1933.629 1
1933.729 1
1933.828 3
1933.928 3
1934.027 3
1934.127 3
1934.226 0
1934.325 0
1934.425 0
1934.524 0
1934.624 0
1934.723 0
1934.823 0
1934.922 0
1935.022 1
1935.121 3
1935.221 3
1935.320 5
1935.420 4
1935.519 5
1935.619 5
1935.718 3
1935.818 3
1935.917 4
1936.017 4
1936.116 4
1936.216 4
1936.315 0
1936.415 0
1936.514 0
1936.614 0
1936.713 0
1936.813 1
1936.912 1
1937.012 1
1937.112 1
1937.211 0
1937.311 0
1937.410 0
1937.510 2
1937.609 2
1937.709 2
1937.808 2
1937.908 4
1938.007 3
1938.107 2
1938.207 4
1938.306 3
1938.406 3
1938.505 3
1938.605 0
1938.704 0
1938.804 0
1938.904 0
1939.003 0
1939.103 0
1939.202 0
1939.302 0
1939.402 0
1939.501 1
1939.601 2
1939.700 2
1939.800 2
1939.900 1
1939.999 0
1940.099 0
1940.198 1
1940.298 1
1940.398 1
1940.497 1
1940.597 1
1940.697 1
1940.796 2
1940.896 2
1940.996 1
1941.095 1
1941.195 0
1941.294 3
1941.394 3
1941.494 3
1941.593 5
1941.693 3
1941.793 5
1941.892 6
1941.992 4
1942.092 3
1942.191 6
1942.291 6
1942.391 6
1942.490 6
1942.590 8
1942.690 7
1942.789 7
1942.889 7
1942.989 5
1943.089 4
1943.188 4
1943.288 3
1943.388 1
1943.487 1
1943.587 0
1943.687 0
1943.786 0
1943.886 0
1943.986 0
1944.086 0
1944.185 0
1944.285 0
1944.385 2
1944.485 2
1944.584 2
1944.684 2
1944.784 1
1944.883 1
1944.983 1
1945.083 1
1945.183 1
1945.282 1
1945.382 1
1945.482 1
1945.582 0
1945.681 0
1945.781 1
1945.881 2
1945.981 3
1946.081 4
1946.180 6
1946.280 5
1946.380 4
1946.480 3
1946.579 0
1946.679 0
1946.779 1
1946.879 4
1946.979 4
1947.078 4
1947.178 3
1947.278 1
1947.378 1
1947.478 1
1947.577 1
1947.677 0
1947.777 0
1947.877 0
1947.977 0
1948.077 0
1948.176 0
1948.276 0
1948.376 0
1948.476 0
1948.576 2
1948.675 3
1948.775 3
1948.875 3
1948.975 1
1949.075 0
1949.175 0
1949.275 2
1949.374 3
1949.474 3
1949.574 3
1949.674 1
1949.774 0
1949.874 2
1949.974 3
1950.074 3
1950.173 3
1950.273 3
1950.373 3
1950.473 3
1950.573 3
1950.673 1
1950.773 0
1950.873 0
1950.972 0
1951.072 0
1951.172 0
1951.272 0
1951.372 0
1951.472 0
1951.572 0
1951.672 1
1951.772 1
1951.872 4
1951.972 4
1952.072 3
1952.171 3
1952.271 0
1952.371 0
1952.471 0
1952.571 1
1952.671 1
1952.771 1
1952.871 1
1952.971 0
1953.071 0
1953.171 0
1953.271 1
1953.371 1
1953.471 1
1953.571 2
1953.671 5
1953.771 5
1953.871 5
1953.971 4
1954.071 1
1954.171 1
1954.271 2
1954.371 2
1954.471 1
1954.571 1
1954.671 0
1954.771 2
1954.871 2
1954.971 2
1955.071 2
1955.171 0
1955.271 0
1955.371 0
1955.471 0
1955.571 0
1955.671 0
1955.771 2
1955.871 2
1955.971 2
1956.071 2
1956.171 0
1956.271 0
1956.371 0
1956.471 0
1956.571 0
1956.671 0
1956.771 0
1956.871 0
1956.971 0
1957.071 0
1957.171 0
1957.271 0
1957.371 0
1957.471 0
1957.572 0
1957.672 0
1957.772 0
1957.872 0
1957.972 0
1958.072 0
1958.172 0
1958.272 0
1958.372 0
1958.472 0
1958.572 0
1958.672 0
1958.773 0
1958.873 0
1958.973 0
1959.073 1
1959.173 1
1959.273 2
1959.373 2
1959.473 1
1959.573 2
1959.674 1
1959.774 1
1959.874 1
1959.974 3
1960.074 3
1960.174 3
1960.274 3
1960.375 1
1960.475 1
1960.575 1
1960.675 1
1960.775 2
1960.875 2
1960.975 2
1961.076 2
1961.176 0
1961.276 0
1961.376 0
1961.476 0
1961.576 1
1961.677 1
1961.777 1
1961.877 1
1961.977 0
1962.077 0
1962.178 0
1962.278 0
1962.378 2
1962.478 4
1962.578 6
1962.679 8
1962.779 6
1962.879 4
1962.979 4
1963.079 2
1963.180 2
1963.280 2
1963.380 1
1963.480 1
1963.580 1
1963.681 1
1963.781 0
1963.881 0
1963.981 0
1964.082 0
1964.182 0
1964.282 0
1964.382 0
1964.483 0
1964.583 0
1964.683 0
1964.783 0
1964.884 0
1964.984 0
1965.084 0
1965.184 0
1965.285 0
1965.385 0
1965.485 0
1965.585 0
1965.686 0
1965.786 0
1965.886 0
1965.987 2
1966.087 2
1966.187 2
1966.287 2
1966.388 5
1966.488 4
1966.588 3
1966.689 2
1966.789 0
1966.889 0
1966.990 0
1967.090 0
1967.190 0
1967.291 0
1967.391 0
1967.491 1
1967.592 1
1967.692 1
1967.792 1
1967.893 0
1967.993 0
1968.093 0
1968.194 0
1968.294 0
1968.394 0
1968.495 0
1968.595 0
1968.695 0
1968.796 2
1968.896 2
1968.996 2
1969.097 2
1969.197 1
1969.298 1
1969.398 1
1969.498 1
1969.599 0
1969.699 1
1969.799 1
1969.900 1
1970.000 1
1970.101 0
1970.201 0
1970.301 0
1970.402 0
1970.502 1
1970.603 2
1970.703 2
1970.803 2
1970.904 2
1971.004 3
1971.105 3
1971.205 3
1971.306 2
1971.406 0
1971.506 0
1971.607 0
1971.707 0
1971.808 0
1971.908 1
1972.009 1
1972.109 1
1972.210 1
1972.310 1
1972.410 1
1972.511 1
1972.611 1
1972.712 0
1972.812 1
1972.913 1
1973.013 1
1973.114 1
1973.214 0
1973.315 0
1973.415 0
1973.516 3
1973.616 3
1973.717 4
1973.817 4
1973.918 2
1974.018 2
1974.119 1
1974.219 1
1974.320 0
1974.420 0
1974.521 0
1974.621 0
1974.722 0
1974.822 0
1974.923 0
1975.023 0
1975.124 0
1975.224 0
1975.325 0
1975.425 0
1975.526 0
1975.626 1
1975.727 2
1975.827 3
1975.928 4
1976.028 3
1976.129 3
1976.230 2
1976.330 1
1976.431 1
1976.531 0
1976.632 0
1976.732 0
1976.833 0
1976.934 0
1977.034 1
1977.135 1
1977.235 1
1977.336 1
1977.436 0
1977.537 1
1977.638 1
1977.738 1
1977.839 2
1977.939 1
1978.040 1
1978.141 1
1978.241 0
1978.342 0
1978.442 0
1978.543 0
1978.644 0
1978.744 1
1978.845 1
1978.945 1
1979.046 1
1979.147 0
1979.247 0
1979.348 0
1979.449 0
1979.549 0
1979.650 0
1979.751 0
1979.851 0
1979.952 0
1980.052 0
1980.153 0
1980.254 0
1980.354 0
1980.455 0
1980.556 0
1980.656 0
1980.757 0
1980.858 0
1980.958 0
1981.059 0
1981.160 0
1981.261 0
1981.361 0
1981.462 0
1981.563 0
1981.663 0
1981.764 0
1981.865 0
1981.965 0
1982.066 0
1982.167 1
1982.267 1
1982.368 1
1982.469 1
1982.570 0
1982.670 0
1982.771 2
1982.872 2
1982.972 2
1983.073 2
1983.174 0
1983.275 0
1983.375 1
1983.476 1
1983.577 1
1983.678 1
1983.778 0
1983.879 0
1983.980 1
1984.081 1
1984.181 1
1984.282 2
1984.383 1
1984.484 1
1984.584 1
1984.685 0
1984.786 0
1984.887 0
1984.988 0
1985.088 0
1985.189 0
1985.290 0
1985.391 0
1985.491 0
1985.592 0
1985.693 1
1985.794 1
1985.895 1
1985.995 1
1986.096 0
1986.197 0
1986.298 0
1986.399 0
1986.500 0
1986.600 0
1986.701 0
1986.802 0
1986.903 0
1987.004 0
1987.105 0
1987.205 0
1987.306 0
1987.407 0
1987.508 0
1987.609 0
1987.710 0
1987.810 0
1987.911 0
1988.012 3
1988.113 3
1988.214 3
1988.315 3
1988.416 2
1988.516 2
1988.617 2
1988.718 2
1988.819 0
1988.920 0
1989.021 0
1989.122 0
1989.223 0
1989.323 0
1989.424 1
1989.525 1
1989.626 1
1989.727 1
1989.828 0
1989.929 0
1990.030 1
1990.131 1
1990.232 1
1990.333 2
1990.433 2
1990.534 2
1990.635 2
1990.736 5
1990.837 3
1990.938 2
1991.039 1
1991.140 0
1991.241 0
1991.342 0
1991.443 0
1991.544 0
1991.645 2
1991.746 2
1991.847 2
1991.948 2
1992.048 5
1992.149 6
1992.250 6
1992.351 6
1992.452 7
1992.553 5
1992.654 5
1992.755 5
1992.856 3
1992.957 6
1993.058 5
1993.159 4
1993.260 3
1993.361 1
1993.462 1
1993.563 1
1993.664 1
1993.765 0
1993.866 0
1993.967 1
1994.068 4
1994.169 5
1994.270 5
1994.371 4
1994.472 2
1994.573 1
1994.674 1
1994.775 4
1994.876 6
1994.977 6
1995.078 6
1995.180 3
1995.281 0
1995.382 2
1995.483 2
1995.584 2
1995.685 2
1995.786 1
1995.887 1
1995.988 1
1996.089 1
1996.190 0
1996.291 0
1996.392 2
1996.493 4
1996.594 4
1996.695 4
1996.797 2
1996.898 0
1996.999 0
1997.100 1
1997.201 1
1997.302 1
1997.403 1
1997.504 3
1997.605 3
1997.706 3
1997.807 3
1997.909 0
1998.010 0
1998.111 0
1998.212 0
1998.313 0
1998.414 0
1998.515 0
1998.616 0
1998.718 0
1998.819 1
1998.920 1
1999.021 1
1999.122 1
1999.223 0
1999.324 0
1999.426 0
1999.527 0
1999.628 0
1999.729 0
1999.830 0
1999.931 0
2000.033 0
2000.134 0
2000.235 0
2000.336 0
2000.437 0
2000.538 2
2000.640 2
2000.741 2
2000.842 2
2000.943 1
2001.044 1
2001.146 1
2001.247 4
2001.348 3
2001.449 3
2001.550 3
2001.652 0
2001.753 0
2001.854 0
2001.955 0
2002.056 0
2002.158 0
2002.259 2
2002.360 2
2002.461 2
2002.562 2
2002.664 0
2002.765 0
2002.866 0
2002.967 0
2003.069 0
2003.170 0
2003.271 0
2003.372 3
2003.474 3
2003.575 3
2003.676 4
2003.777 4
2003.879 4
2003.980 4
2004.081 3
2004.183 0
2004.284 0
2004.385 0
2004.486 0
2004.588 0
2004.689 0
2004.790 0
2004.891 0
2004.993 0
2005.094 0
2005.195 0
2005.297 0
2005.398 2
2005.499 2
2005.601 2
2005.702 2
2005.803 0
2005.905 0
2006.006 0
2006.107 0
2006.208 0
2006.310 2
2006.411 3
2006.512 5
2006.614 8
2006.715 7
2006.816 7
2006.918 7
2007.019 4
2007.121 4
2007.222 4
2007.323 3
2007.425 0
2007.526 0
2007.627 0
2007.729 0
2007.830 0
2007.931 0
2008.033 0
2008.134 0
2008.236 0
2008.337 0
2008.438 1
2008.540 2
2008.641 3
2008.742 4
2008.844 4
2008.945 6
2009.047 6
2009.148 3
2009.249 3
2009.351 1
2009.452 1
2009.554 0
2009.655 0
2009.756 0
2009.858 0
2009.959 0
2010.061 0
2010.162 1
2010.264 1
2010.365 2
2010.466 2
2010.568 1
2010.669 2
2010.771 2
2010.872 2
2010.974 2
2011.075 2
2011.177 1
2011.278 1
2011.379 1
2011.481 0
2011.582 0
2011.684 0
2011.785 2
2011.887 3
2011.988 3
2012.090 3
2012.191 1
2012.293 1
2012.394 2
2012.496 2
2012.597 2
2012.699 2
2012.800 2
2012.902 2
2013.003 2
2013.105 1
2013.206 0
2013.308 0
2013.409 0
2013.511 0
2013.612 0
2013.714 0
2013.815 0
2013.917 1
2014.018 1
2014.120 1
2014.221 1
2014.323 0
2014.424 0
2014.526 0
2014.627 0
2014.729 0
2014.830 0
2014.932 0
2015.034 0
2015.135 0
2015.237 0
2015.338 0
2015.440 0
2015.541 0
2015.643 0
2015.744 0
2015.846 0
2015.948 0
2016.049 0
2016.151 0
2016.252 0
2016.354 0
2016.456 0
2016.557 0
2016.659 0
2016.760 0
2016.862 1
2016.963 1
2017.065 1
2017.167 1
2017.268 0
2017.370 0
2017.472 0
2017.573 3
2017.675 3
2017.776 3
2017.878 3
2017.980 0
2018.081 0
2018.183 0
2018.285 0
2018.386 0
2018.488 0
2018.589 0
2018.691 0
2018.793 0
2018.894 0
2018.996 0
2019.098 0
2019.199 0
2019.301 0
2019.403 0
2019.504 0
2019.606 0
2019.708 0
2019.809 1
2019.911 1
2020.013 1
2020.114 2
2020.216 1
2020.318 1
2020.419 1
2020.521 2
2020.623 2
2020.724 2
2020.826 2
2020.928 0
2021.030 0
2021.131 0
2021.233 0
2021.335 0
2021.436 0
2021.538 1
2021.640 3
2021.742 4
2021.843 4
2021.945 3
2022.047 1
2022.148 0
2022.250 0
2022.352 0
2022.454 3
2022.555 3
2022.657 3
2022.759 4
2022.861 1
2022.962 1
2023.064 1
2023.166 1
2023.268 1
2023.369 3
2023.471 3
2023.573 2
2023.675 3
2023.777 1
2023.878 1
2023.980 1
2024.082 1
2024.184 1
2024.285 1
2024.387 1
2024.489 1
2024.591 1
2024.693 1
2024.794 1
2024.896 2
2024.998 2
2025.100 3
2025.202 4
2025.303 3
2025.405 5
2025.507 4
2025.609 4
2025.711 3
2025.813 1
2025.914 1
2026.016 7
2026.118 6
2026.220 7
2026.322 8
2026.424 4
2026.525 4
2026.627 2
2026.729 0
2026.831 0
2026.933 1
2027.035 2
2027.136 3
2027.238 4
2027.340 4
2027.442 3
2027.544 2
2027.646 1
2027.748 0
2027.850 0
2027.951 0
2028.053 1
2028.155 3
2028.257 3
2028.359 3
2028.461 3
2028.563 8
2028.665 8
2028.767 7
2028.868 6
2028.970 2
2029.072 2
2029.174 2
2029.276 2
2029.378 2
2029.480 2
2029.582 2
2029.684 1
2029.786 1
2029.888 0
2029.990 0
2030.092 0
2030.193 0
2030.295 0
2030.397 0
2030.499 0
2030.601 0
2030.703 0
2030.805 0
2030.907 0
2031.009 1
2031.111 1
2031.213 1
2031.315 1
2031.417 0
2031.519 0
2031.621 0
2031.723 0
2031.825 0
2031.927 0
2032.029 0
2032.131 0
2032.233 1
2032.335 1
2032.437 1
2032.539 1
2032.641 0
2032.743 0
2032.845 1
2032.947 1
2033.049 4
2033.151 4
2033.253 3
2033.355 4
2033.457 2
2033.559 2
2033.661 2
2033.763 1
2033.865 0
2033.967 0
2034.069 0
2034.171 0
2034.273 0
2034.375 0
2034.477 0
2034.579 0
2034.681 0
2034.783 0
2034.885 0
2034.987 0
2035.089 0
2035.191 0
2035.294 1
2035.396 1
2035.498 1
2035.600 1
2035.702 0
2035.804 0
2035.906 1
2036.008 1
2036.110 1
2036.212 1
2036.314 1
2036.416 1
2036.519 1
2036.621 1
2036.723 0
2036.825 0
2036.927 0
2037.029 2
2037.131 2
2037.233 2
2037.335 2
2037.438 0
2037.540 0
2037.642 0
2037.744 0
2037.846 0
2037.948 0
2038.050 0
2038.152 1
2038.255 1
2038.357 1
2038.459 1
2038.561 0
2038.663 0
2038.765 0
2038.868 0
2038.970 0
2039.072 0
2039.174 1
2039.276 1
2039.378 1
2039.481 2
2039.583 1
2039.685 1
2039.787 1
2039.889 1
2039.991 1
2040.094 1
2040.196 2
2040.298 1
2040.400 1
2040.502 1
2040.605 2
2040.707 2
2040.809 2
2040.911 2
2041.013 0
2041.116 0
2041.218 0
2041.320 0
2041.422 0
2041.525 0
2041.627 2
2041.729 3
2041.831 3
2041.933 3
2042.036 1
2042.138 1
2042.240 2
2042.342 3
2042.445 4
2042.547 4
2042.649 4
2042.751 4
2042.854 1
2042.956 1
2043.058 1
2043.160 1
2043.263 0
2043.365 0
2043.467 0
2043.570 0
2043.672 0
2043.774 0
2043.876 0
2043.979 2
2044.081 2
2044.183 2
2044.286 2
2044.388 0
2044.490 2
2044.592 2
2044.695 2
2044.797 2
2044.899 2
2045.002 2
2045.104 3
2045.206 3
2045.309 2
2045.411 4
2045.513 5
2045.616 7
2045.718 10
2045.820 9
2045.923 8
2046.025 9
2046.127 8
2046.230 7
2046.332 6
2046.434 3
2046.537 1
2046.639 1
2046.741 1
2046.844 1
2046.946 0
2047.048 0
2047.151 0
2047.253 0
2047.356 0
2047.458 0
2047.560 0
2047.663 0
2047.765 0
2047.868 0
2047.970 1
2048.072 1
2048.175 1
2048.277 1
2048.379 0
2048.482 0
2048.584 0
2048.687 0
2048.789 0
2048.892 0
2048.994 0
2049.096 0
2049.199 0
2049.301 0
2049.404 0
2049.506 0
2049.608 0
2049.711 0
2049.813 0
2049.916 0
2050.018 0
2050.121 0
2050.223 0
2050.326 0
2050.428 0
2050.530 0
2050.633 1
2050.735 1
2050.838 1
2050.940 1
2051.043 0
2051.145 0
2051.248 0
2051.350 0
2051.453 0
2051.555 0
2051.658 0
2051.760 0
2051.863 0
2051.965 0
2052.068 0
2052.170 0
2052.273 0
2052.375 0
2052.478 0
2052.580 0
2052.683 0
2052.785 0
2052.888 0
2052.990 0
2053.093 0
2053.195 0
2053.298 0
2053.400 0
2053.503 0
2053.605 0
2053.708 0
2053.810 0
2053.913 0
2054.015 0
2054.118 0
2054.220 1
2054.323 1
2054.426 1
2054.528 4
2054.631 5
2054.733 5
2054.836 5
2054.938 2
2055.041 0
2055.144 0
2055.246 0
2055.349 0
2055.451 0
2055.554 1
2055.656 1
2055.759 2
2055.862 2
2055.964 1
2056.067 1
2056.169 1
2056.272 1
2056.375 2
2056.477 2
2056.580 1
2056.682 1
2056.785 1
2056.888 1
2056.990 1
2057.093 1
2057.195 0
2057.298 0
2057.401 0
2057.503 0
2057.606 0
2057.709 0
2057.811 0
2057.914 0
2058.017 0
2058.119 0
2058.222 1
2058.324 1
2058.427 3
2058.530 3
2058.632 2
2058.735 2
2058.838 1
2058.940 1
2059.043 1
2059.146 1
2059.248 3
2059.351 3
2059.454 3
2059.557 3
2059.659 0
2059.762 1
2059.865 2
2059.967 3
2060.070 4
2060.173 4
2060.275 4
2060.378 4
2060.481 3
2060.583 3
2060.686 3
2060.789 3
2060.892 0
2060.994 0
2061.097 0
2061.200 0
2061.302 0
2061.405 0
2061.508 0
2061.611 0
2061.713 0
2061.816 0
2061.919 0
2062.022 0
2062.124 0
2062.227 0
2062.330 0
2062.433 0
2062.535 0
2062.638 0
2062.741 0
2062.844 0
2062.946 0
2063.049 1
2063.152 2
2063.255 3
2063.358 5
2063.460 5
2063.563 5
2063.666 5
2063.769 2
2063.871 2
2063.974 2
2064.077 2
2064.180 0
2064.283 0
2064.385 0
2064.488 0
2064.591 2
2064.694 2
2064.797 2
2064.900 2
2065.002 0
2065.105 0
2065.208 0
2065.311 0
2065.414 0
2065.517 0
2065.619 0
2065.722 0
2065.825 1
2065.928 1
2066.031 1
2066.134 1
2066.236 2
2066.339 4
2066.442 4
2066.545 4
2066.648 2
2066.751 1
2066.854 1
2066.956 1
2067.059 1
2067.162 0
2067.265 0
2067.368 0
2067.471 0
2067.574 0
2067.677 0
2067.779 1
2067.882 3
2067.985 3
2068.088 3
2068.191 2
2068.294 3
2068.397 3
2068.500 3
2068.603 3
2068.706 5
2068.809 4
2068.911 3
2069.014 2
2069.117 1
2069.220 2
2069.323 2
2069.426 2
2069.529 1
2069.632 4
2069.735 3
2069.838 2
2069.941 1
2070.044 0
2070.147 0
2070.250 0
2070.353 0
2070.456 0
2070.558 0
2070.661 0
2070.764 0
2070.867 0
2070.970 0
2071.073 0
2071.176 0
2071.279 0
2071.382 0
2071.485 0
2071.588 0
2071.691 0
2071.794 0
2071.897 0
2072.000 0
2072.103 1
2072.206 1
2072.309 1
2072.412 1
2072.515 0
2072.618 0
2072.721 0
2072.824 0
2072.927 0
2073.030 0
2073.133 0
2073.236 0
2073.339 1
2073.442 2
2073.545 3
2073.648 4
2073.752 4
2073.855 4
2073.958 5
2074.061 4
2074.164 4
2074.267 4
2074.370 3
2074.473 1
2074.576 1
2074.679 1
2074.782 1
2074.885 4
2074.988 3
2075.091 2
2075.194 1
2075.297 0
2075.401 1
2075.504 2
2075.607 3
2075.710 5
2075.813 5
2075.916 5
2076.019 5
2076.122 2
2076.225 3
2076.328 3
2076.431 3
2076.535 2
2076.638 1
2076.741 1
2076.844 1
2076.947 3
2077.050 3
2077.153 3
2077.256 4
2077.360 1
2077.463 2
2077.566 2
2077.669 1
2077.772 1
2077.875 3
2077.978 5
2078.082 5
2078.185 5
2078.288 3
2078.391 5
2078.494 5
2078.597 5
2078.701 4
2078.804 1
2078.907 2
2079.010 2
2079.113 2
2079.216 4
2079.320 5
2079.423 5
2079.526 5
2079.629 2
2079.732 0
2079.836 0
2079.939 0
2080.042 0
2080.145 3
2080.248 3
2080.352 3
2080.455 3
2080.558 1
2080.661 1
2080.764 1
2080.868 1
2080.971 0
2081.074 1
2081.177 1
2081.280 3
2081.384 3
2081.487 2
2081.590 4
2081.693 2
2081.797 3
2081.900 3
2082.003 1
2082.106 1
2082.210 3
2082.313 3
2082.416 4
2082.519 4
2082.623 1
2082.726 1
2082.829 0
2082.933 0
2083.036 1
2083.139 1
2083.242 1
2083.346 1
2083.449 0
2083.552 0
2083.656 0
2083.759 0
2083.862 0
2083.965 1
2084.069 1
2084.172 1
2084.275 1
2084.379 3
2084.482 5
2084.585 7
2084.689 9
2084.792 13
2084.895 11
2084.999 9
2085.102 7
2085.205 5
2085.309 5
2085.412 5
2085.515 5
2085.619 2
2085.722 2
2085.825 2
2085.929 2
2086.032 2
2086.135 2
2086.239 2
2086.342 2
2086.445 1
2086.549 1
2086.652 1
2086.755 1
2086.859 0
2086.962 0
2087.066 0
2087.169 1
2087.272 1
2087.376 2
2087.479 2
2087.582 1
2087.686 1
2087.789 0
2087.893 0
2087.996 0
2088.099 0
2088.203 0
2088.306 0
2088.410 0
2088.513 1
2088.616 1
2088.720 1
2088.823 1
2088.927 0
2089.030 0
2089.134 0
2089.237 1
2089.340 1
2089.444 1
2089.547 1
2089.651 0
2089.754 0
2089.858 0
2089.961 0
2090.065 0
2090.168 0
2090.271 0
2090.375 1
2090.478 1
2090.582 1
2090.685 2
2090.789 1
2090.892 1
2090.996 1
2091.099 1
2091.203 1
2091.306 1
2091.410 1
2091.513 0
2091.617 0
2091.720 0
2091.824 0
2091.927 0
2092.031 0
2092.134 0
2092.238 1
2092.341 2
2092.445 3
2092.548 4
2092.652 7
2092.755 7
2092.859 7
2092.962 4
2093.066 4
2093.169 4
2093.273 4
2093.376 4
2093.480 5
2093.583 5
2093.687 5
2093.791 4
2093.894 0
2093.998 1
2094.101 1
2094.205 1
2094.308 2
2094.412 2
2094.515 2
2094.619 3
2094.723 5
2094.826 5
2094.930 5
2095.033 7
2095.137 6
2095.240 5
2095.344 5
2095.448 2
2095.551 0
2095.655 0
2095.758 0
2095.862 0
2095.966 0
2096.069 0
2096.173 0
2096.276 0
2096.380 0
2096.484 0
2096.587 1
2096.691 1
2096.794 1
2096.898 1
2097.002 0
2097.105 0
2097.209 0
2097.313 0
2097.416 0
2097.520 0
2097.624 2
2097.727 2
2097.831 2
2097.934 2
2098.038 1
2098.142 1
2098.245 1
2098.349 1
2098.453 0
2098.556 1
2098.660 1
2098.764 1
2098.867 1
2098.971 0
2099.075 0
2099.178 0
2099.282 0
2099.386 0
2099.489 0
2099.593 0
2099.697 2
2099.801 2
2099.904 2
2100.008 2
2100.112 0
2100.215 0
2100.319 0
2100.423 0
2100.527 0
2100.630 1
2100.734 1
2100.838 1
2100.941 2
2101.045 1
2101.149 1
2101.253 1
2101.356 0
2101.460 0
2101.564 0
2101.668 0
2101.771 0
2101.875 0
2101.979 0
2102.083 1
2102.186 1
2102.290 1
2102.394 1
2102.498 1
2102.601 1
2102.705 1
2102.809 2
2102.913 1
2103.016 1
2103.120 1
2103.224 4
2103.328 5
2103.432 5
2103.535 5
2103.639 1
2103.743 0
2103.847 0
2103.951 0
2104.054 0
2104.158 1
2104.262 2
2104.366 2
2104.470 2
2104.573 1
2104.677 2
2104.781 2
2104.885 2
2104.989 2
2105.092 3
2105.196 3
2105.300 4
2105.404 4
2105.508 2
2105.612 2
2105.716 1
2105.819 3
2105.923 2
2106.027 2
2106.131 2
2106.235 3
2106.339 5
2106.442 5
2106.546 5
2106.650 2
2106.754 2
2106.858 2
2106.962 2
2107.066 2
2107.170 1
2107.273 1
2107.377 2
2107.481 4
2107.585 3
2107.689 3
2107.793 2
2107.897 5
2108.001 4
2108.105 3
2108.209 2
2108.312 0
2108.416 0
2108.520 0
2108.624 0
2108.728 0
2108.832 1
2108.936 1
2109.040 1
2109.144 1
2109.248 0
2109.352 0
2109.456 3
2109.560 3
2109.663 3
2109.767 3
2109.871 0
2109.975 1
2110.079 2
2110.183 2
2110.287 2
2110.391 1
2110.495 0
2110.599 0
2110.703 0
2110.807 0
2110.911 2
2111.015 2
2111.119 3
2111.223 3
2111.327 1
2111.431 1
2111.535 1
2111.639 1
2111.743 1
2111.847 1
2111.951 0
2112.055 0
2112.159 0
2112.263 0
2112.367 0
2112.471 0
2112.575 0
2112.679 0
2112.783 0
2112.887 0
2112.991 0
2113.095 0
2113.199 0
2113.303 4
2113.407 5
2113.511 6
2113.615 7
2113.719 6
2113.823 5
2113.927 5
2114.031 4
2114.135 2
2114.240 6
2114.344 6
2114.448 7
2114.552 7
2114.656 11
2114.760 11
2114.864 11
2114.968 12
2115.072 7
2115.176 5
2115.280 3
2115.384 0
2115.488 0
2115.592 0
2115.697 2
2115.801 2
2115.905 5
2116.009 5
2116.113 3
2116.217 3
2116.321 2
2116.425 2
2116.529 2
2116.634 5
2116.738 3
2116.842 3
2116.946 3
2117.050 5
2117.154 4
2117.258 3
2117.362 2
2117.467 1
2117.571 1
2117.675 1
2117.779 1
2117.883 1
2117.987 1
2118.091 1
2118.196 1
2118.300 0
2118.404 0
2118.508 0
2118.612 0
2118.716 0
2118.821 0
2118.925 0
2119.029 0
2119.133 0
2119.237 0
2119.341 0
2119.446 1
2119.550 2
2119.654 3
2119.758 4
2119.862 4
2119.967 4
2120.071 4
2120.175 2
2120.279 3
2120.383 4
2120.488 5
2120.592 4
2120.696 4
2120.800 4
2120.905 6
2121.009 5
2121.113 4
2121.217 3
2121.321 1
2121.426 1
2121.530 1
2121.634 1
2121.738 3
2121.843 4
2121.947 4
2122.051 4
2122.155 2
2122.260 1
2122.364 2
2122.468 2
2122.572 2
2122.677 2
2122.781 1
2122.885 3
2122.990 2
2123.094 2
2123.198 2
2123.302 1
2123.407 4
2123.511 4
2123.615 5
2123.720 7
2123.824 5
2123.928 5
2124.032 5
2124.137 2
2124.241 1
2124.345 1
2124.450 0
2124.554 0
2124.658 0
2124.763 0
2124.867 0
2124.971 2
2125.076 3
2125.180 3
2125.284 3
2125.389 1
2125.493 0
2125.597 0
2125.702 1
2125.806 1
2125.910 2
2126.015 3
2126.119 3
2126.223 7
2126.328 6
2126.432 5
2126.536 4
2126.641 2
2126.745 2
2126.850 2
2126.954 2
2127.058 0
2127.163 0
2127.267 0
2127.371 0
2127.476 0
2127.580 0
2127.685 0
2127.789 0
2127.893 0
2127.998 0
2128.102 0
2128.207 1
2128.311 1
2128.415 1
2128.520 1
2128.624 0
2128.729 0
2128.833 0
2128.938 0
2129.042 0
2129.146 0
2129.251 0
2129.355 0
2129.460 0
2129.564 0
2129.669 0
2129.773 0
2129.877 1
2129.982 1
2130.086 1
2130.191 2
2130.295 1
2130.400 1
2130.504 1
2130.609 0
2130.713 0
2130.818 0
2130.922 0
2131.027 3
2131.131 3
2131.236 3
2131.340 3
2131.444 2
2131.549 2
2131.653 2
2131.758 2
2131.862 0
2131.967 0
2132.071 2
2132.176 3
2132.280 4
2132.385 4
2132.489 2
2132.594 1
2132.699 0
2132.803 0
2132.908 0
2133.012 0
2133.117 2
2133.221 2
2133.326 2
2133.430 2
2133.535 0
2133.639 0
2133.744 0
2133.848 0
2133.953 0
2134.057 0
2134.162 0
2134.267 0
2134.371 0
2134.476 0
2134.580 0
2134.685 0
2134.789 2
2134.894 2
2134.999 2
2135.103 2
2135.208 4
2135.312 4
2135.417 4
2135.521 4
2135.626 2
2135.731 2
2135.835 2
2135.940 5
2136.044 3
2136.149 3
2136.254 3
2136.358 1
2136.463 2
2136.567 2
2136.672 2
2136.777 1
2136.881 0
2136.986 0
2137.091 0
2137.195 0
2137.300 0
2137.404 1
2137.509 1
2137.614 2
2137.718 3
2137.823 3
2137.928 4
2138.032 5
2138.137 4
2138.242 3
2138.346 2
2138.451 0
2138.556 0
2138.660 0
2138.765 0
2138.870 0
2138.974 0
2139.079 0
2139.184 0
2139.288 0
2139.393 1
2139.498 1
2139.602 1
2139.707 1
2139.812 1
2139.916 4
2140.021 6
2140.126 10
2140.231 11
2140.335 10
2140.440 10
2140.545 8
2140.649 4
2140.754 3
2140.859 2
2140.964 1
2141.068 1
2141.173 1
2141.278 1
2141.382 1
2141.487 0
2141.592 0
2141.697 0
2141.801 0
2141.906 0
2142.011 0
2142.116 0
2142.220 0
2142.325 3
2142.430 3
2142.535 3
2142.639 3
2142.744 1
2142.849 2
2142.954 4
2143.059 5
2143.163 4
2143.268 3
2143.373 1
2143.478 2
2143.582 2
2143.687 2
2143.792 2
2143.897 0
2144.002 0
2144.106 0
2144.211 0
2144.316 1
2144.421 1
2144.526 1
2144.631 1
2144.735 0
2144.840 1
2144.945 1
2145.050 1
2145.155 1
2145.259 0
2145.364 0
2145.469 0
2145.574 0
2145.679 0
2145.784 0
2145.888 0
2145.993 0
2146.098 0
2146.203 0
2146.308 0
2146.413 0
2146.518 0
2146.622 0
2146.727 0
2146.832 0
2146.937 1
2147.042 1
2147.147 1
2147.252 1
2147.357 0
2147.461 0
2147.566 0
2147.671 3
2147.776 3
2147.881 3
2147.986 5
2148.091 3
2148.196 3
2148.301 3
2148.406 1
2148.510 4
2148.615 4
2148.720 6
2148.825 6
2148.930 4
2149.035 5
2149.140 3
2149.245 3
2149.350 1
2149.455 0
2149.560 0
2149.665 0
2149.770 0
2149.874 0
2149.979 0
2150.084 2
2150.189 2
2150.294 2
2150.399 2
2150.504 0
2150.609 0
2150.714 0
2150.819 0
2150.924 0
2151.029 0
2151.134 2
2151.239 2
2151.344 2
2151.449 2
2151.554 3
2151.659 5
2151.764 7
2151.869 10
2151.974 8
2152.079 7
2152.184 6
2152.289 3
2152.394 3
2152.499 3
2152.604 3
2152.709 0
2152.814 0
2152.919 0
2153.024 0
2153.129 1
2153.234 1
2153.339 1
2153.444 2
2153.549 4
2153.654 4
2153.759 4
2153.864 3
2153.969 3
2154.074 3
2154.179 3
2154.284 4
2154.390 1
2154.495 1
2154.600 1
2154.705 1
2154.810 1
2154.915 1
2155.020 1
2155.125 0
2155.230 0
2155.335 0
2155.440 0
2155.545 0
2155.650 0
2155.755 0
2155.861 2
2155.966 2
2156.071 4
2156.176 5
2156.281 5
2156.386 7
2156.491 9
2156.596 10
2156.701 8
2156.807 6
2156.912 3
2157.017 1
2157.122 1
2157.227 1
2157.332 0
2157.437 1
2157.542 1
2157.648 2
2157.753 2
2157.858 1
2157.963 1
2158.068 1
2158.173 2
2158.278 2
2158.384 2
2158.489 1
2158.594 1
2158.699 1
2158.804 1
2158.909 1
2159.015 2
2159.120 2
2159.225 2
2159.330 2
2159.435 1
2159.540 1
2159.646 1
2159.751 1
2159.856 0
2159.961 0
2160.066 0
2160.172 0
2160.277 0
2160.382 0
2160.487 0
2160.592 3
2160.698 3
2160.803 3
2160.908 3
2161.013 1
2161.118 1
2161.224 1
2161.329 1
2161.434 0
2161.539 1
2161.645 1
2161.750 1
2161.855 1
2161.960 0
2162.066 0
2162.171 1
2162.276 1
2162.381 2
2162.487 5
2162.592 4
2162.697 4
2162.802 7
2162.908 8
2163.013 7
2163.118 6
2163.223 5
2163.329 0
2163.434 0
2163.539 0
2163.645 0
2163.750 0
2163.855 0
2163.960 0
2164.066 0
2164.171 0
2164.276 0
2164.382 1
2164.487 1
2164.592 1
2164.698 1
2164.803 3
2164.908 3
2165.014 3
2165.119 4
2165.224 1
2165.329 2
2165.435 2
2165.540 1
2165.645 1
2165.751 1
2165.856 4
2165.961 4
2166.067 4
2166.172 3
2166.278 1
2166.383 1
2166.488 1
2166.594 1
2166.699 0
2166.804 0
2166.910 0
2167.015 0
2167.120 0
2167.226 0
2167.331 0
2167.437 0
2167.542 2
2167.647 2
2167.753 2
2167.858 2
2167.963 0
2168.069 1
2168.174 1
2168.280 1
2168.385 1
2168.490 0
2168.596 0
2168.701 0
2168.807 3
2168.912 3
2169.018 3
2169.123 3
2169.228 1
2169.334 1
2169.439 1
2169.545 1
2169.650 1
2169.756 1
2169.861 1
2169.966 3
2170.072 4
2170.177 6
2170.283 9
2170.388 7
2170.494 6
2170.599 4
2170.705 2
2170.810 2
2170.915 3
2171.021 3
2171.126 2
2171.232 2
2171.337 0
2171.443 0
2171.548 0
2171.654 0
2171.759 0
2171.865 0
2171.970 0
2172.076 0
2172.181 0
2172.287 0
2172.392 0
2172.498 0
2172.603 0
2172.709 0
2172.814 0
2172.920 0
2173.025 0
2173.131 0
2173.236 0
2173.342 0
2173.447 0
2173.553 0
2173.658 0
2173.764 0
2173.870 0
2173.975 0
2174.081 0
2174.186 0
2174.292 0
2174.397 0
2174.503 3
2174.608 4
2174.714 4
2174.819 4
2174.925 3
2175.031 2
2175.136 2
2175.242 2
2175.347 0
2175.453 0
2175.558 0
2175.664 0
2175.770 0
2175.875 0
2175.981 0
2176.086 0
2176.192 0
2176.298 0
2176.403 0
2176.509 0
2176.614 0
2176.720 0
2176.826 0
2176.931 0
2177.037 0
2177.142 0
2177.248 1
2177.354 1
2177.459 4
2177.565 4
2177.671 3
2177.776 4
2177.882 2
2177.987 2
2178.093 2
2178.199 1
2178.304 0
2178.410 0
2178.516 0
2178.621 0
2178.727 0
2178.833 0
2178.938 0
2179.044 0
2179.150 0
2179.255 0
2179.361 2
2179.467 2
2179.572 3
2179.678 4
2179.784 2
2179.889 2
2179.995 1
2180.101 1
2180.206 1
2180.312 2
2180.418 3
2180.524 2
2180.629 2
2180.735 1
2180.841 0
2180.946 2
2181.052 3
2181.158 3
2181.264 3
2181.369 3
2181.475 3
2181.581 3
2181.686 3
2181.792 1
2181.898 0
2182.004 0
2182.109 2
2182.215 2
2182.321 2
2182.427 2
2182.532 0
2182.638 2
2182.744 2
2182.850 2
2182.955 2
2183.061 0
2183.167 0
2183.273 0
2183.378 2
2183.484 5
2183.590 5
2183.696 5
2183.802 3
2183.907 0
2184.013 0
2184.119 0
2184.225 0
2184.330 0
2184.436 0
2184.542 0
2184.648 0
2184.754 0
2184.860 0
2184.965 0
2185.071 0
2185.177 0
2185.283 1
2185.389 1
2185.494 1
2185.600 1
2185.706 0
2185.812 1
2185.918 1
2186.024 1
2186.129 1
2186.235 0
2186.341 0
2186.447 0
2186.553 0
2186.659 0
2186.764 0
2186.870 3
2186.976 4
2187.082 5
2187.188 6
2187.294 4
2187.400 4
2187.506 4
2187.611 1
2187.717 2
2187.823 2
2187.929 2
2188.035 1
2188.141 0
2188.247 0
2188.353 0
2188.458 1
2188.564 1
2188.670 1
2188.776 1
2188.882 2
2188.988 2
2189.094 2
2189.200 3
2189.306 1
2189.412 1
2189.518 1
2189.624 1
2189.729 4
2189.835 7
2189.941 7
2190.047 6
2190.153 3
2190.259 3
2190.365 3
2190.471 3
2190.577 3
2190.683 2
2190.789 2
2190.895 2
2191.001 3
2191.107 1
2191.213 1
2191.319 2
2191.425 1
2191.531 4
2191.637 4
2191.743 5
2191.849 5
2191.955 2
2192.060 2
2192.166 1
2192.272 1
2192.378 1
2192.484 3
2192.590 2
2192.696 2
2192.802 6
2192.908 6
2193.014 7
2193.120 8
2193.226 6
2193.332 5
2193.439 5
2193.545 3
2193.651 2
2193.757 2
2193.863 2
2193.969 1
2194.075 1
2194.181 1
2194.287 1
2194.393 0
2194.499 2
2194.605 2
2194.711 2
2194.817 2
2194.923 4
2195.029 3
2195.135 2
2195.241 1
2195.347 1
2195.453 1
2195.559 1
2195.665 1
2195.772 0
2195.878 0
2195.984 1
2196.090 1
2196.196 1
2196.302 1
2196.408 0
2196.514 1
2196.620 4
2196.726 4
2196.832 4
2196.939 3
2197.045 0
2197.151 1
2197.257 2
2197.363 3
2197.469 5
2197.575 6
2197.681 5
2197.787 4
2197.894 4
2198.000 3
2198.106 4
2198.212 5
2198.318 6
2198.424 5
2198.530 4
2198.637 3
2198.743 0
2198.849 0
2198.955 0
2199.061 0
2199.167 0
2199.274 0
2199.380 0
2199.486 0
2199.592 0
2199.698 0
2199.804 1
2199.911 2
2200.017 5
2200.123 5
2200.229 4
2200.335 7
2200.441 7
2200.548 7
2200.654 7
2200.760 3
2200.866 1
2200.972 1
2201.079 1
2201.185 1
2201.291 0
2201.397 0
2201.503 0
2201.610 0
2201.716 0
2201.822 0
2201.928 0
2202.035 0
2202.141 0
2202.247 0
2202.353 0
2202.460 1
2202.566 1
2202.672 1
2202.778 1
2202.885 1
2202.991 1
2203.097 1
2203.203 1
2203.310 0
2203.416 0
2203.522 2
2203.628 2
2203.735 2
2203.841 3
2203.947 1
2204.053 1
2204.160 1
2204.266 0
2204.372 0
2204.479 0
2204.585 0
2204.691 0
2204.797 0
2204.904 0
2205.010 0
2205.116 1
2205.223 1
2205.329 1
2205.435 1
2205.542 0
2205.648 0
2205.754 0
2205.861 2
2205.967 2
2206.073 2
2206.180 2
2206.286 0
2206.392 0
2206.499 0
2206.605 0
2206.711 1
2206.818 1
2206.924 4
2207.030 5
2207.137 4
2207.243 5
2207.349 2
2207.456 3
2207.562 3
2207.668 3
2207.775 5
2207.881 6
2207.988 8
2208.094 11
2208.200 10
2208.307 7
2208.413 5
2208.519 3
2208.626 2
2208.732 2
2208.839 2
2208.945 0
2209.051 0
2209.158 0
2209.264 5
2209.371 5
2209.477 5
2209.583 7
2209.690 6
2209.796 6
2209.903 6
2210.009 5
2210.116 5
2210.222 7
2210.328 8
2210.435 8
2210.541 11
2210.648 10
2210.754 7
2210.861 6
2210.967 4
2211.074 3
2211.180 3
2211.286 3
2211.393 3
2211.499 3
2211.606 1
2211.712 1
2211.819 0
2211.925 2
2212.032 3
2212.138 4
2212.245 5
2212.351 6
2212.458 6
2212.564 6
2212.671 6
2212.777 5
2212.884 5
2212.990 5
2213.097 5
2213.203 6
2213.310 6
2213.416 6
2213.523 6
2213.629 3
2213.736 3
2213.842 3
2213.949 3
2214.055 1
2214.162 1
2214.268 1
2214.375 1
2214.481 0
2214.588 2
2214.694 2
2214.801 2
2214.907 3
2215.014 1
2215.121 1
2215.227 1
2215.334 0
2215.440 0
2215.547 0
2215.653 0
2215.760 0
2215.866 0
2215.973 0
2216.080 1
2216.186 3
2216.293 3
2216.399 3
2216.506 2
2216.613 0
2216.719 0
2216.826 0
2216.932 0
2217.039 0
2217.145 2
2217.252 2
2217.359 4
2217.465 4
2217.572 2
2217.679 2
2217.785 0
2217.892 0
2217.998 0
2218.105 0
2218.212 0
2218.318 0
2218.425 0
2218.532 0
2218.638 0
2218.745 0
2218.851 0
2218.958 1
2219.065 1
2219.171 3
2219.278 4
2219.385 4
2219.491 5
2219.598 8
2219.705 7
2219.811 6
2219.918 6
2220.025 5
2220.131 5
2220.238 5
2220.345 4
2220.451 0
2220.558 0
2220.665 0
2220.771 0
2220.878 1
2220.985 2
2221.091 3
2221.198 5
2221.305 4
2221.412 6
2221.518 5
2221.625 4
2221.732 6
2221.838 5
2221.945 5
2222.052 4
2222.159 6
2222.265 6
2222.372 6
2222.479 9
2222.585 7
2222.692 5
2222.799 5
2222.906 2
2223.012 1
2223.119 1
2223.226 1
2223.333 1
2223.439 1
2223.546 2
2223.653 2
2223.760 2
2223.866 1
2223.973 0
2224.080 0
2224.187 0
2224.293 0
2224.400 0
2224.507 0
2224.614 1
2224.721 1
2224.827 1
2224.934 1
2225.041 1
2225.148 1
2225.255 1
2225.361 1
2225.468 0
2225.575 3
2225.682 5
2225.789 5
2225.895 5
2226.002 3
2226.109 2
2226.216 2
2226.323 2
2226.429 1
2226.536 0
2226.643 0
2226.750 0
2226.857 1
2226.964 1
2227.070 1
2227.177 1
2227.284 2
2227.391 2
2227.498 2
2227.605 2
2227.712 1
2227.818 1
2227.925 1
2228.032 3
2228.139 3
2228.246 5
2228.353 5
2228.460 5
2228.567 4
2228.673 3
2228.780 4
2228.887 3
2228.994 6
2229.101 5
2229.208 4
2229.315 3
2229.422 1
2229.529 1
2229.635 2
2229.742 3
2229.849 6
2229.956 6
2230.063 5
2230.170 7
2230.277 4
2230.384 4
2230.491 4
2230.598 3
2230.705 3
2230.812 6
2230.918 7
2231.025 6
2231.132 8
2231.239 5
2231.346 4
2231.453 3
2231.560 1
2231.667 1
2231.774 1
2231.881 1
2231.988 0
2232.095 0
2232.202 0
2232.309 0
2232.416 3
2232.523 5
2232.630 6
2232.737 8
2232.844 5
2232.951 3
2233.058 2
2233.165 0
2233.272 0
2233.379 0
2233.486 0
2233.593 0
2233.700 0
2233.807 0
2233.914 0
2234.021 2
2234.128 2
2234.235 3
2234.342 3
2234.449 2
2234.556 3
2234.663 4
2234.770 6
2234.877 7
2234.984 9
2235.091 9
2235.198 8
2235.305 7
2235.412 5
2235.519 3
2235.626 2
2235.733 1
2235.840 2
2235.947 3
2236.054 4
2236.161 6
2236.268 5
2236.376 4
2236.483 3
2236.590 2
2236.697 2
2236.804 2
2236.911 2
2237.018 3
2237.125 4
2237.232 4
2237.339 4
2237.446 4
2237.553 2
2237.661 2
2237.768 2
2237.875 2
2237.982 4
2238.089 5
2238.196 6
2238.303 6
2238.410 4
2238.517 3
2238.625 3
2238.732 2
2238.839 3
2238.946 4
2239.053 3
2239.160 2
2239.267 1
2239.374 0
2239.482 0
2239.589 2
2239.696 4
2239.803 4
2239.910 4
2240.017 2
2240.125 0
2240.232 0
2240.339 0
2240.446 0
2240.553 0
2240.660 0
2240.768 0
2240.875 0
2240.982 2
2241.089 3
2241.196 4
2241.303 8
2241.411 6
2241.518 5
2241.625 4
2241.732 0
2241.839 0
2241.947 0
2242.054 0
2242.161 0
2242.268 0
2242.375 1
2242.483 1
2242.590 1
2242.697 3
2242.804 2
2242.912 2
2243.019 2
2243.126 0
2243.233 0
2243.340 0
2243.448 0
2243.555 0
2243.662 0
2243.769 0
2243.877 0
2243.984 0
2244.091 0
2244.198 0
2244.306 0
2244.413 2
2244.520 3
2244.628 4
2244.735 6
2244.842 7
2244.949 7
2245.057 7
2245.164 4
2245.271 2
2245.378 2
2245.486 2
2245.593 0
2245.700 0
2245.808 0
2245.915 0
2246.022 0
2246.130 0
2246.237 0
2246.344 0
2246.451 0
2246.559 0
2246.666 0
2246.773 0
2246.881 1
2246.988 2
2247.095 3
2247.203 4
2247.310 4
2247.417 4
2247.525 4
2247.632 4
2247.739 1
2247.847 1
2247.954 3
2248.061 3
2248.169 2
2248.276 4
2248.383 2
2248.491 4
2248.598 6
2248.706 6
2248.813 11
2248.920 10
2249.028 13
2249.135 11
2249.242 8
2249.350 7
2249.457 2
2249.565 3
2249.672 1
2249.779 1
2249.887 1
2249.994 0
2250.102 0
2250.209 0
2250.316 0
2250.424 0
2250.531 0
2250.639 0
2250.746 1
2250.853 1
2250.961 2
2251.068 2
2251.176 2
2251.283 2
2251.391 1
2251.498 1
2251.605 1
2251.713 4
2251.820 4
2251.928 4
2252.035 3
2252.143 0
2252.250 0
2252.358 0
2252.465 0
2252.573 0
2252.680 0
2252.787 0
2252.895 0
2253.002 0
2253.110 0
2253.217 1
2253.325 1
2253.432 1
2253.540 1
2253.647 0
2253.755 0
2253.862 2
2253.970 2
2254.077 2
2254.185 5
2254.292 3
2254.400 3
2254.507 3
2254.615 1
2254.722 4
2254.830 4
2254.937 4
2255.045 3
2255.152 0
2255.260 0
2255.367 1
2255.475 1
2255.582 2
2255.690 4
2255.798 3
2255.905 3
2256.013 2
2256.120 1
2256.228 1
2256.335 1
2256.443 1
2256.550 1
2256.658 1
2256.765 1
2256.873 1
2256.981 0
2257.088 2
2257.196 2
2257.303 4
2257.411 4
2257.518 3
2257.626 4
2257.734 2
2257.841 2
2257.949 1
2258.056 0
2258.164 1
2258.272 1
2258.379 1
2258.487 2
2258.594 1
2258.702 2
2258.810 2
2258.917 1
2259.025 2
2259.132 4
2259.240 4
2259.348 4
2259.455 3
2259.563 1
2259.671 1
2259.778 4
2259.886 4
2259.994 3
2260.101 3
2260.209 0
2260.316 0
2260.424 0
2260.532 0
2260.639 2
2260.747 2
2260.855 2
2260.962 2
2261.070 0
2261.178 0
2261.285 0
2261.393 1
2261.501 3
2261.608 6
2261.716 6
2261.824 7
2261.931 5
2262.039 2
2262.147 2
2262.255 0
2262.362 0
2262.470 1
2262.578 1
2262.685 4
2262.793 4
2262.901 3
2263.008 3
2263.116 3
2263.224 3
2263.332 3
2263.439 3
2263.547 0
2263.655 0
2263.763 0
2263.870 0
2263.978 0
2264.086 0
2264.193 0
2264.301 2
2264.409 2
2264.517 3
2264.624 3
2264.732 1
2264.840 1
2264.948 4
2265.056 3
2265.163 2
2265.271 1
2265.379 0
2265.487 1
2265.594 1
2265.702 1
2265.810 1
2265.918 1
2266.025 1
2266.133 2
2266.241 6
2266.349 6
2266.457 10
2266.564 11
2266.672 8
2266.780 9
2266.888 8
2266.996 7
2267.103 8
2267.211 6
2267.319 7
2267.427 8
2267.535 7
2267.643 4
2267.750 1
2267.858 2
2267.966 5
2268.074 7
2268.182 7
2268.290 9
2268.397 7
2268.505 7
2268.613 7
2268.721 5
2268.829 5
2268.937 4
2269.045 4
2269.152 2
2269.260 1
2269.368 1
2269.476 1
2269.584 1
2269.692 2
2269.800 1
2269.907 1
2270.015 2
2270.123 4
2270.231 4
2270.339 4
2270.447 3
2270.555 0
2270.663 0
2270.771 0
2270.879 0
2270.986 0
2271.094 1
2271.202 1
2271.310 2
2271.418 3
2271.526 3
2271.634 4
2271.742 4
2271.850 7
2271.958 10
2272.066 7
2272.174 9
2272.281 11
2272.389 12
2272.497 10
2272.605 8
2272.713 7
2272.821 5
2272.929 5
2273.037 4
2273.145 3
2273.253 2
2273.361 4
2273.469 4
2273.577 4
2273.685 2
2273.793 0
2273.901 1
2274.009 1
2274.117 1
2274.225 1
2274.333 0
2274.441 2
2274.549 2
2274.657 2
2274.765 2
2274.873 0
2274.981 0
2275.089 0
2275.197 0
2275.305 0
2275.413 1
2275.521 2
2275.629 3
2275.737 6
2275.845 9
2275.953 9
2276.061 8
2276.169 5
2276.277 2
2276.385 1
2276.493 1
2276.601 1
2276.709 0
2276.817 0
2276.925 0
2277.033 0
2277.141 0
2277.249 0
2277.357 0
2277.465 0
2277.574 0
2277.682 1
2277.790 1
2277.898 1
2278.006 1
2278.114 0
2278.222 0
2278.330 0
2278.438 0
2278.546 0
2278.654 0
2278.762 0
2278.871 0
2278.979 0
2279.087 0
2279.195 1
2279.303 3
2279.411 4
2279.519 4
2279.627 3
2279.735 2
2279.843 1
2279.952 1
2280.060 1
2280.168 1
2280.276 1
2280.384 4
2280.492 4
2280.600 4
2280.709 5
2280.817 2
2280.925 2
2281.033 1
2281.141 2
2281.249 2
2281.357 2
2281.466 2
2281.574 1
2281.682 1
2281.790 1
2281.898 1
2282.006 0
2282.115 2
2282.223 2
2282.331 2
2282.439 2
2282.547 0
2282.655 0
2282.764 0
2282.872 0
2282.980 0
2283.088 0
2283.196 0
2283.305 0
2283.413 0
2283.521 0
2283.629 1
2283.737 1
2283.846 1
2283.954 1
2284.062 1
2284.170 1
2284.279 1
2284.387 1
2284.495 0
2284.603 0
2284.712 0
2284.820 0
2284.928 0
2285.036 0
2285.144 0
2285.253 0
2285.361 1
2285.469 1
2285.578 1
2285.686 1
2285.794 0
2285.902 0
2286.011 1
2286.119 1
2286.227 2
2286.335 2
2286.444 1
2286.552 1
2286.660 0
2286.769 2
2286.877 2
2286.985 2
2287.093 2
2287.202 0
2287.310 0
2287.418 0
2287.527 1
2287.635 1
2287.743 1
2287.851 2
2287.960 1
2288.068 1
2288.176 1
2288.285 0
2288.393 0
2288.501 0
2288.610 0
2288.718 0
2288.826 0
2288.935 0
2289.043 0
2289.151 0
2289.260 0
2289.368 0
2289.476 0
2289.585 0
2289.693 0
2289.802 0
2289.910 1
2290.018 1
2290.127 1
2290.235 1
2290.343 1
2290.452 1
2290.560 2
2290.669 3
2290.777 3
2290.885 4
2290.994 5
2291.102 5
2291.210 5
2291.319 2
2291.427 2
2291.536 3
2291.644 3
2291.752 2
2291.861 1
2291.969 0
2292.078 0
2292.186 1
2292.295 2
2292.403 3
2292.511 4
2292.620 4
2292.728 4
2292.837 4
2292.945 1
2293.054 3
2293.162 6
2293.270 6
2293.379 7
2293.487 8
2293.596 5
2293.704 5
2293.813 3
2293.921 3
2294.030 3
2294.138 3
2294.246 3
2294.355 0
2294.463 0
2294.572 0
2294.680 0
2294.789 0
2294.897 0
2295.006 0
2295.114 0
2295.223 0
2295.331 0
2295.440 0
2295.548 0
2295.657 0
2295.765 0
2295.874 0
2295.982 0
2296.091 0
2296.199 0
2296.308 0
2296.416 1
2296.525 4
2296.633 4
2296.742 5
2296.850 5
2296.959 3
2297.067 5
2297.176 4
2297.285 3
2297.393 2
2297.502 1
2297.610 1
2297.719 1
2297.827 1
2297.936 0
2298.044 0
2298.153 0
2298.262 0
2298.370 0
2298.479 0
2298.587 0
2298.696 1
2298.804 2
2298.913 2
2299.022 2
2299.130 1
2299.239 2
2299.347 2
2299.456 2
2299.564 3
2299.673 6
2299.782 5
2299.890 4
2299.999 6
2300.107 4
2300.216 4
2300.325 4
2300.433 1
2300.542 1
2300.651 1
2300.759 1
2300.868 0
2300.976 0
2301.085 0
2301.194 0
2301.302 1
2301.411 1
2301.520 1
2301.628 1
2301.737 3
2301.846 3
2301.954 3
2302.063 3
2302.171 0
2302.280 0
2302.389 0
2302.497 0
2302.606 0
2302.715 0
2302.823 0
2302.932 0
2303.041 0
2303.149 0
2303.258 0
2303.367 0
2303.476 0
2303.584 0
2303.693 1
2303.802 1
2303.910 3
2304.019 3
2304.128 2
2304.236 2
2304.345 0
2304.454 0
2304.563 2
2304.671 2
2304.780 2
2304.889 2
2304.997 1
2305.106 1
2305.215 1
2305.324 1
2305.432 0
2305.541 0
2305.650 0
2305.759 1
2305.867 1
2305.976 1
2306.085 1
2306.194 2
2306.302 2
2306.411 2
2306.520 2
2306.629 0
2306.737 1
2306.846 1
2306.955 1
2307.064 2
2307.172 1
2307.281 1
2307.390 3
2307.499 2
2307.608 4
2307.716 4
2307.825 4
2307.934 7
2308.043 9
2308.152 10
2308.260 11
2308.369 10
2308.478 10
2308.587 8
2308.696 6
2308.804 3
2308.913 2
2309.022 2
2309.131 0
2309.240 0
2309.348 0
2309.457 1
2309.566 1
2309.675 1
2309.784 1
2309.893 0
2310.001 0
2310.110 0
2310.219 0
2310.328 0
2310.437 0
2310.546 0
2310.655 0
2310.763 1
2310.872 1
2310.981 1
2311.090 1
2311.199 3
2311.308 5
2311.417 5
2311.526 5
2311.634 2
2311.743 0
2311.852 1
2311.961 1
2312.070 2
2312.179 2
2312.288 1
2312.397 1
2312.506 0
2312.614 3
2312.723 3
2312.832 4
2312.941 4
2313.050 2
2313.159 2
2313.268 1
2313.377 1
2313.486 0
2313.595 0
2313.704 0
2313.813 0
2313.922 0
2314.030 1
2314.139 1
2314.248 4
2314.357 4
2314.466 4
2314.575 5
2314.684 6
2314.793 9
2314.902 8
2315.011 7
2315.120 3
2315.229 2
2315.338 2
2315.447 2
2315.556 3
2315.665 2
2315.774 3
2315.883 4
2315.992 4
2316.101 7
2316.210 6
2316.319 5
2316.428 4
2316.537 2
2316.646 3
2316.755 3
2316.864 4
2316.973 2
2317.082 1
2317.191 2
2317.300 1
2317.409 2
2317.518 2
2317.627 1
2317.736 1
2317.845 0
2317.954 0
2318.063 0
2318.172 0
2318.281 1
2318.390 1
2318.499 1
2318.608 2
2318.717 4
2318.826 4
2318.935 4
2319.045 3
2319.154 0
2319.263 0
2319.372 0
2319.481 0
2319.590 0
2319.699 1
2319.808 2
2319.917 4
2320.026 5
2320.135 5
2320.244 5
2320.353 5
2320.463 3
2320.572 3
2320.681 3
2320.790 6
2320.899 5
2321.008 4
2321.117 3
2321.226 2
2321.335 5
2321.444 5
2321.554 5
2321.663 5
2321.772 4
2321.881 6
2321.990 6
2322.099 6
2322.208 3
2322.317 5
2322.427 5
2322.536 5
2322.645 4
2322.754 1
2322.863 1
2322.972 2
2323.082 2
2323.191 1
2323.300 1
2323.409 0
2323.518 0
2323.627 0
2323.737 0
2323.846 0
2323.955 0
2324.064 0
2324.173 0
2324.282 0
2324.392 0
2324.501 0
2324.610 0
2324.719 0
2324.828 0
2324.938 0
2325.047 0
2325.156 0
2325.265 0
2325.374 0
2325.484 0
2325.593 0
2325.702 0
2325.811 0
2325.920 0
2326.030 0
2326.139 0
2326.248 0
2326.357 3
2326.467 3
2326.576 3
2326.685 3
2326.794 2
2326.904 2
2327.013 2
2327.122 2
2327.231 0
2327.341 1
2327.450 1
2327.559 1
2327.668 1
2327.778 0
2327.887 0
2327.996 0
2328.105 0
2328.215 0
2328.324 0
2328.433 0
2328.543 3
2328.652 3
2328.761 3
2328.870 3
2328.980 2
2329.089 2
2329.198 2
2329.308 2
2329.417 3
2329.526 3
2329.636 4
2329.745 4
2329.854 1
2329.964 1
2330.073 0
2330.182 0
2330.292 0
2330.401 0
2330.510 0
2330.620 0
2330.729 0
2330.838 0
2330.948 1
2331.057 2
2331.166 2
2331.276 2
2331.385 1
2331.494 0
2331.604 0
2331.713 0
2331.822 0
2331.932 0
2332.041 0
2332.151 0
2332.260 0
2332.369 3
2332.479 3
2332.588 3
2332.697 3
2332.807 3
2332.916 3
2333.026 3
2333.135 3
2333.244 0
2333.354 0
2333.463 0
2333.573 0
2333.682 0
2333.791 0
2333.901 0
2334.010 0
2334.120 0
2334.229 0
2334.338 0
2334.448 0
2334.557 0
2334.667 0
2334.776 2
2334.886 2
2334.995 2
2335.105 2
2335.214 0
2335.323 0
2335.433 0
2335.542 0
2335.652 0
2335.761 0
2335.871 0
2335.980 0
2336.090 0
2336.199 0
2336.309 0
2336.418 2
2336.528 2
2336.637 2
2336.746 2
2336.856 0
2336.965 0
2337.075 1
2337.184 1
2337.294 1
2337.403 1
2337.513 1
2337.622 1
2337.732 1
2337.841 1
2337.951 2
2338.060 2
2338.170 2
2338.279 2
2338.389 4
2338.499 3
2338.608 2
2338.718 1
2338.827 0
2338.937 3
2339.046 4
2339.156 4
2339.265 4
2339.375 1
2339.484 0
2339.594 0
2339.703 0
2339.813 0
2339.923 1
2340.032 1
2340.142 1
2340.251 2
2340.361 4
2340.470 4
2340.580 4
2340.690 4
2340.799 1
2340.909 1
2341.018 1
2341.128 0
2341.237 0
2341.347 0
2341.457 1
2341.566 6
2341.676 6
2341.785 6
2341.895 5
2342.005 4
2342.114 4
2342.224 4
2342.333 4
2342.443 0
2342.553 0
2342.662 0
2342.772 0
2342.882 1
2342.991 1
2343.101 1
2343.210 1
2343.320 1
2343.430 1
2343.539 1
2343.649 3
2343.759 2
2343.868 2
2343.978 2
2344.088 1
2344.197 2
2344.307 2
2344.417 2
2344.526 2
2344.636 1
2344.746 1
2344.855 1
2344.965 0
2345.075 0
2345.184 0
2345.294 0
2345.404 2
2345.513 2
2345.623 2
2345.733 2
2345.842 1
2345.952 2
2346.062 3
2346.172 4
2346.281 4
2346.391 6
2346.501 6
2346.610 3
2346.720 3
2346.830 2
2346.940 3
2347.049 2
2347.159 2
2347.269 1
2347.379 0
2347.488 0
2347.598 0
2347.708 0
2347.817 0
2347.927 0
2348.037 0
2348.147 0
2348.256 0
2348.366 0
2348.476 0
2348.586 0
2348.696 1
2348.805 1
2348.915 1
2349.025 2
2349.135 1
2349.244 1
2349.354 1
2349.464 0
2349.574 0
2349.684 0
2349.793 0
2349.903 0
2350.013 0
2350.123 0
2350.233 0
2350.342 0
2350.452 0
2350.562 0
2350.672 0
2350.782 1
2350.891 1
2351.001 1
2351.111 3
2351.221 3
2351.331 3
2351.441 3
2351.550 1
2351.660 0
2351.770 0
2351.880 0
2351.990 0
2352.100 1
2352.209 2
2352.319 2
2352.429 2
2352.539 2
2352.649 1
2352.759 1
2352.869 1
2352.978 0
2353.088 0
2353.198 0
2353.308 0
2353.418 0
2353.528 0
2353.638 0
2353.748 2
2353.857 2
2353.967 3
2354.077 4
2354.187 5
2354.297 8
2354.407 8
2354.517 8
2354.627 6
2354.737 8
2354.847 6
2354.956 4
2355.066 2
2355.176 0
2355.286 0
2355.396 0
2355.506 0
2355.616 0
2355.726 0
2355.836 1
2355.946 1
2356.056 1
2356.166 1
2356.276 2
2356.386 2
2356.496 2
2356.605 2
2356.715 0
2356.825 0
2356.935 0
2357.045 0
2357.155 0
2357.265 0
2357.375 0
2357.485 0
2357.595 0
2357.705 0
2357.815 0
2357.925 0
2358.035 2
2358.145 2
2358.255 2
2358.365 2
2358.475 1
2358.585 1
2358.695 2
2358.805 3
2358.915 4
2359.025 4
2359.135 3
2359.245 2
2359.355 0
2359.465 2
2359.575 2
2359.685 2
2359.795 2
2359.905 0
2360.015 1
2360.125 1
2360.235 1
2360.345 2
2360.455 1
2360.566 3
2360.676 3
2360.786 3
2360.896 3
2361.006 1
2361.116 1
2361.226 0
2361.336 0
2361.446 0
2361.556 0
2361.666 2
2361.776 2
2361.886 2
2361.996 2
2362.106 1
2362.217 1
2362.327 1
2362.437 1
2362.547 0
2362.657 0
2362.767 0
2362.877 1
2362.987 1
2363.097 1
2363.207 1
2363.318 0
2363.428 0
2363.538 0
2363.648 0
2363.758 0
2363.868 0
2363.978 0
2364.088 0
2364.199 0
2364.309 0
2364.419 1
2364.529 1
2364.639 1
2364.749 1
2364.859 0
2364.970 0
2365.080 0
2365.190 0
2365.300 0
2365.410 0
2365.520 0
2365.630 0
2365.741 0
2365.851 0
2365.961 0
2366.071 0
2366.181 1
2366.292 2
2366.402 4
2366.512 5
2366.622 5
2366.732 5
2366.842 5
2366.953 3
2367.063 4
2367.173 4
2367.283 4
2367.393 2
2367.504 1
2367.614 1
2367.724 0
2367.834 0
2367.945 0
2368.055 0
2368.165 0
2368.275 0
2368.385 0
2368.496 0
2368.606 0
2368.716 0
2368.826 0
2368.937 0
2369.047 0
2369.157 0
2369.267 0
2369.378 0
2369.488 1
2369.598 1
2369.708 2
2369.819 2
2369.929 1
2370.039 2
2370.150 2
2370.260 3
2370.370 3
2370.480 2
2370.591 4
2370.701 3
2370.811 3
2370.922 3
2371.032 2
2371.142 2
2371.252 2
2371.363 2
2371.473 2
2371.583 2
2371.694 3
2371.804 3
2371.914 1
2372.025 1
2372.135 0
2372.245 0
2372.356 0
2372.466 0
2372.576 0
2372.687 0
2372.797 1
2372.907 1
2373.018 3
2373.128 3
2373.238 2
2373.349 2
2373.459 0
2373.569 0
2373.680 0
2373.790 0
2373.900 0
2374.011 0
2374.121 2
2374.231 2
2374.342 2
2374.452 2
2374.563 4
2374.673 4
2374.783 4
2374.894 7
2375.004 4
2375.115 4
2375.225 4
2375.335 3
2375.446 3
2375.556 4
2375.667 4
2375.777 3
2375.887 5
2375.998 4
2376.108 4
2376.219 3
2376.329 3
2376.439 3
2376.550 3
2376.660 3
2376.771 0
2376.881 0
2376.992 0
2377.102 0
2377.212 1
2377.323 1
2377.433 1
2377.544 2
2377.654 3
2377.765 3
2377.875 3
2377.986 2
2378.096 4
2378.207 4
2378.317 4
2378.427 4
2378.538 1
2378.648 1
2378.759 1
2378.869 1
2378.980 0
2379.090 1
2379.201 2
2379.311 3
2379.422 4
2379.532 4
2379.643 4
2379.753 4
2379.864 1
2379.974 1
2380.085 1
2380.195 1
2380.306 1
2380.416 1
2380.527 1
2380.637 1
2380.748 1
2380.858 1
2380.969 1
2381.080 1
2381.190 0
2381.301 0
2381.411 0
2381.522 0
2381.632 0
2381.743 0
2381.853 0
2381.964 0
2382.074 0
2382.185 0
2382.296 0
2382.406 0
2382.517 3
2382.627 4
2382.738 6
2382.848 7
2382.959 8
2383.070 8
2383.180 6
2383.291 5
2383.401 3
2383.512 2
2383.622 2
2383.733 2
2383.844 0
2383.954 0
2384.065 0
2384.175 1
2384.286 3
2384.397 3
2384.507 3
2384.618 2
2384.729 0
2384.839 0
2384.950 0
2385.060 0
2385.171 0
2385.282 0
2385.392 0
2385.503 0
2385.614 0
2385.724 0
2385.835 0
2385.945 1
2386.056 1
2386.167 1
2386.277 1
2386.388 0
2386.499 0
2386.609 0
2386.720 0
2386.831 0
2386.941 2
2387.052 3
2387.163 3
2387.273 3
2387.384 3
2387.495 2
2387.605 2
2387.716 2
2387.827 0
2387.938 1
2388.048 1
2388.159 1
2388.270 2
2388.380 4
2388.491 4
2388.602 4
2388.712 3
2388.823 0
2388.934 0
2389.045 2
2389.155 2
2389.266 2
2389.377 2
2389.488 0
2389.598 0
2389.709 0
2389.820 0
2389.930 0
2390.041 0
2390.152 0
2390.263 0
2390.373 0
2390.484 0
2390.595 0
2390.706 0
2390.817 0
2390.927 0
2391.038 0
2391.149 0
2391.260 0
2391.370 0
2391.481 0
2391.592 0
2391.703 0
2391.813 0
2391.924 0
2392.035 0
2392.146 0
2392.257 0
2392.367 1
2392.478 2
2392.589 3
2392.700 6
2392.811 6
2392.921 6
2393.032 6
2393.143 9
2393.254 8
2393.365 7
2393.476 6
2393.586 3
2393.697 3
2393.808 3
2393.919 3
2394.030 1
2394.141 2
2394.251 2
2394.362 2
2394.473 3
2394.584 2
2394.695 3
2394.806 3
2394.916 3
2395.027 3
2395.138 2
2395.249 3
2395.360 1
2395.471 1
2395.582 1
2395.693 2
2395.803 4
2395.914 4
2396.025 4
2396.136 4
2396.247 3
2396.358 3
2396.469 3
2396.580 1
2396.691 1
2396.801 3
2396.912 3
2397.023 4
2397.134 3
2397.245 4
2397.356 4
2397.467 3
2397.578 3
2397.689 0
2397.800 0
2397.911 0
2398.022 0
2398.132 0
2398.243 0
2398.354 0
2398.465 0
2398.576 0
2398.687 0
2398.798 0
2398.909 0
2399.020 0
2399.131 0
2399.242 0
2399.353 0
2399.464 0
2399.575 0
2399.686 0
2399.797 0
2399.908 0
2400.019 0
2400.130 0
2400.241 0
2400.352 0
2400.463 0
2400.574 0
2400.685 1
2400.796 1
2400.907 3
2401.018 3
2401.129 2
2401.240 2
2401.351 0
2401.462 2
2401.573 2
2401.684 2
2401.795 2
2401.906 0
2402.017 0
2402.128 1
2402.239 1
2402.350 1
2402.461 1
2402.572 0
2402.683 0
2402.794 0
2402.905 0
2403.016 0
2403.127 0
2403.238 0
2403.349 0
2403.460 1
2403.571 2
2403.682 3
2403.794 4
2403.905 3
2404.016 2
2404.127 1
2404.238 0
2404.349 0
2404.460 0
2404.571 0
2404.682 0
2404.793 0
2404.904 1
2405.015 1
2405.127 1
2405.238 1
2405.349 2
2405.460 3
2405.571 3
2405.682 3
2405.793 1
2405.904 0
2406.015 1
2406.127 1
2406.238 1
2406.349 1
2406.460 0
2406.571 0
2406.682 0
2406.793 0
2406.904 0
2407.016 0
2407.127 1
2407.238 1
2407.349 1
2407.460 1
2407.571 1
2407.682 1
2407.794 1
2407.905 1
2408.016 0
2408.127 0
2408.238 0
2408.349 0
2408.461 0
2408.572 0
2408.683 0
2408.794 0
2408.905 0
2409.017 0
2409.128 0
2409.239 0
2409.350 0
2409.461 0
2409.573 0
2409.684 0
2409.795 0
2409.906 0
2410.017 0
2410.129 0
2410.240 0
2410.351 0
2410.462 0
2410.573 0
2410.685 0
2410.796 1
2410.907 1
2411.018 1
2411.130 1
2411.241 0
2411.352 0
2411.463 0
2411.575 0
2411.686 0
2411.797 1
2411.908 2
2412.020 2
2412.131 2
2412.242 1
2412.353 0
2412.465 0
2412.576 0
2412.687 0
2412.799 0
2412.910 0
2413.021 0
2413.132 0
2413.244 0
2413.355 3
2413.466 3
2413.578 3
2413.689 4
2413.800 2
2413.911 2
2414.023 2
2414.134 2
2414.245 1
2414.357 1
2414.468 1
2414.579 0
2414.691 0
2414.802 0
2414.913 3
2415.025 3
2415.136 3
2415.247 5
2415.359 2
2415.470 2
2415.581 2
2415.693 2
2415.804 2
2415.915 2
2416.027 2
2416.138 0
2416.249 0
2416.361 0
2416.472 0
2416.584 0
2416.695 0
2416.806 0
2416.918 0
2417.029 1
2417.140 1
2417.252 1
2417.363 1
2417.475 0
2417.586 2
2417.697 2
2417.809 2
2417.920 2
2418.032 1
2418.143 2
2418.254 2
2418.366 2
2418.477 3
2418.589 2
2418.700 2
2418.811 3
2418.923 1
2419.034 1
2419.146 1
2419.257 0
2419.369 0
2419.480 0
2419.591 1
2419.703 1
2419.814 1
2419.926 1
2420.037 0
2420.149 0
2420.260 0
2420.372 1
2420.483 1
2420.594 1
2420.706 1
2420.817 0
2420.929 0
2421.040 0
2421.152 0
2421.263 0
2421.375 0
2421.486 0
2421.598 0
2421.709 0
2421.821 0
2421.932 0
2422.044 1
2422.155 1
2422.267 1
2422.378 2
2422.490 1
2422.601 2
2422.713 2
2422.824 1
2422.936 2
2423.047 1
2423.159 1
2423.270 1
2423.382 1
2423.493 1
2423.605 1
2423.716 1
2423.828 0
2423.939 0
2424.051 0
2424.163 0
2424.274 0
2424.386 0
2424.497 0
2424.609 0
2424.720 0
2424.832 0
2424.943 0
2425.055 0
2425.167 0
2425.278 1
2425.390 1
2425.501 2
2425.613 3
2425.724 3
2425.836 4
2425.948 4
2426.059 4
2426.171 4
2426.282 4
2426.394 1
2426.506 1
2426.617 4
2426.729 4
2426.840 3
2426.952 3
2427.064 0
2427.175 0
2427.287 0
2427.398 0
2427.510 0
2427.622 0
2427.733 0
2427.845 0
2427.957 0
2428.068 1
2428.180 2
2428.291 2
2428.403 2
2428.515 1
2428.626 0
2428.738 2
2428.850 2
2428.961 2
2429.073 4
2429.185 3
2429.296 3
2429.408 3
2429.520 1
2429.631 3
2429.743 3
2429.855 3
2429.966 3
2430.078 1
2430.190 2
2430.301 3
2430.413 4
2430.525 4
2430.637 3
2430.748 2
2430.860 1
2430.972 0
2431.083 0
2431.195 0
2431.307 0
2431.418 0
2431.530 0
2431.642 0
2431.754 0
2431.865 0
2431.977 0
2432.089 0
2432.200 0
2432.312 0
2432.424 0
2432.536 0
2432.647 0
2432.759 1
2432.871 1
2432.983 1
2433.094 1
2433.206 0
2433.318 0
2433.430 0
2433.541 0
2433.653 0
2433.765 0
2433.877 0
2433.989 0
2434.100 0
2434.212 0
2434.324 0
2434.436 0
2434.547 0
2434.659 0
2434.771 0
2434.883 0
2434.995 0
2435.106 0
2435.218 0
2435.330 1
2435.442 1
2435.554 1
2435.665 1
2435.777 2
2435.889 5
2436.001 7
2436.113 7
2436.225 5
2436.336 3
2436.448 2
2436.560 2
2436.672 2
2436.784 1
2436.896 0
2437.007 0
2437.119 2
2437.231 3
2437.343 3
2437.455 3
2437.567 2
2437.679 1
2437.790 1
2437.902 1
2438.014 0
2438.126 0
2438.238 0
2438.350 0
2438.462 0
2438.573 3
2438.685 3
2438.797 3
2438.909 3
2439.021 0
2439.133 3
2439.245 3
2439.357 3
2439.469 3
2439.581 0
2439.692 0
2439.804 0
2439.916 0
2440.028 0
2440.140 0
2440.252 1
2440.364 1
2440.476 1
2440.588 2
2440.700 1
2440.812 1
2440.924 1
2441.035 1
2441.147 2
2441.259 4
2441.371 5
2441.483 4
2441.595 3
2441.707 1
2441.819 0
2441.931 0
2442.043 0
2442.155 0
2442.267 0
2442.379 0
2442.491 1
2442.603 1
2442.715 1
2442.827 1
2442.939 1
2443.051 1
2443.163 1
2443.275 1
2443.387 0
2443.499 0
2443.611 0
2443.723 0
2443.835 0
2443.947 0
2444.059 2
2444.171 2
2444.283 5
2444.395 5
2444.507 3
2444.619 3
2444.731 0
2444.843 0
2444.955 0
2445.067 0
2445.179 0
2445.291 0
2445.403 0
2445.515 0
2445.627 0
2445.739 0
2445.851 0
2445.963 1
2446.075 1
2446.187 2
2446.299 2
2446.412 1
2446.524 1
2446.636 2
2446.748 2
2446.860 2
2446.972 2
2447.084 0
2447.196 0
2447.308 0
2447.420 0
2447.532 0
2447.644 0
2447.757 0
2447.869 0
2447.981 0
2448.093 0
2448.205 0
2448.317 0
2448.429 0
2448.541 0
2448.653 0
2448.765 0
2448.878 0
2448.990 0
2449.102 0
2449.214 2
2449.326 2
2449.438 2
2449.550 2
2449.662 3
2449.775 3
2449.887 5
2449.999 5
2450.111 2
2450.223 2
2450.335 0
2450.448 0
2450.560 0
2450.672 0
2450.784 3
2450.896 3
2451.008 3
2451.121 3
2451.233 2
2451.345 2
2451.457 5
2451.569 5
2451.681 4
2451.794 6
2451.906 10
2452.018 10
2452.130 8
2452.242 5
2452.355 1
2452.467 0
2452.579 0
2452.691 0
2452.803 0
2452.916 1
2453.028 1
2453.140 1
2453.252 1
2453.365 0
2453.477 0
2453.589 0
2453.701 0
2453.813 0
2453.926 0
2454.038 0
2454.150 0
2454.262 0
2454.375 0
2454.487 0
2454.599 1
2454.711 1
2454.824 1
2454.936 1
2455.048 0
2455.160 0
2455.273 0
2455.385 0
2455.497 0
2455.610 0
2455.722 0
2455.834 0
2455.946 0
2456.059 0
2456.171 0
2456.283 0
2456.396 0
2456.508 0
2456.620 0
2456.732 0
2456.845 0
2456.957 0
2457.069 0
2457.182 0
2457.294 0
2457.406 1
2457.519 2
2457.631 3
2457.743 6
2457.856 6
2457.968 7
2458.080 8
2458.193 6
2458.305 7
2458.417 7
2458.530 7
2458.642 6
2458.754 4
2458.867 5
2458.979 5
2459.091 3
2459.204 1
2459.316 0
2459.428 0
2459.541 0
2459.653 0
2459.766 0
2459.878 0
2459.990 0
2460.103 1
2460.215 3
2460.328 3
2460.440 3
2460.552 2
2460.665 0
2460.777 0
2460.889 0
2461.002 0
2461.114 0
2461.227 0
2461.339 0
2461.452 0
2461.564 0
2461.676 0
2461.789 0
2461.901 0
2462.014 0
2462.126 0
2462.238 0
2462.351 0
2462.463 0
2462.576 0
2462.688 0
2462.801 1
2462.913 1
2463.026 1
2463.138 1
2463.250 0
2463.363 0
2463.475 0
2463.588 0
2463.700 0
2463.813 0
2463.925 0
2464.038 0
2464.150 0
2464.263 0
2464.375 0
2464.488 0
2464.600 0
2464.713 0
2464.825 0
2464.938 0
2465.050 0
2465.163 0
2465.275 0
2465.388 0
2465.500 0
2465.613 0
2465.725 0
2465.838 0
2465.950 0
2466.063 0
2466.175 0
2466.288 0
2466.400 0
2466.513 0
2466.625 0
2466.738 0
2466.850 0
2466.963 0
2467.075 0
2467.188 0
2467.301 0
2467.413 0
2467.526 0
2467.638 1
2467.751 1
2467.863 1
2467.976 1
2468.088 0
2468.201 0
2468.314 0
2468.426 0
2468.539 0
2468.651 0
2468.764 0
2468.876 0
2468.989 0
2469.102 0
2469.214 0
2469.327 0
2469.439 0
2469.552 0
2469.665 0
2469.777 0
2469.890 0
2470.002 0
2470.115 0
2470.228 0
2470.340 0
2470.453 0
2470.566 0
2470.678 0
2470.791 0
2470.903 0
2471.016 0
2471.129 0
2471.241 0
2471.354 0
2471.467 0
2471.579 0
2471.692 0
2471.805 0
2471.917 0
2472.030 0
2472.143 0
2472.255 0
2472.368 1
2472.481 1
2472.593 1
2472.706 1
2472.819 0
2472.931 0
2473.044 0
2473.157 0
2473.269 0
2473.382 0
2473.495 0
2473.607 0
2473.720 0
2473.833 0
2473.945 0
2474.058 0
2474.171 0
2474.284 0
2474.396 0
2474.509 0
2474.622 0
2474.734 0
2474.847 0
2474.960 2
2475.073 2
2475.185 2
2475.298 2
2475.411 0
2475.524 0
2475.636 0
2475.749 0
2475.862 0
2475.975 0
2476.087 0
2476.200 0
2476.313 0
2476.426 0
2476.538 0
2476.651 0
2476.764 0
2476.877 0
2476.989 0
2477.102 1
2477.215 1
2477.328 1
2477.441 1
2477.553 0
2477.666 0
2477.779 0
2477.892 0
2478.004 0
2478.117 0
2478.230 0
2478.343 0
2478.456 0
2478.568 0
2478.681 1
2478.794 1
2478.907 1
2479.020 1
2479.133 1
2479.245 1
2479.358 2
2479.471 3
2479.584 2
2479.697 2
2479.810 1
2479.922 1
2480.035 1
2480.148 1
2480.261 1
2480.374 0
2480.487 0
2480.599 0
2480.712 1
2480.825 1
2480.938 1
2481.051 1
2481.164 0
2481.277 0
2481.390 0
2481.502 0
2481.615 0
2481.728 1
2481.841 1
2481.954 1
2482.067 1
2482.180 0
2482.293 1
2482.406 2
2482.518 3
2482.631 4
2482.744 4
2482.857 4
2482.970 5
2483.083 4
2483.196 4
2483.309 4
2483.422 3
2483.535 0
2483.648 3
2483.760 3
2483.873 3
2483.986 3
2484.099 0
2484.212 0
2484.325 0
2484.438 0
2484.551 0
2484.664 0
2484.777 0
2484.890 0
2485.003 0
2485.116 0
2485.229 0
2485.342 0
2485.455 0
2485.568 0
2485.681 0
2485.794 0
2485.907 0
2486.020 0
2486.133 0
2486.246 0
2486.359 0
2486.472 0
2486.585 0
2486.698 0
2486.811 0
2486.924 0
2487.037 0
2487.150 0
2487.263 0
2487.376 0
2487.489 0
2487.602 0
2487.715 0
2487.828 0
2487.941 0
2488.054 2
2488.167 2
2488.280 2
2488.393 2
2488.506 1
2488.619 1
2488.732 1
2488.845 1
2488.958 0
2489.071 0
2489.184 0
2489.297 0
2489.410 0
2489.523 0
2489.636 0
2489.749 0
2489.863 1
2489.976 1
2490.089 1
2490.202 1
2490.315 3
2490.428 3
2490.541 3
2490.654 3
2490.767 0
2490.880 0
2490.993 0
2491.106 0
2491.220 0
2491.333 0
2491.446 0
2491.559 0
2491.672 0
2491.785 0
2491.898 0
2492.011 0
2492.124 0
2492.238 0
2492.351 0
2492.464 0
2492.577 0
2492.690 0
2492.803 0
2492.916 0
2493.030 0
2493.143 0
2493.256 0
2493.369 0
2493.482 1
2493.595 1
2493.708 1
2493.822 1
2493.935 1
2494.048 1
2494.161 1
2494.274 1
2494.387 0
2494.501 0
2494.614 0
2494.727 0
2494.840 0
2494.953 1
2495.067 2
2495.180 3
2495.293 4
2495.406 3
2495.519 2
2495.633 1
2495.746 2
2495.859 2
2495.972 2
2496.085 2
2496.199 1
2496.312 1
2496.425 1
2496.538 1
2496.651 0
2496.765 0
