660.094 180
660.152 180
660.210 180
660.267 180
660.325 180
660.383 179
660.441 181
660.498 180
660.556 178
660.614 169
660.672 170
660.729 173
660.787 178
660.845 182
660.903 180
660.960 176
661.018 178
661.076 189
661.134 193
661.191 199
661.249 195
661.307 188
661.365 183
661.423 164
661.480 160
661.538 156
661.596 157
661.654 158
661.712 153
661.769 145
661.827 141
661.885 141
661.943 143
662.001 146
662.058 145
662.116 150
662.174 149
662.232 151
662.290 152
662.347 143
662.405 144
662.463 147
662.521 143
662.579 147
662.637 156
662.694 162
662.752 173
662.810 174
662.868 163
662.926 153
662.984 142
663.041 135
663.099 131
663.157 132
663.215 126
663.273 124
663.331 126
663.389 126
663.447 133
663.504 138
663.562 144
663.620 150
663.678 152
663.736 154
663.794 152
663.852 154
663.910 155
663.967 159
664.025 153
664.083 145
664.141 141
664.199 132
664.257 134
664.315 137
664.373 138
664.431 143
664.489 145
664.547 145
664.604 147
664.662 148
664.720 144
664.778 132
664.836 127
664.894 119
664.952 117
665.010 121
665.068 120
665.126 125
665.184 125
665.242 124
665.300 129
665.358 116
665.416 112
665.474 105
665.532 101
665.590 98
665.647 96
665.705 98
665.763 91
665.821 88
665.879 89
665.937 91
665.995 89
666.053 91
666.111 96
666.169 95
666.227 104
666.285 108
666.343 104
666.401 104
666.459 106
666.517 111
666.575 110
666.633 108
666.691 108
666.749 102
666.807 97
666.865 93
666.923 89
666.981 88
667.039 94
667.097 96
667.156 97
667.214 100
667.272 94
667.330 94
667.388 100
667.446 101
667.504 102
667.562 104
667.620 100
667.678 97
667.736 95
667.794 91
667.852 88
667.910 96
667.968 97
668.026 100
668.084 96
668.142 93
668.201 89
668.259 84
668.317 79
668.375 75
668.433 76
668.491 79
668.549 81
668.607 85
668.665 85
668.723 82
668.781 78
668.840 73
668.898 72
668.956 72
669.014 74
669.072 76
669.130 80
669.188 82
669.246 82
669.305 88
669.363 82
669.421 83
669.479 79
669.537 77
669.595 79
669.653 78
669.711 89
669.770 93
669.828 99
669.886 104
669.944 117
670.002 120
670.060 122
670.119 127
670.177 125
670.235 131
670.293 133
670.351 133
670.409 128
670.468 128
670.526 122
670.584 119
670.642 107
670.700 105
670.759 104
670.817 102
670.875 99
670.933 103
670.991 108
671.050 111
671.108 118
671.166 124
671.224 129
671.282 136
671.341 144
671.399 161
671.457 179
671.515 196
671.573 211
671.632 223
671.690 236
671.748 252
671.806 269
671.865 307
671.923 332
671.981 363
672.039 398
672.098 401
672.156 397
672.214 392
672.272 379
672.331 369
672.389 363
672.447 350
672.505 341
672.564 340
672.622 344
672.680 342
672.739 357
672.797 368
672.855 375
672.913 390
672.972 399
673.030 407
673.088 403
673.147 397
673.205 375
673.263 358
673.322 341
673.380 328
673.438 322
673.496 296
673.555 282
673.613 267
673.671 247
673.730 242
673.788 228
673.846 216
673.905 210
673.963 215
674.021 229
674.080 241
674.138 249
674.196 254
674.255 252
674.313 248
674.371 246
674.430 239
674.488 233
674.546 218
674.605 212
674.663 198
674.722 196
674.780 190
674.838 189
674.897 195
674.955 192
675.013 194
675.072 194
675.130 187
675.189 186
675.247 188
675.305 176
675.364 184
675.422 190
675.481 191
675.539 195
675.597 200
675.656 199
675.714 201
675.773 195
675.831 192
675.889 183
675.948 173
676.006 168
676.065 160
676.123 166
676.182 170
676.240 167
676.298 172
676.357 167
676.415 163
676.474 155
676.532 150
676.591 151
676.649 146
676.707 143
676.766 135
676.824 136
676.883 140
676.941 143
677.000 141
677.058 142
677.117 141
677.175 148
677.234 154
677.292 157
677.351 156
677.409 151
677.468 154
677.526 153
677.585 155
677.643 155
677.702 157
677.760 161
677.819 163
677.877 172
677.936 172
677.994 171
678.053 173
678.111 175
678.170 174
678.228 171
678.287 166
678.345 158
678.404 148
678.462 144
678.521 140
678.579 138
678.638 135
678.696 134
678.755 135
678.813 133
678.872 132
678.931 130
678.989 128
679.048 118
679.106 113
679.165 117
679.223 119
679.282 129
679.340 133
679.399 133
679.458 135
679.516 128
679.575 127
679.633 123
679.692 118
679.751 114
679.809 113
679.868 112
679.926 114
679.985 117
680.043 122
680.102 123
680.161 123
680.219 124
680.278 120
680.337 119
680.395 114
680.454 118
680.512 115
680.571 117
680.630 125
680.688 127
680.747 130
680.805 130
680.864 124
680.923 117
680.981 111
681.040 108
681.099 110
681.157 105
681.216 108
681.275 110
681.333 104
681.392 97
681.451 91
681.509 87
681.568 85
681.627 78
681.685 73
681.744 72
681.803 74
681.861 75
681.920 81
681.979 87
682.037 94
682.096 98
682.155 105
682.213 101
682.272 98
682.331 104
682.389 100
682.448 103
682.507 104
682.566 102
682.624 104
682.683 100
682.742 96
682.800 99
682.859 97
682.918 103
682.977 108
683.035 109
683.094 112
683.153 112
683.212 111
683.270 108
683.329 105
683.388 104
683.447 101
683.505 98
683.564 103
683.623 108
683.682 115
683.740 122
683.799 126
683.858 128
683.917 134
683.975 138
684.034 142
684.093 141
684.152 144
684.210 141
684.269 135
684.328 131
684.387 122
684.446 115
684.504 111
684.563 115
684.622 116
684.681 122
684.740 133
684.798 139
684.857 149
684.916 164
684.975 165
685.034 169
685.092 172
685.151 169
685.210 175
685.269 168
685.328 169
685.387 165
685.445 158
685.504 160
685.563 153
685.622 149
685.681 145
685.740 144
685.798 143
685.857 152
685.916 157
685.975 167
686.034 177
686.093 187
686.152 193
686.210 189
686.269 189
686.328 188
686.387 185
686.446 188
686.505 182
686.564 179
686.623 168
686.681 160
686.740 152
686.799 149
686.858 154
686.917 158
686.976 166
687.035 175
687.094 176
687.153 172
687.212 173
687.270 173
687.329 178
687.388 180
687.447 179
687.506 185
687.565 179
687.624 172
687.683 161
687.742 157
687.801 156
687.860 161
687.919 166
687.978 171
688.037 164
688.096 162
688.154 160
688.213 155
688.272 156
688.331 155
688.390 154
688.449 153
688.508 148
688.567 146
688.626 138
688.685 132
688.744 136
688.803 139
688.862 148
688.921 162
688.980 171
689.039 181
689.098 195
689.157 194
689.216 191
689.275 182
689.334 172
689.393 164
689.452 157
689.511 151
689.570 140
689.629 137
689.688 139
689.747 140
689.806 142
689.865 148
689.924 157
689.983 167
690.042 174
690.101 188
690.160 185
690.219 179
690.278 176
690.337 178
690.396 168
690.455 164
690.515 160
690.574 154
690.633 141
690.692 135
690.751 131
690.810 126
690.869 133
690.928 140
690.987 146
691.046 149
691.105 150
691.164 145
691.223 143
691.282 129
691.342 123
691.401 120
691.460 116
691.519 113
691.578 118
691.637 119
691.696 123
691.755 127
691.814 131
691.873 130
691.933 128
691.992 127
692.051 116
692.110 114
692.169 112
692.228 105
692.287 108
692.346 110
692.406 105
692.465 101
692.524 110
692.583 111
692.642 111
692.701 112
692.760 111
692.820 113
692.879 114
692.938 119
692.997 118
693.056 116
693.115 118
693.175 118
693.234 117
693.293 118
693.352 116
693.411 117
693.470 112
693.530 114
693.589 115
693.648 119
693.707 116
693.766 111
693.826 107
693.885 96
693.944 93
694.003 94
694.062 92
694.122 94
694.181 89
694.240 91
694.299 93
694.358 92
694.418 97
694.477 102
694.536 104
694.595 112
694.655 116
694.714 109
694.773 108
694.832 106
694.892 101
694.951 104
695.010 106
695.069 108
695.129 111
695.188 113
695.247 115
695.306 121
695.366 131
695.425 154
695.484 179
695.543 205
695.603 284
695.662 363
695.721 446
695.780 575
695.840 732
695.899 879
695.958 1034
696.018 1129
696.077 1129
696.136 1113
696.195 1079
696.255 1018
696.314 901
696.373 791
696.433 683
696.492 610
696.551 607
696.611 605
696.670 607
696.729 639
696.789 723
696.848 825
696.907 932
696.967 1028
697.026 1070
697.085 1090
697.145 1098
697.204 1054
697.263 950
697.323 843
697.382 741
697.441 654
697.501 603
697.560 562
697.619 526
697.679 502
697.738 514
697.797 525
697.857 543
697.916 560
697.976 558
698.035 567
698.094 580
698.154 567
698.213 541
698.272 519
698.332 491
698.391 456
698.451 437
698.510 413
698.569 385
698.629 366
698.688 346
698.748 326
698.807 309
698.867 289
698.926 295
698.985 304
699.045 313
699.104 323
699.164 307
699.223 294
699.282 270
699.342 252
699.401 233
699.461 220
699.520 218
699.580 212
699.639 207
699.699 201
699.758 195
699.817 191
699.877 199
699.936 204
699.996 213
700.055 217
700.115 210
700.174 207
700.234 209
700.293 204
700.353 208
700.412 205
700.472 201
700.531 201
700.591 207
700.650 210
700.710 204
700.769 211
700.829 210
700.888 208
700.948 211
701.007 205
701.067 192
701.126 190
701.186 182
701.245 174
701.305 177
701.364 170
701.424 164
701.483 156
701.543 157
701.602 163
701.662 168
701.721 167
701.781 164
701.840 164
701.900 160
701.959 157
702.019 149
702.079 137
702.138 126
702.198 124
702.257 115
702.317 112
702.376 108
702.436 97
702.496 105
702.555 108
702.615 113
702.674 111
702.734 114
702.793 119
702.853 125
702.913 135
702.972 134
703.032 132
703.091 128
703.151 125
703.211 122
703.270 124
703.330 123
703.389 121
703.449 126
703.509 126
703.568 127
703.628 130
703.687 135
703.747 135
703.807 136
703.866 139
703.926 142
703.986 151
704.045 163
704.105 175
704.164 175
704.224 169
704.284 161
704.343 154
704.403 146
704.463 139
704.522 134
704.582 122
704.642 119
704.701 120
704.761 123
704.821 128
704.880 136
704.940 138
705.000 140
705.059 148
705.119 148
705.179 143
705.238 138
705.298 136
705.358 136
705.418 138
705.477 143
705.537 147
705.597 142
705.656 147
705.716 149
705.776 155
705.835 163
705.895 166
705.955 167
706.015 160
706.074 160
706.134 158
706.194 153
706.253 154
706.313 149
706.373 140
706.433 133
706.492 126
706.552 129
706.612 130
706.672 129
706.731 129
706.791 122
706.851 124
706.911 119
706.970 116
707.030 116
707.090 118
707.150 126
707.210 129
707.269 130
707.329 121
707.389 115
707.449 119
707.508 119
707.568 124
707.628 129
707.688 136
707.748 142
707.807 159
707.867 179
707.927 193
707.987 197
708.047 191
708.106 180
708.166 183
708.226 171
708.286 169
708.346 163
708.405 156
708.465 155
708.525 151
708.585 152
708.645 154
708.705 163
708.764 172
708.824 179
708.884 194
708.944 202
709.004 200
709.064 197
709.124 189
709.183 177
709.243 172
709.303 167
709.363 160
709.423 156
709.483 153
709.543 147
709.602 142
709.662 146
709.722 148
709.782 152
709.842 162
709.902 158
709.962 166
710.022 174
710.081 176
710.141 174
710.201 166
710.261 159
710.321 147
710.381 144
710.441 139
710.501 130
710.561 125
710.621 133
710.681 141
710.740 147
710.800 156
710.860 147
710.920 147
710.980 145
711.040 144
711.100 146
711.160 148
711.220 147
711.280 140
711.340 158
711.400 164
711.460 176
711.520 191
711.580 205
711.640 226
711.700 240
711.760 262
711.820 297
711.879 324
711.939 355
711.999 390
712.059 398
712.119 402
712.179 404
712.239 397
712.299 390
712.359 378
712.419 365
712.479 352
712.539 357
712.599 361
712.659 364
712.719 378
712.779 395
712.839 422
712.899 445
712.959 466
713.019 459
713.079 446
713.139 431
713.199 408
713.259 384
713.320 355
713.380 323
713.440 294
713.500 288
713.560 290
713.620 292
713.680 293
713.740 303
713.800 316
713.860 329
713.920 346
713.980 348
714.040 346
714.100 347
714.160 348
714.220 333
714.280 318
714.340 303
714.401 287
714.461 281
714.521 282
714.581 281
714.641 279
714.701 278
714.761 278
714.821 282
714.881 283
714.941 279
715.001 284
715.062 288
715.122 287
715.182 294
715.242 284
715.302 272
715.362 271
715.422 269
715.482 268
715.542 274
715.603 270
715.663 273
715.723 280
715.783 282
715.843 288
715.903 284
715.963 287
716.024 286
716.084 288
716.144 292
716.204 279
716.264 275
716.324 264
716.384 270
716.445 269
716.505 264
716.565 266
716.625 264
716.685 264
716.746 269
716.806 277
716.866 279
716.926 292
716.986 304
717.046 305
717.107 304
717.167 299
717.227 285
717.287 279
717.347 277
717.408 264
717.468 255
717.528 242
717.588 239
717.648 247
717.709 259
717.769 272
717.829 276
717.889 274
717.950 276
718.010 273
718.070 268
718.130 257
718.191 245
718.251 235
718.311 221
718.371 219
718.432 214
718.492 207
718.552 216
718.612 249
718.673 287
718.733 322
718.793 365
718.853 378
718.914 386
718.974 406
719.034 456
719.094 502
719.155 558
719.215 638
719.275 730
719.336 827
719.396 920
719.456 1079
719.516 1269
719.577 1550
719.637 1948
719.697 2323
719.758 2831
719.818 3539
719.878 4316
719.939 5058
719.999 5573
720.059 5749
720.120 5526
720.180 5148
720.240 4617
720.300 4032
720.361 3548
720.421 3151
720.481 2873
720.542 2686
720.602 2632
720.663 2621
720.723 2729
720.783 3100
720.844 3640
720.904 4210
720.964 4750
721.025 5052
721.085 5043
721.145 4879
721.206 4515
721.266 4037
721.326 3598
721.387 3211
721.447 2895
721.508 2643
721.568 2480
721.628 2351
721.689 2293
721.749 2382
721.810 2575
721.870 2799
721.930 3041
721.991 3253
722.051 3362
722.112 3403
722.172 3345
722.232 3127
722.293 2869
722.353 2618
722.414 2373
722.474 2191
722.534 2083
722.595 1950
722.655 1841
722.716 1783
722.776 1754
722.837 1757
722.897 1820
722.957 1896
723.018 1950
723.078 2009
723.139 2025
723.199 1996
723.260 1956
723.320 1851
723.381 1745
723.441 1654
723.502 1566
723.562 1472
723.622 1382
723.683 1311
723.743 1240
723.804 1202
723.864 1194
723.925 1193
723.985 1193
724.046 1203
724.106 1211
724.167 1217
724.227 1220
724.288 1216
724.348 1179
724.409 1143
724.469 1110
724.530 1083
724.590 1060
724.651 1040
724.711 1013
724.772 981
724.832 971
724.893 959
724.953 946
725.014 948
725.074 958
725.135 959
725.196 962
725.256 960
725.317 953
725.377 948
725.438 949
725.498 949
725.559 947
725.619 947
725.680 961
725.740 956
725.801 942
725.862 931
725.922 909
725.983 886
726.043 859
726.104 818
726.164 769
726.225 721
726.286 683
726.346 645
726.407 622
726.467 592
726.528 562
726.589 558
726.649 540
726.710 531
726.770 548
726.831 560
726.892 576
726.952 592
727.013 589
727.073 578
727.134 564
727.195 543
727.255 520
727.316 494
727.376 471
727.437 440
727.498 424
727.558 420
727.619 410
727.680 414
727.740 427
727.801 447
727.862 466
727.922 495
727.983 530
728.044 549
728.104 573
728.165 588
728.226 573
728.286 561
728.347 548
728.408 535
728.468 506
728.529 484
728.590 474
728.650 455
728.711 463
728.772 469
728.832 474
728.893 488
728.954 519
729.014 528
729.075 541
729.136 551
729.196 539
729.257 531
729.318 529
729.379 513
729.439 490
729.500 493
729.561 476
729.621 486
729.682 490
729.743 480
729.804 471
729.864 459
729.925 455
729.986 446
730.047 449
730.107 449
730.168 444
730.229 443
730.290 440
730.350 431
730.411 433
730.472 424
730.533 418
730.593 410
730.654 389
730.715 384
730.776 373
730.836 369
730.897 379
730.958 386
731.019 391
731.080 402
731.140 413
731.201 416
731.262 416
731.323 411
731.384 402
731.444 391
731.505 384
731.566 373
731.627 358
731.688 343
731.748 328
731.809 307
731.870 301
731.931 306
731.992 309
732.052 308
732.113 308
732.174 316
732.235 323
732.296 336
732.357 335
732.417 331
732.478 330
732.539 339
732.600 337
732.661 335
732.722 334
732.783 326
732.843 332
732.904 323
732.965 318
733.026 312
733.087 309
733.148 314
733.209 315
733.269 318
733.330 331
733.391 339
733.452 354
733.513 370
733.574 365
733.635 369
733.696 360
733.757 361
733.817 361
733.878 362
733.939 351
734.000 337
734.061 329
734.122 316
734.183 313
734.244 314
734.305 304
734.366 299
734.427 300
734.487 295
734.548 309
734.609 309
734.670 311
734.731 306
734.792 314
734.853 320
734.914 326
734.975 324
735.036 325
735.097 335
735.158 343
735.219 357
735.280 373
735.341 390
735.402 404
735.463 426
735.524 476
735.585 527
735.646 574
735.707 648
735.768 746
735.829 850
735.890 957
735.950 1097
736.011 1213
736.072 1303
736.133 1388
736.194 1385
736.255 1307
736.316 1226
736.377 1145
736.438 1079
736.499 1017
736.561 963
736.622 904
736.683 864
736.744 893
736.805 933
736.866 981
736.927 1067
736.988 1189
737.049 1269
737.110 1344
737.171 1369
737.232 1316
737.293 1267
737.354 1211
737.415 1136
737.476 1038
737.537 956
737.598 884
737.659 841
737.720 833
737.781 826
737.842 827
737.903 828
737.965 856
738.026 875
738.087 882
738.148 897
738.209 878
738.270 854
738.331 835
738.392 797
738.453 752
738.514 713
738.575 666
738.636 624
738.698 603
738.759 585
738.820 567
738.881 561
738.942 579
739.003 594
739.064 612
739.125 627
739.186 621
739.248 614
739.309 608
739.370 586
739.431 582
739.492 572
739.553 562
739.614 546
739.676 524
739.737 516
739.798 507
739.859 497
739.920 504
739.981 511
740.042 518
740.104 519
740.165 508
740.226 503
740.287 495
740.348 491
740.409 483
740.471 482
740.532 478
740.593 475
740.654 472
740.715 464
740.777 461
740.838 453
740.899 457
740.960 459
741.021 460
741.083 462
741.144 459
741.205 450
741.266 446
741.327 453
741.389 433
741.450 428
741.511 411
741.572 394
741.634 386
741.695 375
741.756 371
741.817 358
741.878 354
741.940 350
742.001 355
742.062 352
742.123 354
742.185 367
742.246 372
742.307 378
742.368 367
742.430 355
742.491 346
742.552 332
742.613 332
742.675 330
742.736 326
742.797 325
742.859 333
742.920 329
742.981 328
743.042 316
743.104 298
743.165 291
743.226 282
743.288 270
743.349 268
743.410 270
743.471 276
743.533 284
743.594 284
743.655 277
743.717 267
743.778 260
743.839 255
743.901 256
743.962 263
744.023 272
744.085 280
744.146 294
744.207 308
744.269 310
744.330 314
744.391 307
744.453 296
744.514 290
744.575 283
744.637 277
744.698 266
744.759 265
744.821 257
744.882 256
744.943 261
745.005 266
745.066 270
745.128 275
745.189 276
745.250 269
745.312 255
745.373 251
745.434 251
745.496 251
745.557 257
745.619 256
745.680 254
745.741 259
745.803 256
745.864 254
745.926 251
745.987 250
746.048 243
746.110 247
746.171 250
746.233 256
746.294 252
746.356 245
746.417 241
746.478 227
746.540 230
746.601 228
746.663 225
746.724 228
746.786 222
746.847 214
746.908 210
746.970 203
747.031 203
747.093 212
747.154 220
747.216 228
747.277 226
747.339 224
747.400 215
747.462 206
747.523 201
747.585 200
747.646 203
747.708 204
747.769 203
747.830 197
747.892 187
747.953 188
748.015 184
748.076 185
748.138 183
748.199 178
748.261 181
748.322 181
748.384 178
748.445 181
748.507 176
748.568 174
748.630 175
748.692 173
748.753 169
748.815 163
748.876 168
748.938 168
748.999 167
749.061 171
749.122 176
749.184 176
749.245 185
749.307 185
749.368 183
749.430 194
749.492 188
749.553 189
749.615 193
749.676 190
749.738 190
749.799 191
749.861 194
749.922 193
749.984 192
750.046 195
750.107 200
750.169 189
750.230 184
750.292 188
750.354 185
750.415 183
750.477 189
750.538 195
750.600 199
750.661 211
750.723 220
750.785 206
750.846 192
750.908 181
750.970 167
751.031 165
751.093 165
751.154 174
751.216 182
751.278 188
751.339 195
751.401 195
751.463 192
751.524 201
751.586 211
751.647 212
751.709 221
751.771 221
751.832 221
751.894 226
751.956 225
752.017 220
752.079 222
752.141 226
752.202 221
752.264 217
752.326 218
752.387 211
752.449 206
752.511 210
752.572 211
752.634 219
752.696 226
752.757 224
752.819 222
752.881 227
752.943 232
753.004 229
753.066 232
753.128 230
753.189 226
753.251 226
753.313 233
753.374 236
753.436 228
753.498 226
753.560 221
753.621 222
753.683 230
753.745 239
753.807 250
753.868 271
753.930 273
753.992 270
754.054 263
754.115 259
754.177 250
754.239 254
754.301 258
754.362 247
754.424 245
754.486 235
754.548 228
754.609 221
754.671 213
754.733 201
754.795 188
754.856 176
754.918 175
754.980 186
755.042 190
755.104 193
755.165 198
755.227 197
755.289 192
755.351 200
755.413 205
755.474 206
755.536 212
755.598 209
755.660 210
755.722 207
755.783 200
755.845 203
755.907 201
755.969 193
756.031 188
756.092 178
756.154 163
756.216 166
756.278 163
756.340 163
756.402 171
756.463 174
756.525 173
756.587 186
756.649 194
756.711 190
756.773 195
756.835 194
756.896 179
756.958 173
757.020 169
757.082 155
757.144 152
757.206 151
757.268 154
757.330 159
757.391 157
757.453 157
757.515 158
757.577 160
757.639 166
757.701 172
757.763 177
757.825 169
757.887 172
757.948 170
758.010 165
758.072 169
758.134 167
758.196 175
758.258 183
758.320 184
758.382 183
758.444 170
758.506 156
758.568 145
758.630 142
758.691 140
758.753 141
758.815 137
758.877 142
758.939 145
759.001 155
759.063 165
759.125 166
759.187 171
759.249 175
759.311 176
759.373 172
759.435 166
759.497 154
759.559 146
759.621 139
759.683 133
759.745 129
759.807 137
759.869 143
759.931 145
759.993 146
760.055 142
760.117 138
760.179 139
760.241 143
760.303 142
760.365 146
760.427 142
760.489 143
760.551 140
760.613 136
760.675 136
760.737 130
760.799 129
760.861 137
760.923 136
760.985 138
761.047 143
761.109 137
761.171 139
761.233 143
761.295 148
761.357 151
761.419 161
761.481 156
761.543 159
761.605 159
761.667 150
761.729 156
761.791 151
761.854 158
761.916 161
761.978 169
762.040 173
762.102 175
762.164 169
762.226 172
762.288 176
762.350 166
762.412 161
762.474 154
762.536 149
762.599 142
762.661 141
762.723 136
762.785 132
762.847 125
762.909 122
762.971 119
763.033 117
763.095 118
763.157 122
763.220 122
763.282 117
763.344 115
763.406 113
763.468 108
763.530 107
763.592 106
763.655 111
763.717 115
763.779 120
763.841 131
763.903 133
763.965 135
764.027 134
764.090 140
764.152 147
764.214 155
764.276 161
764.338 159
764.400 155
764.463 149
764.525 145
764.587 139
764.649 139
764.711 136
764.773 144
764.836 139
764.898 136
764.960 134
765.022 126
765.084 133
765.147 140
765.209 143
765.271 144
765.333 143
765.395 149
765.458 150
765.520 155
765.582 156
765.644 153
765.707 153
765.769 153
765.831 149
765.893 149
765.955 154
766.018 152
766.080 153
766.142 154
766.204 139
766.267 132
766.329 122
766.391 119
766.453 124
766.516 129
766.578 142
766.640 145
766.702 153
766.765 161
766.827 159
766.889 161
766.952 150
767.014 143
767.076 144
767.138 145
767.201 146
767.263 153
767.325 160
767.388 163
767.450 165
767.512 174
767.574 154
767.637 148
767.699 145
767.761 153
767.824 174
767.886 190
767.948 208
768.011 218
768.073 232
768.135 239
768.198 247
768.260 246
768.322 224
768.385 211
768.447 195
768.509 186
768.572 180
768.634 183
768.696 179
768.759 182
768.821 193
768.883 210
768.946 230
769.008 243
769.070 267
769.133 282
769.195 297
769.258 299
769.320 273
769.382 247
769.445 224
769.507 200
769.569 188
769.632 175
769.694 161
769.757 148
769.819 153
769.881 161
769.944 166
770.006 179
770.069 191
770.131 195
770.193 202
770.256 207
770.318 213
770.381 223
770.443 228
770.505 227
770.568 217
770.630 208
770.693 201
770.755 197
770.818 196
770.880 190
770.942 185
771.005 186
771.067 193
771.130 203
771.192 211
771.255 210
771.317 207
771.380 202
771.442 202
771.505 190
771.567 184
771.629 176
771.692 168
771.754 162
771.817 163
771.879 169
771.942 179
772.004 178
772.067 184
772.129 181
772.192 174
772.254 171
772.317 173
772.379 168
772.442 161
772.504 155
772.567 147
772.629 142
772.692 141
772.754 132
772.817 133
772.879 131
772.942 134
773.004 142
773.067 140
773.129 146
773.192 148
773.254 148
773.317 151
773.380 147
773.442 144
773.505 148
773.567 153
773.630 154
773.692 152
773.755 151
773.817 142
773.880 138
773.943 135
774.005 134
774.068 134
774.130 137
774.193 142
774.255 142
774.318 158
774.381 165
774.443 175
774.506 184
774.568 175
774.631 173
774.693 160
774.756 154
774.819 141
774.881 135
774.944 132
775.006 129
775.069 130
775.132 130
775.194 125
775.257 128
775.320 133
775.382 134
775.445 138
775.507 135
775.570 129
775.633 130
775.695 132
775.758 124
775.821 123
775.883 115
775.946 118
776.008 116
776.071 116
776.134 117
776.196 114
776.259 120
776.322 122
776.384 130
776.447 136
776.510 144
776.572 141
776.635 136
776.698 139
776.760 136
776.823 151
776.886 152
776.948 146
777.011 146
777.074 134
777.137 131
777.199 131
777.262 127
777.325 131
777.387 142
777.450 147
777.513 154
777.575 166
777.638 161
777.701 166
777.764 161
777.826 158
777.889 157
777.952 154
778.015 158
778.077 151
778.140 151
778.203 142
778.265 128
778.328 132
778.391 131
778.454 125
778.516 125
778.579 130
778.642 134
778.705 136
778.767 146
778.830 142
778.893 141
778.956 142
779.019 147
779.081 151
779.144 146
779.207 148
779.270 143
779.332 139
779.395 140
779.458 140
779.521 146
779.584 137
779.646 130
779.709 124
779.772 115
779.835 120
779.898 123
779.960 127
780.023 134
780.086 143
780.149 152
780.212 156
780.274 170
780.337 167
780.400 171
780.463 169
780.526 157
780.589 165
780.651 162
780.714 161
780.777 170
780.840 167
780.903 159
780.966 154
781.028 152
781.091 151
781.154 150
781.217 152
781.280 147
781.343 133
781.406 123
781.468 114
781.531 112
781.594 121
781.657 129
781.720 134
781.783 135
781.846 132
781.909 131
781.972 136
782.034 143
782.097 153
782.160 159
782.223 162
782.286 159
782.349 154
782.412 146
782.475 141
782.538 130
782.601 129
782.663 130
782.726 133
782.789 128
782.852 115
782.915 127
782.978 127
783.041 140
783.104 151
783.167 147
783.230 148
783.293 150
783.356 157
783.419 156
783.482 159
783.545 151
783.608 149
783.671 147
783.733 147
783.796 142
783.859 146
783.922 143
783.985 139
784.048 130
784.111 124
784.174 125
784.237 127
784.300 128
784.363 117
784.426 112
784.489 104
784.552 105
784.615 109
784.678 120
784.741 135
784.804 142
784.867 155
784.930 150
784.993 153
785.056 143
785.119 130
785.182 124
785.245 111
785.308 111
785.371 105
785.434 105
785.497 103
785.560 98
785.623 99
785.687 103
785.750 99
785.813 103
785.876 103
785.939 108
786.002 122
786.065 128
786.128 135
786.191 142
786.254 144
786.317 155
786.380 158
786.443 158
786.506 162
786.569 145
786.632 147
786.696 149
786.759 145
786.822 148
786.885 147
786.948 148
787.011 143
787.074 143
787.137 143
787.200 133
787.263 122
787.326 108
787.390 102
787.453 104
787.516 104
787.579 111
787.642 121
787.705 124
787.768 130
787.831 140
787.895 143
787.958 141
788.021 147
788.084 143
788.147 149
788.210 154
788.273 159
788.337 165
788.400 160
788.463 160
788.526 155
788.589 151
788.652 154
788.715 155
788.779 157
788.842 148
788.905 145
788.968 144
789.031 143
789.095 147
789.158 145
789.221 147
789.284 151
789.347 150
789.410 145
789.474 149
789.537 149
789.600 148
789.663 148
789.726 143
789.790 134
789.853 129
789.916 130
789.979 125
790.043 122
790.106 125
790.169 127
790.232 136
790.295 139
790.359 139
790.422 139
790.485 134
790.548 126
790.612 117
790.675 110
790.738 105
790.801 107
790.865 113
790.928 116
790.991 121
791.054 129
791.118 129
791.181 131
791.244 134
791.307 134
791.371 138
791.434 142
791.497 140
791.560 143
791.624 142
791.687 138
791.750 142
791.814 153
791.877 182
791.940 219
792.004 250
792.067 275
792.130 300
792.193 288
792.257 274
792.320 259
792.383 233
792.447 217
792.510 206
792.573 192
792.637 189
792.700 202
792.763 202
792.827 206
792.890 215
792.953 226
793.017 248
793.080 276
793.143 295
793.207 276
793.270 260
793.333 233
793.397 208
793.460 212
793.523 211
793.587 211
793.650 205
793.713 206
793.777 212
793.840 214
793.904 212
793.967 217
794.030 210
794.094 201
794.157 192
794.220 180
794.284 180
794.347 177
794.411 177
794.474 176
794.537 177
794.601 178
794.664 177
794.728 183
794.791 189
794.854 196
794.918 202
794.981 209
795.045 210
795.108 212
795.172 207
795.235 193
795.298 180
795.362 172
795.425 163
795.489 157
795.552 157
795.616 148
795.679 139
795.743 133
795.806 126
795.869 119
795.933 120
795.996 122
796.060 128
796.123 132
796.187 139
796.250 137
796.314 132
796.377 134
796.441 135
796.504 133
796.568 132
796.631 129
796.695 134
796.758 131
796.822 131
796.885 129
796.949 127
797.012 124
797.076 130
797.139 134
797.203 141
797.266 142
797.330 142
797.393 137
797.457 135
797.520 136
797.584 130
797.647 126
797.711 114
797.774 114
797.838 120
797.901 125
797.965 130
798.028 128
798.092 132
798.155 137
798.219 136
798.283 135
798.346 127
798.410 122
798.473 115
798.537 120
798.600 118
798.664 118
798.727 118
798.791 108
798.855 115
798.918 121
798.982 125
799.045 125
799.109 123
799.172 126
799.236 127
799.300 125
799.363 122
799.427 121
799.490 121
799.554 125
799.618 132
799.681 137
799.745 141
799.808 139
799.872 134
799.936 133
799.999 129
800.063 126
800.127 126
800.190 126
800.254 128
800.317 122
800.381 120
800.445 113
800.508 105
800.572 106
800.636 110
800.699 113
800.763 120
800.827 119
800.890 116
800.954 117
801.018 119
801.081 120
801.145 124
801.209 125
801.272 127
801.336 126
801.400 117
801.463 116
801.527 109
801.591 104
801.654 104
801.718 106
801.782 107
801.845 114
801.909 118
801.973 117
802.037 118
802.100 122
802.164 124
802.228 125
802.291 128
802.355 126
802.419 123
802.482 123
802.546 118
802.610 119
802.674 123
802.737 122
802.801 130
802.865 132
802.929 133
802.992 139
803.056 142
803.120 130
803.184 124
803.247 119
803.311 111
803.375 112
803.439 110
803.502 113
803.566 115
803.630 114
803.694 118
803.757 118
803.821 121
803.885 130
803.949 140
804.013 141
804.076 153
804.140 162
804.204 173
804.268 183
804.331 182
804.395 177
804.459 170
804.523 171
804.587 164
804.650 165
804.714 159
804.778 155
804.842 155
804.906 155
804.970 157
805.033 156
805.097 152
805.161 153
805.225 160
805.289 167
805.353 179
805.416 182
805.480 181
805.544 173
805.608 174
805.672 164
805.736 157
805.799 149
805.863 133
805.927 138
805.991 143
806.055 154
806.119 166
806.183 162
806.246 158
806.310 152
806.374 145
806.438 141
806.502 141
806.566 139
806.630 128
806.694 125
806.758 116
806.821 107
806.885 101
806.949 106
807.013 109
807.077 119
807.141 124
807.205 133
807.269 150
807.333 158
807.397 162
807.460 159
807.524 147
807.588 140
807.652 134
807.716 134
807.780 130
807.844 127
807.908 132
807.972 131
808.036 133
808.100 135
808.164 131
808.228 140
808.292 148
808.356 152
808.420 165
808.484 165
808.547 160
808.611 159
808.675 155
808.739 161
808.803 165
808.867 166
808.931 164
808.995 169
809.059 171
809.123 180
809.187 191
809.251 189
809.315 187
809.379 176
809.443 168
809.507 160
809.571 150
809.635 138
809.699 124
809.763 122
809.827 120
809.891 121
809.955 115
810.019 113
810.083 112
810.147 108
810.211 109
810.275 108
810.339 111
810.404 110
810.468 119
810.532 124
810.596 129
810.660 140
810.724 140
810.788 143
810.852 150
810.916 153
810.980 161
811.044 160
811.108 151
811.172 145
811.236 143
811.300 133
811.364 125
811.428 115
811.493 100
811.557 100
811.621 107
811.685 112
811.749 113
811.813 121
811.877 126
811.941 138
812.005 150
812.069 149
812.133 147
812.198 146
812.262 138
812.326 134
812.390 131
812.454 122
812.518 118
812.582 120
812.646 120
812.711 122
812.775 124
812.839 124
812.903 128
812.967 132
813.031 142
813.095 141
813.160 138
813.224 136
813.288 133
813.352 122
813.416 118
813.480 118
813.544 112
813.609 105
813.673 107
813.737 103
813.801 105
813.865 114
813.930 114
813.994 110
814.058 118
814.122 115
814.186 112
814.250 110
814.315 106
814.379 103
814.443 104
814.507 104
814.571 113
814.636 118
814.700 116
814.764 115
814.828 111
814.892 109
814.957 113
815.021 121
815.085 113
815.149 118
815.214 124
815.278 130
815.342 132
815.406 134
815.471 143
815.535 151
815.599 163
815.663 195
815.728 226
815.792 263
815.856 325
815.920 397
815.985 460
816.049 516
816.113 550
816.177 518
816.242 485
816.306 450
816.370 393
816.434 363
816.499 319
816.563 283
816.627 269
816.692 305
816.756 354
816.820 403
816.884 469
816.949 548
817.013 619
817.077 689
817.142 708
817.206 655
817.270 599
817.335 537
817.399 484
817.463 446
817.528 409
817.592 381
817.656 351
817.721 358
817.785 369
817.849 378
817.914 402
817.978 424
818.042 444
818.107 466
818.171 462
818.235 444
818.300 423
818.364 403
818.428 362
818.493 333
818.557 307
818.621 275
818.686 269
818.750 267
818.815 267
818.879 271
818.943 275
819.008 271
819.072 261
819.136 247
819.201 236
819.265 226
819.330 227
819.394 227
819.458 226
819.523 233
819.587 227
819.652 230
819.716 223
819.780 210
819.845 213
819.909 212
819.974 224
820.038 227
820.103 225
820.167 217
820.231 207
820.296 198
820.360 191
820.425 187
820.489 172
820.554 176
820.618 176
820.682 182
820.747 171
820.811 162
820.876 153
820.940 142
821.005 130
821.069 130
821.134 133
821.198 135
821.263 136
821.327 133
821.392 133
821.456 135
821.520 136
821.585 134
821.649 131
821.714 133
821.778 132
821.843 141
821.907 144
821.972 147
822.036 152
822.101 154
822.165 155
822.230 157
822.294 152
822.359 149
822.423 148
822.488 149
822.553 151
822.617 153
822.682 150
822.746 140
822.811 127
822.875 128
822.940 131
823.004 133
823.069 136
823.133 142
823.198 149
823.262 157
823.327 160
823.392 156
823.456 154
823.521 155
823.585 149
823.650 144
823.714 138
823.779 137
823.843 134
823.908 138
823.973 148
824.037 147
824.102 154
824.166 157
824.231 147
824.296 149
824.360 141
824.425 141
824.489 140
824.554 140
824.619 144
824.683 143
824.748 138
824.812 133
824.877 132
824.942 130
825.006 132
825.071 133
825.135 135
825.200 141
825.265 146
825.329 145
825.394 150
825.459 158
825.523 154
825.588 150
825.653 154
825.717 156
825.782 162
825.846 174
825.911 181
825.976 187
826.040 184
826.105 183
826.170 177
826.234 167
826.299 162
826.364 162
826.428 159
826.493 157
826.558 164
826.623 175
826.687 168
826.752 166
826.817 152
826.881 136
826.946 125
827.011 120
827.075 124
827.140 120
827.205 121
827.269 128
827.334 130
827.399 133
827.464 141
827.528 143
827.593 148
827.658 153
827.723 155
827.787 154
827.852 160
827.917 163
827.981 169
828.046 172
828.111 183
828.176 190
828.240 192
828.305 187
828.370 173
828.435 163
828.499 152
828.564 148
828.629 150
828.694 149
828.758 148
828.823 150
828.888 146
828.953 146
829.018 147
829.082 156
829.147 160
829.212 160
829.277 165
829.342 163
829.406 160
829.471 154
829.536 151
829.601 147
829.665 140
829.730 132
829.795 132
829.860 133
829.925 138
829.990 144
830.054 148
830.119 149
830.184 156
830.249 157
830.314 158
830.379 159
830.443 159
830.508 158
830.573 160
830.638 164
830.703 162
830.768 162
830.832 159
830.897 154
830.962 146
831.027 139
831.092 139
831.157 142
831.222 147
831.286 153
831.351 156
831.416 157
831.481 159
831.546 161
831.611 169
831.676 182
831.741 194
831.805 207
831.870 217
831.935 236
832.000 251
832.065 270
832.130 287
832.195 271
832.260 259
832.325 242
832.390 230
832.454 230
832.519 220
832.584 216
832.649 210
832.714 214
832.779 228
832.844 246
832.909 259
832.974 266
833.039 269
833.104 271
833.169 274
833.234 261
833.299 243
833.364 226
833.428 210
833.493 209
833.558 207
833.623 204
833.688 205
833.753 207
833.818 211
833.883 215
833.948 231
834.013 231
834.078 227
834.143 224
834.208 214
834.273 213
834.338 212
834.403 202
834.468 195
834.533 183
834.598 179
834.663 172
834.728 167
834.793 158
834.858 155
834.923 157
834.988 143
835.053 154
835.118 158
835.183 165
835.248 167
835.313 168
835.378 171
835.443 172
835.508 172
835.573 185
835.638 190
835.703 196
835.768 206
835.833 211
835.899 209
835.964 210
836.029 213
836.094 202
836.159 202
836.224 196
836.289 194
836.354 191
836.419 191
836.484 195
836.549 201
836.614 206
836.679 201
836.744 203
836.810 200
836.875 190
836.940 178
837.005 174
837.070 167
837.135 163
837.200 166
837.265 165
837.330 170
837.395 177
837.461 181
837.526 185
837.591 188
837.656 183
837.721 183
837.786 179
837.851 175
837.916 174
837.981 172
838.047 171
838.112 160
838.177 155
838.242 152
838.307 145
838.372 139
838.437 135
838.503 139
838.568 144
838.633 152
838.698 155
838.763 159
838.828 163
838.894 168
838.959 177
839.024 217
839.089 257
839.154 295
839.219 370
839.285 423
839.350 481
839.415 615
839.480 871
839.545 1177
839.611 1575
839.676 2010
839.741 2426
839.806 2959
839.871 3480
839.937 3908
840.002 4143
840.067 4084
840.132 3795
840.197 3458
840.263 3093
840.328 2731
840.393 2479
840.458 2269
840.524 2130
840.589 2160
840.654 2333
840.719 2569
840.785 2918
840.850 3314
840.915 3626
840.980 3888
841.046 3962
841.111 3808
841.176 3501
841.241 3173
841.307 2861
841.372 2551
841.437 2348
841.502 2170
841.568 2046
841.633 2016
841.698 2070
841.763 2150
841.829 2306
841.894 2500
841.959 2639
842.025 2772
842.090 2787
842.155 2664
842.221 2487
842.286 2308
842.351 2133
842.416 1983
842.482 1895
842.547 1736
842.612 1603
842.678 1519
842.743 1451
842.808 1473
842.874 1549
842.939 1629
843.004 1694
843.070 1752
843.135 1745
843.200 1695
843.266 1647
843.331 1531
843.396 1402
843.462 1300
843.527 1204
843.592 1132
843.658 1091
843.723 1056
843.788 1010
843.854 990
843.919 985
843.985 980
844.050 980
844.115 987
844.181 986
844.246 979
844.311 970
844.377 958
844.442 929
844.508 897
844.573 872
844.638 835
844.704 810
844.769 789
844.835 760
844.900 733
844.965 744
845.031 750
845.096 755
845.162 770
845.227 771
845.292 773
845.358 781
845.423 770
845.489 756
845.554 738
845.620 719
845.685 704
845.750 680
845.816 672
845.881 661
845.947 649
846.012 662
846.078 659
846.143 666
846.209 685
846.274 691
846.339 697
846.405 703
846.470 689
846.536 658
846.601 625
846.667 585
846.732 540
846.798 497
846.863 467
846.929 444
846.994 424
847.060 432
847.125 445
847.191 452
847.256 474
847.322 476
847.387 470
847.453 470
847.518 454
847.584 436
847.649 417
847.715 395
847.780 366
847.846 332
847.911 313
847.977 295
848.042 277
848.108 291
848.173 304
848.239 317
848.304 333
848.370 343
848.436 353
848.501 350
848.567 350
848.632 348
848.698 331
848.763 315
848.829 304
848.894 287
848.960 282
849.026 272
849.091 258
849.157 263
849.222 264
849.288 271
849.353 274
849.419 271
849.485 278
849.550 281
849.616 285
849.681 277
849.747 276
849.813 279
849.878 267
849.944 269
850.009 265
850.075 265
850.141 264
850.206 260
850.272 258
850.337 251
850.403 246
850.469 261
850.534 264
850.600 273
850.665 282
850.731 273
850.797 264
850.862 255
850.928 251
850.994 250
851.059 254
851.125 257
851.191 262
851.256 252
851.322 247
851.388 242
851.453 234
851.519 237
851.585 236
851.650 238
851.716 244
851.782 235
851.847 234
851.913 236
851.979 225
852.044 230
852.110 227
852.176 229
852.241 225
852.307 218
852.373 229
852.438 232
852.504 235
852.570 237
852.636 229
852.701 219
852.767 217
852.833 217
852.898 229
852.964 246
853.030 270
853.096 281
853.161 281
853.227 280
853.293 261
853.358 258
853.424 254
853.490 256
853.556 258
853.621 248
853.687 251
853.753 246
853.819 259
853.884 253
853.950 250
854.016 248
854.082 238
854.147 234
854.213 225
854.279 216
854.345 197
854.411 194
854.476 190
854.542 190
854.608 190
854.674 187
854.739 189
854.805 190
854.871 195
854.937 201
855.003 208
855.068 212
855.134 217
855.200 223
855.266 231
855.332 244
855.398 257
855.463 257
855.529 259
855.595 263
855.661 272
855.727 305
855.792 334
855.858 373
855.924 400
855.990 440
856.056 480
856.122 519
856.187 558
856.253 548
856.319 544
856.385 541
856.451 527
856.517 512
856.583 503
856.648 494
856.714 503
856.780 531
856.846 552
856.912 565
856.978 592
857.044 612
857.110 631
857.175 650
857.241 656
857.307 638
857.373 616
857.439 600
857.505 593
857.571 569
857.637 549
857.703 522
857.769 496
857.834 499
857.900 493
857.966 479
858.032 474
858.098 470
858.164 471
858.230 467
858.296 460
858.362 437
858.428 420
858.494 403
858.560 391
858.626 383
858.691 382
858.757 395
858.823 406
858.889 408
858.955 397
859.021 388
859.087 374
859.153 373
859.219 373
859.285 368
859.351 364
859.417 363
859.483 363
859.549 365
859.615 357
859.681 337
859.747 324
859.813 314
859.879 304
859.945 305
860.011 316
860.077 322
860.143 326
860.209 314
860.275 305
860.341 292
860.407 282
860.473 282
860.539 278
860.605 278
860.671 280
860.737 283
860.803 284
860.869 280
860.935 276
861.001 262
861.067 262
861.133 264
861.199 272
861.265 276
861.331 274
861.397 272
861.463 258
861.529 243
861.595 236
861.662 230
861.728 228
861.794 242
861.860 246
861.926 251
861.992 260
862.058 259
862.124 263
862.190 271
862.256 279
862.322 270
862.388 270
862.454 268
862.520 267
862.587 261
862.653 268
862.719 268
862.785 265
862.851 273
862.917 264
862.983 264
863.049 261
863.115 255
863.182 253
863.248 253
863.314 251
863.380 243
863.446 240
863.512 233
863.578 228
863.644 226
863.711 232
863.777 235
863.843 251
863.909 289
863.975 310
864.041 336
864.107 348
864.174 338
864.240 341
864.306 342
864.372 345
864.438 336
864.504 327
864.571 315
864.637 305
864.703 313
864.769 318
864.835 330
864.901 335
864.968 353
865.034 357
865.100 360
865.166 357
865.232 352
865.299 343
865.365 336
865.431 327
865.497 303
865.563 284
865.630 264
865.696 247
865.762 234
865.828 237
865.895 237
865.961 238
866.027 245
866.093 249
866.159 254
866.226 259
866.292 246
866.358 241
866.424 222
866.491 212
866.557 203
866.623 199
866.689 193
866.756 191
866.822 192
866.888 193
866.954 200
867.021 195
867.087 206
867.153 213
867.219 220
867.286 225
867.352 208
867.418 203
867.485 204
867.551 196
867.617 204
867.683 212
867.750 213
867.816 213
867.882 221
867.949 217
868.015 215
868.081 206
868.148 197
868.214 184
868.280 176
868.347 176
868.413 170
868.479 163
868.545 158
868.612 149
868.678 145
868.744 147
868.811 143
868.877 142
868.943 158
869.010 168
869.076 187
869.143 206
869.209 210
869.275 217
869.342 224
869.408 226
869.474 219
869.541 212
869.607 204
869.673 194
869.740 191
869.806 190
869.873 181
869.939 179
870.005 176
870.072 175
870.138 175
870.204 174
870.271 175
870.337 175
870.404 177
870.470 176
870.536 178
870.603 175
870.669 175
870.736 177
870.802 171
870.868 172
870.935 167
871.001 163
871.068 168
871.134 168
871.201 178
871.267 178
871.333 179
871.400 180
871.466 178
871.533 184
871.599 188
871.666 197
871.732 200
871.799 207
871.865 213
871.931 216
871.998 224
872.064 224
872.131 217
872.197 211
872.264 202
872.330 197
872.397 205
872.463 206
872.530 203
872.596 205
872.663 194
872.729 199
872.796 197
872.862 207
872.929 207
872.995 205
873.062 209
873.128 202
873.195 197
873.261 196
873.328 196
873.394 190
873.461 188
873.527 194
873.594 206
873.660 220
873.727 233
873.793 235
873.860 234
873.926 229
873.993 215
874.059 209
874.126 210
874.192 209
874.259 210
874.326 209
874.392 211
874.459 202
874.525 206
874.592 206
874.658 201
874.725 207
874.791 210
874.858 203
874.925 199
874.991 194
875.058 194
875.124 198
875.191 200
875.257 201
875.324 196
875.391 187
875.457 186
875.524 182
875.590 183
875.657 181
875.724 175
875.790 176
875.857 168
875.923 170
875.990 173
876.057 183
876.123 188
876.190 189
876.257 191
876.323 191
876.390 194
876.456 187
876.523 182
876.590 175
876.656 168
876.723 164
876.790 170
876.856 175
876.923 178
876.990 183
877.056 183
877.123 184
877.189 195
877.256 200
877.323 195
877.389 197
877.456 186
877.523 179
877.589 178
877.656 174
877.723 168
877.790 159
877.856 154
877.923 151
877.990 160
878.056 164
878.123 172
878.190 186
878.256 193
878.323 198
878.390 208
878.456 211
878.523 222
878.590 231
878.657 237
878.723 242
878.790 241
878.857 238
878.923 235
878.990 221
879.057 210
879.124 199
879.190 186
879.257 174
879.324 170
879.391 168
879.457 168
879.524 164
879.591 157
879.658 152
879.724 142
879.791 134
879.858 138
879.925 144
879.991 153
880.058 168
880.125 167
880.192 164
880.259 168
880.325 165
880.392 164
880.459 166
880.526 167
880.592 158
880.659 156
880.726 156
880.793 157
880.860 152
880.926 160
880.993 158
881.060 160
881.127 166
881.194 158
881.260 164
881.327 164
881.394 173
881.461 176
881.528 175
881.595 177
881.661 181
881.728 186
881.795 186
881.862 182
881.929 178
881.996 177
882.062 176
882.129 175
882.196 169
882.263 170
882.330 168
882.397 169
882.464 170
882.530 166
882.597 171
882.664 172
882.731 178
882.798 181
882.865 179
882.932 176
882.999 170
883.065 170
883.132 165
883.199 153
883.266 143
883.333 138
883.400 138
883.467 141
883.534 145
883.601 141
883.668 142
883.734 139
883.801 137
883.868 149
883.935 156
884.002 164
884.069 175
884.136 185
884.203 184
884.270 188
884.337 185
884.404 178
884.471 178
884.538 176
884.604 164
884.671 155
884.738 155
884.805 152
884.872 157
884.939 160
885.006 158
885.073 159
885.140 158
885.207 151
885.274 147
885.341 145
885.408 143
885.475 149
885.542 163
885.609 180
885.676 190
885.743 199
885.810 196
885.877 200
885.944 205
886.011 200
886.078 194
886.145 183
886.212 176
886.279 167
886.346 168
886.413 164
886.480 151
886.547 154
886.614 156
886.681 158
886.748 157
886.815 162
886.882 163
886.949 159
887.016 155
887.083 149
887.150 144
887.217 137
887.284 136
887.351 137
887.418 132
887.485 128
887.552 128
887.620 131
887.687 144
887.754 161
887.821 189
887.888 228
887.955 257
888.022 286
888.089 309
888.156 308
888.223 319
888.290 329
888.357 325
888.424 311
888.492 294
888.559 280
888.626 272
888.693 287
888.760 298
888.827 309
888.894 328
888.961 342
889.028 346
889.095 353
889.163 354
889.230 335
889.297 328
889.364 325
889.431 318
889.498 315
889.565 305
889.632 301
889.700 290
889.767 287
889.834 280
889.901 269
889.968 265
890.035 266
890.103 270
890.170 276
890.237 284
890.304 280
890.371 271
890.438 262
890.505 252
890.573 241
890.640 229
890.707 219
890.774 210
890.841 203
890.909 202
890.976 205
891.043 205
891.110 207
891.177 220
891.245 221
891.312 215
891.379 224
891.446 227
891.513 231
891.581 238
891.648 239
891.715 219
891.782 207
891.849 199
891.917 191
891.984 204
892.051 221
892.118 240
892.186 238
892.253 236
892.320 228
892.387 226
892.454 212
892.522 208
892.589 206
892.656 197
892.723 193
892.791 200
892.858 200
892.925 198
892.993 205
893.060 207
893.127 207
893.194 210
893.262 211
893.329 200
893.396 197
893.463 183
893.531 180
893.598 172
893.665 170
893.733 167
893.800 170
893.867 173
893.934 176
894.002 189
894.069 198
894.136 207
894.204 214
894.271 219
894.338 205
894.406 194
894.473 181
894.540 168
894.608 165
894.675 159
894.742 149
894.810 142
894.877 140
894.944 138
895.012 140
895.079 141
895.146 138
895.214 140
895.281 143
895.348 150
895.416 158
895.483 156
895.550 159
895.618 153
895.685 151
895.753 148
895.820 148
895.887 147
895.955 147
896.022 152
896.089 160
896.157 160
896.224 161
896.292 160
896.359 161
896.426 161
896.494 159
896.561 160
896.629 159
896.696 153
896.763 150
896.831 150
896.898 151
896.966 147
897.033 150
897.100 153
897.168 156
897.235 161
897.303 161
897.370 164
897.438 171
897.505 173
897.572 171
897.640 167
897.707 160
897.775 153
897.842 157
897.910 157
897.977 157
898.045 163
898.112 169
898.180 172
898.247 180
898.314 191
898.382 190
898.449 188
898.517 186
898.584 182
898.652 172
898.719 169
898.787 162
898.854 153
898.922 154
898.989 151
899.057 151
899.124 150
899.192 153
899.259 161
899.327 171
899.394 184
899.462 181
899.529 177
899.597 171
899.664 154
899.732 156
899.799 157
899.867 157
899.934 151
900.002 162
900.070 157
900.137 156
900.205 153
900.272 149
900.340 151
900.407 157
900.475 163
900.542 163
900.610 163
900.677 161
900.745 166
900.813 163
900.880 161
900.948 162
901.015 161
901.083 162
901.150 176
901.218 187
901.286 200
901.353 202
901.421 193
901.488 183
901.556 185
901.623 186
901.691 188
901.759 187
901.826 179
901.894 179
901.961 177
902.029 173
902.097 170
902.164 169
902.232 171
902.300 174
902.367 176
902.435 165
902.502 160
902.570 156
902.638 141
902.705 141
902.773 139
902.841 141
902.908 151
902.976 158
903.044 163
903.111 162
903.179 169
903.246 168
903.314 175
903.382 179
903.449 185
903.517 188
903.585 181
903.652 187
903.720 184
903.788 185
903.855 185
903.923 180
903.991 180
904.059 184
904.126 189
904.194 197
904.262 192
904.329 191
904.397 190
904.465 183
904.532 184
904.600 184
904.668 184
904.736 184
904.803 183
904.871 192
904.939 197
905.006 205
905.074 206
905.142 200
905.210 201
905.277 203
905.345 206
905.413 218
905.480 219
905.548 216
905.616 215
905.684 228
905.751 236
905.819 233
905.887 230
905.955 217
906.022 206
906.090 200
906.158 186
906.226 173
906.294 161
906.361 152
906.429 143
906.497 138
906.565 144
906.632 152
906.700 157
906.768 168
906.836 176
906.904 185
906.971 190
907.039 190
907.107 184
907.175 174
907.243 178
907.310 174
907.378 170
907.446 168
907.514 165
907.582 166
907.649 167
907.717 160
907.785 157
907.853 163
907.921 163
907.989 166
908.056 171
908.124 168
908.192 174
908.260 181
908.328 188
908.396 188
908.464 187
908.531 178
908.599 181
908.667 175
908.735 171
908.803 162
908.871 159
908.939 161
909.006 161
909.074 164
909.142 173
909.210 175
909.278 172
909.346 172
909.414 170
909.482 165
909.550 169
909.617 171
909.685 166
909.753 163
909.821 162
909.889 158
909.957 164
910.025 168
910.093 170
910.161 177
910.229 175
910.297 168
910.364 159
910.432 146
910.500 141
910.568 136
910.636 131
910.704 124
910.772 119
910.840 119
910.908 127
910.976 133
911.044 139
911.112 146
911.180 149
911.248 156
911.316 163
911.384 168
911.452 182
911.520 198
911.587 229
911.655 335
911.723 459
911.791 585
911.859 747
911.927 913
911.995 1080
912.063 1228
912.131 1303
912.199 1228
912.267 1139
912.335 1049
912.403 971
912.471 914
912.539 854
912.607 803
912.675 801
912.743 919
912.811 1039
912.879 1166
912.947 1288
913.015 1352
913.083 1395
913.152 1421
913.220 1363
913.288 1212
913.356 1067
913.424 938
913.492 843
913.560 804
913.628 769
913.696 732
913.764 719
913.832 764
913.900 813
913.968 862
914.036 895
914.104 892
914.172 878
914.240 862
914.308 824
914.376 754
914.445 685
914.513 622
914.581 575
914.649 564
914.717 560
914.785 553
914.853 555
914.921 566
914.989 575
915.057 578
915.125 571
915.194 566
915.262 549
915.330 532
915.398 526
915.466 507
915.534 487
915.602 461
915.670 429
915.739 407
915.807 389
915.875 377
915.943 370
916.011 364
916.079 358
916.147 354
916.215 339
916.284 321
916.352 306
916.420 292
916.488 278
916.556 268
916.624 260
916.693 259
916.761 263
916.829 260
916.897 264
916.965 273
917.033 279
917.102 284
917.170 282
917.238 278
917.306 272
917.374 269
917.443 268
917.511 262
917.579 260
917.647 256
917.715 251
917.784 251
917.852 248
917.920 240
917.988 230
918.056 219
918.125 211
918.193 203
918.261 203
918.329 203
918.397 205
918.466 206
918.534 212
918.602 207
918.670 205
918.739 217
918.807 211
918.875 208
918.943 206
919.012 198
919.080 199
919.148 200
919.216 210
919.285 199
919.353 194
919.421 192
919.489 184
919.558 182
919.626 188
919.694 190
919.763 186
919.831 178
919.899 169
919.967 159
920.036 149
920.104 148
920.172 143
920.241 144
920.309 141
920.377 140
920.445 144
920.514 139
920.582 146
920.650 147
920.719 144
920.787 143
920.855 142
920.924 142
920.992 150
921.060 158
921.129 162
921.197 168
921.265 167
921.334 172
921.402 169
921.470 173
921.539 176
921.607 171
921.675 173
921.744 172
921.812 165
921.880 162
921.949 167
922.017 167
922.086 167
922.154 167
922.222 166
922.291 166
922.359 171
922.427 178
922.496 186
922.564 188
922.633 193
922.701 195
922.769 194
922.838 188
922.906 182
922.974 176
923.043 175
923.111 169
923.180 168
923.248 164
923.317 166
923.385 165
923.453 165
923.522 166
923.590 171
923.659 173
923.727 180
923.795 192
923.864 195
923.932 197
924.001 197
924.069 195
924.138 201
924.206 194
924.275 185
924.343 178
924.411 161
924.480 164
924.548 167
924.617 164
924.685 155
924.754 160
924.822 160
924.891 165
924.959 177
925.028 184
925.096 195
925.165 205
925.233 214
925.302 207
925.370 196
925.439 182
925.507 168
925.576 160
925.644 155
925.713 155
925.781 159
925.850 165
925.918 168
925.987 177
926.055 180
926.124 190
926.192 190
926.261 192
926.329 194
926.398 175
926.466 168
926.535 156
926.603 144
926.672 144
926.740 150
926.809 153
926.877 158
926.946 156
927.015 156
927.083 163
927.152 164
927.220 178
927.289 182
927.357 185
927.426 193
927.495 193
927.563 200
927.632 206
927.700 214
927.769 235
927.837 256
927.906 279
927.975 296
928.043 292
928.112 288
928.180 283
928.249 283
928.318 270
928.386 259
928.455 253
928.523 245
928.592 249
928.661 242
928.729 237
928.798 238
928.866 247
928.935 262
929.004 279
929.072 288
929.141 288
929.210 288
929.278 279
929.347 269
929.415 258
929.484 242
929.553 222
929.621 206
929.690 210
929.759 211
929.827 218
929.896 231
929.965 245
930.033 253
930.102 265
930.171 268
930.239 257
930.308 268
930.377 271
930.445 274
930.514 270
930.583 258
930.651 248
930.720 241
930.789 242
930.858 236
930.926 237
930.995 246
931.064 238
931.132 236
931.201 226
931.270 226
931.338 224
931.407 223
931.476 225
931.545 211
931.613 206
931.682 200
931.751 185
931.819 181
931.888 174
931.957 174
932.026 178
932.094 171
932.163 164
932.232 165
932.301 162
932.369 168
932.438 170
932.507 172
932.576 174
932.644 180
932.713 183
932.782 184
932.851 183
932.920 182
932.988 181
933.057 179
933.126 180
933.195 184
933.263 189
933.332 191
933.401 201
933.470 191
933.539 198
933.607 197
933.676 189
933.745 185
933.814 172
933.883 167
933.951 164
934.020 156
934.089 163
934.158 171
934.227 184
934.296 192
934.364 193
934.433 188
934.502 175
934.571 170
934.640 171
934.708 166
934.777 158
934.846 146
934.915 136
934.984 139
935.053 145
935.122 150
935.190 159
935.259 164
935.328 167
935.397 173
935.466 201
935.535 250
935.604 314
935.672 455
935.741 751
935.810 1065
935.879 1360
935.948 1613
936.017 1680
936.086 1701
936.155 1711
936.224 1603
936.292 1442
936.361 1273
936.430 1116
936.499 1029
936.568 1007
936.637 1015
936.706 1041
936.775 1168
936.844 1379
936.913 1580
936.982 1756
937.051 1821
937.119 1758
937.188 1662
937.257 1557
937.326 1397
937.395 1231
937.464 1078
937.533 943
937.602 871
937.671 885
937.740 916
937.809 946
937.878 1014
937.947 1108
938.016 1193
938.085 1267
938.154 1267
938.223 1182
938.292 1084
938.361 999
938.430 925
938.499 847
938.568 785
938.637 725
938.706 688
938.774 697
938.843 706
938.912 711
938.981 715
939.050 717
939.119 704
939.188 691
939.257 658
939.327 617
939.396 588
939.465 556
939.534 527
939.603 516
939.672 506
939.741 496
939.810 487
939.879 489
939.948 486
940.017 477
940.086 472
940.155 469
940.224 460
940.293 455
940.362 455
940.431 447
940.500 437
940.569 430
940.638 427
940.707 412
940.776 412
940.845 412
940.914 403
940.984 397
941.053 380
941.122 355
941.191 338
941.260 331
941.329 319
941.398 305
941.467 286
941.536 273
941.605 271
941.674 274
941.743 271
941.813 261
941.882 259
941.951 253
942.020 254
942.089 251
942.158 243
942.227 233
942.296 224
942.366 216
942.435 218
942.504 220
942.573 225
942.642 229
942.711 237
942.780 237
942.849 239
942.919 234
942.988 225
943.057 216
943.126 201
943.195 201
943.264 194
943.334 190
943.403 186
943.472 194
943.541 191
943.610 186
943.679 187
943.749 176
943.818 175
943.887 176
943.956 171
944.025 165
944.094 165
944.164 161
944.233 157
944.302 156
944.371 161
944.440 171
944.510 175
944.579 188
944.648 190
944.717 187
944.786 191
944.856 199
944.925 208
944.994 214
945.063 228
945.133 216
945.202 207
945.271 200
945.340 198
945.409 199
945.479 199
945.548 199
945.617 189
945.686 189
945.756 183
945.825 177
945.894 172
945.963 172
946.033 168
946.102 170
946.171 169
946.241 157
946.310 150
946.379 143
946.448 140
946.518 142
946.587 147
946.656 152
946.725 155
946.795 164
946.864 159
946.933 160
947.003 150
947.072 153
947.141 157
947.211 160
947.280 165
947.349 164
947.418 162
947.488 157
947.557 153
947.626 145
947.696 154
947.765 166
947.834 171
947.904 188
947.973 185
948.042 181
948.112 175
948.181 170
948.250 166
948.320 159
948.389 162
948.458 160
948.528 162
948.597 174
948.667 182
948.736 184
948.805 181
948.875 171
948.944 166
949.013 157
949.083 146
949.152 139
949.221 128
949.291 123
949.360 125
949.430 125
949.499 124
949.568 128
949.638 133
949.707 144
949.777 146
949.846 153
949.915 155
949.985 156
950.054 165
950.124 172
950.193 170
950.262 167
950.332 165
950.401 162
950.471 162
950.540 162
950.610 160
950.679 168
950.748 177
950.818 179
950.887 186
950.957 182
951.026 182
951.096 183
951.165 186
951.235 179
951.304 170
951.373 162
951.443 155
951.512 161
951.582 168
951.651 178
951.721 178
951.790 188
951.860 197
951.929 204
951.999 217
952.068 218
952.138 214
952.207 210
952.277 204
952.346 201
952.416 193
952.485 189
952.555 190
952.624 193
952.694 201
952.763 202
952.833 206
952.902 216
952.972 219
953.041 230
953.111 236
953.180 241
953.250 246
953.319 248
953.389 249
953.458 244
953.528 241
953.597 236
953.667 237
953.737 244
953.806 249
953.876 255
953.945 257
954.015 255
954.084 251
954.154 246
954.223 236
954.293 229
954.363 220
954.432 213
954.502 206
954.571 208
954.641 208
954.710 207
954.780 220
954.850 208
954.919 202
954.989 200
955.058 192
955.128 189
955.198 188
955.267 183
955.337 180
955.406 181
955.476 186
955.546 186
955.615 182
955.685 181
955.754 178
955.824 178
955.894 177
955.963 177
956.033 181
956.103 183
956.172 181
956.242 179
956.312 174
956.381 170
956.451 173
956.520 167
956.590 167
956.660 162
956.729 158
956.799 160
956.869 161
956.938 160
957.008 164
957.078 174
957.147 170
957.217 168
957.287 158
957.356 145
957.426 141
957.496 143
957.566 145
957.635 142
957.705 144
957.775 145
957.844 147
957.914 149
957.984 154
958.053 162
958.123 161
958.193 165
958.263 162
958.332 159
958.402 151
958.472 151
958.541 153
958.611 156
958.681 157
958.751 163
958.820 170
958.890 179
958.960 187
959.030 179
959.099 171
959.169 164
959.239 161
959.309 151
959.378 149
959.448 151
959.518 157
959.588 172
959.657 185
959.727 203
959.797 219
959.867 274
959.936 317
960.006 356
960.076 391
960.146 381
960.215 361
960.285 340
960.355 318
960.425 302
960.495 293
960.564 284
960.634 272
960.704 284
960.774 295
960.844 306
960.913 333
960.983 363
961.053 385
961.123 398
961.193 408
961.263 380
961.332 361
961.402 345
961.472 328
961.542 321
961.612 319
961.682 312
961.751 296
961.821 302
961.891 297
961.961 287
962.031 281
962.101 284
962.170 288
962.240 297
962.310 296
962.380 287
962.450 277
962.520 266
962.590 255
962.660 238
962.729 227
962.799 221
962.869 216
962.939 219
963.009 228
963.079 233
963.149 230
963.219 216
963.289 207
963.358 199
963.428 195
963.498 183
963.568 181
963.638 174
963.708 171
963.778 186
963.848 198
963.918 212
963.988 219
964.058 217
964.128 202
964.197 187
964.267 177
964.337 167
964.407 174
964.477 179
964.547 183
964.617 187
964.687 184
964.757 178
964.827 177
964.897 169
964.967 171
965.037 169
965.107 167
965.177 167
965.247 160
965.317 152
965.387 144
965.457 140
965.527 133
965.597 130
965.667 120
965.737 115
965.807 121
965.877 125
965.947 135
966.017 136
966.087 134
966.157 130
966.227 121
966.297 121
966.367 122
966.437 122
966.507 126
966.577 127
966.647 125
966.717 133
966.787 126
966.857 128
966.927 128
966.997 131
967.067 143
967.137 147
967.207 149
967.277 149
967.347 147
967.417 154
967.487 161
967.557 171
967.627 182
967.697 189
967.767 191
967.837 196
967.907 203
967.978 193
968.048 194
968.118 195
968.188 188
968.258 177
968.328 169
968.398 152
968.468 140
968.538 142
968.608 143
968.678 149
968.748 147
968.819 156
968.889 163
968.959 170
969.029 176
969.099 175
969.169 180
969.239 182
969.309 190
969.379 179
969.450 172
969.520 163
969.590 148
969.660 141
969.730 138
969.800 134
969.870 127
969.941 128
970.011 137
970.081 144
970.151 153
970.221 160
970.291 160
970.361 156
970.432 154
970.502 151
970.572 149
970.642 143
970.712 134
970.782 141
970.853 136
970.923 134
970.993 139
971.063 130
971.133 126
971.204 124
971.274 130
971.344 142
971.414 150
971.484 155
971.554 162
971.625 154
971.695 148
971.765 138
971.835 133
971.906 136
971.976 130
972.046 121
972.116 114
972.186 119
972.257 121
972.327 122
972.397 123
972.467 122
972.538 127
972.608 131
972.678 137
972.748 137
972.819 143
972.889 146
972.959 146
973.029 142
973.100 146
973.170 149
973.240 152
973.310 158
973.381 159
973.451 157
973.521 157
973.591 164
973.662 167
973.732 183
973.802 192
973.873 201
973.943 201
974.013 196
974.083 201
974.154 191
974.224 179
974.294 161
974.365 148
974.435 137
974.505 133
974.576 129
974.646 126
974.716 128
974.787 130
974.857 135
974.927 137
974.997 146
975.068 154
975.138 157
975.208 159
975.279 158
975.349 154
975.420 155
975.490 152
975.560 156
975.631 158
975.701 159
975.771 157
975.842 148
975.912 144
975.982 142
976.053 139
976.123 136
976.193 136
976.264 133
976.334 131
976.405 128
976.475 127
976.545 122
976.616 118
976.686 121
976.756 125
976.827 137
976.897 147
976.968 149
977.038 164
977.108 173
977.179 179
977.249 179
977.320 178
977.390 172
977.461 167
977.531 163
977.601 154
977.672 144
977.742 139
977.813 129
977.883 128
977.954 127
978.024 121
978.094 134
978.165 140
978.235 147
978.306 153
978.376 150
978.447 147
978.517 141
978.588 138
978.658 134
978.728 140
978.799 140
978.869 147
978.940 154
979.010 152
979.081 147
979.151 143
979.222 136
979.292 142
979.363 147
979.433 147
979.504 144
979.574 130
979.645 128
979.715 131
979.786 132
979.856 133
979.927 135
979.997 132
980.068 138
980.138 145
980.209 145
980.279 158
980.350 150
980.420 143
980.491 142
980.561 140
980.632 148
980.703 149
980.773 154
980.844 152
980.914 149
980.985 142
981.055 129
981.126 119
981.196 125
981.267 135
981.337 139
981.408 145
981.479 138
981.549 129
981.620 124
981.690 121
981.761 125
981.831 130
981.902 138
981.973 138
982.043 140
982.114 140
982.184 144
982.255 138
982.326 138
982.396 134
982.467 125
982.537 131
982.608 132
982.679 139
982.749 150
982.820 153
982.890 146
982.961 142
983.032 136
983.102 133
983.173 135
983.243 136
983.314 132
983.385 147
983.455 164
983.526 186
983.597 210
983.667 281
983.738 425
983.809 581
983.879 734
983.950 871
984.021 939
984.091 982
984.162 1027
984.233 1003
984.303 910
984.374 815
984.445 730
984.515 688
984.586 718
984.657 756
984.727 798
984.798 877
984.869 1028
984.939 1149
985.010 1269
985.081 1312
985.151 1222
985.222 1119
985.293 1019
985.364 933
985.434 857
985.505 799
985.576 741
985.646 702
985.717 715
985.788 726
985.859 740
985.929 753
986.000 780
986.071 801
986.141 824
986.212 817
986.283 758
986.354 713
986.424 663
986.495 615
986.566 587
986.637 554
986.707 524
986.778 510
986.849 529
986.920 545
986.990 561
987.061 575
987.132 562
987.203 541
987.274 520
987.344 490
987.415 459
987.486 419
987.557 384
987.627 350
987.698 331
987.769 320
987.840 314
987.911 303
987.981 300
988.052 302
988.123 302
988.194 297
988.265 290
988.335 280
988.406 267
988.477 258
988.548 248
988.619 249
988.690 248
988.760 243
988.831 252
988.902 258
988.973 267
989.044 274
989.115 274
989.185 274
989.256 271
989.327 270
989.398 267
989.469 254
989.540 245
989.611 235
989.681 222
989.752 215
989.823 212
989.894 209
989.965 200
990.036 189
990.107 180
990.178 169
990.248 169
990.319 165
990.390 161
990.461 163
990.532 162
990.603 164
990.674 172
990.745 175
990.816 165
990.886 166
990.957 165
991.028 172
991.099 176
991.170 180
991.241 185
991.312 195
991.383 204
991.454 196
991.525 189
991.596 174
991.667 165
991.738 163
991.808 159
991.879 147
991.950 143
992.021 147
992.092 149
992.163 154
992.234 150
992.305 140
992.376 129
992.447 125
992.518 126
992.589 128
992.660 129
992.731 138
992.802 142
992.873 148
992.944 154
993.015 157
993.086 161
993.157 155
993.228 150
993.299 138
993.370 143
993.441 149
993.512 164
993.583 179
993.654 180
993.725 181
993.796 178
993.867 181
993.938 182
994.009 179
994.080 176
994.151 170
994.222 161
994.293 159
994.364 159
994.435 153
994.506 146
994.577 139
994.648 133
994.719 132
994.790 136
994.861 141
994.932 143
995.003 151
995.074 159
995.145 166
995.217 167
995.288 168
995.359 163
995.430 160
995.501 160
995.572 153
995.643 152
995.714 145
995.785 142
995.856 139
995.927 137
995.998 135
996.070 135
996.141 133
996.212 131
996.283 127
996.354 130
996.425 124
996.496 120
996.567 119
996.638 118
996.709 114
996.781 113
996.852 119
996.923 121
996.994 132
997.065 146
997.136 157
997.207 169
997.278 175
997.350 171
997.421 162
997.492 159
997.563 140
997.634 142
997.705 145
997.777 145
997.848 154
997.919 160
997.990 163
998.061 161
998.132 169
998.204 166
998.275 163
998.346 162
998.417 161
998.488 152
998.559 143
998.631 137
998.702 127
998.773 121
998.844 123
998.915 125
998.987 124
999.058 132
999.129 137
999.200 136
999.271 134
999.343 138
999.414 134
999.485 129
999.556 130
999.627 139
999.699 150
999.770 160
999.841 177
999.912 192
999.984 208
1000.055 225
1000.126 237
1000.197 231
1000.269 222
1000.340 214
1000.411 204
1000.482 205
1000.554 201
1000.625 199
1000.696 197
1000.767 203
1000.839 213
1000.910 224
1000.981 239
1001.052 248
1001.124 250
1001.195 243
1001.266 236
1001.338 210
1001.409 195
1001.480 183
1001.551 175
1001.623 181
1001.694 181
1001.765 182
1001.837 184
1001.908 185
1001.979 186
1002.051 187
1002.122 189
1002.193 188
1002.265 187
1002.336 189
1002.407 190
1002.478 184
1002.550 175
1002.621 169
1002.692 162
1002.764 170
1002.835 177
1002.906 182
1002.978 187
1003.049 186
1003.121 184
1003.192 181
1003.263 177
1003.335 172
1003.406 174
1003.477 181
1003.549 177
1003.620 178
1003.691 175
1003.763 168
1003.834 169
1003.906 166
1003.977 164
1004.048 159
1004.120 159
1004.191 151
1004.262 148
1004.334 152
1004.405 146
1004.477 140
1004.548 138
1004.619 139
1004.691 142
1004.762 145
1004.834 144
1004.905 144
1004.976 137
1005.048 133
1005.119 131
1005.191 131
1005.262 139
1005.334 130
1005.405 128
1005.476 123
1005.548 119
1005.619 123
1005.691 128
1005.762 136
1005.834 140
1005.905 140
1005.977 148
1006.048 155
1006.119 154
1006.191 157
1006.262 152
1006.334 144
1006.405 140
1006.477 143
1006.548 142
1006.620 138
1006.691 147
1006.763 143
1006.834 146
1006.906 146
1006.977 138
1007.049 143
1007.120 147
1007.192 153
1007.263 166
1007.335 176
1007.406 202
1007.478 230
1007.549 318
1007.621 545
1007.692 809
1007.764 1067
1007.835 1350
1007.907 1515
1007.978 1637
1008.050 1739
1008.121 1708
1008.193 1576
1008.264 1425
1008.336 1289
1008.407 1190
1008.479 1135
1008.551 1106
1008.622 1088
1008.694 1171
1008.765 1373
1008.837 1573
1008.908 1753
1008.980 1865
1009.051 1849
1009.123 1788
1009.195 1724
1009.266 1585
1009.338 1396
1009.409 1229
1009.481 1078
1009.552 1001
1009.624 1010
1009.696 1038
1009.767 1065
1009.839 1153
1009.910 1265
1009.982 1360
1010.054 1451
1010.125 1430
1010.197 1320
1010.268 1191
1010.340 1068
1010.412 961
1010.483 890
1010.555 838
1010.626 785
1010.698 770
1010.770 792
1010.841 813
1010.913 839
1010.985 863
1011.056 860
1011.128 856
1011.199 842
1011.271 808
1011.343 750
1011.414 698
1011.486 651
1011.558 613
1011.629 603
1011.701 589
1011.773 578
1011.844 567
1011.916 567
1011.988 564
1012.059 554
1012.131 542
1012.203 523
1012.274 504
1012.346 489
1012.418 480
1012.489 466
1012.561 453
1012.633 444
1012.704 441
1012.776 439
1012.848 429
1012.920 418
1012.991 402
1013.063 389
1013.135 379
1013.206 366
1013.278 356
1013.350 361
1013.422 353
1013.493 345
1013.565 333
1013.637 326
1013.708 326
1013.780 323
1013.852 330
1013.924 315
1013.995 308
1014.067 306
1014.139 297
1014.211 288
1014.282 276
1014.354 266
1014.426 256
1014.498 249
1014.569 248
1014.641 244
1014.713 252
1014.785 245
1014.856 247
1014.928 247
1015.000 244
1015.072 245
1015.144 231
1015.215 219
1015.287 207
1015.359 192
1015.431 187
1015.503 177
1015.574 172
1015.646 178
1015.718 183
1015.790 190
1015.862 202
1015.933 208
1016.005 211
1016.077 212
1016.149 209
1016.221 200
1016.292 194
1016.364 180
1016.436 163
1016.508 158
1016.580 155
1016.652 152
1016.723 157
1016.795 168
1016.867 178
1016.939 193
1017.011 208
1017.083 204
1017.154 204
1017.226 199
1017.298 187
1017.370 176
1017.442 160
1017.514 141
1017.586 118
1017.658 121
1017.729 125
1017.801 128
1017.873 134
1017.945 135
1018.017 143
1018.089 159
1018.161 167
1018.233 181
1018.304 186
1018.376 197
1018.448 201
1018.520 187
1018.592 171
1018.664 155
1018.736 134
1018.808 128
1018.880 125
1018.952 119
1019.024 119
1019.095 132
1019.167 141
1019.239 153
1019.311 172
1019.383 163
1019.455 157
1019.527 148
1019.599 128
1019.671 122
1019.743 122
1019.815 121
1019.887 119
1019.959 121
1020.031 123
1020.103 130
1020.175 139
1020.247 138
1020.319 135
1020.391 132
1020.463 131
1020.534 140
1020.606 151
1020.678 156
1020.750 160
1020.822 154
1020.894 149
1020.966 146
1021.038 138
1021.110 143
1021.182 148
1021.254 160
1021.326 167
1021.398 162
1021.470 156
1021.542 149
1021.614 139
1021.686 129
1021.758 130
1021.830 137
1021.902 140
1021.974 146
1022.047 146
1022.119 144
1022.191 144
1022.263 142
1022.335 137
1022.407 133
1022.479 124
1022.551 123
1022.623 121
1022.695 120
1022.767 121
1022.839 123
1022.911 126
1022.983 132
1023.055 142
1023.127 155
1023.199 164
1023.271 175
1023.343 184
1023.416 185
1023.488 188
1023.560 196
1023.632 200
1023.704 204
1023.776 213
1023.848 218
1023.920 225
1023.992 227
1024.064 218
1024.136 215
1024.209 212
1024.281 199
1024.353 194
1024.425 184
1024.497 166
1024.569 166
1024.641 178
1024.713 185
1024.785 202
1024.858 215
1024.930 215
1025.002 221
1025.074 228
1025.146 222
1025.218 217
1025.290 213
1025.363 202
1025.435 196
1025.507 188
1025.579 181
1025.651 170
1025.723 167
1025.796 169
1025.868 168
1025.940 169
1026.012 169
1026.084 167
1026.156 172
1026.229 174
1026.301 170
1026.373 170
1026.445 162
1026.517 171
1026.589 169
1026.662 162
1026.734 161
1026.806 158
1026.878 152
1026.950 151
1027.023 147
1027.095 142
1027.167 141
1027.239 140
1027.312 142
1027.384 143
1027.456 147
1027.528 143
1027.600 144
1027.673 150
1027.745 153
1027.817 156
1027.889 162
1027.962 164
1028.034 166
1028.106 167
1028.178 165
1028.251 173
1028.323 179
1028.395 176
1028.467 169
1028.540 164
1028.612 160
1028.684 162
1028.756 168
1028.829 164
1028.901 163
1028.973 163
1029.045 160
1029.118 161
1029.190 166
1029.262 165
1029.335 165
1029.407 157
1029.479 141
1029.551 136
1029.624 123
1029.696 115
1029.768 113
1029.841 114
1029.913 121
1029.985 129
1030.058 134
1030.130 142
1030.202 151
1030.275 157
1030.347 165
1030.419 164
1030.492 162
1030.564 155
1030.636 150
1030.709 144
1030.781 134
1030.853 123
1030.926 112
1030.998 108
1031.070 101
1031.143 101
1031.215 99
1031.287 107
1031.360 117
1031.432 130
1031.504 149
1031.577 159
1031.649 170
1031.722 192
1031.794 238
1031.866 284
1031.939 332
1032.011 365
1032.083 374
1032.156 388
1032.228 392
1032.301 406
1032.373 386
1032.445 362
1032.518 340
1032.590 321
1032.663 339
1032.735 358
1032.807 387
1032.880 422
1032.952 482
1033.025 524
1033.097 563
1033.170 573
1033.242 522
1033.314 488
1033.387 457
1033.459 436
1033.532 424
1033.604 411
1033.677 399
1033.749 405
1033.821 427
1033.894 434
1033.966 441
1034.039 426
1034.111 406
1034.184 400
1034.256 387
1034.329 370
1034.401 348
1034.474 328
1034.546 312
1034.619 298
1034.691 306
1034.764 301
1034.836 288
1034.909 281
1034.981 275
1035.053 272
1035.126 274
1035.198 280
1035.271 278
1035.343 278
1035.416 279
1035.489 283
1035.561 287
1035.634 279
1035.706 264
1035.779 252
1035.851 241
1035.924 246
1035.996 246
1036.069 244
1036.141 235
1036.214 226
1036.286 224
1036.359 225
1036.431 221
1036.504 220
1036.576 216
1036.649 206
1036.722 199
1036.794 202
1036.867 203
1036.939 210
1037.012 207
1037.084 203
1037.157 196
1037.229 190
1037.302 190
1037.375 184
1037.447 178
1037.520 173
1037.592 159
1037.665 159
1037.737 160
1037.810 154
1037.883 161
1037.955 164
1038.028 169
1038.100 174
1038.173 171
1038.246 171
1038.318 169
1038.391 168
1038.464 174
1038.536 174
1038.609 175
1038.681 182
1038.754 179
1038.827 182
1038.899 183
1038.972 183
1039.044 179
1039.117 170
1039.190 167
1039.262 158
1039.335 149
1039.408 144
1039.480 146
1039.553 149
1039.626 151
1039.698 153
1039.771 154
1039.844 148
1039.916 154
1039.989 155
1040.062 162
1040.134 166
1040.207 157
1040.280 160
1040.352 161
1040.425 162
1040.498 161
1040.570 152
1040.643 140
1040.716 132
1040.788 135
1040.861 137
1040.934 144
1041.007 149
1041.079 146
1041.152 147
1041.225 151
1041.297 147
1041.370 146
1041.443 142
1041.516 137
1041.588 128
1041.661 126
1041.734 125
1041.806 125
1041.879 127
1041.952 129
1042.025 128
1042.097 122
1042.170 120
1042.243 118
1042.316 125
1042.388 130
1042.461 140
1042.534 138
1042.607 134
1042.679 129
1042.752 132
1042.825 138
1042.898 145
1042.971 151
1043.043 161
1043.116 163
1043.189 168
1043.262 173
1043.334 179
1043.407 173
1043.480 162
1043.553 155
1043.626 146
1043.698 148
1043.771 143
1043.844 138
1043.917 137
1043.990 129
1044.062 132
1044.135 133
1044.208 137
1044.281 142
1044.354 142
1044.426 149
1044.499 151
1044.572 153
1044.645 158
1044.718 167
1044.791 169
1044.863 166
1044.936 165
1045.009 163
1045.082 159
1045.155 161
1045.228 155
1045.301 142
1045.373 128
1045.446 122
1045.519 129
1045.592 140
1045.665 152
1045.738 156
1045.811 156
1045.884 159
1045.956 156
1046.029 161
1046.102 156
1046.175 150
1046.248 146
1046.321 133
1046.394 125
1046.467 116
1046.540 113
1046.612 110
1046.685 113
1046.758 117
1046.831 112
1046.904 116
1046.977 112
1047.050 109
1047.123 105
1047.196 110
1047.269 121
1047.342 131
1047.414 146
1047.487 152
1047.560 155
1047.633 160
1047.706 159
1047.779 165
1047.852 163
1047.925 162
1047.998 156
1048.071 146
1048.144 140
1048.217 136
1048.290 135
1048.363 131
1048.436 137
1048.509 141
1048.582 144
1048.655 147
1048.728 147
1048.801 151
1048.874 155
1048.947 163
1049.020 163
1049.093 165
1049.166 164
1049.239 154
1049.312 155
1049.385 153
1049.458 150
1049.531 161
1049.604 175
1049.677 186
1049.750 196
1049.823 209
1049.896 209
1049.969 210
1050.042 211
1050.115 207
1050.188 197
1050.261 193
1050.334 185
1050.407 179
1050.480 172
1050.553 162
1050.626 148
1050.699 145
1050.772 155
1050.845 161
1050.918 175
1050.991 181
1051.064 180
1051.137 184
1051.210 189
1051.283 185
1051.356 176
1051.430 170
1051.503 151
1051.576 143
1051.649 144
1051.722 142
1051.795 134
1051.868 131
1051.941 136
1052.014 135
1052.087 135
1052.160 139
1052.234 138
1052.307 138
1052.380 145
1052.453 153
1052.526 157
1052.599 157
1052.672 163
1052.745 157
1052.818 151
1052.892 144
1052.965 139
1053.038 136
1053.111 134
1053.184 131
1053.257 122
1053.330 133
1053.403 147
1053.477 154
1053.550 164
1053.623 160
1053.696 153
1053.769 153
1053.842 155
1053.916 160
1053.989 166
1054.062 171
1054.135 174
1054.208 164
1054.281 162
1054.355 152
1054.428 137
1054.501 140
1054.574 131
1054.647 124
1054.720 123
1054.794 123
1054.867 126
1054.940 121
1055.013 120
1055.086 126
1055.160 123
1055.233 128
1055.306 131
1055.379 140
1055.452 148
1055.526 154
1055.599 167
1055.672 195
1055.745 225
1055.819 255
1055.892 298
1055.965 310
1056.038 325
1056.111 338
1056.185 335
1056.258 314
1056.331 300
1056.404 282
1056.478 275
1056.551 280
1056.624 282
1056.697 292
1056.771 314
1056.844 348
1056.917 379
1056.991 415
1057.064 423
1057.137 415
1057.210 405
1057.284 394
1057.357 395
1057.430 365
1057.503 344
1057.577 318
1057.650 303
1057.723 317
1057.797 327
1057.870 340
1057.943 346
1058.017 344
1058.090 332
1058.163 320
1058.236 309
1058.310 293
1058.383 288
1058.456 281
1058.530 282
1058.603 282
1058.676 273
1058.750 262
1058.823 256
1058.896 247
1058.970 244
1059.043 238
1059.116 228
1059.190 223
1059.263 221
1059.336 218
1059.410 223
1059.483 220
1059.556 223
1059.630 222
1059.703 230
1059.777 236
1059.850 233
1059.923 235
1059.997 224
1060.070 218
1060.143 216
1060.217 209
1060.290 196
1060.364 182
1060.437 181
1060.510 173
1060.584 167
1060.657 167
1060.731 169
1060.804 177
1060.877 176
1060.951 175
1061.024 181
1061.098 174
1061.171 161
1061.244 147
1061.318 130
1061.391 123
1061.465 115
1061.538 112
1061.612 107
1061.685 112
1061.758 115
1061.832 114
1061.905 114
1061.979 112
1062.052 110
1062.126 112
1062.199 113
1062.272 121
1062.346 125
1062.419 133
1062.493 137
1062.566 133
1062.640 143
1062.713 145
1062.787 140
1062.860 139
1062.934 134
1063.007 130
1063.081 133
1063.154 136
1063.228 132
1063.301 126
1063.375 126
1063.448 120
1063.522 110
1063.595 106
1063.669 104
1063.742 99
1063.816 99
1063.889 95
1063.963 98
1064.036 97
1064.110 94
1064.183 97
1064.257 96
1064.330 97
1064.404 96
1064.477 99
1064.551 97
1064.624 99
1064.698 101
1064.771 100
1064.845 103
1064.918 100
1064.992 105
1065.066 107
1065.139 116
1065.213 128
1065.286 137
1065.360 146
1065.433 154
1065.507 166
1065.581 173
1065.654 183
1065.728 178
1065.801 176
1065.875 169
1065.948 163
1066.022 159
1066.096 157
1066.169 153
1066.243 153
1066.316 149
1066.390 144
1066.464 137
1066.537 140
1066.611 144
1066.684 148
1066.758 155
1066.832 146
1066.905 151
1066.979 153
1067.052 154
1067.126 165
1067.200 169
1067.273 172
1067.347 174
1067.421 176
1067.494 172
1067.568 162
1067.641 150
1067.715 139
1067.789 131
1067.862 131
1067.936 124
1068.010 120
1068.083 118
1068.157 114
1068.231 108
1068.304 109
1068.378 111
1068.452 110
1068.525 119
1068.599 115
1068.673 112
1068.746 112
1068.820 107
1068.894 110
1068.967 111
1069.041 114
1069.115 109
1069.189 110
1069.262 111
1069.336 114
1069.410 119
1069.483 123
1069.557 125
1069.631 135
1069.704 142
1069.778 144
1069.852 143
1069.926 149
1069.999 165
1070.073 164
1070.147 164
1070.221 167
1070.294 162
1070.368 154
1070.442 145
1070.515 132
1070.589 121
1070.663 122
1070.737 123
1070.810 127
1070.884 121
1070.958 119
1071.032 115
1071.105 111
1071.179 113
1071.253 115
1071.327 115
1071.401 114
1071.474 124
1071.548 137
1071.622 140
1071.696 141
1071.769 144
1071.843 136
1071.917 141
1071.991 143
1072.065 142
1072.138 142
1072.212 134
1072.286 133
1072.360 127
1072.434 129
1072.507 132
1072.581 131
1072.655 140
1072.729 141
1072.803 146
1072.877 148
1072.950 152
1073.024 145
1073.098 143
1073.172 138
1073.246 133
1073.320 139
1073.393 136
1073.467 133
1073.541 131
1073.615 131
1073.689 134
1073.763 131
1073.836 131
1073.910 121
1073.984 122
1074.058 128
1074.132 132
1074.206 137
1074.280 135
1074.354 131
1074.427 133
1074.501 137
1074.575 138
1074.649 135
1074.723 130
1074.797 125
1074.871 127
1074.945 126
1075.019 126
1075.092 125
1075.166 126
1075.240 125
1075.314 123
1075.388 122
1075.462 123
1075.536 130
1075.610 142
1075.684 140
1075.758 138
1075.832 137
1075.906 133
1075.979 135
1076.053 137
1076.127 136
1076.201 139
1076.275 137
1076.349 136
1076.423 139
1076.497 136
1076.571 139
1076.645 137
1076.719 135
1076.793 133
1076.867 131
1076.941 131
1077.015 130
1077.089 138
1077.163 135
1077.237 140
1077.311 136
1077.385 141
1077.459 134
1077.533 129
1077.607 117
1077.681 101
1077.755 98
1077.829 96
1077.903 98
1077.977 98
1078.051 97
1078.125 96
1078.199 100
1078.273 104
1078.347 103
1078.421 99
1078.495 89
1078.569 76
1078.643 72
1078.717 75
1078.791 79
1078.865 90
1078.939 89
1079.013 89
1079.087 92
1079.161 92
1079.235 100
1079.309 109
1079.383 108
1079.457 121
1079.531 151
1079.605 183
1079.679 219
1079.753 276
1079.827 362
1079.902 441
1079.976 513
1080.050 550
1080.124 530
1080.198 498
1080.272 468
1080.346 447
1080.420 410
1080.494 383
1080.568 356
1080.642 356
1080.716 401
1080.791 445
1080.865 484
1080.939 507
1081.013 539
1081.087 555
1081.161 571
1081.235 570
1081.309 529
1081.383 499
1081.458 467
1081.532 447
1081.606 456
1081.680 444
1081.754 431
1081.828 413
1081.902 411
1081.976 413
1082.051 428
1082.125 418
1082.199 385
1082.273 361
1082.347 331
1082.421 311
1082.496 301
1082.570 293
1082.644 284
1082.718 278
1082.792 285
1082.866 282
1082.941 276
1083.015 269
1083.089 262
1083.163 246
1083.237 234
1083.311 218
1083.386 204
1083.460 204
1083.534 197
1083.608 195
1083.682 194
1083.757 191
1083.831 195
1083.905 196
1083.979 190
1084.053 190
1084.128 187
1084.202 194
1084.276 188
1084.350 180
1084.425 169
1084.499 152
1084.573 144
1084.647 140
1084.721 141
1084.796 140
1084.870 141
1084.944 142
1085.018 139
1085.093 134
1085.167 139
1085.241 138
1085.315 141
1085.390 140
1085.464 138
1085.538 139
1085.613 136
1085.687 141
1085.761 135
1085.835 134
1085.910 132
1085.984 125
1086.058 125
1086.132 125
1086.207 123
1086.281 123
1086.355 125
1086.430 123
1086.504 118
1086.578 118
1086.653 114
1086.727 112
1086.801 110
1086.875 104
1086.950 97
1087.024 94
1087.098 93
1087.173 101
1087.247 107
1087.321 115
1087.396 118
1087.470 125
1087.544 130
1087.619 125
1087.693 126
1087.767 117
1087.842 112
1087.916 107
1087.990 102
1088.065 102
1088.139 104
1088.213 106
1088.288 109
1088.362 116
1088.437 111
1088.511 110
1088.585 108
1088.660 102
1088.734 111
1088.808 117
1088.883 127
1088.957 135
1089.032 132
1089.106 128
1089.180 125
1089.255 113
1089.329 110
1089.404 108
1089.478 104
1089.552 97
1089.627 99
1089.701 97
1089.776 98
1089.850 102
1089.924 98
1089.999 100
1090.073 98
1090.148 95
1090.222 96
1090.297 92
1090.371 89
1090.445 86
1090.520 80
1090.594 77
1090.669 76
1090.743 77
1090.818 85
1090.892 88
1090.967 89
1091.041 94
1091.115 102
1091.190 111
1091.264 121
1091.339 135
1091.413 133
1091.488 125
1091.562 115
1091.637 100
1091.711 95
1091.786 92
1091.860 90
1091.935 91
1092.009 96
1092.084 96
1092.158 89
1092.233 83
1092.307 80
1092.382 81
1092.456 85
1092.531 91
1092.605 94
1092.680 97
1092.754 98
1092.829 95
1092.903 96
1092.978 90
1093.052 83
1093.127 77
1093.201 78
1093.276 80
1093.350 82
1093.425 87
1093.499 82
1093.574 78
1093.649 78
1093.723 74
1093.798 78
1093.872 84
1093.947 91
1094.021 97
1094.096 99
1094.170 104
1094.245 111
1094.320 109
1094.394 108
1094.469 102
1094.543 94
1094.618 97
1094.692 94
1094.767 89
1094.842 89
1094.916 81
1094.991 86
1095.065 90
1095.140 91
1095.215 91
1095.289 86
1095.364 84
1095.438 87
1095.513 93
1095.588 99
1095.662 104
1095.737 112
1095.811 116
1095.886 118
1095.961 124
1096.035 122
1096.110 124
1096.185 116
1096.259 111
1096.334 114
1096.409 106
1096.483 105
1096.558 98
1096.632 98
1096.707 100
1096.782 106
1096.856 104
1096.931 101
1097.006 102
1097.080 98
1097.155 101
1097.230 102
1097.304 109
1097.379 112
1097.454 111
1097.528 114
1097.603 118
1097.678 115
1097.752 111
1097.827 111
1097.902 109
1097.977 107
1098.051 107
1098.126 103
1098.201 109
1098.275 107
1098.350 111
1098.425 111
1098.500 115
1098.574 129
1098.649 134
1098.724 141
1098.798 151
1098.873 161
1098.948 161
1099.023 160
1099.097 154
1099.172 140
1099.247 136
1099.322 134
1099.396 127
1099.471 129
1099.546 117
1099.621 102
1099.695 89
1099.770 76
1099.845 82
1099.920 85
1099.994 79
1100.069 82
1100.144 81
1100.219 84
1100.293 90
1100.368 97
1100.443 104
1100.518 112
1100.593 119
1100.667 112
1100.742 107
1100.817 101
1100.892 93
1100.966 92
1101.041 91
1101.116 85
1101.191 86
1101.266 86
1101.341 96
1101.415 109
1101.490 118
1101.565 121
1101.640 122
1101.715 124
1101.789 132
1101.864 130
1101.939 127
1102.014 127
1102.089 122
1102.164 119
1102.238 113
1102.313 106
1102.388 104
1102.463 95
1102.538 90
1102.613 86
1102.688 83
1102.762 80
1102.837 81
1102.912 81
1102.987 72
1103.062 77
1103.137 86
1103.212 93
1103.286 108
1103.361 121
1103.436 123
1103.511 133
1103.586 158
1103.661 203
1103.736 250
1103.811 298
1103.886 336
1103.961 363
1104.035 380
1104.110 396
1104.185 393
1104.260 348
1104.335 313
1104.410 283
1104.485 273
1104.560 289
1104.635 318
1104.710 348
1104.785 389
1104.860 459
1104.934 510
1105.009 565
1105.084 591
1105.159 556
1105.234 516
1105.309 472
1105.384 436
1105.459 391
1105.534 361
1105.609 332
1105.684 324
1105.759 351
1105.834 374
1105.909 400
1105.984 404
1106.059 407
1106.134 406
1106.209 400
1106.284 387
1106.359 360
1106.434 323
1106.509 290
1106.584 267
1106.659 267
1106.734 276
1106.809 282
1106.884 282
1106.959 286
1107.034 278
1107.109 269
1107.184 250
1107.259 221
1107.334 199
1107.409 183
1107.484 164
1107.559 155
1107.634 155
1107.709 157
1107.784 160
1107.859 165
1107.934 169
1108.009 174
1108.084 178
1108.159 162
1108.234 151
1108.309 141
1108.384 135
1108.459 129
1108.534 122
1108.609 111
1108.684 105
1108.760 105
1108.835 105
1108.910 106
1108.985 103
1109.060 99
1109.135 101
1109.210 97
1109.285 95
1109.360 88
1109.435 79
1109.510 74
1109.585 71
1109.661 72
1109.736 79
1109.811 87
1109.886 96
1109.961 103
1110.036 104
1110.111 104
1110.186 112
1110.261 110
1110.337 108
1110.412 109
1110.487 99
1110.562 101
1110.637 98
1110.712 101
1110.787 96
1110.862 99
1110.938 105
1111.013 107
1111.088 116
1111.163 123
1111.238 125
1111.313 131
1111.389 135
1111.464 122
1111.539 115
1111.614 108
1111.689 98
1111.764 96
1111.839 94
1111.915 87
1111.990 79
1112.065 78
1112.140 78
1112.215 75
1112.291 85
1112.366 90
1112.441 92
1112.516 99
1112.591 93
1112.667 89
1112.742 90
1112.817 94
1112.892 92
1112.967 86
1113.043 81
1113.118 75
1113.193 79
1113.268 82
1113.343 91
1113.419 93
1113.494 103
1113.569 101
1113.644 95
1113.720 90
1113.795 80
1113.870 79
1113.945 79
1114.021 81
1114.096 81
1114.171 82
1114.246 86
1114.322 96
1114.397 103
1114.472 108
1114.547 103
1114.623 90
1114.698 92
1114.773 92
1114.848 101
1114.924 113
1114.999 115
1115.074 120
1115.150 116
1115.225 107
1115.300 107
1115.375 101
1115.451 97
1115.526 94
1115.601 92
1115.677 88
1115.752 90
1115.827 93
1115.903 89
1115.978 85
1116.053 82
1116.129 75
1116.204 74
1116.279 79
1116.355 83
1116.430 83
1116.505 88
1116.581 91
1116.656 90
1116.731 96
1116.807 96
1116.882 95
1116.957 95
1117.033 101
1117.108 98
1117.183 96
1117.259 98
1117.334 95
1117.409 93
1117.485 90
1117.560 85
1117.635 83
1117.711 85
1117.786 83
1117.862 84
1117.937 85
1118.012 89
1118.088 88
1118.163 84
1118.239 83
1118.314 80
1118.389 74
1118.465 68
1118.540 62
1118.616 60
1118.691 60
1118.766 61
1118.842 64
1118.917 74
1118.993 73
1119.068 70
1119.143 69
1119.219 74
1119.294 67
1119.370 70
1119.445 70
1119.521 77
1119.596 83
1119.671 84
1119.747 88
1119.822 90
1119.898 95
1119.973 93
1120.049 96
1120.124 96
1120.200 98
1120.275 104
1120.351 113
1120.426 117
1120.501 109
1120.577 106
1120.652 105
1120.728 104
1120.803 113
1120.879 116
1120.954 116
1121.030 122
1121.105 121
1121.181 116
1121.256 107
1121.332 102
1121.407 95
1121.483 87
1121.558 81
1121.634 72
1121.709 74
1121.785 70
1121.860 70
1121.936 58
1122.011 61
1122.087 65
1122.162 70
1122.238 83
1122.314 91
1122.389 92
1122.465 96
1122.540 99
1122.616 101
1122.691 104
1122.767 108
1122.842 116
1122.918 116
1122.993 118
1123.069 120
1123.145 113
1123.220 104
1123.296 99
1123.371 91
1123.447 84
1123.522 83
1123.598 82
1123.674 78
1123.749 77
1123.825 79
1123.900 81
1123.976 73
1124.051 81
1124.127 83
1124.203 86
1124.278 91
1124.354 102
1124.429 105
1124.505 102
1124.581 105
1124.656 91
1124.732 88
1124.807 83
1124.883 80
1124.959 79
1125.034 81
1125.110 89
1125.186 97
1125.261 104
1125.337 102
1125.412 104
1125.488 109
1125.564 96
1125.639 97
1125.715 95
1125.791 92
1125.866 90
1125.942 86
1126.018 85
1126.093 87
1126.169 87
1126.245 82
1126.320 81
1126.396 74
1126.472 71
1126.547 73
1126.623 70
1126.699 64
1126.774 69
1126.850 65
1126.926 62
1127.001 60
1127.077 60
1127.153 73
1127.229 79
1127.304 79
1127.380 90
1127.456 122
1127.531 161
1127.607 203
1127.683 262
1127.758 356
1127.834 453
1127.910 543
1127.986 598
1128.061 572
1128.137 548
1128.213 527
1128.289 512
1128.364 470
1128.440 444
1128.516 417
1128.592 425
1128.667 489
1128.743 565
1128.819 627
1128.895 667
1128.970 708
1129.046 725
1129.122 744
1129.198 736
1129.273 664
1129.349 589
1129.425 523
1129.501 480
1129.576 473
1129.652 474
1129.728 480
1129.804 487
1129.880 518
1129.955 544
1130.031 563
1130.107 570
1130.183 541
1130.259 503
1130.334 468
1130.410 439
1130.486 414
1130.562 396
1130.638 380
1130.713 364
1130.789 369
1130.865 365
1130.941 366
1131.017 356
1131.093 349
1131.168 346
1131.244 341
1131.320 340
1131.396 331
1131.472 323
1131.548 318
1131.623 308
1131.699 323
1131.775 319
1131.851 310
1131.927 303
1132.003 279
1132.079 261
1132.154 244
1132.230 220
1132.306 202
1132.382 194
1132.458 188
1132.534 181
1132.610 177
1132.686 180
1132.761 175
1132.837 172
1132.913 182
1132.989 176
1133.065 174
1133.141 173
1133.217 163
1133.293 160
1133.369 152
1133.445 142
1133.520 144
1133.596 141
1133.672 141
1133.748 135
1133.824 128
1133.900 124
1133.976 124
1134.052 121
1134.128 121
1134.204 120
1134.280 115
1134.356 109
1134.432 110
1134.508 114
1134.584 120
1134.659 120
1134.735 118
1134.811 116
1134.887 112
1134.963 119
1135.039 118
1135.115 126
1135.191 132
1135.267 129
1135.343 124
1135.419 116
1135.495 109
1135.571 103
1135.647 107
1135.723 109
1135.799 105
1135.875 106
1135.951 112
1136.027 111
1136.103 111
1136.179 112
1136.255 110
1136.331 103
1136.407 99
1136.483 98
1136.559 98
1136.635 107
1136.711 113
1136.787 121
1136.863 124
1136.939 120
1137.015 111
1137.091 109
1137.167 110
1137.243 108
1137.319 106
1137.395 94
1137.472 79
1137.548 74
1137.624 71
1137.700 77
1137.776 79
1137.852 79
1137.928 77
1138.004 66
1138.080 68
1138.156 65
1138.232 64
1138.308 61
1138.384 55
1138.460 59
1138.536 66
1138.613 69
1138.689 69
1138.765 70
1138.841 68
1138.917 67
1138.993 68
1139.069 62
1139.145 58
1139.221 55
1139.297 52
1139.374 50
1139.450 45
1139.526 48
1139.602 45
1139.678 45
1139.754 49
1139.830 56
1139.906 63
1139.982 67
1140.059 73
1140.135 68
1140.211 69
1140.287 64
1140.363 56
1140.439 54
1140.515 50
1140.592 53
1140.668 55
1140.744 63
1140.820 75
1140.896 84
1140.972 93
1141.049 104
1141.125 99
1141.201 96
1141.277 89
1141.353 81
1141.429 76
1141.506 74
1141.582 72
1141.658 70
1141.734 70
1141.810 74
1141.887 72
1141.963 73
1142.039 74
1142.115 74
1142.191 77
1142.268 83
1142.344 96
1142.420 100
1142.496 105
1142.573 110
1142.649 104
1142.725 99
1142.801 92
1142.877 81
1142.954 73
1143.030 72
1143.106 65
1143.182 63
1143.259 59
1143.335 56
1143.411 59
1143.487 61
1143.564 68
1143.640 74
1143.716 83
1143.792 88
1143.869 94
1143.945 93
1144.021 93
1144.097 91
1144.174 98
1144.250 103
1144.326 103
1144.403 105
1144.479 102
1144.555 102
1144.631 103
1144.708 97
1144.784 96
1144.860 96
1144.937 97
1145.013 107
1145.089 107
1145.166 104
1145.242 103
1145.318 97
1145.394 98
1145.471 94
1145.547 87
1145.623 87
1145.700 85
1145.776 83
1145.852 80
1145.929 75
1146.005 67
1146.081 68
1146.158 69
1146.234 63
1146.310 61
1146.387 58
1146.463 50
1146.539 51
1146.616 52
1146.692 52
1146.769 53
1146.845 53
1146.921 57
1146.998 59
1147.074 57
1147.150 59
1147.227 58
1147.303 61
1147.380 66
1147.456 76
1147.532 82
1147.609 87
1147.685 89
1147.762 98
1147.838 98
1147.914 98
1147.991 99
1148.067 105
1148.144 94
1148.220 85
1148.296 74
1148.373 58
1148.449 56
1148.526 55
1148.602 54
1148.678 60
1148.755 60
1148.831 62
1148.908 68
1148.984 75
1149.061 81
1149.137 84
1149.214 82
1149.290 85
1149.366 81
1149.443 84
1149.519 85
1149.596 83
1149.672 86
1149.749 88
1149.825 87
1149.902 82
1149.978 82
1150.055 78
1150.131 76
1150.208 78
1150.284 77
1150.360 74
1150.437 75
1150.513 71
1150.590 70
1150.666 74
1150.743 77
1150.819 80
1150.896 74
1150.972 72
1151.049 76
1151.125 72
1151.202 75
1151.278 75
1151.355 78
1151.432 89
1151.508 133
1151.585 188
1151.661 247
1151.738 319
1151.814 422
1151.891 531
1151.967 634
1152.044 691
1152.120 661
1152.197 621
1152.273 582
1152.350 562
1152.426 542
1152.503 529
1152.580 520
1152.656 552
1152.733 648
1152.809 738
1152.886 826
1152.962 855
1153.039 845
1153.116 828
1153.192 808
1153.269 775
1153.345 723
1153.422 671
1153.499 620
1153.575 606
1153.652 622
1153.728 644
1153.805 664
1153.881 681
1153.958 702
1154.035 705
1154.111 713
1154.188 701
1154.265 655
1154.341 612
1154.418 568
1154.494 543
1154.571 512
1154.648 496
1154.724 480
1154.801 465
1154.878 471
1154.954 466
1155.031 465
1155.107 449
1155.184 415
1155.261 396
1155.337 366
1155.414 344
1155.491 329
1155.567 313
1155.644 294
1155.721 280
1155.797 277
1155.874 270
1155.951 265
1156.027 258
1156.104 238
1156.181 226
1156.257 214
1156.334 206
1156.411 200
1156.487 192
1156.564 184
1156.641 170
1156.718 168
1156.794 168
1156.871 173
1156.948 172
1157.024 170
1157.101 173
1157.178 177
1157.255 183
1157.331 175
1157.408 169
1157.485 162
1157.561 153
1157.638 154
1157.715 151
1157.792 149
1157.868 148
1157.945 142
1158.022 137
1158.099 132
1158.175 132
1158.252 121
1158.329 118
1158.406 111
1158.482 118
1158.559 112
1158.636 108
1158.713 103
1158.789 100
1158.866 99
1158.943 96
1159.020 91
1159.096 84
1159.173 88
1159.250 88
1159.327 92
1159.404 99
1159.480 100
1159.557 108
1159.634 116
1159.711 122
1159.788 127
1159.864 124
1159.941 117
1160.018 111
1160.095 97
1160.172 91
1160.248 85
1160.325 83
1160.402 80
1160.479 78
1160.556 77
1160.633 77
1160.709 76
1160.786 76
1160.863 80
1160.940 79
1161.017 80
1161.094 81
1161.170 79
1161.247 85
1161.324 89
1161.401 89
1161.478 90
1161.555 86
1161.632 79
1161.708 78
1161.785 76
1161.862 81
1161.939 76
1162.016 78
1162.093 78
1162.170 81
1162.247 83
1162.323 84
1162.400 82
1162.477 81
1162.554 83
1162.631 83
1162.708 83
1162.785 88
1162.862 88
1162.939 88
1163.016 86
1163.092 84
1163.169 76
1163.246 73
1163.323 77
1163.400 74
1163.477 78
1163.554 79
1163.631 78
1163.708 71
1163.785 68
1163.862 64
1163.939 63
1164.016 65
1164.093 70
1164.169 67
1164.246 66
1164.323 63
1164.400 62
1164.477 69
1164.554 76
1164.631 83
1164.708 83
1164.785 85
1164.862 85
1164.939 89
1165.016 84
1165.093 79
1165.170 76
1165.247 70
1165.324 69
1165.401 60
1165.478 53
1165.555 52
1165.632 47
1165.709 50
1165.786 52
1165.863 50
1165.940 64
1166.017 72
1166.094 79
1166.171 87
1166.248 93
1166.325 89
1166.402 87
1166.479 89
1166.556 77
1166.633 73
1166.710 69
1166.787 58
1166.864 52
1166.941 56
1167.018 57
1167.095 60
1167.172 56
1167.249 58
1167.327 63
1167.404 65
1167.481 75
1167.558 76
1167.635 76
1167.712 85
1167.789 83
1167.866 86
1167.943 91
1168.020 89
1168.097 88
1168.174 86
1168.251 88
1168.328 86
1168.406 88
1168.483 88
1168.560 83
1168.637 85
1168.714 85
1168.791 86
1168.868 85
1168.945 81
1169.022 91
1169.099 90
1169.177 95
1169.254 98
1169.331 97
1169.408 96
1169.485 97
1169.562 101
1169.639 101
1169.716 101
1169.794 99
1169.871 98
1169.948 98
1170.025 100
1170.102 99
1170.179 100
1170.257 90
1170.334 91
1170.411 98
1170.488 90
1170.565 97
1170.642 105
1170.719 109
1170.797 111
1170.874 118
1170.951 119
1171.028 116
1171.105 120
1171.183 109
1171.260 104
1171.337 95
1171.414 87
1171.491 84
1171.568 84
1171.646 85
1171.723 90
1171.800 94
1171.877 91
1171.954 89
1172.032 81
1172.109 80
1172.186 80
1172.263 82
1172.341 83
1172.418 84
1172.495 83
1172.572 83
1172.649 79
1172.727 74
1172.804 72
1172.881 70
1172.958 67
1173.036 64
1173.113 62
1173.190 58
1173.267 58
1173.345 58
1173.422 64
1173.499 69
1173.576 71
1173.654 64
1173.731 60
1173.808 57
1173.886 57
1173.963 61
1174.040 62
1174.117 61
1174.195 69
1174.272 73
1174.349 72
1174.427 70
1174.504 64
1174.581 56
1174.658 57
1174.736 58
1174.813 49
1174.890 55
1174.968 53
1175.045 50
1175.122 60
1175.200 61
1175.277 61
1175.354 62
1175.432 71
1175.509 85
1175.586 104
1175.664 122
1175.741 143
1175.818 174
1175.896 194
1175.973 220
1176.050 229
1176.128 210
1176.205 200
1176.282 183
1176.360 170
1176.437 174
1176.514 177
1176.592 181
1176.669 205
1176.746 239
1176.824 271
1176.901 298
1176.979 309
1177.056 305
1177.133 309
1177.211 306
1177.288 303
1177.366 284
1177.443 264
1177.520 244
1177.598 234
1177.675 245
1177.752 255
1177.830 265
1177.907 278
1177.985 285
1178.062 289
1178.140 300
1178.217 293
1178.294 263
1178.372 238
1178.449 211
1178.527 186
1178.604 187
1178.682 180
1178.759 171
1178.836 167
1178.914 164
1178.991 173
1179.069 176
1179.146 183
1179.224 173
1179.301 167
1179.379 158
1179.456 152
1179.533 155
1179.611 149
1179.688 141
1179.766 140
1179.843 150
1179.921 152
1179.998 161
1180.076 157
1180.153 147
1180.231 142
1180.308 133
1180.386 129
1180.463 121
1180.541 115
1180.618 107
1180.696 104
1180.773 110
1180.851 115
1180.928 115
1181.006 120
1181.083 112
1181.161 111
1181.238 108
1181.316 101
1181.393 103
1181.471 104
1181.548 103
1181.626 103
1181.703 100
1181.781 93
1181.859 90
1181.936 86
1182.014 79
1182.091 82
1182.169 83
1182.246 81
1182.324 80
1182.401 78
1182.479 76
1182.556 69
1182.634 67
1182.712 67
1182.789 67
1182.867 63
1182.944 64
1183.022 66
1183.099 70
1183.177 75
1183.255 78
1183.332 79
1183.410 78
1183.487 85
1183.565 90
1183.643 88
1183.720 85
1183.798 83
1183.875 78
1183.953 82
1184.031 87
1184.108 83
1184.186 89
1184.264 92
1184.341 93
1184.419 99
1184.496 105
1184.574 103
1184.652 98
1184.729 104
1184.807 97
1184.885 90
1184.962 87
1185.040 80
1185.117 71
1185.195 68
1185.273 65
1185.350 55
1185.428 51
1185.506 52
1185.583 48
1185.661 53
1185.739 61
1185.816 65
1185.894 73
1185.972 76
1186.049 85
1186.127 89
1186.205 87
1186.283 88
1186.360 82
1186.438 82
1186.516 85
1186.593 85
1186.671 83
1186.749 84
1186.826 83
1186.904 78
1186.982 81
1187.060 82
1187.137 81
1187.215 88
1187.293 86
1187.370 83
1187.448 81
1187.526 77
1187.604 75
1187.681 71
1187.759 66
1187.837 57
1187.915 59
1187.992 59
1188.070 60
1188.148 69
1188.226 65
1188.303 68
1188.381 70
1188.459 78
1188.537 84
1188.614 87
1188.692 90
1188.770 93
1188.848 97
1188.925 97
1189.003 97
1189.081 94
1189.159 87
1189.237 83
1189.314 78
1189.392 71
1189.470 69
1189.548 64
1189.625 64
1189.703 59
1189.781 50
1189.859 50
1189.937 48
1190.014 45
1190.092 46
1190.170 47
1190.248 47
1190.326 45
1190.404 44
1190.481 48
1190.559 45
1190.637 47
1190.715 58
1190.793 62
1190.871 66
1190.948 70
1191.026 67
1191.104 64
1191.182 68
1191.260 66
1191.338 62
1191.416 59
1191.493 56
1191.571 57
1191.649 60
1191.727 62
1191.805 65
1191.883 77
1191.961 79
1192.038 75
1192.116 75
1192.194 73
1192.272 75
1192.350 75
1192.428 67
1192.506 65
1192.584 71
1192.662 79
1192.739 87
1192.817 96
1192.895 92
1192.973 92
1193.051 90
1193.129 90
1193.207 90
1193.285 83
1193.363 78
1193.441 68
1193.519 64
1193.597 64
1193.674 65
1193.752 70
1193.830 74
1193.908 77
1193.986 81
1194.064 86
1194.142 84
1194.220 81
1194.298 80
1194.376 75
1194.454 63
1194.532 61
1194.610 62
1194.688 56
1194.766 54
1194.844 51
1194.922 45
1195.000 44
1195.078 44
1195.156 43
1195.234 40
1195.312 35
1195.390 38
1195.468 39
1195.546 43
1195.624 45
1195.702 44
1195.780 47
1195.858 52
1195.936 55
1196.014 61
1196.092 56
1196.170 52
1196.248 49
1196.326 42
1196.404 42
1196.482 40
1196.560 41
1196.638 47
1196.716 50
1196.794 52
1196.872 60
1196.950 63
1197.028 64
1197.106 65
1197.184 68
1197.262 70
1197.340 67
1197.418 67
1197.496 59
1197.574 53
1197.652 51
1197.731 49
1197.809 48
1197.887 42
1197.965 41
1198.043 37
1198.121 38
1198.199 39
1198.277 44
1198.355 45
1198.433 48
1198.511 52
1198.589 52
1198.668 57
1198.746 53
1198.824 57
1198.902 57
1198.980 55
1199.058 53
1199.136 58
1199.214 64
1199.292 65
1199.371 71
1199.449 85
1199.527 97
1199.605 112
1199.683 132
1199.761 157
1199.839 177
1199.917 194
1199.996 197
1200.074 196
1200.152 197
1200.230 196
1200.308 209
1200.386 204
1200.464 203
1200.543 194
1200.621 202
1200.699 224
1200.777 241
1200.855 264
1200.933 270
1201.012 253
1201.090 247
1201.168 236
1201.246 217
1201.324 208
1201.403 195
1201.481 183
1201.559 171
1201.637 171
1201.715 180
1201.794 185
1201.872 193
1201.950 198
1202.028 199
1202.106 199
1202.185 201
1202.263 192
1202.341 185
1202.419 173
1202.497 163
1202.576 158
1202.654 149
1202.732 145
1202.810 140
1202.889 152
1202.967 154
1203.045 156
1203.123 164
1203.202 169
1203.280 168
1203.358 166
1203.436 161
1203.515 144
1203.593 142
1203.671 145
1203.749 135
1203.828 136
1203.906 135
1203.984 132
1204.062 133
1204.141 127
1204.219 122
1204.297 115
1204.376 108
1204.454 103
1204.532 100
1204.610 95
1204.689 90
1204.767 86
1204.845 81
1204.924 79
1205.002 74
1205.080 73
1205.159 77
1205.237 83
1205.315 85
1205.394 84
1205.472 85
1205.550 84
1205.629 90
1205.707 83
1205.785 74
1205.864 70
1205.942 59
1206.020 56
1206.099 56
1206.177 60
1206.255 64
1206.334 61
1206.412 59
1206.490 57
1206.569 56
1206.647 51
1206.725 53
1206.804 52
1206.882 57
1206.960 59
1207.039 62
1207.117 66
1207.196 68
1207.274 74
1207.352 72
1207.431 74
1207.509 69
1207.588 60
1207.666 58
1207.744 52
1207.823 50
1207.901 54
1207.980 51
1208.058 48
1208.136 40
1208.215 45
1208.293 50
1208.372 53
1208.450 58
1208.528 54
1208.607 57
1208.685 60
1208.764 62
1208.842 71
1208.921 75
1208.999 81
1209.077 87
1209.156 87
1209.234 86
1209.313 86
1209.391 86
1209.470 86
1209.548 79
1209.627 75
1209.705 71
1209.784 66
1209.862 66
1209.940 65
1210.019 72
1210.097 75
1210.176 78
1210.254 83
1210.333 83
1210.411 77
1210.490 72
1210.568 65
1210.647 57
1210.725 58
1210.804 60
1210.882 61
1210.961 71
1211.039 71
1211.118 72
1211.196 74
1211.275 63
1211.353 62
1211.432 64
1211.510 67
1211.589 72
1211.667 79
1211.746 77
1211.825 71
1211.903 78
1211.982 73
1212.060 74
1212.139 67
1212.217 60
1212.296 59
1212.374 63
1212.453 68
1212.531 66
1212.610 62
1212.689 57
1212.767 57
1212.846 49
1212.924 49
1213.003 54
1213.081 50
1213.160 57
1213.239 56
1213.317 57
1213.396 64
1213.474 58
1213.553 58
1213.631 55
1213.710 52
1213.789 55
1213.867 52
1213.946 50
1214.024 48
1214.103 50
1214.182 49
1214.260 49
1214.339 50
1214.418 49
1214.496 41
1214.575 41
1214.653 38
1214.732 40
1214.811 48
1214.889 49
1214.968 53
1215.047 62
1215.125 64
1215.204 61
1215.282 59
1215.361 50
1215.440 44
1215.518 47
1215.597 50
1215.676 54
1215.754 56
1215.833 56
1215.912 63
1215.990 66
1216.069 63
1216.148 61
1216.226 59
1216.305 57
1216.384 58
1216.462 56
1216.541 53
1216.620 58
1216.699 59
1216.777 61
1216.856 62
1216.935 64
1217.013 64
1217.092 65
1217.171 69
1217.249 75
1217.328 79
1217.407 84
1217.486 87
1217.564 93
1217.643 92
1217.722 91
1217.800 90
1217.879 90
1217.958 85
1218.037 84
1218.115 80
1218.194 77
1218.273 75
1218.352 76
1218.430 74
1218.509 66
1218.588 71
1218.667 69
1218.745 67
1218.824 66
1218.903 59
1218.982 56
1219.060 52
1219.139 45
1219.218 44
1219.297 44
1219.376 44
1219.454 43
1219.533 46
1219.612 47
1219.691 53
1219.770 69
1219.848 78
1219.927 79
1220.006 83
1220.085 83
1220.164 80
1220.242 82
1220.321 89
1220.400 83
1220.479 81
1220.558 75
1220.636 65
1220.715 59
1220.794 55
1220.873 58
1220.952 56
1221.031 55
1221.109 55
1221.188 51
1221.267 50
1221.346 44
1221.425 40
1221.504 39
1221.582 40
1221.661 42
1221.740 44
1221.819 45
1221.898 52
1221.977 57
1222.056 62
1222.134 63
1222.213 61
1222.292 59
1222.371 54
1222.450 54
1222.529 52
1222.608 48
1222.687 49
1222.766 58
1222.844 64
1222.923 72
1223.002 67
1223.081 64
1223.160 57
1223.239 52
1223.318 60
1223.397 63
1223.476 68
1223.555 80
1223.634 106
1223.712 125
1223.791 145
1223.870 165
1223.949 161
1224.028 158
1224.107 153
1224.186 147
1224.265 145
1224.344 145
1224.423 150
1224.502 160
1224.581 183
1224.660 209
1224.739 230
1224.818 245
1224.897 244
1224.976 235
1225.054 226
1225.133 212
1225.212 197
1225.291 180
1225.370 169
1225.449 163
1225.528 168
1225.607 172
1225.686 175
1225.765 183
1225.844 194
1225.923 202
1226.002 207
1226.081 204
1226.160 188
1226.239 180
1226.318 171
1226.397 164
1226.476 152
1226.555 138
1226.634 125
1226.713 116
1226.792 121
1226.871 128
1226.950 131
1227.029 134
1227.109 136
1227.188 138
1227.267 133
1227.346 133
1227.425 123
1227.504 114
1227.583 108
1227.662 99
1227.741 106
1227.820 109
1227.899 110
1227.978 108
1228.057 107
1228.136 112
1228.215 110
1228.294 106
1228.373 95
1228.452 88
1228.532 84
1228.611 76
1228.690 79
1228.769 77
1228.848 73
1228.927 69
1229.006 72
1229.085 74
1229.164 74
1229.243 80
1229.322 82
1229.402 86
1229.481 93
1229.560 91
1229.639 88
1229.718 83
1229.797 78
1229.876 71
1229.955 67
1230.035 63
1230.114 61
1230.193 54
1230.272 55
1230.351 53
1230.430 49
1230.509 46
1230.589 49
1230.668 48
1230.747 48
1230.826 52
1230.905 45
1230.984 48
1231.063 47
1231.143 50
1231.222 56
1231.301 58
1231.380 61
1231.459 66
1231.538 67
1231.618 68
1231.697 67
1231.776 68
1231.855 74
1231.934 85
1232.014 91
1232.093 97
1232.172 99
1232.251 92
1232.330 89
1232.410 86
1232.489 87
1232.568 83
1232.647 75
1232.726 68
1232.806 66
1232.885 64
1232.964 64
1233.043 67
1233.123 62
1233.202 60
1233.281 62
1233.360 60
1233.440 66
1233.519 73
1233.598 74
1233.677 77
1233.756 79
1233.836 74
1233.915 75
1233.994 72
1234.074 70
1234.153 73
1234.232 73
1234.311 72
1234.391 70
1234.470 66
1234.549 63
1234.628 57
1234.708 53
1234.787 55
1234.866 53
1234.946 48
1235.025 47
1235.104 49
1235.183 50
1235.263 57
1235.342 56
1235.421 55
1235.501 50
1235.580 52
1235.659 54
1235.739 54
1235.818 59
1235.897 56
1235.977 55
1236.056 55
1236.135 60
1236.215 70
1236.294 68
1236.373 68
1236.453 67
1236.532 63
1236.611 62
1236.691 63
1236.770 54
1236.849 54
1236.929 56
1237.008 55
1237.087 58
1237.167 66
1237.246 69
1237.325 77
1237.405 84
1237.484 85
1237.564 74
1237.643 67
1237.722 59
1237.802 59
1237.881 57
1237.960 55
1238.040 56
1238.119 53
1238.199 55
1238.278 59
1238.357 63
1238.437 68
1238.516 68
1238.596 70
1238.675 66
1238.754 63
1238.834 68
1238.913 70
1238.993 70
1239.072 70
1239.152 71
1239.231 69
1239.310 69
1239.390 70
1239.469 66
1239.549 64
1239.628 63
1239.708 56
1239.787 55
1239.867 55
1239.946 54
1240.025 60
1240.105 54
1240.184 52
1240.264 50
1240.343 56
1240.423 57
1240.502 55
1240.582 58
1240.661 58
1240.741 59
1240.820 60
1240.900 56
1240.979 65
1241.059 72
1241.138 77
1241.218 76
1241.297 80
1241.377 87
1241.456 90
1241.536 92
1241.615 94
1241.695 83
1241.774 78
1241.854 78
1241.933 67
1242.013 69
1242.092 71
1242.172 70
1242.251 65
1242.331 57
1242.410 53
1242.490 48
1242.569 44
1242.649 45
1242.728 43
1242.808 43
1242.887 39
1242.967 41
1243.047 41
1243.126 38
1243.206 37
1243.285 38
1243.365 42
1243.444 47
1243.524 53
1243.604 60
1243.683 63
1243.763 62
1243.842 72
1243.922 68
1244.001 62
1244.081 56
1244.161 40
1244.240 38
1244.320 40
1244.399 42
1244.479 49
1244.559 45
1244.638 45
1244.718 48
1244.797 53
1244.877 60
1244.957 63
1245.036 68
1245.116 71
1245.196 72
1245.275 68
1245.355 67
1245.434 61
1245.514 54
1245.594 58
1245.673 58
1245.753 62
1245.833 65
1245.912 67
1245.992 62
1246.072 61
1246.151 61
1246.231 56
1246.310 57
1246.390 55
1246.470 55
1246.549 55
1246.629 60
1246.709 62
1246.788 63
1246.868 68
1246.948 72
1247.028 73
1247.107 73
1247.187 77
1247.267 79
1247.346 80
1247.426 85
1247.506 88
1247.585 98
1247.665 125
1247.745 161
1247.824 192
1247.904 227
1247.984 242
1248.064 221
1248.143 204
1248.223 188
1248.303 179
1248.383 175
1248.462 175
1248.542 171
1248.622 179
1248.701 217
1248.781 243
1248.861 275
1248.941 282
1249.020 269
1249.100 258
1249.180 241
1249.260 230
1249.339 218
1249.419 209
1249.499 200
1249.579 193
1249.658 210
1249.738 218
1249.818 228
1249.898 242
1249.978 233
1250.057 232
1250.137 222
1250.217 216
1250.297 202
1250.377 184
1250.456 167
1250.536 151
1250.616 150
1250.696 148
1250.775 150
1250.855 148
1250.935 139
1251.015 141
1251.095 137
1251.175 139
1251.254 127
1251.334 112
1251.414 102
1251.494 93
1251.574 95
1251.654 95
1251.733 96
1251.813 101
1251.893 102
1251.973 102
1252.053 101
1252.133 92
1252.212 85
1252.292 82
1252.372 83
1252.452 79
1252.532 84
1252.612 87
1252.692 84
1252.771 85
1252.851 81
1252.931 79
1253.011 75
1253.091 72
1253.171 70
1253.251 69
1253.331 65
1253.410 64
1253.490 58
1253.570 59
1253.650 56
1253.730 52
1253.810 60
1253.890 52
1253.970 48
1254.050 46
1254.130 41
1254.209 41
1254.289 47
1254.369 54
1254.449 55
1254.529 56
1254.609 53
1254.689 48
1254.769 44
1254.849 43
1254.929 40
1255.009 37
1255.089 39
1255.169 41
1255.249 42
1255.329 47
1255.409 49
1255.488 54
1255.568 57
1255.648 57
1255.728 59
1255.808 60
1255.888 62
1255.968 66
1256.048 66
1256.128 68
1256.208 62
1256.288 62
1256.368 67
1256.448 71
1256.528 71
1256.608 66
1256.688 65
1256.768 65
1256.848 63
1256.928 65
1257.008 65
1257.088 59
1257.168 54
1257.248 53
1257.328 49
1257.408 49
1257.488 52
1257.568 59
1257.648 56
1257.728 53
1257.808 52
1257.888 55
1257.968 54
1258.048 54
1258.128 55
1258.209 59
1258.289 58
1258.369 55
1258.449 48
1258.529 41
1258.609 42
1258.689 47
1258.769 50
1258.849 54
1258.929 52
1259.009 50
1259.089 49
1259.169 40
1259.249 39
1259.329 40
1259.410 44
1259.490 52
1259.570 57
1259.650 57
1259.730 58
1259.810 52
1259.890 48
1259.970 48
1260.050 47
1260.130 48
1260.210 47
1260.291 50
1260.371 44
1260.451 44
1260.531 44
1260.611 47
1260.691 50
1260.771 53
1260.851 53
1260.932 53
1261.012 53
1261.092 50
1261.172 47
1261.252 43
1261.332 42
1261.412 41
1261.493 47
1261.573 47
1261.653 51
1261.733 51
1261.813 58
1261.893 58
1261.974 55
1262.054 47
1262.134 42
1262.214 40
1262.294 40
1262.374 48
1262.455 43
1262.535 42
1262.615 39
1262.695 35
1262.775 37
1262.856 41
1262.936 46
1263.016 52
1263.096 49
1263.176 49
1263.257 48
1263.337 44
1263.417 42
1263.497 39
1263.577 38
1263.658 36
1263.738 44
1263.818 50
1263.898 54
1263.979 60
1264.059 65
1264.139 69
1264.219 75
1264.299 77
1264.380 71
1264.460 68
1264.540 67
1264.620 64
1264.701 68
1264.781 73
1264.861 71
1264.941 73
1265.022 66
1265.102 64
1265.182 65
1265.263 66
1265.343 62
1265.423 59
1265.503 60
1265.584 55
1265.664 55
1265.744 55
1265.825 51
1265.905 55
1265.985 55
1266.065 61
1266.146 64
1266.226 59
1266.306 55
1266.387 55
1266.467 52
1266.547 57
1266.628 58
1266.708 59
1266.788 62
1266.869 58
1266.949 60
1267.029 59
1267.110 55
1267.190 53
1267.270 54
1267.351 50
1267.431 53
1267.511 47
1267.592 41
1267.672 38
1267.752 34
1267.833 29
1267.913 31
1267.993 34
1268.074 35
1268.154 38
1268.234 37
1268.315 37
1268.395 41
1268.476 36
1268.556 36
1268.636 38
1268.717 43
1268.797 45
1268.877 45
1268.958 46
1269.038 43
1269.119 45
1269.199 46
1269.279 47
1269.360 46
1269.440 44
1269.521 45
1269.601 45
1269.681 47
1269.762 50
1269.842 52
1269.923 53
1270.003 53
1270.084 57
1270.164 55
1270.244 52
1270.325 52
1270.405 48
1270.486 46
1270.566 48
1270.647 54
1270.727 54
1270.808 50
1270.888 52
1270.968 52
1271.049 47
1271.129 52
1271.210 53
1271.290 55
1271.371 63
1271.451 83
1271.532 102
1271.612 121
1271.693 145
1271.773 160
1271.854 178
1271.934 199
1272.015 207
1272.095 192
1272.176 181
1272.256 170
1272.337 157
1272.417 170
1272.498 173
1272.578 177
1272.659 189
1272.739 205
1272.820 217
1272.900 232
1272.981 237
1273.061 237
1273.142 227
1273.222 212
1273.303 207
1273.383 204
1273.464 208
1273.544 207
1273.625 203
1273.705 192
1273.786 189
1273.867 182
1273.947 177
1274.028 175
1274.108 170
1274.189 169
1274.269 169
1274.350 164
1274.430 158
1274.511 151
1274.592 145
1274.672 136
1274.753 124
1274.833 114
1274.914 103
1274.995 97
1275.075 91
1275.156 88
1275.236 80
1275.317 74
1275.397 79
1275.478 86
1275.559 92
1275.639 103
1275.720 108
1275.801 106
1275.881 105
1275.962 106
1276.042 103
1276.123 101
1276.204 98
1276.284 90
1276.365 86
1276.445 81
1276.526 75
1276.607 72
1276.687 74
1276.768 76
1276.849 81
1276.929 84
1277.010 87
1277.091 91
1277.171 82
1277.252 84
1277.333 83
1277.413 84
1277.494 86
1277.575 84
1277.655 83
1277.736 75
1277.817 78
1277.897 75
1277.978 71
1278.059 70
1278.139 61
1278.220 51
1278.301 46
1278.381 42
1278.462 36
1278.543 40
1278.624 41
1278.704 41
1278.785 46
1278.866 45
1278.946 47
1279.027 50
1279.108 49
1279.188 50
1279.269 47
1279.350 47
1279.431 57
1279.511 60
1279.592 63
1279.673 70
1279.754 67
1279.834 69
1279.915 73
1279.996 70
1280.077 70
1280.157 69
1280.238 72
1280.319 71
1280.400 73
1280.480 80
1280.561 76
1280.642 75
1280.723 72
1280.803 70
1280.884 68
1280.965 70
1281.046 66
1281.127 60
1281.207 62
1281.288 71
1281.369 68
1281.450 67
1281.530 61
1281.611 50
1281.692 53
1281.773 60
1281.854 64
1281.934 69
1282.015 72
1282.096 68
1282.177 66
1282.258 65
1282.339 64
1282.419 69
1282.500 71
1282.581 64
1282.662 62
1282.743 62
1282.824 58
1282.904 56
1282.985 54
1283.066 44
1283.147 43
1283.228 42
1283.309 38
1283.389 41
1283.470 45
1283.551 48
1283.632 48
1283.713 48
1283.794 45
1283.875 44
1283.956 40
1284.036 42
1284.117 42
1284.198 39
1284.279 44
1284.360 39
1284.441 39
1284.522 40
1284.603 41
1284.683 40
1284.764 43
1284.845 41
1284.926 38
1285.007 47
1285.088 45
1285.169 46
1285.250 48
1285.331 44
1285.412 43
1285.493 52
1285.574 52
1285.654 52
1285.735 50
1285.816 46
1285.897 38
1285.978 40
1286.059 53
1286.140 60
1286.221 70
1286.302 71
1286.383 72
1286.464 74
1286.545 82
1286.626 82
1286.707 79
1286.788 74
1286.869 72
1286.950 72
1287.031 76
1287.112 71
1287.193 74
1287.274 73
1287.354 66
1287.435 64
1287.516 60
1287.597 58
1287.678 63
1287.759 69
1287.840 68
1287.921 67
1288.002 66
1288.083 63
1288.164 62
1288.245 66
1288.326 61
1288.407 57
1288.488 51
1288.570 58
1288.651 64
1288.732 67
1288.813 74
1288.894 73
1288.975 69
1289.056 66
1289.137 66
1289.218 63
1289.299 68
1289.380 74
1289.461 78
1289.542 80
1289.623 79
1289.704 77
1289.785 75
1289.866 72
1289.947 68
1290.028 68
1290.109 68
1290.190 63
1290.272 66
1290.353 64
1290.434 57
1290.515 55
1290.596 55
1290.677 53
1290.758 58
1290.839 64
1290.920 66
1291.001 68
1291.082 71
1291.164 66
1291.245 64
1291.326 60
1291.407 59
1291.488 64
1291.569 64
1291.650 66
1291.731 57
1291.812 61
1291.894 57
1291.975 50
1292.056 44
1292.137 40
1292.218 45
1292.299 46
1292.380 52
1292.461 56
1292.543 58
1292.624 63
1292.705 75
1292.786 73
1292.867 72
1292.948 77
1293.030 66
1293.111 69
1293.192 65
1293.273 60
1293.354 52
1293.435 44
1293.517 44
1293.598 38
1293.679 36
1293.760 38
1293.841 40
1293.923 41
1294.004 48
1294.085 58
1294.166 61
1294.247 61
1294.329 65
1294.410 62
1294.491 58
1294.572 52
1294.653 45
1294.735 45
1294.816 45
1294.897 51
1294.978 53
1295.059 54
1295.141 60
1295.222 63
1295.303 73
1295.384 89
1295.466 98
1295.547 111
1295.628 139
1295.709 175
1295.791 208
1295.872 247
1295.953 262
1296.034 253
1296.116 241
1296.197 215
1296.278 207
1296.359 203
1296.441 200
1296.522 196
1296.603 204
1296.685 219
1296.766 244
1296.847 274
1296.928 291
1297.010 300
1297.091 295
1297.172 287
1297.254 281
1297.335 266
1297.416 248
1297.497 229
1297.579 219
1297.660 224
1297.741 241
1297.823 261
1297.904 270
1297.985 266
1298.067 253
1298.148 241
1298.229 222
1298.311 205
1298.392 189
1298.473 175
1298.555 160
1298.636 157
1298.717 155
1298.799 149
1298.880 153
1298.961 157
1299.043 162
1299.124 167
1299.205 178
1299.287 175
1299.368 168
1299.450 158
1299.531 142
1299.612 138
1299.694 136
1299.775 134
1299.856 127
1299.938 116
1300.019 112
1300.101 113
1300.182 115
1300.263 110
1300.345 106
1300.426 100
1300.508 84
1300.589 82
1300.670 76
1300.752 68
1300.833 62
1300.915 59
1300.996 65
1301.077 71
1301.159 77
1301.240 76
1301.322 71
1301.403 74
1301.485 70
1301.566 69
1301.647 75
1301.729 77
1301.810 83
1301.892 82
1301.973 80
1302.055 76
1302.136 77
1302.218 77
1302.299 75
1302.380 73
1302.462 67
1302.543 62
1302.625 60
1302.706 62
1302.788 66
1302.869 67
1302.951 66
1303.032 65
1303.114 63
1303.195 63
1303.277 62
1303.358 55
1303.440 49
1303.521 47
1303.603 45
1303.684 48
1303.766 46
1303.847 51
1303.929 56
1304.010 63
1304.092 72
1304.173 76
1304.255 81
1304.336 83
1304.418 85
1304.499 83
1304.581 81
1304.662 79
1304.744 67
1304.825 63
1304.907 60
1304.989 62
1305.070 68
1305.152 70
1305.233 71
1305.315 67
1305.396 72
1305.478 66
1305.559 68
1305.641 67
1305.723 59
1305.804 55
1305.886 49
1305.967 43
1306.049 37
1306.130 33
1306.212 32
1306.294 29
1306.375 29
1306.457 32
1306.538 35
1306.620 38
1306.702 38
1306.783 44
1306.865 43
1306.946 46
1307.028 44
1307.110 46
1307.191 53
1307.273 62
1307.354 66
1307.436 70
1307.518 69
1307.599 66
1307.681 66
1307.763 59
1307.844 50
1307.926 42
1308.007 35
1308.089 35
1308.171 37
1308.252 37
1308.334 42
1308.416 44
1308.497 43
1308.579 44
1308.661 37
1308.742 41
1308.824 43
1308.906 47
1308.987 42
1309.069 42
1309.151 40
1309.232 38
1309.314 38
1309.396 39
1309.477 43
1309.559 40
1309.641 42
1309.722 37
1309.804 36
1309.886 35
1309.968 30
1310.049 42
1310.131 47
1310.213 57
1310.294 66
1310.376 68
1310.458 68
1310.540 67
1310.621 67
1310.703 63
1310.785 63
1310.866 65
1310.948 76
1311.030 76
1311.112 75
1311.193 73
1311.275 62
1311.357 68
1311.439 74
1311.520 84
1311.602 84
1311.684 90
1311.766 94
1311.847 93
1311.929 103
1312.011 96
1312.093 88
1312.174 79
1312.256 69
1312.338 65
1312.420 60
1312.502 55
1312.583 45
1312.665 48
1312.747 52
1312.829 53
1312.910 53
1312.992 48
1313.074 47
1313.156 49
1313.238 51
1313.320 50
1313.401 49
1313.483 46
1313.565 46
1313.647 46
1313.729 44
1313.810 43
1313.892 38
1313.974 40
1314.056 42
1314.138 41
1314.220 38
1314.301 42
1314.383 42
1314.465 46
1314.547 45
1314.629 44
1314.711 48
1314.792 49
1314.874 63
1314.956 67
1315.038 71
1315.120 80
1315.202 84
1315.284 79
1315.366 76
1315.447 72
1315.529 62
1315.611 61
1315.693 58
1315.775 52
1315.857 49
1315.939 52
1316.021 53
1316.102 51
1316.184 56
1316.266 52
1316.348 53
1316.430 56
1316.512 62
1316.594 59
1316.676 58
1316.758 50
1316.840 43
1316.922 37
1317.003 35
1317.085 37
1317.167 34
1317.249 37
1317.331 36
1317.413 36
1317.495 39
1317.577 43
1317.659 49
1317.741 53
1317.823 55
1317.905 56
1317.987 50
1318.069 46
1318.151 40
1318.233 39
1318.315 40
1318.397 39
1318.479 42
1318.561 43
1318.642 46
1318.724 50
1318.806 53
1318.888 53
1318.970 49
1319.052 42
1319.134 41
1319.216 38
1319.298 39
1319.380 46
1319.462 61
1319.544 94
1319.626 126
1319.708 160
1319.790 191
1319.872 205
1319.954 215
1320.036 226
1320.118 225
1320.201 210
1320.283 198
1320.365 181
1320.447 178
1320.529 211
1320.611 238
1320.693 267
1320.775 297
1320.857 314
1320.939 325
1321.021 341
1321.103 327
1321.185 303
1321.267 284
1321.349 260
1321.431 255
1321.513 255
1321.595 249
1321.677 243
1321.759 237
1321.842 249
1321.924 253
1322.006 255
1322.088 260
1322.170 231
1322.252 212
1322.334 189
1322.416 161
1322.498 154
1322.580 154
1322.662 157
1322.745 161
1322.827 175
1322.909 180
1322.991 184
1323.073 178
1323.155 176
1323.237 171
1323.319 163
1323.401 160
1323.484 160
1323.566 170
1323.648 181
1323.730 182
1323.812 181
1323.894 172
1323.976 162
1324.059 157
1324.141 148
1324.223 138
1324.305 126
1324.387 116
1324.469 116
1324.552 112
1324.634 110
1324.716 102
1324.798 95
1324.880 94
1324.962 92
1325.045 86
1325.127 84
1325.209 83
1325.291 80
1325.373 78
1325.455 77
1325.538 74
1325.620 67
1325.702 68
1325.784 66
1325.866 65
1325.949 61
1326.031 65
1326.113 63
1326.195 63
1326.277 66
1326.360 63
1326.442 66
1326.524 71
1326.606 73
1326.689 79
1326.771 80
1326.853 79
1326.935 77
1327.018 75
1327.100 71
1327.182 71
1327.264 69
1327.347 64
1327.429 61
1327.511 54
1327.593 48
1327.676 48
1327.758 47
1327.840 57
1327.922 65
1328.005 75
1328.087 79
1328.169 78
1328.251 79
1328.334 83
1328.416 76
1328.498 70
1328.581 72
1328.663 64
1328.745 63
1328.827 61
1328.910 56
1328.992 56
1329.074 59
1329.157 64
1329.239 66
1329.321 67
1329.404 71
1329.486 75
1329.568 78
1329.651 77
1329.733 80
1329.815 71
1329.898 61
1329.980 55
1330.062 47
1330.145 42
1330.227 43
1330.309 37
1330.392 43
1330.474 42
1330.556 45
1330.639 51
1330.721 48
1330.803 50
1330.886 53
1330.968 58
1331.050 62
1331.133 63
1331.215 65
1331.298 65
1331.380 59
1331.462 58
1331.545 53
1331.627 50
1331.709 49
1331.792 48
1331.874 55
1331.957 54
1332.039 60
1332.121 60
1332.204 59
1332.286 64
1332.369 60
1332.451 54
1332.533 48
1332.616 42
1332.698 42
1332.781 48
1332.863 52
1332.946 59
1333.028 57
1333.110 50
1333.193 46
1333.275 43
1333.358 44
1333.440 42
1333.523 40
1333.605 36
1333.688 38
1333.770 43
1333.852 51
1333.935 56
1334.017 58
1334.100 58
1334.182 65
1334.265 73
1334.347 83
1334.430 86
1334.512 84
1334.595 85
1334.677 78
1334.760 76
1334.842 75
1334.925 66
1335.007 62
1335.090 58
1335.172 55
1335.255 57
1335.337 58
1335.420 58
1335.502 54
1335.585 51
1335.667 49
1335.750 48
1335.832 45
1335.915 35
1335.997 45
1336.080 46
1336.162 51
1336.245 48
1336.327 48
1336.410 54
1336.492 62
1336.575 69
1336.657 73
1336.740 76
1336.823 74
1336.905 83
1336.988 86
1337.070 87
1337.153 86
1337.235 88
1337.318 90
1337.400 95
1337.483 102
1337.566 99
1337.648 96
1337.731 92
1337.813 86
1337.896 73
1337.978 76
1338.061 70
1338.144 63
1338.226 60
1338.309 56
1338.391 56
1338.474 55
1338.557 56
1338.639 51
1338.722 51
1338.804 49
1338.887 44
1338.970 39
1339.052 37
1339.135 38
1339.218 36
1339.300 43
1339.383 44
1339.465 45
1339.548 50
1339.631 55
1339.713 55
1339.796 54
1339.879 62
1339.961 57
1340.044 58
1340.127 62
1340.209 54
1340.292 46
1340.375 45
1340.457 40
1340.540 30
1340.623 33
1340.705 36
1340.788 37
1340.871 42
1340.953 40
1341.036 45
1341.119 46
1341.201 45
1341.284 43
1341.367 40
1341.449 42
1341.532 46
1341.615 41
1341.697 45
1341.780 49
1341.863 55
1341.946 62
1342.028 63
1342.111 63
1342.194 58
1342.276 61
1342.359 55
1342.442 48
1342.525 49
1342.607 41
1342.690 43
1342.773 48
1342.855 52
1342.938 57
1343.021 52
1343.104 48
1343.186 50
1343.269 60
1343.352 75
1343.435 91
1343.517 104
1343.600 134
1343.683 161
1343.766 192
1343.849 219
1343.931 228
1344.014 235
1344.097 240
1344.180 245
1344.262 241
1344.345 235
1344.428 227
1344.511 223
1344.594 255
1344.676 284
1344.759 311
1344.842 333
1344.925 345
1345.008 346
1345.090 348
1345.173 349
1345.256 318
1345.339 292
1345.422 263
1345.504 242
1345.587 235
1345.670 240
1345.753 248
1345.836 243
1345.919 249
1346.001 242
1346.084 239
1346.167 228
1346.250 216
1346.333 207
1346.416 201
1346.498 204
1346.581 207
1346.664 205
1346.747 198
1346.830 192
1346.913 190
1346.996 198
1347.078 199
1347.161 204
1347.244 202
1347.327 198
1347.410 191
1347.493 181
1347.576 187
1347.659 181
1347.742 176
1347.824 167
1347.907 158
1347.990 156
1348.073 152
1348.156 149
1348.239 145
1348.322 141
1348.405 135
1348.488 126
1348.571 115
1348.653 109
1348.736 104
1348.819 99
1348.902 91
1348.985 86
1349.068 80
1349.151 78
1349.234 77
1349.317 78
1349.400 80
1349.483 76
1349.566 81
1349.649 81
1349.732 80
1349.815 89
1349.898 90
1349.981 87
1350.064 91
1350.146 98
1350.229 92
1350.312 92
1350.395 85
1350.478 77
1350.561 80
1350.644 77
1350.727 70
1350.810 69
1350.893 73
1350.976 73
1351.059 70
1351.142 69
1351.225 64
1351.308 60
1351.391 65
1351.474 63
1351.557 63
1351.640 61
1351.723 57
1351.806 61
1351.889 67
1351.972 75
1352.055 81
1352.138 82
1352.221 84
1352.304 84
1352.387 82
1352.471 85
1352.554 85
1352.637 78
1352.720 69
1352.803 62
1352.886 62
1352.969 65
1353.052 73
1353.135 72
1353.218 65
1353.301 62
1353.384 58
1353.467 57
1353.550 57
1353.633 61
1353.716 59
1353.799 59
1353.883 56
1353.966 55
1354.049 52
1354.132 46
1354.215 49
1354.298 46
1354.381 46
1354.464 49
1354.547 49
1354.630 51
1354.714 56
1354.797 59
1354.880 59
1354.963 62
1355.046 62
1355.129 70
1355.212 63
1355.295 60
1355.378 55
1355.462 42
1355.545 43
1355.628 44
1355.711 45
1355.794 49
1355.877 55
1355.960 58
1356.044 61
1356.127 56
1356.210 59
1356.293 57
1356.376 56
1356.459 62
1356.543 60
1356.626 60
1356.709 59
1356.792 57
1356.875 57
1356.958 57
1357.042 50
1357.125 49
1357.208 52
1357.291 56
1357.374 61
1357.458 70
1357.541 77
1357.624 82
1357.707 86
1357.790 94
1357.874 90
1357.957 94
1358.040 95
1358.123 84
1358.206 80
1358.290 66
1358.373 61
1358.456 52
1358.539 54
1358.622 55
1358.706 55
1358.789 60
1358.872 64
1358.955 64
1359.039 65
1359.122 68
1359.205 75
1359.288 80
1359.372 89
1359.455 93
1359.538 89
1359.621 90
1359.705 91
1359.788 85
1359.871 81
1359.954 80
1360.038 76
1360.121 78
1360.204 85
1360.288 90
1360.371 95
1360.454 102
1360.537 106
1360.621 112
1360.704 117
1360.787 119
1360.871 119
1360.954 114
1361.037 107
1361.121 102
1361.204 96
1361.287 95
1361.370 96
1361.454 95
1361.537 90
1361.620 85
1361.704 80
1361.787 75
1361.870 76
1361.954 73
1362.037 69
1362.120 64
1362.204 65
1362.287 67
1362.370 73
1362.454 79
1362.537 79
1362.621 80
1362.704 83
1362.787 90
1362.871 88
1362.954 85
1363.037 77
1363.121 71
1363.204 71
1363.287 70
1363.371 68
1363.454 69
1363.538 71
1363.621 73
1363.704 74
1363.788 73
1363.871 79
1363.955 78
1364.038 77
1364.121 73
1364.205 67
1364.288 72
1364.372 75
1364.455 77
1364.538 79
1364.622 78
1364.705 78
1364.789 81
1364.872 81
1364.955 82
1365.039 85
1365.122 79
1365.206 72
1365.289 65
1365.373 58
1365.456 49
1365.540 50
1365.623 54
1365.706 55
1365.790 61
1365.873 63
1365.957 64
1366.040 68
1366.124 68
1366.207 66
1366.291 63
1366.374 65
1366.458 65
1366.541 67
1366.625 69
1366.708 69
1366.792 65
1366.875 72
1366.958 73
1367.042 71
1367.125 78
1367.209 77
1367.292 78
1367.376 81
1367.459 97
1367.543 124
1367.626 152
1367.710 181
1367.794 202
1367.877 211
1367.961 218
1368.044 222
1368.128 225
1368.211 209
1368.295 196
1368.378 186
1368.462 184
1368.545 216
1368.629 245
1368.712 274
1368.796 289
1368.879 294
1368.963 296
1369.047 298
1369.130 300
1369.214 291
1369.297 278
1369.381 261
1369.464 256
1369.548 268
1369.631 282
1369.715 296
1369.799 293
1369.882 286
1369.966 275
1370.049 260
1370.133 250
1370.217 230
1370.300 212
1370.384 185
1370.467 167
1370.551 170
1370.635 176
1370.718 186
1370.802 191
1370.885 206
1370.969 206
1371.053 211
1371.136 209
1371.220 197
1371.303 200
1371.387 195
1371.471 187
1371.554 186
1371.638 180
1371.722 175
1371.805 171
1371.889 166
1371.973 160
1372.056 158
1372.140 154
1372.223 144
1372.307 133
1372.391 117
1372.474 104
1372.558 94
1372.642 94
1372.725 94
1372.809 98
1372.893 104
1372.976 102
1373.060 102
1373.144 95
1373.227 89
1373.311 83
1373.395 79
1373.479 76
1373.562 67
1373.646 70
1373.730 66
1373.813 67
1373.897 64
1373.981 65
1374.064 68
1374.148 81
1374.232 79
1374.316 79
1374.399 78
1374.483 80
1374.567 84
1374.650 80
1374.734 81
1374.818 76
1374.902 75
1374.985 78
1375.069 80
1375.153 80
1375.237 75
1375.320 77
1375.404 73
1375.488 78
1375.572 80
1375.655 81
1375.739 79
1375.823 74
1375.907 71
1375.990 66
1376.074 62
1376.158 55
1376.242 55
1376.326 55
1376.409 56
1376.493 63
1376.577 65
1376.661 73
1376.744 77
1376.828 74
1376.912 83
1376.996 85
1377.080 91
1377.163 91
1377.247 99
1377.331 92
1377.415 87
1377.499 82
1377.583 77
1377.666 78
1377.750 76
1377.834 81
1377.918 78
1378.002 76
1378.086 77
1378.169 76
1378.253 78
1378.337 81
1378.421 87
1378.505 87
1378.589 85
1378.672 81
1378.756 74
1378.840 72
1378.924 62
1379.008 59
1379.092 55
1379.176 48
1379.259 50
1379.343 49
1379.427 54
1379.511 49
1379.595 47
1379.679 46
1379.763 46
1379.847 46
1379.930 43
1380.014 42
1380.098 37
1380.182 39
1380.266 37
1380.350 36
1380.434 35
1380.518 36
1380.602 40
1380.686 41
1380.770 44
1380.853 51
1380.937 53
1381.021 54
1381.105 59
1381.189 56
1381.273 55
1381.357 55
1381.441 54
1381.525 58
1381.609 60
1381.693 60
1381.777 56
1381.861 53
1381.945 53
1382.029 61
1382.113 65
1382.197 69
1382.280 71
1382.364 66
1382.448 63
1382.532 63
1382.616 56
1382.700 55
1382.784 51
1382.868 48
1382.952 52
1383.036 54
1383.120 59
1383.204 60
1383.288 57
1383.372 58
1383.456 59
1383.540 62
1383.624 63
1383.708 62
1383.792 59
1383.876 59
1383.960 64
1384.044 67
1384.128 72
1384.212 73
1384.296 70
1384.380 74
1384.464 77
1384.548 81
1384.632 85
1384.717 86
1384.801 82
1384.885 82
1384.969 84
1385.053 81
1385.137 79
1385.221 71
1385.305 78
1385.389 84
1385.473 89
1385.557 102
1385.641 109
1385.725 115
1385.809 118
1385.893 123
1385.977 120
1386.061 115
1386.146 112
1386.230 108
1386.314 103
1386.398 92
1386.482 90
1386.566 76
1386.650 80
1386.734 86
1386.818 91
1386.902 97
1386.987 95
1387.071 89
1387.155 81
1387.239 73
1387.323 69
1387.407 66
1387.491 60
1387.575 55
1387.659 57
1387.744 58
1387.828 56
1387.912 51
1387.996 47
1388.080 46
1388.164 50
1388.248 50
1388.333 44
1388.417 46
1388.501 44
1388.585 43
1388.669 47
1388.753 45
1388.838 46
1388.922 49
1389.006 43
1389.090 44
1389.174 44
1389.258 48
1389.343 55
1389.427 58
1389.511 57
1389.595 59
1389.679 58
1389.764 69
1389.848 79
1389.932 88
1390.016 90
1390.100 89
1390.185 92
1390.269 95
1390.353 99
1390.437 99
1390.521 93
1390.606 89
1390.690 83
1390.774 81
1390.858 82
1390.943 84
1391.027 81
1391.111 84
1391.195 84
1391.279 84
1391.364 105
1391.448 118
1391.532 130
1391.616 149
1391.701 165
1391.785 182
1391.869 210
1391.953 230
1392.038 229
1392.122 219
1392.206 208
1392.291 208
1392.375 219
1392.459 234
1392.543 247
1392.628 257
1392.712 286
1392.796 299
1392.881 318
1392.965 335
1393.049 315
1393.133 303
1393.218 287
1393.302 283
1393.386 286
1393.471 284
1393.555 281
1393.639 271
1393.724 287
1393.808 303
1393.892 322
1393.977 322
1394.061 313
1394.145 293
1394.230 276
1394.314 263
1394.398 256
1394.483 255
1394.567 250
1394.651 245
1394.736 242
1394.820 243
1394.904 246
1394.989 240
1395.073 234
1395.157 216
1395.242 198
1395.326 183
1395.410 166
1395.495 158
1395.579 156
1395.664 153
1395.748 156
1395.832 154
1395.917 151
1396.001 148
1396.085 145
1396.170 136
1396.254 133
1396.339 120
1396.423 109
1396.507 113
1396.592 119
1396.676 131
1396.761 136
1396.845 139
1396.929 143
1397.014 147
1397.098 136
1397.183 128
1397.267 117
1397.352 111
1397.436 116
1397.520 118
1397.605 121
1397.689 116
1397.774 121
1397.858 119
1397.943 119
1398.027 120
1398.112 107
1398.196 108
1398.280 106
1398.365 107
1398.449 115
1398.534 116
1398.618 116
1398.703 108
1398.787 106
1398.872 99
1398.956 91
1399.041 96
1399.125 87
1399.210 86
1399.294 88
1399.379 86
1399.463 85
1399.548 85
1399.632 86
1399.717 90
1399.801 95
1399.886 99
1399.970 101
1400.055 95
1400.139 92
1400.224 96
1400.308 96
1400.393 102
1400.477 98
1400.562 97
1400.646 103
1400.731 103
1400.815 98
1400.900 96
1400.984 93
1401.069 89
1401.153 86
1401.238 83
1401.323 80
1401.407 75
1401.492 75
1401.576 72
1401.661 70
1401.745 64
1401.830 62
1401.914 64
1401.999 62
1402.084 58
1402.168 62
1402.253 62
1402.337 67
1402.422 75
1402.507 80
1402.591 80
1402.676 79
1402.760 79
1402.845 75
1402.929 80
1403.014 83
1403.099 79
1403.183 84
1403.268 80
1403.353 75
1403.437 72
1403.522 77
1403.606 75
1403.691 82
1403.776 86
1403.860 81
1403.945 81
1404.029 84
1404.114 79
1404.199 82
1404.283 86
1404.368 90
1404.453 96
1404.537 94
1404.622 89
1404.707 88
1404.791 85
1404.876 80
1404.961 81
1405.045 81
1405.130 78
1405.215 80
1405.299 80
1405.384 80
1405.469 76
1405.553 74
1405.638 73
1405.723 73
1405.807 72
1405.892 80
1405.977 78
1406.061 72
1406.146 77
1406.231 78
1406.316 85
1406.400 92
1406.485 98
1406.570 93
1406.654 94
1406.739 89
1406.824 90
1406.909 88
1406.993 87
1407.078 88
1407.163 98
1407.247 103
1407.332 106
1407.417 115
1407.502 113
1407.586 111
1407.671 113
1407.756 115
1407.841 119
1407.925 116
1408.010 113
1408.095 107
1408.180 100
1408.264 92
1408.349 85
1408.434 80
1408.519 80
1408.603 93
1408.688 104
1408.773 111
1408.858 120
1408.943 112
1409.027 111
1409.112 108
1409.197 106
1409.282 106
1409.367 102
1409.451 98
1409.536 91
1409.621 98
1409.706 106
1409.791 114
1409.875 120
1409.960 125
1410.045 125
1410.130 125
1410.215 122
1410.299 123
1410.384 121
1410.469 121
1410.554 112
1410.639 100
1410.724 89
1410.808 78
1410.893 73
1410.978 73
1411.063 73
1411.148 70
1411.233 69
1411.318 69
1411.402 64
1411.487 63
1411.572 63
1411.657 69
1411.742 71
1411.827 73
1411.912 74
1411.996 72
1412.081 78
1412.166 89
1412.251 104
1412.336 110
1412.421 110
1412.506 104
1412.591 106
1412.676 101
1412.760 95
1412.845 93
1412.930 91
1413.015 84
1413.100 79
1413.185 76
1413.270 67
1413.355 66
1413.440 66
1413.525 63
1413.610 63
1413.695 75
1413.779 78
1413.864 83
1413.949 82
1414.034 76
1414.119 75
1414.204 74
1414.289 72
1414.374 71
1414.459 72
1414.544 75
1414.629 84
1414.714 84
1414.799 82
1414.884 81
1414.969 77
1415.054 75
1415.139 74
1415.224 78
1415.309 83
1415.394 109
1415.479 132
1415.564 153
1415.649 187
1415.734 207
1415.819 229
1415.904 254
1415.989 267
1416.074 250
1416.159 235
1416.244 219
1416.329 210
1416.414 213
1416.499 217
1416.584 214
1416.669 221
1416.754 237
1416.839 253
1416.924 266
1417.009 274
1417.094 272
1417.179 273
1417.264 270
1417.349 269
1417.434 271
1417.519 267
1417.604 261
1417.689 269
1417.774 269
1417.859 267
1417.944 272
1418.029 269
1418.114 272
1418.199 269
1418.284 255
1418.370 249
1418.455 235
1418.540 232
1418.625 228
1418.710 208
1418.795 200
1418.880 195
1418.965 195
1419.050 204
1419.135 205
1419.220 189
1419.305 172
1419.391 150
1419.476 144
1419.561 142
1419.646 138
1419.731 134
1419.816 133
1419.901 139
1419.986 142
1420.071 141
1420.157 144
1420.242 141
1420.327 141
1420.412 137
1420.497 137
1420.582 129
1420.667 122
1420.753 117
1420.838 117
1420.923 119
1421.008 123
1421.093 130
1421.178 127
1421.263 124
1421.349 124
1421.434 116
1421.519 111
1421.604 106
1421.689 101
1421.774 92
1421.860 81
1421.945 78
1422.030 73
1422.115 72
1422.200 71
1422.286 73
1422.371 72
1422.456 69
1422.541 70
1422.626 73
1422.712 73
1422.797 73
1422.882 69
1422.967 67
1423.052 67
1423.138 71
1423.223 69
1423.308 73
1423.393 76
1423.479 74
1423.564 74
1423.649 76
1423.734 80
1423.819 82
1423.905 83
1423.990 81
1424.075 82
1424.160 83
1424.246 88
1424.331 90
1424.416 93
1424.501 93
1424.587 98
1424.672 96
1424.757 95
1424.842 99
1424.928 91
1425.013 91
1425.098 89
1425.184 88
1425.269 96
1425.354 86
1425.439 78
1425.525 66
1425.610 53
1425.695 57
1425.781 63
1425.866 70
1425.951 74
1426.036 76
1426.122 82
1426.207 86
1426.292 97
1426.378 103
1426.463 113
1426.548 116
1426.634 109
1426.719 107
1426.804 108
1426.890 110
1426.975 117
1427.060 114
1427.146 105
1427.231 100
1427.316 94
1427.402 96
1427.487 95
1427.572 98
1427.658 104
1427.743 105
1427.828 111
1427.914 111
1427.999 104
1428.085 97
1428.170 89
1428.255 86
1428.341 93
1428.426 100
1428.511 104
1428.597 111
1428.682 111
1428.768 101
1428.853 94
1428.938 90
1429.024 80
1429.109 81
1429.195 79
1429.280 72
1429.365 81
1429.451 86
1429.536 92
1429.622 94
1429.707 102
1429.792 105
1429.878 110
1429.963 117
1430.049 119
1430.134 119
1430.220 113
1430.305 108
1430.390 100
1430.476 92
1430.561 86
1430.647 81
1430.732 71
1430.818 66
1430.903 63
1430.989 61
1431.074 62
1431.159 62
1431.245 62
1431.330 66
1431.416 68
1431.501 73
1431.587 74
1431.672 76
1431.758 78
1431.843 80
1431.929 85
1432.014 83
1432.100 85
1432.185 87
1432.271 87
1432.356 89
1432.442 88
1432.527 89
1432.613 88
1432.698 90
1432.784 105
1432.869 110
1432.955 118
1433.040 125
1433.126 124
1433.211 125
1433.297 119
1433.382 122
1433.468 114
1433.553 108
1433.639 100
1433.724 87
1433.810 83
1433.896 82
1433.981 81
1434.067 77
1434.152 85
1434.238 89
1434.323 93
1434.409 87
1434.494 86
1434.580 87
1434.666 86
1434.751 89
1434.837 87
1434.922 89
1435.008 91
1435.093 94
1435.179 101
1435.265 101
1435.350 99
1435.436 99
1435.521 100
1435.607 101
1435.693 106
1435.778 101
1435.864 101
1435.949 99
1436.035 93
1436.121 92
1436.206 93
1436.292 94
1436.377 96
1436.463 93
1436.549 90
1436.634 85
1436.720 79
1436.806 73
1436.891 64
1436.977 63
1437.062 59
1437.148 59
1437.234 61
1437.319 63
1437.405 72
1437.491 73
1437.576 73
1437.662 71
1437.748 72
1437.833 68
1437.919 67
1438.005 67
1438.090 62
1438.176 62
1438.262 64
1438.347 62
1438.433 60
1438.519 60
1438.604 60
1438.690 65
1438.776 68
1438.861 76
1438.947 81
1439.033 84
1439.119 89
1439.204 95
1439.290 113
1439.376 136
1439.461 154
1439.547 172
1439.633 187
1439.719 192
1439.804 207
1439.890 214
1439.976 199
1440.061 187
1440.147 177
1440.233 174
1440.319 182
1440.404 191
1440.490 203
1440.576 223
1440.662 246
1440.747 261
1440.833 278
1440.919 283
1441.005 274
1441.090 259
1441.176 241
1441.262 232
1441.348 231
1441.433 223
1441.519 215
1441.605 213
1441.691 208
1441.777 210
1441.862 210
1441.948 203
1442.034 190
1442.120 179
1442.206 162
1442.291 143
1442.377 136
1442.463 137
1442.549 144
1442.635 147
1442.720 167
1442.806 179
1442.892 196
1442.978 212
1443.064 199
1443.149 189
1443.235 175
1443.321 162
1443.407 156
1443.493 153
1443.579 151
1443.664 147
1443.750 147
1443.836 147
1443.922 143
1444.008 142
1444.094 129
1444.179 123
1444.265 119
1444.351 116
1444.437 107
1444.523 109
1444.609 113
1444.695 115
1444.781 117
1444.866 119
1444.952 121
1445.038 123
1445.124 126
1445.210 124
1445.296 124
1445.382 121
1445.468 120
1445.554 120
1445.639 121
1445.725 114
1445.811 113
1445.897 107
1445.983 97
1446.069 89
1446.155 83
1446.241 75
1446.327 69
1446.413 64
1446.499 57
1446.584 65
1446.670 75
1446.756 84
1446.842 84
1446.928 81
1447.014 85
1447.100 87
1447.186 87
1447.272 86
1447.358 84
1447.444 82
1447.530 81
1447.616 81
1447.702 79
1447.788 79
1447.874 76
1447.960 77
1448.046 76
1448.132 72
1448.218 71
1448.304 66
1448.390 58
1448.476 58
1448.561 58
1448.647 60
1448.733 64
1448.819 68
1448.905 76
1448.991 80
1449.077 83
1449.163 83
1449.249 79
1449.335 76
1449.422 74
1449.508 74
1449.594 74
1449.680 73
1449.766 69
1449.852 63
1449.938 58
1450.024 56
1450.110 54
1450.196 56
1450.282 58
1450.368 58
1450.454 59
1450.540 63
1450.626 72
1450.712 77
1450.798 85
1450.884 84
1450.970 85
1451.056 83
1451.142 81
1451.228 77
1451.314 76
1451.401 77
1451.487 72
1451.573 78
1451.659 82
1451.745 83
1451.831 82
1451.917 82
1452.003 75
1452.089 75
1452.175 77
1452.261 71
1452.347 75
1452.434 79
1452.520 82
1452.606 87
1452.692 99
1452.778 104
1452.864 109
1452.950 113
1453.036 111
1453.122 106
1453.209 94
1453.295 83
1453.381 79
1453.467 82
1453.553 85
1453.639 92
1453.725 93
1453.812 93
1453.898 93
1453.984 90
1454.070 89
1454.156 88
1454.242 86
1454.328 82
1454.415 90
1454.501 93
1454.587 91
1454.673 96
1454.759 96
1454.846 89
1454.932 82
1455.018 74
1455.104 68
1455.190 68
1455.276 72
1455.363 69
1455.449 68
1455.535 76
1455.621 79
1455.707 81
1455.794 85
1455.880 86
1455.966 85
1456.052 86
1456.138 82
1456.225 77
1456.311 78
1456.397 72
1456.483 70
1456.570 69
1456.656 69
1456.742 60
1456.828 58
1456.915 62
1457.001 63
1457.087 75
1457.173 84
1457.259 86
1457.346 91
1457.432 89
1457.518 88
1457.605 86
1457.691 85
1457.777 83
1457.863 77
1457.950 80
1458.036 79
1458.122 74
1458.208 76
1458.295 79
1458.381 80
1458.467 82
1458.554 78
1458.640 82
1458.726 82
1458.812 76
1458.899 82
1458.985 83
1459.071 78
1459.158 76
1459.244 73
1459.330 65
1459.417 58
1459.503 50
1459.589 43
1459.676 45
1459.762 47
1459.848 45
1459.934 52
1460.021 54
1460.107 60
1460.193 59
1460.280 58
1460.366 59
1460.453 60
1460.539 53
1460.625 54
1460.712 57
1460.798 62
1460.884 76
1460.971 80
1461.057 85
1461.143 91
1461.230 95
1461.316 93
1461.402 91
1461.489 86
1461.575 84
1461.662 84
1461.748 78
1461.834 75
1461.921 70
1462.007 69
1462.094 73
1462.180 78
1462.266 82
1462.353 76
1462.439 73
1462.526 68
1462.612 62
1462.698 68
1462.785 70
1462.871 76
1462.958 82
1463.044 84
1463.130 86
1463.217 88
1463.303 100
1463.390 128
1463.476 146
1463.563 168
1463.649 185
1463.736 201
1463.822 214
1463.908 226
1463.995 231
1464.081 217
1464.168 203
1464.254 188
1464.341 177
1464.427 183
1464.514 192
1464.600 197
1464.687 204
1464.773 217
1464.860 223
1464.946 227
1465.033 233
1465.119 228
1465.205 226
1465.292 219
1465.378 215
1465.465 214
1465.551 214
1465.638 221
1465.724 223
1465.811 225
1465.897 240
1465.984 242
1466.071 245
1466.157 234
1466.244 214
1466.330 197
1466.417 186
1466.503 186
1466.590 178
1466.676 173
1466.763 156
1466.849 147
1466.936 153
1467.022 158
1467.109 160
1467.195 163
1467.282 155
1467.369 150
1467.455 149
1467.542 144
1467.628 144
1467.715 150
1467.801 147
1467.888 145
1467.974 144
1468.061 141
1468.148 135
1468.234 131
1468.321 136
1468.407 138
1468.494 140
1468.581 139
1468.667 133
1468.754 120
1468.840 106
1468.927 102
1469.014 97
1469.100 91
1469.187 93
1469.273 97
1469.360 103
1469.447 105
1469.533 111
1469.620 102
1469.706 100
1469.793 104
1469.880 106
1469.966 111
1470.053 115
1470.140 115
1470.226 104
1470.313 105
1470.399 103
1470.486 100
1470.573 106
1470.659 109
1470.746 108
1470.833 114
1470.919 120
1471.006 124
1471.093 122
1471.179 115
1471.266 106
1471.353 107
1471.439 108
1471.526 110
1471.613 110
1471.699 105
1471.786 104
1471.873 102
1471.960 101
1472.046 99
1472.133 99
1472.220 100
1472.306 101
1472.393 95
1472.480 89
1472.566 81
1472.653 75
1472.740 76
1472.827 77
1472.913 78
1473.000 85
1473.087 90
1473.173 90
1473.260 93
1473.347 88
1473.434 80
1473.520 69
1473.607 62
1473.694 56
1473.781 58
1473.867 59
1473.954 56
1474.041 57
1474.128 55
1474.214 58
1474.301 66
1474.388 67
1474.475 70
1474.561 73
1474.648 78
1474.735 80
1474.822 83
1474.909 82
1474.995 86
1475.082 93
1475.169 93
1475.256 95
1475.342 96
1475.429 94
1475.516 107
1475.603 118
1475.690 123
1475.776 129
1475.863 126
1475.950 119
1476.037 114
1476.124 113
1476.211 111
1476.297 112
1476.384 114
1476.471 117
1476.558 127
1476.645 135
1476.731 150
1476.818 157
1476.905 162
1476.992 169
1477.079 174
1477.166 178
1477.253 181
1477.339 174
1477.426 167
1477.513 161
1477.600 168
1477.687 173
1477.774 181
1477.861 187
1477.947 189
1478.034 192
1478.121 192
1478.208 194
1478.295 185
1478.382 183
1478.469 178
1478.556 174
1478.642 184
1478.729 188
1478.816 193
1478.903 200
1478.990 199
1479.077 193
1479.164 193
1479.251 191
1479.338 192
1479.425 185
1479.511 182
1479.598 186
1479.685 180
1479.772 183
1479.859 188
1479.946 187
1480.033 181
1480.120 170
1480.207 160
1480.294 150
1480.381 149
1480.468 151
1480.555 149
1480.642 156
1480.729 148
1480.816 140
1480.903 138
1480.989 132
1481.076 126
1481.163 125
1481.250 122
1481.337 115
1481.424 126
1481.511 132
1481.598 134
1481.685 136
1481.772 141
1481.859 135
1481.946 131
1482.033 125
1482.120 113
1482.207 106
1482.294 97
1482.381 90
1482.468 82
1482.555 84
1482.642 83
1482.729 81
1482.816 86
1482.903 90
1482.990 87
1483.077 88
1483.164 80
1483.251 74
1483.338 70
1483.425 67
1483.512 66
1483.599 66
1483.687 70
1483.774 65
1483.861 61
1483.948 61
1484.035 60
1484.122 56
1484.209 60
1484.296 67
1484.383 73
1484.470 84
1484.557 91
1484.644 92
1484.731 98
1484.818 99
1484.905 98
1484.992 97
1485.080 93
1485.167 87
1485.254 84
1485.341 87
1485.428 82
1485.515 90
1485.602 86
1485.689 82
1485.776 83
1485.863 75
1485.950 74
1486.038 76
1486.125 78
1486.212 71
1486.299 76
1486.386 72
1486.473 74
1486.560 73
1486.647 80
1486.735 87
1486.822 97
1486.909 101
1486.996 101
1487.083 100
1487.170 99
1487.257 107
1487.345 126
1487.432 143
1487.519 165
1487.606 179
1487.693 185
1487.780 201
1487.868 215
1487.955 235
1488.042 226
1488.129 215
1488.216 207
1488.303 202
1488.391 217
1488.478 239
1488.565 265
1488.652 282
1488.739 305
1488.827 322
1488.914 343
1489.001 346
1489.088 325
1489.175 305
1489.263 283
1489.350 271
1489.437 265
1489.524 273
1489.611 276
1489.699 285
1489.786 294
1489.873 294
1489.960 300
1490.048 297
1490.135 289
1490.222 276
1490.309 265
1490.396 251
1490.484 247
1490.571 242
1490.658 233
1490.745 236
1490.833 238
1490.920 236
1491.007 231
1491.094 227
1491.182 218
1491.269 207
1491.356 197
1491.444 181
1491.531 182
1491.618 179
1491.705 181
1491.793 179
1491.880 171
1491.967 170
1492.055 171
1492.142 169
1492.229 169
1492.316 168
1492.404 172
1492.491 170
1492.578 176
1492.666 176
1492.753 168
1492.840 156
1492.928 154
1493.015 146
1493.102 139
1493.190 129
1493.277 124
1493.364 120
1493.452 120
1493.539 115
1493.626 119
1493.714 123
1493.801 133
1493.888 135
1493.976 134
1494.063 129
1494.150 121
1494.238 119
1494.325 113
1494.412 114
1494.500 114
1494.587 111
1494.674 122
1494.762 132
1494.849 140
1494.937 139
1495.024 134
1495.111 124
1495.199 116
1495.286 114
1495.373 112
1495.461 110
1495.548 114
1495.636 107
1495.723 96
1495.810 93
1495.898 83
1495.985 81
1496.073 83
1496.160 85
1496.248 83
1496.335 79
1496.422 84
1496.510 87
1496.597 92
1496.685 97
1496.772 93
1496.859 97
1496.947 106
1497.034 106
1497.122 106
1497.209 101
1497.297 90
1497.384 83
1497.472 80
1497.559 79
1497.647 78
1497.734 75
1497.821 75
1497.909 71
1497.996 72
1498.084 67
1498.171 69
1498.259 71
1498.346 72
1498.434 78
1498.521 82
1498.609 88
1498.696 91
1498.784 89
1498.871 81
1498.959 76
1499.046 76
1499.134 77
1499.221 80
1499.309 83
1499.396 86
1499.484 92
1499.571 99
1499.659 102
1499.746 107
1499.834 109
1499.921 109
1500.009 108
1500.096 110
1500.184 114
1500.271 119
1500.359 125
1500.446 126
1500.534 132
1500.622 146
1500.709 155
1500.797 169
1500.884 181
1500.972 179
1501.059 176
1501.147 177
1501.234 172
1501.322 165
1501.410 158
1501.497 147
1501.585 132
1501.672 138
1501.760 140
1501.847 141
1501.935 139
1502.023 126
1502.110 120
1502.198 112
1502.285 117
1502.373 115
1502.461 117
1502.548 122
1502.636 117
1502.723 118
1502.811 114
1502.899 110
1502.986 112
1503.074 106
1503.162 106
1503.249 102
1503.337 99
1503.424 114
1503.512 123
1503.600 133
1503.687 134
1503.775 140
1503.863 142
1503.950 141
1504.038 145
1504.125 145
1504.213 139
1504.301 132
1504.388 128
1504.476 118
1504.564 117
1504.651 113
1504.739 111
1504.827 107
1504.914 102
1505.002 97
1505.090 94
1505.177 92
1505.265 91
1505.353 90
1505.441 89
1505.528 94
1505.616 98
1505.704 103
1505.791 106
1505.879 102
1505.967 100
1506.054 97
1506.142 94
1506.230 89
1506.318 88
1506.405 87
1506.493 83
1506.581 83
1506.668 88
1506.756 89
1506.844 92
1506.932 98
1507.019 96
1507.107 95
1507.195 96
1507.283 88
1507.370 83
1507.458 84
1507.546 74
1507.634 78
1507.721 79
1507.809 78
1507.897 85
1507.985 84
1508.072 88
1508.160 94
1508.248 95
1508.336 96
1508.423 93
1508.511 89
1508.599 78
1508.687 78
1508.775 81
1508.862 87
1508.950 99
1509.038 104
1509.126 108
1509.214 111
1509.301 118
1509.389 120
1509.477 117
1509.565 108
1509.653 99
1509.740 89
1509.828 84
1509.916 81
1510.004 77
1510.092 73
1510.180 77
1510.267 82
1510.355 80
1510.443 84
1510.531 86
1510.619 88
1510.707 87
1510.794 97
1510.882 97
1510.970 100
1511.058 101
1511.146 106
1511.234 114
1511.322 124
1511.409 139
1511.497 155
1511.585 172
1511.673 196
1511.761 209
1511.849 208
1511.937 203
1512.025 192
1512.112 184
1512.200 179
1512.288 179
1512.376 182
1512.464 188
1512.552 214
1512.640 235
1512.728 265
1512.816 293
1512.903 289
1512.991 281
1513.079 272
1513.167 261
1513.255 263
1513.343 270
1513.431 271
1513.519 280
1513.607 283
1513.695 277
1513.783 274
1513.871 264
1513.959 242
1514.047 220
1514.134 207
1514.222 185
1514.310 176
1514.398 172
1514.486 165
1514.574 147
1514.662 154
1514.750 159
1514.838 164
1514.926 167
1515.014 173
1515.102 176
1515.190 178
1515.278 185
1515.366 186
1515.454 188
1515.542 195
1515.630 188
1515.718 186
1515.806 178
1515.894 169
1515.982 162
1516.070 155
1516.158 155
1516.246 156
1516.334 152
1516.422 150
1516.510 157
1516.598 158
1516.686 158
1516.774 155
1516.862 142
1516.950 134
1517.038 125
1517.126 117
1517.214 115
1517.302 113
1517.390 112
1517.478 116
1517.566 119
1517.654 123
1517.742 132
1517.831 128
1517.919 129
1518.007 125
1518.095 128
1518.183 134
1518.271 136
1518.359 138
1518.447 136
1518.535 144
1518.623 140
1518.711 131
1518.799 129
1518.887 124
1518.975 121
1519.064 121
1519.152 119
1519.240 117
1519.328 121
1519.416 129
1519.504 130
1519.592 129
1519.680 134
1519.768 128
1519.856 125
1519.945 120
1520.033 112
1520.121 109
1520.209 107
1520.297 102
1520.385 96
1520.473 91
1520.561 86
1520.650 82
1520.738 76
1520.826 70
1520.914 67
1521.002 75
1521.090 80
1521.179 85
1521.267 91
1521.355 95
1521.443 97
1521.531 100
1521.619 98
1521.707 94
1521.796 82
1521.884 74
1521.972 62
1522.060 59
1522.148 56
1522.237 53
1522.325 52
1522.413 49
1522.501 52
1522.589 55
1522.678 58
1522.766 56
1522.854 57
1522.942 55
1523.030 51
1523.119 55
1523.207 58
1523.295 58
1523.383 58
1523.471 61
1523.560 65
1523.648 71
1523.736 78
1523.824 85
1523.913 85
1524.001 87
1524.089 91
1524.177 92
1524.265 87
1524.354 84
1524.442 80
1524.530 74
1524.618 75
1524.707 73
1524.795 77
1524.883 77
1524.972 79
1525.060 81
1525.148 85
1525.236 89
1525.325 93
1525.413 101
1525.501 107
1525.589 111
1525.678 116
1525.766 121
1525.854 121
1525.943 122
1526.031 123
1526.119 128
1526.208 133
1526.296 130
1526.384 131
1526.472 134
1526.561 131
1526.649 131
1526.737 128
1526.826 128
1526.914 122
1527.002 123
1527.091 122
1527.179 116
1527.267 115
1527.356 112
1527.444 117
1527.532 117
1527.621 127
1527.709 121
1527.797 119
1527.886 110
1527.974 102
1528.062 103
1528.151 103
1528.239 107
1528.328 112
1528.416 112
1528.504 105
1528.593 104
1528.681 95
1528.769 93
1528.858 94
1528.946 95
1529.035 97
1529.123 100
1529.211 103
1529.300 111
1529.388 122
1529.476 128
1529.565 128
1529.653 125
1529.742 121
1529.830 118
1529.919 121
1530.007 124
1530.095 127
1530.184 121
1530.272 111
1530.361 106
1530.449 97
1530.537 98
1530.626 97
1530.714 97
1530.803 87
1530.891 87
1530.980 89
1531.068 83
1531.157 89
1531.245 92
1531.333 90
1531.422 89
1531.510 90
1531.599 91
1531.687 94
1531.776 102
1531.864 96
1531.953 92
1532.041 84
1532.130 85
1532.218 85
1532.307 74
1532.395 70
1532.484 61
1532.572 58
1532.661 55
1532.749 58
1532.838 57
1532.926 56
1533.015 69
1533.103 72
1533.192 77
1533.280 86
1533.369 81
1533.457 79
1533.546 79
1533.634 80
1533.723 75
1533.811 75
1533.900 71
1533.988 66
1534.077 67
1534.165 72
1534.254 73
1534.342 76
1534.431 79
1534.519 74
1534.608 74
1534.697 67
1534.785 64
1534.874 64
1534.962 63
1535.051 65
1535.139 72
1535.228 80
1535.316 90
1535.405 106
1535.494 127
1535.582 145
1535.671 167
1535.759 187
1535.848 193
1535.937 198
1536.025 202
1536.114 204
1536.202 208
1536.291 216
1536.379 221
1536.468 234
1536.557 246
1536.645 255
1536.734 274
1536.823 280
1536.911 274
1537.000 260
1537.088 240
1537.177 234
1537.266 217
1537.354 209
1537.443 197
1537.532 185
1537.620 197
1537.709 209
1537.797 220
1537.886 223
1537.975 227
1538.063 223
1538.152 224
1538.241 223
1538.329 217
1538.418 216
1538.507 212
1538.595 210
1538.684 215
1538.773 209
1538.861 212
1538.950 204
1539.039 194
1539.127 191
1539.216 184
1539.305 176
1539.393 164
1539.482 163
1539.571 159
1539.660 156
1539.748 170
1539.837 173
1539.926 172
1540.014 168
1540.103 155
1540.192 146
1540.280 139
1540.369 119
1540.458 117
1540.547 114
1540.635 107
1540.724 106
1540.813 98
1540.902 94
1540.990 97
1541.079 101
1541.168 106
1541.257 113
1541.345 116
1541.434 107
1541.523 103
1541.611 98
1541.700 96
1541.789 94
1541.878 104
1541.967 111
1542.055 120
1542.144 136
1542.233 148
1542.322 150
1542.410 149
1542.499 152
1542.588 137
1542.677 133
1542.766 132
1542.854 119
1542.943 117
1543.032 112
1543.121 105
1543.210 98
1543.298 99
1543.387 103
1543.476 106
1543.565 113
1543.654 111
1543.742 108
1543.831 104
1543.920 97
1544.009 88
1544.098 85
1544.186 83
1544.275 78
1544.364 78
1544.453 78
1544.542 81
1544.631 80
1544.720 78
1544.808 82
1544.897 83
1544.986 88
1545.075 83
1545.164 80
1545.253 77
1545.341 71
1545.430 70
1545.519 68
1545.608 68
1545.697 62
1545.786 62
1545.875 61
1545.964 62
1546.052 61
1546.141 63
1546.230 66
1546.319 69
1546.408 81
1546.497 82
1546.586 84
1546.675 89
1546.764 98
1546.853 99
1546.941 98
1547.030 99
1547.119 92
1547.208 93
1547.297 94
1547.386 94
1547.475 91
1547.564 94
1547.653 99
1547.742 104
1547.831 116
1547.920 109
1548.009 107
1548.098 105
1548.186 99
1548.275 95
1548.364 100
1548.453 104
1548.542 111
1548.631 122
1548.720 125
1548.809 127
1548.898 132
1548.987 130
1549.076 133
1549.165 134
1549.254 138
1549.343 141
1549.432 137
1549.521 139
1549.610 132
1549.699 131
1549.788 135
1549.877 136
1549.966 139
1550.055 142
1550.144 139
1550.233 136
1550.322 137
1550.411 145
1550.500 148
1550.589 157
1550.678 166
1550.767 171
1550.856 181
1550.945 191
1551.034 201
1551.123 191
1551.212 179
1551.301 160
1551.390 139
1551.479 131
1551.568 132
1551.657 130
1551.746 133
1551.835 148
1551.925 157
1552.014 169
1552.103 185
1552.192 180
1552.281 171
1552.370 161
1552.459 147
1552.548 145
1552.637 140
1552.726 136
1552.815 127
1552.904 113
1552.993 110
1553.083 110
1553.172 104
1553.261 99
1553.350 94
1553.439 89
1553.528 90
1553.617 93
1553.706 99
1553.795 97
1553.884 94
1553.974 97
1554.063 96
1554.152 98
1554.241 97
1554.330 97
1554.419 98
1554.508 98
1554.597 97
1554.687 93
1554.776 89
1554.865 84
1554.954 83
1555.043 79
1555.132 78
1555.221 72
1555.311 73
1555.400 83
1555.489 96
1555.578 108
1555.667 108
1555.756 106
1555.846 99
1555.935 98
1556.024 91
1556.113 89
1556.202 89
1556.291 92
1556.381 92
1556.470 93
1556.559 96
1556.648 92
1556.737 99
1556.827 92
1556.916 83
1557.005 72
1557.094 67
1557.183 62
1557.273 61
1557.362 60
1557.451 53
1557.540 55
1557.629 52
1557.719 51
1557.808 53
1557.897 58
1557.986 68
1558.076 77
1558.165 85
1558.254 95
1558.343 105
1558.433 109
1558.522 107
1558.611 99
1558.700 93
1558.790 89
1558.879 87
1558.968 91
1559.057 92
1559.147 93
1559.236 104
1559.325 120
1559.414 135
1559.504 151
1559.593 169
1559.682 166
1559.772 165
1559.861 166
1559.950 170
1560.039 174
1560.129 174
1560.218 176
1560.307 163
1560.397 166
1560.486 174
1560.575 173
1560.665 180
1560.754 182
1560.843 186
1560.933 188
1561.022 195
1561.111 183
1561.200 172
1561.290 160
1561.379 154
1561.468 163
1561.558 178
1561.647 189
1561.737 189
1561.826 198
1561.915 197
1562.005 199
1562.094 192
1562.183 189
1562.273 178
1562.362 162
1562.451 156
1562.541 154
1562.630 159
1562.719 158
1562.809 160
1562.898 156
1562.988 152
1563.077 153
1563.166 149
1563.256 153
1563.345 151
1563.434 146
1563.524 148
1563.613 143
1563.703 142
1563.792 139
1563.881 139
1563.971 134
1564.060 129
1564.150 121
1564.239 113
1564.329 118
1564.418 120
1564.507 113
1564.597 104
1564.686 95
1564.776 96
1564.865 99
1564.955 94
1565.044 104
1565.133 109
1565.223 112
1565.312 122
1565.402 121
1565.491 121
1565.581 124
1565.670 125
1565.760 120
1565.849 120
1565.938 117
1566.028 116
1566.117 112
1566.207 110
1566.296 111
1566.386 98
1566.475 94
1566.565 94
1566.654 89
1566.744 89
1566.833 87
1566.923 82
1567.012 80
1567.102 78
1567.191 79
1567.281 82
1567.370 77
1567.460 77
1567.549 83
1567.639 79
1567.728 82
1567.818 91
1567.907 89
1567.997 90
1568.086 92
1568.176 83
1568.265 82
1568.355 82
1568.445 81
1568.534 93
1568.624 96
1568.713 98
1568.803 88
1568.892 88
1568.982 83
1569.071 81
1569.161 86
1569.250 86
1569.340 93
1569.430 92
1569.519 95
1569.609 93
1569.698 90
1569.788 85
1569.877 77
1569.967 77
1570.057 71
1570.146 71
1570.236 70
1570.325 67
1570.415 70
1570.505 74
1570.594 74
1570.684 83
1570.773 92
1570.863 95
1570.953 105
1571.042 109
1571.132 112
1571.221 110
1571.311 105
1571.401 108
1571.490 98
1571.580 94
1571.670 95
1571.759 84
1571.849 84
1571.938 88
1572.028 86
1572.118 84
1572.207 89
1572.297 86
1572.387 86
1572.476 91
1572.566 93
1572.656 91
1572.745 89
1572.835 77
1572.925 68
1573.014 72
1573.104 76
1573.194 81
1573.283 83
1573.373 83
1573.463 79
1573.552 86
1573.642 82
1573.732 83
1573.821 86
1573.911 85
1574.001 91
1574.091 93
1574.180 94
1574.270 95
1574.360 95
1574.449 94
1574.539 88
1574.629 80
1574.719 74
1574.808 67
1574.898 60
1574.988 57
1575.077 63
1575.167 69
1575.257 76
1575.347 80
1575.436 75
1575.526 74
1575.616 73
1575.706 80
1575.795 78
1575.885 75
1575.975 67
1576.065 59
1576.154 62
1576.244 63
1576.334 64
1576.424 66
1576.513 63
1576.603 63
1576.693 63
1576.783 60
1576.873 58
1576.962 57
1577.052 60
1577.142 58
1577.232 62
1577.321 64
1577.411 67
1577.501 69
1577.591 74
1577.681 77
1577.771 74
1577.860 73
1577.950 73
1578.040 71
1578.130 67
1578.220 67
1578.309 62
1578.399 59
1578.489 56
1578.579 58
1578.669 58
1578.759 56
1578.848 57
1578.938 62
1579.028 58
1579.118 56
1579.208 58
1579.298 51
1579.387 54
1579.477 57
1579.567 54
1579.657 51
1579.747 54
1579.837 52
1579.927 51
1580.017 45
1580.106 48
1580.196 50
1580.286 51
1580.376 55
1580.466 50
1580.556 52
1580.646 53
1580.736 50
1580.825 54
1580.915 54
1581.005 56
1581.095 55
1581.185 50
1581.275 48
1581.365 47
1581.455 47
1581.545 53
1581.635 57
1581.725 59
1581.815 61
1581.904 57
1581.994 56
1582.084 64
1582.174 64
1582.264 70
1582.354 70
1582.444 76
1582.534 76
1582.624 75
1582.714 72
1582.804 71
1582.894 70
1582.984 73
1583.074 75
1583.164 71
1583.254 76
1583.344 88
1583.434 98
1583.524 106
1583.614 122
1583.704 128
1583.793 134
1583.883 144
1583.973 144
1584.063 146
1584.153 149
1584.243 148
1584.333 156
1584.423 174
1584.513 191
1584.603 207
1584.693 220
1584.783 216
1584.873 207
1584.963 204
1585.054 186
1585.144 177
1585.234 172
1585.324 162
1585.414 162
1585.504 161
1585.594 172
1585.684 186
1585.774 197
1585.864 196
1585.954 191
1586.044 183
1586.134 171
1586.224 169
1586.314 162
1586.404 154
1586.494 149
1586.584 152
1586.674 153
1586.764 146
1586.854 143
1586.944 125
1587.035 111
1587.125 103
1587.215 89
1587.305 87
1587.395 90
1587.485 91
1587.575 89
1587.665 101
1587.755 114
1587.845 125
1587.935 133
1588.026 130
1588.116 122
1588.206 119
1588.296 118
1588.386 110
1588.476 103
1588.566 97
1588.656 96
1588.746 93
1588.837 90
1588.927 86
1589.017 75
1589.107 76
1589.197 81
1589.287 82
1589.377 83
1589.468 90
1589.558 94
1589.648 104
1589.738 110
1589.828 116
1589.918 110
1590.008 108
1590.099 102
1590.189 98
1590.279 97
1590.369 96
1590.459 92
1590.550 94
1590.640 94
1590.730 95
1590.820 97
1590.910 95
1591.000 96
1591.091 94
1591.181 92
1591.271 85
1591.361 84
1591.451 81
1591.542 74
1591.632 70
1591.722 67
1591.812 63
1591.902 58
1591.993 57
1592.083 57
1592.173 58
1592.263 64
1592.354 73
1592.444 76
1592.534 74
1592.624 75
1592.715 69
1592.805 63
1592.895 58
1592.985 60
1593.076 57
1593.166 59
1593.256 63
1593.346 70
1593.437 79
1593.527 83
1593.617 90
1593.707 88
1593.798 90
1593.888 93
1593.978 92
1594.068 86
1594.159 79
1594.249 80
1594.339 74
1594.430 73
1594.520 72
1594.610 68
1594.700 70
1594.791 76
1594.881 81
1594.971 78
1595.062 77
1595.152 72
1595.242 65
1595.333 60
1595.423 57
1595.513 53
1595.604 51
1595.694 55
1595.784 61
1595.875 68
1595.965 76
1596.055 81
1596.146 88
1596.236 96
1596.326 103
1596.417 111
1596.507 117
1596.597 126
1596.688 130
1596.778 132
1596.868 132
1596.959 121
1597.049 119
1597.139 117
1597.230 114
1597.320 120
1597.411 119
1597.501 124
1597.591 131
1597.682 140
1597.772 144
1597.862 146
1597.953 152
1598.043 146
1598.134 145
1598.224 144
1598.314 135
1598.405 133
1598.495 137
1598.586 138
1598.676 143
1598.766 147
1598.857 137
1598.947 132
1599.038 131
1599.128 123
1599.219 120
1599.309 114
1599.399 104
1599.490 103
1599.580 99
1599.671 103
1599.761 110
1599.852 109
1599.942 116
1600.033 118
1600.123 118
1600.213 131
1600.304 124
1600.394 118
1600.485 107
1600.575 101
1600.666 97
1600.756 93
1600.847 87
1600.937 86
1601.028 83
1601.118 84
1601.209 86
1601.299 88
1601.390 82
1601.480 83
1601.571 83
1601.661 83
1601.752 85
1601.842 84
1601.933 86
1602.023 82
1602.114 86
1602.204 90
1602.295 96
1602.385 92
1602.476 94
1602.566 97
1602.657 90
1602.747 91
1602.838 97
1602.928 97
1603.019 96
1603.109 98
1603.200 90
1603.290 93
1603.381 93
1603.472 96
1603.562 90
1603.653 85
1603.743 79
1603.834 65
1603.924 59
1604.015 58
1604.105 53
1604.196 58
1604.287 61
1604.377 64
1604.468 62
1604.558 59
1604.649 65
1604.740 62
1604.830 62
1604.921 67
1605.011 68
1605.102 69
1605.192 67
1605.283 65
1605.374 60
1605.464 60
1605.555 61
1605.645 66
1605.736 77
1605.827 82
1605.917 88
1606.008 93
1606.099 87
1606.189 84
1606.280 82
1606.370 73
1606.461 74
1606.552 76
1606.642 78
1606.733 80
1606.824 83
1606.914 83
1607.005 81
1607.096 77
1607.186 76
1607.277 76
1607.368 78
1607.458 89
1607.549 102
1607.640 117
1607.730 129
1607.821 140
1607.912 143
1608.002 145
1608.093 147
1608.184 152
1608.274 156
1608.365 158
1608.456 168
1608.546 176
1608.637 188
1608.728 186
1608.819 183
1608.909 174
1609.000 161
1609.091 155
1609.181 141
1609.272 139
1609.363 141
1609.454 146
1609.544 149
1609.635 153
1609.726 159
1609.816 163
1609.907 169
1609.998 183
1610.089 187
1610.179 188
1610.270 190
1610.361 189
1610.452 184
1610.542 181
1610.633 181
1610.724 177
1610.815 168
1610.905 164
1610.996 160
1611.087 151
1611.178 156
1611.268 156
1611.359 152
1611.450 150
1611.541 141
1611.632 137
1611.722 133
1611.813 132
1611.904 134
1611.995 135
1612.086 133
1612.176 123
1612.267 127
1612.358 127
1612.449 127
1612.540 125
1612.630 132
1612.721 132
1612.812 134
1612.903 135
1612.994 127
1613.084 124
1613.175 120
1613.266 113
1613.357 111
1613.448 108
1613.539 109
1613.629 101
1613.720 102
1613.811 102
1613.902 99
1613.993 105
1614.084 97
1614.175 98
1614.265 99
1614.356 95
1614.447 94
1614.538 88
1614.629 86
1614.720 81
1614.811 78
1614.902 76
1614.992 74
1615.083 71
1615.174 71
1615.265 73
1615.356 75
1615.447 81
1615.538 84
1615.629 87
1615.720 85
1615.810 91
1615.901 95
1615.992 100
1616.083 109
1616.174 109
1616.265 108
1616.356 118
1616.447 122
1616.538 124
1616.629 119
1616.720 113
1616.811 111
1616.901 112
1616.992 110
1617.083 98
1617.174 88
1617.265 80
1617.356 74
1617.447 70
1617.538 69
1617.629 65
1617.720 65
1617.811 64
1617.902 60
1617.993 64
1618.084 59
1618.175 57
1618.266 55
1618.357 61
1618.448 67
1618.539 70
1618.630 78
1618.721 79
1618.812 78
1618.903 79
1618.994 80
1619.085 91
1619.176 91
1619.267 88
1619.358 83
1619.449 76
1619.540 76
1619.631 79
1619.722 80
1619.813 78
1619.904 73
1619.995 70
1620.086 62
1620.177 48
1620.268 53
1620.359 56
1620.450 55
1620.541 59
1620.632 68
1620.723 74
1620.814 77
1620.905 86
1620.996 86
1621.087 90
1621.178 92
1621.269 87
1621.360 89
1621.451 86
1621.543 85
1621.634 84
1621.725 94
1621.816 99
1621.907 109
1621.998 105
1622.089 102
1622.180 95
1622.271 88
1622.362 83
1622.453 82
1622.544 78
1622.636 75
1622.727 63
1622.818 55
1622.909 57
1623.000 58
1623.091 62
1623.182 60
1623.273 62
1623.364 60
1623.456 62
1623.547 68
1623.638 69
1623.729 71
1623.820 83
1623.911 85
1624.002 84
1624.093 83
1624.185 79
1624.276 80
1624.367 82
1624.458 83
1624.549 89
1624.640 82
1624.732 78
1624.823 77
1624.914 68
1625.005 68
1625.096 73
1625.187 73
1625.279 76
1625.370 81
1625.461 83
1625.552 85
1625.643 84
1625.734 76
1625.826 76
1625.917 79
1626.008 72
1626.099 72
1626.190 71
1626.282 68
1626.373 69
1626.464 71
1626.555 74
1626.646 72
1626.738 78
1626.829 81
1626.920 84
1627.011 88
1627.103 93
1627.194 93
1627.285 94
1627.376 92
1627.467 86
1627.559 87
1627.650 80
1627.741 74
1627.832 62
1627.924 60
1628.015 59
1628.106 54
1628.197 55
1628.289 58
1628.380 60
1628.471 58
1628.563 63
1628.654 60
1628.745 61
1628.836 61
1628.928 67
1629.019 63
1629.110 62
1629.201 60
1629.293 63
1629.384 67
1629.475 76
1629.567 85
1629.658 90
1629.749 92
1629.841 91
1629.932 93
1630.023 91
1630.114 93
1630.206 91
1630.297 92
1630.388 86
1630.480 86
1630.571 85
1630.662 83
1630.754 82
1630.845 91
1630.936 94
1631.028 98
1631.119 105
1631.210 113
1631.302 123
1631.393 131
1631.484 132
1631.576 138
1631.667 137
1631.758 142
1631.850 148
1631.941 146
1632.033 148
1632.124 145
1632.215 150
1632.307 141
1632.398 139
1632.489 140
1632.581 140
1632.672 139
1632.764 151
1632.855 167
1632.946 167
1633.038 176
1633.129 178
1633.221 179
1633.312 181
1633.403 177
1633.495 167
1633.586 161
1633.678 157
1633.769 161
1633.860 172
1633.952 181
1634.043 185
1634.135 182
1634.226 180
1634.318 184
1634.409 186
1634.500 185
1634.592 183
1634.683 174
1634.775 168
1634.866 172
1634.958 168
1635.049 162
1635.141 155
1635.232 147
1635.324 145
1635.415 146
1635.506 140
1635.598 134
1635.689 131
1635.781 130
1635.872 121
1635.964 121
1636.055 116
1636.147 112
1636.238 120
1636.330 116
1636.421 113
1636.513 111
1636.604 98
1636.696 92
1636.787 92
1636.879 86
1636.970 85
1637.062 81
1637.153 85
1637.245 84
1637.336 89
1637.428 93
1637.519 92
1637.611 86
1637.702 75
1637.794 74
1637.885 70
1637.977 72
1638.069 76
1638.160 71
1638.252 71
1638.343 75
1638.435 70
1638.526 74
1638.618 83
1638.709 82
1638.801 89
1638.892 95
1638.984 97
1639.076 98
1639.167 99
1639.259 93
1639.350 85
1639.442 87
1639.533 75
1639.625 73
1639.717 70
1639.808 63
1639.900 62
1639.991 64
1640.083 64
1640.175 71
1640.266 77
1640.358 78
1640.449 83
1640.541 87
1640.633 85
1640.724 76
1640.816 68
1640.907 57
1640.999 50
1641.091 53
1641.182 53
1641.274 52
1641.366 58
1641.457 56
1641.549 63
1641.641 73
1641.732 83
1641.824 89
1641.915 89
1642.007 84
1642.099 80
1642.190 82
1642.282 81
1642.374 80
1642.465 75
1642.557 68
1642.649 66
1642.740 60
1642.832 59
1642.924 58
1643.015 63
1643.107 70
1643.199 73
1643.291 76
1643.382 76
1643.474 75
1643.566 76
1643.657 84
1643.749 85
1643.841 87
1643.932 96
1644.024 91
1644.116 91
1644.208 92
1644.299 90
1644.391 97
1644.483 100
1644.574 107
1644.666 114
1644.758 110
1644.850 108
1644.941 107
1645.033 101
1645.125 99
1645.217 102
1645.308 104
1645.400 111
1645.492 116
1645.584 120
1645.675 129
1645.767 128
1645.859 124
1645.951 122
1646.042 117
1646.134 116
1646.226 112
1646.318 112
1646.409 109
1646.501 107
1646.593 105
1646.685 101
1646.777 97
1646.868 90
1646.960 89
1647.052 88
1647.144 90
1647.235 84
1647.327 86
1647.419 88
1647.511 84
1647.603 81
1647.695 79
1647.786 80
1647.878 82
1647.970 84
1648.062 81
1648.154 76
1648.245 75
1648.337 72
1648.429 73
1648.521 75
1648.613 77
1648.705 85
1648.796 87
1648.888 91
1648.980 93
1649.072 95
1649.164 96
1649.256 93
1649.348 94
1649.439 93
1649.531 100
1649.623 101
1649.715 105
1649.807 106
1649.899 104
1649.991 103
1650.083 108
1650.174 97
1650.266 89
1650.358 84
1650.450 74
1650.542 71
1650.634 77
1650.726 80
1650.818 82
1650.910 81
1651.001 83
1651.093 86
1651.185 86
1651.277 87
1651.369 95
1651.461 94
1651.553 97
1651.645 103
1651.737 93
1651.829 90
1651.921 89
1652.013 82
1652.105 86
1652.196 90
1652.288 93
1652.380 89
1652.472 88
1652.564 85
1652.656 77
1652.748 69
1652.840 63
1652.932 59
1653.024 54
1653.116 59
1653.208 63
1653.300 68
1653.392 71
1653.484 77
1653.576 80
1653.668 82
1653.760 86
1653.852 89
1653.944 91
1654.036 95
1654.128 98
1654.220 92
1654.312 87
1654.404 82
1654.496 73
1654.588 70
1654.680 68
1654.772 72
1654.864 76
1654.956 94
1655.048 107
1655.140 114
1655.232 125
1655.324 134
1655.416 131
1655.508 129
1655.600 125
1655.692 125
1655.784 122
1655.876 121
1655.968 122
1656.060 122
1656.152 122
1656.244 133
1656.336 139
1656.429 149
1656.521 158
1656.613 166
1656.705 171
1656.797 177
1656.889 186
1656.981 180
1657.073 184
1657.165 191
1657.257 191
1657.349 194
1657.441 197
1657.533 204
1657.626 202
1657.718 204
1657.810 207
1657.902 207
1657.994 199
1658.086 187
1658.178 170
1658.270 151
1658.362 141
1658.454 143
1658.547 139
1658.639 131
1658.731 129
1658.823 122
1658.915 116
1659.007 111
1659.099 112
1659.191 115
1659.284 114
1659.376 107
1659.468 113
1659.560 117
1659.652 121
1659.744 124
1659.837 124
1659.929 122
1660.021 122
1660.113 120
1660.205 117
1660.297 109
1660.390 98
1660.482 90
1660.574 86
1660.666 86
1660.758 83
1660.850 89
1660.943 91
1661.035 87
1661.127 89
1661.219 84
1661.311 80
1661.404 84
1661.496 89
1661.588 88
1661.680 82
1661.772 84
1661.865 84
1661.957 84
1662.049 85
1662.141 83
1662.233 77
1662.326 72
1662.418 75
1662.510 75
1662.602 80
1662.695 90
1662.787 92
1662.879 91
1662.971 87
1663.064 84
1663.156 85
1663.248 81
1663.340 78
1663.433 71
1663.525 67
1663.617 67
1663.709 65
1663.802 67
1663.894 75
1663.986 83
1664.078 102
1664.171 113
1664.263 112
1664.355 105
1664.448 93
1664.540 86
1664.632 82
1664.724 81
1664.817 76
1664.909 70
1665.001 64
1665.094 61
1665.186 60
1665.278 58
1665.371 59
1665.463 63
1665.555 70
1665.648 72
1665.740 67
1665.832 65
1665.925 59
1666.017 56
1666.109 59
1666.202 55
1666.294 56
1666.386 59
1666.479 60
1666.571 61
1666.663 62
1666.756 61
1666.848 66
1666.940 67
1667.033 69
1667.125 74
1667.217 80
1667.310 87
1667.402 94
1667.495 103
1667.587 105
1667.679 107
1667.772 107
1667.864 105
1667.956 99
1668.049 97
1668.141 95
1668.234 90
1668.326 93
1668.418 90
1668.511 91
1668.603 87
1668.696 89
1668.788 89
1668.880 90
1668.973 90
1669.065 92
1669.158 97
1669.250 103
1669.343 109
1669.435 109
1669.527 109
1669.620 107
1669.712 107
1669.805 113
1669.897 111
1669.990 108
1670.082 115
1670.174 106
1670.267 102
1670.359 96
1670.452 89
1670.544 91
1670.637 87
1670.729 88
1670.822 87
1670.914 92
1671.007 96
1671.099 100
1671.192 107
1671.284 111
1671.376 116
1671.469 124
1671.561 127
1671.654 125
1671.746 123
1671.839 121
1671.931 119
1672.024 111
1672.116 110
1672.209 108
1672.301 102
1672.394 107
1672.486 102
1672.579 97
1672.672 90
1672.764 88
1672.857 90
1672.949 91
1673.042 88
1673.134 89
1673.227 86
1673.319 82
1673.412 84
1673.504 84
1673.597 85
1673.689 87
1673.782 89
1673.874 86
1673.967 86
1674.060 87
1674.152 83
1674.245 88
1674.337 86
1674.430 84
1674.522 82
1674.615 80
1674.708 82
1674.800 86
1674.893 90
1674.985 91
1675.078 96
1675.170 95
1675.263 93
1675.356 96
1675.448 95
1675.541 93
1675.633 97
1675.726 92
1675.819 87
1675.911 88
1676.004 85
1676.096 83
1676.189 80
1676.282 75
1676.374 74
1676.467 74
1676.560 72
1676.652 69
1676.745 74
1676.837 77
1676.930 79
1677.023 85
1677.115 82
1677.208 82
1677.301 85
1677.393 82
1677.486 80
1677.579 76
1677.671 76
1677.764 69
1677.857 64
1677.949 62
1678.042 57
1678.135 57
1678.227 55
1678.320 65
1678.413 69
1678.505 80
1678.598 81
1678.691 80
1678.783 78
1678.876 70
1678.969 65
1679.062 75
1679.154 81
1679.247 87
1679.340 104
1679.432 121
1679.525 125
1679.618 132
1679.710 137
1679.803 127
1679.896 133
1679.989 139
1680.081 140
1680.174 137
1680.267 136
1680.360 138
1680.452 144
1680.545 149
1680.638 145
1680.731 138
1680.823 131
1680.916 123
1681.009 129
1681.102 136
1681.194 148
1681.287 154
1681.380 158
1681.473 162
1681.565 170
1681.658 170
1681.751 166
1681.844 166
1681.936 165
1682.029 160
1682.122 152
1682.215 144
1682.308 137
1682.400 138
1682.493 139
1682.586 133
1682.679 133
1682.772 134
1682.864 134
1682.957 144
1683.050 142
1683.143 142
1683.236 141
1683.328 133
1683.421 143
1683.514 131
1683.607 123
1683.700 119
1683.793 104
1683.885 96
1683.978 99
1684.071 96
1684.164 103
1684.257 103
1684.350 100
1684.442 98
1684.535 99
1684.628 95
1684.721 87
1684.814 79
1684.907 75
1685.000 79
1685.092 84
1685.185 93
1685.278 100
1685.371 101
1685.464 105
1685.557 103
1685.650 98
1685.743 104
1685.835 102
1685.928 97
1686.021 88
1686.114 90
1686.207 87
1686.300 83
1686.393 83
1686.486 78
1686.579 80
1686.672 84
1686.765 89
1686.857 90
1686.950 89
1687.043 87
1687.136 93
1687.229 99
1687.322 105
1687.415 107
1687.508 104
1687.601 95
1687.694 85
1687.787 80
1687.880 68
1687.973 69
1688.066 65
1688.159 66
1688.251 73
1688.344 68
1688.437 67
1688.530 64
1688.623 67
1688.716 66
1688.809 68
1688.902 66
1688.995 61
1689.088 62
1689.181 58
1689.274 55
1689.367 50
1689.460 60
1689.553 60
1689.646 56
1689.739 59
1689.832 53
1689.925 54
1690.018 60
1690.111 66
1690.204 78
1690.297 79
1690.390 81
1690.483 86
1690.576 87
1690.669 88
1690.762 85
1690.855 87
1690.948 83
1691.041 80
1691.134 73
1691.227 72
1691.320 70
1691.414 73
1691.507 75
1691.600 78
1691.693 80
1691.786 82
1691.879 88
1691.972 95
1692.065 90
1692.158 85
1692.251 85
1692.344 81
1692.437 87
1692.530 87
1692.623 86
1692.716 84
1692.810 77
1692.903 73
1692.996 73
1693.089 64
1693.182 63
1693.275 66
1693.368 65
1693.461 63
1693.554 62
1693.647 61
1693.740 61
1693.834 59
1693.927 69
1694.020 74
1694.113 81
1694.206 86
1694.299 94
1694.392 99
1694.485 102
1694.579 103
1694.672 95
1694.765 93
1694.858 87
1694.951 79
1695.044 76
1695.137 77
1695.231 75
1695.324 76
1695.417 77
1695.510 71
1695.603 72
1695.696 74
1695.790 70
1695.883 68
1695.976 65
1696.069 57
1696.162 54
1696.255 55
1696.349 52
1696.442 52
1696.535 51
1696.628 51
1696.721 55
1696.815 58
1696.908 62
1697.001 67
1697.094 73
1697.187 75
1697.281 79
1697.374 78
1697.467 78
1697.560 83
1697.653 77
1697.747 76
1697.840 69
1697.933 64
1698.026 64
1698.120 64
1698.213 64
1698.306 57
1698.399 63
1698.493 69
1698.586 80
1698.679 92
1698.772 95
1698.866 96
1698.959 95
1699.052 93
1699.145 93
1699.239 94
1699.332 90
1699.425 92
1699.518 90
1699.612 90
1699.705 94
1699.798 89
1699.891 90
1699.985 88
1700.078 88
1700.171 82
1700.265 80
1700.358 75
1700.451 67
1700.545 60
1700.638 51
1700.731 49
1700.824 46
1700.918 50
1701.011 53
1701.104 52
1701.198 51
1701.291 56
1701.384 57
1701.478 56
1701.571 52
1701.664 49
1701.758 48
1701.851 49
1701.944 49
1702.038 44
1702.131 54
1702.224 57
1702.318 60
1702.411 64
1702.504 68
1702.598 69
1702.691 71
1702.784 73
1702.878 71
1702.971 77
1703.065 83
1703.158 92
1703.251 99
1703.345 105
1703.438 113
1703.531 116
1703.625 121
1703.718 122
1703.812 120
1703.905 120
1703.998 137
1704.092 142
1704.185 146
1704.279 152
1704.372 150
1704.465 153
1704.559 156
1704.652 160
1704.746 154
1704.839 154
1704.933 159
1705.026 156
1705.119 151
1705.213 150
1705.306 153
1705.400 141
1705.493 136
1705.587 137
1705.680 130
1705.773 137
1705.867 141
1705.960 142
1706.054 144
1706.147 148
1706.241 146
1706.334 142
1706.428 137
1706.521 130
1706.615 136
1706.708 137
1706.802 132
1706.895 130
1706.988 129
1707.082 127
1707.175 124
1707.269 119
1707.362 108
1707.456 103
1707.549 93
1707.643 89
1707.736 89
1707.830 88
1707.923 88
1708.017 83
1708.110 81
1708.204 84
1708.297 91
1708.391 102
1708.485 105
1708.578 111
1708.672 109
1708.765 108
1708.859 116
1708.952 117
1709.046 117
1709.139 123
1709.233 115
1709.326 106
1709.420 102
1709.513 101
1709.607 100
1709.701 103
1709.794 95
1709.888 94
1709.981 90
1710.075 87
1710.168 83
1710.262 77
1710.355 79
1710.449 79
1710.543 77
1710.636 78
1710.730 75
1710.823 76
1710.917 78
1711.011 78
1711.104 79
1711.198 73
1711.291 70
1711.385 65
1711.479 69
1711.572 73
1711.666 76
1711.759 74
1711.853 75
1711.947 77
1712.040 78
1712.134 79
1712.228 79
1712.321 77
1712.415 74
1712.508 66
1712.602 66
1712.696 67
1712.789 62
1712.883 58
1712.977 60
1713.070 62
1713.164 64
1713.258 59
1713.351 64
1713.445 65
1713.539 72
1713.632 78
1713.726 78
1713.820 73
1713.913 69
1714.007 68
1714.101 59
1714.194 58
1714.288 52
1714.382 37
1714.475 38
1714.569 39
1714.663 41
1714.756 39
1714.850 40
1714.944 46
1715.037 49
1715.131 56
1715.225 60
1715.319 58
1715.412 61
1715.506 65
1715.600 61
1715.694 58
1715.787 58
1715.881 55
1715.975 55
1716.068 57
1716.162 61
1716.256 62
1716.350 70
1716.443 73
1716.537 68
1716.631 68
1716.725 71
1716.818 65
1716.912 63
1717.006 64
1717.100 62
1717.193 60
1717.287 57
1717.381 66
1717.475 68
1717.568 77
1717.662 87
1717.756 94
1717.850 96
1717.944 95
1718.037 93
1718.131 90
1718.225 92
1718.319 94
1718.413 96
1718.506 90
1718.600 77
1718.694 66
1718.788 56
1718.882 50
1718.975 56
1719.069 59
1719.163 62
1719.257 67
1719.351 70
1719.445 71
1719.538 70
1719.632 76
1719.726 73
1719.820 70
1719.914 64
1720.008 58
1720.101 57
1720.195 58
1720.289 62
1720.383 61
1720.477 60
1720.571 61
1720.665 64
1720.758 61
1720.852 62
1720.946 60
1721.040 61
1721.134 63
1721.228 67
1721.322 72
1721.415 73
1721.509 69
1721.603 69
1721.697 71
1721.791 74
1721.885 80
1721.979 90
1722.073 89
1722.167 82
1722.261 80
1722.354 73
1722.448 71
1722.542 70
1722.636 70
1722.730 68
1722.824 69
1722.918 71
1723.012 73
1723.106 76
1723.200 76
1723.294 73
1723.388 73
1723.482 67
1723.575 65
1723.669 63
1723.763 66
1723.857 72
1723.951 76
1724.045 76
1724.139 82
1724.233 84
1724.327 86
1724.421 91
1724.515 95
1724.609 94
1724.703 90
1724.797 87
1724.891 78
1724.985 78
1725.079 73
1725.173 69
1725.267 64
1725.361 54
1725.455 52
1725.549 54
1725.643 48
1725.737 43
1725.831 44
1725.925 41
1726.019 42
1726.113 47
1726.207 49
1726.301 52
1726.395 55
1726.489 57
1726.583 58
1726.677 64
1726.771 72
1726.865 79
1726.959 78
1727.053 81
1727.147 78
1727.241 85
1727.335 93
1727.429 100
1727.523 103
1727.617 102
1727.711 99
1727.806 93
1727.900 88
1727.994 86
1728.088 87
1728.182 89
1728.276 94
1728.370 92
1728.464 97
1728.558 99
1728.652 112
1728.746 117
1728.840 121
1728.934 125
1729.029 124
1729.123 130
1729.217 137
1729.311 144
1729.405 147
1729.499 153
1729.593 152
1729.687 153
1729.781 147
1729.875 134
1729.970 120
1730.064 107
1730.158 93
1730.252 91
1730.346 98
1730.440 102
1730.534 102
1730.629 100
1730.723 93
1730.817 87
1730.911 86
1731.005 83
1731.099 86
1731.193 84
1731.288 91
1731.382 91
1731.476 95
1731.570 98
1731.664 102
1731.758 106
1731.853 112
1731.947 118
1732.041 114
1732.135 119
1732.229 119
1732.323 118
1732.418 119
1732.512 108
1732.606 101
1732.700 91
1732.794 80
1732.889 75
1732.983 75
1733.077 80
1733.171 87
1733.265 99
1733.360 98
1733.454 96
1733.548 94
1733.642 95
1733.736 92
1733.831 86
1733.925 75
1734.019 77
1734.113 76
1734.208 77
1734.302 81
1734.396 79
1734.490 79
1734.585 78
1734.679 81
1734.773 80
1734.867 79
1734.962 79
1735.056 77
1735.150 82
1735.244 85
1735.339 86
1735.433 87
1735.527 83
1735.621 82
1735.716 74
1735.810 62
1735.904 51
1735.999 51
1736.093 53
1736.187 60
1736.281 70
1736.376 76
1736.470 86
1736.564 104
1736.659 110
1736.753 110
1736.847 106
1736.942 104
1737.036 93
1737.130 93
1737.225 88
1737.319 84
1737.413 78
1737.508 72
1737.602 70
1737.696 63
1737.791 66
1737.885 66
1737.979 61
1738.074 54
1738.168 47
1738.262 46
1738.357 43
1738.451 37
1738.545 38
1738.640 38
1738.734 35
1738.828 43
1738.923 46
1739.017 51
1739.112 51
1739.206 54
1739.300 51
1739.395 46
1739.489 44
1739.583 42
1739.678 45
1739.772 47
1739.867 46
1739.961 50
1740.055 50
1740.150 51
1740.244 51
1740.339 52
1740.433 54
1740.527 51
1740.622 55
1740.716 56
1740.811 50
1740.905 52
1740.999 57
1741.094 61
1741.188 63
1741.283 65
1741.377 66
1741.472 64
1741.566 73
1741.661 83
1741.755 89
1741.849 104
1741.944 106
1742.038 100
1742.133 94
1742.227 88
1742.322 79
1742.416 77
1742.511 76
1742.605 74
1742.700 82
1742.794 86
1742.889 95
1742.983 104
1743.077 104
1743.172 100
1743.266 92
1743.361 89
1743.455 90
1743.550 93
1743.644 92
1743.739 90
1743.833 84
1743.928 80
1744.022 74
1744.117 69
1744.211 67
1744.306 67
1744.400 72
1744.495 79
1744.590 84
1744.684 82
1744.779 80
1744.873 70
1744.968 61
1745.062 62
1745.157 60
1745.251 66
1745.346 64
1745.440 65
1745.535 71
1745.629 75
1745.724 81
1745.819 86
1745.913 88
1746.008 91
1746.102 93
1746.197 93
1746.291 92
1746.386 93
1746.481 94
1746.575 89
1746.670 81
1746.764 74
1746.859 75
1746.953 78
1747.048 81
1747.143 84
1747.237 84
1747.332 77
1747.426 67
1747.521 63
1747.616 58
1747.710 61
1747.805 58
1747.899 54
1747.994 50
1748.089 47
1748.183 48
1748.278 51
1748.373 56
1748.467 59
1748.562 64
1748.656 73
1748.751 74
1748.846 75
1748.940 79
1749.035 85
1749.130 92
1749.224 90
1749.319 93
1749.414 85
1749.508 80
1749.603 82
1749.698 81
1749.792 83
1749.887 85
1749.982 81
1750.076 80
1750.171 80
1750.266 83
1750.360 84
1750.455 84
1750.550 97
1750.644 98
1750.739 101
1750.834 107
1750.929 103
1751.023 109
1751.118 111
1751.213 108
1751.307 105
1751.402 106
1751.497 112
1751.591 113
1751.686 115
1751.781 115
1751.876 112
1751.970 113
1752.065 121
1752.160 123
1752.255 120
1752.349 124
1752.444 129
1752.539 132
1752.634 136
1752.728 137
1752.823 138
1752.918 135
1753.013 139
1753.107 141
1753.202 143
1753.297 138
1753.392 138
1753.486 131
1753.581 136
1753.676 147
1753.771 143
1753.865 140
1753.960 137
1754.055 132
1754.150 130
1754.245 125
1754.339 131
1754.434 130
1754.529 128
1754.624 124
1754.719 124
1754.813 122
1754.908 111
1755.003 102
1755.098 89
1755.193 87
1755.287 88
1755.382 92
1755.477 97
1755.572 96
1755.667 99
1755.762 105
1755.856 114
1755.951 112
1756.046 108
1756.141 103
1756.236 93
1756.331 94
1756.425 96
1756.520 98
1756.615 101
1756.710 96
1756.805 94
1756.900 95
1756.995 101
1757.089 101
1757.184 106
1757.279 109
1757.374 107
1757.469 97
1757.564 91
1757.659 85
1757.754 78
1757.849 79
1757.943 79
1758.038 75
1758.133 75
1758.228 77
1758.323 79
1758.418 79
1758.513 80
1758.608 82
1758.703 79
1758.798 79
1758.892 73
1758.987 77
1759.082 80
1759.177 85
1759.272 89
1759.367 89
1759.462 95
1759.557 99
1759.652 104
1759.747 103
1759.842 103
1759.937 102
1760.032 95
1760.127 87
1760.222 82
1760.317 80
1760.411 75
1760.506 79
1760.601 78
1760.696 77
1760.791 83
1760.886 87
1760.981 92
1761.076 95
1761.171 88
1761.266 77
1761.361 70
1761.456 64
1761.551 66
1761.646 64
1761.741 71
1761.836 77
1761.931 81
1762.026 89
1762.121 90
1762.216 89
1762.311 92
1762.406 89
1762.501 84
1762.596 78
1762.691 76
1762.786 74
1762.881 76
1762.976 74
1763.071 65
1763.166 61
1763.261 60
1763.357 58
1763.452 62
1763.547 60
1763.642 60
1763.737 60
1763.832 64
1763.927 66
1764.022 71
1764.117 74
1764.212 77
1764.307 76
1764.402 83
1764.497 82
1764.592 93
1764.687 95
1764.782 98
1764.877 105
1764.973 107
1765.068 119
1765.163 121
1765.258 122
1765.353 121
1765.448 106
1765.543 97
1765.638 85
1765.733 80
1765.828 77
1765.924 74
1766.019 67
1766.114 67
1766.209 71
1766.304 68
1766.399 71
1766.494 68
1766.589 68
1766.685 66
1766.780 65
1766.875 65
1766.970 66
1767.065 71
1767.160 73
1767.255 77
1767.351 74
1767.446 70
1767.541 67
1767.636 62
1767.731 57
1767.826 58
1767.921 58
1768.017 57
1768.112 49
1768.207 51
1768.302 49
1768.397 50
1768.493 59
1768.588 57
1768.683 62
1768.778 65
1768.873 65
1768.968 68
1769.064 69
1769.159 78
1769.254 81
1769.349 78
1769.444 77
1769.540 72
1769.635 68
1769.730 67
1769.825 70
1769.921 70
1770.016 72
1770.111 75
1770.206 70
1770.301 63
1770.397 61
1770.492 60
1770.587 60
1770.682 55
1770.778 52
1770.873 54
1770.968 53
1771.063 56
1771.159 62
1771.254 64
1771.349 68
1771.444 61
1771.540 64
1771.635 66
1771.730 64
1771.825 61
1771.921 59
1772.016 54
1772.111 50
1772.207 52
1772.302 51
1772.397 49
1772.492 51
1772.588 55
1772.683 56
1772.778 57
1772.874 57
1772.969 61
1773.064 62
1773.160 60
1773.255 57
1773.350 57
1773.446 56
1773.541 56
1773.636 59
1773.731 64
1773.827 62
1773.922 64
1774.017 64
1774.113 60
1774.208 59
1774.303 54
1774.399 53
1774.494 50
1774.590 52
1774.685 51
1774.780 57
1774.876 64
1774.971 57
1775.066 57
1775.162 66
1775.257 72
1775.352 82
1775.448 94
1775.543 102
1775.639 112
1775.734 109
1775.829 108
1775.925 113
1776.020 122
1776.115 122
1776.211 117
1776.306 115
1776.402 116
1776.497 121
1776.592 121
1776.688 125
1776.783 128
1776.879 127
1776.974 119
1777.069 112
1777.165 106
1777.260 103
1777.356 102
1777.451 100
1777.547 96
1777.642 106
1777.737 108
1777.833 111
1777.928 112
1778.024 119
1778.119 125
1778.215 129
1778.310 134
1778.406 122
1778.501 124
1778.596 124
1778.692 122
1778.787 120
1778.883 120
1778.978 123
1779.074 124
1779.169 130
1779.265 128
1779.360 124
1779.456 127
1779.551 116
1779.647 109
1779.742 107
1779.838 100
1779.933 87
1780.029 81
1780.124 73
1780.220 63
1780.315 64
1780.411 62
1780.506 64
1780.602 63
1780.697 64
1780.793 69
1780.888 66
1780.984 76
1781.079 83
1781.175 86
1781.270 90
1781.366 88
1781.461 76
1781.557 70
1781.652 62
1781.748 51
1781.844 50
1781.939 52
1782.035 54
1782.130 61
1782.226 73
1782.321 84
1782.417 96
1782.512 105
1782.608 102
1782.704 92
1782.799 80
1782.895 74
1782.990 73
1783.086 74
1783.182 75
1783.277 73
1783.373 74
1783.468 70
1783.564 67
1783.659 56
1783.755 56
1783.851 58
1783.946 59
1784.042 65
1784.137 64
1784.233 66
1784.329 68
1784.424 64
1784.520 63
1784.616 62
1784.711 61
1784.807 59
1784.902 67
1784.998 65
1785.094 66
1785.189 63
1785.285 61
1785.381 64
1785.476 64
1785.572 59
1785.668 56
1785.763 56
1785.859 50
1785.955 50
1786.050 44
1786.146 43
1786.242 47
1786.337 51
1786.433 55
1786.529 57
1786.624 62
1786.720 71
1786.816 81
1786.911 88
1787.007 91
1787.103 102
1787.198 94
1787.294 91
1787.390 91
1787.485 81
1787.581 79
1787.677 81
1787.773 77
1787.868 79
1787.964 83
1788.060 81
1788.155 78
1788.251 79
1788.347 74
1788.443 73
1788.538 72
1788.634 68
1788.730 68
1788.826 69
1788.921 68
1789.017 63
1789.113 66
1789.208 66
1789.304 69
1789.400 72
1789.496 71
1789.591 70
1789.687 68
1789.783 69
1789.879 67
1789.975 66
1790.070 65
1790.166 67
1790.262 69
1790.358 80
1790.453 83
1790.549 94
1790.645 98
1790.741 95
1790.837 91
1790.932 89
1791.028 88
1791.124 83
1791.220 80
1791.316 81
1791.411 78
1791.507 73
1791.603 68
1791.699 64
1791.795 58
1791.890 60
1791.986 58
1792.082 59
1792.178 53
1792.274 54
1792.370 57
1792.465 63
1792.561 64
1792.657 63
1792.753 63
1792.849 58
1792.945 62
1793.041 65
1793.136 73
1793.232 81
1793.328 73
1793.424 68
1793.520 63
1793.616 62
1793.712 58
1793.807 58
1793.903 58
1793.999 53
1794.095 52
1794.191 52
1794.287 54
1794.383 57
1794.479 63
1794.574 60
1794.670 56
1794.766 48
1794.862 46
1794.958 51
1795.054 46
1795.150 55
1795.246 52
1795.342 52
1795.438 52
1795.534 53
1795.629 64
1795.725 63
1795.821 67
1795.917 67
1796.013 62
1796.109 61
1796.205 60
1796.301 61
1796.397 62
1796.493 64
1796.589 66
1796.685 73
1796.781 75
1796.877 78
1796.973 77
1797.069 82
1797.165 78
1797.261 81
1797.357 81
1797.452 82
1797.548 87
1797.644 87
1797.740 89
1797.836 83
1797.932 81
1798.028 77
1798.124 77
1798.220 74
1798.316 66
1798.412 58
1798.508 53
1798.604 49
1798.700 46
1798.796 46
1798.892 48
1798.988 46
1799.084 49
1799.180 57
1799.276 63
1799.372 70
1799.469 74
1799.565 78
1799.661 87
1799.757 99
1799.853 111
1799.949 115
1800.045 127
1800.141 131
1800.237 134
1800.333 135
1800.429 131
1800.525 132
1800.621 134
1800.717 130
1800.813 127
1800.909 125
1801.005 125
1801.101 123
1801.197 122
1801.294 124
1801.390 114
1801.486 110
1801.582 107
1801.678 102
1801.774 105
1801.870 105
1801.966 108
1802.062 115
1802.158 117
1802.254 118
1802.351 119
1802.447 114
1802.543 111
1802.639 105
1802.735 95
1802.831 90
1802.927 92
1803.023 96
1803.119 95
1803.216 99
1803.312 100
1803.408 99
1803.504 91
1803.600 88
1803.696 90
1803.792 87
1803.889 90
1803.985 91
1804.081 86
1804.177 86
1804.273 84
1804.369 81
1804.465 81
1804.562 83
1804.658 78
1804.754 79
1804.850 77
1804.946 82
1805.043 83
1805.139 95
1805.235 103
1805.331 92
1805.427 93
1805.523 82
1805.620 81
1805.716 85
1805.812 85
1805.908 96
1806.004 99
1806.101 94
1806.197 93
1806.293 91
1806.389 83
1806.486 82
1806.582 84
1806.678 72
1806.774 73
1806.870 71
1806.967 68
1807.063 65
1807.159 62
1807.255 62
1807.352 55
1807.448 56
1807.544 58
1807.640 60
1807.737 63
1807.833 63
1807.929 61
1808.025 56
1808.122 55
1808.218 58
1808.314 60
1808.410 62
1808.507 63
1808.603 62
1808.699 68
1808.796 72
1808.892 67
1808.988 65
1809.084 68
1809.181 65
1809.277 56
1809.373 57
1809.470 51
1809.566 50
1809.662 51
1809.758 48
1809.855 53
1809.951 55
1810.047 59
1810.144 70
1810.240 68
1810.336 64
1810.433 58
1810.529 55
1810.625 48
1810.722 45
1810.818 38
1810.914 33
1811.011 33
1811.107 37
1811.203 41
1811.300 42
1811.396 47
1811.492 48
1811.589 49
1811.685 53
1811.781 58
1811.878 55
1811.974 48
1812.071 39
1812.167 36
1812.263 40
1812.360 43
1812.456 54
1812.552 55
1812.649 51
1812.745 50
1812.842 52
1812.938 63
1813.034 68
1813.131 71
1813.227 76
1813.324 74
1813.420 71
1813.516 72
1813.613 69
1813.709 63
1813.806 60
1813.902 57
1813.998 58
1814.095 59
1814.191 59
1814.288 56
1814.384 59
1814.481 54
1814.577 54
1814.674 56
1814.770 58
1814.866 58
1814.963 53
1815.059 49
1815.156 42
1815.252 49
1815.349 56
1815.445 65
1815.542 69
1815.638 67
1815.735 66
1815.831 63
1815.927 69
1816.024 65
1816.120 67
1816.217 63
1816.313 61
1816.410 60
1816.506 60
1816.603 65
1816.699 76
1816.796 77
1816.892 74
1816.989 73
1817.085 71
1817.182 68
1817.278 66
1817.375 64
1817.471 53
1817.568 45
1817.664 45
1817.761 48
1817.857 47
1817.954 51
1818.051 49
1818.147 51
1818.244 49
1818.340 50
1818.437 51
1818.533 52
1818.630 61
1818.726 59
1818.823 59
1818.919 54
1819.016 55
1819.113 52
1819.209 52
1819.306 52
1819.402 51
1819.499 53
1819.595 55
1819.692 57
1819.789 53
1819.885 55
1819.982 58
1820.078 60
1820.175 69
1820.271 69
1820.368 69
1820.465 69
1820.561 67
1820.658 64
1820.754 61
1820.851 54
1820.948 47
1821.044 48
1821.141 51
1821.238 55
1821.334 58
1821.431 59
1821.527 58
1821.624 61
1821.721 59
1821.817 61
1821.914 64
1822.011 69
1822.107 75
1822.204 67
1822.300 62
1822.397 57
1822.494 48
1822.590 50
1822.687 56
1822.784 62
1822.880 67
1822.977 67
1823.074 70
1823.170 79
1823.267 90
1823.364 89
1823.460 87
1823.557 88
1823.654 86
1823.750 85
1823.847 88
1823.944 89
1824.041 89
1824.137 86
1824.234 81
1824.331 77
1824.427 64
1824.524 70
1824.621 75
1824.717 74
1824.814 82
1824.911 77
1825.008 79
1825.104 81
1825.201 85
1825.298 89
1825.395 98
1825.491 105
1825.588 109
1825.685 112
1825.781 108
1825.878 110
1825.975 105
1826.072 95
1826.168 86
1826.265 84
1826.362 78
1826.459 82
1826.555 85
1826.652 81
1826.749 90
1826.846 99
1826.943 109
1827.039 115
1827.136 124
1827.233 119
1827.330 104
1827.426 92
1827.523 82
1827.620 75
1827.717 73
1827.814 69
1827.910 59
1828.007 54
1828.104 54
1828.201 52
1828.298 50
1828.394 54
1828.491 56
1828.588 67
1828.685 78
1828.782 78
1828.879 77
1828.975 76
1829.072 75
1829.169 70
1829.266 65
1829.363 70
1829.459 62
1829.556 65
1829.653 67
1829.750 67
1829.847 70
1829.944 68
1830.041 67
1830.137 69
1830.234 66
1830.331 71
1830.428 72
1830.525 73
1830.622 81
1830.719 88
1830.816 90
1830.912 92
1831.009 94
1831.106 82
1831.203 83
1831.300 81
1831.397 68
1831.494 72
1831.591 65
1831.688 61
1831.784 61
1831.881 60
1831.978 65
1832.075 67
1832.172 70
1832.269 68
1832.366 72
1832.463 69
1832.560 68
1832.657 71
1832.754 70
1832.851 76
1832.947 80
1833.044 90
1833.141 85
1833.238 79
1833.335 77
1833.432 79
1833.529 86
1833.626 91
1833.723 100
1833.820 92
1833.917 89
1834.014 90
1834.111 84
1834.208 91
1834.305 98
1834.402 99
1834.499 106
1834.596 102
1834.693 91
1834.790 81
1834.887 73
1834.984 73
1835.081 74
1835.178 76
1835.275 70
1835.372 69
1835.469 68
1835.566 72
1835.663 75
1835.760 68
1835.857 70
1835.954 72
1836.051 72
1836.148 73
1836.245 74
1836.342 78
1836.439 80
1836.536 82
1836.633 78
1836.730 74
1836.827 70
1836.924 63
1837.021 63
1837.118 58
1837.215 62
1837.312 61
1837.409 60
1837.506 61
1837.603 63
1837.700 67
1837.797 71
1837.894 73
1837.992 75
1838.089 75
1838.186 71
1838.283 73
1838.380 68
1838.477 68
1838.574 71
1838.671 74
1838.768 69
1838.865 66
1838.962 61
1839.059 58
1839.157 63
1839.254 63
1839.351 64
1839.448 62
1839.545 66
1839.642 65
1839.739 67
1839.836 67
1839.933 61
1840.031 68
1840.128 69
1840.225 75
1840.322 82
1840.419 79
1840.516 78
1840.613 77
1840.711 73
1840.808 75
1840.905 76
1841.002 79
1841.099 77
1841.196 76
1841.293 72
1841.391 70
1841.488 65
1841.585 59
1841.682 60
1841.779 51
1841.876 50
1841.974 50
1842.071 51
1842.168 54
1842.265 47
1842.362 51
1842.460 56
1842.557 59
1842.654 68
1842.751 72
1842.848 64
1842.946 62
1843.043 56
1843.140 53
1843.237 50
1843.334 47
1843.432 47
1843.529 47
1843.626 49
1843.723 51
1843.820 53
1843.918 58
1844.015 61
1844.112 65
1844.209 66
1844.307 65
1844.404 67
1844.501 72
1844.598 74
1844.696 65
1844.793 61
1844.890 60
1844.987 54
1845.085 54
1845.182 59
1845.279 53
1845.376 62
1845.474 62
1845.571 58
1845.668 58
1845.766 56
1845.863 53
1845.960 54
1846.057 55
1846.155 55
1846.252 58
1846.349 58
1846.447 58
1846.544 55
1846.641 53
1846.738 56
1846.836 54
1846.933 55
1847.030 51
1847.128 51
1847.225 55
1847.322 67
1847.420 75
1847.517 82
1847.614 90
1847.712 89
1847.809 90
1847.906 84
1848.004 79
1848.101 79
1848.198 76
1848.296 81
1848.393 87
1848.490 85
1848.588 97
1848.685 102
1848.782 103
1848.880 110
1848.977 102
1849.075 101
1849.172 97
1849.269 94
1849.367 94
1849.464 94
1849.561 88
1849.659 82
1849.756 88
1849.854 84
1849.951 82
1850.048 80
1850.146 74
1850.243 76
1850.341 81
1850.438 84
1850.535 82
1850.633 85
1850.730 84
1850.828 78
1850.925 83
1851.022 79
1851.120 78
1851.217 78
1851.315 79
1851.412 81
1851.510 85
1851.607 97
1851.704 95
1851.802 95
1851.899 86
1851.997 83
1852.094 78
1852.192 73
1852.289 71
1852.387 66
1852.484 61
1852.581 56
1852.679 54
1852.776 54
1852.874 50
1852.971 46
1853.069 45
1853.166 49
1853.264 57
1853.361 63
1853.459 68
1853.556 80
1853.654 78
1853.751 82
1853.849 85
1853.946 88
1854.044 85
1854.141 82
1854.239 75
1854.336 68
1854.434 62
1854.531 56
1854.629 60
1854.726 52
1854.824 50
1854.921 52
1855.019 51
1855.116 49
1855.214 52
1855.311 50
1855.409 49
1855.507 46
1855.604 43
1855.702 44
1855.799 48
1855.897 49
1855.994 54
1856.092 57
1856.189 57
1856.287 52
1856.384 56
1856.482 56
1856.580 61
1856.677 67
1856.775 69
1856.872 65
1856.970 61
1857.068 54
1857.165 54
1857.263 55
1857.360 53
1857.458 51
1857.555 52
1857.653 54
1857.751 57
1857.848 63
1857.946 58
1858.043 58
1858.141 57
1858.239 58
1858.336 51
1858.434 51
1858.532 44
1858.629 34
1858.727 36
1858.824 36
1858.922 40
1859.020 50
1859.117 51
1859.215 51
1859.313 53
1859.410 47
1859.508 46
1859.606 48
1859.703 46
1859.801 38
1859.899 37
1859.996 34
1860.094 33
1860.191 34
1860.289 38
1860.387 39
1860.484 36
1860.582 38
1860.680 42
1860.778 42
1860.875 44
1860.973 52
1861.071 60
1861.168 65
1861.266 74
1861.364 74
1861.461 69
1861.559 65
1861.657 57
1861.754 52
1861.852 54
1861.950 57
1862.048 60
1862.145 54
1862.243 53
1862.341 57
1862.438 63
1862.536 66
1862.634 74
1862.732 74
1862.829 78
1862.927 77
1863.025 78
1863.123 81
1863.220 79
1863.318 76
1863.416 71
1863.514 66
1863.611 62
1863.709 54
1863.807 55
1863.905 58
1864.002 60
1864.100 60
1864.198 68
1864.296 71
1864.394 72
1864.491 76
1864.589 70
1864.687 72
1864.785 74
1864.882 77
1864.980 78
1865.078 75
1865.176 75
1865.274 72
1865.371 74
1865.469 74
1865.567 69
1865.665 74
1865.763 76
1865.861 73
1865.958 67
1866.056 57
1866.154 49
1866.252 48
1866.350 47
1866.447 41
1866.545 42
1866.643 41
1866.741 38
1866.839 42
1866.937 41
1867.035 44
1867.132 46
1867.230 47
1867.328 46
1867.426 46
1867.524 51
1867.622 46
1867.720 46
1867.817 46
1867.915 45
1868.013 45
1868.111 48
1868.209 46
1868.307 44
1868.405 50
1868.503 58
1868.600 62
1868.698 66
1868.796 66
1868.894 59
1868.992 58
1869.090 61
1869.188 59
1869.286 53
1869.384 52
1869.482 50
1869.579 48
1869.677 57
1869.775 57
1869.873 53
1869.971 51
1870.069 50
1870.167 49
1870.265 51
1870.363 57
1870.461 58
1870.559 58
1870.657 61
1870.755 63
1870.853 67
1870.951 70
1871.049 70
1871.146 72
1871.244 60
1871.342 58
1871.440 54
1871.538 56
1871.636 63
1871.734 59
1871.832 57
1871.930 61
1872.028 61
1872.126 68
1872.224 69
1872.322 70
1872.420 78
1872.518 85
1872.616 98
1872.714 112
1872.812 119
1872.910 120
1873.008 120
1873.106 120
1873.204 114
1873.302 112
1873.400 102
1873.498 104
1873.596 96
1873.694 87
1873.792 85
1873.890 70
1873.988 66
1874.086 62
1874.184 61
1874.283 54
1874.381 59
1874.479 61
1874.577 66
1874.675 75
1874.773 75
1874.871 78
1874.969 87
1875.067 90
1875.165 86
1875.263 83
1875.361 77
1875.459 74
1875.557 74
1875.655 71
1875.753 72
1875.852 76
1875.950 81
1876.048 84
1876.146 82
1876.244 86
1876.342 86
1876.440 82
1876.538 81
1876.636 75
1876.734 76
1876.832 76
1876.931 73
1877.029 65
1877.127 62
1877.225 66
1877.323 73
1877.421 75
1877.519 75
1877.617 73
1877.716 72
1877.814 83
1877.912 82
1878.010 79
1878.108 72
1878.206 64
1878.304 62
1878.403 62
1878.501 62
1878.599 69
1878.697 68
1878.795 65
1878.893 64
1878.992 57
1879.090 57
1879.188 59
1879.286 62
1879.384 60
1879.482 55
1879.581 55
1879.679 52
1879.777 50
1879.875 53
1879.973 52
1880.072 52
1880.170 54
1880.268 53
1880.366 55
1880.464 60
1880.563 66
1880.661 62
1880.759 60
1880.857 57
1880.955 50
1881.054 47
1881.152 46
1881.250 44
1881.348 48
1881.447 56
1881.545 63
1881.643 74
1881.741 82
1881.840 76
1881.938 74
1882.036 70
1882.134 72
1882.233 70
1882.331 69
1882.429 64
1882.527 60
1882.626 59
1882.724 59
1882.822 57
1882.920 55
1883.019 50
1883.117 46
1883.215 45
1883.313 38
1883.412 34
1883.510 35
1883.608 32
1883.707 37
1883.805 38
1883.903 45
1884.002 51
1884.100 54
1884.198 62
1884.296 63
1884.395 60
1884.493 62
1884.591 56
1884.690 51
1884.788 51
1884.886 49
1884.985 46
1885.083 45
1885.181 46
1885.280 44
1885.378 47
1885.476 49
1885.575 51
1885.673 49
1885.771 51
1885.870 50
1885.968 51
1886.066 54
1886.165 50
1886.263 49
1886.362 48
1886.460 43
1886.558 53
1886.657 57
1886.755 56
1886.853 65
1886.952 56
1887.050 54
1887.149 50
1887.247 41
1887.345 42
1887.444 40
1887.542 38
1887.640 33
1887.739 34
1887.837 37
1887.936 45
1888.034 57
1888.133 65
1888.231 66
1888.329 65
1888.428 75
1888.526 72
1888.625 71
1888.723 74
1888.821 70
1888.920 65
1889.018 65
1889.117 68
1889.215 64
1889.314 65
1889.412 66
1889.511 67
1889.609 71
1889.707 79
1889.806 82
1889.904 84
1890.003 82
1890.101 81
1890.200 77
1890.298 73
1890.397 66
1890.495 58
1890.594 56
1890.692 58
1890.791 55
1890.889 61
1890.988 68
1891.086 71
1891.185 73
1891.283 71
1891.381 68
1891.480 63
1891.578 60
1891.677 54
1891.776 50
1891.874 51
1891.973 51
1892.071 55
1892.170 57
1892.268 54
1892.367 56
1892.465 54
1892.564 53
1892.662 47
1892.761 42
1892.859 50
1892.958 52
1893.056 53
1893.155 51
1893.253 53
1893.352 53
1893.451 52
1893.549 60
1893.648 57
1893.746 56
1893.845 52
1893.943 50
1894.042 51
1894.140 52
1894.239 54
1894.338 53
1894.436 51
1894.535 49
1894.633 50
1894.732 49
1894.831 49
1894.929 50
1895.028 46
1895.126 55
1895.225 54
1895.323 56
1895.422 60
1895.521 64
1895.619 67
1895.718 70
1895.817 74
1895.915 78
1896.014 79
1896.112 79
1896.211 82
1896.310 80
1896.408 76
1896.507 74
1896.606 75
1896.704 72
1896.803 83
1896.901 85
1897.000 86
1897.099 88
1897.197 86
1897.296 89
1897.395 92
1897.493 95
1897.592 95
1897.691 97
1897.789 96
1897.888 93
1897.987 86
1898.085 84
1898.184 84
1898.283 79
1898.381 83
1898.480 85
1898.579 83
1898.677 82
1898.776 80
1898.875 77
1898.974 78
1899.072 76
1899.171 76
1899.270 75
1899.368 71
1899.467 68
1899.566 67
1899.665 62
1899.763 61
1899.862 60
1899.961 61
1900.059 65
1900.158 67
1900.257 72
1900.356 79
1900.454 78
1900.553 78
1900.652 81
1900.751 75
1900.849 73
1900.948 71
1901.047 67
1901.146 63
1901.244 60
1901.343 60
1901.442 50
1901.541 49
1901.639 51
1901.738 44
1901.837 42
1901.936 39
1902.034 36
1902.133 41
1902.232 47
1902.331 51
1902.430 57
1902.528 61
1902.627 58
1902.726 55
1902.825 53
1902.924 56
1903.022 54
1903.121 63
1903.220 63
1903.319 67
1903.418 73
1903.516 70
1903.615 67
1903.714 65
1903.813 61
1903.912 58
1904.011 54
1904.109 45
1904.208 41
1904.307 43
1904.406 43
1904.505 41
1904.604 44
1904.702 41
1904.801 41
1904.900 38
1904.999 35
1905.098 39
1905.197 44
1905.296 46
1905.395 48
1905.493 47
1905.592 47
1905.691 54
1905.790 53
1905.889 61
1905.988 63
1906.087 63
1906.186 61
1906.284 65
1906.383 66
1906.482 65
1906.581 74
1906.680 71
1906.779 73
1906.878 76
1906.977 68
1907.076 68
1907.175 67
1907.273 64
1907.372 58
1907.471 63
1907.570 65
1907.669 68
1907.768 68
1907.867 72
1907.966 72
1908.065 69
1908.164 69
1908.263 69
1908.362 69
1908.461 71
1908.560 64
1908.659 57
1908.758 61
1908.857 59
1908.955 65
1909.054 65
1909.153 59
1909.252 60
1909.351 51
1909.450 51
1909.549 48
1909.648 42
1909.747 41
1909.846 49
1909.945 54
1910.044 64
1910.143 68
1910.242 73
1910.341 75
1910.440 75
1910.539 75
1910.638 70
1910.737 64
1910.836 55
1910.935 44
1911.034 48
1911.133 53
1911.232 60
1911.331 62
1911.430 56
1911.529 59
1911.628 64
1911.727 65
1911.827 66
1911.926 66
1912.025 61
1912.124 62
1912.223 63
1912.322 64
1912.421 65
1912.520 64
1912.619 61
1912.718 59
1912.817 54
1912.916 55
1913.015 57
1913.114 61
1913.213 64
1913.312 59
1913.411 58
1913.511 56
1913.610 56
1913.709 58
1913.808 55
1913.907 53
1914.006 43
1914.105 39
1914.204 44
1914.303 44
1914.402 47
1914.502 43
1914.601 52
1914.700 62
1914.799 73
1914.898 85
1914.997 93
1915.096 98
1915.195 99
1915.294 107
1915.394 92
1915.493 81
1915.592 75
1915.691 61
1915.790 51
1915.889 50
1915.988 44
1916.088 38
1916.187 41
1916.286 40
1916.385 42
1916.484 50
1916.583 54
1916.683 56
1916.782 59
1916.881 61
1916.980 64
1917.079 65
1917.178 65
1917.278 70
1917.377 68
1917.476 65
1917.575 61
1917.674 58
1917.774 50
1917.873 48
1917.972 46
1918.071 40
1918.170 45
1918.270 45
1918.369 42
1918.468 42
1918.567 45
1918.666 46
1918.766 51
1918.865 54
1918.964 60
1919.063 68
1919.163 66
1919.262 68
1919.361 69
1919.460 69
1919.560 77
1919.659 81
1919.758 79
1919.857 85
1919.957 85
1920.056 96
1920.155 103
1920.254 105
1920.354 107
1920.453 107
1920.552 102
1920.651 94
1920.751 95
1920.850 94
1920.949 93
1921.048 91
1921.148 93
1921.247 86
1921.346 79
1921.446 73
1921.545 65
1921.644 59
1921.744 63
1921.843 71
1921.942 75
1922.041 86
1922.141 87
1922.240 82
1922.339 78
1922.439 71
1922.538 78
1922.637 78
1922.737 75
1922.836 71
1922.935 65
1923.035 63
1923.134 64
1923.233 65
1923.333 70
1923.432 69
1923.531 82
1923.631 84
1923.730 80
1923.829 75
1923.929 66
1924.028 53
1924.127 53
1924.227 56
1924.326 58
1924.426 61
1924.525 65
1924.624 68
1924.724 72
1924.823 75
1924.922 76
1925.022 74
1925.121 70
1925.221 69
1925.320 69
1925.419 73
1925.519 77
1925.618 76
1925.718 70
1925.817 63
1925.916 57
1926.016 58
1926.115 61
1926.215 61
1926.314 62
1926.414 57
1926.513 57
1926.612 55
1926.712 51
1926.811 45
1926.911 38
1927.010 37
1927.110 33
1927.209 30
1927.308 31
1927.408 33
1927.507 38
1927.607 42
1927.706 44
1927.806 48
1927.905 43
1928.005 44
1928.104 47
1928.204 48
1928.303 53
1928.403 59
1928.502 53
1928.601 54
1928.701 60
1928.800 54
1928.900 53
1928.999 56
1929.099 55
1929.198 62
1929.298 56
1929.397 52
1929.497 50
1929.596 51
1929.696 45
1929.795 44
1929.895 43
1929.994 37
1930.094 34
1930.194 33
1930.293 33
1930.393 36
1930.492 40
1930.592 41
1930.691 38
1930.791 41
1930.890 40
1930.990 41
1931.089 43
1931.189 50
1931.288 51
1931.388 55
1931.488 64
1931.587 64
1931.687 64
1931.786 61
1931.886 57
1931.985 53
1932.085 53
1932.184 60
1932.284 65
1932.384 69
1932.483 65
1932.583 62
1932.682 57
1932.782 57
1932.882 60
1932.981 57
1933.081 56
1933.180 52
1933.280 56
1933.380 57
1933.479 55
1933.579 55
1933.678 52
1933.778 52
1933.878 59
1933.977 64
1934.077 62
1934.177 59
1934.276 49
1934.376 44
1934.475 41
1934.575 41
1934.675 41
1934.774 46
1934.874 50
1934.974 50
1935.073 53
1935.173 53
1935.273 46
1935.372 42
1935.472 34
1935.572 32
1935.671 33
1935.771 32
1935.871 32
1935.970 28
1936.070 35
1936.170 43
1936.269 50
1936.369 52
1936.469 53
1936.568 51
1936.668 50
1936.768 53
1936.867 56
1936.967 57
1937.067 54
1937.167 45
1937.266 47
1937.366 47
1937.466 44
1937.565 44
1937.665 41
1937.765 36
1937.865 37
1937.964 36
1938.064 34
1938.164 37
1938.263 37
1938.363 48
1938.463 45
1938.563 47
1938.662 40
1938.762 40
1938.862 37
1938.962 34
1939.061 32
1939.161 29
1939.261 33
1939.361 37
1939.460 44
1939.560 52
1939.660 52
1939.760 51
1939.860 46
1939.959 49
1940.059 51
1940.159 50
1940.259 47
1940.358 42
1940.458 39
1940.558 42
1940.658 47
1940.758 54
1940.857 51
1940.957 49
1941.057 49
1941.157 50
1941.257 48
1941.357 45
1941.456 46
1941.556 47
1941.656 41
1941.756 45
1941.856 44
1941.955 41
1942.055 45
1942.155 42
1942.255 42
1942.355 47
1942.455 48
1942.554 47
1942.654 51
1942.754 42
1942.854 42
1942.954 46
1943.054 50
1943.154 53
1943.253 56
1943.353 55
1943.453 57
1943.553 50
1943.653 48
1943.753 45
1943.853 46
1943.953 49
1944.052 55
1944.152 58
1944.252 61
1944.352 61
1944.452 70
1944.552 77
1944.652 84
1944.752 97
1944.852 101
1944.952 106
1945.051 108
1945.151 105
1945.251 99
1945.351 94
1945.451 88
1945.551 92
1945.651 94
1945.751 93
1945.851 88
1945.951 92
1946.051 88
1946.151 89
1946.251 94
1946.351 90
1946.451 92
1946.550 89
1946.650 80
1946.750 69
1946.850 67
1946.950 71
1947.050 69
1947.150 81
1947.250 84
1947.350 89
1947.450 90
1947.550 86
1947.650 82
1947.750 77
1947.850 75
1947.950 73
1948.050 75
1948.150 72
1948.250 73
1948.350 83
1948.450 84
1948.550 82
1948.650 80
1948.750 76
1948.850 74
1948.950 73
1949.050 70
1949.150 71
1949.250 72
1949.350 79
1949.450 88
1949.550 95
1949.650 91
1949.750 90
1949.850 85
1949.950 76
1950.050 75
1950.150 64
1950.251 57
1950.351 50
1950.451 51
1950.551 52
1950.651 54
1950.751 55
1950.851 52
1950.951 59
1951.051 68
1951.151 79
1951.251 80
1951.351 79
1951.451 73
1951.551 65
1951.651 54
1951.752 47
1951.852 45
1951.952 39
1952.052 46
1952.152 52
1952.252 56
1952.352 61
1952.452 66
1952.552 66
1952.652 61
1952.753 66
1952.853 61
1952.953 56
1953.053 52
1953.153 49
1953.253 46
1953.353 52
1953.453 56
1953.554 57
1953.654 57
1953.754 59
1953.854 68
1953.954 69
1954.054 80
1954.154 81
1954.255 82
1954.355 83
1954.455 76
1954.555 71
1954.655 65
1954.755 57
1954.856 49
1954.956 50
1955.056 47
1955.156 48
1955.256 46
1955.356 46
1955.457 44
1955.557 36
1955.657 33
1955.757 30
1955.857 33
1955.958 38
1956.058 44
1956.158 47
1956.258 51
1956.358 56
1956.459 57
1956.559 59
1956.659 62
1956.759 65
1956.859 64
1956.960 67
1957.060 65
1957.160 62
1957.260 62
1957.361 59
1957.461 59
1957.561 52
1957.661 48
1957.762 46
1957.862 40
1957.962 40
1958.062 38
1958.163 37
1958.263 36
1958.363 35
1958.463 34
1958.564 33
1958.664 30
1958.764 31
1958.864 37
1958.965 40
1959.065 42
1959.165 46
1959.266 49
1959.366 48
1959.466 47
1959.566 54
1959.667 53
1959.767 57
1959.867 57
1959.968 52
1960.068 49
1960.168 48
1960.269 47
1960.369 54
1960.469 55
1960.569 50
1960.670 48
1960.770 42
1960.870 42
1960.971 42
1961.071 46
1961.171 43
1961.272 49
1961.372 54
1961.472 60
1961.573 52
1961.673 49
1961.773 45
1961.874 38
1961.974 44
1962.075 48
1962.175 52
1962.275 53
1962.376 58
1962.476 57
1962.576 61
1962.677 61
1962.777 62
1962.877 62
1962.978 62
1963.078 66
1963.179 63
1963.279 66
1963.379 60
1963.480 56
1963.580 56
1963.681 60
1963.781 59
1963.881 59
1963.982 57
1964.082 58
1964.183 57
1964.283 56
1964.383 51
1964.484 46
1964.584 43
1964.685 45
1964.785 38
1964.886 35
1964.986 36
1965.086 36
1965.187 30
1965.287 43
1965.388 45
1965.488 43
1965.589 45
1965.689 44
1965.790 45
1965.890 48
1965.990 51
1966.091 45
1966.191 49
1966.292 50
1966.392 51
1966.493 47
1966.593 46
1966.694 46
1966.794 44
1966.895 45
1966.995 42
1967.096 38
1967.196 42
1967.297 39
1967.397 42
1967.498 51
1967.598 51
1967.699 54
1967.799 56
1967.900 55
1968.000 57
1968.101 58
1968.201 67
1968.302 72
1968.402 77
1968.503 76
1968.603 75
1968.704 72
1968.804 74
1968.905 75
1969.005 77
1969.106 79
1969.207 83
1969.307 97
1969.408 97
1969.508 96
1969.609 104
1969.709 103
1969.810 109
1969.910 117
1970.011 107
1970.112 100
1970.212 100
1970.313 99
1970.413 96
1970.514 96
1970.614 91
1970.715 86
1970.816 80
1970.916 82
1971.017 78
1971.117 74
1971.218 68
1971.319 70
1971.419 75
1971.520 78
1971.620 86
1971.721 85
1971.822 79
1971.922 76
1972.023 69
1972.123 76
1972.224 80
1972.325 78
1972.425 86
1972.526 85
1972.627 92
1972.727 97
1972.828 99
1972.928 95
1973.029 90
1973.130 88
1973.230 84
1973.331 79
1973.432 74
1973.532 64
1973.633 61
1973.734 62
1973.834 61
1973.935 61
1974.036 60
1974.136 70
1974.237 70
1974.338 74
1974.438 76
1974.539 73
1974.640 71
1974.740 64
1974.841 58
1974.942 56
1975.043 56
1975.143 53
1975.244 56
1975.345 67
1975.445 71
1975.546 72
1975.647 73
1975.747 72
1975.848 76
1975.949 78
1976.050 75
1976.150 71
1976.251 69
1976.352 67
1976.453 68
1976.553 75
1976.654 74
1976.755 72
1976.855 66
1976.956 63
1977.057 60
1977.158 55
1977.258 55
1977.359 53
1977.460 53
1977.561 54
1977.661 46
1977.762 48
1977.863 53
1977.964 55
1978.065 50
1978.165 48
1978.266 45
1978.367 44
1978.468 47
1978.568 47
1978.669 46
1978.770 43
1978.871 46
1978.972 42
1979.072 44
1979.173 38
1979.274 41
1979.375 49
1979.476 49
1979.576 51
1979.677 60
1979.778 55
1979.879 55
1979.980 56
1980.081 53
1980.181 50
1980.282 53
1980.383 57
1980.484 59
1980.585 62
1980.686 64
1980.786 64
1980.887 58
1980.988 66
1981.089 68
1981.190 63
1981.291 62
1981.392 57
1981.492 52
1981.593 49
1981.694 42
1981.795 47
1981.896 47
1981.997 49
1982.098 52
1982.199 58
1982.299 60
1982.400 64
1982.501 66
1982.602 59
1982.703 60
1982.804 54
1982.905 55
1983.006 54
1983.107 52
1983.207 56
1983.308 54
1983.409 55
1983.510 56
1983.611 58
1983.712 57
1983.813 62
1983.914 64
1984.015 59
1984.116 63
1984.217 57
1984.318 58
1984.419 57
1984.519 50
1984.620 53
1984.721 61
1984.822 66
1984.923 69
1985.024 70
1985.125 71
1985.226 71
1985.327 70
1985.428 73
1985.529 69
1985.630 67
1985.731 62
1985.832 63
1985.933 61
1986.034 61
1986.135 58
1986.236 53
1986.337 52
1986.438 47
1986.539 42
1986.640 37
1986.741 36
1986.842 38
1986.943 39
1987.044 39
1987.145 41
1987.246 42
1987.347 48
1987.448 47
1987.549 49
1987.650 52
1987.751 51
1987.852 49
1987.953 52
1988.054 55
1988.155 55
1988.256 60
1988.357 62
1988.458 65
1988.559 67
1988.660 71
1988.761 70
1988.862 67
1988.963 66
1989.065 64
1989.166 60
1989.267 59
1989.368 59
1989.469 54
1989.570 54
1989.671 52
1989.772 45
1989.873 40
1989.974 37
1990.075 31
1990.176 30
1990.277 28
1990.379 32
1990.480 37
1990.581 43
1990.682 48
1990.783 49
1990.884 51
1990.985 53
1991.086 58
1991.187 58
1991.288 63
1991.390 62
1991.491 66
1991.592 67
1991.693 69
1991.794 77
1991.895 78
1991.996 83
1992.098 85
1992.199 85
1992.300 89
1992.401 92
1992.502 89
1992.603 90
1992.704 93
1992.806 94
1992.907 93
1993.008 100
1993.109 101
1993.210 101
1993.311 101
1993.413 107
1993.514 112
1993.615 119
1993.716 132
1993.817 143
1993.918 139
1994.020 134
1994.121 123
1994.222 116
1994.323 111
1994.424 103
1994.526 97
1994.627 88
1994.728 90
1994.829 89
1994.930 93
1995.032 89
1995.133 87
1995.234 86
1995.335 76
1995.436 70
1995.538 72
1995.639 69
1995.740 69
1995.841 71
1995.943 74
1996.044 76
1996.145 77
1996.246 80
1996.348 82
1996.449 82
1996.550 84
1996.651 86
1996.753 84
1996.854 85
1996.955 90
1997.056 93
1997.158 103
1997.259 105
1997.360 101
1997.462 98
1997.563 104
1997.664 110
1997.765 111
1997.867 116
1997.968 114
1998.069 107
1998.171 99
1998.272 97
1998.373 88
1998.474 82
1998.576 76
1998.677 59
1998.778 52
1998.880 46
1998.981 41
1999.082 35
1999.184 39
1999.285 44
1999.386 48
1999.488 56
1999.589 56
1999.690 57
1999.792 58
1999.893 51
1999.994 48
2000.096 50
2000.197 52
2000.298 53
2000.400 56
2000.501 55
2000.602 58
2000.704 61
2000.805 72
2000.906 75
2001.008 77
2001.109 84
2001.211 83
2001.312 89
2001.413 90
2001.515 92
2001.616 83
2001.717 78
2001.819 78
2001.920 74
2002.022 85
2002.123 90
2002.224 94
2002.326 102
2002.427 90
2002.529 79
2002.630 65
2002.731 58
2002.833 52
2002.934 53
2003.036 55
2003.137 51
2003.239 51
2003.340 52
2003.441 55
2003.543 62
2003.644 62
2003.746 65
2003.847 67
2003.949 68
2004.050 66
2004.152 62
2004.253 56
2004.354 52
2004.456 49
2004.557 48
2004.659 51
2004.760 50
2004.862 50
2004.963 49
2005.065 49
2005.166 49
2005.268 50
2005.369 49
2005.471 50
2005.572 52
2005.674 50
2005.775 48
2005.877 47
2005.978 36
2006.080 28
2006.181 25
2006.283 27
2006.384 27
2006.486 33
2006.587 32
2006.689 28
2006.790 24
2006.892 25
2006.993 28
2007.095 28
2007.196 35
2007.298 39
2007.399 46
2007.501 52
2007.602 56
2007.704 52
2007.805 48
2007.907 45
2008.009 44
2008.110 40
2008.212 39
2008.313 34
2008.415 27
2008.516 27
2008.618 25
2008.719 29
2008.821 29
2008.923 32
2009.024 36
2009.126 40
2009.227 44
2009.329 47
2009.430 49
2009.532 52
2009.634 46
2009.735 48
2009.837 49
2009.938 49
2010.040 54
2010.142 60
2010.243 62
2010.345 66
2010.446 68
2010.548 59
2010.650 55
2010.751 56
2010.853 49
2010.955 47
2011.056 46
2011.158 42
2011.259 47
2011.361 50
2011.463 48
2011.564 48
2011.666 48
2011.768 46
2011.869 46
2011.971 42
2012.073 40
2012.174 50
2012.276 54
2012.378 62
2012.479 63
2012.581 58
2012.683 52
2012.784 45
2012.886 39
2012.988 45
2013.089 46
2013.191 43
2013.293 48
2013.394 52
2013.496 58
2013.598 62
2013.699 70
2013.801 71
2013.903 68
2014.005 64
2014.106 57
2014.208 60
2014.310 65
2014.411 69
2014.513 70
2014.615 72
2014.717 71
2014.818 69
2014.920 68
2015.022 75
2015.123 80
2015.225 87
2015.327 90
2015.429 91
2015.530 97
2015.632 100
2015.734 109
2015.836 106
2015.937 102
2016.039 94
2016.141 86
2016.243 76
2016.344 70
2016.446 61
2016.548 56
2016.650 56
2016.751 60
2016.853 67
2016.955 71
2017.057 77
2017.159 74
2017.260 70
2017.362 70
2017.464 65
2017.566 65
2017.668 67
2017.769 68
2017.871 72
2017.973 80
2018.075 82
2018.177 96
2018.278 95
2018.380 100
2018.482 105
2018.584 109
2018.686 118
2018.788 117
2018.889 121
2018.991 120
2019.093 113
2019.195 109
2019.297 103
2019.399 104
2019.500 98
2019.602 95
2019.704 96
2019.806 84
2019.908 82
2020.010 86
2020.111 82
2020.213 79
2020.315 81
2020.417 80
2020.519 81
2020.621 78
2020.723 77
2020.825 68
2020.926 64
2021.028 62
2021.130 65
2021.232 75
2021.334 83
2021.436 99
2021.538 91
2021.640 90
2021.742 88
2021.844 79
2021.945 81
2022.047 84
2022.149 80
2022.251 80
2022.353 80
2022.455 80
2022.557 79
2022.659 75
2022.761 80
2022.863 81
2022.965 78
2023.067 73
2023.169 74
2023.270 69
2023.372 66
2023.474 67
2023.576 62
2023.678 59
2023.780 63
2023.882 68
2023.984 73
2024.086 70
2024.188 67
2024.290 57
2024.392 64
2024.494 66
2024.596 71
2024.698 72
2024.800 69
2024.902 67
2025.004 67
2025.106 65
2025.208 69
2025.310 68
2025.412 62
2025.514 60
2025.616 54
2025.718 55
2025.820 53
2025.922 50
2026.024 50
2026.126 47
2026.228 46
2026.330 51
2026.432 55
2026.534 59
2026.636 64
2026.738 65
2026.840 59
2026.942 54
2027.044 49
2027.146 47
2027.248 51
2027.350 54
2027.452 55
2027.554 58
2027.656 68
2027.758 71
2027.861 76
2027.963 78
2028.065 73
2028.167 75
2028.269 74
2028.371 67
2028.473 64
2028.575 61
2028.677 61
2028.779 63
2028.881 61
2028.983 56
2029.085 54
2029.188 57
2029.290 59
2029.392 60
2029.494 62
2029.596 63
2029.698 70
2029.800 71
2029.902 67
2030.004 70
2030.107 65
2030.209 63
2030.311 59
2030.413 58
2030.515 56
2030.617 56
2030.719 62
2030.821 59
2030.924 61
2031.026 57
2031.128 57
2031.230 48
2031.332 47
2031.434 50
2031.536 51
2031.639 57
2031.741 59
2031.843 61
2031.945 62
2032.047 61
2032.149 67
2032.252 68
2032.354 67
2032.456 70
2032.558 69
2032.660 66
2032.762 61
2032.865 56
2032.967 51
2033.069 49
2033.171 45
2033.273 41
2033.376 38
2033.478 37
2033.580 38
2033.682 36
2033.784 40
2033.887 41
2033.989 43
2034.091 45
2034.193 45
2034.296 50
2034.398 59
2034.500 68
2034.602 67
2034.704 68
2034.807 67
2034.909 69
2035.011 67
2035.113 61
2035.216 55
2035.318 43
2035.420 41
2035.522 48
2035.625 50
2035.727 50
2035.829 59
2035.932 58
2036.034 59
2036.136 60
2036.238 55
2036.341 52
2036.443 58
2036.545 55
2036.647 47
2036.750 46
2036.852 39
2036.954 39
2037.057 46
2037.159 51
2037.261 55
2037.364 61
2037.466 65
2037.568 67
2037.670 70
2037.773 73
2037.875 74
2037.977 74
2038.080 70
2038.182 71
2038.284 69
2038.387 72
2038.489 71
2038.591 71
2038.694 69
2038.796 73
2038.898 75
2039.001 78
2039.103 89
2039.205 95
2039.308 101
2039.410 100
2039.512 100
2039.615 93
2039.717 85
2039.820 77
2039.922 75
2040.024 80
2040.127 79
2040.229 89
2040.331 98
2040.434 105
2040.536 111
2040.639 112
2040.741 112
2040.843 108
2040.946 103
2041.048 103
2041.151 103
2041.253 110
2041.355 118
2041.458 129
2041.560 137
2041.663 133
2041.765 134
2041.867 129
2041.970 114
2042.072 105
2042.175 94
2042.277 80
2042.380 77
2042.482 85
2042.584 88
2042.687 100
2042.789 110
2042.892 112
2042.994 125
2043.097 140
2043.199 139
2043.302 139
2043.404 136
2043.507 123
2043.609 123
2043.711 121
2043.814 119
2043.916 123
2044.019 114
2044.121 110
2044.224 104
2044.326 96
2044.429 103
2044.531 102
2044.634 104
2044.736 111
2044.839 106
2044.941 100
2045.044 93
2045.146 88
2045.249 89
2045.351 90
2045.454 94
2045.556 83
2045.659 84
2045.761 82
2045.864 85
2045.966 83
2046.069 83
2046.171 82
2046.274 75
2046.376 68
2046.479 62
2046.582 71
2046.684 73
2046.787 80
2046.889 92
2046.992 88
2047.094 89
2047.197 92
2047.299 84
2047.402 84
2047.505 85
2047.607 81
2047.710 78
2047.812 73
2047.915 68
2048.017 64
2048.120 66
2048.223 68
2048.325 73
2048.428 76
2048.530 77
2048.633 77
2048.735 73
2048.838 75
2048.941 74
2049.043 70
2049.146 72
2049.248 64
2049.351 61
2049.454 61
2049.556 63
2049.659 65
2049.762 68
2049.864 68
2049.967 68
2050.069 65
2050.172 59
2050.275 60
2050.377 56
2050.480 57
2050.583 58
2050.685 58
2050.788 57
2050.891 59
2050.993 58
2051.096 55
2051.199 53
2051.301 51
2051.404 56
2051.506 61
2051.609 69
2051.712 75
2051.815 77
2051.917 77
2052.020 76
2052.123 76
2052.225 72
2052.328 69
2052.431 69
2052.533 54
2052.636 61
2052.739 65
2052.841 66
2052.944 61
2053.047 59
2053.149 62
2053.252 65
2053.355 69
2053.458 65
2053.560 61
2053.663 56
2053.766 54
2053.869 52
2053.971 48
2054.074 50
2054.177 49
2054.279 51
2054.382 49
2054.485 46
2054.588 44
2054.690 42
2054.793 41
2054.896 36
2054.999 39
2055.101 36
2055.204 36
2055.307 36
2055.410 32
2055.512 34
2055.615 32
2055.718 34
2055.821 33
2055.924 37
2056.026 39
2056.129 41
2056.232 42
2056.335 43
2056.437 46
2056.540 46
2056.643 53
2056.746 57
2056.849 56
2056.951 53
2057.054 46
2057.157 45
2057.260 43
2057.363 43
2057.466 44
2057.568 43
2057.671 43
2057.774 46
2057.877 48
2057.980 50
2058.083 52
2058.185 52
2058.288 52
2058.391 56
2058.494 64
2058.597 72
2058.700 76
2058.802 79
2058.905 74
2059.008 67
2059.111 75
2059.214 72
2059.317 66
2059.420 60
2059.522 47
2059.625 40
2059.728 40
2059.831 42
2059.934 40
2060.037 51
2060.140 59
2060.243 67
2060.345 76
2060.448 77
2060.551 72
2060.654 73
2060.757 73
2060.860 72
2060.963 68
2061.066 65
2061.169 50
2061.272 54
2061.375 61
2061.477 60
2061.580 71
2061.683 66
2061.786 64
2061.889 60
2061.992 61
2062.095 63
2062.198 59
2062.301 56
2062.404 53
2062.507 49
2062.610 47
2062.713 44
2062.816 39
2062.919 45
2063.022 49
2063.125 51
2063.227 52
2063.330 63
2063.433 68
2063.536 77
2063.639 84
2063.742 84
2063.845 89
2063.948 99
2064.051 105
2064.154 106
2064.257 108
2064.360 105
2064.463 104
2064.566 102
2064.669 101
2064.772 104
2064.875 105
2064.978 111
2065.081 113
2065.184 114
2065.287 111
2065.390 124
2065.493 131
2065.596 140
2065.699 154
2065.802 162
2065.905 159
2066.008 156
2066.112 147
2066.215 137
2066.318 135
2066.421 136
2066.524 131
2066.627 128
2066.730 127
2066.833 131
2066.936 125
2067.039 117
2067.142 110
2067.245 98
2067.348 91
2067.451 90
2067.554 92
2067.657 92
2067.760 93
2067.864 89
2067.967 85
2068.070 76
2068.173 68
2068.276 70
2068.379 73
2068.482 78
2068.585 79
2068.688 80
2068.791 80
2068.895 81
2068.998 83
2069.101 86
2069.204 89
2069.307 87
2069.410 86
2069.513 90
2069.616 87
2069.719 85
2069.823 83
2069.926 79
2070.029 74
2070.132 72
2070.235 63
2070.338 62
2070.441 63
2070.545 60
2070.648 59
2070.751 65
2070.854 71
2070.957 75
2071.060 86
2071.164 88
2071.267 86
2071.370 90
2071.473 90
2071.576 92
2071.679 95
2071.783 95
2071.886 93
2071.989 88
2072.092 92
2072.195 94
2072.299 92
2072.402 93
2072.505 92
2072.608 94
2072.711 98
2072.815 99
2072.918 93
2073.021 87
2073.124 79
2073.227 72
2073.331 72
2073.434 66
2073.537 64
2073.640 59
2073.744 57
2073.847 55
2073.950 57
2074.053 56
2074.157 58
2074.260 56
2074.363 54
2074.466 63
2074.570 62
2074.673 60
2074.776 66
2074.879 67
2074.983 68
2075.086 73
2075.189 79
2075.292 78
2075.396 77
2075.499 75
2075.602 69
2075.705 71
2075.809 68
2075.912 68
2076.015 69
2076.119 64
2076.222 59
2076.325 52
2076.428 52
2076.532 53
2076.635 54
2076.738 58
2076.842 60
2076.945 63
2077.048 62
2077.152 57
2077.255 58
2077.358 55
2077.462 54
2077.565 53
2077.668 53
2077.772 60
2077.875 69
2077.978 77
2078.082 89
2078.185 86
2078.288 80
2078.392 75
2078.495 67
2078.598 63
2078.702 67
2078.805 68
2078.908 70
2079.012 76
2079.115 74
2079.219 74
2079.322 78
2079.425 72
2079.529 67
2079.632 58
2079.735 49
2079.839 50
2079.942 54
2080.046 55
2080.149 55
2080.252 53
2080.356 52
2080.459 54
2080.563 50
2080.666 50
2080.769 52
2080.873 54
2080.976 59
2081.080 60
2081.183 63
2081.287 65
2081.390 68
2081.493 75
2081.597 74
2081.700 75
2081.804 88
2081.907 91
2082.011 93
2082.114 96
2082.217 90
2082.321 79
2082.424 74
2082.528 73
2082.631 60
2082.735 53
2082.838 51
2082.942 42
2083.045 38
2083.149 42
2083.252 39
2083.356 37
2083.459 39
2083.562 46
2083.666 55
2083.769 66
2083.873 76
2083.976 75
2084.080 77
2084.183 75
2084.287 75
2084.390 72
2084.494 65
2084.597 60
2084.701 51
2084.804 52
2084.908 55
2085.011 55
2085.115 59
2085.219 59
2085.322 57
2085.426 54
2085.529 64
2085.633 65
2085.736 72
2085.840 79
2085.943 89
2086.047 95
2086.150 94
2086.254 95
2086.357 87
2086.461 79
2086.565 76
2086.668 70
2086.772 69
2086.875 68
2086.979 65
2087.082 59
2087.186 60
2087.290 65
2087.393 72
2087.497 81
2087.600 88
2087.704 92
2087.807 95
2087.911 96
2088.015 107
2088.118 115
2088.222 120
2088.325 122
2088.429 123
2088.533 119
2088.636 120
2088.740 120
2088.843 124
2088.947 125
2089.051 138
2089.154 149
2089.258 157
2089.362 158
2089.465 151
2089.569 151
2089.672 147
2089.776 149
2089.880 151
2089.983 153
2090.087 153
2090.191 144
2090.294 145
2090.398 140
2090.502 133
2090.605 126
2090.709 114
2090.813 107
2090.916 107
2091.020 115
2091.124 121
2091.227 128
2091.331 142
2091.435 144
2091.538 143
2091.642 133
2091.746 123
2091.849 117
2091.953 113
2092.057 108
2092.161 110
2092.264 112
2092.368 113
2092.472 109
2092.575 103
2092.679 95
2092.783 91
2092.886 89
2092.990 81
2093.094 86
2093.198 92
2093.301 96
2093.405 94
2093.509 94
2093.613 98
2093.716 98
2093.820 96
2093.924 103
2094.028 105
2094.131 103
2094.235 109
2094.339 114
2094.443 109
2094.546 108
2094.650 106
2094.754 98
2094.858 94
2094.961 89
2095.065 75
2095.169 67
2095.273 63
2095.376 57
2095.480 57
2095.584 62
2095.688 61
2095.792 61
2095.895 67
2095.999 71
2096.103 72
2096.207 79
2096.311 87
2096.414 84
2096.518 91
2096.622 96
2096.726 99
2096.830 107
2096.933 103
2097.037 100
2097.141 89
2097.245 84
2097.349 80
2097.453 73
2097.556 71
2097.660 70
2097.764 71
2097.868 69
2097.972 69
2098.076 67
2098.179 69
2098.283 69
2098.387 73
2098.491 72
2098.595 72
2098.699 76
2098.803 65
2098.907 65
2099.010 65
2099.114 61
2099.218 65
2099.322 64
2099.426 64
2099.530 62
2099.634 63
2099.738 63
2099.841 60
2099.945 59
2100.049 60
2100.153 66
2100.257 70
2100.361 76
2100.465 74
2100.569 71
2100.673 76
2100.777 75
2100.881 80
2100.984 84
2101.088 79
2101.192 82
2101.296 78
2101.400 80
2101.504 83
2101.608 79
2101.712 86
2101.816 81
2101.920 84
2102.024 83
2102.128 84
2102.232 75
2102.336 70
2102.440 62
2102.544 58
2102.648 57
2102.752 54
2102.855 54
2102.959 58
2103.063 64
2103.167 71
2103.271 76
2103.375 76
2103.479 75
2103.583 70
2103.687 67
2103.791 65
2103.895 66
2103.999 64
2104.103 65
2104.207 68
2104.311 73
2104.415 80
2104.519 93
2104.623 99
2104.727 100
2104.831 99
2104.935 97
2105.039 93
2105.143 91
2105.247 90
2105.352 89
2105.456 88
2105.560 86
2105.664 89
2105.768 89
2105.872 94
2105.976 92
2106.080 86
2106.184 86
2106.288 89
2106.392 84
2106.496 83
2106.600 77
2106.704 75
2106.808 84
2106.912 94
2107.016 105
2107.120 113
2107.225 112
2107.329 107
2107.433 106
2107.537 99
2107.641 94
2107.745 87
2107.849 78
2107.953 72
2108.057 65
2108.161 64
2108.265 58
2108.370 59
2108.474 63
2108.578 69
2108.682 74
2108.786 69
2108.890 64
2108.994 61
2109.098 56
2109.203 62
2109.307 69
2109.411 73
2109.515 76
2109.619 79
2109.723 83
2109.827 84
2109.931 83
2110.036 83
2110.140 82
2110.244 85
2110.348 92
2110.452 98
2110.556 98
2110.661 94
2110.765 95
2110.869 85
2110.973 91
2111.077 86
2111.181 81
2111.286 80
2111.390 71
2111.494 73
2111.598 74
2111.702 73
2111.807 68
2111.911 68
2112.015 63
2112.119 58
2112.223 70
2112.328 74
2112.432 79
2112.536 87
2112.640 98
2112.744 105
2112.849 116
2112.953 123
2113.057 131
2113.161 140
2113.266 147
2113.370 158
2113.474 166
2113.578 164
2113.683 163
2113.787 152
2113.891 154
2113.995 162
2114.100 173
2114.204 169
2114.308 164
2114.412 168
2114.517 165
2114.621 175
2114.725 178
2114.829 175
2114.934 172
2115.038 168
2115.142 173
2115.246 171
2115.351 171
2115.455 163
2115.559 159
2115.664 159
2115.768 157
2115.872 159
2115.976 148
2116.081 138
2116.185 132
2116.289 119
2116.394 116
2116.498 112
2116.602 109
2116.707 95
2116.811 98
2116.915 104
2117.020 110
2117.124 122
2117.228 126
2117.333 131
2117.437 139
2117.541 137
2117.646 133
2117.750 127
2117.854 124
2117.959 127
2118.063 126
2118.167 123
2118.272 111
2118.376 111
2118.480 117
2118.585 116
2118.689 116
2118.794 124
2118.898 119
2119.002 120
2119.107 120
2119.211 121
2119.315 113
2119.420 107
2119.524 94
2119.629 80
2119.733 76
2119.837 78
2119.942 73
2120.046 71
2120.151 77
2120.255 76
2120.359 78
2120.464 77
2120.568 75
2120.673 76
2120.777 80
2120.882 80
2120.986 78
2121.090 79
2121.195 76
2121.299 75
2121.404 76
2121.508 78
2121.613 81
2121.717 80
2121.821 78
2121.926 77
2122.030 73
2122.135 76
2122.239 75
2122.344 72
2122.448 71
2122.553 70
2122.657 67
2122.762 65
2122.866 68
2122.971 70
2123.075 75
2123.179 76
2123.284 78
2123.388 73
2123.493 72
2123.597 73
2123.702 71
2123.806 74
2123.911 84
2124.015 86
2124.120 90
2124.224 97
2124.329 98
2124.433 94
2124.538 91
2124.642 90
2124.747 91
2124.852 89
2124.956 88
2125.061 87
2125.165 84
2125.270 81
2125.374 85
2125.479 83
2125.583 80
2125.688 85
2125.792 79
2125.897 78
2126.001 77
2126.106 70
2126.211 73
2126.315 71
2126.420 73
2126.524 76
2126.629 83
2126.733 82
2126.838 78
2126.942 77
2127.047 74
2127.152 74
2127.256 72
2127.361 69
2127.465 63
2127.570 63
2127.675 68
2127.779 74
2127.884 80
2127.988 85
2128.093 83
2128.198 81
2128.302 80
2128.407 73
2128.511 72
2128.616 79
2128.721 75
2128.825 84
2128.930 78
2129.035 78
2129.139 79
2129.244 84
2129.348 90
2129.453 87
2129.558 90
2129.662 87
2129.767 89
2129.872 94
2129.976 97
2130.081 100
2130.186 97
2130.290 92
2130.395 84
2130.500 79
2130.604 85
2130.709 94
2130.814 100
2130.918 111
2131.023 111
2131.128 107
2131.232 103
2131.337 97
2131.442 89
2131.546 91
2131.651 97
2131.756 110
2131.860 112
2131.965 112
2132.070 110
2132.175 103
2132.279 98
2132.384 90
2132.489 81
2132.593 79
2132.698 71
2132.803 65
2132.908 61
2133.012 62
2133.117 65
2133.222 69
2133.327 71
2133.431 70
2133.536 72
2133.641 73
2133.745 74
2133.850 77
2133.955 80
2134.060 86
2134.164 95
2134.269 101
2134.374 111
2134.479 108
2134.584 110
2134.688 107
2134.793 100
2134.898 98
2135.003 94
2135.107 94
2135.212 94
2135.317 95
2135.422 97
2135.527 102
2135.631 109
2135.736 111
2135.841 107
2135.946 115
2136.051 116
2136.155 118
2136.260 127
2136.365 129
2136.470 132
2136.575 132
2136.679 128
2136.784 134
2136.889 134
2136.994 136
2137.099 145
2137.204 151
2137.308 149
2137.413 153
2137.518 152
2137.623 162
2137.728 164
2137.833 168
2137.937 165
2138.042 157
2138.147 152
2138.252 142
2138.357 140
2138.462 138
2138.567 137
2138.671 136
2138.776 139
2138.881 137
2138.986 139
2139.091 144
2139.196 147
2139.301 141
2139.406 141
2139.511 135
2139.615 132
2139.720 133
2139.825 137
2139.930 130
2140.035 125
2140.140 114
2140.245 117
2140.350 122
2140.455 123
2140.560 129
2140.664 139
2140.769 145
2140.874 159
2140.979 162
2141.084 151
2141.189 146
2141.294 132
2141.399 129
2141.504 126
2141.609 119
2141.714 110
2141.819 94
2141.924 86
2142.029 76
2142.134 75
2142.239 75
2142.344 68
2142.448 71
2142.553 80
2142.658 80
2142.763 91
2142.868 97
2142.973 98
2143.078 109
2143.183 102
2143.288 99
2143.393 90
2143.498 77
2143.603 75
2143.708 73
2143.813 73
2143.918 69
2144.023 67
2144.128 68
2144.233 68
2144.338 64
2144.443 63
2144.548 67
2144.653 64
2144.758 72
2144.863 74
2144.968 76
2145.073 79
2145.178 77
2145.283 77
2145.389 79
2145.494 89
2145.599 93
2145.704 87
2145.809 84
2145.914 79
2146.019 69
2146.124 71
2146.229 71
2146.334 61
2146.439 57
2146.544 53
2146.649 54
2146.754 59
2146.859 55
2146.964 68
2147.069 72
2147.175 75
2147.280 80
2147.385 81
2147.490 79
2147.595 76
2147.700 77
2147.805 72
2147.910 67
2148.015 63
2148.120 48
2148.225 41
2148.331 42
2148.436 41
2148.541 52
2148.646 58
2148.751 63
2148.856 74
2148.961 83
2149.066 86
2149.172 86
2149.277 87
2149.382 84
2149.487 84
2149.592 82
2149.697 84
2149.802 86
2149.908 85
2150.013 84
2150.118 79
2150.223 80
2150.328 79
2150.433 78
2150.539 78
2150.644 83
2150.749 84
2150.854 85
2150.959 86
2151.064 76
2151.170 76
2151.275 76
2151.380 73
2151.485 81
2151.590 74
2151.696 70
2151.801 65
2151.906 61
2152.011 66
2152.116 66
2152.222 69
2152.327 68
2152.432 70
2152.537 72
2152.642 72
2152.748 75
2152.853 75
2152.958 75
2153.063 76
2153.169 75
2153.274 73
2153.379 74
2153.484 77
2153.589 87
2153.695 88
2153.800 85
2153.905 89
2154.010 85
2154.116 83
2154.221 82
2154.326 82
2154.431 79
2154.537 78
2154.642 75
2154.747 76
2154.853 80
2154.958 78
2155.063 77
2155.168 79
2155.274 74
2155.379 81
2155.484 85
2155.590 91
2155.695 97
2155.800 99
2155.905 96
2156.011 86
2156.116 78
2156.221 69
2156.327 69
2156.432 68
2156.537 63
2156.643 63
2156.748 62
2156.853 62
2156.959 67
2157.064 73
2157.169 75
2157.275 79
2157.380 76
2157.485 71
2157.591 66
2157.696 64
2157.801 57
2157.907 58
2158.012 59
2158.117 63
2158.223 69
2158.328 71
2158.433 74
2158.539 73
2158.644 78
2158.749 82
2158.855 88
2158.960 95
2159.066 100
2159.171 108
2159.276 105
2159.382 102
2159.487 101
2159.593 98
2159.698 98
2159.803 93
2159.909 91
2160.014 89
2160.120 89
2160.225 85
2160.330 81
2160.436 80
2160.541 77
2160.647 73
2160.752 74
2160.857 81
2160.963 83
2161.068 86
2161.174 82
2161.279 92
2161.385 101
2161.490 112
2161.595 119
2161.701 122
2161.806 128
2161.912 133
2162.017 143
2162.123 146
2162.228 151
2162.334 153
2162.439 152
2162.545 146
2162.650 141
2162.756 136
2162.861 123
2162.966 130
2163.072 132
2163.177 130
2163.283 137
2163.388 129
2163.494 126
2163.599 129
2163.705 126
2163.810 116
2163.916 110
2164.021 101
2164.127 90
2164.232 97
2164.338 99
2164.443 98
2164.549 96
2164.654 93
2164.760 91
2164.865 91
2164.971 90
2165.077 91
2165.182 96
2165.288 102
2165.393 104
2165.499 103
2165.604 104
2165.710 98
2165.815 92
2165.921 97
2166.026 99
2166.132 96
2166.237 102
2166.343 102
2166.449 107
2166.554 110
2166.660 115
2166.765 114
2166.871 101
2166.976 91
2167.082 85
2167.188 75
2167.293 72
2167.399 63
2167.504 58
2167.610 61
2167.716 66
2167.821 71
2167.927 77
2168.032 82
2168.138 84
2168.244 82
2168.349 84
2168.455 93
2168.560 90
2168.666 85
2168.772 86
2168.877 81
2168.983 78
2169.088 77
2169.194 76
2169.300 74
2169.405 72
2169.511 70
2169.617 73
2169.722 74
2169.828 74
2169.934 74
2170.039 70
2170.145 63
2170.251 60
2170.356 60
2170.462 62
2170.568 63
2170.673 65
2170.779 72
2170.885 78
2170.990 80
2171.096 81
2171.202 82
2171.307 85
2171.413 83
2171.519 81
2171.624 84
2171.730 80
2171.836 87
2171.941 98
2172.047 104
2172.153 104
2172.259 109
2172.364 107
2172.470 109
2172.576 108
2172.681 91
2172.787 83
2172.893 78
2172.999 74
2173.104 81
2173.210 85
2173.316 85
2173.421 79
2173.527 76
2173.633 79
2173.739 79
2173.844 76
2173.950 76
2174.056 69
2174.162 60
2174.267 55
2174.373 60
2174.479 62
2174.585 66
2174.691 72
2174.796 70
2174.902 65
2175.008 65
2175.114 67
2175.219 67
2175.325 73
2175.431 80
2175.537 81
2175.643 83
2175.748 83
2175.854 88
2175.960 83
2176.066 85
2176.172 81
2176.277 79
2176.383 76
2176.489 76
2176.595 72
2176.701 67
2176.806 64
2176.912 67
2177.018 68
2177.124 67
2177.230 66
2177.336 65
2177.441 68
2177.547 77
2177.653 83
2177.759 89
2177.865 93
2177.971 93
2178.076 98
2178.182 99
2178.288 94
2178.394 81
2178.500 71
2178.606 65
2178.712 64
2178.817 60
2178.923 52
2179.029 53
2179.135 59
2179.241 65
2179.347 71
2179.453 76
2179.559 77
2179.665 83
2179.770 88
2179.876 84
2179.982 76
2180.088 70
2180.194 64
2180.300 63
2180.406 62
2180.512 59
2180.618 65
2180.724 60
2180.829 63
2180.935 66
2181.041 78
2181.147 74
2181.253 73
2181.359 74
2181.465 72
2181.571 80
2181.677 83
2181.783 87
2181.889 83
2181.995 86
2182.101 86
2182.207 86
2182.313 82
2182.419 75
2182.525 72
2182.630 67
2182.736 75
2182.842 78
2182.948 81
2183.054 87
2183.160 86
2183.266 92
2183.372 95
2183.478 95
2183.584 97
2183.690 102
2183.796 113
2183.902 119
2184.008 128
2184.114 127
2184.220 123
2184.326 126
2184.432 124
2184.538 123
2184.644 122
2184.750 124
2184.856 125
2184.962 129
2185.068 131
2185.174 129
2185.280 131
2185.386 133
2185.493 136
2185.599 141
2185.705 148
2185.811 154
2185.917 156
2186.023 165
2186.129 162
2186.235 157
2186.341 151
2186.447 142
2186.553 134
2186.659 136
2186.765 135
2186.871 130
2186.977 132
2187.083 133
2187.189 134
2187.295 136
2187.402 138
2187.508 128
2187.614 122
2187.720 116
2187.826 109
2187.932 111
2188.038 113
2188.144 115
2188.250 110
2188.356 114
2188.463 114
2188.569 108
2188.675 105
2188.781 103
2188.887 104
2188.993 106
2189.099 100
2189.205 96
2189.311 89
2189.418 81
2189.524 76
2189.630 74
2189.736 73
2189.842 76
2189.948 84
2190.054 81
2190.161 83
2190.267 88
2190.373 93
2190.479 103
2190.585 108
2190.691 114
2190.798 116
2190.904 113
2191.010 114
2191.116 109
2191.222 103
2191.328 97
2191.435 90
2191.541 88
2191.647 80
2191.753 81
2191.859 79
2191.966 73
2192.072 68
2192.178 63
2192.284 61
2192.390 61
2192.497 55
2192.603 59
2192.709 60
2192.815 65
2192.921 73
2193.028 77
2193.134 80
2193.240 79
2193.346 87
2193.453 82
2193.559 78
2193.665 77
2193.771 74
2193.878 72
2193.984 74
2194.090 71
2194.196 80
2194.303 82
2194.409 83
2194.515 83
2194.621 83
2194.728 83
2194.834 87
2194.940 94
2195.046 94
2195.153 83
2195.259 75
2195.365 67
2195.471 61
2195.578 54
2195.684 49
2195.790 50
2195.897 48
2196.003 51
2196.109 58
2196.216 63
2196.322 68
2196.428 71
2196.534 72
2196.641 72
2196.747 68
2196.853 64
2196.960 59
2197.066 60
2197.172 61
2197.279 56
2197.385 53
2197.491 47
2197.598 51
2197.704 55
2197.810 54
2197.917 56
2198.023 60
2198.129 58
2198.236 59
2198.342 62
2198.448 59
2198.555 63
2198.661 68
2198.768 69
2198.874 82
2198.980 88
2199.087 84
2199.193 81
2199.299 78
2199.406 75
2199.512 75
2199.619 78
2199.725 87
2199.831 83
2199.938 83
2200.044 80
2200.150 82
2200.257 83
2200.363 81
2200.470 77
2200.576 79
2200.682 80
2200.789 85
2200.895 90
2201.002 96
2201.108 107
2201.215 111
2201.321 114
2201.427 119
2201.534 110
2201.640 103
2201.747 93
2201.853 80
2201.960 78
2202.066 78
2202.173 76
2202.279 87
2202.385 93
2202.492 103
2202.598 105
2202.705 110
2202.811 106
2202.918 97
2203.024 98
2203.131 84
2203.237 82
2203.344 78
2203.450 79
2203.557 72
2203.663 69
2203.770 69
2203.876 66
2203.983 64
2204.089 69
2204.196 72
2204.302 75
2204.409 80
2204.515 70
2204.622 70
2204.728 67
2204.835 61
2204.941 61
2205.048 58
2205.154 55
2205.261 57
2205.367 62
2205.474 62
2205.580 68
2205.687 73
2205.793 78
2205.900 83
2206.006 85
2206.113 93
2206.219 89
2206.326 87
2206.433 81
2206.539 80
2206.646 83
2206.752 82
2206.859 82
2206.965 83
2207.072 79
2207.178 81
2207.285 83
2207.392 85
2207.498 89
2207.605 93
2207.711 95
2207.818 103
2207.925 102
2208.031 102
2208.138 103
2208.244 107
2208.351 110
2208.458 112
2208.564 116
2208.671 127
2208.777 139
2208.884 144
2208.991 157
2209.097 163
2209.204 161
2209.310 166
2209.417 176
2209.524 179
2209.630 184
2209.737 184
2209.844 179
2209.950 177
2210.057 178
2210.164 178
2210.270 176
2210.377 173
2210.483 167
2210.590 169
2210.697 164
2210.803 163
2210.910 151
2211.017 140
2211.123 129
2211.230 123
2211.337 123
2211.443 122
2211.550 118
2211.657 115
2211.763 116
2211.870 115
2211.977 118
2212.084 122
2212.190 119
2212.297 118
2212.404 117
2212.510 115
2212.617 120
2212.724 130
2212.830 141
2212.937 142
2213.044 144
2213.151 140
2213.257 140
2213.364 136
2213.471 132
2213.578 131
2213.684 127
2213.791 116
2213.898 109
2214.004 103
2214.111 94
2214.218 88
2214.325 84
2214.431 85
2214.538 84
2214.645 90
2214.752 98
2214.858 100
2214.965 106
2215.072 102
2215.179 103
2215.286 104
2215.392 103
2215.499 111
2215.606 111
2215.713 110
2215.819 112
2215.926 110
2216.033 107
2216.140 107
2216.247 107
2216.353 114
2216.460 112
2216.567 108
2216.674 101
2216.781 88
2216.887 86
2216.994 83
2217.101 81
2217.208 84
2217.315 88
2217.421 84
2217.528 77
2217.635 76
2217.742 81
2217.849 88
2217.956 89
2218.062 91
2218.169 94
2218.276 88
2218.383 84
2218.490 78
2218.597 77
2218.704 76
2218.810 74
2218.917 76
2219.024 74
2219.131 77
2219.238 81
2219.345 71
2219.452 67
2219.558 63
2219.665 61
2219.772 58
2219.879 59
2219.986 61
2220.093 63
2220.200 71
2220.307 72
2220.414 77
2220.520 87
2220.627 81
2220.734 81
2220.841 84
2220.948 77
2221.055 75
2221.162 74
2221.269 73
2221.376 75
2221.483 80
2221.590 83
2221.697 88
2221.803 91
2221.910 99
2222.017 99
2222.124 94
2222.231 97
2222.338 88
2222.445 87
2222.552 80
2222.659 73
2222.766 65
2222.873 71
2222.980 76
2223.087 85
2223.194 94
2223.301 93
2223.408 91
2223.515 85
2223.622 93
2223.729 93
2223.836 93
2223.943 93
2224.050 90
2224.157 94
2224.264 101
2224.371 102
2224.478 105
2224.585 97
2224.692 90
2224.799 91
2224.906 85
2225.013 90
2225.120 89
2225.227 88
2225.334 87
2225.441 81
2225.548 79
2225.655 73
2225.762 69
2225.869 66
2225.976 68
2226.083 64
2226.190 65
2226.297 59
2226.404 57
2226.511 62
2226.618 60
2226.725 64
2226.832 64
2226.939 61
2227.046 72
2227.153 75
2227.260 77
2227.367 79
2227.475 86
2227.582 88
2227.689 94
2227.796 96
2227.903 94
2228.010 91
2228.117 88
2228.224 82
2228.331 83
2228.438 79
2228.545 79
2228.653 75
2228.760 78
2228.867 80
2228.974 79
2229.081 79
2229.188 80
2229.295 78
2229.402 81
2229.509 83
2229.617 83
2229.724 86
2229.831 85
2229.938 81
2230.045 71
2230.152 75
2230.259 77
2230.366 79
2230.474 84
2230.581 91
2230.688 90
2230.795 91
2230.902 93
2231.009 98
2231.117 104
2231.224 106
2231.331 111
2231.438 111
2231.545 108
2231.652 111
2231.760 108
2231.867 112
2231.974 115
2232.081 120
2232.188 135
2232.295 144
2232.403 152
2232.510 166
2232.617 167
2232.724 171
2232.831 177
2232.939 181
2233.046 188
2233.153 189
2233.260 190
2233.367 190
2233.475 190
2233.582 191
2233.689 191
2233.796 193
2233.904 192
2234.011 190
2234.118 187
2234.225 189
2234.333 178
2234.440 170
2234.547 170
2234.654 164
2234.761 167
2234.869 165
2234.976 168
2235.083 164
2235.191 163
2235.298 156
2235.405 144
2235.512 136
2235.620 133
2235.727 150
2235.834 158
2235.941 165
2236.049 166
2236.156 165
2236.263 163
2236.371 160
2236.478 150
2236.585 146
2236.692 142
2236.800 138
2236.907 139
2237.014 132
2237.122 125
2237.229 117
2237.336 110
2237.444 102
2237.551 100
2237.658 102
2237.766 104
2237.873 116
2237.980 122
2238.087 118
2238.195 121
2238.302 117
2238.409 118
2238.517 121
2238.624 115
2238.732 113
2238.839 109
2238.946 105
2239.054 103
2239.161 101
2239.268 92
2239.376 79
2239.483 66
2239.590 60
2239.698 63
2239.805 65
2239.913 65
2240.020 63
2240.127 64
2240.235 64
2240.342 72
2240.449 79
2240.557 78
2240.664 82
2240.772 89
2240.879 95
2240.986 93
2241.094 86
2241.201 84
2241.309 85
2241.416 86
2241.523 87
2241.631 87
2241.738 78
2241.846 77
2241.953 75
2242.061 76
2242.168 80
2242.275 80
2242.383 84
2242.490 91
2242.598 100
2242.705 103
2242.813 104
2242.920 100
2243.028 89
2243.135 85
2243.242 83
2243.350 80
2243.457 81
2243.565 82
2243.672 81
2243.780 82
2243.887 80
2243.995 78
2244.102 75
2244.210 75
2244.317 76
2244.425 81
2244.532 89
2244.640 97
2244.747 111
2244.855 106
2244.962 99
2245.070 97
2245.177 91
2245.285 87
2245.392 88
2245.500 83
2245.607 81
2245.715 82
2245.822 80
2245.930 81
2246.037 84
2246.145 89
2246.252 92
2246.360 98
2246.467 105
2246.575 109
2246.682 108
2246.790 111
2246.898 114
2247.005 111
2247.113 109
2247.220 107
2247.328 103
2247.435 101
2247.543 102
2247.650 99
2247.758 104
2247.866 109
2247.973 113
2248.081 108
2248.188 105
2248.296 107
2248.403 106
2248.511 101
2248.619 100
2248.726 99
2248.834 99
2248.941 100
2249.049 96
2249.157 95
2249.264 89
2249.372 85
2249.479 86
2249.587 87
2249.695 88
2249.802 95
2249.910 96
2250.017 99
2250.125 100
2250.233 96
2250.340 93
2250.448 93
2250.556 92
2250.663 84
2250.771 76
2250.879 73
2250.986 67
2251.094 64
2251.201 66
2251.309 69
2251.417 76
2251.524 77
2251.632 84
2251.740 88
2251.847 95
2251.955 103
2252.063 108
2252.170 107
2252.278 106
2252.386 109
2252.494 103
2252.601 103
2252.709 105
2252.817 100
2252.924 94
2253.032 90
2253.140 85
2253.247 85
2253.355 89
2253.463 92
2253.570 101
2253.678 103
2253.786 113
2253.894 113
2254.001 109
2254.109 102
2254.217 91
2254.325 87
2254.432 83
2254.540 84
2254.648 82
2254.755 84
2254.863 87
2254.971 91
2255.079 92
2255.186 96
2255.294 103
2255.402 103
2255.510 102
2255.617 100
2255.725 101
2255.833 106
2255.941 116
2256.048 131
2256.156 147
2256.264 163
2256.372 175
2256.480 186
2256.587 197
2256.695 199
2256.803 201
2256.911 199
2257.019 194
2257.126 190
2257.234 188
2257.342 186
2257.450 195
2257.558 199
2257.665 200
2257.773 201
2257.881 200
2257.989 200
2258.097 197
2258.204 193
2258.312 187
2258.420 183
2258.528 174
2258.636 164
2258.744 158
2258.851 146
2258.959 152
2259.067 165
2259.175 166
2259.283 175
2259.391 184
2259.499 185
2259.606 181
2259.714 173
2259.822 162
2259.930 158
2260.038 160
2260.146 167
2260.254 168
2260.361 169
2260.469 165
2260.577 169
2260.685 158
2260.793 154
2260.901 159
2261.009 156
2261.117 165
2261.225 164
2261.332 162
2261.440 157
2261.548 151
2261.656 153
2261.764 154
2261.872 161
2261.980 155
2262.088 146
2262.196 135
2262.304 124
2262.412 120
2262.519 115
2262.627 114
2262.735 111
2262.843 113
2262.951 115
2263.059 111
2263.167 115
2263.275 118
2263.383 118
2263.491 120
2263.599 129
2263.707 133
2263.815 136
2263.923 135
2264.031 134
2264.139 134
2264.247 128
2264.355 124
2264.463 112
2264.571 109
2264.679 105
2264.787 101
2264.895 95
2265.003 87
2265.110 82
2265.218 79
2265.326 80
2265.434 73
2265.542 79
2265.650 80
2265.758 80
2265.867 93
2265.975 91
2266.083 90
2266.191 94
2266.299 97
2266.407 103
2266.515 107
2266.623 101
2266.731 100
2266.839 99
2266.947 94
2267.055 93
2267.163 100
2267.271 99
2267.379 91
2267.487 93
2267.595 91
2267.703 91
2267.811 88
2267.919 90
2268.027 86
2268.135 91
2268.243 93
2268.351 103
2268.459 102
2268.568 100
2268.676 95
2268.784 94
2268.892 93
2269.000 94
2269.108 95
2269.216 95
2269.324 96
2269.432 91
2269.540 91
2269.648 88
2269.757 91
2269.865 86
2269.973 87
2270.081 78
2270.189 73
2270.297 75
2270.405 76
2270.513 75
2270.621 80
2270.730 84
2270.838 84
2270.946 90
2271.054 89
2271.162 89
2271.270 87
2271.378 95
2271.487 94
2271.595 93
2271.703 91
2271.811 92
2271.919 94
2272.027 95
2272.135 98
2272.244 93
2272.352 91
2272.460 92
2272.568 93
2272.676 94
2272.785 99
2272.893 99
2273.001 97
2273.109 97
2273.217 90
2273.325 89
2273.434 91
2273.542 87
2273.650 88
2273.758 91
2273.866 92
2273.975 96
2274.083 94
2274.191 89
2274.299 87
2274.407 80
2274.516 82
2274.624 84
2274.732 92
2274.840 103
2274.949 104
2275.057 108
2275.165 112
2275.273 116
2275.382 114
2275.490 110
2275.598 106
2275.706 101
2275.815 100
2275.923 96
2276.031 96
2276.139 87
2276.248 83
2276.356 83
2276.464 83
2276.572 80
2276.681 82
2276.789 85
2276.897 86
2277.005 79
2277.114 81
2277.222 74
2277.330 73
2277.439 81
2277.547 82
2277.655 84
2277.763 85
2277.872 93
2277.980 89
2278.088 87
2278.197 83
2278.305 78
2278.413 74
2278.522 76
2278.630 79
2278.738 75
2278.847 81
2278.955 82
2279.063 84
2279.172 96
2279.280 99
2279.388 100
2279.497 95
2279.605 96
2279.713 94
2279.822 94
2279.930 99
2280.038 104
2280.147 106
2280.255 111
2280.363 119
2280.472 122
2280.580 129
2280.689 136
2280.797 145
2280.905 152
2281.014 158
2281.122 163
2281.230 164
2281.339 159
2281.447 151
2281.556 146
2281.664 136
2281.772 137
2281.881 138
2281.989 141
2282.098 156
2282.206 165
2282.314 162
2282.423 163
2282.531 159
2282.640 154
2282.748 157
2282.856 157
2282.965 156
2283.073 144
2283.182 146
2283.290 143
2283.399 137
2283.507 133
2283.615 123
2283.724 119
2283.832 112
2283.941 100
2284.049 100
2284.158 102
2284.266 103
2284.375 111
2284.483 115
2284.592 116
2284.700 124
2284.808 128
2284.917 122
2285.025 119
2285.134 108
2285.242 95
2285.351 97
2285.459 100
2285.568 106
2285.676 109
2285.785 105
2285.893 96
2286.002 89
2286.110 88
2286.219 88
2286.327 89
2286.436 91
2286.544 96
2286.653 100
2286.761 103
2286.870 106
2286.978 108
2287.087 106
2287.195 108
2287.304 110
2287.413 106
2287.521 103
2287.630 97
2287.738 94
2287.847 83
2287.955 83
2288.064 82
2288.172 78
2288.281 78
2288.389 81
2288.498 83
2288.607 80
2288.715 93
2288.824 90
2288.932 95
2289.041 95
2289.149 88
2289.258 96
2289.367 92
2289.475 91
2289.584 90
2289.692 84
2289.801 85
2289.909 90
2290.018 88
2290.127 87
2290.235 88
2290.344 86
2290.452 85
2290.561 88
2290.670 81
2290.778 72
2290.887 74
2290.996 69
2291.104 70
2291.213 74
2291.321 73
2291.430 73
2291.539 76
2291.647 75
2291.756 80
2291.865 82
2291.973 83
2292.082 80
2292.191 77
2292.299 77
2292.408 74
2292.517 67
2292.625 69
2292.734 73
2292.842 75
2292.951 80
2293.060 83
2293.168 83
2293.277 90
2293.386 91
2293.495 97
2293.603 100
2293.712 98
2293.821 101
2293.929 100
2294.038 108
2294.147 109
2294.255 114
2294.364 108
2294.473 111
2294.581 111
2294.690 108
2294.799 112
2294.908 108
2295.016 109
2295.125 108
2295.234 103
2295.342 102
2295.451 103
2295.560 103
2295.669 103
2295.777 105
2295.886 106
2295.995 108
2296.104 111
2296.212 105
2296.321 107
2296.430 110
2296.539 104
2296.647 103
2296.756 98
2296.865 91
2296.974 90
2297.082 93
2297.191 94
2297.300 95
2297.409 85
2297.518 84
2297.626 89
2297.735 97
2297.844 96
2297.953 96
2298.061 98
2298.170 95
2298.279 98
2298.388 89
2298.497 86
2298.605 83
2298.714 76
2298.823 74
2298.932 70
2299.041 67
2299.149 70
2299.258 73
2299.367 77
2299.476 75
2299.585 74
2299.694 76
2299.802 76
2299.911 74
2300.020 80
2300.129 85
2300.238 87
2300.347 87
2300.455 87
2300.564 92
2300.673 90
2300.782 92
2300.891 96
2301.000 95
2301.109 89
2301.217 83
2301.326 81
2301.435 76
2301.544 72
2301.653 74
2301.762 68
2301.871 71
2301.980 76
2302.089 78
2302.197 80
2302.306 79
2302.415 77
2302.524 77
2302.633 77
2302.742 84
2302.851 85
2302.960 93
2303.069 99
2303.178 94
2303.286 98
2303.395 101
2303.504 93
2303.613 92
2303.722 89
2303.831 86
2303.940 92
2304.049 92
2304.158 89
2304.267 91
2304.376 83
2304.485 91
2304.594 98
2304.703 107
2304.812 119
2304.920 118
2305.029 115
2305.138 121
2305.247 124
2305.356 120
2305.465 119
2305.574 115
2305.683 115
2305.792 118
2305.901 128
2306.010 136
2306.119 147
2306.228 150
2306.337 156
2306.446 157
2306.555 159
2306.664 160
2306.773 158
2306.882 155
2306.991 154
2307.100 153
2307.209 150
2307.318 146
2307.427 136
2307.536 132
2307.645 133
2307.754 134
2307.863 134
2307.972 138
2308.081 137
2308.190 136
2308.299 140
2308.408 140
2308.518 136
2308.627 132
2308.736 120
2308.845 116
2308.954 124
2309.063 128
2309.172 134
2309.281 138
2309.390 130
2309.499 127
2309.608 116
2309.717 105
2309.826 102
2309.935 98
2310.044 89
2310.153 88
2310.263 88
2310.372 83
2310.481 84
2310.590 81
2310.699 78
2310.808 79
2310.917 73
2311.026 76
2311.135 81
2311.244 82
2311.354 84
2311.463 84
2311.572 83
2311.681 81
2311.790 83
2311.899 89
2312.008 92
2312.117 93
2312.227 96
2312.336 90
2312.445 92
2312.554 89
2312.663 92
2312.772 96
2312.881 102
2312.991 110
2313.100 108
2313.209 105
2313.318 99
2313.427 92
2313.536 84
2313.645 85
2313.755 85
2313.864 87
2313.973 90
2314.082 96
2314.191 97
2314.301 95
2314.410 95
2314.519 100
2314.628 106
2314.737 110
2314.846 117
2314.956 113
2315.065 106
2315.174 103
2315.283 99
2315.392 84
2315.502 77
2315.611 71
2315.720 63
2315.829 61
2315.939 62
2316.048 60
2316.157 58
2316.266 56
2316.375 53
2316.485 49
2316.594 45
2316.703 47
2316.812 48
2316.922 47
2317.031 40
2317.140 48
2317.249 56
2317.359 66
2317.468 83
2317.577 84
2317.686 81
2317.796 84
2317.905 83
2318.014 78
2318.124 77
2318.233 73
2318.342 72
2318.451 72
2318.561 74
2318.670 74
2318.779 83
2318.889 82
2318.998 82
2319.107 84
2319.216 85
2319.326 89
2319.435 90
2319.544 90
2319.654 90
2319.763 89
2319.872 88
2319.982 89
2320.091 86
2320.200 78
2320.310 77
2320.419 74
2320.528 75
2320.638 84
2320.747 86
2320.856 87
2320.966 96
2321.075 91
2321.184 91
2321.294 92
2321.403 87
2321.512 81
2321.622 77
2321.731 71
2321.840 71
2321.950 69
2322.059 65
2322.169 57
2322.278 47
2322.387 54
2322.497 61
2322.606 71
2322.715 83
2322.825 93
2322.934 102
2323.044 106
2323.153 109
2323.262 100
2323.372 95
2323.481 88
2323.591 82
2323.700 81
2323.809 80
2323.919 76
2324.028 76
2324.138 79
2324.247 76
2324.357 81
2324.466 82
2324.575 78
2324.685 80
2324.794 79
2324.904 88
2325.013 88
2325.123 87
2325.232 83
2325.341 77
2325.451 77
2325.560 76
2325.670 68
2325.779 65
2325.889 65
2325.998 64
2326.108 68
2326.217 70
2326.327 67
2326.436 66
2326.546 69
2326.655 67
2326.764 69
2326.874 70
2326.983 74
2327.093 81
2327.202 88
2327.312 93
2327.421 94
2327.531 90
2327.640 89
2327.750 86
2327.859 89
2327.969 93
2328.078 93
2328.188 92
2328.298 92
2328.407 91
2328.517 86
2328.626 92
2328.736 94
2328.845 106
2328.955 118
2329.064 132
2329.174 142
2329.283 150
2329.393 156
2329.502 155
2329.612 156
2329.722 162
2329.831 167
2329.941 167
2330.050 164
2330.160 147
2330.269 132
2330.379 132
2330.488 134
2330.598 136
2330.708 144
2330.817 147
2330.927 154
2331.036 158
2331.146 157
2331.256 157
2331.365 156
2331.475 155
2331.584 157
2331.694 157
2331.804 159
2331.913 158
2332.023 153
2332.132 146
2332.242 137
2332.352 129
2332.461 120
2332.571 114
2332.680 106
2332.790 99
2332.900 103
2333.009 105
2333.119 110
2333.229 117
2333.338 124
2333.448 129
2333.558 133
2333.667 135
2333.777 130
2333.886 129
2333.996 131
2334.106 125
2334.215 119
2334.325 106
2334.435 94
2334.544 82
2334.654 76
2334.764 72
2334.873 69
2334.983 66
2335.093 60
2335.203 66
2335.312 67
2335.422 63
2335.532 67
2335.641 65
2335.751 66
2335.861 66
2335.970 70
2336.080 81
2336.190 87
2336.300 97
2336.409 101
2336.519 98
2336.629 97
2336.738 97
2336.848 103
2336.958 101
2337.068 97
2337.177 98
2337.287 95
2337.397 95
2337.506 97
2337.616 101
2337.726 97
2337.836 99
2337.945 99
2338.055 95
2338.165 91
2338.275 84
2338.385 76
2338.494 72
2338.604 74
2338.714 75
2338.824 82
2338.933 84
2339.043 89
2339.153 100
2339.263 111
2339.372 112
2339.482 105
2339.592 95
2339.702 87
2339.812 85
2339.921 80
2340.031 74
2340.141 72
2340.251 70
2340.361 80
2340.470 89
2340.580 92
2340.690 94
2340.800 94
2340.910 89
2341.020 88
2341.129 81
2341.239 77
2341.349 78
2341.459 81
2341.569 79
2341.679 85
2341.788 84
2341.898 77
2342.008 81
2342.118 76
2342.228 77
2342.338 79
2342.448 83
2342.557 80
2342.667 82
2342.777 86
2342.887 81
2342.997 83
2343.107 81
2343.217 81
2343.326 81
2343.436 84
2343.546 80
2343.656 75
2343.766 78
2343.876 72
2343.986 71
2344.096 68
2344.206 60
2344.316 63
2344.425 64
2344.535 69
2344.645 72
2344.755 74
2344.865 76
2344.975 79
2345.085 87
2345.195 93
2345.305 102
2345.415 106
2345.525 115
2345.635 112
2345.744 107
2345.854 100
2345.964 98
2346.074 97
2346.184 101
2346.294 105
2346.404 105
2346.514 105
2346.624 100
2346.734 97
2346.844 88
2346.954 86
2347.064 81
2347.174 79
2347.284 72
2347.394 69
2347.504 71
2347.614 67
2347.724 70
2347.834 71
2347.944 72
2348.054 79
2348.164 82
2348.274 83
2348.384 81
2348.494 80
2348.604 75
2348.714 75
2348.824 76
2348.934 76
2349.044 81
2349.154 83
2349.264 86
2349.374 87
2349.484 90
2349.594 90
2349.704 88
2349.814 85
2349.924 82
2350.034 81
2350.144 83
2350.254 86
2350.364 84
2350.474 91
2350.584 90
2350.694 91
2350.804 89
2350.915 84
2351.025 85
2351.135 81
2351.245 78
2351.355 85
2351.465 84
2351.575 89
2351.685 93
2351.795 100
2351.905 98
2352.015 97
2352.125 100
2352.235 98
2352.346 102
2352.456 106
2352.566 116
2352.676 120
2352.786 129
2352.896 133
2353.006 138
2353.116 150
2353.226 154
2353.337 163
2353.447 171
2353.557 165
2353.667 167
2353.777 158
2353.887 149
2353.997 144
2354.107 134
2354.218 132
2354.328 131
2354.438 128
2354.548 125
2354.658 118
2354.768 125
2354.878 124
2354.989 123
2355.099 124
2355.209 132
2355.319 148
2355.429 156
2355.539 164
2355.650 167
2355.760 163
2355.870 157
2355.980 152
2356.090 145
2356.201 138
2356.311 132
2356.421 127
2356.531 120
2356.641 114
2356.752 117
2356.862 121
2356.972 132
2357.082 139
2357.192 135
2357.303 129
2357.413 122
2357.523 114
2357.633 107
2357.743 103
2357.854 92
2357.964 87
2358.074 86
2358.184 87
2358.295 101
2358.405 103
2358.515 104
2358.625 107
2358.736 100
2358.846 94
2358.956 93
2359.066 87
2359.177 80
2359.287 79
2359.397 76
2359.507 70
2359.618 70
2359.728 76
2359.838 84
2359.948 93
2360.059 106
2360.169 103
2360.279 103
2360.390 101
2360.500 102
2360.610 94
2360.721 84
2360.831 76
2360.941 65
2361.051 66
2361.162 68
2361.272 73
2361.382 73
2361.493 73
2361.603 74
2361.713 76
2361.824 80
2361.934 81
2362.044 89
2362.155 87
2362.265 89
2362.375 93
2362.486 91
2362.596 89
2362.706 91
2362.817 92
2362.927 95
2363.037 87
2363.148 87
2363.258 91
2363.368 86
2363.479 88
2363.589 90
2363.699 92
2363.810 97
2363.920 110
2364.031 116
2364.141 115
2364.251 106
2364.362 98
2364.472 86
2364.583 76
2364.693 74
2364.803 70
2364.914 70
2365.024 71
2365.134 72
2365.245 74
2365.355 78
2365.466 78
2365.576 78
2365.687 76
2365.797 80
2365.907 92
2366.018 104
2366.128 115
2366.239 120
2366.349 119
2366.459 117
2366.570 113
2366.680 108
2366.791 99
2366.901 94
2367.012 85
2367.122 73
2367.233 64
2367.343 61
2367.454 62
2367.564 72
2367.674 67
2367.785 68
2367.895 73
2368.006 77
2368.116 90
2368.227 89
2368.337 89
2368.448 91
2368.558 93
2368.669 97
2368.779 100
2368.890 108
2369.000 102
2369.111 97
2369.221 95
2369.332 82
2369.442 76
2369.553 79
2369.663 75
2369.774 71
2369.884 67
2369.995 67
2370.105 66
2370.216 72
2370.326 74
2370.437 74
2370.547 76
2370.658 78
2370.768 89
2370.879 91
2370.989 94
2371.100 96
2371.211 93
2371.321 98
2371.432 100
2371.542 106
2371.653 106
2371.763 103
2371.874 93
2371.984 88
2372.095 76
2372.206 73
2372.316 71
2372.427 63
2372.537 60
2372.648 58
2372.759 60
2372.869 59
2372.980 66
2373.090 68
2373.201 65
2373.311 68
2373.422 67
2373.533 71
2373.643 73
2373.754 73
2373.864 78
2373.975 78
2374.086 82
2374.196 92
2374.307 93
2374.418 94
2374.528 96
2374.639 100
2374.749 98
2374.860 98
2374.971 101
2375.081 99
2375.192 96
2375.303 101
2375.413 98
2375.524 94
2375.635 94
2375.745 90
2375.856 90
2375.967 87
2376.077 94
2376.188 101
2376.299 109
2376.409 129
2376.520 138
2376.631 141
2376.741 140
2376.852 140
2376.963 134
2377.073 134
2377.184 138
2377.295 133
2377.405 145
2377.516 151
2377.627 153
2377.737 158
2377.848 156
2377.959 154
2378.070 151
2378.180 143
2378.291 138
2378.402 131
2378.512 123
2378.623 119
2378.734 117
2378.845 122
2378.955 122
2379.066 139
2379.177 142
2379.288 143
2379.398 150
2379.509 146
2379.620 143
2379.731 137
2379.841 134
2379.952 129
2380.063 136
2380.174 139
2380.284 138
2380.395 137
2380.506 136
2380.617 132
2380.727 129
2380.838 120
2380.949 115
2381.060 112
2381.170 102
2381.281 97
2381.392 95
2381.503 97
2381.614 104
2381.724 105
2381.835 99
2381.946 94
2382.057 85
2382.168 88
2382.278 94
2382.389 96
2382.500 96
2382.611 96
2382.722 96
2382.833 95
2382.943 87
2383.054 83
2383.165 72
2383.276 71
2383.387 71
2383.498 73
2383.608 79
2383.719 85
2383.830 98
2383.941 108
2384.052 112
2384.163 111
2384.273 107
2384.384 105
2384.495 97
2384.606 96
2384.717 92
2384.828 96
2384.939 85
2385.050 83
2385.160 81
2385.271 80
2385.382 83
2385.493 81
2385.604 79
2385.715 77
2385.826 82
2385.937 80
2386.048 79
2386.158 88
2386.269 88
2386.380 85
2386.491 80
2386.602 80
2386.713 87
2386.824 92
2386.935 100
2387.046 100
2387.157 98
2387.268 95
2387.379 92
2387.489 92
2387.600 91
2387.711 96
2387.822 101
2387.933 105
2388.044 98
2388.155 90
2388.266 83
2388.377 68
2388.488 69
2388.599 71
2388.710 74
2388.821 81
2388.932 80
2389.043 81
2389.154 77
2389.265 75
2389.376 77
2389.487 73
2389.598 73
2389.709 72
2389.820 75
2389.931 76
2390.042 78
2390.153 84
2390.264 78
2390.375 74
2390.486 72
2390.597 67
2390.708 71
2390.819 74
2390.930 71
2391.041 71
2391.152 74
2391.263 74
2391.374 81
2391.485 81
2391.596 77
2391.707 75
2391.818 76
2391.929 72
2392.040 74
2392.151 75
2392.262 71
2392.373 71
2392.484 70
2392.595 68
2392.706 64
2392.817 65
2392.928 67
2393.039 66
2393.151 68
2393.262 76
2393.373 80
2393.484 87
2393.595 94
2393.706 93
2393.817 94
2393.928 90
2394.039 86
2394.150 86
2394.261 86
2394.372 85
2394.484 82
2394.595 83
2394.706 73
2394.817 74
2394.928 73
2395.039 70
2395.150 74
2395.261 70
2395.372 67
2395.484 73
2395.595 74
2395.706 78
2395.817 83
2395.928 86
2396.039 88
2396.150 81
2396.261 75
2396.373 63
2396.484 55
2396.595 56
2396.706 59
2396.817 60
2396.928 71
2397.040 71
2397.151 72
2397.262 84
2397.373 79
2397.484 74
2397.595 74
2397.707 70
2397.818 69
2397.929 72
2398.040 73
2398.151 64
2398.262 65
2398.374 65
2398.485 62
2398.596 67
2398.707 71
2398.818 72
2398.930 80
2399.041 96
2399.152 96
2399.263 93
2399.374 94
2399.486 91
2399.597 94
2399.708 92
2399.819 95
2399.931 95
2400.042 98
2400.153 104
2400.264 104
2400.376 112
2400.487 109
2400.598 113
2400.709 113
2400.821 124
2400.932 121
2401.043 118
2401.154 122
2401.266 115
2401.377 121
2401.488 121
2401.599 116
2401.711 116
2401.822 121
2401.933 126
2402.044 133
2402.156 141
2402.267 139
2402.378 136
2402.490 137
2402.601 137
2402.712 131
2402.823 126
2402.935 120
2403.046 115
2403.157 116
2403.269 119
2403.380 123
2403.491 127
2403.603 134
2403.714 137
2403.825 139
2403.937 145
2404.048 136
2404.159 132
2404.271 123
2404.382 120
2404.493 126
2404.605 129
2404.716 135
2404.827 131
2404.939 130
2405.050 127
2405.161 119
2405.273 119
2405.384 111
2405.495 104
2405.607 99
2405.718 92
2405.829 87
2405.941 84
2406.052 87
2406.164 84
2406.275 86
2406.386 88
2406.498 94
2406.609 98
2406.721 98
2406.832 98
2406.943 94
2407.055 88
2407.166 87
2407.277 87
2407.389 88
2407.500 81
2407.612 79
2407.723 78
2407.835 85
2407.946 81
2408.057 83
2408.169 83
2408.280 78
2408.392 86
2408.503 82
2408.615 78
2408.726 79
2408.837 74
2408.949 72
2409.060 74
2409.172 71
2409.283 80
2409.395 81
2409.506 81
2409.618 79
2409.729 79
2409.840 76
2409.952 78
2410.063 68
2410.175 71
2410.286 67
2410.398 63
2410.509 62
2410.621 63
2410.732 70
2410.844 73
2410.955 75
2411.067 79
2411.178 81
2411.290 80
2411.401 78
2411.513 69
2411.624 65
2411.736 59
2411.847 53
2411.959 53
2412.070 52
2412.182 53
2412.293 51
2412.405 50
2412.516 53
2412.628 55
2412.739 52
2412.851 48
2412.962 46
2413.074 44
2413.186 50
2413.297 51
2413.409 56
2413.520 60
2413.632 62
2413.743 67
2413.855 68
2413.966 66
2414.078 67
2414.190 75
2414.301 81
2414.413 86
2414.524 90
2414.636 92
2414.747 87
2414.859 83
2414.971 77
2415.082 80
2415.194 86
2415.305 93
2415.417 89
2415.529 91
2415.640 90
2415.752 84
2415.863 82
2415.975 87
2416.087 82
2416.198 77
2416.310 72
2416.421 67
2416.533 67
2416.645 65
2416.756 67
2416.868 60
2416.980 65
2417.091 65
2417.203 63
2417.314 58
2417.426 63
2417.538 65
2417.649 67
2417.761 77
2417.873 71
2417.984 73
2418.096 76
2418.208 70
2418.319 74
2418.431 79
2418.543 78
2418.654 82
2418.766 82
2418.878 75
2418.989 67
2419.101 56
2419.213 55
2419.324 55
2419.436 54
2419.548 56
2419.659 53
2419.771 56
2419.883 63
2419.995 66
2420.106 69
2420.218 64
2420.330 66
2420.441 64
2420.553 69
2420.665 75
2420.777 77
2420.888 83
2421.000 78
2421.112 80
2421.223 74
2421.335 73
2421.447 75
2421.559 72
2421.670 73
2421.782 78
2421.894 77
2422.006 71
2422.117 67
2422.229 57
2422.341 62
2422.453 69
2422.564 81
2422.676 95
2422.788 101
2422.900 105
2423.012 109
2423.123 110
2423.235 101
2423.347 99
2423.459 91
2423.570 84
2423.682 81
2423.794 81
2423.906 73
2424.018 71
2424.129 77
2424.241 80
2424.353 88
2424.465 92
2424.577 94
2424.688 98
2424.800 100
2424.912 107
2425.024 122
2425.136 128
2425.248 140
2425.359 147
2425.471 147
2425.583 154
2425.695 159
2425.807 163
2425.919 175
2426.030 179
2426.142 180
2426.254 175
2426.366 169
2426.478 159
2426.590 155
2426.702 147
2426.813 145
2426.925 148
2427.037 150
2427.149 151
2427.261 148
2427.373 142
2427.485 137
2427.597 140
2427.708 137
2427.820 142
2427.932 144
2428.044 149
2428.156 141
2428.268 130
2428.380 116
2428.492 101
2428.604 101
2428.715 106
2428.827 110
2428.939 111
2429.051 107
2429.163 104
2429.275 99
2429.387 103
2429.499 107
2429.611 105
2429.723 108
2429.835 105
2429.947 99
2430.059 99
2430.171 97
2430.282 103
2430.394 102
2430.506 101
2430.618 100
2430.730 97
2430.842 104
2430.954 106
2431.066 109
2431.178 109
2431.290 114
2431.402 111
2431.514 109
2431.626 108
2431.738 104
2431.850 101
2431.962 95
2432.074 96
2432.186 100
2432.298 108
2432.410 115
2432.522 114
2432.634 114
2432.746 110
2432.858 104
2432.970 96
2433.082 87
2433.194 83
2433.306 82
2433.418 78
2433.530 90
2433.642 91
2433.754 91
2433.866 95
2433.978 92
2434.090 91
2434.202 95
2434.314 102
2434.426 95
2434.538 93
2434.650 91
2434.762 85
2434.874 90
2434.987 88
2435.099 83
2435.211 82
2435.323 79
2435.435 76
2435.547 72
2435.659 66
2435.771 65
2435.883 65
2435.995 62
2436.107 65
2436.219 66
2436.331 66
2436.443 67
2436.556 68
2436.668 72
2436.780 78
2436.892 89
2437.004 92
2437.116 85
2437.228 81
2437.340 81
2437.452 83
2437.565 92
2437.677 91
2437.789 90
2437.901 82
2438.013 76
2438.125 76
2438.237 70
2438.349 68
2438.462 67
2438.574 67
2438.686 73
2438.798 68
2438.910 67
2439.022 70
2439.134 73
2439.247 69
2439.359 68
2439.471 65
2439.583 62
2439.695 64
2439.807 61
2439.920 59
2440.032 56
2440.144 54
2440.256 60
2440.368 63
2440.480 63
2440.593 72
2440.705 77
2440.817 78
2440.929 81
2441.041 82
2441.154 78
2441.266 77
2441.378 77
2441.490 69
2441.602 73
2441.715 77
2441.827 79
2441.939 82
2442.051 87
2442.164 88
2442.276 88
2442.388 94
2442.500 85
2442.613 79
2442.725 77
2442.837 76
2442.949 79
2443.061 79
2443.174 80
2443.286 78
2443.398 80
2443.510 83
2443.623 83
2443.735 80
2443.847 76
2443.960 79
2444.072 81
2444.184 81
2444.296 78
2444.409 68
2444.521 59
2444.633 50
2444.745 51
2444.858 56
2444.970 57
2445.082 67
2445.195 67
2445.307 66
2445.419 64
2445.532 62
2445.644 59
2445.756 60
2445.868 64
2445.981 58
2446.093 56
2446.205 59
2446.318 53
2446.430 63
2446.542 60
2446.655 59
2446.767 67
2446.879 66
2446.992 69
2447.104 69
2447.216 69
2447.329 72
2447.441 77
2447.553 81
2447.666 86
2447.778 90
2447.891 94
2448.003 95
2448.115 91
2448.228 92
2448.340 98
2448.452 109
2448.565 115
2448.677 125
2448.789 130
2448.902 132
2449.014 133
2449.127 133
2449.239 127
2449.351 125
2449.464 120
2449.576 114
2449.689 114
2449.801 109
2449.913 108
2450.026 115
2450.138 117
2450.251 124
2450.363 136
2450.475 148
2450.588 145
2450.700 146
2450.813 143
2450.925 138
2451.038 144
2451.150 145
2451.263 150
2451.375 153
2451.487 149
2451.600 144
2451.712 140
2451.825 137
2451.937 125
2452.050 121
2452.162 113
2452.275 102
2452.387 93
2452.499 92
2452.612 90
2452.724 87
2452.837 93
2452.949 90
2453.062 90
2453.174 84
2453.287 84
2453.399 87
2453.512 92
2453.624 102
2453.737 106
2453.849 107
2453.962 112
2454.074 105
2454.187 102
2454.299 89
2454.412 78
2454.524 67
2454.637 65
2454.749 68
2454.862 72
2454.974 72
2455.087 72
2455.199 76
2455.312 79
2455.425 90
2455.537 94
2455.650 99
2455.762 103
2455.875 91
2455.987 88
2456.100 87
2456.212 88
2456.325 91
2456.437 86
2456.550 80
2456.663 78
2456.775 75
2456.888 76
2457.000 78
2457.113 78
2457.225 75
2457.338 73
2457.451 75
2457.563 71
2457.676 78
2457.788 75
2457.901 76
2458.014 78
2458.126 72
2458.239 78
2458.351 83
2458.464 94
2458.577 97
2458.689 99
2458.802 96
2458.914 89
2459.027 88
2459.140 86
2459.252 83
2459.365 80
2459.478 70
2459.590 68
2459.703 70
2459.815 73
2459.928 72
2460.041 66
2460.153 63
2460.266 61
2460.379 61
2460.491 63
2460.604 67
2460.717 65
2460.829 72
2460.942 73
2461.055 68
2461.167 62
2461.280 58
2461.393 56
2461.505 59
2461.618 62
2461.731 62
2461.843 68
2461.956 69
2462.069 72
2462.182 76
2462.294 71
2462.407 71
2462.520 74
2462.632 79
2462.745 84
2462.858 82
2462.970 82
2463.083 64
2463.196 66
2463.309 66
2463.421 70
2463.534 75
2463.647 76
2463.759 76
2463.872 75
2463.985 80
2464.098 81
2464.210 87
2464.323 84
2464.436 89
2464.549 92
2464.661 84
2464.774 81
2464.887 82
2465.000 75
2465.112 75
2465.225 76
2465.338 67
2465.451 71
2465.564 69
2465.676 68
2465.789 75
2465.902 76
2466.015 79
2466.127 82
2466.240 88
2466.353 91
2466.466 94
2466.579 101
2466.691 107
2466.804 118
2466.917 121
2467.030 119
2467.143 113
2467.255 107
2467.368 101
2467.481 102
2467.594 101
2467.707 110
2467.820 114
2467.932 116
2468.045 119
2468.158 111
2468.271 106
2468.384 97
2468.497 82
2468.609 83
2468.722 81
2468.835 83
2468.948 89
2469.061 93
2469.174 97
2469.287 98
2469.399 106
2469.512 103
2469.625 99
2469.738 99
2469.851 89
2469.964 88
2470.077 85
2470.190 82
2470.302 79
2470.415 78
2470.528 75
2470.641 79
2470.754 81
2470.867 77
2470.980 81
2471.093 77
2471.206 81
2471.318 82
2471.431 82
2471.544 83
2471.657 82
2471.770 88
2471.883 89
2471.996 90
2472.109 88
2472.222 90
2472.335 89
2472.448 94
2472.561 101
2472.674 96
2472.786 99
2472.899 99
2473.012 93
2473.125 94
2473.238 95
2473.351 94
2473.464 98
2473.577 103
2473.690 103
2473.803 110
2473.916 109
2474.029 110
2474.142 113
2474.255 115
2474.368 121
2474.481 121
2474.594 127
2474.707 130
2474.820 131
2474.933 130
2475.046 132
2475.159 140
2475.272 143
2475.385 151
2475.498 158
2475.611 160
2475.724 163
2475.837 159
2475.950 152
2476.063 146
2476.176 143
2476.289 142
2476.402 144
2476.515 147
2476.628 145
2476.741 137
2476.854 137
2476.967 130
2477.080 121
2477.193 116
2477.306 110
2477.419 114
2477.532 113
2477.645 121
2477.759 123
2477.872 125
2477.985 116
2478.098 116
2478.211 121
2478.324 125
2478.437 131
2478.550 122
2478.663 115
2478.776 111
2478.889 96
2479.002 80
2479.115 76
2479.229 73
2479.342 69
2479.455 77
2479.568 82
2479.681 86
2479.794 91
2479.907 90
2480.020 87
2480.133 88
2480.246 83
2480.360 82
2480.473 84
2480.586 85
2480.699 90
2480.812 94
2480.925 94
2481.038 94
2481.151 86
2481.265 88
2481.378 88
2481.491 91
2481.604 92
2481.717 100
2481.830 98
2481.944 98
2482.057 96
2482.170 91
2482.283 95
2482.396 91
2482.509 90
2482.623 85
2482.736 86
2482.849 87
2482.962 93
2483.075 88
2483.188 84
2483.302 82
2483.415 79
2483.528 84
2483.641 85
2483.754 84
2483.868 77
2483.981 77
2484.094 71
2484.207 69
2484.320 56
2484.434 57
2484.547 65
2484.660 67
2484.773 76
2484.886 82
2485.000 83
2485.113 87
2485.226 91
2485.339 86
2485.453 81
2485.566 72
2485.679 64
2485.792 62
2485.906 62
2486.019 63
2486.132 71
2486.245 79
2486.359 84
2486.472 86
2486.585 83
2486.698 86
2486.812 84
2486.925 83
2487.038 80
2487.152 73
2487.265 71
2487.378 69
2487.491 74
2487.605 75
2487.718 76
2487.831 77
2487.945 83
2488.058 79
2488.171 70
2488.284 66
2488.398 65
2488.511 64
2488.624 62
2488.738 61
2488.851 56
2488.964 59
2489.078 59
2489.191 57
2489.304 58
2489.418 53
2489.531 54
2489.644 52
2489.758 54
2489.871 53
2489.984 54
2490.098 58
2490.211 52
2490.324 55
2490.438 54
2490.551 45
2490.664 47
2490.778 47
2490.891 49
2491.004 58
2491.118 57
2491.231 56
2491.345 54
2491.458 49
2491.571 52
2491.685 52
2491.798 54
2491.912 54
2492.025 63
2492.138 59
2492.252 60
2492.365 59
2492.478 61
2492.592 65
2492.705 67
2492.819 62
2492.932 67
2493.046 67
2493.159 76
2493.272 81
2493.386 75
2493.499 82
2493.613 80
2493.726 82
2493.839 88
2493.953 87
2494.066 79
2494.180 77
2494.293 73
2494.407 67
2494.520 65
2494.634 62
2494.747 57
2494.861 54
2494.974 52
2495.087 50
2495.201 53
2495.314 53
2495.428 56
2495.541 61
2495.655 67
2495.768 71
2495.882 78
2495.995 81
2496.109 97
2496.222 104
2496.336 104
2496.449 112
2496.563 107
2496.676 109
2496.790 117
2496.903 120
2497.017 124
2497.130 127
2497.244 120
2497.357 114
2497.471 109
2497.584 115
2497.698 120
2497.811 124
2497.925 132
2498.038 127
2498.152 116
2498.265 110
2498.379 104
2498.492 99
2498.606 102
2498.720 104
2498.833 105
2498.947 99
2499.060 95
2499.174 91
2499.287 92
2499.401 95
2499.514 100
2499.628 102
2499.742 107
2499.855 109
2499.969 112
2500.082 110
2500.196 106
2500.309 113
2500.423 114
2500.537 113
2500.650 118
2500.764 114
2500.877 104
2500.991 96
2501.105 94
2501.218 85
2501.332 85
2501.445 82
2501.559 81
2501.673 84
2501.786 86
2501.900 87
2502.014 88
2502.127 94
2502.241 99
2502.354 100
2502.468 97
2502.582 98
2502.695 99
2502.809 101
2502.923 115
2503.036 113
2503.150 109
2503.264 101
2503.377 85
2503.491 80
2503.605 77
2503.718 81
2503.832 77
2503.946 69
2504.059 74
2504.173 74
2504.287 80
2504.400 88
2504.514 86
2504.628 78
2504.741 79
2504.855 78
2504.969 79
2505.082 81
2505.196 85
2505.310 83
2505.423 81
2505.537 83
2505.651 76
2505.765 68
2505.878 66
2505.992 65
2506.106 67
2506.219 66
2506.333 68
2506.447 67
2506.561 68
2506.674 73
2506.788 81
2506.902 91
2507.016 93
2507.129 97
2507.243 90
2507.357 84
2507.471 80
2507.584 76
2507.698 75
2507.812 75
2507.926 72
2508.039 70
2508.153 68
2508.267 63
2508.381 65
2508.494 67
2508.608 69
2508.722 71
2508.836 83
2508.949 89
2509.063 93
2509.177 100
2509.291 106
2509.405 104
2509.518 100
2509.632 93
2509.746 96
2509.860 94
2509.974 88
2510.087 81
2510.201 72
2510.315 70
2510.429 76
2510.543 79
2510.657 84
2510.770 90
2510.884 94
2510.998 100
2511.112 105
2511.226 94
2511.340 86
2511.453 79
2511.567 63
2511.681 67
2511.795 68
2511.909 72
2512.023 67
2512.137 69
2512.250 71
2512.364 70
2512.478 70
2512.592 66
2512.706 70
2512.820 73
2512.934 79
2513.047 80
2513.161 75
2513.275 70
2513.389 64
2513.503 68
2513.617 70
2513.731 74
2513.845 81
2513.959 86
2514.072 90
2514.186 95
2514.300 98
2514.414 95
2514.528 96
2514.642 96
2514.756 89
2514.870 77
2514.984 71
2515.098 62
2515.212 61
2515.326 58
2515.440 57
2515.553 58
2515.667 54
2515.781 55
2515.895 53
2516.009 50
2516.123 56
2516.237 56
2516.351 64
2516.465 72
2516.579 78
2516.693 78
2516.807 76
2516.921 78
2517.035 72
2517.149 74
2517.263 72
2517.377 77
2517.491 71
2517.605 72
2517.719 75
2517.833 75
2517.947 83
2518.061 77
2518.175 71
2518.289 67
2518.403 66
2518.517 60
2518.631 63
2518.745 64
2518.859 60
2518.973 61
2519.087 67
2519.201 73
2519.315 75
2519.429 78
2519.543 81
2519.657 80
2519.771 90
2519.885 92
2519.999 94
2520.113 97
2520.227 103
2520.341 100
2520.455 99
2520.569 100
2520.683 94
2520.797 100
2520.911 103
2521.025 105
2521.140 122
2521.254 133
2521.368 141
2521.482 140
2521.596 150
2521.710 141
2521.824 138
2521.938 140
2522.052 131
2522.166 128
2522.280 125
2522.394 121
2522.509 120
2522.623 121
2522.737 119
2522.851 124
2522.965 120
2523.079 120
2523.193 121
2523.307 117
2523.421 124
2523.536 122
2523.650 118
2523.764 114
2523.878 105
2523.992 103
2524.106 100
2524.220 98
2524.334 90
2524.449 92
2524.563 92
2524.677 97
2524.791 102
2524.905 106
2525.019 109
2525.134 112
2525.248 110
2525.362 104
2525.476 98
2525.590 94
2525.704 86
2525.819 89
2525.933 90
2526.047 94
2526.161 98
2526.275 98
2526.389 104
2526.504 103
2526.618 99
2526.732 98
2526.846 101
2526.960 102
2527.075 109
2527.189 106
2527.303 96
2527.417 87
2527.531 79
2527.646 79
2527.760 75
2527.874 75
2527.988 66
2528.103 59
2528.217 53
2528.331 49
2528.445 47
2528.559 50
2528.674 55
2528.788 57
2528.902 63
2529.016 61
2529.131 65
2529.245 67
2529.359 70
2529.473 73
2529.588 71
2529.702 74
2529.816 77
2529.931 78
2530.045 78
2530.159 83
2530.273 83
2530.388 85
2530.502 89
2530.616 96
2530.730 96
2530.845 93
2530.959 92
2531.073 93
2531.188 87
2531.302 78
2531.416 79
2531.531 69
2531.645 60
2531.759 69
2531.873 72
2531.988 77
2532.102 86
2532.216 79
2532.331 75
2532.445 80
2532.559 78
2532.674 84
2532.788 83
2532.902 79
2533.017 81
2533.131 72
2533.245 70
2533.360 71
2533.474 72
2533.589 73
2533.703 78
2533.817 79
2533.932 77
2534.046 80
2534.160 80
2534.275 81
2534.389 83
2534.503 79
2534.618 76
2534.732 69
2534.847 65
2534.961 66
2535.075 63
2535.190 63
2535.304 64
2535.419 63
2535.533 64
2535.647 65
2535.762 68
2535.876 78
2535.991 81
2536.105 85
2536.219 85
2536.334 76
2536.448 69
2536.563 61
2536.677 50
2536.791 48
2536.906 47
2537.020 45
2537.135 49
2537.249 51
2537.364 56
2537.478 61
2537.593 70
2537.707 72
2537.821 73
2537.936 76
2538.050 78
2538.165 79
2538.279 79
2538.394 78
2538.508 81
2538.623 74
2538.737 72
2538.852 69
2538.966 58
2539.081 55
2539.195 55
2539.310 53
2539.424 50
2539.539 53
2539.653 51
2539.768 52
2539.882 54
2539.997 67
2540.111 76
2540.226 85
2540.340 93
2540.455 89
2540.569 92
2540.684 89
2540.798 89
2540.913 83
2541.027 76
2541.142 69
2541.256 66
2541.371 69
2541.485 73
2541.600 81
2541.714 84
2541.829 86
2541.943 82
2542.058 83
2542.173 83
2542.287 79
2542.402 82
2542.516 86
2542.631 93
2542.745 84
2542.860 84
2542.974 80
2543.089 83
2543.204 90
2543.318 88
2543.433 91
2543.547 94
2543.662 88
2543.777 88
2543.891 86
2544.006 82
2544.120 88
2544.235 92
2544.350 89
2544.464 94
2544.579 101
2544.693 104
2544.808 104
2544.923 109
2545.037 107
2545.152 110
2545.266 114
2545.381 116
2545.496 115
2545.610 123
2545.725 124
2545.840 121
2545.954 116
2546.069 108
2546.183 108
2546.298 105
2546.413 103
2546.527 96
2546.642 94
2546.757 85
2546.871 81
2546.986 89
2547.101 97
2547.215 103
2547.330 115
2547.445 119
2547.559 116
2547.674 120
2547.789 119
2547.903 121
2548.018 125
2548.133 126
2548.248 120
2548.362 121
2548.477 125
2548.592 118
2548.706 114
2548.821 113
2548.936 108
2549.050 110
2549.165 114
2549.280 111
2549.395 110
2549.509 108
2549.624 111
2549.739 110
2549.853 112
2549.968 101
2550.083 100
2550.198 99
2550.312 95
2550.427 88
2550.542 81
2550.657 73
2550.771 68
2550.886 62
2551.001 62
2551.116 59
2551.230 55
2551.345 49
2551.460 53
2551.575 56
2551.690 61
2551.804 61
2551.919 63
2552.034 72
2552.149 77
2552.263 90
2552.378 95
2552.493 93
2552.608 94
2552.723 94
2552.837 91
2552.952 88
2553.067 84
2553.182 88
2553.297 82
2553.411 79
2553.526 79
2553.641 82
2553.756 84
2553.871 84
2553.985 87
2554.100 83
2554.215 82
2554.330 83
2554.445 82
2554.560 86
2554.674 79
2554.789 78
2554.904 77
2555.019 74
2555.134 77
2555.249 72
2555.364 66
2555.478 64
2555.593 61
2555.708 64
2555.823 65
2555.938 57
2556.053 64
2556.168 61
2556.282 64
2556.397 67
2556.512 73
2556.627 73
2556.742 74
2556.857 79
2556.972 76
2557.087 78
2557.202 80
2557.316 78
2557.431 77
2557.546 78
2557.661 82
2557.776 82
2557.891 78
2558.006 82
2558.121 80
2558.236 72
2558.351 69
2558.466 65
2558.581 67
2558.695 75
2558.810 80
2558.925 82
2559.040 84
2559.155 87
2559.270 84
2559.385 83
2559.500 80
2559.615 76
2559.730 71
2559.845 66
2559.960 62
2560.075 58
2560.190 62
2560.305 60
2560.420 66
2560.535 71
2560.650 80
2560.765 79
2560.880 81
2560.995 79
2561.110 80
2561.225 77
2561.340 74
2561.455 71
2561.570 75
2561.685 79
2561.800 84
2561.915 89
2562.030 80
2562.145 78
2562.260 72
2562.375 66
2562.490 62
2562.605 62
2562.720 57
2562.835 60
2562.950 63
2563.065 65
2563.180 71
2563.295 65
2563.410 65
2563.525 66
2563.640 70
2563.755 75
2563.870 76
2563.985 73
2564.100 71
2564.215 62
2564.330 66
2564.445 70
2564.560 75
2564.676 78
2564.791 83
2564.906 85
2565.021 84
2565.136 88
2565.251 76
2565.366 73
2565.481 65
2565.596 57
2565.711 52
2565.826 48
2565.941 44
2566.057 41
2566.172 34
2566.287 33
2566.402 39
2566.517 44
2566.632 51
2566.747 55
2566.862 54
2566.977 61
2567.093 61
2567.208 63
2567.323 68
2567.438 74
2567.553 75
2567.668 75
2567.783 75
2567.899 67
2568.014 71
2568.129 74
2568.244 76
2568.359 82
2568.474 85
2568.589 86
2568.705 86
2568.820 91
2568.935 99
2569.050 103
2569.165 108
2569.280 109
2569.396 112
2569.511 117
2569.626 124
2569.741 125
2569.856 127
2569.972 126
2570.087 124
2570.202 125
2570.317 123
2570.432 122
2570.548 122
2570.663 122
2570.778 115
2570.893 107
2571.008 99
2571.124 84
2571.239 79
2571.354 80
2571.469 79
2571.585 75
2571.700 82
2571.815 90
2571.930 93
2572.045 101
2572.161 107
2572.276 109
2572.391 109
2572.506 110
2572.622 109
2572.737 105
2572.852 99
2572.967 101
2573.083 96
2573.198 92
2573.313 83
2573.429 78
2573.544 77
2573.659 76
2573.774 82
2573.890 82
2574.005 86
2574.120 89
2574.235 91
2574.351 93
2574.466 85
2574.581 83
2574.697 84
2574.812 80
2574.927 73
2575.043 69
2575.158 65
2575.273 62
2575.389 63
2575.504 64
2575.619 62
2575.734 55
2575.850 53
2575.965 57
2576.080 58
2576.196 56
2576.311 63
2576.426 66
2576.542 63
2576.657 67
2576.772 72
2576.888 75
2577.003 84
2577.119 91
2577.234 89
2577.349 84
2577.465 80
2577.580 72
2577.695 64
2577.811 58
2577.926 51
2578.041 46
2578.157 49
2578.272 54
2578.388 57
2578.503 66
2578.618 82
2578.734 80
2578.849 78
2578.965 72
2579.080 59
2579.195 56
2579.311 59
2579.426 55
2579.542 55
2579.657 54
2579.772 54
2579.888 57
2580.003 64
2580.119 62
2580.234 59
2580.350 66
2580.465 61
2580.580 60
2580.696 60
2580.811 57
2580.927 65
2581.042 65
2581.158 66
2581.273 66
2581.389 65
2581.504 65
2581.619 66
2581.735 67
2581.850 61
2581.966 59
2582.081 55
2582.197 52
2582.312 53
2582.428 52
2582.543 57
2582.659 57
2582.774 56
2582.890 56
2583.005 58
2583.121 55
2583.236 54
2583.352 54
2583.467 54
2583.583 52
2583.698 54
2583.814 60
2583.929 56
2584.045 61
2584.160 55
2584.276 49
2584.391 49
2584.507 50
2584.622 50
2584.738 50
2584.853 50
2584.969 49
2585.084 53
2585.200 54
2585.315 56
2585.431 54
2585.547 55
2585.662 60
2585.778 60
2585.893 66
2586.009 65
2586.124 62
2586.240 57
2586.355 53
2586.471 53
2586.587 49
2586.702 50
2586.818 41
2586.933 43
2587.049 45
2587.164 47
2587.280 46
2587.396 50
2587.511 54
2587.627 59
2587.742 71
2587.858 71
2587.974 69
2588.089 67
2588.205 63
2588.320 55
2588.436 54
2588.552 47
2588.667 50
2588.783 48
2588.899 47
2589.014 54
2589.130 54
2589.245 64
2589.361 65
2589.477 73
2589.592 79
2589.708 75
2589.824 72
2589.939 68
2590.055 59
2590.171 51
2590.286 50
2590.402 46
2590.518 48
2590.633 48
2590.749 51
2590.865 52
2590.980 60
2591.096 67
2591.212 75
2591.327 79
2591.443 88
2591.559 84
2591.674 75
2591.790 73
2591.906 70
2592.021 72
2592.137 75
2592.253 84
2592.368 90
2592.484 94
2592.600 95
2592.716 97
2592.831 92
2592.947 89
2593.063 92
2593.178 94
2593.294 98
2593.410 102
2593.526 107
2593.641 112
2593.757 121
2593.873 121
2593.989 122
2594.104 121
2594.220 121
2594.336 112
2594.452 107
2594.567 99
2594.683 91
2594.799 91
2594.915 90
2595.030 86
2595.146 87
2595.262 91
2595.378 88
2595.493 90
2595.609 94
2595.725 99
2595.841 105
2595.957 113
2596.072 119
2596.188 118
2596.304 119
2596.420 114
2596.536 112
2596.651 111
2596.767 106
2596.883 109
2596.999 112
2597.115 111
2597.230 112
2597.346 104
2597.462 99
2597.578 104
2597.694 105
2597.809 109
2597.925 109
2598.041 110
2598.157 111
2598.273 117
2598.389 122
2598.504 113
2598.620 106
2598.736 103
2598.852 101
2598.968 93
2599.084 90
2599.200 84
2599.315 72
2599.431 78
2599.547 84
2599.663 88
2599.779 97
2599.895 95
2600.011 95
2600.127 93
2600.242 88
2600.358 81
2600.474 79
2600.590 77
2600.706 74
2600.822 79
2600.938 75
2601.054 71
2601.170 66
2601.286 59
2601.401 61
2601.517 60
2601.633 58
2601.749 60
2601.865 61
2601.981 63
2602.097 69
2602.213 70
2602.329 65
2602.445 60
2602.561 57
2602.677 53
2602.793 53
2602.908 54
2603.024 58
2603.140 60
2603.256 62
2603.372 65
2603.488 58
2603.604 61
2603.720 56
2603.836 50
2603.952 45
2604.068 44
2604.184 43
2604.300 47
2604.416 47
2604.532 49
2604.648 52
2604.764 52
2604.880 61
2604.996 63
2605.112 61
2605.228 60
2605.344 52
2605.460 54
2605.576 54
2605.692 57
2605.808 62
2605.924 53
2606.040 51
2606.156 50
2606.272 50
2606.388 50
2606.504 50
2606.620 49
2606.736 48
2606.852 50
2606.968 49
2607.084 50
2607.200 47
2607.316 42
2607.432 43
2607.548 44
2607.664 50
2607.780 49
2607.897 49
2608.013 50
2608.129 45
2608.245 48
2608.361 52
2608.477 50
2608.593 51
2608.709 57
2608.825 57
2608.941 56
2609.057 62
2609.173 60
2609.289 57
2609.406 61
2609.522 58
2609.638 57
2609.754 58
2609.870 61
2609.986 67
2610.102 72
2610.218 79
2610.334 84
2610.450 84
2610.567 83
2610.683 80
2610.799 73
2610.915 74
2611.031 67
2611.147 70
2611.263 71
2611.379 73
2611.496 74
2611.612 70
2611.728 68
2611.844 74
2611.960 74
2612.076 75
2612.192 77
2612.309 78
2612.425 74
2612.541 75
2612.657 72
2612.773 75
2612.889 72
2613.006 66
2613.122 59
2613.238 51
2613.354 49
2613.470 49
2613.587 53
2613.703 60
2613.819 61
2613.935 62
2614.051 65
2614.168 64
2614.284 62
2614.400 61
2614.516 61
2614.632 62
2614.749 62
2614.865 59
2614.981 53
2615.097 50
2615.213 52
2615.330 51
2615.446 53
2615.562 48
2615.678 55
2615.795 58
2615.911 62
2616.027 63
2616.143 58
2616.260 59
2616.376 53
2616.492 60
2616.608 62
2616.725 63
2616.841 66
2616.957 71
2617.073 81
2617.190 85
2617.306 86
2617.422 89
2617.538 89
2617.655 85
2617.771 83
2617.887 76
2618.004 69
2618.120 71
2618.236 74
2618.352 75
2618.469 74
2618.585 78
2618.701 77
2618.818 75
2618.934 75
2619.050 76
2619.167 80
2619.283 87
2619.399 85
2619.516 82
2619.632 84
2619.748 75
2619.865 72
2619.981 72
2620.097 74
2620.214 76
2620.330 78
2620.446 81
2620.563 81
2620.679 94
2620.795 96
2620.912 94
2621.028 90
2621.144 84
2621.261 77
2621.377 75
2621.493 73
2621.610 62
2621.726 68
2621.843 72
2621.959 70
2622.075 76
2622.192 75
2622.308 71
2622.424 69
2622.541 72
2622.657 76
2622.774 77
2622.890 79
2623.006 77
2623.123 69
2623.239 64
2623.356 57
2623.472 55
2623.588 46
2623.705 46
2623.821 46
2623.938 46
2624.054 52
2624.171 58
2624.287 60
2624.403 64
2624.520 66
2624.636 65
2624.753 63
2624.869 57
2624.986 65
2625.102 68
2625.219 78
2625.335 89
2625.451 89
2625.568 85
2625.684 80
2625.801 74
2625.917 72
2626.034 74
2626.150 78
2626.267 76
2626.383 76
2626.500 79
2626.616 82
2626.733 81
2626.849 76
2626.966 77
2627.082 75
2627.199 75
2627.315 74
2627.432 63
2627.548 59
2627.665 58
2627.781 53
2627.898 54
2628.014 53
2628.131 56
2628.247 61
2628.364 64
2628.480 67
2628.597 72
2628.713 72
2628.830 71
2628.946 68
2629.063 63
2629.179 64
2629.296 63
2629.413 64
2629.529 64
2629.646 67
2629.762 65
2629.879 66
2629.995 63
2630.112 63
2630.228 66
2630.345 72
2630.462 80
2630.578 76
2630.695 71
2630.811 60
2630.928 51
2631.044 51
2631.161 53
2631.278 55
2631.394 58
2631.511 58
2631.627 59
2631.744 64
2631.861 63
2631.977 63
2632.094 61
2632.210 57
2632.327 54
2632.444 60
2632.560 63
2632.677 68
2632.793 77
2632.910 76
2633.027 73
2633.143 66
2633.260 59
2633.377 58
2633.493 58
2633.610 53
2633.727 54
2633.843 56
2633.960 55
2634.077 61
2634.193 68
2634.310 68
2634.426 69
2634.543 68
2634.660 75
2634.776 77
2634.893 78
2635.010 84
2635.126 80
2635.243 76
2635.360 79
2635.477 85
2635.593 89
2635.710 84
2635.827 77
2635.943 74
2636.060 72
2636.177 73
2636.293 75
2636.410 77
2636.527 74
2636.644 73
2636.760 76
2636.877 72
2636.994 68
2637.110 69
2637.227 66
2637.344 63
2637.461 58
2637.577 58
2637.694 58
2637.811 54
2637.927 49
2638.044 48
2638.161 44
2638.278 48
2638.394 44
2638.511 42
2638.628 42
2638.745 36
2638.861 41
2638.978 43
2639.095 47
2639.212 49
2639.329 64
2639.445 68
2639.562 72
2639.679 75
2639.796 69
2639.912 64
2640.029 66
2640.146 66
2640.263 72
2640.380 79
2640.496 83
2640.613 86
2640.730 84
2640.847 75
2640.964 68
2641.080 65
2641.197 58
2641.314 55
2641.431 54
2641.548 51
2641.665 51
2641.781 63
2641.898 73
2642.015 79
2642.132 101
2642.249 108
2642.366 116
2642.482 128
2642.599 136
2642.716 138
2642.833 134
2642.950 126
2643.067 124
2643.183 129
2643.300 129
2643.417 128
2643.534 125
2643.651 112
2643.768 110
2643.885 108
2644.002 103
2644.118 104
2644.235 101
2644.352 105
2644.469 103
2644.586 103
2644.703 103
2644.820 102
2644.937 103
2645.054 107
2645.170 105
2645.287 108
2645.404 106
2645.521 107
2645.638 105
2645.755 98
2645.872 94
2645.989 87
2646.106 84
2646.223 84
2646.340 77
2646.457 83
2646.573 83
2646.690 87
2646.807 83
2646.924 82
2647.041 81
2647.158 75
2647.275 72
2647.392 70
2647.509 74
2647.626 73
2647.743 71
2647.860 66
2647.977 63
2648.094 62
2648.211 67
2648.328 68
2648.445 70
2648.562 65
2648.679 65
2648.796 67
2648.913 67
2649.030 72
2649.147 73
2649.264 72
2649.381 69
2649.498 69
2649.615 63
2649.732 63
2649.849 65
2649.966 66
2650.083 67
2650.200 73
2650.317 63
2650.434 60
2650.551 49
2650.668 44
2650.785 41
2650.902 33
2651.019 31
2651.136 39
2651.253 42
2651.370 45
2651.487 53
2651.604 50
2651.721 57
2651.838 62
2651.955 66
2652.072 68
2652.189 67
2652.307 68
2652.424 70
2652.541 66
2652.658 68
2652.775 65
2652.892 64
2653.009 63
2653.126 65
2653.243 65
2653.360 65
2653.477 63
2653.594 59
2653.711 56
2653.829 57
2653.946 58
2654.063 58
2654.180 54
2654.297 55
2654.414 60
2654.531 56
2654.648 50
2654.765 50
2654.883 49
2655.000 51
2655.117 54
2655.234 56
2655.351 60
2655.468 65
2655.585 73
2655.703 77
2655.820 77
2655.937 78
2656.054 83
2656.171 82
2656.288 74
2656.405 69
2656.523 59
2656.640 47
2656.757 46
2656.874 41
2656.991 38
2657.108 38
2657.226 37
2657.343 36
2657.460 34
2657.577 32
2657.694 33
2657.811 36
2657.929 43
2658.046 48
2658.163 58
2658.280 64
2658.397 72
2658.515 79
2658.632 84
2658.749 89
2658.866 92
2658.984 98
2659.101 93
2659.218 83
2659.335 73
2659.452 68
2659.570 66
2659.687 69
2659.804 66
2659.921 68
2660.039 66
2660.156 66
2660.273 71
2660.390 70
2660.508 65
2660.625 60
2660.742 57
2660.859 47
2660.977 51
2661.094 51
2661.211 56
2661.328 60
2661.446 70
2661.563 72
2661.680 69
2661.797 74
2661.915 73
2662.032 73
2662.149 73
2662.267 74
2662.384 69
2662.501 68
2662.618 63
2662.736 52
2662.853 44
2662.970 42
2663.088 48
2663.205 50
2663.322 54
2663.440 55
2663.557 60
2663.674 63
2663.792 59
2663.909 58
2664.026 52
2664.144 51
2664.261 63
2664.378 68
2664.496 73
2664.613 84
2664.730 83
2664.848 87
2664.965 97
2665.082 99
2665.200 93
2665.317 92
2665.434 88
2665.552 86
2665.669 95
2665.786 96
2665.904 97
2666.021 106
2666.139 101
2666.256 105
2666.373 107
2666.491 105
2666.608 101
2666.726 98
2666.843 92
2666.960 77
2667.078 74
2667.195 75
2667.313 76
2667.430 75
2667.547 82
2667.665 81
2667.782 84
2667.900 86
2668.017 93
2668.134 95
2668.252 97
2668.369 103
2668.487 99
2668.604 95
2668.722 86
2668.839 80
2668.956 80
2669.074 79
2669.191 83
2669.309 76
2669.426 84
2669.544 87
2669.661 83
2669.779 87
2669.896 80
2670.014 77
2670.131 78
2670.248 81
2670.366 92
2670.483 94
2670.601 102
2670.718 98
2670.836 97
2670.953 96
2671.071 90
2671.188 89
2671.306 82
2671.423 82
2671.541 85
2671.658 90
2671.776 94
2671.893 99
2672.011 107
2672.128 112
2672.246 104
2672.363 96
2672.481 89
2672.598 82
2672.716 76
2672.833 80
2672.951 76
2673.068 71
2673.186 74
2673.304 71
2673.421 68
2673.539 68
2673.656 65
2673.774 67
2673.891 63
2674.009 56
2674.126 51
2674.244 46
2674.361 45
2674.479 36
2674.597 35
2674.714 34
2674.832 40
2674.949 46
2675.067 46
2675.184 47
2675.302 53
2675.420 59
2675.537 60
2675.655 58
2675.772 57
2675.890 57
2676.008 60
2676.125 60
2676.243 59
2676.360 62
2676.478 67
2676.596 70
2676.713 72
2676.831 71
2676.949 70
2677.066 71
2677.184 75
2677.301 82
2677.419 78
2677.537 75
2677.654 74
2677.772 67
2677.890 65
2678.007 64
2678.125 60
2678.242 64
2678.360 64
2678.478 65
2678.595 66
2678.713 55
2678.831 59
2678.948 59
2679.066 58
2679.184 57
2679.301 61
2679.419 63
2679.537 60
2679.654 63
2679.772 64
2679.890 66
2680.008 66
2680.125 71
2680.243 68
2680.361 71
2680.478 75
2680.596 76
2680.714 84
2680.831 81
2680.949 75
2681.067 68
2681.185 60
2681.302 63
2681.420 66
2681.538 61
2681.655 65
2681.773 67
2681.891 70
2682.009 68
2682.126 69
2682.244 64
2682.362 59
2682.480 62
2682.597 55
2682.715 50
2682.833 46
2682.951 43
2683.068 47
2683.186 50
2683.304 56
2683.422 61
2683.539 60
2683.657 60
2683.775 58
2683.893 59
2684.011 60
2684.128 60
2684.246 54
2684.364 46
2684.482 46
2684.599 47
2684.717 49
2684.835 55
2684.953 54
2685.071 53
2685.188 54
2685.306 46
2685.424 45
2685.542 45
2685.660 49
2685.777 54
2685.895 54
2686.013 59
2686.131 62
2686.249 68
2686.367 71
2686.484 70
2686.602 72
2686.720 61
2686.838 69
2686.956 73
2687.074 77
2687.192 78
2687.309 76
2687.427 75
2687.545 78
2687.663 81
2687.781 76
2687.899 74
2688.017 73
2688.134 73
2688.252 71
2688.370 73
2688.488 71
2688.606 71
2688.724 68
2688.842 63
2688.960 59
2689.077 50
2689.195 56
2689.313 56
2689.431 56
2689.549 66
2689.667 73
2689.785 76
2689.903 82
2690.021 87
2690.139 93
2690.257 100
2690.374 103
2690.492 103
2690.610 96
2690.728 91
2690.846 88
2690.964 92
2691.082 90
2691.200 89
2691.318 83
2691.436 74
2691.554 79
2691.672 88
2691.790 93
2691.908 100
2692.026 97
2692.144 93
2692.262 98
2692.379 102
2692.497 106
2692.615 105
2692.733 99
2692.851 92
2692.969 83
2693.087 73
2693.205 65
2693.323 55
2693.441 53
2693.559 55
2693.677 56
2693.795 57
2693.913 52
2694.031 52
2694.149 59
2694.267 59
2694.385 64
2694.503 70
2694.621 70
2694.739 86
2694.857 92
2694.975 90
2695.093 89
2695.211 89
2695.329 83
2695.448 76
2695.566 73
2695.684 62
2695.802 60
2695.920 64
2696.038 65
2696.156 64
2696.274 65
2696.392 66
2696.510 69
2696.628 71
2696.746 70
2696.864 66
2696.982 57
2697.100 48
2697.218 44
2697.336 42
2697.455 39
2697.573 33
2697.691 36
2697.809 39
2697.927 36
2698.045 34
2698.163 31
2698.281 31
2698.399 36
2698.517 40
2698.635 43
2698.754 45
2698.872 49
2698.990 54
2699.108 54
2699.226 53
2699.344 51
2699.462 55
2699.580 60
2699.699 63
2699.817 70
2699.935 74
2700.053 71
2700.171 80
2700.289 79
2700.407 74
2700.526 74
2700.644 74
2700.762 70
2700.880 69
2700.998 69
2701.116 63
2701.234 59
2701.353 48
2701.471 39
2701.589 34
2701.707 30
2701.825 28
2701.944 28
2702.062 30
2702.180 31
2702.298 30
2702.416 33
2702.534 38
2702.653 42
2702.771 45
2702.889 52
2703.007 51
2703.125 50
2703.244 50
2703.362 52
2703.480 58
2703.598 62
2703.717 70
2703.835 66
2703.953 63
2704.071 69
2704.189 64
2704.308 68
2704.426 65
2704.544 60
2704.662 56
2704.781 56
2704.899 55
2705.017 51
2705.135 50
2705.254 45
2705.372 45
2705.490 44
2705.608 42
2705.727 47
2705.845 50
2705.963 51
2706.081 52
2706.200 68
2706.318 78
2706.436 89
2706.555 100
2706.673 91
2706.791 88
2706.909 83
2707.028 79
2707.146 77
2707.264 69
2707.383 66
2707.501 62
2707.619 57
2707.738 58
2707.856 62
2707.974 69
2708.093 74
2708.211 77
2708.329 69
2708.447 60
2708.566 53
2708.684 52
2708.802 51
2708.921 48
2709.039 48
2709.157 50
2709.276 50
2709.394 50
2709.513 52
2709.631 53
2709.749 57
2709.868 60
2709.986 66
2710.104 62
2710.223 60
2710.341 62
2710.459 66
2710.578 68
2710.696 71
2710.815 71
2710.933 62
2711.051 59
2711.170 55
2711.288 47
2711.406 49
2711.525 48
2711.643 52
2711.762 55
2711.880 56
2711.998 55
2712.117 58
2712.235 58
2712.354 56
2712.472 54
2712.591 54
2712.709 49
2712.827 54
2712.946 59
2713.064 61
2713.183 57
2713.301 50
2713.420 52
2713.538 50
2713.656 60
2713.775 59
2713.893 59
2714.012 56
2714.130 58
2714.249 61
2714.367 66
2714.486 74
2714.604 72
2714.723 83
2714.841 86
2714.959 92
2715.078 100
2715.196 96
2715.315 93
2715.433 88
2715.552 83
2715.670 78
2715.789 79
2715.907 76
2716.026 76
2716.144 82
2716.263 80
2716.381 80
2716.500 78
2716.618 78
2716.737 76
2716.855 80
2716.974 73
2717.092 69
2717.211 67
2717.329 65
2717.448 59
2717.566 60
2717.685 63
2717.804 61
2717.922 66
2718.041 66
2718.159 67
2718.278 71
2718.396 71
2718.515 77
2718.633 75
2718.752 70
2718.870 56
2718.989 49
2719.108 44
2719.226 42
2719.345 34
2719.463 36
2719.582 38
2719.700 44
2719.819 58
2719.938 61
2720.056 67
2720.175 76
2720.293 79
2720.412 79
2720.531 78
2720.649 70
2720.768 68
2720.886 64
2721.005 61
2721.124 64
2721.242 68
2721.361 65
2721.479 64
2721.598 62
2721.717 57
2721.835 58
2721.954 56
2722.073 57
2722.191 54
2722.310 59
2722.428 68
2722.547 76
2722.666 93
2722.784 91
2722.903 84
2723.022 78
2723.140 64
2723.259 66
2723.378 68
2723.496 67
2723.615 77
2723.734 70
2723.852 67
2723.971 67
2724.090 61
2724.208 68
2724.327 69
2724.446 70
2724.564 67
2724.683 67
2724.802 68
2724.920 68
2725.039 64
2725.158 66
2725.277 65
2725.395 62
2725.514 61
2725.633 59
2725.751 61
2725.870 67
2725.989 75
2726.108 78
2726.226 82
2726.345 85
2726.464 86
2726.582 86
2726.701 79
2726.820 76
2726.939 72
2727.057 60
2727.176 60
2727.295 55
2727.414 50
2727.532 44
2727.651 44
2727.770 46
2727.889 46
2728.007 51
2728.126 48
2728.245 43
2728.364 42
2728.483 40
2728.601 43
2728.720 48
2728.839 51
2728.958 51
2729.076 50
2729.195 51
2729.314 50
2729.433 57
2729.552 60
2729.670 62
2729.789 72
2729.908 71
2730.027 78
2730.146 83
2730.264 85
2730.383 87
2730.502 83
2730.621 73
2730.740 65
2730.859 59
2730.977 58
2731.096 58
2731.215 58
2731.334 61
2731.453 64
2731.572 62
2731.690 58
2731.809 59
2731.928 55
2732.047 55
2732.166 52
2732.285 52
2732.403 54
2732.522 52
2732.641 45
2732.760 45
2732.879 44
2732.998 47
2733.117 55
2733.236 50
2733.354 51
2733.473 53
2733.592 53
2733.711 53
2733.830 53
2733.949 54
2734.068 59
2734.187 65
2734.306 70
2734.425 82
2734.543 87
2734.662 87
2734.781 85
2734.900 84
2735.019 81
2735.138 74
2735.257 73
2735.376 68
2735.495 65
2735.614 65
2735.733 68
2735.852 62
2735.971 48
2736.089 51
2736.208 48
2736.327 45
2736.446 53
2736.565 54
2736.684 54
2736.803 56
2736.922 57
2737.041 64
2737.160 68
2737.279 74
2737.398 78
2737.517 77
2737.636 75
2737.755 70
2737.874 67
2737.993 66
2738.112 66
2738.231 64
2738.350 66
2738.469 70
2738.588 76
2738.707 82
2738.826 86
2738.945 85
2739.064 83
2739.183 87
2739.302 83
2739.421 78
2739.540 77
2739.659 71
2739.778 66
2739.897 71
2740.016 74
2740.135 76
2740.254 82
2740.373 89
2740.492 85
2740.611 85
2740.730 80
2740.849 78
2740.968 78
2741.087 81
2741.206 86
2741.326 79
2741.445 78
2741.564 75
2741.683 76
2741.802 80
2741.921 84
2742.040 84
2742.159 97
2742.278 90
2742.397 89
2742.516 89
2742.635 89
2742.754 92
2742.874 93
2742.993 101
2743.112 99
2743.231 99
2743.350 97
2743.469 86
2743.588 85
2743.707 76
2743.826 67
2743.945 57
2744.065 44
2744.184 42
2744.303 44
2744.422 47
2744.541 44
2744.660 48
2744.779 54
2744.899 64
2745.018 73
2745.137 72
2745.256 70
2745.375 66
2745.494 63
2745.613 62
2745.733 60
2745.852 58
2745.971 64
2746.090 75
2746.209 88
2746.328 100
2746.448 103
2746.567 92
2746.686 85
2746.805 75
2746.924 68
2747.043 60
2747.163 55
2747.282 50
2747.401 50
2747.520 52
2747.639 54
2747.759 58
2747.878 57
2747.997 59
2748.116 61
2748.235 63
2748.355 64
2748.474 71
2748.593 71
2748.712 73
2748.832 68
2748.951 61
2749.070 58
2749.189 55
2749.308 54
2749.428 53
2749.547 50
2749.666 46
2749.785 49
2749.905 55
2750.024 53
2750.143 55
2750.262 64
2750.382 64
2750.501 66
2750.620 65
2750.740 69
2750.859 63
2750.978 60
2751.097 55
2751.217 51
2751.336 54
2751.455 55
2751.574 60
2751.694 53
2751.813 53
2751.932 58
2752.052 61
2752.171 69
2752.290 66
2752.410 65
2752.529 65
2752.648 61
2752.767 64
2752.887 65
2753.006 66
2753.125 68
2753.245 66
2753.364 58
2753.483 53
2753.603 48
2753.722 50
2753.841 53
2753.961 60
2754.080 64
2754.199 67
2754.319 70
2754.438 72
2754.558 78
2754.677 72
2754.796 66
2754.916 62
2755.035 55
2755.154 54
2755.274 53
2755.393 46
2755.512 44
2755.632 43
2755.751 42
2755.871 43
2755.990 50
2756.109 52
2756.229 53
2756.348 51
2756.468 57
2756.587 53
2756.706 52
2756.826 54
2756.945 50
2757.065 56
2757.184 57
2757.303 57
2757.423 55
2757.542 58
2757.662 61
2757.781 66
2757.900 74
2758.020 68
2758.139 67
2758.259 69
2758.378 66
2758.498 62
2758.617 62
2758.737 58
2758.856 52
2758.975 55
2759.095 54
2759.214 56
2759.334 48
2759.453 49
2759.573 51
2759.692 46
2759.812 41
2759.931 45
2760.051 44
2760.170 42
2760.290 45
2760.409 47
2760.529 46
2760.648 48
2760.767 50
2760.887 56
2761.006 59
2761.126 64
2761.245 61
2761.365 63
2761.484 58
2761.604 51
2761.723 56
2761.843 51
2761.963 54
2762.082 54
2762.202 58
2762.321 59
2762.441 56
2762.560 56
2762.680 54
2762.799 57
2762.919 59
2763.038 66
2763.158 68
2763.277 71
2763.397 69
2763.516 70
2763.636 81
2763.756 90
2763.875 88
2763.995 87
2764.114 81
2764.234 82
2764.353 86
2764.473 90
2764.593 92
2764.712 86
2764.832 84
2764.951 78
2765.071 80
2765.190 85
2765.310 87
2765.430 85
2765.549 83
2765.669 91
2765.788 93
2765.908 97
2766.028 97
2766.147 98
2766.267 98
2766.387 95
2766.506 92
2766.626 87
2766.745 79
2766.865 81
2766.985 78
2767.104 74
2767.224 72
2767.344 72
2767.463 76
2767.583 75
2767.702 75
2767.822 72
2767.942 71
2768.061 75
2768.181 74
2768.301 70
2768.420 68
2768.540 73
2768.660 73
2768.779 73
2768.899 71
2769.019 65
2769.138 63
2769.258 63
2769.378 60
2769.497 59
2769.617 56
2769.737 54
2769.856 53
2769.976 53
2770.096 54
2770.216 51
2770.335 54
2770.455 58
2770.575 64
2770.694 66
2770.814 70
2770.934 86
2771.054 87
2771.173 92
2771.293 98
2771.413 83
2771.532 77
2771.652 72
2771.772 71
2771.892 75
2772.011 77
2772.131 73
2772.251 66
2772.371 60
2772.490 57
2772.610 54
2772.730 45
2772.850 45
2772.969 45
2773.089 44
2773.209 44
2773.329 55
2773.448 63
2773.568 65
2773.688 65
2773.808 65
2773.928 71
2774.047 78
2774.167 84
2774.287 79
2774.407 76
2774.527 71
2774.646 71
2774.766 76
2774.886 74
2775.006 76
2775.126 68
2775.245 61
2775.365 60
2775.485 58
2775.605 61
2775.725 59
2775.844 62
2775.964 58
2776.084 57
2776.204 58
2776.324 55
2776.444 57
2776.563 59
2776.683 60
2776.803 57
2776.923 59
2777.043 62
2777.163 63
2777.283 65
2777.402 69
2777.522 69
2777.642 64
2777.762 67
2777.882 66
2778.002 72
2778.122 73
2778.241 68
2778.361 67
2778.481 56
2778.601 59
2778.721 57
2778.841 54
2778.961 54
2779.081 47
2779.201 49
2779.320 54
2779.440 58
2779.560 66
2779.680 68
2779.800 68
2779.920 72
2780.040 68
2780.160 71
2780.280 69
2780.400 63
2780.520 59
2780.640 54
2780.759 51
2780.879 45
2780.999 49
2781.119 50
2781.239 52
2781.359 49
2781.479 48
2781.599 48
2781.719 48
2781.839 57
2781.959 59
2782.079 60
2782.199 63
2782.319 60
2782.439 58
2782.559 60
2782.679 67
2782.799 66
2782.919 65
2783.039 68
2783.159 69
2783.279 76
2783.399 73
2783.519 70
2783.639 62
2783.759 55
2783.879 56
2783.999 56
2784.119 58
2784.239 61
2784.359 66
2784.479 67
2784.599 66
2784.719 68
2784.839 78
2784.959 83
2785.079 89
2785.199 87
2785.319 84
2785.439 89
2785.559 87
2785.679 93
2785.799 100
2785.919 99
2786.039 97
2786.159 97
2786.279 97
2786.399 97
2786.519 98
2786.639 93
2786.759 91
2786.880 87
2787.000 89
2787.120 91
2787.240 90
2787.360 91
2787.480 93
2787.600 92
2787.720 92
2787.840 87
2787.960 79
2788.080 77
2788.200 75
2788.321 76
2788.441 82
2788.561 81
2788.681 80
2788.801 82
2788.921 77
2789.041 75
2789.161 70
2789.281 68
2789.402 75
2789.522 71
2789.642 72
2789.762 75
2789.882 69
2790.002 65
2790.122 68
2790.243 68
2790.363 69
2790.483 69
2790.603 77
2790.723 82
2790.843 85
2790.963 90
2791.084 94
2791.204 90
2791.324 89
2791.444 72
2791.564 62
2791.684 60
2791.805 57
2791.925 62
2792.045 62
2792.165 65
2792.285 69
2792.406 75
2792.526 85
2792.646 86
2792.766 89
2792.886 88
2793.006 84
2793.127 88
2793.247 81
2793.367 85
2793.487 80
2793.608 78
2793.728 79
2793.848 85
2793.968 78
2794.088 72
2794.209 64
2794.329 51
2794.449 54
2794.569 55
2794.690 57
2794.810 65
2794.930 70
2795.050 76
2795.171 77
2795.291 81
2795.411 80
2795.531 75
2795.652 77
2795.772 66
2795.892 58
2796.012 56
2796.133 48
2796.253 49
2796.373 45
2796.494 45
2796.614 46
2796.734 44
2796.854 47
2796.975 48
2797.095 54
2797.215 67
2797.336 72
2797.456 76
2797.576 81
2797.696 72
2797.817 77
2797.937 80
2798.057 79
2798.178 85
2798.298 74
2798.418 65
2798.539 60
2798.659 52
2798.779 58
2798.900 57
2799.020 56
2799.140 57
2799.261 56
2799.381 56
2799.501 60
2799.622 63
2799.742 59
2799.862 57
2799.983 55
2800.103 53
2800.223 60
2800.344 68
2800.464 80
2800.585 87
2800.705 81
2800.825 73
2800.946 58
2801.066 52
2801.186 56
2801.307 53
2801.427 50
2801.548 50
2801.668 48
2801.788 51
2801.909 57
2802.029 66
2802.150 74
2802.270 78
2802.390 84
2802.511 86
2802.631 73
2802.752 66
2802.872 56
2802.993 43
2803.113 42
2803.233 45
2803.354 48
2803.474 56
2803.595 58
2803.715 60
2803.836 69
2803.956 71
2804.076 68
2804.197 64
2804.317 62
2804.438 57
2804.558 60
2804.679 57
2804.799 52
2804.920 51
2805.040 56
2805.161 59
2805.281 60
2805.402 59
2805.522 57
2805.643 61
2805.763 62
2805.883 65
2806.004 62
2806.124 62
2806.245 58
2806.365 51
2806.486 55
2806.606 57
2806.727 60
2806.847 67
2806.968 62
2807.088 62
2807.209 65
2807.330 62
2807.450 64
2807.571 63
2807.691 60
2807.812 56
2807.932 50
2808.053 49
2808.173 46
2808.294 49
2808.414 46
2808.535 48
2808.655 54
2808.776 55
2808.896 59
2809.017 64
2809.138 61
2809.258 65
2809.379 64
2809.499 66
2809.620 62
2809.740 58
2809.861 57
2809.982 56
2810.102 56
2810.223 56
2810.343 72
2810.464 81
2810.584 93
2810.705 101
2810.826 99
2810.946 98
2811.067 98
2811.187 93
2811.308 91
2811.429 90
2811.549 86
2811.670 82
2811.791 77
2811.911 71
2812.032 65
2812.152 71
2812.273 68
2812.394 73
2812.514 76
2812.635 74
2812.756 78
2812.876 75
2812.997 75
2813.117 81
2813.238 78
2813.359 75
2813.479 74
2813.600 77
2813.721 69
2813.841 64
2813.962 64
2814.083 55
2814.203 54
2814.324 54
2814.445 56
2814.565 51
2814.686 52
2814.807 54
2814.927 54
2815.048 52
2815.169 52
2815.290 53
2815.410 57
2815.531 65
2815.652 68
2815.772 69
2815.893 69
2816.014 77
2816.134 78
2816.255 81
2816.376 83
2816.497 79
2816.617 76
2816.738 73
2816.859 66
2816.980 60
2817.100 61
2817.221 59
2817.342 56
2817.462 61
2817.583 57
2817.704 58
2817.825 57
2817.945 52
2818.066 54
2818.187 54
2818.308 59
2818.428 57
2818.549 60
2818.670 63
2818.791 63
2818.912 68
2819.032 58
2819.153 51
2819.274 40
2819.395 30
2819.515 30
2819.636 34
2819.757 38
2819.878 43
2819.999 52
2820.119 59
2820.240 63
2820.361 68
2820.482 71
2820.603 66
2820.723 63
2820.844 64
2820.965 62
2821.086 59
2821.207 56
2821.328 52
2821.448 45
2821.569 44
2821.690 47
2821.811 47
2821.932 48
2822.053 54
2822.173 55
2822.294 59
2822.415 61
2822.536 56
2822.657 51
2822.778 49
2822.899 52
2823.019 54
2823.140 51
2823.261 52
2823.382 53
2823.503 56
2823.624 59
2823.745 60
2823.865 60
2823.986 62
2824.107 63
2824.228 67
2824.349 65
2824.470 62
2824.591 62
2824.712 56
2824.833 61
2824.954 56
2825.074 57
2825.195 49
2825.316 40
2825.437 40
2825.558 35
2825.679 33
2825.800 36
2825.921 41
2826.042 41
2826.163 46
2826.284 46
2826.405 51
2826.526 53
2826.646 55
2826.767 55
2826.888 55
2827.009 59
2827.130 68
2827.251 71
2827.372 71
2827.493 66
2827.614 60
2827.735 59
2827.856 55
2827.977 54
2828.098 55
2828.219 55
2828.340 54
2828.461 55
2828.582 58
2828.703 52
2828.824 53
2828.945 49
2829.066 45
2829.187 43
2829.308 42
2829.429 43
2829.550 43
2829.671 47
2829.792 49
2829.913 50
2830.034 53
2830.155 55
2830.276 54
2830.397 56
2830.518 58
2830.639 56
2830.760 55
2830.881 53
2831.002 51
2831.123 53
2831.244 54
2831.365 59
2831.486 66
2831.607 69
2831.728 70
2831.849 69
2831.971 82
2832.092 86
2832.213 95
2832.334 103
2832.455 105
2832.576 115
2832.697 108
2832.818 104
2832.939 99
2833.060 93
2833.181 93
2833.302 89
2833.423 88
2833.545 81
2833.666 81
2833.787 81
2833.908 80
2834.029 71
2834.150 68
2834.271 63
2834.392 58
2834.513 59
2834.634 64
2834.756 69
2834.877 74
2834.998 79
2835.119 78
2835.240 78
2835.361 79
2835.482 77
2835.604 76
2835.725 73
2835.846 72
2835.967 72
2836.088 70
2836.209 72
2836.330 65
2836.452 65
2836.573 71
2836.694 74
2836.815 74
2836.936 79
2837.057 77
2837.179 76
2837.300 76
2837.421 65
2837.542 63
2837.663 63
2837.784 58
2837.906 61
2838.027 64
2838.148 64
2838.269 68
2838.390 69
2838.512 72
2838.633 67
2838.754 76
2838.875 82
2838.996 87
2839.118 97
2839.239 104
2839.360 104
2839.481 103
2839.603 99
2839.724 94
2839.845 88
2839.966 83
2840.087 81
2840.209 73
2840.330 61
2840.451 58
2840.572 54
2840.694 48
2840.815 53
2840.936 56
2841.057 58
2841.179 67
2841.300 65
2841.421 65
2841.543 62
2841.664 60
2841.785 54
2841.906 53
2842.028 49
2842.149 45
2842.270 50
2842.391 48
2842.513 47
2842.634 48
2842.755 52
2842.877 57
2842.998 61
2843.119 60
2843.241 56
2843.362 57
2843.483 58
2843.604 57
2843.726 53
2843.847 52
2843.968 46
2844.090 48
2844.211 44
2844.332 44
2844.454 51
2844.575 55
2844.696 64
2844.818 68
2844.939 74
2845.060 80
2845.182 81
2845.303 83
2845.424 81
2845.546 83
2845.667 81
2845.789 81
2845.910 84
2846.031 89
2846.153 83
2846.274 73
2846.395 71
2846.517 64
2846.638 61
2846.760 61
2846.881 55
2847.002 47
2847.124 44
2847.245 43
2847.366 46
2847.488 56
2847.609 53
2847.731 51
2847.852 53
2847.974 51
2848.095 54
2848.216 59
2848.338 60
2848.459 65
2848.581 75
2848.702 76
2848.823 79
2848.945 85
2849.066 85
2849.188 80
2849.309 77
2849.431 76
2849.552 61
2849.674 59
2849.795 56
2849.916 49
2850.038 45
2850.159 49
2850.281 55
2850.402 60
2850.524 65
2850.645 68
2850.767 68
2850.888 65
2851.010 66
2851.131 59
2851.253 55
2851.374 51
2851.496 51
2851.617 56
2851.738 57
2851.860 63
2851.981 64
2852.103 65
2852.224 65
2852.346 76
2852.467 75
2852.589 77
2852.710 78
2852.832 74
2852.954 72
2853.075 69
2853.197 64
2853.318 60
2853.440 54
2853.561 53
2853.683 56
2853.804 51
2853.926 56
2854.047 53
2854.169 59
2854.290 58
2854.412 53
2854.533 54
2854.655 59
2854.777 60
2854.898 59
2855.020 60
2855.141 60
2855.263 61
2855.384 59
2855.506 62
2855.628 63
2855.749 68
2855.871 71
2855.992 71
2856.114 72
2856.235 74
2856.357 79
2856.479 74
2856.600 73
2856.722 68
2856.843 56
2856.965 60
2857.087 58
2857.208 55
2857.330 55
2857.452 57
2857.573 59
2857.695 65
2857.816 64
2857.938 65
2858.060 58
2858.181 60
2858.303 65
2858.425 66
2858.546 69
2858.668 69
2858.789 68
2858.911 73
2859.033 80
2859.154 86
2859.276 83
2859.398 84
2859.519 87
2859.641 86
2859.763 86
2859.884 86
2860.006 80
2860.128 78
2860.249 83
2860.371 83
2860.493 81
2860.614 80
2860.736 72
2860.858 69
2860.980 64
2861.101 62
2861.223 66
2861.345 67
2861.466 67
2861.588 70
2861.710 77
2861.831 78
2861.953 77
2862.075 81
2862.197 77
2862.318 78
2862.440 81
2862.562 74
2862.683 68
2862.805 64
2862.927 54
2863.049 54
2863.170 61
2863.292 65
2863.414 71
2863.536 70
2863.657 71
2863.779 74
2863.901 73
2864.023 82
2864.144 85
2864.266 85
2864.388 88
2864.510 90
2864.631 94
2864.753 93
2864.875 92
2864.997 82
2865.119 85
2865.240 85
2865.362 85
2865.484 84
2865.606 82
2865.728 81
2865.849 82
2865.971 83
2866.093 80
2866.215 80
2866.337 81
2866.458 73
2866.580 73
2866.702 71
2866.824 73
2866.946 77
2867.067 74
2867.189 75
2867.311 75
2867.433 72
2867.555 70
2867.677 61
2867.798 49
2867.920 46
2868.042 42
2868.164 39
2868.286 41
2868.408 39
2868.530 34
2868.651 32
2868.773 31
2868.895 33
2869.017 30
2869.139 32
2869.261 33
2869.383 39
2869.505 43
2869.626 48
2869.748 55
2869.870 56
2869.992 52
2870.114 47
2870.236 42
2870.358 37
2870.480 33
2870.602 32
2870.723 28
2870.845 30
2870.967 27
2871.089 25
2871.211 28
2871.333 27
2871.455 32
2871.577 36
2871.699 36
2871.821 35
2871.943 37
2872.065 39
2872.186 47
2872.308 60
2872.430 60
2872.552 58
2872.674 55
2872.796 58
2872.918 58
2873.040 56
2873.162 58
2873.284 48
2873.406 47
2873.528 49
2873.650 46
2873.772 50
2873.894 48
2874.016 46
2874.138 46
2874.260 41
2874.382 40
2874.504 40
2874.626 41
2874.748 42
2874.870 41
2874.992 41
2875.114 43
2875.236 50
2875.358 55
2875.480 57
2875.602 56
2875.724 59
2875.846 60
2875.968 56
2876.090 54
2876.212 49
2876.334 48
2876.456 47
2876.578 48
2876.700 39
2876.822 42
2876.944 45
2877.066 45
2877.188 50
2877.310 58
2877.432 58
2877.554 63
2877.676 66
2877.798 65
2877.920 62
2878.043 60
2878.165 60
2878.287 52
2878.409 51
2878.531 49
2878.653 45
2878.775 48
2878.897 48
2879.019 44
2879.141 44
2879.263 48
2879.385 53
2879.507 54
2879.630 51
2879.752 56
2879.874 58
2879.996 62
2880.118 71
2880.240 72
2880.362 73
2880.484 70
2880.606 68
2880.729 65
2880.851 70
2880.973 75
2881.095 79
2881.217 93
2881.339 92
2881.461 90
2881.584 93
2881.706 81
2881.828 72
2881.950 66
2882.072 60
2882.194 50
2882.316 47
2882.439 46
2882.561 42
2882.683 42
2882.805 48
2882.927 55
2883.049 65
2883.172 74
2883.294 78
2883.416 76
2883.538 80
2883.660 79
2883.782 83
2883.905 80
2884.027 82
2884.149 76
2884.271 76
2884.393 69
2884.516 66
2884.638 70
2884.760 73
2884.882 73
2885.005 70
2885.127 70
2885.249 62
2885.371 58
2885.493 56
2885.616 61
2885.738 67
2885.860 78
2885.982 85
2886.105 80
2886.227 77
2886.349 73
2886.471 66
2886.594 71
2886.716 67
2886.838 67
2886.960 65
2887.083 62
2887.205 63
2887.327 63
2887.449 63
2887.572 63
2887.694 62
2887.816 61
2887.938 56
2888.061 48
2888.183 44
2888.305 34
2888.428 34
2888.550 37
2888.672 40
2888.794 43
2888.917 45
2889.039 55
2889.161 59
2889.284 64
2889.406 64
2889.528 61
2889.651 62
2889.773 66
2889.895 71
2890.018 75
2890.140 76
2890.262 74
2890.385 79
2890.507 74
2890.629 72
2890.752 72
2890.874 68
2890.996 75
2891.119 83
2891.241 89
2891.363 98
2891.486 101
2891.608 102
2891.730 101
2891.853 100
2891.975 86
2892.097 77
2892.220 70
2892.342 61
2892.465 51
2892.587 46
2892.709 47
2892.832 39
2892.954 42
2893.077 45
2893.199 47
2893.321 56
2893.444 51
2893.566 49
2893.689 50
2893.811 51
2893.933 54
2894.056 53
2894.178 58
2894.301 63
2894.423 65
2894.545 64
2894.668 66
2894.790 65
2894.913 69
2895.035 69
2895.158 60
2895.280 52
2895.402 45
2895.525 43
2895.647 43
2895.770 40
2895.892 38
2896.015 44
2896.137 55
2896.260 72
2896.382 74
2896.504 75
2896.627 78
2896.749 84
2896.872 90
2896.994 90
2897.117 88
2897.239 81
2897.362 71
2897.484 69
2897.607 63
2897.729 57
2897.852 61
2897.974 62
2898.097 65
2898.219 62
2898.342 69
2898.464 72
2898.587 74
2898.709 84
2898.832 79
2898.954 76
2899.077 72
2899.199 70
2899.322 65
2899.444 65
2899.567 61
2899.689 56
2899.812 64
2899.935 64
2900.057 60
2900.180 60
2900.302 63
2900.425 67
2900.547 70
2900.670 76
2900.792 77
2900.915 73
2901.038 73
2901.160 64
2901.283 63
2901.405 66
2901.528 70
2901.650 80
2901.773 76
2901.896 73
2902.018 68
2902.141 62
2902.263 67
2902.386 68
2902.508 68
2902.631 71
2902.754 65
2902.876 63
2902.999 63
2903.121 65
2903.244 70
2903.367 72
2903.489 72
2903.612 64
2903.735 64
2903.857 64
2903.980 58
2904.102 58
2904.225 55
2904.348 52
2904.470 49
2904.593 51
2904.716 44
2904.838 47
2904.961 48
2905.084 47
2905.206 46
2905.329 49
2905.451 56
2905.574 58
2905.697 61
2905.819 55
2905.942 53
2906.065 55
2906.187 54
2906.310 57
2906.433 63
2906.556 66
2906.678 76
2906.801 83
2906.924 92
2907.046 84
2907.169 83
2907.292 75
2907.414 71
2907.537 67
2907.660 68
2907.782 73
2907.905 74
2908.028 86
2908.151 85
2908.273 89
2908.396 85
2908.519 85
2908.642 84
2908.764 79
2908.887 72
2909.010 74
2909.132 73
2909.255 77
2909.378 78
2909.501 74
2909.623 74
2909.746 72
2909.869 68
2909.992 68
2910.114 60
2910.237 60
2910.360 58
2910.483 48
2910.605 47
2910.728 50
2910.851 50
2910.974 46
2911.097 50
2911.219 51
2911.342 54
2911.465 58
2911.588 60
2911.711 61
2911.833 61
2911.956 62
2912.079 66
2912.202 70
2912.325 69
2912.447 79
2912.570 72
2912.693 68
2912.816 66
2912.939 62
2913.061 59
2913.184 58
2913.307 60
2913.430 66
2913.553 67
2913.676 74
2913.798 77
2913.921 76
2914.044 76
2914.167 76
2914.290 82
2914.413 81
2914.535 86
2914.658 84
2914.781 83
2914.904 80
2915.027 79
2915.150 77
2915.273 77
2915.396 72
2915.518 61
2915.641 55
2915.764 48
2915.887 50
2916.010 53
2916.133 57
2916.256 62
2916.379 59
2916.502 66
2916.624 67
2916.747 65
2916.870 71
2916.993 73
2917.116 76
2917.239 82
2917.362 86
2917.485 86
2917.608 86
2917.731 87
2917.854 82
2917.976 74
2918.099 72
2918.222 69
2918.345 63
2918.468 62
2918.591 58
2918.714 56
2918.837 50
2918.960 52
2919.083 55
2919.206 55
2919.329 66
2919.452 68
2919.575 66
2919.698 65
2919.821 60
2919.944 61
2920.067 63
2920.190 68
2920.313 69
2920.436 65
2920.559 63
2920.682 59
2920.805 56
2920.928 50
2921.051 50
2921.174 50
2921.297 46
2921.420 47
2921.543 46
2921.666 50
2921.789 56
2921.912 59
2922.035 63
2922.158 64
2922.281 58
2922.404 65
2922.527 70
2922.650 69
2922.773 66
2922.896 61
2923.019 55
2923.142 50
2923.265 50
2923.388 43
2923.511 47
2923.634 47
2923.757 56
2923.880 55
2924.003 58
2924.126 62
2924.249 55
2924.372 56
2924.495 56
2924.618 63
2924.742 68
2924.865 73
2924.988 78
2925.111 81
2925.234 80
2925.357 80
2925.480 90
2925.603 85
2925.726 74
2925.849 73
2925.972 65
2926.096 66
2926.219 64
2926.342 60
2926.465 60
2926.588 62
2926.711 61
2926.834 57
2926.957 54
2927.080 55
2927.204 54
2927.327 52
2927.450 55
2927.573 56
2927.696 62
2927.819 65
2927.942 66
2928.066 67
2928.189 68
2928.312 63
2928.435 63
2928.558 60
2928.681 56
2928.804 63
2928.928 58
2929.051 60
2929.174 63
2929.297 65
2929.420 67
2929.544 66
2929.667 70
2929.790 70
2929.913 71
2930.036 73
2930.159 82
2930.283 79
2930.406 76
2930.529 75
2930.652 69
2930.775 63
2930.899 63
2931.022 59
2931.145 60
2931.268 65
2931.391 65
2931.515 64
2931.638 66
2931.761 66
2931.884 72
2932.008 77
2932.131 80
2932.254 77
2932.377 75
2932.501 72
2932.624 67
2932.747 65
2932.870 65
2932.994 62
2933.117 66
2933.240 64
2933.363 67
2933.487 72
2933.610 73
2933.733 76
2933.856 79
2933.980 86
2934.103 90
2934.226 83
2934.349 84
2934.473 85
2934.596 82
2934.719 86
2934.843 88
2934.966 88
2935.089 90
2935.213 84
2935.336 82
2935.459 80
2935.582 78
2935.706 72
2935.829 67
2935.952 69
2936.076 73
2936.199 68
2936.322 64
2936.446 61
2936.569 63
2936.692 62
2936.816 64
2936.939 66
2937.062 65
2937.186 63
2937.309 61
2937.432 64
2937.556 60
2937.679 52
2937.802 51
2937.926 51
2938.049 48
2938.173 49
2938.296 51
2938.419 54
2938.543 61
2938.666 64
2938.789 68
2938.913 70
2939.036 78
2939.160 83
2939.283 92
2939.406 100
2939.530 112
2939.653 104
2939.776 91
2939.900 75
2940.023 59
2940.147 50
2940.270 51
2940.393 50
2940.517 43
2940.640 44
2940.764 45
2940.887 49
2941.011 47
2941.134 49
2941.257 47
2941.381 50
2941.504 53
2941.628 49
2941.751 48
2941.875 47
2941.998 45
2942.122 42
2942.245 47
2942.368 49
2942.492 49
2942.615 52
2942.739 52
2942.862 60
2942.986 56
2943.109 55
2943.233 58
2943.356 62
2943.480 66
2943.603 73
2943.727 74
2943.850 77
2943.974 79
2944.097 88
2944.221 91
2944.344 92
2944.468 94
2944.591 85
2944.715 83
2944.838 76
2944.962 69
2945.085 72
2945.209 74
2945.332 71
2945.456 71
2945.579 63
2945.703 58
2945.826 55
2945.950 43
2946.073 39
2946.197 36
2946.320 33
2946.444 22
2946.567 28
2946.691 39
2946.815 47
2946.938 57
2947.062 54
2947.185 50
2947.309 51
2947.432 43
2947.556 49
2947.679 52
2947.803 55
2947.927 50
2948.050 52
2948.174 49
2948.297 46
2948.421 43
2948.544 41
2948.668 38
2948.792 40
2948.915 43
2949.039 39
2949.162 41
2949.286 47
2949.410 49
2949.533 52
2949.657 55
2949.780 50
2949.904 53
2950.028 55
2950.151 52
2950.275 50
2950.399 50
2950.522 49
2950.646 48
2950.769 44
2950.893 46
2951.017 41
2951.140 39
2951.264 39
2951.388 33
2951.511 32
2951.635 35
2951.759 38
2951.882 40
2952.006 39
2952.130 36
2952.253 34
2952.377 35
2952.501 38
2952.624 41
2952.748 45
2952.872 52
2952.995 54
2953.119 56
2953.243 58
2953.366 55
2953.490 64
2953.614 71
2953.737 83
2953.861 91
2953.985 87
2954.109 80
2954.232 69
2954.356 68
2954.480 71
2954.603 75
2954.727 84
2954.851 82
2954.975 76
2955.098 81
2955.222 84
2955.346 80
2955.470 84
2955.593 99
2955.717 97
2955.841 104
2955.964 105
2956.088 100
2956.212 96
2956.336 105
2956.459 97
2956.583 86
2956.707 81
2956.831 65
2956.955 68
2957.078 70
2957.202 69
2957.326 63
2957.450 61
2957.573 63
2957.697 59
2957.821 63
2957.945 69
2958.069 73
2958.192 71
2958.316 75
2958.440 79
2958.564 77
2958.688 73
2958.811 69
2958.935 59
2959.059 56
2959.183 56
2959.307 49
2959.430 46
2959.554 49
2959.678 54
2959.802 55
2959.926 58
2960.050 59
2960.173 56
2960.297 63
2960.421 68
2960.545 71
2960.669 72
2960.793 74
2960.916 73
2961.040 70
2961.164 69
2961.288 73
2961.412 70
2961.536 65
2961.660 66
2961.783 63
2961.907 67
2962.031 70
2962.155 69
2962.279 70
2962.403 61
2962.527 60
2962.651 48
2962.775 40
2962.898 41
2963.022 41
2963.146 46
2963.270 52
2963.394 53
2963.518 56
2963.642 58
2963.766 65
2963.890 66
2964.014 68
2964.138 64
2964.261 59
2964.385 61
2964.509 62
2964.633 70
2964.757 75
2964.881 76
2965.005 74
2965.129 74
2965.253 72
2965.377 71
2965.501 69
2965.625 63
2965.749 59
2965.873 54
2965.997 56
2966.121 56
2966.245 61
2966.369 64
2966.493 61
2966.616 56
2966.740 52
2966.864 57
2966.988 55
2967.112 54
2967.236 60
2967.360 56
2967.484 59
2967.608 62
2967.732 55
2967.856 60
2967.980 60
2968.104 61
2968.228 63
2968.352 65
2968.476 66
2968.600 63
2968.724 58
2968.848 55
2968.972 57
2969.097 59
2969.221 63
2969.345 66
2969.469 66
2969.593 63
2969.717 62
2969.841 61
2969.965 62
2970.089 58
2970.213 52
2970.337 42
2970.461 34
2970.585 32
2970.709 33
2970.833 34
2970.957 38
2971.081 41
2971.205 31
2971.329 37
2971.454 38
2971.578 36
2971.702 41
2971.826 49
2971.950 54
2972.074 55
2972.198 63
2972.322 57
2972.446 55
2972.570 57
2972.694 58
2972.819 56
2972.943 54
2973.067 50
2973.191 46
2973.315 39
2973.439 37
2973.563 36
2973.687 44
2973.811 47
2973.936 48
2974.060 51
2974.184 50
2974.308 49
2974.432 49
2974.556 48
2974.680 44
2974.805 48
2974.929 53
2975.053 51
2975.177 53
2975.301 65
2975.425 70
2975.550 73
2975.674 82
2975.798 75
2975.922 68
2976.046 67
2976.170 66
2976.295 63
2976.419 62
2976.543 61
2976.667 51
2976.791 52
2976.916 55
2977.040 55
2977.164 55
2977.288 61
2977.412 60
2977.537 60
2977.661 65
2977.785 65
2977.909 63
2978.033 61
2978.158 53
2978.282 51
2978.406 52
2978.530 54
2978.655 55
2978.779 57
2978.903 60
2979.027 64
2979.151 65
2979.276 65
2979.400 59
2979.524 56
2979.648 56
2979.773 52
2979.897 48
2980.021 49
2980.146 55
2980.270 55
2980.394 61
2980.518 64
2980.643 67
2980.767 70
2980.891 71
2981.015 75
2981.140 81
2981.264 85
2981.388 82
2981.513 80
2981.637 81
2981.761 83
2981.885 86
2982.010 81
2982.134 75
2982.258 78
2982.383 77
2982.507 68
2982.631 65
2982.756 62
2982.880 60
2983.004 58
2983.129 63
2983.253 55
2983.377 59
2983.502 61
2983.626 61
2983.750 62
2983.875 60
2983.999 59
2984.123 58
2984.248 67
2984.372 63
2984.496 63
2984.621 56
2984.745 53
2984.869 53
2984.994 50
2985.118 50
2985.243 50
2985.367 51
2985.491 56
2985.616 61
2985.740 68
2985.864 72
2985.989 76
2986.113 85
2986.238 81
2986.362 80
2986.486 82
2986.611 82
2986.735 83
2986.860 87
2986.984 89
2987.108 90
2987.233 86
2987.357 81
2987.482 75
2987.606 68
2987.731 72
2987.855 71
2987.979 74
2988.104 73
2988.228 73
2988.353 73
2988.477 63
2988.602 62
2988.726 52
2988.850 48
2988.975 43
2989.099 36
2989.224 37
2989.348 36
2989.473 39
2989.597 45
2989.722 49
2989.846 55
2989.971 60
2990.095 66
2990.220 70
2990.344 69
2990.469 69
2990.593 74
2990.718 77
2990.842 74
2990.967 68
2991.091 66
2991.216 60
2991.340 66
2991.465 70
2991.589 69
2991.714 73
2991.838 71
2991.963 70
2992.087 63
2992.212 60
2992.336 60
2992.461 59
2992.585 59
2992.710 67
2992.834 72
2992.959 84
2993.083 89
2993.208 82
2993.332 73
2993.457 65
2993.582 55
2993.706 63
2993.831 66
2993.955 63
2994.080 67
2994.204 67
2994.329 66
2994.453 71
2994.578 68
2994.703 64
2994.827 59
2994.952 54
2995.076 46
2995.201 39
2995.325 37
2995.450 35
2995.575 33
2995.699 40
2995.824 44
2995.948 42
2996.073 42
2996.198 35
2996.322 30
2996.447 27
2996.572 26
2996.696 31
2996.821 35
2996.945 41
2997.070 40
2997.195 40
2997.319 40
2997.444 40
2997.569 44
2997.693 51
2997.818 54
2997.942 57
2998.067 65
2998.192 66
2998.316 70
2998.441 74
2998.566 74
2998.690 71
2998.815 64
2998.940 59
2999.064 55
2999.189 59
2999.314 59
2999.438 66
2999.563 65
2999.688 58
2999.812 59
2999.937 54
3000.062 59
3000.186 60
3000.311 64
3000.436 66
3000.561 68
3000.685 70
3000.810 72
3000.935 73
3001.059 73
3001.184 82
3001.309 88
3001.433 91
3001.558 99
3001.683 96
3001.808 93
3001.932 99
3002.057 97
3002.182 97
3002.307 97
3002.431 98
3002.556 92
3002.681 88
3002.806 82
3002.930 73
3003.055 71
3003.180 74
3003.305 73
3003.429 75
3003.554 79
3003.679 83
3003.804 82
3003.928 83
3004.053 82
3004.178 86
3004.303 86
3004.427 83
3004.552 88
3004.677 85
3004.802 89
3004.927 98
3005.051 95
3005.176 91
3005.301 93
3005.426 93
3005.551 94
3005.675 99
3005.800 96
3005.925 92
3006.050 95
3006.175 88
3006.300 87
3006.424 87
3006.549 80
3006.674 79
3006.799 78
3006.924 76
3007.049 65
3007.173 66
3007.298 68
3007.423 71
3007.548 82
3007.673 77
3007.798 73
3007.922 76
3008.047 67
3008.172 67
3008.297 68
3008.422 67
3008.547 64
3008.672 72
3008.796 70
3008.921 67
3009.046 67
3009.171 64
3009.296 58
3009.421 58
3009.546 56
3009.671 48
3009.796 47
3009.920 47
3010.045 43
3010.170 46
3010.295 47
3010.420 49
3010.545 55
3010.670 57
3010.795 54
3010.920 53
3011.045 55
3011.170 56
3011.295 58
3011.419 60
3011.544 59
3011.669 62
3011.794 62
3011.919 54
3012.044 47
3012.169 42
3012.294 36
3012.419 40
3012.544 40
3012.669 35
3012.794 36
3012.919 35
3013.044 29
3013.169 32
3013.294 36
3013.419 39
3013.544 47
3013.669 48
3013.794 48
3013.919 49
3014.044 54
3014.169 56
3014.294 55
3014.419 59
3014.544 53
3014.669 46
3014.794 46
3014.919 40
3015.044 37
3015.169 44
3015.294 44
3015.419 45
3015.544 47
3015.669 43
3015.794 47
3015.919 49
3016.044 53
3016.169 52
3016.294 50
3016.419 50
3016.544 46
3016.669 49
3016.794 45
3016.919 41
3017.044 39
3017.169 43
3017.294 46
3017.419 49
3017.544 51
3017.669 52
3017.794 56
3017.919 57
3018.045 54
3018.170 54
3018.295 52
3018.420 48
3018.545 55
3018.670 55
3018.795 55
3018.920 55
3019.045 56
3019.170 49
3019.295 44
3019.420 43
3019.546 41
3019.671 45
3019.796 46
3019.921 46
3020.046 44
3020.171 45
3020.296 46
3020.421 45
3020.546 46
3020.672 53
3020.797 54
3020.922 57
3021.047 63
3021.172 64
3021.297 67
3021.422 67
3021.548 69
3021.673 59
3021.798 57
3021.923 56
3022.048 53
3022.173 51
3022.298 47
3022.424 40
3022.549 42
3022.674 49
3022.799 54
3022.924 56
3023.049 61
3023.175 56
3023.300 60
3023.425 59
3023.550 61
3023.675 65
3023.801 68
3023.926 69
3024.051 67
3024.176 66
3024.301 59
3024.427 58
3024.552 57
3024.677 47
3024.802 43
3024.927 40
3025.053 37
3025.178 40
3025.303 45
3025.428 48
3025.554 47
3025.679 51
3025.804 50
3025.929 52
3026.055 58
3026.180 55
3026.305 52
3026.430 52
3026.556 43
3026.681 46
3026.806 55
3026.931 58
3027.057 69
3027.182 72
3027.307 69
3027.432 73
3027.558 79
3027.683 80
3027.808 76
3027.933 77
3028.059 73
3028.184 71
3028.309 69
3028.435 69
3028.560 64
3028.685 65
3028.810 66
3028.936 64
3029.061 62
3029.186 63
3029.312 65
3029.437 68
3029.562 69
3029.688 69
3029.813 70
3029.938 75
3030.064 81
3030.189 70
3030.314 70
3030.440 66
3030.565 61
3030.690 60
3030.816 51
3030.941 46
3031.066 41
3031.192 41
3031.317 45
3031.442 51
3031.568 62
3031.693 73
3031.818 79
3031.944 82
3032.069 90
3032.195 84
3032.320 84
3032.445 80
3032.571 76
3032.696 78
3032.821 83
3032.947 84
3033.072 86
3033.198 82
3033.323 78
3033.448 81
3033.574 75
3033.699 82
3033.825 81
3033.950 82
3034.075 82
3034.201 73
3034.326 76
3034.452 74
3034.577 69
3034.703 63
3034.828 59
3034.953 55
3035.079 52
3035.204 62
3035.330 61
3035.455 59
3035.581 54
3035.706 50
3035.831 51
3035.957 51
3036.082 55
3036.208 53
3036.333 53
3036.459 52
3036.584 49
3036.710 50
3036.835 51
3036.961 48
3037.086 44
3037.212 43
3037.337 42
3037.463 44
3037.588 46
3037.713 46
3037.839 48
3037.964 51
3038.090 53
3038.215 54
3038.341 54
3038.466 54
3038.592 52
3038.717 52
3038.843 49
3038.968 50
3039.094 42
3039.220 42
3039.345 42
3039.471 37
3039.596 41
3039.722 41
3039.847 42
3039.973 44
3040.098 47
3040.224 53
3040.349 57
3040.475 61
3040.600 60
3040.726 61
3040.852 64
3040.977 63
3041.103 69
3041.228 64
3041.354 58
3041.479 56
3041.605 56
3041.730 60
3041.856 62
3041.982 65
3042.107 66
3042.233 64
3042.358 61
3042.484 58
3042.610 47
3042.735 52
3042.861 56
3042.986 56
3043.112 59
3043.238 51
3043.363 51
3043.489 53
3043.614 48
3043.740 51
3043.866 48
3043.991 43
3044.117 44
3044.242 48
3044.368 50
3044.494 55
3044.619 62
3044.745 60
3044.871 56
3044.996 50
3045.122 47
3045.248 57
3045.373 60
3045.499 67
3045.625 76
3045.750 79
3045.876 78
3046.002 81
3046.127 75
3046.253 67
3046.379 65
3046.504 61
3046.630 61
3046.756 59
3046.881 56
3047.007 53
3047.133 49
3047.258 50
3047.384 53
3047.510 60
3047.635 58
3047.761 62
3047.887 65
3048.012 69
3048.138 76
3048.264 79
3048.390 73
3048.515 67
3048.641 56
3048.767 49
3048.892 52
3049.018 50
3049.144 58
3049.270 58
3049.395 63
3049.521 71
3049.647 72
3049.773 77
3049.898 81
3050.024 78
3050.150 85
3050.276 83
3050.401 79
3050.527 82
3050.653 74
3050.779 74
3050.904 76
3051.030 73
3051.156 68
3051.282 66
3051.408 69
3051.533 72
3051.659 82
3051.785 90
3051.911 88
3052.036 88
3052.162 84
3052.288 79
3052.414 76
3052.540 70
3052.665 70
3052.791 67
3052.917 65
3053.043 63
3053.169 61
3053.294 64
3053.420 64
3053.546 67
3053.672 77
3053.798 76
3053.924 73
3054.049 76
3054.175 71
3054.301 65
3054.427 70
3054.553 68
3054.679 66
3054.804 72
3054.930 77
3055.056 76
3055.182 78
3055.308 77
3055.434 78
3055.560 83
3055.686 77
3055.811 73
3055.937 64
3056.063 59
3056.189 60
3056.315 58
3056.441 62
3056.567 69
3056.693 65
3056.818 67
3056.944 65
3057.070 65
3057.196 55
3057.322 54
3057.448 51
3057.574 50
3057.700 45
3057.826 56
3057.952 56
3058.077 61
3058.203 62
3058.329 56
3058.455 56
3058.581 58
3058.707 59
3058.833 59
3058.959 57
3059.085 59
3059.211 52
3059.337 50
3059.463 50
3059.589 51
3059.715 49
3059.841 52
3059.967 55
3060.093 53
3060.219 51
3060.344 46
3060.470 42
3060.596 38
3060.722 38
3060.848 40
3060.974 41
3061.100 41
3061.226 45
3061.352 49
3061.478 51
3061.604 49
3061.730 53
3061.856 60
3061.982 65
3062.108 66
3062.234 61
3062.360 63
3062.486 59
3062.612 54
3062.738 60
3062.864 62
3062.990 63
3063.116 61
3063.242 67
3063.368 64
3063.494 57
3063.621 54
3063.747 50
3063.873 53
3063.999 52
3064.125 52
3064.251 49
3064.377 44
3064.503 43
3064.629 46
3064.755 48
3064.881 51
3065.007 49
3065.133 50
3065.259 50
3065.385 50
3065.511 51
3065.637 56
3065.764 56
3065.890 59
3066.016 58
3066.142 60
3066.268 61
3066.394 62
3066.520 61
3066.646 57
3066.772 57
3066.898 58
3067.024 61
3067.151 62
3067.277 76
3067.403 73
3067.529 74
3067.655 79
3067.781 74
3067.907 77
3068.033 77
3068.160 71
3068.286 66
3068.412 70
3068.538 67
3068.664 63
3068.790 61
3068.916 50
3069.043 50
3069.169 49
3069.295 45
3069.421 44
3069.547 39
3069.673 32
3069.799 27
3069.926 30
3070.052 29
3070.178 31
3070.304 31
3070.430 32
3070.557 35
3070.683 34
3070.809 36
3070.935 39
3071.061 42
3071.187 50
3071.314 50
3071.440 52
3071.566 55
3071.692 49
3071.818 48
3071.945 45
3072.071 42
3072.197 39
3072.323 36
3072.450 35
3072.576 36
3072.702 40
3072.828 53
3072.954 63
3073.081 68
3073.207 69
3073.333 72
3073.459 74
3073.586 68
3073.712 61
3073.838 53
3073.964 49
3074.091 48
3074.217 51
3074.343 52
3074.469 50
3074.596 50
3074.722 49
3074.848 51
3074.975 45
3075.101 45
3075.227 41
3075.353 47
3075.480 52
3075.606 53
3075.732 62
3075.859 63
3075.985 59
3076.111 60
3076.237 58
3076.364 56
3076.490 63
3076.616 61
3076.743 59
3076.869 58
3076.995 57
3077.122 60
3077.248 64
3077.374 69
3077.501 59
3077.627 58
3077.753 53
3077.880 47
3078.006 46
3078.132 42
3078.259 43
3078.385 40
3078.511 43
3078.638 42
3078.764 46
3078.890 47
3079.017 54
3079.143 57
3079.269 64
3079.396 59
3079.522 66
3079.649 67
3079.775 67
3079.901 70
3080.028 64
3080.154 61
3080.280 58
3080.407 60
3080.533 57
3080.660 59
3080.786 60
3080.912 60
3081.039 63
3081.165 65
3081.292 62
3081.418 65
3081.544 65
3081.671 63
3081.797 59
3081.924 60
3082.050 54
3082.177 54
3082.303 52
3082.429 48
3082.556 51
3082.682 52
3082.809 53
3082.935 55
3083.062 49
3083.188 51
3083.314 52
3083.441 57
3083.567 59
3083.694 61
3083.820 60
3083.947 58
3084.073 63
3084.200 62
3084.326 64
3084.453 65
3084.579 71
3084.706 71
3084.832 72
3084.959 69
3085.085 64
3085.212 59
3085.338 50
3085.465 46
3085.591 48
3085.718 52
3085.844 53
3085.971 47
3086.097 46
3086.224 44
3086.350 51
3086.477 58
3086.603 58
3086.730 56
3086.856 54
3086.983 54
3087.109 53
3087.236 56
3087.362 54
3087.489 47
3087.615 45
3087.742 48
3087.868 50
3087.995 55
3088.122 60
3088.248 58
3088.375 65
3088.501 69
3088.628 64
3088.754 63
3088.881 60
3089.007 53
3089.134 51
3089.261 50
3089.387 54
3089.514 64
3089.640 67
3089.767 65
3089.894 62
3090.020 55
3090.147 56
3090.273 55
3090.400 54
3090.526 48
3090.653 47
3090.780 49
3090.906 55
3091.033 55
3091.160 59
3091.286 61
3091.413 59
3091.539 62
3091.666 59
3091.793 59
3091.919 57
3092.046 52
3092.173 52
3092.299 52
3092.426 50
3092.552 44
3092.679 48
3092.806 45
3092.932 43
3093.059 53
3093.186 49
3093.312 48
3093.439 47
3093.566 50
3093.692 50
3093.819 51
3093.946 51
3094.072 47
3094.199 51
3094.326 53
3094.452 57
3094.579 62
3094.706 64
3094.833 60
3094.959 59
3095.086 50
3095.213 47
3095.339 47
3095.466 48
3095.593 49
3095.719 51
3095.846 55
3095.973 57
3096.100 65
3096.226 66
3096.353 67
3096.480 68
3096.606 70
3096.733 70
3096.860 70
3096.987 69
3097.113 60
3097.240 61
3097.367 61
3097.494 61
3097.620 67
3097.747 64
3097.874 63
3098.001 62
3098.127 60
3098.254 61
3098.381 56
3098.508 56
3098.634 51
3098.761 53
3098.888 57
3099.015 60
3099.142 68
3099.268 73
3099.395 73
3099.522 70
3099.649 66
3099.776 59
3099.902 63
3100.029 63
3100.156 64
3100.283 66
3100.410 70
3100.536 72
3100.663 81
3100.790 77
3100.917 67
3101.044 60
3101.170 57
3101.297 63
3101.424 64
3101.551 65
3101.678 70
3101.805 78
3101.931 79
3102.058 76
3102.185 74
3102.312 64
3102.439 66
3102.566 65
3102.693 62
3102.819 61
3102.946 64
3103.073 70
3103.200 72
3103.327 66
3103.454 64
3103.581 55
3103.708 49
3103.834 48
3103.961 48
3104.088 43
3104.215 43
3104.342 47
3104.469 47
3104.596 51
3104.723 53
3104.850 53
3104.976 51
3105.103 53
3105.230 53
3105.357 54
3105.484 57
3105.611 55
3105.738 63
3105.865 58
3105.992 58
3106.119 55
3106.246 48
3106.373 49
3106.499 45
3106.626 42
3106.753 41
3106.880 36
3107.007 36
3107.134 40
3107.261 42
3107.388 43
3107.515 43
3107.642 45
3107.769 42
3107.896 42
3108.023 43
3108.150 42
3108.277 45
3108.404 51
3108.531 54
3108.658 62
3108.785 67
3108.912 67
3109.039 60
3109.166 53
3109.293 52
3109.420 42
3109.547 42
3109.674 46
3109.801 43
3109.928 48
3110.055 50
3110.182 50
3110.309 51
3110.436 51
3110.563 48
3110.690 51
3110.817 48
3110.944 45
3111.071 45
3111.198 45
3111.325 47
3111.452 58
3111.579 56
3111.706 60
3111.833 67
3111.960 69
3112.087 69
3112.214 70
3112.341 67
3112.468 56
3112.596 52
3112.723 47
3112.850 41
3112.977 44
3113.104 47
3113.231 53
3113.358 57
3113.485 56
3113.612 56
3113.739 55
3113.866 61
3113.993 56
3114.121 54
3114.248 47
3114.375 41
3114.502 41
3114.629 42
3114.756 41
3114.883 42
3115.010 44
3115.137 41
3115.264 41
3115.392 45
3115.519 46
3115.646 46
3115.773 43
3115.900 44
3116.027 40
3116.154 41
3116.282 41
3116.409 35
3116.536 34
3116.663 30
3116.790 28
3116.917 26
3117.044 28
3117.172 31
3117.299 29
3117.426 35
3117.553 39
3117.680 43
3117.807 52
3117.935 58
3118.062 73
3118.189 73
3118.316 71
3118.443 65
3118.571 59
3118.698 58
3118.825 56
3118.952 58
3119.079 52
3119.207 51
3119.334 50
3119.461 45
3119.588 45
3119.715 46
3119.843 48
3119.970 40
3120.097 39
3120.224 36
3120.351 34
3120.479 36
3120.606 44
3120.733 48
3120.860 50
3120.988 51
3121.115 53
3121.242 58
3121.369 62
3121.497 64
3121.624 65
3121.751 61
3121.878 58
3122.006 57
3122.133 54
3122.260 56
3122.387 61
3122.515 56
3122.642 60
3122.769 61
3122.897 63
3123.024 71
3123.151 65
3123.278 64
3123.406 59
3123.533 58
3123.660 64
3123.788 69
3123.915 71
3124.042 73
3124.169 68
3124.297 61
3124.424 57
3124.551 52
3124.679 57
3124.806 68
3124.933 74
3125.061 80
3125.188 80
3125.315 77
3125.443 72
3125.570 71
3125.697 74
3125.825 77
3125.952 80
3126.079 86
3126.207 82
3126.334 80
3126.461 81
3126.589 76
3126.716 71
3126.843 68
3126.971 63
3127.098 59
3127.226 61
3127.353 69
3127.480 83
3127.608 83
3127.735 83
3127.862 74
3127.990 59
3128.117 56
3128.245 52
3128.372 52
3128.499 51
3128.627 48
3128.754 49
3128.882 54
3129.009 58
3129.136 69
3129.264 68
3129.391 67
3129.519 66
3129.646 68
3129.774 74
3129.901 76
3130.028 83
3130.156 78
3130.283 75
3130.411 72
3130.538 63
3130.666 53
3130.793 50
3130.920 46
3131.048 46
3131.175 47
3131.303 51
3131.430 51
3131.558 50
3131.685 55
3131.813 53
3131.940 49
3132.068 49
3132.195 46
3132.323 43
3132.450 40
3132.578 38
3132.705 33
3132.832 29
3132.960 29
3133.087 26
3133.215 35
3133.342 45
3133.470 50
3133.597 50
3133.725 51
3133.852 53
3133.980 51
3134.108 49
3134.235 47
3134.363 47
3134.490 46
3134.618 54
3134.745 56
3134.873 49
3135.000 49
3135.128 50
3135.255 54
3135.383 50
3135.510 49
3135.638 46
3135.765 39
3135.893 41
3136.021 40
3136.148 36
3136.276 38
3136.403 43
3136.531 47
3136.658 52
3136.786 56
3136.913 63
3137.041 64
3137.169 65
3137.296 68
3137.424 65
3137.551 64
3137.679 62
3137.807 54
3137.934 50
3138.062 47
3138.189 45
3138.317 44
3138.445 46
3138.572 46
3138.700 49
3138.827 50
3138.955 51
3139.083 54
3139.210 56
3139.338 59
3139.465 60
3139.593 59
3139.721 60
3139.848 55
3139.976 49
3140.104 47
3140.231 43
3140.359 47
3140.487 42
3140.614 41
3140.742 41
3140.870 40
3140.997 36
3141.125 32
3141.252 32
3141.380 31
3141.508 34
3141.635 39
3141.763 47
3141.891 55
3142.019 72
3142.146 78
3142.274 88
3142.402 96
3142.529 90
3142.657 82
3142.785 71
3142.912 56
3143.040 50
3143.168 50
3143.295 50
3143.423 44
3143.551 45
3143.679 44
3143.806 47
3143.934 51
3144.062 53
3144.189 49
3144.317 49
3144.445 52
3144.573 55
3144.700 55
3144.828 55
3144.956 51
3145.084 53
3145.211 52
3145.339 53
3145.467 51
3145.595 49
3145.722 47
3145.850 42
3145.978 43
3146.106 39
3146.233 40
3146.361 37
3146.489 42
3146.617 43
3146.744 45
3146.872 51
3147.000 60
3147.128 64
3147.256 66
3147.383 76
3147.511 68
3147.639 66
3147.767 68
3147.895 66
3148.022 71
3148.150 69
3148.278 69
3148.406 64
3148.534 64
3148.661 72
3148.789 76
3148.917 78
3149.045 90
3149.173 90
3149.301 88
3149.428 85
3149.556 77
3149.684 81
3149.812 81
3149.940 77
3150.068 78
3150.195 72
3150.323 73
3150.451 76
3150.579 66
3150.707 69
3150.835 68
3150.963 69
3151.090 71
3151.218 66
3151.346 63
3151.474 62
3151.602 65
3151.730 61
3151.858 60
3151.986 61
3152.113 51
3152.241 45
3152.369 43
3152.497 42
3152.625 37
3152.753 40
3152.881 40
3153.009 39
3153.137 40
3153.265 43
3153.393 39
3153.520 38
3153.648 32
3153.776 31
3153.904 31
3154.032 33
3154.160 37
3154.288 45
3154.416 52
3154.544 59
3154.672 67
3154.800 67
3154.928 72
3155.056 74
3155.184 78
3155.312 75
3155.440 67
3155.567 59
3155.695 48
3155.823 45
3155.951 49
3156.079 50
3156.207 52
3156.335 52
3156.463 50
3156.591 53
3156.719 56
3156.847 58
3156.975 63
3157.103 63
3157.231 72
3157.359 70
3157.487 66
3157.615 64
3157.743 59
3157.871 58
3157.999 55
3158.127 49
3158.255 41
3158.383 38
3158.511 38
3158.639 45
3158.767 50
3158.895 54
3159.023 57
3159.151 61
3159.279 74
3159.408 77
3159.536 78
3159.664 80
3159.792 87
3159.920 79
3160.048 76
3160.176 75
3160.304 64
3160.432 67
3160.560 67
3160.688 67
3160.816 68
3160.944 68
3161.072 66
3161.200 64
3161.328 61
3161.457 61
3161.585 61
3161.713 57
3161.841 65
3161.969 59
3162.097 59
3162.225 56
3162.353 51
3162.481 49
3162.609 49
3162.737 50
3162.866 53
3162.994 58
3163.122 61
3163.250 70
3163.378 70
3163.506 75
3163.634 73
3163.762 70
3163.891 66
3164.019 60
3164.147 56
3164.275 47
3164.403 40
3164.531 35
3164.659 38
3164.788 39
3164.916 42
3165.044 44
3165.172 46
3165.300 51
3165.428 49
3165.557 51
3165.685 48
3165.813 48
3165.941 43
3166.069 44
3166.197 43
3166.326 38
3166.454 46
3166.582 41
3166.710 43
3166.838 47
3166.967 54
3167.095 60
3167.223 65
3167.351 68
3167.479 69
3167.608 70
3167.736 68
3167.864 68
3167.992 62
3168.120 55
3168.249 55
3168.377 54
3168.505 51
3168.633 58
3168.762 56
3168.890 55
3169.018 57
3169.146 53
3169.275 53
3169.403 45
3169.531 36
3169.659 36
3169.788 43
3169.916 52
3170.044 62
3170.172 68
3170.301 64
3170.429 67
3170.557 70
3170.685 75
3170.814 77
3170.942 79
3171.070 87
3171.199 89
3171.327 92
3171.455 96
3171.583 92
3171.712 94
3171.840 99
3171.968 104
3172.097 106
3172.225 99
3172.353 89
3172.482 84
3172.610 73
3172.738 71
3172.867 65
3172.995 54
3173.123 51
3173.252 50
3173.380 50
3173.508 48
3173.637 53
3173.765 53
3173.893 52
3174.022 55
3174.150 55
3174.278 49
3174.407 54
3174.535 54
3174.663 56
3174.792 61
3174.920 58
3175.048 67
3175.177 67
3175.305 72
3175.433 75
3175.562 76
3175.690 72
3175.819 74
3175.947 70
3176.075 67
3176.204 59
3176.332 54
3176.461 50
3176.589 46
3176.717 42
3176.846 48
3176.974 48
3177.103 49
3177.231 58
3177.359 62
3177.488 72
3177.616 79
3177.745 82
3177.873 84
3178.001 80
3178.130 79
3178.258 74
3178.387 70
3178.515 63
3178.644 58
3178.772 54
3178.901 51
3179.029 50
3179.157 50
3179.286 46
3179.414 42
3179.543 40
3179.671 32
3179.800 27
3179.928 24
3180.057 26
3180.185 29
3180.314 33
3180.442 33
3180.571 34
3180.699 38
3180.828 37
3180.956 36
3181.085 32
3181.213 26
3181.341 20
3181.470 24
3181.598 25
3181.727 26
3181.856 32
3181.984 34
3182.113 36
3182.241 38
3182.370 36
3182.498 36
3182.627 39
3182.755 43
3182.884 48
3183.012 58
3183.141 60
3183.269 64
3183.398 73
3183.526 74
3183.655 79
3183.783 81
3183.912 84
3184.041 74
3184.169 72
3184.298 63
3184.426 57
3184.555 49
3184.683 45
3184.812 43
3184.940 40
3185.069 43
3185.198 44
3185.326 51
3185.455 55
3185.583 65
3185.712 66
3185.841 66
3185.969 72
3186.098 71
3186.226 72
3186.355 70
3186.483 74
3186.612 69
3186.741 66
3186.869 59
3186.998 52
3187.127 56
3187.255 59
3187.384 57
3187.512 54
3187.641 53
3187.770 53
3187.898 55
3188.027 60
3188.156 54
3188.284 52
3188.413 51
3188.541 48
3188.670 50
3188.799 48
3188.927 46
3189.056 43
3189.185 38
3189.313 40
3189.442 45
3189.571 49
3189.699 44
3189.828 43
3189.957 40
3190.085 36
3190.214 42
3190.343 42
3190.471 45
3190.600 42
3190.729 48
3190.858 51
3190.986 50
3191.115 54
3191.244 47
3191.372 47
3191.501 49
3191.630 54
3191.758 48
3191.887 45
3192.016 45
3192.145 49
3192.273 54
3192.402 54
3192.531 54
3192.659 55
3192.788 50
3192.917 50
3193.046 49
3193.174 49
3193.303 51
3193.432 54
3193.561 57
3193.689 58
3193.818 54
3193.947 51
3194.076 48
3194.204 54
3194.333 51
3194.462 49
3194.591 47
3194.720 38
3194.848 44
3194.977 42
3195.106 45
3195.235 50
3195.363 54
3195.492 59
3195.621 56
3195.750 64
3195.879 66
3196.007 70
3196.136 79
3196.265 82
3196.394 73
3196.523 67
3196.651 66
3196.780 60
3196.909 66
3197.038 69
3197.167 67
3197.296 60
3197.424 62
3197.553 67
3197.682 73
3197.811 79
3197.940 76
3198.069 71
3198.197 71
3198.326 68
3198.455 69
3198.584 71
3198.713 74
3198.842 75
3198.970 77
3199.099 78
3199.228 78
3199.357 82
3199.486 77
3199.615 73
3199.744 66
3199.873 56
3200.001 56
3200.130 55
3200.259 50
3200.388 47
3200.517 45
3200.646 44
3200.775 39
3200.904 40
3201.033 38
3201.162 39
3201.290 43
3201.419 46
3201.548 52
3201.677 53
3201.806 51
3201.935 58
3202.064 57
3202.193 59
3202.322 65
3202.451 63
3202.580 65
3202.709 61
3202.838 61
3202.966 59
3203.095 59
3203.224 57
3203.353 53
3203.482 51
3203.611 45
3203.740 45
3203.869 43
3203.998 40
3204.127 37
3204.256 34
3204.385 36
3204.514 32
3204.643 30
3204.772 29
3204.901 28
3205.030 27
3205.159 28
3205.288 26
3205.417 26
3205.546 25
3205.675 28
3205.804 32
3205.933 31
3206.062 44
3206.191 47
3206.320 43
3206.449 42
3206.578 34
3206.707 31
3206.836 39
3206.965 41
3207.094 46
3207.223 51
3207.352 52
3207.481 56
3207.610 63
3207.739 56
3207.868 49
3207.997 39
3208.126 32
3208.255 35
3208.384 34
3208.514 36
3208.643 31
3208.772 32
3208.901 35
3209.030 44
3209.159 49
3209.288 49
3209.417 54
3209.546 55
3209.675 59
3209.804 59
3209.933 66
3210.062 60
3210.191 61
3210.321 67
3210.450 67
3210.579 72
3210.708 67
3210.837 62
3210.966 59
3211.095 55
3211.224 51
3211.353 48
3211.483 48
3211.612 47
3211.741 46
3211.870 46
3211.999 48
3212.128 51
3212.257 53
3212.386 48
3212.516 43
3212.645 38
3212.774 43
3212.903 46
3213.032 48
3213.161 46
3213.290 43
3213.420 44
3213.549 50
3213.678 50
3213.807 46
3213.936 49
3214.065 42
3214.195 41
3214.324 40
3214.453 44
3214.582 50
3214.711 62
3214.841 69
3214.970 69
3215.099 68
3215.228 58
3215.357 48
3215.487 47
3215.616 45
3215.745 46
3215.874 47
3216.003 42
3216.133 40
3216.262 41
3216.391 38
3216.520 42
3216.649 49
3216.779 48
3216.908 53
3217.037 52
3217.166 44
3217.296 44
3217.425 43
3217.554 43
3217.683 45
3217.813 47
3217.942 46
3218.071 43
3218.200 41
3218.330 40
3218.459 40
3218.588 43
3218.717 44
3218.847 47
3218.976 54
3219.105 48
3219.235 47
3219.364 48
3219.493 40
3219.622 40
3219.752 44
3219.881 49
3220.010 47
3220.140 51
3220.269 56
3220.398 61
3220.527 63
3220.657 62
3220.786 58
3220.915 55
3221.045 54
3221.174 53
3221.303 51
3221.433 50
3221.562 49
3221.691 46
3221.821 48
3221.950 53
3222.079 48
3222.209 50
3222.338 51
3222.467 51
3222.597 52
3222.726 56
3222.855 59
3222.985 60
3223.114 68
3223.243 67
3223.373 70
3223.502 74
3223.632 75
3223.761 77
3223.890 76
3224.020 73
3224.149 68
3224.278 63
3224.408 60
3224.537 51
3224.667 43
3224.796 44
3224.925 43
3225.055 40
3225.184 44
3225.314 37
3225.443 33
3225.572 30
3225.702 25
3225.831 35
3225.961 35
3226.090 34
3226.219 36
3226.349 37
3226.478 45
3226.608 50
3226.737 61
3226.867 56
3226.996 48
3227.125 47
3227.255 40
3227.384 43
3227.514 43
3227.643 47
3227.773 47
3227.902 45
3228.032 47
3228.161 47
3228.291 50
3228.420 47
3228.550 49
3228.679 42
3228.808 36
3228.938 38
3229.067 40
3229.197 44
3229.326 48
3229.456 46
3229.585 49
3229.715 48
3229.844 49
3229.974 53
3230.103 55
3230.233 58
3230.362 58
3230.492 53
3230.621 54
3230.751 62
3230.880 69
3231.010 68
3231.139 69
3231.269 68
3231.399 64
3231.528 69
3231.658 60
3231.787 51
3231.917 45
3232.046 38
3232.176 37
3232.305 42
3232.435 48
3232.564 46
3232.694 47
3232.823 49
3232.953 52
3233.083 54
3233.212 55
3233.342 57
3233.471 63
3233.601 63
3233.730 62
3233.860 58
3233.990 54
3234.119 59
3234.249 60
3234.378 59
3234.508 61
3234.638 60
3234.767 55
3234.897 51
3235.026 47
3235.156 45
3235.286 45
3235.415 42
3235.545 37
3235.674 40
3235.804 44
3235.934 48
3236.063 56
3236.193 57
3236.323 53
3236.452 48
3236.582 46
3236.711 42
3236.841 41
3236.971 36
3237.100 31
3237.230 30
3237.360 29
3237.489 27
3237.619 21
3237.749 27
3237.878 30
3238.008 33
3238.138 38
3238.267 40
3238.397 41
3238.527 44
3238.656 46
3238.786 38
3238.916 36
3239.045 37
3239.175 40
3239.305 39
3239.434 40
3239.564 44
3239.694 40
3239.824 44
3239.953 42
3240.083 41
3240.213 36
3240.342 38
3240.472 35
3240.602 28
3240.732 26
3240.861 26
3240.991 30
3241.121 33
3241.250 34
3241.380 37
3241.510 36
3241.640 36
3241.769 35
3241.899 32
3242.029 35
3242.159 39
3242.288 40
3242.418 45
3242.548 52
3242.678 60
3242.807 64
3242.937 69
3243.067 70
3243.197 68
3243.326 70
3243.456 72
3243.586 71
3243.716 66
3243.846 68
3243.975 57
3244.105 50
3244.235 44
3244.365 36
3244.495 35
3244.624 41
3244.754 46
3244.884 48
3245.014 54
3245.144 55
3245.273 59
3245.403 64
3245.533 68
3245.663 71
3245.793 77
3245.923 84
3246.052 85
3246.182 83
3246.312 81
3246.442 78
3246.572 79
3246.702 79
3246.831 75
3246.961 79
3247.091 79
3247.221 72
3247.351 66
3247.481 54
3247.611 53
3247.740 54
3247.870 49
3248.000 50
3248.130 45
3248.260 44
3248.390 46
3248.520 51
3248.649 58
3248.779 58
3248.909 63
3249.039 64
3249.169 59
3249.299 54
3249.429 49
3249.559 43
3249.689 44
3249.819 47
3249.948 51
3250.078 52
3250.208 49
3250.338 47
3250.468 46
3250.598 52
3250.728 56
3250.858 56
3250.988 60
3251.118 60
3251.248 61
3251.378 62
3251.508 65
3251.638 65
3251.767 57
3251.897 56
3252.027 55
3252.157 55
3252.287 56
3252.417 54
3252.547 50
3252.677 45
3252.807 45
3252.937 45
3253.067 38
3253.197 31
3253.327 29
3253.457 28
3253.587 30
3253.717 39
3253.847 39
3253.977 40
3254.107 44
3254.237 35
3254.367 33
3254.497 32
3254.627 32
3254.757 33
3254.887 34
3255.017 35
3255.147 38
3255.277 43
3255.407 40
3255.537 38
3255.667 41
3255.797 34
3255.927 34
3256.057 35
3256.187 31
3256.317 36
3256.447 37
3256.577 41
3256.707 45
3256.837 49
3256.968 44
3257.098 40
3257.228 39
3257.358 32
3257.488 35
3257.618 37
3257.748 40
3257.878 41
3258.008 47
3258.138 46
3258.268 44
3258.398 49
3258.528 42
3258.658 41
3258.789 43
3258.919 41
3259.049 42
3259.179 43
3259.309 43
3259.439 39
3259.569 42
3259.699 42
3259.829 41
3259.959 47
3260.090 46
3260.220 48
3260.350 48
3260.480 49
3260.610 51
3260.740 47
3260.870 46
3261.000 43
3261.131 39
3261.261 41
3261.391 41
3261.521 46
3261.651 45
3261.781 44
3261.911 38
3262.042 34
3262.172 36
3262.302 36
3262.432 41
3262.562 41
3262.692 44
3262.823 46
3262.953 47
3263.083 53
3263.213 52
3263.343 49
3263.474 41
3263.604 35
3263.734 34
3263.864 32
3263.994 31
3264.125 31
3264.255 31
3264.385 33
3264.515 37
3264.645 34
3264.776 44
3264.906 46
3265.036 52
3265.166 61
3265.296 56
3265.427 54
3265.557 49
3265.687 50
3265.817 47
3265.948 56
3266.078 58
3266.208 63
3266.338 64
3266.469 65
3266.599 67
3266.729 66
3266.859 70
3266.990 66
3267.120 66
3267.250 60
3267.380 60
3267.511 54
3267.641 49
3267.771 46
3267.901 48
3268.032 52
3268.162 56
3268.292 66
3268.423 73
3268.553 74
3268.683 72
3268.813 67
3268.944 64
3269.074 64
3269.204 61
3269.335 61
3269.465 57
3269.595 59
3269.726 61
3269.856 59
3269.986 56
3270.117 53
3270.247 48
3270.377 50
3270.508 53
3270.638 49
3270.768 51
3270.899 46
3271.029 45
3271.159 46
3271.290 45
3271.420 46
3271.550 49
3271.681 53
3271.811 50
3271.941 61
3272.072 63
3272.202 64
3272.332 65
3272.463 60
3272.593 55
3272.724 51
3272.854 58
3272.984 52
3273.115 54
3273.245 58
3273.375 58
3273.506 61
3273.636 63
3273.767 57
3273.897 56
3274.027 55
3274.158 52
3274.288 51
3274.419 52
3274.549 44
3274.680 52
3274.810 54
3274.940 57
3275.071 64
3275.201 62
3275.332 62
3275.462 59
3275.593 60
3275.723 63
3275.853 58
3275.984 54
3276.114 53
3276.245 44
3276.375 44
3276.506 38
3276.636 36
3276.767 35
3276.897 37
3277.027 38
3277.158 42
3277.288 46
3277.419 44
3277.549 43
3277.680 44
3277.810 39
3277.941 37
3278.071 35
3278.202 30
3278.332 30
3278.463 31
3278.593 32
3278.724 31
3278.854 37
3278.985 39
3279.115 41
3279.246 45
3279.376 45
3279.507 43
3279.637 48
3279.768 49
3279.898 46
3280.029 44
3280.159 40
3280.290 34
3280.420 33
3280.551 34
3280.682 28
3280.812 34
3280.943 33
3281.073 34
3281.204 37
3281.334 44
3281.465 43
3281.595 41
3281.726 39
3281.856 32
3281.987 32
3282.118 33
3282.248 30
3282.379 27
3282.509 30
3282.640 33
3282.770 40
3282.901 47
3283.032 48
3283.162 49
3283.293 50
3283.423 55
3283.554 49
3283.685 50
3283.815 48
3283.946 41
3284.076 40
3284.207 39
3284.338 41
3284.468 34
3284.599 35
3284.730 35
3284.860 36
3284.991 39
3285.121 40
3285.252 43
3285.383 40
3285.513 34
3285.644 38
3285.775 37
3285.905 37
3286.036 46
3286.167 46
3286.297 40
3286.428 41
3286.558 33
3286.689 32
3286.820 32
3286.950 29
3287.081 34
3287.212 32
3287.342 32
3287.473 31
3287.604 31
3287.735 37
3287.865 39
3287.996 46
3288.127 38
3288.257 40
3288.388 39
3288.519 34
3288.649 38
3288.780 39
3288.911 40
3289.041 40
3289.172 43
3289.303 45
3289.434 45
3289.564 45
3289.695 42
3289.826 43
3289.957 46
3290.087 47
3290.218 44
3290.349 47
3290.479 46
3290.610 50
3290.741 53
3290.872 53
3291.002 55
3291.133 57
3291.264 55
3291.395 54
3291.525 59
3291.656 62
3291.787 70
3291.918 69
3292.049 65
3292.179 58
3292.310 54
3292.441 54
3292.572 51
3292.702 45
3292.833 45
3292.964 43
3293.095 43
3293.226 46
3293.356 47
3293.487 50
3293.618 54
3293.749 53
3293.880 57
3294.010 58
3294.141 61
3294.272 69
3294.403 74
3294.534 77
3294.664 73
3294.795 68
3294.926 68
3295.057 70
3295.188 72
3295.319 74
3295.449 79
3295.580 70
3295.711 70
3295.842 72
3295.973 59
3296.104 63
3296.235 64
3296.365 61
3296.496 62
3296.627 67
3296.758 63
3296.889 61
3297.020 55
3297.151 47
3297.281 49
3297.412 45
3297.543 42
3297.674 46
3297.805 47
3297.936 46
3298.067 45
3298.198 44
3298.329 45
3298.459 48
3298.590 53
3298.721 56
3298.852 57
3298.983 58
3299.114 52
3299.245 39
3299.376 35
3299.507 30
3299.638 26
3299.769 27
3299.900 26
3300.031 25
3300.161 21
3300.292 22
3300.423 25
3300.554 28
3300.685 33
3300.816 36
3300.947 38
3301.078 43
3301.209 43
3301.340 46
3301.471 48
3301.602 49
3301.733 52
3301.864 46
3301.995 44
3302.126 44
3302.257 38
3302.388 41
3302.519 46
3302.650 46
3302.781 43
3302.912 49
3303.043 50
3303.174 55
3303.305 58
3303.436 55
3303.567 56
3303.698 57
3303.829 56
3303.960 55
3304.091 52
3304.222 48
3304.353 46
3304.484 41
3304.615 37
3304.746 34
3304.877 26
3305.008 25
3305.139 26
3305.270 34
3305.401 35
3305.532 42
3305.663 44
3305.794 45
3305.925 43
3306.056 41
3306.187 40
3306.318 33
3306.449 34
3306.581 31
3306.712 29
3306.843 32
3306.974 33
3307.105 36
3307.236 41
3307.367 48
3307.498 57
3307.629 56
3307.760 52
3307.891 46
3308.022 42
3308.154 40
3308.285 43
3308.416 44
3308.547 48
3308.678 47
3308.809 47
3308.940 45
3309.071 42
3309.202 43
3309.334 40
3309.465 42
3309.596 41
3309.727 38
3309.858 39
3309.989 43
3310.120 48
3310.251 49
3310.383 53
3310.514 55
3310.645 50
3310.776 54
3310.907 54
3311.038 53
3311.169 58
3311.301 61
3311.432 65
3311.563 67
3311.694 60
3311.825 66
3311.957 64
3312.088 64
3312.219 66
3312.350 56
3312.481 46
3312.612 40
3312.744 39
3312.875 43
3313.006 40
3313.137 36
3313.268 37
3313.400 35
3313.531 34
3313.662 35
3313.793 32
3313.924 31
3314.056 32
3314.187 39
3314.318 44
3314.449 46
3314.581 49
3314.712 53
3314.843 58
3314.974 61
3315.106 59
3315.237 55
3315.368 48
3315.499 51
3315.630 55
3315.762 55
3315.893 65
3316.024 70
3316.156 73
3316.287 79
3316.418 84
3316.549 82
3316.681 77
3316.812 71
3316.943 64
3317.074 62
3317.206 63
3317.337 67
3317.468 63
3317.600 59
3317.731 57
3317.862 53
3317.993 52
3318.125 53
3318.256 51
3318.387 49
3318.519 57
3318.650 58
3318.781 60
3318.913 63
3319.044 60
3319.175 55
3319.307 57
3319.438 57
3319.569 57
3319.701 57
3319.832 58
3319.963 66
3320.095 65
3320.226 68
3320.357 71
3320.489 66
3320.620 69
3320.751 62
3320.883 57
3321.014 48
3321.145 40
3321.277 40
3321.408 40
3321.539 40
3321.671 39
3321.802 41
3321.934 42
3322.065 44
3322.196 47
3322.328 46
3322.459 46
3322.591 43
3322.722 43
3322.853 37
3322.985 40
3323.116 43
3323.248 42
3323.379 45
3323.510 45
3323.642 47
3323.773 46
3323.905 46
3324.036 49
3324.167 51
3324.299 56
3324.430 54
3324.562 51
3324.693 49
3324.825 43
3324.956 41
3325.087 40
3325.219 40
3325.350 40
3325.482 35
3325.613 35
3325.745 35
3325.876 36
3326.008 37
3326.139 37
3326.271 32
3326.402 26
3326.533 26
3326.665 28
3326.796 35
3326.928 35
3327.059 45
3327.191 48
3327.322 53
3327.454 59
3327.585 54
3327.717 52
3327.848 47
3327.980 43
3328.111 42
3328.243 41
3328.374 39
3328.506 39
3328.637 39
3328.769 41
3328.900 46
3329.032 42
3329.163 40
3329.295 41
3329.427 40
3329.558 42
3329.690 41
3329.821 41
3329.953 37
3330.084 36
3330.216 36
3330.347 39
3330.479 39
3330.610 33
3330.742 33
3330.874 33
3331.005 38
3331.137 35
3331.268 38
3331.400 41
3331.531 37
3331.663 45
3331.795 45
3331.926 44
3332.058 49
3332.189 46
3332.321 45
3332.452 45
3332.584 47
3332.716 47
3332.847 50
3332.979 50
3333.110 50
3333.242 47
3333.374 49
3333.505 49
3333.637 49
3333.768 53
3333.900 56
3334.032 57
3334.163 55
3334.295 60
3334.427 53
3334.558 52
3334.690 51
3334.822 44
3334.953 47
3335.085 49
3335.216 51
3335.348 48
3335.480 42
3335.611 40
3335.743 34
3335.875 23
3336.006 32
3336.138 37
3336.270 43
3336.401 47
3336.533 42
3336.665 39
3336.796 36
3336.928 42
3337.060 43
3337.191 43
3337.323 46
3337.455 41
3337.587 42
3337.718 42
3337.850 40
3337.982 42
3338.113 43
3338.245 45
3338.377 45
3338.509 48
3338.640 44
3338.772 45
3338.904 47
3339.035 44
3339.167 40
3339.299 40
3339.431 42
3339.562 39
3339.694 38
3339.826 38
3339.958 41
3340.089 37
3340.221 40
3340.353 44
3340.485 41
3340.616 35
3340.748 38
3340.880 39
3341.012 43
3341.143 47
3341.275 45
3341.407 41
3341.539 45
3341.670 42
3341.802 42
3341.934 40
3342.066 37
3342.198 36
3342.329 42
3342.461 45
3342.593 45
3342.725 50
3342.857 49
3342.988 53
3343.120 52
3343.252 54
3343.384 47
3343.516 40
3343.647 38
3343.779 32
3343.911 30
3344.043 32
3344.175 31
3344.307 37
3344.438 42
3344.570 43
3344.702 47
3344.834 50
3344.966 54
3345.098 56
3345.229 56
3345.361 53
3345.493 52
3345.625 54
3345.757 53
3345.889 49
3346.021 43
3346.152 41
3346.284 43
3346.416 44
3346.548 46
3346.680 48
3346.812 51
3346.944 55
3347.076 55
3347.207 54
3347.339 49
3347.471 50
3347.603 48
3347.735 50
3347.867 48
3347.999 46
3348.131 44
3348.263 44
3348.395 44
3348.527 44
3348.658 46
3348.790 41
3348.922 36
3349.054 33
3349.186 28
3349.318 31
3349.450 33
3349.582 37
3349.714 43
3349.846 41
3349.978 40
3350.110 41
3350.242 38
3350.374 36
3350.506 35
3350.638 35
3350.770 33
3350.901 35
3351.033 39
3351.165 45
3351.297 53
3351.429 59
3351.561 64
3351.693 72
3351.825 64
3351.957 61
3352.089 58
3352.221 45
3352.353 46
3352.485 47
3352.617 47
3352.749 52
3352.881 51
3353.013 50
3353.145 54
3353.277 62
3353.409 58
3353.541 53
3353.673 50
3353.805 47
3353.937 44
3354.069 41
3354.201 38
3354.333 25
3354.466 31
3354.598 30
3354.730 32
3354.862 28
3354.994 30
3355.126 32
3355.258 31
3355.390 33
3355.522 29
3355.654 31
3355.786 33
3355.918 33
3356.050 33
3356.182 32
3356.314 31
3356.446 26
3356.578 26
3356.711 25
3356.843 25
3356.975 26
3357.107 30
3357.239 30
3357.371 29
3357.503 27
3357.635 30
3357.767 31
3357.899 33
3358.032 37
3358.164 42
3358.296 45
3358.428 44
3358.560 50
3358.692 53
3358.824 51
3358.956 47
3359.088 47
3359.221 47
3359.353 48
3359.485 49
3359.617 49
3359.749 49
3359.881 52
3360.013 52
3360.146 49
3360.278 50
3360.410 49
3360.542 52
3360.674 47
3360.806 41
3360.939 35
3361.071 30
3361.203 26
3361.335 26
3361.467 27
3361.599 29
3361.732 39
3361.864 40
3361.996 37
3362.128 33
3362.260 37
3362.393 32
3362.525 32
3362.657 31
3362.789 30
3362.921 29
3363.054 32
3363.186 36
3363.318 43
3363.450 42
3363.582 42
3363.715 40
3363.847 39
3363.979 41
3364.111 44
3364.244 54
3364.376 61
3364.508 63
3364.640 64
3364.773 61
3364.905 53
3365.037 46
3365.169 42
3365.302 37
3365.434 38
3365.566 36
3365.698 34
3365.831 33
3365.963 39
3366.095 43
3366.227 43
3366.360 42
3366.492 43
3366.624 42
3366.757 43
3366.889 46
3367.021 40
3367.153 42
3367.286 45
3367.418 45
3367.550 47
3367.683 46
3367.815 43
3367.947 43
3368.080 44
3368.212 43
3368.344 42
3368.476 43
3368.609 40
3368.741 40
3368.873 41
3369.006 40
3369.138 42
3369.270 39
3369.403 37
3369.535 36
3369.667 28
3369.800 34
3369.932 38
3370.065 42
3370.197 43
3370.329 41
3370.462 40
3370.594 39
3370.726 34
3370.859 38
3370.991 39
3371.123 38
3371.256 36
3371.388 37
3371.521 43
3371.653 45
3371.785 43
3371.918 43
3372.050 41
3372.183 37
3372.315 40
3372.447 40
3372.580 39
3372.712 39
3372.845 38
3372.977 47
3373.109 51
3373.242 54
3373.374 58
3373.507 50
3373.639 50
3373.771 51
3373.904 51
3374.036 52
3374.169 53
3374.301 50
3374.434 55
3374.566 54
3374.699 51
3374.831 46
3374.963 40
3375.096 45
3375.228 45
3375.361 45
3375.493 43
3375.626 45
3375.758 46
3375.891 44
3376.023 45
3376.156 45
3376.288 45
3376.421 44
3376.553 39
3376.685 38
3376.818 39
3376.950 41
3377.083 39
3377.215 34
3377.348 36
3377.480 35
3377.613 37
3377.745 40
3377.878 38
3378.010 37
3378.143 43
3378.276 41
3378.408 38
3378.541 35
3378.673 40
3378.806 36
3378.938 34
3379.071 34
3379.203 27
3379.336 28
3379.468 31
3379.601 32
3379.733 35
3379.866 38
3379.998 37
3380.131 38
3380.264 35
3380.396 34
3380.529 32
3380.661 31
3380.794 31
3380.926 28
3381.059 30
3381.192 33
3381.324 34
3381.457 37
3381.589 34
3381.722 36
3381.854 36
3381.987 34
3382.120 33
3382.252 32
3382.385 37
3382.517 33
3382.650 36
3382.783 36
3382.915 37
3383.048 38
3383.180 37
3383.313 34
3383.446 30
3383.578 32
3383.711 32
3383.844 30
3383.976 36
3384.109 36
3384.242 38
3384.374 40
3384.507 35
3384.639 36
3384.772 38
3384.905 43
3385.037 51
3385.170 49
3385.303 51
3385.435 50
3385.568 48
3385.701 48
3385.833 41
3385.966 35
3386.099 25
3386.231 21
3386.364 21
3386.497 21
3386.629 22
3386.762 26
3386.895 28
3387.027 29
3387.160 35
3387.293 42
3387.426 44
3387.558 50
3387.691 49
3387.824 49
3387.956 50
3388.089 51
3388.222 52
3388.355 53
3388.487 53
3388.620 48
3388.753 45
3388.885 46
3389.018 43
3389.151 38
3389.284 41
3389.416 43
3389.549 43
3389.682 47
3389.815 50
3389.947 46
3390.080 47
3390.213 46
3390.346 50
3390.478 48
3390.611 46
3390.744 48
3390.877 48
3391.010 54
3391.142 58
3391.275 62
3391.408 58
3391.541 53
3391.673 47
3391.806 41
3391.939 33
3392.072 32
3392.205 28
3392.337 27
3392.470 23
3392.603 25
3392.736 27
3392.869 28
3393.001 34
3393.134 40
3393.267 48
3393.400 58
3393.533 66
3393.666 61
3393.798 57
3393.931 53
3394.064 44
3394.197 50
3394.330 48
3394.463 45
3394.595 43
3394.728 48
3394.861 46
3394.994 42
3395.127 41
3395.260 38
3395.392 37
3395.525 34
3395.658 34
3395.791 33
3395.924 35
3396.057 35
3396.190 37
3396.323 42
3396.455 45
3396.588 51
3396.721 59
3396.854 55
3396.987 54
3397.120 51
3397.253 46
3397.386 49
3397.519 53
3397.652 57
3397.784 59
3397.917 53
3398.050 46
3398.183 42
3398.316 42
3398.449 40
3398.582 41
3398.715 41
3398.848 44
3398.981 41
3399.114 39
3399.247 38
3399.380 38
3399.513 37
3399.645 37
3399.778 36
3399.911 37
3400.044 37
3400.177 37
3400.310 36
3400.443 30
3400.576 32
3400.709 31
3400.842 28
3400.975 29
3401.108 30
3401.241 30
3401.374 33
3401.507 31
3401.640 29
3401.773 32
3401.906 32
3402.039 34
3402.172 36
3402.305 40
3402.438 44
3402.571 47
3402.704 50
3402.837 52
3402.970 54
3403.103 56
3403.236 52
3403.369 48
3403.502 47
3403.635 49
3403.768 50
3403.901 50
3404.034 47
3404.167 36
3404.300 38
3404.433 41
3404.566 44
3404.699 48
3404.832 50
3404.965 49
3405.099 47
3405.232 48
3405.365 46
3405.498 44
3405.631 39
3405.764 30
3405.897 32
3406.030 39
3406.163 45
3406.296 48
3406.429 46
3406.562 41
3406.695 42
3406.828 33
3406.962 29
3407.095 28
3407.228 23
3407.361 25
3407.494 25
3407.627 23
3407.760 29
3407.893 29
3408.026 37
3408.160 37
3408.293 39
3408.426 40
3408.559 39
3408.692 42
3408.825 39
3408.958 43
3409.091 40
3409.225 37
3409.358 35
3409.491 38
3409.624 39
3409.757 37
3409.890 40
3410.023 46
3410.157 49
3410.290 49
3410.423 49
3410.556 49
3410.689 43
3410.822 41
3410.956 37
3411.089 31
3411.222 31
3411.355 32
3411.488 32
3411.622 29
3411.755 31
3411.888 35
3412.021 40
3412.154 48
3412.287 54
3412.421 57
3412.554 61
3412.687 64
3412.820 66
3412.954 71
3413.087 72
3413.220 73
3413.353 71
3413.486 65
3413.620 58
3413.753 55
3413.886 50
3414.019 45
3414.153 45
3414.286 40
3414.419 47
3414.552 51
3414.686 53
3414.819 60
3414.952 61
3415.085 59
3415.219 51
3415.352 48
3415.485 48
3415.618 49
3415.752 53
3415.885 46
3416.018 49
3416.151 51
3416.285 53
3416.418 58
3416.551 55
3416.685 60
3416.818 61
3416.951 67
3417.084 67
3417.218 62
3417.351 55
3417.484 43
3417.618 44
3417.751 46
3417.884 47
3418.018 55
3418.151 51
3418.284 50
3418.418 48
3418.551 49
3418.684 50
3418.818 45
3418.951 43
3419.084 43
3419.218 38
3419.351 39
3419.484 41
3419.618 39
3419.751 39
3419.884 37
3420.018 37
3420.151 38
3420.284 41
3420.418 45
3420.551 48
3420.684 54
3420.818 51
3420.951 50
3421.085 49
3421.218 45
3421.351 47
3421.485 49
3421.618 45
3421.751 53
3421.885 53
3422.018 51
3422.152 48
3422.285 40
3422.418 37
3422.552 35
3422.685 33
3422.819 36
3422.952 35
3423.086 38
3423.219 41
3423.352 49
3423.486 53
3423.619 56
3423.753 58
3423.886 57
3424.020 50
3424.153 45
3424.286 46
3424.420 46
3424.553 51
3424.687 51
3424.820 51
3424.954 45
3425.087 35
3425.221 33
3425.354 30
3425.487 28
3425.621 29
3425.754 33
3425.888 36
3426.021 40
3426.155 45
3426.288 47
3426.422 52
3426.555 58
3426.689 52
3426.822 49
3426.956 47
3427.089 43
3427.223 44
3427.356 42
3427.490 38
3427.623 38
3427.757 38
3427.890 37
3428.024 34
3428.157 31
3428.291 30
3428.424 31
3428.558 34
3428.691 29
3428.825 32
3428.958 30
3429.092 30
3429.226 28
3429.359 27
3429.493 27
3429.626 33
3429.760 45
3429.893 49
3430.027 49
3430.160 52
3430.294 47
3430.428 53
3430.561 52
3430.695 51
3430.828 54
3430.962 49
3431.095 49
3431.229 45
3431.363 42
3431.496 42
3431.630 37
3431.763 27
3431.897 24
3432.030 22
3432.164 21
3432.298 22
3432.431 22
3432.565 24
3432.698 26
3432.832 28
3432.966 30
3433.099 29
3433.233 31
3433.367 33
3433.500 33
3433.634 39
3433.767 41
3433.901 49
3434.035 52
3434.168 52
3434.302 54
3434.436 50
3434.569 54
3434.703 51
3434.837 54
3434.970 52
3435.104 57
3435.238 56
3435.371 59
3435.505 57
3435.639 59
3435.772 57
3435.906 54
3436.040 57
3436.173 53
3436.307 56
3436.441 58
3436.574 62
3436.708 61
3436.842 60
3436.975 56
3437.109 51
3437.243 52
3437.376 48
3437.510 47
3437.644 46
3437.778 44
3437.911 46
3438.045 52
3438.179 53
3438.312 64
3438.446 71
3438.580 73
3438.714 76
3438.847 81
3438.981 76
3439.115 68
3439.249 67
3439.382 61
3439.516 52
3439.650 49
3439.784 46
3439.917 49
3440.051 51
3440.185 51
3440.319 46
3440.452 47
3440.586 50
3440.720 53
3440.854 62
3440.987 60
3441.121 64
3441.255 64
3441.389 67
3441.523 61
3441.656 56
3441.790 48
3441.924 37
3442.058 35
3442.191 35
3442.325 36
3442.459 36
3442.593 42
3442.727 46
3442.860 53
3442.994 58
3443.128 65
3443.262 67
3443.396 62
3443.530 57
3443.663 51
3443.797 43
3443.931 40
3444.065 36
3444.199 33
3444.333 31
3444.466 34
3444.600 37
3444.734 42
3444.868 37
3445.002 34
3445.136 30
3445.270 26
3445.403 29
3445.537 27
3445.671 26
3445.805 26
3445.939 24
3446.073 26
3446.207 30
3446.341 33
3446.474 34
3446.608 33
3446.742 30
3446.876 26
3447.010 26
3447.144 32
3447.278 39
3447.412 47
3447.546 51
3447.679 50
3447.813 49
3447.947 43
3448.081 38
3448.215 38
3448.349 34
3448.483 36
3448.617 35
3448.751 29
3448.885 26
3449.019 26
3449.153 25
3449.287 25
3449.421 24
3449.554 26
3449.688 28
3449.822 28
3449.956 31
3450.090 27
3450.224 25
3450.358 26
3450.492 22
3450.626 29
3450.760 26
3450.894 24
3451.028 24
3451.162 22
3451.296 21
3451.430 20
3451.564 22
3451.698 23
3451.832 22
3451.966 23
3452.100 23
3452.234 22
3452.368 21
3452.502 22
3452.636 24
3452.770 31
3452.904 35
3453.038 38
3453.172 43
3453.306 41
3453.440 42
3453.574 41
3453.708 37
3453.842 39
3453.976 38
3454.110 38
3454.244 38
3454.378 35
3454.512 31
3454.646 31
3454.780 29
3454.914 31
3455.048 34
3455.183 36
3455.317 41
3455.451 46
3455.585 53
3455.719 52
3455.853 54
3455.987 49
3456.121 42
3456.255 40
3456.389 34
3456.523 36
3456.657 30
3456.791 28
3456.926 22
3457.060 20
3457.194 20
3457.328 22
3457.462 23
3457.596 28
3457.730 30
3457.864 31
3457.998 35
3458.132 32
3458.267 32
3458.401 31
3458.535 29
3458.669 25
3458.803 30
3458.937 30
3459.071 28
3459.205 27
3459.340 26
3459.474 30
3459.608 33
3459.742 36
3459.876 38
3460.010 36
3460.144 39
3460.279 44
3460.413 42
3460.547 43
3460.681 44
3460.815 54
3460.949 55
3461.084 59
3461.218 68
3461.352 73
3461.486 70
3461.620 68
3461.755 63
3461.889 57
3462.023 57
3462.157 57
3462.291 52
3462.426 52
3462.560 51
3462.694 51
3462.828 50
3462.962 48
3463.097 51
3463.231 50
3463.365 52
3463.499 44
3463.633 52
3463.768 55
3463.902 61
3464.036 61
3464.170 58
3464.305 57
3464.439 51
3464.573 46
3464.707 51
3464.842 54
3464.976 60
3465.110 67
3465.244 64
3465.379 56
3465.513 50
3465.647 38
3465.781 37
3465.916 37
3466.050 36
3466.184 37
3466.319 41
3466.453 47
3466.587 47
3466.721 54
3466.856 58
3466.990 53
3467.124 50
3467.259 46
3467.393 46
3467.527 49
3467.661 48
3467.796 56
3467.930 54
3468.064 58
3468.199 57
3468.333 63
3468.467 65
3468.602 65
3468.736 66
3468.870 67
3469.005 63
3469.139 61
3469.273 59
3469.408 53
3469.542 50
3469.676 47
3469.811 46
3469.945 49
3470.079 52
3470.214 51
3470.348 51
3470.482 47
3470.617 49
3470.751 56
3470.886 57
3471.020 70
3471.154 69
3471.289 64
3471.423 60
3471.557 55
3471.692 50
3471.826 47
3471.961 39
3472.095 28
3472.229 25
3472.364 23
3472.498 26
3472.633 19
3472.767 14
3472.901 13
3473.036 12
3473.170 12
3473.305 18
3473.439 26
3473.574 33
3473.708 46
3473.842 52
3473.977 56
3474.111 56
3474.246 59
3474.380 59
3474.515 53
3474.649 51
3474.783 43
3474.918 42
3475.052 46
3475.187 47
3475.321 55
3475.456 52
3475.590 49
3475.725 52
3475.859 57
3475.994 58
3476.128 58
3476.263 57
3476.397 47
3476.531 44
3476.666 42
3476.800 37
3476.935 32
3477.069 31
3477.204 28
3477.338 25
3477.473 24
3477.607 25
3477.742 27
3477.876 32
3478.011 35
3478.145 34
3478.280 37
3478.415 42
3478.549 44
3478.684 49
3478.818 48
3478.953 46
3479.087 46
3479.222 38
3479.356 38
3479.491 35
3479.625 33
3479.760 37
3479.894 33
3480.029 33
3480.163 35
3480.298 34
3480.433 39
3480.567 47
3480.702 51
3480.836 48
3480.971 48
3481.105 44
3481.240 36
3481.375 38
3481.509 40
3481.644 42
3481.778 46
3481.913 56
3482.048 53
3482.182 51
3482.317 50
3482.451 50
3482.586 53
3482.721 55
3482.855 57
3482.990 61
3483.124 58
3483.259 56
3483.394 54
3483.528 52
3483.663 54
3483.797 56
3483.932 59
3484.067 58
3484.201 60
3484.336 64
3484.471 64
3484.605 58
3484.740 57
3484.875 52
3485.009 47
3485.144 51
3485.279 52
3485.413 53
3485.548 55
3485.682 55
3485.817 56
3485.952 56
3486.086 60
3486.221 57
3486.356 56
3486.491 60
3486.625 49
3486.760 51
3486.895 47
3487.029 40
3487.164 41
3487.299 36
3487.433 35
3487.568 32
3487.703 24
3487.837 26
3487.972 30
3488.107 36
3488.242 46
3488.376 48
3488.511 50
3488.646 53
3488.780 51
3488.915 51
3489.050 49
3489.185 44
3489.319 35
3489.454 38
3489.589 44
3489.724 48
3489.858 57
3489.993 53
3490.128 50
3490.263 48
3490.397 36
3490.532 35
3490.667 36
3490.802 39
3490.936 43
3491.071 42
3491.206 41
3491.341 39
3491.476 35
3491.610 35
3491.745 33
3491.880 33
3492.015 29
3492.149 30
3492.284 32
3492.419 35
3492.554 34
3492.689 38
3492.823 39
3492.958 37
3493.093 40
3493.228 40
3493.363 41
3493.498 43
3493.632 44
3493.767 37
3493.902 32
3494.037 23
3494.172 20
3494.306 22
3494.441 23
3494.576 26
3494.711 32
3494.846 33
3494.981 34
3495.116 34
3495.250 32
3495.385 30
3495.520 28
3495.655 28
3495.790 22
3495.925 25
3496.060 29
3496.194 30
3496.329 33
3496.464 32
3496.599 32
3496.734 32
3496.869 34
3497.004 35
3497.139 35
3497.273 33
3497.408 30
3497.543 36
3497.678 42
3497.813 49
3497.948 55
3498.083 58
3498.218 63
3498.353 68
3498.488 75
3498.623 73
3498.757 69
3498.892 58
3499.027 48
3499.162 39
3499.297 35
3499.432 31
3499.567 27
3499.702 27
3499.837 26
3499.972 26
3500.107 27
3500.242 28
3500.377 29
3500.512 28
3500.647 32
3500.782 36
3500.917 36
3501.052 37
3501.187 36
3501.322 38
3501.456 38
3501.591 38
3501.726 30
3501.861 37
3501.996 40
3502.131 41
3502.266 45
3502.401 44
3502.536 42
3502.671 40
3502.806 41
3502.941 40
3503.076 43
3503.211 45
3503.346 51
3503.481 49
3503.616 46
3503.751 45
3503.886 38
3504.022 37
3504.157 38
3504.292 39
3504.427 34
3504.562 37
3504.697 40
3504.832 39
3504.967 38
3505.102 35
3505.237 35
3505.372 33
3505.507 41
3505.642 40
3505.777 40
3505.912 36
3506.047 31
3506.182 33
3506.317 33
3506.452 32
3506.588 34
3506.723 40
3506.858 41
3506.993 43
3507.128 40
3507.263 38
3507.398 42
3507.533 46
3507.668 49
3507.803 50
3507.938 48
3508.074 45
3508.209 44
3508.344 51
3508.479 51
3508.614 47
3508.749 48
3508.884 56
3509.019 60
3509.155 62
3509.290 66
3509.425 67
3509.560 61
3509.695 61
3509.830 58
3509.965 51
3510.100 48
3510.236 45
3510.371 41
3510.506 38
3510.641 35
3510.776 31
3510.911 26
3511.047 30
3511.182 31
3511.317 33
3511.452 34
3511.587 35
3511.722 35
3511.858 38
3511.993 39
3512.128 35
3512.263 40
3512.398 47
3512.534 48
3512.669 49
3512.804 47
3512.939 43
3513.074 49
3513.210 46
3513.345 44
3513.480 38
3513.615 37
3513.750 38
3513.886 39
3514.021 47
3514.156 50
3514.291 51
3514.427 51
3514.562 45
3514.697 39
3514.832 47
3514.968 49
3515.103 53
3515.238 59
3515.373 52
3515.509 55
3515.644 53
3515.779 48
3515.914 50
3516.050 46
3516.185 45
3516.320 46
3516.455 44
3516.591 44
3516.726 44
3516.861 44
3516.996 39
3517.132 35
3517.267 31
3517.402 25
3517.538 24
3517.673 27
3517.808 31
3517.944 38
3518.079 47
3518.214 51
3518.349 51
3518.485 53
3518.620 60
3518.755 58
3518.891 61
3519.026 63
3519.161 58
3519.297 61
3519.432 62
3519.567 60
3519.703 60
3519.838 58
3519.973 53
3520.109 52
3520.244 51
3520.379 48
3520.515 49
3520.650 40
3520.785 37
3520.921 38
3521.056 36
3521.192 41
3521.327 40
3521.462 42
3521.598 44
3521.733 49
3521.868 46
3522.004 42
3522.139 40
3522.275 35
3522.410 30
3522.545 31
3522.681 30
3522.816 28
3522.952 35
3523.087 41
3523.222 51
3523.358 58
3523.493 55
3523.629 57
3523.764 56
3523.899 51
3524.035 52
3524.170 49
3524.306 48
3524.441 49
3524.577 47
3524.712 46
3524.847 44
3524.983 37
3525.118 36
3525.254 37
3525.389 41
3525.525 48
3525.660 45
3525.796 43
3525.931 42
3526.067 38
3526.202 43
3526.337 48
3526.473 50
3526.608 56
3526.744 52
3526.879 48
3527.015 45
3527.150 45
3527.286 43
3527.421 40
3527.557 38
3527.692 29
3527.828 31
3527.963 30
3528.099 32
3528.234 30
3528.370 32
3528.505 38
3528.641 39
3528.776 40
3528.912 42
3529.047 44
3529.183 48
3529.318 49
3529.454 45
3529.589 46
3529.725 44
3529.861 49
3529.996 43
3530.132 44
3530.267 47
3530.403 51
3530.538 55
3530.674 59
3530.809 62
3530.945 66
3531.080 66
3531.216 68
3531.352 71
3531.487 65
3531.623 62
3531.758 53
3531.894 43
3532.029 32
3532.165 35
3532.301 34
3532.436 35
3532.572 32
3532.707 31
3532.843 38
3532.979 39
3533.114 47
3533.250 49
3533.385 49
3533.521 54
3533.657 59
3533.792 55
3533.928 49
3534.063 48
3534.199 40
3534.335 37
3534.470 38
3534.606 34
3534.742 40
3534.877 49
3535.013 54
3535.149 59
3535.284 72
3535.420 71
3535.555 72
3535.691 74
3535.827 66
3535.962 57
3536.098 55
3536.234 53
3536.369 44
3536.505 51
3536.641 55
3536.776 58
3536.912 69
3537.048 70
3537.183 67
3537.319 63
3537.455 57
3537.591 50
3537.726 45
3537.862 38
3537.998 29
3538.133 29
3538.269 30
3538.405 29
3538.540 28
3538.676 26
3538.812 20
3538.948 19
3539.083 18
3539.219 19
3539.355 19
3539.490 17
3539.626 18
3539.762 17
3539.898 19
3540.033 21
3540.169 29
3540.305 32
3540.441 32
3540.576 37
3540.712 30
3540.848 33
3540.984 34
3541.119 32
3541.255 27
3541.391 30
3541.527 37
3541.662 39
3541.798 47
3541.934 47
3542.070 43
3542.206 45
3542.341 48
3542.477 46
3542.613 41
3542.749 37
3542.884 28
3543.020 30
3543.156 31
3543.292 32
3543.428 37
3543.564 41
3543.699 50
3543.835 55
3543.971 60
3544.107 59
3544.243 55
3544.378 50
3544.514 48
3544.650 50
3544.786 49
3544.922 48
3545.058 44
3545.193 44
3545.329 46
3545.465 47
3545.601 46
3545.737 46
3545.873 45
3546.008 44
3546.144 41
3546.280 37
3546.416 33
3546.552 30
3546.688 28
3546.824 29
3546.960 27
3547.095 28
3547.231 28
3547.367 30
3547.503 29
3547.639 30
3547.775 27
3547.911 25
3548.047 24
3548.183 25
3548.318 24
3548.454 25
3548.590 27
3548.726 23
3548.862 24
3548.998 28
3549.134 33
3549.270 30
3549.406 32
3549.542 32
3549.678 33
3549.813 30
3549.949 30
3550.085 33
3550.221 39
3550.357 41
3550.493 42
3550.629 43
3550.765 41
3550.901 41
3551.037 52
3551.173 50
3551.309 47
3551.445 45
3551.581 43
3551.717 46
3551.853 45
3551.989 48
3552.125 50
3552.261 47
3552.397 43
3552.533 39
3552.669 35
3552.805 34
3552.941 33
3553.077 33
3553.213 32
3553.349 35
3553.485 35
3553.621 38
3553.757 39
3553.893 46
3554.029 45
3554.165 44
3554.301 48
3554.437 42
3554.573 40
3554.709 39
3554.845 39
3554.981 36
3555.117 36
3555.253 39
3555.389 40
3555.525 40
3555.661 43
3555.797 40
3555.933 42
3556.069 40
3556.205 36
3556.341 38
3556.477 37
3556.613 39
3556.749 36
3556.886 40
3557.022 39
3557.158 38
3557.294 38
3557.430 39
3557.566 43
3557.702 36
3557.838 34
3557.974 34
3558.110 26
3558.246 27
3558.382 30
3558.519 28
3558.655 36
3558.791 44
3558.927 51
3559.063 53
3559.199 63
3559.335 68
3559.471 70
3559.607 74
3559.744 80
3559.880 75
3560.016 71
3560.152 66
3560.288 58
3560.424 50
3560.560 49
3560.697 43
3560.833 42
3560.969 44
3561.105 49
3561.241 57
3561.377 57
3561.513 54
3561.650 51
3561.786 49
3561.922 45
3562.058 45
3562.194 42
3562.330 40
3562.467 36
3562.603 36
3562.739 38
3562.875 40
3563.011 50
3563.148 43
3563.284 40
3563.420 38
3563.556 30
3563.692 33
3563.829 35
3563.965 38
3564.101 31
3564.237 31
3564.373 31
3564.510 31
3564.646 29
3564.782 26
3564.918 26
3565.055 23
3565.191 18
3565.327 20
3565.463 21
3565.599 28
3565.736 33
3565.872 44
3566.008 47
3566.144 46
3566.281 49
3566.417 42
3566.553 42
3566.689 41
3566.826 41
3566.962 38
3567.098 36
3567.235 33
3567.371 26
3567.507 27
3567.643 23
3567.780 21
3567.916 21
3568.052 20
3568.189 20
3568.325 19
3568.461 18
3568.597 21
3568.734 24
3568.870 27
3569.006 30
3569.143 29
3569.279 28
3569.415 26
3569.552 22
3569.688 24
3569.824 26
3569.961 27
3570.097 29
3570.233 32
3570.370 37
3570.506 40
3570.642 43
3570.779 40
3570.915 35
3571.051 32
3571.188 30
3571.324 31
3571.460 34
3571.597 35
3571.733 40
3571.869 42
3572.006 40
3572.142 37
3572.278 36
3572.415 38
3572.551 39
3572.688 38
3572.824 31
3572.960 24
3573.097 26
3573.233 26
3573.370 28
3573.506 28
3573.642 32
3573.779 37
3573.915 40
3574.052 41
3574.188 43
3574.324 37
3574.461 42
3574.597 44
3574.734 38
3574.870 35
3575.006 36
3575.143 36
3575.279 39
3575.416 42
3575.552 40
3575.689 41
3575.825 42
3575.962 38
3576.098 42
3576.234 43
3576.371 47
3576.507 49
3576.644 52
3576.780 49
3576.917 43
3577.053 44
3577.190 40
3577.326 38
3577.463 35
3577.599 33
3577.736 27
3577.872 24
3578.008 23
3578.145 21
3578.281 26
3578.418 26
3578.554 25
3578.691 22
3578.827 18
3578.964 23
3579.100 25
3579.237 28
3579.373 36
3579.510 42
3579.646 43
3579.783 42
3579.920 41
3580.056 41
3580.193 42
3580.329 44
3580.466 44
3580.602 43
3580.739 46
3580.875 43
3581.012 48
3581.148 51
3581.285 47
3581.421 45
3581.558 36
3581.695 35
3581.831 37
3581.968 36
3582.104 39
3582.241 35
3582.377 33
3582.514 38
3582.650 42
3582.787 39
3582.924 37
3583.060 32
3583.197 31
3583.333 32
3583.470 37
3583.607 36
3583.743 36
3583.880 36
3584.016 32
3584.153 33
3584.290 28
3584.426 26
3584.563 27
3584.699 27
3584.836 31
3584.973 34
3585.109 40
3585.246 45
3585.383 49
3585.519 50
3585.656 48
3585.792 42
3585.929 33
3586.066 29
3586.202 26
3586.339 27
3586.476 26
3586.612 28
3586.749 28
3586.886 24
3587.022 25
3587.159 24
3587.296 26
3587.432 27
3587.569 30
3587.706 28
3587.842 32
3587.979 32
3588.116 38
3588.252 41
3588.389 39
3588.526 44
3588.662 39
3588.799 44
3588.936 44
3589.072 41
3589.209 34
3589.346 31
3589.483 34
3589.619 39
3589.756 39
3589.893 46
3590.029 47
3590.166 48
3590.303 54
3590.440 50
3590.576 45
3590.713 43
3590.850 42
3590.987 39
3591.123 43
3591.260 48
3591.397 51
3591.534 47
3591.670 41
3591.807 34
3591.944 25
3592.081 27
3592.217 27
3592.354 30
3592.491 21
3592.628 23
3592.764 24
3592.901 27
3593.038 29
3593.175 33
3593.312 32
3593.448 27
3593.585 25
3593.722 32
3593.859 39
3593.995 51
3594.132 52
3594.269 47
3594.406 45
3594.543 38
3594.679 39
3594.816 40
3594.953 42
3595.090 43
3595.227 43
3595.364 40
3595.500 38
3595.637 37
3595.774 34
3595.911 34
3596.048 33
3596.185 33
3596.321 39
3596.458 38
3596.595 36
3596.732 31
3596.869 32
3597.006 32
3597.143 31
3597.279 28
3597.416 26
3597.553 25
3597.690 22
3597.827 20
3597.964 15
3598.101 15
3598.237 24
3598.374 26
3598.511 32
3598.648 35
3598.785 40
3598.922 44
3599.059 56
3599.196 52
3599.333 49
3599.469 49
3599.606 45
3599.743 43
3599.880 42
3600.017 46
3600.154 36
3600.291 38
3600.428 39
3600.565 41
3600.702 44
3600.839 45
3600.976 44
3601.113 39
3601.249 39
3601.386 38
3601.523 39
3601.660 40
3601.797 44
3601.934 45
3602.071 43
3602.208 44
3602.345 47
3602.482 48
3602.619 48
3602.756 49
3602.893 46
3603.030 44
3603.167 40
3603.304 39
3603.441 34
3603.578 31
3603.715 33
3603.852 32
3603.989 33
3604.126 30
3604.263 29
3604.400 29
3604.537 30
3604.674 33
3604.811 33
3604.948 30
3605.085 27
3605.222 30
3605.359 32
3605.496 38
3605.633 37
3605.770 34
3605.907 32
3606.044 32
3606.181 33
3606.318 31
3606.455 28
3606.592 26
3606.729 28
3606.866 26
3607.003 27
3607.140 24
3607.277 22
3607.414 24
3607.552 25
3607.689 27
3607.826 26
3607.963 33
3608.100 36
3608.237 42
3608.374 40
3608.511 37
3608.648 37
3608.785 33
3608.922 34
3609.059 36
3609.196 38
3609.334 41
3609.471 43
3609.608 41
3609.745 42
3609.882 44
3610.019 43
3610.156 48
3610.293 48
3610.430 51
3610.568 45
3610.705 48
3610.842 48
3610.979 48
3611.116 53
3611.253 45
3611.390 42
3611.527 39
3611.665 30
3611.802 27
3611.939 27
3612.076 23
3612.213 24
3612.350 26
3612.487 28
3612.625 33
3612.762 43
3612.899 51
3613.036 55
3613.173 58
3613.310 61
3613.448 57
3613.585 59
3613.722 57
3613.859 53
3613.996 45
3614.134 37
3614.271 31
3614.408 21
3614.545 21
3614.682 23
3614.820 21
3614.957 22
3615.094 20
3615.231 18
3615.368 17
3615.506 18
3615.643 21
3615.780 24
3615.917 28
3616.055 33
3616.192 38
3616.329 39
3616.466 39
3616.603 41
3616.741 37
3616.878 35
3617.015 34
3617.152 41
3617.290 39
3617.427 36
3617.564 30
3617.701 18
3617.839 18
3617.976 20
3618.113 23
3618.250 23
3618.388 25
3618.525 26
3618.662 28
3618.800 33
3618.937 33
3619.074 32
3619.211 29
3619.349 28
3619.486 29
3619.623 30
3619.761 32
3619.898 33
3620.035 27
3620.173 23
3620.310 20
3620.447 16
3620.584 17
3620.722 19
3620.859 18
3620.996 21
3621.134 28
3621.271 31
3621.408 34
3621.546 34
3621.683 35
3621.820 35
3621.958 32
3622.095 31
3622.232 31
3622.370 31
3622.507 31
3622.645 37
3622.782 38
3622.919 38
3623.057 41
3623.194 42
3623.331 42
3623.469 41
3623.606 42
3623.743 41
3623.881 38
3624.018 35
3624.156 32
3624.293 32
3624.430 33
3624.568 37
3624.705 43
3624.843 43
3624.980 42
3625.117 45
3625.255 47
3625.392 49
3625.530 46
3625.667 38
3625.804 31
3625.942 19
3626.079 15
3626.217 15
3626.354 12
3626.492 16
3626.629 23
3626.766 24
3626.904 29
3627.041 24
3627.179 23
3627.316 24
3627.454 23
3627.591 26
3627.729 23
3627.866 23
3628.003 22
3628.141 25
3628.278 23
3628.416 22
3628.553 23
3628.691 21
3628.828 20
3628.966 22
3629.103 21
3629.241 22
3629.378 22
3629.516 26
3629.653 28
3629.791 32
3629.928 32
3630.066 30
3630.203 32
3630.341 34
3630.478 34
3630.616 38
3630.753 40
3630.891 42
3631.028 42
3631.166 41
3631.303 39
3631.441 42
3631.578 39
3631.716 36
3631.853 41
3631.991 37
3632.128 42
3632.266 46
3632.404 46
3632.541 55
3632.679 58
3632.816 53
3632.954 49
3633.091 40
3633.229 38
3633.366 35
3633.504 33
3633.642 25
3633.779 27
3633.917 26
3634.054 25
3634.192 31
3634.329 27
3634.467 29
3634.605 30
3634.742 31
3634.880 30
3635.017 31
3635.155 29
3635.293 36
3635.430 35
3635.568 35
3635.705 34
3635.843 39
3635.981 35
3636.118 31
3636.256 30
3636.394 24
3636.531 30
3636.669 32
3636.806 34
3636.944 38
3637.082 41
3637.219 41
3637.357 40
3637.495 37
3637.632 33
3637.770 35
3637.908 31
3638.045 27
3638.183 28
3638.321 26
3638.458 25
3638.596 24
3638.734 24
3638.871 26
3639.009 29
3639.147 37
3639.284 40
3639.422 40
3639.560 42
3639.697 45
3639.835 41
3639.973 43
3640.110 48
3640.248 52
3640.386 58
3640.523 60
3640.661 61
3640.799 49
3640.937 41
3641.074 35
3641.212 24
3641.350 19
3641.487 24
3641.625 28
3641.763 35
3641.901 42
3642.038 41
3642.176 38
3642.314 37
3642.452 39
3642.589 35
3642.727 36
3642.865 33
3643.003 34
3643.140 32
3643.278 29
3643.416 25
3643.554 29
3643.691 30
3643.829 31
3643.967 31
3644.105 34
3644.242 38
3644.380 41
3644.518 44
3644.656 42
3644.794 41
3644.931 41
3645.069 42
3645.207 44
3645.345 40
3645.483 35
3645.620 30
3645.758 21
3645.896 22
3646.034 22
3646.172 23
3646.309 25
3646.447 26
3646.585 26
3646.723 29
3646.861 31
3646.999 33
3647.136 31
3647.274 32
3647.412 32
3647.550 35
3647.688 37
3647.826 39
3647.963 38
3648.101 36
3648.239 34
3648.377 30
3648.515 33
3648.653 33
3648.791 33
3648.928 34
3649.066 31
3649.204 28
3649.342 31
3649.480 34
3649.618 36
3649.756 36
3649.894 34
3650.031 34
3650.169 36
3650.307 43
3650.445 49
3650.583 50
3650.721 52
3650.859 51
3650.997 48
3651.135 44
3651.273 50
3651.410 47
3651.548 46
3651.686 50
3651.824 42
3651.962 41
3652.100 42
3652.238 45
3652.376 52
3652.514 43
3652.652 37
3652.790 29
3652.928 19
3653.066 22
3653.204 20
3653.342 18
3653.480 14
3653.617 12
3653.755 13
3653.893 19
3654.031 22
3654.169 22
3654.307 22
3654.445 28
3654.583 27
3654.721 27
3654.859 30
3654.997 36
3655.135 38
3655.273 40
3655.411 45
3655.549 46
3655.687 54
3655.825 60
3655.963 61
3656.101 63
3656.239 68
3656.377 65
3656.515 60
3656.653 53
3656.791 44
3656.929 37
3657.067 35
3657.205 33
3657.343 40
3657.481 40
3657.619 43
3657.757 47
3657.895 50
3658.034 49
3658.172 50
3658.310 43
3658.448 30
3658.586 32
3658.724 32
3658.862 38
3659.000 39
3659.138 33
3659.276 31
3659.414 23
3659.552 18
3659.690 22
3659.828 26
3659.966 29
3660.104 35
3660.243 34
3660.381 32
3660.519 37
3660.657 34
3660.795 39
3660.933 36
3661.071 31
3661.209 30
3661.347 30
3661.485 29
3661.624 26
3661.762 21
3661.900 19
3662.038 19
3662.176 22
3662.314 24
3662.452 25
3662.590 28
3662.729 32
3662.867 33
3663.005 31
3663.143 28
3663.281 25
3663.419 31
3663.557 30
3663.696 30
3663.834 34
3663.972 31
3664.110 35
3664.248 36
3664.386 36
3664.525 43
3664.663 44
3664.801 47
3664.939 52
3665.077 57
3665.215 53
3665.354 50
3665.492 47
3665.630 43
3665.768 42
3665.906 41
3666.045 40
3666.183 40
3666.321 38
3666.459 37
3666.597 34
3666.736 29
3666.874 27
3667.012 25
3667.150 24
3667.288 25
3667.427 26
3667.565 25
3667.703 22
3667.841 19
3667.980 25
3668.118 26
3668.256 27
3668.394 30
3668.533 28
3668.671 31
3668.809 36
3668.947 35
3669.086 35
3669.224 33
3669.362 31
3669.500 34
3669.639 33
3669.777 34
3669.915 33
3670.053 31
3670.192 26
3670.330 25
3670.468 23
3670.607 26
3670.745 36
3670.883 41
3671.021 47
3671.160 60
3671.298 54
3671.436 50
3671.575 45
3671.713 38
3671.851 31
3671.990 30
3672.128 30
3672.266 28
3672.405 27
3672.543 26
3672.681 25
3672.820 19
3672.958 17
3673.096 19
3673.235 20
3673.373 18
3673.511 20
3673.650 18
3673.788 15
3673.926 16
3674.065 13
3674.203 14
3674.341 15
3674.480 17
3674.618 24
3674.756 24
3674.895 24
3675.033 20
3675.172 26
3675.310 33
3675.448 38
3675.587 46
3675.725 41
3675.863 39
3676.002 37
3676.140 30
3676.279 26
3676.417 23
3676.555 21
3676.694 27
3676.832 27
3676.971 27
3677.109 31
3677.248 36
3677.386 35
3677.524 32
3677.663 30
3677.801 30
3677.940 29
3678.078 31
3678.216 35
3678.355 41
3678.493 40
3678.632 43
3678.770 42
3678.909 41
3679.047 41
3679.186 37
3679.324 34
3679.463 36
3679.601 38
3679.739 35
3679.878 38
3680.016 36
3680.155 33
3680.293 33
3680.432 37
3680.570 37
3680.709 38
3680.847 38
3680.986 39
3681.124 36
3681.263 32
3681.401 30
3681.540 28
3681.678 25
3681.817 32
3681.955 30
3682.094 29
3682.232 31
3682.371 31
3682.509 33
3682.648 38
3682.786 34
3682.925 35
3683.063 35
3683.202 37
3683.340 40
3683.479 44
3683.617 42
3683.756 36
3683.895 33
3684.033 31
3684.172 30
3684.310 35
3684.449 39
3684.587 38
3684.726 41
3684.864 45
3685.003 56
3685.142 50
3685.280 50
3685.419 45
3685.557 37
3685.696 41
3685.834 41
3685.973 40
3686.112 37
3686.250 36
3686.389 37
3686.527 36
3686.666 40
3686.805 39
3686.943 36
3687.082 33
3687.220 27
3687.359 27
3687.498 25
3687.636 25
3687.775 28
3687.913 27
3688.052 30
3688.191 36
3688.329 44
3688.468 46
3688.607 47
3688.745 41
3688.884 36
3689.023 34
3689.161 35
3689.300 38
3689.439 28
3689.577 26
3689.716 27
3689.854 26
3689.993 31
3690.132 33
3690.270 32
3690.409 27
3690.548 26
3690.686 28
3690.825 28
3690.964 26
3691.103 32
3691.241 35
3691.380 37
3691.519 41
3691.657 41
3691.796 45
3691.935 44
3692.073 45
3692.212 47
3692.351 46
3692.489 41
3692.628 39
3692.767 38
3692.906 35
3693.044 36
3693.183 41
3693.322 39
3693.461 40
3693.599 41
3693.738 40
3693.877 44
3694.015 38
3694.154 36
3694.293 31
3694.432 25
3694.570 25
3694.709 25
3694.848 25
3694.987 24
3695.125 19
3695.264 17
3695.403 19
3695.542 18
3695.681 24
3695.819 26
3695.958 28
3696.097 32
3696.236 30
3696.374 32
3696.513 30
3696.652 35
3696.791 32
3696.930 31
3697.068 33
3697.207 35
3697.346 34
3697.485 35
3697.624 34
3697.762 38
3697.901 36
3698.040 39
3698.179 40
3698.318 45
3698.457 44
3698.595 38
3698.734 34
3698.873 24
3699.012 25
3699.151 26
3699.290 25
3699.428 30
3699.567 32
3699.706 36
3699.845 37
3699.984 35
3700.123 32
3700.262 28
3700.400 30
3700.539 31
3700.678 30
3700.817 28
3700.956 27
3701.095 22
3701.234 19
3701.372 18
3701.511 13
3701.650 10
3701.789 12
3701.928 12
3702.067 15
3702.206 19
3702.345 23
3702.484 29
3702.623 33
3702.761 34
3702.900 30
3703.039 32
3703.178 28
3703.317 32
3703.456 38
3703.595 35
3703.734 36
3703.873 40
3704.012 40
3704.151 38
3704.290 36
3704.429 36
3704.567 36
3704.706 38
3704.845 39
3704.984 36
3705.123 34
3705.262 35
3705.401 37
3705.540 34
3705.679 37
3705.818 42
3705.957 42
3706.096 41
3706.235 43
3706.374 48
3706.513 49
3706.652 50
3706.791 45
3706.930 43
3707.069 37
3707.208 36
3707.347 35
3707.486 34
3707.625 32
3707.764 34
3707.903 31
3708.042 21
3708.181 18
3708.320 15
3708.459 13
3708.598 16
3708.737 20
3708.876 22
3709.015 27
3709.154 26
3709.293 26
3709.432 30
3709.571 30
3709.710 30
3709.849 28
3709.988 23
3710.127 24
3710.266 25
3710.405 27
3710.545 30
3710.684 33
3710.823 36
3710.962 39
3711.101 44
3711.240 42
3711.379 40
3711.518 40
3711.657 37
3711.796 34
3711.935 37
3712.074 38
3712.213 32
3712.353 31
3712.492 31
3712.631 31
3712.770 31
3712.909 33
3713.048 30
3713.187 32
3713.326 35
3713.465 34
3713.604 37
3713.744 36
3713.883 31
3714.022 33
3714.161 28
3714.300 23
3714.439 23
3714.578 19
3714.718 18
3714.857 18
3714.996 23
3715.135 25
3715.274 24
3715.413 23
3715.552 30
3715.692 28
3715.831 27
3715.970 23
3716.109 16
3716.248 16
3716.387 13
3716.527 13
3716.666 17
3716.805 20
3716.944 21
3717.083 23
3717.222 24
3717.362 19
3717.501 17
3717.640 15
3717.779 15
3717.918 23
3718.058 25
3718.197 30
3718.336 33
3718.475 29
3718.614 30
3718.754 33
3718.893 42
3719.032 43
3719.171 41
3719.311 37
3719.450 32
3719.589 31
3719.728 30
3719.867 28
3720.007 29
3720.146 27
3720.285 31
3720.424 29
3720.564 32
3720.703 30
3720.842 26
3720.981 26
3721.121 29
3721.260 33
3721.399 35
3721.539 41
3721.678 39
3721.817 34
3721.956 33
3722.096 29
3722.235 22
3722.374 25
3722.514 27
3722.653 28
3722.792 29
3722.931 31
3723.071 32
3723.210 32
3723.349 35
3723.489 33
3723.628 30
3723.767 26
3723.907 28
3724.046 30
3724.185 30
3724.324 31
3724.464 29
3724.603 31
3724.742 32
3724.882 30
3725.021 33
3725.160 28
3725.300 28
3725.439 28
3725.579 32
3725.718 32
3725.857 31
3725.997 32
3726.136 29
3726.275 36
3726.415 35
3726.554 32
3726.693 34
3726.833 31
3726.972 32
3727.112 33
3727.251 33
3727.390 33
3727.530 36
3727.669 35
3727.808 30
3727.948 30
3728.087 28
3728.227 30
3728.366 33
3728.505 39
3728.645 43
3728.784 49
3728.924 51
3729.063 53
3729.202 54
3729.342 53
3729.481 57
3729.621 55
3729.760 55
3729.900 54
3730.039 48
3730.178 44
3730.318 46
3730.457 41
3730.597 35
3730.736 37
3730.876 39
3731.015 45
3731.155 38
3731.294 40
3731.434 37
3731.573 38
3731.712 37
3731.852 36
3731.991 36
3732.131 35
3732.270 37
3732.410 34
3732.549 32
3732.689 32
3732.828 26
3732.968 25
3733.107 26
3733.247 26
3733.386 27
3733.526 26
3733.665 25
3733.805 24
3733.944 26
3734.084 26
3734.223 24
3734.363 23
3734.502 27
3734.642 27
3734.781 27
3734.921 29
3735.060 28
3735.200 26
3735.339 25
3735.479 23
3735.619 18
3735.758 19
3735.898 19
3736.037 17
3736.177 16
3736.316 19
3736.456 21
3736.595 26
3736.735 29
3736.875 31
3737.014 34
3737.154 38
3737.293 50
3737.433 48
3737.572 48
3737.712 42
3737.852 40
3737.991 39
3738.131 39
3738.270 36
3738.410 30
3738.549 31
3738.689 30
3738.829 33
3738.968 35
3739.108 31
3739.248 31
3739.387 30
3739.527 29
3739.666 32
3739.806 33
3739.946 36
3740.085 40
3740.225 44
3740.364 44
3740.504 45
3740.644 45
3740.783 40
3740.923 38
3741.063 33
3741.202 29
3741.342 25
3741.482 22
3741.621 23
3741.761 27
3741.901 28
3742.040 33
3742.180 37
3742.320 36
3742.459 37
3742.599 36
3742.739 35
3742.878 36
3743.018 35
3743.158 36
3743.297 40
3743.437 45
3743.577 43
3743.716 42
3743.856 40
3743.996 39
3744.136 44
3744.275 44
3744.415 41
3744.555 35
3744.694 34
3744.834 34
3744.974 35
3745.114 36
3745.253 32
3745.393 33
3745.533 35
3745.672 32
3745.812 30
3745.952 29
3746.092 30
3746.231 28
3746.371 32
3746.511 35
3746.651 36
3746.790 40
3746.930 49
3747.070 52
3747.210 50
3747.349 48
3747.489 47
3747.629 45
3747.769 44
3747.909 38
3748.048 40
3748.188 36
3748.328 36
3748.468 41
3748.607 31
3748.747 31
3748.887 33
3749.027 35
3749.167 36
3749.306 35
3749.446 31
3749.586 24
3749.726 26
3749.866 27
3750.005 27
3750.145 28
3750.285 29
3750.425 32
3750.565 37
3750.705 42
3750.844 52
3750.984 51
3751.124 49
3751.264 49
3751.404 49
3751.544 51
3751.683 54
3751.823 57
3751.963 53
3752.103 52
3752.243 53
3752.383 49
3752.523 47
3752.662 46
3752.802 46
3752.942 37
3753.082 39
3753.222 40
3753.362 41
3753.502 42
3753.642 37
3753.782 35
3753.921 30
3754.061 28
3754.201 30
3754.341 35
3754.481 29
3754.621 27
3754.761 28
3754.901 25
3755.041 23
3755.181 27
3755.320 24
3755.460 25
3755.600 29
3755.740 29
3755.880 28
3756.020 29
3756.160 27
3756.300 29
3756.440 29
3756.580 27
3756.720 24
3756.860 24
3757.000 25
3757.140 24
3757.280 24
3757.420 28
3757.560 28
3757.699 28
3757.839 25
3757.979 31
3758.119 34
3758.259 37
3758.399 40
3758.539 37
3758.679 36
3758.819 33
3758.959 31
3759.099 30
3759.239 29
3759.379 30
3759.519 26
3759.659 29
3759.799 26
3759.939 25
3760.079 26
3760.219 24
3760.359 25
3760.499 25
3760.639 24
3760.779 23
3760.919 25
3761.059 25
3761.199 25
3761.339 27
3761.479 27
3761.620 25
3761.760 23
3761.900 23
3762.040 22
3762.180 28
3762.320 28
3762.460 29
3762.600 30
3762.740 28
3762.880 29
3763.020 26
3763.160 30
3763.300 33
3763.440 41
3763.580 46
3763.720 48
3763.861 46
3764.001 45
3764.141 40
3764.281 36
3764.421 33
3764.561 32
3764.701 27
3764.841 31
3764.981 33
3765.121 31
3765.261 33
3765.402 35
3765.542 34
3765.682 37
3765.822 36
3765.962 37
3766.102 39
3766.242 39
3766.382 42
3766.523 39
3766.663 37
3766.803 37
3766.943 41
3767.083 41
3767.223 43
3767.363 45
3767.504 48
3767.644 48
3767.784 45
3767.924 43
3768.064 31
3768.204 29
3768.345 28
3768.485 26
3768.625 23
3768.765 27
3768.905 29
3769.045 31
3769.186 38
3769.326 37
3769.466 37
3769.606 32
3769.746 28
3769.887 27
3770.027 26
3770.167 27
3770.307 25
3770.447 23
3770.588 24
3770.728 21
3770.868 22
3771.008 23
3771.148 24
3771.289 27
3771.429 28
3771.569 33
3771.709 33
3771.850 38
3771.990 40
3772.130 40
3772.270 42
3772.411 41
3772.551 47
3772.691 44
3772.831 46
3772.972 45
3773.112 43
3773.252 38
3773.392 33
3773.533 25
3773.673 18
3773.813 20
3773.953 19
3774.094 17
3774.234 18
3774.374 16
3774.515 17
3774.655 16
3774.795 18
3774.935 28
3775.076 33
3775.216 36
3775.356 42
3775.497 52
3775.637 55
3775.777 57
3775.918 55
3776.058 45
3776.198 37
3776.338 28
3776.479 22
3776.619 22
3776.759 24
3776.900 23
3777.040 21
3777.180 21
3777.321 22
3777.461 26
3777.601 25
3777.742 26
3777.882 27
3778.022 30
3778.163 29
3778.303 27
3778.444 24
3778.584 21
3778.724 25
3778.865 23
3779.005 21
3779.145 23
3779.286 26
3779.426 27
3779.567 26
3779.707 21
3779.847 20
3779.988 26
3780.128 26
3780.268 26
3780.409 29
3780.549 30
3780.690 32
3780.830 32
3780.971 37
3781.111 33
3781.251 34
3781.392 35
3781.532 29
3781.673 31
3781.813 31
3781.953 34
3782.094 31
3782.234 32
3782.375 34
3782.515 34
3782.656 39
3782.796 42
3782.936 47
3783.077 50
3783.217 45
3783.358 47
3783.498 42
3783.639 35
3783.779 33
3783.920 24
3784.060 20
3784.201 19
3784.341 18
3784.482 21
3784.622 22
3784.763 24
3784.903 22
3785.044 24
3785.184 26
3785.324 27
3785.465 28
3785.605 25
3785.746 23
3785.886 20
3786.027 19
3786.167 24
3786.308 24
3786.449 22
3786.589 19
3786.730 13
3786.870 17
3787.011 20
3787.151 19
3787.292 20
3787.432 21
3787.573 19
3787.713 17
3787.854 20
3787.994 17
3788.135 17
3788.275 16
3788.416 23
3788.557 23
3788.697 24
3788.838 24
3788.978 22
3789.119 22
3789.259 27
3789.400 33
3789.540 30
3789.681 33
3789.822 39
3789.962 48
3790.103 50
3790.243 48
3790.384 50
3790.525 46
3790.665 38
3790.806 30
3790.946 23
3791.087 17
3791.228 19
3791.368 19
3791.509 24
3791.649 22
3791.790 24
3791.931 27
3792.071 26
3792.212 23
3792.352 21
3792.493 21
3792.634 22
3792.774 29
3792.915 29
3793.056 29
3793.196 29
3793.337 25
3793.478 27
3793.618 26
3793.759 23
3793.900 25
3794.040 28
3794.181 30
3794.321 33
3794.462 35
3794.603 32
3794.743 31
3794.884 32
3795.025 31
3795.166 30
3795.306 26
3795.447 24
3795.588 27
3795.728 31
3795.869 34
3796.010 38
3796.150 39
3796.291 39
3796.432 39
3796.572 32
3796.713 39
3796.854 44
3796.995 47
3797.135 48
3797.276 47
3797.417 45
3797.557 47
3797.698 54
3797.839 51
3797.980 46
3798.120 41
3798.261 28
3798.402 21
3798.543 21
3798.683 23
3798.824 21
3798.965 25
3799.106 25
3799.246 22
3799.387 26
3799.528 32
3799.669 32
3799.809 32
3799.950 28
3800.091 31
3800.232 33
3800.373 33
3800.513 28
3800.654 34
3800.795 36
3800.936 36
3801.076 44
3801.217 38
3801.358 39
3801.499 40
3801.640 37
3801.780 37
3801.921 31
3802.062 30
3802.203 28
3802.344 26
3802.485 29
3802.625 32
3802.766 36
3802.907 39
3803.048 44
3803.189 46
3803.329 50
3803.470 52
3803.611 47
3803.752 42
3803.893 36
3804.034 27
3804.175 28
3804.315 27
3804.456 29
3804.597 27
3804.738 27
3804.879 27
3805.020 25
3805.161 21
3805.301 19
3805.442 21
3805.583 21
3805.724 28
3805.865 32
3806.006 41
3806.147 44
3806.288 47
3806.429 52
3806.569 50
3806.710 53
3806.851 61
3806.992 60
3807.133 57
3807.274 53
3807.415 50
3807.556 47
3807.697 42
3807.838 39
3807.979 37
3808.119 32
3808.260 33
3808.401 36
3808.542 34
3808.683 34
3808.824 35
3808.965 34
3809.106 38
3809.247 40
3809.388 37
3809.529 32
3809.670 28
3809.811 25
3809.952 23
3810.093 22
3810.234 17
3810.375 19
3810.516 19
3810.657 22
3810.798 18
3810.939 16
3811.079 20
3811.220 19
3811.361 24
3811.502 29
3811.643 28
3811.784 29
3811.925 32
3812.066 37
3812.207 38
3812.348 41
3812.489 45
3812.630 45
3812.771 44
3812.912 45
3813.054 46
3813.195 46
3813.336 48
3813.477 44
3813.618 37
3813.759 35
3813.900 33
3814.041 36
3814.182 34
3814.323 32
3814.464 31
3814.605 28
3814.746 24
3814.887 23
3815.028 23
3815.169 22
3815.310 21
3815.451 24
3815.592 28
3815.733 33
3815.874 39
3816.016 39
3816.157 37
3816.298 36
3816.439 37
3816.580 38
3816.721 38
3816.862 35
3817.003 33
3817.144 30
3817.285 27
3817.426 25
3817.568 22
3817.709 20
3817.850 18
3817.991 16
3818.132 15
3818.273 15
3818.414 16
3818.555 19
3818.696 19
3818.838 22
3818.979 26
3819.120 25
3819.261 31
3819.402 27
3819.543 22
3819.684 19
3819.826 16
3819.967 16
3820.108 14
3820.249 14
3820.390 13
3820.531 15
3820.673 16
3820.814 19
3820.955 25
3821.096 23
3821.237 24
3821.378 26
3821.520 30
3821.661 29
3821.802 29
3821.943 23
3822.084 25
3822.226 29
3822.367 30
3822.508 30
3822.649 35
3822.790 33
3822.932 31
3823.073 33
3823.214 32
3823.355 34
3823.496 36
3823.638 40
3823.779 42
3823.920 39
3824.061 37
3824.203 39
3824.344 42
3824.485 44
3824.626 46
3824.767 46
3824.909 41
3825.050 36
3825.191 31
3825.332 25
3825.474 18
3825.615 24
3825.756 26
3825.897 29
3826.039 35
3826.180 34
3826.321 34
3826.463 30
3826.604 29
3826.745 25
3826.886 25
3827.028 23
3827.169 16
3827.310 15
3827.452 14
3827.593 11
3827.734 16
3827.875 18
3828.017 18
3828.158 17
3828.299 12
3828.441 14
3828.582 17
3828.723 22
3828.865 27
3829.006 28
3829.147 27
3829.289 28
3829.430 25
3829.571 27
3829.713 31
3829.854 35
3829.995 37
3830.137 38
3830.278 36
3830.419 32
3830.561 27
3830.702 27
3830.843 30
3830.985 27
3831.126 22
3831.267 18
3831.409 19
3831.550 19
3831.692 17
3831.833 19
3831.974 17
3832.116 18
3832.257 15
3832.398 20
3832.540 20
3832.681 22
3832.823 28
3832.964 31
3833.105 30
3833.247 32
3833.388 28
3833.530 24
3833.671 25
3833.813 21
3833.954 21
3834.095 22
3834.237 23
3834.378 24
3834.520 25
3834.661 26
3834.802 27
3834.944 29
3835.085 28
3835.227 33
3835.368 40
3835.510 42
3835.651 52
3835.793 51
3835.934 44
3836.075 39
3836.217 32
3836.358 28
3836.500 25
3836.641 22
3836.783 23
3836.924 25
3837.066 28
3837.207 30
3837.349 31
3837.490 29
3837.632 29
3837.773 31
3837.915 37
3838.056 35
3838.198 34
3838.339 35
3838.481 37
3838.622 38
3838.764 35
3838.905 31
3839.047 21
3839.188 21
3839.330 18
3839.471 15
3839.613 19
3839.754 19
3839.896 20
3840.037 18
3840.179 21
3840.320 21
3840.462 23
3840.604 27
3840.745 28
3840.887 27
3841.028 25
3841.170 23
3841.311 14
3841.453 14
3841.594 14
3841.736 16
3841.878 20
3842.019 22
3842.161 23
3842.302 21
3842.444 24
3842.585 24
3842.727 25
3842.869 29
3843.010 23
3843.152 27
3843.293 25
3843.435 24
3843.577 25
3843.718 23
3843.860 22
3844.001 20
3844.143 22
3844.285 25
3844.426 33
3844.568 37
3844.709 40
3844.851 41
3844.993 40
3845.134 43
3845.276 38
3845.418 30
3845.559 20
3845.701 13
3845.842 13
3845.984 16
3846.126 19
3846.267 19
3846.409 16
3846.551 18
3846.692 18
3846.834 21
3846.976 28
3847.117 34
3847.259 43
3847.401 48
3847.542 53
3847.684 53
3847.826 49
3847.967 45
3848.109 39
3848.251 36
3848.392 30
3848.534 30
3848.676 25
3848.818 23
3848.959 25
3849.101 25
3849.243 26
3849.384 32
3849.526 33
3849.668 37
3849.810 38
3849.951 38
3850.093 38
3850.235 38
3850.376 36
3850.518 28
3850.660 24
3850.802 16
3850.943 15
3851.085 17
3851.227 20
3851.369 19
3851.510 23
3851.652 21
3851.794 20
3851.936 21
3852.077 22
3852.219 19
3852.361 18
3852.503 20
3852.644 21
3852.786 28
3852.928 35
3853.070 38
3853.212 37
3853.353 36
3853.495 33
3853.637 34
3853.779 34
3853.920 31
3854.062 30
3854.204 27
3854.346 23
3854.488 24
3854.629 24
3854.771 26
3854.913 27
3855.055 30
3855.197 31
3855.339 31
3855.480 32
3855.622 31
3855.764 29
3855.906 28
3856.048 28
3856.190 26
3856.331 24
3856.473 21
3856.615 18
3856.757 21
3856.899 22
3857.041 24
3857.182 27
3857.324 28
3857.466 31
3857.608 35
3857.750 39
3857.892 40
3858.034 41
3858.176 41
3858.317 42
3858.459 39
3858.601 36
3858.743 33
3858.885 25
3859.027 25
3859.169 26
3859.311 31
3859.453 26
3859.594 28
3859.736 32
3859.878 37
3860.020 48
3860.162 50
3860.304 51
3860.446 50
3860.588 46
3860.730 44
3860.872 40
3861.014 33
3861.156 25
3861.297 25
3861.439 26
3861.581 27
3861.723 24
3861.865 24
3862.007 24
3862.149 26
3862.291 23
3862.433 26
3862.575 24
3862.717 22
3862.859 21
3863.001 25
3863.143 26
3863.285 26
3863.427 19
3863.569 17
3863.711 18
3863.853 17
3863.995 23
3864.137 24
3864.279 24
3864.421 24
3864.563 20
3864.705 23
3864.847 21
3864.989 18
3865.131 18
3865.273 18
3865.415 20
3865.557 26
3865.699 30
3865.841 28
3865.983 28
3866.125 27
3866.267 29
3866.409 28
3866.551 26
3866.693 21
3866.835 21
3866.977 20
3867.119 19
3867.261 19
3867.403 11
3867.545 15
3867.687 15
3867.829 14
3867.971 13
3868.113 12
3868.255 15
3868.398 17
3868.540 25
3868.682 28
3868.824 27
3868.966 30
3869.108 29
3869.250 29
3869.392 28
3869.534 25
3869.676 26
3869.818 29
3869.960 29
3870.103 28
3870.245 32
3870.387 28
3870.529 29
3870.671 31
3870.813 33
3870.955 35
3871.097 36
3871.239 36
3871.382 40
3871.524 45
3871.666 49
3871.808 54
3871.950 60
3872.092 55
3872.234 52
3872.377 50
3872.519 45
3872.661 37
3872.803 34
3872.945 32
3873.087 24
3873.229 25
3873.372 24
3873.514 18
3873.656 18
3873.798 19
3873.940 19
3874.082 25
3874.225 30
3874.367 33
3874.509 34
3874.651 39
3874.793 43
3874.936 39
3875.078 35
3875.220 28
3875.362 22
3875.504 22
3875.647 24
3875.789 27
3875.931 28
3876.073 29
3876.215 29
3876.358 29
3876.500 31
3876.642 29
3876.784 27
3876.927 26
3877.069 27
3877.211 25
3877.353 29
3877.495 30
3877.638 31
3877.780 31
3877.922 29
3878.064 25
3878.207 21
3878.349 25
3878.491 25
3878.634 25
3878.776 25
3878.918 27
3879.060 28
3879.203 26
3879.345 22
3879.487 20
3879.629 22
3879.772 26
3879.914 28
3880.056 27
3880.199 25
3880.341 25
3880.483 22
3880.625 19
3880.768 20
3880.910 24
3881.052 30
3881.195 28
3881.337 27
3881.479 27
3881.622 23
3881.764 26
3881.906 25
3882.049 23
3882.191 23
3882.333 22
3882.476 25
3882.618 29
3882.760 34
3882.903 36
3883.045 36
3883.187 33
3883.330 30
3883.472 25
3883.614 24
3883.757 26
3883.899 25
3884.041 29
3884.184 28
3884.326 27
3884.469 29
3884.611 22
3884.753 22
3884.896 22
3885.038 28
3885.180 33
3885.323 38
3885.465 38
3885.608 41
3885.750 42
3885.892 40
3886.035 37
3886.177 32
3886.320 32
3886.462 32
3886.604 34
3886.747 38
3886.889 38
3887.032 38
3887.174 43
3887.317 45
3887.459 46
3887.601 46
3887.744 43
3887.886 45
3888.029 41
3888.171 36
3888.314 34
3888.456 21
3888.598 20
3888.741 20
3888.883 20
3889.026 24
3889.168 26
3889.311 31
3889.453 31
3889.596 39
3889.738 43
3889.881 43
3890.023 43
3890.166 39
3890.308 40
3890.451 38
3890.593 38
3890.736 33
3890.878 30
3891.021 32
3891.163 30
3891.305 39
3891.448 39
3891.591 37
3891.733 33
3891.876 31
3892.018 28
3892.161 28
3892.303 25
3892.446 24
3892.588 28
3892.731 28
3892.873 31
3893.016 39
3893.158 41
3893.301 44
3893.443 48
3893.586 46
3893.728 47
3893.871 48
3894.014 54
3894.156 55
3894.299 51
3894.441 47
3894.584 41
3894.726 43
3894.869 41
3895.011 40
3895.154 36
3895.297 30
3895.439 31
3895.582 36
3895.724 36
3895.867 40
3896.010 45
3896.152 45
3896.295 49
3896.437 47
3896.580 48
3896.722 45
3896.865 44
3897.008 43
3897.150 41
3897.293 40
3897.436 37
3897.578 44
3897.721 38
3897.863 38
3898.006 38
3898.149 32
3898.291 33
3898.434 32
3898.577 31
3898.719 28
3898.862 31
3899.004 33
3899.147 33
3899.290 37
3899.432 40
3899.575 43
3899.718 46
3899.860 49
3900.003 45
3900.146 42
3900.288 38
3900.431 30
3900.574 32
3900.716 29
3900.859 26
3901.002 25
3901.144 27
3901.287 26
3901.430 23
3901.573 26
3901.715 21
3901.858 20
3902.001 18
3902.143 13
3902.286 12
3902.429 13
3902.571 16
3902.714 18
3902.857 23
3903.000 26
3903.142 26
3903.285 31
3903.428 37
3903.571 34
3903.713 32
3903.856 30
3903.999 31
3904.141 31
3904.284 37
3904.427 36
3904.570 35
3904.712 28
3904.855 22
3904.998 16
3905.141 17
3905.284 19
3905.426 23
3905.569 23
3905.712 21
3905.855 19
3905.997 16
3906.140 20
3906.283 22
3906.426 24
3906.569 28
3906.711 30
3906.854 32
3906.997 32
3907.140 34
3907.282 28
3907.425 31
3907.568 30
3907.711 28
3907.854 25
3907.997 29
3908.139 29
3908.282 28
3908.425 33
3908.568 33
3908.711 37
3908.853 43
3908.996 42
3909.139 39
3909.282 38
3909.425 28
3909.568 27
3909.711 29
3909.853 29
3909.996 29
3910.139 25
3910.282 32
3910.425 32
3910.568 34
3910.710 33
3910.853 36
3910.996 44
3911.139 50
3911.282 63
3911.425 63
3911.568 68
3911.711 71
3911.854 71
3911.996 71
3912.139 71
3912.282 74
3912.425 69
3912.568 67
3912.711 64
3912.854 63
3912.997 63
3913.140 58
3913.283 54
3913.425 49
3913.568 42
3913.711 41
3913.854 44
3913.997 44
3914.140 38
3914.283 34
3914.426 33
3914.569 29
3914.712 23
3914.855 24
3914.998 25
3915.141 28
3915.284 36
3915.427 36
3915.570 34
3915.712 30
3915.855 30
3915.998 31
3916.141 33
3916.284 39
3916.427 38
3916.570 43
3916.713 44
3916.856 42
3916.999 43
3917.142 41
3917.285 47
3917.428 49
3917.571 52
3917.714 44
3917.857 39
3918.000 38
3918.143 35
3918.286 39
3918.429 38
3918.572 41
3918.715 44
3918.858 41
3919.001 42
3919.144 41
3919.287 41
3919.430 47
3919.573 47
3919.716 45
3919.859 43
3920.002 40
3920.146 37
3920.289 38
3920.432 31
3920.575 29
3920.718 29
3920.861 25
3921.004 28
3921.147 32
3921.290 36
3921.433 42
3921.576 48
3921.719 48
3921.862 47
3922.005 42
3922.148 34
3922.291 31
3922.435 27
3922.578 24
3922.721 18
3922.864 15
3923.007 15
3923.150 16
3923.293 13
3923.436 13
3923.579 16
3923.722 18
3923.866 22
3924.009 21
3924.152 18
3924.295 18
3924.438 17
3924.581 20
3924.724 23
3924.867 27
3925.011 30
3925.154 30
3925.297 30
3925.440 28
3925.583 26
3925.726 26
3925.869 29
3926.013 30
3926.156 38
3926.299 48
3926.442 53
3926.585 59
3926.728 68
3926.872 61
3927.015 54
3927.158 46
3927.301 40
3927.444 37
3927.587 34
3927.731 32
3927.874 26
3928.017 27
3928.160 30
3928.303 32
3928.447 43
3928.590 42
3928.733 45
3928.876 47
3929.019 52
3929.163 50
3929.306 44
3929.449 43
3929.592 42
3929.735 39
3929.879 37
3930.022 34
3930.165 31
3930.308 30
3930.452 28
3930.595 26
3930.738 17
3930.881 18
3931.025 24
3931.168 26
3931.311 29
3931.454 33
3931.598 31
3931.741 30
3931.884 30
3932.027 31
3932.171 32
3932.314 31
3932.457 30
3932.600 30
3932.744 35
3932.887 40
3933.030 43
3933.174 38
3933.317 40
3933.460 40
3933.603 33
3933.747 36
3933.890 32
3934.033 34
3934.177 33
3934.320 34
3934.463 35
3934.607 37
3934.750 34
3934.893 28
3935.037 27
3935.180 26
3935.323 25
3935.467 26
3935.610 27
3935.753 29
3935.897 30
3936.040 35
3936.183 40
3936.327 39
3936.470 40
3936.613 38
3936.757 36
3936.900 34
3937.043 38
3937.187 35
3937.330 32
3937.473 33
3937.617 33
3937.760 33
3937.904 34
3938.047 31
3938.190 37
3938.334 34
3938.477 33
3938.620 33
3938.764 28
3938.907 28
3939.051 27
3939.194 23
3939.337 15
3939.481 15
3939.624 19
3939.768 21
3939.911 24
3940.055 24
3940.198 23
3940.341 23
3940.485 28
3940.628 32
3940.772 33
3940.915 38
3941.058 44
3941.202 44
3941.345 47
3941.489 51
3941.632 51
3941.776 52
3941.919 45
3942.063 37
3942.206 27
3942.350 24
3942.493 25
3942.636 27
3942.780 31
3942.923 33
3943.067 34
3943.210 34
3943.354 32
3943.497 33
3943.641 31
3943.784 27
3943.928 31
3944.071 33
3944.215 37
3944.358 42
3944.502 50
3944.645 51
3944.789 49
3944.932 49
3945.076 45
3945.219 43
3945.363 41
3945.506 32
3945.650 28
3945.793 28
3945.937 29
3946.080 30
3946.224 25
3946.367 30
3946.511 31
3946.655 32
3946.798 30
3946.942 26
3947.085 27
3947.229 29
3947.372 25
3947.516 27
3947.659 23
3947.803 22
3947.946 20
3948.090 21
3948.234 21
3948.377 22
3948.521 18
3948.664 17
3948.808 16
3948.952 16
3949.095 19
3949.239 19
3949.382 20
3949.526 21
3949.669 21
3949.813 26
3949.957 30
3950.100 30
3950.244 36
3950.387 32
3950.531 30
3950.675 29
3950.818 31
3950.962 27
3951.106 27
3951.249 27
3951.393 21
3951.536 20
3951.680 24
3951.824 22
3951.967 25
3952.111 26
3952.255 24
3952.398 24
3952.542 21
3952.686 20
3952.829 20
3952.973 19
3953.117 16
3953.260 15
3953.404 17
3953.548 20
3953.691 28
3953.835 34
3953.979 35
3954.122 39
3954.266 43
3954.410 40
3954.553 41
3954.697 42
3954.841 39
3954.984 37
3955.128 31
3955.272 26
3955.415 20
3955.559 16
3955.703 16
3955.847 17
3955.990 20
3956.134 21
3956.278 20
3956.421 20
3956.565 23
3956.709 19
3956.853 19
3956.996 20
3957.140 22
3957.284 22
3957.428 21
3957.571 17
3957.715 18
3957.859 15
3958.003 13
3958.146 14
3958.290 11
3958.434 16
3958.578 18
3958.721 17
3958.865 21
3959.009 19
3959.153 19
3959.296 20
3959.440 17
3959.584 17
3959.728 17
3959.872 16
3960.015 11
3960.159 12
3960.303 13
3960.447 12
3960.591 14
3960.734 16
3960.878 15
3961.022 19
3961.166 24
3961.310 28
3961.453 32
3961.597 37
3961.741 43
3961.885 38
3962.029 36
3962.173 36
3962.316 30
3962.460 30
3962.604 34
3962.748 32
3962.892 30
3963.036 36
3963.179 37
3963.323 36
3963.467 34
3963.611 38
3963.755 35
3963.899 35
3964.043 34
3964.186 24
3964.330 23
3964.474 21
3964.618 20
3964.762 22
3964.906 21
3965.050 22
3965.194 22
3965.337 22
3965.481 23
3965.625 22
3965.769 27
3965.913 29
3966.057 30
3966.201 31
3966.345 37
3966.489 32
3966.633 30
3966.776 30
3966.920 26
3967.064 28
3967.208 28
3967.352 32
3967.496 33
3967.640 31
3967.784 31
3967.928 33
3968.072 32
3968.216 35
3968.360 36
3968.504 36
3968.648 29
3968.792 29
3968.936 29
3969.079 26
3969.223 23
3969.367 23
3969.511 26
3969.655 25
3969.799 28
3969.943 31
3970.087 28
3970.231 26
3970.375 26
3970.519 24
3970.663 25
3970.807 26
3970.951 24
3971.095 23
3971.239 27
3971.383 30
3971.527 31
3971.671 31
3971.815 28
3971.959 30
3972.103 24
3972.247 25
3972.391 25
3972.535 23
3972.679 21
3972.823 26
3972.967 25
3973.111 21
3973.255 15
3973.399 14
3973.543 17
3973.688 19
3973.832 22
3973.976 29
3974.120 33
3974.264 36
3974.408 44
3974.552 42
3974.696 38
3974.840 37
3974.984 36
3975.128 31
3975.272 30
3975.416 28
3975.560 21
3975.704 24
3975.849 24
3975.993 24
3976.137 24
3976.281 22
3976.425 23
3976.569 25
3976.713 28
3976.857 29
3977.001 30
3977.145 29
3977.290 31
3977.434 29
3977.578 25
3977.722 22
3977.866 20
3978.010 19
3978.154 20
3978.298 20
3978.442 26
3978.587 28
3978.731 29
3978.875 31
3979.019 32
3979.163 34
3979.307 36
3979.451 40
3979.596 39
3979.740 40
3979.884 40
3980.028 37
3980.172 33
3980.316 32
3980.461 30
3980.605 28
3980.749 32
3980.893 39
3981.037 39
3981.182 40
3981.326 42
3981.470 39
3981.614 38
3981.758 38
3981.902 32
3982.047 26
3982.191 24
3982.335 20
3982.479 17
3982.623 13
3982.768 14
3982.912 12
3983.056 17
3983.200 20
3983.345 21
3983.489 22
3983.633 27
3983.777 27
3983.922 29
3984.066 30
3984.210 28
3984.354 28
3984.498 26
3984.643 25
3984.787 25
3984.931 23
3985.075 23
3985.220 23
3985.364 25
3985.508 29
3985.653 31
3985.797 32
3985.941 31
3986.085 29
3986.230 29
3986.374 30
3986.518 27
3986.662 25
3986.807 24
3986.951 18
3987.095 20
3987.240 24
3987.384 26
3987.528 30
3987.673 36
3987.817 34
3987.961 32
3988.105 29
3988.250 32
3988.394 36
3988.538 39
3988.683 42
3988.827 42
3988.971 41
3989.116 40
3989.260 40
3989.404 31
3989.549 30
3989.693 29
3989.837 26
3989.982 27
3990.126 27
3990.270 30
3990.415 30
3990.559 32
3990.704 34
3990.848 37
3990.992 38
3991.137 43
3991.281 44
3991.425 42
3991.570 44
3991.714 41
3991.859 44
3992.003 43
3992.147 43
3992.292 39
3992.436 42
3992.580 42
3992.725 42
3992.869 47
3993.014 51
3993.158 51
3993.303 49
3993.447 45
3993.591 39
3993.736 43
3993.880 43
3994.025 45
3994.169 47
3994.313 45
3994.458 51
3994.602 53
3994.747 52
3994.891 53
3995.036 52
3995.180 55
3995.325 59
3995.469 57
3995.613 56
3995.758 55
3995.902 56
3996.047 52
3996.191 45
3996.336 41
3996.480 38
3996.625 32
3996.769 31
3996.914 28
3997.058 27
3997.203 28
3997.347 28
3997.492 30
3997.636 29
3997.781 28
3997.925 27
3998.070 25
3998.214 31
3998.359 34
3998.503 39
3998.648 38
3998.792 37
3998.937 38
3999.081 38
3999.226 43
3999.370 39
3999.515 37
3999.659 35
3999.804 32
3999.948 37
4000.093 38
4000.237 41
4000.382 48
4000.526 48
4000.671 47
4000.815 48
4000.960 42
4001.105 36
4001.249 36
4001.394 31
4001.538 29
4001.683 29
4001.827 31
4001.972 28
4002.117 28
4002.261 28
4002.406 26
4002.550 25
4002.695 25
4002.839 25
4002.984 25
4003.129 24
4003.273 21
4003.418 20
4003.562 18
4003.707 17
4003.852 14
4003.996 15
4004.141 17
4004.285 16
4004.430 19
4004.575 19
4004.719 20
4004.864 18
4005.009 17
4005.153 18
4005.298 18
4005.442 20
4005.587 22
4005.732 24
4005.876 25
4006.021 28
4006.166 34
4006.310 31
4006.455 32
4006.600 30
4006.744 28
4006.889 30
4007.034 35
4007.178 40
4007.323 46
4007.468 45
4007.612 40
4007.757 35
4007.902 27
4008.046 25
4008.191 24
4008.336 28
