mz,abundance
700.03,1
700.089,0
700.149,0
700.208,0
700.268,0
700.327,1
700.387,1
700.446,1
700.506,1
700.565,0
700.625,0
700.685,0
700.744,1
700.804,1
700.863,2
700.923,3
700.982,2
701.042,2
701.101,1
701.161,0
701.22,0
701.28,1
701.339,1
701.399,1
701.458,2
701.518,1
701.578,1
701.637,2
701.697,1
701.756,1
701.816,1
701.875,4
701.935,6
701.995,6
702.054,8
702.114,7
702.173,7
702.233,10
702.292,11
702.352,13
702.412,14
702.471,12
702.531,9
702.59,4
702.65,2
702.71,1
702.769,1
702.829,1
702.888,0
702.948,0
703.008,0
703.067,1
703.127,1
703.187,1
703.246,1
703.306,0
703.365,0
703.425,0
703.485,0
703.544,0
703.604,0
703.664,0
703.723,0
703.783,0
703.843,0
703.902,1
703.962,1
704.022,1
704.081,1
704.141,1
704.201,1
704.26,1
704.32,2
704.38,2
704.439,2
704.499,4
704.559,3
704.618,5
704.678,5
704.738,6
704.797,8
704.857,5
704.917,5
704.977,2
705.036,1
705.096,1
705.156,1
705.215,2
705.275,1
705.335,2
705.395,2
705.454,1
705.514,1
705.574,0
705.633,0
705.693,0
705.753,0
705.813,1
705.872,3
705.932,3
705.992,4
706.052,5
706.111,5
706.171,8
706.231,8
706.291,7
706.35,6
706.41,4
706.47,4
706.53,4
706.589,4
706.649,0
706.709,0
706.769,0
706.829,0
706.888,1
706.948,1
707.008,1
707.068,1
707.128,0
707.187,0
707.247,1
707.307,1
707.367,1
707.427,1
707.486,3
707.546,3
707.606,4
707.666,4
707.726,4
707.785,4
707.845,3
707.905,4
707.965,1
708.025,1
708.085,1
708.144,1
708.204,1
708.264,1
708.324,1
708.384,0
708.444,2
708.504,2
708.563,5
708.623,5
708.683,3
708.743,3
708.803,0
708.863,0
708.923,0
708.982,0
709.042,0
709.102,0
709.162,0
709.222,0
709.282,0
709.342,2
709.402,2
709.462,2
709.521,2
709.581,1
709.641,1
709.701,2
709.761,3
709.821,3
709.881,5
709.941,5
710.001,5
710.061,5
710.121,5
710.18,5
710.24,4
710.3,3
710.36,2
710.42,1
710.48,1
710.54,1
710.6,4
710.66,6
710.72,7
710.78,7
710.84,3
710.9,1
710.96,1
711.02,4
711.08,4
711.14,4
711.2,4
711.26,1
711.32,1
711.38,4
711.439,3
711.499,4
711.559,4
711.619,4
711.679,4
711.739,3
711.799,3
711.859,0
711.919,5
711.979,5
712.039,5
712.099,5
712.159,3
712.219,3
712.279,3
712.339,3
712.4,0
712.46,3
712.52,5
712.58,6
712.64,10
712.7,7
712.76,5
712.82,4
712.88,0
712.94,0
713,1
713.06,1
713.12,1
713.18,1
713.24,0
713.3,0
713.36,2
713.42,2
713.48,5
713.54,5
713.6,6
713.661,6
713.721,3
713.781,4
713.841,5
713.901,4
713.961,3
714.021,1
714.081,0
714.141,0
714.201,0
714.261,1
714.322,2
714.382,3
714.442,4
714.502,4
714.562,5
714.622,5
714.682,5
714.742,5
714.802,4
714.863,3
714.923,2
714.983,1
715.043,3
715.103,3
715.163,3
715.223,3
715.284,1
715.344,2
715.404,2
715.464,2
715.524,3
715.584,2
715.644,3
715.705,3
715.765,1
715.825,1
715.885,0
715.945,0
716.005,3
716.066,3
716.126,3
716.186,3
716.246,3
716.306,4
716.367,5
716.427,9
716.487,6
716.547,8
716.607,7
716.668,3
716.728,3
716.788,0
716.848,0
716.908,0
716.969,0
717.029,0
717.089,0
717.149,0
717.209,0
717.27,0
717.33,0
717.39,0
717.45,0
717.511,0
717.571,0
717.631,0
717.691,2
717.752,2
717.812,2
717.872,2
717.932,2
717.993,2
718.053,2
718.113,2
718.173,0
718.234,0
718.294,0
718.354,0
718.414,0
718.475,0
718.535,1
718.595,1
718.656,1
718.716,1
718.776,1
718.837,1
718.897,1
718.957,2
719.017,2
719.078,3
719.138,5
719.198,4
719.259,3
719.319,2
719.379,0
719.44,1
719.5,2
719.56,3
719.621,5
719.681,5
719.741,5
719.802,6
719.862,4
719.922,4
719.983,5
720.043,4
720.103,1
720.164,1
720.224,1
720.284,1
720.345,1
720.405,1
720.465,0
720.526,0
720.586,1
720.647,1
720.707,3
720.767,4
720.828,3
720.888,3
720.948,1
721.009,0
721.069,0
721.13,0
721.19,0
721.25,0
721.311,0
721.371,0
721.432,0
721.492,2
721.552,2
721.613,2
721.673,2
721.734,1
721.794,1
721.855,1
721.915,1
721.975,0
722.036,0
722.096,0
722.157,2
722.217,2
722.278,4
722.338,8
722.398,9
722.459,9
722.519,8
722.58,8
722.64,4
722.701,3
722.761,1
722.822,0
722.882,0
722.943,1
723.003,1
723.064,4
723.124,4
723.184,3
723.245,5
723.305,3
723.366,3
723.426,3
723.487,4
723.547,3
723.608,4
723.668,5
723.729,3
723.789,4
723.85,3
723.91,3
723.971,3
724.031,2
724.092,2
724.152,2
724.213,1
724.274,1
724.334,1
724.395,0
724.455,4
724.516,5
724.576,6
724.637,8
724.697,6
724.758,5
724.818,4
724.879,2
724.939,0
725,0
725.061,0
725.121,0
725.182,1
725.242,1
725.303,1
725.363,1
725.424,0
725.485,0
725.545,0
725.606,0
725.666,1
725.727,2
725.787,4
725.848,5
725.909,5
725.969,5
726.03,5
726.09,5
726.151,6
726.212,4
726.272,3
726.333,3
726.394,6
726.454,4
726.515,6
726.575,6
726.636,4
726.697,4
726.757,3
726.818,3
726.879,1
726.939,2
727,2
727.06,3
727.121,4
727.182,4
727.242,4
727.303,4
727.364,2
727.424,2
727.485,2
727.546,4
727.606,4
727.667,4
727.728,4
727.788,2
727.849,0
727.91,0
727.97,1
728.031,1
728.092,1
728.152,3
728.213,3
728.274,3
728.335,3
728.395,2
728.456,1
728.517,1
728.577,1
728.638,0
728.699,0
728.76,1
728.82,2
728.881,2
728.942,3
729.002,2
729.063,4
729.124,4
729.185,3
729.245,3
729.306,0
729.367,0
729.428,0
729.488,0
729.549,0
729.61,0
729.671,0
729.731,0
729.792,1
729.853,1
729.914,1
729.974,1
730.035,0
730.096,0
730.157,1
730.217,2
730.278,2
730.339,2
730.4,2
730.461,1
730.521,3
730.582,3
730.643,2
730.704,2
730.765,5
730.825,5
730.886,5
730.947,5
731.008,0
731.069,0
731.129,0
731.19,0
731.251,1
731.312,1
731.373,1
731.434,1
731.494,0
731.555,0
731.616,2
731.677,5
731.738,6
731.799,6
731.859,6
731.92,3
731.981,4
732.042,4
732.103,2
732.164,2
732.225,2
732.285,3
732.346,4
732.407,6
732.468,5
732.529,4
732.59,3
732.651,1
732.712,0
732.772,0
732.833,0
732.894,1
732.955,1
733.016,1
733.077,2
733.138,1
733.199,2
733.26,3
733.32,4
733.381,4
733.442,7
733.503,6
733.564,5
733.625,5
733.686,3
733.747,3
733.808,3
733.869,3
733.93,1
733.991,1
734.052,2
734.113,3
734.173,3
734.234,3
734.295,1
734.356,0
734.417,0
734.478,0
734.539,1
734.6,1
734.661,3
734.722,3
734.783,5
734.844,7
734.905,5
734.966,7
735.027,4
735.088,2
735.149,2
735.21,1
735.271,1
735.332,1
735.393,1
735.454,1
735.515,2
735.576,3
735.637,5
735.698,4
735.759,3
735.82,3
735.881,2
735.942,3
736.003,3
736.064,2
736.125,1
736.186,4
736.247,4
736.308,4
736.369,8
736.43,5
736.491,6
736.552,7
736.613,7
736.674,7
736.735,7
736.796,4
736.858,1
736.919,1
736.98,1
737.041,0
737.102,0
737.163,0
737.224,0
737.285,0
737.346,1
737.407,1
737.468,1
737.529,1
737.59,2
737.651,2
737.713,2
737.774,2
737.835,0
737.896,0
737.957,0
738.018,0
738.079,0
738.14,0
738.201,0
738.263,0
738.324,0
738.385,2
738.446,3
738.507,4
738.568,5
738.629,8
738.69,9
738.752,8
738.813,7
738.874,3
738.935,3
738.996,4
739.057,6
739.118,8
739.18,7
739.241,7
739.302,5
739.363,2
739.424,1
739.485,4
739.547,4
739.608,4
739.669,5
739.73,1
739.791,1
739.852,2
739.914,1
739.975,1
740.036,2
740.097,2
740.158,2
740.22,2
740.281,1
740.342,0
740.403,0
740.464,1
740.526,1
740.587,2
740.648,6
740.709,6
740.77,8
740.832,8
740.893,5
740.954,5
741.015,1
741.077,2
741.138,2
741.199,2
741.26,1
741.322,0
741.383,0
741.444,0
741.505,0
741.567,0
741.628,0
741.689,0
741.75,0
741.812,0
741.873,0
741.934,0
741.995,0
742.057,0
742.118,0
742.179,0
742.241,0
742.302,1
742.363,1
742.424,2
742.486,5
742.547,4
742.608,4
742.67,4
742.731,3
742.792,3
742.853,3
742.915,2
742.976,0
743.037,0
743.099,0
743.16,0
743.221,0
743.283,2
743.344,3
743.405,4
743.467,5
743.528,5
743.589,5
743.651,5
743.712,5
743.773,2
743.835,2
743.896,2
743.957,2
744.019,0
744.08,0
744.142,0
744.203,0
744.264,0
744.326,0
744.387,0
744.448,4
744.51,4
744.571,4
744.633,5
744.694,5
744.755,5
744.817,5
744.878,3
744.939,2
745.001,1
745.062,1
745.124,1
745.185,1
745.247,1
745.308,3
745.369,3
745.431,3
745.492,4
745.554,1
745.615,1
745.676,1
745.738,1
745.799,1
745.861,1
745.922,1
745.984,1
746.045,1
746.106,1
746.168,2
746.229,1
746.291,1
746.352,4
746.414,8
746.475,8
746.537,8
746.598,11
746.66,8
746.721,8
746.783,8
746.844,2
746.905,0
746.967,0
747.028,0
747.09,0
747.151,0
747.213,0
747.274,0
747.336,0
747.397,2
747.459,4
747.52,4
747.582,4
747.643,3
747.705,1
747.766,1
747.828,2
747.889,1
747.951,3
748.013,3
748.074,6
748.136,7
748.197,7
748.259,7
748.32,3
748.382,3
748.443,1
748.505,3
748.566,3
748.628,2
748.689,3
748.751,1
748.813,1
748.874,2
748.936,1
748.997,1
749.059,1
749.12,4
749.182,3
749.244,2
749.305,2
749.367,1
749.428,1
749.49,1
749.551,0
749.613,2
749.675,2
749.736,2
749.798,2
749.859,1
749.921,3
749.983,5
750.044,6
750.106,7
750.167,6
750.229,6
750.291,6
750.352,3
750.414,3
750.476,2
750.537,5
750.599,4
750.66,5
750.722,5
750.784,2
750.845,1
750.907,0
750.969,0
751.03,0
751.092,0
751.154,1
751.215,1
751.277,1
751.339,3
751.4,2
751.462,2
751.524,2
751.585,1
751.647,1
751.709,1
751.77,1
751.832,0
751.894,1
751.955,4
752.017,4
752.079,4
752.14,3
752.202,4
752.264,3
752.326,2
752.387,1
752.449,1
752.511,1
752.572,2
752.634,4
752.696,4
752.758,4
752.819,3
752.881,2
752.943,1
753.004,1
753.066,1
753.128,2
753.19,2
753.251,3
753.313,3
753.375,1
753.437,2
753.498,1
753.56,4
753.622,4
753.684,3
753.745,4
753.807,3
753.869,4
753.931,8
753.993,7
754.054,5
754.116,4
754.178,0
754.24,0
754.301,2
754.363,2
754.425,2
754.487,3
754.549,1
754.61,1
754.672,1
754.734,0
754.796,0
754.858,0
754.919,0
754.981,0
755.043,0
755.105,0
755.167,2
755.228,2
755.29,2
755.352,3
755.414,1
755.476,1
755.538,1
755.599,0
755.661,1
755.723,1
755.785,1
755.847,2
755.909,3
755.971,4
756.032,6
756.094,6
756.156,5
756.218,4
756.28,2
756.342,1
756.404,0
756.466,0
756.527,0
756.589,0
756.651,0
756.713,0
756.775,1
756.837,2
756.899,2
756.961,2
757.022,1
757.084,0
757.146,1
757.208,1
757.27,2
757.332,2
757.394,1
757.456,1
757.518,1
757.58,2
757.642,4
757.704,5
757.765,6
757.827,5
757.889,3
757.951,2
758.013,0
758.075,0
758.137,0
758.199,2
758.261,2
758.323,2
758.385,3
758.447,1
758.509,1
758.571,2
758.633,1
758.695,1
758.757,1
758.819,1
758.881,1
758.943,1
759.005,2
759.067,3
759.129,4
759.191,5
759.253,5
759.315,3
759.377,2
759.439,1
759.501,0
759.563,3
759.625,3
759.687,4
759.749,4
759.811,5
759.873,5
759.935,7
759.997,7
760.059,3
760.121,3
760.183,0
760.245,2
760.307,3
760.369,4
760.431,6
760.493,7
760.555,7
760.617,6
760.679,4
760.741,3
760.803,3
760.865,4
760.927,5
760.989,3
761.051,2
761.113,1
761.176,0
761.238,0
761.3,0
761.362,2
761.424,2
761.486,3
761.548,4
761.61,4
761.672,4
761.734,7
761.796,7
761.858,5
761.921,5
761.983,2
762.045,2
762.107,2
762.169,2
762.231,1
762.293,0
762.355,0
762.417,0
762.48,0
762.542,0
762.604,0
762.666,0
762.728,0
762.79,1
762.852,1
762.915,1
762.977,2
763.039,1
763.101,1
763.163,1
763.225,0
763.287,1
763.35,2
763.412,3
763.474,5
763.536,5
763.598,4
763.66,3
763.723,2
763.785,1
763.847,1
763.909,1
763.971,1
764.034,1
764.096,1
764.158,1
764.22,1
764.282,1
764.345,1
764.407,1
764.469,1
764.531,3
764.593,3
764.656,3
764.718,4
764.78,2
764.842,2
764.904,2
764.967,2
765.029,2
765.091,3
765.153,3
765.216,1
765.278,2
765.34,4
765.402,4
765.465,4
765.527,3
765.589,0
765.651,2
765.714,2
765.776,2
765.838,2
765.9,0
765.963,0
766.025,0
766.087,0
766.149,0
766.212,0
766.274,1
766.336,2
766.399,3
766.461,5
766.523,5
766.585,6
766.648,6
766.71,4
766.772,4
766.835,3
766.897,3
766.959,0
767.022,0
767.084,0
767.146,0
767.209,0
767.271,0
767.333,1
767.396,1
767.458,1
767.52,2
767.583,1
767.645,2
767.707,2
767.77,1
767.832,1
767.894,0
767.957,0
768.019,0
768.081,0
768.144,0
768.206,0
768.268,0
768.331,0
768.393,0
768.455,1
768.518,1
768.58,1
768.643,1
768.705,2
768.767,2
768.83,2
768.892,2
768.955,1
769.017,1
769.079,5
769.142,5
769.204,5
769.267,5
769.329,5
769.391,6
769.454,10
769.516,10
769.579,11
769.641,9
769.703,8
769.766,7
769.828,2
769.891,2
769.953,1
770.016,1
770.078,0
770.14,0
770.203,0
770.265,0
770.328,0
770.39,0
770.453,1
770.515,1
770.578,1
770.64,1
770.703,3
770.765,3
770.827,3
770.89,3
770.952,4
771.015,4
771.077,4
771.14,4
771.202,5
771.265,5
771.327,6
771.39,6
771.452,6
771.515,6
771.577,6
771.64,6
771.702,6
771.765,6
771.827,6
771.89,7
771.952,3
772.015,3
772.077,2
772.14,1
772.202,1
772.265,1
772.327,1
772.39,2
772.453,4
772.515,4
772.578,4
772.64,3
772.703,3
772.765,4
772.828,4
772.89,4
772.953,3
773.015,3
773.078,3
773.141,3
773.203,1
773.266,0
773.328,0
773.391,0
773.453,1
773.516,1
773.579,1
773.641,1
773.704,0
773.766,0
773.829,1
773.892,1
773.954,1
774.017,1
774.079,0
774.142,1
774.205,1
774.267,1
774.33,1
774.392,0
774.455,0
774.518,0
774.58,0
774.643,1
774.706,1
774.768,1
774.831,1
774.893,0
774.956,0
775.019,0
775.081,0
775.144,0
775.207,0
775.269,0
775.332,0
775.395,0
775.457,0
775.52,0
775.583,0
775.645,0
775.708,0
775.771,0
775.833,0
775.896,0
775.959,1
776.021,1
776.084,1
776.147,1
776.209,0
776.272,0
776.335,0
776.397,0
776.46,0
776.523,0
776.586,0
776.648,0
776.711,0
776.774,0
776.836,1
776.899,1
776.962,2
777.025,2
777.087,1
777.15,1
777.213,1
777.275,1
777.338,2
777.401,3
777.464,3
777.526,4
777.589,4
777.652,4
777.715,7
777.777,6
777.84,6
777.903,6
777.966,4
778.028,1
778.091,1
778.154,1
778.217,1
778.28,1
778.342,1
778.405,1
778.468,3
778.531,4
778.593,4
778.656,6
778.719,5
778.782,4
778.845,4
778.907,2
778.97,0
779.033,1
779.096,2
779.159,2
779.221,2
779.284,3
779.347,2
779.41,2
779.473,2
779.536,0
779.598,0
779.661,0
779.724,0
779.787,0
779.85,0
779.913,0
779.975,1
780.038,1
780.101,1
780.164,1
780.227,0
780.29,0
780.353,0
780.415,1
780.478,6
780.541,7
780.604,8
780.667,7
780.73,5
780.793,4
780.855,3
780.918,3
780.981,0
781.044,0
781.107,0
781.17,0
781.233,0
781.296,0
781.359,1
781.422,1
781.484,4
781.547,5
781.61,4
781.673,4
781.736,2
781.799,1
781.862,1
781.925,2
781.988,5
782.051,5
782.114,5
782.177,4
782.239,3
782.302,3
782.365,3
782.428,3
782.491,0
782.554,0
782.617,0
782.68,0
782.743,3
782.806,3
782.869,4
782.932,4
782.995,7
783.058,7
783.121,10
783.184,10
783.247,4
783.31,4
783.373,3
783.436,3
783.499,4
783.562,4
783.625,4
783.688,4
783.751,3
783.814,4
783.877,1
783.94,1
784.003,2
784.066,2
784.129,2
784.192,2
784.255,1
784.318,0
784.381,0
784.444,0
784.507,1
784.57,1
784.633,1
784.696,1
784.759,0
784.822,0
784.885,0
784.948,0
785.011,2
785.074,2
785.137,2
785.2,2
785.263,5
785.326,5
785.39,5
785.453,5
785.516,3
785.579,3
785.642,3
785.705,3
785.768,0
785.831,0
785.894,0
785.957,0
786.02,0
786.083,0
786.147,0
786.21,0
786.273,1
786.336,1
786.399,1
786.462,3
786.525,2
786.588,2
786.651,2
786.714,2
786.778,2
786.841,2
786.904,2
786.967,0
787.03,0
787.093,0
787.156,0
787.22,0
787.283,0
787.346,0
787.409,1
787.472,1
787.535,2
787.598,2
787.662,2
787.725,2
787.788,1
787.851,1
787.914,0
787.977,0
788.041,0
788.104,0
788.167,0
788.23,1
788.293,2
788.356,4
788.42,5
788.483,5
788.546,6
788.609,7
788.672,6
788.736,8
788.799,6
788.862,3
788.925,3
788.988,0
789.052,0
789.115,0
789.178,0
789.241,0
789.305,0
789.368,0
789.431,0
789.494,0
789.557,0
789.621,1
789.684,2
789.747,3
789.81,4
789.874,4
789.937,4
790,4
790.063,3
790.127,3
790.19,3
790.253,3
790.316,1
790.38,1
790.443,1
790.506,1
790.57,1
790.633,1
790.696,1
790.759,1
790.823,1
790.886,1
790.949,2
791.013,2
791.076,2
791.139,2
791.202,2
791.266,2
791.329,1
791.392,3
791.456,6
791.519,12
791.582,15
791.646,17
791.709,17
791.772,13
791.836,9
791.899,6
791.962,4
792.026,4
792.089,3
792.152,0
792.216,0
792.279,0
792.342,1
792.406,1
792.469,1
792.532,1
792.596,0
792.659,2
792.722,2
792.786,3
792.849,5
792.913,5
792.976,6
793.039,5
793.103,3
793.166,3
793.229,3
793.293,4
793.356,6
793.42,7
793.483,7
793.546,7
793.61,5
793.673,3
793.737,3
793.8,3
793.863,0
793.927,0
793.99,0
794.054,1
794.117,1
794.18,1
794.244,1
794.307,1
794.371,2
794.434,4
794.498,5
794.561,6
794.624,5
794.688,4
794.751,3
794.815,3
794.878,3
794.942,2
795.005,2
795.069,0
795.132,0
795.196,0
795.259,0
795.322,1
795.386,1
795.449,1
795.513,3
795.576,2
795.64,2
795.703,3
795.767,4
795.83,4
795.894,4
795.957,3
796.021,0
796.084,2
796.148,2
796.211,2
796.275,2
796.338,2
796.402,2
796.465,3
796.529,5
796.592,4
796.656,7
796.719,7
796.783,6
796.846,6
796.91,2
796.974,2
797.037,2
797.101,2
797.164,0
797.228,1
797.291,1
797.355,1
797.418,1
797.482,1
797.545,1
797.609,1
797.673,3
797.736,3
797.8,4
797.863,4
797.927,2
797.99,2
798.054,1
798.118,1
798.181,1
798.245,2
798.308,2
798.372,2
798.436,2
798.499,0
798.563,2
798.626,2
798.69,2
798.754,2
798.817,0
798.881,0
798.944,0
799.008,0
799.072,0
799.135,0
799.199,0
799.262,0
799.326,1
799.39,1
799.453,1
799.517,1
799.581,1
799.644,1
799.708,2
799.772,2
799.835,1
799.899,1
799.963,0
800.026,0
800.09,2
800.154,2
800.217,2
800.281,2
800.345,4
800.408,4
800.472,5
800.536,6
800.599,6
800.663,5
800.727,3
800.79,1
800.854,1
800.918,1
800.981,3
801.045,5
801.109,4
801.173,4
801.236,3
801.3,2
801.364,2
801.427,2
801.491,1
801.555,0
801.619,0
801.682,0
801.746,0
801.81,0
801.873,0
801.937,0
802.001,1
802.065,1
802.128,1
802.192,1
802.256,0
802.32,1
802.383,1
802.447,2
802.511,2
802.575,1
802.638,1
802.702,2
802.766,2
802.83,2
802.893,2
802.957,0
803.021,0
803.085,0
803.149,0
803.212,0
803.276,0
803.34,1
803.404,4
803.468,5
803.531,6
803.595,6
803.659,5
803.723,5
803.787,7
803.85,6
803.914,4
803.978,3
804.042,0
804.106,0
804.169,1
804.233,2
804.297,4
804.361,7
804.425,7
804.489,7
804.552,7
804.616,5
804.68,4
804.744,3
804.808,1
804.872,2
804.936,2
804.999,2
805.063,3
805.127,1
805.191,1
805.255,1
805.319,0
805.383,0
805.447,0
805.51,0
805.574,0
805.638,0
805.702,1
805.766,1
805.83,1
805.894,1
805.958,1
806.022,1
806.085,1
806.149,2
806.213,1
806.277,1
806.341,2
806.405,1
806.469,1
806.533,1
806.597,0
806.661,0
806.725,0
806.789,0
806.852,0
806.916,0
806.98,0
807.044,0
807.108,0
807.172,1
807.236,2
807.3,2
807.364,2
807.428,1
807.492,1
807.556,3
807.62,4
807.684,8
807.748,7
807.812,5
807.876,4
807.94,0
808.004,0
808.068,1
808.132,2
808.196,3
808.26,5
808.324,6
808.388,5
808.452,4
808.516,2
808.58,0
808.644,0
808.708,1
808.772,1
808.836,1
808.9,1
808.964,1
809.028,1
809.092,1
809.156,2
809.22,1
809.284,1
809.348,1
809.412,0
809.476,0
809.54,0
809.604,0
809.668,0
809.732,0
809.796,0
809.86,0
809.924,0
809.988,0
810.052,0
810.116,0
810.181,0
810.245,0
810.309,0
810.373,0
810.437,2
810.501,3
810.565,3
810.629,3
810.693,4
810.757,3
810.821,3
810.885,3
810.95,0
811.014,0
811.078,0
811.142,0
811.206,0
811.27,0
811.334,0
811.398,1
811.462,1
811.527,2
811.591,2
811.655,1
811.719,2
811.783,5
811.847,4
811.911,3
811.975,4
812.04,3
812.104,3
812.168,3
812.232,0
812.296,0
812.36,0
812.424,0
812.489,1
812.553,3
812.617,3
812.681,4
812.745,3
812.809,1
812.874,2
812.938,2
813.002,2
813.066,2
813.13,1
813.195,0
813.259,0
813.323,0
813.387,0
813.451,0
813.516,1
813.58,1
813.644,1
813.708,1
813.772,1
813.837,1
813.901,2
813.965,3
814.029,3
814.093,3
814.158,2
814.222,1
814.286,0
814.35,0
814.415,0
814.479,0
814.543,0
814.607,1
814.672,1
814.736,2
814.8,4
814.864,3
814.929,4
814.993,3
815.057,2
815.121,2
815.186,1
815.25,2
815.314,1
815.378,1
815.443,2
815.507,1
815.571,1
815.636,2
815.7,1
815.764,1
815.828,1
815.893,0
815.957,0
816.021,0
816.086,1
816.15,1
816.214,1
816.279,1
816.343,1
816.407,2
816.472,4
816.536,5
816.6,5
816.664,4
816.729,4
816.793,3
816.857,2
816.922,2
816.986,0
817.05,0
817.115,0
817.179,0
817.244,0
817.308,0
817.372,4
817.437,5
817.501,5
817.565,5
817.63,1
817.694,0
817.758,1
817.823,1
817.887,1
817.952,1
818.016,0
818.08,0
818.145,0
818.209,0
818.273,0
818.338,0
818.402,0
818.467,1
818.531,1
818.595,2
818.66,6
818.724,5
818.789,5
818.853,4
818.918,2
818.982,2
819.046,2
819.111,2
819.175,0
819.24,0
819.304,0
819.369,0
819.433,0
819.497,0
819.562,0
819.626,0
819.691,1
819.755,1
819.82,1
819.884,1
819.949,0
820.013,0
820.077,0
820.142,0
820.206,1
820.271,1
820.335,1
820.4,1
820.464,3
820.529,3
820.593,3
820.658,3
820.722,1
820.787,1
820.851,5
820.916,5
820.98,4
821.045,4
821.109,0
821.174,0
821.238,1
821.303,1
821.367,1
821.432,1
821.496,0
821.561,1
821.625,1
821.69,5
821.754,5
821.819,4
821.883,4
821.948,1
822.013,1
822.077,1
822.142,1
822.206,1
822.271,1
822.335,2
822.4,3
822.464,3
822.529,4
822.593,5
822.658,4
822.723,3
822.787,3
822.852,1
822.916,1
822.981,1
823.046,0
823.11,0
823.175,1
823.239,1
823.304,1
823.368,1
823.433,0
823.498,0
823.562,1
823.627,1
823.691,1
823.756,1
823.821,1
823.885,1
823.95,1
824.015,1
824.079,0
824.144,1
824.208,1
824.273,2
824.338,2
824.402,1
824.467,1
824.532,0
824.596,0
824.661,0
824.726,0
824.79,0
824.855,1
824.919,2
824.984,3
825.049,4
825.113,7
825.178,6
825.243,6
825.307,5
825.372,1
825.437,3
825.501,2
825.566,2
825.631,5
825.696,3
825.76,3
825.825,3
825.89,0
825.954,0
826.019,0
826.084,1
826.148,2
826.213,3
826.278,5
826.343,5
826.407,5
826.472,5
826.537,5
826.601,6
826.666,8
826.731,7
826.796,5
826.86,3
826.925,0
826.99,0
827.055,0
827.119,0
827.184,1
827.249,1
827.314,1
827.378,1
827.443,0
827.508,0
827.573,1
827.637,1
827.702,1
827.767,1
827.832,1
827.896,1
827.961,2
828.026,3
828.091,3
828.156,5
828.22,9
828.285,8
828.35,7
828.415,5
828.479,1
828.544,1
828.609,1
828.674,1
828.739,0
828.804,0
828.868,0
828.933,0
828.998,0
829.063,0
829.128,0
829.192,0
829.257,0
829.322,0
829.387,0
829.452,0
829.517,0
829.581,0
829.646,0
829.711,0
829.776,0
829.841,0
829.906,1
829.971,2
830.035,3
830.1,3
830.165,2
830.23,1
830.295,0
830.36,0
830.425,1
830.489,1
830.554,2
830.619,2
830.684,4
830.749,4
830.814,4
830.879,4
830.944,1
831.009,1
831.073,0
831.138,0
831.203,0
831.268,0
831.333,0
831.398,2
831.463,2
831.528,2
831.593,2
831.658,0
831.723,0
831.788,0
831.852,1
831.917,1
831.982,1
832.047,1
832.112,0
832.177,0
832.242,0
832.307,0
832.372,0
832.437,0
832.502,1
832.567,2
832.632,2
832.697,2
832.762,3
832.827,2
832.892,2
832.957,2
833.022,1
833.087,1
833.152,1
833.217,1
833.282,1
833.347,1
833.412,1
833.477,1
833.542,0
833.607,0
833.672,0
833.737,0
833.802,0
833.867,0
833.932,0
833.997,0
834.062,0
834.127,0
834.192,0
834.257,1
834.322,1
834.387,1
834.452,2
834.517,1
834.582,1
834.647,1
834.712,0
834.777,0
834.842,0
834.907,0
834.972,0
835.037,0
835.102,0
835.167,0
835.232,0
835.297,0
835.363,1
835.428,2
835.493,3
835.558,5
835.623,6
835.688,6
835.753,8
835.818,4
835.883,4
835.948,4
836.013,2
836.078,1
836.144,0
836.209,0
836.274,0
836.339,0
836.404,0
836.469,1
836.534,1
836.599,1
836.664,1
836.73,1
836.795,1
836.86,1
836.925,1
836.99,1
837.055,1
837.12,3
837.186,3
837.251,2
837.316,2
837.381,0
837.446,0
837.511,0
837.576,1
837.642,1
837.707,3
837.772,5
837.837,4
837.902,4
837.967,3
838.033,1
838.098,3
838.163,3
838.228,2
838.293,2
838.359,1
838.424,2
838.489,3
838.554,7
838.619,8
838.685,8
838.75,8
838.815,8
838.88,6
838.945,5
839.011,4
839.076,0
839.141,0
839.206,0
839.271,0
839.337,1
839.402,1
839.467,1
839.532,1
839.598,0
839.663,0
839.728,0
839.793,1
839.859,1
839.924,1
839.989,1
840.054,0
840.12,0
840.185,0
840.25,0
840.315,1
840.381,2
840.446,2
840.511,2
840.576,3
840.642,4
840.707,4
840.772,4
840.838,2
840.903,0
840.968,2
841.033,3
841.099,4
841.164,5
841.229,6
841.295,7
841.36,7
841.425,7
841.491,5
841.556,4
841.621,4
841.687,2
841.752,3
841.817,3
841.883,3
841.948,3
842.013,3
842.078,4
842.144,5
842.209,5
842.275,4
842.34,3
842.405,3
842.471,2
842.536,3
842.601,3
842.667,2
842.732,1
842.797,0
842.863,0
842.928,0
842.993,1
843.059,1
843.124,1
843.19,1
843.255,0
843.32,0
843.386,0
843.451,0
843.517,1
843.582,2
843.647,2
843.713,2
843.778,1
843.844,0
843.909,0
843.974,1
844.04,2
844.105,2
844.171,2
844.236,1
844.301,0
844.367,0
844.432,1
844.498,3
844.563,3
844.629,3
844.694,2
844.759,4
844.825,3
844.89,2
844.956,3
845.021,2
845.087,2
845.152,2
845.218,2
845.283,2
845.349,3
845.414,4
845.479,5
845.545,7
845.61,7
845.676,9
845.741,7
845.807,7
845.872,7
845.938,3
846.003,3
846.069,2
846.134,2
846.2,1
846.265,1
846.331,1
846.396,1
846.462,0
846.527,1
846.593,2
846.658,4
846.724,7
846.789,6
846.855,5
846.92,3
846.986,2
847.051,3
847.117,3
847.183,3
847.248,2
847.314,1
847.379,1
847.445,1
847.51,0
847.576,0
847.641,0
847.707,0
847.772,0
847.838,0
847.904,0
847.969,0
848.035,1
848.1,1
848.166,1
848.231,1
848.297,1
848.363,1
848.428,1
848.494,2
848.559,1
848.625,1
848.691,2
848.756,1
848.822,2
848.887,2
848.953,2
849.019,3
849.084,3
849.15,5
849.215,7
849.281,7
849.347,7
849.412,7
849.478,4
849.544,4
849.609,3
849.675,2
849.74,2
849.806,1
849.872,2
849.937,1
850.003,1
850.069,1
850.134,0
850.2,0
850.266,0
850.331,0
850.397,0
850.463,0
850.528,0
850.594,0
850.66,0
850.725,0
850.791,0
850.857,1
850.922,1
850.988,1
851.054,1
851.119,0
851.185,0
851.251,0
851.316,0
851.382,0
851.448,1
851.514,2
851.579,3
851.645,5
851.711,6
851.776,7
851.842,9
851.908,9
851.974,9
852.039,10
852.105,7
852.171,3
852.236,3
852.302,2
852.368,0
852.434,0
852.499,1
852.565,1
852.631,1
852.697,1
852.762,1
852.828,1
852.894,1
852.96,2
853.025,1
853.091,1
853.157,1
853.223,1
853.289,1
853.354,1
853.42,1
853.486,0
853.552,0
853.617,1
853.683,1
853.749,1
853.815,1
853.881,0
853.946,0
854.012,0
854.078,1
854.144,1
854.21,1
854.275,1
854.341,1
854.407,1
854.473,1
854.539,1
854.605,1
854.67,1
854.736,1
854.802,1
854.868,0
854.934,0
855,0
855.065,0
855.131,0
855.197,0
855.263,0
855.329,0
855.395,0
855.461,0
855.526,1
855.592,2
855.658,2
855.724,2
855.79,1
855.856,1
855.922,1
855.988,1
856.053,1
856.119,1
856.185,2
856.251,2
856.317,2
856.383,2
856.449,1
856.515,1
856.581,1
856.646,0
856.712,0
856.778,2
856.844,2
856.91,3
856.976,4
857.042,2
857.108,2
857.174,2
857.24,1
857.306,1
857.372,1
857.438,0
857.504,2
857.569,3
857.635,4
857.701,4
857.767,2
857.833,2
857.899,2
857.965,2
858.031,3
858.097,2
858.163,1
858.229,1
858.295,0
858.361,0
858.427,1
858.493,2
858.559,3
858.625,4
858.691,4
858.757,4
858.823,7
858.889,4
858.955,4
859.021,4
859.087,1
859.153,0
859.219,0
859.285,1
859.351,2
859.417,3
859.483,7
859.549,6
859.615,5
859.681,6
859.747,6
859.813,8
859.879,10
859.945,10
860.011,9
860.077,10
860.143,8
860.209,8
860.275,8
860.341,7
860.407,4
860.473,4
860.54,3
860.606,3
860.672,5
860.738,4
860.804,3
860.87,2
860.936,3
861.002,3
861.068,3
861.134,3
861.2,0
861.266,0
861.332,0
861.398,0
861.465,0
861.531,0
861.597,3
861.663,3
861.729,3
861.795,3
861.861,8
861.927,7
861.993,8
862.06,7
862.126,2
862.192,2
862.258,1
862.324,1
862.39,1
862.456,1
862.522,2
862.589,2
862.655,2
862.721,2
862.787,0
862.853,1
862.919,1
862.985,1
863.052,2
863.118,2
863.184,2
863.25,3
863.316,2
863.382,1
863.449,2
863.515,4
863.581,8
863.647,9
863.713,9
863.779,11
863.846,7
863.912,6
863.978,5
864.044,0
864.11,1
864.177,2
864.243,3
864.309,4
864.375,4
864.441,5
864.508,8
864.574,6
864.64,10
864.706,9
864.773,6
864.839,4
864.905,0
864.971,1
865.037,2
865.104,3
865.17,4
865.236,4
865.302,4
865.369,4
865.435,1
865.501,1
865.567,3
865.634,3
865.7,3
865.766,3
865.832,1
865.899,1
865.965,0
866.031,0
866.098,1
866.164,1
866.23,2
866.296,2
866.363,1
866.429,1
866.495,3
866.562,4
866.628,4
866.694,4
866.76,1
866.827,0
866.893,0
866.959,0
867.026,2
867.092,3
867.158,3
867.225,3
867.291,2
867.357,1
867.424,1
867.49,1
867.556,0
867.623,0
867.689,0
867.755,0
867.822,0
867.888,0
867.954,0
868.021,0
868.087,1
868.153,1
868.22,1
868.286,1
868.352,1
868.419,1
868.485,3
868.552,3
868.618,2
868.684,2
868.751,0
868.817,0
868.883,1
868.95,1
869.016,1
869.083,1
869.149,0
869.215,0
869.282,0
869.348,0
869.415,0
869.481,0
869.547,0
869.614,0
869.68,3
869.747,3
869.813,3
869.879,3
869.946,0
870.012,0
870.079,1
870.145,1
870.212,1
870.278,2
870.344,2
870.411,3
870.477,8
870.544,7
870.61,6
870.677,5
870.743,2
870.81,3
870.876,3
870.943,3
871.009,1
871.075,0
871.142,0
871.208,0
871.275,0
871.341,0
871.408,0
871.474,0
871.541,0
871.607,0
871.674,0
871.74,0
871.807,0
871.873,0
871.94,0
872.006,0
872.073,0
872.139,0
872.206,0
872.272,0
872.339,0
872.405,0
872.472,1
872.538,1
872.605,1
872.671,1
872.738,0
872.805,0
872.871,0
872.938,0
873.004,0
873.071,0
873.137,0
873.204,0
873.27,0
873.337,0
873.403,1
873.47,1
873.537,1
873.603,1
873.67,0
873.736,0
873.803,0
873.869,0
873.936,1
874.003,1
874.069,3
874.136,3
874.202,2
874.269,2
874.336,0
874.402,0
874.469,0
874.535,0
874.602,1
874.669,1
874.735,1
874.802,1
874.868,0
874.935,0
875.002,1
875.068,1
875.135,1
875.201,4
875.268,5
875.335,5
875.401,5
875.468,2
875.535,0
875.601,0
875.668,0
875.735,0
875.801,0
875.868,0
875.935,0
876.001,0
876.068,0
876.135,0
876.201,0
876.268,0
876.335,0
876.401,0
876.468,0
876.535,0
876.601,0
876.668,0
876.735,2
876.801,2
876.868,2
876.935,2
877.001,0
877.068,0
877.135,0
877.201,0
877.268,0
877.335,0
877.402,1
877.468,1
877.535,1
877.602,1
877.668,0
877.735,0
877.802,0
877.869,0
877.935,0
878.002,2
878.069,3
878.136,3
878.202,3
878.269,2
878.336,1
878.403,1
878.469,1
878.536,0
878.603,1
878.67,1
878.736,1
878.803,2
878.87,1
878.937,1
879.003,1
879.07,0
879.137,0
879.204,0
879.271,1
879.337,1
879.404,1
879.471,1
879.538,1
879.605,1
879.671,1
879.738,2
879.805,2
879.872,3
879.939,3
880.005,2
880.072,2
880.139,3
880.206,3
880.273,3
880.339,3
880.406,3
880.473,4
880.54,5
880.607,6
880.674,5
880.74,4
880.807,3
880.874,1
880.941,0
881.008,1
881.075,2
881.142,3
881.208,3
881.275,2
881.342,1
881.409,0
881.476,0
881.543,0
881.61,0
881.677,1
881.743,2
881.81,2
881.877,2
881.944,1
882.011,0
882.078,2
882.145,2
882.212,2
882.279,3
882.345,2
882.412,2
882.479,2
882.546,2
882.613,6
882.68,6
882.747,11
882.814,9
882.881,7
882.948,6
883.015,3
883.082,4
883.148,5
883.215,6
883.282,6
883.349,6
883.416,5
883.483,4
883.55,1
883.617,2
883.684,3
883.751,5
883.818,6
883.885,4
883.952,4
884.019,3
884.086,2
884.153,2
884.22,1
884.287,0
884.354,2
884.421,3
884.488,3
884.555,3
884.622,8
884.689,7
884.756,7
884.823,7
884.89,2
884.957,2
885.024,2
885.091,3
885.158,4
885.225,4
885.292,4
885.359,4
885.426,2
885.493,3
885.56,4
885.627,4
885.694,4
885.761,3
885.828,2
885.895,1
885.962,1
886.029,1
886.096,1
886.163,3
886.23,2
886.297,2
886.364,2
886.431,0
886.498,1
886.565,1
886.633,1
886.7,1
886.767,0
886.834,0
886.901,0
886.968,0
887.035,0
887.102,0
887.169,0
887.236,0
887.303,0
887.37,0
887.438,0
887.505,0
887.572,0
887.639,0
887.706,0
887.773,1
887.84,1
887.907,1
887.974,1
888.042,0
888.109,0
888.176,0
888.243,1
888.31,1
888.377,4
888.444,4
888.511,3
888.579,3
888.646,0
888.713,0
888.78,0
888.847,0
888.914,0
888.982,0
889.049,0
889.116,0
889.183,0
889.25,0
889.317,1
889.385,1
889.452,2
889.519,2
889.586,4
889.653,4
889.72,3
889.788,3
889.855,0
889.922,0
889.989,1
890.056,3
890.124,3
890.191,5
890.258,4
890.325,7
890.392,6
890.46,5
890.527,4
890.594,2
890.661,2
890.729,0
890.796,1
890.863,1
890.93,2
890.997,2
891.065,1
891.132,1
891.199,0
891.266,0
891.334,0
891.401,0
891.468,0
891.535,3
891.603,3
891.67,3
891.737,3
891.804,0
891.872,2
891.939,2
892.006,2
892.074,2
892.141,1
892.208,1
892.275,1
892.343,1
892.41,1
892.477,1
892.545,1
892.612,1
892.679,2
892.746,2
892.814,2
892.881,2
892.948,0
893.016,0
893.083,0
893.15,0
893.218,1
893.285,1
893.352,1
893.42,1
893.487,0
893.554,0
893.622,0
893.689,0
893.756,0
893.824,0
893.891,0
893.958,0
894.026,0
894.093,0
894.16,1
894.228,1
894.295,1
894.362,1
894.43,4
894.497,3
894.565,2
894.632,2
894.699,2
894.767,5
894.834,6
894.902,6
894.969,5
895.036,2
895.104,1
895.171,0
895.238,0
895.306,0
895.373,0
895.441,0
895.508,0
895.575,0
895.643,1
895.71,1
895.778,1
895.845,1
895.913,1
895.98,2
896.047,2
896.115,2
896.182,1
896.25,0
896.317,0
896.385,0
896.452,1
896.52,1
896.587,1
896.654,1
896.722,0
896.789,0
896.857,0
896.924,0
896.992,0
897.059,0
897.127,0
897.194,0
897.262,0
897.329,0
897.397,0
897.464,0
897.532,1
897.599,1
897.666,1
897.734,1
897.801,0
897.869,0
897.936,1
898.004,1
898.071,1
898.139,1
898.206,0
898.274,1
898.342,3
898.409,7
898.477,8
898.544,8
898.612,7
898.679,5
898.747,3
898.814,3
898.882,3
898.949,2
899.017,0
899.084,0
899.152,0
899.219,0
899.287,1
899.355,1
899.422,3
899.49,3
899.557,3
899.625,3
899.692,1
899.76,1
899.828,0
899.895,0
899.963,0
900.03,0
900.098,1
900.165,1
900.233,1
900.301,1
900.368,0
900.436,0
900.503,0
900.571,0
900.639,0
900.706,0
900.774,3
900.841,3
900.909,3
900.977,3
901.044,0
901.112,0
901.18,0
901.247,0
901.315,0
901.382,0
901.45,0
901.518,0
901.585,0
901.653,0
901.721,0
901.788,0
901.856,0
901.924,0
901.991,0
902.059,0
902.127,0
902.194,0
902.262,0
902.33,0
902.397,0
902.465,0
902.533,0
902.6,0
902.668,0
902.736,0
902.803,0
902.871,0
902.939,0
903.006,0
903.074,0
903.142,0
903.209,0
903.277,0
903.345,0
903.413,0
903.48,0
903.548,0
903.616,0
903.683,1
903.751,1
903.819,1
903.887,1
903.954,0
904.022,1
904.09,1
904.158,1
904.225,1
904.293,1
904.361,2
904.429,4
904.496,5
904.564,5
904.632,4
904.7,7
904.767,7
904.835,6
904.903,6
904.971,3
905.038,2
905.106,4
905.174,4
905.242,3
905.309,3
905.377,1
905.445,2
905.513,4
905.581,4
905.648,4
905.716,3
905.784,0
905.852,0
905.92,1
905.987,2
906.055,2
906.123,2
906.191,1
906.259,0
906.326,2
906.394,3
906.462,3
906.53,4
906.598,2
906.666,1
906.733,1
906.801,4
906.869,4
906.937,4
907.005,4
907.073,0
907.141,0
907.208,0
907.276,0
907.344,0
907.412,0
907.48,0
907.548,1
907.616,1
907.683,2
907.751,2
907.819,1
907.887,1
907.955,2
908.023,3
908.091,3
908.159,3
908.226,1
908.294,0
908.362,1
908.43,1
908.498,1
908.566,1
908.634,3
908.702,3
908.77,4
908.838,4
908.906,1
908.973,2
909.041,2
909.109,2
909.177,2
909.245,2
909.313,1
909.381,1
909.449,1
909.517,2
909.585,2
909.653,2
909.721,2
909.789,1
909.857,1
909.925,1
909.993,3
910.061,2
910.129,2
910.196,2
910.264,0
910.332,0
910.4,0
910.468,0
910.536,2
910.604,4
910.672,6
910.74,8
910.808,9
910.876,7
910.944,5
911.012,3
911.08,0
911.148,1
911.216,1
911.284,1
911.352,1
911.42,0
911.488,0
911.556,0
911.624,2
911.692,3
911.76,4
911.828,9
911.896,12
911.965,14
912.033,17
912.101,14
912.169,11
912.237,10
912.305,7
912.373,6
912.441,5
912.509,4
912.577,0
912.645,0
912.713,1
912.781,1
912.849,1
912.917,1
912.985,2
913.053,3
913.121,4
913.19,4
913.258,4
913.326,3
913.394,2
913.462,2
913.53,0
913.598,0
913.666,0
913.734,0
913.802,0
913.871,0
913.939,0
914.007,0
914.075,0
914.143,0
914.211,0
914.279,0
914.347,0
914.415,0
914.484,0
914.552,0
914.62,0
914.688,0
914.756,1
914.824,1
914.892,1
914.961,1
915.029,0
915.097,0
915.165,0
915.233,0
915.301,1
915.37,1
915.438,1
915.506,1
915.574,0
915.642,0
915.71,0
915.779,0
915.847,1
915.915,1
915.983,2
916.051,3
916.119,3
916.188,4
916.256,5
916.324,4
916.392,4
916.46,3
916.529,2
916.597,2
916.665,2
916.733,4
916.802,4
916.87,5
916.938,4
917.006,3
917.074,3
917.143,3
917.211,3
917.279,2
917.347,3
917.416,2
917.484,2
917.552,3
917.62,3
917.689,3
917.757,3
917.825,2
917.893,0
917.962,0
918.03,1
918.098,1
918.166,1
918.235,1
918.303,1
918.371,2
918.44,3
918.508,5
918.576,5
918.644,4
918.713,3
918.781,2
918.849,1
918.918,1
918.986,3
919.054,3
919.122,5
919.191,6
919.259,7
919.327,7
919.396,5
919.464,4
919.532,1
919.601,0
919.669,0
919.737,0
919.806,1
919.874,2
919.942,2
920.011,2
920.079,1
920.147,0
920.216,0
920.284,0
920.352,1
920.421,1
920.489,2
920.557,2
920.626,1
920.694,1
920.763,1
920.831,2
920.899,3
920.968,3
921.036,2
921.104,1
921.173,4
921.241,5
921.31,5
921.378,5
921.446,4
921.515,4
921.583,4
921.652,4
921.72,2
921.788,1
921.857,2
921.925,2
921.994,3
922.062,3
922.13,3
922.199,3
922.267,2
922.336,2
922.404,1
922.473,1
922.541,0
922.609,0
922.678,2
922.746,2
922.815,2
922.883,4
922.952,2
923.02,2
923.089,2
923.157,0
923.225,1
923.294,1
923.362,1
923.431,1
923.499,0
923.568,0
923.636,0
923.705,0
923.773,0
923.842,0
923.91,2
923.979,3
924.047,4
924.116,5
924.184,7
924.253,6
924.321,5
924.39,5
924.458,2
924.527,2
924.595,3
924.664,2
924.732,2
924.801,2
924.869,2
924.938,2
925.006,1
925.075,1
925.143,0
925.212,0
925.28,3
925.349,3
925.417,3
925.486,3
925.555,1
925.623,2
925.692,2
925.76,2
925.829,2
925.897,1
925.966,1
926.034,1
926.103,0
926.172,0
926.24,0
926.309,1
926.377,3
926.446,3
926.515,3
926.583,2
926.652,1
926.72,5
926.789,5
926.857,5
926.926,4
926.995,1
927.063,1
927.132,3
927.2,3
927.269,2
927.338,2
927.406,0
927.475,0
927.544,0
927.612,1
927.681,1
927.749,1
927.818,1
927.887,0
927.955,0
928.024,0
928.093,0
928.161,0
928.23,0
928.299,0
928.367,0
928.436,1
928.505,2
928.573,6
928.642,9
928.711,9
928.779,8
928.848,7
928.917,4
928.985,3
929.054,5
929.123,2
929.191,2
929.26,2
929.329,1
929.397,1
929.466,1
929.535,1
929.603,0
929.672,0
929.741,0
929.81,0
929.878,0
929.947,0
930.016,1
930.084,1
930.153,2
930.222,3
930.291,2
930.359,3
930.428,2
930.497,2
930.565,2
930.634,1
930.703,1
930.772,2
930.84,2
930.909,2
930.978,2
931.047,0
931.115,0
931.184,0
931.253,0
931.322,0
931.391,0
931.459,0
931.528,0
931.597,0
931.666,0
931.734,1
931.803,1
931.872,1
931.941,1
932.01,0
932.078,0
932.147,2
932.216,3
932.285,4
932.354,8
932.422,7
932.491,6
932.56,5
932.629,1
932.698,1
932.766,1
932.835,1
932.904,1
932.973,0
933.042,0
933.111,0
933.179,0
933.248,0
933.317,0
933.386,4
933.455,4
933.524,5
933.592,5
933.661,2
933.73,2
933.799,2
933.868,2
933.937,1
934.006,2
934.074,1
934.143,1
934.212,1
934.281,0
934.35,0
934.419,0
934.488,0
934.557,0
934.625,0
934.694,0
934.763,0
934.832,0
934.901,1
934.97,1
935.039,1
935.108,1
935.177,2
935.246,2
935.314,2
935.383,2
935.452,1
935.521,1
935.59,1
935.659,1
935.728,0
935.797,1
935.866,1
935.935,2
936.004,5
936.073,4
936.142,4
936.211,5
936.28,2
936.348,2
936.417,2
936.486,0
936.555,0
936.624,0
936.693,0
936.762,0
936.831,0
936.9,0
936.969,0
937.038,0
937.107,1
937.176,1
937.245,1
937.314,1
937.383,1
937.452,2
937.521,3
937.59,5
937.659,4
937.728,4
937.797,3
937.866,1
937.935,1
938.004,1
938.073,1
938.142,1
938.211,1
938.28,1
938.349,1
938.418,1
938.487,1
938.556,1
938.625,1
938.694,1
938.763,1
938.832,1
938.901,1
938.971,1
939.04,2
939.109,1
939.178,1
939.247,1
939.316,0
939.385,0
939.454,0
939.523,1
939.592,1
939.661,1
939.73,2
939.799,1
939.868,1
939.938,1
940.007,0
940.076,0
940.145,0
940.214,0
940.283,0
940.352,0
940.421,0
940.49,0
940.559,0
940.629,0
940.698,2
940.767,3
940.836,3
940.905,3
940.974,3
941.043,3
941.112,3
941.182,3
941.251,2
941.32,1
941.389,2
941.458,2
941.527,3
941.596,3
941.666,2
941.735,2
941.804,3
941.873,3
941.942,3
942.011,3
942.08,0
942.15,1
942.219,1
942.288,1
942.357,1
942.426,0
942.496,0
942.565,0
942.634,2
942.703,2
942.772,2
942.841,2
942.911,1
942.98,1
943.049,1
943.118,1
943.187,0
943.257,0
943.326,1
943.395,1
943.464,1
943.534,2
943.603,1
943.672,2
943.741,2
943.81,2
943.88,2
943.949,1
944.018,1
944.087,2
944.157,2
944.226,2
944.295,2
944.364,1
944.434,4
944.503,5
944.572,6
944.641,6
944.711,7
944.78,6
944.849,5
944.918,5
944.988,1
945.057,1
945.126,1
945.196,1
945.265,1
945.334,1
945.403,1
945.473,2
945.542,3
945.611,4
945.681,6
945.75,9
945.819,9
945.889,8
945.958,6
946.027,4
946.097,3
946.166,3
946.235,3
946.304,0
946.374,0
946.443,0
946.512,4
946.582,5
946.651,5
946.72,5
946.79,1
946.859,1
946.929,1
946.998,1
947.067,1
947.137,0
947.206,0
947.275,0
947.345,0
947.414,0
947.483,0
947.553,0
947.622,1
947.691,1
947.761,3
947.83,3
947.9,2
947.969,2
948.038,0
948.108,0
948.177,0
948.247,0
948.316,0
948.385,0
948.455,0
948.524,1
948.594,2
948.663,2
948.732,2
948.802,2
948.871,1
948.941,1
949.01,2
949.08,1
949.149,1
949.218,1
949.288,0
949.357,0
949.427,0
949.496,0
949.566,0
949.635,0
949.704,1
949.774,1
949.843,1
949.913,1
949.982,3
950.052,4
950.121,5
950.191,8
950.26,6
950.33,6
950.399,8
950.469,7
950.538,6
950.608,6
950.677,5
950.747,3
950.816,3
950.886,3
950.955,1
951.025,1
951.094,1
951.164,2
951.233,2
951.303,2
951.372,3
951.442,1
951.511,1
951.581,3
951.65,2
951.72,2
951.789,2
951.859,2
951.928,2
951.998,2
952.067,2
952.137,0
952.206,0
952.276,0
952.346,0
952.415,0
952.485,0
952.554,0
952.624,0
952.693,0
952.763,0
952.832,0
952.902,1
952.972,1
953.041,1
953.111,2
953.18,2
953.25,3
953.319,3
953.389,2
953.459,1
953.528,0
953.598,0
953.667,0
953.737,1
953.807,1
953.876,2
953.946,2
954.015,1
954.085,1
954.155,0
954.224,0
954.294,0
954.364,0
954.433,0
954.503,0
954.572,2
954.642,2
954.712,2
954.781,3
954.851,2
954.921,2
954.99,3
955.06,2
955.13,1
955.199,2
955.269,2
955.339,3
955.408,5
955.478,5
955.547,7
955.617,8
955.687,7
955.757,6
955.826,3
955.896,2
955.966,2
956.035,2
956.105,2
956.175,1
956.244,3
956.314,3
956.384,3
956.453,3
956.523,0
956.593,0
956.663,0
956.732,0
956.802,1
956.872,1
956.941,1
957.011,1
957.081,2
957.151,2
957.22,2
957.29,2
957.36,0
957.429,0
957.499,0
957.569,2
957.639,3
957.708,3
957.778,3
957.848,1
957.918,1
957.987,1
958.057,1
958.127,1
958.197,0
958.267,0
958.336,1
958.406,2
958.476,2
958.546,2
958.615,1
958.685,0
958.755,2
958.825,2
958.895,2
958.964,2
959.034,4
959.104,4
959.174,5
959.244,5
959.313,2
959.383,2
959.453,1
959.523,1
959.593,2
959.662,4
959.732,4
959.802,4
959.872,2
959.942,1
960.012,1
960.081,2
960.151,3
960.221,2
960.291,4
960.361,3
960.431,7
960.5,6
960.57,4
960.64,3
960.71,1
960.78,1
960.85,0
960.92,0
960.989,0
961.059,0
961.129,0
961.199,0
961.269,1
961.339,1
961.409,1
961.479,1
961.548,0
961.618,0
961.688,1
961.758,1
961.828,2
961.898,2
961.968,1
962.038,1
962.108,1
962.178,1
962.248,1
962.317,1
962.387,0
962.457,0
962.527,2
962.597,3
962.667,5
962.737,6
962.807,5
962.877,5
962.947,5
963.017,5
963.087,6
963.157,5
963.227,5
963.297,4
963.367,2
963.436,2
963.506,0
963.576,0
963.646,0
963.716,0
963.786,0
963.856,1
963.926,1
963.996,1
964.066,1
964.136,0
964.206,0
964.276,0
964.346,0
964.416,1
964.486,1
964.556,1
964.626,1
964.696,0
964.766,0
964.836,0
964.906,0
964.976,3
965.046,3
965.116,3
965.186,3
965.256,2
965.326,2
965.396,2
965.466,2
965.536,0
965.606,0
965.676,1
965.747,1
965.817,1
965.887,1
965.957,0
966.027,1
966.097,1
966.167,1
966.237,1
966.307,1
966.377,1
966.447,1
966.517,1
966.587,0
966.657,0
966.727,0
966.798,0
966.868,0
966.938,0
967.008,0
967.078,1
967.148,1
967.218,1
967.288,1
967.358,0
967.428,0
967.498,0
967.569,0
967.639,0
967.709,1
967.779,1
967.849,1
967.919,1
967.989,0
968.059,0
968.13,0
968.2,1
968.27,1
968.34,1
968.41,1
968.48,0
968.55,0
968.621,1
968.691,1
968.761,1
968.831,1
968.901,0
968.971,0
969.042,0
969.112,0
969.182,0
969.252,0
969.322,0
969.392,0
969.463,0
969.533,0
969.603,0
969.673,0
969.743,0
969.813,0
969.884,0
969.954,0
970.024,0
970.094,0
970.164,0
970.235,0
970.305,2
970.375,3
970.445,3
970.516,3
970.586,1
970.656,0
970.726,0
970.796,0
970.867,0
970.937,0
971.007,0
971.077,0
971.148,0
971.218,0
971.288,0
971.358,1
971.429,1
971.499,2
971.569,2
971.639,1
971.71,2
971.78,1
971.85,1
971.92,1
971.991,0
972.061,0
972.131,0
972.202,0
972.272,0
972.342,0
972.412,0
972.483,0
972.553,0
972.623,1
972.694,1
972.764,1
972.834,4
972.905,3
972.975,3
973.045,3
973.115,3
973.186,3
973.256,4
973.326,4
973.397,2
973.467,2
973.537,1
973.608,1
973.678,0
973.748,1
973.819,1
973.889,1
973.959,1
974.03,1
974.1,1
974.171,2
974.241,2
974.311,2
974.382,2
974.452,1
974.522,1
974.593,0
974.663,0
974.733,2
974.804,2
974.874,2
974.945,2
975.015,1
975.085,1
975.156,2
975.226,3
975.297,7
975.367,8
975.437,7
975.508,6
975.578,2
975.649,1
975.719,1
975.789,1
975.86,0
975.93,0
976.001,0
976.071,0
976.141,1
976.212,1
976.282,1
976.353,1
976.423,0
976.494,0
976.564,0
976.635,0
976.705,1
976.775,1
976.846,1
976.916,1
976.987,0
977.057,0
977.128,0
977.198,0
977.269,0
977.339,0
977.41,0
977.48,0
977.551,0
977.621,0
977.691,0
977.762,0
977.832,0
977.903,0
977.973,0
978.044,0
978.114,0
978.185,0
978.255,0
978.326,1
978.396,3
978.467,4
978.537,5
978.608,6
978.679,6
978.749,6
978.82,4
978.89,3
978.961,2
979.031,2
979.102,0
979.172,0
979.243,5
979.313,5
979.384,5
979.454,5
979.525,0
979.595,1
979.666,1
979.737,1
979.807,1
979.878,0
979.948,0
980.019,0
980.089,1
980.16,1
980.231,1
980.301,1
980.372,0
980.442,0
980.513,1
980.583,1
980.654,1
980.725,1
980.795,1
980.866,1
980.936,1
981.007,1
981.078,0
981.148,0
981.219,0
981.29,0
981.36,0
981.431,0
981.501,1
981.572,1
981.643,1
981.713,1
981.784,2
981.855,2
981.925,2
981.996,2
982.066,1
982.137,1
982.208,1
982.278,1
982.349,3
982.42,3
982.49,3
982.561,3
982.632,0
982.702,0
982.773,1
982.844,2
982.914,2
982.985,2
983.056,1
983.126,0
983.197,0
983.268,0
983.338,0
983.409,0
983.48,1
983.551,1
983.621,1
983.692,1
983.763,1
983.833,2
983.904,3
983.975,4
984.045,7
984.116,7
984.187,7
984.258,7
984.328,6
984.399,5
984.47,4
984.541,3
984.611,2
984.682,4
984.753,4
984.824,4
984.894,2
984.965,4
985.036,4
985.107,4
985.177,4
985.248,2
985.319,2
985.39,2
985.46,2
985.531,0
985.602,0
985.673,0
985.743,0
985.814,0
985.885,0
985.956,0
986.027,1
986.097,1
986.168,1
986.239,1
986.31,0
986.381,0
986.451,0
986.522,0
986.593,0
986.664,1
986.735,1
986.805,1
986.876,1
986.947,1
987.018,1
987.089,2
987.159,2
987.23,2
987.301,2
987.372,1
987.443,2
987.514,1
987.585,2
987.655,2
987.726,2
987.797,2
987.868,1
987.939,1
988.01,0
988.081,0
988.151,0
988.222,0
988.293,1
988.364,2
988.435,3
988.506,3
988.577,2
988.647,1
988.718,0
988.789,1
988.86,2
988.931,2
989.002,2
989.073,1
989.144,0
989.215,0
989.286,0
989.356,0
989.427,0
989.498,0
989.569,0
989.64,0
989.711,2
989.782,3
989.853,4
989.924,4
989.995,3
990.066,4
990.137,4
990.208,5
990.279,5
990.349,3
990.42,5
990.491,4
990.562,3
990.633,3
990.704,3
990.775,4
990.846,6
990.917,9
990.988,7
991.059,6
991.13,4
991.201,2
991.272,1
991.343,1
991.414,1
991.485,1
991.556,1
991.627,1
991.698,1
991.769,0
991.84,0
991.911,0
991.982,1
992.053,1
992.124,1
992.195,1
992.266,0
992.337,0
992.408,0
992.479,0
992.55,1
992.621,2
992.692,3
992.763,4
992.834,4
992.905,4
992.976,4
993.047,2
993.118,3
993.189,3
993.26,4
993.331,2
993.403,3
993.474,3
993.545,2
993.616,2
993.687,1
993.758,1
993.829,1
993.9,1
993.971,1
994.042,1
994.113,1
994.184,3
994.255,2
994.326,3
994.398,3
994.469,1
994.54,1
994.611,0
994.682,0
994.753,0
994.824,1
994.895,1
994.966,1
995.038,1
995.109,2
995.18,2
995.251,2
995.322,2
995.393,0
995.464,1
995.535,2
995.607,3
995.678,6
995.749,5
995.82,4
995.891,3
995.962,2
996.033,2
996.105,2
996.176,2
996.247,0
996.318,0
996.389,1
996.46,1
996.532,1
996.603,1
996.674,3
996.745,3
996.816,4
996.887,4
996.959,1
997.03,1
997.101,0
997.172,0
997.243,2
997.315,3
997.386,4
997.457,5
997.528,6
997.599,6
997.671,6
997.742,6
997.813,3
997.884,3
997.955,3
998.027,3
998.098,0
998.169,1
998.24,1
998.312,2
998.383,2
998.454,1
998.525,2
998.597,2
998.668,3
998.739,5
998.81,4
998.882,3
998.953,2
999.024,0
999.095,0
999.167,0
999.238,0
999.309,0
999.38,0
999.452,0
999.523,0
999.594,0
999.666,0
999.737,2
999.808,2
999.879,5
999.951,5
1000.022,3
1000.093,3
1000.165,0
1000.236,0
1000.307,0
1000.379,0
1000.45,0
1000.521,0
1000.592,0
1000.664,0
1000.735,0
1000.806,0
1000.878,0
1000.949,1
1001.02,1
1001.092,1
1001.163,1
1001.234,0
1001.306,0
1001.377,0
1001.448,0
1001.52,0
1001.591,0
1001.663,0
1001.734,0
1001.805,0
1001.877,0
1001.948,0
1002.019,0
1002.091,0
1002.162,0
1002.233,0
1002.305,0
1002.376,0
1002.448,1
1002.519,1
1002.59,2
1002.662,2
1002.733,1
1002.805,2
1002.876,1
1002.947,1
1003.019,1
1003.09,0
1003.162,0
1003.233,0
1003.304,0
1003.376,0
1003.447,1
1003.519,1
1003.59,1
1003.662,1
1003.733,0
1003.804,0
1003.876,1
1003.947,1
1004.019,1
1004.09,1
1004.162,0
1004.233,0
1004.305,0
1004.376,1
1004.447,1
1004.519,1
1004.59,1
1004.662,0
1004.733,0
1004.805,0
1004.876,0
1004.948,0
1005.019,0
1005.091,0
1005.162,2
1005.234,2
1005.305,2
1005.377,3
1005.448,1
1005.52,1
1005.591,1
1005.663,0
1005.734,1
1005.806,1
1005.877,1
1005.949,1
1006.02,0
1006.092,0
1006.163,0
1006.235,0
1006.306,0
1006.378,0
1006.449,0
1006.521,0
1006.592,0
1006.664,0
1006.735,1
1006.807,1
1006.878,1
1006.95,1
1007.022,0
1007.093,0
1007.165,0
1007.236,1
1007.308,3
1007.379,3
1007.451,3
1007.523,2
1007.594,0
1007.666,0
1007.737,1
1007.809,1
1007.88,1
1007.952,1
1008.024,0
1008.095,1
1008.167,1
1008.238,2
1008.31,2
1008.382,1
1008.453,1
1008.525,0
1008.596,0
1008.668,2
1008.74,2
1008.811,2
1008.883,5
1008.954,3
1009.026,3
1009.098,3
1009.169,1
1009.241,1
1009.313,1
1009.384,1
1009.456,1
1009.527,2
1009.599,2
1009.671,2
1009.742,1
1009.814,0
1009.886,0
1009.957,0
1010.029,1
1010.101,1
1010.172,1
1010.244,3
1010.316,2
1010.387,2
1010.459,2
1010.531,0
1010.602,0
1010.674,0
1010.746,0
1010.817,0
1010.889,0
1010.961,1
1011.032,2
1011.104,2
1011.176,3
1011.248,2
1011.319,1
1011.391,1
1011.463,1
1011.534,2
1011.606,2
1011.678,2
1011.75,1
1011.821,0
1011.893,0
1011.965,2
1012.036,2
1012.108,2
1012.18,2
1012.252,0
1012.323,0
1012.395,1
1012.467,2
1012.539,2
1012.61,2
1012.682,1
1012.754,1
1012.826,1
1012.897,2
1012.969,3
1013.041,2
1013.113,4
1013.185,3
1013.256,2
1013.328,2
1013.4,1
1013.472,1
1013.543,1
1013.615,1
1013.687,0
1013.759,1
1013.831,1
1013.902,1
1013.974,1
1014.046,0
1014.118,0
1014.19,0
1014.261,1
1014.333,1
1014.405,1
1014.477,1
1014.549,1
1014.62,4
1014.692,5
1014.764,5
1014.836,7
1014.908,8
1014.98,7
1015.051,6
1015.123,4
1015.195,4
1015.267,3
1015.339,3
1015.411,1
1015.483,0
1015.554,0
1015.626,0
1015.698,0
1015.77,0
1015.842,1
1015.914,1
1015.986,3
1016.058,3
1016.129,2
1016.201,2
1016.273,0
1016.345,0
1016.417,0
1016.489,0
1016.561,0
1016.633,0
1016.704,0
1016.776,0
1016.848,0
1016.92,0
1016.992,0
1017.064,3
1017.136,3
1017.208,3
1017.28,3
1017.352,0
1017.424,0
1017.496,0
1017.567,1
1017.639,1
1017.711,1
1017.783,1
1017.855,0
1017.927,0
1017.999,0
1018.071,0
1018.143,0
1018.215,0
1018.287,0
1018.359,0
1018.431,0
1018.503,0
1018.575,0
1018.647,0
1018.719,3
1018.791,3
1018.863,4
1018.935,4
1019.007,4
1019.079,5
1019.151,4
1019.223,4
1019.295,2
1019.367,1
1019.439,1
1019.511,1
1019.583,0
1019.655,0
1019.727,0
1019.799,1
1019.871,2
1019.943,3
1020.015,3
1020.087,2
1020.159,3
1020.231,2
1020.303,2
1020.375,2
1020.447,1
1020.519,1
1020.591,1
1020.663,3
1020.735,3
1020.807,4
1020.879,5
1020.951,4
1021.023,4
1021.095,4
1021.167,2
1021.239,2
1021.311,2
1021.383,3
1021.456,1
1021.528,1
1021.6,1
1021.672,1
1021.744,2
1021.816,2
1021.888,2
1021.96,1
1022.032,0
1022.104,0
1022.176,0
1022.248,0
1022.321,0
1022.393,1
1022.465,1
1022.537,1
1022.609,1
1022.681,0
1022.753,0
1022.825,0
1022.897,0
1022.97,0
1023.042,0
1023.114,1
1023.186,1
1023.258,1
1023.33,2
1023.402,1
1023.474,2
1023.547,2
1023.619,1
1023.691,1
1023.763,0
1023.835,0
1023.907,0
1023.98,0
1024.052,0
1024.124,1
1024.196,2
1024.268,3
1024.34,3
1024.413,3
1024.485,4
1024.557,3
1024.629,3
1024.701,2
1024.773,0
1024.846,0
1024.918,0
1024.99,0
1025.062,0
1025.134,0
1025.207,0
1025.279,0
1025.351,0
1025.423,1
1025.495,1
1025.568,1
1025.64,1
1025.712,2
1025.784,2
1025.857,2
1025.929,2
1026.001,0
1026.073,0
1026.146,0
1026.218,0
1026.29,0
1026.362,0
1026.435,0
1026.507,0
1026.579,1
1026.651,2
1026.724,2
1026.796,2
1026.868,1
1026.94,0
1027.013,0
1027.085,0
1027.157,0
1027.229,0
1027.302,0
1027.374,0
1027.446,0
1027.519,0
1027.591,0
1027.663,0
1027.735,0
1027.808,0
1027.88,0
1027.952,1
1028.025,1
1028.097,1
1028.169,1
1028.242,0
1028.314,0
1028.386,0
1028.458,0
1028.531,0
1028.603,0
1028.675,0
1028.748,0
1028.82,0
1028.892,0
1028.965,0
1029.037,0
1029.109,0
1029.182,0
1029.254,0
1029.327,0
1029.399,1
1029.471,1
1029.544,1
1029.616,1
1029.688,0
1029.761,3
1029.833,4
1029.905,4
1029.978,5
1030.05,2
1030.123,2
1030.195,2
1030.267,1
1030.34,1
1030.412,0
1030.484,0
1030.557,0
1030.629,0
1030.702,0
1030.774,0
1030.846,2
1030.919,2
1030.991,2
1031.064,2
1031.136,0
1031.209,0
1031.281,0
1031.353,1
1031.426,2
1031.498,2
1031.571,2
1031.643,1
1031.716,0
1031.788,0
1031.86,1
1031.933,1
1032.005,1
1032.078,1
1032.15,0
1032.223,0
1032.295,1
1032.368,1
1032.44,1
1032.513,1
1032.585,1
1032.657,1
1032.73,1
1032.802,3
1032.875,5
1032.947,5
1033.02,6
1033.092,6
1033.165,3
1033.237,3
1033.31,5
1033.382,3
1033.455,3
1033.527,3
1033.6,2
1033.672,2
1033.745,2
1033.817,2
1033.89,1
1033.962,2
1034.035,2
1034.107,2
1034.18,1
1034.252,0
1034.325,0
1034.398,0
1034.47,0
1034.543,0
1034.615,0
1034.688,0
1034.76,3
1034.833,3
1034.905,4
1034.978,4
1035.05,3
1035.123,3
1035.196,2
1035.268,2
1035.341,0
1035.413,0
1035.486,0
1035.558,0
1035.631,1
1035.704,1
1035.776,1
1035.849,1
1035.921,0
1035.994,0
1036.066,0
1036.139,1
1036.212,1
1036.284,2
1036.357,2
1036.429,1
1036.502,2
1036.575,1
1036.647,1
1036.72,1
1036.793,0
1036.865,0
1036.938,0
1037.01,0
1037.083,0
1037.156,0
1037.228,0
1037.301,0
1037.374,1
1037.446,1
1037.519,1
1037.591,1
1037.664,1
1037.737,1
1037.809,1
1037.882,1
1037.955,0
1038.027,0
1038.1,0
1038.173,0
1038.245,0
1038.318,0
1038.391,2
1038.463,2
1038.536,2
1038.609,2
1038.681,0
1038.754,1
1038.827,1
1038.9,1
1038.972,1
1039.045,0
1039.118,0
1039.19,0
1039.263,0
1039.336,0
1039.408,1
1039.481,1
1039.554,2
1039.627,3
1039.699,3
1039.772,6
1039.845,5
1039.917,4
1039.99,3
1040.063,0
1040.136,0
1040.208,0
1040.281,0
1040.354,0
1040.427,0
1040.499,0
1040.572,1
1040.645,1
1040.718,1
1040.79,1
1040.863,1
1040.936,1
1041.009,2
1041.081,3
1041.154,2
1041.227,2
1041.3,3
1041.373,2
1041.445,2
1041.518,2
1041.591,0
1041.664,0
1041.737,0
1041.809,0
1041.882,0
1041.955,0
1042.028,0
1042.101,0
1042.173,0
1042.246,0
1042.319,0
1042.392,0
1042.465,0
1042.537,0
1042.61,2
1042.683,2
1042.756,2
1042.829,3
1042.902,3
1042.974,3
1043.047,4
1043.12,3
1043.193,1
1043.266,1
1043.339,0
1043.411,0
1043.484,0
1043.557,0
1043.63,0
1043.703,0
1043.776,0
1043.849,0
1043.922,0
1043.994,0
1044.067,0
1044.14,0
1044.213,0
1044.286,1
1044.359,1
1044.432,1
1044.505,1
1044.577,0
1044.65,0
1044.723,0
1044.796,0
1044.869,0
1044.942,2
1045.015,2
1045.088,5
1045.161,5
1045.234,3
1045.307,3
1045.379,0
1045.452,0
1045.525,0
1045.598,1
1045.671,1
1045.744,1
1045.817,1
1045.89,0
1045.963,0
1046.036,0
1046.109,1
1046.182,1
1046.255,1
1046.328,1
1046.401,0
1046.474,0
1046.547,2
1046.62,2
1046.693,2
1046.766,2
1046.838,1
1046.911,1
1046.984,1
1047.057,1
1047.13,1
1047.203,1
1047.276,1
1047.349,1
1047.422,0
1047.495,1
1047.568,1
1047.641,1
1047.714,1
1047.787,0
1047.86,1
1047.933,1
1048.006,1
1048.079,1
1048.152,2
1048.225,2
1048.299,2
1048.372,2
1048.445,2
1048.518,2
1048.591,2
1048.664,2
1048.737,0
1048.81,0
1048.883,0
1048.956,0
1049.029,1
1049.102,1
1049.175,1
1049.248,1
1049.321,0
1049.394,0
1049.467,0
1049.54,0
1049.613,0
1049.686,0
1049.76,0
1049.833,0
1049.906,1
1049.979,2
1050.052,2
1050.125,2
1050.198,1
1050.271,1
1050.344,2
1050.417,5
1050.49,6
1050.564,5
1050.637,4
1050.71,1
1050.783,0
1050.856,0
1050.929,0
1051.002,0
1051.075,0
1051.149,0
1051.222,0
1051.295,0
1051.368,0
1051.441,0
1051.514,1
1051.587,1
1051.66,2
1051.734,2
1051.807,1
1051.88,2
1051.953,1
1052.026,1
1052.099,2
1052.173,1
1052.246,1
1052.319,1
1052.392,0
1052.465,0
1052.538,1
1052.612,1
1052.685,1
1052.758,1
1052.831,0
1052.904,1
1052.978,1
1053.051,2
1053.124,2
1053.197,1
1053.27,1
1053.344,0
1053.417,0
1053.49,0
1053.563,0
1053.636,1
1053.71,2
1053.783,2
1053.856,2
1053.929,1
1054.002,1
1054.076,2
1054.149,2
1054.222,2
1054.295,1
1054.369,0
1054.442,0
1054.515,0
1054.588,2
1054.662,3
1054.735,3
1054.808,3
1054.881,6
1054.955,6
1055.028,5
1055.101,4
1055.174,2
1055.248,0
1055.321,0
1055.394,0
1055.468,0
1055.541,0
1055.614,0
1055.687,0
1055.761,1
1055.834,1
1055.907,1
1055.981,1
1056.054,0
1056.127,0
1056.201,0
1056.274,0
1056.347,0
1056.42,0
1056.494,0
1056.567,0
1056.64,0
1056.714,0
1056.787,0
1056.86,0
1056.934,0
1057.007,0
1057.08,0
1057.154,0
1057.227,1
1057.3,2
1057.374,2
1057.447,2
1057.52,1
1057.594,0
1057.667,0
1057.741,0
1057.814,0
1057.887,0
1057.961,0
1058.034,1
1058.107,1
1058.181,1
1058.254,2
1058.327,1
1058.401,1
1058.474,1
1058.548,3
1058.621,3
1058.694,3
1058.768,3
1058.841,0
1058.915,0
1058.988,1
1059.061,1
1059.135,1
1059.208,1
1059.282,0
1059.355,1
1059.429,1
1059.502,1
1059.575,1
1059.649,2
1059.722,3
1059.796,3
1059.869,5
1059.943,4
1060.016,3
1060.089,3
1060.163,1
1060.236,1
1060.31,1
1060.383,1
1060.457,1
1060.53,0
1060.604,0
1060.677,0
1060.75,1
1060.824,1
1060.897,1
1060.971,1
1061.044,0
1061.118,0
1061.191,0
1061.265,1
1061.338,1
1061.412,1
1061.485,1
1061.559,0
1061.632,1
1061.706,1
1061.779,1
1061.853,1
1061.926,0
1062,0
1062.073,0
1062.147,0
1062.22,0
1062.294,1
1062.367,2
1062.441,3
1062.514,4
1062.588,3
1062.662,3
1062.735,2
1062.809,1
1062.882,1
1062.956,1
1063.029,1
1063.103,1
1063.176,1
1063.25,0
1063.323,0
1063.397,0
1063.471,0
1063.544,0
1063.618,0
1063.691,0
1063.765,0
1063.838,0
1063.912,0
1063.986,0
1064.059,0
1064.133,0
1064.206,0
1064.28,0
1064.353,0
1064.427,0
1064.501,0
1064.574,0
1064.648,0
1064.721,0
1064.795,0
1064.869,0
1064.942,0
1065.016,0
1065.09,1
1065.163,1
1065.237,1
1065.31,1
1065.384,0
1065.458,0
1065.531,0
1065.605,1
1065.679,3
1065.752,4
1065.826,5
1065.9,4
1065.973,2
1066.047,1
1066.12,0
1066.194,0
1066.268,0
1066.341,0
1066.415,0
1066.489,0
1066.562,0
1066.636,1
1066.71,1
1066.783,1
1066.857,1
1066.931,3
1067.005,3
1067.078,3
1067.152,3
1067.226,0
1067.299,0
1067.373,0
1067.447,0
1067.52,0
1067.594,0
1067.668,1
1067.742,1
1067.815,1
1067.889,1
1067.963,0
1068.036,0
1068.11,0
1068.184,0
1068.258,0
1068.331,0
1068.405,0
1068.479,0
1068.553,0
1068.626,0
1068.7,1
1068.774,1
1068.848,1
1068.921,1
1068.995,0
1069.069,0
1069.143,0
1069.216,0
1069.29,1
1069.364,1
1069.438,1
1069.511,1
1069.585,0
1069.659,1
1069.733,1
1069.807,1
1069.88,1
1069.954,0
1070.028,0
1070.102,0
1070.175,0
1070.249,1
1070.323,2
1070.397,3
1070.471,5
1070.544,6
1070.618,5
1070.692,4
1070.766,3
1070.84,1
1070.914,1
1070.987,1
1071.061,0
1071.135,0
1071.209,0
1071.283,0
1071.357,1
1071.43,1
1071.504,2
1071.578,2
1071.652,2
1071.726,2
1071.8,1
1071.874,1
1071.947,0
1072.021,0
1072.095,3
1072.169,3
1072.243,3
1072.317,3
1072.391,1
1072.464,1
1072.538,1
1072.612,1
1072.686,0
1072.76,0
1072.834,1
1072.908,1
1072.982,1
1073.056,1
1073.129,0
1073.203,0
1073.277,0
1073.351,0
1073.425,0
1073.499,0
1073.573,1
1073.647,1
1073.721,1
1073.795,1
1073.869,0
1073.943,0
1074.016,0
1074.09,0
1074.164,0
1074.238,0
1074.312,0
1074.386,0
1074.46,0
1074.534,0
1074.608,0
1074.682,0
1074.756,0
1074.83,0
1074.904,0
1074.978,0
1075.052,1
1075.126,1
1075.2,1
1075.274,2
1075.348,2
1075.422,2
1075.496,2
1075.57,1
1075.644,0
1075.718,0
1075.792,1
1075.866,1
1075.94,1
1076.014,1
1076.088,4
1076.162,4
1076.236,4
1076.31,4
1076.384,2
1076.458,3
1076.532,3
1076.606,3
1076.68,1
1076.754,0
1076.828,0
1076.902,1
1076.976,2
1077.05,3
1077.124,4
1077.198,4
1077.272,5
1077.346,5
1077.42,3
1077.494,3
1077.568,2
1077.642,3
1077.716,1
1077.79,2
1077.864,2
1077.939,3
1078.013,3
1078.087,2
1078.161,2
1078.235,0
1078.309,0
1078.383,1
1078.457,2
1078.531,4
1078.605,4
1078.679,3
1078.753,3
1078.828,1
1078.902,2
1078.976,2
1079.05,2
1079.124,2
1079.198,1
1079.272,1
1079.346,0
1079.42,0
1079.495,0
1079.569,0
1079.643,0
1079.717,0
1079.791,1
1079.865,1
1079.939,2
1080.014,2
1080.088,1
1080.162,1
1080.236,0
1080.31,0
1080.384,1
1080.458,2
1080.533,3
1080.607,4
1080.681,5
1080.755,4
1080.829,4
1080.903,5
1080.978,3
1081.052,3
1081.126,2
1081.2,0
1081.274,0
1081.349,0
1081.423,0
1081.497,1
1081.571,1
1081.645,1
1081.719,1
1081.794,0
1081.868,1
1081.942,1
1082.016,3
1082.091,3
1082.165,2
1082.239,2
1082.313,0
1082.387,0
1082.462,0
1082.536,0
1082.61,0
1082.684,0
1082.759,0
1082.833,0
1082.907,2
1082.981,3
1083.056,3
1083.13,3
1083.204,3
1083.278,2
1083.353,2
1083.427,2
1083.501,1
1083.575,1
1083.65,1
1083.724,1
1083.798,0
1083.872,0
1083.947,0
1084.021,0
1084.095,0
1084.17,0
1084.244,0
1084.318,0
1084.392,1
1084.467,1
1084.541,1
1084.615,1
1084.69,0
1084.764,0
1084.838,2
1084.913,2
1084.987,2
1085.061,2
1085.136,0
1085.21,0
1085.284,4
1085.358,4
1085.433,4
1085.507,4
1085.581,0
1085.656,0
1085.73,0
1085.805,0
1085.879,0
1085.953,1
1086.028,3
1086.102,3
1086.176,3
1086.251,2
1086.325,1
1086.399,1
1086.474,1
1086.548,1
1086.622,1
1086.697,1
1086.771,1
1086.846,1
1086.92,0
1086.994,0
1087.069,0
1087.143,0
1087.218,0
1087.292,1
1087.366,1
1087.441,1
1087.515,1
1087.59,0
1087.664,0
1087.738,0
1087.813,0
1087.887,1
1087.962,1
1088.036,1
1088.11,1
1088.185,0
1088.259,0
1088.334,1
1088.408,2
1088.483,2
1088.557,3
1088.631,2
1088.706,1
1088.78,1
1088.855,0
1088.929,0
1089.004,0
1089.078,0
1089.153,0
1089.227,0
1089.302,0
1089.376,0
1089.451,0
1089.525,0
1089.599,0
1089.674,0
1089.748,0
1089.823,0
1089.897,0
1089.972,0
1090.046,0
1090.121,0
1090.195,0
1090.27,0
1090.344,0
1090.419,1
1090.493,1
1090.568,1
1090.642,1
1090.717,0
1090.791,0
1090.866,1
1090.94,1
1091.015,1
1091.089,1
1091.164,0
1091.239,0
1091.313,0
1091.388,1
1091.462,1
1091.537,1
1091.611,1
1091.686,0
1091.76,1
1091.835,1
1091.909,1
1091.984,1
1092.059,1
1092.133,1
1092.208,1
1092.282,2
1092.357,2
1092.431,2
1092.506,2
1092.581,1
1092.655,0
1092.73,0
1092.804,0
1092.879,0
1092.954,0
1093.028,0
1093.103,0
1093.177,0
1093.252,0
1093.327,0
1093.401,0
1093.476,0
1093.55,0
1093.625,0
1093.7,0
1093.774,1
1093.849,1
1093.923,1
1093.998,2
1094.073,1
1094.147,1
1094.222,1
1094.297,0
1094.371,0
1094.446,0
1094.521,1
1094.595,1
1094.67,1
1094.744,1
1094.819,0
1094.894,0
1094.968,0
1095.043,0
1095.118,1
1095.192,2
1095.267,2
1095.342,2
1095.416,1
1095.491,0
1095.566,0
1095.641,0
1095.715,0
1095.79,0
1095.865,0
1095.939,0
1096.014,1
1096.089,1
1096.163,1
1096.238,1
1096.313,0
1096.388,1
1096.462,1
1096.537,1
1096.612,1
1096.686,1
1096.761,1
1096.836,1
1096.911,1
1096.985,0
1097.06,0
1097.135,0
1097.21,0
1097.284,0
1097.359,0
1097.434,0
1097.509,0
1097.583,0
1097.658,0
1097.733,0
1097.808,0
1097.882,0
1097.957,1
1098.032,1
1098.107,1
1098.181,1
1098.256,0
1098.331,0
1098.406,0
1098.48,2
1098.555,2
1098.63,2
1098.705,2
1098.78,0
1098.854,0
1098.929,0
1099.004,0
1099.079,0
1099.154,0
1099.228,0
1099.303,0
1099.378,0
1099.453,2
1099.528,2
1099.603,2
1099.677,2
1099.752,0
1099.827,0
1099.902,0
1099.977,2
1100.052,2
1100.126,2
1100.201,2
1100.276,0
1100.351,0
1100.426,0
1100.501,1
1100.575,1
1100.65,1
1100.725,1
1100.8,1
1100.875,1
1100.95,1
1101.025,1
1101.1,0
1101.174,2
1101.249,3
1101.324,4
1101.399,5
1101.474,3
1101.549,2
1101.624,1
1101.699,1
1101.774,1
1101.848,1
1101.923,1
1101.998,0
1102.073,0
1102.148,0
1102.223,0
1102.298,2
1102.373,2
1102.448,2
1102.523,2
1102.598,0
1102.672,1
1102.747,1
1102.822,1
1102.897,1
1102.972,1
1103.047,1
1103.122,1
1103.197,1
1103.272,0
1103.347,0
1103.422,0
1103.497,0
1103.572,0
1103.647,0
1103.722,0
1103.797,0
1103.872,0
1103.947,0
1104.022,0
1104.097,0
1104.172,0
1104.247,0
1104.322,0
1104.397,0
1104.472,0
1104.547,0
1104.622,1
1104.697,2
1104.772,2
1104.847,3
1104.922,2
1104.997,1
1105.072,1
1105.147,2
1105.222,2
1105.297,2
1105.372,2
1105.447,0
1105.522,0
1105.597,0
1105.672,0
1105.747,0
1105.822,0
1105.897,1
1105.972,1
1106.047,1
1106.122,1
1106.197,0
1106.272,0
1106.347,0
1106.422,0
1106.497,0
1106.572,0
1106.647,1
1106.722,1
1106.798,1
1106.873,1
1106.948,0
1107.023,0
1107.098,0
1107.173,1
1107.248,1
1107.323,1
1107.398,1
1107.473,0
1107.548,0
1107.624,0
1107.699,0
1107.774,0
1107.849,0
1107.924,1
1107.999,1
1108.074,1
1108.149,1
1108.224,0
1108.3,0
1108.375,0
1108.45,0
1108.525,0
1108.6,0
1108.675,0
1108.75,0
1108.825,0
1108.901,0
1108.976,1
1109.051,1
1109.126,1
1109.201,2
1109.276,1
1109.352,2
1109.427,2
1109.502,1
1109.577,2
1109.652,1
1109.727,1
1109.803,1
1109.878,0
1109.953,1
1110.028,1
1110.103,1
1110.178,2
1110.254,1
1110.329,1
1110.404,2
1110.479,1
1110.554,1
1110.63,1
1110.705,0
1110.78,0
1110.855,0
1110.93,0
1111.006,0
1111.081,0
1111.156,0
1111.231,0
1111.307,0
1111.382,0
1111.457,0
1111.532,0
1111.607,0
1111.683,0
1111.758,0
1111.833,0
1111.908,0
1111.984,0
1112.059,1
1112.134,1
1112.209,3
1112.285,3
1112.36,2
1112.435,2
1112.511,0
1112.586,0
1112.661,0
1112.736,0
1112.812,0
1112.887,0
1112.962,0
1113.037,0
1113.113,0
1113.188,0
1113.263,0
1113.339,0
1113.414,0
1113.489,0
1113.565,0
1113.64,0
1113.715,0
1113.79,1
1113.866,1
1113.941,1
1114.016,1
1114.092,0
1114.167,0
1114.242,0
1114.318,0
1114.393,1
1114.468,1
1114.544,1
1114.619,1
1114.694,1
1114.77,2
1114.845,3
1114.92,4
1114.996,4
1115.071,4
1115.147,4
1115.222,1
1115.297,1
1115.373,1
1115.448,1
1115.523,0
1115.599,0
1115.674,0
1115.749,0
1115.825,0
1115.9,0
1115.976,0
1116.051,0
1116.126,0
1116.202,0
1116.277,0
1116.353,0
1116.428,0
1116.503,0
1116.579,0
1116.654,0
1116.73,1
1116.805,1
1116.88,1
1116.956,1
1117.031,0
1117.107,0
1117.182,0
1117.258,0
1117.333,0
1117.408,1
1117.484,3
1117.559,3
1117.635,3
1117.71,2
1117.786,0
1117.861,0
1117.937,0
1118.012,0
1118.088,0
1118.163,0
1118.238,2
1118.314,2
1118.389,2
1118.465,2
1118.54,1
1118.616,1
1118.691,1
1118.767,2
1118.842,1
1118.918,1
1118.993,1
1119.069,0
1119.144,0
1119.22,0
1119.295,0
1119.371,0
1119.446,0
1119.522,0
1119.597,0
1119.673,0
1119.748,0
1119.824,0
1119.899,0
1119.975,0
1120.05,0
1120.126,0
1120.201,0
1120.277,0
1120.353,0
1120.428,0
1120.504,0
1120.579,0
1120.655,0
1120.73,0
1120.806,0
1120.881,0
1120.957,0
1121.032,0
1121.108,0
1121.184,0
1121.259,1
1121.335,1
1121.41,1
1121.486,1
1121.561,0
1121.637,1
1121.713,1
1121.788,1
1121.864,2
1121.939,1
1122.015,1
1122.091,1
1122.166,0
1122.242,0
1122.317,0
1122.393,0
1122.469,1
1122.544,1
1122.62,1
1122.695,1
1122.771,0
1122.847,0
1122.922,1
1122.998,1
1123.074,1
1123.149,1
1123.225,0
1123.3,1
1123.376,1
1123.452,2
1123.527,4
1123.603,3
1123.679,4
1123.754,3
1123.83,3
1123.906,4
1123.981,4
1124.057,5
1124.133,3
1124.208,2
1124.284,1
1124.36,1
1124.435,1
1124.511,1
1124.587,1
1124.662,0
1124.738,0
1124.814,0
1124.89,0
1124.965,1
1125.041,2
1125.117,3
1125.192,5
1125.268,4
1125.344,4
1125.419,3
1125.495,1
1125.571,1
1125.647,0
1125.722,0
1125.798,1
1125.874,1
1125.949,1
1126.025,1
1126.101,1
1126.177,1
1126.252,1
1126.328,1
1126.404,1
1126.48,1
1126.555,1
1126.631,1
1126.707,0
1126.783,0
1126.858,0
1126.934,0
1127.01,0
1127.086,0
1127.161,0
1127.237,0
1127.313,1
1127.389,1
1127.465,1
1127.54,1
1127.616,3
1127.692,3
1127.768,3
1127.844,3
1127.919,3
1127.995,3
1128.071,3
1128.147,3
1128.223,1
1128.298,1
1128.374,3
1128.45,4
1128.526,3
1128.602,3
1128.677,1
1128.753,0
1128.829,0
1128.905,0
1128.981,0
1129.057,0
1129.132,1
1129.208,1
1129.284,1
1129.36,1
1129.436,0
1129.512,0
1129.588,0
1129.663,0
1129.739,0
1129.815,0
1129.891,0
1129.967,0
1130.043,0
1130.119,0
1130.194,0
1130.27,0
1130.346,0
1130.422,0
1130.498,0
1130.574,0
1130.65,0
1130.726,3
1130.802,3
1130.877,3
1130.953,3
1131.029,2
1131.105,2
1131.181,2
1131.257,3
1131.333,1
1131.409,2
1131.485,2
1131.561,1
1131.637,1
1131.712,0
1131.788,0
1131.864,3
1131.94,3
1132.016,3
1132.092,3
1132.168,1
1132.244,1
1132.32,1
1132.396,1
1132.472,2
1132.548,2
1132.624,3
1132.7,3
1132.776,1
1132.852,1
1132.928,0
1133.004,0
1133.08,0
1133.156,0
1133.232,1
1133.308,1
1133.383,1
1133.459,1
1133.535,0
1133.611,0
1133.687,0
1133.763,0
1133.839,0
1133.915,0
1133.991,0
1134.067,1
1134.143,1
1134.219,1
1134.295,1
1134.372,0
1134.448,0
1134.524,0
1134.6,0
1134.676,0
1134.752,1
1134.828,1
1134.904,2
1134.98,2
1135.056,1
1135.132,1
1135.208,0
1135.284,0
1135.36,0
1135.436,0
1135.512,0
1135.588,0
1135.664,0
1135.74,0
1135.816,0
1135.892,0
1135.968,0
1136.045,0
1136.121,0
1136.197,0
1136.273,0
1136.349,0
1136.425,1
1136.501,1
1136.577,1
1136.653,1
1136.729,0
1136.805,0
1136.882,0
1136.958,0
1137.034,0
1137.11,0
1137.186,0
1137.262,0
1137.338,1
1137.414,2
1137.49,3
1137.567,5
1137.643,4
1137.719,3
1137.795,2
1137.871,0
1137.947,0
1138.023,0
1138.1,0
1138.176,0
1138.252,0
1138.328,0
1138.404,0
1138.48,0
1138.556,0
1138.633,0
1138.709,0
1138.785,0
1138.861,0
1138.937,0
1139.013,0
1139.09,0
1139.166,0
1139.242,0
1139.318,0
1139.394,0
1139.471,0
1139.547,0
1139.623,0
1139.699,0
1139.775,0
1139.852,0
1139.928,0
1140.004,0
1140.08,0
1140.156,0
1140.233,1
1140.309,1
1140.385,1
1140.461,1
1140.537,0
1140.614,0
1140.69,0
1140.766,0
1140.842,0
1140.919,0
1140.995,0
1141.071,0
1141.147,0
1141.224,0
1141.3,0
1141.376,1
1141.452,2
1141.529,3
1141.605,4
1141.681,5
1141.757,4
1141.834,3
1141.91,2
1141.986,0
1142.063,0
1142.139,0
1142.215,1
1142.291,2
1142.368,2
1142.444,2
1142.52,2
1142.597,1
1142.673,1
1142.749,2
1142.825,2
1142.902,2
1142.978,2
1143.054,1
1143.131,1
1143.207,1
1143.283,1
1143.36,1
1143.436,1
1143.512,1
1143.589,1
1143.665,1
1143.741,1
1143.818,1
1143.894,1
1143.97,1
1144.047,1
1144.123,1
1144.199,1
1144.276,1
1144.352,1
1144.428,2
1144.505,2
1144.581,2
1144.658,1
1144.734,0
1144.81,0
1144.887,0
1144.963,0
1145.039,1
1145.116,1
1145.192,1
1145.269,1
1145.345,0
1145.421,0
1145.498,0
1145.574,1
1145.651,1
1145.727,3
1145.803,4
1145.88,3
1145.956,3
1146.033,1
1146.109,0
1146.185,0
1146.262,1
1146.338,2
1146.415,2
1146.491,3
1146.568,2
1146.644,1
1146.72,1
1146.797,0
1146.873,0
1146.95,0
1147.026,0
1147.103,0
1147.179,1
1147.256,2
1147.332,2
1147.409,2
1147.485,1
1147.561,0
1147.638,0
1147.714,0
1147.791,0
1147.867,0
1147.944,0
1148.02,1
1148.097,1
1148.173,3
1148.25,3
1148.326,2
1148.403,3
1148.479,1
1148.556,1
1148.632,2
1148.709,1
1148.785,1
1148.862,2
1148.938,1
1149.015,1
1149.091,1
1149.168,0
1149.244,0
1149.321,0
1149.397,2
1149.474,2
1149.55,2
1149.627,2
1149.704,0
1149.78,0
1149.857,0
1149.933,0
1150.01,0
1150.086,0
1150.163,0
1150.239,0
1150.316,1
1150.392,1
1150.469,1
1150.546,1
1150.622,0
1150.699,0
1150.775,0
1150.852,0
1150.928,0
1151.005,0
1151.082,3
1151.158,4
1151.235,4
1151.311,4
1151.388,1
1151.465,0
1151.541,0
1151.618,1
1151.694,1
1151.771,1
1151.848,1
1151.924,0
1152.001,0
1152.077,0
1152.154,0
1152.231,1
1152.307,3
1152.384,3
1152.461,3
1152.537,3
1152.614,5
1152.691,5
1152.767,6
1152.844,5
1152.92,1
1152.997,1
1153.074,0
1153.15,0
1153.227,1
1153.304,1
1153.38,1
1153.457,1
1153.534,0
1153.61,0
1153.687,0
1153.764,0
1153.84,0
1153.917,0
1153.994,1
1154.07,1
1154.147,1
1154.224,1
1154.301,0
1154.377,0
1154.454,0
1154.531,0
1154.607,1
1154.684,1
1154.761,1
1154.837,1
1154.914,0
1154.991,0
1155.068,0
1155.144,0
1155.221,0
1155.298,1
1155.375,1
1155.451,1
1155.528,1
1155.605,0
1155.681,0
1155.758,0
1155.835,1
1155.912,1
1155.988,1
1156.065,1
1156.142,0
1156.219,0
1156.295,0
1156.372,2
1156.449,2
1156.526,2
1156.603,4
1156.679,2
1156.756,2
1156.833,2
1156.91,1
1156.986,1
1157.063,1
1157.14,2
1157.217,3
1157.294,3
1157.37,3
1157.447,2
1157.524,1
1157.601,2
1157.678,3
1157.754,4
1157.831,6
1157.908,6
1157.985,6
1158.062,6
1158.139,2
1158.215,2
1158.292,2
1158.369,3
1158.446,3
1158.523,3
1158.6,3
1158.676,2
1158.753,0
1158.83,0
1158.907,0
1158.984,0
1159.061,0
1159.137,0
1159.214,0
1159.291,0
1159.368,1
1159.445,1
1159.522,1
1159.599,1
1159.676,3
1159.752,5
1159.829,5
1159.906,5
1159.983,3
1160.06,1
1160.137,1
1160.214,1
1160.291,0
1160.368,0
1160.444,1
1160.521,1
1160.598,1
1160.675,1
1160.752,2
1160.829,2
1160.906,2
1160.983,2
1161.06,0
1161.137,0
1161.214,0
1161.29,0
1161.367,0
1161.444,0
1161.521,1
1161.598,1
1161.675,1
1161.752,2
1161.829,1
1161.906,1
1161.983,1
1162.06,0
1162.137,0
1162.214,0
1162.291,1
1162.368,1
1162.445,1
1162.522,1
1162.599,0
1162.676,0
1162.753,1
1162.83,1
1162.907,1
1162.984,1
1163.061,0
1163.138,0
1163.215,0
1163.292,0
1163.369,2
1163.446,2
1163.523,3
1163.6,3
1163.677,1
1163.754,1
1163.831,0
1163.908,0
1163.985,0
1164.062,0
1164.139,2
1164.216,2
1164.293,2
1164.37,2
1164.447,0
1164.524,0
1164.601,0
1164.678,0
1164.755,0
1164.832,0
1164.909,0
1164.986,0
1165.063,0
1165.14,0
1165.217,0
1165.294,0
1165.371,0
1165.449,0
1165.526,0
1165.603,0
1165.68,0
1165.757,0
1165.834,0
1165.911,0
1165.988,0
1166.065,0
1166.142,0
1166.219,0
1166.296,0
1166.374,0
1166.451,0
1166.528,0
1166.605,0
1166.682,1
1166.759,1
1166.836,1
1166.913,1
1166.99,0
1167.068,0
1167.145,0
1167.222,0
1167.299,1
1167.376,1
1167.453,1
1167.53,1
1167.608,0
1167.685,0
1167.762,0
1167.839,0
1167.916,0
1167.993,1
1168.07,1
1168.148,1
1168.225,1
1168.302,0
1168.379,0
1168.456,0
1168.533,0
1168.611,1
1168.688,1
1168.765,1
1168.842,1
1168.919,0
1168.997,0
1169.074,0
1169.151,0
1169.228,0
1169.305,1
1169.383,1
1169.46,1
1169.537,1
1169.614,0
1169.691,1
1169.769,1
1169.846,3
1169.923,3
1170,2
1170.077,2
1170.155,0
1170.232,0
1170.309,0
1170.386,0
1170.464,0
1170.541,0
1170.618,0
1170.695,0
1170.773,0
1170.85,0
1170.927,0
1171.004,0
1171.082,0
1171.159,0
1171.236,0
1171.313,0
1171.391,0
1171.468,0
1171.545,0
1171.623,0
1171.7,2
1171.777,2
1171.854,3
1171.932,3
1172.009,1
1172.086,1
1172.164,0
1172.241,1
1172.318,1
1172.395,1
1172.473,1
1172.55,0
1172.627,0
1172.705,0
1172.782,0
1172.859,0
1172.937,0
1173.014,0
1173.091,0
1173.169,1
1173.246,2
1173.323,2
1173.401,2
1173.478,1
1173.555,0
1173.633,0
1173.71,0
1173.787,0
1173.865,0
1173.942,0
1174.019,0
1174.097,0
1174.174,0
1174.251,0
1174.329,0
1174.406,0
1174.484,2
1174.561,3
1174.638,3
1174.716,3
1174.793,1
1174.871,0
1174.948,0
1175.025,0
1175.103,1
1175.18,1
1175.257,1
1175.335,1
1175.412,0
1175.49,0
1175.567,0
1175.645,0
1175.722,2
1175.799,2
1175.877,2
1175.954,2
1176.032,0
1176.109,0
1176.186,0
1176.264,0
1176.341,0
1176.419,1
1176.496,2
1176.574,2
1176.651,2
1176.729,1
1176.806,0
1176.883,0
1176.961,0
1177.038,0
1177.116,0
1177.193,0
1177.271,2
1177.348,2
1177.426,2
1177.503,2
1177.581,0
1177.658,1
1177.736,1
1177.813,1
1177.891,1
1177.968,0
1178.046,1
1178.123,3
1178.201,4
1178.278,4
1178.356,3
1178.433,1
1178.511,1
1178.588,1
1178.666,1
1178.743,1
1178.821,0
1178.898,0
1178.976,1
1179.053,1
1179.131,3
1179.208,3
1179.286,2
1179.363,2
1179.441,0
1179.518,0
1179.596,2
1179.674,2
1179.751,3
1179.829,4
1179.906,3
1179.984,4
1180.061,4
1180.139,4
1180.216,3
1180.294,2
1180.372,1
1180.449,0
1180.527,0
1180.604,0
1180.682,0
1180.759,0
1180.837,0
1180.915,0
1180.992,0
1181.07,0
1181.147,0
1181.225,0
1181.303,1
1181.38,1
1181.458,1
1181.535,1
1181.613,0
1181.691,0
1181.768,0
1181.846,0
1181.924,0
1182.001,2
1182.079,2
1182.156,2
1182.234,3
1182.312,1
1182.389,1
1182.467,1
1182.545,0
1182.622,1
1182.7,1
1182.778,1
1182.855,2
1182.933,2
1183.01,2
1183.088,2
1183.166,1
1183.243,0
1183.321,0
1183.399,0
1183.476,1
1183.554,1
1183.632,1
1183.71,1
1183.787,0
1183.865,0
1183.943,0
1184.02,0
1184.098,0
1184.176,1
1184.253,1
1184.331,1
1184.409,1
1184.486,0
1184.564,0
1184.642,0
1184.72,0
1184.797,0
1184.875,0
1184.953,3
1185.031,4
1185.108,4
1185.186,5
1185.264,4
1185.341,3
1185.419,3
1185.497,2
1185.575,2
1185.652,2
1185.73,2
1185.808,2
1185.886,2
1185.963,2
1186.041,2
1186.119,2
1186.197,0
1186.274,0
1186.352,1
1186.43,2
1186.508,3
1186.586,4
1186.663,4
1186.741,3
1186.819,2
1186.897,2
1186.975,1
1187.052,1
1187.13,1
1187.208,1
1187.286,1
1187.364,2
1187.441,2
1187.519,1
1187.597,1
1187.675,0
1187.753,1
1187.83,1
1187.908,1
1187.986,1
1188.064,0
1188.142,0
1188.22,0
1188.297,0
1188.375,0
1188.453,0
1188.531,2
1188.609,2
1188.687,2
1188.764,4
1188.842,2
1188.92,2
1188.998,2
1189.076,0
1189.154,1
1189.232,1
1189.309,1
1189.387,1
1189.465,0
1189.543,1
1189.621,1
1189.699,1
1189.777,1
1189.855,1
1189.932,1
1190.01,1
1190.088,1
1190.166,0
1190.244,0
1190.322,1
1190.4,1
1190.478,1
1190.556,2
1190.634,4
1190.712,4
1190.789,4
1190.867,3
1190.945,0
1191.023,0
1191.101,1
1191.179,1
1191.257,1
1191.335,1
1191.413,1
1191.491,1
1191.569,1
1191.647,1
1191.725,0
1191.803,0
1191.881,1
1191.959,2
1192.036,2
1192.114,2
1192.192,3
1192.27,2
1192.348,2
1192.426,2
1192.504,1
1192.582,1
1192.66,1
1192.738,1
1192.816,1
1192.894,2
1192.972,2
1193.05,2
1193.128,1
1193.206,0
1193.284,0
1193.362,0
1193.44,0
1193.518,0
1193.596,0
1193.674,0
1193.752,0
1193.83,0
1193.908,0
1193.986,0
1194.064,1
1194.142,1
1194.22,3
1194.298,3
1194.376,3
1194.455,4
1194.533,3
1194.611,3
1194.689,2
1194.767,1
1194.845,0
1194.923,0
1195.001,1
1195.079,1
1195.157,1
1195.235,1
1195.313,0
1195.391,0
1195.469,0
1195.547,0
1195.625,0
1195.704,0
1195.782,0
1195.86,0
1195.938,0
1196.016,0
1196.094,0
1196.172,0
1196.25,1
1196.328,1
1196.406,1
1196.484,1
1196.563,0
1196.641,1
1196.719,1
1196.797,1
1196.875,1
1196.953,0
1197.031,0
1197.109,1
1197.188,1
1197.266,1
1197.344,1
1197.422,0
1197.5,0
1197.578,0
1197.656,0
1197.735,0
1197.813,0
1197.891,0
1197.969,0
1198.047,0
1198.125,0
1198.204,0
1198.282,0
1198.36,0
1198.438,0
1198.516,0
1198.594,0
1198.673,0
1198.751,0
1198.829,0
1198.907,0
1198.985,0
1199.063,0
1199.142,1
1199.22,1
1199.298,1
1199.376,1
1199.454,0
1199.533,0
1199.611,0
1199.689,1
1199.767,1
1199.846,1
1199.924,1
1200.002,0
1200.08,0
1200.158,0
1200.237,0
1200.315,0
1200.393,0
1200.471,0
1200.55,0
1200.628,1
1200.706,1
1200.784,2
1200.863,2
1200.941,1
1201.019,1
1201.097,0
1201.176,2
1201.254,2
1201.332,2
1201.41,2
1201.489,0
1201.567,0
1201.645,0
1201.724,0
1201.802,0
1201.88,0
1201.958,0
1202.037,0
1202.115,0
1202.193,0
1202.272,0
1202.35,1
1202.428,1
1202.507,1
1202.585,1
1202.663,0
1202.742,0
1202.82,0
1202.898,0
1202.976,0
1203.055,0
1203.133,0
1203.211,0
1203.29,1
1203.368,1
1203.446,1
1203.525,1
1203.603,0
1203.681,0
1203.76,0
1203.838,0
1203.917,0
1203.995,0
1204.073,0
1204.152,0
1204.23,0
1204.308,0
1204.387,0
1204.465,0
1204.543,0
1204.622,1
1204.7,1
1204.779,1
1204.857,1
1204.935,0
1205.014,0
1205.092,1
1205.171,1
1205.249,1
1205.327,1
1205.406,0
1205.484,0
1205.563,0
1205.641,1
1205.719,1
1205.798,1
1205.876,1
1205.955,1
1206.033,1
1206.112,1
1206.19,1
1206.268,0
1206.347,0
1206.425,1
1206.504,1
1206.582,1
1206.661,1
1206.739,0
1206.817,0
1206.896,0
1206.974,0
1207.053,0
1207.131,0
1207.21,0
1207.288,0
1207.367,1
1207.445,1
1207.524,1
1207.602,1
1207.681,0
1207.759,0
1207.838,0
1207.916,0
1207.995,2
1208.073,3
1208.152,3
1208.23,3
1208.309,1
1208.387,0
1208.466,3
1208.544,3
1208.623,3
1208.701,3
1208.78,3
1208.858,3
1208.937,3
1209.015,3
1209.094,0
1209.172,0
1209.251,1
1209.329,1
1209.408,1
1209.486,1
1209.565,0
1209.643,0
1209.722,0
1209.801,1
1209.879,1
1209.958,1
1210.036,1
1210.115,0
1210.193,0
1210.272,0
1210.35,1
1210.429,1
1210.508,1
1210.586,1
1210.665,0
1210.743,0
1210.822,0
1210.9,0
1210.979,2
1211.058,2
1211.136,3
1211.215,3
1211.293,1
1211.372,1
1211.451,0
1211.529,0
1211.608,0
1211.686,0
1211.765,0
1211.844,0
1211.922,1
1212.001,1
1212.08,1
1212.158,1
1212.237,0
1212.315,1
1212.394,1
1212.473,1
1212.551,1
1212.63,0
1212.709,0
1212.787,0
1212.866,0
1212.945,0
1213.023,0
1213.102,0
1213.181,0
1213.259,0
1213.338,0
1213.417,0
1213.495,0
1213.574,0
1213.653,0
1213.731,0
1213.81,0
1213.889,0
1213.967,0
1214.046,0
1214.125,1
1214.203,1
1214.282,1
1214.361,1
1214.44,0
1214.518,0
1214.597,0
1214.676,0
1214.754,0
1214.833,1
1214.912,1
1214.99,1
1215.069,2
1215.148,1
1215.227,1
1215.305,1
1215.384,0
1215.463,1
1215.542,2
1215.62,2
1215.699,2
1215.778,1
1215.857,0
1215.935,1
1216.014,2
1216.093,2
1216.172,2
1216.25,4
1216.329,3
1216.408,3
1216.487,3
1216.565,0
1216.644,0
1216.723,1
1216.802,1
1216.881,1
1216.959,1
1217.038,0
1217.117,0
1217.196,0
1217.275,1
1217.353,1
1217.432,1
1217.511,1
1217.59,0
1217.669,0
1217.747,0
1217.826,0
1217.905,1
1217.984,2
1218.063,2
1218.141,2
1218.22,2
1218.299,1
1218.378,1
1218.457,1
1218.536,0
1218.614,0
1218.693,0
1218.772,0
1218.851,0
1218.93,1
1219.009,1
1219.088,1
1219.166,1
1219.245,0
1219.324,1
1219.403,1
1219.482,1
1219.561,1
1219.64,0
1219.718,0
1219.797,0
1219.876,1
1219.955,1
1220.034,1
1220.113,1
1220.192,2
1220.271,2
1220.35,2
1220.428,2
1220.507,0
1220.586,0
1220.665,0
1220.744,0
1220.823,0
1220.902,0
1220.981,0
1221.06,3
1221.139,3
1221.218,3
1221.297,3
1221.375,0
1221.454,0
1221.533,0
1221.612,0
1221.691,0
1221.77,0
1221.849,0
1221.928,1
1222.007,1
1222.086,1
1222.165,1
1222.244,0
1222.323,0
1222.402,0
1222.481,0
1222.56,0
1222.639,0
1222.718,0
1222.797,1
1222.876,1
1222.955,3
1223.034,3
1223.113,2
1223.192,2
1223.271,3
1223.35,3
1223.429,3
1223.508,3
1223.587,1
1223.666,1
1223.745,1
1223.824,1
1223.903,0
1223.982,0
1224.061,0
1224.14,0
1224.219,0
1224.298,1
1224.377,1
1224.456,1
1224.535,1
1224.614,0
1224.693,0
1224.772,1
1224.851,1
1224.93,2
1225.009,2
1225.088,1
1225.167,1
1225.246,0
1225.325,0
1225.404,0
1225.483,0
1225.563,0
1225.642,0
1225.721,0
1225.8,0
1225.879,0
1225.958,0
1226.037,0
1226.116,1
1226.195,1
1226.274,1
1226.353,1
1226.432,0
1226.512,0
1226.591,2
1226.67,3
1226.749,5
1226.828,5
1226.907,3
1226.986,2
1227.065,2
1227.144,2
1227.224,2
1227.303,2
1227.382,0
1227.461,0
1227.54,1
1227.619,1
1227.698,1
1227.777,1
1227.857,0
1227.936,0
1228.015,1
1228.094,1
1228.173,1
1228.252,1
1228.332,3
1228.411,4
1228.49,4
1228.569,5
1228.648,2
1228.727,1
1228.807,3
1228.886,3
1228.965,3
1229.044,4
1229.123,2
1229.202,1
1229.282,1
1229.361,0
1229.44,0
1229.519,0
1229.598,0
1229.678,0
1229.757,0
1229.836,0
1229.915,0
1229.994,0
1230.074,0
1230.153,0
1230.232,0
1230.311,0
1230.391,0
1230.47,0
1230.549,0
1230.628,0
1230.708,0
1230.787,0
1230.866,0
1230.945,0
1231.025,0
1231.104,0
1231.183,1
1231.262,2
1231.342,2
1231.421,2
1231.5,1
1231.579,0
1231.659,0
1231.738,0
1231.817,0
1231.896,0
1231.976,0
1232.055,0
1232.134,0
1232.214,0
1232.293,3
1232.372,3
1232.451,3
1232.531,3
1232.61,0
1232.689,0
1232.769,0
1232.848,0
1232.927,0
1233.007,0
1233.086,0
1233.165,0
1233.245,0
1233.324,0
1233.403,1
1233.482,1
1233.562,2
1233.641,2
1233.72,1
1233.8,1
1233.879,0
1233.959,0
1234.038,0
1234.117,0
1234.197,0
1234.276,0
1234.355,0
1234.435,0
1234.514,0
1234.593,0
1234.673,0
1234.752,0
1234.831,0
1234.911,0
1234.99,0
1235.07,0
1235.149,0
1235.228,0
1235.308,0
1235.387,0
1235.467,0
1235.546,0
1235.625,0
1235.705,0
1235.784,0
1235.864,0
1235.943,0
1236.022,0
1236.102,0
1236.181,0
1236.261,0
1236.34,0
1236.419,0
1236.499,0
1236.578,0
1236.658,0
1236.737,0
1236.817,0
1236.896,0
1236.975,0
1237.055,0
1237.134,0
1237.214,1
1237.293,1
1237.373,4
1237.452,4
1237.532,3
1237.611,3
1237.691,1
1237.77,1
1237.85,1
1237.929,1
1238.008,0
1238.088,0
1238.167,0
1238.247,1
1238.326,1
1238.406,1
1238.485,5
1238.565,5
1238.644,5
1238.724,6
1238.803,2
1238.883,1
1238.962,1
1239.042,1
1239.121,1
1239.201,1
1239.28,1
1239.36,0
1239.439,0
1239.519,0
1239.599,0
1239.678,0
1239.758,0
1239.837,0
1239.917,0
1239.996,0
1240.076,0
1240.155,2
1240.235,3
1240.314,3
1240.394,3
1240.474,1
1240.553,1
1240.633,2
1240.712,2
1240.792,2
1240.871,3
1240.951,2
1241.031,2
1241.11,2
1241.19,0
1241.269,0
1241.349,0
1241.428,0
1241.508,0
1241.588,0
1241.667,0
1241.747,0
1241.826,0
1241.906,0
1241.986,0
1242.065,0
1242.145,0
1242.224,1
1242.304,3
1242.384,3
1242.463,3
1242.543,2
1242.623,0
1242.702,0
1242.782,0
1242.861,0
1242.941,0
1243.021,0
1243.1,0
1243.18,0
1243.26,1
1243.339,1
1243.419,1
1243.499,1
1243.578,0
1243.658,0
1243.738,0
1243.817,0
1243.897,0
1243.977,0
1244.056,2
1244.136,2
1244.216,2
1244.295,2
1244.375,0
1244.455,0
1244.534,0
1244.614,0
1244.694,0
1244.773,0
1244.853,0
1244.933,1
1245.013,1
1245.092,1
1245.172,1
1245.252,0
1245.331,0
1245.411,0
1245.491,0
1245.571,0
1245.65,0
1245.73,0
1245.81,0
1245.89,0
1245.969,0
1246.049,0
1246.129,1
1246.208,1
1246.288,1
1246.368,1
1246.448,1
1246.527,1
1246.607,1
1246.687,1
1246.767,1
1246.847,1
1246.926,1
1247.006,1
1247.086,0
1247.166,0
1247.245,0
1247.325,0
1247.405,0
1247.485,0
1247.565,2
1247.644,2
1247.724,3
1247.804,3
1247.884,1
1247.963,1
1248.043,1
1248.123,1
1248.203,1
1248.283,1
1248.363,0
1248.442,0
1248.522,0
1248.602,0
1248.682,1
1248.762,1
1248.841,1
1248.921,1
1249.001,0
1249.081,0
1249.161,0
1249.241,0
1249.321,0
1249.4,0
1249.48,0
1249.56,0
1249.64,0
1249.72,0
1249.8,0
1249.879,0
1249.959,0
1250.039,0
1250.119,0
1250.199,0
1250.279,0
1250.359,0
1250.439,0
1250.518,0
1250.598,0
1250.678,1
1250.758,2
1250.838,3
1250.918,3
1250.998,2
1251.078,1
1251.158,0
1251.238,0
1251.317,0
1251.397,0
1251.477,0
1251.557,0
1251.637,0
1251.717,0
1251.797,0
1251.877,0
1251.957,0
1252.037,0
1252.117,0
1252.197,0
1252.277,0
1252.357,0
1252.436,0
1252.516,0
1252.596,0
1252.676,1
1252.756,1
1252.836,1
1252.916,1
1252.996,0
1253.076,0
1253.156,0
1253.236,1
1253.316,1
1253.396,1
1253.476,2
1253.556,1
1253.636,2
1253.716,2
1253.796,1
1253.876,1
1253.956,0
1254.036,0
1254.116,0
1254.196,0
1254.276,1
1254.356,1
1254.436,1
1254.516,1
1254.596,0
1254.676,0
1254.756,1
1254.836,1
1254.916,1
1254.996,1
1255.076,3
1255.156,4
1255.236,4
1255.316,5
1255.396,2
1255.476,1
1255.556,1
1255.636,0
1255.717,1
1255.797,1
1255.877,1
1255.957,1
1256.037,0
1256.117,0
1256.197,0
1256.277,0
1256.357,0
1256.437,0
1256.517,0
1256.597,0
1256.677,0
1256.757,0
1256.838,0
1256.918,0
1256.998,0
1257.078,0
1257.158,0
1257.238,2
1257.318,2
1257.398,3
1257.478,4
1257.558,2
1257.639,2
1257.719,1
1257.799,1
1257.879,1
1257.959,1
1258.039,1
1258.119,1
1258.199,1
1258.28,1
1258.36,1
1258.44,0
1258.52,0
1258.6,0
1258.68,0
1258.761,2
1258.841,2
1258.921,2
1259.001,2
1259.081,2
1259.161,2
1259.241,2
1259.322,2
1259.402,0
1259.482,0
1259.562,0
1259.642,1
1259.723,1
1259.803,1
1259.883,1
1259.963,1
1260.043,1
1260.123,2
1260.204,2
1260.284,1
1260.364,1
1260.444,1
1260.525,3
1260.605,3
1260.685,4
1260.765,3
1260.845,2
1260.926,2
1261.006,2
1261.086,2
1261.166,2
1261.247,2
1261.327,1
1261.407,1
1261.487,1
1261.567,1
1261.648,1
1261.728,1
1261.808,0
1261.888,0
1261.969,0
1262.049,1
1262.129,2
1262.21,2
1262.29,3
1262.37,2
1262.45,1
1262.531,1
1262.611,0
1262.691,0
1262.771,0
1262.852,0
1262.932,0
1263.012,0
1263.093,0
1263.173,1
1263.253,2
1263.333,3
1263.414,3
1263.494,2
1263.574,1
1263.655,1
1263.735,2
1263.815,5
1263.896,5
1263.976,4
1264.056,3
1264.137,0
1264.217,1
1264.297,1
1264.378,1
1264.458,1
1264.538,3
1264.619,3
1264.699,3
1264.779,3
1264.86,0
1264.94,0
1265.02,0
1265.101,0
1265.181,0
1265.261,0
1265.342,2
1265.422,2
1265.503,2
1265.583,2
1265.663,1
1265.744,1
1265.824,3
1265.904,4
1265.985,4
1266.065,5
1266.146,4
1266.226,4
1266.306,4
1266.387,4
1266.467,2
1266.548,2
1266.628,2
1266.708,2
1266.789,0
1266.869,0
1266.95,0
1267.03,0
1267.111,0
1267.191,0
1267.271,0
1267.352,0
1267.432,0
1267.513,0
1267.593,0
1267.674,0
1267.754,0
1267.834,0
1267.915,0
1267.995,0
1268.076,0
1268.156,0
1268.237,0
1268.317,0
1268.398,0
1268.478,0
1268.559,3
1268.639,3
1268.72,3
1268.8,3
1268.88,3
1268.961,3
1269.041,4
1269.122,4
1269.202,1
1269.283,1
1269.363,0
1269.444,0
1269.524,0
1269.605,0
1269.685,0
1269.766,0
1269.846,2
1269.927,2
1270.007,2
1270.088,2
1270.168,0
1270.249,0
1270.33,0
1270.41,0
1270.491,0
1270.571,0
1270.652,0
1270.732,0
1270.813,0
1270.893,0
1270.974,0
1271.054,0
1271.135,1
1271.216,1
1271.296,2
1271.377,2
1271.457,1
1271.538,1
1271.618,0
1271.699,0
1271.779,0
1271.86,0
1271.941,0
1272.021,0
1272.102,0
1272.182,0
1272.263,0
1272.344,0
1272.424,0
1272.505,0
1272.585,0
1272.666,0
1272.747,0
1272.827,0
1272.908,0
1272.988,0
1273.069,1
1273.15,1
1273.23,1
1273.311,1
1273.391,0
1273.472,1
1273.553,1
1273.633,1
1273.714,1
1273.795,0
1273.875,0
1273.956,1
1274.037,3
1274.117,3
1274.198,4
1274.279,3
1274.359,1
1274.44,2
1274.521,1
1274.601,1
1274.682,1
1274.763,0
1274.843,0
1274.924,0
1275.005,0
1275.085,1
1275.166,1
1275.247,1
1275.327,1
1275.408,0
1275.489,0
1275.569,0
1275.65,0
1275.731,0
1275.811,0
1275.892,0
1275.973,0
1276.054,0
1276.134,0
1276.215,0
1276.296,3
1276.376,3
1276.457,3
1276.538,3
1276.619,0
1276.699,0
1276.78,0
1276.861,0
1276.942,0
1277.022,0
1277.103,0
1277.184,1
1277.265,1
1277.345,1
1277.426,1
1277.507,0
1277.588,0
1277.668,0
1277.749,1
1277.83,1
1277.911,1
1277.991,1
1278.072,0
1278.153,0
1278.234,0
1278.315,0
1278.395,0
1278.476,0
1278.557,0
1278.638,0
1278.718,0
1278.799,0
1278.88,0
1278.961,0
1279.042,2
1279.123,2
1279.203,2
1279.284,2
1279.365,0
1279.446,0
1279.527,1
1279.607,1
1279.688,1
1279.769,1
1279.85,0
1279.931,0
1280.012,0
1280.092,0
1280.173,0
1280.254,0
1280.335,0
1280.416,0
1280.497,0
1280.578,0
1280.658,0
1280.739,0
1280.82,0
1280.901,0
1280.982,1
1281.063,1
1281.144,1
1281.224,1
1281.305,0
1281.386,0
1281.467,0
1281.548,1
1281.629,1
1281.71,1
1281.791,2
1281.872,2
1281.953,2
1282.033,2
1282.114,3
1282.195,2
1282.276,2
1282.357,3
1282.438,1
1282.519,1
1282.6,1
1282.681,0
1282.762,0
1282.843,0
1282.924,0
1283.004,0
1283.085,1
1283.166,2
1283.247,3
1283.328,4
1283.409,5
1283.49,6
1283.571,5
1283.652,4
1283.733,2
1283.814,0
1283.895,1
1283.976,2
1284.057,2
1284.138,2
1284.219,1
1284.3,0
1284.381,0
1284.462,0
1284.543,0
1284.624,0
1284.705,0
1284.786,0
1284.867,0
1284.948,0
1285.029,1
1285.11,1
1285.191,1
1285.272,1
1285.353,1
1285.434,1
1285.515,1
1285.596,2
1285.677,2
1285.758,2
1285.839,2
1285.92,2
1286.001,1
1286.082,1
1286.163,2
1286.244,2
1286.325,3
1286.406,4
1286.487,3
1286.568,2
1286.649,1
1286.73,0
1286.811,0
1286.892,0
1286.973,0
1287.055,0
1287.136,0
1287.217,1
1287.298,1
1287.379,1
1287.46,1
1287.541,0
1287.622,0
1287.703,0
1287.784,0
1287.865,0
1287.946,0
1288.027,0
1288.109,0
1288.19,0
1288.271,0
1288.352,1
1288.433,1
1288.514,1
1288.595,1
1288.676,0
1288.757,0
1288.839,1
1288.92,1
1289.001,1
1289.082,1
1289.163,0
1289.244,0
1289.325,0
1289.407,0
1289.488,0
1289.569,0
1289.65,0
1289.731,0
1289.812,0
1289.893,0
1289.975,0
1290.056,0
1290.137,0
1290.218,0
1290.299,0
1290.38,0
1290.462,1
1290.543,1
1290.624,1
1290.705,1
1290.786,0
1290.867,0
1290.949,0
1291.03,0
1291.111,0
1291.192,0
1291.273,0
1291.355,0
1291.436,0
1291.517,0
1291.598,0
1291.679,0
1291.761,0
1291.842,0
1291.923,0
1292.004,0
1292.086,0
1292.167,1
1292.248,1
1292.329,2
1292.411,2
1292.492,1
1292.573,1
1292.654,0
1292.736,0
1292.817,0
1292.898,0
1292.979,0
1293.061,0
1293.142,0
1293.223,1
1293.304,4
1293.386,4
1293.467,6
1293.548,5
1293.629,2
1293.711,2
1293.792,0
1293.873,1
1293.955,1
1294.036,1
1294.117,1
1294.198,0
1294.28,0
1294.361,0
1294.442,0
1294.524,0
1294.605,0
1294.686,0
1294.768,0
1294.849,0
1294.93,0
1295.011,0
1295.093,2
1295.174,2
1295.255,2
1295.337,2
1295.418,0
1295.499,0
1295.581,0
1295.662,0
1295.743,0
1295.825,0
1295.906,0
1295.988,0
1296.069,0
1296.15,0
1296.232,0
1296.313,0
1296.394,0
1296.476,0
1296.557,0
1296.638,0
1296.72,1
1296.801,1
1296.883,1
1296.964,1
1297.045,0
1297.127,0
1297.208,0
1297.289,0
1297.371,0
1297.452,0
1297.534,0
1297.615,0
1297.696,0
1297.778,0
1297.859,0
1297.941,0
1298.022,0
1298.104,0
1298.185,0
1298.266,0
1298.348,0
1298.429,0
1298.511,0
1298.592,0
1298.674,5
1298.755,5
1298.836,5
1298.918,5
1298.999,3
1299.081,3
1299.162,3
1299.244,3
1299.325,0
1299.407,0
1299.488,0
1299.57,0
1299.651,0
1299.732,0
1299.814,0
1299.895,0
1299.977,0
1300.058,0
1300.14,0
1300.221,0
1300.303,1
1300.384,1
1300.466,1
1300.547,1
1300.629,0
1300.71,0
1300.792,0
1300.873,0
1300.955,0
1301.036,0
1301.118,0
1301.199,0
1301.281,0
1301.362,0
1301.444,0
1301.525,0
1301.607,0
1301.689,0
1301.77,0
1301.852,0
1301.933,0
1302.015,1
1302.096,1
1302.178,1
1302.259,1
1302.341,0
1302.422,0
1302.504,1
1302.586,1
1302.667,1
1302.749,2
1302.83,1
1302.912,2
1302.993,2
1303.075,2
1303.157,2
1303.238,2
1303.32,2
1303.401,1
1303.483,1
1303.565,0
1303.646,0
1303.728,0
1303.809,0
1303.891,0
1303.973,0
1304.054,0
1304.136,0
1304.217,1
1304.299,1
1304.381,1
1304.462,2
1304.544,1
1304.625,1
1304.707,1
1304.789,0
1304.87,0
1304.952,0
1305.034,0
1305.115,0
1305.197,0
1305.279,1
1305.36,2
1305.442,3
1305.524,8
1305.605,7
1305.687,6
1305.769,6
1305.85,4
1305.932,4
1306.014,4
1306.095,3
1306.177,0
1306.259,0
1306.34,0
1306.422,0
1306.504,0
1306.585,0
1306.667,0
1306.749,0
1306.83,0
1306.912,0
1306.994,0
1307.075,0
1307.157,0
1307.239,0
1307.321,0
1307.402,0
1307.484,1
1307.566,1
1307.647,2
1307.729,2
1307.811,1
1307.893,1
1307.974,0
1308.056,0
1308.138,0
1308.22,0
1308.301,0
1308.383,0
1308.465,0
1308.547,0
1308.628,0
1308.71,0
1308.792,0
1308.874,0
1308.955,0
1309.037,0
1309.119,0
1309.201,0
1309.283,0
1309.364,0
1309.446,0
1309.528,1
1309.61,1
1309.691,1
1309.773,1
1309.855,1
1309.937,2
1310.019,2
1310.1,3
1310.182,2
1310.264,1
1310.346,1
1310.428,0
1310.509,0
1310.591,0
1310.673,0
1310.755,0
1310.837,0
1310.919,0
1311,0
1311.082,0
1311.164,0
1311.246,1
1311.328,1
1311.41,1
1311.491,1
1311.573,1
1311.655,1
1311.737,1
1311.819,1
1311.901,0
1311.983,0
1312.064,0
1312.146,0
1312.228,1
1312.31,1
1312.392,1
1312.474,1
1312.556,0
1312.638,0
1312.719,3
1312.801,3
1312.883,5
1312.965,6
1313.047,4
1313.129,5
1313.211,4
1313.293,3
1313.375,2
1313.456,1
1313.538,1
1313.62,1
1313.702,1
1313.784,1
1313.866,0
1313.948,0
1314.03,2
1314.112,2
1314.194,2
1314.276,2
1314.358,0
1314.44,0
1314.522,1
1314.603,1
1314.685,1
1314.767,1
1314.849,0
1314.931,0
1315.013,1
1315.095,1
1315.177,1
1315.259,1
1315.341,0
1315.423,0
1315.505,0
1315.587,0
1315.669,2
1315.751,2
1315.833,3
1315.915,3
1315.997,2
1316.079,2
1316.161,3
1316.243,3
1316.325,2
1316.407,2
1316.489,1
1316.571,1
1316.653,2
1316.735,2
1316.817,2
1316.899,2
1316.981,5
1317.063,6
1317.145,7
1317.227,7
1317.309,4
1317.391,3
1317.473,1
1317.555,1
1317.637,1
1317.719,1
1317.801,1
1317.883,1
1317.965,1
1318.047,1
1318.13,1
1318.212,2
1318.294,1
1318.376,1
1318.458,2
1318.54,1
1318.622,1
1318.704,2
1318.786,1
1318.868,1
1318.95,3
1319.032,2
1319.114,2
1319.197,2
1319.279,0
1319.361,0
1319.443,0
1319.525,1
1319.607,1
1319.689,1
1319.771,1
1319.853,2
1319.935,2
1320.018,2
1320.1,3
1320.182,2
1320.264,2
1320.346,2
1320.428,1
1320.51,0
1320.592,1
1320.675,1
1320.757,1
1320.839,1
1320.921,0
1321.003,0
1321.085,4
1321.167,5
1321.25,5
1321.332,5
1321.414,1
1321.496,0
1321.578,1
1321.66,1
1321.743,2
1321.825,2
1321.907,3
1321.989,4
1322.071,3
1322.153,3
1322.236,1
1322.318,0
1322.4,1
1322.482,1
1322.564,1
1322.647,2
1322.729,1
1322.811,1
1322.893,1
1322.975,0
1323.058,0
1323.14,0
1323.222,0
1323.304,0
1323.387,1
1323.469,1
1323.551,2
1323.633,2
1323.715,1
1323.798,1
1323.88,1
1323.962,1
1324.044,2
1324.127,2
1324.209,1
1324.291,2
1324.373,1
1324.456,1
1324.538,1
1324.62,0
1324.702,0
1324.785,0
1324.867,2
1324.949,2
1325.032,3
1325.114,3
1325.196,2
1325.278,2
1325.361,1
1325.443,1
1325.525,0
1325.608,0
1325.69,0
1325.772,0
1325.854,0
1325.937,3
1326.019,3
1326.101,3
1326.184,4
1326.266,5
1326.348,6
1326.431,6
1326.513,8
1326.595,4
1326.678,4
1326.76,4
1326.842,2
1326.925,2
1327.007,1
1327.089,1
1327.172,0
1327.254,0
1327.336,0
1327.419,0
1327.501,1
1327.583,3
1327.666,4
1327.748,4
1327.83,3
1327.913,1
1327.995,1
1328.078,1
1328.16,2
1328.242,2
1328.325,2
1328.407,2
1328.489,1
1328.572,1
1328.654,0
1328.737,0
1328.819,1
1328.901,1
1328.984,1
1329.066,1
1329.149,1
1329.231,2
1329.313,2
1329.396,2
1329.478,1
1329.561,0
1329.643,0
1329.726,2
1329.808,2
1329.89,2
1329.973,2
1330.055,0
1330.138,0
1330.22,0
1330.303,1
1330.385,1
1330.467,1
1330.55,1
1330.632,1
1330.715,1
1330.797,1
1330.88,2
1330.962,1
1331.045,1
1331.127,1
1331.21,0
1331.292,1
1331.375,1
1331.457,1
1331.539,1
1331.622,2
1331.704,2
1331.787,2
1331.869,2
1331.952,2
1332.034,2
1332.117,2
1332.199,2
1332.282,0
1332.364,0
1332.447,0
1332.529,0
1332.612,0
1332.694,0
1332.777,0
1332.86,0
1332.942,0
1333.025,0
1333.107,0
1333.19,0
1333.272,0
1333.355,0
1333.437,1
1333.52,1
1333.602,2
1333.685,2
1333.767,1
1333.85,1
1333.933,0
1334.015,0
1334.098,0
1334.18,0
1334.263,0
1334.345,0
1334.428,0
1334.511,1
1334.593,1
1334.676,1
1334.758,1
1334.841,0
1334.923,0
1335.006,0
1335.089,0
1335.171,0
1335.254,1
1335.336,1
1335.419,1
1335.502,1
1335.584,0
1335.667,0
1335.749,0
1335.832,0
1335.915,0
1335.997,0
1336.08,1
1336.163,1
1336.245,1
1336.328,1
1336.41,0
1336.493,1
1336.576,4
1336.658,4
1336.741,4
1336.824,4
1336.906,2
1336.989,2
1337.072,2
1337.154,1
1337.237,0
1337.32,0
1337.402,0
1337.485,1
1337.568,1
1337.65,1
1337.733,1
1337.816,1
1337.898,1
1337.981,1
1338.064,1
1338.146,0
1338.229,0
1338.312,0
1338.394,0
1338.477,0
1338.56,1
1338.643,2
1338.725,2
1338.808,2
1338.891,1
1338.973,0
1339.056,0
1339.139,0
1339.222,0
1339.304,0
1339.387,0
1339.47,1
1339.552,1
1339.635,1
1339.718,1
1339.801,0
1339.883,0
1339.966,0
1340.049,0
1340.132,0
1340.214,0
1340.297,0
1340.38,0
1340.463,0
1340.545,1
1340.628,1
1340.711,1
1340.794,2
1340.877,1
1340.959,1
1341.042,1
1341.125,0
1341.208,0
1341.29,0
1341.373,0
1341.456,0
1341.539,0
1341.622,0
1341.704,0
1341.787,1
1341.87,2
1341.953,4
1342.036,6
1342.119,5
1342.201,5
1342.284,3
1342.367,1
1342.45,1
1342.533,0
1342.615,0
1342.698,0
1342.781,0
1342.864,0
1342.947,0
1343.03,0
1343.112,1
1343.195,1
1343.278,1
1343.361,1
1343.444,1
1343.527,1
1343.61,2
1343.692,3
1343.775,2
1343.858,2
1343.941,2
1344.024,1
1344.107,3
1344.19,3
1344.273,2
1344.355,2
1344.438,1
1344.521,2
1344.604,3
1344.687,5
1344.77,5
1344.853,5
1344.936,5
1345.019,10
1345.102,9
1345.184,8
1345.267,7
1345.35,2
1345.433,2
1345.516,2
1345.599,2
1345.682,1
1345.765,1
1345.848,1
1345.931,1
1346.014,0
1346.097,1
1346.18,1
1346.263,1
1346.345,1
1346.428,0
1346.511,0
1346.594,0
1346.677,0
1346.76,0
1346.843,0
1346.926,0
1347.009,2
1347.092,2
1347.175,2
1347.258,2
1347.341,1
1347.424,1
1347.507,1
1347.59,1
1347.673,0
1347.756,0
1347.839,0
1347.922,1
1348.005,1
1348.088,1
1348.171,1
1348.254,0
1348.337,0
1348.42,1
1348.503,1
1348.586,1
1348.669,1
1348.752,1
1348.835,1
1348.918,1
1349.001,2
1349.084,2
1349.167,5
1349.25,6
1349.333,6
1349.416,6
1349.499,3
1349.582,2
1349.665,2
1349.749,1
1349.832,1
1349.915,1
1349.998,0
1350.081,0
1350.164,0
1350.247,0
1350.33,0
1350.413,0
1350.496,0
1350.579,0
1350.662,2
1350.745,2
1350.828,3
1350.912,3
1350.995,1
1351.078,1
1351.161,1
1351.244,1
1351.327,1
1351.41,1
1351.493,0
1351.576,0
1351.659,0
1351.743,0
1351.826,1
1351.909,1
1351.992,2
1352.075,2
1352.158,1
1352.241,1
1352.324,4
1352.408,4
1352.491,4
1352.574,4
1352.657,3
1352.74,4
1352.823,4
1352.906,7
1352.99,8
1353.073,7
1353.156,7
1353.239,5
1353.322,2
1353.405,2
1353.489,2
1353.572,1
1353.655,0
1353.738,0
1353.821,1
1353.905,1
1353.988,1
1354.071,1
1354.154,0
1354.237,0
1354.32,1
1354.404,2
1354.487,2
1354.57,2
1354.653,1
1354.737,0
1354.82,0
1354.903,0
1354.986,1
1355.069,1
1355.153,1
1355.236,1
1355.319,1
1355.402,1
1355.486,1
1355.569,1
1355.652,1
1355.735,1
1355.818,1
1355.902,1
1355.985,0
1356.068,0
1356.151,0
1356.235,0
1356.318,0
1356.401,0
1356.485,0
1356.568,0
1356.651,0
1356.734,0
1356.818,0
1356.901,0
1356.984,0
1357.067,1
1357.151,2
1357.234,2
1357.317,3
1357.401,2
1357.484,1
1357.567,1
1357.65,1
1357.734,1
1357.817,1
1357.9,1
1357.984,0
1358.067,0
1358.15,0
1358.234,0
1358.317,1
1358.4,1
1358.484,1
1358.567,1
1358.65,0
1358.734,0
1358.817,0
1358.9,0
1358.984,0
1359.067,0
1359.15,1
1359.234,1
1359.317,1
1359.4,2
1359.484,2
1359.567,3
1359.65,4
1359.734,3
1359.817,2
1359.901,2
1359.984,1
1360.067,1
1360.151,1
1360.234,1
1360.317,1
1360.401,1
1360.484,1
1360.568,0
1360.651,0
1360.734,0
1360.818,0
1360.901,0
1360.985,0
1361.068,0
1361.151,0
1361.235,0
1361.318,0
1361.402,0
1361.485,0
1361.569,0
1361.652,1
1361.735,1
1361.819,1
1361.902,1
1361.986,0
1362.069,0
1362.153,0
1362.236,1
1362.319,1
1362.403,1
1362.486,1
1362.57,0
1362.653,0
1362.737,0
1362.82,0
1362.904,0
1362.987,0
1363.071,0
1363.154,1
1363.238,1
1363.321,1
1363.405,1
1363.488,0
1363.572,0
1363.655,0
1363.738,0
1363.822,0
1363.905,1
1363.989,1
1364.072,1
1364.156,1
1364.239,0
1364.323,1
1364.407,1
1364.49,1
1364.574,1
1364.657,1
1364.741,2
1364.824,2
1364.908,2
1364.991,1
1365.075,1
1365.158,2
1365.242,3
1365.325,4
1365.409,3
1365.492,2
1365.576,1
1365.66,0
1365.743,0
1365.827,0
1365.91,0
1365.994,0
1366.077,0
1366.161,0
1366.244,0
1366.328,0
1366.412,0
1366.495,1
1366.579,2
1366.662,2
1366.746,2
1366.83,2
1366.913,1
1366.997,1
1367.08,2
1367.164,3
1367.247,4
1367.331,5
1367.415,19
1367.498,35
1367.582,50
1367.666,77
1367.749,102
1367.833,122
1367.916,149
1368,168
1368.084,145
1368.167,118
1368.251,90
1368.335,57
1368.418,62
1368.502,78
1368.585,88
1368.669,105
1368.753,135
1368.836,165
1368.92,192
1369.004,221
1369.087,190
1369.171,154
1369.255,123
1369.338,87
1369.422,82
1369.506,83
1369.589,84
1369.673,87
1369.757,101
1369.84,116
1369.924,122
1370.008,126
1370.091,108
1370.175,93
1370.259,77
1370.343,56
1370.426,50
1370.51,45
1370.594,39
1370.677,37
1370.761,42
1370.845,46
1370.928,49
1371.012,43
1371.096,42
1371.18,40
1371.263,34
1371.347,31
1371.431,28
1371.515,24
1371.598,22
1371.682,13
1371.766,12
1371.85,12
1371.933,11
1372.017,15
1372.101,18
1372.185,18
1372.268,18
1372.352,18
1372.436,21
1372.52,19
1372.603,16
1372.687,13
1372.771,9
1372.855,9
1372.938,9
1373.022,7
1373.106,8
1373.19,8
1373.274,9
1373.357,11
1373.441,7
1373.525,7
1373.609,7
1373.693,3
1373.776,3
1373.86,3
1373.944,2
1374.028,3
1374.112,3
1374.195,4
1374.279,4
1374.363,5
1374.447,6
1374.531,5
1374.615,5
1374.698,4
1374.782,4
1374.866,4
1374.95,6
1375.034,3
1375.118,2
1375.201,2
1375.285,1
1375.369,1
1375.453,1
1375.537,2
1375.621,1
1375.705,1
1375.788,1
1375.872,2
1375.956,2
1376.04,2
1376.124,3
1376.208,2
1376.292,3
1376.376,6
1376.459,5
1376.543,5
1376.627,4
1376.711,1
1376.795,1
1376.879,0
1376.963,1
1377.047,1
1377.131,1
1377.215,1
1377.298,0
1377.382,1
1377.466,1
1377.55,2
1377.634,2
1377.718,1
1377.802,2
1377.886,1
1377.97,1
1378.054,1
1378.138,1
1378.222,1
1378.306,1
1378.39,1
1378.474,0
1378.557,1
1378.641,2
1378.725,2
1378.809,2
1378.893,1
1378.977,0
1379.061,1
1379.145,1
1379.229,2
1379.313,2
1379.397,1
1379.481,1
1379.565,0
1379.649,0
1379.733,1
1379.817,1
1379.901,1
1379.985,2
1380.069,1
1380.153,2
1380.237,2
1380.321,1
1380.405,4
1380.489,3
1380.573,4
1380.657,4
1380.741,5
1380.825,5
1380.909,5
1380.993,5
1381.077,1
1381.161,1
1381.245,0
1381.329,0
1381.413,0
1381.497,0
1381.582,0
1381.666,0
1381.75,2
1381.834,2
1381.918,2
1382.002,3
1382.086,1
1382.17,1
1382.254,1
1382.338,0
1382.422,0
1382.506,0
1382.59,1
1382.674,1
1382.758,1
1382.843,1
1382.927,0
1383.011,0
1383.095,0
1383.179,0
1383.263,0
1383.347,0
1383.431,1
1383.515,1
1383.599,1
1383.684,1
1383.768,1
1383.852,1
1383.936,1
1384.02,1
1384.104,2
1384.188,2
1384.272,2
1384.356,2
1384.441,0
1384.525,1
1384.609,1
1384.693,1
1384.777,1
1384.861,0
1384.945,0
1385.03,0
1385.114,1
1385.198,2
1385.282,3
1385.366,3
1385.45,3
1385.535,2
1385.619,1
1385.703,1
1385.787,2
1385.871,2
1385.956,2
1386.04,2
1386.124,0
1386.208,0
1386.292,0
1386.376,0
1386.461,0
1386.545,1
1386.629,2
1386.713,2
1386.797,3
1386.882,3
1386.966,3
1387.05,3
1387.134,2
1387.219,2
1387.303,1
1387.387,1
1387.471,2
1387.555,1
1387.64,1
1387.724,1
1387.808,1
1387.892,1
1387.977,1
1388.061,1
1388.145,1
1388.229,1
1388.314,1
1388.398,1
1388.482,0
1388.566,2
1388.651,4
1388.735,5
1388.819,7
1388.904,5
1388.988,3
1389.072,2
1389.156,3
1389.241,3
1389.325,3
1389.409,3
1389.493,0
1389.578,3
1389.662,3
1389.746,3
1389.831,3
1389.915,1
1389.999,1
1390.084,1
1390.168,2
1390.252,3
1390.337,3
1390.421,3
1390.505,2
1390.59,0
1390.674,0
1390.758,1
1390.843,1
1390.927,1
1391.011,1
1391.096,1
1391.18,1
1391.264,1
1391.349,1
1391.433,0
1391.517,0
1391.602,0
1391.686,0
1391.77,0
1391.855,0
1391.939,1
1392.023,1
1392.108,1
1392.192,1
1392.277,1
1392.361,1
1392.445,1
1392.53,1
1392.614,1
1392.698,1
1392.783,1
1392.867,1
1392.952,0
1393.036,0
1393.12,0
1393.205,0
1393.289,0
1393.374,0
1393.458,0
1393.543,0
1393.627,0
1393.711,0
1393.796,0
1393.88,0
1393.965,0
1394.049,0
1394.134,0
1394.218,1
1394.302,1
1394.387,1
1394.471,1
1394.556,0
1394.64,0
1394.725,0
1394.809,0
1394.894,0
1394.978,0
1395.062,0
1395.147,0
1395.231,2
1395.316,2
1395.4,2
1395.485,2
1395.569,1
1395.654,2
1395.738,3
1395.823,5
1395.907,8
1395.992,7
1396.076,6
1396.161,4
1396.245,1
1396.33,1
1396.414,1
1396.499,1
1396.583,0
1396.668,0
1396.752,0
1396.837,0
1396.921,0
1397.006,0
1397.09,0
1397.175,0
1397.259,3
1397.344,3
1397.429,3
1397.513,3
1397.598,3
1397.682,3
1397.767,3
1397.851,3
1397.936,0
1398.02,0
1398.105,0
1398.189,0
1398.274,0
1398.359,0
1398.443,0
1398.528,0
1398.612,1
1398.697,2
1398.781,2
1398.866,2
1398.951,4
1399.035,3
1399.12,3
1399.204,3
1399.289,2
1399.374,2
1399.458,2
1399.543,2
1399.627,1
1399.712,1
1399.797,1
1399.881,1
1399.966,0
1400.05,0
1400.135,0
1400.22,0
1400.304,0
1400.389,0
1400.474,0
1400.558,0
1400.643,0
1400.727,0
1400.812,0
1400.897,0
1400.981,1
1401.066,1
1401.151,1
1401.235,1
1401.32,1
1401.405,1
1401.489,1
1401.574,1
1401.659,0
1401.743,0
1401.828,0
1401.913,0
1401.997,0
1402.082,0
1402.167,0
1402.251,0
1402.336,0
1402.421,0
1402.505,1
1402.59,1
1402.675,1
1402.76,1
1402.844,0
1402.929,0
1403.014,1
1403.098,1
1403.183,1
1403.268,1
1403.353,1
1403.437,2
1403.522,2
1403.607,2
1403.691,4
1403.776,3
1403.861,3
1403.946,3
1404.03,0
1404.115,0
1404.2,0
1404.285,0
1404.369,0
1404.454,2
1404.539,2
1404.624,2
1404.708,2
1404.793,1
1404.878,1
1404.963,1
1405.047,2
1405.132,1
1405.217,1
1405.302,1
1405.387,0
1405.471,0
1405.556,0
1405.641,0
1405.726,0
1405.811,0
1405.895,0
1405.98,0
1406.065,0
1406.15,0
1406.235,1
1406.319,1
1406.404,1
1406.489,2
1406.574,2
1406.659,2
1406.743,2
1406.828,1
1406.913,1
1406.998,1
1407.083,1
1407.168,1
1407.252,1
1407.337,1
1407.422,1
1407.507,1
1407.592,1
1407.677,1
1407.762,2
1407.846,2
1407.931,1
1408.016,1
1408.101,0
1408.186,0
1408.271,0
1408.356,0
1408.44,0
1408.525,1
1408.61,1
1408.695,1
1408.78,2
1408.865,1
1408.95,1
1409.035,1
1409.12,0
1409.204,0
1409.289,0
1409.374,0
1409.459,0
1409.544,0
1409.629,0
1409.714,0
1409.799,1
1409.884,1
1409.969,1
1410.054,2
1410.139,2
1410.223,2
1410.308,2
1410.393,2
1410.478,1
1410.563,1
1410.648,1
1410.733,0
1410.818,0
1410.903,0
1410.988,0
1411.073,0
1411.158,2
1411.243,2
1411.328,2
1411.413,2
1411.498,1
1411.583,1
1411.668,2
1411.753,2
1411.838,3
1411.923,3
1412.008,3
1412.093,3
1412.178,1
1412.263,1
1412.348,0
1412.433,1
1412.518,2
1412.603,2
1412.688,3
1412.773,2
1412.858,1
1412.943,2
1413.028,1
1413.113,1
1413.198,1
1413.283,0
1413.368,0
1413.453,1
1413.538,2
1413.623,4
1413.708,4
1413.793,4
1413.878,3
1413.963,1
1414.048,1
1414.133,0
1414.218,0
1414.303,0
1414.388,0
1414.473,0
1414.558,0
1414.643,0
1414.728,2
1414.814,2
1414.899,2
1414.984,2
1415.069,0
1415.154,1
1415.239,2
1415.324,3
1415.409,3
1415.494,2
1415.579,2
1415.664,1
1415.749,1
1415.835,1
1415.92,0
1416.005,0
1416.09,1
1416.175,2
1416.26,2
1416.345,2
1416.43,1
1416.516,0
1416.601,0
1416.686,1
1416.771,1
1416.856,2
1416.941,3
1417.026,3
1417.111,3
1417.197,2
1417.282,1
1417.367,0
1417.452,1
1417.537,2
1417.622,2
1417.708,2
1417.793,1
1417.878,0
1417.963,0
1418.048,1
1418.133,1
1418.219,1
1418.304,2
1418.389,3
1418.474,3
1418.559,3
1418.644,3
1418.73,4
1418.815,4
1418.9,4
1418.985,7
1419.07,4
1419.156,4
1419.241,4
1419.326,0
1419.411,0
1419.496,0
1419.582,0
1419.667,0
1419.752,0
1419.837,2
1419.923,2
1420.008,2
1420.093,2
1420.178,0
1420.264,0
1420.349,2
1420.434,2
1420.519,2
1420.604,2
1420.69,1
1420.775,1
1420.86,1
1420.946,1
1421.031,0
1421.116,0
1421.201,1
1421.287,1
1421.372,1
1421.457,1
1421.542,1
1421.628,1
1421.713,1
1421.798,1
1421.884,0
1421.969,0
1422.054,1
1422.139,1
1422.225,1
1422.31,1
1422.395,0
1422.481,1
1422.566,1
1422.651,1
1422.737,1
1422.822,0
1422.907,0
1422.992,0
1423.078,1
1423.163,1
1423.248,1
1423.334,1
1423.419,0
1423.504,1
1423.59,1
1423.675,1
1423.761,1
1423.846,2
1423.931,2
1424.017,2
1424.102,2
1424.187,0
1424.273,0
1424.358,0
1424.443,0
1424.529,0
1424.614,0
1424.699,0
1424.785,2
1424.87,2
1424.956,5
1425.041,6
1425.126,4
1425.212,4
1425.297,1
1425.383,0
1425.468,0
1425.553,0
1425.639,0
1425.724,0
1425.81,0
1425.895,0
1425.98,0
1426.066,0
1426.151,0
1426.237,1
1426.322,1
1426.407,1
1426.493,1
1426.578,0
1426.664,1
1426.749,1
1426.835,1
1426.92,2
1427.006,1
1427.091,1
1427.176,2
1427.262,1
1427.347,1
1427.433,1
1427.518,0
1427.604,0
1427.689,0
1427.775,0
1427.86,0
1427.946,0
1428.031,0
1428.117,0
1428.202,1
1428.288,1
1428.373,1
1428.458,1
1428.544,0
1428.629,0
1428.715,0
1428.8,0
1428.886,0
1428.971,0
1429.057,0
1429.142,0
1429.228,0
1429.314,0
1429.399,0
1429.485,0
1429.57,0
1429.656,0
1429.741,0
1429.827,1
1429.912,2
1429.998,2
1430.083,2
1430.169,1
1430.254,0
1430.34,0
1430.425,0
1430.511,0
1430.597,0
1430.682,1
1430.768,1
1430.853,1
1430.939,1
1431.024,1
1431.11,1
1431.196,1
1431.281,2
1431.367,1
1431.452,1
1431.538,2
1431.623,1
1431.709,1
1431.795,2
1431.88,1
1431.966,1
1432.051,2
1432.137,1
1432.223,1
1432.308,1
1432.394,1
1432.479,1
1432.565,1
1432.651,1
1432.736,1
1432.822,1
1432.907,1
1432.993,2
1433.079,1
1433.164,1
1433.25,2
1433.336,1
1433.421,3
1433.507,3
1433.593,2
1433.678,2
1433.764,0
1433.85,0
1433.935,0
1434.021,0
1434.107,1
1434.192,1
1434.278,1
1434.363,1
1434.449,0
1434.535,0
1434.621,0
1434.706,0
1434.792,0
1434.878,0
1434.963,0
1435.049,0
1435.135,0
1435.22,0
1435.306,1
1435.392,2
1435.477,2
1435.563,2
1435.649,1
1435.735,0
1435.82,1
1435.906,1
1435.992,1
1436.077,3
1436.163,2
1436.249,2
1436.335,2
1436.42,0
1436.506,0
1436.592,1
1436.678,1
1436.763,1
1436.849,1
1436.935,0
1437.021,0
1437.106,0
1437.192,0
1437.278,0
1437.364,0
1437.449,1
1437.535,1
1437.621,3
1437.707,3
1437.792,3
1437.878,3
1437.964,1
1438.05,1
1438.135,0
1438.221,1
1438.307,1
1438.393,1
1438.479,1
1438.564,1
1438.65,1
1438.736,1
1438.822,1
1438.908,0
1438.993,0
1439.079,0
1439.165,0
1439.251,0
1439.337,0
1439.423,0
1439.508,0
1439.594,0
1439.68,1
1439.766,1
1439.852,2
1439.938,2
1440.023,1
1440.109,1
1440.195,1
1440.281,1
1440.367,1
1440.453,1
1440.538,1
1440.624,1
1440.71,1
1440.796,1
1440.882,2
1440.968,2
1441.054,2
1441.14,3
1441.225,1
1441.311,1
1441.397,1
1441.483,0
1441.569,0
1441.655,0
1441.741,0
1441.827,0
1441.913,2
1441.998,4
1442.084,4
1442.17,5
1442.256,6
1442.342,5
1442.428,5
1442.514,5
1442.6,2
1442.686,1
1442.772,2
1442.858,4
1442.944,4
1443.029,5
1443.115,4
1443.201,1
1443.287,1
1443.373,0
1443.459,0
1443.545,0
1443.631,1
1443.717,1
1443.803,1
1443.889,1
1443.975,1
1444.061,1
1444.147,1
1444.233,1
1444.319,1
1444.405,1
1444.491,1
1444.577,1
1444.663,0
1444.749,0
1444.835,0
1444.921,0
1445.007,0
1445.093,0
1445.179,0
1445.265,0
1445.351,0
1445.437,0
1445.523,0
1445.609,0
1445.695,2
1445.781,2
1445.867,3
1445.953,3
1446.039,1
1446.125,1
1446.211,1
1446.297,2
1446.383,2
1446.469,2
1446.555,2
1446.641,2
1446.727,2
1446.813,2
1446.899,1
1446.985,0
1447.071,0
1447.157,0
1447.243,0
1447.329,0
1447.415,0
1447.502,0
1447.588,0
1447.674,0
1447.76,0
1447.846,0
1447.932,0
1448.018,0
1448.104,0
1448.19,0
1448.276,1
1448.362,2
1448.448,2
1448.535,2
1448.621,1
1448.707,0
1448.793,0
1448.879,1
1448.965,1
1449.051,1
1449.137,1
1449.223,2
1449.31,2
1449.396,2
1449.482,5
1449.568,4
1449.654,5
1449.74,6
1449.826,5
1449.912,4
1449.999,4
1450.085,3
1450.171,1
1450.257,1
1450.343,0
1450.429,0
1450.516,0
1450.602,0
1450.688,0
1450.774,0
1450.86,0
1450.946,0
1451.033,0
1451.119,0
1451.205,0
1451.291,0
1451.377,0
1451.463,1
1451.55,1
1451.636,1
1451.722,2
1451.808,1
1451.894,2
1451.981,2
1452.067,1
1452.153,1
1452.239,1
1452.325,1
1452.412,1
1452.498,1
1452.584,0
1452.67,0
1452.757,1
1452.843,1
1452.929,1
1453.015,1
1453.102,1
1453.188,3
1453.274,3
1453.36,3
1453.446,2
1453.533,0
1453.619,0
1453.705,0
1453.792,0
1453.878,0
1453.964,1
1454.05,1
1454.137,1
1454.223,1
1454.309,1
1454.395,1
1454.482,1
1454.568,1
1454.654,0
1454.741,1
1454.827,1
1454.913,3
1454.999,3
1455.086,2
1455.172,3
1455.258,1
1455.345,2
1455.431,2
1455.517,1
1455.604,1
1455.69,0
1455.776,0
1455.862,2
1455.949,3
1456.035,4
1456.121,6
1456.208,4
1456.294,3
1456.38,2
1456.467,0
1456.553,0
1456.639,0
1456.726,0
1456.812,0
1456.899,0
1456.985,1
1457.071,3
1457.158,3
1457.244,3
1457.33,2
1457.417,0
1457.503,1
1457.589,1
1457.676,1
1457.762,1
1457.849,1
1457.935,1
1458.021,1
1458.108,1
1458.194,0
1458.281,0
1458.367,2
1458.453,2
1458.54,2
1458.626,2
1458.713,1
1458.799,1
1458.885,1
1458.972,2
1459.058,1
1459.145,1
1459.231,1
1459.317,0
1459.404,0
1459.49,0
1459.577,1
1459.663,2
1459.75,2
1459.836,3
1459.923,2
1460.009,1
1460.095,1
1460.182,0
1460.268,0
1460.355,0
1460.441,0
1460.528,1
1460.614,1
1460.701,1
1460.787,2
1460.874,1
1460.96,1
1461.047,1
1461.133,0
1461.219,0
1461.306,0
1461.392,0
1461.479,0
1461.565,0
1461.652,0
1461.738,0
1461.825,0
1461.911,1
1461.998,1
1462.084,1
1462.171,1
1462.257,1
1462.344,1
1462.431,1
1462.517,1
1462.604,0
1462.69,0
1462.777,0
1462.863,0
1462.95,0
1463.036,0
1463.123,0
1463.209,0
1463.296,0
1463.382,0
1463.469,0
1463.556,1
1463.642,1
1463.729,1
1463.815,1
1463.902,0
1463.988,1
1464.075,2
1464.161,3
1464.248,4
1464.335,5
1464.421,4
1464.508,4
1464.594,3
1464.681,1
1464.768,1
1464.854,0
1464.941,0
1465.027,1
1465.114,1
1465.201,1
1465.287,1
1465.374,0
1465.46,0
1465.547,0
1465.634,0
1465.72,0
1465.807,0
1465.893,2
1465.98,2
1466.067,5
1466.153,5
1466.24,4
1466.327,4
1466.413,2
1466.5,2
1466.587,1
1466.673,1
1466.76,0
1466.846,0
1466.933,0
1467.02,0
1467.106,0
1467.193,0
1467.28,0
1467.366,0
1467.453,1
1467.54,1
1467.626,1
1467.713,1
1467.8,0
1467.887,0
1467.973,1
1468.06,1
1468.147,2
1468.233,2
1468.32,1
1468.407,1
1468.493,3
1468.58,5
1468.667,5
1468.753,5
1468.84,6
1468.927,3
1469.014,2
1469.1,1
1469.187,3
1469.274,3
1469.361,3
1469.447,3
1469.534,0
1469.621,0
1469.707,1
1469.794,1
1469.881,1
1469.968,1
1470.054,0
1470.141,0
1470.228,0
1470.315,1
1470.401,1
1470.488,1
1470.575,2
1470.662,1
1470.749,1
1470.835,1
1470.922,1
1471.009,2
1471.096,2
1471.182,3
1471.269,2
1471.356,1
1471.443,1
1471.53,0
1471.616,0
1471.703,0
1471.79,0
1471.877,0
1471.964,0
1472.05,1
1472.137,1
1472.224,1
1472.311,2
1472.398,1
1472.484,1
1472.571,1
1472.658,1
1472.745,1
1472.832,1
1472.919,1
1473.005,1
1473.092,1
1473.179,2
1473.266,3
1473.353,3
1473.44,3
1473.527,2
1473.613,1
1473.7,1
1473.787,2
1473.874,3
1473.961,3
1474.048,2
1474.135,3
1474.221,2
1474.308,5
1474.395,6
1474.482,4
1474.569,4
1474.656,1
1474.743,0
1474.83,0
1474.917,1
1475.003,3
1475.09,3
1475.177,6
1475.264,5
1475.351,3
1475.438,3
1475.525,2
1475.612,2
1475.699,2
1475.786,2
1475.873,1
1475.96,1
1476.046,1
1476.133,1
1476.22,0
1476.307,0
1476.394,0
1476.481,0
1476.568,0
1476.655,0
1476.742,0
1476.829,0
1476.916,0
1477.003,0
1477.09,0
1477.177,0
1477.264,1
1477.351,1
1477.438,1
1477.525,1
1477.612,0
1477.699,0
1477.786,0
1477.873,0
1477.96,0
1478.047,0
1478.134,0
1478.221,0
1478.308,0
1478.395,0
1478.482,1
1478.569,1
1478.656,1
1478.743,1
1478.83,1
1478.917,1
1479.004,1
1479.091,1
1479.178,0
1479.265,0
1479.352,0
1479.439,0
1479.526,0
1479.613,0
1479.7,0
1479.787,0
1479.874,0
1479.961,1
1480.048,1
1480.135,1
1480.222,1
1480.309,1
1480.396,1
1480.483,1
1480.57,1
1480.657,0
1480.745,0
1480.832,1
1480.919,1
1481.006,1
1481.093,1
1481.18,0
1481.267,0
1481.354,0
1481.441,0
1481.528,0
1481.615,0
1481.702,0
1481.79,0
1481.877,0
1481.964,0
1482.051,0
1482.138,0
1482.225,0
1482.312,0
1482.399,0
1482.486,0
1482.574,0
1482.661,0
1482.748,0
1482.835,0
1482.922,0
1483.009,0
1483.096,0
1483.184,0
1483.271,0
1483.358,0
1483.445,0
1483.532,0
1483.619,0
1483.706,1
1483.794,4
1483.881,4
1483.968,4
1484.055,4
1484.142,1
1484.229,1
1484.317,2
1484.404,2
1484.491,2
1484.578,2
1484.665,1
1484.753,0
1484.84,0
1484.927,0
1485.014,0
1485.101,0
1485.189,0
1485.276,0
1485.363,0
1485.45,0
1485.537,2
1485.625,2
1485.712,2
1485.799,2
1485.886,1
1485.974,1
1486.061,3
1486.148,3
1486.235,3
1486.322,3
1486.41,2
1486.497,2
1486.584,1
1486.671,1
1486.759,0
1486.846,0
1486.933,1
1487.02,2
1487.108,2
1487.195,2
1487.282,3
1487.37,2
1487.457,3
1487.544,4
1487.631,2
1487.719,2
1487.806,1
1487.893,0
1487.98,0
1488.068,1
1488.155,2
1488.242,2
1488.33,2
1488.417,1
1488.504,1
1488.592,1
1488.679,1
1488.766,1
1488.853,0
1488.941,0
1489.028,1
1489.115,1
1489.203,2
1489.29,2
1489.377,1
1489.465,1
1489.552,0
1489.639,0
1489.727,0
1489.814,0
1489.901,0
1489.989,0
1490.076,2
1490.163,2
1490.251,2
1490.338,2
1490.426,0
1490.513,0
1490.6,0
1490.688,0
1490.775,0
1490.862,0
1490.95,0
1491.037,0
1491.125,0
1491.212,1
1491.299,1
1491.387,1
1491.474,3
1491.561,2
1491.649,3
1491.736,3
1491.824,2
1491.911,2
1491.998,2
1492.086,2
1492.173,1
1492.261,1
1492.348,1
1492.436,1
1492.523,1
1492.61,1
1492.698,0
1492.785,0
1492.873,0
1492.96,0
1493.048,0
1493.135,0
1493.222,0
1493.31,0
1493.397,1
1493.485,1
1493.572,2
1493.66,2
1493.747,2
1493.835,2
1493.922,1
1494.01,1
1494.097,0
1494.185,0
1494.272,0
1494.359,0
1494.447,0
1494.534,0
1494.622,0
1494.709,1
1494.797,1
1494.884,1
1494.972,2
1495.059,1
1495.147,1
1495.234,1
1495.322,1
1495.409,1
1495.497,1
1495.584,1
1495.672,0
1495.759,0
1495.847,0
1495.935,0
1496.022,2
1496.11,2
1496.197,2
1496.285,2
1496.372,0
1496.46,2
1496.547,2
1496.635,2
1496.722,3
1496.81,1
1496.897,2
1496.985,2
1497.073,1
1497.16,1
1497.248,0
1497.335,1
1497.423,1
1497.51,1
1497.598,1
1497.686,0
1497.773,0
1497.861,0
1497.948,0
1498.036,0
1498.124,0
1498.211,0
1498.299,0
1498.386,0
1498.474,0
1498.561,0
1498.649,0
1498.737,0
1498.824,0
1498.912,0
1499,0
1499.087,0
1499.175,2
1499.262,2
1499.35,2
1499.438,2
1499.525,0
1499.613,0
1499.701,0
1499.788,0
1499.876,0
1499.964,0
1500.051,0
1500.139,0
1500.226,0
1500.314,0
1500.402,0
1500.489,1
1500.577,1
1500.665,1
1500.752,1
1500.84,0
1500.928,0
1501.015,0
1501.103,0
1501.191,0
1501.278,0
1501.366,0
1501.454,1
1501.542,2
1501.629,3
1501.717,4
1501.805,3
1501.892,2
1501.98,1
1502.068,0
1502.155,0
1502.243,1
1502.331,1
1502.419,1
1502.506,1
1502.594,2
1502.682,2
1502.77,2
1502.857,2
1502.945,0
1503.033,0
1503.12,0
1503.208,1
1503.296,1
1503.384,2
1503.471,2
1503.559,1
1503.647,1
1503.735,0
1503.822,0
1503.91,0
1503.998,0
1504.086,0
1504.174,0
1504.261,1
1504.349,1
1504.437,1
1504.525,1
1504.612,0
1504.7,0
1504.788,2
1504.876,2
1504.964,2
1505.051,2
1505.139,0
1505.227,0
1505.315,0
1505.403,0
1505.49,0
1505.578,0
1505.666,0
1505.754,0
1505.842,0
1505.93,0
1506.017,0
1506.105,0
1506.193,0
1506.281,0
1506.369,0
1506.456,0
1506.544,1
1506.632,1
1506.72,1
1506.808,1
1506.896,0
1506.984,0
1507.071,0
1507.159,0
1507.247,0
1507.335,0
1507.423,0
1507.511,0
1507.599,3
1507.687,3
1507.774,3
1507.862,3
1507.95,0
1508.038,0
1508.126,1
1508.214,1
1508.302,1
1508.39,1
1508.478,0
1508.565,0
1508.653,0
1508.741,0
1508.829,0
1508.917,0
1509.005,0
1509.093,0
1509.181,0
1509.269,0
1509.357,0
1509.445,0
1509.532,0
1509.62,0
1509.708,1
1509.796,1
1509.884,1
1509.972,1
1510.06,0
1510.148,0
1510.236,0
1510.324,0
1510.412,0
1510.5,0
1510.588,1
1510.676,1
1510.764,1
1510.852,1
1510.94,0
1511.028,0
1511.116,0
1511.204,0
1511.292,0
1511.38,0
1511.468,0
1511.556,0
1511.644,0
1511.732,0
1511.82,0
1511.908,0
1511.996,0
1512.084,0
1512.172,0
1512.26,0
1512.348,0
1512.436,0
1512.524,3
1512.612,3
1512.7,3
1512.788,3
1512.876,1
1512.964,2
1513.052,3
1513.14,3
1513.228,2
1513.316,1
1513.404,0
1513.492,0
1513.58,1
1513.668,1
1513.756,1
1513.844,1
1513.932,2
1514.02,2
1514.108,3
1514.197,3
1514.285,2
1514.373,2
1514.461,1
1514.549,1
1514.637,1
1514.725,1
1514.813,1
1514.901,1
1514.989,0
1515.077,0
1515.165,0
1515.254,2
1515.342,2
1515.43,2
1515.518,3
1515.606,1
1515.694,1
1515.782,1
1515.87,0
1515.958,0
1516.047,0
1516.135,0
1516.223,0
1516.311,0
1516.399,1
1516.487,1
1516.575,1
1516.664,1
1516.752,0
1516.84,0
1516.928,1
1517.016,1
1517.104,1
1517.192,1
1517.281,0
1517.369,0
1517.457,0
1517.545,0
1517.633,0
1517.721,0
1517.81,2
1517.898,2
1517.986,2
1518.074,2
1518.162,1
1518.25,1
1518.339,1
1518.427,1
1518.515,0
1518.603,0
1518.691,0
1518.78,0
1518.868,0
1518.956,0
1519.044,0
1519.133,0
1519.221,0
1519.309,0
1519.397,1
1519.485,1
1519.574,1
1519.662,1
1519.75,1
1519.838,1
1519.927,1
1520.015,1
1520.103,0
1520.191,0
1520.28,0
1520.368,0
1520.456,0
1520.544,0
1520.633,0
1520.721,0
1520.809,0
1520.897,0
1520.986,0
1521.074,0
1521.162,1
1521.25,1
1521.339,1
1521.427,2
1521.515,2
1521.604,2
1521.692,2
1521.78,2
1521.868,1
1521.957,1
1522.045,1
1522.133,1
1522.222,1
1522.31,1
1522.398,2
1522.487,1
1522.575,1
1522.663,1
1522.752,0
1522.84,1
1522.928,1
1523.017,1
1523.105,1
1523.193,1
1523.282,2
1523.37,2
1523.458,3
1523.547,2
1523.635,1
1523.723,1
1523.812,0
1523.9,0
1523.988,0
1524.077,0
1524.165,0
1524.253,1
1524.342,1
1524.43,1
1524.519,1
1524.607,1
1524.695,2
1524.784,2
1524.872,2
1524.96,1
1525.049,1
1525.137,1
1525.226,1
1525.314,1
1525.402,0
1525.491,0
1525.579,0
1525.668,1
1525.756,1
1525.845,1
1525.933,1
1526.021,0
1526.11,0
1526.198,0
1526.287,0
1526.375,0
1526.463,0
1526.552,2
1526.64,2
1526.729,2
1526.817,3
1526.906,1
1526.994,1
1527.083,1
1527.171,0
1527.259,0
1527.348,0
1527.436,1
1527.525,1
1527.613,1
1527.702,4
1527.79,3
1527.879,3
1527.967,3
1528.056,2
1528.144,2
1528.233,2
1528.321,2
1528.41,0
1528.498,1
1528.587,2
1528.675,3
1528.764,4
1528.852,4
1528.941,4
1529.029,3
1529.118,3
1529.206,2
1529.295,1
1529.383,1
1529.472,0
1529.56,1
1529.649,2
1529.737,3
1529.826,5
1529.914,5
1530.003,5
1530.091,5
1530.18,2
1530.269,2
1530.357,2
1530.446,2
1530.534,0
1530.623,0
1530.711,0
1530.8,0
1530.888,0
1530.977,1
1531.066,1
1531.154,1
1531.243,1
1531.331,0
1531.42,0
1531.508,0
1531.597,0
1531.686,0
1531.774,0
1531.863,0
1531.951,0
1532.04,0
1532.129,0
1532.217,0
1532.306,0
1532.394,0
1532.483,0
1532.572,0
1532.66,1
1532.749,1
1532.837,1
1532.926,1
1533.015,1
1533.103,1
1533.192,1
1533.281,2
1533.369,2
1533.458,3
1533.546,3
1533.635,3
1533.724,2
1533.812,1
1533.901,2
1533.99,1
1534.078,2
1534.167,2
1534.256,2
1534.344,2
1534.433,1
1534.522,1
1534.61,0
1534.699,0
1534.788,0
1534.876,0
1534.965,0
1535.054,0
1535.142,2
1535.231,2
1535.32,2
1535.409,2
1535.497,0
1535.586,0
1535.675,0
1535.763,0
1535.852,0
1535.941,0
1536.03,0
1536.118,0
1536.207,0
1536.296,1
1536.384,1
1536.473,1
1536.562,1
1536.651,0
1536.739,0
1536.828,0
1536.917,1
1537.006,1
1537.094,2
1537.183,3
1537.272,2
1537.361,2
1537.449,1
1537.538,0
1537.627,0
1537.716,0
1537.804,0
1537.893,0
1537.982,0
1538.071,0
1538.159,0
1538.248,0
1538.337,0
1538.426,0
1538.515,0
1538.603,0
1538.692,0
1538.781,1
1538.87,1
1538.959,1
1539.047,1
1539.136,0
1539.225,0
1539.314,0
1539.403,0
1539.491,0
1539.58,0
1539.669,0
1539.758,1
1539.847,1
1539.936,2
1540.024,2
1540.113,2
1540.202,2
1540.291,1
1540.38,1
1540.469,1
1540.557,1
1540.646,1
1540.735,1
1540.824,0
1540.913,0
1541.002,0
1541.091,1
1541.179,2
1541.268,2
1541.357,4
1541.446,3
1541.535,2
1541.624,2
1541.713,0
1541.802,0
1541.89,0
1541.979,0
1542.068,0
1542.157,0
1542.246,1
1542.335,1
1542.424,1
1542.513,1
1542.602,1
1542.691,1
1542.779,1
1542.868,1
1542.957,0
1543.046,0
1543.135,1
1543.224,1
1543.313,1
1543.402,1
1543.491,0
1543.58,0
1543.669,0
1543.758,0
1543.847,0
1543.936,0
1544.024,0
1544.113,0
1544.202,0
1544.291,0
1544.38,0
1544.469,0
1544.558,2
1544.647,2
1544.736,2
1544.825,2
1544.914,0
1545.003,1
1545.092,2
1545.181,2
1545.27,2
1545.359,1
1545.448,0
1545.537,0
1545.626,0
1545.715,0
1545.804,1
1545.893,1
1545.982,1
1546.071,1
1546.16,0
1546.249,1
1546.338,4
1546.427,4
1546.516,4
1546.605,3
1546.694,4
1546.783,3
1546.872,2
1546.961,1
1547.05,0
1547.139,0
1547.228,0
1547.317,0
1547.407,0
1547.496,0
1547.585,0
1547.674,1
1547.763,1
1547.852,1
1547.941,2
1548.03,1
1548.119,1
1548.208,1
1548.297,0
1548.386,2
1548.475,2
1548.564,2
1548.653,2
1548.743,0
1548.832,1
1548.921,1
1549.01,1
1549.099,1
1549.188,0
1549.277,0
1549.366,1
1549.455,1
1549.544,1
1549.634,1
1549.723,0
1549.812,0
1549.901,0
1549.99,0
1550.079,0
1550.168,0
1550.257,0
1550.347,0
1550.436,1
1550.525,2
1550.614,2
1550.703,2
1550.792,1
1550.881,0
1550.971,1
1551.06,1
1551.149,1
1551.238,1
1551.327,0
1551.416,0
1551.506,0
1551.595,0
1551.684,0
1551.773,0
1551.862,0
1551.951,0
1552.041,0
1552.13,0
1552.219,1
1552.308,1
1552.397,1
1552.487,1
1552.576,0
1552.665,0
1552.754,1
1552.843,1
1552.933,1
1553.022,1
1553.111,0
1553.2,0
1553.29,0
1553.379,0
1553.468,0
1553.557,0
1553.646,2
1553.736,3
1553.825,4
1553.914,5
1554.003,8
1554.093,7
1554.182,6
1554.271,5
1554.36,2
1554.45,2
1554.539,2
1554.628,2
1554.717,1
1554.807,1
1554.896,2
1554.985,2
1555.075,1
1555.164,1
1555.253,0
1555.342,0
1555.432,0
1555.521,1
1555.61,2
1555.7,3
1555.789,6
1555.878,6
1555.967,6
1556.057,6
1556.146,3
1556.235,3
1556.325,3
1556.414,3
1556.503,0
1556.593,1
1556.682,1
1556.771,1
1556.861,1
1556.95,0
1557.039,0
1557.129,0
1557.218,1
1557.307,1
1557.397,1
1557.486,3
1557.575,2
1557.665,2
1557.754,2
1557.843,0
1557.933,0
1558.022,1
1558.111,1
1558.201,1
1558.29,2
1558.379,1
1558.469,1
1558.558,1
1558.648,0
1558.737,0
1558.826,0
1558.916,0
1559.005,1
1559.095,1
1559.184,1
1559.273,2
1559.363,1
1559.452,2
1559.542,2
1559.631,2
1559.72,2
1559.81,1
1559.899,1
1559.989,0
1560.078,0
1560.167,0
1560.257,0
1560.346,0
1560.436,0
1560.525,0
1560.615,0
1560.704,0
1560.793,0
1560.883,0
1560.972,0
1561.062,0
1561.151,0
1561.241,0
1561.33,0
1561.42,0
1561.509,0
1561.599,1
1561.688,1
1561.778,1
1561.867,1
1561.956,0
1562.046,0
1562.135,0
1562.225,0
1562.314,0
1562.404,0
1562.493,0
1562.583,0
1562.672,0
1562.762,0
1562.851,1
1562.941,1
1563.03,1
1563.12,1
1563.209,0
1563.299,1
1563.388,1
1563.478,1
1563.567,1
1563.657,0
1563.747,0
1563.836,0
1563.926,0
1564.015,0
1564.105,0
1564.194,0
1564.284,3
1564.373,3
1564.463,6
1564.552,6
1564.642,3
1564.732,3
1564.821,1
1564.911,1
1565,1
1565.09,1
1565.179,0
1565.269,0
1565.358,0
1565.448,0
1565.538,1
1565.627,1
1565.717,1
1565.806,1
1565.896,0
1565.986,0
1566.075,0
1566.165,0
1566.254,0
1566.344,0
1566.434,0
1566.523,1
1566.613,1
1566.702,1
1566.792,1
1566.882,0
1566.971,0
1567.061,0
1567.151,0
1567.24,1
1567.33,1
1567.419,1
1567.509,1
1567.599,0
1567.688,0
1567.778,1
1567.868,1
1567.957,1
1568.047,1
1568.137,3
1568.226,3
1568.316,3
1568.406,4
1568.495,1
1568.585,1
1568.675,1
1568.764,0
1568.854,0
1568.944,0
1569.033,0
1569.123,0
1569.213,0
1569.302,0
1569.392,0
1569.482,0
1569.571,0
1569.661,0
1569.751,0
1569.841,1
1569.93,1
1570.02,1
1570.11,1
1570.199,0
1570.289,0
1570.379,0
1570.469,0
1570.558,0
1570.648,0
1570.738,0
1570.827,0
1570.917,1
1571.007,1
1571.097,1
1571.186,1
1571.276,0
1571.366,0
1571.456,0
1571.545,0
1571.635,0
1571.725,0
1571.815,0
1571.904,0
1571.994,0
1572.084,0
1572.174,0
1572.264,0
1572.353,0
1572.443,0
1572.533,0
1572.623,1
1572.713,2
1572.802,2
1572.892,3
1572.982,2
1573.072,1
1573.161,1
1573.251,1
1573.341,1
1573.431,1
1573.521,1
1573.611,0
1573.7,0
1573.79,1
1573.88,1
1573.97,1
1574.06,1
1574.149,0
1574.239,0
1574.329,0
1574.419,0
1574.509,1
1574.599,3
1574.689,4
1574.778,5
1574.868,4
1574.958,2
1575.048,2
1575.138,1
1575.228,1
1575.318,1
1575.407,0
1575.497,1
1575.587,1
1575.677,1
1575.767,1
1575.857,0
1575.947,0
1576.037,0
1576.126,0
1576.216,0
1576.306,1
1576.396,1
1576.486,1
1576.576,1
1576.666,0
1576.756,0
1576.846,0
1576.936,1
1577.025,1
1577.115,1
1577.205,1
1577.295,0
1577.385,1
1577.475,2
1577.565,3
1577.655,5
1577.745,5
1577.835,5
1577.925,5
1578.015,2
1578.105,3
1578.195,3
1578.285,3
1578.375,1
1578.464,0
1578.554,0
1578.644,0
1578.734,0
1578.824,0
1578.914,0
1579.004,0
1579.094,0
1579.184,0
1579.274,0
1579.364,0
1579.454,0
1579.544,0
1579.634,1
1579.724,1
1579.814,2
1579.904,2
1579.994,1
1580.084,2
1580.174,2
1580.264,2
1580.354,2
1580.444,1
1580.534,0
1580.624,0
1580.714,0
1580.804,0
1580.894,1
1580.984,1
1581.074,1
1581.164,1
1581.254,0
1581.344,0
1581.435,0
1581.525,0
1581.615,0
1581.705,0
1581.795,0
1581.885,0
1581.975,2
1582.065,2
1582.155,2
1582.245,3
1582.335,1
1582.425,1
1582.515,2
1582.605,1
1582.695,1
1582.785,1
1582.876,0
1582.966,0
1583.056,1
1583.146,1
1583.236,1
1583.326,1
1583.416,0
1583.506,0
1583.596,0
1583.686,1
1583.777,2
1583.867,2
1583.957,2
1584.047,1
1584.137,0
1584.227,1
1584.317,1
1584.407,1
1584.498,3
1584.588,2
1584.678,3
1584.768,3
1584.858,1
1584.948,1
1585.038,0
1585.129,0
1585.219,0
1585.309,0
1585.399,0
1585.489,0
1585.579,0
1585.67,0
1585.76,0
1585.85,0
1585.94,1
1586.03,1
1586.12,1
1586.211,1
1586.301,1
1586.391,1
1586.481,2
1586.571,2
1586.662,2
1586.752,2
1586.842,1
1586.932,1
1587.022,0
1587.113,0
1587.203,0
1587.293,0
1587.383,1
1587.473,1
1587.564,1
1587.654,2
1587.744,1
1587.834,1
1587.925,2
1588.015,1
1588.105,2
1588.195,2
1588.285,1
1588.376,1
1588.466,0
1588.556,0
1588.646,0
1588.737,0
1588.827,0
1588.917,0
1589.007,0
1589.098,0
1589.188,1
1589.278,1
1589.369,1
1589.459,1
1589.549,0
1589.639,0
1589.73,0
1589.82,0
1589.91,1
1590.001,1
1590.091,1
1590.181,1
1590.271,0
1590.362,0
1590.452,0
1590.542,0
1590.633,0
1590.723,0
1590.813,0
1590.904,0
1590.994,0
1591.084,0
1591.175,0
1591.265,0
1591.355,1
1591.446,1
1591.536,1
1591.626,2
1591.717,2
1591.807,2
1591.897,3
1591.988,2
1592.078,1
1592.168,1
1592.259,0
1592.349,0
1592.439,0
1592.53,0
1592.62,0
1592.711,0
1592.801,0
1592.891,0
1592.982,0
1593.072,0
1593.162,0
1593.253,0
1593.343,1
1593.434,2
1593.524,3
1593.614,4
1593.705,4
1593.795,3
1593.886,2
1593.976,1
1594.066,0
1594.157,0
1594.247,1
1594.338,1
1594.428,1
1594.518,1
1594.609,0
1594.699,0
1594.79,0
1594.88,0
1594.971,1
1595.061,3
1595.152,3
1595.242,3
1595.332,2
1595.423,0
1595.513,0
1595.604,1
1595.694,1
1595.785,1
1595.875,1
1595.966,0
1596.056,0
1596.147,0
1596.237,0
1596.327,0
1596.418,0
1596.508,0
1596.599,0
1596.689,0
1596.78,1
1596.87,1
1596.961,1
1597.051,2
1597.142,2
1597.232,2
1597.323,2
1597.413,1
1597.504,0
1597.594,0
1597.685,0
1597.775,0
1597.866,0
1597.956,0
1598.047,0
1598.138,0
1598.228,0
1598.319,0
1598.409,0
1598.5,0
1598.59,0
1598.681,0
1598.771,0
1598.862,0
1598.952,0
1599.043,0
1599.134,3
1599.224,3
1599.315,3
1599.405,3
1599.496,0
1599.586,0
1599.677,0
1599.767,0
1599.858,0
1599.949,0
1600.039,0
1600.13,0
1600.22,0
1600.311,0
1600.402,0
1600.492,0
1600.583,0
1600.673,0
1600.764,1
1600.855,1
1600.945,1
1601.036,2
1601.126,1
1601.217,1
1601.308,1
1601.398,0
1601.489,0
1601.58,0
1601.67,0
1601.761,0
1601.851,0
1601.942,0
1602.033,0
1602.123,0
1602.214,0
1602.305,0
1602.395,0
1602.486,0
1602.577,0
1602.667,0
1602.758,0
1602.849,0
1602.939,0
1603.03,0
1603.121,0
1603.211,0
1603.302,0
1603.393,0
1603.483,0
1603.574,0
1603.665,0
1603.755,0
1603.846,0
1603.937,0
1604.027,0
1604.118,0
1604.209,0
1604.3,0
1604.39,0
1604.481,0
1604.572,0
1604.662,0
1604.753,0
1604.844,0
1604.935,0
1605.025,0
1605.116,1
1605.207,1
1605.297,2
1605.388,2
1605.479,4
1605.57,4
1605.66,3
1605.751,3
1605.842,0
1605.933,1
1606.023,1
1606.114,1
1606.205,1
1606.296,0
1606.387,0
1606.477,0
1606.568,0
1606.659,0
1606.75,1
1606.84,1
1606.931,1
1607.022,1
1607.113,0
1607.204,0
1607.294,0
1607.385,1
1607.476,1
1607.567,1
1607.658,1
1607.748,0
1607.839,0
1607.93,0
1608.021,0
1608.112,0
1608.202,0
1608.293,0
1608.384,0
1608.475,0
1608.566,0
1608.657,0
1608.747,0
1608.838,0
1608.929,0
1609.02,0
1609.111,1
1609.202,1
1609.292,1
1609.383,1
1609.474,0
1609.565,0
1609.656,0
1609.747,0
1609.838,0
1609.928,0
1610.019,0
1610.11,0
1610.201,1
1610.292,1
1610.383,1
1610.474,2
1610.565,1
1610.655,1
1610.746,2
1610.837,1
1610.928,1
1611.019,1
1611.11,0
1611.201,0
1611.292,0
1611.383,0
1611.474,0
1611.564,0
1611.655,3
1611.746,3
1611.837,3
1611.928,3
1612.019,5
1612.11,5
1612.201,5
1612.292,5
1612.383,0
1612.474,0
1612.565,0
1612.656,0
1612.747,0
1612.838,0
1612.929,0
1613.019,0
1613.11,0
1613.201,0
1613.292,0
1613.383,0
1613.474,1
1613.565,1
1613.656,1
1613.747,1
1613.838,0
1613.929,0
1614.02,0
1614.111,0
1614.202,0
1614.293,0
1614.384,0
1614.475,0
1614.566,0
1614.657,0
1614.748,0
1614.839,0
1614.93,1
1615.021,1
1615.112,1
1615.203,1
1615.294,0
1615.385,0
1615.476,0
1615.567,0
1615.658,0
1615.749,0
1615.84,0
1615.931,0
1616.023,0
1616.114,1
1616.205,1
1616.296,1
1616.387,2
1616.478,1
1616.569,1
1616.66,1
1616.751,1
1616.842,1
1616.933,2
1617.024,3
1617.115,4
1617.206,4
1617.297,3
1617.388,2
1617.48,0
1617.571,1
1617.662,1
1617.753,1
1617.844,2
1617.935,1
1618.026,2
1618.117,2
1618.208,1
1618.299,1
1618.391,0
1618.482,1
1618.573,1
1618.664,1
1618.755,1
1618.846,0
1618.937,1
1619.028,1
1619.12,1
1619.211,1
1619.302,0
1619.393,0
1619.484,0
1619.575,0
1619.666,1
1619.758,3
1619.849,3
1619.94,3
1620.031,2
1620.122,0
1620.213,0
1620.305,0
1620.396,0
1620.487,0
1620.578,0
1620.669,1
1620.76,1
1620.852,1
1620.943,1
1621.034,0
1621.125,0
1621.216,0
1621.308,0
1621.399,0
1621.49,0
1621.581,0
1621.672,0
1621.764,0
1621.855,0
1621.946,0
1622.037,0
1622.128,0
1622.22,2
1622.311,2
1622.402,2
1622.493,3
1622.585,2
1622.676,4
1622.767,4
1622.858,3
1622.949,3
1623.041,1
1623.132,1
1623.223,1
1623.314,0
1623.406,0
1623.497,0
1623.588,0
1623.68,1
1623.771,1
1623.862,1
1623.953,1
1624.045,1
1624.136,1
1624.227,2
1624.318,2
1624.41,1
1624.501,1
1624.592,1
1624.684,1
1624.775,1
1624.866,1
1624.957,1
1625.049,1
1625.14,1
1625.231,1
1625.323,0
1625.414,0
1625.505,2
1625.597,2
1625.688,2
1625.779,2
1625.871,0
1625.962,0
1626.053,0
1626.145,0
1626.236,0
1626.327,0
1626.419,0
1626.51,0
1626.601,1
1626.693,1
1626.784,1
1626.875,1
1626.967,0
1627.058,0
1627.149,0
1627.241,0
1627.332,2
1627.424,2
1627.515,2
1627.606,2
1627.698,1
1627.789,1
1627.88,1
1627.972,1
1628.063,0
1628.155,0
1628.246,0
1628.337,0
1628.429,0
1628.52,0
1628.612,1
1628.703,1
1628.794,1
1628.886,1
1628.977,0
1629.069,0
1629.16,0
1629.252,0
1629.343,0
1629.434,0
1629.526,1
1629.617,1
1629.709,2
1629.8,2
1629.892,1
1629.983,1
1630.074,1
1630.166,1
1630.257,1
1630.349,1
1630.44,0
1630.532,0
1630.623,0
1630.715,0
1630.806,0
1630.898,0
1630.989,2
1631.081,2
1631.172,3
1631.264,6
1631.355,5
1631.446,5
1631.538,4
1631.629,2
1631.721,1
1631.812,2
1631.904,2
1631.995,1
1632.087,1
1632.178,0
1632.27,0
1632.361,0
1632.453,0
1632.545,0
1632.636,0
1632.728,0
1632.819,1
1632.911,1
1633.002,1
1633.094,1
1633.185,0
1633.277,0
1633.368,0
1633.46,0
1633.551,0
1633.643,0
1633.734,0
1633.826,0
1633.918,0
1634.009,0
1634.101,1
1634.192,1
1634.284,1
1634.375,1
1634.467,0
1634.559,0
1634.65,0
1634.742,0
1634.833,0
1634.925,0
1635.016,0
1635.108,0
1635.2,0
1635.291,0
1635.383,0
1635.474,0
1635.566,0
1635.658,0
1635.749,0
1635.841,0
1635.933,1
1636.024,1
1636.116,1
1636.207,1
1636.299,0
1636.391,0
1636.482,0
1636.574,0
1636.666,0
1636.757,0
1636.849,1
1636.94,1
1637.032,1
1637.124,1
1637.215,0
1637.307,0
1637.399,0
1637.49,0
1637.582,0
1637.674,0
1637.765,0
1637.857,0
1637.949,1
1638.04,1
1638.132,1
1638.224,1
1638.315,1
1638.407,1
1638.499,1
1638.59,1
1638.682,0
1638.774,0
1638.866,0
1638.957,0
1639.049,0
1639.141,0
1639.232,0
1639.324,0
1639.416,0
1639.508,0
1639.599,0
1639.691,0
1639.783,0
1639.874,3
1639.966,3
1640.058,3
1640.15,4
1640.241,2
1640.333,2
1640.425,2
1640.517,1
1640.608,0
1640.7,0
1640.792,0
1640.884,0
1640.975,0
1641.067,0
1641.159,0
1641.251,0
1641.342,0
1641.434,0
1641.526,1
1641.618,1
1641.71,1
1641.801,1
1641.893,0
1641.985,2
1642.077,2
1642.168,2
1642.26,2
1642.352,0
1642.444,0
1642.536,0
1642.627,0
1642.719,0
1642.811,0
1642.903,0
1642.995,0
1643.087,0
1643.178,0
1643.27,0
1643.362,0
1643.454,0
1643.546,0
1643.637,0
1643.729,0
1643.821,1
1643.913,1
1644.005,1
1644.097,1
1644.189,1
1644.28,1
1644.372,1
1644.464,2
1644.556,2
1644.648,2
1644.74,2
1644.832,1
1644.923,0
1645.015,0
1645.107,0
1645.199,0
1645.291,0
1645.383,0
1645.475,0
1645.567,0
1645.659,1
1645.75,1
1645.842,2
1645.934,2
1646.026,2
1646.118,2
1646.21,1
1646.302,1
1646.394,0
1646.486,0
1646.578,0
1646.669,0
1646.761,0
1646.853,0
1646.945,0
1647.037,0
1647.129,0
1647.221,0
1647.313,0
1647.405,0
1647.497,1
1647.589,1
1647.681,1
1647.773,1
1647.865,0
1647.957,0
1648.049,0
1648.141,0
1648.233,0
1648.325,0
1648.416,0
1648.508,0
1648.6,0
1648.692,0
1648.784,0
1648.876,0
1648.968,0
1649.06,0
1649.152,1
1649.244,1
1649.336,1
1649.428,1
1649.52,0
1649.612,0
1649.704,0
1649.796,0
1649.888,0
1649.98,0
1650.072,0
1650.164,0
1650.256,0
1650.348,0
1650.441,0
1650.533,0
1650.625,0
1650.717,0
1650.809,3
1650.901,3
1650.993,3
1651.085,3
1651.177,1
1651.269,1
1651.361,1
1651.453,1
1651.545,0
1651.637,0
1651.729,0
1651.821,0
1651.913,0
1652.005,0
1652.097,1
1652.19,1
1652.282,2
1652.374,2
1652.466,3
1652.558,3
1652.65,3
1652.742,3
1652.834,1
1652.926,1
1653.018,0
1653.11,0
1653.203,0
1653.295,0
1653.387,0
1653.479,0
1653.571,0
1653.663,0
1653.755,2
1653.847,2
1653.94,2
1654.032,2
1654.124,2
1654.216,2
1654.308,2
1654.4,2
1654.492,2
1654.585,2
1654.677,2
1654.769,2
1654.861,2
1654.953,2
1655.045,2
1655.137,2
1655.23,0
1655.322,1
1655.414,1
1655.506,1
1655.598,1
1655.69,2
1655.783,2
1655.875,2
1655.967,3
1656.059,1
1656.151,1
1656.244,1
1656.336,1
1656.428,1
1656.52,1
1656.612,1
1656.705,0
1656.797,0
1656.889,0
1656.981,0
1657.073,0
1657.166,0
1657.258,0
1657.35,0
1657.442,0
1657.535,0
1657.627,0
1657.719,0
1657.811,1
1657.904,1
1657.996,1
1658.088,1
1658.18,0
1658.273,0
1658.365,3
1658.457,5
1658.549,5
1658.642,5
1658.734,4
1658.826,3
1658.918,6
1659.011,6
1659.103,4
1659.195,4
1659.287,2
1659.38,2
1659.472,2
1659.564,1
1659.657,3
1659.749,3
1659.841,3
1659.933,3
1660.026,0
1660.118,0
1660.21,0
1660.303,0
1660.395,1
1660.487,1
1660.58,1
1660.672,2
1660.764,1
1660.857,1
1660.949,1
1661.041,1
1661.134,1
1661.226,1
1661.318,1
1661.411,0
1661.503,1
1661.595,1
1661.688,1
1661.78,1
1661.872,0
1661.965,0
1662.057,0
1662.149,0
1662.242,0
1662.334,0
1662.427,0
1662.519,1
1662.611,1
1662.704,1
1662.796,1
1662.888,0
1662.981,0
1663.073,0
1663.166,0
1663.258,0
1663.35,0
1663.443,0
1663.535,0
1663.628,0
1663.72,0
1663.812,1
1663.905,1
1663.997,1
1664.09,1
1664.182,0
1664.274,0
1664.367,0
1664.459,0
1664.552,1
1664.644,2
1664.737,2
1664.829,2
1664.921,2
1665.014,3
1665.106,3
1665.199,3
1665.291,3
1665.384,2
1665.476,3
1665.569,5
1665.661,4
1665.754,5
1665.846,4
1665.938,4
1666.031,4
1666.123,2
1666.216,3
1666.308,1
1666.401,1
1666.493,1
1666.586,0
1666.678,0
1666.771,1
1666.863,1
1666.956,2
1667.048,2
1667.141,1
1667.233,1
1667.326,0
1667.418,0
1667.511,0
1667.603,3
1667.696,3
1667.788,3
1667.881,3
1667.973,0
1668.066,1
1668.159,1
1668.251,1
1668.344,1
1668.436,0
1668.529,0
1668.621,1
1668.714,1
1668.806,1
1668.899,1
1668.991,0
1669.084,0
1669.177,0
1669.269,1
1669.362,2
1669.454,2
1669.547,2
1669.639,2
1669.732,1
1669.825,1
1669.917,1
1670.01,1
1670.102,1
1670.195,1
1670.287,1
1670.38,0
1670.473,0
1670.565,0
1670.658,0
1670.75,0
1670.843,0
1670.936,0
1671.028,0
1671.121,0
1671.214,0
1671.306,0
1671.399,0
1671.491,0
1671.584,1
1671.677,1
1671.769,1
1671.862,2
1671.955,1
1672.047,1
1672.14,1
1672.233,1
1672.325,2
1672.418,2
1672.51,2
1672.603,2
1672.696,1
1672.788,1
1672.881,1
1672.974,0
1673.066,0
1673.159,1
1673.252,1
1673.345,1
1673.437,1
1673.53,0
1673.623,0
1673.715,1
1673.808,1
1673.901,1
1673.993,1
1674.086,1
1674.179,1
1674.271,2
1674.364,2
1674.457,1
1674.55,1
1674.642,0
1674.735,0
1674.828,1
1674.92,1
1675.013,1
1675.106,1
1675.199,1
1675.291,1
1675.384,1
1675.477,1
1675.57,1
1675.662,1
1675.755,1
1675.848,1
1675.941,0
1676.033,0
1676.126,0
1676.219,0
1676.312,0
1676.404,0
1676.497,0
1676.59,0
1676.683,0
1676.775,1
1676.868,2
1676.961,2
1677.054,2
1677.147,1
1677.239,0
1677.332,0
1677.425,1
1677.518,1
1677.611,1
1677.703,1
1677.796,1
1677.889,1
1677.982,1
1678.075,1
1678.167,1
1678.26,1
1678.353,1
1678.446,1
1678.539,0
1678.632,0
1678.724,0
1678.817,0
1678.91,0
1679.003,0
1679.096,0
1679.189,0
1679.281,0
1679.374,0
1679.467,0
1679.56,0
1679.653,0
1679.746,0
1679.839,0
1679.931,0
1680.024,1
1680.117,1
1680.21,1
1680.303,1
1680.396,0
1680.489,0
1680.582,0
1680.674,0
1680.767,0
1680.86,0
1680.953,0
1681.046,0
1681.139,1
1681.232,1
1681.325,1
1681.418,1
1681.51,0
1681.603,0
1681.696,0
1681.789,0
1681.882,0
1681.975,0
1682.068,0
1682.161,0
1682.254,0
1682.347,1
1682.44,2
1682.533,2
1682.626,2
1682.719,1
1682.811,0
1682.904,0
1682.997,1
1683.09,1
1683.183,1
1683.276,1
1683.369,1
1683.462,1
1683.555,1
1683.648,1
1683.741,0
1683.834,0
1683.927,0
1684.02,0
1684.113,0
1684.206,0
1684.299,1
1684.392,1
1684.485,1
1684.578,1
1684.671,0
1684.764,0
1684.857,1
1684.95,1
1685.043,1
1685.136,1
1685.229,0
1685.322,0
1685.415,0
1685.508,0
1685.601,1
1685.694,1
1685.787,1
1685.88,1
1685.973,0
1686.066,0
1686.159,0
1686.252,1
1686.345,2
1686.438,2
1686.531,5
1686.625,4
1686.718,3
1686.811,3
1686.904,1
1686.997,1
1687.09,1
1687.183,1
1687.276,0
1687.369,0
1687.462,0
1687.555,0
1687.648,0
1687.741,0
1687.834,0
1687.928,0
1688.021,0
1688.114,0
1688.207,0
1688.3,0
1688.393,0
1688.486,0
1688.579,0
1688.672,0
1688.765,1
1688.859,1
1688.952,1
1689.045,1
1689.138,3
1689.231,3
1689.324,3
1689.417,3
1689.51,2
1689.604,3
1689.697,3
1689.79,3
1689.883,1
1689.976,0
1690.069,0
1690.163,0
1690.256,0
1690.349,0
1690.442,0
1690.535,0
1690.628,0
1690.721,0
1690.815,0
1690.908,0
1691.001,0
1691.094,0
1691.187,0
1691.281,1
1691.374,1
1691.467,1
1691.56,1
1691.653,0
1691.747,0
1691.84,0
1691.933,0
1692.026,0
1692.119,1
1692.213,1
1692.306,1
1692.399,1
1692.492,0
1692.585,0
1692.679,0
1692.772,0
1692.865,0
1692.958,0
1693.052,1
1693.145,1
1693.238,1
1693.331,2
1693.425,2
1693.518,2
1693.611,2
1693.704,1
1693.798,1
1693.891,1
1693.984,1
1694.077,1
1694.171,1
1694.264,1
1694.357,1
1694.45,1
1694.544,3
1694.637,3
1694.73,3
1694.824,4
1694.917,1
1695.01,1
1695.103,1
1695.197,0
1695.29,0
1695.383,0
1695.477,0
1695.57,1
1695.663,1
1695.757,1
1695.85,1
1695.943,0
1696.036,0
1696.13,0
1696.223,0
1696.316,0
1696.41,0
1696.503,0
1696.596,0
1696.69,0
1696.783,1
1696.876,1
1696.97,1
1697.063,1
1697.156,0
1697.25,1
1697.343,1
1697.437,1
1697.53,2
1697.623,1
1697.717,1
1697.81,1
1697.903,0
1697.997,0
1698.09,0
1698.184,0
1698.277,0
1698.37,0
1698.464,0
1698.557,0
1698.65,0
1698.744,0
1698.837,0
1698.931,1
1699.024,2
1699.117,2
1699.211,4
1699.304,3
1699.398,2
1699.491,2
1699.585,1
1699.678,1
1699.771,1
1699.865,1
1699.958,0
1700.052,0
1700.145,0
1700.239,0
1700.332,0
1700.425,0
1700.519,0
1700.612,0
1700.706,0
1700.799,0
1700.893,0
1700.986,0
1701.08,0
1701.173,0
1701.266,0
1701.36,0
1701.453,0
1701.547,0
1701.64,0
1701.734,0
1701.827,0
1701.921,0
1702.014,0
1702.108,0
1702.201,0
1702.295,0
1702.388,0
1702.482,0
1702.575,0
1702.669,0
1702.762,1
1702.856,1
1702.949,1
1703.043,1
1703.136,0
1703.23,0
1703.323,0
1703.417,0
1703.51,1
1703.604,1
1703.698,1
1703.791,1
1703.885,0
1703.978,0
1704.072,1
1704.165,1
1704.259,1
1704.352,1
1704.446,0
1704.539,1
1704.633,1
1704.727,1
1704.82,1
1704.914,0
1705.007,0
1705.101,0
1705.194,0
1705.288,0
1705.382,0
1705.475,0
1705.569,0
1705.662,0
1705.756,1
1705.849,1
1705.943,1
1706.037,1
1706.13,0
1706.224,1
1706.318,1
1706.411,1
1706.505,1
1706.598,2
1706.692,2
1706.786,2
1706.879,2
1706.973,1
1707.066,1
1707.16,1
1707.254,1
1707.347,0
1707.441,0
1707.535,0
1707.628,0
1707.722,0
1707.816,0
1707.909,0
1708.003,0
1708.097,0
1708.19,0
1708.284,0
1708.378,0
1708.471,0
1708.565,0
1708.659,0
1708.752,1
1708.846,1
1708.94,1
1709.033,2
1709.127,2
1709.221,3
1709.314,3
1709.408,2
1709.502,1
1709.595,0
1709.689,0
1709.783,0
1709.877,0
1709.97,0
1710.064,0
1710.158,0
1710.251,0
1710.345,0
1710.439,0
1710.533,0
1710.626,1
1710.72,1
1710.814,1
1710.907,1
1711.001,0
1711.095,0
1711.189,1
1711.282,1
1711.376,1
1711.47,1
1711.564,0
1711.657,0
1711.751,0
1711.845,0
1711.939,0
1712.033,0
1712.126,0
1712.22,0
1712.314,1
1712.408,1
1712.501,1
1712.595,1
1712.689,0
1712.783,1
1712.877,1
1712.97,2
1713.064,2
1713.158,1
1713.252,1
1713.346,0
1713.439,1
1713.533,1
1713.627,1
1713.721,1
1713.815,1
1713.908,1
1714.002,1
1714.096,1
1714.19,0
1714.284,0
1714.378,0
1714.471,0
1714.565,0
1714.659,0
1714.753,0
1714.847,0
1714.941,0
1715.034,0
1715.128,0
1715.222,0
1715.316,1
1715.41,2
1715.504,2
1715.598,2
1715.691,1
1715.785,0
1715.879,1
1715.973,1
1716.067,1
1716.161,1
1716.255,0
1716.349,0
1716.443,0
1716.536,0
1716.63,0
1716.724,1
1716.818,2
1716.912,2
1717.006,2
1717.1,1
1717.194,0
1717.288,0
1717.382,0
1717.475,0
1717.569,1
1717.663,2
1717.757,3
1717.851,3
1717.945,2
1718.039,1
1718.133,0
1718.227,0
1718.321,0
1718.415,0
1718.509,2
1718.603,2
1718.697,2
1718.791,2
1718.885,0
1718.979,0
1719.073,0
1719.166,0
1719.26,0
1719.354,0
1719.448,0
1719.542,0
1719.636,0
1719.73,0
1719.824,0
1719.918,0
1720.012,0
1720.106,0
1720.2,0
1720.294,0
1720.388,0
1720.482,1
1720.576,1
1720.67,1
1720.764,1
1720.858,0
1720.952,0
1721.046,0
1721.14,0
1721.234,0
1721.328,0
1721.422,0
1721.516,0
1721.611,0
1721.705,0
1721.799,0
1721.893,0
1721.987,0
1722.081,0
1722.175,1
1722.269,1
1722.363,1
1722.457,2
1722.551,1
1722.645,1
1722.739,1
1722.833,0
1722.927,0
1723.021,3
1723.115,3
1723.21,4
1723.304,4
1723.398,1
1723.492,1
1723.586,0
1723.68,0
1723.774,0
1723.868,0
1723.962,0
1724.056,0
1724.15,0
1724.245,0
1724.339,0
1724.433,0
1724.527,0
1724.621,0
1724.715,1
1724.809,1
1724.903,1
1724.998,1
1725.092,0
1725.186,0
1725.28,0
1725.374,0
1725.468,0
1725.562,0
1725.657,0
1725.751,0
1725.845,0
1725.939,0
1726.033,0
1726.127,0
1726.221,0
1726.316,0
1726.41,0
1726.504,1
1726.598,2
1726.692,3
1726.786,6
1726.881,5
1726.975,4
1727.069,3
1727.163,0
1727.257,0
1727.352,0
1727.446,0
1727.54,0
1727.634,0
1727.728,0
1727.823,0
1727.917,1
1728.011,1
1728.105,1
1728.199,1
1728.294,1
1728.388,1
1728.482,1
1728.576,1
1728.671,0
1728.765,0
1728.859,0
1728.953,0
1729.048,0
1729.142,0
1729.236,0
1729.33,0
1729.425,0
1729.519,0
1729.613,0
1729.707,0
1729.802,0
1729.896,0
1729.99,0
1730.084,0
1730.179,1
1730.273,1
1730.367,1
1730.462,2
1730.556,2
1730.65,3
1730.744,5
1730.839,4
1730.933,3
1731.027,2
1731.122,1
1731.216,1
1731.31,1
1731.404,1
1731.499,0
1731.593,0
1731.687,0
1731.782,0
1731.876,0
1731.97,0
1732.065,1
1732.159,2
1732.253,3
1732.348,4
1732.442,5
1732.536,4
1732.631,3
1732.725,2
1732.819,0
1732.914,0
1733.008,2
1733.102,2
1733.197,3
1733.291,3
1733.386,1
1733.48,1
1733.574,0
1733.669,0
1733.763,1
1733.857,1
1733.952,1
1734.046,1
1734.141,0
1734.235,0
1734.329,0
1734.424,0
1734.518,0
1734.613,0
1734.707,0
1734.801,0
1734.896,0
1734.99,0
1735.085,0
1735.179,0
1735.273,1
1735.368,1
1735.462,3
1735.557,4
1735.651,4
1735.745,4
1735.84,3
1735.934,2
1736.029,2
1736.123,2
1736.218,2
1736.312,2
1736.407,1
1736.501,1
1736.595,0
1736.69,0
1736.784,0
1736.879,0
1736.973,0
1737.068,0
1737.162,1
1737.257,1
1737.351,1
1737.446,1
1737.54,1
1737.635,1
1737.729,4
1737.824,4
1737.918,3
1738.013,3
1738.107,0
1738.202,0
1738.296,0
1738.391,0
1738.485,0
1738.58,0
1738.674,0
1738.769,0
1738.863,0
1738.958,0
1739.052,1
1739.147,1
1739.241,2
1739.336,2
1739.43,3
1739.525,3
1739.619,2
1739.714,2
1739.808,0
1739.903,0
1739.997,0
1740.092,0
1740.187,0
1740.281,0
1740.376,2
1740.47,2
1740.565,2
1740.659,3
1740.754,1
1740.849,1
1740.943,2
1741.038,1
1741.132,1
1741.227,1
1741.321,0
1741.416,0
1741.511,0
1741.605,0
1741.7,0
1741.794,0
1741.889,1
1741.984,1
1742.078,1
1742.173,1
1742.267,0
1742.362,1
1742.457,1
1742.551,1
1742.646,1
1742.74,0
1742.835,1
1742.93,1
1743.024,1
1743.119,1
1743.214,0
1743.308,0
1743.403,0
1743.498,0
1743.592,0
1743.687,0
1743.781,0
1743.876,0
1743.971,0
1744.065,0
1744.16,0
1744.255,0
1744.349,0
1744.444,0
1744.539,0
1744.633,0
1744.728,0
1744.823,0
1744.918,0
1745.012,0
1745.107,0
1745.202,0
1745.296,0
1745.391,0
1745.486,0
1745.58,0
1745.675,2
1745.77,2
1745.864,2
1745.959,2
1746.054,0
1746.149,1
1746.243,2
1746.338,3
1746.433,4
1746.528,3
1746.622,3
1746.717,2
1746.812,1
1746.906,1
1747.001,1
1747.096,1
1747.191,1
1747.285,1
1747.38,0
1747.475,1
1747.57,3
1747.664,3
1747.759,3
1747.854,2
1747.949,0
1748.044,0
1748.138,0
1748.233,1
1748.328,1
1748.423,1
1748.517,1
1748.612,0
1748.707,0
1748.802,0
1748.897,0
1748.991,0
1749.086,0
1749.181,0
1749.276,0
1749.371,0
1749.465,1
1749.56,1
1749.655,1
1749.75,1
1749.845,0
1749.939,0
1750.034,0
1750.129,0
1750.224,0
1750.319,0
1750.414,0
1750.508,0
1750.603,0
1750.698,0
1750.793,0
1750.888,0
1750.983,0
1751.078,0
1751.172,0
1751.267,0
1751.362,1
1751.457,1
1751.552,1
1751.647,1
1751.742,0
1751.836,0
1751.931,0
1752.026,0
1752.121,0
1752.216,0
1752.311,0
1752.406,0
1752.501,0
1752.596,0
1752.69,0
1752.785,0
1752.88,0
1752.975,0
1753.07,0
1753.165,0
1753.26,1
1753.355,1
1753.45,1
1753.545,1
1753.64,1
1753.735,3
1753.829,4
1753.924,4
1754.019,3
1754.114,1
1754.209,0
1754.304,0
1754.399,0
1754.494,1
1754.589,1
1754.684,1
1754.779,3
1754.874,2
1754.969,2
1755.064,2
1755.159,1
1755.254,1
1755.349,2
1755.444,2
1755.539,3
1755.634,3
1755.729,2
1755.824,2
1755.919,1
1756.014,1
1756.109,1
1756.204,1
1756.299,1
1756.394,1
1756.489,1
1756.584,1
1756.679,0
1756.774,0
1756.869,0
1756.964,0
1757.059,1
1757.154,1
1757.249,1
1757.344,1
1757.439,0
1757.534,0
1757.629,1
1757.724,1
1757.819,1
1757.914,1
1758.009,0
1758.104,0
1758.199,0
1758.294,0
1758.389,0
1758.484,0
1758.579,1
1758.674,1
1758.769,1
1758.865,1
1758.96,0
1759.055,1
1759.15,2
1759.245,4
1759.34,7
1759.435,7
1759.53,8
1759.625,7
1759.72,5
1759.815,4
1759.91,2
1760.006,1
1760.101,0
1760.196,1
1760.291,1
1760.386,1
1760.481,2
1760.576,1
1760.671,1
1760.766,1
1760.862,1
1760.957,1
1761.052,1
1761.147,1
1761.242,1
1761.337,1
1761.432,1
1761.528,1
1761.623,0
1761.718,0
1761.813,0
1761.908,0
1762.003,0
1762.098,1
1762.194,1
1762.289,1
1762.384,1
1762.479,0
1762.574,1
1762.669,1
1762.765,1
1762.86,2
1762.955,1
1763.05,1
1763.145,1
1763.241,0
1763.336,0
1763.431,0
1763.526,0
1763.621,0
1763.717,1
1763.812,1
1763.907,1
1764.002,1
1764.097,0
1764.193,0
1764.288,0
1764.383,0
1764.478,1
1764.573,1
1764.669,1
1764.764,1
1764.859,0
1764.954,0
1765.05,1
1765.145,1
1765.24,1
1765.335,1
1765.431,1
1765.526,1
1765.621,1
1765.716,1
1765.812,0
1765.907,0
1766.002,0
1766.097,1
1766.193,1
1766.288,1
1766.383,1
1766.479,0
1766.574,0
1766.669,0
1766.764,0
1766.86,0
1766.955,0
1767.05,0
1767.146,0
1767.241,0
1767.336,0
1767.431,0
1767.527,0
1767.622,0
1767.717,0
1767.813,0
1767.908,0
1768.003,0
1768.099,2
1768.194,3
1768.289,4
1768.385,5
1768.48,8
1768.575,8
1768.671,7
1768.766,6
1768.861,3
1768.957,2
1769.052,2
1769.147,2
1769.243,0
1769.338,0
1769.434,0
1769.529,1
1769.624,5
1769.72,5
1769.815,5
1769.91,4
1770.006,4
1770.101,4
1770.196,4
1770.292,4
1770.387,0
1770.483,0
1770.578,0
1770.673,0
1770.769,0
1770.864,0
1770.96,0
1771.055,0
1771.15,1
1771.246,1
1771.341,2
1771.437,2
1771.532,1
1771.628,1
1771.723,0
1771.818,0
1771.914,0
1772.009,0
1772.105,0
1772.2,0
1772.296,0
1772.391,0
1772.486,0
1772.582,0
1772.677,0
1772.773,0
1772.868,0
1772.964,0
1773.059,0
1773.155,0
1773.25,0
1773.346,0
1773.441,0
1773.537,0
1773.632,0
1773.727,0
1773.823,0
1773.918,0
1774.014,0
1774.109,0
1774.205,0
1774.3,0
1774.396,0
1774.491,0
1774.587,0
1774.682,0
1774.778,1
1774.873,1
1774.969,1
1775.064,1
1775.16,0
1775.255,1
1775.351,1
1775.447,1
1775.542,1
1775.638,0
1775.733,0
1775.829,0
1775.924,0
1776.02,0
1776.115,0
1776.211,0
1776.306,0
1776.402,0
1776.497,0
1776.593,0
1776.689,0
1776.784,0
1776.88,1
1776.975,1
1777.071,1
1777.166,1
1777.262,0
1777.358,0
1777.453,0
1777.549,0
1777.644,0
1777.74,0
1777.836,1
1777.931,1
1778.027,1
1778.122,1
1778.218,0
1778.314,0
1778.409,0
1778.505,0
1778.6,0
1778.696,0
1778.792,0
1778.887,0
1778.983,0
1779.078,0
1779.174,0
1779.27,0
1779.365,0
1779.461,0
1779.557,0
1779.652,0
1779.748,0
1779.844,0
1779.939,0
1780.035,0
1780.131,1
1780.226,1
1780.322,1
1780.418,1
1780.513,0
1780.609,0
1780.705,0
1780.8,0
1780.896,1
1780.992,1
1781.087,1
1781.183,1
1781.279,0
1781.374,0
1781.47,1
1781.566,2
1781.661,2
1781.757,2
1781.853,1
1781.948,0
1782.044,0
1782.14,0
1782.236,0
1782.331,0
1782.427,0
1782.523,0
1782.618,0
1782.714,0
1782.81,0
1782.906,0
1783.001,0
1783.097,0
1783.193,0
1783.289,0
1783.384,0
1783.48,0
1783.576,1
1783.672,1
1783.767,1
1783.863,1
1783.959,0
1784.055,0
1784.15,0
1784.246,0
1784.342,1
1784.438,1
1784.534,1
1784.629,1
1784.725,0
1784.821,0
1784.917,0
1785.012,1
1785.108,1
1785.204,1
1785.3,1
1785.396,0
1785.491,0
1785.587,1
1785.683,1
1785.779,2
1785.875,2
1785.97,1
1786.066,1
1786.162,0
1786.258,0
1786.354,0
1786.45,0
1786.545,0
1786.641,0
1786.737,0
1786.833,0
1786.929,0
1787.025,0
1787.12,0
1787.216,0
1787.312,0
1787.408,0
1787.504,0
1787.6,1
1787.696,1
1787.791,1
1787.887,1
1787.983,1
1788.079,2
1788.175,2
1788.271,2
1788.367,1
1788.463,0
1788.558,1
1788.654,1
1788.75,1
1788.846,1
1788.942,0
1789.038,0
1789.134,0
1789.23,0
1789.326,0
1789.422,0
1789.517,0
1789.613,0
1789.709,0
1789.805,0
1789.901,0
1789.997,0
1790.093,0
1790.189,0
1790.285,0
1790.381,1
1790.477,1
1790.573,1
1790.669,2
1790.765,1
1790.861,1
1790.956,1
1791.052,0
1791.148,0
1791.244,0
1791.34,0
1791.436,0
1791.532,0
1791.628,0
1791.724,0
1791.82,1
1791.916,1
1792.012,2
1792.108,2
1792.204,1
1792.3,1
1792.396,0
1792.492,0
1792.588,0
1792.684,0
1792.78,0
1792.876,0
1792.972,0
1793.068,0
1793.164,0
1793.26,0
1793.356,2
1793.452,5
1793.548,6
1793.644,7
1793.74,7
1793.836,9
1793.932,8
1794.028,7
1794.124,5
1794.22,0
1794.316,0
1794.412,0
1794.509,0
1794.605,0
1794.701,0
1794.797,0
1794.893,0
1794.989,0
1795.085,0
1795.181,0
1795.277,1
1795.373,1
1795.469,1
1795.565,1
1795.661,0
1795.757,0
1795.854,0
1795.95,0
1796.046,0
1796.142,0
1796.238,0
1796.334,0
1796.43,0
1796.526,0
1796.622,0
1796.718,0
1796.815,0
1796.911,1
1797.007,1
1797.103,1
1797.199,1
1797.295,0
1797.391,0
1797.487,0
1797.584,0
1797.68,0
1797.776,1
1797.872,2
1797.968,2
1798.064,2
1798.16,1
1798.257,0
1798.353,0
1798.449,1
1798.545,1
1798.641,1
1798.737,1
1798.833,0
1798.93,0
1799.026,0
1799.122,0
1799.218,0
1799.314,0
1799.411,0
1799.507,0
1799.603,0
1799.699,0
1799.795,0
1799.891,0
1799.988,0
1800.084,0
1800.18,1
1800.276,1
1800.373,1
1800.469,2
1800.565,2
1800.661,2
1800.757,3
1800.854,3
1800.95,2
1801.046,2
1801.142,1
1801.239,0
1801.335,0
1801.431,1
1801.527,1
1801.623,1
1801.72,1
1801.816,0
1801.912,0
1802.008,0
1802.105,0
1802.201,0
1802.297,0
1802.394,0
1802.49,0
1802.586,0
1802.682,1
1802.779,1
1802.875,1
1802.971,1
1803.067,0
1803.164,0
1803.26,0
1803.356,0
1803.453,0
1803.549,0
1803.645,0
1803.741,0
1803.838,0
1803.934,0
1804.03,1
1804.127,5
1804.223,5
1804.319,6
1804.416,5
1804.512,2
1804.608,2
1804.705,2
1804.801,2
1804.897,2
1804.994,2
1805.09,1
1805.186,1
1805.283,0
1805.379,0
1805.475,0
1805.572,0
1805.668,0
1805.764,0
1805.861,0
1805.957,0
1806.054,1
1806.15,1
1806.246,1
1806.343,1
1806.439,0
1806.535,1
1806.632,3
1806.728,3
1806.825,3
1806.921,2
1807.017,0
1807.114,0
1807.21,0
1807.306,0
1807.403,0
1807.499,0
1807.596,0
1807.692,0
1807.789,0
1807.885,0
1807.981,0
1808.078,1
1808.174,1
1808.271,1
1808.367,1
1808.463,0
1808.56,2
1808.656,2
1808.753,2
1808.849,2
1808.946,0
1809.042,0
1809.139,1
1809.235,1
1809.331,1
1809.428,1
1809.524,1
1809.621,1
1809.717,1
1809.814,1
1809.91,0
1810.007,1
1810.103,2
1810.2,2
1810.296,2
1810.393,1
1810.489,1
1810.586,1
1810.682,1
1810.779,1
1810.875,0
1810.972,0
1811.068,0
1811.165,0
1811.261,0
1811.358,0
1811.454,0
1811.551,0
1811.647,0
1811.744,0
1811.84,0
1811.937,0
1812.033,0
1812.13,0
1812.226,0
1812.323,0
1812.419,0
1812.516,0
1812.612,0
1812.709,0
1812.806,0
1812.902,0
1812.999,0
1813.095,1
1813.192,2
1813.288,3
1813.385,3
1813.481,2
1813.578,1
1813.675,0
1813.771,0
1813.868,1
1813.964,1
1814.061,1
1814.158,2
1814.254,3
1814.351,4
1814.447,4
1814.544,3
1814.64,1
1814.737,0
1814.834,0
1814.93,0
1815.027,0
1815.124,1
1815.22,1
1815.317,1
1815.413,1
1815.51,1
1815.607,1
1815.703,2
1815.8,2
1815.897,1
1815.993,1
1816.09,0
1816.186,0
1816.283,1
1816.38,1
1816.476,1
1816.573,1
1816.67,2
1816.766,4
1816.863,4
1816.96,4
1817.056,2
1817.153,0
1817.25,0
1817.346,0
1817.443,1
1817.54,1
1817.636,2
1817.733,2
1817.83,1
1817.926,2
1818.023,1
1818.12,2
1818.216,2
1818.313,1
1818.41,1
1818.507,0
1818.603,0
1818.7,0
1818.797,0
1818.893,0
1818.99,2
1819.087,3
1819.184,3
1819.28,3
1819.377,1
1819.474,0
1819.571,0
1819.667,0
1819.764,0
1819.861,0
1819.957,0
1820.054,0
1820.151,0
1820.248,1
1820.344,1
1820.441,1
1820.538,1
1820.635,0
1820.731,2
1820.828,3
1820.925,3
1821.022,3
1821.119,1
1821.215,0
1821.312,1
1821.409,1
1821.506,2
1821.602,2
1821.699,1
1821.796,1
1821.893,1
1821.99,1
1822.086,1
1822.183,1
1822.28,1
1822.377,1
1822.474,2
1822.571,2
1822.667,1
1822.764,1
1822.861,1
1822.958,1
1823.055,1
1823.151,1
1823.248,0
1823.345,0
1823.442,0
1823.539,0
1823.636,0
1823.732,0
1823.829,0
1823.926,1
1824.023,1
1824.12,1
1824.217,1
1824.314,1
1824.41,2
1824.507,2
1824.604,2
1824.701,2
1824.798,3
1824.895,3
1824.992,3
1825.089,2
1825.185,0
1825.282,0
1825.379,0
1825.476,0
1825.573,0
1825.67,0
1825.767,0
1825.864,1
1825.961,1
1826.058,1
1826.154,1
1826.251,1
1826.348,1
1826.445,1
1826.542,2
1826.639,1
1826.736,2
1826.833,2
1826.93,1
1827.027,2
1827.124,3
1827.221,3
1827.318,4
1827.415,3
1827.512,1
1827.608,1
1827.705,0
1827.802,1
1827.899,1
1827.996,1
1828.093,2
1828.19,1
1828.287,1
1828.384,1
1828.481,0
1828.578,0
1828.675,0
1828.772,0
1828.869,1
1828.966,1
1829.063,1
1829.16,1
1829.257,0
1829.354,0
1829.451,0
1829.548,1
1829.645,1
1829.742,1
1829.839,1
1829.936,0
1830.033,0
1830.13,0
1830.227,0
1830.324,0
1830.421,0
1830.518,0
1830.615,1
1830.712,1
1830.809,1
1830.906,1
1831.003,1
1831.1,1
1831.198,1
1831.295,1
1831.392,0
1831.489,0
1831.586,0
1831.683,2
1831.78,2
1831.877,2
1831.974,2
1832.071,0
1832.168,0
1832.265,0
1832.362,0
1832.459,0
1832.556,0
1832.654,0
1832.751,0
1832.848,0
1832.945,1
1833.042,1
1833.139,1
1833.236,1
1833.333,0
1833.43,0
1833.527,0
1833.625,1
1833.722,1
1833.819,1
1833.916,2
1834.013,3
1834.11,3
1834.207,3
1834.304,6
1834.402,5
1834.499,5
1834.596,6
1834.693,2
1834.79,1
1834.887,1
1834.984,0
1835.082,0
1835.179,0
1835.276,0
1835.373,0
1835.47,1
1835.567,1
1835.665,2
1835.762,2
1835.859,1
1835.956,1
1836.053,0
1836.15,0
1836.248,0
1836.345,0
1836.442,0
1836.539,0
1836.636,0
1836.734,0
1836.831,0
1836.928,0
1837.025,0
1837.122,0
1837.22,0
1837.317,0
1837.414,0
1837.511,1
1837.608,1
1837.706,1
1837.803,1
1837.9,0
1837.997,1
1838.095,1
1838.192,1
1838.289,1
1838.386,0
1838.484,0
1838.581,0
1838.678,0
1838.775,0
1838.873,0
1838.97,0
1839.067,1
1839.164,1
1839.262,1
1839.359,1
1839.456,1
1839.553,1
1839.651,1
1839.748,1
1839.845,0
1839.943,0
1840.04,0
1840.137,0
1840.234,0
1840.332,0
1840.429,0
1840.526,0
1840.624,0
1840.721,0
1840.818,0
1840.916,1
1841.013,1
1841.11,1
1841.208,1
1841.305,0
1841.402,0
1841.5,1
1841.597,1
1841.694,1
1841.792,1
1841.889,0
1841.986,0
1842.084,1
1842.181,1
1842.278,1
1842.376,1
1842.473,0
1842.57,0
1842.668,0
1842.765,0
1842.862,0
1842.96,0
1843.057,1
1843.154,1
1843.252,2
1843.349,3
1843.447,3
1843.544,3
1843.641,2
1843.739,1
1843.836,0
1843.934,0
1844.031,0
1844.128,0
1844.226,0
1844.323,0
1844.421,1
1844.518,1
1844.615,1
1844.713,1
1844.81,0
1844.908,0
1845.005,0
1845.102,0
1845.2,0
1845.297,0
1845.395,1
1845.492,1
1845.59,1
1845.687,1
1845.785,0
1845.882,0
1845.979,0
1846.077,1
1846.174,1
1846.272,1
1846.369,1
1846.467,0
1846.564,0
1846.662,0
1846.759,0
1846.857,0
1846.954,0
1847.052,1
1847.149,1
1847.246,2
1847.344,2
1847.441,1
1847.539,2
1847.636,1
1847.734,1
1847.831,1
1847.929,1
1848.026,1
1848.124,1
1848.221,1
1848.319,3
1848.416,3
1848.514,3
1848.611,3
1848.709,1
1848.807,1
1848.904,2
1849.002,2
1849.099,2
1849.197,3
1849.294,2
1849.392,2
1849.489,1
1849.587,0
1849.684,0
1849.782,0
1849.879,1
1849.977,1
1850.075,1
1850.172,1
1850.27,0
1850.367,0
1850.465,0
1850.562,0
1850.66,0
1850.758,0
1850.855,1
1850.953,1
1851.05,1
1851.148,1
1851.245,0
1851.343,0
1851.441,0
1851.538,0
1851.636,0
1851.733,0
1851.831,0
1851.929,0
1852.026,0
1852.124,0
1852.222,0
1852.319,0
1852.417,1
1852.514,1
1852.612,1
1852.71,1
1852.807,0
1852.905,0
1853.003,1
1853.1,2
1853.198,2
1853.295,2
1853.393,2
1853.491,1
1853.588,1
1853.686,1
1853.784,0
1853.881,0
1853.979,0
1854.077,1
1854.174,1
1854.272,1
1854.37,1
1854.467,0
1854.565,0
1854.663,0
1854.76,0
1854.858,0
1854.956,1
1855.054,1
1855.151,1
1855.249,1
1855.347,0
1855.444,0
1855.542,0
1855.64,1
1855.737,1
1855.835,2
1855.933,2
1856.031,2
1856.128,2
1856.226,1
1856.324,1
1856.422,0
1856.519,0
1856.617,0
1856.715,1
1856.812,1
1856.91,1
1857.008,1
1857.106,1
1857.203,1
1857.301,1
1857.399,1
1857.497,0
1857.594,1
1857.692,1
1857.79,3
1857.888,4
1857.986,3
1858.083,4
1858.181,2
1858.279,1
1858.377,1
1858.474,0
1858.572,0
1858.67,0
1858.768,0
1858.866,0
1858.963,0
1859.061,0
1859.159,0
1859.257,0
1859.355,0
1859.452,0
1859.55,0
1859.648,0
1859.746,1
1859.844,1
1859.942,1
1860.039,1
1860.137,0
1860.235,3
1860.333,3
1860.431,3
1860.529,3
1860.626,0
1860.724,0
1860.822,0
1860.92,0
1861.018,0
1861.116,0
1861.213,1
1861.311,1
1861.409,1
1861.507,1
1861.605,1
1861.703,2
1861.801,3
1861.899,3
1861.996,5
1862.094,4
1862.192,4
1862.29,4
1862.388,2
1862.486,2
1862.584,1
1862.682,1
1862.78,0
1862.877,0
1862.975,0
1863.073,1
1863.171,1
1863.269,2
1863.367,4
1863.465,3
1863.563,3
1863.661,2
1863.759,1
1863.857,1
1863.955,2
1864.053,2
1864.15,1
1864.248,1
1864.346,1
1864.444,1
1864.542,1
1864.64,1
1864.738,0
1864.836,0
1864.934,0
1865.032,0
1865.13,0
1865.228,0
1865.326,1
1865.424,2
1865.522,2
1865.62,3
1865.718,2
1865.816,1
1865.914,1
1866.012,0
1866.11,0
1866.208,0
1866.306,0
1866.404,0
1866.502,0
1866.6,0
1866.698,0
1866.796,0
1866.894,0
1866.992,2
1867.09,2
1867.188,2
1867.286,2
1867.384,0
1867.482,0
1867.58,0
1867.678,1
1867.776,1
1867.874,1
1867.972,1
1868.07,0
1868.168,0
1868.266,0
1868.364,0
1868.462,0
1868.56,0
1868.658,1
1868.756,1
1868.855,1
1868.953,2
1869.051,2
1869.149,2
1869.247,2
1869.345,1
1869.443,1
1869.541,2
1869.639,2
1869.737,2
1869.835,2
1869.933,1
1870.032,1
1870.13,1
1870.228,1
1870.326,1
1870.424,1
1870.522,2
1870.62,1
1870.718,1
1870.816,2
1870.914,2
1871.013,2
1871.111,3
1871.209,2
1871.307,1
1871.405,2
1871.503,1
1871.601,1
1871.7,1
1871.798,0
1871.896,1
1871.994,1
1872.092,1
1872.19,2
1872.288,1
1872.387,1
1872.485,1
1872.583,0
1872.681,0
1872.779,0
1872.877,0
1872.976,0
1873.074,1
1873.172,2
1873.27,2
1873.368,3
1873.467,2
1873.565,1
1873.663,1
1873.761,1
1873.859,1
1873.957,1
1874.056,2
1874.154,1
1874.252,1
1874.35,1
1874.449,0
1874.547,0
1874.645,0
1874.743,0
1874.841,0
1874.94,0
1875.038,0
1875.136,0
1875.234,0
1875.333,0
1875.431,0
1875.529,2
1875.627,2
1875.726,3
1875.824,3
1875.922,1
1876.02,1
1876.119,2
1876.217,2
1876.315,2
1876.413,2
1876.512,0
1876.61,0
1876.708,0
1876.806,0
1876.905,0
1877.003,0
1877.101,0
1877.2,0
1877.298,1
1877.396,2
1877.494,2
1877.593,2
1877.691,1
1877.789,0
1877.888,0
1877.986,1
1878.084,4
1878.183,4
1878.281,4
1878.379,3
1878.478,0
1878.576,0
1878.674,0
1878.773,1
1878.871,1
1878.969,1
1879.068,2
1879.166,1
1879.264,2
1879.363,2
1879.461,1
1879.559,1
1879.658,0
1879.756,0
1879.854,0
1879.953,0
1880.051,0
1880.149,0
1880.248,0
1880.346,0
1880.445,1
1880.543,1
1880.641,1
1880.74,1
1880.838,1
1880.936,1
1881.035,1
1881.133,1
1881.232,0
1881.33,1
1881.428,1
1881.527,3
1881.625,3
1881.724,2
1881.822,2
1881.92,0
1882.019,1
1882.117,1
1882.216,1
1882.314,1
1882.413,0
1882.511,0
1882.609,0
1882.708,0
1882.806,0
1882.905,0
1883.003,2
1883.102,2
1883.2,2
1883.299,2
1883.397,0
1883.495,0
1883.594,0
1883.692,0
1883.791,0
1883.889,0
1883.988,3
1884.086,3
1884.185,4
1884.283,4
1884.382,3
1884.48,3
1884.579,2
1884.677,2
1884.776,0
1884.874,0
1884.973,1
1885.071,1
1885.17,1
1885.268,2
1885.367,1
1885.465,1
1885.564,1
1885.662,0
1885.761,0
1885.859,1
1885.958,1
1886.056,1
1886.155,2
1886.253,1
1886.352,2
1886.45,2
1886.549,1
1886.647,1
1886.746,1
1886.845,1
1886.943,1
1887.042,1
1887.14,0
1887.239,2
1887.337,2
1887.436,2
1887.534,3
1887.633,1
1887.732,1
1887.83,1
1887.929,2
1888.027,2
1888.126,2
1888.224,2
1888.323,0
1888.422,0
1888.52,2
1888.619,2
1888.717,2
1888.816,2
1888.915,0
1889.013,0
1889.112,1
1889.21,2
1889.309,3
1889.408,3
1889.506,2
1889.605,1
1889.703,0
1889.802,0
1889.901,1
1889.999,1
1890.098,1
1890.197,1
1890.295,0
1890.394,0
1890.493,0
1890.591,0
1890.69,1
1890.788,1
1890.887,1
1890.986,1
1891.084,0
1891.183,0
1891.282,0
1891.38,0
1891.479,0
1891.578,1
1891.676,1
1891.775,1
1891.874,1
1891.972,0
1892.071,0
1892.17,0
1892.269,1
1892.367,1
1892.466,1
1892.565,1
1892.663,0
1892.762,1
1892.861,1
1892.959,1
1893.058,1
1893.157,2
1893.256,2
1893.354,2
1893.453,2
1893.552,0
1893.65,0
1893.749,0
1893.848,1
1893.947,1
1894.045,1
1894.144,1
1894.243,0
1894.342,0
1894.44,0
1894.539,0
1894.638,0
1894.737,0
1894.835,0
1894.934,0
1895.033,0
1895.132,0
1895.23,0
1895.329,0
1895.428,0
1895.527,0
1895.626,0
1895.724,0
1895.823,0
1895.922,0
1896.021,0
1896.12,0
1896.218,0
1896.317,1
1896.416,1
1896.515,1
1896.614,1
1896.712,0
1896.811,1
1896.91,1
1897.009,1
1897.108,1
1897.206,0
1897.305,0
1897.404,0
1897.503,0
1897.602,0
1897.701,0
1897.799,0
1897.898,1
1897.997,1
1898.096,1
1898.195,1
1898.294,0
1898.392,0
1898.491,0
1898.59,0
1898.689,1
1898.788,2
1898.887,3
1898.986,5
1899.085,4
1899.183,3
1899.282,2
1899.381,1
1899.48,1
1899.579,3
1899.678,3
1899.777,2
1899.876,2
1899.974,0
1900.073,0
1900.172,0
1900.271,0
1900.37,0
1900.469,0
1900.568,0
1900.667,0
1900.766,0
1900.865,0
1900.964,0
1901.063,0
1901.161,0
1901.26,0
1901.359,0
1901.458,0
1901.557,0
1901.656,0
1901.755,0
1901.854,0
1901.953,1
1902.052,2
1902.151,2
1902.25,2
1902.349,2
1902.448,1
1902.547,1
1902.646,1
1902.745,0
1902.844,0
1902.943,0
1903.042,0
1903.141,0
1903.24,0
1903.338,0
1903.437,0
1903.536,1
1903.635,1
1903.734,1
1903.833,1
1903.932,0
1904.031,0
1904.13,0
1904.229,0
1904.328,1
1904.428,1
1904.527,1
1904.626,1
1904.725,0
1904.824,0
1904.923,0
1905.022,0
1905.121,0
1905.22,0
1905.319,0
1905.418,0
1905.517,0
1905.616,0
1905.715,0
1905.814,0
1905.913,0
1906.012,0
1906.111,0
1906.21,0
1906.309,0
1906.408,0
1906.507,0
1906.606,0
1906.706,0
1906.805,0
1906.904,0
1907.003,0
1907.102,0
1907.201,0
1907.3,0
1907.399,0
1907.498,0
1907.597,0
1907.696,0
1907.796,0
1907.895,0
1907.994,0
1908.093,0
1908.192,0
1908.291,0
1908.39,0
1908.489,0
1908.588,0
1908.688,0
1908.787,0
1908.886,0
1908.985,0
1909.084,1
1909.183,1
1909.282,1
1909.382,1
1909.481,1
1909.58,1
1909.679,2
1909.778,4
1909.877,3
1909.976,3
1910.076,2
1910.175,3
1910.274,3
1910.373,3
1910.472,3
1910.572,0
1910.671,0
1910.77,0
1910.869,1
1910.968,1
1911.067,2
1911.167,2
1911.266,1
1911.365,1
1911.464,0
1911.563,0
1911.663,0
1911.762,2
1911.861,2
1911.96,2
1912.059,2
1912.159,0
1912.258,0
1912.357,0
1912.456,0
1912.556,1
1912.655,1
1912.754,1
1912.853,1
1912.953,0
1913.052,0
1913.151,0
1913.25,0
1913.35,0
1913.449,0
1913.548,0
1913.647,2
1913.747,2
1913.846,2
1913.945,2
1914.044,0
1914.144,0
1914.243,0
1914.342,0
1914.441,1
1914.541,3
1914.64,3
1914.739,3
1914.839,5
1914.938,3
1915.037,3
1915.137,3
1915.236,0
1915.335,0
1915.434,1
1915.534,1
1915.633,2
1915.732,2
1915.832,1
1915.931,1
1916.03,0
1916.13,0
1916.229,0
1916.328,0
1916.428,0
1916.527,0
1916.626,1
1916.726,2
1916.825,2
1916.924,2
1917.024,2
1917.123,2
1917.222,5
1917.322,6
1917.421,5
1917.52,4
1917.62,3
1917.719,3
1917.819,3
1917.918,3
1918.017,1
1918.117,0
1918.216,0
1918.315,0
1918.415,0
1918.514,0
1918.614,0
1918.713,0
1918.812,0
1918.912,1
1919.011,1
1919.111,1
1919.21,1
1919.309,0
1919.409,0
1919.508,0
1919.608,2
1919.707,3
1919.807,3
1919.906,3
1920.005,1
1920.105,0
1920.204,0
1920.304,0
1920.403,0
1920.503,0
1920.602,0
1920.701,0
1920.801,1
1920.9,1
1921,2
1921.099,2
1921.199,1
1921.298,1
1921.398,1
1921.497,1
1921.597,2
1921.696,2
1921.796,2
1921.895,2
1921.994,2
1922.094,2
1922.193,1
1922.293,1
1922.392,1
1922.492,1
1922.591,1
1922.691,2
1922.79,1
1922.89,3
1922.989,3
1923.089,3
1923.188,3
1923.288,1
1923.387,2
1923.487,1
1923.587,1
1923.686,1
1923.786,0
1923.885,0
1923.985,0
1924.084,0
1924.184,0
1924.283,0
1924.383,5
1924.482,5
1924.582,5
1924.681,5
1924.781,2
1924.881,3
1924.98,4
1925.08,4
1925.179,3
1925.279,2
1925.378,1
1925.478,1
1925.578,1
1925.677,1
1925.777,1
1925.876,1
1925.976,0
1926.075,0
1926.175,0
1926.275,0
1926.374,0
1926.474,1
1926.573,1
1926.673,1
1926.773,2
1926.872,2
1926.972,2
1927.071,2
1927.171,1
1927.271,0
1927.37,0
1927.47,0
1927.57,0
1927.669,0
1927.769,1
1927.868,1
1927.968,1
1928.068,1
1928.167,0
1928.267,0
1928.367,0
1928.466,0
1928.566,2
1928.666,2
1928.765,3
1928.865,7
1928.965,5
1929.064,5
1929.164,5
1929.264,1
1929.363,1
1929.463,1
1929.563,0
1929.662,0
1929.762,1
1929.862,1
1929.961,1
1930.061,1
1930.161,0
1930.261,0
1930.36,0
1930.46,0
1930.56,0
1930.659,0
1930.759,0
1930.859,0
1930.958,0
1931.058,0
1931.158,0
1931.258,0
1931.357,0
1931.457,1
1931.557,1
1931.657,1
1931.756,1
1931.856,0
1931.956,0
1932.056,0
1932.155,0
1932.255,0
1932.355,2
1932.455,2
1932.554,2
1932.654,2
1932.754,0
1932.854,0
1932.953,0
1933.053,2
1933.153,5
1933.253,5
1933.352,5
1933.452,4
1933.552,1
1933.652,1
1933.752,2
1933.851,1
1933.951,3
1934.051,3
1934.151,2
1934.251,3
1934.35,2
1934.45,2
1934.55,2
1934.65,1
1934.75,0
1934.849,1
1934.949,2
1935.049,2
1935.149,2
1935.249,1
1935.349,0
1935.448,1
1935.548,1
1935.648,1
1935.748,1
1935.848,0
1935.948,0
1936.048,1
1936.147,1
1936.247,1
1936.347,1
1936.447,0
1936.547,0
1936.647,0
1936.747,0
1936.846,1
1936.946,1
1937.046,2
1937.146,4
1937.246,3
1937.346,3
1937.446,3
1937.546,1
1937.646,1
1937.745,3
1937.845,2
1937.945,2
1938.045,2
1938.145,0
1938.245,0
1938.345,2
1938.445,2
1938.545,2
1938.645,2
1938.745,0
1938.844,0
1938.944,0
1939.044,0
1939.144,0
1939.244,0
1939.344,0
1939.444,1
1939.544,1
1939.644,3
1939.744,3
1939.844,2
1939.944,2
1940.044,0
1940.144,0
1940.244,0
1940.344,1
1940.444,1
1940.544,1
1940.644,1
1940.744,0
1940.844,0
1940.943,0
1941.043,0
1941.143,1
1941.243,2
1941.343,2
1941.443,2
1941.543,1
1941.643,0
1941.743,1
1941.843,1
1941.943,1
1942.043,1
1942.143,1
1942.243,1
1942.344,1
1942.444,1
1942.544,0
1942.644,0
1942.744,0
1942.844,1
1942.944,1
1943.044,1
1943.144,1
1943.244,0
1943.344,0
1943.444,0
1943.544,1
1943.644,2
1943.744,2
1943.844,2
1943.944,1
1944.044,0
1944.144,1
1944.244,1
1944.344,2
1944.444,2
1944.545,1
1944.645,1
1944.745,0
1944.845,0
1944.945,0
1945.045,0
1945.145,0
1945.245,0
1945.345,1
1945.445,1
1945.545,1
1945.646,2
1945.746,1
1945.846,2
1945.946,3
1946.046,2
1946.146,3
1946.246,2
1946.346,1
1946.446,1
1946.547,0
1946.647,0
1946.747,0
1946.847,1
1946.947,2
1947.047,2
1947.147,2
1947.248,1
1947.348,0
1947.448,0
1947.548,1
1947.648,2
1947.748,2
1947.849,2
1947.949,1
1948.049,0
1948.149,1
1948.249,1
1948.349,1
1948.45,1
1948.55,0
1948.65,0
1948.75,0
1948.85,0
1948.95,0
1949.051,0
1949.151,0
1949.251,0
1949.351,0
1949.451,0
1949.552,1
1949.652,3
1949.752,3
1949.852,3
1949.953,7
1950.053,8
1950.153,9
1950.253,10
1950.353,11
1950.454,7
1950.554,6
1950.654,5
1950.754,3
1950.855,3
1950.955,2
1951.055,1
1951.155,0
1951.256,0
1951.356,1
1951.456,1
1951.556,2
1951.657,2
1951.757,1
1951.857,1
1951.957,0
1952.058,0
1952.158,0
1952.258,0
1952.359,1
1952.459,1
1952.559,3
1952.659,3
1952.76,2
1952.86,2
1952.96,0
1953.061,0
1953.161,0
1953.261,0
1953.362,0
1953.462,0
1953.562,0
1953.662,0
1953.763,0
1953.863,0
1953.963,0
1954.064,0
1954.164,0
1954.264,0
1954.365,0
1954.465,0
1954.565,1
1954.666,1
1954.766,1
1954.866,1
1954.967,0
1955.067,0
1955.168,0
1955.268,0
1955.368,0
1955.469,1
1955.569,1
1955.669,2
1955.77,2
1955.87,1
1955.97,1
1956.071,1
1956.171,1
1956.272,1
1956.372,1
1956.472,0
1956.573,0
1956.673,0
1956.774,0
1956.874,0
1956.974,0
1957.075,0
1957.175,0
1957.276,0
1957.376,0
1957.476,0
1957.577,0
1957.677,0
1957.778,0
1957.878,1
1957.979,1
1958.079,1
1958.179,2
1958.28,1
1958.38,1
1958.481,1
1958.581,0
1958.682,0
1958.782,0
1958.883,0
1958.983,0
1959.083,0
1959.184,0
1959.284,0
1959.385,0
1959.485,0
1959.586,0
1959.686,0
1959.787,0
1959.887,1
1959.988,1
1960.088,1
1960.189,2
1960.289,1
1960.39,1
1960.49,1
1960.591,1
1960.691,1
1960.792,1
1960.892,1
1960.993,1
1961.093,1
1961.194,1
1961.294,1
1961.395,0
1961.495,1
1961.596,1
1961.696,1
1961.797,1
1961.897,0
1961.998,0
1962.098,0
1962.199,0
1962.299,0
1962.4,0
1962.501,0
1962.601,0
1962.702,0
1962.802,0
1962.903,0
1963.003,0
1963.104,0
1963.204,0
1963.305,0
1963.406,0
1963.506,1
1963.607,1
1963.707,2
1963.808,2
1963.908,2
1964.009,2
1964.11,1
1964.21,1
1964.311,2
1964.411,2
1964.512,2
1964.613,2
1964.713,1
1964.814,1
1964.914,1
1965.015,1
1965.116,0
1965.216,2
1965.317,2
1965.418,2
1965.518,2
1965.619,1
1965.719,1
1965.82,1
1965.921,1
1966.021,0
1966.122,0
1966.223,0
1966.323,0
1966.424,0
1966.525,1
1966.625,1
1966.726,1
1966.827,2
1966.927,1
1967.028,2
1967.129,2
1967.229,1
1967.33,1
1967.431,0
1967.531,1
1967.632,2
1967.733,2
1967.833,2
1967.934,1
1968.035,0
1968.135,2
1968.236,3
1968.337,4
1968.438,5
1968.538,4
1968.639,3
1968.74,2
1968.84,1
1968.941,0
1969.042,0
1969.143,0
1969.243,0
1969.344,0
1969.445,0
1969.545,1
1969.646,1
1969.747,1
1969.848,1
1969.948,0
1970.049,0
1970.15,2
1970.251,2
1970.351,2
1970.452,3
1970.553,1
1970.654,1
1970.754,1
1970.855,1
1970.956,2
1971.057,2
1971.157,3
1971.258,2
1971.359,1
1971.46,2
1971.561,2
1971.661,2
1971.762,2
1971.863,1
1971.964,2
1972.065,2
1972.165,2
1972.266,3
1972.367,1
1972.468,1
1972.569,1
1972.669,0
1972.77,0
1972.871,0
1972.972,0
1973.073,0
1973.174,0
1973.274,0
1973.375,0
1973.476,1
1973.577,1
1973.678,1
1973.779,1
1973.879,0
1973.98,0
1974.081,0
1974.182,0
1974.283,0
1974.384,0
1974.485,0
1974.585,0
1974.686,0
1974.787,0
1974.888,0
1974.989,0
1975.09,0
1975.191,1
1975.291,1
1975.392,1
1975.493,4
1975.594,4
1975.695,4
1975.796,4
1975.897,1
1975.998,0
1976.099,0
1976.2,0
1976.3,0
1976.401,0
1976.502,0
1976.603,0
1976.704,0
1976.805,0
1976.906,0
1977.007,1
1977.108,1
1977.209,1
1977.31,1
1977.411,0
1977.512,1
1977.613,1
1977.713,2
1977.814,2
1977.915,1
1978.016,1
1978.117,0
1978.218,0
1978.319,0
1978.42,0
1978.521,1
1978.622,1
1978.723,1
1978.824,1
1978.925,0
1979.026,0
1979.127,0
1979.228,0
1979.329,0
1979.43,0
1979.531,0
1979.632,1
1979.733,1
1979.834,1
1979.935,2
1980.036,1
1980.137,2
1980.238,2
1980.339,1
1980.44,1
1980.541,0
1980.642,1
1980.743,1
1980.844,1
1980.945,1
1981.046,0
1981.147,0
1981.248,0
1981.349,0
1981.45,0
1981.551,1
1981.652,2
1981.753,2
1981.854,2
1981.956,2
1982.057,1
1982.158,1
1982.259,1
1982.36,0
1982.461,0
1982.562,0
1982.663,0
1982.764,0
1982.865,0
1982.966,0
1983.067,0
1983.168,0
1983.27,0
1983.371,1
1983.472,1
1983.573,2
1983.674,2
1983.775,3
1983.876,3
1983.977,2
1984.078,2
1984.179,2
1984.281,2
1984.382,3
1984.483,3
1984.584,1
1984.685,2
1984.786,1
1984.887,1
1984.988,1
1985.09,1
1985.191,1
1985.292,1
1985.393,2
1985.494,1
1985.595,1
1985.696,1
1985.798,0
1985.899,0
1986,1
1986.101,1
1986.202,2
1986.303,2
1986.405,2
1986.506,2
1986.607,1
1986.708,1
1986.809,0
1986.911,0
1987.012,0
1987.113,1
1987.214,2
1987.315,2
1987.417,3
1987.518,2
1987.619,1
1987.72,1
1987.821,1
1987.923,1
1988.024,1
1988.125,1
1988.226,0
1988.327,0
1988.429,1
1988.53,1
1988.631,1
1988.732,1
1988.834,0
1988.935,0
1989.036,0
1989.137,0
1989.239,0
1989.34,0
1989.441,0
1989.542,1
1989.644,2
1989.745,3
1989.846,5
1989.947,5
1990.049,5
1990.15,5
1990.251,5
1990.352,4
1990.454,3
1990.555,3
1990.656,1
1990.758,2
1990.859,2
1990.96,1
1991.061,1
1991.163,0
1991.264,0
1991.365,0
1991.467,0
1991.568,0
1991.669,0
1991.771,0
1991.872,1
1991.973,2
1992.074,2
1992.176,2
1992.277,2
1992.378,1
1992.48,1
1992.581,1
1992.682,0
1992.784,0
1992.885,0
1992.986,1
1993.088,1
1993.189,1
1993.291,1
1993.392,0
1993.493,0
1993.595,0
1993.696,0
1993.797,0
1993.899,0
1994,0
1994.101,0
1994.203,0
1994.304,1
1994.406,1
1994.507,1
1994.608,1
1994.71,0
1994.811,1
1994.913,1
1995.014,1
1995.115,1
1995.217,1
1995.318,1
1995.42,1
1995.521,1
1995.622,0
1995.724,0
1995.825,0
1995.927,0
1996.028,0
1996.129,0
1996.231,0
1996.332,0
1996.434,0
1996.535,1
1996.637,1
1996.738,1
1996.84,1
1996.941,0
1997.042,0
1997.144,0
1997.245,0
1997.347,0
1997.448,0
1997.55,0
1997.651,0
1997.753,0
1997.854,2
1997.956,2
1998.057,2
1998.159,2
1998.26,1
1998.361,1
1998.463,1
1998.564,1
1998.666,1
1998.767,1
1998.869,1
1998.97,1
1999.072,1
1999.173,2
1999.275,2
1999.376,2
1999.478,1
1999.579,0
1999.681,0
1999.783,0
1999.884,0
1999.986,1
2000.087,1
2000.189,1
2000.29,1
2000.392,0
2000.493,0
2000.595,0
2000.696,0
2000.798,0
2000.899,0
2001.001,1
2001.103,1
2001.204,1
2001.306,1
2001.407,0
2001.509,0
2001.61,0
2001.712,0
2001.813,1
2001.915,1
2002.017,1
2002.118,1
2002.22,0
2002.321,1
2002.423,1
2002.525,1
2002.626,2
2002.728,1
2002.829,1
2002.931,1
2003.033,0
2003.134,0
2003.236,0
2003.337,0
2003.439,0
2003.541,0
2003.642,0
2003.744,0
2003.846,0
2003.947,0
2004.049,0
2004.15,0
2004.252,0
2004.354,1
2004.455,1
2004.557,1
2004.659,1
2004.76,0
2004.862,0
2004.964,0
2005.065,0
2005.167,0
2005.269,0
2005.37,0
2005.472,0
2005.574,0
2005.675,0
2005.777,0
2005.879,0
2005.98,0
2006.082,1
2006.184,1
2006.285,1
2006.387,1
2006.489,0
2006.59,0
2006.692,1
2006.794,1
2006.896,1
2006.997,1
2007.099,0
2007.201,0
2007.302,0
2007.404,0
2007.506,1
2007.608,1
2007.709,2
2007.811,2
2007.913,2
2008.014,2
2008.116,1
2008.218,1
2008.32,0
2008.421,0
2008.523,0
2008.625,0
2008.727,0
2008.828,0
2008.93,0
2009.032,1
2009.134,1
2009.235,1
2009.337,1
2009.439,0
2009.541,0
2009.643,1
2009.744,1
2009.846,1
2009.948,1
2010.05,0
2010.151,0
2010.253,0
2010.355,0
2010.457,0
2010.559,0
2010.66,0
2010.762,0
2010.864,0
2010.966,0
2011.068,0
2011.17,1
2011.271,1
2011.373,2
2011.475,2
2011.577,1
2011.679,1
2011.78,0
2011.882,0
2011.984,1
2012.086,2
2012.188,4
2012.29,6
2012.392,6
2012.493,6
2012.595,5
2012.697,2
2012.799,3
2012.901,3
2013.003,3
2013.105,1
2013.206,0
2013.308,0
2013.41,0
2013.512,1
2013.614,3
2013.716,3
2013.818,3
2013.92,2
2014.021,0
2014.123,0
2014.225,0
2014.327,0
2014.429,0
2014.531,0
2014.633,0
2014.735,0
2014.837,0
2014.939,0
2015.04,0
2015.142,1
2015.244,1
2015.346,1
2015.448,1
2015.55,0
2015.652,0
2015.754,0
2015.856,0
2015.958,0
2016.06,0
2016.162,0
2016.264,0
2016.366,0
2016.468,0
2016.57,0
2016.671,0
2016.773,0
2016.875,0
2016.977,1
2017.079,1
2017.181,1
2017.283,1
2017.385,0
2017.487,0
2017.589,0
2017.691,0
2017.793,0
2017.895,0
2017.997,0
2018.099,0
2018.201,1
2018.303,3
2018.405,3
2018.507,4
2018.609,3
2018.711,1
2018.813,1
2018.915,0
2019.017,0
2019.119,0
2019.221,0
2019.323,0
2019.425,0
2019.527,1
2019.629,2
2019.731,2
2019.834,2
2019.936,2
2020.038,1
2020.14,1
2020.242,1
2020.344,0
2020.446,0
2020.548,0
2020.65,0
2020.752,0
2020.854,0
2020.956,0
2021.058,0
2021.16,2
2021.262,2
2021.364,2
2021.467,2
2021.569,0
2021.671,0
2021.773,0
2021.875,0
2021.977,0
2022.079,0
2022.181,0
2022.283,0
2022.385,0
2022.487,0
2022.59,0
2022.692,0
2022.794,1
2022.896,1
2022.998,1
2023.1,1
2023.202,1
2023.304,1
2023.407,1
2023.509,1
2023.611,0
2023.713,0
2023.815,0
2023.917,0
2024.019,0
2024.122,0
2024.224,0
2024.326,0
2024.428,0
2024.53,0
2024.632,0
2024.735,0
2024.837,1
2024.939,1
2025.041,1
2025.143,1
2025.245,1
2025.348,1
2025.45,1
2025.552,1
2025.654,0
2025.756,1
2025.859,1
2025.961,1
2026.063,2
2026.165,1
2026.267,1
2026.37,1
2026.472,0
2026.574,0
2026.676,1
2026.778,1
2026.881,1
2026.983,1
2027.085,0
2027.187,0
2027.29,0
2027.392,1
2027.494,2
2027.596,3
2027.699,5
2027.801,4
2027.903,3
2028.005,2
2028.108,1
2028.21,1
2028.312,1
2028.414,1
2028.517,1
2028.619,1
2028.721,1
2028.823,1
2028.926,0
2029.028,0
2029.13,0
2029.233,0
2029.335,0
2029.437,0
2029.539,0
2029.642,0
2029.744,0
2029.846,0
2029.949,0
2030.051,0
2030.153,1
2030.255,1
2030.358,1
2030.46,2
2030.562,1
2030.665,1
2030.767,1
2030.869,0
2030.972,0
2031.074,0
2031.176,1
2031.279,1
2031.381,1
2031.483,1
2031.586,0
2031.688,0
2031.79,0
2031.893,0
2031.995,0
2032.098,0
2032.2,0
2032.302,0
2032.405,0
2032.507,0
2032.609,0
2032.712,0
2032.814,0
2032.916,0
2033.019,0
2033.121,0
2033.224,1
2033.326,1
2033.428,1
2033.531,1
2033.633,1
2033.736,1
2033.838,2
2033.94,2
2034.043,1
2034.145,1
2034.248,1
2034.35,1
2034.452,1
2034.555,2
2034.657,1
2034.76,1
2034.862,3
2034.965,2
2035.067,3
2035.169,3
2035.272,1
2035.374,1
2035.477,0
2035.579,0
2035.682,0
2035.784,0
2035.887,1
2035.989,1
2036.091,1
2036.194,1
2036.296,1
2036.399,1
2036.501,1
2036.604,1
2036.706,0
2036.809,0
2036.911,0
2037.014,0
2037.116,1
2037.219,1
2037.321,1
2037.424,1
2037.526,0
2037.629,0
2037.731,1
2037.834,1
2037.936,1
2038.039,3
2038.141,4
2038.244,4
2038.346,4
2038.449,2
2038.551,2
2038.654,2
2038.756,2
2038.859,2
2038.961,1
2039.064,1
2039.167,1
2039.269,1
2039.372,1
2039.474,1
2039.577,1
2039.679,1
2039.782,0
2039.884,0
2039.987,2
2040.089,3
2040.192,3
2040.295,3
2040.397,2
2040.5,1
2040.602,1
2040.705,1
2040.807,0
2040.91,0
2041.013,0
2041.115,1
2041.218,2
2041.32,2
2041.423,2
2041.526,1
2041.628,1
2041.731,1
2041.833,1
2041.936,1
2042.039,1
2042.141,1
2042.244,1
2042.347,1
2042.449,0
2042.552,0
2042.654,1
2042.757,1
2042.86,1
2042.962,1
2043.065,0
2043.168,0
2043.27,0
2043.373,1
2043.476,1
2043.578,1
2043.681,1
2043.783,0
2043.886,0
2043.989,0
2044.091,1
2044.194,1
2044.297,1
2044.399,1
2044.502,0
2044.605,0
2044.708,0
2044.81,0
2044.913,0
2045.016,0
2045.118,0
2045.221,0
2045.324,0
2045.426,0
2045.529,0
2045.632,0
2045.734,0
2045.837,0
2045.94,0
2046.043,0
2046.145,0
2046.248,0
2046.351,1
2046.454,1
2046.556,1
2046.659,1
2046.762,0
2046.864,0
2046.967,0
2047.07,2
2047.173,2
2047.275,2
2047.378,3
2047.481,1
2047.584,2
2047.686,3
2047.789,2
2047.892,2
2047.995,1
2048.098,0
2048.2,0
2048.303,0
2048.406,2
2048.509,2
2048.611,3
2048.714,4
2048.817,3
2048.92,3
2049.023,2
2049.125,1
2049.228,1
2049.331,1
2049.434,1
2049.537,3
2049.639,4
2049.742,6
2049.845,12
2049.948,10
2050.051,8
2050.153,6
2050.256,2
2050.359,2
2050.462,2
2050.565,2
2050.668,1
2050.77,1
2050.873,2
2050.976,2
2051.079,2
2051.182,2
2051.285,1
2051.388,1
2051.49,0
2051.593,0
2051.696,0
2051.799,0
2051.902,0
2052.005,0
2052.108,1
2052.21,1
2052.313,1
2052.416,1
2052.519,1
2052.622,1
2052.725,1
2052.828,1
2052.931,1
2053.034,1
2053.136,1
2053.239,1
2053.342,0
2053.445,0
2053.548,0
2053.651,0
2053.754,0
2053.857,0
2053.96,2
2054.063,2
2054.166,2
2054.268,2
2054.371,0
2054.474,0
2054.577,0
2054.68,0
2054.783,0
2054.886,0
2054.989,0
2055.092,0
2055.195,0
2055.298,0
2055.401,0
2055.504,0
2055.607,0
2055.71,0
2055.813,0
2055.916,0
2056.019,1
2056.122,1
2056.225,1
2056.328,1
2056.431,0
2056.534,0
2056.637,0
2056.74,0
2056.842,0
2056.945,0
2057.048,0
2057.151,0
2057.254,1
2057.358,1
2057.461,1
2057.564,1
2057.667,0
2057.77,0
2057.873,0
2057.976,0
2058.079,0
2058.182,0
2058.285,0
2058.388,0
2058.491,1
2058.594,1
2058.697,1
2058.8,1
2058.903,3
2059.006,3
2059.109,3
2059.212,3
2059.315,0
2059.418,0
2059.521,1
2059.624,1
2059.727,1
2059.83,1
2059.934,0
2060.037,0
2060.14,0
2060.243,0
2060.346,0
2060.449,1
2060.552,1
2060.655,1
2060.758,1
2060.861,0
2060.964,0
2061.067,0
2061.171,1
2061.274,1
2061.377,1
2061.48,1
2061.583,0
2061.686,0
2061.789,0
2061.892,0
2061.996,0
2062.099,0
2062.202,1
2062.305,1
2062.408,1
2062.511,2
2062.614,2
2062.717,2
2062.821,2
2062.924,1
2063.027,0
2063.13,0
2063.233,0
2063.336,0
2063.44,0
2063.543,0
2063.646,0
2063.749,0
2063.852,0
2063.955,0
2064.059,0
2064.162,0
2064.265,1
2064.368,1
2064.471,1
2064.575,2
2064.678,1
2064.781,1
2064.884,1
2064.987,0
2065.091,0
2065.194,0
2065.297,0
2065.4,0
2065.503,0
2065.607,0
2065.71,0
2065.813,0
2065.916,0
2066.019,0
2066.123,0
2066.226,0
2066.329,0
2066.432,0
2066.536,0
2066.639,1
2066.742,1
2066.845,1
2066.949,1
2067.052,0
2067.155,0
2067.258,0
2067.362,0
2067.465,0
2067.568,0
2067.671,0
2067.775,1
2067.878,2
2067.981,2
2068.085,3
2068.188,4
2068.291,3
2068.394,4
2068.498,3
2068.601,3
2068.704,4
2068.808,3
2068.911,4
2069.014,2
2069.118,1
2069.221,1
2069.324,0
2069.427,0
2069.531,0
2069.634,0
2069.737,0
2069.841,0
2069.944,0
2070.047,0
2070.151,0
2070.254,0
2070.357,0
2070.461,1
2070.564,2
2070.667,2
2070.771,2
2070.874,1
2070.978,1
2071.081,1
2071.184,1
2071.288,2
2071.391,1
2071.494,1
2071.598,2
2071.701,1
2071.804,1
2071.908,1
2072.011,0
2072.115,0
2072.218,1
2072.321,1
2072.425,1
2072.528,1
2072.632,0
2072.735,1
2072.838,1
2072.942,1
2073.045,2
2073.149,1
2073.252,1
2073.355,1
2073.459,0
2073.562,0
2073.666,2
2073.769,3
2073.873,3
2073.976,3
2074.079,1
2074.183,0
2074.286,0
2074.39,0
2074.493,0
2074.597,0
2074.7,0
2074.804,0
2074.907,0
2075.01,1
2075.114,1
2075.217,2
2075.321,2
2075.424,1
2075.528,1
2075.631,0
2075.735,0
2075.838,1
2075.942,1
2076.045,1
2076.149,1
2076.252,0
2076.356,0
2076.459,1
2076.563,1
2076.666,1
2076.77,1
2076.873,0
2076.977,0
2077.08,1
2077.184,2
2077.287,2
2077.391,2
2077.494,1
2077.598,0
2077.701,0
2077.805,0
2077.908,1
2078.012,1
2078.115,2
2078.219,2
2078.322,1
2078.426,1
2078.53,0
2078.633,0
2078.737,0
2078.84,0
2078.944,1
2079.047,1
2079.151,1
2079.254,1
2079.358,0
2079.462,0
2079.565,0
2079.669,1
2079.772,1
2079.876,2
2079.98,2
2080.083,1
2080.187,1
2080.29,0
2080.394,0
2080.497,0
2080.601,0
2080.705,1
2080.808,1
2080.912,1
2081.016,1
2081.119,0
2081.223,3
2081.326,3
2081.43,3
2081.534,3
2081.637,0
2081.741,0
2081.844,0
2081.948,0
2082.052,2
2082.155,2
2082.259,2
2082.363,2
2082.466,0
2082.57,0
2082.674,1
2082.777,1
2082.881,1
2082.985,1
2083.088,0
2083.192,0
2083.296,0
2083.399,1
2083.503,1
2083.607,1
2083.71,3
2083.814,2
2083.918,2
2084.021,2
2084.125,2
2084.229,2
2084.332,3
2084.436,3
2084.54,1
2084.644,1
2084.747,0
2084.851,0
2084.955,0
2085.058,0
2085.162,0
2085.266,0
2085.37,0
2085.473,0
2085.577,0
2085.681,0
2085.784,0
2085.888,0
2085.992,0
2086.096,0
2086.199,1
2086.303,1
2086.407,1
2086.511,2
2086.614,1
2086.718,1
2086.822,1
2086.926,0
2087.029,1
2087.133,1
2087.237,1
2087.341,1
2087.445,0
2087.548,2
2087.652,2
2087.756,2
2087.86,2
2087.963,0
2088.067,0
2088.171,0
2088.275,3
2088.379,5
2088.482,5
2088.586,5
2088.69,2
2088.794,0
2088.898,0
2089.002,0
2089.105,0
2089.209,0
2089.313,0
2089.417,0
2089.521,0
2089.624,0
2089.728,0
2089.832,0
2089.936,0
2090.04,0
2090.144,0
2090.247,0
2090.351,1
2090.455,2
2090.559,2
2090.663,2
2090.767,1
2090.871,0
2090.974,0
2091.078,0
2091.182,2
2091.286,2
2091.39,3
2091.494,3
2091.598,1
2091.702,1
2091.805,0
2091.909,0
2092.013,0
2092.117,0
2092.221,0
2092.325,1
2092.429,2
2092.533,3
2092.637,3
2092.741,2
2092.844,1
2092.948,1
2093.052,1
2093.156,1
2093.26,1
2093.364,0
2093.468,0
2093.572,0
2093.676,0
2093.78,0
2093.884,0
2093.988,0
2094.092,1
2094.196,2
2094.3,2
2094.404,2
2094.507,1
2094.611,0
2094.715,0
2094.819,0
2094.923,0
2095.027,0
2095.131,0
2095.235,1
2095.339,1
2095.443,1
2095.547,2
2095.651,1
2095.755,1
2095.859,1
2095.963,0
2096.067,1
2096.171,1
2096.275,3
2096.379,3
2096.483,2
2096.587,2
2096.691,2
2096.795,4
2096.899,4
2097.003,5
2097.107,3
2097.211,1
2097.315,1
2097.419,0
2097.523,0
2097.627,0
2097.731,1
2097.835,1
2097.939,1
2098.043,1
2098.148,0
2098.252,0
2098.356,0
2098.46,0
2098.564,0
2098.668,0
2098.772,0
2098.876,0
2098.98,0
2099.084,0
2099.188,0
2099.292,0
2099.396,0
2099.5,0
2099.604,0
2099.709,0
2099.813,1
2099.917,1
2100.021,1
2100.125,1
2100.229,0
2100.333,0
2100.437,0
2100.541,0
2100.645,0
2100.75,0
2100.854,0
2100.958,0
2101.062,0
2101.166,0
2101.27,0
2101.374,1
2101.478,1
2101.583,1
2101.687,1
2101.791,0
2101.895,0
2101.999,0
2102.103,0
2102.207,0
2102.312,0
2102.416,0
2102.52,0
2102.624,0
2102.728,0
2102.832,0
2102.937,0
2103.041,0
2103.145,0
2103.249,0
2103.353,0
2103.457,0
2103.562,0
2103.666,0
2103.77,1
2103.874,1
2103.978,1
2104.083,2
2104.187,2
2104.291,4
2104.395,5
2104.499,7
2104.604,6
2104.708,5
2104.812,4
2104.916,1
2105.02,2
2105.125,1
2105.229,1
2105.333,1
2105.437,0
2105.542,0
2105.646,0
2105.75,0
2105.854,0
2105.959,0
2106.063,0
2106.167,0
2106.271,0
2106.376,0
2106.48,0
2106.584,1
2106.688,2
2106.793,3
2106.897,3
2107.001,3
2107.105,2
2107.21,1
2107.314,1
2107.418,0
2107.523,0
2107.627,0
2107.731,0
2107.835,0
2107.94,0
2108.044,0
2108.148,0
2108.253,0
2108.357,0
2108.461,0
2108.566,0
2108.67,1
2108.774,1
2108.879,1
2108.983,1
2109.087,0
2109.192,0
2109.296,0
2109.4,0
2109.505,0
2109.609,0
2109.713,0
2109.818,0
2109.922,0
2110.026,0
2110.131,0
2110.235,0
2110.339,0
2110.444,0
2110.548,0
2110.652,0
2110.757,0
2110.861,1
2110.965,1
2111.07,1
2111.174,1
2111.279,1
2111.383,1
2111.487,1
2111.592,1
2111.696,2
2111.801,2
2111.905,2
2112.009,3
2112.114,1
2112.218,1
2112.323,1
2112.427,2
2112.531,3
2112.636,3
2112.74,3
2112.845,2
2112.949,1
2113.053,1
2113.158,1
2113.262,0
2113.367,0
2113.471,1
2113.576,1
2113.68,1
2113.785,1
2113.889,0
2113.993,0
2114.098,0
2114.202,0
2114.307,0
2114.411,1
2114.516,1
2114.62,1
2114.725,1
2114.829,0
2114.934,0
2115.038,0
2115.143,0
2115.247,0
2115.351,0
2115.456,0
2115.56,1
2115.665,1
2115.769,1
2115.874,1
2115.978,0
2116.083,0
2116.187,0
2116.292,0
2116.396,0
2116.501,0
2116.606,0
2116.71,0
2116.815,0
2116.919,0
2117.024,0
2117.128,0
2117.233,0
2117.337,1
2117.442,1
2117.546,1
2117.651,3
2117.755,2
2117.86,2
2117.964,3
2118.069,1
2118.174,1
2118.278,1
2118.383,1
2118.487,1
2118.592,1
2118.696,1
2118.801,0
2118.905,0
2119.01,0
2119.115,1
2119.219,1
2119.324,2
2119.428,2
2119.533,1
2119.638,2
2119.742,2
2119.847,2
2119.951,2
2120.056,2
2120.161,1
2120.265,1
2120.37,1
2120.474,0
2120.579,0
2120.684,1
2120.788,1
2120.893,3
2120.998,3
2121.102,2
2121.207,2
2121.311,0
2121.416,0
2121.521,1
2121.625,1
2121.73,1
2121.835,2
2121.939,1
2122.044,2
2122.149,3
2122.253,2
2122.358,2
2122.463,1
2122.567,1
2122.672,1
2122.777,1
2122.881,2
2122.986,1
2123.091,1
2123.195,1
2123.3,3
2123.405,3
2123.509,3
2123.614,3
2123.719,1
2123.823,1
2123.928,1
2124.033,1
2124.138,1
2124.242,2
2124.347,2
2124.452,2
2124.556,4
2124.661,4
2124.766,4
2124.871,4
2124.975,1
2125.08,1
2125.185,1
2125.289,1
2125.394,1
2125.499,0
2125.604,1
2125.708,2
2125.813,2
2125.918,2
2126.023,2
2126.127,1
2126.232,3
2126.337,3
2126.442,3
2126.546,3
2126.651,1
2126.756,1
2126.861,0
2126.966,0
2127.07,0
2127.175,0
2127.28,0
2127.385,0
2127.489,0
2127.594,0
2127.699,0
2127.804,0
2127.909,1
2128.013,1
2128.118,1
2128.223,1
2128.328,2
2128.433,2
2128.538,2
2128.642,2
2128.747,0
2128.852,0
2128.957,0
2129.062,0
2129.166,0
2129.271,0
2129.376,0
2129.481,1
2129.586,1
2129.691,1
2129.796,1
2129.9,0
2130.005,2
2130.11,2
2130.215,2
2130.32,2
2130.425,0
2130.53,1
2130.634,2
2130.739,2
2130.844,2
2130.949,1
2131.054,0
2131.159,0
2131.264,0
2131.369,0
2131.473,0
2131.578,0
2131.683,0
2131.788,0
2131.893,1
2131.998,1
2132.103,2
2132.208,2
2132.313,1
2132.418,2
2132.523,2
2132.627,2
2132.732,2
2132.837,1
2132.942,0
2133.047,0
2133.152,0
2133.257,0
2133.362,1
2133.467,2
2133.572,2
2133.677,2
2133.782,1
2133.887,0
2133.992,0
2134.097,0
2134.202,1
2134.306,1
2134.411,3
2134.516,5
2134.621,5
2134.726,5
2134.831,3
2134.936,1
2135.041,0
2135.146,1
2135.251,1
2135.356,1
2135.461,1
2135.566,1
2135.671,1
2135.776,1
2135.881,1
2135.986,0
2136.091,1
2136.196,1
2136.301,2
2136.406,2
2136.511,1
2136.616,1
2136.721,0
2136.826,0
2136.931,1
2137.036,1
2137.141,1
2137.246,1
2137.352,0
2137.457,0
2137.562,0
2137.667,1
2137.772,1
2137.877,1
2137.982,1
2138.087,0
2138.192,0
2138.297,0
2138.402,1
2138.507,1
2138.612,1
2138.717,1
2138.822,2
2138.927,2
2139.033,2
2139.138,2
2139.243,0
2139.348,0
2139.453,0
2139.558,0
2139.663,0
2139.768,0
2139.873,0
2139.978,0
2140.083,1
2140.189,1
2140.294,1
2140.399,2
2140.504,2
2140.609,2
2140.714,2
2140.819,1
2140.924,2
2141.03,2
2141.135,2
2141.24,3
2141.345,2
2141.45,2
2141.555,3
2141.66,2
2141.766,3
2141.871,3
2141.976,2
2142.081,2
2142.186,0
2142.291,0
2142.396,0
2142.502,0
2142.607,1
2142.712,1
2142.817,1
2142.922,1
2143.028,0
2143.133,0
2143.238,0
2143.343,0
2143.448,0
2143.553,0
2143.659,0
2143.764,0
2143.869,0
2143.974,0
2144.079,0
2144.185,0
2144.29,0
2144.395,0
2144.5,1
2144.606,1
2144.711,1
2144.816,1
2144.921,0
2145.026,0
2145.132,1
2145.237,2
2145.342,3
2145.447,3
2145.553,2
2145.658,1
2145.763,0
2145.868,0
2145.974,0
2146.079,0
2146.184,0
2146.289,0
2146.395,0
2146.5,0
2146.605,0
2146.711,0
2146.816,0
2146.921,0
2147.026,0
2147.132,0
2147.237,0
2147.342,0
2147.448,0
2147.553,1
2147.658,1
2147.763,1
2147.869,3
2147.974,4
2148.079,6
2148.185,7
2148.29,6
2148.395,4
2148.501,2
2148.606,1
2148.711,0
2148.817,1
2148.922,1
2149.027,1
2149.133,1
2149.238,0
2149.343,0
2149.449,0
2149.554,0
2149.659,0
2149.765,0
2149.87,0
2149.975,0
2150.081,0
2150.186,0
2150.291,0
2150.397,0
2150.502,0
2150.608,1
2150.713,1
2150.818,1
2150.924,1
2151.029,0
2151.134,0
2151.24,0
2151.345,0
2151.451,0
2151.556,0
2151.661,0
2151.767,0
2151.872,1
2151.978,1
2152.083,1
2152.188,1
2152.294,0
2152.399,0
2152.505,0
2152.61,0
2152.716,0
2152.821,0
2152.926,0
2153.032,0
2153.137,0
2153.243,1
2153.348,1
2153.454,1
2153.559,1
2153.664,0
2153.77,0
2153.875,0
2153.981,0
2154.086,0
2154.192,0
2154.297,0
2154.403,0
2154.508,0
2154.614,1
2154.719,1
2154.825,1
2154.93,1
2155.036,0
2155.141,0
2155.246,0
2155.352,1
2155.457,1
2155.563,1
2155.668,1
2155.774,1
2155.879,1
2155.985,1
2156.09,1
2156.196,0
2156.302,0
2156.407,0
2156.513,0
2156.618,0
2156.724,0
2156.829,0
2156.935,0
2157.04,0
2157.146,0
2157.251,0
2157.357,0
2157.462,0
2157.568,0
2157.673,0
2157.779,0
2157.885,0
2157.99,0
2158.096,0
2158.201,0
2158.307,0
2158.412,0
2158.518,2
2158.624,2
2158.729,2
2158.835,2
2158.94,0
2159.046,0
2159.151,0
2159.257,0
2159.363,0
2159.468,0
2159.574,0
2159.679,0
2159.785,0
2159.891,0
2159.996,1
2160.102,1
2160.207,1
2160.313,1
2160.419,1
2160.524,1
2160.63,1
2160.736,1
2160.841,0
2160.947,0
2161.052,0
2161.158,0
2161.264,0
2161.369,1
2161.475,1
2161.581,1
2161.686,1
2161.792,0
2161.898,0
2162.003,0
2162.109,1
2162.215,1
2162.32,1
2162.426,1
2162.532,0
2162.637,0
2162.743,0
2162.849,1
2162.954,2
2163.06,2
2163.166,2
2163.271,1
2163.377,2
2163.483,2
2163.588,2
2163.694,3
2163.8,1
2163.906,1
2164.011,1
2164.117,0
2164.223,0
2164.328,0
2164.434,0
2164.54,0
2164.646,0
2164.751,0
2164.857,0
2164.963,1
2165.068,1
2165.174,1
2165.28,1
2165.386,0
2165.491,0
2165.597,0
2165.703,0
2165.809,0
2165.914,0
2166.02,0
2166.126,0
2166.232,0
2166.337,0
2166.443,0
2166.549,0
2166.655,0
2166.761,0
2166.866,0
2166.972,0
2167.078,0
2167.184,0
2167.289,0
2167.395,0
2167.501,0
2167.607,0
2167.713,0
2167.818,1
2167.924,1
2168.03,1
2168.136,2
2168.242,1
2168.348,1
2168.453,1
2168.559,0
2168.665,0
2168.771,2
2168.877,2
2168.982,2
2169.088,2
2169.194,0
2169.3,2
2169.406,2
2169.512,3
2169.618,3
2169.723,1
2169.829,1
2169.935,0
2170.041,0
2170.147,0
2170.253,1
2170.359,1
2170.464,1
2170.57,1
2170.676,0
2170.782,0
2170.888,0
2170.994,0
2171.1,0
2171.206,0
2171.311,1
2171.417,1
2171.523,2
2171.629,2
2171.735,1
2171.841,1
2171.947,0
2172.053,0
2172.159,0
2172.265,0
2172.37,0
2172.476,0
2172.582,0
2172.688,0
2172.794,0
2172.9,0
2173.006,1
2173.112,1
2173.218,1
2173.324,1
2173.43,0
2173.536,0
2173.642,0
2173.748,0
2173.854,0
2173.96,0
2174.065,0
2174.171,0
2174.277,0
2174.383,0
2174.489,0
2174.595,0
2174.701,3
2174.807,3
2174.913,3
2175.019,3
2175.125,1
2175.231,1
2175.337,1
2175.443,1
2175.549,0
2175.655,0
2175.761,0
2175.867,0
2175.973,0
2176.079,0
2176.185,0
2176.291,1
2176.397,1
2176.503,1
2176.609,1
2176.715,0
2176.821,2
2176.927,2
2177.033,2
2177.139,2
2177.245,0
2177.352,0
2177.458,0
2177.564,0
2177.67,0
2177.776,0
2177.882,1
2177.988,1
2178.094,1
2178.2,1
2178.306,0
2178.412,0
2178.518,0
2178.624,0
2178.73,0
2178.836,0
2178.942,0
2179.049,0
2179.155,0
2179.261,0
2179.367,1
2179.473,2
2179.579,2
2179.685,4
2179.791,3
2179.897,3
2180.003,3
2180.11,1
2180.216,1
2180.322,0
2180.428,0
2180.534,0
2180.64,0
2180.746,0
2180.852,0
2180.958,1
2181.065,2
2181.171,2
2181.277,2
2181.383,1
2181.489,1
2181.595,1
2181.701,1
2181.808,1
2181.914,0
2182.02,0
2182.126,0
2182.232,0
2182.338,0
2182.445,0
2182.551,0
2182.657,0
2182.763,0
2182.869,0
2182.975,0
2183.082,0
2183.188,0
2183.294,0
2183.4,0
2183.506,0
2183.613,3
2183.719,3
2183.825,3
2183.931,3
2184.037,0
2184.144,0
2184.25,0
2184.356,0
2184.462,1
2184.569,1
2184.675,1
2184.781,1
2184.887,1
2184.993,1
2185.1,1
2185.206,1
2185.312,1
2185.418,1
2185.525,1
2185.631,3
2185.737,2
2185.843,2
2185.95,2
2186.056,0
2186.162,0
2186.268,0
2186.375,0
2186.481,0
2186.587,0
2186.693,0
2186.8,0
2186.906,0
2187.012,1
2187.119,1
2187.225,1
2187.331,1
2187.437,0
2187.544,0
2187.65,0
2187.756,0
2187.863,1
2187.969,1
2188.075,1
2188.182,1
2188.288,1
2188.394,2
2188.501,2
2188.607,2
2188.713,2
2188.82,1
2188.926,1
2189.032,1
2189.139,1
2189.245,1
2189.351,1
2189.458,1
2189.564,1
2189.67,1
2189.777,1
2189.883,1
2189.989,1
2190.096,1
2190.202,1
2190.308,1
2190.415,0
2190.521,0
2190.627,0
2190.734,0
2190.84,0
2190.947,0
2191.053,0
2191.159,0
2191.266,0
2191.372,0
2191.479,0
2191.585,0
2191.691,0
2191.798,0
2191.904,0
2192.011,0
2192.117,2
2192.223,2
2192.33,2
2192.436,2
2192.543,0
2192.649,0
2192.755,0
2192.862,0
2192.968,0
2193.075,0
2193.181,0
2193.288,0
2193.394,0
2193.501,1
2193.607,1
2193.713,1
2193.82,1
2193.926,0
2194.033,0
2194.139,0
2194.246,1
2194.352,1
2194.459,1
2194.565,1
2194.672,0
2194.778,0
2194.885,0
2194.991,0
2195.097,0
2195.204,0
2195.31,0
2195.417,0
2195.523,0
2195.63,0
2195.736,0
2195.843,0
2195.949,0
2196.056,0
2196.162,0
2196.269,0
2196.375,1
2196.482,1
2196.589,1
2196.695,1
2196.802,0
2196.908,0
2197.015,1
2197.121,1
2197.228,1
2197.334,1
2197.441,0
2197.547,0
2197.654,0
2197.76,0
2197.867,1
2197.974,1
2198.08,1
2198.187,1
2198.293,0
2198.4,0
2198.506,1
2198.613,1
2198.719,2
2198.826,2
2198.933,1
2199.039,1
2199.146,0
2199.252,0
2199.359,0
2199.466,1
2199.572,1
2199.679,1
2199.785,2
2199.892,1
2199.999,1
2200.105,1
2200.212,3
2200.318,3
2200.425,3
2200.532,3
2200.638,1
2200.745,1
2200.851,2
2200.958,2
2201.065,2
2201.171,2
2201.278,1
2201.385,1
2201.491,1
2201.598,1
2201.705,2
2201.811,2
2201.918,1
2202.025,2
2202.131,1
2202.238,1
2202.345,1
2202.451,0
2202.558,0
2202.665,0
2202.771,0
2202.878,0
2202.985,0
2203.091,0
2203.198,0
2203.305,0
2203.411,0
2203.518,0
2203.625,0
2203.731,0
2203.838,0
2203.945,0
2204.051,0
2204.158,0
2204.265,0
2204.372,0
2204.478,1
2204.585,1
2204.692,1
2204.799,1
2204.905,0
2205.012,0
2205.119,1
2205.225,1
2205.332,1
2205.439,1
2205.546,0
2205.652,0
2205.759,0
2205.866,0
2205.973,0
2206.079,0
2206.186,1
2206.293,1
2206.4,1
2206.506,1
2206.613,0
2206.72,0
2206.827,0
2206.934,0
2207.04,1
2207.147,3
2207.254,4
2207.361,5
2207.467,6
2207.574,4
2207.681,3
2207.788,2
2207.895,1
2208.001,1
2208.108,2
2208.215,2
2208.322,1
2208.429,1
2208.536,0
2208.642,0
2208.749,0
2208.856,0
2208.963,0
2209.07,0
2209.176,0
2209.283,1
2209.39,1
2209.497,1
2209.604,1
2209.711,0
2209.818,1
2209.924,1
2210.031,1
2210.138,1
2210.245,0
2210.352,0
2210.459,0
2210.566,0
2210.672,0
2210.779,0
2210.886,0
2210.993,1
2211.1,2
2211.207,2
2211.314,2
2211.421,2
2211.527,1
2211.634,1
2211.741,1
2211.848,0
2211.955,0
2212.062,0
2212.169,0
2212.276,0
2212.383,1
2212.49,1
2212.596,1
2212.703,1
2212.81,0
2212.917,0
2213.024,0
2213.131,0
2213.238,0
2213.345,0
2213.452,0
2213.559,0
2213.666,0
2213.773,0
2213.88,0
2213.987,1
2214.094,2
2214.201,3
2214.308,4
2214.414,3
2214.521,2
2214.628,1
2214.735,0
2214.842,0
2214.949,1
2215.056,1
2215.163,1
2215.27,1
2215.377,2
2215.484,2
2215.591,2
2215.698,2
2215.805,1
2215.912,1
2216.019,1
2216.126,1
2216.233,0
2216.34,0
2216.447,0
2216.554,0
2216.661,0
2216.768,0
2216.875,0
2216.982,0
2217.089,0
2217.196,0
2217.303,0
2217.41,0
2217.518,0
2217.625,0
2217.732,1
2217.839,1
2217.946,1
2218.053,1
2218.16,2
2218.267,2
2218.374,2
2218.481,2
2218.588,0
2218.695,0
2218.802,0
2218.909,0
2219.016,0
2219.123,0
2219.231,0
2219.338,0
2219.445,0
2219.552,1
2219.659,1
2219.766,1
2219.873,2
2219.98,1
2220.087,2
2220.194,2
2220.301,1
2220.409,1
2220.516,2
2220.623,2
2220.73,2
2220.837,2
2220.944,1
2221.051,1
2221.158,1
2221.266,1
2221.373,0
2221.48,1
2221.587,1
2221.694,1
2221.801,1
2221.908,0
2222.016,2
2222.123,2
2222.23,3
2222.337,3
2222.444,1
2222.551,1
2222.659,0
2222.766,0
2222.873,0
2222.98,0
2223.087,0
2223.194,0
2223.302,0
2223.409,0
2223.516,0
2223.623,0
2223.73,0
2223.838,0
2223.945,0
2224.052,1
2224.159,2
2224.266,4
2224.374,7
2224.481,9
2224.588,10
2224.695,10
2224.802,8
2224.91,6
2225.017,3
2225.124,2
2225.231,2
2225.339,2
2225.446,0
2225.553,0
2225.66,0
2225.767,0
2225.875,0
2225.982,1
2226.089,1
2226.196,1
2226.304,1
2226.411,0
2226.518,0
2226.626,0
2226.733,0
2226.84,0
2226.947,0
2227.055,0
2227.162,0
2227.269,0
2227.376,0
2227.484,0
2227.591,0
2227.698,0
2227.806,0
2227.913,0
2228.02,0
2228.127,1
2228.235,1
2228.342,1
2228.449,2
2228.557,2
2228.664,3
2228.771,3
2228.879,2
2228.986,2
2229.093,1
2229.201,1
2229.308,1
2229.415,0
2229.523,0
2229.63,0
2229.737,0
2229.845,0
2229.952,0
2230.059,0
2230.167,0
2230.274,0
2230.381,0
2230.489,0
2230.596,1
2230.703,1
2230.811,1
2230.918,2
2231.026,1
2231.133,1
2231.24,1
2231.348,1
2231.455,3
2231.563,3
2231.67,3
2231.777,2
2231.885,2
2231.992,2
2232.099,2
2232.207,2
2232.314,0
2232.422,0
2232.529,1
2232.637,2
2232.744,3
2232.851,3
2232.959,2
2233.066,1
2233.174,0
2233.281,0
2233.388,0
2233.496,0
2233.603,3
2233.711,3
2233.818,3
2233.926,3
2234.033,1
2234.141,1
2234.248,1
2234.355,1
2234.463,0
2234.57,1
2234.678,2
2234.785,2
2234.893,2
2235,1
2235.108,0
2235.215,0
2235.323,0
2235.43,0
2235.538,0
2235.645,0
2235.753,0
2235.86,0
2235.968,0
2236.075,0
2236.183,0
2236.29,1
2236.398,1
2236.505,1
2236.613,2
2236.72,1
2236.828,1
2236.935,1
2237.043,1
2237.15,1
2237.258,1
2237.365,1
2237.473,0
2237.58,0
2237.688,0
2237.795,0
2237.903,0
2238.01,0
2238.118,0
2238.226,0
2238.333,1
2238.441,1
2238.548,1
2238.656,1
2238.763,0
2238.871,0
2238.979,1
2239.086,2
2239.194,2
2239.301,2
2239.409,1
2239.516,0
2239.624,0
2239.732,0
2239.839,0
2239.947,0
2240.054,0
2240.162,0
2240.27,0
2240.377,0
2240.485,0
2240.592,0
2240.7,0
2240.808,0
2240.915,0
2241.023,0
2241.13,0
2241.238,0
2241.346,2
2241.453,2
2241.561,2
2241.669,2
2241.776,0
2241.884,0
2241.992,0
2242.099,0
2242.207,0
2242.314,0
2242.422,0
2242.53,0
2242.637,0
2242.745,0
2242.853,1
2242.96,1
2243.068,1
2243.176,1
2243.283,0
2243.391,1
2243.499,1
2243.606,1
2243.714,1
2243.822,0
2243.93,0
2244.037,0
2244.145,1
2244.253,1
2244.36,1
2244.468,1
2244.576,0
2244.683,0
2244.791,1
2244.899,1
2245.007,1
2245.114,1
2245.222,0
2245.33,0
2245.437,0
2245.545,0
2245.653,0
2245.761,0
2245.868,0
2245.976,0
2246.084,0
2246.192,0
2246.299,0
2246.407,0
2246.515,1
2246.623,1
2246.73,2
2246.838,2
2246.946,1
2247.054,1
2247.161,0
2247.269,0
2247.377,0
2247.485,0
2247.593,0
2247.7,0
2247.808,0
2247.916,0
2248.024,0
2248.132,0
2248.239,0
2248.347,0
2248.455,0
2248.563,0
2248.671,0
2248.778,0
2248.886,0
2248.994,0
2249.102,0
2249.21,0
2249.317,1
2249.425,1
2249.533,1
2249.641,1
2249.749,0
2249.857,1
2249.964,1
2250.072,1
2250.18,1
2250.288,0
2250.396,2
2250.504,2
2250.611,2
2250.719,2
2250.827,0
2250.935,0
2251.043,0
2251.151,0
2251.259,0
2251.367,1
2251.474,2
2251.582,2
2251.69,2
2251.798,1
2251.906,0
2252.014,0
2252.122,0
2252.23,0
2252.338,0
2252.445,1
2252.553,1
2252.661,1
2252.769,1
2252.877,0
2252.985,2
2253.093,2
2253.201,2
2253.309,2
2253.417,0
2253.525,0
2253.633,0
2253.74,0
2253.848,0
2253.956,0
2254.064,1
2254.172,1
2254.28,1
2254.388,1
2254.496,0
2254.604,0
2254.712,1
2254.82,1
2254.928,1
2255.036,1
2255.144,0
2255.252,0
2255.36,1
2255.468,1
2255.576,1
2255.684,1
2255.792,1
2255.9,1
2256.008,2
2256.116,3
2256.224,2
2256.332,2
2256.44,1
2256.548,0
2256.656,0
2256.764,0
2256.872,0
2256.98,0
2257.088,1
2257.196,1
2257.304,1
2257.412,1
2257.52,0
2257.628,0
2257.736,0
2257.844,0
2257.952,0
2258.06,0
2258.168,0
2258.276,1
2258.384,1
2258.492,1
2258.6,1
2258.708,0
2258.816,0
2258.924,0
2259.032,1
2259.14,2
2259.248,2
2259.357,2
2259.465,1
2259.573,0
2259.681,0
2259.789,0
2259.897,0
2260.005,0
2260.113,0
2260.221,0
2260.329,0
2260.437,0
2260.545,0
2260.654,0
2260.762,0
2260.87,0
2260.978,0
2261.086,0
2261.194,0
2261.302,0
2261.41,0
2261.518,0
2261.627,0
2261.735,0
2261.843,0
2261.951,0
2262.059,0
2262.167,0
2262.275,0
2262.384,0
2262.492,0
2262.6,0
2262.708,0
2262.816,0
2262.924,0
2263.032,0
2263.141,0
2263.249,0
2263.357,0
2263.465,0
2263.573,0
2263.681,0
2263.79,0
2263.898,0
2264.006,0
2264.114,0
2264.222,0
2264.331,0
2264.439,0
2264.547,0
2264.655,0
2264.763,0
2264.872,0
2264.98,0
2265.088,3
2265.196,3
2265.304,3
2265.413,3
2265.521,0
2265.629,0
2265.737,0
2265.846,0
2265.954,1
2266.062,1
2266.17,2
2266.278,3
2266.387,2
2266.495,2
2266.603,1
2266.711,0
2266.82,0
2266.928,0
2267.036,0
2267.144,0
2267.253,1
2267.361,1
2267.469,1
2267.578,1
2267.686,0
2267.794,0
2267.902,0
2268.011,0
2268.119,0
2268.227,0
2268.335,0
2268.444,0
2268.552,0
2268.66,0
2268.769,0
2268.877,0
2268.985,0
2269.094,0
2269.202,0
2269.31,0
2269.419,0
2269.527,0
2269.635,1
2269.743,1
2269.852,1
2269.96,1
2270.068,0
2270.177,0
2270.285,0
2270.393,0
2270.502,0
2270.61,1
2270.719,1
2270.827,1
2270.935,1
2271.044,0
2271.152,0
2271.26,0
2271.369,0
2271.477,0
2271.585,1
2271.694,1
2271.802,1
2271.911,1
2272.019,0
2272.127,2
2272.236,2
2272.344,2
2272.452,2
2272.561,0
2272.669,0
2272.778,1
2272.886,1
2272.994,1
2273.103,1
2273.211,0
2273.32,0
2273.428,0
2273.536,0
2273.645,0
2273.753,0
2273.862,0
2273.97,0
2274.079,0
2274.187,0
2274.295,0
2274.404,0
2274.512,0
2274.621,0
2274.729,0
2274.838,0
2274.946,1
2275.055,1
2275.163,1
2275.272,1
2275.38,0
2275.488,0
2275.597,0
2275.705,0
2275.814,0
2275.922,1
2276.031,1
2276.139,1
2276.248,2
2276.356,1
2276.465,1
2276.573,1
2276.682,0
2276.79,0
2276.899,0
2277.007,0
2277.116,0
2277.224,2
2277.333,2
2277.441,2
2277.55,2
2277.658,0
2277.767,0
2277.875,0
2277.984,0
2278.092,0
2278.201,0
2278.309,0
2278.418,0
2278.527,0
2278.635,0
2278.744,0
2278.852,1
2278.961,1
2279.069,1
2279.178,1
2279.286,0
2279.395,0
2279.503,0
2279.612,0
2279.721,0
2279.829,0
2279.938,0
2280.046,1
2280.155,1
2280.263,2
2280.372,2
2280.481,1
2280.589,1
2280.698,1
2280.806,1
2280.915,1
2281.024,1
2281.132,0
2281.241,0
2281.349,0
2281.458,0
2281.567,1
2281.675,1
2281.784,1
2281.893,1
2282.001,2
2282.11,2
2282.218,2
2282.327,2
2282.436,0
2282.544,0
2282.653,0
2282.762,0
2282.87,0
2282.979,0
2283.088,0
2283.196,0
2283.305,0
2283.413,0
2283.522,1
2283.631,1
2283.739,1
2283.848,1
2283.957,0
2284.065,0
2284.174,0
2284.283,0
2284.392,0
2284.5,0
2284.609,0
2284.718,0
2284.826,0
2284.935,0
2285.044,0
2285.152,0
2285.261,0
2285.37,0
2285.478,0
2285.587,0
2285.696,0
2285.805,0
2285.913,1
2286.022,1
2286.131,1
2286.239,1
2286.348,0
2286.457,0
2286.566,0
2286.674,0
2286.783,0
2286.892,0
2287.001,0
2287.109,0
2287.218,0
2287.327,1
2287.436,1
2287.544,1
2287.653,1
2287.762,0
2287.871,0
2287.979,0
2288.088,0
2288.197,0
2288.306,0
2288.415,0
2288.523,0
2288.632,0
2288.741,0
2288.85,0
2288.959,1
2289.067,1
2289.176,1
2289.285,1
2289.394,0
2289.503,0
2289.611,0
2289.72,0
2289.829,0
2289.938,0
2290.047,0
2290.155,0
2290.264,0
2290.373,0
2290.482,0
2290.591,0
2290.7,0
2290.808,0
2290.917,0
2291.026,0
2291.135,1
2291.244,1
2291.353,1
2291.461,1
2291.57,0
2291.679,0
2291.788,0
2291.897,0
2292.006,2
2292.115,2
2292.224,2
2292.332,2
2292.441,0
2292.55,0
2292.659,0
2292.768,0
2292.877,1
2292.986,1
2293.095,1
2293.204,1
2293.312,0
2293.421,0
2293.53,0
2293.639,0
2293.748,0
2293.857,0
2293.966,0
2294.075,0
2294.184,0
2294.293,0
2294.402,0
2294.51,0
2294.619,0
2294.728,0
2294.837,0
2294.946,0
2295.055,0
2295.164,0
2295.273,0
2295.382,0
2295.491,0
2295.6,0
2295.709,0
2295.818,0
2295.927,1
2296.036,1
2296.145,2
2296.254,2
2296.363,2
2296.472,2
2296.581,1
2296.69,2
2296.799,2
2296.908,2
2297.017,2
2297.126,1
2297.235,0
2297.344,0
2297.453,0
2297.562,0
2297.671,0
2297.78,0
2297.889,0
2297.998,0
2298.107,1
2298.216,1
2298.325,1
2298.434,1
2298.543,0
2298.652,0
2298.761,1
2298.87,2
2298.979,4
2299.088,4
2299.197,3
2299.306,2
2299.415,1
2299.524,1
2299.633,1
2299.742,1
2299.851,0
2299.96,0
2300.069,0
2300.178,0
2300.287,1
2300.397,1
2300.506,1
2300.615,1
2300.724,1
2300.833,1
2300.942,1
2301.051,2
2301.16,1
2301.269,1
2301.378,1
2301.487,0
2301.596,0
2301.706,0
2301.815,0
2301.924,0
2302.033,0
2302.142,0
2302.251,0
2302.36,0
2302.469,1
2302.578,1
2302.688,1
2302.797,1
2302.906,0
2303.015,0
2303.124,1
2303.233,1
2303.342,2
2303.452,2
2303.561,1
2303.67,1
2303.779,2
2303.888,4
2303.997,5
2304.107,5
2304.216,4
2304.325,2
2304.434,1
2304.543,1
2304.652,0
2304.762,0
2304.871,0
2304.98,0
2305.089,0
2305.198,0
2305.307,1
2305.417,1
2305.526,1
2305.635,1
2305.744,0
2305.853,0
2305.963,0
2306.072,1
2306.181,1
2306.29,1
2306.4,1
2306.509,0
2306.618,0
2306.727,0
2306.836,1
2306.946,1
2307.055,1
2307.164,1
2307.273,0
2307.383,1
2307.492,2
2307.601,2
2307.71,2
2307.82,1
2307.929,0
2308.038,0
2308.147,0
2308.257,0
2308.366,0
2308.475,0
2308.584,0
2308.694,0
2308.803,0
2308.912,0
2309.022,1
2309.131,1
2309.24,1
2309.349,1
2309.459,0
2309.568,0
2309.677,0
2309.787,1
2309.896,1
2310.005,1
2310.114,1
2310.224,0
2310.333,1
2310.442,1
2310.552,1
2310.661,1
2310.77,0
2310.88,0
2310.989,0
2311.098,0
2311.208,0
2311.317,1
2311.426,1
2311.536,1
2311.645,1
2311.754,0
2311.864,0
2311.973,0
2312.082,1
2312.192,1
2312.301,1
2312.411,1
2312.52,0
2312.629,0
2312.739,0
2312.848,0
2312.957,0
2313.067,0
2313.176,0
2313.286,1
2313.395,1
2313.504,1
2313.614,1
2313.723,0
2313.832,0
2313.942,0
2314.051,0
2314.161,0
2314.27,0
2314.38,0
2314.489,0
2314.598,0
2314.708,0
2314.817,0
2314.927,0
2315.036,0
2315.145,0
2315.255,0
2315.364,1
2315.474,1
2315.583,1
2315.693,1
2315.802,0
2315.912,0
2316.021,0
2316.13,0
2316.24,0
2316.349,0
2316.459,0
2316.568,1
2316.678,1
2316.787,1
2316.897,2
2317.006,1
2317.116,1
2317.225,1
2317.335,0
2317.444,0
2317.554,0
2317.663,0
2317.773,0
2317.882,1
2317.992,1
2318.101,1
2318.211,1
2318.32,0
2318.43,0
2318.539,0
2318.649,0
2318.758,0
2318.868,0
2318.977,0
2319.087,1
2319.196,1
2319.306,2
2319.415,2
2319.525,1
2319.634,1
2319.744,0
2319.853,0
2319.963,0
2320.073,0
2320.182,0
2320.292,0
2320.401,0
2320.511,0
2320.62,0
2320.73,0
2320.839,1
2320.949,1
2321.059,1
2321.168,1
2321.278,0
2321.387,1
2321.497,1
2321.606,1
2321.716,2
2321.826,1
2321.935,1
2322.045,1
2322.154,0
2322.264,0
2322.374,0
2322.483,0
2322.593,0
2322.702,0
2322.812,0
2322.922,0
2323.031,0
2323.141,0
2323.251,0
2323.36,0
2323.47,0
2323.579,0
2323.689,1
2323.799,1
2323.908,1
2324.018,1
2324.128,0
2324.237,0
2324.347,0
2324.457,0
2324.566,0
2324.676,0
2324.786,0
2324.895,1
2325.005,1
2325.115,1
2325.224,1
2325.334,0
2325.444,0
2325.553,0
2325.663,1
2325.773,1
2325.882,1
2325.992,1
2326.102,0
2326.211,0
2326.321,1
2326.431,1
2326.541,2
2326.65,2
2326.76,1
2326.87,2
2326.979,1
2327.089,1
2327.199,1
2327.309,0
2327.418,0
2327.528,0
2327.638,0
2327.747,0
2327.857,0
2327.967,1
2328.077,1
2328.186,1
2328.296,1
2328.406,0
2328.516,0
2328.625,0
2328.735,0
2328.845,0
2328.955,0
2329.065,0
2329.174,0
2329.284,0
2329.394,1
2329.504,1
2329.613,1
2329.723,1
2329.833,0
2329.943,0
2330.053,0
2330.162,0
2330.272,1
2330.382,2
2330.492,5
2330.602,6
2330.711,6
2330.821,6
2330.931,4
2331.041,5
2331.151,2
2331.26,2
2331.37,2
2331.48,1
2331.59,0
2331.7,0
2331.81,0
2331.919,0
2332.029,0
2332.139,0
2332.249,0
2332.359,0
2332.469,2
2332.578,2
2332.688,3
2332.798,3
2332.908,2
2333.018,2
2333.128,2
2333.238,2
2333.347,1
2333.457,1
2333.567,0
2333.677,1
2333.787,1
2333.897,1
2334.007,1
2334.117,0
2334.226,0
2334.336,0
2334.446,1
2334.556,1
2334.666,1
2334.776,1
2334.886,0
2334.996,0
2335.106,0
2335.216,0
2335.326,0
2335.435,0
2335.545,0
2335.655,0
2335.765,0
2335.875,0
2335.985,0
2336.095,0
2336.205,0
2336.315,1
2336.425,1
2336.535,1
2336.645,1
2336.755,0
2336.865,1
2336.975,1
2337.085,1
2337.195,1
2337.305,0
2337.414,0
2337.524,0
2337.634,0
2337.744,0
2337.854,0
2337.964,0
2338.074,0
2338.184,0
2338.294,0
2338.404,0
2338.514,0
2338.624,0
2338.734,0
2338.844,1
2338.954,1
2339.064,1
2339.174,1
2339.284,0
2339.394,0
2339.504,0
2339.614,0
2339.724,1
2339.834,1
2339.944,1
2340.054,1
2340.165,0
2340.275,0
2340.385,0
2340.495,0
2340.605,0
2340.715,0
2340.825,0
2340.935,0
2341.045,0
2341.155,0
2341.265,0
2341.375,0
2341.485,0
2341.595,0
2341.705,0
2341.815,1
2341.925,2
2342.036,2
2342.146,2
2342.256,1
2342.366,0
2342.476,0
2342.586,0
2342.696,0
2342.806,0
2342.916,0
2343.026,0
2343.136,0
2343.247,0
2343.357,0
2343.467,1
2343.577,1
2343.687,1
2343.797,1
2343.907,0
2344.017,0
2344.128,0
2344.238,0
2344.348,0
2344.458,0
2344.568,2
2344.678,2
2344.788,2
2344.899,2
2345.009,0
2345.119,0
2345.229,0
2345.339,0
2345.449,0
2345.559,0
2345.67,1
2345.78,2
2345.89,2
2346,2
2346.11,1
2346.22,0
2346.331,0
2346.441,0
2346.551,0
2346.661,0
2346.771,0
2346.882,0
2346.992,0
2347.102,0
2347.212,0
2347.322,1
2347.433,1
2347.543,1
2347.653,1
2347.763,0
2347.873,0
2347.984,0
2348.094,0
2348.204,0
2348.314,0
2348.425,0
2348.535,0
2348.645,0
2348.755,0
2348.866,0
2348.976,0
2349.086,0
2349.196,0
2349.307,0
2349.417,0
2349.527,0
2349.637,1
2349.748,1
2349.858,1
2349.968,1
2350.078,0
2350.189,1
2350.299,1
2350.409,1
2350.52,1
2350.63,0
2350.74,0
2350.85,0
2350.961,0
2351.071,0
2351.181,2
2351.292,2
2351.402,3
2351.512,3
2351.623,1
2351.733,1
2351.843,0
2351.953,0
2352.064,0
2352.174,0
2352.284,0
2352.395,0
2352.505,0
2352.615,0
2352.726,0
2352.836,0
2352.946,0
2353.057,0
2353.167,3
2353.278,3
2353.388,5
2353.498,5
2353.609,2
2353.719,2
2353.829,0
2353.94,0
2354.05,0
2354.16,0
2354.271,0
2354.381,0
2354.492,0
2354.602,0
2354.712,0
2354.823,0
2354.933,1
2355.043,1
2355.154,2
2355.264,2
2355.375,1
2355.485,1
2355.595,1
2355.706,1
2355.816,1
2355.927,1
2356.037,0
2356.148,0
2356.258,0
2356.368,0
2356.479,0
2356.589,0
2356.7,0
2356.81,0
2356.921,0
2357.031,0
2357.141,0
2357.252,0
2357.362,0
2357.473,0
2357.583,0
2357.694,0
2357.804,1
2357.915,1
2358.025,1
2358.136,1
2358.246,0
2358.356,0
2358.467,0
2358.577,0
2358.688,0
2358.798,0
2358.909,0
2359.019,0
2359.13,0
2359.24,0
2359.351,0
2359.461,0
2359.572,0
2359.682,0
2359.793,0
2359.903,0
2360.014,0
2360.124,0
2360.235,0
2360.345,0
2360.456,0
2360.566,0
2360.677,0
2360.788,0
2360.898,0
2361.009,0
2361.119,0
2361.23,0
2361.34,0
2361.451,0
2361.561,0
2361.672,0
2361.782,2
2361.893,2
2362.004,3
2362.114,3
2362.225,1
2362.335,1
2362.446,0
2362.556,0
2362.667,0
2362.778,0
2362.888,0
2362.999,0
2363.109,0
2363.22,0
2363.33,0
2363.441,0
2363.552,1
2363.662,1
2363.773,1
2363.883,1
2363.994,1
2364.105,2
2364.215,2
2364.326,2
2364.437,1
2364.547,0
2364.658,0
2364.768,0
2364.879,0
2364.99,0
2365.1,0
2365.211,0
2365.322,0
2365.432,0
2365.543,0
2365.653,0
2365.764,0
2365.875,1
2365.985,1
2366.096,1
2366.207,1
2366.317,0
2366.428,0
2366.539,0
2366.649,0
2366.76,0
2366.871,0
2366.981,0
2367.092,0
2367.203,0
2367.313,0
2367.424,0
2367.535,0
2367.646,1
2367.756,1
2367.867,1
2367.978,2
2368.088,1
2368.199,1
2368.31,1
2368.421,0
2368.531,0
2368.642,0
2368.753,0
2368.863,0
2368.974,0
2369.085,0
2369.196,0
2369.306,0
2369.417,0
2369.528,0
2369.639,0
2369.749,0
2369.86,0
2369.971,0
2370.082,0
2370.192,2
2370.303,2
2370.414,2
2370.525,2
2370.635,0
2370.746,1
2370.857,2
2370.968,2
2371.078,2
2371.189,1
2371.3,0
2371.411,0
2371.522,1
2371.632,1
2371.743,1
2371.854,1
2371.965,0
2372.076,0
2372.186,1
2372.297,1
2372.408,3
2372.519,3
2372.63,2
2372.74,2
2372.851,0
2372.962,0
2373.073,0
2373.184,1
2373.295,1
2373.405,2
2373.516,2
2373.627,1
2373.738,1
2373.849,0
2373.96,0
2374.07,0
2374.181,0
2374.292,0
2374.403,0
2374.514,0
2374.625,0
2374.736,0
2374.846,0
2374.957,0
2375.068,0
2375.179,2
2375.29,2
2375.401,2
2375.512,2
2375.623,1
2375.733,1
2375.844,1
2375.955,1
2376.066,0
2376.177,0
2376.288,0
2376.399,0
2376.51,0
2376.621,0
2376.732,0
2376.842,2
2376.953,2
2377.064,3
2377.175,3
2377.286,1
2377.397,1
2377.508,0
2377.619,0
2377.73,0
2377.841,1
2377.952,1
2378.063,2
2378.174,2
2378.285,1
2378.396,1
2378.507,0
2378.617,1
2378.728,1
2378.839,2
2378.95,2
2379.061,3
2379.172,3
2379.283,2
2379.394,2
2379.505,1
2379.616,1
2379.727,1
2379.838,1
2379.949,0
2380.06,0
2380.171,0
2380.282,0
2380.393,0
2380.504,1
2380.615,1
2380.726,1
2380.837,1
2380.948,0
2381.059,0
2381.17,0
2381.281,0
2381.392,1
2381.503,1
2381.614,1
2381.725,1
2381.836,0
2381.947,0
2382.058,0
2382.17,0
2382.281,1
2382.392,1
2382.503,1
2382.614,2
2382.725,1
2382.836,1
2382.947,1
2383.058,0
2383.169,0
2383.28,1
2383.391,1
2383.502,1
2383.613,3
2383.724,2
2383.835,3
2383.947,3
2384.058,1
2384.169,1
2384.28,0
2384.391,0
2384.502,1
2384.613,1
2384.724,1
2384.835,1
2384.946,0
2385.058,1
2385.169,2
2385.28,2
2385.391,3
2385.502,2
2385.613,1
2385.724,2
2385.835,1
2385.947,2
2386.058,2
2386.169,2
2386.28,2
2386.391,1
2386.502,1
2386.613,0
2386.725,0
2386.836,0
2386.947,0
2387.058,1
2387.169,1
2387.28,1
2387.392,1
2387.503,1
2387.614,1
2387.725,1
2387.836,1
2387.947,0
2388.059,0
2388.17,0
2388.281,0
2388.392,2
2388.503,3
2388.615,3
2388.726,3
2388.837,2
2388.948,1
2389.059,2
2389.171,2
2389.282,1
2389.393,1
2389.504,1
2389.615,2
2389.727,2
2389.838,2
2389.949,3
2390.06,2
2390.172,2
2390.283,2
2390.394,1
2390.505,1
2390.617,1
2390.728,1
2390.839,0
2390.95,0
2391.062,0
2391.173,0
2391.284,0
2391.395,0
2391.507,1
2391.618,2
2391.729,2
2391.84,2
2391.952,1
2392.063,0
2392.174,1
2392.286,1
2392.397,1
2392.508,1
2392.619,0
2392.731,0
2392.842,0
2392.953,0
2393.065,0
2393.176,0
2393.287,0
2393.399,0
2393.51,0
2393.621,0
2393.732,0
2393.844,0
2393.955,0
2394.066,0
2394.178,0
2394.289,0
2394.4,1
2394.512,1
2394.623,1
2394.734,1
2394.846,0
2394.957,0
2395.068,0
2395.18,0
2395.291,0
2395.403,0
2395.514,0
2395.625,0
2395.737,0
2395.848,0
2395.959,1
2396.071,1
2396.182,1
2396.294,1
2396.405,0
2396.516,0
2396.628,0
2396.739,0
2396.85,0
2396.962,1
2397.073,1
2397.185,2
2397.296,2
2397.407,2
2397.519,2
2397.63,1
2397.742,1
2397.853,0
2397.965,0
2398.076,0
2398.187,2
2398.299,3
2398.41,3
2398.522,4
2398.633,2
2398.745,1
2398.856,2
2398.967,1
2399.079,1
2399.19,1
2399.302,0
2399.413,0
2399.525,0
2399.636,0
2399.748,0
2399.859,0
2399.971,0
2400.082,0
2400.193,0
2400.305,0
2400.416,0
2400.528,0
2400.639,1
2400.751,2
2400.862,2
2400.974,2
2401.085,1
2401.197,0
2401.308,0
2401.42,0
2401.531,0
2401.643,0
2401.754,0
2401.866,0
2401.977,0
2402.089,0
2402.2,0
2402.312,0
2402.423,0
2402.535,0
2402.647,0
2402.758,0
2402.87,0
2402.981,0
2403.093,0
2403.204,0
2403.316,1
2403.427,1
2403.539,1
2403.65,1
2403.762,0
2403.874,0
2403.985,0
2404.097,0
2404.208,0
2404.32,0
2404.431,1
2404.543,1
2404.655,2
2404.766,2
2404.878,2
2404.989,2
2405.101,1
2405.213,2
2405.324,1
2405.436,1
2405.547,2
2405.659,1
2405.771,1
2405.882,1
2405.994,0
2406.105,0
2406.217,1
2406.329,1
2406.44,1
2406.552,1
2406.663,0
2406.775,0
2406.887,0
2406.998,0
2407.11,0
2407.222,0
2407.333,1
2407.445,1
2407.557,1
2407.668,2
2407.78,1
2407.892,1
2408.003,1
2408.115,0
2408.226,1
2408.338,1
2408.45,1
2408.562,2
2408.673,1
2408.785,2
2408.897,2
2409.008,1
2409.12,1
2409.232,0
2409.343,0
2409.455,0
2409.567,1
2409.678,1
2409.79,1
2409.902,2
2410.013,2
2410.125,2
2410.237,2
2410.349,1
2410.46,0
2410.572,3
2410.684,4
2410.796,4
2410.907,4
2411.019,2
2411.131,1
2411.242,1
2411.354,2
2411.466,1
2411.578,1
2411.689,1
2411.801,0
2411.913,0
2412.025,0
2412.136,1
2412.248,2
2412.36,2
2412.472,2
2412.583,1
2412.695,0
2412.807,0
2412.919,0
2413.031,0
2413.142,0
2413.254,0
2413.366,0
2413.478,0
2413.589,0
2413.701,0
2413.813,0
2413.925,0
2414.037,1
2414.148,1
2414.26,1
2414.372,1
2414.484,1
2414.596,1
2414.708,1
2414.819,2
2414.931,1
2415.043,1
2415.155,1
2415.267,0
2415.379,0
2415.49,0
2415.602,0
2415.714,0
2415.826,0
2415.938,0
2416.05,0
2416.161,0
2416.273,2
2416.385,2
2416.497,2
2416.609,2
2416.721,1
2416.833,1
2416.944,1
2417.056,1
2417.168,0
2417.28,0
2417.392,0
2417.504,1
2417.616,1
2417.728,1
2417.84,1
2417.951,0
2418.063,0
2418.175,0
2418.287,0
2418.399,0
2418.511,0
2418.623,0
2418.735,0
2418.847,0
2418.959,1
2419.071,1
2419.182,1
2419.294,2
2419.406,1
2419.518,1
2419.63,1
2419.742,0
2419.854,0
2419.966,0
2420.078,0
2420.19,0
2420.302,0
2420.414,0
2420.526,0
2420.638,0
2420.75,0
2420.862,0
2420.974,0
2421.086,1
2421.198,1
2421.31,2
2421.421,3
2421.533,2
2421.645,2
2421.757,1
2421.869,0
2421.981,0
2422.093,0
2422.205,0
2422.317,0
2422.429,0
2422.541,0
2422.653,0
2422.765,0
2422.877,0
2422.989,1
2423.101,1
2423.213,1
2423.326,1
2423.438,1
2423.55,1
2423.662,1
2423.774,1
2423.886,0
2423.998,0
2424.11,0
2424.222,2
2424.334,2
2424.446,2
2424.558,2
2424.67,1
2424.782,1
2424.894,1
2425.006,4
2425.118,3
2425.23,3
2425.342,3
2425.454,2
2425.567,2
2425.679,3
2425.791,3
2425.903,1
2426.015,1
2426.127,0
2426.239,0
2426.351,0
2426.463,0
2426.575,0
2426.687,0
2426.8,0
2426.912,0
2427.024,0
2427.136,0
2427.248,0
2427.36,0
2427.472,0
2427.584,0
2427.696,1
2427.809,1
2427.921,1
2428.033,1
2428.145,0
2428.257,0
2428.369,1
2428.481,1
2428.594,1
2428.706,1
2428.818,0
2428.93,1
2429.042,1
2429.154,1
2429.267,1
2429.379,1
2429.491,1
2429.603,2
2429.715,2
2429.827,2
2429.94,3
2430.052,2
2430.164,2
2430.276,1
2430.388,1
2430.5,1
2430.613,1
2430.725,1
2430.837,0
2430.949,0
2431.061,1
2431.174,1
2431.286,1
2431.398,1
2431.51,1
2431.623,1
2431.735,1
2431.847,1
2431.959,0
2432.071,0
2432.184,0
2432.296,0
2432.408,1
2432.52,2
2432.633,2
2432.745,2
2432.857,1
2432.969,0
2433.082,1
2433.194,2
2433.306,2
2433.418,2
2433.531,1
2433.643,1
2433.755,1
2433.868,1
2433.98,1
2434.092,0
2434.204,1
2434.317,1
2434.429,2
2434.541,2
2434.653,1
2434.766,1
2434.878,0
2434.99,0
2435.103,2
2435.215,2
2435.327,2
2435.44,3
2435.552,1
2435.664,1
2435.777,1
2435.889,0
2436.001,0
2436.114,0
2436.226,2
2436.338,2
2436.45,2
2436.563,2
2436.675,0
2436.788,0
2436.9,0
2437.012,0
2437.125,0
2437.237,0
2437.349,0
2437.462,0
2437.574,0
2437.686,2
2437.799,2
2437.911,2
2438.023,2
2438.136,1
2438.248,1
2438.361,1
2438.473,1
2438.585,0
2438.698,0
2438.81,0
2438.923,0
2439.035,0
2439.147,2
2439.26,3
2439.372,3
2439.485,3
2439.597,1
2439.709,0
2439.822,0
2439.934,1
2440.047,1
2440.159,1
2440.271,1
2440.384,1
2440.496,1
2440.609,1
2440.721,2
2440.834,1
2440.946,1
2441.058,1
2441.171,1
2441.283,1
2441.396,1
2441.508,2
2441.621,2
2441.733,2
2441.846,2
2441.958,1
2442.071,0
2442.183,0
2442.295,0
2442.408,0
2442.52,0
2442.633,1
2442.745,1
2442.858,1
2442.97,1
2443.083,0
2443.195,1
2443.308,1
2443.42,1
2443.533,1
2443.645,1
2443.758,2
2443.87,2
2443.983,3
2444.095,3
2444.208,3
2444.32,4
2444.433,4
2444.545,3
2444.658,2
2444.771,2
2444.883,1
2444.996,1
2445.108,1
2445.221,0
2445.333,0
2445.446,0
2445.558,0
2445.671,0
2445.783,0
2445.896,0
2446.009,0
2446.121,0
2446.234,0
2446.346,0
2446.459,1
2446.571,1
2446.684,1
2446.797,1
2446.909,0
2447.022,0
2447.134,0
2447.247,0
2447.359,0
2447.472,0
2447.585,0
2447.697,0
2447.81,0
2447.922,1
2448.035,1
2448.148,1
2448.26,1
2448.373,0
2448.486,0
2448.598,0
2448.711,0
2448.823,0
2448.936,0
2449.049,0
2449.161,0
2449.274,0
2449.387,0
2449.499,0
2449.612,0
2449.725,1
2449.837,1
2449.95,2
2450.062,2
2450.175,1
2450.288,1
2450.4,0
2450.513,0
2450.626,0
2450.738,0
2450.851,0
2450.964,1
2451.076,1
2451.189,1
2451.302,1
2451.415,0
2451.527,1
2451.64,1
2451.753,1
2451.865,1
2451.978,1
2452.091,1
2452.203,1
2452.316,1
2452.429,0
2452.542,0
2452.654,0
2452.767,0
2452.88,1
2452.992,1
2453.105,1
2453.218,1
2453.331,1
2453.443,1
2453.556,1
2453.669,2
2453.782,1
2453.894,1
2454.007,2
2454.12,1
2454.233,1
2454.345,1
2454.458,1
2454.571,1
2454.684,1
2454.796,1
2454.909,0
2455.022,0
2455.135,0
2455.247,0
2455.36,0
2455.473,0
2455.586,1
2455.699,1
2455.811,2
2455.924,2
2456.037,1
2456.15,1
2456.263,0
2456.375,1
2456.488,2
2456.601,2
2456.714,2
2456.827,1
2456.939,0
2457.052,0
2457.165,0
2457.278,1
2457.391,1
2457.504,1
2457.616,1
2457.729,0
2457.842,0
2457.955,0
2458.068,0
2458.181,0
2458.293,0
2458.406,0
2458.519,0
2458.632,0
2458.745,2
2458.858,2
2458.971,3
2459.083,3
2459.196,2
2459.309,2
2459.422,1
2459.535,1
2459.648,1
2459.761,1
2459.874,1
2459.987,1
2460.099,1
2460.212,1
2460.325,1
2460.438,1
2460.551,0
2460.664,0
2460.777,0
2460.89,0
2461.003,0
2461.116,0
2461.228,0
2461.341,0
2461.454,0
2461.567,0
2461.68,0
2461.793,0
2461.906,0
2462.019,0
2462.132,0
2462.245,0
2462.358,0
2462.471,0
2462.584,0
2462.697,0
2462.81,0
2462.923,0
2463.036,0
2463.148,0
2463.261,1
2463.374,1
2463.487,1
2463.6,1
2463.713,1
2463.826,1
2463.939,1
2464.052,1
2464.165,0
2464.278,0
2464.391,0
2464.504,0
2464.617,1
2464.73,2
2464.843,2
2464.956,2
2465.069,1
2465.182,0
2465.295,0
2465.408,0
2465.521,2
2465.634,2
2465.747,3
2465.86,3
2465.973,1
2466.086,1
2466.2,0
2466.313,0
2466.426,0
2466.539,0
2466.652,0
2466.765,0
2466.878,0
2466.991,0
2467.104,0
2467.217,0
2467.33,0
2467.443,0
2467.556,0
2467.669,0
2467.782,0
2467.895,0
2468.008,0
2468.122,0
2468.235,0
2468.348,0
2468.461,0
2468.574,0
2468.687,0
2468.8,0
2468.913,0
2469.026,1
2469.139,2
2469.252,2
2469.366,2
2469.479,1
2469.592,0
2469.705,0
2469.818,0
2469.931,0
2470.044,0
2470.157,0
2470.271,0
2470.384,0
2470.497,0
2470.61,0
2470.723,0
2470.836,0
2470.949,1
2471.063,1
2471.176,1
2471.289,1
2471.402,0
2471.515,1
2471.628,2
2471.741,2
2471.855,2
2471.968,1
2472.081,1
2472.194,1
2472.307,2
2472.421,2
2472.534,1
2472.647,1
2472.76,1
2472.873,1
2472.986,1
2473.1,1
2473.213,0
2473.326,0
2473.439,0
2473.552,0
2473.666,0
2473.779,0
2473.892,0
2474.005,0
2474.119,0
2474.232,0
2474.345,0
2474.458,0
2474.571,0
2474.685,0
2474.798,0
2474.911,0
2475.024,0
2475.138,0
2475.251,0
2475.364,0
2475.477,0
2475.591,0
2475.704,0
2475.817,0
2475.93,0
2476.044,0
2476.157,0
2476.27,0
2476.384,1
2476.497,1
2476.61,2
2476.723,2
2476.837,1
2476.95,1
2477.063,0
2477.177,0
2477.29,0
2477.403,0
2477.516,0
2477.63,0
2477.743,1
2477.856,1
2477.97,1
2478.083,1
2478.196,0
2478.31,1
2478.423,1
2478.536,1
2478.65,1
2478.763,0
2478.876,1
2478.99,1
2479.103,1
2479.216,1
2479.33,0
2479.443,0
2479.556,0
2479.67,1
2479.783,3
2479.896,3
2480.01,3
2480.123,2
2480.236,0
2480.35,0
2480.463,0
2480.577,0
2480.69,0
2480.803,0
2480.917,0
2481.03,1
2481.143,1
2481.257,1
2481.37,1
2481.484,0
2481.597,1
2481.71,1
2481.824,1
2481.937,1
2482.051,0
2482.164,0
2482.277,1
2482.391,1
2482.504,1
2482.618,1
2482.731,0
2482.845,1
2482.958,1
2483.071,2
2483.185,2
2483.298,1
2483.412,3
2483.525,2
2483.639,2
2483.752,2
2483.866,0
2483.979,0
2484.092,0
2484.206,0
2484.319,0
2484.433,0
2484.546,0
2484.66,0
2484.773,0
2484.887,0
2485,1
2485.114,1
2485.227,1
2485.341,1
2485.454,0
2485.568,0
2485.681,1
2485.795,1
2485.908,1
2486.022,1
2486.135,0
2486.249,0
2486.362,0
2486.476,1
2486.589,2
2486.703,2
2486.816,3
2486.93,2
2487.043,1
2487.157,1
2487.27,0
2487.384,0
2487.497,0
2487.611,0
2487.724,0
2487.838,0
2487.952,0
2488.065,1
2488.179,1
2488.292,1
2488.406,1
2488.519,0
2488.633,1
2488.746,1
2488.86,1
2488.974,1
2489.087,0
2489.201,0
2489.314,0
2489.428,0
2489.541,1
2489.655,1
2489.769,1
2489.882,1
2489.996,1
2490.109,1
2490.223,1
2490.337,1
2490.45,0
2490.564,0
2490.677,0
2490.791,0
2490.905,0
2491.018,0
2491.132,0
2491.246,0
2491.359,0
2491.473,0
2491.586,0
2491.7,0
2491.814,0
2491.927,0
2492.041,0
2492.155,0
2492.268,0
2492.382,1
2492.496,1
2492.609,1
2492.723,1
2492.837,2
2492.95,2
2493.064,2
2493.178,2
2493.291,0
2493.405,0
2493.519,0
2493.632,0
2493.746,0
2493.86,0
2493.973,0
2494.087,0
2494.201,0
2494.314,0
2494.428,1
2494.542,1
2494.655,1
2494.769,1
2494.883,0
2494.997,0
2495.11,0
2495.224,0
2495.338,0
2495.451,0
2495.565,0
2495.679,0
2495.793,0
2495.906,0
2496.02,0
2496.134,0
2496.248,0
2496.361,1
2496.475,1
2496.589,1
2496.703,1
2496.816,1
2496.93,2
2497.044,2
2497.158,2
2497.271,1
2497.385,0
2497.499,0
2497.613,0
2497.726,0
2497.84,0
2497.954,0
2498.068,0
2498.182,0
2498.295,0
2498.409,0
2498.523,0
2498.637,0
2498.75,0
2498.864,0
2498.978,0
2499.092,0
2499.206,1
2499.32,1
2499.433,1
2499.547,2
2499.661,2
2499.775,2
2499.889,3
2500.002,2
