mz,abundance
700.017,45
700.077,49
700.136,54
700.196,66
700.255,75
700.315,93
700.374,109
700.434,119
700.493,128
700.553,115
700.612,103
700.672,86
700.731,81
700.791,73
700.851,78
700.91,79
700.97,81
701.029,74
701.089,69
701.148,68
701.208,73
701.267,75
701.327,80
701.386,82
701.446,82
701.506,75
701.565,71
701.625,58
701.684,47
701.744,38
701.803,34
701.863,32
701.923,29
701.982,35
702.042,43
702.101,51
702.161,62
702.221,82
702.28,86
702.34,84
702.399,85
702.459,83
702.519,81
702.578,89
702.638,82
702.698,79
702.757,78
702.817,78
702.876,79
702.936,86
702.996,94
703.055,95
703.115,102
703.175,111
703.234,115
703.294,119
703.353,130
703.413,126
703.473,114
703.532,106
703.592,93
703.652,72
703.711,60
703.771,52
703.831,32
703.89,20
703.95,25
704.01,28
704.069,41
704.129,43
704.189,52
704.249,67
704.308,80
704.368,100
704.428,105
704.487,119
704.547,118
704.607,118
704.666,106
704.726,98
704.786,88
704.846,77
704.905,79
704.965,70
705.025,69
705.084,69
705.144,74
705.204,78
705.264,90
705.323,105
705.383,105
705.443,104
705.503,103
705.562,93
705.622,79
705.682,72
705.741,63
705.801,57
705.861,54
705.921,56
705.981,50
706.04,40
706.1,43
706.16,51
706.22,68
706.279,87
706.339,97
706.399,97
706.459,98
706.518,93
706.578,88
706.638,88
706.698,86
706.758,79
706.817,75
706.877,76
706.937,68
706.997,65
707.057,65
707.116,60
707.176,47
707.236,57
707.296,53
707.356,58
707.416,55
707.475,56
707.535,67
707.595,77
707.655,85
707.715,85
707.775,77
707.834,71
707.894,69
707.954,61
708.014,67
708.074,69
708.134,66
708.193,76
708.253,85
708.313,99
708.373,102
708.433,103
708.493,91
708.553,89
708.613,93
708.672,88
708.732,90
708.792,86
708.852,77
708.912,67
708.972,63
709.032,57
709.092,50
709.151,55
709.211,63
709.271,73
709.331,88
709.391,96
709.451,94
709.511,88
709.571,82
709.631,66
709.691,60
709.751,57
709.811,48
709.87,48
709.93,48
709.99,51
710.05,59
710.11,74
710.17,79
710.23,84
710.29,91
710.35,93
710.41,107
710.47,110
710.53,108
710.59,113
710.65,97
710.71,89
710.77,79
710.83,79
710.89,76
710.95,75
711.01,77
711.07,80
711.129,86
711.189,92
711.249,105
711.309,116
711.369,118
711.429,114
711.489,107
711.549,96
711.609,94
711.669,91
711.729,86
711.789,70
711.849,61
711.909,56
711.969,47
712.03,40
712.09,47
712.15,56
712.21,59
712.27,72
712.33,69
712.39,74
712.45,75
712.51,71
712.57,71
712.63,64
712.69,55
712.75,51
712.81,47
712.87,43
712.93,45
712.99,54
713.05,63
713.11,74
713.17,85
713.23,101
713.291,97
713.351,92
713.411,86
713.471,80
713.531,78
713.591,78
713.651,74
713.711,58
713.771,58
713.831,56
713.891,55
713.951,44
714.012,44
714.072,46
714.132,47
714.192,62
714.252,79
714.312,95
714.372,112
714.432,117
714.493,114
714.553,112
714.613,109
714.673,107
714.733,97
714.793,86
714.853,70
714.913,60
714.974,70
715.034,65
715.094,59
715.154,47
715.214,45
715.274,41
715.335,43
715.395,50
715.455,50
715.515,55
715.575,67
715.635,61
715.696,54
715.756,54
715.816,44
715.876,46
715.936,48
715.996,51
716.057,52
716.117,53
716.177,55
716.237,60
716.297,58
716.358,62
716.418,72
716.478,74
716.538,84
716.598,101
716.659,89
716.719,87
716.779,74
716.839,58
716.9,61
716.96,55
717.02,54
717.08,58
717.141,53
717.201,51
717.261,54
717.321,62
717.381,65
717.442,71
717.502,78
717.562,87
717.623,95
717.683,93
717.743,92
717.803,72
717.864,70
717.924,69
717.984,72
718.044,84
718.105,83
718.165,85
718.225,91
718.286,104
718.346,121
718.406,122
718.466,135
718.527,143
718.587,143
718.647,142
718.708,130
718.768,120
718.828,108
718.889,104
718.949,90
719.009,75
719.069,64
719.13,60
719.19,64
719.25,66
719.311,67
719.371,71
719.431,80
719.492,86
719.552,89
719.612,97
719.673,103
719.733,117
719.794,129
719.854,137
719.914,152
719.975,154
720.035,143
720.095,130
720.156,120
720.216,112
720.276,121
720.337,125
720.397,127
720.458,135
720.518,136
720.578,131
720.639,117
720.699,120
720.759,113
720.82,117
720.88,121
720.941,132
721.001,137
721.061,124
721.122,121
721.182,95
721.243,94
721.303,96
721.364,99
721.424,87
721.484,91
721.545,85
721.605,73
721.666,74
721.726,82
721.786,82
721.847,88
721.907,91
721.968,88
722.028,85
722.089,85
722.149,84
722.21,82
722.27,79
722.331,73
722.391,73
722.451,74
722.512,77
722.572,79
722.633,70
722.693,69
722.754,72
722.814,77
722.875,81
722.935,85
722.996,89
723.056,96
723.117,113
723.177,117
723.238,111
723.298,106
723.359,113
723.419,107
723.48,103
723.54,100
723.601,83
723.661,76
723.722,75
723.782,71
723.843,55
723.903,65
723.964,62
724.024,65
724.085,61
724.145,61
724.206,70
724.267,72
724.327,87
724.388,86
724.448,88
724.509,85
724.569,83
724.63,82
724.69,77
724.751,80
724.812,80
724.872,79
724.933,87
724.993,89
725.054,88
725.114,95
725.175,93
725.236,94
725.296,103
725.357,110
725.417,120
725.478,138
725.538,139
725.599,134
725.66,139
725.72,134
725.781,111
725.841,95
725.902,84
725.963,76
726.023,65
726.084,60
726.145,59
726.205,48
726.266,47
726.326,50
726.387,53
726.448,58
726.508,55
726.569,62
726.63,62
726.69,59
726.751,60
726.812,69
726.872,69
726.933,67
726.993,63
727.054,56
727.115,50
727.175,49
727.236,52
727.297,45
727.357,48
727.418,52
727.479,61
727.54,62
727.6,60
727.661,54
727.722,55
727.782,63
727.843,67
727.904,76
727.964,75
728.025,82
728.086,90
728.146,78
728.207,77
728.268,83
728.329,76
728.389,77
728.45,77
728.511,65
728.571,69
728.632,61
728.693,59
728.754,56
728.814,50
728.875,44
728.936,38
728.997,36
729.057,32
729.118,34
729.179,37
729.24,41
729.3,50
729.361,63
729.422,72
729.483,77
729.543,73
729.604,77
729.665,69
729.726,68
729.786,66
729.847,65
729.908,66
729.969,75
730.03,80
730.09,78
730.151,81
730.212,72
730.273,71
730.334,74
730.394,81
730.455,87
730.516,98
730.577,107
730.638,104
730.698,98
730.759,83
730.82,66
730.881,55
730.942,55
731.002,58
731.063,57
731.124,64
731.185,76
731.246,86
731.307,93
731.367,94
731.428,97
731.489,108
731.55,111
731.611,118
731.672,105
731.733,88
731.793,82
731.854,84
731.915,84
731.976,86
732.037,83
732.098,84
732.159,84
732.219,92
732.28,103
732.341,108
732.402,116
732.463,115
732.524,121
732.585,124
732.646,120
732.707,113
732.767,109
732.828,107
732.889,96
732.95,80
733.011,74
733.072,66
733.133,68
733.194,79
733.255,90
733.316,100
733.377,112
733.438,115
733.498,108
733.559,107
733.62,113
733.681,112
733.742,101
733.803,94
733.864,81
733.925,68
733.986,69
734.047,63
734.108,63
734.169,63
734.23,63
734.291,70
734.352,73
734.413,84
734.474,92
734.535,82
734.596,74
734.657,76
734.718,85
734.779,97
734.84,107
734.901,108
734.962,102
735.023,105
735.084,99
735.145,96
735.206,87
735.267,81
735.328,79
735.389,74
735.45,85
735.511,93
735.572,101
735.633,100
735.694,98
735.755,94
735.816,87
735.877,85
735.938,89
735.999,77
736.06,74
736.121,77
736.182,79
736.243,92
736.304,98
736.365,93
736.426,73
736.487,77
736.548,73
736.609,75
736.67,72
736.731,67
736.793,59
736.854,50
736.915,44
736.976,30
737.037,32
737.098,37
737.159,41
737.22,49
737.281,52
737.342,59
737.403,70
737.464,80
737.526,80
737.587,82
737.648,75
737.709,71
737.77,73
737.831,68
737.892,66
737.953,73
738.014,73
738.076,71
738.137,73
738.198,75
738.259,83
738.32,85
738.381,82
738.442,83
738.503,81
738.565,79
738.626,75
738.687,76
738.748,75
738.809,69
738.87,63
738.932,64
738.993,67
739.054,71
739.115,86
739.176,80
739.237,78
739.299,76
739.36,75
739.421,67
739.482,65
739.543,62
739.604,58
739.666,60
739.727,60
739.788,58
739.849,57
739.91,57
739.972,51
740.033,56
740.094,63
740.155,67
740.216,82
740.278,85
740.339,84
740.4,76
740.461,74
740.523,77
740.584,74
740.645,78
740.706,84
740.767,77
740.829,81
740.89,84
740.951,72
741.012,65
741.074,61
741.135,58
741.196,60
741.257,74
741.319,80
741.38,95
741.441,104
741.503,113
741.564,112
741.625,120
741.686,111
741.748,102
741.809,91
741.87,79
741.931,80
741.993,74
742.054,66
742.115,57
742.177,59
742.238,64
742.299,67
742.361,69
742.422,75
742.483,76
742.544,69
742.606,69
742.667,78
742.728,75
742.79,81
742.851,81
742.912,80
742.974,80
743.035,75
743.096,78
743.158,74
743.219,77
743.28,75
743.342,75
743.403,77
743.464,76
743.526,89
743.587,86
743.648,79
743.71,73
743.771,60
743.833,53
743.894,59
743.955,63
744.017,68
744.078,77
744.139,70
744.201,69
744.262,77
744.324,81
744.385,76
744.446,74
744.508,77
744.569,69
744.631,68
744.692,61
744.753,53
744.815,56
744.876,59
744.938,62
744.999,62
745.06,73
745.122,62
745.183,59
745.245,56
745.306,56
745.367,64
745.429,80
745.49,88
745.552,100
745.613,103
745.675,100
745.736,102
745.798,98
745.859,89
745.92,77
745.982,57
746.043,51
746.105,49
746.166,58
746.228,54
746.289,64
746.351,67
746.412,63
746.474,64
746.535,68
746.597,70
746.658,66
746.72,63
746.781,61
746.843,56
746.904,61
746.966,73
747.027,78
747.089,84
747.15,90
747.212,102
747.273,96
747.335,97
747.396,95
747.458,96
747.519,95
747.581,90
747.642,90
747.704,82
747.765,81
747.827,74
747.888,74
747.95,67
748.011,60
748.073,58
748.134,58
748.196,60
748.257,65
748.319,73
748.381,77
748.442,90
748.504,97
748.565,89
748.627,80
748.688,68
748.75,54
748.812,47
748.873,49
748.935,51
748.996,56
749.058,55
749.119,54
749.181,48
749.243,51
749.304,56
749.366,64
749.427,67
749.489,80
749.551,91
749.612,92
749.674,92
749.735,89
749.797,82
749.859,82
749.92,79
749.982,69
750.044,67
750.105,66
750.167,68
750.228,72
750.29,68
750.352,69
750.413,81
750.475,87
750.537,92
750.598,91
750.66,81
750.722,59
750.783,52
750.845,51
750.907,44
750.968,44
751.03,47
751.092,47
751.153,53
751.215,57
751.277,55
751.338,54
751.4,50
751.462,65
751.523,67
751.585,75
751.647,87
751.708,85
751.77,90
751.832,97
751.893,108
751.955,113
752.017,115
752.079,107
752.14,104
752.202,97
752.264,89
752.325,81
752.387,78
752.449,71
752.511,78
752.572,86
752.634,90
752.696,95
752.757,90
752.819,87
752.881,73
752.943,67
753.004,60
753.066,65
753.128,73
753.19,81
753.251,89
753.313,91
753.375,93
753.437,95
753.499,92
753.56,93
753.622,93
753.684,85
753.746,77
753.807,69
753.869,71
753.931,57
753.993,58
754.055,56
754.116,60
754.178,62
754.24,74
754.302,78
754.364,81
754.425,84
754.487,87
754.549,96
754.611,90
754.673,97
754.734,101
754.796,91
754.858,91
754.92,81
754.982,77
755.044,76
755.105,86
755.167,80
755.229,86
755.291,90
755.353,98
755.415,100
755.476,101
755.538,95
755.6,95
755.662,92
755.724,87
755.786,90
755.848,88
755.909,91
755.971,82
756.033,78
756.095,71
756.157,64
756.219,67
756.281,65
756.343,66
756.404,66
756.466,69
756.528,67
756.59,64
756.652,58
756.714,52
756.776,52
756.838,49
756.9,58
756.962,66
757.024,78
757.085,85
757.147,92
757.209,95
757.271,96
757.333,101
757.395,101
757.457,91
757.519,74
757.581,69
757.643,61
757.705,58
757.767,56
757.829,54
757.891,49
757.953,46
758.014,43
758.076,42
758.138,37
758.2,36
758.262,35
758.324,27
758.386,39
758.448,49
758.51,60
758.572,76
758.634,84
758.696,83
758.758,80
758.82,76
758.882,66
758.944,62
759.006,56
759.068,49
759.13,48
759.192,48
759.254,48
759.316,44
759.378,46
759.44,60
759.502,68
759.564,80
759.626,79
759.688,81
759.75,79
759.812,77
759.874,71
759.936,69
759.998,67
760.06,58
760.122,62
760.184,65
760.247,76
760.309,87
760.371,90
760.433,84
760.495,76
760.557,74
760.619,73
760.681,75
760.743,77
760.805,74
760.867,74
760.929,72
760.991,77
761.053,81
761.115,80
761.178,81
761.24,85
761.302,86
761.364,78
761.426,79
761.488,75
761.55,64
761.612,56
761.674,49
761.736,46
761.799,41
761.861,41
761.923,40
761.985,49
762.047,56
762.109,75
762.171,83
762.233,77
762.296,77
762.358,77
762.42,84
762.482,91
762.544,96
762.606,101
762.668,90
762.731,89
762.793,79
762.855,68
762.917,64
762.979,60
763.041,57
763.103,61
763.166,74
763.228,87
763.29,103
763.352,118
763.414,123
763.477,124
763.539,124
763.601,123
763.663,108
763.725,99
763.787,82
763.85,76
763.912,70
763.974,70
764.036,70
764.098,70
764.161,76
764.223,72
764.285,75
764.347,70
764.41,67
764.472,70
764.534,72
764.596,72
764.658,76
764.721,77
764.783,90
764.845,80
764.907,79
764.97,80
765.032,72
765.094,68
765.156,68
765.219,67
765.281,75
765.343,72
765.405,69
765.468,73
765.53,79
765.592,89
765.654,89
765.717,86
765.779,82
765.841,89
765.904,86
765.966,92
766.028,83
766.09,81
766.153,93
766.215,92
766.277,100
766.34,106
766.402,100
766.464,97
766.527,93
766.589,87
766.651,78
766.713,70
766.776,57
766.838,48
766.9,49
766.963,53
767.025,64
767.087,61
767.15,62
767.212,66
767.274,64
767.337,68
767.399,66
767.461,71
767.524,66
767.586,57
767.648,61
767.711,58
767.773,51
767.836,53
767.898,54
767.96,55
768.023,49
768.085,50
768.147,50
768.21,50
768.272,58
768.335,62
768.397,58
768.459,61
768.522,62
768.584,69
768.646,70
768.709,68
768.771,66
768.834,67
768.896,69
768.958,65
769.021,70
769.083,64
769.146,67
769.208,72
769.271,75
769.333,74
769.395,74
769.458,70
769.52,69
769.583,65
769.645,59
769.708,48
769.77,34
769.832,24
769.895,24
769.957,27
770.02,29
770.082,41
770.145,50
770.207,56
770.27,71
770.332,86
770.395,91
770.457,110
770.519,121
770.582,114
770.644,101
770.707,87
770.769,69
770.832,54
770.894,60
770.957,54
771.019,56
771.082,51
771.144,50
771.207,51
771.269,46
771.332,52
771.394,54
771.457,59
771.519,65
771.582,68
771.644,77
771.707,83
771.769,86
771.832,87
771.895,87
771.957,84
772.02,76
772.082,74
772.145,71
772.207,67
772.27,70
772.332,75
772.395,74
772.457,83
772.52,81
772.582,81
772.645,82
772.708,87
772.77,82
772.833,68
772.895,60
772.958,47
773.02,40
773.083,32
773.146,36
773.208,41
773.271,50
773.333,52
773.396,53
773.459,42
773.521,37
773.584,39
773.646,33
773.709,30
773.772,28
773.834,25
773.897,27
773.959,27
774.022,25
774.085,22
774.147,37
774.21,48
774.272,58
774.335,86
774.398,98
774.46,99
774.523,102
774.586,97
774.648,82
774.711,79
774.774,79
774.836,67
774.899,59
774.962,52
775.024,39
775.087,33
775.149,39
775.212,40
775.275,52
775.337,58
775.4,69
775.463,80
775.525,85
775.588,100
775.651,97
775.714,91
775.776,76
775.839,70
775.902,70
775.964,60
776.027,64
776.09,62
776.152,59
776.215,61
776.278,67
776.341,70
776.403,73
776.466,83
776.529,83
776.591,90
776.654,90
776.717,91
776.78,90
776.842,81
776.905,88
776.968,76
777.031,70
777.093,75
777.156,72
777.219,68
777.281,66
777.344,78
777.407,84
777.47,90
777.533,97
777.595,108
777.658,108
777.721,101
777.784,93
777.846,69
777.909,72
777.972,74
778.035,72
778.097,83
778.16,78
778.223,80
778.286,78
778.349,74
778.411,70
778.474,70
778.537,74
778.6,72
778.663,66
778.725,61
778.788,56
778.851,45
778.914,48
778.977,51
779.039,55
779.102,63
779.165,71
779.228,76
779.291,86
779.354,99
779.416,96
779.479,91
779.542,89
779.605,83
779.668,79
779.731,77
779.794,77
779.856,73
779.919,68
779.982,65
780.045,65
780.108,72
780.171,78
780.234,79
780.296,79
780.359,72
780.422,80
780.485,91
780.548,107
780.611,109
780.674,118
780.737,117
780.8,119
780.862,114
780.925,108
780.988,101
781.051,99
781.114,111
781.177,108
781.24,118
781.303,120
781.366,124
781.429,126
781.491,133
781.554,129
781.617,123
781.68,114
781.743,102
781.806,88
781.869,85
781.932,88
781.995,87
782.058,93
782.121,93
782.184,90
782.247,84
782.31,83
782.373,78
782.436,77
782.499,73
782.562,75
782.625,76
782.687,77
782.75,79
782.813,79
782.876,70
782.939,72
783.002,72
783.065,74
783.128,76
783.191,81
783.254,81
783.317,79
783.38,79
783.443,89
783.506,112
783.569,126
783.632,129
783.695,120
783.758,109
783.821,105
783.884,102
783.947,95
784.01,84
784.073,77
784.136,67
784.2,69
784.263,77
784.326,81
784.389,87
784.452,102
784.515,105
784.578,103
784.641,108
784.704,101
784.767,97
784.83,89
784.893,88
784.956,80
785.019,80
785.082,84
785.145,83
785.208,84
785.271,88
785.335,88
785.398,87
785.461,77
785.524,74
785.587,69
785.65,72
785.713,75
785.776,80
785.839,80
785.902,88
785.965,92
786.029,94
786.092,95
786.155,96
786.218,97
786.281,94
786.344,94
786.407,95
786.47,86
786.533,77
786.597,78
786.66,72
786.723,77
786.786,75
786.849,72
786.912,63
786.975,54
787.039,52
787.102,48
787.165,52
787.228,57
787.291,68
787.354,79
787.418,89
787.481,91
787.544,85
787.607,79
787.67,76
787.733,74
787.797,63
787.86,55
787.923,57
787.986,53
788.049,54
788.112,60
788.176,58
788.239,58
788.302,62
788.365,61
788.428,60
788.492,61
788.555,68
788.618,75
788.681,85
788.745,91
788.808,87
788.871,98
788.934,83
788.997,83
789.061,79
789.124,74
789.187,87
789.25,86
789.314,96
789.377,95
789.44,88
789.503,91
789.567,84
789.63,85
789.693,78
789.756,76
789.82,71
789.883,64
789.946,59
790.009,56
790.073,60
790.136,62
790.199,68
790.262,75
790.326,74
790.389,88
790.452,94
790.516,96
790.579,90
790.642,91
790.705,80
790.769,78
790.832,77
790.895,68
790.959,67
791.022,62
791.085,64
791.149,61
791.212,66
791.275,70
791.339,75
791.402,74
791.465,71
791.529,73
791.592,70
791.655,75
791.719,74
791.782,73
791.845,74
791.909,75
791.972,77
792.035,80
792.099,83
792.162,76
792.225,82
792.289,88
792.352,95
792.415,100
792.479,116
792.542,102
792.606,87
792.669,81
792.732,71
792.796,68
792.859,64
792.922,62
792.986,51
793.049,56
793.113,52
793.176,50
793.239,54
793.303,54
793.366,61
793.43,74
793.493,80
793.556,86
793.62,94
793.683,92
793.747,86
793.81,77
793.874,60
793.937,54
794,50
794.064,53
794.127,56
794.191,45
794.254,45
794.318,45
794.381,44
794.445,53
794.508,61
794.571,69
794.635,70
794.698,75
794.762,77
794.825,78
794.889,76
794.952,75
795.016,66
795.079,69
795.143,78
795.206,75
795.27,76
795.333,75
795.397,64
795.46,60
795.524,56
795.587,50
795.651,47
795.714,48
795.778,47
795.841,41
795.905,40
795.968,39
796.032,37
796.095,43
796.159,50
796.222,55
796.286,69
796.349,75
796.413,79
796.476,80
796.54,80
796.603,78
796.667,75
796.73,78
796.794,62
796.857,57
796.921,56
796.985,51
797.048,54
797.112,50
797.175,48
797.239,47
797.302,51
797.366,55
797.429,57
797.493,57
797.557,58
797.62,65
797.684,65
797.747,72
797.811,70
797.875,75
797.938,74
798.002,77
798.065,73
798.129,77
798.192,83
798.256,91
798.32,97
798.383,105
798.447,107
798.511,110
798.574,115
798.638,111
798.701,100
798.765,87
798.829,79
798.892,84
798.956,85
799.02,71
799.083,71
799.147,71
799.21,69
799.274,72
799.338,64
799.401,62
799.465,65
799.529,64
799.592,64
799.656,71
799.72,80
799.783,95
799.847,96
799.911,87
799.974,82
800.038,70
800.102,69
800.165,81
800.229,94
800.293,94
800.356,104
800.42,103
800.484,102
800.547,101
800.611,95
800.675,91
800.739,72
800.802,66
800.866,58
800.93,54
800.993,52
801.057,55
801.121,54
801.185,55
801.248,59
801.312,62
801.376,77
801.439,77
801.503,71
801.567,64
801.631,57
801.694,55
801.758,52
801.822,50
801.886,44
801.949,51
802.013,57
802.077,62
802.141,60
802.204,59
802.268,69
802.332,71
802.396,80
802.459,88
802.523,86
802.587,84
802.651,76
802.715,83
802.778,81
802.842,80
802.906,89
802.97,86
803.034,89
803.097,91
803.161,91
803.225,91
803.289,97
803.353,106
803.416,114
803.48,111
803.544,113
803.608,105
803.672,97
803.735,97
803.799,94
803.863,89
803.927,78
803.991,78
804.055,74
804.118,72
804.182,68
804.246,73
804.31,77
804.374,89
804.438,90
804.502,87
804.565,88
804.629,81
804.693,77
804.757,73
804.821,73
804.885,76
804.949,89
805.012,90
805.076,83
805.14,82
805.204,75
805.268,72
805.332,75
805.396,75
805.46,72
805.524,75
805.587,78
805.651,71
805.715,68
805.779,62
805.843,48
805.907,39
805.971,35
806.035,34
806.099,31
806.163,35
806.227,34
806.291,41
806.354,48
806.418,59
806.482,64
806.546,75
806.61,69
806.674,59
806.738,57
806.802,47
806.866,46
806.93,42
806.994,34
807.058,27
807.122,30
807.186,33
807.25,44
807.314,47
807.378,57
807.442,64
807.506,66
807.57,71
807.634,68
807.698,68
807.762,63
807.826,65
807.889,67
807.953,51
808.017,46
808.081,53
808.145,57
808.209,65
808.273,74
808.337,80
808.402,84
808.466,90
808.53,97
808.594,100
808.658,98
808.722,99
808.786,88
808.85,73
808.914,61
808.978,60
809.042,55
809.106,54
809.17,52
809.234,57
809.298,63
809.362,70
809.426,78
809.49,93
809.554,105
809.618,101
809.682,103
809.746,92
809.81,79
809.874,75
809.939,69
810.003,58
810.067,58
810.131,64
810.195,61
810.259,69
810.323,71
810.387,67
810.451,60
810.515,58
810.579,52
810.644,48
810.708,47
810.772,39
810.836,33
810.9,40
810.964,41
811.028,47
811.092,55
811.156,51
811.221,52
811.285,52
811.349,45
811.413,53
811.477,58
811.541,64
811.605,78
811.669,84
811.734,86
811.798,92
811.862,94
811.926,80
811.99,78
812.054,77
812.119,59
812.183,62
812.247,66
812.311,64
812.375,62
812.439,70
812.504,84
812.568,97
812.632,110
812.696,107
812.76,95
812.824,83
812.889,70
812.953,73
813.017,76
813.081,80
813.145,74
813.21,69
813.274,70
813.338,62
813.402,63
813.466,58
813.531,67
813.595,70
813.659,73
813.723,74
813.788,71
813.852,69
813.916,74
813.98,61
814.045,48
814.109,38
814.173,29
814.237,30
814.302,33
814.366,49
814.43,54
814.494,64
814.559,69
814.623,72
814.687,75
814.751,71
814.816,64
814.88,56
814.944,49
815.008,52
815.073,51
815.137,57
815.201,65
815.266,66
815.33,62
815.394,62
815.458,58
815.523,63
815.587,71
815.651,73
815.716,66
815.78,62
815.844,55
815.909,52
815.973,45
816.037,42
816.101,44
816.166,43
816.23,48
816.294,60
816.359,74
816.423,82
816.487,103
816.552,113
816.616,117
816.68,114
816.745,112
816.809,102
816.874,96
816.938,85
817.002,75
817.067,70
817.131,75
817.195,76
817.26,76
817.324,82
817.388,88
817.453,92
817.517,90
817.582,90
817.646,86
817.71,79
817.775,74
817.839,61
817.903,55
817.968,53
818.032,56
818.097,59
818.161,60
818.225,61
818.29,62
818.354,58
818.419,62
818.483,63
818.548,67
818.612,61
818.676,58
818.741,56
818.805,48
818.87,50
818.934,50
818.999,48
819.063,55
819.127,55
819.192,52
819.256,53
819.321,56
819.385,54
819.45,53
819.514,53
819.579,65
819.643,65
819.707,68
819.772,59
819.836,46
819.901,51
819.965,51
820.03,60
820.094,70
820.159,74
820.223,77
820.288,75
820.352,71
820.417,62
820.481,52
820.546,52
820.61,44
820.675,41
820.739,41
820.804,47
820.868,46
820.933,42
820.997,42
821.062,35
821.126,35
821.191,37
821.255,39
821.32,43
821.384,54
821.449,61
821.514,60
821.578,70
821.643,64
821.707,58
821.772,56
821.836,50
821.901,49
821.965,50
822.03,59
822.094,53
822.159,52
822.224,50
822.288,45
822.353,35
822.417,29
822.482,31
822.546,33
822.611,43
822.676,47
822.74,53
822.805,54
822.869,63
822.934,72
822.999,76
823.063,75
823.128,73
823.192,69
823.257,65
823.322,61
823.386,59
823.451,58
823.515,60
823.58,64
823.645,56
823.709,58
823.774,54
823.839,60
823.903,51
823.968,47
824.032,47
824.097,45
824.162,54
824.226,60
824.291,74
824.356,80
824.42,87
824.485,84
824.55,81
824.614,82
824.679,84
824.744,85
824.808,75
824.873,64
824.938,55
825.002,46
825.067,51
825.132,55
825.196,59
825.261,63
825.326,68
825.39,71
825.455,70
825.52,72
825.584,68
825.649,67
825.714,66
825.779,61
825.843,57
825.908,57
825.973,60
826.037,52
826.102,55
826.167,60
826.232,70
826.296,74
826.361,73
826.426,73
826.49,71
826.555,65
826.62,65
826.685,63
826.749,53
826.814,45
826.879,38
826.944,43
827.008,42
827.073,49
827.138,49
827.203,45
827.268,45
827.332,51
827.397,56
827.462,63
827.527,68
827.591,72
827.656,75
827.721,74
827.786,77
827.851,72
827.915,65
827.98,59
828.045,56
828.11,45
828.174,37
828.239,32
828.304,27
828.369,25
828.434,29
828.499,39
828.563,50
828.628,57
828.693,66
828.758,65
828.823,64
828.887,54
828.952,52
829.017,55
829.082,58
829.147,73
829.212,69
829.276,64
829.341,64
829.406,59
829.471,59
829.536,61
829.601,52
829.666,40
829.73,38
829.795,38
829.86,37
829.925,35
829.99,43
830.055,37
830.12,34
830.185,34
830.249,31
830.314,36
830.379,43
830.444,50
830.509,55
830.574,55
830.639,49
830.704,51
830.769,55
830.834,60
830.898,68
830.963,74
831.028,75
831.093,83
831.158,89
831.223,90
831.288,83
831.353,83
831.418,67
831.483,62
831.548,61
831.613,52
831.678,51
831.742,44
831.807,41
831.872,36
831.937,36
832.002,37
832.067,36
832.132,37
832.197,38
832.262,34
832.327,37
832.392,43
832.457,52
832.522,59
832.587,62
832.652,63
832.717,62
832.782,61
832.847,66
832.912,65
832.977,55
833.042,48
833.107,46
833.172,51
833.237,53
833.302,55
833.367,59
833.432,54
833.497,56
833.562,53
833.627,56
833.692,51
833.757,47
833.822,35
833.887,37
833.952,41
834.017,44
834.082,41
834.147,39
834.212,42
834.277,43
834.342,51
834.407,65
834.472,70
834.537,71
834.602,79
834.668,70
834.733,68
834.798,68
834.863,76
834.928,73
834.993,70
835.058,70
835.123,69
835.188,71
835.253,71
835.318,75
835.383,77
835.448,78
835.514,76
835.579,72
835.644,67
835.709,65
835.774,65
835.839,65
835.904,63
835.969,65
836.034,66
836.099,65
836.165,69
836.23,69
836.295,70
836.36,74
836.425,78
836.49,81
836.555,89
836.62,89
836.686,83
836.751,82
836.816,81
836.881,87
836.946,86
837.011,87
837.077,86
837.142,87
837.207,91
837.272,89
837.337,88
837.402,89
837.467,90
837.533,90
837.598,84
837.663,76
837.728,75
837.793,71
837.859,65
837.924,67
837.989,63
838.054,62
838.119,66
838.185,70
838.25,68
838.315,69
838.38,75
838.445,76
838.511,81
838.576,76
838.641,71
838.706,72
838.771,69
838.837,66
838.902,65
838.967,64
839.032,62
839.098,64
839.163,61
839.228,60
839.293,52
839.359,57
839.424,59
839.489,63
839.554,61
839.62,52
839.685,55
839.75,61
839.815,68
839.881,71
839.946,68
840.011,67
840.076,65
840.142,65
840.207,65
840.272,69
840.337,68
840.403,70
840.468,75
840.533,71
840.599,70
840.664,78
840.729,84
840.795,102
840.86,122
840.925,113
840.99,101
841.056,81
841.121,60
841.186,49
841.252,42
841.317,38
841.382,31
841.448,32
841.513,45
841.578,56
841.644,76
841.709,96
841.774,106
841.84,118
841.905,125
841.97,113
842.036,102
842.101,91
842.166,78
842.232,81
842.297,83
842.362,83
842.428,90
842.493,116
842.559,126
842.624,134
842.689,131
842.755,130
842.82,131
842.885,125
842.951,132
843.016,113
843.082,99
843.147,92
843.212,82
843.278,87
843.343,90
843.409,100
843.474,108
843.539,103
843.605,90
843.67,79
843.736,66
843.801,65
843.867,67
843.932,67
843.997,63
844.063,67
844.128,75
844.194,86
844.259,100
844.325,89
844.39,88
844.455,83
844.521,74
844.586,77
844.652,72
844.717,69
844.783,77
844.848,74
844.914,67
844.979,63
845.045,50
845.11,52
845.175,51
845.241,49
845.306,52
845.372,63
845.437,69
845.503,80
845.568,88
845.634,87
845.699,80
845.765,72
845.83,68
845.896,58
845.961,65
846.027,67
846.092,67
846.158,68
846.223,77
846.289,79
846.354,92
846.42,93
846.485,79
846.551,76
846.617,72
846.682,62
846.748,54
846.813,46
846.879,40
846.944,46
847.01,47
847.075,50
847.141,61
847.206,67
847.272,80
847.338,103
847.403,110
847.469,111
847.534,111
847.6,104
847.665,89
847.731,79
847.797,69
847.862,58
847.928,46
847.993,48
848.059,40
848.124,43
848.19,49
848.256,45
848.321,55
848.387,57
848.452,61
848.518,67
848.584,70
848.649,66
848.715,70
848.78,65
848.846,52
848.912,41
848.977,41
849.043,40
849.109,39
849.174,37
849.24,33
849.305,29
849.371,33
849.437,39
849.502,36
849.568,43
849.634,37
849.699,37
849.765,37
849.831,32
849.896,34
849.962,33
850.028,36
850.093,43
850.159,52
850.225,63
850.29,80
850.356,77
850.422,77
850.487,74
850.553,63
850.619,65
850.684,59
850.75,64
850.816,65
850.881,67
850.947,60
851.013,57
851.079,45
851.144,45
851.21,43
851.276,44
851.341,45
851.407,50
851.473,63
851.539,63
851.604,66
851.67,63
851.736,60
851.801,49
851.867,40
851.933,41
851.999,34
852.064,40
852.13,54
852.196,64
852.262,62
852.327,69
852.393,72
852.459,72
852.525,78
852.59,86
852.656,90
852.722,86
852.788,78
852.854,64
852.919,60
852.985,59
853.051,59
853.117,58
853.182,50
853.248,57
853.314,56
853.38,54
853.446,50
853.511,52
853.577,58
853.643,67
853.709,77
853.775,77
853.84,78
853.906,74
853.972,63
854.038,64
854.104,57
854.17,64
854.235,61
854.301,66
854.367,78
854.433,77
854.499,85
854.565,86
854.63,79
854.696,75
854.762,73
854.828,69
854.894,67
854.96,62
855.026,53
855.091,52
855.157,57
855.223,60
855.289,58
855.355,54
855.421,49
855.487,46
855.553,57
855.618,61
855.684,67
855.75,67
855.816,66
855.882,67
855.948,63
856.014,70
856.08,62
856.146,72
856.211,72
856.277,77
856.343,93
856.409,92
856.475,91
856.541,92
856.607,94
856.673,101
856.739,112
856.805,122
856.871,119
856.937,114
857.003,106
857.068,88
857.134,70
857.2,65
857.266,68
857.332,66
857.398,63
857.464,64
857.53,67
857.596,75
857.662,77
857.728,77
857.794,76
857.86,69
857.926,70
857.992,62
858.058,51
858.124,43
858.19,42
858.256,53
858.322,57
858.388,58
858.454,72
858.52,83
858.586,87
858.652,95
858.718,104
858.784,99
858.85,96
858.916,98
858.982,85
859.048,81
859.114,82
859.18,78
859.246,66
859.312,69
859.378,72
859.444,71
859.51,78
859.576,77
859.642,78
859.708,70
859.774,64
859.84,60
859.906,58
859.972,59
860.038,56
860.104,60
860.17,69
860.237,73
860.303,85
860.369,94
860.435,98
860.501,87
860.567,79
860.633,66
860.699,55
860.765,49
860.831,44
860.897,33
860.963,27
861.029,26
861.096,26
861.162,32
861.228,36
861.294,46
861.36,44
861.426,54
861.492,65
861.558,84
861.624,99
861.691,104
861.757,112
861.823,112
861.889,119
861.955,109
862.021,92
862.087,82
862.153,61
862.22,57
862.286,58
862.352,72
862.418,79
862.484,77
862.55,83
862.616,84
862.683,93
862.749,96
862.815,92
862.881,87
862.947,79
863.013,78
863.08,73
863.146,68
863.212,53
863.278,56
863.344,56
863.411,63
863.477,73
863.543,72
863.609,78
863.675,80
863.742,80
863.808,79
863.874,77
863.94,67
864.006,76
864.073,76
864.139,81
864.205,83
864.271,72
864.337,74
864.404,75
864.47,72
864.536,71
864.602,76
864.669,70
864.735,74
864.801,70
864.867,61
864.934,61
865,55
865.066,55
865.132,47
865.199,43
865.265,41
865.331,40
865.397,49
865.464,57
865.53,63
865.596,72
865.662,76
865.729,79
865.795,90
865.861,89
865.928,84
865.994,82
866.06,72
866.126,71
866.193,65
866.259,59
866.325,54
866.392,38
866.458,42
866.524,39
866.591,45
866.657,51
866.723,46
866.789,39
866.856,35
866.922,33
866.988,35
867.055,39
867.121,43
867.187,50
867.254,54
867.32,60
867.386,63
867.453,61
867.519,61
867.585,60
867.652,61
867.718,56
867.785,52
867.851,49
867.917,48
867.984,43
868.05,47
868.116,46
868.183,48
868.249,60
868.315,67
868.382,77
868.448,77
868.515,80
868.581,72
868.647,67
868.714,60
868.78,50
868.847,48
868.913,48
868.979,50
869.046,47
869.112,54
869.179,65
869.245,58
869.311,54
869.378,53
869.444,44
869.511,48
869.577,54
869.644,54
869.71,49
869.776,44
869.843,46
869.909,53
869.976,75
870.042,82
870.109,93
870.175,102
870.242,98
870.308,98
870.374,92
870.441,86
870.507,71
870.574,58
870.64,63
870.707,65
870.773,70
870.84,70
870.906,71
870.973,74
871.039,72
871.106,76
871.172,72
871.239,71
871.305,67
871.372,70
871.438,62
871.505,62
871.571,64
871.638,64
871.704,62
871.771,64
871.837,71
871.904,76
871.97,73
872.037,57
872.103,42
872.17,32
872.236,33
872.303,34
872.369,34
872.436,35
872.502,34
872.569,36
872.635,41
872.702,52
872.769,60
872.835,61
872.902,60
872.968,53
873.035,47
873.101,44
873.168,44
873.234,50
873.301,59
873.368,65
873.434,77
873.501,87
873.567,97
873.634,98
873.701,97
873.767,94
873.834,87
873.9,82
873.967,82
874.033,87
874.1,79
874.167,77
874.233,76
874.3,76
874.367,75
874.433,67
874.5,64
874.566,51
874.633,47
874.7,44
874.766,39
874.833,40
874.9,39
874.966,40
875.033,41
875.099,41
875.166,43
875.233,50
875.299,55
875.366,66
875.433,70
875.499,65
875.566,62
875.633,54
875.699,53
875.766,52
875.833,54
875.899,59
875.966,64
876.033,69
876.099,79
876.166,74
876.233,69
876.299,75
876.366,71
876.433,78
876.499,83
876.566,78
876.633,84
876.7,89
876.766,83
876.833,86
876.9,85
876.966,83
877.033,75
877.1,65
877.167,63
877.233,58
877.3,58
877.367,56
877.433,58
877.5,59
877.567,55
877.634,60
877.7,60
877.767,54
877.834,48
877.901,46
877.967,40
878.034,41
878.101,43
878.168,41
878.234,40
878.301,32
878.368,29
878.435,27
878.501,26
878.568,25
878.635,25
878.702,25
878.769,21
878.835,22
878.902,33
878.969,33
879.036,36
879.102,45
879.169,50
879.236,59
879.303,67
879.37,77
879.437,78
879.503,85
879.57,88
879.637,84
879.704,69
879.771,62
879.837,66
879.904,56
879.971,52
880.038,52
880.105,47
880.172,45
880.238,55
880.305,60
880.372,60
880.439,64
880.506,76
880.573,73
880.639,76
880.706,75
880.773,75
880.84,70
880.907,64
880.974,58
881.041,55
881.108,60
881.174,58
881.241,60
881.308,63
881.375,66
881.442,68
881.509,83
881.576,92
881.643,95
881.709,102
881.776,94
881.843,82
881.91,79
881.977,75
882.044,63
882.111,65
882.178,63
882.245,60
882.312,55
882.379,61
882.445,66
882.512,66
882.579,69
882.646,65
882.713,61
882.78,58
882.847,64
882.914,63
882.981,56
883.048,53
883.115,39
883.182,29
883.249,33
883.316,40
883.383,44
883.45,51
883.517,55
883.584,50
883.651,54
883.718,54
883.784,54
883.851,57
883.918,55
883.985,64
884.052,63
884.119,67
884.186,67
884.253,61
884.32,63
884.387,63
884.454,62
884.521,49
884.588,48
884.655,54
884.722,65
884.789,75
884.856,82
884.923,77
884.99,77
885.057,86
885.125,76
885.192,78
885.259,77
885.326,66
885.393,56
885.46,54
885.527,53
885.594,49
885.661,52
885.728,52
885.795,57
885.862,56
885.929,58
885.996,58
886.063,56
886.13,68
886.197,64
886.264,61
886.331,53
886.399,48
886.466,56
886.533,66
886.6,66
886.667,63
886.734,68
886.801,68
886.868,65
886.935,63
887.002,64
887.069,61
887.136,60
887.204,60
887.271,53
887.338,55
887.405,58
887.472,65
887.539,63
887.606,58
887.673,59
887.741,57
887.808,52
887.875,46
887.942,41
888.009,33
888.076,33
888.143,35
888.211,37
888.278,43
888.345,53
888.412,52
888.479,61
888.546,60
888.613,58
888.681,58
888.748,58
888.815,55
888.882,46
888.949,44
889.016,35
889.084,42
889.151,45
889.218,44
889.285,51
889.352,53
889.42,59
889.487,63
889.554,67
889.621,69
889.688,72
889.756,78
889.823,90
889.89,90
889.957,84
890.024,78
890.092,72
890.159,72
890.226,81
890.293,90
890.36,89
890.428,91
890.495,90
890.562,89
890.629,90
890.697,87
890.764,84
890.831,82
890.898,87
890.966,76
891.033,80
891.1,79
891.167,73
891.235,73
891.302,75
891.369,71
891.436,74
891.504,73
891.571,68
891.638,69
891.706,64
891.773,56
891.84,51
891.907,44
891.975,41
892.042,37
892.109,41
892.177,47
892.244,55
892.311,65
892.378,75
892.446,87
892.513,89
892.58,92
892.648,92
892.715,81
892.782,81
892.85,77
892.917,66
892.984,63
893.052,60
893.119,56
893.186,59
893.254,56
893.321,58
893.388,69
893.456,75
893.523,74
893.59,88
893.658,83
893.725,72
893.792,63
893.86,56
893.927,52
893.995,47
894.062,53
894.129,46
894.197,48
894.264,56
894.331,61
894.399,62
894.466,79
894.534,81
894.601,77
894.668,81
894.736,70
894.803,62
894.871,55
894.938,56
895.005,56
895.073,62
895.14,70
895.208,69
895.275,65
895.342,69
895.41,72
895.477,71
895.545,82
895.612,84
895.68,85
895.747,85
895.814,83
895.882,75
895.949,62
896.017,50
896.084,45
896.152,40
896.219,38
896.287,36
896.354,39
896.421,40
896.489,44
896.556,40
896.624,38
896.691,38
896.759,35
896.826,37
896.894,51
896.961,55
897.029,54
897.096,59
897.164,52
897.231,49
897.299,56
897.366,55
897.434,76
897.501,96
897.569,112
897.636,121
897.704,131
897.771,121
897.839,118
897.906,116
897.974,96
898.041,85
898.109,80
898.176,76
898.244,73
898.311,77
898.379,76
898.446,81
898.514,80
898.582,74
898.649,70
898.717,62
898.784,56
898.852,46
898.919,44
898.987,38
899.054,46
899.122,52
899.19,52
899.257,47
899.325,46
899.392,41
899.46,39
899.527,42
899.595,33
899.663,29
899.73,28
899.798,31
899.865,28
899.933,26
900.001,26
900.068,24
900.136,27
900.203,33
900.271,44
900.339,53
900.406,70
900.474,70
900.541,74
900.609,86
900.677,77
900.744,71
900.812,66
900.879,60
900.947,57
901.015,63
901.082,65
901.15,62
901.218,60
901.285,62
901.353,62
901.421,61
901.488,65
901.556,61
901.624,59
901.691,54
901.759,50
901.827,54
901.894,53
901.962,55
902.03,44
902.097,46
902.165,49
902.233,52
902.3,51
902.368,50
902.436,55
902.503,61
902.571,60
902.639,64
902.706,59
902.774,62
902.842,68
902.91,62
902.977,56
903.045,48
903.113,44
903.18,43
903.248,44
903.316,43
903.384,41
903.451,45
903.519,45
903.587,48
903.655,48
903.722,47
903.79,48
903.858,47
903.925,42
903.993,36
904.061,37
904.129,32
904.196,35
904.264,32
904.332,34
904.4,43
904.468,46
904.535,54
904.603,59
904.671,58
904.739,53
904.806,55
904.874,59
904.942,63
905.01,76
905.078,78
905.145,78
905.213,76
905.281,71
905.349,67
905.417,74
905.484,82
905.552,79
905.62,70
905.688,63
905.756,60
905.823,62
905.891,66
905.959,71
906.027,66
906.095,75
906.163,73
906.23,68
906.298,66
906.366,67
906.434,65
906.502,62
906.57,66
906.637,58
906.705,61
906.773,57
906.841,52
906.909,50
906.977,52
907.045,54
907.112,57
907.18,58
907.248,53
907.316,50
907.384,45
907.452,48
907.52,50
907.588,50
907.655,57
907.723,52
907.791,53
907.859,57
907.927,53
907.995,57
908.063,57
908.131,55
908.199,52
908.267,48
908.334,53
908.402,55
908.47,55
908.538,56
908.606,56
908.674,56
908.742,64
908.81,59
908.878,60
908.946,57
909.014,60
909.082,67
909.15,69
909.218,73
909.285,77
909.353,83
909.421,89
909.489,90
909.557,83
909.625,74
909.693,68
909.761,62
909.829,61
909.897,67
909.965,60
910.033,60
910.101,67
910.169,67
910.237,72
910.305,77
910.373,74
910.441,76
910.509,77
910.577,75
910.645,71
910.713,61
910.781,58
910.849,49
910.917,50
910.985,44
911.053,38
911.121,41
911.189,28
911.257,31
911.325,29
911.393,31
911.461,34
911.529,40
911.597,40
911.665,43
911.733,46
911.801,48
911.869,55
911.938,51
912.006,50
912.074,43
912.142,40
912.21,42
912.278,45
912.346,53
912.414,52
912.482,57
912.55,63
912.618,59
912.686,60
912.754,63
912.822,59
912.89,61
912.959,62
913.027,57
913.095,50
913.163,47
913.231,48
913.299,48
913.367,56
913.435,71
913.503,81
913.571,84
913.64,87
913.708,87
913.776,83
913.844,74
913.912,67
913.98,61
914.048,57
914.116,60
914.185,61
914.253,61
914.321,61
914.389,58
914.457,53
914.525,54
914.593,55
914.662,50
914.73,52
914.798,45
914.866,41
914.934,44
915.002,38
915.071,45
915.139,43
915.207,41
915.275,36
915.343,31
915.411,39
915.48,54
915.548,64
915.616,75
915.684,71
915.752,70
915.821,79
915.889,76
915.957,72
916.025,68
916.093,58
916.162,50
916.23,54
916.298,57
916.366,67
916.435,79
916.503,92
916.571,99
916.639,98
916.707,110
916.776,101
916.844,100
916.912,96
916.98,94
917.049,102
917.117,101
917.185,95
917.253,85
917.322,78
917.39,78
917.458,71
917.526,77
917.595,71
917.663,71
917.731,64
917.799,58
917.868,53
917.936,54
918.004,49
918.073,50
918.141,51
918.209,52
918.277,52
918.346,56
918.414,60
918.482,66
918.551,68
918.619,76
918.687,72
918.756,72
918.824,73
918.892,72
918.96,75
919.029,67
919.097,68
919.165,66
919.234,60
919.302,58
919.37,59
919.439,61
919.507,65
919.575,64
919.644,61
919.712,60
919.78,54
919.849,50
919.917,48
919.985,39
920.054,39
920.122,39
920.191,38
920.259,43
920.327,44
920.396,45
920.464,41
920.532,37
920.601,37
920.669,34
920.738,31
920.806,20
920.874,23
920.943,25
921.011,26
921.08,30
921.148,38
921.216,45
921.285,54
921.353,55
921.422,53
921.49,52
921.558,48
921.627,43
921.695,40
921.764,37
921.832,30
921.9,32
921.969,38
922.037,47
922.106,52
922.174,63
922.243,64
922.311,63
922.38,65
922.448,61
922.516,66
922.585,66
922.653,65
922.722,57
922.79,58
922.859,66
922.927,69
922.996,64
923.064,63
923.133,60
923.201,58
923.27,55
923.338,58
923.406,55
923.475,62
923.543,54
923.612,49
923.68,48
923.749,40
923.817,40
923.886,35
923.954,36
924.023,37
924.091,49
924.16,56
924.228,61
924.297,63
924.366,63
924.434,64
924.503,59
924.571,64
924.64,58
924.708,52
924.777,42
924.845,37
924.914,40
924.982,39
925.051,38
925.119,37
925.188,39
925.257,36
925.325,40
925.394,35
925.462,50
925.531,54
925.599,58
925.668,65
925.736,72
925.805,69
925.874,64
925.942,60
926.011,49
926.079,49
926.148,50
926.217,49
926.285,53
926.354,54
926.422,59
926.491,61
926.559,60
926.628,65
926.697,69
926.765,67
926.834,66
926.903,69
926.971,71
927.04,74
927.108,85
927.177,80
927.246,84
927.314,89
927.383,87
927.452,90
927.52,99
927.589,100
927.657,103
927.726,92
927.795,78
927.863,59
927.932,43
928.001,38
928.069,34
928.138,38
928.207,26
928.275,25
928.344,23
928.413,24
928.481,27
928.55,32
928.619,39
928.687,40
928.756,49
928.825,51
928.893,47
928.962,48
929.031,44
929.1,45
929.168,50
929.237,55
929.306,61
929.374,75
929.443,87
929.512,91
929.581,95
929.649,89
929.718,79
929.787,71
929.855,64
929.924,67
929.993,64
930.062,72
930.13,61
930.199,56
930.268,57
930.337,53
930.405,59
930.474,59
930.543,66
930.612,71
930.68,71
930.749,76
930.818,73
930.887,75
930.955,76
931.024,73
931.093,66
931.162,56
931.23,41
931.299,44
931.368,47
931.437,53
931.506,58
931.574,52
931.643,44
931.712,42
931.781,37
931.85,42
931.918,42
931.987,44
932.056,52
932.125,58
932.194,64
932.262,69
932.331,71
932.4,72
932.469,75
932.538,65
932.607,59
932.675,49
932.744,46
932.813,46
932.882,44
932.951,51
933.02,54
933.088,57
933.157,63
933.226,65
933.295,65
933.364,65
933.433,57
933.502,53
933.57,49
933.639,42
933.708,34
933.777,30
933.846,33
933.915,31
933.984,44
934.053,42
934.121,42
934.19,43
934.259,38
934.328,42
934.397,35
934.466,37
934.535,41
934.604,51
934.673,59
934.742,66
934.81,72
934.879,71
934.948,71
935.017,73
935.086,68
935.155,60
935.224,55
935.293,46
935.362,41
935.431,46
935.5,50
935.569,53
935.638,58
935.707,58
935.775,59
935.844,61
935.913,56
935.982,54
936.051,55
936.12,53
936.189,54
936.258,57
936.327,59
936.396,53
936.465,60
936.534,57
936.603,53
936.672,39
936.741,32
936.81,29
936.879,33
936.948,36
937.017,35
937.086,37
937.155,39
937.224,40
937.293,47
937.362,49
937.431,51
937.5,55
937.569,60
937.638,66
937.707,62
937.776,58
937.845,53
937.914,50
937.983,46
938.052,41
938.121,32
938.19,32
938.259,37
938.328,41
938.397,45
938.466,43
938.535,47
938.605,49
938.674,50
938.743,51
938.812,50
938.881,46
938.95,39
939.019,43
939.088,51
939.157,49
939.226,54
939.295,54
939.364,61
939.433,64
939.502,70
939.572,73
939.641,67
939.71,67
939.779,64
939.848,61
939.917,63
939.986,59
940.055,65
940.124,64
940.193,59
940.263,68
940.332,66
940.401,68
940.47,74
940.539,71
940.608,69
940.677,61
940.746,51
940.816,39
940.885,31
940.954,33
941.023,41
941.092,38
941.161,37
941.23,37
941.3,35
941.369,41
941.438,47
941.507,55
941.576,59
941.645,67
941.715,66
941.784,66
941.853,64
941.922,58
941.991,52
942.06,49
942.13,50
942.199,51
942.268,54
942.337,51
942.406,60
942.476,56
942.545,50
942.614,48
942.683,45
942.752,37
942.822,34
942.891,41
942.96,45
943.029,50
943.099,53
943.168,51
943.237,52
943.306,50
943.375,48
943.445,53
943.514,48
943.583,50
943.652,42
943.722,38
943.791,41
943.86,41
943.929,46
943.999,40
944.068,34
944.137,37
944.206,40
944.276,44
944.345,51
944.414,56
944.484,69
944.553,76
944.622,77
944.691,78
944.761,67
944.83,62
944.899,51
944.968,41
945.038,40
945.107,46
945.176,55
945.246,64
945.315,69
945.384,62
945.454,61
945.523,61
945.592,67
945.662,69
945.731,62
945.8,50
945.87,43
945.939,39
946.008,38
946.077,32
946.147,33
946.216,36
946.286,43
946.355,53
946.424,58
946.494,68
946.563,66
946.632,65
946.702,75
946.771,76
946.84,75
946.91,71
946.979,79
947.048,71
947.118,75
947.187,73
947.257,81
947.326,75
947.395,70
947.465,72
947.534,60
947.603,60
947.673,53
947.742,52
947.812,48
947.881,53
947.95,54
948.02,55
948.089,63
948.159,70
948.228,80
948.297,88
948.367,106
948.436,100
948.506,88
948.575,78
948.645,67
948.714,64
948.783,58
948.853,54
948.922,40
948.992,41
949.061,36
949.131,29
949.2,29
949.27,29
949.339,36
949.408,43
949.478,49
949.547,52
949.617,59
949.686,52
949.756,46
949.825,44
949.895,39
949.964,38
950.034,40
950.103,37
950.173,35
950.242,36
950.312,35
950.381,36
950.451,35
950.52,42
950.59,40
950.659,42
950.729,41
950.798,41
950.868,49
950.937,45
951.007,40
951.076,33
951.146,28
951.215,29
951.285,31
951.354,36
951.424,31
951.493,26
951.563,23
951.632,23
951.702,25
951.772,28
951.841,30
951.911,32
951.98,34
952.05,40
952.119,44
952.189,47
952.258,52
952.328,44
952.398,41
952.467,38
952.537,38
952.606,38
952.676,37
952.745,34
952.815,30
952.885,36
952.954,47
953.024,49
953.093,51
953.163,46
953.233,47
953.302,46
953.372,44
953.441,49
953.511,52
953.581,66
953.65,71
953.72,79
953.789,72
953.859,73
953.929,74
953.998,73
954.068,70
954.138,66
954.207,63
954.277,53
954.346,44
954.416,35
954.486,37
954.555,36
954.625,38
954.695,45
954.764,50
954.834,63
954.904,72
954.973,75
955.043,79
955.113,68
955.182,62
955.252,58
955.322,61
955.391,64
955.461,65
955.531,68
955.6,73
955.67,73
955.74,76
955.809,82
955.879,78
955.949,74
956.019,68
956.088,61
956.158,51
956.228,46
956.297,42
956.367,38
956.437,33
956.507,42
956.576,47
956.646,50
956.716,55
956.785,50
956.855,52
956.925,50
956.995,53
957.064,47
957.134,52
957.204,57
957.274,56
957.343,57
957.413,59
957.483,54
957.553,48
957.622,49
957.692,49
957.762,51
957.832,54
957.901,52
957.971,46
958.041,42
958.111,45
958.181,52
958.25,55
958.32,58
958.39,66
958.46,69
958.53,70
958.599,66
958.669,63
958.739,56
958.809,50
958.879,49
958.948,41
959.018,36
959.088,37
959.158,35
959.228,40
959.297,41
959.367,43
959.437,45
959.507,44
959.577,46
959.647,45
959.716,46
959.786,46
959.856,45
959.926,42
959.996,48
960.066,51
960.136,62
960.205,69
960.275,74
960.345,75
960.415,81
960.485,82
960.555,84
960.625,88
960.694,82
960.764,78
960.834,75
960.904,76
960.974,72
961.044,70
961.114,72
961.184,63
961.254,56
961.323,52
961.393,50
961.463,42
961.533,34
961.603,27
961.673,27
961.743,27
961.813,31
961.883,35
961.953,35
962.023,37
962.092,36
962.162,34
962.232,30
962.302,30
962.372,31
962.442,29
962.512,36
962.582,39
962.652,42
962.722,52
962.792,70
962.862,71
962.932,72
963.002,68
963.072,65
963.142,62
963.212,60
963.282,58
963.352,47
963.422,49
963.492,54
963.562,51
963.632,52
963.701,52
963.771,54
963.841,53
963.911,48
963.981,45
964.051,49
964.121,58
964.191,64
964.261,60
964.331,53
964.401,51
964.471,55
964.542,54
964.612,51
964.682,51
964.752,41
964.822,49
964.892,53
964.962,58
965.032,59
965.102,67
965.172,64
965.242,64
965.312,60
965.382,56
965.452,61
965.522,67
965.592,74
965.662,69
965.732,69
965.802,62
965.872,57
965.942,57
966.012,54
966.083,51
966.153,44
966.223,46
966.293,49
966.363,49
966.433,49
966.503,48
966.573,45
966.643,44
966.713,45
966.783,47
966.854,43
966.924,45
966.994,46
967.064,40
967.134,38
967.204,40
967.274,49
967.344,45
967.414,46
967.485,49
967.555,51
967.625,58
967.695,56
967.765,51
967.835,44
967.905,42
967.975,41
968.046,39
968.116,39
968.186,35
968.256,38
968.326,44
968.396,44
968.467,50
968.537,50
968.607,50
968.677,48
968.747,45
968.817,52
968.888,48
968.958,55
969.028,60
969.098,60
969.168,72
969.238,85
969.309,85
969.379,76
969.449,67
969.519,51
969.589,43
969.66,39
969.73,33
969.8,22
969.87,20
969.941,24
970.011,24
970.081,27
970.151,22
970.221,23
970.292,23
970.362,20
970.432,24
970.502,24
970.573,25
970.643,28
970.713,37
970.783,35
970.854,41
970.924,42
970.994,44
971.064,48
971.135,48
971.205,54
971.275,61
971.345,64
971.416,62
971.486,62
971.556,55
971.626,62
971.697,57
971.767,51
971.837,50
971.908,41
971.978,41
972.048,38
972.118,38
972.189,39
972.259,45
972.329,53
972.4,62
972.47,61
972.54,58
972.611,55
972.681,45
972.751,45
972.822,43
972.892,39
972.962,35
973.033,30
973.103,29
973.173,29
973.244,29
973.314,33
973.384,38
973.455,43
973.525,47
973.595,49
973.666,50
973.736,45
973.806,46
973.877,49
973.947,46
974.017,45
974.088,43
974.158,53
974.229,51
974.299,52
974.369,59
974.44,55
974.51,64
974.58,74
974.651,72
974.721,74
974.792,75
974.862,82
974.932,85
975.003,73
975.073,62
975.144,53
975.214,46
975.284,45
975.355,48
975.425,44
975.496,43
975.566,41
975.637,40
975.707,43
975.777,43
975.848,45
975.918,48
975.989,52
976.059,49
976.13,46
976.2,48
976.27,55
976.341,55
976.411,50
976.482,47
976.552,42
976.623,47
976.693,50
976.764,51
976.834,44
976.905,41
976.975,41
977.046,38
977.116,41
977.187,39
977.257,45
977.328,39
977.398,33
977.468,27
977.539,27
977.609,32
977.68,40
977.75,45
977.821,44
977.892,43
977.962,40
978.033,39
978.103,43
978.174,45
978.244,46
978.315,46
978.385,45
978.456,48
978.526,53
978.597,54
978.667,56
978.738,52
978.808,44
978.879,43
978.949,42
979.02,39
979.091,42
979.161,34
979.232,33
979.302,35
979.373,34
979.443,34
979.514,33
979.584,37
979.655,40
979.726,49
979.796,59
979.867,62
979.937,69
980.008,63
980.079,50
980.149,43
980.22,32
980.29,37
980.361,36
980.431,39
980.502,31
980.573,32
980.643,34
980.714,32
980.785,32
980.855,31
980.926,30
980.996,31
981.067,40
981.138,48
981.208,59
981.279,68
981.35,83
981.42,83
981.491,84
981.561,80
981.632,69
981.703,65
981.773,62
981.844,60
981.915,57
981.985,52
982.056,51
982.127,51
982.197,61
982.268,76
982.339,81
982.409,91
982.48,97
982.551,98
982.621,94
982.692,82
982.763,75
982.833,66
982.904,70
982.975,71
983.046,65
983.116,58
983.187,59
983.258,58
983.328,68
983.399,77
983.47,81
983.54,82
983.611,87
983.682,95
983.753,90
983.823,79
983.894,61
983.965,53
984.036,58
984.106,60
984.177,62
984.248,58
984.318,58
984.389,55
984.46,50
984.531,42
984.601,34
984.672,32
984.743,27
984.814,30
984.885,37
984.955,47
985.026,60
985.097,67
985.168,72
985.238,70
985.309,73
985.38,77
985.451,78
985.521,80
985.592,80
985.663,79
985.734,81
985.805,80
985.875,73
985.946,65
986.017,58
986.088,56
986.159,47
986.229,39
986.3,32
986.371,26
986.442,27
986.513,31
986.584,38
986.654,44
986.725,49
986.796,51
986.867,48
986.938,41
987.009,37
987.079,42
987.15,43
987.221,51
987.292,56
987.363,62
987.434,65
987.505,67
987.575,67
987.646,77
987.717,86
987.788,92
987.859,80
987.93,68
988.001,57
988.072,43
988.142,39
988.213,29
988.284,26
988.355,29
988.426,40
988.497,55
988.568,66
988.639,66
988.71,64
988.78,55
988.851,53
988.922,57
988.993,63
989.064,70
989.135,65
989.206,57
989.277,46
989.348,40
989.419,39
989.49,48
989.561,51
989.632,64
989.702,69
989.773,64
989.844,62
989.915,50
989.986,47
990.057,41
990.128,43
990.199,37
990.27,35
990.341,39
990.412,46
990.483,52
990.554,57
990.625,65
990.696,73
990.767,76
990.838,73
990.909,69
990.98,63
991.051,68
991.122,64
991.193,64
991.264,58
991.335,51
991.406,55
991.477,55
991.548,52
991.619,50
991.69,45
991.761,40
991.832,38
991.903,36
991.974,31
992.045,34
992.116,38
992.187,42
992.258,47
992.329,51
992.4,59
992.471,55
992.542,49
992.613,48
992.684,46
992.755,48
992.826,55
992.897,61
992.968,59
993.039,65
993.111,65
993.182,61
993.253,62
993.324,63
993.395,61
993.466,72
993.537,84
993.608,82
993.679,75
993.75,75
993.821,77
993.892,73
993.964,67
994.035,58
994.106,58
994.177,61
994.248,62
994.319,60
994.39,56
994.461,63
994.532,59
994.603,55
994.675,63
994.746,52
994.817,49
994.888,48
994.959,46
995.03,43
995.101,53
995.173,50
995.244,40
995.315,45
995.386,49
995.457,54
995.528,59
995.599,60
995.671,57
995.742,51
995.813,42
995.884,36
995.955,34
996.026,36
996.098,38
996.169,35
996.24,39
996.311,47
996.382,52
996.453,61
996.525,58
996.596,58
996.667,56
996.738,47
996.809,44
996.881,42
996.952,47
997.023,49
997.094,52
997.165,55
997.237,52
997.308,55
997.379,58
997.45,62
997.522,68
997.593,77
997.664,75
997.735,72
997.806,69
997.878,56
997.949,53
998.02,49
998.091,41
998.163,44
998.234,44
998.305,48
998.376,64
998.448,62
998.519,59
998.59,55
998.661,39
998.733,33
998.804,36
998.875,37
998.947,43
999.018,59
999.089,55
999.16,52
999.232,55
999.303,45
999.374,44
999.446,43
999.517,34
999.588,28
999.659,28
999.731,27
999.802,26
999.873,23
999.945,27
1000.016,23
1000.087,32
1000.159,31
1000.23,38
1000.301,51
1000.373,48
1000.444,61
1000.515,61
1000.587,55
1000.658,56
1000.729,65
1000.801,67
1000.872,73
1000.943,77
1001.015,63
1001.086,64
1001.157,67
1001.229,66
1001.3,67
1001.371,73
1001.443,73
1001.514,72
1001.585,81
1001.657,75
1001.728,65
1001.8,63
1001.871,63
1001.942,58
1002.014,55
1002.085,59
1002.157,52
1002.228,59
1002.299,58
1002.371,54
1002.442,47
1002.514,46
1002.585,47
1002.656,42
1002.728,51
1002.799,51
1002.871,54
1002.942,57
1003.013,60
1003.085,62
1003.156,70
1003.228,70
1003.299,67
1003.371,71
1003.442,67
1003.513,71
1003.585,67
1003.656,67
1003.728,65
1003.799,65
1003.871,72
1003.942,66
1004.014,63
1004.085,56
1004.157,45
1004.228,47
1004.299,49
1004.371,46
1004.442,44
1004.514,40
1004.585,35
1004.657,36
1004.728,32
1004.8,37
1004.871,39
1004.943,46
1005.014,50
1005.086,49
1005.157,44
1005.229,36
1005.3,29
1005.372,32
1005.443,39
1005.515,38
1005.586,39
1005.658,33
1005.729,28
1005.801,24
1005.872,29
1005.944,27
1006.016,25
1006.087,22
1006.159,19
1006.23,21
1006.302,20
1006.373,26
1006.445,29
1006.516,32
1006.588,37
1006.659,44
1006.731,49
1006.803,51
1006.874,50
1006.946,53
1007.017,54
1007.089,56
1007.16,56
1007.232,52
1007.304,51
1007.375,43
1007.447,41
1007.518,31
1007.59,23
1007.661,21
1007.733,21
1007.805,26
1007.876,33
1007.948,42
1008.019,46
1008.091,49
1008.163,51
1008.234,55
1008.306,56
1008.377,57
1008.449,50
1008.521,46
1008.592,45
1008.664,49
1008.736,55
1008.807,49
1008.879,46
1008.95,41
1009.022,39
1009.094,36
1009.165,36
1009.237,31
1009.309,29
1009.38,25
1009.452,26
1009.524,27
1009.595,22
1009.667,25
1009.739,24
1009.81,28
1009.882,30
1009.954,35
1010.025,34
1010.097,36
1010.169,40
1010.24,35
1010.312,34
1010.384,30
1010.455,29
1010.527,30
1010.599,31
1010.671,28
1010.742,35
1010.814,35
1010.886,33
1010.957,33
1011.029,29
1011.101,37
1011.173,43
1011.244,49
1011.316,55
1011.388,52
1011.459,51
1011.531,51
1011.603,49
1011.675,53
1011.746,53
1011.818,48
1011.89,49
1011.962,47
1012.033,49
1012.105,56
1012.177,54
1012.249,56
1012.32,63
1012.392,59
1012.464,58
1012.536,62
1012.607,58
1012.679,58
1012.751,54
1012.823,51
1012.895,43
1012.966,41
1013.038,39
1013.11,38
1013.182,41
1013.253,39
1013.325,41
1013.397,42
1013.469,49
1013.541,56
1013.612,60
1013.684,56
1013.756,55
1013.828,55
1013.9,60
1013.971,61
1014.043,66
1014.115,71
1014.187,75
1014.259,79
1014.331,80
1014.402,80
1014.474,74
1014.546,70
1014.618,69
1014.69,65
1014.762,60
1014.834,62
1014.905,61
1014.977,56
1015.049,59
1015.121,58
1015.193,48
1015.265,48
1015.337,43
1015.408,44
1015.48,42
1015.552,36
1015.624,31
1015.696,38
1015.768,41
1015.84,45
1015.912,50
1015.983,45
1016.055,49
1016.127,57
1016.199,57
1016.271,60
1016.343,58
1016.415,47
1016.487,52
1016.559,56
1016.631,59
1016.702,61
1016.774,63
1016.846,61
1016.918,63
1016.99,61
1017.062,53
1017.134,49
1017.206,48
1017.278,50
1017.35,46
1017.422,57
1017.494,61
1017.566,63
1017.638,63
1017.71,56
1017.782,46
1017.853,39
1017.925,31
1017.997,33
1018.069,34
1018.141,34
1018.213,38
1018.285,34
1018.357,39
1018.429,45
1018.501,52
1018.573,56
1018.645,61
1018.717,72
1018.789,78
1018.861,77
1018.933,76
1019.005,77
1019.077,55
1019.149,51
1019.221,47
1019.293,42
1019.365,43
1019.437,43
1019.509,44
1019.581,43
1019.653,52
1019.725,53
1019.797,49
1019.869,44
1019.941,40
1020.013,44
1020.085,51
1020.157,55
1020.23,50
1020.302,51
1020.374,56
1020.446,59
1020.518,60
1020.59,63
1020.662,65
1020.734,61
1020.806,65
1020.878,58
1020.95,49
1021.022,39
1021.094,35
1021.166,35
1021.238,41
1021.31,40
1021.383,34
1021.455,32
1021.527,32
1021.599,31
1021.671,32
1021.743,31
1021.815,27
1021.887,33
1021.959,32
1022.031,33
1022.104,36
1022.176,47
1022.248,55
1022.32,60
1022.392,59
1022.464,51
1022.536,41
1022.608,47
1022.681,48
1022.753,47
1022.825,47
1022.897,43
1022.969,37
1023.041,35
1023.113,39
1023.186,36
1023.258,41
1023.33,41
1023.402,47
1023.474,47
1023.546,53
1023.618,55
1023.691,43
1023.763,44
1023.835,41
1023.907,40
1023.979,48
1024.052,48
1024.124,52
1024.196,58
1024.268,59
1024.34,60
1024.412,61
1024.485,67
1024.557,76
1024.629,69
1024.701,68
1024.773,60
1024.846,51
1024.918,46
1024.99,47
1025.062,44
1025.135,45
1025.207,42
1025.279,42
1025.351,43
1025.423,37
1025.496,34
1025.568,31
1025.64,31
1025.712,26
1025.785,29
1025.857,29
1025.929,35
1026.001,42
1026.074,43
1026.146,46
1026.218,41
1026.29,37
1026.363,42
1026.435,44
1026.507,39
1026.579,43
1026.652,41
1026.724,45
1026.796,51
1026.869,50
1026.941,50
1027.013,41
1027.085,32
1027.158,25
1027.23,21
1027.302,25
1027.375,28
1027.447,34
1027.519,35
1027.591,34
1027.664,39
1027.736,45
1027.808,40
1027.881,40
1027.953,33
1028.025,27
1028.098,31
1028.17,32
1028.242,41
1028.315,42
1028.387,43
1028.459,48
1028.532,52
1028.604,55
1028.676,49
1028.749,45
1028.821,39
1028.893,38
1028.966,38
1029.038,37
1029.111,36
1029.183,25
1029.255,30
1029.328,31
1029.4,32
1029.472,37
1029.545,37
1029.617,38
1029.69,31
1029.762,31
1029.834,25
1029.907,21
1029.979,21
1030.051,17
1030.124,22
1030.196,29
1030.269,33
1030.341,39
1030.413,37
1030.486,38
1030.558,38
1030.631,41
1030.703,37
1030.776,34
1030.848,32
1030.92,37
1030.993,32
1031.065,32
1031.138,35
1031.21,32
1031.283,28
1031.355,30
1031.427,34
1031.5,40
1031.572,40
1031.645,34
1031.717,32
1031.79,34
1031.862,43
1031.935,51
1032.007,49
1032.08,49
1032.152,51
1032.224,58
1032.297,62
1032.369,75
1032.442,78
1032.514,71
1032.587,74
1032.659,69
1032.732,66
1032.804,63
1032.877,56
1032.949,46
1033.022,44
1033.094,40
1033.167,42
1033.239,40
1033.312,40
1033.384,43
1033.457,45
1033.529,45
1033.602,48
1033.674,42
1033.747,41
1033.82,33
1033.892,31
1033.965,31
1034.037,30
1034.11,41
1034.182,50
1034.255,55
1034.327,56
1034.4,54
1034.472,48
1034.545,47
1034.618,42
1034.69,33
1034.763,28
1034.835,26
1034.908,25
1034.98,29
1035.053,30
1035.125,32
1035.198,40
1035.271,45
1035.343,52
1035.416,59
1035.488,53
1035.561,57
1035.634,54
1035.706,54
1035.779,52
1035.851,55
1035.924,49
1035.997,39
1036.069,32
1036.142,25
1036.214,26
1036.287,27
1036.36,25
1036.432,29
1036.505,29
1036.578,34
1036.65,38
1036.723,37
1036.795,36
1036.868,32
1036.941,32
1037.013,44
1037.086,50
1037.159,53
1037.231,62
1037.304,59
1037.377,62
1037.449,63
1037.522,71
1037.595,63
1037.667,59
1037.74,57
1037.813,51
1037.885,42
1037.958,35
1038.031,26
1038.103,17
1038.176,9
1038.249,11
1038.321,17
1038.394,23
1038.467,32
1038.539,37
1038.612,38
1038.685,39
1038.758,53
1038.83,52
1038.903,54
1038.976,61
1039.048,61
1039.121,56
1039.194,59
1039.267,62
1039.339,60
1039.412,60
1039.485,60
1039.558,60
1039.63,70
1039.703,77
1039.776,90
1039.848,108
1039.921,117
1039.994,110
1040.067,97
1040.139,83
1040.212,68
1040.285,61
1040.358,54
1040.431,52
1040.503,46
1040.576,42
1040.649,45
1040.722,46
1040.794,38
1040.867,34
1040.94,27
1041.013,24
1041.086,21
1041.158,21
1041.231,25
1041.304,29
1041.377,36
1041.449,38
1041.522,39
1041.595,32
1041.668,23
1041.741,21
1041.814,15
1041.886,15
1041.959,23
1042.032,29
1042.105,32
1042.178,35
1042.25,37
1042.323,36
1042.396,34
1042.469,33
1042.542,34
1042.615,32
1042.687,38
1042.76,44
1042.833,53
1042.906,55
1042.979,67
1043.052,67
1043.125,76
1043.197,68
1043.27,58
1043.343,53
1043.416,39
1043.489,38
1043.562,36
1043.635,38
1043.708,51
1043.78,53
1043.853,53
1043.926,52
1043.999,45
1044.072,41
1044.145,37
1044.218,33
1044.291,27
1044.364,29
1044.437,29
1044.509,32
1044.582,32
1044.655,38
1044.728,42
1044.801,39
1044.874,44
1044.947,36
1045.02,30
1045.093,30
1045.166,19
1045.239,24
1045.312,28
1045.385,30
1045.458,37
1045.53,38
1045.603,43
1045.676,48
1045.749,48
1045.822,47
1045.895,43
1045.968,38
1046.041,35
1046.114,38
1046.187,38
1046.26,44
1046.333,46
1046.406,42
1046.479,39
1046.552,39
1046.625,42
1046.698,44
1046.771,40
1046.844,38
1046.917,40
1046.99,44
1047.063,48
1047.136,55
1047.209,57
1047.282,65
1047.355,70
1047.428,72
1047.501,62
1047.574,57
1047.647,52
1047.72,50
1047.793,56
1047.866,54
1047.939,52
1048.012,47
1048.085,32
1048.158,29
1048.231,27
1048.304,30
1048.377,35
1048.45,37
1048.523,46
1048.597,52
1048.67,58
1048.743,53
1048.816,42
1048.889,39
1048.962,33
1049.035,37
1049.108,33
1049.181,30
1049.254,24
1049.327,21
1049.4,22
1049.473,26
1049.546,28
1049.62,41
1049.693,45
1049.766,50
1049.839,61
1049.912,61
1049.985,63
1050.058,65
1050.131,63
1050.204,58
1050.277,51
1050.351,42
1050.424,34
1050.497,30
1050.57,26
1050.643,24
1050.716,22
1050.789,26
1050.862,28
1050.936,31
1051.009,32
1051.082,30
1051.155,31
1051.228,37
1051.301,38
1051.375,40
1051.448,40
1051.521,38
1051.594,39
1051.667,43
1051.74,47
1051.813,44
1051.887,50
1051.96,42
1052.033,36
1052.106,27
1052.179,13
1052.253,16
1052.326,14
1052.399,18
1052.472,21
1052.545,27
1052.618,33
1052.692,39
1052.765,55
1052.838,59
1052.911,62
1052.985,70
1053.058,71
1053.131,68
1053.204,67
1053.277,64
1053.351,46
1053.424,43
1053.497,38
1053.57,36
1053.644,28
1053.717,28
1053.79,28
1053.863,23
1053.936,27
1054.01,28
1054.083,30
1054.156,27
1054.229,29
1054.303,36
1054.376,42
1054.449,47
1054.523,53
1054.596,49
1054.669,48
1054.742,38
1054.816,27
1054.889,22
1054.962,19
1055.035,18
1055.109,23
1055.182,32
1055.255,44
1055.329,60
1055.402,53
1055.475,55
1055.548,53
1055.622,50
1055.695,56
1055.768,55
1055.842,49
1055.915,48
1055.988,40
1056.062,38
1056.135,37
1056.208,31
1056.282,31
1056.355,42
1056.428,55
1056.502,69
1056.575,80
1056.648,76
1056.722,78
1056.795,76
1056.868,73
1056.942,66
1057.015,60
1057.088,49
1057.162,39
1057.235,41
1057.308,40
1057.382,47
1057.455,46
1057.529,48
1057.602,44
1057.675,44
1057.749,30
1057.822,22
1057.895,23
1057.969,20
1058.042,15
1058.116,14
1058.189,12
1058.262,10
1058.336,16
1058.409,23
1058.483,34
1058.556,48
1058.629,56
1058.703,50
1058.776,44
1058.85,34
1058.923,26
1058.997,26
1059.07,25
1059.143,17
1059.217,19
1059.29,27
1059.364,37
1059.437,49
1059.511,66
1059.584,69
1059.657,75
1059.731,73
1059.804,71
1059.878,67
1059.951,64
1060.025,63
1060.098,53
1060.172,53
1060.245,48
1060.319,46
1060.392,37
1060.466,32
1060.539,29
1060.612,18
1060.686,25
1060.759,29
1060.833,33
1060.906,38
1060.98,45
1061.053,45
1061.127,43
1061.2,45
1061.274,40
1061.347,42
1061.421,52
1061.494,62
1061.568,60
1061.641,63
1061.715,61
1061.788,61
1061.862,61
1061.936,66
1062.009,70
1062.083,76
1062.156,71
1062.23,65
1062.303,68
1062.377,59
1062.45,61
1062.524,58
1062.597,47
1062.671,43
1062.744,36
1062.818,34
1062.892,36
1062.965,39
1063.039,42
1063.112,44
1063.186,42
1063.259,45
1063.333,49
1063.407,53
1063.48,53
1063.554,51
1063.627,45
1063.701,39
1063.775,38
1063.848,41
1063.922,36
1063.995,36
1064.069,36
1064.142,33
1064.216,42
1064.29,49
1064.363,47
1064.437,50
1064.511,47
1064.584,45
1064.658,44
1064.731,42
1064.805,44
1064.879,40
1064.952,43
1065.026,36
1065.1,38
1065.173,34
1065.247,33
1065.32,33
1065.394,31
1065.468,37
1065.541,45
1065.615,47
1065.689,45
1065.762,48
1065.836,49
1065.91,49
1065.983,55
1066.057,53
1066.131,50
1066.204,49
1066.278,40
1066.352,32
1066.425,26
1066.499,24
1066.573,23
1066.647,32
1066.72,36
1066.794,44
1066.868,44
1066.941,42
1067.015,40
1067.089,31
1067.162,36
1067.236,39
1067.31,37
1067.384,32
1067.457,25
1067.531,25
1067.605,30
1067.678,33
1067.752,31
1067.826,28
1067.9,25
1067.973,22
1068.047,17
1068.121,22
1068.195,22
1068.268,26
1068.342,28
1068.416,32
1068.49,36
1068.563,44
1068.637,57
1068.711,61
1068.785,67
1068.858,69
1068.932,69
1069.006,66
1069.08,63
1069.154,60
1069.227,56
1069.301,57
1069.375,55
1069.449,50
1069.523,46
1069.596,48
1069.67,47
1069.744,45
1069.818,45
1069.892,40
1069.965,34
1070.039,27
1070.113,13
1070.187,9
1070.261,14
1070.334,15
1070.408,22
1070.482,32
1070.556,40
1070.63,52
1070.704,57
1070.777,55
1070.851,55
1070.925,53
1070.999,54
1071.073,52
1071.147,51
1071.22,40
1071.294,34
1071.368,32
1071.442,30
1071.516,33
1071.59,33
1071.664,38
1071.737,39
1071.811,44
1071.885,51
1071.959,50
1072.033,48
1072.107,49
1072.181,46
1072.255,44
1072.329,42
1072.402,39
1072.476,36
1072.55,45
1072.624,52
1072.698,57
1072.772,64
1072.846,55
1072.92,51
1072.994,41
1073.068,33
1073.142,35
1073.215,37
1073.289,37
1073.363,42
1073.437,43
1073.511,44
1073.585,43
1073.659,40
1073.733,38
1073.807,33
1073.881,30
1073.955,25
1074.029,25
1074.103,24
1074.177,23
1074.251,20
1074.325,21
1074.399,25
1074.472,29
1074.546,34
1074.62,34
1074.694,32
1074.768,35
1074.842,36
1074.916,39
1074.99,44
1075.064,41
1075.138,44
1075.212,45
1075.286,46
1075.36,53
1075.434,60
1075.508,64
1075.582,59
1075.656,61
1075.73,53
1075.804,50
1075.878,46
1075.952,39
1076.026,31
1076.1,28
1076.174,33
1076.248,35
1076.322,35
1076.397,34
1076.471,38
1076.545,32
1076.619,39
1076.693,38
1076.767,36
1076.841,34
1076.915,37
1076.989,42
1077.063,45
1077.137,57
1077.211,57
1077.285,64
1077.359,61
1077.433,59
1077.507,54
1077.581,56
1077.655,52
1077.73,47
1077.804,56
1077.878,63
1077.952,72
1078.026,66
1078.1,63
1078.174,53
1078.248,55
1078.322,58
1078.396,69
1078.47,69
1078.545,59
1078.619,61
1078.693,54
1078.767,51
1078.841,46
1078.915,42
1078.989,36
1079.063,41
1079.138,44
1079.212,50
1079.286,51
1079.36,49
1079.434,51
1079.508,49
1079.582,49
1079.657,54
1079.731,56
1079.805,62
1079.879,68
1079.953,72
1080.027,67
1080.101,62
1080.176,51
1080.25,48
1080.324,47
1080.398,49
1080.472,47
1080.547,57
1080.621,63
1080.695,73
1080.769,90
1080.843,85
1080.917,86
1080.992,79
1081.066,67
1081.14,56
1081.214,46
1081.288,30
1081.363,16
1081.437,21
1081.511,25
1081.585,33
1081.659,44
1081.734,46
1081.808,48
1081.882,49
1081.956,54
1082.031,50
1082.105,43
1082.179,35
1082.253,38
1082.328,37
1082.402,36
1082.476,32
1082.55,31
1082.625,34
1082.699,38
1082.773,38
1082.847,36
1082.922,41
1082.996,47
1083.07,52
1083.144,45
1083.219,47
1083.293,52
1083.367,55
1083.441,58
1083.516,59
1083.59,65
1083.664,61
1083.739,55
1083.813,53
1083.887,49
1083.961,56
1084.036,53
1084.11,53
1084.184,46
1084.259,46
1084.333,39
1084.407,39
1084.482,33
1084.556,31
1084.63,37
1084.705,40
1084.779,41
1084.853,42
1084.928,40
1085.002,42
1085.076,47
1085.151,40
1085.225,34
1085.299,29
1085.374,22
1085.448,24
1085.522,31
1085.597,33
1085.671,34
1085.745,34
1085.82,31
1085.894,30
1085.969,30
1086.043,26
1086.117,28
1086.192,32
1086.266,39
1086.34,47
1086.415,43
1086.489,45
1086.564,43
1086.638,37
1086.712,39
1086.787,33
1086.861,29
1086.936,26
1087.01,34
1087.084,31
1087.159,32
1087.233,30
1087.308,35
1087.382,35
1087.456,34
1087.531,32
1087.605,28
1087.68,35
1087.754,40
1087.829,41
1087.903,47
1087.977,55
1088.052,55
1088.126,60
1088.201,57
1088.275,44
1088.35,35
1088.424,31
1088.499,22
1088.573,18
1088.647,16
1088.722,13
1088.796,14
1088.871,18
1088.945,21
1089.02,21
1089.094,30
1089.169,28
1089.243,26
1089.318,29
1089.392,24
1089.467,32
1089.541,41
1089.616,46
1089.69,51
1089.765,49
1089.839,52
1089.914,51
1089.988,52
1090.063,44
1090.137,35
1090.212,31
1090.286,22
1090.361,24
1090.435,24
1090.51,23
1090.584,24
1090.659,26
1090.733,25
1090.808,30
1090.882,33
1090.957,29
1091.032,22
1091.106,23
1091.181,20
1091.255,21
1091.33,21
1091.404,20
1091.479,19
1091.553,21
1091.628,23
1091.703,24
1091.777,25
1091.852,26
1091.926,32
1092.001,35
1092.075,41
1092.15,40
1092.225,34
1092.299,27
1092.374,28
1092.448,33
1092.523,37
1092.598,45
1092.672,49
1092.747,47
1092.821,48
1092.896,44
1092.971,41
1093.045,40
1093.12,39
1093.194,37
1093.269,30
1093.344,33
1093.418,32
1093.493,34
1093.568,39
1093.642,44
1093.717,52
1093.791,61
1093.866,65
1093.941,62
1094.015,62
1094.09,71
1094.165,66
1094.239,61
1094.314,54
1094.389,40
1094.463,35
1094.538,36
1094.613,36
1094.687,30
1094.762,22
1094.837,25
1094.911,27
1094.986,29
1095.061,35
1095.135,32
1095.21,34
1095.285,41
1095.36,46
1095.434,43
1095.509,44
1095.584,43
1095.658,39
1095.733,41
1095.808,43
1095.882,43
1095.957,36
1096.032,31
1096.107,30
1096.181,23
1096.256,20
1096.331,22
1096.405,25
1096.48,24
1096.555,27
1096.63,38
1096.704,41
1096.779,54
1096.854,54
1096.929,45
1097.003,42
1097.078,34
1097.153,27
1097.228,25
1097.302,22
1097.377,17
1097.452,23
1097.527,26
1097.602,35
1097.676,47
1097.751,55
1097.826,62
1097.901,64
1097.975,61
1098.05,66
1098.125,58
1098.2,50
1098.275,54
1098.349,54
1098.424,54
1098.499,54
1098.574,55
1098.649,46
1098.723,42
1098.798,40
1098.873,37
1098.948,43
1099.023,41
1099.097,40
1099.172,34
1099.247,36
1099.322,37
1099.397,35
1099.472,31
1099.546,28
1099.621,39
1099.696,40
1099.771,46
1099.846,45
1099.921,33
1099.996,35
1100.07,40
1100.145,44
1100.22,45
1100.295,45
1100.37,41
1100.445,35
1100.52,31
1100.594,36
1100.669,34
1100.744,35
1100.819,33
1100.894,35
1100.969,35
1101.044,39
1101.119,43
1101.194,43
1101.268,47
1101.343,46
1101.418,47
1101.493,53
1101.568,62
1101.643,67
1101.718,66
1101.793,67
1101.868,58
1101.943,54
1102.018,60
1102.093,57
1102.167,61
1102.242,66
1102.317,66
1102.392,58
1102.467,57
1102.542,59
1102.617,56
1102.692,52
1102.767,47
1102.842,40
1102.917,35
1102.992,30
1103.067,30
1103.142,30
1103.217,26
1103.292,32
1103.367,40
1103.442,46
1103.517,45
1103.592,44
1103.667,38
1103.742,46
1103.817,41
1103.892,34
1103.967,29
1104.042,18
1104.117,21
1104.192,22
1104.267,24
1104.342,31
1104.417,27
1104.492,28
1104.567,26
1104.642,21
1104.717,20
1104.792,21
1104.867,25
1104.942,23
1105.017,22
1105.092,20
1105.167,16
1105.242,15
1105.317,16
1105.392,22
1105.467,22
1105.542,24
1105.617,26
1105.692,34
1105.767,32
1105.842,35
1105.917,35
1105.992,26
1106.067,25
1106.142,23
1106.218,20
1106.293,16
1106.368,15
1106.443,14
1106.518,14
1106.593,16
1106.668,18
1106.743,31
1106.818,36
1106.893,45
1106.968,50
1107.043,56
1107.119,64
1107.194,63
1107.269,63
1107.344,58
1107.419,57
1107.494,57
1107.569,55
1107.644,55
1107.719,50
1107.795,49
1107.87,55
1107.945,51
1108.02,53
1108.095,48
1108.17,42
1108.245,47
1108.321,54
1108.396,52
1108.471,56
1108.546,58
1108.621,55
1108.696,48
1108.771,45
1108.847,32
1108.922,25
1108.997,26
1109.072,28
1109.147,27
1109.222,26
1109.298,26
1109.373,24
1109.448,22
1109.523,21
1109.598,20
1109.674,25
1109.749,32
1109.824,34
1109.899,38
1109.974,40
1110.049,49
1110.125,56
1110.2,62
1110.275,66
1110.35,61
1110.426,60
1110.501,55
1110.576,51
1110.651,53
1110.726,48
1110.802,43
1110.877,37
1110.952,33
1111.027,34
1111.103,36
1111.178,35
1111.253,45
1111.328,42
1111.404,37
1111.479,36
1111.554,25
1111.629,29
1111.705,36
1111.78,40
1111.855,39
1111.93,36
1112.006,34
1112.081,33
1112.156,34
1112.231,40
1112.307,42
1112.382,41
1112.457,43
1112.533,45
1112.608,42
1112.683,45
1112.758,46
1112.834,51
1112.909,53
1112.984,60
1113.06,57
1113.135,57
1113.21,59
1113.286,51
1113.361,47
1113.436,41
1113.512,36
1113.587,32
1113.662,30
1113.738,31
1113.813,31
1113.888,23
1113.964,24
1114.039,22
1114.114,21
1114.19,23
1114.265,29
1114.34,31
1114.416,33
1114.491,37
1114.566,37
1114.642,40
1114.717,44
1114.792,44
1114.868,45
1114.943,39
1115.019,38
1115.094,42
1115.169,39
1115.245,43
1115.32,45
1115.395,41
1115.471,38
1115.546,38
1115.622,41
1115.697,40
1115.772,40
1115.848,35
1115.923,34
1115.999,31
1116.074,24
1116.149,26
1116.225,27
1116.3,30
1116.376,41
1116.451,53
1116.527,59
1116.602,61
1116.677,59
1116.753,54
1116.828,49
1116.904,44
1116.979,39
1117.055,40
1117.13,39
1117.205,38
1117.281,46
1117.356,60
1117.432,65
1117.507,72
1117.583,73
1117.658,59
1117.734,53
1117.809,43
1117.885,40
1117.96,37
1118.036,34
1118.111,32
1118.187,22
1118.262,23
1118.337,23
1118.413,21
1118.488,29
1118.564,28
1118.639,35
1118.715,36
1118.79,40
1118.866,39
1118.941,33
1119.017,31
1119.093,23
1119.168,21
1119.244,19
1119.319,20
1119.395,25
1119.47,31
1119.546,34
1119.621,34
1119.697,31
1119.772,31
1119.848,29
1119.923,24
1119.999,21
1120.074,25
1120.15,29
1120.226,32
1120.301,29
1120.377,31
1120.452,31
1120.528,32
1120.603,30
1120.679,25
1120.754,25
1120.83,24
1120.906,32
1120.981,33
1121.057,37
1121.132,44
1121.208,47
1121.283,43
1121.359,42
1121.435,44
1121.51,40
1121.586,41
1121.661,43
1121.737,43
1121.813,36
1121.888,40
1121.964,45
1122.04,46
1122.115,48
1122.191,51
1122.266,51
1122.342,47
1122.418,50
1122.493,44
1122.569,37
1122.645,36
1122.72,27
1122.796,25
1122.871,26
1122.947,28
1123.023,27
1123.098,29
1123.174,31
1123.25,30
1123.325,31
1123.401,33
1123.477,30
1123.552,31
1123.628,34
1123.704,28
1123.779,22
1123.855,19
1123.931,25
1124.006,32
1124.082,32
1124.158,40
1124.233,41
1124.309,32
1124.385,30
1124.461,23
1124.536,17
1124.612,16
1124.688,17
1124.763,15
1124.839,14
1124.915,18
1124.99,24
1125.066,33
1125.142,37
1125.218,37
1125.293,33
1125.369,30
1125.445,35
1125.521,38
1125.596,36
1125.672,36
1125.748,34
1125.824,30
1125.899,29
1125.975,27
1126.051,24
1126.127,28
1126.202,30
1126.278,35
1126.354,39
1126.43,35
1126.505,29
1126.581,24
1126.657,25
1126.733,27
1126.808,35
1126.884,41
1126.96,41
1127.036,46
1127.112,42
1127.187,44
1127.263,41
1127.339,33
1127.415,25
1127.491,17
1127.566,22
1127.642,28
1127.718,32
1127.794,41
1127.87,47
1127.945,44
1128.021,42
1128.097,39
1128.173,28
1128.249,27
1128.325,33
1128.4,35
1128.476,42
1128.552,43
1128.628,49
1128.704,54
1128.78,55
1128.855,57
1128.931,53
1129.007,51
1129.083,48
1129.159,51
1129.235,46
1129.311,51
1129.386,47
1129.462,43
1129.538,45
1129.614,49
1129.69,61
1129.766,58
1129.842,53
1129.918,44
1129.993,36
1130.069,37
1130.145,41
1130.221,43
1130.297,42
1130.373,38
1130.449,35
1130.525,30
1130.601,32
1130.676,37
1130.752,42
1130.828,41
1130.904,37
1130.98,37
1131.056,36
1131.132,40
1131.208,44
1131.284,45
1131.36,45
1131.436,52
1131.512,43
1131.588,44
1131.664,41
1131.739,31
1131.815,33
1131.891,26
1131.967,19
1132.043,14
1132.119,16
1132.195,20
1132.271,22
1132.347,24
1132.423,27
1132.499,23
1132.575,20
1132.651,18
1132.727,12
1132.803,17
1132.879,20
1132.955,20
1133.031,28
1133.107,27
1133.183,26
1133.259,26
1133.335,21
1133.411,22
1133.487,23
1133.563,26
1133.639,24
1133.715,24
1133.791,25
1133.867,24
1133.943,23
1134.019,23
1134.095,25
1134.171,23
1134.247,29
1134.323,34
1134.399,36
1134.475,40
1134.551,52
1134.627,52
1134.703,56
1134.779,49
1134.855,40
1134.932,38
1135.008,38
1135.084,43
1135.16,46
1135.236,43
1135.312,37
1135.388,30
1135.464,22
1135.54,23
1135.616,23
1135.692,25
1135.768,27
1135.844,33
1135.921,36
1135.997,32
1136.073,35
1136.149,28
1136.225,24
1136.301,26
1136.377,22
1136.453,24
1136.529,28
1136.605,28
1136.682,23
1136.758,24
1136.834,24
1136.91,23
1136.986,23
1137.062,27
1137.138,25
1137.214,24
1137.291,28
1137.367,26
1137.443,30
1137.519,36
1137.595,42
1137.671,37
1137.747,39
1137.824,45
1137.9,47
1137.976,45
1138.052,45
1138.128,38
1138.204,34
1138.281,45
1138.357,45
1138.433,37
1138.509,30
1138.585,19
1138.661,12
1138.738,12
1138.814,12
1138.89,12
1138.966,15
1139.042,16
1139.119,19
1139.195,24
1139.271,27
1139.347,33
1139.423,40
1139.5,43
1139.576,47
1139.652,54
1139.728,55
1139.804,45
1139.881,39
1139.957,30
1140.033,18
1140.109,17
1140.186,16
1140.262,19
1140.338,25
1140.414,32
1140.491,38
1140.567,45
1140.643,45
1140.719,47
1140.796,48
1140.872,39
1140.948,32
1141.024,27
1141.101,28
1141.177,28
1141.253,29
1141.329,30
1141.406,30
1141.482,29
1141.558,42
1141.635,43
1141.711,44
1141.787,50
1141.863,48
1141.94,47
1142.016,47
1142.092,43
1142.169,44
1142.245,47
1142.321,53
1142.397,50
1142.474,39
1142.55,34
1142.626,27
1142.703,27
1142.779,33
1142.855,31
1142.932,26
1143.008,24
1143.084,26
1143.161,25
1143.237,23
1143.313,19
1143.39,15
1143.466,13
1143.542,16
1143.619,24
1143.695,23
1143.771,27
1143.848,36
1143.924,42
1144.001,37
1144.077,39
1144.153,43
1144.23,45
1144.306,58
1144.382,62
1144.459,54
1144.535,51
1144.612,46
1144.688,42
1144.764,36
1144.841,33
1144.917,29
1144.994,26
1145.07,25
1145.146,25
1145.223,26
1145.299,43
1145.376,48
1145.452,46
1145.528,55
1145.605,53
1145.681,56
1145.758,70
1145.834,72
1145.911,62
1145.987,54
1146.063,47
1146.14,35
1146.216,39
1146.293,36
1146.369,26
1146.446,25
1146.522,21
1146.598,21
1146.675,22
1146.751,20
1146.828,23
1146.904,27
1146.981,28
1147.057,27
1147.134,36
1147.21,34
1147.287,32
1147.363,37
1147.44,30
1147.516,27
1147.593,21
1147.669,16
1147.746,14
1147.822,15
1147.899,20
1147.975,19
1148.052,20
1148.128,20
1148.205,15
1148.281,21
1148.358,20
1148.434,24
1148.511,31
1148.587,32
1148.664,35
1148.74,32
1148.817,27
1148.893,30
1148.97,28
1149.046,38
1149.123,42
1149.199,49
1149.276,55
1149.352,53
1149.429,54
1149.506,46
1149.582,43
1149.659,41
1149.735,36
1149.812,30
1149.888,26
1149.965,25
1150.041,26
1150.118,25
1150.195,27
1150.271,28
1150.348,25
1150.424,25
1150.501,18
1150.578,16
1150.654,22
1150.731,24
1150.807,28
1150.884,25
1150.96,23
1151.037,20
1151.114,22
1151.19,24
1151.267,22
1151.344,22
1151.42,21
1151.497,17
1151.573,19
1151.65,22
1151.727,22
1151.803,29
1151.88,34
1151.957,41
1152.033,38
1152.11,34
1152.186,31
1152.263,33
1152.34,33
1152.416,31
1152.493,32
1152.57,30
1152.646,30
1152.723,29
1152.8,30
1152.876,28
1152.953,27
1153.03,26
1153.106,26
1153.183,27
1153.26,30
1153.336,29
1153.413,27
1153.49,32
1153.566,34
1153.643,41
1153.72,48
1153.796,43
1153.873,43
1153.95,38
1154.027,31
1154.103,30
1154.18,42
1154.257,46
1154.333,53
1154.41,61
1154.487,49
1154.564,42
1154.64,36
1154.717,22
1154.794,25
1154.871,30
1154.947,35
1155.024,36
1155.101,36
1155.177,40
1155.254,38
1155.331,37
1155.408,37
1155.484,38
1155.561,35
1155.638,32
1155.715,40
1155.791,35
1155.868,38
1155.945,49
1156.022,42
1156.099,37
1156.175,32
1156.252,24
1156.329,22
1156.406,22
1156.482,18
1156.559,10
1156.636,10
1156.713,10
1156.79,16
1156.866,24
1156.943,37
1157.02,45
1157.097,52
1157.174,56
1157.25,52
1157.327,50
1157.404,47
1157.481,43
1157.558,39
1157.635,35
1157.711,35
1157.788,34
1157.865,33
1157.942,29
1158.019,31
1158.096,29
1158.172,28
1158.249,32
1158.326,36
1158.403,45
1158.48,54
1158.557,64
1158.634,56
1158.71,59
1158.787,51
1158.864,50
1158.941,52
1159.018,51
1159.095,48
1159.172,41
1159.249,39
1159.325,34
1159.402,37
1159.479,34
1159.556,38
1159.633,47
1159.71,45
1159.787,51
1159.864,48
1159.941,45
1160.017,46
1160.094,39
1160.171,36
1160.248,31
1160.325,28
1160.402,25
1160.479,28
1160.556,37
1160.633,43
1160.71,50
1160.787,60
1160.864,61
1160.941,57
1161.017,52
1161.094,42
1161.171,33
1161.248,26
1161.325,19
1161.402,15
1161.479,15
1161.556,16
1161.633,20
1161.71,24
1161.787,28
1161.864,23
1161.941,22
1162.018,24
1162.095,19
1162.172,29
1162.249,35
1162.326,41
1162.403,53
1162.48,52
1162.557,56
1162.634,61
1162.711,59
1162.788,56
1162.865,54
1162.942,48
1163.019,39
1163.096,39
1163.173,43
1163.25,39
1163.327,38
1163.404,35
1163.481,29
1163.558,27
1163.635,28
1163.712,31
1163.789,31
1163.866,28
1163.943,17
1164.02,16
1164.097,17
1164.174,17
1164.251,22
1164.328,24
1164.405,25
1164.482,25
1164.559,31
1164.637,32
1164.714,30
1164.791,33
1164.868,27
1164.945,28
1165.022,30
1165.099,31
1165.176,33
1165.253,28
1165.33,31
1165.407,29
1165.484,32
1165.561,30
1165.639,28
1165.716,28
1165.793,29
1165.87,31
1165.947,28
1166.024,28
1166.101,24
1166.178,24
1166.255,22
1166.333,21
1166.41,16
1166.487,21
1166.564,25
1166.641,26
1166.718,31
1166.795,29
1166.872,29
1166.95,26
1167.027,18
1167.104,13
1167.181,9
1167.258,10
1167.335,7
1167.412,8
1167.49,9
1167.567,8
1167.644,15
1167.721,22
1167.798,27
1167.875,31
1167.953,51
1168.03,52
1168.107,54
1168.184,56
1168.261,44
1168.339,43
1168.416,39
1168.493,45
1168.57,49
1168.647,47
1168.724,51
1168.802,49
1168.879,47
1168.956,42
1169.033,37
1169.111,33
1169.188,27
1169.265,30
1169.342,34
1169.419,44
1169.497,52
1169.574,62
1169.651,70
1169.728,74
1169.806,81
1169.883,78
1169.96,72
1170.037,60
1170.115,57
1170.192,51
1170.269,45
1170.346,34
1170.424,26
1170.501,32
1170.578,39
1170.655,43
1170.733,47
1170.81,49
1170.887,46
1170.964,44
1171.042,38
1171.119,39
1171.196,35
1171.274,43
1171.351,34
1171.428,31
1171.505,27
1171.583,19
1171.66,16
1171.737,15
1171.815,20
1171.892,25
1171.969,35
1172.046,36
1172.124,37
1172.201,37
1172.278,30
1172.356,31
1172.433,29
1172.51,26
1172.588,24
1172.665,23
1172.742,26
1172.82,28
1172.897,42
1172.974,42
1173.052,43
1173.129,39
1173.206,30
1173.284,31
1173.361,34
1173.439,40
1173.516,44
1173.593,46
1173.671,41
1173.748,36
1173.825,30
1173.903,26
1173.98,28
1174.057,34
1174.135,29
1174.212,24
1174.29,23
1174.367,22
1174.444,23
1174.522,28
1174.599,37
1174.677,43
1174.754,44
1174.831,48
1174.909,53
1174.986,51
1175.064,55
1175.141,51
1175.218,41
1175.296,44
1175.373,42
1175.451,41
1175.528,39
1175.606,39
1175.683,42
1175.76,48
1175.838,51
1175.915,46
1175.993,48
1176.07,49
1176.148,46
1176.225,49
1176.303,47
1176.38,43
1176.457,44
1176.535,43
1176.612,42
1176.69,42
1176.767,39
1176.845,37
1176.922,37
1177,37
1177.077,36
1177.155,38
1177.232,39
1177.31,37
1177.387,35
1177.465,34
1177.542,32
1177.62,31
1177.697,30
1177.775,38
1177.852,45
1177.93,45
1178.007,48
1178.085,44
1178.162,40
1178.24,37
1178.317,39
1178.395,34
1178.472,32
1178.55,32
1178.627,28
1178.705,27
1178.782,31
1178.86,32
1178.938,34
1179.015,40
1179.093,35
1179.17,33
1179.248,29
1179.325,27
1179.403,23
1179.48,26
1179.558,32
1179.636,33
1179.713,41
1179.791,45
1179.868,51
1179.946,41
1180.023,34
1180.101,27
1180.179,21
1180.256,24
1180.334,28
1180.411,33
1180.489,34
1180.566,35
1180.644,29
1180.722,33
1180.799,36
1180.877,44
1180.955,62
1181.032,61
1181.11,59
1181.187,55
1181.265,49
1181.343,46
1181.42,44
1181.498,40
1181.575,35
1181.653,38
1181.731,37
1181.808,39
1181.886,42
1181.964,39
1182.041,39
1182.119,41
1182.197,29
1182.274,30
1182.352,33
1182.43,33
1182.507,35
1182.585,44
1182.663,45
1182.74,50
1182.818,55
1182.896,49
1182.973,48
1183.051,43
1183.129,35
1183.206,35
1183.284,36
1183.362,33
1183.439,36
1183.517,38
1183.595,39
1183.672,49
1183.75,47
1183.828,45
1183.906,41
1183.983,34
1184.061,33
1184.139,31
1184.216,29
1184.294,27
1184.372,27
1184.45,29
1184.527,33
1184.605,34
1184.683,24
1184.761,26
1184.838,21
1184.916,17
1184.994,18
1185.072,15
1185.149,14
1185.227,14
1185.305,13
1185.383,14
1185.46,14
1185.538,15
1185.616,14
1185.694,12
1185.771,13
1185.849,11
1185.927,11
1186.005,12
1186.082,17
1186.16,21
1186.238,21
1186.316,27
1186.394,33
1186.471,37
1186.549,47
1186.627,45
1186.705,43
1186.783,45
1186.86,40
1186.938,37
1187.016,30
1187.094,24
1187.172,17
1187.249,20
1187.327,23
1187.405,25
1187.483,32
1187.561,36
1187.639,43
1187.716,46
1187.794,46
1187.872,42
1187.95,43
1188.028,46
1188.106,40
1188.183,38
1188.261,36
1188.339,34
1188.417,35
1188.495,37
1188.573,39
1188.651,38
1188.729,39
1188.806,34
1188.884,33
1188.962,32
1189.04,21
1189.118,19
1189.196,15
1189.274,14
1189.352,14
1189.429,17
1189.507,20
1189.585,31
1189.663,28
1189.741,33
1189.819,38
1189.897,35
1189.975,34
1190.053,31
1190.131,30
1190.209,24
1190.286,19
1190.364,21
1190.442,26
1190.52,27
1190.598,30
1190.676,38
1190.754,36
1190.832,36
1190.91,42
1190.988,35
1191.066,30
1191.144,31
1191.222,29
1191.3,28
1191.378,28
1191.456,28
1191.534,29
1191.611,32
1191.689,35
1191.767,34
1191.845,28
1191.923,25
1192.001,23
1192.079,25
1192.157,21
1192.235,18
1192.313,16
1192.391,12
1192.469,15
1192.547,16
1192.625,23
1192.703,31
1192.781,26
1192.859,28
1192.937,30
1193.015,26
1193.093,24
1193.171,25
1193.249,20
1193.327,18
1193.405,17
1193.483,17
1193.561,14
1193.639,17
1193.718,13
1193.796,12
1193.874,15
1193.952,13
1194.03,19
1194.108,20
1194.186,23
1194.264,25
1194.342,18
1194.42,18
1194.498,18
1194.576,20
1194.654,17
1194.732,18
1194.81,19
1194.888,17
1194.966,18
1195.045,16
1195.123,11
1195.201,13
1195.279,21
1195.357,23
1195.435,24
1195.513,22
1195.591,13
1195.669,12
1195.747,9
1195.825,11
1195.904,13
1195.982,15
1196.06,16
1196.138,23
1196.216,22
1196.294,28
1196.372,28
1196.45,25
1196.529,24
1196.607,20
1196.685,21
1196.763,18
1196.841,17
1196.919,20
1196.997,20
1197.075,18
1197.154,24
1197.232,22
1197.31,23
1197.388,27
1197.466,24
1197.544,25
1197.623,25
1197.701,22
1197.779,17
1197.857,18
1197.935,18
1198.013,16
1198.092,30
1198.17,27
1198.248,24
1198.326,20
1198.404,13
1198.483,16
1198.561,20
1198.639,24
1198.717,25
1198.795,30
1198.874,35
1198.952,42
1199.03,54
1199.108,56
1199.186,57
1199.265,60
1199.343,61
1199.421,67
1199.499,74
1199.578,74
1199.656,75
1199.734,75
1199.812,69
1199.89,65
1199.969,66
1200.047,57
1200.125,50
1200.203,47
1200.282,37
1200.36,49
1200.438,62
1200.516,78
1200.595,91
1200.673,97
1200.751,100
1200.83,98
1200.908,99
1200.986,89
1201.064,75
1201.143,65
1201.221,44
1201.299,38
1201.378,37
1201.456,35
1201.534,30
1201.612,35
1201.691,43
1201.769,48
1201.847,53
1201.926,51
1202.004,49
1202.082,45
1202.161,33
1202.239,36
1202.317,41
1202.396,43
1202.474,52
1202.552,52
1202.631,46
1202.709,42
1202.787,41
1202.866,35
1202.944,32
1203.022,29
1203.101,23
1203.179,28
1203.257,31
1203.336,34
1203.414,30
1203.492,31
1203.571,24
1203.649,23
1203.727,21
1203.806,24
1203.884,26
1203.963,29
1204.041,29
1204.119,38
1204.198,39
1204.276,40
1204.354,51
1204.433,44
1204.511,42
1204.59,44
1204.668,34
1204.746,41
1204.825,46
1204.903,46
1204.982,48
1205.06,43
1205.138,40
1205.217,34
1205.295,25
1205.374,26
1205.452,26
1205.531,24
1205.609,18
1205.687,18
1205.766,17
1205.844,16
1205.923,19
1206.001,16
1206.08,12
1206.158,15
1206.237,10
1206.315,12
1206.393,13
1206.472,14
1206.55,15
1206.629,17
1206.707,19
1206.786,20
1206.864,25
1206.943,25
1207.021,23
1207.1,17
1207.178,14
1207.257,14
1207.335,15
1207.414,21
1207.492,18
1207.571,22
1207.649,24
1207.728,28
1207.806,32
1207.885,35
1207.963,32
1208.042,25
1208.12,22
1208.199,17
1208.277,19
1208.356,12
1208.434,18
1208.513,18
1208.591,23
1208.67,26
1208.748,29
1208.827,26
1208.905,23
1208.984,18
1209.063,9
1209.141,10
1209.22,16
1209.298,18
1209.377,25
1209.455,26
1209.534,27
1209.612,30
1209.691,27
1209.77,32
1209.848,26
1209.927,23
1210.005,18
1210.084,17
1210.162,15
1210.241,14
1210.32,17
1210.398,18
1210.477,17
1210.555,16
1210.634,18
1210.713,16
1210.791,19
1210.87,25
1210.948,29
1211.027,25
1211.106,21
1211.184,17
1211.263,14
1211.341,16
1211.42,19
1211.499,20
1211.577,20
1211.656,22
1211.735,23
1211.813,24
1211.892,23
1211.97,22
1212.049,21
1212.128,20
1212.206,31
1212.285,30
1212.364,31
1212.442,32
1212.521,33
1212.6,33
1212.678,32
1212.757,35
1212.836,32
1212.914,32
1212.993,33
1213.072,27
1213.15,15
1213.229,12
1213.308,16
1213.386,21
1213.465,25
1213.544,24
1213.622,20
1213.701,21
1213.78,27
1213.859,28
1213.937,31
1214.016,31
1214.095,30
1214.173,39
1214.252,41
1214.331,43
1214.41,51
1214.488,50
1214.567,45
1214.646,41
1214.724,35
1214.803,35
1214.882,36
1214.961,36
1215.039,30
1215.118,30
1215.197,27
1215.276,29
1215.354,33
1215.433,27
1215.512,26
1215.591,19
1215.669,17
1215.748,20
1215.827,22
1215.906,23
1215.985,24
1216.063,28
1216.142,26
1216.221,25
1216.3,28
1216.378,25
1216.457,22
1216.536,20
1216.615,16
1216.694,12
1216.772,13
1216.851,14
1216.93,15
1217.009,25
1217.088,27
1217.166,28
1217.245,31
1217.324,30
1217.403,32
1217.482,40
1217.561,42
1217.639,39
1217.718,44
1217.797,50
1217.876,57
1217.955,57
1218.034,52
1218.112,43
1218.191,37
1218.27,40
1218.349,44
1218.428,48
1218.507,56
1218.585,49
1218.664,49
1218.743,46
1218.822,40
1218.901,38
1218.98,45
1219.059,47
1219.138,43
1219.216,48
1219.295,50
1219.374,61
1219.453,62
1219.532,55
1219.611,44
1219.69,34
1219.769,30
1219.848,25
1219.926,21
1220.005,14
1220.084,12
1220.163,11
1220.242,11
1220.321,5
1220.4,12
1220.479,21
1220.558,26
1220.637,31
1220.716,41
1220.795,42
1220.874,43
1220.952,42
1221.031,39
1221.11,33
1221.189,33
1221.268,34
1221.347,32
1221.426,36
1221.505,40
1221.584,50
1221.663,52
1221.742,49
1221.821,43
1221.9,36
1221.979,24
1222.058,20
1222.137,22
1222.216,20
1222.295,23
1222.374,24
1222.453,25
1222.532,28
1222.611,32
1222.69,28
1222.769,27
1222.848,21
1222.927,22
1223.006,21
1223.085,23
1223.164,24
1223.243,28
1223.322,30
1223.401,28
1223.48,28
1223.559,23
1223.638,21
1223.717,18
1223.796,13
1223.875,10
1223.954,11
1224.033,14
1224.112,16
1224.191,15
1224.27,10
1224.349,8
1224.428,9
1224.507,8
1224.586,10
1224.665,15
1224.744,18
1224.824,26
1224.903,27
1224.982,34
1225.061,31
1225.14,25
1225.219,30
1225.298,29
1225.377,29
1225.456,29
1225.535,27
1225.614,26
1225.693,37
1225.772,33
1225.852,31
1225.931,37
1226.01,31
1226.089,33
1226.168,32
1226.247,34
1226.326,30
1226.405,28
1226.484,30
1226.564,28
1226.643,35
1226.722,45
1226.801,49
1226.88,48
1226.959,40
1227.038,39
1227.118,35
1227.197,29
1227.276,29
1227.355,20
1227.434,19
1227.513,16
1227.592,20
1227.672,22
1227.751,29
1227.83,29
1227.909,28
1227.988,29
1228.067,29
1228.147,37
1228.226,40
1228.305,40
1228.384,37
1228.463,30
1228.542,32
1228.622,26
1228.701,25
1228.78,29
1228.859,30
1228.938,30
1229.018,32
1229.097,34
1229.176,37
1229.255,43
1229.334,39
1229.414,36
1229.493,33
1229.572,33
1229.651,28
1229.731,27
1229.81,25
1229.889,23
1229.968,24
1230.047,24
1230.127,23
1230.206,20
1230.285,21
1230.364,20
1230.444,23
1230.523,26
1230.602,25
1230.681,26
1230.761,21
1230.84,25
1230.919,23
1230.998,19
1231.078,22
1231.157,18
1231.236,21
1231.316,22
1231.395,21
1231.474,25
1231.553,21
1231.633,22
1231.712,18
1231.791,16
1231.871,17
1231.95,16
1232.029,19
1232.109,26
1232.188,25
1232.267,25
1232.346,25
1232.426,26
1232.505,31
1232.584,40
1232.664,52
1232.743,60
1232.822,59
1232.902,60
1232.981,57
1233.06,56
1233.14,55
1233.219,50
1233.298,43
1233.378,29
1233.457,23
1233.536,22
1233.616,23
1233.695,28
1233.774,25
1233.854,25
1233.933,27
1234.013,21
1234.092,23
1234.171,19
1234.251,18
1234.33,15
1234.409,15
1234.489,23
1234.568,23
1234.648,31
1234.727,34
1234.806,27
1234.886,25
1234.965,17
1235.045,17
1235.124,18
1235.203,15
1235.283,16
1235.362,12
1235.442,12
1235.521,14
1235.6,16
1235.68,21
1235.759,27
1235.839,37
1235.918,47
1235.998,46
1236.077,48
1236.156,48
1236.236,45
1236.315,42
1236.395,43
1236.474,39
1236.554,39
1236.633,41
1236.713,39
1236.792,44
1236.871,43
1236.951,43
1237.03,49
1237.11,48
1237.189,60
1237.269,61
1237.348,62
1237.428,63
1237.507,55
1237.587,56
1237.666,48
1237.746,41
1237.825,44
1237.905,42
1237.984,33
1238.064,26
1238.143,18
1238.223,13
1238.302,14
1238.382,14
1238.461,11
1238.541,12
1238.62,16
1238.7,24
1238.779,29
1238.859,33
1238.938,35
1239.018,36
1239.097,30
1239.177,26
1239.256,23
1239.336,22
1239.415,23
1239.495,23
1239.575,26
1239.654,28
1239.734,34
1239.813,40
1239.893,40
1239.972,45
1240.052,38
1240.131,35
1240.211,29
1240.291,21
1240.37,20
1240.45,15
1240.529,15
1240.609,15
1240.689,8
1240.768,8
1240.848,10
1240.927,11
1241.007,11
1241.086,17
1241.166,19
1241.246,22
1241.325,26
1241.405,26
1241.484,28
1241.564,31
1241.644,35
1241.723,32
1241.803,27
1241.883,25
1241.962,28
1242.042,25
1242.121,27
1242.201,32
1242.281,25
1242.36,24
1242.44,24
1242.52,19
1242.599,21
1242.679,27
1242.759,28
1242.838,25
1242.918,31
1242.998,30
1243.077,32
1243.157,32
1243.237,36
1243.316,37
1243.396,34
1243.476,33
1243.555,28
1243.635,29
1243.715,32
1243.794,32
1243.874,27
1243.954,19
1244.033,15
1244.113,14
1244.193,11
1244.272,13
1244.352,14
1244.432,11
1244.512,9
1244.591,9
1244.671,11
1244.751,11
1244.83,10
1244.91,10
1244.99,11
1245.07,14
1245.149,11
1245.229,12
1245.309,13
1245.389,13
1245.468,19
1245.548,20
1245.628,22
1245.708,21
1245.787,19
1245.867,16
1245.947,11
1246.027,10
1246.106,12
1246.186,17
1246.266,24
1246.346,27
1246.425,31
1246.505,33
1246.585,33
1246.665,37
1246.744,40
1246.824,35
1246.904,30
1246.984,30
1247.064,31
1247.143,32
1247.223,36
1247.303,35
1247.383,33
1247.463,31
1247.542,30
1247.622,22
1247.702,24
1247.782,26
1247.862,32
1247.941,41
1248.021,34
1248.101,39
1248.181,35
1248.261,40
1248.341,43
1248.42,38
1248.5,38
1248.58,28
1248.66,28
1248.74,31
1248.82,32
1248.9,30
1248.979,32
1249.059,33
1249.139,31
1249.219,32
1249.299,28
1249.379,26
1249.459,27
1249.538,29
1249.618,32
1249.698,30
1249.778,33
1249.858,32
1249.938,25
1250.018,27
1250.098,31
1250.178,32
1250.257,29
1250.337,24
1250.417,20
1250.497,17
1250.577,13
1250.657,13
1250.737,11
1250.817,17
1250.897,24
1250.977,23
1251.057,21
1251.136,19
1251.216,19
1251.296,18
1251.376,16
1251.456,11
1251.536,6
1251.616,7
1251.696,7
1251.776,4
1251.856,11
1251.936,12
1252.016,18
1252.096,27
1252.176,29
1252.256,32
1252.336,33
1252.416,38
1252.496,34
1252.576,32
1252.655,31
1252.735,28
1252.815,24
1252.895,24
1252.975,27
1253.055,26
1253.135,23
1253.215,31
1253.295,36
1253.375,39
1253.455,46
1253.535,43
1253.615,38
1253.695,35
1253.775,30
1253.855,30
1253.935,32
1254.015,36
1254.095,43
1254.175,44
1254.256,44
1254.336,47
1254.416,35
1254.496,31
1254.576,31
1254.656,31
1254.736,30
1254.816,33
1254.896,36
1254.976,38
1255.056,43
1255.136,42
1255.216,45
1255.296,39
1255.376,34
1255.456,40
1255.536,35
1255.616,39
1255.696,35
1255.776,39
1255.857,38
1255.937,35
1256.017,30
1256.097,21
1256.177,24
1256.257,23
1256.337,23
1256.417,28
1256.497,25
1256.577,27
1256.657,31
1256.738,29
1256.818,29
1256.898,23
1256.978,19
1257.058,14
1257.138,13
1257.218,13
1257.298,16
1257.379,22
1257.459,20
1257.539,19
1257.619,22
1257.699,19
1257.779,20
1257.859,23
1257.939,24
1258.02,24
1258.1,26
1258.18,26
1258.26,25
1258.34,25
1258.42,22
1258.501,24
1258.581,21
1258.661,18
1258.741,18
1258.821,12
1258.901,10
1258.982,16
1259.062,25
1259.142,33
1259.222,42
1259.302,38
1259.383,32
1259.463,25
1259.543,20
1259.623,20
1259.703,21
1259.784,24
1259.864,18
1259.944,17
1260.024,13
1260.104,16
1260.185,22
1260.265,23
1260.345,24
1260.425,29
1260.506,25
1260.586,25
1260.666,24
1260.746,29
1260.826,27
1260.907,24
1260.987,23
1261.067,19
1261.147,21
1261.228,19
1261.308,19
1261.388,22
1261.468,24
1261.549,24
1261.629,25
1261.709,32
1261.79,29
1261.87,34
1261.95,35
1262.03,32
1262.111,31
1262.191,34
1262.271,38
1262.351,39
1262.432,46
1262.512,43
1262.592,46
1262.673,40
1262.753,36
1262.833,34
1262.914,27
1262.994,27
1263.074,15
1263.155,19
1263.235,24
1263.315,33
1263.395,33
1263.476,31
1263.556,30
1263.636,27
1263.717,27
1263.797,30
1263.877,33
1263.958,37
1264.038,33
1264.118,34
1264.199,33
1264.279,34
1264.36,38
1264.44,41
1264.52,47
1264.601,46
1264.681,46
1264.761,41
1264.842,38
1264.922,29
1265.002,29
1265.083,30
1265.163,29
1265.244,30
1265.324,39
1265.404,40
1265.485,38
1265.565,34
1265.646,30
1265.726,40
1265.806,44
1265.887,55
1265.967,56
1266.048,51
1266.128,45
1266.208,38
1266.289,28
1266.369,23
1266.45,27
1266.53,26
1266.61,21
1266.691,19
1266.771,16
1266.852,14
1266.932,12
1267.013,14
1267.093,13
1267.174,11
1267.254,16
1267.334,15
1267.415,15
1267.495,16
1267.576,24
1267.656,22
1267.737,20
1267.817,18
1267.898,7
1267.978,6
1268.059,5
1268.139,8
1268.22,9
1268.3,13
1268.381,15
1268.461,15
1268.541,23
1268.622,23
1268.702,25
1268.783,24
1268.863,21
1268.944,20
1269.024,19
1269.105,23
1269.185,24
1269.266,24
1269.347,24
1269.427,25
1269.508,29
1269.588,36
1269.669,41
1269.749,50
1269.83,65
1269.91,58
1269.991,50
1270.071,42
1270.152,41
1270.232,42
1270.313,40
1270.393,37
1270.474,23
1270.555,25
1270.635,30
1270.716,36
1270.796,35
1270.877,33
1270.957,30
1271.038,25
1271.118,23
1271.199,22
1271.28,23
1271.36,20
1271.441,15
1271.521,15
1271.602,12
1271.683,16
1271.763,15
1271.844,21
1271.924,25
1272.005,32
1272.086,35
1272.166,33
1272.247,29
1272.327,24
1272.408,15
1272.489,12
1272.569,13
1272.65,15
1272.73,23
1272.811,25
1272.892,30
1272.972,34
1273.053,38
1273.134,39
1273.214,40
1273.295,41
1273.376,35
1273.456,32
1273.537,29
1273.618,30
1273.698,32
1273.779,35
1273.859,41
1273.94,43
1274.021,46
1274.101,35
1274.182,27
1274.263,15
1274.344,6
1274.424,7
1274.505,7
1274.586,8
1274.666,7
1274.747,10
1274.828,15
1274.908,18
1274.989,26
1275.07,31
1275.15,32
1275.231,35
1275.312,37
1275.393,35
1275.473,35
1275.554,35
1275.635,35
1275.715,38
1275.796,45
1275.877,48
1275.958,47
1276.038,46
1276.119,43
1276.2,42
1276.281,41
1276.361,33
1276.442,28
1276.523,19
1276.603,17
1276.684,23
1276.765,21
1276.846,27
1276.927,25
1277.007,23
1277.088,24
1277.169,23
1277.25,20
1277.33,23
1277.411,29
1277.492,31
1277.573,36
1277.653,32
1277.734,34
1277.815,34
1277.896,38
1277.977,40
1278.057,36
1278.138,31
1278.219,31
1278.3,31
1278.381,25
1278.461,24
1278.542,14
1278.623,9
1278.704,8
1278.785,7
1278.866,9
1278.946,11
1279.027,15
1279.108,17
1279.189,22
1279.27,19
1279.35,15
1279.431,11
1279.512,8
1279.593,8
1279.674,11
1279.755,15
1279.836,24
1279.916,28
1279.997,34
1280.078,35
1280.159,31
1280.24,29
1280.321,27
1280.402,28
1280.482,21
1280.563,21
1280.644,16
1280.725,14
1280.806,11
1280.887,9
1280.968,12
1281.049,13
1281.13,15
1281.21,19
1281.291,21
1281.372,21
1281.453,22
1281.534,22
1281.615,22
1281.696,25
1281.777,29
1281.858,25
1281.939,20
1282.02,14
1282.101,5
1282.181,7
1282.262,7
1282.343,9
1282.424,9
1282.505,12
1282.586,13
1282.667,13
1282.748,19
1282.829,17
1282.91,21
1282.991,24
1283.072,24
1283.153,23
1283.234,26
1283.315,26
1283.396,17
1283.477,15
1283.558,15
1283.639,14
1283.72,10
1283.801,11
1283.882,8
1283.963,8
1284.044,6
1284.124,4
1284.205,2
1284.286,2
1284.367,2
1284.448,5
1284.529,11
1284.61,20
1284.692,26
1284.773,31
1284.854,32
1284.935,36
1285.016,41
1285.097,39
1285.178,38
1285.259,37
1285.34,41
1285.421,40
1285.502,40
1285.583,38
1285.664,29
1285.745,27
1285.826,31
1285.907,28
1285.988,21
1286.069,23
1286.15,22
1286.231,21
1286.312,23
1286.393,28
1286.474,26
1286.555,30
1286.636,36
1286.718,30
1286.799,31
1286.88,29
1286.961,26
1287.042,24
1287.123,22
1287.204,20
1287.285,14
1287.366,19
1287.447,22
1287.528,26
1287.61,29
1287.691,26
1287.772,29
1287.853,30
1287.934,31
1288.015,27
1288.096,26
1288.177,19
1288.258,13
1288.34,13
1288.421,13
1288.502,11
1288.583,12
1288.664,13
1288.745,14
1288.826,17
1288.908,18
1288.989,28
1289.07,24
1289.151,26
1289.232,30
1289.313,27
1289.394,37
1289.476,40
1289.557,47
1289.638,39
1289.719,34
1289.8,29
1289.881,20
1289.963,22
1290.044,21
1290.125,18
1290.206,14
1290.287,12
1290.369,12
1290.45,11
1290.531,13
1290.612,16
1290.693,16
1290.775,22
1290.856,33
1290.937,35
1291.018,33
1291.099,34
1291.181,36
1291.262,36
1291.343,33
1291.424,28
1291.506,24
1291.587,26
1291.668,28
1291.749,26
1291.83,19
1291.912,12
1291.993,9
1292.074,10
1292.155,12
1292.237,11
1292.318,12
1292.399,10
1292.48,10
1292.562,14
1292.643,16
1292.724,19
1292.806,22
1292.887,27
1292.968,26
1293.049,25
1293.131,26
1293.212,29
1293.293,33
1293.375,34
1293.456,34
1293.537,32
1293.618,30
1293.7,31
1293.781,29
1293.862,25
1293.944,19
1294.025,17
1294.106,13
1294.188,17
1294.269,20
1294.35,24
1294.431,28
1294.513,24
1294.594,22
1294.675,23
1294.757,29
1294.838,30
1294.919,29
1295.001,28
1295.082,26
1295.163,22
1295.245,22
1295.326,19
1295.408,17
1295.489,15
1295.57,11
1295.652,9
1295.733,4
1295.814,10
1295.896,14
1295.977,18
1296.058,26
1296.14,28
1296.221,32
1296.303,37
1296.384,39
1296.465,34
1296.547,30
1296.628,25
1296.71,19
1296.791,24
1296.872,22
1296.954,14
1297.035,21
1297.117,21
1297.198,26
1297.279,33
1297.361,37
1297.442,33
1297.524,31
1297.605,23
1297.686,23
1297.768,28
1297.849,32
1297.931,33
1298.012,39
1298.094,37
1298.175,37
1298.257,32
1298.338,25
1298.419,24
1298.501,25
1298.582,29
1298.664,35
1298.745,33
1298.827,31
1298.908,33
1298.99,27
1299.071,27
1299.153,26
1299.234,28
1299.316,27
1299.397,26
1299.478,21
1299.56,16
1299.641,12
1299.723,12
1299.804,14
1299.886,13
1299.967,15
1300.049,12
1300.13,12
1300.212,14
1300.293,11
1300.375,10
1300.456,11
1300.538,12
1300.62,13
1300.701,17
1300.783,24
1300.864,24
1300.946,24
1301.027,27
1301.109,22
1301.19,21
1301.272,19
1301.353,14
1301.435,13
1301.516,15
1301.598,16
1301.679,15
1301.761,16
1301.843,18
1301.924,19
1302.006,15
1302.087,12
1302.169,9
1302.25,9
1302.332,14
1302.414,20
1302.495,27
1302.577,34
1302.658,33
1302.74,35
1302.822,35
1302.903,38
1302.985,36
1303.066,32
1303.148,25
1303.229,15
1303.311,14
1303.393,9
1303.474,7
1303.556,7
1303.638,6
1303.719,3
1303.801,3
1303.882,3
1303.964,7
1304.046,13
1304.127,18
1304.209,33
1304.291,33
1304.372,32
1304.454,32
1304.535,23
1304.617,33
1304.699,33
1304.78,33
1304.862,28
1304.944,28
1305.025,28
1305.107,31
1305.189,37
1305.27,39
1305.352,39
1305.434,51
1305.515,53
1305.597,50
1305.679,46
1305.76,38
1305.842,25
1305.924,24
1306.006,26
1306.087,26
1306.169,30
1306.251,31
1306.332,33
1306.414,36
1306.496,35
1306.577,34
1306.659,31
1306.741,33
1306.823,28
1306.904,28
1306.986,29
1307.068,29
1307.149,23
1307.231,22
1307.313,18
1307.395,11
1307.476,9
1307.558,9
1307.64,12
1307.722,9
1307.803,13
1307.885,15
1307.967,12
1308.049,12
1308.13,9
1308.212,11
1308.294,12
1308.376,18
1308.457,24
1308.539,26
1308.621,31
1308.703,32
1308.785,36
1308.866,33
1308.948,34
1309.03,32
1309.112,32
1309.194,33
1309.275,37
1309.357,40
1309.439,39
1309.521,37
1309.603,35
1309.684,36
1309.766,35
1309.848,37
1309.93,35
1310.012,37
1310.093,40
1310.175,39
1310.257,38
1310.339,38
1310.421,35
1310.503,35
1310.584,33
1310.666,29
1310.748,23
1310.83,20
1310.912,19
1310.994,16
1311.075,14
1311.157,14
1311.239,16
1311.321,21
1311.403,16
1311.485,16
1311.567,17
1311.648,15
1311.73,15
1311.812,20
1311.894,23
1311.976,25
1312.058,30
1312.14,32
1312.222,33
1312.304,36
1312.385,46
1312.467,44
1312.549,44
1312.631,44
1312.713,33
1312.795,31
1312.877,33
1312.959,28
1313.041,25
1313.123,19
1313.205,15
1313.286,12
1313.368,7
1313.45,7
1313.532,8
1313.614,9
1313.696,13
1313.778,13
1313.86,13
1313.942,19
1314.024,28
1314.106,34
1314.188,40
1314.27,43
1314.352,38
1314.434,37
1314.516,30
1314.598,32
1314.68,29
1314.762,27
1314.843,27
1314.925,23
1315.007,25
1315.089,24
1315.171,24
1315.253,24
1315.335,20
1315.417,21
1315.499,16
1315.581,14
1315.663,14
1315.745,20
1315.827,29
1315.909,34
1315.991,35
1316.073,38
1316.155,34
1316.237,35
1316.319,36
1316.401,36
1316.483,40
1316.565,39
1316.648,39
1316.73,35
1316.812,38
1316.894,41
1316.976,33
1317.058,35
1317.14,31
1317.222,27
1317.304,24
1317.386,19
1317.468,22
1317.55,19
1317.632,16
1317.714,14
1317.796,13
1317.878,11
1317.96,17
1318.042,22
1318.124,26
1318.207,31
1318.289,27
1318.371,28
1318.453,22
1318.535,10
1318.617,8
1318.699,10
1318.781,6
1318.863,5
1318.945,10
1319.028,16
1319.11,22
1319.192,32
1319.274,41
1319.356,35
1319.438,30
1319.52,26
1319.602,16
1319.684,19
1319.767,21
1319.849,13
1319.931,18
1320.013,15
1320.095,13
1320.177,17
1320.259,16
1320.342,16
1320.424,20
1320.506,21
1320.588,20
1320.67,20
1320.752,20
1320.834,17
1320.917,23
1320.999,22
1321.081,18
1321.163,18
1321.245,15
1321.328,11
1321.41,10
1321.492,9
1321.574,6
1321.656,8
1321.738,10
1321.821,14
1321.903,15
1321.985,16
1322.067,17
1322.149,20
1322.232,21
1322.314,24
1322.396,26
1322.478,24
1322.56,22
1322.643,23
1322.725,20
1322.807,18
1322.889,26
1322.972,25
1323.054,23
1323.136,23
1323.218,20
1323.301,21
1323.383,23
1323.465,22
1323.547,26
1323.63,28
1323.712,26
1323.794,31
1323.876,27
1323.959,29
1324.041,28
1324.123,24
1324.205,22
1324.288,20
1324.37,21
1324.452,14
1324.534,19
1324.617,15
1324.699,15
1324.781,14
1324.864,8
1324.946,9
1325.028,8
1325.111,5
1325.193,5
1325.275,6
1325.357,7
1325.44,8
1325.522,10
1325.604,10
1325.687,8
1325.769,10
1325.851,9
1325.934,6
1326.016,10
1326.098,12
1326.181,15
1326.263,16
1326.345,20
1326.428,18
1326.51,18
1326.592,19
1326.675,20
1326.757,21
1326.839,26
1326.922,25
1327.004,22
1327.086,21
1327.169,14
1327.251,15
1327.334,15
1327.416,16
1327.498,17
1327.581,13
1327.663,10
1327.745,7
1327.828,3
1327.91,6
1327.993,6
1328.075,7
1328.157,12
1328.24,15
1328.322,17
1328.405,21
1328.487,27
1328.569,23
1328.652,22
1328.734,17
1328.817,17
1328.899,15
1328.981,18
1329.064,22
1329.146,19
1329.229,20
1329.311,18
1329.394,19
1329.476,20
1329.558,28
1329.641,42
1329.723,47
1329.806,52
1329.888,48
1329.971,40
1330.053,34
1330.136,27
1330.218,27
1330.301,29
1330.383,29
1330.465,31
1330.548,32
1330.63,28
1330.713,25
1330.795,25
1330.878,25
1330.96,24
1331.043,27
1331.125,24
1331.208,21
1331.29,21
1331.373,20
1331.455,19
1331.538,22
1331.62,24
1331.703,25
1331.785,32
1331.868,28
1331.95,30
1332.033,29
1332.115,24
1332.198,24
1332.28,24
1332.363,23
1332.445,30
1332.528,33
1332.611,39
1332.693,40
1332.776,41
1332.858,37
1332.941,33
1333.023,30
1333.106,23
1333.188,24
1333.271,27
1333.353,23
1333.436,25
1333.519,24
1333.601,17
1333.684,16
1333.766,14
1333.849,13
1333.931,13
1334.014,15
1334.097,18
1334.179,20
1334.262,20
1334.344,28
1334.427,23
1334.51,22
1334.592,25
1334.675,21
1334.757,22
1334.84,23
1334.923,24
1335.005,22
1335.088,15
1335.17,13
1335.253,13
1335.336,12
1335.418,18
1335.501,24
1335.583,22
1335.666,23
1335.749,26
1335.831,23
1335.914,22
1335.997,29
1336.079,28
1336.162,21
1336.245,19
1336.327,17
1336.41,11
1336.493,11
1336.575,10
1336.658,11
1336.741,10
1336.823,8
1336.906,7
1336.989,5
1337.071,4
1337.154,4
1337.237,3
1337.319,3
1337.402,5
1337.485,6
1337.567,8
1337.65,10
1337.733,14
1337.815,15
1337.898,13
1337.981,13
1338.064,12
1338.146,10
1338.229,12
1338.312,14
1338.394,9
1338.477,9
1338.56,9
1338.643,11
1338.725,16
1338.808,24
1338.891,29
1338.974,31
1339.056,39
1339.139,44
1339.222,43
1339.304,45
1339.387,41
1339.47,35
1339.553,36
1339.635,31
1339.718,22
1339.801,17
1339.884,12
1339.967,14
1340.049,13
1340.132,13
1340.215,12
1340.298,17
1340.38,16
1340.463,18
1340.546,18
1340.629,15
1340.712,23
1340.794,22
1340.877,21
1340.96,23
1341.043,20
1341.126,19
1341.208,18
1341.291,19
1341.374,13
1341.457,12
1341.54,12
1341.622,10
1341.705,8
1341.788,13
1341.871,12
1341.954,14
1342.037,17
1342.119,25
1342.202,26
1342.285,28
1342.368,33
1342.451,26
1342.534,27
1342.616,26
1342.699,31
1342.782,32
1342.865,33
1342.948,33
1343.031,29
1343.114,28
1343.196,25
1343.279,22
1343.362,18
1343.445,17
1343.528,12
1343.611,10
1343.694,12
1343.777,14
1343.86,18
1343.942,21
1344.025,29
1344.108,32
1344.191,32
1344.274,34
1344.357,35
1344.44,35
1344.523,37
1344.606,38
1344.689,35
1344.771,34
1344.854,34
1344.937,33
1345.02,34
1345.103,29
1345.186,25
1345.269,20
1345.352,18
1345.435,14
1345.518,17
1345.601,22
1345.684,20
1345.767,22
1345.85,30
1345.933,25
1346.016,23
1346.098,23
1346.181,22
1346.264,24
1346.347,27
1346.43,21
1346.513,22
1346.596,22
1346.679,19
1346.762,16
1346.845,13
1346.928,12
1347.011,11
1347.094,14
1347.177,16
1347.26,17
1347.343,22
1347.426,23
1347.509,22
1347.592,21
1347.675,20
1347.758,20
1347.841,28
1347.924,29
1348.007,25
1348.09,24
1348.173,21
1348.256,18
1348.339,16
1348.422,17
1348.505,17
1348.588,18
1348.672,17
1348.755,15
1348.838,16
1348.921,17
1349.004,20
1349.087,24
1349.17,27
1349.253,29
1349.336,37
1349.419,43
1349.502,46
1349.585,52
1349.668,43
1349.751,33
1349.834,28
1349.917,24
1350.001,22
1350.084,19
1350.167,19
1350.25,15
1350.333,17
1350.416,18
1350.499,17
1350.582,17
1350.665,20
1350.748,20
1350.831,21
1350.915,18
1350.998,17
1351.081,19
1351.164,18
1351.247,20
1351.33,19
1351.413,17
1351.496,16
1351.58,23
1351.663,29
1351.746,33
1351.829,39
1351.912,41
1351.995,45
1352.078,43
1352.162,42
1352.245,35
1352.328,40
1352.411,42
1352.494,44
1352.577,45
1352.661,43
1352.744,40
1352.827,41
1352.91,43
1352.993,40
1353.076,38
1353.16,32
1353.243,28
1353.326,18
1353.409,12
1353.492,10
1353.576,7
1353.659,8
1353.742,7
1353.825,9
1353.908,11
1353.992,17
1354.075,17
1354.158,18
1354.241,15
1354.324,16
1354.408,16
1354.491,15
1354.574,19
1354.657,22
1354.741,26
1354.824,26
1354.907,30
1354.99,27
1355.073,24
1355.157,22
1355.24,18
1355.323,17
1355.406,22
1355.49,25
1355.573,21
1355.656,24
1355.739,21
1355.823,26
1355.906,30
1355.989,40
1356.073,38
1356.156,32
1356.239,26
1356.322,23
1356.406,23
1356.489,24
1356.572,30
1356.656,28
1356.739,30
1356.822,34
1356.905,37
1356.989,30
1357.072,26
1357.155,20
1357.239,14
1357.322,8
1357.405,11
1357.489,10
1357.572,7
1357.655,8
1357.739,6
1357.822,6
1357.905,8
1357.989,12
1358.072,16
1358.155,26
1358.239,30
1358.322,30
1358.405,34
1358.489,29
1358.572,27
1358.655,26
1358.739,22
1358.822,19
1358.905,19
1358.989,15
1359.072,15
1359.155,19
1359.239,23
1359.322,24
1359.406,35
1359.489,37
1359.572,41
1359.656,49
1359.739,45
1359.822,44
1359.906,43
1359.989,49
1360.073,40
1360.156,38
1360.239,37
1360.323,26
1360.406,28
1360.49,30
1360.573,33
1360.657,31
1360.74,27
1360.823,21
1360.907,16
1360.99,13
1361.074,16
1361.157,13
1361.241,12
1361.324,16
1361.407,13
1361.491,11
1361.574,13
1361.658,13
1361.741,15
1361.825,20
1361.908,22
1361.992,21
1362.075,28
1362.158,34
1362.242,41
1362.325,45
1362.409,38
1362.492,33
1362.576,23
1362.659,18
1362.743,17
1362.826,16
1362.91,16
1362.993,14
1363.077,16
1363.16,15
1363.244,20
1363.327,19
1363.411,20
1363.494,17
1363.578,17
1363.661,15
1363.745,12
1363.828,17
1363.912,13
1363.995,16
1364.079,20
1364.162,21
1364.246,29
1364.329,34
1364.413,35
1364.496,34
1364.58,34
1364.664,34
1364.747,31
1364.831,28
1364.914,23
1364.998,27
1365.081,29
1365.165,30
1365.248,30
1365.332,25
1365.416,29
1365.499,28
1365.583,26
1365.666,26
1365.75,29
1365.833,27
1365.917,22
1366.001,26
1366.084,22
1366.168,20
1366.251,16
1366.335,17
1366.419,19
1366.502,23
1366.586,30
1366.669,25
1366.753,24
1366.837,22
1366.92,21
1367.004,16
1367.087,14
1367.171,15
1367.255,10
1367.338,11
1367.422,16
1367.505,23
1367.589,30
1367.673,37
1367.756,34
1367.84,34
1367.924,35
1368.007,32
1368.091,30
1368.175,27
1368.258,22
1368.342,13
1368.426,12
1368.509,8
1368.593,11
1368.677,8
1368.76,7
1368.844,8
1368.928,4
1369.011,3
1369.095,7
1369.179,8
1369.262,15
1369.346,19
1369.43,25
1369.513,27
1369.597,31
1369.681,33
1369.764,31
1369.848,35
1369.932,27
1370.016,36
1370.099,32
1370.183,27
1370.267,27
1370.35,19
1370.434,22
1370.518,21
1370.602,17
1370.685,11
1370.769,8
1370.853,10
1370.937,9
1371.02,10
1371.104,17
1371.188,26
1371.271,33
1371.355,44
1371.439,39
1371.523,34
1371.607,33
1371.69,23
1371.774,21
1371.858,16
1371.942,14
1372.025,13
1372.109,15
1372.193,17
1372.277,20
1372.36,26
1372.444,28
1372.528,29
1372.612,30
1372.696,25
1372.779,21
1372.863,18
1372.947,16
1373.031,15
1373.115,13
1373.198,12
1373.282,11
1373.366,13
1373.45,13
1373.534,16
1373.617,15
1373.701,13
1373.785,14
1373.869,13
1373.953,12
1374.037,11
1374.12,15
1374.204,15
1374.288,17
1374.372,28
1374.456,24
1374.54,23
1374.624,23
1374.707,20
1374.791,18
1374.875,17
1374.959,15
1375.043,15
1375.127,17
1375.211,17
1375.294,21
1375.378,20
1375.462,21
1375.546,24
1375.63,23
1375.714,19
1375.798,17
1375.882,14
1375.965,12
1376.049,9
1376.133,10
1376.217,10
1376.301,8
1376.385,7
1376.469,6
1376.553,5
1376.637,6
1376.721,11
1376.805,11
1376.888,12
1376.972,16
1377.056,20
1377.14,23
1377.224,28
1377.308,31
1377.392,31
1377.476,29
1377.56,26
1377.644,28
1377.728,23
1377.812,21
1377.896,20
1377.98,20
1378.064,17
1378.148,17
1378.232,15
1378.316,9
1378.399,5
1378.483,4
1378.567,3
1378.651,3
1378.735,5
1378.819,10
1378.903,15
1378.987,16
1379.071,20
1379.155,18
1379.239,16
1379.323,17
1379.407,14
1379.491,20
1379.575,25
1379.659,30
1379.743,37
1379.827,35
1379.911,36
1379.995,38
1380.079,34
1380.163,32
1380.247,28
1380.331,27
1380.416,27
1380.5,29
1380.584,22
1380.668,19
1380.752,23
1380.836,21
1380.92,24
1381.004,28
1381.088,30
1381.172,27
1381.256,26
1381.34,23
1381.424,13
1381.508,17
1381.592,18
1381.676,17
1381.76,20
1381.844,21
1381.929,20
1382.013,23
1382.097,28
1382.181,24
1382.265,26
1382.349,21
1382.433,11
1382.517,9
1382.601,6
1382.685,5
1382.769,9
1382.854,10
1382.938,11
1383.022,13
1383.106,14
1383.19,15
1383.274,14
1383.358,18
1383.442,22
1383.526,20
1383.611,22
1383.695,22
1383.779,18
1383.863,19
1383.947,19
1384.031,16
1384.115,21
1384.2,23
1384.284,23
1384.368,28
1384.452,29
1384.536,32
1384.62,34
1384.705,40
1384.789,41
1384.873,35
1384.957,30
1385.041,25
1385.125,17
1385.21,19
1385.294,21
1385.378,21
1385.462,21
1385.546,25
1385.631,26
1385.715,24
1385.799,24
1385.883,22
1385.967,21
1386.052,16
1386.136,19
1386.22,13
1386.304,11
1386.388,9
1386.473,8
1386.557,10
1386.641,17
1386.725,22
1386.809,25
1386.894,28
1386.978,27
1387.062,23
1387.146,24
1387.231,21
1387.315,16
1387.399,20
1387.483,15
1387.568,17
1387.652,19
1387.736,23
1387.82,23
1387.905,23
1387.989,25
1388.073,23
1388.158,24
1388.242,23
1388.326,21
1388.41,16
1388.495,10
1388.579,9
1388.663,8
1388.747,5
1388.832,9
1388.916,9
1389,14
1389.085,12
1389.169,12
1389.253,14
1389.338,21
1389.422,26
1389.506,31
1389.591,35
1389.675,37
1389.759,39
1389.843,36
1389.928,32
1390.012,22
1390.096,16
1390.181,11
1390.265,13
1390.349,10
1390.434,10
1390.518,14
1390.602,16
1390.687,17
1390.771,26
1390.856,24
1390.94,28
1391.024,33
1391.109,44
1391.193,40
1391.277,36
1391.362,31
1391.446,20
1391.53,20
1391.615,17
1391.699,15
1391.784,17
1391.868,21
1391.952,24
1392.037,27
1392.121,26
1392.206,25
1392.29,27
1392.374,27
1392.459,22
1392.543,27
1392.628,21
1392.712,18
1392.796,16
1392.881,7
1392.965,7
1393.05,6
1393.134,8
1393.219,12
1393.303,14
1393.387,17
1393.472,23
1393.556,27
1393.641,31
1393.725,35
1393.81,42
1393.894,39
1393.978,34
1394.063,28
1394.147,21
1394.232,13
1394.316,14
1394.401,16
1394.485,13
1394.57,13
1394.654,16
1394.739,20
1394.823,23
1394.908,26
1394.992,27
1395.077,34
1395.161,33
1395.246,31
1395.33,27
1395.415,23
1395.499,23
1395.584,21
1395.668,31
1395.753,28
1395.837,28
1395.922,32
1396.006,24
1396.091,24
1396.175,24
1396.26,26
1396.344,23
1396.429,21
1396.513,17
1396.598,13
1396.682,14
1396.767,14
1396.851,16
1396.936,15
1397.02,12
1397.105,11
1397.19,15
1397.274,11
1397.359,11
1397.443,11
1397.528,9
1397.612,9
1397.697,14
1397.781,19
1397.866,25
1397.951,33
1398.035,30
1398.12,31
1398.204,28
1398.289,30
1398.374,25
1398.458,21
1398.543,20
1398.627,14
1398.712,18
1398.797,19
1398.881,23
1398.966,22
1399.05,22
1399.135,22
1399.22,22
1399.304,20
1399.389,18
1399.473,16
1399.558,13
1399.643,15
1399.727,16
1399.812,21
1399.897,23
1399.981,26
1400.066,24
1400.15,22
1400.235,18
1400.32,15
1400.404,17
1400.489,17
1400.574,19
1400.658,18
1400.743,15
1400.828,11
1400.912,10
1400.997,5
1401.082,9
1401.166,12
1401.251,17
1401.336,21
1401.42,21
1401.505,22
1401.59,19
1401.674,27
1401.759,25
1401.844,24
1401.929,26
1402.013,27
1402.098,28
1402.183,34
1402.267,40
1402.352,38
1402.437,38
1402.521,37
1402.606,34
1402.691,29
1402.776,26
1402.86,24
1402.945,22
1403.03,17
1403.115,15
1403.199,15
1403.284,20
1403.369,28
1403.453,31
1403.538,32
1403.623,25
1403.708,18
1403.792,17
1403.877,17
1403.962,22
1404.047,24
1404.132,26
1404.216,24
1404.301,25
1404.386,21
1404.471,17
1404.555,14
1404.64,15
1404.725,17
1404.81,17
1404.895,13
1404.979,11
1405.064,11
1405.149,14
1405.234,15
1405.318,18
1405.403,17
1405.488,17
1405.573,18
1405.658,24
1405.743,26
1405.827,27
1405.912,24
1405.997,22
1406.082,15
1406.167,16
1406.251,19
1406.336,16
1406.421,17
1406.506,14
1406.591,15
1406.676,13
1406.761,16
1406.845,16
1406.93,14
1407.015,20
1407.1,16
1407.185,17
1407.27,16
1407.354,16
1407.439,16
1407.524,19
1407.609,20
1407.694,21
1407.779,28
1407.864,28
1407.949,32
1408.033,28
1408.118,29
1408.203,29
1408.288,29
1408.373,26
1408.458,25
1408.543,26
1408.628,22
1408.713,24
1408.798,25
1408.882,24
1408.967,24
1409.052,19
1409.137,14
1409.222,16
1409.307,13
1409.392,14
1409.477,12
1409.562,10
1409.647,12
1409.732,12
1409.817,14
1409.902,15
1409.987,13
1410.071,16
1410.156,16
1410.241,17
1410.326,19
1410.411,19
1410.496,20
1410.581,18
1410.666,16
1410.751,15
1410.836,11
1410.921,10
1411.006,9
1411.091,8
1411.176,8
1411.261,10
1411.346,11
1411.431,15
1411.516,16
1411.601,14
1411.686,12
1411.771,14
1411.856,12
1411.941,13
1412.026,14
1412.111,10
1412.196,14
1412.281,16
1412.366,18
1412.451,20
1412.536,22
1412.621,19
1412.706,18
1412.791,16
1412.876,9
1412.961,12
1413.046,12
1413.131,11
1413.216,14
1413.301,12
1413.386,13
1413.471,14
1413.557,11
1413.642,14
1413.727,14
1413.812,14
1413.897,13
1413.982,14
1414.067,13
1414.152,13
1414.237,12
1414.322,12
1414.407,15
1414.492,17
1414.577,22
1414.662,19
1414.748,18
1414.833,16
1414.918,10
1415.003,11
1415.088,10
1415.173,9
1415.258,10
1415.343,12
1415.428,11
1415.513,11
1415.599,17
1415.684,21
1415.769,28
1415.854,39
1415.939,44
1416.024,45
1416.109,45
1416.194,39
1416.28,37
1416.365,33
1416.45,35
1416.535,33
1416.62,29
1416.705,25
1416.791,21
1416.876,18
1416.961,17
1417.046,18
1417.131,19
1417.216,18
1417.301,21
1417.387,25
1417.472,27
1417.557,30
1417.642,25
1417.727,24
1417.813,26
1417.898,24
1417.983,26
1418.068,27
1418.153,23
1418.238,15
1418.324,12
1418.409,10
1418.494,11
1418.579,10
1418.665,14
1418.75,19
1418.835,23
1418.92,24
1419.005,30
1419.091,29
1419.176,26
1419.261,26
1419.346,22
1419.432,21
1419.517,18
1419.602,17
1419.687,9
1419.772,7
1419.858,8
1419.943,7
1420.028,5
1420.113,5
1420.199,3
1420.284,1
1420.369,2
1420.455,3
1420.54,6
1420.625,10
1420.71,13
1420.796,17
1420.881,21
1420.966,20
1421.051,26
1421.137,23
1421.222,21
1421.307,21
1421.393,19
1421.478,20
1421.563,18
1421.649,18
1421.734,19
1421.819,16
1421.904,15
1421.99,16
1422.075,14
1422.16,15
1422.246,15
1422.331,14
1422.416,13
1422.502,14
1422.587,14
1422.672,16
1422.758,14
1422.843,14
1422.928,17
1423.014,20
1423.099,21
1423.184,21
1423.27,24
1423.355,19
1423.44,15
1423.526,14
1423.611,14
1423.697,20
1423.782,25
1423.867,25
1423.953,22
1424.038,18
1424.123,17
1424.209,15
1424.294,15
1424.38,16
1424.465,12
1424.55,16
1424.636,21
1424.721,20
1424.807,25
1424.892,23
1424.977,24
1425.063,27
1425.148,22
1425.234,25
1425.319,28
1425.404,31
1425.49,33
1425.575,33
1425.661,33
1425.746,33
1425.831,31
1425.917,32
1426.002,28
1426.088,21
1426.173,21
1426.259,27
1426.344,33
1426.43,37
1426.515,44
1426.6,43
1426.686,37
1426.771,32
1426.857,23
1426.942,15
1427.028,13
1427.113,10
1427.199,5
1427.284,6
1427.37,9
1427.455,9
1427.541,10
1427.626,12
1427.712,13
1427.797,17
1427.883,19
1427.968,19
1428.054,15
1428.139,15
1428.225,16
1428.31,16
1428.396,14
1428.481,13
1428.567,13
1428.652,15
1428.738,19
1428.823,17
1428.909,18
1428.994,16
1429.08,15
1429.165,17
1429.251,14
1429.336,15
1429.422,16
1429.507,24
1429.593,22
1429.679,22
1429.764,20
1429.85,16
1429.935,19
1430.021,18
1430.106,23
1430.192,18
1430.277,17
1430.363,18
1430.449,14
1430.534,17
1430.62,22
1430.705,20
1430.791,16
1430.876,14
1430.962,11
1431.048,11
1431.133,14
1431.219,13
1431.304,14
1431.39,16
1431.476,16
1431.561,19
1431.647,21
1431.732,23
1431.818,28
1431.904,25
1431.989,21
1432.075,23
1432.16,19
1432.246,12
1432.332,13
1432.417,10
1432.503,10
1432.589,13
1432.674,18
1432.76,17
1432.846,12
1432.931,10
1433.017,6
1433.103,12
1433.188,18
1433.274,20
1433.359,21
1433.445,27
1433.531,30
1433.616,34
1433.702,37
1433.788,37
1433.873,35
1433.959,32
1434.045,30
1434.131,26
1434.216,22
1434.302,23
1434.388,16
1434.473,16
1434.559,15
1434.645,13
1434.73,18
1434.816,17
1434.902,16
1434.988,13
1435.073,9
1435.159,11
1435.245,14
1435.33,14
1435.416,14
1435.502,14
1435.588,18
1435.673,20
1435.759,22
1435.845,22
1435.93,20
1436.016,19
1436.102,21
1436.188,16
1436.273,14
1436.359,16
1436.445,8
1436.531,12
1436.616,13
1436.702,17
1436.788,18
1436.874,17
1436.96,17
1437.045,14
1437.131,12
1437.217,11
1437.303,14
1437.388,15
1437.474,21
1437.56,20
1437.646,20
1437.732,17
1437.817,13
1437.903,12
1437.989,7
1438.075,9
1438.161,9
1438.246,10
1438.332,15
1438.418,18
1438.504,24
1438.59,26
1438.675,30
1438.761,29
1438.847,33
1438.933,33
1439.019,29
1439.105,28
1439.19,22
1439.276,24
1439.362,27
1439.448,31
1439.534,34
1439.62,32
1439.706,29
1439.791,30
1439.877,34
1439.963,36
1440.049,36
1440.135,38
1440.221,30
1440.307,28
1440.392,25
1440.478,22
1440.564,18
1440.65,23
1440.736,27
1440.822,32
1440.908,41
1440.994,47
1441.079,48
1441.165,42
1441.251,39
1441.337,35
1441.423,30
1441.509,26
1441.595,26
1441.681,30
1441.767,32
1441.853,37
1441.939,38
1442.024,32
1442.11,27
1442.196,23
1442.282,20
1442.368,20
1442.454,19
1442.54,22
1442.626,20
1442.712,20
1442.798,20
1442.884,14
1442.97,15
1443.056,13
1443.142,13
1443.228,15
1443.314,17
1443.4,16
1443.486,16
1443.572,17
1443.658,21
1443.744,24
1443.829,26
1443.915,24
1444.001,23
1444.087,24
1444.173,22
1444.259,19
1444.345,24
1444.431,23
1444.517,24
1444.603,20
1444.689,18
1444.775,19
1444.861,23
1444.947,23
1445.033,27
1445.119,28
1445.205,28
1445.291,26
1445.378,31
1445.464,34
1445.55,32
1445.636,34
1445.722,31
1445.808,27
1445.894,26
1445.98,23
1446.066,15
1446.152,18
1446.238,20
1446.324,23
1446.41,22
1446.496,27
1446.582,27
1446.668,34
1446.754,35
1446.84,34
1446.926,39
1447.012,41
1447.099,40
1447.185,36
1447.271,36
1447.357,34
1447.443,35
1447.529,32
1447.615,28
1447.701,21
1447.787,20
1447.873,16
1447.959,15
1448.046,14
1448.132,12
1448.218,13
1448.304,12
1448.39,14
1448.476,11
1448.562,10
1448.648,10
1448.735,10
1448.821,10
1448.907,14
1448.993,19
1449.079,21
1449.165,22
1449.251,19
1449.337,16
1449.424,15
1449.51,18
1449.596,20
1449.682,22
1449.768,23
1449.854,21
1449.941,24
1450.027,25
1450.113,21
1450.199,15
1450.285,11
1450.371,11
1450.458,11
1450.544,15
1450.63,13
1450.716,15
1450.802,21
1450.889,27
1450.975,30
1451.061,33
1451.147,33
1451.233,32
1451.32,30
1451.406,27
1451.492,30
1451.578,36
1451.664,37
1451.751,40
1451.837,39
1451.923,35
1452.009,30
1452.095,28
1452.182,25
1452.268,25
1452.354,26
1452.44,27
1452.527,29
1452.613,34
1452.699,38
1452.785,39
1452.872,40
1452.958,37
1453.044,30
1453.13,27
1453.217,22
1453.303,19
1453.389,24
1453.475,28
1453.562,31
1453.648,30
1453.734,28
1453.821,27
1453.907,31
1453.993,28
1454.079,27
1454.166,27
1454.252,21
1454.338,24
1454.425,24
1454.511,24
1454.597,26
1454.684,17
1454.77,14
1454.856,10
1454.942,5
1455.029,2
1455.115,2
1455.201,3
1455.288,4
1455.374,5
1455.46,5
1455.547,4
1455.633,5
1455.719,6
1455.806,11
1455.892,15
1455.978,19
1456.065,18
1456.151,17
1456.238,20
1456.324,18
1456.41,21
1456.497,21
1456.583,21
1456.669,23
1456.756,28
1456.842,34
1456.928,32
1457.015,29
1457.101,28
1457.188,29
1457.274,26
1457.36,26
1457.447,27
1457.533,28
1457.62,26
1457.706,28
1457.792,27
1457.879,26
1457.965,27
1458.052,26
1458.138,21
1458.224,20
1458.311,20
1458.397,17
1458.484,21
1458.57,18
1458.656,18
1458.743,17
1458.829,11
1458.916,12
1459.002,15
1459.089,16
1459.175,24
1459.262,28
1459.348,30
1459.434,31
1459.521,32
1459.607,31
1459.694,31
1459.78,31
1459.867,25
1459.953,23
1460.04,17
1460.126,18
1460.213,16
1460.299,15
1460.386,19
1460.472,20
1460.559,19
1460.645,22
1460.732,21
1460.818,21
1460.904,30
1460.991,28
1461.077,26
1461.164,27
1461.25,17
1461.337,16
1461.424,17
1461.51,19
1461.597,18
1461.683,24
1461.77,28
1461.856,25
1461.943,24
1462.029,22
1462.116,19
1462.202,18
1462.289,24
1462.375,23
1462.462,27
1462.548,22
1462.635,15
1462.721,17
1462.808,15
1462.895,15
1462.981,14
1463.068,15
1463.154,16
1463.241,21
1463.327,29
1463.414,35
1463.501,36
1463.587,37
1463.674,37
1463.76,30
1463.847,28
1463.933,24
1464.02,15
1464.107,13
1464.193,12
1464.28,12
1464.366,12
1464.453,12
1464.54,12
1464.626,12
1464.713,10
1464.799,8
1464.886,8
1464.973,6
1465.059,10
1465.146,12
1465.233,11
1465.319,12
1465.406,13
1465.492,14
1465.579,14
1465.666,15
1465.752,18
1465.839,17
1465.926,19
1466.012,18
1466.099,13
1466.186,20
1466.272,21
1466.359,23
1466.446,29
1466.532,27
1466.619,26
1466.706,29
1466.792,22
1466.879,18
1466.966,23
1467.052,23
1467.139,26
1467.226,30
1467.312,29
1467.399,31
1467.486,28
1467.572,25
1467.659,24
1467.746,23
1467.833,22
1467.919,20
1468.006,15
1468.093,16
1468.179,15
1468.266,17
1468.353,19
1468.44,20
1468.526,20
1468.613,19
1468.7,18
1468.786,18
1468.873,16
1468.96,21
1469.047,22
1469.133,22
1469.22,22
1469.307,19
1469.394,18
1469.48,14
1469.567,13
1469.654,12
1469.741,9
1469.827,8
1469.914,5
1470.001,4
1470.088,3
1470.175,5
1470.261,7
1470.348,8
1470.435,8
1470.522,9
1470.608,11
1470.695,13
1470.782,17
1470.869,22
1470.956,25
1471.042,31
1471.129,32
1471.216,31
1471.303,29
1471.39,24
1471.476,17
1471.563,14
1471.65,12
1471.737,9
1471.824,8
1471.911,7
1471.997,9
1472.084,7
1472.171,5
1472.258,9
1472.345,9
1472.432,15
1472.518,21
1472.605,24
1472.692,29
1472.779,28
1472.866,26
1472.953,21
1473.04,16
1473.126,14
1473.213,11
1473.3,8
1473.387,6
1473.474,8
1473.561,9
1473.648,15
1473.735,18
1473.821,16
1473.908,15
1473.995,18
1474.082,19
1474.169,17
1474.256,19
1474.343,22
1474.43,26
1474.517,29
1474.603,30
1474.69,24
1474.777,21
1474.864,18
1474.951,14
1475.038,14
1475.125,11
1475.212,12
1475.299,15
1475.386,16
1475.473,20
1475.56,20
1475.647,25
1475.734,24
1475.82,21
1475.907,19
1475.994,14
1476.081,13
1476.168,11
1476.255,12
1476.342,10
1476.429,13
1476.516,12
1476.603,13
1476.69,13
1476.777,10
1476.864,7
1476.951,9
1477.038,8
1477.125,6
1477.212,8
1477.299,7
1477.386,12
1477.473,13
1477.56,14
1477.647,16
1477.734,13
1477.821,16
1477.908,15
1477.995,14
1478.082,16
1478.169,16
1478.256,17
1478.343,20
1478.43,23
1478.517,26
1478.604,27
1478.691,31
1478.778,36
1478.865,37
1478.952,36
1479.039,34
1479.126,30
1479.213,26
1479.3,18
1479.387,13
1479.474,9
1479.562,8
1479.649,12
1479.736,14
1479.823,17
1479.91,16
1479.997,21
1480.084,19
1480.171,21
1480.258,19
1480.345,12
1480.432,10
1480.519,6
1480.606,7
1480.693,10
1480.781,16
1480.868,18
1480.955,18
1481.042,17
1481.129,12
1481.216,11
1481.303,7
1481.39,6
1481.477,6
1481.565,6
1481.652,3
1481.739,4
1481.826,4
1481.913,5
1482,6
1482.087,7
1482.174,11
1482.262,10
1482.349,14
1482.436,13
1482.523,11
1482.61,15
1482.697,15
1482.784,16
1482.872,17
1482.959,17
1483.046,16
1483.133,19
1483.22,22
1483.307,21
1483.395,14
1483.482,15
1483.569,12
1483.656,13
1483.743,13
1483.83,13
1483.918,12
1484.005,12
1484.092,16
1484.179,16
1484.266,16
1484.354,17
1484.441,19
1484.528,19
1484.615,19
1484.702,15
1484.79,10
1484.877,5
1484.964,3
1485.051,3
1485.139,1
1485.226,1
1485.313,2
1485.4,4
1485.487,6
1485.575,8
1485.662,14
1485.749,18
1485.836,23
1485.924,27
1486.011,29
1486.098,25
1486.185,25
1486.273,28
1486.36,28
1486.447,34
1486.534,41
1486.622,46
1486.709,46
1486.796,46
1486.884,40
1486.971,38
1487.058,28
1487.145,19
1487.233,11
1487.32,11
1487.407,15
1487.495,22
1487.582,25
1487.669,25
1487.756,24
1487.844,25
1487.931,18
1488.018,17
1488.106,22
1488.193,19
1488.28,24
1488.368,25
1488.455,24
1488.542,25
1488.63,33
1488.717,26
1488.804,25
1488.892,25
1488.979,22
1489.066,20
1489.154,19
1489.241,18
1489.328,14
1489.416,16
1489.503,15
1489.59,15
1489.678,13
1489.765,16
1489.853,16
1489.94,18
1490.027,19
1490.115,24
1490.202,25
1490.289,23
1490.377,26
1490.464,22
1490.552,25
1490.639,28
1490.726,29
1490.814,34
1490.901,27
1490.989,25
1491.076,20
1491.163,17
1491.251,16
1491.338,13
1491.426,11
1491.513,13
1491.6,16
1491.688,18
1491.775,25
1491.863,23
1491.95,22
1492.037,24
1492.125,20
1492.212,17
1492.3,15
1492.387,12
1492.475,9
1492.562,8
1492.65,7
1492.737,8
1492.824,8
1492.912,9
1492.999,10
1493.087,10
1493.174,11
1493.262,12
1493.349,13
1493.437,17
1493.524,20
1493.612,21
1493.699,22
1493.787,18
1493.874,20
1493.962,25
1494.049,26
1494.137,26
1494.224,26
1494.312,31
1494.399,26
1494.487,24
1494.574,18
1494.662,20
1494.749,21
1494.837,23
1494.924,23
1495.012,21
1495.099,22
1495.187,20
1495.274,21
1495.362,22
1495.449,23
1495.537,26
1495.624,32
1495.712,31
1495.799,32
1495.887,33
1495.975,36
1496.062,36
1496.15,32
1496.237,26
1496.325,26
1496.412,25
1496.5,24
1496.587,25
1496.675,31
1496.763,31
1496.85,30
1496.938,28
1497.025,23
1497.113,22
1497.2,23
1497.288,19
1497.376,23
1497.463,23
1497.551,22
1497.638,18
1497.726,15
1497.814,12
1497.901,9
1497.989,9
1498.076,6
1498.164,8
1498.252,12
1498.339,17
1498.427,19
1498.515,19
1498.602,21
1498.69,23
1498.777,24
1498.865,26
1498.953,20
1499.04,18
1499.128,14
1499.216,11
1499.303,11
1499.391,10
1499.479,13
1499.566,13
1499.654,16
1499.742,15
1499.829,13
1499.917,10
1500.005,7
1500.092,8
1500.18,7
1500.268,11
1500.355,16
1500.443,16
1500.531,18
1500.618,20
1500.706,16
1500.794,15
1500.881,13
1500.969,13
1501.057,14
1501.145,14
1501.232,13
1501.32,12
1501.408,10
1501.495,10
1501.583,12
1501.671,17
1501.758,15
1501.846,16
1501.934,14
1502.022,11
1502.109,9
1502.197,8
1502.285,10
1502.373,12
1502.46,19
1502.548,17
1502.636,16
1502.724,19
1502.811,17
1502.899,22
1502.987,25
1503.075,25
1503.162,23
1503.25,18
1503.338,12
1503.426,8
1503.513,9
1503.601,10
1503.689,14
1503.777,16
1503.865,19
1503.952,17
1504.04,18
1504.128,18
1504.216,14
1504.304,16
1504.391,17
1504.479,23
1504.567,27
1504.655,31
1504.743,32
1504.83,32
1504.918,32
1505.006,27
1505.094,26
1505.182,21
1505.269,18
1505.357,16
1505.445,15
1505.533,13
1505.621,13
1505.709,13
1505.796,10
1505.884,11
1505.972,11
1506.06,10
1506.148,6
1506.236,3
1506.324,1
1506.411,2
1506.499,3
1506.587,6
1506.675,9
1506.763,12
1506.851,16
1506.939,29
1507.026,29
1507.114,28
1507.202,28
1507.29,19
1507.378,17
1507.466,17
1507.554,13
1507.642,12
1507.73,12
1507.818,16
1507.905,21
1507.993,20
1508.081,25
1508.169,31
1508.257,27
1508.345,25
1508.433,23
1508.521,21
1508.609,21
1508.697,25
1508.785,24
1508.873,20
1508.96,21
1509.048,18
1509.136,19
1509.224,20
1509.312,21
1509.4,15
1509.488,13
1509.576,13
1509.664,9
1509.752,12
1509.84,14
1509.928,16
1510.016,18
1510.104,20
1510.192,22
1510.28,20
1510.368,18
1510.456,15
1510.544,13
1510.632,14
1510.72,15
1510.808,8
1510.896,7
1510.984,12
1511.072,10
1511.16,9
1511.248,8
1511.336,6
1511.424,7
1511.512,10
1511.6,13
1511.688,15
1511.776,14
1511.864,10
1511.952,7
1512.04,7
1512.128,4
1512.216,4
1512.304,7
1512.392,5
1512.48,4
1512.568,8
1512.656,13
1512.744,18
1512.832,26
1512.92,33
1513.008,31
1513.096,30
1513.184,28
1513.272,31
1513.361,28
1513.449,26
1513.537,24
1513.625,16
1513.713,17
1513.801,19
1513.889,22
1513.977,25
1514.065,31
1514.153,37
1514.241,44
1514.329,49
1514.418,40
1514.506,30
1514.594,24
1514.682,9
1514.77,9
1514.858,9
1514.946,7
1515.034,7
1515.122,7
1515.211,9
1515.299,11
1515.387,9
1515.475,9
1515.563,9
1515.651,7
1515.739,6
1515.827,7
1515.916,6
1516.004,6
1516.092,13
1516.18,13
1516.268,12
1516.356,11
1516.444,6
1516.533,9
1516.621,13
1516.709,20
1516.797,23
1516.885,25
1516.973,24
1517.062,23
1517.15,21
1517.238,17
1517.326,16
1517.414,16
1517.503,14
1517.591,16
1517.679,18
1517.767,19
1517.855,22
1517.944,21
1518.032,24
1518.12,27
1518.208,31
1518.296,26
1518.385,22
1518.473,20
1518.561,15
1518.649,14
1518.737,12
1518.826,10
1518.914,8
1519.002,13
1519.09,20
1519.179,25
1519.267,34
1519.355,36
1519.443,38
1519.532,36
1519.62,29
1519.708,23
1519.796,17
1519.885,16
1519.973,11
1520.061,10
1520.149,7
1520.238,5
1520.326,8
1520.414,8
1520.503,8
1520.591,7
1520.679,12
1520.767,12
1520.856,12
1520.944,12
1521.032,9
1521.121,8
1521.209,8
1521.297,8
1521.385,4
1521.474,5
1521.562,9
1521.65,10
1521.739,9
1521.827,9
1521.915,6
1522.004,6
1522.092,7
1522.18,10
1522.269,9
1522.357,11
1522.445,9
1522.534,7
1522.622,8
1522.71,9
1522.799,12
1522.887,12
1522.975,12
1523.064,12
1523.152,13
1523.24,12
1523.329,11
1523.417,11
1523.505,7
1523.594,8
1523.682,8
1523.771,8
1523.859,11
1523.947,10
1524.036,9
1524.124,8
1524.213,4
1524.301,5
1524.389,7
1524.478,10
1524.566,14
1524.654,16
1524.743,17
1524.831,17
1524.92,14
1525.008,15
1525.097,16
1525.185,18
1525.273,22
1525.362,19
1525.45,16
1525.539,17
1525.627,10
1525.716,13
1525.804,16
1525.892,17
1525.981,18
1526.069,16
1526.158,15
1526.246,18
1526.335,25
1526.423,26
1526.512,26
1526.6,23
1526.688,19
1526.777,17
1526.865,16
1526.954,18
1527.042,11
1527.131,9
1527.219,7
1527.308,6
1527.396,9
1527.485,13
1527.573,19
1527.662,23
1527.75,24
1527.839,24
1527.927,23
1528.016,19
1528.104,15
1528.193,18
1528.281,19
1528.37,20
1528.458,28
1528.547,34
1528.635,33
1528.724,33
1528.812,29
1528.901,27
1528.989,24
1529.078,19
1529.166,14
1529.255,12
1529.343,11
1529.432,10
1529.521,10
1529.609,11
1529.698,12
1529.786,13
1529.875,10
1529.963,9
1530.052,9
1530.14,8
1530.229,7
1530.318,11
1530.406,14
1530.495,18
1530.583,20
1530.672,17
1530.76,14
1530.849,8
1530.938,10
1531.026,12
1531.115,14
1531.203,15
1531.292,15
1531.381,16
1531.469,14
1531.558,8
1531.646,6
1531.735,6
1531.824,7
1531.912,9
1532.001,13
1532.089,14
1532.178,13
1532.267,15
1532.355,15
1532.444,10
1532.533,9
1532.621,11
1532.71,10
1532.799,12
1532.887,11
1532.976,8
1533.064,9
1533.153,10
1533.242,10
1533.33,10
1533.419,15
1533.508,19
1533.596,24
1533.685,37
1533.774,33
1533.862,31
1533.951,28
1534.04,20
1534.128,23
1534.217,18
1534.306,17
1534.394,18
1534.483,11
1534.572,10
1534.661,10
1534.749,4
1534.838,7
1534.927,8
1535.015,7
1535.104,11
1535.193,9
1535.282,8
1535.37,16
1535.459,13
1535.548,14
1535.636,16
1535.725,12
1535.814,15
1535.903,24
1535.991,29
1536.08,30
1536.169,32
1536.258,35
1536.346,37
1536.435,35
1536.524,34
1536.613,29
1536.701,32
1536.79,40
1536.879,49
1536.968,60
1537.056,53
1537.145,47
1537.234,36
1537.323,20
1537.411,18
1537.5,16
1537.589,14
1537.678,9
1537.767,19
1537.855,26
1537.944,35
1538.033,50
1538.122,53
1538.211,52
1538.299,57
1538.388,56
1538.477,56
1538.566,61
1538.655,62
1538.743,57
1538.832,50
1538.921,46
1539.01,38
1539.099,27
1539.188,25
1539.276,20
1539.365,21
1539.454,18
1539.543,20
1539.632,24
1539.721,28
1539.809,31
1539.898,30
1539.987,29
1540.076,26
1540.165,27
1540.254,38
1540.343,48
1540.431,59
1540.52,68
1540.609,71
1540.698,77
1540.787,82
1540.876,87
1540.965,84
1541.054,70
1541.142,61
1541.231,41
1541.32,36
1541.409,36
1541.498,31
1541.587,24
1541.676,23
1541.765,21
1541.854,18
1541.943,15
1542.031,11
1542.12,9
1542.209,8
1542.298,9
1542.387,8
1542.476,11
1542.565,14
1542.654,12
1542.743,14
1542.832,14
1542.921,15
1543.01,13
1543.099,13
1543.188,13
1543.277,9
1543.365,11
1543.454,11
1543.543,14
1543.632,14
1543.721,16
1543.81,20
1543.899,20
1543.988,21
1544.077,18
1544.166,17
1544.255,17
1544.344,17
1544.433,12
1544.522,13
1544.611,16
1544.7,20
1544.789,27
1544.878,27
1544.967,27
1545.056,28
1545.145,23
1545.234,21
1545.323,18
1545.412,19
1545.501,16
1545.59,17
1545.679,18
1545.768,19
1545.857,18
1545.946,17
1546.035,19
1546.124,12
1546.213,15
1546.302,14
1546.391,11
1546.48,10
1546.569,11
1546.659,14
1546.748,16
1546.837,21
1546.926,20
1547.015,20
1547.104,20
1547.193,21
1547.282,28
1547.371,30
1547.46,36
1547.549,38
1547.638,39
1547.727,37
1547.816,32
1547.905,29
1547.995,24
1548.084,25
1548.173,27
1548.262,30
1548.351,22
1548.44,20
1548.529,19
1548.618,18
1548.707,21
1548.796,22
1548.886,27
1548.975,20
1549.064,19
1549.153,18
1549.242,13
1549.331,13
1549.42,15
1549.509,16
1549.599,17
1549.688,16
1549.777,15
1549.866,15
1549.955,12
1550.044,14
1550.133,10
1550.223,18
1550.312,18
1550.401,18
1550.49,26
1550.579,23
1550.668,23
1550.758,23
1550.847,23
1550.936,21
1551.025,21
1551.114,21
1551.204,20
1551.293,17
1551.382,15
1551.471,11
1551.56,9
1551.649,10
1551.739,10
1551.828,11
1551.917,11
1552.006,12
1552.095,13
1552.185,14
1552.274,25
1552.363,26
1552.452,25
1552.542,22
1552.631,19
1552.72,18
1552.809,18
1552.898,20
1552.988,23
1553.077,22
1553.166,22
1553.255,22
1553.345,17
1553.434,17
1553.523,17
1553.612,21
1553.702,20
1553.791,21
1553.88,22
1553.969,17
1554.059,15
1554.148,17
1554.237,19
1554.327,14
1554.416,16
1554.505,19
1554.594,18
1554.684,20
1554.773,25
1554.862,21
1554.952,20
1555.041,20
1555.13,10
1555.219,10
1555.309,9
1555.398,8
1555.487,9
1555.577,8
1555.666,8
1555.755,8
1555.845,14
1555.934,23
1556.023,27
1556.113,29
1556.202,37
1556.291,31
1556.381,28
1556.47,25
1556.559,21
1556.649,19
1556.738,20
1556.827,21
1556.917,17
1557.006,18
1557.095,18
1557.185,18
1557.274,21
1557.363,20
1557.453,20
1557.542,12
1557.632,13
1557.721,18
1557.81,14
1557.9,12
1557.989,9
1558.078,6
1558.168,6
1558.257,7
1558.347,6
1558.436,7
1558.525,8
1558.615,14
1558.704,17
1558.794,19
1558.883,23
1558.972,30
1559.062,30
1559.151,30
1559.241,31
1559.33,27
1559.419,33
1559.509,44
1559.598,61
1559.688,78
1559.777,90
1559.867,105
1559.956,112
1560.046,122
1560.135,121
1560.224,108
1560.314,91
1560.403,78
1560.493,70
1560.582,86
1560.672,98
1560.761,116
1560.851,141
1560.94,139
1561.03,136
1561.119,131
1561.209,115
1561.298,99
1561.387,89
1561.477,77
1561.566,70
1561.656,82
1561.745,85
1561.835,91
1561.924,95
1562.014,89
1562.103,93
1562.193,94
1562.282,86
1562.372,77
1562.461,72
1562.551,68
1562.64,65
1562.73,74
1562.82,80
1562.909,86
1562.999,82
1563.088,79
1563.178,77
1563.267,74
1563.357,63
1563.446,56
1563.536,45
1563.625,41
1563.715,36
1563.804,36
1563.894,39
1563.984,36
1564.073,30
1564.163,33
1564.252,29
1564.342,24
1564.431,20
1564.521,14
1564.611,11
1564.7,10
1564.79,9
1564.879,9
1564.969,14
1565.058,15
1565.148,22
1565.238,24
1565.327,25
1565.417,26
1565.506,30
1565.596,27
1565.686,27
1565.775,22
1565.865,18
1565.954,15
1566.044,11
1566.134,12
1566.223,7
1566.313,9
1566.403,10
1566.492,13
1566.582,18
1566.671,19
1566.761,21
1566.851,25
1566.94,31
1567.03,35
1567.12,39
1567.209,39
1567.299,39
1567.389,34
1567.478,31
1567.568,26
1567.658,22
1567.747,25
1567.837,25
1567.927,28
1568.016,28
1568.106,26
1568.196,25
1568.285,21
1568.375,15
1568.465,15
1568.554,14
1568.644,12
1568.734,8
1568.824,14
1568.913,18
1569.003,24
1569.093,31
1569.182,29
1569.272,31
1569.362,32
1569.451,27
1569.541,31
1569.631,27
1569.721,27
1569.81,18
1569.9,26
1569.99,28
1570.08,26
1570.169,29
1570.259,25
1570.349,26
1570.439,32
1570.528,40
1570.618,39
1570.708,35
1570.798,35
1570.887,34
1570.977,36
1571.067,35
1571.157,32
1571.246,25
1571.336,21
1571.426,17
1571.516,11
1571.605,18
1571.695,20
1571.785,24
1571.875,26
1571.965,21
1572.054,18
1572.144,14
1572.234,10
1572.324,14
1572.414,15
1572.503,16
1572.593,18
1572.683,16
1572.773,24
1572.863,33
1572.952,41
1573.042,49
1573.132,44
1573.222,38
1573.312,39
1573.402,30
1573.491,32
1573.581,32
1573.671,28
1573.761,25
1573.851,25
1573.941,28
1574.03,27
1574.12,29
1574.21,24
1574.3,20
1574.39,16
1574.48,13
1574.57,16
1574.659,21
1574.749,30
1574.839,35
1574.929,31
1575.019,29
1575.109,22
1575.199,22
1575.289,26
1575.379,28
1575.468,33
1575.558,37
1575.648,40
1575.738,38
1575.828,34
1575.918,40
1576.008,37
1576.098,39
1576.188,37
1576.278,34
1576.367,32
1576.457,35
1576.547,34
1576.637,30
1576.727,30
1576.817,30
1576.907,34
1576.997,31
1577.087,29
1577.177,28
1577.267,27
1577.357,21
1577.447,21
1577.537,17
1577.627,14
1577.717,16
1577.807,17
1577.897,21
1577.986,27
1578.076,23
1578.166,23
1578.256,24
1578.346,23
1578.436,32
1578.526,35
1578.616,34
1578.706,40
1578.796,44
1578.886,44
1578.976,42
1579.066,41
1579.156,38
1579.246,32
1579.336,25
1579.426,23
1579.516,15
1579.606,14
1579.696,15
1579.786,11
1579.876,14
1579.966,14
1580.056,13
1580.146,14
1580.236,9
1580.326,11
1580.417,11
1580.507,12
1580.597,15
1580.687,16
1580.777,16
1580.867,17
1580.957,14
1581.047,14
1581.137,15
1581.227,13
1581.317,10
1581.407,7
1581.497,7
1581.587,6
1581.677,7
1581.767,7
1581.857,9
1581.948,11
1582.038,10
1582.128,10
1582.218,7
1582.308,7
1582.398,10
1582.488,9
1582.578,10
1582.668,8
1582.758,11
1582.848,14
1582.939,17
1583.029,23
1583.119,34
1583.209,69
1583.299,134
1583.389,225
1583.479,399
1583.569,756
1583.66,1144
1583.75,1532
1583.84,1841
1583.93,1963
1584.02,1999
1584.11,1987
1584.2,1942
1584.291,1708
1584.381,1540
1584.471,1396
1584.561,1417
1584.651,1810
1584.741,2206
1584.831,2628
1584.922,2952
1585.012,2951
1585.102,2867
1585.192,2707
1585.282,2456
1585.373,2100
1585.463,1821
1585.553,1588
1585.643,1503
1585.733,1714
1585.823,1935
1585.914,2150
1586.004,2274
1586.094,2157
1586.184,1986
1586.274,1798
1586.365,1598
1586.455,1429
1586.545,1289
1586.635,1168
1586.726,1124
1586.816,1217
1586.906,1321
1586.996,1405
1587.086,1406
1587.177,1269
1587.267,1089
1587.357,910
1587.447,768
1587.538,706
1587.628,667
1587.718,637
1587.808,601
1587.899,601
1587.989,582
1588.079,553
1588.169,527
1588.26,445
1588.35,383
1588.44,317
1588.53,282
1588.621,290
1588.711,310
1588.801,326
1588.892,313
1588.982,297
1589.072,274
1589.162,233
1589.253,212
1589.343,196
1589.433,181
1589.524,173
1589.614,166
1589.704,171
1589.795,175
1589.885,171
1589.975,169
1590.065,160
1590.156,154
1590.246,138
1590.336,121
1590.427,114
1590.517,103
1590.607,99
1590.698,93
1590.788,83
1590.878,79
1590.969,74
1591.059,77
1591.149,74
1591.24,69
1591.33,59
1591.421,57
1591.511,63
1591.601,65
1591.692,64
1591.782,69
1591.872,70
1591.963,73
1592.053,76
1592.143,78
1592.234,79
1592.324,81
1592.415,80
1592.505,70
1592.595,67
1592.686,66
1592.776,68
1592.867,64
1592.957,63
1593.047,65
1593.138,66
1593.228,63
1593.319,57
1593.409,54
1593.499,52
1593.59,41
1593.68,45
1593.771,45
1593.861,51
1593.952,62
1594.042,62
1594.132,64
1594.223,56
1594.313,50
1594.404,42
1594.494,36
1594.585,36
1594.675,25
1594.766,29
1594.856,30
1594.946,33
1595.037,40
1595.127,47
1595.218,51
1595.308,52
1595.399,47
1595.489,40
1595.58,40
1595.67,34
1595.761,33
1595.851,30
1595.942,25
1596.032,26
1596.123,23
1596.213,22
1596.304,21
1596.394,27
1596.485,21
1596.575,21
1596.666,22
1596.756,20
1596.847,28
1596.937,30
1597.028,31
1597.118,31
1597.209,31
1597.299,33
1597.39,32
1597.48,31
1597.571,20
1597.661,24
1597.752,25
1597.842,27
1597.933,21
1598.024,18
1598.114,23
1598.205,26
1598.295,40
1598.386,39
1598.476,44
1598.567,39
1598.657,29
1598.748,26
1598.839,22
1598.929,26
1599.02,27
1599.11,30
1599.201,30
1599.291,29
1599.382,28
1599.473,31
1599.563,35
1599.654,38
1599.744,47
1599.835,58
1599.926,62
1600.016,74
1600.107,87
1600.197,86
1600.288,88
1600.379,85
1600.469,74
1600.56,72
1600.651,69
1600.741,60
1600.832,70
1600.922,71
1601.013,72
1601.104,80
1601.194,83
1601.285,82
1601.376,76
1601.466,71
1601.557,66
1601.648,62
1601.738,64
1601.829,63
1601.92,71
1602.01,79
1602.101,89
1602.192,94
1602.282,101
1602.373,102
1602.464,94
1602.554,94
1602.645,74
1602.736,67
1602.826,65
1602.917,56
1603.008,54
1603.098,60
1603.189,67
1603.28,67
1603.37,62
1603.461,56
1603.552,50
1603.643,48
1603.733,43
1603.824,43
1603.915,42
1604.005,42
1604.096,34
1604.187,32
1604.278,37
1604.368,38
1604.459,41
1604.55,34
1604.641,26
1604.731,25
1604.822,22
1604.913,20
1605.004,20
1605.094,20
1605.185,20
1605.276,23
1605.367,28
1605.457,31
1605.548,33
1605.639,32
1605.73,31
1605.82,27
1605.911,24
1606.002,25
1606.093,20
1606.183,20
1606.274,19
1606.365,18
1606.456,16
1606.547,14
1606.637,13
1606.728,14
1606.819,18
1606.91,25
1607.001,22
1607.091,22
1607.182,21
1607.273,18
1607.364,16
1607.455,13
1607.546,11
1607.636,9
1607.727,10
1607.818,12
1607.909,15
1608,22
1608.091,22
1608.181,29
1608.272,31
1608.363,34
1608.454,40
1608.545,43
1608.636,47
1608.726,47
1608.817,49
1608.908,50
1608.999,49
1609.09,52
1609.181,52
1609.272,51
1609.363,46
1609.453,48
1609.544,38
1609.635,33
1609.726,29
1609.817,23
1609.908,23
1609.999,20
1610.09,17
1610.181,15
1610.271,18
1610.362,22
1610.453,29
1610.544,36
1610.635,42
1610.726,45
1610.817,44
1610.908,45
1610.999,46
1611.09,42
1611.181,37
1611.271,33
1611.362,32
1611.453,30
1611.544,29
1611.635,31
1611.726,29
1611.817,30
1611.908,31
1611.999,25
1612.09,26
1612.181,29
1612.272,28
1612.363,24
1612.454,20
1612.545,19
1612.636,21
1612.727,23
1612.818,24
1612.909,21
1613,16
1613.091,13
1613.182,16
1613.273,13
1613.364,16
1613.455,16
1613.546,16
1613.637,14
1613.728,13
1613.819,8
1613.91,11
1614.001,15
1614.092,23
1614.183,26
1614.274,29
1614.365,35
1614.456,31
1614.547,32
1614.638,36
1614.729,34
1614.82,31
1614.911,32
1615.002,28
1615.093,29
1615.184,29
1615.275,35
1615.366,31
1615.457,29
1615.548,25
1615.639,20
1615.73,17
1615.821,23
1615.912,26
1616.003,29
1616.094,27
1616.186,24
1616.277,23
1616.368,23
1616.459,33
1616.55,35
1616.641,35
1616.732,34
1616.823,35
1616.914,36
1617.005,40
1617.096,46
1617.187,48
1617.279,41
1617.37,35
1617.461,27
1617.552,27
1617.643,30
1617.734,32
1617.825,40
1617.916,43
1618.008,42
1618.099,43
1618.19,37
1618.281,38
1618.372,36
1618.463,32
1618.554,33
1618.645,31
1618.737,31
1618.828,31
1618.919,34
1619.01,36
1619.101,34
1619.192,30
1619.284,24
1619.375,17
1619.466,17
1619.557,19
1619.648,20
1619.739,26
1619.831,31
1619.922,35
1620.013,35
1620.104,37
1620.195,38
1620.286,39
1620.378,37
1620.469,35
1620.56,34
1620.651,30
1620.742,27
1620.834,26
1620.925,23
1621.016,23
1621.107,23
1621.198,19
1621.29,20
1621.381,24
1621.472,28
1621.563,26
1621.655,25
1621.746,23
1621.837,20
1621.928,22
1622.02,23
1622.111,27
1622.202,33
1622.293,33
1622.384,35
1622.476,35
1622.567,39
1622.658,38
1622.75,41
1622.841,48
1622.932,49
1623.023,50
1623.115,46
1623.206,43
1623.297,39
1623.388,32
1623.48,31
1623.571,26
1623.662,25
1623.754,25
1623.845,24
1623.936,24
1624.027,26
1624.119,19
1624.21,19
1624.301,17
1624.393,15
1624.484,12
1624.575,12
1624.667,13
1624.758,20
1624.849,25
1624.941,28
1625.032,32
1625.123,39
1625.215,41
1625.306,38
1625.397,34
1625.489,27
1625.58,26
1625.671,23
1625.763,24
1625.854,16
1625.945,11
1626.037,14
1626.128,18
1626.219,20
1626.311,21
1626.402,20
1626.493,21
1626.585,26
1626.676,30
1626.768,29
1626.859,28
1626.95,26
1627.042,21
1627.133,23
1627.224,25
1627.316,25
1627.407,22
1627.499,24
1627.59,23
1627.681,28
1627.773,25
1627.864,25
1627.956,25
1628.047,19
1628.138,20
1628.23,21
1628.321,19
1628.413,21
1628.504,19
1628.596,23
1628.687,29
1628.778,29
1628.87,37
1628.961,32
1629.053,28
1629.144,29
1629.236,20
1629.327,19
1629.419,14
1629.51,14
1629.601,7
1629.693,8
1629.784,10
1629.876,8
1629.967,9
1630.059,10
1630.15,10
1630.242,18
1630.333,22
1630.425,23
1630.516,27
1630.608,29
1630.699,32
1630.791,31
1630.882,29
1630.974,24
1631.065,14
1631.157,14
1631.248,14
1631.34,11
1631.431,19
1631.523,21
1631.614,22
1631.706,25
1631.797,27
1631.889,24
1631.98,23
1632.072,28
1632.163,20
1632.255,22
1632.346,24
1632.438,23
1632.529,26
1632.621,27
1632.712,30
1632.804,29
1632.896,31
1632.987,29
1633.079,26
1633.17,24
1633.262,19
1633.353,21
1633.445,23
1633.537,21
1633.628,17
1633.72,17
1633.811,15
1633.903,17
1633.994,14
1634.086,13
1634.178,19
1634.269,19
1634.361,28
1634.452,31
1634.544,29
1634.636,29
1634.727,37
1634.819,33
1634.91,29
1635.002,25
1635.094,14
1635.185,13
1635.277,12
1635.368,11
1635.46,11
1635.552,13
1635.643,12
1635.735,12
1635.827,20
1635.918,24
1636.01,36
1636.101,41
1636.193,42
1636.285,37
1636.376,28
1636.468,25
1636.56,12
1636.651,13
1636.743,12
1636.835,15
1636.926,17
1637.018,19
1637.11,20
1637.201,17
1637.293,24
1637.385,22
1637.476,22
1637.568,22
1637.66,17
1637.752,16
1637.843,17
1637.935,17
1638.027,14
1638.118,14
1638.21,12
1638.302,12
1638.393,13
1638.485,14
1638.577,14
1638.669,16
1638.76,22
1638.852,23
1638.944,24
1639.035,26
1639.127,27
1639.219,25
1639.311,22
1639.402,15
1639.494,9
1639.586,8
1639.678,9
1639.769,10
1639.861,13
1639.953,17
1640.045,20
1640.136,23
1640.228,26
1640.32,23
1640.412,21
1640.503,18
1640.595,22
1640.687,20
1640.779,18
1640.87,15
1640.962,15
1641.054,17
1641.146,18
1641.238,18
1641.329,18
1641.421,18
1641.513,22
1641.605,24
1641.697,25
1641.788,28
1641.88,31
1641.972,33
1642.064,42
1642.156,46
1642.247,43
1642.339,49
1642.431,38
1642.523,34
1642.615,30
1642.707,20
1642.798,15
1642.89,11
1642.982,12
1643.074,9
1643.166,17
1643.258,19
1643.349,23
1643.441,26
1643.533,17
1643.625,18
1643.717,20
1643.809,21
1643.901,20
1643.993,17
1644.084,15
1644.176,9
1644.268,8
1644.36,9
1644.452,10
1644.544,15
1644.636,17
1644.728,20
1644.819,23
1644.911,26
1645.003,28
1645.095,26
1645.187,27
1645.279,29
1645.371,28
1645.463,25
1645.555,22
1645.647,20
1645.738,14
1645.83,15
1645.922,14
1646.014,16
1646.106,12
1646.198,10
1646.29,11
1646.382,7
1646.474,8
1646.566,11
1646.658,14
1646.75,20
1646.842,23
1646.934,25
1647.026,22
1647.118,23
1647.21,18
1647.301,18
1647.393,18
1647.485,12
1647.577,14
1647.669,11
1647.761,15
1647.853,19
1647.945,13
1648.037,12
1648.129,15
1648.221,14
1648.313,14
1648.405,19
1648.497,17
1648.589,14
1648.681,18
1648.773,14
1648.865,15
1648.957,16
1649.049,12
1649.141,11
1649.233,9
1649.325,10
1649.417,6
1649.509,6
1649.601,9
1649.693,13
1649.785,11
1649.877,15
1649.97,16
1650.062,15
1650.154,20
1650.246,20
1650.338,21
1650.43,26
1650.522,21
1650.614,21
1650.706,20
1650.798,20
1650.89,21
1650.982,29
1651.074,32
1651.166,36
1651.258,45
1651.35,36
1651.442,32
1651.535,31
1651.627,24
1651.719,22
1651.811,23
1651.903,19
1651.995,14
1652.087,20
1652.179,21
1652.271,24
1652.363,39
1652.456,40
1652.548,43
1652.64,48
1652.732,59
1652.824,56
1652.916,53
1653.008,52
1653.1,42
1653.192,40
1653.285,39
1653.377,35
1653.469,24
1653.561,25
1653.653,23
1653.745,21
1653.837,20
1653.93,18
1654.022,18
1654.114,19
1654.206,24
1654.298,23
1654.39,24
1654.483,21
1654.575,15
1654.667,16
1654.759,20
1654.851,16
1654.943,13
1655.036,14
1655.128,14
1655.22,14
1655.312,13
1655.404,12
1655.497,7
1655.589,9
1655.681,9
1655.773,10
1655.865,12
1655.958,13
1656.05,18
1656.142,19
1656.234,21
1656.326,27
1656.419,28
1656.511,26
1656.603,22
1656.695,17
1656.788,16
1656.88,17
1656.972,16
1657.064,12
1657.157,11
1657.249,9
1657.341,10
1657.433,13
1657.526,17
1657.618,18
1657.71,20
1657.802,21
1657.895,23
1657.987,29
1658.079,33
1658.171,36
1658.264,40
1658.356,39
1658.448,34
1658.541,26
1658.633,13
1658.725,8
1658.817,9
1658.91,10
1659.002,13
1659.094,18
1659.187,23
1659.279,24
1659.371,28
1659.463,23
1659.556,22
1659.648,26
1659.74,24
1659.833,23
1659.925,21
1660.017,27
1660.11,23
1660.202,21
1660.294,20
1660.387,12
1660.479,11
1660.571,12
1660.664,11
1660.756,8
1660.848,8
1660.941,9
1661.033,10
1661.125,14
1661.218,21
1661.31,20
1661.403,19
1661.495,16
1661.587,18
1661.68,17
1661.772,15
1661.864,13
1661.957,12
1662.049,14
1662.142,16
1662.234,16
1662.326,21
1662.419,18
1662.511,18
1662.603,14
1662.696,8
1662.788,7
1662.881,8
1662.973,9
1663.066,8
1663.158,8
1663.25,9
1663.343,8
1663.435,9
1663.528,8
1663.62,7
1663.712,6
1663.805,6
1663.897,10
1663.99,13
1664.082,15
1664.175,32
1664.267,35
1664.36,39
1664.452,43
1664.544,34
1664.637,31
1664.729,27
1664.822,22
1664.914,18
1665.007,17
1665.099,18
1665.192,20
1665.284,20
1665.377,22
1665.469,22
1665.562,19
1665.654,21
1665.747,16
1665.839,13
1665.932,10
1666.024,7
1666.117,10
1666.209,10
1666.302,11
1666.394,8
1666.487,12
1666.579,11
1666.672,10
1666.764,16
1666.857,15
1666.949,18
1667.042,20
1667.134,23
1667.227,22
1667.319,22
1667.412,24
1667.504,22
1667.597,21
1667.689,20
1667.782,18
1667.874,10
1667.967,7
1668.06,6
1668.152,5
1668.245,6
1668.337,11
1668.43,13
1668.522,16
1668.615,19
1668.708,16
1668.8,16
1668.893,9
1668.985,10
1669.078,20
1669.17,27
1669.263,33
1669.356,44
1669.448,45
1669.541,42
1669.633,41
1669.726,43
1669.819,37
1669.911,34
1670.004,34
1670.096,28
1670.189,30
1670.282,26
1670.374,27
1670.467,26
1670.559,23
1670.652,24
1670.745,27
1670.837,24
1670.93,23
1671.023,30
1671.115,30
1671.208,25
1671.301,25
1671.393,21
1671.486,19
1671.578,24
1671.671,28
1671.764,25
1671.856,25
1671.949,24
1672.042,24
1672.134,25
1672.227,25
1672.32,28
1672.412,26
1672.505,27
1672.598,27
1672.691,25
1672.783,22
1672.876,21
1672.969,21
1673.061,18
1673.154,17
1673.247,19
1673.339,22
1673.432,27
1673.525,30
1673.617,31
1673.71,31
1673.803,33
1673.896,34
1673.988,36
1674.081,40
1674.174,41
1674.267,36
1674.359,33
1674.452,26
1674.545,23
1674.637,23
1674.73,24
1674.823,25
1674.916,21
1675.008,21
1675.101,17
1675.194,16
1675.287,15
1675.379,18
1675.472,16
1675.565,11
1675.658,13
1675.751,10
1675.843,14
1675.936,17
1676.029,20
1676.122,21
1676.214,19
1676.307,18
1676.4,19
1676.493,18
1676.586,22
1676.678,25
1676.771,28
1676.864,25
1676.957,19
1677.05,15
1677.142,16
1677.235,17
1677.328,19
1677.421,15
1677.514,8
1677.606,7
1677.699,5
1677.792,6
1677.885,6
1677.978,9
1678.071,15
1678.163,16
1678.256,25
1678.349,27
1678.442,28
1678.535,28
1678.628,24
1678.721,19
1678.813,12
1678.906,11
1678.999,7
1679.092,9
1679.185,11
1679.278,15
1679.371,13
1679.463,11
1679.556,10
1679.649,5
1679.742,8
1679.835,10
1679.928,11
1680.021,11
1680.114,16
1680.207,20
1680.299,23
1680.392,23
1680.485,22
1680.578,22
1680.671,21
1680.764,20
1680.857,23
1680.95,22
1681.043,23
1681.136,22
1681.229,20
1681.321,20
1681.414,19
1681.507,17
1681.6,18
1681.693,20
1681.786,26
1681.879,26
1681.972,24
1682.065,25
1682.158,25
1682.251,22
1682.344,19
1682.437,18
1682.53,13
1682.623,7
1682.716,5
1682.809,4
1682.902,5
1682.995,7
1683.088,7
1683.181,10
1683.274,13
1683.367,15
1683.46,21
1683.553,21
1683.646,22
1683.739,27
1683.832,30
1683.925,28
1684.018,24
1684.111,21
1684.204,19
1684.297,19
1684.39,20
1684.483,15
1684.576,13
1684.669,18
1684.762,21
1684.855,25
1684.948,31
1685.041,31
1685.134,27
1685.227,23
1685.32,23
1685.413,23
1685.506,21
1685.599,19
1685.692,20
1685.785,22
1685.878,26
1685.971,28
1686.064,31
1686.157,24
1686.25,20
1686.343,19
1686.437,14
1686.53,15
1686.623,14
1686.716,15
1686.809,10
1686.902,8
1686.995,7
1687.088,6
1687.181,8
1687.274,9
1687.367,10
1687.46,10
1687.554,13
1687.647,16
1687.74,20
1687.833,23
1687.926,24
1688.019,24
1688.112,25
1688.205,28
1688.299,29
1688.392,32
1688.485,33
1688.578,27
1688.671,27
1688.764,25
1688.857,17
1688.95,9
1689.044,5
1689.137,7
1689.23,10
1689.323,12
1689.416,17
1689.509,14
1689.603,12
1689.696,16
1689.789,22
1689.882,22
1689.975,22
1690.068,14
1690.162,8
1690.255,10
1690.348,12
1690.441,17
1690.534,17
1690.627,15
1690.721,14
1690.814,13
1690.907,10
1691,9
1691.093,8
1691.187,5
1691.28,1
1691.373,2
1691.466,6
1691.559,11
1691.653,16
1691.746,22
1691.839,22
1691.932,21
1692.026,19
1692.119,14
1692.212,11
1692.305,14
1692.399,9
1692.492,5
1692.585,5
1692.678,6
1692.772,7
1692.865,8
1692.958,8
1693.051,6
1693.145,7
1693.238,7
1693.331,6
1693.424,7
1693.518,11
1693.611,10
1693.704,6
1693.797,4
1693.891,1
1693.984,0
1694.077,0
1694.171,1
1694.264,2
1694.357,3
1694.45,4
1694.544,9
1694.637,10
1694.73,8
1694.824,6
1694.917,7
1695.01,7
1695.104,13
1695.197,17
1695.29,22
1695.384,20
1695.477,19
1695.57,15
1695.664,9
1695.757,8
1695.85,5
1695.944,6
1696.037,4
1696.13,8
1696.224,7
1696.317,7
1696.41,7
1696.504,6
1696.597,9
1696.69,11
1696.784,14
1696.877,15
1696.97,13
1697.064,13
1697.157,14
1697.251,18
1697.344,19
1697.437,18
1697.531,17
1697.624,15
1697.718,16
1697.811,19
1697.904,21
1697.998,16
1698.091,16
1698.185,14
1698.278,16
1698.371,17
1698.465,17
1698.558,18
1698.652,19
1698.745,16
1698.838,16
1698.932,15
1699.025,11
1699.119,9
1699.212,9
1699.306,7
1699.399,5
1699.492,6
1699.586,4
1699.679,4
1699.773,2
1699.866,5
1699.96,10
1700.053,11
1700.147,15
1700.24,15
1700.333,13
1700.427,16
1700.52,15
1700.614,17
1700.707,16
1700.801,13
1700.894,13
1700.988,13
1701.081,18
1701.175,17
1701.268,23
1701.362,25
1701.455,24
1701.549,26
1701.642,22
1701.736,13
1701.829,9
1701.923,8
1702.016,10
1702.11,17
1702.203,18
1702.297,16
1702.39,14
1702.484,16
1702.577,16
1702.671,13
1702.764,13
1702.858,9
1702.951,16
1703.045,19
1703.139,21
1703.232,24
1703.326,20
1703.419,20
1703.513,21
1703.606,23
1703.7,20
1703.793,17
1703.887,12
1703.981,11
1704.074,14
1704.168,17
1704.261,18
1704.355,22
1704.448,26
1704.542,31
1704.636,33
1704.729,37
1704.823,36
1704.916,32
1705.01,33
1705.104,32
1705.197,34
1705.291,37
1705.384,39
1705.478,42
1705.572,46
1705.665,44
1705.759,36
1705.852,29
1705.946,19
1706.04,16
1706.133,18
1706.227,12
1706.321,13
1706.414,14
1706.508,13
1706.601,13
1706.695,12
1706.789,9
1706.882,7
1706.976,5
1707.07,5
1707.163,3
1707.257,2
1707.351,6
1707.444,8
1707.538,14
1707.632,18
1707.725,19
1707.819,17
1707.913,14
1708.006,12
1708.1,16
1708.194,16
1708.287,13
1708.381,11
1708.475,11
1708.568,11
1708.662,12
1708.756,13
1708.85,13
1708.943,18
1709.037,19
1709.131,19
1709.224,17
1709.318,18
1709.412,19
1709.506,21
1709.599,21
1709.693,19
1709.787,21
1709.88,22
1709.974,23
1710.068,21
1710.162,19
1710.255,14
1710.349,6
1710.443,8
1710.537,10
1710.63,12
1710.724,14
1710.818,14
1710.912,12
1711.005,16
1711.099,20
1711.193,23
1711.287,27
1711.38,27
1711.474,30
1711.568,26
1711.662,26
1711.756,24
1711.849,25
1711.943,25
1712.037,21
1712.131,19
1712.225,12
1712.318,14
1712.412,12
1712.506,13
1712.6,12
1712.694,8
1712.787,8
1712.881,5
1712.975,6
1713.069,11
1713.163,18
1713.256,24
1713.35,29
1713.444,26
1713.538,20
1713.632,18
1713.726,21
1713.819,23
1713.913,26
1714.007,28
1714.101,31
1714.195,30
1714.289,27
1714.383,23
1714.476,19
1714.57,22
1714.664,23
1714.758,27
1714.852,26
1714.946,28
1715.04,29
1715.134,28
1715.227,27
1715.321,22
1715.415,18
1715.509,16
1715.603,12
1715.697,13
1715.791,9
1715.885,5
1715.979,5
1716.072,7
1716.166,9
1716.26,13
1716.354,17
1716.448,16
1716.542,16
1716.636,16
1716.73,20
1716.824,20
1716.918,22
1717.012,17
1717.106,13
1717.199,14
1717.293,12
1717.387,12
1717.481,13
1717.575,13
1717.669,13
1717.763,17
1717.857,17
1717.951,18
1718.045,19
1718.139,22
1718.233,22
1718.327,21
1718.421,21
1718.515,14
1718.609,6
1718.703,4
1718.797,4
1718.891,4
1718.985,7
1719.079,10
1719.173,10
1719.267,10
1719.361,13
1719.455,14
1719.549,17
1719.643,21
1719.737,25
1719.831,24
1719.925,24
1720.019,27
1720.113,23
1720.207,24
1720.301,22
1720.395,23
1720.489,23
1720.583,24
1720.677,25
1720.771,27
1720.865,26
1720.959,24
1721.053,23
1721.147,16
1721.241,19
1721.335,24
1721.429,28
1721.523,31
1721.617,34
1721.711,27
1721.805,21
1721.9,16
1721.994,10
1722.088,11
1722.182,12
1722.276,13
1722.37,10
1722.464,16
1722.558,16
1722.652,18
1722.746,18
1722.84,22
1722.934,25
1723.029,26
1723.123,30
1723.217,23
1723.311,20
1723.405,13
1723.499,7
1723.593,10
1723.687,9
1723.781,10
1723.876,8
1723.97,7
1724.064,10
1724.158,9
1724.252,11
1724.346,10
1724.44,8
1724.534,7
1724.629,5
1724.723,7
1724.817,10
1724.911,12
1725.005,15
1725.099,16
1725.194,17
1725.288,16
1725.382,12
1725.476,15
1725.57,16
1725.664,16
1725.759,13
1725.853,8
1725.947,9
1726.041,8
1726.135,7
1726.229,11
1726.324,8
1726.418,8
1726.512,7
1726.606,3
1726.7,3
1726.795,2
1726.889,4
1726.983,2
1727.077,4
1727.171,4
1727.266,3
1727.36,3
1727.454,5
1727.548,6
1727.643,10
1727.737,11
1727.831,10
1727.925,10
1728.019,13
1728.114,14
1728.208,17
1728.302,18
1728.396,15
1728.491,15
1728.585,11
1728.679,10
1728.773,14
1728.868,20
1728.962,20
1729.056,25
1729.151,33
1729.245,31
1729.339,35
1729.433,37
1729.528,36
1729.622,35
1729.716,31
1729.81,22
1729.905,20
1729.999,17
1730.093,15
1730.188,13
1730.282,8
1730.376,8
1730.471,10
1730.565,10
1730.659,9
1730.753,9
1730.848,11
1730.942,11
1731.036,13
1731.131,12
1731.225,12
1731.319,14
1731.414,17
1731.508,21
1731.602,20
1731.697,20
1731.791,21
1731.885,19
1731.98,19
1732.074,23
1732.169,28
1732.263,30
1732.357,31
1732.452,33
1732.546,33
1732.64,31
1732.735,31
1732.829,26
1732.923,23
1733.018,21
1733.112,21
1733.207,17
1733.301,14
1733.395,15
1733.49,14
1733.584,19
1733.679,23
1733.773,26
1733.867,31
1733.962,38
1734.056,45
1734.151,52
1734.245,52
1734.339,48
1734.434,36
1734.528,34
1734.623,30
1734.717,31
1734.811,38
1734.906,35
1735,30
1735.095,28
1735.189,24
1735.284,19
1735.378,19
1735.472,18
1735.567,15
1735.661,18
1735.756,19
1735.85,24
1735.945,21
1736.039,17
1736.134,16
1736.228,10
1736.323,15
1736.417,13
1736.512,14
1736.606,11
1736.701,8
1736.795,10
1736.889,11
1736.984,16
1737.078,13
1737.173,14
1737.267,13
1737.362,12
1737.456,10
1737.551,9
1737.645,8
1737.74,7
1737.834,10
1737.929,8
1738.023,9
1738.118,7
1738.213,13
1738.307,13
1738.402,15
1738.496,17
1738.591,24
1738.685,30
1738.78,39
1738.874,40
1738.969,38
1739.063,37
1739.158,37
1739.252,39
1739.347,41
1739.442,40
1739.536,35
1739.631,39
1739.725,36
1739.82,38
1739.914,40
1740.009,43
1740.103,35
1740.198,30
1740.293,26
1740.387,19
1740.482,8
1740.576,10
1740.671,15
1740.766,17
1740.86,19
1740.955,16
1741.049,10
1741.144,8
1741.239,4
1741.333,9
1741.428,14
1741.522,20
1741.617,23
1741.712,23
1741.806,23
1741.901,21
1741.995,23
1742.09,21
1742.185,19
1742.279,14
1742.374,18
1742.469,22
1742.563,28
1742.658,31
1742.753,38
1742.847,31
1742.942,23
1743.037,17
1743.131,11
1743.226,11
1743.321,10
1743.415,9
1743.51,10
1743.605,8
1743.699,8
1743.794,6
1743.889,4
1743.983,5
1744.078,4
1744.173,6
1744.267,8
1744.362,9
1744.457,10
1744.551,11
1744.646,14
1744.741,13
1744.835,16
1744.93,16
1745.025,15
1745.12,18
1745.214,15
1745.309,14
1745.404,24
1745.498,24
1745.593,24
1745.688,21
1745.783,25
1745.877,23
1745.972,24
1746.067,27
1746.162,22
1746.256,29
1746.351,33
1746.446,37
1746.541,40
1746.635,32
1746.73,26
1746.825,21
1746.92,12
1747.014,9
1747.109,9
1747.204,14
1747.299,12
1747.393,15
1747.488,20
1747.583,20
1747.678,29
1747.773,27
1747.867,26
1747.962,26
1748.057,25
1748.152,24
1748.247,20
1748.341,14
1748.436,7
1748.531,6
1748.626,6
1748.721,7
1748.815,4
1748.91,3
1749.005,2
1749.1,2
1749.195,1
1749.29,2
1749.384,2
1749.479,1
1749.574,3
1749.669,2
1749.764,6
1749.859,7
1749.953,8
1750.048,10
1750.143,8
1750.238,8
1750.333,11
1750.428,11
1750.523,14
1750.617,13
1750.712,8
1750.807,6
1750.902,2
1750.997,4
1751.092,6
1751.187,7
1751.282,10
1751.376,12
1751.471,18
1751.566,21
1751.661,22
1751.756,20
1751.851,21
1751.946,20
1752.041,14
1752.136,14
1752.231,9
1752.325,7
1752.42,5
1752.515,4
1752.61,5
1752.705,5
1752.8,5
1752.895,10
1752.99,10
1753.085,13
1753.18,17
1753.275,16
1753.37,24
1753.465,25
1753.56,25
1753.654,31
1753.749,28
1753.844,27
1753.939,26
1754.034,27
1754.129,27
1754.224,27
1754.319,24
1754.414,20
1754.509,22
1754.604,21
1754.699,19
1754.794,16
1754.889,18
1754.984,15
1755.079,16
1755.174,19
1755.269,23
1755.364,24
1755.459,25
1755.554,21
1755.649,19
1755.744,17
1755.839,14
1755.934,13
1756.029,12
1756.124,12
1756.219,13
1756.314,14
1756.409,13
1756.504,15
1756.599,15
1756.694,19
1756.789,13
1756.884,12
1756.979,13
1757.074,11
1757.169,7
1757.264,7
1757.36,12
1757.455,11
1757.55,13
1757.645,14
1757.74,11
1757.835,8
1757.93,5
1758.025,5
1758.12,6
1758.215,8
1758.31,9
1758.405,9
1758.5,10
1758.595,12
1758.691,10
1758.786,9
1758.881,10
1758.976,11
1759.071,18
1759.166,17
1759.261,22
1759.356,22
1759.451,16
1759.546,16
1759.642,13
1759.737,14
1759.832,18
1759.927,19
1760.022,19
1760.117,14
1760.212,14
1760.307,13
1760.403,13
1760.498,14
1760.593,11
1760.688,11
1760.783,11
1760.878,14
1760.973,10
1761.069,10
1761.164,12
1761.259,8
1761.354,12
1761.449,18
1761.544,22
1761.64,29
1761.735,38
1761.83,42
1761.925,41
1762.02,39
1762.115,29
1762.211,24
1762.306,22
1762.401,20
1762.496,14
1762.591,7
1762.687,7
1762.782,8
1762.877,12
1762.972,17
1763.067,20
1763.163,30
1763.258,29
1763.353,28
1763.448,30
1763.543,30
1763.639,28
1763.734,25
1763.829,19
1763.924,14
1764.02,11
1764.115,12
1764.21,12
1764.305,10
1764.401,9
1764.496,9
1764.591,11
1764.686,13
1764.782,21
1764.877,23
1764.972,20
1765.067,23
1765.163,24
1765.258,23
1765.353,23
1765.448,26
1765.544,23
1765.639,24
1765.734,24
1765.83,25
1765.925,23
1766.02,26
1766.115,28
1766.211,27
1766.306,34
1766.401,29
1766.497,32
1766.592,26
1766.687,22
1766.783,25
1766.878,27
1766.973,31
1767.069,31
1767.164,27
1767.259,22
1767.355,16
1767.45,17
1767.545,14
1767.641,13
1767.736,13
1767.831,8
1767.927,9
1768.022,13
1768.117,13
1768.213,12
1768.308,12
1768.403,9
1768.499,13
1768.594,13
1768.689,14
1768.785,12
1768.88,10
1768.975,11
1769.071,10
1769.166,11
1769.262,12
1769.357,13
1769.452,15
1769.548,16
1769.643,17
1769.739,18
1769.834,15
1769.929,12
1770.025,11
1770.12,12
1770.216,13
1770.311,13
1770.406,12
1770.502,11
1770.597,13
1770.693,15
1770.788,17
1770.883,16
1770.979,24
1771.074,30
1771.17,30
1771.265,31
1771.361,24
1771.456,21
1771.552,20
1771.647,17
1771.742,19
1771.838,16
1771.933,16
1772.029,13
1772.124,10
1772.22,7
1772.315,3
1772.411,6
1772.506,7
1772.602,9
1772.697,7
1772.793,12
1772.888,15
1772.983,19
1773.079,25
1773.174,29
1773.27,27
1773.365,23
1773.461,20
1773.556,11
1773.652,14
1773.747,13
1773.843,15
1773.938,15
1774.034,15
1774.129,18
1774.225,26
1774.32,29
1774.416,26
1774.512,23
1774.607,15
1774.703,11
1774.798,9
1774.894,9
1774.989,6
1775.085,7
1775.18,10
1775.276,11
1775.371,11
1775.467,18
1775.562,22
1775.658,22
1775.754,23
1775.849,26
1775.945,21
1776.04,20
1776.136,18
1776.231,10
1776.327,9
1776.423,9
1776.518,8
1776.614,8
1776.709,10
1776.805,15
1776.9,16
1776.996,23
1777.092,26
1777.187,23
1777.283,24
1777.378,17
1777.474,14
1777.57,12
1777.665,10
1777.761,12
1777.857,11
1777.952,14
1778.048,15
1778.143,15
1778.239,13
1778.335,10
1778.43,9
1778.526,3
1778.622,3
1778.717,7
1778.813,9
1778.908,10
1779.004,11
1779.1,13
1779.195,10
1779.291,8
1779.387,7
1779.482,6
1779.578,7
1779.674,9
1779.769,10
1779.865,11
1779.961,10
1780.056,11
1780.152,11
1780.248,9
1780.343,12
1780.439,12
1780.535,10
1780.631,8
1780.726,7
1780.822,5
1780.918,5
1781.013,5
1781.109,2
1781.205,2
1781.3,3
1781.396,3
1781.492,5
1781.588,10
1781.683,11
1781.779,13
1781.875,16
1781.971,14
1782.066,11
1782.162,9
1782.258,4
1782.353,3
1782.449,5
1782.545,5
1782.641,4
1782.736,8
1782.832,5
1782.928,5
1783.024,6
1783.119,7
1783.215,9
1783.311,9
1783.407,11
1783.503,14
1783.598,20
1783.694,23
1783.79,25
1783.886,29
1783.981,25
1784.077,24
1784.173,21
1784.269,15
1784.365,12
1784.46,13
1784.556,7
1784.652,8
1784.748,7
1784.844,7
1784.939,8
1785.035,7
1785.131,8
1785.227,8
1785.323,8
1785.419,13
1785.514,15
1785.61,17
1785.706,19
1785.802,20
1785.898,20
1785.994,21
1786.089,18
1786.185,19
1786.281,18
1786.377,14
1786.473,16
1786.569,21
1786.664,17
1786.76,15
1786.856,10
1786.952,5
1787.048,5
1787.144,7
1787.24,8
1787.336,4
1787.431,4
1787.527,6
1787.623,7
1787.719,9
1787.815,11
1787.911,12
1788.007,17
1788.103,15
1788.199,16
1788.294,16
1788.39,14
1788.486,18
1788.582,23
1788.678,27
1788.774,27
1788.87,29
1788.966,30
1789.062,28
1789.158,23
1789.254,21
1789.35,16
1789.446,17
1789.541,22
1789.637,22
1789.733,21
1789.829,20
1789.925,24
1790.021,24
1790.117,25
1790.213,26
1790.309,21
1790.405,26
1790.501,24
1790.597,21
1790.693,18
1790.789,8
1790.885,9
1790.981,10
1791.077,10
1791.173,6
1791.269,4
1791.365,4
1791.461,6
1791.557,6
1791.653,6
1791.749,6
1791.845,4
1791.941,6
1792.037,8
1792.133,9
1792.229,11
1792.325,17
1792.421,21
1792.517,21
1792.613,22
1792.709,18
1792.805,14
1792.901,19
1792.997,17
1793.093,23
1793.189,21
1793.285,16
1793.381,15
1793.477,20
1793.573,20
1793.669,20
1793.765,20
1793.861,16
1793.957,15
1794.053,12
1794.15,10
1794.246,5
1794.342,4
1794.438,3
1794.534,6
1794.63,3
1794.726,7
1794.822,9
1794.918,12
1795.014,14
1795.11,12
1795.206,12
1795.302,10
1795.399,10
1795.495,11
1795.591,13
1795.687,16
1795.783,12
1795.879,12
1795.975,15
1796.071,14
1796.167,14
1796.264,19
1796.36,17
1796.456,16
1796.552,18
1796.648,17
1796.744,15
1796.84,13
1796.936,11
1797.033,8
1797.129,9
1797.225,12
1797.321,18
1797.417,19
1797.513,20
1797.61,21
1797.706,25
1797.802,22
1797.898,19
1797.994,21
1798.09,16
1798.187,18
1798.283,19
1798.379,19
1798.475,10
1798.571,9
1798.667,8
1798.764,3
1798.86,3
1798.956,4
1799.052,5
1799.148,5
1799.245,10
1799.341,11
1799.437,14
1799.533,16
1799.629,21
1799.726,19
1799.822,16
1799.918,14
1800.014,9
1800.111,13
1800.207,13
1800.303,16
1800.399,17
1800.495,18
1800.592,20
1800.688,21
1800.784,21
1800.88,14
1800.977,12
1801.073,9
1801.169,8
1801.265,13
1801.362,13
1801.458,14
1801.554,17
1801.651,12
1801.747,11
1801.843,9
1801.939,11
1802.036,10
1802.132,10
1802.228,9
1802.324,7
1802.421,13
1802.517,16
1802.613,18
1802.71,20
1802.806,19
1802.902,16
1802.999,13
1803.095,5
1803.191,2
1803.287,2
1803.384,2
1803.48,0
1803.576,2
1803.673,5
1803.769,9
1803.865,12
1803.962,11
1804.058,9
1804.154,5
1804.251,6
1804.347,9
1804.443,12
1804.54,16
1804.636,17
1804.733,13
1804.829,9
1804.925,5
1805.022,5
1805.118,11
1805.214,15
1805.311,18
1805.407,20
1805.503,18
1805.6,17
1805.696,18
1805.793,9
1805.889,7
1805.985,6
1806.082,7
1806.178,5
1806.274,10
1806.371,12
1806.467,13
1806.564,18
1806.66,21
1806.757,22
1806.853,23
1806.949,31
1807.046,30
1807.142,29
1807.239,25
1807.335,22
1807.431,19
1807.528,17
1807.624,16
1807.721,11
1807.817,11
1807.914,9
1808.01,9
1808.106,6
1808.203,8
1808.299,11
1808.396,15
1808.492,18
1808.589,16
1808.685,17
1808.782,16
1808.878,12
1808.975,12
1809.071,15
1809.168,13
1809.264,12
1809.361,11
1809.457,9
1809.553,7
1809.65,5
1809.746,4
1809.843,3
1809.939,3
1810.036,3
1810.132,5
1810.229,6
1810.325,8
1810.422,7
1810.518,6
1810.615,5
1810.711,2
1810.808,1
1810.905,1
1811.001,3
1811.098,4
1811.194,8
1811.291,8
1811.387,8
1811.484,11
1811.58,9
1811.677,9
1811.773,8
1811.87,9
1811.966,6
1812.063,7
1812.16,7
1812.256,6
1812.353,4
1812.449,3
1812.546,4
1812.642,4
1812.739,4
1812.835,4
1812.932,7
1813.029,4
1813.125,5
1813.222,5
1813.318,3
1813.415,3
1813.512,2
1813.608,2
1813.705,0
1813.801,1
1813.898,2
1813.995,3
1814.091,3
1814.188,5
1814.284,13
1814.381,12
1814.478,12
1814.574,14
1814.671,14
1814.768,18
1814.864,22
1814.961,25
1815.057,25
1815.154,25
1815.251,25
1815.347,22
1815.444,22
1815.541,21
1815.637,19
1815.734,19
1815.831,16
1815.927,18
1816.024,21
1816.121,20
1816.217,19
1816.314,19
1816.411,18
1816.507,16
1816.604,12
1816.701,14
1816.797,12
1816.894,11
1816.991,11
1817.087,8
1817.184,9
1817.281,10
1817.377,13
1817.474,12
1817.571,8
1817.668,8
1817.764,5
1817.861,6
1817.958,6
1818.054,10
1818.151,11
1818.248,12
1818.345,12
1818.441,7
1818.538,8
1818.635,15
1818.731,15
1818.828,16
1818.925,13
1819.022,18
1819.118,26
1819.215,30
1819.312,39
1819.409,33
1819.505,30
1819.602,28
1819.699,21
1819.796,20
1819.892,21
1819.989,21
1820.086,10
1820.183,13
1820.28,15
1820.376,16
1820.473,18
1820.57,20
1820.667,18
1820.763,18
1820.86,12
1820.957,7
1821.054,6
1821.151,6
1821.247,7
1821.344,6
1821.441,7
1821.538,10
1821.635,11
1821.731,12
1821.828,13
1821.925,18
1822.022,20
1822.119,21
1822.216,21
1822.312,20
1822.409,22
1822.506,21
1822.603,18
1822.7,13
1822.797,8
1822.893,6
1822.99,8
1823.087,9
1823.184,11
1823.281,12
1823.378,11
1823.475,12
1823.571,9
1823.668,12
1823.765,15
1823.862,19
1823.959,20
1824.056,23
1824.153,21
1824.25,18
1824.346,23
1824.443,19
1824.54,19
1824.637,20
1824.734,20
1824.831,16
1824.928,16
1825.025,15
1825.122,13
1825.219,13
1825.316,13
1825.412,12
1825.509,11
1825.606,12
1825.703,14
1825.8,17
1825.897,16
1825.994,16
1826.091,15
1826.188,15
1826.285,10
1826.382,9
1826.479,6
1826.576,1
1826.673,1
1826.77,6
1826.866,9
1826.963,12
1827.06,16
1827.157,14
1827.254,18
1827.351,19
1827.448,17
1827.545,17
1827.642,15
1827.739,15
1827.836,16
1827.933,18
1828.03,16
1828.127,18
1828.224,15
1828.321,14
1828.418,13
1828.515,11
1828.612,13
1828.709,14
1828.806,18
1828.903,19
1829,24
1829.097,18
1829.194,16
1829.291,18
1829.388,13
1829.485,13
1829.582,12
1829.679,9
1829.776,13
1829.873,11
1829.97,9
1830.067,7
1830.164,5
1830.262,8
1830.359,11
1830.456,11
1830.553,8
1830.65,6
1830.747,6
1830.844,6
1830.941,9
1831.038,10
1831.135,9
1831.232,14
1831.329,16
1831.426,14
1831.523,12
1831.62,13
1831.718,11
1831.815,14
1831.912,18
1832.009,17
1832.106,16
1832.203,14
1832.3,12
1832.397,12
1832.494,19
1832.591,20
1832.689,19
1832.786,20
1832.883,18
1832.98,19
1833.077,18
1833.174,18
1833.271,16
1833.368,20
1833.466,24
1833.563,26
1833.66,23
1833.757,23
1833.854,22
1833.951,28
1834.048,26
1834.146,25
1834.243,25
1834.34,20
1834.437,23
1834.534,21
1834.631,19
1834.729,14
1834.826,15
1834.923,15
1835.02,15
1835.117,20
1835.214,14
1835.312,17
1835.409,16
1835.506,11
1835.603,9
1835.7,8
1835.798,10
1835.895,11
1835.992,10
1836.089,8
1836.186,9
1836.284,9
1836.381,14
1836.478,14
1836.575,16
1836.672,17
1836.77,11
1836.867,11
1836.964,7
1837.061,6
1837.159,4
1837.256,6
1837.353,9
1837.45,12
1837.548,20
1837.645,25
1837.742,28
1837.839,35
1837.937,40
1838.034,38
1838.131,36
1838.228,32
1838.326,28
1838.423,26
1838.52,26
1838.617,21
1838.715,20
1838.812,12
1838.909,11
1839.007,11
1839.104,7
1839.201,10
1839.298,12
1839.396,12
1839.493,11
1839.59,13
1839.688,11
1839.785,13
1839.882,20
1839.98,18
1840.077,18
1840.174,18
1840.271,20
1840.369,26
1840.466,28
1840.563,29
1840.661,30
1840.758,22
1840.855,22
1840.953,17
1841.05,15
1841.147,14
1841.245,10
1841.342,11
1841.439,13
1841.537,13
1841.634,16
1841.732,21
1841.829,30
1841.926,31
1842.024,32
1842.121,30
1842.218,27
1842.316,22
1842.413,22
1842.51,21
1842.608,16
1842.705,14
1842.803,9
1842.9,6
1842.997,2
1843.095,3
1843.192,4
1843.29,6
1843.387,6
1843.484,11
1843.582,14
1843.679,17
1843.777,24
1843.874,21
1843.971,20
1844.069,21
1844.166,20
1844.264,19
1844.361,22
1844.459,20
1844.556,14
1844.653,15
1844.751,15
1844.848,14
1844.946,10
1845.043,9
1845.141,3
1845.238,3
1845.336,6
1845.433,8
1845.531,8
1845.628,8
1845.725,11
1845.823,12
1845.92,13
1846.018,16
1846.115,13
1846.213,12
1846.31,12
1846.408,5
1846.505,9
1846.603,12
1846.7,14
1846.798,15
1846.895,22
1846.993,21
1847.09,20
1847.188,21
1847.285,13
1847.383,14
1847.48,15
1847.578,16
1847.675,12
1847.773,14
1847.87,16
1847.968,27
1848.065,28
1848.163,30
1848.26,32
1848.358,33
1848.456,29
1848.553,27
1848.651,25
1848.748,22
1848.846,23
1848.943,23
1849.041,18
1849.138,20
1849.236,19
1849.334,24
1849.431,27
1849.529,31
1849.626,44
1849.724,39
1849.821,37
1849.919,34
1850.017,21
1850.114,25
1850.212,29
1850.309,30
1850.407,24
1850.504,25
1850.602,20
1850.7,18
1850.797,13
1850.895,12
1850.992,14
1851.09,16
1851.188,19
1851.285,15
1851.383,18
1851.481,13
1851.578,13
1851.676,14
1851.773,16
1851.871,18
1851.969,16
1852.066,17
1852.164,14
1852.262,13
1852.359,13
1852.457,12
1852.555,12
1852.652,10
1852.75,11
1852.848,11
1852.945,9
1853.043,9
1853.141,13
1853.238,19
1853.336,20
1853.434,23
1853.531,28
1853.629,27
1853.727,24
1853.824,19
1853.922,10
1854.02,6
1854.117,6
1854.215,9
1854.313,8
1854.41,12
1854.508,12
1854.606,11
1854.704,14
1854.801,19
1854.899,24
1854.997,28
1855.094,32
1855.192,29
1855.29,30
1855.388,33
1855.485,34
1855.583,32
1855.681,27
1855.778,19
1855.876,14
1855.974,12
1856.072,11
1856.169,10
1856.267,11
1856.365,14
1856.463,18
1856.56,21
1856.658,33
1856.756,32
1856.854,31
1856.952,34
1857.049,27
1857.147,25
1857.245,18
1857.343,15
1857.44,11
1857.538,13
1857.636,16
1857.734,20
1857.832,17
1857.929,18
1858.027,20
1858.125,22
1858.223,23
1858.321,22
1858.418,20
1858.516,16
1858.614,14
1858.712,14
1858.81,14
1858.907,16
1859.005,12
1859.103,12
1859.201,15
1859.299,14
1859.397,12
1859.494,11
1859.592,10
1859.69,7
1859.788,6
1859.886,7
1859.984,8
1860.081,10
1860.179,15
1860.277,20
1860.375,15
1860.473,12
1860.571,7
1860.669,5
1860.767,4
1860.864,3
1860.962,4
1861.06,3
1861.158,4
1861.256,6
1861.354,6
1861.452,6
1861.55,5
1861.647,3
1861.745,5
1861.843,4
1861.941,5
1862.039,8
1862.137,10
1862.235,11
1862.333,11
1862.431,14
1862.529,19
1862.627,18
1862.724,17
1862.822,16
1862.92,11
1863.018,11
1863.116,13
1863.214,8
1863.312,9
1863.41,9
1863.508,8
1863.606,7
1863.704,7
1863.802,9
1863.9,9
1863.998,10
1864.096,9
1864.194,12
1864.292,16
1864.39,23
1864.488,33
1864.586,30
1864.683,27
1864.781,24
1864.879,16
1864.977,16
1865.075,17
1865.173,14
1865.271,11
1865.369,9
1865.467,6
1865.565,2
1865.663,6
1865.761,7
1865.859,10
1865.957,12
1866.055,13
1866.153,11
1866.251,7
1866.349,4
1866.448,3
1866.546,3
1866.644,3
1866.742,3
1866.84,11
1866.938,14
1867.036,17
1867.134,25
1867.232,27
1867.33,24
1867.428,21
1867.526,16
1867.624,8
1867.722,10
1867.82,12
1867.918,10
1868.016,12
1868.114,13
1868.212,17
1868.31,21
1868.409,28
1868.507,29
1868.605,24
1868.703,24
1868.801,18
1868.899,15
1868.997,13
1869.095,10
1869.193,10
1869.291,14
1869.389,12
1869.488,13
1869.586,15
1869.684,15
1869.782,17
1869.88,21
1869.978,24
1870.076,25
1870.174,25
1870.272,23
1870.371,24
1870.469,22
1870.567,21
1870.665,19
1870.763,12
1870.861,13
1870.959,15
1871.058,18
1871.156,21
1871.254,20
1871.352,17
1871.45,15
1871.548,11
1871.647,18
1871.745,22
1871.843,26
1871.941,34
1872.039,27
1872.137,25
1872.236,21
1872.334,16
1872.432,14
1872.53,13
1872.628,17
1872.726,17
1872.825,23
1872.923,29
1873.021,38
1873.119,42
1873.217,37
1873.316,32
1873.414,23
1873.512,23
1873.61,21
1873.709,21
1873.807,20
1873.905,10
1874.003,10
1874.101,9
1874.2,5
1874.298,6
1874.396,6
1874.494,5
1874.593,4
1874.691,4
1874.789,8
1874.887,10
1874.986,14
1875.084,20
1875.182,24
1875.28,25
1875.379,28
1875.477,29
1875.575,25
1875.673,23
1875.772,21
1875.87,18
1875.968,13
1876.067,12
1876.165,8
1876.263,5
1876.361,8
1876.46,8
1876.558,10
1876.656,10
1876.755,10
1876.853,11
1876.951,11
1877.05,17
1877.148,15
1877.246,15
1877.344,17
1877.443,14
1877.541,13
1877.639,14
1877.738,14
1877.836,16
1877.934,17
1878.033,16
1878.131,16
1878.229,12
1878.328,12
1878.426,12
1878.524,11
1878.623,10
1878.721,12
1878.82,12
1878.918,13
1879.016,13
1879.115,13
1879.213,18
1879.311,18
1879.41,21
1879.508,18
1879.606,20
1879.705,20
1879.803,18
1879.902,15
1880,11
1880.098,6
1880.197,2
1880.295,3
1880.394,3
1880.492,2
1880.59,2
1880.689,1
1880.787,5
1880.886,8
1880.984,10
1881.082,16
1881.181,13
1881.279,10
1881.378,12
1881.476,12
1881.575,12
1881.673,11
1881.771,8
1881.87,3
1881.968,3
1882.067,4
1882.165,5
1882.264,5
1882.362,4
1882.461,3
1882.559,3
1882.657,2
1882.756,5
1882.854,5
1882.953,7
1883.051,8
1883.15,9
1883.248,10
1883.347,11
1883.445,11
1883.544,11
1883.642,13
1883.741,12
1883.839,20
1883.938,23
1884.036,23
1884.135,28
1884.233,26
1884.332,21
1884.43,22
1884.529,31
1884.627,24
1884.726,18
1884.824,14
1884.923,6
1885.021,6
1885.12,6
1885.218,6
1885.317,7
1885.415,7
1885.514,8
1885.612,9
1885.711,13
1885.809,12
1885.908,11
1886.007,13
1886.105,9
1886.204,8
1886.302,5
1886.401,7
1886.499,6
1886.598,6
1886.696,9
1886.795,7
1886.894,8
1886.992,8
1887.091,8
1887.189,8
1887.288,10
1887.386,9
1887.485,7
1887.584,6
1887.682,4
1887.781,5
1887.879,5
1887.978,5
1888.077,5
1888.175,6
1888.274,8
1888.372,12
1888.471,13
1888.57,15
1888.668,19
1888.767,17
1888.866,14
1888.964,13
1889.063,9
1889.161,12
1889.26,8
1889.359,8
1889.457,4
1889.556,6
1889.655,6
1889.753,6
1889.852,8
1889.951,8
1890.049,8
1890.148,11
1890.247,13
1890.345,12
1890.444,13
1890.543,10
1890.641,7
1890.74,7
1890.839,6
1890.937,6
1891.036,6
1891.135,9
1891.233,12
1891.332,13
1891.431,15
1891.529,11
1891.628,9
1891.727,7
1891.826,5
1891.924,5
1892.023,7
1892.122,11
1892.22,12
1892.319,16
1892.418,15
1892.517,16
1892.615,16
1892.714,16
1892.813,14
1892.911,17
1893.01,20
1893.109,21
1893.208,22
1893.306,20
1893.405,22
1893.504,21
1893.603,16
1893.701,13
1893.8,10
1893.899,5
1893.998,4
1894.096,7
1894.195,5
1894.294,5
1894.393,3
1894.491,1
1894.59,2
1894.689,5
1894.788,8
1894.887,11
1894.985,14
1895.084,13
1895.183,17
1895.282,14
1895.381,14
1895.479,13
1895.578,9
1895.677,9
1895.776,7
1895.875,10
1895.973,9
1896.072,12
1896.171,13
1896.27,17
1896.369,19
1896.468,19
1896.566,18
1896.665,17
1896.764,17
1896.863,15
1896.962,16
1897.061,17
1897.159,10
1897.258,13
1897.357,13
1897.456,14
1897.555,12
1897.654,11
1897.752,11
1897.851,10
1897.95,12
1898.049,12
1898.148,12
1898.247,12
1898.346,11
1898.445,12
1898.543,11
1898.642,11
1898.741,10
1898.84,12
1898.939,17
1899.038,25
1899.137,29
1899.236,24
1899.335,19
1899.434,13
1899.532,8
1899.631,9
1899.73,11
1899.829,9
1899.928,11
1900.027,12
1900.126,11
1900.225,12
1900.324,15
1900.423,15
1900.522,17
1900.621,23
1900.72,17
1900.818,17
1900.917,15
1901.016,17
1901.115,17
1901.214,18
1901.313,21
1901.412,23
1901.511,19
1901.61,15
1901.709,10
1901.808,9
1901.907,10
1902.006,10
1902.105,10
1902.204,7
1902.303,5
1902.402,5
1902.501,5
1902.6,4
1902.699,11
1902.798,21
1902.897,26
1902.996,32
1903.095,36
1903.194,27
1903.293,25
1903.392,24
1903.491,19
1903.59,13
1903.689,10
1903.788,7
1903.887,1
1903.986,2
1904.085,2
1904.184,3
1904.283,4
1904.382,5
1904.481,5
1904.58,6
1904.679,4
1904.778,6
1904.877,8
1904.976,11
1905.076,12
1905.175,10
1905.274,9
1905.373,8
1905.472,7
1905.571,7
1905.67,8
1905.769,9
1905.868,7
1905.967,6
1906.066,4
1906.165,1
1906.264,4
1906.363,5
1906.463,6
1906.562,7
1906.661,11
1906.76,11
1906.859,9
1906.958,7
1907.057,6
1907.156,6
1907.255,8
1907.355,11
1907.454,11
1907.553,11
1907.652,11
1907.751,10
1907.85,11
1907.949,10
1908.048,9
1908.148,8
1908.247,7
1908.346,8
1908.445,7
1908.544,8
1908.643,7
1908.742,9
1908.842,13
1908.941,11
1909.04,11
1909.139,8
1909.238,8
1909.337,9
1909.437,12
1909.536,13
1909.635,12
1909.734,9
1909.833,7
1909.932,12
1910.032,12
1910.131,12
1910.23,17
1910.329,15
1910.428,15
1910.528,15
1910.627,13
1910.726,16
1910.825,18
1910.924,20
1911.024,18
1911.123,18
1911.222,17
1911.321,15
1911.421,15
1911.52,11
1911.619,11
1911.718,14
1911.817,12
1911.917,11
1912.016,9
1912.115,9
1912.214,7
1912.314,9
1912.413,10
1912.512,11
1912.611,8
1912.711,8
1912.81,8
1912.909,10
1913.009,15
1913.108,13
1913.207,14
1913.306,12
1913.406,10
1913.505,9
1913.604,6
1913.703,5
1913.803,2
1913.902,2
1914.001,2
1914.101,6
1914.2,6
1914.299,6
1914.399,9
1914.498,4
1914.597,5
1914.696,5
1914.796,4
1914.895,10
1914.994,9
1915.094,15
1915.193,17
1915.292,16
1915.392,21
1915.491,20
1915.59,19
1915.69,17
1915.789,12
1915.888,9
1915.988,8
1916.087,7
1916.186,3
1916.286,3
1916.385,3
1916.484,3
1916.584,5
1916.683,7
1916.783,8
1916.882,10
1916.981,13
1917.081,10
1917.18,11
1917.279,8
1917.379,5
1917.478,4
1917.578,5
1917.677,8
1917.776,8
1917.876,9
1917.975,11
1918.075,8
1918.174,6
1918.273,6
1918.373,5
1918.472,4
1918.572,5
1918.671,3
1918.77,1
1918.87,1
1918.969,1
1919.069,2
1919.168,3
1919.268,3
1919.367,2
1919.466,1
1919.566,5
1919.665,8
1919.765,9
1919.864,12
1919.964,9
1920.063,14
1920.163,15
1920.262,14
1920.362,16
1920.461,9
1920.56,10
1920.66,8
1920.759,5
1920.859,4
1920.958,2
1921.058,8
1921.157,12
1921.257,16
1921.356,25
1921.456,30
1921.555,27
1921.655,25
1921.754,19
1921.854,13
1921.953,11
1922.053,10
1922.152,7
1922.252,3
1922.351,5
1922.451,7
1922.55,7
1922.65,8
1922.749,7
1922.849,7
1922.948,9
1923.048,8
1923.148,8
1923.247,2
1923.347,1
1923.446,2
1923.546,2
1923.645,5
1923.745,4
1923.844,3
1923.944,3
1924.043,5
1924.143,5
1924.243,6
1924.342,6
1924.442,10
1924.541,9
1924.641,7
1924.74,7
1924.84,4
1924.94,5
1925.039,6
1925.139,6
1925.238,5
1925.338,4
1925.438,4
1925.537,3
1925.637,8
1925.736,13
1925.836,13
1925.936,14
1926.035,15
1926.135,18
1926.234,15
1926.334,12
1926.434,9
1926.533,5
1926.633,6
1926.733,8
1926.832,6
1926.932,7
1927.031,6
1927.131,4
1927.231,5
1927.33,7
1927.43,10
1927.53,13
1927.629,14
1927.729,12
1927.829,13
1927.928,14
1928.028,20
1928.128,18
1928.227,19
1928.327,15
1928.427,13
1928.526,16
1928.626,11
1928.726,7
1928.825,6
1928.925,11
1929.025,13
1929.124,16
1929.224,17
1929.324,17
1929.424,18
1929.523,17
1929.623,20
1929.723,20
1929.822,23
1929.922,19
1930.022,23
1930.122,21
1930.221,20
1930.321,19
1930.421,15
1930.52,14
1930.62,18
1930.72,19
1930.82,19
1930.919,22
1931.019,20
1931.119,23
1931.219,24
1931.318,28
1931.418,27
1931.518,26
1931.618,31
1931.717,29
1931.817,31
1931.917,32
1932.017,35
1932.117,31
1932.216,29
1932.316,23
1932.416,14
1932.516,7
1932.615,4
1932.715,5
1932.815,2
1932.915,2
1933.015,2
1933.114,2
1933.214,2
1933.314,5
1933.414,6
1933.514,8
1933.613,8
1933.713,9
1933.813,11
1933.913,11
1934.013,15
1934.113,17
1934.212,14
1934.312,11
1934.412,7
1934.512,2
1934.612,2
1934.712,4
1934.811,6
1934.911,6
1935.011,9
1935.111,9
1935.211,8
1935.311,8
1935.41,6
1935.51,6
1935.61,7
1935.71,11
1935.81,12
1935.91,14
1936.01,22
1936.11,23
1936.209,22
1936.309,24
1936.409,23
1936.509,28
1936.609,27
1936.709,29
1936.809,24
1936.909,17
1937.009,18
1937.108,13
1937.208,12
1937.308,10
1937.408,9
1937.508,9
1937.608,10
1937.708,14
1937.808,12
1937.908,11
1938.008,9
1938.108,6
1938.208,9
1938.308,8
1938.407,9
1938.507,9
1938.607,7
1938.707,5
1938.807,5
1938.907,4
1939.007,4
1939.107,4
1939.207,5
1939.307,7
1939.407,10
1939.507,13
1939.607,14
1939.707,19
1939.807,17
1939.907,15
1940.007,14
1940.107,12
1940.207,12
1940.307,12
1940.407,13
1940.507,14
1940.607,13
1940.707,12
1940.807,10
1940.907,6
1941.007,7
1941.107,7
1941.207,9
1941.307,9
1941.407,9
1941.507,14
1941.607,15
1941.707,15
1941.807,17
1941.907,15
1942.007,11
1942.107,13
1942.207,11
1942.307,8
1942.407,9
1942.507,13
1942.607,15
1942.707,15
1942.807,14
1942.907,11
1943.008,9
1943.108,8
1943.208,8
1943.308,8
1943.408,6
1943.508,5
1943.608,4
1943.708,2
1943.808,3
1943.908,5
1944.008,6
1944.108,10
1944.208,18
1944.309,21
1944.409,25
1944.509,35
1944.609,30
1944.709,28
1944.809,26
1944.909,18
1945.009,15
1945.109,15
1945.21,18
1945.31,15
1945.41,16
1945.51,15
1945.61,17
1945.71,10
1945.81,9
1945.91,11
1946.011,12
1946.111,19
1946.211,23
1946.311,26
1946.411,24
1946.511,22
1946.611,21
1946.712,16
1946.812,13
1946.912,9
1947.012,8
1947.112,8
1947.212,11
1947.313,11
1947.413,15
1947.513,16
1947.613,22
1947.713,22
1947.814,22
1947.914,20
1948.014,14
1948.114,16
1948.214,19
1948.314,19
1948.415,19
1948.515,22
1948.615,17
1948.715,15
1948.816,14
1948.916,7
1949.016,5
1949.116,5
1949.216,4
1949.317,5
1949.417,6
1949.517,7
1949.617,6
1949.718,5
1949.818,5
1949.918,7
1950.018,6
1950.119,5
1950.219,4
1950.319,6
1950.419,5
1950.52,5
1950.62,3
1950.72,3
1950.82,3
1950.921,2
1951.021,7
1951.121,7
1951.221,11
1951.322,14
1951.422,11
1951.522,10
1951.623,12
1951.723,12
1951.823,14
1951.923,17
1952.024,14
1952.124,12
1952.224,9
1952.325,7
1952.425,5
1952.525,7
1952.626,8
1952.726,7
1952.826,8
1952.927,9
1953.027,9
1953.127,11
1953.227,12
1953.328,15
1953.428,15
1953.528,13
1953.629,10
1953.729,5
1953.83,4
1953.93,5
1954.03,8
1954.131,9
1954.231,10
1954.331,13
1954.432,12
1954.532,12
1954.632,11
1954.733,7
1954.833,7
1954.933,9
1955.034,10
1955.134,11
1955.235,12
1955.335,15
1955.435,15
1955.536,15
1955.636,15
1955.737,7
1955.837,8
1955.937,10
1956.038,18
1956.138,21
1956.239,20
1956.339,22
1956.439,17
1956.54,16
1956.64,17
1956.741,14
1956.841,10
1956.942,6
1957.042,5
1957.142,4
1957.243,5
1957.343,6
1957.444,5
1957.544,5
1957.645,3
1957.745,5
1957.845,5
1957.946,4
1958.046,7
1958.147,8
1958.247,10
1958.348,11
1958.448,17
1958.549,15
1958.649,14
1958.75,15
1958.85,14
1958.951,12
1959.051,16
1959.152,19
1959.252,18
1959.353,24
1959.453,24
1959.554,20
1959.654,19
1959.755,15
1959.855,12
1959.956,11
1960.056,12
1960.157,12
1960.257,12
1960.358,12
1960.458,8
1960.559,6
1960.659,5
1960.76,6
1960.86,7
1960.961,6
1961.061,6
1961.162,6
1961.262,7
1961.363,9
1961.463,9
1961.564,9
1961.665,5
1961.765,2
1961.866,4
1961.966,5
1962.067,7
1962.167,7
1962.268,7
1962.368,7
1962.469,7
1962.57,9
1962.67,11
1962.771,13
1962.871,14
1962.972,13
1963.073,9
1963.173,6
1963.274,9
1963.374,12
1963.475,15
1963.575,18
1963.676,19
1963.777,21
1963.877,21
1963.978,21
1964.079,18
1964.179,13
1964.28,12
1964.38,13
1964.481,13
1964.582,13
1964.682,13
1964.783,10
1964.884,11
1964.984,5
1965.085,6
1965.185,7
1965.286,8
1965.387,10
1965.487,8
1965.588,7
1965.689,6
1965.789,2
1965.89,4
1965.991,5
1966.091,9
1966.192,11
1966.293,9
1966.393,10
1966.494,7
1966.595,7
1966.695,8
1966.796,8
1966.897,7
1966.997,6
1967.098,8
1967.199,9
1967.3,12
1967.4,15
1967.501,13
1967.602,11
1967.702,11
1967.803,8
1967.904,9
1968.005,10
1968.105,12
1968.206,11
1968.307,9
1968.407,7
1968.508,3
1968.609,1
1968.71,3
1968.81,6
1968.911,7
1969.012,11
1969.113,14
1969.213,16
1969.314,19
1969.415,17
1969.516,14
1969.616,12
1969.717,10
1969.818,7
1969.919,7
1970.019,6
1970.12,5
1970.221,6
1970.322,7
1970.423,8
1970.523,8
1970.624,7
1970.725,8
1970.826,9
1970.926,12
1971.027,14
1971.128,13
1971.229,13
1971.33,11
1971.43,13
1971.531,11
1971.632,9
1971.733,9
1971.834,8
1971.935,9
1972.035,12
1972.136,17
1972.237,20
1972.338,20
1972.439,15
1972.54,12
1972.64,7
1972.741,6
1972.842,9
1972.943,9
1973.044,14
1973.145,12
1973.245,8
1973.346,8
1973.447,4
1973.548,6
1973.649,9
1973.75,10
1973.851,18
1973.951,20
1974.052,20
1974.153,22
1974.254,18
1974.355,17
1974.456,16
1974.557,15
1974.658,10
1974.759,8
1974.859,8
1974.96,4
1975.061,8
1975.162,9
1975.263,11
1975.364,10
1975.465,7
1975.566,6
1975.667,4
1975.768,3
1975.869,4
1975.969,6
1976.07,7
1976.171,9
1976.272,11
1976.373,15
1976.474,20
1976.575,28
1976.676,28
1976.777,23
1976.878,17
1976.979,10
1977.08,13
1977.181,15
1977.282,14
1977.383,10
1977.484,16
1977.585,15
1977.686,17
1977.787,18
1977.888,16
1977.989,14
1978.09,11
1978.19,10
1978.291,6
1978.392,6
1978.493,6
1978.594,5
1978.695,1
1978.796,0
1978.897,1
1978.998,1
1979.099,4
1979.2,6
1979.301,6
1979.402,8
1979.504,15
1979.605,15
1979.706,17
1979.807,16
1979.908,11
1980.009,10
1980.11,8
1980.211,8
1980.312,7
1980.413,6
1980.514,6
1980.615,6
1980.716,7
1980.817,11
1980.918,14
1981.019,17
1981.12,22
1981.221,25
1981.322,24
1981.423,23
1981.524,21
1981.625,17
1981.727,16
1981.828,16
1981.929,14
1982.03,12
1982.131,11
1982.232,14
1982.333,14
1982.434,13
1982.535,12
1982.636,7
1982.737,5
1982.839,5
1982.94,5
1983.041,6
1983.142,2
1983.243,2
1983.344,3
1983.445,2
1983.546,4
1983.647,6
1983.749,8
1983.85,8
1983.951,9
1984.052,9
1984.153,10
1984.254,10
1984.355,11
1984.457,13
1984.558,14
1984.659,19
1984.76,16
1984.861,13
1984.962,11
1985.064,8
1985.165,10
1985.266,12
1985.367,13
1985.468,10
1985.569,10
1985.671,10
1985.772,8
1985.873,6
1985.974,7
1986.075,5
1986.176,4
1986.278,4
1986.379,6
1986.48,7
1986.581,8
1986.682,8
1986.784,9
1986.885,8
1986.986,7
1987.087,6
1987.189,3
1987.29,4
1987.391,4
1987.492,5
1987.593,3
1987.695,3
1987.796,3
1987.897,3
1987.998,2
1988.1,1
1988.201,3
1988.302,2
1988.403,4
1988.505,4
1988.606,3
1988.707,5
1988.808,5
1988.91,6
1989.011,6
1989.112,7
1989.213,10
1989.315,11
1989.416,11
1989.517,12
1989.619,16
1989.72,17
1989.821,18
1989.922,19
1990.024,13
1990.125,12
1990.226,12
1990.328,14
1990.429,11
1990.53,10
1990.632,7
1990.733,5
1990.834,4
1990.935,2
1991.037,2
1991.138,0
1991.239,2
1991.341,2
1991.442,3
1991.543,3
1991.645,1
1991.746,2
1991.847,1
1991.949,1
1992.05,3
1992.151,3
1992.253,4
1992.354,7
1992.456,9
1992.557,11
1992.658,12
1992.76,12
1992.861,13
1992.962,14
1993.064,15
1993.165,16
1993.266,19
1993.368,17
1993.469,16
1993.571,19
1993.672,15
1993.773,18
1993.875,22
1993.976,24
1994.078,25
1994.179,24
1994.28,22
1994.382,23
1994.483,19
1994.585,21
1994.686,21
1994.787,18
1994.889,19
1994.99,23
1995.092,22
1995.193,20
1995.295,22
1995.396,16
1995.497,16
1995.599,14
1995.7,10
1995.802,9
1995.903,7
1996.005,6
1996.106,4
1996.208,3
1996.309,4
1996.41,4
1996.512,6
1996.613,6
1996.715,6
1996.816,6
1996.918,7
1997.019,8
1997.121,9
1997.222,9
1997.324,5
1997.425,4
1997.527,4
1997.628,7
1997.73,11
1997.831,14
1997.933,16
1998.034,22
1998.136,23
1998.237,22
1998.339,20
1998.44,20
1998.542,18
1998.643,19
1998.745,24
1998.846,26
1998.948,24
1999.049,29
1999.151,26
1999.252,23
1999.354,25
1999.455,20
1999.557,17
1999.658,16
1999.76,13
1999.862,9
1999.963,8
2000.065,4
2000.166,0
2000.268,0
2000.369,2
2000.471,6
2000.572,10
2000.674,14
2000.776,19
2000.877,24
2000.979,26
2001.08,24
2001.182,19
2001.284,15
2001.385,12
2001.487,11
2001.588,11
2001.69,9
2001.791,15
2001.893,15
2001.995,14
2002.096,17
2002.198,19
2002.299,20
2002.401,19
2002.503,19
2002.604,13
2002.706,11
2002.808,10
2002.909,3
2003.011,3
2003.112,5
2003.214,5
2003.316,6
2003.417,8
2003.519,4
2003.621,3
2003.722,5
2003.824,7
2003.926,10
2004.027,12
2004.129,12
2004.231,14
2004.332,12
2004.434,12
2004.536,12
2004.637,13
2004.739,15
2004.841,16
2004.942,18
2005.044,17
2005.146,17
2005.247,14
2005.349,10
2005.451,6
2005.552,4
2005.654,5
2005.756,6
2005.858,6
2005.959,6
2006.061,7
2006.163,5
2006.264,8
2006.366,7
2006.468,5
2006.57,8
2006.671,8
2006.773,8
2006.875,8
2006.976,3
2007.078,2
2007.18,3
2007.282,3
2007.383,4
2007.485,6
2007.587,8
2007.689,7
2007.79,6
2007.892,7
2007.994,4
2008.096,7
2008.197,7
2008.299,5
2008.401,4
2008.503,3
2008.605,4
2008.706,8
2008.808,11
2008.91,11
2009.012,13
2009.113,16
2009.215,15
2009.317,14
2009.419,16
2009.521,8
2009.622,6
2009.724,8
2009.826,5
2009.928,7
2010.03,11
2010.131,9
2010.233,12
2010.335,11
2010.437,11
2010.539,13
2010.641,14
2010.742,19
2010.844,19
2010.946,19
2011.048,17
2011.15,14
2011.252,14
2011.353,14
2011.455,13
2011.557,8
2011.659,6
2011.761,7
2011.863,10
2011.965,9
2012.066,10
2012.168,9
2012.27,6
2012.372,12
2012.474,12
2012.576,12
2012.678,13
2012.78,16
2012.881,15
2012.983,14
2013.085,12
2013.187,4
2013.289,5
2013.391,4
2013.493,3
2013.595,4
2013.697,2
2013.799,2
2013.9,3
2014.002,5
2014.104,9
2014.206,13
2014.308,18
2014.41,19
2014.512,19
2014.614,21
2014.716,19
2014.818,20
2014.92,19
2015.022,16
2015.124,11
2015.226,5
2015.328,4
2015.429,3
2015.531,5
2015.633,4
2015.735,6
2015.837,8
2015.939,10
2016.041,13
2016.143,12
2016.245,11
2016.347,7
2016.449,3
2016.551,3
2016.653,3
2016.755,3
2016.857,1
2016.959,2
2017.061,2
2017.163,3
2017.265,4
2017.367,4
2017.469,5
2017.571,7
2017.673,8
2017.775,9
2017.877,11
2017.979,11
2018.081,13
2018.183,11
2018.285,8
2018.387,5
2018.489,6
2018.591,6
2018.693,6
2018.795,8
2018.897,10
2018.999,12
2019.101,11
2019.204,8
2019.306,3
2019.408,2
2019.51,2
2019.612,5
2019.714,8
2019.816,6
2019.918,6
2020.02,8
2020.122,7
2020.224,7
2020.326,7
2020.428,6
2020.53,4
2020.632,5
2020.735,5
2020.837,7
2020.939,10
2021.041,10
2021.143,12
2021.245,13
2021.347,18
2021.449,18
2021.551,16
2021.653,13
2021.756,10
2021.858,8
2021.96,8
2022.062,9
2022.164,7
2022.266,7
2022.368,6
2022.47,6
2022.573,3
2022.675,5
2022.777,8
2022.879,8
2022.981,13
2023.083,17
2023.185,16
2023.288,17
2023.39,16
2023.492,16
2023.594,17
2023.696,17
2023.798,21
2023.901,19
2024.003,18
2024.105,14
2024.207,10
2024.309,10
2024.412,7
2024.514,7
2024.616,7
2024.718,7
2024.82,8
2024.922,11
2025.025,16
2025.127,15
2025.229,14
2025.331,11
2025.434,7
2025.536,6
2025.638,5
2025.74,4
2025.842,3
2025.945,6
2026.047,7
2026.149,8
2026.251,8
2026.354,12
2026.456,16
2026.558,22
2026.66,25
2026.762,22
2026.865,19
2026.967,15
2027.069,9
2027.171,7
2027.274,10
2027.376,11
2027.478,8
2027.581,7
2027.683,4
2027.785,3
2027.887,3
2027.99,3
2028.092,5
2028.194,4
2028.296,8
2028.399,9
2028.501,6
2028.603,9
2028.706,9
2028.808,8
2028.91,8
2029.013,5
2029.115,2
2029.217,3
2029.319,4
2029.422,4
2029.524,3
2029.626,2
2029.729,2
2029.831,1
2029.933,1
2030.036,1
2030.138,0
2030.24,0
2030.343,3
2030.445,4
2030.547,6
2030.65,7
2030.752,6
2030.854,5
2030.957,4
2031.059,4
2031.162,2
2031.264,2
2031.366,4
2031.469,3
2031.571,3
2031.673,4
2031.776,4
2031.878,4
2031.98,5
2032.083,4
2032.185,3
2032.288,3
2032.39,5
2032.492,5
2032.595,3
2032.697,3
2032.8,1
2032.902,1
2033.004,1
2033.107,1
2033.209,1
2033.312,2
2033.414,3
2033.516,10
2033.619,13
2033.721,14
2033.824,16
2033.926,19
2034.029,18
2034.131,17
2034.233,15
2034.336,10
2034.438,10
2034.541,10
2034.643,9
2034.746,8
2034.848,7
2034.951,7
2035.053,6
2035.156,5
2035.258,8
2035.36,7
2035.463,7
2035.565,8
2035.668,2
2035.77,1
2035.873,1
2035.975,2
2036.078,5
2036.18,7
2036.283,9
2036.385,10
2036.488,10
2036.59,10
2036.693,10
2036.795,9
2036.898,11
2037,11
2037.103,9
2037.205,13
2037.308,12
2037.41,14
2037.513,12
2037.615,11
2037.718,10
2037.82,11
2037.923,16
2038.026,13
2038.128,14
2038.231,12
2038.333,11
2038.436,12
2038.538,10
2038.641,9
2038.743,7
2038.846,6
2038.948,5
2039.051,10
2039.154,10
2039.256,13
2039.359,16
2039.461,12
2039.564,11
2039.666,9
2039.769,6
2039.872,6
2039.974,6
2040.077,6
2040.179,4
2040.282,3
2040.385,3
2040.487,3
2040.59,8
2040.692,14
2040.795,17
2040.898,21
2041,22
2041.103,21
2041.205,20
2041.308,21
2041.411,19
2041.513,16
2041.616,16
2041.719,19
2041.821,20
2041.924,24
2042.026,27
2042.129,36
2042.232,32
2042.334,32
2042.437,31
2042.54,23
2042.642,32
2042.745,32
2042.848,33
2042.95,33
2043.053,32
2043.156,30
2043.258,29
2043.361,25
2043.464,22
2043.566,25
2043.669,22
2043.772,20
2043.874,17
2043.977,14
2044.08,13
2044.182,15
2044.285,10
2044.388,9
2044.491,9
2044.593,8
2044.696,6
2044.799,4
2044.901,4
2045.004,7
2045.107,9
2045.21,8
2045.312,8
2045.415,6
2045.518,11
2045.62,13
2045.723,14
2045.826,16
2045.929,13
2046.031,18
2046.134,17
2046.237,18
2046.34,23
2046.442,21
2046.545,20
2046.648,20
2046.751,26
2046.853,23
2046.956,21
2047.059,18
2047.162,13
2047.264,14
2047.367,17
2047.47,17
2047.573,14
2047.676,12
2047.778,12
2047.881,13
2047.984,14
2048.087,17
2048.19,15
2048.292,19
2048.395,18
2048.498,16
2048.601,16
2048.704,14
2048.806,12
2048.909,12
2049.012,11
2049.115,13
2049.218,20
2049.321,21
2049.423,20
2049.526,19
2049.629,14
2049.732,20
2049.835,23
2049.938,24
2050.04,22
2050.143,23
2050.246,24
2050.349,22
2050.452,24
2050.555,20
2050.657,17
2050.76,15
2050.863,7
2050.966,10
2051.069,11
2051.172,10
2051.275,7
2051.378,6
2051.48,4
2051.583,4
2051.686,4
2051.789,1
2051.892,1
2051.995,1
2052.098,4
2052.201,5
2052.304,5
2052.407,4
2052.509,3
2052.612,3
2052.715,5
2052.818,6
2052.921,8
2053.024,7
2053.127,7
2053.23,6
2053.333,4
2053.436,6
2053.539,7
2053.642,11
2053.745,11
2053.847,11
2053.95,9
2054.053,6
2054.156,6
2054.259,4
2054.362,3
2054.465,3
2054.568,4
2054.671,6
2054.774,9
2054.877,9
2054.98,11
2055.083,10
2055.186,8
2055.289,10
2055.392,11
2055.495,13
2055.598,14
2055.701,15
2055.804,14
2055.907,13
2056.01,13
2056.113,13
2056.216,10
2056.319,8
2056.422,6
2056.525,3
2056.628,3
2056.731,5
2056.834,8
2056.937,12
2057.04,19
2057.143,20
2057.246,21
2057.349,19
2057.452,12
2057.555,12
2057.658,10
2057.761,8
2057.864,4
2057.967,3
2058.07,3
2058.173,4
2058.276,4
2058.38,5
2058.483,6
2058.586,10
2058.689,10
2058.792,9
2058.895,9
2058.998,6
2059.101,9
2059.204,8
2059.307,6
2059.41,4
2059.513,3
2059.616,4
2059.72,7
2059.823,9
2059.926,10
2060.029,11
2060.132,12
2060.235,10
2060.338,10
2060.441,7
2060.544,7
2060.647,6
2060.751,6
2060.854,6
2060.957,8
2061.06,11
2061.163,13
2061.266,12
2061.369,8
2061.472,10
2061.576,6
2061.679,6
2061.782,6
2061.885,2
2061.988,3
2062.091,5
2062.195,8
2062.298,7
2062.401,8
2062.504,6
2062.607,4
2062.71,3
2062.814,1
2062.917,3
2063.02,7
2063.123,11
2063.226,15
2063.329,15
2063.433,13
2063.536,18
2063.639,19
2063.742,21
2063.845,24
2063.949,21
2064.052,21
2064.155,20
2064.258,22
2064.361,20
2064.465,16
2064.568,18
2064.671,15
2064.774,16
2064.877,21
2064.981,23
2065.084,26
2065.187,28
2065.29,23
2065.394,16
2065.497,11
2065.6,8
2065.703,6
2065.807,6
2065.91,7
2066.013,7
2066.116,6
2066.22,7
2066.323,7
2066.426,8
2066.529,8
2066.633,7
2066.736,8
2066.839,9
2066.943,13
2067.046,13
2067.149,13
2067.252,19
2067.356,15
2067.459,17
2067.562,14
2067.666,9
2067.769,5
2067.872,3
2067.975,3
2068.079,4
2068.182,8
2068.285,8
2068.389,9
2068.492,11
2068.595,13
2068.699,11
2068.802,10
2068.905,9
2069.009,7
2069.112,8
2069.215,12
2069.319,12
2069.422,13
2069.525,13
2069.629,11
2069.732,11
2069.835,9
2069.939,8
2070.042,6
2070.145,3
2070.249,3
2070.352,4
2070.456,4
2070.559,4
2070.662,7
2070.766,6
2070.869,8
2070.972,9
2071.076,14
2071.179,16
2071.283,18
2071.386,18
2071.489,15
2071.593,11
2071.696,6
2071.8,6
2071.903,4
2072.006,4
2072.11,4
2072.213,1
2072.317,3
2072.42,6
2072.523,6
2072.627,7
2072.73,6
2072.834,6
2072.937,8
2073.041,8
2073.144,13
2073.247,12
2073.351,12
2073.454,9
2073.558,7
2073.661,6
2073.765,4
2073.868,4
2073.972,1
2074.075,1
2074.179,1
2074.282,3
2074.385,3
2074.489,3
2074.592,3
2074.696,1
2074.799,1
2074.903,3
2075.006,3
2075.11,3
2075.213,5
2075.317,5
2075.42,8
2075.524,8
2075.627,10
2075.731,8
2075.834,6
2075.938,6
2076.041,3
2076.145,6
2076.248,7
2076.352,11
2076.455,14
2076.559,13
2076.662,15
2076.766,11
2076.869,8
2076.973,6
2077.077,3
2077.18,5
2077.284,5
2077.387,7
2077.491,11
2077.594,14
2077.698,16
2077.801,14
2077.905,9
2078.009,7
2078.112,5
2078.216,5
2078.319,5
2078.423,4
2078.526,3
2078.63,4
2078.733,4
2078.837,6
2078.941,5
2079.044,3
2079.148,2
2079.251,1
2079.355,5
2079.459,5
2079.562,9
2079.666,9
2079.769,9
2079.873,10
2079.977,7
2080.08,10
2080.184,7
2080.287,7
2080.391,7
2080.495,4
2080.598,3
2080.702,2
2080.806,1
2080.909,1
2081.013,1
2081.117,1
2081.22,2
2081.324,4
2081.427,6
2081.531,8
2081.635,13
2081.738,13
2081.842,14
2081.946,12
2082.049,7
2082.153,5
2082.257,6
2082.36,7
2082.464,7
2082.568,7
2082.671,7
2082.775,10
2082.879,11
2082.982,12
2083.086,17
2083.19,18
2083.294,17
2083.397,16
2083.501,11
2083.605,7
2083.708,7
2083.812,7
2083.916,9
2084.02,9
2084.123,9
2084.227,15
2084.331,15
2084.434,14
2084.538,12
2084.642,8
2084.746,2
2084.849,1
2084.953,1
2085.057,1
2085.161,1
2085.264,1
2085.368,2
2085.472,3
2085.576,6
2085.679,7
2085.783,8
2085.887,8
2085.991,7
2086.094,6
2086.198,5
2086.302,4
2086.406,3
2086.509,3
2086.613,2
2086.717,4
2086.821,4
2086.925,6
2087.028,7
2087.132,8
2087.236,13
2087.34,12
2087.444,14
2087.547,13
2087.651,9
2087.755,9
2087.859,11
2087.963,10
2088.066,9
2088.17,12
2088.274,10
2088.378,14
2088.482,15
2088.586,13
2088.689,13
2088.793,15
2088.897,23
2089.001,20
2089.105,21
2089.209,18
2089.312,13
2089.416,13
2089.52,12
2089.624,11
2089.728,6
2089.832,6
2089.936,7
2090.039,9
2090.143,22
2090.247,22
2090.351,22
2090.455,22
2090.559,7
2090.663,10
2090.767,13
2090.87,18
2090.974,28
2091.078,30
2091.182,29
2091.286,32
2091.39,32
2091.494,34
2091.598,34
2091.702,27
2091.806,31
2091.909,24
2092.013,19
2092.117,16
2092.221,8
2092.325,7
2092.429,9
2092.533,9
2092.637,9
2092.741,10
2092.845,10
2092.949,9
2093.053,12
2093.157,13
2093.261,12
2093.365,10
2093.469,6
2093.572,4
2093.676,4
2093.78,4
2093.884,2
2093.988,5
2094.092,9
2094.196,9
2094.3,13
2094.404,13
2094.508,11
2094.612,13
2094.716,15
2094.82,13
2094.924,12
2095.028,10
2095.132,10
2095.236,11
2095.34,12
2095.444,14
2095.548,8
2095.652,7
2095.756,6
2095.86,2
2095.964,7
2096.068,7
2096.172,6
2096.276,7
2096.38,3
2096.484,3
2096.588,3
2096.692,6
2096.796,6
2096.9,9
2097.005,14
2097.109,12
2097.213,21
2097.317,20
2097.421,20
2097.525,21
2097.629,26
2097.733,25
2097.837,22
2097.941,22
2098.045,16
2098.149,15
2098.253,15
2098.357,11
2098.461,14
2098.565,15
2098.67,15
2098.774,19
2098.878,16
2098.982,14
2099.086,12
2099.19,9
2099.294,7
2099.398,8
2099.502,11
2099.606,10
2099.711,10
2099.815,13
2099.919,11
2100.023,9
2100.127,7
2100.231,5
2100.335,6
2100.439,9
2100.544,12
2100.648,12
2100.752,13
2100.856,11
2100.96,15
2101.064,18
2101.168,18
2101.273,19
2101.377,15
2101.481,11
2101.585,10
2101.689,8
2101.793,4
2101.898,4
2102.002,3
2102.106,7
2102.21,8
2102.314,12
2102.418,16
2102.523,16
2102.627,21
2102.731,19
2102.835,17
2102.939,16
2103.044,15
2103.148,14
2103.252,13
2103.356,11
2103.46,4
2103.565,4
2103.669,4
2103.773,5
2103.877,4
2103.981,5
2104.086,7
2104.19,6
2104.294,3
2104.398,5
2104.503,5
2104.607,10
2104.711,12
2104.815,10
2104.92,11
2105.024,8
2105.128,10
2105.232,11
2105.337,9
2105.441,10
2105.545,8
2105.649,8
2105.754,10
2105.858,10
2105.962,13
2106.066,13
2106.171,16
2106.275,16
2106.379,6
2106.484,7
2106.588,11
2106.692,13
2106.796,13
2106.901,13
2107.005,8
2107.109,11
2107.214,16
2107.318,15
2107.422,12
2107.527,7
2107.631,6
2107.735,7
2107.84,8
2107.944,8
2108.048,6
2108.152,6
2108.257,6
2108.361,6
2108.465,6
2108.57,5
2108.674,5
2108.779,6
2108.883,5
2108.987,6
2109.092,6
2109.196,9
2109.3,14
2109.405,14
2109.509,14
2109.613,14
2109.718,13
2109.822,13
2109.926,13
2110.031,11
2110.135,6
2110.24,6
2110.344,7
2110.448,6
2110.553,3
2110.657,4
2110.762,3
2110.866,2
2110.97,1
2111.075,0
2111.179,0
2111.284,2
2111.388,4
2111.492,5
2111.597,6
2111.701,10
2111.806,15
2111.91,14
2112.014,13
2112.119,7
2112.223,4
2112.328,5
2112.432,6
2112.537,7
2112.641,9
2112.745,8
2112.85,8
2112.954,8
2113.059,5
2113.163,6
2113.268,6
2113.372,7
2113.477,8
2113.581,7
2113.686,6
2113.79,4
2113.895,3
2113.999,4
2114.103,5
2114.208,5
2114.312,2
2114.417,1
2114.521,0
2114.626,1
2114.73,3
2114.835,6
2114.939,9
2115.044,11
2115.148,17
2115.253,18
2115.357,17
2115.462,20
2115.566,15
2115.671,12
2115.775,12
2115.88,13
2115.985,14
2116.089,14
2116.194,13
2116.298,11
2116.403,9
2116.507,9
2116.612,9
2116.716,13
2116.821,16
2116.925,16
2117.03,16
2117.134,13
2117.239,8
2117.344,9
2117.448,8
2117.553,6
2117.657,3
2117.762,5
2117.866,7
2117.971,14
2118.076,15
2118.18,13
2118.285,13
2118.389,12
2118.494,9
2118.599,9
2118.703,8
2118.808,6
2118.912,5
2119.017,3
2119.122,2
2119.226,3
2119.331,5
2119.435,6
2119.54,7
2119.645,8
2119.749,10
2119.854,9
2119.958,9
2120.063,8
2120.168,7
2120.272,10
2120.377,11
2120.482,14
2120.586,12
2120.691,14
2120.796,14
2120.9,12
2121.005,11
2121.11,8
2121.214,8
2121.319,10
2121.423,10
2121.528,10
2121.633,9
2121.737,7
2121.842,3
2121.947,2
2122.052,2
2122.156,3
2122.261,5
2122.366,6
2122.47,8
2122.575,8
2122.68,7
2122.784,8
2122.889,8
2122.994,7
2123.098,11
2123.203,11
2123.308,10
2123.413,13
2123.517,9
2123.622,7
2123.727,7
2123.831,4
2123.936,2
2124.041,2
2124.146,1
2124.25,1
2124.355,6
2124.46,7
2124.565,10
2124.669,9
2124.774,11
2124.879,11
2124.984,9
2125.088,10
2125.193,4
2125.298,4
2125.403,5
2125.507,5
2125.612,5
2125.717,5
2125.822,5
2125.926,1
2126.031,2
2126.136,3
2126.241,2
2126.346,2
2126.45,2
2126.555,2
2126.66,2
2126.765,2
2126.87,2
2126.974,2
2127.079,5
2127.184,7
2127.289,10
2127.394,13
2127.498,14
2127.603,15
2127.708,16
2127.813,13
2127.918,10
2128.023,9
2128.127,11
2128.232,9
2128.337,10
2128.442,11
2128.547,14
2128.652,15
2128.756,16
2128.861,16
2128.966,14
2129.071,13
2129.176,13
2129.281,13
2129.386,2
2129.49,4
2129.595,5
2129.7,6
2129.805,4
2129.91,5
2130.015,6
2130.12,5
2130.225,6
2130.329,3
2130.434,3
2130.539,3
2130.644,4
2130.749,6
2130.854,5
2130.959,6
2131.064,5
2131.169,3
2131.274,3
2131.379,2
2131.483,1
2131.588,2
2131.693,2
2131.798,2
2131.903,3
2132.008,2
2132.113,2
2132.218,2
2132.323,7
2132.428,8
2132.533,10
2132.638,10
2132.743,12
2132.848,14
2132.953,12
2133.057,13
2133.162,15
2133.267,12
2133.372,12
2133.477,11
2133.582,12
2133.687,14
2133.792,15
2133.897,19
2134.002,20
2134.107,20
2134.212,19
2134.317,17
2134.422,15
2134.527,12
2134.632,10
2134.737,7
2134.842,2
2134.947,3
2135.052,3
2135.157,3
2135.262,3
2135.367,4
2135.472,5
2135.577,6
2135.682,7
2135.787,5
2135.892,4
2135.997,5
2136.102,3
2136.207,5
2136.312,7
2136.417,8
2136.523,12
2136.628,11
2136.733,13
2136.838,12
2136.943,8
2137.048,11
2137.153,9
2137.258,10
2137.363,9
2137.468,9
2137.573,11
2137.678,12
2137.783,10
2137.888,7
2137.993,4
2138.099,6
2138.204,8
2138.309,8
2138.414,12
2138.519,7
2138.624,7
2138.729,11
2138.834,12
2138.939,11
2139.044,11
2139.149,12
2139.255,11
2139.36,11
2139.465,11
2139.57,10
2139.675,10
2139.78,12
2139.885,14
2139.99,15
2140.096,18
2140.201,19
2140.306,25
2140.411,26
2140.516,27
2140.621,25
2140.726,25
2140.832,23
2140.937,22
2141.042,22
2141.147,22
2141.252,18
2141.357,14
2141.463,12
2141.568,6
2141.673,5
2141.778,6
2141.883,6
2141.988,3
2142.094,3
2142.199,2
2142.304,4
2142.409,7
2142.514,9
2142.62,10
2142.725,11
2142.83,12
2142.935,11
2143.04,10
2143.146,9
2143.251,9
2143.356,8
2143.461,7
2143.566,5
2143.672,2
2143.777,1
2143.882,1
2143.987,1
2144.093,0
2144.198,0
2144.303,0
2144.408,4
2144.514,5
2144.619,6
2144.724,7
2144.829,12
2144.935,12
2145.04,12
2145.145,11
2145.25,6
2145.356,5
2145.461,3
2145.566,3
2145.671,3
2145.777,4
2145.882,3
2145.987,5
2146.093,8
2146.198,9
2146.303,7
2146.408,6
2146.514,4
2146.619,7
2146.724,7
2146.83,5
2146.935,4
2147.04,3
2147.146,3
2147.251,4
2147.356,4
2147.462,3
2147.567,6
2147.672,5
2147.777,5
2147.883,7
2147.988,5
2148.093,7
2148.199,11
2148.304,14
2148.41,17
2148.515,20
2148.62,27
2148.726,28
2148.831,27
2148.936,26
2149.042,22
2149.147,18
2149.252,16
2149.358,15
2149.463,6
2149.568,7
2149.674,8
2149.779,5
2149.885,4
2149.99,7
2150.095,7
2150.201,9
2150.306,10
2150.412,10
2150.517,9
2150.622,8
2150.728,11
2150.833,9
2150.939,10
2151.044,10
2151.149,8
2151.255,9
2151.36,9
2151.466,7
2151.571,6
2151.676,5
2151.782,5
2151.887,7
2151.993,7
2152.098,9
2152.204,9
2152.309,10
2152.414,16
2152.52,15
2152.625,20
2152.731,23
2152.836,24
2152.942,21
2153.047,19
2153.153,17
2153.258,15
2153.364,17
2153.469,18
2153.575,17
2153.68,17
2153.785,20
2153.891,21
2153.996,19
2154.102,20
2154.207,23
2154.313,22
2154.418,21
2154.524,23
2154.629,16
2154.735,13
2154.84,10
2154.946,10
2155.051,7
2155.157,7
2155.262,7
2155.368,2
2155.473,5
2155.579,5
2155.685,8
2155.79,6
2155.896,4
2156.001,6
2156.107,3
2156.212,3
2156.318,4
2156.423,3
2156.529,6
2156.634,7
2156.74,11
2156.845,12
2156.951,12
2157.057,17
2157.162,19
2157.268,16
2157.373,12
2157.479,7
2157.584,3
2157.69,3
2157.796,4
2157.901,2
2158.007,2
2158.112,3
2158.218,2
2158.324,5
2158.429,4
2158.535,5
2158.64,5
2158.746,2
2158.852,4
2158.957,5
2159.063,8
2159.168,12
2159.274,21
2159.38,19
2159.485,17
2159.591,14
2159.696,7
2159.802,6
2159.908,6
2160.013,5
2160.119,3
2160.225,6
2160.33,8
2160.436,10
2160.542,12
2160.647,11
2160.753,10
2160.859,10
2160.964,5
2161.07,4
2161.175,4
2161.281,4
2161.387,7
2161.492,8
2161.598,11
2161.704,15
2161.81,17
2161.915,19
2162.021,17
2162.127,19
2162.232,16
2162.338,14
2162.444,16
2162.549,14
2162.655,13
2162.761,11
2162.866,13
2162.972,15
2163.078,17
2163.184,16
2163.289,12
2163.395,11
2163.501,11
2163.606,14
2163.712,16
2163.818,17
2163.924,19
2164.029,18
2164.135,21
2164.241,22
2164.347,32
2164.452,29
2164.558,26
2164.664,21
2164.77,14
2164.875,16
2164.981,20
2165.087,22
2165.193,20
2165.298,19
2165.404,18
2165.51,14
2165.616,17
2165.721,15
2165.827,12
2165.933,11
2166.039,8
2166.145,7
2166.25,7
2166.356,6
2166.462,2
2166.568,3
2166.674,2
2166.779,2
2166.885,1
2166.991,0
2167.097,1
2167.203,1
2167.308,1
2167.414,2
2167.52,2
2167.626,4
2167.732,7
2167.838,7
2167.943,7
2168.049,6
2168.155,9
2168.261,11
2168.367,15
2168.473,18
2168.578,21
2168.684,19
2168.79,17
2168.896,14
2169.002,14
2169.108,12
2169.214,9
2169.319,7
2169.425,8
2169.531,7
2169.637,6
2169.743,5
2169.849,2
2169.955,2
2170.061,2
2170.166,3
2170.272,2
2170.378,3
2170.484,3
2170.59,3
2170.696,3
2170.802,2
2170.908,3
2171.014,2
2171.12,2
2171.226,3
2171.331,5
2171.437,7
2171.543,8
2171.649,7
2171.755,4
2171.861,2
2171.967,3
2172.073,4
2172.179,4
2172.285,6
2172.391,6
2172.497,6
2172.603,6
2172.709,4
2172.815,7
2172.921,6
2173.026,6
2173.132,3
2173.238,2
2173.344,2
2173.45,3
2173.556,3
2173.662,5
2173.768,6
2173.874,8
2173.98,9
2174.086,8
2174.192,9
2174.298,7
2174.404,6
2174.51,7
2174.616,7
2174.722,9
2174.828,14
2174.934,15
2175.04,15
2175.146,15
2175.252,11
2175.358,7
2175.464,8
2175.57,6
2175.676,7
2175.782,10
2175.888,9
2175.994,7
2176.1,6
2176.206,4
2176.313,6
2176.419,5
2176.525,6
2176.631,10
2176.737,11
2176.843,12
2176.949,16
2177.055,14
2177.161,14
2177.267,12
2177.373,7
2177.479,3
2177.585,1
2177.691,3
2177.797,4
2177.903,8
2178.01,7
2178.116,5
2178.222,6
2178.328,5
2178.434,5
2178.54,6
2178.646,4
2178.752,5
2178.858,5
2178.964,5
2179.071,6
2179.177,7
2179.283,9
2179.389,10
2179.495,12
2179.601,11
2179.707,8
2179.813,6
2179.919,2
2180.026,2
2180.132,3
2180.238,3
2180.344,7
2180.45,11
2180.556,10
2180.662,10
2180.769,6
2180.875,5
2180.981,5
2181.087,5
2181.193,7
2181.299,6
2181.406,7
2181.512,10
2181.618,9
2181.724,10
2181.83,12
2181.936,12
2182.043,16
2182.149,16
2182.255,16
2182.361,11
2182.467,7
2182.574,9
2182.68,12
2182.786,12
2182.892,9
2182.998,7
2183.105,3
2183.211,3
2183.317,4
2183.423,7
2183.53,10
2183.636,10
2183.742,12
2183.848,11
2183.954,16
2184.061,16
2184.167,15
2184.273,16
2184.379,12
2184.486,11
2184.592,9
2184.698,5
2184.804,6
2184.911,6
2185.017,6
2185.123,1
2185.229,0
2185.336,0
2185.442,1
2185.548,2
2185.655,2
2185.761,2
2185.867,4
2185.973,7
2186.08,7
2186.186,7
2186.292,4
2186.399,4
2186.505,5
2186.611,6
2186.717,10
2186.824,12
2186.93,14
2187.036,13
2187.143,9
2187.249,8
2187.355,8
2187.462,8
2187.568,10
2187.674,10
2187.781,10
2187.887,9
2187.993,7
2188.1,8
2188.206,6
2188.312,7
2188.419,7
2188.525,5
2188.631,3
2188.738,4
2188.844,3
2188.95,7
2189.057,9
2189.163,9
2189.269,12
2189.376,12
2189.482,14
2189.589,16
2189.695,18
2189.801,13
2189.908,9
2190.014,5
2190.12,0
2190.227,1
2190.333,1
2190.44,1
2190.546,2
2190.652,1
2190.759,2
2190.865,4
2190.972,5
2191.078,11
2191.184,11
2191.291,10
2191.397,9
2191.504,9
2191.61,9
2191.717,11
2191.823,10
2191.929,8
2192.036,8
2192.142,5
2192.249,6
2192.355,7
2192.462,6
2192.568,6
2192.674,5
2192.781,4
2192.887,4
2192.994,5
2193.1,5
2193.207,8
2193.313,7
2193.42,5
2193.526,5
2193.633,3
2193.739,4
2193.846,5
2193.952,6
2194.059,6
2194.165,6
2194.272,6
2194.378,6
2194.485,7
2194.591,11
2194.698,16
2194.804,18
2194.911,23
2195.017,26
2195.124,28
2195.23,36
2195.337,34
2195.443,32
2195.55,31
2195.656,25
2195.763,19
2195.869,15
2195.976,11
2196.082,5
2196.189,9
2196.295,8
2196.402,6
2196.508,3
2196.615,1
2196.721,1
2196.828,2
2196.935,2
2197.041,4
2197.148,4
2197.254,4
2197.361,4
2197.467,2
2197.574,4
2197.681,4
2197.787,6
2197.894,8
2198,10
2198.107,10
2198.213,9
2198.32,6
2198.427,5
2198.533,5
2198.64,4
2198.746,6
2198.853,8
2198.96,7
2199.066,8
2199.173,10
2199.279,11
2199.386,13
2199.493,14
2199.599,17
2199.706,18
2199.813,19
2199.919,22
2200.026,22
2200.132,20
2200.239,19
2200.346,18
2200.452,10
2200.559,11
2200.666,11
2200.772,10
2200.879,5
2200.986,4
2201.092,4
2201.199,2
2201.306,1
2201.412,2
2201.519,4
2201.626,5
2201.732,7
2201.839,7
2201.946,5
2202.052,5
2202.159,6
2202.266,5
2202.372,6
2202.479,7
2202.586,6
2202.693,6
2202.799,5
2202.906,3
2203.013,7
2203.119,7
2203.226,5
2203.333,5
2203.439,5
2203.546,4
2203.653,6
2203.76,5
2203.866,7
2203.973,6
2204.08,3
2204.187,3
2204.293,3
2204.4,4
2204.507,4
2204.614,4
2204.72,4
2204.827,3
2204.934,4
2205.041,4
2205.147,2
2205.254,2
2205.361,2
2205.468,1
2205.574,2
2205.681,4
2205.788,4
2205.895,5
2206.001,7
2206.108,6
2206.215,6
2206.322,7
2206.429,7
2206.535,7
2206.642,8
2206.749,9
2206.856,6
2206.963,7
2207.069,7
2207.176,6
2207.283,7
2207.39,6
2207.497,6
2207.603,6
2207.71,6
2207.817,5
2207.924,3
2208.031,2
2208.138,3
2208.244,5
2208.351,9
2208.458,10
2208.565,16
2208.672,15
2208.779,12
2208.886,12
2208.992,10
2209.099,12
2209.206,15
2209.313,18
2209.42,22
2209.527,20
2209.634,17
2209.74,17
2209.847,22
2209.954,21
2210.061,21
2210.168,16
2210.275,15
2210.382,16
2210.489,16
2210.596,17
2210.702,9
2210.809,10
2210.916,8
2211.023,9
2211.13,12
2211.237,13
2211.344,12
2211.451,12
2211.558,12
2211.665,10
2211.772,10
2211.878,10
2211.985,7
2212.092,8
2212.199,12
2212.306,12
2212.413,9
2212.52,10
2212.627,7
2212.734,8
2212.841,9
2212.948,8
2213.055,10
2213.162,13
2213.269,10
2213.376,9
2213.483,8
2213.59,9
2213.697,7
2213.804,10
2213.911,9
2214.018,11
2214.124,13
2214.231,16
2214.338,14
2214.445,12
2214.552,9
2214.659,7
2214.766,9
2214.873,7
2214.98,5
2215.087,7
2215.194,8
2215.301,10
2215.408,14
2215.515,13
2215.623,11
2215.73,9
2215.837,4
2215.944,3
2216.051,3
2216.158,5
2216.265,3
2216.372,3
2216.479,4
2216.586,2
2216.693,4
2216.8,5
2216.907,5
2217.014,8
2217.121,7
2217.228,7
2217.335,7
2217.442,4
2217.549,4
2217.656,6
2217.763,10
2217.871,10
2217.978,15
2218.085,14
2218.192,10
2218.299,9
2218.406,10
2218.513,10
2218.62,12
2218.727,11
2218.834,8
2218.941,9
2219.049,10
2219.156,11
2219.263,15
2219.37,15
2219.477,12
2219.584,13
2219.691,7
2219.798,5
2219.905,5
2220.013,2
2220.12,1
2220.227,1
2220.334,0
2220.441,1
2220.548,1
2220.655,2
2220.763,2
2220.87,1
2220.977,5
2221.084,5
2221.191,9
2221.298,11
2221.405,11
2221.513,13
2221.62,10
2221.727,8
2221.834,6
2221.941,3
2222.048,2
2222.156,6
2222.263,5
2222.37,5
2222.477,6
2222.584,2
2222.692,3
2222.799,4
2222.906,4
2223.013,4
2223.12,8
2223.228,8
2223.335,10
2223.442,10
2223.549,8
2223.656,7
2223.764,6
2223.871,6
2223.978,8
2224.085,10
2224.193,9
2224.3,12
2224.407,14
2224.514,16
2224.622,21
2224.729,20
2224.836,24
2224.943,22
2225.051,18
2225.158,15
2225.265,15
2225.372,12
2225.48,9
2225.587,5
2225.694,1
2225.801,2
2225.909,2
2226.016,2
2226.123,4
2226.23,8
2226.338,12
2226.445,16
2226.552,23
2226.66,20
2226.767,18
2226.874,16
2226.981,12
2227.089,10
2227.196,10
2227.303,8
2227.411,4
2227.518,4
2227.625,4
2227.733,4
2227.84,3
2227.947,4
2228.055,2
2228.162,2
2228.269,4
2228.377,4
2228.484,5
2228.591,7
2228.699,8
2228.806,9
2228.913,11
2229.021,11
2229.128,8
2229.235,7
2229.343,6
2229.45,6
2229.557,6
2229.665,11
2229.772,16
2229.88,20
2229.987,20
2230.094,19
2230.202,18
2230.309,17
2230.416,18
2230.524,14
2230.631,9
2230.739,6
2230.846,5
2230.953,5
2231.061,5
2231.168,4
2231.276,2
2231.383,2
2231.49,3
2231.598,4
2231.705,7
2231.813,6
2231.92,4
2232.028,2
2232.135,4
2232.242,6
2232.35,8
2232.457,12
2232.565,11
2232.672,12
2232.78,13
2232.887,16
2232.994,14
2233.102,12
2233.209,11
2233.317,5
2233.424,5
2233.532,5
2233.639,9
2233.747,10
2233.854,12
2233.962,12
2234.069,10
2234.177,10
2234.284,11
2234.392,11
2234.499,7
2234.607,6
2234.714,7
2234.822,5
2234.929,5
2235.036,5
2235.144,5
2235.252,7
2235.359,8
2235.467,12
2235.574,13
2235.682,13
2235.789,18
2235.897,18
2236.004,25
2236.112,30
2236.219,25
2236.327,23
2236.434,18
2236.542,14
2236.649,14
2236.757,14
2236.864,14
2236.972,12
2237.079,13
2237.187,13
2237.295,14
2237.402,14
2237.51,15
2237.617,15
2237.725,19
2237.832,17
2237.94,17
2238.048,17
2238.155,15
2238.263,14
2238.37,12
2238.478,11
2238.585,11
2238.693,14
2238.801,17
2238.908,23
2239.016,19
2239.123,18
2239.231,16
2239.339,9
2239.446,8
2239.554,6
2239.661,5
2239.769,6
2239.877,5
2239.984,4
2240.092,8
2240.2,6
2240.307,5
2240.415,5
2240.522,4
2240.63,5
2240.738,5
2240.845,7
2240.953,3
2241.061,3
2241.168,4
2241.276,3
2241.384,3
2241.491,2
2241.599,3
2241.707,5
2241.814,10
2241.922,13
2242.03,19
2242.137,16
2242.245,11
2242.353,8
2242.46,7
2242.568,8
2242.676,10
2242.783,12
2242.891,13
2242.999,12
2243.106,11
2243.214,12
2243.322,10
2243.43,11
2243.537,10
2243.645,10
2243.753,5
2243.86,6
2243.968,6
2244.076,5
2244.184,5
2244.291,4
2244.399,5
2244.507,4
2244.614,8
2244.722,9
2244.83,9
2244.938,12
2245.045,12
2245.153,9
2245.261,7
2245.369,4
2245.476,3
2245.584,3
2245.692,3
2245.8,1
2245.907,3
2246.015,4
2246.123,4
2246.231,4
2246.339,6
2246.446,8
2246.554,13
2246.662,16
2246.77,22
2246.877,23
2246.985,23
2247.093,24
2247.201,25
2247.309,21
2247.416,17
2247.524,13
2247.632,6
2247.74,6
2247.848,6
2247.956,8
2248.063,6
2248.171,6
2248.279,7
2248.387,8
2248.495,7
2248.602,7
2248.71,6
2248.818,3
2248.926,1
2249.034,3
2249.142,5
2249.25,7
2249.357,12
2249.465,15
2249.573,19
2249.681,24
2249.789,25
2249.897,25
2250.005,22
2250.112,16
2250.22,14
2250.328,12
2250.436,11
2250.544,9
2250.652,7
2250.76,9
2250.868,10
2250.975,13
2251.083,15
2251.191,12
2251.299,14
2251.407,10
2251.515,8
2251.623,7
2251.731,2
2251.839,2
2251.947,4
2252.054,6
2252.162,6
2252.27,6
2252.378,8
2252.486,8
2252.594,11
2252.702,11
2252.81,12
2252.918,11
2253.026,14
2253.134,13
2253.242,15
2253.35,13
2253.458,9
2253.566,8
2253.674,3
2253.782,3
2253.889,6
2253.997,7
2254.105,8
2254.213,9
2254.321,4
2254.429,4
2254.537,6
2254.645,8
2254.753,9
2254.861,9
2254.969,8
2255.077,7
2255.185,5
2255.293,4
2255.401,2
2255.509,1
2255.617,1
2255.725,2
2255.833,5
2255.941,4
2256.049,5
2256.157,4
2256.265,1
2256.373,3
2256.481,3
2256.589,4
2256.697,5
2256.805,4
2256.913,4
2257.022,6
2257.13,6
2257.238,5
2257.346,4
2257.454,2
2257.562,3
2257.67,5
2257.778,6
2257.886,7
2257.994,5
2258.102,3
2258.21,3
2258.318,3
2258.426,3
2258.534,4
2258.642,3
2258.751,1
2258.859,2
2258.967,2
2259.075,3
2259.183,5
2259.291,9
2259.399,9
2259.507,9
2259.615,9
2259.723,15
2259.831,12
2259.94,9
2260.048,5
2260.156,0
2260.264,1
2260.372,2
2260.48,2
2260.588,2
2260.696,2
2260.805,1
2260.913,2
2261.021,2
2261.129,3
2261.237,3
2261.345,3
2261.453,5
2261.562,4
2261.67,5
2261.778,5
2261.886,9
2261.994,8
2262.102,7
2262.21,8
2262.319,3
2262.427,4
2262.535,5
2262.643,3
2262.751,4
2262.86,6
2262.968,6
2263.076,8
2263.184,8
2263.292,6
2263.401,9
2263.509,6
2263.617,6
2263.725,6
2263.833,3
2263.942,1
2264.05,4
2264.158,4
2264.266,4
2264.374,4
2264.483,5
2264.591,9
2264.699,11
2264.807,14
2264.916,11
2265.024,11
2265.132,12
2265.24,9
2265.348,8
2265.457,5
2265.565,3
2265.673,1
2265.781,1
2265.89,1
2265.998,1
2266.106,0
2266.215,3
2266.323,3
2266.431,5
2266.539,6
2266.648,4
2266.756,5
2266.864,4
2266.972,3
2267.081,5
2267.189,7
2267.297,7
2267.406,8
2267.514,17
2267.622,13
2267.73,13
2267.839,13
2267.947,14
2268.055,13
2268.164,10
2268.272,8
2268.38,4
2268.489,4
2268.597,4
2268.705,3
2268.814,1
2268.922,1
2269.03,1
2269.139,1
2269.247,2
2269.355,4
2269.464,5
2269.572,6
2269.68,9
2269.789,6
2269.897,4
2270.005,5
2270.114,4
2270.222,4
2270.331,5
2270.439,4
2270.547,5
2270.656,7
2270.764,12
2270.872,15
2270.981,14
2271.089,14
2271.198,13
2271.306,13
2271.414,11
2271.523,11
2271.631,11
2271.739,8
2271.848,11
2271.956,8
2272.065,6
2272.173,9
2272.282,6
2272.39,6
2272.498,6
2272.607,4
2272.715,4
2272.824,6
2272.932,6
2273.04,3
2273.149,4
2273.257,3
2273.366,4
2273.474,3
2273.583,7
2273.691,7
2273.8,6
2273.908,6
2274.016,6
2274.125,5
2274.233,6
2274.342,3
2274.45,5
2274.559,5
2274.667,4
2274.776,3
2274.884,0
2274.993,0
2275.101,1
2275.21,1
2275.318,1
2275.427,2
2275.535,1
2275.644,1
2275.752,1
2275.861,1
2275.969,1
2276.078,3
2276.186,4
2276.295,4
2276.403,8
2276.512,8
2276.62,15
2276.729,14
2276.837,16
2276.946,14
2277.054,9
2277.163,10
2277.271,8
2277.38,10
2277.488,7
2277.597,7
2277.706,8
2277.814,10
2277.923,11
2278.031,10
2278.14,10
2278.248,6
2278.357,7
2278.465,7
2278.574,6
2278.683,7
2278.791,7
2278.9,6
2279.008,6
2279.117,5
2279.225,5
2279.334,8
2279.443,8
2279.551,12
2279.66,12
2279.768,11
2279.877,13
2279.986,13
2280.094,12
2280.203,13
2280.311,10
2280.42,6
2280.529,8
2280.637,6
2280.746,4
2280.855,4
2280.963,4
2281.072,5
2281.18,6
2281.289,9
2281.398,13
2281.506,20
2281.615,27
2281.724,36
2281.832,36
2281.941,32
2282.05,28
2282.158,24
2282.267,20
2282.375,20
2282.484,18
2282.593,16
2282.701,19
2282.81,19
2282.919,16
2283.027,16
2283.136,13
2283.245,12
2283.354,10
2283.462,6
2283.571,5
2283.68,5
2283.788,5
2283.897,5
2284.006,7
2284.114,8
2284.223,10
2284.332,14
2284.441,12
2284.549,10
2284.658,7
2284.767,3
2284.875,2
2284.984,1
2285.093,2
2285.202,1
2285.31,1
2285.419,1
2285.528,1
2285.636,4
2285.745,5
2285.854,6
2285.963,7
2286.071,4
2286.18,4
2286.289,4
2286.398,4
2286.507,4
2286.615,5
2286.724,5
2286.833,5
2286.942,7
2287.05,8
2287.159,8
2287.268,8
2287.377,8
2287.485,5
2287.594,5
2287.703,4
2287.812,3
2287.921,1
2288.029,1
2288.138,1
2288.247,1
2288.356,2
2288.465,5
2288.573,6
2288.682,7
2288.791,7
2288.9,6
2289.009,8
2289.118,11
2289.226,11
2289.335,10
2289.444,8
2289.553,6
2289.662,4
2289.771,6
2289.879,7
2289.988,9
2290.097,7
2290.206,6
2290.315,6
2290.424,4
2290.532,3
2290.641,2
2290.75,1
2290.859,0
2290.968,0
2291.077,1
2291.186,1
2291.295,2
2291.403,2
2291.512,2
2291.621,2
2291.73,1
2291.839,2
2291.948,1
2292.057,2
2292.166,3
2292.275,4
2292.383,5
2292.492,6
2292.601,7
2292.71,6
2292.819,7
2292.928,6
2293.037,6
2293.146,7
2293.255,6
2293.364,6
2293.473,5
2293.582,2
2293.691,2
2293.799,2
2293.908,3
2294.017,1
2294.126,1
2294.235,2
2294.344,2
2294.453,2
2294.562,2
2294.671,1
2294.78,3
2294.889,3
2294.998,5
2295.107,6
2295.216,4
2295.325,4
2295.434,2
2295.543,1
2295.652,0
2295.761,3
2295.87,3
2295.979,5
2296.088,6
2296.197,5
2296.306,8
2296.415,8
2296.524,13
2296.633,14
2296.742,12
2296.851,13
2296.96,9
2297.069,12
2297.178,11
2297.287,12
2297.396,12
2297.505,9
2297.614,8
2297.723,6
2297.832,8
2297.941,7
2298.05,6
2298.159,6
2298.268,5
2298.377,6
2298.486,7
2298.595,10
2298.704,11
2298.813,11
2298.923,13
2299.032,13
2299.141,13
2299.25,14
2299.359,13
2299.468,11
2299.577,12
2299.686,11
2299.795,9
2299.904,7
2300.013,3
2300.122,2
2300.231,1
2300.341,2
2300.45,3
2300.559,3
2300.668,4
2300.777,6
2300.886,6
2300.995,8
2301.104,8
2301.213,11
2301.323,9
2301.432,5
2301.541,4
2301.65,1
2301.759,2
2301.868,2
2301.977,1
2302.086,1
2302.196,0
2302.305,0
2302.414,1
2302.523,3
2302.632,5
2302.741,9
2302.851,9
2302.96,9
2303.069,7
2303.178,10
2303.287,12
2303.396,13
2303.506,16
2303.615,18
2303.724,17
2303.833,16
2303.942,13
2304.051,10
2304.161,10
2304.27,9
2304.379,6
2304.488,7
2304.597,7
2304.707,7
2304.816,7
2304.925,2
2305.034,1
2305.143,1
2305.253,1
2305.362,5
2305.471,6
2305.58,7
2305.69,8
2305.799,7
2305.908,9
2306.017,10
2306.127,12
2306.236,12
2306.345,9
2306.454,7
2306.563,4
2306.673,3
2306.782,5
2306.891,9
2307.001,12
2307.11,18
2307.219,19
2307.328,22
2307.438,24
2307.547,24
2307.656,26
2307.765,20
2307.875,16
2307.984,8
2308.093,7
2308.203,8
2308.312,10
2308.421,10
2308.53,8
2308.64,8
2308.749,8
2308.858,8
2308.968,8
2309.077,8
2309.186,7
2309.296,4
2309.405,4
2309.514,4
2309.624,4
2309.733,5
2309.842,5
2309.951,5
2310.061,5
2310.17,7
2310.28,8
2310.389,8
2310.498,11
2310.608,12
2310.717,16
2310.826,17
2310.936,16
2311.045,15
2311.154,11
2311.264,11
2311.373,12
2311.482,9
2311.592,9
2311.701,7
2311.811,3
2311.92,3
2312.029,2
2312.139,3
2312.248,4
2312.357,5
2312.467,4
2312.576,3
2312.686,2
2312.795,2
2312.904,3
2313.014,3
2313.123,3
2313.233,3
2313.342,3
2313.451,6
2313.561,10
2313.67,11
2313.78,14
2313.889,15
2313.999,14
2314.108,19
2314.217,19
2314.327,16
2314.436,14
2314.546,8
2314.655,3
2314.765,4
2314.874,6
2314.984,8
2315.093,7
2315.202,7
2315.312,8
2315.421,8
2315.531,8
2315.64,8
2315.75,7
2315.859,3
2315.969,5
2316.078,7
2316.188,7
2316.297,11
2316.407,14
2316.516,13
2316.626,12
2316.735,8
2316.845,4
2316.954,5
2317.064,7
2317.173,7
2317.283,9
2317.392,11
2317.502,10
2317.611,7
2317.721,6
2317.83,3
2317.94,3
2318.049,3
2318.159,2
2318.268,4
2318.378,5
2318.487,5
2318.597,5
2318.707,3
2318.816,3
2318.926,1
2319.035,1
2319.145,1
2319.254,0
2319.364,2
2319.473,2
2319.583,2
2319.693,2
2319.802,1
2319.912,1
2320.021,2
2320.131,3
2320.24,2
2320.35,2
2320.46,3
2320.569,3
2320.679,5
2320.788,6
2320.898,5
2321.008,5
2321.117,5
2321.227,5
2321.336,5
2321.446,4
2321.556,2
2321.665,2
2321.775,2
2321.884,5
2321.994,8
2322.104,8
2322.213,9
2322.323,10
2322.433,12
2322.542,11
2322.652,9
2322.761,8
2322.871,9
2322.981,10
2323.09,12
2323.2,11
2323.31,11
2323.419,14
2323.529,12
2323.639,12
2323.748,7
2323.858,5
2323.968,5
2324.077,4
2324.187,6
2324.297,7
2324.406,8
2324.516,11
2324.626,15
2324.735,14
2324.845,11
2324.955,9
2325.065,6
2325.174,5
2325.284,4
2325.394,3
2325.503,1
2325.613,2
2325.723,3
2325.832,4
2325.942,7
2326.052,7
2326.162,7
2326.271,6
2326.381,2
2326.491,3
2326.601,4
2326.71,5
2326.82,6
2326.93,8
2327.04,7
2327.149,6
2327.259,6
2327.369,3
2327.479,3
2327.588,4
2327.698,4
2327.808,7
2327.918,9
2328.027,10
2328.137,11
2328.247,10
2328.357,11
2328.466,12
2328.576,13
2328.686,13
2328.796,13
2328.906,14
2329.015,8
2329.125,8
2329.235,8
2329.345,6
2329.455,4
2329.564,5
2329.674,5
2329.784,6
2329.894,10
2330.004,10
2330.113,13
2330.223,12
2330.333,9
2330.443,8
2330.553,3
2330.663,4
2330.772,7
2330.882,7
2330.992,11
2331.102,11
2331.212,11
2331.322,11
2331.431,7
2331.541,9
2331.651,8
2331.761,8
2331.871,9
2331.981,7
2332.091,11
2332.2,11
2332.31,8
2332.42,8
2332.53,5
2332.64,5
2332.75,4
2332.86,3
2332.97,5
2333.08,6
2333.189,9
2333.299,9
2333.409,8
2333.519,9
2333.629,8
2333.739,6
2333.849,8
2333.959,9
2334.069,10
2334.179,10
2334.289,14
2334.398,13
2334.508,14
2334.618,11
2334.728,13
2334.838,12
2334.948,10
2335.058,9
2335.168,5
2335.278,6
2335.388,5
2335.498,5
2335.608,7
2335.718,8
2335.828,8
2335.938,10
2336.048,8
2336.158,5
2336.268,4
2336.377,2
2336.487,1
2336.597,3
2336.707,5
2336.817,7
2336.927,11
2337.037,10
2337.147,8
2337.257,5
2337.367,5
2337.477,5
2337.587,5
2337.697,5
2337.807,5
2337.917,8
2338.027,8
2338.137,8
2338.247,13
2338.357,11
2338.467,12
2338.577,13
2338.687,15
2338.798,11
2338.908,8
2339.018,8
2339.128,8
2339.238,11
2339.348,13
2339.458,17
2339.568,18
2339.678,14
2339.788,11
2339.898,8
2340.008,4
2340.118,4
2340.228,5
2340.338,6
2340.448,10
2340.558,10
2340.668,9
2340.778,9
2340.889,8
2340.999,8
2341.109,8
2341.219,6
2341.329,6
2341.439,3
2341.549,3
2341.659,3
2341.769,1
2341.879,1
2341.989,1
2342.1,1
2342.21,1
2342.32,0
2342.43,0
2342.54,1
2342.65,3
2342.76,3
2342.87,3
2342.981,2
2343.091,1
2343.201,1
2343.311,2
2343.421,4
2343.531,5
2343.641,9
2343.752,12
2343.862,16
2343.972,18
2344.082,18
2344.192,15
2344.302,10
2344.412,5
2344.523,3
2344.633,4
2344.743,6
2344.853,6
2344.963,6
2345.074,6
2345.184,6
2345.294,5
2345.404,5
2345.514,5
2345.624,4
2345.735,0
2345.845,0
2345.955,0
2346.065,2
2346.175,3
2346.286,5
2346.396,7
2346.506,10
2346.616,15
2346.727,18
2346.837,18
2346.947,19
2347.057,17
2347.167,15
2347.278,13
2347.388,11
2347.498,9
2347.608,11
2347.719,14
2347.829,18
2347.939,20
2348.049,18
2348.16,18
2348.27,19
2348.38,18
2348.49,16
2348.601,17
2348.711,13
2348.821,8
2348.931,8
2349.042,5
2349.152,4
2349.262,3
2349.373,5
2349.483,8
2349.593,8
2349.703,10
2349.814,11
2349.924,15
2350.034,16
2350.145,16
2350.255,16
2350.365,12
2350.476,12
2350.586,10
2350.696,11
2350.807,11
2350.917,12
2351.027,11
2351.137,11
2351.248,13
2351.358,14
2351.468,16
2351.579,15
2351.689,13
2351.799,11
2351.91,10
2352.02,10
2352.131,9
2352.241,9
2352.351,5
2352.462,4
2352.572,4
2352.682,2
2352.793,1
2352.903,1
2353.013,1
2353.124,2
2353.234,2
2353.345,4
2353.455,5
2353.565,7
2353.676,9
2353.786,9
2353.896,11
2354.007,17
2354.117,16
2354.228,16
2354.338,15
2354.448,16
2354.559,11
2354.669,9
2354.78,7
2354.89,3
2355.001,4
2355.111,4
2355.221,5
2355.332,7
2355.442,6
2355.553,8
2355.663,8
2355.774,9
2355.884,10
2355.994,8
2356.105,7
2356.215,3
2356.326,2
2356.436,2
2356.547,3
2356.657,3
2356.768,2
2356.878,2
2356.989,1
2357.099,2
2357.209,2
2357.32,2
2357.43,3
2357.541,2
2357.651,4
2357.762,8
2357.872,10
2357.983,11
2358.093,15
2358.204,21
2358.314,23
2358.425,26
2358.535,32
2358.646,24
2358.756,20
2358.867,19
2358.977,14
2359.088,14
2359.198,14
2359.309,15
2359.419,7
2359.53,7
2359.641,6
2359.751,6
2359.862,12
2359.972,10
2360.083,11
2360.193,13
2360.304,21
2360.414,21
2360.525,20
2360.635,26
2360.746,20
2360.857,19
2360.967,18
2361.078,14
2361.188,10
2361.299,9
2361.409,7
2361.52,3
2361.631,2
2361.741,1
2361.852,1
2361.962,3
2362.073,5
2362.183,6
2362.294,7
2362.405,7
2362.515,8
2362.626,8
2362.736,10
2362.847,8
2362.958,5
2363.068,5
2363.179,2
2363.29,3
2363.4,8
2363.511,9
2363.621,10
2363.732,9
2363.843,3
2363.953,2
2364.064,1
2364.175,1
2364.285,4
2364.396,8
2364.506,10
2364.617,13
2364.728,19
2364.838,17
2364.949,17
2365.06,17
2365.17,16
2365.281,13
2365.392,11
2365.502,9
2365.613,3
2365.724,3
2365.834,3
2365.945,2
2366.056,1
2366.166,1
2366.277,3
2366.388,5
2366.499,4
2366.609,6
2366.72,4
2366.831,2
2366.941,3
2367.052,1
2367.163,1
2367.274,1
2367.384,1
2367.495,2
2367.606,2
2367.716,3
2367.827,4
2367.938,4
2368.049,4
2368.159,7
2368.27,8
2368.381,10
2368.492,13
2368.602,12
2368.713,18
2368.824,16
2368.935,13
2369.045,11
2369.156,5
2369.267,4
2369.378,4
2369.488,4
2369.599,3
2369.71,4
2369.821,4
2369.931,4
2370.042,2
2370.153,1
2370.264,2
2370.375,3
2370.485,5
2370.596,6
2370.707,5
2370.818,4
2370.929,3
2371.039,2
2371.15,2
2371.261,2
2371.372,3
2371.483,5
2371.593,8
2371.704,12
2371.815,17
2371.926,19
2372.037,18
2372.148,14
2372.258,13
2372.369,10
2372.48,9
2372.591,5
2372.702,1
2372.813,1
2372.923,1
2373.034,3
2373.145,2
2373.256,2
2373.367,2
2373.478,1
2373.589,2
2373.699,3
2373.81,4
2373.921,6
2374.032,10
2374.143,10
2374.254,12
2374.365,13
2374.476,11
2374.586,12
2374.697,13
2374.808,12
2374.919,12
2375.03,13
2375.141,11
2375.252,11
2375.363,11
2375.474,10
2375.585,9
2375.695,10
2375.806,9
2375.917,11
2376.028,11
2376.139,10
2376.25,9
2376.361,6
2376.472,5
2376.583,3
2376.694,4
2376.805,3
2376.916,4
2377.027,5
2377.138,3
2377.249,3
2377.36,2
2377.471,2
2377.581,3
2377.692,6
2377.803,6
2377.914,5
2378.025,7
2378.136,4
2378.247,4
2378.358,3
2378.469,2
2378.58,2
2378.691,2
2378.802,3
2378.913,3
2379.024,3
2379.135,3
2379.246,2
2379.357,3
2379.468,4
2379.579,5
2379.69,6
2379.801,3
2379.912,2
2380.023,3
2380.134,2
2380.245,2
2380.356,2
2380.467,1
2380.578,2
2380.689,3
2380.8,7
2380.912,11
2381.023,14
2381.134,19
2381.245,27
2381.356,24
2381.467,22
2381.578,23
2381.689,13
2381.8,12
2381.911,12
2382.022,10
2382.133,5
2382.244,4
2382.355,5
2382.466,5
2382.577,5
2382.689,7
2382.8,8
2382.911,9
2383.022,9
2383.133,7
2383.244,3
2383.355,5
2383.466,5
2383.577,6
2383.688,7
2383.799,6
2383.911,9
2384.022,10
2384.133,11
2384.244,14
2384.355,13
2384.466,12
2384.577,13
2384.688,9
2384.8,6
2384.911,5
2385.022,2
2385.133,3
2385.244,4
2385.355,5
2385.466,6
2385.578,5
2385.689,6
2385.8,9
2385.911,8
2386.022,9
2386.133,7
2386.245,4
2386.356,6
2386.467,3
2386.578,3
2386.689,2
2386.8,1
2386.912,1
2387.023,2
2387.134,2
2387.245,2
2387.356,3
2387.468,2
2387.579,3
2387.69,2
2387.801,1
2387.912,1
2388.024,4
2388.135,4
2388.246,5
2388.357,5
2388.468,2
2388.58,3
2388.691,2
2388.802,2
2388.913,3
2389.025,2
2389.136,2
2389.247,2
2389.358,0
2389.47,0
2389.581,4
2389.692,4
2389.803,4
2389.915,7
2390.026,8
2390.137,8
2390.248,8
2390.36,5
2390.471,5
2390.582,6
2390.693,8
2390.805,8
2390.916,6
2391.027,5
2391.139,4
2391.25,4
2391.361,6
2391.472,8
2391.584,9
2391.695,12
2391.806,15
2391.918,13
2392.029,9
2392.14,6
2392.252,3
2392.363,3
2392.474,6
2392.585,6
2392.697,6
2392.808,6
2392.919,2
2393.031,3
2393.142,2
2393.253,2
2393.365,1
2393.476,0
2393.587,1
2393.699,2
2393.81,3
2393.922,6
2394.033,6
2394.144,9
2394.256,12
2394.367,18
2394.478,21
2394.59,17
2394.701,15
2394.812,10
2394.924,5
2395.035,6
2395.147,5
2395.258,8
2395.369,9
2395.481,9
2395.592,9
2395.704,11
2395.815,7
2395.926,6
2396.038,5
2396.149,4
2396.261,1
2396.372,1
2396.483,2
2396.595,3
2396.706,3
2396.818,4
2396.929,6
2397.04,6
2397.152,7
2397.263,7
2397.375,5
2397.486,5
2397.598,2
2397.709,3
2397.82,6
2397.932,8
2398.043,9
2398.155,8
2398.266,5
2398.378,3
2398.489,0
2398.601,0
2398.712,1
2398.824,1
2398.935,3
2399.047,4
2399.158,4
2399.269,5
2399.381,3
2399.492,2
2399.604,3
2399.715,3
2399.827,3
2399.938,4
2400.05,4
2400.161,3
2400.273,4
2400.384,5
2400.496,5
2400.607,9
2400.719,8
2400.83,6
2400.942,4
2401.054,3
2401.165,3
2401.277,5
2401.388,8
2401.5,8
2401.611,19
2401.723,18
2401.834,16
2401.946,15
2402.057,11
2402.169,9
2402.28,7
2402.392,5
2402.504,1
2402.615,1
2402.727,1
2402.838,2
2402.95,3
2403.061,5
2403.173,6
2403.284,8
2403.396,9
2403.508,8
2403.619,8
2403.731,6
2403.842,5
2403.954,5
2404.066,5
2404.177,4
2404.289,3
2404.4,3
2404.512,3
2404.624,3
2404.735,2
2404.847,4
2404.958,8
2405.07,9
2405.182,9
2405.293,9
2405.405,6
2405.517,7
2405.628,8
2405.74,8
2405.851,10
2405.963,12
2406.075,12
2406.186,16
2406.298,15
2406.41,13
2406.521,8
2406.633,7
2406.745,9
2406.856,12
2406.968,17
2407.08,13
2407.191,10
2407.303,8
2407.415,7
2407.526,7
2407.638,7
2407.75,7
2407.861,3
2407.973,5
2408.085,6
2408.196,4
2408.308,7
2408.42,7
2408.531,7
2408.643,9
2408.755,12
2408.867,12
2408.978,10
2409.09,7
2409.202,4
2409.313,3
2409.425,3
2409.537,3
2409.649,2
2409.76,0
2409.872,0
2409.984,3
2410.096,5
2410.207,6
2410.319,8
2410.431,8
2410.543,10
2410.654,9
2410.766,8
2410.878,5
2410.99,5
2411.101,7
2411.213,9
2411.325,15
2411.437,16
2411.548,19
2411.66,21
2411.772,23
2411.884,28
2411.995,32
2412.107,36
2412.219,33
2412.331,36
2412.443,30
2412.554,25
2412.666,27
2412.778,22
2412.89,22
2413.002,22
2413.113,23
2413.225,14
2413.337,13
2413.449,11
2413.561,5
2413.672,6
2413.784,8
2413.896,8
2414.008,8
2414.12,11
2414.232,9
2414.343,11
2414.455,12
2414.567,5
2414.679,6
2414.791,4
2414.903,6
2415.015,6
2415.126,6
2415.238,7
2415.35,5
2415.462,4
2415.574,3
2415.686,2
2415.798,1
2415.909,0
2416.021,0
2416.133,1
2416.245,1
2416.357,1
2416.469,1
2416.581,1
2416.693,3
2416.805,3
2416.916,3
2417.028,2
2417.14,4
2417.252,6
2417.364,6
2417.476,6
2417.588,3
2417.7,1
2417.812,1
2417.924,1
2418.036,0
2418.148,1
2418.259,2
2418.371,2
2418.483,2
2418.595,3
2418.707,3
2418.819,4
2418.931,6
2419.043,9
2419.155,12
2419.267,16
2419.379,23
2419.491,29
2419.603,25
2419.715,20
2419.827,17
2419.939,13
2420.051,12
2420.163,11
2420.275,10
2420.387,7
2420.499,6
2420.611,5
2420.723,4
2420.835,3
2420.947,3
2421.059,3
2421.171,3
2421.283,2
2421.395,3
2421.507,4
2421.619,3
2421.731,5
2421.843,4
2421.955,5
2422.067,5
2422.179,3
2422.291,5
2422.403,9
2422.515,10
2422.627,12
2422.739,13
2422.851,13
2422.963,14
2423.075,14
2423.187,14
2423.299,15
2423.411,17
2423.523,15
2423.635,15
2423.747,15
2423.859,15
2423.971,13
2424.083,12
2424.196,7
2424.308,5
2424.42,3
2424.532,8
2424.644,10
2424.756,14
2424.868,15
2424.98,12
2425.092,11
2425.204,9
2425.316,6
2425.429,4
2425.541,4
2425.653,6
2425.765,7
2425.877,8
2425.989,12
2426.101,9
2426.213,13
2426.325,14
2426.438,12
2426.55,12
2426.662,11
2426.774,10
2426.886,10
2426.998,8
2427.11,4
2427.222,4
2427.335,3
2427.447,3
2427.559,4
2427.671,3
2427.783,1
2427.895,1
2428.008,0
2428.12,2
2428.232,2
2428.344,2
2428.456,2
2428.568,1
2428.681,2
2428.793,3
2428.905,6
2429.017,5
2429.129,4
2429.242,3
2429.354,3
2429.466,4
2429.578,5
2429.69,6
2429.803,5
2429.915,5
2430.027,5
2430.139,7
2430.251,6
2430.364,5
2430.476,4
2430.588,2
2430.7,2
2430.812,4
2430.925,5
2431.037,5
2431.149,6
2431.261,7
2431.374,9
2431.486,9
2431.598,10
2431.71,8
2431.823,6
2431.935,7
2432.047,3
2432.159,7
2432.272,8
2432.384,8
2432.496,9
2432.608,14
2432.721,22
2432.833,30
2432.945,38
2433.058,31
2433.17,25
2433.282,18
2433.394,11
2433.507,10
2433.619,8
2433.731,7
2433.844,2
2433.956,3
2434.068,3
2434.181,3
2434.293,1
2434.405,1
2434.517,1
2434.63,1
2434.742,1
2434.854,1
2434.967,1
2435.079,1
2435.191,2
2435.304,2
2435.416,5
2435.528,5
2435.641,5
2435.753,5
2435.865,2
2435.978,4
2436.09,3
2436.203,4
2436.315,6
2436.427,6
2436.54,8
2436.652,11
2436.764,9
2436.877,7
2436.989,5
2437.101,3
2437.214,6
2437.326,6
2437.439,6
2437.551,4
2437.663,5
2437.776,7
2437.888,9
2438.001,8
2438.113,4
2438.225,2
2438.338,0
2438.45,0
2438.563,0
2438.675,0
2438.787,0
2438.9,0
2439.012,0
2439.125,1
2439.237,4
2439.35,5
2439.462,7
2439.574,8
2439.687,7
2439.799,9
2439.912,11
2440.024,13
2440.137,15
2440.249,15
2440.362,14
2440.474,13
2440.586,13
2440.699,11
2440.811,9
2440.924,8
2441.036,3
2441.149,3
2441.261,4
2441.374,4
2441.486,3
2441.599,3
2441.711,2
2441.824,4
2441.936,3
2442.049,3
2442.161,4
2442.274,2
2442.386,3
2442.499,4
2442.611,3
2442.724,3
2442.836,6
2442.949,6
2443.061,7
2443.174,7
2443.286,8
2443.399,7
2443.511,6
2443.624,6
2443.736,4
2443.849,5
2443.961,6
2444.074,6
2444.187,4
2444.299,7
2444.412,10
2444.524,13
2444.637,18
2444.749,15
2444.862,13
2444.974,10
2445.087,7
2445.2,7
2445.312,6
2445.425,6
2445.537,6
2445.65,10
2445.762,11
2445.875,12
2445.988,13
2446.1,14
2446.213,14
2446.325,14
2446.438,14
2446.551,12
2446.663,11
2446.776,11
2446.888,8
2447.001,8
2447.114,6
2447.226,3
2447.339,3
2447.452,5
2447.564,9
2447.677,13
2447.789,24
2447.902,22
2448.015,19
2448.127,18
2448.24,16
2448.353,14
2448.465,14
2448.578,14
2448.691,7
2448.803,7
2448.916,9
2449.028,7
2449.141,6
2449.254,6
2449.366,3
2449.479,2
2449.592,3
2449.704,3
2449.817,2
2449.93,2
2450.043,2
2450.155,2
2450.268,2
2450.381,2
2450.493,3
2450.606,8
2450.719,13
2450.831,17
2450.944,25
2451.057,22
2451.17,21
2451.282,18
2451.395,10
2451.508,9
2451.62,7
2451.733,6
2451.846,1
2451.959,1
2452.071,0
2452.184,0
2452.297,2
2452.409,3
2452.522,3
2452.635,6
2452.748,6
2452.86,6
2452.973,7
2453.086,9
2453.199,6
2453.311,4
2453.424,4
2453.537,2
2453.65,2
2453.763,2
2453.875,2
2453.988,3
2454.101,8
2454.214,9
2454.326,8
2454.439,12
2454.552,11
2454.665,12
2454.778,13
2454.89,10
2455.003,13
2455.116,13
2455.229,14
2455.342,14
2455.454,9
2455.567,8
2455.68,6
2455.793,5
2455.906,1
2456.019,2
2456.131,2
2456.244,2
2456.357,1
2456.47,0
2456.583,0
2456.696,1
2456.808,1
2456.921,1
2457.034,3
2457.147,2
2457.26,2
2457.373,3
2457.485,3
2457.598,5
2457.711,6
2457.824,7
2457.937,8
2458.05,8
2458.163,5
2458.276,6
2458.388,4
2458.501,3
2458.614,3
2458.727,2
2458.84,2
2458.953,3
2459.066,3
2459.179,3
2459.292,3
2459.404,4
2459.517,8
2459.63,7
2459.743,8
2459.856,7
2459.969,3
2460.082,3
2460.195,2
2460.308,1
2460.421,0
2460.534,0
2460.647,0
2460.76,0
2460.872,1
2460.985,3
2461.098,3
2461.211,4
2461.324,3
2461.437,1
2461.55,1
2461.663,6
2461.776,7
2461.889,9
2462.002,10
2462.115,14
2462.228,12
2462.341,10
2462.454,13
2462.567,8
2462.68,10
2462.793,10
2462.906,6
2463.019,6
2463.132,4
2463.245,5
2463.358,6
2463.471,7
2463.584,7
2463.697,7
2463.81,7
2463.923,8
2464.036,4
2464.149,4
2464.262,5
2464.375,3
2464.488,1
2464.601,1
2464.714,2
2464.827,3
2464.94,4
2465.053,6
2465.166,5
2465.279,6
2465.392,6
2465.505,3
2465.618,3
2465.731,2
2465.844,2
2465.957,0
2466.07,0
2466.184,0
2466.297,0
2466.41,0
2466.523,1
2466.636,1
2466.749,1
2466.862,1
2466.975,2
2467.088,2
2467.201,3
2467.314,5
2467.427,3
2467.54,3
2467.654,4
2467.767,2
2467.88,2
2467.993,2
2468.106,0
2468.219,0
2468.332,0
2468.445,2
2468.558,3
2468.672,4
2468.785,4
2468.898,4
2469.011,3
2469.124,4
2469.237,5
2469.35,3
2469.464,4
2469.577,2
2469.69,4
2469.803,4
2469.916,3
2470.029,3
2470.142,2
2470.256,2
2470.369,5
2470.482,7
2470.595,8
2470.708,11
2470.821,15
2470.935,14
2471.048,12
2471.161,11
2471.274,6
2471.387,5
2471.5,4
2471.614,2
2471.727,1
2471.84,1
2471.953,2
2472.066,2
2472.18,2
2472.293,2
2472.406,1
2472.519,1
2472.633,1
2472.746,2
2472.859,3
2472.972,8
2473.085,10
2473.199,10
2473.312,10
2473.425,6
2473.538,6
2473.652,6
2473.765,6
2473.878,7
2473.991,9
2474.105,9
2474.218,11
2474.331,10
2474.444,10
2474.558,9
2474.671,6
2474.784,5
2474.897,6
2475.011,10
2475.124,14
2475.237,21
2475.35,17
2475.464,16
2475.577,14
2475.69,8
2475.804,8
2475.917,7
2476.03,8
2476.143,4
2476.257,5
2476.37,5
2476.483,3
2476.597,3
2476.71,8
2476.823,7
2476.937,8
2477.05,8
2477.163,6
2477.277,7
2477.39,7
2477.503,8
2477.617,6
2477.73,5
2477.843,5
2477.957,4
2478.07,4
2478.183,4
2478.297,3
2478.41,3
2478.523,2
2478.637,3
2478.75,3
2478.863,3
2478.977,1
2479.09,1
2479.204,1
2479.317,1
2479.43,1
2479.544,0
2479.657,0
2479.77,0
2479.884,0
2479.997,1
2480.111,3
2480.224,4
2480.337,8
2480.451,10
2480.564,10
2480.678,10
2480.791,8
2480.904,8
2481.018,8
2481.131,8
2481.245,8
2481.358,7
2481.471,7
2481.585,8
2481.698,5
2481.812,4
2481.925,4
2482.039,3
2482.152,1
2482.265,2
2482.379,2
2482.492,3
2482.606,3
2482.719,3
2482.833,4
2482.946,4
2483.06,6
2483.173,6
2483.287,6
2483.4,6
2483.514,13
2483.627,11
2483.74,8
2483.854,6
2483.967,8
2484.081,7
2484.194,6
2484.308,5
2484.421,0
2484.535,0
2484.648,1
2484.762,1
2484.875,1
2484.989,2
2485.102,1
2485.216,2
2485.329,4
2485.443,4
2485.556,6
2485.67,8
2485.783,8
2485.897,10
2486.011,13
2486.124,10
2486.238,11
2486.351,13
2486.465,12
2486.578,14
2486.692,12
2486.805,14
2486.919,10
2487.032,5
2487.146,4
2487.26,2
2487.373,2
2487.487,1
2487.6,2
2487.714,1
2487.827,1
2487.941,2
2488.054,2
2488.168,3
2488.282,4
2488.395,3
2488.509,7
2488.622,7
2488.736,8
2488.85,8
2488.963,6
2489.077,5
2489.19,4
2489.304,5
2489.418,4
2489.531,6
2489.645,7
2489.758,9
2489.872,8
2489.986,8
2490.099,7
2490.213,6
2490.327,6
2490.44,5
2490.554,5
2490.667,2
2490.781,5
2490.895,9
2491.008,14
2491.122,19
2491.236,20
2491.349,19
2491.463,18
2491.577,17
2491.69,21
2491.804,19
2491.918,16
2492.031,12
2492.145,6
2492.259,5
2492.372,4
2492.486,2
2492.6,0
2492.713,0
2492.827,1
2492.941,1
2493.054,1
2493.168,5
2493.282,6
2493.396,8
2493.509,10
2493.623,9
2493.737,11
2493.85,10
2493.964,11
2494.078,10
2494.192,7
2494.305,8
2494.419,9
2494.533,8
2494.646,7
2494.76,6
2494.874,2
2494.988,2
2495.101,2
2495.215,2
2495.329,3
2495.443,2
2495.556,3
2495.67,4
2495.784,3
2495.898,3
2496.011,2
2496.125,1
2496.239,2
2496.353,4
2496.467,5
2496.58,5
2496.694,7
2496.808,6
2496.922,6
2497.035,6
2497.149,6
2497.263,6
2497.377,6
2497.491,7
2497.604,6
2497.718,7
2497.832,7
2497.946,6
2498.06,9
2498.173,7
2498.287,6
2498.401,5
2498.515,4
2498.629,5
2498.743,5
2498.856,6
2498.97,5
2499.084,6
2499.198,8
2499.312,11
2499.426,9
2499.539,8
2499.653,8
2499.767,7
2499.881,7
2499.995,7
2500.109,5
