mz,abundance
700.006,4
700.066,1
700.125,1
700.185,2
700.244,2
700.304,4
700.363,3
700.423,2
700.482,2
700.542,0
700.601,1
700.661,1
700.72,3
700.78,6
700.839,5
700.899,5
700.958,3
701.018,0
701.077,1
701.137,3
701.196,3
701.256,3
701.315,3
701.375,2
701.434,5
701.494,5
701.554,5
701.613,4
701.673,4
701.732,4
701.792,4
701.851,7
701.911,5
701.97,5
702.03,4
702.089,1
702.149,0
702.209,0
702.268,2
702.328,2
702.387,2
702.447,4
702.506,8
702.566,8
702.626,10
702.685,13
702.745,9
702.804,12
702.864,16
702.924,10
702.983,7
703.043,4
703.102,1
703.162,1
703.222,1
703.281,0
703.341,0
703.4,0
703.46,0
703.52,0
703.579,0
703.639,0
703.699,0
703.758,0
703.818,0
703.877,0
703.937,0
703.997,0
704.056,0
704.116,0
704.176,0
704.235,0
704.295,1
704.355,2
704.414,3
704.474,6
704.534,6
704.593,7
704.653,6
704.713,4
704.772,4
704.832,3
704.892,4
704.951,6
705.011,5
705.071,4
705.13,3
705.19,1
705.25,1
705.309,1
705.369,1
705.429,0
705.489,3
705.548,3
705.608,3
705.668,3
705.727,1
705.787,1
705.847,1
705.907,1
705.966,1
706.026,4
706.086,4
706.146,4
706.205,3
706.265,0
706.325,0
706.384,0
706.444,0
706.504,0
706.564,0
706.623,1
706.683,2
706.743,2
706.803,2
706.863,1
706.922,0
706.982,0
707.042,0
707.102,0
707.161,1
707.221,2
707.281,2
707.341,2
707.401,3
707.46,3
707.52,4
707.58,5
707.64,8
707.699,7
707.759,6
707.819,5
707.879,1
707.939,1
707.999,1
708.058,1
708.118,1
708.178,1
708.238,1
708.298,1
708.357,0
708.417,3
708.477,3
708.537,3
708.597,3
708.657,0
708.716,0
708.776,0
708.836,0
708.896,0
708.956,1
709.016,3
709.076,6
709.135,10
709.195,10
709.255,15
709.315,12
709.375,10
709.435,9
709.495,3
709.555,3
709.614,1
709.674,1
709.734,0
709.794,2
709.854,2
709.914,2
709.974,2
710.034,3
710.094,3
710.154,3
710.213,8
710.273,7
710.333,8
710.393,10
710.453,9
710.513,7
710.573,6
710.633,4
710.693,0
710.753,1
710.813,1
710.873,1
710.933,4
710.992,3
711.052,6
711.112,6
711.172,3
711.232,4
711.292,3
711.352,5
711.412,5
711.472,4
711.532,2
711.592,1
711.652,1
711.712,1
711.772,1
711.832,1
711.892,1
711.952,1
712.012,1
712.072,1
712.132,2
712.192,2
712.252,5
712.312,4
712.372,3
712.432,5
712.492,7
712.552,9
712.612,10
712.672,9
712.732,4
712.792,3
712.852,2
712.912,1
712.972,2
713.032,1
713.092,1
713.152,2
713.212,4
713.272,5
713.332,8
713.392,11
713.452,9
713.512,9
713.572,5
713.632,3
713.692,3
713.753,3
713.813,3
713.873,2
713.933,2
713.993,4
714.053,2
714.113,2
714.173,3
714.233,4
714.293,6
714.353,9
714.413,15
714.473,12
714.534,12
714.594,10
714.654,3
714.714,3
714.774,1
714.834,0
714.894,3
714.954,4
715.014,4
715.074,4
715.135,4
715.195,3
715.255,3
715.315,3
715.375,0
715.435,1
715.495,1
715.555,1
715.616,1
715.676,0
715.736,0
715.796,1
715.856,1
715.916,1
715.977,1
716.037,3
716.097,5
716.157,5
716.217,5
716.277,2
716.337,2
716.398,2
716.458,2
716.518,2
716.578,0
716.638,0
716.699,1
716.759,2
716.819,3
716.879,5
716.939,5
717,5
717.06,5
717.12,5
717.18,7
717.24,7
717.301,7
717.361,4
717.421,2
717.481,2
717.541,2
717.602,0
717.662,0
717.722,0
717.782,0
717.843,0
717.903,3
717.963,3
718.023,3
718.084,3
718.144,1
718.204,1
718.264,1
718.325,1
718.385,0
718.445,0
718.505,1
718.566,1
718.626,1
718.686,1
718.746,1
718.807,1
718.867,1
718.927,1
718.987,2
719.048,3
719.108,3
719.168,5
719.229,5
719.289,6
719.349,9
719.41,7
719.47,5
719.53,3
719.59,2
719.651,3
719.711,3
719.771,4
719.832,2
719.892,2
719.952,3
720.013,3
720.073,4
720.133,6
720.194,5
720.254,6
720.314,5
720.375,2
720.435,2
720.495,0
720.556,0
720.616,1
720.676,1
720.737,1
720.797,1
720.858,0
720.918,1
720.978,2
721.039,3
721.099,6
721.159,5
721.22,4
721.28,7
721.34,4
721.401,4
721.461,4
721.522,3
721.582,3
721.642,3
721.703,3
721.763,0
721.824,0
721.884,1
721.944,1
722.005,2
722.065,4
722.126,3
722.186,3
722.247,2
722.307,3
722.367,3
722.428,4
722.488,8
722.549,6
722.609,8
722.67,7
722.73,3
722.79,4
722.851,2
722.911,2
722.972,2
723.032,2
723.093,4
723.153,5
723.214,6
723.274,4
723.335,2
723.395,1
723.455,2
723.516,2
723.576,2
723.637,2
723.697,0
723.758,0
723.818,0
723.879,0
723.939,0
724,0
724.06,0
724.121,0
724.181,0
724.242,0
724.302,0
724.363,0
724.423,0
724.484,0
724.544,0
724.605,0
724.665,1
724.726,1
724.787,1
724.847,1
724.908,0
724.968,2
725.029,2
725.089,2
725.15,2
725.21,1
725.271,1
725.331,2
725.392,2
725.452,1
725.513,1
725.574,0
725.634,0
725.695,1
725.755,1
725.816,1
725.876,1
725.937,3
725.998,3
726.058,3
726.119,3
726.179,0
726.24,0
726.301,0
726.361,3
726.422,5
726.482,6
726.543,7
726.604,5
726.664,5
726.725,4
726.785,3
726.846,2
726.907,0
726.967,0
727.028,0
727.088,0
727.149,0
727.21,0
727.27,0
727.331,0
727.392,0
727.452,0
727.513,0
727.574,1
727.634,4
727.695,5
727.756,7
727.816,7
727.877,6
727.938,8
727.998,7
728.059,6
728.12,4
728.18,2
728.241,1
728.302,4
728.362,5
728.423,8
728.484,10
728.544,12
728.605,12
728.666,9
728.726,8
728.787,5
728.848,5
728.908,4
728.969,3
729.03,2
729.091,1
729.151,1
729.212,1
729.273,0
729.333,0
729.394,0
729.455,0
729.516,0
729.576,0
729.637,0
729.698,0
729.759,0
729.819,1
729.88,1
729.941,1
730.002,1
730.062,0
730.123,0
730.184,1
730.245,1
730.305,1
730.366,1
730.427,1
730.488,1
730.548,1
730.609,1
730.67,0
730.731,0
730.791,0
730.852,0
730.913,0
730.974,0
731.035,0
731.095,0
731.156,0
731.217,0
731.278,1
731.339,1
731.399,2
731.46,2
731.521,4
731.582,7
731.643,7
731.704,9
731.764,7
731.825,4
731.886,4
731.947,2
732.008,1
732.068,1
732.129,0
732.19,4
732.251,5
732.312,6
732.373,9
732.434,6
732.494,6
732.555,7
732.616,3
732.677,3
732.738,3
732.799,3
732.86,1
732.92,3
732.981,3
733.042,2
733.103,2
733.164,1
733.225,1
733.286,3
733.347,4
733.408,4
733.468,6
733.529,5
733.59,5
733.651,5
733.712,2
733.773,2
733.834,2
733.895,2
733.956,0
734.017,0
734.078,0
734.138,0
734.199,0
734.26,1
734.321,2
734.382,5
734.443,8
734.504,9
734.565,8
734.626,5
734.687,2
734.748,0
734.809,2
734.87,2
734.931,2
734.992,2
735.053,1
735.114,1
735.175,2
735.235,2
735.296,1
735.357,2
735.418,3
735.479,3
735.54,3
735.601,2
735.662,0
735.723,0
735.784,0
735.845,0
735.906,0
735.967,1
736.028,1
736.089,1
736.15,1
736.211,0
736.272,0
736.333,0
736.394,0
736.455,0
736.516,3
736.577,5
736.638,5
736.7,5
736.761,2
736.822,1
736.883,1
736.944,1
737.005,1
737.066,1
737.127,2
737.188,2
737.249,2
737.31,1
737.371,1
737.432,1
737.493,1
737.554,1
737.615,4
737.676,5
737.737,5
737.799,5
737.86,1
737.921,0
737.982,0
738.043,0
738.104,0
738.165,0
738.226,0
738.287,0
738.348,0
738.409,2
738.471,3
738.532,4
738.593,6
738.654,4
738.715,3
738.776,2
738.837,0
738.898,0
738.959,0
739.021,0
739.082,1
739.143,2
739.204,3
739.265,5
739.326,5
739.387,6
739.449,6
739.51,3
739.571,3
739.632,6
739.693,6
739.754,3
739.815,2
739.877,1
739.938,0
739.999,0
740.06,0
740.121,0
740.183,0
740.244,0
740.305,0
740.366,0
740.427,0
740.488,0
740.55,0
740.611,0
740.672,0
740.733,1
740.794,2
740.856,4
740.917,6
740.978,8
741.039,10
741.1,9
741.162,8
741.223,6
741.284,4
741.345,3
741.407,2
741.468,1
741.529,0
741.59,0
741.652,0
741.713,2
741.774,2
741.835,2
741.896,2
741.958,0
742.019,0
742.08,0
742.142,0
742.203,0
742.264,0
742.325,0
742.387,0
742.448,2
742.509,2
742.57,3
742.632,4
742.693,3
742.754,4
742.816,4
742.877,4
742.938,4
742.999,2
743.061,2
743.122,4
743.183,4
743.245,2
743.306,2
743.367,0
743.429,0
743.49,0
743.551,1
743.612,1
743.674,1
743.735,1
743.796,0
743.858,0
743.919,0
743.98,1
744.042,1
744.103,1
744.164,1
744.226,0
744.287,1
744.349,3
744.41,5
744.471,6
744.533,10
744.594,8
744.655,6
744.717,4
744.778,2
744.839,1
744.901,0
744.962,1
745.024,1
745.085,1
745.146,4
745.208,3
745.269,3
745.331,4
745.392,2
745.453,2
745.515,2
745.576,2
745.638,1
745.699,2
745.76,2
745.822,2
745.883,2
745.945,1
746.006,1
746.067,0
746.129,1
746.19,2
746.252,3
746.313,4
746.375,4
746.436,4
746.497,4
746.559,6
746.62,6
746.682,7
746.743,7
746.805,4
746.866,4
746.928,3
746.989,4
747.051,2
747.112,2
747.173,2
747.235,2
747.296,2
747.358,4
747.419,9
747.481,9
747.542,10
747.604,8
747.665,6
747.727,5
747.788,3
747.85,3
747.911,2
747.973,2
748.034,3
748.096,3
748.157,1
748.219,1
748.28,0
748.342,1
748.403,2
748.465,4
748.526,7
748.588,10
748.649,10
748.711,9
748.773,9
748.834,5
748.896,4
748.957,3
749.019,1
749.08,2
749.142,3
749.203,5
749.265,5
749.327,5
749.388,6
749.45,4
749.511,5
749.573,6
749.634,5
749.696,2
749.757,2
749.819,2
749.881,3
749.942,3
750.004,2
750.065,1
750.127,0
750.189,0
750.25,1
750.312,2
750.373,3
750.435,4
750.497,3
750.558,2
750.62,2
750.681,2
750.743,3
750.805,6
750.866,5
750.928,5
750.99,5
751.051,3
751.113,5
751.174,5
751.236,5
751.298,6
751.359,7
751.421,6
751.483,5
751.544,3
751.606,0
751.668,0
751.729,3
751.791,4
751.853,5
751.914,7
751.976,5
752.038,4
752.099,3
752.161,1
752.223,0
752.284,0
752.346,0
752.408,0
752.469,3
752.531,3
752.593,3
752.654,3
752.716,0
752.778,0
752.84,0
752.901,0
752.963,0
753.025,4
753.086,4
753.148,4
753.21,4
753.272,4
753.333,3
753.395,2
753.457,1
753.519,0
753.58,0
753.642,0
753.704,0
753.765,0
753.827,1
753.889,1
753.951,1
754.012,1
754.074,0
754.136,0
754.198,0
754.26,0
754.321,3
754.383,3
754.445,3
754.507,3
754.568,6
754.63,6
754.692,6
754.754,6
754.816,4
754.877,4
754.939,4
755.001,4
755.063,5
755.124,6
755.186,9
755.248,5
755.31,4
755.372,3
755.434,3
755.495,6
755.557,8
755.619,10
755.681,10
755.743,9
755.804,7
755.866,5
755.928,2
755.99,0
756.052,0
756.114,0
756.175,1
756.237,2
756.299,3
756.361,5
756.423,5
756.485,5
756.547,6
756.608,7
756.67,6
756.732,7
756.794,8
756.856,5
756.918,5
756.98,3
757.042,0
757.103,0
757.165,1
757.227,1
757.289,1
757.351,4
757.413,3
757.475,3
757.537,3
757.599,1
757.661,1
757.722,1
757.784,1
757.846,4
757.908,4
757.97,4
758.032,4
758.094,0
758.156,0
758.218,0
758.28,0
758.342,1
758.404,2
758.466,3
758.527,7
758.589,6
758.651,5
758.713,4
758.775,2
758.837,2
758.899,2
758.961,2
759.023,0
759.085,0
759.147,0
759.209,0
759.271,2
759.333,2
759.395,2
759.457,5
759.519,3
759.581,3
759.643,3
759.705,3
759.767,3
759.829,3
759.891,3
759.953,0
760.015,0
760.077,0
760.139,0
760.201,0
760.263,0
760.325,1
760.387,1
760.449,2
760.511,3
760.573,6
760.635,6
760.697,4
760.759,2
760.821,1
760.883,0
760.945,0
761.007,0
761.069,0
761.131,0
761.193,0
761.255,0
761.317,0
761.38,0
761.442,0
761.504,0
761.566,0
761.628,0
761.69,0
761.752,0
761.814,0
761.876,0
761.938,0
762,0
762.062,0
762.124,0
762.187,0
762.249,0
762.311,0
762.373,0
762.435,0
762.497,0
762.559,0
762.621,0
762.683,0
762.745,1
762.808,2
762.87,3
762.932,6
762.994,8
763.056,8
763.118,8
763.18,7
763.242,4
763.305,5
763.367,7
763.429,6
763.491,7
763.553,7
763.615,4
763.678,3
763.74,3
763.802,2
763.864,2
763.926,3
763.988,2
764.05,1
764.113,2
764.175,1
764.237,1
764.299,2
764.361,2
764.424,3
764.486,6
764.548,6
764.61,8
764.672,8
764.735,4
764.797,4
764.859,2
764.921,2
764.983,0
765.046,1
765.108,2
765.17,3
765.232,3
765.294,3
765.357,7
765.419,6
765.481,8
765.543,6
765.606,4
765.668,3
765.73,1
765.792,1
765.855,2
765.917,2
765.979,1
766.041,1
766.104,0
766.166,0
766.228,0
766.29,2
766.353,2
766.415,2
766.477,4
766.539,6
766.602,6
766.664,6
766.726,4
766.788,3
766.851,3
766.913,6
766.975,6
767.038,5
767.1,5
767.162,2
767.225,2
767.287,0
767.349,0
767.411,0
767.474,0
767.536,1
767.598,1
767.661,1
767.723,1
767.785,5
767.848,5
767.91,7
767.972,7
768.035,2
768.097,2
768.159,2
768.222,3
768.284,5
768.346,8
768.409,10
768.471,9
768.533,7
768.596,6
768.658,4
768.721,4
768.783,4
768.845,3
768.908,1
768.97,2
769.032,2
769.095,1
769.157,1
769.22,0
769.282,0
769.344,0
769.407,3
769.469,3
769.531,3
769.594,3
769.656,1
769.719,1
769.781,3
769.843,5
769.906,6
769.968,9
770.031,8
770.093,8
770.156,7
770.218,3
770.28,3
770.343,2
770.405,2
770.468,0
770.53,0
770.593,0
770.655,0
770.717,0
770.78,1
770.842,1
770.905,1
770.967,2
771.03,1
771.092,1
771.155,1
771.217,2
771.28,2
771.342,2
771.405,2
771.467,3
771.529,3
771.592,3
771.654,3
771.717,0
771.779,0
771.842,0
771.904,0
771.967,0
772.029,0
772.092,1
772.154,1
772.217,1
772.279,1
772.342,0
772.404,0
772.467,0
772.529,0
772.592,2
772.654,3
772.717,5
772.78,7
772.842,5
772.905,4
772.967,2
773.03,0
773.092,1
773.155,2
773.217,3
773.28,4
773.342,8
773.405,11
773.468,10
773.53,9
773.593,4
773.655,1
773.718,1
773.78,1
773.843,2
773.906,2
773.968,3
774.031,6
774.093,9
774.156,11
774.218,13
774.281,20
774.344,15
774.406,14
774.469,14
774.531,8
774.594,6
774.657,5
774.719,4
774.782,1
774.844,1
774.907,1
774.97,0
775.032,0
775.095,0
775.158,1
775.22,2
775.283,2
775.345,2
775.408,1
775.471,0
775.533,0
775.596,1
775.659,1
775.721,1
775.784,1
775.847,0
775.909,0
775.972,0
776.035,1
776.097,1
776.16,1
776.223,1
776.285,1
776.348,1
776.411,1
776.473,1
776.536,2
776.599,4
776.661,4
776.724,4
776.787,5
776.849,4
776.912,8
776.975,9
777.038,11
777.1,10
777.163,9
777.226,8
777.288,7
777.351,7
777.414,3
777.477,5
777.539,4
777.602,3
777.665,4
777.727,2
777.79,4
777.853,6
777.916,5
777.978,4
778.041,2
778.104,0
778.167,1
778.229,1
778.292,3
778.355,4
778.418,3
778.48,3
778.543,4
778.606,3
778.669,6
778.731,6
778.794,3
778.857,3
778.92,6
778.983,5
779.045,4
779.108,5
779.171,2
779.234,2
779.297,2
779.359,5
779.422,6
779.485,7
779.548,8
779.611,5
779.673,4
779.736,3
779.799,3
779.862,1
779.925,1
779.987,1
780.05,0
780.113,0
780.176,0
780.239,0
780.302,0
780.364,2
780.427,2
780.49,2
780.553,2
780.616,4
780.679,4
780.742,4
780.804,4
780.867,2
780.93,2
780.993,2
781.056,2
781.119,1
781.182,1
781.245,2
781.307,3
781.37,3
781.433,5
781.496,5
781.559,5
781.622,5
781.685,3
781.748,4
781.811,4
781.873,4
781.936,1
781.999,0
782.062,0
782.125,1
782.188,2
782.251,2
782.314,2
782.377,2
782.44,2
782.503,3
782.565,4
782.628,5
782.691,5
782.754,6
782.817,3
782.88,3
782.943,3
783.006,2
783.069,1
783.132,0
783.195,0
783.258,0
783.321,0
783.384,1
783.447,1
783.51,3
783.573,3
783.636,2
783.699,4
783.762,2
783.825,2
783.888,2
783.951,0
784.014,0
784.077,0
784.14,0
784.203,0
784.266,0
784.329,0
784.392,0
784.455,1
784.518,2
784.581,3
784.644,5
784.707,4
784.77,6
784.833,5
784.896,3
784.959,3
785.022,0
785.085,0
785.148,1
785.211,1
785.274,2
785.337,3
785.4,6
785.463,10
785.526,10
785.589,9
785.652,5
785.715,5
785.778,3
785.841,2
785.904,2
785.967,1
786.031,3
786.094,3
786.157,2
786.22,2
786.283,0
786.346,0
786.409,0
786.472,0
786.535,0
786.598,0
786.661,0
786.724,0
786.788,2
786.851,2
786.914,2
786.977,2
787.04,1
787.103,2
787.166,3
787.229,4
787.292,8
787.356,7
787.419,6
787.482,5
787.545,0
787.608,0
787.671,0
787.734,2
787.798,2
787.861,2
787.924,3
787.987,5
788.05,4
788.113,3
788.176,2
788.24,1
788.303,2
788.366,3
788.429,3
788.492,4
788.555,7
788.619,6
788.682,5
788.745,4
788.808,0
788.871,0
788.935,0
788.998,1
789.061,1
789.124,1
789.187,1
789.251,0
789.314,0
789.377,0
789.44,0
789.503,0
789.567,1
789.63,1
789.693,1
789.756,1
789.819,0
789.883,0
789.946,0
790.009,1
790.072,2
790.136,3
790.199,5
790.262,4
790.325,3
790.389,2
790.452,0
790.515,0
790.578,1
790.642,1
790.705,1
790.768,1
790.831,0
790.895,0
790.958,0
791.021,0
791.085,0
791.148,0
791.211,0
791.274,0
791.338,4
791.401,4
791.464,4
791.528,4
791.591,0
791.654,0
791.717,0
791.781,2
791.844,2
791.907,2
791.971,2
792.034,0
792.097,1
792.161,1
792.224,1
792.287,1
792.351,0
792.414,0
792.477,0
792.541,0
792.604,0
792.667,0
792.731,0
792.794,0
792.857,0
792.921,0
792.984,0
793.047,0
793.111,1
793.174,1
793.237,1
793.301,1
793.364,2
793.428,2
793.491,3
793.554,4
793.618,3
793.681,4
793.744,5
793.808,8
793.871,7
793.935,6
793.998,5
794.061,2
794.125,2
794.188,2
794.252,1
794.315,0
794.378,0
794.442,0
794.505,0
794.569,0
794.632,0
794.695,3
794.759,3
794.822,3
794.886,3
794.949,2
795.013,3
795.076,3
795.14,3
795.203,1
795.266,3
795.33,4
795.393,4
795.457,4
795.52,2
795.584,1
795.647,2
795.711,2
795.774,1
795.838,1
795.901,2
795.964,3
796.028,3
796.091,4
796.155,4
796.218,4
796.282,6
796.345,5
796.409,3
796.472,2
796.536,0
796.599,1
796.663,1
796.726,1
796.79,1
796.853,0
796.917,1
796.98,1
797.044,1
797.107,1
797.171,1
797.234,1
797.298,4
797.362,7
797.425,6
797.489,6
797.552,4
797.616,1
797.679,2
797.743,2
797.806,1
797.87,1
797.933,0
797.997,1
798.061,1
798.124,1
798.188,3
798.251,2
798.315,2
798.378,2
798.442,3
798.506,3
798.569,3
798.633,4
798.696,3
798.76,3
798.823,3
798.887,3
798.951,1
799.014,1
799.078,3
799.141,2
799.205,2
799.269,3
799.332,1
799.396,1
799.459,2
799.523,3
799.587,3
799.65,3
799.714,3
799.778,1
799.841,1
799.905,1
799.968,1
800.032,2
800.096,3
800.159,3
800.223,4
800.287,4
800.35,3
800.414,4
800.478,2
800.541,1
800.605,2
800.669,2
800.732,6
800.796,6
800.86,6
800.923,5
800.987,4
801.051,4
801.114,5
801.178,8
801.242,12
801.305,15
801.369,14
801.433,12
801.497,9
801.56,5
801.624,6
801.688,8
801.751,9
801.815,7
801.879,7
801.942,5
802.006,3
802.07,3
802.134,4
802.197,4
802.261,2
802.325,2
802.389,0
802.452,0
802.516,0
802.58,2
802.643,2
802.707,2
802.771,3
802.835,2
802.898,3
802.962,4
803.026,4
803.09,4
803.154,4
803.217,1
803.281,1
803.345,1
803.409,1
803.472,0
803.536,0
803.6,2
803.664,2
803.728,2
803.791,3
803.855,3
803.919,3
803.983,4
804.047,3
804.11,1
804.174,1
804.238,0
804.302,2
804.366,2
804.429,3
804.493,6
804.557,7
804.621,7
804.685,8
804.748,7
804.812,4
804.876,4
804.94,2
805.004,0
805.068,0
805.131,1
805.195,1
805.259,1
805.323,1
805.387,0
805.451,0
805.515,0
805.578,1
805.642,1
805.706,1
805.77,1
805.834,1
805.898,1
805.962,1
806.026,1
806.089,0
806.153,0
806.217,0
806.281,0
806.345,0
806.409,3
806.473,3
806.537,3
806.601,4
806.665,6
806.728,6
806.792,8
806.856,8
806.92,7
806.984,8
807.048,7
807.112,6
807.176,6
807.24,8
807.304,7
807.368,6
807.432,5
807.496,2
807.559,1
807.623,1
807.687,3
807.751,2
807.815,3
807.879,3
807.943,1
808.007,1
808.071,5
808.135,6
808.199,6
808.263,6
808.327,5
808.391,5
808.455,5
808.519,6
808.583,5
808.647,5
808.711,5
808.775,4
808.839,2
808.903,1
808.967,2
809.031,3
809.095,2
809.159,2
809.223,5
809.287,3
809.351,2
809.415,8
809.479,7
809.543,7
809.607,7
809.671,2
809.735,2
809.799,2
809.863,5
809.927,3
809.991,3
810.055,3
810.119,0
810.183,0
810.247,0
810.311,1
810.375,1
810.439,1
810.504,2
810.568,2
810.632,2
810.696,3
810.76,2
810.824,1
810.888,1
810.952,3
811.016,3
811.08,3
811.144,3
811.208,0
811.272,0
811.337,0
811.401,3
811.465,3
811.529,4
811.593,6
811.657,4
811.721,6
811.785,5
811.849,4
811.913,3
811.978,1
812.042,1
812.106,0
812.17,0
812.234,2
812.298,2
812.362,2
812.426,2
812.491,1
812.555,2
812.619,3
812.683,3
812.747,5
812.811,4
812.876,5
812.94,5
813.004,2
813.068,2
813.132,0
813.196,0
813.261,0
813.325,1
813.389,1
813.453,1
813.517,1
813.581,0
813.646,0
813.71,2
813.774,2
813.838,2
813.902,3
813.967,1
814.031,1
814.095,1
814.159,1
814.223,1
814.288,1
814.352,1
814.416,2
814.48,2
814.544,3
814.609,5
814.673,3
814.737,3
814.801,2
814.866,1
814.93,1
814.994,1
815.058,1
815.123,0
815.187,2
815.251,2
815.315,2
815.38,2
815.444,1
815.508,1
815.572,1
815.637,1
815.701,1
815.765,1
815.829,2
815.894,3
815.958,3
816.022,4
816.087,5
816.151,6
816.215,7
816.279,6
816.344,5
816.408,4
816.472,5
816.537,2
816.601,2
816.665,2
816.729,3
816.794,3
816.858,4
816.922,4
816.987,1
817.051,2
817.115,1
817.18,2
817.244,2
817.308,1
817.373,1
817.437,0
817.501,0
817.566,0
817.63,0
817.694,0
817.759,1
817.823,1
817.887,2
817.952,2
818.016,3
818.081,3
818.145,2
818.209,2
818.274,0
818.338,0
818.402,0
818.467,1
818.531,1
818.596,1
818.66,1
818.724,0
818.789,1
818.853,2
818.918,3
818.982,5
819.046,6
819.111,6
819.175,7
819.24,7
819.304,7
819.368,7
819.433,6
819.497,5
819.562,5
819.626,5
819.69,5
819.755,5
819.819,4
819.884,4
819.948,7
820.013,8
820.077,7
820.142,6
820.206,2
820.27,1
820.335,5
820.399,5
820.464,9
820.528,8
820.593,8
820.657,9
820.722,8
820.786,9
820.851,8
820.915,12
820.98,12
821.044,15
821.109,17
821.173,12
821.237,12
821.302,9
821.366,5
821.431,5
821.495,3
821.56,2
821.624,3
821.689,3
821.753,3
821.818,3
821.883,1
821.947,1
822.012,0
822.076,0
822.141,2
822.205,2
822.27,2
822.334,2
822.399,2
822.463,2
822.528,2
822.592,2
822.657,0
822.721,0
822.786,0
822.851,4
822.915,5
822.98,5
823.044,5
823.109,1
823.173,1
823.238,1
823.302,1
823.367,1
823.432,0
823.496,0
823.561,0
823.625,0
823.69,0
823.755,0
823.819,1
823.884,1
823.948,1
824.013,1
824.078,1
824.142,4
824.207,6
824.271,10
824.336,10
824.401,10
824.465,10
824.53,6
824.594,5
824.659,2
824.724,0
824.788,0
824.853,0
824.918,2
824.982,4
825.047,6
825.112,8
825.176,8
825.241,8
825.305,8
825.37,8
825.435,12
825.499,12
825.564,11
825.629,7
825.693,5
825.758,4
825.823,4
825.887,3
825.952,0
826.017,0
826.081,0
826.146,0
826.211,0
826.276,0
826.34,1
826.405,1
826.47,1
826.534,1
826.599,4
826.664,4
826.728,5
826.793,5
826.858,1
826.923,2
826.987,1
827.052,1
827.117,1
827.181,0
827.246,0
827.311,0
827.376,0
827.44,2
827.505,4
827.57,6
827.635,7
827.699,6
827.764,5
827.829,5
827.894,2
827.958,2
828.023,2
828.088,3
828.153,5
828.217,6
828.282,8
828.347,10
828.412,9
828.476,11
828.541,9
828.606,8
828.671,8
828.736,11
828.8,7
828.865,4
828.93,2
828.995,0
829.06,0
829.124,0
829.189,1
829.254,2
829.319,3
829.384,6
829.448,8
829.513,7
829.578,6
829.643,3
829.708,2
829.773,2
829.837,2
829.902,2
829.967,0
830.032,0
830.097,0
830.162,0
830.226,1
830.291,1
830.356,1
830.421,1
830.486,1
830.551,1
830.616,1
830.68,1
830.745,0
830.81,0
830.875,0
830.94,0
831.005,0
831.07,0
831.135,0
831.199,0
831.264,2
831.329,3
831.394,3
831.459,3
831.524,1
831.589,3
831.654,3
831.719,4
831.783,4
831.848,1
831.913,1
831.978,1
832.043,1
832.108,1
832.173,1
832.238,0
832.303,0
832.368,2
832.433,4
832.498,6
832.563,12
832.628,12
832.692,11
832.757,11
832.822,5
832.887,3
832.952,3
833.017,2
833.082,2
833.147,2
833.212,3
833.277,2
833.342,2
833.407,2
833.472,0
833.537,0
833.602,1
833.667,2
833.732,3
833.797,4
833.862,7
833.927,6
833.992,5
834.057,4
834.122,1
834.187,1
834.252,1
834.317,2
834.382,1
834.447,1
834.512,1
834.577,0
834.642,0
834.707,0
834.772,0
834.837,0
834.902,0
834.967,0
835.032,1
835.097,1
835.162,2
835.227,3
835.292,3
835.357,4
835.422,8
835.487,10
835.553,11
835.618,14
835.683,14
835.748,11
835.813,10
835.878,5
835.943,9
836.008,8
836.073,6
836.138,6
836.203,2
836.268,3
836.333,4
836.398,6
836.464,6
836.529,5
836.594,4
836.659,2
836.724,0
836.789,0
836.854,0
836.919,1
836.984,1
837.05,1
837.115,1
837.18,0
837.245,0
837.31,1
837.375,1
837.44,1
837.505,1
837.571,3
837.636,3
837.701,3
837.766,3
837.831,1
837.896,1
837.961,1
838.027,3
838.092,3
838.157,3
838.222,3
838.287,2
838.352,4
838.418,4
838.483,4
838.548,3
838.613,2
838.678,2
838.743,2
838.809,2
838.874,2
838.939,2
839.004,3
839.069,3
839.135,7
839.2,6
839.265,5
839.33,4
839.395,2
839.461,2
839.526,4
839.591,4
839.656,3
839.721,3
839.787,1
839.852,1
839.917,1
839.982,1
840.048,0
840.113,0
840.178,0
840.243,0
840.309,0
840.374,0
840.439,1
840.504,1
840.57,2
840.635,2
840.7,2
840.765,2
840.831,1
840.896,1
840.961,0
841.026,0
841.092,0
841.157,0
841.222,0
841.288,0
841.353,0
841.418,0
841.483,0
841.549,3
841.614,4
841.679,4
841.745,5
841.81,2
841.875,2
841.941,2
842.006,2
842.071,2
842.136,1
842.202,2
842.267,1
842.332,1
842.398,5
842.463,4
842.528,7
842.594,8
842.659,5
842.724,5
842.79,7
842.855,5
842.92,4
842.986,3
843.051,1
843.117,1
843.182,0
843.247,0
843.313,0
843.378,0
843.443,3
843.509,3
843.574,3
843.639,3
843.705,2
843.77,2
843.836,2
843.901,2
843.966,0
844.032,0
844.097,0
844.163,0
844.228,1
844.293,1
844.359,2
844.424,2
844.49,1
844.555,2
844.62,2
844.686,3
844.751,4
844.817,4
844.882,4
844.948,4
845.013,5
845.078,4
845.144,7
845.209,11
845.275,10
845.34,10
845.406,7
845.471,5
845.536,5
845.602,4
845.667,4
845.733,2
845.798,3
845.864,2
845.929,2
845.995,2
846.06,2
846.126,2
846.191,4
846.257,5
846.322,6
846.388,7
846.453,6
846.519,5
846.584,4
846.65,7
846.715,6
846.781,2
846.846,1
846.912,0
846.977,0
847.043,0
847.108,0
847.174,0
847.239,1
847.305,1
847.37,1
847.436,1
847.501,0
847.567,0
847.632,1
847.698,1
847.763,4
847.829,5
847.894,4
847.96,5
848.025,6
848.091,5
848.157,5
848.222,4
848.288,5
848.353,4
848.419,3
848.484,2
848.55,1
848.616,1
848.681,2
848.747,2
848.812,1
848.878,1
848.943,1
849.009,1
849.075,1
849.14,1
849.206,1
849.271,1
849.337,1
849.403,1
849.468,1
849.534,1
849.599,2
849.665,4
849.731,5
849.796,8
849.862,7
849.927,5
849.993,3
850.059,0
850.124,1
850.19,1
850.256,1
850.321,1
850.387,0
850.453,0
850.518,0
850.584,0
850.65,0
850.715,1
850.781,2
850.846,2
850.912,3
850.978,3
851.043,3
851.109,5
851.175,5
851.24,4
851.306,3
851.372,3
851.438,3
851.503,4
851.569,5
851.635,3
851.7,2
851.766,1
851.832,0
851.897,0
851.963,0
852.029,6
852.094,7
852.16,8
852.226,9
852.292,6
852.357,8
852.423,8
852.489,10
852.554,9
852.62,9
852.686,8
852.752,8
852.817,6
852.883,4
852.949,4
853.015,1
853.08,2
853.146,2
853.212,3
853.278,4
853.343,4
853.409,6
853.475,6
853.541,7
853.606,8
853.672,8
853.738,7
853.804,7
853.87,7
853.935,6
854.001,6
854.067,5
854.133,3
854.198,1
854.264,1
854.33,0
854.396,0
854.462,0
854.527,2
854.593,2
854.659,2
854.725,2
854.791,4
854.856,3
854.922,3
854.988,2
855.054,2
855.12,4
855.186,3
855.251,3
855.317,2
855.383,0
855.449,0
855.515,0
855.581,0
855.646,0
855.712,0
855.778,0
855.844,0
855.91,0
855.976,0
856.042,1
856.107,1
856.173,1
856.239,1
856.305,1
856.371,1
856.437,1
856.503,2
856.569,1
856.634,4
856.7,4
856.766,4
856.832,5
856.898,2
856.964,2
857.03,2
857.096,1
857.162,1
857.228,1
857.293,0
857.359,1
857.425,2
857.491,3
857.557,5
857.623,5
857.689,4
857.755,3
857.821,3
857.887,2
857.953,2
858.019,2
858.085,1
858.151,1
858.216,1
858.282,2
858.348,1
858.414,1
858.48,1
858.546,3
858.612,3
858.678,4
858.744,4
858.81,1
858.876,1
858.942,0
859.008,0
859.074,0
859.14,1
859.206,2
859.272,2
859.338,3
859.404,2
859.47,1
859.536,1
859.602,0
859.668,0
859.734,1
859.8,1
859.866,1
859.932,3
859.998,4
860.064,4
860.13,5
860.196,5
860.262,4
860.328,8
860.394,10
860.46,11
860.526,10
860.592,7
860.658,4
860.724,1
860.79,1
860.856,0
860.923,1
860.989,1
861.055,1
861.121,1
861.187,0
861.253,0
861.319,0
861.385,1
861.451,1
861.517,1
861.583,1
861.649,0
861.715,0
861.781,0
861.848,0
861.914,1
861.98,1
862.046,2
862.112,2
862.178,1
862.244,1
862.31,2
862.376,2
862.442,3
862.509,3
862.575,1
862.641,1
862.707,0
862.773,0
862.839,0
862.905,1
862.971,1
863.038,1
863.104,1
863.17,0
863.236,1
863.302,1
863.368,1
863.434,3
863.501,3
863.567,5
863.633,7
863.699,5
863.765,5
863.831,3
863.898,1
863.964,1
864.03,0
864.096,0
864.162,0
864.228,0
864.295,1
864.361,1
864.427,3
864.493,3
864.559,5
864.626,5
864.692,3
864.758,3
864.824,0
864.89,0
864.957,3
865.023,3
865.089,3
865.155,3
865.221,0
865.288,0
865.354,0
865.42,2
865.486,2
865.553,2
865.619,2
865.685,2
865.751,2
865.818,2
865.884,4
865.95,4
866.016,4
866.082,5
866.149,3
866.215,1
866.281,1
866.348,0
866.414,0
866.48,0
866.546,1
866.613,1
866.679,1
866.745,1
866.811,3
866.878,4
866.944,4
867.01,5
867.077,6
867.143,5
867.209,7
867.275,5
867.342,4
867.408,4
867.474,3
867.541,3
867.607,3
867.673,3
867.74,1
867.806,1
867.872,1
867.939,0
868.005,1
868.071,2
868.138,5
868.204,5
868.27,5
868.337,4
868.403,3
868.469,3
868.536,2
868.602,3
868.668,2
868.735,2
868.801,2
868.867,2
868.934,2
869,2
869.067,2
869.133,2
869.199,3
869.266,3
869.332,3
869.398,2
869.465,0
869.531,0
869.598,0
869.664,0
869.73,0
869.797,1
869.863,1
869.93,1
869.996,1
870.062,0
870.129,0
870.195,0
870.262,1
870.328,1
870.394,1
870.461,1
870.527,0
870.594,0
870.66,0
870.727,0
870.793,0
870.859,0
870.926,0
870.992,2
871.059,2
871.125,3
871.192,4
871.258,4
871.325,5
871.391,5
871.458,5
871.524,4
871.59,4
871.657,1
871.723,1
871.79,1
871.856,3
871.923,2
871.989,3
872.056,4
872.122,5
872.189,6
872.255,5
872.322,4
872.388,1
872.455,0
872.521,1
872.588,1
872.654,4
872.721,4
872.787,3
872.854,3
872.92,1
872.987,1
873.053,1
873.12,1
873.186,0
873.253,0
873.319,0
873.386,2
873.453,2
873.519,4
873.586,4
873.652,2
873.719,2
873.785,4
873.852,3
873.918,2
873.985,1
874.052,1
874.118,1
874.185,1
874.251,1
874.318,0
874.384,0
874.451,0
874.518,0
874.584,0
874.651,0
874.717,1
874.784,1
874.85,1
874.917,2
874.984,3
875.05,4
875.117,6
875.183,5
875.25,3
875.317,2
875.383,3
875.45,6
875.517,6
875.583,6
875.65,4
875.716,2
875.783,2
875.85,2
875.916,1
875.983,0
876.05,0
876.116,1
876.183,2
876.249,2
876.316,3
876.383,2
876.449,2
876.516,3
876.583,3
876.649,4
876.716,4
876.783,4
876.849,4
876.916,2
876.983,2
877.049,2
877.116,4
877.183,2
877.249,2
877.316,3
877.383,2
877.45,4
877.516,5
877.583,7
877.65,7
877.716,8
877.783,7
877.85,5
877.916,4
877.983,2
878.05,2
878.117,1
878.183,1
878.25,0
878.317,0
878.384,0
878.45,0
878.517,1
878.584,3
878.65,5
878.717,7
878.784,9
878.851,8
878.917,7
878.984,5
879.051,5
879.118,6
879.184,7
879.251,7
879.318,5
879.385,4
879.452,3
879.518,2
879.585,2
879.652,3
879.719,4
879.785,2
879.852,3
879.919,2
879.986,1
880.053,2
880.119,1
880.186,1
880.253,1
880.32,1
880.387,3
880.453,6
880.52,8
880.587,7
880.654,5
880.721,3
880.787,1
880.854,1
880.921,1
880.988,1
881.055,1
881.122,2
881.188,2
881.255,1
881.322,1
881.389,4
881.456,3
881.523,2
881.59,2
881.656,1
881.723,1
881.79,1
881.857,0
881.924,0
881.991,0
882.058,0
882.124,0
882.191,0
882.258,0
882.325,0
882.392,0
882.459,1
882.526,1
882.593,3
882.66,3
882.726,3
882.793,4
882.86,3
882.927,4
882.994,3
883.061,2
883.128,1
883.195,0
883.262,0
883.329,0
883.396,0
883.462,0
883.529,0
883.596,0
883.663,1
883.73,2
883.797,2
883.864,2
883.931,1
883.998,2
884.065,3
884.132,4
884.199,5
884.266,4
884.333,4
884.4,6
884.467,7
884.534,8
884.601,8
884.668,6
884.735,6
884.801,5
884.868,2
884.935,4
885.002,3
885.069,3
885.136,3
885.203,1
885.27,3
885.337,3
885.404,2
885.471,2
885.538,1
885.605,1
885.672,1
885.739,1
885.806,0
885.873,0
885.94,0
886.007,0
886.075,0
886.142,0
886.209,0
886.276,3
886.343,5
886.41,7
886.477,9
886.544,10
886.611,9
886.678,10
886.745,8
886.812,4
886.879,3
886.946,1
887.013,1
887.08,1
887.147,1
887.214,4
887.281,3
887.348,2
887.416,1
887.483,0
887.55,0
887.617,0
887.684,0
887.751,0
887.818,0
887.885,0
887.952,0
888.019,0
888.086,0
888.154,0
888.221,0
888.288,0
888.355,0
888.422,0
888.489,0
888.556,0
888.623,0
888.691,1
888.758,1
888.825,1
888.892,2
888.959,1
889.026,1
889.093,2
889.16,3
889.228,4
889.295,5
889.362,4
889.429,2
889.496,1
889.563,0
889.631,0
889.698,0
889.765,0
889.832,0
889.899,0
889.966,0
890.034,0
890.101,0
890.168,2
890.235,3
890.302,4
890.369,7
890.437,5
890.504,4
890.571,5
890.638,4
890.705,8
890.773,9
890.84,12
890.907,10
890.974,6
891.042,6
891.109,2
891.176,2
891.243,4
891.31,3
891.378,2
891.445,2
891.512,4
891.579,5
891.647,5
891.714,5
891.781,1
891.848,0
891.916,0
891.983,1
892.05,1
892.117,1
892.185,1
892.252,0
892.319,0
892.386,0
892.454,0
892.521,0
892.588,2
892.655,2
892.723,2
892.79,2
892.857,1
892.925,1
892.992,1
893.059,1
893.126,1
893.194,2
893.261,3
893.328,5
893.396,7
893.463,6
893.53,5
893.598,4
893.665,5
893.732,5
893.8,5
893.867,4
893.934,1
894.002,3
894.069,3
894.136,3
894.204,2
894.271,4
894.338,5
894.406,6
894.473,7
894.54,6
894.608,6
894.675,6
894.742,6
894.81,3
894.877,4
894.944,5
895.012,5
895.079,2
895.147,1
895.214,0
895.281,0
895.349,0
895.416,0
895.483,0
895.551,2
895.618,2
895.686,2
895.753,2
895.82,2
895.888,4
895.955,6
896.023,9
896.09,8
896.157,7
896.225,6
896.292,6
896.36,8
896.427,10
896.495,11
896.562,7
896.629,8
896.697,8
896.764,7
896.832,6
896.899,3
896.967,1
897.034,1
897.101,0
897.169,0
897.236,0
897.304,0
897.371,0
897.439,0
897.506,0
897.574,0
897.641,1
897.709,1
897.776,3
897.844,3
897.911,2
897.978,2
898.046,0
898.113,0
898.181,0
898.248,1
898.316,1
898.383,1
898.451,1
898.518,0
898.586,2
898.653,3
898.721,4
898.788,5
898.856,4
898.924,3
898.991,3
899.059,4
899.126,3
899.194,3
899.261,3
899.329,2
899.396,2
899.464,5
899.531,6
899.599,6
899.666,8
899.734,6
899.801,8
899.869,8
899.937,8
900.004,7
900.072,3
900.139,2
900.207,2
900.274,4
900.342,6
900.41,10
900.477,8
900.545,6
900.612,5
900.68,2
900.747,2
900.815,2
900.883,1
900.95,0
901.018,0
901.085,0
901.153,2
901.221,3
901.288,3
901.356,3
901.423,1
901.491,0
901.559,0
901.626,0
901.694,0
901.762,0
901.829,0
901.897,0
901.964,0
902.032,2
902.1,4
902.167,6
902.235,8
902.303,7
902.37,6
902.438,5
902.506,3
902.573,3
902.641,3
902.709,3
902.776,0
902.844,0
902.912,0
902.979,0
903.047,1
903.115,1
903.182,1
903.25,1
903.318,1
903.385,1
903.453,2
903.521,3
903.588,3
903.656,5
903.724,8
903.791,7
903.859,6
903.927,4
903.995,4
904.062,3
904.13,2
904.198,1
904.265,0
904.333,0
904.401,0
904.469,0
904.536,0
904.604,0
904.672,1
904.74,2
904.807,2
904.875,2
904.943,1
905.011,0
905.078,0
905.146,0
905.214,0
905.282,3
905.349,3
905.417,3
905.485,3
905.553,0
905.62,0
905.688,0
905.756,0
905.824,0
905.892,0
905.959,0
906.027,0
906.095,2
906.163,2
906.23,2
906.298,4
906.366,2
906.434,2
906.502,4
906.569,2
906.637,2
906.705,2
906.773,2
906.841,2
906.909,2
906.976,2
907.044,1
907.112,4
907.18,4
907.248,6
907.316,5
907.383,2
907.451,2
907.519,0
907.587,0
907.655,1
907.723,2
907.79,2
907.858,4
907.926,3
907.994,2
908.062,2
908.13,1
908.198,1
908.266,1
908.333,1
908.401,0
908.469,2
908.537,3
908.605,3
908.673,3
908.741,3
908.809,4
908.876,4
908.944,4
909.012,2
909.08,1
909.148,1
909.216,1
909.284,1
909.352,1
909.42,1
909.488,2
909.556,2
909.624,1
909.691,2
909.759,1
909.827,1
909.895,1
909.963,0
910.031,0
910.099,2
910.167,3
910.235,4
910.303,4
910.371,2
910.439,1
910.507,2
910.575,2
910.643,2
910.711,2
910.779,2
910.847,2
910.915,2
910.983,2
911.05,0
911.118,0
911.186,0
911.254,0
911.322,0
911.39,0
911.458,0
911.526,0
911.594,0
911.662,0
911.73,0
911.798,0
911.866,0
911.934,0
912.002,0
912.07,1
912.138,2
912.207,3
912.275,7
912.343,6
912.411,5
912.479,4
912.547,3
912.615,4
912.683,5
912.751,8
912.819,13
912.887,17
912.955,19
913.023,26
913.091,20
913.159,17
913.227,14
913.295,11
913.363,9
913.431,6
913.499,5
913.567,1
913.636,0
913.704,0
913.772,0
913.84,0
913.908,0
913.976,1
914.044,1
914.112,1
914.18,4
914.248,3
914.316,3
914.385,3
914.453,0
914.521,0
914.589,0
914.657,0
914.725,0
914.793,0
914.861,0
914.929,0
914.998,1
915.066,1
915.134,1
915.202,1
915.27,0
915.338,0
915.406,1
915.475,1
915.543,1
915.611,1
915.679,1
915.747,4
915.815,5
915.884,8
915.952,7
916.02,4
916.088,3
916.156,0
916.224,0
916.293,0
916.361,1
916.429,1
916.497,1
916.565,3
916.633,2
916.702,2
916.77,2
916.838,2
916.906,2
916.974,2
917.043,2
917.111,0
917.179,0
917.247,2
917.315,2
917.384,2
917.452,2
917.52,5
917.588,5
917.657,5
917.725,6
917.793,1
917.861,1
917.93,2
917.998,1
918.066,1
918.134,2
918.203,2
918.271,3
918.339,4
918.407,3
918.476,5
918.544,4
918.612,3
918.68,6
918.749,6
918.817,7
918.885,7
918.953,7
919.022,4
919.09,4
919.158,4
919.227,1
919.295,2
919.363,1
919.431,1
919.5,3
919.568,3
919.636,4
919.705,4
919.773,4
919.841,3
919.91,2
919.978,2
920.046,0
920.115,0
920.183,0
920.251,0
920.319,0
920.388,0
920.456,0
920.524,0
920.593,0
920.661,0
920.73,0
920.798,0
920.866,0
920.935,0
921.003,0
921.071,0
921.14,0
921.208,0
921.276,1
921.345,1
921.413,3
921.481,3
921.55,3
921.618,3
921.687,2
921.755,2
921.823,2
921.892,2
921.96,1
922.029,1
922.097,1
922.165,1
922.234,1
922.302,1
922.371,1
922.439,2
922.507,3
922.576,6
922.644,7
922.713,8
922.781,9
922.849,7
922.918,8
922.986,6
923.055,4
923.123,4
923.192,1
923.26,1
923.328,1
923.397,0
923.465,1
923.534,1
923.602,1
923.671,3
923.739,2
923.808,2
923.876,2
923.945,0
924.013,0
924.082,0
924.15,0
924.218,0
924.287,0
924.355,0
924.424,0
924.492,0
924.561,1
924.629,2
924.698,3
924.766,4
924.835,5
924.903,5
924.972,5
925.04,5
925.109,2
925.177,2
925.246,2
925.314,2
925.383,2
925.451,2
925.52,3
925.589,3
925.657,1
925.726,3
925.794,3
925.863,3
925.931,4
926,2
926.068,1
926.137,2
926.205,1
926.274,1
926.342,1
926.411,0
926.48,0
926.548,0
926.617,0
926.685,0
926.754,0
926.822,0
926.891,0
926.96,0
927.028,1
927.097,1
927.165,4
927.234,4
927.303,3
927.371,6
927.44,3
927.508,3
927.577,3
927.646,0
927.714,0
927.783,0
927.851,0
927.92,0
927.989,0
928.057,1
928.126,2
928.194,3
928.263,5
928.332,5
928.4,5
928.469,11
928.538,8
928.606,8
928.675,8
928.744,10
928.812,7
928.881,6
928.949,5
929.018,0
929.087,0
929.155,0
929.224,1
929.293,2
929.361,5
929.43,6
929.499,9
929.567,8
929.636,9
929.705,7
929.774,3
929.842,2
929.911,1
929.98,1
930.048,0
930.117,1
930.186,2
930.254,3
930.323,8
930.392,7
930.46,6
930.529,6
930.598,2
930.667,2
930.735,2
930.804,1
930.873,0
930.942,0
931.01,0
931.079,0
931.148,0
931.216,0
931.285,0
931.354,0
931.423,0
931.491,1
931.56,3
931.629,4
931.698,6
931.766,6
931.835,4
931.904,4
931.973,6
932.042,6
932.11,8
932.179,7
932.248,3
932.317,2
932.385,1
932.454,1
932.523,1
932.592,1
932.661,1
932.729,1
932.798,1
932.867,1
932.936,0
933.005,0
933.073,1
933.142,1
933.211,2
933.28,2
933.349,1
933.417,3
933.486,2
933.555,2
933.624,2
933.693,2
933.762,4
933.83,4
933.899,4
933.968,2
934.037,4
934.106,4
934.175,4
934.243,4
934.312,2
934.381,2
934.45,2
934.519,2
934.588,0
934.657,0
934.726,0
934.794,0
934.863,2
934.932,2
935.001,2
935.07,2
935.139,5
935.208,4
935.277,3
935.345,3
935.414,1
935.483,2
935.552,2
935.621,1
935.69,3
935.759,2
935.828,2
935.897,2
935.966,1
936.035,1
936.103,1
936.172,1
936.241,0
936.31,0
936.379,1
936.448,1
936.517,2
936.586,2
936.655,1
936.724,2
936.793,1
936.862,1
936.931,1
937,0
937.069,5
937.138,5
937.207,6
937.276,6
937.344,7
937.413,6
937.482,5
937.551,6
937.62,3
937.689,3
937.758,2
937.827,0
937.896,0
937.965,0
938.034,0
938.103,0
938.172,0
938.241,0
938.31,0
938.379,0
938.448,1
938.517,1
938.586,1
938.655,3
938.724,2
938.793,2
938.862,2
938.931,1
939,1
939.07,1
939.139,2
939.208,1
939.277,1
939.346,4
939.415,3
939.484,3
939.553,3
939.622,4
939.691,4
939.76,5
939.829,5
939.898,1
939.967,1
940.036,0
940.105,1
940.174,1
940.243,1
940.313,1
940.382,0
940.451,0
940.52,0
940.589,0
940.658,0
940.727,0
940.796,1
940.865,1
940.934,1
941.003,1
941.073,3
941.142,4
941.211,6
941.28,8
941.349,6
941.418,7
941.487,10
941.556,8
941.626,7
941.695,5
941.764,5
941.833,4
941.902,3
941.971,2
942.04,0
942.109,1
942.179,2
942.248,4
942.317,6
942.386,6
942.455,6
942.524,5
942.594,4
942.663,4
942.732,4
942.801,5
942.87,6
942.939,5
943.009,4
943.078,2
943.147,3
943.216,3
943.285,3
943.355,3
943.424,1
943.493,2
943.562,4
943.631,5
943.701,5
943.77,4
943.839,3
943.908,4
943.977,3
944.047,3
944.116,2
944.185,1
944.254,1
944.323,4
944.393,5
944.462,6
944.531,7
944.6,8
944.67,9
944.739,8
944.808,8
944.877,3
944.947,2
945.016,2
945.085,2
945.154,0
945.224,1
945.293,1
945.362,1
945.431,2
945.501,1
945.57,2
945.639,2
945.709,2
945.778,5
945.847,4
945.916,5
945.986,5
946.055,3
946.124,7
946.194,6
946.263,5
946.332,6
946.402,4
946.471,4
946.54,4
946.609,3
946.679,2
946.748,2
946.817,5
946.887,4
946.956,4
947.025,4
947.095,1
947.164,1
947.233,0
947.303,1
947.372,1
947.441,1
947.511,2
947.58,4
947.649,4
947.719,4
947.788,3
947.858,0
947.927,0
947.996,1
948.066,4
948.135,4
948.204,4
948.274,4
948.343,2
948.412,2
948.482,2
948.551,1
948.621,0
948.69,0
948.759,0
948.829,0
948.898,0
948.968,0
949.037,0
949.106,0
949.176,0
949.245,0
949.315,0
949.384,0
949.454,3
949.523,3
949.592,5
949.662,6
949.731,9
949.801,9
949.87,8
949.94,7
950.009,7
950.078,5
950.148,4
950.217,6
950.287,6
950.356,5
950.426,6
950.495,6
950.565,8
950.634,8
950.703,7
950.773,5
950.842,1
950.912,0
950.981,1
951.051,1
951.12,1
951.19,1
951.259,1
951.329,2
951.398,2
951.468,3
951.537,2
951.607,1
951.676,1
951.746,0
951.815,0
951.885,0
951.954,0
952.024,0
952.093,0
952.163,0
952.232,0
952.302,0
952.371,0
952.441,0
952.51,0
952.58,0
952.65,0
952.719,0
952.789,0
952.858,0
952.928,0
952.997,1
953.067,1
953.136,1
953.206,2
953.276,2
953.345,3
953.415,5
953.484,4
953.554,3
953.623,3
953.693,3
953.763,5
953.832,6
953.902,5
953.971,3
954.041,1
954.11,0
954.18,1
954.25,2
954.319,3
954.389,5
954.458,7
954.528,6
954.598,6
954.667,4
954.737,2
954.806,2
954.876,1
954.946,1
955.015,2
955.085,2
955.155,2
955.224,3
955.294,2
955.364,2
955.433,2
955.503,1
955.572,0
955.642,5
955.712,7
955.781,8
955.851,10
955.921,9
955.99,7
956.06,6
956.13,4
956.199,0
956.269,0
956.339,3
956.408,3
956.478,3
956.548,3
956.617,0
956.687,0
956.757,0
956.827,0
956.896,0
956.966,0
957.036,0
957.105,0
957.175,0
957.245,0
957.314,0
957.384,0
957.454,0
957.524,0
957.593,0
957.663,0
957.733,1
957.802,1
957.872,1
957.942,1
958.012,1
958.081,1
958.151,1
958.221,1
958.291,2
958.36,3
958.43,5
958.5,7
958.57,8
958.639,10
958.709,9
958.779,5
958.849,3
958.918,1
958.988,1
959.058,1
959.128,1
959.198,2
959.267,2
959.337,1
959.407,2
959.477,1
959.547,1
959.616,1
959.686,0
959.756,0
959.826,0
959.896,0
959.965,0
960.035,0
960.105,0
960.175,0
960.245,0
960.314,0
960.384,0
960.454,0
960.524,0
960.594,0
960.664,3
960.733,3
960.803,3
960.873,3
960.943,2
961.013,2
961.083,2
961.152,2
961.222,1
961.292,1
961.362,2
961.432,2
961.502,1
961.572,1
961.642,0
961.711,0
961.781,0
961.851,0
961.921,1
961.991,1
962.061,1
962.131,1
962.201,0
962.27,0
962.34,0
962.41,1
962.48,1
962.55,4
962.62,5
962.69,8
962.76,9
962.83,6
962.9,5
962.97,1
963.039,0
963.109,0
963.179,0
963.249,1
963.319,1
963.389,3
963.459,3
963.529,3
963.599,3
963.669,1
963.739,1
963.809,1
963.879,1
963.949,1
964.019,1
964.089,1
964.159,2
964.229,2
964.298,2
964.368,1
964.438,0
964.508,0
964.578,0
964.648,0
964.718,0
964.788,1
964.858,1
964.928,1
964.998,3
965.068,2
965.138,3
965.208,4
965.278,5
965.348,7
965.418,7
965.488,7
965.558,5
965.628,3
965.698,3
965.768,3
965.838,3
965.908,0
965.978,0
966.049,0
966.119,0
966.189,1
966.259,1
966.329,1
966.399,2
966.469,4
966.539,4
966.609,4
966.679,5
966.749,4
966.819,4
966.889,4
966.959,2
967.029,0
967.099,0
967.169,0
967.239,0
967.31,3
967.38,3
967.45,3
967.52,3
967.59,0
967.66,0
967.73,0
967.8,1
967.87,1
967.94,1
968.01,1
968.081,0
968.151,0
968.221,0
968.291,0
968.361,1
968.431,3
968.501,3
968.571,3
968.642,2
968.712,1
968.782,1
968.852,1
968.922,1
968.992,1
969.062,2
969.133,2
969.203,5
969.273,4
969.343,7
969.413,7
969.483,5
969.553,5
969.624,3
969.694,3
969.764,3
969.834,6
969.904,4
969.974,4
970.045,3
970.115,2
970.185,2
970.255,2
970.325,2
970.396,1
970.466,1
970.536,1
970.606,1
970.676,0
970.747,1
970.817,1
970.887,1
970.957,1
971.027,0
971.098,0
971.168,0
971.238,0
971.308,0
971.379,0
971.449,0
971.519,1
971.589,1
971.659,1
971.73,1
971.8,1
971.87,1
971.94,1
972.011,1
972.081,0
972.151,1
972.222,1
972.292,1
972.362,1
972.432,0
972.503,0
972.573,0
972.643,0
972.713,0
972.784,0
972.854,0
972.924,0
972.995,2
973.065,2
973.135,4
973.205,5
973.276,3
973.346,3
973.416,1
973.487,0
973.557,1
973.627,1
973.698,1
973.768,1
973.838,0
973.909,0
973.979,0
974.049,1
974.119,1
974.19,1
974.26,2
974.33,1
974.401,3
974.471,3
974.542,3
974.612,3
974.682,2
974.753,4
974.823,3
974.893,3
974.964,3
975.034,1
975.104,1
975.175,1
975.245,2
975.315,2
975.386,2
975.456,3
975.527,3
975.597,3
975.667,4
975.738,4
975.808,2
975.879,3
975.949,3
976.019,3
976.09,4
976.16,3
976.231,2
976.301,1
976.371,1
976.442,1
976.512,2
976.583,2
976.653,1
976.723,1
976.794,0
976.864,0
976.935,2
977.005,3
977.076,5
977.146,7
977.217,8
977.287,7
977.357,5
977.428,3
977.498,2
977.569,2
977.639,2
977.71,2
977.78,2
977.851,2
977.921,2
977.992,2
978.062,0
978.133,0
978.203,1
978.273,1
978.344,1
978.414,1
978.485,0
978.555,0
978.626,0
978.696,0
978.767,0
978.837,0
978.908,0
978.978,0
979.049,1
979.119,1
979.19,2
979.261,2
979.331,1
979.402,1
979.472,0
979.543,0
979.613,0
979.684,0
979.754,0
979.825,0
979.895,0
979.966,0
980.036,0
980.107,1
980.177,2
980.248,3
980.319,7
980.389,8
980.46,10
980.53,12
980.601,11
980.671,12
980.742,9
980.813,6
980.883,3
980.954,0
981.024,0
981.095,0
981.165,0
981.236,0
981.307,0
981.377,0
981.448,0
981.518,1
981.589,1
981.66,1
981.73,1
981.801,0
981.871,0
981.942,1
982.013,1
982.083,1
982.154,1
982.225,4
982.295,3
982.366,3
982.436,2
982.507,1
982.578,3
982.648,7
982.719,7
982.79,7
982.86,5
982.931,3
983.002,3
983.072,3
983.143,2
983.214,2
983.284,1
983.355,1
983.426,2
983.496,2
983.567,2
983.638,2
983.708,1
983.779,1
983.85,1
983.92,0
983.991,0
984.062,0
984.132,0
984.203,0
984.274,0
984.345,0
984.415,0
984.486,2
984.557,3
984.627,3
984.698,3
984.769,3
984.84,2
984.91,5
984.981,5
985.052,5
985.122,5
985.193,2
985.264,4
985.335,5
985.405,5
985.476,5
985.547,7
985.618,4
985.688,3
985.759,2
985.83,1
985.901,1
985.971,1
986.042,1
986.113,2
986.184,2
986.255,2
986.325,2
986.396,1
986.467,1
986.538,1
986.608,1
986.679,2
986.75,2
986.821,3
986.892,4
986.962,4
987.033,5
987.104,6
987.175,4
987.246,7
987.316,13
987.387,13
987.458,12
987.529,12
987.6,13
987.671,13
987.741,15
987.812,13
987.883,6
987.954,5
988.025,3
988.096,3
988.166,2
988.237,2
988.308,1
988.379,0
988.45,0
988.521,0
988.592,0
988.662,3
988.733,3
988.804,4
988.875,4
988.946,1
989.017,1
989.088,0
989.158,0
989.229,0
989.3,0
989.371,2
989.442,2
989.513,2
989.584,2
989.655,1
989.726,1
989.796,1
989.867,2
989.938,2
990.009,3
990.08,5
990.151,10
990.222,9
990.293,8
990.364,6
990.435,1
990.506,1
990.577,1
990.648,1
990.718,0
990.789,0
990.86,0
990.931,0
991.002,0
991.073,1
991.144,2
991.215,3
991.286,4
991.357,4
991.428,3
991.499,2
991.57,1
991.641,4
991.712,3
991.783,2
991.854,1
991.925,1
991.996,2
992.067,4
992.138,7
992.209,6
992.28,5
992.351,3
992.422,0
992.493,0
992.564,0
992.635,0
992.706,0
992.777,1
992.848,1
992.919,2
992.99,2
993.061,1
993.132,1
993.203,0
993.274,0
993.345,0
993.416,0
993.487,1
993.558,1
993.629,1
993.7,1
993.771,1
993.842,1
993.913,2
993.984,2
994.055,1
994.126,1
994.197,1
994.269,1
994.34,1
994.411,1
994.482,0
994.553,0
994.624,0
994.695,0
994.766,0
994.837,0
994.908,1
994.979,1
995.05,2
995.122,2
995.193,2
995.264,2
995.335,3
995.406,3
995.477,2
995.548,3
995.619,4
995.69,6
995.762,6
995.833,6
995.904,5
995.975,3
996.046,3
996.117,3
996.188,2
996.259,3
996.331,3
996.402,6
996.473,4
996.544,3
996.615,2
996.686,1
996.757,1
996.829,0
996.9,0
996.971,0
997.042,0
997.113,0
997.184,0
997.256,0
997.327,0
997.398,0
997.469,0
997.54,0
997.612,1
997.683,3
997.754,3
997.825,3
997.896,3
997.967,2
998.039,3
998.11,4
998.181,4
998.252,4
998.324,4
998.395,1
998.466,1
998.537,1
998.608,2
998.68,3
998.751,5
998.822,7
998.893,9
998.965,9
999.036,7
999.107,5
999.178,4
999.25,2
999.321,2
999.392,2
999.463,0
999.535,0
999.606,0
999.677,0
999.748,0
999.82,0
999.891,0
999.962,0
1000.033,0
1000.105,0
1000.176,0
1000.247,0
1000.319,1
1000.39,1
1000.461,2
1000.532,2
1000.604,1
1000.675,1
1000.746,0
1000.818,1
1000.889,3
1000.96,3
1001.032,3
1001.103,2
1001.174,0
1001.245,0
1001.317,0
1001.388,0
1001.459,0
1001.531,0
1001.602,0
1001.673,0
1001.745,1
1001.816,2
1001.887,2
1001.959,2
1002.03,1
1002.101,0
1002.173,0
1002.244,0
1002.316,0
1002.387,0
1002.458,0
1002.53,0
1002.601,0
1002.672,0
1002.744,0
1002.815,0
1002.886,0
1002.958,0
1003.029,0
1003.101,0
1003.172,0
1003.243,0
1003.315,0
1003.386,0
1003.458,1
1003.529,1
1003.6,1
1003.672,1
1003.743,0
1003.815,1
1003.886,1
1003.957,1
1004.029,1
1004.1,0
1004.172,1
1004.243,3
1004.315,5
1004.386,8
1004.457,12
1004.529,12
1004.6,11
1004.672,8
1004.743,4
1004.815,3
1004.886,3
1004.958,0
1005.029,0
1005.1,1
1005.172,3
1005.243,3
1005.315,3
1005.386,2
1005.458,1
1005.529,3
1005.601,4
1005.672,5
1005.744,5
1005.815,6
1005.887,5
1005.958,4
1006.03,3
1006.101,2
1006.173,3
1006.244,3
1006.316,3
1006.387,1
1006.459,0
1006.53,2
1006.602,2
1006.673,2
1006.745,4
1006.816,5
1006.888,5
1006.959,5
1007.031,4
1007.102,2
1007.174,4
1007.245,7
1007.317,7
1007.388,6
1007.46,5
1007.532,3
1007.603,3
1007.675,3
1007.746,3
1007.818,2
1007.889,1
1007.961,1
1008.032,1
1008.104,1
1008.176,2
1008.247,3
1008.319,3
1008.39,4
1008.462,4
1008.533,6
1008.605,7
1008.677,7
1008.748,7
1008.82,8
1008.891,6
1008.963,5
1009.035,5
1009.106,2
1009.178,2
1009.249,3
1009.321,3
1009.393,3
1009.464,5
1009.536,9
1009.607,9
1009.679,8
1009.751,10
1009.822,8
1009.894,11
1009.966,11
1010.037,7
1010.109,4
1010.181,2
1010.252,3
1010.324,4
1010.395,7
1010.467,5
1010.539,4
1010.61,3
1010.682,1
1010.754,1
1010.825,1
1010.897,2
1010.969,2
1011.04,3
1011.112,7
1011.184,6
1011.255,5
1011.327,4
1011.399,5
1011.471,4
1011.542,3
1011.614,2
1011.686,0
1011.757,0
1011.829,0
1011.901,0
1011.972,0
1012.044,1
1012.116,1
1012.188,1
1012.259,1
1012.331,1
1012.403,3
1012.474,3
1012.546,3
1012.618,3
1012.69,2
1012.761,3
1012.833,5
1012.905,4
1012.977,3
1013.048,2
1013.12,2
1013.192,2
1013.264,2
1013.335,3
1013.407,1
1013.479,2
1013.551,2
1013.622,1
1013.694,1
1013.766,0
1013.838,0
1013.909,2
1013.981,2
1014.053,2
1014.125,2
1014.197,2
1014.268,4
1014.34,6
1014.412,8
1014.484,8
1014.556,7
1014.627,7
1014.699,4
1014.771,3
1014.843,3
1014.915,2
1014.986,0
1015.058,0
1015.13,0
1015.202,1
1015.274,2
1015.345,4
1015.417,8
1015.489,7
1015.561,6
1015.633,8
1015.705,6
1015.776,6
1015.848,6
1015.92,5
1015.992,3
1016.064,2
1016.136,1
1016.208,2
1016.279,2
1016.351,3
1016.423,4
1016.495,3
1016.567,2
1016.639,1
1016.711,0
1016.783,0
1016.854,1
1016.926,2
1016.998,3
1017.07,3
1017.142,2
1017.214,1
1017.286,0
1017.358,0
1017.43,1
1017.501,1
1017.573,1
1017.645,1
1017.717,0
1017.789,1
1017.861,1
1017.933,1
1018.005,1
1018.077,1
1018.149,1
1018.221,1
1018.293,1
1018.365,1
1018.436,1
1018.508,1
1018.58,1
1018.652,2
1018.724,3
1018.796,4
1018.868,6
1018.94,4
1019.012,3
1019.084,2
1019.156,0
1019.228,0
1019.3,1
1019.372,1
1019.444,1
1019.516,1
1019.588,0
1019.66,0
1019.732,0
1019.804,0
1019.876,0
1019.948,0
1020.02,0
1020.092,1
1020.164,1
1020.236,1
1020.308,1
1020.38,0
1020.452,1
1020.524,1
1020.596,1
1020.668,1
1020.74,0
1020.812,0
1020.884,0
1020.956,0
1021.028,0
1021.1,0
1021.172,2
1021.244,2
1021.316,2
1021.388,2
1021.46,1
1021.532,2
1021.604,2
1021.676,2
1021.748,2
1021.82,2
1021.893,2
1021.965,2
1022.037,1
1022.109,0
1022.181,1
1022.253,4
1022.325,5
1022.397,7
1022.469,6
1022.541,6
1022.613,6
1022.685,4
1022.757,4
1022.83,1
1022.902,0
1022.974,0
1023.046,0
1023.118,0
1023.19,0
1023.262,0
1023.334,2
1023.406,2
1023.479,2
1023.551,2
1023.623,4
1023.695,5
1023.767,6
1023.839,6
1023.911,2
1023.983,1
1024.056,2
1024.128,2
1024.2,2
1024.272,3
1024.344,1
1024.416,1
1024.488,1
1024.561,0
1024.633,0
1024.705,1
1024.777,1
1024.849,1
1024.921,1
1024.994,1
1025.066,1
1025.138,1
1025.21,1
1025.282,0
1025.355,0
1025.427,0
1025.499,0
1025.571,1
1025.643,2
1025.716,3
1025.788,5
1025.86,4
1025.932,3
1026.004,2
1026.077,1
1026.149,1
1026.221,1
1026.293,2
1026.365,1
1026.438,1
1026.51,2
1026.582,2
1026.654,2
1026.727,2
1026.799,1
1026.871,0
1026.943,0
1027.016,1
1027.088,1
1027.16,1
1027.232,1
1027.305,0
1027.377,3
1027.449,3
1027.521,3
1027.594,3
1027.666,0
1027.738,0
1027.81,0
1027.883,0
1027.955,0
1028.027,1
1028.1,1
1028.172,2
1028.244,2
1028.316,1
1028.389,2
1028.461,2
1028.533,2
1028.606,2
1028.678,1
1028.75,2
1028.823,2
1028.895,2
1028.967,2
1029.039,1
1029.112,2
1029.184,2
1029.256,2
1029.329,1
1029.401,0
1029.473,0
1029.546,0
1029.618,1
1029.69,1
1029.763,1
1029.835,1
1029.907,0
1029.98,0
1030.052,0
1030.125,1
1030.197,1
1030.269,2
1030.342,2
1030.414,1
1030.486,1
1030.559,1
1030.631,1
1030.703,1
1030.776,1
1030.848,4
1030.921,4
1030.993,4
1031.065,4
1031.138,0
1031.21,0
1031.283,0
1031.355,1
1031.427,1
1031.5,1
1031.572,1
1031.645,0
1031.717,0
1031.789,0
1031.862,0
1031.934,0
1032.007,0
1032.079,0
1032.152,0
1032.224,1
1032.296,2
1032.369,3
1032.441,4
1032.514,5
1032.586,6
1032.659,7
1032.731,7
1032.804,9
1032.876,6
1032.948,8
1033.021,8
1033.093,6
1033.166,4
1033.238,1
1033.311,1
1033.383,0
1033.456,0
1033.528,0
1033.601,0
1033.673,4
1033.746,4
1033.818,4
1033.891,7
1033.963,3
1034.036,3
1034.108,3
1034.181,1
1034.253,4
1034.326,6
1034.398,7
1034.471,6
1034.543,4
1034.616,3
1034.688,2
1034.761,2
1034.833,1
1034.906,0
1034.978,3
1035.051,3
1035.123,4
1035.196,4
1035.268,2
1035.341,2
1035.414,2
1035.486,2
1035.559,1
1035.631,1
1035.704,0
1035.776,6
1035.849,7
1035.921,8
1035.994,12
1036.067,8
1036.139,8
1036.212,10
1036.284,7
1036.357,7
1036.429,9
1036.502,11
1036.575,13
1036.647,13
1036.72,10
1036.792,5
1036.865,2
1036.938,1
1037.01,2
1037.083,2
1037.155,3
1037.228,4
1037.301,5
1037.373,5
1037.446,4
1037.518,2
1037.591,1
1037.664,1
1037.736,1
1037.809,1
1037.882,3
1037.954,3
1038.027,5
1038.1,5
1038.172,8
1038.245,7
1038.317,5
1038.39,4
1038.463,1
1038.535,1
1038.608,0
1038.681,1
1038.753,1
1038.826,2
1038.899,2
1038.971,1
1039.044,1
1039.117,0
1039.189,1
1039.262,1
1039.335,1
1039.408,1
1039.48,0
1039.553,0
1039.626,1
1039.698,2
1039.771,2
1039.844,3
1039.916,2
1039.989,3
1040.062,3
1040.135,3
1040.207,4
1040.28,2
1040.353,2
1040.425,2
1040.498,2
1040.571,4
1040.644,4
1040.716,3
1040.789,2
1040.862,0
1040.935,1
1041.007,1
1041.08,2
1041.153,2
1041.226,1
1041.298,1
1041.371,0
1041.444,0
1041.517,0
1041.589,1
1041.662,2
1041.735,2
1041.808,2
1041.88,2
1041.953,3
1042.026,4
1042.099,5
1042.172,7
1042.244,5
1042.317,4
1042.39,4
1042.463,1
1042.536,5
1042.608,5
1042.681,5
1042.754,5
1042.827,1
1042.9,1
1042.972,0
1043.045,0
1043.118,0
1043.191,1
1043.264,1
1043.336,2
1043.409,2
1043.482,1
1043.555,1
1043.628,0
1043.701,1
1043.773,1
1043.846,1
1043.919,1
1043.992,1
1044.065,1
1044.138,1
1044.211,1
1044.283,1
1044.356,1
1044.429,2
1044.502,2
1044.575,1
1044.648,3
1044.721,3
1044.794,4
1044.866,4
1044.939,4
1045.012,3
1045.085,3
1045.158,3
1045.231,1
1045.304,1
1045.377,0
1045.45,0
1045.522,0
1045.595,1
1045.668,1
1045.741,1
1045.814,1
1045.887,0
1045.96,1
1046.033,2
1046.106,3
1046.179,7
1046.252,8
1046.325,8
1046.398,8
1046.47,4
1046.543,3
1046.616,3
1046.689,3
1046.762,0
1046.835,0
1046.908,0
1046.981,0
1047.054,0
1047.127,0
1047.2,0
1047.273,0
1047.346,0
1047.419,0
1047.492,0
1047.565,0
1047.638,0
1047.711,0
1047.784,0
1047.857,0
1047.93,0
1048.003,0
1048.076,0
1048.149,0
1048.222,0
1048.295,0
1048.368,0
1048.441,0
1048.514,1
1048.587,3
1048.66,4
1048.733,4
1048.806,3
1048.879,2
1048.952,2
1049.025,3
1049.098,4
1049.171,3
1049.244,2
1049.317,1
1049.39,0
1049.463,0
1049.536,0
1049.609,0
1049.682,0
1049.755,0
1049.828,1
1049.901,1
1049.975,1
1050.048,1
1050.121,0
1050.194,1
1050.267,2
1050.34,3
1050.413,4
1050.486,6
1050.559,7
1050.632,6
1050.705,5
1050.778,2
1050.851,2
1050.925,3
1050.998,4
1051.071,5
1051.144,5
1051.217,5
1051.29,5
1051.363,2
1051.436,2
1051.509,2
1051.583,3
1051.656,3
1051.729,2
1051.802,2
1051.875,1
1051.948,1
1052.021,1
1052.094,1
1052.168,1
1052.241,0
1052.314,0
1052.387,0
1052.46,0
1052.533,0
1052.606,0
1052.68,0
1052.753,0
1052.826,0
1052.899,0
1052.972,1
1053.045,2
1053.119,2
1053.192,2
1053.265,1
1053.338,0
1053.411,0
1053.485,0
1053.558,0
1053.631,0
1053.704,0
1053.777,0
1053.851,0
1053.924,0
1053.997,0
1054.07,0
1054.143,0
1054.217,3
1054.29,3
1054.363,4
1054.436,4
1054.509,4
1054.583,5
1054.656,5
1054.729,7
1054.802,4
1054.876,3
1054.949,2
1055.022,1
1055.095,1
1055.169,1
1055.242,2
1055.315,1
1055.388,1
1055.462,1
1055.535,1
1055.608,1
1055.681,1
1055.755,1
1055.828,0
1055.901,0
1055.974,1
1056.048,2
1056.121,2
1056.194,4
1056.268,5
1056.341,5
1056.414,7
1056.487,7
1056.561,5
1056.634,6
1056.707,4
1056.781,2
1056.854,2
1056.927,0
1057.001,1
1057.074,1
1057.147,1
1057.22,1
1057.294,0
1057.367,0
1057.44,2
1057.514,2
1057.587,2
1057.66,2
1057.734,0
1057.807,0
1057.88,0
1057.954,0
1058.027,1
1058.1,1
1058.174,1
1058.247,1
1058.321,0
1058.394,0
1058.467,0
1058.541,0
1058.614,0
1058.687,1
1058.761,1
1058.834,1
1058.908,1
1058.981,0
1059.054,0
1059.128,0
1059.201,0
1059.274,0
1059.348,0
1059.421,0
1059.495,0
1059.568,0
1059.641,0
1059.715,0
1059.788,0
1059.862,0
1059.935,1
1060.008,1
1060.082,2
1060.155,2
1060.229,2
1060.302,2
1060.376,4
1060.449,4
1060.522,6
1060.596,6
1060.669,3
1060.743,4
1060.816,1
1060.89,1
1060.963,1
1061.037,0
1061.11,0
1061.183,0
1061.257,0
1061.33,0
1061.404,1
1061.477,1
1061.551,1
1061.624,1
1061.698,1
1061.771,1
1061.845,2
1061.918,3
1061.992,2
1062.065,2
1062.139,1
1062.212,0
1062.286,0
1062.359,0
1062.433,1
1062.506,2
1062.58,4
1062.653,5
1062.727,5
1062.8,5
1062.874,4
1062.947,2
1063.021,4
1063.094,5
1063.168,6
1063.241,7
1063.315,5
1063.388,5
1063.462,4
1063.536,5
1063.609,5
1063.683,4
1063.756,4
1063.83,1
1063.903,1
1063.977,1
1064.05,2
1064.124,1
1064.197,1
1064.271,1
1064.345,2
1064.418,2
1064.492,2
1064.565,2
1064.639,0
1064.713,0
1064.786,0
1064.86,0
1064.933,0
1065.007,0
1065.08,0
1065.154,0
1065.228,0
1065.301,0
1065.375,0
1065.448,1
1065.522,1
1065.596,2
1065.669,2
1065.743,3
1065.817,4
1065.89,3
1065.964,3
1066.037,1
1066.111,1
1066.185,1
1066.258,1
1066.332,1
1066.406,1
1066.479,1
1066.553,1
1066.627,1
1066.7,0
1066.774,0
1066.848,1
1066.921,1
1066.995,1
1067.068,1
1067.142,4
1067.216,4
1067.29,4
1067.363,4
1067.437,0
1067.511,1
1067.584,1
1067.658,1
1067.732,1
1067.805,2
1067.879,3
1067.953,3
1068.026,3
1068.1,2
1068.174,1
1068.247,1
1068.321,1
1068.395,0
1068.469,0
1068.542,0
1068.616,1
1068.69,1
1068.763,2
1068.837,2
1068.911,1
1068.985,1
1069.058,0
1069.132,0
1069.206,0
1069.28,0
1069.353,0
1069.427,0
1069.501,0
1069.575,0
1069.648,0
1069.722,0
1069.796,0
1069.87,0
1069.943,0
1070.017,0
1070.091,0
1070.165,0
1070.239,0
1070.312,0
1070.386,0
1070.46,0
1070.534,1
1070.607,2
1070.681,3
1070.755,3
1070.829,2
1070.903,1
1070.976,0
1071.05,0
1071.124,0
1071.198,0
1071.272,0
1071.345,0
1071.419,0
1071.493,0
1071.567,0
1071.641,0
1071.715,0
1071.788,1
1071.862,1
1071.936,1
1072.01,1
1072.084,0
1072.158,0
1072.231,0
1072.305,0
1072.379,0
1072.453,0
1072.527,0
1072.601,1
1072.675,1
1072.748,1
1072.822,1
1072.896,0
1072.97,0
1073.044,0
1073.118,0
1073.192,1
1073.266,1
1073.339,1
1073.413,1
1073.487,2
1073.561,2
1073.635,2
1073.709,2
1073.783,2
1073.857,2
1073.931,2
1074.005,2
1074.078,0
1074.152,0
1074.226,0
1074.3,0
1074.374,0
1074.448,0
1074.522,0
1074.596,0
1074.67,0
1074.744,0
1074.818,1
1074.892,2
1074.966,4
1075.04,7
1075.113,6
1075.187,6
1075.261,6
1075.335,4
1075.409,5
1075.483,6
1075.557,4
1075.631,3
1075.705,3
1075.779,1
1075.853,1
1075.927,2
1076.001,1
1076.075,1
1076.149,1
1076.223,0
1076.297,0
1076.371,0
1076.445,0
1076.519,0
1076.593,0
1076.667,0
1076.741,0
1076.815,0
1076.889,2
1076.963,2
1077.037,2
1077.111,2
1077.185,1
1077.259,1
1077.333,1
1077.407,1
1077.481,1
1077.555,1
1077.629,1
1077.703,1
1077.777,0
1077.851,1
1077.925,2
1077.999,2
1078.073,2
1078.147,1
1078.222,0
1078.296,0
1078.37,1
1078.444,1
1078.518,2
1078.592,2
1078.666,1
1078.74,1
1078.814,0
1078.888,1
1078.962,2
1079.036,6
1079.11,7
1079.184,7
1079.259,7
1079.333,4
1079.407,4
1079.481,4
1079.555,4
1079.629,4
1079.703,2
1079.777,2
1079.851,2
1079.926,2
1080,0
1080.074,0
1080.148,2
1080.222,3
1080.296,3
1080.37,3
1080.444,1
1080.519,0
1080.593,1
1080.667,4
1080.741,4
1080.815,4
1080.889,4
1080.963,2
1081.038,2
1081.112,2
1081.186,1
1081.26,0
1081.334,1
1081.408,1
1081.483,1
1081.557,1
1081.631,0
1081.705,0
1081.779,0
1081.853,0
1081.928,0
1082.002,0
1082.076,0
1082.15,0
1082.224,0
1082.299,0
1082.373,1
1082.447,1
1082.521,1
1082.595,1
1082.67,0
1082.744,0
1082.818,1
1082.892,1
1082.966,1
1083.041,1
1083.115,2
1083.189,2
1083.263,2
1083.338,2
1083.412,0
1083.486,1
1083.56,1
1083.635,1
1083.709,1
1083.783,0
1083.857,0
1083.932,0
1084.006,0
1084.08,0
1084.154,0
1084.229,0
1084.303,1
1084.377,1
1084.451,1
1084.526,1
1084.6,0
1084.674,0
1084.749,0
1084.823,0
1084.897,0
1084.971,1
1085.046,2
1085.12,3
1085.194,4
1085.269,4
1085.343,5
1085.417,5
1085.492,3
1085.566,3
1085.64,2
1085.714,2
1085.789,2
1085.863,3
1085.937,5
1086.012,6
1086.086,4
1086.16,3
1086.235,1
1086.309,0
1086.383,0
1086.458,0
1086.532,0
1086.606,0
1086.681,2
1086.755,2
1086.83,3
1086.904,5
1086.978,8
1087.053,11
1087.127,13
1087.201,12
1087.276,8
1087.35,6
1087.424,2
1087.499,2
1087.573,3
1087.648,4
1087.722,4
1087.796,5
1087.871,9
1087.945,9
1088.02,7
1088.094,6
1088.168,5
1088.243,4
1088.317,4
1088.392,4
1088.466,2
1088.54,2
1088.615,2
1088.689,2
1088.764,1
1088.838,1
1088.913,1
1088.987,1
1089.061,0
1089.136,0
1089.21,0
1089.285,0
1089.359,0
1089.434,0
1089.508,0
1089.582,0
1089.657,0
1089.731,0
1089.806,0
1089.88,0
1089.955,0
1090.029,0
1090.104,0
1090.178,0
1090.253,0
1090.327,0
1090.402,0
1090.476,0
1090.551,3
1090.625,3
1090.7,3
1090.774,3
1090.849,5
1090.923,4
1090.998,3
1091.072,2
1091.147,1
1091.221,2
1091.296,3
1091.37,4
1091.445,8
1091.519,7
1091.594,6
1091.668,5
1091.743,0
1091.817,0
1091.892,1
1091.966,2
1092.041,4
1092.115,5
1092.19,6
1092.264,6
1092.339,5
1092.414,2
1092.488,1
1092.563,2
1092.637,2
1092.712,1
1092.786,1
1092.861,4
1092.935,4
1093.01,3
1093.085,2
1093.159,1
1093.234,0
1093.308,0
1093.383,0
1093.458,0
1093.532,0
1093.607,0
1093.681,1
1093.756,1
1093.83,1
1093.905,1
1093.98,0
1094.054,0
1094.129,0
1094.204,0
1094.278,0
1094.353,0
1094.427,0
1094.502,0
1094.577,0
1094.651,0
1094.726,0
1094.8,0
1094.875,0
1094.95,4
1095.024,4
1095.099,4
1095.174,5
1095.248,2
1095.323,4
1095.398,4
1095.472,3
1095.547,2
1095.622,0
1095.696,0
1095.771,0
1095.846,0
1095.92,0
1095.995,1
1096.07,2
1096.144,3
1096.219,4
1096.294,4
1096.368,4
1096.443,4
1096.518,4
1096.592,4
1096.667,4
1096.742,4
1096.817,4
1096.891,5
1096.966,6
1097.041,9
1097.115,6
1097.19,6
1097.265,6
1097.34,3
1097.414,3
1097.489,3
1097.564,3
1097.638,0
1097.713,3
1097.788,4
1097.863,5
1097.937,7
1098.012,4
1098.087,3
1098.162,2
1098.236,0
1098.311,0
1098.386,0
1098.461,1
1098.535,1
1098.61,1
1098.685,1
1098.76,0
1098.834,0
1098.909,0
1098.984,1
1099.059,1
1099.134,1
1099.208,1
1099.283,0
1099.358,0
1099.433,0
1099.508,0
1099.582,0
1099.657,0
1099.732,0
1099.807,1
1099.882,2
1099.956,3
1100.031,4
1100.106,3
1100.181,2
1100.256,3
1100.33,2
1100.405,4
1100.48,6
1100.555,9
1100.63,12
1100.705,11
1100.779,10
1100.854,6
1100.929,3
1101.004,4
1101.079,4
1101.154,4
1101.229,1
1101.303,2
1101.378,2
1101.453,4
1101.528,4
1101.603,3
1101.678,3
1101.753,3
1101.827,3
1101.902,2
1101.977,2
1102.052,0
1102.127,0
1102.202,0
1102.277,0
1102.352,0
1102.427,3
1102.501,3
1102.576,3
1102.651,3
1102.726,0
1102.801,1
1102.876,1
1102.951,1
1103.026,1
1103.101,0
1103.176,0
1103.251,2
1103.326,2
1103.4,3
1103.475,3
1103.55,1
1103.625,1
1103.7,0
1103.775,0
1103.85,0
1103.925,0
1104,0
1104.075,0
1104.15,0
1104.225,0
1104.3,1
1104.375,1
1104.45,1
1104.525,1
1104.6,0
1104.675,0
1104.75,0
1104.825,0
1104.9,1
1104.975,1
1105.05,1
1105.125,1
1105.2,0
1105.275,0
1105.35,0
1105.425,0
1105.5,0
1105.575,0
1105.65,0
1105.725,0
1105.8,1
1105.875,1
1105.95,1
1106.025,1
1106.1,0
1106.175,0
1106.25,1
1106.325,1
1106.4,2
1106.475,2
1106.55,1
1106.625,1
1106.7,0
1106.775,0
1106.85,0
1106.925,0
1107,0
1107.075,0
1107.15,0
1107.225,0
1107.3,0
1107.375,0
1107.451,0
1107.526,0
1107.601,0
1107.676,0
1107.751,1
1107.826,1
1107.901,4
1107.976,6
1108.051,7
1108.126,9
1108.201,9
1108.276,12
1108.352,13
1108.427,16
1108.502,15
1108.577,14
1108.652,13
1108.727,12
1108.802,11
1108.877,7
1108.952,5
1109.028,2
1109.103,1
1109.178,1
1109.253,1
1109.328,0
1109.403,0
1109.478,0
1109.554,2
1109.629,3
1109.704,4
1109.779,5
1109.854,3
1109.929,2
1110.004,1
1110.08,0
1110.155,0
1110.23,0
1110.305,2
1110.38,2
1110.455,2
1110.531,3
1110.606,1
1110.681,1
1110.756,2
1110.831,1
1110.907,1
1110.982,2
1111.057,1
1111.132,1
1111.207,1
1111.283,0
1111.358,0
1111.433,0
1111.508,0
1111.583,0
1111.659,0
1111.734,1
1111.809,1
1111.884,1
1111.959,1
1112.035,3
1112.11,3
1112.185,3
1112.26,3
1112.336,2
1112.411,2
1112.486,2
1112.561,2
1112.637,0
1112.712,0
1112.787,0
1112.862,0
1112.938,0
1113.013,0
1113.088,0
1113.163,4
1113.239,4
1113.314,4
1113.389,5
1113.465,3
1113.54,3
1113.615,3
1113.69,2
1113.766,1
1113.841,2
1113.916,3
1113.992,4
1114.067,4
1114.142,3
1114.217,2
1114.293,1
1114.368,1
1114.443,1
1114.519,1
1114.594,1
1114.669,0
1114.745,0
1114.82,0
1114.895,0
1114.971,0
1115.046,0
1115.121,0
1115.197,0
1115.272,0
1115.347,0
1115.423,0
1115.498,0
1115.573,2
1115.649,2
1115.724,2
1115.799,2
1115.875,0
1115.95,0
1116.025,0
1116.101,0
1116.176,0
1116.252,0
1116.327,0
1116.402,1
1116.478,1
1116.553,1
1116.628,1
1116.704,0
1116.779,0
1116.855,0
1116.93,0
1117.005,0
1117.081,0
1117.156,0
1117.232,0
1117.307,0
1117.382,0
1117.458,0
1117.533,0
1117.609,0
1117.684,0
1117.76,2
1117.835,2
1117.91,2
1117.986,2
1118.061,1
1118.137,2
1118.212,2
1118.288,2
1118.363,3
1118.439,3
1118.514,3
1118.589,3
1118.665,2
1118.74,5
1118.816,4
1118.891,4
1118.967,2
1119.042,3
1119.118,4
1119.193,3
1119.269,3
1119.344,1
1119.42,0
1119.495,0
1119.571,3
1119.646,4
1119.722,7
1119.797,9
1119.873,7
1119.948,6
1120.024,3
1120.099,1
1120.175,0
1120.25,1
1120.326,1
1120.401,2
1120.477,2
1120.552,3
1120.628,4
1120.703,3
1120.779,3
1120.854,1
1120.93,0
1121.005,2
1121.081,2
1121.156,2
1121.232,3
1121.307,1
1121.383,1
1121.459,2
1121.534,5
1121.61,5
1121.685,5
1121.761,5
1121.836,3
1121.912,4
1121.987,5
1122.063,5
1122.139,5
1122.214,7
1122.29,10
1122.365,10
1122.441,10
1122.517,8
1122.592,5
1122.668,5
1122.743,4
1122.819,4
1122.895,4
1122.97,4
1123.046,3
1123.121,2
1123.197,1
1123.273,0
1123.348,0
1123.424,0
1123.499,0
1123.575,1
1123.651,1
1123.726,3
1123.802,3
1123.878,2
1123.953,2
1124.029,2
1124.104,3
1124.18,3
1124.256,3
1124.331,1
1124.407,0
1124.483,3
1124.558,3
1124.634,3
1124.71,3
1124.785,0
1124.861,0
1124.937,0
1125.012,0
1125.088,1
1125.164,1
1125.239,1
1125.315,1
1125.391,0
1125.466,1
1125.542,1
1125.618,1
1125.694,1
1125.769,0
1125.845,0
1125.921,0
1125.996,1
1126.072,1
1126.148,1
1126.223,1
1126.299,0
1126.375,0
1126.451,0
1126.526,0
1126.602,0
1126.678,0
1126.754,1
1126.829,1
1126.905,3
1126.981,3
1127.057,2
1127.132,2
1127.208,4
1127.284,4
1127.36,6
1127.435,6
1127.511,3
1127.587,3
1127.663,1
1127.738,1
1127.814,0
1127.89,0
1127.966,1
1128.041,1
1128.117,1
1128.193,1
1128.269,0
1128.345,0
1128.42,0
1128.496,0
1128.572,0
1128.648,1
1128.724,1
1128.799,1
1128.875,1
1128.951,1
1129.027,1
1129.103,1
1129.178,1
1129.254,0
1129.33,0
1129.406,0
1129.482,0
1129.558,0
1129.633,0
1129.709,0
1129.785,0
1129.861,0
1129.937,1
1130.013,1
1130.088,1
1130.164,1
1130.24,0
1130.316,0
1130.392,0
1130.468,0
1130.544,0
1130.619,0
1130.695,0
1130.771,0
1130.847,0
1130.923,0
1130.999,0
1131.075,0
1131.151,0
1131.226,0
1131.302,1
1131.378,2
1131.454,2
1131.53,2
1131.606,5
1131.682,8
1131.758,8
1131.834,8
1131.909,4
1131.985,3
1132.061,3
1132.137,3
1132.213,3
1132.289,0
1132.365,0
1132.441,0
1132.517,0
1132.593,0
1132.669,1
1132.745,1
1132.821,3
1132.897,3
1132.972,2
1133.048,2
1133.124,0
1133.2,0
1133.276,0
1133.352,0
1133.428,0
1133.504,0
1133.58,0
1133.656,0
1133.732,0
1133.808,2
1133.884,2
1133.96,2
1134.036,3
1134.112,1
1134.188,1
1134.264,1
1134.34,1
1134.416,1
1134.492,1
1134.568,1
1134.644,2
1134.72,5
1134.796,5
1134.872,5
1134.948,3
1135.024,1
1135.1,2
1135.176,2
1135.252,2
1135.328,1
1135.404,0
1135.48,0
1135.556,1
1135.632,3
1135.708,3
1135.784,3
1135.86,2
1135.936,3
1136.012,3
1136.088,3
1136.165,3
1136.241,0
1136.317,0
1136.393,0
1136.469,0
1136.545,0
1136.621,1
1136.697,1
1136.773,1
1136.849,1
1136.925,0
1137.001,0
1137.077,0
1137.153,0
1137.23,0
1137.306,0
1137.382,0
1137.458,0
1137.534,0
1137.61,0
1137.686,1
1137.762,1
1137.838,1
1137.914,3
1137.991,2
1138.067,2
1138.143,2
1138.219,0
1138.295,0
1138.371,1
1138.447,1
1138.523,1
1138.6,1
1138.676,3
1138.752,3
1138.828,3
1138.904,4
1138.98,1
1139.056,1
1139.133,1
1139.209,0
1139.285,0
1139.361,2
1139.437,2
1139.513,3
1139.59,3
1139.666,3
1139.742,3
1139.818,2
1139.894,5
1139.971,5
1140.047,6
1140.123,7
1140.199,8
1140.275,7
1140.351,7
1140.428,7
1140.504,5
1140.58,5
1140.656,5
1140.732,6
1140.809,1
1140.885,1
1140.961,1
1141.037,1
1141.114,1
1141.19,1
1141.266,1
1141.342,3
1141.418,3
1141.495,3
1141.571,3
1141.647,0
1141.723,0
1141.8,0
1141.876,0
1141.952,1
1142.028,1
1142.105,2
1142.181,2
1142.257,1
1142.333,1
1142.41,0
1142.486,0
1142.562,0
1142.639,0
1142.715,2
1142.791,2
1142.867,3
1142.944,3
1143.02,3
1143.096,3
1143.173,2
1143.249,2
1143.325,0
1143.401,1
1143.478,1
1143.554,1
1143.63,1
1143.707,0
1143.783,0
1143.859,0
1143.936,0
1144.012,2
1144.088,4
1144.165,6
1144.241,11
1144.317,10
1144.394,9
1144.47,9
1144.546,3
1144.623,3
1144.699,3
1144.775,2
1144.852,0
1144.928,1
1145.004,1
1145.081,1
1145.157,1
1145.233,0
1145.31,0
1145.386,0
1145.463,0
1145.539,0
1145.615,2
1145.692,3
1145.768,3
1145.844,3
1145.921,1
1145.997,0
1146.074,0
1146.15,0
1146.226,1
1146.303,2
1146.379,3
1146.456,4
1146.532,6
1146.608,5
1146.685,4
1146.761,4
1146.838,4
1146.914,5
1146.99,6
1147.067,5
1147.143,2
1147.22,1
1147.296,0
1147.373,0
1147.449,1
1147.525,3
1147.602,5
1147.678,7
1147.755,9
1147.831,12
1147.908,10
1147.984,9
1148.061,7
1148.137,3
1148.214,3
1148.29,2
1148.366,1
1148.443,0
1148.519,2
1148.596,2
1148.672,3
1148.749,3
1148.825,3
1148.902,3
1148.978,2
1149.055,2
1149.131,0
1149.208,0
1149.284,0
1149.361,0
1149.437,0
1149.514,0
1149.59,0
1149.667,0
1149.743,0
1149.82,0
1149.896,0
1149.973,0
1150.049,0
1150.126,0
1150.203,1
1150.279,1
1150.356,2
1150.432,3
1150.509,2
1150.585,2
1150.662,1
1150.738,0
1150.815,0
1150.891,1
1150.968,1
1151.045,1
1151.121,1
1151.198,0
1151.274,0
1151.351,0
1151.427,0
1151.504,0
1151.581,1
1151.657,1
1151.734,2
1151.81,2
1151.887,3
1151.963,3
1152.04,2
1152.117,2
1152.193,0
1152.27,0
1152.346,0
1152.423,0
1152.5,0
1152.576,0
1152.653,0
1152.729,0
1152.806,1
1152.883,1
1152.959,1
1153.036,1
1153.113,0
1153.189,0
1153.266,0
1153.343,0
1153.419,1
1153.496,1
1153.572,1
1153.649,1
1153.726,0
1153.802,0
1153.879,1
1153.956,1
1154.032,3
1154.109,4
1154.186,4
1154.262,5
1154.339,4
1154.416,4
1154.492,4
1154.569,1
1154.646,2
1154.722,2
1154.799,3
1154.876,2
1154.952,1
1155.029,1
1155.106,0
1155.183,0
1155.259,0
1155.336,2
1155.413,4
1155.489,5
1155.566,7
1155.643,8
1155.72,7
1155.796,7
1155.873,5
1155.95,3
1156.026,3
1156.103,3
1156.18,0
1156.257,0
1156.333,0
1156.41,0
1156.487,1
1156.564,1
1156.64,2
1156.717,3
1156.794,4
1156.871,6
1156.947,5
1157.024,4
1157.101,2
1157.178,1
1157.254,2
1157.331,2
1157.408,2
1157.485,1
1157.562,0
1157.638,1
1157.715,1
1157.792,1
1157.869,1
1157.945,0
1158.022,0
1158.099,0
1158.176,1
1158.253,1
1158.329,1
1158.406,1
1158.483,0
1158.56,0
1158.637,0
1158.714,0
1158.79,0
1158.867,0
1158.944,1
1159.021,1
1159.098,1
1159.174,1
1159.251,0
1159.328,2
1159.405,2
1159.482,2
1159.559,2
1159.636,0
1159.712,0
1159.789,0
1159.866,0
1159.943,0
1160.02,1
1160.097,4
1160.174,4
1160.25,4
1160.327,4
1160.404,3
1160.481,6
1160.558,6
1160.635,6
1160.712,5
1160.789,2
1160.865,2
1160.942,1
1161.019,0
1161.096,0
1161.173,0
1161.25,0
1161.327,0
1161.404,0
1161.481,0
1161.558,0
1161.635,0
1161.711,1
1161.788,1
1161.865,1
1161.942,1
1162.019,0
1162.096,0
1162.173,1
1162.25,1
1162.327,1
1162.404,1
1162.481,0
1162.558,0
1162.635,0
1162.712,0
1162.789,0
1162.866,0
1162.943,0
1163.019,0
1163.096,0
1163.173,0
1163.25,0
1163.327,0
1163.404,0
1163.481,0
1163.558,0
1163.635,0
1163.712,0
1163.789,0
1163.866,1
1163.943,1
1164.02,1
1164.097,1
1164.174,0
1164.251,0
1164.328,0
1164.405,0
1164.482,0
1164.559,0
1164.636,0
1164.713,0
1164.79,0
1164.867,0
1164.944,1
1165.021,1
1165.098,1
1165.176,1
1165.253,1
1165.33,1
1165.407,1
1165.484,1
1165.561,1
1165.638,1
1165.715,1
1165.792,1
1165.869,0
1165.946,0
1166.023,0
1166.1,0
1166.177,0
1166.254,0
1166.331,0
1166.408,1
1166.486,2
1166.563,2
1166.64,2
1166.717,1
1166.794,1
1166.871,1
1166.948,1
1167.025,3
1167.102,4
1167.179,4
1167.256,4
1167.334,2
1167.411,1
1167.488,1
1167.565,1
1167.642,1
1167.719,0
1167.796,0
1167.873,0
1167.951,0
1168.028,0
1168.105,0
1168.182,0
1168.259,0
1168.336,3
1168.413,5
1168.491,6
1168.568,7
1168.645,8
1168.722,6
1168.799,5
1168.876,4
1168.953,0
1169.031,0
1169.108,0
1169.185,3
1169.262,3
1169.339,3
1169.417,3
1169.494,0
1169.571,0
1169.648,0
1169.725,3
1169.802,3
1169.88,5
1169.957,5
1170.034,4
1170.111,4
1170.188,2
1170.266,2
1170.343,0
1170.42,0
1170.497,0
1170.574,0
1170.652,0
1170.729,0
1170.806,1
1170.883,1
1170.961,1
1171.038,1
1171.115,0
1171.192,0
1171.27,0
1171.347,0
1171.424,1
1171.501,4
1171.579,6
1171.656,7
1171.733,7
1171.81,13
1171.888,10
1171.965,8
1172.042,6
1172.119,1
1172.197,1
1172.274,2
1172.351,2
1172.428,2
1172.506,3
1172.583,6
1172.66,8
1172.738,10
1172.815,10
1172.892,6
1172.97,6
1173.047,3
1173.124,2
1173.201,2
1173.279,0
1173.356,0
1173.433,0
1173.511,0
1173.588,0
1173.665,0
1173.743,0
1173.82,0
1173.897,0
1173.975,0
1174.052,0
1174.129,0
1174.207,0
1174.284,0
1174.361,0
1174.439,0
1174.516,0
1174.593,1
1174.671,1
1174.748,1
1174.825,2
1174.903,1
1174.98,1
1175.058,1
1175.135,4
1175.212,6
1175.29,6
1175.367,6
1175.444,3
1175.522,1
1175.599,3
1175.677,3
1175.754,2
1175.831,2
1175.909,0
1175.986,0
1176.064,0
1176.141,2
1176.218,2
1176.296,2
1176.373,2
1176.451,0
1176.528,0
1176.605,0
1176.683,0
1176.76,0
1176.838,0
1176.915,0
1176.993,0
1177.07,1
1177.147,2
1177.225,2
1177.302,2
1177.38,1
1177.457,0
1177.535,0
1177.612,0
1177.69,0
1177.767,0
1177.845,0
1177.922,0
1177.999,3
1178.077,3
1178.154,4
1178.232,4
1178.309,3
1178.387,3
1178.464,6
1178.542,5
1178.619,3
1178.697,2
1178.774,2
1178.852,3
1178.929,2
1179.007,2
1179.084,1
1179.162,1
1179.239,2
1179.317,3
1179.394,5
1179.472,5
1179.549,5
1179.627,5
1179.704,6
1179.782,7
1179.859,7
1179.937,8
1180.014,5
1180.092,3
1180.17,2
1180.247,3
1180.325,3
1180.402,3
1180.48,3
1180.557,2
1180.635,2
1180.712,2
1180.79,2
1180.868,0
1180.945,0
1181.023,0
1181.1,0
1181.178,0
1181.255,0
1181.333,0
1181.411,0
1181.488,0
1181.566,0
1181.643,0
1181.721,0
1181.798,0
1181.876,0
1181.954,0
1182.031,1
1182.109,4
1182.187,5
1182.264,7
1182.342,6
1182.419,3
1182.497,2
1182.575,2
1182.652,5
1182.73,5
1182.807,5
1182.885,4
1182.963,3
1183.04,3
1183.118,3
1183.196,2
1183.273,0
1183.351,2
1183.429,2
1183.506,2
1183.584,2
1183.662,2
1183.739,2
1183.817,2
1183.895,2
1183.972,0
1184.05,0
1184.128,1
1184.205,1
1184.283,1
1184.361,1
1184.438,0
1184.516,0
1184.594,0
1184.671,0
1184.749,0
1184.827,0
1184.904,0
1184.982,0
1185.06,0
1185.137,0
1185.215,0
1185.293,0
1185.371,0
1185.448,0
1185.526,0
1185.604,0
1185.681,0
1185.759,0
1185.837,0
1185.915,0
1185.992,0
1186.07,0
1186.148,1
1186.226,2
1186.303,6
1186.381,10
1186.459,9
1186.537,8
1186.614,7
1186.692,6
1186.77,9
1186.848,10
1186.925,7
1187.003,4
1187.081,6
1187.159,4
1187.236,3
1187.314,2
1187.392,2
1187.47,2
1187.548,2
1187.625,2
1187.703,1
1187.781,1
1187.859,2
1187.937,2
1188.014,2
1188.092,2
1188.17,1
1188.248,1
1188.326,2
1188.403,3
1188.481,3
1188.559,5
1188.637,3
1188.715,2
1188.793,2
1188.87,0
1188.948,0
1189.026,0
1189.104,0
1189.182,0
1189.26,1
1189.337,1
1189.415,2
1189.493,2
1189.571,1
1189.649,1
1189.727,1
1189.805,2
1189.882,2
1189.96,3
1190.038,2
1190.116,1
1190.194,2
1190.272,1
1190.35,1
1190.428,1
1190.505,1
1190.583,1
1190.661,1
1190.739,1
1190.817,0
1190.895,0
1190.973,0
1191.051,0
1191.129,0
1191.206,1
1191.284,1
1191.362,1
1191.44,1
1191.518,1
1191.596,1
1191.674,1
1191.752,1
1191.83,0
1191.908,0
1191.986,0
1192.064,0
1192.142,0
1192.219,0
1192.297,0
1192.375,0
1192.453,0
1192.531,1
1192.609,1
1192.687,1
1192.765,1
1192.843,0
1192.921,0
1192.999,2
1193.077,2
1193.155,3
1193.233,3
1193.311,1
1193.389,1
1193.467,0
1193.545,0
1193.623,0
1193.701,0
1193.779,0
1193.857,0
1193.935,0
1194.013,0
1194.091,3
1194.169,3
1194.247,3
1194.325,3
1194.403,0
1194.481,0
1194.559,0
1194.637,0
1194.715,0
1194.793,0
1194.871,0
1194.949,0
1195.027,0
1195.105,0
1195.183,0
1195.261,1
1195.339,1
1195.417,1
1195.495,4
1195.573,3
1195.651,3
1195.73,3
1195.808,4
1195.886,5
1195.964,6
1196.042,6
1196.12,3
1196.198,4
1196.276,4
1196.354,4
1196.432,3
1196.51,1
1196.588,0
1196.666,0
1196.745,0
1196.823,0
1196.901,0
1196.979,0
1197.057,1
1197.135,1
1197.213,1
1197.291,1
1197.369,0
1197.447,0
1197.526,0
1197.604,0
1197.682,1
1197.76,1
1197.838,1
1197.916,1
1197.994,0
1198.072,0
1198.151,0
1198.229,0
1198.307,0
1198.385,0
1198.463,1
1198.541,1
1198.619,1
1198.698,1
1198.776,0
1198.854,0
1198.932,0
1199.01,0
1199.088,0
1199.167,0
1199.245,0
1199.323,0
1199.401,0
1199.479,0
1199.558,0
1199.636,0
1199.714,0
1199.792,0
1199.87,1
1199.949,1
1200.027,2
1200.105,2
1200.183,1
1200.261,1
1200.34,0
1200.418,0
1200.496,0
1200.574,0
1200.652,0
1200.731,0
1200.809,1
1200.887,2
1200.965,3
1201.044,5
1201.122,5
1201.2,5
1201.278,6
1201.357,3
1201.435,5
1201.513,5
1201.591,5
1201.67,5
1201.748,8
1201.826,7
1201.904,7
1201.983,4
1202.061,2
1202.139,2
1202.217,0
1202.296,0
1202.374,0
1202.452,0
1202.53,0
1202.609,0
1202.687,0
1202.765,0
1202.844,0
1202.922,0
1203,1
1203.079,1
1203.157,1
1203.235,1
1203.313,1
1203.392,1
1203.47,1
1203.548,1
1203.627,0
1203.705,0
1203.783,0
1203.862,0
1203.94,0
1204.018,0
1204.097,0
1204.175,0
1204.253,0
1204.332,1
1204.41,2
1204.488,2
1204.567,2
1204.645,3
1204.723,3
1204.802,4
1204.88,6
1204.959,9
1205.037,8
1205.115,7
1205.194,5
1205.272,3
1205.35,4
1205.429,5
1205.507,6
1205.586,6
1205.664,6
1205.742,6
1205.821,5
1205.899,3
1205.978,4
1206.056,4
1206.134,4
1206.213,3
1206.291,1
1206.37,0
1206.448,1
1206.526,1
1206.605,2
1206.683,3
1206.762,3
1206.84,6
1206.919,5
1206.997,4
1207.075,3
1207.154,2
1207.232,3
1207.311,3
1207.389,4
1207.468,2
1207.546,2
1207.624,2
1207.703,1
1207.781,1
1207.86,0
1207.938,0
1208.017,0
1208.095,0
1208.174,0
1208.252,0
1208.331,0
1208.409,0
1208.488,0
1208.566,0
1208.645,0
1208.723,0
1208.802,1
1208.88,2
1208.959,3
1209.037,3
1209.116,2
1209.194,2
1209.273,1
1209.351,1
1209.43,1
1209.508,3
1209.587,3
1209.665,4
1209.744,4
1209.822,4
1209.901,4
1209.979,3
1210.058,3
1210.136,0
1210.215,0
1210.293,0
1210.372,2
1210.451,2
1210.529,5
1210.608,6
1210.686,7
1210.765,11
1210.843,9
1210.922,9
1211,7
1211.079,4
1211.158,4
1211.236,5
1211.315,5
1211.393,3
1211.472,3
1211.55,3
1211.629,3
1211.708,1
1211.786,2
1211.865,2
1211.943,4
1212.022,4
1212.101,4
1212.179,3
1212.258,2
1212.336,2
1212.415,1
1212.494,1
1212.572,0
1212.651,0
1212.729,0
1212.808,1
1212.887,1
1212.965,1
1213.044,1
1213.123,0
1213.201,0
1213.28,0
1213.359,0
1213.437,0
1213.516,0
1213.594,1
1213.673,2
1213.752,2
1213.83,2
1213.909,1
1213.988,0
1214.066,0
1214.145,0
1214.224,0
1214.302,0
1214.381,0
1214.46,0
1214.538,0
1214.617,1
1214.696,1
1214.775,1
1214.853,1
1214.932,1
1215.011,1
1215.089,5
1215.168,5
1215.247,6
1215.325,7
1215.404,5
1215.483,9
1215.562,7
1215.64,6
1215.719,4
1215.798,0
1215.876,0
1215.955,0
1216.034,0
1216.113,0
1216.191,0
1216.27,0
1216.349,0
1216.428,0
1216.506,0
1216.585,0
1216.664,0
1216.743,0
1216.821,0
1216.9,0
1216.979,0
1217.058,0
1217.136,0
1217.215,0
1217.294,0
1217.373,1
1217.451,1
1217.53,2
1217.609,2
1217.688,2
1217.767,3
1217.845,2
1217.924,2
1218.003,1
1218.082,1
1218.161,1
1218.239,2
1218.318,2
1218.397,1
1218.476,1
1218.555,1
1218.633,1
1218.712,1
1218.791,1
1218.87,0
1218.949,0
1219.028,0
1219.106,0
1219.185,0
1219.264,1
1219.343,1
1219.422,3
1219.501,3
1219.579,2
1219.658,5
1219.737,4
1219.816,4
1219.895,4
1219.974,1
1220.053,0
1220.131,0
1220.21,0
1220.289,0
1220.368,0
1220.447,0
1220.526,3
1220.605,3
1220.684,3
1220.762,3
1220.841,3
1220.92,4
1220.999,4
1221.078,4
1221.157,1
1221.236,0
1221.315,0
1221.394,0
1221.473,0
1221.551,0
1221.63,0
1221.709,0
1221.788,0
1221.867,0
1221.946,0
1222.025,0
1222.104,0
1222.183,3
1222.262,3
1222.341,3
1222.42,5
1222.499,4
1222.578,5
1222.656,6
1222.735,5
1222.814,3
1222.893,2
1222.972,1
1223.051,0
1223.13,0
1223.209,0
1223.288,0
1223.367,0
1223.446,0
1223.525,0
1223.604,0
1223.683,0
1223.762,0
1223.841,0
1223.92,0
1223.999,1
1224.078,1
1224.157,1
1224.236,1
1224.315,0
1224.394,1
1224.473,1
1224.552,1
1224.631,4
1224.71,3
1224.789,3
1224.868,3
1224.947,3
1225.026,3
1225.105,3
1225.184,3
1225.263,1
1225.342,2
1225.421,2
1225.5,2
1225.579,2
1225.658,2
1225.737,2
1225.817,2
1225.896,1
1225.975,0
1226.054,0
1226.133,0
1226.212,0
1226.291,0
1226.37,0
1226.449,1
1226.528,1
1226.607,1
1226.686,1
1226.765,0
1226.844,0
1226.924,1
1227.003,1
1227.082,1
1227.161,3
1227.24,5
1227.319,6
1227.398,7
1227.477,10
1227.556,8
1227.635,8
1227.715,8
1227.794,4
1227.873,4
1227.952,4
1228.031,4
1228.11,1
1228.189,1
1228.268,2
1228.348,2
1228.427,1
1228.506,1
1228.585,0
1228.664,0
1228.743,0
1228.822,0
1228.902,0
1228.981,2
1229.06,2
1229.139,2
1229.218,3
1229.297,3
1229.377,5
1229.456,6
1229.535,6
1229.614,5
1229.693,5
1229.772,7
1229.852,8
1229.931,7
1230.01,5
1230.089,3
1230.168,2
1230.248,2
1230.327,2
1230.406,1
1230.485,0
1230.564,0
1230.644,0
1230.723,0
1230.802,1
1230.881,1
1230.96,1
1231.04,1
1231.119,0
1231.198,0
1231.277,0
1231.357,0
1231.436,0
1231.515,0
1231.594,0
1231.674,1
1231.753,2
1231.832,4
1231.911,5
1231.991,5
1232.07,5
1232.149,4
1232.228,4
1232.308,2
1232.387,2
1232.466,2
1232.545,5
1232.625,4
1232.704,4
1232.783,4
1232.863,2
1232.942,2
1233.021,2
1233.1,2
1233.18,2
1233.259,3
1233.338,4
1233.418,6
1233.497,5
1233.576,3
1233.655,3
1233.735,3
1233.814,3
1233.893,3
1233.973,2
1234.052,0
1234.131,0
1234.211,0
1234.29,0
1234.369,0
1234.449,0
1234.528,0
1234.607,0
1234.687,0
1234.766,0
1234.845,2
1234.925,2
1235.004,2
1235.084,2
1235.163,0
1235.242,0
1235.322,1
1235.401,1
1235.48,1
1235.56,1
1235.639,0
1235.718,0
1235.798,0
1235.877,0
1235.957,0
1236.036,0
1236.115,0
1236.195,1
1236.274,1
1236.354,1
1236.433,1
1236.512,0
1236.592,0
1236.671,0
1236.751,0
1236.83,0
1236.909,1
1236.989,1
1237.068,1
1237.148,1
1237.227,0
1237.307,0
1237.386,0
1237.465,0
1237.545,0
1237.624,0
1237.704,0
1237.783,0
1237.863,0
1237.942,3
1238.021,3
1238.101,3
1238.18,3
1238.26,0
1238.339,0
1238.419,0
1238.498,1
1238.578,2
1238.657,2
1238.737,2
1238.816,1
1238.896,2
1238.975,2
1239.055,2
1239.134,2
1239.214,0
1239.293,0
1239.373,0
1239.452,0
1239.532,0
1239.611,0
1239.691,1
1239.77,1
1239.85,1
1239.929,1
1240.009,0
1240.088,0
1240.168,0
1240.247,0
1240.327,0
1240.406,0
1240.486,0
1240.565,0
1240.645,0
1240.724,0
1240.804,0
1240.883,0
1240.963,0
1241.043,3
1241.122,4
1241.202,5
1241.281,5
1241.361,2
1241.44,1
1241.52,3
1241.599,3
1241.679,3
1241.759,3
1241.838,1
1241.918,1
1241.997,1
1242.077,1
1242.157,0
1242.236,1
1242.316,2
1242.395,2
1242.475,2
1242.555,1
1242.634,0
1242.714,0
1242.793,0
1242.873,0
1242.953,1
1243.032,1
1243.112,1
1243.191,1
1243.271,0
1243.351,0
1243.43,0
1243.51,0
1243.59,0
1243.669,0
1243.749,1
1243.828,1
1243.908,1
1243.988,2
1244.067,1
1244.147,1
1244.227,1
1244.306,0
1244.386,0
1244.466,0
1244.545,0
1244.625,2
1244.705,2
1244.784,2
1244.864,2
1244.944,2
1245.023,2
1245.103,2
1245.183,2
1245.262,0
1245.342,0
1245.422,0
1245.502,0
1245.581,0
1245.661,0
1245.741,0
1245.82,0
1245.9,0
1245.98,3
1246.059,4
1246.139,4
1246.219,5
1246.299,4
1246.378,3
1246.458,3
1246.538,2
1246.618,0
1246.697,0
1246.777,0
1246.857,1
1246.937,1
1247.016,1
1247.096,1
1247.176,0
1247.256,0
1247.335,0
1247.415,0
1247.495,0
1247.575,0
1247.654,0
1247.734,0
1247.814,0
1247.894,0
1247.973,0
1248.053,0
1248.133,0
1248.213,2
1248.293,2
1248.372,2
1248.452,2
1248.532,0
1248.612,0
1248.691,1
1248.771,1
1248.851,1
1248.931,1
1249.011,0
1249.091,0
1249.17,0
1249.25,0
1249.33,0
1249.41,0
1249.49,0
1249.569,1
1249.649,1
1249.729,1
1249.809,1
1249.889,0
1249.969,1
1250.048,1
1250.128,4
1250.208,5
1250.288,4
1250.368,4
1250.448,8
1250.528,6
1250.607,6
1250.687,9
1250.767,5
1250.847,5
1250.927,4
1251.007,1
1251.087,2
1251.167,3
1251.246,3
1251.326,2
1251.406,2
1251.486,1
1251.566,1
1251.646,1
1251.726,1
1251.806,2
1251.886,4
1251.966,5
1252.045,5
1252.125,5
1252.205,3
1252.285,2
1252.365,2
1252.445,2
1252.525,2
1252.605,3
1252.685,2
1252.765,2
1252.845,3
1252.925,2
1253.005,2
1253.084,1
1253.164,0
1253.244,0
1253.324,0
1253.404,0
1253.484,1
1253.564,1
1253.644,1
1253.724,1
1253.804,0
1253.884,0
1253.964,0
1254.044,0
1254.124,0
1254.204,0
1254.284,0
1254.364,1
1254.444,2
1254.524,2
1254.604,2
1254.684,1
1254.764,0
1254.844,0
1254.924,1
1255.004,1
1255.084,1
1255.164,2
1255.244,1
1255.324,1
1255.404,4
1255.484,3
1255.564,3
1255.644,3
1255.724,1
1255.804,2
1255.884,2
1255.964,3
1256.044,3
1256.124,3
1256.204,3
1256.284,2
1256.364,1
1256.444,0
1256.524,1
1256.605,1
1256.685,1
1256.765,1
1256.845,0
1256.925,2
1257.005,2
1257.085,2
1257.165,2
1257.245,0
1257.325,0
1257.405,0
1257.485,0
1257.565,2
1257.645,2
1257.726,2
1257.806,2
1257.886,0
1257.966,0
1258.046,1
1258.126,1
1258.206,1
1258.286,1
1258.366,0
1258.447,0
1258.527,0
1258.607,0
1258.687,0
1258.767,0
1258.847,0
1258.927,0
1259.007,0
1259.088,0
1259.168,2
1259.248,2
1259.328,2
1259.408,2
1259.488,1
1259.568,1
1259.649,1
1259.729,2
1259.809,1
1259.889,1
1259.969,1
1260.049,0
1260.13,0
1260.21,0
1260.29,0
1260.37,0
1260.45,0
1260.53,1
1260.611,6
1260.691,6
1260.771,7
1260.851,6
1260.931,2
1261.012,2
1261.092,1
1261.172,1
1261.252,1
1261.332,1
1261.413,1
1261.493,1
1261.573,0
1261.653,0
1261.734,1
1261.814,1
1261.894,1
1261.974,1
1262.054,0
1262.135,0
1262.215,0
1262.295,0
1262.375,0
1262.456,0
1262.536,0
1262.616,0
1262.696,0
1262.777,0
1262.857,1
1262.937,1
1263.017,1
1263.098,1
1263.178,0
1263.258,0
1263.339,0
1263.419,0
1263.499,0
1263.579,0
1263.66,0
1263.74,1
1263.82,1
1263.901,1
1263.981,1
1264.061,0
1264.141,0
1264.222,0
1264.302,0
1264.382,0
1264.463,1
1264.543,1
1264.623,1
1264.704,1
1264.784,0
1264.864,0
1264.945,0
1265.025,0
1265.105,0
1265.186,1
1265.266,1
1265.346,1
1265.427,1
1265.507,1
1265.587,1
1265.668,1
1265.748,1
1265.828,0
1265.909,0
1265.989,0
1266.069,0
1266.15,1
1266.23,1
1266.311,1
1266.391,1
1266.471,1
1266.552,1
1266.632,1
1266.712,1
1266.793,0
1266.873,0
1266.954,0
1267.034,0
1267.114,0
1267.195,0
1267.275,0
1267.356,0
1267.436,1
1267.516,1
1267.597,1
1267.677,2
1267.758,4
1267.838,5
1267.919,5
1267.999,4
1268.079,1
1268.16,0
1268.24,0
1268.321,0
1268.401,0
1268.482,0
1268.562,0
1268.642,0
1268.723,0
1268.803,0
1268.884,0
1268.964,0
1269.045,0
1269.125,0
1269.206,0
1269.286,0
1269.367,0
1269.447,0
1269.528,0
1269.608,0
1269.689,0
1269.769,0
1269.849,0
1269.93,0
1270.01,0
1270.091,0
1270.171,0
1270.252,0
1270.332,0
1270.413,0
1270.493,0
1270.574,0
1270.654,2
1270.735,2
1270.816,2
1270.896,2
1270.977,0
1271.057,0
1271.138,0
1271.218,1
1271.299,2
1271.379,3
1271.46,4
1271.54,5
1271.621,4
1271.701,4
1271.782,3
1271.862,1
1271.943,1
1272.024,0
1272.104,0
1272.185,0
1272.265,0
1272.346,0
1272.426,0
1272.507,0
1272.588,0
1272.668,0
1272.749,0
1272.829,0
1272.91,0
1272.99,0
1273.071,0
1273.152,0
1273.232,1
1273.313,1
1273.393,1
1273.474,1
1273.555,4
1273.635,3
1273.716,3
1273.796,2
1273.877,1
1273.958,1
1274.038,0
1274.119,0
1274.2,0
1274.28,0
1274.361,0
1274.441,0
1274.522,0
1274.603,0
1274.683,0
1274.764,0
1274.845,0
1274.925,0
1275.006,0
1275.087,0
1275.167,0
1275.248,0
1275.329,0
1275.409,0
1275.49,0
1275.571,1
1275.651,1
1275.732,1
1275.813,1
1275.893,0
1275.974,1
1276.055,1
1276.135,1
1276.216,1
1276.297,0
1276.377,0
1276.458,0
1276.539,0
1276.62,0
1276.7,0
1276.781,1
1276.862,3
1276.942,4
1277.023,4
1277.104,4
1277.185,2
1277.265,1
1277.346,2
1277.427,1
1277.507,1
1277.588,1
1277.669,0
1277.75,0
1277.83,0
1277.911,0
1277.992,0
1278.073,0
1278.153,1
1278.234,1
1278.315,1
1278.396,1
1278.476,0
1278.557,0
1278.638,0
1278.719,1
1278.8,2
1278.88,3
1278.961,9
1279.042,8
1279.123,8
1279.203,7
1279.284,2
1279.365,4
1279.446,3
1279.527,3
1279.607,2
1279.688,0
1279.769,0
1279.85,0
1279.931,0
1280.011,0
1280.092,0
1280.173,0
1280.254,1
1280.335,1
1280.416,1
1280.496,1
1280.577,0
1280.658,0
1280.739,0
1280.82,0
1280.901,0
1280.981,0
1281.062,0
1281.143,0
1281.224,0
1281.305,0
1281.386,0
1281.467,1
1281.547,4
1281.628,4
1281.709,4
1281.79,3
1281.871,0
1281.952,0
1282.033,0
1282.114,1
1282.194,1
1282.275,1
1282.356,3
1282.437,2
1282.518,2
1282.599,2
1282.68,5
1282.761,4
1282.842,3
1282.922,2
1283.003,0
1283.084,0
1283.165,0
1283.246,0
1283.327,0
1283.408,2
1283.489,6
1283.57,10
1283.651,15
1283.732,16
1283.813,18
1283.894,16
1283.974,14
1284.055,12
1284.136,8
1284.217,6
1284.298,3
1284.379,2
1284.46,0
1284.541,0
1284.622,0
1284.703,0
1284.784,0
1284.865,0
1284.946,0
1285.027,0
1285.108,0
1285.189,0
1285.27,3
1285.351,3
1285.432,3
1285.513,3
1285.594,0
1285.675,1
1285.756,1
1285.837,1
1285.918,1
1285.999,0
1286.08,1
1286.161,1
1286.242,1
1286.323,1
1286.404,1
1286.485,1
1286.566,2
1286.647,2
1286.728,1
1286.809,2
1286.89,1
1286.971,2
1287.052,2
1287.133,1
1287.214,1
1287.295,0
1287.376,2
1287.457,2
1287.538,2
1287.619,2
1287.701,1
1287.782,2
1287.863,3
1287.944,3
1288.025,3
1288.106,3
1288.187,3
1288.268,7
1288.349,7
1288.43,7
1288.511,7
1288.592,1
1288.673,1
1288.755,1
1288.836,1
1288.917,0
1288.998,1
1289.079,1
1289.16,1
1289.241,1
1289.322,3
1289.403,5
1289.485,5
1289.566,5
1289.647,4
1289.728,2
1289.809,2
1289.89,2
1289.971,0
1290.052,0
1290.134,0
1290.215,0
1290.296,0
1290.377,0
1290.458,0
1290.539,0
1290.62,1
1290.702,2
1290.783,3
1290.864,5
1290.945,6
1291.026,9
1291.107,10
1291.189,8
1291.27,9
1291.351,6
1291.432,5
1291.513,2
1291.594,0
1291.676,1
1291.757,1
1291.838,1
1291.919,1
1292,2
1292.082,2
1292.163,2
1292.244,4
1292.325,2
1292.406,2
1292.488,2
1292.569,1
1292.65,4
1292.731,4
1292.813,4
1292.894,3
1292.975,1
1293.056,2
1293.137,2
1293.219,2
1293.3,1
1293.381,0
1293.462,0
1293.544,0
1293.625,0
1293.706,1
1293.787,1
1293.869,1
1293.95,2
1294.031,1
1294.112,1
1294.194,1
1294.275,4
1294.356,4
1294.438,4
1294.519,4
1294.6,2
1294.681,2
1294.763,2
1294.844,2
1294.925,0
1295.007,0
1295.088,0
1295.169,2
1295.25,2
1295.332,2
1295.413,2
1295.494,1
1295.576,1
1295.657,1
1295.738,1
1295.82,0
1295.901,1
1295.982,1
1296.064,1
1296.145,1
1296.226,0
1296.308,2
1296.389,2
1296.47,3
1296.552,4
1296.633,3
1296.714,3
1296.796,6
1296.877,5
1296.958,4
1297.04,4
1297.121,0
1297.202,3
1297.284,3
1297.365,3
1297.447,3
1297.528,6
1297.609,6
1297.691,6
1297.772,6
1297.854,3
1297.935,3
1298.016,3
1298.098,3
1298.179,5
1298.26,4
1298.342,3
1298.423,2
1298.505,0
1298.586,0
1298.667,0
1298.749,0
1298.83,1
1298.912,1
1298.993,1
1299.075,1
1299.156,0
1299.237,0
1299.319,0
1299.4,0
1299.482,0
1299.563,0
1299.645,0
1299.726,0
1299.808,0
1299.889,0
1299.97,2
1300.052,2
1300.133,2
1300.215,2
1300.296,0
1300.378,0
1300.459,0
1300.541,0
1300.622,2
1300.704,2
1300.785,3
1300.867,3
1300.948,2
1301.03,2
1301.111,1
1301.193,1
1301.274,0
1301.356,0
1301.437,0
1301.519,0
1301.6,0
1301.682,0
1301.763,0
1301.845,0
1301.926,0
1302.008,0
1302.089,1
1302.171,2
1302.252,3
1302.334,4
1302.415,4
1302.497,6
1302.578,6
1302.66,4
1302.741,4
1302.823,3
1302.904,3
1302.986,1
1303.068,1
1303.149,0
1303.231,1
1303.312,2
1303.394,2
1303.475,4
1303.557,4
1303.638,3
1303.72,3
1303.802,2
1303.883,1
1303.965,1
1304.046,1
1304.128,0
1304.21,1
1304.291,1
1304.373,1
1304.454,1
1304.536,0
1304.618,0
1304.699,0
1304.781,0
1304.862,0
1304.944,3
1305.026,3
1305.107,5
1305.189,5
1305.27,3
1305.352,3
1305.434,1
1305.515,1
1305.597,0
1305.679,0
1305.76,0
1305.842,2
1305.923,4
1306.005,4
1306.087,4
1306.168,2
1306.25,0
1306.332,1
1306.413,1
1306.495,1
1306.577,2
1306.658,2
1306.74,3
1306.822,4
1306.903,4
1306.985,4
1307.067,4
1307.148,7
1307.23,6
1307.312,5
1307.393,5
1307.475,2
1307.557,3
1307.639,3
1307.72,2
1307.802,1
1307.884,0
1307.965,0
1308.047,0
1308.129,0
1308.211,0
1308.292,0
1308.374,0
1308.456,0
1308.537,0
1308.619,0
1308.701,1
1308.783,3
1308.864,4
1308.946,5
1309.028,8
1309.11,6
1309.191,5
1309.273,4
1309.355,0
1309.437,0
1309.518,0
1309.6,0
1309.682,0
1309.764,0
1309.845,0
1309.927,0
1310.009,0
1310.091,0
1310.172,0
1310.254,0
1310.336,0
1310.418,0
1310.5,0
1310.581,0
1310.663,0
1310.745,1
1310.827,2
1310.909,2
1310.99,2
1311.072,1
1311.154,0
1311.236,0
1311.318,0
1311.399,0
1311.481,0
1311.563,0
1311.645,0
1311.727,0
1311.809,0
1311.89,0
1311.972,0
1312.054,0
1312.136,0
1312.218,0
1312.3,0
1312.381,0
1312.463,1
1312.545,1
1312.627,1
1312.709,1
1312.791,0
1312.873,0
1312.954,0
1313.036,1
1313.118,1
1313.2,1
1313.282,1
1313.364,0
1313.446,0
1313.528,0
1313.609,0
1313.691,0
1313.773,0
1313.855,0
1313.937,0
1314.019,0
1314.101,1
1314.183,1
1314.265,1
1314.347,2
1314.428,2
1314.51,4
1314.592,5
1314.674,5
1314.756,5
1314.838,7
1314.92,5
1315.002,5
1315.084,5
1315.166,4
1315.248,2
1315.33,2
1315.412,2
1315.494,2
1315.576,2
1315.657,2
1315.739,3
1315.821,3
1315.903,3
1315.985,3
1316.067,2
1316.149,0
1316.231,0
1316.313,0
1316.395,0
1316.477,0
1316.559,0
1316.641,0
1316.723,0
1316.805,0
1316.887,0
1316.969,0
1317.051,0
1317.133,0
1317.215,1
1317.297,1
1317.379,1
1317.461,1
1317.543,0
1317.625,1
1317.707,1
1317.789,1
1317.871,1
1317.953,0
1318.035,0
1318.117,0
1318.199,0
1318.281,0
1318.363,0
1318.445,0
1318.527,0
1318.609,3
1318.692,3
1318.774,3
1318.856,3
1318.938,0
1319.02,0
1319.102,0
1319.184,0
1319.266,2
1319.348,2
1319.43,2
1319.512,2
1319.594,0
1319.676,0
1319.758,0
1319.84,0
1319.923,0
1320.005,2
1320.087,2
1320.169,3
1320.251,3
1320.333,1
1320.415,1
1320.497,1
1320.579,1
1320.661,1
1320.744,1
1320.826,0
1320.908,0
1320.99,0
1321.072,0
1321.154,0
1321.236,0
1321.318,0
1321.401,0
1321.483,0
1321.565,0
1321.647,0
1321.729,0
1321.811,0
1321.893,0
1321.976,0
1322.058,0
1322.14,0
1322.222,0
1322.304,1
1322.386,1
1322.469,2
1322.551,3
1322.633,3
1322.715,4
1322.797,3
1322.879,2
1322.962,1
1323.044,0
1323.126,0
1323.208,1
1323.29,1
1323.373,1
1323.455,1
1323.537,1
1323.619,1
1323.701,1
1323.784,1
1323.866,1
1323.948,2
1324.03,2
1324.112,2
1324.195,1
1324.277,0
1324.359,0
1324.441,0
1324.524,0
1324.606,0
1324.688,0
1324.77,0
1324.853,0
1324.935,0
1325.017,1
1325.099,1
1325.182,1
1325.264,1
1325.346,0
1325.428,0
1325.511,0
1325.593,0
1325.675,0
1325.757,0
1325.84,0
1325.922,0
1326.004,1
1326.087,1
1326.169,1
1326.251,1
1326.333,0
1326.416,0
1326.498,2
1326.58,3
1326.663,4
1326.745,5
1326.827,4
1326.909,3
1326.992,2
1327.074,1
1327.156,0
1327.239,2
1327.321,2
1327.403,2
1327.486,2
1327.568,0
1327.65,0
1327.733,0
1327.815,1
1327.897,1
1327.98,1
1328.062,1
1328.144,0
1328.227,0
1328.309,0
1328.391,0
1328.474,0
1328.556,0
1328.639,0
1328.721,0
1328.803,0
1328.886,0
1328.968,0
1329.05,0
1329.133,0
1329.215,0
1329.298,0
1329.38,0
1329.462,0
1329.545,0
1329.627,0
1329.71,0
1329.792,0
1329.874,0
1329.957,0
1330.039,0
1330.122,1
1330.204,2
1330.286,2
1330.369,2
1330.451,1
1330.534,0
1330.616,0
1330.698,0
1330.781,0
1330.863,0
1330.946,0
1331.028,0
1331.111,4
1331.193,5
1331.276,6
1331.358,8
1331.44,6
1331.523,6
1331.605,6
1331.688,6
1331.77,7
1331.853,8
1331.935,8
1332.018,3
1332.1,2
1332.183,1
1332.265,1
1332.348,1
1332.43,0
1332.513,0
1332.595,1
1332.678,1
1332.76,1
1332.843,1
1332.925,2
1333.008,2
1333.09,4
1333.173,7
1333.255,6
1333.338,7
1333.42,7
1333.503,4
1333.585,3
1333.668,2
1333.75,1
1333.833,1
1333.915,1
1333.998,1
1334.08,0
1334.163,0
1334.245,0
1334.328,0
1334.41,0
1334.493,0
1334.576,0
1334.658,0
1334.741,0
1334.823,0
1334.906,0
1334.988,0
1335.071,0
1335.153,0
1335.236,0
1335.319,0
1335.401,0
1335.484,0
1335.566,1
1335.649,2
1335.732,2
1335.814,2
1335.897,5
1335.979,5
1336.062,6
1336.144,6
1336.227,2
1336.31,2
1336.392,1
1336.475,1
1336.558,1
1336.64,0
1336.723,0
1336.805,0
1336.888,0
1336.971,0
1337.053,0
1337.136,0
1337.219,0
1337.301,0
1337.384,2
1337.466,3
1337.549,4
1337.632,5
1337.714,4
1337.797,3
1337.88,2
1337.962,1
1338.045,0
1338.128,0
1338.21,0
1338.293,0
1338.376,0
1338.458,0
1338.541,0
1338.624,0
1338.706,0
1338.789,0
1338.872,0
1338.954,0
1339.037,0
1339.12,0
1339.203,0
1339.285,0
1339.368,0
1339.451,0
1339.533,0
1339.616,0
1339.699,0
1339.781,0
1339.864,0
1339.947,1
1340.03,2
1340.112,2
1340.195,2
1340.278,1
1340.361,0
1340.443,1
1340.526,1
1340.609,1
1340.691,1
1340.774,0
1340.857,0
1340.94,0
1341.022,0
1341.105,0
1341.188,0
1341.271,0
1341.354,0
1341.436,0
1341.519,0
1341.602,0
1341.685,0
1341.767,0
1341.85,0
1341.933,0
1342.016,1
1342.099,1
1342.181,1
1342.264,1
1342.347,1
1342.43,1
1342.512,1
1342.595,1
1342.678,0
1342.761,0
1342.844,0
1342.927,0
1343.009,0
1343.092,0
1343.175,0
1343.258,0
1343.341,1
1343.423,2
1343.506,3
1343.589,4
1343.672,8
1343.755,8
1343.838,7
1343.92,6
1344.003,5
1344.086,5
1344.169,5
1344.252,5
1344.335,1
1344.418,0
1344.5,0
1344.583,0
1344.666,0
1344.749,0
1344.832,0
1344.915,0
1344.998,0
1345.081,0
1345.163,0
1345.246,0
1345.329,0
1345.412,0
1345.495,0
1345.578,0
1345.661,1
1345.744,1
1345.827,1
1345.91,1
1345.992,2
1346.075,2
1346.158,2
1346.241,2
1346.324,4
1346.407,3
1346.49,3
1346.573,3
1346.656,3
1346.739,4
1346.822,3
1346.905,2
1346.988,2
1347.07,1
1347.153,1
1347.236,1
1347.319,0
1347.402,0
1347.485,1
1347.568,1
1347.651,1
1347.734,1
1347.817,0
1347.9,0
1347.983,0
1348.066,1
1348.149,1
1348.232,1
1348.315,1
1348.398,0
1348.481,0
1348.564,0
1348.647,0
1348.73,0
1348.813,0
1348.896,0
1348.979,0
1349.062,0
1349.145,1
1349.228,1
1349.311,1
1349.394,1
1349.477,0
1349.56,0
1349.643,1
1349.726,1
1349.809,1
1349.892,2
1349.975,1
1350.058,1
1350.141,1
1350.224,0
1350.307,0
1350.39,0
1350.473,0
1350.556,0
1350.64,0
1350.723,1
1350.806,2
1350.889,2
1350.972,2
1351.055,4
1351.138,3
1351.221,3
1351.304,3
1351.387,2
1351.47,2
1351.553,2
1351.636,2
1351.719,3
1351.803,3
1351.886,3
1351.969,3
1352.052,1
1352.135,1
1352.218,1
1352.301,4
1352.384,3
1352.467,3
1352.551,3
1352.634,2
1352.717,2
1352.8,2
1352.883,2
1352.966,0
1353.049,0
1353.132,0
1353.216,0
1353.299,0
1353.382,0
1353.465,0
1353.548,0
1353.631,0
1353.714,0
1353.798,0
1353.881,0
1353.964,0
1354.047,0
1354.13,0
1354.213,0
1354.297,0
1354.38,0
1354.463,0
1354.546,0
1354.629,0
1354.712,0
1354.796,0
1354.879,0
1354.962,0
1355.045,0
1355.128,1
1355.212,1
1355.295,2
1355.378,2
1355.461,3
1355.544,3
1355.628,2
1355.711,2
1355.794,2
1355.877,2
1355.96,3
1356.044,3
1356.127,1
1356.21,1
1356.293,1
1356.377,2
1356.46,3
1356.543,6
1356.626,5
1356.71,5
1356.793,4
1356.876,3
1356.959,3
1357.043,3
1357.126,7
1357.209,9
1357.292,13
1357.376,17
1357.459,15
1357.542,13
1357.625,11
1357.709,7
1357.792,6
1357.875,5
1357.959,4
1358.042,0
1358.125,1
1358.208,1
1358.292,1
1358.375,1
1358.458,0
1358.542,0
1358.625,0
1358.708,0
1358.792,0
1358.875,0
1358.958,1
1359.042,1
1359.125,1
1359.208,1
1359.291,1
1359.375,1
1359.458,1
1359.541,1
1359.625,1
1359.708,1
1359.791,1
1359.875,1
1359.958,0
1360.042,0
1360.125,0
1360.208,1
1360.292,1
1360.375,1
1360.458,1
1360.542,0
1360.625,0
1360.708,0
1360.792,0
1360.875,0
1360.959,1
1361.042,1
1361.125,1
1361.209,1
1361.292,0
1361.375,1
1361.459,1
1361.542,1
1361.626,1
1361.709,0
1361.792,0
1361.876,0
1361.959,0
1362.043,0
1362.126,0
1362.21,1
1362.293,1
1362.376,1
1362.46,1
1362.543,0
1362.627,0
1362.71,0
1362.794,0
1362.877,0
1362.96,0
1363.044,0
1363.127,0
1363.211,0
1363.294,0
1363.378,0
1363.461,0
1363.545,2
1363.628,2
1363.711,3
1363.795,3
1363.878,1
1363.962,1
1364.045,0
1364.129,0
1364.212,0
1364.296,1
1364.379,1
1364.463,1
1364.546,1
1364.63,0
1364.713,0
1364.797,0
1364.88,0
1364.964,1
1365.047,1
1365.131,1
1365.214,1
1365.298,0
1365.381,0
1365.465,2
1365.548,2
1365.632,2
1365.715,2
1365.799,1
1365.882,1
1365.966,1
1366.05,1
1366.133,0
1366.217,0
1366.3,0
1366.384,1
1366.467,1
1366.551,1
1366.634,1
1366.718,0
1366.801,0
1366.885,1
1366.969,2
1367.052,3
1367.136,3
1367.219,2
1367.303,1
1367.386,3
1367.47,4
1367.554,5
1367.637,8
1367.721,6
1367.804,6
1367.888,6
1367.972,6
1368.055,7
1368.139,7
1368.222,7
1368.306,4
1368.39,3
1368.473,3
1368.557,3
1368.64,0
1368.724,0
1368.808,0
1368.891,0
1368.975,3
1369.059,3
1369.142,3
1369.226,3
1369.309,1
1369.393,1
1369.477,1
1369.56,1
1369.644,2
1369.728,3
1369.811,3
1369.895,3
1369.979,1
1370.062,0
1370.146,2
1370.23,2
1370.313,3
1370.397,3
1370.481,1
1370.564,1
1370.648,0
1370.732,0
1370.815,1
1370.899,1
1370.983,1
1371.066,1
1371.15,1
1371.234,1
1371.318,2
1371.401,4
1371.485,3
1371.569,4
1371.652,3
1371.736,1
1371.82,1
1371.904,0
1371.987,0
1372.071,1
1372.155,1
1372.238,1
1372.322,2
1372.406,1
1372.49,1
1372.573,1
1372.657,1
1372.741,1
1372.825,2
1372.908,2
1372.992,1
1373.076,2
1373.16,1
1373.243,1
1373.327,1
1373.411,0
1373.495,0
1373.579,0
1373.662,4
1373.746,4
1373.83,4
1373.914,4
1373.997,1
1374.081,2
1374.165,2
1374.249,2
1374.333,1
1374.416,0
1374.5,0
1374.584,0
1374.668,0
1374.752,0
1374.835,0
1374.919,0
1375.003,0
1375.087,0
1375.171,0
1375.254,0
1375.338,1
1375.422,1
1375.506,1
1375.59,1
1375.674,0
1375.757,0
1375.841,1
1375.925,1
1376.009,1
1376.093,1
1376.177,0
1376.261,2
1376.344,2
1376.428,2
1376.512,2
1376.596,4
1376.68,4
1376.764,3
1376.848,2
1376.931,1
1377.015,2
1377.099,2
1377.183,2
1377.267,2
1377.351,3
1377.435,3
1377.519,4
1377.603,4
1377.686,1
1377.77,1
1377.854,0
1377.938,0
1378.022,0
1378.106,0
1378.19,0
1378.274,0
1378.358,0
1378.442,0
1378.526,0
1378.61,0
1378.693,0
1378.777,0
1378.861,0
1378.945,0
1379.029,1
1379.113,1
1379.197,1
1379.281,1
1379.365,0
1379.449,1
1379.533,2
1379.617,3
1379.701,4
1379.785,6
1379.869,5
1379.953,4
1380.037,3
1380.121,0
1380.205,0
1380.289,0
1380.373,0
1380.457,0
1380.541,0
1380.625,0
1380.709,0
1380.793,1
1380.877,1
1380.961,1
1381.045,1
1381.129,0
1381.213,0
1381.297,0
1381.381,0
1381.465,0
1381.549,0
1381.633,0
1381.717,0
1381.801,0
1381.885,0
1381.969,0
1382.053,1
1382.137,1
1382.221,1
1382.305,1
1382.389,1
1382.473,3
1382.557,4
1382.641,6
1382.725,5
1382.809,4
1382.893,3
1382.977,1
1383.061,1
1383.145,0
1383.23,0
1383.314,0
1383.398,0
1383.482,3
1383.566,3
1383.65,3
1383.734,3
1383.818,0
1383.902,0
1383.986,0
1384.07,0
1384.155,0
1384.239,1
1384.323,1
1384.407,1
1384.491,1
1384.575,1
1384.659,2
1384.743,2
1384.827,2
1384.912,1
1384.996,0
1385.08,1
1385.164,1
1385.248,2
1385.332,2
1385.416,1
1385.5,1
1385.585,1
1385.669,1
1385.753,1
1385.837,1
1385.921,0
1386.005,0
1386.09,0
1386.174,0
1386.258,0
1386.342,0
1386.426,0
1386.51,0
1386.595,1
1386.679,1
1386.763,1
1386.847,1
1386.931,0
1387.015,0
1387.1,1
1387.184,1
1387.268,1
1387.352,1
1387.436,0
1387.521,0
1387.605,0
1387.689,0
1387.773,1
1387.857,1
1387.942,1
1388.026,1
1388.11,0
1388.194,0
1388.279,0
1388.363,0
1388.447,0
1388.531,0
1388.616,0
1388.7,0
1388.784,0
1388.868,1
1388.952,2
1389.037,2
1389.121,5
1389.205,4
1389.29,3
1389.374,3
1389.458,1
1389.542,1
1389.627,1
1389.711,1
1389.795,1
1389.879,1
1389.964,2
1390.048,2
1390.132,1
1390.217,1
1390.301,0
1390.385,0
1390.469,0
1390.554,1
1390.638,1
1390.722,1
1390.807,1
1390.891,0
1390.975,0
1391.06,0
1391.144,2
1391.228,2
1391.312,2
1391.397,2
1391.481,0
1391.565,1
1391.65,1
1391.734,1
1391.818,1
1391.903,0
1391.987,0
1392.071,0
1392.156,0
1392.24,1
1392.325,1
1392.409,2
1392.493,2
1392.578,1
1392.662,1
1392.746,0
1392.831,0
1392.915,0
1392.999,0
1393.084,1
1393.168,1
1393.253,2
1393.337,3
1393.421,5
1393.506,9
1393.59,9
1393.675,8
1393.759,5
1393.843,4
1393.928,3
1394.012,3
1394.097,4
1394.181,1
1394.265,1
1394.35,2
1394.434,2
1394.519,2
1394.603,2
1394.687,1
1394.772,0
1394.856,0
1394.941,0
1395.025,0
1395.11,0
1395.194,0
1395.279,0
1395.363,0
1395.447,0
1395.532,0
1395.616,0
1395.701,0
1395.785,1
1395.87,1
1395.954,1
1396.039,2
1396.123,1
1396.208,2
1396.292,3
1396.377,2
1396.461,2
1396.545,1
1396.63,0
1396.714,0
1396.799,0
1396.883,1
1396.968,3
1397.052,4
1397.137,7
1397.221,7
1397.306,6
1397.39,6
1397.475,8
1397.559,7
1397.644,6
1397.729,5
1397.813,1
1397.898,2
1397.982,3
1398.067,3
1398.151,2
1398.236,1
1398.32,0
1398.405,0
1398.489,1
1398.574,2
1398.658,2
1398.743,2
1398.827,1
1398.912,0
1398.997,1
1399.081,1
1399.166,2
1399.25,2
1399.335,1
1399.419,1
1399.504,0
1399.589,0
1399.673,1
1399.758,2
1399.842,2
1399.927,2
1400.012,1
1400.096,0
1400.181,0
1400.265,0
1400.35,0
1400.434,0
1400.519,0
1400.604,0
1400.688,0
1400.773,0
1400.858,0
1400.942,1
1401.027,1
1401.111,2
1401.196,2
1401.281,2
1401.365,4
1401.45,3
1401.535,3
1401.619,2
1401.704,0
1401.788,0
1401.873,0
1401.958,0
1402.042,0
1402.127,0
1402.212,1
1402.296,1
1402.381,1
1402.466,1
1402.55,0
1402.635,0
1402.72,0
1402.804,0
1402.889,0
1402.974,0
1403.058,0
1403.143,0
1403.228,1
1403.313,1
1403.397,1
1403.482,1
1403.567,0
1403.651,1
1403.736,1
1403.821,1
1403.905,1
1403.99,0
1404.075,0
1404.16,0
1404.244,0
1404.329,0
1404.414,0
1404.498,0
1404.583,0
1404.668,0
1404.753,2
1404.837,2
1404.922,2
1405.007,2
1405.092,1
1405.176,1
1405.261,1
1405.346,1
1405.431,0
1405.515,1
1405.6,1
1405.685,1
1405.77,1
1405.854,0
1405.939,0
1406.024,0
1406.109,1
1406.194,3
1406.278,3
1406.363,3
1406.448,2
1406.533,0
1406.617,0
1406.702,1
1406.787,2
1406.872,3
1406.957,3
1407.041,3
1407.126,5
1407.211,4
1407.296,4
1407.381,3
1407.466,1
1407.55,1
1407.635,4
1407.72,4
1407.805,3
1407.89,3
1407.975,1
1408.059,1
1408.144,1
1408.229,1
1408.314,0
1408.399,1
1408.484,2
1408.568,3
1408.653,3
1408.738,3
1408.823,2
1408.908,2
1408.993,2
1409.078,1
1409.162,3
1409.247,3
1409.332,4
1409.417,4
1409.502,2
1409.587,1
1409.672,0
1409.757,0
1409.842,1
1409.926,3
1410.011,3
1410.096,5
1410.181,4
1410.266,2
1410.351,2
1410.436,0
1410.521,0
1410.606,0
1410.691,0
1410.776,0
1410.86,1
1410.945,1
1411.03,1
1411.115,1
1411.2,1
1411.285,2
1411.37,2
1411.455,3
1411.54,2
1411.625,1
1411.71,1
1411.795,0
1411.88,0
1411.965,1
1412.05,1
1412.135,1
1412.22,2
1412.305,2
1412.39,3
1412.474,7
1412.559,7
1412.644,6
1412.729,5
1412.814,2
1412.899,1
1412.984,1
1413.069,1
1413.154,0
1413.239,0
1413.324,0
1413.409,0
1413.494,1
1413.579,1
1413.664,1
1413.749,1
1413.834,0
1413.919,0
1414.004,0
1414.089,0
1414.174,1
1414.259,1
1414.345,1
1414.43,1
1414.515,1
1414.6,1
1414.685,1
1414.77,1
1414.855,1
1414.94,1
1415.025,1
1415.11,1
1415.195,0
1415.28,0
1415.365,0
1415.45,0
1415.535,0
1415.62,0
1415.705,0
1415.79,0
1415.876,0
1415.961,1
1416.046,1
1416.131,2
1416.216,2
1416.301,1
1416.386,1
1416.471,0
1416.556,1
1416.641,2
1416.726,3
1416.812,3
1416.897,5
1416.982,5
1417.067,5
1417.152,5
1417.237,2
1417.322,3
1417.407,2
1417.492,3
1417.578,3
1417.663,1
1417.748,1
1417.833,0
1417.918,0
1418.003,0
1418.088,0
1418.174,0
1418.259,0
1418.344,0
1418.429,0
1418.514,0
1418.599,1
1418.684,1
1418.77,1
1418.855,1
1418.94,0
1419.025,0
1419.11,0
1419.196,0
1419.281,0
1419.366,0
1419.451,0
1419.536,1
1419.621,2
1419.707,2
1419.792,2
1419.877,1
1419.962,0
1420.047,0
1420.133,0
1420.218,0
1420.303,0
1420.388,0
1420.474,1
1420.559,1
1420.644,1
1420.729,1
1420.814,0
1420.9,2
1420.985,3
1421.07,4
1421.155,5
1421.241,6
1421.326,6
1421.411,5
1421.496,5
1421.582,2
1421.667,1
1421.752,1
1421.837,1
1421.923,1
1422.008,1
1422.093,1
1422.178,2
1422.264,3
1422.349,3
1422.434,6
1422.52,7
1422.605,11
1422.69,17
1422.775,16
1422.861,15
1422.946,12
1423.031,10
1423.117,8
1423.202,7
1423.287,5
1423.372,1
1423.458,3
1423.543,2
1423.628,2
1423.714,2
1423.799,2
1423.884,2
1423.97,2
1424.055,2
1424.14,0
1424.226,0
1424.311,0
1424.396,1
1424.482,1
1424.567,1
1424.652,4
1424.738,4
1424.823,4
1424.908,4
1424.994,1
1425.079,0
1425.164,0
1425.25,0
1425.335,0
1425.421,0
1425.506,0
1425.591,0
1425.677,0
1425.762,0
1425.847,0
1425.933,0
1426.018,1
1426.104,1
1426.189,1
1426.274,1
1426.36,0
1426.445,0
1426.531,0
1426.616,0
1426.701,0
1426.787,0
1426.872,0
1426.958,0
1427.043,0
1427.129,0
1427.214,0
1427.299,0
1427.385,0
1427.47,0
1427.556,0
1427.641,0
1427.727,0
1427.812,1
1427.897,1
1427.983,1
1428.068,1
1428.154,1
1428.239,1
1428.325,1
1428.41,1
1428.496,0
1428.581,0
1428.667,0
1428.752,0
1428.837,1
1428.923,1
1429.008,1
1429.094,1
1429.179,0
1429.265,0
1429.35,0
1429.436,0
1429.521,0
1429.607,1
1429.692,1
1429.778,1
1429.863,1
1429.949,0
1430.034,0
1430.12,0
1430.205,0
1430.291,1
1430.376,1
1430.462,1
1430.547,2
1430.633,5
1430.719,5
1430.804,5
1430.89,7
1430.975,6
1431.061,6
1431.146,6
1431.232,3
1431.317,0
1431.403,0
1431.488,0
1431.574,0
1431.66,0
1431.745,0
1431.831,0
1431.916,1
1432.002,1
1432.087,1
1432.173,1
1432.259,0
1432.344,0
1432.43,0
1432.515,0
1432.601,0
1432.686,0
1432.772,1
1432.858,2
1432.943,2
1433.029,2
1433.114,1
1433.2,1
1433.286,1
1433.371,1
1433.457,1
1433.543,0
1433.628,0
1433.714,0
1433.799,0
1433.885,0
1433.971,0
1434.056,0
1434.142,0
1434.228,0
1434.313,0
1434.399,0
1434.484,0
1434.57,0
1434.656,0
1434.741,0
1434.827,0
1434.913,0
1434.998,0
1435.084,0
1435.17,0
1435.255,0
1435.341,0
1435.427,1
1435.512,1
1435.598,1
1435.684,1
1435.769,0
1435.855,0
1435.941,0
1436.027,0
1436.112,0
1436.198,1
1436.284,1
1436.369,1
1436.455,1
1436.541,0
1436.626,0
1436.712,0
1436.798,0
1436.884,0
1436.969,0
1437.055,1
1437.141,2
1437.226,3
1437.312,4
1437.398,4
1437.484,4
1437.569,4
1437.655,1
1437.741,1
1437.827,2
1437.912,2
1437.998,2
1438.084,2
1438.17,1
1438.255,1
1438.341,0
1438.427,0
1438.513,0
1438.598,0
1438.684,0
1438.77,0
1438.856,0
1438.942,0
1439.027,0
1439.113,0
1439.199,0
1439.285,0
1439.371,0
1439.456,0
1439.542,0
1439.628,0
1439.714,0
1439.8,0
1439.885,0
1439.971,0
1440.057,2
1440.143,2
1440.229,2
1440.314,2
1440.4,3
1440.486,3
1440.572,4
1440.658,4
1440.744,3
1440.829,4
1440.915,3
1441.001,3
1441.087,1
1441.173,0
1441.259,0
1441.345,0
1441.43,0
1441.516,0
1441.602,0
1441.688,1
1441.774,1
1441.86,1
1441.946,1
1442.031,0
1442.117,0
1442.203,0
1442.289,0
1442.375,0
1442.461,1
1442.547,1
1442.633,1
1442.719,1
1442.804,1
1442.89,1
1442.976,1
1443.062,1
1443.148,0
1443.234,0
1443.32,0
1443.406,0
1443.492,0
1443.578,1
1443.664,1
1443.749,3
1443.835,3
1443.921,2
1444.007,2
1444.093,2
1444.179,2
1444.265,2
1444.351,2
1444.437,0
1444.523,0
1444.609,0
1444.695,0
1444.781,0
1444.867,0
1444.953,1
1445.039,1
1445.125,2
1445.211,2
1445.297,1
1445.383,1
1445.469,0
1445.555,0
1445.641,0
1445.727,0
1445.812,2
1445.898,3
1445.984,3
1446.07,3
1446.156,1
1446.242,0
1446.328,1
1446.414,2
1446.501,3
1446.587,4
1446.673,3
1446.759,2
1446.845,1
1446.931,0
1447.017,0
1447.103,0
1447.189,0
1447.275,0
1447.361,0
1447.447,0
1447.533,0
1447.619,0
1447.705,0
1447.791,0
1447.877,0
1447.963,1
1448.049,1
1448.135,1
1448.221,1
1448.307,0
1448.393,0
1448.479,0
1448.566,0
1448.652,0
1448.738,1
1448.824,1
1448.91,1
1448.996,1
1449.082,0
1449.168,0
1449.254,0
1449.34,0
1449.426,0
1449.513,0
1449.599,1
1449.685,1
1449.771,1
1449.857,1
1449.943,0
1450.029,0
1450.115,0
1450.201,1
1450.288,1
1450.374,1
1450.46,1
1450.546,4
1450.632,4
1450.718,4
1450.804,5
1450.89,2
1450.977,3
1451.063,3
1451.149,2
1451.235,1
1451.321,0
1451.407,1
1451.494,1
1451.58,1
1451.666,1
1451.752,1
1451.838,1
1451.924,1
1452.011,2
1452.097,3
1452.183,4
1452.269,5
1452.355,5
1452.442,3
1452.528,2
1452.614,2
1452.7,2
1452.786,2
1452.872,2
1452.959,1
1453.045,1
1453.131,1
1453.217,1
1453.304,1
1453.39,2
1453.476,3
1453.562,4
1453.648,4
1453.735,2
1453.821,1
1453.907,0
1453.993,1
1454.08,1
1454.166,1
1454.252,1
1454.338,0
1454.425,0
1454.511,0
1454.597,0
1454.683,0
1454.77,0
1454.856,0
1454.942,0
1455.028,0
1455.115,1
1455.201,3
1455.287,4
1455.374,6
1455.46,5
1455.546,3
1455.632,2
1455.719,0
1455.805,0
1455.891,0
1455.978,0
1456.064,0
1456.15,0
1456.236,1
1456.323,1
1456.409,1
1456.495,1
1456.582,0
1456.668,0
1456.754,0
1456.841,0
1456.927,0
1457.013,1
1457.1,3
1457.186,3
1457.272,3
1457.359,2
1457.445,2
1457.531,2
1457.618,2
1457.704,2
1457.79,0
1457.877,0
1457.963,0
1458.049,0
1458.136,0
1458.222,1
1458.309,1
1458.395,1
1458.481,1
1458.568,0
1458.654,0
1458.74,0
1458.827,0
1458.913,0
1459,1
1459.086,1
1459.172,1
1459.259,1
1459.345,0
1459.432,0
1459.518,0
1459.604,0
1459.691,0
1459.777,0
1459.864,0
1459.95,0
1460.036,0
1460.123,1
1460.209,1
1460.296,1
1460.382,1
1460.469,0
1460.555,0
1460.641,0
1460.728,0
1460.814,0
1460.901,0
1460.987,0
1461.074,0
1461.16,0
1461.247,0
1461.333,0
1461.42,0
1461.506,0
1461.592,0
1461.679,0
1461.765,0
1461.852,1
1461.938,1
1462.025,1
1462.111,1
1462.198,1
1462.284,1
1462.371,1
1462.457,1
1462.544,0
1462.63,0
1462.717,0
1462.803,0
1462.89,0
1462.976,0
1463.063,0
1463.149,0
1463.236,0
1463.322,0
1463.409,0
1463.495,0
1463.582,0
1463.668,0
1463.755,0
1463.842,0
1463.928,0
1464.015,0
1464.101,0
1464.188,1
1464.274,1
1464.361,1
1464.447,1
1464.534,0
1464.62,0
1464.707,0
1464.794,0
1464.88,0
1464.967,0
1465.053,0
1465.14,1
1465.226,1
1465.313,1
1465.4,4
1465.486,3
1465.573,3
1465.659,4
1465.746,3
1465.833,3
1465.919,3
1466.006,2
1466.092,0
1466.179,0
1466.266,0
1466.352,0
1466.439,0
1466.525,2
1466.612,3
1466.699,3
1466.785,4
1466.872,2
1466.958,1
1467.045,1
1467.132,0
1467.218,0
1467.305,0
1467.392,1
1467.478,1
1467.565,1
1467.652,1
1467.738,0
1467.825,0
1467.912,0
1467.998,0
1468.085,0
1468.172,0
1468.258,0
1468.345,0
1468.432,1
1468.518,2
1468.605,2
1468.692,2
1468.778,1
1468.865,5
1468.952,4
1469.038,3
1469.125,2
1469.212,0
1469.298,0
1469.385,0
1469.472,0
1469.559,0
1469.645,0
1469.732,0
1469.819,0
1469.905,0
1469.992,0
1470.079,0
1470.166,0
1470.252,0
1470.339,0
1470.426,0
1470.513,0
1470.599,0
1470.686,0
1470.773,0
1470.859,0
1470.946,0
1471.033,0
1471.12,0
1471.206,1
1471.293,1
1471.38,1
1471.467,1
1471.554,1
1471.64,1
1471.727,1
1471.814,1
1471.901,0
1471.987,0
1472.074,1
1472.161,1
1472.248,1
1472.335,1
1472.421,0
1472.508,0
1472.595,3
1472.682,6
1472.769,9
1472.855,11
1472.942,11
1473.029,12
1473.116,15
1473.203,17
1473.289,14
1473.376,10
1473.463,5
1473.55,2
1473.637,2
1473.724,2
1473.81,1
1473.897,0
1473.984,0
1474.071,0
1474.158,0
1474.245,0
1474.331,1
1474.418,3
1474.505,4
1474.592,4
1474.679,4
1474.766,2
1474.853,1
1474.939,1
1475.026,0
1475.113,0
1475.2,0
1475.287,0
1475.374,0
1475.461,0
1475.548,0
1475.635,0
1475.721,0
1475.808,0
1475.895,0
1475.982,0
1476.069,0
1476.156,1
1476.243,1
1476.33,1
1476.417,1
1476.504,0
1476.59,0
1476.677,0
1476.764,0
1476.851,0
1476.938,0
1477.025,0
1477.112,0
1477.199,1
1477.286,1
1477.373,2
1477.46,2
1477.547,3
1477.634,4
1477.721,6
1477.808,6
1477.895,5
1477.982,4
1478.068,5
1478.155,4
1478.242,2
1478.329,1
1478.416,0
1478.503,0
1478.59,0
1478.677,0
1478.764,0
1478.851,0
1478.938,0
1479.025,1
1479.112,3
1479.199,3
1479.286,3
1479.373,2
1479.46,0
1479.547,0
1479.634,0
1479.721,0
1479.808,0
1479.895,0
1479.982,0
1480.069,0
1480.156,0
1480.243,0
1480.33,0
1480.417,0
1480.504,0
1480.592,0
1480.679,0
1480.766,0
1480.853,0
1480.94,0
1481.027,0
1481.114,0
1481.201,0
1481.288,0
1481.375,0
1481.462,0
1481.549,0
1481.636,0
1481.723,0
1481.81,0
1481.897,0
1481.985,0
1482.072,0
1482.159,2
1482.246,2
1482.333,2
1482.42,5
1482.507,4
1482.594,4
1482.681,4
1482.768,1
1482.855,2
1482.943,3
1483.03,4
1483.117,7
1483.204,5
1483.291,4
1483.378,3
1483.465,1
1483.552,1
1483.64,1
1483.727,1
1483.814,0
1483.901,0
1483.988,1
1484.075,1
1484.162,1
1484.25,1
1484.337,0
1484.424,0
1484.511,0
1484.598,0
1484.685,1
1484.772,1
1484.86,1
1484.947,1
1485.034,1
1485.121,1
1485.208,1
1485.295,1
1485.383,0
1485.47,0
1485.557,0
1485.644,0
1485.731,0
1485.819,0
1485.906,0
1485.993,0
1486.08,0
1486.167,0
1486.255,1
1486.342,2
1486.429,3
1486.516,3
1486.603,6
1486.691,5
1486.778,4
1486.865,4
1486.952,1
1487.04,1
1487.127,1
1487.214,1
1487.301,0
1487.389,0
1487.476,1
1487.563,2
1487.65,2
1487.738,3
1487.825,2
1487.912,1
1487.999,1
1488.087,1
1488.174,1
1488.261,1
1488.348,1
1488.436,0
1488.523,1
1488.61,1
1488.698,3
1488.785,3
1488.872,2
1488.959,2
1489.047,0
1489.134,0
1489.221,1
1489.309,1
1489.396,1
1489.483,1
1489.57,0
1489.658,0
1489.745,0
1489.832,0
1489.92,0
1490.007,0
1490.094,0
1490.182,0
1490.269,0
1490.356,0
1490.444,0
1490.531,1
1490.618,1
1490.706,1
1490.793,1
1490.88,0
1490.968,0
1491.055,1
1491.142,1
1491.23,1
1491.317,1
1491.405,0
1491.492,0
1491.579,1
1491.667,1
1491.754,1
1491.841,3
1491.929,2
1492.016,2
1492.104,2
1492.191,0
1492.278,0
1492.366,0
1492.453,0
1492.54,3
1492.628,3
1492.715,3
1492.803,3
1492.89,1
1492.977,1
1493.065,1
1493.152,1
1493.24,0
1493.327,0
1493.415,0
1493.502,2
1493.589,2
1493.677,2
1493.764,2
1493.852,0
1493.939,1
1494.027,2
1494.114,4
1494.201,5
1494.289,5
1494.376,7
1494.464,6
1494.551,6
1494.639,5
1494.726,3
1494.814,3
1494.901,3
1494.989,0
1495.076,0
1495.164,0
1495.251,0
1495.339,0
1495.426,0
1495.513,1
1495.601,1
1495.688,1
1495.776,1
1495.863,0
1495.951,0
1496.038,0
1496.126,0
1496.213,0
1496.301,1
1496.388,1
1496.476,1
1496.563,1
1496.651,0
1496.739,1
1496.826,1
1496.914,2
1497.001,3
1497.089,2
1497.176,5
1497.264,7
1497.351,7
1497.439,8
1497.526,8
1497.614,10
1497.701,9
1497.789,8
1497.877,5
1497.964,1
1498.052,1
1498.139,1
1498.227,1
1498.314,0
1498.402,0
1498.49,0
1498.577,0
1498.665,0
1498.752,1
1498.84,1
1498.927,1
1499.015,1
1499.103,0
1499.19,1
1499.278,1
1499.365,2
1499.453,2
1499.541,1
1499.628,2
1499.716,1
1499.803,1
1499.891,1
1499.979,0
1500.066,0
1500.154,0
1500.242,0
1500.329,0
1500.417,0
1500.504,5
1500.592,5
1500.68,5
1500.767,5
1500.855,0
1500.943,3
1501.03,3
1501.118,3
1501.206,3
1501.293,0
1501.381,0
1501.469,0
1501.556,0
1501.644,0
1501.732,0
1501.819,1
1501.907,1
1501.995,1
1502.082,1
1502.17,0
1502.258,1
1502.345,1
1502.433,1
1502.521,1
1502.608,0
1502.696,0
1502.784,0
1502.872,0
1502.959,0
1503.047,0
1503.135,0
1503.222,0
1503.31,0
1503.398,0
1503.486,0
1503.573,0
1503.661,0
1503.749,0
1503.836,1
1503.924,1
1504.012,1
1504.1,1
1504.187,0
1504.275,0
1504.363,0
1504.451,0
1504.538,2
1504.626,2
1504.714,2
1504.802,2
1504.889,0
1504.977,0
1505.065,0
1505.153,0
1505.241,0
1505.328,0
1505.416,0
1505.504,0
1505.592,0
1505.679,0
1505.767,1
1505.855,1
1505.943,3
1506.031,3
1506.118,3
1506.206,3
1506.294,1
1506.382,1
1506.47,0
1506.557,1
1506.645,2
1506.733,2
1506.821,3
1506.909,2
1506.997,1
1507.084,1
1507.172,0
1507.26,1
1507.348,1
1507.436,1
1507.524,1
1507.611,4
1507.699,3
1507.787,2
1507.875,1
1507.963,0
1508.051,0
1508.139,0
1508.226,0
1508.314,0
1508.402,0
1508.49,1
1508.578,1
1508.666,4
1508.754,4
1508.842,3
1508.929,3
1509.017,3
1509.105,3
1509.193,3
1509.281,4
1509.369,1
1509.457,1
1509.545,1
1509.633,1
1509.72,1
1509.808,1
1509.896,1
1509.984,0
1510.072,0
1510.16,1
1510.248,4
1510.336,6
1510.424,9
1510.512,9
1510.6,11
1510.688,8
1510.776,5
1510.864,3
1510.951,3
1511.039,3
1511.127,2
1511.215,2
1511.303,0
1511.391,0
1511.479,0
1511.567,1
1511.655,1
1511.743,1
1511.831,2
1511.919,1
1512.007,2
1512.095,3
1512.183,2
1512.271,2
1512.359,1
1512.447,0
1512.535,0
1512.623,0
1512.711,0
1512.799,0
1512.887,0
1512.975,0
1513.063,0
1513.151,0
1513.239,0
1513.327,0
1513.415,0
1513.503,0
1513.591,1
1513.679,1
1513.767,1
1513.855,1
1513.943,0
1514.031,0
1514.119,0
1514.207,0
1514.295,0
1514.383,0
1514.471,0
1514.559,0
1514.647,0
1514.736,0
1514.824,0
1514.912,1
1515,1
1515.088,1
1515.176,1
1515.264,0
1515.352,0
1515.44,0
1515.528,0
1515.616,0
1515.704,1
1515.792,1
1515.881,1
1515.969,1
1516.057,0
1516.145,0
1516.233,0
1516.321,0
1516.409,0
1516.497,0
1516.585,0
1516.673,0
1516.762,0
1516.85,0
1516.938,0
1517.026,0
1517.114,0
1517.202,0
1517.29,0
1517.378,1
1517.467,1
1517.555,1
1517.643,1
1517.731,0
1517.819,0
1517.907,0
1517.995,0
1518.084,0
1518.172,0
1518.26,0
1518.348,0
1518.436,0
1518.524,0
1518.613,0
1518.701,0
1518.789,0
1518.877,0
1518.965,1
1519.054,1
1519.142,2
1519.23,2
1519.318,1
1519.406,1
1519.494,0
1519.583,3
1519.671,3
1519.759,3
1519.847,3
1519.935,0
1520.024,1
1520.112,1
1520.2,1
1520.288,1
1520.377,1
1520.465,1
1520.553,1
1520.641,1
1520.73,0
1520.818,0
1520.906,0
1520.994,0
1521.082,0
1521.171,0
1521.259,0
1521.347,0
1521.435,0
1521.524,0
1521.612,0
1521.7,0
1521.789,0
1521.877,0
1521.965,0
1522.053,0
1522.142,0
1522.23,0
1522.318,0
1522.406,0
1522.495,0
1522.583,0
1522.671,1
1522.76,1
1522.848,1
1522.936,1
1523.025,0
1523.113,0
1523.201,0
1523.289,1
1523.378,1
1523.466,1
1523.554,2
1523.643,1
1523.731,1
1523.819,1
1523.908,0
1523.996,0
1524.084,0
1524.173,0
1524.261,0
1524.349,0
1524.438,1
1524.526,1
1524.614,1
1524.703,1
1524.791,0
1524.879,0
1524.968,0
1525.056,0
1525.145,1
1525.233,1
1525.321,3
1525.41,3
1525.498,2
1525.586,2
1525.675,4
1525.763,4
1525.852,5
1525.94,7
1526.028,10
1526.117,11
1526.205,13
1526.294,10
1526.382,6
1526.47,4
1526.559,0
1526.647,0
1526.736,0
1526.824,1
1526.912,3
1527.001,3
1527.089,4
1527.178,3
1527.266,1
1527.355,2
1527.443,1
1527.531,1
1527.62,1
1527.708,2
1527.797,2
1527.885,2
1527.974,3
1528.062,1
1528.151,1
1528.239,1
1528.327,0
1528.416,1
1528.504,1
1528.593,1
1528.681,1
1528.77,0
1528.858,1
1528.947,1
1529.035,1
1529.124,1
1529.212,0
1529.301,0
1529.389,0
1529.478,0
1529.566,0
1529.655,0
1529.743,0
1529.832,0
1529.92,0
1530.009,0
1530.097,0
1530.186,0
1530.274,0
1530.363,0
1530.451,0
1530.54,0
1530.628,0
1530.717,1
1530.805,1
1530.894,1
1530.982,1
1531.071,0
1531.16,0
1531.248,0
1531.337,0
1531.425,0
1531.514,0
1531.602,0
1531.691,2
1531.779,4
1531.868,7
1531.957,9
1532.045,8
1532.134,7
1532.222,5
1532.311,1
1532.399,3
1532.488,3
1532.577,3
1532.665,3
1532.754,1
1532.842,2
1532.931,2
1533.019,1
1533.108,1
1533.197,0
1533.285,0
1533.374,0
1533.463,0
1533.551,0
1533.64,0
1533.728,3
1533.817,3
1533.906,3
1533.994,3
1534.083,0
1534.172,0
1534.26,0
1534.349,0
1534.437,1
1534.526,1
1534.615,1
1534.703,2
1534.792,1
1534.881,1
1534.969,1
1535.058,0
1535.147,0
1535.235,0
1535.324,0
1535.413,0
1535.501,0
1535.59,0
1535.679,0
1535.767,0
1535.856,0
1535.945,0
1536.033,0
1536.122,1
1536.211,1
1536.299,1
1536.388,1
1536.477,0
1536.566,0
1536.654,0
1536.743,0
1536.832,0
1536.92,0
1537.009,0
1537.098,0
1537.187,1
1537.275,1
1537.364,1
1537.453,1
1537.541,0
1537.63,0
1537.719,0
1537.808,0
1537.896,0
1537.985,0
1538.074,0
1538.163,0
1538.251,0
1538.34,0
1538.429,0
1538.518,0
1538.606,0
1538.695,0
1538.784,0
1538.873,0
1538.961,0
1539.05,0
1539.139,1
1539.228,1
1539.317,1
1539.405,1
1539.494,0
1539.583,0
1539.672,0
1539.761,0
1539.849,1
1539.938,1
1540.027,1
1540.116,1
1540.205,0
1540.293,0
1540.382,0
1540.471,0
1540.56,0
1540.649,0
1540.737,0
1540.826,0
1540.915,2
1541.004,2
1541.093,2
1541.182,2
1541.27,1
1541.359,2
1541.448,2
1541.537,2
1541.626,1
1541.715,0
1541.804,0
1541.892,0
1541.981,0
1542.07,0
1542.159,0
1542.248,0
1542.337,0
1542.426,0
1542.515,0
1542.603,0
1542.692,2
1542.781,2
1542.87,2
1542.959,5
1543.048,3
1543.137,3
1543.226,3
1543.315,1
1543.403,4
1543.492,4
1543.581,4
1543.67,3
1543.759,0
1543.848,0
1543.937,1
1544.026,1
1544.115,1
1544.204,1
1544.293,0
1544.382,2
1544.47,2
1544.559,2
1544.648,2
1544.737,0
1544.826,2
1544.915,2
1545.004,2
1545.093,2
1545.182,1
1545.271,1
1545.36,1
1545.449,1
1545.538,0
1545.627,0
1545.716,0
1545.805,0
1545.894,0
1545.983,0
1546.072,0
1546.161,0
1546.25,0
1546.339,0
1546.428,0
1546.517,1
1546.606,1
1546.695,1
1546.784,1
1546.873,3
1546.962,3
1547.051,3
1547.14,3
1547.229,0
1547.318,0
1547.407,0
1547.496,0
1547.585,0
1547.674,1
1547.763,1
1547.852,1
1547.941,1
1548.03,0
1548.119,0
1548.208,1
1548.297,1
1548.386,1
1548.475,1
1548.564,1
1548.653,1
1548.742,1
1548.831,1
1548.921,0
1549.01,0
1549.099,0
1549.188,0
1549.277,0
1549.366,2
1549.455,2
1549.544,2
1549.633,3
1549.722,1
1549.811,1
1549.9,1
1549.99,1
1550.079,1
1550.168,2
1550.257,2
1550.346,1
1550.435,1
1550.524,0
1550.613,0
1550.702,0
1550.792,2
1550.881,3
1550.97,3
1551.059,3
1551.148,1
1551.237,0
1551.326,0
1551.415,0
1551.505,0
1551.594,0
1551.683,0
1551.772,0
1551.861,0
1551.95,0
1552.039,0
1552.129,1
1552.218,1
1552.307,1
1552.396,1
1552.485,0
1552.574,0
1552.664,0
1552.753,0
1552.842,0
1552.931,0
1553.02,0
1553.11,0
1553.199,0
1553.288,0
1553.377,0
1553.466,0
1553.556,0
1553.645,0
1553.734,0
1553.823,0
1553.912,0
1554.002,0
1554.091,0
1554.18,0
1554.269,0
1554.358,0
1554.448,1
1554.537,1
1554.626,1
1554.715,1
1554.805,0
1554.894,0
1554.983,0
1555.072,0
1555.162,0
1555.251,0
1555.34,0
1555.429,0
1555.519,0
1555.608,0
1555.697,0
1555.786,0
1555.876,0
1555.965,0
1556.054,0
1556.144,0
1556.233,2
1556.322,2
1556.411,2
1556.501,3
1556.59,2
1556.679,3
1556.769,6
1556.858,5
1556.947,4
1557.036,3
1557.126,0
1557.215,0
1557.304,0
1557.394,0
1557.483,0
1557.572,0
1557.662,0
1557.751,0
1557.84,1
1557.93,1
1558.019,1
1558.108,1
1558.198,1
1558.287,1
1558.376,1
1558.466,1
1558.555,0
1558.644,0
1558.734,0
1558.823,3
1558.912,3
1559.002,3
1559.091,3
1559.18,5
1559.27,4
1559.359,3
1559.449,2
1559.538,0
1559.627,0
1559.717,0
1559.806,0
1559.896,0
1559.985,0
1560.074,0
1560.164,1
1560.253,2
1560.342,2
1560.432,2
1560.521,3
1560.611,2
1560.7,2
1560.79,2
1560.879,0
1560.968,1
1561.058,2
1561.147,3
1561.237,5
1561.326,5
1561.415,5
1561.505,5
1561.594,3
1561.684,3
1561.773,3
1561.863,3
1561.952,0
1562.042,0
1562.131,0
1562.22,0
1562.31,1
1562.399,1
1562.489,1
1562.578,1
1562.668,0
1562.757,0
1562.847,1
1562.936,1
1563.026,2
1563.115,2
1563.205,1
1563.294,1
1563.384,0
1563.473,1
1563.563,1
1563.652,1
1563.742,1
1563.831,0
1563.921,0
1564.01,0
1564.1,0
1564.189,0
1564.279,0
1564.368,0
1564.458,0
1564.547,0
1564.637,0
1564.726,0
1564.816,0
1564.905,0
1564.995,0
1565.084,0
1565.174,0
1565.263,1
1565.353,1
1565.443,1
1565.532,1
1565.622,0
1565.711,0
1565.801,0
1565.89,1
1565.98,1
1566.07,1
1566.159,1
1566.249,1
1566.338,1
1566.428,1
1566.517,1
1566.607,0
1566.697,0
1566.786,0
1566.876,0
1566.965,0
1567.055,1
1567.145,1
1567.234,1
1567.324,2
1567.413,2
1567.503,3
1567.593,4
1567.682,4
1567.772,4
1567.861,4
1567.951,5
1568.041,7
1568.13,9
1568.22,11
1568.31,6
1568.399,6
1568.489,6
1568.578,4
1568.668,4
1568.758,2
1568.847,1
1568.937,1
1569.027,1
1569.116,2
1569.206,1
1569.296,1
1569.385,1
1569.475,0
1569.565,0
1569.654,0
1569.744,1
1569.834,2
1569.923,5
1570.013,7
1570.103,8
1570.192,10
1570.282,8
1570.372,7
1570.462,5
1570.551,2
1570.641,1
1570.731,0
1570.82,0
1570.91,0
1571,0
1571.089,1
1571.179,3
1571.269,7
1571.359,9
1571.448,10
1571.538,14
1571.628,11
1571.718,9
1571.807,7
1571.897,4
1571.987,3
1572.076,3
1572.166,3
1572.256,0
1572.346,0
1572.435,0
1572.525,0
1572.615,0
1572.705,0
1572.795,0
1572.884,0
1572.974,0
1573.064,1
1573.154,1
1573.243,1
1573.333,1
1573.423,1
1573.513,2
1573.602,2
1573.692,4
1573.782,5
1573.872,6
1573.962,6
1574.051,4
1574.141,2
1574.231,0
1574.321,0
1574.411,0
1574.501,0
1574.59,1
1574.68,1
1574.77,1
1574.86,2
1574.95,1
1575.039,1
1575.129,1
1575.219,0
1575.309,0
1575.399,0
1575.489,0
1575.578,1
1575.668,1
1575.758,1
1575.848,1
1575.938,1
1576.028,1
1576.118,1
1576.207,1
1576.297,0
1576.387,0
1576.477,0
1576.567,0
1576.657,1
1576.747,1
1576.837,1
1576.926,1
1577.016,0
1577.106,0
1577.196,0
1577.286,0
1577.376,0
1577.466,0
1577.556,0
1577.646,0
1577.736,0
1577.825,0
1577.915,1
1578.005,1
1578.095,1
1578.185,1
1578.275,0
1578.365,0
1578.455,2
1578.545,2
1578.635,4
1578.725,6
1578.815,8
1578.905,11
1578.994,11
1579.084,11
1579.174,10
1579.264,8
1579.354,7
1579.444,6
1579.534,4
1579.624,0
1579.714,0
1579.804,1
1579.894,2
1579.984,3
1580.074,4
1580.164,3
1580.254,4
1580.344,3
1580.434,2
1580.524,2
1580.614,0
1580.704,0
1580.794,0
1580.884,1
1580.974,1
1581.064,1
1581.154,1
1581.244,0
1581.334,1
1581.424,1
1581.514,1
1581.604,1
1581.694,0
1581.784,0
1581.874,1
1581.964,1
1582.054,2
1582.144,2
1582.234,1
1582.324,1
1582.414,0
1582.504,0
1582.594,0
1582.684,0
1582.774,0
1582.865,0
1582.955,1
1583.045,1
1583.135,1
1583.225,1
1583.315,0
1583.405,0
1583.495,1
1583.585,1
1583.675,1
1583.765,1
1583.855,0
1583.945,0
1584.036,0
1584.126,0
1584.216,0
1584.306,0
1584.396,0
1584.486,0
1584.576,0
1584.666,0
1584.756,0
1584.846,0
1584.937,0
1585.027,0
1585.117,0
1585.207,0
1585.297,0
1585.387,0
1585.477,0
1585.567,0
1585.658,0
1585.748,0
1585.838,1
1585.928,1
1586.018,1
1586.108,1
1586.198,0
1586.289,1
1586.379,2
1586.469,3
1586.559,4
1586.649,5
1586.739,12
1586.83,14
1586.92,16
1587.01,14
1587.1,8
1587.19,5
1587.281,2
1587.371,2
1587.461,1
1587.551,1
1587.641,2
1587.731,2
1587.822,1
1587.912,1
1588.002,0
1588.092,0
1588.182,0
1588.273,0
1588.363,0
1588.453,0
1588.543,0
1588.634,0
1588.724,1
1588.814,1
1588.904,1
1588.995,1
1589.085,0
1589.175,0
1589.265,0
1589.355,0
1589.446,0
1589.536,0
1589.626,0
1589.716,0
1589.807,0
1589.897,0
1589.987,0
1590.078,0
1590.168,0
1590.258,0
1590.348,2
1590.439,2
1590.529,2
1590.619,2
1590.709,3
1590.8,3
1590.89,3
1590.98,3
1591.071,0
1591.161,0
1591.251,0
1591.342,0
1591.432,0
1591.522,2
1591.612,2
1591.703,2
1591.793,2
1591.883,5
1591.974,4
1592.064,3
1592.154,2
1592.245,0
1592.335,0
1592.425,0
1592.516,1
1592.606,1
1592.696,1
1592.787,1
1592.877,0
1592.967,0
1593.058,0
1593.148,0
1593.238,0
1593.329,0
1593.419,2
1593.51,2
1593.6,2
1593.69,2
1593.781,0
1593.871,0
1593.961,0
1594.052,0
1594.142,0
1594.233,0
1594.323,0
1594.413,1
1594.504,1
1594.594,1
1594.685,1
1594.775,0
1594.865,0
1594.956,0
1595.046,0
1595.137,0
1595.227,1
1595.317,1
1595.408,1
1595.498,1
1595.589,1
1595.679,2
1595.77,2
1595.86,2
1595.95,1
1596.041,2
1596.131,2
1596.222,2
1596.312,2
1596.403,0
1596.493,0
1596.584,0
1596.674,0
1596.764,0
1596.855,0
1596.945,0
1597.036,0
1597.126,0
1597.217,0
1597.307,0
1597.398,0
1597.488,0
1597.579,0
1597.669,0
1597.76,0
1597.85,0
1597.941,3
1598.031,3
1598.122,3
1598.212,3
1598.303,0
1598.393,0
1598.484,0
1598.574,0
1598.665,0
1598.755,0
1598.846,0
1598.936,0
1599.027,0
1599.117,0
1599.208,0
1599.298,3
1599.389,3
1599.479,3
1599.57,3
1599.661,0
1599.751,0
1599.842,0
1599.932,0
1600.023,0
1600.113,0
1600.204,0
1600.294,0
1600.385,0
1600.476,0
1600.566,0
1600.657,0
1600.747,0
1600.838,0
1600.928,0
1601.019,0
1601.11,0
1601.2,0
1601.291,0
1601.381,1
1601.472,2
1601.563,3
1601.653,6
1601.744,6
1601.834,6
1601.925,6
1602.016,8
1602.106,7
1602.197,6
1602.287,5
1602.378,1
1602.469,1
1602.559,1
1602.65,1
1602.741,0
1602.831,1
1602.922,1
1603.012,1
1603.103,1
1603.194,0
1603.284,0
1603.375,0
1603.466,0
1603.556,0
1603.647,0
1603.738,0
1603.828,0
1603.919,0
1604.01,0
1604.1,0
1604.191,0
1604.282,0
1604.372,0
1604.463,0
1604.554,0
1604.644,0
1604.735,0
1604.826,0
1604.916,0
1605.007,1
1605.098,1
1605.189,1
1605.279,1
1605.37,0
1605.461,0
1605.551,0
1605.642,0
1605.733,0
1605.824,0
1605.914,0
1606.005,0
1606.096,0
1606.186,0
1606.277,0
1606.368,0
1606.459,0
1606.549,0
1606.64,0
1606.731,0
1606.822,1
1606.912,1
1607.003,1
1607.094,3
1607.185,2
1607.275,2
1607.366,2
1607.457,1
1607.548,1
1607.639,1
1607.729,1
1607.82,0
1607.911,0
1608.002,0
1608.092,0
1608.183,0
1608.274,1
1608.365,1
1608.456,1
1608.546,1
1608.637,0
1608.728,0
1608.819,0
1608.91,0
1609,0
1609.091,0
1609.182,1
1609.273,1
1609.364,1
1609.455,1
1609.545,0
1609.636,0
1609.727,0
1609.818,0
1609.909,0
1610,0
1610.09,1
1610.181,1
1610.272,1
1610.363,1
1610.454,0
1610.545,0
1610.636,0
1610.726,0
1610.817,0
1610.908,0
1610.999,0
1611.09,0
1611.181,0
1611.272,1
1611.362,1
1611.453,1
1611.544,1
1611.635,0
1611.726,0
1611.817,0
1611.908,0
1611.999,0
1612.09,1
1612.181,1
1612.271,1
1612.362,1
1612.453,1
1612.544,1
1612.635,1
1612.726,1
1612.817,0
1612.908,0
1612.999,0
1613.09,0
1613.181,0
1613.272,0
1613.363,1
1613.453,1
1613.544,1
1613.635,2
1613.726,1
1613.817,1
1613.908,2
1613.999,1
1614.09,1
1614.181,1
1614.272,2
1614.363,3
1614.454,4
1614.545,5
1614.636,3
1614.727,2
1614.818,1
1614.909,0
1615,0
1615.091,1
1615.182,1
1615.273,1
1615.364,1
1615.455,0
1615.546,0
1615.637,0
1615.728,0
1615.819,0
1615.91,0
1616.001,0
1616.092,3
1616.183,3
1616.274,3
1616.365,3
1616.456,2
1616.547,2
1616.638,3
1616.729,3
1616.82,1
1616.911,1
1617.002,0
1617.093,0
1617.184,0
1617.275,0
1617.366,0
1617.457,0
1617.548,0
1617.64,0
1617.731,0
1617.822,0
1617.913,0
1618.004,1
1618.095,2
1618.186,2
1618.277,2
1618.368,1
1618.459,0
1618.55,0
1618.641,0
1618.732,0
1618.824,0
1618.915,0
1619.006,0
1619.097,0
1619.188,0
1619.279,0
1619.37,1
1619.461,1
1619.552,1
1619.644,1
1619.735,1
1619.826,1
1619.917,1
1620.008,1
1620.099,0
1620.19,0
1620.281,0
1620.373,0
1620.464,0
1620.555,0
1620.646,0
1620.737,0
1620.828,0
1620.919,2
1621.011,2
1621.102,2
1621.193,4
1621.284,3
1621.375,4
1621.466,4
1621.558,2
1621.649,1
1621.74,1
1621.831,1
1621.922,1
1622.014,1
1622.105,0
1622.196,0
1622.287,1
1622.378,1
1622.47,2
1622.561,2
1622.652,1
1622.743,1
1622.834,0
1622.926,0
1623.017,0
1623.108,0
1623.199,0
1623.29,0
1623.382,0
1623.473,0
1623.564,1
1623.655,1
1623.747,1
1623.838,1
1623.929,0
1624.02,0
1624.112,0
1624.203,0
1624.294,1
1624.385,1
1624.477,1
1624.568,1
1624.659,0
1624.75,0
1624.842,0
1624.933,0
1625.024,1
1625.115,1
1625.207,1
1625.298,1
1625.389,0
1625.481,1
1625.572,1
1625.663,1
1625.754,2
1625.846,3
1625.937,3
1626.028,3
1626.12,3
1626.211,1
1626.302,1
1626.394,1
1626.485,0
1626.576,0
1626.668,0
1626.759,0
1626.85,1
1626.942,1
1627.033,2
1627.124,2
1627.216,2
1627.307,2
1627.398,1
1627.49,1
1627.581,0
1627.672,0
1627.764,0
1627.855,0
1627.946,1
1628.038,1
1628.129,2
1628.22,2
1628.312,1
1628.403,1
1628.495,1
1628.586,1
1628.677,1
1628.769,1
1628.86,0
1628.951,0
1629.043,0
1629.134,0
1629.226,0
1629.317,0
1629.408,0
1629.5,0
1629.591,0
1629.683,0
1629.774,0
1629.865,0
1629.957,1
1630.048,1
1630.14,1
1630.231,1
1630.323,0
1630.414,0
1630.505,1
1630.597,1
1630.688,1
1630.78,1
1630.871,0
1630.963,0
1631.054,0
1631.145,2
1631.237,2
1631.328,2
1631.42,2
1631.511,4
1631.603,3
1631.694,2
1631.786,1
1631.877,0
1631.969,0
1632.06,0
1632.152,0
1632.243,1
1632.335,1
1632.426,1
1632.517,1
1632.609,0
1632.7,0
1632.792,0
1632.883,0
1632.975,0
1633.066,0
1633.158,0
1633.249,1
1633.341,2
1633.433,2
1633.524,2
1633.616,1
1633.707,0
1633.799,0
1633.89,0
1633.982,0
1634.073,0
1634.165,0
1634.256,0
1634.348,0
1634.439,0
1634.531,0
1634.622,0
1634.714,0
1634.806,0
1634.897,0
1634.989,0
1635.08,0
1635.172,0
1635.263,2
1635.355,2
1635.446,3
1635.538,3
1635.63,5
1635.721,4
1635.813,2
1635.904,1
1635.996,0
1636.088,3
1636.179,3
1636.271,3
1636.362,3
1636.454,0
1636.546,0
1636.637,0
1636.729,0
1636.82,0
1636.912,0
1637.004,0
1637.095,0
1637.187,0
1637.278,0
1637.37,0
1637.462,0
1637.553,1
1637.645,1
1637.737,1
1637.828,1
1637.92,0
1638.012,0
1638.103,0
1638.195,0
1638.286,0
1638.378,0
1638.47,0
1638.561,0
1638.653,0
1638.745,0
1638.836,0
1638.928,0
1639.02,0
1639.111,0
1639.203,0
1639.295,0
1639.387,0
1639.478,0
1639.57,0
1639.662,0
1639.753,2
1639.845,2
1639.937,2
1640.028,2
1640.12,0
1640.212,0
1640.304,0
1640.395,1
1640.487,1
1640.579,2
1640.67,2
1640.762,2
1640.854,2
1640.946,1
1641.037,1
1641.129,0
1641.221,0
1641.313,0
1641.404,0
1641.496,1
1641.588,2
1641.679,3
1641.771,4
1641.863,5
1641.955,4
1642.047,3
1642.138,2
1642.23,0
1642.322,0
1642.414,0
1642.505,0
1642.597,2
1642.689,2
1642.781,2
1642.872,2
1642.964,0
1643.056,0
1643.148,0
1643.24,0
1643.331,0
1643.423,2
1643.515,5
1643.607,6
1643.699,7
1643.79,8
1643.882,5
1643.974,4
1644.066,3
1644.158,0
1644.25,0
1644.341,0
1644.433,0
1644.525,0
1644.617,0
1644.709,1
1644.801,1
1644.892,1
1644.984,1
1645.076,0
1645.168,0
1645.26,0
1645.352,0
1645.443,0
1645.535,0
1645.627,1
1645.719,1
1645.811,1
1645.903,1
1645.995,4
1646.087,6
1646.178,6
1646.27,6
1646.362,2
1646.454,0
1646.546,0
1646.638,0
1646.73,0
1646.822,1
1646.914,2
1647.005,3
1647.097,6
1647.189,6
1647.281,6
1647.373,6
1647.465,3
1647.557,3
1647.649,3
1647.741,3
1647.833,0
1647.925,1
1648.017,1
1648.108,2
1648.2,2
1648.292,2
1648.384,3
1648.476,3
1648.568,4
1648.66,4
1648.752,4
1648.844,5
1648.936,5
1649.028,4
1649.12,3
1649.212,1
1649.304,0
1649.396,0
1649.488,0
1649.58,0
1649.672,0
1649.764,2
1649.856,2
1649.948,2
1650.04,3
1650.132,2
1650.224,2
1650.316,2
1650.408,1
1650.5,1
1650.592,1
1650.684,2
1650.776,2
1650.868,1
1650.96,2
1651.052,1
1651.144,1
1651.236,2
1651.328,1
1651.42,1
1651.512,1
1651.604,2
1651.696,3
1651.788,4
1651.88,4
1651.972,2
1652.064,1
1652.156,0
1652.248,0
1652.34,0
1652.432,0
1652.524,1
1652.616,1
1652.708,2
1652.801,2
1652.893,1
1652.985,1
1653.077,2
1653.169,2
1653.261,2
1653.353,2
1653.445,0
1653.537,0
1653.629,0
1653.721,0
1653.813,0
1653.906,0
1653.998,0
1654.09,0
1654.182,1
1654.274,2
1654.366,2
1654.458,2
1654.55,2
1654.642,1
1654.735,1
1654.827,1
1654.919,0
1655.011,0
1655.103,0
1655.195,0
1655.287,4
1655.379,5
1655.472,5
1655.564,5
1655.656,2
1655.748,3
1655.84,3
1655.932,3
1656.024,2
1656.117,1
1656.209,1
1656.301,1
1656.393,1
1656.485,0
1656.578,0
1656.67,0
1656.762,0
1656.854,0
1656.946,0
1657.038,0
1657.131,0
1657.223,0
1657.315,0
1657.407,0
1657.499,0
1657.592,2
1657.684,3
1657.776,5
1657.868,5
1657.96,3
1658.053,4
1658.145,2
1658.237,2
1658.329,2
1658.422,0
1658.514,0
1658.606,0
1658.698,0
1658.79,0
1658.883,0
1658.975,0
1659.067,0
1659.159,0
1659.252,0
1659.344,0
1659.436,1
1659.528,1
1659.621,1
1659.713,1
1659.805,0
1659.898,0
1659.99,0
1660.082,0
1660.174,0
1660.267,0
1660.359,0
1660.451,0
1660.543,0
1660.636,0
1660.728,0
1660.82,0
1660.913,0
1661.005,0
1661.097,0
1661.19,1
1661.282,3
1661.374,3
1661.466,3
1661.559,2
1661.651,4
1661.743,4
1661.836,4
1661.928,4
1662.02,2
1662.113,3
1662.205,3
1662.297,3
1662.39,1
1662.482,0
1662.574,0
1662.667,0
1662.759,0
1662.851,0
1662.944,0
1663.036,0
1663.129,0
1663.221,0
1663.313,0
1663.406,0
1663.498,0
1663.59,1
1663.683,1
1663.775,1
1663.868,1
1663.96,1
1664.052,1
1664.145,1
1664.237,1
1664.329,1
1664.422,1
1664.514,1
1664.607,1
1664.699,0
1664.791,0
1664.884,0
1664.976,0
1665.069,0
1665.161,0
1665.254,0
1665.346,0
1665.438,0
1665.531,0
1665.623,1
1665.716,1
1665.808,2
1665.901,2
1665.993,1
1666.085,1
1666.178,0
1666.27,0
1666.363,0
1666.455,0
1666.548,0
1666.64,0
1666.733,0
1666.825,0
1666.918,0
1667.01,0
1667.102,3
1667.195,3
1667.287,3
1667.38,6
1667.472,4
1667.565,4
1667.657,5
1667.75,2
1667.842,1
1667.935,1
1668.027,0
1668.12,0
1668.212,0
1668.305,0
1668.397,0
1668.49,0
1668.582,0
1668.675,0
1668.767,0
1668.86,0
1668.953,0
1669.045,0
1669.138,4
1669.23,4
1669.323,5
1669.415,5
1669.508,3
1669.6,3
1669.693,2
1669.785,2
1669.878,1
1669.97,1
1670.063,1
1670.156,1
1670.248,0
1670.341,0
1670.433,0
1670.526,0
1670.618,0
1670.711,0
1670.804,0
1670.896,0
1670.989,0
1671.081,0
1671.174,0
1671.266,0
1671.359,5
1671.452,5
1671.544,5
1671.637,5
1671.729,0
1671.822,0
1671.915,0
1672.007,0
1672.1,0
1672.193,1
1672.285,1
1672.378,1
1672.47,1
1672.563,0
1672.656,0
1672.748,0
1672.841,0
1672.934,0
1673.026,0
1673.119,0
1673.211,1
1673.304,1
1673.397,1
1673.489,1
1673.582,0
1673.675,0
1673.767,0
1673.86,0
1673.953,0
1674.045,1
1674.138,1
1674.231,2
1674.323,3
1674.416,2
1674.509,2
1674.601,1
1674.694,1
1674.787,1
1674.88,2
1674.972,2
1675.065,3
1675.158,3
1675.25,2
1675.343,2
1675.436,1
1675.528,1
1675.621,1
1675.714,1
1675.807,0
1675.899,0
1675.992,0
1676.085,1
1676.178,1
1676.27,1
1676.363,1
1676.456,2
1676.548,3
1676.641,3
1676.734,3
1676.827,1
1676.919,0
1677.012,0
1677.105,0
1677.198,2
1677.29,3
1677.383,4
1677.476,6
1677.569,8
1677.662,7
1677.754,6
1677.847,4
1677.94,0
1678.033,0
1678.125,0
1678.218,0
1678.311,0
1678.404,0
1678.497,0
1678.589,1
1678.682,1
1678.775,1
1678.868,1
1678.961,0
1679.053,0
1679.146,0
1679.239,0
1679.332,3
1679.425,4
1679.518,5
1679.61,6
1679.703,7
1679.796,6
1679.889,5
1679.982,4
1680.075,1
1680.167,1
1680.26,2
1680.353,2
1680.446,1
1680.539,1
1680.632,0
1680.724,2
1680.817,2
1680.91,2
1681.003,2
1681.096,0
1681.189,1
1681.282,1
1681.375,1
1681.467,1
1681.56,0
1681.653,1
1681.746,3
1681.839,4
1681.932,6
1682.025,10
1682.118,9
1682.211,8
1682.303,6
1682.396,2
1682.489,1
1682.582,3
1682.675,3
1682.768,2
1682.861,2
1682.954,3
1683.047,4
1683.14,4
1683.233,5
1683.326,4
1683.418,5
1683.511,9
1683.604,10
1683.697,8
1683.79,6
1683.883,2
1683.976,0
1684.069,1
1684.162,1
1684.255,1
1684.348,1
1684.441,0
1684.534,0
1684.627,0
1684.72,0
1684.813,2
1684.906,3
1684.999,3
1685.092,3
1685.185,2
1685.278,2
1685.371,2
1685.464,2
1685.557,1
1685.65,1
1685.743,1
1685.836,1
1685.929,1
1686.022,0
1686.115,0
1686.208,0
1686.301,0
1686.394,0
1686.487,0
1686.58,0
1686.673,0
1686.766,0
1686.859,0
1686.952,0
1687.045,0
1687.138,0
1687.231,0
1687.324,1
1687.417,1
1687.51,1
1687.603,1
1687.696,0
1687.789,0
1687.882,0
1687.975,0
1688.069,0
1688.162,0
1688.255,0
1688.348,0
1688.441,0
1688.534,0
1688.627,0
1688.72,1
1688.813,1
1688.906,1
1688.999,1
1689.092,0
1689.185,0
1689.279,0
1689.372,1
1689.465,1
1689.558,1
1689.651,1
1689.744,0
1689.837,0
1689.93,0
1690.023,0
1690.117,1
1690.21,1
1690.303,1
1690.396,1
1690.489,0
1690.582,0
1690.675,1
1690.769,1
1690.862,3
1690.955,3
1691.048,2
1691.141,2
1691.234,0
1691.327,0
1691.421,0
1691.514,3
1691.607,4
1691.7,4
1691.793,4
1691.886,2
1691.98,1
1692.073,1
1692.166,1
1692.259,0
1692.352,0
1692.446,0
1692.539,0
1692.632,0
1692.725,0
1692.818,0
1692.911,0
1693.005,0
1693.098,1
1693.191,1
1693.284,1
1693.378,2
1693.471,1
1693.564,1
1693.657,1
1693.75,3
1693.844,3
1693.937,3
1694.03,3
1694.123,1
1694.217,1
1694.31,1
1694.403,1
1694.496,0
1694.59,0
1694.683,0
1694.776,1
1694.869,3
1694.963,4
1695.056,4
1695.149,5
1695.242,9
1695.336,8
1695.429,10
1695.522,7
1695.615,4
1695.709,3
1695.802,2
1695.895,2
1695.989,2
1696.082,2
1696.175,0
1696.268,0
1696.362,0
1696.455,1
1696.548,1
1696.642,1
1696.735,1
1696.828,0
1696.922,1
1697.015,1
1697.108,1
1697.202,1
1697.295,0
1697.388,0
1697.482,0
1697.575,1
1697.668,2
1697.762,3
1697.855,6
1697.948,5
1698.042,4
1698.135,3
1698.228,0
1698.322,0
1698.415,0
1698.508,0
1698.602,0
1698.695,0
1698.788,0
1698.882,3
1698.975,3
1699.069,3
1699.162,3
1699.255,3
1699.349,3
1699.442,3
1699.535,3
1699.629,0
1699.722,0
1699.816,3
1699.909,3
1700.002,3
1700.096,3
1700.189,1
1700.283,1
1700.376,1
1700.469,2
1700.563,3
1700.656,3
1700.75,3
1700.843,2
1700.937,0
1701.03,0
1701.123,0
1701.217,0
1701.31,0
1701.404,0
1701.497,0
1701.591,0
1701.684,1
1701.778,1
1701.871,1
1701.964,1
1702.058,1
1702.151,1
1702.245,3
1702.338,6
1702.432,7
1702.525,10
1702.619,9
1702.712,7
1702.806,6
1702.899,4
1702.993,4
1703.086,3
1703.18,2
1703.273,1
1703.367,1
1703.46,2
1703.554,3
1703.647,6
1703.741,6
1703.834,6
1703.928,6
1704.021,6
1704.115,6
1704.208,6
1704.302,6
1704.395,0
1704.489,0
1704.582,1
1704.676,4
1704.769,5
1704.863,5
1704.956,4
1705.05,2
1705.144,1
1705.237,3
1705.331,5
1705.424,4
1705.518,4
1705.611,2
1705.705,4
1705.798,7
1705.892,8
1705.986,9
1706.079,8
1706.173,6
1706.266,6
1706.36,7
1706.453,4
1706.547,3
1706.641,3
1706.734,2
1706.828,2
1706.921,2
1707.015,2
1707.109,2
1707.202,3
1707.296,4
1707.389,5
1707.483,4
1707.577,3
1707.67,2
1707.764,0
1707.857,0
1707.951,0
1708.045,1
1708.138,1
1708.232,1
1708.326,1
1708.419,0
1708.513,0
1708.606,0
1708.7,0
1708.794,0
1708.887,0
1708.981,0
1709.075,0
1709.168,0
1709.262,0
1709.356,1
1709.449,2
1709.543,2
1709.637,2
1709.73,1
1709.824,0
1709.918,0
1710.011,0
1710.105,0
1710.199,0
1710.292,0
1710.386,0
1710.48,0
1710.574,0
1710.667,0
1710.761,0
1710.855,0
1710.948,0
1711.042,0
1711.136,0
1711.23,0
1711.323,0
1711.417,0
1711.511,0
1711.604,0
1711.698,0
1711.792,0
1711.886,0
1711.979,0
1712.073,0
1712.167,0
1712.261,0
1712.354,0
1712.448,1
1712.542,1
1712.636,1
1712.729,2
1712.823,1
1712.917,1
1713.011,1
1713.104,0
1713.198,0
1713.292,0
1713.386,0
1713.479,0
1713.573,0
1713.667,0
1713.761,0
1713.855,0
1713.948,0
1714.042,0
1714.136,0
1714.23,0
1714.324,0
1714.417,0
1714.511,0
1714.605,0
1714.699,0
1714.793,0
1714.886,0
1714.98,0
1715.074,0
1715.168,0
1715.262,0
1715.356,0
1715.449,0
1715.543,0
1715.637,0
1715.731,0
1715.825,0
1715.919,0
1716.012,0
1716.106,0
1716.2,3
1716.294,6
1716.388,9
1716.482,12
1716.576,11
1716.669,10
1716.763,10
1716.857,6
1716.951,5
1717.045,4
1717.139,3
1717.233,1
1717.327,1
1717.421,1
1717.514,0
1717.608,0
1717.702,1
1717.796,1
1717.89,1
1717.984,1
1718.078,0
1718.172,0
1718.266,0
1718.36,1
1718.453,1
1718.547,1
1718.641,1
1718.735,0
1718.829,0
1718.923,1
1719.017,1
1719.111,1
1719.205,1
1719.299,0
1719.393,0
1719.487,0
1719.581,0
1719.675,0
1719.769,0
1719.863,0
1719.956,0
1720.05,0
1720.144,0
1720.238,1
1720.332,1
1720.426,1
1720.52,1
1720.614,0
1720.708,0
1720.802,0
1720.896,0
1720.99,0
1721.084,0
1721.178,0
1721.272,0
1721.366,0
1721.46,0
1721.554,0
1721.648,0
1721.742,0
1721.836,0
1721.93,0
1722.024,0
1722.118,0
1722.212,0
1722.306,0
1722.4,0
1722.494,1
1722.588,4
1722.682,4
1722.776,4
1722.87,4
1722.965,2
1723.059,3
1723.153,4
1723.247,3
1723.341,2
1723.435,1
1723.529,0
1723.623,0
1723.717,0
1723.811,0
1723.905,0
1723.999,0
1724.093,0
1724.187,0
1724.281,0
1724.375,2
1724.47,2
1724.564,2
1724.658,2
1724.752,2
1724.846,2
1724.94,2
1725.034,2
1725.128,0
1725.222,0
1725.316,0
1725.411,0
1725.505,3
1725.599,6
1725.693,10
1725.787,15
1725.881,15
1725.975,15
1726.069,14
1726.164,11
1726.258,9
1726.352,7
1726.446,5
1726.54,1
1726.634,1
1726.728,1
1726.823,2
1726.917,2
1727.011,3
1727.105,4
1727.199,5
1727.293,5
1727.388,5
1727.482,3
1727.576,3
1727.67,4
1727.764,4
1727.858,2
1727.953,1
1728.047,1
1728.141,1
1728.235,1
1728.329,1
1728.424,0
1728.518,1
1728.612,2
1728.706,6
1728.8,6
1728.895,6
1728.989,5
1729.083,6
1729.177,9
1729.271,9
1729.366,9
1729.46,6
1729.554,4
1729.648,3
1729.743,5
1729.837,6
1729.931,7
1730.025,10
1730.119,13
1730.214,10
1730.308,9
1730.402,5
1730.496,4
1730.591,4
1730.685,3
1730.779,1
1730.873,1
1730.968,2
1731.062,4
1731.156,4
1731.251,4
1731.345,5
1731.439,4
1731.533,3
1731.628,3
1731.722,1
1731.816,2
1731.911,3
1732.005,3
1732.099,3
1732.193,4
1732.288,3
1732.382,4
1732.476,5
1732.571,4
1732.665,6
1732.759,7
1732.854,6
1732.948,4
1733.042,4
1733.137,3
1733.231,3
1733.325,4
1733.42,2
1733.514,1
1733.608,1
1733.703,2
1733.797,2
1733.891,3
1733.986,3
1734.08,1
1734.174,1
1734.269,0
1734.363,0
1734.457,0
1734.552,1
1734.646,1
1734.741,1
1734.835,2
1734.929,1
1735.024,1
1735.118,1
1735.212,0
1735.307,0
1735.401,0
1735.496,0
1735.59,2
1735.684,2
1735.779,2
1735.873,3
1735.968,1
1736.062,1
1736.156,1
1736.251,0
1736.345,0
1736.44,2
1736.534,2
1736.629,2
1736.723,2
1736.817,0
1736.912,0
1737.006,0
1737.101,0
1737.195,0
1737.29,0
1737.384,0
1737.478,1
1737.573,1
1737.667,1
1737.762,1
1737.856,0
1737.951,0
1738.045,1
1738.14,2
1738.234,3
1738.329,5
1738.423,5
1738.518,5
1738.612,5
1738.706,5
1738.801,5
1738.895,4
1738.99,4
1739.084,2
1739.179,1
1739.273,1
1739.368,1
1739.462,1
1739.557,1
1739.651,1
1739.746,0
1739.84,1
1739.935,1
1740.029,1
1740.124,2
1740.219,4
1740.313,5
1740.408,6
1740.502,9
1740.597,6
1740.691,5
1740.786,4
1740.88,1
1740.975,1
1741.069,1
1741.164,1
1741.258,0
1741.353,0
1741.448,0
1741.542,0
1741.637,0
1741.731,0
1741.826,0
1741.92,0
1742.015,2
1742.11,2
1742.204,2
1742.299,2
1742.393,1
1742.488,1
1742.582,1
1742.677,2
1742.772,1
1742.866,1
1742.961,1
1743.055,0
1743.15,0
1743.245,0
1743.339,0
1743.434,0
1743.528,0
1743.623,0
1743.718,0
1743.812,0
1743.907,0
1744.002,1
1744.096,1
1744.191,1
1744.285,1
1744.38,1
1744.475,1
1744.569,2
1744.664,2
1744.759,1
1744.853,2
1744.948,1
1745.043,1
1745.137,1
1745.232,0
1745.327,0
1745.421,0
1745.516,0
1745.611,0
1745.705,0
1745.8,0
1745.895,0
1745.989,0
1746.084,0
1746.179,0
1746.273,0
1746.368,1
1746.463,1
1746.558,1
1746.652,1
1746.747,0
1746.842,0
1746.936,0
1747.031,0
1747.126,0
1747.221,1
1747.315,1
1747.41,1
1747.505,1
1747.599,0
1747.694,0
1747.789,1
1747.884,1
1747.978,1
1748.073,1
1748.168,1
1748.263,1
1748.357,2
1748.452,2
1748.547,2
1748.642,2
1748.736,1
1748.831,1
1748.926,0
1749.021,0
1749.115,0
1749.21,0
1749.305,0
1749.4,0
1749.494,2
1749.589,2
1749.684,2
1749.779,2
1749.874,0
1749.968,0
1750.063,1
1750.158,1
1750.253,1
1750.348,3
1750.442,2
1750.537,2
1750.632,2
1750.727,2
1750.822,2
1750.917,2
1751.011,2
1751.106,0
1751.201,0
1751.296,0
1751.391,0
1751.485,1
1751.58,2
1751.675,3
1751.77,7
1751.865,8
1751.96,8
1752.055,11
1752.149,6
1752.244,8
1752.339,9
1752.434,9
1752.529,9
1752.624,8
1752.719,9
1752.813,7
1752.908,7
1753.003,7
1753.098,5
1753.193,3
1753.288,3
1753.383,3
1753.478,2
1753.573,5
1753.667,7
1753.762,9
1753.857,13
1753.952,11
1754.047,12
1754.142,10
1754.237,7
1754.332,6
1754.427,4
1754.522,2
1754.617,1
1754.711,1
1754.806,1
1754.901,0
1754.996,0
1755.091,0
1755.186,0
1755.281,2
1755.376,2
1755.471,2
1755.566,2
1755.661,1
1755.756,3
1755.851,3
1755.946,4
1756.041,4
1756.136,3
1756.231,3
1756.326,2
1756.421,1
1756.516,1
1756.61,3
1756.705,5
1756.8,7
1756.895,9
1756.99,8
1757.085,8
1757.18,8
1757.275,8
1757.37,8
1757.465,10
1757.56,8
1757.655,5
1757.75,4
1757.845,0
1757.94,0
1758.035,0
1758.13,0
1758.225,0
1758.321,0
1758.416,1
1758.511,3
1758.606,3
1758.701,3
1758.796,2
1758.891,1
1758.986,1
1759.081,1
1759.176,1
1759.271,0
1759.366,0
1759.461,0
1759.556,0
1759.651,0
1759.746,0
1759.841,0
1759.936,0
1760.031,0
1760.126,0
1760.222,0
1760.317,0
1760.412,0
1760.507,0
1760.602,0
1760.697,0
1760.792,0
1760.887,0
1760.982,0
1761.077,0
1761.172,0
1761.268,0
1761.363,0
1761.458,0
1761.553,1
1761.648,2
1761.743,3
1761.838,5
1761.933,4
1762.028,3
1762.124,2
1762.219,0
1762.314,0
1762.409,0
1762.504,0
1762.599,0
1762.694,0
1762.79,0
1762.885,0
1762.98,0
1763.075,0
1763.17,0
1763.265,0
1763.361,0
1763.456,0
1763.551,0
1763.646,0
1763.741,0
1763.836,0
1763.932,0
1764.027,0
1764.122,0
1764.217,3
1764.312,3
1764.408,3
1764.503,3
1764.598,1
1764.693,1
1764.788,1
1764.884,1
1764.979,0
1765.074,0
1765.169,0
1765.264,0
1765.36,0
1765.455,0
1765.55,0
1765.645,3
1765.74,3
1765.836,3
1765.931,3
1766.026,0
1766.121,0
1766.217,0
1766.312,1
1766.407,1
1766.502,1
1766.598,1
1766.693,1
1766.788,1
1766.883,1
1766.979,1
1767.074,0
1767.169,0
1767.264,0
1767.36,0
1767.455,0
1767.55,0
1767.646,0
1767.741,0
1767.836,0
1767.931,1
1768.027,1
1768.122,1
1768.217,1
1768.313,4
1768.408,5
1768.503,5
1768.599,5
1768.694,1
1768.789,0
1768.884,1
1768.98,1
1769.075,1
1769.17,1
1769.266,1
1769.361,1
1769.456,2
1769.552,2
1769.647,2
1769.742,2
1769.838,1
1769.933,1
1770.028,0
1770.124,0
1770.219,0
1770.315,1
1770.41,4
1770.505,4
1770.601,4
1770.696,3
1770.791,0
1770.887,0
1770.982,0
1771.077,0
1771.173,0
1771.268,0
1771.364,0
1771.459,0
1771.554,0
1771.65,0
1771.745,0
1771.841,0
1771.936,1
1772.031,1
1772.127,1
1772.222,1
1772.318,1
1772.413,1
1772.508,1
1772.604,1
1772.699,0
1772.795,0
1772.89,0
1772.986,0
1773.081,0
1773.176,3
1773.272,3
1773.367,3
1773.463,3
1773.558,3
1773.654,4
1773.749,5
1773.845,7
1773.94,5
1774.035,5
1774.131,5
1774.226,3
1774.322,3
1774.417,3
1774.513,3
1774.608,0
1774.704,0
1774.799,0
1774.895,0
1774.99,0
1775.086,1
1775.181,2
1775.277,2
1775.372,3
1775.468,2
1775.563,8
1775.659,9
1775.754,13
1775.85,13
1775.945,12
1776.041,13
1776.136,17
1776.232,17
1776.327,15
1776.423,12
1776.518,8
1776.614,9
1776.709,7
1776.805,7
1776.9,9
1776.996,9
1777.091,5
1777.187,4
1777.283,5
1777.378,5
1777.474,8
1777.569,15
1777.665,17
1777.76,17
1777.856,16
1777.951,12
1778.047,11
1778.143,13
1778.238,18
1778.334,21
1778.429,24
1778.525,29
1778.62,26
1778.716,23
1778.812,25
1778.907,20
1779.003,19
1779.098,16
1779.194,12
1779.29,8
1779.385,6
1779.481,5
1779.576,3
1779.672,4
1779.768,6
1779.863,4
1779.959,4
1780.055,3
1780.15,2
1780.246,2
1780.341,1
1780.437,2
1780.533,2
1780.628,3
1780.724,4
1780.82,6
1780.915,7
1781.011,7
1781.107,10
1781.202,8
1781.298,6
1781.394,8
1781.489,8
1781.585,8
1781.681,5
1781.776,3
1781.872,0
1781.968,1
1782.063,1
1782.159,1
1782.255,1
1782.35,0
1782.446,0
1782.542,0
1782.637,0
1782.733,0
1782.829,0
1782.924,0
1783.02,0
1783.116,0
1783.212,0
1783.307,3
1783.403,3
1783.499,3
1783.594,3
1783.69,1
1783.786,2
1783.882,2
1783.977,2
1784.073,4
1784.169,3
1784.265,3
1784.36,3
1784.456,0
1784.552,0
1784.647,0
1784.743,0
1784.839,0
1784.935,0
1785.031,0
1785.126,0
1785.222,0
1785.318,1
1785.414,1
1785.509,1
1785.605,1
1785.701,0
1785.797,0
1785.892,0
1785.988,1
1786.084,1
1786.18,1
1786.276,4
1786.371,3
1786.467,3
1786.563,3
1786.659,1
1786.755,1
1786.85,1
1786.946,1
1787.042,0
1787.138,0
1787.234,0
1787.33,0
1787.425,0
1787.521,0
1787.617,0
1787.713,0
1787.809,0
1787.905,4
1788,4
1788.096,4
1788.192,4
1788.288,0
1788.384,0
1788.48,0
1788.575,0
1788.671,0
1788.767,0
1788.863,0
1788.959,0
1789.055,0
1789.151,0
1789.247,0
1789.342,0
1789.438,0
1789.534,0
1789.63,0
1789.726,1
1789.822,2
1789.918,2
1790.014,2
1790.11,4
1790.205,3
1790.301,3
1790.397,3
1790.493,0
1790.589,0
1790.685,0
1790.781,0
1790.877,0
1790.973,0
1791.069,0
1791.165,0
1791.26,0
1791.356,0
1791.452,0
1791.548,0
1791.644,0
1791.74,1
1791.836,1
1791.932,1
1792.028,1
1792.124,1
1792.22,2
1792.316,2
1792.412,2
1792.508,4
1792.604,3
1792.7,3
1792.796,3
1792.892,1
1792.988,3
1793.084,3
1793.18,3
1793.276,2
1793.372,3
1793.468,3
1793.564,3
1793.66,3
1793.756,0
1793.852,0
1793.948,0
1794.044,1
1794.14,2
1794.236,2
1794.332,2
1794.428,1
1794.524,0
1794.62,0
1794.716,0
1794.812,0
1794.908,0
1795.004,0
1795.1,0
1795.196,2
1795.292,4
1795.388,6
1795.484,8
1795.58,9
1795.676,9
1795.772,9
1795.868,9
1795.964,6
1796.06,4
1796.156,3
1796.252,4
1796.349,7
1796.445,10
1796.541,14
1796.637,12
1796.733,10
1796.829,8
1796.925,4
1797.021,5
1797.117,6
1797.213,5
1797.309,4
1797.405,2
1797.502,2
1797.598,2
1797.694,3
1797.79,3
1797.886,6
1797.982,5
1798.078,3
1798.174,2
1798.27,1
1798.367,2
1798.463,2
1798.559,2
1798.655,1
1798.751,0
1798.847,0
1798.943,3
1799.04,7
1799.136,15
1799.232,28
1799.328,50
1799.424,91
1799.52,141
1799.616,195
1799.713,267
1799.809,328
1799.905,386
1800.001,421
1800.097,421
1800.193,391
1800.29,376
1800.386,373
1800.482,383
1800.578,431
1800.674,491
1800.771,554
1800.867,618
1800.963,655
1801.059,648
1801.155,634
1801.252,576
1801.348,522
1801.444,473
1801.54,443
1801.636,455
1801.733,500
1801.829,552
1801.925,589
1802.021,598
1802.117,572
1802.214,524
1802.31,490
1802.406,428
1802.502,372
1802.599,328
1802.695,293
1802.791,299
1802.887,316
1802.984,336
1803.08,344
1803.176,328
1803.272,306
1803.369,270
1803.465,242
1803.561,212
1803.657,193
1803.754,187
1803.85,179
1803.946,178
1804.043,170
1804.139,161
1804.235,154
1804.331,150
1804.428,136
1804.524,117
1804.62,104
1804.717,95
1804.813,87
1804.909,83
1805.005,81
1805.102,74
1805.198,67
1805.294,67
1805.391,70
1805.487,66
1805.583,63
1805.68,57
1805.776,52
1805.872,51
1805.969,54
1806.065,59
1806.161,57
1806.258,57
1806.354,52
1806.45,48
1806.547,42
1806.643,37
1806.739,38
1806.836,39
1806.932,37
1807.029,36
1807.125,35
1807.221,35
1807.318,31
1807.414,27
1807.51,31
1807.607,32
1807.703,33
1807.799,34
1807.896,30
1807.992,27
1808.089,22
1808.185,18
1808.281,17
1808.378,20
1808.474,23
1808.571,25
1808.667,31
1808.763,30
1808.86,28
1808.956,29
1809.053,24
1809.149,25
1809.246,25
1809.342,21
1809.438,24
1809.535,23
1809.631,20
1809.728,17
1809.824,16
1809.921,16
1810.017,20
1810.113,25
1810.21,26
1810.306,29
1810.403,28
1810.499,31
1810.596,31
1810.692,29
1810.789,26
1810.885,25
1810.982,23
1811.078,20
1811.175,19
1811.271,17
1811.367,15
1811.464,17
1811.56,18
1811.657,17
1811.753,17
1811.85,17
1811.946,16
1812.043,18
1812.139,16
1812.236,14
1812.332,10
1812.429,7
1812.525,7
1812.622,7
1812.718,10
1812.815,10
1812.911,13
1813.008,17
1813.105,17
1813.201,16
1813.298,14
1813.394,15
1813.491,13
1813.587,10
1813.684,13
1813.78,11
1813.877,11
1813.973,10
1814.07,8
1814.166,8
1814.263,9
1814.36,9
1814.456,10
1814.553,8
1814.649,8
1814.746,10
1814.842,9
1814.939,9
1815.036,9
1815.132,13
1815.229,11
1815.325,13
1815.422,14
1815.519,16
1815.615,20
1815.712,19
1815.808,18
1815.905,14
1816.002,12
1816.098,11
1816.195,15
1816.291,15
1816.388,17
1816.485,20
1816.581,19
1816.678,21
1816.774,19
1816.871,16
1816.968,13
1817.064,11
1817.161,14
1817.258,16
1817.354,17
1817.451,19
1817.548,22
1817.644,22
1817.741,23
1817.838,23
1817.934,18
1818.031,18
1818.128,18
1818.224,20
1818.321,16
1818.418,13
1818.514,10
1818.611,5
1818.708,5
1818.804,4
1818.901,4
1818.998,3
1819.094,6
1819.191,11
1819.288,14
1819.384,20
1819.481,23
1819.578,20
1819.674,17
1819.771,17
1819.868,13
1819.965,13
1820.061,13
1820.158,10
1820.255,11
1820.351,11
1820.448,11
1820.545,13
1820.642,15
1820.738,16
1820.835,19
1820.932,16
1821.029,11
1821.125,10
1821.222,8
1821.319,8
1821.416,12
1821.512,14
1821.609,12
1821.706,13
1821.803,13
1821.899,12
1821.996,12
1822.093,14
1822.19,18
1822.286,18
1822.383,19
1822.48,20
1822.577,28
1822.674,31
1822.77,34
1822.867,35
1822.964,25
1823.061,21
1823.158,16
1823.254,12
1823.351,10
1823.448,11
1823.545,10
1823.642,13
1823.738,16
1823.835,16
1823.932,15
1824.029,13
1824.126,15
1824.223,15
1824.319,14
1824.416,11
1824.513,9
1824.61,12
1824.707,15
1824.804,14
1824.9,12
1824.997,10
1825.094,7
1825.191,8
1825.288,9
1825.385,6
1825.482,7
1825.578,6
1825.675,9
1825.772,11
1825.869,12
1825.966,12
1826.063,12
1826.16,12
1826.257,11
1826.353,13
1826.45,9
1826.547,8
1826.644,8
1826.741,10
1826.838,11
1826.935,16
1827.032,18
1827.129,21
1827.226,25
1827.322,19
1827.419,17
1827.516,14
1827.613,10
1827.71,10
1827.807,9
1827.904,6
1828.001,6
1828.098,6
1828.195,6
1828.292,5
1828.389,7
1828.486,12
1828.583,15
1828.679,18
1828.776,19
1828.873,18
1828.97,17
1829.067,17
1829.164,12
1829.261,7
1829.358,4
1829.455,0
1829.552,1
1829.649,2
1829.746,3
1829.843,4
1829.94,5
1830.037,6
1830.134,8
1830.231,12
1830.328,15
1830.425,16
1830.522,17
1830.619,14
1830.716,10
1830.813,7
1830.91,4
1831.007,2
1831.104,3
1831.201,4
1831.298,4
1831.395,6
1831.492,9
1831.589,9
1831.686,8
1831.783,9
1831.88,6
1831.977,5
1832.074,5
1832.171,5
1832.268,5
1832.366,5
1832.463,5
1832.56,6
1832.657,7
1832.754,7
1832.851,7
1832.948,4
1833.045,3
1833.142,3
1833.239,3
1833.336,2
1833.433,1
1833.53,1
1833.627,2
1833.724,3
1833.822,5
1833.919,6
1834.016,6
1834.113,5
1834.21,7
1834.307,6
1834.404,5
1834.501,5
1834.598,4
1834.695,4
1834.793,4
1834.89,5
1834.987,4
1835.084,5
1835.181,7
1835.278,8
1835.375,8
1835.472,11
1835.57,10
1835.667,10
1835.764,10
1835.861,7
1835.958,10
1836.055,9
1836.152,6
1836.25,6
1836.347,4
1836.444,4
1836.541,1
1836.638,1
1836.735,0
1836.833,2
1836.93,3
1837.027,3
1837.124,3
1837.221,1
1837.318,0
1837.416,1
1837.513,1
1837.61,1
1837.707,4
1837.804,3
1837.902,4
1837.999,5
1838.096,7
1838.193,7
1838.29,7
1838.388,5
1838.485,3
1838.582,2
1838.679,1
1838.777,4
1838.874,4
1838.971,4
1839.068,4
1839.165,5
1839.263,7
1839.36,8
1839.457,8
1839.554,10
1839.652,9
1839.749,8
1839.846,8
1839.943,5
1840.041,4
1840.138,4
1840.235,3
1840.332,1
1840.43,2
1840.527,3
1840.624,4
1840.722,7
1840.819,8
1840.916,7
1841.013,7
1841.111,5
1841.208,6
1841.305,7
1841.403,9
1841.5,7
1841.597,4
1841.694,7
1841.792,8
1841.889,7
1841.986,10
1842.084,12
1842.181,15
1842.278,19
1842.376,22
1842.473,20
1842.57,17
1842.668,18
1842.765,13
1842.862,13
1842.96,11
1843.057,11
1843.154,11
1843.252,13
1843.349,18
1843.446,17
1843.544,15
1843.641,11
1843.738,8
1843.836,3
1843.933,2
1844.03,3
1844.128,4
1844.225,4
1844.323,4
1844.42,3
1844.517,0
1844.615,2
1844.712,5
1844.809,6
1844.907,7
1845.004,8
1845.102,10
1845.199,12
1845.296,14
1845.394,14
1845.491,13
1845.589,13
1845.686,12
1845.783,11
1845.881,15
1845.978,20
1846.076,17
1846.173,14
1846.271,9
1846.368,6
1846.465,5
1846.563,6
1846.66,5
1846.758,2
1846.855,2
1846.953,3
1847.05,5
1847.148,5
1847.245,5
1847.342,4
1847.44,7
1847.537,7
1847.635,10
1847.732,10
1847.83,10
1847.927,16
1848.025,13
1848.122,13
1848.22,15
1848.317,12
1848.415,10
1848.512,8
1848.61,6
1848.707,10
1848.805,11
1848.902,9
1849,6
1849.097,2
1849.195,1
1849.292,1
1849.39,2
1849.487,1
1849.585,1
1849.682,1
1849.78,1
1849.877,3
1849.975,3
1850.072,3
1850.17,4
1850.267,3
1850.365,3
1850.462,5
1850.56,5
1850.657,4
1850.755,5
1850.853,7
1850.95,5
1851.048,6
1851.145,6
1851.243,11
1851.34,13
1851.438,16
1851.535,18
1851.633,17
1851.731,17
1851.828,17
1851.926,17
1852.023,15
1852.121,16
1852.218,14
1852.316,12
1852.414,10
1852.511,6
1852.609,5
1852.706,5
1852.804,2
1852.902,3
1852.999,3
1853.097,3
1853.194,4
1853.292,3
1853.39,3
1853.487,3
1853.585,2
1853.683,2
1853.78,2
1853.878,2
1853.975,2
1854.073,1
1854.171,3
1854.268,8
1854.366,13
1854.464,16
1854.561,17
1854.659,21
1854.757,17
1854.854,13
1854.952,11
1855.05,7
1855.147,7
1855.245,9
1855.343,9
1855.44,9
1855.538,9
1855.636,6
1855.733,5
1855.831,5
1855.929,6
1856.026,5
1856.124,6
1856.222,7
1856.319,7
1856.417,5
1856.515,4
1856.613,6
1856.71,4
1856.808,4
1856.906,4
1857.003,0
1857.101,0
1857.199,1
1857.297,3
1857.394,3
1857.492,3
1857.59,4
1857.687,5
1857.785,5
1857.883,5
1857.981,3
1858.078,0
1858.176,0
1858.274,0
1858.372,0
1858.469,0
1858.567,0
1858.665,1
1858.763,5
1858.86,6
1858.958,7
1859.056,11
1859.154,9
1859.252,8
1859.349,7
1859.447,5
1859.545,4
1859.643,4
1859.74,5
1859.838,6
1859.936,7
1860.034,10
1860.132,13
1860.229,11
1860.327,10
1860.425,7
1860.523,4
1860.621,3
1860.718,2
1860.816,2
1860.914,1
1861.012,2
1861.11,2
1861.208,2
1861.305,2
1861.403,1
1861.501,4
1861.599,6
1861.697,11
1861.795,14
1861.892,14
1861.99,13
1862.088,11
1862.186,13
1862.284,10
1862.382,9
1862.48,6
1862.577,2
1862.675,2
1862.773,2
1862.871,3
1862.969,2
1863.067,5
1863.165,7
1863.263,9
1863.36,10
1863.458,11
1863.556,11
1863.654,8
1863.752,6
1863.85,4
1863.948,4
1864.046,2
1864.144,1
1864.242,1
1864.339,2
1864.437,2
1864.535,1
1864.633,2
1864.731,2
1864.829,2
1864.927,2
1865.025,2
1865.123,5
1865.221,6
1865.319,7
1865.417,8
1865.515,5
1865.613,4
1865.71,3
1865.808,3
1865.906,2
1866.004,2
1866.102,3
1866.2,5
1866.298,6
1866.396,7
1866.494,8
1866.592,8
1866.69,9
1866.788,7
1866.886,7
1866.984,8
1867.082,7
1867.18,5
1867.278,8
1867.376,6
1867.474,9
1867.572,14
1867.67,15
1867.768,14
1867.866,12
1867.964,8
1868.062,4
1868.16,3
1868.258,2
1868.356,1
1868.454,1
1868.552,2
1868.65,3
1868.748,4
1868.846,6
1868.944,5
1869.042,5
1869.14,4
1869.238,1
1869.336,1
1869.434,1
1869.532,4
1869.631,7
1869.729,9
1869.827,10
1869.925,13
1870.023,10
1870.121,8
1870.219,6
1870.317,4
1870.415,4
1870.513,3
1870.611,4
1870.709,5
1870.807,8
1870.905,13
1871.004,17
1871.102,21
1871.2,26
1871.298,19
1871.396,15
1871.494,11
1871.592,5
1871.69,5
1871.788,5
1871.886,5
1871.985,8
1872.083,9
1872.181,9
1872.279,9
1872.377,10
1872.475,8
1872.573,8
1872.671,7
1872.77,2
1872.868,4
1872.966,3
1873.064,3
1873.162,5
1873.26,4
1873.359,5
1873.457,6
1873.555,8
1873.653,8
1873.751,8
1873.849,8
1873.947,6
1874.046,6
1874.144,6
1874.242,6
1874.34,9
1874.438,12
1874.537,12
1874.635,12
1874.733,15
1874.831,14
1874.929,16
1875.028,14
1875.126,12
1875.224,11
1875.322,7
1875.42,9
1875.519,7
1875.617,5
1875.715,5
1875.813,3
1875.911,1
1876.01,0
1876.108,0
1876.206,0
1876.304,6
1876.403,7
1876.501,7
1876.599,7
1876.697,2
1876.796,2
1876.894,2
1876.992,2
1877.09,3
1877.189,2
1877.287,2
1877.385,2
1877.483,0
1877.582,0
1877.68,0
1877.778,0
1877.876,0
1877.975,2
1878.073,3
1878.171,3
1878.27,5
1878.368,6
1878.466,5
1878.564,5
1878.663,9
1878.761,8
1878.859,8
1878.958,8
1879.056,9
1879.154,10
1879.253,10
1879.351,11
1879.449,9
1879.547,6
1879.646,6
1879.744,6
1879.842,4
1879.941,3
1880.039,2
1880.137,1
1880.236,2
1880.334,2
1880.432,2
1880.531,1
1880.629,0
1880.728,3
1880.826,7
1880.924,11
1881.023,15
1881.121,16
1881.219,15
1881.318,15
1881.416,14
1881.514,16
1881.613,17
1881.711,17
1881.81,17
1881.908,15
1882.006,15
1882.105,17
1882.203,16
1882.301,12
1882.4,9
1882.498,12
1882.597,10
1882.695,11
1882.793,18
1882.892,13
1882.99,12
1883.089,11
1883.187,6
1883.286,6
1883.384,9
1883.482,9
1883.581,5
1883.679,5
1883.778,2
1883.876,5
1883.975,7
1884.073,10
1884.171,16
1884.27,15
1884.368,15
1884.467,13
1884.565,8
1884.664,6
1884.762,5
1884.861,4
1884.959,0
1885.058,0
1885.156,1
1885.254,2
1885.353,7
1885.451,8
1885.55,8
1885.648,8
1885.747,6
1885.845,5
1885.944,5
1886.042,5
1886.141,4
1886.239,6
1886.338,7
1886.436,8
1886.535,8
1886.633,7
1886.732,11
1886.83,11
1886.929,12
1887.027,10
1887.126,7
1887.224,7
1887.323,6
1887.422,5
1887.52,8
1887.619,9
1887.717,9
1887.816,10
1887.914,10
1888.013,13
1888.111,14
1888.21,17
1888.308,13
1888.407,12
1888.506,11
1888.604,7
1888.703,7
1888.801,4
1888.9,4
1888.998,6
1889.097,5
1889.195,6
1889.294,5
1889.393,4
1889.491,6
1889.59,6
1889.688,9
1889.787,11
1889.886,11
1889.984,12
1890.083,9
1890.181,7
1890.28,7
1890.379,6
1890.477,5
1890.576,6
1890.674,8
1890.773,9
1890.872,14
1890.97,16
1891.069,15
1891.168,15
1891.266,10
1891.365,7
1891.463,7
1891.562,7
1891.661,7
1891.759,4
1891.858,4
1891.957,5
1892.055,5
1892.154,5
1892.253,6
1892.351,6
1892.45,4
1892.549,6
1892.647,8
1892.746,11
1892.845,12
1892.943,13
1893.042,13
1893.141,12
1893.239,14
1893.338,17
1893.437,15
1893.535,13
1893.634,8
1893.733,6
1893.832,7
1893.93,8
1894.029,7
1894.128,4
1894.226,6
1894.325,5
1894.424,3
1894.523,3
1894.621,0
1894.72,0
1894.819,0
1894.917,2
1895.016,3
1895.115,4
1895.214,8
1895.312,8
1895.411,8
1895.51,7
1895.609,5
1895.707,6
1895.806,5
1895.905,6
1896.004,4
1896.102,2
1896.201,4
1896.3,6
1896.399,6
1896.497,8
1896.596,6
1896.695,3
1896.794,3
1896.893,3
1896.991,4
1897.09,8
1897.189,11
1897.288,13
1897.387,14
1897.485,15
1897.584,14
1897.683,11
1897.782,11
1897.881,8
1897.979,10
1898.078,11
1898.177,11
1898.276,11
1898.375,9
1898.473,8
1898.572,8
1898.671,8
1898.77,8
1898.869,10
1898.968,8
1899.066,6
1899.165,6
1899.264,3
1899.363,3
1899.462,5
1899.561,7
1899.66,7
1899.758,9
1899.857,11
1899.956,10
1900.055,12
1900.154,15
1900.253,12
1900.352,11
1900.45,14
1900.549,13
1900.648,11
1900.747,13
1900.846,14
1900.945,13
1901.044,13
1901.143,12
1901.242,12
1901.341,12
1901.439,11
1901.538,7
1901.637,4
1901.736,4
1901.835,7
1901.934,7
1902.033,11
1902.132,11
1902.231,10
1902.33,12
1902.429,15
1902.528,15
1902.626,14
1902.725,14
1902.824,10
1902.923,8
1903.022,7
1903.121,5
1903.22,5
1903.319,3
1903.418,3
1903.517,3
1903.616,4
1903.715,5
1903.814,7
1903.913,10
1904.012,8
1904.111,8
1904.21,6
1904.309,3
1904.408,5
1904.507,5
1904.606,8
1904.705,10
1904.804,8
1904.903,6
1905.002,3
1905.101,2
1905.2,3
1905.299,3
1905.398,3
1905.497,1
1905.596,3
1905.695,4
1905.794,5
1905.893,7
1905.992,6
1906.091,6
1906.19,6
1906.289,6
1906.388,5
1906.487,4
1906.586,4
1906.685,2
1906.784,1
1906.883,1
1906.982,3
1907.081,3
1907.18,5
1907.279,6
1907.378,4
1907.477,5
1907.577,6
1907.676,6
1907.775,6
1907.874,5
1907.973,5
1908.072,5
1908.171,5
1908.27,2
1908.369,3
1908.468,5
1908.567,7
1908.666,10
1908.766,10
1908.865,11
1908.964,12
1909.063,13
1909.162,11
1909.261,9
1909.36,7
1909.459,2
1909.558,2
1909.658,2
1909.757,2
1909.856,0
1909.955,0
1910.054,0
1910.153,1
1910.252,1
1910.351,2
1910.451,3
1910.55,2
1910.649,2
1910.748,1
1910.847,0
1910.946,0
1911.046,0
1911.145,2
1911.244,2
1911.343,2
1911.442,2
1911.541,2
1911.641,2
1911.74,2
1911.839,2
1911.938,2
1912.037,3
1912.136,4
1912.236,6
1912.335,6
1912.434,8
1912.533,10
1912.632,11
1912.732,11
1912.831,10
1912.93,9
1913.029,11
1913.128,10
1913.228,9
1913.327,8
1913.426,7
1913.525,8
1913.625,9
1913.724,10
1913.823,12
1913.922,11
1914.021,10
1914.121,9
1914.22,6
1914.319,6
1914.418,6
1914.518,6
1914.617,8
1914.716,9
1914.815,12
1914.915,13
1915.014,13
1915.113,11
1915.213,7
1915.312,5
1915.411,1
1915.51,6
1915.61,6
1915.709,6
1915.808,5
1915.908,0
1916.007,0
1916.106,0
1916.205,0
1916.305,0
1916.404,0
1916.503,0
1916.603,0
1916.702,0
1916.801,0
1916.901,0
1917,0
1917.099,1
1917.198,1
1917.298,1
1917.397,2
1917.496,1
1917.596,1
1917.695,4
1917.794,3
1917.894,3
1917.993,4
1918.092,1
1918.192,1
1918.291,5
1918.391,8
1918.49,10
1918.589,13
1918.689,11
1918.788,8
1918.887,7
1918.987,6
1919.086,9
1919.185,7
1919.285,8
1919.384,7
1919.484,7
1919.583,7
1919.682,7
1919.782,5
1919.881,3
1919.981,3
1920.08,0
1920.179,0
1920.279,1
1920.378,2
1920.478,3
1920.577,7
1920.676,6
1920.776,5
1920.875,4
1920.975,5
1921.074,5
1921.173,5
1921.273,5
1921.372,5
1921.472,6
1921.571,8
1921.671,9
1921.77,5
1921.87,4
1921.969,3
1922.068,3
1922.168,2
1922.267,2
1922.367,1
1922.466,0
1922.566,0
1922.665,0
1922.765,0
1922.864,0
1922.964,0
1923.063,0
1923.163,1
1923.262,2
1923.362,3
1923.461,5
1923.561,5
1923.66,5
1923.76,7
1923.859,4
1923.959,4
1924.058,4
1924.158,4
1924.257,2
1924.357,3
1924.456,3
1924.556,1
1924.655,4
1924.755,3
1924.854,3
1924.954,4
1925.053,4
1925.153,6
1925.252,10
1925.352,14
1925.451,15
1925.551,15
1925.65,18
1925.75,21
1925.85,21
1925.949,19
1926.049,18
1926.148,13
1926.248,15
1926.347,15
1926.447,14
1926.546,13
1926.646,13
1926.746,16
1926.845,15
1926.945,13
1927.044,15
1927.144,13
1927.244,14
1927.343,15
1927.443,11
1927.542,10
1927.642,12
1927.741,11
1927.841,14
1927.941,16
1928.04,12
1928.14,15
1928.24,14
1928.339,13
1928.439,14
1928.538,17
1928.638,19
1928.738,16
1928.837,14
1928.937,9
1929.037,9
1929.136,8
1929.236,7
1929.335,3
1929.435,4
1929.535,4
1929.634,4
1929.734,4
1929.834,7
1929.933,7
1930.033,8
1930.133,8
1930.232,5
1930.332,7
1930.432,8
1930.531,11
1930.631,14
1930.731,17
1930.83,17
1930.93,16
1931.03,12
1931.129,8
1931.229,7
1931.329,5
1931.429,2
1931.528,2
1931.628,1
1931.728,3
1931.827,3
1931.927,4
1932.027,5
1932.127,4
1932.226,7
1932.326,5
1932.426,4
1932.525,3
1932.625,5
1932.725,4
1932.825,3
1932.924,2
1933.024,0
1933.124,0
1933.224,0
1933.323,1
1933.423,1
1933.523,2
1933.623,3
1933.722,3
1933.822,5
1933.922,5
1934.022,6
1934.121,6
1934.221,4
1934.321,5
1934.421,5
1934.521,6
1934.62,5
1934.72,10
1934.82,10
1934.92,10
1935.019,9
1935.119,3
1935.219,3
1935.319,3
1935.419,4
1935.518,2
1935.618,3
1935.718,4
1935.818,5
1935.918,7
1936.018,8
1936.117,7
1936.217,7
1936.317,8
1936.417,8
1936.517,6
1936.616,6
1936.716,6
1936.816,6
1936.916,6
1937.016,6
1937.116,3
1937.216,3
1937.315,5
1937.415,6
1937.515,4
1937.615,6
1937.715,8
1937.815,10
1937.915,10
1938.014,9
1938.114,11
1938.214,14
1938.314,14
1938.414,15
1938.514,12
1938.614,11
1938.714,10
1938.814,8
1938.913,6
1939.013,1
1939.113,1
1939.213,1
1939.313,4
1939.413,4
1939.513,6
1939.613,6
1939.713,6
1939.813,6
1939.913,8
1940.012,7
1940.112,2
1940.212,1
1940.312,1
1940.412,2
1940.512,4
1940.612,7
1940.712,7
1940.812,8
1940.912,8
1941.012,12
1941.112,11
1941.212,9
1941.312,10
1941.412,7
1941.512,6
1941.612,6
1941.712,6
1941.812,4
1941.912,4
1942.011,3
1942.111,3
1942.211,7
1942.311,8
1942.411,8
1942.511,9
1942.611,8
1942.711,8
1942.811,8
1942.911,10
1943.011,14
1943.111,12
1943.211,11
1943.311,8
1943.411,4
1943.511,5
1943.611,5
1943.712,8
1943.812,8
1943.912,9
1944.012,11
1944.112,11
1944.212,13
1944.312,12
1944.412,8
1944.512,5
1944.612,4
1944.712,5
1944.812,4
1944.912,5
1945.012,9
1945.112,9
1945.212,10
1945.312,13
1945.412,9
1945.512,8
1945.612,7
1945.712,5
1945.813,4
1945.913,4
1946.013,5
1946.113,6
1946.213,9
1946.313,9
1946.413,7
1946.513,4
1946.613,3
1946.713,2
1946.813,5
1946.914,5
1947.014,6
1947.114,8
1947.214,7
1947.314,6
1947.414,4
1947.514,2
1947.614,0
1947.715,0
1947.815,0
1947.915,0
1948.015,0
1948.115,0
1948.215,3
1948.315,3
1948.416,3
1948.516,3
1948.616,0
1948.716,0
1948.816,1
1948.916,4
1949.016,5
1949.117,7
1949.217,10
1949.317,10
1949.417,14
1949.517,15
1949.617,11
1949.718,9
1949.818,6
1949.918,4
1950.018,1
1950.118,1
1950.219,2
1950.319,4
1950.419,8
1950.519,16
1950.619,19
1950.72,25
1950.82,29
1950.92,29
1951.02,30
1951.12,28
1951.221,22
1951.321,17
1951.421,14
1951.521,12
1951.622,8
1951.722,9
1951.822,9
1951.922,6
1952.023,5
1952.123,2
1952.223,2
1952.323,4
1952.423,4
1952.524,4
1952.624,3
1952.724,7
1952.825,7
1952.925,8
1953.025,7
1953.125,6
1953.226,6
1953.326,9
1953.426,8
1953.526,6
1953.627,5
1953.727,5
1953.827,5
1953.928,5
1954.028,6
1954.128,1
1954.228,1
1954.329,1
1954.429,0
1954.529,3
1954.63,3
1954.73,4
1954.83,6
1954.931,4
1955.031,4
1955.131,3
1955.232,1
1955.332,0
1955.432,0
1955.533,1
1955.633,2
1955.733,3
1955.834,6
1955.934,6
1956.034,9
1956.135,9
1956.235,7
1956.335,6
1956.436,7
1956.536,9
1956.636,8
1956.737,10
1956.837,6
1956.938,3
1957.038,3
1957.138,1
1957.239,0
1957.339,0
1957.439,2
1957.54,3
1957.64,4
1957.741,5
1957.841,6
1957.941,8
1958.042,9
1958.142,12
1958.243,14
1958.343,11
1958.443,9
1958.544,5
1958.644,1
1958.745,1
1958.845,4
1958.945,4
1959.046,3
1959.146,3
1959.247,0
1959.347,0
1959.448,0
1959.548,0
1959.648,1
1959.749,2
1959.849,3
1959.95,6
1960.05,5
1960.151,4
1960.251,5
1960.352,4
1960.452,4
1960.553,4
1960.653,2
1960.754,0
1960.854,0
1960.954,3
1961.055,4
1961.155,5
1961.256,7
1961.356,7
1961.457,7
1961.557,7
1961.658,6
1961.758,4
1961.859,5
1961.959,6
1962.06,4
1962.16,7
1962.261,9
1962.361,9
1962.462,10
1962.562,7
1962.663,9
1962.763,11
1962.864,15
1962.965,12
1963.065,9
1963.166,7
1963.266,5
1963.367,5
1963.467,7
1963.568,7
1963.668,6
1963.769,5
1963.869,3
1963.97,5
1964.07,5
1964.171,5
1964.272,3
1964.372,2
1964.473,2
1964.573,2
1964.674,2
1964.774,2
1964.875,3
1964.976,4
1965.076,7
1965.177,6
1965.277,6
1965.378,6
1965.479,6
1965.579,5
1965.68,4
1965.78,4
1965.881,4
1965.982,5
1966.082,6
1966.183,6
1966.283,5
1966.384,5
1966.485,2
1966.585,6
1966.686,12
1966.787,16
1966.887,19
1966.988,24
1967.088,22
1967.189,20
1967.29,20
1967.39,17
1967.491,14
1967.592,13
1967.692,12
1967.793,10
1967.894,8
1967.994,8
1968.095,5
1968.196,2
1968.296,2
1968.397,2
1968.498,2
1968.598,5
1968.699,7
1968.8,6
1968.9,7
1969.001,4
1969.102,6
1969.202,7
1969.303,9
1969.404,8
1969.504,4
1969.605,5
1969.706,4
1969.807,6
1969.907,7
1970.008,5
1970.109,3
1970.209,2
1970.31,2
1970.411,3
1970.512,4
1970.612,4
1970.713,5
1970.814,8
1970.915,9
1971.015,10
1971.116,8
1971.217,6
1971.317,5
1971.418,4
1971.519,1
1971.62,2
1971.721,4
1971.821,7
1971.922,12
1972.023,11
1972.124,10
1972.224,12
1972.325,9
1972.426,8
1972.527,7
1972.627,2
1972.728,1
1972.829,1
1972.93,1
1973.031,1
1973.131,0
1973.232,0
1973.333,3
1973.434,6
1973.535,8
1973.635,10
1973.736,12
1973.837,11
1973.938,12
1974.039,13
1974.139,11
1974.24,14
1974.341,12
1974.442,10
1974.543,8
1974.644,3
1974.744,3
1974.845,3
1974.946,3
1975.047,1
1975.148,2
1975.249,2
1975.35,2
1975.45,1
1975.551,3
1975.652,4
1975.753,4
1975.854,5
1975.955,3
1976.056,2
1976.156,2
1976.257,4
1976.358,3
1976.459,6
1976.56,6
1976.661,11
1976.762,14
1976.863,17
1976.963,22
1977.064,21
1977.165,25
1977.266,26
1977.367,26
1977.468,22
1977.569,15
1977.67,13
1977.771,8
1977.872,5
1977.973,4
1978.074,2
1978.174,1
1978.275,3
1978.376,3
1978.477,3
1978.578,3
1978.679,2
1978.78,5
1978.881,8
1978.982,11
1979.083,16
1979.184,15
1979.285,13
1979.386,13
1979.487,10
1979.588,11
1979.689,13
1979.79,15
1979.891,16
1979.992,16
1980.093,16
1980.193,13
1980.294,12
1980.395,11
1980.496,10
1980.597,6
1980.698,2
1980.799,2
1980.9,5
1981.001,6
1981.102,6
1981.203,7
1981.304,5
1981.405,4
1981.506,3
1981.607,3
1981.708,3
1981.81,5
1981.911,6
1982.012,7
1982.113,7
1982.214,4
1982.315,3
1982.416,2
1982.517,2
1982.618,0
1982.719,0
1982.82,3
1982.921,3
1983.022,3
1983.123,3
1983.224,3
1983.325,3
1983.426,3
1983.527,3
1983.628,0
1983.729,3
1983.83,3
1983.932,3
1984.033,5
1984.134,4
1984.235,4
1984.336,7
1984.437,9
1984.538,6
1984.639,5
1984.74,7
1984.841,6
1984.942,6
1985.044,6
1985.145,9
1985.246,10
1985.347,10
1985.448,10
1985.549,7
1985.65,6
1985.751,6
1985.852,6
1985.954,6
1986.055,6
1986.156,6
1986.257,7
1986.358,4
1986.459,4
1986.56,4
1986.662,3
1986.763,2
1986.864,4
1986.965,6
1987.066,9
1987.167,8
1987.269,7
1987.37,6
1987.471,2
1987.572,2
1987.673,2
1987.774,2
1987.876,0
1987.977,0
1988.078,1
1988.179,3
1988.28,3
1988.381,5
1988.483,4
1988.584,2
1988.685,2
1988.786,1
1988.887,1
1988.989,1
1989.09,1
1989.191,0
1989.292,0
1989.394,0
1989.495,0
1989.596,0
1989.697,0
1989.798,0
1989.9,0
1990.001,1
1990.102,3
1990.203,4
1990.305,6
1990.406,5
1990.507,3
1990.608,2
1990.71,4
1990.811,5
1990.912,6
1991.013,7
1991.115,6
1991.216,5
1991.317,4
1991.418,3
1991.52,1
1991.621,3
1991.722,4
1991.824,4
1991.925,3
1992.026,4
1992.127,4
1992.229,4
1992.33,4
1992.431,1
1992.533,0
1992.634,0
1992.735,0
1992.837,0
1992.938,0
1993.039,0
1993.14,0
1993.242,0
1993.343,0
1993.444,0
1993.546,0
1993.647,1
1993.748,2
1993.85,3
1993.951,4
1994.052,7
1994.154,8
1994.255,9
1994.356,11
1994.458,14
1994.559,15
1994.661,15
1994.762,12
1994.863,7
1994.965,4
1995.066,2
1995.167,5
1995.269,6
1995.37,6
1995.471,6
1995.573,3
1995.674,1
1995.776,2
1995.877,3
1995.978,6
1996.08,5
1996.181,4
1996.283,3
1996.384,1
1996.485,2
1996.587,2
1996.688,2
1996.79,1
1996.891,4
1996.992,6
1997.094,7
1997.195,8
1997.297,7
1997.398,9
1997.5,8
1997.601,7
1997.702,6
1997.804,5
1997.905,5
1998.007,5
1998.108,6
1998.21,7
1998.311,6
1998.413,5
1998.514,1
1998.615,1
1998.717,2
1998.818,3
1998.92,5
1999.021,4
1999.123,3
1999.224,3
1999.326,2
1999.427,5
1999.529,8
1999.63,12
1999.732,15
1999.833,18
1999.935,21
2000.036,17
2000.138,14
2000.239,10
2000.341,7
2000.442,5
2000.544,7
2000.645,8
2000.747,6
2000.848,4
2000.95,3
2001.051,3
2001.153,3
2001.254,4
2001.356,3
2001.457,1
2001.559,1
2001.66,0
2001.762,0
2001.863,0
2001.965,0
2002.067,1
2002.168,2
2002.27,4
2002.371,6
2002.473,9
2002.574,9
2002.676,8
2002.777,6
2002.879,3
2002.981,2
2003.082,1
2003.184,1
2003.285,2
2003.387,3
2003.489,3
2003.59,3
2003.692,1
2003.793,0
2003.895,1
2003.996,2
2004.098,2
2004.2,2
2004.301,1
2004.403,0
2004.504,0
2004.606,0
2004.708,0
2004.809,0
2004.911,0
2005.013,0
2005.114,0
2005.216,0
2005.317,1
2005.419,3
2005.521,4
2005.622,6
2005.724,9
2005.826,10
2005.927,11
2006.029,9
2006.131,5
2006.232,2
2006.334,1
2006.436,1
2006.537,1
2006.639,1
2006.741,2
2006.842,2
2006.944,2
2007.046,3
2007.147,2
2007.249,4
2007.351,6
2007.452,7
2007.554,8
2007.656,10
2007.757,7
2007.859,7
2007.961,5
2008.063,9
2008.164,7
2008.266,6
2008.368,8
2008.469,4
2008.571,4
2008.673,4
2008.775,4
2008.876,5
2008.978,9
2009.08,9
2009.181,11
2009.283,11
2009.385,9
2009.487,9
2009.588,7
2009.69,7
2009.792,7
2009.894,7
2009.995,6
2010.097,5
2010.199,2
2010.301,3
2010.402,5
2010.504,6
2010.606,6
2010.708,8
2010.81,7
2010.911,9
2011.013,11
2011.115,11
2011.217,15
2011.318,14
2011.42,14
2011.522,13
2011.624,14
2011.726,14
2011.827,14
2011.929,14
2012.031,12
2012.133,12
2012.235,12
2012.336,11
2012.438,10
2012.54,9
2012.642,6
2012.744,6
2012.846,3
2012.947,3
2013.049,2
2013.151,3
2013.253,3
2013.355,3
2013.457,3
2013.558,2
2013.66,3
2013.762,4
2013.864,4
2013.966,5
2014.068,8
2014.17,8
2014.271,11
2014.373,15
2014.475,16
2014.577,12
2014.679,9
2014.781,6
2014.883,3
2014.985,4
2015.086,5
2015.188,6
2015.29,5
2015.392,4
2015.494,3
2015.596,0
2015.698,0
2015.8,0
2015.902,0
2016.004,0
2016.105,0
2016.207,3
2016.309,4
2016.411,5
2016.513,8
2016.615,12
2016.717,13
2016.819,14
2016.921,16
2017.023,15
2017.125,16
2017.227,18
2017.329,15
2017.431,13
2017.532,13
2017.634,14
2017.736,13
2017.838,10
2017.94,8
2018.042,4
2018.144,1
2018.246,1
2018.348,1
2018.45,1
2018.552,3
2018.654,4
2018.756,5
2018.858,7
2018.96,9
2019.062,7
2019.164,5
2019.266,2
2019.368,0
2019.47,0
2019.572,0
2019.674,0
2019.776,1
2019.878,1
2019.98,1
2020.082,4
2020.184,3
2020.286,3
2020.388,3
2020.49,0
2020.592,0
2020.694,0
2020.796,0
2020.898,3
2021,3
2021.102,3
2021.204,3
2021.306,5
2021.408,5
2021.51,6
2021.613,6
2021.715,6
2021.817,5
2021.919,3
2022.021,4
2022.123,4
2022.225,6
2022.327,8
2022.429,9
2022.531,8
2022.633,8
2022.735,10
2022.837,10
2022.939,14
2023.042,13
2023.144,10
2023.246,7
2023.348,3
2023.45,4
2023.552,3
2023.654,3
2023.756,3
2023.858,3
2023.961,3
2024.063,3
2024.165,2
2024.267,0
2024.369,0
2024.471,0
2024.573,0
2024.675,2
2024.778,2
2024.88,2
2024.982,2
2025.084,0
2025.186,0
2025.288,0
2025.39,0
2025.493,0
2025.595,1
2025.697,1
2025.799,2
2025.901,4
2026.003,7
2026.106,11
2026.208,12
2026.31,11
2026.412,10
2026.514,10
2026.616,11
2026.719,10
2026.821,7
2026.923,3
2027.025,2
2027.127,4
2027.23,7
2027.332,11
2027.434,14
2027.536,14
2027.638,11
2027.741,9
2027.843,5
2027.945,3
2028.047,6
2028.149,9
2028.252,7
2028.354,6
2028.456,2
2028.558,1
2028.661,2
2028.763,4
2028.865,7
2028.967,9
2029.07,12
2029.172,13
2029.274,13
2029.376,13
2029.479,10
2029.581,8
2029.683,7
2029.785,7
2029.888,6
2029.99,4
2030.092,6
2030.194,5
2030.297,3
2030.399,3
2030.501,1
2030.604,1
2030.706,1
2030.808,1
2030.91,2
2031.013,2
2031.115,2
2031.217,4
2031.32,3
2031.422,3
2031.524,3
2031.627,5
2031.729,5
2031.831,5
2031.934,5
2032.036,4
2032.138,6
2032.241,5
2032.343,4
2032.445,3
2032.548,2
2032.65,2
2032.752,3
2032.855,5
2032.957,3
2033.059,3
2033.162,6
2033.264,4
2033.366,4
2033.469,4
2033.571,2
2033.673,6
2033.776,9
2033.878,12
2033.981,15
2034.083,12
2034.185,11
2034.288,9
2034.39,7
2034.492,6
2034.595,6
2034.697,5
2034.8,2
2034.902,4
2035.004,4
2035.107,6
2035.209,8
2035.312,11
2035.414,10
2035.516,9
2035.619,8
2035.721,5
2035.824,5
2035.926,5
2036.029,5
2036.131,6
2036.233,6
2036.336,7
2036.438,10
2036.541,8
2036.643,7
2036.746,6
2036.848,4
2036.95,4
2037.053,6
2037.155,5
2037.258,3
2037.36,2
2037.463,1
2037.565,1
2037.668,2
2037.77,2
2037.873,1
2037.975,1
2038.078,0
2038.18,0
2038.283,0
2038.385,0
2038.488,1
2038.59,2
2038.693,3
2038.795,4
2038.898,4
2039,4
2039.103,4
2039.205,4
2039.308,3
2039.41,2
2039.513,1
2039.615,0
2039.718,0
2039.82,0
2039.923,0
2040.025,0
2040.128,0
2040.23,2
2040.333,2
2040.435,2
2040.538,2
2040.64,2
2040.743,2
2040.846,4
2040.948,4
2041.051,2
2041.153,2
2041.256,1
2041.358,4
2041.461,4
2041.563,4
2041.666,3
2041.769,0
2041.871,1
2041.974,5
2042.076,6
2042.179,10
2042.281,9
2042.384,5
2042.487,4
2042.589,2
2042.692,3
2042.794,4
2042.897,5
2043,8
2043.102,6
2043.205,4
2043.308,2
2043.41,1
2043.513,2
2043.615,2
2043.718,4
2043.821,3
2043.923,6
2044.026,8
2044.129,10
2044.231,14
2044.334,10
2044.436,8
2044.539,4
2044.642,4
2044.744,4
2044.847,4
2044.95,4
2045.052,2
2045.155,2
2045.258,3
2045.36,3
2045.463,3
2045.566,3
2045.668,3
2045.771,3
2045.874,1
2045.976,4
2046.079,7
2046.182,11
2046.284,15
2046.387,15
2046.49,14
2046.593,15
2046.695,10
2046.798,8
2046.901,6
2047.003,2
2047.106,1
2047.209,2
2047.311,4
2047.414,5
2047.517,9
2047.62,10
2047.722,12
2047.825,15
2047.928,15
2048.031,13
2048.133,11
2048.236,7
2048.339,3
2048.442,3
2048.544,2
2048.647,3
2048.75,3
2048.853,5
2048.955,5
2049.058,5
2049.161,5
2049.264,8
2049.366,7
2049.469,6
2049.572,6
2049.675,2
2049.777,2
2049.88,2
2049.983,5
2050.086,5
2050.189,8
2050.291,9
2050.394,6
2050.497,5
2050.6,2
2050.703,1
2050.805,0
2050.908,0
2051.011,2
2051.114,2
2051.217,5
2051.319,5
2051.422,5
2051.525,5
2051.628,3
2051.731,3
2051.834,1
2051.936,1
2052.039,2
2052.142,2
2052.245,2
2052.348,2
2052.451,1
2052.553,1
2052.656,1
2052.759,1
2052.862,1
2052.965,1
2053.068,1
2053.171,1
2053.274,4
2053.376,5
2053.479,6
2053.582,9
2053.685,10
2053.788,10
2053.891,11
2053.994,9
2054.097,5
2054.199,5
2054.302,5
2054.405,2
2054.508,2
2054.611,5
2054.714,6
2054.817,7
2054.92,9
2055.023,14
2055.126,14
2055.229,14
2055.331,15
2055.434,16
2055.537,15
2055.64,17
2055.743,18
2055.846,16
2055.949,16
2056.052,11
2056.155,7
2056.258,3
2056.361,1
2056.464,2
2056.567,3
2056.67,5
2056.773,9
2056.876,10
2056.979,11
2057.082,12
2057.184,12
2057.287,11
2057.39,12
2057.493,12
2057.596,10
2057.699,10
2057.802,9
2057.905,9
2058.008,7
2058.111,6
2058.214,8
2058.317,5
2058.42,5
2058.523,5
2058.626,5
2058.729,5
2058.832,5
2058.935,5
2059.038,5
2059.141,6
2059.244,6
2059.347,6
2059.45,8
2059.554,6
2059.657,5
2059.76,4
2059.863,5
2059.966,6
2060.069,7
2060.172,8
2060.275,13
2060.378,13
2060.481,13
2060.584,13
2060.687,12
2060.79,11
2060.893,11
2060.996,13
2061.099,10
2061.202,11
2061.305,11
2061.408,8
2061.512,6
2061.615,4
2061.718,4
2061.821,4
2061.924,4
2062.027,3
2062.13,2
2062.233,2
2062.336,2
2062.439,0
2062.543,0
2062.646,0
2062.749,1
2062.852,2
2062.955,2
2063.058,2
2063.161,1
2063.264,2
2063.367,2
2063.471,2
2063.574,3
2063.677,4
2063.78,5
2063.883,6
2063.986,7
2064.089,6
2064.193,5
2064.296,4
2064.399,3
2064.502,2
2064.605,2
2064.708,2
2064.812,1
2064.915,0
2065.018,1
2065.121,2
2065.224,5
2065.327,5
2065.431,4
2065.534,5
2065.637,3
2065.74,3
2065.843,3
2065.947,4
2066.05,5
2066.153,6
2066.256,7
2066.359,10
2066.463,11
2066.566,9
2066.669,7
2066.772,4
2066.875,2
2066.979,2
2067.082,4
2067.185,4
2067.288,2
2067.392,2
2067.495,0
2067.598,1
2067.701,1
2067.804,1
2067.908,1
2068.011,0
2068.114,2
2068.217,2
2068.321,3
2068.424,3
2068.527,3
2068.63,5
2068.734,7
2068.837,10
2068.94,12
2069.044,14
2069.147,12
2069.25,17
2069.353,19
2069.457,13
2069.56,10
2069.663,7
2069.767,9
2069.87,10
2069.973,11
2070.076,9
2070.18,13
2070.283,13
2070.386,13
2070.49,13
2070.593,10
2070.696,9
2070.8,9
2070.903,8
2071.006,6
2071.11,5
2071.213,4
2071.316,3
2071.42,1
2071.523,1
2071.626,0
2071.73,3
2071.833,3
2071.936,3
2072.04,3
2072.143,0
2072.246,0
2072.35,3
2072.453,3
2072.556,3
2072.66,5
2072.763,8
2072.866,8
2072.97,8
2073.073,7
2073.177,7
2073.28,9
2073.383,9
2073.487,8
2073.59,4
2073.694,2
2073.797,2
2073.9,2
2074.004,3
2074.107,4
2074.211,4
2074.314,4
2074.417,5
2074.521,6
2074.624,8
2074.728,13
2074.831,11
2074.934,12
2075.038,14
2075.141,12
2075.245,11
2075.348,10
2075.452,8
2075.555,7
2075.658,5
2075.762,4
2075.865,3
2075.969,3
2076.072,1
2076.176,2
2076.279,2
2076.383,1
2076.486,1
2076.59,0
2076.693,0
2076.797,2
2076.9,5
2077.003,5
2077.107,5
2077.21,5
2077.314,5
2077.417,5
2077.521,5
2077.624,3
2077.728,1
2077.831,2
2077.935,2
2078.038,2
2078.142,2
2078.245,3
2078.349,3
2078.452,6
2078.556,6
2078.659,6
2078.763,8
2078.866,11
2078.97,13
2079.074,17
2079.177,18
2079.281,15
2079.384,12
2079.488,6
2079.591,4
2079.695,2
2079.798,2
2079.902,3
2080.005,3
2080.109,3
2080.213,4
2080.316,4
2080.42,4
2080.523,4
2080.627,2
2080.73,2
2080.834,2
2080.938,2
2081.041,0
2081.145,0
2081.248,0
2081.352,0
2081.455,0
2081.559,0
2081.663,0
2081.766,0
2081.87,0
2081.973,0
2082.077,0
2082.181,0
2082.284,0
2082.388,1
2082.491,2
2082.595,2
2082.699,4
2082.802,3
2082.906,3
2083.01,6
2083.113,6
2083.217,6
2083.321,5
2083.424,5
2083.528,6
2083.631,6
2083.735,6
2083.839,3
2083.942,1
2084.046,1
2084.15,1
2084.253,1
2084.357,3
2084.461,5
2084.564,7
2084.668,7
2084.772,4
2084.875,2
2084.979,6
2085.083,6
2085.186,6
2085.29,6
2085.394,2
2085.497,2
2085.601,2
2085.705,2
2085.809,0
2085.912,3
2086.016,3
2086.12,3
2086.223,3
2086.327,0
2086.431,1
2086.535,3
2086.638,5
2086.742,10
2086.846,11
2086.949,11
2087.053,11
2087.157,10
2087.261,7
2087.364,7
2087.468,7
2087.572,6
2087.676,7
2087.779,9
2087.883,11
2087.987,17
2088.091,15
2088.194,13
2088.298,11
2088.402,10
2088.506,10
2088.609,10
2088.713,10
2088.817,8
2088.921,8
2089.025,7
2089.128,6
2089.232,5
2089.336,5
2089.44,7
2089.544,8
2089.647,8
2089.751,11
2089.855,10
2089.959,10
2090.063,9
2090.166,9
2090.27,10
2090.374,11
2090.478,15
2090.582,13
2090.685,13
2090.789,14
2090.893,10
2090.997,8
2091.101,6
2091.205,4
2091.308,1
2091.412,2
2091.516,2
2091.62,1
2091.724,1
2091.828,1
2091.932,2
2092.035,3
2092.139,4
2092.243,6
2092.347,5
2092.451,4
2092.555,3
2092.659,0
2092.763,0
2092.866,1
2092.97,2
2093.074,3
2093.178,5
2093.282,6
2093.386,7
2093.49,9
2093.594,8
2093.698,10
2093.801,10
2093.905,8
2094.009,4
2094.113,1
2094.217,0
2094.321,1
2094.425,1
2094.529,1
2094.633,1
2094.737,2
2094.841,2
2094.945,2
2095.048,3
2095.152,3
2095.256,7
2095.36,9
2095.464,9
2095.568,7
2095.672,3
2095.776,2
2095.88,1
2095.984,1
2096.088,1
2096.192,0
2096.296,0
2096.4,0
2096.504,0
2096.608,0
2096.712,0
2096.816,0
2096.92,0
2097.024,0
2097.128,0
2097.232,0
2097.336,0
2097.44,1
2097.544,2
2097.648,3
2097.752,5
2097.856,6
2097.96,7
2098.064,10
2098.168,13
2098.272,15
2098.376,19
2098.48,20
2098.584,14
2098.688,13
2098.792,13
2098.896,11
2099,10
2099.104,9
2099.208,8
2099.312,9
2099.416,8
2099.52,8
2099.624,5
2099.728,2
2099.832,3
2099.936,2
2100.04,2
2100.145,5
2100.249,5
2100.353,5
2100.457,4
2100.561,5
2100.665,3
2100.769,2
2100.873,1
2100.977,0
2101.081,0
2101.185,0
2101.289,0
2101.394,0
2101.498,0
2101.602,0
2101.706,0
2101.81,1
2101.914,2
2102.018,3
2102.122,6
2102.226,5
2102.331,6
2102.435,5
2102.539,3
2102.643,3
2102.747,1
2102.851,1
2102.955,0
2103.059,0
2103.164,0
2103.268,0
2103.372,0
2103.476,0
2103.58,0
2103.684,1
2103.788,3
2103.893,3
2103.997,4
2104.101,7
2104.205,5
2104.309,4
2104.413,2
2104.518,1
2104.622,0
2104.726,2
2104.83,5
2104.934,7
2105.039,11
2105.143,10
2105.247,9
2105.351,10
2105.455,7
2105.56,7
2105.664,7
2105.768,8
2105.872,8
2105.976,11
2106.081,11
2106.185,14
2106.289,15
2106.393,13
2106.498,15
2106.602,15
2106.706,15
2106.81,12
2106.914,11
2107.019,9
2107.123,8
2107.227,10
2107.331,11
2107.436,12
2107.54,11
2107.644,9
2107.748,12
2107.853,13
2107.957,18
2108.061,15
2108.165,12
2108.27,12
2108.374,9
2108.478,8
2108.583,9
2108.687,5
2108.791,4
2108.895,5
2109,3
2109.104,3
2109.208,3
2109.313,2
2109.417,2
2109.521,2
2109.626,6
2109.73,5
2109.834,5
2109.938,5
2110.043,4
2110.147,6
2110.251,5
2110.356,5
2110.46,4
2110.564,2
2110.669,2
2110.773,1
2110.877,1
2110.982,1
2111.086,2
2111.19,2
2111.295,1
2111.399,1
2111.503,0
2111.608,1
2111.712,2
2111.817,3
2111.921,4
2112.025,7
2112.13,6
2112.234,5
2112.338,4
2112.443,1
2112.547,2
2112.652,3
2112.756,3
2112.86,3
2112.965,2
2113.069,1
2113.173,2
2113.278,1
2113.382,1
2113.487,2
2113.591,1
2113.695,1
2113.8,2
2113.904,3
2114.009,3
2114.113,4
2114.218,4
2114.322,6
2114.426,10
2114.531,14
2114.635,18
2114.74,16
2114.844,14
2114.949,11
2115.053,7
2115.157,8
2115.262,9
2115.366,9
2115.471,8
2115.575,9
2115.68,9
2115.784,13
2115.889,14
2115.993,12
2116.098,12
2116.202,13
2116.307,9
2116.411,8
2116.515,6
2116.62,3
2116.724,3
2116.829,3
2116.933,3
2117.038,2
2117.142,3
2117.247,6
2117.351,7
2117.456,5
2117.56,4
2117.665,4
2117.769,3
2117.874,3
2117.978,3
2118.083,1
2118.188,1
2118.292,1
2118.397,1
2118.501,1
2118.606,1
2118.71,1
2118.815,2
2118.919,1
2119.024,2
2119.128,3
2119.233,3
2119.337,5
2119.442,6
2119.547,5
2119.651,4
2119.756,2
2119.86,1
2119.965,1
2120.069,1
2120.174,1
2120.279,0
2120.383,0
2120.488,0
2120.592,3
2120.697,3
2120.801,3
2120.906,3
2121.011,4
2121.115,3
2121.22,2
2121.324,1
2121.429,0
2121.534,0
2121.638,1
2121.743,2
2121.847,3
2121.952,4
2122.057,5
2122.161,4
2122.266,4
2122.371,3
2122.475,1
2122.58,3
2122.684,2
2122.789,2
2122.894,2
2122.998,0
2123.103,0
2123.208,0
2123.312,3
2123.417,3
2123.522,3
2123.626,3
2123.731,4
2123.836,3
2123.94,2
2124.045,1
2124.15,0
2124.254,0
2124.359,0
2124.464,0
2124.568,0
2124.673,1
2124.778,1
2124.882,1
2124.987,1
2125.092,1
2125.196,2
2125.301,2
2125.406,2
2125.511,1
2125.615,0
2125.72,0
2125.825,0
2125.929,0
2126.034,0
2126.139,0
2126.244,0
2126.348,0
2126.453,0
2126.558,0
2126.663,0
2126.767,0
2126.872,1
2126.977,2
2127.082,3
2127.186,5
2127.291,5
2127.396,5
2127.501,5
2127.605,7
2127.71,6
2127.815,5
2127.92,7
2128.024,4
2128.129,7
2128.234,7
2128.339,6
2128.443,5
2128.548,5
2128.653,5
2128.758,6
2128.863,9
2128.967,6
2129.072,7
2129.177,7
2129.282,7
2129.387,7
2129.491,6
2129.596,4
2129.701,2
2129.806,2
2129.911,3
2130.015,4
2130.12,6
2130.225,7
2130.33,7
2130.435,8
2130.54,6
2130.644,5
2130.749,6
2130.854,5
2130.959,6
2131.064,4
2131.169,4
2131.274,4
2131.378,4
2131.483,1
2131.588,2
2131.693,3
2131.798,4
2131.903,5
2132.008,5
2132.112,5
2132.217,6
2132.322,5
2132.427,5
2132.532,5
2132.637,5
2132.742,4
2132.847,3
2132.952,2
2133.056,0
2133.161,0
2133.266,0
2133.371,0
2133.476,0
2133.581,0
2133.686,0
2133.791,1
2133.896,1
2134.001,1
2134.106,1
2134.21,1
2134.315,2
2134.42,2
2134.525,3
2134.63,3
2134.735,3
2134.84,7
2134.945,6
2135.05,7
2135.155,7
2135.26,6
2135.365,8
2135.47,9
2135.575,10
2135.68,7
2135.785,5
2135.89,2
2135.995,0
2136.1,3
2136.205,7
2136.31,7
2136.415,7
2136.52,7
2136.624,4
2136.729,5
2136.834,5
2136.939,3
2137.044,3
2137.149,3
2137.254,7
2137.359,7
2137.464,7
2137.569,8
2137.675,10
2137.78,9
2137.885,7
2137.99,7
2138.095,5
2138.2,4
2138.305,4
2138.41,1
2138.515,1
2138.62,1
2138.725,2
2138.83,3
2138.935,3
2139.04,5
2139.145,8
2139.25,11
2139.355,14
2139.46,18
2139.565,17
2139.67,16
2139.775,15
2139.88,12
2139.985,12
2140.091,12
2140.196,12
2140.301,11
2140.406,9
2140.511,7
2140.616,6
2140.721,3
2140.826,4
2140.931,4
2141.036,5
2141.141,4
2141.247,3
2141.352,3
2141.457,1
2141.562,3
2141.667,4
2141.772,4
2141.877,4
2141.982,9
2142.087,8
2142.193,8
2142.298,9
2142.403,6
2142.508,6
2142.613,6
2142.718,8
2142.823,6
2142.929,10
2143.034,12
2143.139,9
2143.244,10
2143.349,6
2143.454,5
2143.559,7
2143.665,4
2143.77,4
2143.875,3
2143.98,1
2144.085,0
2144.19,0
2144.296,0
2144.401,0
2144.506,1
2144.611,1
2144.716,1
2144.822,2
2144.927,1
2145.032,1
2145.137,1
2145.242,0
2145.348,0
2145.453,0
2145.558,0
2145.663,0
2145.768,2
2145.874,4
2145.979,6
2146.084,13
2146.189,15
2146.295,13
2146.4,11
2146.505,4
2146.61,3
2146.716,3
2146.821,3
2146.926,3
2147.031,0
2147.137,0
2147.242,0
2147.347,0
2147.452,0
2147.558,1
2147.663,1
2147.768,2
2147.873,5
2147.979,4
2148.084,4
2148.189,3
2148.294,4
2148.4,4
2148.505,4
2148.61,4
2148.716,2
2148.821,2
2148.926,2
2149.031,4
2149.137,5
2149.242,5
2149.347,7
2149.453,7
2149.558,7
2149.663,8
2149.769,9
2149.874,7
2149.979,5
2150.085,4
2150.19,2
2150.295,4
2150.401,6
2150.506,6
2150.611,5
2150.717,4
2150.822,1
2150.927,1
2151.033,1
2151.138,3
2151.243,5
2151.349,6
2151.454,9
2151.559,12
2151.665,11
2151.77,10
2151.876,10
2151.981,8
2152.086,7
2152.192,7
2152.297,9
2152.402,7
2152.508,6
2152.613,5
2152.719,3
2152.824,1
2152.929,3
2153.035,4
2153.14,5
2153.246,5
2153.351,6
2153.456,5
2153.562,4
2153.667,3
2153.773,1
2153.878,3
2153.983,4
2154.089,6
2154.194,5
2154.3,3
2154.405,2
2154.511,1
2154.616,1
2154.722,1
2154.827,1
2154.932,0
2155.038,0
2155.143,0
2155.249,2
2155.354,2
2155.46,3
2155.565,4
2155.671,3
2155.776,4
2155.882,4
2155.987,4
2156.093,4
2156.198,1
2156.303,1
2156.409,1
2156.514,1
2156.62,0
2156.725,0
2156.831,2
2156.936,2
2157.042,2
2157.147,2
2157.253,1
2157.358,2
2157.464,2
2157.569,2
2157.675,2
2157.78,5
2157.886,7
2157.992,9
2158.097,9
2158.203,7
2158.308,9
2158.414,6
2158.519,8
2158.625,8
2158.73,5
2158.836,3
2158.941,2
2159.047,1
2159.152,1
2159.258,1
2159.364,0
2159.469,0
2159.575,0
2159.68,3
2159.786,3
2159.891,3
2159.997,3
2160.103,1
2160.208,2
2160.314,2
2160.419,2
2160.525,1
2160.63,0
2160.736,0
2160.842,1
2160.947,1
2161.053,1
2161.158,1
2161.264,0
2161.37,0
2161.475,0
2161.581,0
2161.687,1
2161.792,1
2161.898,2
2162.003,2
2162.109,2
2162.215,2
2162.32,1
2162.426,1
2162.532,1
2162.637,1
2162.743,1
2162.848,1
2162.954,0
2163.06,0
2163.165,0
2163.271,0
2163.377,2
2163.482,3
2163.588,4
2163.694,5
2163.799,4
2163.905,6
2164.011,6
2164.116,6
2164.222,6
2164.328,3
2164.433,3
2164.539,3
2164.645,6
2164.751,3
2164.856,3
2164.962,3
2165.068,2
2165.173,2
2165.279,4
2165.385,6
2165.49,6
2165.596,8
2165.702,8
2165.808,8
2165.913,8
2166.019,8
2166.125,7
2166.23,6
2166.336,5
2166.442,2
2166.548,6
2166.653,6
2166.759,7
2166.865,7
2166.971,3
2167.076,3
2167.182,3
2167.288,1
2167.394,2
2167.499,2
2167.605,3
2167.711,3
2167.817,2
2167.923,2
2168.028,2
2168.134,4
2168.24,5
2168.346,5
2168.451,3
2168.557,1
2168.663,0
2168.769,0
2168.875,0
2168.98,0
2169.086,1
2169.192,2
2169.298,6
2169.404,10
2169.509,11
2169.615,13
2169.721,14
2169.827,10
2169.933,9
2170.039,8
2170.144,7
2170.25,8
2170.356,11
2170.462,12
2170.568,14
2170.674,10
2170.779,8
2170.885,6
2170.991,5
2171.097,5
2171.203,4
2171.309,4
2171.414,3
2171.52,5
2171.626,5
2171.732,5
2171.838,2
2171.944,5
2172.05,4
2172.156,3
2172.261,2
2172.367,1
2172.473,1
2172.579,1
2172.685,1
2172.791,3
2172.897,5
2173.003,6
2173.109,8
2173.214,10
2173.32,9
2173.426,11
2173.532,11
2173.638,8
2173.744,7
2173.85,4
2173.956,2
2174.062,0
2174.168,0
2174.274,0
2174.38,0
2174.486,2
2174.591,3
2174.697,3
2174.803,3
2174.909,4
2175.015,3
2175.121,3
2175.227,3
2175.333,3
2175.439,3
2175.545,3
2175.651,3
2175.757,1
2175.863,3
2175.969,6
2176.075,9
2176.181,15
2176.287,14
2176.393,12
2176.499,10
2176.605,6
2176.711,6
2176.817,6
2176.923,6
2177.029,4
2177.135,2
2177.241,2
2177.347,2
2177.453,2
2177.559,1
2177.665,1
2177.771,1
2177.877,1
2177.983,1
2178.089,2
2178.195,3
2178.301,4
2178.407,4
2178.513,4
2178.619,4
2178.725,2
2178.831,2
2178.937,2
2179.043,2
2179.149,1
2179.255,1
2179.361,1
2179.467,1
2179.574,2
2179.68,4
2179.786,6
2179.892,7
2179.998,7
2180.104,6
2180.21,7
2180.316,7
2180.422,9
2180.528,10
2180.634,9
2180.74,8
2180.847,4
2180.953,3
2181.059,2
2181.165,2
2181.271,2
2181.377,1
2181.483,0
2181.589,1
2181.695,1
2181.801,3
2181.908,3
2182.014,2
2182.12,2
2182.226,4
2182.332,3
2182.438,3
2182.544,2
2182.651,1
2182.757,1
2182.863,1
2182.969,1
2183.075,1
2183.181,1
2183.287,0
2183.394,0
2183.5,1
2183.606,2
2183.712,5
2183.818,7
2183.924,6
2184.031,5
2184.137,2
2184.243,1
2184.349,1
2184.455,1
2184.561,2
2184.668,1
2184.774,1
2184.88,1
2184.986,0
2185.092,0
2185.199,0
2185.305,0
2185.411,1
2185.517,2
2185.623,3
2185.73,5
2185.836,7
2185.942,9
2186.048,9
2186.155,8
2186.261,5
2186.367,3
2186.473,2
2186.58,1
2186.686,1
2186.792,0
2186.898,0
2187.005,0
2187.111,3
2187.217,6
2187.323,6
2187.43,6
2187.536,3
2187.642,3
2187.748,3
2187.855,3
2187.961,4
2188.067,2
2188.173,3
2188.28,4
2188.386,5
2188.492,5
2188.599,5
2188.705,5
2188.811,7
2188.917,6
2189.024,6
2189.13,5
2189.236,4
2189.343,4
2189.449,3
2189.555,3
2189.662,0
2189.768,0
2189.874,0
2189.981,0
2190.087,0
2190.193,0
2190.299,1
2190.406,1
2190.512,1
2190.618,2
2190.725,2
2190.831,2
2190.938,2
2191.044,1
2191.15,1
2191.257,1
2191.363,3
2191.469,5
2191.576,6
2191.682,8
2191.788,12
2191.895,14
2192.001,13
2192.108,11
2192.214,9
2192.32,8
2192.427,8
2192.533,5
2192.639,2
2192.746,4
2192.852,4
2192.959,4
2193.065,5
2193.171,3
2193.278,4
2193.384,7
2193.491,10
2193.597,10
2193.703,11
2193.81,12
2193.916,10
2194.023,9
2194.129,8
2194.236,2
2194.342,1
2194.448,2
2194.555,2
2194.661,1
2194.768,1
2194.874,1
2194.981,1
2195.087,1
2195.194,1
2195.3,1
2195.406,3
2195.513,5
2195.619,5
2195.726,4
2195.832,4
2195.939,2
2196.045,2
2196.152,4
2196.258,2
2196.365,2
2196.471,2
2196.578,0
2196.684,0
2196.791,0
2196.897,0
2197.004,0
2197.11,1
2197.217,1
2197.323,1
2197.43,1
2197.536,0
2197.643,0
2197.749,1
2197.856,2
2197.962,2
2198.069,2
2198.175,1
2198.282,0
2198.388,0
2198.495,0
2198.601,0
2198.708,0
2198.814,1
2198.921,1
2199.028,1
2199.134,1
2199.241,1
2199.347,2
2199.454,2
2199.56,3
2199.667,3
2199.773,4
2199.88,5
2199.987,5
2200.093,5
2200.2,4
2200.306,1
2200.413,1
2200.519,1
2200.626,1
2200.733,0
2200.839,0
2200.946,0
2201.052,0
2201.159,0
2201.266,0
2201.372,0
2201.479,1
2201.585,1
2201.692,1
2201.799,1
2201.905,0
2202.012,0
2202.119,2
2202.225,2
2202.332,3
2202.438,6
2202.545,15
2202.652,22
2202.758,26
2202.865,30
2202.972,21
2203.078,17
2203.185,13
2203.292,7
2203.398,7
2203.505,5
2203.612,6
2203.718,4
2203.825,4
2203.932,4
2204.038,3
2204.145,1
2204.252,1
2204.358,2
2204.465,2
2204.572,2
2204.678,3
2204.785,2
2204.892,3
2204.998,3
2205.105,1
2205.212,1
2205.318,2
2205.425,2
2205.532,2
2205.639,3
2205.745,3
2205.852,4
2205.959,7
2206.065,8
2206.172,8
2206.279,9
2206.386,9
2206.492,7
2206.599,5
2206.706,4
2206.813,2
2206.919,2
2207.026,2
2207.133,2
2207.24,1
2207.346,1
2207.453,1
2207.56,0
2207.667,0
2207.773,2
2207.88,2
2207.987,2
2208.094,3
2208.2,6
2208.307,5
2208.414,4
2208.521,2
2208.628,0
2208.734,0
2208.841,1
2208.948,1
2209.055,3
2209.162,3
2209.268,5
2209.375,6
2209.482,7
2209.589,10
2209.696,12
2209.802,12
2209.909,10
2210.016,11
2210.123,7
2210.23,6
2210.336,5
2210.443,2
2210.55,2
2210.657,3
2210.764,3
2210.871,3
2210.977,3
2211.084,2
2211.191,2
2211.298,1
2211.405,4
2211.512,7
2211.619,10
2211.725,13
2211.832,10
2211.939,8
2212.046,6
2212.153,4
2212.26,5
2212.367,5
2212.474,5
2212.58,1
2212.687,0
2212.794,1
2212.901,1
2213.008,1
2213.115,3
2213.222,2
2213.329,2
2213.436,2
2213.543,0
2213.649,1
2213.756,1
2213.863,1
2213.97,1
2214.077,1
2214.184,1
2214.291,1
2214.398,1
2214.505,0
2214.612,0
2214.719,0
2214.826,0
2214.933,0
2215.039,0
2215.146,0
2215.253,1
2215.36,2
2215.467,3
2215.574,4
2215.681,8
2215.788,10
2215.895,10
2216.002,10
2216.109,10
2216.216,10
2216.323,10
2216.43,10
2216.537,8
2216.644,6
2216.751,6
2216.858,6
2216.965,6
2217.072,5
2217.179,5
2217.286,4
2217.393,2
2217.5,3
2217.607,4
2217.714,4
2217.821,3
2217.928,6
2218.035,4
2218.142,3
2218.249,2
2218.356,3
2218.463,4
2218.57,7
2218.677,14
2218.784,14
2218.891,14
2218.998,13
2219.105,14
2219.212,14
2219.319,14
2219.426,14
2219.534,12
2219.641,11
2219.748,11
2219.855,7
2219.962,3
2220.069,3
2220.176,2
2220.283,2
2220.39,1
2220.497,2
2220.604,2
2220.711,1
2220.818,1
2220.925,0
2221.033,0
2221.14,0
2221.247,1
2221.354,1
2221.461,1
2221.568,1
2221.675,0
2221.782,0
2221.889,1
2221.996,2
2222.104,3
2222.211,3
2222.318,2
2222.425,1
2222.532,0
2222.639,0
2222.746,0
2222.854,0
2222.961,0
2223.068,0
2223.175,0
2223.282,0
2223.389,0
2223.496,3
2223.604,3
2223.711,3
2223.818,5
2223.925,2
2224.032,2
2224.139,2
2224.247,0
2224.354,1
2224.461,1
2224.568,1
2224.675,1
2224.782,2
2224.89,2
2224.997,2
2225.104,2
2225.211,0
2225.318,0
2225.426,0
2225.533,0
2225.64,0
2225.747,3
2225.854,3
2225.962,3
2226.069,3
2226.176,2
2226.283,4
2226.391,4
2226.498,5
2226.605,3
2226.712,1
2226.819,1
2226.927,0
2227.034,0
2227.141,0
2227.248,0
2227.356,0
2227.463,0
2227.57,0
2227.677,1
2227.785,1
2227.892,2
2227.999,2
2228.106,1
2228.214,2
2228.321,3
2228.428,4
2228.536,6
2228.643,6
2228.75,5
2228.857,6
2228.965,3
2229.072,3
2229.179,3
2229.287,2
2229.394,0
2229.501,0
2229.608,0
2229.716,0
2229.823,0
2229.93,0
2230.038,1
2230.145,4
2230.252,4
2230.36,4
2230.467,4
2230.574,5
2230.682,5
2230.789,5
2230.896,5
2231.004,2
2231.111,2
2231.218,2
2231.326,1
2231.433,0
2231.54,1
2231.648,1
2231.755,2
2231.862,2
2231.97,3
2232.077,3
2232.185,3
2232.292,3
2232.399,1
2232.507,1
2232.614,1
2232.721,1
2232.829,2
2232.936,3
2233.044,3
2233.151,4
2233.258,4
2233.366,3
2233.473,2
2233.581,1
2233.688,1
2233.795,1
2233.903,1
2234.01,1
2234.118,0
2234.225,1
2234.332,2
2234.44,2
2234.547,2
2234.655,1
2234.762,2
2234.87,2
2234.977,2
2235.084,2
2235.192,0
2235.299,0
2235.407,1
2235.514,4
2235.622,4
2235.729,4
2235.837,4
2235.944,1
2236.052,1
2236.159,1
2236.266,0
2236.374,2
2236.481,4
2236.589,6
2236.696,9
2236.804,9
2236.911,9
2237.019,12
2237.126,9
2237.234,8
2237.341,7
2237.449,4
2237.556,3
2237.664,3
2237.771,3
2237.879,2
2237.986,8
2238.094,14
2238.201,18
2238.309,22
2238.416,23
2238.524,19
2238.631,16
2238.739,12
2238.846,8
2238.954,5
2239.062,3
2239.169,2
2239.277,0
2239.384,3
2239.492,4
2239.599,4
2239.707,4
2239.814,2
2239.922,1
2240.029,1
2240.137,1
2240.245,0
2240.352,0
2240.46,0
2240.567,1
2240.675,1
2240.782,1
2240.89,1
2240.998,5
2241.105,5
2241.213,7
2241.32,8
2241.428,7
2241.536,8
2241.643,7
2241.751,7
2241.858,4
2241.966,5
2242.074,4
2242.181,3
2242.289,4
2242.396,5
2242.504,7
2242.612,9
2242.719,16
2242.827,15
2242.935,15
2243.042,15
2243.15,9
2243.258,11
2243.365,10
2243.473,8
2243.58,6
2243.688,3
2243.796,3
2243.903,1
2244.011,1
2244.119,1
2244.226,1
2244.334,0
2244.442,0
2244.549,0
2244.657,0
2244.765,0
2244.872,0
2244.98,0
2245.088,0
2245.195,0
2245.303,0
2245.411,0
2245.519,0
2245.626,0
2245.734,0
2245.842,0
2245.949,1
2246.057,1
2246.165,1
2246.272,1
2246.38,0
2246.488,0
2246.596,2
2246.703,2
2246.811,4
2246.919,5
2247.027,5
2247.134,8
2247.242,6
2247.35,5
2247.458,4
2247.565,3
2247.673,3
2247.781,3
2247.889,2
2247.996,0
2248.104,0
2248.212,1
2248.32,3
2248.427,8
2248.535,10
2248.643,9
2248.751,7
2248.858,2
2248.966,0
2249.074,0
2249.182,2
2249.29,2
2249.397,2
2249.505,2
2249.613,1
2249.721,2
2249.829,2
2249.936,2
2250.044,2
2250.152,2
2250.26,2
2250.368,2
2250.475,1
2250.583,1
2250.691,2
2250.799,3
2250.907,4
2251.015,5
2251.122,9
2251.23,12
2251.338,15
2251.446,19
2251.554,16
2251.662,14
2251.769,12
2251.877,8
2251.985,6
2252.093,4
2252.201,3
2252.309,1
2252.417,1
2252.524,1
2252.632,0
2252.74,0
2252.848,0
2252.956,1
2253.064,1
2253.172,1
2253.28,1
2253.387,0
2253.495,0
2253.603,0
2253.711,0
2253.819,0
2253.927,1
2254.035,1
2254.143,1
2254.251,1
2254.359,1
2254.466,1
2254.574,1
2254.682,2
2254.79,1
2254.898,2
2255.006,2
2255.114,1
2255.222,2
2255.33,1
2255.438,1
2255.546,1
2255.654,0
2255.762,0
2255.87,2
2255.978,2
2256.086,2
2256.193,5
2256.301,7
2256.409,7
2256.517,7
2256.625,4
2256.733,0
2256.841,0
2256.949,0
2257.057,1
2257.165,2
2257.273,2
2257.381,2
2257.489,2
2257.597,1
2257.705,1
2257.813,5
2257.921,4
2258.029,5
2258.137,5
2258.245,2
2258.353,3
2258.461,5
2258.569,5
2258.677,4
2258.785,3
2258.893,0
2259.001,0
2259.109,0
2259.217,0
2259.325,0
2259.433,0
2259.541,0
2259.65,3
2259.758,3
2259.866,3
2259.974,4
2260.082,2
2260.19,2
2260.298,2
2260.406,1
2260.514,1
2260.622,2
2260.73,3
2260.838,4
2260.946,4
2261.054,4
2261.162,4
2261.27,5
2261.379,2
2261.487,2
2261.595,2
2261.703,1
2261.811,0
2261.919,0
2262.027,0
2262.135,1
2262.243,2
2262.351,3
2262.46,4
2262.568,6
2262.676,5
2262.784,4
2262.892,3
2263,0
2263.108,0
2263.216,0
2263.325,1
2263.433,1
2263.541,1
2263.649,1
2263.757,2
2263.865,2
2263.973,2
2264.082,2
2264.19,5
2264.298,5
2264.406,4
2264.514,3
2264.622,1
2264.73,0
2264.839,1
2264.947,1
2265.055,1
2265.163,1
2265.271,0
2265.38,0
2265.488,0
2265.596,0
2265.704,1
2265.812,1
2265.92,1
2266.029,1
2266.137,0
2266.245,1
2266.353,1
2266.461,1
2266.57,1
2266.678,0
2266.786,0
2266.894,0
2267.003,0
2267.111,0
2267.219,0
2267.327,2
2267.435,3
2267.544,4
2267.652,7
2267.76,5
2267.868,4
2267.977,3
2268.085,2
2268.193,2
2268.301,2
2268.41,2
2268.518,0
2268.626,0
2268.734,0
2268.843,0
2268.951,1
2269.059,4
2269.168,4
2269.276,5
2269.384,4
2269.492,4
2269.601,4
2269.709,3
2269.817,3
2269.926,1
2270.034,2
2270.142,3
2270.25,4
2270.359,5
2270.467,5
2270.575,5
2270.684,5
2270.792,5
2270.9,4
2271.009,4
2271.117,4
2271.225,3
2271.334,5
2271.442,4
2271.55,3
2271.659,2
2271.767,0
2271.875,0
2271.984,0
2272.092,0
2272.2,0
2272.309,1
2272.417,4
2272.525,4
2272.634,4
2272.742,3
2272.85,2
2272.959,2
2273.067,4
2273.176,4
2273.284,6
2273.392,5
2273.501,2
2273.609,2
2273.718,2
2273.826,3
2273.934,4
2274.043,5
2274.151,6
2274.259,7
2274.368,9
2274.476,7
2274.585,5
2274.693,6
2274.802,4
2274.91,4
2275.018,4
2275.127,5
2275.235,4
2275.344,4
2275.452,5
2275.56,3
2275.669,3
2275.777,4
2275.886,4
2275.994,3
2276.103,5
2276.211,5
2276.32,5
2276.428,6
2276.536,3
2276.645,3
2276.753,4
2276.862,3
2276.97,1
2277.079,2
2277.187,2
2277.296,3
2277.404,4
2277.513,4
2277.621,6
2277.73,5
2277.838,4
2277.947,3
2278.055,1
2278.164,2
2278.272,4
2278.381,7
2278.489,6
2278.598,9
2278.706,6
2278.815,5
2278.923,4
2279.032,3
2279.14,3
2279.249,4
2279.357,4
2279.466,4
2279.574,4
2279.683,1
2279.791,2
2279.9,2
2280.008,2
2280.117,1
2280.226,0
2280.334,0
2280.443,0
2280.551,0
2280.66,0
2280.768,0
2280.877,0
2280.985,0
2281.094,0
2281.203,0
2281.311,0
2281.42,0
2281.528,0
2281.637,0
2281.745,0
2281.854,1
2281.963,4
2282.071,5
2282.18,6
2282.288,6
2282.397,9
2282.506,8
2282.614,5
2282.723,4
2282.831,3
2282.94,5
2283.049,3
2283.157,3
2283.266,2
2283.375,0
2283.483,0
2283.592,0
2283.7,3
2283.809,3
2283.918,3
2284.026,3
2284.135,0
2284.244,2
2284.352,2
2284.461,2
2284.57,2
2284.678,2
2284.787,3
2284.895,4
2285.004,5
2285.113,7
2285.221,6
2285.33,5
2285.439,4
2285.548,0
2285.656,0
2285.765,0
2285.874,1
2285.982,2
2286.091,2
2286.2,2
2286.308,1
2286.417,0
2286.526,1
2286.634,1
2286.743,2
2286.852,2
2286.961,2
2287.069,3
2287.178,3
2287.287,3
2287.395,4
2287.504,3
2287.613,2
2287.722,2
2287.83,2
2287.939,2
2288.048,2
2288.156,2
2288.265,0
2288.374,0
2288.483,0
2288.591,0
2288.7,0
2288.809,0
2288.918,1
2289.027,1
2289.135,1
2289.244,1
2289.353,0
2289.462,0
2289.57,0
2289.679,1
2289.788,2
2289.897,3
2290.005,4
2290.114,5
2290.223,4
2290.332,3
2290.441,5
2290.549,6
2290.658,8
2290.767,10
2290.876,10
2290.985,8
2291.093,7
2291.202,6
2291.311,5
2291.42,4
2291.529,4
2291.638,3
2291.746,1
2291.855,4
2291.964,3
2292.073,4
2292.182,4
2292.291,5
2292.399,4
2292.508,3
2292.617,5
2292.726,6
2292.835,8
2292.944,9
2293.052,12
2293.161,11
2293.27,10
2293.379,9
2293.488,6
2293.597,6
2293.706,5
2293.815,5
2293.923,2
2294.032,2
2294.141,2
2294.25,1
2294.359,1
2294.468,0
2294.577,0
2294.686,2
2294.795,2
2294.903,2
2295.012,2
2295.121,0
2295.23,0
2295.339,0
2295.448,0
2295.557,0
2295.666,3
2295.775,4
2295.884,4
2295.993,4
2296.102,1
2296.211,4
2296.319,3
2296.428,2
2296.537,1
2296.646,0
2296.755,0
2296.864,1
2296.973,1
2297.082,1
2297.191,1
2297.3,1
2297.409,1
2297.518,1
2297.627,1
2297.736,0
2297.845,0
2297.954,1
2298.063,1
2298.172,1
2298.281,2
2298.39,1
2298.499,1
2298.608,1
2298.717,0
2298.826,1
2298.935,2
2299.044,3
2299.153,5
2299.262,4
2299.371,6
2299.48,5
2299.589,6
2299.698,6
2299.807,3
2299.916,3
2300.025,1
2300.134,2
2300.243,3
2300.352,4
2300.461,6
2300.57,6
2300.679,5
2300.788,6
2300.897,5
2301.006,4
2301.115,4
2301.224,5
2301.333,3
2301.442,3
2301.552,3
2301.661,0
2301.77,0
2301.879,0
2301.988,0
2302.097,0
2302.206,0
2302.315,0
2302.424,0
2302.533,0
2302.642,1
2302.751,3
2302.861,6
2302.97,8
2303.079,11
2303.188,9
2303.297,6
2303.406,4
2303.515,2
2303.624,3
2303.733,4
2303.843,5
2303.952,4
2304.061,5
2304.17,6
2304.279,7
2304.388,8
2304.497,6
2304.606,4
2304.716,2
2304.825,0
2304.934,0
2305.043,0
2305.152,0
2305.261,1
2305.37,1
2305.48,1
2305.589,1
2305.698,0
2305.807,0
2305.916,0
2306.025,0
2306.135,0
2306.244,0
2306.353,0
2306.462,0
2306.571,0
2306.681,0
2306.79,0
2306.899,0
2307.008,2
2307.117,3
2307.227,5
2307.336,7
2307.445,10
2307.554,10
2307.663,9
2307.773,8
2307.882,4
2307.991,1
2308.1,1
2308.209,1
2308.319,1
2308.428,0
2308.537,0
2308.646,1
2308.756,1
2308.865,1
2308.974,1
2309.083,0
2309.193,0
2309.302,0
2309.411,0
2309.52,3
2309.63,3
2309.739,3
2309.848,3
2309.957,1
2310.067,1
2310.176,2
2310.285,3
2310.395,3
2310.504,4
2310.613,4
2310.722,4
2310.832,4
2310.941,4
2311.05,4
2311.16,4
2311.269,4
2311.378,4
2311.488,4
2311.597,4
2311.706,6
2311.815,4
2311.925,5
2312.034,5
2312.143,8
2312.253,7
2312.362,6
2312.471,7
2312.581,6
2312.69,5
2312.799,10
2312.909,10
2313.018,10
2313.127,9
2313.237,6
2313.346,4
2313.455,3
2313.565,3
2313.674,0
2313.784,0
2313.893,0
2314.002,1
2314.112,1
2314.221,1
2314.33,1
2314.44,1
2314.549,1
2314.659,1
2314.768,1
2314.877,3
2314.987,4
2315.096,6
2315.205,7
2315.315,6
2315.424,5
2315.534,5
2315.643,5
2315.753,3
2315.862,3
2315.971,1
2316.081,1
2316.19,1
2316.3,1
2316.409,1
2316.518,1
2316.628,1
2316.737,1
2316.847,2
2316.956,1
2317.066,1
2317.175,1
2317.285,3
2317.394,3
2317.503,4
2317.613,4
2317.722,1
2317.832,1
2317.941,1
2318.051,2
2318.16,3
2318.27,3
2318.379,6
2318.489,4
2318.598,2
2318.708,2
2318.817,1
2318.927,1
2319.036,1
2319.145,0
2319.255,0
2319.364,0
2319.474,1
2319.583,1
2319.693,1
2319.803,2
2319.912,1
2320.022,1
2320.131,1
2320.241,0
2320.35,0
2320.46,0
2320.569,0
2320.679,0
2320.788,0
2320.898,0
2321.007,0
2321.117,0
2321.226,2
2321.336,4
2321.445,6
2321.555,8
2321.665,10
2321.774,9
2321.884,8
2321.993,7
2322.103,2
2322.212,2
2322.322,2
2322.431,2
2322.541,1
2322.651,4
2322.76,7
2322.87,10
2322.979,13
2323.089,14
2323.199,11
2323.308,8
2323.418,5
2323.527,1
2323.637,3
2323.747,3
2323.856,2
2323.966,2
2324.075,4
2324.185,4
2324.295,3
2324.404,2
2324.514,2
2324.623,1
2324.733,1
2324.843,1
2324.952,2
2325.062,2
2325.172,2
2325.281,2
2325.391,3
2325.501,3
2325.61,4
2325.72,6
2325.829,3
2325.939,4
2326.049,4
2326.158,4
2326.268,5
2326.378,4
2326.487,4
2326.597,3
2326.707,3
2326.816,4
2326.926,8
2327.036,7
2327.146,6
2327.255,5
2327.365,2
2327.475,2
2327.584,2
2327.694,2
2327.804,0
2327.913,2
2328.023,3
2328.133,4
2328.243,7
2328.352,6
2328.462,7
2328.572,6
2328.681,4
2328.791,3
2328.901,2
2329.011,2
2329.12,1
2329.23,1
2329.34,0
2329.45,0
2329.559,0
2329.669,0
2329.779,0
2329.888,0
2329.998,1
2330.108,1
2330.218,1
2330.328,1
2330.437,0
2330.547,1
2330.657,3
2330.767,3
2330.876,3
2330.986,6
2331.096,4
2331.206,3
2331.315,2
2331.425,2
2331.535,1
2331.645,1
2331.755,1
2331.864,1
2331.974,1
2332.084,1
2332.194,1
2332.304,0
2332.413,1
2332.523,2
2332.633,2
2332.743,2
2332.853,1
2332.963,0
2333.072,0
2333.182,0
2333.292,0
2333.402,0
2333.512,0
2333.622,0
2333.731,0
2333.841,0
2333.951,0
2334.061,2
2334.171,2
2334.281,3
2334.391,3
2334.5,1
2334.61,1
2334.72,0
2334.83,0
2334.94,0
2335.05,0
2335.16,0
2335.27,0
2335.379,3
2335.489,3
2335.599,3
2335.709,3
2335.819,0
2335.929,0
2336.039,0
2336.149,1
2336.259,1
2336.368,1
2336.478,2
2336.588,1
2336.698,1
2336.808,3
2336.918,4
2337.028,8
2337.138,12
2337.248,11
2337.358,11
2337.468,8
2337.578,4
2337.688,4
2337.798,3
2337.907,3
2338.017,0
2338.127,2
2338.237,2
2338.347,2
2338.457,2
2338.567,0
2338.677,2
2338.787,2
2338.897,2
2339.007,2
2339.117,1
2339.227,1
2339.337,1
2339.447,3
2339.557,2
2339.667,2
2339.777,2
2339.887,3
2339.997,4
2340.107,5
2340.217,6
2340.327,6
2340.437,5
2340.547,4
2340.657,4
2340.767,2
2340.877,3
2340.987,3
2341.097,2
2341.207,1
2341.317,0
2341.427,0
2341.537,0
2341.647,0
2341.757,0
2341.867,2
2341.977,2
2342.087,2
2342.197,4
2342.307,2
2342.417,5
2342.528,5
2342.638,5
2342.748,5
2342.858,2
2342.968,2
2343.078,1
2343.188,1
2343.298,1
2343.408,1
2343.518,0
2343.628,0
2343.738,0
2343.848,1
2343.959,2
2344.069,4
2344.179,6
2344.289,7
2344.399,8
2344.509,9
2344.619,5
2344.729,4
2344.839,3
2344.949,2
2345.06,1
2345.17,1
2345.28,1
2345.39,0
2345.5,0
2345.61,3
2345.72,3
2345.83,5
2345.941,5
2346.051,3
2346.161,4
2346.271,4
2346.381,7
2346.491,8
2346.601,9
2346.712,11
2346.822,8
2346.932,8
2347.042,8
2347.152,6
2347.262,4
2347.373,4
2347.483,4
2347.593,1
2347.703,1
2347.813,1
2347.924,2
2348.034,2
2348.144,3
2348.254,4
2348.364,3
2348.474,2
2348.585,1
2348.695,0
2348.805,0
2348.915,0
2349.026,3
2349.136,3
2349.246,3
2349.356,3
2349.466,3
2349.577,6
2349.687,6
2349.797,6
2349.907,8
2350.018,7
2350.128,7
2350.238,7
2350.348,8
2350.459,5
2350.569,4
2350.679,3
2350.789,3
2350.9,5
2351.01,5
2351.12,6
2351.23,3
2351.341,1
2351.451,1
2351.561,0
2351.671,3
2351.782,3
2351.892,4
2352.002,4
2352.113,2
2352.223,3
2352.333,5
2352.443,7
2352.554,7
2352.664,7
2352.774,7
2352.885,4
2352.995,4
2353.105,4
2353.216,2
2353.326,2
2353.436,2
2353.547,2
2353.657,2
2353.767,5
2353.878,4
2353.988,3
2354.098,3
2354.209,1
2354.319,1
2354.429,1
2354.54,0
2354.65,0
2354.76,0
2354.871,0
2354.981,0
2355.091,0
2355.202,0
2355.312,0
2355.422,0
2355.533,0
2355.643,0
2355.754,0
2355.864,1
2355.974,1
2356.085,1
2356.195,2
2356.305,3
2356.416,5
2356.526,7
2356.637,9
2356.747,10
2356.857,11
2356.968,12
2357.078,16
2357.189,13
2357.299,10
2357.409,7
2357.52,3
2357.63,3
2357.741,3
2357.851,3
2357.962,0
2358.072,0
2358.182,0
2358.293,0
2358.403,0
2358.514,0
2358.624,0
2358.735,1
2358.845,1
2358.956,1
2359.066,1
2359.176,1
2359.287,2
2359.397,2
2359.508,2
2359.618,1
2359.729,0
2359.839,0
2359.95,0
2360.06,0
2360.171,0
2360.281,0
2360.392,0
2360.502,0
2360.613,0
2360.723,2
2360.834,4
2360.944,6
2361.055,9
2361.165,8
2361.276,10
2361.386,10
2361.497,5
2361.607,5
2361.718,6
2361.828,6
2361.939,7
2362.049,9
2362.16,9
2362.27,9
2362.381,8
2362.491,4
2362.602,5
2362.712,5
2362.823,5
2362.934,4
2363.044,2
2363.155,2
2363.265,2
2363.376,2
2363.486,0
2363.597,0
2363.707,1
2363.818,1
2363.929,3
2364.039,4
2364.15,4
2364.26,5
2364.371,8
2364.481,7
2364.592,6
2364.703,5
2364.813,4
2364.924,8
2365.034,10
2365.145,11
2365.256,11
2365.366,7
2365.477,8
2365.587,7
2365.698,4
2365.809,4
2365.919,3
2366.03,3
2366.141,2
2366.251,2
2366.362,0
2366.472,0
2366.583,0
2366.694,0
2366.804,3
2366.915,3
2367.026,3
2367.136,3
2367.247,2
2367.358,2
2367.468,2
2367.579,2
2367.69,5
2367.8,4
2367.911,3
2368.022,2
2368.132,0
2368.243,0
2368.354,0
2368.464,0
2368.575,3
2368.686,3
2368.796,3
2368.907,3
2369.018,2
2369.128,2
2369.239,2
2369.35,3
2369.46,1
2369.571,1
2369.682,1
2369.793,1
2369.903,2
2370.014,2
2370.125,3
2370.235,3
2370.346,3
2370.457,4
2370.568,4
2370.678,5
2370.789,6
2370.9,5
2371.011,7
2371.121,8
2371.232,8
2371.343,6
2371.454,8
2371.564,6
2371.675,7
2371.786,7
2371.897,4
2372.007,5
2372.118,7
2372.229,7
2372.34,6
2372.45,5
2372.561,3
2372.672,2
2372.783,2
2372.894,2
2373.004,0
2373.115,0
2373.226,0
2373.337,0
2373.448,0
2373.558,0
2373.669,1
2373.78,1
2373.891,1
2374.002,1
2374.112,4
2374.223,4
2374.334,4
2374.445,4
2374.556,3
2374.666,3
2374.777,3
2374.888,4
2374.999,1
2375.11,2
2375.221,3
2375.332,3
2375.442,3
2375.553,2
2375.664,1
2375.775,1
2375.886,1
2375.997,4
2376.107,4
2376.218,3
2376.329,3
2376.44,0
2376.551,1
2376.662,2
2376.773,3
2376.884,4
2376.994,6
2377.105,5
2377.216,4
2377.327,3
2377.438,1
2377.549,1
2377.66,1
2377.771,1
2377.882,0
2377.993,0
2378.103,0
2378.214,0
2378.325,0
2378.436,1
2378.547,1
2378.658,1
2378.769,1
2378.88,1
2378.991,1
2379.102,1
2379.213,1
2379.324,0
2379.435,0
2379.546,0
2379.656,0
2379.767,0
2379.878,0
2379.989,0
2380.1,0
2380.211,0
2380.322,0
2380.433,0
2380.544,0
2380.655,0
2380.766,1
2380.877,1
2380.988,1
2381.099,1
2381.21,0
2381.321,0
2381.432,0
2381.543,0
2381.654,0
2381.765,0
2381.876,0
2381.987,0
2382.098,0
2382.209,0
2382.32,0
2382.431,0
2382.542,0
2382.653,0
2382.764,0
2382.875,0
2382.986,1
2383.097,1
2383.208,1
2383.319,1
2383.43,0
2383.541,0
2383.652,0
2383.763,0
2383.874,0
2383.985,0
2384.097,0
2384.208,0
2384.319,0
2384.43,1
2384.541,2
2384.652,2
2384.763,2
2384.874,5
2384.985,3
2385.096,2
2385.207,1
2385.318,1
2385.429,1
2385.54,1
2385.652,1
2385.763,0
2385.874,1
2385.985,1
2386.096,1
2386.207,1
2386.318,1
2386.429,1
2386.54,1
2386.651,1
2386.763,2
2386.874,2
2386.985,2
2387.096,4
2387.207,2
2387.318,2
2387.429,3
2387.541,1
2387.652,1
2387.763,1
2387.874,0
2387.985,0
2388.096,0
2388.207,0
2388.319,0
2388.43,0
2388.541,0
2388.652,0
2388.763,0
2388.874,0
2388.986,0
2389.097,0
2389.208,0
2389.319,0
2389.43,0
2389.541,0
2389.653,0
2389.764,0
2389.875,0
2389.986,0
2390.097,0
2390.209,0
2390.32,0
2390.431,0
2390.542,0
2390.653,1
2390.765,1
2390.876,1
2390.987,1
2391.098,0
2391.209,0
2391.321,0
2391.432,0
2391.543,0
2391.654,0
2391.766,0
2391.877,0
2391.988,2
2392.099,3
2392.211,4
2392.322,5
2392.433,4
2392.544,6
2392.656,6
2392.767,5
2392.878,4
2392.989,1
2393.101,0
2393.212,0
2393.323,0
2393.434,2
2393.546,4
2393.657,6
2393.768,8
2393.88,8
2393.991,7
2394.102,6
2394.213,6
2394.325,3
2394.436,4
2394.547,7
2394.659,7
2394.77,6
2394.881,6
2394.993,7
2395.104,6
2395.215,5
2395.327,4
2395.438,0
2395.549,0
2395.661,0
2395.772,0
2395.883,0
2395.995,0
2396.106,0
2396.217,1
2396.329,5
2396.44,5
2396.551,5
2396.663,4
2396.774,0
2396.885,0
2396.997,1
2397.108,1
2397.219,1
2397.331,1
2397.442,0
2397.554,0
2397.665,0
2397.776,2
2397.888,2
2397.999,2
2398.11,2
2398.222,5
2398.333,4
2398.445,3
2398.556,5
2398.667,3
2398.779,4
2398.89,4
2399.002,4
2399.113,7
2399.225,6
2399.336,6
2399.447,3
2399.559,3
2399.67,3
2399.782,3
2399.893,3
2400.004,0
2400.116,0
2400.227,0
2400.339,0
2400.45,0
2400.562,0
2400.673,0
2400.785,0
2400.896,0
2401.007,0
2401.119,0
2401.23,0
2401.342,0
2401.453,0
2401.565,0
2401.676,0
2401.788,0
2401.899,0
2402.011,0
2402.122,0
2402.234,0
2402.345,0
2402.457,0
2402.568,0
2402.68,0
2402.791,3
2402.903,3
2403.014,3
2403.126,3
2403.237,4
2403.349,4
2403.46,4
2403.572,4
2403.683,5
2403.795,5
2403.906,5
2404.018,9
2404.129,9
2404.241,9
2404.352,9
2404.464,5
2404.576,5
2404.687,5
2404.799,5
2404.91,5
2405.022,5
2405.133,4
2405.245,3
2405.356,2
2405.468,0
2405.58,0
2405.691,3
2405.803,3
2405.914,3
2406.026,3
2406.137,1
2406.249,1
2406.361,1
2406.472,1
2406.584,0
2406.695,1
2406.807,1
2406.918,1
2407.03,1
2407.142,2
2407.253,3
2407.365,3
2407.477,4
2407.588,4
2407.7,6
2407.811,8
2407.923,8
2408.035,8
2408.146,8
2408.258,6
2408.37,5
2408.481,6
2408.593,3
2408.704,3
2408.816,3
2408.928,6
2409.039,5
2409.151,4
2409.263,3
2409.374,0
2409.486,0
2409.598,0
2409.709,1
2409.821,2
2409.933,3
2410.044,4
2410.156,4
2410.268,4
2410.379,5
2410.491,4
2410.603,3
2410.714,2
2410.826,1
2410.938,1
2411.049,1
2411.161,1
2411.273,0
2411.385,0
2411.496,0
2411.608,1
2411.72,1
2411.831,1
2411.943,1
2412.055,0
2412.167,0
2412.278,0
2412.39,1
2412.502,1
2412.613,1
2412.725,1
2412.837,0
2412.949,0
2413.06,0
2413.172,0
2413.284,0
2413.396,0
2413.507,3
2413.619,3
2413.731,3
2413.843,3
2413.954,2
2414.066,3
2414.178,3
2414.29,3
2414.402,2
2414.513,2
2414.625,3
2414.737,5
2414.849,4
2414.96,3
2415.072,2
2415.184,0
2415.296,0
2415.408,0
2415.519,0
2415.631,0
2415.743,0
2415.855,0
2415.967,0
2416.079,0
2416.19,0
2416.302,0
2416.414,0
2416.526,0
2416.638,0
2416.749,0
2416.861,0
2416.973,0
2417.085,1
2417.197,1
2417.309,1
2417.42,1
2417.532,1
2417.644,1
2417.756,1
2417.868,1
2417.98,2
2418.092,2
2418.204,2
2418.315,2
2418.427,5
2418.539,4
2418.651,3
2418.763,2
2418.875,1
2418.987,2
2419.099,3
2419.21,5
2419.322,7
2419.434,9
2419.546,9
2419.658,8
2419.77,6
2419.882,3
2419.994,3
2420.106,3
2420.218,3
2420.329,0
2420.441,2
2420.553,2
2420.665,2
2420.777,2
2420.889,1
2421.001,1
2421.113,2
2421.225,3
2421.337,3
2421.449,5
2421.561,4
2421.673,3
2421.785,2
2421.897,1
2422.009,3
2422.12,3
2422.232,3
2422.344,5
2422.456,3
2422.568,4
2422.68,4
2422.792,5
2422.904,4
2423.016,2
2423.128,1
2423.24,0
2423.352,0
2423.464,0
2423.576,0
2423.688,2
2423.8,2
2423.912,2
2424.024,2
2424.136,5
2424.248,5
2424.36,5
2424.472,5
2424.584,6
2424.696,5
2424.808,4
2424.92,4
2425.032,1
2425.144,2
2425.256,2
2425.368,1
2425.48,1
2425.592,0
2425.705,0
2425.817,0
2425.929,0
2426.041,0
2426.153,0
2426.265,0
2426.377,0
2426.489,0
2426.601,0
2426.713,0
2426.825,0
2426.937,0
2427.049,0
2427.161,0
2427.273,0
2427.386,1
2427.498,1
2427.61,1
2427.722,1
2427.834,0
2427.946,0
2428.058,1
2428.17,1
2428.282,3
2428.394,5
2428.506,6
2428.619,9
2428.731,9
2428.843,9
2428.955,9
2429.067,6
2429.179,5
2429.291,4
2429.403,3
2429.516,0
2429.628,1
2429.74,1
2429.852,1
2429.964,1
2430.076,0
2430.188,0
2430.301,1
2430.413,1
2430.525,1
2430.637,1
2430.749,0
2430.861,0
2430.974,2
2431.086,2
2431.198,2
2431.31,2
2431.422,0
2431.534,0
2431.647,0
2431.759,0
2431.871,2
2431.983,2
2432.095,2
2432.208,2
2432.32,4
2432.432,4
2432.544,5
2432.656,5
2432.769,2
2432.881,3
2432.993,2
2433.105,2
2433.217,2
2433.33,2
2433.442,3
2433.554,6
2433.666,5
2433.779,4
2433.891,3
2434.003,2
2434.115,2
2434.228,2
2434.34,2
2434.452,4
2434.564,4
2434.677,4
2434.789,5
2434.901,7
2435.013,7
2435.126,6
2435.238,4
2435.35,1
2435.462,0
2435.575,0
2435.687,0
2435.799,0
2435.912,0
2436.024,0
2436.136,1
2436.248,1
2436.361,1
2436.473,1
2436.585,0
2436.698,0
2436.81,2
2436.922,3
2437.035,3
2437.147,5
2437.259,5
2437.372,5
2437.484,5
2437.596,4
2437.709,2
2437.821,1
2437.933,1
2438.046,4
2438.158,5
2438.27,6
2438.383,7
2438.495,8
2438.607,7
2438.72,6
2438.832,6
2438.944,2
2439.057,2
2439.169,2
2439.281,4
2439.394,3
2439.506,3
2439.618,4
2439.731,1
2439.843,1
2439.956,1
2440.068,0
2440.18,0
2440.293,0
2440.405,0
2440.518,0
2440.63,0
2440.742,0
2440.855,0
2440.967,3
2441.08,3
2441.192,4
2441.304,4
2441.417,2
2441.529,2
2441.642,1
2441.754,2
2441.866,1
2441.979,1
2442.091,1
2442.204,0
2442.316,2
2442.429,2
2442.541,2
2442.654,2
2442.766,5
2442.878,4
2442.991,4
2443.103,3
2443.216,1
2443.328,1
2443.441,2
2443.553,4
2443.666,5
2443.778,8
2443.891,7
2444.003,7
2444.116,7
2444.228,6
2444.341,8
2444.453,6
2444.566,5
2444.678,3
2444.791,0
2444.903,0
2445.015,0
2445.128,0
2445.241,0
2445.353,0
2445.466,0
2445.578,0
2445.691,0
2445.803,0
2445.916,1
2446.028,1
2446.141,1
2446.253,1
2446.366,0
2446.478,0
2446.591,0
2446.703,0
2446.816,0
2446.928,0
2447.041,0
2447.154,3
2447.266,4
2447.379,5
2447.491,6
2447.604,9
2447.716,7
2447.829,5
2447.941,4
2448.054,1
2448.167,1
2448.279,1
2448.392,0
2448.504,0
2448.617,0
2448.729,0
2448.842,0
2448.955,0
2449.067,0
2449.18,0
2449.292,2
2449.405,3
2449.518,4
2449.63,8
2449.743,9
2449.856,9
2449.968,9
2450.081,6
2450.193,4
2450.306,5
2450.419,4
2450.531,3
2450.644,2
2450.757,0
2450.869,0
2450.982,0
2451.094,0
2451.207,0
2451.32,0
2451.432,0
2451.545,0
2451.658,0
2451.77,0
2451.883,0
2451.996,0
2452.108,0
2452.221,0
2452.334,0
2452.446,0
2452.559,0
2452.672,0
2452.784,0
2452.897,0
2453.01,1
2453.122,2
2453.235,3
2453.348,5
2453.461,4
2453.573,3
2453.686,4
2453.799,3
2453.911,3
2454.024,3
2454.137,1
2454.25,0
2454.362,1
2454.475,1
2454.588,1
2454.7,2
2454.813,1
2454.926,1
2455.039,1
2455.151,0
2455.264,1
2455.377,1
2455.49,1
2455.602,1
2455.715,2
2455.828,2
2455.941,2
2456.053,5
2456.166,3
2456.279,3
2456.392,3
2456.504,0
2456.617,0
2456.73,0
2456.843,3
2456.956,3
2457.068,3
2457.181,3
2457.294,0
2457.407,0
2457.52,0
2457.632,0
2457.745,0
2457.858,0
2457.971,2
2458.084,4
2458.196,4
2458.309,4
2458.422,2
2458.535,0
2458.648,0
2458.76,0
2458.873,0
2458.986,0
2459.099,0
2459.212,2
2459.325,2
2459.437,2
2459.55,2
2459.663,0
2459.776,2
2459.889,2
2460.002,2
2460.115,2
2460.227,0
2460.34,0
2460.453,0
2460.566,0
2460.679,0
2460.792,1
2460.905,1
2461.017,1
2461.13,2
2461.243,4
2461.356,4
2461.469,4
2461.582,3
2461.695,4
2461.808,3
2461.921,2
2462.033,2
2462.146,2
2462.259,2
2462.372,2
2462.485,4
2462.598,3
2462.711,3
2462.824,4
2462.937,2
2463.05,2
2463.163,2
2463.276,1
2463.389,0
2463.501,0
2463.614,3
2463.727,4
2463.84,5
2463.953,6
2464.066,9
2464.179,7
2464.292,5
2464.405,3
2464.518,1
2464.631,1
2464.744,1
2464.857,1
2464.97,0
2465.083,0
2465.196,0
2465.309,0
2465.422,0
2465.535,2
2465.648,3
2465.761,3
2465.874,3
2465.987,1
2466.1,0
2466.213,1
2466.326,1
2466.439,1
2466.552,1
2466.665,0
2466.778,0
2466.891,0
2467.004,3
2467.117,3
2467.23,3
2467.343,3
2467.456,1
2467.569,1
2467.682,1
2467.795,1
2467.908,0
2468.021,0
2468.134,0
2468.247,1
2468.36,1
2468.473,1
2468.586,2
2468.699,1
2468.812,1
2468.925,1
2469.039,0
2469.152,0
2469.265,0
2469.378,0
2469.491,0
2469.604,0
2469.717,0
2469.83,0
2469.943,0
2470.056,1
2470.169,1
2470.282,2
2470.396,3
2470.509,3
2470.622,4
2470.735,5
2470.848,6
2470.961,6
2471.074,6
2471.187,4
2471.3,4
2471.414,4
2471.527,4
2471.64,1
2471.753,0
2471.866,0
2471.979,0
2472.092,1
2472.205,1
2472.319,2
2472.432,3
2472.545,2
2472.658,2
2472.771,1
2472.884,0
2472.998,0
2473.111,1
2473.224,2
2473.337,2
2473.45,2
2473.563,1
2473.677,0
2473.79,0
2473.903,2
2474.016,2
2474.129,2
2474.242,3
2474.356,5
2474.469,7
2474.582,12
2474.695,14
2474.808,11
2474.922,10
2475.035,7
2475.148,3
2475.261,6
2475.375,6
2475.488,5
2475.601,4
2475.714,1
2475.827,1
2475.941,1
2476.054,0
2476.167,0
2476.28,0
2476.394,0
2476.507,0
2476.62,1
2476.733,2
2476.847,4
2476.96,6
2477.073,6
2477.186,6
2477.3,5
2477.413,6
2477.526,5
2477.639,5
2477.753,4
2477.866,4
2477.979,5
2478.092,5
2478.206,6
2478.319,5
2478.432,4
2478.546,3
2478.659,2
2478.772,0
2478.885,0
2478.999,0
2479.112,2
2479.225,3
2479.339,3
2479.452,3
2479.565,2
2479.679,1
2479.792,1
2479.905,2
2480.019,2
2480.132,3
2480.245,3
2480.359,2
2480.472,1
2480.585,0
2480.699,0
2480.812,0
2480.925,0
2481.039,1
2481.152,1
2481.265,1
2481.379,1
2481.492,1
2481.605,1
2481.719,1
2481.832,1
2481.946,1
2482.059,1
2482.172,1
2482.286,1
2482.399,2
2482.512,2
2482.626,2
2482.739,2
2482.853,0
2482.966,0
2483.079,0
2483.193,1
2483.306,2
2483.42,2
2483.533,2
2483.646,2
2483.76,1
2483.873,1
2483.987,1
2484.1,0
2484.213,0
2484.327,0
2484.44,0
2484.554,1
2484.667,1
2484.781,1
2484.894,1
2485.007,0
2485.121,0
2485.234,0
2485.348,0
2485.461,0
2485.575,2
2485.688,2
2485.802,2
2485.915,2
2486.029,5
2486.142,4
2486.255,3
2486.369,2
2486.482,0
2486.596,0
2486.709,0
2486.823,0
2486.936,0
2487.05,0
2487.163,0
2487.277,0
2487.39,0
2487.504,0
2487.617,0
2487.731,0
2487.844,1
2487.958,1
2488.071,1
2488.185,1
2488.298,2
2488.412,2
2488.525,2
2488.639,4
2488.753,2
2488.866,2
2488.98,3
2489.093,1
2489.207,1
2489.32,2
2489.434,6
2489.547,6
2489.661,7
2489.774,5
2489.888,3
2490.001,2
2490.115,1
2490.229,1
2490.342,1
2490.456,1
2490.569,0
2490.683,0
2490.796,0
2490.91,0
2491.024,1
2491.137,1
2491.251,1
2491.364,1
2491.478,0
2491.592,0
2491.705,1
2491.819,1
2491.932,1
2492.046,1
2492.16,4
2492.273,5
2492.387,5
2492.5,5
2492.614,3
2492.728,2
2492.841,2
2492.955,2
2493.069,0
2493.182,0
2493.296,0
2493.409,0
2493.523,0
2493.637,0
2493.75,0
2493.864,1
2493.978,3
2494.091,4
2494.205,7
2494.319,7
2494.432,6
2494.546,6
2494.66,2
2494.773,2
2494.887,2
2495.001,2
2495.114,0
2495.228,0
2495.342,1
2495.455,2
2495.569,5
2495.683,6
2495.796,6
2495.91,7
2496.024,5
2496.138,4
2496.251,4
2496.365,6
2496.479,6
2496.592,4
2496.706,4
2496.82,1
2496.934,1
2497.047,0
2497.161,0
2497.275,1
2497.388,1
2497.502,1
2497.616,1
2497.73,0
2497.843,3
2497.957,7
2498.071,11
2498.185,15
2498.298,15
2498.412,13
2498.526,11
2498.64,8
2498.753,7
2498.867,6
2498.981,5
2499.095,1
2499.208,1
2499.322,1
2499.436,1
2499.55,1
2499.664,0
2499.777,0
2499.891,0
2500.005,0
