mz,abundance
700.017,15
700.077,13
700.136,11
700.196,12
700.255,7
700.315,7
700.374,7
700.434,6
700.493,5
700.553,2
700.612,2
700.672,0
700.731,3
700.791,3
700.851,3
700.91,4
700.97,2
701.029,3
701.089,3
701.148,3
701.208,3
701.267,2
701.327,2
701.386,1
701.446,0
701.506,0
701.565,0
701.625,2
701.684,2
701.744,2
701.803,2
701.863,0
701.923,0
701.982,1
702.042,1
702.101,1
702.161,3
702.221,2
702.28,2
702.34,2
702.399,0
702.459,0
702.519,0
702.578,0
702.638,0
702.698,0
702.757,0
702.817,0
702.876,0
702.936,0
702.996,0
703.055,0
703.115,0
703.175,1
703.234,1
703.294,2
703.353,2
703.413,2
703.473,2
703.532,2
703.592,2
703.652,1
703.711,2
703.771,1
703.831,1
703.89,1
703.95,0
704.01,0
704.069,0
704.129,0
704.189,0
704.249,1
704.308,1
704.368,4
704.428,7
704.487,6
704.547,7
704.607,4
704.666,3
704.726,3
704.786,2
704.846,2
704.905,0
704.965,0
705.025,0
705.084,0
705.144,0
705.204,0
705.264,0
705.323,0
705.383,0
705.443,0
705.503,0
705.562,0
705.622,0
705.682,1
705.741,1
705.801,3
705.861,3
705.921,2
705.981,2
706.04,1
706.1,1
706.16,1
706.22,1
706.279,0
706.339,0
706.399,0
706.459,0
706.518,0
706.578,0
706.638,0
706.698,0
706.758,2
706.817,2
706.877,2
706.937,3
706.997,1
707.057,2
707.116,2
707.176,1
707.236,1
707.296,0
707.356,0
707.416,1
707.475,1
707.535,1
707.595,1
707.655,2
707.715,3
707.775,4
707.834,5
707.894,4
707.954,6
708.014,6
708.074,3
708.134,4
708.193,9
708.253,9
708.313,8
708.373,7
708.433,2
708.493,2
708.553,2
708.613,2
708.672,0
708.732,0
708.792,0
708.852,1
708.912,1
708.972,1
709.032,1
709.092,0
709.151,1
709.211,1
709.271,2
709.331,2
709.391,2
709.451,2
709.511,1
709.571,1
709.631,0
709.691,0
709.751,0
709.811,0
709.87,4
709.93,5
709.99,6
710.05,6
710.11,2
710.17,1
710.23,0
710.29,2
710.35,3
710.41,3
710.47,3
710.53,1
710.59,0
710.65,0
710.71,0
710.77,0
710.83,0
710.89,0
710.95,0
711.01,0
711.07,0
711.129,0
711.189,0
711.249,0
711.309,0
711.369,1
711.429,1
711.489,1
711.549,1
711.609,0
711.669,1
711.729,1
711.789,1
711.849,1
711.909,2
711.969,2
712.03,2
712.09,2
712.15,0
712.21,0
712.27,0
712.33,0
712.39,1
712.45,1
712.51,1
712.57,1
712.63,0
712.69,0
712.75,1
712.81,1
712.87,1
712.93,1
712.99,3
713.05,3
713.11,3
713.17,3
713.23,1
713.291,1
713.351,1
713.411,1
713.471,0
713.531,0
713.591,1
713.651,1
713.711,1
713.771,2
713.831,1
713.891,2
713.951,3
714.012,2
714.072,2
714.132,2
714.192,2
714.252,3
714.312,5
714.372,4
714.432,3
714.493,2
714.553,0
714.613,0
714.673,0
714.733,1
714.793,1
714.853,1
714.913,1
714.974,0
715.034,0
715.094,0
715.154,1
715.214,1
715.274,1
715.335,1
715.395,3
715.455,3
715.515,4
715.575,4
715.635,1
715.696,1
715.756,0
715.816,0
715.876,0
715.936,0
715.996,0
716.057,1
716.117,1
716.177,1
716.237,1
716.297,0
716.358,0
716.418,2
716.478,2
716.538,2
716.598,3
716.659,2
716.719,2
716.779,2
716.839,1
716.9,0
716.96,0
717.02,0
717.08,0
717.141,0
717.201,0
717.261,0
717.321,0
717.381,0
717.442,0
717.502,0
717.562,0
717.623,0
717.683,0
717.743,0
717.803,0
717.864,0
717.924,3
717.984,3
718.044,4
718.105,4
718.165,2
718.225,2
718.286,1
718.346,1
718.406,0
718.466,0
718.527,0
718.587,0
718.647,0
718.708,0
718.768,1
718.828,1
718.889,4
718.949,4
719.009,3
719.069,3
719.13,0
719.19,0
719.25,0
719.311,0
719.371,0
719.431,1
719.492,1
719.552,1
719.612,2
719.673,5
719.733,5
719.794,5
719.854,5
719.914,2
719.975,4
720.035,4
720.095,3
720.156,2
720.216,0
720.276,0
720.337,0
720.397,0
720.458,0
720.518,0
720.578,0
720.639,0
720.699,0
720.759,0
720.82,0
720.88,1
720.941,1
721.001,1
721.061,2
721.122,4
721.182,4
721.243,4
721.303,3
721.364,0
721.424,0
721.484,0
721.545,0
721.605,0
721.666,0
721.726,0
721.786,0
721.847,0
721.907,0
721.968,0
722.028,0
722.089,0
722.149,0
722.21,0
722.27,1
722.331,1
722.391,2
722.451,2
722.512,1
722.572,1
722.633,0
722.693,0
722.754,0
722.814,1
722.875,2
722.935,3
722.996,4
723.056,4
723.117,6
723.177,5
723.238,4
723.298,3
723.359,1
723.419,1
723.48,1
723.54,4
723.601,3
723.661,3
723.722,3
723.782,1
723.843,1
723.903,1
723.964,1
724.024,0
724.085,0
724.145,0
724.206,1
724.267,1
724.327,2
724.388,2
724.448,1
724.509,1
724.569,1
724.63,1
724.69,1
724.751,2
724.812,1
724.872,1
724.933,1
724.993,0
725.054,0
725.114,0
725.175,0
725.236,0
725.296,0
725.357,0
725.417,0
725.478,0
725.538,0
725.599,0
725.66,0
725.72,0
725.781,3
725.841,3
725.902,3
725.963,3
726.023,1
726.084,1
726.145,1
726.205,1
726.266,0
726.326,0
726.387,0
726.448,0
726.508,1
726.569,4
726.63,5
726.69,6
726.751,6
726.812,6
726.872,6
726.933,4
726.993,4
727.054,2
727.115,3
727.175,2
727.236,2
727.297,2
727.357,2
727.418,1
727.479,2
727.54,3
727.6,7
727.661,8
727.722,6
727.782,4
727.843,2
727.904,1
727.964,1
728.025,1
728.086,1
728.146,0
728.207,0
728.268,0
728.329,2
728.389,2
728.45,2
728.511,2
728.571,3
728.632,3
728.693,3
728.754,3
728.814,0
728.875,0
728.936,0
728.997,0
729.057,0
729.118,1
729.179,1
729.24,1
729.3,1
729.361,0
729.422,2
729.483,2
729.543,3
729.604,7
729.665,6
729.726,7
729.786,6
729.847,2
729.908,1
729.969,0
730.03,0
730.09,0
730.151,0
730.212,0
730.273,3
730.334,3
730.394,3
730.455,3
730.516,3
730.577,3
730.638,3
730.698,3
730.759,8
730.82,7
730.881,6
730.942,5
731.002,2
731.063,3
731.124,3
731.185,3
731.246,1
731.307,0
731.367,0
731.428,2
731.489,2
731.55,3
731.611,3
731.672,1
731.733,1
731.793,0
731.854,1
731.915,3
731.976,4
732.037,4
732.098,3
732.159,1
732.219,1
732.28,1
732.341,1
732.402,1
732.463,0
732.524,0
732.585,0
732.646,0
732.707,0
732.767,0
732.828,0
732.889,0
732.95,0
733.011,0
733.072,0
733.133,3
733.194,4
733.255,4
733.316,4
733.377,2
733.438,2
733.498,3
733.559,3
733.62,3
733.681,2
733.742,1
733.803,1
733.864,3
733.925,3
733.986,3
734.047,3
734.108,2
734.169,2
734.23,2
734.291,2
734.352,0
734.413,1
734.474,1
734.535,2
734.596,2
734.657,2
734.718,3
734.779,2
734.84,2
734.901,1
734.962,0
735.023,0
735.084,0
735.145,1
735.206,1
735.267,1
735.328,1
735.389,0
735.45,0
735.511,0
735.572,0
735.633,0
735.694,0
735.755,0
735.816,0
735.877,0
735.938,0
735.999,0
736.06,0
736.121,0
736.182,0
736.243,0
736.304,0
736.365,0
736.426,0
736.487,0
736.548,1
736.609,2
736.67,2
736.731,3
736.793,2
736.854,2
736.915,2
736.976,1
737.037,1
737.098,0
737.159,0
737.22,3
737.281,3
737.342,3
737.403,3
737.464,0
737.526,1
737.587,1
737.648,1
737.709,1
737.77,0
737.831,0
737.892,0
737.953,0
738.014,0
738.076,1
738.137,1
738.198,1
738.259,1
738.32,0
738.381,0
738.442,1
738.503,1
738.565,3
738.626,3
738.687,2
738.748,2
738.809,1
738.87,1
738.932,1
738.993,2
739.054,1
739.115,1
739.176,1
739.237,0
739.299,0
739.36,0
739.421,0
739.482,0
739.543,0
739.604,0
739.666,0
739.727,0
739.788,0
739.849,0
739.91,0
739.972,0
740.033,0
740.094,0
740.155,0
740.216,0
740.278,0
740.339,0
740.4,0
740.461,0
740.523,0
740.584,1
740.645,1
740.706,1
740.767,1
740.829,0
740.89,0
740.951,0
741.012,0
741.074,0
741.135,0
741.196,0
741.257,0
741.319,0
741.38,0
741.441,0
741.503,0
741.564,1
741.625,2
741.686,2
741.748,2
741.809,1
741.87,0
741.931,0
741.993,4
742.054,4
742.115,4
742.177,4
742.238,2
742.299,2
742.361,2
742.422,2
742.483,0
742.544,0
742.606,0
742.667,0
742.728,0
742.79,1
742.851,1
742.912,1
742.974,1
743.035,0
743.096,0
743.158,0
743.219,0
743.28,0
743.342,0
743.403,0
743.464,0
743.526,0
743.587,0
743.648,0
743.71,0
743.771,0
743.833,0
743.894,1
743.955,1
744.017,2
744.078,2
744.139,1
744.201,1
744.262,0
744.324,3
744.385,3
744.446,3
744.508,4
744.569,2
744.631,2
744.692,2
744.753,1
744.815,0
744.876,0
744.938,0
744.999,0
745.06,1
745.122,1
745.183,1
745.245,4
745.306,5
745.367,5
745.429,5
745.49,4
745.552,2
745.613,2
745.675,2
745.736,0
745.798,0
745.859,0
745.92,0
745.982,0
746.043,0
746.105,0
746.166,0
746.228,0
746.289,0
746.351,0
746.412,0
746.474,0
746.535,1
746.597,1
746.658,1
746.72,2
746.781,1
746.843,2
746.904,2
746.966,5
747.027,7
747.089,8
747.15,10
747.212,7
747.273,6
747.335,5
747.396,5
747.458,6
747.519,6
747.581,6
747.642,1
747.704,0
747.765,0
747.827,1
747.888,1
747.95,1
748.011,1
748.073,1
748.134,1
748.196,1
748.257,1
748.319,0
748.381,2
748.442,2
748.504,2
748.565,2
748.627,2
748.688,2
748.75,2
748.812,2
748.873,0
748.935,1
748.996,1
749.058,1
749.119,1
749.181,1
749.243,1
749.304,3
749.366,3
749.427,3
749.489,3
749.551,1
749.612,1
749.674,0
749.735,0
749.797,0
749.859,0
749.92,0
749.982,1
750.044,1
750.105,1
750.167,1
750.228,0
750.29,0
750.352,0
750.413,0
750.475,0
750.537,1
750.598,1
750.66,1
750.722,1
750.783,0
750.845,0
750.907,0
750.968,0
751.03,0
751.092,0
751.153,1
751.215,1
751.277,1
751.338,1
751.4,1
751.462,1
751.523,1
751.585,1
751.647,0
751.708,0
751.77,1
751.832,1
751.893,1
751.955,1
752.017,0
752.079,4
752.14,4
752.202,4
752.264,4
752.325,1
752.387,2
752.449,3
752.511,4
752.572,4
752.634,4
752.696,4
752.757,4
752.819,5
752.881,2
752.943,3
753.004,5
753.066,4
753.128,3
753.19,2
753.251,0
753.313,3
753.375,3
753.437,3
753.499,3
753.56,1
753.622,2
753.684,2
753.746,2
753.807,1
753.869,0
753.931,0
753.993,2
754.055,2
754.116,2
754.178,2
754.24,1
754.302,2
754.364,3
754.425,3
754.487,5
754.549,4
754.611,3
754.673,3
754.734,0
754.796,1
754.858,1
754.92,4
754.982,4
755.044,3
755.105,3
755.167,0
755.229,1
755.291,1
755.353,1
755.415,1
755.476,2
755.538,2
755.6,2
755.662,2
755.724,0
755.786,1
755.848,1
755.909,1
755.971,1
756.033,0
756.095,1
756.157,2
756.219,4
756.281,6
756.343,6
756.404,5
756.466,3
756.528,3
756.59,2
756.652,4
756.714,4
756.776,2
756.838,2
756.9,0
756.962,0
757.024,0
757.085,0
757.147,0
757.209,0
757.271,0
757.333,0
757.395,0
757.457,0
757.519,0
757.581,0
757.643,0
757.705,0
757.767,0
757.829,0
757.891,1
757.953,1
758.014,1
758.076,1
758.138,0
758.2,0
758.262,0
758.324,0
758.386,0
758.448,0
758.51,1
758.572,1
758.634,1
758.696,1
758.758,0
758.82,0
758.882,0
758.944,0
759.006,1
759.068,1
759.13,1
759.192,1
759.254,0
759.316,1
759.378,1
759.44,1
759.502,1
759.564,0
759.626,0
759.688,0
759.75,0
759.812,0
759.874,0
759.936,0
759.998,0
760.06,0
760.122,0
760.184,0
760.247,0
760.309,0
760.371,0
760.433,0
760.495,0
760.557,0
760.619,0
760.681,0
760.743,0
760.805,0
760.867,0
760.929,0
760.991,0
761.053,0
761.115,0
761.178,0
761.24,1
761.302,1
761.364,1
761.426,1
761.488,0
761.55,0
761.612,0
761.674,1
761.736,2
761.799,4
761.861,4
761.923,3
761.985,2
762.047,0
762.109,0
762.171,0
762.233,0
762.296,0
762.358,0
762.42,1
762.482,1
762.544,1
762.606,1
762.668,0
762.731,3
762.793,5
762.855,7
762.917,9
762.979,8
763.041,7
763.103,6
763.166,5
763.228,2
763.29,2
763.352,2
763.414,2
763.477,1
763.539,1
763.601,1
763.663,1
763.725,0
763.787,1
763.85,1
763.912,1
763.974,1
764.036,0
764.098,0
764.161,0
764.223,0
764.285,1
764.347,1
764.41,1
764.472,2
764.534,2
764.596,3
764.658,4
764.721,6
764.783,5
764.845,4
764.907,4
764.97,1
765.032,1
765.094,1
765.156,0
765.219,0
765.281,0
765.343,0
765.405,0
765.468,0
765.53,0
765.592,0
765.654,0
765.717,0
765.779,0
765.841,0
765.904,0
765.966,0
766.028,0
766.09,0
766.153,1
766.215,1
766.277,1
766.34,1
766.402,0
766.464,0
766.527,0
766.589,0
766.651,0
766.713,0
766.776,0
766.838,1
766.9,1
766.963,2
767.025,2
767.087,1
767.15,1
767.212,0
767.274,0
767.337,0
767.399,2
767.461,3
767.524,5
767.586,5
767.648,4
767.711,3
767.773,1
767.836,1
767.898,0
767.96,1
768.023,1
768.085,1
768.147,1
768.21,1
768.272,1
768.335,1
768.397,1
768.459,0
768.522,0
768.584,0
768.646,0
768.709,0
768.771,1
768.834,2
768.896,3
768.958,5
769.021,5
769.083,5
769.146,5
769.208,4
769.271,4
769.333,6
769.395,6
769.458,2
769.52,3
769.583,1
769.645,1
769.708,1
769.77,0
769.832,0
769.895,0
769.957,0
770.02,1
770.082,1
770.145,2
770.207,2
770.27,1
770.332,1
770.395,0
770.457,0
770.519,0
770.582,0
770.644,0
770.707,0
770.769,0
770.832,0
770.894,0
770.957,0
771.019,0
771.082,0
771.144,0
771.207,0
771.269,0
771.332,0
771.394,1
771.457,1
771.519,1
771.582,1
771.644,0
771.707,0
771.769,0
771.832,0
771.895,0
771.957,0
772.02,0
772.082,0
772.145,0
772.207,0
772.27,0
772.332,0
772.395,0
772.457,0
772.52,0
772.582,0
772.645,1
772.708,1
772.77,1
772.833,1
772.895,0
772.958,0
773.02,0
773.083,0
773.146,0
773.208,0
773.271,0
773.333,0
773.396,0
773.459,0
773.521,1
773.584,1
773.646,1
773.709,3
773.772,2
773.834,2
773.897,2
773.959,1
774.022,1
774.085,1
774.147,1
774.21,0
774.272,0
774.335,0
774.398,0
774.46,0
774.523,0
774.586,0
774.648,0
774.711,0
774.774,1
774.836,1
774.899,1
774.962,2
775.024,1
775.087,1
775.149,1
775.212,0
775.275,0
775.337,0
775.4,0
775.463,0
775.525,0
775.588,0
775.651,0
775.714,0
775.776,0
775.839,0
775.902,0
775.964,0
776.027,1
776.09,1
776.152,1
776.215,1
776.278,0
776.341,0
776.403,0
776.466,0
776.529,0
776.591,0
776.654,0
776.717,2
776.78,2
776.842,2
776.905,2
776.968,1
777.031,1
777.093,1
777.156,1
777.219,1
777.281,1
777.344,1
777.407,1
777.47,0
777.533,1
777.595,1
777.658,1
777.721,1
777.784,0
777.846,0
777.909,0
777.972,0
778.035,0
778.097,0
778.16,0
778.223,0
778.286,0
778.349,1
778.411,1
778.474,1
778.537,1
778.6,3
778.663,3
778.725,3
778.788,3
778.851,0
778.914,0
778.977,0
779.039,0
779.102,1
779.165,1
779.228,1
779.291,1
779.354,0
779.416,0
779.479,0
779.542,0
779.605,0
779.668,1
779.731,1
779.794,1
779.856,2
779.919,1
779.982,1
780.045,1
780.108,0
780.171,0
780.234,0
780.296,0
780.359,0
780.422,0
780.485,0
780.548,0
780.611,0
780.674,3
780.737,4
780.8,4
780.862,7
780.925,6
780.988,5
781.051,5
781.114,3
781.177,2
781.24,2
781.303,2
781.366,1
781.429,0
781.491,0
781.554,0
781.617,0
781.68,0
781.743,0
781.806,0
781.869,0
781.932,0
781.995,0
782.058,0
782.121,0
782.184,0
782.247,0
782.31,0
782.373,1
782.436,1
782.499,1
782.562,2
782.625,1
782.687,1
782.75,1
782.813,0
782.876,1
782.939,1
783.002,1
783.065,1
783.128,0
783.191,1
783.254,2
783.317,3
783.38,5
783.443,4
783.506,3
783.569,2
783.632,1
783.695,1
783.758,1
783.821,1
783.884,0
783.947,0
784.01,0
784.073,0
784.136,0
784.2,0
784.263,1
784.326,1
784.389,1
784.452,2
784.515,1
784.578,1
784.641,2
784.704,1
784.767,1
784.83,1
784.893,0
784.956,0
785.019,2
785.082,2
785.145,3
785.208,5
785.271,3
785.335,3
785.398,2
785.461,2
785.524,3
785.587,4
785.65,4
785.713,4
785.776,4
785.839,3
785.902,3
785.965,1
786.029,0
786.092,1
786.155,2
786.218,3
786.281,5
786.344,4
786.407,3
786.47,2
786.533,2
786.597,2
786.66,2
786.723,2
786.786,0
786.849,0
786.912,0
786.975,0
787.039,0
787.102,0
787.165,0
787.228,0
787.291,0
787.354,0
787.418,1
787.481,2
787.544,3
787.607,5
787.67,5
787.733,5
787.797,6
787.86,3
787.923,3
787.986,3
788.049,2
788.112,0
788.176,0
788.239,0
788.302,0
788.365,0
788.428,0
788.492,1
788.555,1
788.618,1
788.681,1
788.745,0
788.808,2
788.871,2
788.934,2
788.997,2
789.061,0
789.124,1
789.187,1
789.25,1
789.314,1
789.377,1
789.44,1
789.503,1
789.567,1
789.63,0
789.693,0
789.756,0
789.82,0
789.883,0
789.946,0
790.009,0
790.073,0
790.136,0
790.199,0
790.262,0
790.326,1
790.389,1
790.452,1
790.516,1
790.579,0
790.642,0
790.705,0
790.769,0
790.832,0
790.895,0
790.959,0
791.022,0
791.085,0
791.149,0
791.212,0
791.275,0
791.339,0
791.402,0
791.465,1
791.529,1
791.592,3
791.655,3
791.719,2
791.782,5
791.845,6
791.909,6
791.972,6
792.035,4
792.099,2
792.162,2
792.225,2
792.289,1
792.352,0
792.415,0
792.479,0
792.542,0
792.606,0
792.669,0
792.732,0
792.796,0
792.859,1
792.922,1
792.986,1
793.049,1
793.113,0
793.176,0
793.239,2
793.303,2
793.366,2
793.43,2
793.493,1
793.556,1
793.62,2
793.683,2
793.747,1
793.81,1
793.874,1
793.937,2
794,2
794.064,2
794.127,1
794.191,0
794.254,0
794.318,0
794.381,0
794.445,1
794.508,4
794.571,5
794.635,6
794.698,6
794.762,4
794.825,4
794.889,2
794.952,2
795.016,2
795.079,2
795.143,0
795.206,0
795.27,0
795.333,0
795.397,0
795.46,0
795.524,1
795.587,1
795.651,2
795.714,2
795.778,1
795.841,1
795.905,0
795.968,0
796.032,0
796.095,0
796.159,0
796.222,0
796.286,0
796.349,0
796.413,0
796.476,0
796.54,0
796.603,0
796.667,0
796.73,0
796.794,0
796.857,0
796.921,0
796.985,0
797.048,1
797.112,1
797.175,1
797.239,1
797.302,0
797.366,0
797.429,2
797.493,3
797.557,4
797.62,4
797.684,2
797.747,1
797.811,0
797.875,0
797.938,1
798.002,1
798.065,1
798.129,1
798.192,0
798.256,0
798.32,0
798.383,0
798.447,0
798.511,0
798.574,0
798.638,0
798.701,0
798.765,0
798.829,0
798.892,0
798.956,0
799.02,0
799.083,1
799.147,1
799.21,1
799.274,1
799.338,0
799.401,0
799.465,0
799.529,0
799.592,0
799.656,0
799.72,1
799.783,1
799.847,1
799.911,1
799.974,0
800.038,0
800.102,0
800.165,0
800.229,1
800.293,1
800.356,1
800.42,1
800.484,0
800.547,0
800.611,0
800.675,0
800.739,0
800.802,0
800.866,0
800.93,0
800.993,2
801.057,2
801.121,2
801.185,2
801.248,1
801.312,1
801.376,1
801.439,1
801.503,0
801.567,0
801.631,0
801.694,0
801.758,0
801.822,0
801.886,0
801.949,0
802.013,0
802.077,0
802.141,2
802.204,3
802.268,6
802.332,6
802.396,5
802.459,4
802.523,3
802.587,3
802.651,2
802.715,2
802.778,0
802.842,0
802.906,1
802.97,2
803.034,3
803.097,3
803.161,2
803.225,1
803.289,0
803.353,0
803.416,0
803.48,0
803.544,0
803.608,0
803.672,0
803.735,0
803.799,1
803.863,1
803.927,1
803.991,1
804.055,0
804.118,0
804.182,0
804.246,1
804.31,1
804.374,1
804.438,1
804.502,0
804.565,0
804.629,0
804.693,0
804.757,0
804.821,0
804.885,0
804.949,0
805.012,0
805.076,2
805.14,3
805.204,4
805.268,5
805.332,4
805.396,3
805.46,2
805.524,2
805.587,1
805.651,1
805.715,2
805.779,1
805.843,1
805.907,1
805.971,0
806.035,1
806.099,2
806.163,2
806.227,2
806.291,1
806.354,0
806.418,0
806.482,0
806.546,0
806.61,0
806.674,0
806.738,0
806.802,0
806.866,1
806.93,1
806.994,2
807.058,3
807.122,3
807.186,3
807.25,2
807.314,1
807.378,0
807.442,0
807.506,0
807.57,0
807.634,0
807.698,0
807.762,0
807.826,0
807.889,0
807.953,0
808.017,0
808.081,1
808.145,1
808.209,2
808.273,4
808.337,4
808.402,7
808.466,7
808.53,6
808.594,6
808.658,3
808.722,4
808.786,4
808.85,5
808.914,2
808.978,1
809.042,1
809.106,0
809.17,0
809.234,0
809.298,0
809.362,0
809.426,0
809.49,0
809.554,1
809.618,1
809.682,1
809.746,1
809.81,0
809.874,0
809.939,2
810.003,2
810.067,2
810.131,2
810.195,0
810.259,0
810.323,0
810.387,0
810.451,0
810.515,0
810.579,0
810.644,0
810.708,0
810.772,0
810.836,0
810.9,0
810.964,0
811.028,0
811.092,0
811.156,0
811.221,0
811.285,0
811.349,0
811.413,0
811.477,0
811.541,0
811.605,0
811.669,1
811.734,1
811.798,1
811.862,1
811.926,0
811.99,0
812.054,0
812.119,1
812.183,1
812.247,1
812.311,1
812.375,0
812.439,0
812.504,0
812.568,0
812.632,0
812.696,0
812.76,0
812.824,0
812.889,0
812.953,2
813.017,2
813.081,3
813.145,3
813.21,1
813.274,1
813.338,0
813.402,1
813.466,1
813.531,1
813.595,1
813.659,0
813.723,0
813.788,0
813.852,0
813.916,0
813.98,1
814.045,2
814.109,2
814.173,2
814.237,1
814.302,0
814.366,0
814.43,0
814.494,0
814.559,0
814.623,0
814.687,0
814.751,0
814.816,0
814.88,0
814.944,0
815.008,0
815.073,0
815.137,0
815.201,0
815.266,0
815.33,0
815.394,0
815.458,0
815.523,0
815.587,0
815.651,0
815.716,0
815.78,0
815.844,0
815.909,0
815.973,1
816.037,1
816.101,1
816.166,1
816.23,0
816.294,0
816.359,0
816.423,0
816.487,0
816.552,0
816.616,0
816.68,0
816.745,0
816.809,0
816.874,0
816.938,0
817.002,1
817.067,1
817.131,2
817.195,2
817.26,2
817.324,2
817.388,1
817.453,1
817.517,3
817.582,3
817.646,3
817.71,3
817.775,0
817.839,1
817.903,1
817.968,1
818.032,1
818.097,0
818.161,0
818.225,0
818.29,0
818.354,0
818.419,0
818.483,0
818.548,0
818.612,0
818.676,0
818.741,0
818.805,0
818.87,0
818.934,0
818.999,0
819.063,0
819.127,0
819.192,0
819.256,0
819.321,1
819.385,1
819.45,2
819.514,2
819.579,1
819.643,1
819.707,2
819.772,2
819.836,4
819.901,4
819.965,2
820.03,2
820.094,0
820.159,0
820.223,0
820.288,0
820.352,0
820.417,0
820.481,2
820.546,2
820.61,3
820.675,3
820.739,2
820.804,3
820.868,2
820.933,2
820.997,1
821.062,2
821.126,3
821.191,3
821.255,5
821.32,3
821.384,3
821.449,3
821.514,1
821.578,1
821.643,0
821.707,0
821.772,0
821.836,0
821.901,0
821.965,0
822.03,0
822.094,1
822.159,1
822.224,1
822.288,1
822.353,0
822.417,0
822.482,0
822.546,1
822.611,1
822.676,1
822.74,1
822.805,0
822.869,0
822.934,0
822.999,0
823.063,0
823.128,0
823.192,0
823.257,1
823.322,1
823.386,1
823.451,1
823.515,0
823.58,0
823.645,0
823.709,1
823.774,1
823.839,1
823.903,1
823.968,0
824.032,0
824.097,0
824.162,0
824.226,0
824.291,0
824.356,0
824.42,0
824.485,0
824.55,0
824.614,0
824.679,0
824.744,0
824.808,0
824.873,1
824.938,1
825.002,1
825.067,1
825.132,1
825.196,1
825.261,1
825.326,1
825.39,0
825.455,0
825.52,1
825.584,2
825.649,3
825.714,4
825.779,5
825.843,5
825.908,6
825.973,3
826.037,3
826.102,3
826.167,2
826.232,1
826.296,0
826.361,0
826.426,1
826.49,1
826.555,1
826.62,2
826.685,3
826.749,4
826.814,4
826.879,3
826.944,1
827.008,0
827.073,1
827.138,1
827.203,1
827.268,1
827.332,0
827.397,1
827.462,2
827.527,2
827.591,2
827.656,1
827.721,0
827.786,0
827.851,0
827.915,0
827.98,0
828.045,0
828.11,0
828.174,0
828.239,0
828.304,1
828.369,1
828.434,1
828.499,1
828.563,0
828.628,0
828.693,0
828.758,0
828.823,0
828.887,2
828.952,2
829.017,2
829.082,2
829.147,0
829.212,0
829.276,0
829.341,0
829.406,0
829.471,0
829.536,0
829.601,0
829.666,0
829.73,0
829.795,1
829.86,1
829.925,1
829.99,1
830.055,0
830.12,0
830.185,0
830.249,0
830.314,0
830.379,0
830.444,0
830.509,0
830.574,0
830.639,0
830.704,0
830.769,0
830.834,0
830.898,0
830.963,0
831.028,0
831.093,0
831.158,1
831.223,1
831.288,2
831.353,2
831.418,1
831.483,1
831.548,0
831.613,0
831.678,0
831.742,0
831.807,0
831.872,0
831.937,0
832.002,0
832.067,0
832.132,0
832.197,0
832.262,0
832.327,0
832.392,0
832.457,0
832.522,0
832.587,1
832.652,1
832.717,1
832.782,1
832.847,0
832.912,1
832.977,1
833.042,1
833.107,1
833.172,0
833.237,0
833.302,0
833.367,0
833.432,1
833.497,1
833.562,1
833.627,1
833.692,0
833.757,0
833.822,0
833.887,0
833.952,0
834.017,1
834.082,1
834.147,2
834.212,2
834.277,3
834.342,3
834.407,3
834.472,3
834.537,1
834.602,1
834.668,0
834.733,1
834.798,1
834.863,1
834.928,2
834.993,1
835.058,1
835.123,1
835.188,0
835.253,0
835.318,0
835.383,0
835.448,0
835.514,0
835.579,0
835.644,0
835.709,0
835.774,0
835.839,0
835.904,0
835.969,0
836.034,0
836.099,0
836.165,0
836.23,0
836.295,0
836.36,0
836.425,0
836.49,0
836.555,0
836.62,0
836.686,0
836.751,0
836.816,0
836.881,0
836.946,0
837.011,1
837.077,3
837.142,3
837.207,3
837.272,2
837.337,1
837.402,1
837.467,1
837.533,1
837.598,0
837.663,0
837.728,0
837.793,0
837.859,0
837.924,0
837.989,0
838.054,1
838.119,1
838.185,2
838.25,2
838.315,1
838.38,1
838.445,0
838.511,0
838.576,0
838.641,1
838.706,1
838.771,2
838.837,2
838.902,1
838.967,1
839.032,0
839.098,0
839.163,0
839.228,0
839.293,0
839.359,0
839.424,0
839.489,0
839.554,0
839.62,0
839.685,0
839.75,0
839.815,0
839.881,0
839.946,0
840.011,0
840.076,0
840.142,2
840.207,5
840.272,5
840.337,8
840.403,7
840.468,5
840.533,5
840.599,3
840.664,2
840.729,1
840.795,2
840.86,1
840.925,1
840.99,2
841.056,3
841.121,3
841.186,3
841.252,2
841.317,0
841.382,0
841.448,1
841.513,2
841.578,3
841.644,4
841.709,4
841.774,6
841.84,9
841.905,6
841.97,6
842.036,8
842.101,8
842.166,5
842.232,3
842.297,1
842.362,0
842.428,0
842.493,1
842.559,1
842.624,2
842.689,2
842.755,1
842.82,1
842.885,0
842.951,1
843.016,1
843.082,1
843.147,1
843.212,0
843.278,0
843.343,0
843.409,0
843.474,0
843.539,0
843.605,0
843.67,0
843.736,0
843.801,0
843.867,0
843.932,3
843.997,6
844.063,6
844.128,6
844.194,3
844.259,0
844.325,1
844.39,1
844.455,1
844.521,2
844.586,1
844.652,1
844.717,1
844.783,0
844.848,0
844.914,0
844.979,0
845.045,0
845.11,0
845.175,0
845.241,0
845.306,1
845.372,1
845.437,1
845.503,1
845.568,0
845.634,0
845.699,0
845.765,0
845.83,0
845.896,0
845.961,0
846.027,0
846.092,0
846.158,0
846.223,0
846.289,0
846.354,0
846.42,0
846.485,0
846.551,0
846.617,1
846.682,1
846.748,1
846.813,1
846.879,0
846.944,0
847.01,0
847.075,0
847.141,4
847.206,4
847.272,4
847.338,4
847.403,0
847.469,0
847.534,0
847.6,0
847.665,0
847.731,1
847.797,1
847.862,1
847.928,1
847.993,0
848.059,0
848.124,0
848.19,3
848.256,3
848.321,3
848.387,3
848.452,0
848.518,0
848.584,0
848.649,0
848.715,0
848.78,1
848.846,1
848.912,1
848.977,1
849.043,1
849.109,1
849.174,1
849.24,1
849.305,0
849.371,0
849.437,0
849.502,0
849.568,3
849.634,3
849.699,3
849.765,3
849.831,0
849.896,0
849.962,0
850.028,0
850.093,0
850.159,0
850.225,0
850.29,0
850.356,0
850.422,0
850.487,0
850.553,0
850.619,0
850.684,0
850.75,0
850.816,0
850.881,0
850.947,1
851.013,1
851.079,1
851.144,1
851.21,1
851.276,1
851.341,1
851.407,1
851.473,0
851.539,0
851.604,0
851.67,0
851.736,1
851.801,1
851.867,1
851.933,1
851.999,0
852.064,0
852.13,1
852.196,2
852.262,2
852.327,2
852.393,2
852.459,1
852.525,1
852.59,1
852.656,0
852.722,0
852.788,0
852.854,0
852.919,0
852.985,0
853.051,1
853.117,1
853.182,1
853.248,1
853.314,0
853.38,0
853.446,0
853.511,0
853.577,0
853.643,1
853.709,3
853.775,4
853.84,6
853.906,6
853.972,6
854.038,5
854.104,3
854.17,3
854.235,3
854.301,3
854.367,3
854.433,2
854.499,0
854.565,1
854.63,2
854.696,2
854.762,2
854.828,1
854.894,0
854.96,0
855.026,0
855.091,0
855.157,0
855.223,0
855.289,0
855.355,0
855.421,1
855.487,2
855.553,2
855.618,2
855.684,1
855.75,0
855.816,0
855.882,0
855.948,1
856.014,1
856.08,1
856.146,4
856.211,4
856.277,4
856.343,5
856.409,2
856.475,1
856.541,1
856.607,0
856.673,0
856.739,3
856.805,5
856.871,5
856.937,5
857.003,2
857.068,1
857.134,1
857.2,1
857.266,4
857.332,4
857.398,4
857.464,4
857.53,1
857.596,3
857.662,3
857.728,3
857.794,3
857.86,0
857.926,1
857.992,1
858.058,2
858.124,2
858.19,2
858.256,2
858.322,1
858.388,1
858.454,0
858.52,0
858.586,1
858.652,1
858.718,1
858.784,1
858.85,0
858.916,0
858.982,0
859.048,0
859.114,1
859.18,1
859.246,4
859.312,4
859.378,3
859.444,4
859.51,3
859.576,3
859.642,3
859.708,2
859.774,1
859.84,1
859.906,1
859.972,2
860.038,1
860.104,1
860.17,2
860.237,1
860.303,1
860.369,1
860.435,1
860.501,1
860.567,1
860.633,1
860.699,2
860.765,2
860.831,3
860.897,3
860.963,2
861.029,2
861.096,2
861.162,2
861.228,1
861.294,1
861.36,0
861.426,0
861.492,0
861.558,0
861.624,0
861.691,0
861.757,1
861.823,1
861.889,1
861.955,1
862.021,0
862.087,0
862.153,1
862.22,1
862.286,2
862.352,2
862.418,1
862.484,2
862.55,1
862.616,1
862.683,1
862.749,0
862.815,0
862.881,0
862.947,1
863.013,1
863.08,1
863.146,1
863.212,0
863.278,0
863.344,1
863.411,2
863.477,3
863.543,3
863.609,2
863.675,1
863.742,1
863.808,2
863.874,2
863.94,2
864.006,1
864.073,0
864.139,2
864.205,2
864.271,3
864.337,3
864.404,1
864.47,1
864.536,0
864.602,0
864.669,0
864.735,0
864.801,1
864.867,1
864.934,2
865,2
865.066,1
865.132,2
865.199,1
865.265,1
865.331,1
865.397,0
865.464,0
865.53,0
865.596,1
865.662,1
865.729,1
865.795,1
865.861,0
865.928,0
865.994,0
866.06,0
866.126,0
866.193,0
866.259,0
866.325,0
866.392,0
866.458,0
866.524,0
866.591,0
866.657,1
866.723,1
866.789,1
866.856,1
866.922,1
866.988,1
867.055,2
867.121,2
867.187,2
867.254,3
867.32,2
867.386,2
867.453,2
867.519,1
867.585,1
867.652,1
867.718,0
867.785,0
867.851,2
867.917,3
867.984,3
868.05,3
868.116,1
868.183,0
868.249,1
868.315,2
868.382,2
868.448,2
868.515,1
868.581,0
868.647,0
868.714,0
868.78,0
868.847,0
868.913,0
868.979,0
869.046,0
869.112,0
869.179,1
869.245,1
869.311,2
869.378,2
869.444,1
869.511,1
869.577,0
869.644,0
869.71,0
869.776,0
869.843,0
869.909,0
869.976,0
870.042,0
870.109,0
870.175,0
870.242,0
870.308,0
870.374,0
870.441,0
870.507,0
870.574,0
870.64,0
870.707,0
870.773,0
870.84,0
870.906,0
870.973,0
871.039,0
871.106,0
871.172,1
871.239,1
871.305,1
871.372,1
871.438,3
871.505,3
871.571,3
871.638,3
871.704,0
871.771,0
871.837,1
871.904,1
871.97,2
872.037,2
872.103,1
872.17,1
872.236,0
872.303,0
872.369,0
872.436,2
872.502,2
872.569,2
872.635,4
872.702,5
872.769,5
872.835,5
872.902,3
872.968,0
873.035,0
873.101,0
873.168,2
873.234,2
873.301,2
873.368,2
873.434,0
873.501,0
873.567,0
873.634,0
873.701,0
873.767,0
873.834,1
873.9,1
873.967,2
874.033,2
874.1,1
874.167,1
874.233,2
874.3,2
874.367,3
874.433,3
874.5,2
874.566,2
874.633,2
874.7,2
874.766,2
874.833,2
874.9,2
874.966,2
875.033,1
875.099,1
875.166,0
875.233,0
875.299,1
875.366,1
875.433,1
875.499,1
875.566,0
875.633,0
875.699,0
875.766,0
875.833,0
875.899,0
875.966,0
876.033,0
876.099,0
876.166,0
876.233,0
876.299,0
876.366,0
876.433,0
876.499,1
876.566,1
876.633,2
876.7,2
876.766,1
876.833,2
876.9,2
876.966,2
877.033,2
877.1,1
877.167,2
877.233,2
877.3,2
877.367,2
877.433,0
877.5,0
877.567,1
877.634,1
877.7,1
877.767,1
877.834,0
877.901,0
877.967,0
878.034,0
878.101,0
878.168,0
878.234,0
878.301,0
878.368,0
878.435,1
878.501,1
878.568,1
878.635,1
878.702,1
878.769,1
878.835,1
878.902,1
878.969,0
879.036,0
879.102,0
879.169,0
879.236,0
879.303,1
879.37,1
879.437,1
879.503,1
879.57,0
879.637,0
879.704,0
879.771,0
879.837,0
879.904,0
879.971,0
880.038,0
880.105,0
880.172,0
880.238,0
880.305,0
880.372,0
880.439,0
880.506,0
880.573,0
880.639,0
880.706,0
880.773,0
880.84,1
880.907,1
880.974,2
881.041,2
881.108,1
881.174,1
881.241,3
881.308,3
881.375,3
881.442,6
881.509,3
881.576,3
881.643,3
881.709,0
881.776,0
881.843,0
881.91,0
881.977,0
882.044,0
882.111,0
882.178,0
882.245,0
882.312,0
882.379,0
882.445,1
882.512,1
882.579,3
882.646,3
882.713,2
882.78,2
882.847,1
882.914,1
882.981,1
883.048,2
883.115,1
883.182,1
883.249,1
883.316,1
883.383,1
883.45,1
883.517,1
883.584,1
883.651,1
883.718,1
883.784,1
883.851,0
883.918,1
883.985,1
884.052,1
884.119,2
884.186,1
884.253,2
884.32,2
884.387,1
884.454,1
884.521,1
884.588,1
884.655,1
884.722,1
884.789,0
884.856,1
884.923,3
884.99,3
885.057,3
885.125,2
885.192,0
885.259,0
885.326,0
885.393,0
885.46,0
885.527,0
885.594,0
885.661,0
885.728,0
885.795,0
885.862,0
885.929,0
885.996,0
886.063,0
886.13,0
886.197,0
886.264,0
886.331,0
886.399,0
886.466,0
886.533,0
886.6,0
886.667,0
886.734,0
886.801,0
886.868,0
886.935,0
887.002,0
887.069,0
887.136,0
887.204,0
887.271,0
887.338,0
887.405,0
887.472,0
887.539,0
887.606,0
887.673,0
887.741,0
887.808,0
887.875,0
887.942,0
888.009,0
888.076,0
888.143,1
888.211,1
888.278,1
888.345,1
888.412,0
888.479,0
888.546,0
888.613,0
888.681,0
888.748,0
888.815,0
888.882,0
888.949,0
889.016,0
889.084,0
889.151,0
889.218,0
889.285,0
889.352,0
889.42,0
889.487,2
889.554,2
889.621,2
889.688,4
889.756,3
889.823,4
889.89,4
889.957,2
890.024,1
890.092,0
890.159,0
890.226,0
890.293,0
890.36,0
890.428,0
890.495,0
890.562,0
890.629,0
890.697,0
890.764,0
890.831,0
890.898,0
890.966,0
891.033,0
891.1,1
891.167,1
891.235,1
891.302,1
891.369,0
891.436,0
891.504,1
891.571,1
891.638,1
891.706,1
891.773,0
891.84,0
891.907,0
891.975,0
892.042,0
892.109,0
892.177,0
892.244,0
892.311,0
892.378,0
892.446,0
892.513,0
892.58,1
892.648,1
892.715,1
892.782,2
892.85,1
892.917,1
892.984,1
893.052,0
893.119,1
893.186,1
893.254,2
893.321,2
893.388,1
893.456,2
893.523,1
893.59,1
893.658,1
893.725,1
893.792,3
893.86,3
893.927,4
893.995,3
894.062,4
894.129,4
894.197,3
894.264,3
894.331,0
894.399,1
894.466,2
894.534,2
894.601,2
894.668,1
894.736,0
894.803,0
894.871,1
894.938,1
895.005,1
895.073,2
895.14,1
895.208,1
895.275,1
895.342,0
895.41,0
895.477,2
895.545,2
895.612,2
895.68,2
895.747,1
895.814,1
895.882,1
895.949,2
896.017,1
896.084,1
896.152,1
896.219,2
896.287,2
896.354,3
896.421,3
896.489,2
896.556,2
896.624,3
896.691,3
896.759,2
896.826,2
896.894,2
896.961,2
897.029,2
897.096,2
897.164,1
897.231,1
897.299,2
897.366,2
897.434,1
897.501,1
897.569,0
897.636,0
897.704,0
897.771,0
897.839,0
897.906,0
897.974,0
898.041,0
898.109,0
898.176,0
898.244,1
898.311,1
898.379,1
898.446,1
898.514,0
898.582,0
898.649,0
898.717,0
898.784,0
898.852,0
898.919,0
898.987,0
899.054,0
899.122,0
899.19,0
899.257,0
899.325,0
899.392,0
899.46,0
899.527,0
899.595,1
899.663,1
899.73,1
899.798,2
899.865,2
899.933,2
900.001,3
900.068,3
900.136,2
900.203,2
900.271,1
900.339,0
900.406,2
900.474,2
900.541,4
900.609,4
900.677,2
900.744,4
900.812,3
900.879,3
900.947,4
901.015,2
901.082,1
901.15,2
901.218,1
901.285,2
901.353,2
901.421,1
901.488,1
901.556,0
901.624,0
901.691,0
901.759,0
901.827,0
901.894,0
901.962,1
902.03,1
902.097,1
902.165,1
902.233,1
902.3,1
902.368,1
902.436,3
902.503,3
902.571,3
902.639,3
902.706,7
902.774,6
902.842,6
902.91,6
902.977,2
903.045,2
903.113,2
903.18,2
903.248,0
903.316,0
903.384,0
903.451,0
903.519,0
903.587,1
903.655,2
903.722,2
903.79,2
903.858,3
903.925,2
903.993,2
904.061,4
904.129,2
904.196,3
904.264,3
904.332,4
904.4,4
904.468,4
904.535,4
904.603,1
904.671,2
904.739,1
904.806,1
904.874,1
904.942,0
905.01,0
905.078,0
905.145,0
905.213,0
905.281,0
905.349,0
905.417,0
905.484,0
905.552,1
905.62,1
905.688,1
905.756,1
905.823,0
905.891,0
905.959,1
906.027,3
906.095,3
906.163,3
906.23,4
906.298,3
906.366,4
906.434,4
906.502,3
906.57,4
906.637,4
906.705,6
906.773,5
906.841,6
906.909,5
906.977,3
907.045,3
907.112,0
907.18,0
907.248,0
907.316,0
907.384,0
907.452,0
907.52,0
907.588,0
907.655,0
907.723,0
907.791,0
907.859,0
907.927,0
907.995,0
908.063,0
908.131,0
908.199,0
908.267,0
908.334,0
908.402,0
908.47,0
908.538,0
908.606,0
908.674,0
908.742,1
908.81,1
908.878,1
908.946,1
909.014,0
909.082,0
909.15,0
909.218,0
909.285,0
909.353,0
909.421,0
909.489,0
909.557,0
909.625,1
909.693,1
909.761,1
909.829,3
909.897,6
909.965,5
910.033,4
910.101,5
910.169,3
910.237,2
910.305,1
910.373,0
910.441,0
910.509,0
910.577,0
910.645,0
910.713,0
910.781,1
910.849,1
910.917,1
910.985,1
911.053,0
911.121,0
911.189,0
911.257,0
911.325,0
911.393,0
911.461,0
911.529,0
911.597,0
911.665,0
911.733,0
911.801,0
911.869,0
911.938,0
912.006,0
912.074,0
912.142,0
912.21,0
912.278,0
912.346,0
912.414,0
912.482,0
912.55,0
912.618,0
912.686,0
912.754,0
912.822,0
912.89,0
912.959,0
913.027,0
913.095,0
913.163,0
913.231,1
913.299,1
913.367,1
913.435,1
913.503,1
913.571,1
913.64,1
913.708,3
913.776,2
913.844,3
913.912,3
913.98,1
914.048,1
914.116,0
914.185,0
914.253,0
914.321,0
914.389,0
914.457,0
914.525,0
914.593,0
914.662,1
914.73,1
914.798,1
914.866,2
914.934,2
915.002,2
915.071,2
915.139,1
915.207,1
915.275,1
915.343,1
915.411,1
915.48,0
915.548,0
915.616,1
915.684,1
915.752,1
915.821,1
915.889,0
915.957,0
916.025,0
916.093,0
916.162,0
916.23,1
916.298,2
916.366,2
916.435,2
916.503,2
916.571,1
916.639,1
916.707,1
916.776,0
916.844,0
916.912,0
916.98,1
917.049,1
917.117,1
917.185,1
917.253,0
917.322,0
917.39,0
917.458,0
917.526,0
917.595,0
917.663,0
917.731,0
917.799,0
917.868,0
917.936,0
918.004,0
918.073,0
918.141,0
918.209,1
918.277,1
918.346,1
918.414,1
918.482,0
918.551,0
918.619,0
918.687,0
918.756,0
918.824,0
918.892,0
918.96,0
919.029,1
919.097,2
919.165,2
919.234,2
919.302,1
919.37,0
919.439,2
919.507,2
919.575,2
919.644,2
919.712,0
919.78,0
919.849,0
919.917,0
919.985,0
920.054,0
920.122,4
920.191,4
920.259,4
920.327,4
920.396,1
920.464,1
920.532,1
920.601,1
920.669,0
920.738,0
920.806,0
920.874,0
920.943,0
921.011,0
921.08,0
921.148,0
921.216,1
921.285,1
921.353,5
921.422,5
921.49,4
921.558,4
921.627,0
921.695,0
921.764,0
921.832,0
921.9,0
921.969,0
922.037,0
922.106,0
922.174,0
922.243,0
922.311,0
922.38,0
922.448,0
922.516,0
922.585,1
922.653,1
922.722,1
922.79,1
922.859,0
922.927,0
922.996,0
923.064,0
923.133,0
923.201,0
923.27,0
923.338,0
923.406,0
923.475,0
923.543,0
923.612,0
923.68,0
923.749,0
923.817,0
923.886,0
923.954,1
924.023,2
924.091,2
924.16,2
924.228,1
924.297,0
924.366,0
924.434,0
924.503,0
924.571,0
924.64,0
924.708,0
924.777,0
924.845,0
924.914,0
924.982,0
925.051,0
925.119,0
925.188,1
925.257,1
925.325,1
925.394,1
925.462,0
925.531,0
925.599,0
925.668,0
925.736,0
925.805,0
925.874,0
925.942,0
926.011,0
926.079,0
926.148,1
926.217,1
926.285,1
926.354,1
926.422,0
926.491,0
926.559,0
926.628,0
926.697,0
926.765,1
926.834,2
926.903,3
926.971,4
927.04,5
927.108,5
927.177,7
927.246,4
927.314,3
927.383,3
927.452,1
927.52,1
927.589,2
927.657,4
927.726,5
927.795,5
927.863,5
927.932,3
928.001,2
928.069,1
928.138,0
928.207,0
928.275,0
928.344,0
928.413,0
928.481,0
928.55,0
928.619,0
928.687,0
928.756,0
928.825,0
928.893,0
928.962,0
929.031,0
929.1,0
929.168,0
929.237,0
929.306,0
929.374,0
929.443,0
929.512,0
929.581,0
929.649,0
929.718,0
929.787,0
929.855,0
929.924,0
929.993,3
930.062,3
930.13,3
930.199,3
930.268,1
930.337,2
930.405,3
930.474,4
930.543,4
930.612,5
930.68,4
930.749,3
930.818,2
930.887,0
930.955,0
931.024,0
931.093,0
931.162,1
931.23,1
931.299,1
931.368,1
931.437,3
931.506,3
931.574,3
931.643,4
931.712,1
931.781,1
931.85,1
931.918,2
931.987,2
932.056,2
932.125,2
932.194,1
932.262,1
932.331,1
932.4,1
932.469,0
932.538,0
932.607,0
932.675,0
932.744,0
932.813,0
932.882,0
932.951,0
933.02,0
933.088,0
933.157,1
933.226,1
933.295,1
933.364,1
933.433,0
933.502,0
933.57,1
933.639,1
933.708,1
933.777,1
933.846,0
933.915,0
933.984,0
934.053,0
934.121,0
934.19,0
934.259,0
934.328,0
934.397,0
934.466,0
934.535,0
934.604,0
934.673,0
934.742,0
934.81,0
934.879,0
934.948,0
935.017,1
935.086,2
935.155,3
935.224,4
935.293,4
935.362,4
935.431,4
935.5,4
935.569,6
935.638,5
935.707,4
935.775,3
935.844,5
935.913,6
935.982,5
936.051,5
936.12,3
936.189,2
936.258,2
936.327,5
936.396,5
936.465,4
936.534,4
936.603,2
936.672,2
936.741,2
936.81,2
936.879,0
936.948,0
937.017,0
937.086,0
937.155,3
937.224,3
937.293,3
937.362,3
937.431,0
937.5,0
937.569,0
937.638,0
937.707,0
937.776,0
937.845,0
937.914,0
937.983,0
938.052,0
938.121,0
938.19,0
938.259,2
938.328,2
938.397,2
938.466,2
938.535,1
938.605,1
938.674,1
938.743,1
938.812,0
938.881,1
938.95,1
939.019,1
939.088,1
939.157,0
939.226,0
939.295,0
939.364,0
939.433,0
939.502,0
939.572,0
939.641,0
939.71,1
939.779,1
939.848,1
939.917,1
939.986,0
940.055,0
940.124,0
940.193,0
940.263,0
940.332,0
940.401,0
940.47,0
940.539,0
940.608,0
940.677,0
940.746,0
940.816,0
940.885,0
940.954,0
941.023,0
941.092,0
941.161,0
941.23,0
941.3,0
941.369,0
941.438,0
941.507,0
941.576,0
941.645,0
941.715,0
941.784,0
941.853,0
941.922,0
941.991,0
942.06,0
942.13,0
942.199,0
942.268,0
942.337,0
942.406,0
942.476,0
942.545,0
942.614,0
942.683,1
942.752,1
942.822,2
942.891,2
942.96,1
943.029,1
943.099,0
943.168,0
943.237,0
943.306,1
943.375,2
943.445,3
943.514,4
943.583,3
943.652,2
943.722,1
943.791,0
943.86,0
943.929,0
943.999,0
944.068,0
944.137,3
944.206,3
944.276,3
944.345,3
944.414,0
944.484,0
944.553,0
944.622,0
944.691,0
944.761,0
944.83,0
944.899,0
944.968,0
945.038,0
945.107,0
945.176,0
945.246,0
945.315,0
945.384,0
945.454,0
945.523,0
945.592,0
945.662,0
945.731,0
945.8,0
945.87,0
945.939,0
946.008,0
946.077,0
946.147,0
946.216,0
946.286,0
946.355,0
946.424,0
946.494,0
946.563,0
946.632,1
946.702,1
946.771,1
946.84,5
946.91,4
946.979,4
947.048,4
947.118,0
947.187,0
947.257,0
947.326,0
947.395,0
947.465,0
947.534,0
947.603,0
947.673,0
947.742,0
947.812,0
947.881,0
947.95,0
948.02,1
948.089,1
948.159,1
948.228,1
948.297,0
948.367,0
948.436,0
948.506,0
948.575,0
948.645,1
948.714,1
948.783,1
948.853,1
948.922,1
948.992,1
949.061,1
949.131,1
949.2,0
949.27,0
949.339,0
949.408,0
949.478,0
949.547,0
949.617,0
949.686,2
949.756,2
949.825,2
949.895,2
949.964,0
950.034,0
950.103,0
950.173,0
950.242,0
950.312,0
950.381,0
950.451,0
950.52,0
950.59,0
950.659,0
950.729,2
950.798,2
950.868,2
950.937,2
951.007,1
951.076,1
951.146,2
951.215,2
951.285,1
951.354,1
951.424,0
951.493,0
951.563,1
951.632,1
951.702,1
951.772,1
951.841,0
951.911,0
951.98,0
952.05,1
952.119,1
952.189,2
952.258,3
952.328,2
952.398,2
952.467,3
952.537,2
952.606,2
952.676,2
952.745,0
952.815,0
952.885,0
952.954,0
953.024,0
953.093,0
953.163,2
953.233,2
953.302,2
953.372,2
953.441,1
953.511,1
953.581,2
953.65,2
953.72,1
953.789,3
953.859,2
953.929,2
953.998,2
954.068,4
954.138,3
954.207,2
954.277,1
954.346,0
954.416,0
954.486,0
954.555,0
954.625,0
954.695,0
954.764,2
954.834,2
954.904,2
954.973,2
955.043,0
955.113,0
955.182,0
955.252,0
955.322,0
955.391,0
955.461,0
955.531,0
955.6,0
955.67,0
955.74,0
955.809,0
955.879,1
955.949,1
956.019,1
956.088,1
956.158,0
956.228,0
956.297,0
956.367,0
956.437,0
956.507,1
956.576,1
956.646,1
956.716,1
956.785,0
956.855,0
956.925,0
956.995,0
957.064,0
957.134,0
957.204,0
957.274,0
957.343,0
957.413,3
957.483,4
957.553,4
957.622,4
957.692,1
957.762,0
957.832,0
957.901,0
957.971,0
958.041,0
958.111,0
958.181,0
958.25,0
958.32,0
958.39,0
958.46,0
958.53,0
958.599,0
958.669,0
958.739,0
958.809,0
958.879,0
958.948,0
959.018,0
959.088,0
959.158,0
959.228,0
959.297,0
959.367,0
959.437,0
959.507,0
959.577,1
959.647,2
959.716,2
959.786,2
959.856,1
959.926,0
959.996,0
960.066,3
960.136,3
960.205,3
960.275,3
960.345,0
960.415,0
960.485,0
960.555,0
960.625,0
960.694,0
960.764,0
960.834,0
960.904,0
960.974,0
961.044,0
961.114,1
961.184,1
961.254,1
961.323,1
961.393,1
961.463,1
961.533,1
961.603,1
961.673,0
961.743,1
961.813,1
961.883,1
961.953,1
962.023,0
962.092,0
962.162,0
962.232,0
962.302,0
962.372,1
962.442,1
962.512,1
962.582,1
962.652,0
962.722,0
962.792,0
962.862,0
962.932,0
963.002,1
963.072,1
963.142,1
963.212,2
963.282,1
963.352,1
963.422,1
963.492,0
963.562,0
963.632,0
963.701,0
963.771,0
963.841,0
963.911,0
963.981,0
964.051,0
964.121,1
964.191,1
964.261,1
964.331,1
964.401,2
964.471,3
964.542,3
964.612,3
964.682,1
964.752,0
964.822,0
964.892,0
964.962,0
965.032,0
965.102,0
965.172,0
965.242,1
965.312,1
965.382,1
965.452,1
965.522,1
965.592,1
965.662,1
965.732,1
965.802,0
965.872,0
965.942,0
966.012,1
966.083,1
966.153,1
966.223,1
966.293,0
966.363,0
966.433,0
966.503,0
966.573,0
966.643,0
966.713,0
966.783,0
966.854,0
966.924,2
966.994,2
967.064,2
967.134,2
967.204,0
967.274,0
967.344,0
967.414,0
967.485,0
967.555,0
967.625,0
967.695,0
967.765,1
967.835,1
967.905,1
967.975,1
968.046,0
968.116,0
968.186,0
968.256,0
968.326,2
968.396,2
968.467,2
968.537,2
968.607,2
968.677,2
968.747,2
968.817,2
968.888,0
968.958,0
969.028,0
969.098,0
969.168,0
969.238,0
969.309,0
969.379,0
969.449,0
969.519,0
969.589,0
969.66,0
969.73,0
969.8,0
969.87,0
969.941,0
970.011,0
970.081,0
970.151,0
970.221,0
970.292,0
970.362,0
970.432,0
970.502,0
970.573,0
970.643,0
970.713,1
970.783,1
970.854,1
970.924,1
970.994,0
971.064,0
971.135,1
971.205,1
971.275,2
971.345,2
971.416,1
971.486,1
971.556,0
971.626,0
971.697,0
971.767,0
971.837,0
971.908,0
971.978,0
972.048,0
972.118,0
972.189,0
972.259,0
972.329,0
972.4,0
972.47,0
972.54,0
972.611,0
972.681,0
972.751,1
972.822,2
972.892,2
972.962,2
973.033,1
973.103,0
973.173,0
973.244,3
973.314,3
973.384,4
973.455,4
973.525,1
973.595,1
973.666,1
973.736,1
973.806,1
973.877,1
973.947,2
974.017,2
974.088,2
974.158,2
974.229,0
974.299,0
974.369,0
974.44,0
974.51,0
974.58,1
974.651,2
974.721,2
974.792,2
974.862,1
974.932,0
975.003,0
975.073,0
975.144,0
975.214,0
975.284,0
975.355,0
975.425,0
975.496,0
975.566,0
975.637,0
975.707,0
975.777,1
975.848,1
975.918,1
975.989,1
976.059,0
976.13,0
976.2,0
976.27,0
976.341,0
976.411,0
976.482,1
976.552,1
976.623,1
976.693,1
976.764,0
976.834,0
976.905,0
976.975,0
977.046,0
977.116,0
977.187,0
977.257,1
977.328,1
977.398,1
977.468,1
977.539,0
977.609,0
977.68,0
977.75,0
977.821,0
977.892,0
977.962,0
978.033,0
978.103,0
978.174,0
978.244,0
978.315,0
978.385,0
978.456,0
978.526,0
978.597,0
978.667,0
978.738,0
978.808,0
978.879,2
978.949,2
979.02,2
979.091,2
979.161,1
979.232,1
979.302,1
979.373,1
979.443,0
979.514,0
979.584,0
979.655,0
979.726,0
979.796,0
979.867,0
979.937,0
980.008,0
980.079,0
980.149,0
980.22,4
980.29,9
980.361,14
980.431,19
980.502,17
980.573,14
980.643,11
980.714,6
980.785,5
980.855,4
980.926,3
980.996,0
981.067,0
981.138,0
981.208,0
981.279,0
981.35,1
981.42,2
981.491,3
981.561,4
981.632,4
981.703,4
981.773,4
981.844,1
981.915,1
981.985,1
982.056,1
982.127,0
982.197,0
982.268,1
982.339,2
982.409,4
982.48,8
982.551,7
982.621,6
982.692,4
982.763,0
982.833,1
982.904,3
982.975,7
983.046,11
983.116,10
983.187,8
983.258,5
983.328,2
983.399,2
983.47,2
983.54,1
983.611,0
983.682,0
983.753,0
983.823,0
983.894,0
983.965,0
984.036,0
984.106,0
984.177,0
984.248,0
984.318,0
984.389,0
984.46,0
984.531,0
984.601,0
984.672,0
984.743,0
984.814,0
984.885,0
984.955,1
985.026,1
985.097,1
985.168,1
985.238,0
985.309,0
985.38,0
985.451,0
985.521,1
985.592,1
985.663,1
985.734,1
985.805,0
985.875,0
985.946,0
986.017,0
986.088,0
986.159,0
986.229,0
986.3,0
986.371,0
986.442,0
986.513,0
986.584,0
986.654,0
986.725,0
986.796,0
986.867,0
986.938,4
987.009,4
987.079,4
987.15,5
987.221,5
987.292,4
987.363,3
987.434,1
987.505,0
987.575,0
987.646,0
987.717,0
987.788,0
987.859,0
987.93,1
988.001,1
988.072,1
988.142,1
988.213,0
988.284,0
988.355,0
988.426,0
988.497,0
988.568,0
988.639,1
988.71,1
988.78,1
988.851,1
988.922,0
988.993,0
989.064,0
989.135,0
989.206,0
989.277,0
989.348,0
989.419,0
989.49,0
989.561,0
989.632,0
989.702,0
989.773,1
989.844,1
989.915,1
989.986,3
990.057,3
990.128,3
990.199,3
990.27,1
990.341,0
990.412,0
990.483,0
990.554,0
990.625,0
990.696,0
990.767,0
990.838,0
990.909,2
990.98,2
991.051,2
991.122,3
991.193,3
991.264,3
991.335,3
991.406,3
991.477,1
991.548,4
991.619,4
991.69,3
991.761,3
991.832,1
991.903,1
991.974,1
992.045,1
992.116,0
992.187,0
992.258,0
992.329,0
992.4,0
992.471,1
992.542,1
992.613,1
992.684,1
992.755,0
992.826,0
992.897,0
992.968,1
993.039,1
993.111,1
993.182,1
993.253,0
993.324,0
993.395,0
993.466,0
993.537,0
993.608,0
993.679,0
993.75,0
993.821,0
993.892,0
993.964,0
994.035,1
994.106,1
994.177,1
994.248,2
994.319,2
994.39,2
994.461,2
994.532,1
994.603,0
994.675,0
994.746,0
994.817,0
994.888,0
994.959,1
995.03,1
995.101,1
995.173,1
995.244,0
995.315,1
995.386,1
995.457,1
995.528,1
995.599,0
995.671,1
995.742,1
995.813,1
995.884,1
995.955,0
996.026,0
996.098,0
996.169,0
996.24,0
996.311,0
996.382,0
996.453,0
996.525,0
996.596,0
996.667,0
996.738,1
996.809,1
996.881,1
996.952,1
997.023,0
997.094,0
997.165,0
997.237,0
997.308,0
997.379,0
997.45,0
997.522,0
997.593,0
997.664,3
997.735,3
997.806,3
997.878,3
997.949,0
998.02,0
998.091,0
998.163,2
998.234,2
998.305,2
998.376,2
998.448,1
998.519,1
998.59,2
998.661,2
998.733,1
998.804,1
998.875,0
998.947,0
999.018,0
999.089,0
999.16,1
999.232,1
999.303,1
999.374,2
999.446,1
999.517,1
999.588,2
999.659,3
999.731,4
999.802,5
999.873,8
999.945,7
1000.016,9
1000.087,9
1000.159,8
1000.23,7
1000.301,4
1000.373,3
1000.444,1
1000.515,1
1000.587,1
1000.658,1
1000.729,0
1000.801,0
1000.872,0
1000.943,0
1001.015,0
1001.086,1
1001.157,1
1001.229,1
1001.3,1
1001.371,0
1001.443,1
1001.514,1
1001.585,1
1001.657,1
1001.728,0
1001.8,0
1001.871,0
1001.942,2
1002.014,2
1002.085,3
1002.157,3
1002.228,1
1002.299,1
1002.371,0
1002.442,0
1002.514,1
1002.585,1
1002.656,1
1002.728,1
1002.799,1
1002.871,2
1002.942,2
1003.013,3
1003.085,2
1003.156,1
1003.228,1
1003.299,0
1003.371,0
1003.442,0
1003.513,0
1003.585,0
1003.656,0
1003.728,3
1003.799,3
1003.871,3
1003.942,3
1004.014,2
1004.085,2
1004.157,2
1004.228,2
1004.299,0
1004.371,0
1004.442,0
1004.514,0
1004.585,0
1004.657,1
1004.728,4
1004.8,5
1004.871,6
1004.943,5
1005.014,2
1005.086,2
1005.157,2
1005.229,2
1005.3,3
1005.372,2
1005.443,1
1005.515,1
1005.586,0
1005.658,0
1005.729,1
1005.801,1
1005.872,1
1005.944,1
1006.016,1
1006.087,1
1006.159,1
1006.23,1
1006.302,1
1006.373,1
1006.445,1
1006.516,1
1006.588,0
1006.659,0
1006.731,0
1006.803,0
1006.874,0
1006.946,1
1007.017,1
1007.089,1
1007.16,1
1007.232,0
1007.304,0
1007.375,0
1007.447,1
1007.518,1
1007.59,1
1007.661,1
1007.733,0
1007.805,0
1007.876,0
1007.948,0
1008.019,3
1008.091,3
1008.163,3
1008.234,3
1008.306,0
1008.377,0
1008.449,0
1008.521,0
1008.592,0
1008.664,1
1008.736,1
1008.807,1
1008.879,1
1008.95,0
1009.022,0
1009.094,0
1009.165,0
1009.237,0
1009.309,0
1009.38,0
1009.452,2
1009.524,2
1009.595,2
1009.667,3
1009.739,1
1009.81,1
1009.882,1
1009.954,0
1010.025,0
1010.097,0
1010.169,0
1010.24,0
1010.312,0
1010.384,0
1010.455,2
1010.527,2
1010.599,4
1010.671,4
1010.742,2
1010.814,2
1010.886,0
1010.957,0
1011.029,0
1011.101,0
1011.173,2
1011.244,2
1011.316,2
1011.388,3
1011.459,4
1011.531,4
1011.603,4
1011.675,3
1011.746,0
1011.818,0
1011.89,1
1011.962,2
1012.033,2
1012.105,5
1012.177,4
1012.249,3
1012.32,3
1012.392,2
1012.464,2
1012.536,2
1012.607,2
1012.679,0
1012.751,0
1012.823,0
1012.895,0
1012.966,0
1013.038,0
1013.11,0
1013.182,0
1013.253,1
1013.325,1
1013.397,2
1013.469,2
1013.541,1
1013.612,1
1013.684,0
1013.756,0
1013.828,0
1013.9,0
1013.971,0
1014.043,0
1014.115,0
1014.187,0
1014.259,0
1014.331,0
1014.402,0
1014.474,0
1014.546,0
1014.618,0
1014.69,0
1014.762,1
1014.834,1
1014.905,1
1014.977,1
1015.049,0
1015.121,1
1015.193,1
1015.265,1
1015.337,1
1015.408,0
1015.48,0
1015.552,0
1015.624,0
1015.696,0
1015.768,0
1015.84,0
1015.912,0
1015.983,1
1016.055,1
1016.127,1
1016.199,2
1016.271,2
1016.343,2
1016.415,2
1016.487,1
1016.559,0
1016.631,0
1016.702,0
1016.774,0
1016.846,0
1016.918,0
1016.99,0
1017.062,0
1017.134,0
1017.206,0
1017.278,1
1017.35,1
1017.422,2
1017.494,2
1017.566,2
1017.638,3
1017.71,4
1017.782,7
1017.853,6
1017.925,5
1017.997,4
1018.069,1
1018.141,1
1018.213,1
1018.285,0
1018.357,0
1018.429,0
1018.501,0
1018.573,0
1018.645,0
1018.717,0
1018.789,1
1018.861,2
1018.933,3
1019.005,4
1019.077,5
1019.149,4
1019.221,3
1019.293,3
1019.365,1
1019.437,2
1019.509,3
1019.581,2
1019.653,2
1019.725,1
1019.797,0
1019.869,0
1019.941,0
1020.013,0
1020.085,0
1020.157,0
1020.23,0
1020.302,0
1020.374,1
1020.446,1
1020.518,3
1020.59,3
1020.662,3
1020.734,4
1020.806,3
1020.878,5
1020.95,6
1021.022,7
1021.094,8
1021.166,8
1021.238,10
1021.31,8
1021.383,6
1021.455,4
1021.527,1
1021.599,1
1021.671,1
1021.743,1
1021.815,0
1021.887,0
1021.959,0
1022.031,0
1022.104,0
1022.176,1
1022.248,1
1022.32,1
1022.392,1
1022.464,3
1022.536,3
1022.608,3
1022.681,3
1022.753,2
1022.825,4
1022.897,6
1022.969,10
1023.041,9
1023.113,8
1023.186,7
1023.258,3
1023.33,3
1023.402,3
1023.474,3
1023.546,3
1023.618,4
1023.691,4
1023.763,4
1023.835,2
1023.907,1
1023.979,1
1024.052,1
1024.124,0
1024.196,0
1024.268,1
1024.34,1
1024.412,1
1024.485,1
1024.557,0
1024.629,0
1024.701,0
1024.773,0
1024.846,0
1024.918,2
1024.99,2
1025.062,2
1025.135,2
1025.207,0
1025.279,0
1025.351,0
1025.423,2
1025.496,3
1025.568,3
1025.64,3
1025.712,2
1025.785,1
1025.857,1
1025.929,1
1026.001,0
1026.074,0
1026.146,0
1026.218,1
1026.29,1
1026.363,1
1026.435,1
1026.507,1
1026.579,1
1026.652,1
1026.724,1
1026.796,0
1026.869,0
1026.941,0
1027.013,0
1027.085,0
1027.158,0
1027.23,0
1027.302,0
1027.375,0
1027.447,0
1027.519,0
1027.591,0
1027.664,1
1027.736,1
1027.808,1
1027.881,1
1027.953,0
1028.025,0
1028.098,0
1028.17,0
1028.242,0
1028.315,0
1028.387,0
1028.459,0
1028.532,0
1028.604,0
1028.676,0
1028.749,1
1028.821,1
1028.893,1
1028.966,2
1029.038,2
1029.111,2
1029.183,2
1029.255,1
1029.328,0
1029.4,0
1029.472,1
1029.545,1
1029.617,1
1029.69,1
1029.762,0
1029.834,0
1029.907,0
1029.979,0
1030.051,0
1030.124,0
1030.196,0
1030.269,0
1030.341,0
1030.413,0
1030.486,0
1030.558,1
1030.631,1
1030.703,1
1030.776,1
1030.848,2
1030.92,2
1030.993,5
1031.065,5
1031.138,5
1031.21,5
1031.283,2
1031.355,2
1031.427,1
1031.5,1
1031.572,1
1031.645,1
1031.717,0
1031.79,0
1031.862,0
1031.935,2
1032.007,2
1032.08,2
1032.152,2
1032.224,1
1032.297,1
1032.369,1
1032.442,1
1032.514,0
1032.587,2
1032.659,2
1032.732,2
1032.804,2
1032.877,3
1032.949,3
1033.022,3
1033.094,3
1033.167,0
1033.239,0
1033.312,0
1033.384,0
1033.457,0
1033.529,0
1033.602,0
1033.674,0
1033.747,0
1033.82,0
1033.892,0
1033.965,0
1034.037,0
1034.11,1
1034.182,1
1034.255,1
1034.327,1
1034.4,0
1034.472,0
1034.545,0
1034.618,0
1034.69,0
1034.763,0
1034.835,0
1034.908,0
1034.98,0
1035.053,0
1035.125,0
1035.198,0
1035.271,0
1035.343,0
1035.416,0
1035.488,0
1035.561,0
1035.634,0
1035.706,0
1035.779,0
1035.851,0
1035.924,0
1035.997,0
1036.069,0
1036.142,0
1036.214,0
1036.287,0
1036.36,0
1036.432,0
1036.505,0
1036.578,1
1036.65,1
1036.723,1
1036.795,1
1036.868,0
1036.941,0
1037.013,0
1037.086,0
1037.159,0
1037.231,0
1037.304,0
1037.377,0
1037.449,1
1037.522,2
1037.595,5
1037.667,6
1037.74,7
1037.813,6
1037.885,3
1037.958,2
1038.031,0
1038.103,0
1038.176,0
1038.249,0
1038.321,0
1038.394,0
1038.467,0
1038.539,1
1038.612,4
1038.685,4
1038.758,4
1038.83,3
1038.903,1
1038.976,1
1039.048,4
1039.121,4
1039.194,3
1039.267,3
1039.339,0
1039.412,0
1039.485,0
1039.558,0
1039.63,0
1039.703,0
1039.776,0
1039.848,0
1039.921,2
1039.994,3
1040.067,3
1040.139,3
1040.212,1
1040.285,0
1040.358,0
1040.431,0
1040.503,0
1040.576,0
1040.649,0
1040.722,0
1040.794,0
1040.867,0
1040.94,1
1041.013,1
1041.086,1
1041.158,1
1041.231,0
1041.304,1
1041.377,2
1041.449,3
1041.522,4
1041.595,4
1041.668,4
1041.741,4
1041.814,1
1041.886,1
1041.959,1
1042.032,1
1042.105,0
1042.178,0
1042.25,0
1042.323,0
1042.396,0
1042.469,0
1042.542,0
1042.615,0
1042.687,0
1042.76,1
1042.833,2
1042.906,5
1042.979,7
1043.052,7
1043.125,7
1043.197,5
1043.27,2
1043.343,2
1043.416,2
1043.489,2
1043.562,0
1043.635,1
1043.708,1
1043.78,1
1043.853,1
1043.926,0
1043.999,0
1044.072,0
1044.145,0
1044.218,0
1044.291,0
1044.364,0
1044.437,0
1044.509,0
1044.582,0
1044.655,0
1044.728,0
1044.801,0
1044.874,0
1044.947,0
1045.02,0
1045.093,0
1045.166,0
1045.239,0
1045.312,1
1045.385,1
1045.458,1
1045.53,1
1045.603,0
1045.676,1
1045.749,1
1045.822,1
1045.895,1
1045.968,0
1046.041,0
1046.114,2
1046.187,3
1046.26,4
1046.333,7
1046.406,5
1046.479,4
1046.552,3
1046.625,2
1046.698,2
1046.771,2
1046.844,2
1046.917,0
1046.99,0
1047.063,0
1047.136,1
1047.209,1
1047.282,1
1047.355,1
1047.428,0
1047.501,0
1047.574,0
1047.647,1
1047.72,5
1047.793,5
1047.866,5
1047.939,4
1048.012,0
1048.085,0
1048.158,0
1048.231,0
1048.304,1
1048.377,2
1048.45,3
1048.523,4
1048.597,3
1048.67,2
1048.743,1
1048.816,0
1048.889,1
1048.962,2
1049.035,3
1049.108,7
1049.181,7
1049.254,9
1049.327,10
1049.4,10
1049.473,9
1049.546,10
1049.62,7
1049.693,2
1049.766,1
1049.839,0
1049.912,0
1049.985,0
1050.058,0
1050.131,0
1050.204,0
1050.277,0
1050.351,0
1050.424,0
1050.497,0
1050.57,0
1050.643,0
1050.716,0
1050.789,1
1050.862,1
1050.936,1
1051.009,1
1051.082,0
1051.155,2
1051.228,2
1051.301,2
1051.375,2
1051.448,0
1051.521,0
1051.594,0
1051.667,0
1051.74,0
1051.813,0
1051.887,0
1051.96,0
1052.033,0
1052.106,0
1052.179,0
1052.253,0
1052.326,0
1052.399,0
1052.472,0
1052.545,1
1052.618,1
1052.692,1
1052.765,2
1052.838,1
1052.911,3
1052.985,3
1053.058,2
1053.131,2
1053.204,0
1053.277,0
1053.351,0
1053.424,0
1053.497,0
1053.57,1
1053.644,1
1053.717,1
1053.79,1
1053.863,0
1053.936,0
1054.01,0
1054.083,0
1054.156,0
1054.229,1
1054.303,1
1054.376,1
1054.449,1
1054.523,1
1054.596,1
1054.669,4
1054.742,4
1054.816,3
1054.889,3
1054.962,0
1055.035,1
1055.109,1
1055.182,1
1055.255,1
1055.329,0
1055.402,0
1055.475,0
1055.548,0
1055.622,0
1055.695,1
1055.768,1
1055.842,1
1055.915,1
1055.988,0
1056.062,0
1056.135,0
1056.208,0
1056.282,0
1056.355,0
1056.428,0
1056.502,2
1056.575,2
1056.648,2
1056.722,2
1056.795,3
1056.868,3
1056.942,3
1057.015,3
1057.088,1
1057.162,2
1057.235,3
1057.308,4
1057.382,5
1057.455,4
1057.529,3
1057.602,2
1057.675,0
1057.749,0
1057.822,0
1057.895,0
1057.969,2
1058.042,2
1058.116,2
1058.189,2
1058.262,1
1058.336,1
1058.409,1
1058.483,1
1058.556,0
1058.629,0
1058.703,0
1058.776,1
1058.85,1
1058.923,1
1058.997,1
1059.07,1
1059.143,1
1059.217,1
1059.29,1
1059.364,1
1059.437,1
1059.511,1
1059.584,1
1059.657,0
1059.731,1
1059.804,1
1059.878,1
1059.951,1
1060.025,0
1060.098,2
1060.172,2
1060.245,2
1060.319,2
1060.392,1
1060.466,1
1060.539,1
1060.612,1
1060.686,0
1060.759,0
1060.833,0
1060.906,0
1060.98,0
1061.053,0
1061.127,0
1061.2,0
1061.274,0
1061.347,0
1061.421,0
1061.494,0
1061.568,0
1061.641,0
1061.715,0
1061.788,0
1061.862,0
1061.936,0
1062.009,0
1062.083,0
1062.156,0
1062.23,0
1062.303,0
1062.377,0
1062.45,0
1062.524,0
1062.597,0
1062.671,1
1062.744,1
1062.818,1
1062.892,1
1062.965,0
1063.039,0
1063.112,0
1063.186,1
1063.259,1
1063.333,1
1063.407,1
1063.48,1
1063.554,1
1063.627,1
1063.701,1
1063.775,0
1063.848,0
1063.922,0
1063.995,0
1064.069,0
1064.142,0
1064.216,0
1064.29,0
1064.363,0
1064.437,1
1064.511,1
1064.584,1
1064.658,1
1064.731,0
1064.805,0
1064.879,0
1064.952,0
1065.026,1
1065.1,1
1065.173,1
1065.247,1
1065.32,0
1065.394,1
1065.468,1
1065.541,1
1065.615,1
1065.689,0
1065.762,1
1065.836,1
1065.91,1
1065.983,1
1066.057,0
1066.131,0
1066.204,0
1066.278,1
1066.352,1
1066.425,1
1066.499,2
1066.573,2
1066.647,2
1066.72,2
1066.794,4
1066.868,4
1066.941,4
1067.015,4
1067.089,1
1067.162,0
1067.236,1
1067.31,1
1067.384,1
1067.457,1
1067.531,0
1067.605,0
1067.678,0
1067.752,0
1067.826,0
1067.9,0
1067.973,1
1068.047,1
1068.121,1
1068.195,1
1068.268,1
1068.342,1
1068.416,1
1068.49,1
1068.563,0
1068.637,0
1068.711,1
1068.785,1
1068.858,1
1068.932,1
1069.006,0
1069.08,0
1069.154,1
1069.227,1
1069.301,1
1069.375,1
1069.449,2
1069.523,2
1069.596,2
1069.67,2
1069.744,1
1069.818,1
1069.892,1
1069.965,1
1070.039,0
1070.113,0
1070.187,0
1070.261,0
1070.334,0
1070.408,0
1070.482,0
1070.556,0
1070.63,0
1070.704,0
1070.777,0
1070.851,5
1070.925,6
1070.999,6
1071.073,6
1071.147,2
1071.22,2
1071.294,3
1071.368,3
1071.442,2
1071.516,1
1071.59,0
1071.664,0
1071.737,0
1071.811,1
1071.885,1
1071.959,2
1072.033,2
1072.107,2
1072.181,2
1072.255,1
1072.329,3
1072.402,3
1072.476,5
1072.55,6
1072.624,7
1072.698,7
1072.772,6
1072.846,6
1072.92,4
1072.994,3
1073.068,2
1073.142,1
1073.215,0
1073.289,0
1073.363,0
1073.437,0
1073.511,0
1073.585,0
1073.659,0
1073.733,0
1073.807,0
1073.881,0
1073.955,0
1074.029,0
1074.103,0
1074.177,0
1074.251,0
1074.325,0
1074.399,0
1074.472,0
1074.546,0
1074.62,0
1074.694,0
1074.768,0
1074.842,0
1074.916,0
1074.99,0
1075.064,0
1075.138,0
1075.212,0
1075.286,1
1075.36,1
1075.434,1
1075.508,1
1075.582,0
1075.656,0
1075.73,0
1075.804,0
1075.878,0
1075.952,0
1076.026,0
1076.1,0
1076.174,1
1076.248,1
1076.322,1
1076.397,1
1076.471,0
1076.545,0
1076.619,1
1076.693,1
1076.767,2
1076.841,2
1076.915,1
1076.989,1
1077.063,0
1077.137,0
1077.211,0
1077.285,0
1077.359,0
1077.433,0
1077.507,0
1077.581,0
1077.655,0
1077.73,0
1077.804,0
1077.878,0
1077.952,1
1078.026,1
1078.1,1
1078.174,1
1078.248,1
1078.322,1
1078.396,3
1078.47,4
1078.545,4
1078.619,5
1078.693,8
1078.767,6
1078.841,4
1078.915,2
1078.989,0
1079.063,0
1079.138,1
1079.212,1
1079.286,1
1079.36,1
1079.434,0
1079.508,0
1079.582,0
1079.657,0
1079.731,4
1079.805,5
1079.879,7
1079.953,7
1080.027,5
1080.101,4
1080.176,4
1080.25,4
1080.324,4
1080.398,4
1080.472,2
1080.547,2
1080.621,2
1080.695,3
1080.769,3
1080.843,3
1080.917,7
1080.992,6
1081.066,8
1081.14,8
1081.214,4
1081.288,4
1081.363,3
1081.437,3
1081.511,2
1081.585,2
1081.659,6
1081.734,8
1081.808,8
1081.882,11
1081.956,12
1082.031,11
1082.105,10
1082.179,5
1082.253,4
1082.328,3
1082.402,3
1082.476,1
1082.55,1
1082.625,1
1082.699,1
1082.773,2
1082.847,4
1082.922,4
1082.996,5
1083.07,4
1083.144,2
1083.219,2
1083.293,1
1083.367,2
1083.441,1
1083.516,1
1083.59,1
1083.664,0
1083.739,4
1083.813,4
1083.887,5
1083.961,5
1084.036,5
1084.11,4
1084.184,2
1084.259,1
1084.333,1
1084.407,1
1084.482,1
1084.556,1
1084.63,0
1084.705,0
1084.779,0
1084.853,0
1084.928,1
1085.002,2
1085.076,3
1085.151,6
1085.225,6
1085.299,6
1085.374,6
1085.448,4
1085.522,4
1085.597,4
1085.671,4
1085.745,1
1085.82,1
1085.894,2
1085.969,6
1086.043,5
1086.117,5
1086.192,5
1086.266,1
1086.34,1
1086.415,1
1086.489,1
1086.564,1
1086.638,1
1086.712,1
1086.787,0
1086.861,0
1086.936,0
1087.01,0
1087.084,0
1087.159,0
1087.233,2
1087.308,2
1087.382,3
1087.456,3
1087.531,1
1087.605,1
1087.68,0
1087.754,0
1087.829,0
1087.903,0
1087.977,0
1088.052,0
1088.126,0
1088.201,0
1088.275,0
1088.35,0
1088.424,0
1088.499,1
1088.573,1
1088.647,1
1088.722,1
1088.796,0
1088.871,0
1088.945,0
1089.02,0
1089.094,0
1089.169,0
1089.243,0
1089.318,3
1089.392,3
1089.467,3
1089.541,3
1089.616,0
1089.69,0
1089.765,0
1089.839,0
1089.914,1
1089.988,1
1090.063,1
1090.137,1
1090.212,0
1090.286,0
1090.361,1
1090.435,2
1090.51,3
1090.584,6
1090.659,6
1090.733,6
1090.808,6
1090.882,3
1090.957,3
1091.032,3
1091.106,3
1091.181,0
1091.255,0
1091.33,0
1091.404,0
1091.479,0
1091.553,0
1091.628,0
1091.703,1
1091.777,2
1091.852,2
1091.926,2
1092.001,1
1092.075,0
1092.15,0
1092.225,0
1092.299,0
1092.374,0
1092.448,0
1092.523,0
1092.598,0
1092.672,0
1092.747,0
1092.821,0
1092.896,0
1092.971,0
1093.045,0
1093.12,0
1093.194,0
1093.269,0
1093.344,0
1093.418,0
1093.493,0
1093.568,0
1093.642,2
1093.717,2
1093.791,2
1093.866,2
1093.941,2
1094.015,3
1094.09,3
1094.165,3
1094.239,1
1094.314,0
1094.389,0
1094.463,0
1094.538,0
1094.613,1
1094.687,1
1094.762,2
1094.837,2
1094.911,6
1094.986,7
1095.061,6
1095.135,6
1095.21,1
1095.285,3
1095.36,4
1095.434,4
1095.509,4
1095.584,4
1095.658,3
1095.733,3
1095.808,3
1095.882,1
1095.957,3
1096.032,3
1096.107,4
1096.181,3
1096.256,2
1096.331,2
1096.405,2
1096.48,2
1096.555,1
1096.63,1
1096.704,0
1096.779,0
1096.854,1
1096.929,1
1097.003,1
1097.078,1
1097.153,0
1097.228,0
1097.302,0
1097.377,2
1097.452,2
1097.527,2
1097.602,2
1097.676,0
1097.751,2
1097.826,2
1097.901,3
1097.975,6
1098.05,4
1098.125,4
1098.2,3
1098.275,1
1098.349,3
1098.424,3
1098.499,3
1098.574,2
1098.649,2
1098.723,2
1098.798,2
1098.873,3
1098.948,1
1099.023,1
1099.097,2
1099.172,1
1099.247,2
1099.322,2
1099.397,1
1099.472,1
1099.546,0
1099.621,0
1099.696,0
1099.771,0
1099.846,0
1099.921,0
1099.996,1
1100.07,2
1100.145,2
1100.22,2
1100.295,1
1100.37,1
1100.445,1
1100.52,1
1100.594,2
1100.669,1
1100.744,1
1100.819,1
1100.894,0
1100.969,0
1101.044,0
1101.119,0
1101.194,0
1101.268,0
1101.343,1
1101.418,1
1101.493,1
1101.568,1
1101.643,0
1101.718,0
1101.793,0
1101.868,1
1101.943,1
1102.018,1
1102.093,1
1102.167,0
1102.242,0
1102.317,0
1102.392,0
1102.467,0
1102.542,0
1102.617,0
1102.692,0
1102.767,0
1102.842,0
1102.917,0
1102.992,0
1103.067,0
1103.142,0
1103.217,0
1103.292,0
1103.367,0
1103.442,0
1103.517,0
1103.592,1
1103.667,1
1103.742,1
1103.817,2
1103.892,3
1103.967,4
1104.042,8
1104.117,8
1104.192,7
1104.267,7
1104.342,4
1104.417,4
1104.492,5
1104.567,5
1104.642,4
1104.717,4
1104.792,5
1104.867,5
1104.942,2
1105.017,2
1105.092,3
1105.167,3
1105.242,6
1105.317,6
1105.392,3
1105.467,5
1105.542,3
1105.617,3
1105.692,3
1105.767,1
1105.842,1
1105.917,1
1105.992,1
1106.067,1
1106.142,0
1106.218,0
1106.293,2
1106.368,2
1106.443,5
1106.518,5
1106.593,9
1106.668,9
1106.743,5
1106.818,4
1106.893,1
1106.968,0
1107.043,0
1107.119,0
1107.194,0
1107.269,0
1107.344,0
1107.419,0
1107.494,1
1107.569,2
1107.644,2
1107.719,2
1107.795,1
1107.87,0
1107.945,0
1108.02,0
1108.095,0
1108.17,0
1108.245,0
1108.321,0
1108.396,3
1108.471,4
1108.546,6
1108.621,6
1108.696,3
1108.771,2
1108.847,1
1108.922,1
1108.997,1
1109.072,1
1109.147,0
1109.222,0
1109.298,1
1109.373,1
1109.448,1
1109.523,1
1109.598,0
1109.674,0
1109.749,0
1109.824,0
1109.899,0
1109.974,0
1110.049,0
1110.125,0
1110.2,1
1110.275,2
1110.35,2
1110.426,2
1110.501,2
1110.576,1
1110.651,1
1110.726,1
1110.802,0
1110.877,0
1110.952,0
1111.027,0
1111.103,0
1111.178,0
1111.253,0
1111.328,0
1111.404,0
1111.479,0
1111.554,0
1111.629,0
1111.705,0
1111.78,0
1111.855,1
1111.93,1
1112.006,2
1112.081,2
1112.156,1
1112.231,1
1112.307,0
1112.382,0
1112.457,0
1112.533,0
1112.608,1
1112.683,1
1112.758,1
1112.834,2
1112.909,1
1112.984,1
1113.06,1
1113.135,0
1113.21,0
1113.286,0
1113.361,1
1113.436,1
1113.512,2
1113.587,2
1113.662,1
1113.738,1
1113.813,0
1113.888,0
1113.964,1
1114.039,2
1114.114,3
1114.19,5
1114.265,4
1114.34,3
1114.416,2
1114.491,0
1114.566,0
1114.642,0
1114.717,0
1114.792,0
1114.868,2
1114.943,2
1115.019,2
1115.094,2
1115.169,0
1115.245,0
1115.32,0
1115.395,0
1115.471,0
1115.546,0
1115.622,0
1115.697,0
1115.772,0
1115.848,0
1115.923,0
1115.999,0
1116.074,0
1116.149,0
1116.225,1
1116.3,1
1116.376,2
1116.451,2
1116.527,2
1116.602,2
1116.677,1
1116.753,1
1116.828,0
1116.904,0
1116.979,1
1117.055,1
1117.13,1
1117.205,2
1117.281,2
1117.356,3
1117.432,4
1117.507,4
1117.583,4
1117.658,4
1117.734,1
1117.809,2
1117.885,3
1117.96,3
1118.036,2
1118.111,2
1118.187,1
1118.262,1
1118.337,1
1118.413,1
1118.488,1
1118.564,1
1118.639,1
1118.715,0
1118.79,1
1118.866,1
1118.941,1
1119.017,1
1119.093,2
1119.168,2
1119.244,3
1119.319,3
1119.395,4
1119.47,4
1119.546,4
1119.621,4
1119.697,1
1119.772,1
1119.848,0
1119.923,1
1119.999,1
1120.074,1
1120.15,1
1120.226,0
1120.301,0
1120.377,0
1120.452,0
1120.528,0
1120.603,0
1120.679,0
1120.754,0
1120.83,0
1120.906,0
1120.981,0
1121.057,0
1121.132,0
1121.208,0
1121.283,0
1121.359,0
1121.435,1
1121.51,1
1121.586,1
1121.661,1
1121.737,0
1121.813,0
1121.888,0
1121.964,0
1122.04,0
1122.115,0
1122.191,0
1122.266,1
1122.342,1
1122.418,1
1122.493,1
1122.569,0
1122.645,0
1122.72,1
1122.796,1
1122.871,1
1122.947,2
1123.023,5
1123.098,6
1123.174,9
1123.25,8
1123.325,4
1123.401,3
1123.477,1
1123.552,1
1123.628,1
1123.704,1
1123.779,1
1123.855,1
1123.931,1
1124.006,1
1124.082,0
1124.158,0
1124.233,0
1124.309,0
1124.385,0
1124.461,0
1124.536,0
1124.612,1
1124.688,1
1124.763,1
1124.839,1
1124.915,0
1124.99,0
1125.066,0
1125.142,0
1125.218,0
1125.293,0
1125.369,0
1125.445,0
1125.521,0
1125.596,0
1125.672,0
1125.748,0
1125.824,0
1125.899,0
1125.975,0
1126.051,0
1126.127,0
1126.202,0
1126.278,1
1126.354,2
1126.43,2
1126.505,2
1126.581,1
1126.657,1
1126.733,1
1126.808,1
1126.884,1
1126.96,0
1127.036,0
1127.112,1
1127.187,1
1127.263,1
1127.339,1
1127.415,0
1127.491,0
1127.566,1
1127.642,1
1127.718,1
1127.794,2
1127.87,4
1127.945,4
1128.021,4
1128.097,3
1128.173,0
1128.249,0
1128.325,1
1128.4,1
1128.476,1
1128.552,1
1128.628,0
1128.704,1
1128.78,3
1128.855,4
1128.931,7
1129.007,7
1129.083,9
1129.159,8
1129.235,8
1129.311,8
1129.386,6
1129.462,6
1129.538,3
1129.614,3
1129.69,2
1129.766,3
1129.842,4
1129.918,10
1129.993,9
1130.069,9
1130.145,9
1130.221,6
1130.297,7
1130.373,6
1130.449,6
1130.525,3
1130.601,6
1130.676,7
1130.752,10
1130.828,10
1130.904,11
1130.98,10
1131.056,6
1131.132,5
1131.208,1
1131.284,1
1131.36,1
1131.436,1
1131.512,0
1131.588,0
1131.664,0
1131.739,0
1131.815,0
1131.891,2
1131.967,3
1132.043,3
1132.119,6
1132.195,6
1132.271,5
1132.347,5
1132.423,7
1132.499,5
1132.575,5
1132.651,5
1132.727,5
1132.803,4
1132.879,3
1132.955,2
1133.031,1
1133.107,1
1133.183,1
1133.259,1
1133.335,0
1133.411,1
1133.487,1
1133.563,1
1133.639,1
1133.715,0
1133.791,0
1133.867,0
1133.943,0
1134.019,0
1134.095,1
1134.171,4
1134.247,4
1134.323,4
1134.399,3
1134.475,1
1134.551,1
1134.627,1
1134.703,2
1134.779,1
1134.855,1
1134.932,2
1135.008,1
1135.084,2
1135.16,6
1135.236,5
1135.312,5
1135.388,4
1135.464,0
1135.54,0
1135.616,0
1135.692,0
1135.768,0
1135.844,0
1135.921,0
1135.997,0
1136.073,1
1136.149,1
1136.225,1
1136.301,2
1136.377,3
1136.453,4
1136.529,5
1136.605,5
1136.682,4
1136.758,4
1136.834,1
1136.91,1
1136.986,1
1137.062,1
1137.138,0
1137.214,0
1137.291,0
1137.367,0
1137.443,1
1137.519,2
1137.595,3
1137.671,3
1137.747,2
1137.824,2
1137.9,1
1137.976,2
1138.052,4
1138.128,5
1138.204,8
1138.281,9
1138.357,12
1138.433,11
1138.509,13
1138.585,10
1138.661,5
1138.738,3
1138.814,1
1138.89,1
1138.966,0
1139.042,0
1139.119,0
1139.195,0
1139.271,0
1139.347,1
1139.423,1
1139.5,1
1139.576,1
1139.652,0
1139.728,0
1139.804,0
1139.881,2
1139.957,2
1140.033,2
1140.109,2
1140.186,4
1140.262,3
1140.338,2
1140.414,1
1140.491,0
1140.567,0
1140.643,0
1140.719,1
1140.796,2
1140.872,2
1140.948,2
1141.024,1
1141.101,0
1141.177,0
1141.253,0
1141.329,0
1141.406,0
1141.482,0
1141.558,0
1141.635,1
1141.711,3
1141.787,4
1141.863,4
1141.94,3
1142.016,4
1142.092,3
1142.169,4
1142.245,4
1142.321,5
1142.397,5
1142.474,4
1142.55,4
1142.626,1
1142.703,1
1142.779,2
1142.855,2
1142.932,1
1143.008,1
1143.084,4
1143.161,3
1143.237,6
1143.313,5
1143.39,4
1143.466,4
1143.542,3
1143.619,3
1143.695,3
1143.771,3
1143.848,0
1143.924,0
1144.001,0
1144.077,0
1144.153,0
1144.23,0
1144.306,0
1144.382,0
1144.459,0
1144.535,0
1144.612,3
1144.688,3
1144.764,3
1144.841,4
1144.917,1
1144.994,1
1145.07,1
1145.146,0
1145.223,0
1145.299,0
1145.376,2
1145.452,2
1145.528,2
1145.605,2
1145.681,3
1145.758,3
1145.834,7
1145.911,7
1145.987,4
1146.063,4
1146.14,0
1146.216,0
1146.293,0
1146.369,0
1146.446,0
1146.522,0
1146.598,0
1146.675,0
1146.751,1
1146.828,1
1146.904,2
1146.981,2
1147.057,1
1147.134,1
1147.21,0
1147.287,0
1147.363,0
1147.44,0
1147.516,3
1147.593,4
1147.669,5
1147.746,6
1147.822,5
1147.899,4
1147.975,3
1148.052,2
1148.128,3
1148.205,5
1148.281,7
1148.358,7
1148.434,6
1148.511,4
1148.587,3
1148.664,3
1148.74,1
1148.817,1
1148.893,0
1148.97,0
1149.046,0
1149.123,0
1149.199,0
1149.276,0
1149.352,2
1149.429,2
1149.506,2
1149.582,2
1149.659,1
1149.735,1
1149.812,1
1149.888,1
1149.965,0
1150.041,0
1150.118,0
1150.195,0
1150.271,0
1150.348,1
1150.424,4
1150.501,4
1150.578,5
1150.654,4
1150.731,3
1150.807,4
1150.884,8
1150.96,9
1151.037,10
1151.114,11
1151.19,11
1151.267,16
1151.344,30
1151.42,50
1151.497,76
1151.573,128
1151.65,212
1151.727,303
1151.803,411
1151.88,478
1151.957,505
1152.033,480
1152.11,424
1152.186,353
1152.263,273
1152.34,218
1152.416,164
1152.493,159
1152.57,193
1152.646,265
1152.723,354
1152.8,436
1152.876,501
1152.953,518
1153.03,524
1153.106,468
1153.183,382
1153.26,305
1153.336,225
1153.413,176
1153.49,151
1153.566,148
1153.643,152
1153.72,186
1153.796,225
1153.873,267
1153.95,315
1154.027,315
1154.103,295
1154.18,245
1154.257,190
1154.333,149
1154.41,120
1154.487,106
1154.564,86
1154.64,92
1154.717,99
1154.794,110
1154.871,131
1154.947,135
1155.024,129
1155.101,122
1155.177,105
1155.254,87
1155.331,76
1155.408,70
1155.484,63
1155.561,63
1155.638,71
1155.715,75
1155.791,72
1155.868,74
1155.945,71
1156.022,69
1156.099,64
1156.175,59
1156.252,49
1156.329,41
1156.406,37
1156.482,35
1156.559,30
1156.636,30
1156.713,29
1156.79,33
1156.866,31
1156.943,29
1157.02,28
1157.097,26
1157.174,24
1157.25,24
1157.327,23
1157.404,23
1157.481,27
1157.558,26
1157.635,28
1157.711,26
1157.788,21
1157.865,18
1157.942,18
1158.019,17
1158.096,14
1158.172,15
1158.249,16
1158.326,16
1158.403,19
1158.48,21
1158.557,18
1158.634,18
1158.71,22
1158.787,24
1158.864,22
1158.941,25
1159.018,27
1159.095,27
1159.172,29
1159.249,27
1159.325,23
1159.402,21
1159.479,20
1159.556,21
1159.633,21
1159.71,20
1159.787,19
1159.864,15
1159.941,10
1160.017,10
1160.094,10
1160.171,6
1160.248,6
1160.325,5
1160.402,5
1160.479,5
1160.556,7
1160.633,6
1160.71,4
1160.787,3
1160.864,6
1160.941,6
1161.017,5
1161.094,5
1161.171,4
1161.248,7
1161.325,8
1161.402,12
1161.479,13
1161.556,11
1161.633,11
1161.71,12
1161.787,12
1161.864,13
1161.941,16
1162.018,18
1162.095,15
1162.172,15
1162.249,16
1162.326,15
1162.403,10
1162.48,9
1162.557,12
1162.634,8
1162.711,8
1162.788,8
1162.865,6
1162.942,5
1163.019,7
1163.096,6
1163.173,8
1163.25,6
1163.327,4
1163.404,4
1163.481,3
1163.558,3
1163.635,6
1163.712,5
1163.789,6
1163.866,5
1163.943,4
1164.02,3
1164.097,4
1164.174,7
1164.251,11
1164.328,15
1164.405,21
1164.482,21
1164.559,25
1164.637,24
1164.714,23
1164.791,20
1164.868,16
1164.945,13
1165.022,10
1165.099,10
1165.176,10
1165.253,9
1165.33,11
1165.407,10
1165.484,7
1165.561,7
1165.639,6
1165.716,6
1165.793,3
1165.87,5
1165.947,9
1166.024,9
1166.101,13
1166.178,13
1166.255,12
1166.333,17
1166.41,15
1166.487,14
1166.564,10
1166.641,9
1166.718,10
1166.795,9
1166.872,9
1166.95,11
1167.027,9
1167.104,9
1167.181,9
1167.258,6
1167.335,10
1167.412,10
1167.49,10
1167.567,10
1167.644,10
1167.721,10
1167.798,10
1167.875,9
1167.953,9
1168.03,9
1168.107,8
1168.184,7
1168.261,6
1168.339,6
1168.416,8
1168.493,11
1168.57,14
1168.647,16
1168.724,15
1168.802,14
1168.879,16
1168.956,16
1169.033,17
1169.111,17
1169.188,13
1169.265,11
1169.342,9
1169.419,8
1169.497,7
1169.574,7
1169.651,8
1169.728,6
1169.806,7
1169.883,7
1169.96,6
1170.037,7
1170.115,7
1170.192,10
1170.269,13
1170.346,13
1170.424,15
1170.501,13
1170.578,11
1170.655,11
1170.733,9
1170.81,10
1170.887,10
1170.964,11
1171.042,15
1171.119,12
1171.196,9
1171.274,6
1171.351,4
1171.428,4
1171.505,6
1171.583,6
1171.66,7
1171.737,6
1171.815,5
1171.892,4
1171.969,3
1172.046,3
1172.124,6
1172.201,5
1172.278,6
1172.356,6
1172.433,6
1172.51,6
1172.588,3
1172.665,2
1172.742,1
1172.82,1
1172.897,2
1172.974,3
1173.052,2
1173.129,2
1173.206,5
1173.284,7
1173.361,10
1173.439,11
1173.516,9
1173.593,9
1173.671,11
1173.748,13
1173.825,12
1173.903,14
1173.98,11
1174.057,8
1174.135,4
1174.212,3
1174.29,3
1174.367,5
1174.444,6
1174.522,6
1174.599,4
1174.677,2
1174.754,1
1174.831,2
1174.909,3
1174.986,4
1175.064,6
1175.141,6
1175.218,6
1175.296,5
1175.373,4
1175.451,4
1175.528,4
1175.606,2
1175.683,2
1175.76,2
1175.838,5
1175.915,5
1175.993,8
1176.07,9
1176.148,9
1176.225,11
1176.303,12
1176.38,11
1176.457,8
1176.535,7
1176.612,5
1176.69,5
1176.767,5
1176.845,4
1176.922,3
1177,3
1177.077,3
1177.155,2
1177.232,5
1177.31,5
1177.387,5
1177.465,6
1177.542,4
1177.62,4
1177.697,4
1177.775,3
1177.852,1
1177.93,1
1178.007,2
1178.085,2
1178.162,2
1178.24,2
1178.317,3
1178.395,3
1178.472,3
1178.55,3
1178.627,6
1178.705,6
1178.782,5
1178.86,5
1178.938,1
1179.015,2
1179.093,2
1179.17,2
1179.248,2
1179.325,1
1179.403,1
1179.48,2
1179.558,4
1179.636,5
1179.713,8
1179.791,9
1179.868,12
1179.946,14
1180.023,18
1180.101,18
1180.179,15
1180.256,13
1180.334,11
1180.411,9
1180.489,7
1180.566,8
1180.644,4
1180.722,4
1180.799,4
1180.877,2
1180.955,1
1181.032,1
1181.11,0
1181.187,1
1181.265,2
1181.343,3
1181.42,7
1181.498,8
1181.575,12
1181.653,14
1181.731,20
1181.808,17
1181.886,13
1181.964,9
1182.041,8
1182.119,7
1182.197,5
1182.274,4
1182.352,2
1182.43,2
1182.507,6
1182.585,7
1182.663,7
1182.74,8
1182.818,4
1182.896,4
1182.973,4
1183.051,5
1183.129,5
1183.206,5
1183.284,8
1183.362,6
1183.439,5
1183.517,4
1183.595,4
1183.672,4
1183.75,6
1183.828,8
1183.906,7
1183.983,9
1184.061,12
1184.139,15
1184.216,14
1184.294,14
1184.372,9
1184.45,6
1184.527,9
1184.605,8
1184.683,10
1184.761,8
1184.838,4
1184.916,3
1184.994,2
1185.072,3
1185.149,4
1185.227,5
1185.305,5
1185.383,5
1185.46,8
1185.538,9
1185.616,10
1185.694,9
1185.771,8
1185.849,6
1185.927,6
1186.005,6
1186.082,5
1186.16,4
1186.238,6
1186.316,8
1186.394,9
1186.471,13
1186.549,14
1186.627,13
1186.705,16
1186.783,16
1186.86,19
1186.938,18
1187.016,15
1187.094,12
1187.172,9
1187.249,8
1187.327,9
1187.405,11
1187.483,9
1187.561,9
1187.639,6
1187.716,5
1187.794,5
1187.872,5
1187.95,2
1188.028,3
1188.106,3
1188.183,3
1188.261,4
1188.339,1
1188.417,1
1188.495,2
1188.573,3
1188.651,5
1188.729,7
1188.806,9
1188.884,9
1188.962,9
1189.04,7
1189.118,6
1189.196,5
1189.274,5
1189.352,3
1189.429,3
1189.507,3
1189.585,4
1189.663,5
1189.741,6
1189.819,10
1189.897,8
1189.975,6
1190.053,4
1190.131,3
1190.209,3
1190.286,3
1190.364,3
1190.442,0
1190.52,0
1190.598,2
1190.676,3
1190.754,3
1190.832,3
1190.91,4
1190.988,4
1191.066,5
1191.144,6
1191.222,7
1191.3,8
1191.378,9
1191.456,9
1191.534,11
1191.611,9
1191.689,8
1191.767,7
1191.845,3
1191.923,3
1192.001,5
1192.079,5
1192.157,4
1192.235,5
1192.313,3
1192.391,4
1192.469,6
1192.547,5
1192.625,4
1192.703,3
1192.781,2
1192.859,2
1192.937,5
1193.015,5
1193.093,3
1193.171,3
1193.249,0
1193.327,0
1193.405,3
1193.483,4
1193.561,5
1193.639,7
1193.718,10
1193.796,10
1193.874,10
1193.952,12
1194.03,10
1194.108,10
1194.186,11
1194.264,8
1194.342,6
1194.42,5
1194.498,7
1194.576,6
1194.654,4
1194.732,5
1194.81,2
1194.888,3
1194.966,5
1195.045,9
1195.123,10
1195.201,11
1195.279,8
1195.357,6
1195.435,6
1195.513,3
1195.591,2
1195.669,1
1195.747,1
1195.825,0
1195.904,0
1195.982,0
1196.06,2
1196.138,2
1196.216,5
1196.294,6
1196.372,5
1196.45,6
1196.529,8
1196.607,8
1196.685,7
1196.763,6
1196.841,7
1196.919,7
1196.997,13
1197.075,17
1197.154,15
1197.232,15
1197.31,11
1197.388,7
1197.466,10
1197.544,10
1197.623,9
1197.701,6
1197.779,4
1197.857,3
1197.935,3
1198.013,3
1198.092,3
1198.17,4
1198.248,7
1198.326,6
1198.404,5
1198.483,4
1198.561,1
1198.639,4
1198.717,7
1198.795,8
1198.874,9
1198.952,7
1199.03,8
1199.108,8
1199.186,10
1199.265,10
1199.343,7
1199.421,8
1199.499,6
1199.578,6
1199.656,5
1199.734,6
1199.812,8
1199.89,11
1199.969,12
1200.047,12
1200.125,15
1200.203,14
1200.282,18
1200.36,19
1200.438,18
1200.516,20
1200.595,17
1200.673,17
1200.751,17
1200.83,15
1200.908,14
1200.986,14
1201.064,15
1201.143,15
1201.221,13
1201.299,12
1201.378,8
1201.456,5
1201.534,3
1201.612,4
1201.691,7
1201.769,10
1201.847,14
1201.926,17
1202.004,21
1202.082,22
1202.161,23
1202.239,24
1202.317,20
1202.396,16
1202.474,12
1202.552,8
1202.631,6
1202.709,6
1202.787,7
1202.866,8
1202.944,9
1203.022,12
1203.101,13
1203.179,12
1203.257,11
1203.336,8
1203.414,5
1203.492,5
1203.571,6
1203.649,7
1203.727,7
1203.806,7
1203.884,7
1203.963,7
1204.041,8
1204.119,8
1204.198,7
1204.276,5
1204.354,3
1204.433,3
1204.511,3
1204.59,4
1204.668,5
1204.746,5
1204.825,6
1204.903,6
1204.982,3
1205.06,3
1205.138,2
1205.217,3
1205.295,1
1205.374,1
1205.452,1
1205.531,0
1205.609,0
1205.687,0
1205.766,0
1205.844,0
1205.923,0
1206.001,0
1206.08,0
1206.158,1
1206.237,4
1206.315,5
1206.393,7
1206.472,8
1206.55,7
1206.629,7
1206.707,5
1206.786,6
1206.864,12
1206.943,14
1207.021,20
1207.1,21
1207.178,19
1207.257,18
1207.335,15
1207.414,15
1207.492,10
1207.571,9
1207.649,6
1207.728,4
1207.806,4
1207.885,4
1207.963,2
1208.042,1
1208.12,3
1208.199,3
1208.277,3
1208.356,3
1208.434,2
1208.513,2
1208.591,1
1208.67,2
1208.748,2
1208.827,2
1208.905,2
1208.984,5
1209.063,6
1209.141,6
1209.22,6
1209.298,4
1209.377,4
1209.455,4
1209.534,4
1209.612,2
1209.691,5
1209.77,6
1209.848,6
1209.927,6
1210.005,1
1210.084,1
1210.162,4
1210.241,5
1210.32,8
1210.398,8
1210.477,8
1210.555,8
1210.634,8
1210.713,8
1210.791,6
1210.87,6
1210.948,0
1211.027,0
1211.106,0
1211.184,0
1211.263,0
1211.341,0
1211.42,1
1211.499,2
1211.577,2
1211.656,2
1211.735,3
1211.813,3
1211.892,5
1211.97,5
1212.049,3
1212.128,2
1212.206,5
1212.285,5
1212.364,5
1212.442,5
1212.521,2
1212.6,2
1212.678,2
1212.757,2
1212.836,1
1212.914,1
1212.993,1
1213.072,1
1213.15,1
1213.229,1
1213.308,1
1213.386,1
1213.465,1
1213.544,1
1213.622,2
1213.701,2
1213.78,3
1213.859,3
1213.937,2
1214.016,3
1214.095,3
1214.173,3
1214.252,3
1214.331,7
1214.41,7
1214.488,7
1214.567,7
1214.646,3
1214.724,2
1214.803,2
1214.882,3
1214.961,2
1215.039,2
1215.118,2
1215.197,1
1215.276,2
1215.354,1
1215.433,1
1215.512,1
1215.591,0
1215.669,0
1215.748,0
1215.827,1
1215.906,3
1215.985,3
1216.063,3
1216.142,4
1216.221,3
1216.3,5
1216.378,5
1216.457,5
1216.536,4
1216.615,2
1216.694,2
1216.772,0
1216.851,0
1216.93,0
1217.009,0
1217.088,5
1217.166,5
1217.245,6
1217.324,6
1217.403,7
1217.482,6
1217.561,4
1217.639,5
1217.718,4
1217.797,4
1217.876,4
1217.955,2
1218.034,0
1218.112,0
1218.191,0
1218.27,0
1218.349,0
1218.428,0
1218.507,2
1218.585,2
1218.664,2
1218.743,2
1218.822,2
1218.901,2
1218.98,2
1219.059,2
1219.138,1
1219.216,1
1219.295,1
1219.374,1
1219.453,0
1219.532,0
1219.611,1
1219.69,1
1219.769,1
1219.848,1
1219.926,0
1220.005,1
1220.084,3
1220.163,3
1220.242,3
1220.321,2
1220.4,3
1220.479,3
1220.558,3
1220.637,6
1220.716,9
1220.795,8
1220.874,7
1220.952,3
1221.031,0
1221.11,1
1221.189,3
1221.268,4
1221.347,6
1221.426,7
1221.505,7
1221.584,9
1221.663,13
1221.742,13
1221.821,13
1221.9,16
1221.979,16
1222.058,13
1222.137,10
1222.216,5
1222.295,3
1222.374,3
1222.453,4
1222.532,2
1222.611,1
1222.69,1
1222.769,2
1222.848,2
1222.927,2
1223.006,2
1223.085,3
1223.164,3
1223.243,3
1223.322,4
1223.401,4
1223.48,4
1223.559,7
1223.638,6
1223.717,4
1223.796,4
1223.875,5
1223.954,6
1224.033,5
1224.112,5
1224.191,8
1224.27,9
1224.349,9
1224.428,9
1224.507,8
1224.586,9
1224.665,12
1224.744,16
1224.824,16
1224.903,13
1224.982,13
1225.061,10
1225.14,8
1225.219,9
1225.298,10
1225.377,9
1225.456,10
1225.535,10
1225.614,11
1225.693,8
1225.772,8
1225.852,8
1225.931,6
1226.01,8
1226.089,10
1226.168,10
1226.247,9
1226.326,7
1226.405,5
1226.484,5
1226.564,4
1226.643,5
1226.722,6
1226.801,6
1226.88,6
1226.959,5
1227.038,4
1227.118,5
1227.197,5
1227.276,6
1227.355,6
1227.434,6
1227.513,9
1227.592,13
1227.672,13
1227.751,14
1227.83,19
1227.909,17
1227.988,14
1228.067,13
1228.147,11
1228.226,9
1228.305,13
1228.384,13
1228.463,8
1228.542,8
1228.622,11
1228.701,10
1228.78,9
1228.859,9
1228.938,6
1229.018,6
1229.097,9
1229.176,8
1229.255,8
1229.334,8
1229.414,8
1229.493,8
1229.572,9
1229.651,8
1229.731,5
1229.81,4
1229.889,1
1229.968,1
1230.047,4
1230.127,4
1230.206,5
1230.285,4
1230.364,3
1230.444,5
1230.523,3
1230.602,3
1230.681,5
1230.761,2
1230.84,2
1230.919,2
1230.998,0
1231.078,1
1231.157,6
1231.236,7
1231.316,9
1231.395,9
1231.474,6
1231.553,6
1231.633,3
1231.712,3
1231.791,2
1231.871,3
1231.95,2
1232.029,2
1232.109,2
1232.188,1
1232.267,2
1232.346,4
1232.426,8
1232.505,10
1232.584,11
1232.664,10
1232.743,7
1232.822,7
1232.902,4
1232.981,5
1233.06,8
1233.14,7
1233.219,6
1233.298,7
1233.378,4
1233.457,4
1233.536,4
1233.616,7
1233.695,6
1233.774,5
1233.854,4
1233.933,3
1234.013,3
1234.092,3
1234.171,1
1234.251,0
1234.33,1
1234.409,2
1234.489,3
1234.568,4
1234.648,5
1234.727,4
1234.806,3
1234.886,2
1234.965,2
1235.045,2
1235.124,2
1235.203,3
1235.283,2
1235.362,2
1235.442,2
1235.521,1
1235.6,4
1235.68,4
1235.759,4
1235.839,4
1235.918,5
1235.998,5
1236.077,6
1236.156,7
1236.236,6
1236.315,7
1236.395,8
1236.474,9
1236.554,10
1236.633,11
1236.713,13
1236.792,13
1236.871,12
1236.951,12
1237.03,10
1237.11,9
1237.189,7
1237.269,5
1237.348,4
1237.428,3
1237.507,1
1237.587,1
1237.666,1
1237.746,2
1237.825,3
1237.905,4
1237.984,11
1238.064,10
1238.143,12
1238.223,11
1238.302,4
1238.382,4
1238.461,4
1238.541,6
1238.62,8
1238.7,10
1238.779,9
1238.859,8
1238.938,6
1239.018,5
1239.097,1
1239.177,1
1239.256,2
1239.336,2
1239.415,1
1239.495,4
1239.575,6
1239.654,7
1239.734,7
1239.813,4
1239.893,2
1239.972,3
1240.052,3
1240.131,4
1240.211,7
1240.291,6
1240.37,8
1240.45,8
1240.529,7
1240.609,8
1240.689,5
1240.768,5
1240.848,3
1240.927,2
1241.007,0
1241.086,0
1241.166,1
1241.246,4
1241.325,4
1241.405,4
1241.484,5
1241.564,2
1241.644,3
1241.723,3
1241.803,1
1241.883,2
1241.962,3
1242.042,3
1242.121,3
1242.201,4
1242.281,4
1242.36,4
1242.44,4
1242.52,2
1242.599,6
1242.679,5
1242.759,4
1242.838,3
1242.918,4
1242.998,4
1243.077,4
1243.157,6
1243.237,5
1243.316,5
1243.396,5
1243.476,8
1243.555,6
1243.635,6
1243.715,7
1243.794,4
1243.874,6
1243.954,6
1244.033,5
1244.113,3
1244.193,0
1244.272,0
1244.352,3
1244.432,4
1244.512,7
1244.591,7
1244.671,5
1244.751,7
1244.83,11
1244.91,11
1244.99,11
1245.07,9
1245.149,6
1245.229,7
1245.309,5
1245.389,4
1245.468,3
1245.548,2
1245.628,2
1245.708,1
1245.787,4
1245.867,3
1245.947,3
1246.027,3
1246.106,1
1246.186,1
1246.266,1
1246.346,3
1246.425,2
1246.505,2
1246.585,2
1246.665,4
1246.744,4
1246.824,4
1246.904,4
1246.984,2
1247.064,5
1247.143,5
1247.223,5
1247.303,3
1247.383,2
1247.463,3
1247.542,4
1247.622,5
1247.702,7
1247.782,8
1247.862,9
1247.941,9
1248.021,6
1248.101,6
1248.181,6
1248.261,8
1248.341,10
1248.42,10
1248.5,10
1248.58,10
1248.66,7
1248.74,6
1248.82,5
1248.9,6
1248.979,4
1249.059,5
1249.139,8
1249.219,6
1249.299,6
1249.379,8
1249.459,6
1249.538,6
1249.618,5
1249.698,3
1249.778,4
1249.858,4
1249.938,1
1250.018,1
1250.098,2
1250.178,3
1250.257,3
1250.337,3
1250.417,1
1250.497,0
1250.577,0
1250.657,0
1250.737,0
1250.817,0
1250.897,1
1250.977,1
1251.057,2
1251.136,2
1251.216,1
1251.296,1
1251.376,1
1251.456,3
1251.536,4
1251.616,5
1251.696,6
1251.776,8
1251.856,7
1251.936,7
1252.016,7
1252.096,5
1252.176,7
1252.256,6
1252.336,7
1252.416,5
1252.496,4
1252.576,4
1252.655,4
1252.735,4
1252.815,4
1252.895,6
1252.975,5
1253.055,7
1253.135,12
1253.215,11
1253.295,10
1253.375,10
1253.455,7
1253.535,7
1253.615,8
1253.695,7
1253.775,3
1253.855,3
1253.935,3
1254.015,3
1254.095,4
1254.175,5
1254.256,5
1254.336,7
1254.416,9
1254.496,10
1254.576,11
1254.656,10
1254.736,8
1254.816,6
1254.896,4
1254.976,3
1255.056,1
1255.136,1
1255.216,1
1255.296,1
1255.376,0
1255.456,1
1255.536,3
1255.616,7
1255.696,8
1255.776,8
1255.857,7
1255.937,4
1256.017,2
1256.097,2
1256.177,4
1256.257,5
1256.337,4
1256.417,5
1256.497,6
1256.577,6
1256.657,6
1256.738,6
1256.818,5
1256.898,5
1256.978,6
1257.058,6
1257.138,1
1257.218,1
1257.298,0
1257.379,0
1257.459,3
1257.539,3
1257.619,3
1257.699,3
1257.779,3
1257.859,3
1257.939,5
1258.02,5
1258.1,3
1258.18,3
1258.26,2
1258.34,2
1258.42,4
1258.501,4
1258.581,5
1258.661,5
1258.741,3
1258.821,3
1258.901,3
1258.982,3
1259.062,2
1259.142,2
1259.222,0
1259.302,1
1259.383,3
1259.463,6
1259.543,8
1259.623,8
1259.703,10
1259.784,7
1259.864,7
1259.944,7
1260.024,5
1260.104,5
1260.185,5
1260.265,8
1260.345,7
1260.425,8
1260.506,7
1260.586,4
1260.666,4
1260.746,4
1260.826,1
1260.907,1
1260.987,1
1261.067,2
1261.147,1
1261.228,2
1261.308,3
1261.388,5
1261.468,6
1261.549,6
1261.629,7
1261.709,6
1261.79,8
1261.87,7
1261.95,9
1262.03,7
1262.111,4
1262.191,4
1262.271,1
1262.351,1
1262.432,1
1262.512,1
1262.592,2
1262.673,2
1262.753,2
1262.833,3
1262.914,1
1262.994,1
1263.074,1
1263.155,0
1263.235,1
1263.315,1
1263.395,1
1263.476,4
1263.556,4
1263.636,4
1263.717,4
1263.797,1
1263.877,0
1263.958,3
1264.038,4
1264.118,4
1264.199,4
1264.279,2
1264.36,1
1264.44,1
1264.52,2
1264.601,1
1264.681,4
1264.761,4
1264.842,3
1264.922,3
1265.002,2
1265.083,2
1265.163,4
1265.244,5
1265.324,4
1265.404,7
1265.485,6
1265.565,7
1265.646,8
1265.726,9
1265.806,12
1265.887,10
1265.967,9
1266.048,5
1266.128,3
1266.208,3
1266.289,2
1266.369,2
1266.45,1
1266.53,1
1266.61,1
1266.691,1
1266.771,0
1266.852,0
1266.932,1
1267.013,1
1267.093,2
1267.174,5
1267.254,5
1267.334,5
1267.415,4
1267.495,5
1267.576,7
1267.656,7
1267.737,7
1267.817,3
1267.898,1
1267.978,1
1268.059,1
1268.139,1
1268.22,0
1268.3,0
1268.381,0
1268.461,0
1268.541,1
1268.622,1
1268.702,1
1268.783,1
1268.863,6
1268.944,6
1269.024,7
1269.105,8
1269.185,2
1269.266,2
1269.347,4
1269.427,4
1269.508,5
1269.588,6
1269.669,8
1269.749,10
1269.83,11
1269.91,10
1269.991,7
1270.071,5
1270.152,6
1270.232,6
1270.313,4
1270.393,5
1270.474,6
1270.555,6
1270.635,7
1270.716,11
1270.796,7
1270.877,6
1270.957,7
1271.038,4
1271.118,3
1271.199,3
1271.28,2
1271.36,2
1271.441,2
1271.521,2
1271.602,0
1271.683,0
1271.763,0
1271.844,0
1271.924,0
1272.005,1
1272.086,5
1272.166,5
1272.247,7
1272.327,6
1272.408,5
1272.489,5
1272.569,10
1272.65,9
1272.73,5
1272.811,4
1272.892,4
1272.972,4
1273.053,4
1273.134,5
1273.214,7
1273.295,8
1273.376,11
1273.456,11
1273.537,8
1273.618,9
1273.698,8
1273.779,9
1273.859,8
1273.94,8
1274.021,4
1274.101,4
1274.182,1
1274.263,1
1274.344,2
1274.424,2
1274.505,2
1274.586,2
1274.666,4
1274.747,4
1274.828,3
1274.908,4
1274.989,2
1275.07,2
1275.15,2
1275.231,4
1275.312,4
1275.393,4
1275.473,4
1275.554,7
1275.635,6
1275.715,6
1275.796,7
1275.877,5
1275.958,7
1276.038,6
1276.119,4
1276.2,3
1276.281,1
1276.361,2
1276.442,2
1276.523,2
1276.603,2
1276.684,1
1276.765,1
1276.846,4
1276.927,4
1277.007,6
1277.088,10
1277.169,9
1277.25,9
1277.33,8
1277.411,10
1277.492,8
1277.573,8
1277.653,8
1277.734,10
1277.815,7
1277.896,7
1277.977,7
1278.057,5
1278.138,6
1278.219,5
1278.3,4
1278.381,2
1278.461,0
1278.542,1
1278.623,2
1278.704,2
1278.785,2
1278.866,1
1278.946,0
1279.027,0
1279.108,0
1279.189,0
1279.27,2
1279.35,3
1279.431,4
1279.512,7
1279.593,6
1279.674,6
1279.755,9
1279.836,10
1279.916,10
1279.997,12
1280.078,9
1280.159,7
1280.24,7
1280.321,8
1280.402,7
1280.482,6
1280.563,5
1280.644,1
1280.725,1
1280.806,3
1280.887,3
1280.968,3
1281.049,3
1281.13,0
1281.21,2
1281.291,5
1281.372,6
1281.453,8
1281.534,10
1281.615,6
1281.696,4
1281.777,2
1281.858,1
1281.939,1
1282.02,1
1282.101,2
1282.181,2
1282.262,2
1282.343,2
1282.424,0
1282.505,0
1282.586,1
1282.667,1
1282.748,1
1282.829,1
1282.91,0
1282.991,0
1283.072,0
1283.153,1
1283.234,1
1283.315,1
1283.396,1
1283.477,1
1283.558,1
1283.639,1
1283.72,1
1283.801,0
1283.882,2
1283.963,2
1284.044,2
1284.124,2
1284.205,1
1284.286,4
1284.367,4
1284.448,4
1284.529,4
1284.61,3
1284.692,3
1284.773,3
1284.854,2
1284.935,0
1285.016,0
1285.097,0
1285.178,0
1285.259,0
1285.34,0
1285.421,1
1285.502,1
1285.583,1
1285.664,4
1285.745,3
1285.826,6
1285.907,6
1285.988,7
1286.069,6
1286.15,7
1286.231,7
1286.312,6
1286.393,5
1286.474,3
1286.555,1
1286.636,4
1286.718,4
1286.799,4
1286.88,4
1286.961,3
1287.042,3
1287.123,4
1287.204,4
1287.285,2
1287.366,2
1287.447,2
1287.528,4
1287.61,6
1287.691,7
1287.772,10
1287.853,13
1287.934,12
1288.015,12
1288.096,14
1288.177,11
1288.258,11
1288.34,9
1288.421,7
1288.502,4
1288.583,2
1288.664,2
1288.745,1
1288.826,1
1288.908,0
1288.989,1
1289.07,3
1289.151,6
1289.232,7
1289.313,7
1289.394,6
1289.476,4
1289.557,5
1289.638,6
1289.719,6
1289.8,6
1289.881,4
1289.963,3
1290.044,3
1290.125,3
1290.206,3
1290.287,3
1290.369,3
1290.45,3
1290.531,3
1290.612,4
1290.693,4
1290.775,7
1290.856,4
1290.937,4
1291.018,5
1291.099,3
1291.181,4
1291.262,4
1291.343,5
1291.424,5
1291.506,5
1291.587,7
1291.668,9
1291.749,10
1291.83,13
1291.912,10
1291.993,15
1292.074,15
1292.155,11
1292.237,9
1292.318,5
1292.399,5
1292.48,8
1292.562,8
1292.643,8
1292.724,8
1292.806,6
1292.887,8
1292.968,7
1293.049,9
1293.131,11
1293.212,11
1293.293,11
1293.375,11
1293.456,9
1293.537,7
1293.618,5
1293.7,3
1293.781,0
1293.862,0
1293.944,0
1294.025,0
1294.106,0
1294.188,0
1294.269,0
1294.35,0
1294.431,1
1294.513,1
1294.594,1
1294.675,1
1294.757,11
1294.838,10
1294.919,10
1295.001,9
1295.082,5
1295.163,4
1295.245,2
1295.326,4
1295.408,4
1295.489,5
1295.57,5
1295.652,4
1295.733,7
1295.814,6
1295.896,6
1295.977,4
1296.058,1
1296.14,2
1296.221,2
1296.303,2
1296.384,1
1296.465,0
1296.547,1
1296.628,1
1296.71,1
1296.791,2
1296.872,3
1296.954,4
1297.035,6
1297.117,6
1297.198,8
1297.279,8
1297.361,9
1297.442,8
1297.524,8
1297.605,6
1297.686,2
1297.768,2
1297.849,2
1297.931,3
1298.012,7
1298.094,8
1298.175,10
1298.257,12
1298.338,11
1298.419,10
1298.501,8
1298.582,7
1298.664,4
1298.745,5
1298.827,6
1298.908,7
1298.99,5
1299.071,5
1299.153,3
1299.234,4
1299.316,4
1299.397,4
1299.478,2
1299.56,0
1299.641,0
1299.723,2
1299.804,2
1299.886,3
1299.967,7
1300.049,6
1300.13,7
1300.212,12
1300.293,11
1300.375,9
1300.456,7
1300.538,5
1300.62,3
1300.701,4
1300.783,5
1300.864,5
1300.946,6
1301.027,5
1301.109,4
1301.19,3
1301.272,1
1301.353,4
1301.435,4
1301.516,4
1301.598,4
1301.679,1
1301.761,2
1301.843,2
1301.924,2
1302.006,3
1302.087,2
1302.169,2
1302.25,2
1302.332,3
1302.414,8
1302.495,10
1302.577,15
1302.658,16
1302.74,14
1302.822,17
1302.903,20
1302.985,17
1303.066,14
1303.148,11
1303.229,7
1303.311,7
1303.393,7
1303.474,6
1303.556,3
1303.638,3
1303.719,4
1303.801,4
1303.882,4
1303.964,4
1304.046,4
1304.127,3
1304.209,3
1304.291,3
1304.372,4
1304.454,4
1304.535,3
1304.617,3
1304.699,1
1304.78,2
1304.862,2
1304.944,3
1305.025,8
1305.107,9
1305.189,12
1305.27,12
1305.352,13
1305.434,11
1305.515,7
1305.597,6
1305.679,3
1305.76,4
1305.842,4
1305.924,5
1306.006,3
1306.087,3
1306.169,3
1306.251,2
1306.332,1
1306.414,0
1306.496,0
1306.577,1
1306.659,6
1306.741,6
1306.823,6
1306.904,5
1306.986,3
1307.068,5
1307.149,5
1307.231,6
1307.313,11
1307.395,10
1307.476,13
1307.558,12
1307.64,5
1307.722,4
1307.803,3
1307.885,4
1307.967,4
1308.049,4
1308.13,2
1308.212,1
1308.294,4
1308.376,3
1308.457,2
1308.539,1
1308.621,4
1308.703,4
1308.785,5
1308.866,5
1308.948,1
1309.03,1
1309.112,3
1309.194,3
1309.275,3
1309.357,4
1309.439,2
1309.521,2
1309.603,2
1309.684,5
1309.766,5
1309.848,4
1309.93,4
1310.012,4
1310.093,5
1310.175,5
1310.257,8
1310.339,7
1310.421,6
1310.503,6
1310.584,4
1310.666,5
1310.748,4
1310.83,6
1310.912,7
1310.994,6
1311.075,5
1311.157,3
1311.239,2
1311.321,2
1311.403,2
1311.485,3
1311.567,1
1311.648,1
1311.73,1
1311.812,0
1311.894,0
1311.976,0
1312.058,0
1312.14,0
1312.222,0
1312.304,2
1312.385,3
1312.467,4
1312.549,11
1312.631,9
1312.713,9
1312.795,8
1312.877,3
1312.959,3
1313.041,2
1313.123,2
1313.205,0
1313.286,0
1313.368,1
1313.45,1
1313.532,1
1313.614,1
1313.696,0
1313.778,0
1313.86,0
1313.942,2
1314.024,3
1314.106,4
1314.188,5
1314.27,4
1314.352,6
1314.434,6
1314.516,6
1314.598,6
1314.68,4
1314.762,3
1314.843,3
1314.925,2
1315.007,1
1315.089,1
1315.171,0
1315.253,0
1315.335,0
1315.417,0
1315.499,0
1315.581,0
1315.663,0
1315.745,0
1315.827,0
1315.909,0
1315.991,1
1316.073,1
1316.155,1
1316.237,2
1316.319,4
1316.401,5
1316.483,6
1316.565,10
1316.648,9
1316.73,11
1316.812,12
1316.894,9
1316.976,7
1317.058,6
1317.14,6
1317.222,5
1317.304,4
1317.386,3
1317.468,2
1317.55,3
1317.632,1
1317.714,1
1317.796,1
1317.878,0
1317.96,1
1318.042,2
1318.124,3
1318.207,5
1318.289,6
1318.371,6
1318.453,5
1318.535,4
1318.617,3
1318.699,2
1318.781,3
1318.863,2
1318.945,6
1319.028,6
1319.11,8
1319.192,8
1319.274,4
1319.356,4
1319.438,3
1319.52,4
1319.602,4
1319.684,4
1319.767,3
1319.849,2
1319.931,2
1320.013,2
1320.095,2
1320.177,4
1320.259,3
1320.342,3
1320.424,2
1320.506,1
1320.588,1
1320.67,1
1320.752,1
1320.834,0
1320.917,0
1320.999,0
1321.081,0
1321.163,0
1321.245,0
1321.328,3
1321.41,3
1321.492,3
1321.574,3
1321.656,0
1321.738,0
1321.821,0
1321.903,0
1321.985,0
1322.067,0
1322.149,0
1322.232,0
1322.314,2
1322.396,2
1322.478,2
1322.56,2
1322.643,0
1322.725,0
1322.807,0
1322.889,1
1322.972,3
1323.054,3
1323.136,3
1323.218,2
1323.301,0
1323.383,0
1323.465,0
1323.547,0
1323.63,0
1323.712,2
1323.794,2
1323.876,2
1323.959,2
1324.041,1
1324.123,1
1324.205,1
1324.288,2
1324.37,1
1324.452,1
1324.534,1
1324.617,0
1324.699,2
1324.781,4
1324.864,6
1324.946,7
1325.028,6
1325.111,7
1325.193,6
1325.275,6
1325.357,7
1325.44,8
1325.522,7
1325.604,6
1325.687,4
1325.769,2
1325.851,2
1325.934,2
1326.016,3
1326.098,3
1326.181,3
1326.263,5
1326.345,4
1326.428,2
1326.51,2
1326.592,3
1326.675,3
1326.757,4
1326.839,6
1326.922,3
1327.004,3
1327.086,5
1327.169,4
1327.251,5
1327.334,9
1327.416,6
1327.498,5
1327.581,7
1327.663,6
1327.745,6
1327.828,6
1327.91,3
1327.993,0
1328.075,0
1328.157,0
1328.24,0
1328.322,0
1328.405,0
1328.487,0
1328.569,0
1328.652,0
1328.734,0
1328.817,5
1328.899,5
1328.981,7
1329.064,8
1329.146,10
1329.229,10
1329.311,8
1329.394,7
1329.476,4
1329.558,4
1329.641,6
1329.723,6
1329.806,4
1329.888,4
1329.971,2
1330.053,2
1330.136,0
1330.218,0
1330.301,0
1330.383,0
1330.465,0
1330.548,0
1330.63,0
1330.713,0
1330.795,1
1330.878,1
1330.96,1
1331.043,1
1331.125,2
1331.208,3
1331.29,5
1331.373,6
1331.455,9
1331.538,9
1331.62,9
1331.703,9
1331.785,7
1331.868,7
1331.95,6
1332.033,6
1332.115,3
1332.198,4
1332.28,5
1332.363,6
1332.445,6
1332.528,7
1332.611,8
1332.693,9
1332.776,12
1332.858,11
1332.941,11
1333.023,10
1333.106,4
1333.188,4
1333.271,6
1333.353,6
1333.436,3
1333.519,3
1333.601,1
1333.684,1
1333.766,1
1333.849,1
1333.931,0
1334.014,0
1334.097,2
1334.179,2
1334.262,3
1334.344,3
1334.427,6
1334.51,6
1334.592,6
1334.675,6
1334.757,1
1334.84,1
1334.923,1
1335.005,1
1335.088,1
1335.17,1
1335.253,0
1335.336,0
1335.418,0
1335.501,0
1335.583,0
1335.666,0
1335.749,0
1335.831,0
1335.914,0
1335.997,0
1336.079,0
1336.162,0
1336.245,1
1336.327,1
1336.41,1
1336.493,1
1336.575,4
1336.658,3
1336.741,3
1336.823,2
1336.906,1
1336.989,1
1337.071,1
1337.154,3
1337.237,3
1337.319,4
1337.402,3
1337.485,2
1337.567,2
1337.65,1
1337.733,2
1337.815,1
1337.898,1
1337.981,1
1338.064,0
1338.146,0
1338.229,0
1338.312,0
1338.394,0
1338.477,0
1338.56,0
1338.643,0
1338.725,0
1338.808,0
1338.891,0
1338.974,1
1339.056,2
1339.139,4
1339.222,7
1339.304,8
1339.387,9
1339.47,10
1339.553,11
1339.635,11
1339.718,11
1339.801,9
1339.884,6
1339.967,5
1340.049,4
1340.132,3
1340.215,2
1340.298,1
1340.38,0
1340.463,0
1340.546,0
1340.629,0
1340.712,0
1340.794,1
1340.877,1
1340.96,1
1341.043,1
1341.126,0
1341.208,0
1341.291,0
1341.374,0
1341.457,0
1341.54,0
1341.622,0
1341.705,0
1341.788,1
1341.871,1
1341.954,1
1342.037,4
1342.119,6
1342.202,6
1342.285,6
1342.368,5
1342.451,2
1342.534,2
1342.616,3
1342.699,1
1342.782,1
1342.865,1
1342.948,0
1343.031,0
1343.114,1
1343.196,1
1343.279,1
1343.362,1
1343.445,0
1343.528,0
1343.611,0
1343.694,0
1343.777,0
1343.86,0
1343.942,0
1344.025,0
1344.108,0
1344.191,1
1344.274,1
1344.357,1
1344.44,1
1344.523,4
1344.606,3
1344.689,3
1344.771,3
1344.854,4
1344.937,7
1345.02,9
1345.103,10
1345.186,10
1345.269,9
1345.352,10
1345.435,9
1345.518,5
1345.601,4
1345.684,6
1345.767,6
1345.85,5
1345.933,5
1346.016,1
1346.098,1
1346.181,2
1346.264,4
1346.347,7
1346.43,9
1346.513,14
1346.596,12
1346.679,10
1346.762,8
1346.845,8
1346.928,8
1347.011,6
1347.094,5
1347.177,2
1347.26,1
1347.343,0
1347.426,0
1347.509,0
1347.592,0
1347.675,0
1347.758,0
1347.841,3
1347.924,4
1348.007,4
1348.09,4
1348.173,1
1348.256,0
1348.339,4
1348.422,4
1348.505,6
1348.588,6
1348.672,2
1348.755,2
1348.838,1
1348.921,2
1349.004,2
1349.087,2
1349.17,4
1349.253,3
1349.336,3
1349.419,3
1349.502,3
1349.585,3
1349.668,3
1349.751,3
1349.834,0
1349.917,0
1350.001,1
1350.084,1
1350.167,1
1350.25,2
1350.333,5
1350.416,4
1350.499,3
1350.582,1
1350.665,0
1350.748,0
1350.831,0
1350.915,0
1350.998,2
1351.081,2
1351.164,2
1351.247,4
1351.33,2
1351.413,3
1351.496,3
1351.58,1
1351.663,3
1351.746,3
1351.829,3
1351.912,3
1351.995,1
1352.078,0
1352.162,0
1352.245,0
1352.328,1
1352.411,1
1352.494,1
1352.577,1
1352.661,2
1352.744,2
1352.827,2
1352.91,2
1352.993,0
1353.076,1
1353.16,2
1353.243,3
1353.326,5
1353.409,4
1353.492,3
1353.576,2
1353.659,1
1353.742,1
1353.825,1
1353.908,1
1353.992,0
1354.075,0
1354.158,0
1354.241,0
1354.324,2
1354.408,2
1354.491,2
1354.574,2
1354.657,2
1354.741,3
1354.824,3
1354.907,3
1354.99,2
1355.073,1
1355.157,2
1355.24,3
1355.323,6
1355.406,6
1355.49,5
1355.573,4
1355.656,3
1355.739,3
1355.823,3
1355.906,3
1355.989,0
1356.073,0
1356.156,0
1356.239,0
1356.322,1
1356.406,1
1356.489,1
1356.572,1
1356.656,0
1356.739,0
1356.822,1
1356.905,1
1356.989,3
1357.072,3
1357.155,2
1357.239,2
1357.322,2
1357.405,2
1357.489,2
1357.572,2
1357.655,0
1357.739,0
1357.822,0
1357.905,0
1357.989,0
1358.072,0
1358.155,2
1358.239,2
1358.322,3
1358.405,4
1358.489,3
1358.572,5
1358.655,6
1358.739,5
1358.822,4
1358.905,2
1358.989,0
1359.072,0
1359.155,0
1359.239,2
1359.322,2
1359.406,2
1359.489,3
1359.572,1
1359.656,1
1359.739,2
1359.822,1
1359.906,1
1359.989,1
1360.073,0
1360.156,0
1360.239,1
1360.323,1
1360.406,2
1360.49,4
1360.573,3
1360.657,3
1360.74,3
1360.823,2
1360.907,2
1360.99,3
1361.074,3
1361.157,4
1361.241,4
1361.324,3
1361.407,2
1361.491,1
1361.574,2
1361.658,4
1361.741,4
1361.825,5
1361.908,4
1361.992,3
1362.075,3
1362.158,2
1362.242,4
1362.325,3
1362.409,4
1362.492,4
1362.576,4
1362.659,4
1362.743,3
1362.826,2
1362.91,0
1362.993,0
1363.077,0
1363.16,2
1363.244,5
1363.327,5
1363.411,6
1363.494,7
1363.578,6
1363.661,9
1363.745,8
1363.828,5
1363.912,3
1363.995,0
1364.079,0
1364.162,0
1364.246,0
1364.329,0
1364.413,0
1364.496,1
1364.58,3
1364.664,4
1364.747,5
1364.831,4
1364.914,2
1364.998,1
1365.081,0
1365.165,0
1365.248,0
1365.332,0
1365.416,0
1365.499,0
1365.583,0
1365.666,0
1365.75,1
1365.833,1
1365.917,1
1366.001,1
1366.084,4
1366.168,3
1366.251,2
1366.335,2
1366.419,1
1366.502,1
1366.586,2
1366.669,1
1366.753,1
1366.837,1
1366.92,1
1367.004,1
1367.087,2
1367.171,2
1367.255,2
1367.338,5
1367.422,6
1367.505,6
1367.589,5
1367.673,2
1367.756,0
1367.84,2
1367.924,2
1368.007,2
1368.091,2
1368.175,0
1368.258,0
1368.342,1
1368.426,1
1368.509,1
1368.593,1
1368.677,0
1368.76,0
1368.844,0
1368.928,1
1369.011,2
1369.095,3
1369.179,6
1369.262,7
1369.346,6
1369.43,5
1369.513,4
1369.597,4
1369.681,4
1369.764,4
1369.848,2
1369.932,2
1370.016,2
1370.099,2
1370.183,2
1370.267,1
1370.35,3
1370.434,4
1370.518,4
1370.602,4
1370.685,4
1370.769,3
1370.853,3
1370.937,3
1371.02,7
1371.104,8
1371.188,10
1371.271,10
1371.355,7
1371.439,7
1371.523,8
1371.607,7
1371.69,4
1371.774,3
1371.858,1
1371.942,1
1372.025,3
1372.109,3
1372.193,3
1372.277,4
1372.36,3
1372.444,4
1372.528,5
1372.612,5
1372.696,4
1372.779,3
1372.863,1
1372.947,0
1373.031,0
1373.115,0
1373.198,1
1373.282,1
1373.366,1
1373.45,1
1373.534,0
1373.617,1
1373.701,1
1373.785,1
1373.869,1
1373.953,1
1374.037,1
1374.12,1
1374.204,3
1374.288,2
1374.372,2
1374.456,2
1374.54,0
1374.624,0
1374.707,0
1374.791,0
1374.875,0
1374.959,0
1375.043,0
1375.127,0
1375.211,1
1375.294,1
1375.378,1
1375.462,1
1375.546,0
1375.63,0
1375.714,0
1375.798,0
1375.882,1
1375.965,1
1376.049,1
1376.133,2
1376.217,2
1376.301,4
1376.385,5
1376.469,4
1376.553,3
1376.637,3
1376.721,2
1376.805,2
1376.888,2
1376.972,2
1377.056,2
1377.14,2
1377.224,2
1377.308,1
1377.392,1
1377.476,2
1377.56,3
1377.644,4
1377.728,8
1377.812,10
1377.896,12
1377.98,14
1378.064,10
1378.148,8
1378.232,6
1378.316,4
1378.399,1
1378.483,1
1378.567,1
1378.651,0
1378.735,1
1378.819,2
1378.903,5
1378.987,6
1379.071,9
1379.155,8
1379.239,5
1379.323,4
1379.407,1
1379.491,1
1379.575,1
1379.659,1
1379.743,0
1379.827,0
1379.911,3
1379.995,3
1380.079,3
1380.163,3
1380.247,1
1380.331,1
1380.416,3
1380.5,3
1380.584,2
1380.668,3
1380.752,1
1380.836,1
1380.92,1
1381.004,0
1381.088,0
1381.172,0
1381.256,0
1381.34,0
1381.424,0
1381.508,0
1381.592,0
1381.676,0
1381.76,0
1381.844,1
1381.929,2
1382.013,3
1382.097,4
1382.181,3
1382.265,2
1382.349,2
1382.433,1
1382.517,1
1382.601,2
1382.685,1
1382.769,1
1382.854,1
1382.938,4
1383.022,4
1383.106,5
1383.19,5
1383.274,1
1383.358,1
1383.442,3
1383.526,3
1383.611,3
1383.695,3
1383.779,0
1383.863,0
1383.947,0
1384.031,0
1384.115,0
1384.2,0
1384.284,0
1384.368,0
1384.452,1
1384.536,1
1384.62,2
1384.705,2
1384.789,4
1384.873,4
1384.957,6
1385.041,6
1385.125,4
1385.21,4
1385.294,4
1385.378,4
1385.462,3
1385.546,3
1385.631,0
1385.715,0
1385.799,0
1385.883,1
1385.967,1
1386.052,1
1386.136,3
1386.22,2
1386.304,2
1386.388,2
1386.473,1
1386.557,1
1386.641,2
1386.725,6
1386.809,7
1386.894,8
1386.978,8
1387.062,7
1387.146,10
1387.231,11
1387.315,14
1387.399,18
1387.483,14
1387.568,9
1387.652,6
1387.736,1
1387.82,1
1387.905,1
1387.989,1
1388.073,1
1388.158,1
1388.242,1
1388.326,1
1388.41,0
1388.495,0
1388.579,1
1388.663,2
1388.747,3
1388.832,5
1388.916,5
1389,5
1389.085,5
1389.169,2
1389.253,2
1389.338,2
1389.422,2
1389.506,4
1389.591,4
1389.675,4
1389.759,4
1389.843,4
1389.928,4
1390.012,4
1390.096,5
1390.181,2
1390.265,2
1390.349,2
1390.434,2
1390.518,1
1390.602,1
1390.687,2
1390.771,1
1390.856,1
1390.94,2
1391.024,1
1391.109,1
1391.193,2
1391.277,1
1391.362,1
1391.446,3
1391.53,2
1391.615,2
1391.699,4
1391.784,3
1391.868,5
1391.952,8
1392.037,6
1392.121,5
1392.206,3
1392.29,1
1392.374,1
1392.459,1
1392.543,2
1392.628,1
1392.712,2
1392.796,2
1392.881,3
1392.965,3
1393.05,5
1393.134,5
1393.219,5
1393.303,6
1393.387,4
1393.472,5
1393.556,5
1393.641,5
1393.725,5
1393.81,5
1393.894,6
1393.978,5
1394.063,4
1394.147,7
1394.232,7
1394.316,7
1394.401,7
1394.485,6
1394.57,3
1394.654,3
1394.739,3
1394.823,2
1394.908,2
1394.992,2
1395.077,2
1395.161,0
1395.246,0
1395.33,1
1395.415,2
1395.499,3
1395.584,5
1395.668,5
1395.753,5
1395.837,5
1395.922,2
1396.006,2
1396.091,3
1396.175,3
1396.26,1
1396.344,1
1396.429,0
1396.513,0
1396.598,0
1396.682,0
1396.767,0
1396.851,0
1396.936,0
1397.02,0
1397.105,2
1397.19,2
1397.274,3
1397.359,3
1397.443,3
1397.528,3
1397.612,2
1397.697,2
1397.781,0
1397.866,0
1397.951,1
1398.035,1
1398.12,1
1398.204,1
1398.289,0
1398.374,0
1398.458,0
1398.543,0
1398.627,0
1398.712,0
1398.797,0
1398.881,0
1398.966,2
1399.05,2
1399.135,2
1399.22,2
1399.304,3
1399.389,3
1399.473,5
1399.558,8
1399.643,11
1399.727,15
1399.812,22
1399.897,20
1399.981,15
1400.066,12
1400.15,7
1400.235,7
1400.32,9
1400.404,8
1400.489,4
1400.574,5
1400.658,3
1400.743,3
1400.828,3
1400.912,2
1400.997,1
1401.082,1
1401.166,3
1401.251,2
1401.336,2
1401.42,2
1401.505,1
1401.59,1
1401.674,1
1401.759,1
1401.844,0
1401.929,0
1402.013,0
1402.098,0
1402.183,0
1402.267,0
1402.352,0
1402.437,0
1402.521,0
1402.606,0
1402.691,0
1402.776,0
1402.86,0
1402.945,0
1403.03,0
1403.115,0
1403.199,0
1403.284,3
1403.369,5
1403.453,5
1403.538,5
1403.623,2
1403.708,2
1403.792,2
1403.877,2
1403.962,2
1404.047,5
1404.132,4
1404.216,3
1404.301,2
1404.386,0
1404.471,0
1404.555,1
1404.64,1
1404.725,1
1404.81,1
1404.895,0
1404.979,0
1405.064,2
1405.149,2
1405.234,2
1405.318,2
1405.403,1
1405.488,1
1405.573,1
1405.658,1
1405.743,5
1405.827,6
1405.912,8
1405.997,8
1406.082,4
1406.167,3
1406.251,3
1406.336,3
1406.421,4
1406.506,4
1406.591,4
1406.676,7
1406.761,7
1406.845,7
1406.93,6
1407.015,3
1407.1,1
1407.185,1
1407.27,0
1407.354,0
1407.439,1
1407.524,3
1407.609,3
1407.694,3
1407.779,4
1407.864,2
1407.949,2
1408.033,2
1408.118,0
1408.203,0
1408.288,1
1408.373,1
1408.458,4
1408.543,4
1408.628,5
1408.713,5
1408.798,4
1408.882,5
1408.967,3
1409.052,3
1409.137,2
1409.222,1
1409.307,1
1409.392,1
1409.477,0
1409.562,0
1409.647,0
1409.732,0
1409.817,0
1409.902,0
1409.987,0
1410.071,0
1410.156,3
1410.241,3
1410.326,3
1410.411,3
1410.496,3
1410.581,3
1410.666,3
1410.751,3
1410.836,1
1410.921,2
1411.006,2
1411.091,2
1411.176,5
1411.261,5
1411.346,5
1411.431,5
1411.516,1
1411.601,0
1411.686,0
1411.771,0
1411.856,3
1411.941,3
1412.026,6
1412.111,6
1412.196,9
1412.281,9
1412.366,6
1412.451,6
1412.536,5
1412.621,5
1412.706,7
1412.791,7
1412.876,3
1412.961,4
1413.046,3
1413.131,3
1413.216,2
1413.301,4
1413.386,6
1413.471,7
1413.557,7
1413.642,4
1413.727,4
1413.812,3
1413.897,3
1413.982,3
1414.067,0
1414.152,0
1414.237,1
1414.322,1
1414.407,1
1414.492,1
1414.577,1
1414.662,1
1414.748,1
1414.833,1
1414.918,1
1415.003,1
1415.088,1
1415.173,1
1415.258,1
1415.343,1
1415.428,2
1415.513,2
1415.599,3
1415.684,3
1415.769,5
1415.854,5
1415.939,5
1416.024,5
1416.109,7
1416.194,7
1416.28,5
1416.365,6
1416.45,2
1416.535,2
1416.62,2
1416.705,3
1416.791,2
1416.876,2
1416.961,2
1417.046,1
1417.131,5
1417.216,6
1417.301,7
1417.387,7
1417.472,8
1417.557,8
1417.642,9
1417.727,10
1417.813,10
1417.898,10
1417.983,13
1418.068,12
1418.153,9
1418.238,11
1418.324,11
1418.409,11
1418.494,9
1418.579,7
1418.665,2
1418.75,4
1418.835,4
1418.92,3
1419.005,3
1419.091,0
1419.176,0
1419.261,0
1419.346,0
1419.432,0
1419.517,0
1419.602,0
1419.687,2
1419.772,2
1419.858,2
1419.943,2
1420.028,0
1420.113,0
1420.199,0
1420.284,0
1420.369,0
1420.455,0
1420.54,0
1420.625,0
1420.71,1
1420.796,1
1420.881,2
1420.966,2
1421.051,1
1421.137,2
1421.222,1
1421.307,1
1421.393,1
1421.478,1
1421.563,4
1421.649,4
1421.734,4
1421.819,4
1421.904,2
1421.99,2
1422.075,5
1422.16,4
1422.246,3
1422.331,3
1422.416,0
1422.502,0
1422.587,0
1422.672,0
1422.758,0
1422.843,1
1422.928,1
1423.014,1
1423.099,1
1423.184,0
1423.27,3
1423.355,3
1423.44,3
1423.526,3
1423.611,2
1423.697,2
1423.782,2
1423.867,2
1423.953,0
1424.038,3
1424.123,4
1424.209,4
1424.294,4
1424.38,2
1424.465,5
1424.55,5
1424.636,6
1424.721,5
1424.807,7
1424.892,7
1424.977,6
1425.063,7
1425.148,7
1425.234,6
1425.319,6
1425.404,4
1425.49,3
1425.575,3
1425.661,7
1425.746,8
1425.831,8
1425.917,9
1426.002,8
1426.088,7
1426.173,5
1426.259,4
1426.344,0
1426.43,0
1426.515,0
1426.6,1
1426.686,1
1426.771,2
1426.857,2
1426.942,1
1427.028,1
1427.113,1
1427.199,2
1427.284,3
1427.37,4
1427.455,3
1427.541,2
1427.626,1
1427.712,0
1427.797,0
1427.883,0
1427.968,0
1428.054,0
1428.139,0
1428.225,1
1428.31,1
1428.396,1
1428.481,3
1428.567,2
1428.652,2
1428.738,2
1428.823,0
1428.909,1
1428.994,1
1429.08,2
1429.165,2
1429.251,1
1429.336,1
1429.422,0
1429.507,0
1429.593,0
1429.679,1
1429.764,1
1429.85,1
1429.935,1
1430.021,0
1430.106,0
1430.192,0
1430.277,0
1430.363,0
1430.449,0
1430.534,0
1430.62,0
1430.705,1
1430.791,1
1430.876,1
1430.962,2
1431.048,1
1431.133,2
1431.219,2
1431.304,1
1431.39,1
1431.476,2
1431.561,2
1431.647,2
1431.732,2
1431.818,0
1431.904,0
1431.989,2
1432.075,2
1432.16,2
1432.246,2
1432.332,3
1432.417,3
1432.503,3
1432.589,3
1432.674,2
1432.76,2
1432.846,2
1432.931,2
1433.017,0
1433.103,0
1433.188,1
1433.274,2
1433.359,3
1433.445,4
1433.531,5
1433.616,5
1433.702,5
1433.788,5
1433.873,6
1433.959,6
1434.045,6
1434.131,6
1434.216,1
1434.302,1
1434.388,1
1434.473,1
1434.559,0
1434.645,1
1434.73,1
1434.816,1
1434.902,1
1434.988,0
1435.073,0
1435.159,0
1435.245,0
1435.33,1
1435.416,1
1435.502,1
1435.588,1
1435.673,0
1435.759,3
1435.845,3
1435.93,3
1436.016,3
1436.102,0
1436.188,0
1436.273,0
1436.359,0
1436.445,1
1436.531,3
1436.616,5
1436.702,10
1436.788,10
1436.874,9
1436.96,8
1437.045,4
1437.131,3
1437.217,3
1437.303,3
1437.388,3
1437.474,0
1437.56,0
1437.646,4
1437.732,5
1437.817,6
1437.903,6
1437.989,2
1438.075,2
1438.161,1
1438.246,1
1438.332,1
1438.418,0
1438.504,3
1438.59,5
1438.675,6
1438.761,7
1438.847,7
1438.933,7
1439.019,7
1439.105,8
1439.19,5
1439.276,4
1439.362,5
1439.448,4
1439.534,1
1439.62,1
1439.706,0
1439.791,0
1439.877,0
1439.963,1
1440.049,1
1440.135,1
1440.221,1
1440.307,0
1440.392,0
1440.478,0
1440.564,0
1440.65,0
1440.736,0
1440.822,0
1440.908,1
1440.994,1
1441.079,2
1441.165,2
1441.251,4
1441.337,5
1441.423,4
1441.509,4
1441.595,4
1441.681,3
1441.767,3
1441.853,3
1441.939,0
1442.024,0
1442.11,0
1442.196,1
1442.282,1
1442.368,1
1442.454,1
1442.54,2
1442.626,4
1442.712,4
1442.798,4
1442.884,2
1442.97,0
1443.056,0
1443.142,0
1443.228,0
1443.314,0
1443.4,0
1443.486,0
1443.572,0
1443.658,0
1443.744,0
1443.829,0
1443.915,0
1444.001,1
1444.087,2
1444.173,3
1444.259,5
1444.345,5
1444.431,5
1444.517,5
1444.603,2
1444.689,2
1444.775,2
1444.861,2
1444.947,0
1445.033,0
1445.119,0
1445.205,0
1445.291,0
1445.378,0
1445.464,0
1445.55,1
1445.636,2
1445.722,2
1445.808,2
1445.894,2
1445.98,2
1446.066,2
1446.152,3
1446.238,2
1446.324,1
1446.41,1
1446.496,0
1446.582,0
1446.668,0
1446.754,0
1446.84,0
1446.926,2
1447.012,2
1447.099,4
1447.185,4
1447.271,3
1447.357,3
1447.443,1
1447.529,1
1447.615,0
1447.701,0
1447.787,0
1447.873,0
1447.959,2
1448.046,2
1448.132,2
1448.218,2
1448.304,0
1448.39,0
1448.476,0
1448.562,0
1448.648,0
1448.735,0
1448.821,2
1448.907,2
1448.993,2
1449.079,2
1449.165,4
1449.251,4
1449.337,4
1449.424,5
1449.51,1
1449.596,1
1449.682,4
1449.768,5
1449.854,5
1449.941,5
1450.027,3
1450.113,1
1450.199,1
1450.285,2
1450.371,1
1450.458,1
1450.544,1
1450.63,0
1450.716,0
1450.802,1
1450.889,2
1450.975,2
1451.061,3
1451.147,3
1451.233,4
1451.32,4
1451.406,4
1451.492,4
1451.578,2
1451.664,2
1451.751,4
1451.837,3
1451.923,5
1452.009,6
1452.095,6
1452.182,8
1452.268,6
1452.354,6
1452.44,4
1452.527,4
1452.613,4
1452.699,3
1452.785,2
1452.872,0
1452.958,3
1453.044,3
1453.13,3
1453.217,3
1453.303,2
1453.389,2
1453.475,2
1453.562,2
1453.648,7
1453.734,8
1453.821,8
1453.907,8
1453.993,5
1454.079,6
1454.166,6
1454.252,6
1454.338,5
1454.425,4
1454.511,4
1454.597,4
1454.684,1
1454.77,0
1454.856,1
1454.942,1
1455.029,1
1455.115,1
1455.201,0
1455.288,0
1455.374,2
1455.46,2
1455.547,3
1455.633,3
1455.719,1
1455.806,1
1455.892,2
1455.978,2
1456.065,2
1456.151,2
1456.238,0
1456.324,0
1456.41,0
1456.497,0
1456.583,0
1456.669,1
1456.756,1
1456.842,1
1456.928,1
1457.015,1
1457.101,6
1457.188,9
1457.274,11
1457.36,12
1457.447,12
1457.533,10
1457.62,6
1457.706,5
1457.792,3
1457.879,3
1457.965,2
1458.052,2
1458.138,0
1458.224,0
1458.311,0
1458.397,0
1458.484,0
1458.57,2
1458.656,3
1458.743,4
1458.829,5
1458.916,4
1459.002,3
1459.089,2
1459.175,1
1459.262,0
1459.348,0
1459.434,0
1459.521,3
1459.607,3
1459.694,3
1459.78,3
1459.867,0
1459.953,0
1460.04,1
1460.126,1
1460.213,2
1460.299,2
1460.386,4
1460.472,4
1460.559,3
1460.645,3
1460.732,1
1460.818,1
1460.904,1
1460.991,1
1461.077,0
1461.164,0
1461.25,0
1461.337,0
1461.424,0
1461.51,1
1461.597,1
1461.683,1
1461.77,1
1461.856,0
1461.943,0
1462.029,0
1462.116,0
1462.202,0
1462.289,0
1462.375,0
1462.462,0
1462.548,0
1462.635,0
1462.721,0
1462.808,0
1462.895,0
1462.981,0
1463.068,0
1463.154,0
1463.241,0
1463.327,0
1463.414,0
1463.501,0
1463.587,1
1463.674,1
1463.76,1
1463.847,2
1463.933,1
1464.02,2
1464.107,2
1464.193,1
1464.28,1
1464.366,0
1464.453,0
1464.54,1
1464.626,1
1464.713,1
1464.799,1
1464.886,0
1464.973,0
1465.059,1
1465.146,1
1465.233,1
1465.319,1
1465.406,0
1465.492,0
1465.579,0
1465.666,0
1465.752,0
1465.839,0
1465.926,0
1466.012,0
1466.099,0
1466.186,0
1466.272,0
1466.359,0
1466.446,0
1466.532,0
1466.619,0
1466.706,0
1466.792,0
1466.879,0
1466.966,0
1467.052,0
1467.139,1
1467.226,1
1467.312,1
1467.399,2
1467.486,1
1467.572,1
1467.659,1
1467.746,0
1467.833,1
1467.919,1
1468.006,1
1468.093,1
1468.179,3
1468.266,3
1468.353,3
1468.44,3
1468.526,3
1468.613,3
1468.7,3
1468.786,3
1468.873,0
1468.96,0
1469.047,0
1469.133,0
1469.22,0
1469.307,1
1469.394,1
1469.48,1
1469.567,1
1469.654,0
1469.741,0
1469.827,0
1469.914,0
1470.001,1
1470.088,1
1470.175,1
1470.261,1
1470.348,1
1470.435,1
1470.522,3
1470.608,3
1470.695,2
1470.782,2
1470.869,5
1470.956,4
1471.042,4
1471.129,3
1471.216,1
1471.303,1
1471.39,0
1471.476,0
1471.563,0
1471.65,1
1471.737,2
1471.824,2
1471.911,2
1471.997,1
1472.084,1
1472.171,1
1472.258,1
1472.345,1
1472.432,1
1472.518,1
1472.605,1
1472.692,1
1472.779,0
1472.866,0
1472.953,0
1473.04,0
1473.126,0
1473.213,1
1473.3,2
1473.387,2
1473.474,2
1473.561,1
1473.648,0
1473.735,1
1473.821,1
1473.908,1
1473.995,1
1474.082,2
1474.169,2
1474.256,2
1474.343,2
1474.43,0
1474.517,0
1474.603,0
1474.69,0
1474.777,1
1474.864,1
1474.951,3
1475.038,3
1475.125,2
1475.212,2
1475.299,0
1475.386,0
1475.473,0
1475.56,0
1475.647,0
1475.734,0
1475.82,0
1475.907,0
1475.994,3
1476.081,3
1476.168,3
1476.255,3
1476.342,2
1476.429,2
1476.516,3
1476.603,3
1476.69,1
1476.777,4
1476.864,5
1476.951,7
1477.038,10
1477.125,9
1477.212,8
1477.299,8
1477.386,8
1477.473,10
1477.56,10
1477.647,8
1477.734,5
1477.821,1
1477.908,0
1477.995,0
1478.082,0
1478.169,0
1478.256,0
1478.343,0
1478.43,0
1478.517,0
1478.604,0
1478.691,1
1478.778,1
1478.865,1
1478.952,1
1479.039,0
1479.126,0
1479.213,1
1479.3,1
1479.387,2
1479.474,4
1479.562,6
1479.649,7
1479.736,7
1479.823,6
1479.91,6
1479.997,4
1480.084,4
1480.171,4
1480.258,2
1480.345,0
1480.432,0
1480.519,0
1480.606,0
1480.693,3
1480.781,3
1480.868,3
1480.955,4
1481.042,4
1481.129,5
1481.216,5
1481.303,4
1481.39,1
1481.477,0
1481.565,0
1481.652,0
1481.739,0
1481.826,0
1481.913,3
1482,4
1482.087,4
1482.174,6
1482.262,3
1482.349,3
1482.436,3
1482.523,2
1482.61,2
1482.697,1
1482.784,1
1482.872,4
1482.959,3
1483.046,2
1483.133,1
1483.22,4
1483.307,9
1483.395,13
1483.482,17
1483.569,16
1483.656,16
1483.743,15
1483.83,12
1483.918,12
1484.005,9
1484.092,10
1484.179,7
1484.266,7
1484.354,5
1484.441,5
1484.528,2
1484.615,3
1484.702,4
1484.79,3
1484.877,3
1484.964,3
1485.051,3
1485.139,3
1485.226,3
1485.313,2
1485.4,0
1485.487,1
1485.575,1
1485.662,1
1485.749,1
1485.836,0
1485.924,0
1486.011,0
1486.098,3
1486.185,3
1486.273,4
1486.36,5
1486.447,3
1486.534,5
1486.622,5
1486.709,5
1486.796,11
1486.884,8
1486.971,8
1487.058,8
1487.145,5
1487.233,5
1487.32,5
1487.407,6
1487.495,3
1487.582,5
1487.669,5
1487.756,4
1487.844,7
1487.931,4
1488.018,5
1488.106,6
1488.193,7
1488.28,8
1488.368,8
1488.455,7
1488.542,4
1488.63,2
1488.717,5
1488.804,5
1488.892,7
1488.979,7
1489.066,7
1489.154,6
1489.241,6
1489.328,6
1489.416,5
1489.503,5
1489.59,3
1489.678,2
1489.765,2
1489.853,2
1489.94,0
1490.027,0
1490.115,1
1490.202,1
1490.289,1
1490.377,1
1490.464,0
1490.552,0
1490.639,0
1490.726,0
1490.814,4
1490.901,4
1490.989,4
1491.076,4
1491.163,2
1491.251,2
1491.338,2
1491.426,2
1491.513,1
1491.6,1
1491.688,1
1491.775,2
1491.863,1
1491.95,1
1492.037,1
1492.125,0
1492.212,0
1492.3,0
1492.387,0
1492.475,0
1492.562,1
1492.65,1
1492.737,1
1492.824,1
1492.912,2
1492.999,2
1493.087,2
1493.174,2
1493.262,0
1493.349,0
1493.437,0
1493.524,1
1493.612,1
1493.699,2
1493.787,3
1493.874,2
1493.962,2
1494.049,1
1494.137,0
1494.224,0
1494.312,0
1494.399,1
1494.487,1
1494.574,3
1494.662,6
1494.749,5
1494.837,5
1494.924,3
1495.012,0
1495.099,0
1495.187,2
1495.274,2
1495.362,2
1495.449,2
1495.537,5
1495.624,4
1495.712,4
1495.799,4
1495.887,3
1495.975,7
1496.062,6
1496.15,5
1496.237,4
1496.325,0
1496.412,0
1496.5,0
1496.587,0
1496.675,0
1496.763,0
1496.85,0
1496.938,0
1497.025,2
1497.113,3
1497.2,4
1497.288,5
1497.376,5
1497.463,4
1497.551,3
1497.638,4
1497.726,3
1497.814,4
1497.901,4
1497.989,2
1498.076,1
1498.164,0
1498.252,0
1498.339,0
1498.427,0
1498.515,0
1498.602,0
1498.69,0
1498.777,0
1498.865,0
1498.953,0
1499.04,0
1499.128,2
1499.216,3
1499.303,5
1499.391,9
1499.479,8
1499.566,7
1499.654,5
1499.742,4
1499.829,3
1499.917,6
1500.005,6
1500.092,3
1500.18,5
1500.268,9
1500.355,8
1500.443,7
1500.531,5
1500.618,1
1500.706,1
1500.794,1
1500.881,0
1500.969,0
1501.057,0
1501.145,0
1501.232,2
1501.32,2
1501.408,2
1501.495,2
1501.583,1
1501.671,1
1501.758,1
1501.846,2
1501.934,1
1502.022,2
1502.109,2
1502.197,1
1502.285,1
1502.373,0
1502.46,0
1502.548,0
1502.636,1
1502.724,1
1502.811,1
1502.899,2
1502.987,3
1503.075,3
1503.162,3
1503.25,2
1503.338,0
1503.426,0
1503.513,0
1503.601,0
1503.689,0
1503.777,1
1503.865,1
1503.952,1
1504.04,1
1504.128,1
1504.216,1
1504.304,1
1504.391,4
1504.479,7
1504.567,7
1504.655,7
1504.743,10
1504.83,6
1504.918,6
1505.006,8
1505.094,6
1505.182,7
1505.269,8
1505.357,9
1505.445,9
1505.533,7
1505.621,6
1505.709,4
1505.796,4
1505.884,5
1505.972,5
1506.06,7
1506.148,8
1506.236,11
1506.324,10
1506.411,6
1506.499,5
1506.587,2
1506.675,2
1506.763,3
1506.851,2
1506.939,2
1507.026,2
1507.114,1
1507.202,1
1507.29,1
1507.378,1
1507.466,1
1507.554,1
1507.642,0
1507.73,0
1507.818,0
1507.905,3
1507.993,3
1508.081,3
1508.169,3
1508.257,0
1508.345,0
1508.433,0
1508.521,0
1508.609,0
1508.697,0
1508.785,1
1508.873,1
1508.96,1
1509.048,2
1509.136,1
1509.224,1
1509.312,1
1509.4,2
1509.488,2
1509.576,3
1509.664,4
1509.752,7
1509.84,6
1509.928,4
1510.016,2
1510.104,0
1510.192,1
1510.28,1
1510.368,1
1510.456,1
1510.544,1
1510.632,1
1510.72,3
1510.808,6
1510.896,5
1510.984,5
1511.072,3
1511.16,1
1511.248,1
1511.336,1
1511.424,1
1511.512,0
1511.6,0
1511.688,0
1511.776,0
1511.864,0
1511.952,0
1512.04,0
1512.128,0
1512.216,0
1512.304,0
1512.392,0
1512.48,0
1512.568,1
1512.656,1
1512.744,1
1512.832,1
1512.92,0
1513.008,0
1513.096,0
1513.184,0
1513.272,0
1513.361,0
1513.449,0
1513.537,0
1513.625,1
1513.713,1
1513.801,1
1513.889,1
1513.977,0
1514.065,0
1514.153,1
1514.241,1
1514.329,2
1514.418,2
1514.506,4
1514.594,4
1514.682,4
1514.77,4
1514.858,1
1514.946,1
1515.034,0
1515.122,0
1515.211,0
1515.299,0
1515.387,0
1515.475,0
1515.563,0
1515.651,0
1515.739,0
1515.827,0
1515.916,0
1516.004,0
1516.092,0
1516.18,0
1516.268,1
1516.356,1
1516.444,3
1516.533,4
1516.621,4
1516.709,7
1516.797,10
1516.885,9
1516.973,8
1517.062,5
1517.15,4
1517.238,5
1517.326,6
1517.414,6
1517.503,2
1517.591,1
1517.679,3
1517.767,3
1517.855,3
1517.944,3
1518.032,0
1518.12,0
1518.208,0
1518.296,0
1518.385,0
1518.473,1
1518.561,2
1518.649,3
1518.737,4
1518.826,4
1518.914,4
1519.002,5
1519.09,6
1519.179,5
1519.267,4
1519.355,2
1519.443,0
1519.532,0
1519.62,0
1519.708,0
1519.796,2
1519.885,2
1519.973,4
1520.061,4
1520.149,2
1520.238,2
1520.326,0
1520.414,0
1520.503,0
1520.591,0
1520.679,0
1520.767,0
1520.856,0
1520.944,0
1521.032,0
1521.121,1
1521.209,1
1521.297,1
1521.385,1
1521.474,0
1521.562,0
1521.65,0
1521.739,0
1521.827,0
1521.915,0
1522.004,0
1522.092,0
1522.18,0
1522.269,1
1522.357,1
1522.445,1
1522.534,2
1522.622,3
1522.71,3
1522.799,3
1522.887,2
1522.975,2
1523.064,2
1523.152,2
1523.24,2
1523.329,1
1523.417,1
1523.505,1
1523.594,1
1523.682,0
1523.771,0
1523.859,0
1523.947,0
1524.036,0
1524.124,0
1524.213,0
1524.301,0
1524.389,0
1524.478,0
1524.566,1
1524.654,1
1524.743,1
1524.831,1
1524.92,0
1525.008,0
1525.097,0
1525.185,1
1525.273,1
1525.362,1
1525.45,1
1525.539,0
1525.627,0
1525.716,0
1525.804,1
1525.892,2
1525.981,2
1526.069,2
1526.158,2
1526.246,3
1526.335,3
1526.423,3
1526.512,3
1526.6,1
1526.688,1
1526.777,1
1526.865,0
1526.954,0
1527.042,0
1527.131,0
1527.219,0
1527.308,0
1527.396,0
1527.485,0
1527.573,0
1527.662,0
1527.75,0
1527.839,0
1527.927,2
1528.016,2
1528.104,2
1528.193,2
1528.281,0
1528.37,0
1528.458,0
1528.547,0
1528.635,1
1528.724,1
1528.812,1
1528.901,1
1528.989,0
1529.078,0
1529.166,0
1529.255,0
1529.343,0
1529.432,0
1529.521,0
1529.609,0
1529.698,2
1529.786,2
1529.875,5
1529.963,5
1530.052,3
1530.14,3
1530.229,0
1530.318,0
1530.406,0
1530.495,0
1530.583,0
1530.672,1
1530.76,1
1530.849,1
1530.938,1
1531.026,0
1531.115,0
1531.203,0
1531.292,0
1531.381,1
1531.469,2
1531.558,3
1531.646,6
1531.735,6
1531.824,7
1531.912,7
1532.001,7
1532.089,8
1532.178,6
1532.267,5
1532.355,2
1532.444,0
1532.533,0
1532.621,0
1532.71,0
1532.799,0
1532.887,0
1532.976,0
1533.064,0
1533.153,0
1533.242,0
1533.33,0
1533.419,0
1533.508,0
1533.596,1
1533.685,1
1533.774,1
1533.862,2
1533.951,2
1534.04,3
1534.128,7
1534.217,6
1534.306,5
1534.394,4
1534.483,1
1534.572,1
1534.661,1
1534.749,1
1534.838,0
1534.927,0
1535.015,1
1535.104,3
1535.193,4
1535.282,5
1535.37,5
1535.459,4
1535.548,4
1535.636,4
1535.725,2
1535.814,2
1535.903,2
1535.991,2
1536.08,1
1536.169,1
1536.258,1
1536.346,1
1536.435,3
1536.524,3
1536.613,4
1536.701,4
1536.79,3
1536.879,3
1536.968,3
1537.056,3
1537.145,4
1537.234,4
1537.323,5
1537.411,5
1537.5,2
1537.589,2
1537.678,2
1537.767,2
1537.855,2
1537.944,2
1538.033,3
1538.122,3
1538.211,4
1538.299,4
1538.388,1
1538.477,2
1538.566,3
1538.655,3
1538.743,4
1538.832,3
1538.921,1
1539.01,1
1539.099,0
1539.188,0
1539.276,0
1539.365,0
1539.454,0
1539.543,1
1539.632,1
1539.721,1
1539.809,1
1539.898,0
1539.987,1
1540.076,1
1540.165,1
1540.254,1
1540.343,3
1540.431,3
1540.52,4
1540.609,4
1540.698,1
1540.787,1
1540.876,0
1540.965,0
1541.054,0
1541.142,0
1541.231,0
1541.32,0
1541.409,0
1541.498,0
1541.587,0
1541.676,0
1541.765,4
1541.854,6
1541.943,9
1542.031,12
1542.12,12
1542.209,12
1542.298,13
1542.387,11
1542.476,7
1542.565,6
1542.654,3
1542.743,3
1542.832,0
1542.921,0
1543.01,3
1543.099,3
1543.188,3
1543.277,3
1543.365,0
1543.454,0
1543.543,2
1543.632,2
1543.721,2
1543.81,2
1543.899,4
1543.988,3
1544.077,3
1544.166,2
1544.255,1
1544.344,1
1544.433,0
1544.522,0
1544.611,1
1544.7,1
1544.789,1
1544.878,1
1544.967,0
1545.056,1
1545.145,2
1545.234,4
1545.323,6
1545.412,8
1545.501,9
1545.59,7
1545.679,5
1545.768,4
1545.857,3
1545.946,3
1546.035,3
1546.124,3
1546.213,3
1546.302,4
1546.391,5
1546.48,7
1546.569,6
1546.659,5
1546.748,4
1546.837,0
1546.926,3
1547.015,3
1547.104,3
1547.193,3
1547.282,0
1547.371,0
1547.46,0
1547.549,1
1547.638,1
1547.727,1
1547.816,1
1547.905,0
1547.995,0
1548.084,0
1548.173,0
1548.262,3
1548.351,3
1548.44,3
1548.529,4
1548.618,1
1548.707,1
1548.796,1
1548.886,2
1548.975,5
1549.064,5
1549.153,5
1549.242,3
1549.331,2
1549.42,2
1549.509,2
1549.599,2
1549.688,0
1549.777,0
1549.866,1
1549.955,4
1550.044,7
1550.133,10
1550.223,12
1550.312,14
1550.401,12
1550.49,10
1550.579,8
1550.668,3
1550.758,3
1550.847,4
1550.936,5
1551.025,3
1551.114,4
1551.204,3
1551.293,2
1551.382,1
1551.471,0
1551.56,0
1551.649,0
1551.739,1
1551.828,2
1551.917,4
1552.006,4
1552.095,3
1552.185,2
1552.274,0
1552.363,0
1552.452,0
1552.542,1
1552.631,1
1552.72,1
1552.809,1
1552.898,0
1552.988,0
1553.077,0
1553.166,0
1553.255,1
1553.345,1
1553.434,1
1553.523,2
1553.612,3
1553.702,5
1553.791,7
1553.88,8
1553.969,8
1554.059,10
1554.148,8
1554.237,6
1554.327,4
1554.416,0
1554.505,0
1554.594,1
1554.684,1
1554.773,1
1554.862,1
1554.952,0
1555.041,0
1555.13,0
1555.219,0
1555.309,1
1555.398,1
1555.487,1
1555.577,1
1555.666,0
1555.755,0
1555.845,1
1555.934,1
1556.023,1
1556.113,2
1556.202,1
1556.291,2
1556.381,3
1556.47,3
1556.559,6
1556.649,6
1556.738,6
1556.827,6
1556.917,4
1557.006,3
1557.095,2
1557.185,1
1557.274,0
1557.363,0
1557.453,1
1557.542,1
1557.632,3
1557.721,3
1557.81,2
1557.9,2
1557.989,0
1558.078,0
1558.168,0
1558.257,0
1558.347,0
1558.436,0
1558.525,1
1558.615,1
1558.704,2
1558.794,5
1558.883,8
1558.972,10
1559.062,10
1559.151,8
1559.241,5
1559.33,3
1559.419,2
1559.509,1
1559.598,0
1559.688,1
1559.777,1
1559.867,1
1559.956,1
1560.046,0
1560.135,0
1560.224,0
1560.314,0
1560.403,0
1560.493,0
1560.582,0
1560.672,1
1560.761,2
1560.851,2
1560.94,2
1561.03,1
1561.119,0
1561.209,0
1561.298,0
1561.387,0
1561.477,0
1561.566,0
1561.656,0
1561.745,1
1561.835,1
1561.924,1
1562.014,1
1562.103,0
1562.193,2
1562.282,3
1562.372,4
1562.461,7
1562.551,5
1562.64,4
1562.73,3
1562.82,2
1562.909,2
1562.999,2
1563.088,2
1563.178,0
1563.267,1
1563.357,1
1563.446,1
1563.536,1
1563.625,0
1563.715,0
1563.804,0
1563.894,3
1563.984,4
1564.073,5
1564.163,5
1564.252,3
1564.342,2
1564.431,1
1564.521,1
1564.611,0
1564.7,0
1564.79,0
1564.879,0
1564.969,0
1565.058,1
1565.148,1
1565.238,1
1565.327,2
1565.417,1
1565.506,1
1565.596,1
1565.686,8
1565.775,8
1565.865,7
1565.954,6
1566.044,2
1566.134,2
1566.223,3
1566.313,4
1566.403,9
1566.492,9
1566.582,11
1566.671,13
1566.761,8
1566.851,8
1566.94,7
1567.03,4
1567.12,4
1567.209,4
1567.299,2
1567.389,2
1567.478,1
1567.568,1
1567.658,1
1567.747,1
1567.837,1
1567.927,1
1568.016,2
1568.106,3
1568.196,4
1568.285,4
1568.375,4
1568.465,5
1568.554,3
1568.644,5
1568.734,9
1568.824,10
1568.913,10
1569.003,11
1569.093,10
1569.182,8
1569.272,6
1569.362,6
1569.451,3
1569.541,3
1569.631,3
1569.721,0
1569.81,0
1569.9,0
1569.99,1
1570.08,1
1570.169,3
1570.259,3
1570.349,4
1570.439,6
1570.528,6
1570.618,7
1570.708,9
1570.798,9
1570.887,8
1570.977,8
1571.067,4
1571.157,4
1571.246,4
1571.336,4
1571.426,2
1571.516,1
1571.605,1
1571.695,1
1571.785,0
1571.875,0
1571.965,0
1572.054,3
1572.144,3
1572.234,3
1572.324,4
1572.414,2
1572.503,3
1572.593,3
1572.683,2
1572.773,1
1572.863,0
1572.952,0
1573.042,0
1573.132,0
1573.222,0
1573.312,0
1573.402,0
1573.491,0
1573.581,0
1573.671,3
1573.761,6
1573.851,9
1573.941,14
1574.03,13
1574.12,12
1574.21,11
1574.3,5
1574.39,4
1574.48,3
1574.57,2
1574.659,2
1574.749,2
1574.839,2
1574.929,2
1575.019,5
1575.109,5
1575.199,4
1575.289,3
1575.379,1
1575.468,0
1575.558,0
1575.648,1
1575.738,1
1575.828,3
1575.918,5
1576.008,4
1576.098,7
1576.188,5
1576.278,3
1576.367,3
1576.457,2
1576.547,2
1576.637,2
1576.727,2
1576.817,0
1576.907,0
1576.997,0
1577.087,0
1577.177,1
1577.267,1
1577.357,1
1577.447,3
1577.537,5
1577.627,6
1577.717,6
1577.807,4
1577.897,2
1577.986,1
1578.076,1
1578.166,1
1578.256,0
1578.346,1
1578.436,1
1578.526,1
1578.616,1
1578.706,3
1578.796,3
1578.886,3
1578.976,3
1579.066,0
1579.156,0
1579.246,1
1579.336,1
1579.426,2
1579.516,2
1579.606,1
1579.696,3
1579.786,2
1579.876,2
1579.966,2
1580.056,6
1580.146,5
1580.236,4
1580.326,3
1580.417,0
1580.507,1
1580.597,3
1580.687,3
1580.777,3
1580.867,3
1580.957,1
1581.047,2
1581.137,2
1581.227,1
1581.317,3
1581.407,2
1581.497,2
1581.587,2
1581.677,2
1581.767,2
1581.857,3
1581.948,3
1582.038,1
1582.128,1
1582.218,2
1582.308,2
1582.398,2
1582.488,2
1582.578,0
1582.668,0
1582.758,0
1582.848,2
1582.939,2
1583.029,3
1583.119,3
1583.209,1
1583.299,1
1583.389,0
1583.479,0
1583.569,0
1583.66,0
1583.75,0
1583.84,0
1583.93,0
1584.02,0
1584.11,0
1584.2,0
1584.291,0
1584.381,0
1584.471,0
1584.561,0
1584.651,0
1584.741,0
1584.831,0
1584.922,2
1585.012,3
1585.102,3
1585.192,5
1585.282,4
1585.373,3
1585.463,3
1585.553,6
1585.643,4
1585.733,3
1585.823,2
1585.914,0
1586.004,0
1586.094,0
1586.184,0
1586.274,0
1586.365,0
1586.455,0
1586.545,2
1586.635,5
1586.726,6
1586.816,6
1586.906,4
1586.996,3
1587.086,3
1587.177,3
1587.267,3
1587.357,1
1587.447,0
1587.538,0
1587.628,0
1587.718,0
1587.808,0
1587.899,0
1587.989,0
1588.079,0
1588.169,0
1588.26,0
1588.35,0
1588.44,0
1588.53,0
1588.621,0
1588.711,0
1588.801,0
1588.892,0
1588.982,0
1589.072,0
1589.162,0
1589.253,0
1589.343,0
1589.433,0
1589.524,1
1589.614,1
1589.704,1
1589.795,1
1589.885,0
1589.975,0
1590.065,0
1590.156,0
1590.246,0
1590.336,0
1590.427,0
1590.517,1
1590.607,2
1590.698,3
1590.788,5
1590.878,8
1590.969,8
1591.059,10
1591.149,9
1591.24,8
1591.33,8
1591.421,5
1591.511,5
1591.601,3
1591.692,5
1591.782,2
1591.872,2
1591.963,2
1592.053,0
1592.143,0
1592.234,0
1592.324,0
1592.415,0
1592.505,0
1592.595,0
1592.686,0
1592.776,0
1592.867,0
1592.957,0
1593.047,0
1593.138,0
1593.228,0
1593.319,0
1593.409,0
1593.499,1
1593.59,2
1593.68,3
1593.771,4
1593.861,5
1593.952,4
1594.042,3
1594.132,3
1594.223,1
1594.313,4
1594.404,4
1594.494,3
1594.585,3
1594.675,0
1594.766,0
1594.856,0
1594.946,0
1595.037,0
1595.127,0
1595.218,0
1595.308,0
1595.399,0
1595.489,0
1595.58,0
1595.67,0
1595.761,0
1595.851,0
1595.942,2
1596.032,2
1596.123,2
1596.213,2
1596.304,0
1596.394,0
1596.485,0
1596.575,1
1596.666,1
1596.756,1
1596.847,1
1596.937,0
1597.028,0
1597.118,0
1597.209,0
1597.299,0
1597.39,0
1597.48,0
1597.571,0
1597.661,0
1597.752,0
1597.842,0
1597.933,2
1598.024,2
1598.114,2
1598.205,2
1598.295,0
1598.386,0
1598.476,0
1598.567,0
1598.657,0
1598.748,0
1598.839,0
1598.929,0
1599.02,0
1599.11,0
1599.201,2
1599.291,2
1599.382,2
1599.473,2
1599.563,3
1599.654,4
1599.744,5
1599.835,6
1599.926,6
1600.016,7
1600.107,7
1600.197,7
1600.288,6
1600.379,4
1600.469,3
1600.56,2
1600.651,0
1600.741,0
1600.832,0
1600.922,0
1601.013,0
1601.104,0
1601.194,0
1601.285,0
1601.376,0
1601.466,0
1601.557,1
1601.648,1
1601.738,1
1601.829,1
1601.92,0
1602.01,0
1602.101,1
1602.192,1
1602.282,1
1602.373,1
1602.464,0
1602.554,0
1602.645,0
1602.736,0
1602.826,0
1602.917,0
1603.008,0
1603.098,0
1603.189,0
1603.28,0
1603.37,0
1603.461,0
1603.552,0
1603.643,0
1603.733,0
1603.824,0
1603.915,0
1604.005,0
1604.096,0
1604.187,0
1604.278,0
1604.368,2
1604.459,2
1604.55,2
1604.641,2
1604.731,0
1604.822,0
1604.913,0
1605.004,0
1605.094,0
1605.185,1
1605.276,1
1605.367,1
1605.457,1
1605.548,0
1605.639,0
1605.73,0
1605.82,0
1605.911,0
1606.002,1
1606.093,1
1606.183,1
1606.274,1
1606.365,1
1606.456,2
1606.547,3
1606.637,3
1606.728,2
1606.819,1
1606.91,0
1607.001,0
1607.091,0
1607.182,0
1607.273,0
1607.364,0
1607.455,0
1607.546,0
1607.636,0
1607.727,0
1607.818,0
1607.909,0
1608,0
1608.091,0
1608.181,0
1608.272,0
1608.363,2
1608.454,2
1608.545,2
1608.636,2
1608.726,0
1608.817,0
1608.908,0
1608.999,0
1609.09,1
1609.181,1
1609.272,1
1609.363,1
1609.453,0
1609.544,0
1609.635,0
1609.726,2
1609.817,2
1609.908,2
1609.999,2
1610.09,0
1610.181,1
1610.271,2
1610.362,2
1610.453,2
1610.544,1
1610.635,0
1610.726,0
1610.817,0
1610.908,0
1610.999,0
1611.09,0
1611.181,0
1611.271,0
1611.362,0
1611.453,2
1611.544,2
1611.635,2
1611.726,2
1611.817,0
1611.908,0
1611.999,2
1612.09,2
1612.181,2
1612.272,2
1612.363,0
1612.454,3
1612.545,3
1612.636,4
1612.727,4
1612.818,7
1612.909,6
1613,4
1613.091,3
1613.182,0
1613.273,0
1613.364,0
1613.455,0
1613.546,0
1613.637,0
1613.728,3
1613.819,3
1613.91,3
1614.001,4
1614.092,3
1614.183,3
1614.274,3
1614.365,2
1614.456,1
1614.547,1
1614.638,1
1614.729,2
1614.82,1
1614.911,1
1615.002,1
1615.093,0
1615.184,0
1615.275,0
1615.366,0
1615.457,0
1615.548,0
1615.639,0
1615.73,0
1615.821,0
1615.912,2
1616.003,2
1616.094,2
1616.186,2
1616.277,1
1616.368,1
1616.459,1
1616.55,1
1616.641,0
1616.732,3
1616.823,3
1616.914,3
1617.005,3
1617.096,0
1617.187,0
1617.279,0
1617.37,0
1617.461,0
1617.552,0
1617.643,0
1617.734,2
1617.825,2
1617.916,2
1618.008,2
1618.099,1
1618.19,1
1618.281,2
1618.372,2
1618.463,1
1618.554,1
1618.645,0
1618.737,0
1618.828,0
1618.919,0
1619.01,0
1619.101,0
1619.192,0
1619.284,0
1619.375,0
1619.466,0
1619.557,0
1619.648,0
1619.739,0
1619.831,0
1619.922,0
1620.013,0
1620.104,0
1620.195,0
1620.286,0
1620.378,0
1620.469,0
1620.56,0
1620.651,0
1620.742,2
1620.834,2
1620.925,2
1621.016,3
1621.107,1
1621.198,1
1621.29,1
1621.381,0
1621.472,0
1621.563,0
1621.655,0
1621.746,0
1621.837,0
1621.928,3
1622.02,3
1622.111,6
1622.202,6
1622.293,7
1622.384,7
1622.476,6
1622.567,6
1622.658,2
1622.75,2
1622.841,0
1622.932,0
1623.023,0
1623.115,0
1623.206,0
1623.297,0
1623.388,0
1623.48,0
1623.571,0
1623.662,0
1623.754,0
1623.845,0
1623.936,0
1624.027,1
1624.119,1
1624.21,1
1624.301,1
1624.393,0
1624.484,0
1624.575,0
1624.667,0
1624.758,0
1624.849,0
1624.941,0
1625.032,0
1625.123,0
1625.215,0
1625.306,1
1625.397,3
1625.489,3
1625.58,3
1625.671,2
1625.763,2
1625.854,2
1625.945,4
1626.037,4
1626.128,2
1626.219,2
1626.311,0
1626.402,0
1626.493,1
1626.585,1
1626.676,1
1626.768,1
1626.859,0
1626.95,0
1627.042,0
1627.133,0
1627.224,0
1627.316,0
1627.407,0
1627.499,0
1627.59,0
1627.681,0
1627.773,2
1627.864,2
1627.956,2
1628.047,2
1628.138,0
1628.23,0
1628.321,0
1628.413,0
1628.504,0
1628.596,1
1628.687,1
1628.778,1
1628.87,1
1628.961,0
1629.053,0
1629.144,0
1629.236,0
1629.327,0
1629.419,0
1629.51,0
1629.601,0
1629.693,0
1629.784,0
1629.876,0
1629.967,0
1630.059,0
1630.15,0
1630.242,1
1630.333,1
1630.425,1
1630.516,1
1630.608,0
1630.699,0
1630.791,0
1630.882,0
1630.974,0
1631.065,0
1631.157,0
1631.248,0
1631.34,0
1631.431,0
1631.523,0
1631.614,0
1631.706,0
1631.797,0
1631.889,0
1631.98,0
1632.072,0
1632.163,0
1632.255,0
1632.346,0
1632.438,0
1632.529,0
1632.621,0
1632.712,0
1632.804,0
1632.896,0
1632.987,0
1633.079,0
1633.17,0
1633.262,0
1633.353,0
1633.445,2
1633.537,2
1633.628,2
1633.72,2
1633.811,4
1633.903,4
1633.994,4
1634.086,5
1634.178,2
1634.269,3
1634.361,4
1634.452,4
1634.544,4
1634.636,5
1634.727,3
1634.819,4
1634.91,5
1635.002,4
1635.094,2
1635.185,1
1635.277,1
1635.368,2
1635.46,2
1635.552,2
1635.643,1
1635.735,4
1635.827,4
1635.918,4
1636.01,4
1636.101,1
1636.193,1
1636.285,1
1636.376,1
1636.468,0
1636.56,0
1636.651,0
1636.743,1
1636.835,1
1636.926,1
1637.018,1
1637.11,0
1637.201,0
1637.293,0
1637.385,0
1637.476,0
1637.568,0
1637.66,2
1637.752,2
1637.843,2
1637.935,3
1638.027,6
1638.118,6
1638.21,6
1638.302,5
1638.393,4
1638.485,4
1638.577,4
1638.669,4
1638.76,7
1638.852,7
1638.944,3
1639.035,3
1639.127,2
1639.219,2
1639.311,2
1639.402,2
1639.494,0
1639.586,0
1639.678,0
1639.769,0
1639.861,0
1639.953,0
1640.045,0
1640.136,0
1640.228,0
1640.32,0
1640.412,1
1640.503,1
1640.595,3
1640.687,3
1640.779,2
1640.87,3
1640.962,1
1641.054,1
1641.146,1
1641.238,4
1641.329,3
1641.421,2
1641.513,1
1641.605,0
1641.697,0
1641.788,1
1641.88,2
1641.972,3
1642.064,7
1642.156,6
1642.247,5
1642.339,4
1642.431,0
1642.523,0
1642.615,0
1642.707,0
1642.798,0
1642.89,0
1642.982,0
1643.074,1
1643.166,1
1643.258,1
1643.349,1
1643.441,0
1643.533,0
1643.625,0
1643.717,1
1643.809,2
1643.901,3
1643.993,4
1644.084,6
1644.176,6
1644.268,6
1644.36,6
1644.452,7
1644.544,6
1644.636,5
1644.728,4
1644.819,2
1644.911,2
1645.003,2
1645.095,2
1645.187,5
1645.279,5
1645.371,5
1645.463,7
1645.555,6
1645.647,6
1645.738,8
1645.83,10
1645.922,8
1646.014,12
1646.106,11
1646.198,8
1646.29,7
1646.382,2
1646.474,2
1646.566,2
1646.658,5
1646.75,3
1646.842,3
1646.934,3
1647.026,1
1647.118,1
1647.21,1
1647.301,1
1647.393,1
1647.485,1
1647.577,1
1647.669,1
1647.761,1
1647.853,1
1647.945,1
1648.037,1
1648.129,0
1648.221,0
1648.313,3
1648.405,3
1648.497,3
1648.589,3
1648.681,4
1648.773,4
1648.865,4
1648.957,4
1649.049,0
1649.141,1
1649.233,1
1649.325,4
1649.417,4
1649.509,4
1649.601,4
1649.693,1
1649.785,1
1649.877,1
1649.97,1
1650.062,1
1650.154,3
1650.246,2
1650.338,2
1650.43,2
1650.522,0
1650.614,0
1650.706,1
1650.798,1
1650.89,1
1650.982,1
1651.074,1
1651.166,1
1651.258,1
1651.35,1
1651.442,0
1651.535,0
1651.627,0
1651.719,0
1651.811,0
1651.903,0
1651.995,0
1652.087,0
1652.179,0
1652.271,0
1652.363,0
1652.456,0
1652.548,2
1652.64,2
1652.732,2
1652.824,2
1652.916,1
1653.008,1
1653.1,1
1653.192,1
1653.285,0
1653.377,0
1653.469,0
1653.561,0
1653.653,0
1653.745,0
1653.837,0
1653.93,0
1654.022,0
1654.114,0
1654.206,0
1654.298,0
1654.39,1
1654.483,1
1654.575,1
1654.667,1
1654.759,0
1654.851,0
1654.943,0
1655.036,0
1655.128,0
1655.22,0
1655.312,0
1655.404,0
1655.497,1
1655.589,2
1655.681,3
1655.773,4
1655.865,5
1655.958,4
1656.05,3
1656.142,2
1656.234,0
1656.326,0
1656.419,0
1656.511,0
1656.603,0
1656.695,1
1656.788,1
1656.88,1
1656.972,1
1657.064,3
1657.157,3
1657.249,4
1657.341,4
1657.433,1
1657.526,1
1657.618,0
1657.71,0
1657.802,0
1657.895,0
1657.987,0
1658.079,0
1658.171,0
1658.264,0
1658.356,0
1658.448,0
1658.541,0
1658.633,1
1658.725,1
1658.817,1
1658.91,1
1659.002,0
1659.094,0
1659.187,0
1659.279,0
1659.371,0
1659.463,0
1659.556,0
1659.648,0
1659.74,0
1659.833,0
1659.925,0
1660.017,0
1660.11,0
1660.202,0
1660.294,0
1660.387,0
1660.479,0
1660.571,0
1660.664,0
1660.756,0
1660.848,1
1660.941,1
1661.033,2
1661.125,2
1661.218,1
1661.31,1
1661.403,0
1661.495,0
1661.587,0
1661.68,0
1661.772,0
1661.864,0
1661.957,0
1662.049,0
1662.142,0
1662.234,0
1662.326,0
1662.419,0
1662.511,1
1662.603,2
1662.696,3
1662.788,3
1662.881,4
1662.973,3
1663.066,2
1663.158,2
1663.25,0
1663.343,0
1663.435,0
1663.528,0
1663.62,0
1663.712,0
1663.805,0
1663.897,0
1663.99,1
1664.082,1
1664.175,1
1664.267,1
1664.36,0
1664.452,0
1664.544,1
1664.637,1
1664.729,2
1664.822,2
1664.914,1
1665.007,1
1665.099,0
1665.192,0
1665.284,0
1665.377,0
1665.469,1
1665.562,1
1665.654,1
1665.747,1
1665.839,1
1665.932,1
1666.024,1
1666.117,1
1666.209,0
1666.302,0
1666.394,1
1666.487,1
1666.579,3
1666.672,4
1666.764,3
1666.857,3
1666.949,6
1667.042,4
1667.134,3
1667.227,2
1667.319,1
1667.412,1
1667.504,1
1667.597,1
1667.689,0
1667.782,0
1667.874,2
1667.967,2
1668.06,2
1668.152,3
1668.245,6
1668.337,6
1668.43,6
1668.522,5
1668.615,4
1668.708,4
1668.8,1
1668.893,1
1668.985,1
1669.078,1
1669.17,0
1669.263,0
1669.356,1
1669.448,1
1669.541,1
1669.633,1
1669.726,0
1669.819,0
1669.911,0
1670.004,1
1670.096,1
1670.189,1
1670.282,1
1670.374,3
1670.467,3
1670.559,3
1670.652,4
1670.745,1
1670.837,2
1670.93,3
1671.023,3
1671.115,5
1671.208,4
1671.301,4
1671.393,3
1671.486,2
1671.578,2
1671.671,1
1671.764,1
1671.856,0
1671.949,0
1672.042,0
1672.134,0
1672.227,0
1672.32,0
1672.412,0
1672.505,3
1672.598,3
1672.691,3
1672.783,3
1672.876,0
1672.969,0
1673.061,0
1673.154,0
1673.247,0
1673.339,0
1673.432,0
1673.525,0
1673.617,0
1673.71,0
1673.803,3
1673.896,3
1673.988,3
1674.081,3
1674.174,0
1674.267,0
1674.359,0
1674.452,0
1674.545,1
1674.637,1
1674.73,1
1674.823,1
1674.916,0
1675.008,0
1675.101,0
1675.194,0
1675.287,0
1675.379,0
1675.472,0
1675.565,0
1675.658,0
1675.751,0
1675.843,0
1675.936,0
1676.029,1
1676.122,1
1676.214,1
1676.307,1
1676.4,0
1676.493,0
1676.586,0
1676.678,0
1676.771,0
1676.864,1
1676.957,1
1677.05,1
1677.142,1
1677.235,0
1677.328,0
1677.421,0
1677.514,0
1677.606,0
1677.699,0
1677.792,0
1677.885,0
1677.978,0
1678.071,0
1678.163,0
1678.256,0
1678.349,0
1678.442,0
1678.535,0
1678.628,0
1678.721,0
1678.813,0
1678.906,0
1678.999,0
1679.092,0
1679.185,0
1679.278,0
1679.371,0
1679.463,0
1679.556,0
1679.649,0
1679.742,0
1679.835,0
1679.928,0
1680.021,0
1680.114,0
1680.207,0
1680.299,0
1680.392,0
1680.485,0
1680.578,0
1680.671,0
1680.764,0
1680.857,0
1680.95,0
1681.043,0
1681.136,0
1681.229,0
1681.321,0
1681.414,0
1681.507,0
1681.6,0
1681.693,0
1681.786,0
1681.879,0
1681.972,0
1682.065,0
1682.158,0
1682.251,0
1682.344,0
1682.437,0
1682.53,0
1682.623,1
1682.716,2
1682.809,3
1682.902,7
1682.995,6
1683.088,5
1683.181,4
1683.274,1
1683.367,1
1683.46,1
1683.553,1
1683.646,0
1683.739,0
1683.832,0
1683.925,0
1684.018,0
1684.111,1
1684.204,1
1684.297,1
1684.39,1
1684.483,2
1684.576,2
1684.669,3
1684.762,3
1684.855,1
1684.948,1
1685.041,2
1685.134,2
1685.227,2
1685.32,2
1685.413,0
1685.506,0
1685.599,0
1685.692,0
1685.785,0
1685.878,0
1685.971,0
1686.064,0
1686.157,0
1686.25,0
1686.343,0
1686.437,0
1686.53,0
1686.623,0
1686.716,0
1686.809,0
1686.902,0
1686.995,0
1687.088,0
1687.181,0
1687.274,0
1687.367,0
1687.46,0
1687.554,0
1687.647,0
1687.74,0
1687.833,1
1687.926,2
1688.019,2
1688.112,3
1688.205,2
1688.299,3
1688.392,6
1688.485,7
1688.578,7
1688.671,7
1688.764,4
1688.857,3
1688.95,3
1689.044,1
1689.137,1
1689.23,0
1689.323,0
1689.416,0
1689.509,0
1689.603,0
1689.696,0
1689.789,0
1689.882,0
1689.975,1
1690.068,1
1690.162,5
1690.255,5
1690.348,5
1690.441,5
1690.534,3
1690.627,3
1690.721,2
1690.814,2
1690.907,0
1691,0
1691.093,0
1691.187,0
1691.28,0
1691.373,0
1691.466,0
1691.559,0
1691.653,0
1691.746,0
1691.839,1
1691.932,1
1692.026,1
1692.119,1
1692.212,0
1692.305,0
1692.399,0
1692.492,0
1692.585,0
1692.678,0
1692.772,0
1692.865,0
1692.958,0
1693.051,0
1693.145,1
1693.238,1
1693.331,1
1693.424,3
1693.518,2
1693.611,2
1693.704,2
1693.797,0
1693.891,0
1693.984,0
1694.077,1
1694.171,1
1694.264,1
1694.357,2
1694.45,1
1694.544,1
1694.637,1
1694.73,0
1694.824,0
1694.917,1
1695.01,5
1695.104,8
1695.197,13
1695.29,18
1695.384,15
1695.477,13
1695.57,9
1695.664,4
1695.757,3
1695.85,2
1695.944,1
1696.037,0
1696.13,0
1696.224,0
1696.317,0
1696.41,1
1696.504,1
1696.597,1
1696.69,1
1696.784,3
1696.877,3
1696.97,3
1697.064,3
1697.157,1
1697.251,1
1697.344,1
1697.437,1
1697.531,0
1697.624,0
1697.718,0
1697.811,0
1697.904,0
1697.998,0
1698.091,0
1698.185,0
1698.278,0
1698.371,0
1698.465,0
1698.558,0
1698.652,0
1698.745,0
1698.838,0
1698.932,0
1699.025,0
1699.119,0
1699.212,0
1699.306,0
1699.399,0
1699.492,3
1699.586,3
1699.679,3
1699.773,3
1699.866,1
1699.96,1
1700.053,1
1700.147,1
1700.24,0
1700.333,0
1700.427,0
1700.52,0
1700.614,0
1700.707,0
1700.801,0
1700.894,0
1700.988,1
1701.081,1
1701.175,1
1701.268,1
1701.362,0
1701.455,0
1701.549,0
1701.642,0
1701.736,3
1701.829,3
1701.923,3
1702.016,3
1702.11,1
1702.203,1
1702.297,1
1702.39,2
1702.484,1
1702.577,1
1702.671,1
1702.764,0
1702.858,0
1702.951,0
1703.045,0
1703.139,0
1703.232,1
1703.326,1
1703.419,1
1703.513,1
1703.606,0
1703.7,0
1703.793,0
1703.887,0
1703.981,0
1704.074,0
1704.168,0
1704.261,0
1704.355,0
1704.448,0
1704.542,0
1704.636,1
1704.729,1
1704.823,3
1704.916,4
1705.01,3
1705.104,3
1705.197,5
1705.291,4
1705.384,4
1705.478,4
1705.572,1
1705.665,1
1705.759,2
1705.852,2
1705.946,1
1706.04,1
1706.133,0
1706.227,0
1706.321,0
1706.414,0
1706.508,0
1706.601,0
1706.695,0
1706.789,0
1706.882,1
1706.976,2
1707.07,3
1707.163,4
1707.257,5
1707.351,4
1707.444,3
1707.538,2
1707.632,0
1707.725,0
1707.819,0
1707.913,0
1708.006,0
1708.1,0
1708.194,0
1708.287,0
1708.381,1
1708.475,1
1708.568,1
1708.662,2
1708.756,1
1708.85,1
1708.943,1
1709.037,0
1709.131,0
1709.224,0
1709.318,0
1709.412,0
1709.506,0
1709.599,0
1709.693,0
1709.787,0
1709.88,0
1709.974,0
1710.068,0
1710.162,0
1710.255,0
1710.349,2
1710.443,3
1710.537,4
1710.63,5
1710.724,6
1710.818,5
1710.912,4
1711.005,3
1711.099,0
1711.193,0
1711.287,0
1711.38,0
1711.474,0
1711.568,0
1711.662,0
1711.756,0
1711.849,0
1711.943,0
1712.037,0
1712.131,0
1712.225,0
1712.318,0
1712.412,1
1712.506,1
1712.6,1
1712.694,1
1712.787,1
1712.881,1
1712.975,1
1713.069,1
1713.163,0
1713.256,1
1713.35,1
1713.444,1
1713.538,1
1713.632,3
1713.726,3
1713.819,3
1713.913,3
1714.007,1
1714.101,1
1714.195,1
1714.289,1
1714.383,0
1714.476,0
1714.57,0
1714.664,0
1714.758,0
1714.852,0
1714.946,0
1715.04,0
1715.134,0
1715.227,0
1715.321,0
1715.415,2
1715.509,2
1715.603,2
1715.697,2
1715.791,0
1715.885,0
1715.979,0
1716.072,0
1716.166,0
1716.26,0
1716.354,0
1716.448,0
1716.542,0
1716.636,0
1716.73,0
1716.824,0
1716.918,1
1717.012,1
1717.106,1
1717.199,1
1717.293,0
1717.387,0
1717.481,0
1717.575,0
1717.669,0
1717.763,0
1717.857,0
1717.951,0
1718.045,0
1718.139,0
1718.233,0
1718.327,0
1718.421,0
1718.515,2
1718.609,2
1718.703,2
1718.797,3
1718.891,3
1718.985,3
1719.079,3
1719.173,2
1719.267,0
1719.361,0
1719.455,0
1719.549,0
1719.643,1
1719.737,1
1719.831,1
1719.925,3
1720.019,2
1720.113,2
1720.207,2
1720.301,2
1720.395,2
1720.489,5
1720.583,5
1720.677,3
1720.771,3
1720.865,6
1720.959,5
1721.053,4
1721.147,3
1721.241,0
1721.335,0
1721.429,0
1721.523,0
1721.617,0
1721.711,1
1721.805,1
1721.9,1
1721.994,2
1722.088,1
1722.182,2
1722.276,2
1722.37,2
1722.464,2
1722.558,1
1722.652,1
1722.746,2
1722.84,2
1722.934,2
1723.029,2
1723.123,0
1723.217,0
1723.311,0
1723.405,1
1723.499,1
1723.593,1
1723.687,1
1723.781,0
1723.876,0
1723.97,0
1724.064,1
1724.158,2
1724.252,2
1724.346,2
1724.44,2
1724.534,1
1724.629,1
1724.723,1
1724.817,0
1724.911,0
1725.005,1
1725.099,1
1725.194,1
1725.288,1
1725.382,0
1725.476,0
1725.57,1
1725.664,1
1725.759,1
1725.853,1
1725.947,0
1726.041,1
1726.135,1
1726.229,1
1726.324,1
1726.418,0
1726.512,0
1726.606,0
1726.7,0
1726.795,0
1726.889,0
1726.983,0
1727.077,0
1727.171,0
1727.266,0
1727.36,0
1727.454,0
1727.548,0
1727.643,0
1727.737,0
1727.831,0
1727.925,0
1728.019,0
1728.114,1
1728.208,1
1728.302,1
1728.396,1
1728.491,0
1728.585,1
1728.679,2
1728.773,2
1728.868,2
1728.962,1
1729.056,1
1729.151,1
1729.245,1
1729.339,2
1729.433,1
1729.528,1
1729.622,1
1729.716,0
1729.81,0
1729.905,0
1729.999,0
1730.093,0
1730.188,0
1730.282,0
1730.376,0
1730.471,0
1730.565,0
1730.659,0
1730.753,0
1730.848,0
1730.942,0
1731.036,0
1731.131,0
1731.225,0
1731.319,1
1731.414,1
1731.508,1
1731.602,1
1731.697,0
1731.791,0
1731.885,0
1731.98,0
1732.074,0
1732.169,0
1732.263,0
1732.357,2
1732.452,2
1732.546,2
1732.64,2
1732.735,1
1732.829,2
1732.923,2
1733.018,2
1733.112,1
1733.207,1
1733.301,1
1733.395,1
1733.49,2
1733.584,1
1733.679,2
1733.773,2
1733.867,1
1733.962,1
1734.056,0
1734.151,0
1734.245,1
1734.339,1
1734.434,1
1734.528,1
1734.623,0
1734.717,0
1734.811,1
1734.906,2
1735,3
1735.095,5
1735.189,5
1735.284,5
1735.378,6
1735.472,4
1735.567,4
1735.661,4
1735.756,5
1735.85,2
1735.945,2
1736.039,2
1736.134,1
1736.228,2
1736.323,3
1736.417,3
1736.512,2
1736.606,1
1736.701,0
1736.795,0
1736.889,0
1736.984,0
1737.078,0
1737.173,0
1737.267,1
1737.362,1
1737.456,1
1737.551,2
1737.645,2
1737.74,3
1737.834,6
1737.929,6
1738.023,7
1738.118,7
1738.213,5
1738.307,4
1738.402,5
1738.496,4
1738.591,3
1738.685,3
1738.78,0
1738.874,1
1738.969,2
1739.063,2
1739.158,3
1739.252,2
1739.347,1
1739.442,1
1739.536,3
1739.631,3
1739.725,3
1739.82,3
1739.914,0
1740.009,2
1740.103,6
1740.198,7
1740.293,10
1740.387,8
1740.482,6
1740.576,5
1740.671,5
1740.766,5
1740.86,8
1740.955,8
1741.049,6
1741.144,6
1741.239,8
1741.333,7
1741.428,5
1741.522,4
1741.617,1
1741.712,1
1741.806,1
1741.901,1
1741.995,0
1742.09,0
1742.185,2
1742.279,3
1742.374,3
1742.469,3
1742.563,1
1742.658,2
1742.753,3
1742.847,4
1742.942,6
1743.037,6
1743.131,6
1743.226,6
1743.321,5
1743.415,4
1743.51,5
1743.605,5
1743.699,5
1743.794,5
1743.889,4
1743.983,4
1744.078,3
1744.173,3
1744.267,3
1744.362,3
1744.457,0
1744.551,0
1744.646,1
1744.741,1
1744.835,1
1744.93,2
1745.025,1
1745.12,1
1745.214,1
1745.309,0
1745.404,1
1745.498,1
1745.593,4
1745.688,4
1745.783,3
1745.877,3
1745.972,3
1746.067,3
1746.162,3
1746.256,3
1746.351,2
1746.446,3
1746.541,5
1746.635,5
1746.73,4
1746.825,4
1746.92,3
1747.014,3
1747.109,2
1747.204,1
1747.299,0
1747.393,0
1747.488,0
1747.583,0
1747.678,1
1747.773,1
1747.867,2
1747.962,2
1748.057,2
1748.152,2
1748.247,1
1748.341,2
1748.436,3
1748.531,3
1748.626,3
1748.721,4
1748.815,2
1748.91,2
1749.005,3
1749.1,1
1749.195,1
1749.29,1
1749.384,0
1749.479,0
1749.574,0
1749.669,0
1749.764,1
1749.859,1
1749.953,2
1750.048,2
1750.143,1
1750.238,1
1750.333,1
1750.428,1
1750.523,2
1750.617,2
1750.712,1
1750.807,1
1750.902,0
1750.997,0
1751.092,1
1751.187,1
1751.282,1
1751.376,1
1751.471,0
1751.566,0
1751.661,1
1751.756,1
1751.851,1
1751.946,1
1752.041,0
1752.136,0
1752.231,1
1752.325,1
1752.42,1
1752.515,2
1752.61,1
1752.705,2
1752.8,2
1752.895,2
1752.99,2
1753.085,1
1753.18,1
1753.275,0
1753.37,0
1753.465,1
1753.56,1
1753.654,1
1753.749,1
1753.844,0
1753.939,0
1754.034,0
1754.129,1
1754.224,2
1754.319,3
1754.414,4
1754.509,4
1754.604,5
1754.699,6
1754.794,6
1754.889,6
1754.984,5
1755.079,4
1755.174,2
1755.269,2
1755.364,2
1755.459,2
1755.554,0
1755.649,0
1755.744,0
1755.839,3
1755.934,4
1756.029,5
1756.124,7
1756.219,8
1756.314,7
1756.409,6
1756.504,4
1756.599,0
1756.694,0
1756.789,0
1756.884,0
1756.979,0
1757.074,0
1757.169,0
1757.264,0
1757.36,0
1757.455,0
1757.55,0
1757.645,1
1757.74,4
1757.835,5
1757.93,8
1758.025,7
1758.12,4
1758.215,3
1758.31,1
1758.405,3
1758.5,6
1758.595,8
1758.691,10
1758.786,9
1758.881,8
1758.976,7
1759.071,4
1759.166,4
1759.261,3
1759.356,3
1759.451,0
1759.546,0
1759.642,1
1759.737,3
1759.832,4
1759.927,5
1760.022,5
1760.117,8
1760.212,6
1760.307,4
1760.403,3
1760.498,1
1760.593,1
1760.688,1
1760.783,0
1760.878,0
1760.973,0
1761.069,0
1761.164,0
1761.259,0
1761.354,0
1761.449,0
1761.544,2
1761.64,2
1761.735,2
1761.83,2
1761.925,0
1762.02,0
1762.115,0
1762.211,0
1762.306,1
1762.401,1
1762.496,1
1762.591,1
1762.687,0
1762.782,0
1762.877,2
1762.972,2
1763.067,2
1763.163,2
1763.258,1
1763.353,1
1763.448,1
1763.543,1
1763.639,0
1763.734,0
1763.829,1
1763.924,1
1764.02,1
1764.115,1
1764.21,0
1764.305,0
1764.401,0
1764.496,0
1764.591,0
1764.686,0
1764.782,0
1764.877,0
1764.972,0
1765.067,1
1765.163,1
1765.258,1
1765.353,1
1765.448,0
1765.544,0
1765.639,0
1765.734,0
1765.83,0
1765.925,0
1766.02,0
1766.115,0
1766.211,0
1766.306,0
1766.401,0
1766.497,0
1766.592,0
1766.687,0
1766.783,0
1766.878,0
1766.973,1
1767.069,1
1767.164,1
1767.259,1
1767.355,0
1767.45,0
1767.545,0
1767.641,0
1767.736,0
1767.831,0
1767.927,1
1768.022,1
1768.117,2
1768.213,2
1768.308,1
1768.403,1
1768.499,1
1768.594,1
1768.689,1
1768.785,2
1768.88,1
1768.975,1
1769.071,1
1769.166,4
1769.262,4
1769.357,4
1769.452,4
1769.548,0
1769.643,1
1769.739,2
1769.834,5
1769.929,6
1770.025,6
1770.12,6
1770.216,4
1770.311,1
1770.406,1
1770.502,1
1770.597,1
1770.693,0
1770.788,0
1770.883,0
1770.979,0
1771.074,1
1771.17,1
1771.265,4
1771.361,4
1771.456,3
1771.552,3
1771.647,6
1771.742,5
1771.838,4
1771.933,3
1772.029,1
1772.124,1
1772.22,1
1772.315,3
1772.411,3
1772.506,4
1772.602,5
1772.697,8
1772.793,7
1772.888,6
1772.983,5
1773.079,0
1773.174,0
1773.27,0
1773.365,0
1773.461,0
1773.556,0
1773.652,0
1773.747,1
1773.843,1
1773.938,1
1774.034,1
1774.129,0
1774.225,1
1774.32,1
1774.416,1
1774.512,2
1774.607,1
1774.703,1
1774.798,1
1774.894,1
1774.989,1
1775.085,1
1775.18,2
1775.276,2
1775.371,4
1775.467,5
1775.562,4
1775.658,3
1775.754,1
1775.849,0
1775.945,0
1776.04,0
1776.136,2
1776.231,2
1776.327,2
1776.423,2
1776.518,2
1776.614,3
1776.709,3
1776.805,4
1776.9,7
1776.996,5
1777.092,4
1777.187,4
1777.283,2
1777.378,2
1777.474,2
1777.57,2
1777.665,2
1777.761,2
1777.857,2
1777.952,0
1778.048,0
1778.143,0
1778.239,0
1778.335,0
1778.43,0
1778.526,0
1778.622,0
1778.717,0
1778.813,0
1778.908,0
1779.004,0
1779.1,0
1779.195,0
1779.291,0
1779.387,0
1779.482,0
1779.578,0
1779.674,0
1779.769,1
1779.865,1
1779.961,2
1780.056,2
1780.152,1
1780.248,1
1780.343,0
1780.439,0
1780.535,0
1780.631,0
1780.726,0
1780.822,0
1780.918,0
1781.013,0
1781.109,0
1781.205,0
1781.3,0
1781.396,0
1781.492,0
1781.588,0
1781.683,0
1781.779,0
1781.875,0
1781.971,0
1782.066,0
1782.162,0
1782.258,0
1782.353,0
1782.449,0
1782.545,0
1782.641,1
1782.736,2
1782.832,3
1782.928,4
1783.024,3
1783.119,2
1783.215,1
1783.311,0
1783.407,0
1783.503,2
1783.598,3
1783.694,4
1783.79,4
1783.886,2
1783.981,1
1784.077,1
1784.173,1
1784.269,1
1784.365,1
1784.46,0
1784.556,0
1784.652,0
1784.748,0
1784.844,0
1784.939,0
1785.035,0
1785.131,0
1785.227,0
1785.323,2
1785.419,2
1785.514,2
1785.61,2
1785.706,1
1785.802,1
1785.898,1
1785.994,1
1786.089,0
1786.185,0
1786.281,0
1786.377,0
1786.473,3
1786.569,3
1786.664,4
1786.76,5
1786.856,5
1786.952,8
1787.048,9
1787.144,12
1787.24,10
1787.336,8
1787.431,7
1787.527,4
1787.623,4
1787.719,5
1787.815,5
1787.911,1
1788.007,1
1788.103,0
1788.199,0
1788.294,2
1788.39,2
1788.486,2
1788.582,2
1788.678,0
1788.774,0
1788.87,0
1788.966,0
1789.062,0
1789.158,1
1789.254,2
1789.35,4
1789.446,5
1789.541,9
1789.637,12
1789.733,14
1789.829,18
1789.925,15
1790.021,13
1790.117,11
1790.213,8
1790.309,7
1790.405,6
1790.501,5
1790.597,1
1790.693,1
1790.789,1
1790.885,1
1790.981,0
1791.077,0
1791.173,0
1791.269,0
1791.365,0
1791.461,1
1791.557,2
1791.653,2
1791.749,2
1791.845,1
1791.941,0
1792.037,0
1792.133,0
1792.229,0
1792.325,0
1792.421,0
1792.517,0
1792.613,0
1792.709,0
1792.805,0
1792.901,0
1792.997,0
1793.093,0
1793.189,0
1793.285,0
1793.381,0
1793.477,1
1793.573,1
1793.669,1
1793.765,1
1793.861,0
1793.957,0
1794.053,0
1794.15,0
1794.246,3
1794.342,3
1794.438,4
1794.534,5
1794.63,2
1794.726,2
1794.822,1
1794.918,0
1795.014,0
1795.11,0
1795.206,0
1795.302,0
1795.399,0
1795.495,0
1795.591,0
1795.687,1
1795.783,4
1795.879,5
1795.975,6
1796.071,5
1796.167,2
1796.264,1
1796.36,0
1796.456,0
1796.552,0
1796.648,0
1796.744,0
1796.84,4
1796.936,4
1797.033,4
1797.129,4
1797.225,0
1797.321,0
1797.417,0
1797.513,0
1797.61,0
1797.706,0
1797.802,0
1797.898,0
1797.994,0
1798.09,0
1798.187,0
1798.283,0
1798.379,0
1798.475,0
1798.571,1
1798.667,2
1798.764,3
1798.86,5
1798.956,5
1799.052,5
1799.148,5
1799.245,2
1799.341,2
1799.437,2
1799.533,2
1799.629,0
1799.726,0
1799.822,0
1799.918,0
1800.014,0
1800.111,1
1800.207,4
1800.303,4
1800.399,4
1800.495,3
1800.592,0
1800.688,0
1800.784,0
1800.88,0
1800.977,0
1801.073,0
1801.169,0
1801.265,0
1801.362,0
1801.458,0
1801.554,0
1801.651,1
1801.747,1
1801.843,1
1801.939,1
1802.036,0
1802.132,0
1802.228,0
1802.324,0
1802.421,0
1802.517,0
1802.613,0
1802.71,0
1802.806,0
1802.902,0
1802.999,0
1803.095,1
1803.191,2
1803.287,2
1803.384,2
1803.48,1
1803.576,0
1803.673,0
1803.769,0
1803.865,0
1803.962,0
1804.058,0
1804.154,0
1804.251,0
1804.347,0
1804.443,0
1804.54,0
1804.636,0
1804.733,0
1804.829,0
1804.925,0
1805.022,0
1805.118,0
1805.214,0
1805.311,0
1805.407,0
1805.503,0
1805.6,0
1805.696,0
1805.793,0
1805.889,0
1805.985,1
1806.082,1
1806.178,1
1806.274,1
1806.371,0
1806.467,0
1806.564,0
1806.66,0
1806.757,0
1806.853,0
1806.949,0
1807.046,0
1807.142,0
1807.239,0
1807.335,0
1807.431,0
1807.528,0
1807.624,0
1807.721,0
1807.817,0
1807.914,2
1808.01,2
1808.106,2
1808.203,2
1808.299,0
1808.396,1
1808.492,1
1808.589,1
1808.685,2
1808.782,1
1808.878,1
1808.975,2
1809.071,3
1809.168,3
1809.264,3
1809.361,2
1809.457,0
1809.553,2
1809.65,2
1809.746,2
1809.843,2
1809.939,2
1810.036,2
1810.132,2
1810.229,2
1810.325,0
1810.422,0
1810.518,0
1810.615,3
1810.711,4
1810.808,4
1810.905,4
1811.001,1
1811.098,0
1811.194,0
1811.291,0
1811.387,0
1811.484,0
1811.58,0
1811.677,0
1811.773,1
1811.87,1
1811.966,1
1812.063,1
1812.16,0
1812.256,1
1812.353,1
1812.449,1
1812.546,1
1812.642,0
1812.739,0
1812.835,0
1812.932,3
1813.029,3
1813.125,3
1813.222,3
1813.318,0
1813.415,0
1813.512,0
1813.608,0
1813.705,0
1813.801,0
1813.898,0
1813.995,0
1814.091,1
1814.188,1
1814.284,1
1814.381,1
1814.478,0
1814.574,0
1814.671,0
1814.768,0
1814.864,0
1814.961,0
1815.057,0
1815.154,1
1815.251,2
1815.347,3
1815.444,6
1815.541,5
1815.637,4
1815.734,3
1815.831,2
1815.927,3
1816.024,4
1816.121,5
1816.217,4
1816.314,4
1816.411,4
1816.507,5
1816.604,5
1816.701,5
1816.797,5
1816.894,4
1816.991,3
1817.087,2
1817.184,2
1817.281,1
1817.377,1
1817.474,1
1817.571,0
1817.668,1
1817.764,2
1817.861,2
1817.958,2
1818.054,1
1818.151,0
1818.248,0
1818.345,0
1818.441,1
1818.538,2
1818.635,2
1818.731,2
1818.828,1
1818.925,0
1819.022,0
1819.118,0
1819.215,0
1819.312,0
1819.409,0
1819.505,0
1819.602,0
1819.699,0
1819.796,0
1819.892,0
1819.989,0
1820.086,0
1820.183,0
1820.28,0
1820.376,0
1820.473,0
1820.57,0
1820.667,0
1820.763,0
1820.86,0
1820.957,0
1821.054,0
1821.151,1
1821.247,1
1821.344,2
1821.441,2
1821.538,1
1821.635,1
1821.731,0
1821.828,0
1821.925,2
1822.022,3
1822.119,4
1822.216,8
1822.312,9
1822.409,9
1822.506,8
1822.603,4
1822.7,3
1822.797,2
1822.893,2
1822.99,2
1823.087,0
1823.184,0
1823.281,0
1823.378,0
1823.475,0
1823.571,3
1823.668,3
1823.765,3
1823.862,3
1823.959,3
1824.056,3
1824.153,4
1824.25,4
1824.346,2
1824.443,2
1824.54,2
1824.637,2
1824.734,1
1824.831,1
1824.928,0
1825.025,0
1825.122,0
1825.219,0
1825.316,0
1825.412,0
1825.509,0
1825.606,0
1825.703,0
1825.8,0
1825.897,0
1825.994,0
1826.091,0
1826.188,2
1826.285,3
1826.382,3
1826.479,3
1826.576,5
1826.673,3
1826.77,2
1826.866,1
1826.963,0
1827.06,0
1827.157,0
1827.254,0
1827.351,0
1827.448,0
1827.545,0
1827.642,0
1827.739,0
1827.836,0
1827.933,0
1828.03,0
1828.127,0
1828.224,0
1828.321,0
1828.418,0
1828.515,0
1828.612,0
1828.709,0
1828.806,0
1828.903,0
1829,0
1829.097,0
1829.194,0
1829.291,0
1829.388,0
1829.485,0
1829.582,1
1829.679,2
1829.776,2
1829.873,2
1829.97,3
1830.067,2
1830.164,4
1830.262,4
1830.359,2
1830.456,2
1830.553,0
1830.65,0
1830.747,1
1830.844,1
1830.941,1
1831.038,1
1831.135,3
1831.232,3
1831.329,3
1831.426,3
1831.523,0
1831.62,1
1831.718,1
1831.815,1
1831.912,1
1832.009,3
1832.106,6
1832.203,9
1832.3,12
1832.397,10
1832.494,8
1832.591,6
1832.689,6
1832.786,5
1832.883,4
1832.98,3
1833.077,0
1833.174,3
1833.271,6
1833.368,9
1833.466,12
1833.563,12
1833.66,11
1833.757,10
1833.854,8
1833.951,7
1834.048,7
1834.146,6
1834.243,3
1834.34,2
1834.437,1
1834.534,1
1834.631,0
1834.729,0
1834.826,0
1834.923,1
1835.02,1
1835.117,2
1835.214,5
1835.312,7
1835.409,10
1835.506,15
1835.603,14
1835.7,13
1835.798,12
1835.895,9
1835.992,8
1836.089,7
1836.186,6
1836.284,1
1836.381,1
1836.478,1
1836.575,1
1836.672,0
1836.77,0
1836.867,0
1836.964,0
1837.061,0
1837.159,0
1837.256,0
1837.353,0
1837.45,1
1837.548,1
1837.645,1
1837.742,1
1837.839,0
1837.937,2
1838.034,4
1838.131,6
1838.228,9
1838.326,8
1838.423,7
1838.52,7
1838.617,5
1838.715,5
1838.812,5
1838.909,4
1839.007,5
1839.104,5
1839.201,5
1839.298,5
1839.396,3
1839.493,3
1839.59,3
1839.688,3
1839.785,0
1839.882,0
1839.98,0
1840.077,1
1840.174,2
1840.271,2
1840.369,2
1840.466,2
1840.563,1
1840.661,1
1840.758,1
1840.855,0
1840.953,0
1841.05,0
1841.147,0
1841.245,1
1841.342,1
1841.439,1
1841.537,1
1841.634,0
1841.732,0
1841.829,0
1841.926,0
1842.024,3
1842.121,3
1842.218,4
1842.316,5
1842.413,4
1842.51,5
1842.608,5
1842.705,5
1842.803,4
1842.9,5
1842.997,5
1843.095,5
1843.192,5
1843.29,0
1843.387,0
1843.484,0
1843.582,0
1843.679,0
1843.777,0
1843.874,0
1843.971,0
1844.069,0
1844.166,0
1844.264,0
1844.361,0
1844.459,0
1844.556,0
1844.653,0
1844.751,0
1844.848,0
1844.946,0
1845.043,0
1845.141,0
1845.238,0
1845.336,0
1845.433,0
1845.531,0
1845.628,0
1845.725,0
1845.823,0
1845.92,0
1846.018,0
1846.115,0
1846.213,0
1846.31,0
1846.408,0
1846.505,0
1846.603,0
1846.7,0
1846.798,0
1846.895,0
1846.993,0
1847.09,0
1847.188,0
1847.285,0
1847.383,0
1847.48,0
1847.578,0
1847.675,0
1847.773,1
1847.87,1
1847.968,1
1848.065,1
1848.163,0
1848.26,0
1848.358,0
1848.456,0
1848.553,0
1848.651,0
1848.748,0
1848.846,0
1848.943,0
1849.041,0
1849.138,0
1849.236,0
1849.334,0
1849.431,0
1849.529,0
1849.626,0
1849.724,0
1849.821,0
1849.919,0
1850.017,0
1850.114,0
1850.212,0
1850.309,0
1850.407,0
1850.504,0
1850.602,0
1850.7,0
1850.797,0
1850.895,0
1850.992,0
1851.09,0
1851.188,0
1851.285,0
1851.383,0
1851.481,0
1851.578,0
1851.676,0
1851.773,1
1851.871,1
1851.969,1
1852.066,1
1852.164,0
1852.262,0
1852.359,0
1852.457,0
1852.555,0
1852.652,0
1852.75,0
1852.848,0
1852.945,0
1853.043,0
1853.141,0
1853.238,0
1853.336,0
1853.434,0
1853.531,0
1853.629,0
1853.727,3
1853.824,4
1853.922,5
1854.02,6
1854.117,7
1854.215,6
1854.313,5
1854.41,5
1854.508,2
1854.606,3
1854.704,4
1854.801,3
1854.899,2
1854.997,2
1855.094,1
1855.192,1
1855.29,2
1855.388,1
1855.485,1
1855.583,1
1855.681,1
1855.778,1
1855.876,1
1855.974,1
1856.072,0
1856.169,0
1856.267,0
1856.365,0
1856.463,0
1856.56,0
1856.658,0
1856.756,0
1856.854,0
1856.952,0
1857.049,0
1857.147,0
1857.245,1
1857.343,2
1857.44,2
1857.538,2
1857.636,1
1857.734,0
1857.832,0
1857.929,0
1858.027,1
1858.125,1
1858.223,1
1858.321,1
1858.418,4
1858.516,5
1858.614,5
1858.712,5
1858.81,4
1858.907,3
1859.005,3
1859.103,3
1859.201,2
1859.299,3
1859.397,3
1859.494,3
1859.592,1
1859.69,0
1859.788,1
1859.886,2
1859.984,3
1860.081,7
1860.179,6
1860.277,5
1860.375,5
1860.473,2
1860.571,2
1860.669,2
1860.767,3
1860.864,4
1860.962,4
1861.06,4
1861.158,2
1861.256,0
1861.354,2
1861.452,2
1861.55,2
1861.647,2
1861.745,0
1861.843,0
1861.941,0
1862.039,0
1862.137,0
1862.235,0
1862.333,0
1862.431,0
1862.529,0
1862.627,0
1862.724,0
1862.822,0
1862.92,0
1863.018,0
1863.116,1
1863.214,3
1863.312,3
1863.41,3
1863.508,2
1863.606,0
1863.704,1
1863.802,1
1863.9,1
1863.998,1
1864.096,0
1864.194,0
1864.292,0
1864.39,0
1864.488,0
1864.586,0
1864.683,0
1864.781,0
1864.879,0
1864.977,0
1865.075,0
1865.173,0
1865.271,1
1865.369,1
1865.467,2
1865.565,2
1865.663,4
1865.761,4
1865.859,3
1865.957,3
1866.055,0
1866.153,2
1866.251,4
1866.349,4
1866.448,4
1866.546,3
1866.644,5
1866.742,6
1866.84,6
1866.938,5
1867.036,1
1867.134,0
1867.232,0
1867.33,0
1867.428,0
1867.526,0
1867.624,0
1867.722,0
1867.82,0
1867.918,0
1868.016,0
1868.114,1
1868.212,1
1868.31,1
1868.409,2
1868.507,1
1868.605,1
1868.703,1
1868.801,0
1868.899,0
1868.997,0
1869.095,0
1869.193,0
1869.291,0
1869.389,0
1869.488,0
1869.586,0
1869.684,0
1869.782,1
1869.88,1
1869.978,1
1870.076,3
1870.174,4
1870.272,6
1870.371,10
1870.469,10
1870.567,10
1870.665,10
1870.763,13
1870.861,10
1870.959,7
1871.058,4
1871.156,0
1871.254,0
1871.352,0
1871.45,0
1871.548,0
1871.647,0
1871.745,0
1871.843,1
1871.941,1
1872.039,1
1872.137,1
1872.236,0
1872.334,0
1872.432,0
1872.53,0
1872.628,0
1872.726,0
1872.825,0
1872.923,0
1873.021,0
1873.119,0
1873.217,0
1873.316,0
1873.414,1
1873.512,2
1873.61,3
1873.709,5
1873.807,9
1873.905,8
1874.003,7
1874.101,7
1874.2,4
1874.298,4
1874.396,5
1874.494,4
1874.593,4
1874.691,6
1874.789,7
1874.887,8
1874.986,8
1875.084,7
1875.182,6
1875.28,3
1875.379,3
1875.477,3
1875.575,3
1875.673,1
1875.772,0
1875.87,0
1875.968,0
1876.067,0
1876.165,0
1876.263,0
1876.361,0
1876.46,0
1876.558,0
1876.656,0
1876.755,0
1876.853,0
1876.951,0
1877.05,0
1877.148,0
1877.246,0
1877.344,0
1877.443,1
1877.541,1
1877.639,1
1877.738,1
1877.836,0
1877.934,0
1878.033,0
1878.131,0
1878.229,0
1878.328,0
1878.426,0
1878.524,0
1878.623,0
1878.721,0
1878.82,0
1878.918,0
1879.016,0
1879.115,0
1879.213,0
1879.311,0
1879.41,0
1879.508,0
1879.606,0
1879.705,0
1879.803,0
1879.902,0
1880,0
1880.098,0
1880.197,0
1880.295,0
1880.394,0
1880.492,0
1880.59,0
1880.689,0
1880.787,0
1880.886,0
1880.984,0
1881.082,0
1881.181,0
1881.279,0
1881.378,0
1881.476,0
1881.575,0
1881.673,0
1881.771,0
1881.87,0
1881.968,1
1882.067,2
1882.165,2
1882.264,2
1882.362,2
1882.461,1
1882.559,1
1882.657,1
1882.756,0
1882.854,0
1882.953,0
1883.051,0
1883.15,0
1883.248,0
1883.347,0
1883.445,0
1883.544,0
1883.642,0
1883.741,0
1883.839,0
1883.938,0
1884.036,0
1884.135,0
1884.233,0
1884.332,0
1884.43,0
1884.529,0
1884.627,0
1884.726,0
1884.824,0
1884.923,0
1885.021,0
1885.12,1
1885.218,1
1885.317,1
1885.415,1
1885.514,0
1885.612,0
1885.711,0
1885.809,0
1885.908,0
1886.007,0
1886.105,0
1886.204,0
1886.302,0
1886.401,1
1886.499,1
1886.598,1
1886.696,1
1886.795,0
1886.894,1
1886.992,2
1887.091,3
1887.189,6
1887.288,6
1887.386,6
1887.485,6
1887.584,3
1887.682,3
1887.781,3
1887.879,4
1887.978,1
1888.077,1
1888.175,1
1888.274,0
1888.372,0
1888.471,0
1888.57,0
1888.668,0
1888.767,0
1888.866,0
1888.964,0
1889.063,1
1889.161,2
1889.26,3
1889.359,5
1889.457,4
1889.556,3
1889.655,2
1889.753,0
1889.852,1
1889.951,1
1890.049,1
1890.148,1
1890.247,0
1890.345,0
1890.444,0
1890.543,0
1890.641,1
1890.74,1
1890.839,1
1890.937,1
1891.036,0
1891.135,0
1891.233,0
1891.332,0
1891.431,0
1891.529,1
1891.628,1
1891.727,1
1891.826,1
1891.924,1
1892.023,1
1892.122,1
1892.22,1
1892.319,0
1892.418,0
1892.517,0
1892.615,0
1892.714,0
1892.813,0
1892.911,0
1893.01,0
1893.109,0
1893.208,0
1893.306,0
1893.405,0
1893.504,0
1893.603,0
1893.701,0
1893.8,0
1893.899,0
1893.998,0
1894.096,0
1894.195,0
1894.294,0
1894.393,0
1894.491,0
1894.59,0
1894.689,0
1894.788,0
1894.887,0
1894.985,0
1895.084,1
1895.183,1
1895.282,1
1895.381,1
1895.479,2
1895.578,2
1895.677,2
1895.776,2
1895.875,0
1895.973,0
1896.072,0
1896.171,0
1896.27,0
1896.369,2
1896.468,2
1896.566,2
1896.665,2
1896.764,1
1896.863,1
1896.962,1
1897.061,1
1897.159,0
1897.258,0
1897.357,0
1897.456,0
1897.555,0
1897.654,0
1897.752,0
1897.851,0
1897.95,0
1898.049,0
1898.148,0
1898.247,0
1898.346,0
1898.445,0
1898.543,0
1898.642,2
1898.741,4
1898.84,6
1898.939,8
1899.038,7
1899.137,6
1899.236,5
1899.335,4
1899.434,3
1899.532,2
1899.631,1
1899.73,1
1899.829,1
1899.928,1
1900.027,1
1900.126,0
1900.225,0
1900.324,0
1900.423,0
1900.522,0
1900.621,0
1900.72,0
1900.818,0
1900.917,0
1901.016,0
1901.115,0
1901.214,0
1901.313,0
1901.412,0
1901.511,0
1901.61,1
1901.709,2
1901.808,3
1901.907,4
1902.006,5
1902.105,6
1902.204,7
1902.303,14
1902.402,12
1902.501,10
1902.6,8
1902.699,0
1902.798,0
1902.897,0
1902.996,0
1903.095,0
1903.194,2
1903.293,3
1903.392,4
1903.491,6
1903.59,5
1903.689,5
1903.788,6
1903.887,4
1903.986,5
1904.085,8
1904.184,7
1904.283,6
1904.382,5
1904.481,3
1904.58,3
1904.679,1
1904.778,1
1904.877,0
1904.976,0
1905.076,0
1905.175,0
1905.274,0
1905.373,0
1905.472,0
1905.571,0
1905.67,0
1905.769,1
1905.868,1
1905.967,1
1906.066,1
1906.165,0
1906.264,0
1906.363,0
1906.463,0
1906.562,0
1906.661,0
1906.76,0
1906.859,0
1906.958,0
1907.057,0
1907.156,0
1907.255,0
1907.355,0
1907.454,0
1907.553,0
1907.652,0
1907.751,0
1907.85,0
1907.949,0
1908.048,0
1908.148,0
1908.247,0
1908.346,0
1908.445,0
1908.544,0
1908.643,1
1908.742,1
1908.842,1
1908.941,1
1909.04,0
1909.139,0
1909.238,1
1909.337,1
1909.437,1
1909.536,1
1909.635,0
1909.734,0
1909.833,0
1909.932,0
1910.032,0
1910.131,2
1910.23,2
1910.329,2
1910.428,3
1910.528,2
1910.627,2
1910.726,2
1910.825,1
1910.924,0
1911.024,2
1911.123,2
1911.222,5
1911.321,5
1911.421,4
1911.52,4
1911.619,1
1911.718,1
1911.817,0
1911.917,2
1912.016,7
1912.115,11
1912.214,15
1912.314,16
1912.413,20
1912.512,16
1912.611,11
1912.711,8
1912.81,3
1912.909,3
1913.009,2
1913.108,2
1913.207,2
1913.306,2
1913.406,0
1913.505,0
1913.604,0
1913.703,0
1913.803,0
1913.902,0
1914.001,1
1914.101,1
1914.2,1
1914.299,1
1914.399,3
1914.498,3
1914.597,3
1914.696,3
1914.796,1
1914.895,1
1914.994,1
1915.094,1
1915.193,1
1915.292,1
1915.392,1
1915.491,1
1915.59,0
1915.69,0
1915.789,0
1915.888,0
1915.988,0
1916.087,0
1916.186,0
1916.286,0
1916.385,1
1916.484,1
1916.584,1
1916.683,1
1916.783,0
1916.882,0
1916.981,0
1917.081,0
1917.18,1
1917.279,1
1917.379,1
1917.478,1
1917.578,0
1917.677,0
1917.776,2
1917.876,2
1917.975,2
1918.075,2
1918.174,0
1918.273,0
1918.373,1
1918.472,1
1918.572,1
1918.671,1
1918.77,0
1918.87,0
1918.969,0
1919.069,0
1919.168,1
1919.268,1
1919.367,1
1919.466,1
1919.566,0
1919.665,0
1919.765,2
1919.864,2
1919.964,3
1920.063,3
1920.163,3
1920.262,4
1920.362,3
1920.461,3
1920.56,2
1920.66,1
1920.759,1
1920.859,1
1920.958,0
1921.058,0
1921.157,0
1921.257,0
1921.356,0
1921.456,0
1921.555,0
1921.655,0
1921.754,0
1921.854,1
1921.953,1
1922.053,1
1922.152,1
1922.252,1
1922.351,1
1922.451,1
1922.55,1
1922.65,0
1922.749,0
1922.849,0
1922.948,1
1923.048,3
1923.148,5
1923.247,5
1923.347,4
1923.446,6
1923.546,3
1923.645,2
1923.745,1
1923.844,1
1923.944,2
1924.043,2
1924.143,2
1924.243,1
1924.342,3
1924.442,3
1924.541,3
1924.641,3
1924.74,0
1924.84,2
1924.94,2
1925.039,2
1925.139,3
1925.238,1
1925.338,1
1925.438,1
1925.537,0
1925.637,1
1925.736,1
1925.836,1
1925.936,2
1926.035,1
1926.135,1
1926.234,1
1926.334,0
1926.434,0
1926.533,0
1926.633,0
1926.733,0
1926.832,0
1926.932,2
1927.031,4
1927.131,7
1927.231,9
1927.33,12
1927.43,10
1927.53,7
1927.629,5
1927.729,2
1927.829,2
1927.928,2
1928.028,2
1928.128,0
1928.227,0
1928.327,0
1928.427,0
1928.526,0
1928.626,1
1928.726,1
1928.825,1
1928.925,1
1929.025,0
1929.124,0
1929.224,0
1929.324,2
1929.424,2
1929.523,2
1929.623,2
1929.723,0
1929.822,0
1929.922,0
1930.022,0
1930.122,0
1930.221,1
1930.321,1
1930.421,2
1930.52,3
1930.62,3
1930.72,5
1930.82,5
1930.919,5
1931.019,5
1931.119,2
1931.219,2
1931.318,2
1931.418,2
1931.518,0
1931.618,2
1931.717,2
1931.817,2
1931.917,2
1932.017,1
1932.117,1
1932.216,1
1932.316,1
1932.416,0
1932.516,0
1932.615,0
1932.715,0
1932.815,0
1932.915,0
1933.015,1
1933.114,1
1933.214,1
1933.314,1
1933.414,0
1933.514,0
1933.613,0
1933.713,1
1933.813,2
1933.913,2
1934.013,2
1934.113,2
1934.212,1
1934.312,1
1934.412,1
1934.512,1
1934.612,3
1934.712,4
1934.811,5
1934.911,6
1935.011,7
1935.111,8
1935.211,12
1935.311,10
1935.41,7
1935.51,6
1935.61,2
1935.71,2
1935.81,3
1935.91,4
1936.01,3
1936.11,3
1936.209,2
1936.309,2
1936.409,4
1936.509,7
1936.609,9
1936.709,10
1936.809,8
1936.909,5
1937.009,3
1937.108,1
1937.208,1
1937.308,5
1937.408,5
1937.508,4
1937.608,4
1937.708,0
1937.808,0
1937.908,0
1938.008,0
1938.108,0
1938.208,0
1938.308,0
1938.407,0
1938.507,1
1938.607,1
1938.707,1
1938.807,1
1938.907,0
1939.007,0
1939.107,0
1939.207,0
1939.307,0
1939.407,0
1939.507,0
1939.607,0
1939.707,0
1939.807,0
1939.907,0
1940.007,1
1940.107,2
1940.207,2
1940.307,2
1940.407,1
1940.507,1
1940.607,1
1940.707,1
1940.807,1
1940.907,1
1941.007,2
1941.107,3
1941.207,4
1941.307,7
1941.407,7
1941.507,6
1941.607,5
1941.707,2
1941.807,1
1941.907,1
1942.007,1
1942.107,1
1942.207,1
1942.307,1
1942.407,2
1942.507,1
1942.607,1
1942.707,1
1942.807,3
1942.907,3
1943.008,3
1943.108,6
1943.208,4
1943.308,4
1943.408,4
1943.508,7
1943.608,5
1943.708,7
1943.808,6
1943.908,3
1944.008,3
1944.108,1
1944.208,1
1944.309,1
1944.409,1
1944.509,0
1944.609,0
1944.709,0
1944.809,0
1944.909,0
1945.009,0
1945.109,0
1945.21,0
1945.31,0
1945.41,0
1945.51,0
1945.61,0
1945.71,0
1945.81,0
1945.91,0
1946.011,0
1946.111,0
1946.211,0
1946.311,1
1946.411,1
1946.511,1
1946.611,1
1946.712,0
1946.812,0
1946.912,0
1947.012,0
1947.112,1
1947.212,1
1947.313,1
1947.413,1
1947.513,0
1947.613,0
1947.713,0
1947.814,0
1947.914,0
1948.014,0
1948.114,0
1948.214,0
1948.314,0
1948.415,0
1948.515,0
1948.615,0
1948.715,1
1948.816,2
1948.916,2
1949.016,2
1949.116,1
1949.216,0
1949.317,1
1949.417,2
1949.517,3
1949.617,4
1949.718,5
1949.818,4
1949.918,3
1950.018,2
1950.119,0
1950.219,0
1950.319,1
1950.419,1
1950.52,1
1950.62,1
1950.72,0
1950.82,0
1950.921,0
1951.021,0
1951.121,0
1951.221,0
1951.322,0
1951.422,0
1951.522,0
1951.623,0
1951.723,0
1951.823,0
1951.923,0
1952.024,0
1952.124,0
1952.224,0
1952.325,1
1952.425,1
1952.525,4
1952.626,4
1952.726,3
1952.826,3
1952.927,0
1953.027,0
1953.127,0
1953.227,0
1953.328,0
1953.428,0
1953.528,0
1953.629,0
1953.729,0
1953.83,0
1953.93,1
1954.03,1
1954.131,1
1954.231,1
1954.331,4
1954.432,4
1954.532,4
1954.632,4
1954.733,1
1954.833,1
1954.933,1
1955.034,1
1955.134,0
1955.235,0
1955.335,0
1955.435,0
1955.536,1
1955.636,1
1955.737,1
1955.837,1
1955.937,1
1956.038,1
1956.138,1
1956.239,1
1956.339,1
1956.439,3
1956.54,3
1956.64,3
1956.741,2
1956.841,1
1956.942,1
1957.042,1
1957.142,3
1957.243,3
1957.343,4
1957.444,5
1957.544,7
1957.645,6
1957.745,5
1957.845,4
1957.946,0
1958.046,0
1958.147,0
1958.247,0
1958.348,0
1958.448,1
1958.549,1
1958.649,1
1958.75,1
1958.85,0
1958.951,0
1959.051,0
1959.152,0
1959.252,0
1959.353,0
1959.453,0
1959.554,0
1959.654,0
1959.755,1
1959.855,1
1959.956,2
1960.056,2
1960.157,1
1960.257,1
1960.358,0
1960.458,1
1960.559,1
1960.659,1
1960.76,1
1960.86,0
1960.961,0
1961.061,0
1961.162,0
1961.262,0
1961.363,1
1961.463,1
1961.564,1
1961.665,1
1961.765,0
1961.866,0
1961.966,0
1962.067,0
1962.167,0
1962.268,0
1962.368,2
1962.469,2
1962.57,2
1962.67,3
1962.771,6
1962.871,5
1962.972,4
1963.073,2
1963.173,0
1963.274,0
1963.374,0
1963.475,0
1963.575,0
1963.676,0
1963.777,1
1963.877,2
1963.978,3
1964.079,4
1964.179,5
1964.28,5
1964.38,5
1964.481,6
1964.582,5
1964.682,4
1964.783,3
1964.884,2
1964.984,1
1965.085,1
1965.185,1
1965.286,0
1965.387,0
1965.487,0
1965.588,0
1965.689,0
1965.789,0
1965.89,0
1965.991,0
1966.091,0
1966.192,0
1966.293,0
1966.393,0
1966.494,1
1966.595,1
1966.695,1
1966.796,1
1966.897,0
1966.997,0
1967.098,1
1967.199,1
1967.3,1
1967.4,2
1967.501,1
1967.602,1
1967.702,1
1967.803,0
1967.904,0
1968.005,0
1968.105,0
1968.206,0
1968.307,0
1968.407,0
1968.508,0
1968.609,0
1968.71,0
1968.81,0
1968.911,0
1969.012,0
1969.113,0
1969.213,0
1969.314,0
1969.415,0
1969.516,0
1969.616,0
1969.717,0
1969.818,0
1969.919,0
1970.019,0
1970.12,0
1970.221,0
1970.322,0
1970.423,0
1970.523,0
1970.624,0
1970.725,0
1970.826,0
1970.926,0
1971.027,0
1971.128,0
1971.229,0
1971.33,1
1971.43,1
1971.531,1
1971.632,1
1971.733,0
1971.834,0
1971.935,0
1972.035,0
1972.136,0
1972.237,0
1972.338,0
1972.439,0
1972.54,0
1972.64,1
1972.741,1
1972.842,1
1972.943,1
1973.044,0
1973.145,0
1973.245,0
1973.346,0
1973.447,0
1973.548,0
1973.649,0
1973.75,0
1973.851,0
1973.951,0
1974.052,0
1974.153,0
1974.254,0
1974.355,0
1974.456,0
1974.557,0
1974.658,0
1974.759,0
1974.859,0
1974.96,1
1975.061,1
1975.162,2
1975.263,2
1975.364,1
1975.465,1
1975.566,0
1975.667,0
1975.768,0
1975.869,0
1975.969,0
1976.07,0
1976.171,2
1976.272,4
1976.373,6
1976.474,8
1976.575,11
1976.676,10
1976.777,8
1976.878,6
1976.979,3
1977.08,2
1977.181,3
1977.282,3
1977.383,1
1977.484,1
1977.585,0
1977.686,0
1977.787,2
1977.888,3
1977.989,4
1978.09,5
1978.19,5
1978.291,6
1978.392,7
1978.493,8
1978.594,8
1978.695,8
1978.796,8
1978.897,6
1978.998,5
1979.099,4
1979.2,4
1979.301,1
1979.402,2
1979.504,3
1979.605,3
1979.706,4
1979.807,3
1979.908,2
1980.009,1
1980.11,0
1980.211,0
1980.312,0
1980.413,1
1980.514,1
1980.615,1
1980.716,1
1980.817,0
1980.918,0
1981.019,0
1981.12,0
1981.221,0
1981.322,0
1981.423,0
1981.524,0
1981.625,0
1981.727,0
1981.828,0
1981.929,0
1982.03,0
1982.131,0
1982.232,0
1982.333,0
1982.434,0
1982.535,0
1982.636,0
1982.737,0
1982.839,0
1982.94,0
1983.041,0
1983.142,0
1983.243,0
1983.344,0
1983.445,0
1983.546,0
1983.647,0
1983.749,0
1983.85,0
1983.951,0
1984.052,0
1984.153,1
1984.254,1
1984.355,1
1984.457,1
1984.558,0
1984.659,0
1984.76,0
1984.861,0
1984.962,0
1985.064,0
1985.165,1
1985.266,1
1985.367,1
1985.468,1
1985.569,0
1985.671,0
1985.772,0
1985.873,0
1985.974,0
1986.075,0
1986.176,1
1986.278,1
1986.379,1
1986.48,1
1986.581,0
1986.682,0
1986.784,0
1986.885,1
1986.986,1
1987.087,1
1987.189,1
1987.29,0
1987.391,0
1987.492,0
1987.593,0
1987.695,0
1987.796,0
1987.897,0
1987.998,0
1988.1,0
1988.201,0
1988.302,0
1988.403,0
1988.505,0
1988.606,0
1988.707,0
1988.808,0
1988.91,0
1989.011,0
1989.112,0
1989.213,0
1989.315,1
1989.416,1
1989.517,1
1989.619,1
1989.72,0
1989.821,1
1989.922,1
1990.024,1
1990.125,1
1990.226,0
1990.328,0
1990.429,0
1990.53,0
1990.632,0
1990.733,0
1990.834,0
1990.935,0
1991.037,0
1991.138,0
1991.239,1
1991.341,1
1991.442,1
1991.543,3
1991.645,4
1991.746,6
1991.847,9
1991.949,7
1992.05,5
1992.151,3
1992.253,1
1992.354,1
1992.456,1
1992.557,1
1992.658,0
1992.76,0
1992.861,0
1992.962,0
1993.064,0
1993.165,0
1993.266,0
1993.368,0
1993.469,1
1993.571,1
1993.672,1
1993.773,1
1993.875,0
1993.976,0
1994.078,0
1994.179,0
1994.28,0
1994.382,0
1994.483,0
1994.585,0
1994.686,0
1994.787,0
1994.889,0
1994.99,0
1995.092,0
1995.193,0
1995.295,0
1995.396,0
1995.497,0
1995.599,0
1995.7,0
1995.802,0
1995.903,0
1996.005,0
1996.106,0
1996.208,0
1996.309,0
1996.41,0
1996.512,0
1996.613,0
1996.715,0
1996.816,0
1996.918,0
1997.019,1
1997.121,1
1997.222,1
1997.324,1
1997.425,0
1997.527,0
1997.628,0
1997.73,0
1997.831,0
1997.933,0
1998.034,0
1998.136,0
1998.237,0
1998.339,1
1998.44,1
1998.542,1
1998.643,1
1998.745,0
1998.846,0
1998.948,0
1999.049,0
1999.151,0
1999.252,0
1999.354,0
1999.455,0
1999.557,0
1999.658,0
1999.76,0
1999.862,0
1999.963,0
2000.065,0
2000.166,0
2000.268,0
2000.369,0
2000.471,0
2000.572,0
2000.674,0
2000.776,0
2000.877,0
2000.979,0
2001.08,0
2001.182,0
2001.284,0
2001.385,0
2001.487,0
2001.588,0
2001.69,1
2001.791,1
2001.893,1
2001.995,1
2002.096,0
2002.198,0
2002.299,0
2002.401,0
2002.503,0
2002.604,1
2002.706,2
2002.808,2
2002.909,2
2003.011,1
2003.112,0
2003.214,1
2003.316,1
2003.417,1
2003.519,1
2003.621,0
2003.722,0
2003.824,0
2003.926,0
2004.027,0
2004.129,0
2004.231,0
2004.332,0
2004.434,0
2004.536,0
2004.637,0
2004.739,0
2004.841,0
2004.942,1
2005.044,1
2005.146,1
2005.247,1
2005.349,0
2005.451,0
2005.552,0
2005.654,0
2005.756,0
2005.858,2
2005.959,2
2006.061,2
2006.163,2
2006.264,0
2006.366,0
2006.468,0
2006.57,0
2006.671,0
2006.773,0
2006.875,0
2006.976,1
2007.078,1
2007.18,1
2007.282,1
2007.383,0
2007.485,0
2007.587,0
2007.689,0
2007.79,0
2007.892,0
2007.994,0
2008.096,0
2008.197,1
2008.299,2
2008.401,3
2008.503,7
2008.605,6
2008.706,5
2008.808,4
2008.91,0
2009.012,0
2009.113,0
2009.215,0
2009.317,0
2009.419,0
2009.521,0
2009.622,0
2009.724,0
2009.826,0
2009.928,0
2010.03,0
2010.131,0
2010.233,0
2010.335,0
2010.437,0
2010.539,2
2010.641,2
2010.742,2
2010.844,2
2010.946,0
2011.048,0
2011.15,0
2011.252,0
2011.353,0
2011.455,0
2011.557,1
2011.659,1
2011.761,1
2011.863,1
2011.965,0
2012.066,0
2012.168,0
2012.27,0
2012.372,1
2012.474,1
2012.576,1
2012.678,1
2012.78,0
2012.881,2
2012.983,3
2013.085,4
2013.187,7
2013.289,5
2013.391,4
2013.493,3
2013.595,1
2013.697,1
2013.799,1
2013.9,1
2014.002,0
2014.104,0
2014.206,0
2014.308,1
2014.41,1
2014.512,1
2014.614,1
2014.716,1
2014.818,1
2014.92,1
2015.022,1
2015.124,0
2015.226,1
2015.328,1
2015.429,2
2015.531,2
2015.633,3
2015.735,3
2015.837,2
2015.939,2
2016.041,0
2016.143,1
2016.245,1
2016.347,1
2016.449,1
2016.551,0
2016.653,2
2016.755,3
2016.857,3
2016.959,3
2017.061,1
2017.163,0
2017.265,0
2017.367,0
2017.469,0
2017.571,0
2017.673,0
2017.775,0
2017.877,0
2017.979,0
2018.081,0
2018.183,0
2018.285,0
2018.387,0
2018.489,0
2018.591,1
2018.693,1
2018.795,2
2018.897,2
2018.999,1
2019.101,1
2019.204,0
2019.306,0
2019.408,0
2019.51,0
2019.612,0
2019.714,0
2019.816,0
2019.918,0
2020.02,0
2020.122,0
2020.224,0
2020.326,0
2020.428,1
2020.53,1
2020.632,1
2020.735,1
2020.837,1
2020.939,1
2021.041,2
2021.143,2
2021.245,1
2021.347,1
2021.449,0
2021.551,0
2021.653,0
2021.756,1
2021.858,1
2021.96,1
2022.062,1
2022.164,0
2022.266,0
2022.368,0
2022.47,1
2022.573,1
2022.675,1
2022.777,1
2022.879,1
2022.981,1
2023.083,1
2023.185,1
2023.288,0
2023.39,0
2023.492,0
2023.594,0
2023.696,0
2023.798,0
2023.901,0
2024.003,0
2024.105,0
2024.207,0
2024.309,0
2024.412,0
2024.514,1
2024.616,1
2024.718,1
2024.82,1
2024.922,1
2025.025,1
2025.127,1
2025.229,1
2025.331,0
2025.434,0
2025.536,0
2025.638,0
2025.74,0
2025.842,0
2025.945,0
2026.047,0
2026.149,0
2026.251,0
2026.354,0
2026.456,0
2026.558,0
2026.66,0
2026.762,0
2026.865,0
2026.967,0
2027.069,0
2027.171,0
2027.274,0
2027.376,0
2027.478,0
2027.581,0
2027.683,0
2027.785,1
2027.887,1
2027.99,1
2028.092,1
2028.194,1
2028.296,1
2028.399,1
2028.501,1
2028.603,0
2028.706,0
2028.808,1
2028.91,1
2029.013,1
2029.115,1
2029.217,0
2029.319,0
2029.422,0
2029.524,0
2029.626,0
2029.729,0
2029.831,0
2029.933,2
2030.036,2
2030.138,2
2030.24,2
2030.343,1
2030.445,1
2030.547,1
2030.65,1
2030.752,0
2030.854,1
2030.957,1
2031.059,1
2031.162,1
2031.264,0
2031.366,0
2031.469,0
2031.571,0
2031.673,0
2031.776,0
2031.878,0
2031.98,0
2032.083,0
2032.185,0
2032.288,0
2032.39,0
2032.492,0
2032.595,0
2032.697,1
2032.8,1
2032.902,1
2033.004,1
2033.107,0
2033.209,0
2033.312,0
2033.414,0
2033.516,0
2033.619,0
2033.721,0
2033.824,0
2033.926,0
2034.029,0
2034.131,0
2034.233,0
2034.336,0
2034.438,0
2034.541,0
2034.643,0
2034.746,2
2034.848,4
2034.951,6
2035.053,9
2035.156,8
2035.258,7
2035.36,6
2035.463,3
2035.565,3
2035.668,3
2035.77,3
2035.873,0
2035.975,0
2036.078,0
2036.18,1
2036.283,1
2036.385,1
2036.488,3
2036.59,2
2036.693,2
2036.795,4
2036.898,2
2037,2
2037.103,2
2037.205,4
2037.308,3
2037.41,2
2037.513,1
2037.615,2
2037.718,2
2037.82,2
2037.923,2
2038.026,0
2038.128,0
2038.231,0
2038.333,0
2038.436,0
2038.538,0
2038.641,0
2038.743,1
2038.846,1
2038.948,1
2039.051,1
2039.154,0
2039.256,0
2039.359,0
2039.461,0
2039.564,0
2039.666,0
2039.769,0
2039.872,0
2039.974,0
2040.077,0
2040.179,0
2040.282,0
2040.385,0
2040.487,1
2040.59,1
2040.692,1
2040.795,1
2040.898,0
2041,0
2041.103,1
2041.205,1
2041.308,1
2041.411,1
2041.513,0
2041.616,0
2041.719,0
2041.821,0
2041.924,0
2042.026,0
2042.129,0
2042.232,1
2042.334,1
2042.437,1
2042.54,1
2042.642,0
2042.745,0
2042.848,1
2042.95,1
2043.053,1
2043.156,1
2043.258,0
2043.361,0
2043.464,0
2043.566,0
2043.669,1
2043.772,2
2043.874,2
2043.977,2
2044.08,1
2044.182,0
2044.285,0
2044.388,0
2044.491,0
2044.593,0
2044.696,0
2044.799,0
2044.901,1
2045.004,2
2045.107,2
2045.21,2
2045.312,2
2045.415,3
2045.518,4
2045.62,5
2045.723,5
2045.826,6
2045.929,5
2046.031,4
2046.134,3
2046.237,1
2046.34,1
2046.442,1
2046.545,1
2046.648,0
2046.751,0
2046.853,0
2046.956,1
2047.059,2
2047.162,2
2047.264,2
2047.367,1
2047.47,0
2047.573,0
2047.676,0
2047.778,0
2047.881,0
2047.984,0
2048.087,0
2048.19,0
2048.292,1
2048.395,1
2048.498,1
2048.601,1
2048.704,1
2048.806,1
2048.909,2
2049.012,2
2049.115,1
2049.218,1
2049.321,0
2049.423,0
2049.526,0
2049.629,0
2049.732,0
2049.835,0
2049.938,1
2050.04,1
2050.143,1
2050.246,1
2050.349,0
2050.452,0
2050.555,0
2050.657,0
2050.76,1
2050.863,1
2050.966,1
2051.069,1
2051.172,1
2051.275,1
2051.378,1
2051.48,1
2051.583,0
2051.686,0
2051.789,0
2051.892,0
2051.995,0
2052.098,0
2052.201,0
2052.304,0
2052.407,0
2052.509,0
2052.612,0
2052.715,0
2052.818,1
2052.921,1
2053.024,1
2053.127,3
2053.23,2
2053.333,2
2053.436,2
2053.539,4
2053.642,3
2053.745,2
2053.847,1
2053.95,1
2054.053,1
2054.156,1
2054.259,1
2054.362,0
2054.465,0
2054.568,0
2054.671,0
2054.774,0
2054.877,2
2054.98,2
2055.083,2
2055.186,4
2055.289,2
2055.392,2
2055.495,3
2055.598,1
2055.701,1
2055.804,1
2055.907,0
2056.01,0
2056.113,0
2056.216,0
2056.319,0
2056.422,0
2056.525,0
2056.628,0
2056.731,0
2056.834,1
2056.937,1
2057.04,1
2057.143,1
2057.246,0
2057.349,0
2057.452,0
2057.555,0
2057.658,0
2057.761,0
2057.864,0
2057.967,0
2058.07,0
2058.173,0
2058.276,0
2058.38,0
2058.483,0
2058.586,0
2058.689,0
2058.792,0
2058.895,0
2058.998,0
2059.101,0
2059.204,0
2059.307,1
2059.41,1
2059.513,2
2059.616,2
2059.72,4
2059.823,4
2059.926,3
2060.029,3
2060.132,0
2060.235,0
2060.338,1
2060.441,2
2060.544,3
2060.647,4
2060.751,4
2060.854,3
2060.957,2
2061.06,1
2061.163,0
2061.266,0
2061.369,0
2061.472,0
2061.576,0
2061.679,0
2061.782,0
2061.885,0
2061.988,0
2062.091,0
2062.195,1
2062.298,1
2062.401,1
2062.504,1
2062.607,1
2062.71,1
2062.814,2
2062.917,2
2063.02,1
2063.123,1
2063.226,0
2063.329,0
2063.433,0
2063.536,0
2063.639,0
2063.742,0
2063.845,0
2063.949,0
2064.052,0
2064.155,0
2064.258,0
2064.361,1
2064.465,3
2064.568,4
2064.671,7
2064.774,8
2064.877,7
2064.981,7
2065.084,5
2065.187,4
2065.29,3
2065.394,2
2065.497,1
2065.6,0
2065.703,0
2065.807,0
2065.91,0
2066.013,0
2066.116,0
2066.22,0
2066.323,4
2066.426,4
2066.529,4
2066.633,4
2066.736,1
2066.839,1
2066.943,1
2067.046,1
2067.149,1
2067.252,1
2067.356,1
2067.459,1
2067.562,0
2067.666,0
2067.769,0
2067.872,1
2067.975,1
2068.079,1
2068.182,1
2068.285,0
2068.389,1
2068.492,1
2068.595,1
2068.699,1
2068.802,0
2068.905,0
2069.009,1
2069.112,1
2069.215,1
2069.319,1
2069.422,0
2069.525,0
2069.629,0
2069.732,0
2069.835,2
2069.939,4
2070.042,6
2070.145,11
2070.249,10
2070.352,9
2070.456,9
2070.559,5
2070.662,4
2070.766,3
2070.869,2
2070.972,1
2071.076,2
2071.179,2
2071.283,1
2071.386,1
2071.489,0
2071.593,0
2071.696,0
2071.8,0
2071.903,0
2072.006,0
2072.11,0
2072.213,1
2072.317,1
2072.42,1
2072.523,1
2072.627,0
2072.73,0
2072.834,0
2072.937,0
2073.041,0
2073.144,0
2073.247,0
2073.351,0
2073.454,0
2073.558,0
2073.661,0
2073.765,0
2073.868,0
2073.972,0
2074.075,0
2074.179,0
2074.282,0
2074.385,0
2074.489,0
2074.592,0
2074.696,0
2074.799,0
2074.903,0
2075.006,0
2075.11,0
2075.213,0
2075.317,0
2075.42,1
2075.524,1
2075.627,1
2075.731,1
2075.834,0
2075.938,1
2076.041,1
2076.145,1
2076.248,1
2076.352,0
2076.455,0
2076.559,0
2076.662,0
2076.766,0
2076.869,0
2076.973,0
2077.077,1
2077.18,3
2077.284,5
2077.387,7
2077.491,8
2077.594,7
2077.698,6
2077.801,5
2077.905,4
2078.009,3
2078.112,2
2078.216,1
2078.319,0
2078.423,1
2078.526,1
2078.63,2
2078.733,2
2078.837,1
2078.941,1
2079.044,0
2079.148,0
2079.251,1
2079.355,1
2079.459,1
2079.562,1
2079.666,0
2079.769,0
2079.873,0
2079.977,0
2080.08,0
2080.184,0
2080.287,0
2080.391,0
2080.495,0
2080.598,0
2080.702,0
2080.806,0
2080.909,0
2081.013,0
2081.117,0
2081.22,0
2081.324,1
2081.427,1
2081.531,1
2081.635,1
2081.738,0
2081.842,0
2081.946,0
2082.049,0
2082.153,0
2082.257,0
2082.36,0
2082.464,0
2082.568,0
2082.671,2
2082.775,2
2082.879,2
2082.982,2
2083.086,0
2083.19,3
2083.294,4
2083.397,4
2083.501,4
2083.605,2
2083.708,2
2083.812,5
2083.916,9
2084.02,12
2084.123,16
2084.227,15
2084.331,14
2084.434,13
2084.538,10
2084.642,14
2084.746,12
2084.849,11
2084.953,6
2085.057,1
2085.161,1
2085.264,0
2085.368,0
2085.472,0
2085.576,0
2085.679,0
2085.783,0
2085.887,0
2085.991,0
2086.094,0
2086.198,0
2086.302,0
2086.406,1
2086.509,1
2086.613,2
2086.717,2
2086.821,1
2086.925,1
2087.028,0
2087.132,1
2087.236,1
2087.34,1
2087.444,2
2087.547,1
2087.651,1
2087.755,1
2087.859,0
2087.963,1
2088.066,2
2088.17,3
2088.274,4
2088.378,5
2088.482,5
2088.586,5
2088.689,7
2088.793,8
2088.897,11
2089.001,14
2089.105,15
2089.209,18
2089.312,15
2089.416,12
2089.52,9
2089.624,6
2089.728,6
2089.832,6
2089.936,2
2090.039,4
2090.143,6
2090.247,8
2090.351,13
2090.455,11
2090.559,10
2090.663,9
2090.767,6
2090.87,5
2090.974,5
2091.078,5
2091.182,4
2091.286,4
2091.39,10
2091.494,9
2091.598,9
2091.702,9
2091.806,2
2091.909,2
2092.013,1
2092.117,0
2092.221,0
2092.325,0
2092.429,0
2092.533,1
2092.637,2
2092.741,2
2092.845,2
2092.949,1
2093.053,1
2093.157,1
2093.261,2
2093.365,2
2093.469,1
2093.572,1
2093.676,0
2093.78,0
2093.884,0
2093.988,0
2094.092,0
2094.196,0
2094.3,0
2094.404,0
2094.508,0
2094.612,2
2094.716,4
2094.82,5
2094.924,7
2095.028,5
2095.132,3
2095.236,2
2095.34,0
2095.444,0
2095.548,0
2095.652,0
2095.756,1
2095.86,1
2095.964,1
2096.068,1
2096.172,0
2096.276,0
2096.38,0
2096.484,0
2096.588,0
2096.692,0
2096.796,0
2096.9,0
2097.005,1
2097.109,1
2097.213,2
2097.317,2
2097.421,1
2097.525,2
2097.629,1
2097.733,1
2097.837,1
2097.941,0
2098.045,0
2098.149,0
2098.253,0
2098.357,0
2098.461,1
2098.565,2
2098.67,3
2098.774,4
2098.878,3
2098.982,2
2099.086,1
2099.19,0
2099.294,0
2099.398,0
2099.502,1
2099.606,4
2099.711,4
2099.815,4
2099.919,3
2100.023,0
2100.127,0
2100.231,0
2100.335,0
2100.439,0
2100.544,0
2100.648,0
2100.752,0
2100.856,1
2100.96,1
2101.064,1
2101.168,1
2101.273,0
2101.377,0
2101.481,0
2101.585,0
2101.689,0
2101.793,0
2101.898,0
2102.002,0
2102.106,0
2102.21,0
2102.314,0
2102.418,0
2102.523,0
2102.627,0
2102.731,0
2102.835,0
2102.939,0
2103.044,0
2103.148,1
2103.252,1
2103.356,2
2103.46,2
2103.565,1
2103.669,2
2103.773,1
2103.877,1
2103.981,1
2104.086,0
2104.19,0
2104.294,0
2104.398,0
2104.503,1
2104.607,2
2104.711,2
2104.815,2
2104.92,1
2105.024,0
2105.128,0
2105.232,1
2105.337,1
2105.441,3
2105.545,3
2105.649,2
2105.754,2
2105.858,0
2105.962,0
2106.066,0
2106.171,0
2106.275,0
2106.379,0
2106.484,0
2106.588,0
2106.692,0
2106.796,0
2106.901,0
2107.005,0
2107.109,0
2107.214,0
2107.318,0
2107.422,0
2107.527,0
2107.631,0
2107.735,0
2107.84,0
2107.944,0
2108.048,0
2108.152,0
2108.257,2
2108.361,2
2108.465,2
2108.57,2
2108.674,0
2108.779,0
2108.883,0
2108.987,0
2109.092,0
2109.196,0
2109.3,0
2109.405,2
2109.509,3
2109.613,3
2109.718,3
2109.822,1
2109.926,1
2110.031,1
2110.135,1
2110.24,1
2110.344,0
2110.448,0
2110.553,0
2110.657,0
2110.762,0
2110.866,0
2110.97,0
2111.075,0
2111.179,0
2111.284,0
2111.388,0
2111.492,1
2111.597,1
2111.701,2
2111.806,2
2111.91,1
2112.014,1
2112.119,0
2112.223,0
2112.328,0
2112.432,0
2112.537,3
2112.641,3
2112.745,3
2112.85,3
2112.954,3
2113.059,3
2113.163,3
2113.268,3
2113.372,0
2113.477,0
2113.581,1
2113.686,1
2113.79,2
2113.895,2
2113.999,1
2114.103,1
2114.208,0
2114.312,0
2114.417,0
2114.521,0
2114.626,0
2114.73,0
2114.835,0
2114.939,0
2115.044,0
2115.148,0
2115.253,0
2115.357,0
2115.462,0
2115.566,0
2115.671,0
2115.775,0
2115.88,1
2115.985,1
2116.089,1
2116.194,1
2116.298,0
2116.403,0
2116.507,0
2116.612,0
2116.716,0
2116.821,0
2116.925,0
2117.03,0
2117.134,0
2117.239,0
2117.344,0
2117.448,0
2117.553,0
2117.657,0
2117.762,0
2117.866,0
2117.971,1
2118.076,1
2118.18,1
2118.285,1
2118.389,0
2118.494,0
2118.599,0
2118.703,1
2118.808,1
2118.912,1
2119.017,1
2119.122,0
2119.226,0
2119.331,0
2119.435,0
2119.54,0
2119.645,0
2119.749,0
2119.854,0
2119.958,0
2120.063,0
2120.168,0
2120.272,0
2120.377,0
2120.482,0
2120.586,1
2120.691,1
2120.796,2
2120.9,2
2121.005,1
2121.11,1
2121.214,0
2121.319,0
2121.423,0
2121.528,0
2121.633,0
2121.737,0
2121.842,0
2121.947,0
2122.052,0
2122.156,0
2122.261,0
2122.366,0
2122.47,0
2122.575,0
2122.68,0
2122.784,0
2122.889,1
2122.994,1
2123.098,1
2123.203,1
2123.308,0
2123.413,0
2123.517,0
2123.622,0
2123.727,0
2123.831,0
2123.936,0
2124.041,0
2124.146,0
2124.25,0
2124.355,0
2124.46,0
2124.565,0
2124.669,0
2124.774,0
2124.879,0
2124.984,0
2125.088,0
2125.193,1
2125.298,2
2125.403,3
2125.507,6
2125.612,6
2125.717,6
2125.822,6
2125.926,4
2126.031,3
2126.136,2
2126.241,1
2126.346,0
2126.45,0
2126.555,0
2126.66,0
2126.765,0
2126.87,0
2126.974,0
2127.079,2
2127.184,2
2127.289,2
2127.394,2
2127.498,1
2127.603,2
2127.708,3
2127.813,4
2127.918,4
2128.023,6
2128.127,5
2128.232,4
2128.337,3
2128.442,1
2128.547,1
2128.652,1
2128.756,1
2128.861,0
2128.966,0
2129.071,0
2129.176,4
2129.281,4
2129.386,4
2129.49,4
2129.595,0
2129.7,1
2129.805,2
2129.91,3
2130.015,6
2130.12,6
2130.225,6
2130.329,6
2130.434,5
2130.539,4
2130.644,3
2130.749,2
2130.854,0
2130.959,0
2131.064,0
2131.169,0
2131.274,1
2131.379,2
2131.483,2
2131.588,2
2131.693,2
2131.798,1
2131.903,1
2132.008,1
2132.113,0
2132.218,0
2132.323,0
2132.428,0
2132.533,0
2132.638,3
2132.743,3
2132.848,3
2132.953,3
2133.057,0
2133.162,0
2133.267,0
2133.372,0
2133.477,0
2133.582,0
2133.687,0
2133.792,0
2133.897,0
2134.002,0
2134.107,0
2134.212,0
2134.317,0
2134.422,0
2134.527,1
2134.632,1
2134.737,1
2134.842,1
2134.947,0
2135.052,0
2135.157,3
2135.262,3
2135.367,3
2135.472,4
2135.577,3
2135.682,3
2135.787,3
2135.892,2
2135.997,1
2136.102,1
2136.207,1
2136.312,1
2136.417,0
2136.523,1
2136.628,2
2136.733,3
2136.838,4
2136.943,3
2137.048,2
2137.153,1
2137.258,0
2137.363,0
2137.468,0
2137.573,0
2137.678,0
2137.783,0
2137.888,1
2137.993,1
2138.099,1
2138.204,1
2138.309,0
2138.414,0
2138.519,0
2138.624,0
2138.729,0
2138.834,0
2138.939,0
2139.044,0
2139.149,0
2139.255,0
2139.36,0
2139.465,0
2139.57,0
2139.675,0
2139.78,0
2139.885,0
2139.99,0
2140.096,0
2140.201,0
2140.306,0
2140.411,0
2140.516,0
2140.621,0
2140.726,0
2140.832,0
2140.937,0
2141.042,0
2141.147,0
2141.252,0
2141.357,1
2141.463,1
2141.568,1
2141.673,1
2141.778,0
2141.883,0
2141.988,0
2142.094,0
2142.199,0
2142.304,0
2142.409,0
2142.514,0
2142.62,0
2142.725,1
2142.83,2
2142.935,3
2143.04,6
2143.146,7
2143.251,6
2143.356,5
2143.461,2
2143.566,3
2143.672,3
2143.777,3
2143.882,3
2143.987,1
2144.093,1
2144.198,1
2144.303,1
2144.408,0
2144.514,0
2144.619,0
2144.724,0
2144.829,0
2144.935,0
2145.04,0
2145.145,0
2145.25,0
2145.356,0
2145.461,0
2145.566,0
2145.671,0
2145.777,0
2145.882,0
2145.987,0
2146.093,0
2146.198,0
2146.303,0
2146.408,0
2146.514,0
2146.619,0
2146.724,0
2146.83,0
2146.935,0
2147.04,0
2147.146,1
2147.251,2
2147.356,3
2147.462,3
2147.567,2
2147.672,1
2147.777,0
2147.883,0
2147.988,0
2148.093,0
2148.199,0
2148.304,0
2148.41,0
2148.515,0
2148.62,0
2148.726,0
2148.831,0
2148.936,0
2149.042,0
2149.147,0
2149.252,0
2149.358,4
2149.463,4
2149.568,4
2149.674,4
2149.779,1
2149.885,1
2149.99,1
2150.095,1
2150.201,0
2150.306,0
2150.412,0
2150.517,0
2150.622,0
2150.728,0
2150.833,0
2150.939,0
2151.044,0
2151.149,0
2151.255,0
2151.36,0
2151.466,0
2151.571,1
2151.676,1
2151.782,1
2151.887,1
2151.993,0
2152.098,2
2152.204,4
2152.309,6
2152.414,11
2152.52,11
2152.625,10
2152.731,9
2152.836,8
2152.942,6
2153.047,5
2153.153,4
2153.258,0
2153.364,0
2153.469,0
2153.575,1
2153.68,1
2153.785,1
2153.891,1
2153.996,1
2154.102,1
2154.207,1
2154.313,1
2154.418,0
2154.524,0
2154.629,0
2154.735,0
2154.84,1
2154.946,1
2155.051,1
2155.157,1
2155.262,0
2155.368,0
2155.473,0
2155.579,0
2155.685,1
2155.79,1
2155.896,1
2156.001,1
2156.107,1
2156.212,1
2156.318,1
2156.423,1
2156.529,1
2156.634,1
2156.74,1
2156.845,1
2156.951,0
2157.057,0
2157.162,0
2157.268,0
2157.373,0
2157.479,0
2157.584,0
2157.69,0
2157.796,0
2157.901,0
2158.007,0
2158.112,2
2158.218,4
2158.324,6
2158.429,8
2158.535,7
2158.64,6
2158.746,5
2158.852,1
2158.957,1
2159.063,1
2159.168,1
2159.274,0
2159.38,0
2159.485,0
2159.591,1
2159.696,1
2159.802,1
2159.908,1
2160.013,0
2160.119,2
2160.225,2
2160.33,3
2160.436,6
2160.542,6
2160.647,6
2160.753,5
2160.859,7
2160.964,5
2161.07,5
2161.175,9
2161.281,7
2161.387,6
2161.492,5
2161.598,3
2161.704,3
2161.81,3
2161.915,3
2162.021,1
2162.127,1
2162.232,1
2162.338,1
2162.444,2
2162.549,4
2162.655,6
2162.761,8
2162.866,10
2162.972,9
2163.078,8
2163.184,7
2163.289,6
2163.395,5
2163.501,4
2163.606,3
2163.712,1
2163.818,3
2163.924,3
2164.029,3
2164.135,2
2164.241,0
2164.347,0
2164.452,0
2164.558,0
2164.664,0
2164.77,0
2164.875,0
2164.981,2
2165.087,2
2165.193,2
2165.298,2
2165.404,1
2165.51,1
2165.616,2
2165.721,2
2165.827,1
2165.933,3
2166.039,2
2166.145,3
2166.25,4
2166.356,4
2166.462,8
2166.568,7
2166.674,6
2166.779,4
2166.885,3
2166.991,3
2167.097,3
2167.203,3
2167.308,0
2167.414,0
2167.52,0
2167.626,0
2167.732,0
2167.838,0
2167.943,0
2168.049,0
2168.155,0
2168.261,0
2168.367,1
2168.473,1
2168.578,1
2168.684,1
2168.79,0
2168.896,0
2169.002,0
2169.108,0
2169.214,1
2169.319,1
2169.425,1
2169.531,1
2169.637,0
2169.743,1
2169.849,2
2169.955,3
2170.061,5
2170.166,4
2170.272,3
2170.378,2
2170.484,1
2170.59,1
2170.696,1
2170.802,1
2170.908,0
2171.014,2
2171.12,2
2171.226,2
2171.331,2
2171.437,0
2171.543,0
2171.649,0
2171.755,0
2171.861,0
2171.967,0
2172.073,0
2172.179,0
2172.285,1
2172.391,1
2172.497,1
2172.603,1
2172.709,3
2172.815,3
2172.921,3
2173.026,3
2173.132,0
2173.238,3
2173.344,3
2173.45,4
2173.556,4
2173.662,3
2173.768,3
2173.874,2
2173.98,2
2174.086,0
2174.192,0
2174.298,0
2174.404,0
2174.51,0
2174.616,0
2174.722,0
2174.828,0
2174.934,0
2175.04,0
2175.146,0
2175.252,2
2175.358,2
2175.464,2
2175.57,2
2175.676,5
2175.782,4
2175.888,3
2175.994,2
2176.1,0
2176.206,0
2176.313,0
2176.419,0
2176.525,0
2176.631,0
2176.737,0
2176.843,0
2176.949,0
2177.055,1
2177.161,1
2177.267,2
2177.373,2
2177.479,1
2177.585,1
2177.691,3
2177.797,3
2177.903,3
2178.01,3
2178.116,0
2178.222,0
2178.328,0
2178.434,0
2178.54,0
2178.646,0
2178.752,0
2178.858,0
2178.964,0
2179.071,0
2179.177,0
2179.283,1
2179.389,1
2179.495,1
2179.601,1
2179.707,0
2179.813,0
2179.919,0
2180.026,1
2180.132,1
2180.238,2
2180.344,2
2180.45,1
2180.556,1
2180.662,0
2180.769,0
2180.875,2
2180.981,3
2181.087,4
2181.193,6
2181.299,8
2181.406,7
2181.512,6
2181.618,4
2181.724,0
2181.83,0
2181.936,1
2182.043,1
2182.149,6
2182.255,6
2182.361,5
2182.467,5
2182.574,3
2182.68,3
2182.786,3
2182.892,3
2182.998,0
2183.105,0
2183.211,0
2183.317,0
2183.423,0
2183.53,0
2183.636,0
2183.742,0
2183.848,0
2183.954,0
2184.061,0
2184.167,1
2184.273,1
2184.379,1
2184.486,1
2184.592,0
2184.698,0
2184.804,0
2184.911,2
2185.017,2
2185.123,2
2185.229,2
2185.336,3
2185.442,3
2185.548,3
2185.655,3
2185.761,0
2185.867,0
2185.973,1
2186.08,1
2186.186,1
2186.292,1
2186.399,1
2186.505,1
2186.611,1
2186.717,1
2186.824,0
2186.93,0
2187.036,2
2187.143,2
2187.249,2
2187.355,2
2187.462,0
2187.568,0
2187.674,0
2187.781,0
2187.887,0
2187.993,0
2188.1,0
2188.206,0
2188.312,0
2188.419,0
2188.525,0
2188.631,0
2188.738,0
2188.844,0
2188.95,2
2189.057,4
2189.163,7
2189.269,9
2189.376,11
2189.482,9
2189.589,6
2189.695,4
2189.801,1
2189.908,1
2190.014,1
2190.12,1
2190.227,0
2190.333,0
2190.44,0
2190.546,0
2190.652,0
2190.759,0
2190.865,0
2190.972,0
2191.078,0
2191.184,0
2191.291,1
2191.397,1
2191.504,1
2191.61,1
2191.717,1
2191.823,1
2191.929,1
2192.036,1
2192.142,0
2192.249,0
2192.355,0
2192.462,1
2192.568,3
2192.674,3
2192.781,3
2192.887,3
2192.994,1
2193.1,1
2193.207,1
2193.313,0
2193.42,0
2193.526,0
2193.633,0
2193.739,0
2193.846,0
2193.952,0
2194.059,0
2194.165,0
2194.272,0
2194.378,0
2194.485,0
2194.591,0
2194.698,0
2194.804,1
2194.911,1
2195.017,1
2195.124,1
2195.23,0
2195.337,0
2195.443,0
2195.55,0
2195.656,0
2195.763,0
2195.869,0
2195.976,0
2196.082,0
2196.189,0
2196.295,0
2196.402,0
2196.508,0
2196.615,0
2196.721,0
2196.828,0
2196.935,0
2197.041,0
2197.148,0
2197.254,0
2197.361,0
2197.467,0
2197.574,0
2197.681,0
2197.787,0
2197.894,0
2198,0
2198.107,0
2198.213,0
2198.32,0
2198.427,0
2198.533,0
2198.64,0
2198.746,0
2198.853,0
2198.96,0
2199.066,0
2199.173,0
2199.279,0
2199.386,0
2199.493,0
2199.599,0
2199.706,0
2199.813,0
2199.919,0
2200.026,0
2200.132,0
2200.239,0
2200.346,0
2200.452,0
2200.559,0
2200.666,0
2200.772,1
2200.879,1
2200.986,2
2201.092,2
2201.199,1
2201.306,1
2201.412,0
2201.519,0
2201.626,0
2201.732,0
2201.839,0
2201.946,0
2202.052,0
2202.159,0
2202.266,0
2202.372,0
2202.479,0
2202.586,0
2202.693,0
2202.799,0
2202.906,0
2203.013,0
2203.119,0
2203.226,0
2203.333,0
2203.439,1
2203.546,1
2203.653,1
2203.76,1
2203.866,0
2203.973,0
2204.08,0
2204.187,0
2204.293,0
2204.4,0
2204.507,0
2204.614,0
2204.72,0
2204.827,0
2204.934,0
2205.041,0
2205.147,0
2205.254,0
2205.361,0
2205.468,0
2205.574,0
2205.681,0
2205.788,1
2205.895,2
2206.001,2
2206.108,2
2206.215,1
2206.322,2
2206.429,2
2206.535,2
2206.642,2
2206.749,0
2206.856,0
2206.963,0
2207.069,0
2207.176,0
2207.283,0
2207.39,0
2207.497,0
2207.603,0
2207.71,0
2207.817,0
2207.924,0
2208.031,0
2208.138,0
2208.244,1
2208.351,1
2208.458,1
2208.565,1
2208.672,0
2208.779,0
2208.886,0
2208.992,0
2209.099,0
2209.206,0
2209.313,0
2209.42,0
2209.527,0
2209.634,0
2209.74,0
2209.847,1
2209.954,1
2210.061,1
2210.168,1
2210.275,0
2210.382,0
2210.489,0
2210.596,0
2210.702,0
2210.809,0
2210.916,0
2211.023,0
2211.13,0
2211.237,0
2211.344,0
2211.451,0
2211.558,0
2211.665,0
2211.772,0
2211.878,0
2211.985,0
2212.092,0
2212.199,0
2212.306,0
2212.413,0
2212.52,0
2212.627,0
2212.734,0
2212.841,0
2212.948,0
2213.055,3
2213.162,3
2213.269,3
2213.376,3
2213.483,0
2213.59,0
2213.697,0
2213.804,0
2213.911,0
2214.018,0
2214.124,0
2214.231,0
2214.338,0
2214.445,0
2214.552,0
2214.659,0
2214.766,2
2214.873,2
2214.98,3
2215.087,4
2215.194,4
2215.301,6
2215.408,5
2215.515,4
2215.623,2
2215.73,0
2215.837,0
2215.944,0
2216.051,0
2216.158,0
2216.265,0
2216.372,0
2216.479,0
2216.586,0
2216.693,0
2216.8,0
2216.907,0
2217.014,0
2217.121,0
2217.228,0
2217.335,0
2217.442,0
2217.549,0
2217.656,0
2217.763,0
2217.871,0
2217.978,0
2218.085,0
2218.192,0
2218.299,0
2218.406,0
2218.513,0
2218.62,0
2218.727,0
2218.834,0
2218.941,0
2219.049,0
2219.156,0
2219.263,0
2219.37,0
2219.477,0
2219.584,0
2219.691,0
2219.798,0
2219.905,0
2220.013,0
2220.12,0
2220.227,0
2220.334,0
2220.441,0
2220.548,0
2220.655,0
2220.763,0
2220.87,0
2220.977,0
2221.084,0
2221.191,0
2221.298,0
2221.405,0
2221.513,0
2221.62,0
2221.727,0
2221.834,0
2221.941,0
2222.048,0
2222.156,0
2222.263,0
2222.37,0
2222.477,1
2222.584,1
2222.692,1
2222.799,1
2222.906,2
2223.013,2
2223.12,2
2223.228,2
2223.335,0
2223.442,0
2223.549,0
2223.656,0
2223.764,0
2223.871,0
2223.978,0
2224.085,0
2224.193,0
2224.3,2
2224.407,3
2224.514,3
2224.622,3
2224.729,4
2224.836,3
2224.943,3
2225.051,3
2225.158,0
2225.265,0
2225.372,0
2225.48,0
2225.587,0
2225.694,0
2225.801,0
2225.909,0
2226.016,0
2226.123,0
2226.23,0
2226.338,0
2226.445,0
2226.552,0
2226.66,0
2226.767,0
2226.874,0
2226.981,0
2227.089,0
2227.196,0
2227.303,0
2227.411,0
2227.518,0
2227.625,0
2227.733,0
2227.84,0
2227.947,0
2228.055,0
2228.162,0
2228.269,0
2228.377,0
2228.484,0
2228.591,0
2228.699,0
2228.806,0
2228.913,0
2229.021,0
2229.128,0
2229.235,0
2229.343,0
2229.45,0
2229.557,0
2229.665,0
2229.772,0
2229.88,0
2229.987,0
2230.094,0
2230.202,0
2230.309,1
2230.416,1
2230.524,1
2230.631,1
2230.739,0
2230.846,0
2230.953,0
2231.061,0
2231.168,1
2231.276,2
2231.383,3
2231.49,6
2231.598,7
2231.705,8
2231.813,9
2231.92,10
2232.028,9
2232.135,9
2232.242,8
2232.35,4
2232.457,4
2232.565,3
2232.672,3
2232.78,0
2232.887,0
2232.994,0
2233.102,0
2233.209,0
2233.317,0
2233.424,1
2233.532,1
2233.639,1
2233.747,1
2233.854,0
2233.962,0
2234.069,1
2234.177,1
2234.284,1
2234.392,1
2234.499,0
2234.607,0
2234.714,0
2234.822,0
2234.929,0
2235.036,0
2235.144,0
2235.252,0
2235.359,0
2235.467,0
2235.574,0
2235.682,0
2235.789,0
2235.897,1
2236.004,2
2236.112,3
2236.219,5
2236.327,5
2236.434,5
2236.542,6
2236.649,5
2236.757,4
2236.864,3
2236.972,1
2237.079,0
2237.187,0
2237.295,0
2237.402,0
2237.51,0
2237.617,0
2237.725,0
2237.832,0
2237.94,0
2238.048,0
2238.155,0
2238.263,0
2238.37,0
2238.478,0
2238.585,0
2238.693,0
2238.801,0
2238.908,0
2239.016,0
2239.123,0
2239.231,0
2239.339,0
2239.446,0
2239.554,0
2239.661,0
2239.769,0
2239.877,0
2239.984,0
2240.092,0
2240.2,0
2240.307,1
2240.415,1
2240.522,1
2240.63,1
2240.738,0
2240.845,0
2240.953,0
2241.061,1
2241.168,1
2241.276,1
2241.384,1
2241.491,0
2241.599,0
2241.707,0
2241.814,2
2241.922,3
2242.03,3
2242.137,3
2242.245,1
2242.353,0
2242.46,0
2242.568,0
2242.676,0
2242.783,0
2242.891,0
2242.999,0
2243.106,0
2243.214,0
2243.322,0
2243.43,0
2243.537,0
2243.645,0
2243.753,0
2243.86,0
2243.968,0
2244.076,0
2244.184,0
2244.291,0
2244.399,0
2244.507,0
2244.614,0
2244.722,0
2244.83,0
2244.938,0
2245.045,0
2245.153,0
2245.261,0
2245.369,0
2245.476,0
2245.584,0
2245.692,0
2245.8,0
2245.907,0
2246.015,0
2246.123,0
2246.231,0
2246.339,0
2246.446,0
2246.554,0
2246.662,0
2246.77,0
2246.877,0
2246.985,0
2247.093,0
2247.201,0
2247.309,1
2247.416,1
2247.524,2
2247.632,2
2247.74,1
2247.848,1
2247.956,0
2248.063,0
2248.171,0
2248.279,2
2248.387,3
2248.495,4
2248.602,5
2248.71,4
2248.818,9
2248.926,8
2249.034,7
2249.142,6
2249.25,1
2249.357,1
2249.465,2
2249.573,2
2249.681,1
2249.789,1
2249.897,0
2250.005,0
2250.112,0
2250.22,0
2250.328,0
2250.436,0
2250.544,0
2250.652,0
2250.76,0
2250.868,0
2250.975,0
2251.083,0
2251.191,0
2251.299,0
2251.407,0
2251.515,0
2251.623,0
2251.731,0
2251.839,0
2251.947,1
2252.054,1
2252.162,1
2252.27,1
2252.378,0
2252.486,0
2252.594,0
2252.702,0
2252.81,0
2252.918,0
2253.026,2
2253.134,2
2253.242,2
2253.35,2
2253.458,0
2253.566,0
2253.674,0
2253.782,0
2253.889,1
2253.997,1
2254.105,1
2254.213,1
2254.321,1
2254.429,1
2254.537,1
2254.645,1
2254.753,1
2254.861,1
2254.969,1
2255.077,1
2255.185,0
2255.293,0
2255.401,0
2255.509,0
2255.617,0
2255.725,0
2255.833,0
2255.941,0
2256.049,0
2256.157,0
2256.265,0
2256.373,0
2256.481,0
2256.589,1
2256.697,1
2256.805,1
2256.913,1
2257.022,0
2257.13,0
2257.238,0
2257.346,0
2257.454,1
2257.562,1
2257.67,1
2257.778,3
2257.886,3
2257.994,4
2258.102,5
2258.21,9
2258.318,7
2258.426,5
2258.534,3
2258.642,1
2258.751,1
2258.859,1
2258.967,1
2259.075,0
2259.183,0
2259.291,0
2259.399,0
2259.507,0
2259.615,0
2259.723,0
2259.831,0
2259.94,0
2260.048,0
2260.156,0
2260.264,1
2260.372,1
2260.48,1
2260.588,1
2260.696,0
2260.805,0
2260.913,0
2261.021,0
2261.129,0
2261.237,0
2261.345,0
2261.453,0
2261.562,0
2261.67,0
2261.778,0
2261.886,0
2261.994,0
2262.102,0
2262.21,0
2262.319,0
2262.427,0
2262.535,0
2262.643,0
2262.751,0
2262.86,0
2262.968,0
2263.076,0
2263.184,0
2263.292,0
2263.401,3
2263.509,3
2263.617,3
2263.725,3
2263.833,2
2263.942,2
2264.05,2
2264.158,2
2264.266,2
2264.374,2
2264.483,2
2264.591,2
2264.699,1
2264.807,1
2264.916,1
2265.024,1
2265.132,0
2265.24,1
2265.348,1
2265.457,1
2265.565,1
2265.673,0
2265.781,0
2265.89,0
2265.998,0
2266.106,0
2266.215,0
2266.323,0
2266.431,0
2266.539,0
2266.648,0
2266.756,1
2266.864,1
2266.972,1
2267.081,3
2267.189,2
2267.297,2
2267.406,2
2267.514,0
2267.622,0
2267.73,0
2267.839,0
2267.947,0
2268.055,0
2268.164,0
2268.272,0
2268.38,0
2268.489,0
2268.597,0
2268.705,0
2268.814,0
2268.922,0
2269.03,0
2269.139,2
2269.247,2
2269.355,2
2269.464,2
2269.572,0
2269.68,0
2269.789,0
2269.897,0
2270.005,0
2270.114,0
2270.222,0
2270.331,0
2270.439,0
2270.547,0
2270.656,0
2270.764,0
2270.872,0
2270.981,1
2271.089,2
2271.198,5
2271.306,9
2271.414,8
2271.523,7
2271.631,4
2271.739,0
2271.848,0
2271.956,0
2272.065,0
2272.173,0
2272.282,0
2272.39,0
2272.498,0
2272.607,0
2272.715,0
2272.824,0
2272.932,0
2273.04,0
2273.149,0
2273.257,0
2273.366,0
2273.474,0
2273.583,0
2273.691,0
2273.8,0
2273.908,0
2274.016,0
2274.125,0
2274.233,1
2274.342,1
2274.45,1
2274.559,1
2274.667,0
2274.776,0
2274.884,0
2274.993,0
2275.101,0
2275.21,2
2275.318,2
2275.427,2
2275.535,2
2275.644,3
2275.752,3
2275.861,3
2275.969,3
2276.078,0
2276.186,0
2276.295,0
2276.403,1
2276.512,1
2276.62,1
2276.729,1
2276.837,1
2276.946,1
2277.054,1
2277.163,1
2277.271,0
2277.38,1
2277.488,1
2277.597,1
2277.706,1
2277.814,0
2277.923,0
2278.031,0
2278.14,1
2278.248,1
2278.357,2
2278.465,3
2278.574,3
2278.683,6
2278.791,5
2278.9,4
2279.008,3
2279.117,0
2279.225,0
2279.334,0
2279.443,0
2279.551,1
2279.66,1
2279.768,1
2279.877,1
2279.986,0
2280.094,1
2280.203,1
2280.311,3
2280.42,3
2280.529,3
2280.637,3
2280.746,1
2280.855,1
2280.963,0
2281.072,0
2281.18,0
2281.289,0
2281.398,0
2281.506,0
2281.615,0
2281.724,0
2281.832,0
2281.941,0
2282.05,1
2282.158,1
2282.267,2
2282.375,3
2282.484,3
2282.593,4
2282.701,3
2282.81,3
2282.919,3
2283.027,3
2283.136,5
2283.245,4
2283.354,5
2283.462,7
2283.571,9
2283.68,12
2283.788,14
2283.897,16
2284.006,13
2284.114,11
2284.223,8
2284.332,3
2284.441,3
2284.549,2
2284.658,4
2284.767,6
2284.875,6
2284.984,7
2285.093,10
2285.202,7
2285.31,5
2285.419,3
2285.528,0
2285.636,0
2285.745,0
2285.854,0
2285.963,0
2286.071,2
2286.18,4
2286.289,6
2286.398,12
2286.507,12
2286.615,12
2286.724,12
2286.833,10
2286.942,8
2287.05,6
2287.159,4
2287.268,1
2287.377,1
2287.485,1
2287.594,1
2287.703,1
2287.812,1
2287.921,1
2288.029,1
2288.138,1
2288.247,1
2288.356,1
2288.465,1
2288.573,0
2288.682,0
2288.791,0
2288.9,0
2289.009,1
2289.118,1
2289.226,1
2289.335,1
2289.444,0
2289.553,0
2289.662,0
2289.771,0
2289.879,0
2289.988,0
2290.097,0
2290.206,0
2290.315,0
2290.424,0
2290.532,0
2290.641,0
2290.75,1
2290.859,1
2290.968,1
2291.077,1
2291.186,1
2291.295,2
2291.403,2
2291.512,2
2291.621,2
2291.73,1
2291.839,1
2291.948,1
2292.057,0
2292.166,0
2292.275,0
2292.383,0
2292.492,0
2292.601,0
2292.71,0
2292.819,0
2292.928,0
2293.037,0
2293.146,0
2293.255,0
2293.364,1
2293.473,1
2293.582,3
2293.691,4
2293.799,5
2293.908,6
2294.017,5
2294.126,5
2294.235,4
2294.344,5
2294.453,4
2294.562,3
2294.671,4
2294.78,2
2294.889,2
2294.998,2
2295.107,2
2295.216,2
2295.325,2
2295.434,2
2295.543,1
2295.652,1
2295.761,2
2295.87,5
2295.979,4
2296.088,4
2296.197,5
2296.306,6
2296.415,7
2296.524,9
2296.633,8
2296.742,5
2296.851,5
2296.96,4
2297.069,3
2297.178,2
2297.287,1
2297.396,0
2297.505,0
2297.614,0
2297.723,0
2297.832,0
2297.941,0
2298.05,0
2298.159,0
2298.268,0
2298.377,0
2298.486,0
2298.595,0
2298.704,0
2298.813,0
2298.923,0
2299.032,0
2299.141,0
2299.25,0
2299.359,0
2299.468,0
2299.577,0
2299.686,0
2299.795,0
2299.904,0
2300.013,0
2300.122,4
2300.231,5
2300.341,6
2300.45,9
2300.559,7
2300.668,8
2300.777,9
2300.886,10
2300.995,8
2301.104,6
2301.213,5
2301.323,2
2301.432,2
2301.541,2
2301.65,2
2301.759,1
2301.868,1
2301.977,1
2302.086,0
2302.196,0
2302.305,1
2302.414,1
2302.523,1
2302.632,2
2302.741,1
2302.851,1
2302.96,1
2303.069,0
2303.178,0
2303.287,0
2303.396,0
2303.506,0
2303.615,0
2303.724,0
2303.833,1
2303.942,1
2304.051,1
2304.161,1
2304.27,0
2304.379,0
2304.488,1
2304.597,1
2304.707,1
2304.816,2
2304.925,1
2305.034,1
2305.143,1
2305.253,0
2305.362,0
2305.471,0
2305.58,0
2305.69,0
2305.799,0
2305.908,0
2306.017,0
2306.127,0
2306.236,0
2306.345,0
2306.454,3
2306.563,3
2306.673,4
2306.782,4
2306.891,2
2307.001,3
2307.11,2
2307.219,2
2307.328,1
2307.438,1
2307.547,1
2307.656,1
2307.765,1
2307.875,0
2307.984,0
2308.093,0
2308.203,0
2308.312,0
2308.421,0
2308.53,0
2308.64,0
2308.749,0
2308.858,0
2308.968,0
2309.077,0
2309.186,0
2309.296,0
2309.405,0
2309.514,0
2309.624,1
2309.733,1
2309.842,1
2309.951,1
2310.061,0
2310.17,0
2310.28,0
2310.389,3
2310.498,3
2310.608,3
2310.717,3
2310.826,5
2310.936,4
2311.045,3
2311.154,2
2311.264,0
2311.373,0
2311.482,0
2311.592,0
2311.701,0
2311.811,0
2311.92,0
2312.029,0
2312.139,0
2312.248,0
2312.357,0
2312.467,0
2312.576,0
2312.686,0
2312.795,0
2312.904,0
2313.014,0
2313.123,0
2313.233,0
2313.342,0
2313.451,1
2313.561,1
2313.67,2
2313.78,3
2313.889,3
2313.999,4
2314.108,4
2314.217,4
2314.327,5
2314.436,2
2314.546,2
2314.655,2
2314.765,1
2314.874,0
2314.984,0
2315.093,0
2315.202,0
2315.312,0
2315.421,0
2315.531,0
2315.64,0
2315.75,0
2315.859,0
2315.969,0
2316.078,0
2316.188,1
2316.297,1
2316.407,1
2316.516,1
2316.626,0
2316.735,0
2316.845,0
2316.954,3
2317.064,3
2317.173,3
2317.283,3
2317.392,0
2317.502,0
2317.611,0
2317.721,0
2317.83,0
2317.94,0
2318.049,0
2318.159,0
2318.268,0
2318.378,0
2318.487,0
2318.597,0
2318.707,0
2318.816,0
2318.926,0
2319.035,0
2319.145,0
2319.254,0
2319.364,0
2319.473,0
2319.583,0
2319.693,0
2319.802,0
2319.912,0
2320.021,1
2320.131,1
2320.24,1
2320.35,1
2320.46,0
2320.569,0
2320.679,0
2320.788,0
2320.898,0
2321.008,0
2321.117,0
2321.227,0
2321.336,0
2321.446,0
2321.556,0
2321.665,0
2321.775,0
2321.884,0
2321.994,0
2322.104,0
2322.213,0
2322.323,0
2322.433,0
2322.542,1
2322.652,1
2322.761,1
2322.871,1
2322.981,0
2323.09,0
2323.2,2
2323.31,2
2323.419,2
2323.529,3
2323.639,2
2323.748,2
2323.858,2
2323.968,1
2324.077,0
2324.187,0
2324.297,0
2324.406,0
2324.516,0
2324.626,0
2324.735,0
2324.845,1
2324.955,1
2325.065,1
2325.174,1
2325.284,0
2325.394,1
2325.503,1
2325.613,1
2325.723,2
2325.832,1
2325.942,1
2326.052,1
2326.162,0
2326.271,0
2326.381,0
2326.491,0
2326.601,0
2326.71,0
2326.82,0
2326.93,0
2327.04,0
2327.149,0
2327.259,0
2327.369,0
2327.479,1
2327.588,1
2327.698,1
2327.808,1
2327.918,0
2328.027,1
2328.137,1
2328.247,1
2328.357,1
2328.466,1
2328.576,1
2328.686,1
2328.796,1
2328.906,0
2329.015,0
2329.125,0
2329.235,0
2329.345,0
2329.455,0
2329.564,0
2329.674,0
2329.784,1
2329.894,1
2330.004,1
2330.113,2
2330.223,1
2330.333,1
2330.443,2
2330.553,1
2330.663,2
2330.772,2
2330.882,1
2330.992,1
2331.102,0
2331.212,0
2331.322,0
2331.431,0
2331.541,0
2331.651,0
2331.761,0
2331.871,0
2331.981,1
2332.091,1
2332.2,1
2332.31,2
2332.42,1
2332.53,1
2332.64,1
2332.75,0
2332.86,0
2332.97,0
2333.08,0
2333.189,0
2333.299,0
2333.409,0
2333.519,0
2333.629,1
2333.739,2
2333.849,2
2333.959,2
2334.069,1
2334.179,1
2334.289,2
2334.398,2
2334.508,4
2334.618,3
2334.728,2
2334.838,3
2334.948,2
2335.058,3
2335.168,7
2335.278,6
2335.388,5
2335.498,4
2335.608,3
2335.718,3
2335.828,3
2335.938,3
2336.048,0
2336.158,0
2336.268,1
2336.377,1
2336.487,1
2336.597,1
2336.707,1
2336.817,1
2336.927,1
2337.037,1
2337.147,0
2337.257,0
2337.367,0
2337.477,0
2337.587,0
2337.697,0
2337.807,0
2337.917,0
2338.027,0
2338.137,0
2338.247,0
2338.357,0
2338.467,1
2338.577,1
2338.687,1
2338.798,1
2338.908,1
2339.018,2
2339.128,2
2339.238,2
2339.348,2
2339.458,1
2339.568,1
2339.678,1
2339.788,0
2339.898,0
2340.008,0
2340.118,0
2340.228,1
2340.338,1
2340.448,1
2340.558,1
2340.668,0
2340.778,0
2340.889,0
2340.999,0
2341.109,0
2341.219,0
2341.329,0
2341.439,1
2341.549,1
2341.659,1
2341.769,1
2341.879,1
2341.989,2
2342.1,3
2342.21,3
2342.32,2
2342.43,1
2342.54,0
2342.65,0
2342.76,0
2342.87,0
2342.981,0
2343.091,1
2343.201,1
2343.311,1
2343.421,1
2343.531,0
2343.641,0
2343.752,0
2343.862,0
2343.972,0
2344.082,0
2344.192,0
2344.302,0
2344.412,0
2344.523,0
2344.633,0
2344.743,2
2344.853,2
2344.963,2
2345.074,3
2345.184,2
2345.294,2
2345.404,2
2345.514,3
2345.624,3
2345.735,5
2345.845,6
2345.955,7
2346.065,6
2346.175,4
2346.286,3
2346.396,0
2346.506,0
2346.616,0
2346.727,0
2346.837,0
2346.947,0
2347.057,0
2347.167,0
2347.278,0
2347.388,0
2347.498,0
2347.608,0
2347.719,0
2347.829,0
2347.939,3
2348.049,4
2348.16,4
2348.27,4
2348.38,4
2348.49,3
2348.601,3
2348.711,3
2348.821,0
2348.931,0
2349.042,1
2349.152,1
2349.262,1
2349.373,1
2349.483,0
2349.593,0
2349.703,0
2349.814,0
2349.924,0
2350.034,0
2350.145,1
2350.255,2
2350.365,2
2350.476,2
2350.586,1
2350.696,0
2350.807,1
2350.917,1
2351.027,1
2351.137,1
2351.248,1
2351.358,2
2351.468,2
2351.579,2
2351.689,2
2351.799,2
2351.91,3
2352.02,3
2352.131,2
2352.241,1
2352.351,1
2352.462,3
2352.572,3
2352.682,4
2352.793,3
2352.903,1
2353.013,2
2353.124,2
2353.234,2
2353.345,2
2353.455,2
2353.565,1
2353.676,1
2353.786,1
2353.896,0
2354.007,1
2354.117,4
2354.228,4
2354.338,4
2354.448,3
2354.559,0
2354.669,0
2354.78,0
2354.89,0
2355.001,0
2355.111,0
2355.221,0
2355.332,0
2355.442,0
2355.553,0
2355.663,0
2355.774,0
2355.884,0
2355.994,0
2356.105,0
2356.215,0
2356.326,0
2356.436,0
2356.547,0
2356.657,0
2356.768,0
2356.878,0
2356.989,0
2357.099,0
2357.209,0
2357.32,0
2357.43,0
2357.541,0
2357.651,0
2357.762,0
2357.872,0
2357.983,0
2358.093,0
2358.204,0
2358.314,0
2358.425,0
2358.535,0
2358.646,0
2358.756,0
2358.867,0
2358.977,2
2359.088,2
2359.198,2
2359.309,2
2359.419,0
2359.53,0
2359.641,1
2359.751,1
2359.862,1
2359.972,1
2360.083,0
2360.193,0
2360.304,1
2360.414,1
2360.525,1
2360.635,1
2360.746,0
2360.857,1
2360.967,4
2361.078,4
2361.188,4
2361.299,3
2361.409,3
2361.52,3
2361.631,4
2361.741,5
2361.852,3
2361.962,4
2362.073,6
2362.183,8
2362.294,10
2362.405,13
2362.515,11
2362.626,9
2362.736,7
2362.847,4
2362.958,4
2363.068,4
2363.179,2
2363.29,2
2363.4,2
2363.511,2
2363.621,0
2363.732,1
2363.843,1
2363.953,1
2364.064,1
2364.175,0
2364.285,0
2364.396,0
2364.506,0
2364.617,0
2364.728,0
2364.838,0
2364.949,0
2365.06,0
2365.17,0
2365.281,0
2365.392,0
2365.502,0
2365.613,0
2365.724,0
2365.834,0
2365.945,0
2366.056,0
2366.166,0
2366.277,1
2366.388,2
2366.499,2
2366.609,2
2366.72,1
2366.831,0
2366.941,0
2367.052,0
2367.163,0
2367.274,0
2367.384,0
2367.495,1
2367.606,1
2367.716,1
2367.827,1
2367.938,0
2368.049,0
2368.159,0
2368.27,0
2368.381,0
2368.492,1
2368.602,1
2368.713,1
2368.824,1
2368.935,0
2369.045,0
2369.156,0
2369.267,0
2369.378,0
2369.488,0
2369.599,0
2369.71,0
2369.821,0
2369.931,0
2370.042,0
2370.153,0
2370.264,0
2370.375,0
2370.485,0
2370.596,0
2370.707,0
2370.818,0
2370.929,0
2371.039,0
2371.15,1
2371.261,1
2371.372,1
2371.483,1
2371.593,0
2371.704,1
2371.815,1
2371.926,1
2372.037,1
2372.148,0
2372.258,0
2372.369,0
2372.48,0
2372.591,0
2372.702,0
2372.813,0
2372.923,0
2373.034,2
2373.145,2
2373.256,2
2373.367,5
2373.478,3
2373.589,4
2373.699,4
2373.81,7
2373.921,6
2374.032,4
2374.143,3
2374.254,0
2374.365,0
2374.476,0
2374.586,0
2374.697,0
2374.808,0
2374.919,0
2375.03,0
2375.141,0
2375.252,0
2375.363,0
2375.474,0
2375.585,0
2375.695,0
2375.806,0
2375.917,0
2376.028,0
2376.139,0
2376.25,1
2376.361,1
2376.472,1
2376.583,1
2376.694,1
2376.805,1
2376.916,1
2377.027,1
2377.138,0
2377.249,0
2377.36,0
2377.471,0
2377.581,0
2377.692,0
2377.803,0
2377.914,0
2378.025,0
2378.136,0
2378.247,0
2378.358,0
2378.469,0
2378.58,0
2378.691,0
2378.802,0
2378.913,0
2379.024,0
2379.135,0
2379.246,0
2379.357,0
2379.468,0
2379.579,0
2379.69,0
2379.801,0
2379.912,0
2380.023,0
2380.134,0
2380.245,0
2380.356,0
2380.467,0
2380.578,0
2380.689,0
2380.8,0
2380.912,0
2381.023,1
2381.134,1
2381.245,1
2381.356,1
2381.467,0
2381.578,0
2381.689,1
2381.8,1
2381.911,1
2382.022,1
2382.133,0
2382.244,0
2382.355,0
2382.466,1
2382.577,1
2382.689,1
2382.8,1
2382.911,0
2383.022,0
2383.133,1
2383.244,1
2383.355,1
2383.466,1
2383.577,0
2383.688,0
2383.799,0
2383.911,0
2384.022,0
2384.133,0
2384.244,0
2384.355,0
2384.466,0
2384.577,0
2384.688,0
2384.8,0
2384.911,0
2385.022,0
2385.133,0
2385.244,0
2385.355,0
2385.466,0
2385.578,0
2385.689,0
2385.8,0
2385.911,0
2386.022,0
2386.133,0
2386.245,0
2386.356,0
2386.467,0
2386.578,0
2386.689,0
2386.8,0
2386.912,0
2387.023,0
2387.134,0
2387.245,0
2387.356,0
2387.468,1
2387.579,1
2387.69,1
2387.801,1
2387.912,0
2388.024,0
2388.135,1
2388.246,1
2388.357,1
2388.468,1
2388.58,0
2388.691,1
2388.802,1
2388.913,1
2389.025,1
2389.136,0
2389.247,0
2389.358,0
2389.47,0
2389.581,0
2389.692,0
2389.803,0
2389.915,0
2390.026,0
2390.137,0
2390.248,0
2390.36,0
2390.471,1
2390.582,1
2390.693,1
2390.805,1
2390.916,3
2391.027,3
2391.139,3
2391.25,3
2391.361,0
2391.472,0
2391.584,0
2391.695,0
2391.806,0
2391.918,1
2392.029,2
2392.14,3
2392.252,5
2392.363,5
2392.474,5
2392.585,5
2392.697,7
2392.808,6
2392.919,6
2393.031,6
2393.142,2
2393.253,2
2393.365,1
2393.476,0
2393.587,0
2393.699,0
2393.81,1
2393.922,1
2394.033,1
2394.144,1
2394.256,0
2394.367,0
2394.478,0
2394.59,0
2394.701,0
2394.812,0
2394.924,0
2395.035,0
2395.147,0
2395.258,0
2395.369,0
2395.481,0
2395.592,0
2395.704,1
2395.815,1
2395.926,1
2396.038,1
2396.149,0
2396.261,0
2396.372,0
2396.483,0
2396.595,0
2396.706,0
2396.818,0
2396.929,0
2397.04,0
2397.152,0
2397.263,0
2397.375,0
2397.486,1
2397.598,2
2397.709,3
2397.82,4
2397.932,3
2398.043,2
2398.155,1
2398.266,0
2398.378,0
2398.489,0
2398.601,0
2398.712,0
2398.824,0
2398.935,0
2399.047,1
2399.158,2
2399.269,3
2399.381,6
2399.492,5
2399.604,5
2399.715,4
2399.827,3
2399.938,3
2400.05,2
2400.161,2
2400.273,0
2400.384,0
2400.496,0
2400.607,0
2400.719,0
2400.83,0
2400.942,1
2401.054,1
2401.165,1
2401.277,1
2401.388,0
2401.5,0
2401.611,0
2401.723,0
2401.834,1
2401.946,1
2402.057,1
2402.169,1
2402.28,0
2402.392,0
2402.504,0
2402.615,0
2402.727,0
2402.838,0
2402.95,0
2403.061,0
2403.173,0
2403.284,0
2403.396,0
2403.508,0
2403.619,0
2403.731,0
2403.842,0
2403.954,0
2404.066,0
2404.177,0
2404.289,0
2404.4,0
2404.512,0
2404.624,0
2404.735,0
2404.847,0
2404.958,0
2405.07,0
2405.182,0
2405.293,0
2405.405,0
2405.517,0
2405.628,0
2405.74,0
2405.851,0
2405.963,0
2406.075,0
2406.186,0
2406.298,0
2406.41,0
2406.521,0
2406.633,0
2406.745,0
2406.856,0
2406.968,0
2407.08,0
2407.191,0
2407.303,1
2407.415,1
2407.526,1
2407.638,2
2407.75,1
2407.861,1
2407.973,1
2408.085,2
2408.196,2
2408.308,2
2408.42,2
2408.531,0
2408.643,0
2408.755,0
2408.867,0
2408.978,0
2409.09,0
2409.202,0
2409.313,0
2409.425,0
2409.537,1
2409.649,1
2409.76,1
2409.872,1
2409.984,0
2410.096,0
2410.207,0
2410.319,1
2410.431,1
2410.543,1
2410.654,1
2410.766,0
2410.878,0
2410.99,0
2411.101,0
2411.213,0
2411.325,0
2411.437,0
2411.548,0
2411.66,0
2411.772,0
2411.884,0
2411.995,0
2412.107,0
2412.219,0
2412.331,0
2412.443,0
2412.554,0
2412.666,1
2412.778,1
2412.89,1
2413.002,1
2413.113,0
2413.225,0
2413.337,0
2413.449,0
2413.561,0
2413.672,0
2413.784,0
2413.896,0
2414.008,1
2414.12,1
2414.232,1
2414.343,1
2414.455,3
2414.567,3
2414.679,3
2414.791,3
2414.903,0
2415.015,0
2415.126,0
2415.238,1
2415.35,1
2415.462,1
2415.574,1
2415.686,0
2415.798,1
2415.909,1
2416.021,1
2416.133,1
2416.245,0
2416.357,0
2416.469,0
2416.581,0
2416.693,0
2416.805,0
2416.916,0
2417.028,0
2417.14,0
2417.252,0
2417.364,0
2417.476,0
2417.588,0
2417.7,0
2417.812,0
2417.924,0
2418.036,0
2418.148,0
2418.259,0
2418.371,0
2418.483,0
2418.595,0
2418.707,0
2418.819,0
2418.931,0
2419.043,0
2419.155,0
2419.267,0
2419.379,0
2419.491,0
2419.603,0
2419.715,0
2419.827,0
2419.939,1
2420.051,1
2420.163,1
2420.275,1
2420.387,4
2420.499,3
2420.611,2
2420.723,1
2420.835,0
2420.947,0
2421.059,0
2421.171,0
2421.283,0
2421.395,0
2421.507,0
2421.619,0
2421.731,0
2421.843,0
2421.955,0
2422.067,0
2422.179,0
2422.291,0
2422.403,0
2422.515,0
2422.627,0
2422.739,0
2422.851,2
2422.963,3
2423.075,4
2423.187,5
2423.299,9
2423.411,7
2423.523,5
2423.635,3
2423.747,0
2423.859,0
2423.971,0
2424.083,0
2424.196,0
2424.308,0
2424.42,1
2424.532,2
2424.644,3
2424.756,5
2424.868,4
2424.98,3
2425.092,2
2425.204,1
2425.316,1
2425.429,1
2425.541,1
2425.653,0
2425.765,0
2425.877,0
2425.989,0
2426.101,0
2426.213,0
2426.325,0
2426.438,0
2426.55,1
2426.662,1
2426.774,1
2426.886,1
2426.998,0
2427.11,0
2427.222,0
2427.335,0
2427.447,0
2427.559,0
2427.671,0
2427.783,2
2427.895,5
2428.008,6
2428.12,7
2428.232,6
2428.344,5
2428.456,4
2428.568,3
2428.681,2
2428.793,0
2428.905,0
2429.017,0
2429.129,0
2429.242,0
2429.354,0
2429.466,0
2429.578,0
2429.69,0
2429.803,0
2429.915,0
2430.027,1
2430.139,1
2430.251,1
2430.364,1
2430.476,1
2430.588,1
2430.7,1
2430.812,1
2430.925,1
2431.037,1
2431.149,1
2431.261,1
2431.374,0
2431.486,0
2431.598,0
2431.71,0
2431.823,0
2431.935,0
2432.047,0
2432.159,0
2432.272,0
2432.384,0
2432.496,1
2432.608,1
2432.721,1
2432.833,1
2432.945,0
2433.058,0
2433.17,0
2433.282,0
2433.394,0
2433.507,0
2433.619,0
2433.731,1
2433.844,2
2433.956,2
2434.068,2
2434.181,4
2434.293,6
2434.405,6
2434.517,6
2434.63,4
2434.742,1
2434.854,1
2434.967,1
2435.079,0
2435.191,0
2435.304,0
2435.416,0
2435.528,0
2435.641,0
2435.753,0
2435.865,0
2435.978,0
2436.09,0
2436.203,0
2436.315,0
2436.427,0
2436.54,0
2436.652,0
2436.764,0
2436.877,0
2436.989,0
2437.101,0
2437.214,0
2437.326,0
2437.439,0
2437.551,0
2437.663,3
2437.776,3
2437.888,4
2438.001,4
2438.113,1
2438.225,1
2438.338,0
2438.45,0
2438.563,0
2438.675,0
2438.787,0
2438.9,0
2439.012,0
2439.125,1
2439.237,1
2439.35,1
2439.462,1
2439.574,0
2439.687,0
2439.799,0
2439.912,1
2440.024,1
2440.137,2
2440.249,2
2440.362,1
2440.474,1
2440.586,0
2440.699,0
2440.811,0
2440.924,0
2441.036,0
2441.149,0
2441.261,0
2441.374,1
2441.486,1
2441.599,1
2441.711,1
2441.824,0
2441.936,0
2442.049,0
2442.161,0
2442.274,0
2442.386,0
2442.499,0
2442.611,1
2442.724,1
2442.836,3
2442.949,3
2443.061,2
2443.174,3
2443.286,2
2443.399,2
2443.511,3
2443.624,2
2443.736,1
2443.849,1
2443.961,0
2444.074,0
2444.187,0
2444.299,0
2444.412,3
2444.524,3
2444.637,3
2444.749,3
2444.862,5
2444.974,4
2445.087,3
2445.2,2
2445.312,0
2445.425,0
2445.537,0
2445.65,0
2445.762,0
2445.875,1
2445.988,1
2446.1,1
2446.213,1
2446.325,0
2446.438,2
2446.551,4
2446.663,6
2446.776,9
2446.888,7
2447.001,5
2447.114,4
2447.226,2
2447.339,2
2447.452,2
2447.564,1
2447.677,0
2447.789,0
2447.902,1
2448.015,2
2448.127,2
2448.24,2
2448.353,1
2448.465,0
2448.578,0
2448.691,0
2448.803,0
2448.916,0
2449.028,0
2449.141,0
2449.254,0
2449.366,0
2449.479,1
2449.592,1
2449.704,1
2449.817,1
2449.93,1
2450.043,2
2450.155,3
2450.268,9
2450.381,8
2450.493,7
2450.606,6
2450.719,2
2450.831,2
2450.944,2
2451.057,2
2451.17,0
2451.282,0
2451.395,0
2451.508,0
2451.62,0
2451.733,0
2451.846,0
2451.959,0
2452.071,0
2452.184,0
2452.297,0
2452.409,0
2452.522,0
2452.635,0
2452.748,0
2452.86,0
2452.973,0
2453.086,0
2453.199,0
2453.311,0
2453.424,0
2453.537,0
2453.65,0
2453.763,0
2453.875,0
2453.988,0
2454.101,0
2454.214,0
2454.326,1
2454.439,1
2454.552,1
2454.665,1
2454.778,0
2454.89,0
2455.003,0
2455.116,0
2455.229,0
2455.342,0
2455.454,0
2455.567,0
2455.68,0
2455.793,0
2455.906,0
2456.019,0
2456.131,1
2456.244,1
2456.357,1
2456.47,1
2456.583,0
2456.696,0
2456.808,0
2456.921,0
2457.034,0
2457.147,0
2457.26,0
2457.373,0
2457.485,0
2457.598,0
2457.711,0
2457.824,0
2457.937,0
2458.05,0
2458.163,0
2458.276,0
2458.388,1
2458.501,1
2458.614,1
2458.727,1
2458.84,0
2458.953,0
2459.066,1
2459.179,1
2459.292,1
2459.404,1
2459.517,0
2459.63,0
2459.743,0
2459.856,0
2459.969,0
2460.082,0
2460.195,0
2460.308,0
2460.421,0
2460.534,0
2460.647,0
2460.76,0
2460.872,0
2460.985,0
2461.098,0
2461.211,0
2461.324,1
2461.437,1
2461.55,2
2461.663,2
2461.776,1
2461.889,1
2462.002,0
2462.115,0
2462.228,2
2462.341,2
2462.454,2
2462.567,2
2462.68,0
2462.793,0
2462.906,1
2463.019,2
2463.132,2
2463.245,3
2463.358,2
2463.471,1
2463.584,1
2463.697,0
2463.81,0
2463.923,0
2464.036,0
2464.149,0
2464.262,1
2464.375,1
2464.488,1
2464.601,1
2464.714,0
2464.827,1
2464.94,1
2465.053,1
2465.166,1
2465.279,0
2465.392,0
2465.505,0
2465.618,0
2465.731,0
2465.844,0
2465.957,0
2466.07,0
2466.184,1
2466.297,1
2466.41,1
2466.523,1
2466.636,0
2466.749,0
2466.862,0
2466.975,0
2467.088,0
2467.201,0
2467.314,0
2467.427,0
2467.54,0
2467.654,0
2467.767,0
2467.88,0
2467.993,0
2468.106,0
2468.219,0
2468.332,0
2468.445,1
2468.558,1
2468.672,1
2468.785,1
2468.898,0
2469.011,0
2469.124,0
2469.237,0
2469.35,0
2469.464,0
2469.577,0
2469.69,0
2469.803,0
2469.916,0
2470.029,0
2470.142,0
2470.256,0
2470.369,0
2470.482,0
2470.595,0
2470.708,0
2470.821,0
2470.935,0
2471.048,0
2471.161,0
2471.274,2
2471.387,2
2471.5,2
2471.614,2
2471.727,4
2471.84,3
2471.953,3
2472.066,2
2472.18,1
2472.293,1
2472.406,0
2472.519,0
2472.633,0
2472.746,0
2472.859,0
2472.972,0
2473.085,0
2473.199,0
2473.312,0
2473.425,0
2473.538,0
2473.652,0
2473.765,0
2473.878,1
2473.991,1
2474.105,1
2474.218,3
2474.331,2
2474.444,2
2474.558,2
2474.671,0
2474.784,0
2474.897,0
2475.011,0
2475.124,0
2475.237,0
2475.35,0
2475.464,0
2475.577,0
2475.69,0
2475.804,0
2475.917,0
2476.03,0
2476.143,0
2476.257,0
2476.37,0
2476.483,0
2476.597,0
2476.71,0
2476.823,0
2476.937,0
2477.05,0
2477.163,0
2477.277,0
2477.39,0
2477.503,0
2477.617,0
2477.73,0
2477.843,0
2477.957,0
2478.07,0
2478.183,0
2478.297,0
2478.41,2
2478.523,2
2478.637,3
2478.75,3
2478.863,1
2478.977,1
2479.09,0
2479.204,0
2479.317,0
2479.43,0
2479.544,0
2479.657,0
2479.77,0
2479.884,0
2479.997,0
2480.111,0
2480.224,0
2480.337,0
2480.451,0
2480.564,0
2480.678,4
2480.791,4
2480.904,4
2481.018,4
2481.131,0
2481.245,0
2481.358,0
2481.471,0
2481.585,0
2481.698,0
2481.812,0
2481.925,0
2482.039,1
2482.152,1
2482.265,1
2482.379,1
2482.492,0
2482.606,0
2482.719,0
2482.833,0
2482.946,0
2483.06,0
2483.173,1
2483.287,1
2483.4,1
2483.514,1
2483.627,0
2483.74,0
2483.854,0
2483.967,0
2484.081,0
2484.194,0
2484.308,0
2484.421,0
2484.535,0
2484.648,0
2484.762,0
2484.875,0
2484.989,0
2485.102,0
2485.216,0
2485.329,0
2485.443,1
2485.556,2
2485.67,3
2485.783,4
2485.897,4
2486.011,4
2486.124,4
2486.238,3
2486.351,3
2486.465,3
2486.578,4
2486.692,1
2486.805,1
2486.919,1
2487.032,0
2487.146,0
2487.26,0
2487.373,0
2487.487,0
2487.6,0
2487.714,0
2487.827,0
2487.941,0
2488.054,0
2488.168,0
2488.282,0
2488.395,0
2488.509,0
2488.622,0
2488.736,0
2488.85,0
2488.963,0
2489.077,1
2489.19,1
2489.304,2
2489.418,3
2489.531,2
2489.645,2
2489.758,1
2489.872,0
2489.986,0
2490.099,0
2490.213,0
2490.327,0
2490.44,0
2490.554,0
2490.667,1
2490.781,1
2490.895,1
2491.008,1
2491.122,0
2491.236,0
2491.349,0
2491.463,0
2491.577,0
2491.69,0
2491.804,0
2491.918,0
2492.031,0
2492.145,0
2492.259,0
2492.372,0
2492.486,0
2492.6,0
2492.713,0
2492.827,0
2492.941,0
2493.054,0
2493.168,0
2493.282,0
2493.396,0
2493.509,0
2493.623,0
2493.737,0
2493.85,0
2493.964,0
2494.078,0
2494.192,0
2494.305,0
2494.419,0
2494.533,0
2494.646,0
2494.76,0
2494.874,1
2494.988,2
2495.101,3
2495.215,5
2495.329,5
2495.443,5
2495.556,5
2495.67,3
2495.784,3
2495.898,4
2496.011,4
2496.125,1
2496.239,1
2496.353,1
2496.467,2
2496.58,4
2496.694,5
2496.808,4
2496.922,3
2497.035,1
2497.149,0
2497.263,0
2497.377,0
2497.491,0
2497.604,0
2497.718,0
2497.832,0
2497.946,0
2498.06,0
2498.173,0
2498.287,1
2498.401,1
2498.515,1
2498.629,1
2498.743,0
2498.856,1
2498.97,1
2499.084,1
2499.198,1
2499.312,0
2499.426,0
2499.539,0
2499.653,0
2499.767,0
2499.881,0
2499.995,0
2500.109,0
