mz,abundance
700.017,180
700.076,170
700.136,165
700.196,158
700.255,133
700.315,121
700.374,107
700.434,88
700.493,92
700.553,108
700.613,122
700.672,142
700.732,170
700.791,189
700.851,217
700.91,227
700.97,241
701.03,238
701.089,219
701.149,201
701.208,173
701.268,158
701.328,154
701.387,140
701.447,130
701.506,132
701.566,127
701.626,125
701.685,136
701.745,137
701.805,144
701.864,145
701.924,148
701.983,150
702.043,156
702.103,163
702.162,163
702.222,163
702.282,145
702.341,139
702.401,124
702.461,112
702.52,110
702.58,114
702.64,107
702.699,135
702.759,157
702.819,170
702.878,191
702.938,205
702.998,216
703.057,227
703.117,207
703.177,180
703.236,149
703.296,112
703.356,105
703.415,104
703.475,104
703.535,123
703.594,115
703.654,116
703.714,124
703.774,120
703.833,137
703.893,155
703.953,162
704.012,173
704.072,163
704.132,167
704.192,160
704.251,147
704.311,142
704.371,129
704.43,128
704.49,139
704.55,164
704.61,165
704.669,174
704.729,187
704.789,171
704.849,171
704.908,173
704.968,161
705.028,165
705.088,167
705.148,163
705.207,168
705.267,174
705.327,158
705.387,160
705.446,153
705.506,124
705.566,123
705.626,128
705.686,131
705.745,141
705.805,160
705.865,171
705.925,176
705.985,188
706.044,198
706.104,180
706.164,168
706.224,161
706.284,146
706.343,140
706.403,128
706.463,119
706.523,106
706.583,111
706.643,114
706.702,118
706.762,138
706.822,148
706.882,167
706.942,200
707.002,209
707.061,220
707.121,221
707.181,199
707.241,175
707.301,147
707.361,132
707.421,115
707.48,103
707.54,95
707.6,91
707.66,101
707.72,103
707.78,111
707.84,122
707.9,129
707.959,136
708.019,143
708.079,155
708.139,157
708.199,147
708.259,140
708.319,125
708.379,121
708.439,120
708.499,115
708.558,112
708.618,106
708.678,109
708.738,120
708.798,126
708.858,135
708.918,156
708.978,177
709.038,198
709.098,213
709.158,201
709.218,182
709.278,166
709.338,137
709.397,130
709.457,122
709.517,116
709.577,128
709.637,144
709.697,160
709.757,174
709.817,185
709.877,188
709.937,191
709.997,193
710.057,189
710.117,183
710.177,172
710.237,155
710.297,125
710.357,106
710.417,92
710.477,86
710.537,91
710.597,94
710.657,101
710.717,112
710.777,118
710.837,140
710.897,173
710.957,194
711.017,213
711.077,219
711.137,207
711.197,178
711.257,152
711.317,135
711.377,115
711.437,104
711.497,108
711.557,118
711.617,137
711.677,163
711.737,184
711.798,194
711.858,206
711.918,211
711.978,198
712.038,192
712.098,186
712.158,169
712.218,149
712.278,134
712.338,127
712.398,114
712.458,118
712.518,118
712.578,121
712.639,132
712.699,140
712.759,144
712.819,151
712.879,156
712.939,162
712.999,172
713.059,169
713.119,174
713.179,157
713.24,143
713.3,122
713.36,105
713.42,108
713.48,108
713.54,99
713.6,92
713.66,93
713.721,105
713.781,120
713.841,144
713.901,161
713.961,179
714.021,195
714.081,209
714.142,214
714.202,202
714.262,187
714.322,179
714.382,189
714.442,184
714.503,175
714.563,169
714.623,152
714.683,149
714.743,155
714.803,156
714.864,163
714.924,169
714.984,169
715.044,160
715.104,168
715.165,162
715.225,142
715.285,141
715.345,119
715.405,107
715.466,101
715.526,112
715.586,124
715.646,137
715.706,157
715.767,166
715.827,173
715.887,180
715.947,177
716.008,164
716.068,146
716.128,131
716.188,114
716.248,102
716.309,98
716.369,95
716.429,106
716.489,109
716.55,121
716.61,120
716.67,122
716.73,126
716.791,134
716.851,144
716.911,150
716.972,162
717.032,164
717.092,180
717.152,171
717.213,175
717.273,179
717.333,175
717.394,172
717.454,173
717.514,173
717.574,148
717.635,132
717.695,102
717.755,100
717.816,110
717.876,125
717.936,143
717.997,149
718.057,150
718.117,153
718.178,145
718.238,144
718.298,138
718.358,129
718.419,115
718.479,95
718.54,98
718.6,103
718.66,102
718.721,108
718.781,99
718.841,104
718.902,126
718.962,143
719.022,172
719.083,197
719.143,206
719.203,208
719.264,206
719.324,194
719.385,180
719.445,168
719.505,147
719.566,122
719.626,113
719.686,100
719.747,109
719.807,120
719.868,134
719.928,185
719.988,285
720.049,390
720.109,562
720.17,876
720.23,1317
720.29,1756
720.351,2144
720.411,2362
720.472,2340
720.532,2283
720.593,2210
720.653,2064
720.713,1818
720.774,1590
720.834,1345
720.895,1159
720.955,1067
721.016,986
721.076,946
721.136,1033
721.197,1325
721.257,1631
721.318,1916
721.378,2173
721.439,2271
721.499,2333
721.56,2355
721.62,2260
721.681,2000
721.741,1742
721.802,1484
721.862,1226
721.923,1095
721.983,962
722.044,879
722.104,884
722.164,962
722.225,1064
722.285,1177
722.346,1305
722.406,1438
722.467,1567
722.528,1648
722.588,1647
722.649,1517
722.709,1380
722.77,1222
722.83,1086
722.891,991
722.951,880
723.012,806
723.072,726
723.133,681
723.193,652
723.254,639
723.314,651
723.375,676
723.435,710
723.496,710
723.557,699
723.617,632
723.678,568
723.738,501
723.799,436
723.859,401
723.92,373
723.98,358
724.041,352
724.102,339
724.162,332
724.223,309
724.283,295
724.344,293
724.405,294
724.465,297
724.526,303
724.586,305
724.647,307
724.707,305
724.768,315
724.829,320
724.889,321
724.95,333
725.011,325
725.071,314
725.132,303
725.192,286
725.253,282
725.314,288
725.374,296
725.435,301
725.496,302
725.556,300
725.617,285
725.677,275
725.738,271
725.799,267
725.859,269
725.92,270
725.981,283
726.041,280
726.102,274
726.163,261
726.223,236
726.284,230
726.345,225
726.405,217
726.466,215
726.527,203
726.587,196
726.648,194
726.709,194
726.769,207
726.83,224
726.891,250
726.951,257
727.012,265
727.073,265
727.134,250
727.194,225
727.255,209
727.316,194
727.376,177
727.437,190
727.498,197
727.559,202
727.619,203
727.68,212
727.741,212
727.801,215
727.862,229
727.923,229
727.984,247
728.044,262
728.105,284
728.166,288
728.227,265
728.287,243
728.348,201
728.409,171
728.47,150
728.53,141
728.591,131
728.652,134
728.713,142
728.774,135
728.834,161
728.895,183
728.956,194
729.017,226
729.077,253
729.138,251
729.199,238
729.26,225
729.321,193
729.381,163
729.442,154
729.503,135
729.564,125
729.625,137
729.685,141
729.746,145
729.807,150
729.868,157
729.929,160
729.989,169
730.05,160
730.111,149
730.172,138
730.233,139
730.294,138
730.354,138
730.415,135
730.476,129
730.537,132
730.598,121
730.659,119
730.72,123
730.78,119
730.841,128
730.902,135
730.963,146
731.024,154
731.085,175
731.146,195
731.206,213
731.267,213
731.328,193
731.389,171
731.45,141
731.511,127
731.572,126
731.633,130
731.694,133
731.754,154
731.815,170
731.876,200
731.937,233
731.998,256
732.059,280
732.12,270
732.181,261
732.242,245
732.303,218
732.364,204
732.425,180
732.485,162
732.546,138
732.607,135
732.668,132
732.729,126
732.79,127
732.851,140
732.912,147
732.973,167
733.034,166
733.095,156
733.156,164
733.217,160
733.278,171
733.339,167
733.4,167
733.461,153
733.522,163
733.583,158
733.644,151
733.705,167
733.766,158
733.827,171
733.887,182
733.948,182
734.009,192
734.07,198
734.131,207
734.192,217
734.253,218
734.314,224
734.375,238
734.436,258
734.498,279
734.559,264
734.62,254
734.681,231
734.742,205
734.803,193
734.864,190
734.925,186
734.986,192
735.047,213
735.108,222
735.169,222
735.23,211
735.291,199
735.352,191
735.413,184
735.474,184
735.535,175
735.596,169
735.657,167
735.718,172
735.779,173
735.84,183
735.902,187
735.963,182
736.024,191
736.085,196
736.146,196
736.207,222
736.268,263
736.329,300
736.39,357
736.451,377
736.512,383
736.573,379
736.635,369
736.696,362
736.757,352
736.818,340
736.879,336
736.94,328
737.001,331
737.062,343
737.123,329
737.185,348
737.246,374
737.307,390
737.368,425
737.429,462
737.49,471
737.551,487
737.613,480
737.674,431
737.735,407
737.796,368
737.857,320
737.918,302
737.979,278
738.041,261
738.102,256
738.163,253
738.224,250
738.285,252
738.346,244
738.408,234
738.469,228
738.53,229
738.591,227
738.652,217
738.714,218
738.775,220
738.836,230
738.897,258
738.958,278
739.02,282
739.081,286
739.142,260
739.203,239
739.264,231
739.326,220
739.387,218
739.448,227
739.509,235
739.571,230
739.632,235
739.693,227
739.754,219
739.815,208
739.877,187
739.938,175
739.999,170
740.06,160
740.122,152
740.183,145
740.244,137
740.305,138
740.367,152
740.428,160
740.489,167
740.55,170
740.612,175
740.673,173
740.734,169
740.796,179
740.857,182
740.918,179
740.979,193
741.041,202
741.102,216
741.163,235
741.225,259
741.286,265
741.347,269
741.408,266
741.47,231
741.531,218
741.592,214
741.654,206
741.715,217
741.776,215
741.838,222
741.899,229
741.96,227
742.022,235
742.083,234
742.144,220
742.206,204
742.267,178
742.328,153
742.39,142
742.451,136
742.512,133
742.574,133
742.635,133
742.696,134
742.758,140
742.819,142
742.88,150
742.942,152
743.003,151
743.065,144
743.126,134
743.187,128
743.249,116
743.31,101
743.372,94
743.433,86
743.494,84
743.556,84
743.617,98
743.678,110
743.74,123
743.801,132
743.863,139
743.924,141
743.985,150
744.047,154
744.108,149
744.17,152
744.231,147
744.293,142
744.354,158
744.415,166
744.477,174
744.538,172
744.6,157
744.661,156
744.723,148
744.784,147
744.846,153
744.907,166
744.968,168
745.03,181
745.091,187
745.153,174
745.214,174
745.276,180
745.337,175
745.399,177
745.46,181
745.522,166
745.583,153
745.645,144
745.706,136
745.768,140
745.829,152
745.89,159
745.952,167
746.013,162
746.075,161
746.136,166
746.198,158
746.259,154
746.321,150
746.382,138
746.444,139
746.506,159
746.567,186
746.629,205
746.69,212
746.752,228
746.813,229
746.875,232
746.936,230
746.998,230
747.059,231
747.121,224
747.182,222
747.244,206
747.305,194
747.367,193
747.429,183
747.49,184
747.552,163
747.613,149
747.675,139
747.736,131
747.798,134
747.86,136
747.921,156
747.983,180
748.044,188
748.106,194
748.167,210
748.229,206
748.291,188
748.352,170
748.414,140
748.475,120
748.537,128
748.599,142
748.66,155
748.722,158
748.783,156
748.845,158
748.907,157
748.968,172
749.03,172
749.091,180
749.153,188
749.215,180
749.276,186
749.338,182
749.4,176
749.461,188
749.523,187
749.585,179
749.646,184
749.708,184
749.77,194
749.831,210
749.893,214
749.954,211
750.016,210
750.078,208
750.139,198
750.201,195
750.263,206
750.324,204
750.386,209
750.448,197
750.51,186
750.571,185
750.633,185
750.695,182
750.756,170
750.818,164
750.88,165
750.941,163
751.003,180
751.065,195
751.126,194
751.188,183
751.25,165
751.312,153
751.373,139
751.435,129
751.497,119
751.559,117
751.62,118
751.682,114
751.744,126
751.805,123
751.867,137
751.929,142
751.991,141
752.052,143
752.114,147
752.176,155
752.238,155
752.299,150
752.361,142
752.423,137
752.485,135
752.546,138
752.608,141
752.67,133
752.732,131
752.794,132
752.855,136
752.917,147
752.979,153
753.041,165
753.103,164
753.164,170
753.226,179
753.288,189
753.35,195
753.411,184
753.473,173
753.535,176
753.597,159
753.659,156
753.721,153
753.782,151
753.844,152
753.906,161
753.968,162
754.03,148
754.091,159
754.153,160
754.215,154
754.277,161
754.339,153
754.401,144
754.463,153
754.524,149
754.586,142
754.648,146
754.71,154
754.772,152
754.834,149
754.896,152
754.957,157
755.019,182
755.081,189
755.143,189
755.205,171
755.267,155
755.329,155
755.391,148
755.452,135
755.514,122
755.576,108
755.638,87
755.7,88
755.762,93
755.824,96
755.886,107
755.948,115
756.01,122
756.071,129
756.133,133
756.195,130
756.257,131
756.319,126
756.381,122
756.443,128
756.505,122
756.567,139
756.629,144
756.691,140
756.753,140
756.815,136
756.877,143
756.939,164
757,187
757.062,212
757.124,233
757.186,231
757.248,229
757.31,226
757.372,210
757.434,192
757.496,167
757.558,149
757.62,130
757.682,120
757.744,111
757.806,106
757.868,104
757.93,112
757.992,109
758.054,119
758.116,130
758.178,139
758.24,154
758.302,162
758.364,172
758.426,165
758.488,169
758.55,161
758.612,152
758.674,146
758.736,128
758.798,121
758.86,126
758.922,141
758.984,159
759.046,173
759.108,180
759.17,177
759.232,172
759.294,174
759.357,174
759.419,180
759.481,182
759.543,178
759.605,177
759.667,182
759.729,186
759.791,194
759.853,200
759.915,194
759.977,197
760.039,195
760.101,189
760.163,176
760.225,179
760.288,186
760.35,186
760.412,195
760.474,202
760.536,201
760.598,190
760.66,182
760.722,168
760.784,145
760.846,134
760.909,137
760.971,130
761.033,125
761.095,136
761.157,146
761.219,152
761.281,169
761.343,187
761.406,184
761.468,193
761.53,204
761.592,206
761.654,198
761.716,201
761.778,177
761.841,173
761.903,186
761.965,201
762.027,206
762.089,208
762.151,206
762.214,193
762.276,183
762.338,186
762.4,197
762.462,195
762.524,208
762.587,202
762.649,187
762.711,183
762.773,177
762.835,170
762.898,171
762.96,189
763.022,192
763.084,198
763.146,204
763.209,198
763.271,185
763.333,175
763.395,161
763.457,143
763.52,138
763.582,123
763.644,125
763.706,137
763.769,145
763.831,169
763.893,170
763.955,165
764.018,165
764.08,151
764.142,148
764.204,148
764.267,150
764.329,152
764.391,156
764.453,159
764.516,151
764.578,145
764.64,143
764.702,144
764.765,144
764.827,162
764.889,179
764.951,190
765.014,213
765.076,208
765.138,192
765.201,173
765.263,144
765.325,124
765.388,112
765.45,117
765.512,113
765.574,115
765.637,128
765.699,128
765.761,145
765.824,146
765.886,143
765.948,146
766.011,144
766.073,132
766.135,123
766.198,120
766.26,109
766.322,108
766.385,115
766.447,115
766.509,120
766.572,128
766.634,139
766.696,143
766.759,148
766.821,156
766.883,154
766.946,161
767.008,165
767.071,157
767.133,139
767.195,128
767.258,116
767.32,109
767.382,108
767.445,118
767.507,125
767.57,117
767.632,118
767.694,114
767.757,120
767.819,128
767.882,139
767.944,140
768.006,139
768.069,145
768.131,141
768.194,144
768.256,139
768.318,140
768.381,140
768.443,145
768.506,169
768.568,171
768.631,176
768.693,167
768.755,155
768.818,174
768.88,172
768.943,171
769.005,168
769.068,172
769.13,191
769.193,207
769.255,234
769.317,261
769.38,288
769.442,311
769.505,324
769.567,342
769.63,326
769.692,307
769.755,294
769.817,249
769.88,228
769.942,207
770.005,188
770.067,198
770.13,216
770.192,239
770.255,270
770.317,316
770.38,377
770.442,441
770.505,507
770.567,527
770.63,476
770.692,426
770.755,362
770.817,331
770.88,322
770.942,313
771.005,304
771.067,297
771.13,332
771.192,369
771.255,440
771.318,547
771.38,692
771.443,825
771.505,942
771.568,985
771.63,936
771.693,869
771.755,779
771.818,686
771.881,593
771.943,525
772.006,461
772.068,429
772.131,449
772.193,481
772.256,551
772.319,652
772.381,769
772.444,882
772.506,974
772.569,1015
772.632,968
772.694,896
772.757,815
772.819,709
772.882,635
772.945,573
773.007,522
773.07,474
773.132,464
773.195,447
773.258,456
773.32,499
773.383,554
773.445,598
773.508,645
773.571,652
773.633,618
773.696,570
773.759,509
773.821,457
773.884,430
773.947,416
774.009,384
774.072,365
774.135,353
774.197,334
774.26,328
774.323,329
774.385,331
774.448,334
774.511,342
774.573,354
774.636,346
774.699,339
774.761,313
774.824,278
774.887,264
774.949,269
775.012,257
775.075,247
775.137,257
775.2,264
775.263,295
775.326,325
775.388,340
775.451,343
775.514,346
775.576,347
775.639,326
775.702,305
775.765,281
775.827,265
775.89,271
775.953,274
776.016,281
776.078,262
776.141,251
776.204,241
776.266,213
776.329,205
776.392,208
776.455,200
776.517,191
776.58,197
776.643,177
776.706,161
776.769,158
776.831,146
776.894,142
776.957,132
777.02,132
777.082,113
777.145,118
777.208,138
777.271,132
777.334,149
777.396,168
777.459,175
777.522,186
777.585,190
777.648,175
777.71,164
777.773,164
777.836,165
777.899,179
777.962,186
778.024,191
778.087,190
778.15,192
778.213,182
778.276,157
778.338,146
778.401,135
778.464,129
778.527,132
778.59,126
778.653,127
778.716,122
778.778,122
778.841,125
778.904,127
778.967,129
779.03,127
779.093,134
779.156,138
779.218,132
779.281,126
779.344,121
779.407,117
779.47,112
779.533,114
779.596,118
779.659,122
779.721,122
779.784,117
779.847,114
779.91,121
779.973,120
780.036,122
780.099,124
780.162,118
780.225,119
780.287,127
780.35,135
780.413,140
780.476,131
780.539,125
780.602,119
780.665,113
780.728,108
780.791,113
780.854,111
780.917,116
780.98,127
781.043,130
781.106,141
781.168,148
781.231,153
781.294,157
781.357,151
781.42,138
781.483,128
781.546,122
781.609,129
781.672,123
781.735,125
781.798,113
781.861,104
781.924,118
781.987,121
782.05,135
782.113,137
782.176,142
782.239,145
782.302,148
782.365,163
782.428,159
782.491,172
782.554,167
782.617,156
782.68,150
782.743,143
782.806,144
782.869,144
782.932,149
782.995,153
783.058,162
783.121,187
783.184,199
783.247,210
783.31,222
783.373,222
783.436,232
783.499,238
783.562,237
783.625,239
783.688,218
783.751,204
783.814,206
783.878,201
783.941,192
784.004,183
784.067,171
784.13,173
784.193,187
784.256,206
784.319,230
784.382,251
784.445,270
784.508,281
784.571,280
784.634,282
784.698,272
784.761,259
784.824,247
784.887,215
784.95,194
785.013,187
785.076,176
785.139,158
785.202,158
785.265,167
785.329,173
785.392,201
785.455,231
785.518,251
785.581,281
785.644,301
785.707,285
785.77,268
785.834,251
785.897,226
785.96,211
786.023,198
786.086,191
786.149,187
786.212,199
786.276,210
786.339,214
786.402,214
786.465,218
786.528,226
786.591,224
786.655,233
786.718,224
786.781,212
786.844,206
786.907,199
786.97,206
787.034,217
787.097,225
787.16,223
787.223,221
787.286,207
787.35,200
787.413,181
787.476,168
787.539,153
787.602,140
787.666,135
787.729,127
787.792,122
787.855,118
787.918,127
787.982,140
788.045,156
788.108,184
788.171,198
788.235,204
788.298,204
788.361,203
788.424,214
788.488,228
788.551,243
788.614,237
788.677,214
788.741,202
788.804,178
788.867,167
788.93,145
788.994,134
789.057,133
789.12,121
789.183,123
789.247,125
789.31,128
789.373,131
789.437,147
789.5,159
789.563,159
789.626,177
789.69,174
789.753,177
789.816,191
789.88,194
789.943,201
790.006,213
790.069,217
790.133,207
790.196,213
790.259,206
790.323,182
790.386,168
790.449,153
790.513,138
790.576,135
790.639,130
790.703,126
790.766,120
790.829,125
790.893,132
790.956,130
791.019,138
791.083,137
791.146,151
791.209,169
791.273,176
791.336,187
791.4,186
791.463,173
791.526,178
791.59,180
791.653,182
791.716,199
791.78,193
791.843,187
791.906,190
791.97,186
792.033,173
792.097,162
792.16,141
792.223,122
792.287,119
792.35,109
792.414,99
792.477,98
792.54,103
792.604,112
792.667,118
792.731,119
792.794,122
792.858,122
792.921,127
792.984,148
793.048,154
793.111,169
793.175,173
793.238,180
793.302,190
793.365,191
793.428,207
793.492,210
793.555,205
793.619,205
793.682,198
793.746,177
793.809,160
793.873,140
793.936,118
794,110
794.063,109
794.126,110
794.19,115
794.253,114
794.317,122
794.38,128
794.444,136
794.507,148
794.571,147
794.634,153
794.698,153
794.761,146
794.825,158
794.888,160
794.952,174
795.015,195
795.079,210
795.142,213
795.206,227
795.269,250
795.333,249
795.396,257
795.46,248
795.523,238
795.587,244
795.651,249
795.714,254
795.778,243
795.841,224
795.905,205
795.968,186
796.032,187
796.095,177
796.159,170
796.222,160
796.286,152
796.35,159
796.413,167
796.477,162
796.54,160
796.604,170
796.667,169
796.731,161
796.795,156
796.858,153
796.922,160
796.985,176
797.049,193
797.113,209
797.176,220
797.24,229
797.303,222
797.367,226
797.431,243
797.494,255
797.558,274
797.621,277
797.685,286
797.749,266
797.812,246
797.876,219
797.939,185
798.003,168
798.067,155
798.13,155
798.194,160
798.258,172
798.321,186
798.385,200
798.449,225
798.512,245
798.576,261
798.64,254
798.703,243
798.767,234
798.83,207
798.894,206
798.958,201
799.021,190
799.085,190
799.149,198
799.213,196
799.276,194
799.34,194
799.404,202
799.467,213
799.531,234
799.595,233
799.658,211
799.722,192
799.786,154
799.849,138
799.913,142
799.977,147
800.041,160
800.104,180
800.168,187
800.232,190
800.295,184
800.359,165
800.423,159
800.487,147
800.55,154
800.614,158
800.678,158
800.742,157
800.805,155
800.869,154
800.933,167
800.997,185
801.06,203
801.124,205
801.188,201
801.252,192
801.315,175
801.379,174
801.443,181
801.507,181
801.57,172
801.634,155
801.698,144
801.762,144
801.825,156
801.889,168
801.953,163
802.017,163
802.081,158
802.144,150
802.208,148
802.272,149
802.336,144
802.4,148
802.463,147
802.527,152
802.591,140
802.655,141
802.719,136
802.783,126
802.846,129
802.91,140
802.974,155
803.038,164
803.102,165
803.166,166
803.229,160
803.293,154
803.357,144
803.421,135
803.485,139
803.549,156
803.612,160
803.676,170
803.74,164
803.804,155
803.868,145
803.932,141
803.996,134
804.059,122
804.123,112
804.187,108
804.251,107
804.315,104
804.379,101
804.443,95
804.507,90
804.571,83
804.634,90
804.698,103
804.762,111
804.826,118
804.89,126
804.954,140
805.018,149
805.082,160
805.146,178
805.21,174
805.274,168
805.337,161
805.401,145
805.465,148
805.529,142
805.593,125
805.657,119
805.721,120
805.785,132
805.849,153
805.913,161
805.977,167
806.041,177
806.105,176
806.169,188
806.233,195
806.297,200
806.361,210
806.425,218
806.489,221
806.553,220
806.616,218
806.68,217
806.744,212
806.808,210
806.872,205
806.936,203
807,204
807.064,216
807.128,224
807.192,235
807.256,226
807.32,207
807.384,182
807.448,154
807.512,136
807.576,130
807.64,128
807.704,126
807.768,130
807.833,137
807.897,147
807.961,152
808.025,151
808.089,147
808.153,138
808.217,155
808.281,159
808.345,168
808.409,170
808.473,162
808.537,185
808.601,176
808.665,174
808.729,170
808.793,154
808.857,154
808.921,159
808.985,161
809.049,158
809.114,167
809.178,175
809.242,177
809.306,205
809.37,244
809.434,291
809.498,337
809.562,367
809.626,372
809.69,354
809.754,339
809.819,315
809.883,291
809.947,260
810.011,240
810.075,218
810.139,213
810.203,213
810.267,218
810.331,242
810.396,295
810.46,346
810.524,407
810.588,449
810.652,453
810.716,460
810.78,454
810.845,430
810.909,395
810.973,369
811.037,330
811.101,318
811.165,316
811.229,302
811.294,302
811.358,279
811.422,265
811.486,258
811.55,257
811.614,247
811.679,234
811.743,221
811.807,205
811.871,183
811.935,177
812,173
812.064,151
812.128,140
812.192,144
812.256,147
812.321,172
812.385,194
812.449,216
812.513,239
812.577,254
812.642,249
812.706,214
812.77,189
812.834,164
812.899,158
812.963,166
813.027,167
813.091,166
813.155,155
813.22,167
813.284,178
813.348,194
813.412,225
813.477,239
813.541,254
813.605,272
813.669,251
813.734,234
813.798,213
813.862,203
813.927,223
813.991,236
814.055,252
814.119,263
814.184,263
814.248,261
814.312,261
814.376,260
814.441,245
814.505,228
814.569,203
814.634,167
814.698,150
814.762,137
814.827,125
814.891,122
814.955,112
815.019,118
815.084,118
815.148,130
815.212,153
815.277,165
815.341,181
815.405,196
815.47,200
815.534,208
815.598,204
815.663,215
815.727,199
815.791,172
815.856,159
815.92,136
815.984,136
816.049,158
816.113,171
816.178,195
816.242,231
816.306,277
816.371,321
816.435,373
816.499,421
816.564,444
816.628,449
816.692,446
816.757,426
816.821,390
816.886,363
816.95,351
817.014,338
817.079,360
817.143,384
817.208,420
817.272,471
817.336,576
817.401,686
817.465,762
817.53,802
817.594,745
817.658,690
817.723,623
817.787,553
817.852,490
817.916,425
817.981,366
818.045,317
818.109,324
818.174,338
818.238,361
818.303,408
818.367,447
818.432,485
818.496,508
818.561,525
818.625,517
818.689,489
818.754,443
818.818,402
818.883,358
818.947,327
819.012,308
819.076,286
819.141,288
819.205,278
819.27,288
819.334,300
819.399,311
819.463,327
819.528,329
819.592,328
819.657,316
819.721,307
819.786,294
819.85,273
819.915,250
819.979,231
820.044,212
820.108,198
820.173,205
820.237,221
820.302,231
820.366,257
820.431,270
820.495,279
820.56,284
820.624,290
820.689,288
820.753,275
820.818,274
820.883,254
820.947,249
821.012,248
821.076,236
821.141,234
821.205,235
821.27,240
821.334,240
821.399,242
821.464,236
821.528,224
821.593,223
821.657,216
821.722,224
821.786,228
821.851,231
821.916,236
821.98,226
822.045,222
822.109,214
822.174,216
822.239,212
822.303,206
822.368,221
822.432,215
822.497,235
822.562,253
822.626,262
822.691,280
822.756,260
822.82,234
822.885,214
822.949,202
823.014,205
823.079,218
823.143,216
823.208,211
823.273,217
823.337,218
823.402,235
823.467,261
823.531,282
823.596,294
823.66,312
823.725,295
823.79,280
823.854,271
823.919,250
823.984,244
824.048,247
824.113,243
824.178,240
824.242,260
824.307,256
824.372,262
824.437,266
824.501,238
824.566,232
824.631,226
824.695,212
824.76,202
824.825,191
824.889,185
824.954,186
825.019,185
825.084,173
825.148,167
825.213,156
825.278,149
825.342,152
825.407,154
825.472,161
825.537,171
825.601,178
825.666,176
825.731,178
825.796,177
825.86,168
825.925,162
825.99,159
826.055,152
826.119,148
826.184,151
826.249,158
826.314,173
826.378,190
826.443,202
826.508,205
826.573,204
826.637,192
826.702,192
826.767,185
826.832,173
826.897,160
826.961,147
827.026,137
827.091,131
827.156,160
827.221,182
827.285,202
827.35,228
827.415,230
827.48,218
827.545,215
827.609,210
827.674,188
827.739,166
827.804,148
827.869,129
827.933,127
827.998,128
828.063,130
828.128,121
828.193,125
828.258,125
828.322,115
828.387,124
828.452,127
828.517,135
828.582,152
828.647,150
828.712,150
828.776,154
828.841,162
828.906,165
828.971,168
829.036,169
829.101,172
829.166,169
829.231,178
829.295,188
829.36,183
829.425,197
829.49,208
829.555,214
829.62,217
829.685,202
829.75,189
829.815,178
829.879,175
829.944,171
830.009,167
830.074,167
830.139,171
830.204,171
830.269,177
830.334,176
830.399,169
830.464,182
830.529,195
830.594,201
830.658,212
830.723,208
830.788,205
830.853,197
830.918,180
830.983,166
831.048,159
831.113,156
831.178,168
831.243,188
831.308,207
831.373,222
831.438,233
831.503,251
831.568,242
831.633,229
831.698,205
831.763,178
831.828,174
831.893,174
831.958,174
832.023,180
832.088,190
832.153,201
832.218,221
832.283,264
832.348,310
832.413,352
832.478,394
832.543,416
832.608,404
832.673,384
832.738,367
832.803,340
832.868,334
832.933,322
832.998,315
833.063,333
833.128,362
833.193,393
833.258,445
833.323,488
833.388,550
833.453,603
833.518,643
833.583,657
833.648,631
833.713,599
833.778,546
833.843,478
833.908,422
833.973,377
834.039,341
834.104,324
834.169,329
834.234,328
834.299,354
834.364,364
834.429,394
834.494,421
834.559,423
834.624,432
834.689,386
834.754,349
834.82,309
834.885,275
834.95,269
835.015,265
835.08,268
835.145,277
835.21,295
835.275,314
835.34,342
835.406,354
835.471,377
835.536,375
835.601,385
835.666,385
835.731,354
835.796,325
835.861,307
835.927,286
835.992,286
836.057,295
836.122,309
836.187,317
836.252,327
836.318,340
836.383,335
836.448,348
836.513,350
836.578,346
836.643,347
836.709,338
836.774,321
836.839,308
836.904,300
836.969,274
837.034,266
837.1,264
837.165,252
837.23,274
837.295,290
837.36,315
837.426,347
837.491,358
837.556,361
837.621,351
837.686,326
837.752,305
837.817,298
837.882,296
837.947,308
838.013,308
838.078,295
838.143,305
838.208,305
838.273,317
838.339,344
838.404,355
838.469,375
838.534,427
838.6,460
838.665,488
838.73,521
838.795,516
838.861,479
838.926,440
838.991,400
839.056,364
839.122,354
839.187,342
839.252,313
839.318,315
839.383,334
839.448,356
839.513,375
839.579,393
839.644,391
839.709,394
839.775,447
839.84,507
839.905,675
839.97,878
840.036,1126
840.101,1673
840.166,2494
840.232,3503
840.297,4664
840.362,5734
840.428,6464
840.493,6941
840.558,7099
840.624,6754
840.689,6132
840.754,5438
840.82,4736
840.885,4196
840.95,3812
841.016,3549
841.081,3451
841.146,3646
841.212,4115
841.277,4775
841.342,5537
841.408,6230
841.473,6677
841.538,6865
841.604,6755
841.669,6308
841.735,5695
841.8,5065
841.865,4473
841.931,4030
841.996,3704
842.061,3464
842.127,3368
842.192,3483
842.258,3844
842.323,4325
842.388,4840
842.454,5249
842.519,5460
842.585,5441
842.65,5265
842.715,4874
842.781,4386
842.846,3927
842.912,3520
842.977,3216
843.043,3030
843.108,2931
843.173,2875
843.239,2948
843.304,3131
843.37,3329
843.435,3531
843.501,3668
843.566,3705
843.631,3642
843.697,3508
843.762,3290
843.828,3039
843.893,2811
843.959,2600
844.024,2456
844.09,2348
844.155,2270
844.221,2216
844.286,2210
844.352,2259
844.417,2345
844.482,2430
844.548,2480
844.613,2490
844.679,2452
844.744,2395
844.81,2322
844.875,2207
844.941,2100
845.006,2000
845.072,1905
845.137,1796
845.203,1701
845.268,1609
845.334,1553
845.399,1608
845.465,1650
845.53,1708
845.596,1740
845.662,1701
845.727,1655
845.793,1593
845.858,1527
845.924,1453
845.989,1365
846.055,1271
846.12,1201
846.186,1182
846.251,1169
846.317,1183
846.382,1234
846.448,1330
846.514,1424
846.579,1500
846.645,1527
846.71,1484
846.776,1443
846.841,1382
846.907,1320
846.973,1224
847.038,1128
847.104,999
847.169,872
847.235,781
847.3,696
847.366,634
847.432,608
847.497,655
847.563,691
847.628,749
847.694,788
847.76,820
847.825,862
847.891,878
847.957,872
848.022,815
848.088,758
848.153,704
848.219,639
848.285,569
848.35,502
848.416,455
848.482,448
848.547,514
848.613,562
848.678,598
848.744,615
848.81,595
848.875,587
848.941,571
849.007,550
849.072,523
849.138,500
849.204,468
849.269,433
849.335,416
849.401,395
849.466,403
849.532,418
849.598,448
849.663,471
849.729,465
849.795,464
849.86,426
849.926,396
849.992,380
850.058,386
850.123,405
850.189,420
850.255,427
850.32,417
850.386,400
850.452,402
850.518,380
850.583,382
850.649,398
850.715,390
850.78,391
850.846,373
850.912,358
850.978,357
851.043,346
851.109,339
851.175,333
851.241,318
851.306,303
851.372,290
851.438,292
851.504,308
851.569,315
851.635,323
851.701,313
851.767,311
851.832,314
851.898,308
851.964,311
852.03,307
852.095,291
852.161,281
852.227,268
852.293,261
852.359,250
852.424,251
852.49,267
852.556,270
852.622,284
852.688,295
852.753,300
852.819,310
852.885,301
852.951,294
853.017,296
853.082,282
853.148,281
853.214,301
853.28,319
853.346,347
853.412,390
853.477,437
853.543,470
853.609,505
853.675,531
853.741,546
853.807,514
853.872,487
853.938,472
854.004,421
854.07,409
854.136,397
854.202,385
854.268,398
854.333,452
854.399,511
854.465,574
854.531,658
854.597,674
854.663,679
854.729,659
854.795,610
854.86,562
854.926,513
854.992,465
855.058,423
855.124,421
855.19,425
855.256,445
855.322,503
855.388,568
855.454,641
855.519,719
855.585,784
855.651,797
855.717,809
855.783,814
855.849,764
855.915,706
855.981,648
856.047,585
856.113,585
856.179,684
856.245,799
856.311,977
856.376,1199
856.442,1459
856.508,1696
856.574,1871
856.64,1914
856.706,1785
856.772,1643
856.838,1470
856.904,1297
856.97,1160
857.036,1032
857.102,937
857.168,925
857.234,1069
857.3,1229
857.366,1424
857.432,1660
857.498,1867
857.564,2082
857.63,2237
857.696,2231
857.762,2056
857.828,1844
857.894,1628
857.96,1429
858.026,1298
858.092,1183
858.158,1053
858.224,1018
858.29,1067
858.356,1146
858.422,1251
858.488,1390
858.554,1502
858.62,1581
858.686,1646
858.752,1602
858.818,1477
858.884,1357
858.95,1218
859.016,1092
859.082,1016
859.148,927
859.215,848
859.281,830
859.347,868
859.413,920
859.479,960
859.545,997
859.611,978
859.677,951
859.743,930
859.809,864
859.875,798
859.941,722
860.007,668
860.073,624
860.14,595
860.206,582
860.272,569
860.338,567
860.404,622
860.47,675
860.536,733
860.602,788
860.668,784
860.735,784
860.801,778
860.867,739
860.933,687
860.999,645
861.065,608
861.131,572
861.197,563
861.264,543
861.33,523
861.396,537
861.462,578
861.528,623
861.594,668
861.66,660
861.727,616
861.793,589
861.859,539
861.925,503
861.991,469
862.057,430
862.123,386
862.19,353
862.256,348
862.322,353
862.388,358
862.454,389
862.521,417
862.587,438
862.653,459
862.719,477
862.785,470
862.852,472
862.918,475
862.984,460
863.05,464
863.116,472
863.183,466
863.249,454
863.315,463
863.381,470
863.447,478
863.514,483
863.58,473
863.646,467
863.712,459
863.779,441
863.845,412
863.911,382
863.977,346
864.043,328
864.11,333
864.176,337
864.242,345
864.308,349
864.375,359
864.441,373
864.507,389
864.574,426
864.64,411
864.706,408
864.772,391
864.839,357
864.905,352
864.971,346
865.037,340
865.104,335
865.17,337
865.236,345
865.303,347
865.369,374
865.435,401
865.501,417
865.568,443
865.634,464
865.7,458
865.767,445
865.833,433
865.899,393
865.966,366
866.032,340
866.098,320
866.165,319
866.231,336
866.297,339
866.364,342
866.43,347
866.496,328
866.563,314
866.629,302
866.695,304
866.762,311
866.828,320
866.894,340
866.961,351
867.027,352
867.093,350
867.16,342
867.226,344
867.293,347
867.359,362
867.425,377
867.492,395
867.558,403
867.624,399
867.691,387
867.757,357
867.824,344
867.89,322
867.956,306
868.023,317
868.089,322
868.156,338
868.222,355
868.288,372
868.355,379
868.421,376
868.488,394
868.554,406
868.62,406
868.687,405
868.753,395
868.82,393
868.886,375
868.953,365
869.019,354
869.085,336
869.152,344
869.218,357
869.285,370
869.351,403
869.418,440
869.484,471
869.551,498
869.617,520
869.684,512
869.75,489
869.816,460
869.883,417
869.949,397
870.016,382
870.082,374
870.149,367
870.215,368
870.282,364
870.348,355
870.415,375
870.481,379
870.548,377
870.614,387
870.681,393
870.747,383
870.814,388
870.88,370
870.947,337
871.013,326
871.08,314
871.146,312
871.213,306
871.279,315
871.346,316
871.412,340
871.479,360
871.545,395
871.612,429
871.679,452
871.745,473
871.812,479
871.878,470
871.945,455
872.011,446
872.078,431
872.144,428
872.211,434
872.278,446
872.344,481
872.411,510
872.477,538
872.544,584
872.61,615
872.677,635
872.744,649
872.81,635
872.877,615
872.943,599
873.01,588
873.076,597
873.143,607
873.21,616
873.276,630
873.343,681
873.409,763
873.476,844
873.543,923
873.609,968
873.676,973
873.743,964
873.809,944
873.876,903
873.942,809
874.009,728
874.076,669
874.142,605
874.209,580
874.276,573
874.342,555
874.409,547
874.476,587
874.542,609
874.609,628
874.675,622
874.742,609
874.809,599
874.875,587
874.942,572
875.009,557
875.075,539
875.142,534
875.209,543
875.275,562
875.342,577
875.409,594
875.476,615
875.542,601
875.609,603
875.676,596
875.742,569
875.809,532
875.876,496
875.942,470
876.009,429
876.076,426
876.143,415
876.209,406
876.276,403
876.343,412
876.409,423
876.476,422
876.543,428
876.61,414
876.676,407
876.743,398
876.81,378
876.877,356
876.943,324
877.01,306
877.077,286
877.143,278
877.21,281
877.277,286
877.344,310
877.411,325
877.477,344
877.544,370
877.611,382
877.678,385
877.744,392
877.811,384
877.878,378
877.945,368
878.011,349
878.078,339
878.145,321
878.212,322
878.279,321
878.345,322
878.412,333
878.479,334
878.546,334
878.613,323
878.679,302
878.746,287
878.813,285
878.88,272
878.947,261
879.014,249
879.08,232
879.147,227
879.214,239
879.281,255
879.348,269
879.415,303
879.481,313
879.548,314
879.615,321
879.682,306
879.749,307
879.816,301
879.882,288
879.949,263
880.016,243
880.083,233
880.15,217
880.217,217
880.284,224
880.351,223
880.417,235
880.484,237
880.551,235
880.618,240
880.685,246
880.752,252
880.819,240
880.886,226
880.952,210
881.019,198
881.086,196
881.153,207
881.22,222
881.287,217
881.354,212
881.421,205
881.488,188
881.555,193
881.622,205
881.689,219
881.755,238
881.822,245
881.889,258
881.956,258
882.023,270
882.09,277
882.157,279
882.224,267
882.291,265
882.358,263
882.425,281
882.492,310
882.559,337
882.626,357
882.693,350
882.76,336
882.827,317
882.894,301
882.961,286
883.028,283
883.095,283
883.162,276
883.228,280
883.295,275
883.362,280
883.429,282
883.496,278
883.563,281
883.63,278
883.697,283
883.764,277
883.831,288
883.898,293
883.965,300
884.032,306
884.1,300
884.167,303
884.234,290
884.301,281
884.368,294
884.435,306
884.502,317
884.569,342
884.636,326
884.703,317
884.77,325
884.837,325
884.904,342
884.971,359
885.038,349
885.105,344
885.172,347
885.239,336
885.306,345
885.373,354
885.44,356
885.507,365
885.575,376
885.642,369
885.709,358
885.776,346
885.843,330
885.91,327
885.977,320
886.044,314
886.111,301
886.178,283
886.245,295
886.313,294
886.38,298
886.447,306
886.514,320
886.581,331
886.648,341
886.715,340
886.782,317
886.849,302
886.917,272
886.984,257
887.051,248
887.118,234
887.185,231
887.252,219
887.319,227
887.387,230
887.454,250
887.521,292
887.588,311
887.655,322
887.722,342
887.789,343
887.857,351
887.924,360
887.991,334
888.058,322
888.125,318
888.192,321
888.26,323
888.327,324
888.394,344
888.461,355
888.528,378
888.596,398
888.663,394
888.73,399
888.797,405
888.864,385
888.932,361
888.999,345
889.066,324
889.133,336
889.2,365
889.268,399
889.335,434
889.402,444
889.469,464
889.536,470
889.604,474
889.671,479
889.738,457
889.805,419
889.873,405
889.94,400
890.007,382
890.074,364
890.142,347
890.209,334
890.276,350
890.343,377
890.411,398
890.478,413
890.545,411
890.612,408
890.68,395
890.747,387
890.814,370
890.882,355
890.949,339
891.016,320
891.083,305
891.151,289
891.218,291
891.285,297
891.353,334
891.42,365
891.487,386
891.554,409
891.622,417
891.689,417
891.756,428
891.824,396
891.891,367
891.958,344
892.026,305
892.093,293
892.16,287
892.228,285
892.295,302
892.362,309
892.43,322
892.497,332
892.564,341
892.632,347
892.699,334
892.766,322
892.834,323
892.901,320
892.968,319
893.036,320
893.103,310
893.17,304
893.238,297
893.305,298
893.373,292
893.44,314
893.507,318
893.575,322
893.642,331
893.709,320
893.777,314
893.844,287
893.912,266
893.979,236
894.046,223
894.114,211
894.181,214
894.249,207
894.316,213
894.383,224
894.451,225
894.518,227
894.586,243
894.653,251
894.721,255
894.788,263
894.855,262
894.923,267
894.99,276
895.058,294
895.125,296
895.193,295
895.26,283
895.328,276
895.395,270
895.462,261
895.53,261
895.597,247
895.665,249
895.732,245
895.8,239
895.867,229
895.935,222
896.002,212
896.07,205
896.137,187
896.205,180
896.272,175
896.34,173
896.407,183
896.475,201
896.542,218
896.609,225
896.677,233
896.744,220
896.812,213
896.88,208
896.947,228
897.015,245
897.082,267
897.15,283
897.217,291
897.285,277
897.352,267
897.42,251
897.487,231
897.555,230
897.622,235
897.69,240
897.757,232
897.825,207
897.892,178
897.96,164
898.028,158
898.095,166
898.163,172
898.23,176
898.298,175
898.365,199
898.433,225
898.5,253
898.568,276
898.636,274
898.703,266
898.771,256
898.838,243
898.906,234
898.973,231
899.041,219
899.109,226
899.176,224
899.244,230
899.311,228
899.379,245
899.447,270
899.514,274
899.582,276
899.649,255
899.717,238
899.785,226
899.852,211
899.92,213
899.988,208
900.055,211
900.123,206
900.19,198
900.258,199
900.326,195
900.393,198
900.461,221
900.529,235
900.596,262
900.664,271
900.732,280
900.799,267
900.867,255
900.935,265
901.002,251
901.07,249
901.138,245
901.205,228
901.273,216
901.341,210
901.408,224
901.476,216
901.544,225
901.611,224
901.679,224
901.747,222
901.814,221
901.882,220
901.95,217
902.018,224
902.085,232
902.153,231
902.221,223
902.288,212
902.356,203
902.424,217
902.492,228
902.559,236
902.627,256
902.695,267
902.762,272
902.83,277
902.898,267
902.966,241
903.033,214
903.101,193
903.169,169
903.237,178
903.304,187
903.372,211
903.44,239
903.508,281
903.575,309
903.643,336
903.711,341
903.779,335
903.846,341
903.914,332
903.982,338
904.05,334
904.118,319
904.185,319
904.253,307
904.321,298
904.389,297
904.457,287
904.524,288
904.592,282
904.66,289
904.728,278
904.796,285
904.863,295
904.931,297
904.999,317
905.067,319
905.135,318
905.202,319
905.27,308
905.338,306
905.406,319
905.474,323
905.542,332
905.609,339
905.677,330
905.745,311
905.813,300
905.881,280
905.949,278
906.017,288
906.084,290
906.152,300
906.22,313
906.288,328
906.356,345
906.424,356
906.492,357
906.559,355
906.627,367
906.695,371
906.763,368
906.831,361
906.899,332
906.967,307
907.035,294
907.103,281
907.17,274
907.238,267
907.306,257
907.374,254
907.442,255
907.51,271
907.578,292
907.646,309
907.714,318
907.782,311
907.85,313
907.917,316
907.985,312
908.053,300
908.121,285
908.189,264
908.257,253
908.325,238
908.393,241
908.461,246
908.529,262
908.597,297
908.665,295
908.733,297
908.801,289
908.869,287
908.937,276
909.005,273
909.073,275
909.141,294
909.209,308
909.277,331
909.345,348
909.412,352
909.48,360
909.548,371
909.616,359
909.684,348
909.752,347
909.82,338
909.888,341
909.956,332
910.024,304
910.092,276
910.16,264
910.228,240
910.297,246
910.365,253
910.433,241
910.501,248
910.569,253
910.637,261
910.705,271
910.773,293
910.841,314
910.909,334
910.977,362
911.045,359
911.113,343
911.181,336
911.249,306
911.317,293
911.385,286
911.453,282
911.521,285
911.589,279
911.657,268
911.725,256
911.794,246
911.862,224
911.93,216
911.998,204
912.066,194
912.134,194
912.202,210
912.27,226
912.338,232
912.406,254
912.474,264
912.542,283
912.611,303
912.679,309
912.747,302
912.815,284
912.883,271
912.951,236
913.019,206
913.087,185
913.156,166
913.224,159
913.292,187
913.36,216
913.428,256
913.496,293
913.564,325
913.632,340
913.701,348
913.769,351
913.837,330
913.905,310
913.973,279
914.041,270
914.11,271
914.178,274
914.246,296
914.314,291
914.382,304
914.45,320
914.519,319
914.587,315
914.655,313
914.723,296
914.791,279
914.859,261
914.928,232
914.996,206
915.064,190
915.132,198
915.2,215
915.269,237
915.337,265
915.405,278
915.473,282
915.541,277
915.61,266
915.678,266
915.746,260
915.814,263
915.883,264
915.951,262
916.019,263
916.087,265
916.156,253
916.224,257
916.292,263
916.36,265
916.429,266
916.497,272
916.565,279
916.633,284
916.702,300
916.77,295
916.838,289
916.906,278
916.975,267
917.043,279
917.111,298
917.179,318
917.248,340
917.316,337
917.384,323
917.453,317
917.521,310
917.589,294
917.657,283
917.726,267
917.794,245
917.862,245
917.931,259
917.999,273
918.067,285
918.136,289
918.204,283
918.272,293
918.341,291
918.409,293
918.477,307
918.545,317
918.614,338
918.682,348
918.75,362
918.819,362
918.887,359
918.956,356
919.024,335
919.092,313
919.161,308
919.229,298
919.297,311
919.366,329
919.434,352
919.502,373
919.571,365
919.639,356
919.707,337
919.776,309
919.844,298
919.913,292
919.981,276
920.049,273
920.118,262
920.186,255
920.255,252
920.323,252
920.391,262
920.46,268
920.528,288
920.597,276
920.665,277
920.733,269
920.802,272
920.87,277
920.939,277
921.007,283
921.075,275
921.144,281
921.212,279
921.281,288
921.349,290
921.418,285
921.486,302
921.554,297
921.623,312
921.691,315
921.76,296
921.828,273
921.897,248
921.965,232
922.034,224
922.102,222
922.171,214
922.239,221
922.307,229
922.376,239
922.444,237
922.513,230
922.581,232
922.65,229
922.718,238
922.787,237
922.855,232
922.924,237
922.992,220
923.061,205
923.129,201
923.198,189
923.266,190
923.335,197
923.403,220
923.472,227
923.54,249
923.609,263
923.677,254
923.746,253
923.814,250
923.883,247
923.952,248
924.02,247
924.089,257
924.157,251
924.226,257
924.294,265
924.363,251
924.431,243
924.5,239
924.568,244
924.637,250
924.706,258
924.774,260
924.843,248
924.911,248
924.98,243
925.048,237
925.117,219
925.186,212
925.254,196
925.323,190
925.391,193
925.46,204
925.528,229
925.597,234
925.666,251
925.734,254
925.803,247
925.871,240
925.94,235
926.009,214
926.077,206
926.146,201
926.215,191
926.283,198
926.352,208
926.42,221
926.489,236
926.558,256
926.626,272
926.695,277
926.764,275
926.832,272
926.901,255
926.969,260
927.038,265
927.107,260
927.175,268
927.244,242
927.313,219
927.381,213
927.45,212
927.519,234
927.587,261
927.656,283
927.725,286
927.793,294
927.862,295
927.931,292
927.999,291
928.068,275
928.137,273
928.206,264
928.274,254
928.343,236
928.412,213
928.48,202
928.549,191
928.618,197
928.686,198
928.755,213
928.824,210
928.893,220
928.961,227
929.03,238
929.099,244
929.167,235
929.236,217
929.305,189
929.374,185
929.442,195
929.511,212
929.58,237
929.649,273
929.717,282
929.786,284
929.855,285
929.924,274
929.992,256
930.061,243
930.13,216
930.199,192
930.267,193
930.336,196
930.405,209
930.474,227
930.543,246
930.611,263
930.68,272
930.749,300
930.818,308
930.886,307
930.955,315
931.024,307
931.093,282
931.162,264
931.23,245
931.299,232
931.368,244
931.437,258
931.506,288
931.575,305
931.643,333
931.712,365
931.781,387
931.85,388
931.919,343
931.987,300
932.056,263
932.125,231
932.194,228
932.263,219
932.332,226
932.401,221
932.469,224
932.538,235
932.607,228
932.676,230
932.745,223
932.814,210
932.883,203
932.951,196
933.02,205
933.089,210
933.158,216
933.227,226
933.296,235
933.365,248
933.434,255
933.502,262
933.571,275
933.64,278
933.709,301
933.778,286
933.847,274
933.916,261
933.985,242
934.054,259
934.123,257
934.192,265
934.26,273
934.329,280
934.398,295
934.467,304
934.536,309
934.605,303
934.674,291
934.743,281
934.812,266
934.881,254
934.95,243
935.019,231
935.088,223
935.157,201
935.226,193
935.295,192
935.363,184
935.432,198
935.501,209
935.57,226
935.639,248
935.708,268
935.777,265
935.846,266
935.915,258
935.984,238
936.053,236
936.122,238
936.191,240
936.26,248
936.329,271
936.398,295
936.467,320
936.536,336
936.605,337
936.674,332
936.743,339
936.812,332
936.881,317
936.95,303
937.019,261
937.088,241
937.157,251
937.226,261
937.295,277
937.364,284
937.433,293
937.502,290
937.572,292
937.641,279
937.71,268
937.779,258
937.848,262
937.917,265
937.986,257
938.055,256
938.124,250
938.193,236
938.262,240
938.331,250
938.4,245
938.469,257
938.538,275
938.607,294
938.677,305
938.746,313
938.815,314
938.884,313
938.953,321
939.022,317
939.091,300
939.16,278
939.229,255
939.298,252
939.367,256
939.437,277
939.506,304
939.575,324
939.644,344
939.713,359
939.782,370
939.851,364
939.92,346
939.99,320
940.059,292
940.128,283
940.197,284
940.266,304
940.335,305
940.404,317
940.474,336
940.543,336
940.612,347
940.681,345
940.75,331
940.819,327
940.889,317
940.958,304
941.027,299
941.096,289
941.165,284
941.234,291
941.304,286
941.373,286
941.442,273
941.511,267
941.58,265
941.65,275
941.719,302
941.788,305
941.857,303
941.926,296
941.996,274
942.065,270
942.134,262
942.203,266
942.272,252
942.342,265
942.411,285
942.48,313
942.549,342
942.619,360
942.688,376
942.757,379
942.826,383
942.895,359
942.965,335
943.034,314
943.103,283
943.172,255
943.242,251
943.311,247
943.38,239
943.449,244
943.519,254
943.588,269
943.657,279
943.727,286
943.796,306
943.865,311
943.934,312
944.004,313
944.073,286
944.142,263
944.212,248
944.281,220
944.35,213
944.419,213
944.489,215
944.558,225
944.627,239
944.697,253
944.766,263
944.835,252
944.905,251
944.974,243
945.043,252
945.112,274
945.182,272
945.251,275
945.32,257
945.39,236
945.459,233
945.528,232
945.598,239
945.667,253
945.737,264
945.806,264
945.875,269
945.945,268
946.014,268
946.083,269
946.153,267
946.222,255
946.291,246
946.361,234
946.43,223
946.499,236
946.569,255
946.638,273
946.708,280
946.777,282
946.846,260
946.916,242
946.985,235
947.055,213
947.124,207
947.193,197
947.263,179
947.332,188
947.402,185
947.471,194
947.54,191
947.61,184
947.679,182
947.749,182
947.818,189
947.888,198
947.957,199
948.026,183
948.096,175
948.165,162
948.235,151
948.304,159
948.374,152
948.443,160
948.512,178
948.582,189
948.651,203
948.721,207
948.79,205
948.86,202
948.929,195
948.999,189
949.068,174
949.138,165
949.207,150
949.277,148
949.346,165
949.416,175
949.485,185
949.554,210
949.624,224
949.693,242
949.763,258
949.832,260
949.902,232
949.971,211
950.041,176
950.11,165
950.18,176
950.25,186
950.319,184
950.389,173
950.458,176
950.528,179
950.597,201
950.667,216
950.736,219
950.806,229
950.875,227
950.945,233
951.014,244
951.084,245
951.153,250
951.223,247
951.293,252
951.362,260
951.432,258
951.501,257
951.571,250
951.64,236
951.71,224
951.779,206
951.849,193
951.919,175
951.988,168
952.058,179
952.127,190
952.197,192
952.267,196
952.336,202
952.406,202
952.475,195
952.545,195
952.614,195
952.684,202
952.754,208
952.823,221
952.893,222
952.963,213
953.032,202
953.102,189
953.171,183
953.241,180
953.311,187
953.38,196
953.45,207
953.52,225
953.589,252
953.659,263
953.728,261
953.798,254
953.868,241
953.937,225
954.007,225
954.077,235
954.146,241
954.216,257
954.286,258
954.355,262
954.425,251
954.495,240
954.564,231
954.634,234
954.704,239
954.773,236
954.843,243
954.913,233
954.982,226
955.052,222
955.122,222
955.192,216
955.261,213
955.331,216
955.401,206
955.47,201
955.54,212
955.61,205
955.679,211
955.749,221
955.819,228
955.889,235
955.958,232
956.028,246
956.098,265
956.168,272
956.237,281
956.307,270
956.377,265
956.447,267
956.516,279
956.586,289
956.656,283
956.726,278
956.795,274
956.865,271
956.935,254
957.005,247
957.074,226
957.144,203
957.214,195
957.284,180
957.353,189
957.423,213
957.493,237
957.563,254
957.633,280
957.702,296
957.772,301
957.842,318
957.912,318
957.982,288
958.051,263
958.121,226
958.191,210
958.261,231
958.331,245
958.4,265
958.47,298
958.54,334
958.61,362
958.68,399
958.749,421
958.819,431
958.889,437
958.959,433
959.029,406
959.099,369
959.168,346
959.238,313
959.308,292
959.378,297
959.448,310
959.518,329
959.588,362
959.657,361
959.727,364
959.797,371
959.867,375
959.937,375
960.007,357
960.077,338
960.147,319
960.216,318
960.286,318
960.356,299
960.426,279
960.496,280
960.566,295
960.636,304
960.706,317
960.776,321
960.845,319
960.915,317
960.985,320
961.055,306
961.125,292
961.195,272
961.265,266
961.335,270
961.405,269
961.475,282
961.545,278
961.615,287
961.685,293
961.754,300
961.824,314
961.894,296
961.964,282
962.034,260
962.104,240
962.174,214
962.244,201
962.314,182
962.384,167
962.454,189
962.524,205
962.594,231
962.664,251
962.734,248
962.804,238
962.874,217
962.944,188
963.014,169
963.084,163
963.154,175
963.224,187
963.294,190
963.364,189
963.434,190
963.504,193
963.574,201
963.644,201
963.714,194
963.784,200
963.854,190
963.924,191
963.994,195
964.064,193
964.134,206
964.204,212
964.274,210
964.344,208
964.414,200
964.484,202
964.554,202
964.624,209
964.694,204
964.764,205
964.834,212
964.904,211
964.974,222
965.045,238
965.115,233
965.185,216
965.255,208
965.325,194
965.395,183
965.465,190
965.535,212
965.605,214
965.675,225
965.745,238
965.815,228
965.885,225
965.956,230
966.026,230
966.096,221
966.166,222
966.236,205
966.306,197
966.376,207
966.446,216
966.516,228
966.586,246
966.657,269
966.727,286
966.797,302
966.867,309
966.937,309
967.007,304
967.077,308
967.148,304
967.218,293
967.288,280
967.358,274
967.428,257
967.498,270
967.568,280
967.639,287
967.709,298
967.779,265
967.849,240
967.919,226
967.989,211
968.06,212
968.13,217
968.2,213
968.27,210
968.34,228
968.41,231
968.481,251
968.551,256
968.621,259
968.691,266
968.761,256
968.832,266
968.902,271
968.972,279
969.042,299
969.112,318
969.183,323
969.253,308
969.323,304
969.393,295
969.463,297
969.534,303
969.604,302
969.674,289
969.744,280
969.815,269
969.885,257
969.955,234
970.025,219
970.096,216
970.166,208
970.236,211
970.306,226
970.377,234
970.447,244
970.517,246
970.587,253
970.658,257
970.728,259
970.798,262
970.868,237
970.939,228
971.009,214
971.079,194
971.15,202
971.22,197
971.29,198
971.36,213
971.431,232
971.501,245
971.571,267
971.642,286
971.712,283
971.782,294
971.853,288
971.923,273
971.993,248
972.064,230
972.134,214
972.204,205
972.274,208
972.345,210
972.415,229
972.485,255
972.556,275
972.626,292
972.696,297
972.767,292
972.837,278
972.908,269
972.978,257
973.048,237
973.119,230
973.189,224
973.259,237
973.33,245
973.4,260
973.47,264
973.541,277
973.611,304
973.682,321
973.752,339
973.822,333
973.893,321
973.963,305
974.033,291
974.104,266
974.174,252
974.245,238
974.315,230
974.385,234
974.456,237
974.526,253
974.597,261
974.667,252
974.738,241
974.808,218
974.878,198
974.949,189
975.019,178
975.09,185
975.16,184
975.23,186
975.301,191
975.371,210
975.442,230
975.512,255
975.583,247
975.653,254
975.724,254
975.794,257
975.865,265
975.935,250
976.005,233
976.076,213
976.146,212
976.217,206
976.287,207
976.358,211
976.428,203
976.499,201
976.569,200
976.64,204
976.71,210
976.781,217
976.851,229
976.922,232
976.992,237
977.063,237
977.133,234
977.204,219
977.274,219
977.345,235
977.415,245
977.486,281
977.556,321
977.627,374
977.697,428
977.768,475
977.838,488
977.909,456
977.979,425
978.05,365
978.12,325
978.191,292
978.262,265
978.332,253
978.403,254
978.473,309
978.544,357
978.614,419
978.685,476
978.755,469
978.826,457
978.897,437
978.967,402
979.038,386
979.108,382
979.179,368
979.249,350
979.32,341
979.391,329
979.461,310
979.532,313
979.602,316
979.673,306
979.744,318
979.814,332
979.885,327
979.955,314
980.026,300
980.097,265
980.167,253
980.238,244
980.308,224
980.379,228
980.45,224
980.52,225
980.591,230
980.662,227
980.732,232
980.803,232
980.874,233
980.944,238
981.015,235
981.085,226
981.156,232
981.227,235
981.297,236
981.368,243
981.439,246
981.509,257
981.58,261
981.651,268
981.721,271
981.792,268
981.863,274
981.933,267
982.004,256
982.075,243
982.145,222
982.216,202
982.287,202
982.358,190
982.428,187
982.499,178
982.57,168
982.64,171
982.711,181
982.782,187
982.853,197
982.923,214
982.994,216
983.065,216
983.135,224
983.206,224
983.277,234
983.348,250
983.418,251
983.489,245
983.56,238
983.631,230
983.701,227
983.772,246
983.843,248
983.913,250
983.984,251
984.055,256
984.126,240
984.197,226
984.267,214
984.338,209
984.409,222
984.48,231
984.55,258
984.621,266
984.692,274
984.763,288
984.833,280
984.904,276
984.975,271
985.046,263
985.117,255
985.187,251
985.258,249
985.329,250
985.4,256
985.471,261
985.541,262
985.612,262
985.683,260
985.754,250
985.825,250
985.896,240
985.966,229
986.037,224
986.108,211
986.179,199
986.25,201
986.321,206
986.391,205
986.462,205
986.533,202
986.604,204
986.675,212
986.746,220
986.817,222
986.887,219
986.958,208
987.029,194
987.1,169
987.171,159
987.242,162
987.313,165
987.383,172
987.454,180
987.525,193
987.596,212
987.667,225
987.738,241
987.809,233
987.88,225
987.951,220
988.021,211
988.092,211
988.163,213
988.234,218
988.305,219
988.376,230
988.447,246
988.518,255
988.589,251
988.66,243
988.731,232
988.802,226
988.872,211
988.943,210
989.014,199
989.085,201
989.156,219
989.227,225
989.298,235
989.369,243
989.44,240
989.511,251
989.582,259
989.653,263
989.724,256
989.795,261
989.866,268
989.937,272
990.008,278
990.079,276
990.15,258
990.221,260
990.292,262
990.363,265
990.434,273
990.505,291
990.576,290
990.647,301
990.718,310
990.789,301
990.86,311
990.931,307
991.002,315
991.073,330
991.144,343
991.215,346
991.286,361
991.357,364
991.428,386
991.499,450
991.57,516
991.641,602
991.712,703
991.783,784
991.854,847
991.925,889
991.996,860
992.067,791
992.138,727
992.209,662
992.28,607
992.351,581
992.422,571
992.493,587
992.564,642
992.636,725
992.707,800
992.778,873
992.849,927
992.92,918
992.991,892
993.062,842
993.133,738
993.204,654
993.275,581
993.346,531
993.417,506
993.489,527
993.56,554
993.631,583
993.702,626
993.773,652
993.844,665
993.915,656
993.986,649
994.057,599
994.129,559
994.2,521
994.271,471
994.342,437
994.413,409
994.484,385
994.555,381
994.626,380
994.698,379
994.769,386
994.84,372
994.911,369
994.982,368
995.053,352
995.125,329
995.196,319
995.267,303
995.338,298
995.409,297
995.48,305
995.552,313
995.623,316
995.694,331
995.765,330
995.836,338
995.907,329
995.979,330
996.05,338
996.121,323
996.192,305
996.263,292
996.335,267
996.406,243
996.477,237
996.548,233
996.619,226
996.691,232
996.762,235
996.833,237
996.904,244
996.976,260
997.047,271
997.118,259
997.189,257
997.261,250
997.332,247
997.403,247
997.474,251
997.545,261
997.617,265
997.688,271
997.759,258
997.83,246
997.902,229
997.973,231
998.044,244
998.116,244
998.187,263
998.258,259
998.329,270
998.401,275
998.472,291
998.543,306
998.614,306
998.686,315
998.757,301
998.828,286
998.9,278
998.971,266
999.042,277
999.114,299
999.185,306
999.256,319
999.327,322
999.399,323
999.47,338
999.541,348
999.613,365
999.684,380
999.755,376
999.827,366
999.898,351
999.969,344
1000.041,320
1000.112,294
1000.183,265
1000.255,244
1000.326,248
1000.397,256
1000.469,275
1000.54,289
1000.612,309
1000.683,327
1000.754,336
1000.826,348
1000.897,330
1000.968,323
1001.04,312
1001.111,294
1001.182,286
1001.254,270
1001.325,253
1001.397,264
1001.468,302
1001.539,333
1001.611,373
1001.682,400
1001.754,397
1001.825,399
1001.896,389
1001.968,367
1002.039,352
1002.111,342
1002.182,321
1002.253,311
1002.325,288
1002.396,253
1002.468,238
1002.539,231
1002.611,252
1002.682,277
1002.753,296
1002.825,295
1002.896,264
1002.968,230
1003.039,201
1003.111,180
1003.182,171
1003.254,166
1003.325,168
1003.396,178
1003.468,207
1003.539,229
1003.611,254
1003.682,273
1003.754,288
1003.825,294
1003.897,296
1003.968,288
1004.04,274
1004.111,256
1004.183,249
1004.254,248
1004.326,236
1004.397,233
1004.469,221
1004.54,228
1004.612,234
1004.683,255
1004.755,277
1004.826,281
1004.898,287
1004.969,286
1005.041,263
1005.112,245
1005.184,234
1005.255,223
1005.327,220
1005.398,251
1005.47,301
1005.541,345
1005.613,414
1005.684,467
1005.756,521
1005.828,568
1005.899,591
1005.971,584
1006.042,551
1006.114,517
1006.185,479
1006.257,461
1006.328,446
1006.4,432
1006.472,443
1006.543,446
1006.615,470
1006.686,495
1006.758,516
1006.829,542
1006.901,554
1006.973,560
1007.044,547
1007.116,517
1007.187,487
1007.259,455
1007.331,412
1007.402,393
1007.474,406
1007.545,423
1007.617,455
1007.689,487
1007.76,494
1007.832,486
1007.904,488
1007.975,477
1008.047,438
1008.118,411
1008.19,374
1008.262,354
1008.333,371
1008.405,393
1008.477,414
1008.548,448
1008.62,496
1008.691,527
1008.763,552
1008.835,568
1008.906,532
1008.978,507
1009.05,482
1009.121,448
1009.193,428
1009.265,417
1009.336,402
1009.408,415
1009.48,459
1009.551,500
1009.623,544
1009.695,582
1009.767,592
1009.838,609
1009.91,609
1009.982,571
1010.053,523
1010.125,482
1010.197,434
1010.268,410
1010.34,408
1010.412,407
1010.484,423
1010.555,442
1010.627,476
1010.699,501
1010.77,528
1010.842,512
1010.914,465
1010.986,420
1011.057,387
1011.129,350
1011.201,341
1011.273,349
1011.344,341
1011.416,364
1011.488,363
1011.56,366
1011.631,365
1011.703,350
1011.775,338
1011.847,329
1011.918,317
1011.99,313
1012.062,303
1012.134,283
1012.205,268
1012.277,242
1012.349,241
1012.421,239
1012.493,228
1012.564,220
1012.636,224
1012.708,231
1012.78,251
1012.852,278
1012.923,296
1012.995,317
1013.067,331
1013.139,336
1013.211,325
1013.282,318
1013.354,302
1013.426,287
1013.498,272
1013.57,255
1013.642,238
1013.713,237
1013.785,230
1013.857,228
1013.929,231
1014.001,224
1014.073,221
1014.144,222
1014.216,225
1014.288,248
1014.36,268
1014.432,288
1014.504,306
1014.575,297
1014.647,298
1014.719,299
1014.791,289
1014.863,263
1014.935,242
1015.007,220
1015.079,208
1015.15,202
1015.222,211
1015.294,217
1015.366,229
1015.438,249
1015.51,264
1015.582,279
1015.654,291
1015.726,307
1015.798,312
1015.869,320
1015.941,330
1016.013,323
1016.085,314
1016.157,303
1016.229,296
1016.301,295
1016.373,296
1016.445,300
1016.517,303
1016.589,315
1016.661,332
1016.733,344
1016.804,353
1016.876,358
1016.948,350
1017.02,333
1017.092,314
1017.164,294
1017.236,280
1017.308,272
1017.38,280
1017.452,277
1017.524,278
1017.596,282
1017.668,272
1017.74,266
1017.812,261
1017.884,261
1017.956,255
1018.028,273
1018.1,277
1018.172,278
1018.244,279
1018.316,248
1018.388,229
1018.46,224
1018.532,217
1018.604,234
1018.676,257
1018.748,264
1018.82,263
1018.892,257
1018.964,244
1019.036,239
1019.108,230
1019.18,220
1019.252,222
1019.324,226
1019.396,233
1019.468,246
1019.54,264
1019.612,275
1019.684,289
1019.756,294
1019.828,284
1019.9,285
1019.972,282
1020.044,281
1020.116,274
1020.189,266
1020.261,270
1020.333,256
1020.405,250
1020.477,252
1020.549,241
1020.621,240
1020.693,243
1020.765,239
1020.837,234
1020.909,230
1020.981,229
1021.054,228
1021.126,234
1021.198,243
1021.27,233
1021.342,244
1021.414,237
1021.486,236
1021.558,236
1021.63,230
1021.702,246
1021.775,250
1021.847,257
1021.919,258
1021.991,265
1022.063,269
1022.135,270
1022.207,275
1022.279,260
1022.352,260
1022.424,268
1022.496,271
1022.568,275
1022.64,287
1022.712,293
1022.785,290
1022.857,292
1022.929,267
1023.001,240
1023.073,218
1023.145,196
1023.217,194
1023.29,213
1023.362,226
1023.434,240
1023.506,264
1023.578,271
1023.651,274
1023.723,280
1023.795,279
1023.867,253
1023.939,234
1024.012,225
1024.084,206
1024.156,221
1024.228,232
1024.3,248
1024.373,261
1024.445,284
1024.517,295
1024.589,299
1024.661,315
1024.734,303
1024.806,305
1024.878,311
1024.95,304
1025.023,296
1025.095,290
1025.167,278
1025.239,266
1025.312,268
1025.384,262
1025.456,261
1025.528,263
1025.601,278
1025.673,285
1025.745,286
1025.817,274
1025.89,267
1025.962,252
1026.034,239
1026.106,239
1026.179,223
1026.251,224
1026.323,227
1026.396,227
1026.468,242
1026.54,254
1026.612,271
1026.685,293
1026.757,289
1026.829,275
1026.902,278
1026.974,263
1027.046,254
1027.119,248
1027.191,222
1027.263,203
1027.335,194
1027.408,185
1027.48,181
1027.552,179
1027.625,186
1027.697,194
1027.769,192
1027.842,191
1027.914,186
1027.986,184
1028.059,189
1028.131,195
1028.203,185
1028.276,182
1028.348,178
1028.421,174
1028.493,189
1028.565,202
1028.638,204
1028.71,220
1028.782,213
1028.855,211
1028.927,199
1028.999,183
1029.072,175
1029.144,170
1029.217,187
1029.289,186
1029.361,194
1029.434,213
1029.506,215
1029.579,224
1029.651,226
1029.723,225
1029.796,222
1029.868,222
1029.941,225
1030.013,221
1030.085,232
1030.158,224
1030.23,219
1030.303,223
1030.375,211
1030.448,204
1030.52,204
1030.592,199
1030.665,204
1030.737,213
1030.81,214
1030.882,206
1030.955,195
1031.027,190
1031.1,181
1031.172,176
1031.244,165
1031.317,150
1031.389,152
1031.462,150
1031.534,160
1031.607,174
1031.679,191
1031.752,215
1031.824,219
1031.897,223
1031.969,217
1032.042,211
1032.114,217
1032.187,216
1032.259,220
1032.332,220
1032.404,227
1032.477,231
1032.549,227
1032.622,223
1032.694,216
1032.767,196
1032.839,185
1032.912,176
1032.984,171
1033.057,167
1033.129,178
1033.202,188
1033.274,202
1033.347,208
1033.419,212
1033.492,224
1033.564,223
1033.637,232
1033.71,245
1033.782,259
1033.855,272
1033.927,279
1034,270
1034.072,261
1034.145,258
1034.217,243
1034.29,238
1034.363,230
1034.435,222
1034.508,213
1034.58,221
1034.653,222
1034.725,231
1034.798,231
1034.871,230
1034.943,236
1035.016,239
1035.088,226
1035.161,223
1035.234,224
1035.306,220
1035.379,226
1035.451,226
1035.524,216
1035.597,213
1035.669,217
1035.742,217
1035.814,219
1035.887,223
1035.96,219
1036.032,204
1036.105,192
1036.178,178
1036.25,159
1036.323,162
1036.395,163
1036.468,165
1036.541,167
1036.613,176
1036.686,190
1036.759,193
1036.831,203
1036.904,200
1036.977,192
1037.049,192
1037.122,193
1037.195,199
1037.267,202
1037.34,203
1037.413,209
1037.485,213
1037.558,205
1037.631,208
1037.703,202
1037.776,201
1037.849,206
1037.922,199
1037.994,203
1038.067,191
1038.14,182
1038.212,182
1038.285,186
1038.358,200
1038.43,207
1038.503,221
1038.576,224
1038.649,215
1038.721,212
1038.794,218
1038.867,220
1038.94,227
1039.012,225
1039.085,223
1039.158,217
1039.23,204
1039.303,194
1039.376,184
1039.449,183
1039.521,179
1039.594,187
1039.667,198
1039.74,201
1039.812,209
1039.885,220
1039.958,231
1040.031,236
1040.104,220
1040.176,203
1040.249,185
1040.322,177
1040.395,176
1040.467,174
1040.54,174
1040.613,183
1040.686,191
1040.759,197
1040.831,200
1040.904,201
1040.977,204
1041.05,209
1041.123,217
1041.195,220
1041.268,222
1041.341,224
1041.414,243
1041.487,242
1041.56,234
1041.632,227
1041.705,214
1041.778,217
1041.851,210
1041.924,194
1041.997,183
1042.069,180
1042.142,180
1042.215,196
1042.288,198
1042.361,200
1042.434,195
1042.506,188
1042.579,187
1042.652,193
1042.725,202
1042.798,194
1042.871,190
1042.944,180
1043.017,182
1043.089,192
1043.162,203
1043.235,219
1043.308,230
1043.381,246
1043.454,255
1043.527,255
1043.6,276
1043.673,282
1043.745,283
1043.818,289
1043.891,255
1043.964,221
1044.037,187
1044.11,175
1044.183,163
1044.256,148
1044.329,134
1044.402,125
1044.475,132
1044.548,139
1044.62,149
1044.693,148
1044.766,146
1044.839,142
1044.912,148
1044.985,147
1045.058,161
1045.131,169
1045.204,181
1045.277,195
1045.35,194
1045.423,205
1045.496,214
1045.569,203
1045.642,211
1045.715,221
1045.788,223
1045.861,221
1045.934,217
1046.007,210
1046.08,196
1046.153,191
1046.226,194
1046.299,179
1046.372,174
1046.445,177
1046.518,173
1046.591,170
1046.664,185
1046.737,195
1046.81,207
1046.883,223
1046.956,239
1047.029,242
1047.102,224
1047.175,213
1047.248,204
1047.321,194
1047.394,183
1047.467,173
1047.54,155
1047.613,136
1047.686,143
1047.759,148
1047.832,162
1047.905,160
1047.978,174
1048.051,185
1048.124,195
1048.197,203
1048.27,197
1048.343,197
1048.416,185
1048.49,188
1048.563,200
1048.636,210
1048.709,217
1048.782,226
1048.855,214
1048.928,194
1049.001,184
1049.074,175
1049.147,168
1049.22,166
1049.293,161
1049.367,152
1049.44,155
1049.513,169
1049.586,179
1049.659,194
1049.732,199
1049.805,200
1049.878,191
1049.951,192
1050.025,194
1050.098,186
1050.171,188
1050.244,168
1050.317,165
1050.39,155
1050.463,147
1050.537,154
1050.61,155
1050.683,158
1050.756,172
1050.829,182
1050.902,188
1050.975,199
1051.049,199
1051.122,198
1051.195,195
1051.268,182
1051.341,168
1051.414,158
1051.488,160
1051.561,167
1051.634,176
1051.707,192
1051.78,184
1051.854,187
1051.927,181
1052,160
1052.073,162
1052.146,145
1052.219,127
1052.293,115
1052.366,109
1052.439,107
1052.512,109
1052.586,117
1052.659,118
1052.732,134
1052.805,143
1052.878,154
1052.952,166
1053.025,165
1053.098,169
1053.171,172
1053.245,165
1053.318,158
1053.391,153
1053.464,141
1053.538,146
1053.611,145
1053.684,149
1053.757,147
1053.831,137
1053.904,128
1053.977,122
1054.05,110
1054.124,118
1054.197,141
1054.27,153
1054.343,177
1054.417,191
1054.49,195
1054.563,212
1054.637,204
1054.71,195
1054.783,181
1054.856,166
1054.93,158
1055.003,160
1055.076,158
1055.15,157
1055.223,173
1055.296,182
1055.37,183
1055.443,201
1055.516,215
1055.59,223
1055.663,228
1055.736,219
1055.809,210
1055.883,201
1055.956,203
1056.029,204
1056.103,194
1056.176,169
1056.249,144
1056.323,120
1056.396,106
1056.47,103
1056.543,105
1056.616,107
1056.69,123
1056.763,139
1056.836,147
1056.91,144
1056.983,145
1057.056,142
1057.13,141
1057.203,148
1057.277,146
1057.35,134
1057.423,138
1057.497,144
1057.57,144
1057.644,148
1057.717,149
1057.79,147
1057.864,148
1057.937,146
1058.01,140
1058.084,133
1058.157,133
1058.231,139
1058.304,138
1058.378,154
1058.451,161
1058.524,171
1058.598,185
1058.671,199
1058.745,214
1058.818,215
1058.892,205
1058.965,201
1059.038,188
1059.112,184
1059.185,188
1059.259,182
1059.332,190
1059.406,186
1059.479,177
1059.553,177
1059.626,175
1059.7,176
1059.773,170
1059.846,172
1059.92,159
1059.993,155
1060.067,162
1060.14,154
1060.214,158
1060.287,161
1060.361,149
1060.434,155
1060.508,147
1060.581,148
1060.655,153
1060.728,163
1060.802,164
1060.875,158
1060.949,157
1061.022,148
1061.096,141
1061.169,145
1061.243,150
1061.316,164
1061.39,176
1061.463,180
1061.537,193
1061.61,196
1061.684,206
1061.758,211
1061.831,217
1061.905,214
1061.978,209
1062.052,200
1062.125,182
1062.199,179
1062.272,175
1062.346,167
1062.42,165
1062.493,167
1062.567,151
1062.64,152
1062.714,142
1062.787,137
1062.861,145
1062.935,144
1063.008,145
1063.082,140
1063.155,136
1063.229,139
1063.302,140
1063.376,150
1063.45,155
1063.523,151
1063.597,152
1063.67,160
1063.744,154
1063.818,150
1063.891,144
1063.965,130
1064.038,124
1064.112,126
1064.186,131
1064.259,141
1064.333,141
1064.407,138
1064.48,139
1064.554,143
1064.628,159
1064.701,165
1064.775,168
1064.848,175
1064.922,176
1064.996,171
1065.069,170
1065.143,161
1065.217,147
1065.29,138
1065.364,129
1065.438,119
1065.511,131
1065.585,142
1065.659,155
1065.732,167
1065.806,167
1065.88,177
1065.953,185
1066.027,194
1066.101,187
1066.174,179
1066.248,167
1066.322,154
1066.396,157
1066.469,173
1066.543,189
1066.617,196
1066.69,211
1066.764,212
1066.838,209
1066.912,202
1066.985,197
1067.059,187
1067.133,182
1067.206,185
1067.28,171
1067.354,167
1067.428,159
1067.501,155
1067.575,174
1067.649,182
1067.723,194
1067.796,208
1067.87,205
1067.944,209
1068.018,206
1068.091,195
1068.165,187
1068.239,180
1068.313,160
1068.386,150
1068.46,158
1068.534,153
1068.608,157
1068.682,153
1068.755,143
1068.829,147
1068.903,150
1068.977,154
1069.05,161
1069.124,167
1069.198,170
1069.272,162
1069.346,152
1069.419,145
1069.493,143
1069.567,149
1069.641,158
1069.715,167
1069.789,173
1069.862,178
1069.936,186
1070.01,172
1070.084,159
1070.158,150
1070.232,148
1070.305,149
1070.379,149
1070.453,155
1070.527,147
1070.601,151
1070.675,163
1070.748,166
1070.822,164
1070.896,153
1070.97,131
1071.044,107
1071.118,94
1071.192,88
1071.265,85
1071.339,87
1071.413,95
1071.487,107
1071.561,119
1071.635,132
1071.709,143
1071.783,149
1071.856,160
1071.93,166
1072.004,159
1072.078,157
1072.152,161
1072.226,157
1072.3,164
1072.374,174
1072.448,170
1072.522,169
1072.596,174
1072.669,171
1072.743,170
1072.817,172
1072.891,175
1072.965,169
1073.039,168
1073.113,158
1073.187,141
1073.261,142
1073.335,138
1073.409,139
1073.483,145
1073.557,155
1073.631,170
1073.705,195
1073.779,228
1073.853,236
1073.926,237
1074,238
1074.074,210
1074.148,210
1074.222,204
1074.296,188
1074.37,181
1074.444,169
1074.518,154
1074.592,150
1074.666,151
1074.74,145
1074.814,144
1074.888,149
1074.962,138
1075.036,135
1075.11,142
1075.184,140
1075.258,135
1075.332,132
1075.406,127
1075.48,128
1075.554,135
1075.628,141
1075.702,141
1075.776,140
1075.85,151
1075.924,153
1075.998,153
1076.073,156
1076.147,141
1076.221,133
1076.295,128
1076.369,120
1076.443,118
1076.517,128
1076.591,129
1076.665,138
1076.739,127
1076.813,118
1076.887,122
1076.961,117
1077.035,124
1077.109,133
1077.183,139
1077.257,147
1077.332,156
1077.406,156
1077.48,161
1077.554,159
1077.628,162
1077.702,164
1077.776,167
1077.85,155
1077.924,146
1077.998,146
1078.073,142
1078.147,162
1078.221,157
1078.295,155
1078.369,142
1078.443,136
1078.517,136
1078.591,129
1078.665,130
1078.74,143
1078.814,149
1078.888,153
1078.962,168
1079.036,168
1079.11,195
1079.184,197
1079.259,196
1079.333,207
1079.407,199
1079.481,204
1079.555,204
1079.629,202
1079.704,203
1079.778,191
1079.852,180
1079.926,162
1080,156
1080.074,201
1080.149,268
1080.223,423
1080.297,778
1080.371,1419
1080.445,2133
1080.52,2824
1080.594,3390
1080.668,3643
1080.742,3755
1080.816,3752
1080.891,3570
1080.965,3265
1081.039,2977
1081.113,2720
1081.187,2575
1081.262,2570
1081.336,2672
1081.41,2856
1081.484,3145
1081.559,3474
1081.633,3779
1081.707,3984
1081.781,4007
1081.855,3870
1081.93,3599
1082.004,3310
1082.078,3017
1082.152,2780
1082.227,2614
1082.301,2527
1082.375,2569
1082.449,2701
1082.524,2887
1082.598,3053
1082.672,3166
1082.747,3214
1082.821,3165
1082.895,3066
1082.969,2893
1083.044,2634
1083.118,2411
1083.192,2209
1083.266,2047
1083.341,1925
1083.415,1846
1083.489,1776
1083.564,1776
1083.638,1921
1083.712,2046
1083.787,2165
1083.861,2238
1083.935,2131
1084.01,1995
1084.084,1882
1084.158,1704
1084.232,1537
1084.307,1386
1084.381,1212
1084.455,1094
1084.53,1071
1084.604,1039
1084.678,1028
1084.753,1050
1084.827,1049
1084.901,1025
1084.976,997
1085.05,910
1085.125,805
1085.199,722
1085.273,638
1085.348,569
1085.422,547
1085.496,534
1085.571,515
1085.645,529
1085.719,551
1085.794,573
1085.868,590
1085.943,595
1086.017,557
1086.091,513
1086.166,477
1086.24,448
1086.315,443
1086.389,436
1086.463,425
1086.538,421
1086.612,435
1086.687,438
1086.761,454
1086.835,450
1086.91,423
1086.984,390
1087.059,362
1087.133,329
1087.207,320
1087.282,321
1087.356,320
1087.431,338
1087.505,376
1087.58,408
1087.654,442
1087.729,467
1087.803,485
1087.877,498
1087.952,503
1088.026,476
1088.101,432
1088.175,399
1088.25,351
1088.324,320
1088.399,300
1088.473,282
1088.548,271
1088.622,250
1088.697,239
1088.771,211
1088.845,192
1088.92,192
1088.994,200
1089.069,213
1089.143,224
1089.218,235
1089.292,214
1089.367,199
1089.441,171
1089.516,132
1089.59,116
1089.665,92
1089.739,81
1089.814,79
1089.889,87
1089.963,98
1090.038,121
1090.112,122
1090.187,115
1090.261,111
1090.336,111
1090.41,125
1090.485,127
1090.559,125
1090.634,123
1090.708,117
1090.783,120
1090.857,114
1090.932,112
1091.007,123
1091.081,126
1091.156,128
1091.23,118
1091.305,117
1091.379,119
1091.454,116
1091.529,117
1091.603,117
1091.678,119
1091.752,119
1091.827,129
1091.901,124
1091.976,117
1092.051,114
1092.125,109
1092.2,115
1092.274,117
1092.349,124
1092.424,131
1092.498,130
1092.573,133
1092.648,127
1092.722,124
1092.797,119
1092.871,117
1092.946,121
1093.021,122
1093.095,124
1093.17,125
1093.245,126
1093.319,125
1093.394,129
1093.468,129
1093.543,138
1093.618,136
1093.692,145
1093.767,142
1093.842,149
1093.916,163
1093.991,171
1094.066,170
1094.14,157
1094.215,149
1094.29,139
1094.364,139
1094.439,144
1094.514,137
1094.588,139
1094.663,140
1094.738,149
1094.812,146
1094.887,144
1094.962,135
1095.037,121
1095.111,119
1095.186,109
1095.261,114
1095.335,119
1095.41,119
1095.485,125
1095.559,130
1095.634,131
1095.709,127
1095.784,131
1095.858,132
1095.933,125
1096.008,123
1096.083,125
1096.157,124
1096.232,124
1096.307,120
1096.382,129
1096.456,145
1096.531,170
1096.606,203
1096.681,240
1096.755,269
1096.83,289
1096.905,300
1096.98,308
1097.054,295
1097.129,280
1097.204,253
1097.279,233
1097.353,220
1097.428,211
1097.503,222
1097.578,239
1097.653,254
1097.727,262
1097.802,272
1097.877,271
1097.952,259
1098.027,258
1098.101,243
1098.176,234
1098.251,245
1098.326,259
1098.401,271
1098.475,285
1098.55,296
1098.625,300
1098.7,311
1098.775,331
1098.85,312
1098.924,288
1098.999,264
1099.074,224
1099.149,207
1099.224,191
1099.299,186
1099.373,167
1099.448,159
1099.523,154
1099.598,155
1099.673,161
1099.748,170
1099.823,179
1099.897,183
1099.972,176
1100.047,165
1100.122,156
1100.197,124
1100.272,103
1100.347,102
1100.422,95
1100.496,105
1100.571,110
1100.646,107
1100.721,98
1100.796,94
1100.871,99
1100.946,102
1101.021,98
1101.096,102
1101.17,94
1101.245,102
1101.32,115
1101.395,120
1101.47,141
1101.545,144
1101.62,145
1101.695,146
1101.77,140
1101.845,145
1101.92,143
1101.995,143
1102.07,127
1102.145,114
1102.219,112
1102.294,110
1102.369,116
1102.444,126
1102.519,136
1102.594,144
1102.669,160
1102.744,158
1102.819,152
1102.894,153
1102.969,150
1103.044,149
1103.119,141
1103.194,130
1103.269,131
1103.344,116
1103.419,111
1103.494,110
1103.569,109
1103.644,112
1103.719,114
1103.794,112
1103.869,111
1103.944,112
1104.019,111
1104.094,113
1104.169,110
1104.244,110
1104.319,116
1104.394,127
1104.469,137
1104.544,156
1104.619,174
1104.694,187
1104.769,197
1104.844,190
1104.919,184
1104.994,173
1105.069,169
1105.144,161
1105.219,144
1105.294,140
1105.37,141
1105.445,148
1105.52,154
1105.595,164
1105.67,170
1105.745,174
1105.82,186
1105.895,197
1105.97,198
1106.045,202
1106.12,212
1106.195,208
1106.27,202
1106.345,200
1106.421,199
1106.496,197
1106.571,207
1106.646,218
1106.721,218
1106.796,216
1106.871,225
1106.946,227
1107.021,230
1107.096,234
1107.172,215
1107.247,198
1107.322,185
1107.397,176
1107.472,153
1107.547,146
1107.622,142
1107.697,137
1107.773,132
1107.848,147
1107.923,146
1107.998,153
1108.073,168
1108.148,164
1108.223,163
1108.299,162
1108.374,161
1108.449,168
1108.524,171
1108.599,174
1108.674,187
1108.75,192
1108.825,202
1108.9,208
1108.975,197
1109.05,182
1109.126,160
1109.201,148
1109.276,137
1109.351,138
1109.426,147
1109.501,156
1109.577,162
1109.652,158
1109.727,154
1109.802,143
1109.877,137
1109.953,138
1110.028,138
1110.103,125
1110.178,127
1110.254,129
1110.329,124
1110.404,135
1110.479,131
1110.554,126
1110.63,125
1110.705,131
1110.78,130
1110.855,128
1110.931,128
1111.006,132
1111.081,114
1111.156,111
1111.232,113
1111.307,107
1111.382,115
1111.457,129
1111.533,141
1111.608,135
1111.683,143
1111.759,141
1111.834,138
1111.909,140
1111.984,132
1112.06,123
1112.135,115
1112.21,108
1112.286,110
1112.361,124
1112.436,137
1112.511,144
1112.587,139
1112.662,132
1112.737,138
1112.813,135
1112.888,137
1112.963,132
1113.039,128
1113.114,120
1113.189,109
1113.265,104
1113.34,99
1113.415,107
1113.491,120
1113.566,127
1113.641,145
1113.717,143
1113.792,148
1113.867,154
1113.943,148
1114.018,146
1114.093,161
1114.169,170
1114.244,167
1114.319,178
1114.395,181
1114.47,178
1114.546,185
1114.621,184
1114.696,180
1114.772,167
1114.847,156
1114.922,139
1114.998,123
1115.073,113
1115.149,108
1115.224,98
1115.299,97
1115.375,101
1115.45,110
1115.526,120
1115.601,139
1115.676,151
1115.752,161
1115.827,161
1115.903,156
1115.978,152
1116.053,139
1116.129,141
1116.204,134
1116.28,131
1116.355,137
1116.431,137
1116.506,141
1116.581,135
1116.657,135
1116.732,127
1116.808,108
1116.883,108
1116.959,98
1117.034,100
1117.11,105
1117.185,103
1117.261,102
1117.336,104
1117.411,101
1117.487,108
1117.562,121
1117.638,128
1117.713,144
1117.789,147
1117.864,150
1117.94,153
1118.015,151
1118.091,149
1118.166,147
1118.242,141
1118.317,139
1118.393,131
1118.468,132
1118.544,137
1118.619,139
1118.695,138
1118.77,138
1118.846,136
1118.921,151
1118.997,156
1119.072,165
1119.148,167
1119.223,162
1119.299,162
1119.375,146
1119.45,142
1119.526,134
1119.601,131
1119.677,139
1119.752,143
1119.828,143
1119.903,135
1119.979,133
1120.054,126
1120.13,129
1120.206,136
1120.281,144
1120.357,153
1120.432,146
1120.508,145
1120.583,145
1120.659,139
1120.735,139
1120.81,137
1120.886,136
1120.961,135
1121.037,140
1121.113,148
1121.188,144
1121.264,141
1121.339,129
1121.415,123
1121.491,114
1121.566,112
1121.642,113
1121.717,110
1121.793,114
1121.869,119
1121.944,117
1122.02,112
1122.096,104
1122.171,105
1122.247,98
1122.322,102
1122.398,99
1122.474,104
1122.549,113
1122.625,126
1122.701,148
1122.776,165
1122.852,188
1122.928,189
1123.003,204
1123.079,205
1123.155,190
1123.23,184
1123.306,176
1123.382,162
1123.457,152
1123.533,149
1123.609,141
1123.684,143
1123.76,132
1123.836,124
1123.911,116
1123.987,109
1124.063,104
1124.138,92
1124.214,85
1124.29,74
1124.366,72
1124.441,65
1124.517,61
1124.593,57
1124.668,58
1124.744,64
1124.82,63
1124.896,64
1124.971,75
1125.047,90
1125.123,103
1125.198,122
1125.274,134
1125.35,134
1125.426,126
1125.501,124
1125.577,125
1125.653,123
1125.729,119
1125.804,113
1125.88,113
1125.956,111
1126.032,116
1126.107,115
1126.183,108
1126.259,106
1126.335,105
1126.411,109
1126.486,100
1126.562,99
1126.638,111
1126.714,108
1126.789,110
1126.865,120
1126.941,128
1127.017,138
1127.093,138
1127.168,134
1127.244,118
1127.32,123
1127.396,127
1127.472,126
1127.548,128
1127.623,125
1127.699,130
1127.775,123
1127.851,123
1127.927,117
1128.002,106
1128.078,100
1128.154,88
1128.23,85
1128.306,79
1128.382,77
1128.457,75
1128.533,76
1128.609,79
1128.685,90
1128.761,106
1128.837,124
1128.913,134
1128.988,134
1129.064,130
1129.14,118
1129.216,110
1129.292,100
1129.368,90
1129.444,87
1129.52,84
1129.595,87
1129.671,99
1129.747,102
1129.823,109
1129.899,127
1129.975,135
1130.051,146
1130.127,146
1130.203,138
1130.279,134
1130.354,129
1130.43,134
1130.506,124
1130.582,112
1130.658,104
1130.734,91
1130.81,92
1130.886,98
1130.962,99
1131.038,104
1131.114,112
1131.19,116
1131.266,128
1131.342,128
1131.417,121
1131.493,121
1131.569,132
1131.645,120
1131.721,127
1131.797,134
1131.873,135
1131.949,147
1132.025,145
1132.101,149
1132.177,131
1132.253,125
1132.329,115
1132.405,108
1132.481,103
1132.557,95
1132.633,98
1132.709,103
1132.785,117
1132.861,126
1132.937,137
1133.013,135
1133.089,123
1133.165,117
1133.241,106
1133.317,106
1133.393,100
1133.469,95
1133.545,88
1133.621,79
1133.697,79
1133.773,73
1133.849,77
1133.925,75
1134.001,65
1134.077,65
1134.153,71
1134.229,68
1134.305,70
1134.381,80
1134.457,80
1134.534,93
1134.61,108
1134.686,108
1134.762,113
1134.838,116
1134.914,119
1134.99,121
1135.066,115
1135.142,117
1135.218,104
1135.294,113
1135.37,112
1135.446,105
1135.522,95
1135.599,83
1135.675,77
1135.751,69
1135.827,71
1135.903,66
1135.979,62
1136.055,65
1136.131,62
1136.207,74
1136.283,79
1136.36,81
1136.436,90
1136.512,102
1136.588,114
1136.664,126
1136.74,142
1136.816,150
1136.892,143
1136.969,140
1137.045,139
1137.121,125
1137.197,115
1137.273,110
1137.349,103
1137.425,109
1137.502,108
1137.578,104
1137.654,99
1137.73,93
1137.806,90
1137.882,92
1137.959,89
1138.035,95
1138.111,95
1138.187,97
1138.263,92
1138.339,90
1138.416,81
1138.492,71
1138.568,75
1138.644,76
1138.72,80
1138.797,84
1138.873,94
1138.949,95
1139.025,99
1139.101,106
1139.178,111
1139.254,113
1139.33,122
1139.406,119
1139.482,104
1139.559,111
1139.635,107
1139.711,104
1139.787,111
1139.864,106
1139.94,105
1140.016,108
1140.092,103
1140.169,103
1140.245,106
1140.321,104
1140.397,107
1140.474,105
1140.55,98
1140.626,87
1140.702,81
1140.779,71
1140.855,70
1140.931,71
1141.007,71
1141.084,84
1141.16,96
1141.236,109
1141.313,133
1141.389,131
1141.465,125
1141.541,117
1141.618,105
1141.694,100
1141.77,99
1141.847,101
1141.923,99
1141.999,97
1142.075,99
1142.152,92
1142.228,99
1142.304,99
1142.381,112
1142.457,126
1142.533,129
1142.61,136
1142.686,129
1142.762,123
1142.839,115
1142.915,114
1142.991,113
1143.068,102
1143.144,90
1143.22,75
1143.297,64
1143.373,61
1143.449,59
1143.526,57
1143.602,58
1143.679,63
1143.755,73
1143.831,75
1143.908,85
1143.984,84
1144.06,82
1144.137,74
1144.213,74
1144.29,71
1144.366,69
1144.442,84
1144.519,86
1144.595,96
1144.672,111
1144.748,113
1144.824,127
1144.901,147
1144.977,161
1145.054,171
1145.13,166
1145.206,168
1145.283,162
1145.359,166
1145.436,158
1145.512,139
1145.588,122
1145.665,113
1145.741,124
1145.818,121
1145.894,119
1145.971,108
1146.047,103
1146.124,102
1146.2,95
1146.276,96
1146.353,87
1146.429,87
1146.506,84
1146.582,84
1146.659,84
1146.735,92
1146.812,96
1146.888,94
1146.965,95
1147.041,87
1147.118,84
1147.194,83
1147.271,83
1147.347,83
1147.424,81
1147.5,82
1147.577,86
1147.653,82
1147.73,84
1147.806,88
1147.883,91
1147.959,94
1148.036,101
1148.112,105
1148.189,104
1148.265,107
1148.342,106
1148.418,98
1148.495,100
1148.571,101
1148.648,102
1148.724,105
1148.801,110
1148.877,108
1148.954,116
1149.03,118
1149.107,119
1149.184,124
1149.26,122
1149.337,122
1149.413,125
1149.49,127
1149.566,131
1149.643,139
1149.719,137
1149.796,143
1149.873,142
1149.949,130
1150.026,123
1150.102,119
1150.179,110
1150.255,90
1150.332,81
1150.409,66
1150.485,54
1150.562,53
1150.638,56
1150.715,64
1150.792,76
1150.868,81
1150.945,93
1151.021,98
1151.098,104
1151.175,102
1151.251,98
1151.328,89
1151.405,74
1151.481,69
1151.558,71
1151.634,90
1151.711,103
1151.788,116
1151.864,118
1151.941,123
1152.018,127
1152.094,134
1152.171,143
1152.248,146
1152.324,162
1152.401,188
1152.478,263
1152.554,348
1152.631,439
1152.708,537
1152.784,626
1152.861,702
1152.938,743
1153.014,743
1153.091,649
1153.168,557
1153.244,481
1153.321,417
1153.398,421
1153.474,431
1153.551,475
1153.628,562
1153.704,664
1153.781,763
1153.858,821
1153.935,829
1154.011,738
1154.088,650
1154.165,550
1154.241,451
1154.318,406
1154.395,368
1154.472,349
1154.548,374
1154.625,432
1154.702,484
1154.779,542
1154.855,576
1154.932,577
1155.009,563
1155.086,516
1155.162,456
1155.239,380
1155.316,317
1155.393,259
1155.469,229
1155.546,236
1155.623,252
1155.7,271
1155.776,269
1155.853,255
1155.93,244
1156.007,235
1156.084,206
1156.16,194
1156.237,182
1156.314,175
1156.391,178
1156.467,173
1156.544,161
1156.621,145
1156.698,131
1156.775,133
1156.851,139
1156.928,142
1157.005,141
1157.082,132
1157.159,127
1157.236,120
1157.312,117
1157.389,116
1157.466,105
1157.543,117
1157.62,129
1157.697,136
1157.773,154
1157.85,151
1157.927,158
1158.004,158
1158.081,156
1158.158,156
1158.234,161
1158.311,149
1158.388,151
1158.465,146
1158.542,141
1158.619,151
1158.696,154
1158.773,147
1158.849,149
1158.926,142
1159.003,129
1159.08,128
1159.157,122
1159.234,113
1159.311,108
1159.388,111
1159.465,108
1159.541,105
1159.618,104
1159.695,100
1159.772,100
1159.849,105
1159.926,115
1160.003,119
1160.08,129
1160.157,139
1160.234,145
1160.311,153
1160.387,156
1160.464,147
1160.541,146
1160.618,144
1160.695,126
1160.772,123
1160.849,111
1160.926,95
1161.003,89
1161.08,84
1161.157,83
1161.234,86
1161.311,96
1161.388,100
1161.465,106
1161.542,101
1161.619,106
1161.696,100
1161.773,92
1161.85,85
1161.927,80
1162.004,81
1162.081,78
1162.158,83
1162.234,79
1162.311,78
1162.388,85
1162.465,91
1162.542,94
1162.619,95
1162.696,98
1162.773,95
1162.851,99
1162.928,103
1163.005,107
1163.082,110
1163.159,102
1163.236,95
1163.313,86
1163.39,81
1163.467,83
1163.544,92
1163.621,101
1163.698,112
1163.775,117
1163.852,121
1163.929,125
1164.006,117
1164.083,120
1164.16,108
1164.237,102
1164.314,104
1164.391,95
1164.468,82
1164.545,77
1164.622,65
1164.7,60
1164.777,70
1164.854,84
1164.931,80
1165.008,84
1165.085,84
1165.162,77
1165.239,80
1165.316,78
1165.393,75
1165.47,67
1165.547,69
1165.625,78
1165.702,88
1165.779,95
1165.856,97
1165.933,94
1166.01,94
1166.087,96
1166.164,90
1166.242,78
1166.319,70
1166.396,68
1166.473,73
1166.55,76
1166.627,75
1166.704,79
1166.781,79
1166.859,72
1166.936,68
1167.013,65
1167.09,67
1167.167,65
1167.244,71
1167.322,73
1167.399,74
1167.476,85
1167.553,93
1167.63,103
1167.707,108
1167.785,110
1167.862,109
1167.939,100
1168.016,106
1168.093,101
1168.17,87
1168.248,76
1168.325,65
1168.402,57
1168.479,58
1168.556,57
1168.634,63
1168.711,67
1168.788,76
1168.865,90
1168.942,102
1169.02,103
1169.097,105
1169.174,103
1169.251,104
1169.329,102
1169.406,92
1169.483,86
1169.56,85
1169.638,93
1169.715,102
1169.792,114
1169.869,113
1169.947,112
1170.024,111
1170.101,109
1170.178,108
1170.256,109
1170.333,104
1170.41,96
1170.487,96
1170.565,90
1170.642,91
1170.719,90
1170.796,86
1170.874,86
1170.951,85
1171.028,84
1171.106,86
1171.183,88
1171.26,96
1171.337,95
1171.415,100
1171.492,99
1171.569,101
1171.647,108
1171.724,107
1171.801,102
1171.879,97
1171.956,93
1172.033,93
1172.111,91
1172.188,95
1172.265,94
1172.342,93
1172.42,97
1172.497,100
1172.574,98
1172.652,102
1172.729,116
1172.807,112
1172.884,114
1172.961,111
1173.039,91
1173.116,81
1173.193,72
1173.271,59
1173.348,56
1173.425,55
1173.503,49
1173.58,58
1173.657,60
1173.735,64
1173.812,64
1173.89,59
1173.967,59
1174.044,58
1174.122,58
1174.199,56
1174.277,60
1174.354,62
1174.431,68
1174.509,73
1174.586,80
1174.664,90
1174.741,92
1174.818,95
1174.896,102
1174.973,101
1175.051,102
1175.128,107
1175.205,101
1175.283,98
1175.36,96
1175.438,95
1175.515,98
1175.593,95
1175.67,98
1175.747,93
1175.825,95
1175.902,92
1175.98,85
1176.057,83
1176.135,78
1176.212,81
1176.29,73
1176.367,75
1176.445,75
1176.522,81
1176.6,95
1176.677,109
1176.754,124
1176.832,129
1176.909,139
1176.987,147
1177.064,155
1177.142,143
1177.219,128
1177.297,121
1177.374,109
1177.452,105
1177.529,106
1177.607,94
1177.684,94
1177.762,105
1177.839,115
1177.917,132
1177.994,145
1178.072,145
1178.149,151
1178.227,153
1178.305,140
1178.382,141
1178.46,129
1178.537,127
1178.615,132
1178.692,144
1178.77,151
1178.847,151
1178.925,156
1179.002,157
1179.08,161
1179.158,168
1179.235,156
1179.313,150
1179.39,145
1179.468,149
1179.545,149
1179.623,142
1179.7,137
1179.778,136
1179.856,130
1179.933,128
1180.011,122
1180.088,116
1180.166,116
1180.244,119
1180.321,124
1180.399,119
1180.476,127
1180.554,119
1180.632,119
1180.709,124
1180.787,126
1180.864,123
1180.942,121
1181.02,111
1181.097,100
1181.175,100
1181.253,97
1181.33,87
1181.408,93
1181.485,99
1181.563,100
1181.641,116
1181.718,122
1181.796,117
1181.874,117
1181.951,119
1182.029,117
1182.107,114
1182.184,109
1182.262,103
1182.34,93
1182.417,89
1182.495,82
1182.573,84
1182.65,84
1182.728,98
1182.806,113
1182.883,128
1182.961,135
1183.039,141
1183.116,141
1183.194,148
1183.272,147
1183.349,137
1183.427,126
1183.505,120
1183.583,108
1183.66,96
1183.738,81
1183.816,68
1183.893,66
1183.971,73
1184.049,84
1184.127,86
1184.204,95
1184.282,105
1184.36,103
1184.437,99
1184.515,98
1184.593,91
1184.671,83
1184.748,92
1184.826,87
1184.904,85
1184.982,86
1185.059,88
1185.137,99
1185.215,107
1185.293,121
1185.37,116
1185.448,119
1185.526,113
1185.604,103
1185.682,90
1185.759,74
1185.837,77
1185.915,77
1185.993,77
1186.07,86
1186.148,80
1186.226,81
1186.304,84
1186.382,75
1186.459,80
1186.537,89
1186.615,88
1186.693,84
1186.771,86
1186.848,84
1186.926,88
1187.004,89
1187.082,92
1187.16,97
1187.238,96
1187.315,99
1187.393,106
1187.471,102
1187.549,97
1187.627,96
1187.705,98
1187.782,102
1187.86,107
1187.938,115
1188.016,121
1188.094,120
1188.172,116
1188.25,121
1188.327,115
1188.405,106
1188.483,108
1188.561,99
1188.639,102
1188.717,110
1188.795,113
1188.872,117
1188.95,117
1189.028,118
1189.106,104
1189.184,107
1189.262,109
1189.34,113
1189.418,119
1189.496,119
1189.574,119
1189.651,121
1189.729,126
1189.807,112
1189.885,110
1189.963,104
1190.041,102
1190.119,106
1190.197,103
1190.275,107
1190.353,103
1190.431,102
1190.509,107
1190.586,116
1190.664,113
1190.742,109
1190.82,109
1190.898,100
1190.976,98
1191.054,77
1191.132,69
1191.21,58
1191.288,58
1191.366,63
1191.444,62
1191.522,65
1191.6,61
1191.678,65
1191.756,68
1191.834,67
1191.912,64
1191.99,64
1192.068,54
1192.146,45
1192.224,40
1192.302,43
1192.38,52
1192.458,64
1192.536,86
1192.614,115
1192.692,132
1192.77,145
1192.848,156
1192.926,148
1193.004,143
1193.082,144
1193.16,134
1193.238,140
1193.316,129
1193.394,126
1193.472,120
1193.55,100
1193.628,88
1193.706,81
1193.784,78
1193.862,76
1193.94,86
1194.018,92
1194.096,101
1194.174,117
1194.252,111
1194.331,112
1194.409,103
1194.487,106
1194.565,119
1194.643,126
1194.721,131
1194.799,141
1194.877,137
1194.955,141
1195.033,140
1195.111,143
1195.189,140
1195.267,124
1195.346,111
1195.424,98
1195.502,97
1195.58,105
1195.658,107
1195.736,109
1195.814,108
1195.892,104
1195.97,111
1196.049,108
1196.127,112
1196.205,119
1196.283,119
1196.361,122
1196.439,118
1196.517,120
1196.595,113
1196.674,107
1196.752,98
1196.83,84
1196.908,74
1196.986,57
1197.064,62
1197.142,66
1197.221,65
1197.299,70
1197.377,72
1197.455,84
1197.533,96
1197.611,119
1197.69,122
1197.768,124
1197.846,127
1197.924,112
1198.002,111
1198.081,101
1198.159,85
1198.237,78
1198.315,74
1198.393,75
1198.471,76
1198.55,79
1198.628,95
1198.706,103
1198.784,107
1198.863,119
1198.941,135
1199.019,146
1199.097,153
1199.175,162
1199.254,155
1199.332,145
1199.41,145
1199.488,139
1199.567,136
1199.645,143
1199.723,162
1199.801,181
1199.88,225
1199.958,261
1200.036,335
1200.114,530
1200.193,945
1200.271,1485
1200.349,2082
1200.427,2830
1200.506,3553
1200.584,4275
1200.662,4982
1200.74,5412
1200.819,5506
1200.897,5394
1200.975,5080
1201.053,4617
1201.132,4152
1201.21,3774
1201.288,3581
1201.367,3661
1201.445,4055
1201.523,4592
1201.602,5192
1201.68,5683
1201.758,5941
1201.836,6007
1201.915,5811
1201.993,5445
1202.071,4944
1202.15,4446
1202.228,4020
1202.306,3749
1202.385,3687
1202.463,3730
1202.541,3883
1202.62,4140
1202.698,4372
1202.776,4560
1202.855,4614
1202.933,4474
1203.011,4181
1203.09,3869
1203.168,3572
1203.247,3336
1203.325,3194
1203.403,3074
1203.482,3005
1203.56,3017
1203.638,3072
1203.717,3164
1203.795,3243
1203.873,3240
1203.952,3160
1204.03,3033
1204.109,2899
1204.187,2767
1204.265,2651
1204.344,2539
1204.422,2425
1204.501,2361
1204.579,2352
1204.657,2370
1204.736,2387
1204.814,2403
1204.893,2391
1204.971,2376
1205.049,2360
1205.128,2325
1205.206,2230
1205.285,2136
1205.363,2037
1205.442,1954
1205.52,1928
1205.598,1913
1205.677,1888
1205.755,1888
1205.834,1906
1205.912,1921
1205.991,1927
1206.069,1891
1206.148,1794
1206.226,1680
1206.304,1562
1206.383,1451
1206.461,1356
1206.54,1268
1206.618,1187
1206.697,1128
1206.775,1169
1206.854,1216
1206.932,1259
1207.011,1305
1207.089,1308
1207.168,1286
1207.246,1266
1207.325,1221
1207.403,1168
1207.482,1120
1207.56,1080
1207.639,1054
1207.717,1045
1207.796,1035
1207.874,1026
1207.953,1026
1208.031,1043
1208.11,1066
1208.188,1074
1208.267,1064
1208.345,1039
1208.424,1015
1208.502,978
1208.581,927
1208.659,857
1208.738,787
1208.816,720
1208.895,654
1208.974,612
1209.052,567
1209.131,543
1209.209,544
1209.288,582
1209.366,612
1209.445,618
1209.523,610
1209.602,589
1209.681,562
1209.759,523
1209.838,461
1209.916,400
1209.995,344
1210.073,309
1210.152,292
1210.231,289
1210.309,290
1210.388,272
1210.466,272
1210.545,272
1210.624,263
1210.702,269
1210.781,252
1210.859,224
1210.938,196
1211.017,168
1211.095,141
1211.174,146
1211.253,140
1211.331,149
1211.41,155
1211.488,162
1211.567,178
1211.646,175
1211.724,176
1211.803,175
1211.882,169
1211.96,176
1212.039,181
1212.118,175
1212.196,178
1212.275,182
1212.353,187
1212.432,193
1212.511,198
1212.589,200
1212.668,184
1212.747,183
1212.825,176
1212.904,178
1212.983,176
1213.062,181
1213.14,183
1213.219,181
1213.298,193
1213.376,201
1213.455,202
1213.534,206
1213.612,203
1213.691,190
1213.77,185
1213.848,186
1213.927,185
1214.006,189
1214.085,192
1214.163,190
1214.242,175
1214.321,166
1214.399,157
1214.478,145
1214.557,152
1214.636,172
1214.714,185
1214.793,211
1214.872,249
1214.951,272
1215.029,295
1215.108,306
1215.187,314
1215.266,309
1215.344,305
1215.423,283
1215.502,269
1215.581,262
1215.659,248
1215.738,260
1215.817,271
1215.896,282
1215.975,285
1216.053,297
1216.132,309
1216.211,309
1216.29,311
1216.368,304
1216.447,287
1216.526,304
1216.605,329
1216.684,369
1216.762,446
1216.841,518
1216.92,591
1216.999,662
1217.078,681
1217.156,651
1217.235,628
1217.314,586
1217.393,552
1217.472,534
1217.551,507
1217.629,500
1217.708,524
1217.787,586
1217.866,640
1217.945,695
1218.024,714
1218.102,681
1218.181,652
1218.26,590
1218.339,537
1218.418,515
1218.497,488
1218.576,454
1218.654,443
1218.733,435
1218.812,426
1218.891,441
1218.97,440
1219.049,438
1219.128,436
1219.207,429
1219.285,403
1219.364,374
1219.443,354
1219.522,330
1219.601,307
1219.68,306
1219.759,315
1219.838,316
1219.917,328
1219.996,328
1220.074,331
1220.153,328
1220.232,324
1220.311,299
1220.39,269
1220.469,236
1220.548,198
1220.627,195
1220.706,183
1220.785,177
1220.864,190
1220.943,190
1221.022,195
1221.101,203
1221.18,204
1221.258,197
1221.337,187
1221.416,172
1221.495,154
1221.574,143
1221.653,140
1221.732,134
1221.811,130
1221.89,135
1221.969,146
1222.048,153
1222.127,160
1222.206,161
1222.285,152
1222.364,137
1222.443,130
1222.522,127
1222.601,126
1222.68,136
1222.759,136
1222.838,127
1222.917,122
1222.996,113
1223.075,104
1223.154,102
1223.233,103
1223.312,97
1223.391,100
1223.47,101
1223.549,104
1223.628,115
1223.707,115
1223.786,111
1223.865,117
1223.944,121
1224.023,130
1224.102,129
1224.181,123
1224.26,113
1224.34,101
1224.419,105
1224.498,112
1224.577,118
1224.656,121
1224.735,121
1224.814,117
1224.893,117
1224.972,116
1225.051,125
1225.13,135
1225.209,140
1225.288,143
1225.367,130
1225.447,120
1225.526,114
1225.605,107
1225.684,108
1225.763,110
1225.842,108
1225.921,111
1226,127
1226.079,143
1226.158,145
1226.238,152
1226.317,148
1226.396,136
1226.475,133
1226.554,129
1226.633,123
1226.712,124
1226.791,128
1226.871,122
1226.95,129
1227.029,135
1227.108,145
1227.187,146
1227.266,148
1227.345,147
1227.425,135
1227.504,135
1227.583,124
1227.662,116
1227.741,116
1227.82,119
1227.9,131
1227.979,130
1228.058,147
1228.137,148
1228.216,142
1228.295,143
1228.375,146
1228.454,151
1228.533,155
1228.612,161
1228.691,170
1228.771,163
1228.85,164
1228.929,161
1229.008,155
1229.087,160
1229.167,152
1229.246,145
1229.325,137
1229.404,129
1229.483,130
1229.563,140
1229.642,149
1229.721,154
1229.8,164
1229.88,167
1229.959,178
1230.038,174
1230.117,179
1230.197,180
1230.276,180
1230.355,185
1230.434,175
1230.514,172
1230.593,165
1230.672,152
1230.751,147
1230.831,142
1230.91,137
1230.989,137
1231.068,143
1231.148,151
1231.227,157
1231.306,168
1231.385,172
1231.465,175
1231.544,167
1231.623,164
1231.703,155
1231.782,154
1231.861,150
1231.941,149
1232.02,153
1232.099,140
1232.178,137
1232.258,129
1232.337,118
1232.416,117
1232.496,118
1232.575,127
1232.654,141
1232.734,152
1232.813,162
1232.892,176
1232.972,178
1233.051,184
1233.13,186
1233.21,188
1233.289,198
1233.368,204
1233.448,204
1233.527,217
1233.606,208
1233.686,191
1233.765,186
1233.845,180
1233.924,176
1234.003,178
1234.083,176
1234.162,171
1234.241,185
1234.321,193
1234.4,205
1234.48,200
1234.559,190
1234.638,189
1234.718,180
1234.797,176
1234.876,175
1234.956,172
1235.035,174
1235.115,175
1235.194,175
1235.273,172
1235.353,168
1235.432,154
1235.512,149
1235.591,149
1235.671,144
1235.75,146
1235.829,155
1235.909,161
1235.988,162
1236.068,166
1236.147,167
1236.227,165
1236.306,167
1236.385,176
1236.465,174
1236.544,167
1236.624,159
1236.703,153
1236.783,151
1236.862,147
1236.942,145
1237.021,134
1237.101,144
1237.18,155
1237.26,156
1237.339,171
1237.419,177
1237.498,189
1237.577,202
1237.657,204
1237.736,205
1237.816,196
1237.895,207
1237.975,208
1238.054,195
1238.134,187
1238.213,175
1238.293,161
1238.372,166
1238.452,164
1238.531,156
1238.611,155
1238.691,155
1238.77,148
1238.85,138
1238.929,134
1239.009,136
1239.088,138
1239.168,146
1239.247,156
1239.327,150
1239.406,143
1239.486,132
1239.565,104
1239.645,99
1239.725,99
1239.804,91
1239.884,89
1239.963,101
1240.043,121
1240.122,131
1240.202,144
1240.281,140
1240.361,122
1240.441,119
1240.52,96
1240.6,95
1240.679,98
1240.759,105
1240.839,116
1240.918,125
1240.998,138
1241.077,144
1241.157,140
1241.237,131
1241.316,121
1241.396,109
1241.475,107
1241.555,105
1241.635,98
1241.714,105
1241.794,102
1241.873,107
1241.953,116
1242.033,114
1242.112,119
1242.192,117
1242.272,113
1242.351,122
1242.431,119
1242.511,116
1242.59,110
1242.67,99
1242.75,97
1242.829,109
1242.909,123
1242.988,131
1243.068,135
1243.148,132
1243.227,132
1243.307,125
1243.387,123
1243.467,123
1243.546,120
1243.626,121
1243.706,116
1243.785,115
1243.865,115
1243.945,123
1244.024,128
1244.104,133
1244.184,139
1244.263,138
1244.343,141
1244.423,140
1244.503,139
1244.582,133
1244.662,130
1244.742,121
1244.821,123
1244.901,108
1244.981,107
1245.061,108
1245.14,109
1245.22,123
1245.3,133
1245.38,135
1245.459,128
1245.539,117
1245.619,93
1245.698,88
1245.778,88
1245.858,98
1245.938,108
1246.018,105
1246.097,104
1246.177,99
1246.257,93
1246.337,96
1246.416,98
1246.496,93
1246.576,90
1246.656,87
1246.735,86
1246.815,83
1246.895,77
1246.975,89
1247.055,91
1247.134,105
1247.214,114
1247.294,113
1247.374,114
1247.454,118
1247.533,110
1247.613,115
1247.693,117
1247.773,106
1247.853,107
1247.933,99
1248.012,89
1248.092,85
1248.172,78
1248.252,69
1248.332,65
1248.411,67
1248.491,66
1248.571,70
1248.651,73
1248.731,83
1248.811,87
1248.891,101
1248.97,109
1249.05,120
1249.13,130
1249.21,134
1249.29,137
1249.37,125
1249.45,113
1249.529,106
1249.609,102
1249.689,116
1249.769,138
1249.849,154
1249.929,167
1250.009,192
1250.089,190
1250.169,183
1250.248,177
1250.328,152
1250.408,144
1250.488,141
1250.568,134
1250.648,127
1250.728,117
1250.808,115
1250.888,111
1250.968,110
1251.048,120
1251.127,116
1251.207,115
1251.287,123
1251.367,122
1251.447,129
1251.527,141
1251.607,147
1251.687,145
1251.767,149
1251.847,149
1251.927,144
1252.007,139
1252.087,132
1252.167,120
1252.247,110
1252.327,119
1252.407,119
1252.487,118
1252.567,121
1252.647,117
1252.727,120
1252.807,122
1252.887,114
1252.966,112
1253.046,105
1253.126,101
1253.206,100
1253.286,94
1253.366,102
1253.446,105
1253.526,99
1253.606,96
1253.686,96
1253.766,99
1253.846,99
1253.927,105
1254.007,108
1254.087,106
1254.167,105
1254.247,101
1254.327,89
1254.407,75
1254.487,61
1254.567,49
1254.647,39
1254.727,37
1254.807,32
1254.887,38
1254.967,40
1255.047,42
1255.127,51
1255.207,50
1255.287,55
1255.367,59
1255.447,64
1255.527,65
1255.607,66
1255.688,69
1255.768,67
1255.848,61
1255.928,64
1256.008,66
1256.088,73
1256.168,74
1256.248,78
1256.328,85
1256.408,90
1256.488,107
1256.568,110
1256.649,113
1256.729,105
1256.809,113
1256.889,118
1256.969,120
1257.049,125
1257.129,119
1257.209,110
1257.29,105
1257.37,102
1257.45,93
1257.53,80
1257.61,77
1257.69,68
1257.77,74
1257.85,81
1257.931,91
1258.011,102
1258.091,110
1258.171,111
1258.251,117
1258.331,123
1258.412,116
1258.492,108
1258.572,92
1258.652,80
1258.732,79
1258.812,82
1258.893,86
1258.973,97
1259.053,90
1259.133,88
1259.213,86
1259.293,82
1259.374,73
1259.454,66
1259.534,61
1259.614,60
1259.694,58
1259.775,53
1259.855,53
1259.935,56
1260.015,76
1260.096,92
1260.176,103
1260.256,114
1260.336,115
1260.416,115
1260.497,118
1260.577,119
1260.657,111
1260.737,101
1260.818,89
1260.898,81
1260.978,79
1261.058,75
1261.139,68
1261.219,65
1261.299,61
1261.379,68
1261.46,73
1261.54,77
1261.62,80
1261.7,83
1261.781,81
1261.861,76
1261.941,75
1262.021,73
1262.102,75
1262.182,83
1262.262,85
1262.343,77
1262.423,77
1262.503,72
1262.583,70
1262.664,68
1262.744,66
1262.824,66
1262.905,78
1262.985,86
1263.065,99
1263.146,107
1263.226,119
1263.306,127
1263.387,127
1263.467,135
1263.547,137
1263.628,145
1263.708,142
1263.788,148
1263.869,153
1263.949,148
1264.029,138
1264.11,123
1264.19,103
1264.27,91
1264.351,86
1264.431,83
1264.511,80
1264.592,89
1264.672,96
1264.752,112
1264.833,126
1264.913,133
1264.994,139
1265.074,145
1265.154,142
1265.235,139
1265.315,136
1265.395,125
1265.476,115
1265.556,108
1265.637,107
1265.717,100
1265.797,88
1265.878,86
1265.958,81
1266.039,95
1266.119,105
1266.199,111
1266.28,116
1266.36,110
1266.441,101
1266.521,104
1266.602,99
1266.682,100
1266.762,90
1266.843,86
1266.923,83
1267.004,90
1267.084,88
1267.165,92
1267.245,95
1267.326,79
1267.406,84
1267.486,84
1267.567,74
1267.647,74
1267.728,74
1267.808,74
1267.889,78
1267.969,89
1268.05,86
1268.13,77
1268.211,71
1268.291,70
1268.372,72
1268.452,76
1268.533,84
1268.613,90
1268.694,101
1268.774,109
1268.855,121
1268.935,135
1269.016,136
1269.096,133
1269.177,135
1269.257,124
1269.338,107
1269.418,101
1269.499,97
1269.579,86
1269.66,72
1269.74,75
1269.821,70
1269.901,68
1269.982,70
1270.062,68
1270.143,66
1270.223,74
1270.304,72
1270.385,72
1270.465,76
1270.546,73
1270.626,76
1270.707,83
1270.787,82
1270.868,89
1270.948,97
1271.029,96
1271.11,96
1271.19,99
1271.271,96
1271.351,90
1271.432,80
1271.512,69
1271.593,60
1271.674,63
1271.754,70
1271.835,71
1271.915,76
1271.996,80
1272.077,82
1272.157,84
1272.238,84
1272.318,77
1272.399,69
1272.48,73
1272.56,65
1272.641,68
1272.722,70
1272.802,63
1272.883,60
1272.963,58
1273.044,59
1273.125,55
1273.205,55
1273.286,55
1273.367,57
1273.447,64
1273.528,74
1273.609,81
1273.689,92
1273.77,94
1273.851,87
1273.931,90
1274.012,93
1274.093,101
1274.173,108
1274.254,104
1274.335,95
1274.415,86
1274.496,76
1274.577,80
1274.657,80
1274.738,82
1274.819,83
1274.899,78
1274.98,81
1275.061,86
1275.141,81
1275.222,76
1275.303,74
1275.384,63
1275.464,62
1275.545,63
1275.626,62
1275.706,63
1275.787,58
1275.868,66
1275.949,71
1276.029,81
1276.11,86
1276.191,90
1276.272,95
1276.352,94
1276.433,94
1276.514,99
1276.594,100
1276.675,106
1276.756,113
1276.837,99
1276.918,88
1276.998,79
1277.079,62
1277.16,67
1277.241,71
1277.321,83
1277.402,93
1277.483,93
1277.564,95
1277.644,95
1277.725,102
1277.806,97
1277.887,89
1277.968,89
1278.048,86
1278.129,89
1278.21,92
1278.291,91
1278.372,97
1278.452,98
1278.533,98
1278.614,93
1278.695,84
1278.776,83
1278.856,77
1278.937,78
1279.018,77
1279.099,77
1279.18,89
1279.261,96
1279.341,100
1279.422,97
1279.503,92
1279.584,84
1279.665,69
1279.746,64
1279.827,67
1279.907,60
1279.988,67
1280.069,63
1280.15,57
1280.231,63
1280.312,64
1280.393,72
1280.473,67
1280.554,71
1280.635,71
1280.716,69
1280.797,67
1280.878,63
1280.959,58
1281.04,55
1281.12,56
1281.201,57
1281.282,53
1281.363,53
1281.444,66
1281.525,75
1281.606,81
1281.687,92
1281.768,96
1281.849,94
1281.93,90
1282.01,82
1282.091,75
1282.172,65
1282.253,74
1282.334,69
1282.415,67
1282.496,58
1282.577,51
1282.658,49
1282.739,40
1282.82,43
1282.901,33
1282.982,35
1283.063,35
1283.144,45
1283.225,50
1283.306,51
1283.387,57
1283.468,56
1283.548,69
1283.629,75
1283.71,80
1283.791,82
1283.872,93
1283.953,100
1284.034,103
1284.115,106
1284.196,99
1284.277,94
1284.358,98
1284.439,103
1284.52,97
1284.601,96
1284.682,94
1284.763,89
1284.844,88
1284.925,93
1285.006,96
1285.087,98
1285.168,96
1285.249,83
1285.33,86
1285.412,91
1285.493,79
1285.574,74
1285.655,63
1285.736,50
1285.817,45
1285.898,41
1285.979,33
1286.06,28
1286.141,38
1286.222,38
1286.303,42
1286.384,51
1286.465,57
1286.546,56
1286.627,52
1286.708,47
1286.789,44
1286.871,53
1286.952,65
1287.033,77
1287.114,86
1287.195,88
1287.276,89
1287.357,90
1287.438,90
1287.519,91
1287.6,92
1287.681,90
1287.763,96
1287.844,89
1287.925,84
1288.006,75
1288.087,65
1288.168,69
1288.249,69
1288.33,59
1288.411,52
1288.493,53
1288.574,50
1288.655,55
1288.736,59
1288.817,54
1288.898,51
1288.979,47
1289.061,52
1289.142,52
1289.223,54
1289.304,57
1289.385,61
1289.466,58
1289.548,59
1289.629,57
1289.71,50
1289.791,50
1289.872,50
1289.953,53
1290.035,54
1290.116,59
1290.197,69
1290.278,71
1290.359,69
1290.44,65
1290.522,58
1290.603,55
1290.684,64
1290.765,72
1290.846,73
1290.928,95
1291.009,97
1291.09,101
1291.171,111
1291.253,109
1291.334,99
1291.415,87
1291.496,72
1291.577,53
1291.659,39
1291.74,36
1291.821,40
1291.902,32
1291.984,35
1292.065,38
1292.146,36
1292.227,35
1292.309,29
1292.39,23
1292.471,20
1292.552,20
1292.634,17
1292.715,17
1292.796,16
1292.877,20
1292.959,30
1293.04,35
1293.121,38
1293.203,43
1293.284,48
1293.365,54
1293.446,60
1293.528,62
1293.609,58
1293.69,54
1293.772,49
1293.853,54
1293.934,51
1294.015,56
1294.097,59
1294.178,60
1294.259,59
1294.341,55
1294.422,57
1294.503,54
1294.585,54
1294.666,56
1294.747,54
1294.829,56
1294.91,55
1294.991,58
1295.073,59
1295.154,53
1295.235,57
1295.317,54
1295.398,55
1295.479,47
1295.561,52
1295.642,51
1295.723,58
1295.805,65
1295.886,70
1295.968,67
1296.049,69
1296.13,66
1296.212,64
1296.293,64
1296.374,65
1296.456,70
1296.537,73
1296.619,78
1296.7,78
1296.781,78
1296.863,81
1296.944,84
1297.026,89
1297.107,93
1297.188,90
1297.27,84
1297.351,75
1297.433,71
1297.514,64
1297.595,67
1297.677,78
1297.758,83
1297.84,83
1297.921,86
1298.003,98
1298.084,97
1298.165,95
1298.247,93
1298.328,90
1298.41,86
1298.491,80
1298.573,77
1298.654,75
1298.736,76
1298.817,79
1298.899,89
1298.98,92
1299.061,99
1299.143,105
1299.224,103
1299.306,94
1299.387,79
1299.469,64
1299.55,56
1299.632,58
1299.713,64
1299.795,65
1299.876,60
1299.958,59
1300.039,59
1300.121,62
1300.202,57
1300.284,51
1300.365,41
1300.447,43
1300.528,54
1300.61,59
1300.691,68
1300.773,71
1300.854,71
1300.936,77
1301.017,80
1301.099,88
1301.18,88
1301.262,85
1301.344,78
1301.425,79
1301.507,82
1301.588,85
1301.67,87
1301.751,85
1301.833,84
1301.914,88
1301.996,87
1302.078,86
1302.159,77
1302.241,71
1302.322,68
1302.404,74
1302.485,80
1302.567,86
1302.649,80
1302.73,76
1302.812,76
1302.893,71
1302.975,70
1303.056,72
1303.138,77
1303.22,77
1303.301,93
1303.383,103
1303.464,98
1303.546,97
1303.628,82
1303.709,75
1303.791,66
1303.873,63
1303.954,54
1304.036,55
1304.117,64
1304.199,72
1304.281,84
1304.362,86
1304.444,87
1304.526,93
1304.607,94
1304.689,88
1304.771,84
1304.852,73
1304.934,68
1305.015,68
1305.097,71
1305.179,80
1305.26,75
1305.342,83
1305.424,88
1305.505,83
1305.587,87
1305.669,90
1305.751,81
1305.832,76
1305.914,75
1305.996,72
1306.077,69
1306.159,67
1306.241,63
1306.322,51
1306.404,55
1306.486,56
1306.567,50
1306.649,50
1306.731,46
1306.813,45
1306.894,42
1306.976,33
1307.058,31
1307.139,33
1307.221,34
1307.303,35
1307.385,38
1307.466,39
1307.548,44
1307.63,47
1307.712,48
1307.793,44
1307.875,47
1307.957,58
1308.039,59
1308.12,62
1308.202,70
1308.284,76
1308.366,85
1308.447,94
1308.529,100
1308.611,104
1308.693,89
1308.774,75
1308.856,58
1308.938,49
1309.02,53
1309.102,51
1309.183,53
1309.265,61
1309.347,62
1309.429,66
1309.511,74
1309.592,83
1309.674,87
1309.756,94
1309.838,103
1309.92,107
1310.001,103
1310.083,102
1310.165,98
1310.247,86
1310.329,80
1310.411,75
1310.492,63
1310.574,55
1310.656,54
1310.738,54
1310.82,60
1310.902,69
1310.983,73
1311.065,76
1311.147,71
1311.229,75
1311.311,71
1311.393,64
1311.475,54
1311.556,47
1311.638,55
1311.72,60
1311.802,71
1311.884,78
1311.966,72
1312.048,69
1312.129,61
1312.211,54
1312.293,53
1312.375,56
1312.457,54
1312.539,53
1312.621,56
1312.703,59
1312.785,70
1312.867,84
1312.948,88
1313.03,84
1313.112,80
1313.194,75
1313.276,70
1313.358,70
1313.44,75
1313.522,71
1313.604,67
1313.686,66
1313.768,62
1313.85,59
1313.932,56
1314.013,57
1314.095,61
1314.177,56
1314.259,49
1314.341,43
1314.423,45
1314.505,46
1314.587,46
1314.669,44
1314.751,39
1314.833,37
1314.915,45
1314.997,49
1315.079,63
1315.161,71
1315.243,72
1315.325,70
1315.407,72
1315.489,71
1315.571,74
1315.653,82
1315.735,81
1315.817,84
1315.899,82
1315.981,78
1316.063,80
1316.145,73
1316.227,74
1316.309,65
1316.391,60
1316.473,61
1316.555,53
1316.637,53
1316.719,51
1316.801,44
1316.883,52
1316.965,58
1317.047,63
1317.129,74
1317.211,76
1317.293,76
1317.375,76
1317.457,70
1317.539,61
1317.621,53
1317.704,47
1317.786,48
1317.868,43
1317.95,41
1318.032,45
1318.114,42
1318.196,48
1318.278,53
1318.36,62
1318.442,65
1318.524,64
1318.606,62
1318.688,55
1318.771,55
1318.853,57
1318.935,60
1319.017,63
1319.099,58
1319.181,52
1319.263,51
1319.345,41
1319.427,37
1319.509,49
1319.592,59
1319.674,69
1319.756,85
1319.838,85
1319.92,87
1320.002,77
1320.084,60
1320.166,52
1320.249,45
1320.331,45
1320.413,37
1320.495,44
1320.577,54
1320.659,70
1320.742,77
1320.824,82
1320.906,79
1320.988,82
1321.07,73
1321.152,69
1321.234,67
1321.317,57
1321.399,53
1321.481,48
1321.563,47
1321.645,41
1321.728,43
1321.81,48
1321.892,54
1321.974,70
1322.056,87
1322.139,100
1322.221,115
1322.303,126
1322.385,121
1322.467,115
1322.55,110
1322.632,97
1322.714,82
1322.796,74
1322.878,64
1322.961,55
1323.043,54
1323.125,56
1323.207,61
1323.29,57
1323.372,64
1323.454,66
1323.536,60
1323.619,66
1323.701,71
1323.783,71
1323.865,71
1323.948,79
1324.03,79
1324.112,76
1324.194,80
1324.277,82
1324.359,68
1324.441,63
1324.523,55
1324.606,53
1324.688,50
1324.77,47
1324.853,49
1324.935,45
1325.017,53
1325.099,56
1325.182,54
1325.264,52
1325.346,45
1325.429,49
1325.511,46
1325.593,43
1325.676,45
1325.758,53
1325.84,60
1325.922,69
1326.005,71
1326.087,72
1326.169,72
1326.252,72
1326.334,77
1326.416,72
1326.499,69
1326.581,66
1326.663,61
1326.746,63
1326.828,58
1326.91,53
1326.993,54
1327.075,55
1327.158,53
1327.24,47
1327.322,44
1327.405,43
1327.487,50
1327.569,54
1327.652,50
1327.734,55
1327.816,55
1327.899,57
1327.981,64
1328.064,59
1328.146,58
1328.228,53
1328.311,58
1328.393,60
1328.476,63
1328.558,72
1328.64,75
1328.723,82
1328.805,76
1328.888,71
1328.97,63
1329.052,64
1329.135,59
1329.217,60
1329.3,55
1329.382,47
1329.465,51
1329.547,48
1329.629,50
1329.712,55
1329.794,59
1329.877,59
1329.959,58
1330.042,58
1330.124,66
1330.207,74
1330.289,83
1330.371,78
1330.454,77
1330.536,71
1330.619,61
1330.701,70
1330.784,67
1330.866,73
1330.949,61
1331.031,58
1331.114,59
1331.196,51
1331.279,59
1331.361,55
1331.444,57
1331.526,52
1331.609,53
1331.691,55
1331.774,64
1331.856,75
1331.939,85
1332.021,94
1332.104,103
1332.186,102
1332.269,90
1332.351,81
1332.434,67
1332.516,60
1332.599,60
1332.681,54
1332.764,52
1332.846,49
1332.929,48
1333.012,49
1333.094,56
1333.177,58
1333.259,55
1333.342,57
1333.424,56
1333.507,63
1333.589,58
1333.672,57
1333.755,50
1333.837,45
1333.92,59
1334.002,66
1334.085,76
1334.167,84
1334.25,81
1334.333,76
1334.415,72
1334.498,67
1334.58,68
1334.663,59
1334.745,55
1334.828,53
1334.911,55
1334.993,58
1335.076,64
1335.159,62
1335.241,52
1335.324,49
1335.406,44
1335.489,48
1335.572,45
1335.654,48
1335.737,48
1335.819,51
1335.902,59
1335.985,63
1336.067,65
1336.15,73
1336.233,73
1336.315,66
1336.398,64
1336.481,64
1336.563,55
1336.646,55
1336.729,52
1336.811,45
1336.894,48
1336.977,47
1337.059,48
1337.142,41
1337.225,38
1337.307,33
1337.39,29
1337.473,28
1337.555,26
1337.638,26
1337.721,29
1337.803,37
1337.886,43
1337.969,50
1338.051,56
1338.134,61
1338.217,60
1338.3,64
1338.382,60
1338.465,51
1338.548,53
1338.63,47
1338.713,42
1338.796,40
1338.879,38
1338.961,41
1339.044,46
1339.127,50
1339.21,52
1339.292,51
1339.375,56
1339.458,55
1339.54,61
1339.623,72
1339.706,79
1339.789,90
1339.872,88
1339.954,83
1340.037,74
1340.12,71
1340.203,63
1340.285,68
1340.368,71
1340.451,69
1340.534,69
1340.616,65
1340.699,61
1340.782,65
1340.865,72
1340.948,82
1341.03,92
1341.113,94
1341.196,87
1341.279,83
1341.362,82
1341.444,73
1341.527,82
1341.61,77
1341.693,66
1341.776,58
1341.858,41
1341.941,40
1342.024,42
1342.107,48
1342.19,54
1342.273,58
1342.355,58
1342.438,61
1342.521,55
1342.604,49
1342.687,48
1342.77,53
1342.852,57
1342.935,61
1343.018,60
1343.101,58
1343.184,51
1343.267,57
1343.35,60
1343.433,57
1343.515,55
1343.598,47
1343.681,45
1343.764,36
1343.847,37
1343.93,35
1344.013,33
1344.096,28
1344.178,33
1344.261,37
1344.344,43
1344.427,52
1344.51,57
1344.593,64
1344.676,73
1344.759,69
1344.842,76
1344.925,89
1345.008,108
1345.09,135
1345.173,159
1345.256,165
1345.339,168
1345.422,168
1345.505,161
1345.588,161
1345.671,155
1345.754,157
1345.837,162
1345.92,155
1346.003,153
1346.086,150
1346.169,144
1346.252,134
1346.335,130
1346.418,114
1346.5,90
1346.583,92
1346.666,95
1346.749,88
1346.832,93
1346.915,92
1346.998,95
1347.081,95
1347.164,107
1347.247,97
1347.33,93
1347.413,94
1347.496,89
1347.579,104
1347.662,108
1347.745,121
1347.828,122
1347.911,120
1347.994,117
1348.077,120
1348.16,118
1348.243,108
1348.326,98
1348.409,87
1348.492,81
1348.575,81
1348.658,83
1348.742,81
1348.825,88
1348.908,84
1348.991,76
1349.074,68
1349.157,61
1349.24,53
1349.323,46
1349.406,47
1349.489,40
1349.572,40
1349.655,43
1349.738,42
1349.821,43
1349.904,49
1349.987,53
1350.07,68
1350.153,73
1350.237,76
1350.32,77
1350.403,64
1350.486,69
1350.569,70
1350.652,75
1350.735,78
1350.818,89
1350.901,88
1350.984,82
1351.068,84
1351.151,79
1351.234,82
1351.317,78
1351.4,69
1351.483,58
1351.566,54
1351.649,50
1351.732,45
1351.816,45
1351.899,45
1351.982,49
1352.065,54
1352.148,59
1352.231,55
1352.314,53
1352.398,48
1352.481,41
1352.564,43
1352.647,34
1352.73,32
1352.813,34
1352.897,34
1352.98,38
1353.063,48
1353.146,58
1353.229,65
1353.312,72
1353.396,72
1353.479,75
1353.562,70
1353.645,71
1353.728,65
1353.812,55
1353.895,52
1353.978,50
1354.061,48
1354.144,45
1354.228,47
1354.311,47
1354.394,44
1354.477,48
1354.56,44
1354.644,41
1354.727,41
1354.81,38
1354.893,44
1354.977,43
1355.06,49
1355.143,50
1355.226,56
1355.309,64
1355.393,60
1355.476,63
1355.559,52
1355.642,46
1355.726,46
1355.809,46
1355.892,43
1355.975,42
1356.059,38
1356.142,39
1356.225,38
1356.309,39
1356.392,37
1356.475,41
1356.558,45
1356.642,49
1356.725,51
1356.808,52
1356.892,51
1356.975,59
1357.058,63
1357.141,59
1357.225,60
1357.308,59
1357.391,63
1357.475,65
1357.558,65
1357.641,68
1357.725,61
1357.808,56
1357.891,47
1357.975,38
1358.058,36
1358.141,34
1358.225,41
1358.308,46
1358.391,52
1358.475,52
1358.558,54
1358.641,50
1358.725,39
1358.808,34
1358.891,32
1358.975,32
1359.058,40
1359.141,53
1359.225,58
1359.308,65
1359.391,70
1359.475,76
1359.558,79
1359.642,87
1359.725,93
1359.808,94
1359.892,95
1359.975,91
1360.058,93
1360.142,96
1360.225,87
1360.309,78
1360.392,65
1360.475,57
1360.559,58
1360.642,55
1360.726,47
1360.809,54
1360.892,57
1360.976,65
1361.059,71
1361.143,71
1361.226,71
1361.31,75
1361.393,69
1361.476,72
1361.56,73
1361.643,67
1361.727,71
1361.81,65
1361.894,62
1361.977,59
1362.061,64
1362.144,67
1362.227,73
1362.311,78
1362.394,74
1362.478,70
1362.561,70
1362.645,68
1362.728,72
1362.812,76
1362.895,83
1362.979,78
1363.062,83
1363.146,94
1363.229,93
1363.313,97
1363.396,93
1363.48,81
1363.563,74
1363.647,75
1363.73,74
1363.814,73
1363.897,73
1363.981,75
1364.064,75
1364.148,81
1364.231,80
1364.315,70
1364.398,70
1364.482,58
1364.565,51
1364.649,48
1364.732,46
1364.816,44
1364.899,43
1364.983,39
1365.066,38
1365.15,32
1365.234,32
1365.317,36
1365.401,35
1365.484,39
1365.568,45
1365.651,52
1365.735,54
1365.819,62
1365.902,61
1365.986,58
1366.069,61
1366.153,60
1366.236,62
1366.32,61
1366.404,65
1366.487,63
1366.571,59
1366.654,51
1366.738,48
1366.822,37
1366.905,38
1366.989,43
1367.072,45
1367.156,52
1367.24,53
1367.323,58
1367.407,59
1367.49,56
1367.574,56
1367.658,58
1367.741,64
1367.825,68
1367.909,71
1367.992,77
1368.076,77
1368.159,84
1368.243,80
1368.327,83
1368.41,80
1368.494,79
1368.578,86
1368.661,87
1368.745,89
1368.829,105
1368.912,112
1368.996,121
1369.08,130
1369.163,135
1369.247,140
1369.331,141
1369.414,137
1369.498,125
1369.582,126
1369.665,129
1369.749,144
1369.833,179
1369.917,205
1370,230
1370.084,251
1370.168,243
1370.251,223
1370.335,203
1370.419,167
1370.502,134
1370.586,125
1370.67,113
1370.754,113
1370.837,127
1370.921,130
1371.005,142
1371.089,140
1371.172,127
1371.256,123
1371.34,119
1371.423,112
1371.507,110
1371.591,104
1371.675,92
1371.758,88
1371.842,83
1371.926,76
1372.01,68
1372.093,62
1372.177,51
1372.261,50
1372.345,47
1372.429,48
1372.512,51
1372.596,54
1372.68,62
1372.764,62
1372.847,58
1372.931,56
1373.015,48
1373.099,49
1373.183,52
1373.266,56
1373.35,64
1373.434,65
1373.518,74
1373.602,72
1373.685,73
1373.769,77
1373.853,94
1373.937,96
1374.021,95
1374.105,97
1374.188,86
1374.272,78
1374.356,80
1374.44,76
1374.524,70
1374.608,65
1374.691,62
1374.775,50
1374.859,39
1374.943,34
1375.027,34
1375.111,37
1375.195,39
1375.278,44
1375.362,45
1375.446,48
1375.53,50
1375.614,55
1375.698,57
1375.782,61
1375.865,66
1375.949,59
1376.033,61
1376.117,55
1376.201,52
1376.285,48
1376.369,43
1376.453,41
1376.537,39
1376.621,43
1376.704,47
1376.788,60
1376.872,69
1376.956,66
1377.04,65
1377.124,58
1377.208,46
1377.292,43
1377.376,43
1377.46,47
1377.544,43
1377.628,52
1377.711,57
1377.795,62
1377.879,65
1377.963,63
1378.047,58
1378.131,53
1378.215,52
1378.299,46
1378.383,49
1378.467,51
1378.551,50
1378.635,52
1378.719,63
1378.803,67
1378.887,67
1378.971,70
1379.055,64
1379.139,62
1379.223,64
1379.307,63
1379.391,57
1379.475,50
1379.559,38
1379.643,39
1379.727,42
1379.811,44
1379.895,44
1379.979,41
1380.063,43
1380.147,47
1380.231,54
1380.315,54
1380.399,53
1380.483,49
1380.567,44
1380.651,44
1380.735,43
1380.819,43
1380.903,43
1380.987,37
1381.071,31
1381.155,27
1381.239,34
1381.323,35
1381.407,42
1381.491,42
1381.575,43
1381.659,44
1381.744,49
1381.828,59
1381.912,62
1381.996,65
1382.08,66
1382.164,58
1382.248,47
1382.332,43
1382.416,36
1382.5,32
1382.584,31
1382.668,31
1382.752,28
1382.837,30
1382.921,30
1383.005,37
1383.089,43
1383.173,49
1383.257,50
1383.341,62
1383.425,59
1383.509,61
1383.594,69
1383.678,74
1383.762,81
1383.846,94
1383.93,104
1384.014,100
1384.098,90
1384.182,80
1384.267,69
1384.351,68
1384.435,73
1384.519,82
1384.603,81
1384.687,84
1384.771,88
1384.856,87
1384.94,89
1385.024,81
1385.108,77
1385.192,77
1385.276,75
1385.361,66
1385.445,63
1385.529,59
1385.613,49
1385.697,55
1385.782,53
1385.866,55
1385.95,65
1386.034,67
1386.118,67
1386.202,73
1386.287,74
1386.371,78
1386.455,78
1386.539,76
1386.624,78
1386.708,72
1386.792,69
1386.876,66
1386.96,64
1387.045,58
1387.129,56
1387.213,52
1387.297,47
1387.382,53
1387.466,61
1387.55,65
1387.634,75
1387.719,71
1387.803,65
1387.887,64
1387.971,51
1388.056,51
1388.14,50
1388.224,41
1388.308,38
1388.393,33
1388.477,28
1388.561,27
1388.645,28
1388.73,27
1388.814,30
1388.898,31
1388.983,35
1389.067,35
1389.151,36
1389.235,39
1389.32,38
1389.404,48
1389.488,46
1389.573,48
1389.657,42
1389.741,35
1389.826,32
1389.91,34
1389.994,40
1390.078,40
1390.163,48
1390.247,46
1390.331,57
1390.416,63
1390.5,68
1390.584,64
1390.669,61
1390.753,54
1390.837,50
1390.922,49
1391.006,47
1391.09,44
1391.175,40
1391.259,41
1391.344,47
1391.428,54
1391.512,55
1391.597,59
1391.681,54
1391.765,54
1391.85,60
1391.934,59
1392.019,71
1392.103,77
1392.187,83
1392.272,82
1392.356,76
1392.44,71
1392.525,64
1392.609,61
1392.694,64
1392.778,66
1392.862,75
1392.947,81
1393.031,93
1393.116,89
1393.2,81
1393.285,85
1393.369,76
1393.453,77
1393.538,71
1393.622,72
1393.707,68
1393.791,70
1393.875,77
1393.96,72
1394.044,78
1394.129,77
1394.213,80
1394.298,73
1394.382,81
1394.467,81
1394.551,75
1394.636,77
1394.72,80
1394.804,87
1394.889,94
1394.973,94
1395.058,95
1395.142,93
1395.227,92
1395.311,91
1395.396,77
1395.48,68
1395.565,62
1395.649,59
1395.734,55
1395.818,59
1395.903,66
1395.987,68
1396.072,68
1396.156,71
1396.241,75
1396.325,77
1396.41,82
1396.494,77
1396.579,72
1396.663,76
1396.748,89
1396.832,93
1396.917,98
1397.001,94
1397.086,92
1397.171,90
1397.255,80
1397.34,75
1397.424,71
1397.509,71
1397.593,73
1397.678,75
1397.762,74
1397.847,65
1397.931,56
1398.016,43
1398.101,34
1398.185,35
1398.27,31
1398.354,30
1398.439,31
1398.523,35
1398.608,45
1398.693,46
1398.777,50
1398.862,50
1398.946,51
1399.031,52
1399.116,54
1399.2,48
1399.285,44
1399.369,46
1399.454,43
1399.539,49
1399.623,54
1399.708,57
1399.792,56
1399.877,52
1399.962,49
1400.046,49
1400.131,46
1400.216,43
1400.3,43
1400.385,46
1400.47,42
1400.554,46
1400.639,47
1400.723,45
1400.808,44
1400.893,42
1400.977,39
1401.062,42
1401.147,49
1401.231,44
1401.316,41
1401.401,37
1401.485,32
1401.57,32
1401.655,32
1401.739,36
1401.824,36
1401.909,43
1401.993,46
1402.078,51
1402.163,48
1402.248,46
1402.332,51
1402.417,51
1402.502,43
1402.586,38
1402.671,35
1402.756,27
1402.84,37
1402.925,38
1403.01,36
1403.095,38
1403.179,44
1403.264,48
1403.349,53
1403.433,63
1403.518,62
1403.603,62
1403.688,60
1403.772,62
1403.857,52
1403.942,57
1404.027,60
1404.111,62
1404.196,60
1404.281,54
1404.366,47
1404.45,40
1404.535,39
1404.62,42
1404.705,42
1404.79,43
1404.874,52
1404.959,53
1405.044,60
1405.129,57
1405.213,63
1405.298,65
1405.383,68
1405.468,70
1405.553,61
1405.637,53
1405.722,43
1405.807,37
1405.892,40
1405.977,40
1406.061,41
1406.146,38
1406.231,36
1406.316,44
1406.401,57
1406.485,70
1406.57,85
1406.655,86
1406.74,88
1406.825,73
1406.91,57
1406.994,56
1407.079,52
1407.164,55
1407.249,52
1407.334,51
1407.419,46
1407.504,41
1407.588,37
1407.673,35
1407.758,34
1407.843,29
1407.928,29
1408.013,25
1408.098,28
1408.183,25
1408.267,32
1408.352,34
1408.437,32
1408.522,29
1408.607,27
1408.692,23
1408.777,27
1408.862,30
1408.947,39
1409.031,44
1409.116,50
1409.201,58
1409.286,71
1409.371,68
1409.456,62
1409.541,58
1409.626,57
1409.711,59
1409.796,61
1409.881,61
1409.965,56
1410.05,58
1410.135,62
1410.22,71
1410.305,78
1410.39,79
1410.475,87
1410.56,79
1410.645,75
1410.73,78
1410.815,69
1410.9,68
1410.985,67
1411.07,66
1411.155,61
1411.24,54
1411.325,46
1411.41,42
1411.495,36
1411.58,32
1411.665,26
1411.75,28
1411.835,26
1411.92,28
1412.005,25
1412.09,28
1412.175,30
1412.26,31
1412.345,45
1412.43,51
1412.515,64
1412.6,73
1412.685,83
1412.77,74
1412.855,59
1412.94,48
1413.025,32
1413.11,29
1413.195,28
1413.28,22
1413.365,20
1413.45,24
1413.535,32
1413.62,45
1413.705,56
1413.79,62
1413.875,62
1413.96,58
1414.045,61
1414.13,60
1414.215,63
1414.3,64
1414.385,71
1414.47,76
1414.556,78
1414.641,79
1414.726,88
1414.811,76
1414.896,70
1414.981,60
1415.066,53
1415.151,52
1415.236,50
1415.321,39
1415.406,36
1415.492,34
1415.577,29
1415.662,29
1415.747,21
1415.832,23
1415.917,29
1416.002,37
1416.087,35
1416.172,35
1416.258,32
1416.343,29
1416.428,29
1416.513,38
1416.598,41
1416.683,38
1416.768,48
1416.853,52
1416.939,59
1417.024,67
1417.109,77
1417.194,71
1417.279,74
1417.364,74
1417.45,71
1417.535,76
1417.62,77
1417.705,72
1417.79,75
1417.875,83
1417.961,94
1418.046,105
1418.131,108
1418.216,106
1418.301,108
1418.386,97
1418.472,100
1418.557,94
1418.642,82
1418.727,71
1418.812,59
1418.898,65
1418.983,71
1419.068,83
1419.153,89
1419.238,85
1419.324,77
1419.409,68
1419.494,69
1419.579,66
1419.665,67
1419.75,64
1419.835,57
1419.92,62
1420.005,69
1420.091,75
1420.176,88
1420.261,95
1420.346,98
1420.432,104
1420.517,95
1420.602,93
1420.687,87
1420.773,79
1420.858,81
1420.943,72
1421.029,67
1421.114,60
1421.199,65
1421.284,65
1421.37,64
1421.455,68
1421.54,60
1421.625,56
1421.711,62
1421.796,62
1421.881,67
1421.967,73
1422.052,74
1422.137,71
1422.223,63
1422.308,63
1422.393,57
1422.478,50
1422.564,49
1422.649,43
1422.734,44
1422.82,40
1422.905,34
1422.99,31
1423.076,31
1423.161,26
1423.246,29
1423.332,31
1423.417,26
1423.502,24
1423.588,30
1423.673,31
1423.758,37
1423.844,45
1423.929,48
1424.015,53
1424.1,61
1424.185,63
1424.271,64
1424.356,67
1424.441,64
1424.527,64
1424.612,58
1424.698,57
1424.783,57
1424.868,62
1424.954,49
1425.039,52
1425.124,50
1425.21,47
1425.295,45
1425.381,47
1425.466,47
1425.551,45
1425.637,44
1425.722,45
1425.808,47
1425.893,49
1425.979,50
1426.064,46
1426.149,42
1426.235,39
1426.32,38
1426.406,38
1426.491,36
1426.577,40
1426.662,43
1426.747,37
1426.833,30
1426.918,25
1427.004,23
1427.089,25
1427.175,27
1427.26,27
1427.346,23
1427.431,24
1427.517,29
1427.602,27
1427.687,34
1427.773,39
1427.858,41
1427.944,49
1428.029,52
1428.115,46
1428.2,38
1428.286,33
1428.371,27
1428.457,27
1428.542,33
1428.628,33
1428.713,37
1428.799,42
1428.884,43
1428.97,42
1429.055,42
1429.141,41
1429.226,44
1429.312,43
1429.397,40
1429.483,39
1429.568,36
1429.654,43
1429.74,41
1429.825,44
1429.911,46
1429.996,46
1430.082,53
1430.167,53
1430.253,52
1430.338,57
1430.424,60
1430.509,54
1430.595,49
1430.681,48
1430.766,48
1430.852,51
1430.937,59
1431.023,59
1431.108,62
1431.194,67
1431.28,60
1431.365,54
1431.451,49
1431.536,44
1431.622,39
1431.708,35
1431.793,38
1431.879,47
1431.964,59
1432.05,76
1432.136,78
1432.221,74
1432.307,68
1432.392,63
1432.478,62
1432.564,61
1432.649,63
1432.735,54
1432.82,56
1432.906,53
1432.992,54
1433.077,51
1433.163,58
1433.249,58
1433.334,53
1433.42,54
1433.506,51
1433.591,55
1433.677,59
1433.763,62
1433.848,63
1433.934,63
1434.02,64
1434.105,60
1434.191,66
1434.277,78
1434.362,88
1434.448,104
1434.534,102
1434.619,96
1434.705,88
1434.791,80
1434.876,70
1434.962,76
1435.048,79
1435.133,77
1435.219,82
1435.305,72
1435.391,68
1435.476,55
1435.562,45
1435.648,47
1435.733,44
1435.819,44
1435.905,40
1435.991,35
1436.076,32
1436.162,37
1436.248,36
1436.333,35
1436.419,42
1436.505,50
1436.591,56
1436.676,62
1436.762,65
1436.848,64
1436.934,67
1437.019,66
1437.105,60
1437.191,53
1437.277,45
1437.362,44
1437.448,45
1437.534,39
1437.62,29
1437.706,29
1437.791,24
1437.877,25
1437.963,23
1438.049,19
1438.134,22
1438.22,26
1438.306,34
1438.392,32
1438.478,36
1438.563,34
1438.649,29
1438.735,35
1438.821,36
1438.907,34
1438.992,32
1439.078,28
1439.164,31
1439.25,33
1439.336,36
1439.422,32
1439.507,29
1439.593,28
1439.679,24
1439.765,24
1439.851,26
1439.937,38
1440.022,45
1440.108,62
1440.194,73
1440.28,100
1440.366,156
1440.452,301
1440.538,456
1440.623,646
1440.709,909
1440.795,1158
1440.881,1401
1440.967,1600
1441.053,1726
1441.139,1740
1441.225,1754
1441.31,1776
1441.396,1769
1441.482,1768
1441.568,1779
1441.654,1788
1441.74,1834
1441.826,1897
1441.912,1953
1441.998,2011
1442.084,2019
1442.169,1989
1442.255,1942
1442.341,1902
1442.427,1841
1442.513,1793
1442.599,1762
1442.685,1728
1442.771,1743
1442.857,1790
1442.943,1828
1443.029,1875
1443.115,1889
1443.201,1862
1443.287,1827
1443.372,1783
1443.458,1721
1443.544,1694
1443.63,1668
1443.716,1643
1443.802,1625
1443.888,1621
1443.974,1628
1444.06,1636
1444.146,1654
1444.232,1635
1444.318,1613
1444.404,1591
1444.49,1535
1444.576,1462
1444.662,1391
1444.748,1325
1444.834,1267
1444.92,1266
1445.006,1258
1445.092,1239
1445.178,1231
1445.264,1189
1445.35,1153
1445.436,1115
1445.522,1053
1445.608,963
1445.694,879
1445.78,775
1445.866,688
1445.952,646
1446.038,599
1446.124,551
1446.21,511
1446.296,499
1446.382,485
1446.468,481
1446.554,466
1446.64,453
1446.726,435
1446.812,427
1446.899,420
1446.985,392
1447.071,368
1447.157,335
1447.243,307
1447.329,296
1447.415,286
1447.501,276
1447.587,284
1447.673,284
1447.759,275
1447.845,276
1447.931,275
1448.017,261
1448.104,250
1448.19,245
1448.276,246
1448.362,237
1448.448,220
1448.534,207
1448.62,193
1448.706,197
1448.792,205
1448.879,219
1448.965,236
1449.051,242
1449.137,258
1449.223,254
1449.309,251
1449.395,250
1449.481,246
1449.568,246
1449.654,251
1449.74,246
1449.826,244
1449.912,239
1449.998,229
1450.084,229
1450.171,220
1450.257,210
1450.343,197
1450.429,184
1450.515,179
1450.601,169
1450.687,175
1450.774,171
1450.86,173
1450.946,170
1451.032,147
1451.118,132
1451.205,119
1451.291,108
1451.377,102
1451.463,109
1451.549,116
1451.636,119
1451.722,129
1451.808,135
1451.894,132
1451.98,150
1452.067,148
1452.153,145
1452.239,139
1452.325,113
1452.411,102
1452.498,101
1452.584,99
1452.67,94
1452.756,98
1452.843,82
1452.929,65
1453.015,56
1453.101,51
1453.188,50
1453.274,54
1453.36,62
1453.446,65
1453.533,81
1453.619,88
1453.705,94
1453.791,92
1453.878,90
1453.964,93
1454.05,94
1454.136,96
1454.223,88
1454.309,73
1454.395,69
1454.481,68
1454.568,77
1454.654,87
1454.74,100
1454.827,97
1454.913,101
1454.999,109
1455.086,104
1455.172,108
1455.258,106
1455.344,106
1455.431,96
1455.517,91
1455.603,84
1455.69,73
1455.776,77
1455.862,84
1455.949,87
1456.035,88
1456.121,99
1456.208,102
1456.294,106
1456.38,110
1456.467,106
1456.553,105
1456.639,112
1456.726,114
1456.812,117
1456.898,140
1456.985,174
1457.071,212
1457.158,250
1457.244,266
1457.33,248
1457.417,233
1457.503,216
1457.589,218
1457.676,239
1457.762,260
1457.849,277
1457.935,303
1458.021,337
1458.108,375
1458.194,414
1458.281,426
1458.367,398
1458.453,371
1458.54,341
1458.626,305
1458.713,294
1458.799,284
1458.885,275
1458.972,285
1459.058,302
1459.145,318
1459.231,336
1459.317,335
1459.404,312
1459.49,288
1459.577,259
1459.663,239
1459.75,230
1459.836,218
1459.923,205
1460.009,197
1460.095,196
1460.182,196
1460.268,192
1460.355,191
1460.441,181
1460.528,164
1460.614,158
1460.701,139
1460.787,142
1460.874,144
1460.96,148
1461.047,149
1461.133,149
1461.22,148
1461.306,135
1461.393,127
1461.479,114
1461.566,104
1461.652,90
1461.739,91
1461.825,100
1461.912,109
1461.998,119
1462.085,116
1462.171,115
1462.258,116
1462.344,122
1462.431,120
1462.517,113
1462.604,106
1462.69,87
1462.777,78
1462.863,76
1462.95,70
1463.036,67
1463.123,76
1463.209,71
1463.296,69
1463.383,63
1463.469,60
1463.556,58
1463.642,56
1463.729,52
1463.815,42
1463.902,42
1463.989,47
1464.075,47
1464.162,46
1464.248,51
1464.335,52
1464.421,53
1464.508,53
1464.595,55
1464.681,55
1464.768,69
1464.854,78
1464.941,92
1465.028,115
1465.114,127
1465.201,152
1465.287,162
1465.374,172
1465.461,167
1465.547,151
1465.634,144
1465.72,137
1465.807,142
1465.894,151
1465.98,168
1466.067,184
1466.154,198
1466.24,206
1466.327,194
1466.414,178
1466.5,172
1466.587,158
1466.673,149
1466.76,142
1466.847,143
1466.933,142
1467.02,139
1467.107,143
1467.193,135
1467.28,122
1467.367,124
1467.453,126
1467.54,128
1467.627,128
1467.713,126
1467.8,122
1467.887,127
1467.974,143
1468.06,137
1468.147,130
1468.234,124
1468.32,113
1468.407,120
1468.494,125
1468.58,123
1468.667,122
1468.754,112
1468.841,107
1468.927,112
1469.014,110
1469.101,103
1469.187,100
1469.274,97
1469.361,92
1469.448,87
1469.534,81
1469.621,75
1469.708,73
1469.795,74
1469.881,71
1469.968,73
1470.055,70
1470.142,68
1470.228,67
1470.315,68
1470.402,66
1470.489,65
1470.575,63
1470.662,55
1470.749,52
1470.836,53
1470.922,60
1471.009,67
1471.096,83
1471.183,96
1471.27,104
1471.356,107
1471.443,108
1471.53,102
1471.617,92
1471.704,91
1471.79,79
1471.877,70
1471.964,65
1472.051,61
1472.138,65
1472.224,71
1472.311,82
1472.398,99
1472.485,97
1472.572,95
1472.659,84
1472.745,76
1472.832,72
1472.919,73
1473.006,75
1473.093,68
1473.18,76
1473.266,74
1473.353,75
1473.44,85
1473.527,83
1473.614,84
1473.701,88
1473.788,99
1473.874,97
1473.961,98
1474.048,96
1474.135,82
1474.222,87
1474.309,87
1474.396,92
1474.483,101
1474.57,98
1474.656,98
1474.743,94
1474.83,92
1474.917,92
1475.004,92
1475.091,90
1475.178,87
1475.265,83
1475.352,86
1475.439,85
1475.525,87
1475.612,91
1475.699,95
1475.786,93
1475.873,93
1475.96,101
1476.047,100
1476.134,101
1476.221,103
1476.308,115
1476.395,118
1476.482,126
1476.569,140
1476.656,143
1476.743,148
1476.829,153
1476.916,150
1477.003,137
1477.09,132
1477.177,129
1477.264,116
1477.351,114
1477.438,97
1477.525,80
1477.612,69
1477.699,57
1477.786,74
1477.873,90
1477.96,115
1478.047,147
1478.134,165
1478.221,183
1478.308,187
1478.395,193
1478.482,169
1478.569,149
1478.656,132
1478.743,118
1478.83,130
1478.917,147
1479.004,176
1479.091,199
1479.178,215
1479.265,237
1479.352,240
1479.439,237
1479.526,222
1479.613,200
1479.7,183
1479.787,173
1479.875,183
1479.962,191
1480.049,219
1480.136,232
1480.223,227
1480.31,223
1480.397,220
1480.484,214
1480.571,206
1480.658,197
1480.745,180
1480.832,174
1480.919,174
1481.006,173
1481.093,160
1481.181,167
1481.268,166
1481.355,158
1481.442,161
1481.529,152
1481.616,142
1481.703,139
1481.79,136
1481.877,134
1481.964,138
1482.052,138
1482.139,142
1482.226,143
1482.313,145
1482.4,152
1482.487,155
1482.574,156
1482.661,151
1482.749,143
1482.836,135
1482.923,116
1483.01,106
1483.097,98
1483.184,90
1483.271,89
1483.359,91
1483.446,93
1483.533,92
1483.62,94
1483.707,91
1483.794,85
1483.881,82
1483.969,81
1484.056,83
1484.143,85
1484.23,82
1484.317,89
1484.405,97
1484.492,101
1484.579,107
1484.666,109
1484.753,114
1484.84,112
1484.928,113
1485.015,112
1485.102,101
1485.189,103
1485.276,93
1485.364,90
1485.451,85
1485.538,87
1485.625,86
1485.713,81
1485.8,79
1485.887,76
1485.974,75
1486.061,71
1486.149,71
1486.236,68
1486.323,69
1486.41,68
1486.498,64
1486.585,59
1486.672,53
1486.759,51
1486.847,51
1486.934,51
1487.021,49
1487.108,49
1487.196,50
1487.283,49
1487.37,46
1487.458,54
1487.545,50
1487.632,43
1487.719,37
1487.807,26
1487.894,27
1487.981,26
1488.068,23
1488.156,21
1488.243,27
1488.33,29
1488.418,32
1488.505,36
1488.592,38
1488.68,47
1488.767,52
1488.854,71
1488.942,85
1489.029,104
1489.116,131
1489.203,155
1489.291,162
1489.378,172
1489.465,170
1489.553,163
1489.64,171
1489.727,180
1489.815,198
1489.902,213
1489.99,247
1490.077,279
1490.164,309
1490.252,347
1490.339,350
1490.426,351
1490.514,343
1490.601,330
1490.688,338
1490.776,356
1490.863,375
1490.951,421
1491.038,488
1491.125,555
1491.213,612
1491.3,676
1491.387,656
1491.475,644
1491.562,611
1491.65,559
1491.737,534
1491.824,513
1491.912,513
1491.999,526
1492.087,578
1492.174,617
1492.261,649
1492.349,679
1492.436,644
1492.524,617
1492.611,583
1492.699,522
1492.786,510
1492.873,499
1492.961,490
1493.048,496
1493.136,501
1493.223,484
1493.311,477
1493.398,448
1493.486,412
1493.573,380
1493.661,339
1493.748,311
1493.835,305
1493.923,300
1494.01,313
1494.098,328
1494.185,340
1494.273,356
1494.36,359
1494.448,348
1494.535,323
1494.623,296
1494.71,269
1494.798,237
1494.885,230
1494.973,222
1495.06,207
1495.148,207
1495.235,198
1495.323,186
1495.41,183
1495.498,173
1495.585,173
1495.673,175
1495.76,178
1495.848,166
1495.935,162
1496.023,163
1496.11,153
1496.198,153
1496.285,161
1496.373,169
1496.461,171
1496.548,175
1496.636,161
1496.723,148
1496.811,146
1496.898,143
1496.986,134
1497.073,121
1497.161,108
1497.248,94
1497.336,94
1497.424,91
1497.511,95
1497.599,91
1497.686,100
1497.774,106
1497.862,101
1497.949,109
1498.037,110
1498.124,124
1498.212,131
1498.299,136
1498.387,141
1498.475,129
1498.562,119
1498.65,113
1498.737,106
1498.825,110
1498.913,107
1499,104
1499.088,94
1499.176,85
1499.263,90
1499.351,93
1499.438,92
1499.526,86
1499.614,91
1499.701,88
1499.789,92
1499.877,96
1499.964,91
1500.052,87
1500.14,93
1500.227,93
1500.315,95
1500.403,98
1500.49,91
1500.578,88
1500.666,95
1500.753,95
1500.841,93
1500.929,94
1501.016,86
1501.104,78
1501.192,81
1501.279,81
1501.367,72
1501.455,74
1501.542,73
1501.63,66
1501.718,65
1501.805,66
1501.893,72
1501.981,82
1502.069,82
1502.156,93
1502.244,92
1502.332,96
1502.419,102
1502.507,96
1502.595,95
1502.683,96
1502.77,92
1502.858,89
1502.946,100
1503.033,109
1503.121,109
1503.209,107
1503.297,100
1503.384,92
1503.472,90
1503.56,80
1503.648,78
1503.735,80
1503.823,85
1503.911,98
1503.999,117
1504.087,132
1504.174,155
1504.262,175
1504.35,171
1504.438,169
1504.525,165
1504.613,159
1504.701,158
1504.789,153
1504.877,144
1504.964,137
1505.052,144
1505.14,153
1505.228,166
1505.316,153
1505.403,149
1505.491,141
1505.579,125
1505.667,132
1505.755,136
1505.842,133
1505.93,124
1506.018,141
1506.106,144
1506.194,144
1506.282,152
1506.369,156
1506.457,145
1506.545,143
1506.633,134
1506.721,124
1506.809,126
1506.896,140
1506.984,150
1507.072,159
1507.16,168
1507.248,166
1507.336,171
1507.424,169
1507.511,162
1507.599,163
1507.687,159
1507.775,146
1507.863,138
1507.951,134
1508.039,135
1508.127,132
1508.215,131
1508.302,124
1508.39,121
1508.478,126
1508.566,117
1508.654,111
1508.742,100
1508.83,89
1508.918,96
1509.006,99
1509.094,109
1509.181,117
1509.269,120
1509.357,134
1509.445,135
1509.533,127
1509.621,113
1509.709,100
1509.797,98
1509.885,84
1509.973,85
1510.061,85
1510.149,83
1510.237,83
1510.325,77
1510.413,71
1510.501,72
1510.589,77
1510.677,84
1510.764,88
1510.852,84
1510.94,83
1511.028,75
1511.116,70
1511.204,67
1511.292,66
1511.38,74
1511.468,81
1511.556,86
1511.644,91
1511.732,95
1511.82,97
1511.908,93
1511.996,87
1512.084,86
1512.172,80
1512.26,83
1512.348,81
1512.436,75
1512.524,68
1512.612,64
1512.7,58
1512.788,63
1512.876,66
1512.964,70
1513.052,77
1513.141,76
1513.229,72
1513.317,73
1513.405,66
1513.493,71
1513.581,75
1513.669,75
1513.757,85
1513.845,84
1513.933,83
1514.021,85
1514.109,94
1514.197,103
1514.285,109
1514.373,119
1514.461,116
1514.549,111
1514.638,109
1514.726,109
1514.814,104
1514.902,107
1514.99,115
1515.078,124
1515.166,135
1515.254,141
1515.342,146
1515.43,150
1515.518,144
1515.607,136
1515.695,136
1515.783,143
1515.871,158
1515.959,181
1516.047,197
1516.135,204
1516.223,209
1516.312,200
1516.4,190
1516.488,183
1516.576,167
1516.664,155
1516.752,137
1516.84,117
1516.929,118
1517.017,124
1517.105,129
1517.193,144
1517.281,162
1517.369,169
1517.457,175
1517.546,179
1517.634,174
1517.722,172
1517.81,167
1517.898,160
1517.987,161
1518.075,161
1518.163,160
1518.251,155
1518.339,134
1518.427,122
1518.516,100
1518.604,83
1518.692,78
1518.78,81
1518.868,83
1518.957,93
1519.045,90
1519.133,86
1519.221,86
1519.31,77
1519.398,74
1519.486,74
1519.574,71
1519.662,74
1519.751,80
1519.839,78
1519.927,76
1520.015,74
1520.104,72
1520.192,78
1520.28,79
1520.368,86
1520.457,84
1520.545,84
1520.633,82
1520.721,65
1520.81,60
1520.898,49
1520.986,48
1521.074,56
1521.163,64
1521.251,75
1521.339,86
1521.428,104
1521.516,122
1521.604,135
1521.692,145
1521.781,147
1521.869,139
1521.957,126
1522.046,116
1522.134,96
1522.222,83
1522.31,74
1522.399,62
1522.487,59
1522.575,53
1522.664,55
1522.752,57
1522.84,65
1522.929,63
1523.017,62
1523.105,60
1523.194,57
1523.282,63
1523.37,63
1523.459,68
1523.547,69
1523.635,72
1523.724,86
1523.812,99
1523.9,107
1523.989,117
1524.077,105
1524.166,95
1524.254,89
1524.342,90
1524.431,86
1524.519,80
1524.607,77
1524.696,66
1524.784,62
1524.873,59
1524.961,62
1525.049,58
1525.138,60
1525.226,64
1525.314,64
1525.403,65
1525.491,78
1525.58,84
1525.668,84
1525.756,83
1525.845,77
1525.933,66
1526.022,60
1526.11,58
1526.199,58
1526.287,65
1526.375,62
1526.464,74
1526.552,70
1526.641,63
1526.729,57
1526.818,54
1526.906,52
1526.994,48
1527.083,50
1527.171,49
1527.26,61
1527.348,70
1527.437,79
1527.525,84
1527.614,84
1527.702,89
1527.791,89
1527.879,98
1527.968,91
1528.056,83
1528.144,74
1528.233,64
1528.321,61
1528.41,60
1528.498,64
1528.587,62
1528.675,64
1528.764,69
1528.852,72
1528.941,67
1529.029,73
1529.118,81
1529.206,78
1529.295,90
1529.383,92
1529.472,93
1529.561,97
1529.649,98
1529.738,99
1529.826,99
1529.915,98
1530.003,82
1530.092,79
1530.18,73
1530.269,73
1530.357,79
1530.446,80
1530.534,79
1530.623,75
1530.712,74
1530.8,78
1530.889,83
1530.977,95
1531.066,112
1531.154,124
1531.243,133
1531.331,144
1531.42,154
1531.509,144
1531.597,134
1531.686,112
1531.774,84
1531.863,77
1531.952,69
1532.04,70
1532.129,68
1532.217,69
1532.306,70
1532.395,71
1532.483,75
1532.572,79
1532.66,82
1532.749,82
1532.838,77
1532.926,72
1533.015,70
1533.103,59
1533.192,59
1533.281,64
1533.369,69
1533.458,81
1533.547,92
1533.635,94
1533.724,95
1533.813,104
1533.901,101
1533.99,91
1534.079,82
1534.167,69
1534.256,55
1534.344,52
1534.433,47
1534.522,45
1534.61,43
1534.699,53
1534.788,67
1534.877,75
1534.965,107
1535.054,118
1535.143,129
1535.231,143
1535.32,151
1535.409,146
1535.497,146
1535.586,140
1535.675,120
1535.763,122
1535.852,112
1535.941,104
1536.03,109
1536.118,105
1536.207,95
1536.296,97
1536.384,82
1536.473,82
1536.562,83
1536.651,79
1536.739,83
1536.828,83
1536.917,77
1537.006,75
1537.094,68
1537.183,68
1537.272,77
1537.361,83
1537.449,78
1537.538,78
1537.627,78
1537.716,77
1537.804,83
1537.893,86
1537.982,88
1538.071,88
1538.159,88
1538.248,95
1538.337,103
1538.426,105
1538.515,104
1538.603,101
1538.692,97
1538.781,99
1538.87,101
1538.958,98
1539.047,98
1539.136,103
1539.225,108
1539.314,109
1539.402,114
1539.491,99
1539.58,91
1539.669,88
1539.758,82
1539.847,82
1539.935,80
1540.024,78
1540.113,72
1540.202,76
1540.291,76
1540.38,74
1540.468,73
1540.557,69
1540.646,68
1540.735,71
1540.824,73
1540.913,76
1541.002,81
1541.09,79
1541.179,75
1541.268,66
1541.357,61
1541.446,57
1541.535,53
1541.624,55
1541.712,49
1541.801,57
1541.89,71
1541.979,85
1542.068,87
1542.157,97
1542.246,102
1542.335,113
1542.424,123
1542.512,126
1542.601,130
1542.69,127
1542.779,128
1542.868,132
1542.957,126
1543.046,115
1543.135,102
1543.224,101
1543.313,96
1543.402,98
1543.491,93
1543.579,89
1543.668,82
1543.757,85
1543.846,83
1543.935,79
1544.024,79
1544.113,79
1544.202,83
1544.291,86
1544.38,96
1544.469,103
1544.558,111
1544.647,112
1544.736,110
1544.825,101
1544.914,94
1545.003,96
1545.092,95
1545.181,89
1545.27,87
1545.359,77
1545.448,70
1545.537,70
1545.626,60
1545.715,62
1545.804,62
1545.893,60
1545.982,63
1546.071,70
1546.16,72
1546.249,77
1546.338,90
1546.427,91
1546.516,87
1546.605,84
1546.694,80
1546.783,81
1546.872,87
1546.961,94
1547.05,96
1547.139,100
1547.228,101
1547.317,93
1547.406,93
1547.495,79
1547.584,66
1547.673,52
1547.762,40
1547.851,45
1547.94,53
1548.029,53
1548.118,58
1548.208,62
1548.297,65
1548.386,73
1548.475,78
1548.564,79
1548.653,77
1548.742,80
1548.831,76
1548.92,77
1549.009,80
1549.098,81
1549.187,83
1549.277,76
1549.366,77
1549.455,79
1549.544,76
1549.633,79
1549.722,82
1549.811,84
1549.9,83
1549.989,83
1550.079,87
1550.168,85
1550.257,88
1550.346,84
1550.435,67
1550.524,54
1550.613,46
1550.703,40
1550.792,38
1550.881,44
1550.97,41
1551.059,39
1551.148,38
1551.237,38
1551.327,41
1551.416,46
1551.505,55
1551.594,64
1551.683,63
1551.772,66
1551.862,70
1551.951,67
1552.04,76
1552.129,79
1552.218,79
1552.308,87
1552.397,97
1552.486,104
1552.575,116
1552.664,127
1552.753,125
1552.843,124
1552.932,124
1553.021,117
1553.11,120
1553.2,118
1553.289,115
1553.378,106
1553.467,90
1553.556,93
1553.646,94
1553.735,105
1553.824,118
1553.913,130
1554.003,139
1554.092,156
1554.181,182
1554.27,193
1554.36,203
1554.449,215
1554.538,203
1554.627,198
1554.717,196
1554.806,190
1554.895,205
1554.984,227
1555.074,250
1555.163,265
1555.252,268
1555.341,264
1555.431,258
1555.52,253
1555.609,241
1555.699,233
1555.788,232
1555.877,233
1555.966,252
1556.056,265
1556.145,271
1556.234,273
1556.324,269
1556.413,256
1556.502,244
1556.592,238
1556.681,217
1556.77,214
1556.86,208
1556.949,212
1557.038,231
1557.128,247
1557.217,261
1557.306,266
1557.396,277
1557.485,271
1557.574,261
1557.664,239
1557.753,213
1557.842,199
1557.932,186
1558.021,179
1558.11,179
1558.2,190
1558.289,206
1558.378,220
1558.468,221
1558.557,213
1558.647,214
1558.736,195
1558.825,179
1558.915,172
1559.004,161
1559.093,158
1559.183,161
1559.272,156
1559.362,154
1559.451,147
1559.54,134
1559.63,124
1559.719,115
1559.809,112
1559.898,112
1559.987,107
1560.077,100
1560.166,101
1560.256,105
1560.345,118
1560.435,130
1560.524,144
1560.613,165
1560.703,206
1560.792,253
1560.882,318
1560.971,416
1561.061,543
1561.15,657
1561.239,768
1561.329,838
1561.418,826
1561.508,814
1561.597,775
1561.687,724
1561.776,738
1561.866,758
1561.955,813
1562.045,926
1562.134,1044
1562.224,1172
1562.313,1272
1562.403,1318
1562.492,1230
1562.582,1148
1562.671,1050
1562.76,967
1562.85,941
1562.939,910
1563.029,894
1563.118,907
1563.208,933
1563.298,950
1563.387,947
1563.477,910
1563.566,839
1563.656,780
1563.745,711
1563.835,662
1563.924,662
1564.014,662
1564.103,679
1564.193,709
1564.282,710
1564.372,709
1564.461,696
1564.551,658
1564.64,590
1564.73,519
1564.82,453
1564.909,397
1564.999,379
1565.088,359
1565.178,352
1565.267,357
1565.357,348
1565.446,340
1565.536,326
1565.626,307
1565.715,292
1565.805,277
1565.894,274
1565.984,267
1566.074,269
1566.163,265
1566.253,248
1566.342,224
1566.432,209
1566.522,190
1566.611,168
1566.701,157
1566.79,152
1566.88,147
1566.97,157
1567.059,162
1567.149,168
1567.238,175
1567.328,172
1567.418,156
1567.507,146
1567.597,128
1567.687,116
1567.776,106
1567.866,110
1567.956,117
1568.045,125
1568.135,134
1568.224,143
1568.314,153
1568.404,155
1568.493,164
1568.583,160
1568.673,157
1568.762,158
1568.852,157
1568.942,152
1569.031,147
1569.121,150
1569.211,137
1569.301,127
1569.39,117
1569.48,106
1569.57,93
1569.659,91
1569.749,87
1569.839,86
1569.928,89
1570.018,93
1570.108,95
1570.198,95
1570.287,100
1570.377,97
1570.467,99
1570.556,102
1570.646,95
1570.736,97
1570.826,102
1570.915,101
1571.005,113
1571.095,119
1571.184,124
1571.274,122
1571.364,113
1571.454,103
1571.543,91
1571.633,75
1571.723,69
1571.813,70
1571.902,69
1571.992,73
1572.082,71
1572.172,70
1572.262,72
1572.351,65
1572.441,68
1572.531,64
1572.621,61
1572.71,60
1572.8,59
1572.89,63
1572.98,68
1573.07,72
1573.159,77
1573.249,78
1573.339,74
1573.429,70
1573.519,61
1573.608,55
1573.698,53
1573.788,55
1573.878,52
1573.968,57
1574.057,60
1574.147,69
1574.237,70
1574.327,67
1574.417,73
1574.507,68
1574.596,75
1574.686,69
1574.776,62
1574.866,56
1574.956,52
1575.046,53
1575.136,53
1575.225,55
1575.315,60
1575.405,68
1575.495,76
1575.585,80
1575.675,85
1575.765,78
1575.854,68
1575.944,69
1576.034,69
1576.124,69
1576.214,69
1576.304,61
1576.394,59
1576.484,56
1576.574,51
1576.663,56
1576.753,50
1576.843,51
1576.933,54
1577.023,52
1577.113,52
1577.203,54
1577.293,53
1577.383,49
1577.473,50
1577.563,49
1577.652,51
1577.742,56
1577.832,62
1577.922,66
1578.012,69
1578.102,78
1578.192,89
1578.282,94
1578.372,102
1578.462,110
1578.552,111
1578.642,110
1578.732,104
1578.822,109
1578.912,116
1579.002,123
1579.092,126
1579.182,125
1579.272,124
1579.362,117
1579.452,116
1579.542,108
1579.632,98
1579.722,94
1579.811,97
1579.901,89
1579.991,94
1580.081,99
1580.171,102
1580.261,106
1580.351,100
1580.441,91
1580.531,81
1580.622,75
1580.712,73
1580.802,71
1580.892,71
1580.982,66
1581.072,60
1581.162,56
1581.252,50
1581.342,51
1581.432,54
1581.522,66
1581.612,75
1581.702,76
1581.792,78
1581.882,87
1581.972,93
1582.062,98
1582.152,103
1582.242,99
1582.332,99
1582.422,106
1582.512,106
1582.602,103
1582.693,100
1582.783,100
1582.873,104
1582.963,112
1583.053,119
1583.143,115
1583.233,102
1583.323,95
1583.413,92
1583.503,93
1583.593,97
1583.683,93
1583.774,84
1583.864,79
1583.954,82
1584.044,81
1584.134,80
1584.224,81
1584.314,85
1584.404,89
1584.494,91
1584.585,96
1584.675,101
1584.765,142
1584.855,183
1584.945,251
1585.035,336
1585.125,461
1585.216,584
1585.306,706
1585.396,794
1585.486,776
1585.576,765
1585.666,727
1585.757,687
1585.847,720
1585.937,742
1586.027,794
1586.117,879
1586.207,954
1586.298,1032
1586.388,1086
1586.478,1087
1586.568,1007
1586.658,936
1586.748,852
1586.839,806
1586.929,824
1587.019,833
1587.109,868
1587.199,889
1587.29,920
1587.38,954
1587.47,964
1587.56,946
1587.65,861
1587.741,786
1587.831,683
1587.921,608
1588.011,612
1588.102,606
1588.192,639
1588.282,673
1588.372,663
1588.463,657
1588.553,632
1588.643,604
1588.733,558
1588.824,511
1588.914,483
1589.004,439
1589.094,446
1589.185,446
1589.275,443
1589.365,426
1589.455,393
1589.546,361
1589.636,328
1589.726,302
1589.816,284
1589.907,271
1589.997,247
1590.087,237
1590.178,236
1590.268,228
1590.358,223
1590.448,211
1590.539,189
1590.629,167
1590.719,158
1590.81,141
1590.9,135
1590.99,134
1591.081,133
1591.171,130
1591.261,131
1591.352,132
1591.442,126
1591.532,118
1591.623,114
1591.713,105
1591.803,96
1591.894,104
1591.984,101
1592.074,98
1592.165,104
1592.255,107
1592.345,115
1592.436,119
1592.526,116
1592.616,120
1592.707,116
1592.797,110
1592.887,103
1592.978,93
1593.068,85
1593.159,79
1593.249,75
1593.339,81
1593.43,88
1593.52,98
1593.61,104
1593.701,110
1593.791,112
1593.882,110
1593.972,112
1594.062,104
1594.153,103
1594.243,106
1594.334,106
1594.424,99
1594.514,95
1594.605,81
1594.695,65
1594.786,58
1594.876,56
1594.967,57
1595.057,61
1595.147,71
1595.238,71
1595.328,81
1595.419,85
1595.509,82
1595.6,76
1595.69,69
1595.781,71
1595.871,70
1595.961,75
1596.052,80
1596.142,75
1596.233,82
1596.323,90
1596.414,95
1596.504,106
1596.595,111
1596.685,102
1596.776,93
1596.866,95
1596.957,90
1597.047,85
1597.138,80
1597.228,78
1597.319,82
1597.409,87
1597.5,93
1597.59,92
1597.681,83
1597.771,84
1597.862,85
1597.952,80
1598.043,85
1598.133,83
1598.224,88
1598.314,89
1598.405,77
1598.495,71
1598.586,57
1598.676,48
1598.767,39
1598.857,43
1598.948,54
1599.039,63
1599.129,79
1599.22,81
1599.31,80
1599.401,91
1599.491,85
1599.582,85
1599.672,85
1599.763,73
1599.854,64
1599.944,69
1600.035,68
1600.125,73
1600.216,77
1600.306,78
1600.397,79
1600.488,81
1600.578,87
1600.669,83
1600.759,78
1600.85,71
1600.941,70
1601.031,73
1601.122,75
1601.212,80
1601.303,93
1601.394,89
1601.484,79
1601.575,82
1601.665,82
1601.756,90
1601.847,99
1601.937,106
1602.028,121
1602.119,119
1602.209,114
1602.3,114
1602.39,105
1602.481,108
1602.572,109
1602.662,108
1602.753,101
1602.844,102
1602.934,107
1603.025,119
1603.116,130
1603.206,129
1603.297,128
1603.388,123
1603.478,112
1603.569,107
1603.66,98
1603.75,90
1603.841,86
1603.932,89
1604.022,92
1604.113,98
1604.204,110
1604.295,109
1604.385,108
1604.476,105
1604.567,99
1604.657,85
1604.748,75
1604.839,72
1604.929,71
1605.02,79
1605.111,89
1605.202,102
1605.292,113
1605.383,113
1605.474,113
1605.565,112
1605.655,101
1605.746,93
1605.837,80
1605.928,69
1606.018,64
1606.109,68
1606.2,69
1606.291,70
1606.381,72
1606.472,79
1606.563,94
1606.654,103
1606.744,101
1606.835,100
1606.926,93
1607.017,90
1607.107,92
1607.198,91
1607.289,92
1607.38,87
1607.471,85
1607.561,86
1607.652,81
1607.743,77
1607.834,67
1607.925,61
1608.015,60
1608.106,57
1608.197,65
1608.288,60
1608.379,55
1608.469,55
1608.56,50
1608.651,55
1608.742,58
1608.833,66
1608.923,75
1609.014,81
1609.105,85
1609.196,93
1609.287,93
1609.378,97
1609.469,104
1609.559,107
1609.65,113
1609.741,128
1609.832,147
1609.923,148
1610.014,165
1610.105,158
1610.195,148
1610.286,151
1610.377,135
1610.468,130
1610.559,129
1610.65,126
1610.741,126
1610.832,122
1610.922,115
1611.013,113
1611.104,117
1611.195,129
1611.286,139
1611.377,147
1611.468,151
1611.559,144
1611.65,139
1611.74,126
1611.831,110
1611.922,101
1612.013,92
1612.104,87
1612.195,79
1612.286,81
1612.377,79
1612.468,80
1612.559,81
1612.65,79
1612.741,76
1612.832,74
1612.923,88
1613.013,100
1613.104,115
1613.195,125
1613.286,121
1613.377,121
1613.468,117
1613.559,109
1613.65,114
1613.741,106
1613.832,99
1613.923,89
1614.014,78
1614.105,71
1614.196,64
1614.287,67
1614.378,68
1614.469,76
1614.56,81
1614.651,80
1614.742,75
1614.833,74
1614.924,76
1615.015,73
1615.106,78
1615.197,82
1615.288,86
1615.379,88
1615.47,79
1615.561,75
1615.652,70
1615.743,65
1615.834,67
1615.925,69
1616.016,68
1616.107,72
1616.198,76
1616.289,78
1616.38,81
1616.471,74
1616.562,67
1616.653,57
1616.745,47
1616.836,39
1616.927,39
1617.018,48
1617.109,57
1617.2,71
1617.291,75
1617.382,70
1617.473,67
1617.564,61
1617.655,61
1617.746,62
1617.837,63
1617.928,61
1618.02,65
1618.111,69
1618.202,77
1618.293,79
1618.384,75
1618.475,74
1618.566,72
1618.657,74
1618.748,76
1618.839,81
1618.931,82
1619.022,86
1619.113,85
1619.204,86
1619.295,93
1619.386,100
1619.477,109
1619.568,98
1619.66,91
1619.751,80
1619.842,74
1619.933,80
1620.024,82
1620.115,86
1620.206,92
1620.298,87
1620.389,83
1620.48,78
1620.571,71
1620.662,69
1620.753,64
1620.845,56
1620.936,51
1621.027,52
1621.118,51
1621.209,46
1621.301,52
1621.392,51
1621.483,51
1621.574,52
1621.665,57
1621.756,61
1621.848,62
1621.939,67
1622.03,62
1622.121,67
1622.213,73
1622.304,79
1622.395,85
1622.486,84
1622.577,85
1622.669,82
1622.76,86
1622.851,86
1622.942,86
1623.034,90
1623.125,72
1623.216,67
1623.307,62
1623.398,59
1623.49,53
1623.581,49
1623.672,48
1623.763,51
1623.855,56
1623.946,68
1624.037,72
1624.129,70
1624.22,82
1624.311,88
1624.402,102
1624.494,120
1624.585,130
1624.676,127
1624.767,120
1624.859,110
1624.95,98
1625.041,92
1625.133,88
1625.224,91
1625.315,94
1625.407,89
1625.498,89
1625.589,91
1625.68,92
1625.772,90
1625.863,88
1625.954,82
1626.046,78
1626.137,78
1626.228,78
1626.32,79
1626.411,72
1626.502,69
1626.594,66
1626.685,62
1626.776,61
1626.868,59
1626.959,57
1627.05,56
1627.142,55
1627.233,63
1627.324,70
1627.416,69
1627.507,68
1627.599,72
1627.69,72
1627.781,68
1627.873,71
1627.964,69
1628.055,71
1628.147,68
1628.238,79
1628.33,73
1628.421,65
1628.512,63
1628.604,59
1628.695,57
1628.786,53
1628.878,56
1628.969,53
1629.061,60
1629.152,66
1629.244,70
1629.335,75
1629.426,71
1629.518,68
1629.609,58
1629.701,43
1629.792,37
1629.883,34
1629.975,38
1630.066,40
1630.158,45
1630.249,54
1630.341,64
1630.432,68
1630.524,71
1630.615,71
1630.706,64
1630.798,66
1630.889,59
1630.981,54
1631.072,50
1631.164,51
1631.255,50
1631.347,54
1631.438,52
1631.53,46
1631.621,46
1631.713,41
1631.804,36
1631.896,31
1631.987,27
1632.079,28
1632.17,31
1632.262,39
1632.353,42
1632.445,45
1632.536,53
1632.628,63
1632.719,71
1632.811,74
1632.902,81
1632.994,89
1633.085,91
1633.177,91
1633.268,93
1633.36,102
1633.451,112
1633.543,122
1633.634,124
1633.726,112
1633.817,115
1633.909,116
1634,118
1634.092,131
1634.184,148
1634.275,169
1634.367,189
1634.458,199
1634.55,170
1634.641,145
1634.733,120
1634.825,99
1634.916,99
1635.008,103
1635.099,96
1635.191,94
1635.282,96
1635.374,94
1635.466,101
1635.557,107
1635.649,100
1635.74,95
1635.832,91
1635.924,79
1636.015,88
1636.107,99
1636.198,113
1636.29,120
1636.382,124
1636.473,123
1636.565,123
1636.656,123
1636.748,115
1636.84,109
1636.931,103
1637.023,98
1637.115,97
1637.206,96
1637.298,99
1637.39,98
1637.481,104
1637.573,108
1637.664,107
1637.756,116
1637.848,110
1637.939,110
1638.031,101
1638.123,95
1638.214,89
1638.306,82
1638.398,77
1638.489,71
1638.581,71
1638.673,71
1638.765,74
1638.856,63
1638.948,66
1639.04,66
1639.131,63
1639.223,77
1639.315,82
1639.406,91
1639.498,93
1639.59,91
1639.681,81
1639.773,71
1639.865,66
1639.957,60
1640.048,59
1640.14,58
1640.232,61
1640.324,55
1640.415,61
1640.507,66
1640.599,76
1640.69,89
1640.782,92
1640.874,97
1640.966,96
1641.057,101
1641.149,105
1641.241,107
1641.333,108
1641.424,101
1641.516,104
1641.608,114
1641.7,120
1641.791,119
1641.883,117
1641.975,103
1642.067,94
1642.159,86
1642.25,81
1642.342,75
1642.434,68
1642.526,73
1642.618,71
1642.709,70
1642.801,62
1642.893,53
1642.985,52
1643.077,51
1643.168,52
1643.26,48
1643.352,47
1643.444,45
1643.536,39
1643.627,44
1643.719,47
1643.811,54
1643.903,59
1643.995,69
1644.087,72
1644.178,74
1644.27,78
1644.362,71
1644.454,63
1644.546,55
1644.638,49
1644.729,51
1644.821,55
1644.913,64
1645.005,69
1645.097,72
1645.189,75
1645.281,72
1645.373,77
1645.464,77
1645.556,79
1645.648,82
1645.74,89
1645.832,78
1645.924,76
1646.016,75
1646.108,75
1646.199,77
1646.291,85
1646.383,91
1646.475,102
1646.567,106
1646.659,101
1646.751,104
1646.843,103
1646.935,99
1647.027,99
1647.119,102
1647.21,98
1647.302,104
1647.394,107
1647.486,109
1647.578,104
1647.67,97
1647.762,85
1647.854,75
1647.946,77
1648.038,86
1648.13,90
1648.222,93
1648.314,88
1648.406,86
1648.498,82
1648.59,78
1648.682,65
1648.774,56
1648.866,51
1648.957,43
1649.049,44
1649.141,47
1649.233,60
1649.325,64
1649.417,67
1649.509,78
1649.601,77
1649.693,79
1649.785,82
1649.877,81
1649.969,85
1650.061,84
1650.153,91
1650.245,98
1650.337,108
1650.429,123
1650.521,138
1650.613,138
1650.705,126
1650.797,114
1650.89,102
1650.982,100
1651.074,98
1651.166,91
1651.258,85
1651.35,91
1651.442,95
1651.534,98
1651.626,99
1651.718,96
1651.81,97
1651.902,99
1651.994,98
1652.086,92
1652.178,92
1652.27,88
1652.362,90
1652.454,105
1652.546,116
1652.639,128
1652.731,126
1652.823,125
1652.915,110
1653.007,93
1653.099,88
1653.191,74
1653.283,75
1653.375,76
1653.467,83
1653.559,91
1653.652,90
1653.744,82
1653.836,73
1653.928,73
1654.02,73
1654.112,78
1654.204,83
1654.296,75
1654.388,76
1654.481,86
1654.573,86
1654.665,78
1654.757,79
1654.849,72
1654.941,67
1655.033,69
1655.126,70
1655.218,76
1655.31,79
1655.402,93
1655.494,93
1655.586,97
1655.679,103
1655.771,94
1655.863,84
1655.955,74
1656.047,62
1656.139,48
1656.232,52
1656.324,51
1656.416,49
1656.508,57
1656.6,57
1656.692,61
1656.785,63
1656.877,80
1656.969,96
1657.061,108
1657.153,134
1657.246,139
1657.338,144
1657.43,152
1657.522,164
1657.615,175
1657.707,170
1657.799,171
1657.891,171
1657.983,170
1658.076,182
1658.168,195
1658.26,203
1658.352,228
1658.445,234
1658.537,247
1658.629,233
1658.721,221
1658.814,211
1658.906,195
1658.998,188
1659.09,188
1659.183,195
1659.275,206
1659.367,225
1659.459,238
1659.552,238
1659.644,239
1659.736,223
1659.829,191
1659.921,170
1660.013,150
1660.105,142
1660.198,149
1660.29,156
1660.382,169
1660.475,173
1660.567,172
1660.659,161
1660.752,145
1660.844,129
1660.936,114
1661.028,103
1661.121,92
1661.213,91
1661.305,80
1661.398,79
1661.49,81
1661.582,76
1661.675,72
1661.767,73
1661.859,67
1661.952,63
1662.044,70
1662.136,75
1662.229,86
1662.321,90
1662.413,91
1662.506,92
1662.598,94
1662.691,97
1662.783,101
1662.875,98
1662.968,94
1663.06,89
1663.152,89
1663.245,93
1663.337,97
1663.43,97
1663.522,90
1663.614,88
1663.707,77
1663.799,75
1663.892,74
1663.984,65
1664.076,60
1664.169,54
1664.261,57
1664.354,58
1664.446,60
1664.538,60
1664.631,59
1664.723,66
1664.816,73
1664.908,77
1665,78
1665.093,80
1665.185,84
1665.278,86
1665.37,93
1665.463,105
1665.555,122
1665.648,128
1665.74,139
1665.832,132
1665.925,122
1666.017,117
1666.11,113
1666.202,111
1666.295,106
1666.387,98
1666.48,91
1666.572,91
1666.665,96
1666.757,98
1666.85,101
1666.942,105
1667.035,108
1667.127,115
1667.219,120
1667.312,119
1667.404,119
1667.497,114
1667.589,103
1667.682,96
1667.774,86
1667.867,77
1667.959,69
1668.052,66
1668.145,61
1668.237,54
1668.33,48
1668.422,54
1668.515,60
1668.607,71
1668.7,82
1668.792,79
1668.885,78
1668.977,76
1669.07,75
1669.162,82
1669.255,91
1669.347,93
1669.44,100
1669.533,101
1669.625,98
1669.718,93
1669.81,90
1669.903,87
1669.995,87
1670.088,88
1670.181,88
1670.273,85
1670.366,89
1670.458,95
1670.551,96
1670.643,103
1670.736,114
1670.829,118
1670.921,128
1671.014,133
1671.106,142
1671.199,146
1671.292,146
1671.384,146
1671.477,139
1671.569,140
1671.662,132
1671.755,125
1671.847,118
1671.94,108
1672.033,103
1672.125,102
1672.218,103
1672.31,111
1672.403,115
1672.496,117
1672.588,120
1672.681,110
1672.774,88
1672.866,80
1672.959,70
1673.052,62
1673.144,65
1673.237,70
1673.33,81
1673.422,86
1673.515,91
1673.608,83
1673.7,76
1673.793,67
1673.886,65
1673.978,70
1674.071,78
1674.164,87
1674.256,99
1674.349,100
1674.442,99
1674.534,106
1674.627,104
1674.72,108
1674.813,107
1674.905,92
1674.998,80
1675.091,68
1675.183,56
1675.276,50
1675.369,48
1675.462,52
1675.554,62
1675.647,69
1675.74,76
1675.832,77
1675.925,75
1676.018,70
1676.111,69
1676.203,80
1676.296,84
1676.389,94
1676.482,98
1676.574,95
1676.667,99
1676.76,96
1676.853,88
1676.945,80
1677.038,74
1677.131,78
1677.224,77
1677.317,77
1677.409,80
1677.502,79
1677.595,79
1677.688,75
1677.78,71
1677.873,65
1677.966,63
1678.059,65
1678.152,67
1678.244,71
1678.337,78
1678.43,85
1678.523,92
1678.616,102
1678.708,104
1678.801,96
1678.894,92
1678.987,84
1679.08,84
1679.173,85
1679.265,85
1679.358,87
1679.451,89
1679.544,89
1679.637,86
1679.73,77
1679.822,81
1679.915,79
1680.008,78
1680.101,93
1680.194,94
1680.287,98
1680.38,99
1680.472,87
1680.565,89
1680.658,80
1680.751,72
1680.844,69
1680.937,61
1681.03,67
1681.123,78
1681.215,83
1681.308,106
1681.401,122
1681.494,128
1681.587,139
1681.68,137
1681.773,136
1681.866,130
1681.959,127
1682.051,121
1682.144,121
1682.237,125
1682.33,130
1682.423,139
1682.516,142
1682.609,147
1682.702,160
1682.795,163
1682.888,165
1682.981,172
1683.074,164
1683.167,177
1683.259,182
1683.352,172
1683.445,183
1683.538,182
1683.631,170
1683.724,166
1683.817,147
1683.91,139
1684.003,136
1684.096,135
1684.189,136
1684.282,137
1684.375,129
1684.468,117
1684.561,106
1684.654,98
1684.747,95
1684.84,88
1684.933,83
1685.026,84
1685.119,86
1685.212,86
1685.305,88
1685.398,80
1685.491,74
1685.584,70
1685.677,65
1685.77,69
1685.863,71
1685.956,73
1686.049,72
1686.142,75
1686.235,76
1686.328,85
1686.421,82
1686.514,77
1686.607,67
1686.7,61
1686.793,53
1686.886,47
1686.979,46
1687.072,43
1687.165,44
1687.258,45
1687.352,47
1687.445,45
1687.538,44
1687.631,47
1687.724,54
1687.817,62
1687.91,78
1688.003,90
1688.096,95
1688.189,101
1688.282,99
1688.375,99
1688.468,102
1688.561,103
1688.655,105
1688.748,111
1688.841,108
1688.934,100
1689.027,91
1689.12,93
1689.213,85
1689.306,85
1689.399,80
1689.493,73
1689.586,75
1689.679,70
1689.772,67
1689.865,47
1689.958,45
1690.051,46
1690.144,52
1690.238,65
1690.331,69
1690.424,74
1690.517,79
1690.61,87
1690.703,88
1690.796,91
1690.89,93
1690.983,96
1691.076,105
1691.169,110
1691.262,120
1691.355,118
1691.449,111
1691.542,102
1691.635,95
1691.728,85
1691.821,73
1691.914,62
1692.008,56
1692.101,55
1692.194,59
1692.287,66
1692.38,73
1692.474,77
1692.567,80
1692.66,83
1692.753,84
1692.846,94
1692.94,107
1693.033,121
1693.126,131
1693.219,153
1693.313,152
1693.406,154
1693.499,144
1693.592,120
1693.685,109
1693.779,100
1693.872,97
1693.965,89
1694.058,92
1694.152,93
1694.245,88
1694.338,86
1694.431,81
1694.525,75
1694.618,84
1694.711,84
1694.805,82
1694.898,83
1694.991,80
1695.084,78
1695.178,77
1695.271,81
1695.364,82
1695.457,79
1695.551,80
1695.644,76
1695.737,68
1695.831,63
1695.924,57
1696.017,50
1696.111,47
1696.204,44
1696.297,46
1696.39,53
1696.484,64
1696.577,73
1696.67,80
1696.764,84
1696.857,89
1696.95,89
1697.044,86
1697.137,85
1697.23,87
1697.324,87
1697.417,87
1697.51,91
1697.604,96
1697.697,96
1697.79,99
1697.884,100
1697.977,96
1698.07,95
1698.164,99
1698.257,107
1698.351,113
1698.444,118
1698.537,113
1698.631,112
1698.724,109
1698.817,108
1698.911,108
1699.004,104
1699.098,110
1699.191,110
1699.284,108
1699.378,103
1699.471,107
1699.565,112
1699.658,107
1699.751,107
1699.845,101
1699.938,86
1700.032,83
1700.125,76
1700.218,76
1700.312,77
1700.405,77
1700.499,79
1700.592,87
1700.686,104
1700.779,110
1700.872,120
1700.966,122
1701.059,120
1701.153,118
1701.246,114
1701.34,103
1701.433,99
1701.527,104
1701.62,105
1701.713,117
1701.807,119
1701.9,129
1701.994,131
1702.087,127
1702.181,127
1702.274,117
1702.368,111
1702.461,112
1702.555,104
1702.648,98
1702.742,95
1702.835,83
1702.929,74
1703.022,81
1703.116,86
1703.209,93
1703.303,109
1703.396,114
1703.49,124
1703.583,141
1703.677,135
1703.77,126
1703.864,116
1703.957,96
1704.051,90
1704.144,90
1704.238,85
1704.331,75
1704.425,73
1704.518,60
1704.612,51
1704.705,49
1704.799,46
1704.893,63
1704.986,84
1705.08,103
1705.173,127
1705.267,144
1705.36,159
1705.454,174
1705.547,193
1705.641,205
1705.735,212
1705.828,220
1705.922,204
1706.015,193
1706.109,189
1706.203,178
1706.296,169
1706.39,163
1706.483,159
1706.577,149
1706.67,155
1706.764,149
1706.858,144
1706.951,149
1707.045,138
1707.139,132
1707.232,124
1707.326,110
1707.419,102
1707.513,104
1707.607,104
1707.7,106
1707.794,113
1707.888,115
1707.981,116
1708.075,124
1708.168,130
1708.262,132
1708.356,136
1708.449,138
1708.543,133
1708.637,131
1708.73,134
1708.824,132
1708.918,128
1709.011,135
1709.105,141
1709.199,151
1709.292,171
1709.386,164
1709.48,153
1709.573,140
1709.667,125
1709.761,118
1709.854,116
1709.948,103
1710.042,93
1710.135,94
1710.229,101
1710.323,99
1710.417,101
1710.51,104
1710.604,104
1710.698,113
1710.791,122
1710.885,136
1710.979,150
1711.073,166
1711.166,178
1711.26,175
1711.354,171
1711.447,156
1711.541,148
1711.635,153
1711.729,148
1711.822,145
1711.916,145
1712.01,132
1712.104,120
1712.197,116
1712.291,117
1712.385,107
1712.479,100
1712.572,96
1712.666,76
1712.76,72
1712.854,64
1712.947,60
1713.041,66
1713.135,81
1713.229,93
1713.323,108
1713.416,118
1713.51,110
1713.604,99
1713.698,83
1713.792,70
1713.885,64
1713.979,58
1714.073,47
1714.167,50
1714.261,59
1714.354,70
1714.448,78
1714.542,79
1714.636,83
1714.73,89
1714.823,94
1714.917,105
1715.011,103
1715.105,96
1715.199,98
1715.293,100
1715.387,105
1715.48,107
1715.574,97
1715.668,73
1715.762,70
1715.856,63
1715.95,70
1716.043,81
1716.137,74
1716.231,71
1716.325,66
1716.419,76
1716.513,70
1716.607,65
1716.701,56
1716.794,50
1716.888,55
1716.982,60
1717.076,67
1717.17,74
1717.264,84
1717.358,90
1717.452,93
1717.546,83
1717.639,76
1717.733,69
1717.827,68
1717.921,68
1718.015,69
1718.109,64
1718.203,57
1718.297,47
1718.391,44
1718.485,43
1718.579,44
1718.673,48
1718.767,46
1718.86,44
1718.954,48
1719.048,52
1719.142,49
1719.236,49
1719.33,52
1719.424,56
1719.518,66
1719.612,77
1719.706,80
1719.8,77
1719.894,76
1719.988,73
1720.082,78
1720.176,84
1720.27,80
1720.364,80
1720.458,76
1720.552,67
1720.646,73
1720.74,71
1720.834,76
1720.928,83
1721.022,85
1721.116,91
1721.21,87
1721.304,94
1721.398,93
1721.492,93
1721.586,102
1721.68,115
1721.774,116
1721.868,113
1721.962,119
1722.056,107
1722.15,105
1722.244,100
1722.338,92
1722.432,89
1722.526,78
1722.62,64
1722.714,50
1722.808,44
1722.902,49
1722.996,49
1723.09,54
1723.184,57
1723.278,59
1723.373,63
1723.467,68
1723.561,73
1723.655,81
1723.749,96
1723.843,112
1723.937,113
1724.031,120
1724.125,116
1724.219,101
1724.313,97
1724.407,84
1724.501,75
1724.596,68
1724.69,71
1724.784,72
1724.878,74
1724.972,83
1725.066,77
1725.16,76
1725.254,76
1725.348,75
1725.443,78
1725.537,82
1725.631,87
1725.725,91
1725.819,99
1725.913,106
1726.007,110
1726.101,101
1726.196,107
1726.29,103
1726.384,98
1726.478,97
1726.572,98
1726.666,94
1726.761,87
1726.855,87
1726.949,77
1727.043,77
1727.137,80
1727.231,85
1727.326,93
1727.42,93
1727.514,94
1727.608,97
1727.702,90
1727.796,89
1727.891,94
1727.985,90
1728.079,90
1728.173,84
1728.267,81
1728.362,78
1728.456,78
1728.55,87
1728.644,97
1728.738,110
1728.833,135
1728.927,177
1729.021,213
1729.115,279
1729.21,365
1729.304,437
1729.398,505
1729.492,556
1729.586,597
1729.681,594
1729.775,595
1729.869,575
1729.963,541
1730.058,582
1730.152,619
1730.246,695
1730.34,781
1730.435,812
1730.529,843
1730.623,865
1730.717,866
1730.812,795
1730.906,724
1731,647
1731.095,589
1731.189,638
1731.283,682
1731.377,752
1731.472,812
1731.566,814
1731.66,823
1731.755,788
1731.849,741
1731.943,685
1732.038,619
1732.132,570
1732.226,532
1732.32,529
1732.415,530
1732.509,542
1732.603,540
1732.698,520
1732.792,502
1732.886,457
1732.981,415
1733.075,377
1733.169,340
1733.264,317
1733.358,296
1733.452,292
1733.547,284
1733.641,284
1733.735,286
1733.83,288
1733.924,294
1734.018,297
1734.113,289
1734.207,280
1734.302,267
1734.396,257
1734.49,244
1734.585,243
1734.679,238
1734.773,219
1734.868,209
1734.962,195
1735.057,184
1735.151,170
1735.245,152
1735.34,147
1735.434,144
1735.529,150
1735.623,160
1735.717,155
1735.812,153
1735.906,149
1736.001,145
1736.095,147
1736.189,149
1736.284,151
1736.378,144
1736.473,134
1736.567,121
1736.662,111
1736.756,109
1736.85,113
1736.945,115
1737.039,119
1737.134,118
1737.228,114
1737.323,112
1737.417,103
1737.512,106
1737.606,106
1737.701,110
1737.795,113
1737.889,118
1737.984,119
1738.078,123
1738.173,121
1738.267,117
1738.362,115
1738.456,113
1738.551,111
1738.645,114
1738.74,120
1738.834,125
1738.929,127
1739.023,112
1739.118,103
1739.212,91
1739.307,92
1739.401,92
1739.496,95
1739.59,96
1739.685,91
1739.779,89
1739.874,91
1739.968,96
1740.063,92
1740.157,92
1740.252,85
1740.346,78
1740.441,75
1740.536,76
1740.63,80
1740.725,85
1740.819,86
1740.914,95
1741.008,96
1741.103,93
1741.197,97
1741.292,95
1741.387,98
1741.481,101
1741.576,105
1741.67,102
1741.765,99
1741.859,98
1741.954,98
1742.049,104
1742.143,103
1742.238,100
1742.332,95
1742.427,87
1742.521,83
1742.616,81
1742.711,76
1742.805,75
1742.9,76
1742.994,72
1743.089,67
1743.184,66
1743.278,66
1743.373,70
1743.468,68
1743.562,75
1743.657,76
1743.751,77
1743.846,79
1743.941,85
1744.035,92
1744.13,103
1744.225,109
1744.319,112
1744.414,108
1744.509,105
1744.603,94
1744.698,80
1744.793,76
1744.887,72
1744.982,74
1745.076,76
1745.171,78
1745.266,77
1745.361,82
1745.455,87
1745.55,90
1745.645,96
1745.739,98
1745.834,96
1745.929,95
1746.023,92
1746.118,97
1746.213,92
1746.307,90
1746.402,88
1746.497,85
1746.591,81
1746.686,81
1746.781,83
1746.876,81
1746.97,86
1747.065,87
1747.16,89
1747.255,79
1747.349,73
1747.444,69
1747.539,65
1747.633,75
1747.728,71
1747.823,72
1747.918,79
1748.012,81
1748.107,97
1748.202,104
1748.297,108
1748.391,114
1748.486,114
1748.581,109
1748.676,110
1748.77,110
1748.865,105
1748.96,101
1749.055,96
1749.15,91
1749.244,102
1749.339,96
1749.434,90
1749.529,82
1749.623,70
1749.718,72
1749.813,70
1749.908,75
1750.003,77
1750.097,84
1750.192,91
1750.287,99
1750.382,109
1750.477,106
1750.572,105
1750.666,99
1750.761,102
1750.856,99
1750.951,98
1751.046,101
1751.14,94
1751.235,94
1751.33,89
1751.425,88
1751.52,84
1751.615,80
1751.71,77
1751.804,72
1751.899,70
1751.994,67
1752.089,69
1752.184,67
1752.279,74
1752.374,81
1752.468,88
1752.563,91
1752.658,89
1752.753,90
1752.848,90
1752.943,89
1753.038,84
1753.133,78
1753.227,80
1753.322,87
1753.417,93
1753.512,90
1753.607,82
1753.702,82
1753.797,79
1753.892,80
1753.987,83
1754.082,81
1754.176,86
1754.271,82
1754.366,84
1754.461,85
1754.556,86
1754.651,85
1754.746,86
1754.841,89
1754.936,101
1755.031,107
1755.126,111
1755.221,124
1755.316,134
1755.411,130
1755.506,125
1755.601,118
1755.695,119
1755.79,123
1755.885,130
1755.98,130
1756.075,113
1756.17,112
1756.265,114
1756.36,117
1756.455,116
1756.55,105
1756.645,93
1756.74,74
1756.835,65
1756.93,65
1757.025,62
1757.12,59
1757.215,57
1757.31,63
1757.405,60
1757.5,64
1757.595,65
1757.69,68
1757.785,74
1757.88,85
1757.975,91
1758.07,105
1758.165,116
1758.26,119
1758.355,118
1758.45,102
1758.545,90
1758.64,79
1758.736,70
1758.831,67
1758.926,72
1759.021,79
1759.116,76
1759.211,75
1759.306,77
1759.401,75
1759.496,76
1759.591,75
1759.686,75
1759.781,81
1759.876,80
1759.971,77
1760.066,74
1760.161,69
1760.257,73
1760.352,78
1760.447,77
1760.542,73
1760.637,77
1760.732,82
1760.827,86
1760.922,88
1761.017,89
1761.112,78
1761.207,68
1761.303,63
1761.398,61
1761.493,66
1761.588,72
1761.683,82
1761.778,83
1761.873,80
1761.968,75
1762.064,68
1762.159,74
1762.254,80
1762.349,94
1762.444,99
1762.539,107
1762.634,102
1762.73,90
1762.825,88
1762.92,81
1763.015,80
1763.11,79
1763.205,78
1763.301,74
1763.396,82
1763.491,87
1763.586,84
1763.681,80
1763.776,82
1763.872,85
1763.967,85
1764.062,88
1764.157,83
1764.252,81
1764.348,77
1764.443,73
1764.538,69
1764.633,62
1764.728,66
1764.824,74
1764.919,77
1765.014,81
1765.109,78
1765.204,66
1765.3,63
1765.395,59
1765.49,66
1765.585,73
1765.681,91
1765.776,106
1765.871,111
1765.966,124
1766.062,120
1766.157,121
1766.252,112
1766.347,107
1766.443,105
1766.538,95
1766.633,103
1766.728,106
1766.824,101
1766.919,103
1767.014,98
1767.109,96
1767.205,102
1767.3,107
1767.395,114
1767.49,117
1767.586,111
1767.681,110
1767.776,105
1767.872,108
1767.967,95
1768.062,84
1768.158,74
1768.253,64
1768.348,69
1768.443,78
1768.539,89
1768.634,91
1768.729,97
1768.825,104
1768.92,106
1769.015,103
1769.111,102
1769.206,102
1769.301,102
1769.397,112
1769.492,106
1769.587,101
1769.683,98
1769.778,92
1769.873,87
1769.969,84
1770.064,75
1770.159,70
1770.255,70
1770.35,73
1770.446,69
1770.541,64
1770.636,65
1770.732,66
1770.827,79
1770.922,80
1771.018,84
1771.113,86
1771.209,86
1771.304,99
1771.399,106
1771.495,109
1771.59,106
1771.685,106
1771.781,104
1771.876,100
1771.972,91
1772.067,87
1772.163,83
1772.258,81
1772.353,85
1772.449,90
1772.544,89
1772.64,90
1772.735,84
1772.83,75
1772.926,74
1773.021,70
1773.117,70
1773.212,68
1773.308,72
1773.403,78
1773.499,86
1773.594,97
1773.689,103
1773.785,108
1773.88,114
1773.976,122
1774.071,123
1774.167,115
1774.262,111
1774.358,98
1774.453,86
1774.549,80
1774.644,65
1774.74,56
1774.835,53
1774.931,46
1775.026,38
1775.122,40
1775.217,50
1775.313,63
1775.408,76
1775.504,85
1775.599,85
1775.695,93
1775.79,90
1775.886,91
1775.981,92
1776.077,87
1776.172,90
1776.268,98
1776.363,97
1776.459,99
1776.554,105
1776.65,100
1776.745,103
1776.841,103
1776.936,102
1777.032,94
1777.127,90
1777.223,78
1777.319,71
1777.414,73
1777.51,75
1777.605,82
1777.701,89
1777.796,88
1777.892,93
1777.987,104
1778.083,100
1778.179,101
1778.274,103
1778.37,104
1778.465,120
1778.561,124
1778.657,132
1778.752,137
1778.848,144
1778.943,143
1779.039,139
1779.135,131
1779.23,116
1779.326,103
1779.421,94
1779.517,86
1779.613,86
1779.708,91
1779.804,94
1779.899,94
1779.995,91
1780.091,91
1780.186,89
1780.282,90
1780.378,92
1780.473,93
1780.569,91
1780.665,95
1780.76,95
1780.856,95
1780.951,95
1781.047,97
1781.143,93
1781.238,78
1781.334,76
1781.43,67
1781.525,63
1781.621,63
1781.717,59
1781.812,62
1781.908,71
1782.004,69
1782.099,73
1782.195,77
1782.291,77
1782.387,72
1782.482,72
1782.578,72
1782.674,79
1782.769,87
1782.865,87
1782.961,95
1783.056,91
1783.152,93
1783.248,94
1783.344,99
1783.439,97
1783.535,95
1783.631,94
1783.726,87
1783.822,92
1783.918,95
1784.014,103
1784.109,114
1784.205,116
1784.301,111
1784.397,100
1784.492,90
1784.588,86
1784.684,78
1784.78,72
1784.875,66
1784.971,62
1785.067,54
1785.163,52
1785.258,49
1785.354,49
1785.45,46
1785.546,49
1785.642,49
1785.737,47
1785.833,49
1785.929,53
1786.025,58
1786.121,65
1786.216,66
1786.312,66
1786.408,68
1786.504,64
1786.6,59
1786.695,54
1786.791,48
1786.887,41
1786.983,40
1787.079,43
1787.174,44
1787.27,51
1787.366,64
1787.462,68
1787.558,70
1787.654,77
1787.749,74
1787.845,73
1787.941,78
1788.037,83
1788.133,89
1788.229,99
1788.324,108
1788.42,120
1788.516,119
1788.612,121
1788.708,118
1788.804,109
1788.9,102
1788.995,92
1789.091,86
1789.187,82
1789.283,79
1789.379,78
1789.475,76
1789.571,75
1789.667,77
1789.763,75
1789.858,75
1789.954,69
1790.05,73
1790.146,72
1790.242,72
1790.338,72
1790.434,77
1790.53,84
1790.626,90
1790.722,98
1790.818,105
1790.913,100
1791.009,102
1791.105,106
1791.201,112
1791.297,116
1791.393,124
1791.489,117
1791.585,111
1791.681,108
1791.777,101
1791.873,93
1791.969,87
1792.065,84
1792.161,74
1792.257,76
1792.353,71
1792.449,67
1792.545,67
1792.641,75
1792.736,68
1792.832,69
1792.928,72
1793.024,71
1793.12,81
1793.216,73
1793.312,69
1793.408,67
1793.504,62
1793.6,69
1793.696,68
1793.792,75
1793.888,79
1793.984,83
1794.08,93
1794.176,90
1794.272,88
1794.368,81
1794.464,74
1794.56,69
1794.657,71
1794.753,72
1794.849,63
1794.945,58
1795.041,57
1795.137,56
1795.233,56
1795.329,64
1795.425,66
1795.521,67
1795.617,72
1795.713,71
1795.809,81
1795.905,83
1796.001,79
1796.097,89
1796.193,76
1796.289,69
1796.385,62
1796.481,61
1796.578,66
1796.674,72
1796.77,81
1796.866,86
1796.962,93
1797.058,97
1797.154,101
1797.25,101
1797.346,97
1797.442,86
1797.538,78
1797.635,66
1797.731,68
1797.827,72
1797.923,76
1798.019,79
1798.115,75
1798.211,77
1798.307,77
1798.404,83
1798.5,80
1798.596,80
1798.692,78
1798.788,78
1798.884,88
1798.98,97
1799.077,102
1799.173,101
1799.269,100
1799.365,98
1799.461,97
1799.557,91
1799.653,83
1799.75,72
1799.846,64
1799.942,60
1800.038,58
1800.134,61
1800.23,65
1800.327,77
1800.423,79
1800.519,86
1800.615,94
1800.711,96
1800.808,108
1800.904,121
1801,133
1801.096,156
1801.192,207
1801.289,264
1801.385,321
1801.481,393
1801.577,445
1801.673,465
1801.77,490
1801.866,490
1801.962,477
1802.058,491
1802.155,505
1802.251,535
1802.347,593
1802.443,679
1802.539,763
1802.636,851
1802.732,902
1802.828,866
1802.924,832
1803.021,776
1803.117,739
1803.213,740
1803.31,746
1803.406,763
1803.502,799
1803.598,816
1803.695,837
1803.791,837
1803.887,800
1803.983,738
1804.08,670
1804.176,613
1804.272,567
1804.369,553
1804.465,537
1804.561,531
1804.657,510
1804.754,490
1804.85,473
1804.946,448
1805.043,419
1805.139,397
1805.235,373
1805.332,359
1805.428,361
1805.524,362
1805.621,361
1805.717,359
1805.813,344
1805.91,317
1806.006,287
1806.102,259
1806.199,221
1806.295,209
1806.391,197
1806.488,195
1806.584,201
1806.68,209
1806.777,216
1806.873,215
1806.969,204
1807.066,188
1807.162,173
1807.258,157
1807.355,148
1807.451,155
1807.548,167
1807.644,181
1807.74,196
1807.837,194
1807.933,192
1808.03,183
1808.126,172
1808.222,168
1808.319,157
1808.415,145
1808.511,136
1808.608,130
1808.704,126
1808.801,126
1808.897,134
1808.994,130
1809.09,128
1809.186,121
1809.283,110
1809.379,111
1809.476,108
1809.572,103
1809.669,107
1809.765,108
1809.861,111
1809.958,119
1810.054,121
1810.151,123
1810.247,126
1810.344,127
1810.44,138
1810.537,141
1810.633,138
1810.729,144
1810.826,140
1810.922,132
1811.019,127
1811.115,118
1811.212,104
1811.308,106
1811.405,108
1811.501,118
1811.598,120
1811.694,121
1811.791,125
1811.887,113
1811.984,104
1812.08,96
1812.177,88
1812.273,87
1812.37,91
1812.466,88
1812.563,86
1812.659,91
1812.756,90
1812.852,101
1812.949,113
1813.045,114
1813.142,117
1813.238,117
1813.335,108
1813.431,106
1813.528,100
1813.625,90
1813.721,83
1813.818,81
1813.914,83
1814.011,78
1814.107,73
1814.204,72
1814.3,64
1814.397,63
1814.494,64
1814.59,58
1814.687,60
1814.783,60
1814.88,55
1814.976,65
1815.073,78
1815.17,89
1815.266,97
1815.363,109
1815.459,102
1815.556,99
1815.653,100
1815.749,99
1815.846,101
1815.942,99
1816.039,100
1816.136,98
1816.232,95
1816.329,92
1816.425,86
1816.522,80
1816.619,78
1816.715,78
1816.812,79
1816.909,81
1817.005,85
1817.102,91
1817.198,97
1817.295,107
1817.392,106
1817.488,104
1817.585,100
1817.682,94
1817.778,99
1817.875,97
1817.972,96
1818.068,102
1818.165,100
1818.262,101
1818.358,104
1818.455,110
1818.552,103
1818.648,105
1818.745,105
1818.842,95
1818.938,92
1819.035,84
1819.132,74
1819.228,72
1819.325,71
1819.422,64
1819.519,58
1819.615,55
1819.712,54
1819.809,58
1819.905,63
1820.002,62
1820.099,55
1820.196,54
1820.292,55
1820.389,55
1820.486,62
1820.582,68
1820.679,73
1820.776,81
1820.873,90
1820.969,89
1821.066,86
1821.163,87
1821.26,78
1821.356,76
1821.453,75
1821.55,74
1821.647,78
1821.743,79
1821.84,78
1821.937,72
1822.034,78
1822.13,82
1822.227,86
1822.324,104
1822.421,114
1822.518,127
1822.614,134
1822.711,135
1822.808,124
1822.905,117
1823.002,112
1823.098,101
1823.195,104
1823.292,109
1823.389,108
1823.486,108
1823.582,102
1823.679,95
1823.776,92
1823.873,95
1823.97,82
1824.066,78
1824.163,80
1824.26,76
1824.357,78
1824.454,79
1824.551,80
1824.647,79
1824.744,72
1824.841,73
1824.938,72
1825.035,68
1825.132,63
1825.229,65
1825.325,70
1825.422,78
1825.519,87
1825.616,88
1825.713,91
1825.81,87
1825.907,86
1826.003,86
1826.1,85
1826.197,88
1826.294,92
1826.391,101
1826.488,112
1826.585,126
1826.682,133
1826.779,138
1826.875,138
1826.972,134
1827.069,128
1827.166,114
1827.263,103
1827.36,94
1827.457,90
1827.554,96
1827.651,105
1827.748,112
1827.845,111
1827.942,107
1828.038,100
1828.135,99
1828.232,100
1828.329,105
1828.426,108
1828.523,111
1828.62,115
1828.717,120
1828.814,129
1828.911,128
1829.008,130
1829.105,128
1829.202,126
1829.299,130
1829.396,130
1829.493,128
1829.59,127
1829.687,120
1829.784,122
1829.881,114
1829.978,108
1830.075,102
1830.172,90
1830.269,89
1830.366,85
1830.463,89
1830.56,85
1830.657,82
1830.754,81
1830.851,74
1830.948,67
1831.045,69
1831.142,67
1831.239,62
1831.336,62
1831.433,65
1831.53,66
1831.627,69
1831.724,57
1831.821,49
1831.918,46
1832.015,38
1832.112,38
1832.209,38
1832.306,39
1832.403,47
1832.5,62
1832.597,74
1832.694,87
1832.791,94
1832.888,100
1832.985,106
1833.083,114
1833.18,108
1833.277,109
1833.374,98
1833.471,86
1833.568,83
1833.665,82
1833.762,82
1833.859,77
1833.956,86
1834.053,81
1834.15,75
1834.248,71
1834.345,61
1834.442,59
1834.539,63
1834.636,66
1834.733,67
1834.83,73
1834.927,79
1835.024,82
1835.122,81
1835.219,82
1835.316,76
1835.413,70
1835.51,63
1835.607,60
1835.704,60
1835.801,63
1835.899,67
1835.996,62
1836.093,62
1836.19,65
1836.287,70
1836.384,70
1836.482,73
1836.579,74
1836.676,85
1836.773,100
1836.87,102
1836.967,101
1837.065,85
1837.162,70
1837.259,63
1837.356,57
1837.453,56
1837.55,56
1837.648,60
1837.745,64
1837.842,73
1837.939,84
1838.036,85
1838.134,83
1838.231,80
1838.328,77
1838.425,69
1838.522,57
1838.62,54
1838.717,55
1838.814,62
1838.911,71
1839.009,82
1839.106,91
1839.203,93
1839.3,95
1839.398,97
1839.495,92
1839.592,89
1839.689,90
1839.786,87
1839.884,88
1839.981,91
1840.078,94
1840.176,92
1840.273,95
1840.37,91
1840.467,87
1840.565,88
1840.662,75
1840.759,71
1840.856,70
1840.954,69
1841.051,71
1841.148,80
1841.246,81
1841.343,74
1841.44,78
1841.537,74
1841.635,72
1841.732,69
1841.829,59
1841.927,54
1842.024,55
1842.121,62
1842.219,62
1842.316,63
1842.413,68
1842.511,84
1842.608,90
1842.705,104
1842.802,116
1842.9,111
1842.997,111
1843.094,108
1843.192,107
1843.289,106
1843.387,104
1843.484,98
1843.581,91
1843.679,82
1843.776,71
1843.873,65
1843.971,57
1844.068,57
1844.165,54
1844.263,55
1844.36,58
1844.457,56
1844.555,74
1844.652,81
1844.75,89
1844.847,95
1844.944,88
1845.042,84
1845.139,79
1845.237,74
1845.334,78
1845.431,73
1845.529,66
1845.626,64
1845.724,64
1845.821,70
1845.918,73
1846.016,79
1846.113,89
1846.211,95
1846.308,106
1846.406,104
1846.503,100
1846.6,92
1846.698,84
1846.795,80
1846.893,68
1846.99,68
1847.088,67
1847.185,65
1847.282,62
1847.38,63
1847.477,64
1847.575,69
1847.672,78
1847.77,84
1847.867,89
1847.965,95
1848.062,89
1848.16,83
1848.257,78
1848.355,75
1848.452,79
1848.55,87
1848.647,95
1848.745,98
1848.842,103
1848.94,103
1849.037,99
1849.135,90
1849.232,89
1849.33,84
1849.427,77
1849.525,81
1849.622,85
1849.72,98
1849.817,113
1849.915,130
1850.012,138
1850.11,130
1850.207,120
1850.305,106
1850.402,96
1850.5,94
1850.597,91
1850.695,92
1850.792,88
1850.89,86
1850.988,83
1851.085,84
1851.183,81
1851.28,85
1851.378,89
1851.475,85
1851.573,78
1851.67,80
1851.768,82
1851.866,84
1851.963,97
1852.061,92
1852.158,85
1852.256,81
1852.353,79
1852.451,81
1852.549,84
1852.646,88
1852.744,87
1852.841,81
1852.939,73
1853.037,63
1853.134,53
1853.232,56
1853.33,57
1853.427,61
1853.525,67
1853.622,71
1853.72,75
1853.818,75
1853.915,79
1854.013,79
1854.11,78
1854.208,77
1854.306,74
1854.403,73
1854.501,73
1854.599,70
1854.696,81
1854.794,85
1854.892,90
1854.989,92
1855.087,86
1855.185,90
1855.282,89
1855.38,90
1855.478,83
1855.575,72
1855.673,64
1855.771,63
1855.868,56
1855.966,54
1856.064,54
1856.161,46
1856.259,36
1856.357,39
1856.454,45
1856.552,53
1856.65,66
1856.748,72
1856.845,77
1856.943,75
1857.041,71
1857.138,68
1857.236,67
1857.334,65
1857.432,68
1857.529,72
1857.627,75
1857.725,77
1857.823,73
1857.92,68
1858.018,66
1858.116,65
1858.213,61
1858.311,61
1858.409,66
1858.507,64
1858.604,68
1858.702,64
1858.8,59
1858.898,48
1858.996,41
1859.093,42
1859.191,40
1859.289,45
1859.387,46
1859.484,50
1859.582,56
1859.68,61
1859.778,68
1859.876,71
1859.973,68
1860.071,70
1860.169,64
1860.267,55
1860.364,54
1860.462,44
1860.56,43
1860.658,40
1860.756,36
1860.854,35
1860.951,31
1861.049,36
1861.147,41
1861.245,51
1861.343,63
1861.44,65
1861.538,62
1861.636,59
1861.734,50
1861.832,49
1861.93,52
1862.028,48
1862.125,54
1862.223,54
1862.321,54
1862.419,59
1862.517,72
1862.615,72
1862.713,73
1862.81,76
1862.908,62
1863.006,65
1863.104,72
1863.202,67
1863.3,72
1863.398,67
1863.496,58
1863.593,56
1863.691,53
1863.789,56
1863.887,59
1863.985,52
1864.083,46
1864.181,43
1864.279,40
1864.377,40
1864.475,45
1864.572,52
1864.67,55
1864.768,66
1864.866,78
1864.964,78
1865.062,83
1865.16,89
1865.258,93
1865.356,97
1865.454,100
1865.552,94
1865.65,80
1865.748,77
1865.846,70
1865.943,63
1866.041,69
1866.139,63
1866.237,59
1866.335,58
1866.433,63
1866.531,70
1866.629,76
1866.727,89
1866.825,98
1866.923,97
1867.021,97
1867.119,96
1867.217,91
1867.315,85
1867.413,81
1867.511,73
1867.609,64
1867.707,68
1867.805,74
1867.903,82
1868.001,92
1868.099,101
1868.197,111
1868.295,110
1868.393,103
1868.491,93
1868.589,85
1868.687,84
1868.785,78
1868.883,76
1868.981,74
1869.079,65
1869.177,60
1869.275,57
1869.373,51
1869.471,51
1869.57,54
1869.668,54
1869.766,56
1869.864,58
1869.962,63
1870.06,62
1870.158,66
1870.256,67
1870.354,61
1870.452,62
1870.55,65
1870.648,71
1870.746,68
1870.844,75
1870.942,76
1871.041,70
1871.139,67
1871.237,61
1871.335,57
1871.433,53
1871.531,58
1871.629,57
1871.727,56
1871.825,58
1871.923,61
1872.022,64
1872.12,65
1872.218,67
1872.316,67
1872.414,66
1872.512,63
1872.61,56
1872.708,59
1872.807,62
1872.905,63
1873.003,64
1873.101,66
1873.199,76
1873.297,83
1873.395,92
1873.494,106
1873.592,107
1873.69,112
1873.788,123
1873.886,121
1873.984,127
1874.083,137
1874.181,145
1874.279,161
1874.377,187
1874.475,211
1874.573,232
1874.672,245
1874.77,236
1874.868,226
1874.966,209
1875.064,199
1875.163,195
1875.261,191
1875.359,186
1875.457,189
1875.555,204
1875.654,218
1875.752,243
1875.85,261
1875.948,246
1876.046,235
1876.145,213
1876.243,199
1876.341,197
1876.439,191
1876.538,186
1876.636,186
1876.734,189
1876.832,190
1876.931,196
1877.029,197
1877.127,189
1877.225,184
1877.324,181
1877.422,167
1877.52,164
1877.618,163
1877.717,155
1877.815,144
1877.913,140
1878.011,135
1878.11,127
1878.208,116
1878.306,111
1878.405,102
1878.503,99
1878.601,95
1878.699,96
1878.798,93
1878.896,96
1878.994,98
1879.093,93
1879.191,86
1879.289,81
1879.388,81
1879.486,75
1879.584,77
1879.682,79
1879.781,74
1879.879,77
1879.977,81
1880.076,78
1880.174,76
1880.272,74
1880.371,69
1880.469,70
1880.567,67
1880.666,69
1880.764,69
1880.862,69
1880.961,69
1881.059,71
1881.158,71
1881.256,72
1881.354,75
1881.453,78
1881.551,77
1881.649,77
1881.748,82
1881.846,89
1881.944,96
1882.043,99
1882.141,102
1882.24,98
1882.338,100
1882.436,96
1882.535,89
1882.633,83
1882.732,74
1882.83,65
1882.928,70
1883.027,74
1883.125,81
1883.224,81
1883.322,88
1883.42,94
1883.519,97
1883.617,92
1883.716,102
1883.814,107
1883.913,106
1884.011,109
1884.109,104
1884.208,96
1884.306,91
1884.405,88
1884.503,79
1884.602,79
1884.7,81
1884.799,74
1884.897,80
1884.995,88
1885.094,90
1885.192,92
1885.291,90
1885.389,84
1885.488,81
1885.586,82
1885.685,87
1885.783,79
1885.882,72
1885.98,64
1886.079,55
1886.177,53
1886.276,50
1886.374,47
1886.473,41
1886.571,47
1886.67,54
1886.768,65
1886.867,86
1886.965,90
1887.064,94
1887.162,91
1887.261,77
1887.359,77
1887.458,69
1887.556,61
1887.655,58
1887.753,61
1887.852,61
1887.95,61
1888.049,59
1888.148,52
1888.246,47
1888.345,45
1888.443,47
1888.542,47
1888.64,44
1888.739,41
1888.837,36
1888.936,41
1889.035,45
1889.133,49
1889.232,61
1889.33,59
1889.429,58
1889.527,66
1889.626,74
1889.725,73
1889.823,72
1889.922,64
1890.02,64
1890.119,66
1890.218,68
1890.316,71
1890.415,67
1890.513,69
1890.612,71
1890.711,73
1890.809,71
1890.908,64
1891.006,56
1891.105,50
1891.204,56
1891.302,65
1891.401,77
1891.5,84
1891.598,89
1891.697,85
1891.796,73
1891.894,62
1891.993,53
1892.091,48
1892.19,44
1892.289,43
1892.387,39
1892.486,39
1892.585,46
1892.683,50
1892.782,49
1892.881,48
1892.979,49
1893.078,45
1893.177,51
1893.275,59
1893.374,70
1893.473,78
1893.571,84
1893.67,82
1893.769,80
1893.868,86
1893.966,79
1894.065,87
1894.164,96
1894.262,104
1894.361,115
1894.46,109
1894.558,105
1894.657,95
1894.756,93
1894.855,87
1894.953,82
1895.052,81
1895.151,67
1895.25,65
1895.348,65
1895.447,60
1895.546,62
1895.645,62
1895.743,63
1895.842,64
1895.941,68
1896.04,72
1896.138,73
1896.237,68
1896.336,57
1896.435,48
1896.533,39
1896.632,32
1896.731,22
1896.83,22
1896.928,27
1897.027,37
1897.126,50
1897.225,56
1897.324,60
1897.422,65
1897.521,68
1897.62,67
1897.719,71
1897.818,68
1897.916,66
1898.015,72
1898.114,82
1898.213,86
1898.312,88
1898.41,87
1898.509,86
1898.608,88
1898.707,97
1898.806,97
1898.904,96
1899.003,105
1899.102,103
1899.201,96
1899.3,88
1899.399,78
1899.498,73
1899.596,75
1899.695,77
1899.794,82
1899.893,85
1899.992,81
1900.091,79
1900.189,71
1900.288,61
1900.387,58
1900.486,61
1900.585,62
1900.684,68
1900.783,76
1900.882,76
1900.98,76
1901.079,72
1901.178,69
1901.277,71
1901.376,70
1901.475,68
1901.574,68
1901.673,72
1901.772,73
1901.871,70
1901.969,69
1902.068,66
1902.167,65
1902.266,60
1902.365,56
1902.464,49
1902.563,46
1902.662,48
1902.761,49
1902.86,45
1902.959,42
1903.058,39
1903.157,39
1903.256,40
1903.354,45
1903.453,52
1903.552,52
1903.651,54
1903.75,58
1903.849,51
1903.948,49
1904.047,48
1904.146,50
1904.245,43
1904.344,46
1904.443,50
1904.542,52
1904.641,61
1904.74,63
1904.839,60
1904.938,57
1905.037,57
1905.136,57
1905.235,50
1905.334,50
1905.433,48
1905.532,56
1905.631,62
1905.73,60
1905.829,70
1905.928,64
1906.027,57
1906.126,51
1906.225,46
1906.324,47
1906.423,58
1906.522,68
1906.621,71
1906.72,73
1906.819,71
1906.918,72
1907.017,73
1907.116,68
1907.215,63
1907.315,67
1907.414,61
1907.513,56
1907.612,55
1907.711,45
1907.81,40
1907.909,43
1908.008,47
1908.107,48
1908.206,58
1908.305,56
1908.404,56
1908.503,55
1908.602,52
1908.702,55
1908.801,53
1908.9,58
1908.999,60
1909.098,72
1909.197,79
1909.296,78
1909.395,87
1909.494,82
1909.593,85
1909.693,87
1909.792,87
1909.891,89
1909.99,89
1910.089,84
1910.188,85
1910.287,82
1910.386,73
1910.486,68
1910.585,57
1910.684,52
1910.783,48
1910.882,54
1910.981,60
1911.08,61
1911.18,62
1911.279,60
1911.378,62
1911.477,61
1911.576,65
1911.675,65
1911.775,65
1911.874,68
1911.973,75
1912.072,90
1912.171,96
1912.27,98
1912.37,101
1912.469,94
1912.568,84
1912.667,88
1912.766,83
1912.866,79
1912.965,78
1913.064,71
1913.163,64
1913.262,62
1913.362,58
1913.461,57
1913.56,53
1913.659,55
1913.758,56
1913.858,55
1913.957,53
1914.056,51
1914.155,58
1914.255,59
1914.354,62
1914.453,66
1914.552,75
1914.652,78
1914.751,84
1914.85,86
1914.949,74
1915.049,63
1915.148,52
1915.247,42
1915.346,35
1915.446,33
1915.545,31
1915.644,26
1915.743,30
1915.843,32
1915.942,38
1916.041,42
1916.141,43
1916.24,46
1916.339,48
1916.438,53
1916.538,54
1916.637,55
1916.736,52
1916.836,47
1916.935,42
1917.034,42
1917.134,40
1917.233,41
1917.332,46
1917.432,44
1917.531,43
1917.63,43
1917.73,44
1917.829,40
1917.928,39
1918.028,38
1918.127,38
1918.226,43
1918.326,44
1918.425,48
1918.524,43
1918.624,45
1918.723,49
1918.822,45
1918.922,43
1919.021,39
1919.12,36
1919.22,41
1919.319,46
1919.418,55
1919.518,63
1919.617,68
1919.717,72
1919.816,69
1919.915,66
1920.015,67
1920.114,74
1920.214,76
1920.313,75
1920.412,80
1920.512,77
1920.611,71
1920.711,73
1920.81,67
1920.909,61
1921.009,60
1921.108,61
1921.208,55
1921.307,51
1921.406,53
1921.506,54
1921.605,60
1921.705,70
1921.804,75
1921.904,76
1922.003,85
1922.103,97
1922.202,95
1922.301,96
1922.401,95
1922.5,94
1922.6,101
1922.699,108
1922.799,119
1922.898,123
1922.998,125
1923.097,127
1923.197,126
1923.296,128
1923.396,133
1923.495,131
1923.594,130
1923.694,137
1923.793,129
1923.893,129
1923.992,121
1924.092,108
1924.191,102
1924.291,97
1924.39,93
1924.49,97
1924.589,99
1924.689,104
1924.788,103
1924.888,85
1924.987,77
1925.087,65
1925.187,50
1925.286,38
1925.386,35
1925.485,34
1925.585,38
1925.684,43
1925.784,42
1925.883,40
1925.983,43
1926.082,47
1926.182,50
1926.281,52
1926.381,58
1926.481,53
1926.58,53
1926.68,58
1926.779,52
1926.879,47
1926.978,48
1927.078,43
1927.178,45
1927.277,51
1927.377,57
1927.476,64
1927.576,72
1927.675,82
1927.775,88
1927.875,98
1927.974,104
1928.074,106
1928.173,102
1928.273,97
1928.373,89
1928.472,84
1928.572,80
1928.672,73
1928.771,73
1928.871,74
1928.97,76
1929.07,79
1929.17,79
1929.269,83
1929.369,84
1929.469,85
1929.568,83
1929.668,85
1929.767,82
1929.867,72
1929.967,65
1930.066,56
1930.166,52
1930.266,50
1930.365,55
1930.465,50
1930.565,54
1930.664,61
1930.764,62
1930.864,67
1930.963,61
1931.063,55
1931.163,45
1931.262,36
1931.362,34
1931.462,34
1931.562,34
1931.661,32
1931.761,38
1931.861,40
1931.96,35
1932.06,30
1932.16,23
1932.259,17
1932.359,24
1932.459,30
1932.559,28
1932.658,26
1932.758,26
1932.858,23
1932.957,25
1933.057,30
1933.157,28
1933.257,31
1933.356,33
1933.456,33
1933.556,35
1933.656,38
1933.755,46
1933.855,52
1933.955,62
1934.055,60
1934.154,61
1934.254,62
1934.354,65
1934.454,74
1934.553,73
1934.653,75
1934.753,73
1934.853,67
1934.953,64
1935.052,60
1935.152,55
1935.252,50
1935.352,54
1935.452,57
1935.551,59
1935.651,63
1935.751,62
1935.851,61
1935.951,60
1936.05,58
1936.15,55
1936.25,56
1936.35,62
1936.45,65
1936.549,63
1936.649,64
1936.749,62
1936.849,61
1936.949,63
1937.049,67
1937.148,71
1937.248,73
1937.348,74
1937.448,71
1937.548,68
1937.648,68
1937.748,64
1937.847,62
1937.947,61
1938.047,57
1938.147,58
1938.247,61
1938.347,60
1938.447,58
1938.546,58
1938.646,60
1938.746,63
1938.846,64
1938.946,57
1939.046,48
1939.146,42
1939.246,35
1939.346,31
1939.445,34
1939.545,35
1939.645,38
1939.745,40
1939.845,42
1939.945,49
1940.045,49
1940.145,55
1940.245,56
1940.345,53
1940.445,53
1940.545,50
1940.644,51
1940.744,54
1940.844,55
1940.944,55
1941.044,58
1941.144,63
1941.244,68
1941.344,77
1941.444,85
1941.544,92
1941.644,94
1941.744,91
1941.844,84
1941.944,79
1942.044,70
1942.144,63
1942.244,63
1942.344,63
1942.444,58
1942.544,56
1942.644,51
1942.744,45
1942.844,40
1942.944,40
1943.044,39
1943.144,39
1943.244,47
1943.344,53
1943.444,60
1943.544,58
1943.644,63
1943.744,63
1943.844,62
1943.944,66
1944.044,61
1944.144,57
1944.244,54
1944.344,47
1944.444,46
1944.544,54
1944.644,60
1944.744,60
1944.844,56
1944.944,52
1945.044,55
1945.144,60
1945.244,63
1945.344,69
1945.444,71
1945.544,83
1945.644,109
1945.744,139
1945.844,171
1945.945,200
1946.045,213
1946.145,210
1946.245,215
1946.345,219
1946.445,223
1946.545,249
1946.645,275
1946.745,302
1946.845,335
1946.945,327
1947.045,322
1947.146,305
1947.246,299
1947.346,300
1947.446,300
1947.546,319
1947.646,325
1947.746,342
1947.846,363
1947.946,363
1948.047,378
1948.147,377
1948.247,376
1948.347,355
1948.447,333
1948.547,330
1948.647,322
1948.748,346
1948.848,347
1948.948,330
1949.048,317
1949.148,294
1949.248,264
1949.348,253
1949.449,247
1949.549,230
1949.649,223
1949.749,218
1949.849,207
1949.949,196
1950.05,189
1950.15,173
1950.25,159
1950.35,147
1950.45,127
1950.551,126
1950.651,125
1950.751,130
1950.851,123
1950.951,118
1951.052,110
1951.152,112
1951.252,104
1951.352,99
1951.452,97
1951.553,93
1951.653,93
1951.753,92
1951.853,97
1951.954,92
1952.054,91
1952.154,82
1952.254,74
1952.354,69
1952.455,64
1952.555,69
1952.655,66
1952.755,61
1952.856,64
1952.956,62
1953.056,65
1953.156,64
1953.257,64
1953.357,63
1953.457,64
1953.557,63
1953.658,64
1953.758,65
1953.858,71
1953.959,74
1954.059,75
1954.159,78
1954.259,77
1954.36,82
1954.46,81
1954.56,82
1954.661,83
1954.761,81
1954.861,86
1954.962,84
1955.062,87
1955.162,84
1955.262,91
1955.363,89
1955.463,87
1955.563,89
1955.664,79
1955.764,78
1955.864,83
1955.965,77
1956.065,77
1956.165,75
1956.266,73
1956.366,75
1956.466,73
1956.567,66
1956.667,55
1956.767,47
1956.868,42
1956.968,45
1957.069,45
1957.169,55
1957.269,64
1957.37,63
1957.47,63
1957.57,65
1957.671,57
1957.771,52
1957.872,49
1957.972,43
1958.072,44
1958.173,43
1958.273,40
1958.373,38
1958.474,39
1958.574,40
1958.675,42
1958.775,45
1958.876,46
1958.976,48
1959.076,49
1959.177,53
1959.277,51
1959.378,50
1959.478,47
1959.578,49
1959.679,61
1959.779,68
1959.88,77
1959.98,77
1960.081,86
1960.181,89
1960.281,89
1960.382,100
1960.482,100
1960.583,102
1960.683,101
1960.784,101
1960.884,92
1960.985,80
1961.085,65
1961.186,50
1961.286,38
1961.387,33
1961.487,31
1961.588,35
1961.688,42
1961.788,50
1961.889,61
1961.989,60
1962.09,67
1962.19,63
1962.291,57
1962.391,54
1962.492,45
1962.592,43
1962.693,38
1962.793,35
1962.894,25
1962.994,23
1963.095,19
1963.196,24
1963.296,33
1963.397,41
1963.497,50
1963.598,54
1963.698,61
1963.799,64
1963.899,68
1964,69
1964.1,63
1964.201,64
1964.301,61
1964.402,67
1964.503,77
1964.603,78
1964.704,82
1964.804,80
1964.905,73
1965.005,69
1965.106,62
1965.207,56
1965.307,49
1965.408,52
1965.508,55
1965.609,63
1965.709,74
1965.81,74
1965.911,72
1966.011,73
1966.112,76
1966.212,78
1966.313,81
1966.414,77
1966.514,72
1966.615,67
1966.715,61
1966.816,61
1966.917,50
1967.017,48
1967.118,48
1967.219,39
1967.319,37
1967.42,39
1967.52,40
1967.621,46
1967.722,48
1967.822,52
1967.923,59
1968.024,65
1968.124,65
1968.225,63
1968.326,59
1968.426,51
1968.527,47
1968.628,44
1968.728,38
1968.829,33
1968.93,35
1969.03,35
1969.131,36
1969.232,37
1969.332,43
1969.433,48
1969.534,56
1969.634,62
1969.735,69
1969.836,74
1969.936,81
1970.037,82
1970.138,86
1970.239,83
1970.339,81
1970.44,81
1970.541,75
1970.641,79
1970.742,84
1970.843,92
1970.944,84
1971.044,81
1971.145,74
1971.246,65
1971.346,69
1971.447,70
1971.548,74
1971.649,76
1971.749,79
1971.85,93
1971.951,110
1972.052,118
1972.152,136
1972.253,131
1972.354,123
1972.455,126
1972.555,113
1972.656,101
1972.757,91
1972.858,78
1972.959,74
1973.059,82
1973.16,88
1973.261,100
1973.362,103
1973.462,105
1973.563,106
1973.664,110
1973.765,102
1973.866,95
1973.966,91
1974.067,80
1974.168,86
1974.269,82
1974.37,77
1974.47,73
1974.571,69
1974.672,70
1974.773,71
1974.874,73
1974.975,68
1975.075,72
1975.176,71
1975.277,72
1975.378,77
1975.479,73
1975.58,71
1975.68,63
1975.781,51
1975.882,49
1975.983,48
1976.084,50
1976.185,53
1976.286,59
1976.386,67
1976.487,78
1976.588,85
1976.689,88
1976.79,90
1976.891,87
1976.992,78
1977.093,73
1977.193,66
1977.294,62
1977.395,57
1977.496,63
1977.597,69
1977.698,71
1977.799,78
1977.9,72
1978.001,64
1978.102,64
1978.202,62
1978.303,58
1978.404,52
1978.505,50
1978.606,40
1978.707,43
1978.808,44
1978.909,43
1979.01,41
1979.111,42
1979.212,40
1979.313,38
1979.414,35
1979.515,34
1979.616,32
1979.716,34
1979.817,40
1979.918,50
1980.019,60
1980.12,72
1980.221,82
1980.322,79
1980.423,76
1980.524,65
1980.625,56
1980.726,50
1980.827,47
1980.928,43
1981.029,35
1981.13,34
1981.231,30
1981.332,28
1981.433,33
1981.534,41
1981.635,49
1981.736,64
1981.837,67
1981.938,67
1982.039,69
1982.14,74
1982.241,73
1982.342,73
1982.443,70
1982.544,62
1982.645,57
1982.746,54
1982.847,55
1982.948,53
1983.049,50
1983.15,48
1983.251,46
1983.352,44
1983.454,40
1983.555,37
1983.656,32
1983.757,33
1983.858,29
1983.959,28
1984.06,25
1984.161,24
1984.262,27
1984.363,32
1984.464,36
1984.565,45
1984.666,47
1984.767,59
1984.869,68
1984.97,76
1985.071,81
1985.172,78
1985.273,74
1985.374,67
1985.475,67
1985.576,61
1985.677,55
1985.778,55
1985.879,51
1985.981,53
1986.082,53
1986.183,55
1986.284,61
1986.385,61
1986.486,63
1986.587,70
1986.688,71
1986.79,64
1986.891,60
1986.992,51
1987.093,45
1987.194,47
1987.295,47
1987.396,40
1987.498,43
1987.599,45
1987.7,49
1987.801,52
1987.902,57
1988.003,59
1988.105,64
1988.206,65
1988.307,67
1988.408,66
1988.509,65
1988.611,70
1988.712,68
1988.813,70
1988.914,64
1989.015,55
1989.116,43
1989.218,38
1989.319,36
1989.42,40
1989.521,51
1989.622,54
1989.724,58
1989.825,58
1989.926,50
1990.027,49
1990.129,47
1990.23,43
1990.331,44
1990.432,47
1990.533,45
1990.635,44
1990.736,51
1990.837,50
1990.938,49
1991.04,52
1991.141,55
1991.242,53
1991.343,53
1991.445,49
1991.546,47
1991.647,46
1991.748,42
1991.85,43
1991.951,41
1992.052,41
1992.154,43
1992.255,46
1992.356,48
1992.457,56
1992.559,65
1992.66,75
1992.761,77
1992.863,69
1992.964,65
1993.065,57
1993.166,50
1993.268,50
1993.369,52
1993.47,52
1993.572,55
1993.673,62
1993.774,71
1993.876,77
1993.977,87
1994.078,92
1994.18,97
1994.281,100
1994.382,93
1994.484,90
1994.585,86
1994.686,81
1994.788,93
1994.889,98
1994.99,107
1995.092,116
1995.193,120
1995.294,118
1995.396,112
1995.497,100
1995.598,89
1995.7,85
1995.801,77
1995.903,71
1996.004,74
1996.105,71
1996.207,70
1996.308,77
1996.409,78
1996.511,83
1996.612,91
1996.714,99
1996.815,96
1996.916,100
1997.018,105
1997.119,110
1997.221,120
1997.322,118
1997.423,114
1997.525,111
1997.626,96
1997.728,90
1997.829,81
1997.931,76
1998.032,67
1998.133,67
1998.235,62
1998.336,57
1998.438,55
1998.539,59
1998.641,70
1998.742,77
1998.843,89
1998.945,89
1999.046,83
1999.148,82
1999.249,84
1999.351,87
1999.452,84
1999.554,75
1999.655,79
1999.757,73
1999.858,74
1999.96,76
2000.061,59
2000.163,54
2000.264,50
2000.366,45
2000.467,43
2000.568,47
2000.67,50
2000.771,52
2000.873,63
2000.974,63
2001.076,60
2001.177,60
2001.279,57
2001.381,56
2001.482,54
2001.584,49
2001.685,41
2001.787,53
2001.888,65
2001.99,68
2002.091,67
2002.193,62
2002.294,57
2002.396,54
2002.497,60
2002.599,69
2002.7,76
2002.802,82
2002.904,89
2003.005,89
2003.107,88
2003.208,94
2003.31,80
2003.411,77
2003.513,71
2003.614,68
2003.716,68
2003.818,69
2003.919,78
2004.021,75
2004.122,79
2004.224,77
2004.326,72
2004.427,71
2004.529,64
2004.63,67
2004.732,63
2004.834,64
2004.935,75
2005.037,81
2005.138,86
2005.24,88
2005.342,80
2005.443,66
2005.545,53
2005.646,49
2005.748,45
2005.85,46
2005.951,50
2006.053,41
2006.155,35
2006.256,32
2006.358,26
2006.46,32
2006.561,33
2006.663,34
2006.764,34
2006.866,36
2006.968,36
2007.069,42
2007.171,44
2007.273,53
2007.374,63
2007.476,62
2007.578,59
2007.679,60
2007.781,56
2007.883,62
2007.985,71
2008.086,73
2008.188,90
2008.29,97
2008.391,103
2008.493,94
2008.595,82
2008.696,71
2008.798,62
2008.9,64
2009.002,62
2009.103,59
2009.205,55
2009.307,48
2009.408,42
2009.51,43
2009.612,47
2009.714,50
2009.815,57
2009.917,59
2010.019,68
2010.12,71
2010.222,73
2010.324,71
2010.426,64
2010.527,61
2010.629,54
2010.731,52
2010.833,48
2010.935,46
2011.036,47
2011.138,43
2011.24,40
2011.342,41
2011.443,41
2011.545,45
2011.647,52
2011.749,58
2011.85,57
2011.952,57
2012.054,54
2012.156,52
2012.258,62
2012.359,65
2012.461,68
2012.563,71
2012.665,75
2012.767,69
2012.868,71
2012.97,67
2013.072,57
2013.174,60
2013.276,61
2013.378,65
2013.479,71
2013.581,75
2013.683,79
2013.785,76
2013.887,69
2013.989,63
2014.09,63
2014.192,57
2014.294,54
2014.396,55
2014.498,50
2014.6,51
2014.701,49
2014.803,47
2014.905,42
2015.007,39
2015.109,40
2015.211,42
2015.313,41
2015.415,45
2015.516,49
2015.618,51
2015.72,54
2015.822,59
2015.924,63
2016.026,66
2016.128,69
2016.23,75
2016.332,83
2016.433,84
2016.535,85
2016.637,77
2016.739,66
2016.841,58
2016.943,50
2017.045,50
2017.147,64
2017.249,89
2017.351,113
2017.453,140
2017.555,175
2017.656,198
2017.758,225
2017.86,248
2017.962,255
2018.064,254
2018.166,258
2018.268,253
2018.37,246
2018.472,267
2018.574,282
2018.676,320
2018.778,369
2018.88,400
2018.982,437
2019.084,470
2019.186,502
2019.288,506
2019.39,510
2019.492,496
2019.594,483
2019.696,517
2019.798,550
2019.9,587
2020.002,611
2020.104,596
2020.206,573
2020.308,550
2020.41,535
2020.512,517
2020.614,495
2020.716,478
2020.818,465
2020.92,450
2021.022,439
2021.124,431
2021.226,407
2021.328,398
2021.43,386
2021.532,374
2021.634,371
2021.736,368
2021.838,366
2021.94,367
2022.042,345
2022.144,328
2022.246,315
2022.348,292
2022.45,272
2022.552,258
2022.654,240
2022.757,233
2022.859,231
2022.961,225
2023.063,222
2023.165,205
2023.267,189
2023.369,180
2023.471,160
2023.573,144
2023.675,123
2023.777,119
2023.879,118
2023.982,122
2024.084,131
2024.186,129
2024.288,126
2024.39,128
2024.492,125
2024.594,122
2024.696,121
2024.798,116
2024.901,113
2025.003,118
2025.105,121
2025.207,125
2025.309,123
2025.411,114
2025.513,105
2025.615,99
2025.718,96
2025.82,92
2025.922,89
2026.024,80
2026.126,78
2026.228,78
2026.33,78
2026.433,87
2026.535,82
2026.637,86
2026.739,93
2026.841,95
2026.943,94
2027.046,90
2027.148,83
2027.25,72
2027.352,60
2027.454,62
2027.557,65
2027.659,67
2027.761,75
2027.863,80
2027.965,83
2028.068,93
2028.17,98
2028.272,89
2028.374,84
2028.476,78
2028.579,69
2028.681,76
2028.783,80
2028.885,76
2028.987,71
2029.09,65
2029.192,60
2029.294,64
2029.396,62
2029.499,68
2029.601,75
2029.703,86
2029.805,99
2029.908,105
2030.01,111
2030.112,114
2030.214,119
2030.317,110
2030.419,100
2030.521,95
2030.623,88
2030.726,90
2030.828,97
2030.93,99
2031.033,90
2031.135,88
2031.237,78
2031.339,77
2031.442,81
2031.544,80
2031.646,89
2031.749,93
2031.851,104
2031.953,115
2032.055,121
2032.158,129
2032.26,127
2032.362,113
2032.465,97
2032.567,83
2032.669,71
2032.772,71
2032.874,75
2032.976,77
2033.079,81
2033.181,79
2033.283,79
2033.386,83
2033.488,80
2033.59,75
2033.693,69
2033.795,67
2033.897,68
2034,73
2034.102,78
2034.204,80
2034.307,80
2034.409,79
2034.512,81
2034.614,90
2034.716,94
2034.819,87
2034.921,79
2035.023,73
2035.126,67
2035.228,67
2035.331,70
2035.433,70
2035.535,69
2035.638,78
2035.74,88
2035.843,91
2035.945,108
2036.047,113
2036.15,116
2036.252,122
2036.355,115
2036.457,111
2036.559,101
2036.662,92
2036.764,82
2036.867,76
2036.969,70
2037.072,73
2037.174,85
2037.276,86
2037.379,90
2037.481,88
2037.584,78
2037.686,77
2037.789,75
2037.891,63
2037.994,48
2038.096,44
2038.199,34
2038.301,30
2038.403,27
2038.506,31
2038.608,31
2038.711,34
2038.813,44
2038.916,49
2039.018,56
2039.121,67
2039.223,59
2039.326,54
2039.428,48
2039.531,47
2039.633,49
2039.736,53
2039.838,56
2039.941,51
2040.043,53
2040.146,52
2040.248,53
2040.351,47
2040.453,44
2040.556,42
2040.658,39
2040.761,41
2040.863,50
2040.966,47
2041.069,43
2041.171,42
2041.274,43
2041.376,48
2041.479,54
2041.581,60
2041.684,64
2041.786,75
2041.889,84
2041.991,92
2042.094,98
2042.197,100
2042.299,105
2042.402,108
2042.504,114
2042.607,119
2042.709,127
2042.812,131
2042.915,127
2043.017,121
2043.12,120
2043.222,109
2043.325,107
2043.428,108
2043.53,107
2043.633,102
2043.735,99
2043.838,103
2043.941,108
2044.043,124
2044.146,127
2044.248,126
2044.351,128
2044.454,126
2044.556,129
2044.659,133
2044.762,139
2044.864,132
2044.967,122
2045.069,111
2045.172,97
2045.275,91
2045.377,80
2045.48,74
2045.583,65
2045.685,61
2045.788,66
2045.891,73
2045.993,78
2046.096,74
2046.199,75
2046.301,72
2046.404,68
2046.507,67
2046.609,66
2046.712,76
2046.815,80
2046.917,89
2047.02,93
2047.123,101
2047.225,112
2047.328,119
2047.431,118
2047.534,105
2047.636,94
2047.739,88
2047.842,86
2047.944,84
2048.047,82
2048.15,76
2048.253,62
2048.355,65
2048.458,63
2048.561,68
2048.663,75
2048.766,76
2048.869,75
2048.972,78
2049.074,72
2049.177,64
2049.28,58
2049.383,60
2049.485,57
2049.588,58
2049.691,61
2049.794,58
2049.896,62
2049.999,60
2050.102,57
2050.205,49
2050.307,51
2050.41,59
2050.513,64
2050.616,79
2050.719,81
2050.821,76
2050.924,70
2051.027,63
2051.13,53
2051.233,50
2051.335,47
2051.438,41
2051.541,44
2051.644,51
2051.747,54
2051.849,60
2051.952,62
2052.055,60
2052.158,63
2052.261,67
2052.363,66
2052.466,69
2052.569,75
2052.672,71
2052.775,66
2052.878,59
2052.98,53
2053.083,53
2053.186,48
2053.289,49
2053.392,51
2053.495,54
2053.598,54
2053.7,61
2053.803,68
2053.906,66
2054.009,68
2054.112,65
2054.215,55
2054.318,53
2054.42,58
2054.523,53
2054.626,54
2054.729,54
2054.832,54
2054.935,55
2055.038,59
2055.141,54
2055.244,53
2055.346,54
2055.449,58
2055.552,63
2055.655,69
2055.758,67
2055.861,66
2055.964,67
2056.067,62
2056.17,61
2056.273,56
2056.376,55
2056.479,56
2056.582,59
2056.684,66
2056.787,70
2056.89,79
2056.993,81
2057.096,78
2057.199,77
2057.302,74
2057.405,69
2057.508,67
2057.611,65
2057.714,63
2057.817,69
2057.92,79
2058.023,88
2058.126,100
2058.229,101
2058.332,99
2058.435,97
2058.538,94
2058.641,92
2058.744,89
2058.847,89
2058.95,85
2059.053,78
2059.156,74
2059.259,65
2059.362,64
2059.465,62
2059.568,60
2059.671,57
2059.774,44
2059.877,43
2059.98,41
2060.083,44
2060.186,51
2060.289,53
2060.392,59
2060.495,57
2060.598,56
2060.701,57
2060.804,57
2060.907,54
2061.01,46
2061.113,41
2061.216,32
2061.319,31
2061.422,30
2061.525,35
2061.628,39
2061.731,46
2061.835,51
2061.938,54
2062.041,58
2062.144,66
2062.247,73
2062.35,78
2062.453,87
2062.556,91
2062.659,99
2062.762,93
2062.865,87
2062.968,84
2063.072,78
2063.175,76
2063.278,74
2063.381,71
2063.484,63
2063.587,63
2063.69,65
2063.793,69
2063.896,61
2064,63
2064.103,57
2064.206,54
2064.309,63
2064.412,67
2064.515,68
2064.618,73
2064.721,75
2064.825,71
2064.928,66
2065.031,63
2065.134,63
2065.237,58
2065.34,56
2065.444,57
2065.547,52
2065.65,59
2065.753,66
2065.856,69
2065.959,76
2066.063,75
2066.166,70
2066.269,68
2066.372,66
2066.475,67
2066.578,67
2066.682,78
2066.785,75
2066.888,74
2066.991,77
2067.094,77
2067.198,86
2067.301,96
2067.404,107
2067.507,103
2067.61,99
2067.714,96
2067.817,94
2067.92,90
2068.023,93
2068.127,94
2068.23,93
2068.333,108
2068.436,109
2068.539,111
2068.643,113
2068.746,108
2068.849,116
2068.952,121
2069.056,127
2069.159,129
2069.262,126
2069.365,120
2069.469,111
2069.572,99
2069.675,84
2069.779,75
2069.882,65
2069.985,65
2070.088,62
2070.192,67
2070.295,77
2070.398,83
2070.501,82
2070.605,77
2070.708,73
2070.811,65
2070.915,63
2071.018,62
2071.121,60
2071.225,64
2071.328,62
2071.431,61
2071.535,60
2071.638,56
2071.741,48
2071.844,49
2071.948,46
2072.051,43
2072.154,49
2072.258,48
2072.361,54
2072.464,57
2072.568,56
2072.671,65
2072.774,73
2072.878,76
2072.981,84
2073.085,79
2073.188,71
2073.291,73
2073.395,62
2073.498,62
2073.601,63
2073.705,63
2073.808,57
2073.911,56
2074.015,58
2074.118,62
2074.222,63
2074.325,66
2074.428,65
2074.532,67
2074.635,68
2074.739,64
2074.842,65
2074.945,64
2075.049,59
2075.152,56
2075.256,53
2075.359,49
2075.462,42
2075.566,37
2075.669,30
2075.773,23
2075.876,25
2075.979,27
2076.083,31
2076.186,38
2076.29,41
2076.393,48
2076.497,54
2076.6,61
2076.704,64
2076.807,66
2076.91,69
2077.014,63
2077.117,56
2077.221,50
2077.324,49
2077.428,52
2077.531,54
2077.635,47
2077.738,41
2077.842,40
2077.945,32
2078.049,32
2078.152,30
2078.256,25
2078.359,22
2078.462,22
2078.566,27
2078.669,30
2078.773,28
2078.876,23
2078.98,18
2079.083,17
2079.187,16
2079.29,17
2079.394,17
2079.498,22
2079.601,24
2079.705,30
2079.808,36
2079.912,39
2080.015,40
2080.119,41
2080.222,42
2080.326,44
2080.429,48
2080.533,51
2080.636,60
2080.74,64
2080.843,70
2080.947,79
2081.051,84
2081.154,92
2081.258,88
2081.361,86
2081.465,77
2081.568,70
2081.672,66
2081.776,59
2081.879,52
2081.983,53
2082.086,48
2082.19,52
2082.293,62
2082.397,63
2082.501,74
2082.604,73
2082.708,72
2082.811,67
2082.915,59
2083.019,55
2083.122,48
2083.226,48
2083.329,42
2083.433,44
2083.537,40
2083.64,39
2083.744,37
2083.848,40
2083.951,40
2084.055,41
2084.158,50
2084.262,41
2084.366,35
2084.469,34
2084.573,28
2084.677,32
2084.78,35
2084.884,33
2084.988,33
2085.091,30
2085.195,29
2085.299,31
2085.402,36
2085.506,47
2085.61,55
2085.713,69
2085.817,67
2085.921,64
2086.024,65
2086.128,59
2086.232,66
2086.335,65
2086.439,60
2086.543,64
2086.646,62
2086.75,65
2086.854,72
2086.958,74
2087.061,70
2087.165,67
2087.269,65
2087.372,57
2087.476,56
2087.58,55
2087.684,51
2087.787,49
2087.891,54
2087.995,52
2088.099,48
2088.202,47
2088.306,41
2088.41,44
2088.513,45
2088.617,45
2088.721,44
2088.825,42
2088.928,36
2089.032,30
2089.136,31
2089.24,37
2089.344,44
2089.447,52
2089.551,66
2089.655,75
2089.759,87
2089.862,109
2089.966,122
2090.07,139
2090.174,155
2090.278,175
2090.381,200
2090.485,217
2090.589,235
2090.693,260
2090.797,302
2090.9,331
2091.004,360
2091.108,375
2091.212,390
2091.316,395
2091.419,401
2091.523,405
2091.627,395
2091.731,401
2091.835,404
2091.939,419
2092.042,438
2092.146,433
2092.25,431
2092.354,418
2092.458,395
2092.562,376
2092.665,355
2092.769,327
2092.873,311
2092.977,307
2093.081,303
2093.185,307
2093.289,297
2093.392,297
2093.496,297
2093.6,285
2093.704,279
2093.808,269
2093.912,256
2094.016,249
2094.12,245
2094.223,235
2094.327,223
2094.431,217
2094.535,201
2094.639,185
2094.743,165
2094.847,148
2094.951,145
2095.055,147
2095.159,150
2095.263,145
2095.366,137
2095.47,126
2095.574,113
2095.678,90
2095.782,75
2095.886,74
2095.99,71
2096.094,80
2096.198,80
2096.302,80
2096.406,80
2096.51,74
2096.614,73
2096.718,71
2096.822,67
2096.926,64
2097.029,73
2097.133,77
2097.237,80
2097.341,80
2097.445,76
2097.549,73
2097.653,69
2097.757,66
2097.861,58
2097.965,60
2098.069,61
2098.173,64
2098.277,72
2098.381,67
2098.485,64
2098.589,56
2098.693,52
2098.797,52
2098.901,58
2099.005,58
2099.109,58
2099.213,57
2099.317,54
2099.421,64
2099.525,54
2099.629,54
2099.733,51
2099.837,47
2099.941,52
2100.045,53
2100.15,58
2100.254,64
2100.358,62
2100.462,56
2100.566,53
2100.67,45
2100.774,45
2100.878,43
2100.982,40
2101.086,39
2101.19,37
2101.294,34
2101.398,30
2101.502,32
2101.606,22
2101.71,23
2101.814,25
2101.919,26
2102.023,30
2102.127,32
2102.231,37
2102.335,36
2102.439,33
2102.543,33
2102.647,30
2102.751,32
2102.855,34
2102.96,38
2103.064,37
2103.168,41
2103.272,53
2103.376,55
2103.48,56
2103.584,52
2103.688,49
2103.793,46
2103.897,46
2104.001,44
2104.105,39
2104.209,36
2104.313,33
2104.417,27
2104.522,21
2104.626,21
2104.73,21
2104.834,22
2104.938,25
2105.042,30
2105.146,37
2105.251,43
2105.355,50
2105.459,46
2105.563,41
2105.667,38
2105.772,25
2105.876,24
2105.98,27
2106.084,23
2106.188,23
2106.292,23
2106.397,20
2106.501,25
2106.605,30
2106.709,33
2106.813,33
2106.918,43
2107.022,42
2107.126,45
2107.23,51
2107.335,45
2107.439,45
2107.543,44
2107.647,41
2107.751,39
2107.856,42
2107.96,49
2108.064,58
2108.168,61
2108.273,66
2108.377,63
2108.481,60
2108.585,60
2108.69,59
2108.794,61
2108.898,63
2109.002,61
2109.107,56
2109.211,51
2109.315,45
2109.42,37
2109.524,27
2109.628,28
2109.732,26
2109.837,29
2109.941,31
2110.045,31
2110.15,27
2110.254,26
2110.358,21
2110.462,19
2110.567,21
2110.671,29
2110.775,34
2110.88,42
2110.984,52
2111.088,62
2111.193,61
2111.297,65
2111.401,68
2111.506,68
2111.61,71
2111.714,67
2111.819,60
2111.923,56
2112.027,52
2112.132,48
2112.236,40
2112.34,38
2112.445,35
2112.549,36
2112.653,37
2112.758,35
2112.862,40
2112.966,37
2113.071,34
2113.175,31
2113.279,30
2113.384,32
2113.488,31
2113.593,32
2113.697,31
2113.801,34
2113.906,39
2114.01,51
2114.115,51
2114.219,49
2114.323,46
2114.428,41
2114.532,41
2114.637,48
2114.741,57
2114.845,61
2114.95,67
2115.054,68
2115.159,68
2115.263,69
2115.367,68
2115.472,66
2115.576,64
2115.681,68
2115.785,73
2115.89,77
2115.994,84
2116.098,88
2116.203,86
2116.307,90
2116.412,94
2116.516,90
2116.621,81
2116.725,72
2116.83,63
2116.934,58
2117.039,62
2117.143,64
2117.248,65
2117.352,63
2117.456,62
2117.561,63
2117.665,63
2117.77,64
2117.874,61
2117.979,58
2118.083,56
2118.188,55
2118.292,47
2118.397,46
2118.501,46
2118.606,45
2118.71,45
2118.815,53
2118.919,61
2119.024,75
2119.128,73
2119.233,69
2119.337,64
2119.442,60
2119.547,62
2119.651,58
2119.756,52
2119.86,44
2119.965,41
2120.069,44
2120.174,47
2120.278,48
2120.383,47
2120.487,43
2120.592,41
2120.697,34
2120.801,28
2120.906,24
2121.01,20
2121.115,22
2121.219,22
2121.324,24
2121.429,27
2121.533,23
2121.638,23
2121.742,20
2121.847,14
2121.951,13
2122.056,15
2122.161,16
2122.265,15
2122.37,19
2122.474,21
2122.579,20
2122.684,21
2122.788,20
2122.893,15
2122.997,16
2123.102,20
2123.207,23
2123.311,27
2123.416,27
2123.521,27
2123.625,32
2123.73,31
2123.834,33
2123.939,34
2124.044,33
2124.148,30
2124.253,28
2124.358,31
2124.462,28
2124.567,22
2124.672,23
2124.776,18
2124.881,22
2124.986,26
2125.09,29
2125.195,30
2125.3,28
2125.404,33
2125.509,34
2125.614,43
2125.718,48
2125.823,63
2125.928,63
2126.032,64
2126.137,58
2126.242,43
2126.347,39
2126.451,36
2126.556,36
2126.661,28
2126.765,29
2126.87,34
2126.975,43
2127.08,45
2127.184,43
2127.289,44
2127.394,38
2127.498,35
2127.603,33
2127.708,31
2127.813,32
2127.917,34
2128.022,37
2128.127,38
2128.232,36
2128.336,36
2128.441,31
2128.546,27
2128.651,24
2128.755,22
2128.86,25
2128.965,25
2129.07,32
2129.174,29
2129.279,29
2129.384,29
2129.489,27
2129.594,28
2129.698,31
2129.803,35
2129.908,36
2130.013,49
2130.117,51
2130.222,56
2130.327,57
2130.432,49
2130.537,43
2130.641,36
2130.746,27
2130.851,22
2130.956,24
2131.061,26
2131.166,30
2131.27,25
2131.375,26
2131.48,29
2131.585,27
2131.69,28
2131.795,25
2131.899,22
2132.004,18
2132.109,20
2132.214,21
2132.319,20
2132.424,23
2132.528,35
2132.633,42
2132.738,48
2132.843,52
2132.948,52
2133.053,52
2133.158,49
2133.263,52
2133.367,48
2133.472,46
2133.577,42
2133.682,31
2133.787,20
2133.892,21
2133.997,23
2134.102,26
2134.206,34
2134.311,35
2134.416,33
2134.521,33
2134.626,35
2134.731,32
2134.836,31
2134.941,30
2135.046,28
2135.151,33
2135.256,34
2135.361,34
2135.465,34
2135.57,30
2135.675,28
2135.78,29
2135.885,29
2135.99,31
2136.095,35
2136.2,38
2136.305,39
2136.41,38
2136.515,34
2136.62,31
2136.725,29
2136.83,25
2136.935,22
2137.04,22
2137.145,19
2137.25,24
2137.355,31
2137.46,36
2137.565,35
2137.67,35
2137.775,35
2137.88,29
2137.985,26
2138.09,23
2138.195,22
2138.3,18
2138.405,17
2138.51,18
2138.615,20
2138.72,33
2138.825,45
2138.93,62
2139.035,82
2139.14,92
2139.245,103
2139.35,103
2139.455,103
2139.56,97
2139.665,89
2139.77,85
2139.875,81
2139.98,83
2140.085,81
2140.19,77
2140.295,75
2140.4,70
2140.505,63
2140.61,59
2140.715,55
2140.82,53
2140.925,52
2141.03,62
2141.136,66
2141.241,65
2141.346,66
2141.451,67
2141.556,69
2141.661,77
2141.766,83
2141.871,79
2141.976,76
2142.081,74
2142.186,68
2142.291,69
2142.397,72
2142.502,74
2142.607,69
2142.712,72
2142.817,74
2142.922,73
2143.027,81
2143.132,77
2143.237,71
2143.343,71
2143.448,69
2143.553,65
2143.658,58
2143.763,46
2143.868,36
2143.973,35
2144.079,29
2144.184,24
2144.289,22
2144.394,22
2144.499,24
2144.604,25
2144.709,27
2144.815,27
2144.92,26
2145.025,24
2145.13,24
2145.235,27
2145.34,29
2145.446,36
2145.551,32
2145.656,36
2145.761,44
2145.866,46
2145.972,55
2146.077,50
2146.182,47
2146.287,39
2146.392,38
2146.498,34
2146.603,33
2146.708,28
2146.813,18
2146.918,16
2147.024,12
2147.129,12
2147.234,7
2147.339,7
2147.445,4
2147.55,7
2147.655,6
2147.76,7
2147.865,10
2147.971,11
2148.076,16
2148.181,18
2148.286,22
2148.392,23
2148.497,26
2148.602,27
2148.708,30
2148.813,28
2148.918,29
2149.023,32
2149.129,31
2149.234,39
2149.339,39
2149.444,38
2149.55,35
2149.655,35
2149.76,31
2149.866,29
2149.971,31
2150.076,25
2150.181,30
2150.287,28
2150.392,24
2150.497,25
2150.603,23
2150.708,24
2150.813,25
2150.919,29
2151.024,29
2151.129,32
2151.235,38
2151.34,42
2151.445,47
2151.551,52
2151.656,61
2151.761,66
2151.867,65
2151.972,68
2152.077,66
2152.183,65
2152.288,65
2152.393,59
2152.499,56
2152.604,47
2152.709,36
2152.815,29
2152.92,26
2153.025,23
2153.131,21
2153.236,23
2153.342,27
2153.447,27
2153.552,38
2153.658,44
2153.763,51
2153.868,52
2153.974,48
2154.079,43
2154.185,41
2154.29,40
2154.395,40
2154.501,38
2154.606,38
2154.712,42
2154.817,37
2154.923,34
2155.028,33
2155.133,34
2155.239,38
2155.344,37
2155.45,36
2155.555,27
2155.66,26
2155.766,25
2155.871,27
2155.977,27
2156.082,25
2156.188,23
2156.293,23
2156.399,26
2156.504,23
2156.61,26
2156.715,23
2156.82,22
2156.926,24
2157.031,23
2157.137,23
2157.242,25
2157.348,20
2157.453,24
2157.559,31
2157.664,34
2157.77,37
2157.875,37
2157.981,34
2158.086,30
2158.192,25
2158.297,26
2158.403,25
2158.508,26
2158.614,25
2158.719,23
2158.825,20
2158.93,15
2159.036,15
2159.141,15
2159.247,20
2159.352,25
2159.458,29
2159.563,30
2159.669,30
2159.774,32
2159.88,34
2159.986,34
2160.091,32
2160.197,30
2160.302,29
2160.408,28
2160.513,29
2160.619,28
2160.724,24
2160.83,27
2160.936,33
2161.041,32
2161.147,32
2161.252,37
2161.358,43
2161.463,49
2161.569,61
2161.675,64
2161.78,61
2161.886,69
2161.991,78
2162.097,82
2162.203,88
2162.308,90
2162.414,90
2162.519,92
2162.625,97
2162.731,100
2162.836,111
2162.942,122
2163.047,134
2163.153,155
2163.259,173
2163.364,184
2163.47,195
2163.576,213
2163.681,214
2163.787,225
2163.892,236
2163.998,233
2164.104,245
2164.209,243
2164.315,239
2164.421,236
2164.526,222
2164.632,212
2164.738,202
2164.843,197
2164.949,185
2165.055,175
2165.16,165
2165.266,146
2165.372,128
2165.477,120
2165.583,109
2165.689,100
2165.794,96
2165.9,99
2166.006,102
2166.111,106
2166.217,105
2166.323,105
2166.429,104
2166.534,94
2166.64,88
2166.746,85
2166.851,82
2166.957,75
2167.063,66
2167.169,66
2167.274,63
2167.38,61
2167.486,61
2167.591,56
2167.697,48
2167.803,37
2167.909,33
2168.014,32
2168.12,32
2168.226,38
2168.332,43
2168.437,45
2168.543,49
2168.649,53
2168.755,50
2168.86,47
2168.966,40
2169.072,33
2169.178,28
2169.284,26
2169.389,24
2169.495,27
2169.601,35
2169.707,38
2169.812,39
2169.918,44
2170.024,45
2170.13,40
2170.236,33
2170.341,24
2170.447,19
2170.553,18
2170.659,22
2170.765,28
2170.87,35
2170.976,36
2171.082,39
2171.188,40
2171.294,39
2171.4,41
2171.505,38
2171.611,29
2171.717,24
2171.823,23
2171.929,24
2172.035,25
2172.14,28
2172.246,31
2172.352,35
2172.458,39
2172.564,39
2172.67,41
2172.776,43
2172.881,44
2172.987,47
2173.093,47
2173.199,50
2173.305,49
2173.411,53
2173.517,53
2173.622,53
2173.728,48
2173.834,34
2173.94,35
2174.046,37
2174.152,42
2174.258,52
2174.364,53
2174.47,54
2174.576,51
2174.681,61
2174.787,58
2174.893,57
2174.999,59
2175.105,48
2175.211,43
2175.317,35
2175.423,28
2175.529,24
2175.635,24
2175.741,23
2175.847,18
2175.953,21
2176.058,20
2176.164,19
2176.27,21
2176.376,21
2176.482,21
2176.588,20
2176.694,22
2176.8,21
2176.906,21
2177.012,25
2177.118,28
2177.224,32
2177.33,35
2177.436,38
2177.542,42
2177.648,41
2177.754,43
2177.86,47
2177.966,41
2178.072,47
2178.178,44
2178.284,42
2178.39,38
2178.496,40
2178.602,45
2178.708,47
2178.814,59
2178.92,67
2179.026,68
2179.132,65
2179.238,67
2179.344,60
2179.45,57
2179.556,59
2179.662,55
2179.768,51
2179.874,54
2179.98,50
2180.086,44
2180.192,47
2180.298,44
2180.404,40
2180.51,32
2180.616,28
2180.723,20
2180.829,15
2180.935,17
2181.041,13
2181.147,14
2181.253,16
2181.359,15
2181.465,15
2181.571,15
2181.677,13
2181.783,18
2181.889,24
2181.995,27
2182.102,33
2182.208,31
2182.314,33
2182.42,32
2182.526,29
2182.632,27
2182.738,27
2182.844,28
2182.95,29
2183.056,33
2183.163,33
2183.269,35
2183.375,33
2183.481,34
2183.587,36
2183.693,30
2183.799,28
2183.905,24
2184.012,23
2184.118,23
2184.224,25
2184.33,25
2184.436,24
2184.542,27
2184.649,33
2184.755,36
2184.861,38
2184.967,35
2185.073,31
2185.179,31
2185.285,31
2185.392,30
2185.498,26
2185.604,26
2185.71,21
2185.816,19
2185.923,15
2186.029,13
2186.135,17
2186.241,16
2186.347,18
2186.454,18
2186.56,16
2186.666,16
2186.772,15
2186.878,17
2186.985,19
2187.091,22
2187.197,27
2187.303,32
2187.409,33
2187.516,39
2187.622,42
2187.728,40
2187.834,44
2187.941,39
2188.047,36
2188.153,40
2188.259,42
2188.366,41
2188.472,35
2188.578,31
2188.684,28
2188.791,32
2188.897,33
2189.003,36
2189.109,32
2189.216,30
2189.322,32
2189.428,27
2189.534,25
2189.641,25
2189.747,27
2189.853,38
2189.96,40
2190.066,45
2190.172,52
2190.279,59
2190.385,69
2190.491,66
2190.597,61
2190.704,59
2190.81,45
2190.916,39
2191.023,31
2191.129,24
2191.235,22
2191.342,22
2191.448,25
2191.554,25
2191.661,31
2191.767,38
2191.873,44
2191.98,51
2192.086,49
2192.192,47
2192.299,47
2192.405,44
2192.511,37
2192.618,33
2192.724,29
2192.83,27
2192.937,25
2193.043,28
2193.149,32
2193.256,28
2193.362,29
2193.469,28
2193.575,23
2193.681,19
2193.788,19
2193.894,20
2194,24
2194.107,28
2194.213,26
2194.32,27
2194.426,27
2194.532,30
2194.639,32
2194.745,33
2194.852,33
2194.958,32
2195.064,31
2195.171,30
2195.277,26
2195.384,25
2195.49,28
2195.597,33
2195.703,38
2195.809,38
2195.916,36
2196.022,33
2196.129,29
2196.235,32
2196.342,34
2196.448,35
2196.555,39
2196.661,35
2196.767,30
2196.874,28
2196.98,24
2197.087,26
2197.193,20
2197.3,24
2197.406,29
2197.513,33
2197.619,43
2197.726,43
2197.832,44
2197.939,40
2198.045,30
2198.152,25
2198.258,20
2198.365,18
2198.471,18
2198.578,18
2198.684,18
2198.791,18
2198.897,13
2199.004,14
2199.11,19
2199.217,25
2199.323,30
2199.43,33
2199.536,34
2199.643,39
2199.749,39
2199.856,41
2199.962,43
2200.069,44
2200.175,41
2200.282,38
2200.389,34
2200.495,31
2200.602,26
2200.708,24
2200.815,23
2200.921,20
2201.028,18
2201.134,22
2201.241,25
2201.348,26
2201.454,30
2201.561,33
2201.667,36
2201.774,42
2201.88,41
2201.987,36
2202.094,33
2202.2,31
2202.307,31
2202.413,34
2202.52,32
2202.627,26
2202.733,32
2202.84,33
2202.946,36
2203.053,43
2203.16,37
2203.266,36
2203.373,39
2203.479,33
2203.586,32
2203.693,30
2203.799,28
2203.906,24
2204.013,36
2204.119,36
2204.226,38
2204.333,36
2204.439,34
2204.546,37
2204.652,41
2204.759,38
2204.866,34
2204.972,31
2205.079,27
2205.186,30
2205.292,18
2205.399,18
2205.506,17
2205.612,17
2205.719,22
2205.826,23
2205.932,23
2206.039,20
2206.146,17
2206.253,19
2206.359,20
2206.466,20
2206.573,21
2206.679,21
2206.786,21
2206.893,25
2206.999,27
2207.106,29
2207.213,31
2207.32,29
2207.426,25
2207.533,26
2207.64,27
2207.746,33
2207.853,29
2207.96,22
2208.067,18
2208.173,17
2208.28,20
2208.387,22
2208.494,27
2208.6,25
2208.707,28
2208.814,29
2208.921,29
2209.027,31
2209.134,33
2209.241,34
2209.348,34
2209.454,29
2209.561,33
2209.668,33
2209.775,32
2209.882,34
2209.988,27
2210.095,29
2210.202,32
2210.309,32
2210.415,28
2210.522,29
2210.629,30
2210.736,31
2210.843,38
2210.95,39
2211.056,38
2211.163,41
2211.27,40
2211.377,42
2211.484,46
2211.59,50
2211.697,46
2211.804,45
2211.911,43
2212.018,43
2212.125,39
2212.231,44
2212.338,44
2212.445,46
2212.552,53
2212.659,58
2212.766,60
2212.872,52
2212.979,51
2213.086,44
2213.193,37
2213.3,32
2213.407,29
2213.514,27
2213.62,23
2213.727,19
2213.834,13
2213.941,18
2214.048,22
2214.155,32
2214.262,38
2214.369,43
2214.476,51
2214.582,60
2214.689,67
2214.796,71
2214.903,76
2215.01,58
2215.117,49
2215.224,43
2215.331,38
2215.438,35
2215.545,30
2215.652,24
2215.758,17
2215.865,17
2215.972,18
2216.079,19
2216.186,22
2216.293,24
2216.4,22
2216.507,20
2216.614,17
2216.721,13
2216.828,17
2216.935,17
2217.042,15
2217.149,18
2217.256,17
2217.363,20
2217.47,21
2217.577,19
2217.684,21
2217.791,20
2217.898,23
2218.005,19
2218.111,21
2218.218,20
2218.325,18
2218.432,18
2218.539,16
2218.646,24
2218.753,33
2218.86,38
2218.967,45
2219.074,44
2219.181,44
2219.288,49
2219.395,44
2219.502,44
2219.61,42
2219.717,41
2219.824,34
2219.931,32
2220.038,28
2220.145,24
2220.252,18
2220.359,15
2220.466,12
2220.573,6
2220.68,8
2220.787,13
2220.894,18
2221.001,24
2221.108,30
2221.215,32
2221.322,36
2221.429,39
2221.536,39
2221.643,42
2221.75,45
2221.858,43
2221.965,41
2222.072,40
2222.179,36
2222.286,31
2222.393,28
2222.5,29
2222.607,25
2222.714,25
2222.821,19
2222.928,15
2223.036,15
2223.143,19
2223.25,17
2223.357,16
2223.464,18
2223.571,18
2223.678,25
2223.785,25
2223.892,26
2224,23
2224.107,21
2224.214,20
2224.321,18
2224.428,19
2224.535,17
2224.642,20
2224.75,21
2224.857,28
2224.964,31
2225.071,28
2225.178,23
2225.285,21
2225.392,18
2225.5,16
2225.607,16
2225.714,13
2225.821,17
2225.928,18
2226.035,22
2226.143,22
2226.25,25
2226.357,24
2226.464,22
2226.571,24
2226.679,24
2226.786,26
2226.893,31
2227,34
2227.107,31
2227.215,31
2227.322,31
2227.429,33
2227.536,29
2227.643,32
2227.751,32
2227.858,32
2227.965,39
2228.072,40
2228.18,36
2228.287,34
2228.394,38
2228.501,36
2228.609,36
2228.716,34
2228.823,34
2228.93,34
2229.038,37
2229.145,36
2229.252,37
2229.359,35
2229.467,30
2229.574,28
2229.681,19
2229.788,16
2229.896,13
2230.003,9
2230.11,9
2230.217,7
2230.325,3
2230.432,3
2230.539,5
2230.647,8
2230.754,11
2230.861,14
2230.968,18
2231.076,18
2231.183,24
2231.29,23
2231.398,23
2231.505,22
2231.612,20
2231.72,17
2231.827,13
2231.934,11
2232.042,10
2232.149,11
2232.256,19
2232.364,20
2232.471,20
2232.578,22
2232.686,24
2232.793,19
2232.9,17
2233.008,21
2233.115,14
2233.222,12
2233.33,10
2233.437,12
2233.544,16
2233.652,20
2233.759,23
2233.867,28
2233.974,37
2234.081,42
2234.189,48
2234.296,59
2234.403,75
2234.511,87
2234.618,101
2234.726,108
2234.833,115
2234.94,124
2235.048,133
2235.155,142
2235.263,150
2235.37,141
2235.477,133
2235.585,128
2235.692,119
2235.8,121
2235.907,121
2236.014,122
2236.122,134
2236.229,139
2236.337,145
2236.444,147
2236.552,145
2236.659,134
2236.767,119
2236.874,106
2236.981,93
2237.089,101
2237.196,103
2237.304,114
2237.411,113
2237.519,104
2237.626,101
2237.734,86
2237.841,78
2237.949,77
2238.056,77
2238.163,73
2238.271,75
2238.378,74
2238.486,76
2238.593,86
2238.701,87
2238.808,87
2238.916,81
2239.023,82
2239.131,64
2239.238,58
2239.346,56
2239.453,50
2239.561,50
2239.668,46
2239.776,47
2239.883,41
2239.991,40
2240.098,39
2240.206,37
2240.314,40
2240.421,53
2240.529,59
2240.636,67
2240.744,76
2240.851,79
2240.959,74
2241.066,64
2241.174,52
2241.281,40
2241.389,36
2241.497,34
2241.604,37
2241.712,44
2241.819,46
2241.927,50
2242.034,52
2242.142,45
2242.249,45
2242.357,43
2242.465,41
2242.572,38
2242.68,37
2242.787,34
2242.895,32
2243.003,41
2243.11,39
2243.218,39
2243.325,34
2243.433,28
2243.541,31
2243.648,32
2243.756,35
2243.863,44
2243.971,46
2244.079,44
2244.186,40
2244.294,37
2244.402,34
2244.509,31
2244.617,35
2244.724,33
2244.832,37
2244.94,39
2245.047,46
2245.155,47
2245.263,53
2245.37,57
2245.478,51
2245.586,48
2245.693,44
2245.801,42
2245.909,39
2246.016,36
2246.124,34
2246.232,32
2246.339,33
2246.447,31
2246.555,30
2246.662,34
2246.77,26
2246.878,25
2246.985,25
2247.093,24
2247.201,25
2247.308,31
2247.416,32
2247.524,30
2247.632,32
2247.739,34
2247.847,34
2247.955,31
2248.062,34
2248.17,36
2248.278,39
2248.386,39
2248.493,40
2248.601,37
2248.709,32
2248.817,28
2248.924,22
2249.032,18
2249.14,19
2249.248,22
2249.355,18
2249.463,20
2249.571,22
2249.679,28
2249.786,31
2249.894,34
2250.002,38
2250.11,41
2250.217,50
2250.325,62
2250.433,63
2250.541,65
2250.648,64
2250.756,60
2250.864,55
2250.972,53
2251.08,52
2251.187,45
2251.295,50
2251.403,58
2251.511,55
2251.619,53
2251.726,46
2251.834,35
2251.942,33
2252.05,29
2252.158,30
2252.265,26
2252.373,22
2252.481,20
2252.589,16
2252.697,15
2252.805,13
2252.912,6
2253.02,6
2253.128,8
2253.236,8
2253.344,7
2253.452,7
2253.56,5
2253.667,7
2253.775,10
2253.883,16
2253.991,27
2254.099,32
2254.207,34
2254.315,35
2254.422,30
2254.53,31
2254.638,34
2254.746,34
2254.854,30
2254.962,36
2255.07,37
2255.178,35
2255.286,35
2255.393,29
2255.501,29
2255.609,34
2255.717,31
2255.825,34
2255.933,30
2256.041,28
2256.149,28
2256.257,29
2256.365,28
2256.473,29
2256.58,31
2256.688,33
2256.796,43
2256.904,47
2257.012,52
2257.12,62
2257.228,68
2257.336,63
2257.444,58
2257.552,46
2257.66,36
2257.768,33
2257.876,31
2257.984,34
2258.092,32
2258.2,36
2258.308,39
2258.416,44
2258.524,53
2258.632,51
2258.74,48
2258.848,41
2258.955,35
2259.063,37
2259.171,42
2259.279,44
2259.387,47
2259.495,54
2259.603,63
2259.711,75
2259.819,77
2259.927,70
2260.035,60
2260.143,62
2260.252,55
2260.36,59
2260.468,62
2260.576,61
2260.684,60
2260.792,54
2260.9,47
2261.008,36
2261.116,32
2261.224,32
2261.332,28
2261.44,32
2261.548,36
2261.656,33
2261.764,31
2261.872,34
2261.98,37
2262.088,43
2262.196,50
2262.304,51
2262.412,42
2262.52,42
2262.629,36
2262.737,37
2262.845,38
2262.953,39
2263.061,41
2263.169,40
2263.277,48
2263.385,47
2263.493,45
2263.601,43
2263.709,44
2263.817,41
2263.926,40
2264.034,36
2264.142,27
2264.25,26
2264.358,23
2264.466,18
2264.574,14
2264.682,14
2264.791,12
2264.899,9
2265.007,7
2265.115,7
2265.223,11
2265.331,10
2265.439,9
2265.547,10
2265.656,13
2265.764,14
2265.872,16
2265.98,22
2266.088,27
2266.196,33
2266.305,41
2266.413,37
2266.521,34
2266.629,33
2266.737,26
2266.845,25
2266.954,28
2267.062,26
2267.17,24
2267.278,21
2267.386,19
2267.495,15
2267.603,12
2267.711,11
2267.819,10
2267.927,6
2268.036,6
2268.144,8
2268.252,10
2268.36,16
2268.468,21
2268.577,21
2268.685,24
2268.793,25
2268.901,26
2269.01,25
2269.118,28
2269.226,26
2269.334,25
2269.442,26
2269.551,31
2269.659,29
2269.767,27
2269.875,25
2269.984,21
2270.092,24
2270.2,22
2270.308,20
2270.417,16
2270.525,15
2270.633,10
2270.742,10
2270.85,9
2270.958,8
2271.066,12
2271.175,11
2271.283,10
2271.391,11
2271.499,11
2271.608,13
2271.716,16
2271.824,24
2271.933,30
2272.041,36
2272.149,44
2272.258,49
2272.366,52
2272.474,47
2272.583,41
2272.691,45
2272.799,43
2272.908,44
2273.016,42
2273.124,35
2273.232,31
2273.341,30
2273.449,32
2273.558,26
2273.666,23
2273.774,25
2273.883,24
2273.991,29
2274.099,29
2274.208,26
2274.316,25
2274.424,22
2274.533,18
2274.641,18
2274.749,21
2274.858,20
2274.966,16
2275.075,21
2275.183,23
2275.291,28
2275.4,28
2275.508,26
2275.616,26
2275.725,26
2275.833,27
2275.942,25
2276.05,23
2276.158,18
2276.267,15
2276.375,18
2276.484,19
2276.592,21
2276.7,27
2276.809,28
2276.917,30
2277.026,33
2277.134,37
2277.243,37
2277.351,34
2277.459,34
2277.568,29
2277.676,31
2277.785,34
2277.893,35
2278.002,40
2278.11,42
2278.219,48
2278.327,57
2278.436,61
2278.544,61
2278.652,62
2278.761,62
2278.869,55
2278.978,51
2279.086,48
2279.195,41
2279.303,38
2279.412,41
2279.52,40
2279.629,39
2279.737,32
2279.846,29
2279.954,27
2280.063,24
2280.171,27
2280.28,23
2280.388,18
2280.497,16
2280.605,12
2280.714,11
2280.822,11
2280.931,13
2281.039,23
2281.148,28
2281.256,36
2281.365,36
2281.473,43
2281.582,41
2281.69,36
2281.799,35
2281.908,26
2282.016,29
2282.125,28
2282.233,30
2282.342,28
2282.45,29
2282.559,29
2282.667,36
2282.776,44
2282.885,54
2282.993,65
2283.102,79
2283.21,84
2283.319,83
2283.427,86
2283.536,86
2283.645,79
2283.753,68
2283.862,56
2283.97,46
2284.079,43
2284.188,39
2284.296,37
2284.405,39
2284.513,33
2284.622,33
2284.731,36
2284.839,30
2284.948,33
2285.056,34
2285.165,34
2285.274,36
2285.382,44
2285.491,42
2285.6,39
2285.708,39
2285.817,39
2285.926,45
2286.034,48
2286.143,49
2286.251,44
2286.36,38
2286.469,35
2286.577,34
2286.686,30
2286.795,28
2286.903,25
2287.012,24
2287.121,27
2287.229,32
2287.338,37
2287.447,41
2287.555,45
2287.664,42
2287.773,39
2287.881,34
2287.99,36
2288.099,34
2288.208,29
2288.316,24
2288.425,18
2288.534,21
2288.642,18
2288.751,23
2288.86,29
2288.969,43
2289.077,56
2289.186,58
2289.295,55
2289.403,48
2289.512,41
2289.621,40
2289.73,38
2289.838,38
2289.947,35
2290.056,34
2290.165,30
2290.273,38
2290.382,46
2290.491,57
2290.6,65
2290.708,59
2290.817,59
2290.926,55
2291.035,59
2291.143,62
2291.252,62
2291.361,59
2291.47,58
2291.578,55
2291.687,48
2291.796,48
2291.905,47
2292.014,46
2292.122,47
2292.231,48
2292.34,36
2292.449,34
2292.558,30
2292.666,22
2292.775,17
2292.884,16
2292.993,15
2293.102,17
2293.21,17
2293.319,18
2293.428,22
2293.537,29
2293.646,32
2293.755,36
2293.863,43
2293.972,40
2294.081,40
2294.19,37
2294.299,29
2294.408,28
2294.516,36
2294.625,42
2294.734,50
2294.843,53
2294.952,53
2295.061,48
2295.17,42
2295.278,37
2295.387,37
2295.496,38
2295.605,39
2295.714,33
2295.823,25
2295.932,23
2296.041,19
2296.149,23
2296.258,21
2296.367,24
2296.476,24
2296.585,27
2296.694,31
2296.803,31
2296.912,32
2297.021,32
2297.13,30
2297.238,28
2297.347,28
2297.456,26
2297.565,24
2297.674,25
2297.783,26
2297.892,25
2298.001,27
2298.11,28
2298.219,27
2298.328,28
2298.437,32
2298.546,32
2298.655,26
2298.764,29
2298.873,25
2298.981,23
2299.09,21
2299.199,22
2299.308,27
2299.417,33
2299.526,39
2299.635,43
2299.744,46
2299.853,45
2299.962,43
2300.071,37
2300.18,27
2300.289,26
2300.398,30
2300.507,28
2300.616,34
2300.725,37
2300.834,37
2300.943,43
2301.052,44
2301.161,40
2301.27,38
2301.379,32
2301.488,27
2301.597,30
2301.706,36
2301.815,35
2301.924,34
2302.033,35
2302.142,35
2302.251,44
2302.36,51
2302.469,51
2302.579,51
2302.688,39
2302.797,30
2302.906,26
2303.015,22
2303.124,23
2303.233,23
2303.342,24
2303.451,25
2303.56,25
2303.669,32
2303.778,30
2303.887,32
2303.996,27
2304.105,22
2304.215,24
2304.324,21
2304.433,25
2304.542,35
2304.651,39
2304.76,43
2304.869,43
2304.978,38
2305.087,34
2305.196,30
2305.305,30
2305.415,28
2305.524,27
2305.633,24
2305.742,22
2305.851,27
2305.96,30
2306.069,37
2306.178,40
2306.288,45
2306.397,54
2306.506,64
2306.615,73
2306.724,74
2306.833,70
2306.942,63
2307.052,65
2307.161,71
2307.27,78
2307.379,90
2307.488,102
2307.597,103
2307.707,105
2307.816,108
2307.925,108
2308.034,120
2308.143,128
2308.252,138
2308.362,144
2308.471,153
2308.58,150
2308.689,149
2308.798,137
2308.908,115
2309.017,113
2309.126,104
2309.235,101
2309.344,111
2309.454,96
2309.563,83
2309.672,69
2309.781,53
2309.89,51
2310,52
2310.109,49
2310.218,52
2310.327,57
2310.437,65
2310.546,68
2310.655,76
2310.764,78
2310.874,74
2310.983,76
2311.092,64
2311.201,57
2311.311,50
2311.42,46
2311.529,49
2311.638,46
2311.748,45
2311.857,46
2311.966,39
2312.075,41
2312.185,44
2312.294,47
2312.403,42
2312.513,49
2312.622,56
2312.731,51
2312.84,52
2312.95,52
2313.059,52
2313.168,47
2313.278,50
2313.387,41
2313.496,34
2313.606,34
2313.715,32
2313.824,31
2313.933,33
2314.043,34
2314.152,29
2314.261,31
2314.371,32
2314.48,31
2314.589,25
2314.699,24
2314.808,24
2314.917,29
2315.027,35
2315.136,35
2315.246,36
2315.355,29
2315.464,29
2315.574,27
2315.683,23
2315.792,19
2315.902,15
2316.011,15
2316.12,13
2316.23,18
2316.339,23
2316.449,25
2316.558,30
2316.667,38
2316.777,40
2316.886,44
2316.995,50
2317.105,48
2317.214,48
2317.324,45
2317.433,40
2317.542,35
2317.652,29
2317.761,31
2317.871,30
2317.98,36
2318.09,39
2318.199,46
2318.308,49
2318.418,58
2318.527,56
2318.637,53
2318.746,47
2318.856,37
2318.965,31
2319.074,29
2319.184,24
2319.293,18
2319.403,18
2319.512,17
2319.622,18
2319.731,21
2319.841,24
2319.95,27
2320.06,27
2320.169,25
2320.278,26
2320.388,30
2320.497,37
2320.607,45
2320.716,49
2320.826,48
2320.935,46
2321.045,43
2321.154,34
2321.264,31
2321.373,31
2321.483,34
2321.592,38
2321.702,35
2321.811,30
2321.921,30
2322.03,26
2322.14,26
2322.249,30
2322.359,33
2322.468,31
2322.578,31
2322.687,28
2322.797,26
2322.907,28
2323.016,26
2323.126,23
2323.235,19
2323.345,18
2323.454,23
2323.564,28
2323.673,35
2323.783,41
2323.892,42
2324.002,44
2324.112,47
2324.221,52
2324.331,47
2324.44,46
2324.55,39
2324.659,33
2324.769,35
2324.879,38
2324.988,42
2325.098,38
2325.207,42
2325.317,46
2325.427,54
2325.536,60
2325.646,63
2325.755,62
2325.865,60
2325.975,60
2326.084,57
2326.194,53
2326.303,47
2326.413,52
2326.523,56
2326.632,65
2326.742,71
2326.852,70
2326.961,66
2327.071,62
2327.18,60
2327.29,59
2327.4,63
2327.509,63
2327.619,60
2327.729,56
2327.838,55
2327.948,51
2328.058,46
2328.167,51
2328.277,53
2328.387,55
2328.496,49
2328.606,46
2328.716,44
2328.825,44
2328.935,55
2329.045,64
2329.154,71
2329.264,74
2329.374,69
2329.483,59
2329.593,52
2329.703,39
2329.813,30
2329.922,19
2330.032,17
2330.142,21
2330.251,30
2330.361,39
2330.471,44
2330.581,46
2330.69,52
2330.8,55
2330.91,58
2331.019,61
2331.129,56
2331.239,53
2331.349,51
2331.458,56
2331.568,55
2331.678,49
2331.788,49
2331.897,48
2332.007,49
2332.117,45
2332.227,40
2332.336,34
2332.446,34
2332.556,24
2332.666,25
2332.775,29
2332.885,27
2332.995,26
2333.105,27
2333.215,29
2333.324,30
2333.434,35
2333.544,39
2333.654,44
2333.764,47
2333.873,41
2333.983,41
2334.093,40
2334.203,43
2334.313,42
2334.422,38
2334.532,33
2334.642,28
2334.752,28
2334.862,32
2334.971,36
2335.081,33
2335.191,38
2335.301,33
2335.411,25
2335.521,23
2335.63,15
2335.74,15
2335.85,15
2335.96,18
2336.07,22
2336.18,25
2336.29,32
2336.399,34
2336.509,37
2336.619,36
2336.729,32
2336.839,29
2336.949,29
2337.059,33
2337.169,37
2337.278,37
2337.388,46
2337.498,43
2337.608,43
2337.718,38
2337.828,25
2337.938,26
2338.048,28
2338.158,35
2338.267,37
2338.377,43
2338.487,52
2338.597,51
2338.707,53
2338.817,53
2338.927,44
2339.037,49
2339.147,55
2339.257,55
2339.367,46
2339.477,37
2339.586,27
2339.696,22
2339.806,22
2339.916,23
2340.026,20
2340.136,21
2340.246,22
2340.356,22
2340.466,21
2340.576,22
2340.686,24
2340.796,26
2340.906,26
2341.016,25
2341.126,27
2341.236,28
2341.346,22
2341.456,23
2341.566,23
2341.676,29
2341.786,25
2341.896,23
2342.006,24
2342.116,20
2342.226,20
2342.336,21
2342.446,22
2342.556,16
2342.666,13
2342.776,16
2342.886,22
2342.996,26
2343.106,30
2343.216,30
2343.326,30
2343.436,30
2343.546,33
2343.656,32
2343.766,29
2343.876,27
2343.986,29
2344.096,34
2344.206,38
2344.316,46
2344.426,51
2344.536,47
2344.646,44
2344.756,31
2344.867,23
2344.977,23
2345.087,25
2345.197,24
2345.307,23
2345.417,23
2345.527,21
2345.637,23
2345.747,22
2345.857,25
2345.967,24
2346.077,26
2346.187,30
2346.298,29
2346.408,30
2346.518,31
2346.628,32
2346.738,32
2346.848,32
2346.958,28
2347.068,27
2347.178,28
2347.289,30
2347.399,31
2347.509,26
2347.619,22
2347.729,17
2347.839,13
2347.949,15
2348.059,19
2348.17,25
2348.28,29
2348.39,34
2348.5,35
2348.61,33
2348.72,37
2348.831,34
2348.941,37
2349.051,34
2349.161,33
2349.271,35
2349.381,29
2349.492,29
2349.602,27
2349.712,17
2349.822,21
2349.932,25
2350.042,25
2350.153,28
2350.263,31
2350.373,34
2350.483,40
2350.593,38
2350.704,36
2350.814,33
2350.924,34
2351.034,29
2351.144,27
2351.255,27
2351.365,23
2351.475,26
2351.585,27
2351.696,31
2351.806,28
2351.916,33
2352.026,32
2352.136,26
2352.247,25
2352.357,16
2352.467,16
2352.577,15
2352.688,16
2352.798,26
2352.908,28
2353.018,32
2353.129,31
2353.239,33
2353.349,27
2353.46,26
2353.57,27
2353.68,29
2353.79,34
2353.901,41
2354.011,46
2354.121,53
2354.231,53
2354.342,51
2354.452,49
2354.562,48
2354.673,48
2354.783,46
2354.893,50
2355.004,42
2355.114,39
2355.224,36
2355.334,34
2355.445,28
2355.555,28
2355.665,29
2355.776,33
2355.886,31
2355.996,37
2356.107,42
2356.217,41
2356.327,45
2356.438,48
2356.548,42
2356.658,40
2356.769,42
2356.879,42
2356.989,48
2357.1,48
2357.21,53
2357.321,47
2357.431,42
2357.541,34
2357.652,20
2357.762,20
2357.872,20
2357.983,21
2358.093,19
2358.204,20
2358.314,22
2358.424,24
2358.535,22
2358.645,21
2358.755,21
2358.866,19
2358.976,24
2359.087,25
2359.197,26
2359.307,26
2359.418,25
2359.528,26
2359.639,24
2359.749,23
2359.86,23
2359.97,24
2360.08,29
2360.191,31
2360.301,31
2360.412,30
2360.522,31
2360.633,32
2360.743,32
2360.853,34
2360.964,36
2361.074,31
2361.185,29
2361.295,28
2361.406,25
2361.516,21
2361.627,21
2361.737,21
2361.848,20
2361.958,20
2362.069,21
2362.179,22
2362.29,24
2362.4,22
2362.51,20
2362.621,18
2362.731,17
2362.842,17
2362.952,21
2363.063,25
2363.173,29
2363.284,36
2363.394,36
2363.505,32
2363.615,32
2363.726,31
2363.836,26
2363.947,22
2364.058,21
2364.168,17
2364.279,22
2364.389,23
2364.5,19
2364.61,21
2364.721,25
2364.831,29
2364.942,32
2365.052,35
2365.163,30
2365.273,28
2365.384,26
2365.495,23
2365.605,31
2365.716,31
2365.826,30
2365.937,34
2366.047,33
2366.158,37
2366.269,40
2366.379,44
2366.49,42
2366.6,44
2366.711,42
2366.821,46
2366.932,51
2367.043,44
2367.153,40
2367.264,36
2367.374,36
2367.485,36
2367.596,39
2367.706,37
2367.817,46
2367.927,48
2368.038,47
2368.149,45
2368.259,40
2368.37,43
2368.481,45
2368.591,52
2368.702,52
2368.812,46
2368.923,37
2369.034,34
2369.144,31
2369.255,30
2369.366,30
2369.476,29
2369.587,26
2369.698,29
2369.808,33
2369.919,33
2370.03,39
2370.14,38
2370.251,39
2370.362,34
2370.472,31
2370.583,32
2370.694,31
2370.804,35
2370.915,31
2371.026,28
2371.136,29
2371.247,27
2371.358,26
2371.469,27
2371.579,28
2371.69,31
2371.801,32
2371.911,32
2372.022,29
2372.133,28
2372.243,26
2372.354,30
2372.465,31
2372.576,35
2372.686,36
2372.797,34
2372.908,36
2373.019,36
2373.129,34
2373.24,33
2373.351,33
2373.462,27
2373.572,26
2373.683,26
2373.794,25
2373.905,29
2374.015,32
2374.126,29
2374.237,27
2374.348,23
2374.458,26
2374.569,27
2374.68,25
2374.791,23
2374.901,23
2375.012,21
2375.123,19
2375.234,17
2375.345,20
2375.455,28
2375.566,35
2375.677,43
2375.788,44
2375.899,43
2376.009,46
2376.12,46
2376.231,46
2376.342,40
2376.453,33
2376.563,29
2376.674,19
2376.785,19
2376.896,21
2377.007,17
2377.118,20
2377.228,18
2377.339,14
2377.45,15
2377.561,17
2377.672,21
2377.783,25
2377.894,28
2378.004,33
2378.115,35
2378.226,38
2378.337,37
2378.448,42
2378.559,47
2378.67,51
2378.78,69
2378.891,82
2379.002,82
2379.113,82
2379.224,76
2379.335,74
2379.446,74
2379.557,72
2379.668,75
2379.778,64
2379.889,63
2380,62
2380.111,61
2380.222,58
2380.333,59
2380.444,59
2380.555,57
2380.666,67
2380.777,74
2380.888,84
2380.998,93
2381.109,101
2381.22,103
2381.331,104
2381.442,104
2381.553,108
2381.664,115
2381.775,118
2381.886,114
2381.997,106
2382.108,99
2382.219,92
2382.33,90
2382.441,84
2382.552,76
2382.663,66
2382.774,60
2382.885,61
2382.996,67
2383.107,70
2383.218,79
2383.329,74
2383.439,66
2383.55,57
2383.661,44
2383.772,38
2383.883,34
2383.994,33
2384.105,30
2384.216,33
2384.327,35
2384.438,41
2384.549,45
2384.66,54
2384.771,62
2384.883,67
2384.994,62
2385.105,56
2385.216,49
2385.327,42
2385.438,47
2385.549,44
2385.66,40
2385.771,38
2385.882,34
2385.993,32
2386.104,32
2386.215,36
2386.326,38
2386.437,35
2386.548,40
2386.659,51
2386.77,55
2386.881,59
2386.992,61
2387.103,61
2387.215,57
2387.326,58
2387.437,51
2387.548,46
2387.659,38
2387.77,29
2387.881,26
2387.992,21
2388.103,16
2388.214,20
2388.325,23
2388.436,24
2388.548,29
2388.659,33
2388.77,32
2388.881,32
2388.992,30
2389.103,28
2389.214,25
2389.325,22
2389.437,17
2389.548,13
2389.659,15
2389.77,18
2389.881,20
2389.992,23
2390.103,25
2390.214,29
2390.326,28
2390.437,31
2390.548,31
2390.659,33
2390.77,37
2390.881,34
2390.993,30
2391.104,23
2391.215,24
2391.326,22
2391.437,26
2391.548,32
2391.66,36
2391.771,37
2391.882,47
2391.993,55
2392.104,61
2392.216,74
2392.327,71
2392.438,65
2392.549,58
2392.66,57
2392.772,58
2392.883,56
2392.994,59
2393.105,48
2393.216,46
2393.328,47
2393.439,46
2393.55,40
2393.661,32
2393.773,25
2393.884,23
2393.995,19
2394.106,20
2394.217,18
2394.329,20
2394.44,24
2394.551,24
2394.662,25
2394.774,21
2394.885,20
2394.996,19
2395.107,17
2395.219,17
2395.33,12
2395.441,12
2395.553,12
2395.664,13
2395.775,24
2395.886,36
2395.998,48
2396.109,65
2396.22,70
2396.332,65
2396.443,63
2396.554,49
2396.665,41
2396.777,41
2396.888,37
2396.999,31
2397.111,29
2397.222,29
2397.333,25
2397.445,22
2397.556,22
2397.667,23
2397.779,27
2397.89,28
2398.001,28
2398.113,27
2398.224,24
2398.335,27
2398.447,25
2398.558,22
2398.669,19
2398.781,18
2398.892,16
2399.003,21
2399.115,25
2399.226,30
2399.337,41
2399.449,39
2399.56,38
2399.671,34
2399.783,24
2399.894,24
2400.006,26
2400.117,25
2400.228,25
2400.34,26
2400.451,24
2400.563,23
2400.674,29
2400.785,31
2400.897,30
2401.008,29
2401.119,25
2401.231,24
2401.342,26
2401.454,26
2401.565,22
2401.677,21
2401.788,22
2401.899,19
2402.011,22
2402.122,21
2402.234,19
2402.345,17
2402.457,17
2402.568,20
2402.679,24
2402.791,29
2402.902,31
2403.014,31
2403.125,30
2403.237,30
2403.348,28
2403.46,29
2403.571,30
2403.683,33
2403.794,35
2403.905,34
2404.017,33
2404.128,31
2404.24,35
2404.351,41
2404.463,48
2404.574,58
2404.686,62
2404.797,64
2404.909,66
2405.02,59
2405.132,57
2405.243,51
2405.355,45
2405.466,43
2405.578,43
2405.689,44
2405.801,47
2405.912,45
2406.024,40
2406.135,38
2406.247,33
2406.358,32
2406.47,30
2406.582,32
2406.693,31
2406.805,31
2406.916,35
2407.028,37
2407.139,41
2407.251,45
2407.362,55
2407.474,56
2407.585,58
2407.697,55
2407.809,50
2407.92,42
2408.032,36
2408.143,30
2408.255,26
2408.366,25
2408.478,21
2408.59,21
2408.701,21
2408.813,21
2408.924,22
2409.036,25
2409.147,25
2409.259,25
2409.371,24
2409.482,27
2409.594,33
2409.706,32
2409.817,31
2409.929,28
2410.04,23
2410.152,22
2410.264,21
2410.375,21
2410.487,20
2410.598,22
2410.71,24
2410.822,22
2410.933,26
2411.045,25
2411.157,23
2411.268,26
2411.38,33
2411.492,38
2411.603,42
2411.715,43
2411.827,43
2411.938,39
2412.05,33
2412.162,27
2412.273,24
2412.385,22
2412.497,20
2412.608,24
2412.72,25
2412.832,27
2412.943,28
2413.055,24
2413.167,24
2413.278,23
2413.39,21
2413.502,23
2413.613,21
2413.725,20
2413.837,21
2413.949,19
2414.06,21
2414.172,23
2414.284,23
2414.395,26
2414.507,29
2414.619,32
2414.731,35
2414.842,36
2414.954,40
2415.066,36
2415.177,33
2415.289,29
2415.401,28
2415.513,24
2415.624,23
2415.736,23
2415.848,22
2415.96,24
2416.071,27
2416.183,29
2416.295,25
2416.407,22
2416.519,23
2416.63,19
2416.742,21
2416.854,21
2416.966,23
2417.077,26
2417.189,27
2417.301,28
2417.413,26
2417.525,23
2417.636,21
2417.748,22
2417.86,22
2417.972,22
2418.084,22
2418.195,23
2418.307,24
2418.419,29
2418.531,32
2418.643,33
2418.754,33
2418.866,34
2418.978,35
2419.09,35
2419.202,33
2419.314,29
2419.425,26
2419.537,23
2419.649,25
2419.761,26
2419.873,24
2419.985,26
2420.097,27
2420.208,24
2420.32,28
2420.432,26
2420.544,20
2420.656,18
2420.768,13
2420.88,13
2420.991,16
2421.103,19
2421.215,23
2421.327,26
2421.439,29
2421.551,32
2421.663,30
2421.775,29
2421.887,30
2421.998,35
2422.11,44
2422.222,47
2422.334,50
2422.446,49
2422.558,44
2422.67,42
2422.782,38
2422.894,32
2423.006,28
2423.118,26
2423.229,22
2423.341,13
2423.453,13
2423.565,11
2423.677,9
2423.789,11
2423.901,15
2424.013,15
2424.125,12
2424.237,8
2424.349,6
2424.461,5
2424.573,6
2424.685,9
2424.797,17
2424.909,19
2425.021,24
2425.133,25
2425.245,26
2425.357,24
2425.469,20
2425.581,18
2425.693,11
2425.805,10
2425.916,10
2426.028,8
2426.14,11
2426.252,14
2426.364,17
2426.476,22
2426.588,24
2426.701,27
2426.813,27
2426.925,30
2427.037,32
2427.149,36
2427.261,38
2427.373,42
2427.485,50
2427.597,54
2427.709,56
2427.821,52
2427.933,49
2428.045,45
2428.157,47
2428.269,49
2428.381,44
2428.493,44
2428.605,43
2428.717,44
2428.829,49
2428.941,45
2429.053,44
2429.165,37
2429.277,30
2429.39,28
2429.502,22
2429.614,23
2429.726,18
2429.838,18
2429.95,20
2430.062,19
2430.174,16
2430.286,16
2430.398,14
2430.51,17
2430.622,24
2430.735,28
2430.847,31
2430.959,33
2431.071,37
2431.183,40
2431.295,44
2431.407,42
2431.519,44
2431.632,40
2431.744,35
2431.856,30
2431.968,31
2432.08,30
2432.192,27
2432.304,25
2432.416,20
2432.529,19
2432.641,17
2432.753,16
2432.865,15
2432.977,14
2433.089,13
2433.202,12
2433.314,11
2433.426,15
2433.538,23
2433.65,29
2433.762,30
2433.875,34
2433.987,33
2434.099,33
2434.211,38
2434.323,34
2434.435,27
2434.548,21
2434.66,17
2434.772,19
2434.884,21
2434.996,24
2435.109,22
2435.221,22
2435.333,24
2435.445,28
2435.558,27
2435.67,30
2435.782,36
2435.894,40
2436.006,36
2436.119,34
2436.231,30
2436.343,34
2436.455,33
2436.568,32
2436.68,28
2436.792,22
2436.904,28
2437.017,36
2437.129,45
2437.241,57
2437.353,57
2437.466,58
2437.578,61
2437.69,55
2437.802,48
2437.915,42
2438.027,35
2438.139,29
2438.252,29
2438.364,33
2438.476,37
2438.588,44
2438.701,49
2438.813,52
2438.925,57
2439.038,57
2439.15,61
2439.262,61
2439.375,59
2439.487,57
2439.599,51
2439.711,50
2439.824,49
2439.936,46
2440.048,43
2440.161,35
2440.273,33
2440.385,32
2440.498,25
2440.61,24
2440.722,22
2440.835,22
2440.947,26
2441.059,30
2441.172,36
2441.284,32
2441.396,34
2441.509,29
2441.621,22
2441.734,21
2441.846,14
2441.958,13
2442.071,15
2442.183,19
2442.295,30
2442.408,34
2442.52,41
2442.633,41
2442.745,42
2442.857,41
2442.97,38
2443.082,40
2443.195,35
2443.307,33
2443.419,28
2443.532,26
2443.644,23
2443.757,22
2443.869,20
2443.981,23
2444.094,19
2444.206,18
2444.319,18
2444.431,18
2444.543,25
2444.656,28
2444.768,32
2444.881,35
2444.993,41
2445.106,40
2445.218,36
2445.331,36
2445.443,31
2445.555,32
2445.668,31
2445.78,31
2445.893,25
2446.005,29
2446.118,31
2446.23,32
2446.343,35
2446.455,33
2446.568,30
2446.68,27
2446.793,30
2446.905,29
2447.018,32
2447.13,34
2447.243,29
2447.355,30
2447.468,30
2447.58,28
2447.693,29
2447.805,38
2447.918,40
2448.03,43
2448.143,47
2448.255,44
2448.368,45
2448.48,46
2448.593,44
2448.705,41
2448.818,42
2448.93,44
2449.043,47
2449.155,49
2449.268,46
2449.38,40
2449.493,41
2449.606,41
2449.718,35
2449.831,32
2449.943,19
2450.056,17
2450.168,16
2450.281,17
2450.393,21
2450.506,30
2450.619,39
2450.731,46
2450.844,60
2450.956,62
2451.069,66
2451.181,67
2451.294,63
2451.407,67
2451.519,67
2451.632,70
2451.744,68
2451.857,72
2451.97,74
2452.082,81
2452.195,100
2452.307,103
2452.42,106
2452.533,105
2452.645,87
2452.758,78
2452.871,67
2452.983,55
2453.096,49
2453.208,51
2453.321,50
2453.434,57
2453.546,58
2453.659,60
2453.772,67
2453.884,65
2453.997,75
2454.11,83
2454.222,86
2454.335,93
2454.448,86
2454.56,76
2454.673,66
2454.786,66
2454.898,64
2455.011,70
2455.124,79
2455.236,73
2455.349,68
2455.462,67
2455.574,65
2455.687,63
2455.8,74
2455.912,70
2456.025,67
2456.138,71
2456.251,58
2456.363,54
2456.476,50
2456.589,48
2456.701,41
2456.814,37
2456.927,36
2457.04,31
2457.152,28
2457.265,27
2457.378,25
2457.49,22
2457.603,23
2457.716,29
2457.829,31
2457.941,32
2458.054,33
2458.167,31
2458.28,29
2458.392,29
2458.505,24
2458.618,24
2458.731,22
2458.843,18
2458.956,22
2459.069,28
2459.182,36
2459.295,43
2459.407,44
2459.52,40
2459.633,35
2459.746,25
2459.858,21
2459.971,24
2460.084,29
2460.197,31
2460.31,37
2460.422,37
2460.535,34
2460.648,33
2460.761,30
2460.874,27
2460.986,24
2461.099,19
2461.212,15
2461.325,15
2461.438,16
2461.551,13
2461.663,14
2461.776,17
2461.889,19
2462.002,23
2462.115,21
2462.228,21
2462.34,23
2462.453,30
2462.566,30
2462.679,31
2462.792,31
2462.905,25
2463.018,30
2463.13,32
2463.243,29
2463.356,26
2463.469,28
2463.582,24
2463.695,24
2463.808,26
2463.921,25
2464.033,24
2464.146,27
2464.259,24
2464.372,23
2464.485,20
2464.598,15
2464.711,10
2464.824,8
2464.937,8
2465.05,5
2465.162,5
2465.275,2
2465.388,3
2465.501,7
2465.614,11
2465.727,18
2465.84,18
2465.953,15
2466.066,14
2466.179,13
2466.292,14
2466.405,15
2466.518,18
2466.631,22
2466.744,22
2466.856,22
2466.969,25
2467.082,27
2467.195,25
2467.308,23
2467.421,24
2467.534,16
2467.647,16
2467.76,18
2467.873,12
2467.986,13
2468.099,13
2468.212,11
2468.325,14
2468.438,20
2468.551,25
2468.664,34
2468.777,34
2468.89,38
2469.003,33
2469.116,26
2469.229,22
2469.342,12
2469.455,11
2469.568,10
2469.681,11
2469.794,11
2469.907,12
2470.02,16
2470.133,14
2470.246,14
2470.359,14
2470.472,13
2470.585,16
2470.698,19
2470.811,18
2470.925,17
2471.038,17
2471.151,15
2471.264,19
2471.377,17
2471.49,21
2471.603,22
2471.716,19
2471.829,17
2471.942,18
2472.055,16
2472.168,15
2472.281,15
2472.394,8
2472.507,11
2472.621,10
2472.734,12
2472.847,12
2472.96,14
2473.073,15
2473.186,20
2473.299,19
2473.412,23
2473.525,26
2473.638,27
2473.752,35
2473.865,39
2473.978,38
2474.091,41
2474.204,40
2474.317,36
2474.43,36
2474.543,36
2474.657,32
2474.77,26
2474.883,23
2474.996,14
2475.109,15
2475.222,11
2475.335,12
2475.449,14
2475.562,16
2475.675,19
2475.788,23
2475.901,26
2476.014,33
2476.128,41
2476.241,41
2476.354,39
2476.467,40
2476.58,38
2476.693,35
2476.807,32
2476.92,30
2477.033,26
2477.146,26
2477.259,27
2477.373,26
2477.486,31
2477.599,31
2477.712,27
2477.825,25
2477.939,22
2478.052,21
2478.165,19
2478.278,15
2478.392,16
2478.505,17
2478.618,20
2478.731,20
2478.844,20
2478.958,22
2479.071,23
2479.184,25
2479.297,29
2479.411,29
2479.524,25
2479.637,27
2479.75,21
2479.864,23
2479.977,27
2480.09,25
2480.203,27
2480.317,25
2480.43,21
2480.543,19
2480.657,17
2480.77,18
2480.883,18
2480.996,21
2481.11,21
2481.223,23
2481.336,25
2481.449,28
2481.563,30
2481.676,28
2481.789,27
2481.903,24
2482.016,31
2482.129,31
2482.243,30
2482.356,32
2482.469,26
2482.583,25
2482.696,23
2482.809,18
2482.923,15
2483.036,17
2483.149,19
2483.263,18
2483.376,18
2483.489,18
2483.603,18
2483.716,18
2483.829,19
2483.943,20
2484.056,22
2484.169,19
2484.283,18
2484.396,17
2484.509,17
2484.623,18
2484.736,18
2484.85,18
2484.963,17
2485.076,20
2485.19,19
2485.303,20
2485.416,24
2485.53,23
2485.643,22
2485.757,20
2485.87,18
2485.983,14
2486.097,16
2486.21,17
2486.324,13
2486.437,15
2486.55,13
2486.664,11
2486.777,11
2486.891,12
2487.004,14
2487.118,19
2487.231,22
2487.344,28
2487.458,25
2487.571,22
2487.685,26
2487.798,24
2487.912,24
2488.025,26
2488.138,27
2488.252,24
2488.365,23
2488.479,17
2488.592,14
2488.706,16
2488.819,14
2488.933,18
2489.046,19
2489.16,18
2489.273,19
2489.387,16
2489.5,16
2489.614,13
2489.727,16
2489.841,11
2489.954,11
2490.068,12
2490.181,13
2490.295,14
2490.408,16
2490.522,17
2490.635,18
2490.749,18
2490.862,15
2490.976,19
2491.089,15
2491.203,20
2491.316,25
2491.43,22
2491.543,19
2491.657,19
2491.77,13
2491.884,14
2491.997,13
2492.111,11
2492.224,9
2492.338,7
2492.452,7
2492.565,8
2492.679,8
2492.792,7
2492.906,6
2493.019,8
2493.133,8
2493.246,12
2493.36,17
2493.474,17
2493.587,23
2493.701,26
2493.814,28
2493.928,34
2494.042,37
2494.155,31
2494.269,24
2494.382,16
2494.496,13
2494.609,12
2494.723,13
2494.837,14
2494.95,12
2495.064,16
2495.178,21
2495.291,22
2495.405,22
2495.518,24
2495.632,21
2495.746,23
2495.859,25
2495.973,32
2496.087,32
2496.2,32
2496.314,33
2496.427,29
2496.541,32
2496.655,28
2496.768,25
2496.882,17
2496.996,16
2497.109,20
2497.223,22
2497.337,24
2497.45,30
2497.564,28
2497.678,24
2497.791,22
2497.905,15
2498.019,16
2498.132,18
2498.246,21
2498.36,19
2498.473,26
2498.587,32
2498.701,32
2498.815,38
2498.928,37
2499.042,34
2499.156,32
2499.269,34
2499.383,33
2499.497,34
2499.61,32
2499.724,34
2499.838,32
2499.952,28
2500.065,25
