mz,abundance
498.018,6
498.069,4
498.119,7
498.169,9
498.219,11
498.269,17
498.32,16
498.37,16
498.42,16
498.47,15
498.52,12
498.571,12
498.621,16
498.671,15
498.721,15
498.771,18
498.822,17
498.872,15
498.922,17
498.972,15
499.023,19
499.073,23
499.123,24
499.173,24
499.223,19
499.274,21
499.324,16
499.374,17
499.424,16
499.475,13
499.525,15
499.575,13
499.626,16
499.676,14
499.726,10
499.776,11
499.827,6
499.877,17
499.927,22
499.977,28
500.028,31
500.078,24
500.128,22
500.179,15
500.229,12
500.279,11
500.329,15
500.38,17
500.43,19
500.48,17
500.531,16
500.581,20
500.631,21
500.682,20
500.732,21
500.782,19
500.833,22
500.883,25
500.933,23
500.984,20
501.034,17
501.084,18
501.135,18
501.185,17
501.235,16
501.286,10
501.336,8
501.386,11
501.437,14
501.487,21
501.537,22
501.588,20
501.638,16
501.689,10
501.739,10
501.789,12
501.84,14
501.89,14
501.94,25
501.991,33
502.041,35
502.092,41
502.142,41
502.192,44
502.243,41
502.293,36
502.344,26
502.394,21
502.444,17
502.495,16
502.545,14
502.596,12
502.646,15
502.696,17
502.747,21
502.797,24
502.848,26
502.898,25
502.949,21
502.999,22
503.049,24
503.1,31
503.15,30
503.201,30
503.251,23
503.302,15
503.352,14
503.403,9
503.453,11
503.503,11
503.554,12
503.604,15
503.655,16
503.705,16
503.756,17
503.806,19
503.857,22
503.907,26
503.958,33
504.008,34
504.059,32
504.109,31
504.16,26
504.21,25
504.261,25
504.311,19
504.362,16
504.412,15
504.463,13
504.513,17
504.564,18
504.614,16
504.665,16
504.715,11
504.766,11
504.816,15
504.867,20
504.917,29
504.968,35
505.018,33
505.069,36
505.12,34
505.17,32
505.221,30
505.271,30
505.322,26
505.372,28
505.423,23
505.473,14
505.524,15
505.575,13
505.625,13
505.676,19
505.726,22
505.777,22
505.827,23
505.878,18
505.929,18
505.979,24
506.03,31
506.08,32
506.131,32
506.182,29
506.232,25
506.283,20
506.333,18
506.384,15
506.435,8
506.485,9
506.536,11
506.586,11
506.637,13
506.688,13
506.738,14
506.789,15
506.839,18
506.89,23
506.941,21
506.991,20
507.042,19
507.093,20
507.143,18
507.194,23
507.245,21
507.295,17
507.346,16
507.397,15
507.447,15
507.498,18
507.549,19
507.599,15
507.65,15
507.701,13
507.751,14
507.802,15
507.853,18
507.903,18
507.954,15
508.005,17
508.055,16
508.106,18
508.157,19
508.207,17
508.258,17
508.309,21
508.36,25
508.41,25
508.461,23
508.512,17
508.562,13
508.613,13
508.664,17
508.715,17
508.765,14
508.816,17
508.867,17
508.917,17
508.968,17
509.019,16
509.07,15
509.12,14
509.171,14
509.222,15
509.273,11
509.323,11
509.374,12
509.425,9
509.476,13
509.526,13
509.577,13
509.628,14
509.679,17
509.73,21
509.78,25
509.831,27
509.882,26
509.933,25
509.983,20
510.034,18
510.085,17
510.136,13
510.187,11
510.237,11
510.288,6
510.339,10
510.39,14
510.441,12
510.491,15
510.542,15
510.593,20
510.644,23
510.695,22
510.746,21
510.796,15
510.847,16
510.898,22
510.949,20
511,19
511.051,25
511.101,21
511.152,20
511.203,24
511.254,18
511.305,18
511.356,22
511.406,19
511.457,18
511.508,16
511.559,16
511.61,15
511.661,13
511.712,15
511.763,19
511.813,18
511.864,18
511.915,17
511.966,14
512.017,14
512.068,22
512.119,24
512.17,22
512.221,19
512.271,12
512.322,9
512.373,8
512.424,6
512.475,4
512.526,5
512.577,5
512.628,9
512.679,10
512.73,12
512.781,13
512.831,11
512.882,14
512.933,11
512.984,10
513.035,13
513.086,13
513.137,14
513.188,15
513.239,11
513.29,12
513.341,10
513.392,11
513.443,12
513.494,14
513.545,16
513.596,16
513.647,19
513.698,13
513.749,15
513.8,16
513.851,17
513.902,17
513.953,15
514.004,16
514.055,13
514.106,17
514.157,17
514.208,14
514.259,17
514.31,15
514.361,16
514.412,15
514.463,12
514.514,12
514.565,10
514.616,11
514.667,13
514.718,11
514.769,14
514.82,12
514.871,11
514.922,18
514.973,15
515.024,22
515.075,29
515.126,29
515.177,30
515.228,26
515.279,23
515.33,24
515.381,25
515.432,22
515.483,15
515.534,14
515.585,15
515.637,19
515.688,20
515.739,20
515.79,23
515.841,19
515.892,18
515.943,15
515.994,13
516.045,14
516.096,15
516.147,16
516.198,15
516.25,15
516.301,17
516.352,19
516.403,16
516.454,16
516.505,13
516.556,13
516.607,12
516.658,12
516.71,13
516.761,11
516.812,16
516.863,20
516.914,19
516.965,20
517.016,19
517.067,18
517.119,19
517.17,21
517.221,19
517.272,16
517.323,15
517.374,15
517.426,15
517.477,18
517.528,18
517.579,18
517.63,19
517.681,14
517.733,11
517.784,11
517.835,15
517.886,27
517.937,26
517.988,24
518.04,21
518.091,13
518.142,11
518.193,13
518.244,12
518.296,14
518.347,20
518.398,19
518.449,18
518.5,19
518.552,17
518.603,19
518.654,24
518.705,20
518.757,19
518.808,16
518.859,14
518.91,14
518.961,17
519.013,19
519.064,20
519.115,20
519.166,19
519.218,22
519.269,18
519.32,19
519.371,23
519.423,19
519.474,16
519.525,13
519.576,8
519.628,9
519.679,10
519.73,10
519.782,13
519.833,8
519.884,12
519.935,14
519.987,15
520.038,17
520.089,18
520.141,14
520.192,12
520.243,14
520.294,11
520.346,13
520.397,14
520.448,15
520.5,14
520.551,16
520.602,18
520.654,20
520.705,25
520.756,30
520.808,36
520.859,34
520.91,34
520.962,32
521.013,25
521.064,21
521.116,22
521.167,22
521.218,29
521.27,30
521.321,28
521.372,26
521.424,21
521.475,24
521.526,20
521.578,18
521.629,12
521.681,11
521.732,14
521.783,18
521.835,21
521.886,22
521.937,22
521.989,18
522.04,15
522.092,15
522.143,15
522.194,17
522.246,18
522.297,17
522.349,18
522.4,16
522.451,15
522.503,15
522.554,11
522.606,11
522.657,12
522.709,12
522.76,12
522.811,13
522.863,10
522.914,8
522.966,11
523.017,14
523.069,17
523.12,18
523.171,17
523.223,17
523.274,17
523.326,19
523.377,19
523.429,16
523.48,12
523.532,11
523.583,10
523.635,11
523.686,13
523.737,14
523.789,17
523.84,18
523.892,20
523.943,18
523.995,20
524.046,21
524.098,29
524.149,29
524.201,27
524.252,26
524.304,17
524.355,18
524.407,22
524.458,21
524.51,20
524.561,22
524.613,18
524.664,18
524.716,16
524.767,18
524.819,19
524.87,25
524.922,28
524.974,27
525.025,31
525.077,26
525.128,24
525.18,26
525.231,25
525.283,26
525.334,25
525.386,23
525.437,23
525.489,22
525.541,17
525.592,18
525.644,13
525.695,14
525.747,10
525.798,12
525.85,12
525.902,14
525.953,17
526.005,13
526.056,16
526.108,19
526.16,17
526.211,16
526.263,17
526.314,11
526.366,12
526.418,11
526.469,11
526.521,10
526.572,10
526.624,14
526.676,10
526.727,13
526.779,12
526.83,9
526.882,10
526.934,12
526.985,15
527.037,19
527.089,26
527.14,27
527.192,24
527.244,22
527.295,21
527.347,17
527.398,18
527.45,23
527.502,14
527.553,14
527.605,16
527.657,8
527.708,7
527.76,7
527.812,5
527.863,10
527.915,9
527.967,9
528.019,10
528.07,8
528.122,9
528.174,9
528.225,8
528.277,9
528.329,11
528.38,13
528.432,15
528.484,13
528.535,13
528.587,12
528.639,11
528.691,11
528.742,11
528.794,9
528.846,8
528.898,9
528.949,9
529.001,13
529.053,19
529.104,23
529.156,24
529.208,22
529.26,18
529.311,18
529.363,24
529.415,23
529.467,28
529.518,25
529.57,17
529.622,18
529.674,14
529.726,15
529.777,16
529.829,22
529.881,20
529.933,17
529.984,17
530.036,13
530.088,14
530.14,15
530.192,16
530.243,16
530.295,13
530.347,15
530.399,14
530.451,10
530.502,10
530.554,14
530.606,14
530.658,17
530.71,15
530.761,13
530.813,13
530.865,12
530.917,11
530.969,6
531.021,7
531.072,8
531.124,13
531.176,16
531.228,18
531.28,20
531.332,17
531.383,16
531.435,16
531.487,17
531.539,19
531.591,19
531.643,16
531.695,15
531.746,13
531.798,13
531.85,13
531.902,22
531.954,21
532.006,19
532.058,19
532.11,11
532.161,16
532.213,19
532.265,19
532.317,19
532.369,23
532.421,26
532.473,22
532.525,18
532.577,13
532.629,10
532.68,12
532.732,14
532.784,15
532.836,14
532.888,13
532.94,16
532.992,13
533.044,9
533.096,11
533.148,8
533.2,14
533.252,23
533.304,22
533.356,22
533.408,17
533.459,16
533.511,15
533.563,14
533.615,15
533.667,14
533.719,16
533.771,21
533.823,24
533.875,17
533.927,18
533.979,14
534.031,11
534.083,11
534.135,16
534.187,14
534.239,16
534.291,17
534.343,12
534.395,12
534.447,11
534.499,13
534.551,11
534.603,9
534.655,9
534.707,12
534.759,13
534.811,12
534.863,14
534.915,10
534.967,11
535.019,13
535.071,15
535.123,15
535.175,18
535.227,16
535.279,12
535.331,10
535.383,6
535.436,7
535.488,10
535.54,10
535.592,11
535.644,10
535.696,11
535.748,12
535.8,10
535.852,9
535.904,10
535.956,11
536.008,10
536.06,12
536.112,9
536.164,8
536.217,10
536.269,10
536.321,10
536.373,11
536.425,11
536.477,10
536.529,10
536.581,13
536.633,11
536.685,11
536.738,17
536.79,17
536.842,17
536.894,19
536.946,18
536.998,16
537.05,16
537.102,13
537.155,13
537.207,11
537.259,13
537.311,16
537.363,16
537.415,14
537.467,13
537.52,9
537.572,9
537.624,14
537.676,11
537.728,12
537.78,10
537.833,10
537.885,12
537.937,12
537.989,14
538.041,14
538.093,17
538.146,21
538.198,20
538.25,20
538.302,18
538.354,13
538.407,15
538.459,12
538.511,16
538.563,18
538.615,17
538.668,17
538.72,12
538.772,11
538.824,11
538.876,15
538.929,15
538.981,16
539.033,17
539.085,11
539.137,12
539.19,10
539.242,8
539.294,8
539.346,7
539.399,10
539.451,10
539.503,13
539.555,12
539.608,10
539.66,9
539.712,10
539.764,12
539.817,14
539.869,16
539.921,14
539.974,12
540.026,10
540.078,9
540.13,10
540.183,14
540.235,17
540.287,11
540.339,10
540.392,8
540.444,8
540.496,12
540.549,13
540.601,15
540.653,13
540.706,12
540.758,12
540.81,10
540.863,13
540.915,14
540.967,16
541.019,16
541.072,13
541.124,13
541.176,14
541.229,15
541.281,16
541.333,15
541.386,13
541.438,13
541.49,15
541.543,18
541.595,18
541.648,21
541.7,17
541.752,16
541.805,12
541.857,12
541.909,13
541.962,13
542.014,15
542.066,10
542.119,9
542.171,5
542.224,8
542.276,8
542.328,14
542.381,14
542.433,11
542.485,11
542.538,5
542.59,6
542.643,7
542.695,12
542.747,16
542.8,18
542.852,18
542.905,15
542.957,13
543.01,10
543.062,14
543.114,13
543.167,14
543.219,15
543.272,15
543.324,14
543.377,14
543.429,12
543.481,8
543.534,11
543.586,12
543.639,13
543.691,13
543.744,14
543.796,12
543.849,10
543.901,10
543.954,8
544.006,8
544.058,8
544.111,7
544.163,5
544.216,4
544.268,3
544.321,2
544.373,3
544.426,7
544.478,8
544.531,10
544.583,11
544.636,8
544.688,10
544.741,10
544.793,11
544.846,12
544.898,10
544.951,9
545.003,9
545.056,8
545.108,12
545.161,12
545.213,11
545.266,11
545.318,11
545.371,14
545.424,13
545.476,16
545.529,16
545.581,16
545.634,17
545.686,14
545.739,13
545.791,12
545.844,10
545.896,11
545.949,13
546.002,13
546.054,14
546.107,12
546.159,8
546.212,4
546.264,3
546.317,4
546.37,4
546.422,6
546.475,6
546.527,5
546.58,6
546.633,6
546.685,6
546.738,7
546.79,8
546.843,10
546.896,12
546.948,11
547.001,14
547.053,18
547.106,20
547.159,28
547.211,29
547.264,31
547.317,29
547.369,23
547.422,22
547.474,18
547.527,16
547.58,17
547.632,23
547.685,26
547.738,23
547.79,20
547.843,15
547.896,19
547.948,26
548.001,29
548.054,26
548.106,23
548.159,19
548.212,19
548.264,23
548.317,22
548.37,22
548.422,16
548.475,15
548.528,14
548.58,12
548.633,16
548.686,12
548.738,12
548.791,13
548.844,10
548.897,7
548.949,10
549.002,13
549.055,14
549.107,19
549.16,20
549.213,23
549.266,27
549.318,26
549.371,22
549.424,20
549.476,18
549.529,17
549.582,17
549.635,14
549.687,11
549.74,5
549.793,11
549.846,9
549.898,11
549.951,12
550.004,9
550.057,13
550.109,13
550.162,17
550.215,16
550.268,15
550.321,17
550.373,16
550.426,15
550.479,15
550.532,12
550.584,9
550.637,8
550.69,7
550.743,7
550.796,8
550.848,10
550.901,9
550.954,9
551.007,11
551.06,15
551.112,18
551.165,23
551.218,27
551.271,24
551.324,24
551.377,20
551.429,20
551.482,21
551.535,22
551.588,19
551.641,15
551.694,13
551.746,7
551.799,6
551.852,4
551.905,6
551.958,7
552.011,10
552.063,14
552.116,15
552.169,18
552.222,18
552.275,15
552.328,16
552.381,16
552.434,15
552.486,16
552.539,15
552.592,18
552.645,20
552.698,20
552.751,17
552.804,15
552.857,15
552.91,13
552.962,15
553.015,12
553.068,11
553.121,12
553.174,14
553.227,18
553.28,19
553.333,22
553.386,22
553.439,21
553.492,20
553.545,20
553.597,19
553.65,20
553.703,20
553.756,19
553.809,21
553.862,18
553.915,21
553.968,18
554.021,17
554.074,18
554.127,11
554.18,12
554.233,14
554.286,16
554.339,15
554.392,15
554.445,14
554.498,12
554.551,11
554.604,11
554.657,12
554.71,14
554.763,15
554.816,17
554.869,16
554.922,19
554.975,24
555.028,29
555.081,29
555.134,23
555.187,19
555.24,16
555.293,18
555.346,19
555.399,24
555.452,25
555.505,23
555.558,23
555.611,16
555.664,10
555.717,12
555.77,15
555.823,19
555.876,21
555.929,18
555.982,16
556.035,14
556.088,14
556.141,22
556.194,24
556.247,24
556.3,27
556.353,20
556.406,20
556.46,17
556.513,14
556.566,14
556.619,12
556.672,15
556.725,15
556.778,14
556.831,15
556.884,12
556.937,11
556.99,11
557.043,12
557.097,20
557.15,30
557.203,30
557.256,27
557.309,21
557.362,17
557.415,17
557.468,18
557.521,18
557.575,20
557.628,23
557.681,25
557.734,23
557.787,15
557.84,11
557.893,11
557.947,14
558,19
558.053,17
558.106,13
558.159,22
558.212,19
558.265,22
558.319,24
558.372,14
558.425,13
558.478,12
558.531,10
558.584,8
558.638,9
558.691,5
558.744,7
558.797,10
558.85,9
558.903,12
558.957,12
559.01,14
559.063,16
559.116,16
559.169,19
559.223,22
559.276,18
559.329,15
559.382,12
559.435,10
559.489,10
559.542,10
559.595,12
559.648,10
559.702,14
559.755,16
559.808,14
559.861,16
559.915,19
559.968,23
560.021,23
560.074,25
560.127,23
560.181,20
560.234,19
560.287,18
560.34,17
560.394,14
560.447,15
560.5,13
560.554,10
560.607,9
560.66,9
560.713,7
560.767,8
560.82,8
560.873,10
560.926,10
560.98,7
561.033,11
561.086,7
561.14,8
561.193,9
561.246,7
561.3,8
561.353,13
561.406,14
561.459,16
561.513,17
561.566,13
561.619,14
561.673,11
561.726,12
561.779,11
561.833,8
561.886,8
561.939,6
561.993,6
562.046,5
562.099,8
562.153,7
562.206,8
562.259,9
562.313,6
562.366,6
562.419,6
562.473,7
562.526,10
562.58,11
562.633,11
562.686,10
562.74,7
562.793,8
562.846,6
562.9,7
562.953,7
563.007,7
563.06,8
563.113,10
563.167,12
563.22,11
563.273,12
563.327,15
563.38,14
563.434,16
563.487,17
563.54,18
563.594,18
563.647,14
563.701,12
563.754,7
563.808,8
563.861,11
563.914,9
563.968,12
564.021,11
564.075,9
564.128,10
564.182,12
564.235,13
564.288,12
564.342,13
564.395,15
564.449,16
564.502,16
564.556,14
564.609,13
564.663,12
564.716,12
564.77,14
564.823,17
564.877,16
564.93,18
564.983,17
565.037,16
565.09,13
565.144,11
565.197,11
565.251,9
565.304,11
565.358,10
565.411,8
565.465,5
565.518,5
565.572,6
565.625,7
565.679,11
565.732,12
565.786,12
565.839,15
565.893,18
565.947,17
566,18
566.054,15
566.107,14
566.161,14
566.214,13
566.268,12
566.321,11
566.375,12
566.428,12
566.482,16
566.535,12
566.589,13
566.643,11
566.696,11
566.75,13
566.803,15
566.857,18
566.91,17
566.964,23
567.018,19
567.071,18
567.125,17
567.178,10
567.232,13
567.285,15
567.339,15
567.393,14
567.446,16
567.5,14
567.553,14
567.607,15
567.661,17
567.714,15
567.768,18
567.821,17
567.875,14
567.929,15
567.982,9
568.036,8
568.09,7
568.143,8
568.197,10
568.25,12
568.304,10
568.358,9
568.411,11
568.465,12
568.519,14
568.572,13
568.626,12
568.68,15
568.733,17
568.787,18
568.841,15
568.894,16
568.948,18
569.002,20
569.055,23
569.109,23
569.163,25
569.216,24
569.27,24
569.324,24
569.377,15
569.431,14
569.485,10
569.538,7
569.592,10
569.646,7
569.7,8
569.753,9
569.807,8
569.861,8
569.914,7
569.968,12
570.022,12
570.076,14
570.129,16
570.183,13
570.237,16
570.29,17
570.344,18
570.398,19
570.452,13
570.505,13
570.559,12
570.613,14
570.667,16
570.72,15
570.774,13
570.828,13
570.882,13
570.935,11
570.989,14
571.043,12
571.097,10
571.15,10
571.204,7
571.258,11
571.312,15
571.366,16
571.419,18
571.473,12
571.527,10
571.581,13
571.634,14
571.688,14
571.742,14
571.796,16
571.85,14
571.904,15
571.957,18
572.011,13
572.065,13
572.119,10
572.173,10
572.226,10
572.28,10
572.334,6
572.388,7
572.442,13
572.496,15
572.549,16
572.603,15
572.657,13
572.711,13
572.765,18
572.819,18
572.872,18
572.926,16
572.98,11
573.034,12
573.088,10
573.142,12
573.196,10
573.25,10
573.303,12
573.357,11
573.411,13
573.465,9
573.519,7
573.573,8
573.627,12
573.681,12
573.734,11
573.788,13
573.842,10
573.896,11
573.95,13
574.004,10
574.058,10
574.112,14
574.166,12
574.22,14
574.274,15
574.327,10
574.381,11
574.435,10
574.489,12
574.543,17
574.597,16
574.651,20
574.705,26
574.759,24
574.813,25
574.867,22
574.921,16
574.975,16
575.029,18
575.083,17
575.137,17
575.191,14
575.245,11
575.299,8
575.352,6
575.406,8
575.46,6
575.514,7
575.568,10
575.622,7
575.676,10
575.73,12
575.784,16
575.838,20
575.892,24
575.946,27
576,30
576.054,30
576.108,29
576.162,29
576.216,27
576.27,25
576.324,20
576.378,15
576.432,11
576.486,13
576.54,13
576.595,13
576.649,13
576.703,11
576.757,13
576.811,15
576.865,12
576.919,15
576.973,17
577.027,16
577.081,16
577.135,13
577.189,15
577.243,13
577.297,13
577.351,11
577.405,5
577.459,6
577.513,7
577.567,7
577.622,8
577.676,10
577.73,13
577.784,16
577.838,15
577.892,18
577.946,21
578,23
578.054,26
578.108,23
578.162,17
578.217,14
578.271,15
578.325,15
578.379,16
578.433,16
578.487,12
578.541,12
578.595,9
578.65,9
578.704,12
578.758,10
578.812,9
578.866,12
578.92,16
578.974,19
579.028,21
579.083,26
579.137,24
579.191,24
579.245,24
579.299,20
579.353,16
579.408,15
579.462,10
579.516,7
579.57,8
579.624,9
579.678,11
579.733,12
579.787,13
579.841,12
579.895,16
579.949,18
580.004,20
580.058,25
580.112,29
580.166,32
580.22,36
580.274,31
580.329,28
580.383,26
580.437,24
580.491,22
580.546,18
580.6,16
580.654,13
580.708,14
580.762,13
580.817,10
580.871,13
580.925,12
580.979,10
581.034,16
581.088,12
581.142,13
581.196,17
581.251,24
581.305,26
581.359,25
581.413,20
581.468,14
581.522,13
581.576,14
581.63,13
581.685,10
581.739,12
581.793,12
581.847,9
581.902,8
581.956,12
582.01,14
582.065,18
582.119,18
582.173,17
582.228,16
582.282,18
582.336,22
582.39,19
582.445,21
582.499,16
582.553,15
582.608,14
582.662,11
582.716,14
582.771,10
582.825,13
582.879,15
582.934,9
582.988,11
583.042,12
583.097,10
583.151,15
583.205,16
583.26,16
583.314,17
583.368,16
583.423,19
583.477,17
583.531,17
583.586,14
583.64,13
583.694,12
583.749,12
583.803,9
583.858,5
583.912,5
583.966,6
584.021,10
584.075,12
584.129,15
584.184,14
584.238,14
584.293,14
584.347,17
584.401,17
584.456,14
584.51,15
584.565,9
584.619,10
584.673,13
584.728,16
584.782,18
584.837,17
584.891,16
584.946,13
585,13
585.054,15
585.109,17
585.163,17
585.218,19
585.272,20
585.327,18
585.381,19
585.435,20
585.49,18
585.544,17
585.599,14
585.653,9
585.708,10
585.762,13
585.817,16
585.871,16
585.926,14
585.98,11
586.035,12
586.089,13
586.143,14
586.198,14
586.252,11
586.307,13
586.361,14
586.416,12
586.47,12
586.525,10
586.579,7
586.634,8
586.688,7
586.743,7
586.797,9
586.852,9
586.906,11
586.961,9
587.015,7
587.07,5
587.125,3
587.179,6
587.234,9
587.288,11
587.343,14
587.397,15
587.452,13
587.506,16
587.561,16
587.615,15
587.67,16
587.724,16
587.779,13
587.834,12
587.888,12
587.943,11
587.997,13
588.052,14
588.106,15
588.161,19
588.216,20
588.27,19
588.325,18
588.379,19
588.434,19
588.488,20
588.543,18
588.598,16
588.652,15
588.707,15
588.761,12
588.816,9
588.871,7
588.925,5
588.98,6
589.035,7
589.089,10
589.144,11
589.198,10
589.253,12
589.308,10
589.362,11
589.417,11
589.472,11
589.526,13
589.581,11
589.635,11
589.69,9
589.745,13
589.799,12
589.854,12
589.909,17
589.963,14
590.018,17
590.073,15
590.127,13
590.182,18
590.237,17
590.291,18
590.346,21
590.401,19
590.455,18
590.51,18
590.565,16
590.619,14
590.674,17
590.729,19
590.784,18
590.838,15
590.893,13
590.948,13
591.002,17
591.057,20
591.112,20
591.166,19
591.221,17
591.276,17
591.331,14
591.385,16
591.44,14
591.495,14
591.55,11
591.604,8
591.659,7
591.714,8
591.768,7
591.823,10
591.878,11
591.933,9
591.987,10
592.042,7
592.097,9
592.152,10
592.207,13
592.261,14
592.316,12
592.371,11
592.426,9
592.48,8
592.535,11
592.59,13
592.645,13
592.699,12
592.754,9
592.809,6
592.864,6
592.919,11
592.973,15
593.028,16
593.083,14
593.138,12
593.193,7
593.247,7
593.302,10
593.357,11
593.412,12
593.467,12
593.522,12
593.576,9
593.631,13
593.686,13
593.741,12
593.796,15
593.851,13
593.905,15
593.96,16
594.015,12
594.07,12
594.125,13
594.18,11
594.235,14
594.289,13
594.344,9
594.399,10
594.454,8
594.509,12
594.564,12
594.619,14
594.673,13
594.728,17
594.783,17
594.838,15
594.893,15
594.948,12
595.003,18
595.058,21
595.113,23
595.167,21
595.222,17
595.277,19
595.332,18
595.387,17
595.442,18
595.497,17
595.552,16
595.607,12
595.662,11
595.717,6
595.772,7
595.826,7
595.881,5
595.936,7
595.991,7
596.046,14
596.101,22
596.156,22
596.211,23
596.266,24
596.321,20
596.376,19
596.431,20
596.486,15
596.541,14
596.596,12
596.651,8
596.706,3
596.761,4
596.816,4
596.871,4
596.926,8
596.981,9
597.036,10
597.091,14
597.146,13
597.201,11
597.256,13
597.311,12
597.366,21
597.421,24
597.476,21
597.531,20
597.586,14
597.641,12
597.696,13
597.751,12
597.806,9
597.861,9
597.916,9
597.971,9
598.026,10
598.081,10
598.136,10
598.191,8
598.246,9
598.301,8
598.356,8
598.411,9
598.466,11
598.521,15
598.576,14
598.631,15
598.686,14
598.742,10
598.797,11
598.852,11
598.907,9
598.962,8
599.017,10
599.072,13
599.127,15
599.182,16
599.237,13
599.292,14
599.347,14
599.403,12
599.458,11
599.513,12
599.568,10
599.623,13
599.678,12
599.733,9
599.788,11
599.843,9
599.899,12
599.954,15
600.009,16
600.064,17
600.119,18
600.174,15
600.229,20
600.284,20
600.34,17
600.395,18
600.45,12
600.505,12
600.56,11
600.615,9
600.67,10
600.726,10
600.781,10
600.836,16
600.891,10
600.946,9
601.001,8
601.057,2
601.112,3
601.167,2
601.222,6
601.277,8
601.333,12
601.388,12
601.443,9
601.498,7
601.553,4
601.609,7
601.664,8
601.719,10
601.774,11
601.829,10
601.885,9
601.94,8
601.995,9
602.05,9
602.105,14
602.161,19
602.216,21
602.271,24
602.326,26
602.382,25
602.437,25
602.492,24
602.547,20
602.603,19
602.658,14
602.713,17
602.768,14
602.824,12
602.879,10
602.934,5
602.989,9
603.045,8
603.1,8
603.155,9
603.21,12
603.266,13
603.321,13
603.376,13
603.432,9
603.487,18
603.542,20
603.597,18
603.653,20
603.708,14
603.763,15
603.819,17
603.874,12
603.929,11
603.985,11
604.04,10
604.095,11
604.15,10
604.206,12
604.261,12
604.316,12
604.372,11
604.427,12
604.482,14
604.538,14
604.593,15
604.648,18
604.704,16
604.759,17
604.814,15
604.87,14
604.925,14
604.981,13
605.036,13
605.091,13
605.147,14
605.202,13
605.257,15
605.313,11
605.368,15
605.423,18
605.479,17
605.534,15
605.59,9
605.645,9
605.7,11
605.756,16
605.811,17
605.867,15
605.922,14
605.977,15
606.033,20
606.088,22
606.144,22
606.199,22
606.254,17
606.31,15
606.365,14
606.421,15
606.476,13
606.532,14
606.587,14
606.642,17
606.698,20
606.753,20
606.809,21
606.864,20
606.92,16
606.975,16
607.03,14
607.086,10
607.141,13
607.197,11
607.252,10
607.308,9
607.363,8
607.419,6
607.474,7
607.53,12
607.585,12
607.641,13
607.696,14
607.752,11
607.807,10
607.863,11
607.918,10
607.974,10
608.029,10
608.085,11
608.14,10
608.196,9
608.251,12
608.307,10
608.362,10
608.418,9
608.473,7
608.529,9
608.584,11
608.64,16
608.695,16
608.751,17
608.806,19
608.862,22
608.917,23
608.973,24
609.028,22
609.084,19
609.14,16
609.195,12
609.251,15
609.306,10
609.362,13
609.417,15
609.473,10
609.528,11
609.584,9
609.64,9
609.695,9
609.751,11
609.806,16
609.862,16
609.917,17
609.973,17
610.029,15
610.084,17
610.14,20
610.195,23
610.251,20
610.307,20
610.362,19
610.418,18
610.473,18
610.529,18
610.585,16
610.64,15
610.696,16
610.751,14
610.807,14
610.863,15
610.918,16
610.974,14
611.03,15
611.085,14
611.141,15
611.197,19
611.252,23
611.308,25
611.363,24
611.419,24
611.475,20
611.53,15
611.586,13
611.642,10
611.697,9
611.753,9
611.809,11
611.864,10
611.92,10
611.976,9
612.031,10
612.087,12
612.143,15
612.199,18
612.254,16
612.31,16
612.366,15
612.421,14
612.477,16
612.533,14
612.588,17
612.644,15
612.7,13
612.756,15
612.811,11
612.867,14
612.923,15
612.978,16
613.034,15
613.09,10
613.146,12
613.201,14
613.257,16
613.313,18
613.369,21
613.424,19
613.48,20
613.536,23
613.592,22
613.647,23
613.703,22
613.759,19
613.815,16
613.87,13
613.926,10
613.982,10
614.038,9
614.093,13
614.149,14
614.205,16
614.261,15
614.317,12
614.372,12
614.428,10
614.484,12
614.54,11
614.596,13
614.651,12
614.707,12
614.763,13
614.819,11
614.875,11
614.93,11
614.986,13
615.042,15
615.098,20
615.154,19
615.21,20
615.265,18
615.321,15
615.377,17
615.433,13
615.489,16
615.545,13
615.6,13
615.656,14
615.712,19
615.768,17
615.824,12
615.88,13
615.935,11
615.991,9
616.047,13
616.103,15
616.159,18
616.215,22
616.271,21
616.327,22
616.382,21
616.438,18
616.494,18
616.55,14
616.606,13
616.662,9
616.718,10
616.774,8
616.83,10
616.885,13
616.941,13
616.997,14
617.053,13
617.109,15
617.165,15
617.221,18
617.277,22
617.333,26
617.389,27
617.445,23
617.501,21
617.557,15
617.612,9
617.668,10
617.724,6
617.78,5
617.836,7
617.892,5
617.948,6
618.004,7
618.06,9
618.116,12
618.172,14
618.228,13
618.284,15
618.34,19
618.396,23
618.452,28
618.508,24
618.564,20
618.62,14
618.676,10
618.732,9
618.788,10
618.844,13
618.9,11
618.956,15
619.012,15
619.068,14
619.124,15
619.18,16
619.236,22
619.292,24
619.348,23
619.404,22
619.46,22
619.516,20
619.572,19
619.628,16
619.684,16
619.74,18
619.796,18
619.852,18
619.908,16
619.964,16
620.02,15
620.076,19
620.132,18
620.188,19
620.244,19
620.3,16
620.356,15
620.413,15
620.469,13
620.525,11
620.581,10
620.637,9
620.693,13
620.749,15
620.805,16
620.861,20
620.917,17
620.973,16
621.029,15
621.086,11
621.142,10
621.198,9
621.254,9
621.31,8
621.366,5
621.422,6
621.478,4
621.534,4
621.59,5
621.647,4
621.703,7
621.759,10
621.815,12
621.871,12
621.927,11
621.983,12
622.04,15
622.096,18
622.152,17
622.208,19
622.264,19
622.32,20
622.376,20
622.433,14
622.489,12
622.545,9
622.601,8
622.657,10
622.713,16
622.77,17
622.826,18
622.882,17
622.938,15
622.994,11
623.05,10
623.107,14
623.163,15
623.219,18
623.275,22
623.331,17
623.388,14
623.444,16
623.5,11
623.556,10
623.612,11
623.669,10
623.725,11
623.781,15
623.837,16
623.894,14
623.95,15
624.006,10
624.062,13
624.118,14
624.175,13
624.231,17
624.287,18
624.343,20
624.4,21
624.456,19
624.512,18
624.568,16
624.625,15
624.681,13
624.737,10
624.793,8
624.85,7
624.906,8
624.962,9
625.019,9
625.075,10
625.131,9
625.187,15
625.244,14
625.3,16
625.356,19
625.412,19
625.469,23
625.525,23
625.581,26
625.638,20
625.694,18
625.75,16
625.807,12
625.863,13
625.919,12
625.976,11
626.032,11
626.088,10
626.145,12
626.201,13
626.257,13
626.314,12
626.37,11
626.426,10
626.483,12
626.539,15
626.595,13
626.652,15
626.708,17
626.764,16
626.821,16
626.877,16
626.933,13
626.99,13
627.046,12
627.102,9
627.159,9
627.215,8
627.272,9
627.328,10
627.384,10
627.441,11
627.497,11
627.553,10
627.61,15
627.666,15
627.723,14
627.779,16
627.835,11
627.892,7
627.948,9
628.005,11
628.061,15
628.118,16
628.174,13
628.23,8
628.287,3
628.343,7
628.4,11
628.456,13
628.512,15
628.569,16
628.625,13
628.682,13
628.738,13
628.795,10
628.851,11
628.908,14
628.964,15
629.02,13
629.077,16
629.133,14
629.19,13
629.246,12
629.303,10
629.359,7
629.416,7
629.472,8
629.529,9
629.585,10
629.642,10
629.698,12
629.755,13
629.811,14
629.868,14
629.924,12
629.981,7
630.037,9
630.094,8
630.15,6
630.207,11
630.263,12
630.32,14
630.376,16
630.433,11
630.489,8
630.546,9
630.602,10
630.659,12
630.715,11
630.772,9
630.828,10
630.885,13
630.942,14
630.998,15
631.055,11
631.111,12
631.168,13
631.224,16
631.281,25
631.337,23
631.394,25
631.45,23
631.507,20
631.564,19
631.62,14
631.677,14
631.733,13
631.79,16
631.847,15
631.903,14
631.96,14
632.016,10
632.073,11
632.129,10
632.186,8
632.243,13
632.299,12
632.356,14
632.413,12
632.469,15
632.526,16
632.582,13
632.639,19
632.696,15
632.752,14
632.809,16
632.865,13
632.922,10
632.979,11
633.035,12
633.092,12
633.149,12
633.205,10
633.262,10
633.319,12
633.375,16
633.432,21
633.489,24
633.545,24
633.602,20
633.659,18
633.715,14
633.772,18
633.829,15
633.885,14
633.942,19
633.999,14
634.055,14
634.112,13
634.169,9
634.225,11
634.282,14
634.339,13
634.395,12
634.452,14
634.509,12
634.566,14
634.622,15
634.679,9
634.736,9
634.792,9
634.849,8
634.906,11
634.963,11
635.019,16
635.076,18
635.133,22
635.189,23
635.246,25
635.303,24
635.36,22
635.416,21
635.473,13
635.53,14
635.587,11
635.643,11
635.7,11
635.757,10
635.814,11
635.871,12
635.927,13
635.984,13
636.041,18
636.098,15
636.154,16
636.211,17
636.268,15
636.325,14
636.382,15
636.438,13
636.495,15
636.552,17
636.609,16
636.665,20
636.722,20
636.779,19
636.836,19
636.893,17
636.95,16
637.006,20
637.063,19
637.12,20
637.177,20
637.234,23
637.29,23
637.347,22
637.404,20
637.461,13
637.518,11
637.575,11
637.631,11
637.688,16
637.745,16
637.802,14
637.859,12
637.916,6
637.973,7
638.029,8
638.086,8
638.143,10
638.2,12
638.257,13
638.314,15
638.371,15
638.428,18
638.484,19
638.541,15
638.598,18
638.655,15
638.712,13
638.769,16
638.826,13
638.883,15
638.94,15
638.997,15
639.053,16
639.11,13
639.167,14
639.224,16
639.281,21
639.338,25
639.395,26
639.452,27
639.509,22
639.566,20
639.623,21
639.68,22
639.737,22
639.793,22
639.85,21
639.907,16
639.964,17
640.021,17
640.078,15
640.135,15
640.192,13
640.249,11
640.306,12
640.363,12
640.42,17
640.477,19
640.534,18
640.591,16
640.648,12
640.705,11
640.762,11
640.819,11
640.876,13
640.933,12
640.99,12
641.047,12
641.104,11
641.161,13
641.218,15
641.275,22
641.332,18
641.389,15
641.446,13
641.503,11
641.56,16
641.617,16
641.674,16
641.731,17
641.788,16
641.845,18
641.902,17
641.959,12
642.016,15
642.073,14
642.13,15
642.187,18
642.244,12
642.301,14
642.359,13
642.416,10
642.473,10
642.53,7
642.587,8
642.644,7
642.701,10
642.758,11
642.815,10
642.872,9
642.929,6
642.986,5
643.043,4
643.1,5
643.158,9
643.215,9
643.272,11
643.329,14
643.386,11
643.443,14
643.5,16
643.557,18
643.614,16
643.672,16
643.729,13
643.786,9
643.843,8
643.9,7
643.957,7
644.014,9
644.071,12
644.129,11
644.186,15
644.243,12
644.3,15
644.357,14
644.414,11
644.471,13
644.529,10
644.586,11
644.643,12
644.7,13
644.757,10
644.814,9
644.872,6
644.929,6
644.986,11
645.043,15
645.1,16
645.157,14
645.215,16
645.272,15
645.329,15
645.386,17
645.443,22
645.501,21
645.558,22
645.615,19
645.672,16
645.729,15
645.787,13
645.844,11
645.901,8
645.958,7
646.015,10
646.073,13
646.13,14
646.187,16
646.244,13
646.302,13
646.359,11
646.416,7
646.473,9
646.531,7
646.588,9
646.645,11
646.702,13
646.76,19
646.817,17
646.874,17
646.931,15
646.989,12
647.046,11
647.103,10
647.16,15
647.218,14
647.275,24
647.332,27
647.39,23
647.447,26
647.504,25
647.561,25
647.619,25
647.676,25
647.733,24
647.791,21
647.848,17
647.905,13
647.963,13
648.02,14
648.077,17
648.134,15
648.192,13
648.249,12
648.306,14
648.364,16
648.421,17
648.478,22
648.536,21
648.593,23
648.65,21
648.708,17
648.765,13
648.822,12
648.88,15
648.937,14
648.995,16
649.052,18
649.109,14
649.167,16
649.224,16
649.281,12
649.339,13
649.396,12
649.453,13
649.511,16
649.568,15
649.626,14
649.683,11
649.74,10
649.798,13
649.855,14
649.913,16
649.97,18
650.027,16
650.085,13
650.142,11
650.2,14
650.257,14
650.314,16
650.372,20
650.429,18
650.487,16
650.544,17
650.601,18
650.659,16
650.716,15
650.774,12
650.831,6
650.889,5
650.946,5
651.004,5
651.061,6
651.118,5
651.176,11
651.233,10
651.291,10
651.348,17
651.406,16
651.463,19
651.521,23
651.578,18
651.636,15
651.693,10
651.751,10
651.808,9
651.865,7
651.923,12
651.98,10
652.038,12
652.095,14
652.153,12
652.21,10
652.268,12
652.325,15
652.383,14
652.44,13
652.498,12
652.555,12
652.613,15
652.67,18
652.728,15
652.786,12
652.843,8
652.901,12
652.958,16
653.016,16
653.073,17
653.131,11
653.188,8
653.246,7
653.303,5
653.361,5
653.418,5
653.476,9
653.534,11
653.591,14
653.649,16
653.706,16
653.764,16
653.821,15
653.879,17
653.937,11
653.994,12
654.052,14
654.109,11
654.167,13
654.224,13
654.282,11
654.34,16
654.397,14
654.455,12
654.512,12
654.57,8
654.628,8
654.685,7
654.743,6
654.8,9
654.858,12
654.916,14
654.973,17
655.031,17
655.089,13
655.146,17
655.204,19
655.261,20
655.319,24
655.377,24
655.434,19
655.492,18
655.55,12
655.607,7
655.665,6
655.723,4
655.78,11
655.838,10
655.896,9
655.953,10
656.011,10
656.069,13
656.126,15
656.184,18
656.242,17
656.299,17
656.357,18
656.415,15
656.472,12
656.53,13
656.588,12
656.645,16
656.703,16
656.761,17
656.819,17
656.876,16
656.934,15
656.992,12
657.049,11
657.107,14
657.165,15
657.222,13
657.28,13
657.338,14
657.396,13
657.453,15
657.511,14
657.569,12
657.627,14
657.684,15
657.742,18
657.8,19
657.858,17
657.915,15
657.973,15
658.031,14
658.089,14
658.146,15
658.204,14
658.262,14
658.32,16
658.377,15
658.435,16
658.493,16
658.551,14
658.609,17
658.666,17
658.724,22
658.782,21
658.84,22
658.897,22
658.955,24
659.013,20
659.071,19
659.129,18
659.187,13
659.244,14
659.302,13
659.36,12
659.418,11
659.476,15
659.533,14
659.591,16
659.649,17
659.707,18
659.765,17
659.823,16
659.88,16
659.938,17
659.996,18
660.054,21
660.112,21
660.17,17
660.227,19
660.285,17
660.343,16
660.401,13
660.459,14
660.517,11
660.575,10
660.633,10
660.69,6
660.748,7
660.806,11
660.864,15
660.922,17
660.98,16
661.038,12
661.096,10
661.153,7
661.211,8
661.269,9
661.327,8
661.385,10
661.443,14
661.501,16
661.559,16
661.617,14
661.675,10
661.733,8
661.79,12
661.848,14
661.906,17
661.964,18
662.022,19
662.08,18
662.138,17
662.196,17
662.254,21
662.312,21
662.37,15
662.428,16
662.486,16
662.544,18
662.602,22
662.66,23
662.718,18
662.776,21
662.834,19
662.891,16
662.949,14
663.007,9
663.065,8
663.123,8
663.181,8
663.239,8
663.297,9
663.355,12
663.413,14
663.471,15
663.529,14
663.587,12
663.645,10
663.703,11
663.761,13
663.819,16
663.877,14
663.935,14
663.993,15
664.051,20
664.109,19
664.168,15
664.226,12
664.284,8
664.342,12
664.4,13
664.458,12
664.516,8
664.574,7
664.632,8
664.69,7
664.748,11
664.806,12
664.864,10
664.922,13
664.98,14
665.038,12
665.096,14
665.154,13
665.212,12
665.271,11
665.329,13
665.387,13
665.445,13
665.503,14
665.561,11
665.619,9
665.677,10
665.735,9
665.793,11
665.851,13
665.91,12
665.968,16
666.026,17
666.084,17
666.142,15
666.2,16
666.258,17
666.316,18
666.374,24
666.433,20
666.491,16
666.549,15
666.607,11
666.665,10
666.723,6
666.781,5
666.84,7
666.898,8
666.956,7
667.014,8
667.072,11
667.13,13
667.188,17
667.247,21
667.305,26
667.363,25
667.421,31
667.479,29
667.537,25
667.596,21
667.654,20
667.712,19
667.77,13
667.828,14
667.887,10
667.945,7
668.003,7
668.061,10
668.119,9
668.178,9
668.236,16
668.294,19
668.352,21
668.41,23
668.469,21
668.527,16
668.585,13
668.643,14
668.702,9
668.76,8
668.818,10
668.876,10
668.934,14
668.993,15
669.051,13
669.109,10
669.167,10
669.226,11
669.284,13
669.342,15
669.4,16
669.459,17
669.517,18
669.575,14
669.634,13
669.692,12
669.75,11
669.808,13
669.867,15
669.925,15
669.983,14
670.041,12
670.1,9
670.158,7
670.216,7
670.275,8
670.333,7
670.391,7
670.45,6
670.508,6
670.566,7
670.624,8
670.683,7
670.741,10
670.799,10
670.858,8
670.916,10
670.974,7
671.033,14
671.091,15
671.149,18
671.208,20
671.266,16
671.324,16
671.383,19
671.441,17
671.499,18
671.558,18
671.616,11
671.675,13
671.733,19
671.791,20
671.85,20
671.908,19
671.966,13
672.025,10
672.083,12
672.141,9
672.2,10
672.258,14
672.317,12
672.375,17
672.433,17
672.492,12
672.55,13
672.609,10
672.667,10
672.725,11
672.784,11
672.842,6
672.901,4
672.959,7
673.017,11
673.076,12
673.134,11
673.193,11
673.251,7
673.31,6
673.368,9
673.426,6
673.485,8
673.543,10
673.602,11
673.66,12
673.719,14
673.777,13
673.836,14
673.894,16
673.953,13
674.011,14
674.069,17
674.128,15
674.186,17
674.245,18
674.303,16
674.362,20
674.42,17
674.479,18
674.537,19
674.596,16
674.654,18
674.713,17
674.771,14
674.83,12
674.888,13
674.947,12
675.005,9
675.064,8
675.122,7
675.181,7
675.239,14
675.298,18
675.356,16
675.415,18
675.473,18
675.532,17
675.59,17
675.649,18
675.707,18
675.766,17
675.825,17
675.883,17
675.942,15
676,17
676.059,19
676.117,16
676.176,13
676.234,10
676.293,16
676.351,14
676.41,16
676.469,16
676.527,12
676.586,11
676.644,8
676.703,12
676.761,10
676.82,11
676.879,11
676.937,9
676.996,12
677.054,14
677.113,14
677.172,13
677.23,9
677.289,9
677.347,9
677.406,10
677.465,13
677.523,12
677.582,15
677.641,13
677.699,14
677.758,15
677.816,13
677.875,14
677.934,14
677.992,14
678.051,17
678.11,15
678.168,11
678.227,11
678.286,6
678.344,7
678.403,14
678.461,12
678.52,12
678.579,11
678.637,12
678.696,11
678.755,13
678.813,14
678.872,9
678.931,10
678.989,7
679.048,13
679.107,12
679.166,14
679.224,17
679.283,18
679.342,19
679.4,19
679.459,17
679.518,12
679.576,13
679.635,12
679.694,10
679.753,11
679.811,16
679.87,18
679.929,21
679.987,21
680.046,18
680.105,17
680.164,18
680.222,24
680.281,21
680.34,22
680.399,20
680.457,17
680.516,20
680.575,22
680.634,20
680.692,19
680.751,17
680.81,14
680.869,12
680.927,13
680.986,20
681.045,22
681.104,24
681.162,22
681.221,17
681.28,17
681.339,20
681.397,24
681.456,22
681.515,22
681.574,19
681.633,12
681.691,11
681.75,9
681.809,10
681.868,13
681.927,16
681.985,15
682.044,13
682.103,15
682.162,13
682.221,15
682.28,16
682.338,10
682.397,7
682.456,6
682.515,4
682.574,7
682.633,7
682.691,6
682.75,8
682.809,6
682.868,6
682.927,7
682.986,7
683.044,9
683.103,12
683.162,11
683.221,11
683.28,9
683.339,14
683.398,16
683.457,16
683.515,18
683.574,17
683.633,15
683.692,15
683.751,15
683.81,10
683.869,14
683.928,17
683.986,17
684.045,16
684.104,12
684.163,10
684.222,11
684.281,14
684.34,17
684.399,20
684.458,22
684.517,27
684.576,30
684.635,29
684.693,26
684.752,20
684.811,17
684.87,14
684.929,14
684.988,12
685.047,8
685.106,6
685.165,8
685.224,10
685.283,12
685.342,15
685.401,14
685.46,15
685.519,16
685.578,16
685.637,19
685.696,17
685.755,16
685.814,17
685.873,11
685.932,13
685.99,14
686.049,11
686.108,11
686.167,8
686.226,5
686.285,8
686.344,11
686.403,10
686.462,14
686.521,12
686.58,7
686.639,12
686.698,10
686.758,9
686.817,17
686.876,13
686.935,12
686.994,19
687.053,12
687.112,15
687.171,16
687.23,13
687.289,16
687.348,13
687.407,11
687.466,13
687.525,13
687.584,13
687.643,12
687.702,14
687.761,14
687.82,14
687.879,16
687.938,15
687.997,15
688.057,16
688.116,16
688.175,14
688.234,13
688.293,11
688.352,11
688.411,9
688.47,7
688.529,8
688.588,6
688.647,9
688.706,11
688.766,11
688.825,13
688.884,13
688.943,12
689.002,13
689.061,13
689.12,13
689.179,17
689.239,16
689.298,14
689.357,12
689.416,10
689.475,10
689.534,13
689.593,12
689.652,10
689.712,12
689.771,10
689.83,11
689.889,13
689.948,11
690.007,11
690.067,11
690.126,11
690.185,10
690.244,10
690.303,10
690.362,10
690.422,10
690.481,10
690.54,10
690.599,6
690.658,8
690.717,11
690.777,9
690.836,11
690.895,11
690.954,9
691.013,14
691.073,13
691.132,13
691.191,13
691.25,13
691.309,14
691.369,14
691.428,17
691.487,12
691.546,14
691.606,14
691.665,10
691.724,12
691.783,10
691.843,7
691.902,9
691.961,7
692.02,6
692.08,9
692.139,7
692.198,6
692.257,5
692.317,8
692.376,7
692.435,10
692.494,12
692.554,7
692.613,10
692.672,10
692.731,15
692.791,15
692.85,18
692.909,19
692.969,15
693.028,16
693.087,12
693.146,16
693.206,13
693.265,17
693.324,16
693.384,14
693.443,13
693.502,11
693.562,10
693.621,8
693.68,11
693.739,9
693.799,11
693.858,9
693.917,10
693.977,8
694.036,11
694.095,16
694.155,14
694.214,19
694.273,15
694.333,11
694.392,15
694.452,12
694.511,14
694.57,14
694.63,9
694.689,9
694.748,7
694.808,7
694.867,8
694.926,8
694.986,10
695.045,11
695.105,16
695.164,18
695.223,16
695.283,20
695.342,19
695.401,15
695.461,19
695.52,14
695.58,12
695.639,11
695.698,13
695.758,18
695.817,16
695.877,23
695.936,18
695.996,17
696.055,16
696.114,11
696.174,11
696.233,5
696.293,10
696.352,8
696.411,10
696.471,15
696.53,13
696.59,12
696.649,14
696.709,18
696.768,20
696.828,22
696.887,19
696.947,25
697.006,21
697.065,26
697.125,29
697.184,22
697.244,24
697.303,20
697.363,17
697.422,17
697.482,17
697.541,17
697.601,16
697.66,12
697.72,12
697.779,10
697.839,11
697.898,11
697.958,9
698.017,11
698.077,11
698.136,9
698.196,12
698.255,15
698.315,15
698.374,14
698.434,12
698.493,9
698.553,8
698.612,9
698.672,13
698.731,9
698.791,10
698.851,10
698.91,9
698.97,10
699.029,9
699.089,12
699.148,10
699.208,10
699.267,10
699.327,15
699.386,17
699.446,20
699.506,23
699.565,21
699.625,16
699.684,15
699.744,10
699.803,6
699.863,9
699.923,5
699.982,7
700.042,8
700.101,7
700.161,11
700.221,11
700.28,12
700.34,11
700.399,11
700.459,11
700.519,12
700.578,14
700.638,13
700.698,12
700.757,13
700.817,9
700.876,8
700.936,8
700.996,10
701.055,12
701.115,14
701.175,14
701.234,15
701.294,18
701.353,14
701.413,15
701.473,15
701.532,14
701.592,17
701.652,17
701.711,17
701.771,16
701.831,16
701.89,17
701.95,16
702.01,16
702.069,14
702.129,11
702.189,10
702.249,9
702.308,8
702.368,8
702.428,6
702.487,9
702.547,9
702.607,11
702.666,16
702.726,13
702.786,17
702.846,17
702.905,17
702.965,18
703.025,16
703.084,17
703.144,14
703.204,13
703.264,16
703.323,15
703.383,16
703.443,19
703.503,17
703.562,17
703.622,18
703.682,20
703.741,21
703.801,20
703.861,18
703.921,18
703.981,17
704.04,17
704.1,15
704.16,11
704.22,12
704.279,14
704.339,17
704.399,17
704.459,13
704.518,11
704.578,12
704.638,9
704.698,13
704.758,12
704.817,8
704.877,9
704.937,6
704.997,9
705.057,5
705.116,9
705.176,10
705.236,8
705.296,14
705.356,12
705.416,14
705.475,15
705.535,13
705.595,15
705.655,17
705.715,19
705.775,18
705.834,16
705.894,13
705.954,10
706.014,7
706.074,4
706.134,7
706.193,8
706.253,14
706.313,17
706.373,17
706.433,18
706.493,20
706.553,22
706.613,18
706.672,19
706.732,19
706.792,17
706.852,18
706.912,16
706.972,14
707.032,13
707.092,14
707.151,13
707.211,10
707.271,9
707.331,9
707.391,9
707.451,8
707.511,10
707.571,8
707.631,8
707.691,10
707.751,9
707.811,9
707.87,10
707.93,11
707.99,13
708.05,14
708.11,14
708.17,13
708.23,12
708.29,11
708.35,11
708.41,11
708.47,11
708.53,14
708.59,14
708.65,10
708.71,10
708.77,6
708.83,6
708.89,8
708.95,7
709.01,8
709.07,7
709.129,5
709.189,8
709.249,11
709.309,11
709.369,15
709.429,14
709.489,16
709.549,16
709.609,12
709.669,12
709.729,12
709.789,13
709.849,16
709.909,16
709.969,9
710.03,10
710.09,11
710.15,8
710.21,11
710.27,9
710.33,10
710.39,13
710.45,18
710.51,23
710.57,29
710.63,33
710.69,28
710.75,24
710.81,19
710.87,14
710.93,15
710.99,15
711.05,20
711.11,17
711.17,16
711.23,15
711.291,12
711.351,20
711.411,18
711.471,21
711.531,25
711.591,19
711.651,18
711.711,16
711.771,13
711.831,13
711.891,14
711.951,12
712.012,14
712.072,12
712.132,13
712.192,13
712.252,14
712.312,15
712.372,14
712.432,13
712.493,17
712.553,16
712.613,13
712.673,13
712.733,7
712.793,7
712.853,7
712.913,8
712.974,10
713.034,10
713.094,10
713.154,9
713.214,14
713.274,17
713.335,21
713.395,25
713.455,29
713.515,28
713.575,28
713.635,24
713.696,19
713.756,20
713.816,17
713.876,20
713.936,20
713.996,16
714.057,21
714.117,21
714.177,18
714.237,17
714.297,14
714.358,12
714.418,15
714.478,13
714.538,11
714.598,10
714.659,8
714.719,9
714.779,9
714.839,9
714.9,11
714.96,9
715.02,11
715.08,12
715.141,6
715.201,10
715.261,10
715.321,13
715.381,17
715.442,16
715.502,13
715.562,11
715.623,15
715.683,12
715.743,14
715.803,15
715.864,15
715.924,16
715.984,20
716.044,18
716.105,18
716.165,17
716.225,12
716.286,11
716.346,7
716.406,13
716.466,13
716.527,15
716.587,16
716.647,12
716.708,16
716.768,15
716.828,17
716.889,17
716.949,15
717.009,16
717.069,14
717.13,14
717.19,14
717.25,13
717.311,15
717.371,15
717.431,15
717.492,14
717.552,15
717.612,14
717.673,15
717.733,17
717.794,13
717.854,17
717.914,18
717.975,15
718.035,16
718.095,16
718.156,15
718.216,23
718.276,25
718.337,22
718.397,20
718.458,13
718.518,11
718.578,10
718.639,12
718.699,15
718.759,18
718.82,18
718.88,16
718.941,14
719.001,9
719.061,16
719.122,17
719.182,19
719.243,27
719.303,22
719.364,21
719.424,20
719.484,22
719.545,18
719.605,16
719.666,15
719.726,14
719.786,13
719.847,15
719.907,12
719.968,6
720.028,10
720.089,8
720.149,12
720.21,17
720.27,17
720.331,18
720.391,16
720.451,18
720.512,18
720.572,18
720.633,20
720.693,17
720.754,18
720.814,20
720.875,21
720.935,21
720.996,17
721.056,16
721.117,11
721.177,8
721.238,10
721.298,11
721.359,13
721.419,10
721.48,12
721.54,11
721.601,13
721.661,14
721.722,18
721.782,19
721.843,18
721.903,15
721.964,14
722.024,18
722.085,22
722.145,24
722.206,24
722.267,21
722.327,15
722.388,12
722.448,12
722.509,8
722.569,7
722.63,6
722.69,6
722.751,8
722.812,9
722.872,10
722.933,8
722.993,7
723.054,8
723.114,9
723.175,8
723.236,9
723.296,8
723.357,9
723.417,8
723.478,6
723.538,9
723.599,8
723.66,13
723.72,13
723.781,9
723.841,10
723.902,9
723.963,8
724.023,8
724.084,6
724.145,6
724.205,8
724.266,12
724.326,14
724.387,13
724.448,17
724.508,20
724.569,21
724.63,20
724.69,21
724.751,17
724.812,14
724.872,14
724.933,10
724.993,9
725.054,6
725.115,9
725.175,9
725.236,10
725.297,11
725.357,12
725.418,11
725.479,13
725.54,13
725.6,13
725.661,16
725.722,12
725.782,15
725.843,13
725.904,13
725.964,17
726.025,16
726.086,14
726.146,12
726.207,9
726.268,6
726.329,7
726.389,9
726.45,11
726.511,15
726.571,15
726.632,12
726.693,11
726.754,7
726.814,10
726.875,17
726.936,17
726.997,19
727.057,19
727.118,14
727.179,14
727.24,14
727.3,12
727.361,10
727.422,11
727.483,11
727.543,9
727.604,11
727.665,12
727.726,12
727.786,19
727.847,19
727.908,22
727.969,19
728.03,15
728.09,17
728.151,12
728.212,17
728.273,19
728.334,20
728.394,20
728.455,20
728.516,14
728.577,12
728.638,11
728.698,9
728.759,12
728.82,10
728.881,13
728.942,13
729.002,16
729.063,16
729.124,15
729.185,18
729.246,17
729.307,21
729.367,18
729.428,20
729.489,18
729.55,18
729.611,23
729.672,22
729.733,22
729.793,22
729.854,20
729.915,16
729.976,18
730.037,17
730.098,18
730.159,14
730.219,14
730.28,14
730.341,13
730.402,14
730.463,16
730.524,15
730.585,15
730.646,12
730.707,11
730.767,10
730.828,10
730.889,11
730.95,9
731.011,8
731.072,8
731.133,9
731.194,10
731.255,12
731.316,14
731.377,17
731.438,17
731.498,15
731.559,11
731.62,10
731.681,14
731.742,17
731.803,17
731.864,21
731.925,17
731.986,15
732.047,16
732.108,13
732.169,11
732.23,15
732.291,15
732.352,15
732.413,14
732.474,10
732.535,11
732.596,16
732.657,20
732.718,18
732.779,19
732.84,17
732.901,17
732.962,17
733.023,13
733.084,9
733.145,8
733.206,8
733.267,12
733.328,13
733.389,12
733.45,12
733.511,11
733.572,11
733.633,9
733.694,13
733.755,13
733.816,15
733.877,17
733.938,15
733.999,12
734.06,8
734.121,10
734.182,7
734.243,10
734.304,12
734.365,9
734.426,14
734.487,19
734.548,18
734.609,20
734.67,17
734.731,15
734.793,19
734.854,19
734.915,20
734.976,16
735.037,14
735.098,12
735.159,10
735.22,9
735.281,6
735.342,8
735.403,9
735.464,8
735.526,13
735.587,12
735.648,11
735.709,15
735.77,17
735.831,15
735.892,18
735.953,17
736.014,19
736.076,18
736.137,18
736.198,17
736.259,10
736.32,12
736.381,9
736.442,8
736.503,8
736.565,11
736.626,10
736.687,10
736.748,13
736.809,12
736.87,14
736.932,17
736.993,19
737.054,15
737.115,16
737.176,16
737.237,11
737.299,15
737.36,16
737.421,14
737.482,16
737.543,12
737.604,10
737.666,9
737.727,6
737.788,7
737.849,5
737.91,4
737.972,8
738.033,9
738.094,12
738.155,16
738.216,20
738.278,20
738.339,20
738.4,21
738.461,19
738.523,22
738.584,22
738.645,18
738.706,17
738.767,14
738.829,16
738.89,15
738.951,13
739.012,14
739.074,10
739.135,8
739.196,5
739.257,3
739.319,4
739.38,3
739.441,3
739.503,4
739.564,6
739.625,11
739.686,15
739.748,17
739.809,16
739.87,14
739.931,16
739.993,16
740.054,17
740.115,16
740.177,15
740.238,14
740.299,12
740.361,14
740.422,11
740.483,12
740.544,12
740.606,11
740.667,13
740.728,12
740.79,13
740.851,12
740.912,14
740.974,15
741.035,15
741.096,15
741.158,19
741.219,17
741.28,21
741.342,21
741.403,15
741.464,16
741.526,13
741.587,14
741.648,10
741.71,12
741.771,13
741.833,12
741.894,11
741.955,13
742.017,12
742.078,13
742.139,13
742.201,13
742.262,16
742.324,17
742.385,21
742.446,19
742.508,17
742.569,18
742.631,18
742.692,15
742.753,14
742.815,11
742.876,9
742.938,9
742.999,7
743.06,5
743.122,7
743.183,9
743.245,11
743.306,14
743.367,16
743.429,18
743.49,19
743.552,18
743.613,17
743.675,14
743.736,12
743.798,11
743.859,9
743.92,7
743.982,8
744.043,7
744.105,6
744.166,8
744.228,8
744.289,12
744.351,14
744.412,17
744.474,17
744.535,17
744.597,19
744.658,15
744.72,13
744.781,12
744.843,15
744.904,18
744.966,20
745.027,19
745.089,14
745.15,10
745.212,13
745.273,13
745.335,14
745.396,16
745.458,12
745.519,11
745.581,14
745.642,13
745.704,14
745.765,16
745.827,17
745.888,19
745.95,18
746.011,15
746.073,16
746.134,15
746.196,14
746.257,16
746.319,14
746.381,11
746.442,11
746.504,10
746.565,7
746.627,7
746.688,9
746.75,7
746.812,7
746.873,10
746.935,9
746.996,12
747.058,13
747.119,17
747.181,17
747.243,15
747.304,18
747.366,15
747.427,15
747.489,16
747.551,19
747.612,17
747.674,17
747.735,17
747.797,15
747.859,13
747.92,13
747.982,12
748.044,10
748.105,9
748.167,6
748.228,6
748.29,4
748.352,14
748.413,14
748.475,16
748.537,19
748.598,15
748.66,17
748.722,15
748.783,17
748.845,19
748.907,17
748.968,17
749.03,16
749.092,11
749.153,14
749.215,13
749.277,10
749.338,11
749.4,9
749.462,10
749.523,10
749.585,14
749.647,15
749.708,18
749.77,18
749.832,12
749.893,12
749.955,13
750.017,18
750.079,18
750.14,19
750.202,15
750.264,13
750.325,10
750.387,11
750.449,11
750.511,9
750.572,13
750.634,9
750.696,8
750.757,10
750.819,15
750.881,17
750.943,16
751.004,17
751.066,11
751.128,10
751.19,13
751.251,11
751.313,13
751.375,14
751.437,11
751.499,11
751.56,14
751.622,13
751.684,12
751.746,10
751.807,6
751.869,4
751.931,6
751.993,4
752.055,7
752.116,6
752.178,6
752.24,11
752.302,12
752.364,14
752.425,21
752.487,20
752.549,23
752.611,24
752.673,19
752.734,22
752.796,16
752.858,15
752.92,14
752.982,9
753.044,10
753.105,10
753.167,10
753.229,11
753.291,15
753.353,19
753.415,19
753.476,22
753.538,22
753.6,18
753.662,16
753.724,18
753.786,18
753.848,20
753.909,23
753.971,20
754.033,16
754.095,18
754.157,18
754.219,19
754.281,18
754.343,15
754.404,12
754.466,8
754.528,9
754.59,8
754.652,8
754.714,9
754.776,10
754.838,11
754.9,15
754.962,13
755.024,14
755.085,15
755.147,12
755.209,15
755.271,11
755.333,10
755.395,13
755.457,12
755.519,12
755.581,12
755.643,8
755.705,7
755.767,8
755.829,7
755.891,7
755.953,8
756.014,8
756.076,7
756.138,9
756.2,7
756.262,9
756.324,11
756.386,13
756.448,17
756.51,14
756.572,13
756.634,11
756.696,6
756.758,8
756.82,13
756.882,13
756.944,12
757.006,14
757.068,10
757.13,9
757.192,10
757.254,8
757.316,9
757.378,12
757.44,10
757.502,12
757.564,11
757.626,8
757.688,11
757.75,9
757.812,10
757.874,12
757.936,12
757.998,13
758.06,15
758.122,13
758.184,10
758.247,10
758.309,8
758.371,8
758.433,10
758.495,12
758.557,11
758.619,14
758.681,10
758.743,12
758.805,13
758.867,10
758.929,12
758.991,11
759.053,11
759.115,14
759.178,16
759.24,13
759.302,11
759.364,10
759.426,8
759.488,9
759.55,14
759.612,12
759.674,13
759.736,13
759.799,9
759.861,9
759.923,12
759.985,11
760.047,11
760.109,10
760.171,8
760.233,8
760.296,8
760.358,11
760.42,9
760.482,8
760.544,8
760.606,8
760.668,16
760.731,16
760.793,22
760.855,21
760.917,17
760.979,16
761.041,8
761.103,7
761.166,7
761.228,11
761.29,12
761.352,14
761.414,15
761.477,15
761.539,18
761.601,20
761.663,20
761.725,17
761.787,16
761.85,13
761.912,10
761.974,9
762.036,10
762.098,10
762.161,9
762.223,15
762.285,12
762.347,14
762.41,14
762.472,14
762.534,15
762.596,12
762.658,13
762.721,11
762.783,9
762.845,10
762.907,14
762.97,13
763.032,16
763.094,17
763.156,17
763.219,13
763.281,18
763.343,16
763.405,12
763.468,15
763.53,9
763.592,10
763.654,9
763.717,11
763.779,13
763.841,13
763.904,14
763.966,12
764.028,12
764.09,10
764.153,8
764.215,9
764.277,7
764.34,7
764.402,9
764.464,8
764.527,9
764.589,9
764.651,8
764.713,9
764.776,7
764.838,8
764.9,9
764.963,9
765.025,10
765.087,11
765.15,11
765.212,12
765.274,11
765.337,12
765.399,11
765.461,9
765.524,14
765.586,13
765.648,17
765.711,23
765.773,21
765.836,24
765.898,23
765.96,18
766.023,17
766.085,13
766.147,10
766.21,10
766.272,9
766.335,11
766.397,10
766.459,12
766.522,12
766.584,13
766.646,13
766.709,9
766.771,14
766.834,16
766.896,14
766.958,16
767.021,16
767.083,15
767.146,16
767.208,19
767.271,18
767.333,18
767.395,24
767.458,24
767.52,22
767.583,21
767.645,19
767.708,17
767.77,16
767.832,16
767.895,9
767.957,9
768.02,10
768.082,9
768.145,7
768.207,8
768.27,9
768.332,8
768.395,12
768.457,12
768.519,10
768.582,13
768.644,12
768.707,10
768.769,9
768.832,7
768.894,7
768.957,9
769.019,10
769.082,10
769.144,12
769.207,15
769.269,18
769.332,21
769.394,26
769.457,22
769.519,22
769.582,19
769.644,11
769.707,8
769.769,6
769.832,8
769.895,6
769.957,7
770.02,7
770.082,5
770.145,8
770.207,16
770.27,16
770.332,19
770.395,19
770.457,11
770.52,12
770.582,12
770.645,10
770.708,13
770.77,17
770.833,17
770.895,21
770.958,23
771.02,18
771.083,18
771.146,17
771.208,13
771.271,15
771.333,13
771.396,12
771.459,15
771.521,14
771.584,14
771.646,14
771.709,11
771.772,11
771.834,11
771.897,11
771.959,14
772.022,14
772.085,13
772.147,12
772.21,10
772.272,11
772.335,15
772.398,16
772.46,15
772.523,12
772.586,7
772.648,5
772.711,5
772.774,5
772.836,8
772.899,9
772.962,13
773.024,15
773.087,14
773.149,16
773.212,16
773.275,19
773.337,19
773.4,19
773.463,17
773.525,13
773.588,15
773.651,11
773.714,8
773.776,9
773.839,7
773.902,8
773.964,9
774.027,8
774.09,7
774.152,7
774.215,5
774.278,5
774.341,5
774.403,6
774.466,10
774.529,9
774.591,8
774.654,9
774.717,10
774.78,13
774.842,17
774.905,14
774.968,14
775.031,13
775.093,12
775.156,15
775.219,11
775.281,12
775.344,9
775.407,6
775.47,10
775.533,7
775.595,8
775.658,9
775.721,6
775.784,10
775.846,10
775.909,10
775.972,16
776.035,12
776.097,17
776.16,18
776.223,14
776.286,15
776.349,10
776.411,10
776.474,6
776.537,5
776.6,4
776.663,4
776.725,7
776.788,9
776.851,9
776.914,8
776.977,12
777.039,11
777.102,13
777.165,17
777.228,15
777.291,14
777.354,18
777.416,19
777.479,18
777.542,19
777.605,15
777.668,9
777.731,8
777.794,10
777.856,8
777.919,9
777.982,7
778.045,6
778.108,10
778.171,8
778.234,12
778.296,10
778.359,10
778.422,13
778.485,12
778.548,15
778.611,13
778.674,16
778.737,17
778.8,16
778.862,18
778.925,17
778.988,13
779.051,18
779.114,16
779.177,14
779.24,18
779.303,15
779.366,17
779.429,14
779.491,14
779.554,10
779.617,13
779.68,16
779.743,18
779.806,20
779.869,22
779.932,19
779.995,18
780.058,18
780.121,10
780.184,8
780.247,5
780.31,8
780.373,8
780.436,10
780.499,9
780.562,5
780.625,6
780.687,6
780.75,8
780.813,9
780.876,9
780.939,9
781.002,11
781.065,12
781.128,12
781.191,15
781.254,16
781.317,15
781.38,17
781.443,16
781.506,11
781.569,15
781.632,16
781.695,19
781.758,19
781.821,15
781.884,15
781.947,11
782.01,13
782.073,12
782.136,12
782.2,12
782.263,12
782.326,15
782.389,13
782.452,13
782.515,16
782.578,15
782.641,18
782.704,19
782.767,18
782.83,21
782.893,18
782.956,16
783.019,12
783.082,6
783.145,7
783.208,7
783.271,8
783.335,10
783.398,11
783.461,14
783.524,15
783.587,15
783.65,11
783.713,12
783.776,13
783.839,12
783.902,16
783.965,16
784.029,15
784.092,19
784.155,21
784.218,15
784.281,15
784.344,15
784.407,12
784.47,12
784.533,18
784.597,15
784.66,13
784.723,15
784.786,14
784.849,14
784.912,15
784.975,15
785.039,15
785.102,15
785.165,15
785.228,14
785.291,13
785.354,14
785.418,18
785.481,20
785.544,18
785.607,17
785.67,12
785.733,12
785.797,12
785.86,12
785.923,14
785.986,12
786.049,13
786.112,10
786.176,8
786.239,8
786.302,15
786.365,16
786.428,16
786.492,17
786.555,10
786.618,15
786.681,15
786.745,13
786.808,15
786.871,13
786.934,19
786.997,26
787.061,25
787.124,22
787.187,16
787.25,12
787.314,11
787.377,11
787.44,11
787.503,11
787.567,15
787.63,14
787.693,16
787.756,17
787.82,15
787.883,18
787.946,17
788.009,15
788.073,12
788.136,16
788.199,15
788.262,17
788.326,18
788.389,17
788.452,16
788.516,16
788.579,21
788.642,19
788.705,24
788.769,26
788.832,25
788.895,22
788.959,20
789.022,19
789.085,18
789.149,19
789.212,23
789.275,17
789.339,12
789.402,14
789.465,11
789.529,13
789.592,13
789.655,16
789.719,14
789.782,14
789.845,15
789.909,9
789.972,6
790.035,6
790.099,14
790.162,19
790.225,23
790.289,26
790.352,23
790.415,20
790.479,21
790.542,19
790.606,18
790.669,22
790.732,23
790.796,27
790.859,25
790.922,23
790.986,20
791.049,13
791.113,13
791.176,10
791.239,9
791.303,8
791.366,9
791.43,9
791.493,11
791.556,16
791.62,16
791.683,17
791.747,17
791.81,19
791.874,15
791.937,15
792,13
792.064,13
792.127,15
792.191,17
792.254,18
792.318,17
792.381,17
792.445,15
792.508,18
792.571,18
792.635,20
792.698,20
792.762,18
792.825,17
792.889,15
792.952,16
793.016,16
793.079,17
793.143,16
793.206,15
793.27,12
793.333,7
793.397,8
793.46,7
793.524,8
793.587,14
793.651,12
793.714,12
793.778,11
793.841,7
793.905,11
793.968,11
794.032,12
794.095,12
794.159,10
794.222,12
794.286,12
794.349,17
794.413,17
794.476,13
794.54,12
794.603,10
794.667,10
794.73,12
794.794,11
794.857,11
794.921,13
794.985,13
795.048,13
795.112,9
795.175,5
795.239,5
795.302,9
795.366,9
795.429,17
795.493,17
795.557,15
795.62,14
795.684,11
795.747,12
795.811,14
795.875,21
795.938,22
796.002,21
796.065,21
796.129,20
796.192,16
796.256,16
796.32,17
796.383,12
796.447,13
796.511,14
796.574,14
796.638,17
796.701,17
796.765,15
796.829,14
796.892,11
796.956,13
797.02,16
797.083,15
797.147,18
797.21,16
797.274,19
797.338,22
797.401,20
797.465,19
797.529,15
797.592,11
797.656,10
797.72,13
797.783,13
797.847,15
797.911,13
797.974,11
798.038,13
798.102,12
798.165,9
798.229,11
798.293,9
798.356,9
798.42,11
798.484,11
798.547,13
798.611,15
798.675,12
798.739,11
798.802,10
798.866,8
798.93,9
798.993,7
799.057,6
799.121,7
799.185,6
799.248,9
799.312,9
799.376,11
799.439,12
799.503,14
799.567,17
799.631,18
799.694,18
799.758,18
799.822,17
799.886,13
799.949,16
800.013,15
800.077,13
800.141,17
800.204,12
800.268,8
800.332,8
800.396,5
800.459,3
800.523,6
800.587,9
800.651,12
800.715,10
800.778,11
800.842,10
800.906,8
800.97,10
801.034,12
801.097,10
801.161,11
801.225,13
801.289,10
801.353,11
801.416,12
801.48,9
801.544,8
801.608,8
801.672,5
801.735,9
801.799,10
801.863,11
801.927,13
801.991,10
802.055,10
802.118,10
802.182,8
802.246,10
802.31,14
802.374,14
802.438,16
802.502,22
802.565,21
802.629,22
802.693,23
802.757,20
802.821,17
802.885,17
802.949,17
803.012,12
803.076,11
803.14,9
803.204,7
803.268,9
803.332,9
803.396,13
803.46,13
803.524,15
803.587,22
803.651,19
803.715,19
803.779,20
803.843,14
803.907,17
803.971,21
804.035,18
804.099,20
804.163,18
804.227,17
804.291,19
804.354,18
804.418,17
804.482,14
804.546,13
804.61,10
804.674,12
804.738,15
804.802,15
804.866,17
804.93,14
804.994,15
805.058,17
805.122,17
805.186,19
805.25,18
805.314,12
805.378,14
805.442,14
805.506,11
805.57,13
805.634,11
805.698,14
805.762,14
805.826,12
805.889,13
805.953,9
806.017,9
806.081,16
806.145,21
806.209,22
806.273,24
806.337,24
806.402,23
806.466,23
806.53,28
806.594,20
806.658,17
806.722,20
806.786,15
806.85,19
806.914,15
806.978,14
807.042,14
807.106,12
807.17,13
807.234,14
807.298,13
807.362,10
807.426,13
807.49,9
807.554,9
807.618,11
807.682,12
807.746,14
807.81,17
807.874,19
807.939,19
808.003,17
808.067,13
808.131,11
808.195,6
808.259,7
808.323,7
808.387,8
808.451,12
808.515,11
808.579,16
808.644,12
808.708,13
808.772,13
808.836,13
808.9,18
808.964,17
809.028,17
809.092,19
809.156,16
809.221,12
809.285,17
809.349,14
809.413,17
809.477,17
809.541,12
809.605,12
809.669,9
809.734,12
809.798,12
809.862,12
809.926,11
809.99,13
810.054,13
810.119,13
810.183,13
810.247,10
810.311,8
810.375,12
810.439,10
810.504,11
810.568,12
810.632,9
810.696,13
810.76,10
810.824,12
810.889,11
810.953,12
811.017,13
811.081,13
811.145,12
811.21,8
811.274,10
811.338,7
811.402,8
811.466,8
811.531,12
811.595,15
811.659,17
811.723,19
811.788,13
811.852,11
811.916,8
811.98,7
812.045,7
812.109,8
812.173,10
812.237,11
812.302,12
812.366,12
812.43,10
812.494,7
812.559,8
812.623,7
812.687,7
812.751,10
812.816,12
812.88,14
812.944,15
813.008,16
813.073,15
813.137,17
813.201,17
813.266,18
813.33,15
813.394,12
813.458,13
813.523,12
813.587,12
813.651,14
813.716,11
813.78,9
813.844,11
813.909,8
813.973,11
814.037,9
814.101,12
814.166,12
814.23,9
814.294,11
814.359,10
814.423,10
814.487,14
814.552,18
814.616,17
814.68,20
814.745,19
814.809,15
814.874,14
814.938,17
815.002,19
815.067,20
815.131,16
815.195,15
815.26,13
815.324,12
815.388,15
815.453,12
815.517,16
815.582,22
815.646,22
815.71,22
815.775,19
815.839,14
815.903,12
815.968,13
816.032,13
816.097,10
816.161,6
816.225,6
816.29,4
816.354,8
816.419,15
816.483,14
816.548,14
816.612,13
816.676,11
816.741,13
816.805,14
816.87,16
816.934,18
816.999,18
817.063,20
817.127,21
817.192,15
817.256,12
817.321,9
817.385,7
817.45,11
817.514,12
817.579,17
817.643,19
817.707,18
817.772,20
817.836,16
817.901,12
817.965,11
818.03,10
818.094,12
818.159,11
818.223,11
818.288,13
818.352,12
818.417,12
818.481,13
818.546,11
818.61,11
818.675,13
818.739,10
818.804,11
818.868,10
818.933,9
818.997,14
819.062,15
819.126,16
819.191,15
819.255,15
819.32,12
819.384,11
819.449,8
819.514,9
819.578,13
819.643,14
819.707,13
819.772,16
819.836,14
819.901,18
819.965,18
820.03,15
820.094,14
820.159,11
820.224,9
820.288,5
820.353,8
820.417,8
820.482,11
820.546,10
820.611,6
820.676,5
820.74,4
820.805,9
820.869,14
820.934,16
820.999,21
821.063,22
821.128,23
821.192,27
821.257,26
821.322,25
821.386,21
821.451,18
821.515,18
821.58,18
821.645,19
821.709,18
821.774,14
821.839,12
821.903,12
821.968,13
822.032,12
822.097,15
822.162,15
822.226,15
822.291,19
822.356,17
822.42,16
822.485,15
822.55,12
822.614,11
822.679,11
822.744,12
822.808,12
822.873,14
822.938,18
823.002,17
823.067,15
823.132,15
823.196,12
823.261,13
823.326,12
823.39,11
823.455,12
823.52,14
823.584,11
823.649,12
823.714,11
823.779,16
823.843,14
823.908,14
823.973,16
824.037,12
824.102,16
824.167,15
824.232,19
824.296,18
824.361,18
824.426,18
824.49,16
824.555,14
824.62,9
824.685,12
824.749,8
824.814,14
824.879,17
824.944,14
825.008,18
825.073,14
825.138,14
825.203,16
825.268,14
825.332,16
825.397,15
825.462,16
825.527,17
825.591,14
825.656,11
825.721,8
825.786,8
825.851,10
825.915,10
825.98,15
826.045,16
826.11,15
826.174,19
826.239,15
826.304,13
826.369,14
826.434,12
826.499,11
826.563,14
826.628,13
826.693,12
826.758,15
826.823,11
826.887,12
826.952,13
827.017,13
827.082,14
827.147,13
827.212,12
827.276,10
827.341,8
827.406,8
827.471,13
827.536,13
827.601,13
827.666,16
827.73,13
827.795,15
827.86,18
827.925,13
827.99,11
828.055,10
828.12,11
828.185,13
828.249,12
828.314,9
828.379,8
828.444,8
828.509,7
828.574,10
828.639,8
828.704,8
828.769,11
828.834,11
828.898,12
828.963,12
829.028,18
829.093,17
829.158,19
829.223,18
829.288,15
829.353,19
829.418,18
829.483,19
829.548,23
829.613,20
829.678,19
829.742,20
829.807,16
829.872,17
829.937,16
830.002,13
830.067,14
830.132,12
830.197,10
830.262,9
830.327,8
830.392,10
830.457,16
830.522,16
830.587,17
830.652,14
830.717,13
830.782,15
830.847,16
830.912,18
830.977,18
831.042,19
831.107,19
831.172,16
831.237,11
831.302,8
831.367,11
831.432,20
831.497,21
831.562,24
831.627,22
831.692,19
831.757,22
831.822,20
831.887,20
831.952,15
832.017,14
832.082,16
832.147,16
832.212,15
832.277,13
832.342,12
832.407,13
832.472,12
832.537,12
832.602,9
832.668,11
832.733,13
832.798,12
832.863,12
832.928,7
832.993,9
833.058,11
833.123,12
833.188,14
833.253,12
833.318,15
833.383,14
833.448,15
833.514,15
833.579,14
833.644,18
833.709,16
833.774,16
833.839,13
833.904,8
833.969,7
834.034,6
834.099,6
834.165,7
834.23,11
834.295,16
834.36,18
834.425,18
834.49,14
834.555,12
834.62,13
834.686,18
834.751,18
834.816,15
834.881,12
834.946,10
835.011,12
835.077,11
835.142,11
835.207,11
835.272,10
835.337,13
835.402,12
835.467,8
835.533,9
835.598,14
835.663,14
835.728,17
835.793,18
835.859,13
835.924,15
835.989,19
836.054,23
836.119,22
836.185,25
836.25,25
836.315,18
836.38,16
836.445,11
836.511,7
836.576,10
836.641,10
836.706,14
836.771,11
836.837,12
836.902,17
836.967,14
837.032,17
837.098,19
837.163,17
837.228,18
837.293,20
837.359,17
837.424,17
837.489,17
837.554,14
837.62,12
837.685,11
837.75,12
837.815,13
837.881,18
837.946,18
838.011,18
838.076,16
838.142,13
838.207,15
838.272,11
838.337,15
838.403,18
838.468,17
838.533,21
838.599,20
838.664,16
838.729,15
838.795,12
838.86,15
838.925,14
838.99,17
839.056,20
839.121,16
839.186,16
839.252,13
839.317,14
839.382,15
839.448,14
839.513,14
839.578,11
839.644,10
839.709,12
839.774,16
839.84,16
839.905,21
839.97,23
840.036,20
840.101,21
840.166,17
840.232,17
840.297,16
840.362,16
840.428,14
840.493,14
840.559,13
840.624,13
840.689,12
840.755,8
840.82,10
840.885,10
840.951,10
841.016,10
841.082,11
841.147,12
841.212,15
841.278,17
841.343,14
841.409,14
841.474,15
841.539,15
841.605,15
841.67,13
841.736,13
841.801,11
841.867,12
841.932,15
841.997,13
842.063,16
842.128,17
842.194,12
842.259,11
842.325,9
842.39,8
842.455,12
842.521,12
842.586,14
842.652,15
842.717,14
842.783,17
842.848,20
842.914,20
842.979,19
843.045,18
843.11,16
843.175,16
843.241,19
843.306,18
843.372,17
843.437,18
843.503,15
843.568,13
843.634,14
843.699,14
843.765,13
843.83,14
843.896,16
843.961,17
844.027,20
844.092,19
844.158,16
844.223,14
844.289,11
844.354,10
844.42,13
844.485,11
844.551,14
844.617,14
844.682,10
844.748,10
844.813,7
844.879,8
844.944,8
845.01,11
845.075,11
845.141,9
845.206,12
845.272,12
845.338,13
845.403,16
845.469,16
845.534,16
845.6,15
845.665,13
845.731,18
845.797,14
845.862,15
845.928,16
845.993,11
846.059,11
846.124,9
846.19,9
846.256,7
846.321,6
846.387,8
846.452,8
846.518,9
846.584,11
846.649,11
846.715,11
846.78,13
846.846,14
846.912,13
846.977,11
847.043,14
847.109,14
847.174,15
847.24,20
847.305,19
847.371,19
847.437,16
847.502,14
847.568,14
847.634,14
847.699,17
847.765,16
847.831,12
847.896,10
847.962,9
848.028,8
848.093,10
848.159,16
848.225,15
848.29,17
848.356,17
848.422,15
848.487,17
848.553,16
848.619,15
848.684,12
848.75,9
848.816,13
848.881,13
848.947,16
849.013,18
849.079,14
849.144,14
849.21,11
849.276,10
849.341,10
849.407,11
849.473,14
849.539,17
849.604,19
849.67,17
849.736,14
849.801,12
849.867,12
849.933,11
849.999,10
850.064,11
850.13,10
850.196,11
850.262,10
850.327,10
850.393,8
850.459,7
850.525,9
850.59,9
850.656,10
850.722,9
850.788,11
850.854,8
850.919,8
850.985,12
851.051,11
851.117,12
851.182,14
851.248,14
851.314,14
851.38,15
851.446,13
851.511,12
851.577,11
851.643,10
851.709,10
851.775,8
851.84,6
851.906,6
851.972,4
852.038,5
852.104,8
852.17,9
852.235,10
852.301,11
852.367,12
852.433,12
852.499,16
852.565,16
852.63,15
852.696,15
852.762,14
852.828,11
852.894,10
852.96,11
853.026,9
853.091,11
853.157,11
853.223,10
853.289,8
853.355,7
853.421,7
853.487,5
853.553,10
853.618,14
853.684,15
853.75,18
853.816,16
853.882,15
853.948,13
854.014,10
854.08,13
854.146,13
854.211,13
854.277,14
854.343,10
854.409,10
854.475,11
854.541,12
854.607,14
854.673,10
854.739,11
854.805,11
854.871,7
854.937,7
855.003,9
855.068,8
855.134,10
855.2,16
855.266,12
855.332,13
855.398,12
855.464,10
855.53,10
855.596,14
855.662,14
855.728,15
855.794,13
855.86,8
855.926,7
855.992,3
856.058,8
856.124,10
856.19,13
856.256,16
856.322,16
856.388,18
856.454,19
856.52,18
856.586,18
856.652,17
856.718,15
856.784,13
856.85,11
856.916,10
856.982,14
857.048,16
857.114,15
857.18,17
857.246,14
857.312,14
857.378,15
857.444,12
857.51,10
857.576,8
857.642,8
857.708,10
857.774,11
857.84,12
857.906,13
857.972,14
858.038,15
858.104,16
858.17,17
858.237,17
858.303,19
858.369,18
858.435,19
858.501,21
858.567,20
858.633,20
858.699,23
858.765,17
858.831,16
858.897,15
858.963,16
859.029,16
859.096,17
859.162,17
859.228,12
859.294,14
859.36,12
859.426,10
859.492,14
859.558,13
859.624,12
859.691,15
859.757,14
859.823,14
859.889,15
859.955,11
860.021,10
860.087,12
860.153,10
860.22,8
860.286,11
860.352,8
860.418,10
860.484,15
860.55,11
860.616,12
860.683,11
860.749,13
860.815,12
860.881,11
860.947,12
861.013,14
861.08,16
861.146,17
861.212,18
861.278,16
861.344,14
861.411,14
861.477,11
861.543,8
861.609,11
861.675,10
861.742,10
861.808,12
861.874,9
861.94,10
862.006,11
862.073,10
862.139,10
862.205,11
862.271,12
862.337,9
862.404,8
862.47,6
862.536,12
862.602,18
862.669,19
862.735,17
862.801,8
862.867,3
862.934,8
863,10
863.066,12
863.132,16
863.199,12
863.265,11
863.331,10
863.397,9
863.464,12
863.53,14
863.596,14
863.662,16
863.729,13
863.795,12
863.861,14
863.928,8
863.994,6
864.06,8
864.126,8
864.193,11
864.259,11
864.325,9
864.392,10
864.458,7
864.524,9
864.591,10
864.657,9
864.723,14
864.789,17
864.856,16
864.922,14
864.988,13
865.055,11
865.121,11
865.187,13
865.254,12
865.32,11
865.386,15
865.453,14
865.519,16
865.585,15
865.652,14
865.718,14
865.785,10
865.851,9
865.917,7
865.984,6
866.05,6
866.116,9
866.183,10
866.249,11
866.315,14
866.382,13
866.448,11
866.515,13
866.581,13
866.647,12
866.714,12
866.78,10
866.847,10
866.913,13
866.979,14
867.046,12
867.112,10
867.179,6
867.245,4
867.311,5
867.378,6
867.444,9
867.511,11
867.577,12
867.644,13
867.71,13
867.776,13
867.843,16
867.909,16
867.976,12
868.042,11
868.109,9
868.175,9
868.242,10
868.308,11
868.374,12
868.441,12
868.507,12
868.574,13
868.64,10
868.707,15
868.773,16
868.84,13
868.906,14
868.973,14
869.039,14
869.106,16
869.172,16
869.239,14
869.305,15
869.372,15
869.438,15
869.505,20
869.571,19
869.638,17
869.704,17
869.771,13
869.837,12
869.904,12
869.97,11
870.037,7
870.103,8
870.17,9
870.236,8
870.303,12
870.369,14
870.436,12
870.502,16
870.569,16
870.635,14
870.702,15
870.769,12
870.835,13
870.902,12
870.968,15
871.035,16
871.101,16
871.168,14
871.234,10
871.301,7
871.368,4
871.434,7
871.501,7
871.567,8
871.634,11
871.701,10
871.767,10
871.834,10
871.9,8
871.967,9
872.033,12
872.1,13
872.167,17
872.233,16
872.3,15
872.367,14
872.433,11
872.5,11
872.566,10
872.633,10
872.7,10
872.766,11
872.833,10
872.9,11
872.966,12
873.033,11
873.099,11
873.166,12
873.233,11
873.299,12
873.366,10
873.433,9
873.499,9
873.566,7
873.633,13
873.699,14
873.766,18
873.833,16
873.899,14
873.966,12
874.033,8
874.099,9
874.166,10
874.233,9
874.299,12
874.366,18
874.433,14
874.499,18
874.566,15
874.633,14
874.7,15
874.766,12
874.833,12
874.9,13
874.966,12
875.033,14
875.1,16
875.167,11
875.233,13
875.3,11
875.367,7
875.433,8
875.5,10
875.567,12
875.634,13
875.7,13
875.767,11
875.834,9
875.901,8
875.967,8
876.034,7
876.101,6
876.168,10
876.234,8
876.301,8
876.368,8
876.435,4
876.501,5
876.568,6
876.635,7
876.702,11
876.769,14
876.835,11
876.902,10
876.969,11
877.036,11
877.102,12
877.169,12
877.236,12
877.303,9
877.37,10
877.437,9
877.503,12
877.57,12
877.637,16
877.704,18
877.771,18
877.837,17
877.904,19
877.971,20
878.038,18
878.105,17
878.172,10
878.238,6
878.305,9
878.372,13
878.439,11
878.506,13
878.573,12
878.639,9
878.706,8
878.773,5
878.84,7
878.907,7
878.974,10
879.041,13
879.108,10
879.174,10
879.241,12
879.308,11
879.375,12
879.442,11
879.509,9
879.576,7
879.643,13
879.709,13
879.776,11
879.843,14
879.91,10
879.977,14
880.044,18
880.111,17
880.178,22
880.245,19
880.312,16
880.379,17
880.445,15
880.512,17
880.579,17
880.646,19
880.713,17
880.78,17
880.847,20
880.914,17
880.981,14
881.048,14
881.115,11
881.182,14
881.249,19
881.316,18
881.383,20
881.45,19
881.517,15
881.584,15
881.651,16
881.718,17
881.784,13
881.851,13
881.918,13
881.985,14
882.052,14
882.119,12
882.186,10
882.253,6
882.32,9
882.387,11
882.454,10
882.521,13
882.588,14
882.655,14
882.722,16
882.789,13
882.856,13
882.923,16
882.99,16
883.057,17
883.125,13
883.192,8
883.259,9
883.326,9
883.393,9
883.46,10
883.527,7
883.594,8
883.661,9
883.728,10
883.795,10
883.862,11
883.929,10
883.996,10
884.063,11
884.13,11
884.197,12
884.264,12
884.331,15
884.399,12
884.466,13
884.533,14
884.6,14
884.667,14
884.734,14
884.801,13
884.868,13
884.935,13
885.002,12
885.069,11
885.136,8
885.204,11
885.271,12
885.338,14
885.405,15
885.472,16
885.539,16
885.606,16
885.673,18
885.741,14
885.808,17
885.875,16
885.942,17
886.009,20
886.076,16
886.143,18
886.211,15
886.278,13
886.345,16
886.412,14
886.479,14
886.546,17
886.613,13
886.681,14
886.748,15
886.815,12
886.882,14
886.949,13
887.016,12
887.084,13
887.151,12
887.218,14
887.285,12
887.352,12
887.42,17
887.487,15
887.554,19
887.621,21
887.688,19
887.756,17
887.823,14
887.89,15
887.957,15
888.024,16
888.092,18
888.159,13
888.226,13
888.293,15
888.36,16
888.428,16
888.495,16
888.562,17
888.629,14
888.697,17
888.764,18
888.831,16
888.898,13
888.966,11
889.033,10
889.1,11
889.167,11
889.235,13
889.302,13
889.369,12
889.436,19
889.504,18
889.571,17
889.638,16
889.706,10
889.773,10
889.84,11
889.907,9
889.975,11
890.042,8
890.109,7
890.177,12
890.244,12
890.311,13
890.378,17
890.446,13
890.513,12
890.58,13
890.648,10
890.715,7
890.782,5
890.85,3
890.917,5
890.984,9
891.052,10
891.119,9
891.186,9
891.254,9
891.321,9
891.388,10
891.456,11
891.523,11
891.59,12
891.658,12
891.725,10
891.792,6
891.86,6
891.927,7
891.995,10
892.062,13
892.129,16
892.197,16
892.264,17
892.331,18
892.399,17
892.466,17
892.534,14
892.601,15
892.668,12
892.736,12
892.803,18
892.871,17
892.938,18
893.005,18
893.073,14
893.14,10
893.208,7
893.275,8
893.342,5
893.41,7
893.477,11
893.545,11
893.612,12
893.68,14
893.747,13
893.814,11
893.882,13
893.949,13
894.017,14
894.084,16
894.152,17
894.219,18
894.287,16
894.354,14
894.421,9
894.489,9
894.556,9
894.624,12
894.691,13
894.759,11
894.826,14
894.894,11
894.961,9
895.029,10
895.096,9
895.164,9
895.231,10
895.299,10
895.366,7
895.434,9
895.501,8
895.569,8
895.636,12
895.704,12
895.771,17
895.839,15
895.906,15
895.974,13
896.041,12
896.109,12
896.176,10
896.244,10
896.311,9
896.379,12
896.446,11
896.514,10
896.582,13
896.649,13
896.717,13
896.784,14
896.852,15
896.919,14
896.987,14
897.054,16
897.122,15
897.19,16
897.257,16
897.325,18
897.392,19
897.46,16
897.527,15
897.595,10
897.663,8
897.73,8
897.798,10
897.865,11
897.933,7
898.001,11
898.068,12
898.136,11
898.203,14
898.271,13
898.339,10
898.406,11
898.474,14
898.541,11
898.609,16
898.677,15
898.744,15
898.812,15
898.879,14
898.947,14
899.015,13
899.082,15
899.15,14
899.218,16
899.285,14
899.353,12
899.421,9
899.488,10
899.556,12
899.624,14
899.691,16
899.759,17
899.827,18
899.894,16
899.962,19
900.03,17
900.097,13
900.165,12
900.233,10
900.3,9
900.368,10
900.436,11
900.503,11
900.571,9
900.639,8
900.706,11
900.774,7
900.842,9
900.91,12
900.977,14
901.045,17
901.113,18
901.18,15
901.248,10
901.316,7
901.384,8
901.451,11
901.519,11
901.587,12
901.655,9
901.722,9
901.79,10
901.858,12
901.925,12
901.993,12
902.061,12
902.129,12
902.196,12
902.264,12
902.332,11
902.4,10
902.468,12
902.535,9
902.603,13
902.671,15
902.739,18
902.806,20
902.874,19
902.942,17
903.01,13
903.078,13
903.145,9
903.213,12
903.281,12
903.349,9
903.417,10
903.484,8
903.552,12
903.62,15
903.688,18
903.756,18
903.823,18
903.891,16
903.959,18
904.027,19
904.095,18
904.163,17
904.23,22
904.298,25
904.366,22
904.434,22
904.502,16
904.57,13
904.637,14
904.705,15
904.773,13
904.841,12
904.909,12
904.977,9
905.045,12
905.112,11
905.18,12
905.248,14
905.316,14
905.384,17
905.452,17
905.52,16
905.588,15
905.655,14
905.723,15
905.791,14
905.859,16
905.927,18
905.995,17
906.063,17
906.131,11
906.199,10
906.267,9
906.334,6
906.402,9
906.47,10
906.538,14
906.606,18
906.674,19
906.742,16
906.81,13
906.878,14
906.946,14
907.014,15
907.082,13
907.15,11
907.218,11
907.285,11
907.353,10
907.421,14
907.489,10
907.557,8
907.625,10
907.693,7
907.761,7
907.829,8
907.897,8
907.965,7
908.033,12
908.101,13
908.169,13
908.237,15
908.305,11
908.373,12
908.441,11
908.509,14
908.577,15
908.645,14
908.713,17
908.781,13
908.849,11
908.917,12
908.985,9
909.053,8
909.121,10
909.189,8
909.257,8
909.325,7
909.393,10
909.461,10
909.529,10
909.597,14
909.665,10
909.733,12
909.801,13
909.869,11
909.938,14
910.006,14
910.074,15
910.142,16
910.21,12
910.278,12
910.346,11
910.414,7
910.482,8
910.55,7
910.618,8
910.686,9
910.754,9
910.822,8
910.89,9
910.959,11
911.027,15
911.095,16
911.163,14
911.231,12
911.299,12
911.367,12
911.435,14
911.503,12
911.571,7
911.64,6
911.708,7
911.776,9
911.844,9
911.912,13
911.98,14
912.048,13
912.116,16
912.185,13
912.253,8
912.321,9
912.389,13
912.457,16
912.525,23
912.593,25
912.662,26
912.73,30
912.798,26
912.866,25
912.934,22
913.002,21
913.071,21
913.139,23
913.207,21
913.275,22
913.343,18
913.411,16
913.48,17
913.548,14
913.616,12
913.684,10
913.752,12
913.821,14
913.889,18
913.957,20
914.025,20
914.093,20
914.162,18
914.23,13
914.298,8
914.366,8
914.435,6
914.503,7
914.571,11
914.639,12
914.707,13
914.776,17
914.844,15
914.912,13
914.98,15
915.049,13
915.117,14
915.185,15
915.253,12
915.322,15
915.39,17
915.458,18
915.526,22
915.595,19
915.663,18
915.731,17
915.799,15
915.868,13
915.936,10
916.004,11
916.073,12
916.141,13
916.209,13
916.277,12
916.346,9
916.414,5
916.482,10
916.551,11
916.619,11
916.687,14
916.756,13
916.824,14
916.892,18
916.96,18
917.029,17
917.097,14
917.165,16
917.234,17
917.302,16
917.37,19
917.439,16
917.507,11
917.575,13
917.644,12
917.712,16
917.78,17
917.849,19
917.917,19
917.985,16
918.054,14
918.122,11
918.191,10
918.259,11
918.327,9
918.396,12
918.464,15
918.532,17
918.601,20
918.669,20
918.738,20
918.806,17
918.874,21
918.943,17
919.011,13
919.08,11
919.148,8
919.216,8
919.285,8
919.353,8
919.422,7
919.49,10
919.558,12
919.627,16
919.695,17
919.764,16
919.832,18
919.9,17
919.969,19
920.037,19
920.106,20
920.174,19
920.243,17
920.311,14
920.38,12
920.448,11
920.516,10
920.585,12
920.653,8
920.722,7
920.79,5
920.859,7
920.927,9
920.996,10
921.064,12
921.133,10
921.201,10
921.27,11
921.338,15
921.406,14
921.475,13
921.543,12
921.612,8
921.68,10
921.749,12
921.817,15
921.886,16
921.954,14
922.023,12
922.091,8
922.16,9
922.228,8
922.297,10
922.366,12
922.434,9
922.503,12
922.571,13
922.64,14
922.708,15
922.777,16
922.845,15
922.914,13
922.982,14
923.051,16
923.119,18
923.188,17
923.257,14
923.325,9
923.394,5
923.462,6
923.531,10
923.599,11
923.668,11
923.736,14
923.805,13
923.874,15
923.942,17
924.011,15
924.079,14
924.148,13
924.217,12
924.285,10
924.354,11
924.422,10
924.491,10
924.559,13
924.628,12
924.697,11
924.765,15
924.834,13
924.903,16
924.971,18
925.04,14
925.108,15
925.177,14
925.246,14
925.314,15
925.383,15
925.452,19
925.52,21
925.589,20
925.657,18
925.726,14
925.795,10
925.863,11
925.932,13
926.001,11
926.069,9
926.138,7
926.207,5
926.275,4
926.344,5
926.413,9
926.481,12
926.55,15
926.619,19
926.687,15
926.756,14
926.825,11
926.893,13
926.962,16
927.031,14
927.1,14
927.168,14
927.237,12
927.306,18
927.374,19
927.443,15
927.512,15
927.581,9
927.649,10
927.718,10
927.787,9
927.855,15
927.924,15
927.993,13
928.062,12
928.13,8
928.199,6
928.268,10
928.337,12
928.405,10
928.474,12
928.543,9
928.612,11
928.68,12
928.749,9
928.818,10
928.887,13
928.955,13
929.024,15
929.093,13
929.162,10
929.23,11
929.299,12
929.368,18
929.437,16
929.506,16
929.574,15
929.643,12
929.712,11
929.781,10
929.85,14
929.918,18
929.987,22
930.056,23
930.125,16
930.194,13
930.262,16
930.331,15
930.4,19
930.469,18
930.538,18
930.607,22
930.675,18
930.744,16
930.813,11
930.882,8
930.951,8
931.02,12
931.088,11
931.157,10
931.226,11
931.295,10
931.364,12
931.433,15
931.502,17
931.57,15
931.639,17
931.708,15
931.777,13
931.846,13
931.915,15
931.984,15
932.053,18
932.121,19
932.19,14
932.259,14
932.328,16
932.397,16
932.466,15
932.535,17
932.604,17
932.673,14
932.742,15
932.81,13
932.879,16
932.948,18
933.017,18
933.086,17
933.155,16
933.224,12
933.293,10
933.362,8
933.431,7
933.5,11
933.569,11
933.638,10
933.707,8
933.775,11
933.844,11
933.913,15
933.982,15
934.051,10
934.12,12
934.189,11
934.258,14
934.327,14
934.396,13
934.465,12
934.534,12
934.603,13
934.672,17
934.741,16
934.81,13
934.879,12
934.948,8
935.017,9
935.086,9
935.155,14
935.224,13
935.293,12
935.362,16
935.431,15
935.5,18
935.569,21
935.638,22
935.707,21
935.776,20
935.845,17
935.914,15
935.983,11
936.052,12
936.121,15
936.19,14
936.259,14
936.328,11
936.397,8
936.466,6
936.535,7
936.605,5
936.674,10
936.743,10
936.812,12
936.881,15
936.95,11
937.019,17
937.088,16
937.157,17
937.226,15
937.295,10
937.364,11
937.433,9
937.502,10
937.572,10
937.641,10
937.71,9
937.779,9
937.848,8
937.917,8
937.986,9
938.055,10
938.124,13
938.193,13
938.263,14
938.332,14
938.401,17
938.47,21
938.539,20
938.608,21
938.677,18
938.746,17
938.816,18
938.885,17
938.954,20
939.023,13
939.092,13
939.161,12
939.23,9
939.3,11
939.369,8
939.438,8
939.507,10
939.576,13
939.645,15
939.715,17
939.784,16
939.853,15
939.922,18
939.991,20
940.06,19
940.13,18
940.199,16
940.268,16
940.337,12
940.406,10
940.476,8
940.545,6
940.614,7
940.683,7
940.752,7
940.822,7
940.891,7
940.96,11
941.029,14
941.099,13
941.168,15
941.237,15
941.306,13
941.375,15
941.445,17
941.514,15
941.583,16
941.652,14
941.722,12
941.791,11
941.86,13
941.929,14
941.999,12
942.068,12
942.137,10
942.206,7
942.276,9
942.345,11
942.414,10
942.484,11
942.553,11
942.622,12
942.691,11
942.761,13
942.83,12
942.899,11
942.968,13
943.038,12
943.107,15
943.176,11
943.246,11
943.315,10
943.384,6
943.454,8
943.523,7
943.592,10
943.662,11
943.731,13
943.8,14
943.87,12
943.939,11
944.008,12
944.077,11
944.147,11
944.216,14
944.286,13
944.355,13
944.424,17
944.494,16
944.563,16
944.632,16
944.702,12
944.771,13
944.84,10
944.91,11
944.979,13
945.048,10
945.118,12
945.187,15
945.257,12
945.326,8
945.395,8
945.465,5
945.534,8
945.603,10
945.673,12
945.742,12
945.812,11
945.881,13
945.95,13
946.02,16
946.089,17
946.159,17
946.228,19
946.297,19
946.367,18
946.436,18
946.506,15
946.575,15
946.645,17
946.714,16
946.783,19
946.853,21
946.922,22
946.992,20
947.061,18
947.131,14
947.2,13
947.27,14
947.339,13
947.408,13
947.478,14
947.547,12
947.617,13
947.686,14
947.756,12
947.825,15
947.895,14
947.964,13
948.034,14
948.103,12
948.173,14
948.242,13
948.312,12
948.381,9
948.451,8
948.52,7
948.59,8
948.659,8
948.729,10
948.798,14
948.868,17
948.937,17
949.007,17
949.076,20
949.146,18
949.215,19
949.285,16
949.354,17
949.424,16
949.493,13
949.563,16
949.632,11
949.702,12
949.772,13
949.841,13
949.911,15
949.98,15
950.05,17
950.119,15
950.189,12
950.258,11
950.328,9
950.398,10
950.467,15
950.537,14
950.606,13
950.676,13
950.745,7
950.815,10
950.885,11
950.954,9
951.024,11
951.093,9
951.163,10
951.233,12
951.302,11
951.372,10
951.441,10
951.511,11
951.581,14
951.65,16
951.72,16
951.789,16
951.859,14
951.929,13
951.998,13
952.068,13
952.138,13
952.207,15
952.277,13
952.346,10
952.416,12
952.486,13
952.555,14
952.625,19
952.695,16
952.764,15
952.834,14
952.904,11
952.973,14
953.043,11
953.113,10
953.182,9
953.252,10
953.322,13
953.391,18
953.461,20
953.531,20
953.6,16
953.67,12
953.74,9
953.809,7
953.879,10
953.949,10
954.019,12
954.088,11
954.158,8
954.228,10
954.297,9
954.367,9
954.437,11
954.507,10
954.576,11
954.646,12
954.716,14
954.785,19
954.855,18
954.925,21
954.995,22
955.064,16
955.134,16
955.204,10
955.274,7
955.343,4
955.413,4
955.483,5
955.553,5
955.622,7
955.692,9
955.762,10
955.832,9
955.901,13
955.971,14
956.041,16
956.111,18
956.181,20
956.25,19
956.32,19
956.39,18
956.46,13
956.53,10
956.599,7
956.669,5
956.739,5
956.809,9
956.879,10
956.948,13
957.018,14
957.088,12
957.158,15
957.228,12
957.297,14
957.367,18
957.437,14
957.507,16
957.577,19
957.647,16
957.716,18
957.786,18
957.856,11
957.926,9
957.996,11
958.066,10
958.136,11
958.205,9
958.275,6
958.345,7
958.415,6
958.485,11
958.555,12
958.625,11
958.694,14
958.764,16
958.834,17
958.904,20
958.974,18
959.044,16
959.114,15
959.184,16
959.254,19
959.323,15
959.393,16
959.463,12
959.533,8
959.603,8
959.673,6
959.743,8
959.813,10
959.883,12
959.953,15
960.023,14
960.092,16
960.162,19
960.232,18
960.302,19
960.372,16
960.442,16
960.512,16
960.582,17
960.652,13
960.722,10
960.792,10
960.862,8
960.932,16
961.002,19
961.072,21
961.142,23
961.212,20
961.282,18
961.352,14
961.422,14
961.492,13
961.562,16
961.632,16
961.701,17
961.771,19
961.841,16
961.911,19
961.981,18
962.051,14
962.121,15
962.191,14
962.261,13
962.331,13
962.401,10
962.471,11
962.542,10
962.612,9
962.682,10
962.752,7
962.822,8
962.892,8
962.962,11
963.032,10
963.102,10
963.172,11
963.242,8
963.312,10
963.382,11
963.452,11
963.522,12
963.592,12
963.662,9
963.732,12
963.802,12
963.872,14
963.942,16
964.012,15
964.083,15
964.153,12
964.223,12
964.293,6
964.363,6
964.433,9
964.503,9
964.573,14
964.643,13
964.713,13
964.783,19
964.854,17
964.924,17
964.994,17
965.064,12
965.134,16
965.204,17
965.274,18
965.344,17
965.414,17
965.485,15
965.555,12
965.625,10
965.695,7
965.765,12
965.835,9
965.905,12
965.975,15
966.046,11
966.116,12
966.186,14
966.256,15
966.326,16
966.396,20
966.467,20
966.537,18
966.607,17
966.677,16
966.747,10
966.817,11
966.888,9
966.958,7
967.028,10
967.098,11
967.168,14
967.238,13
967.309,11
967.379,12
967.449,11
967.519,13
967.589,16
967.66,15
967.73,14
967.8,13
967.87,11
967.941,12
968.011,12
968.081,14
968.151,16
968.221,12
968.292,11
968.362,10
968.432,7
968.502,8
968.573,9
968.643,8
968.713,8
968.783,8
968.854,12
968.924,14
968.994,16
969.064,15
969.135,14
969.205,13
969.275,10
969.345,8
969.416,9
969.486,9
969.556,14
969.626,23
969.697,17
969.767,15
969.837,12
969.908,10
969.978,12
970.048,13
970.118,16
970.189,14
970.259,13
970.329,13
970.4,10
970.47,12
970.54,16
970.611,17
970.681,18
970.751,15
970.822,12
970.892,15
970.962,15
971.033,15
971.103,16
971.173,13
971.244,13
971.314,15
971.384,19
971.455,18
971.525,19
971.595,27
971.666,26
971.736,23
971.806,21
971.877,18
971.947,15
972.017,14
972.088,15
972.158,15
972.229,14
972.299,17
972.369,19
972.44,16
972.51,15
972.58,13
972.651,11
972.721,8
972.792,8
972.862,8
972.932,7
973.003,12
973.073,15
973.144,15
973.214,17
973.284,15
973.355,15
973.425,14
973.496,13
973.566,12
973.637,11
973.707,12
973.777,14
973.848,19
973.918,16
973.989,15
974.059,15
974.13,12
974.2,12
974.27,13
974.341,10
974.411,8
974.482,10
974.552,11
974.623,10
974.693,10
974.764,14
974.834,15
974.905,15
974.975,19
975.046,16
975.116,13
975.187,13
975.257,11
975.328,10
975.398,10
975.468,11
975.539,11
975.609,12
975.68,14
975.75,13
975.821,11
975.892,14
975.962,11
976.033,12
976.103,14
976.174,13
976.244,15
976.315,16
976.385,18
976.456,18
976.526,16
976.597,16
976.667,13
976.738,11
976.808,14
976.879,14
976.949,16
977.02,15
977.091,13
977.161,11
977.232,11
977.302,12
977.373,11
977.443,13
977.514,9
977.584,12
977.655,17
977.726,14
977.796,15
977.867,14
977.937,10
978.008,16
978.079,20
978.149,16
978.22,14
978.29,8
978.361,4
978.431,5
978.502,9
978.573,10
978.643,11
978.714,10
978.785,8
978.855,7
978.926,5
978.996,6
979.067,8
979.138,10
979.208,14
979.279,17
979.35,14
979.42,14
979.491,10
979.561,6
979.632,8
979.703,9
979.773,10
979.844,12
979.915,13
979.985,10
980.056,9
980.127,7
980.197,5
980.268,8
980.339,9
980.409,9
980.48,10
980.551,10
980.621,11
980.692,14
980.763,12
980.833,11
980.904,13
980.975,12
981.046,16
981.116,18
981.187,15
981.258,15
981.328,15
981.399,16
981.47,20
981.54,19
981.611,15
981.682,13
981.753,8
981.823,9
981.894,10
981.965,9
982.036,11
982.106,15
982.177,13
982.248,13
982.318,14
982.389,8
982.46,11
982.531,12
982.601,9
982.672,13
982.743,13
982.814,13
982.885,15
982.955,13
983.026,14
983.097,12
983.168,11
983.238,12
983.309,12
983.38,12
983.451,15
983.521,15
983.592,12
983.663,11
983.734,11
983.805,9
983.875,8
983.946,12
984.017,17
984.088,18
984.159,20
984.229,16
984.3,11
984.371,9
984.442,7
984.513,12
984.584,13
984.654,13
984.725,13
984.796,8
984.867,10
984.938,10
985.009,11
985.079,12
985.15,11
985.221,10
985.292,9
985.363,9
985.434,8
985.505,12
985.575,14
985.646,17
985.717,16
985.788,14
985.859,13
985.93,11
986.001,15
986.072,12
986.142,12
986.213,10
986.284,8
986.355,14
986.426,14
986.497,20
986.568,18
986.639,13
986.71,12
986.78,8
986.851,6
986.922,13
986.993,15
987.064,15
987.135,19
987.206,12
987.277,15
987.348,15
987.419,12
987.49,15
987.561,14
987.632,12
987.702,10
987.773,8
987.844,7
987.915,7
987.986,6
988.057,6
988.128,5
988.199,10
988.27,11
988.341,16
988.412,16
988.483,13
988.554,11
988.625,9
988.696,10
988.767,18
988.838,19
988.909,16
988.98,17
989.051,9
989.122,10
989.193,10
989.264,8
989.335,8
989.406,8
989.477,12
989.548,12
989.619,12
989.69,13
989.761,18
989.832,22
989.903,23
989.974,27
990.045,24
990.116,20
990.187,18
990.258,15
990.329,9
990.4,12
990.471,13
990.542,10
990.613,14
990.684,12
990.755,10
990.826,9
990.897,5
990.968,3
991.039,4
991.111,6
991.182,10
991.253,11
991.324,15
991.395,16
991.466,13
991.537,12
991.608,12
991.679,8
991.75,10
991.821,13
991.892,9
991.964,11
992.035,8
992.106,8
992.177,7
992.248,12
992.319,16
992.39,15
992.461,16
992.532,14
992.603,15
992.675,14
992.746,14
992.817,13
992.888,13
992.959,13
993.03,18
993.101,17
993.173,12
993.244,12
993.315,8
993.386,8
993.457,9
993.528,10
993.599,8
993.671,9
993.742,12
993.813,11
993.884,13
993.955,10
994.026,10
994.098,10
994.169,9
994.24,8
994.311,9
994.382,10
994.453,12
994.525,15
994.596,10
994.667,10
994.738,9
994.809,10
994.881,12
994.952,10
995.023,10
995.094,7
995.165,7
995.237,8
995.308,6
995.379,8
995.45,14
995.522,13
995.593,16
995.664,17
995.735,12
995.806,14
995.878,13
995.949,11
996.02,8
996.091,8
996.163,7
996.234,5
996.305,5
996.376,7
996.448,7
996.519,8
996.59,11
996.661,8
996.733,8
996.804,8
996.875,9
996.947,10
997.018,13
997.089,14
997.16,13
997.232,13
997.303,14
997.374,16
997.446,13
997.517,15
997.588,13
997.659,14
997.731,16
997.802,16
997.873,16
997.945,15
998.016,13
998.087,9
998.159,7
998.23,4
998.301,10
998.373,11
998.444,14
998.515,15
998.587,13
998.658,14
998.729,15
998.801,15
998.872,15
998.943,15
999.015,12
999.086,13
999.157,11
999.229,11
999.3,11
999.371,11
999.443,8
999.514,5
999.585,7
999.657,6
999.728,11
999.8,12
999.871,12
999.942,14
1000.014,10
1000.085,13
1000.157,9
1000.228,10
1000.299,12
1000.371,12
1000.442,14
1000.514,13
1000.585,10
1000.656,10
1000.728,10
1000.799,9
1000.871,13
1000.942,11
1001.013,13
1001.085,13
1001.156,14
1001.228,14
1001.299,15
1001.371,14
1001.442,13
1001.513,15
1001.585,11
1001.656,10
1001.728,10
1001.799,11
1001.871,13
1001.942,16
1002.014,15
1002.085,14
1002.157,12
1002.228,14
1002.299,14
1002.371,13
1002.442,14
1002.514,10
1002.585,13
1002.657,11
1002.728,12
1002.8,14
1002.871,13
1002.943,15
1003.014,14
1003.086,13
1003.157,12
1003.229,11
1003.3,9
1003.372,10
1003.443,10
1003.515,16
1003.586,20
1003.658,18
1003.729,14
1003.801,9
1003.872,9
1003.944,7
1004.016,9
1004.087,9
1004.159,9
1004.23,12
1004.302,15
1004.373,14
1004.445,11
1004.516,10
1004.588,10
1004.659,13
1004.731,13
1004.803,16
1004.874,14
1004.946,12
1005.017,14
1005.089,12
1005.16,11
1005.232,13
1005.304,17
1005.375,20
1005.447,22
1005.518,18
1005.59,15
1005.661,12
1005.733,12
1005.805,12
1005.876,10
1005.948,10
1006.019,9
1006.091,11
1006.163,14
1006.234,16
1006.306,16
1006.377,15
1006.449,11
1006.521,11
1006.592,8
1006.664,10
1006.736,11
1006.807,7
1006.879,11
1006.95,9
1007.022,9
1007.094,11
1007.165,11
1007.237,16
1007.309,18
1007.38,16
1007.452,17
1007.524,12
1007.595,8
1007.667,11
1007.739,9
1007.81,12
1007.882,16
1007.954,15
1008.025,12
1008.097,9
1008.169,10
1008.24,11
1008.312,13
1008.384,13
1008.455,10
1008.527,7
1008.599,8
1008.671,8
1008.742,7
1008.814,10
1008.886,15
1008.957,18
1009.029,21
1009.101,24
1009.173,20
1009.244,17
1009.316,15
1009.388,10
1009.459,10
1009.531,9
1009.603,12
1009.675,13
1009.746,13
1009.818,16
1009.89,17
1009.962,16
1010.033,15
1010.105,14
1010.177,12
1010.249,14
1010.32,14
1010.392,14
1010.464,14
1010.536,18
1010.607,21
1010.679,24
1010.751,23
1010.823,17
1010.895,13
1010.966,14
1011.038,16
1011.11,17
1011.182,17
1011.253,12
1011.325,11
1011.397,9
1011.469,12
1011.541,12
1011.612,14
1011.684,13
1011.756,14
1011.828,17
1011.9,13
1011.971,14
1012.043,14
1012.115,11
1012.187,13
1012.259,10
1012.331,9
1012.402,8
1012.474,7
1012.546,9
1012.618,6
1012.69,11
1012.762,9
1012.834,8
1012.905,9
1012.977,5
1013.049,5
1013.121,6
1013.193,6
1013.265,8
1013.337,12
1013.408,14
1013.48,14
1013.552,14
1013.624,13
1013.696,11
1013.768,9
1013.84,8
1013.912,11
1013.983,17
1014.055,16
1014.127,20
1014.199,16
1014.271,12
1014.343,13
1014.415,10
1014.487,12
1014.559,12
1014.631,14
1014.702,16
1014.774,15
1014.846,12
1014.918,14
1014.99,10
1015.062,11
1015.134,15
1015.206,10
1015.278,13
1015.35,11
1015.422,7
1015.494,9
1015.566,9
1015.638,9
1015.71,14
1015.782,12
1015.853,13
1015.925,15
1015.997,14
1016.069,14
1016.141,12
1016.213,9
1016.285,8
1016.357,9
1016.429,9
1016.501,13
1016.573,11
1016.645,13
1016.717,12
1016.789,11
1016.861,13
1016.933,10
1017.005,13
1017.077,11
1017.149,11
1017.221,11
1017.293,10
1017.365,11
1017.437,10
1017.509,13
1017.581,12
1017.653,11
1017.725,14
1017.797,14
1017.869,14
1017.941,17
1018.013,14
1018.085,12
1018.157,14
1018.23,13
1018.302,15
1018.374,13
1018.446,9
1018.518,8
1018.59,6
1018.662,7
1018.734,11
1018.806,13
1018.878,13
1018.95,14
1019.022,13
1019.094,12
1019.166,14
1019.238,15
1019.31,15
1019.383,13
1019.455,12
1019.527,10
1019.599,9
1019.671,11
1019.743,9
1019.815,12
1019.887,11
1019.959,10
1020.031,10
1020.104,10
1020.176,11
1020.248,11
1020.32,12
1020.392,8
1020.464,7
1020.536,6
1020.608,6
1020.681,9
1020.753,11
1020.825,14
1020.897,18
1020.969,18
1021.041,17
1021.113,14
1021.186,10
1021.258,10
1021.33,13
1021.402,13
1021.474,13
1021.546,12
1021.618,14
1021.691,14
1021.763,13
1021.835,13
1021.907,11
1021.979,13
1022.052,14
1022.124,15
1022.196,12
1022.268,10
1022.34,13
1022.412,13
1022.485,14
1022.557,16
1022.629,14
1022.701,13
1022.773,14
1022.846,12
1022.918,9
1022.99,9
1023.062,7
1023.135,14
1023.207,15
1023.279,15
1023.351,17
1023.423,11
1023.496,13
1023.568,13
1023.64,10
1023.712,13
1023.785,16
1023.857,16
1023.929,20
1024.001,18
1024.074,18
1024.146,19
1024.218,19
1024.29,21
1024.363,19
1024.435,20
1024.507,16
1024.579,16
1024.652,14
1024.724,10
1024.796,10
1024.869,6
1024.941,6
1025.013,10
1025.085,9
1025.158,11
1025.23,13
1025.302,11
1025.375,12
1025.447,9
1025.519,8
1025.591,11
1025.664,12
1025.736,14
1025.808,13
1025.881,10
1025.953,13
1026.025,12
1026.098,10
1026.17,8
1026.242,5
1026.315,6
1026.387,10
1026.459,12
1026.532,13
1026.604,12
1026.676,11
1026.749,13
1026.821,13
1026.893,14
1026.966,11
1027.038,11
1027.111,10
1027.183,11
1027.255,14
1027.328,13
1027.4,14
1027.472,14
1027.545,13
1027.617,13
1027.69,12
1027.762,12
1027.834,11
1027.907,10
1027.979,10
1028.051,8
1028.124,11
1028.196,12
1028.269,11
1028.341,12
1028.413,9
1028.486,8
1028.558,8
1028.631,9
1028.703,11
1028.776,11
1028.848,12
1028.92,16
1028.993,14
1029.065,12
1029.138,13
1029.21,8
1029.283,9
1029.355,11
1029.427,11
1029.5,12
1029.572,16
1029.645,16
1029.717,16
1029.79,18
1029.862,16
1029.935,16
1030.007,16
1030.08,12
1030.152,13
1030.224,12
1030.297,12
1030.369,12
1030.442,7
1030.514,9
1030.587,10
1030.659,9
1030.732,13
1030.804,11
1030.877,11
1030.949,11
1031.022,11
1031.094,14
1031.167,12
1031.239,16
1031.312,16
1031.384,17
1031.457,18
1031.529,15
1031.602,14
1031.674,11
1031.747,9
1031.82,10
1031.892,8
1031.965,9
1032.037,12
1032.11,11
1032.182,11
1032.255,9
1032.327,7
1032.4,10
1032.472,12
1032.545,12
1032.618,12
1032.69,9
1032.763,11
1032.835,11
1032.908,11
1032.98,13
1033.053,17
1033.125,22
1033.198,23
1033.271,23
1033.343,21
1033.416,19
1033.488,17
1033.561,14
1033.634,13
1033.706,10
1033.779,11
1033.851,11
1033.924,7
1033.997,6
1034.069,5
1034.142,8
1034.214,9
1034.287,11
1034.36,11
1034.432,11
1034.505,15
1034.578,13
1034.65,13
1034.723,11
1034.795,6
1034.868,9
1034.941,10
1035.013,9
1035.086,13
1035.159,9
1035.231,8
1035.304,7
1035.377,8
1035.449,10
1035.522,8
1035.595,12
1035.667,13
1035.74,14
1035.813,17
1035.885,14
1035.958,13
1036.031,12
1036.103,11
1036.176,12
1036.249,9
1036.321,7
1036.394,7
1036.467,8
1036.539,10
1036.612,11
1036.685,11
1036.758,9
1036.83,8
1036.903,7
1036.976,7
1037.048,9
1037.121,9
1037.194,10
1037.267,11
1037.339,9
1037.412,10
1037.485,13
1037.558,12
1037.63,16
1037.703,14
1037.776,12
1037.848,14
1037.921,10
1037.994,10
1038.067,12
1038.139,9
1038.212,15
1038.285,16
1038.358,11
1038.431,10
1038.503,4
1038.576,7
1038.649,9
1038.722,10
1038.794,10
1038.867,10
1038.94,10
1039.013,13
1039.086,14
1039.158,19
1039.231,19
1039.304,16
1039.377,13
1039.449,10
1039.522,11
1039.595,11
1039.668,12
1039.741,10
1039.814,8
1039.886,9
1039.959,9
1040.032,10
1040.105,11
1040.178,11
1040.25,12
1040.323,9
1040.396,12
1040.469,12
1040.542,14
1040.615,14
1040.687,18
1040.76,17
1040.833,16
1040.906,12
1040.979,8
1041.052,9
1041.125,10
1041.197,12
1041.27,12
1041.343,11
1041.416,8
1041.489,6
1041.562,6
1041.635,4
1041.708,5
1041.78,8
1041.853,9
1041.926,12
1041.999,11
1042.072,11
1042.145,14
1042.218,13
1042.291,14
1042.364,13
1042.437,10
1042.509,11
1042.582,14
1042.655,15
1042.728,13
1042.801,12
1042.874,10
1042.947,7
1043.02,6
1043.093,6
1043.166,6
1043.239,6
1043.312,9
1043.385,8
1043.458,5
1043.53,8
1043.603,11
1043.676,12
1043.749,12
1043.822,12
1043.895,11
1043.968,12
1044.041,13
1044.114,13
1044.187,12
1044.26,14
1044.333,16
1044.406,17
1044.479,15
1044.552,12
1044.625,9
1044.698,12
1044.771,12
1044.844,13
1044.917,15
1044.99,11
1045.063,11
1045.136,10
1045.209,8
1045.282,9
1045.355,13
1045.428,12
1045.501,13
1045.574,13
1045.647,7
1045.72,8
1045.793,6
1045.866,8
1045.939,8
1046.012,7
1046.085,7
1046.158,6
1046.231,8
1046.304,7
1046.377,10
1046.45,10
1046.523,11
1046.597,11
1046.67,12
1046.743,11
1046.816,14
1046.889,18
1046.962,17
1047.035,20
1047.108,18
1047.181,15
1047.254,14
1047.327,11
1047.4,9
1047.473,9
1047.546,8
1047.62,12
1047.693,10
1047.766,11
1047.839,11
1047.912,10
1047.985,15
1048.058,16
1048.131,15
1048.204,15
1048.277,14
1048.351,12
1048.424,13
1048.497,14
1048.57,12
1048.643,13
1048.716,15
1048.789,16
1048.862,14
1048.936,15
1049.009,13
1049.082,12
1049.155,11
1049.228,10
1049.301,10
1049.375,9
1049.448,12
1049.521,9
1049.594,9
1049.667,10
1049.74,13
1049.813,13
1049.887,15
1049.96,15
1050.033,12
1050.106,14
1050.179,12
1050.253,12
1050.326,11
1050.399,17
1050.472,18
1050.545,18
1050.618,16
1050.692,9
1050.765,8
1050.838,6
1050.911,10
1050.985,12
1051.058,11
1051.131,14
1051.204,17
1051.277,17
1051.351,17
1051.424,17
1051.497,13
1051.57,12
1051.644,14
1051.717,11
1051.79,11
1051.863,10
1051.936,9
1052.01,13
1052.083,10
1052.156,11
1052.229,11
1052.303,6
1052.376,8
1052.449,9
1052.523,8
1052.596,8
1052.669,11
1052.742,9
1052.816,8
1052.889,9
1052.962,8
1053.035,10
1053.109,13
1053.182,17
1053.255,18
1053.329,18
1053.402,20
1053.475,16
1053.548,14
1053.622,14
1053.695,14
1053.768,11
1053.842,12
1053.915,9
1053.988,5
1054.062,6
1054.135,8
1054.208,10
1054.282,10
1054.355,12
1054.428,11
1054.502,13
1054.575,13
1054.648,10
1054.722,9
1054.795,9
1054.868,9
1054.942,12
1055.015,12
1055.088,11
1055.162,13
1055.235,9
1055.308,5
1055.382,2
1055.455,1
1055.529,2
1055.602,4
1055.675,6
1055.749,7
1055.822,7
1055.895,12
1055.969,16
1056.042,15
1056.116,16
1056.189,15
1056.262,15
1056.336,19
1056.409,19
1056.483,14
1056.556,11
1056.629,9
1056.703,9
1056.776,10
1056.85,9
1056.923,8
1056.997,8
1057.07,11
1057.143,11
1057.217,9
1057.29,15
1057.364,15
1057.437,13
1057.511,17
1057.584,15
1057.657,12
1057.731,15
1057.804,12
1057.878,11
1057.951,12
1058.025,12
1058.098,15
1058.172,19
1058.245,18
1058.319,16
1058.392,12
1058.466,7
1058.539,5
1058.612,6
1058.686,6
1058.759,11
1058.833,17
1058.906,17
1058.98,18
1059.053,17
1059.127,14
1059.2,16
1059.274,16
1059.347,15
1059.421,14
1059.494,14
1059.568,16
1059.641,13
1059.715,12
1059.788,7
1059.862,5
1059.936,5
1060.009,6
1060.083,6
1060.156,9
1060.23,10
1060.303,11
1060.377,13
1060.45,10
1060.524,10
1060.597,12
1060.671,13
1060.744,14
1060.818,18
1060.892,13
1060.965,12
1061.039,11
1061.112,5
1061.186,8
1061.259,11
1061.333,9
1061.407,11
1061.48,8
1061.554,7
1061.627,9
1061.701,7
1061.775,10
1061.848,9
1061.922,10
1061.995,12
1062.069,18
1062.142,19
1062.216,21
1062.29,24
1062.363,17
1062.437,19
1062.511,17
1062.584,16
1062.658,14
1062.731,13
1062.805,11
1062.879,8
1062.952,7
1063.026,4
1063.1,6
1063.173,6
1063.247,8
1063.32,8
1063.394,5
1063.468,8
1063.541,11
1063.615,11
1063.689,14
1063.762,20
1063.836,22
1063.91,22
1063.983,27
1064.057,20
1064.131,18
1064.204,18
1064.278,13
1064.352,12
1064.425,9
1064.499,12
1064.573,9
1064.647,8
1064.72,7
1064.794,5
1064.868,6
1064.941,7
1065.015,10
1065.089,12
1065.162,12
1065.236,15
1065.31,14
1065.384,9
1065.457,10
1065.531,7
1065.605,7
1065.678,11
1065.752,10
1065.826,9
1065.9,8
1065.973,8
1066.047,8
1066.121,9
1066.195,9
1066.268,5
1066.342,6
1066.416,7
1066.49,11
1066.563,12
1066.637,12
1066.711,15
1066.785,18
1066.858,19
1066.932,20
1067.006,20
1067.08,14
1067.154,16
1067.227,15
1067.301,9
1067.375,8
1067.449,7
1067.523,7
1067.596,10
1067.67,10
1067.744,10
1067.818,9
1067.892,9
1067.965,11
1068.039,11
1068.113,12
1068.187,17
1068.261,19
1068.334,19
1068.408,24
1068.482,19
1068.556,18
1068.63,18
1068.704,14
1068.777,12
1068.851,13
1068.925,15
1068.999,16
1069.073,16
1069.147,12
1069.22,8
1069.294,5
1069.368,5
1069.442,10
1069.516,11
1069.59,12
1069.664,12
1069.737,9
1069.811,10
1069.885,13
1069.959,11
1070.033,11
1070.107,12
1070.181,10
1070.255,13
1070.329,12
1070.402,11
1070.476,9
1070.55,5
1070.624,5
1070.698,5
1070.772,6
1070.846,6
1070.92,8
1070.994,8
1071.068,9
1071.142,10
1071.215,10
1071.289,9
1071.363,9
1071.437,12
1071.511,12
1071.585,13
1071.659,14
1071.733,14
1071.807,11
1071.881,12
1071.955,11
1072.029,10
1072.103,10
1072.177,12
1072.251,11
1072.325,12
1072.399,14
1072.472,10
1072.546,12
1072.62,14
1072.694,13
1072.768,13
1072.842,14
1072.916,12
1072.99,17
1073.064,17
1073.138,15
1073.212,19
1073.286,15
1073.36,17
1073.434,18
1073.508,16
1073.582,14
1073.656,14
1073.73,12
1073.804,12
1073.878,13
1073.952,10
1074.026,10
1074.1,8
1074.174,8
1074.248,8
1074.322,7
1074.397,6
1074.471,7
1074.545,8
1074.619,7
1074.693,7
1074.767,6
1074.841,7
1074.915,10
1074.989,10
1075.063,8
1075.137,8
1075.211,9
1075.285,12
1075.359,15
1075.433,17
1075.507,14
1075.581,11
1075.655,12
1075.73,11
1075.804,16
1075.878,14
1075.952,14
1076.026,13
1076.1,9
1076.174,10
1076.248,9
1076.322,9
1076.396,11
1076.47,16
1076.545,13
1076.619,17
1076.693,16
1076.767,15
1076.841,17
1076.915,12
1076.989,10
1077.063,4
1077.138,6
1077.212,5
1077.286,9
1077.36,11
1077.434,11
1077.508,14
1077.582,12
1077.657,12
1077.731,11
1077.805,9
1077.879,10
1077.953,10
1078.027,9
1078.101,10
1078.176,10
1078.25,12
1078.324,11
1078.398,12
1078.472,10
1078.547,6
1078.621,9
1078.695,7
1078.769,6
1078.843,10
1078.917,10
1078.992,9
1079.066,10
1079.14,10
1079.214,11
1079.288,14
1079.363,13
1079.437,12
1079.511,9
1079.585,7
1079.659,10
1079.734,10
1079.808,11
1079.882,14
1079.956,13
1080.031,14
1080.105,16
1080.179,15
1080.253,17
1080.328,14
1080.402,13
1080.476,13
1080.55,11
1080.625,18
1080.699,17
1080.773,16
1080.847,16
1080.922,11
1080.996,13
1081.07,14
1081.144,13
1081.219,13
1081.293,12
1081.367,17
1081.441,20
1081.516,22
1081.59,21
1081.664,18
1081.739,17
1081.813,13
1081.887,14
1081.961,13
1082.036,11
1082.11,14
1082.184,14
1082.259,11
1082.333,16
1082.407,17
1082.482,13
1082.556,14
1082.63,13
1082.705,9
1082.779,10
1082.853,10
1082.928,7
1083.002,8
1083.076,9
1083.151,9
1083.225,8
1083.299,9
1083.374,11
1083.448,10
1083.522,11
1083.597,15
1083.671,17
1083.745,19
1083.82,19
1083.894,16
1083.969,15
1084.043,16
1084.117,15
1084.192,12
1084.266,10
1084.34,8
1084.415,8
1084.489,6
1084.564,3
1084.638,5
1084.712,5
1084.787,8
1084.861,11
1084.936,9
1085.01,8
1085.084,13
1085.159,14
1085.233,15
1085.308,17
1085.382,16
1085.456,15
1085.531,17
1085.605,19
1085.68,15
1085.754,18
1085.829,15
1085.903,14
1085.977,18
1086.052,14
1086.126,13
1086.201,11
1086.275,8
1086.35,10
1086.424,11
1086.499,11
1086.573,11
1086.647,11
1086.722,10
1086.796,13
1086.871,12
1086.945,13
1087.02,15
1087.094,17
1087.169,15
1087.243,12
1087.318,12
1087.392,10
1087.467,13
1087.541,12
1087.616,12
1087.69,11
1087.765,9
1087.839,12
1087.914,12
1087.988,10
1088.063,15
1088.137,15
1088.212,15
1088.286,17
1088.361,13
1088.435,13
1088.51,12
1088.584,14
1088.659,16
1088.733,14
1088.808,16
1088.882,14
1088.957,18
1089.032,17
1089.106,14
1089.181,15
1089.255,14
1089.33,15
1089.404,15
1089.479,12
1089.553,14
1089.628,14
1089.703,13
1089.777,13
1089.852,11
1089.926,11
1090.001,12
1090.075,12
1090.15,11
1090.225,10
1090.299,13
1090.374,15
1090.448,16
1090.523,16
1090.598,13
1090.672,14
1090.747,12
1090.821,11
1090.896,9
1090.971,4
1091.045,5
1091.12,9
1091.194,9
1091.269,12
1091.344,10
1091.418,9
1091.493,9
1091.568,7
1091.642,8
1091.717,8
1091.791,10
1091.866,14
1091.941,14
1092.015,12
1092.09,13
1092.165,10
1092.239,11
1092.314,12
1092.389,11
1092.463,13
1092.538,14
1092.613,14
1092.687,14
1092.762,11
1092.837,8
1092.911,10
1092.986,11
1093.061,11
1093.135,13
1093.21,12
1093.285,11
1093.36,13
1093.434,12
1093.509,11
1093.584,14
1093.658,13
1093.733,15
1093.808,16
1093.882,16
1093.957,16
1094.032,21
1094.107,23
1094.181,21
1094.256,22
1094.331,17
1094.405,15
1094.48,17
1094.555,17
1094.63,15
1094.704,15
1094.779,13
1094.854,14
1094.929,16
1095.003,18
1095.078,18
1095.153,17
1095.228,16
1095.302,10
1095.377,10
1095.452,8
1095.527,10
1095.602,13
1095.676,12
1095.751,14
1095.826,12
1095.901,12
1095.975,11
1096.05,10
1096.125,8
1096.2,9
1096.275,9
1096.349,11
1096.424,11
1096.499,9
1096.574,12
1096.649,10
1096.723,12
1096.798,12
1096.873,11
1096.948,11
1097.023,13
1097.097,12
1097.172,12
1097.247,11
1097.322,9
1097.397,13
1097.472,11
1097.546,12
1097.621,15
1097.696,15
1097.771,15
1097.846,15
1097.921,17
1097.996,15
1098.07,18
1098.145,19
1098.22,14
1098.295,12
1098.37,12
1098.445,13
1098.52,14
1098.594,16
1098.669,14
1098.744,14
1098.819,15
1098.894,14
1098.969,16
1099.044,15
1099.119,12
1099.194,14
1099.268,11
1099.343,10
1099.418,10
1099.493,10
1099.568,12
1099.643,16
1099.718,19
1099.793,19
1099.868,22
1099.943,18
1100.018,14
1100.093,12
1100.167,11
1100.242,13
1100.317,12
1100.392,10
1100.467,7
1100.542,5
1100.617,8
1100.692,11
1100.767,9
1100.842,12
1100.917,10
1100.992,10
1101.067,13
1101.142,10
1101.217,12
1101.292,12
1101.367,14
1101.442,16
1101.517,15
1101.592,12
1101.667,10
1101.742,6
1101.817,4
1101.892,7
1101.967,8
1102.042,12
1102.117,13
1102.192,15
1102.267,12
1102.342,9
1102.417,14
1102.492,12
1102.567,16
1102.642,17
1102.717,15
1102.792,20
1102.867,19
1102.942,20
1103.017,17
1103.092,12
1103.167,10
1103.242,10
1103.317,10
1103.392,7
1103.467,8
1103.542,5
1103.617,5
1103.692,7
1103.767,7
1103.842,8
1103.917,10
1103.992,11
1104.067,12
1104.142,17
1104.218,19
1104.293,20
1104.368,20
1104.443,19
1104.518,16
1104.593,14
1104.668,14
1104.743,11
1104.818,11
1104.893,10
1104.968,7
1105.043,6
1105.119,12
1105.194,15
1105.269,17
1105.344,19
1105.419,19
1105.494,19
1105.569,18
1105.644,19
1105.719,18
1105.795,20
1105.87,20
1105.945,16
1106.02,18
1106.095,11
1106.17,9
1106.245,11
1106.321,6
1106.396,9
1106.471,12
1106.546,12
1106.621,14
1106.696,15
1106.771,15
1106.847,15
1106.922,12
1106.997,11
1107.072,12
1107.147,12
1107.222,12
1107.298,17
1107.373,15
1107.448,20
1107.523,24
1107.598,19
1107.674,20
1107.749,16
1107.824,14
1107.899,13
1107.974,12
1108.049,10
1108.125,7
1108.2,8
1108.275,8
1108.35,9
1108.426,15
1108.501,16
1108.576,16
1108.651,18
1108.726,16
1108.802,17
1108.877,16
1108.952,15
1109.027,12
1109.103,11
1109.178,14
1109.253,13
1109.328,13
1109.404,11
1109.479,8
1109.554,7
1109.629,7
1109.705,7
1109.78,9
1109.855,11
1109.93,13
1110.006,15
1110.081,14
1110.156,12
1110.231,12
1110.307,13
1110.382,16
1110.457,17
1110.533,17
1110.608,14
1110.683,10
1110.758,11
1110.834,6
1110.909,7
1110.984,9
1111.06,7
1111.135,8
1111.21,9
1111.286,10
1111.361,10
1111.436,11
1111.512,12
1111.587,10
1111.662,14
1111.738,14
1111.813,13
1111.888,13
1111.964,11
1112.039,14
1112.114,15
1112.19,16
1112.265,16
1112.34,14
1112.416,10
1112.491,11
1112.566,10
1112.642,13
1112.717,15
1112.792,12
1112.868,12
1112.943,9
1113.019,9
1113.094,11
1113.169,11
1113.245,9
1113.32,15
1113.395,15
1113.471,13
1113.546,16
1113.622,13
1113.697,12
1113.772,16
1113.848,16
1113.923,13
1113.999,13
1114.074,12
1114.149,10
1114.225,11
1114.3,12
1114.376,11
1114.451,9
1114.527,8
1114.602,8
1114.677,8
1114.753,8
1114.828,9
1114.904,8
1114.979,7
1115.055,9
1115.13,10
1115.205,9
1115.281,9
1115.356,9
1115.432,10
1115.507,15
1115.583,16
1115.658,17
1115.734,18
1115.809,15
1115.885,14
1115.96,14
1116.036,9
1116.111,9
1116.187,9
1116.262,9
1116.337,12
1116.413,11
1116.488,13
1116.564,13
1116.639,12
1116.715,11
1116.79,11
1116.866,10
1116.941,10
1117.017,14
1117.093,13
1117.168,14
1117.244,14
1117.319,12
1117.395,10
1117.47,8
1117.546,9
1117.621,8
1117.697,11
1117.772,12
1117.848,10
1117.923,11
1117.999,8
1118.074,6
1118.15,7
1118.226,7
1118.301,11
1118.377,17
1118.452,17
1118.528,14
1118.603,13
1118.679,10
1118.754,7
1118.83,11
1118.906,10
1118.981,10
1119.057,11
1119.132,9
1119.208,7
1119.283,6
1119.359,7
1119.435,7
1119.51,8
1119.586,9
1119.661,9
1119.737,9
1119.813,9
1119.888,10
1119.964,11
1120.04,13
1120.115,14
1120.191,17
1120.266,17
1120.342,16
1120.418,15
1120.493,14
1120.569,12
1120.645,9
1120.72,10
1120.796,9
1120.871,7
1120.947,8
1121.023,7
1121.098,7
1121.174,9
1121.25,8
1121.325,8
1121.401,12
1121.477,13
1121.552,17
1121.628,16
1121.704,12
1121.779,15
1121.855,11
1121.931,14
1122.006,16
1122.082,11
1122.158,13
1122.233,13
1122.309,9
1122.385,11
1122.461,10
1122.536,6
1122.612,6
1122.688,6
1122.763,5
1122.839,11
1122.915,15
1122.99,14
1123.066,17
1123.142,14
1123.218,12
1123.293,14
1123.369,11
1123.445,11
1123.521,11
1123.596,8
1123.672,8
1123.748,6
1123.824,6
1123.899,7
1123.975,8
1124.051,8
1124.127,8
1124.202,9
1124.278,9
1124.354,11
1124.43,9
1124.505,11
1124.581,9
1124.657,8
1124.733,8
1124.808,9
1124.884,12
1124.96,12
1125.036,13
1125.112,11
1125.187,9
1125.263,11
1125.339,9
1125.415,8
1125.491,7
1125.566,4
1125.642,8
1125.718,8
1125.794,11
1125.87,13
1125.945,11
1126.021,10
1126.097,11
1126.173,9
1126.249,10
1126.325,13
1126.4,12
1126.476,12
1126.552,12
1126.628,10
1126.704,8
1126.78,8
1126.855,8
1126.931,5
1127.007,4
1127.083,3
1127.159,3
1127.235,5
1127.311,6
1127.386,10
1127.462,13
1127.538,12
1127.614,13
1127.69,10
1127.766,8
1127.842,15
1127.918,14
1127.993,14
1128.069,16
1128.145,12
1128.221,14
1128.297,15
1128.373,9
1128.449,7
1128.525,4
1128.601,3
1128.676,7
1128.752,7
1128.828,9
1128.904,8
1128.98,10
1129.056,12
1129.132,11
1129.208,13
1129.284,16
1129.36,16
1129.436,16
1129.512,15
1129.588,14
1129.664,13
1129.739,12
1129.815,12
1129.891,11
1129.967,10
1130.043,10
1130.119,9
1130.195,8
1130.271,6
1130.347,9
1130.423,9
1130.499,9
1130.575,10
1130.651,13
1130.727,14
1130.803,13
1130.879,14
1130.955,10
1131.031,13
1131.107,15
1131.183,15
1131.259,13
1131.335,14
1131.411,13
1131.487,12
1131.563,14
1131.639,9
1131.715,10
1131.791,9
1131.867,7
1131.943,8
1132.019,6
1132.095,6
1132.171,6
1132.247,5
1132.323,10
1132.399,13
1132.475,14
1132.551,16
1132.627,14
1132.703,14
1132.779,17
1132.855,17
1132.932,20
1133.008,16
1133.084,17
1133.16,17
1133.236,13
1133.312,15
1133.388,11
1133.464,9
1133.54,7
1133.616,7
1133.692,7
1133.768,7
1133.844,7
1133.921,12
1133.997,12
1134.073,13
1134.149,15
1134.225,12
1134.301,13
1134.377,12
1134.453,15
1134.529,13
1134.605,15
1134.682,16
1134.758,12
1134.834,10
1134.91,7
1134.986,5
1135.062,5
1135.138,6
1135.214,7
1135.291,9
1135.367,6
1135.443,9
1135.519,9
1135.595,8
1135.671,15
1135.747,14
1135.824,11
1135.9,12
1135.976,11
1136.052,12
1136.128,15
1136.204,15
1136.281,13
1136.357,12
1136.433,13
1136.509,13
1136.585,12
1136.661,11
1136.738,8
1136.814,8
1136.89,7
1136.966,9
1137.042,8
1137.119,7
1137.195,6
1137.271,6
1137.347,7
1137.423,9
1137.5,10
1137.576,7
1137.652,9
1137.728,8
1137.804,13
1137.881,13
1137.957,14
1138.033,12
1138.109,7
1138.186,8
1138.262,4
1138.338,7
1138.414,8
1138.491,11
1138.567,13
1138.643,10
1138.719,10
1138.796,11
1138.872,11
1138.948,13
1139.024,12
1139.101,9
1139.177,11
1139.253,9
1139.329,11
1139.406,11
1139.482,12
1139.558,16
1139.635,16
1139.711,16
1139.787,12
1139.863,10
1139.94,7
1140.016,8
1140.092,8
1140.169,8
1140.245,11
1140.321,11
1140.397,12
1140.474,16
1140.55,15
1140.626,14
1140.703,16
1140.779,12
1140.855,13
1140.932,13
1141.008,11
1141.084,11
1141.161,10
1141.237,9
1141.313,8
1141.39,7
1141.466,6
1141.542,8
1141.619,9
1141.695,11
1141.771,11
1141.848,7
1141.924,7
1142.001,6
1142.077,6
1142.153,11
1142.23,11
1142.306,11
1142.382,12
1142.459,9
1142.535,9
1142.612,9
1142.688,9
1142.764,10
1142.841,8
1142.917,9
1142.994,8
1143.07,9
1143.146,9
1143.223,7
1143.299,10
1143.376,11
1143.452,11
1143.528,13
1143.605,10
1143.681,8
1143.758,9
1143.834,10
1143.911,12
1143.987,12
1144.063,15
1144.14,16
1144.216,14
1144.293,13
1144.369,11
1144.446,10
1144.522,10
1144.598,11
1144.675,12
1144.751,10
1144.828,11
1144.904,10
1144.981,9
1145.057,11
1145.134,9
1145.21,12
1145.287,13
1145.363,10
1145.44,12
1145.516,12
1145.593,12
1145.669,15
1145.746,16
1145.822,15
1145.899,14
1145.975,14
1146.052,13
1146.128,12
1146.205,11
1146.281,8
1146.358,6
1146.434,4
1146.511,4
1146.587,3
1146.664,5
1146.74,8
1146.817,10
1146.893,11
1146.97,14
1147.046,12
1147.123,14
1147.199,17
1147.276,15
1147.352,16
1147.429,11
1147.506,10
1147.582,9
1147.659,9
1147.735,11
1147.812,9
1147.888,6
1147.965,6
1148.041,5
1148.118,7
1148.195,8
1148.271,8
1148.348,10
1148.424,9
1148.501,10
1148.578,13
1148.654,14
1148.731,18
1148.807,15
1148.884,11
1148.96,13
1149.037,10
1149.114,12
1149.19,13
1149.267,12
1149.344,12
1149.42,14
1149.497,14
1149.573,10
1149.65,9
1149.727,5
1149.803,8
1149.88,11
1149.957,11
1150.033,15
1150.11,16
1150.186,17
1150.263,21
1150.34,19
1150.416,15
1150.493,15
1150.57,14
1150.646,11
1150.723,12
1150.8,13
1150.876,13
1150.953,15
1151.03,14
1151.106,12
1151.183,9
1151.26,7
1151.336,11
1151.413,11
1151.49,12
1151.566,10
1151.643,10
1151.72,11
1151.796,12
1151.873,12
1151.95,10
1152.027,8
1152.103,9
1152.18,14
1152.257,14
1152.333,15
1152.41,13
1152.487,10
1152.564,9
1152.64,9
1152.717,11
1152.794,11
1152.871,12
1152.947,13
1153.024,11
1153.101,14
1153.177,15
1153.254,13
1153.331,14
1153.408,15
1153.484,13
1153.561,14
1153.638,15
1153.715,10
1153.791,10
1153.868,11
1153.945,11
1154.022,11
1154.099,13
1154.175,12
1154.252,11
1154.329,9
1154.406,7
1154.482,7
1154.559,8
1154.636,14
1154.713,20
1154.79,19
1154.866,23
1154.943,22
1155.02,16
1155.097,17
1155.174,11
1155.25,8
1155.327,9
1155.404,9
1155.481,10
1155.558,12
1155.635,9
1155.711,10
1155.788,9
1155.865,7
1155.942,10
1156.019,10
1156.096,13
1156.172,13
1156.249,13
1156.326,13
1156.403,11
1156.48,10
1156.557,10
1156.634,9
1156.71,10
1156.787,11
1156.864,11
1156.941,13
1157.018,11
1157.095,9
1157.172,9
1157.249,8
1157.325,13
1157.402,15
1157.479,13
1157.556,17
1157.633,12
1157.71,13
1157.787,15
1157.864,10
1157.941,11
1158.017,8
1158.094,7
1158.171,9
1158.248,7
1158.325,8
1158.402,9
1158.479,7
1158.556,8
1158.633,10
1158.71,10
1158.787,11
1158.864,13
1158.941,13
1159.017,10
1159.094,9
1159.171,8
1159.248,7
1159.325,12
1159.402,12
1159.479,13
1159.556,11
1159.633,9
1159.71,9
1159.787,9
1159.864,8
1159.941,12
1160.018,16
1160.095,14
1160.172,14
1160.249,9
1160.326,6
1160.403,8
1160.48,11
1160.557,10
1160.634,11
1160.711,9
1160.788,7
1160.865,8
1160.942,8
1161.019,8
1161.096,8
1161.173,9
1161.25,7
1161.327,9
1161.404,8
1161.481,9
1161.558,8
1161.635,7
1161.712,10
1161.789,9
1161.866,9
1161.943,11
1162.02,11
1162.097,10
1162.174,17
1162.251,17
1162.328,17
1162.405,17
1162.482,12
1162.559,8
1162.637,6
1162.714,9
1162.791,8
1162.868,9
1162.945,12
1163.022,9
1163.099,8
1163.176,9
1163.253,13
1163.33,15
1163.407,14
1163.484,16
1163.561,11
1163.639,8
1163.716,13
1163.793,10
1163.87,13
1163.947,16
1164.024,14
1164.101,14
1164.178,11
1164.255,9
1164.333,8
1164.41,8
1164.487,9
1164.564,11
1164.641,9
1164.718,13
1164.795,14
1164.872,12
1164.95,17
1165.027,16
1165.104,14
1165.181,15
1165.258,14
1165.335,13
1165.412,13
1165.49,10
1165.567,10
1165.644,7
1165.721,6
1165.798,8
1165.875,5
1165.953,6
1166.03,8
1166.107,13
1166.184,14
1166.261,15
1166.339,20
1166.416,18
1166.493,20
1166.57,25
1166.647,25
1166.724,24
1166.802,23
1166.879,17
1166.956,15
1167.033,12
1167.111,16
1167.188,18
1167.265,16
1167.342,18
1167.419,12
1167.497,10
1167.574,7
1167.651,9
1167.728,12
1167.806,13
1167.883,13
1167.96,12
1168.037,11
1168.115,16
1168.192,21
1168.269,18
1168.346,19
1168.424,14
1168.501,11
1168.578,13
1168.655,11
1168.733,11
1168.81,9
1168.887,7
1168.964,8
1169.042,7
1169.119,9
1169.196,15
1169.274,12
1169.351,14
1169.428,13
1169.505,9
1169.583,10
1169.66,11
1169.737,12
1169.815,11
1169.892,15
1169.969,11
1170.046,10
1170.124,11
1170.201,8
1170.278,10
1170.356,9
1170.433,11
1170.51,12
1170.588,10
1170.665,11
1170.742,10
1170.82,9
1170.897,14
1170.974,14
1171.052,13
1171.129,12
1171.206,13
1171.284,16
1171.361,17
1171.439,19
1171.516,15
1171.593,13
1171.671,9
1171.748,7
1171.825,6
1171.903,6
1171.98,8
1172.057,10
1172.135,11
1172.212,9
1172.29,9
1172.367,8
1172.444,7
1172.522,8
1172.599,8
1172.677,8
1172.754,14
1172.831,19
1172.909,21
1172.986,21
1173.064,16
1173.141,13
1173.218,12
1173.296,10
1173.373,9
1173.451,6
1173.528,6
1173.606,7
1173.683,7
1173.76,6
1173.838,7
1173.915,7
1173.993,9
1174.07,12
1174.148,11
1174.225,11
1174.303,13
1174.38,13
1174.457,14
1174.535,15
1174.612,11
1174.69,13
1174.767,12
1174.845,12
1174.922,12
1175,12
1175.077,11
1175.155,11
1175.232,13
1175.31,12
1175.387,12
1175.465,12
1175.542,10
1175.62,11
1175.697,10
1175.775,9
1175.852,11
1175.93,11
1176.007,12
1176.085,12
1176.162,13
1176.24,12
1176.317,14
1176.395,16
1176.472,14
1176.55,15
1176.627,11
1176.705,11
1176.782,9
1176.86,9
1176.938,11
1177.015,11
1177.093,11
1177.17,11
1177.248,11
1177.325,12
1177.403,16
1177.48,18
1177.558,17
1177.636,14
1177.713,13
1177.791,14
1177.868,18
1177.946,19
1178.023,18
1178.101,15
1178.179,10
1178.256,7
1178.334,5
1178.411,6
1178.489,7
1178.566,10
1178.644,13
1178.722,12
1178.799,13
1178.877,12
1178.955,10
1179.032,14
1179.11,16
1179.187,18
1179.265,16
1179.343,15
1179.42,11
1179.498,7
1179.575,10
1179.653,8
1179.731,8
1179.808,10
1179.886,9
1179.964,14
1180.041,16
1180.119,17
1180.197,19
1180.274,12
1180.352,13
1180.43,11
1180.507,9
1180.585,12
1180.663,11
1180.74,14
1180.818,17
1180.896,14
1180.973,15
1181.051,11
1181.129,8
1181.206,6
1181.284,3
1181.362,4
1181.439,5
1181.517,7
1181.595,8
1181.672,8
1181.75,6
1181.828,9
1181.906,13
1181.983,14
1182.061,19
1182.139,16
1182.216,15
1182.294,17
1182.372,12
1182.45,13
1182.527,14
1182.605,13
1182.683,17
1182.761,18
1182.838,17
1182.916,16
1182.994,14
1183.072,11
1183.149,11
1183.227,14
1183.305,12
1183.383,12
1183.46,13
1183.538,9
1183.616,10
1183.694,9
1183.771,10
1183.849,14
1183.927,13
1184.005,15
1184.082,11
1184.16,9
1184.238,11
1184.316,12
1184.394,12
1184.471,10
1184.549,11
1184.627,8
1184.705,11
1184.783,14
1184.86,14
1184.938,16
1185.016,15
1185.094,15
1185.172,15
1185.249,16
1185.327,18
1185.405,19
1185.483,18
1185.561,19
1185.639,18
1185.716,16
1185.794,18
1185.872,14
1185.95,9
1186.028,12
1186.106,11
1186.183,11
1186.261,13
1186.339,10
1186.417,9
1186.495,9
1186.573,10
1186.651,10
1186.729,13
1186.806,14
1186.884,13
1186.962,14
1187.04,12
1187.118,12
1187.196,11
1187.274,9
1187.352,10
1187.429,8
1187.507,8
1187.585,9
1187.663,8
1187.741,10
1187.819,12
1187.897,16
1187.975,18
1188.053,17
1188.131,18
1188.209,15
1188.286,11
1188.364,9
1188.442,11
1188.52,11
1188.598,11
1188.676,9
1188.754,7
1188.832,10
1188.91,13
1188.988,13
1189.066,14
1189.144,12
1189.222,11
1189.3,16
1189.378,13
1189.456,11
1189.534,9
1189.611,6
1189.689,7
1189.767,6
1189.845,7
1189.923,6
1190.001,6
1190.079,7
1190.157,7
1190.235,6
1190.313,8
1190.391,9
1190.469,10
1190.547,10
1190.625,8
1190.703,12
1190.781,13
1190.859,16
1190.937,17
1191.015,13
1191.093,10
1191.171,10
1191.249,9
1191.327,7
1191.405,9
1191.483,8
1191.561,8
1191.639,9
1191.718,7
1191.796,7
1191.874,10
1191.952,11
1192.03,16
1192.108,18
1192.186,16
1192.264,15
1192.342,13
1192.42,12
1192.498,11
1192.576,13
1192.654,11
1192.732,8
1192.81,7
1192.888,5
1192.966,5
1193.045,3
1193.123,8
1193.201,9
1193.279,12
1193.357,13
1193.435,10
1193.513,14
1193.591,15
1193.669,16
1193.747,15
1193.825,11
1193.904,11
1193.982,12
1194.06,14
1194.138,15
1194.216,13
1194.294,12
1194.372,10
1194.45,10
1194.529,9
1194.607,10
1194.685,12
1194.763,11
1194.841,12
1194.919,10
1194.997,14
1195.075,18
1195.154,18
1195.232,17
1195.31,16
1195.388,16
1195.466,18
1195.544,22
1195.623,20
1195.701,17
1195.779,15
1195.857,15
1195.935,16
1196.013,16
1196.092,17
1196.17,13
1196.248,11
1196.326,11
1196.404,9
1196.483,13
1196.561,16
1196.639,15
1196.717,17
1196.795,14
1196.874,11
1196.952,12
1197.03,12
1197.108,17
1197.186,20
1197.265,21
1197.343,19
1197.421,13
1197.499,11
1197.578,11
1197.656,11
1197.734,10
1197.812,6
1197.89,4
1197.969,5
1198.047,6
1198.125,10
1198.203,12
1198.282,10
1198.36,10
1198.438,9
1198.516,10
1198.595,12
1198.673,14
1198.751,16
1198.83,14
1198.908,14
1198.986,17
1199.064,17
1199.143,19
1199.221,17
1199.299,12
1199.378,8
1199.456,6
1199.534,7
1199.612,10
1199.691,13
1199.769,12
1199.847,13
1199.926,9
1200.004,6
1200.082,8
1200.161,8
1200.239,13
1200.317,18
1200.396,17
1200.474,18
1200.552,18
1200.631,14
1200.709,13
1200.787,16
1200.866,16
1200.944,16
1201.022,16
1201.101,10
1201.179,8
1201.257,9
1201.336,13
1201.414,16
1201.492,14
1201.571,12
1201.649,10
1201.727,10
1201.806,9
1201.884,11
1201.963,11
1202.041,12
1202.119,13
1202.198,12
1202.276,12
1202.354,10
1202.433,12
1202.511,12
1202.59,13
1202.668,12
1202.746,14
1202.825,13
1202.903,13
1202.982,13
1203.06,11
1203.138,13
1203.217,10
1203.295,9
1203.374,11
1203.452,13
1203.531,14
1203.609,16
1203.687,11
1203.766,9
1203.844,12
1203.923,11
1204.001,15
1204.08,15
1204.158,14
1204.237,15
1204.315,13
1204.393,16
1204.472,16
1204.55,16
1204.629,15
1204.707,10
1204.786,10
1204.864,10
1204.943,12
1205.021,16
1205.1,16
1205.178,15
1205.257,18
1205.335,17
1205.414,17
1205.492,22
1205.571,18
1205.649,18
1205.728,18
1205.806,13
1205.885,13
1205.963,12
1206.042,13
1206.12,15
1206.199,10
1206.277,10
1206.356,8
1206.434,6
1206.513,5
1206.591,7
1206.67,6
1206.748,8
1206.827,11
1206.905,10
1206.984,12
1207.063,12
1207.141,14
1207.22,15
1207.298,15
1207.377,15
1207.455,15
1207.534,14
1207.612,13
1207.691,12
1207.77,10
1207.848,9
1207.927,9
1208.005,8
1208.084,6
1208.162,10
1208.241,11
1208.32,14
1208.398,16
1208.477,13
1208.555,13
1208.634,10
1208.713,12
1208.791,11
1208.87,12
1208.948,13
1209.027,13
1209.106,13
1209.184,14
1209.263,16
1209.341,13
1209.42,11
1209.499,9
1209.577,9
1209.656,7
1209.735,10
1209.813,10
1209.892,9
1209.97,9
1210.049,12
1210.128,13
1210.206,15
1210.285,17
1210.364,16
1210.442,15
1210.521,13
1210.6,16
1210.678,15
1210.757,18
1210.836,20
1210.914,18
1210.993,16
1211.072,13
1211.15,12
1211.229,9
1211.308,10
1211.386,9
1211.465,8
1211.544,10
1211.622,13
1211.701,14
1211.78,15
1211.859,15
1211.937,16
1212.016,19
1212.095,20
1212.173,23
1212.252,18
1212.331,15
1212.41,14
1212.488,8
1212.567,7
1212.646,7
1212.724,9
1212.803,11
1212.882,14
1212.961,15
1213.039,11
1213.118,6
1213.197,8
1213.276,7
1213.354,10
1213.433,14
1213.512,11
1213.591,11
1213.669,10
1213.748,16
1213.827,17
1213.906,19
1213.985,22
1214.063,19
1214.142,18
1214.221,15
1214.3,11
1214.378,6
1214.457,7
1214.536,9
1214.615,12
1214.694,16
1214.772,15
1214.851,15
1214.93,16
1215.009,17
1215.088,18
1215.166,19
1215.245,15
1215.324,13
1215.403,13
1215.482,13
1215.561,14
1215.639,13
1215.718,13
1215.797,9
1215.876,9
1215.955,9
1216.034,13
1216.112,15
1216.191,15
1216.27,16
1216.349,13
1216.428,13
1216.507,12
1216.585,11
1216.664,9
1216.743,9
1216.822,11
1216.901,15
1216.98,16
1217.059,18
1217.138,18
1217.216,13
1217.295,12
1217.374,10
1217.453,8
1217.532,8
1217.611,12
1217.69,10
1217.769,12
1217.848,11
1217.926,7
1218.005,9
1218.084,7
1218.163,8
1218.242,9
1218.321,8
1218.4,9
1218.479,11
1218.558,12
1218.637,14
1218.716,15
1218.795,13
1218.874,9
1218.952,11
1219.031,10
1219.11,10
1219.189,13
1219.268,10
1219.347,10
1219.426,12
1219.505,13
1219.584,15
1219.663,14
1219.742,12
1219.821,12
1219.9,14
1219.979,14
1220.058,16
1220.137,17
1220.216,20
1220.295,24
1220.374,22
1220.453,18
1220.532,11
1220.611,10
1220.69,8
1220.769,11
1220.848,11
1220.927,10
1221.006,10
1221.085,7
1221.164,5
1221.243,2
1221.322,2
1221.401,5
1221.48,9
1221.559,10
1221.638,10
1221.717,12
1221.796,12
1221.875,15
1221.954,15
1222.033,12
1222.112,10
1222.191,9
1222.27,11
1222.349,12
1222.428,11
1222.507,10
1222.586,11
1222.665,10
1222.744,12
1222.824,13
1222.903,14
1222.982,11
1223.061,11
1223.14,9
1223.219,8
1223.298,12
1223.377,13
1223.456,15
1223.535,18
1223.614,16
1223.693,17
1223.772,20
1223.852,16
1223.931,18
1224.01,16
1224.089,15
1224.168,15
1224.247,13
1224.326,11
1224.405,9
1224.484,8
1224.564,7
1224.643,12
1224.722,10
1224.801,14
1224.88,17
1224.959,14
1225.038,17
1225.118,16
1225.197,17
1225.276,14
1225.355,17
1225.434,16
1225.513,15
1225.592,19
1225.672,15
1225.751,13
1225.83,12
1225.909,10
1225.988,8
1226.067,7
1226.147,5
1226.226,8
1226.305,8
1226.384,9
1226.463,10
1226.542,7
1226.622,10
1226.701,10
1226.78,12
1226.859,10
1226.938,10
1227.018,11
1227.097,10
1227.176,14
1227.255,16
1227.334,15
1227.414,13
1227.493,13
1227.572,9
1227.651,12
1227.731,16
1227.81,17
1227.889,16
1227.968,14
1228.047,13
1228.127,12
1228.206,13
1228.285,17
1228.364,17
1228.444,18
1228.523,20
1228.602,21
1228.681,21
1228.761,17
1228.84,15
1228.919,13
1228.998,11
1229.078,12
1229.157,14
1229.236,11
1229.316,11
1229.395,13
1229.474,10
1229.553,13
1229.633,12
1229.712,12
1229.791,12
1229.871,9
1229.95,13
1230.029,11
1230.109,11
1230.188,10
1230.267,7
1230.346,8
1230.426,10
1230.505,11
1230.584,10
1230.664,7
1230.743,5
1230.822,7
1230.902,12
1230.981,14
1231.06,16
1231.14,11
1231.219,7
1231.298,7
1231.378,4
1231.457,7
1231.536,10
1231.616,12
1231.695,17
1231.774,20
1231.854,24
1231.933,22
1232.013,19
1232.092,13
1232.171,8
1232.251,11
1232.33,11
1232.409,14
1232.489,13
1232.568,13
1232.648,14
1232.727,14
1232.806,16
1232.886,16
1232.965,16
1233.045,14
1233.124,15
1233.203,14
1233.283,12
1233.362,14
1233.442,17
1233.521,17
1233.6,21
1233.68,17
1233.759,14
1233.839,11
1233.918,9
1233.998,11
1234.077,9
1234.156,11
1234.236,11
1234.315,9
1234.395,9
1234.474,9
1234.554,10
1234.633,11
1234.713,11
1234.792,10
1234.871,9
1234.951,11
1235.03,13
1235.11,15
1235.189,15
1235.269,15
1235.348,14
1235.428,14
1235.507,14
1235.587,11
1235.666,10
1235.746,10
1235.825,12
1235.905,10
1235.984,11
1236.064,12
1236.143,10
1236.223,7
1236.302,11
1236.382,12
1236.461,14
1236.541,19
1236.62,21
1236.7,20
1236.779,17
1236.859,14
1236.938,10
1237.018,9
1237.097,11
1237.177,10
1237.256,6
1237.336,8
1237.415,9
1237.495,11
1237.575,13
1237.654,10
1237.734,9
1237.813,7
1237.893,8
1237.972,9
1238.052,9
1238.131,10
1238.211,11
1238.291,11
1238.37,11
1238.45,14
1238.529,13
1238.609,12
1238.689,15
1238.768,14
1238.848,12
1238.927,14
1239.007,9
1239.086,6
1239.166,7
1239.246,7
1239.325,9
1239.405,9
1239.484,8
1239.564,8
1239.644,7
1239.723,12
1239.803,15
1239.883,16
1239.962,16
1240.042,13
1240.121,10
1240.201,11
1240.281,13
1240.36,13
1240.44,13
1240.52,14
1240.599,12
1240.679,11
1240.759,9
1240.838,5
1240.918,4
1240.998,4
1241.077,7
1241.157,7
1241.237,10
1241.316,13
1241.396,17
1241.476,17
1241.555,17
1241.635,16
1241.715,11
1241.794,15
1241.874,16
1241.954,14
1242.033,16
1242.113,14
1242.193,12
1242.272,11
1242.352,10
1242.432,8
1242.512,12
1242.591,13
1242.671,13
1242.751,13
1242.83,12
1242.91,16
1242.99,19
1243.07,23
1243.149,18
1243.229,20
1243.309,16
1243.389,13
1243.468,18
1243.548,15
1243.628,14
1243.708,20
1243.787,17
1243.867,17
1243.947,18
1244.027,13
1244.106,14
1244.186,14
1244.266,13
1244.346,11
1244.425,7
1244.505,7
1244.585,10
1244.665,7
1244.744,10
1244.824,15
1244.904,13
1244.984,17
1245.064,16
1245.143,10
1245.223,9
1245.303,13
1245.383,12
1245.463,13
1245.542,13
1245.622,7
1245.702,7
1245.782,8
1245.862,8
1245.941,7
1246.021,7
1246.101,5
1246.181,11
1246.261,13
1246.341,14
1246.42,13
1246.5,10
1246.58,11
1246.66,10
1246.74,15
1246.82,13
1246.9,12
1246.979,14
1247.059,12
1247.139,11
1247.219,13
1247.299,14
1247.379,13
1247.459,14
1247.538,12
1247.618,11
1247.698,13
1247.778,16
1247.858,15
1247.938,13
1248.018,18
1248.098,16
1248.178,18
1248.257,22
1248.337,20
1248.417,19
1248.497,18
1248.577,17
1248.657,17
1248.737,17
1248.817,16
1248.897,12
1248.977,12
1249.057,10
1249.136,8
1249.216,9
1249.296,6
1249.376,6
1249.456,8
1249.536,8
1249.616,11
1249.696,11
1249.776,10
1249.856,9
1249.936,9
1250.016,10
1250.096,9
1250.176,9
1250.256,7
1250.336,6
1250.416,6
1250.496,7
1250.576,9
1250.655,11
1250.735,13
1250.815,15
1250.895,16
1250.975,16
1251.055,15
1251.135,11
1251.215,10
1251.295,8
1251.375,11
1251.455,11
1251.535,8
1251.615,9
1251.695,6
1251.775,10
1251.855,13
1251.935,12
1252.015,13
1252.095,15
1252.175,14
1252.256,15
1252.336,17
1252.416,14
1252.496,12
1252.576,10
1252.656,8
1252.736,7
1252.816,9
1252.896,11
1252.976,10
1253.056,11
1253.136,11
1253.216,14
1253.296,15
1253.376,15
1253.456,14
1253.536,12
1253.616,12
1253.696,12
1253.776,9
1253.857,7
1253.937,7
1254.017,8
1254.097,7
1254.177,6
1254.257,6
1254.337,6
1254.417,6
1254.497,8
1254.577,9
1254.657,7
1254.738,8
1254.818,13
1254.898,12
1254.978,15
1255.058,15
1255.138,11
1255.218,11
1255.298,9
1255.379,10
1255.459,9
1255.539,10
1255.619,11
1255.699,10
1255.779,12
1255.859,13
1255.939,12
1256.02,13
1256.1,16
1256.18,16
1256.26,17
1256.34,19
1256.42,14
1256.501,11
1256.581,10
1256.661,11
1256.741,16
1256.821,19
1256.901,20
1256.982,14
1257.062,9
1257.142,7
1257.222,9
1257.302,11
1257.383,11
1257.463,11
1257.543,7
1257.623,8
1257.703,10
1257.784,9
1257.864,10
1257.944,11
1258.024,10
1258.104,11
1258.185,10
1258.265,11
1258.345,13
1258.425,12
1258.506,15
1258.586,13
1258.666,12
1258.746,13
1258.826,12
1258.907,10
1258.987,11
1259.067,13
1259.147,13
1259.228,14
1259.308,11
1259.388,10
1259.468,9
1259.549,8
1259.629,11
1259.709,9
1259.79,8
1259.87,11
1259.95,11
1260.03,14
1260.111,14
1260.191,12
1260.271,12
1260.351,10
1260.432,11
1260.512,14
1260.592,10
1260.673,13
1260.753,13
1260.833,10
1260.914,12
1260.994,9
1261.074,10
1261.155,10
1261.235,10
1261.315,10
1261.395,10
1261.476,14
1261.556,17
1261.636,19
1261.717,19
1261.797,16
1261.877,12
1261.958,11
1262.038,11
1262.118,10
1262.199,12
1262.279,12
1262.36,11
1262.44,12
1262.52,12
1262.601,10
1262.681,10
1262.761,9
1262.842,7
1262.922,8
1263.002,7
1263.083,11
1263.163,14
1263.244,13
1263.324,16
1263.404,17
1263.485,12
1263.565,11
1263.646,9
1263.726,10
1263.806,11
1263.887,10
1263.967,9
1264.048,7
1264.128,8
1264.208,9
1264.289,9
1264.369,7
1264.45,8
1264.53,8
1264.61,10
1264.691,14
1264.771,15
1264.852,18
1264.932,17
1265.013,15
1265.093,14
1265.174,11
1265.254,13
1265.334,12
1265.415,10
1265.495,13
1265.576,10
1265.656,10
1265.737,11
1265.817,10
1265.898,10
1265.978,9
1266.059,7
1266.139,8
1266.22,9
1266.3,11
1266.381,11
1266.461,10
1266.541,7
1266.622,9
1266.702,13
1266.783,14
1266.863,18
1266.944,15
1267.024,15
1267.105,15
1267.185,14
1267.266,14
1267.347,16
1267.427,12
1267.508,12
1267.588,14
1267.669,9
1267.749,10
1267.83,8
1267.91,5
1267.991,6
1268.071,7
1268.152,11
1268.232,15
1268.313,17
1268.393,18
1268.474,13
1268.555,10
1268.635,9
1268.716,10
1268.796,12
1268.877,15
1268.957,13
1269.038,10
1269.118,9
1269.199,4
1269.28,6
1269.36,7
1269.441,7
1269.521,12
1269.602,9
1269.683,9
1269.763,9
1269.844,7
1269.924,7
1270.005,7
1270.086,8
1270.166,11
1270.247,15
1270.327,15
1270.408,15
1270.489,13
1270.569,13
1270.65,16
1270.73,16
1270.811,16
1270.892,14
1270.972,12
1271.053,13
1271.134,11
1271.214,10
1271.295,10
1271.376,8
1271.456,11
1271.537,11
1271.618,11
1271.698,11
1271.779,11
1271.859,13
1271.94,14
1272.021,16
1272.101,14
1272.182,15
1272.263,13
1272.344,14
1272.424,14
1272.505,11
1272.586,13
1272.666,9
1272.747,11
1272.828,12
1272.908,10
1272.989,14
1273.07,20
1273.15,17
1273.231,15
1273.312,14
1273.393,13
1273.473,16
1273.554,17
1273.635,15
1273.715,18
1273.796,18
1273.877,18
1273.958,18
1274.038,11
1274.119,9
1274.2,10
1274.281,8
1274.361,8
1274.442,8
1274.523,9
1274.603,9
1274.684,10
1274.765,12
1274.846,11
1274.927,12
1275.007,11
1275.088,11
1275.169,10
1275.25,10
1275.33,9
1275.411,9
1275.492,9
1275.573,11
1275.653,13
1275.734,10
1275.815,12
1275.896,9
1275.977,8
1276.057,8
1276.138,7
1276.219,9
1276.3,12
1276.381,15
1276.461,16
1276.542,17
1276.623,17
1276.704,18
1276.785,16
1276.866,13
1276.946,13
1277.027,11
1277.108,11
1277.189,13
1277.27,14
1277.35,14
1277.431,14
1277.512,12
1277.593,9
1277.674,9
1277.755,10
1277.836,12
1277.916,9
1277.997,9
1278.078,7
1278.159,6
1278.24,11
1278.321,10
1278.402,12
1278.482,15
1278.563,15
1278.644,18
1278.725,19
1278.806,18
1278.887,15
1278.968,13
1279.049,12
1279.13,10
1279.21,12
1279.291,11
1279.372,8
1279.453,7
1279.534,2
1279.615,5
1279.696,7
1279.777,10
1279.858,12
1279.939,14
1280.02,14
1280.101,12
1280.181,15
1280.262,11
1280.343,14
1280.424,18
1280.505,15
1280.586,15
1280.667,14
1280.748,12
1280.829,14
1280.91,14
1280.991,16
1281.072,19
1281.153,15
1281.234,15
1281.315,12
1281.396,8
1281.477,10
1281.558,9
1281.639,12
1281.72,13
1281.801,15
1281.882,21
1281.963,17
1282.044,18
1282.124,16
1282.205,11
1282.286,11
1282.367,8
1282.448,10
1282.529,8
1282.61,9
1282.692,10
1282.773,7
1282.854,8
1282.935,8
1283.016,9
1283.097,10
1283.178,14
1283.259,12
1283.34,12
1283.421,17
1283.502,15
1283.583,15
1283.664,12
1283.745,10
1283.826,7
1283.907,8
1283.988,9
1284.069,9
1284.15,9
1284.231,10
1284.312,10
1284.393,7
1284.474,8
1284.555,9
1284.636,9
1284.718,12
1284.799,14
1284.88,11
1284.961,13
1285.042,15
1285.123,15
1285.204,17
1285.285,20
1285.366,24
1285.447,21
1285.528,20
1285.61,14
1285.691,10
1285.772,11
1285.853,14
1285.934,20
1286.015,20
1286.096,18
1286.177,15
1286.258,11
1286.34,8
1286.421,11
1286.502,11
1286.583,11
1286.664,12
1286.745,13
1286.826,14
1286.908,18
1286.989,21
1287.07,20
1287.151,18
1287.232,14
1287.313,15
1287.394,14
1287.476,19
1287.557,22
1287.638,18
1287.719,18
1287.8,14
1287.881,13
1287.963,13
1288.044,15
1288.125,14
1288.206,13
1288.287,13
1288.369,12
1288.45,13
1288.531,11
1288.612,9
1288.693,11
1288.775,14
1288.856,16
1288.937,16
1289.018,13
1289.099,13
1289.181,13
1289.262,13
1289.343,13
1289.424,8
1289.506,6
1289.587,7
1289.668,7
1289.749,9
1289.83,9
1289.912,7
1289.993,8
1290.074,7
1290.155,10
1290.237,10
1290.318,8
1290.399,11
1290.48,9
1290.562,8
1290.643,9
1290.724,12
1290.806,14
1290.887,14
1290.968,13
1291.049,9
1291.131,7
1291.212,8
1291.293,10
1291.375,11
1291.456,12
1291.537,15
1291.618,14
1291.7,13
1291.781,15
1291.862,14
1291.944,17
1292.025,16
1292.106,13
1292.188,12
1292.269,13
1292.35,15
1292.431,17
1292.513,15
1292.594,10
1292.675,11
1292.757,9
1292.838,9
1292.919,11
1293.001,8
1293.082,9
1293.163,11
1293.245,12
1293.326,14
1293.408,13
1293.489,14
1293.57,15
1293.652,12
1293.733,13
1293.814,15
1293.896,14
1293.977,17
1294.058,20
1294.14,19
1294.221,16
1294.303,16
1294.384,10
1294.465,10
1294.547,12
1294.628,10
1294.71,11
1294.791,7
1294.872,6
1294.954,5
1295.035,9
1295.117,10
1295.198,10
1295.279,10
1295.361,7
1295.442,11
1295.524,10
1295.605,12
1295.686,16
1295.768,12
1295.849,11
1295.931,10
1296.012,6
1296.094,7
1296.175,8
1296.257,10
1296.338,10
1296.419,13
1296.501,15
1296.582,14
1296.664,17
1296.745,19
1296.827,17
1296.908,15
1296.99,11
1297.071,11
1297.153,13
1297.234,16
1297.316,18
1297.397,17
1297.478,16
1297.56,14
1297.641,13
1297.723,12
1297.804,10
1297.886,10
1297.967,10
1298.049,10
1298.13,11
1298.212,10
1298.293,8
1298.375,7
1298.456,10
1298.538,12
1298.62,13
1298.701,16
1298.783,17
1298.864,18
1298.946,19
1299.027,21
1299.109,19
1299.19,18
1299.272,21
1299.353,22
1299.435,23
1299.516,22
1299.598,17
1299.679,14
1299.761,12
1299.843,11
1299.924,17
1300.006,19
1300.087,18
1300.169,17
1300.25,11
1300.332,11
1300.414,10
1300.495,9
1300.577,12
1300.658,14
1300.74,14
1300.822,18
1300.903,15
1300.985,9
1301.066,10
1301.148,9
1301.229,9
1301.311,12
1301.393,13
1301.474,11
1301.556,10
1301.638,6
1301.719,4
1301.801,5
1301.882,7
1301.964,9
1302.046,12
1302.127,13
1302.209,13
1302.291,10
1302.372,9
1302.454,9
1302.535,8
1302.617,8
1302.699,7
1302.78,7
1302.862,7
1302.944,8
1303.025,8
1303.107,10
1303.189,12
1303.27,15
1303.352,20
1303.434,21
1303.515,22
1303.597,25
1303.679,20
1303.76,17
1303.842,17
1303.924,13
1304.006,15
1304.087,15
1304.169,15
1304.251,14
1304.332,15
1304.414,19
1304.496,19
1304.577,19
1304.659,17
1304.741,17
1304.823,15
1304.904,15
1304.986,16
1305.068,13
1305.149,14
1305.231,16
1305.313,14
1305.395,14
1305.476,13
1305.558,14
1305.64,15
1305.722,15
1305.803,15
1305.885,13
1305.967,14
1306.049,12
1306.13,13
1306.212,16
1306.294,14
1306.376,13
1306.457,14
1306.539,11
1306.621,11
1306.703,11
1306.785,9
1306.866,8
1306.948,12
1307.03,14
1307.112,16
1307.194,14
1307.275,17
1307.357,17
1307.439,17
1307.521,20
1307.603,15
1307.684,18
1307.766,20
1307.848,20
1307.93,23
1308.012,20
1308.093,18
1308.175,15
1308.257,12
1308.339,13
1308.421,14
1308.503,13
1308.584,11
1308.666,12
1308.748,10
1308.83,5
1308.912,7
1308.994,6
1309.075,6
1309.157,7
1309.239,8
1309.321,8
1309.403,9
1309.485,10
1309.567,9
1309.648,14
1309.73,15
1309.812,19
1309.894,21
1309.976,18
1310.058,16
1310.14,15
1310.222,13
1310.304,12
1310.385,13
1310.467,14
1310.549,13
1310.631,12
1310.713,11
1310.795,6
1310.877,12
1310.959,12
1311.041,11
1311.123,12
1311.205,11
1311.286,12
1311.368,18
1311.45,18
1311.532,16
1311.614,14
1311.696,10
1311.778,9
1311.86,7
1311.942,7
1312.024,7
1312.106,6
1312.188,6
1312.27,7
1312.352,6
1312.434,5
1312.516,5
1312.598,5
1312.68,7
1312.762,10
1312.843,11
1312.925,12
1313.007,13
1313.089,12
1313.171,12
1313.253,13
1313.335,11
1313.417,12
1313.499,13
1313.581,13
1313.663,13
1313.745,13
1313.827,13
1313.909,11
1313.991,11
1314.073,9
1314.155,10
1314.237,11
1314.319,13
1314.401,12
1314.483,12
1314.565,12
1314.648,12
1314.73,11
1314.812,8
1314.894,11
1314.976,10
1315.058,10
1315.14,12
1315.222,9
1315.304,10
1315.386,8
1315.468,8
1315.55,12
1315.632,11
1315.714,11
1315.796,13
1315.878,9
1315.96,11
1316.042,12
1316.124,13
1316.207,12
1316.289,13
1316.371,14
1316.453,10
1316.535,13
1316.617,12
1316.699,9
1316.781,12
1316.863,10
1316.945,10
1317.028,8
1317.11,4
1317.192,6
1317.274,6
1317.356,8
1317.438,16
1317.52,15
1317.602,15
1317.684,18
1317.767,15
1317.849,15
1317.931,16
1318.013,17
1318.095,12
1318.177,14
1318.259,12
1318.342,13
1318.424,14
1318.506,13
1318.588,12
1318.67,9
1318.752,11
1318.834,12
1318.917,13
1318.999,12
1319.081,14
1319.163,13
1319.245,12
1319.328,13
1319.41,12
1319.492,10
1319.574,16
1319.656,16
1319.738,14
1319.821,16
1319.903,15
1319.985,17
1320.067,18
1320.149,18
1320.232,15
1320.314,18
1320.396,18
1320.478,20
1320.56,22
1320.643,20
1320.725,24
1320.807,23
1320.889,21
1320.972,20
1321.054,21
1321.136,20
1321.218,23
1321.301,22
1321.383,17
1321.465,17
1321.547,14
1321.63,12
1321.712,15
1321.794,15
1321.876,18
1321.959,18
1322.041,14
1322.123,13
1322.205,11
1322.288,7
1322.37,12
1322.452,13
1322.534,13
1322.617,11
1322.699,8
1322.781,8
1322.864,8
1322.946,12
1323.028,11
1323.111,14
1323.193,14
1323.275,12
1323.357,13
1323.44,10
1323.522,10
1323.604,10
1323.687,9
1323.769,9
1323.851,7
1323.934,6
1324.016,9
1324.098,12
1324.181,15
1324.263,18
1324.345,20
1324.428,17
1324.51,15
1324.592,13
1324.675,10
1324.757,11
1324.839,11
1324.922,12
1325.004,12
1325.086,11
1325.169,13
1325.251,11
1325.334,9
1325.416,8
1325.498,8
1325.581,8
1325.663,9
1325.745,11
1325.828,10
1325.91,10
1325.993,12
1326.075,11
1326.157,12
1326.24,11
1326.322,11
1326.405,11
1326.487,10
1326.569,10
1326.652,10
1326.734,11
1326.817,13
1326.899,16
1326.981,13
1327.064,13
1327.146,11
1327.229,10
1327.311,12
1327.394,11
1327.476,12
1327.558,12
1327.641,12
1327.723,14
1327.806,15
1327.888,14
1327.971,16
1328.053,14
1328.136,11
1328.218,12
1328.301,11
1328.383,11
1328.465,12
1328.548,10
1328.63,7
1328.713,7
1328.795,7
1328.878,8
1328.96,11
1329.043,14
1329.125,15
1329.208,17
1329.29,14
1329.373,11
1329.455,11
1329.538,9
1329.62,10
1329.703,12
1329.785,10
1329.868,13
1329.95,16
1330.033,15
1330.115,18
1330.198,14
1330.28,13
1330.363,12
1330.445,10
1330.528,9
1330.611,7
1330.693,13
1330.776,14
1330.858,12
1330.941,13
1331.023,9
1331.106,9
1331.188,11
1331.271,10
1331.353,11
1331.436,9
1331.519,7
1331.601,11
1331.684,9
1331.766,10
1331.849,12
1331.931,7
1332.014,6
1332.097,8
1332.179,6
1332.262,12
1332.344,18
1332.427,18
1332.51,19
1332.592,16
1332.675,13
1332.757,15
1332.84,14
1332.923,14
1333.005,14
1333.088,11
1333.17,11
1333.253,15
1333.336,15
1333.418,16
1333.501,19
1333.583,12
1333.666,12
1333.749,11
1333.831,8
1333.914,12
1333.997,10
1334.079,10
1334.162,8
1334.245,7
1334.327,6
1334.41,8
1334.493,8
1334.575,7
1334.658,9
1334.741,6
1334.823,12
1334.906,14
1334.989,14
1335.071,14
1335.154,10
1335.237,9
1335.319,8
1335.402,11
1335.485,10
1335.567,11
1335.65,13
1335.733,11
1335.815,14
1335.898,14
1335.981,14
1336.064,16
1336.146,21
1336.229,18
1336.312,15
1336.394,11
1336.477,6
1336.56,7
1336.643,7
1336.725,12
1336.808,11
1336.891,10
1336.974,12
1337.056,11
1337.139,12
1337.222,13
1337.304,14
1337.387,10
1337.47,10
1337.553,9
1337.635,8
1337.718,8
1337.801,7
1337.884,8
1337.967,8
1338.049,9
1338.132,8
1338.215,6
1338.298,5
1338.38,8
1338.463,10
1338.546,12
1338.629,14
1338.712,11
1338.794,14
1338.877,13
1338.96,12
1339.043,11
1339.126,10
1339.208,8
1339.291,6
1339.374,10
1339.457,11
1339.54,12
1339.622,11
1339.705,6
1339.788,7
1339.871,10
1339.954,14
1340.037,15
1340.119,15
1340.202,10
1340.285,7
1340.368,8
1340.451,7
1340.534,9
1340.616,9
1340.699,10
1340.782,12
1340.865,13
1340.948,13
1341.031,12
1341.114,10
1341.196,10
1341.279,10
1341.362,7
1341.445,13
1341.528,12
1341.611,13
1341.694,18
1341.777,17
1341.86,16
1341.942,15
1342.025,16
1342.108,15
1342.191,18
1342.274,21
1342.357,15
1342.44,17
1342.523,15
1342.606,11
1342.689,15
1342.771,16
1342.854,15
1342.937,15
1343.02,12
1343.103,14
1343.186,15
1343.269,16
1343.352,18
1343.435,19
1343.518,20
1343.601,24
1343.684,26
1343.767,26
1343.85,25
1343.933,21
1344.016,20
1344.098,19
1344.181,20
1344.264,18
1344.347,15
1344.43,11
1344.513,9
1344.596,11
1344.679,11
1344.762,11
1344.845,12
1344.928,13
1345.011,14
1345.094,17
1345.177,19
1345.26,20
1345.343,21
1345.426,25
1345.509,21
1345.592,16
1345.675,14
1345.758,12
1345.841,12
1345.924,13
1346.007,11
1346.09,7
1346.173,5
1346.256,6
1346.339,5
1346.422,4
1346.505,9
1346.588,12
1346.672,16
1346.755,18
1346.838,15
1346.921,12
1347.004,10
1347.087,9
1347.17,10
1347.253,10
1347.336,10
1347.419,14
1347.502,12
1347.585,13
1347.668,12
1347.751,6
1347.834,6
1347.917,5
1348.001,8
1348.084,10
1348.167,14
1348.25,20
1348.333,17
1348.416,20
1348.499,16
1348.582,13
1348.665,15
1348.748,12
1348.831,16
1348.915,12
1348.998,12
1349.081,11
1349.164,13
1349.247,17
1349.33,18
1349.413,19
1349.496,18
1349.58,15
1349.663,14
1349.746,10
1349.829,9
1349.912,14
1349.995,17
1350.078,22
1350.162,20
1350.245,20
1350.328,18
1350.411,13
1350.494,15
1350.577,10
1350.661,11
1350.744,12
1350.827,10
1350.91,10
1350.993,13
1351.076,11
1351.16,11
1351.243,10
1351.326,5
1351.409,3
1351.492,6
1351.576,10
1351.659,11
1351.742,13
1351.825,10
1351.908,9
1351.992,9
1352.075,9
1352.158,14
1352.241,11
1352.324,12
1352.408,15
1352.491,10
1352.574,13
1352.657,15
1352.741,10
1352.824,10
1352.907,8
1352.99,6
1353.073,7
1353.157,10
1353.24,12
1353.323,9
1353.406,7
1353.49,4
1353.573,4
1353.656,4
1353.739,11
1353.823,17
1353.906,14
1353.989,15
1354.073,13
1354.156,9
1354.239,11
1354.322,13
1354.406,11
1354.489,13
1354.572,15
1354.656,13
1354.739,13
1354.822,10
1354.905,10
1354.989,14
1355.072,16
1355.155,14
1355.239,15
1355.322,13
1355.405,13
1355.489,14
1355.572,10
1355.655,8
1355.739,14
1355.822,18
1355.905,18
1355.989,24
1356.072,20
1356.155,15
1356.239,15
1356.322,8
1356.405,15
1356.489,18
1356.572,17
1356.655,19
1356.739,14
1356.822,10
1356.905,11
1356.989,7
1357.072,11
1357.155,16
1357.239,13
1357.322,15
1357.406,12
1357.489,8
1357.572,9
1357.656,10
1357.739,12
1357.822,13
1357.906,15
1357.989,14
1358.073,15
1358.156,12
1358.239,12
1358.323,11
1358.406,10
1358.49,12
1358.573,11
1358.657,13
1358.74,12
1358.823,15
1358.907,14
1358.99,12
1359.074,10
1359.157,9
1359.241,11
1359.324,14
1359.407,14
1359.491,16
1359.574,16
1359.658,14
1359.741,14
1359.825,9
1359.908,8
1359.992,9
1360.075,10
1360.158,10
1360.242,10
1360.325,9
1360.409,6
1360.492,9
1360.576,8
1360.659,8
1360.743,10
1360.826,9
1360.91,12
1360.993,17
1361.077,17
1361.16,15
1361.244,12
1361.327,7
1361.411,6
1361.494,9
1361.578,15
1361.661,14
1361.745,16
1361.828,15
1361.912,12
1361.995,14
1362.079,14
1362.162,15
1362.246,13
1362.329,14
1362.413,12
1362.496,9
1362.58,11
1362.664,11
1362.747,13
1362.831,17
1362.914,17
1362.998,17
1363.081,14
1363.165,15
1363.248,13
1363.332,12
1363.416,9
1363.499,7
1363.583,9
1363.666,8
1363.75,9
1363.833,11
1363.917,11
1364.001,12
1364.084,16
1364.168,13
1364.251,16
1364.335,17
1364.419,12
1364.502,12
1364.586,8
1364.669,6
1364.753,5
1364.837,7
1364.92,9
1365.004,13
1365.087,16
1365.171,13
1365.255,12
1365.338,9
1365.422,8
1365.505,10
1365.589,9
1365.673,10
1365.756,14
1365.84,14
1365.924,14
1366.007,16
1366.091,15
1366.175,17
1366.258,17
1366.342,13
1366.426,16
1366.509,15
1366.593,14
1366.677,14
1366.76,15
1366.844,14
1366.928,15
1367.011,16
1367.095,20
1367.179,19
1367.262,19
1367.346,20
1367.43,24
1367.513,27
1367.597,28
1367.681,27
1367.764,29
1367.848,28
1367.932,26
1368.016,27
1368.099,24
1368.183,20
1368.267,19
1368.35,15
1368.434,11
1368.518,11
1368.602,13
1368.685,14
1368.769,16
1368.853,16
1368.937,13
1369.02,11
1369.104,16
1369.188,19
1369.271,21
1369.355,24
1369.439,22
1369.523,26
1369.607,25
1369.69,23
1369.774,21
1369.858,14
1369.942,15
1370.025,20
1370.109,23
1370.193,23
1370.277,21
1370.36,18
1370.444,18
1370.528,18
1370.612,20
1370.696,19
1370.779,16
1370.863,15
1370.947,16
1371.031,16
1371.115,16
1371.198,20
1371.282,19
1371.366,22
1371.45,24
1371.534,24
1371.617,24
1371.701,25
1371.785,25
1371.869,22
1371.953,20
1372.037,18
1372.12,17
1372.204,18
1372.288,24
1372.372,22
1372.456,23
1372.54,20
1372.624,16
1372.707,15
1372.791,10
1372.875,14
1372.959,13
1373.043,15
1373.127,14
1373.211,15
1373.294,14
1373.378,14
1373.462,18
1373.546,13
1373.63,14
1373.714,13
1373.798,10
1373.882,13
1373.965,12
1374.049,10
1374.133,9
1374.217,8
1374.301,7
1374.385,10
1374.469,11
1374.553,12
1374.637,14
1374.721,12
1374.805,18
1374.888,17
1374.972,17
1375.056,21
1375.14,17
1375.224,15
1375.308,15
1375.392,13
1375.476,15
1375.56,18
1375.644,19
1375.728,16
1375.812,15
1375.896,14
1375.98,12
1376.064,14
1376.148,14
1376.232,14
1376.316,16
1376.399,13
1376.483,17
1376.567,16
1376.651,13
1376.735,16
1376.819,16
1376.903,18
1376.987,19
1377.071,18
1377.155,16
1377.239,12
1377.323,14
1377.407,14
1377.491,10
1377.575,12
1377.659,10
1377.743,9
1377.827,9
1377.911,12
1377.995,14
1378.079,16
1378.163,22
1378.247,18
1378.331,16
1378.416,14
1378.5,9
1378.584,9
1378.668,8
1378.752,12
1378.836,12
1378.92,14
1379.004,14
1379.088,9
1379.172,8
1379.256,8
1379.34,10
1379.424,12
1379.508,11
1379.592,9
1379.676,11
1379.76,11
1379.844,11
1379.929,16
1380.013,13
1380.097,14
1380.181,17
1380.265,13
1380.349,15
1380.433,14
1380.517,14
1380.601,17
1380.685,17
1380.769,17
1380.854,18
1380.938,15
1381.022,13
1381.106,12
1381.19,10
1381.274,9
1381.358,7
1381.442,5
1381.526,8
1381.611,9
1381.695,9
1381.779,13
1381.863,11
1381.947,10
1382.031,9
1382.115,7
1382.2,6
1382.284,7
1382.368,11
1382.452,9
1382.536,10
1382.62,9
1382.705,8
1382.789,8
1382.873,6
1382.957,8
1383.041,10
1383.125,11
1383.21,13
1383.294,12
1383.378,11
1383.462,12
1383.546,13
1383.631,12
1383.715,8
1383.799,10
1383.883,13
1383.967,15
1384.052,18
1384.136,15
1384.22,12
1384.304,9
1384.388,12
1384.473,12
1384.557,11
1384.641,14
1384.725,11
1384.809,11
1384.894,12
1384.978,11
1385.062,11
1385.146,13
1385.231,12
1385.315,11
1385.399,11
1385.483,11
1385.568,12
1385.652,15
1385.736,14
1385.82,13
1385.905,12
1385.989,10
1386.073,10
1386.158,13
1386.242,12
1386.326,10
1386.41,8
1386.495,3
1386.579,3
1386.663,5
1386.747,9
1386.832,15
1386.916,18
1387,18
1387.085,15
1387.169,10
1387.253,8
1387.338,9
1387.422,9
1387.506,9
1387.591,10
1387.675,7
1387.759,8
1387.843,8
1387.928,5
1388.012,5
1388.096,6
1388.181,7
1388.265,8
1388.349,8
1388.434,10
1388.518,10
1388.602,9
1388.687,13
1388.771,13
1388.856,14
1388.94,15
1389.024,16
1389.109,14
1389.193,15
1389.277,14
1389.362,12
1389.446,13
1389.53,15
1389.615,14
1389.699,12
1389.784,13
1389.868,8
1389.952,10
1390.037,10
1390.121,13
1390.206,17
1390.29,15
1390.374,17
1390.459,14
1390.543,11
1390.628,15
1390.712,16
1390.796,14
1390.881,14
1390.965,10
1391.05,6
1391.134,6
1391.219,8
1391.303,7
1391.387,9
1391.472,8
1391.556,5
1391.641,3
1391.725,4
1391.81,5
1391.894,8
1391.978,9
1392.063,8
1392.147,9
1392.232,7
1392.316,9
1392.401,14
1392.485,15
1392.57,18
1392.654,18
1392.739,16
1392.823,16
1392.908,16
1392.992,18
1393.077,16
1393.161,18
1393.246,20
1393.33,25
1393.415,22
1393.499,21
1393.584,20
1393.668,20
1393.753,22
1393.837,19
1393.922,17
1394.006,14
1394.091,14
1394.175,16
1394.26,17
1394.344,16
1394.429,15
1394.513,13
1394.598,14
1394.682,12
1394.767,11
1394.851,13
1394.936,9
1395.02,14
1395.105,14
1395.19,15
1395.274,18
1395.359,20
1395.443,21
1395.528,24
1395.612,22
1395.697,19
1395.781,19
1395.866,16
1395.951,15
1396.035,15
1396.12,15
1396.204,13
1396.289,18
1396.374,20
1396.458,18
1396.543,18
1396.627,14
1396.712,12
1396.797,14
1396.881,12
1396.966,16
1397.05,14
1397.135,13
1397.22,14
1397.304,10
1397.389,12
1397.473,12
1397.558,16
1397.643,17
1397.727,16
1397.812,17
1397.897,13
1397.981,12
1398.066,8
1398.15,9
1398.235,13
1398.32,14
1398.404,17
1398.489,15
1398.574,13
1398.658,14
1398.743,16
1398.828,19
1398.912,20
1398.997,18
1399.082,17
1399.166,13
1399.251,14
1399.336,16
1399.42,11
1399.505,13
1399.59,11
1399.674,11
1399.759,14
1399.844,13
1399.929,13
1400.013,10
1400.098,11
1400.183,13
1400.267,15
1400.352,17
1400.437,16
1400.521,13
1400.606,13
1400.691,13
1400.776,14
1400.86,15
1400.945,12
1401.03,10
1401.115,9
1401.199,10
1401.284,10
1401.369,13
1401.453,15
1401.538,14
1401.623,14
1401.708,13
1401.792,12
1401.877,14
1401.962,15
1402.047,16
1402.132,11
1402.216,7
1402.301,8
1402.386,7
1402.471,13
1402.555,14
1402.64,13
1402.725,14
1402.81,10
1402.895,11
1402.979,10
1403.064,8
1403.149,9
1403.234,10
1403.318,10
1403.403,9
1403.488,10
1403.573,9
1403.658,11
1403.743,14
1403.827,10
1403.912,12
1403.997,12
1404.082,14
1404.167,18
1404.251,16
1404.336,17
1404.421,13
1404.506,14
1404.591,14
1404.676,11
1404.761,13
1404.845,10
1404.93,9
1405.015,9
1405.1,6
1405.185,7
1405.27,8
1405.354,8
1405.439,12
1405.524,13
1405.609,10
1405.694,12
1405.779,10
1405.864,10
1405.949,13
1406.033,10
1406.118,10
1406.203,13
1406.288,12
1406.373,15
1406.458,16
1406.543,17
1406.628,20
1406.713,18
1406.798,15
1406.882,13
1406.967,14
1407.052,16
1407.137,20
1407.222,17
1407.307,11
1407.392,9
1407.477,6
1407.562,8
1407.647,11
1407.732,11
1407.817,12
1407.902,9
1407.987,7
1408.071,6
1408.156,6
1408.241,6
1408.326,11
1408.411,12
1408.496,10
1408.581,14
1408.666,14
1408.751,13
1408.836,14
1408.921,11
1409.006,7
1409.091,7
1409.176,8
1409.261,13
1409.346,14
1409.431,14
1409.516,12
1409.601,6
1409.686,6
1409.771,6
1409.856,8
1409.941,9
1410.026,7
1410.111,6
1410.196,4
1410.281,5
1410.366,6
1410.451,8
1410.536,9
1410.621,9
1410.706,9
1410.791,10
1410.876,11
1410.961,11
1411.046,12
1411.131,11
1411.216,9
1411.301,12
1411.386,12
1411.471,11
1411.557,13
1411.642,11
1411.727,10
1411.812,10
1411.897,8
1411.982,8
1412.067,7
1412.152,10
1412.237,13
1412.322,15
1412.407,15
1412.492,10
1412.577,8
1412.662,8
1412.748,8
1412.833,10
1412.918,12
1413.003,13
1413.088,15
1413.173,20
1413.258,17
1413.343,19
1413.428,20
1413.513,14
1413.599,16
1413.684,16
1413.769,16
1413.854,19
1413.939,19
1414.024,17
1414.109,16
1414.194,15
1414.28,15
1414.365,12
1414.45,12
1414.535,11
1414.62,10
1414.705,13
1414.791,12
1414.876,13
1414.961,13
1415.046,12
1415.131,12
1415.216,14
1415.301,15
1415.387,17
1415.472,17
1415.557,15
1415.642,17
1415.727,18
1415.813,18
1415.898,21
1415.983,20
1416.068,20
1416.153,20
1416.238,17
1416.324,14
1416.409,13
1416.494,12
1416.579,13
1416.665,14
1416.75,14
1416.835,17
1416.92,17
1417.005,18
1417.091,19
1417.176,18
1417.261,18
1417.346,19
1417.432,18
1417.517,18
1417.602,20
1417.687,20
1417.772,16
1417.858,13
1417.943,11
1418.028,9
1418.113,8
1418.199,10
1418.284,9
1418.369,9
1418.455,7
1418.54,10
1418.625,9
1418.71,12
1418.796,17
1418.881,14
1418.966,16
1419.051,16
1419.137,13
1419.222,13
1419.307,13
1419.393,9
1419.478,6
1419.563,7
1419.649,5
1419.734,5
1419.819,8
1419.904,5
1419.99,7
1420.075,10
1420.16,13
1420.246,13
1420.331,15
1420.416,16
1420.502,17
1420.587,16
1420.672,13
1420.758,12
1420.843,13
1420.928,17
1421.014,16
1421.099,14
1421.184,12
1421.27,11
1421.355,10
1421.44,12
1421.526,11
1421.611,10
1421.697,10
1421.782,9
1421.867,13
1421.953,14
1422.038,14
1422.123,12
1422.209,13
1422.294,11
1422.38,15
1422.465,18
1422.55,17
1422.636,16
1422.721,13
1422.807,14
1422.892,15
1422.977,16
1423.063,17
1423.148,13
1423.234,14
1423.319,13
1423.404,10
1423.49,8
1423.575,8
1423.661,9
1423.746,10
1423.831,11
1423.917,8
1424.002,10
1424.088,14
1424.173,15
1424.259,17
1424.344,15
1424.43,13
1424.515,15
1424.6,12
1424.686,14
1424.771,16
1424.857,13
1424.942,16
1425.028,17
1425.113,16
1425.199,20
1425.284,18
1425.37,15
1425.455,12
1425.541,10
1425.626,7
1425.712,9
1425.797,11
1425.883,14
1425.968,17
1426.054,17
1426.139,19
1426.225,19
1426.31,18
1426.396,18
1426.481,17
1426.567,16
1426.652,13
1426.738,14
1426.823,12
1426.909,12
1426.994,11
1427.08,9
1427.165,8
1427.251,6
1427.336,6
1427.422,9
1427.507,11
1427.593,13
1427.679,11
1427.764,10
1427.85,9
1427.935,6
1428.021,6
1428.106,6
1428.192,9
1428.277,11
1428.363,13
1428.449,13
1428.534,10
1428.62,10
1428.705,9
1428.791,7
1428.876,7
1428.962,5
1429.048,6
1429.133,9
1429.219,11
1429.304,11
1429.39,11
1429.476,12
1429.561,11
1429.647,14
1429.732,16
1429.818,22
1429.904,21
1429.989,20
1430.075,17
1430.16,8
1430.246,9
1430.332,14
1430.417,21
1430.503,23
1430.589,23
1430.674,20
1430.76,17
1430.846,19
1430.931,19
1431.017,16
1431.103,15
1431.188,11
1431.274,12
1431.359,12
1431.445,12
1431.531,14
1431.616,13
1431.702,15
1431.788,17
1431.873,18
1431.959,18
1432.045,18
1432.131,16
1432.216,15
1432.302,17
1432.388,15
1432.473,13
1432.559,15
1432.645,14
1432.73,18
1432.816,21
1432.902,20
1432.988,22
1433.073,20
1433.159,15
1433.245,15
1433.33,15
1433.416,15
1433.502,16
1433.588,16
1433.673,14
1433.759,15
1433.845,12
1433.93,11
1434.016,11
1434.102,8
1434.188,7
1434.273,8
1434.359,6
1434.445,7
1434.531,7
1434.616,4
1434.702,8
1434.788,11
1434.874,10
1434.96,13
1435.045,10
1435.131,10
1435.217,12
1435.303,12
1435.388,12
1435.474,11
1435.56,10
1435.646,8
1435.732,8
1435.817,6
1435.903,8
1435.989,7
1436.075,9
1436.161,12
1436.246,13
1436.332,13
1436.418,16
1436.504,12
1436.59,10
1436.675,14
1436.761,10
1436.847,13
1436.933,12
1437.019,12
1437.105,12
1437.19,13
1437.276,14
1437.362,11
1437.448,10
1437.534,6
1437.62,8
1437.706,10
1437.791,11
1437.877,19
1437.963,19
1438.049,17
1438.135,17
1438.221,13
1438.307,11
1438.392,11
1438.478,11
1438.564,11
1438.65,14
1438.736,14
1438.822,15
1438.908,12
1438.994,10
1439.079,10
1439.165,11
1439.251,12
1439.337,16
1439.423,17
1439.509,15
1439.595,15
1439.681,15
1439.767,15
1439.853,17
1439.939,21
1440.024,24
1440.11,22
1440.196,19
1440.282,16
1440.368,13
1440.454,15
1440.54,15
1440.626,14
1440.712,12
1440.798,13
1440.884,15
1440.97,13
1441.056,16
1441.142,15
1441.228,17
1441.314,17
1441.4,19
1441.486,19
1441.572,19
1441.658,20
1441.744,18
1441.829,20
1441.915,17
1442.001,17
1442.087,19
1442.173,18
1442.259,18
1442.345,17
1442.431,15
1442.517,17
1442.603,18
1442.689,15
1442.775,16
1442.861,12
1442.947,12
1443.033,13
1443.119,15
1443.205,14
1443.291,16
1443.378,18
1443.464,13
1443.55,14
1443.636,10
1443.722,10
1443.808,11
1443.894,13
1443.98,17
1444.066,17
1444.152,15
1444.238,17
1444.324,14
1444.41,12
1444.496,12
1444.582,11
1444.668,13
1444.754,17
1444.84,16
1444.926,13
1445.012,12
1445.099,11
1445.185,14
1445.271,17
1445.357,19
1445.443,20
1445.529,20
1445.615,20
1445.701,19
1445.787,17
1445.873,19
1445.959,17
1446.046,17
1446.132,18
1446.218,15
1446.304,16
1446.39,15
1446.476,14
1446.562,14
1446.648,11
1446.735,10
1446.821,9
1446.907,6
1446.993,10
1447.079,12
1447.165,15
1447.251,15
1447.337,13
1447.424,12
1447.51,11
1447.596,11
1447.682,13
1447.768,12
1447.854,10
1447.941,11
1448.027,9
1448.113,12
1448.199,14
1448.285,11
1448.371,10
1448.458,8
1448.544,5
1448.63,8
1448.716,8
1448.802,11
1448.889,11
1448.975,12
1449.061,13
1449.147,12
1449.233,12
1449.32,16
1449.406,17
1449.492,14
1449.578,15
1449.664,10
1449.751,9
1449.837,11
1449.923,10
1450.009,11
1450.095,11
1450.182,12
1450.268,14
1450.354,12
1450.44,14
1450.527,12
1450.613,9
1450.699,7
1450.785,6
1450.872,7
1450.958,9
1451.044,9
1451.13,7
1451.217,7
1451.303,9
1451.389,10
1451.475,13
1451.562,11
1451.648,8
1451.734,11
1451.821,8
1451.907,9
1451.993,8
1452.079,8
1452.166,8
1452.252,9
1452.338,11
1452.425,8
1452.511,11
1452.597,10
1452.684,12
1452.77,13
1452.856,16
1452.942,18
1453.029,18
1453.115,21
1453.201,17
1453.288,18
1453.374,22
1453.46,21
1453.547,22
1453.633,21
1453.719,16
1453.806,14
1453.892,13
1453.978,10
1454.065,7
1454.151,5
1454.238,2
1454.324,4
1454.41,4
1454.497,6
1454.583,11
1454.669,10
1454.756,13
1454.842,13
1454.928,11
1455.015,11
1455.101,15
1455.188,13
1455.274,14
1455.36,15
1455.447,10
1455.533,12
1455.62,10
1455.706,8
1455.792,8
1455.879,7
1455.965,6
1456.052,7
1456.138,5
1456.224,8
1456.311,10
1456.397,11
1456.484,12
1456.57,13
1456.656,16
1456.743,15
1456.829,15
1456.916,16
1457.002,12
1457.089,15
1457.175,17
1457.262,15
1457.348,15
1457.434,12
1457.521,9
1457.607,7
1457.694,8
1457.78,7
1457.867,10
1457.953,9
1458.04,6
1458.126,7
1458.213,5
1458.299,6
1458.386,12
1458.472,14
1458.559,16
1458.645,17
1458.732,14
1458.818,12
1458.904,11
1458.991,9
1459.077,11
1459.164,12
1459.25,11
1459.337,15
1459.424,11
1459.51,10
1459.597,10
1459.683,6
1459.77,9
1459.856,8
1459.943,7
1460.029,5
1460.116,3
1460.202,3
1460.289,5
1460.375,9
1460.462,13
1460.548,19
1460.635,23
1460.721,24
1460.808,22
1460.895,18
1460.981,14
1461.068,17
1461.154,17
1461.241,16
1461.327,15
1461.414,10
1461.501,10
1461.587,8
1461.674,7
1461.76,12
1461.847,13
1461.933,16
1462.02,19
1462.107,18
1462.193,17
1462.28,17
1462.366,16
1462.453,16
1462.54,16
1462.626,18
1462.713,19
1462.799,20
1462.886,20
1462.973,16
1463.059,17
1463.146,14
1463.233,13
1463.319,15
1463.406,11
1463.492,8
1463.579,10
1463.666,12
1463.752,18
1463.839,23
1463.926,22
1464.012,22
1464.099,21
1464.186,21
1464.272,20
1464.359,18
1464.446,16
1464.532,13
1464.619,13
1464.706,15
1464.792,14
1464.879,17
1464.966,15
1465.052,14
1465.139,14
1465.226,12
1465.312,12
1465.399,13
1465.486,12
1465.572,11
1465.659,13
1465.746,11
1465.833,16
1465.919,16
1466.006,17
1466.093,16
1466.179,13
1466.266,13
1466.353,10
1466.44,11
1466.526,10
1466.613,12
1466.7,12
1466.786,10
1466.873,10
1466.96,7
1467.047,10
1467.133,15
1467.22,18
1467.307,21
1467.394,20
1467.48,20
1467.567,17
1467.654,16
1467.741,20
1467.827,17
1467.914,18
1468.001,20
1468.088,15
1468.175,14
1468.261,18
1468.348,18
1468.435,18
1468.522,18
1468.608,12
1468.695,8
1468.782,8
1468.869,8
1468.956,14
1469.042,15
1469.129,14
1469.216,15
1469.303,9
1469.39,10
1469.476,13
1469.563,10
1469.65,12
1469.737,11
1469.824,9
1469.911,10
1469.997,10
1470.084,10
1470.171,8
1470.258,10
1470.345,9
1470.432,11
1470.518,11
1470.605,13
1470.692,13
1470.779,13
1470.866,15
1470.953,11
1471.04,14
1471.126,15
1471.213,19
1471.3,21
1471.387,18
1471.474,19
1471.561,15
1471.648,14
1471.735,14
1471.821,14
1471.908,13
1471.995,14
1472.082,13
1472.169,12
1472.256,13
1472.343,11
1472.43,10
1472.517,9
1472.603,9
1472.69,8
1472.777,8
1472.864,10
1472.951,11
1473.038,12
1473.125,12
1473.212,11
1473.299,10
1473.386,10
1473.473,15
1473.56,16
1473.647,13
1473.734,15
1473.82,10
1473.907,8
1473.994,10
1474.081,7
1474.168,7
1474.255,6
1474.342,6
1474.429,6
1474.516,5
1474.603,5
1474.69,5
1474.777,5
1474.864,9
1474.951,10
1475.038,10
1475.125,12
1475.212,13
1475.299,11
1475.386,12
1475.473,12
1475.56,10
1475.647,12
1475.734,9
1475.821,9
1475.908,7
1475.995,7
1476.082,11
1476.169,8
1476.256,8
1476.343,7
1476.43,9
1476.517,12
1476.604,14
1476.691,15
1476.778,13
1476.865,10
1476.952,10
1477.039,9
1477.126,9
1477.213,11
1477.3,12
1477.387,12
1477.474,11
1477.562,11
1477.649,8
1477.736,6
1477.823,6
1477.91,7
1477.997,7
1478.084,10
1478.171,9
1478.258,9
1478.345,11
1478.432,18
1478.519,17
1478.606,15
1478.693,17
1478.781,12
1478.868,15
1478.955,15
1479.042,10
1479.129,12
1479.216,9
1479.303,10
1479.39,11
1479.477,7
1479.565,7
1479.652,6
1479.739,7
1479.826,9
1479.913,12
1480,12
1480.087,11
1480.174,12
1480.262,10
1480.349,12
1480.436,11
1480.523,11
1480.61,10
1480.697,8
1480.784,9
1480.872,11
1480.959,10
1481.046,10
1481.133,9
1481.22,6
1481.307,9
1481.395,11
1481.482,12
1481.569,12
1481.656,9
1481.743,6
1481.83,5
1481.918,6
1482.005,7
1482.092,8
1482.179,10
1482.266,14
1482.354,14
1482.441,17
1482.528,15
1482.615,13
1482.702,13
1482.79,11
1482.877,13
1482.964,10
1483.051,13
1483.139,15
1483.226,13
1483.313,15
1483.4,17
1483.487,14
1483.575,15
1483.662,13
1483.749,12
1483.836,14
1483.924,15
1484.011,16
1484.098,18
1484.185,17
1484.273,17
1484.36,19
1484.447,16
1484.534,16
1484.622,14
1484.709,8
1484.796,8
1484.884,7
1484.971,8
1485.058,10
1485.145,9
1485.233,9
1485.32,10
1485.407,9
1485.495,8
1485.582,11
1485.669,9
1485.756,11
1485.844,15
1485.931,14
1486.018,16
1486.106,14
1486.193,12
1486.28,12
1486.368,13
1486.455,12
1486.542,11
1486.63,12
1486.717,13
1486.804,15
1486.892,18
1486.979,17
1487.066,14
1487.154,10
1487.241,7
1487.328,6
1487.416,8
1487.503,7
1487.59,8
1487.678,8
1487.765,9
1487.853,9
1487.94,9
1488.027,13
1488.115,12
1488.202,15
1488.289,18
1488.377,19
1488.464,20
1488.552,24
1488.639,23
1488.726,20
1488.814,19
1488.901,17
1488.989,17
1489.076,19
1489.163,23
1489.251,19
1489.338,19
1489.426,17
1489.513,13
1489.6,14
1489.688,14
1489.775,12
1489.863,15
1489.95,14
1490.037,11
1490.125,12
1490.212,8
1490.3,7
1490.387,8
1490.475,10
1490.562,10
1490.65,13
1490.737,11
1490.824,8
1490.912,8
1490.999,6
1491.087,12
1491.174,13
1491.262,15
1491.349,16
1491.437,14
1491.524,17
1491.612,18
1491.699,17
1491.787,16
1491.874,15
1491.962,15
1492.049,14
1492.137,13
1492.224,14
1492.312,11
1492.399,8
1492.487,11
1492.574,9
1492.662,13
1492.749,12
1492.837,13
1492.924,12
1493.012,11
1493.099,13
1493.187,8
1493.274,9
1493.362,8
1493.449,9
1493.537,14
1493.624,16
1493.712,14
1493.799,14
1493.887,11
1493.975,9
1494.062,12
1494.15,13
1494.237,15
1494.325,13
1494.412,10
1494.5,6
1494.587,6
1494.675,8
1494.763,9
1494.85,11
1494.938,11
1495.025,10
1495.113,13
1495.2,11
1495.288,10
1495.376,10
1495.463,8
1495.551,9
1495.638,8
1495.726,13
1495.814,14
1495.901,18
1495.989,15
1496.076,13
1496.164,12
1496.252,13
1496.339,21
1496.427,22
1496.515,21
1496.602,21
1496.69,16
1496.777,15
1496.865,18
1496.953,16
1497.04,22
1497.128,20
1497.216,17
1497.303,15
1497.391,9
1497.479,11
1497.566,10
1497.654,10
1497.742,10
1497.829,9
1497.917,11
1498.005,8
1498.092,7
1498.18,8
1498.268,8
1498.355,11
1498.443,12
1498.531,11
1498.618,13
1498.706,13
1498.794,14
1498.881,12
1498.969,11
1499.057,10
1499.145,11
1499.232,13
1499.32,12
1499.408,13
1499.495,13
1499.583,13
1499.671,14
1499.758,15
1499.846,15
1499.934,16
1500.022,16
1500.109,15
1500.197,15
1500.285,15
1500.373,17
1500.46,16
1500.548,16
1500.636,14
1500.724,13
1500.811,9
1500.899,8
1500.987,12
1501.075,10
1501.162,15
1501.25,15
1501.338,16
1501.426,16
1501.513,14
1501.601,16
1501.689,15
1501.777,17
1501.865,12
1501.952,12
1502.04,11
1502.128,10
1502.216,9
1502.304,6
1502.391,5
1502.479,7
1502.567,7
1502.655,11
1502.743,14
1502.83,12
1502.918,16
1503.006,13
1503.094,10
1503.182,10
1503.269,12
1503.357,14
1503.445,16
1503.533,19
1503.621,17
1503.709,18
1503.796,15
1503.884,14
1503.972,13
1504.06,10
1504.148,15
1504.236,15
1504.324,14
1504.411,17
1504.499,13
1504.587,12
1504.675,13
1504.763,13
1504.851,15
1504.939,14
1505.026,14
1505.114,11
1505.202,8
1505.29,9
1505.378,8
1505.466,8
1505.554,7
1505.642,9
1505.73,8
1505.818,10
1505.905,11
1505.993,7
1506.081,5
1506.169,4
1506.257,8
1506.345,10
1506.433,14
1506.521,14
1506.609,15
1506.697,16
1506.785,16
1506.873,19
1506.96,19
1507.048,17
1507.136,16
1507.224,15
1507.312,11
1507.4,15
1507.488,12
1507.576,9
1507.664,9
1507.752,9
1507.84,11
1507.928,15
1508.016,15
1508.104,14
1508.192,15
1508.28,14
1508.368,16
1508.456,16
1508.544,16
1508.632,15
1508.72,16
1508.808,14
1508.896,16
1508.984,15
1509.072,12
1509.16,11
1509.248,8
1509.336,9
1509.424,12
1509.512,16
1509.6,18
1509.688,21
1509.776,20
1509.864,17
1509.952,17
1510.04,17
1510.128,16
1510.216,19
1510.304,21
1510.392,19
1510.48,20
1510.568,16
1510.656,13
1510.744,12
1510.832,10
1510.92,12
1511.008,10
1511.096,8
1511.184,7
1511.272,8
1511.361,8
1511.449,11
1511.537,15
1511.625,14
1511.713,16
1511.801,13
1511.889,13
1511.977,11
1512.065,15
1512.153,17
1512.241,18
1512.329,19
1512.418,21
1512.506,19
1512.594,16
1512.682,16
1512.77,15
1512.858,16
1512.946,16
1513.034,16
1513.122,24
1513.211,27
1513.299,26
1513.387,26
1513.475,20
1513.563,20
1513.651,23
1513.739,24
1513.827,24
1513.916,23
1514.004,23
1514.092,21
1514.18,20
1514.268,19
1514.356,15
1514.444,15
1514.533,15
1514.621,14
1514.709,17
1514.797,18
1514.885,16
1514.973,18
1515.062,18
1515.15,20
1515.238,29
1515.326,26
1515.414,22
1515.503,21
1515.591,15
1515.679,15
1515.767,19
1515.855,18
1515.944,15
1516.032,15
1516.12,13
1516.208,12
1516.296,12
1516.385,9
1516.473,7
1516.561,7
1516.649,9
1516.737,13
1516.826,16
1516.914,16
1517.002,14
1517.09,11
1517.179,9
1517.267,9
1517.355,11
1517.443,13
1517.532,17
1517.62,20
1517.708,23
1517.796,24
1517.885,22
1517.973,18
1518.061,22
1518.149,19
1518.238,16
1518.326,16
1518.414,16
1518.503,20
1518.591,21
1518.679,24
1518.767,23
1518.856,19
1518.944,15
1519.032,12
1519.121,8
1519.209,6
1519.297,7
1519.385,5
1519.474,7
1519.562,7
1519.65,9
1519.739,11
1519.827,10
1519.915,9
1520.004,10
1520.092,8
1520.18,9
1520.269,11
1520.357,13
1520.445,14
1520.534,15
1520.622,17
1520.71,14
1520.799,19
1520.887,17
1520.975,15
1521.064,13
1521.152,10
1521.24,11
1521.329,11
1521.417,14
1521.505,15
1521.594,15
1521.682,13
1521.771,11
1521.859,6
1521.947,7
1522.036,10
1522.124,11
1522.213,16
1522.301,18
1522.389,15
1522.478,12
1522.566,6
1522.654,6
1522.743,6
1522.831,7
1522.92,11
1523.008,13
1523.097,14
1523.185,14
1523.273,12
1523.362,9
1523.45,9
1523.539,7
1523.627,8
1523.716,10
1523.804,9
1523.892,12
1523.981,10
1524.069,12
1524.158,13
1524.246,11
1524.335,13
1524.423,11
1524.512,12
1524.6,14
1524.688,14
1524.777,16
1524.865,15
1524.954,16
1525.042,18
1525.131,19
1525.219,15
1525.308,14
1525.396,11
1525.485,10
1525.573,11
1525.662,15
1525.75,15
1525.839,16
1525.927,17
1526.016,13
1526.104,18
1526.193,19
1526.281,21
1526.37,19
1526.458,16
1526.547,15
1526.635,10
1526.724,10
1526.812,10
1526.901,7
1526.989,7
1527.078,7
1527.166,6
1527.255,9
1527.343,8
1527.432,9
1527.521,10
1527.609,7
1527.698,9
1527.786,10
1527.875,7
1527.963,9
1528.052,10
1528.14,9
1528.229,12
1528.318,11
1528.406,11
1528.495,12
1528.583,16
1528.672,18
1528.76,17
1528.849,18
1528.938,13
1529.026,13
1529.115,14
1529.203,14
1529.292,15
1529.381,14
1529.469,15
1529.558,13
1529.646,13
1529.735,11
1529.824,13
1529.912,14
1530.001,13
1530.089,15
1530.178,13
1530.267,15
1530.355,19
1530.444,17
1530.533,16
1530.621,17
1530.71,14
1530.799,12
1530.887,12
1530.976,10
1531.064,12
1531.153,11
1531.242,15
1531.33,14
1531.419,12
1531.508,9
1531.596,9
1531.685,11
1531.774,14
1531.862,19
1531.951,18
1532.04,15
1532.128,14
1532.217,12
1532.306,11
1532.394,13
1532.483,11
1532.572,13
1532.661,15
1532.749,18
1532.838,17
1532.927,15
1533.015,12
1533.104,8
1533.193,8
1533.282,11
1533.37,12
1533.459,12
1533.548,11
1533.636,16
1533.725,18
1533.814,19
1533.903,23
1533.991,18
1534.08,14
1534.169,18
1534.258,16
1534.346,16
1534.435,16
1534.524,13
1534.613,12
1534.701,12
1534.79,12
1534.879,10
1534.968,11
1535.056,12
1535.145,13
1535.234,14
1535.323,15
1535.411,18
1535.5,18
1535.589,20
1535.678,19
1535.767,17
1535.855,16
1535.944,15
1536.033,17
1536.122,16
1536.211,22
1536.299,24
1536.388,23
1536.477,22
1536.566,22
1536.655,19
1536.743,19
1536.832,18
1536.921,17
1537.01,18
1537.099,17
1537.188,19
1537.276,19
1537.365,20
1537.454,25
1537.543,25
1537.632,23
1537.721,25
1537.809,24
1537.898,22
1537.987,23
1538.076,22
1538.165,20
1538.254,21
1538.343,21
1538.431,20
1538.52,20
1538.609,18
1538.698,18
1538.787,17
1538.876,17
1538.965,19
1539.054,17
1539.142,20
1539.231,21
1539.32,18
1539.409,17
1539.498,14
1539.587,13
1539.676,15
1539.765,16
1539.854,15
1539.943,16
1540.031,16
1540.12,17
1540.209,18
1540.298,15
1540.387,13
1540.476,11
1540.565,11
1540.654,12
1540.743,12
1540.832,11
1540.921,9
1541.01,8
1541.099,8
1541.188,8
1541.277,8
1541.365,7
1541.454,6
1541.543,9
1541.632,9
1541.721,11
1541.81,13
1541.899,12
1541.988,12
1542.077,10
1542.166,7
1542.255,8
1542.344,8
1542.433,10
1542.522,11
1542.611,9
1542.7,10
1542.789,13
1542.878,13
1542.967,12
1543.056,13
1543.145,10
1543.234,12
1543.323,14
1543.412,14
1543.501,12
1543.59,11
1543.679,10
1543.768,8
1543.857,9
1543.946,6
1544.035,7
1544.124,11
1544.213,13
1544.302,17
1544.391,19
1544.48,19
1544.569,17
1544.659,14
1544.748,13
1544.837,12
1544.926,15
1545.015,11
1545.104,12
1545.193,12
1545.282,11
1545.371,13
1545.46,14
1545.549,16
1545.638,17
1545.727,14
1545.816,10
1545.905,8
1545.995,6
1546.084,3
1546.173,4
1546.262,2
1546.351,5
1546.44,8
1546.529,10
1546.618,12
1546.707,9
1546.796,9
1546.886,9
1546.975,13
1547.064,16
1547.153,17
1547.242,15
1547.331,9
1547.42,11
1547.509,9
1547.599,9
1547.688,11
1547.777,6
1547.866,9
1547.955,10
1548.044,10
1548.133,13
1548.223,17
1548.312,16
1548.401,15
1548.49,14
1548.579,13
1548.668,16
1548.758,21
1548.847,19
1548.936,16
1549.025,11
1549.114,5
1549.204,5
1549.293,5
1549.382,7
1549.471,6
1549.56,6
1549.649,8
1549.739,6
1549.828,8
1549.917,10
1550.006,7
1550.095,12
1550.185,16
1550.274,15
1550.363,17
1550.452,21
1550.542,19
1550.631,20
1550.72,20
1550.809,13
1550.898,9
1550.988,9
1551.077,7
1551.166,9
1551.255,11
1551.345,10
1551.434,11
1551.523,10
1551.612,11
1551.702,9
1551.791,8
1551.88,9
1551.969,10
1552.059,11
1552.148,13
1552.237,12
1552.327,10
1552.416,13
1552.505,16
1552.594,16
1552.684,16
1552.773,17
1552.862,16
1552.952,18
1553.041,19
1553.13,14
1553.219,15
1553.309,13
1553.398,11
1553.487,14
1553.577,14
1553.666,14
1553.755,15
1553.845,13
1553.934,13
1554.023,17
1554.113,22
1554.202,25
1554.291,28
1554.381,23
1554.47,18
1554.559,15
1554.649,12
1554.738,12
1554.827,12
1554.917,13
1555.006,12
1555.095,13
1555.185,15
1555.274,12
1555.363,11
1555.453,12
1555.542,10
1555.632,13
1555.721,10
1555.81,10
1555.9,10
1555.989,11
1556.078,12
1556.168,12
1556.257,11
1556.347,10
1556.436,10
1556.525,9
1556.615,9
1556.704,6
1556.794,6
1556.883,8
1556.972,11
1557.062,14
1557.151,14
1557.241,14
1557.33,13
1557.419,13
1557.509,18
1557.598,18
1557.688,21
1557.777,24
1557.867,22
1557.956,22
1558.046,19
1558.135,18
1558.224,16
1558.314,13
1558.403,13
1558.493,12
1558.582,13
1558.672,14
1558.761,12
1558.851,11
1558.94,10
1559.03,9
1559.119,11
1559.209,10
1559.298,12
1559.387,31
1559.477,55
1559.566,86
1559.656,128
1559.745,210
1559.835,281
1559.924,347
1560.014,410
1560.103,397
1560.193,367
1560.282,329
1560.372,278
1560.461,244
1560.551,244
1560.64,250
1560.73,285
1560.82,354
1560.909,427
1560.999,480
1561.088,517
1561.178,506
1561.267,453
1561.357,407
1561.446,347
1561.536,307
1561.625,296
1561.715,295
1561.804,297
1561.894,352
1561.984,399
1562.073,431
1562.163,462
1562.252,413
1562.342,356
1562.431,295
1562.521,236
1562.611,208
1562.7,196
1562.79,197
1562.879,201
1562.969,221
1563.058,235
1563.148,244
1563.238,238
1563.327,202
1563.417,165
1563.506,137
1563.596,110
1563.686,99
1563.775,100
1563.865,94
1563.954,96
1564.044,99
1564.134,99
1564.223,102
1564.313,93
1564.403,84
1564.492,71
1564.582,57
1564.671,51
1564.761,47
1564.851,46
1564.94,49
1565.03,46
1565.12,44
1565.209,42
1565.299,39
1565.389,37
1565.478,37
1565.568,37
1565.658,37
1565.747,38
1565.837,36
1565.927,36
1566.016,38
1566.106,42
1566.196,41
1566.285,35
1566.375,30
1566.465,25
1566.554,25
1566.644,28
1566.734,26
1566.824,26
1566.913,24
1567.003,22
1567.093,26
1567.182,27
1567.272,29
1567.362,30
1567.451,25
1567.541,26
1567.631,22
1567.721,20
1567.81,22
1567.9,22
1567.99,19
1568.08,20
1568.169,18
1568.259,15
1568.349,19
1568.439,20
1568.528,21
1568.618,23
1568.708,21
1568.798,20
1568.887,24
1568.977,21
1569.067,23
1569.157,24
1569.246,19
1569.336,22
1569.426,20
1569.516,17
1569.605,19
1569.695,17
1569.785,16
1569.875,17
1569.965,17
1570.054,15
1570.144,13
1570.234,11
1570.324,8
1570.414,6
1570.503,8
1570.593,9
1570.683,11
1570.773,15
1570.863,19
1570.952,20
1571.042,20
1571.132,23
1571.222,19
1571.312,19
1571.402,20
1571.491,12
1571.581,10
1571.671,10
1571.761,8
1571.851,11
1571.941,9
1572.03,9
1572.12,7
1572.21,7
1572.3,9
1572.39,10
1572.48,10
1572.57,12
1572.659,13
1572.749,12
1572.839,12
1572.929,12
1573.019,12
1573.109,13
1573.199,14
1573.289,18
1573.379,17
1573.468,15
1573.558,15
1573.648,13
1573.738,14
1573.828,17
1573.918,16
1574.008,18
1574.098,19
1574.188,13
1574.278,15
1574.367,11
1574.457,13
1574.547,15
1574.637,12
1574.727,17
1574.817,16
1574.907,16
1574.997,17
1575.087,12
1575.177,8
1575.267,9
1575.357,13
1575.447,16
1575.537,19
1575.627,22
1575.717,19
1575.807,19
1575.897,15
1575.986,9
1576.076,7
1576.166,9
1576.256,10
1576.346,12
1576.436,12
1576.526,11
1576.616,16
1576.706,18
1576.796,20
1576.886,17
1576.976,14
1577.066,13
1577.156,14
1577.246,15
1577.336,15
1577.426,13
1577.516,12
1577.606,7
1577.696,8
1577.786,10
1577.876,9
1577.966,14
1578.056,12
1578.146,12
1578.236,14
1578.326,14
1578.417,13
1578.507,12
1578.597,10
1578.687,10
1578.777,13
1578.867,16
1578.957,16
1579.047,12
1579.137,12
1579.227,10
1579.317,12
1579.407,14
1579.497,15
1579.587,13
1579.677,13
1579.767,15
1579.857,12
1579.948,15
1580.038,12
1580.128,15
1580.218,18
1580.308,19
1580.398,23
1580.488,19
1580.578,18
1580.668,17
1580.758,16
1580.848,13
1580.939,12
1581.029,12
1581.119,12
1581.209,16
1581.299,16
1581.389,14
1581.479,11
1581.569,8
1581.66,7
1581.75,10
1581.84,11
1581.93,18
1582.02,19
1582.11,20
1582.2,20
1582.291,21
1582.381,19
1582.471,15
1582.561,16
1582.651,15
1582.741,19
1582.831,19
1582.922,16
1583.012,11
1583.102,8
1583.192,7
1583.282,9
1583.373,11
1583.463,14
1583.553,15
1583.643,16
1583.733,20
1583.823,18
1583.914,19
1584.004,19
1584.094,15
1584.184,12
1584.274,12
1584.365,13
1584.455,11
1584.545,16
1584.635,17
1584.726,14
1584.816,17
1584.906,21
1584.996,20
1585.086,25
1585.177,23
1585.267,18
1585.357,16
1585.447,11
1585.538,10
1585.628,9
1585.718,11
1585.808,16
1585.899,16
1585.989,16
1586.079,14
1586.169,13
1586.26,11
1586.35,10
1586.44,16
1586.53,13
1586.621,18
1586.711,18
1586.801,13
1586.892,13
1586.982,10
1587.072,10
1587.162,13
1587.253,14
1587.343,15
1587.433,14
1587.524,15
1587.614,16
1587.704,15
1587.795,14
1587.885,12
1587.975,13
1588.065,16
1588.156,19
1588.246,17
1588.336,16
1588.427,13
1588.517,15
1588.607,15
1588.698,12
1588.788,11
1588.878,6
1588.969,5
1589.059,7
1589.149,9
1589.24,11
1589.33,12
1589.421,11
1589.511,9
1589.601,10
1589.692,13
1589.782,13
1589.872,16
1589.963,18
1590.053,18
1590.143,20
1590.234,21
1590.324,18
1590.415,15
1590.505,16
1590.595,14
1590.686,15
1590.776,13
1590.867,9
1590.957,8
1591.047,7
1591.138,9
1591.228,11
1591.319,13
1591.409,10
1591.499,11
1591.59,12
1591.68,13
1591.771,18
1591.861,19
1591.952,17
1592.042,18
1592.132,16
1592.223,13
1592.313,14
1592.404,13
1592.494,13
1592.585,15
1592.675,13
1592.766,14
1592.856,13
1592.946,14
1593.037,16
1593.127,14
1593.218,15
1593.308,14
1593.399,13
1593.489,14
1593.58,15
1593.67,13
1593.761,13
1593.851,10
1593.942,10
1594.032,13
1594.123,11
1594.213,10
1594.304,8
1594.394,7
1594.485,8
1594.575,12
1594.666,15
1594.756,14
1594.847,15
1594.937,15
1595.028,11
1595.118,11
1595.209,14
1595.299,11
1595.39,11
1595.48,9
1595.571,5
1595.661,6
1595.752,6
1595.842,11
1595.933,15
1596.024,13
1596.114,15
1596.205,16
1596.295,11
1596.386,13
1596.476,15
1596.567,12
1596.657,14
1596.748,19
1596.839,15
1596.929,15
1597.02,14
1597.11,9
1597.201,12
1597.291,11
1597.382,13
1597.473,16
1597.563,13
1597.654,15
1597.744,14
1597.835,11
1597.926,14
1598.016,13
1598.107,12
1598.197,11
1598.288,9
1598.379,6
1598.469,6
1598.56,5
1598.651,4
1598.741,9
1598.832,9
1598.922,7
1599.013,10
1599.104,6
1599.194,10
1599.285,15
1599.376,16
1599.466,19
1599.557,18
1599.648,18
1599.738,17
1599.829,17
1599.92,16
1600.01,13
1600.101,10
1600.192,8
1600.282,8
1600.373,6
1600.464,10
1600.554,15
1600.645,14
1600.736,17
1600.826,16
1600.917,11
1601.008,11
1601.098,12
1601.189,11
1601.28,13
1601.37,18
1601.461,18
1601.552,17
1601.643,17
1601.733,12
1601.824,10
1601.915,11
1602.005,8
1602.096,8
1602.187,7
1602.278,8
1602.368,8
1602.459,8
1602.55,8
1602.641,9
1602.731,12
1602.822,13
1602.913,14
1603.004,12
1603.094,12
1603.185,13
1603.276,14
1603.367,13
1603.457,13
1603.548,10
1603.639,8
1603.73,10
1603.82,9
1603.911,8
1604.002,11
1604.093,10
1604.183,8
1604.274,10
1604.365,8
1604.456,8
1604.547,10
1604.637,9
1604.728,10
1604.819,13
1604.91,15
1605.001,17
1605.091,19
1605.182,18
1605.273,18
1605.364,16
1605.455,15
1605.546,11
1605.636,10
1605.727,12
1605.818,10
1605.909,14
1606,13
1606.091,13
1606.181,14
1606.272,12
1606.363,12
1606.454,11
1606.545,9
1606.636,10
1606.726,11
1606.817,15
1606.908,17
1606.999,18
1607.09,16
1607.181,12
1607.272,11
1607.363,11
1607.453,10
1607.544,12
1607.635,16
1607.726,14
1607.817,14
1607.908,10
1607.999,6
1608.09,8
1608.181,10
1608.271,16
1608.362,15
1608.453,13
1608.544,16
1608.635,11
1608.726,14
1608.817,15
1608.908,11
1608.999,12
1609.09,16
1609.181,16
1609.271,17
1609.362,19
1609.453,13
1609.544,12
1609.635,14
1609.726,13
1609.817,15
1609.908,15
1609.999,15
1610.09,13
1610.181,13
1610.272,11
1610.363,8
1610.454,11
1610.545,10
1610.636,10
1610.727,11
1610.818,8
1610.909,7
1611,8
1611.091,6
1611.182,7
1611.273,6
1611.364,5
1611.455,4
1611.546,4
1611.637,4
1611.728,4
1611.819,6
1611.91,4
1612.001,7
1612.092,9
1612.183,12
1612.274,14
1612.365,12
1612.456,14
1612.547,10
1612.638,9
1612.729,9
1612.82,7
1612.911,10
1613.002,11
1613.093,12
1613.184,10
1613.275,8
1613.366,8
1613.457,9
1613.548,11
1613.639,13
1613.73,15
1613.821,11
1613.912,11
1614.003,11
1614.094,9
1614.186,8
1614.277,10
1614.368,10
1614.459,15
1614.55,16
1614.641,15
1614.732,14
1614.823,10
1614.914,12
1615.005,13
1615.096,15
1615.187,16
1615.279,15
1615.37,13
1615.461,13
1615.552,13
1615.643,15
1615.734,14
1615.825,11
1615.916,10
1616.008,5
1616.099,5
1616.19,6
1616.281,9
1616.372,11
1616.463,13
1616.554,12
1616.645,8
1616.737,8
1616.828,9
1616.919,10
1617.01,11
1617.101,8
1617.192,6
1617.284,8
1617.375,7
1617.466,9
1617.557,11
1617.648,10
1617.739,12
1617.831,13
1617.922,13
1618.013,13
1618.104,13
1618.195,13
1618.286,15
1618.378,15
1618.469,17
1618.56,15
1618.651,10
1618.742,9
1618.834,5
1618.925,6
1619.016,7
1619.107,10
1619.198,12
1619.29,13
1619.381,11
1619.472,8
1619.563,5
1619.655,4
1619.746,8
1619.837,10
1619.928,12
1620.02,14
1620.111,15
1620.202,15
1620.293,16
1620.384,15
1620.476,12
1620.567,11
1620.658,15
1620.75,12
1620.841,16
1620.932,17
1621.023,11
1621.115,12
1621.206,11
1621.297,10
1621.388,12
1621.48,15
1621.571,15
1621.662,16
1621.754,17
1621.845,13
1621.936,11
1622.027,9
1622.119,10
1622.21,12
1622.301,13
1622.393,16
1622.484,13
1622.575,8
1622.667,6
1622.758,6
1622.849,5
1622.941,9
1623.032,10
1623.123,8
1623.215,10
1623.306,12
1623.397,14
1623.489,13
1623.58,12
1623.671,15
1623.763,13
1623.854,11
1623.945,14
1624.037,12
1624.128,12
1624.219,13
1624.311,10
1624.402,7
1624.493,7
1624.585,11
1624.676,9
1624.768,12
1624.859,12
1624.95,9
1625.042,9
1625.133,9
1625.224,12
1625.316,11
1625.407,15
1625.499,15
1625.59,11
1625.681,13
1625.773,11
1625.864,10
1625.956,11
1626.047,13
1626.138,16
1626.23,14
1626.321,16
1626.413,14
1626.504,11
1626.596,12
1626.687,9
1626.778,7
1626.87,7
1626.961,8
1627.053,7
1627.144,8
1627.236,8
1627.327,8
1627.419,8
1627.51,8
1627.601,10
1627.693,9
1627.784,10
1627.876,12
1627.967,9
1628.059,9
1628.15,8
1628.242,9
1628.333,8
1628.425,8
1628.516,9
1628.608,5
1628.699,9
1628.791,10
1628.882,10
1628.974,11
1629.065,8
1629.157,9
1629.248,10
1629.34,12
1629.431,17
1629.523,16
1629.614,16
1629.706,16
1629.797,13
1629.889,18
1629.98,19
1630.072,24
1630.163,21
1630.255,18
1630.346,17
1630.438,12
1630.529,13
1630.621,11
1630.712,13
1630.804,11
1630.896,13
1630.987,15
1631.079,10
1631.17,10
1631.262,9
1631.353,6
1631.445,9
1631.537,9
1631.628,14
1631.72,14
1631.811,14
1631.903,14
1631.994,9
1632.086,9
1632.178,9
1632.269,10
1632.361,11
1632.452,14
1632.544,15
1632.636,15
1632.727,15
1632.819,18
1632.91,15
1633.002,14
1633.094,13
1633.185,10
1633.277,8
1633.368,10
1633.46,9
1633.552,11
1633.643,13
1633.735,12
1633.827,14
1633.918,12
1634.01,12
1634.101,10
1634.193,7
1634.285,7
1634.376,7
1634.468,5
1634.56,5
1634.651,6
1634.743,7
1634.835,7
1634.926,11
1635.018,11
1635.11,9
1635.201,12
1635.293,9
1635.385,8
1635.476,9
1635.568,6
1635.66,6
1635.752,5
1635.843,5
1635.935,10
1636.027,12
1636.118,12
1636.21,15
1636.302,12
1636.393,10
1636.485,11
1636.577,8
1636.669,12
1636.76,13
1636.852,13
1636.944,12
1637.035,8
1637.127,9
1637.219,7
1637.311,8
1637.402,9
1637.494,8
1637.586,13
1637.678,16
1637.769,16
1637.861,18
1637.953,23
1638.045,20
1638.136,20
1638.228,17
1638.32,10
1638.412,11
1638.503,12
1638.595,13
1638.687,13
1638.779,12
1638.87,12
1638.962,10
1639.054,10
1639.146,11
1639.238,8
1639.329,7
1639.421,9
1639.513,11
1639.605,11
1639.697,14
1639.788,11
1639.88,10
1639.972,10
1640.064,8
1640.156,10
1640.247,9
1640.339,12
1640.431,14
1640.523,11
1640.615,10
1640.707,8
1640.798,6
1640.89,7
1640.982,8
1641.074,8
1641.166,12
1641.258,12
1641.349,13
1641.441,14
1641.533,12
1641.625,11
1641.717,12
1641.809,14
1641.901,12
1641.993,9
1642.084,7
1642.176,4
1642.268,5
1642.36,5
1642.452,7
1642.544,8
1642.636,9
1642.728,10
1642.819,11
1642.911,10
1643.003,11
1643.095,13
1643.187,16
1643.279,18
1643.371,17
1643.463,15
1643.555,10
1643.647,9
1643.738,8
1643.83,9
1643.922,8
1644.014,7
1644.106,8
1644.198,11
1644.29,10
1644.382,13
1644.474,12
1644.566,11
1644.658,14
1644.75,14
1644.842,15
1644.934,17
1645.026,16
1645.118,15
1645.21,19
1645.301,15
1645.393,13
1645.485,13
1645.577,8
1645.669,6
1645.761,10
1645.853,11
1645.945,13
1646.037,14
1646.129,9
1646.221,7
1646.313,7
1646.405,8
1646.497,12
1646.589,15
1646.681,15
1646.773,19
1646.865,17
1646.957,16
1647.049,15
1647.141,15
1647.233,14
1647.325,12
1647.417,10
1647.509,7
1647.601,10
1647.693,12
1647.785,14
1647.877,11
1647.97,9
1648.062,8
1648.154,8
1648.246,11
1648.338,14
1648.43,11
1648.522,15
1648.614,15
1648.706,12
1648.798,15
1648.89,12
1648.982,13
1649.074,14
1649.166,13
1649.258,11
1649.35,8
1649.442,11
1649.535,11
1649.627,11
1649.719,13
1649.811,11
1649.903,11
1649.995,10
1650.087,11
1650.179,15
1650.271,16
1650.363,18
1650.456,16
1650.548,10
1650.64,9
1650.732,13
1650.824,13
1650.916,18
1651.008,20
1651.1,17
1651.192,16
1651.285,15
1651.377,16
1651.469,15
1651.561,15
1651.653,10
1651.745,7
1651.837,8
1651.93,6
1652.022,9
1652.114,11
1652.206,12
1652.298,12
1652.39,11
1652.483,11
1652.575,8
1652.667,10
1652.759,12
1652.851,11
1652.943,14
1653.036,13
1653.128,14
1653.22,15
1653.312,13
1653.404,9
1653.497,4
1653.589,5
1653.681,5
1653.773,8
1653.865,10
1653.958,9
1654.05,10
1654.142,14
1654.234,15
1654.326,14
1654.419,15
1654.511,12
1654.603,11
1654.695,10
1654.788,9
1654.88,7
1654.972,8
1655.064,11
1655.157,11
1655.249,10
1655.341,8
1655.433,6
1655.526,6
1655.618,9
1655.71,11
1655.802,13
1655.895,11
1655.987,14
1656.079,10
1656.171,8
1656.264,11
1656.356,9
1656.448,14
1656.541,13
1656.633,11
1656.725,12
1656.817,16
1656.91,17
1657.002,17
1657.094,16
1657.187,10
1657.279,11
1657.371,10
1657.463,11
1657.556,12
1657.648,10
1657.74,16
1657.833,15
1657.925,13
1658.017,12
1658.11,5
1658.202,4
1658.294,7
1658.387,7
1658.479,7
1658.571,10
1658.664,9
1658.756,9
1658.848,11
1658.941,8
1659.033,6
1659.125,5
1659.218,5
1659.31,6
1659.403,6
1659.495,9
1659.587,10
1659.68,10
1659.772,11
1659.864,10
1659.957,10
1660.049,10
1660.142,8
1660.234,7
1660.326,7
1660.419,12
1660.511,14
1660.603,17
1660.696,16
1660.788,20
1660.881,15
1660.973,13
1661.066,15
1661.158,10
1661.25,13
1661.343,14
1661.435,11
1661.528,9
1661.62,11
1661.712,13
1661.805,17
1661.897,15
1661.99,13
1662.082,9
1662.175,6
1662.267,8
1662.36,8
1662.452,10
1662.544,10
1662.637,12
1662.729,9
1662.822,9
1662.914,9
1663.007,7
1663.099,8
1663.192,11
1663.284,11
1663.377,11
1663.469,10
1663.562,6
1663.654,5
1663.747,3
1663.839,6
1663.932,7
1664.024,10
1664.117,12
1664.209,11
1664.302,15
1664.394,12
1664.487,9
1664.579,8
1664.672,7
1664.764,11
1664.857,12
1664.949,12
1665.042,9
1665.134,7
1665.227,7
1665.319,8
1665.412,9
1665.504,9
1665.597,12
1665.689,10
1665.782,11
1665.874,10
1665.967,11
1666.06,12
1666.152,10
1666.245,13
1666.337,14
1666.43,16
1666.522,19
1666.615,16
1666.708,14
1666.8,12
1666.893,9
1666.985,8
1667.078,8
1667.17,13
1667.263,13
1667.356,16
1667.448,12
1667.541,11
1667.633,11
1667.726,10
1667.819,14
1667.911,12
1668.004,12
1668.096,12
1668.189,11
1668.282,9
1668.374,7
1668.467,6
1668.559,5
1668.652,6
1668.745,11
1668.837,13
1668.93,14
1669.023,13
1669.115,9
1669.208,6
1669.301,3
1669.393,5
1669.486,6
1669.578,8
1669.671,11
1669.764,8
1669.856,8
1669.949,8
1670.042,11
1670.134,15
1670.227,15
1670.32,16
1670.412,12
1670.505,9
1670.598,11
1670.691,12
1670.783,12
1670.876,13
1670.969,11
1671.061,8
1671.154,6
1671.247,5
1671.339,9
1671.432,9
1671.525,12
1671.617,11
1671.71,7
1671.803,7
1671.896,10
1671.988,12
1672.081,16
1672.174,15
1672.267,14
1672.359,12
1672.452,6
1672.545,7
1672.637,4
1672.73,9
1672.823,9
1672.916,11
1673.008,10
1673.101,7
1673.194,8
1673.287,8
1673.379,10
1673.472,10
1673.565,12
1673.658,13
1673.751,13
1673.843,12
1673.936,10
1674.029,6
1674.122,5
1674.214,9
1674.307,10
1674.4,15
1674.493,15
1674.586,11
1674.678,12
1674.771,8
1674.864,7
1674.957,6
1675.05,5
1675.142,6
1675.235,8
1675.328,9
1675.421,12
1675.514,12
1675.606,16
1675.699,16
1675.792,12
1675.885,14
1675.978,13
1676.071,19
1676.163,18
1676.256,17
1676.349,13
1676.442,9
1676.535,13
1676.628,13
1676.721,11
1676.813,11
1676.906,8
1676.999,7
1677.092,10
1677.185,8
1677.278,8
1677.371,10
1677.463,14
1677.556,15
1677.649,17
1677.742,14
1677.835,16
1677.928,20
1678.021,16
1678.114,17
1678.207,14
1678.299,7
1678.392,7
1678.485,8
1678.578,6
1678.671,6
1678.764,6
1678.857,3
1678.95,3
1679.043,5
1679.136,5
1679.229,5
1679.321,7
1679.414,9
1679.507,11
1679.6,11
1679.693,16
1679.786,12
1679.879,14
1679.972,14
1680.065,13
1680.158,15
1680.251,13
1680.344,14
1680.437,13
1680.53,12
1680.623,9
1680.716,9
1680.809,7
1680.902,7
1680.995,13
1681.088,11
1681.181,13
1681.274,12
1681.367,9
1681.46,12
1681.553,9
1681.646,11
1681.739,11
1681.832,9
1681.925,11
1682.018,9
1682.111,10
1682.204,12
1682.297,12
1682.39,15
1682.483,15
1682.576,13
1682.669,15
1682.762,15
1682.855,14
1682.948,14
1683.041,12
1683.134,9
1683.227,12
1683.32,12
1683.413,13
1683.506,12
1683.599,8
1683.692,8
1683.785,8
1683.878,10
1683.971,10
1684.064,15
1684.157,12
1684.25,9
1684.343,9
1684.437,2
1684.53,4
1684.623,7
1684.716,7
1684.809,14
1684.902,15
1684.995,14
1685.088,15
1685.181,9
1685.274,10
1685.367,10
1685.46,11
1685.554,12
1685.647,13
1685.74,16
1685.833,14
1685.926,14
1686.019,13
1686.112,9
1686.205,8
1686.299,8
1686.392,7
1686.485,5
1686.578,9
1686.671,9
1686.764,8
1686.857,9
1686.95,8
1687.044,10
1687.137,11
1687.23,11
1687.323,8
1687.416,8
1687.509,8
1687.603,7
1687.696,9
1687.789,11
1687.882,10
1687.975,11
1688.068,12
1688.162,9
1688.255,11
1688.348,11
1688.441,12
1688.534,12
1688.627,13
1688.721,14
1688.814,13
1688.907,11
1689,10
1689.093,9
1689.187,10
1689.28,12
1689.373,18
1689.466,16
1689.559,14
1689.653,16
1689.746,13
1689.839,15
1689.932,14
1690.026,10
1690.119,11
1690.212,8
1690.305,8
1690.399,9
1690.492,6
1690.585,8
1690.678,7
1690.772,8
1690.865,10
1690.958,13
1691.051,14
1691.145,16
1691.238,16
1691.331,13
1691.424,15
1691.518,12
1691.611,9
1691.704,8
1691.797,8
1691.891,9
1691.984,13
1692.077,15
1692.171,12
1692.264,10
1692.357,8
1692.45,9
1692.544,9
1692.637,11
1692.73,11
1692.824,10
1692.917,11
1693.01,12
1693.104,9
1693.197,8
1693.29,8
1693.384,11
1693.477,15
1693.57,15
1693.664,16
1693.757,13
1693.85,11
1693.944,10
1694.037,11
1694.13,9
1694.224,8
1694.317,10
1694.41,10
1694.504,12
1694.597,13
1694.69,14
1694.784,14
1694.877,13
1694.97,14
1695.064,12
1695.157,10
1695.251,15
1695.344,13
1695.437,15
1695.531,17
1695.624,11
1695.718,12
1695.811,14
1695.904,14
1695.998,16
1696.091,15
1696.185,11
1696.278,11
1696.371,10
1696.465,13
1696.558,13
1696.652,11
1696.745,12
1696.838,11
1696.932,9
1697.025,10
1697.119,11
1697.212,14
1697.306,18
1697.399,17
1697.492,14
1697.586,12
1697.679,15
1697.773,15
1697.866,15
1697.96,13
1698.053,9
1698.147,7
1698.24,7
1698.333,8
1698.427,5
1698.52,8
1698.614,7
1698.707,6
1698.801,6
1698.894,9
1698.988,14
1699.081,15
1699.175,14
1699.268,12
1699.362,9
1699.455,9
1699.549,11
1699.642,10
1699.736,8
1699.829,10
1699.923,12
1700.016,14
1700.11,15
1700.203,17
1700.297,16
1700.39,13
1700.484,13
1700.577,15
1700.671,14
1700.764,13
1700.858,16
1700.951,13
1701.045,12
1701.139,15
1701.232,14
1701.326,12
1701.419,13
1701.513,10
1701.606,10
1701.7,8
1701.793,9
1701.887,9
1701.981,7
1702.074,10
1702.168,8
1702.261,9
1702.355,9
1702.448,9
1702.542,10
1702.636,13
1702.729,14
1702.823,16
1702.916,16
1703.01,16
1703.104,15
1703.197,10
1703.291,11
1703.384,8
1703.478,8
1703.572,7
1703.665,9
1703.759,7
1703.852,5
1703.946,8
1704.04,8
1704.133,10
1704.227,12
1704.321,13
1704.414,10
1704.508,12
1704.601,12
1704.695,10
1704.789,11
1704.882,9
1704.976,9
1705.07,11
1705.163,10
1705.257,9
1705.351,9
1705.444,7
1705.538,8
1705.632,10
1705.725,14
1705.819,13
1705.913,13
1706.006,12
1706.1,7
1706.194,9
1706.287,7
1706.381,5
1706.475,8
1706.568,6
1706.662,7
1706.756,11
1706.85,10
1706.943,14
1707.037,16
1707.131,14
1707.224,14
1707.318,11
1707.412,14
1707.506,13
1707.599,12
1707.693,13
1707.787,10
1707.88,13
1707.974,13
1708.068,11
1708.162,10
1708.255,9
1708.349,10
1708.443,11
1708.537,12
1708.63,15
1708.724,16
1708.818,19
1708.912,21
1709.005,17
1709.099,14
1709.193,8
1709.287,7
1709.38,6
1709.474,9
1709.568,10
1709.662,11
1709.756,14
1709.849,11
1709.943,14
1710.037,10
1710.131,11
1710.225,12
1710.318,11
1710.412,11
1710.506,11
1710.6,11
1710.694,12
1710.787,14
1710.881,11
1710.975,12
1711.069,14
1711.163,15
1711.256,18
1711.35,20
1711.444,18
1711.538,16
1711.632,19
1711.726,15
1711.819,12
1711.913,13
1712.007,8
1712.101,9
1712.195,8
1712.289,7
1712.383,8
1712.476,9
1712.57,11
1712.664,14
1712.758,12
1712.852,13
1712.946,12
1713.04,11
1713.134,11
1713.227,11
1713.321,9
1713.415,10
1713.509,13
1713.603,10
1713.697,9
1713.791,6
1713.885,7
1713.979,8
1714.072,8
1714.166,11
1714.26,10
1714.354,9
1714.448,11
1714.542,7
1714.636,6
1714.73,10
1714.824,12
1714.918,13
1715.012,17
1715.106,17
1715.199,18
1715.293,20
1715.387,21
1715.481,21
1715.575,17
1715.669,14
1715.763,12
1715.857,11
1715.951,13
1716.045,14
1716.139,9
1716.233,7
1716.327,9
1716.421,9
1716.515,9
1716.609,10
1716.703,10
1716.797,9
1716.891,11
1716.985,15
1717.079,13
1717.173,15
1717.267,18
1717.361,14
1717.455,16
1717.549,18
1717.643,14
1717.737,13
1717.831,12
1717.925,13
1718.019,15
1718.113,14
1718.207,14
1718.301,13
1718.395,10
1718.489,16
1718.583,18
1718.677,16
1718.771,20
1718.865,17
1718.959,14
1719.053,14
1719.147,19
1719.241,20
1719.335,21
1719.429,19
1719.523,13
1719.617,12
1719.711,12
1719.805,13
1719.9,13
1719.994,11
1720.088,8
1720.182,10
1720.276,10
1720.37,9
1720.464,12
1720.558,12
1720.652,10
1720.746,15
1720.84,17
1720.934,18
1721.029,21
1721.123,20
1721.217,14
1721.311,18
1721.405,18
1721.499,17
1721.593,19
1721.687,12
1721.781,9
1721.876,7
1721.97,8
1722.064,8
1722.158,10
1722.252,10
1722.346,10
1722.44,9
1722.534,10
1722.629,12
1722.723,10
1722.817,16
1722.911,13
1723.005,13
1723.099,15
1723.194,13
1723.288,12
1723.382,12
1723.476,11
1723.57,10
1723.664,11
1723.759,8
1723.853,8
1723.947,5
1724.041,4
1724.135,5
1724.229,5
1724.324,5
1724.418,6
1724.512,12
1724.606,12
1724.7,21
1724.795,22
1724.889,21
1724.983,22
1725.077,18
1725.171,21
1725.266,20
1725.36,18
1725.454,18
1725.548,15
1725.643,12
1725.737,15
1725.831,9
1725.925,10
1726.019,9
1726.114,8
1726.208,10
1726.302,9
1726.396,9
1726.491,9
1726.585,11
1726.679,9
1726.773,13
1726.868,11
1726.962,11
1727.056,10
1727.151,6
1727.245,10
1727.339,10
1727.433,10
1727.528,10
1727.622,10
1727.716,8
1727.81,10
1727.905,10
1727.999,7
1728.093,7
1728.188,11
1728.282,14
1728.376,16
1728.471,19
1728.565,16
1728.659,15
1728.753,12
1728.848,11
1728.942,10
1729.036,9
1729.131,11
1729.225,12
1729.319,11
1729.414,9
1729.508,6
1729.602,6
1729.697,8
1729.791,11
1729.885,12
1729.98,8
1730.074,8
1730.169,9
1730.263,11
1730.357,16
1730.452,16
1730.546,15
1730.64,17
1730.735,15
1730.829,14
1730.923,12
1731.018,8
1731.112,7
1731.207,9
1731.301,8
1731.395,13
1731.49,13
1731.584,9
1731.679,10
1731.773,5
1731.867,4
1731.962,9
1732.056,13
1732.151,13
1732.245,11
1732.339,8
1732.434,5
1732.528,6
1732.623,11
1732.717,10
1732.811,11
1732.906,9
1733,9
1733.095,11
1733.189,9
1733.284,11
1733.378,12
1733.472,13
1733.567,16
1733.661,17
1733.756,12
1733.85,11
1733.945,9
1734.039,10
1734.134,12
1734.228,12
1734.323,15
1734.417,14
1734.512,17
1734.606,16
1734.701,16
1734.795,16
1734.889,13
1734.984,11
1735.078,7
1735.173,5
1735.267,6
1735.362,9
1735.456,10
1735.551,11
1735.645,8
1735.74,9
1735.834,8
1735.929,9
1736.023,12
1736.118,13
1736.213,15
1736.307,13
1736.402,11
1736.496,9
1736.591,6
1736.685,8
1736.78,10
1736.874,8
1736.969,8
1737.063,9
1737.158,8
1737.252,10
1737.347,10
1737.442,7
1737.536,5
1737.631,3
1737.725,5
1737.82,6
1737.914,7
1738.009,8
1738.103,9
1738.198,8
1738.293,9
1738.387,9
1738.482,9
1738.576,10
1738.671,12
1738.766,12
1738.86,13
1738.955,17
1739.049,16
1739.144,19
1739.239,16
1739.333,12
1739.428,10
1739.522,7
1739.617,6
1739.712,4
1739.806,7
1739.901,8
1739.995,10
1740.09,13
1740.185,12
1740.279,11
1740.374,13
1740.469,11
1740.563,13
1740.658,13
1740.753,12
1740.847,16
1740.942,18
1741.037,20
1741.131,22
1741.226,18
1741.321,12
1741.415,9
1741.51,5
1741.605,5
1741.699,6
1741.794,7
1741.889,8
1741.983,11
1742.078,9
1742.173,10
1742.267,9
1742.362,8
1742.457,10
1742.551,8
1742.646,8
1742.741,10
1742.835,12
1742.93,12
1743.025,11
1743.12,7
1743.214,5
1743.309,5
1743.404,9
1743.498,13
1743.593,13
1743.688,12
1743.783,8
1743.877,4
1743.972,2
1744.067,4
1744.162,6
1744.256,11
1744.351,14
1744.446,14
1744.541,12
1744.635,12
1744.73,10
1744.825,10
1744.92,15
1745.014,16
1745.109,14
1745.204,13
1745.299,8
1745.393,7
1745.488,10
1745.583,10
1745.678,10
1745.773,9
1745.867,6
1745.962,6
1746.057,8
1746.152,10
1746.247,13
1746.341,13
1746.436,12
1746.531,15
1746.626,18
1746.721,20
1746.815,20
1746.91,17
1747.005,13
1747.1,10
1747.195,9
1747.29,7
1747.384,6
1747.479,7
1747.574,8
1747.669,10
1747.764,8
1747.859,9
1747.953,7
1748.048,10
1748.143,14
1748.238,13
1748.333,13
1748.428,12
1748.523,12
1748.617,12
1748.712,16
1748.807,14
1748.902,12
1748.997,14
1749.092,12
1749.187,15
1749.282,15
1749.376,14
1749.471,15
1749.566,10
1749.661,12
1749.756,12
1749.851,11
1749.946,10
1750.041,9
1750.136,8
1750.231,8
1750.325,9
1750.42,9
1750.515,8
1750.61,9
1750.705,10
1750.8,9
1750.895,11
1750.99,10
1751.085,13
1751.18,16
1751.275,17
1751.37,16
1751.465,15
1751.56,11
1751.654,8
1751.749,6
1751.844,5
1751.939,9
1752.034,8
1752.129,10
1752.224,14
1752.319,12
1752.414,15
1752.509,19
1752.604,16
1752.699,12
1752.794,8
1752.889,4
1752.984,2
1753.079,4
1753.174,6
1753.269,4
1753.364,6
1753.459,6
1753.554,8
1753.649,8
1753.744,6
1753.839,8
1753.934,8
1754.029,12
1754.124,16
1754.219,16
1754.314,14
1754.409,10
1754.504,10
1754.599,11
1754.694,15
1754.789,17
1754.884,17
1754.979,16
1755.074,12
1755.169,12
1755.264,12
1755.36,10
1755.455,8
1755.55,9
1755.645,9
1755.74,9
1755.835,9
1755.93,7
1756.025,10
1756.12,10
1756.215,13
1756.31,15
1756.405,12
1756.5,11
1756.595,12
1756.691,9
1756.786,9
1756.881,15
1756.976,14
1757.071,15
1757.166,15
1757.261,10
1757.356,9
1757.451,9
1757.546,7
1757.642,10
1757.737,9
1757.832,8
1757.927,11
1758.022,6
1758.117,7
1758.212,9
1758.307,10
1758.403,11
1758.498,10
1758.593,9
1758.688,8
1758.783,11
1758.878,11
1758.973,9
1759.069,10
1759.164,7
1759.259,6
1759.354,7
1759.449,5
1759.544,4
1759.64,5
1759.735,6
1759.83,6
1759.925,6
1760.02,5
1760.115,7
1760.211,10
1760.306,10
1760.401,11
1760.496,9
1760.591,9
1760.687,12
1760.782,14
1760.877,13
1760.972,12
1761.067,10
1761.163,7
1761.258,7
1761.353,9
1761.448,8
1761.543,12
1761.639,13
1761.734,16
1761.829,18
1761.924,15
1762.02,17
1762.115,18
1762.21,21
1762.305,23
1762.401,22
1762.496,17
1762.591,14
1762.686,12
1762.782,12
1762.877,12
1762.972,12
1763.067,13
1763.163,15
1763.258,14
1763.353,16
1763.448,15
1763.544,12
1763.639,15
1763.734,13
1763.83,14
1763.925,16
1764.02,15
1764.115,16
1764.211,14
1764.306,13
1764.401,13
1764.497,14
1764.592,14
1764.687,15
1764.783,16
1764.878,14
1764.973,17
1765.069,14
1765.164,11
1765.259,12
1765.355,10
1765.45,10
1765.545,11
1765.641,7
1765.736,8
1765.831,9
1765.927,14
1766.022,17
1766.117,13
1766.213,15
1766.308,15
1766.403,22
1766.499,25
1766.594,23
1766.689,17
1766.785,8
1766.88,7
1766.975,6
1767.071,9
1767.166,11
1767.262,12
1767.357,13
1767.452,12
1767.548,10
1767.643,8
1767.739,6
1767.834,10
1767.929,10
1768.025,13
1768.12,16
1768.216,15
1768.311,14
1768.406,12
1768.502,11
1768.597,11
1768.693,15
1768.788,17
1768.883,18
1768.979,17
1769.074,15
1769.17,11
1769.265,7
1769.361,5
1769.456,5
1769.552,7
1769.647,10
1769.742,10
1769.838,9
1769.933,9
1770.029,6
1770.124,8
1770.22,10
1770.315,12
1770.411,14
1770.506,11
1770.602,10
1770.697,9
1770.793,9
1770.888,13
1770.983,13
1771.079,14
1771.174,13
1771.27,16
1771.365,14
1771.461,11
1771.556,11
1771.652,7
1771.747,10
1771.843,11
1771.938,12
1772.034,10
1772.129,9
1772.225,9
1772.32,9
1772.416,10
1772.512,10
1772.607,10
1772.703,10
1772.798,11
1772.894,10
1772.989,12
1773.085,13
1773.18,13
1773.276,12
1773.371,9
1773.467,9
1773.562,8
1773.658,7
1773.754,9
1773.849,8
1773.945,6
1774.04,7
1774.136,6
1774.231,6
1774.327,6
1774.423,8
1774.518,8
1774.614,9
1774.709,11
1774.805,11
1774.9,12
1774.996,11
1775.092,11
1775.187,12
1775.283,11
1775.378,12
1775.474,10
1775.57,8
1775.665,10
1775.761,8
1775.857,9
1775.952,8
1776.048,7
1776.143,7
1776.239,10
1776.335,12
1776.43,12
1776.526,14
1776.622,9
1776.717,8
1776.813,8
1776.908,13
1777.004,14
1777.1,15
1777.195,14
1777.291,11
1777.387,11
1777.482,9
1777.578,9
1777.674,5
1777.769,6
1777.865,7
1777.961,7
1778.056,6
1778.152,4
1778.248,3
1778.343,4
1778.439,9
1778.535,13
1778.631,14
1778.726,15
1778.822,15
1778.918,16
1779.013,17
1779.109,16
1779.205,15
1779.3,12
1779.396,13
1779.492,15
1779.588,12
1779.683,9
1779.779,10
1779.875,12
1779.971,14
1780.066,15
1780.162,13
1780.258,9
1780.353,12
1780.449,10
1780.545,12
1780.641,15
1780.736,17
1780.832,21
1780.928,21
1781.024,17
1781.119,14
1781.215,10
1781.311,7
1781.407,9
1781.503,9
1781.598,7
1781.694,9
1781.79,9
1781.886,9
1781.981,9
1782.077,9
1782.173,8
1782.269,6
1782.365,7
1782.46,6
1782.556,11
1782.652,16
1782.748,17
1782.844,21
1782.939,16
1783.035,12
1783.131,8
1783.227,6
1783.323,6
1783.419,7
1783.514,10
1783.61,9
1783.706,11
1783.802,11
1783.898,9
1783.994,10
1784.089,9
1784.185,9
1784.281,10
1784.377,9
1784.473,8
1784.569,10
1784.664,16
1784.76,16
1784.856,17
1784.952,13
1785.048,7
1785.144,7
1785.24,7
1785.336,7
1785.431,7
1785.527,8
1785.623,8
1785.719,9
1785.815,10
1785.911,10
1786.007,11
1786.103,14
1786.199,13
1786.294,11
1786.39,10
1786.486,9
1786.582,10
1786.678,16
1786.774,15
1786.87,16
1786.966,14
1787.062,9
1787.158,9
1787.254,6
1787.35,5
1787.446,4
1787.541,5
1787.637,6
1787.733,8
1787.829,9
1787.925,8
1788.021,8
1788.117,7
1788.213,9
1788.309,9
1788.405,9
1788.501,12
1788.597,10
1788.693,12
1788.789,12
1788.885,10
1788.981,10
1789.077,8
1789.173,8
1789.269,8
1789.365,8
1789.461,8
1789.557,6
1789.653,5
1789.749,3
1789.845,2
1789.941,6
1790.037,6
1790.133,8
1790.229,9
1790.325,5
1790.421,8
1790.517,10
1790.613,12
1790.709,13
1790.805,11
1790.901,10
1790.997,11
1791.093,9
1791.189,13
1791.285,16
1791.381,17
1791.477,19
1791.573,19
1791.669,14
1791.765,9
1791.861,7
1791.957,4
1792.053,4
1792.15,5
1792.246,5
1792.342,10
1792.438,12
1792.534,12
1792.63,14
1792.726,11
1792.822,8
1792.918,8
1793.014,6
1793.11,7
1793.206,9
1793.302,9
1793.399,10
1793.495,10
1793.591,9
1793.687,9
1793.783,8
1793.879,6
1793.975,5
1794.071,5
1794.167,6
1794.264,10
1794.36,10
1794.456,9
1794.552,9
1794.648,5
1794.744,5
1794.84,8
1794.936,7
1795.033,7
1795.129,11
1795.225,10
1795.321,10
1795.417,10
1795.513,7
1795.61,5
1795.706,7
1795.802,6
1795.898,7
1795.994,8
1796.09,8
1796.187,12
1796.283,12
1796.379,12
1796.475,10
1796.571,12
1796.667,12
1796.764,14
1796.86,15
1796.956,9
1797.052,7
1797.148,5
1797.245,6
1797.341,8
1797.437,11
1797.533,9
1797.629,11
1797.726,10
1797.822,9
1797.918,12
1798.014,8
1798.111,16
1798.207,18
1798.303,16
1798.399,19
1798.495,16
1798.592,14
1798.688,15
1798.784,13
1798.88,8
1798.977,4
1799.073,7
1799.169,9
1799.265,12
1799.362,13
1799.458,10
1799.554,8
1799.651,6
1799.747,6
1799.843,6
1799.939,8
1800.036,15
1800.132,16
1800.228,18
1800.324,15
1800.421,11
1800.517,12
1800.613,13
1800.71,16
1800.806,16
1800.902,17
1800.999,16
1801.095,13
1801.191,12
1801.287,8
1801.384,6
1801.48,6
1801.576,6
1801.673,7
1801.769,8
1801.865,10
1801.962,11
1802.058,11
1802.154,12
1802.251,13
1802.347,15
1802.443,17
1802.54,17
1802.636,18
1802.733,13
1802.829,11
1802.925,11
1803.022,9
1803.118,11
1803.214,10
1803.311,7
1803.407,8
1803.503,10
1803.6,11
1803.696,14
1803.793,11
1803.889,10
1803.985,10
1804.082,10
1804.178,13
1804.274,12
1804.371,11
1804.467,9
1804.564,7
1804.66,6
1804.757,10
1804.853,11
1804.949,10
1805.046,9
1805.142,6
1805.239,4
1805.335,5
1805.431,5
1805.528,6
1805.624,7
1805.721,7
1805.817,8
1805.914,5
1806.01,8
1806.106,8
1806.203,7
1806.299,9
1806.396,10
1806.492,11
1806.589,11
1806.685,9
1806.782,10
1806.878,11
1806.975,10
1807.071,12
1807.168,12
1807.264,10
1807.361,11
1807.457,9
1807.553,7
1807.65,5
1807.746,4
1807.843,6
1807.939,5
1808.036,9
1808.132,10
1808.229,8
1808.325,12
1808.422,12
1808.518,15
1808.615,17
1808.711,16
1808.808,13
1808.905,12
1809.001,11
1809.098,8
1809.194,11
1809.291,10
1809.387,9
1809.484,11
1809.58,7
1809.677,7
1809.773,8
1809.87,6
1809.966,8
1810.063,10
1810.16,8
1810.256,9
1810.353,10
1810.449,7
1810.546,10
1810.642,10
1810.739,8
1810.835,6
1810.932,7
1811.029,8
1811.125,9
1811.222,9
1811.318,8
1811.415,8
1811.512,8
1811.608,9
1811.705,8
1811.801,9
1811.898,10
1811.995,11
1812.091,9
1812.188,8
1812.284,12
1812.381,12
1812.478,16
1812.574,16
1812.671,12
1812.768,11
1812.864,8
1812.961,8
1813.057,8
1813.154,8
1813.251,11
1813.347,12
1813.444,11
1813.541,13
1813.637,12
1813.734,10
1813.831,11
1813.927,12
1814.024,11
1814.121,14
1814.217,14
1814.314,15
1814.411,15
1814.507,13
1814.604,14
1814.701,13
1814.797,13
1814.894,12
1814.991,13
1815.087,10
1815.184,10
1815.281,11
1815.377,6
1815.474,8
1815.571,9
1815.668,10
1815.764,13
1815.861,13
1815.958,13
1816.054,10
1816.151,8
1816.248,7
1816.345,6
1816.441,9
1816.538,8
1816.635,7
1816.731,7
1816.828,4
1816.925,5
1817.022,8
1817.118,8
1817.215,11
1817.312,10
1817.409,11
1817.505,9
1817.602,10
1817.699,12
1817.796,9
1817.892,10
1817.989,7
1818.086,8
1818.183,12
1818.28,14
1818.376,15
1818.473,17
1818.57,18
1818.667,17
1818.763,18
1818.86,16
1818.957,11
1819.054,11
1819.151,11
1819.247,9
1819.344,13
1819.441,12
1819.538,11
1819.635,12
1819.731,8
1819.828,7
1819.925,8
1820.022,7
1820.119,8
1820.216,9
1820.312,11
1820.409,12
1820.506,15
1820.603,16
1820.7,13
1820.797,15
1820.893,13
1820.99,15
1821.087,14
1821.184,13
1821.281,10
1821.378,8
1821.475,9
1821.571,10
1821.668,10
1821.765,8
1821.862,10
1821.959,7
1822.056,11
1822.153,16
1822.25,13
1822.346,16
1822.443,19
1822.54,21
1822.637,23
1822.734,22
1822.831,18
1822.928,14
1823.025,14
1823.122,13
1823.219,10
1823.316,7
1823.412,4
1823.509,4
1823.606,7
1823.703,9
1823.8,14
1823.897,15
1823.994,16
1824.091,17
1824.188,14
1824.285,13
1824.382,15
1824.479,13
1824.576,13
1824.673,15
1824.77,12
1824.866,13
1824.963,12
1825.06,9
1825.157,9
1825.254,7
1825.351,10
1825.448,10
1825.545,13
1825.642,11
1825.739,7
1825.836,7
1825.933,3
1826.03,4
1826.127,5
1826.224,7
1826.321,9
1826.418,10
1826.515,12
1826.612,11
1826.709,11
1826.806,13
1826.903,10
1827,9
1827.097,9
1827.194,7
1827.291,9
1827.388,10
1827.485,11
1827.582,11
1827.679,11
1827.776,9
1827.873,11
1827.97,12
1828.067,10
1828.164,13
1828.262,11
1828.359,8
1828.456,9
1828.553,8
1828.65,7
1828.747,12
1828.844,13
1828.941,12
1829.038,13
1829.135,13
1829.232,12
1829.329,13
1829.426,11
1829.523,9
1829.62,9
1829.718,8
1829.815,11
1829.912,10
1830.009,12
1830.106,12
1830.203,7
1830.3,11
1830.397,10
1830.494,11
1830.591,12
1830.689,10
1830.786,11
1830.883,11
1830.98,9
1831.077,11
1831.174,11
1831.271,10
1831.368,10
1831.466,7
1831.563,8
1831.66,8
1831.757,8
1831.854,11
1831.951,10
1832.048,9
1832.146,9
1832.243,8
1832.34,6
1832.437,9
1832.534,14
1832.631,14
1832.729,15
1832.826,14
1832.923,12
1833.02,12
1833.117,10
1833.214,14
1833.312,12
1833.409,10
1833.506,13
1833.603,10
1833.7,9
1833.798,8
1833.895,8
1833.992,7
1834.089,10
1834.186,9
1834.284,7
1834.381,5
1834.478,5
1834.575,8
1834.672,8
1834.77,12
1834.867,11
1834.964,14
1835.061,17
1835.159,17
1835.256,16
1835.353,14
1835.45,17
1835.548,17
1835.645,22
1835.742,20
1835.839,16
1835.937,13
1836.034,11
1836.131,14
1836.228,13
1836.326,16
1836.423,14
1836.52,10
1836.617,9
1836.715,7
1836.812,7
1836.909,8
1837.007,8
1837.104,10
1837.201,13
1837.298,15
1837.396,15
1837.493,16
1837.59,14
1837.688,14
1837.785,17
1837.882,13
1837.98,13
1838.077,13
1838.174,12
1838.271,12
1838.369,14
1838.466,11
1838.563,11
1838.661,12
1838.758,10
1838.855,13
1838.953,11
1839.05,13
1839.147,10
1839.245,6
1839.342,5
1839.439,3
1839.537,4
1839.634,10
1839.732,14
1839.829,14
1839.926,12
1840.024,7
1840.121,8
1840.218,8
1840.316,10
1840.413,14
1840.51,10
1840.608,9
1840.705,12
1840.803,10
1840.9,13
1840.997,14
1841.095,11
1841.192,13
1841.29,12
1841.387,13
1841.484,13
1841.582,12
1841.679,15
1841.777,15
1841.874,16
1841.971,15
1842.069,11
1842.166,11
1842.264,10
1842.361,9
1842.459,11
1842.556,9
1842.653,12
1842.751,8
1842.848,8
1842.946,11
1843.043,11
1843.141,12
1843.238,11
1843.336,11
1843.433,9
1843.531,12
1843.628,12
1843.725,9
1843.823,9
1843.92,7
1844.018,7
1844.115,9
1844.213,9
1844.31,8
1844.408,10
1844.505,9
1844.603,11
1844.7,12
1844.798,9
1844.895,11
1844.993,9
1845.09,9
1845.188,11
1845.285,10
1845.383,12
1845.48,12
1845.578,16
1845.675,14
1845.773,11
1845.87,11
1845.968,6
1846.065,7
1846.163,9
1846.26,8
1846.358,7
1846.456,9
1846.553,9
1846.651,7
1846.748,9
1846.846,7
1846.943,7
1847.041,9
1847.138,9
1847.236,10
1847.334,9
1847.431,13
1847.529,15
1847.626,14
1847.724,13
1847.821,9
1847.919,5
1848.017,8
1848.114,12
1848.212,12
1848.309,11
1848.407,8
1848.504,4
1848.602,6
1848.7,7
1848.797,11
1848.895,13
1848.992,11
1849.09,14
1849.188,9
1849.285,7
1849.383,7
1849.481,6
1849.578,9
1849.676,12
1849.773,15
1849.871,13
1849.969,11
1850.066,10
1850.164,7
1850.262,8
1850.359,7
1850.457,7
1850.555,9
1850.652,8
1850.75,11
1850.848,15
1850.945,13
1851.043,15
1851.141,13
1851.238,7
1851.336,7
1851.434,8
1851.531,7
1851.629,11
1851.727,12
1851.824,9
1851.922,10
1852.02,5
1852.117,4
1852.215,5
1852.313,8
1852.41,9
1852.508,8
1852.606,9
1852.704,8
1852.801,14
1852.899,16
1852.997,15
1853.094,16
1853.192,12
1853.29,12
1853.388,14
1853.485,12
1853.583,11
1853.681,11
1853.778,9
1853.876,8
1853.974,11
1854.072,11
1854.169,16
1854.267,19
1854.365,18
1854.463,22
1854.56,20
1854.658,20
1854.756,21
1854.854,15
1854.952,18
1855.049,16
1855.147,18
1855.245,21
1855.343,18
1855.44,18
1855.538,20
1855.636,20
1855.734,15
1855.832,17
1855.929,12
1856.027,10
1856.125,14
1856.223,11
1856.321,12
1856.418,15
1856.516,15
1856.614,18
1856.712,17
1856.81,17
1856.907,18
1857.005,15
1857.103,20
1857.201,20
1857.299,20
1857.397,22
1857.494,18
1857.592,15
1857.69,12
1857.788,11
1857.886,9
1857.984,9
1858.081,10
1858.179,10
1858.277,10
1858.375,9
1858.473,9
1858.571,8
1858.669,10
1858.767,13
1858.864,14
1858.962,13
1859.06,12
1859.158,12
1859.256,10
1859.354,13
1859.452,15
1859.55,12
1859.647,13
1859.745,11
1859.843,11
1859.941,11
1860.039,10
1860.137,9
1860.235,3
1860.333,4
1860.431,7
1860.529,8
1860.627,12
1860.724,12
1860.822,10
1860.92,9
1861.018,7
1861.116,11
1861.214,11
1861.312,13
1861.41,15
1861.508,14
1861.606,13
1861.704,15
1861.802,13
1861.9,15
1861.998,15
1862.096,11
1862.194,12
1862.292,7
1862.39,6
1862.488,9
1862.586,9
1862.683,9
1862.781,12
1862.879,11
1862.977,9
1863.075,9
1863.173,7
1863.271,9
1863.369,12
1863.467,15
1863.565,13
1863.663,10
1863.761,6
1863.859,6
1863.957,12
1864.055,11
1864.153,12
1864.251,11
1864.349,9
1864.448,10
1864.546,12
1864.644,11
1864.742,8
1864.84,12
1864.938,12
1865.036,10
1865.134,12
1865.232,8
1865.33,8
1865.428,9
1865.526,10
1865.624,11
1865.722,11
1865.82,14
1865.918,11
1866.016,11
1866.114,9
1866.212,7
1866.31,10
1866.409,9
1866.507,10
1866.605,10
1866.703,11
1866.801,14
1866.899,16
1866.997,16
1867.095,14
1867.193,14
1867.291,13
1867.389,12
1867.488,12
1867.586,15
1867.684,14
1867.782,15
1867.88,13
1867.978,7
1868.076,8
1868.174,8
1868.272,11
1868.371,13
1868.469,11
1868.567,10
1868.665,7
1868.763,6
1868.861,5
1868.959,7
1869.058,8
1869.156,9
1869.254,10
1869.352,7
1869.45,8
1869.548,6
1869.647,8
1869.745,9
1869.843,9
1869.941,8
1870.039,9
1870.137,10
1870.236,8
1870.334,8
1870.432,4
1870.53,4
1870.628,5
1870.726,8
1870.825,9
1870.923,15
1871.021,14
1871.119,13
1871.217,14
1871.316,11
1871.414,11
1871.512,14
1871.61,14
1871.709,11
1871.807,11
1871.905,7
1872.003,6
1872.101,4
1872.2,6
1872.298,7
1872.396,9
1872.494,10
1872.593,8
1872.691,8
1872.789,10
1872.887,14
1872.986,14
1873.084,13
1873.182,15
1873.28,12
1873.379,12
1873.477,14
1873.575,14
1873.673,13
1873.772,12
1873.87,11
1873.968,7
1874.067,10
1874.165,13
1874.263,17
1874.361,15
1874.46,12
1874.558,11
1874.656,7
1874.755,7
1874.853,9
1874.951,9
1875.05,9
1875.148,11
1875.246,8
1875.344,6
1875.443,4
1875.541,5
1875.639,5
1875.738,7
1875.836,7
1875.934,7
1876.033,11
1876.131,13
1876.229,15
1876.328,12
1876.426,9
1876.524,7
1876.623,7
1876.721,9
1876.82,9
1876.918,10
1877.016,10
1877.115,10
1877.213,12
1877.311,12
1877.41,15
1877.508,13
1877.606,10
1877.705,10
1877.803,6
1877.902,10
1878,13
1878.098,14
1878.197,16
1878.295,12
1878.394,12
1878.492,12
1878.59,10
1878.689,12
1878.787,11
1878.886,10
1878.984,10
1879.082,13
1879.181,13
1879.279,13
1879.378,15
1879.476,16
1879.575,14
1879.673,12
1879.771,12
1879.87,9
1879.968,14
1880.067,15
1880.165,16
1880.264,14
1880.362,12
1880.461,11
1880.559,8
1880.657,7
1880.756,4
1880.854,4
1880.953,8
1881.051,9
1881.15,9
1881.248,8
1881.347,4
1881.445,7
1881.544,6
1881.642,7
1881.741,7
1881.839,6
1881.938,11
1882.036,13
1882.135,14
1882.233,11
1882.332,6
1882.43,4
1882.529,3
1882.627,4
1882.726,7
1882.824,7
1882.923,6
1883.021,5
1883.12,3
1883.218,3
1883.317,7
1883.415,10
1883.514,12
1883.612,12
1883.711,11
1883.809,9
1883.908,10
1884.007,12
1884.105,11
1884.204,10
1884.302,9
1884.401,11
1884.499,11
1884.598,12
1884.696,14
1884.795,11
1884.894,10
1884.992,13
1885.091,11
1885.189,13
1885.288,13
1885.386,10
1885.485,9
1885.584,8
1885.682,7
1885.781,12
1885.879,16
1885.978,15
1886.077,18
1886.175,14
1886.274,11
1886.372,10
1886.471,8
1886.57,7
1886.668,10
1886.767,14
1886.866,14
1886.964,13
1887.063,11
1887.161,10
1887.26,13
1887.359,13
1887.457,15
1887.556,16
1887.655,15
1887.753,17
1887.852,16
1887.951,18
1888.049,19
1888.148,15
1888.247,14
1888.345,11
1888.444,10
1888.543,10
1888.641,11
1888.74,13
1888.839,15
1888.937,15
1889.036,14
1889.135,12
1889.233,11
1889.332,10
1889.431,11
1889.529,11
1889.628,13
1889.727,13
1889.826,15
1889.924,16
1890.023,16
1890.122,18
1890.22,16
1890.319,17
1890.418,14
1890.517,12
1890.615,13
1890.714,13
1890.813,15
1890.911,12
1891.01,12
1891.109,10
1891.208,13
1891.306,11
1891.405,11
1891.504,12
1891.603,9
1891.701,10
1891.8,9
1891.899,10
1891.998,13
1892.096,11
1892.195,9
1892.294,7
1892.393,2
1892.491,5
1892.59,8
1892.689,11
1892.788,12
1892.887,12
1892.985,10
1893.084,10
1893.183,11
1893.282,12
1893.381,15
1893.479,13
1893.578,15
1893.677,15
1893.776,12
1893.875,14
1893.973,11
1894.072,8
1894.171,7
1894.27,6
1894.369,10
1894.468,12
1894.566,17
1894.665,19
1894.764,16
1894.863,13
1894.962,8
1895.061,3
1895.159,4
1895.258,9
1895.357,13
1895.456,13
1895.555,15
1895.654,13
1895.752,10
1895.851,11
1895.95,12
1896.049,12
1896.148,12
1896.247,14
1896.346,8
1896.445,5
1896.543,8
1896.642,8
1896.741,10
1896.84,14
1896.939,11
1897.038,9
1897.137,10
1897.236,10
1897.335,10
1897.434,9
1897.532,7
1897.631,6
1897.73,8
1897.829,10
1897.928,13
1898.027,10
1898.126,10
1898.225,11
1898.324,9
1898.423,12
1898.522,12
1898.621,11
1898.72,10
1898.818,9
1898.917,11
1899.016,10
1899.115,11
1899.214,11
1899.313,11
1899.412,14
1899.511,15
1899.61,16
1899.709,11
1899.808,9
1899.907,8
1900.006,5
1900.105,8
1900.204,9
1900.303,11
1900.402,14
1900.501,16
1900.6,16
1900.699,16
1900.798,14
1900.897,10
1900.996,7
1901.095,4
1901.194,3
1901.293,5
1901.392,8
1901.491,8
1901.59,10
1901.689,9
1901.788,8
1901.887,8
1901.986,7
1902.085,8
1902.184,13
1902.283,13
1902.382,15
1902.481,20
1902.58,16
1902.679,19
1902.778,21
1902.877,18
1902.976,17
1903.076,15
1903.175,12
1903.274,12
1903.373,12
1903.472,10
1903.571,12
1903.67,8
1903.769,10
1903.868,14
1903.967,10
1904.066,13
1904.165,11
1904.264,9
1904.363,11
1904.463,11
1904.562,13
1904.661,14
1904.76,16
1904.859,17
1904.958,13
1905.057,14
1905.156,11
1905.255,9
1905.355,13
1905.454,10
1905.553,9
1905.652,10
1905.751,9
1905.85,9
1905.949,9
1906.048,7
1906.148,7
1906.247,10
1906.346,11
1906.445,14
1906.544,13
1906.643,11
1906.742,9
1906.842,5
1906.941,5
1907.04,8
1907.139,11
1907.238,14
1907.337,12
1907.437,9
1907.536,10
1907.635,8
1907.734,9
1907.833,11
1907.932,10
1908.032,11
1908.131,11
1908.23,9
1908.329,8
1908.428,10
1908.528,14
1908.627,14
1908.726,20
1908.825,18
1908.924,17
1909.024,20
1909.123,19
1909.222,19
1909.321,18
1909.421,15
1909.52,9
1909.619,10
1909.718,9
1909.817,11
1909.917,9
1910.016,9
1910.115,11
1910.214,8
1910.314,6
1910.413,7
1910.512,6
1910.611,8
1910.711,13
1910.81,12
1910.909,11
1911.009,11
1911.108,9
1911.207,12
1911.306,12
1911.406,12
1911.505,11
1911.604,7
1911.703,9
1911.803,10
1911.902,9
1912.001,11
1912.101,12
1912.2,14
1912.299,15
1912.399,12
1912.498,12
1912.597,9
1912.696,9
1912.796,13
1912.895,11
1912.994,11
1913.094,11
1913.193,7
1913.292,6
1913.392,6
1913.491,9
1913.59,10
1913.69,10
1913.789,8
1913.888,7
1913.988,7
1914.087,8
1914.186,11
1914.286,7
1914.385,6
1914.484,5
1914.584,5
1914.683,8
1914.783,11
1914.882,10
1914.981,13
1915.081,14
1915.18,16
1915.279,18
1915.379,13
1915.478,13
1915.578,10
1915.677,11
1915.776,15
1915.876,11
1915.975,10
1916.075,8
1916.174,5
1916.273,8
1916.373,7
1916.472,8
1916.572,8
1916.671,10
1916.77,12
1916.87,13
1916.969,14
1917.069,15
1917.168,17
1917.268,17
1917.367,16
1917.466,14
1917.566,12
1917.665,11
1917.765,11
1917.864,8
1917.964,9
1918.063,7
1918.163,8
1918.262,10
1918.362,8
1918.461,9
1918.56,8
1918.66,6
1918.759,8
1918.859,8
1918.958,10
1919.058,11
1919.157,8
1919.257,9
1919.356,6
1919.456,6
1919.555,7
1919.655,7
1919.754,11
1919.854,11
1919.953,14
1920.053,12
1920.152,10
1920.252,9
1920.351,7
1920.451,8
1920.55,7
1920.65,8
1920.749,7
1920.849,7
1920.948,8
1921.048,9
1921.148,10
1921.247,12
1921.347,12
1921.446,11
1921.546,12
1921.645,10
1921.745,13
1921.844,13
1921.944,11
1922.043,12
1922.143,7
1922.243,8
1922.342,9
1922.442,8
1922.541,9
1922.641,8
1922.74,6
1922.84,5
1922.94,5
1923.039,7
1923.139,8
1923.238,12
1923.338,11
1923.438,10
1923.537,12
1923.637,9
1923.736,13
1923.836,10
1923.936,7
1924.035,8
1924.135,4
1924.234,5
1924.334,8
1924.434,7
1924.533,8
1924.633,10
1924.733,13
1924.832,17
1924.932,19
1925.031,18
1925.131,12
1925.231,12
1925.33,11
1925.43,13
1925.53,14
1925.629,12
1925.729,10
1925.829,9
1925.928,8
1926.028,6
1926.128,6
1926.227,5
1926.327,7
1926.427,8
1926.526,9
1926.626,12
1926.726,11
1926.825,13
1926.925,14
1927.025,11
1927.124,12
1927.224,13
1927.324,11
1927.424,12
1927.523,13
1927.623,12
1927.723,13
1927.822,10
1927.922,9
1928.022,7
1928.122,7
1928.221,8
1928.321,6
1928.421,6
1928.52,5
1928.62,4
1928.72,3
1928.82,2
1928.919,2
1929.019,3
1929.119,9
1929.219,12
1929.318,13
1929.418,13
1929.518,14
1929.618,12
1929.717,12
1929.817,11
1929.917,5
1930.017,6
1930.117,5
1930.216,6
1930.316,8
1930.416,7
1930.516,6
1930.615,7
1930.715,7
1930.815,8
1930.915,9
1931.015,11
1931.114,12
1931.214,11
1931.314,11
1931.414,12
1931.514,11
1931.613,14
1931.713,16
1931.813,15
1931.913,17
1932.013,15
1932.113,14
1932.212,10
1932.312,9
1932.412,9
1932.512,8
1932.612,11
1932.712,11
1932.811,10
1932.911,11
1933.011,9
1933.111,8
1933.211,8
1933.311,8
1933.41,8
1933.51,8
1933.61,10
1933.71,13
1933.81,16
1933.91,18
1934.01,16
1934.11,11
1934.209,12
1934.309,11
1934.409,14
1934.509,16
1934.609,11
1934.709,7
1934.809,6
1934.909,4
1935.009,6
1935.108,10
1935.208,8
1935.308,10
1935.408,13
1935.508,12
1935.608,16
1935.708,17
1935.808,12
1935.908,14
1936.008,10
1936.108,9
1936.208,9
1936.308,11
1936.407,11
1936.507,12
1936.607,12
1936.707,10
1936.807,10
1936.907,9
1937.007,12
1937.107,11
1937.207,10
1937.307,10
1937.407,12
1937.507,13
1937.607,15
1937.707,15
1937.807,14
1937.907,13
1938.007,14
1938.107,15
1938.207,14
1938.307,13
1938.407,10
1938.507,9
1938.607,9
1938.707,8
1938.807,8
1938.907,11
1939.007,11
1939.107,11
1939.207,11
1939.307,7
1939.407,5
1939.507,7
1939.607,8
1939.707,10
1939.807,11
1939.907,13
1940.007,15
1940.107,15
1940.207,13
1940.307,11
1940.407,12
1940.507,12
1940.607,12
1940.707,11
1940.807,6
1940.907,5
1941.008,5
1941.108,3
1941.208,8
1941.308,10
1941.408,11
1941.508,10
1941.608,8
1941.708,5
1941.808,7
1941.908,11
1942.008,9
1942.108,11
1942.208,13
1942.309,16
1942.409,16
1942.509,15
1942.609,16
1942.709,12
1942.809,11
1942.909,9
1943.009,10
1943.109,9
1943.21,11
1943.31,14
1943.41,10
1943.51,12
1943.61,13
1943.71,12
1943.81,18
1943.91,17
1944.011,18
1944.111,19
1944.211,16
1944.311,17
1944.411,15
1944.511,14
1944.611,11
1944.712,11
1944.812,13
1944.912,14
1945.012,12
1945.112,10
1945.212,10
1945.313,8
1945.413,9
1945.513,10
1945.613,7
1945.713,11
1945.814,9
1945.914,7
1946.014,8
1946.114,6
1946.214,8
1946.314,12
1946.415,13
1946.515,12
1946.615,13
1946.715,9
1946.816,8
1946.916,8
1947.016,8
1947.116,14
1947.216,14
1947.317,15
1947.417,13
1947.517,7
1947.617,8
1947.718,8
1947.818,10
1947.918,14
1948.018,14
1948.119,14
1948.219,13
1948.319,11
1948.419,9
1948.52,9
1948.62,7
1948.72,6
1948.82,9
1948.921,8
1949.021,8
1949.121,12
1949.221,9
1949.322,9
1949.422,10
1949.522,7
1949.623,7
1949.723,8
1949.823,9
1949.923,8
1950.024,12
1950.124,12
1950.224,11
1950.325,13
1950.425,10
1950.525,8
1950.626,9
1950.726,11
1950.826,11
1950.927,16
1951.027,14
1951.127,12
1951.227,11
1951.328,7
1951.428,13
1951.528,12
1951.629,12
1951.729,13
1951.83,8
1951.93,8
1952.03,10
1952.131,10
1952.231,12
1952.331,10
1952.432,12
1952.532,11
1952.632,14
1952.733,16
1952.833,13
1952.933,11
1953.034,7
1953.134,10
1953.235,12
1953.335,13
1953.435,14
1953.536,9
1953.636,6
1953.737,6
1953.837,4
1953.937,5
1954.038,6
1954.138,8
1954.239,11
1954.339,14
1954.439,14
1954.54,13
1954.64,10
1954.741,7
1954.841,7
1954.942,8
1955.042,10
1955.142,11
1955.243,15
1955.343,15
1955.444,15
1955.544,19
1955.645,14
1955.745,16
1955.845,14
1955.946,10
1956.046,11
1956.147,10
1956.247,11
1956.348,13
1956.448,13
1956.549,11
1956.649,10
1956.75,10
1956.85,9
1956.951,12
1957.051,14
1957.152,17
1957.252,18
1957.353,14
1957.453,14
1957.554,11
1957.654,11
1957.755,11
1957.855,9
1957.956,5
1958.056,4
1958.157,7
1958.257,9
1958.358,11
1958.458,12
1958.559,11
1958.659,10
1958.76,13
1958.86,12
1958.961,12
1959.061,13
1959.162,10
1959.262,14
1959.363,14
1959.463,12
1959.564,11
1959.665,9
1959.765,6
1959.866,8
1959.966,9
1960.067,7
1960.167,9
1960.268,9
1960.368,9
1960.469,9
1960.57,9
1960.67,7
1960.771,7
1960.871,9
1960.972,10
1961.073,15
1961.173,15
1961.274,18
1961.374,18
1961.475,13
1961.575,16
1961.676,13
1961.777,13
1961.877,16
1961.978,11
1962.079,9
1962.179,7
1962.28,4
1962.38,6
1962.481,7
1962.582,9
1962.682,11
1962.783,10
1962.884,11
1962.984,13
1963.085,11
1963.185,12
1963.286,12
1963.387,8
1963.487,9
1963.588,13
1963.689,13
1963.789,15
1963.89,16
1963.991,14
1964.091,12
1964.192,14
1964.293,14
1964.393,15
1964.494,18
1964.595,16
1964.695,20
1964.796,18
1964.897,15
1964.997,13
1965.098,8
1965.199,8
1965.3,15
1965.4,17
1965.501,20
1965.602,21
1965.702,16
1965.803,16
1965.904,12
1966.005,11
1966.105,9
1966.206,9
1966.307,10
1966.407,9
1966.508,9
1966.609,7
1966.71,6
1966.81,7
1966.911,9
1967.012,12
1967.113,13
1967.213,14
1967.314,14
1967.415,11
1967.516,14
1967.616,15
1967.717,17
1967.818,18
1967.919,15
1968.019,11
1968.12,7
1968.221,6
1968.322,5
1968.423,6
1968.523,7
1968.624,7
1968.725,9
1968.826,6
1968.926,8
1969.027,11
1969.128,13
1969.229,15
1969.33,13
1969.43,11
1969.531,9
1969.632,16
1969.733,18
1969.834,19
1969.935,21
1970.035,16
1970.136,14
1970.237,14
1970.338,10
1970.439,7
1970.54,9
1970.64,8
1970.741,6
1970.842,9
1970.943,7
1971.044,9
1971.145,12
1971.245,14
1971.346,16
1971.447,14
1971.548,12
1971.649,13
1971.75,11
1971.851,10
1971.951,8
1972.052,5
1972.153,7
1972.254,10
1972.355,12
1972.456,11
1972.557,9
1972.658,7
1972.759,4
1972.859,5
1972.96,6
1973.061,8
1973.162,10
1973.263,9
1973.364,12
1973.465,10
1973.566,10
1973.667,14
1973.768,15
1973.869,16
1973.969,17
1974.07,14
1974.171,11
1974.272,12
1974.373,9
1974.474,11
1974.575,11
1974.676,10
1974.777,10
1974.878,8
1974.979,9
1975.08,12
1975.181,9
1975.282,12
1975.383,11
1975.484,10
1975.585,13
1975.686,15
1975.787,16
1975.888,16
1975.989,16
1976.09,12
1976.19,11
1976.291,9
1976.392,9
1976.493,10
1976.594,11
1976.695,15
1976.796,17
1976.897,14
1976.998,14
1977.099,9
1977.2,7
1977.301,7
1977.402,6
1977.504,8
1977.605,9
1977.706,11
1977.807,12
1977.908,11
1978.009,8
1978.11,7
1978.211,6
1978.312,6
1978.413,6
1978.514,9
1978.615,9
1978.716,9
1978.817,11
1978.918,13
1979.019,12
1979.12,12
1979.221,11
1979.322,7
1979.423,8
1979.524,7
1979.625,9
1979.727,11
1979.828,12
1979.929,13
1980.03,13
1980.131,11
1980.232,12
1980.333,14
1980.434,12
1980.535,12
1980.636,12
1980.737,10
1980.839,14
1980.94,15
1981.041,13
1981.142,14
1981.243,9
1981.344,7
1981.445,7
1981.546,5
1981.647,7
1981.749,8
1981.85,8
1981.951,11
1982.052,12
1982.153,12
1982.254,14
1982.355,13
1982.457,11
1982.558,13
1982.659,13
1982.76,15
1982.861,15
1982.962,15
1983.064,14
1983.165,12
1983.266,11
1983.367,9
1983.468,10
1983.569,11
1983.671,12
1983.772,8
1983.873,9
1983.974,9
1984.075,11
1984.176,12
1984.278,12
1984.379,11
1984.48,9
1984.581,13
1984.682,13
1984.784,15
1984.885,17
1984.986,13
1985.087,12
1985.189,12
1985.29,13
1985.391,15
1985.492,14
1985.593,13
1985.695,15
1985.796,14
1985.897,13
1985.998,16
1986.1,14
1986.201,15
1986.302,22
1986.403,20
1986.505,18
1986.606,16
1986.707,12
1986.808,10
1986.91,11
1987.011,10
1987.112,8
1987.213,10
1987.315,8
1987.416,10
1987.517,11
1987.619,9
1987.72,12
1987.821,10
1987.922,10
1988.024,14
1988.125,11
1988.226,11
1988.328,10
1988.429,9
1988.53,10
1988.632,11
1988.733,14
1988.834,13
1988.935,13
1989.037,13
1989.138,10
1989.239,7
1989.341,6
1989.442,5
1989.543,6
1989.645,8
1989.746,12
1989.847,12
1989.949,14
1990.05,14
1990.151,11
1990.253,11
1990.354,12
1990.456,13
1990.557,15
1990.658,20
1990.76,19
1990.861,17
1990.962,13
1991.064,14
1991.165,10
1991.266,10
1991.368,11
1991.469,6
1991.571,5
1991.672,10
1991.773,12
1991.875,14
1991.976,17
1992.078,16
1992.179,16
1992.28,12
1992.382,12
1992.483,9
1992.585,9
1992.686,14
1992.787,17
1992.889,16
1992.99,16
1993.092,13
1993.193,8
1993.295,9
1993.396,6
1993.497,7
1993.599,8
1993.7,6
1993.802,11
1993.903,10
1994.005,8
1994.106,11
1994.208,7
1994.309,4
1994.41,5
1994.512,3
1994.613,4
1994.715,8
1994.816,10
1994.918,11
1995.019,9
1995.121,11
1995.222,9
1995.324,7
1995.425,7
1995.527,5
1995.628,5
1995.73,8
1995.831,9
1995.933,9
1996.034,12
1996.136,13
1996.237,15
1996.339,12
1996.44,11
1996.542,9
1996.643,8
1996.745,9
1996.846,8
1996.948,10
1997.049,10
1997.151,12
1997.252,12
1997.354,11
1997.455,10
1997.557,10
1997.658,9
1997.76,8
1997.862,8
1997.963,6
1998.065,8
1998.166,11
1998.268,12
1998.369,12
1998.471,13
1998.572,10
1998.674,12
1998.776,14
1998.877,12
1998.979,10
1999.08,10
1999.182,12
1999.284,12
1999.385,16
1999.487,12
1999.588,8
1999.69,7
1999.791,3
1999.893,5
1999.995,8
2000.096,12
2000.198,16
2000.299,16
2000.401,12
2000.503,11
2000.604,7
2000.706,5
2000.808,6
2000.909,5
2001.011,7
2001.112,8
2001.214,11
2001.316,9
2001.417,8
2001.519,9
2001.621,7
2001.722,9
2001.824,8
2001.926,10
2002.027,8
2002.129,9
2002.231,11
2002.332,9
2002.434,12
2002.536,8
2002.637,12
2002.739,16
2002.841,15
2002.942,16
2003.044,12
2003.146,13
2003.247,15
2003.349,18
2003.451,18
2003.552,12
2003.654,12
2003.756,12
2003.858,12
2003.959,13
2004.061,10
2004.163,8
2004.264,10
2004.366,11
2004.468,14
2004.57,16
2004.671,13
2004.773,12
2004.875,9
2004.976,8
2005.078,10
2005.18,14
2005.282,16
2005.383,16
2005.485,19
2005.587,19
2005.689,17
2005.79,16
2005.892,10
2005.994,10
2006.096,10
2006.197,11
2006.299,12
2006.401,7
2006.503,6
2006.605,4
2006.706,7
2006.808,6
2006.91,9
2007.012,11
2007.113,9
2007.215,11
2007.317,11
2007.419,11
2007.521,10
2007.622,11
2007.724,13
2007.826,11
2007.928,10
2008.03,10
2008.131,12
2008.233,12
2008.335,16
2008.437,14
2008.539,8
2008.641,8
2008.742,7
2008.844,10
2008.946,10
2009.048,11
2009.15,11
2009.252,11
2009.353,12
2009.455,10
2009.557,11
2009.659,10
2009.761,9
2009.863,13
2009.965,11
2010.066,9
2010.168,8
2010.27,5
2010.372,7
2010.474,8
2010.576,11
2010.678,12
2010.78,9
2010.881,11
2010.983,11
2011.085,12
2011.187,12
2011.289,9
2011.391,8
2011.493,7
2011.595,12
2011.697,12
2011.799,13
2011.9,13
2012.002,8
2012.104,9
2012.206,10
2012.308,9
2012.41,10
2012.512,9
2012.614,4
2012.716,4
2012.818,3
2012.92,4
2013.022,7
2013.124,12
2013.226,14
2013.328,15
2013.429,14
2013.531,11
2013.633,10
2013.735,9
2013.837,13
2013.939,17
2014.041,18
2014.143,21
2014.245,21
2014.347,17
2014.449,18
2014.551,15
2014.653,12
2014.755,10
2014.857,9
2014.959,10
2015.061,6
2015.163,9
2015.265,10
2015.367,9
2015.469,9
2015.571,10
2015.673,7
2015.775,6
2015.877,9
2015.979,10
2016.081,10
2016.183,13
2016.285,11
2016.387,10
2016.489,13
2016.591,11
2016.693,11
2016.795,9
2016.897,9
2016.999,9
2017.101,9
2017.204,12
2017.306,9
2017.408,13
2017.51,12
2017.612,11
2017.714,17
2017.816,14
2017.918,14
2018.02,13
2018.122,7
2018.224,7
2018.326,11
2018.428,10
2018.53,12
2018.632,12
2018.735,9
2018.837,7
2018.939,7
2019.041,9
2019.143,11
2019.245,13
2019.347,13
2019.449,12
2019.551,7
2019.653,11
2019.756,12
2019.858,13
2019.96,18
2020.062,15
2020.164,13
2020.266,13
2020.368,10
2020.47,9
2020.573,11
2020.675,7
2020.777,7
2020.879,8
2020.981,6
2021.083,7
2021.185,6
2021.288,7
2021.39,8
2021.492,8
2021.594,10
2021.696,8
2021.798,8
2021.901,9
2022.003,7
2022.105,6
2022.207,5
2022.309,7
2022.412,10
2022.514,14
2022.616,15
2022.718,13
2022.82,13
2022.922,10
2023.025,9
2023.127,10
2023.229,8
2023.331,7
2023.434,7
2023.536,10
2023.638,10
2023.74,10
2023.842,14
2023.945,10
2024.047,8
2024.149,9
2024.251,6
2024.354,8
2024.456,11
2024.558,10
2024.66,13
2024.762,11
2024.865,11
2024.967,11
2025.069,6
2025.171,6
2025.274,5
2025.376,6
2025.478,8
2025.581,9
2025.683,8
2025.785,9
2025.887,10
2025.99,11
2026.092,15
2026.194,14
2026.296,14
2026.399,12
2026.501,9
2026.603,10
2026.706,9
2026.808,10
2026.91,13
2027.013,10
2027.115,11
2027.217,12
2027.319,12
2027.422,13
2027.524,12
2027.626,11
2027.729,9
2027.831,10
2027.933,10
2028.036,9
2028.138,9
2028.24,9
2028.343,8
2028.445,12
2028.547,9
2028.65,11
2028.752,16
2028.854,14
2028.957,20
2029.059,17
2029.162,11
2029.264,9
2029.366,8
2029.469,8
2029.571,9
2029.673,13
2029.776,15
2029.878,17
2029.98,19
2030.083,14
2030.185,9
2030.288,9
2030.39,7
2030.492,10
2030.595,9
2030.697,8
2030.8,9
2030.902,5
2031.004,6
2031.107,6
2031.209,6
2031.312,8
2031.414,11
2031.516,11
2031.619,10
2031.721,11
2031.824,12
2031.926,13
2032.029,14
2032.131,13
2032.233,10
2032.336,10
2032.438,9
2032.541,9
2032.643,6
2032.746,5
2032.848,7
2032.951,7
2033.053,12
2033.156,12
2033.258,13
2033.36,14
2033.463,12
2033.565,12
2033.668,9
2033.77,10
2033.873,12
2033.975,12
2034.078,13
2034.18,10
2034.283,8
2034.385,7
2034.488,9
2034.59,12
2034.693,11
2034.795,12
2034.898,11
2035,10
2035.103,12
2035.205,14
2035.308,14
2035.41,13
2035.513,12
2035.615,14
2035.718,12
2035.82,12
2035.923,13
2036.026,8
2036.128,9
2036.231,9
2036.333,11
2036.436,11
2036.538,9
2036.641,10
2036.743,6
2036.846,8
2036.948,11
2037.051,13
2037.154,12
2037.256,9
2037.359,9
2037.461,10
2037.564,14
2037.666,23
2037.769,21
2037.872,18
2037.974,17
2038.077,10
2038.179,10
2038.282,11
2038.385,10
2038.487,12
2038.59,13
2038.692,10
2038.795,9
2038.898,8
2039,8
2039.103,9
2039.205,11
2039.308,12
2039.411,15
2039.513,16
2039.616,17
2039.719,17
2039.821,14
2039.924,11
2040.026,9
2040.129,8
2040.232,11
2040.334,14
2040.437,15
2040.54,12
2040.642,10
2040.745,10
2040.848,8
2040.95,10
2041.053,11
2041.156,9
2041.258,10
2041.361,11
2041.464,8
2041.566,11
2041.669,14
2041.772,15
2041.874,16
2041.977,13
2042.08,12
2042.182,11
2042.285,10
2042.388,9
2042.491,6
2042.593,4
2042.696,5
2042.799,9
2042.901,11
2043.004,13
2043.107,16
2043.21,16
2043.312,12
2043.415,12
2043.518,10
2043.62,12
2043.723,15
2043.826,15
2043.929,13
2044.031,13
2044.134,13
2044.237,12
2044.34,12
2044.442,7
2044.545,7
2044.648,9
2044.751,10
2044.853,11
2044.956,11
2045.059,10
2045.162,11
2045.264,14
2045.367,13
2045.47,10
2045.573,8
2045.676,12
2045.778,13
2045.881,17
2045.984,17
2046.087,13
2046.19,12
2046.292,10
2046.395,10
2046.498,8
2046.601,8
2046.704,6
2046.806,5
2046.909,10
2047.012,10
2047.115,12
2047.218,14
2047.321,13
2047.423,13
2047.526,12
2047.629,12
2047.732,14
2047.835,15
2047.938,14
2048.04,12
2048.143,7
2048.246,11
2048.349,10
2048.452,14
2048.555,13
2048.657,9
2048.76,10
2048.863,5
2048.966,9
2049.069,9
2049.172,10
2049.275,13
2049.378,12
2049.48,10
2049.583,9
2049.686,7
2049.789,8
2049.892,9
2049.995,9
2050.098,12
2050.201,14
2050.304,14
2050.407,15
2050.509,14
2050.612,11
2050.715,10
2050.818,11
2050.921,10
2051.024,8
2051.127,7
2051.23,4
2051.333,6
2051.436,7
2051.539,10
2051.642,10
2051.745,9
2051.847,9
2051.95,11
2052.053,15
2052.156,14
2052.259,13
2052.362,12
2052.465,12
2052.568,13
2052.671,14
2052.774,10
2052.877,8
2052.98,6
2053.083,7
2053.186,10
2053.289,10
2053.392,15
2053.495,16
2053.598,13
2053.701,13
2053.804,10
2053.907,8
2054.01,9
2054.113,9
2054.216,6
2054.319,8
2054.422,7
2054.525,7
2054.628,10
2054.731,9
2054.834,12
2054.937,12
2055.04,12
2055.143,13
2055.246,15
2055.349,15
2055.452,15
2055.555,14
2055.658,9
2055.761,9
2055.864,8
2055.967,7
2056.07,7
2056.173,6
2056.276,7
2056.38,7
2056.483,9
2056.586,10
2056.689,10
2056.792,9
2056.895,7
2056.998,8
2057.101,7
2057.204,9
2057.307,10
2057.41,8
2057.513,8
2057.616,7
2057.72,10
2057.823,10
2057.926,10
2058.029,11
2058.132,8
2058.235,10
2058.338,9
2058.441,9
2058.544,11
2058.647,12
2058.751,14
2058.854,13
2058.957,11
2059.06,9
2059.163,9
2059.266,11
2059.369,9
2059.472,8
2059.576,11
2059.679,7
2059.782,11
2059.885,12
2059.988,9
2060.091,9
2060.195,8
2060.298,9
2060.401,9
2060.504,12
2060.607,12
2060.71,13
2060.814,15
2060.917,13
2061.02,14
2061.123,10
2061.226,6
2061.329,9
2061.433,9
2061.536,11
2061.639,18
2061.742,18
2061.845,18
2061.949,18
2062.052,15
2062.155,11
2062.258,12
2062.361,12
2062.465,11
2062.568,13
2062.671,11
2062.774,12
2062.877,11
2062.981,9
2063.084,9
2063.187,9
2063.29,10
2063.394,14
2063.497,16
2063.6,17
2063.703,15
2063.807,9
2063.91,9
2064.013,9
2064.116,10
2064.22,10
2064.323,10
2064.426,9
2064.529,8
2064.633,8
2064.736,8
2064.839,6
2064.943,10
2065.046,12
2065.149,9
2065.252,9
2065.356,6
2065.459,7
2065.562,9
2065.666,11
2065.769,13
2065.872,12
2065.975,15
2066.079,15
2066.182,11
2066.285,9
2066.389,7
2066.492,7
2066.595,8
2066.699,11
2066.802,12
2066.905,10
2067.009,11
2067.112,9
2067.215,6
2067.319,9
2067.422,9
2067.525,11
2067.629,12
2067.732,11
2067.835,12
2067.939,10
2068.042,11
2068.145,10
2068.249,12
2068.352,14
2068.456,11
2068.559,12
2068.662,7
2068.766,6
2068.869,6
2068.972,7
2069.076,9
2069.179,11
2069.283,15
2069.386,14
2069.489,14
2069.593,18
2069.696,20
2069.8,21
2069.903,26
2070.006,20
2070.11,16
2070.213,17
2070.317,11
2070.42,10
2070.523,9
2070.627,8
2070.73,7
2070.834,5
2070.937,6
2071.041,6
2071.144,9
2071.247,12
2071.351,10
2071.454,8
2071.558,8
2071.661,10
2071.765,14
2071.868,17
2071.972,14
2072.075,14
2072.179,14
2072.282,12
2072.385,14
2072.489,10
2072.592,9
2072.696,11
2072.799,14
2072.903,17
2073.006,17
2073.11,13
2073.213,13
2073.317,11
2073.42,8
2073.524,10
2073.627,7
2073.731,11
2073.834,14
2073.938,14
2074.041,17
2074.145,13
2074.248,13
2074.352,12
2074.455,8
2074.559,10
2074.662,10
2074.766,12
2074.869,17
2074.973,15
2075.077,14
2075.18,13
2075.284,9
2075.387,9
2075.491,9
2075.594,8
2075.698,9
2075.801,11
2075.905,11
2076.009,13
2076.112,14
2076.216,12
2076.319,16
2076.423,18
2076.526,18
2076.63,19
2076.733,18
2076.837,16
2076.941,14
2077.044,8
2077.148,5
2077.251,5
2077.355,5
2077.459,6
2077.562,5
2077.666,5
2077.769,7
2077.873,10
2077.977,15
2078.08,16
2078.184,15
2078.287,14
2078.391,14
2078.495,14
2078.598,14
2078.702,14
2078.806,11
2078.909,14
2079.013,14
2079.117,13
2079.22,12
2079.324,7
2079.427,7
2079.531,5
2079.635,10
2079.738,9
2079.842,10
2079.946,12
2080.049,8
2080.153,12
2080.257,11
2080.36,12
2080.464,13
2080.568,12
2080.671,13
2080.775,13
2080.879,15
2080.982,17
2081.086,16
2081.19,13
2081.294,9
2081.397,8
2081.501,8
2081.605,11
2081.708,12
2081.812,13
2081.916,16
2082.02,17
2082.123,15
2082.227,13
2082.331,9
2082.434,9
2082.538,15
2082.642,19
2082.746,21
2082.849,22
2082.953,23
2083.057,19
2083.161,21
2083.264,21
2083.368,13
2083.472,13
2083.576,11
2083.679,11
2083.783,11
2083.887,12
2083.991,12
2084.094,14
2084.198,14
2084.302,15
2084.406,13
2084.509,11
2084.613,14
2084.717,13
2084.821,18
2084.925,16
2085.028,15
2085.132,16
2085.236,15
2085.34,16
2085.444,13
2085.547,12
2085.651,15
2085.755,17
2085.859,16
2085.963,13
2086.066,8
2086.17,10
2086.274,11
2086.378,13
2086.482,15
2086.586,12
2086.689,14
2086.793,13
2086.897,12
2087.001,12
2087.105,15
2087.209,19
2087.312,21
2087.416,19
2087.52,14
2087.624,9
2087.728,6
2087.832,6
2087.936,8
2088.039,10
2088.143,12
2088.247,18
2088.351,13
2088.455,12
2088.559,7
2088.663,3
2088.767,6
2088.87,6
2088.974,9
2089.078,11
2089.182,12
2089.286,12
2089.39,12
2089.494,11
2089.598,11
2089.702,11
2089.806,9
2089.909,10
2090.013,10
2090.117,8
2090.221,7
2090.325,5
2090.429,4
2090.533,6
2090.637,10
2090.741,14
2090.845,14
2090.949,16
2091.053,13
2091.157,15
2091.261,16
2091.365,14
2091.469,14
2091.572,13
2091.676,12
2091.78,16
2091.884,20
2091.988,16
2092.092,15
2092.196,10
2092.3,8
2092.404,7
2092.508,9
2092.612,10
2092.716,11
2092.82,11
2092.924,10
2093.028,12
2093.132,10
2093.236,10
2093.34,12
2093.444,9
2093.548,7
2093.652,9
2093.756,10
2093.86,13
2093.964,15
2094.068,13
2094.172,8
2094.276,5
2094.38,4
2094.484,3
2094.588,5
2094.692,7
2094.796,8
2094.9,12
2095.005,12
2095.109,11
2095.213,12
2095.317,12
2095.421,10
2095.525,11
2095.629,10
2095.733,9
2095.837,12
2095.941,13
2096.045,12
2096.149,10
2096.253,10
2096.357,8
2096.461,8
2096.565,9
2096.67,9
2096.774,15
2096.878,16
2096.982,19
2097.086,19
2097.19,19
2097.294,21
2097.398,17
2097.502,16
2097.606,12
2097.711,10
2097.815,11
2097.919,13
2098.023,10
2098.127,14
2098.231,11
2098.335,11
2098.439,12
2098.544,8
2098.648,12
2098.752,11
2098.856,10
2098.96,13
2099.064,12
2099.168,11
2099.273,11
2099.377,9
2099.481,9
2099.585,12
2099.689,14
2099.793,15
2099.898,16
2100.002,14
2100.106,13
2100.21,10
2100.314,7
2100.418,7
2100.523,7
2100.627,9
2100.731,8
2100.835,8
2100.939,13
2101.044,12
2101.148,11
2101.252,15
2101.356,14
2101.46,14
2101.565,19
2101.669,15
2101.773,10
2101.877,10
2101.981,10
2102.086,10
2102.19,13
2102.294,12
2102.398,10
2102.503,13
2102.607,11
2102.711,12
2102.815,8
2102.92,3
2103.024,5
2103.128,7
2103.232,10
2103.337,10
2103.441,12
2103.545,12
2103.649,12
2103.754,16
2103.858,15
2103.962,14
2104.066,13
2104.171,9
2104.275,6
2104.379,7
2104.484,7
2104.588,10
2104.692,11
2104.796,9
2104.901,10
2105.005,11
2105.109,11
2105.214,13
2105.318,10
2105.422,6
2105.527,7
2105.631,4
2105.735,6
2105.84,8
2105.944,8
2106.048,9
2106.152,13
2106.257,13
2106.361,14
2106.465,14
2106.57,8
2106.674,9
2106.779,6
2106.883,7
2106.987,8
2107.092,8
2107.196,10
2107.3,10
2107.405,10
2107.509,9
2107.613,6
2107.718,6
2107.822,7
2107.926,8
2108.031,9
2108.135,12
2108.24,15
2108.344,13
2108.448,14
2108.553,12
2108.657,15
2108.762,19
2108.866,21
2108.97,21
2109.075,18
2109.179,17
2109.284,15
2109.388,17
2109.492,13
2109.597,11
2109.701,10
2109.806,7
2109.91,7
2110.014,7
2110.119,8
2110.223,6
2110.328,10
2110.432,8
2110.537,10
2110.641,13
2110.745,12
2110.85,14
2110.954,13
2111.059,11
2111.163,7
2111.268,10
2111.372,9
2111.477,12
2111.581,13
2111.686,7
2111.79,7
2111.895,5
2111.999,5
2112.103,7
2112.208,5
2112.312,7
2112.417,9
2112.521,8
2112.626,9
2112.73,6
2112.835,7
2112.939,9
2113.044,10
2113.148,10
2113.253,6
2113.357,7
2113.462,5
2113.566,8
2113.671,11
2113.775,8
2113.88,8
2113.985,4
2114.089,10
2114.194,10
2114.298,12
2114.403,12
2114.507,8
2114.612,8
2114.716,6
2114.821,9
2114.925,11
2115.03,12
2115.134,12
2115.239,12
2115.344,10
2115.448,8
2115.553,11
2115.657,9
2115.762,8
2115.866,9
2115.971,6
2116.076,5
2116.18,5
2116.285,8
2116.389,11
2116.494,12
2116.599,14
2116.703,13
2116.808,11
2116.912,12
2117.017,13
2117.122,11
2117.226,13
2117.331,11
2117.435,9
2117.54,10
2117.645,9
2117.749,11
2117.854,11
2117.958,12
2118.063,9
2118.168,9
2118.272,9
2118.377,8
2118.482,11
2118.586,10
2118.691,8
2118.796,8
2118.9,7
2119.005,8
2119.11,10
2119.214,10
2119.319,8
2119.423,6
2119.528,7
2119.633,8
2119.737,9
2119.842,11
2119.947,9
2120.052,5
2120.156,7
2120.261,7
2120.366,11
2120.47,15
2120.575,13
2120.68,12
2120.784,11
2120.889,9
2120.994,10
2121.098,10
2121.203,10
2121.308,10
2121.413,13
2121.517,14
2121.622,15
2121.727,13
2121.831,13
2121.936,12
2122.041,10
2122.146,11
2122.25,8
2122.355,10
2122.46,8
2122.565,12
2122.669,14
2122.774,10
2122.879,13
2122.984,12
2123.088,10
2123.193,13
2123.298,14
2123.403,12
2123.507,14
2123.612,12
2123.717,13
2123.822,14
2123.926,13
2124.031,16
2124.136,12
2124.241,12
2124.346,10
2124.45,7
2124.555,7
2124.66,8
2124.765,9
2124.87,9
2124.974,8
2125.079,6
2125.184,4
2125.289,3
2125.394,4
2125.498,4
2125.603,7
2125.708,10
2125.813,13
2125.918,14
2126.023,16
2126.127,13
2126.232,11
2126.337,16
2126.442,13
2126.547,15
2126.652,15
2126.756,11
2126.861,10
2126.966,11
2127.071,11
2127.176,13
2127.281,14
2127.386,13
2127.49,16
2127.595,11
2127.7,13
2127.805,13
2127.91,13
2128.015,12
2128.12,13
2128.225,13
2128.329,12
2128.434,12
2128.539,9
2128.644,8
2128.749,6
2128.854,10
2128.959,10
2129.064,12
2129.169,12
2129.274,13
2129.379,14
2129.483,13
2129.588,11
2129.693,9
2129.798,7
2129.903,6
2130.008,9
2130.113,12
2130.218,14
2130.323,14
2130.428,12
2130.533,10
2130.638,9
2130.743,10
2130.848,8
2130.953,5
2131.057,7
2131.162,7
2131.267,8
2131.372,9
2131.477,8
2131.582,8
2131.687,7
2131.792,8
2131.897,10
2132.002,10
2132.107,12
2132.212,11
2132.317,12
2132.422,11
2132.527,13
2132.632,13
2132.737,10
2132.842,13
2132.947,10
2133.052,15
2133.157,14
2133.262,11
2133.367,11
2133.472,5
2133.577,5
2133.682,4
2133.787,3
2133.892,4
2133.997,4
2134.102,7
2134.207,8
2134.312,7
2134.417,8
2134.523,10
2134.628,15
2134.733,17
2134.838,19
2134.943,16
2135.048,10
2135.153,13
2135.258,12
2135.363,14
2135.468,17
2135.573,16
2135.678,14
2135.783,15
2135.888,14
2135.993,10
2136.099,12
2136.204,9
2136.309,9
2136.414,9
2136.519,10
2136.624,11
2136.729,12
2136.834,14
2136.939,13
2137.044,14
2137.149,13
2137.255,12
2137.36,12
2137.465,10
2137.57,11
2137.675,13
2137.78,11
2137.885,9
2137.99,7
2138.096,4
2138.201,5
2138.306,6
2138.411,11
2138.516,12
2138.621,15
2138.726,15
2138.832,13
2138.937,11
2139.042,6
2139.147,7
2139.252,5
2139.357,9
2139.463,9
2139.568,10
2139.673,8
2139.778,7
2139.883,9
2139.988,6
2140.094,8
2140.199,10
2140.304,9
2140.409,10
2140.514,10
2140.62,9
2140.725,12
2140.83,12
2140.935,14
2141.04,12
2141.146,10
2141.251,12
2141.356,11
2141.461,12
2141.566,11
2141.672,9
2141.777,6
2141.882,8
2141.987,8
2142.093,10
2142.198,10
2142.303,9
2142.408,12
2142.514,11
2142.619,13
2142.724,13
2142.829,12
2142.935,15
2143.04,14
2143.145,12
2143.25,10
2143.356,6
2143.461,7
2143.566,8
2143.671,8
2143.777,9
2143.882,9
2143.987,7
2144.093,7
2144.198,8
2144.303,9
2144.408,12
2144.514,15
2144.619,13
2144.724,11
2144.83,9
2144.935,9
2145.04,10
2145.146,11
2145.251,10
2145.356,7
2145.462,8
2145.567,7
2145.672,10
2145.777,9
2145.883,7
2145.988,9
2146.093,9
2146.199,11
2146.304,13
2146.41,14
2146.515,14
2146.62,13
2146.726,11
2146.831,12
2146.936,9
2147.042,10
2147.147,12
2147.252,10
2147.358,10
2147.463,13
2147.568,13
2147.674,13
2147.779,17
2147.885,12
2147.99,11
2148.095,10
2148.201,6
2148.306,7
2148.412,11
2148.517,11
2148.622,12
2148.728,14
2148.833,9
2148.939,7
2149.044,7
2149.149,3
2149.255,7
2149.36,9
2149.466,10
2149.571,13
2149.676,10
2149.782,12
2149.887,12
2149.993,10
2150.098,10
2150.204,11
2150.309,12
2150.414,14
2150.52,12
2150.625,9
2150.731,6
2150.836,6
2150.942,7
2151.047,6
2151.153,7
2151.258,8
2151.364,7
2151.469,8
2151.575,10
2151.68,7
2151.785,7
2151.891,7
2151.996,7
2152.102,8
2152.207,8
2152.313,7
2152.418,7
2152.524,9
2152.629,10
2152.735,11
2152.84,11
2152.946,8
2153.051,9
2153.157,10
2153.262,6
2153.368,9
2153.473,9
2153.579,9
2153.685,10
2153.79,9
2153.896,9
2154.001,9
2154.107,9
2154.212,12
2154.318,12
2154.423,13
2154.529,16
2154.634,11
2154.74,15
2154.845,13
2154.951,12
2155.057,12
2155.162,7
2155.268,7
2155.373,7
2155.479,6
2155.584,7
2155.69,9
2155.796,6
2155.901,7
2156.007,7
2156.112,7
2156.218,10
2156.324,13
2156.429,13
2156.535,12
2156.64,11
2156.746,10
2156.852,12
2156.957,13
2157.063,12
2157.168,14
2157.274,12
2157.38,12
2157.485,16
2157.591,14
2157.696,13
2157.802,11
2157.908,8
2158.013,6
2158.119,9
2158.225,7
2158.33,6
2158.436,7
2158.542,7
2158.647,11
2158.753,12
2158.859,13
2158.964,12
2159.07,14
2159.175,15
2159.281,15
2159.387,15
2159.492,9
2159.598,10
2159.704,11
2159.81,10
2159.915,11
2160.021,9
2160.127,7
2160.232,6
2160.338,7
2160.444,7
2160.549,8
2160.655,9
2160.761,8
2160.866,9
2160.972,6
2161.078,8
2161.184,11
2161.289,10
2161.395,15
2161.501,16
2161.606,14
2161.712,15
2161.818,14
2161.924,13
2162.029,13
2162.135,11
2162.241,8
2162.347,6
2162.452,8
2162.558,10
2162.664,13
2162.77,13
2162.875,9
2162.981,7
2163.087,5
2163.193,4
2163.298,7
2163.404,9
2163.51,8
2163.616,11
2163.721,9
2163.827,13
2163.933,14
2164.039,14
2164.145,14
2164.25,12
2164.356,11
2164.462,8
2164.568,9
2164.674,8
2164.779,10
2164.885,11
2164.991,10
2165.097,8
2165.203,7
2165.308,8
2165.414,11
2165.52,11
2165.626,9
2165.732,9
2165.838,10
2165.943,14
2166.049,18
2166.155,19
2166.261,15
2166.367,11
2166.473,10
2166.578,8
2166.684,9
2166.79,9
2166.896,10
2167.002,10
2167.108,15
2167.214,16
2167.319,14
2167.425,17
2167.531,13
2167.637,14
2167.743,16
2167.849,13
2167.955,13
2168.061,15
2168.166,13
2168.272,16
2168.378,14
2168.484,11
2168.59,10
2168.696,7
2168.802,8
2168.908,10
2169.014,13
2169.12,12
2169.226,13
2169.331,10
2169.437,7
2169.543,9
2169.649,9
2169.755,12
2169.861,15
2169.967,14
2170.073,17
2170.179,16
2170.285,14
2170.391,14
2170.497,9
2170.603,7
2170.709,7
2170.815,7
2170.921,6
2171.026,12
2171.132,13
2171.238,13
2171.344,15
2171.45,10
2171.556,10
2171.662,10
2171.768,13
2171.874,11
2171.98,13
2172.086,15
2172.192,13
2172.298,16
2172.404,15
2172.51,16
2172.616,15
2172.722,14
2172.828,14
2172.934,10
2173.04,9
2173.146,8
2173.252,6
2173.358,6
2173.464,12
2173.57,11
2173.676,11
2173.782,14
2173.888,8
2173.994,10
2174.1,11
2174.206,8
2174.313,10
2174.419,9
2174.525,9
2174.631,13
2174.737,11
2174.843,14
2174.949,11
2175.055,7
2175.161,8
2175.267,5
2175.373,8
2175.479,7
2175.585,8
2175.691,8
2175.797,6
2175.903,7
2176.01,4
2176.116,5
2176.222,7
2176.328,8
2176.434,11
2176.54,11
2176.646,10
2176.752,10
2176.858,9
2176.964,10
2177.071,10
2177.177,12
2177.283,19
2177.389,21
2177.495,22
2177.601,20
2177.707,15
2177.813,14
2177.919,14
2178.026,14
2178.132,10
2178.238,6
2178.344,7
2178.45,8
2178.556,10
2178.662,11
2178.769,11
2178.875,11
2178.981,12
2179.087,14
2179.193,14
2179.299,12
2179.406,12
2179.512,13
2179.618,12
2179.724,12
2179.83,15
2179.936,12
2180.043,10
2180.149,11
2180.255,6
2180.361,4
2180.467,5
2180.574,5
2180.68,6
2180.786,7
2180.892,6
2180.998,7
2181.105,6
2181.211,9
2181.317,13
2181.423,10
2181.53,10
2181.636,11
2181.742,10
2181.848,10
2181.954,13
2182.061,12
2182.167,10
2182.273,11
2182.379,11
2182.486,12
2182.592,14
2182.698,15
2182.804,11
2182.911,7
2183.017,5
2183.123,5
2183.229,5
2183.336,9
2183.442,7
2183.548,8
2183.655,12
2183.761,16
2183.867,20
2183.973,18
2184.08,18
2184.186,13
2184.292,10
2184.399,9
2184.505,7
2184.611,6
2184.717,7
2184.824,11
2184.93,12
2185.036,12
2185.143,11
2185.249,13
2185.355,15
2185.462,19
2185.568,21
2185.674,15
2185.781,16
2185.887,16
2185.993,15
2186.1,15
2186.206,14
2186.312,11
2186.419,10
2186.525,14
2186.631,10
2186.738,12
2186.844,12
2186.95,10
2187.057,13
2187.163,10
2187.269,11
2187.376,12
2187.482,11
2187.589,9
2187.695,10
2187.801,7
2187.908,6
2188.014,8
2188.12,7
2188.227,11
2188.333,12
2188.44,13
2188.546,13
2188.652,12
2188.759,10
2188.865,8
2188.972,7
2189.078,8
2189.184,9
2189.291,7
2189.397,8
2189.504,5
2189.61,4
2189.717,6
2189.823,7
2189.929,7
2190.036,8
2190.142,12
2190.249,12
2190.355,12
2190.462,14
2190.568,14
2190.674,15
2190.781,16
2190.887,15
2190.994,13
2191.1,12
2191.207,12
2191.313,11
2191.42,13
2191.526,13
2191.633,15
2191.739,13
2191.846,10
2191.952,10
2192.059,9
2192.165,11
2192.272,12
2192.378,11
2192.485,12
2192.591,11
2192.698,11
2192.804,12
2192.911,12
2193.017,8
2193.124,13
2193.23,13
2193.337,11
2193.443,15
2193.55,9
2193.656,8
2193.763,9
2193.869,7
2193.976,9
2194.082,9
2194.189,8
2194.295,8
2194.402,7
2194.508,6
2194.615,9
2194.721,8
2194.828,9
2194.935,10
2195.041,8
2195.148,11
2195.254,13
2195.361,16
2195.467,15
2195.574,12
2195.681,7
2195.787,6
2195.894,7
2196,10
2196.107,10
2196.213,11
2196.32,11
2196.427,9
2196.533,10
2196.64,6
2196.746,6
2196.853,8
2196.96,15
2197.066,20
2197.173,20
2197.279,18
2197.386,14
2197.493,11
2197.599,10
2197.706,9
2197.813,8
2197.919,7
2198.026,7
2198.132,6
2198.239,4
2198.346,5
2198.452,8
2198.559,10
2198.666,9
2198.772,10
2198.879,6
2198.986,4
2199.092,9
2199.199,8
2199.306,11
2199.412,12
2199.519,12
2199.626,12
2199.732,11
2199.839,10
2199.946,7
2200.052,7
2200.159,7
2200.266,10
2200.372,10
2200.479,9
2200.586,12
2200.693,9
2200.799,10
2200.906,13
2201.013,11
2201.119,16
2201.226,16
2201.333,15
2201.439,15
2201.546,13
2201.653,13
2201.76,12
2201.866,10
2201.973,8
2202.08,5
2202.187,5
2202.293,4
2202.4,6
2202.507,6
2202.614,5
2202.72,8
2202.827,6
2202.934,10
2203.041,11
2203.147,12
2203.254,14
2203.361,13
2203.468,13
2203.574,14
2203.681,13
2203.788,13
2203.895,14
2204.001,10
2204.108,8
2204.215,8
2204.322,5
2204.429,6
2204.535,6
2204.642,4
2204.749,9
2204.856,8
2204.963,10
2205.069,12
2205.176,8
2205.283,8
2205.39,8
2205.497,9
2205.603,13
2205.71,16
2205.817,20
2205.924,20
2206.031,18
2206.138,14
2206.244,8
2206.351,8
2206.458,10
2206.565,13
2206.672,14
2206.779,12
2206.886,10
2206.992,8
2207.099,9
2207.206,11
2207.313,10
2207.42,11
2207.527,13
2207.634,13
2207.74,13
2207.847,14
2207.954,11
2208.061,8
2208.168,8
2208.275,6
2208.382,5
2208.489,5
2208.596,6
2208.702,6
2208.809,8
2208.916,8
2209.023,7
2209.13,8
2209.237,10
2209.344,11
2209.451,15
2209.558,15
2209.665,14
2209.772,16
2209.878,14
2209.985,18
2210.092,14
2210.199,11
2210.306,12
2210.413,8
2210.52,9
2210.627,12
2210.734,9
2210.841,10
2210.948,8
2211.055,5
2211.162,8
2211.269,7
2211.376,8
2211.483,10
2211.59,8
2211.697,9
2211.804,16
2211.911,15
2212.018,15
2212.124,18
2212.231,14
2212.338,14
2212.445,15
2212.552,11
2212.659,7
2212.766,10
2212.873,11
2212.98,14
2213.087,16
2213.194,12
2213.301,11
2213.408,8
2213.515,7
2213.623,11
2213.73,12
2213.837,15
2213.944,14
2214.051,11
2214.158,11
2214.265,11
2214.372,11
2214.479,11
2214.586,11
2214.693,9
2214.8,9
2214.907,10
2215.014,8
2215.121,8
2215.228,6
2215.335,6
2215.442,10
2215.549,12
2215.656,15
2215.763,15
2215.871,10
2215.978,10
2216.085,8
2216.192,11
2216.299,13
2216.406,16
2216.513,19
2216.62,15
2216.727,16
2216.834,11
2216.941,11
2217.049,10
2217.156,11
2217.263,12
2217.37,7
2217.477,10
2217.584,7
2217.691,7
2217.798,7
2217.905,7
2218.013,9
2218.12,11
2218.227,15
2218.334,15
2218.441,14
2218.548,14
2218.655,12
2218.763,11
2218.87,10
2218.977,7
2219.084,8
2219.191,9
2219.298,9
2219.405,12
2219.513,8
2219.62,9
2219.727,8
2219.834,8
2219.941,9
2220.048,9
2220.156,11
2220.263,10
2220.37,14
2220.477,11
2220.584,9
2220.692,7
2220.799,5
2220.906,6
2221.013,8
2221.12,8
2221.228,8
2221.335,13
2221.442,16
2221.549,19
2221.656,19
2221.764,15
2221.871,11
2221.978,11
2222.085,9
2222.193,13
2222.3,14
2222.407,11
2222.514,15
2222.622,10
2222.729,12
2222.836,14
2222.943,12
2223.051,11
2223.158,9
2223.265,6
2223.372,6
2223.48,6
2223.587,9
2223.694,11
2223.801,15
2223.909,16
2224.016,13
2224.123,13
2224.23,11
2224.338,10
2224.445,11
2224.552,11
2224.66,13
2224.767,13
2224.874,12
2224.981,13
2225.089,11
2225.196,12
2225.303,13
2225.411,12
2225.518,10
2225.625,11
2225.733,11
2225.84,10
2225.947,12
2226.055,12
2226.162,11
2226.269,13
2226.377,10
2226.484,10
2226.591,11
2226.699,9
2226.806,10
2226.913,12
2227.021,14
2227.128,14
2227.235,13
2227.343,12
2227.45,9
2227.557,11
2227.665,12
2227.772,12
2227.88,12
2227.987,11
2228.094,9
2228.202,5
2228.309,6
2228.416,8
2228.524,9
2228.631,16
2228.739,14
2228.846,12
2228.953,11
2229.061,6
2229.168,7
2229.276,5
2229.383,4
2229.49,5
2229.598,7
2229.705,8
2229.813,11
2229.92,9
2230.028,7
2230.135,9
2230.242,8
2230.35,8
2230.457,9
2230.565,8
2230.672,9
2230.78,10
2230.887,12
2230.994,12
2231.102,12
2231.209,12
2231.317,10
2231.424,10
2231.532,10
2231.639,13
2231.747,14
2231.854,12
2231.962,12
2232.069,12
2232.177,11
2232.284,16
2232.392,16
2232.499,13
2232.607,10
2232.714,8
2232.822,5
2232.929,8
2233.036,10
2233.144,10
2233.252,14
2233.359,10
2233.467,11
2233.574,11
2233.682,10
2233.789,11
2233.897,11
2234.004,11
2234.112,14
2234.219,16
2234.327,17
2234.434,15
2234.542,10
2234.649,8
2234.757,6
2234.864,7
2234.972,9
2235.079,13
2235.187,14
2235.295,16
2235.402,13
2235.51,8
2235.617,6
2235.725,5
2235.832,10
2235.94,12
2236.048,13
2236.155,13
2236.263,11
2236.37,10
2236.478,10
2236.585,8
2236.693,8
2236.801,8
2236.908,9
2237.016,12
2237.123,16
2237.231,19
2237.339,21
2237.446,17
2237.554,14
2237.661,13
2237.769,10
2237.877,15
2237.984,12
2238.092,11
2238.2,10
2238.307,7
2238.415,7
2238.522,7
2238.63,7
2238.738,8
2238.845,10
2238.953,11
2239.061,11
2239.168,11
2239.276,10
2239.384,11
2239.491,12
2239.599,10
2239.707,12
2239.814,8
2239.922,7
2240.03,7
2240.137,5
2240.245,8
2240.353,10
2240.46,11
2240.568,10
2240.676,9
2240.783,9
2240.891,8
2240.999,8
2241.106,7
2241.214,6
2241.322,8
2241.43,11
2241.537,15
2241.645,15
2241.753,15
2241.86,12
2241.968,7
2242.076,7
2242.184,8
2242.291,9
2242.399,10
2242.507,11
2242.614,11
2242.722,9
2242.83,10
2242.938,11
2243.045,12
2243.153,17
2243.261,17
2243.369,17
2243.476,14
2243.584,11
2243.692,11
2243.8,9
2243.907,10
2244.015,13
2244.123,13
2244.231,11
2244.339,13
2244.446,9
2244.554,8
2244.662,12
2244.77,10
2244.877,11
2244.985,16
2245.093,13
2245.201,13
2245.309,17
2245.416,12
2245.524,13
2245.632,10
2245.74,8
2245.848,8
2245.956,8
2246.063,13
2246.171,13
2246.279,14
2246.387,14
2246.495,9
2246.602,6
2246.71,4
2246.818,6
2246.926,8
2247.034,9
2247.142,11
2247.25,9
2247.357,9
2247.465,8
2247.573,8
2247.681,10
2247.789,11
2247.897,15
2248.005,14
2248.112,12
2248.22,12
2248.328,8
2248.436,9
2248.544,9
2248.652,11
2248.76,10
2248.868,11
2248.975,14
2249.083,12
2249.191,12
2249.299,12
2249.407,11
2249.515,9
2249.623,11
2249.731,10
2249.839,10
2249.947,10
2250.054,10
2250.162,11
2250.27,8
2250.378,9
2250.486,11
2250.594,10
2250.702,13
2250.81,16
2250.918,16
2251.026,13
2251.134,15
2251.242,11
2251.35,9
2251.458,11
2251.566,8
2251.674,11
2251.782,11
2251.889,12
2251.997,9
2252.105,7
2252.213,7
2252.321,8
2252.429,9
2252.537,10
2252.645,15
2252.753,13
2252.861,15
2252.969,13
2253.077,9
2253.185,9
2253.293,11
2253.401,11
2253.509,12
2253.617,15
2253.725,12
2253.833,13
2253.941,11
2254.049,10
2254.157,12
2254.265,13
2254.373,13
2254.481,9
2254.589,8
2254.697,8
2254.805,7
2254.913,10
2255.022,9
2255.13,9
2255.238,9
2255.346,11
2255.454,16
2255.562,13
2255.67,18
2255.778,17
2255.886,16
2255.994,20
2256.102,17
2256.21,16
2256.318,13
2256.426,11
2256.534,10
2256.642,10
2256.751,9
2256.859,12
2256.967,13
2257.075,12
2257.183,15
2257.291,13
2257.399,12
2257.507,10
2257.615,9
2257.723,7
2257.831,10
2257.94,12
2258.048,9
2258.156,11
2258.264,9
2258.372,14
2258.48,14
2258.588,12
2258.696,14
2258.805,9
2258.913,9
2259.021,10
2259.129,6
2259.237,4
2259.345,9
2259.453,8
2259.562,9
2259.67,12
2259.778,10
2259.886,10
2259.994,10
2260.102,11
2260.21,11
2260.319,14
2260.427,16
2260.535,14
2260.643,12
2260.751,12
2260.86,9
2260.968,10
2261.076,9
2261.184,8
2261.292,9
2261.401,8
2261.509,11
2261.617,10
2261.725,10
2261.833,9
2261.942,10
2262.05,8
2262.158,6
2262.266,6
2262.374,4
2262.483,7
2262.591,9
2262.699,10
2262.807,10
2262.916,10
2263.024,13
2263.132,13
2263.24,11
2263.348,10
2263.457,6
2263.565,6
2263.673,8
2263.781,7
2263.89,10
2263.998,8
2264.106,7
2264.215,6
2264.323,4
2264.431,9
2264.539,10
2264.648,14
2264.756,13
2264.864,11
2264.972,9
2265.081,8
2265.189,9
2265.297,8
2265.406,8
2265.514,8
2265.622,7
2265.73,7
2265.839,9
2265.947,7
2266.055,8
2266.164,9
2266.272,7
2266.38,8
2266.489,10
2266.597,12
2266.705,13
2266.814,13
2266.922,10
2267.03,9
2267.139,10
2267.247,11
2267.355,11
2267.464,10
2267.572,8
2267.68,8
2267.789,14
2267.897,11
2268.005,14
2268.114,13
2268.222,8
2268.331,10
2268.439,8
2268.547,6
2268.656,6
2268.764,5
2268.872,5
2268.981,10
2269.089,9
2269.198,10
2269.306,11
2269.414,9
2269.523,12
2269.631,15
2269.739,13
2269.848,11
2269.956,13
2270.065,11
2270.173,13
2270.282,14
2270.39,11
2270.498,11
2270.607,10
2270.715,10
2270.824,13
2270.932,15
2271.04,13
2271.149,16
2271.257,12
2271.366,9
2271.474,11
2271.583,9
2271.691,8
2271.8,8
2271.908,8
2272.016,10
2272.125,12
2272.233,12
2272.342,13
2272.45,11
2272.559,13
2272.667,17
2272.776,17
2272.884,15
2272.993,19
2273.101,17
2273.21,17
2273.318,21
2273.427,14
2273.535,12
2273.644,11
2273.752,8
2273.861,9
2273.969,14
2274.078,14
2274.186,14
2274.295,15
2274.403,10
2274.512,12
2274.62,14
2274.729,12
2274.837,13
2274.946,12
2275.054,11
2275.163,12
2275.271,14
2275.38,14
2275.488,14
2275.597,13
2275.706,9
2275.814,9
2275.923,9
2276.031,10
2276.14,12
2276.248,12
2276.357,10
2276.465,11
2276.574,10
2276.683,9
2276.791,10
2276.9,11
2277.008,10
2277.117,11
2277.225,11
2277.334,16
2277.443,15
2277.551,12
2277.66,14
2277.768,12
2277.877,15
2277.986,15
2278.094,12
2278.203,8
2278.311,7
2278.42,10
2278.529,9
2278.637,9
2278.746,6
2278.855,6
2278.963,9
2279.072,9
2279.18,13
2279.289,12
2279.398,12
2279.506,12
2279.615,8
2279.724,9
2279.832,7
2279.941,7
2280.05,8
2280.158,6
2280.267,9
2280.375,10
2280.484,11
2280.593,12
2280.701,7
2280.81,9
2280.919,8
2281.027,8
2281.136,9
2281.245,5
2281.354,7
2281.462,4
2281.571,4
2281.68,7
2281.788,5
2281.897,8
2282.006,11
2282.114,10
2282.223,14
2282.332,14
2282.441,11
2282.549,12
2282.658,12
2282.767,13
2282.875,13
2282.984,15
2283.093,15
2283.202,13
2283.31,15
2283.419,12
2283.528,12
2283.636,11
2283.745,10
2283.854,10
2283.963,7
2284.071,10
2284.18,11
2284.289,12
2284.398,12
2284.507,11
2284.615,9
2284.724,8
2284.833,10
2284.942,12
2285.05,13
2285.159,12
2285.268,12
2285.377,10
2285.485,12
2285.594,11
2285.703,10
2285.812,8
2285.921,7
2286.029,7
2286.138,4
2286.247,8
2286.356,9
2286.465,12
2286.573,13
2286.682,11
2286.791,11
2286.9,9
2287.009,12
2287.118,12
2287.226,10
2287.335,12
2287.444,9
2287.553,7
2287.662,6
2287.771,5
2287.879,9
2287.988,10
2288.097,12
2288.206,13
2288.315,13
2288.424,12
2288.532,13
2288.641,11
2288.75,7
2288.859,10
2288.968,8
2289.077,9
2289.186,13
2289.295,13
2289.403,14
2289.512,16
2289.621,15
2289.73,13
2289.839,13
2289.948,10
2290.057,9
2290.166,9
2290.275,8
2290.383,11
2290.492,12
2290.601,12
2290.71,14
2290.819,12
2290.928,10
2291.037,10
2291.146,7
2291.255,6
2291.364,6
2291.473,11
2291.582,11
2291.691,13
2291.799,13
2291.908,7
2292.017,6
2292.126,3
2292.235,5
2292.344,6
2292.453,7
2292.562,10
2292.671,7
2292.78,5
2292.889,8
2292.998,9
2293.107,12
2293.216,13
2293.325,10
2293.434,8
2293.543,5
2293.652,7
2293.761,7
2293.87,6
2293.979,8
2294.088,6
2294.197,9
2294.306,11
2294.415,11
2294.524,12
2294.633,8
2294.742,6
2294.851,4
2294.96,4
2295.069,7
2295.178,13
2295.287,12
2295.396,14
2295.505,15
2295.614,10
2295.723,11
2295.832,10
2295.941,8
2296.05,11
2296.159,12
2296.268,11
2296.377,14
2296.486,11
2296.595,12
2296.704,12
2296.813,7
2296.923,7
2297.032,6
2297.141,5
2297.25,7
2297.359,6
2297.468,5
2297.577,6
2297.686,6
2297.795,8
2297.904,7
2298.013,9
2298.122,8
2298.231,10
2298.341,12
2298.45,11
2298.559,13
2298.668,12
2298.777,14
2298.886,15
2298.995,13
2299.104,13
2299.213,12
2299.323,13
2299.432,16
2299.541,14
2299.65,13
2299.759,11
2299.868,10
2299.977,9
2300.086,10
2300.196,9
2300.305,9
2300.414,11
2300.523,12
2300.632,11
2300.741,10
2300.851,9
2300.96,14
2301.069,14
2301.178,14
2301.287,13
2301.396,7
2301.506,8
2301.615,6
2301.724,10
2301.833,9
2301.942,12
2302.051,14
2302.161,9
2302.27,8
2302.379,7
2302.488,7
2302.597,9
2302.707,12
2302.816,12
2302.925,15
2303.034,13
2303.143,12
2303.253,12
2303.362,8
2303.471,11
2303.58,13
2303.69,12
2303.799,13
2303.908,12
2304.017,8
2304.127,7
2304.236,9
2304.345,8
2304.454,9
2304.563,9
2304.673,9
2304.782,12
2304.891,11
2305.001,12
2305.11,10
2305.219,9
2305.328,14
2305.438,14
2305.547,16
2305.656,14
2305.765,14
2305.875,12
2305.984,9
2306.093,8
2306.203,4
2306.312,5
2306.421,6
2306.53,7
2306.64,7
2306.749,7
2306.858,8
2306.968,12
2307.077,11
2307.186,11
2307.296,11
2307.405,9
2307.514,12
2307.624,11
2307.733,9
2307.842,6
2307.951,6
2308.061,5
2308.17,5
2308.28,6
2308.389,3
2308.498,9
2308.608,10
2308.717,9
2308.826,12
2308.936,7
2309.045,6
2309.154,11
2309.264,12
2309.373,14
2309.482,21
2309.592,18
2309.701,17
2309.811,15
2309.92,10
2310.029,14
2310.139,17
2310.248,20
2310.357,20
2310.467,15
2310.576,10
2310.686,7
2310.795,9
2310.904,13
2311.014,13
2311.123,14
2311.233,12
2311.342,8
2311.451,7
2311.561,7
2311.67,7
2311.78,7
2311.889,11
2311.999,13
2312.108,13
2312.217,15
2312.327,20
2312.436,19
2312.546,22
2312.655,20
2312.765,12
2312.874,12
2312.984,6
2313.093,6
2313.202,7
2313.312,6
2313.421,10
2313.531,11
2313.64,9
2313.75,10
2313.859,11
2313.969,13
2314.078,14
2314.188,12
2314.297,9
2314.407,8
2314.516,8
2314.626,13
2314.735,13
2314.845,13
2314.954,14
2315.064,10
2315.173,12
2315.283,11
2315.392,15
2315.502,18
2315.611,15
2315.721,18
2315.83,15
2315.94,10
2316.049,14
2316.159,11
2316.268,10
2316.378,11
2316.487,9
2316.597,10
2316.707,12
2316.816,16
2316.926,15
2317.035,13
2317.145,10
2317.254,7
2317.364,7
2317.473,6
2317.583,6
2317.693,7
2317.802,6
2317.912,8
2318.021,7
2318.131,7
2318.24,6
2318.35,7
2318.46,9
2318.569,8
2318.679,10
2318.788,12
2318.898,12
2319.008,13
2319.117,11
2319.227,6
2319.336,6
2319.446,5
2319.556,6
2319.665,8
2319.775,8
2319.884,7
2319.994,7
2320.104,6
2320.213,6
2320.323,6
2320.433,8
2320.542,10
2320.652,8
2320.761,9
2320.871,8
2320.981,6
2321.09,7
2321.2,9
2321.31,12
2321.419,11
2321.529,11
2321.639,12
2321.748,8
2321.858,10
2321.968,9
2322.077,6
2322.187,7
2322.297,6
2322.406,10
2322.516,12
2322.626,14
2322.735,15
2322.845,13
2322.955,9
2323.065,7
2323.174,7
2323.284,7
2323.394,9
2323.503,10
2323.613,11
2323.723,8
2323.832,7
2323.942,8
2324.052,8
2324.162,13
2324.271,15
2324.381,12
2324.491,10
2324.601,7
2324.71,7
2324.82,7
2324.93,8
2325.04,9
2325.149,7
2325.259,7
2325.369,8
2325.479,5
2325.588,8
2325.698,10
2325.808,8
2325.918,9
2326.027,5
2326.137,4
2326.247,7
2326.357,14
2326.466,16
2326.576,16
2326.686,15
2326.796,14
2326.906,15
2327.015,15
2327.125,14
2327.235,13
2327.345,11
2327.455,10
2327.564,10
2327.674,9
2327.784,11
2327.894,11
2328.004,10
2328.113,9
2328.223,9
2328.333,8
2328.443,7
2328.553,10
2328.663,9
2328.772,9
2328.882,11
2328.992,11
2329.102,11
2329.212,13
2329.322,13
2329.431,12
2329.541,10
2329.651,10
2329.761,9
2329.871,10
2329.981,12
2330.091,13
2330.2,12
2330.31,10
2330.42,10
2330.53,7
2330.64,9
2330.75,11
2330.86,13
2330.97,14
2331.08,15
2331.189,13
2331.299,12
2331.409,11
2331.519,7
2331.629,9
2331.739,7
2331.849,8
2331.959,12
2332.069,8
2332.179,10
2332.289,10
2332.398,7
2332.508,13
2332.618,13
2332.728,14
2332.838,16
2332.948,15
2333.058,14
2333.168,13
2333.278,13
2333.388,12
2333.498,12
2333.608,12
2333.718,11
2333.828,9
2333.938,10
2334.048,10
2334.158,10
2334.268,12
2334.377,11
2334.487,14
2334.597,18
2334.707,15
2334.817,16
2334.927,12
2335.037,8
2335.147,12
2335.257,12
2335.367,17
2335.477,20
2335.587,17
2335.697,15
2335.807,16
2335.917,10
2336.027,11
2336.137,11
2336.247,6
2336.357,8
2336.467,9
2336.577,11
2336.687,15
2336.798,14
2336.908,12
2337.018,11
2337.128,7
2337.238,7
2337.348,11
2337.458,11
2337.568,15
2337.678,12
2337.788,11
2337.898,11
2338.008,8
2338.118,8
2338.228,9
2338.338,11
2338.448,12
2338.558,14
2338.668,11
2338.778,12
2338.889,10
2338.999,9
2339.109,7
2339.219,3
2339.329,3
2339.439,2
2339.549,7
2339.659,11
2339.769,14
2339.879,14
2339.989,14
2340.1,9
2340.21,7
2340.32,9
2340.43,8
2340.54,12
2340.65,11
2340.76,10
2340.87,7
2340.981,7
2341.091,8
2341.201,10
2341.311,10
2341.421,11
2341.531,14
2341.641,13
2341.752,14
2341.862,11
2341.972,11
2342.082,11
2342.192,14
2342.302,12
2342.412,8
2342.523,7
2342.633,5
2342.743,7
2342.853,6
2342.963,9
2343.074,11
2343.184,14
2343.294,19
2343.404,16
2343.514,11
2343.624,8
2343.735,5
2343.845,7
2343.955,7
2344.065,5
2344.175,4
2344.286,3
2344.396,7
2344.506,8
2344.616,10
2344.727,8
2344.837,7
2344.947,8
2345.057,8
2345.167,9
2345.278,8
2345.388,13
2345.498,11
2345.608,11
2345.719,10
2345.829,5
2345.939,6
2346.049,6
2346.16,7
2346.27,8
2346.38,10
2346.49,11
2346.601,13
2346.711,12
2346.821,12
2346.931,12
2347.042,12
2347.152,14
2347.262,12
2347.373,11
2347.483,12
2347.593,13
2347.703,14
2347.814,15
2347.924,13
2348.034,16
2348.145,14
2348.255,15
2348.365,15
2348.476,9
2348.586,10
2348.696,10
2348.807,10
2348.917,9
2349.027,12
2349.137,10
2349.248,10
2349.358,12
2349.468,8
2349.579,9
2349.689,8
2349.799,8
2349.91,10
2350.02,11
2350.131,12
2350.241,14
2350.351,12
2350.462,9
2350.572,9
2350.682,7
2350.793,9
2350.903,11
2351.013,11
2351.124,10
2351.234,10
2351.345,10
2351.455,11
2351.565,13
2351.676,10
2351.786,8
2351.896,8
2352.007,7
2352.117,9
2352.228,11
2352.338,12
2352.448,12
2352.559,13
2352.669,11
2352.78,8
2352.89,7
2353.001,7
2353.111,11
2353.221,13
2353.332,13
2353.442,11
2353.553,8
2353.663,12
2353.774,15
2353.884,15
2353.994,15
2354.105,10
2354.215,9
2354.326,12
2354.436,12
2354.547,12
2354.657,14
2354.768,14
2354.878,15
2354.989,13
2355.099,9
2355.209,7
2355.32,9
2355.43,10
2355.541,15
2355.651,15
2355.762,18
2355.872,21
2355.983,17
2356.093,16
2356.204,11
2356.314,11
2356.425,9
2356.535,12
2356.646,12
2356.756,7
2356.867,9
2356.977,5
2357.088,4
2357.198,8
2357.309,7
2357.419,11
2357.53,14
2357.641,11
2357.751,12
2357.862,10
2357.972,11
2358.083,11
2358.193,11
2358.304,11
2358.414,8
2358.525,9
2358.635,8
2358.746,9
2358.857,7
2358.967,11
2359.078,12
2359.188,12
2359.299,15
2359.409,10
2359.52,10
2359.631,8
2359.741,9
2359.852,11
2359.962,11
2360.073,12
2360.183,11
2360.294,14
2360.405,15
2360.515,15
2360.626,17
2360.736,13
2360.847,12
2360.958,15
2361.068,11
2361.179,10
2361.29,10
2361.4,6
2361.511,5
2361.621,7
2361.732,8
2361.843,9
2361.953,12
2362.064,12
2362.175,10
2362.285,12
2362.396,12
2362.506,14
2362.617,17
2362.728,16
2362.838,14
2362.949,12
2363.06,9
2363.17,10
2363.281,10
2363.392,10
2363.502,9
2363.613,8
2363.724,8
2363.834,10
2363.945,10
2364.056,8
2364.166,10
2364.277,7
2364.388,11
2364.499,12
2364.609,12
2364.72,12
2364.831,9
2364.941,8
2365.052,9
2365.163,10
2365.274,9
2365.384,11
2365.495,9
2365.606,7
2365.716,7
2365.827,9
2365.938,11
2366.049,15
2366.159,16
2366.27,13
2366.381,11
2366.492,9
2366.602,9
2366.713,11
2366.824,14
2366.935,15
2367.045,15
2367.156,12
2367.267,9
2367.378,8
2367.488,11
2367.599,15
2367.71,14
2367.821,15
2367.931,11
2368.042,9
2368.153,9
2368.264,10
2368.375,11
2368.485,8
2368.596,9
2368.707,4
2368.818,2
2368.929,3
2369.039,3
2369.15,6
2369.261,7
2369.372,8
2369.483,8
2369.593,8
2369.704,10
2369.815,11
2369.926,10
2370.037,11
2370.148,9
2370.258,8
2370.369,9
2370.48,9
2370.591,11
2370.702,10
2370.813,10
2370.923,8
2371.034,7
2371.145,6
2371.256,4
2371.367,6
2371.478,7
2371.589,9
2371.699,12
2371.81,10
2371.921,12
2372.032,13
2372.143,10
2372.254,9
2372.365,7
2372.476,9
2372.586,10
2372.697,12
2372.808,12
2372.919,10
2373.03,13
2373.141,13
2373.252,10
2373.363,10
2373.474,9
2373.585,6
2373.695,6
2373.806,3
2373.917,5
2374.028,10
2374.139,13
2374.25,17
2374.361,14
2374.472,12
2374.583,10
2374.694,9
2374.805,8
2374.916,9
2375.027,10
2375.138,8
2375.249,12
2375.36,11
2375.471,14
2375.581,15
2375.692,13
2375.803,12
2375.914,9
2376.025,9
2376.136,8
2376.247,8
2376.358,8
2376.469,10
2376.58,10
2376.691,11
2376.802,10
2376.913,11
2377.024,10
2377.135,11
2377.246,14
2377.357,11
2377.468,10
2377.579,9
2377.69,6
2377.801,6
2377.912,7
2378.023,6
2378.134,7
2378.245,9
2378.356,11
2378.467,12
2378.578,12
2378.689,12
2378.8,13
2378.912,15
2379.023,18
2379.134,18
2379.245,14
2379.356,13
2379.467,11
2379.578,10
2379.689,12
2379.8,11
2379.911,9
2380.022,8
2380.133,8
2380.244,8
2380.355,9
2380.466,8
2380.577,13
2380.689,11
2380.8,13
2380.911,17
2381.022,13
2381.133,15
2381.244,15
2381.355,13
2381.466,13
2381.577,13
2381.688,10
2381.799,10
2381.911,9
2382.022,8
2382.133,11
2382.244,11
2382.355,12
2382.466,14
2382.577,11
2382.688,8
2382.8,6
2382.911,6
2383.022,6
2383.133,12
2383.244,13
2383.355,12
2383.466,13
2383.578,8
2383.689,8
2383.8,7
2383.911,7
2384.022,8
2384.133,8
2384.245,10
2384.356,9
2384.467,8
2384.578,8
2384.689,5
2384.8,5
2384.912,7
2385.023,7
2385.134,9
2385.245,13
2385.356,11
2385.468,11
2385.579,13
2385.69,11
2385.801,11
2385.912,11
2386.024,12
2386.135,11
2386.246,13
2386.357,12
2386.468,11
2386.58,11
2386.691,10
2386.802,10
2386.913,6
2387.025,7
2387.136,7
2387.247,9
2387.358,9
2387.47,9
2387.581,12
2387.692,11
2387.803,13
2387.915,16
2388.026,14
2388.137,14
2388.248,14
2388.36,11
2388.471,12
2388.582,12
2388.693,13
2388.805,10
2388.916,9
2389.027,8
2389.139,7
2389.25,8
2389.361,7
2389.472,11
2389.584,10
2389.695,9
2389.806,11
2389.918,7
2390.029,7
2390.14,11
2390.252,7
2390.363,8
2390.474,9
2390.585,9
2390.697,12
2390.808,11
2390.919,14
2391.031,12
2391.142,11
2391.253,10
2391.365,8
2391.476,10
2391.587,11
2391.699,15
2391.81,12
2391.922,11
2392.033,11
2392.144,10
2392.256,12
2392.367,13
2392.478,12
2392.59,12
2392.701,17
2392.812,15
2392.924,15
2393.035,17
2393.147,12
2393.258,14
2393.369,13
2393.481,10
2393.592,10
2393.704,10
2393.815,13
2393.926,15
2394.038,16
2394.149,14
2394.261,15
2394.372,14
2394.483,11
2394.595,19
2394.706,17
2394.818,16
2394.929,19
2395.04,13
2395.152,11
2395.263,11
2395.375,13
2395.486,12
2395.598,16
2395.709,14
2395.82,12
2395.932,9
2396.043,6
2396.155,12
2396.266,12
2396.378,13
2396.489,14
2396.601,10
2396.712,9
2396.824,11
2396.935,9
2397.047,8
2397.158,7
2397.269,8
2397.381,10
2397.492,9
2397.604,12
2397.715,9
2397.827,6
2397.938,7
2398.05,7
2398.161,10
2398.273,15
2398.384,19
2398.496,19
2398.607,18
2398.719,17
2398.83,14
2398.942,14
2399.054,14
2399.165,14
2399.277,16
2399.388,16
2399.5,14
2399.611,10
2399.723,10
2399.834,7
2399.946,8
2400.057,9
2400.169,10
2400.28,14
2400.392,13
2400.504,14
2400.615,13
2400.727,12
2400.838,13
2400.95,12
2401.061,10
2401.173,7
2401.284,10
2401.396,13
2401.508,11
2401.619,12
2401.731,10
2401.842,9
2401.954,12
2402.066,13
2402.177,12
2402.289,14
2402.4,12
2402.512,9
2402.624,11
2402.735,8
2402.847,8
2402.958,12
2403.07,12
2403.182,16
2403.293,17
2403.405,14
2403.517,12
2403.628,11
2403.74,11
2403.851,11
2403.963,10
2404.075,6
2404.186,6
2404.298,8
2404.41,9
2404.521,9
2404.633,10
2404.745,9
2404.856,11
2404.968,13
2405.08,14
2405.191,13
2405.303,12
2405.415,13
2405.526,12
2405.638,13
2405.75,11
2405.861,7
2405.973,6
2406.085,7
2406.196,7
2406.308,8
2406.42,6
2406.531,4
2406.643,5
2406.755,6
2406.867,7
2406.978,10
2407.09,12
2407.202,12
2407.313,13
2407.425,13
2407.537,15
2407.649,15
2407.76,15
2407.872,11
2407.984,9
2408.096,7
2408.207,9
2408.319,10
2408.431,6
2408.543,7
2408.654,5
2408.766,10
2408.878,14
2408.99,18
2409.101,18
2409.213,16
2409.325,14
2409.437,13
2409.548,13
2409.66,10
2409.772,12
2409.884,12
2409.995,10
2410.107,8
2410.219,5
2410.331,5
2410.443,7
2410.554,9
2410.666,12
2410.778,10
2410.89,11
2411.002,10
2411.113,8
2411.225,7
2411.337,5
2411.449,7
2411.561,8
2411.672,11
2411.784,12
2411.896,12
2412.008,12
2412.12,9
2412.232,8
2412.343,6
2412.455,5
2412.567,5
2412.679,7
2412.791,8
2412.903,8
2413.015,8
2413.126,8
2413.238,13
2413.35,14
2413.462,19
2413.574,18
2413.686,14
2413.798,13
2413.909,11
2414.021,9
2414.133,11
2414.245,14
2414.357,13
2414.469,18
2414.581,18
2414.693,16
2414.805,15
2414.916,13
2415.028,11
2415.14,11
2415.252,9
2415.364,12
2415.476,11
2415.588,10
2415.7,15
2415.812,10
2415.924,10
2416.036,13
2416.148,11
2416.259,15
2416.371,17
2416.483,16
2416.595,19
2416.707,16
2416.819,12
2416.931,10
2417.043,4
2417.155,3
2417.267,6
2417.379,6
2417.491,9
2417.603,13
2417.715,13
2417.827,14
2417.939,14
2418.051,10
2418.163,11
2418.275,12
2418.387,11
2418.499,14
2418.611,16
2418.723,16
2418.835,16
2418.947,13
2419.059,11
2419.171,8
2419.283,9
2419.395,9
2419.507,7
2419.619,8
2419.731,6
2419.843,8
2419.955,8
2420.067,7
2420.179,9
2420.291,8
2420.403,8
2420.515,10
2420.627,9
2420.739,10
2420.851,14
2420.963,15
2421.075,15
2421.187,14
2421.299,10
2421.411,10
2421.523,11
2421.635,12
2421.747,16
2421.859,16
2421.971,14
2422.083,13
2422.196,10
2422.308,7
2422.42,11
2422.532,13
2422.644,13
2422.756,17
2422.868,14
2422.98,11
2423.092,12
2423.204,11
2423.316,11
2423.429,12
2423.541,11
2423.653,8
2423.765,8
2423.877,8
2423.989,10
2424.101,15
2424.213,14
2424.325,15
2424.438,12
2424.55,9
2424.662,10
2424.774,11
2424.886,14
2424.998,16
2425.11,15
2425.222,17
2425.335,13
2425.447,9
2425.559,10
2425.671,6
2425.783,8
2425.895,12
2426.008,12
2426.12,11
2426.232,11
2426.344,9
2426.456,9
2426.568,9
2426.681,8
2426.793,9
2426.905,8
2427.017,11
2427.129,12
2427.242,9
2427.354,9
2427.466,11
2427.578,8
2427.69,9
2427.803,12
2427.915,10
2428.027,10
2428.139,10
2428.251,6
2428.364,4
2428.476,11
2428.588,11
2428.7,12
2428.812,12
2428.925,8
2429.037,8
2429.149,9
2429.261,11
2429.374,12
2429.486,13
2429.598,13
2429.71,12
2429.823,10
2429.935,14
2430.047,14
2430.159,12
2430.272,12
2430.384,7
2430.496,7
2430.608,7
2430.721,11
2430.833,11
2430.945,11
2431.058,12
2431.17,11
2431.282,13
2431.394,12
2431.507,13
2431.619,10
2431.731,8
2431.844,8
2431.956,11
2432.068,12
2432.181,15
2432.293,17
2432.405,15
2432.517,14
2432.63,11
2432.742,10
2432.854,8
2432.967,12
2433.079,13
2433.191,11
2433.304,9
2433.416,6
2433.528,4
2433.641,6
2433.753,9
2433.865,8
2433.978,9
2434.09,10
2434.203,11
2434.315,11
2434.427,12
2434.54,11
2434.652,12
2434.764,12
2434.877,12
2434.989,12
2435.101,7
2435.214,11
2435.326,11
2435.439,12
2435.551,14
2435.663,10
2435.776,9
2435.888,12
2436.001,15
2436.113,16
2436.225,14
2436.338,10
2436.45,11
2436.563,11
2436.675,14
2436.787,16
2436.9,15
2437.012,14
2437.125,15
2437.237,12
2437.35,8
2437.462,9
2437.574,9
2437.687,10
2437.799,11
2437.912,13
2438.024,11
2438.137,10
2438.249,10
2438.362,10
2438.474,9
2438.586,10
2438.699,9
2438.811,4
2438.924,5
2439.036,4
2439.149,5
2439.261,7
2439.374,9
2439.486,14
2439.599,13
2439.711,17
2439.824,13
2439.936,11
2440.049,10
2440.161,8
2440.274,8
2440.386,7
2440.499,9
2440.611,7
2440.724,10
2440.836,8
2440.949,11
2441.061,11
2441.174,12
2441.286,12
2441.399,11
2441.511,9
2441.624,13
2441.736,14
2441.849,11
2441.961,15
2442.074,10
2442.187,10
2442.299,10
2442.412,10
2442.524,8
2442.637,7
2442.749,7
2442.862,6
2442.974,6
2443.087,6
2443.2,9
2443.312,7
2443.425,9
2443.537,12
2443.65,9
2443.762,8
2443.875,10
2443.988,8
2444.1,10
2444.213,13
2444.325,11
2444.438,11
2444.551,10
2444.663,12
2444.776,10
2444.888,9
2445.001,8
2445.114,8
2445.226,8
2445.339,8
2445.452,11
2445.564,8
2445.677,11
2445.789,13
2445.902,12
2446.015,14
2446.127,12
2446.24,12
2446.353,13
2446.465,12
2446.578,12
2446.691,12
2446.803,10
2446.916,10
2447.028,11
2447.141,10
2447.254,11
2447.366,11
2447.479,8
2447.592,7
2447.704,7
2447.817,8
2447.93,8
2448.043,11
2448.155,13
2448.268,11
2448.381,15
2448.493,13
2448.606,13
2448.719,13
2448.831,12
2448.944,13
2449.057,12
2449.17,14
2449.282,13
2449.395,15
2449.508,11
2449.62,14
2449.733,14
2449.846,10
2449.959,17
2450.071,17
2450.184,17
2450.297,20
2450.409,18
2450.522,16
2450.635,16
2450.748,16
2450.86,14
2450.973,14
2451.086,14
2451.199,15
2451.311,14
2451.424,13
2451.537,16
2451.65,15
2451.763,12
2451.875,10
2451.988,9
2452.101,8
2452.214,7
2452.326,6
2452.439,4
2452.552,3
2452.665,6
2452.778,8
2452.89,8
2453.003,8
2453.116,8
2453.229,11
2453.342,11
2453.454,14
2453.567,15
2453.68,16
2453.793,19
2453.906,17
2454.019,14
2454.131,11
2454.244,9
2454.357,8
2454.47,7
2454.583,8
2454.696,6
2454.808,5
2454.921,7
2455.034,5
2455.147,9
2455.26,11
2455.373,11
2455.485,11
2455.598,8
2455.711,8
2455.824,11
2455.937,12
2456.05,14
2456.163,15
2456.276,10
2456.388,10
2456.501,9
2456.614,8
2456.727,11
2456.84,11
2456.953,11
2457.066,12
2457.179,11
2457.292,13
2457.404,12
2457.517,11
2457.63,9
2457.743,7
2457.856,9
2457.969,9
2458.082,15
2458.195,14
2458.308,14
2458.421,15
2458.534,10
2458.647,10
2458.76,8
2458.872,5
2458.985,7
2459.098,7
2459.211,7
2459.324,9
2459.437,9
2459.55,14
2459.663,16
2459.776,18
2459.889,17
2460.002,16
2460.115,18
2460.228,17
2460.341,17
2460.454,14
2460.567,9
2460.68,8
2460.793,6
2460.906,9
2461.019,14
2461.132,13
2461.245,14
2461.358,8
2461.471,5
2461.584,6
2461.697,6
2461.81,10
2461.923,10
2462.036,9
2462.149,9
2462.262,7
2462.375,7
2462.488,8
2462.601,11
2462.714,11
2462.827,12
2462.94,16
2463.053,12
2463.166,14
2463.279,16
2463.392,10
2463.505,11
2463.618,11
2463.731,11
2463.844,17
2463.957,17
2464.07,17
2464.184,13
2464.297,8
2464.41,9
2464.523,10
2464.636,11
2464.749,15
2464.862,21
2464.975,17
2465.088,16
2465.201,12
2465.314,3
2465.427,3
2465.54,6
2465.654,5
2465.767,9
2465.88,11
2465.993,8
2466.106,10
2466.219,8
2466.332,8
2466.445,10
2466.558,9
2466.672,10
2466.785,10
2466.898,9
2467.011,9
2467.124,8
2467.237,6
2467.35,4
2467.464,5
2467.577,5
2467.69,5
2467.803,8
2467.916,8
2468.029,10
2468.142,12
2468.256,13
2468.369,14
2468.482,10
2468.595,11
2468.708,10
2468.821,9
2468.935,10
2469.048,9
2469.161,6
2469.274,8
2469.387,11
2469.5,10
2469.614,11
2469.727,9
2469.84,10
2469.953,10
2470.066,11
2470.18,12
2470.293,10
2470.406,15
2470.519,19
2470.633,17
2470.746,14
2470.859,10
2470.972,7
2471.085,7
2471.199,9
2471.312,9
2471.425,8
2471.538,7
2471.652,6
2471.765,5
2471.878,5
2471.991,6
2472.105,9
2472.218,12
2472.331,14
2472.444,16
2472.558,17
2472.671,15
2472.784,12
2472.897,11
2473.011,7
2473.124,8
2473.237,9
2473.35,10
2473.464,13
2473.577,15
2473.69,17
2473.804,15
2473.917,15
2474.03,15
2474.143,12
2474.257,16
2474.37,14
2474.483,10
2474.597,10
2474.71,7
2474.823,8
2474.937,8
2475.05,9
2475.163,10
2475.277,9
2475.39,12
2475.503,13
2475.617,13
2475.73,13
2475.843,11
2475.957,11
2476.07,10
2476.183,11
2476.297,10
2476.41,10
2476.523,14
2476.637,16
2476.75,20
2476.863,19
2476.977,17
2477.09,9
2477.204,6
2477.317,9
2477.43,8
2477.544,11
2477.657,13
2477.77,10
2477.884,8
2477.997,6
2478.111,4
2478.224,6
2478.337,9
2478.451,11
2478.564,11
2478.678,10
2478.791,8
2478.904,9
2479.018,10
2479.131,9
2479.245,9
2479.358,9
2479.471,7
2479.585,8
2479.698,10
2479.812,9
2479.925,9
2480.039,9
2480.152,10
2480.265,7
2480.379,10
2480.492,10
2480.606,9
2480.719,14
2480.833,11
2480.946,12
2481.06,11
2481.173,9
2481.287,14
2481.4,13
2481.514,13
2481.627,13
2481.74,8
2481.854,11
2481.967,11
2482.081,10
2482.194,12
2482.308,8
2482.421,9
2482.535,7
2482.648,6
2482.762,6
2482.875,5
2482.989,9
2483.102,10
2483.216,9
2483.329,10
2483.443,9
2483.556,12
2483.67,15
2483.783,13
2483.897,12
2484.011,9
2484.124,6
2484.238,8
2484.351,8
2484.465,5
2484.578,7
2484.692,5
2484.805,3
2484.919,7
2485.032,9
2485.146,8
2485.26,13
2485.373,13
2485.487,10
2485.6,13
2485.714,15
2485.827,14
2485.941,15
2486.054,13
2486.168,10
2486.282,11
2486.395,12
2486.509,12
2486.622,13
2486.736,15
2486.85,14
2486.963,15
2487.077,11
2487.19,12
2487.304,13
2487.418,16
2487.531,16
2487.645,14
2487.758,12
2487.872,10
2487.986,13
2488.099,12
2488.213,14
2488.327,14
2488.44,13
2488.554,12
2488.667,11
2488.781,11
2488.895,13
2489.008,13
2489.122,16
2489.236,16
2489.349,14
2489.463,16
2489.577,12
2489.69,9
2489.804,8
2489.918,10
2490.031,11
2490.145,13
2490.259,15
2490.372,11
2490.486,11
2490.6,10
2490.713,8
2490.827,7
2490.941,7
2491.054,10
2491.168,13
2491.282,13
2491.396,13
2491.509,11
2491.623,8
2491.737,10
2491.85,14
2491.964,15
2492.078,16
2492.192,15
2492.305,13
2492.419,11
2492.533,9
2492.646,8
2492.76,7
2492.874,8
2492.988,11
2493.101,13
2493.215,13
2493.329,12
2493.443,11
2493.556,10
2493.67,7
2493.784,10
2493.898,11
2494.011,13
2494.125,16
2494.239,14
2494.353,13
2494.467,10
2494.58,10
2494.694,11
2494.808,8
2494.922,12
2495.035,10
2495.149,9
2495.263,10
2495.377,5
2495.491,6
2495.604,7
2495.718,11
2495.832,14
2495.946,16
2496.06,14
2496.173,9
2496.287,8
2496.401,8
2496.515,9
2496.629,10
2496.743,14
2496.856,14
2496.97,18
2497.084,17
2497.198,17
2497.312,15
2497.426,9
2497.539,13
2497.653,6
2497.767,4
2497.881,7
2497.995,5
2498.109,7
2498.223,11
2498.336,8
2498.45,6
2498.564,8
2498.678,5
2498.792,7
2498.906,9
2499.02,10
2499.134,9
2499.247,10
2499.361,9
2499.475,8
2499.589,10
2499.703,8
2499.817,10
2499.931,9
2500.045,10
2500.159,11
2500.272,9
2500.386,9
2500.5,9
2500.614,9
2500.728,12
2500.842,12
2500.956,11
2501.07,10
2501.184,7
2501.298,8
2501.412,11
2501.526,11
2501.64,11
2501.754,12
2501.868,9
2501.981,10
2502.095,10
2502.209,6
2502.323,8
2502.437,9
2502.551,10
2502.665,10
2502.779,12
2502.893,11
2503.007,13
2503.121,15
2503.235,13
2503.349,12
2503.463,10
2503.577,10
2503.691,9
2503.805,12
2503.919,10
2504.033,16
2504.147,16
2504.261,14
2504.375,16
2504.489,9
2504.603,8
2504.717,11
2504.831,13
2504.945,13
2505.059,14
2505.173,9
2505.287,9
2505.401,12
2505.515,14
2505.629,19
2505.743,17
2505.857,17
2505.971,14
2506.085,10
2506.199,9
2506.313,8
2506.428,10
2506.542,10
2506.656,11
2506.77,8
2506.884,9
2506.998,10
2507.112,8
2507.226,11
2507.34,9
2507.454,8
2507.568,10
2507.682,11
2507.796,8
2507.91,10
2508.025,9
2508.139,10
2508.253,13
2508.367,11
2508.481,12
2508.595,11
2508.709,11
2508.823,12
2508.937,12
2509.051,13
2509.166,14
2509.28,15
2509.394,17
2509.508,13
2509.622,15
2509.736,16
2509.85,15
2509.964,13
2510.079,10
2510.193,9
2510.307,9
2510.421,10
2510.535,9
2510.649,14
2510.764,13
2510.878,13
2510.992,15
2511.106,11
2511.22,13
2511.334,13
2511.448,12
2511.563,13
2511.677,12
2511.791,10
2511.905,11
2512.019,11
2512.134,14
2512.248,16
2512.362,14
2512.476,11
2512.59,10
2512.705,12
2512.819,14
2512.933,16
2513.047,15
2513.161,15
2513.276,17
2513.39,15
2513.504,12
2513.618,10
2513.732,6
2513.847,9
2513.961,11
2514.075,10
2514.189,11
2514.304,10
2514.418,9
2514.532,10
2514.646,11
2514.761,8
2514.875,11
2514.989,13
2515.103,12
2515.218,12
2515.332,12
2515.446,10
2515.56,12
2515.675,12
2515.789,10
2515.903,8
2516.017,9
2516.132,14
2516.246,13
2516.36,12
2516.475,12
2516.589,9
2516.703,8
2516.817,12
2516.932,8
2517.046,8
2517.16,12
2517.275,11
2517.389,12
2517.503,12
2517.618,9
2517.732,8
2517.846,10
2517.961,9
2518.075,10
2518.189,9
2518.304,10
2518.418,14
2518.532,15
2518.647,15
2518.761,12
2518.875,10
2518.99,10
2519.104,17
2519.218,17
2519.333,16
2519.447,14
2519.561,7
2519.676,7
2519.79,8
2519.904,10
2520.019,10
2520.133,12
2520.248,12
2520.362,11
2520.476,11
2520.591,10
2520.705,9
2520.819,7
2520.934,8
2521.048,7
2521.163,8
2521.277,10
2521.391,13
2521.506,13
2521.62,10
2521.735,10
2521.849,10
2521.964,9
2522.078,10
2522.192,10
2522.307,6
2522.421,10
2522.536,11
2522.65,10
2522.765,12
2522.879,9
2522.993,7
2523.108,8
2523.222,8
2523.337,9
2523.451,11
2523.566,11
2523.68,12
2523.795,11
2523.909,11
2524.023,13
2524.138,13
2524.252,14
2524.367,15
2524.481,11
2524.596,9
2524.71,9
2524.825,8
2524.939,9
2525.054,9
2525.168,10
2525.283,13
2525.397,13
2525.512,12
2525.626,10
2525.741,8
2525.855,10
2525.97,14
2526.084,15
2526.199,15
2526.313,15
2526.428,12
2526.542,9
2526.657,7
2526.771,8
2526.886,7
2527,9
2527.115,9
2527.229,7
2527.344,5
2527.459,4
2527.573,6
2527.688,4
2527.802,8
2527.917,8
2528.031,9
2528.146,12
2528.26,11
2528.375,12
2528.49,12
2528.604,13
2528.719,16
2528.833,16
2528.948,15
2529.062,14
2529.177,9
2529.292,8
2529.406,7
2529.521,6
2529.635,7
2529.75,8
2529.865,8
2529.979,7
2530.094,8
2530.208,8
2530.323,8
2530.438,7
2530.552,7
2530.667,8
2530.781,12
2530.896,16
2531.011,18
2531.125,18
2531.24,16
2531.355,13
2531.469,12
2531.584,10
2531.699,7
2531.813,9
2531.928,9
2532.042,12
2532.157,16
2532.272,14
2532.386,12
2532.501,12
2532.616,10
2532.73,11
2532.845,13
2532.96,15
2533.074,17
2533.189,18
2533.304,17
2533.418,12
2533.533,9
2533.648,9
2533.763,7
2533.877,6
2533.992,7
2534.107,9
2534.221,12
2534.336,15
2534.451,14
2534.565,11
2534.68,14
2534.795,14
2534.91,17
2535.024,16
2535.139,17
2535.254,16
2535.368,13
2535.483,14
2535.598,9
2535.713,8
2535.827,9
2535.942,10
2536.057,9
2536.172,10
2536.286,10
2536.401,9
2536.516,10
2536.631,9
2536.745,9
2536.86,11
2536.975,10
2537.09,15
2537.204,13
2537.319,11
2537.434,12
2537.549,7
2537.664,8
2537.778,9
2537.893,12
2538.008,14
2538.123,15
2538.237,14
2538.352,8
2538.467,8
2538.582,8
2538.697,10
2538.811,13
2538.926,17
2539.041,20
2539.156,20
2539.271,19
2539.386,16
2539.5,11
2539.615,9
2539.73,9
2539.845,9
2539.96,10
2540.075,9
2540.189,7
2540.304,5
2540.419,5
2540.534,6
2540.649,11
2540.764,13
2540.878,15
2540.993,15
2541.108,12
2541.223,13
2541.338,12
2541.453,14
2541.568,14
2541.682,9
2541.797,6
2541.912,8
2542.027,10
2542.142,14
2542.257,18
2542.372,14
2542.487,12
2542.602,12
2542.716,10
2542.831,12
2542.946,12
2543.061,10
2543.176,11
2543.291,10
2543.406,11
2543.521,10
2543.636,9
2543.751,9
2543.866,7
2543.981,8
2544.095,7
2544.21,9
2544.325,11
2544.44,11
2544.555,14
2544.67,12
2544.785,11
2544.9,11
2545.015,9
2545.13,9
2545.245,7
2545.36,8
2545.475,7
2545.59,9
2545.705,13
2545.82,11
2545.935,14
2546.05,12
2546.165,10
2546.28,11
2546.395,8
2546.51,9
2546.625,11
2546.74,13
2546.855,14
2546.97,12
2547.085,13
2547.2,12
2547.315,11
2547.43,10
2547.545,7
2547.66,6
2547.775,9
2547.89,9
2548.005,10
2548.12,11
2548.235,9
2548.35,11
2548.465,12
2548.58,9
2548.695,11
2548.81,10
2548.925,8
2549.04,11
2549.155,9
2549.27,7
2549.385,7
2549.5,4
2549.615,5
2549.73,6
2549.845,5
2549.96,5
2550.075,5
2550.19,6
2550.306,9
2550.421,11
2550.536,11
2550.651,10
2550.766,13
2550.881,19
2550.996,17
2551.111,21
2551.226,18
2551.341,17
2551.456,17
2551.572,15
2551.687,17
2551.802,14
2551.917,17
2552.032,15
2552.147,11
2552.262,7
2552.377,5
2552.492,9
2552.608,8
2552.723,10
2552.838,13
2552.953,10
2553.068,12
2553.183,10
2553.298,7
2553.414,7
2553.529,7
2553.644,15
2553.759,14
2553.874,15
2553.989,14
2554.104,9
2554.22,10
2554.335,8
2554.45,8
2554.565,9
2554.68,9
2554.795,9
2554.911,12
2555.026,13
2555.141,13
2555.256,14
2555.371,11
2555.487,9
2555.602,9
2555.717,8
2555.832,8
2555.947,9
2556.063,8
2556.178,8
2556.293,10
2556.408,8
2556.523,10
2556.639,11
2556.754,10
2556.869,11
2556.984,11
2557.1,13
2557.215,15
2557.33,13
2557.445,12
2557.561,11
2557.676,9
2557.791,15
2557.906,15
2558.021,14
2558.137,15
2558.252,10
2558.367,10
2558.483,11
2558.598,10
2558.713,12
2558.828,13
2558.944,12
2559.059,13
2559.174,13
2559.289,13
2559.405,13
2559.52,11
2559.635,9
2559.751,11
2559.866,11
2559.981,13
2560.096,14
2560.212,12
2560.327,16
2560.442,13
2560.558,17
2560.673,17
2560.788,13
2560.904,13
2561.019,8
2561.134,7
2561.25,6
2561.365,10
2561.48,9
2561.596,8
2561.711,10
2561.826,12
2561.942,14
2562.057,15
2562.172,13
2562.288,10
2562.403,12
2562.518,12
2562.634,14
2562.749,12
2562.864,9
2562.98,10
2563.095,10
2563.211,9
2563.326,10
2563.441,9
2563.557,10
2563.672,12
2563.787,10
2563.903,10
2564.018,6
2564.134,4
2564.249,5
2564.364,5
2564.48,7
2564.595,8
2564.711,11
2564.826,10
2564.941,10
2565.057,9
2565.172,7
2565.288,9
2565.403,13
2565.519,16
2565.634,13
2565.749,12
2565.865,8
2565.98,11
2566.096,13
2566.211,12
2566.327,15
2566.442,14
2566.557,14
2566.673,18
2566.788,19
2566.904,19
2567.019,22
2567.135,21
2567.25,20
2567.366,17
2567.481,15
2567.597,13
2567.712,11
2567.828,11
2567.943,9
2568.059,8
2568.174,11
2568.29,11
2568.405,13
2568.52,13
2568.636,10
2568.751,10
2568.867,9
2568.982,9
2569.098,6
2569.214,4
2569.329,4
2569.445,6
2569.56,9
2569.676,9
2569.791,10
2569.907,7
2570.022,5
2570.138,6
2570.253,5
2570.369,7
2570.484,9
2570.6,12
2570.715,15
2570.831,15
2570.946,14
2571.062,11
2571.178,9
2571.293,8
2571.409,7
2571.524,8
2571.64,11
2571.755,11
2571.871,12
2571.987,12
2572.102,8
2572.218,9
2572.333,9
2572.449,7
2572.564,7
2572.68,10
2572.796,13
2572.911,17
2573.027,16
2573.142,12
2573.258,8
2573.374,9
2573.489,13
2573.605,16
2573.72,15
2573.836,13
2573.952,9
2574.067,7
2574.183,9
2574.299,9
2574.414,11
2574.53,10
2574.645,9
2574.761,6
2574.877,5
2574.992,4
2575.108,6
2575.224,6
2575.339,8
2575.455,10
2575.571,11
2575.686,13
2575.802,9
2575.918,10
2576.033,6
2576.149,6
2576.265,6
2576.38,4
2576.496,5
2576.612,4
2576.727,6
2576.843,6
2576.959,9
2577.074,9
2577.19,8
2577.306,10
2577.422,7
2577.537,10
2577.653,10
2577.769,8
2577.884,10
2578,6
2578.116,11
2578.231,10
2578.347,9
2578.463,10
2578.579,7
2578.694,8
2578.81,6
2578.926,4
2579.042,5
2579.157,5
2579.273,8
2579.389,10
2579.505,8
2579.62,12
2579.736,12
2579.852,12
2579.968,11
2580.083,7
2580.199,4
2580.315,5
2580.431,7
2580.546,8
2580.662,8
2580.778,8
2580.894,5
2581.009,6
2581.125,9
2581.241,8
2581.357,13
2581.473,12
2581.588,11
2581.704,10
2581.82,6
2581.936,8
2582.052,8
2582.167,7
2582.283,7
2582.399,6
2582.515,5
2582.631,9
2582.747,10
2582.862,10
2582.978,11
2583.094,10
2583.21,12
2583.326,11
2583.442,11
2583.557,10
2583.673,9
2583.789,8
2583.905,9
2584.021,10
2584.137,9
2584.252,8
2584.368,8
2584.484,5
2584.6,4
2584.716,6
2584.832,5
2584.948,7
2585.064,11
2585.179,12
2585.295,12
2585.411,13
2585.527,12
2585.643,11
2585.759,9
2585.875,12
2585.991,13
2586.107,14
2586.222,16
2586.338,14
2586.454,13
2586.57,15
2586.686,16
2586.802,16
2586.918,15
2587.034,10
2587.15,10
2587.266,7
2587.382,5
2587.497,10
2587.613,12
2587.729,13
2587.845,13
2587.961,11
2588.077,8
2588.193,9
2588.309,11
2588.425,11
2588.541,10
2588.657,11
2588.773,10
2588.889,10
2589.005,10
2589.121,12
2589.237,11
2589.353,13
2589.469,17
2589.585,12
2589.701,16
2589.817,11
2589.933,10
2590.049,14
2590.165,11
2590.281,14
2590.397,12
2590.513,13
2590.629,13
2590.745,11
2590.861,9
2590.977,7
2591.093,8
2591.209,9
2591.325,12
2591.441,10
2591.557,10
2591.673,8
2591.789,9
2591.905,9
2592.021,9
2592.137,10
2592.253,12
2592.369,11
2592.485,13
2592.601,12
2592.717,7
2592.833,8
2592.949,4
2593.065,5
2593.181,8
2593.297,10
2593.413,13
2593.53,17
2593.646,14
2593.762,13
2593.878,12
2593.994,8
2594.11,10
2594.226,10
2594.342,10
2594.458,12
2594.574,13
2594.69,12
2594.806,14
2594.923,13
2595.039,11
2595.155,13
2595.271,11
2595.387,11
2595.503,11
2595.619,10
2595.735,11
2595.852,12
2595.968,10
2596.084,12
2596.2,10
2596.316,7
2596.432,8
2596.548,7
2596.664,7
2596.781,9
2596.897,11
2597.013,10
2597.129,10
2597.245,10
2597.361,9
2597.478,11
2597.594,12
2597.71,14
2597.826,12
2597.942,8
2598.058,9
2598.175,8
2598.291,11
2598.407,12
2598.523,11
2598.639,12
2598.755,10
2598.872,10
2598.988,8
2599.104,7
2599.22,9
2599.336,11
2599.453,13
2599.569,11
2599.685,10
2599.801,6
2599.917,8
2600.034,9
2600.15,10
2600.266,13
2600.382,10
2600.499,12
2600.615,10
2600.731,9
2600.847,7
2600.964,4
2601.08,4
2601.196,4
2601.312,6
2601.429,10
2601.545,12
2601.661,12
2601.777,13
2601.894,10
2602.01,9
2602.126,10
2602.242,10
2602.359,10
2602.475,11
2602.591,9
2602.707,11
2602.824,10
2602.94,10
2603.056,10
2603.173,7
2603.289,7
2603.405,5
2603.521,7
2603.638,9
2603.754,10
2603.87,12
2603.987,13
2604.103,10
2604.219,11
2604.336,11
2604.452,12
2604.568,11
2604.685,11
2604.801,9
2604.917,5
2605.034,6
2605.15,9
2605.266,10
2605.383,12
2605.499,13
2605.615,10
2605.732,12
2605.848,14
2605.964,15
2606.081,14
2606.197,15
2606.313,14
2606.43,14
2606.546,16
2606.663,14
2606.779,12
2606.895,13
2607.012,13
2607.128,14
2607.244,13
2607.361,9
2607.477,6
2607.594,3
2607.71,3
2607.826,5
2607.943,4
2608.059,7
2608.176,8
2608.292,6
2608.408,9
2608.525,8
2608.641,8
2608.758,9
2608.874,9
2608.991,7
2609.107,8
2609.223,7
2609.34,4
2609.456,4
2609.573,7
2609.689,10
2609.806,10
2609.922,10
2610.038,7
2610.155,6
2610.271,7
2610.388,7
2610.504,11
2610.621,11
2610.737,12
2610.854,12
2610.97,9
2611.087,8
2611.203,7
2611.32,9
2611.436,7
2611.553,6
2611.669,6
2611.785,6
2611.902,6
2612.018,10
2612.135,12
2612.251,11
2612.368,12
2612.484,10
2612.601,7
2612.717,7
2612.834,6
2612.951,4
2613.067,5
2613.184,7
2613.3,6
2613.417,13
2613.533,16
2613.65,16
2613.766,17
2613.883,13
2613.999,11
2614.116,12
2614.232,13
2614.349,14
2614.465,14
2614.582,11
2614.699,16
2614.815,15
2614.932,13
2615.048,14
2615.165,11
2615.281,9
2615.398,12
2615.515,9
2615.631,6
2615.748,7
2615.864,5
2615.981,10
2616.097,9
2616.214,9
2616.331,8
2616.447,7
2616.564,10
2616.68,12
2616.797,13
2616.914,10
2617.03,9
2617.147,7
2617.263,6
2617.38,6
2617.497,7
2617.613,7
2617.73,7
2617.847,10
2617.963,8
2618.08,8
2618.196,9
2618.313,8
2618.43,7
2618.546,7
2618.663,7
2618.78,8
2618.896,9
2619.013,8
2619.13,9
2619.246,10
2619.363,13
2619.48,14
2619.596,13
2619.713,9
2619.83,10
2619.946,9
2620.063,12
2620.18,14
2620.296,8
2620.413,11
2620.53,11
2620.646,9
2620.763,10
2620.88,11
2620.996,9
2621.113,11
2621.23,15
2621.347,15
2621.463,14
2621.58,14
2621.697,14
2621.813,14
2621.93,14
2622.047,13
2622.164,16
2622.28,12
2622.397,16
2622.514,18
2622.631,12
2622.747,12
2622.864,8
2622.981,8
2623.097,7
2623.214,8
2623.331,7
2623.448,5
2623.564,6
2623.681,7
2623.798,7
2623.915,7
2624.032,10
2624.148,11
2624.265,11
2624.382,11
2624.499,10
2624.615,7
2624.732,11
2624.849,11
2624.966,10
2625.083,13
2625.199,10
2625.316,9
2625.433,7
2625.55,6
2625.667,8
2625.783,8
2625.9,12
2626.017,9
2626.134,9
2626.251,10
2626.367,9
2626.484,13
2626.601,11
2626.718,12
2626.835,12
2626.952,8
2627.068,8
2627.185,9
2627.302,7
2627.419,14
2627.536,17
2627.653,13
2627.77,12
2627.886,8
2628.003,4
2628.12,6
2628.237,8
2628.354,7
2628.471,10
2628.588,9
2628.704,11
2628.821,12
2628.938,11
2629.055,15
2629.172,13
2629.289,15
2629.406,15
2629.523,11
2629.64,11
2629.756,8
2629.873,9
2629.99,8
2630.107,8
2630.224,11
2630.341,11
2630.458,16
2630.575,14
2630.692,11
2630.809,10
2630.926,7
2631.042,11
2631.159,14
2631.276,14
2631.393,15
2631.51,14
2631.627,13
2631.744,14
2631.861,13
2631.978,11
2632.095,10
2632.212,12
2632.329,7
2632.446,9
2632.563,8
2632.68,5
2632.797,7
2632.914,8
2633.031,11
2633.148,11
2633.265,13
2633.382,11
2633.499,7
2633.616,8
2633.733,8
2633.85,12
2633.967,15
2634.084,16
2634.201,17
2634.318,15
2634.435,16
2634.552,13
2634.669,8
2634.786,7
2634.903,7
2635.02,9
2635.137,11
2635.254,11
2635.371,10
2635.488,10
2635.605,8
2635.722,9
2635.839,7
2635.956,7
2636.073,10
2636.19,11
2636.307,14
2636.424,13
2636.541,16
2636.658,11
2636.775,9
2636.892,8
2637.009,6
2637.126,9
2637.243,10
2637.361,12
2637.478,11
2637.595,13
2637.712,10
2637.829,11
2637.946,11
2638.063,10
2638.18,11
2638.297,8
2638.414,11
2638.531,11
2638.649,14
2638.766,17
2638.883,14
2639,14
2639.117,13
2639.234,13
2639.351,12
2639.468,10
2639.585,11
2639.703,11
2639.82,12
2639.937,12
2640.054,12
2640.171,11
2640.288,10
2640.405,11
2640.522,7
2640.64,7
2640.757,11
2640.874,12
2640.991,20
2641.108,20
2641.225,18
2641.343,21
2641.46,20
2641.577,19
2641.694,19
2641.811,16
2641.928,12
2642.046,11
2642.163,9
2642.28,7
2642.397,4
2642.514,7
2642.632,7
2642.749,6
2642.866,7
2642.983,4
2643.1,8
2643.218,10
2643.335,12
2643.452,16
2643.569,12
2643.686,11
2643.804,11
2643.921,8
2644.038,6
2644.155,9
2644.273,10
2644.39,14
2644.507,15
2644.624,12
2644.741,12
2644.859,8
2644.976,10
2645.093,11
2645.21,9
2645.328,11
2645.445,12
2645.562,11
2645.679,11
2645.797,9
2645.914,9
2646.031,9
2646.149,13
2646.266,17
2646.383,14
2646.5,16
2646.618,12
2646.735,10
2646.852,10
2646.97,7
2647.087,7
2647.204,5
2647.321,6
2647.439,8
2647.556,8
2647.673,9
2647.791,11
2647.908,11
2648.025,11
2648.143,13
2648.26,10
2648.377,10
2648.495,12
2648.612,10
2648.729,10
2648.847,9
2648.964,9
2649.081,8
2649.199,9
2649.316,11
2649.433,10
2649.551,13
2649.668,13
2649.785,11
2649.903,9
2650.02,6
2650.137,10
2650.255,13
2650.372,15
2650.489,19
2650.607,18
2650.724,14
2650.842,14
2650.959,10
2651.076,6
2651.194,8
2651.311,11
2651.429,12
2651.546,12
2651.663,12
2651.781,11
2651.898,12
2652.016,13
2652.133,10
2652.25,7
2652.368,6
2652.485,7
2652.603,9
2652.72,11
2652.837,11
2652.955,12
2653.072,13
2653.19,11
2653.307,13
2653.425,11
2653.542,14
2653.659,12
2653.777,9
2653.894,8
2654.012,5
2654.129,6
2654.247,7
2654.364,8
2654.482,6
2654.599,9
2654.717,12
2654.834,12
2654.952,14
2655.069,13
2655.186,14
2655.304,15
2655.421,13
2655.539,13
2655.656,8
2655.774,6
2655.891,11
2656.009,11
2656.126,10
2656.244,11
2656.361,10
2656.479,10
2656.596,14
2656.714,12
2656.831,11
2656.949,13
2657.066,11
2657.184,14
2657.302,12
2657.419,12
2657.537,16
2657.654,16
2657.772,16
2657.889,14
2658.007,9
2658.124,4
2658.242,10
2658.359,13
2658.477,14
2658.594,20
2658.712,18
2658.83,13
2658.947,13
2659.065,9
2659.182,8
2659.3,12
2659.417,11
2659.535,14
2659.653,13
2659.77,13
2659.888,15
2660.005,13
2660.123,12
2660.241,9
2660.358,11
2660.476,9
2660.593,12
2660.711,13
2660.829,10
2660.946,9
2661.064,8
2661.181,8
2661.299,9
2661.417,9
2661.534,10
2661.652,10
2661.769,10
2661.887,13
2662.005,12
2662.122,14
2662.24,16
2662.358,17
2662.475,17
2662.593,16
2662.711,14
2662.828,11
2662.946,8
2663.064,6
2663.181,6
2663.299,7
2663.417,12
2663.534,13
2663.652,15
2663.77,12
2663.887,7
2664.005,6
2664.123,5
2664.24,10
2664.358,11
2664.476,11
2664.593,12
2664.711,13
2664.829,15
2664.946,17
2665.064,18
2665.182,19
2665.3,23
2665.417,21
2665.535,17
2665.653,11
2665.77,11
2665.888,12
2666.006,15
2666.124,16
2666.241,14
2666.359,14
2666.477,10
2666.594,9
2666.712,4
2666.83,5
2666.948,7
2667.065,11
2667.183,13
2667.301,12
2667.419,13
2667.536,12
2667.654,11
2667.772,10
2667.89,9
2668.007,7
2668.125,10
2668.243,9
2668.361,8
2668.479,7
2668.596,5
2668.714,7
2668.832,8
2668.95,7
2669.068,5
2669.185,4
2669.303,4
2669.421,7
2669.539,8
2669.657,12
2669.774,12
2669.892,10
2670.01,10
2670.128,7
2670.246,7
2670.363,13
2670.481,16
2670.599,16
2670.717,17
2670.835,12
2670.953,9
2671.07,11
2671.188,8
2671.306,8
2671.424,10
2671.542,9
2671.66,13
2671.777,16
2671.895,13
2672.013,13
2672.131,9
2672.249,7
2672.367,11
2672.485,12
2672.603,13
2672.72,12
2672.838,10
2672.956,7
2673.074,7
2673.192,10
2673.31,10
2673.428,11
2673.546,10
2673.664,10
2673.781,12
2673.899,13
2674.017,16
2674.135,14
2674.253,11
2674.371,12
2674.489,14
2674.607,18
2674.725,19
2674.843,17
2674.961,15
2675.078,8
2675.196,10
2675.314,12
2675.432,11
2675.55,13
2675.668,12
2675.786,9
2675.904,8
2676.022,7
2676.14,3
2676.258,3
2676.376,4
2676.494,6
2676.612,9
2676.73,13
2676.848,13
2676.966,11
2677.084,12
2677.202,11
2677.32,11
2677.438,13
2677.556,11
2677.674,10
2677.792,11
2677.91,10
2678.028,11
2678.146,11
2678.264,10
2678.382,9
2678.5,9
2678.618,7
2678.736,8
2678.854,11
2678.972,9
2679.09,10
2679.208,11
2679.326,10
2679.444,13
2679.562,12
2679.68,10
2679.798,8
2679.916,6
2680.034,8
2680.152,8
2680.27,9
2680.388,12
2680.506,15
2680.624,13
2680.742,11
2680.86,12
2680.978,8
2681.096,10
2681.214,11
2681.332,7
2681.451,9
2681.569,10
2681.687,13
2681.805,13
2681.923,10
2682.041,10
2682.159,6
2682.277,8
2682.395,10
2682.513,9
2682.631,11
2682.75,11
2682.868,12
2682.986,10
2683.104,10
2683.222,7
2683.34,9
2683.458,13
2683.576,11
2683.694,14
2683.813,14
2683.931,14
2684.049,17
2684.167,17
2684.285,13
2684.403,10
2684.521,14
2684.64,11
2684.758,12
2684.876,15
2684.994,13
2685.112,14
2685.23,12
2685.348,9
2685.467,9
2685.585,10
2685.703,12
2685.821,17
2685.939,12
2686.057,13
2686.176,13
2686.294,13
2686.412,17
2686.53,17
2686.648,15
2686.767,13
2686.885,13
2687.003,12
2687.121,14
2687.239,11
2687.358,8
2687.476,7
2687.594,7
2687.712,8
2687.83,8
2687.949,10
2688.067,8
2688.185,10
2688.303,10
2688.422,8
2688.54,12
2688.658,13
2688.776,16
2688.894,17
2689.013,14
2689.131,12
2689.249,8
2689.367,8
2689.486,9
2689.604,9
2689.722,9
2689.841,8
2689.959,11
2690.077,11
2690.195,11
2690.314,12
2690.432,13
2690.55,13
2690.668,10
2690.787,11
2690.905,8
2691.023,8
2691.142,9
2691.26,8
2691.378,6
2691.496,7
2691.615,9
2691.733,10
2691.851,13
2691.97,12
2692.088,14
2692.206,14
2692.325,12
2692.443,13
2692.561,14
2692.68,14
2692.798,15
2692.916,16
2693.035,11
2693.153,11
2693.271,9
2693.39,7
2693.508,6
2693.626,7
2693.745,10
2693.863,9
2693.981,13
2694.1,12
2694.218,13
2694.336,14
2694.455,11
2694.573,13
2694.692,12
2694.81,12
2694.928,16
2695.047,14
2695.165,12
2695.283,12
2695.402,10
2695.52,11
2695.639,11
2695.757,15
2695.875,16
2695.994,15
2696.112,14
2696.231,10
2696.349,7
2696.467,11
2696.586,12
2696.704,14
2696.823,15
2696.941,9
2697.06,10
2697.178,10
2697.296,12
2697.415,14
2697.533,14
2697.652,14
2697.77,12
2697.889,13
2698.007,14
2698.125,13
2698.244,11
2698.362,10
2698.481,9
2698.599,6
2698.718,10
2698.836,12
2698.955,12
2699.073,16
2699.192,15
2699.31,13
2699.429,12
2699.547,9
2699.666,10
2699.784,10
2699.903,12
2700.021,14
2700.14,12
2700.258,12
2700.377,10
2700.495,10
2700.614,10
2700.732,8
2700.851,9
2700.969,7
2701.088,6
2701.206,9
2701.325,7
2701.443,8
2701.562,8
2701.68,10
2701.799,10
2701.917,11
2702.036,15
2702.154,10
2702.273,10
2702.391,8
2702.51,4
2702.629,7
2702.747,8
2702.866,9
2702.984,11
2703.103,14
2703.221,13
2703.34,11
2703.458,14
2703.577,8
2703.696,11
2703.814,14
2703.933,11
2704.051,15
2704.17,16
2704.288,15
2704.407,13
2704.526,11
2704.644,13
2704.763,13
2704.881,17
2705,15
2705.119,12
2705.237,10
2705.356,5
2705.475,7
2705.593,6
2705.712,10
2705.83,14
2705.949,14
2706.068,13
2706.186,14
2706.305,12
2706.424,13
2706.542,13
2706.661,9
2706.779,13
2706.898,10
2707.017,8
2707.135,9
2707.254,4
2707.373,4
2707.491,6
2707.61,4
2707.729,3
2707.847,6
2707.966,11
2708.085,12
2708.203,15
2708.322,13
2708.441,9
2708.559,10
2708.678,9
2708.797,11
2708.915,11
2709.034,13
2709.153,16
2709.272,13
2709.39,12
2709.509,12
2709.628,8
2709.746,9
2709.865,9
2709.984,6
2710.103,7
2710.221,8
2710.34,10
2710.459,11
2710.577,11
2710.696,13
2710.815,13
2710.934,13
2711.052,12
2711.171,8
2711.29,5
2711.409,6
2711.527,7
2711.646,8
2711.765,9
2711.884,10
2712.002,12
2712.121,11
2712.24,13
2712.359,10
2712.477,8
2712.596,13
2712.715,11
2712.834,11
2712.953,13
2713.071,12
2713.19,13
2713.309,14
2713.428,14
2713.547,11
2713.665,11
2713.784,9
2713.903,9
2714.022,11
2714.141,9
2714.259,12
2714.378,12
2714.497,10
2714.616,10
2714.735,8
2714.853,5
2714.972,7
2715.091,11
2715.21,10
2715.329,10
2715.448,11
2715.566,8
2715.685,9
2715.804,8
2715.923,5
2716.042,6
2716.161,9
2716.28,11
2716.398,12
2716.517,13
2716.636,11
2716.755,13
2716.874,11
2716.993,9
2717.112,8
2717.231,5
2717.349,7
2717.468,11
2717.587,10
2717.706,11
2717.825,9
2717.944,7
2718.063,9
2718.182,7
2718.301,11
2718.419,10
2718.538,10
2718.657,13
2718.776,10
2718.895,9
2719.014,10
2719.133,9
2719.252,9
2719.371,10
2719.49,7
2719.609,8
2719.728,9
2719.847,9
2719.965,11
2720.084,10
2720.203,7
2720.322,6
2720.441,8
2720.56,7
2720.679,9
2720.798,8
2720.917,4
2721.036,5
2721.155,5
2721.274,5
2721.393,8
2721.512,7
2721.631,10
2721.75,10
2721.869,9
2721.988,10
2722.107,10
2722.226,10
2722.345,9
2722.464,9
2722.583,8
2722.702,7
2722.821,7
2722.94,6
2723.059,6
2723.178,9
2723.297,8
2723.416,8
2723.535,5
2723.654,5
2723.773,8
2723.892,8
2724.011,11
2724.13,11
2724.249,9
2724.368,10
2724.487,8
2724.606,5
2724.725,7
2724.844,7
2724.963,6
2725.082,9
2725.202,7
2725.321,7
2725.44,10
2725.559,9
2725.678,11
2725.797,10
2725.916,10
2726.035,11
2726.154,14
2726.273,18
2726.392,19
2726.511,19
2726.63,15
2726.749,12
2726.869,12
2726.988,12
2727.107,11
2727.226,11
2727.345,8
2727.464,8
2727.583,9
2727.702,8
2727.821,10
2727.941,10
2728.06,10
2728.179,11
2728.298,8
2728.417,8
2728.536,11
2728.655,11
2728.774,12
2728.894,10
2729.013,7
2729.132,5
2729.251,7
2729.37,6
2729.489,6
2729.609,8
2729.728,5
2729.847,6
2729.966,7
2730.085,7
2730.204,8
2730.324,11
2730.443,11
2730.562,13
2730.681,14
2730.8,15
2730.919,14
2731.039,12
2731.158,14
2731.277,13
2731.396,11
2731.515,12
2731.635,9
2731.754,7
2731.873,9
2731.992,7
2732.111,7
2732.231,5
2732.35,5
2732.469,5
2732.588,6
2732.708,8
2732.827,8
2732.946,8
2733.065,8
2733.184,8
2733.304,11
2733.423,11
2733.542,14
2733.661,18
2733.781,15
2733.9,16
2734.019,12
2734.138,8
2734.258,9
2734.377,11
2734.496,11
2734.615,10
2734.735,9
2734.854,8
2734.973,12
2735.093,14
2735.212,14
2735.331,11
2735.45,7
2735.57,4
2735.689,5
2735.808,7
2735.928,8
2736.047,9
2736.166,10
2736.286,10
2736.405,11
2736.524,13
2736.643,10
2736.763,10
2736.882,8
2737.001,7
2737.121,7
2737.24,8
2737.359,10
2737.479,12
2737.598,14
2737.717,13
2737.837,11
2737.956,8
2738.075,8
2738.195,6
2738.314,11
2738.434,14
2738.553,13
2738.672,17
2738.792,13
2738.911,10
2739.03,10
2739.15,9
2739.269,9
2739.388,11
2739.508,13
2739.627,12
2739.747,11
2739.866,13
2739.985,10
2740.105,9
2740.224,10
2740.344,9
2740.463,11
2740.582,13
2740.702,14
2740.821,14
2740.941,12
2741.06,10
2741.179,7
2741.299,7
2741.418,7
2741.538,9
2741.657,10
2741.777,9
2741.896,11
2742.015,11
2742.135,9
2742.254,9
2742.374,7
2742.493,7
2742.613,12
2742.732,13
2742.851,15
2742.971,13
2743.09,13
2743.21,10
2743.329,10
2743.449,10
2743.568,9
2743.688,8
2743.807,9
2743.927,11
2744.046,8
2744.166,8
2744.285,6
2744.405,8
2744.524,9
2744.644,13
2744.763,12
2744.883,10
2745.002,11
2745.122,9
2745.241,10
2745.361,7
2745.48,6
2745.6,9
2745.719,11
2745.839,13
2745.958,15
2746.078,12
2746.197,10
2746.317,11
2746.436,9
2746.556,7
2746.675,9
2746.795,8
2746.914,10
2747.034,10
2747.154,7
2747.273,8
2747.393,6
2747.512,8
2747.632,10
2747.751,10
2747.871,11
2747.99,12
2748.11,11
2748.23,8
2748.349,8
2748.469,8
2748.588,8
2748.708,11
2748.828,12
2748.947,11
2749.067,13
2749.186,11
2749.306,7
2749.426,6
2749.545,3
2749.665,3
2749.784,7
2749.904,12
2750.024,15
2750.143,16
2750.263,14
2750.382,10
2750.502,9
2750.622,10
2750.741,12
2750.861,13
2750.981,14
2751.1,16
2751.22,17
2751.339,16
2751.459,14
2751.579,13
2751.698,11
2751.818,10
2751.938,10
2752.057,9
2752.177,7
2752.297,8
2752.416,8
2752.536,8
2752.656,9
2752.775,10
2752.895,10
2753.015,10
2753.134,13
2753.254,12
2753.374,12
2753.493,13
2753.613,11
2753.733,10
2753.853,8
2753.972,5
2754.092,6
2754.212,6
2754.331,9
2754.451,11
2754.571,8
2754.691,11
2754.81,9
2754.93,11
2755.05,11
2755.169,13
2755.289,15
2755.409,11
2755.529,14
2755.648,9
2755.768,6
2755.888,10
2756.008,11
2756.127,10
2756.247,13
2756.367,9
2756.487,7
2756.606,9
2756.726,7
2756.846,8
2756.966,8
2757.085,8
2757.205,12
2757.325,12
2757.445,10
2757.565,8
2757.684,6
2757.804,5
2757.924,7
2758.044,15
2758.164,14
2758.283,13
2758.403,11
2758.523,7
2758.643,8
2758.763,9
2758.882,11
2759.002,9
2759.122,11
2759.242,13
2759.362,11
2759.481,12
2759.601,8
2759.721,7
2759.841,7
2759.961,6
2760.081,8
2760.2,7
2760.32,11
2760.44,15
2760.56,12
2760.68,13
2760.8,13
2760.92,9
2761.039,13
2761.159,14
2761.279,12
2761.399,14
2761.519,12
2761.639,11
2761.759,11
2761.878,8
2761.998,10
2762.118,12
2762.238,11
2762.358,15
2762.478,12
2762.598,9
2762.718,11
2762.838,10
2762.958,11
2763.077,13
2763.197,13
2763.317,11
2763.437,14
2763.557,12
2763.677,11
2763.797,13
2763.917,8
2764.037,10
2764.157,9
2764.277,5
2764.397,8
2764.516,6
2764.636,5
2764.756,6
2764.876,4
2764.996,4
2765.116,5
2765.236,8
2765.356,8
2765.476,7
2765.596,9
2765.716,5
2765.836,7
2765.956,8
2766.076,6
2766.196,9
2766.316,8
2766.436,8
2766.556,7
2766.676,8
2766.796,9
2766.916,10
2767.036,11
2767.156,8
2767.276,6
2767.396,4
2767.516,6
2767.636,10
2767.756,11
2767.876,11
2767.996,10
2768.116,8
2768.236,7
2768.356,7
2768.476,11
2768.596,14
2768.716,17
2768.836,20
2768.956,17
2769.076,14
2769.196,13
2769.316,13
2769.436,12
2769.556,15
2769.676,15
2769.796,9
2769.916,11
2770.036,7
2770.157,7
2770.277,9
2770.397,7
2770.517,7
2770.637,9
2770.757,9
2770.877,7
2770.997,8
2771.117,5
2771.237,5
2771.357,10
2771.477,11
2771.597,12
2771.718,11
2771.838,8
2771.958,6
2772.078,7
2772.198,10
2772.318,12
2772.438,17
2772.558,14
2772.678,11
2772.799,12
2772.919,12
2773.039,12
2773.159,12
2773.279,11
2773.399,10
2773.519,14
2773.639,16
2773.76,13
2773.88,11
2774,9
2774.12,10
2774.24,11
2774.36,11
2774.481,11
2774.601,10
2774.721,11
2774.841,10
2774.961,8
2775.081,7
2775.202,6
2775.322,11
2775.442,14
2775.562,15
2775.682,18
2775.802,18
2775.923,16
2776.043,14
2776.163,12
2776.283,8
2776.403,10
2776.524,12
2776.644,12
2776.764,13
2776.884,11
2777.004,9
2777.125,10
2777.245,7
2777.365,7
2777.485,10
2777.606,8
2777.726,7
2777.846,9
2777.966,7
2778.087,7
2778.207,10
2778.327,7
2778.447,8
2778.568,7
2778.688,6
2778.808,8
2778.928,8
2779.049,7
2779.169,6
2779.289,5
2779.409,6
2779.53,8
2779.65,9
2779.77,12
2779.89,12
2780.011,13
2780.131,15
2780.251,12
2780.372,10
2780.492,10
2780.612,9
2780.732,9
2780.853,7
2780.973,8
2781.093,8
2781.214,12
2781.334,16
2781.454,14
2781.575,14
2781.695,18
2781.815,16
2781.936,16
2782.056,15
2782.176,12
2782.297,13
2782.417,12
2782.537,10
2782.658,9
2782.778,6
2782.898,6
2783.019,9
2783.139,8
2783.259,9
2783.38,10
2783.5,11
2783.62,12
2783.741,11
2783.861,10
2783.981,8
2784.102,11
2784.222,15
2784.343,15
2784.463,15
2784.583,13
2784.704,15
2784.824,16
2784.945,15
2785.065,18
2785.185,12
2785.306,12
2785.426,13
2785.547,8
2785.667,9
2785.787,12
2785.908,10
2786.028,14
2786.149,15
2786.269,12
2786.389,12
2786.51,9
2786.63,10
2786.751,12
2786.871,14
2786.992,17
2787.112,16
2787.232,14
2787.353,12
2787.473,7
2787.594,7
2787.714,8
2787.835,7
2787.955,7
2788.076,7
2788.196,8
2788.317,11
2788.437,15
2788.558,15
2788.678,12
2788.798,14
2788.919,14
2789.039,17
2789.16,18
2789.28,15
2789.401,16
2789.521,15
2789.642,15
2789.762,14
2789.883,10
2790.003,9
2790.124,11
2790.244,15
2790.365,16
2790.485,13
2790.606,13
2790.726,11
2790.847,13
2790.968,15
2791.088,14
2791.209,13
2791.329,10
2791.45,8
2791.57,8
2791.691,8
2791.811,14
2791.932,19
2792.052,19
2792.173,19
2792.293,16
2792.414,14
2792.535,12
2792.655,12
2792.776,10
2792.896,10
2793.017,15
2793.137,18
2793.258,20
2793.379,20
2793.499,14
2793.62,11
2793.74,9
2793.861,8
2793.981,13
2794.102,13
2794.223,12
2794.343,13
2794.464,9
2794.584,7
2794.705,9
2794.826,9
2794.946,13
2795.067,14
2795.188,11
2795.308,10
2795.429,9
2795.549,12
2795.67,15
2795.791,13
2795.911,11
2796.032,8
2796.153,6
2796.273,10
2796.394,10
2796.515,11
2796.635,13
2796.756,11
2796.876,13
2796.997,14
2797.118,12
2797.238,12
2797.359,8
2797.48,9
2797.6,10
2797.721,11
2797.842,17
2797.963,14
2798.083,17
2798.204,16
2798.325,14
2798.445,17
2798.566,16
2798.687,14
2798.807,12
2798.928,11
2799.049,8
2799.169,11
2799.29,10
